helm,vina_score,status,detail,docking_mode
"PEPTIDE1{Pr_Gly.Me_dL.F.meF.Me_dL.Ser(tBu).meA}$PEPTIDE1,PEPTIDE1,1:R1-7:R2$$$",-5.12800000,ok,,flexible
"PEPTIDE1{Mono6.A.dL.V.meF.meL.L}$PEPTIDE1,PEPTIDE1,1:R1-7:R2$$$",-6.17200000,ok,,flexible
"PEPTIDE1{Me_dA.Bn_Gly.dL.Me_Phe(3-Cl).G.dL.L}$PEPTIDE1,PEPTIDE1,1:R1-7:R2$$$",-5.80500000,ok,,flexible
"PEPTIDE1{dA.Me_dA.Me_dL.L.Sar.F.meL}$PEPTIDE1,PEPTIDE1,1:R1-7:R2$$$",-5.52400000,ok,,flexible
"PEPTIDE1{Sar.A.P.Me_dL.V.dL.I}$PEPTIDE1,PEPTIDE1,1:R1-7:R2$$$",-6.36000000,ok,,flexible
"PEPTIDE1{Me_Bal.meF.I.meL.T.F.Me_dL}$PEPTIDE1,PEPTIDE1,1:R1-7:R2$$$",-6.34500000,ok,,flexible
"PEPTIDE1{dA.A.Me_dL.meF.T.meL.T}$PEPTIDE1,PEPTIDE1,1:R1-7:R2$$$",-5.62800000,ok,,flexible
"PEPTIDE1{L.Me_dL.meI.F.P.T.meA}$PEPTIDE1,PEPTIDE1,1:R1-7:R2$$$",-6.00000000,ok,,flexible
"PEPTIDE1{dF.A.Ser(tBu).P.F.L.meA}$PEPTIDE1,PEPTIDE1,1:R1-7:R2$$$",-6.21900000,ok,,flexible
"PEPTIDE1{P.meF.dL.L.T.L.Ser(tBu)}$PEPTIDE1,PEPTIDE1,1:R1-7:R2$$$",-5.14200000,ok,,flexible
"PEPTIDE1{Me_dA.I.P.L.dL.Ser(tBu).Me_dL}$PEPTIDE1,PEPTIDE1,1:R1-7:R2$$$",-5.26700000,ok,,flexible
"PEPTIDE1{meA.Me_dL.L.meL.V.Ser(tBu).meV}$PEPTIDE1,PEPTIDE1,1:R1-7:R2$$$",-5.58300000,ok,,flexible
"PEPTIDE1{Me_dA.A.meS.T.meL.meF.dL}$PEPTIDE1,PEPTIDE1,1:R1-7:R2$$$",-6.21700000,ok,,flexible
"PEPTIDE1{A.meL.meF.L.meA.dL.V}$PEPTIDE1,PEPTIDE1,1:R1-7:R2$$$",-6.07000000,ok,,flexible
"PEPTIDE1{A.Me_dL.meL.F.T.Me_dA.V}$PEPTIDE1,PEPTIDE1,1:R1-7:R2$$$",-6.37200000,ok,,flexible
"PEPTIDE1{L.meA.meF.meL.V.dP.Ser(tBu)}$PEPTIDE1,PEPTIDE1,1:R1-7:R2$$$",-5.21400000,ok,,flexible
"PEPTIDE1{dV.meL.F.meA.Me_dL.meF.dP}$PEPTIDE1,PEPTIDE1,1:R1-7:R2$$$",-6.49600000,ok,,flexible
"PEPTIDE1{Me_dA.F.I.meL.G.T.dL}$PEPTIDE1,PEPTIDE1,1:R1-7:R2$$$",-5.66900000,ok,,flexible
"PEPTIDE1{A.dP.dL.Me_dA.Me_dL.Sar.L}$PEPTIDE1,PEPTIDE1,1:R1-7:R2$$$",-5.76800000,ok,,flexible
"PEPTIDE1{Sar.L.T.V.A.meA.P}$PEPTIDE1,PEPTIDE1,1:R1-7:R2$$$",-6.52700000,ok,,flexible
"PEPTIDE1{F.meA.Me_dL.dL.L.I.meF}$PEPTIDE1,PEPTIDE1,1:R1-7:R2$$$",-5.81700000,ok,,flexible
"PEPTIDE1{Me_Bal.T.L.dP.meF.Me_dL.V}$PEPTIDE1,PEPTIDE1,1:R1-7:R2$$$",-5.83300000,ok,,flexible
"PEPTIDE1{Me_Bal.F.T.meL.meA.G.A}$PEPTIDE1,PEPTIDE1,1:R1-7:R2$$$",-6.48200000,ok,,flexible
"PEPTIDE1{A.F.Ser(tBu).meF.meL.L.Me_dL}$PEPTIDE1,PEPTIDE1,1:R1-7:R2$$$",-5.59400000,ok,,flexible
"PEPTIDE1{F.meF.A.T.P.dL.L}$PEPTIDE1,PEPTIDE1,1:R1-7:R2$$$",-6.43600000,ok,,flexible
"PEPTIDE1{A.T.meA.Sar.L.Me_dL.meS}$PEPTIDE1,PEPTIDE1,1:R1-7:R2$$$",-6.06800000,ok,,flexible
"PEPTIDE1{Me_Bal.cHexCH2_Gly.meF.meA.Ser(tBu).A.V}$PEPTIDE1,PEPTIDE1,1:R1-7:R2$$$",-6.12500000,ok,,flexible
"PEPTIDE1{A.meL.Me_dL.dP.T.T.pentyl_Gly}$PEPTIDE1,PEPTIDE1,1:R1-7:R2$$$",-5.76000000,ok,,flexible
"PEPTIDE1{dV.A.Me_dL.meV.meS.T.T}$PEPTIDE1,PEPTIDE1,1:R1-7:R2$$$",-5.99300000,ok,,flexible
"PEPTIDE1{meA.meL.Pr_Gly.V.Ser(tBu).F.L}$PEPTIDE1,PEPTIDE1,1:R1-7:R2$$$",-5.63000000,ok,,flexible
"PEPTIDE1{dF.L.pentyl_Gly.A.F.meL.T}$PEPTIDE1,PEPTIDE1,1:R1-7:R2$$$",-5.34300000,ok,,flexible
"PEPTIDE1{dV.dP.dL.V.Bn_Gly.Me_dL.meL}$PEPTIDE1,PEPTIDE1,1:R1-7:R2$$$",-6.01100000,ok,,flexible
"PEPTIDE1{Me_Bal.A.cHexCH2_Gly.F.meF.meL.L}$PEPTIDE1,PEPTIDE1,1:R1-7:R2$$$",-5.70500000,ok,,flexible
"PEPTIDE1{A.Me_dL.T.L.meL.Sar.dL}$PEPTIDE1,PEPTIDE1,1:R1-7:R2$$$",-5.47900000,ok,,flexible
"PEPTIDE1{Me_dA.meL.meA.T.L.V.meL}$PEPTIDE1,PEPTIDE1,1:R1-7:R2$$$",-5.67400000,ok,,flexible
"PEPTIDE1{A.T.Me_dL.Ser(tBu).meV.dL.meA}$PEPTIDE1,PEPTIDE1,1:R1-7:R2$$$",-5.30600000,ok,,flexible
"PEPTIDE1{dV.meL.L.L.meA.meV.meI}$PEPTIDE1,PEPTIDE1,1:R1-7:R2$$$",-5.21100000,ok,,flexible
"PEPTIDE1{L.T.F.meA.meL.V.Ser(tBu)}$PEPTIDE1,PEPTIDE1,1:R1-7:R2$$$",-6.16800000,ok,,flexible
"PEPTIDE1{meA.meL.A.meS.L.dL.meF}$PEPTIDE1,PEPTIDE1,1:R1-7:R2$$$",-6.23800000,ok,,flexible
"PEPTIDE1{Me_Bal.meA.dP.meL.Me_dL.V.F}$PEPTIDE1,PEPTIDE1,1:R1-7:R2$$$",-6.82200000,ok,,flexible
"PEPTIDE1{Pr_Gly.pentyl_Gly.P.L.dL.L.meL}$PEPTIDE1,PEPTIDE1,1:R1-7:R2$$$",-4.99600000,ok,,flexible
"PEPTIDE1{meA.F.T.meF.Ser(tBu).L.I}$PEPTIDE1,PEPTIDE1,1:R1-7:R2$$$",-5.53800000,ok,,flexible
"PEPTIDE1{meA.T.meS.meL.T.L.P}$PEPTIDE1,PEPTIDE1,1:R1-7:R2$$$",-6.01100000,ok,,flexible
"PEPTIDE1{Me_dA.F.Me_dL.pentyl_Gly.I.meL.Aoc(2)}$PEPTIDE1,PEPTIDE1,1:R1-7:R2$$$",-4.77800000,ok,,flexible
"PEPTIDE1{F.L.Ser(tBu).meF.L.I.P}$PEPTIDE1,PEPTIDE1,1:R1-7:R2$$$",-5.88700000,ok,,flexible
"PEPTIDE1{L.meA.Me_dA.T.meF.meL.Me_dL}$PEPTIDE1,PEPTIDE1,1:R1-7:R2$$$",-5.95900000,ok,,flexible
"PEPTIDE1{dA.T.I.dL.meF.Ser(tBu).P}$PEPTIDE1,PEPTIDE1,1:R1-7:R2$$$",-5.76200000,ok,,flexible
"PEPTIDE1{A.L.Me_dA.T.meA.Ser(tBu).I}$PEPTIDE1,PEPTIDE1,1:R1-7:R2$$$",-5.50100000,ok,,flexible
"PEPTIDE1{dF.Me_dA.L.Me_dL.dL.meL.meF}$PEPTIDE1,PEPTIDE1,1:R1-7:R2$$$",-6.23100000,ok,,flexible
"PEPTIDE1{meA.Me_dA.dL.Pr_Gly.Ser(tBu).meL.V}$PEPTIDE1,PEPTIDE1,1:R1-7:R2$$$",-5.45300000,ok,,flexible
"PEPTIDE1{A.meS.meA.L.T.I.V}$PEPTIDE1,PEPTIDE1,1:R1-7:R2$$$",-6.05600000,ok,,flexible
"PEPTIDE1{dV.Pr_Gly.meF.meA.I.Ser(tBu).V}$PEPTIDE1,PEPTIDE1,1:R1-7:R2$$$",-5.59400000,ok,,flexible
"PEPTIDE1{dP.meV.L.meL.T.A.Me_dL}$PEPTIDE1,PEPTIDE1,1:R1-7:R2$$$",-5.47000000,ok,,flexible
"PEPTIDE1{F.Ala(5-Tet).dL.V.meL.Aoc(2).L}$PEPTIDE1,PEPTIDE1,1:R1-7:R2$$$",-5.87700000,ok,,flexible
"PEPTIDE1{dA.meL.L.A.I.meV.T}$PEPTIDE1,PEPTIDE1,1:R1-7:R2$$$",-5.95500000,ok,,flexible
"PEPTIDE1{Mono6.T.L.P.Ser(tBu).I.A}$PEPTIDE1,PEPTIDE1,1:R1-7:R2$$$",-5.77800000,ok,,flexible
"PEPTIDE1{dV.pentyl_Gly.T.G.L.meL.A}$PEPTIDE1,PEPTIDE1,1:R1-7:R2$$$",-5.20900000,ok,,flexible
"PEPTIDE1{dA.meL.A.V.T.P.Sar}$PEPTIDE1,PEPTIDE1,1:R1-7:R2$$$",-6.16200000,ok,,flexible
"PEPTIDE1{A.I.L.meF.P.G.meA}$PEPTIDE1,PEPTIDE1,1:R1-7:R2$$$",-6.82200000,ok,,flexible
"PEPTIDE1{meA.meL.meL.Ser(tBu).T.Me_dL.meV}$PEPTIDE1,PEPTIDE1,1:R1-7:R2$$$",-4.83800000,ok,,flexible
"PEPTIDE1{meA.meS.Abu.dA.L.T.meF}$PEPTIDE1,PEPTIDE1,1:R1-7:R2$$$",-5.72100000,ok,,flexible
"PEPTIDE1{A.L.F.I.T.P.Ser(tBu)}$PEPTIDE1,PEPTIDE1,1:R1-7:R2$$$",-5.67600000,ok,,flexible
"PEPTIDE1{meA.F.meL.L.T.dL.meF}$PEPTIDE1,PEPTIDE1,1:R1-7:R2$$$",-5.39500000,ok,,flexible
"PEPTIDE1{P.F.Me_dL.Pr_Gly.meA.Me_dA.Bn_Gly}$PEPTIDE1,PEPTIDE1,1:R1-7:R2$$$",-6.24200000,ok,,flexible
"PEPTIDE1{Sar.Me_dL.I.meL.L.F.V}$PEPTIDE1,PEPTIDE1,1:R1-7:R2$$$",-5.37300000,ok,,flexible
"PEPTIDE1{Me_Bal.meA.T.Me_dA.P.meS.Abu}$PEPTIDE1,PEPTIDE1,1:R1-7:R2$$$",-5.89700000,ok,,flexible
"PEPTIDE1{Me_dA.meL.meF.F.F.A.dA}$PEPTIDE1,PEPTIDE1,1:R1-7:R2$$$",-6.57900000,ok,,flexible
"PEPTIDE1{Me_Bal.Me_dL.A.meL.L.dL.meA}$PEPTIDE1,PEPTIDE1,1:R1-7:R2$$$",-6.04600000,ok,,flexible
"PEPTIDE1{dA.meL.Me_dL.A.V.dL.Bn_Gly}$PEPTIDE1,PEPTIDE1,1:R1-7:R2$$$",-5.10900000,ok,,flexible
"PEPTIDE1{meA.L.Sar.F.G.meL.A}$PEPTIDE1,PEPTIDE1,1:R1-7:R2$$$",-7.49800000,ok,,flexible
"PEPTIDE1{dA.P.meV.L.meL.meF.A}$PEPTIDE1,PEPTIDE1,1:R1-7:R2$$$",-6.64400000,ok,,flexible
"PEPTIDE1{Me_Bal.L.V.meL.meA.Ser(tBu).P}$PEPTIDE1,PEPTIDE1,1:R1-7:R2$$$",-5.85400000,ok,,flexible
"PEPTIDE1{dV.I.meL.L.T.meF.meA}$PEPTIDE1,PEPTIDE1,1:R1-7:R2$$$",-5.65000000,ok,,flexible
"PEPTIDE1{dA.A.meA.meL.I.Ser(tBu).Bn_Gly}$PEPTIDE1,PEPTIDE1,1:R1-7:R2$$$",-5.94000000,ok,,flexible
"PEPTIDE1{Me_Bal.I.A.Ser(tBu).meL.meA.V}$PEPTIDE1,PEPTIDE1,1:R1-7:R2$$$",-5.35500000,ok,,flexible
"PEPTIDE1{Me_dA.meA.meL.A.dA.V.Me_dL}$PEPTIDE1,PEPTIDE1,1:R1-7:R2$$$",-5.83800000,ok,,flexible
"PEPTIDE1{A.meL.L.Sar.meF.Aoc(2).meS}$PEPTIDE1,PEPTIDE1,1:R1-7:R2$$$",-5.43800000,ok,,flexible
"PEPTIDE1{Me_dA.T.P.T.Me_dL.L.L}$PEPTIDE1,PEPTIDE1,1:R1-7:R2$$$",-5.60100000,ok,,flexible
"PEPTIDE1{meL.A.Me_dL.L.Abu.F.V}$PEPTIDE1,PEPTIDE1,1:R1-7:R2$$$",-5.18900000,ok,,flexible
"PEPTIDE1{Me_Bal.meL.meF.Me_dL.P.F.V}$PEPTIDE1,PEPTIDE1,1:R1-7:R2$$$",-5.88800000,ok,,flexible
"PEPTIDE1{Me_dA.F.A.L.Ser(tBu).Me_dL.meL}$PEPTIDE1,PEPTIDE1,1:R1-7:R2$$$",-5.61500000,ok,,flexible
"PEPTIDE1{L.meA.T.meF.Ser(tBu).meL.F}$PEPTIDE1,PEPTIDE1,1:R1-7:R2$$$",-5.21000000,ok,,flexible
"PEPTIDE1{Pr_Gly.meA.A.meL.L.I.G}$PEPTIDE1,PEPTIDE1,1:R1-7:R2$$$",-5.88400000,ok,,flexible
"PEPTIDE1{Me_dA.Me_dL.meF.meL.A.L.meA}$PEPTIDE1,PEPTIDE1,1:R1-7:R2$$$",-5.81700000,ok,,flexible
"PEPTIDE1{meA.dL.F.T.meF.I.meL}$PEPTIDE1,PEPTIDE1,1:R1-7:R2$$$",-5.68400000,ok,,flexible
"PEPTIDE1{dA.meL.meF.meS.Sar.T.meA}$PEPTIDE1,PEPTIDE1,1:R1-7:R2$$$",-6.00500000,ok,,flexible
"PEPTIDE1{A.meL.T.Ser(tBu).I.V.Me_Phe(3-Cl)}$PEPTIDE1,PEPTIDE1,1:R1-7:R2$$$",-5.60400000,ok,,flexible
"PEPTIDE1{dA.T.meA.F.I.V.dL}$PEPTIDE1,PEPTIDE1,1:R1-7:R2$$$",-6.28700000,ok,,flexible
"PEPTIDE1{Me_dA.pentyl_Gly.meF.L.Bn_Gly.meL.Ser(tBu)}$PEPTIDE1,PEPTIDE1,1:R1-7:R2$$$",-5.73300000,ok,,flexible
"PEPTIDE1{Me_Bal.meL.T.F.G.T.meA}$PEPTIDE1,PEPTIDE1,1:R1-7:R2$$$",-6.49200000,ok,,flexible
"PEPTIDE1{dA.meA.A.Me_dL.V.T.I}$PEPTIDE1,PEPTIDE1,1:R1-7:R2$$$",-5.67800000,ok,,flexible
"PEPTIDE1{Me_dA.T.meL.L.Me_dL.T.Me_dA}$PEPTIDE1,PEPTIDE1,1:R1-7:R2$$$",-6.28600000,ok,,flexible
"PEPTIDE1{Me_Bal.G.meA.meF.A.L.Me_Phe(3-Cl)}$PEPTIDE1,PEPTIDE1,1:R1-7:R2$$$",-6.04500000,ok,,flexible
"PEPTIDE1{dA.dP.Me_dL.meA.V.dL.F}$PEPTIDE1,PEPTIDE1,1:R1-7:R2$$$",-6.24700000,ok,,flexible
"PEPTIDE1{Me_dA.P.meL.T.meA.Ser(tBu).meS}$PEPTIDE1,PEPTIDE1,1:R1-7:R2$$$",-5.54500000,ok,,flexible
"PEPTIDE1{meA.dL.T.meL.meL.I.Me_Phe(3-Cl)}$PEPTIDE1,PEPTIDE1,1:R1-7:R2$$$",-5.24300000,ok,,flexible
"PEPTIDE1{P.A.meA.L.dL.F.meV}$PEPTIDE1,PEPTIDE1,1:R1-7:R2$$$",-6.41400000,ok,,flexible
"PEPTIDE1{meA.F.Me_dL.meL.dL.meL.A}$PEPTIDE1,PEPTIDE1,1:R1-7:R2$$$",-5.88700000,ok,,flexible
"PEPTIDE1{Me_dA.T.meA.A.Me_dL.V.meL}$PEPTIDE1,PEPTIDE1,1:R1-7:R2$$$",-5.55400000,ok,,flexible
"PEPTIDE1{meA.A.F.dL.T.P.L}$PEPTIDE1,PEPTIDE1,1:R1-7:R2$$$",-6.15600000,ok,,flexible
"PEPTIDE1{meL.Aoc(2).Abu.Me_dL.meA.T.L}$PEPTIDE1,PEPTIDE1,1:R1-7:R2$$$",-4.76000000,ok,,flexible
"PEPTIDE1{dA.dV.Me_dL.dL.meA.T.A}$PEPTIDE1,PEPTIDE1,1:R1-7:R2$$$",-5.77400000,ok,,flexible
"PEPTIDE1{Sar.I.meA.L.T.G.F}$PEPTIDE1,PEPTIDE1,1:R1-7:R2$$$",-6.27100000,ok,,flexible
"PEPTIDE1{L.dL.Ala(5-Tet).T.I.A.Ser(tBu)}$PEPTIDE1,PEPTIDE1,1:R1-7:R2$$$",-5.79200000,ok,,flexible
"PEPTIDE1{dF.L.dP.meL.A.meA.meL}$PEPTIDE1,PEPTIDE1,1:R1-7:R2$$$",-6.26400000,ok,,flexible
"PEPTIDE1{Sar.L.meA.F.P.Me_dL.dL}$PEPTIDE1,PEPTIDE1,1:R1-7:R2$$$",-5.77900000,ok,,flexible
"PEPTIDE1{A.meF.meA.dL.L.Me_dL.V}$PEPTIDE1,PEPTIDE1,1:R1-7:R2$$$",-5.43200000,ok,,flexible
"PEPTIDE1{Sar.A.meF.Me_dL.meL.meL.L}$PEPTIDE1,PEPTIDE1,1:R1-7:R2$$$",-5.83600000,ok,,flexible
"PEPTIDE1{F.A.P.Ser(tBu).meA.L.I}$PEPTIDE1,PEPTIDE1,1:R1-7:R2$$$",-5.90100000,ok,,flexible
"PEPTIDE1{Sar.F.meF.V.T.meL.I}$PEPTIDE1,PEPTIDE1,1:R1-7:R2$$$",-6.29000000,ok,,flexible
"PEPTIDE1{dF.L.Pr_Gly.V.Ser(tBu).dL.meL}$PEPTIDE1,PEPTIDE1,1:R1-7:R2$$$",-5.03800000,ok,,flexible
"PEPTIDE1{Pr_Gly.Me_dA.L.P.Abu.dP.T}$PEPTIDE1,PEPTIDE1,1:R1-7:R2$$$",-6.16100000,ok,,flexible
"PEPTIDE1{meA.meL.T.dL.L.L.Aoc(2)}$PEPTIDE1,PEPTIDE1,1:R1-7:R2$$$",-5.19200000,ok,,flexible
"PEPTIDE1{meA.L.Aoc(2).T.Ser(tBu).meL.meF}$PEPTIDE1,PEPTIDE1,1:R1-7:R2$$$",-4.76500000,ok,,flexible
"PEPTIDE1{meA.T.meL.G.Me_dL.meF.dL}$PEPTIDE1,PEPTIDE1,1:R1-7:R2$$$",-6.05300000,ok,,flexible
"PEPTIDE1{Me_Bal.L.T.Me_dL.meA.meA.Ser(tBu)}$PEPTIDE1,PEPTIDE1,1:R1-7:R2$$$",-5.97500000,ok,,flexible
"PEPTIDE1{P.meA.A.dA.L.L.Ser(tBu)}$PEPTIDE1,PEPTIDE1,1:R1-7:R2$$$",-5.54700000,ok,,flexible
"PEPTIDE1{dA.Sar.dP.meF.F.L.meL}$PEPTIDE1,PEPTIDE1,1:R1-7:R2$$$",-5.93600000,ok,,flexible
"PEPTIDE1{F.meL.meF.L.meA.T.dL}$PEPTIDE1,PEPTIDE1,1:R1-7:R2$$$",-6.28500000,ok,,flexible
"PEPTIDE1{Me_dA.Ser(tBu).A.dP.L.meL.dL}$PEPTIDE1,PEPTIDE1,1:R1-7:R2$$$",-5.57700000,ok,,flexible
"PEPTIDE1{dA.F.Pr_Gly.A.L.V.Ser(tBu)}$PEPTIDE1,PEPTIDE1,1:R1-7:R2$$$",-5.87400000,ok,,flexible
"PEPTIDE1{Pr_Gly.cHexCH2_Gly.T.T.meF.I.meA}$PEPTIDE1,PEPTIDE1,1:R1-7:R2$$$",-5.51200000,ok,,flexible
"PEPTIDE1{Me_Bal.T.I.meA.V.L.L}$PEPTIDE1,PEPTIDE1,1:R1-7:R2$$$",-6.00000000,ok,,flexible
"PEPTIDE1{Me_dA.meA.Abu.Aoc(2).meL.Ser(tBu).V}$PEPTIDE1,PEPTIDE1,1:R1-7:R2$$$",-5.61000000,ok,,flexible
"PEPTIDE1{dA.I.meA.V.P.meF.dL}$PEPTIDE1,PEPTIDE1,1:R1-7:R2$$$",-5.70100000,ok,,flexible
"PEPTIDE1{Pr_Gly.Abu.L.T.Ala(5-Tet).meS.dA}$PEPTIDE1,PEPTIDE1,1:R1-7:R2$$$",-5.33600000,ok,,flexible
"PEPTIDE1{F.meL.P.dL.Ser(tBu).meV.T}$PEPTIDE1,PEPTIDE1,1:R1-7:R2$$$",-5.25900000,ok,,flexible
"PEPTIDE1{dV.T.meL.P.meF.meA.meL}$PEPTIDE1,PEPTIDE1,1:R1-7:R2$$$",-6.01000000,ok,,flexible
"PEPTIDE1{A.T.dL.meV.meF.meL.I}$PEPTIDE1,PEPTIDE1,1:R1-7:R2$$$",-5.85600000,ok,,flexible
"PEPTIDE1{Me_dA.dL.meL.L.P.V.Me_dL}$PEPTIDE1,PEPTIDE1,1:R1-7:R2$$$",-5.54200000,ok,,flexible
"PEPTIDE1{Me_dA.Me_dL.T.dP.meL.L.meV}$PEPTIDE1,PEPTIDE1,1:R1-7:R2$$$",-6.68400000,ok,,flexible
"PEPTIDE1{Me_dA.A.meF.F.Me_dL.I.V}$PEPTIDE1,PEPTIDE1,1:R1-7:R2$$$",-7.29000000,ok,,flexible
"PEPTIDE1{meA.pentyl_Gly.V.G.dL.T.meF}$PEPTIDE1,PEPTIDE1,1:R1-7:R2$$$",-5.58300000,ok,,flexible
"PEPTIDE1{Me_Bal.cHexCH2_Gly.T.meL.L.V.dL}$PEPTIDE1,PEPTIDE1,1:R1-7:R2$$$",-5.41400000,ok,,flexible
"PEPTIDE1{Me_Bal.L.L.P.meL.meF.meL}$PEPTIDE1,PEPTIDE1,1:R1-7:R2$$$",-5.19800000,ok,,flexible
"PEPTIDE1{Mono6.P.meL.meY.T.meS.F}$PEPTIDE1,PEPTIDE1,1:R1-7:R2$$$",-5.92000000,ok,,flexible
"PEPTIDE1{Me_dA.Sar.meF.Abu.V.Me_dL.meL}$PEPTIDE1,PEPTIDE1,1:R1-7:R2$$$",-6.49500000,ok,,flexible
"PEPTIDE1{dA.meF.T.A.L.meA.meI}$PEPTIDE1,PEPTIDE1,1:R1-7:R2$$$",-6.08500000,ok,,flexible
"PEPTIDE1{meA.A.L.T.F.Me_dL.dL}$PEPTIDE1,PEPTIDE1,1:R1-7:R2$$$",-5.69700000,ok,,flexible
"PEPTIDE1{A.Me_dL.V.meF.Ser(tBu).L.meA}$PEPTIDE1,PEPTIDE1,1:R1-7:R2$$$",-5.61600000,ok,,flexible
"PEPTIDE1{dA.Me_dAbu.Me_dL.P.V.T.L}$PEPTIDE1,PEPTIDE1,1:R1-7:R2$$$",-5.75800000,ok,,flexible
"PEPTIDE1{dA.F.Me_dL.meA.A.T.dV}$PEPTIDE1,PEPTIDE1,1:R1-7:R2$$$",-6.50200000,ok,,flexible
"PEPTIDE1{Me_Bal.meL.A.meS.T.L.meA}$PEPTIDE1,PEPTIDE1,1:R1-7:R2$$$",-5.81800000,ok,,flexible
"PEPTIDE1{dA.meF.F.meA.I.meL.Ser(tBu)}$PEPTIDE1,PEPTIDE1,1:R1-7:R2$$$",-5.85100000,ok,,flexible
"PEPTIDE1{meL.meL.T.Me_dA.A.meF.F}$PEPTIDE1,PEPTIDE1,1:R1-7:R2$$$",-6.78600000,ok,,flexible
"PEPTIDE1{L.meL.Sar.dL.T.Me_dA.F}$PEPTIDE1,PEPTIDE1,1:R1-7:R2$$$",-5.50900000,ok,,flexible
"PEPTIDE1{Mono6.meA.Me_dL.Ala(5-Tet).meL.meY.T}$PEPTIDE1,PEPTIDE1,1:R1-7:R2$$$",-5.46300000,ok,,flexible
"PEPTIDE1{dV.cHexCH2_Gly.L.meA.dP.Me_dL.T}$PEPTIDE1,PEPTIDE1,1:R1-7:R2$$$",-5.89800000,ok,,flexible
"PEPTIDE1{dF.Mono38.dL.L.meF.Me_dL.meL}$PEPTIDE1,PEPTIDE1,1:R1-7:R2$$$",-5.03400000,ok,,flexible
"PEPTIDE1{L.meL.I.meS.Aoc(2).Me_dA.Sar}$PEPTIDE1,PEPTIDE1,1:R1-7:R2$$$",-5.12000000,ok,,flexible
"PEPTIDE1{A.Me_dA.L.meL.dL.V.T}$PEPTIDE1,PEPTIDE1,1:R1-7:R2$$$",-5.49700000,ok,,flexible
"PEPTIDE1{dA.meA.meL.L.meV.Me_dL.V}$PEPTIDE1,PEPTIDE1,1:R1-7:R2$$$",-5.17100000,ok,,flexible
"PEPTIDE1{dF.pentyl_Gly.cHexCH2_Gly.I.F.meF.L}$PEPTIDE1,PEPTIDE1,1:R1-7:R2$$$",-5.50100000,ok,,flexible
"PEPTIDE1{L.meF.T.meL.Ala(5-Tet).meS.Sar}$PEPTIDE1,PEPTIDE1,1:R1-7:R2$$$",-5.92100000,ok,,flexible
"PEPTIDE1{F.L.meF.P.L.dL.A}$PEPTIDE1,PEPTIDE1,1:R1-7:R2$$$",-6.41000000,ok,,flexible
"PEPTIDE1{F.L.Me_dL.T.L.meL.meL}$PEPTIDE1,PEPTIDE1,1:R1-7:R2$$$",-5.09900000,ok,,flexible
"PEPTIDE1{A.V.dP.T.Me_dL.I.L}$PEPTIDE1,PEPTIDE1,1:R1-7:R2$$$",-5.49800000,ok,,flexible
"PEPTIDE1{Me_Bal.V.meL.dP.meF.meL.Me_dL}$PEPTIDE1,PEPTIDE1,1:R1-7:R2$$$",-5.73400000,ok,,flexible
"PEPTIDE1{meA.meL.Sar.I.meF.A.Ser(tBu)}$PEPTIDE1,PEPTIDE1,1:R1-7:R2$$$",-5.97800000,ok,,flexible
"PEPTIDE1{F.A.T.meL.meA.V.meI}$PEPTIDE1,PEPTIDE1,1:R1-7:R2$$$",-6.64800000,ok,,flexible
"PEPTIDE1{Me_dA.A.P.dP.meA.T.Me_dL}$PEPTIDE1,PEPTIDE1,1:R1-7:R2$$$",-7.60200000,ok,,flexible
"PEPTIDE1{dA.meF.A.Abu.Aoc(2).Me_dL.Sar}$PEPTIDE1,PEPTIDE1,1:R1-7:R2$$$",-5.59300000,ok,,flexible
"PEPTIDE1{dA.cHexCH2_Gly.meL.Ser(tBu).L.dL.L}$PEPTIDE1,PEPTIDE1,1:R1-7:R2$$$",-5.47700000,ok,,flexible
"PEPTIDE1{dA.meA.L.Sar.meL.L.P}$PEPTIDE1,PEPTIDE1,1:R1-7:R2$$$",-6.02800000,ok,,flexible
"PEPTIDE1{F.A.meA.I.T.L.V}$PEPTIDE1,PEPTIDE1,1:R1-7:R2$$$",-6.25100000,ok,,flexible
"PEPTIDE1{Me_Bal.T.L.meL.P.F.Me_dL}$PEPTIDE1,PEPTIDE1,1:R1-7:R2$$$",-5.92100000,ok,,flexible
"PEPTIDE1{L.meA.meV.dL.Abu.meL.meL}$PEPTIDE1,PEPTIDE1,1:R1-7:R2$$$",-5.13400000,ok,,flexible
"PEPTIDE1{meA.Abu.P.meL.T.L.meF}$PEPTIDE1,PEPTIDE1,1:R1-7:R2$$$",-6.39300000,ok,,flexible
"PEPTIDE1{dA.T.meF.Me_dL.L.F.dL}$PEPTIDE1,PEPTIDE1,1:R1-7:R2$$$",-5.90400000,ok,,flexible
"PEPTIDE1{Me_dA.P.dA.dP.L.meA.L}$PEPTIDE1,PEPTIDE1,1:R1-7:R2$$$",-6.06600000,ok,,flexible
"PEPTIDE1{Mono6.meA.T.Me_dL.V.dA.L}$PEPTIDE1,PEPTIDE1,1:R1-7:R2$$$",-5.95100000,ok,,flexible
"PEPTIDE1{A.T.Me_dL.Ser(tBu).V.P.F}$PEPTIDE1,PEPTIDE1,1:R1-7:R2$$$",-5.53100000,ok,,flexible
"PEPTIDE1{Mono6.P.T.A.V.dL.meV}$PEPTIDE1,PEPTIDE1,1:R1-7:R2$$$",-6.09100000,ok,,flexible
"PEPTIDE1{dA.A.L.T.Me_dL.V.I}$PEPTIDE1,PEPTIDE1,1:R1-7:R2$$$",-5.81300000,ok,,flexible
"PEPTIDE1{meL.A.L.meA.Ser(tBu).F.dL}$PEPTIDE1,PEPTIDE1,1:R1-7:R2$$$",-5.31100000,ok,,flexible
"PEPTIDE1{meA.V.L.T.Sar.A.meL}$PEPTIDE1,PEPTIDE1,1:R1-7:R2$$$",-6.30100000,ok,,flexible
"PEPTIDE1{dF.cHexCH2_Gly.meL.L.F.Mono86.T}$PEPTIDE1,PEPTIDE1,1:R1-7:R2$$$",-5.77200000,ok,,flexible
"PEPTIDE1{A.meL.T.T.meA.Me_dL.meL}$PEPTIDE1,PEPTIDE1,1:R1-7:R2$$$",-5.40000000,ok,,flexible
"PEPTIDE1{dV.meL.meA.Abu.T.meS.Ala(5-Tet)}$PEPTIDE1,PEPTIDE1,1:R1-7:R2$$$",-5.99600000,ok,,flexible
"PEPTIDE1{Pr_Gly.Aoc(2).T.L.Abu.meS.meA}$PEPTIDE1,PEPTIDE1,1:R1-7:R2$$$",-5.31600000,ok,,flexible
"PEPTIDE1{A.P.meL.L.dP.Me_dL.T}$PEPTIDE1,PEPTIDE1,1:R1-7:R2$$$",-5.73800000,ok,,flexible
"PEPTIDE1{Me_dA.F.meF.meA.I.V.L}$PEPTIDE1,PEPTIDE1,1:R1-7:R2$$$",-6.37200000,ok,,flexible
"PEPTIDE1{meA.Mono38.I.meL.L.Sar.Me_Phe(3-Cl)}$PEPTIDE1,PEPTIDE1,1:R1-7:R2$$$",-5.63100000,ok,,flexible
"PEPTIDE1{Pr_Gly.cHexCH2_Gly.A.T.I.meL.meF}$PEPTIDE1,PEPTIDE1,1:R1-7:R2$$$",-5.77500000,ok,,flexible
"PEPTIDE1{meL.meF.meA.A.meL.L.dL}$PEPTIDE1,PEPTIDE1,1:R1-7:R2$$$",-5.58600000,ok,,flexible
"PEPTIDE1{Me_Bal.T.meA.A.Me_dA.meA.dA}$PEPTIDE1,PEPTIDE1,1:R1-7:R2$$$",-6.30300000,ok,,flexible
"PEPTIDE1{Me_Bal.pentyl_Gly.L.G.I.dL.T}$PEPTIDE1,PEPTIDE1,1:R1-7:R2$$$",-5.28700000,ok,,flexible
"PEPTIDE1{dA.L.L.T.F.Ala(5-Tet).Ser(tBu)}$PEPTIDE1,PEPTIDE1,1:R1-7:R2$$$",-5.60200000,ok,,flexible
"PEPTIDE1{dV.meF.Abu.L.Sar.meA.meL}$PEPTIDE1,PEPTIDE1,1:R1-7:R2$$$",-6.21000000,ok,,flexible
"PEPTIDE1{dF.pentyl_Gly.T.A.T.dP.dL}$PEPTIDE1,PEPTIDE1,1:R1-7:R2$$$",-6.05200000,ok,,flexible
"PEPTIDE1{Me_Bal.meL.Me_dL.A.V.Ser(tBu).L}$PEPTIDE1,PEPTIDE1,1:R1-7:R2$$$",-5.32100000,ok,,flexible
"PEPTIDE1{L.Me_dAbu.L.V.T.meA.I}$PEPTIDE1,PEPTIDE1,1:R1-7:R2$$$",-5.38800000,ok,,flexible
"PEPTIDE1{A.Pr_Gly.L.I.dV.Ser(tBu).meA}$PEPTIDE1,PEPTIDE1,1:R1-7:R2$$$",-5.22500000,ok,,flexible
"PEPTIDE1{Me_Bal.I.F.T.V.dL.meF}$PEPTIDE1,PEPTIDE1,1:R1-7:R2$$$",-5.41900000,ok,,flexible
"PEPTIDE1{meA.Ala(5-Tet).Sar.meF.Me_dL.A.T}$PEPTIDE1,PEPTIDE1,1:R1-7:R2$$$",-6.67500000,ok,,flexible
"PEPTIDE1{meA.T.meL.dL.L.A.Sar}$PEPTIDE1,PEPTIDE1,1:R1-7:R2$$$",-6.38400000,ok,,flexible
"PEPTIDE1{F.Pr_Gly.I.meF.T.L.meL}$PEPTIDE1,PEPTIDE1,1:R1-7:R2$$$",-5.12800000,ok,,flexible
"PEPTIDE1{Mono6.meL.dP.Me_dL.T.L.meL}$PEPTIDE1,PEPTIDE1,1:R1-7:R2$$$",-5.27600000,ok,,flexible
"PEPTIDE1{A.L.T.I.F.meL.Ser(tBu)}$PEPTIDE1,PEPTIDE1,1:R1-7:R2$$$",-5.41800000,ok,,flexible
"PEPTIDE1{Pr_Gly.meS.A.T.Me_dA.Abu.Me_dL}$PEPTIDE1,PEPTIDE1,1:R1-7:R2$$$",-5.80800000,ok,,flexible
"PEPTIDE1{Mono6.I.A.T.meS.meF.P}$PEPTIDE1,PEPTIDE1,1:R1-7:R2$$$",-6.82300000,ok,,flexible
"PEPTIDE1{A.V.Me_Phe(3-Cl).meL.L.I.L}$PEPTIDE1,PEPTIDE1,1:R1-7:R2$$$",-5.27100000,ok,,flexible
"PEPTIDE1{meA.L.dP.I.F.F.Me_dL}$PEPTIDE1,PEPTIDE1,1:R1-7:R2$$$",-5.61700000,ok,,flexible
"PEPTIDE1{meL.F.A.Bn_Gly.Ser(tBu).G.Me_dL}$PEPTIDE1,PEPTIDE1,1:R1-7:R2$$$",-6.20900000,ok,,flexible
"PEPTIDE1{Mono6.A.T.F.dL.Mono78.L}$PEPTIDE1,PEPTIDE1,1:R1-7:R2$$$",-5.84000000,ok,,flexible
"PEPTIDE1{A.Pr_Gly.T.meL.L.L.meL}$PEPTIDE1,PEPTIDE1,1:R1-7:R2$$$",-5.09100000,ok,,flexible
"PEPTIDE1{P.F.Pr_Gly.Me_dA.L.meA.V}$PEPTIDE1,PEPTIDE1,1:R1-7:R2$$$",-6.01100000,ok,,flexible
"PEPTIDE1{meA.A.T.L.meL.Ser(tBu).Bn_Gly}$PEPTIDE1,PEPTIDE1,1:R1-7:R2$$$",-5.65100000,ok,,flexible
"PEPTIDE1{Me_dA.meV.meL.L.Me_dL.T.dL}$PEPTIDE1,PEPTIDE1,1:R1-7:R2$$$",-5.79500000,ok,,flexible
"PEPTIDE1{dF.meA.V.meL.dL.I.meI}$PEPTIDE1,PEPTIDE1,1:R1-7:R2$$$",-6.07800000,ok,,flexible
"PEPTIDE1{A.Sar.T.G.L.F.meA}$PEPTIDE1,PEPTIDE1,1:R1-7:R2$$$",-6.21000000,ok,,flexible
"PEPTIDE1{L.meA.V.A.dL.I.F}$PEPTIDE1,PEPTIDE1,1:R1-7:R2$$$",-5.58200000,ok,,flexible
"PEPTIDE1{Me_dA.Me_Phe(3-Cl).A.dP.T.F.dA}$PEPTIDE1,PEPTIDE1,1:R1-7:R2$$$",-6.53500000,ok,,flexible
"PEPTIDE1{L.T.meL.Abu.Aoc(2).Abu.meA}$PEPTIDE1,PEPTIDE1,1:R1-7:R2$$$",-5.41000000,ok,,flexible
"PEPTIDE1{L.meA.F.Aoc(2).meL.T.A}$PEPTIDE1,PEPTIDE1,1:R1-7:R2$$$",-5.12300000,ok,,flexible
"PEPTIDE1{A.G.meA.meL.Me_dL.T.meF}$PEPTIDE1,PEPTIDE1,1:R1-7:R2$$$",-6.18700000,ok,,flexible
"PEPTIDE1{dA.meF.meL.F.Sar.meA.L}$PEPTIDE1,PEPTIDE1,1:R1-7:R2$$$",-6.26600000,ok,,flexible
"PEPTIDE1{dA.Me_dL.F.L.meA.T.A}$PEPTIDE1,PEPTIDE1,1:R1-7:R2$$$",-6.18800000,ok,,flexible
"PEPTIDE1{meA.meS.meF.T.meF.Aoc(2).meL}$PEPTIDE1,PEPTIDE1,1:R1-7:R2$$$",-5.50800000,ok,,flexible
"PEPTIDE1{dV.dP.F.T.V.Me_dL.L}$PEPTIDE1,PEPTIDE1,1:R1-7:R2$$$",-5.18300000,ok,,flexible
"PEPTIDE1{F.meL.L.T.A.meF.Ser(tBu)}$PEPTIDE1,PEPTIDE1,1:R1-7:R2$$$",-5.72600000,ok,,flexible
"PEPTIDE1{dV.L.A.meF.T.meA.Me_dL}$PEPTIDE1,PEPTIDE1,1:R1-7:R2$$$",-6.44500000,ok,,flexible
"PEPTIDE1{A.F.meL.L.dP.dA.T}$PEPTIDE1,PEPTIDE1,1:R1-7:R2$$$",-6.85600000,ok,,flexible
"PEPTIDE1{Me_Bal.F.meL.Abu.L.T.Ala(5-Tet)}$PEPTIDE1,PEPTIDE1,1:R1-7:R2$$$",-5.97600000,ok,,flexible
"PEPTIDE1{Pr_Gly.I.A.G.T.L.T}$PEPTIDE1,PEPTIDE1,1:R1-7:R2$$$",-5.43100000,ok,,flexible
"PEPTIDE1{A.dF.F.L.Aoc(2).meF.meS}$PEPTIDE1,PEPTIDE1,1:R1-7:R2$$$",-5.38500000,ok,,flexible
"PEPTIDE1{Pr_Gly.pentyl_Gly.L.dP.L.meA.A}$PEPTIDE1,PEPTIDE1,1:R1-7:R2$$$",-5.08500000,ok,,flexible
"PEPTIDE1{meA.T.L.T.F.dL.I}$PEPTIDE1,PEPTIDE1,1:R1-7:R2$$$",-5.92400000,ok,,flexible
"PEPTIDE1{Sar.meL.meA.A.meF.I.T}$PEPTIDE1,PEPTIDE1,1:R1-7:R2$$$",-6.30500000,ok,,flexible
"PEPTIDE1{meA.dL.F.L.meL.A.Ser(tBu)}$PEPTIDE1,PEPTIDE1,1:R1-7:R2$$$",-5.04300000,ok,,flexible
"PEPTIDE1{F.Ala(5-Tet).A.L.P.meA.I}$PEPTIDE1,PEPTIDE1,1:R1-7:R2$$$",-6.45300000,ok,,flexible
"PEPTIDE1{A.dA.P.meA.Me_dL.L.V}$PEPTIDE1,PEPTIDE1,1:R1-7:R2$$$",-5.87900000,ok,,flexible
"PEPTIDE1{dA.meA.L.V.A.T.L}$PEPTIDE1,PEPTIDE1,1:R1-7:R2$$$",-6.25300000,ok,,flexible
"PEPTIDE1{A.P.meL.T.L.dP.G}$PEPTIDE1,PEPTIDE1,1:R1-7:R2$$$",-6.06000000,ok,,flexible
"PEPTIDE1{dA.P.meL.meA.A.Me_dL.F}$PEPTIDE1,PEPTIDE1,1:R1-7:R2$$$",-6.24100000,ok,,flexible
"PEPTIDE1{F.T.Ser(tBu).dL.L.I.meL}$PEPTIDE1,PEPTIDE1,1:R1-7:R2$$$",-4.80800000,ok,,flexible
"PEPTIDE1{dA.T.Me_dL.dL.A.meL.meA}$PEPTIDE1,PEPTIDE1,1:R1-7:R2$$$",-6.04300000,ok,,flexible
"PEPTIDE1{meA.Me_dL.T.dL.F.Me_dA.meF}$PEPTIDE1,PEPTIDE1,1:R1-7:R2$$$",-6.27300000,ok,,flexible
"PEPTIDE1{dV.L.Aoc(2).Me_dL.Abu.meF.V}$PEPTIDE1,PEPTIDE1,1:R1-7:R2$$$",-5.08400000,ok,,flexible
"PEPTIDE1{meA.Me_dL.F.T.I.A.G}$PEPTIDE1,PEPTIDE1,1:R1-7:R2$$$",-5.89800000,ok,,flexible
"PEPTIDE1{dA.F.T.I.meA.Ser(tBu).meI}$PEPTIDE1,PEPTIDE1,1:R1-7:R2$$$",-5.71500000,ok,,flexible
"PEPTIDE1{meA.Me_dL.T.dL.meF.I.L}$PEPTIDE1,PEPTIDE1,1:R1-7:R2$$$",-5.89500000,ok,,flexible
"PEPTIDE1{Mono6.A.T.dP.meA.V.dL}$PEPTIDE1,PEPTIDE1,1:R1-7:R2$$$",-6.19400000,ok,,flexible
"PEPTIDE1{Me_dA.G.L.meL.pentyl_Gly.I.Ser(tBu)}$PEPTIDE1,PEPTIDE1,1:R1-7:R2$$$",-5.06600000,ok,,flexible
"PEPTIDE1{meL.Me_dL.pentyl_Gly.Ser(tBu).V.Mono86.dP}$PEPTIDE1,PEPTIDE1,1:R1-7:R2$$$",-4.92800000,ok,,flexible
"PEPTIDE1{F.L.T.I.meL.P.Ser(tBu)}$PEPTIDE1,PEPTIDE1,1:R1-7:R2$$$",-5.44500000,ok,,flexible
"PEPTIDE1{F.A.L.meL.dL.Me_dL.T}$PEPTIDE1,PEPTIDE1,1:R1-7:R2$$$",-5.68900000,ok,,flexible
"PEPTIDE1{Mono6.meL.meS.Abu.Aoc(2).Me_dA.A}$PEPTIDE1,PEPTIDE1,1:R1-7:R2$$$",-5.41000000,ok,,flexible
"PEPTIDE1{dA.L.Me_dL.A.meA.meL.Me_dL}$PEPTIDE1,PEPTIDE1,1:R1-7:R2$$$",-6.05600000,ok,,flexible
"PEPTIDE1{Mono6.pentyl_Gly.meL.V.G.I.meA}$PEPTIDE1,PEPTIDE1,1:R1-7:R2$$$",-5.87500000,ok,,flexible
"PEPTIDE1{Me_Bal.cHexCH2_Gly.A.L.I.dL.L}$PEPTIDE1,PEPTIDE1,1:R1-7:R2$$$",-5.90300000,ok,,flexible
"PEPTIDE1{dF.L.meF.F.Ser(tBu).meL.I}$PEPTIDE1,PEPTIDE1,1:R1-7:R2$$$",-5.47100000,ok,,flexible
"PEPTIDE1{meA.Me_dL.F.meV.L.dL.meL}$PEPTIDE1,PEPTIDE1,1:R1-7:R2$$$",-5.57400000,ok,,flexible
"PEPTIDE1{F.I.meF.Aoc(2).meL.I.Ser(tBu)}$PEPTIDE1,PEPTIDE1,1:R1-7:R2$$$",-4.93000000,ok,,flexible
"PEPTIDE1{meL.Abu.P.dL.T.A.P}$PEPTIDE1,PEPTIDE1,1:R1-7:R2$$$",-5.73500000,ok,,flexible
"PEPTIDE1{Me_Bal.A.Me_dL.meF.T.meL.T}$PEPTIDE1,PEPTIDE1,1:R1-7:R2$$$",-5.64600000,ok,,flexible
"PEPTIDE1{Me_Bal.meF.meA.L.I.F.Me_dL}$PEPTIDE1,PEPTIDE1,1:R1-7:R2$$$",-6.07800000,ok,,flexible
"PEPTIDE1{meA.A.dL.T.L.Bn_Gly.T}$PEPTIDE1,PEPTIDE1,1:R1-7:R2$$$",-6.22700000,ok,,flexible
"PEPTIDE1{Me_dA.meA.Me_dL.meV.T.L.A}$PEPTIDE1,PEPTIDE1,1:R1-7:R2$$$",-6.18700000,ok,,flexible
"PEPTIDE1{Me_Bal.dP.meL.P.Ser(tBu).T.I}$PEPTIDE1,PEPTIDE1,1:R1-7:R2$$$",-5.88500000,ok,,flexible
"PEPTIDE1{dV.T.A.L.meS.meF.meA}$PEPTIDE1,PEPTIDE1,1:R1-7:R2$$$",-5.92800000,ok,,flexible
"PEPTIDE1{dA.meL.T.meV.G.I.Me_dL}$PEPTIDE1,PEPTIDE1,1:R1-7:R2$$$",-5.45600000,ok,,flexible
"PEPTIDE1{dV.meL.meA.I.G.dL.V}$PEPTIDE1,PEPTIDE1,1:R1-7:R2$$$",-5.61000000,ok,,flexible
"PEPTIDE1{L.meF.T.Sar.3Pal.meL.dL}$PEPTIDE1,PEPTIDE1,1:R1-7:R2$$$",-5.44400000,ok,,flexible
"PEPTIDE1{Me_Bal.F.T.Me_dL.P.A.meF}$PEPTIDE1,PEPTIDE1,1:R1-7:R2$$$",-6.49800000,ok,,flexible
"PEPTIDE1{F.A.meF.L.T.I.P}$PEPTIDE1,PEPTIDE1,1:R1-7:R2$$$",-5.71600000,ok,,flexible
"PEPTIDE1{dA.V.T.Me_dL.meA.I.meV}$PEPTIDE1,PEPTIDE1,1:R1-7:R2$$$",-5.41700000,ok,,flexible
"PEPTIDE1{dV.dL.Me_dL.meL.A.meA.I}$PEPTIDE1,PEPTIDE1,1:R1-7:R2$$$",-5.87800000,ok,,flexible
"PEPTIDE1{meA.T.A.L.dV.dL.Me_dL}$PEPTIDE1,PEPTIDE1,1:R1-7:R2$$$",-6.19900000,ok,,flexible
"PEPTIDE1{A.F.Pr_Gly.meA.meL.Me_dA.V}$PEPTIDE1,PEPTIDE1,1:R1-7:R2$$$",-5.76600000,ok,,flexible
"PEPTIDE1{Me_dA.L.meA.meL.A.Bn_Gly.I}$PEPTIDE1,PEPTIDE1,1:R1-7:R2$$$",-5.39600000,ok,,flexible
"PEPTIDE1{meA.P.T.T.A.meL.dL}$PEPTIDE1,PEPTIDE1,1:R1-7:R2$$$",-5.82200000,ok,,flexible
"PEPTIDE1{dA.F.V.L.L.I.P}$PEPTIDE1,PEPTIDE1,1:R1-7:R2$$$",-5.54500000,ok,,flexible
"PEPTIDE1{meA.L.meL.Me_dL.I.dL.V}$PEPTIDE1,PEPTIDE1,1:R1-7:R2$$$",-5.01700000,ok,,flexible
"PEPTIDE1{dV.meS.T.I.A.dL.meL}$PEPTIDE1,PEPTIDE1,1:R1-7:R2$$$",-6.02600000,ok,,flexible
"PEPTIDE1{dV.dA.meL.G.P.F.V}$PEPTIDE1,PEPTIDE1,1:R1-7:R2$$$",-6.18600000,ok,,flexible
"PEPTIDE1{meA.meL.Me_dL.F.T.L.P}$PEPTIDE1,PEPTIDE1,1:R1-7:R2$$$",-6.02800000,ok,,flexible
"PEPTIDE1{meA.P.meL.A.L.F.meF}$PEPTIDE1,PEPTIDE1,1:R1-7:R2$$$",-6.41600000,ok,,flexible
"PEPTIDE1{F.Me_dA.Me_dL.V.I.L.A}$PEPTIDE1,PEPTIDE1,1:R1-7:R2$$$",-5.89200000,ok,,flexible
"PEPTIDE1{dF.cHexCH2_Gly.I.Ser(tBu).L.T.Me_Phe(3-Cl)}$PEPTIDE1,PEPTIDE1,1:R1-7:R2$$$",-5.61900000,ok,,flexible
"PEPTIDE1{dV.I.Ser(tBu).meA.F.P.V}$PEPTIDE1,PEPTIDE1,1:R1-7:R2$$$",-5.62100000,ok,,flexible
"PEPTIDE1{F.T.A.meL.meL.L.L}$PEPTIDE1,PEPTIDE1,1:R1-7:R2$$$",-5.35200000,ok,,flexible
"PEPTIDE1{A.dL.meA.P.I.meL.V}$PEPTIDE1,PEPTIDE1,1:R1-7:R2$$$",-5.81200000,ok,,flexible
"PEPTIDE1{dA.F.T.pentyl_Gly.V.meL.L}$PEPTIDE1,PEPTIDE1,1:R1-7:R2$$$",-5.41800000,ok,,flexible
"PEPTIDE1{L.P.meL.Ser(tBu).dL.T.T}$PEPTIDE1,PEPTIDE1,1:R1-7:R2$$$",-5.21100000,ok,,flexible
"PEPTIDE1{L.Me_dA.G.meA.T.meF.meL}$PEPTIDE1,PEPTIDE1,1:R1-7:R2$$$",-5.83400000,ok,,flexible
"PEPTIDE1{Mono6.Me_dL.meL.Me_dA.meS.P.dL}$PEPTIDE1,PEPTIDE1,1:R1-7:R2$$$",-5.46200000,ok,,flexible
"PEPTIDE1{Me_dA.L.meA.Me_dL.meF.V.T}$PEPTIDE1,PEPTIDE1,1:R1-7:R2$$$",-5.91200000,ok,,flexible
"PEPTIDE1{Pr_Gly.P.T.A.meL.I.L}$PEPTIDE1,PEPTIDE1,1:R1-7:R2$$$",-5.70800000,ok,,flexible
"PEPTIDE1{dA.pentyl_Gly.A.meL.meA.T.V}$PEPTIDE1,PEPTIDE1,1:R1-7:R2$$$",-5.64200000,ok,,flexible
"PEPTIDE1{meA.Me_dA.T.meL.L.dL.F}$PEPTIDE1,PEPTIDE1,1:R1-7:R2$$$",-5.52200000,ok,,flexible
"PEPTIDE1{Me_Bal.G.T.P.dL.I.meA}$PEPTIDE1,PEPTIDE1,1:R1-7:R2$$$",-5.90800000,ok,,flexible
"PEPTIDE1{meA.meL.I.Me_dL.T.dA.L}$PEPTIDE1,PEPTIDE1,1:R1-7:R2$$$",-5.87500000,ok,,flexible
"PEPTIDE1{meA.L.meS.dP.A.Me_dA.Me_dL}$PEPTIDE1,PEPTIDE1,1:R1-7:R2$$$",-6.05800000,ok,,flexible
"PEPTIDE1{Me_dA.F.meL.dL.V.Me_dL.T}$PEPTIDE1,PEPTIDE1,1:R1-7:R2$$$",-5.68900000,ok,,flexible
"PEPTIDE1{meL.pentyl_Gly.meF.P.Mono78.I.L}$PEPTIDE1,PEPTIDE1,1:R1-7:R2$$$",-5.88300000,ok,,flexible
"PEPTIDE1{meA.meL.Ala(5-Tet).L.T.I.T}$PEPTIDE1,PEPTIDE1,1:R1-7:R2$$$",-5.60900000,ok,,flexible
"PEPTIDE1{Me_dA.T.meL.meS.Me_dL.meA.Abu}$PEPTIDE1,PEPTIDE1,1:R1-7:R2$$$",-5.39200000,ok,,flexible
"PEPTIDE1{meA.T.F.T.dP.meL.dL}$PEPTIDE1,PEPTIDE1,1:R1-7:R2$$$",-6.16900000,ok,,flexible
"PEPTIDE1{dF.T.L.Ala(5-Tet).A.Aoc(2).meF}$PEPTIDE1,PEPTIDE1,1:R1-7:R2$$$",-5.27500000,ok,,flexible
"PEPTIDE1{Me_Bal.meA.L.Me_dL.F.meL.meL}$PEPTIDE1,PEPTIDE1,1:R1-7:R2$$$",-5.40400000,ok,,flexible
"PEPTIDE1{A.Me_dAbu.L.Ala(5-Tet).meS.I.Abu}$PEPTIDE1,PEPTIDE1,1:R1-7:R2$$$",-5.83000000,ok,,flexible
"PEPTIDE1{Me_dA.F.meL.L.T.G.dL}$PEPTIDE1,PEPTIDE1,1:R1-7:R2$$$",-5.72000000,ok,,flexible
"PEPTIDE1{meL.Abu.L.A.meA.dV.meL}$PEPTIDE1,PEPTIDE1,1:R1-7:R2$$$",-6.65100000,ok,,flexible
"PEPTIDE1{L.meL.Ala(5-Tet).T.A.meL.dL}$PEPTIDE1,PEPTIDE1,1:R1-7:R2$$$",-5.56700000,ok,,flexible
"PEPTIDE1{dA.meF.meA.meL.L.dL.dP}$PEPTIDE1,PEPTIDE1,1:R1-7:R2$$$",-6.28000000,ok,,flexible
"PEPTIDE1{L.I.L.G.T.meA.meL}$PEPTIDE1,PEPTIDE1,1:R1-7:R2$$$",-5.17400000,ok,,flexible
"PEPTIDE1{Me_dA.Sar.meF.Abu.meS.Aoc(2).Ala(5-Tet)}$PEPTIDE1,PEPTIDE1,1:R1-7:R2$$$",-5.99300000,ok,,flexible
"PEPTIDE1{Me_dA.dL.dP.meA.meL.meL.T}$PEPTIDE1,PEPTIDE1,1:R1-7:R2$$$",-5.75000000,ok,,flexible
"PEPTIDE1{Me_Bal.T.L.meL.V.F.meF}$PEPTIDE1,PEPTIDE1,1:R1-7:R2$$$",-7.28000000,ok,,flexible
"PEPTIDE1{L.meF.Aoc(2).meL.meL.dL.Ser(tBu)}$PEPTIDE1,PEPTIDE1,1:R1-7:R2$$$",-4.47900000,ok,,flexible
"PEPTIDE1{meL.Sar.dA.T.Me_dL.F.L}$PEPTIDE1,PEPTIDE1,1:R1-7:R2$$$",-5.62500000,ok,,flexible
"PEPTIDE1{dA.meL.A.meF.meA.meL.T}$PEPTIDE1,PEPTIDE1,1:R1-7:R2$$$",-6.41800000,ok,,flexible
"PEPTIDE1{L.pentyl_Gly.T.P.meL.dP.A}$PEPTIDE1,PEPTIDE1,1:R1-7:R2$$$",-5.42500000,ok,,flexible
"PEPTIDE1{meA.meL.F.I.meL.Sar.V}$PEPTIDE1,PEPTIDE1,1:R1-7:R2$$$",-6.06300000,ok,,flexible
"PEPTIDE1{meA.A.Ala(5-Tet).Aoc(2).meS.Me_dL.meL}$PEPTIDE1,PEPTIDE1,1:R1-7:R2$$$",-5.57000000,ok,,flexible
"PEPTIDE1{meL.A.meS.meA.Me_dA.meF.T}$PEPTIDE1,PEPTIDE1,1:R1-7:R2$$$",-6.62700000,ok,,flexible
"PEPTIDE1{meA.L.I.pentyl_Gly.dP.Me_dL.Ser(tBu)}$PEPTIDE1,PEPTIDE1,1:R1-7:R2$$$",-5.06400000,ok,,flexible
"PEPTIDE1{Me_Bal.meL.G.Me_dL.T.meA.meF}$PEPTIDE1,PEPTIDE1,1:R1-7:R2$$$",-6.62200000,ok,,flexible
"PEPTIDE1{meA.L.F.P.meF.A.V}$PEPTIDE1,PEPTIDE1,1:R1-7:R2$$$",-6.30600000,ok,,flexible
"PEPTIDE1{Me_dA.Aoc(2).meF.T.meL.I.meA}$PEPTIDE1,PEPTIDE1,1:R1-7:R2$$$",-5.22100000,ok,,flexible
"PEPTIDE1{dA.P.Me_dL.meA.L.L.T}$PEPTIDE1,PEPTIDE1,1:R1-7:R2$$$",-5.69100000,ok,,flexible
"PEPTIDE1{dF.L.meF.Ser(tBu).G.meL.V}$PEPTIDE1,PEPTIDE1,1:R1-7:R2$$$",-5.79000000,ok,,flexible
"PEPTIDE1{F.Me_dL.T.dL.Me_Phe(3-Cl).I.3Pal}$PEPTIDE1,PEPTIDE1,1:R1-7:R2$$$",-5.77600000,ok,,flexible
"PEPTIDE1{Me_dA.meF.meA.F.meL.dL.L}$PEPTIDE1,PEPTIDE1,1:R1-7:R2$$$",-6.05400000,ok,,flexible
"PEPTIDE1{dF.L.dL.A.Ser(tBu).meF.Met(O2)}$PEPTIDE1,PEPTIDE1,1:R1-7:R2$$$",-5.91200000,ok,,flexible
"PEPTIDE1{A.dL.meA.T.L.Me_dL.meL}$PEPTIDE1,PEPTIDE1,1:R1-7:R2$$$",-5.76300000,ok,,flexible
"PEPTIDE1{meL.A.meA.dA.meF.Me_dA.dL}$PEPTIDE1,PEPTIDE1,1:R1-7:R2$$$",-6.15600000,ok,,flexible
"PEPTIDE1{F.A.meL.Me_dL.Ser(tBu).T.meF}$PEPTIDE1,PEPTIDE1,1:R1-7:R2$$$",-5.55200000,ok,,flexible
"PEPTIDE1{A.meL.meA.I.dL.dP.meV}$PEPTIDE1,PEPTIDE1,1:R1-7:R2$$$",-5.87500000,ok,,flexible
"PEPTIDE1{Me_Bal.meL.T.V.Ser(tBu).Me_Phe(3-Cl).I}$PEPTIDE1,PEPTIDE1,1:R1-7:R2$$$",-5.00700000,ok,,flexible
"PEPTIDE1{meA.L.meL.V.Me_dA.A.dL}$PEPTIDE1,PEPTIDE1,1:R1-7:R2$$$",-6.64600000,ok,,flexible
"PEPTIDE1{dA.meL.Me_dL.A.L.meV.F}$PEPTIDE1,PEPTIDE1,1:R1-7:R2$$$",-5.64800000,ok,,flexible
"PEPTIDE1{meA.Me_dL.T.V.L.Ser(tBu).A}$PEPTIDE1,PEPTIDE1,1:R1-7:R2$$$",-6.00900000,ok,,flexible
"PEPTIDE1{dF.F.Me_Phe(3-Cl).meF.meL.meI.meA}$PEPTIDE1,PEPTIDE1,1:R1-7:R2$$$",-5.69100000,ok,,flexible
"PEPTIDE1{Me_dA.dA.meF.meL.T.P.L}$PEPTIDE1,PEPTIDE1,1:R1-7:R2$$$",-6.05200000,ok,,flexible
"PEPTIDE1{meA.F.meL.P.meL.A.V}$PEPTIDE1,PEPTIDE1,1:R1-7:R2$$$",-6.11300000,ok,,flexible
"PEPTIDE1{Pr_Gly.dA.dL.Me_dL.P.V.meA}$PEPTIDE1,PEPTIDE1,1:R1-7:R2$$$",-5.93900000,ok,,flexible
"PEPTIDE1{dV.Abu.L.L.A.dL.V}$PEPTIDE1,PEPTIDE1,1:R1-7:R2$$$",-5.59500000,ok,,flexible
"PEPTIDE1{dV.Me_dL.I.meL.L.meA.meV}$PEPTIDE1,PEPTIDE1,1:R1-7:R2$$$",-5.36800000,ok,,flexible
"PEPTIDE1{Me_Bal.dL.L.F.T.L.T}$PEPTIDE1,PEPTIDE1,1:R1-7:R2$$$",-5.37900000,ok,,flexible
"PEPTIDE1{Pr_Gly.meL.T.L.Me_dL.A.I}$PEPTIDE1,PEPTIDE1,1:R1-7:R2$$$",-5.89800000,ok,,flexible
"PEPTIDE1{A.meS.meL.I.dP.Aoc(2).L}$PEPTIDE1,PEPTIDE1,1:R1-7:R2$$$",-5.52900000,ok,,flexible
"PEPTIDE1{L.meL.A.P.dP.meA.meS}$PEPTIDE1,PEPTIDE1,1:R1-7:R2$$$",-6.64200000,ok,,flexible
"PEPTIDE1{dF.L.A.meL.meL.T.Me_Phe(3-Cl)}$PEPTIDE1,PEPTIDE1,1:R1-7:R2$$$",-5.44400000,ok,,flexible
"PEPTIDE1{dV.T.F.Me_dL.L.meA.dA}$PEPTIDE1,PEPTIDE1,1:R1-7:R2$$$",-5.50800000,ok,,flexible
"PEPTIDE1{meL.A.L.dP.dP.F.T}$PEPTIDE1,PEPTIDE1,1:R1-7:R2$$$",-5.89300000,ok,,flexible
"PEPTIDE1{Me_dA.Me_dL.L.I.Sar.meL.A}$PEPTIDE1,PEPTIDE1,1:R1-7:R2$$$",-5.56400000,ok,,flexible
"PEPTIDE1{F.L.I.meL.T.meA.meF}$PEPTIDE1,PEPTIDE1,1:R1-7:R2$$$",-5.82600000,ok,,flexible
"PEPTIDE1{A.Sar.T.meL.dL.meA.F}$PEPTIDE1,PEPTIDE1,1:R1-7:R2$$$",-5.82600000,ok,,flexible
"PEPTIDE1{dA.meL.meS.L.Sar.F.I}$PEPTIDE1,PEPTIDE1,1:R1-7:R2$$$",-5.56700000,ok,,flexible
"PEPTIDE1{Me_Bal.L.T.pentyl_Gly.meL.Aoc(2).I}$PEPTIDE1,PEPTIDE1,1:R1-7:R2$$$",-4.58100000,ok,,flexible
"PEPTIDE1{Me_Bal.I.meA.L.meV.Bn_Gly.Me_dL}$PEPTIDE1,PEPTIDE1,1:R1-7:R2$$$",-5.80900000,ok,,flexible
"PEPTIDE1{L.T.A.F.P.meF.dL}$PEPTIDE1,PEPTIDE1,1:R1-7:R2$$$",-6.62200000,ok,,flexible
"PEPTIDE1{P.F.Pr_Gly.meL.meL.meA.V}$PEPTIDE1,PEPTIDE1,1:R1-7:R2$$$",-5.85800000,ok,,flexible
"PEPTIDE1{A.L.meA.F.V.T.L}$PEPTIDE1,PEPTIDE1,1:R1-7:R2$$$",-5.68000000,ok,,flexible
"PEPTIDE1{meA.L.meL.Mono78.meL.Ser(tBu).meF}$PEPTIDE1,PEPTIDE1,1:R1-7:R2$$$",-5.71600000,ok,,flexible
"PEPTIDE1{dF.L.dL.meL.F.I.Ser(tBu)}$PEPTIDE1,PEPTIDE1,1:R1-7:R2$$$",-5.34900000,ok,,flexible
"PEPTIDE1{Me_dA.T.meA.Me_dL.meF.T.F}$PEPTIDE1,PEPTIDE1,1:R1-7:R2$$$",-6.56000000,ok,,flexible
"PEPTIDE1{L.meF.V.dL.meA.L.meV}$PEPTIDE1,PEPTIDE1,1:R1-7:R2$$$",-5.69900000,ok,,flexible
"PEPTIDE1{dF.I.L.F.meL.A.T}$PEPTIDE1,PEPTIDE1,1:R1-7:R2$$$",-5.95900000,ok,,flexible
"PEPTIDE1{A.L.Me_dL.meA.I.meI.F}$PEPTIDE1,PEPTIDE1,1:R1-7:R2$$$",-4.98300000,ok,,flexible
"PEPTIDE1{dV.meL.meS.T.A.Sar.meL}$PEPTIDE1,PEPTIDE1,1:R1-7:R2$$$",-5.94900000,ok,,flexible
"PEPTIDE1{Sar.T.meF.F.V.dP.Me_dL}$PEPTIDE1,PEPTIDE1,1:R1-7:R2$$$",-6.12800000,ok,,flexible
"PEPTIDE1{L.T.I.dL.meL.V.meF}$PEPTIDE1,PEPTIDE1,1:R1-7:R2$$$",-5.32900000,ok,,flexible
"PEPTIDE1{meA.meL.I.Ser(tBu).L.P.V}$PEPTIDE1,PEPTIDE1,1:R1-7:R2$$$",-5.62300000,ok,,flexible
"PEPTIDE1{L.Me_dL.meA.Bn_Gly.V.meL.A}$PEPTIDE1,PEPTIDE1,1:R1-7:R2$$$",-5.74600000,ok,,flexible
"PEPTIDE1{dV.meF.Me_dL.A.dA.meA.dL}$PEPTIDE1,PEPTIDE1,1:R1-7:R2$$$",-6.14500000,ok,,flexible
"PEPTIDE1{meL.L.meA.meS.dL.Me_dA.dA}$PEPTIDE1,PEPTIDE1,1:R1-7:R2$$$",-5.41000000,ok,,flexible
"PEPTIDE1{dV.T.Ala(5-Tet).L.F.L.Me_Phe(3-Cl)}$PEPTIDE1,PEPTIDE1,1:R1-7:R2$$$",-5.70500000,ok,,flexible
"PEPTIDE1{dV.F.meL.Ser(tBu).I.Me_Phe(3-Cl).Me_dA}$PEPTIDE1,PEPTIDE1,1:R1-7:R2$$$",-5.48400000,ok,,flexible
"PEPTIDE1{Me_Bal.F.L.meL.T.A.Ser(tBu)}$PEPTIDE1,PEPTIDE1,1:R1-7:R2$$$",-5.42700000,ok,,flexible
"PEPTIDE1{meA.Pr_Gly.dL.Me_dL.F.L.meV}$PEPTIDE1,PEPTIDE1,1:R1-7:R2$$$",-5.43100000,ok,,flexible
"PEPTIDE1{meA.L.meF.A.dL.L.F}$PEPTIDE1,PEPTIDE1,1:R1-7:R2$$$",-6.01400000,ok,,flexible
"PEPTIDE1{Me_dA.T.meL.Me_dL.L.Ser(tBu).P}$PEPTIDE1,PEPTIDE1,1:R1-7:R2$$$",-5.01200000,ok,,flexible
"PEPTIDE1{A.P.meA.Me_dL.T.meF.dL}$PEPTIDE1,PEPTIDE1,1:R1-7:R2$$$",-5.94800000,ok,,flexible
"PEPTIDE1{Sar.Ser(tBu).A.L.P.dV.F}$PEPTIDE1,PEPTIDE1,1:R1-7:R2$$$",-6.16300000,ok,,flexible
"PEPTIDE1{dV.meL.P.V.I.dL.meA}$PEPTIDE1,PEPTIDE1,1:R1-7:R2$$$",-5.45500000,ok,,flexible
"PEPTIDE1{meA.dP.A.meS.T.dL.meF}$PEPTIDE1,PEPTIDE1,1:R1-7:R2$$$",-6.39600000,ok,,flexible
"PEPTIDE1{dV.meL.meA.T.A.Me_dL.T}$PEPTIDE1,PEPTIDE1,1:R1-7:R2$$$",-6.02100000,ok,,flexible
"PEPTIDE1{A.Me_dL.F.meL.V.L.P}$PEPTIDE1,PEPTIDE1,1:R1-7:R2$$$",-5.69600000,ok,,flexible
"PEPTIDE1{dV.L.A.meA.Sar.I.T}$PEPTIDE1,PEPTIDE1,1:R1-7:R2$$$",-5.56800000,ok,,flexible
"PEPTIDE1{Mono6.dP.meL.T.F.meA.A}$PEPTIDE1,PEPTIDE1,1:R1-7:R2$$$",-7.03500000,ok,,flexible
"PEPTIDE1{A.T.F.Me_dL.meL.Ser(tBu).meA}$PEPTIDE1,PEPTIDE1,1:R1-7:R2$$$",-5.86500000,ok,,flexible
"PEPTIDE1{F.meL.Ser(tBu).P.G.dP.T}$PEPTIDE1,PEPTIDE1,1:R1-7:R2$$$",-5.94400000,ok,,flexible
"PEPTIDE1{L.T.Me_dL.A.Me_dA.meL.Sar}$PEPTIDE1,PEPTIDE1,1:R1-7:R2$$$",-6.14200000,ok,,flexible
"PEPTIDE1{meL.A.A.P.L.dL.T}$PEPTIDE1,PEPTIDE1,1:R1-7:R2$$$",-6.01700000,ok,,flexible
"PEPTIDE1{Me_Bal.L.meA.T.meL.V.F}$PEPTIDE1,PEPTIDE1,1:R1-7:R2$$$",-5.88700000,ok,,flexible
"PEPTIDE1{L.dL.T.Me_dL.meL.meF.V}$PEPTIDE1,PEPTIDE1,1:R1-7:R2$$$",-4.90000000,ok,,flexible
"PEPTIDE1{Mono6.L.P.dL.T.meL.meA}$PEPTIDE1,PEPTIDE1,1:R1-7:R2$$$",-5.79300000,ok,,flexible
"PEPTIDE1{A.Aoc(2).T.meL.T.3Pal.meS}$PEPTIDE1,PEPTIDE1,1:R1-7:R2$$$",-5.24400000,ok,,flexible
"PEPTIDE1{dP.Pr_Gly.L.A.meL.Me_dL.T}$PEPTIDE1,PEPTIDE1,1:R1-7:R2$$$",-5.53400000,ok,,flexible
"PEPTIDE1{dA.pentyl_Gly.G.meL.L.V.F}$PEPTIDE1,PEPTIDE1,1:R1-7:R2$$$",-5.17000000,ok,,flexible
"PEPTIDE1{meA.Pr_Gly.Me_dL.F.T.meF.dF}$PEPTIDE1,PEPTIDE1,1:R1-7:R2$$$",-5.68000000,ok,,flexible
"PEPTIDE1{Me_Bal.T.meA.V.meL.Bn_Gly.Me_dL}$PEPTIDE1,PEPTIDE1,1:R1-7:R2$$$",-5.37500000,ok,,flexible
"PEPTIDE1{meA.Me_dL.V.meV.meL.L.meF}$PEPTIDE1,PEPTIDE1,1:R1-7:R2$$$",-5.82300000,ok,,flexible
"PEPTIDE1{dA.P.meF.Me_dA.T.meL.Bn_Gly}$PEPTIDE1,PEPTIDE1,1:R1-7:R2$$$",-6.43700000,ok,,flexible
"PEPTIDE1{dA.meF.meL.Ser(tBu).T.L.I}$PEPTIDE1,PEPTIDE1,1:R1-7:R2$$$",-5.17300000,ok,,flexible
"PEPTIDE1{A.Pr_Gly.Me_dA.F.meL.meA.Me_dL}$PEPTIDE1,PEPTIDE1,1:R1-7:R2$$$",-5.75700000,ok,,flexible
"PEPTIDE1{Me_dA.dP.P.meS.meA.Me_dL.A}$PEPTIDE1,PEPTIDE1,1:R1-7:R2$$$",-6.27600000,ok,,flexible
"PEPTIDE1{Me_Bal.dL.L.L.A.meA.Me_dL}$PEPTIDE1,PEPTIDE1,1:R1-7:R2$$$",-5.71200000,ok,,flexible
"PEPTIDE1{Mono6.dP.T.L.meA.T.Aoc(2)}$PEPTIDE1,PEPTIDE1,1:R1-7:R2$$$",-5.62100000,ok,,flexible
"PEPTIDE1{dP.meL.L.meA.F.Me_dL.meF}$PEPTIDE1,PEPTIDE1,1:R1-7:R2$$$",-6.53000000,ok,,flexible
"PEPTIDE1{meA.dL.L.T.V.meF.Me_dA}$PEPTIDE1,PEPTIDE1,1:R1-7:R2$$$",-5.46600000,ok,,flexible
"PEPTIDE1{A.meL.G.L.L.dL.meA}$PEPTIDE1,PEPTIDE1,1:R1-7:R2$$$",-5.91600000,ok,,flexible
"PEPTIDE1{A.T.L.meL.Abu.meV.V}$PEPTIDE1,PEPTIDE1,1:R1-7:R2$$$",-5.80000000,ok,,flexible
"PEPTIDE1{Me_Bal.meA.I.dL.meL.L.A}$PEPTIDE1,PEPTIDE1,1:R1-7:R2$$$",-5.41500000,ok,,flexible
"PEPTIDE1{L.P.meA.Sar.cHexCH2_Gly.T.F}$PEPTIDE1,PEPTIDE1,1:R1-7:R2$$$",-5.74400000,ok,,flexible
"PEPTIDE1{Me_dA.A.meL.meS.meF.Aoc(2).Sar}$PEPTIDE1,PEPTIDE1,1:R1-7:R2$$$",-5.32300000,ok,,flexible
"PEPTIDE1{L.Me_dL.meF.Pr_Gly.meA.meL.A}$PEPTIDE1,PEPTIDE1,1:R1-7:R2$$$",-5.90700000,ok,,flexible
"PEPTIDE1{F.L.T.P.Me_Phe(3-Cl).dL.Me_dA}$PEPTIDE1,PEPTIDE1,1:R1-7:R2$$$",-5.84500000,ok,,flexible
"PEPTIDE1{meA.Abu.L.meF.dL.Me_dL.I}$PEPTIDE1,PEPTIDE1,1:R1-7:R2$$$",-6.56600000,ok,,flexible
"PEPTIDE1{Me_Bal.T.L.meF.A.meA.Me_dL}$PEPTIDE1,PEPTIDE1,1:R1-7:R2$$$",-6.16100000,ok,,flexible
"PEPTIDE1{meA.dV.Me_dL.A.meF.P.meL}$PEPTIDE1,PEPTIDE1,1:R1-7:R2$$$",-6.43100000,ok,,flexible
"PEPTIDE1{dA.P.V.meA.A.G.dP}$PEPTIDE1,PEPTIDE1,1:R1-7:R2$$$",-6.62700000,ok,,flexible
"PEPTIDE1{Me_Bal.L.Me_dA.A.meA.meL.dL}$PEPTIDE1,PEPTIDE1,1:R1-7:R2$$$",-6.54400000,ok,,flexible
"PEPTIDE1{A.Me_dL.T.meL.pentyl_Gly.V.Mono78}$PEPTIDE1,PEPTIDE1,1:R1-7:R2$$$",-6.78500000,ok,,flexible
"PEPTIDE1{Me_dA.L.dL.T.A.meL.Me_dL}$PEPTIDE1,PEPTIDE1,1:R1-7:R2$$$",-5.31700000,ok,,flexible
"PEPTIDE1{A.Abu.L.meA.meL.T.Sar}$PEPTIDE1,PEPTIDE1,1:R1-7:R2$$$",-6.18600000,ok,,flexible
"PEPTIDE1{A.dL.L.meA.Ser(tBu).meF.Me_dL}$PEPTIDE1,PEPTIDE1,1:R1-7:R2$$$",-5.84800000,ok,,flexible
"PEPTIDE1{meA.T.F.A.V.P.I}$PEPTIDE1,PEPTIDE1,1:R1-7:R2$$$",-6.51300000,ok,,flexible
"PEPTIDE1{Me_Bal.T.meL.meA.Sar.meL.P}$PEPTIDE1,PEPTIDE1,1:R1-7:R2$$$",-6.05900000,ok,,flexible
"PEPTIDE1{A.V.meF.P.Bn_Gly.T.Me_dL}$PEPTIDE1,PEPTIDE1,1:R1-7:R2$$$",-6.04400000,ok,,flexible
"PEPTIDE1{F.pentyl_Gly.L.P.V.dL.meA}$PEPTIDE1,PEPTIDE1,1:R1-7:R2$$$",-5.55300000,ok,,flexible
"PEPTIDE1{Me_dA.L.Aoc(2).V.Me_dL.meL.L}$PEPTIDE1,PEPTIDE1,1:R1-7:R2$$$",-4.76800000,ok,,flexible
"PEPTIDE1{Me_dA.L.meF.F.meA.G.dL}$PEPTIDE1,PEPTIDE1,1:R1-7:R2$$$",-6.88400000,ok,,flexible
"PEPTIDE1{meA.T.Abu.A.meF.T.meL}$PEPTIDE1,PEPTIDE1,1:R1-7:R2$$$",-6.09500000,ok,,flexible
"PEPTIDE1{Me_dA.T.dL.meF.F.meA.A}$PEPTIDE1,PEPTIDE1,1:R1-7:R2$$$",-6.28100000,ok,,flexible
"PEPTIDE1{Me_dA.meA.Me_dL.F.meS.meL.P}$PEPTIDE1,PEPTIDE1,1:R1-7:R2$$$",-5.93100000,ok,,flexible
"PEPTIDE1{A.F.meS.V.meL.T.I}$PEPTIDE1,PEPTIDE1,1:R1-7:R2$$$",-5.56900000,ok,,flexible
"PEPTIDE1{Pr_Gly.V.F.dL.meF.P.L}$PEPTIDE1,PEPTIDE1,1:R1-7:R2$$$",-5.88300000,ok,,flexible
"PEPTIDE1{dA.meF.Me_dL.Ser(tBu).meL.P.T}$PEPTIDE1,PEPTIDE1,1:R1-7:R2$$$",-5.77700000,ok,,flexible
"PEPTIDE1{dA.dV.T.A.meA.meL.meV}$PEPTIDE1,PEPTIDE1,1:R1-7:R2$$$",-5.84400000,ok,,flexible
"PEPTIDE1{Me_Bal.F.meA.V.T.Me_dL.L}$PEPTIDE1,PEPTIDE1,1:R1-7:R2$$$",-6.01200000,ok,,flexible
"PEPTIDE1{dA.meF.T.F.meA.meV.V}$PEPTIDE1,PEPTIDE1,1:R1-7:R2$$$",-6.55900000,ok,,flexible
"PEPTIDE1{Me_Bal.A.L.meA.meV.meF.V}$PEPTIDE1,PEPTIDE1,1:R1-7:R2$$$",-6.01400000,ok,,flexible
"PEPTIDE1{Mono6.pentyl_Gly.dL.D.L.P.Ser(tBu)}$PEPTIDE1,PEPTIDE1,1:R1-7:R2$$$",-5.38300000,ok,,flexible
"PEPTIDE1{Me_dA.Me_dL.meL.F.L.dL.T}$PEPTIDE1,PEPTIDE1,1:R1-7:R2$$$",-5.42200000,ok,,flexible
"PEPTIDE1{dA.Aoc(2).meL.Ala(5-Tet).Me_dL.meS.L}$PEPTIDE1,PEPTIDE1,1:R1-7:R2$$$",-5.03900000,ok,,flexible
"PEPTIDE1{dV.I.meA.L.Sar.meL.dL}$PEPTIDE1,PEPTIDE1,1:R1-7:R2$$$",-5.46000000,ok,,flexible
"PEPTIDE1{Me_dA.pentyl_Gly.L.A.V.meA.I}$PEPTIDE1,PEPTIDE1,1:R1-7:R2$$$",-5.96900000,ok,,flexible
"PEPTIDE1{Mono6.Ser(tBu).T.P.T.meA.L}$PEPTIDE1,PEPTIDE1,1:R1-7:R2$$$",-6.23700000,ok,,flexible
"PEPTIDE1{dV.L.meF.meA.V.F.meL}$PEPTIDE1,PEPTIDE1,1:R1-7:R2$$$",-5.87200000,ok,,flexible
"PEPTIDE1{dV.meS.meL.T.Abu.dA.dL}$PEPTIDE1,PEPTIDE1,1:R1-7:R2$$$",-5.43100000,ok,,flexible
"PEPTIDE1{Sar.V.dP.Me_dL.T.T.I}$PEPTIDE1,PEPTIDE1,1:R1-7:R2$$$",-5.54700000,ok,,flexible
"PEPTIDE1{L.pentyl_Gly.cHexCH2_Gly.F.T.L.meL}$PEPTIDE1,PEPTIDE1,1:R1-7:R2$$$",-5.18500000,ok,,flexible
"PEPTIDE1{dV.Mono38.A.meF.dL.T.P}$PEPTIDE1,PEPTIDE1,1:R1-7:R2$$$",-6.05500000,ok,,flexible
"PEPTIDE1{dV.Abu.meA.T.Aoc(2).T.A}$PEPTIDE1,PEPTIDE1,1:R1-7:R2$$$",-5.48100000,ok,,flexible
"PEPTIDE1{A.Me_dL.T.meA.dP.L.T}$PEPTIDE1,PEPTIDE1,1:R1-7:R2$$$",-6.34800000,ok,,flexible
"PEPTIDE1{Me_Bal.F.V.meA.Me_dL.dL.meS}$PEPTIDE1,PEPTIDE1,1:R1-7:R2$$$",-5.35500000,ok,,flexible
"PEPTIDE1{dV.meA.meS.F.Ala(5-Tet).meF.L}$PEPTIDE1,PEPTIDE1,1:R1-7:R2$$$",-5.90300000,ok,,flexible
"PEPTIDE1{meA.meL.A.Me_dL.F.dL.L}$PEPTIDE1,PEPTIDE1,1:R1-7:R2$$$",-5.67600000,ok,,flexible
"PEPTIDE1{Me_dA.meL.Ser(tBu).T.Me_dL.meA.meL}$PEPTIDE1,PEPTIDE1,1:R1-7:R2$$$",-4.90500000,ok,,flexible
"PEPTIDE1{Pr_Gly.meL.A.meF.T.L.T}$PEPTIDE1,PEPTIDE1,1:R1-7:R2$$$",-6.03700000,ok,,flexible
"PEPTIDE1{A.meA.meL.T.I.F.T}$PEPTIDE1,PEPTIDE1,1:R1-7:R2$$$",-6.48800000,ok,,flexible
"PEPTIDE1{meA.L.A.meL.T.V.G}$PEPTIDE1,PEPTIDE1,1:R1-7:R2$$$",-5.78800000,ok,,flexible
"PEPTIDE1{A.meL.L.F.T.meF.T}$PEPTIDE1,PEPTIDE1,1:R1-7:R2$$$",-6.16700000,ok,,flexible
"PEPTIDE1{dA.meF.Aoc(2).T.I.V.L}$PEPTIDE1,PEPTIDE1,1:R1-7:R2$$$",-5.63200000,ok,,flexible
"PEPTIDE1{meL.T.A.meF.T.meA.L}$PEPTIDE1,PEPTIDE1,1:R1-7:R2$$$",-5.91000000,ok,,flexible
"PEPTIDE1{F.T.meA.meL.dP.dL.G}$PEPTIDE1,PEPTIDE1,1:R1-7:R2$$$",-5.97800000,ok,,flexible
"PEPTIDE1{Me_dA.meA.dL.meL.T.meF.F}$PEPTIDE1,PEPTIDE1,1:R1-7:R2$$$",-6.75300000,ok,,flexible
"PEPTIDE1{L.G.dP.A.meL.Me_Phe(3-Cl).V}$PEPTIDE1,PEPTIDE1,1:R1-7:R2$$$",-6.49700000,ok,,flexible
"PEPTIDE1{meA.Me_dL.L.meL.A.T.F}$PEPTIDE1,PEPTIDE1,1:R1-7:R2$$$",-5.55700000,ok,,flexible
"PEPTIDE1{A.meA.V.I.meL.meF.P}$PEPTIDE1,PEPTIDE1,1:R1-7:R2$$$",-5.57900000,ok,,flexible
"PEPTIDE1{dA.meA.meF.G.F.V.A}$PEPTIDE1,PEPTIDE1,1:R1-7:R2$$$",-6.99900000,ok,,flexible
"PEPTIDE1{Me_dA.A.T.meL.dA.L.Me_dL}$PEPTIDE1,PEPTIDE1,1:R1-7:R2$$$",-5.57800000,ok,,flexible
"PEPTIDE1{meA.Aoc(2).T.V.I.F.L}$PEPTIDE1,PEPTIDE1,1:R1-7:R2$$$",-5.01700000,ok,,flexible
"PEPTIDE1{A.T.A.meL.meA.I.L}$PEPTIDE1,PEPTIDE1,1:R1-7:R2$$$",-5.64600000,ok,,flexible
"PEPTIDE1{A.L.F.V.dP.L.meL}$PEPTIDE1,PEPTIDE1,1:R1-7:R2$$$",-5.78600000,ok,,flexible
"PEPTIDE1{A.pentyl_Gly.Me_dL.F.Ser(tBu).meL.L}$PEPTIDE1,PEPTIDE1,1:R1-7:R2$$$",-5.14800000,ok,,flexible
"PEPTIDE1{Me_dA.meS.meL.T.Me_dL.P.P}$PEPTIDE1,PEPTIDE1,1:R1-7:R2$$$",-5.80200000,ok,,flexible
"PEPTIDE1{meL.meS.L.Me_dL.A.meS.Abu}$PEPTIDE1,PEPTIDE1,1:R1-7:R2$$$",-5.67000000,ok,,flexible
"PEPTIDE1{Me_Bal.meL.I.L.meA.P.Mono84}$PEPTIDE1,PEPTIDE1,1:R1-7:R2$$$",-6.46700000,ok,,flexible
"PEPTIDE1{meA.L.meL.I.A.T.meF}$PEPTIDE1,PEPTIDE1,1:R1-7:R2$$$",-5.72100000,ok,,flexible
"PEPTIDE1{meA.F.meL.G.T.Me_dL.V}$PEPTIDE1,PEPTIDE1,1:R1-7:R2$$$",-5.86700000,ok,,flexible
"PEPTIDE1{A.T.F.Abu.L.Ala(5-Tet).P}$PEPTIDE1,PEPTIDE1,1:R1-7:R2$$$",-6.54600000,ok,,flexible
"PEPTIDE1{Me_dA.Pr_Gly.Me_dL.V.meL.T.L}$PEPTIDE1,PEPTIDE1,1:R1-7:R2$$$",-5.34200000,ok,,flexible
"PEPTIDE1{A.V.meA.meL.L.Ser(tBu).dL}$PEPTIDE1,PEPTIDE1,1:R1-7:R2$$$",-5.24500000,ok,,flexible
"PEPTIDE1{Mono6.T.meA.dL.L.meL.A}$PEPTIDE1,PEPTIDE1,1:R1-7:R2$$$",-6.55100000,ok,,flexible
"PEPTIDE1{L.P.I.dL.Ser(tBu).V.T}$PEPTIDE1,PEPTIDE1,1:R1-7:R2$$$",-4.92800000,ok,,flexible
"PEPTIDE1{Me_dA.F.meL.G.T.I.L}$PEPTIDE1,PEPTIDE1,1:R1-7:R2$$$",-6.40700000,ok,,flexible
"PEPTIDE1{dA.Ser(tBu).F.meA.dP.V.T}$PEPTIDE1,PEPTIDE1,1:R1-7:R2$$$",-6.11600000,ok,,flexible
"PEPTIDE1{Me_dA.P.meA.meL.L.dL.F}$PEPTIDE1,PEPTIDE1,1:R1-7:R2$$$",-6.27000000,ok,,flexible
"PEPTIDE1{A.L.G.T.meL.meL.meA}$PEPTIDE1,PEPTIDE1,1:R1-7:R2$$$",-5.67500000,ok,,flexible
"PEPTIDE1{dP.Pr_Gly.Me_dL.meA.T.meL.F}$PEPTIDE1,PEPTIDE1,1:R1-7:R2$$$",-5.31100000,ok,,flexible
"PEPTIDE1{A.F.L.P.meA.meL.T}$PEPTIDE1,PEPTIDE1,1:R1-7:R2$$$",-6.83700000,ok,,flexible
"PEPTIDE1{meA.L.meF.Me_dL.T.meL.V}$PEPTIDE1,PEPTIDE1,1:R1-7:R2$$$",-5.80400000,ok,,flexible
"PEPTIDE1{A.Sar.F.V.meS.L.meA}$PEPTIDE1,PEPTIDE1,1:R1-7:R2$$$",-6.62800000,ok,,flexible
"PEPTIDE1{L.I.meL.dL.P.V.pentyl_Gly}$PEPTIDE1,PEPTIDE1,1:R1-7:R2$$$",-4.72100000,ok,,flexible
"PEPTIDE1{Me_Bal.Pr_Gly.meL.A.Ser(tBu).I.L}$PEPTIDE1,PEPTIDE1,1:R1-7:R2$$$",-4.88900000,ok,,flexible
"PEPTIDE1{L.P.dP.Me_dL.T.A.meL}$PEPTIDE1,PEPTIDE1,1:R1-7:R2$$$",-5.51700000,ok,,flexible
"PEPTIDE1{Me_Bal.L.L.meF.meL.I.T}$PEPTIDE1,PEPTIDE1,1:R1-7:R2$$$",-5.54300000,ok,,flexible
"PEPTIDE1{meA.meL.V.F.T.I.Me_dA}$PEPTIDE1,PEPTIDE1,1:R1-7:R2$$$",-6.40700000,ok,,flexible
"PEPTIDE1{dV.meF.A.Ser(tBu).L.I.meL}$PEPTIDE1,PEPTIDE1,1:R1-7:R2$$$",-6.36700000,ok,,flexible
"PEPTIDE1{meA.dP.meL.Ser(tBu).L.P.meS}$PEPTIDE1,PEPTIDE1,1:R1-7:R2$$$",-5.93900000,ok,,flexible
"PEPTIDE1{A.dF.L.pentyl_Gly.T.Aoc(2).P}$PEPTIDE1,PEPTIDE1,1:R1-7:R2$$$",-6.05100000,ok,,flexible
"PEPTIDE1{L.A.dL.P.F.V.Me_dL}$PEPTIDE1,PEPTIDE1,1:R1-7:R2$$$",-5.31500000,ok,,flexible
"PEPTIDE1{Mono6.meA.L.P.meL.meL.Me_dL}$PEPTIDE1,PEPTIDE1,1:R1-7:R2$$$",-5.71400000,ok,,flexible
"PEPTIDE1{dV.meF.Ser(tBu).dP.dL.I.A}$PEPTIDE1,PEPTIDE1,1:R1-7:R2$$$",-5.79600000,ok,,flexible
"PEPTIDE1{A.Me_dL.Phe(4-CF3).meL.meA.dV.Ser(tBu)}$PEPTIDE1,PEPTIDE1,1:R1-7:R2$$$",-6.18100000,ok,,flexible
"PEPTIDE1{L.meL.meA.meF.dL.Ser(tBu).Mono78}$PEPTIDE1,PEPTIDE1,1:R1-7:R2$$$",-5.28400000,ok,,flexible
"PEPTIDE1{meA.Me_dL.dL.Aib.meL.dP.T}$PEPTIDE1,PEPTIDE1,1:R1-7:R2$$$",-5.82900000,ok,,flexible
"PEPTIDE1{dA.P.Me_dL.V.meL.Me_dL.meL}$PEPTIDE1,PEPTIDE1,1:R1-7:R2$$$",-5.25500000,ok,,flexible
"PEPTIDE1{Me_dA.meF.meS.L.F.T.dP}$PEPTIDE1,PEPTIDE1,1:R1-7:R2$$$",-6.23000000,ok,,flexible
"PEPTIDE1{Me_Bal.meL.L.F.L.V.A}$PEPTIDE1,PEPTIDE1,1:R1-7:R2$$$",-6.11600000,ok,,flexible
"PEPTIDE1{L.T.meA.Me_dL.A.meL.Ser(tBu)}$PEPTIDE1,PEPTIDE1,1:R1-7:R2$$$",-5.33700000,ok,,flexible
"PEPTIDE1{Me_Bal.T.I.A.meS.Me_dL.Abu}$PEPTIDE1,PEPTIDE1,1:R1-7:R2$$$",-5.80900000,ok,,flexible
"PEPTIDE1{dA.dP.L.meL.V.A.T}$PEPTIDE1,PEPTIDE1,1:R1-7:R2$$$",-6.53900000,ok,,flexible
"PEPTIDE1{meA.F.L.A.T.L.V}$PEPTIDE1,PEPTIDE1,1:R1-7:R2$$$",-5.80100000,ok,,flexible
"PEPTIDE1{F.T.meL.meA.dL.A.Bn_Gly}$PEPTIDE1,PEPTIDE1,1:R1-7:R2$$$",-5.79000000,ok,,flexible
"PEPTIDE1{meA.V.L.T.meL.G.F}$PEPTIDE1,PEPTIDE1,1:R1-7:R2$$$",-5.86100000,ok,,flexible
"PEPTIDE1{Me_Bal.T.T.F.A.P.L}$PEPTIDE1,PEPTIDE1,1:R1-7:R2$$$",-6.38800000,ok,,flexible
"PEPTIDE1{dA.Me_dA.P.Me_dL.T.dP.meL}$PEPTIDE1,PEPTIDE1,1:R1-7:R2$$$",-6.06300000,ok,,flexible
"PEPTIDE1{Sar.P.T.meL.dL.T.meA}$PEPTIDE1,PEPTIDE1,1:R1-7:R2$$$",-5.98900000,ok,,flexible
"PEPTIDE1{L.P.A.P.meV.meF.dL}$PEPTIDE1,PEPTIDE1,1:R1-7:R2$$$",-6.42100000,ok,,flexible
"PEPTIDE1{dF.L.F.meA.T.meF.Phe(4-CF3)}$PEPTIDE1,PEPTIDE1,1:R1-7:R2$$$",-7.18600000,ok,,flexible
"PEPTIDE1{dA.T.F.meF.A.meL.Me_dL}$PEPTIDE1,PEPTIDE1,1:R1-7:R2$$$",-6.07500000,ok,,flexible
"PEPTIDE1{Sar.F.cHexCH2_Gly.Ser(tBu).Me_dL.meF.meL}$PEPTIDE1,PEPTIDE1,1:R1-7:R2$$$",-5.79900000,ok,,flexible
"PEPTIDE1{Me_dA.F.L.V.P.I.meL}$PEPTIDE1,PEPTIDE1,1:R1-7:R2$$$",-6.02200000,ok,,flexible
"PEPTIDE1{Me_Bal.P.dL.T.L.I.meL}$PEPTIDE1,PEPTIDE1,1:R1-7:R2$$$",-5.76700000,ok,,flexible
"PEPTIDE1{dF.meL.meA.Me_dL.dL.meL.meA}$PEPTIDE1,PEPTIDE1,1:R1-7:R2$$$",-5.91800000,ok,,flexible
"PEPTIDE1{Me_Bal.meL.Me_dL.meL.L.V.A}$PEPTIDE1,PEPTIDE1,1:R1-7:R2$$$",-5.61200000,ok,,flexible
"PEPTIDE1{Me_dA.meL.Me_dL.dA.meF.dL.F}$PEPTIDE1,PEPTIDE1,1:R1-7:R2$$$",-6.06200000,ok,,flexible
"PEPTIDE1{meA.dP.T.meL.dL.L.Ser(tBu)}$PEPTIDE1,PEPTIDE1,1:R1-7:R2$$$",-5.72200000,ok,,flexible
"PEPTIDE1{L.meA.T.Me_dL.Bn_Gly.V.Ser(tBu)}$PEPTIDE1,PEPTIDE1,1:R1-7:R2$$$",-5.22100000,ok,,flexible
"PEPTIDE1{A.Pr_Gly.T.L.meL.G.dP}$PEPTIDE1,PEPTIDE1,1:R1-7:R2$$$",-5.44200000,ok,,flexible
"PEPTIDE1{Mono6.T.L.meL.I.meA.dL}$PEPTIDE1,PEPTIDE1,1:R1-7:R2$$$",-5.55700000,ok,,flexible
"PEPTIDE1{A.meF.L.T.F.P.I}$PEPTIDE1,PEPTIDE1,1:R1-7:R2$$$",-5.95000000,ok,,flexible
"PEPTIDE1{Me_dA.Pr_Gly.L.dL.Ser(tBu).T.meA}$PEPTIDE1,PEPTIDE1,1:R1-7:R2$$$",-5.25400000,ok,,flexible
"PEPTIDE1{meA.T.meL.L.A.meA.L}$PEPTIDE1,PEPTIDE1,1:R1-7:R2$$$",-5.44500000,ok,,flexible
"PEPTIDE1{meL.meF.Abu.L.T.A.Me_dL}$PEPTIDE1,PEPTIDE1,1:R1-7:R2$$$",-5.58900000,ok,,flexible
"PEPTIDE1{Me_dA.L.L.Me_dL.A.Ser(tBu).dL}$PEPTIDE1,PEPTIDE1,1:R1-7:R2$$$",-5.34500000,ok,,flexible
"PEPTIDE1{F.P.I.meL.T.L.meA}$PEPTIDE1,PEPTIDE1,1:R1-7:R2$$$",-5.93200000,ok,,flexible
"PEPTIDE1{meA.A.meS.T.L.Me_dL.I}$PEPTIDE1,PEPTIDE1,1:R1-7:R2$$$",-5.75000000,ok,,flexible
"PEPTIDE1{Sar.pentyl_Gly.T.meL.Ser(tBu).V.dL}$PEPTIDE1,PEPTIDE1,1:R1-7:R2$$$",-4.80900000,ok,,flexible
"PEPTIDE1{dA.meA.L.meL.I.P.dL}$PEPTIDE1,PEPTIDE1,1:R1-7:R2$$$",-5.90100000,ok,,flexible
"PEPTIDE1{meA.T.Me_dA.meL.dL.L.P}$PEPTIDE1,PEPTIDE1,1:R1-7:R2$$$",-5.92600000,ok,,flexible
"PEPTIDE1{Pr_Gly.Mono38.F.I.P.meF.A}$PEPTIDE1,PEPTIDE1,1:R1-7:R2$$$",-5.89200000,ok,,flexible
"PEPTIDE1{meA.V.T.Me_dL.Ser(tBu).L.F}$PEPTIDE1,PEPTIDE1,1:R1-7:R2$$$",-5.49600000,ok,,flexible
"PEPTIDE1{F.meA.dL.meL.meI.A.Ser(tBu)}$PEPTIDE1,PEPTIDE1,1:R1-7:R2$$$",-5.13900000,ok,,flexible
"PEPTIDE1{dF.I.meL.Ser(tBu).A.Aoc(2).T}$PEPTIDE1,PEPTIDE1,1:R1-7:R2$$$",-4.87800000,ok,,flexible
"PEPTIDE1{dV.meL.T.Ser(tBu).Me_Phe(3-Cl).A.L}$PEPTIDE1,PEPTIDE1,1:R1-7:R2$$$",-5.11100000,ok,,flexible
"PEPTIDE1{meL.Me_dL.meA.L.T.Me_dA.T}$PEPTIDE1,PEPTIDE1,1:R1-7:R2$$$",-5.70200000,ok,,flexible
"PEPTIDE1{A.L.pentyl_Gly.I.meI.Ser(tBu).L}$PEPTIDE1,PEPTIDE1,1:R1-7:R2$$$",-5.81600000,ok,,flexible
"PEPTIDE1{Pr_Gly.dP.meA.T.meL.L.V}$PEPTIDE1,PEPTIDE1,1:R1-7:R2$$$",-5.47000000,ok,,flexible
"PEPTIDE1{Me_dA.P.cHexCH2_Gly.I.A.meA.dL}$PEPTIDE1,PEPTIDE1,1:R1-7:R2$$$",-6.24700000,ok,,flexible
"PEPTIDE1{Me_dA.L.L.meL.F.T.meF}$PEPTIDE1,PEPTIDE1,1:R1-7:R2$$$",-6.16100000,ok,,flexible
"PEPTIDE1{meA.F.L.T.A.meL.V}$PEPTIDE1,PEPTIDE1,1:R1-7:R2$$$",-5.79000000,ok,,flexible
"PEPTIDE1{dA.Me_Phe(3-Cl).L.meL.meA.F.A}$PEPTIDE1,PEPTIDE1,1:R1-7:R2$$$",-6.73700000,ok,,flexible
"PEPTIDE1{Me_dA.I.L.meL.dL.T.A}$PEPTIDE1,PEPTIDE1,1:R1-7:R2$$$",-5.31400000,ok,,flexible
"PEPTIDE1{dV.Ser(tBu).L.meL.I.A.meF}$PEPTIDE1,PEPTIDE1,1:R1-7:R2$$$",-5.76400000,ok,,flexible
"PEPTIDE1{dA.G.L.dL.meL.meF.T}$PEPTIDE1,PEPTIDE1,1:R1-7:R2$$$",-5.99200000,ok,,flexible
"PEPTIDE1{dA.A.P.meV.L.Me_dL.Ser(tBu)}$PEPTIDE1,PEPTIDE1,1:R1-7:R2$$$",-6.00200000,ok,,flexible
"PEPTIDE1{Me_Bal.cHexCH2_Gly.L.P.meL.Ser(tBu).Aib}$PEPTIDE1,PEPTIDE1,1:R1-7:R2$$$",-6.02200000,ok,,flexible
"PEPTIDE1{meL.A.I.Sar.meA.meF.Me_Phe(3-Cl)}$PEPTIDE1,PEPTIDE1,1:R1-7:R2$$$",-6.07500000,ok,,flexible
"PEPTIDE1{dV.dP.dL.T.L.A.I}$PEPTIDE1,PEPTIDE1,1:R1-7:R2$$$",-5.72700000,ok,,flexible
"PEPTIDE1{dF.A.T.L.dL.I.Ser(tBu)}$PEPTIDE1,PEPTIDE1,1:R1-7:R2$$$",-5.27600000,ok,,flexible
"PEPTIDE1{dV.T.meA.V.I.meL.meV}$PEPTIDE1,PEPTIDE1,1:R1-7:R2$$$",-5.38600000,ok,,flexible
"PEPTIDE1{L.Aoc(2).T.I.T.Me_dL.dL}$PEPTIDE1,PEPTIDE1,1:R1-7:R2$$$",-5.21600000,ok,,flexible
"PEPTIDE1{Mono6.I.Bn_Gly.dL.Mono84.Mono86.V}$PEPTIDE1,PEPTIDE1,1:R1-7:R2$$$",-6.25100000,ok,,flexible
"PEPTIDE1{Me_dA.meF.meA.T.dL.I.L}$PEPTIDE1,PEPTIDE1,1:R1-7:R2$$$",-6.06400000,ok,,flexible
"PEPTIDE1{Me_dA.L.I.A.P.P.T}$PEPTIDE1,PEPTIDE1,1:R1-7:R2$$$",-6.36000000,ok,,flexible
"PEPTIDE1{dA.T.Ser(tBu).L.I.dL.meL}$PEPTIDE1,PEPTIDE1,1:R1-7:R2$$$",-5.02300000,ok,,flexible
"PEPTIDE1{Sar.L.V.T.F.meA.G}$PEPTIDE1,PEPTIDE1,1:R1-7:R2$$$",-5.92800000,ok,,flexible
"PEPTIDE1{A.L.dL.meI.meV.I.Ser(tBu)}$PEPTIDE1,PEPTIDE1,1:R1-7:R2$$$",-5.49800000,ok,,flexible
"PEPTIDE1{Me_Bal.F.meA.Ser(tBu).T.I.meF}$PEPTIDE1,PEPTIDE1,1:R1-7:R2$$$",-5.96900000,ok,,flexible
"PEPTIDE1{Me_dA.Pr_Gly.A.F.V.Me_dL.L}$PEPTIDE1,PEPTIDE1,1:R1-7:R2$$$",-5.47800000,ok,,flexible
"PEPTIDE1{A.L.meS.T.Ala(5-Tet).Sar.Me_dL}$PEPTIDE1,PEPTIDE1,1:R1-7:R2$$$",-5.81700000,ok,,flexible
"PEPTIDE1{Mono6.Abu.meL.T.dL.Me_dL.meF}$PEPTIDE1,PEPTIDE1,1:R1-7:R2$$$",-5.55900000,ok,,flexible
"PEPTIDE1{Me_Bal.Me_dL.I.meF.L.F.T}$PEPTIDE1,PEPTIDE1,1:R1-7:R2$$$",-5.68500000,ok,,flexible
"PEPTIDE1{dA.meL.A.L.Me_dL.P.meL}$PEPTIDE1,PEPTIDE1,1:R1-7:R2$$$",-5.81700000,ok,,flexible
"PEPTIDE1{meA.Me_dL.meL.Me_dA.L.T.V}$PEPTIDE1,PEPTIDE1,1:R1-7:R2$$$",-5.30100000,ok,,flexible
"PEPTIDE1{meA.Me_dL.Me_dL.meF.Abu.meL.T}$PEPTIDE1,PEPTIDE1,1:R1-7:R2$$$",-6.14100000,ok,,flexible
"PEPTIDE1{dF.meL.A.T.L.V.F}$PEPTIDE1,PEPTIDE1,1:R1-7:R2$$$",-5.87000000,ok,,flexible
"PEPTIDE1{meA.Abu.A.T.meL.meL.T}$PEPTIDE1,PEPTIDE1,1:R1-7:R2$$$",-5.76400000,ok,,flexible
"PEPTIDE1{meA.meL.F.T.P.Ser(tBu).T}$PEPTIDE1,PEPTIDE1,1:R1-7:R2$$$",-5.65900000,ok,,flexible
"PEPTIDE1{Me_dA.dL.meL.Me_dL.meA.meL.Pr_Gly}$PEPTIDE1,PEPTIDE1,1:R1-7:R2$$$",-5.03900000,ok,,flexible
"PEPTIDE1{Mono6.meL.meL.L.Me_dA.meA.Me_dL}$PEPTIDE1,PEPTIDE1,1:R1-7:R2$$$",-5.83400000,ok,,flexible
"PEPTIDE1{P.Pr_Gly.F.Ser(tBu).L.P.Me_dL}$PEPTIDE1,PEPTIDE1,1:R1-7:R2$$$",-5.54600000,ok,,flexible
"PEPTIDE1{dA.meA.dL.V.meF.L.Me_dA}$PEPTIDE1,PEPTIDE1,1:R1-7:R2$$$",-5.77400000,ok,,flexible
"PEPTIDE1{Me_Bal.meL.meF.G.meL.meA.T}$PEPTIDE1,PEPTIDE1,1:R1-7:R2$$$",-5.22700000,ok,,flexible
"PEPTIDE1{dA.pentyl_Gly.T.dL.meL.L.meA}$PEPTIDE1,PEPTIDE1,1:R1-7:R2$$$",-5.50100000,ok,,flexible
"PEPTIDE1{meA.P.meL.L.dL.meF.Sar}$PEPTIDE1,PEPTIDE1,1:R1-7:R2$$$",-6.12900000,ok,,flexible
"PEPTIDE1{dA.meA.F.T.dP.P.Me_dL}$PEPTIDE1,PEPTIDE1,1:R1-7:R2$$$",-6.21700000,ok,,flexible
"PEPTIDE1{dF.T.L.meL.dL.Me_dL.meF}$PEPTIDE1,PEPTIDE1,1:R1-7:R2$$$",-5.91200000,ok,,flexible
"PEPTIDE1{Mono6.meS.meL.meA.T.meL.L}$PEPTIDE1,PEPTIDE1,1:R1-7:R2$$$",-5.20700000,ok,,flexible
"PEPTIDE1{Me_dA.L.A.Me_Phe(3-Cl).L.dL.meA}$PEPTIDE1,PEPTIDE1,1:R1-7:R2$$$",-5.57300000,ok,,flexible
"PEPTIDE1{dV.meS.dA.A.Me_dL.meL.L}$PEPTIDE1,PEPTIDE1,1:R1-7:R2$$$",-5.78700000,ok,,flexible
"PEPTIDE1{A.F.T.dL.L.meA.L}$PEPTIDE1,PEPTIDE1,1:R1-7:R2$$$",-6.21500000,ok,,flexible
"PEPTIDE1{L.Mono38.G.Ser(tBu).L.P.T}$PEPTIDE1,PEPTIDE1,1:R1-7:R2$$$",-5.48600000,ok,,flexible
"PEPTIDE1{Sar.F.meA.I.L.Ser(tBu).V}$PEPTIDE1,PEPTIDE1,1:R1-7:R2$$$",-5.76600000,ok,,flexible
"PEPTIDE1{meA.T.A.L.A.meS.meF}$PEPTIDE1,PEPTIDE1,1:R1-7:R2$$$",-6.90100000,ok,,flexible
"PEPTIDE1{Me_Bal.Ser(tBu).L.I.meL.A.T}$PEPTIDE1,PEPTIDE1,1:R1-7:R2$$$",-5.45600000,ok,,flexible
"PEPTIDE1{Pr_Gly.meL.V.meA.meF.I.T}$PEPTIDE1,PEPTIDE1,1:R1-7:R2$$$",-5.69300000,ok,,flexible
"PEPTIDE1{Me_Bal.L.meL.I.Bn_Gly.meA.P}$PEPTIDE1,PEPTIDE1,1:R1-7:R2$$$",-6.12900000,ok,,flexible
"PEPTIDE1{dA.A.T.F.T.meF.L}$PEPTIDE1,PEPTIDE1,1:R1-7:R2$$$",-6.30200000,ok,,flexible
"PEPTIDE1{F.meL.V.dL.meF.meA.Me_dL}$PEPTIDE1,PEPTIDE1,1:R1-7:R2$$$",-5.75200000,ok,,flexible
"PEPTIDE1{Me_Bal.A.L.Me_dL.T.T.meA}$PEPTIDE1,PEPTIDE1,1:R1-7:R2$$$",-6.26100000,ok,,flexible
"PEPTIDE1{dF.dP.T.L.F.dL.meA}$PEPTIDE1,PEPTIDE1,1:R1-7:R2$$$",-6.59500000,ok,,flexible
"PEPTIDE1{meL.meS.L.meF.meA.Me_dL.T}$PEPTIDE1,PEPTIDE1,1:R1-7:R2$$$",-5.72900000,ok,,flexible
"PEPTIDE1{dV.L.meL.meS.A.T.Me_dA}$PEPTIDE1,PEPTIDE1,1:R1-7:R2$$$",5.00500000,ok,,flexible
"PEPTIDE1{Me_Bal.dP.dP.P.F.Me_dL.meL}$PEPTIDE1,PEPTIDE1,1:R1-7:R2$$$",-6.56300000,ok,,flexible
"PEPTIDE1{Pr_Gly.cHexCH2_Gly.L.P.pentyl_Gly.L.F}$PEPTIDE1,PEPTIDE1,1:R1-7:R2$$$",-5.42900000,ok,,flexible
"PEPTIDE1{meA.dL.meL.meF.P.L.Me_dL}$PEPTIDE1,PEPTIDE1,1:R1-7:R2$$$",-5.51400000,ok,,flexible
"PEPTIDE1{A.G.F.dL.meA.meL.L}$PEPTIDE1,PEPTIDE1,1:R1-7:R2$$$",-6.14300000,ok,,flexible
"PEPTIDE1{P.cHexCH2_Gly.dP.Me_dL.meL.I.L}$PEPTIDE1,PEPTIDE1,1:R1-7:R2$$$",-5.72900000,ok,,flexible
"PEPTIDE1{F.A.meL.P.T.L.L}$PEPTIDE1,PEPTIDE1,1:R1-7:R2$$$",-6.16500000,ok,,flexible
"PEPTIDE1{dV.meF.meL.meL.T.meV.F}$PEPTIDE1,PEPTIDE1,1:R1-7:R2$$$",-6.35100000,ok,,flexible
"PEPTIDE1{L.Me_dAbu.dF.F.T.Ser(tBu).V}$PEPTIDE1,PEPTIDE1,1:R1-7:R2$$$",-5.61200000,ok,,flexible
"PEPTIDE1{Pr_Gly.P.meL.Me_dA.T.L.A}$PEPTIDE1,PEPTIDE1,1:R1-7:R2$$$",-5.93900000,ok,,flexible
"PEPTIDE1{meL.L.dP.Me_dL.dL.A.I}$PEPTIDE1,PEPTIDE1,1:R1-7:R2$$$",-5.80800000,ok,,flexible
"PEPTIDE1{Pr_Gly.meF.meL.meA.meL.Me_Phe(3-Cl).A}$PEPTIDE1,PEPTIDE1,1:R1-7:R2$$$",-5.41300000,ok,,flexible
"PEPTIDE1{Pr_Gly.G.meF.T.I.meA.Ser(tBu)}$PEPTIDE1,PEPTIDE1,1:R1-7:R2$$$",-5.70700000,ok,,flexible
"PEPTIDE1{dV.T.T.meL.dL.A.Aib}$PEPTIDE1,PEPTIDE1,1:R1-7:R2$$$",-5.94400000,ok,,flexible
"PEPTIDE1{dV.Ala(5-Tet).L.meL.Abu.T.A}$PEPTIDE1,PEPTIDE1,1:R1-7:R2$$$",-5.91900000,ok,,flexible
"PEPTIDE1{meA.Pr_Gly.I.Me_dL.meL.G.A}$PEPTIDE1,PEPTIDE1,1:R1-7:R2$$$",-5.59600000,ok,,flexible
"PEPTIDE1{L.meA.Abu.L.Me_dL.meL.meS}$PEPTIDE1,PEPTIDE1,1:R1-7:R2$$$",4.31400000,ok,,flexible
"PEPTIDE1{meL.meS.T.meF.Me_dL.dV.meA}$PEPTIDE1,PEPTIDE1,1:R1-7:R2$$$",-5.82800000,ok,,flexible
"PEPTIDE1{meL.P.T.L.meS.Abu.A}$PEPTIDE1,PEPTIDE1,1:R1-7:R2$$$",-5.59000000,ok,,flexible
"PEPTIDE1{Me_dA.P.T.T.meA.dF.Me_dL}$PEPTIDE1,PEPTIDE1,1:R1-7:R2$$$",-6.01700000,ok,,flexible
"PEPTIDE1{meA.A.L.meL.I.dA.Abu}$PEPTIDE1,PEPTIDE1,1:R1-7:R2$$$",-6.03600000,ok,,flexible
"PEPTIDE1{meL.A.meA.Ser(tBu).L.Me_dL.dL}$PEPTIDE1,PEPTIDE1,1:R1-7:R2$$$",-5.15700000,ok,,flexible
"PEPTIDE1{dF.L.I.meL.T.meA.Ser(tBu)}$PEPTIDE1,PEPTIDE1,1:R1-7:R2$$$",-5.71500000,ok,,flexible
"PEPTIDE1{F.L.P.dL.V.T.L}$PEPTIDE1,PEPTIDE1,1:R1-7:R2$$$",-5.97500000,ok,,flexible
"PEPTIDE1{A.L.meL.T.V.I.P}$PEPTIDE1,PEPTIDE1,1:R1-7:R2$$$",-5.62600000,ok,,flexible
"PEPTIDE1{Sar.meF.A.meL.V.P.L}$PEPTIDE1,PEPTIDE1,1:R1-7:R2$$$",-6.64400000,ok,,flexible
"PEPTIDE1{Mono6.L.A.Me_dL.V.meA.meL}$PEPTIDE1,PEPTIDE1,1:R1-7:R2$$$",-5.57200000,ok,,flexible
"PEPTIDE1{L.meL.T.I.Me_dA.dL.A}$PEPTIDE1,PEPTIDE1,1:R1-7:R2$$$",-5.10900000,ok,,flexible
"PEPTIDE1{dA.Me_dL.A.meA.Ser(tBu).I.F}$PEPTIDE1,PEPTIDE1,1:R1-7:R2$$$",-6.04000000,ok,,flexible
"PEPTIDE1{Me_Bal.Pr_Gly.Me_dL.meF.Ser(tBu).L.dL}$PEPTIDE1,PEPTIDE1,1:R1-7:R2$$$",-5.66300000,ok,,flexible
"PEPTIDE1{meL.L.F.meA.meI.I.dV}$PEPTIDE1,PEPTIDE1,1:R1-7:R2$$$",-5.00700000,ok,,flexible
"PEPTIDE1{L.A.meF.Me_dL.L.Sar.meA}$PEPTIDE1,PEPTIDE1,1:R1-7:R2$$$",-5.56000000,ok,,flexible
"PEPTIDE1{dF.meL.meA.L.T.dL.L}$PEPTIDE1,PEPTIDE1,1:R1-7:R2$$$",-5.80400000,ok,,flexible
"PEPTIDE1{meA.T.L.meF.Me_dA.meL.A}$PEPTIDE1,PEPTIDE1,1:R1-7:R2$$$",-5.68700000,ok,,flexible
"PEPTIDE1{Me_dL.Mono100.dP.meL.D.dL.L}$PEPTIDE1,PEPTIDE1,1:R1-7:R2$$$",-5.40000000,ok,,flexible
"PEPTIDE1{Me_dA.T.meA.G.dL.A.I}$PEPTIDE1,PEPTIDE1,1:R1-7:R2$$$",-6.11400000,ok,,flexible
"PEPTIDE1{Me_dA.cHexCH2_Gly.dL.I.meL.L.Ser(tBu)}$PEPTIDE1,PEPTIDE1,1:R1-7:R2$$$",-4.60000000,ok,,flexible
"PEPTIDE1{Me_dA.A.G.Me_dL.P.V.F}$PEPTIDE1,PEPTIDE1,1:R1-7:R2$$$",-6.08700000,ok,,flexible
"PEPTIDE1{Me_dA.A.meL.meF.meA.meL.Me_dL}$PEPTIDE1,PEPTIDE1,1:R1-7:R2$$$",-6.34800000,ok,,flexible
"PEPTIDE1{L.Abu.L.A.A.Me_dL.F}$PEPTIDE1,PEPTIDE1,1:R1-7:R2$$$",-5.87200000,ok,,flexible
"PEPTIDE1{A.L.Aib.dL.meL.T.F}$PEPTIDE1,PEPTIDE1,1:R1-7:R2$$$",-5.48100000,ok,,flexible
"PEPTIDE1{dV.P.meA.Me_dL.V.meL.meV}$PEPTIDE1,PEPTIDE1,1:R1-7:R2$$$",-6.44100000,ok,,flexible
"PEPTIDE1{P.L.Me_dL.T.F.dL.L}$PEPTIDE1,PEPTIDE1,1:R1-7:R2$$$",-6.27600000,ok,,flexible
"PEPTIDE1{F.A.meL.dP.T.Sar.dL}$PEPTIDE1,PEPTIDE1,1:R1-7:R2$$$",-6.15900000,ok,,flexible
"PEPTIDE1{dA.Me_dA.meL.L.meF.V.dL}$PEPTIDE1,PEPTIDE1,1:R1-7:R2$$$",-6.12200000,ok,,flexible
"PEPTIDE1{Me_Bal.T.F.P.V.L.A}$PEPTIDE1,PEPTIDE1,1:R1-7:R2$$$",-6.85400000,ok,,flexible
"PEPTIDE1{meA.F.P.V.A.L.dL}$PEPTIDE1,PEPTIDE1,1:R1-7:R2$$$",-5.54800000,ok,,flexible
"PEPTIDE1{Pr_Gly.pentyl_Gly.T.I.V.Me_Phe(3-Cl).P}$PEPTIDE1,PEPTIDE1,1:R1-7:R2$$$",-5.52700000,ok,,flexible
"PEPTIDE1{meA.L.L.I.Sar.T.Aoc(2)}$PEPTIDE1,PEPTIDE1,1:R1-7:R2$$$",-4.59200000,ok,,flexible
"PEPTIDE1{dA.meL.dL.meL.T.F.meF}$PEPTIDE1,PEPTIDE1,1:R1-7:R2$$$",-5.85400000,ok,,flexible
"PEPTIDE1{meL.A.meA.dV.T.L.F}$PEPTIDE1,PEPTIDE1,1:R1-7:R2$$$",-6.52000000,ok,,flexible
"PEPTIDE1{A.T.P.meL.meF.meA.meL}$PEPTIDE1,PEPTIDE1,1:R1-7:R2$$$",-6.05000000,ok,,flexible
"PEPTIDE1{Me_Bal.L.meL.A.Bn_Gly.I.meV}$PEPTIDE1,PEPTIDE1,1:R1-7:R2$$$",-5.76600000,ok,,flexible
"PEPTIDE1{A.Sar.T.meF.Me_dL.L.F}$PEPTIDE1,PEPTIDE1,1:R1-7:R2$$$",-5.80100000,ok,,flexible
"PEPTIDE1{meA.I.Sar.P.L.meL.T}$PEPTIDE1,PEPTIDE1,1:R1-7:R2$$$",-6.97200000,ok,,flexible
"PEPTIDE1{meA.L.Ser(tBu).meL.Me_Phe(3-Cl).L.I}$PEPTIDE1,PEPTIDE1,1:R1-7:R2$$$",-6.10500000,ok,,flexible
"PEPTIDE1{dA.meL.cHexCH2_Gly.Ser(tBu).meF.T.A}$PEPTIDE1,PEPTIDE1,1:R1-7:R2$$$",-5.90600000,ok,,flexible
"PEPTIDE1{Me_dA.L.Me_dL.V.meL.A.dL}$PEPTIDE1,PEPTIDE1,1:R1-7:R2$$$",-5.18100000,ok,,flexible
"PEPTIDE1{A.Sar.meL.T.Me_dL.meF.I}$PEPTIDE1,PEPTIDE1,1:R1-7:R2$$$",-5.98300000,ok,,flexible
"PEPTIDE1{dA.A.meA.meV.F.L.meL}$PEPTIDE1,PEPTIDE1,1:R1-7:R2$$$",-6.52100000,ok,,flexible
"PEPTIDE1{dV.meF.L.dL.T.G.I}$PEPTIDE1,PEPTIDE1,1:R1-7:R2$$$",-6.05800000,ok,,flexible
"PEPTIDE1{A.T.V.P.meA.L.meF}$PEPTIDE1,PEPTIDE1,1:R1-7:R2$$$",-6.21300000,ok,,flexible
"PEPTIDE1{Me_dA.meL.T.meA.L.F.V}$PEPTIDE1,PEPTIDE1,1:R1-7:R2$$$",-5.72600000,ok,,flexible
"PEPTIDE1{F.L.meL.A.meA.A.L}$PEPTIDE1,PEPTIDE1,1:R1-7:R2$$$",-6.04900000,ok,,flexible
"PEPTIDE1{Me_Bal.F.A.L.meL.P.Me_dL}$PEPTIDE1,PEPTIDE1,1:R1-7:R2$$$",-5.77400000,ok,,flexible
"PEPTIDE1{Me_dA.L.meL.Me_dL.A.dL.meF}$PEPTIDE1,PEPTIDE1,1:R1-7:R2$$$",-5.37200000,ok,,flexible
"PEPTIDE1{meA.meS.L.meL.Me_dL.T.F}$PEPTIDE1,PEPTIDE1,1:R1-7:R2$$$",-5.47600000,ok,,flexible
"PEPTIDE1{meA.P.Sar.I.Me_dL.L.pentyl_Gly}$PEPTIDE1,PEPTIDE1,1:R1-7:R2$$$",-5.19300000,ok,,flexible
"PEPTIDE1{meL.meF.Abu.Phe(4-CF3).meA.A.I}$PEPTIDE1,PEPTIDE1,1:R1-7:R2$$$",-5.59600000,ok,,flexible
"PEPTIDE1{meA.T.Me_dL.V.meL.F.G}$PEPTIDE1,PEPTIDE1,1:R1-7:R2$$$",-5.62200000,ok,,flexible
"PEPTIDE1{Me_Bal.dP.T.dL.meL.meF.F}$PEPTIDE1,PEPTIDE1,1:R1-7:R2$$$",-5.75400000,ok,,flexible
"PEPTIDE1{meL.Ser(tBu).L.T.dL.T.Sar}$PEPTIDE1,PEPTIDE1,1:R1-7:R2$$$",-5.21600000,ok,,flexible
"PEPTIDE1{meA.dP.meL.P.A.Me_dL.dV}$PEPTIDE1,PEPTIDE1,1:R1-7:R2$$$",-6.19100000,ok,,flexible
"PEPTIDE1{A.meL.L.dP.T.meA.F}$PEPTIDE1,PEPTIDE1,1:R1-7:R2$$$",-5.53100000,ok,,flexible
"PEPTIDE1{dV.A.Me_dL.meF.F.dL.T}$PEPTIDE1,PEPTIDE1,1:R1-7:R2$$$",-5.81300000,ok,,flexible
"PEPTIDE1{A.dA.Me_dL.L.G.F.I}$PEPTIDE1,PEPTIDE1,1:R1-7:R2$$$",-6.07900000,ok,,flexible
"PEPTIDE1{meA.L.A.Me_Phe(3-Cl).I.meL.L}$PEPTIDE1,PEPTIDE1,1:R1-7:R2$$$",-6.25800000,ok,,flexible
"PEPTIDE1{dF.L.P.Me_dL.meF.meA.A}$PEPTIDE1,PEPTIDE1,1:R1-7:R2$$$",-6.26700000,ok,,flexible
"PEPTIDE1{F.dA.T.V.A.I.meA}$PEPTIDE1,PEPTIDE1,1:R1-7:R2$$$",-6.44400000,ok,,flexible
"PEPTIDE1{meL.A.dL.Me_dL.meF.Me_dA.T}$PEPTIDE1,PEPTIDE1,1:R1-7:R2$$$",-6.28000000,ok,,flexible
"PEPTIDE1{dA.meA.meF.P.A.L.G}$PEPTIDE1,PEPTIDE1,1:R1-7:R2$$$",-7.06400000,ok,,flexible
"PEPTIDE1{Me_dA.F.dPye.Pr_Gly.T.dP.Me_Nle}$PEPTIDE1,PEPTIDE1,1:R1-7:R2$$$",-4.94400000,ok,,flexible
"PEPTIDE1{meA.meL.P.I.T.V.G}$PEPTIDE1,PEPTIDE1,1:R1-7:R2$$$",-5.59300000,ok,,flexible
"PEPTIDE1{P.Me_dL.meA.I.V.meL.L}$PEPTIDE1,PEPTIDE1,1:R1-7:R2$$$",-5.54500000,ok,,flexible
"PEPTIDE1{Pr_Gly.P.Me_dL.dP.G.A.L}$PEPTIDE1,PEPTIDE1,1:R1-7:R2$$$",-5.98200000,ok,,flexible
"PEPTIDE1{dA.L.Me_dL.T.meL.Ser(tBu).meA}$PEPTIDE1,PEPTIDE1,1:R1-7:R2$$$",-5.75700000,ok,,flexible
"PEPTIDE1{L.meF.F.meA.T.T.meL}$PEPTIDE1,PEPTIDE1,1:R1-7:R2$$$",-6.12400000,ok,,flexible
"PEPTIDE1{Mono6.Mono38.L.P.dL.V.A}$PEPTIDE1,PEPTIDE1,1:R1-7:R2$$$",-6.46000000,ok,,flexible
"PEPTIDE1{meL.Abu.meL.L.Me_dL.F.A}$PEPTIDE1,PEPTIDE1,1:R1-7:R2$$$",-5.50200000,ok,,flexible
"PEPTIDE1{dP.meA.meV.L.Pr_Gly.F.A}$PEPTIDE1,PEPTIDE1,1:R1-7:R2$$$",-5.87600000,ok,,flexible
"PEPTIDE1{Pr_Gly.Me_dL.meL.L.V.meF.meA}$PEPTIDE1,PEPTIDE1,1:R1-7:R2$$$",-5.33600000,ok,,flexible
"PEPTIDE1{dP.dA.T.F.meL.meF.V}$PEPTIDE1,PEPTIDE1,1:R1-7:R2$$$",-6.69400000,ok,,flexible
"PEPTIDE1{meA.A.L.T.meL.meF.F}$PEPTIDE1,PEPTIDE1,1:R1-7:R2$$$",-5.90600000,ok,,flexible
"PEPTIDE1{dV.L.A.Me_dL.F.V.T}$PEPTIDE1,PEPTIDE1,1:R1-7:R2$$$",-6.17000000,ok,,flexible
"PEPTIDE1{dA.pentyl_Gly.Ser(tBu).L.meL.Me_dL.Me_dA}$PEPTIDE1,PEPTIDE1,1:R1-7:R2$$$",-5.27900000,ok,,flexible
"PEPTIDE1{dP.Pr_Gly.A.V.meL.meA.L}$PEPTIDE1,PEPTIDE1,1:R1-7:R2$$$",-5.83100000,ok,,flexible
"PEPTIDE1{Me_Bal.dL.Me_dL.L.meA.Ser(tBu).V}$PEPTIDE1,PEPTIDE1,1:R1-7:R2$$$",-6.12100000,ok,,flexible
"PEPTIDE1{dV.I.meA.L.dL.Ser(tBu).meL}$PEPTIDE1,PEPTIDE1,1:R1-7:R2$$$",-4.77400000,ok,,flexible
"PEPTIDE1{Mono6.meL.A.L.meF.Ser(tBu).T}$PEPTIDE1,PEPTIDE1,1:R1-7:R2$$$",-6.40200000,ok,,flexible
"PEPTIDE1{dF.dL.I.A.P.L.Ser(tBu)}$PEPTIDE1,PEPTIDE1,1:R1-7:R2$$$",-5.88700000,ok,,flexible
"PEPTIDE1{Me_Bal.cHexCH2_Gly.dL.T.meL.meF.I}$PEPTIDE1,PEPTIDE1,1:R1-7:R2$$$",-5.58800000,ok,,flexible
"PEPTIDE1{A.G.Sar.meA.meL.T.meL}$PEPTIDE1,PEPTIDE1,1:R1-7:R2$$$",-6.14600000,ok,,flexible
"PEPTIDE1{dV.T.meA.F.Abu.meS.L}$PEPTIDE1,PEPTIDE1,1:R1-7:R2$$$",-7.13200000,ok,,flexible
"PEPTIDE1{dA.meL.Ser(tBu).T.V.I.L}$PEPTIDE1,PEPTIDE1,1:R1-7:R2$$$",-5.27000000,ok,,flexible
"PEPTIDE1{A.Pr_Gly.Bn_Gly.meL.V.Me_dL.meF}$PEPTIDE1,PEPTIDE1,1:R1-7:R2$$$",-6.69800000,ok,,flexible
"PEPTIDE1{meA.G.meL.T.L.A.L}$PEPTIDE1,PEPTIDE1,1:R1-7:R2$$$",-5.68500000,ok,,flexible
"PEPTIDE1{Me_Bal.G.meA.Me_dL.V.A.T}$PEPTIDE1,PEPTIDE1,1:R1-7:R2$$$",-6.48100000,ok,,flexible
"PEPTIDE1{L.Me_dL.T.Ser(tBu).meL.meA.meV}$PEPTIDE1,PEPTIDE1,1:R1-7:R2$$$",-4.73100000,ok,,flexible
"PEPTIDE1{dV.meF.L.dL.cHexCH2_Gly.G.Sar}$PEPTIDE1,PEPTIDE1,1:R1-7:R2$$$",-5.93500000,ok,,flexible
"PEPTIDE1{Me_dA.meA.T.T.dL.Me_dL.meF}$PEPTIDE1,PEPTIDE1,1:R1-7:R2$$$",-6.19600000,ok,,flexible
"PEPTIDE1{F.P.A.L.meS.Aoc(2).T}$PEPTIDE1,PEPTIDE1,1:R1-7:R2$$$",-5.72400000,ok,,flexible
"PEPTIDE1{dV.meV.V.L.dL.meA.meF}$PEPTIDE1,PEPTIDE1,1:R1-7:R2$$$",-6.54800000,ok,,flexible
"PEPTIDE1{A.L.V.I.T.meF.meL}$PEPTIDE1,PEPTIDE1,1:R1-7:R2$$$",-5.66600000,ok,,flexible
"PEPTIDE1{Me_dA.Me_dL.L.dP.meA.F.Me_dL}$PEPTIDE1,PEPTIDE1,1:R1-7:R2$$$",-5.95400000,ok,,flexible
"PEPTIDE1{meA.pentyl_Gly.A.V.L.meL.L}$PEPTIDE1,PEPTIDE1,1:R1-7:R2$$$",-5.02800000,ok,,flexible
"PEPTIDE1{meA.meL.A.P.I.Ser(tBu).V}$PEPTIDE1,PEPTIDE1,1:R1-7:R2$$$",-5.36200000,ok,,flexible
"PEPTIDE1{dV.T.Ser(tBu).dP.meL.L.meL}$PEPTIDE1,PEPTIDE1,1:R1-7:R2$$$",-5.22900000,ok,,flexible
"PEPTIDE1{Mono6.dP.meA.Me_dL.meL.T.V}$PEPTIDE1,PEPTIDE1,1:R1-7:R2$$$",-5.89400000,ok,,flexible
"PEPTIDE1{Me_dA.meL.Ser(tBu).Me_dL.meL.G.L}$PEPTIDE1,PEPTIDE1,1:R1-7:R2$$$",-5.07400000,ok,,flexible
"PEPTIDE1{A.meF.meL.V.Me_dL.L.meA}$PEPTIDE1,PEPTIDE1,1:R1-7:R2$$$",-5.80900000,ok,,flexible
"PEPTIDE1{meA.meL.T.Abu.A.dL.meF}$PEPTIDE1,PEPTIDE1,1:R1-7:R2$$$",-5.92000000,ok,,flexible
"PEPTIDE1{Me_dA.L.meA.Sar.Ser(tBu).meL.V}$PEPTIDE1,PEPTIDE1,1:R1-7:R2$$$",-5.80000000,ok,,flexible
"PEPTIDE1{meA.L.T.Me_dL.Ser(tBu).dL.A}$PEPTIDE1,PEPTIDE1,1:R1-7:R2$$$",-4.89800000,ok,,flexible
"PEPTIDE1{meA.Me_dL.Me_dA.L.P.I.L}$PEPTIDE1,PEPTIDE1,1:R1-7:R2$$$",-5.75600000,ok,,flexible
"PEPTIDE1{dA.T.meL.F.Me_dL.L.I}$PEPTIDE1,PEPTIDE1,1:R1-7:R2$$$",-5.45800000,ok,,flexible
"PEPTIDE1{Me_Bal.meL.meA.V.meI.pentyl_Gly.T}$PEPTIDE1,PEPTIDE1,1:R1-7:R2$$$",-5.28300000,ok,,flexible
"PEPTIDE1{Pr_Gly.meF.dL.L.meA.Aoc(2).A}$PEPTIDE1,PEPTIDE1,1:R1-7:R2$$$",-4.77800000,ok,,flexible
"PEPTIDE1{A.L.Me_dL.Me_dA.meV.V.F}$PEPTIDE1,PEPTIDE1,1:R1-7:R2$$$",-6.01600000,ok,,flexible
"PEPTIDE1{dV.Aoc(2).I.meL.V.L.T}$PEPTIDE1,PEPTIDE1,1:R1-7:R2$$$",-5.40700000,ok,,flexible
"PEPTIDE1{dA.meL.L.T.F.meF.L}$PEPTIDE1,PEPTIDE1,1:R1-7:R2$$$",-5.73500000,ok,,flexible
"PEPTIDE1{Me_dA.meL.Me_dL.T.L.meA.L}$PEPTIDE1,PEPTIDE1,1:R1-7:R2$$$",-5.41900000,ok,,flexible
"PEPTIDE1{Mono6.meA.A.L.Me_dL.T.meL}$PEPTIDE1,PEPTIDE1,1:R1-7:R2$$$",-5.69100000,ok,,flexible
"PEPTIDE1{dA.dP.dL.Me_dL.meF.Me_dL.Me_Phe(3-Cl)}$PEPTIDE1,PEPTIDE1,1:R1-7:R2$$$",-6.08800000,ok,,flexible
"PEPTIDE1{Me_Bal.A.Me_dL.meA.meA.P.dV}$PEPTIDE1,PEPTIDE1,1:R1-7:R2$$$",-6.50400000,ok,,flexible
"PEPTIDE1{dF.L.L.meL.F.I.dL}$PEPTIDE1,PEPTIDE1,1:R1-7:R2$$$",-5.78900000,ok,,flexible
"PEPTIDE1{F.meL.meA.dL.dA.A.meF}$PEPTIDE1,PEPTIDE1,1:R1-7:R2$$$",-6.66000000,ok,,flexible
"PEPTIDE1{meL.meS.Me_dA.L.meF.F.T}$PEPTIDE1,PEPTIDE1,1:R1-7:R2$$$",-6.14800000,ok,,flexible
"PEPTIDE1{dA.G.F.T.T.V.Me_dL}$PEPTIDE1,PEPTIDE1,1:R1-7:R2$$$",-5.89300000,ok,,flexible
"PEPTIDE1{L.A.meL.Aoc(2).F.Sar.Ser(tBu)}$PEPTIDE1,PEPTIDE1,1:R1-7:R2$$$",-5.17300000,ok,,flexible
"PEPTIDE1{L.meL.meL.Me_dL.F.Ser(tBu).T}$PEPTIDE1,PEPTIDE1,1:R1-7:R2$$$",-5.49200000,ok,,flexible
"PEPTIDE1{dA.Me_dL.meA.T.L.A.F}$PEPTIDE1,PEPTIDE1,1:R1-7:R2$$$",-6.39200000,ok,,flexible
"PEPTIDE1{Me_dA.dP.T.meA.meF.Me_dL.L}$PEPTIDE1,PEPTIDE1,1:R1-7:R2$$$",-6.45900000,ok,,flexible
"PEPTIDE1{Me_dA.T.meF.Me_dL.Ser(tBu).I.F}$PEPTIDE1,PEPTIDE1,1:R1-7:R2$$$",-5.36400000,ok,,flexible
"PEPTIDE1{dF.Mono38.P.dL.meA.Me_dL.A}$PEPTIDE1,PEPTIDE1,1:R1-7:R2$$$",-6.79700000,ok,,flexible
"PEPTIDE1{meL.T.A.meA.dA.meF.F}$PEPTIDE1,PEPTIDE1,1:R1-7:R2$$$",-6.46600000,ok,,flexible
"PEPTIDE1{dF.L.P.I.meL.Abu.T}$PEPTIDE1,PEPTIDE1,1:R1-7:R2$$$",-5.39400000,ok,,flexible
"PEPTIDE1{Me_dA.T.L.G.meL.L.dL}$PEPTIDE1,PEPTIDE1,1:R1-7:R2$$$",-5.45600000,ok,,flexible
"PEPTIDE1{dV.Bn_Gly.T.meL.meA.V.T}$PEPTIDE1,PEPTIDE1,1:R1-7:R2$$$",-6.21900000,ok,,flexible
"PEPTIDE1{Pr_Gly.L.Ser(tBu).meF.T.F.Me_dL}$PEPTIDE1,PEPTIDE1,1:R1-7:R2$$$",-6.01100000,ok,,flexible
"PEPTIDE1{dA.F.V.meF.meL.meA.Ser(tBu)}$PEPTIDE1,PEPTIDE1,1:R1-7:R2$$$",-6.10700000,ok,,flexible
"PEPTIDE1{A.meL.V.L.I.Me_dL.meL}$PEPTIDE1,PEPTIDE1,1:R1-7:R2$$$",-5.12500000,ok,,flexible
"PEPTIDE1{Me_dA.meA.Sar.meF.meL.Me_dL.F}$PEPTIDE1,PEPTIDE1,1:R1-7:R2$$$",-6.24600000,ok,,flexible
"PEPTIDE1{Me_dA.P.A.meL.meS.L.Abu}$PEPTIDE1,PEPTIDE1,1:R1-7:R2$$$",-6.18000000,ok,,flexible
"PEPTIDE1{Sar.meA.I.Ser(tBu).V.dL.T}$PEPTIDE1,PEPTIDE1,1:R1-7:R2$$$",-5.33600000,ok,,flexible
"PEPTIDE1{dA.V.A.I.T.dL.L}$PEPTIDE1,PEPTIDE1,1:R1-7:R2$$$",-5.93000000,ok,,flexible
"PEPTIDE1{A.meA.meF.F.meL.F.T}$PEPTIDE1,PEPTIDE1,1:R1-7:R2$$$",-6.02200000,ok,,flexible
"PEPTIDE1{A.F.meL.Mono78.dP.T.T}$PEPTIDE1,PEPTIDE1,1:R1-7:R2$$$",-6.33900000,ok,,flexible
"PEPTIDE1{F.meL.T.Abu.meF.meA.L}$PEPTIDE1,PEPTIDE1,1:R1-7:R2$$$",-5.60600000,ok,,flexible
"PEPTIDE1{F.Me_dL.meL.Nle.dL.T.I}$PEPTIDE1,PEPTIDE1,1:R1-7:R2$$$",-4.96400000,ok,,flexible
"PEPTIDE1{meA.F.meL.T.L.meS.meS}$PEPTIDE1,PEPTIDE1,1:R1-7:R2$$$",-6.19000000,ok,,flexible
"PEPTIDE1{A.F.T.L.meF.meL.meL}$PEPTIDE1,PEPTIDE1,1:R1-7:R2$$$",-5.67100000,ok,,flexible
"PEPTIDE1{P.dA.A.T.meF.Me_dL.dL}$PEPTIDE1,PEPTIDE1,1:R1-7:R2$$$",-6.13000000,ok,,flexible
"PEPTIDE1{Pr_Gly.P.meA.meL.T.T.F}$PEPTIDE1,PEPTIDE1,1:R1-7:R2$$$",-5.98700000,ok,,flexible
"PEPTIDE1{meA.L.meL.A.P.T.Ser(tBu)}$PEPTIDE1,PEPTIDE1,1:R1-7:R2$$$",-5.82700000,ok,,flexible
"PEPTIDE1{dV.meS.dP.meL.dL.G.T}$PEPTIDE1,PEPTIDE1,1:R1-7:R2$$$",-6.14200000,ok,,flexible
"PEPTIDE1{F.cHexCH2_Gly.T.dP.Me_dL.L.Ser(tBu)}$PEPTIDE1,PEPTIDE1,1:R1-7:R2$$$",-5.98900000,ok,,flexible
"PEPTIDE1{F.pentyl_Gly.T.meF.P.V.dL}$PEPTIDE1,PEPTIDE1,1:R1-7:R2$$$",-6.16300000,ok,,flexible
"PEPTIDE1{F.meL.I.A.T.dL.L}$PEPTIDE1,PEPTIDE1,1:R1-7:R2$$$",-6.11100000,ok,,flexible
"PEPTIDE1{A.G.Me_dL.L.V.meL.meA}$PEPTIDE1,PEPTIDE1,1:R1-7:R2$$$",-5.44500000,ok,,flexible
"PEPTIDE1{dA.meA.Ser(tBu).L.A.F.I}$PEPTIDE1,PEPTIDE1,1:R1-7:R2$$$",-6.29000000,ok,,flexible
"PEPTIDE1{A.F.meL.T.Me_dL.L.meA}$PEPTIDE1,PEPTIDE1,1:R1-7:R2$$$",-6.38500000,ok,,flexible
"PEPTIDE1{F.T.meS.meA.A.Me_dL.meF}$PEPTIDE1,PEPTIDE1,1:R1-7:R2$$$",-6.56400000,ok,,flexible
"PEPTIDE1{P.A.T.L.meA.meF.Me_dL}$PEPTIDE1,PEPTIDE1,1:R1-7:R2$$$",-6.51900000,ok,,flexible
"PEPTIDE1{dV.T.A.V.meA.meL.I}$PEPTIDE1,PEPTIDE1,1:R1-7:R2$$$",-6.16000000,ok,,flexible
"PEPTIDE1{meL.dL.L.Sar.Me_dL.meA.P}$PEPTIDE1,PEPTIDE1,1:R1-7:R2$$$",-5.59000000,ok,,flexible
"PEPTIDE1{Sar.T.dL.A.dP.L.Me_dL}$PEPTIDE1,PEPTIDE1,1:R1-7:R2$$$",-5.93600000,ok,,flexible
"PEPTIDE1{Me_dA.meA.Me_dL.A.dL.F.meL}$PEPTIDE1,PEPTIDE1,1:R1-7:R2$$$",-5.33600000,ok,,flexible
"PEPTIDE1{dV.A.meL.Abu.L.T.Ala(5-Tet)}$PEPTIDE1,PEPTIDE1,1:R1-7:R2$$$",-6.13900000,ok,,flexible
"PEPTIDE1{A.T.meA.F.meF.L.T}$PEPTIDE1,PEPTIDE1,1:R1-7:R2$$$",-6.07300000,ok,,flexible
"PEPTIDE1{Sar.pentyl_Gly.T.meA.meL.meF.I}$PEPTIDE1,PEPTIDE1,1:R1-7:R2$$$",-5.63700000,ok,,flexible
"PEPTIDE1{F.A.L.L.cHexCH2_Gly.meL.Me_dL}$PEPTIDE1,PEPTIDE1,1:R1-7:R2$$$",-6.32900000,ok,,flexible
"PEPTIDE1{meA.A.Ser(tBu).meL.T.I.G}$PEPTIDE1,PEPTIDE1,1:R1-7:R2$$$",-5.02400000,ok,,flexible
"PEPTIDE1{dA.meL.Me_dL.meA.I.L.T}$PEPTIDE1,PEPTIDE1,1:R1-7:R2$$$",-5.72200000,ok,,flexible
"PEPTIDE1{meA.F.T.L.Me_dL.P.T}$PEPTIDE1,PEPTIDE1,1:R1-7:R2$$$",-6.22200000,ok,,flexible
"PEPTIDE1{Me_dA.dV.Me_dL.dP.dL.A.T}$PEPTIDE1,PEPTIDE1,1:R1-7:R2$$$",-6.33500000,ok,,flexible
"PEPTIDE1{dV.meS.meA.Aoc(2).A.Me_dL.P}$PEPTIDE1,PEPTIDE1,1:R1-7:R2$$$",-5.60200000,ok,,flexible
"PEPTIDE1{A.meF.Abu.F.meL.dP.Me_dL}$PEPTIDE1,PEPTIDE1,1:R1-7:R2$$$",-6.10700000,ok,,flexible
"PEPTIDE1{A.Me_dL.Me_dA.L.T.Ala(5-Tet).meA}$PEPTIDE1,PEPTIDE1,1:R1-7:R2$$$",-6.37300000,ok,,flexible
"PEPTIDE1{meL.Me_dA.A.meF.T.meS.dL}$PEPTIDE1,PEPTIDE1,1:R1-7:R2$$$",-6.45500000,ok,,flexible
"PEPTIDE1{meL.dL.Me_dL.Abu.L.T.T}$PEPTIDE1,PEPTIDE1,1:R1-7:R2$$$",-5.12000000,ok,,flexible
"PEPTIDE1{dA.A.meL.meA.G.Me_dL.meL}$PEPTIDE1,PEPTIDE1,1:R1-7:R2$$$",-6.38300000,ok,,flexible
"PEPTIDE1{Mono6.L.T.meA.A.Me_dL.dL}$PEPTIDE1,PEPTIDE1,1:R1-7:R2$$$",-5.62900000,ok,,flexible
"PEPTIDE1{meA.A.meL.meL.L.dV.T}$PEPTIDE1,PEPTIDE1,1:R1-7:R2$$$",-6.06300000,ok,,flexible
"PEPTIDE1{dV.meL.T.L.I.meA.L}$PEPTIDE1,PEPTIDE1,1:R1-7:R2$$$",-5.80000000,ok,,flexible
"PEPTIDE1{meL.meS.L.dP.T.meS.Abu}$PEPTIDE1,PEPTIDE1,1:R1-7:R2$$$",-5.88500000,ok,,flexible
"PEPTIDE1{Me_dA.L.dL.Me_dL.meA.meL.P}$PEPTIDE1,PEPTIDE1,1:R1-7:R2$$$",-5.45800000,ok,,flexible
"PEPTIDE1{meA.L.meL.T.V.T.dL}$PEPTIDE1,PEPTIDE1,1:R1-7:R2$$$",-5.36900000,ok,,flexible
"PEPTIDE1{Me_dA.meF.T.meA.L.Ala(5-Tet).dL}$PEPTIDE1,PEPTIDE1,1:R1-7:R2$$$",-6.19500000,ok,,flexible
"PEPTIDE1{Pr_Gly.meA.L.meL.I.F.A}$PEPTIDE1,PEPTIDE1,1:R1-7:R2$$$",-5.23700000,ok,,flexible
"PEPTIDE1{Pr_Gly.L.meF.dA.V.meV.meL}$PEPTIDE1,PEPTIDE1,1:R1-7:R2$$$",-5.80200000,ok,,flexible
"PEPTIDE1{P.Me_dA.V.F.dL.Ser(tBu).Me_dL}$PEPTIDE1,PEPTIDE1,1:R1-7:R2$$$",-6.11500000,ok,,flexible
"PEPTIDE1{Me_dA.meA.L.Me_dL.Ser(tBu).G.V}$PEPTIDE1,PEPTIDE1,1:R1-7:R2$$$",-5.94900000,ok,,flexible
"PEPTIDE1{meL.3Pal.Sar.I.L.Ser(tBu).meA}$PEPTIDE1,PEPTIDE1,1:R1-7:R2$$$",-5.66400000,ok,,flexible
"PEPTIDE1{dA.Me_dL.T.meL.meA.Ser(tBu).meL}$PEPTIDE1,PEPTIDE1,1:R1-7:R2$$$",-5.55400000,ok,,flexible
"PEPTIDE1{L.meL.meF.Ala(5-Tet).T.V.dL}$PEPTIDE1,PEPTIDE1,1:R1-7:R2$$$",-5.87700000,ok,,flexible
"PEPTIDE1{A.L.dP.meL.meA.Ser(tBu).dL}$PEPTIDE1,PEPTIDE1,1:R1-7:R2$$$",-5.40900000,ok,,flexible
"PEPTIDE1{A.L.meL.T.meF.I.dL}$PEPTIDE1,PEPTIDE1,1:R1-7:R2$$$",-5.63200000,ok,,flexible
"PEPTIDE1{dA.Pr_Gly.L.P.meL.Me_dL.dL}$PEPTIDE1,PEPTIDE1,1:R1-7:R2$$$",-5.24100000,ok,,flexible
"PEPTIDE1{dA.F.Me_dA.A.meL.V.T}$PEPTIDE1,PEPTIDE1,1:R1-7:R2$$$",-6.38300000,ok,,flexible
"PEPTIDE1{Me_dA.cHexCH2_Gly.L.meL.meA.I.dL}$PEPTIDE1,PEPTIDE1,1:R1-7:R2$$$",-5.47700000,ok,,flexible
"PEPTIDE1{dA.pentyl_Gly.G.meA.meL.V.L}$PEPTIDE1,PEPTIDE1,1:R1-7:R2$$$",-5.14300000,ok,,flexible
"PEPTIDE1{Me_Bal.Ser(tBu).meL.T.Aoc(2).L.P}$PEPTIDE1,PEPTIDE1,1:R1-7:R2$$$",-5.20100000,ok,,flexible
"PEPTIDE1{dA.A.T.meS.Sar.V.Me_dL}$PEPTIDE1,PEPTIDE1,1:R1-7:R2$$$",-6.10200000,ok,,flexible
"PEPTIDE1{Me_dA.F.meA.meL.A.G.I}$PEPTIDE1,PEPTIDE1,1:R1-7:R2$$$",-6.18200000,ok,,flexible
"PEPTIDE1{Me_dA.G.T.meA.meL.L.F}$PEPTIDE1,PEPTIDE1,1:R1-7:R2$$$",-6.37800000,ok,,flexible
"PEPTIDE1{dV.meL.L.meA.meF.meV.T}$PEPTIDE1,PEPTIDE1,1:R1-7:R2$$$",-6.46200000,ok,,flexible
"PEPTIDE1{F.I.dL.Ser(tBu).T.Mono78.I}$PEPTIDE1,PEPTIDE1,1:R1-7:R2$$$",-5.25000000,ok,,flexible
"PEPTIDE1{A.T.meA.F.V.meL.Ser(tBu)}$PEPTIDE1,PEPTIDE1,1:R1-7:R2$$$",-6.64000000,ok,,flexible
"PEPTIDE1{dV.T.T.meL.P.Me_dL.dL}$PEPTIDE1,PEPTIDE1,1:R1-7:R2$$$",-5.63100000,ok,,flexible
"PEPTIDE1{Pr_Gly.P.cHexCH2_Gly.I.A.meA.dL}$PEPTIDE1,PEPTIDE1,1:R1-7:R2$$$",-5.67200000,ok,,flexible
"PEPTIDE1{dV.L.meS.Sar.T.Me_dA.dL}$PEPTIDE1,PEPTIDE1,1:R1-7:R2$$$",-5.88000000,ok,,flexible
"PEPTIDE1{Me_Bal.L.meA.meL.T.meI.Me_dL}$PEPTIDE1,PEPTIDE1,1:R1-7:R2$$$",-5.58100000,ok,,flexible
"PEPTIDE1{dA.L.F.I.V.dL.Ser(tBu)}$PEPTIDE1,PEPTIDE1,1:R1-7:R2$$$",-5.52400000,ok,,flexible
"PEPTIDE1{dA.L.I.meA.meL.Me_dL.G}$PEPTIDE1,PEPTIDE1,1:R1-7:R2$$$",-5.46600000,ok,,flexible
"PEPTIDE1{A.meF.F.L.P.I.meL}$PEPTIDE1,PEPTIDE1,1:R1-7:R2$$$",-6.04100000,ok,,flexible
"PEPTIDE1{meA.T.T.meL.meF.F.meA}$PEPTIDE1,PEPTIDE1,1:R1-7:R2$$$",-6.12700000,ok,,flexible
"PEPTIDE1{dA.meS.Sar.meL.I.L.dL}$PEPTIDE1,PEPTIDE1,1:R1-7:R2$$$",-5.25100000,ok,,flexible
"PEPTIDE1{meA.T.L.F.meS.Me_dL.V}$PEPTIDE1,PEPTIDE1,1:R1-7:R2$$$",-6.02000000,ok,,flexible
"PEPTIDE1{L.meL.Mono38.pentyl_Gly.T.meA.meL}$PEPTIDE1,PEPTIDE1,1:R1-7:R2$$$",-5.18800000,ok,,flexible
"PEPTIDE1{dA.Me_dL.meL.L.meA.I.T}$PEPTIDE1,PEPTIDE1,1:R1-7:R2$$$",-5.26600000,ok,,flexible
"PEPTIDE1{meL.L.T.meF.Me_dL.F.meV}$PEPTIDE1,PEPTIDE1,1:R1-7:R2$$$",-5.48100000,ok,,flexible
"PEPTIDE1{F.T.Me_dA.meF.Me_dL.L.L}$PEPTIDE1,PEPTIDE1,1:R1-7:R2$$$",-6.56200000,ok,,flexible
"PEPTIDE1{A.Me_dL.meL.Sar.dP.L.P}$PEPTIDE1,PEPTIDE1,1:R1-7:R2$$$",-5.61700000,ok,,flexible
"PEPTIDE1{Me_Bal.F.Me_dL.meL.meA.I.meV}$PEPTIDE1,PEPTIDE1,1:R1-7:R2$$$",-6.16700000,ok,,flexible
"PEPTIDE1{meA.L.V.T.F.I.dL}$PEPTIDE1,PEPTIDE1,1:R1-7:R2$$$",-5.59900000,ok,,flexible
"PEPTIDE1{Me_dA.Me_dL.meA.V.F.meF.P}$PEPTIDE1,PEPTIDE1,1:R1-7:R2$$$",-6.80000000,ok,,flexible
"PEPTIDE1{A.T.meF.meL.meV.L.F}$PEPTIDE1,PEPTIDE1,1:R1-7:R2$$$",-5.45200000,ok,,flexible
"PEPTIDE1{meA.G.Sar.F.I.Me_dL.dP}$PEPTIDE1,PEPTIDE1,1:R1-7:R2$$$",-6.91000000,ok,,flexible
"PEPTIDE1{dF.Abu.Ala(5-Tet).Aoc(2).L.meF.meS}$PEPTIDE1,PEPTIDE1,1:R1-7:R2$$$",-5.82100000,ok,,flexible
"PEPTIDE1{Me_dA.meL.A.L.Sar.dL.T}$PEPTIDE1,PEPTIDE1,1:R1-7:R2$$$",-5.61200000,ok,,flexible
"PEPTIDE1{P.meA.A.Pr_Gly.F.G.dL}$PEPTIDE1,PEPTIDE1,1:R1-7:R2$$$",-6.17300000,ok,,flexible
"PEPTIDE1{Me_Bal.P.L.A.Ser(tBu).G.meA}$PEPTIDE1,PEPTIDE1,1:R1-7:R2$$$",-6.47100000,ok,,flexible
"PEPTIDE1{A.meL.I.L.Ser(tBu).dL.Me_Phe(3-Cl)}$PEPTIDE1,PEPTIDE1,1:R1-7:R2$$$",-4.81100000,ok,,flexible
"PEPTIDE1{dF.meS.meL.meF.L.dA.Me_dL}$PEPTIDE1,PEPTIDE1,1:R1-7:R2$$$",-5.90700000,ok,,flexible
"PEPTIDE1{meA.meL.T.L.meF.meF.V}$PEPTIDE1,PEPTIDE1,1:R1-7:R2$$$",-5.31500000,ok,,flexible
"PEPTIDE1{dF.meS.Me_dL.T.dL.meF.meA}$PEPTIDE1,PEPTIDE1,1:R1-7:R2$$$",-6.56200000,ok,,flexible
"PEPTIDE1{dA.meS.T.L.meF.meV.Me_dL}$PEPTIDE1,PEPTIDE1,1:R1-7:R2$$$",-6.06500000,ok,,flexible
"PEPTIDE1{meA.T.meF.I.meL.meL.F}$PEPTIDE1,PEPTIDE1,1:R1-7:R2$$$",-5.38200000,ok,,flexible
"PEPTIDE1{Sar.meF.V.Me_dL.dL.A.L}$PEPTIDE1,PEPTIDE1,1:R1-7:R2$$$",-5.87700000,ok,,flexible
"PEPTIDE1{Me_dA.L.meF.A.F.Ala(5-Tet).T}$PEPTIDE1,PEPTIDE1,1:R1-7:R2$$$",-6.13200000,ok,,flexible
"PEPTIDE1{F.Ser(tBu).A.Ser(tBu).meA.dL.L}$PEPTIDE1,PEPTIDE1,1:R1-7:R2$$$",-5.57100000,ok,,flexible
"PEPTIDE1{Me_dA.L.meA.dP.T.Me_dL.meF}$PEPTIDE1,PEPTIDE1,1:R1-7:R2$$$",-6.23300000,ok,,flexible
"PEPTIDE1{dA.Pr_Gly.Ser(tBu).L.A.meA.V}$PEPTIDE1,PEPTIDE1,1:R1-7:R2$$$",-5.42400000,ok,,flexible
"PEPTIDE1{dA.Me_Phe(3-Cl).dL.F.T.Bn_Gly.I}$PEPTIDE1,PEPTIDE1,1:R1-7:R2$$$",-6.08600000,ok,,flexible
"PEPTIDE1{meA.T.T.Me_dL.Abu.dP.A}$PEPTIDE1,PEPTIDE1,1:R1-7:R2$$$",-5.79500000,ok,,flexible
"PEPTIDE1{dF.meL.Ser(tBu).T.L.I.dL}$PEPTIDE1,PEPTIDE1,1:R1-7:R2$$$",-5.57100000,ok,,flexible
"PEPTIDE1{A.dP.meL.I.P.P.T}$PEPTIDE1,PEPTIDE1,1:R1-7:R2$$$",-6.32900000,ok,,flexible
"PEPTIDE1{dA.Ala(5-Tet).Me_dL.A.meS.Sar.dL}$PEPTIDE1,PEPTIDE1,1:R1-7:R2$$$",-6.51100000,ok,,flexible
"PEPTIDE1{Sar.meA.Ser(tBu).T.meL.L.dL}$PEPTIDE1,PEPTIDE1,1:R1-7:R2$$$",-5.36100000,ok,,flexible
"PEPTIDE1{A.meA.meL.Ser(tBu).F.I.L}$PEPTIDE1,PEPTIDE1,1:R1-7:R2$$$",-5.29600000,ok,,flexible
"PEPTIDE1{Pr_Gly.dP.L.meL.Me_dL.T.P}$PEPTIDE1,PEPTIDE1,1:R1-7:R2$$$",-5.95800000,ok,,flexible
"PEPTIDE1{A.meL.dP.T.meA.F.meA}$PEPTIDE1,PEPTIDE1,1:R1-7:R2$$$",-6.68800000,ok,,flexible
"PEPTIDE1{dV.A.meS.meL.Me_dL.meL.T}$PEPTIDE1,PEPTIDE1,1:R1-7:R2$$$",-5.51500000,ok,,flexible
"PEPTIDE1{Sar.T.L.meA.meL.meV.Ser(tBu)}$PEPTIDE1,PEPTIDE1,1:R1-7:R2$$$",-5.10300000,ok,,flexible
"PEPTIDE1{Me_Bal.L.T.L.meL.Ser(tBu).dL}$PEPTIDE1,PEPTIDE1,1:R1-7:R2$$$",-4.35800000,ok,,flexible
"PEPTIDE1{Me_Bal.cHexCH2_Gly.meF.A.T.dL.L}$PEPTIDE1,PEPTIDE1,1:R1-7:R2$$$",-6.40700000,ok,,flexible
"PEPTIDE1{meA.Abu.meS.T.meF.Sar.meL}$PEPTIDE1,PEPTIDE1,1:R1-7:R2$$$",-5.97100000,ok,,flexible
"PEPTIDE1{meA.Et_Gly.P.T.T.dP.F}$PEPTIDE1,PEPTIDE1,1:R1-7:R2$$$",-6.72800000,ok,,flexible
"PEPTIDE1{L.A.meL.D.meA.dL.meF}$PEPTIDE1,PEPTIDE1,1:R1-7:R2$$$",-5.63100000,ok,,flexible
"PEPTIDE1{meA.P.T.G.Mono86.Me_dL.meL}$PEPTIDE1,PEPTIDE1,1:R1-7:R2$$$",-5.81900000,ok,,flexible
"PEPTIDE1{meA.L.T.F.Ser(tBu).meF.G}$PEPTIDE1,PEPTIDE1,1:R1-7:R2$$$",-6.60100000,ok,,flexible
"PEPTIDE1{Pr_Gly.meA.T.L.Me_dA.Me_dL.Abu}$PEPTIDE1,PEPTIDE1,1:R1-7:R2$$$",-5.18900000,ok,,flexible
"PEPTIDE1{dV.T.meL.Me_dL.A.Pr_Gly.F}$PEPTIDE1,PEPTIDE1,1:R1-7:R2$$$",-5.98400000,ok,,flexible
"PEPTIDE1{L.I.A.T.P.Me_dL.dL}$PEPTIDE1,PEPTIDE1,1:R1-7:R2$$$",-4.89200000,ok,,flexible
"PEPTIDE1{L.A.meF.I.T.meA.T}$PEPTIDE1,PEPTIDE1,1:R1-7:R2$$$",-6.06300000,ok,,flexible
"PEPTIDE1{dA.meF.T.meL.A.meV.Sar}$PEPTIDE1,PEPTIDE1,1:R1-7:R2$$$",-6.63500000,ok,,flexible
"PEPTIDE1{A.meL.L.T.meA.meF.dL}$PEPTIDE1,PEPTIDE1,1:R1-7:R2$$$",-5.88500000,ok,,flexible
"PEPTIDE1{Mono6.cHexCH2_Gly.L.meF.L.T.P}$PEPTIDE1,PEPTIDE1,1:R1-7:R2$$$",-5.73800000,ok,,flexible
"PEPTIDE1{meL.dL.pentyl_Gly.A.L.Mono84.Ser(tBu)}$PEPTIDE1,PEPTIDE1,1:R1-7:R2$$$",-5.76000000,ok,,flexible
"PEPTIDE1{L.meF.P.meL.F.I.A}$PEPTIDE1,PEPTIDE1,1:R1-7:R2$$$",-6.09700000,ok,,flexible
"PEPTIDE1{dA.Me_dL.A.meL.meA.dP.V}$PEPTIDE1,PEPTIDE1,1:R1-7:R2$$$",-6.35900000,ok,,flexible
"PEPTIDE1{Me_Bal.A.L.dL.dP.Me_dL.L}$PEPTIDE1,PEPTIDE1,1:R1-7:R2$$$",-5.54900000,ok,,flexible
"PEPTIDE1{meA.A.dL.meF.P.meL.T}$PEPTIDE1,PEPTIDE1,1:R1-7:R2$$$",-6.10200000,ok,,flexible
"PEPTIDE1{Me_dA.Sar.meA.meL.F.Ser(tBu).L}$PEPTIDE1,PEPTIDE1,1:R1-7:R2$$$",-6.36900000,ok,,flexible
"PEPTIDE1{Me_dA.meL.pentyl_Gly.cHexCH2_Gly.I.Mono38.L}$PEPTIDE1,PEPTIDE1,1:R1-7:R2$$$",-4.94600000,ok,,flexible
"PEPTIDE1{Sar.L.A.meV.I.meL.meA}$PEPTIDE1,PEPTIDE1,1:R1-7:R2$$$",-5.38300000,ok,,flexible
"PEPTIDE1{meA.L.L.meL.G.T.dL}$PEPTIDE1,PEPTIDE1,1:R1-7:R2$$$",-4.91500000,ok,,flexible
"PEPTIDE1{Me_dA.P.meS.A.meF.meA.meA}$PEPTIDE1,PEPTIDE1,1:R1-7:R2$$$",-7.08200000,ok,,flexible
"PEPTIDE1{dA.meF.Ser(tBu).L.T.A.I}$PEPTIDE1,PEPTIDE1,1:R1-7:R2$$$",-5.95200000,ok,,flexible
"PEPTIDE1{Me_Bal.V.P.dF.A.meA.T}$PEPTIDE1,PEPTIDE1,1:R1-7:R2$$$",-6.77600000,ok,,flexible
"PEPTIDE1{A.meF.L.F.Ser(tBu).meL.Me_Phe(3-Cl)}$PEPTIDE1,PEPTIDE1,1:R1-7:R2$$$",-5.89600000,ok,,flexible
"PEPTIDE1{P.F.meA.Me_dL.A.P.T}$PEPTIDE1,PEPTIDE1,1:R1-7:R2$$$",-6.59400000,ok,,flexible
"PEPTIDE1{dA.meL.Me_dL.T.I.F.meA}$PEPTIDE1,PEPTIDE1,1:R1-7:R2$$$",-5.73200000,ok,,flexible
"PEPTIDE1{Me_dA.meF.meA.A.F.meL.Sar}$PEPTIDE1,PEPTIDE1,1:R1-7:R2$$$",-6.29600000,ok,,flexible
"PEPTIDE1{dV.Abu.A.meF.T.Me_dL.Me_dA}$PEPTIDE1,PEPTIDE1,1:R1-7:R2$$$",-6.06200000,ok,,flexible
"PEPTIDE1{dV.meA.meF.F.meL.Me_dL.P}$PEPTIDE1,PEPTIDE1,1:R1-7:R2$$$",-5.89000000,ok,,flexible
"PEPTIDE1{dV.T.meL.dP.P.meL.meF}$PEPTIDE1,PEPTIDE1,1:R1-7:R2$$$",-5.85900000,ok,,flexible
"PEPTIDE1{Me_dA.meL.meS.A.dA.V.T}$PEPTIDE1,PEPTIDE1,1:R1-7:R2$$$",-6.35800000,ok,,flexible
"PEPTIDE1{A.L.meL.dL.Me_dL.Me_dA.meA}$PEPTIDE1,PEPTIDE1,1:R1-7:R2$$$",-6.43600000,ok,,flexible
"PEPTIDE1{Me_Bal.meA.T.V.meL.L.A}$PEPTIDE1,PEPTIDE1,1:R1-7:R2$$$",-5.85200000,ok,,flexible
"PEPTIDE1{P.meA.dL.meL.meF.L.A}$PEPTIDE1,PEPTIDE1,1:R1-7:R2$$$",-5.83100000,ok,,flexible
"PEPTIDE1{Me_dA.A.L.meL.dL.meV.T}$PEPTIDE1,PEPTIDE1,1:R1-7:R2$$$",-5.54600000,ok,,flexible
"PEPTIDE1{Me_dA.dL.G.T.V.Ser(tBu).meL}$PEPTIDE1,PEPTIDE1,1:R1-7:R2$$$",-5.15600000,ok,,flexible
"PEPTIDE1{Sar.dL.meA.T.Me_dL.L.L}$PEPTIDE1,PEPTIDE1,1:R1-7:R2$$$",-5.78100000,ok,,flexible
"PEPTIDE1{dV.P.Me_dL.L.meL.meA.A}$PEPTIDE1,PEPTIDE1,1:R1-7:R2$$$",-6.42600000,ok,,flexible
"PEPTIDE1{Me_dA.meV.meL.I.T.meF.meA}$PEPTIDE1,PEPTIDE1,1:R1-7:R2$$$",-6.16100000,ok,,flexible
"PEPTIDE1{meA.L.T.dL.I.dP.meL}$PEPTIDE1,PEPTIDE1,1:R1-7:R2$$$",-5.56300000,ok,,flexible
"PEPTIDE1{Mono6.meA.F.P.meS.T.L}$PEPTIDE1,PEPTIDE1,1:R1-7:R2$$$",-6.62400000,ok,,flexible
"PEPTIDE1{meA.T.A.meL.Me_dL.Me_dA.Sar}$PEPTIDE1,PEPTIDE1,1:R1-7:R2$$$",-5.96500000,ok,,flexible
"PEPTIDE1{dA.pentyl_Gly.I.Bn_Gly.meL.Me_dL.L}$PEPTIDE1,PEPTIDE1,1:R1-7:R2$$$",-4.91900000,ok,,flexible
"PEPTIDE1{dA.F.T.meL.V.dP.meA}$PEPTIDE1,PEPTIDE1,1:R1-7:R2$$$",-6.29700000,ok,,flexible
"PEPTIDE1{meA.T.meS.L.meL.A.Ala(5-Tet)}$PEPTIDE1,PEPTIDE1,1:R1-7:R2$$$",-6.12600000,ok,,flexible
"PEPTIDE1{Sar.F.Me_dL.Ser(tBu).meL.A.meV}$PEPTIDE1,PEPTIDE1,1:R1-7:R2$$$",-6.03700000,ok,,flexible
"PEPTIDE1{Mono6.Me_dA.Me_dL.A.meA.Me_dL.P}$PEPTIDE1,PEPTIDE1,1:R1-7:R2$$$",-6.81000000,ok,,flexible
"PEPTIDE1{meL.A.V.dL.meL.T.meF}$PEPTIDE1,PEPTIDE1,1:R1-7:R2$$$",-5.19900000,ok,,flexible
"PEPTIDE1{meL.F.T.meL.dL.A.Ser(tBu)}$PEPTIDE1,PEPTIDE1,1:R1-7:R2$$$",-5.07800000,ok,,flexible
"PEPTIDE1{meA.Mono38.dL.A.F.T.Ser(tBu)}$PEPTIDE1,PEPTIDE1,1:R1-7:R2$$$",-5.92300000,ok,,flexible
"PEPTIDE1{meL.meF.Me_dL.L.T.V.T}$PEPTIDE1,PEPTIDE1,1:R1-7:R2$$$",-5.16300000,ok,,flexible
"PEPTIDE1{F.L.T.dL.meF.meA.meL}$PEPTIDE1,PEPTIDE1,1:R1-7:R2$$$",-5.04200000,ok,,flexible
"PEPTIDE1{meL.L.A.meF.Abu.meS.meL}$PEPTIDE1,PEPTIDE1,1:R1-7:R2$$$",-6.23500000,ok,,flexible
"PEPTIDE1{meA.Ala(5-Tet).L.T.Aoc(2).dL.Sar}$PEPTIDE1,PEPTIDE1,1:R1-7:R2$$$",-5.62700000,ok,,flexible
"PEPTIDE1{meA.meL.T.V.Me_dL.meF.dL}$PEPTIDE1,PEPTIDE1,1:R1-7:R2$$$",-5.49700000,ok,,flexible
"PEPTIDE1{A.meL.P.Abu.meA.L.dA}$PEPTIDE1,PEPTIDE1,1:R1-7:R2$$$",-6.53300000,ok,,flexible
"PEPTIDE1{meA.T.dL.L.meV.Mono7.P}$PEPTIDE1,PEPTIDE1,1:R1-7:R2$$$",-5.99300000,ok,,flexible
"PEPTIDE1{meA.Me_dA.F.pentyl_Gly.V.meL.L}$PEPTIDE1,PEPTIDE1,1:R1-7:R2$$$",-5.53400000,ok,,flexible
"PEPTIDE1{meA.I.cHexCH2_Gly.meL.I.dL.meL}$PEPTIDE1,PEPTIDE1,1:R1-7:R2$$$",-4.83800000,ok,,flexible
"PEPTIDE1{meA.L.F.I.Ser(tBu).meL.meF}$PEPTIDE1,PEPTIDE1,1:R1-7:R2$$$",-5.82500000,ok,,flexible
"PEPTIDE1{Me_Bal.L.T.F.meA.meL.A}$PEPTIDE1,PEPTIDE1,1:R1-7:R2$$$",-6.09500000,ok,,flexible
"PEPTIDE1{P.meL.Me_dL.A.dA.dF.meA}$PEPTIDE1,PEPTIDE1,1:R1-7:R2$$$",-6.54400000,ok,,flexible
"PEPTIDE1{dA.meL.meA.dL.meI.V.Me_dL}$PEPTIDE1,PEPTIDE1,1:R1-7:R2$$$",-5.43600000,ok,,flexible
"PEPTIDE1{dV.meA.T.Me_dA.meL.Me_dL.L}$PEPTIDE1,PEPTIDE1,1:R1-7:R2$$$",-5.95300000,ok,,flexible
"PEPTIDE1{meA.T.A.F.Me_dA.Ser(tBu).Me_dL}$PEPTIDE1,PEPTIDE1,1:R1-7:R2$$$",-5.89500000,ok,,flexible
"PEPTIDE1{meA.meL.V.dL.dV.L.A}$PEPTIDE1,PEPTIDE1,1:R1-7:R2$$$",-5.12400000,ok,,flexible
"PEPTIDE1{dA.P.T.T.A.L.meA}$PEPTIDE1,PEPTIDE1,1:R1-7:R2$$$",-6.03900000,ok,,flexible
"PEPTIDE1{dA.Ser(tBu).P.V.L.F.T}$PEPTIDE1,PEPTIDE1,1:R1-7:R2$$$",-6.19800000,ok,,flexible
"PEPTIDE1{meA.A.L.Ser(tBu).L.I.dL}$PEPTIDE1,PEPTIDE1,1:R1-7:R2$$$",-5.49800000,ok,,flexible
"PEPTIDE1{Pr_Gly.A.meL.dP.L.dP.dA}$PEPTIDE1,PEPTIDE1,1:R1-7:R2$$$",-6.21200000,ok,,flexible
"PEPTIDE1{Me_Bal.Me_dL.Pr_Gly.F.L.A.Ser(tBu)}$PEPTIDE1,PEPTIDE1,1:R1-7:R2$$$",-5.98300000,ok,,flexible
"PEPTIDE1{Me_dA.Abu.T.meF.A.F.3Pal}$PEPTIDE1,PEPTIDE1,1:R1-7:R2$$$",-6.17500000,ok,,flexible
"PEPTIDE1{Me_dA.T.dP.Ala(5-Tet).A.Ser(tBu).L}$PEPTIDE1,PEPTIDE1,1:R1-7:R2$$$",-5.63200000,ok,,flexible
"PEPTIDE1{Me_dA.cHexCH2_Gly.A.pentyl_Gly.Ser(tBu).I.dL}$PEPTIDE1,PEPTIDE1,1:R1-7:R2$$$",-4.94400000,ok,,flexible
"PEPTIDE1{meA.Me_dA.meL.Me_dL.T.T.meL}$PEPTIDE1,PEPTIDE1,1:R1-7:R2$$$",-6.22200000,ok,,flexible
"PEPTIDE1{Me_dA.meS.Me_dL.meL.meA.A.F}$PEPTIDE1,PEPTIDE1,1:R1-7:R2$$$",-6.24900000,ok,,flexible
"PEPTIDE1{meA.P.P.T.L.Aib.I}$PEPTIDE1,PEPTIDE1,1:R1-7:R2$$$",-5.95500000,ok,,flexible
"PEPTIDE1{A.meS.meF.Sar.Me_dL.Phe(4-CF3).L}$PEPTIDE1,PEPTIDE1,1:R1-7:R2$$$",-6.22400000,ok,,flexible
"PEPTIDE1{Me_Bal.A.T.meA.meL.meF.meL}$PEPTIDE1,PEPTIDE1,1:R1-7:R2$$$",81.02600000,ok,,flexible
"PEPTIDE1{dV.L.Ala(5-Tet).meL.I.A.meA}$PEPTIDE1,PEPTIDE1,1:R1-7:R2$$$",-5.90700000,ok,,flexible
"PEPTIDE1{Me_Bal.A.dP.V.dL.I.meL}$PEPTIDE1,PEPTIDE1,1:R1-7:R2$$$",-5.83500000,ok,,flexible
"PEPTIDE1{F.I.pentyl_Gly.P.T.L.L}$PEPTIDE1,PEPTIDE1,1:R1-7:R2$$$",-5.23100000,ok,,flexible
"PEPTIDE1{meA.meL.P.meL.F.dL.meF}$PEPTIDE1,PEPTIDE1,1:R1-7:R2$$$",-6.40000000,ok,,flexible
"PEPTIDE1{meA.meF.F.T.A.dP.I}$PEPTIDE1,PEPTIDE1,1:R1-7:R2$$$",-6.67300000,ok,,flexible
"PEPTIDE1{meL.dL.L.I.Ser(tBu).P.Ala(5-Tet)}$PEPTIDE1,PEPTIDE1,1:R1-7:R2$$$",-4.94700000,ok,,flexible
"PEPTIDE1{Me_dA.Aib.meA.Me_Phe(3-Cl).meF.L.Phe(4-CF3)}$PEPTIDE1,PEPTIDE1,1:R1-7:R2$$$",-7.21100000,ok,,flexible
"PEPTIDE1{F.meF.meA.Me_Phe(3-Cl).I.T.Ser(tBu)}$PEPTIDE1,PEPTIDE1,1:R1-7:R2$$$",-5.74200000,ok,,flexible
"PEPTIDE1{F.I.cHexCH2_Gly.meA.G.P.L}$PEPTIDE1,PEPTIDE1,1:R1-7:R2$$$",-6.12500000,ok,,flexible
"PEPTIDE1{P.Pr_Gly.Me_dA.Pr_Gly.Me_dL.meF.dL}$PEPTIDE1,PEPTIDE1,1:R1-7:R2$$$",-5.90400000,ok,,flexible
"PEPTIDE1{dV.meL.Me_dA.L.F.meA.Me_dL}$PEPTIDE1,PEPTIDE1,1:R1-7:R2$$$",-5.73900000,ok,,flexible
"PEPTIDE1{Mono6.Mono38.T.L.A.P.Me_dL}$PEPTIDE1,PEPTIDE1,1:R1-7:R2$$$",-5.74000000,ok,,flexible
"PEPTIDE1{dV.Pr_Gly.V.Me_dL.L.meI.dL}$PEPTIDE1,PEPTIDE1,1:R1-7:R2$$$",-4.98700000,ok,,flexible
"PEPTIDE1{dA.P.L.A.Me_dL.F.meL}$PEPTIDE1,PEPTIDE1,1:R1-7:R2$$$",-6.13400000,ok,,flexible
"PEPTIDE1{Me_dA.L.meL.T.meL.meA.dL}$PEPTIDE1,PEPTIDE1,1:R1-7:R2$$$",-5.67400000,ok,,flexible
"PEPTIDE1{Me_Bal.meA.meL.Me_dL.F.P.Ser(tBu)}$PEPTIDE1,PEPTIDE1,1:R1-7:R2$$$",-6.17700000,ok,,flexible
"PEPTIDE1{meA.meF.Me_dL.L.Me_dA.A.dL}$PEPTIDE1,PEPTIDE1,1:R1-7:R2$$$",-5.87500000,ok,,flexible
"PEPTIDE1{dA.dP.T.A.meS.Abu.meL}$PEPTIDE1,PEPTIDE1,1:R1-7:R2$$$",-6.52900000,ok,,flexible
"PEPTIDE1{L.meL.dL.P.Me_dL.meA.T}$PEPTIDE1,PEPTIDE1,1:R1-7:R2$$$",-5.43900000,ok,,flexible
"PEPTIDE1{Me_dA.Ser(tBu).T.dL.I.meL.Me_dL}$PEPTIDE1,PEPTIDE1,1:R1-7:R2$$$",-4.83200000,ok,,flexible
"PEPTIDE1{Sar.I.L.meA.V.P.meL}$PEPTIDE1,PEPTIDE1,1:R1-7:R2$$$",-6.47200000,ok,,flexible
"PEPTIDE1{meL.Ala(5-Tet).meS.T.Me_dA.meA.meL}$PEPTIDE1,PEPTIDE1,1:R1-7:R2$$$",-5.37400000,ok,,flexible
"PEPTIDE1{dA.F.meF.T.V.Ser(tBu).P}$PEPTIDE1,PEPTIDE1,1:R1-7:R2$$$",-6.11100000,ok,,flexible
"PEPTIDE1{Me_dA.T.V.meA.meL.meF.Ser(tBu)}$PEPTIDE1,PEPTIDE1,1:R1-7:R2$$$",-5.63100000,ok,,flexible
"PEPTIDE1{dA.meL.L.meV.dP.dL.A}$PEPTIDE1,PEPTIDE1,1:R1-7:R2$$$",-6.36300000,ok,,flexible
"PEPTIDE1{Pr_Gly.Ser(tBu).dL.A.L.L.meA}$PEPTIDE1,PEPTIDE1,1:R1-7:R2$$$",-5.34200000,ok,,flexible
"PEPTIDE1{Me_dA.dP.T.meA.meL.A.T}$PEPTIDE1,PEPTIDE1,1:R1-7:R2$$$",-6.20000000,ok,,flexible
"PEPTIDE1{Me_dA.meF.dL.pentyl_Gly.cHexCH2_Gly.L.meI}$PEPTIDE1,PEPTIDE1,1:R1-7:R2$$$",-5.67500000,ok,,flexible
"PEPTIDE1{dA.Bn_Gly.P.Ser(tBu).T.meL.meL}$PEPTIDE1,PEPTIDE1,1:R1-7:R2$$$",-5.81400000,ok,,flexible
"PEPTIDE1{Me_dA.Pr_Gly.A.F.meL.F.V}$PEPTIDE1,PEPTIDE1,1:R1-7:R2$$$",-5.76100000,ok,,flexible
"PEPTIDE1{meA.T.Ser(tBu).V.L.A.dV}$PEPTIDE1,PEPTIDE1,1:R1-7:R2$$$",-5.97400000,ok,,flexible
"PEPTIDE1{Me_dA.A.T.meL.L.meF.T}$PEPTIDE1,PEPTIDE1,1:R1-7:R2$$$",-6.36400000,ok,,flexible
"PEPTIDE1{dV.meS.meF.Ser(tBu).meL.L.F}$PEPTIDE1,PEPTIDE1,1:R1-7:R2$$$",-5.64800000,ok,,flexible
"PEPTIDE1{Me_dA.A.T.F.dL.meL.meA}$PEPTIDE1,PEPTIDE1,1:R1-7:R2$$$",-6.06100000,ok,,flexible
"PEPTIDE1{meA.Sar.L.V.meF.Me_dL.I}$PEPTIDE1,PEPTIDE1,1:R1-7:R2$$$",-5.65200000,ok,,flexible
"PEPTIDE1{meL.Abu.meF.I.dL.Me_dL.meA}$PEPTIDE1,PEPTIDE1,1:R1-7:R2$$$",-5.72100000,ok,,flexible
"PEPTIDE1{dV.L.meA.Me_dL.T.dL.L}$PEPTIDE1,PEPTIDE1,1:R1-7:R2$$$",-5.63100000,ok,,flexible
"PEPTIDE1{dA.F.T.dP.A.Aib.G}$PEPTIDE1,PEPTIDE1,1:R1-7:R2$$$",-6.86900000,ok,,flexible
"PEPTIDE1{Me_Bal.meV.meF.L.dP.Ser(tBu).Sar}$PEPTIDE1,PEPTIDE1,1:R1-7:R2$$$",-6.07500000,ok,,flexible
"PEPTIDE1{P.Me_dA.F.A.T.L.meL}$PEPTIDE1,PEPTIDE1,1:R1-7:R2$$$",-6.67800000,ok,,flexible
"PEPTIDE1{meA.Abu.A.meS.T.Sar.T}$PEPTIDE1,PEPTIDE1,1:R1-7:R2$$$",-6.08500000,ok,,flexible
"PEPTIDE1{dV.meA.dA.Me_dL.meL.A.L}$PEPTIDE1,PEPTIDE1,1:R1-7:R2$$$",-5.96300000,ok,,flexible
"PEPTIDE1{F.L.meL.A.V.meV.I}$PEPTIDE1,PEPTIDE1,1:R1-7:R2$$$",-5.53700000,ok,,flexible
"PEPTIDE1{Me_Bal.T.meS.meA.Me_dL.A.meF}$PEPTIDE1,PEPTIDE1,1:R1-7:R2$$$",-6.17100000,ok,,flexible
"PEPTIDE1{dF.F.L.A.3Pal.dL.meL}$PEPTIDE1,PEPTIDE1,1:R1-7:R2$$$",-6.13600000,ok,,flexible
"PEPTIDE1{dV.P.meA.meL.Me_dL.dL.meF}$PEPTIDE1,PEPTIDE1,1:R1-7:R2$$$",-5.82900000,ok,,flexible
"PEPTIDE1{meL.Me_dL.F.T.meS.meA.Ala(5-Tet)}$PEPTIDE1,PEPTIDE1,1:R1-7:R2$$$",-6.05800000,ok,,flexible
"PEPTIDE1{A.T.F.L.I.P.dA}$PEPTIDE1,PEPTIDE1,1:R1-7:R2$$$",-5.72500000,ok,,flexible
"PEPTIDE1{dF.F.L.meA.L.A.meL}$PEPTIDE1,PEPTIDE1,1:R1-7:R2$$$",-5.83500000,ok,,flexible
"PEPTIDE1{F.cHexCH2_Gly.L.dP.meL.I.V}$PEPTIDE1,PEPTIDE1,1:R1-7:R2$$$",-5.78000000,ok,,flexible
"PEPTIDE1{dA.L.meF.Me_dL.T.dL.F}$PEPTIDE1,PEPTIDE1,1:R1-7:R2$$$",-5.51600000,ok,,flexible
"PEPTIDE1{dV.T.A.L.Aoc(2).dL.Me_dL}$PEPTIDE1,PEPTIDE1,1:R1-7:R2$$$",-5.26200000,ok,,flexible
"PEPTIDE1{F.I.meA.dL.V.A.Me_Phe(3-Cl)}$PEPTIDE1,PEPTIDE1,1:R1-7:R2$$$",-5.68900000,ok,,flexible
"PEPTIDE1{Me_dA.cHexCH2_Gly.T.A.L.F.meA}$PEPTIDE1,PEPTIDE1,1:R1-7:R2$$$",-6.57300000,ok,,flexible
"PEPTIDE1{Me_dA.dA.meA.dL.A.V.Me_dL}$PEPTIDE1,PEPTIDE1,1:R1-7:R2$$$",-6.43400000,ok,,flexible
"PEPTIDE1{Me_dL.meL.Abu.A.Me_dA.P.meA}$PEPTIDE1,PEPTIDE1,1:R1-7:R2$$$",-6.08200000,ok,,flexible
"PEPTIDE1{Me_Bal.L.meL.meV.V.F.meA}$PEPTIDE1,PEPTIDE1,1:R1-7:R2$$$",-5.49800000,ok,,flexible
"PEPTIDE1{meA.dL.meF.A.meL.meV.Bn_Gly}$PEPTIDE1,PEPTIDE1,1:R1-7:R2$$$",-6.07500000,ok,,flexible
"PEPTIDE1{Me_Bal.T.meA.A.P.L.Me_dL}$PEPTIDE1,PEPTIDE1,1:R1-7:R2$$$",-6.09500000,ok,,flexible
"PEPTIDE1{Sar.T.Me_dL.meA.Ser(tBu).meL.meF}$PEPTIDE1,PEPTIDE1,1:R1-7:R2$$$",-5.71200000,ok,,flexible
"PEPTIDE1{Me_Bal.A.Me_dL.meL.I.V.dL}$PEPTIDE1,PEPTIDE1,1:R1-7:R2$$$",-5.70000000,ok,,flexible
"PEPTIDE1{A.meA.meV.meL.P.L.Me_dL}$PEPTIDE1,PEPTIDE1,1:R1-7:R2$$$",-5.23000000,ok,,flexible
"PEPTIDE1{meA.meL.dL.T.Mono86.Mono78.I}$PEPTIDE1,PEPTIDE1,1:R1-7:R2$$$",-6.19300000,ok,,flexible
"PEPTIDE1{dA.A.F.T.L.meL.V}$PEPTIDE1,PEPTIDE1,1:R1-7:R2$$$",-6.25000000,ok,,flexible
"PEPTIDE1{L.pentyl_Gly.meF.I.P.L.dL}$PEPTIDE1,PEPTIDE1,1:R1-7:R2$$$",-5.22900000,ok,,flexible
"PEPTIDE1{meA.meF.F.T.Me_dL.G.V}$PEPTIDE1,PEPTIDE1,1:R1-7:R2$$$",-6.31000000,ok,,flexible
"PEPTIDE1{dA.F.P.L.Me_dL.dL.dL}$PEPTIDE1,PEPTIDE1,1:R1-7:R2$$$",-5.29900000,ok,,flexible
"PEPTIDE1{dA.meF.meA.T.Me_dL.Me_dL.A}$PEPTIDE1,PEPTIDE1,1:R1-7:R2$$$",-5.64300000,ok,,flexible
"PEPTIDE1{L.T.Sar.Aoc(2).A.dL.F}$PEPTIDE1,PEPTIDE1,1:R1-7:R2$$$",-5.44000000,ok,,flexible
"PEPTIDE1{dV.L.V.T.Me_dL.dL.A}$PEPTIDE1,PEPTIDE1,1:R1-7:R2$$$",-5.39300000,ok,,flexible
"PEPTIDE1{Me_dA.meA.F.Me_dL.meF.A.I}$PEPTIDE1,PEPTIDE1,1:R1-7:R2$$$",-6.20900000,ok,,flexible
"PEPTIDE1{dA.L.A.Sar.meA.I.A}$PEPTIDE1,PEPTIDE1,1:R1-7:R2$$$",-5.83000000,ok,,flexible
"PEPTIDE1{meL.meA.L.Abu.meF.F.T}$PEPTIDE1,PEPTIDE1,1:R1-7:R2$$$",-5.44500000,ok,,flexible
"PEPTIDE1{meL.meA.L.T.Sar.meL.meF}$PEPTIDE1,PEPTIDE1,1:R1-7:R2$$$",-5.70300000,ok,,flexible
"PEPTIDE1{F.T.L.dL.meV.meL.Me_dL}$PEPTIDE1,PEPTIDE1,1:R1-7:R2$$$",-5.90000000,ok,,flexible
"PEPTIDE1{Me_Bal.meL.meF.meL.Me_dL.L.meA}$PEPTIDE1,PEPTIDE1,1:R1-7:R2$$$",-5.61700000,ok,,flexible
"PEPTIDE1{meA.L.P.Ser(tBu).dL.A.meL}$PEPTIDE1,PEPTIDE1,1:R1-7:R2$$$",-5.64500000,ok,,flexible
"PEPTIDE1{meA.dF.dL.L.meL.T.T}$PEPTIDE1,PEPTIDE1,1:R1-7:R2$$$",-6.04600000,ok,,flexible
"PEPTIDE1{dV.A.meL.meL.Me_dL.T.F}$PEPTIDE1,PEPTIDE1,1:R1-7:R2$$$",-5.44300000,ok,,flexible
"PEPTIDE1{dF.I.meL.meL.T.A.L}$PEPTIDE1,PEPTIDE1,1:R1-7:R2$$$",-5.33800000,ok,,flexible
"PEPTIDE1{Pr_Gly.Me_dL.V.meL.Me_dA.meF.Ser(tBu)}$PEPTIDE1,PEPTIDE1,1:R1-7:R2$$$",-5.92900000,ok,,flexible
"PEPTIDE1{Pr_Gly.V.meL.L.F.Me_dA.meA}$PEPTIDE1,PEPTIDE1,1:R1-7:R2$$$",-5.47200000,ok,,flexible
"PEPTIDE1{Me_dA.meA.dA.meL.P.L.T}$PEPTIDE1,PEPTIDE1,1:R1-7:R2$$$",-6.48600000,ok,,flexible
"PEPTIDE1{Me_Bal.V.T.P.A.F.Me_dL}$PEPTIDE1,PEPTIDE1,1:R1-7:R2$$$",-6.30500000,ok,,flexible
"PEPTIDE1{A.meS.dL.I.T.Sar.meA}$PEPTIDE1,PEPTIDE1,1:R1-7:R2$$$",-5.58000000,ok,,flexible
"PEPTIDE1{Me_Bal.P.T.dL.F.meA.meL}$PEPTIDE1,PEPTIDE1,1:R1-7:R2$$$",-6.45700000,ok,,flexible
"PEPTIDE1{F.A.T.meL.P.T.L}$PEPTIDE1,PEPTIDE1,1:R1-7:R2$$$",-5.85500000,ok,,flexible
"PEPTIDE1{Me_dA.G.meF.Me_dL.meA.I.V}$PEPTIDE1,PEPTIDE1,1:R1-7:R2$$$",-6.31100000,ok,,flexible
"PEPTIDE1{Me_dA.Me_dL.Abu.V.meA.T.dV}$PEPTIDE1,PEPTIDE1,1:R1-7:R2$$$",-5.73600000,ok,,flexible
"PEPTIDE1{dV.meS.T.G.meL.Bn_Gly.L}$PEPTIDE1,PEPTIDE1,1:R1-7:R2$$$",-5.80800000,ok,,flexible
"PEPTIDE1{A.meF.Me_dL.P.meL.meS.L}$PEPTIDE1,PEPTIDE1,1:R1-7:R2$$$",-5.60100000,ok,,flexible
"PEPTIDE1{Me_dA.meF.I.L.meL.meV.V}$PEPTIDE1,PEPTIDE1,1:R1-7:R2$$$",-6.08000000,ok,,flexible
"PEPTIDE1{meA.meL.T.meF.V.A.I}$PEPTIDE1,PEPTIDE1,1:R1-7:R2$$$",-5.91500000,ok,,flexible
"PEPTIDE1{meA.F.meL.T.T.Me_dL.L}$PEPTIDE1,PEPTIDE1,1:R1-7:R2$$$",-5.40500000,ok,,flexible
"PEPTIDE1{L.meA.P.F.A.Me_dL.V}$PEPTIDE1,PEPTIDE1,1:R1-7:R2$$$",-5.84700000,ok,,flexible
"PEPTIDE1{Me_dL.meS.Abu.A.V.F.L}$PEPTIDE1,PEPTIDE1,1:R1-7:R2$$$",-6.56900000,ok,,flexible
"PEPTIDE1{Sar.A.meL.L.dL.meF.Ser(tBu)}$PEPTIDE1,PEPTIDE1,1:R1-7:R2$$$",-5.55300000,ok,,flexible
"PEPTIDE1{dA.meL.T.T.I.meA.Me_dL}$PEPTIDE1,PEPTIDE1,1:R1-7:R2$$$",-5.55200000,ok,,flexible
"PEPTIDE1{Mono6.F.L.Ser(tBu).P.meA.meL}$PEPTIDE1,PEPTIDE1,1:R1-7:R2$$$",-5.69100000,ok,,flexible
"PEPTIDE1{L.meF.I.meS.Sar.A.dL}$PEPTIDE1,PEPTIDE1,1:R1-7:R2$$$",-5.90800000,ok,,flexible
"PEPTIDE1{dA.meL.Aoc(2).T.A.L.F}$PEPTIDE1,PEPTIDE1,1:R1-7:R2$$$",-4.86200000,ok,,flexible
"PEPTIDE1{Me_Bal.L.T.Ser(tBu).Mono78.L.meL}$PEPTIDE1,PEPTIDE1,1:R1-7:R2$$$",-5.73800000,ok,,flexible
"PEPTIDE1{dA.Me_dL.meF.F.V.L.I}$PEPTIDE1,PEPTIDE1,1:R1-7:R2$$$",-5.52700000,ok,,flexible
"PEPTIDE1{meA.L.meS.Sar.A.meF.V}$PEPTIDE1,PEPTIDE1,1:R1-7:R2$$$",-6.41400000,ok,,flexible
"PEPTIDE1{Mono6.L.Me_dA.T.P.meL.I}$PEPTIDE1,PEPTIDE1,1:R1-7:R2$$$",-5.85300000,ok,,flexible
"PEPTIDE1{L.L.A.dL.I.F.meL}$PEPTIDE1,PEPTIDE1,1:R1-7:R2$$$",-5.12100000,ok,,flexible
"PEPTIDE1{A.meA.meV.V.Me_dL.meL.Me_dA}$PEPTIDE1,PEPTIDE1,1:R1-7:R2$$$",-5.55200000,ok,,flexible
"PEPTIDE1{meA.Me_dL.V.A.meL.Me_dA.T}$PEPTIDE1,PEPTIDE1,1:R1-7:R2$$$",-6.19900000,ok,,flexible
"PEPTIDE1{L.meL.meA.meF.V.A.Sar}$PEPTIDE1,PEPTIDE1,1:R1-7:R2$$$",-5.63300000,ok,,flexible
"PEPTIDE1{L.meA.meF.Abu.T.Ala(5-Tet).meS}$PEPTIDE1,PEPTIDE1,1:R1-7:R2$$$",-5.79800000,ok,,flexible
"PEPTIDE1{L.dP.meF.meL.dL.Ser(tBu).T}$PEPTIDE1,PEPTIDE1,1:R1-7:R2$$$",-5.11100000,ok,,flexible
"PEPTIDE1{Pr_Gly.A.T.meA.T.meF.Ala(5-Tet)}$PEPTIDE1,PEPTIDE1,1:R1-7:R2$$$",-6.39900000,ok,,flexible
"PEPTIDE1{Me_Bal.meA.meV.I.G.A.F}$PEPTIDE1,PEPTIDE1,1:R1-7:R2$$$",-6.07100000,ok,,flexible
"PEPTIDE1{F.L.meF.A.dA.meL.meA}$PEPTIDE1,PEPTIDE1,1:R1-7:R2$$$",-5.81900000,ok,,flexible
"PEPTIDE1{F.cHexCH2_Gly.V.T.meL.meF.L}$PEPTIDE1,PEPTIDE1,1:R1-7:R2$$$",-5.89700000,ok,,flexible
"PEPTIDE1{meA.T.meF.L.F.Me_dL.meL}$PEPTIDE1,PEPTIDE1,1:R1-7:R2$$$",-6.60900000,ok,,flexible
"PEPTIDE1{Me_dA.Me_dL.I.Phe(4-CF3).meF.T.F}$PEPTIDE1,PEPTIDE1,1:R1-7:R2$$$",-6.24300000,ok,,flexible
"PEPTIDE1{dA.meL.Mono38.I.dL.meA.L}$PEPTIDE1,PEPTIDE1,1:R1-7:R2$$$",-5.89300000,ok,,flexible
"PEPTIDE1{meA.Sar.A.dP.meL.P.meL}$PEPTIDE1,PEPTIDE1,1:R1-7:R2$$$",-6.72400000,ok,,flexible
"PEPTIDE1{Me_Bal.A.L.I.Me_dL.dL.F}$PEPTIDE1,PEPTIDE1,1:R1-7:R2$$$",-5.45800000,ok,,flexible
"PEPTIDE1{A.meF.T.Sar.meL.F.T}$PEPTIDE1,PEPTIDE1,1:R1-7:R2$$$",-6.22700000,ok,,flexible
"PEPTIDE1{dV.Aoc(2).T.A.dL.L.meL}$PEPTIDE1,PEPTIDE1,1:R1-7:R2$$$",-5.22800000,ok,,flexible
"PEPTIDE1{A.P.meV.dP.V.Sar.F}$PEPTIDE1,PEPTIDE1,1:R1-7:R2$$$",-6.82100000,ok,,flexible
"PEPTIDE1{dA.P.meF.F.A.I.meA}$PEPTIDE1,PEPTIDE1,1:R1-7:R2$$$",-6.72500000,ok,,flexible
"PEPTIDE1{dV.meF.Aoc(2).meA.F.I.L}$PEPTIDE1,PEPTIDE1,1:R1-7:R2$$$",-5.20100000,ok,,flexible
"PEPTIDE1{Sar.dP.T.meA.F.V.meL}$PEPTIDE1,PEPTIDE1,1:R1-7:R2$$$",-5.83400000,ok,,flexible
"PEPTIDE1{Me_dA.Aib.Pr_Gly.dPye.meL.Me_dL.meF}$PEPTIDE1,PEPTIDE1,1:R1-7:R2$$$",-5.62500000,ok,,flexible
"PEPTIDE1{F.I.cHexCH2_Gly.dL.meL.L.L}$PEPTIDE1,PEPTIDE1,1:R1-7:R2$$$",-5.20300000,ok,,flexible
"PEPTIDE1{Pr_Gly.meL.T.meF.Sar.dL.L}$PEPTIDE1,PEPTIDE1,1:R1-7:R2$$$",-5.29600000,ok,,flexible
"PEPTIDE1{meA.meF.meF.meL.Me_dL.Ser(tBu).T}$PEPTIDE1,PEPTIDE1,1:R1-7:R2$$$",-6.31900000,ok,,flexible
"PEPTIDE1{Me_Bal.meA.L.P.dL.F.Ser(tBu)}$PEPTIDE1,PEPTIDE1,1:R1-7:R2$$$",-5.80200000,ok,,flexible
"PEPTIDE1{dV.A.I.Me_dL.L.Me_Phe(3-Cl).Ser(tBu)}$PEPTIDE1,PEPTIDE1,1:R1-7:R2$$$",-5.31900000,ok,,flexible
"PEPTIDE1{meA.Abu.meF.Bn_Gly.T.I.L}$PEPTIDE1,PEPTIDE1,1:R1-7:R2$$$",-5.81800000,ok,,flexible
"PEPTIDE1{meA.V.meL.meF.A.dP.Me_dL}$PEPTIDE1,PEPTIDE1,1:R1-7:R2$$$",-6.12100000,ok,,flexible
"PEPTIDE1{meA.I.A.T.V.Me_dL.meL}$PEPTIDE1,PEPTIDE1,1:R1-7:R2$$$",-5.93900000,ok,,flexible
"PEPTIDE1{L.P.A.V.T.Ser(tBu).Me_dL}$PEPTIDE1,PEPTIDE1,1:R1-7:R2$$$",-6.45700000,ok,,flexible
"PEPTIDE1{L.Me_dL.T.meF.V.I.F}$PEPTIDE1,PEPTIDE1,1:R1-7:R2$$$",-5.23600000,ok,,flexible
"PEPTIDE1{meA.meF.Abu.L.meL.meL.dP}$PEPTIDE1,PEPTIDE1,1:R1-7:R2$$$",-6.12400000,ok,,flexible
"PEPTIDE1{dV.dPye.V.A.dA.Me_dA.meL}$PEPTIDE1,PEPTIDE1,1:R1-7:R2$$$",-6.05500000,ok,,flexible
"PEPTIDE1{Me_dA.Me_dL.F.A.meL.dL.V}$PEPTIDE1,PEPTIDE1,1:R1-7:R2$$$",-6.02300000,ok,,flexible
"PEPTIDE1{meL.meS.meA.Ala(5-Tet).F.V.dL}$PEPTIDE1,PEPTIDE1,1:R1-7:R2$$$",-6.12400000,ok,,flexible
"PEPTIDE1{Me_Bal.T.meL.F.dP.T.P}$PEPTIDE1,PEPTIDE1,1:R1-7:R2$$$",-6.54000000,ok,,flexible
"PEPTIDE1{dV.dA.A.meF.meL.L.Me_dL}$PEPTIDE1,PEPTIDE1,1:R1-7:R2$$$",-6.34100000,ok,,flexible
"PEPTIDE1{meA.P.A.L.Abu.I.T}$PEPTIDE1,PEPTIDE1,1:R1-7:R2$$$",-5.43100000,ok,,flexible
"PEPTIDE1{L.T.Mono78.I.meL.A.I}$PEPTIDE1,PEPTIDE1,1:R1-7:R2$$$",-5.57100000,ok,,flexible
"PEPTIDE1{dF.G.meF.meL.F.I.G}$PEPTIDE1,PEPTIDE1,1:R1-7:R2$$$",-6.04600000,ok,,flexible
"PEPTIDE1{meA.pentyl_Gly.dL.cHexCH2_Gly.T.I.meF}$PEPTIDE1,PEPTIDE1,1:R1-7:R2$$$",-5.28000000,ok,,flexible
"PEPTIDE1{Me_Bal.meL.L.F.meL.T.V}$PEPTIDE1,PEPTIDE1,1:R1-7:R2$$$",-6.35800000,ok,,flexible
"PEPTIDE1{dA.Ser(tBu).Me_dL.P.T.L.A}$PEPTIDE1,PEPTIDE1,1:R1-7:R2$$$",-5.33300000,ok,,flexible
"PEPTIDE1{meA.A.L.meF.T.meL.Ala(5-Tet)}$PEPTIDE1,PEPTIDE1,1:R1-7:R2$$$",-5.67600000,ok,,flexible
"PEPTIDE1{Mono6.meA.meF.T.L.meL.Ser(tBu)}$PEPTIDE1,PEPTIDE1,1:R1-7:R2$$$",-5.92400000,ok,,flexible
"PEPTIDE1{A.P.meA.Pr_Gly.dL.T.meF}$PEPTIDE1,PEPTIDE1,1:R1-7:R2$$$",-6.04500000,ok,,flexible
"PEPTIDE1{F.meL.Abu.L.meF.A.meA}$PEPTIDE1,PEPTIDE1,1:R1-7:R2$$$",-6.10500000,ok,,flexible
"PEPTIDE1{Me_dA.A.F.dL.L.dA.T}$PEPTIDE1,PEPTIDE1,1:R1-7:R2$$$",-6.13300000,ok,,flexible
"PEPTIDE1{dV.A.T.Abu.meL.F.meA}$PEPTIDE1,PEPTIDE1,1:R1-7:R2$$$",-6.06500000,ok,,flexible
"PEPTIDE1{dV.L.meF.Sar.Aoc(2).T.I}$PEPTIDE1,PEPTIDE1,1:R1-7:R2$$$",-4.49500000,ok,,flexible
"PEPTIDE1{P.A.dL.dA.dF.L.I}$PEPTIDE1,PEPTIDE1,1:R1-7:R2$$$",-5.97200000,ok,,flexible
"PEPTIDE1{F.Ser(tBu).Mono38.meL.dL.I.cHexCH2_Gly}$PEPTIDE1,PEPTIDE1,1:R1-7:R2$$$",-5.42000000,ok,,flexible
"PEPTIDE1{Me_dA.dA.meL.meV.meA.Me_dL.A}$PEPTIDE1,PEPTIDE1,1:R1-7:R2$$$",-5.95400000,ok,,flexible
"PEPTIDE1{Me_dA.meF.P.meA.T.T.Ser(tBu)}$PEPTIDE1,PEPTIDE1,1:R1-7:R2$$$",-5.96800000,ok,,flexible
"PEPTIDE1{Mono6.A.Abu.Aoc(2).L.meS.meA}$PEPTIDE1,PEPTIDE1,1:R1-7:R2$$$",-5.36500000,ok,,flexible
"PEPTIDE1{A.T.L.Me_dL.meL.V.meF}$PEPTIDE1,PEPTIDE1,1:R1-7:R2$$$",-5.39000000,ok,,flexible
"PEPTIDE1{L.F.meL.meA.T.I.meL}$PEPTIDE1,PEPTIDE1,1:R1-7:R2$$$",-5.44500000,ok,,flexible
"PEPTIDE1{dA.T.meL.L.meL.meA.Me_dL}$PEPTIDE1,PEPTIDE1,1:R1-7:R2$$$",-5.67300000,ok,,flexible
"PEPTIDE1{dP.Me_dA.A.T.Me_Phe(3-Cl).Ser(tBu).I}$PEPTIDE1,PEPTIDE1,1:R1-7:R2$$$",-6.02200000,ok,,flexible
"PEPTIDE1{meA.meF.V.dL.F.I.P}$PEPTIDE1,PEPTIDE1,1:R1-7:R2$$$",-5.70100000,ok,,flexible
"PEPTIDE1{F.I.meL.G.meF.Ser(tBu).V}$PEPTIDE1,PEPTIDE1,1:R1-7:R2$$$",-5.47000000,ok,,flexible
"PEPTIDE1{A.Me_dAbu.L.meS.Abu.Ala(5-Tet).meL}$PEPTIDE1,PEPTIDE1,1:R1-7:R2$$$",-5.50400000,ok,,flexible
"PEPTIDE1{Me_dA.meA.meV.V.meL.dL.meF}$PEPTIDE1,PEPTIDE1,1:R1-7:R2$$$",-5.64200000,ok,,flexible
"PEPTIDE1{Me_Bal.meL.L.Sar.Abu.T.G}$PEPTIDE1,PEPTIDE1,1:R1-7:R2$$$",-5.89900000,ok,,flexible
"PEPTIDE1{Me_Bal.Me_dL.L.meA.Bn_Gly.I.V}$PEPTIDE1,PEPTIDE1,1:R1-7:R2$$$",-5.45400000,ok,,flexible
"PEPTIDE1{dV.T.meS.A.Me_dL.Ala(5-Tet).L}$PEPTIDE1,PEPTIDE1,1:R1-7:R2$$$",-6.24700000,ok,,flexible
"PEPTIDE1{Me_dA.L.G.I.meA.meF.A}$PEPTIDE1,PEPTIDE1,1:R1-7:R2$$$",-6.47700000,ok,,flexible
"PEPTIDE1{Me_dA.Me_dL.I.L.Ser(tBu).meA.meS}$PEPTIDE1,PEPTIDE1,1:R1-7:R2$$$",-5.35000000,ok,,flexible
"PEPTIDE1{Me_Bal.P.meF.F.meL.meL.Ser(tBu)}$PEPTIDE1,PEPTIDE1,1:R1-7:R2$$$",-5.24500000,ok,,flexible
"PEPTIDE1{Me_dA.Sar.A.meF.meL.T.T}$PEPTIDE1,PEPTIDE1,1:R1-7:R2$$$",-6.54600000,ok,,flexible
"PEPTIDE1{L.meL.dL.meA.I.meF.meL}$PEPTIDE1,PEPTIDE1,1:R1-7:R2$$$",-5.20700000,ok,,flexible
"PEPTIDE1{dV.A.meA.L.F.T.Me_dL}$PEPTIDE1,PEPTIDE1,1:R1-7:R2$$$",-6.18400000,ok,,flexible
"PEPTIDE1{A.G.V.meA.dA.L.meL}$PEPTIDE1,PEPTIDE1,1:R1-7:R2$$$",-6.49800000,ok,,flexible
"PEPTIDE1{dA.T.L.Me_dL.meA.meF.meI}$PEPTIDE1,PEPTIDE1,1:R1-7:R2$$$",-5.49700000,ok,,flexible
"PEPTIDE1{Me_dA.L.F.I.T.meL.dL}$PEPTIDE1,PEPTIDE1,1:R1-7:R2$$$",-5.99700000,ok,,flexible
"PEPTIDE1{Me_dA.meA.F.T.Me_dL.dL.I}$PEPTIDE1,PEPTIDE1,1:R1-7:R2$$$",-5.80400000,ok,,flexible
"PEPTIDE1{Me_Bal.meA.V.T.P.meL.meF}$PEPTIDE1,PEPTIDE1,1:R1-7:R2$$$",-6.76200000,ok,,flexible
"PEPTIDE1{Me_Bal.meL.Ser(tBu).T.V.dL.L}$PEPTIDE1,PEPTIDE1,1:R1-7:R2$$$",-5.51000000,ok,,flexible
"PEPTIDE1{dP.L.meL.dL.Aoc(2).meA.meF}$PEPTIDE1,PEPTIDE1,1:R1-7:R2$$$",-5.91500000,ok,,flexible
"PEPTIDE1{Mono6.T.meA.meF.P.meL.meL}$PEPTIDE1,PEPTIDE1,1:R1-7:R2$$$",-6.44400000,ok,,flexible
"PEPTIDE1{P.meA.F.meL.T.dL.meF}$PEPTIDE1,PEPTIDE1,1:R1-7:R2$$$",-6.51100000,ok,,flexible
"PEPTIDE1{Pr_Gly.L.pentyl_Gly.Ser(tBu).meL.Mono84.A}$PEPTIDE1,PEPTIDE1,1:R1-7:R2$$$",-5.56800000,ok,,flexible
"PEPTIDE1{dA.Pr_Gly.F.meL.A.Bn_Gly.T}$PEPTIDE1,PEPTIDE1,1:R1-7:R2$$$",-5.72200000,ok,,flexible
"PEPTIDE1{A.meL.L.Sar.meF.L.F}$PEPTIDE1,PEPTIDE1,1:R1-7:R2$$$",-5.93200000,ok,,flexible
"PEPTIDE1{Me_Bal.meA.meL.I.T.F.Me_dL}$PEPTIDE1,PEPTIDE1,1:R1-7:R2$$$",-5.51200000,ok,,flexible
"PEPTIDE1{A.Me_dL.A.T.F.V.I}$PEPTIDE1,PEPTIDE1,1:R1-7:R2$$$",-5.65100000,ok,,flexible
"PEPTIDE1{Sar.meA.V.A.meF.dV.dL}$PEPTIDE1,PEPTIDE1,1:R1-7:R2$$$",-6.80500000,ok,,flexible
"PEPTIDE1{A.dL.meF.G.L.T.meA}$PEPTIDE1,PEPTIDE1,1:R1-7:R2$$$",-6.44500000,ok,,flexible
"PEPTIDE1{Me_dA.L.meA.Ser(tBu).I.L.meL}$PEPTIDE1,PEPTIDE1,1:R1-7:R2$$$",-5.33400000,ok,,flexible
"PEPTIDE1{Me_dA.T.dP.L.A.meL.dL}$PEPTIDE1,PEPTIDE1,1:R1-7:R2$$$",-6.10900000,ok,,flexible
"PEPTIDE1{meL.meA.A.dL.meL.dV.L}$PEPTIDE1,PEPTIDE1,1:R1-7:R2$$$",-5.63900000,ok,,flexible
"PEPTIDE1{Pr_Gly.meL.L.A.dL.Abu.T}$PEPTIDE1,PEPTIDE1,1:R1-7:R2$$$",-5.05500000,ok,,flexible
"PEPTIDE1{F.Et_Gly.dP.L.dL.Ser(tBu).meL}$PEPTIDE1,PEPTIDE1,1:R1-7:R2$$$",-5.30200000,ok,,flexible
"PEPTIDE1{Me_dA.meL.meA.Sar.meL.A.T}$PEPTIDE1,PEPTIDE1,1:R1-7:R2$$$",-5.69900000,ok,,flexible
"PEPTIDE1{meL.A.dV.Sar.meA.P.meF}$PEPTIDE1,PEPTIDE1,1:R1-7:R2$$$",-6.22900000,ok,,flexible
"PEPTIDE1{Me_Bal.A.meA.L.T.F.Me_dA}$PEPTIDE1,PEPTIDE1,1:R1-7:R2$$$",-6.58300000,ok,,flexible
"PEPTIDE1{Me_dA.P.dL.Me_dL.dV.meA.T}$PEPTIDE1,PEPTIDE1,1:R1-7:R2$$$",-5.76900000,ok,,flexible
"PEPTIDE1{meA.P.L.I.meL.A.Pr_Gly}$PEPTIDE1,PEPTIDE1,1:R1-7:R2$$$",-5.38900000,ok,,flexible
"PEPTIDE1{meA.F.T.A.Me_dL.dL.meL}$PEPTIDE1,PEPTIDE1,1:R1-7:R2$$$",-5.23600000,ok,,flexible
"PEPTIDE1{Mono6.V.meA.T.Me_dL.L.meL}$PEPTIDE1,PEPTIDE1,1:R1-7:R2$$$",-5.26400000,ok,,flexible
"PEPTIDE1{Me_Bal.A.meS.L.meA.T.meL}$PEPTIDE1,PEPTIDE1,1:R1-7:R2$$$",-5.75100000,ok,,flexible
"PEPTIDE1{Mono6.Aoc(2).L.Ala(5-Tet).meL.Abu.Me_dL}$PEPTIDE1,PEPTIDE1,1:R1-7:R2$$$",-5.46000000,ok,,flexible
"PEPTIDE1{dA.meF.T.meL.P.dL.Me_dL}$PEPTIDE1,PEPTIDE1,1:R1-7:R2$$$",-5.52100000,ok,,flexible
"PEPTIDE1{meA.I.P.dL.Me_dL.Ser(tBu).V}$PEPTIDE1,PEPTIDE1,1:R1-7:R2$$$",-5.67300000,ok,,flexible
"PEPTIDE1{meA.A.F.Ser(tBu).Ser(tBu).I.L}$PEPTIDE1,PEPTIDE1,1:R1-7:R2$$$",-5.32100000,ok,,flexible
"PEPTIDE1{F.A.L.T.meF.Me_dL.T}$PEPTIDE1,PEPTIDE1,1:R1-7:R2$$$",-5.66000000,ok,,flexible
"PEPTIDE1{dA.meA.L.dL.I.T.Me_dL}$PEPTIDE1,PEPTIDE1,1:R1-7:R2$$$",-5.53700000,ok,,flexible
"PEPTIDE1{meA.T.P.Me_dL.V.L.Me_dA}$PEPTIDE1,PEPTIDE1,1:R1-7:R2$$$",-5.71400000,ok,,flexible
"PEPTIDE1{meA.A.Me_dL.meL.F.V.T}$PEPTIDE1,PEPTIDE1,1:R1-7:R2$$$",-5.79000000,ok,,flexible
"PEPTIDE1{L.meL.I.meA.T.A.meF}$PEPTIDE1,PEPTIDE1,1:R1-7:R2$$$",-5.84400000,ok,,flexible
"PEPTIDE1{Me_dA.meL.V.Me_Phe(3-Cl).Me_dL.meL.Ser(tBu)}$PEPTIDE1,PEPTIDE1,1:R1-7:R2$$$",-5.20400000,ok,,flexible
"PEPTIDE1{P.F.T.Me_dL.V.Me_Phe(3-Cl).dL}$PEPTIDE1,PEPTIDE1,1:R1-7:R2$$$",-6.47900000,ok,,flexible
"PEPTIDE1{dV.dP.dL.L.T.I.F}$PEPTIDE1,PEPTIDE1,1:R1-7:R2$$$",-5.61000000,ok,,flexible
"PEPTIDE1{meA.F.T.meF.meL.Me_dL.Bn_Gly}$PEPTIDE1,PEPTIDE1,1:R1-7:R2$$$",-5.76200000,ok,,flexible
"PEPTIDE1{L.meF.Sar.meA.P.I.V}$PEPTIDE1,PEPTIDE1,1:R1-7:R2$$$",-6.14000000,ok,,flexible
"PEPTIDE1{dV.meA.meL.F.meF.meV.T}$PEPTIDE1,PEPTIDE1,1:R1-7:R2$$$",-5.95900000,ok,,flexible
"PEPTIDE1{Me_dA.meL.Ser(tBu).P.F.Abu.A}$PEPTIDE1,PEPTIDE1,1:R1-7:R2$$$",-5.61700000,ok,,flexible
"PEPTIDE1{F.meA.I.A.Me_dL.L.V}$PEPTIDE1,PEPTIDE1,1:R1-7:R2$$$",-5.48700000,ok,,flexible
"PEPTIDE1{Me_dA.L.A.dP.meL.meF.I}$PEPTIDE1,PEPTIDE1,1:R1-7:R2$$$",-5.91700000,ok,,flexible
"PEPTIDE1{Mono6.meA.A.T.P.L.Abu}$PEPTIDE1,PEPTIDE1,1:R1-7:R2$$$",-6.23300000,ok,,flexible
"PEPTIDE1{meA.A.Sar.T.Me_dL.V.Bn_Gly}$PEPTIDE1,PEPTIDE1,1:R1-7:R2$$$",-6.28200000,ok,,flexible
"PEPTIDE1{Me_dA.meA.A.I.P.F.meF}$PEPTIDE1,PEPTIDE1,1:R1-7:R2$$$",-6.55300000,ok,,flexible
"PEPTIDE1{meA.meL.L.F.meF.dL.Me_Phe(3-Cl)}$PEPTIDE1,PEPTIDE1,1:R1-7:R2$$$",-6.61100000,ok,,flexible
"PEPTIDE1{Me_dA.L.meL.L.F.meL.I}$PEPTIDE1,PEPTIDE1,1:R1-7:R2$$$",-5.50400000,ok,,flexible
"PEPTIDE1{A.meL.V.meF.dL.I.meV}$PEPTIDE1,PEPTIDE1,1:R1-7:R2$$$",-6.01400000,ok,,flexible
"PEPTIDE1{Mono6.meL.dL.L.T.meF.meA}$PEPTIDE1,PEPTIDE1,1:R1-7:R2$$$",-5.98000000,ok,,flexible
"PEPTIDE1{Me_dA.F.L.A.meL.L.Ser(tBu)}$PEPTIDE1,PEPTIDE1,1:R1-7:R2$$$",-5.82200000,ok,,flexible
"PEPTIDE1{dF.Nle.A.I.Et_Gly.L.meL}$PEPTIDE1,PEPTIDE1,1:R1-7:R2$$$",-5.34300000,ok,,flexible
"PEPTIDE1{Me_dA.A.Sar.meF.Me_dL.meA.dL}$PEPTIDE1,PEPTIDE1,1:R1-7:R2$$$",-6.41900000,ok,,flexible
"PEPTIDE1{dV.Aoc(2).Sar.L.meL.T.3Pal}$PEPTIDE1,PEPTIDE1,1:R1-7:R2$$$",-5.81300000,ok,,flexible
"PEPTIDE1{Me_dA.meF.meA.Ser(tBu).V.G.dL}$PEPTIDE1,PEPTIDE1,1:R1-7:R2$$$",-5.65800000,ok,,flexible
"PEPTIDE1{dA.meF.T.I.Me_dL.meL.L}$PEPTIDE1,PEPTIDE1,1:R1-7:R2$$$",-6.07900000,ok,,flexible
"PEPTIDE1{F.cHexCH2_Gly.dL.meF.meI.3Pal.L}$PEPTIDE1,PEPTIDE1,1:R1-7:R2$$$",-4.91200000,ok,,flexible
"PEPTIDE1{dP.Pr_Gly.meL.meA.L.Me_dL.F}$PEPTIDE1,PEPTIDE1,1:R1-7:R2$$$",-5.51300000,ok,,flexible
"PEPTIDE1{meA.L.meL.T.dL.I.F}$PEPTIDE1,PEPTIDE1,1:R1-7:R2$$$",-5.51500000,ok,,flexible
"PEPTIDE1{meL.meF.A.Sar.Ala(5-Tet).meA.dL}$PEPTIDE1,PEPTIDE1,1:R1-7:R2$$$",-5.42900000,ok,,flexible
"PEPTIDE1{Me_dA.A.V.T.F.meA.dL}$PEPTIDE1,PEPTIDE1,1:R1-7:R2$$$",-6.05000000,ok,,flexible
"PEPTIDE1{meL.meF.L.dL.L.Sar.T}$PEPTIDE1,PEPTIDE1,1:R1-7:R2$$$",-5.41200000,ok,,flexible
"PEPTIDE1{F.L.pentyl_Gly.meL.A.meL.meA}$PEPTIDE1,PEPTIDE1,1:R1-7:R2$$$",-5.57400000,ok,,flexible
"PEPTIDE1{dV.meS.T.meF.meL.I.F}$PEPTIDE1,PEPTIDE1,1:R1-7:R2$$$",-6.70500000,ok,,flexible
"PEPTIDE1{F.meL.P.I.Ser(tBu).meF.L}$PEPTIDE1,PEPTIDE1,1:R1-7:R2$$$",-5.76700000,ok,,flexible
"PEPTIDE1{meA.L.meF.dA.A.meL.dL}$PEPTIDE1,PEPTIDE1,1:R1-7:R2$$$",-5.48400000,ok,,flexible
"PEPTIDE1{dF.meA.meF.meS.T.Ser(tBu).dL}$PEPTIDE1,PEPTIDE1,1:R1-7:R2$$$",-5.74200000,ok,,flexible
"PEPTIDE1{meA.T.Sar.F.meS.Me_dL.L}$PEPTIDE1,PEPTIDE1,1:R1-7:R2$$$",-5.71500000,ok,,flexible
"PEPTIDE1{Me_dA.A.G.V.A.meF.L}$PEPTIDE1,PEPTIDE1,1:R1-7:R2$$$",-6.14700000,ok,,flexible
"PEPTIDE1{A.meS.L.Abu.meF.P.dV}$PEPTIDE1,PEPTIDE1,1:R1-7:R2$$$",-6.51700000,ok,,flexible
"PEPTIDE1{L.G.dL.V.F.Me_dA.Ser(tBu)}$PEPTIDE1,PEPTIDE1,1:R1-7:R2$$$",-5.51900000,ok,,flexible
"PEPTIDE1{dV.meL.Me_dL.T.Bn_Gly.F.meA}$PEPTIDE1,PEPTIDE1,1:R1-7:R2$$$",-6.23500000,ok,,flexible
"PEPTIDE1{A.Pr_Gly.F.meA.dL.P.Me_dL}$PEPTIDE1,PEPTIDE1,1:R1-7:R2$$$",-5.46700000,ok,,flexible
"PEPTIDE1{Me_dA.F.V.I.pentyl_Gly.A.T}$PEPTIDE1,PEPTIDE1,1:R1-7:R2$$$",-5.82200000,ok,,flexible
"PEPTIDE1{dV.dL.L.Me_dL.I.meF.Ser(tBu)}$PEPTIDE1,PEPTIDE1,1:R1-7:R2$$$",-5.19200000,ok,,flexible
"PEPTIDE1{dA.L.meS.I.Abu.Aoc(2).meF}$PEPTIDE1,PEPTIDE1,1:R1-7:R2$$$",-5.98100000,ok,,flexible
"PEPTIDE1{dA.Aib.G.dL.T.meL.I}$PEPTIDE1,PEPTIDE1,1:R1-7:R2$$$",-5.57100000,ok,,flexible
"PEPTIDE1{Mono6.P.meL.T.A.dL.meL}$PEPTIDE1,PEPTIDE1,1:R1-7:R2$$$",-6.06100000,ok,,flexible
"PEPTIDE1{Me_dA.meA.A.Me_dL.dL.Me_Phe(3-Cl).P}$PEPTIDE1,PEPTIDE1,1:R1-7:R2$$$",-6.43300000,ok,,flexible
"PEPTIDE1{Me_dA.L.meF.T.G.meL.I}$PEPTIDE1,PEPTIDE1,1:R1-7:R2$$$",-5.57300000,ok,,flexible
"PEPTIDE1{L.meS.Abu.T.meL.F.V}$PEPTIDE1,PEPTIDE1,1:R1-7:R2$$$",-5.38400000,ok,,flexible
"PEPTIDE1{Pr_Gly.P.T.Me_dL.meA.L.T}$PEPTIDE1,PEPTIDE1,1:R1-7:R2$$$",-5.46000000,ok,,flexible
"PEPTIDE1{A.P.meL.meA.L.T.dL}$PEPTIDE1,PEPTIDE1,1:R1-7:R2$$$",-6.37000000,ok,,flexible
"PEPTIDE1{meF.pentyl_Gly.Bn_Gly.I.L.L.dL}$PEPTIDE1,PEPTIDE1,1:R1-7:R2$$$",-5.68700000,ok,,flexible
"PEPTIDE1{dF.meS.meL.meA.dL.T.L}$PEPTIDE1,PEPTIDE1,1:R1-7:R2$$$",-5.97600000,ok,,flexible
"PEPTIDE1{meF.meL.L.Bn_Gly.L.Ser(tBu).dL}$PEPTIDE1,PEPTIDE1,1:R1-7:R2$$$",-5.07500000,ok,,flexible
"PEPTIDE1{meA.Aoc(2).meS.L.L.dV.meL}$PEPTIDE1,PEPTIDE1,1:R1-7:R2$$$",-4.92700000,ok,,flexible
"PEPTIDE1{F.A.meA.dA.I.dL.Bn_Gly}$PEPTIDE1,PEPTIDE1,1:R1-7:R2$$$",-6.06300000,ok,,flexible
"PEPTIDE1{meL.Abu.L.Ala(5-Tet).Me_dL.A.L}$PEPTIDE1,PEPTIDE1,1:R1-7:R2$$$",-5.91500000,ok,,flexible
"PEPTIDE1{L.meF.meL.A.meS.meA.L}$PEPTIDE1,PEPTIDE1,1:R1-7:R2$$$",-6.10100000,ok,,flexible
"PEPTIDE1{meA.Aoc(2).meS.Abu.meF.dL.T}$PEPTIDE1,PEPTIDE1,1:R1-7:R2$$$",-5.53600000,ok,,flexible
"PEPTIDE1{dV.meL.Abu.meF.L.dL.T}$PEPTIDE1,PEPTIDE1,1:R1-7:R2$$$",-6.15900000,ok,,flexible
"PEPTIDE1{meA.L.meF.Ser(tBu).I.P.T}$PEPTIDE1,PEPTIDE1,1:R1-7:R2$$$",-5.35200000,ok,,flexible
"PEPTIDE1{dA.Me_dA.meA.L.meF.meL.meA}$PEPTIDE1,PEPTIDE1,1:R1-7:R2$$$",-6.29100000,ok,,flexible
"PEPTIDE1{meA.T.3Pal.L.I.dV.I}$PEPTIDE1,PEPTIDE1,1:R1-7:R2$$$",-5.64700000,ok,,flexible
"PEPTIDE1{F.Me_dL.T.A.dL.meS.Sar}$PEPTIDE1,PEPTIDE1,1:R1-7:R2$$$",-5.90200000,ok,,flexible
"PEPTIDE1{dV.A.dA.L.P.I.meL}$PEPTIDE1,PEPTIDE1,1:R1-7:R2$$$",-6.04700000,ok,,flexible
"PEPTIDE1{P.F.A.P.Me_dL.L.meF}$PEPTIDE1,PEPTIDE1,1:R1-7:R2$$$",-6.45700000,ok,,flexible
"PEPTIDE1{Mono6.Me_dL.L.A.dA.meL.T}$PEPTIDE1,PEPTIDE1,1:R1-7:R2$$$",-6.17400000,ok,,flexible
"PEPTIDE1{dV.meF.meA.Me_dL.dF.L.F}$PEPTIDE1,PEPTIDE1,1:R1-7:R2$$$",-5.63700000,ok,,flexible
"PEPTIDE1{dF.Me_dL.L.dP.P.meL.T}$PEPTIDE1,PEPTIDE1,1:R1-7:R2$$$",-6.84100000,ok,,flexible
"PEPTIDE1{meA.L.meL.A.Me_dL.dA.Ser(tBu)}$PEPTIDE1,PEPTIDE1,1:R1-7:R2$$$",-5.48300000,ok,,flexible
"PEPTIDE1{Me_dA.T.meL.A.dV.T.Me_dL}$PEPTIDE1,PEPTIDE1,1:R1-7:R2$$$",-5.40900000,ok,,flexible
"PEPTIDE1{A.Me_dL.P.meL.meA.meS.T}$PEPTIDE1,PEPTIDE1,1:R1-7:R2$$$",-6.22200000,ok,,flexible
"PEPTIDE1{P.F.Me_dL.T.meF.meL.meA}$PEPTIDE1,PEPTIDE1,1:R1-7:R2$$$",-6.72100000,ok,,flexible
"PEPTIDE1{Mono6.Et_Gly.T.L.A.I.L}$PEPTIDE1,PEPTIDE1,1:R1-7:R2$$$",-5.76000000,ok,,flexible
"PEPTIDE1{Me_dA.meL.meF.F.L.I.Sar}$PEPTIDE1,PEPTIDE1,1:R1-7:R2$$$",-5.53300000,ok,,flexible
"PEPTIDE1{meA.dL.meL.T.V.P.Me_dL}$PEPTIDE1,PEPTIDE1,1:R1-7:R2$$$",-5.28100000,ok,,flexible
"PEPTIDE1{A.meA.T.dL.meF.meL.V}$PEPTIDE1,PEPTIDE1,1:R1-7:R2$$$",-5.75200000,ok,,flexible
"PEPTIDE1{L.Pr_Gly.Phe(4-CF3).T.meF.meL.Me_dA}$PEPTIDE1,PEPTIDE1,1:R1-7:R2$$$",-6.25700000,ok,,flexible
"PEPTIDE1{Me_Bal.meL.Ser(tBu).I.T.G.dV}$PEPTIDE1,PEPTIDE1,1:R1-7:R2$$$",-5.85300000,ok,,flexible
"PEPTIDE1{Mono6.P.meL.I.Ser(tBu).meA.dL}$PEPTIDE1,PEPTIDE1,1:R1-7:R2$$$",-6.28700000,ok,,flexible
"PEPTIDE1{meL.dL.A.I.V.meA.Me_Phe(3-Cl)}$PEPTIDE1,PEPTIDE1,1:R1-7:R2$$$",-5.84500000,ok,,flexible
"PEPTIDE1{dA.dL.L.A.P.L.meL}$PEPTIDE1,PEPTIDE1,1:R1-7:R2$$$",-5.87600000,ok,,flexible
"PEPTIDE1{dV.meL.A.meA.T.F.Sar}$PEPTIDE1,PEPTIDE1,1:R1-7:R2$$$",-6.55800000,ok,,flexible
"PEPTIDE1{dA.F.I.G.T.meL.V}$PEPTIDE1,PEPTIDE1,1:R1-7:R2$$$",-6.08900000,ok,,flexible
"PEPTIDE1{dA.Pr_Gly.meL.A.L.A.dL}$PEPTIDE1,PEPTIDE1,1:R1-7:R2$$$",-5.78100000,ok,,flexible
"PEPTIDE1{dV.P.Me_dL.T.P.meA.meL}$PEPTIDE1,PEPTIDE1,1:R1-7:R2$$$",-6.19500000,ok,,flexible
"PEPTIDE1{meA.L.L.P.dL.T.Me_dL}$PEPTIDE1,PEPTIDE1,1:R1-7:R2$$$",-6.04500000,ok,,flexible
"PEPTIDE1{dA.meV.meA.meL.L.L.F}$PEPTIDE1,PEPTIDE1,1:R1-7:R2$$$",-5.96600000,ok,,flexible
"PEPTIDE1{Pr_Gly.dL.A.I.F.meF.meL}$PEPTIDE1,PEPTIDE1,1:R1-7:R2$$$",-5.72400000,ok,,flexible
"PEPTIDE1{A.L.T.meF.meL.meA.F}$PEPTIDE1,PEPTIDE1,1:R1-7:R2$$$",-5.70800000,ok,,flexible
"PEPTIDE1{dA.A.Pr_Gly.meF.Ser(tBu).L.I}$PEPTIDE1,PEPTIDE1,1:R1-7:R2$$$",-5.71600000,ok,,flexible
"PEPTIDE1{Pr_Gly.Pr_Gly.Ser(tBu).T.meL.A.Me_dL}$PEPTIDE1,PEPTIDE1,1:R1-7:R2$$$",-5.07300000,ok,,flexible
"PEPTIDE1{F.Abu.Ala(5-Tet).T.A.meA.meS}$PEPTIDE1,PEPTIDE1,1:R1-7:R2$$$",-6.21500000,ok,,flexible
"PEPTIDE1{meL.L.T.meS.dA.meA.Me_dL}$PEPTIDE1,PEPTIDE1,1:R1-7:R2$$$",-5.87500000,ok,,flexible
"PEPTIDE1{Me_dA.Me_dL.A.F.T.meF.I}$PEPTIDE1,PEPTIDE1,1:R1-7:R2$$$",-6.11300000,ok,,flexible
"PEPTIDE1{Mono6.Me_dA.L.meL.meA.T.Sar}$PEPTIDE1,PEPTIDE1,1:R1-7:R2$$$",-6.63400000,ok,,flexible
"PEPTIDE1{meA.A.Me_dL.Aoc(2).meS.T.meL}$PEPTIDE1,PEPTIDE1,1:R1-7:R2$$$",-5.48000000,ok,,flexible
"PEPTIDE1{L.T.meL.I.meA.dA.meL}$PEPTIDE1,PEPTIDE1,1:R1-7:R2$$$",-5.63300000,ok,,flexible
"PEPTIDE1{dA.T.meF.I.Me_dL.dL.G}$PEPTIDE1,PEPTIDE1,1:R1-7:R2$$$",-6.09300000,ok,,flexible
"PEPTIDE1{F.pentyl_Gly.P.L.meL.I.I}$PEPTIDE1,PEPTIDE1,1:R1-7:R2$$$",-4.60000000,ok,,flexible
"PEPTIDE1{meA.Pr_Gly.A.L.Me_dL.meF.T}$PEPTIDE1,PEPTIDE1,1:R1-7:R2$$$",-5.54500000,ok,,flexible
"PEPTIDE1{dF.A.Mono78.meL.I.meF.L}$PEPTIDE1,PEPTIDE1,1:R1-7:R2$$$",-6.28300000,ok,,flexible
"PEPTIDE1{A.meA.meL.V.meV.L.Me_dL}$PEPTIDE1,PEPTIDE1,1:R1-7:R2$$$",-5.26800000,ok,,flexible
"PEPTIDE1{Me_Bal.I.meL.meA.Bn_Gly.dL.L}$PEPTIDE1,PEPTIDE1,1:R1-7:R2$$$",-6.01800000,ok,,flexible
"PEPTIDE1{meA.L.cHexCH2_Gly.meL.T.P.Me_dL}$PEPTIDE1,PEPTIDE1,1:R1-7:R2$$$",-5.67400000,ok,,flexible
"PEPTIDE1{Me_dA.L.P.Me_dL.A.meA.G}$PEPTIDE1,PEPTIDE1,1:R1-7:R2$$$",-6.64300000,ok,,flexible
"PEPTIDE1{Me_dA.L.meA.dP.Me_dL.V.I}$PEPTIDE1,PEPTIDE1,1:R1-7:R2$$$",-5.31200000,ok,,flexible
"PEPTIDE1{Me_dA.Me_Phe(3-Cl).Pr_Gly.Pr_Gly.A.meA.Me_dL}$PEPTIDE1,PEPTIDE1,1:R1-7:R2$$$",-5.95300000,ok,,flexible
"PEPTIDE1{Mono6.P.Abu.Me_dA.L.T.meS}$PEPTIDE1,PEPTIDE1,1:R1-7:R2$$$",-5.58600000,ok,,flexible
"PEPTIDE1{meA.Me_Phe(3-Cl).F.Ser(tBu).L.meF.dF}$PEPTIDE1,PEPTIDE1,1:R1-7:R2$$$",-5.69800000,ok,,flexible
"PEPTIDE1{L.L.F.T.dL.Aoc(2).I}$PEPTIDE1,PEPTIDE1,1:R1-7:R2$$$",-4.22400000,ok,,flexible
"PEPTIDE1{Me_Bal.P.A.meL.Me_dA.V.T}$PEPTIDE1,PEPTIDE1,1:R1-7:R2$$$",-6.00300000,ok,,flexible
"PEPTIDE1{Me_dA.Aib.meA.meF.G.V.F}$PEPTIDE1,PEPTIDE1,1:R1-7:R2$$$",-6.82000000,ok,,flexible
"PEPTIDE1{A.Me_dA.meL.V.T.T.Ser(tBu)}$PEPTIDE1,PEPTIDE1,1:R1-7:R2$$$",-5.10900000,ok,,flexible
"PEPTIDE1{dF.T.pentyl_Gly.cHexCH2_Gly.F.meL.Me_dL}$PEPTIDE1,PEPTIDE1,1:R1-7:R2$$$",-5.16700000,ok,,flexible
"PEPTIDE1{dV.I.meF.Ser(tBu).G.L.F}$PEPTIDE1,PEPTIDE1,1:R1-7:R2$$$",-5.78100000,ok,,flexible
"PEPTIDE1{A.L.F.P.P.dL.V}$PEPTIDE1,PEPTIDE1,1:R1-7:R2$$$",-6.46200000,ok,,flexible
"PEPTIDE1{Me_dA.L.T.Ala(5-Tet).L.Abu.I}$PEPTIDE1,PEPTIDE1,1:R1-7:R2$$$",-5.60000000,ok,,flexible
"PEPTIDE1{dA.A.Me_dL.V.F.meA.T}$PEPTIDE1,PEPTIDE1,1:R1-7:R2$$$",-6.34000000,ok,,flexible
"PEPTIDE1{meA.Me_dL.L.P.T.meL.Ser(tBu)}$PEPTIDE1,PEPTIDE1,1:R1-7:R2$$$",-6.04700000,ok,,flexible
"PEPTIDE1{Me_dA.meF.meV.meL.L.G.V}$PEPTIDE1,PEPTIDE1,1:R1-7:R2$$$",-5.91000000,ok,,flexible
"PEPTIDE1{dA.meA.F.L.meL.I.dL}$PEPTIDE1,PEPTIDE1,1:R1-7:R2$$$",-6.13200000,ok,,flexible
"PEPTIDE1{Me_dA.meA.P.Me_dL.F.V.dL}$PEPTIDE1,PEPTIDE1,1:R1-7:R2$$$",-6.27500000,ok,,flexible
"PEPTIDE1{meA.L.T.meL.A.I.dL}$PEPTIDE1,PEPTIDE1,1:R1-7:R2$$$",-5.74900000,ok,,flexible
"PEPTIDE1{A.meF.meL.meA.dP.T.L}$PEPTIDE1,PEPTIDE1,1:R1-7:R2$$$",-6.07000000,ok,,flexible
"PEPTIDE1{dV.meF.Me_dL.dP.L.meL.Abu}$PEPTIDE1,PEPTIDE1,1:R1-7:R2$$$",-5.53600000,ok,,flexible
"PEPTIDE1{A.P.L.dL.meF.Ser(tBu).T}$PEPTIDE1,PEPTIDE1,1:R1-7:R2$$$",-5.83500000,ok,,flexible
"PEPTIDE1{P.Me_Phe(3-Cl).V.L.Me_dL.I.A}$PEPTIDE1,PEPTIDE1,1:R1-7:R2$$$",-6.14900000,ok,,flexible
"PEPTIDE1{meA.T.A.I.L.F.meL}$PEPTIDE1,PEPTIDE1,1:R1-7:R2$$$",-5.81300000,ok,,flexible
"PEPTIDE1{Mono6.L.P.meL.meL.dL.meF}$PEPTIDE1,PEPTIDE1,1:R1-7:R2$$$",-5.28300000,ok,,flexible
"PEPTIDE1{A.meL.G.T.meA.F.L}$PEPTIDE1,PEPTIDE1,1:R1-7:R2$$$",-5.88600000,ok,,flexible
"PEPTIDE1{meA.L.dL.Me_dL.F.G.L}$PEPTIDE1,PEPTIDE1,1:R1-7:R2$$$",-5.80800000,ok,,flexible
"PEPTIDE1{dV.A.meF.L.Ser(tBu).meA.Me_Phe(3-Cl)}$PEPTIDE1,PEPTIDE1,1:R1-7:R2$$$",-5.45400000,ok,,flexible
"PEPTIDE1{meA.Me_dL.L.meF.T.A.V}$PEPTIDE1,PEPTIDE1,1:R1-7:R2$$$",-6.74400000,ok,,flexible
"PEPTIDE1{Me_dA.meF.T.meA.dP.Mono7.V}$PEPTIDE1,PEPTIDE1,1:R1-7:R2$$$",-6.73400000,ok,,flexible
"PEPTIDE1{Me_Bal.pentyl_Gly.Sar.meF.L.I.meL}$PEPTIDE1,PEPTIDE1,1:R1-7:R2$$$",-5.40100000,ok,,flexible
"PEPTIDE1{dV.meA.Me_dL.meV.A.Bn_Gly.I}$PEPTIDE1,PEPTIDE1,1:R1-7:R2$$$",-6.52600000,ok,,flexible
"PEPTIDE1{Me_dA.dA.F.V.T.Me_dL.I}$PEPTIDE1,PEPTIDE1,1:R1-7:R2$$$",-6.73200000,ok,,flexible
"PEPTIDE1{Me_dA.meL.T.P.dL.meA.meS}$PEPTIDE1,PEPTIDE1,1:R1-7:R2$$$",-6.18900000,ok,,flexible
"PEPTIDE1{L.F.meA.meL.dP.Me_dL.V}$PEPTIDE1,PEPTIDE1,1:R1-7:R2$$$",-6.60900000,ok,,flexible
"PEPTIDE1{meA.meL.T.A.dL.meL.F}$PEPTIDE1,PEPTIDE1,1:R1-7:R2$$$",-6.04200000,ok,,flexible
"PEPTIDE1{L.meL.dL.I.A.T.Me_dL}$PEPTIDE1,PEPTIDE1,1:R1-7:R2$$$",-5.22300000,ok,,flexible
"PEPTIDE1{A.meA.meS.T.meF.L.Abu}$PEPTIDE1,PEPTIDE1,1:R1-7:R2$$$",-5.98800000,ok,,flexible
"PEPTIDE1{meA.L.meS.meL.Ala(5-Tet).Me_dL.T}$PEPTIDE1,PEPTIDE1,1:R1-7:R2$$$",-5.16000000,ok,,flexible
"PEPTIDE1{L.meL.dL.meA.T.Me_Phe(3-Cl).Me_dL}$PEPTIDE1,PEPTIDE1,1:R1-7:R2$$$",-6.01400000,ok,,flexible
"PEPTIDE1{Me_dA.A.meL.V.dL.F.L}$PEPTIDE1,PEPTIDE1,1:R1-7:R2$$$",-5.49900000,ok,,flexible
"PEPTIDE1{F.Mono38.dL.meL.L.meL.Ser(tBu)}$PEPTIDE1,PEPTIDE1,1:R1-7:R2$$$",-4.96900000,ok,,flexible
"PEPTIDE1{Me_Bal.P.P.P.meL.dL.meF}$PEPTIDE1,PEPTIDE1,1:R1-7:R2$$$",-6.30000000,ok,,flexible
"PEPTIDE1{Me_dA.A.F.L.T.meV.dV}$PEPTIDE1,PEPTIDE1,1:R1-7:R2$$$",-5.90200000,ok,,flexible
"PEPTIDE1{dA.Ser(tBu).dP.L.Me_dL.L.T}$PEPTIDE1,PEPTIDE1,1:R1-7:R2$$$",-5.80400000,ok,,flexible
"PEPTIDE1{Me_dA.T.V.F.meA.L.Me_dL}$PEPTIDE1,PEPTIDE1,1:R1-7:R2$$$",-5.53800000,ok,,flexible
"PEPTIDE1{Me_dA.meL.L.T.Me_dL.meF.A}$PEPTIDE1,PEPTIDE1,1:R1-7:R2$$$",-5.94000000,ok,,flexible
"PEPTIDE1{dA.meF.meA.Me_dL.L.I.L}$PEPTIDE1,PEPTIDE1,1:R1-7:R2$$$",-5.77700000,ok,,flexible
"PEPTIDE1{dF.F.T.dP.L.meL.meA}$PEPTIDE1,PEPTIDE1,1:R1-7:R2$$$",-5.73200000,ok,,flexible
"PEPTIDE1{Mono6.L.I.A.meL.dL.meA}$PEPTIDE1,PEPTIDE1,1:R1-7:R2$$$",-5.95700000,ok,,flexible
"PEPTIDE1{Me_Bal.P.meL.Me_dL.T.L.A}$PEPTIDE1,PEPTIDE1,1:R1-7:R2$$$",-5.62100000,ok,,flexible
"PEPTIDE1{Me_Bal.Me_dL.Pr_Gly.meA.I.L.meL}$PEPTIDE1,PEPTIDE1,1:R1-7:R2$$$",-5.20600000,ok,,flexible
"PEPTIDE1{meA.Ser(tBu).pentyl_Gly.A.meS.T.I}$PEPTIDE1,PEPTIDE1,1:R1-7:R2$$$",-5.08800000,ok,,flexible
"PEPTIDE1{Pr_Gly.meA.meF.meL.A.V.dA}$PEPTIDE1,PEPTIDE1,1:R1-7:R2$$$",-6.00300000,ok,,flexible
"PEPTIDE1{dV.meF.Abu.meL.Aoc(2).Ala(5-Tet).A}$PEPTIDE1,PEPTIDE1,1:R1-7:R2$$$",-5.12700000,ok,,flexible
"PEPTIDE1{dF.cHexCH2_Gly.V.G.meF.meL.A}$PEPTIDE1,PEPTIDE1,1:R1-7:R2$$$",-6.48500000,ok,,flexible
"PEPTIDE1{Sar.meL.L.meA.V.G.meF}$PEPTIDE1,PEPTIDE1,1:R1-7:R2$$$",-6.15700000,ok,,flexible
"PEPTIDE1{F.cHexCH2_Gly.T.meA.dL.meL.G}$PEPTIDE1,PEPTIDE1,1:R1-7:R2$$$",-6.21900000,ok,,flexible
"PEPTIDE1{meA.Pr_Gly.dL.Me_dL.meL.F.meF}$PEPTIDE1,PEPTIDE1,1:R1-7:R2$$$",-6.01100000,ok,,flexible
"PEPTIDE1{A.L.Me_dL.I.L.meA.meL}$PEPTIDE1,PEPTIDE1,1:R1-7:R2$$$",-5.49800000,ok,,flexible
"PEPTIDE1{dV.meL.meF.T.meL.F.A}$PEPTIDE1,PEPTIDE1,1:R1-7:R2$$$",-5.84900000,ok,,flexible
"PEPTIDE1{dA.T.meA.P.dL.V.Me_dL}$PEPTIDE1,PEPTIDE1,1:R1-7:R2$$$",-5.53800000,ok,,flexible
"PEPTIDE1{meA.cHexCH2_Gly.A.meL.L.L.Me_dL}$PEPTIDE1,PEPTIDE1,1:R1-7:R2$$$",-5.45800000,ok,,flexible
"PEPTIDE1{meL.Me_dL.meA.F.T.meF.F}$PEPTIDE1,PEPTIDE1,1:R1-7:R2$$$",-6.11700000,ok,,flexible
"PEPTIDE1{dP.meA.T.F.L.V.L}$PEPTIDE1,PEPTIDE1,1:R1-7:R2$$$",-5.99800000,ok,,flexible
"PEPTIDE1{meA.Pr_Gly.A.V.meL.L.T}$PEPTIDE1,PEPTIDE1,1:R1-7:R2$$$",-5.24200000,ok,,flexible
"PEPTIDE1{dA.Me_dL.dPye.F.I.meA.V}$PEPTIDE1,PEPTIDE1,1:R1-7:R2$$$",-5.20000000,ok,,flexible
"PEPTIDE1{dP.Me_dL.meA.A.meF.L.Ser(tBu)}$PEPTIDE1,PEPTIDE1,1:R1-7:R2$$$",-5.18600000,ok,,flexible
"PEPTIDE1{meA.L.T.meL.meL.meS.Aoc(2)}$PEPTIDE1,PEPTIDE1,1:R1-7:R2$$$",-4.75900000,ok,,flexible
"PEPTIDE1{meA.meL.L.F.meL.I.Ser(tBu)}$PEPTIDE1,PEPTIDE1,1:R1-7:R2$$$",-4.85000000,ok,,flexible
"PEPTIDE1{L.meF.meL.G.L.V.T}$PEPTIDE1,PEPTIDE1,1:R1-7:R2$$$",-5.67600000,ok,,flexible
"PEPTIDE1{meA.L.F.Pr_Gly.dL.P.V}$PEPTIDE1,PEPTIDE1,1:R1-7:R2$$$",-6.22400000,ok,,flexible
"PEPTIDE1{A.meL.T.L.Ala(5-Tet).dP.Me_dL}$PEPTIDE1,PEPTIDE1,1:R1-7:R2$$$",-6.00500000,ok,,flexible
"PEPTIDE1{P.A.meL.F.Me_dL.meA.meF}$PEPTIDE1,PEPTIDE1,1:R1-7:R2$$$",-6.55200000,ok,,flexible
"PEPTIDE1{meA.Ser(tBu).Sar.dP.L.T.meF}$PEPTIDE1,PEPTIDE1,1:R1-7:R2$$$",-5.52300000,ok,,flexible
"PEPTIDE1{dA.A.meF.meL.meA.dV.Me_dL}$PEPTIDE1,PEPTIDE1,1:R1-7:R2$$$",-6.24400000,ok,,flexible
"PEPTIDE1{dA.L.meL.A.Me_dA.dL.meF}$PEPTIDE1,PEPTIDE1,1:R1-7:R2$$$",-5.67200000,ok,,flexible
"PEPTIDE1{meL.A.L.G.dL.V.meF}$PEPTIDE1,PEPTIDE1,1:R1-7:R2$$$",-5.84000000,ok,,flexible
"PEPTIDE1{meA.L.meF.Me_dL.F.P.meL}$PEPTIDE1,PEPTIDE1,1:R1-7:R2$$$",-5.99100000,ok,,flexible
"PEPTIDE1{L.Me_dL.meA.dL.V.dP.L}$PEPTIDE1,PEPTIDE1,1:R1-7:R2$$$",-5.68000000,ok,,flexible
"PEPTIDE1{dV.T.dA.Me_dL.L.meL.meF}$PEPTIDE1,PEPTIDE1,1:R1-7:R2$$$",-5.72100000,ok,,flexible
"PEPTIDE1{meA.Abu.dP.L.Ala(5-Tet).dL.Me_dL}$PEPTIDE1,PEPTIDE1,1:R1-7:R2$$$",-6.70100000,ok,,flexible
"PEPTIDE1{F.L.T.Me_Phe(3-Cl).meF.meA.Ser(tBu)}$PEPTIDE1,PEPTIDE1,1:R1-7:R2$$$",-5.93800000,ok,,flexible
"PEPTIDE1{Me_Bal.pentyl_Gly.Ser(tBu).F.L.meF.L}$PEPTIDE1,PEPTIDE1,1:R1-7:R2$$$",-5.41300000,ok,,flexible
"PEPTIDE1{A.P.T.Me_dL.meA.meL.dL}$PEPTIDE1,PEPTIDE1,1:R1-7:R2$$$",-5.85300000,ok,,flexible
"PEPTIDE1{dP.F.Me_dA.V.L.meA.meF}$PEPTIDE1,PEPTIDE1,1:R1-7:R2$$$",-6.18900000,ok,,flexible
"PEPTIDE1{dV.pentyl_Gly.L.meF.meL.T.I}$PEPTIDE1,PEPTIDE1,1:R1-7:R2$$$",-5.00900000,ok,,flexible
"PEPTIDE1{dA.A.Me_dL.I.meL.L.T}$PEPTIDE1,PEPTIDE1,1:R1-7:R2$$$",-5.89800000,ok,,flexible
"PEPTIDE1{meA.Me_dA.meA.meL.L.Me_dL.dL}$PEPTIDE1,PEPTIDE1,1:R1-7:R2$$$",-5.63200000,ok,,flexible
"PEPTIDE1{Me_dA.L.meL.T.meA.P.L}$PEPTIDE1,PEPTIDE1,1:R1-7:R2$$$",-6.29500000,ok,,flexible
"PEPTIDE1{F.dL.I.pentyl_Gly.L.meA.meL}$PEPTIDE1,PEPTIDE1,1:R1-7:R2$$$",-5.06500000,ok,,flexible
"PEPTIDE1{Mono6.A.meS.meA.Me_dL.F.T}$PEPTIDE1,PEPTIDE1,1:R1-7:R2$$$",-6.18800000,ok,,flexible
"PEPTIDE1{dA.T.Me_dL.meA.meL.dL.F}$PEPTIDE1,PEPTIDE1,1:R1-7:R2$$$",-6.00600000,ok,,flexible
"PEPTIDE1{dV.meF.A.P.Me_Phe(3-Cl).T.Mono78}$PEPTIDE1,PEPTIDE1,1:R1-7:R2$$$",-6.37800000,ok,,flexible
"PEPTIDE1{Me_Bal.pentyl_Gly.A.meA.meF.Ser(tBu).L}$PEPTIDE1,PEPTIDE1,1:R1-7:R2$$$",-6.12700000,ok,,flexible
"PEPTIDE1{meA.L.Me_dA.Me_dL.meF.meS.A}$PEPTIDE1,PEPTIDE1,1:R1-7:R2$$$",-5.54400000,ok,,flexible
"PEPTIDE1{dA.T.Me_dL.T.F.meF.L}$PEPTIDE1,PEPTIDE1,1:R1-7:R2$$$",-6.69800000,ok,,flexible
"PEPTIDE1{meA.meL.meL.T.Me_dA.F.L}$PEPTIDE1,PEPTIDE1,1:R1-7:R2$$$",-5.66700000,ok,,flexible
"PEPTIDE1{Me_dA.meL.L.Me_dL.F.meA.T}$PEPTIDE1,PEPTIDE1,1:R1-7:R2$$$",-6.03400000,ok,,flexible
"PEPTIDE1{meA.T.Me_dL.T.A.F.L}$PEPTIDE1,PEPTIDE1,1:R1-7:R2$$$",-6.41700000,ok,,flexible
"PEPTIDE1{Me_Bal.cHexCH2_Gly.V.meA.T.meF.meL}$PEPTIDE1,PEPTIDE1,1:R1-7:R2$$$",-6.70300000,ok,,flexible
"PEPTIDE1{Pr_Gly.cHexCH2_Gly.Me_dL.V.meL.meA.T}$PEPTIDE1,PEPTIDE1,1:R1-7:R2$$$",-5.51100000,ok,,flexible
"PEPTIDE1{F.Pr_Gly.meL.L.meA.A.Me_dL}$PEPTIDE1,PEPTIDE1,1:R1-7:R2$$$",-5.30700000,ok,,flexible
"PEPTIDE1{Me_Bal.meF.T.Me_dL.meA.I.L}$PEPTIDE1,PEPTIDE1,1:R1-7:R2$$$",-5.64900000,ok,,flexible
"PEPTIDE1{A.Me_dL.F.meL.I.Sar.G}$PEPTIDE1,PEPTIDE1,1:R1-7:R2$$$",-5.53600000,ok,,flexible
"PEPTIDE1{A.F.I.dL.V.L.meA}$PEPTIDE1,PEPTIDE1,1:R1-7:R2$$$",-5.33000000,ok,,flexible
"PEPTIDE1{dV.I.dL.meA.meL.Sar.L}$PEPTIDE1,PEPTIDE1,1:R1-7:R2$$$",-5.73000000,ok,,flexible
"PEPTIDE1{meA.L.meL.A.meF.F.dL}$PEPTIDE1,PEPTIDE1,1:R1-7:R2$$$",-5.97600000,ok,,flexible
"PEPTIDE1{L.meA.A.meL.P.Me_dL.meA}$PEPTIDE1,PEPTIDE1,1:R1-7:R2$$$",-5.61700000,ok,,flexible
"PEPTIDE1{dF.A.T.meL.meF.L.I}$PEPTIDE1,PEPTIDE1,1:R1-7:R2$$$",-5.74600000,ok,,flexible
"PEPTIDE1{Me_dA.F.meF.T.A.I.dL}$PEPTIDE1,PEPTIDE1,1:R1-7:R2$$$",-6.27800000,ok,,flexible
"PEPTIDE1{A.P.I.meL.F.L.dL}$PEPTIDE1,PEPTIDE1,1:R1-7:R2$$$",-6.46000000,ok,,flexible
"PEPTIDE1{dA.meF.T.L.A.F.meV}$PEPTIDE1,PEPTIDE1,1:R1-7:R2$$$",-6.07600000,ok,,flexible
"PEPTIDE1{Me_Bal.meL.meV.V.P.F.L}$PEPTIDE1,PEPTIDE1,1:R1-7:R2$$$",-5.30700000,ok,,flexible
"PEPTIDE1{dA.L.G.T.meA.A.dL}$PEPTIDE1,PEPTIDE1,1:R1-7:R2$$$",-5.85500000,ok,,flexible
"PEPTIDE1{meL.cHexCH2_Gly.dL.A.meL.L.Ser(tBu)}$PEPTIDE1,PEPTIDE1,1:R1-7:R2$$$",-5.50700000,ok,,flexible
"PEPTIDE1{meA.L.cHexCH2_Gly.F.pentyl_Gly.Mono78.L}$PEPTIDE1,PEPTIDE1,1:R1-7:R2$$$",-5.50100000,ok,,flexible
"PEPTIDE1{Pr_Gly.Me_dL.F.L.dL.meY.T}$PEPTIDE1,PEPTIDE1,1:R1-7:R2$$$",-5.65800000,ok,,flexible
"PEPTIDE1{dV.I.F.Me_dL.meA.dL.meV}$PEPTIDE1,PEPTIDE1,1:R1-7:R2$$$",-5.78100000,ok,,flexible
"PEPTIDE1{meA.meS.T.L.dL.A.I}$PEPTIDE1,PEPTIDE1,1:R1-7:R2$$$",-5.17000000,ok,,flexible
"PEPTIDE1{F.G.I.Me_dL.Bn_Gly.meL.L}$PEPTIDE1,PEPTIDE1,1:R1-7:R2$$$",-5.46900000,ok,,flexible
"PEPTIDE1{Me_dA.meS.P.meA.T.meL.L}$PEPTIDE1,PEPTIDE1,1:R1-7:R2$$$",-5.81300000,ok,,flexible
"PEPTIDE1{F.Ala(5-Tet).A.Me_dA.L.meL.dL}$PEPTIDE1,PEPTIDE1,1:R1-7:R2$$$",-6.29200000,ok,,flexible
"PEPTIDE1{A.L.Me_dL.V.T.F.meL}$PEPTIDE1,PEPTIDE1,1:R1-7:R2$$$",-6.03500000,ok,,flexible
"PEPTIDE1{dV.A.meA.L.G.L.Sar}$PEPTIDE1,PEPTIDE1,1:R1-7:R2$$$",-5.99600000,ok,,flexible
"PEPTIDE1{A.L.F.G.Me_dL.T.meV}$PEPTIDE1,PEPTIDE1,1:R1-7:R2$$$",-5.84500000,ok,,flexible
"PEPTIDE1{A.meA.F.dL.Me_dL.Me_dA.L}$PEPTIDE1,PEPTIDE1,1:R1-7:R2$$$",-6.20900000,ok,,flexible
"PEPTIDE1{P.Me_dL.T.meL.dL.dA.dV}$PEPTIDE1,PEPTIDE1,1:R1-7:R2$$$",-5.79800000,ok,,flexible
"PEPTIDE1{Me_dA.meL.L.T.dA.meF.A}$PEPTIDE1,PEPTIDE1,1:R1-7:R2$$$",-6.35200000,ok,,flexible
"PEPTIDE1{meA.pentyl_Gly.dP.L.L.meF.I}$PEPTIDE1,PEPTIDE1,1:R1-7:R2$$$",-5.17200000,ok,,flexible
"PEPTIDE1{Me_Bal.meV.V.G.meI.T.dL}$PEPTIDE1,PEPTIDE1,1:R1-7:R2$$$",-5.79600000,ok,,flexible
"PEPTIDE1{A.P.T.V.meA.I.Sar}$PEPTIDE1,PEPTIDE1,1:R1-7:R2$$$",-5.87400000,ok,,flexible
"PEPTIDE1{Mono6.I.Abu.T.Ser(tBu).meA.meF}$PEPTIDE1,PEPTIDE1,1:R1-7:R2$$$",-4.99600000,ok,,flexible
"PEPTIDE1{Pr_Gly.meL.Me_dL.dL.T.Me_dL.meA}$PEPTIDE1,PEPTIDE1,1:R1-7:R2$$$",-5.22400000,ok,,flexible
"PEPTIDE1{Me_dA.meL.meA.L.Me_dL.meF.T}$PEPTIDE1,PEPTIDE1,1:R1-7:R2$$$",-5.30800000,ok,,flexible
"PEPTIDE1{Me_Bal.meA.Pr_Gly.L.meF.Ser(tBu).Me_dL}$PEPTIDE1,PEPTIDE1,1:R1-7:R2$$$",-5.80900000,ok,,flexible
"PEPTIDE1{meL.A.V.Ser(tBu).L.L.G}$PEPTIDE1,PEPTIDE1,1:R1-7:R2$$$",-5.76800000,ok,,flexible
"PEPTIDE1{Mono6.dA.V.Me_dL.A.F.meF}$PEPTIDE1,PEPTIDE1,1:R1-7:R2$$$",-6.08900000,ok,,flexible
"PEPTIDE1{meA.dL.dP.L.P.Me_Phe(3-Cl).T}$PEPTIDE1,PEPTIDE1,1:R1-7:R2$$$",-6.56700000,ok,,flexible
"PEPTIDE1{A.meL.L.V.dF.T.I}$PEPTIDE1,PEPTIDE1,1:R1-7:R2$$$",-5.95900000,ok,,flexible
"PEPTIDE1{dV.T.V.Me_dL.meA.meL.I}$PEPTIDE1,PEPTIDE1,1:R1-7:R2$$$",-5.36800000,ok,,flexible
"PEPTIDE1{meA.meL.V.I.meL.Me_dL.Ser(tBu)}$PEPTIDE1,PEPTIDE1,1:R1-7:R2$$$",-5.30600000,ok,,flexible
"PEPTIDE1{dV.Phe(4-CF3).T.meA.L.meL.F}$PEPTIDE1,PEPTIDE1,1:R1-7:R2$$$",-6.10100000,ok,,flexible
"PEPTIDE1{L.V.I.meF.G.P.F}$PEPTIDE1,PEPTIDE1,1:R1-7:R2$$$",-6.75200000,ok,,flexible
"PEPTIDE1{meA.I.D.I.Abu.A.L}$PEPTIDE1,PEPTIDE1,1:R1-7:R2$$$",-5.56200000,ok,,flexible
"PEPTIDE1{dV.T.dL.P.dA.Me_dL.I}$PEPTIDE1,PEPTIDE1,1:R1-7:R2$$$",-5.77800000,ok,,flexible
"PEPTIDE1{dV.F.dP.pentyl_Gly.Ser(tBu).meL.cHexCH2_Gly}$PEPTIDE1,PEPTIDE1,1:R1-7:R2$$$",-5.32200000,ok,,flexible
"PEPTIDE1{Me_Bal.F.V.P.meL.Me_dL.meA}$PEPTIDE1,PEPTIDE1,1:R1-7:R2$$$",-6.41500000,ok,,flexible
"PEPTIDE1{L.meL.meF.dL.F.T.I}$PEPTIDE1,PEPTIDE1,1:R1-7:R2$$$",-5.69000000,ok,,flexible
"PEPTIDE1{meA.L.meF.meL.V.L.dL}$PEPTIDE1,PEPTIDE1,1:R1-7:R2$$$",-4.94100000,ok,,flexible
"PEPTIDE1{Sar.F.meL.meA.I.L.dL}$PEPTIDE1,PEPTIDE1,1:R1-7:R2$$$",-5.09900000,ok,,flexible
"PEPTIDE1{dF.P.Sar.P.meL.T.meF}$PEPTIDE1,PEPTIDE1,1:R1-7:R2$$$",-5.93800000,ok,,flexible
"PEPTIDE1{dA.meV.meA.Me_dL.A.V.dL}$PEPTIDE1,PEPTIDE1,1:R1-7:R2$$$",-5.95800000,ok,,flexible
"PEPTIDE1{dV.meL.T.meA.T.A.Sar}$PEPTIDE1,PEPTIDE1,1:R1-7:R2$$$",-5.52600000,ok,,flexible
"PEPTIDE1{Mono6.A.I.L.L.Ser(tBu).A}$PEPTIDE1,PEPTIDE1,1:R1-7:R2$$$",-5.67600000,ok,,flexible
"PEPTIDE1{meA.dA.G.L.T.F.meF}$PEPTIDE1,PEPTIDE1,1:R1-7:R2$$$",-6.26800000,ok,,flexible
"PEPTIDE1{P.A.Me_dA.Pr_Gly.meA.L.meL}$PEPTIDE1,PEPTIDE1,1:R1-7:R2$$$",-6.28400000,ok,,flexible
"PEPTIDE1{Mono6.T.meS.A.L.dL.meF}$PEPTIDE1,PEPTIDE1,1:R1-7:R2$$$",-5.75000000,ok,,flexible
"PEPTIDE1{meA.A.F.T.meL.Me_dL.meL}$PEPTIDE1,PEPTIDE1,1:R1-7:R2$$$",-6.08400000,ok,,flexible
"PEPTIDE1{dV.Aoc(2).L.I.dL.meL.Abu}$PEPTIDE1,PEPTIDE1,1:R1-7:R2$$$",-5.58500000,ok,,flexible
"PEPTIDE1{Me_dA.meL.Me_dL.Ala(5-Tet).meA.P.A}$PEPTIDE1,PEPTIDE1,1:R1-7:R2$$$",-5.81500000,ok,,flexible
"PEPTIDE1{Me_Bal.dPye.T.F.Me_dL.meA.Me_dA}$PEPTIDE1,PEPTIDE1,1:R1-7:R2$$$",-6.86900000,ok,,flexible
"PEPTIDE1{dA.L.V.meF.meL.I.T}$PEPTIDE1,PEPTIDE1,1:R1-7:R2$$$",-6.34000000,ok,,flexible
"PEPTIDE1{A.dL.dF.meI.meL.meF.T}$PEPTIDE1,PEPTIDE1,1:R1-7:R2$$$",-6.58400000,ok,,flexible
"PEPTIDE1{Me_dA.L.Me_dL.meA.I.T.meF}$PEPTIDE1,PEPTIDE1,1:R1-7:R2$$$",-5.82700000,ok,,flexible
"PEPTIDE1{Me_dA.Aoc(2).A.Sar.meL.V.T}$PEPTIDE1,PEPTIDE1,1:R1-7:R2$$$",-5.45700000,ok,,flexible
"PEPTIDE1{A.Sar.pentyl_Gly.T.L.V.L}$PEPTIDE1,PEPTIDE1,1:R1-7:R2$$$",-5.22500000,ok,,flexible
"PEPTIDE1{meA.meL.L.dA.L.meF.A}$PEPTIDE1,PEPTIDE1,1:R1-7:R2$$$",-6.14300000,ok,,flexible
"PEPTIDE1{Me_dA.meA.L.Me_dL.T.I.P}$PEPTIDE1,PEPTIDE1,1:R1-7:R2$$$",-6.01400000,ok,,flexible
"PEPTIDE1{A.meL.V.P.L.T.dL}$PEPTIDE1,PEPTIDE1,1:R1-7:R2$$$",-5.89900000,ok,,flexible
"PEPTIDE1{dV.A.meA.Me_dL.T.Me_dA.meL}$PEPTIDE1,PEPTIDE1,1:R1-7:R2$$$",-5.98700000,ok,,flexible
"PEPTIDE1{Mono6.meF.T.dF.meA.meL.L}$PEPTIDE1,PEPTIDE1,1:R1-7:R2$$$",-6.19600000,ok,,flexible
"PEPTIDE1{meA.V.L.I.P.T.A}$PEPTIDE1,PEPTIDE1,1:R1-7:R2$$$",-5.97300000,ok,,flexible
"PEPTIDE1{meA.meF.cHexCH2_Gly.G.A.V.Ser(tBu)}$PEPTIDE1,PEPTIDE1,1:R1-7:R2$$$",-6.88700000,ok,,flexible
"PEPTIDE1{L.Ala(5-Tet).meS.Aoc(2).A.T.meA}$PEPTIDE1,PEPTIDE1,1:R1-7:R2$$$",-5.19600000,ok,,flexible
"PEPTIDE1{dF.dP.dL.pentyl_Gly.T.I.Ser(tBu)}$PEPTIDE1,PEPTIDE1,1:R1-7:R2$$$",-5.38000000,ok,,flexible
"PEPTIDE1{Me_dA.meL.L.Me_dL.meL.A.T}$PEPTIDE1,PEPTIDE1,1:R1-7:R2$$$",-5.74200000,ok,,flexible
"PEPTIDE1{dV.meL.T.Me_dL.Bn_Gly.L.V}$PEPTIDE1,PEPTIDE1,1:R1-7:R2$$$",-5.32200000,ok,,flexible
"PEPTIDE1{P.Pr_Gly.V.L.meF.A.I}$PEPTIDE1,PEPTIDE1,1:R1-7:R2$$$",-5.95500000,ok,,flexible
"PEPTIDE1{Me_Bal.Pr_Gly.L.meA.F.meL.A}$PEPTIDE1,PEPTIDE1,1:R1-7:R2$$$",-5.81200000,ok,,flexible
"PEPTIDE1{meL.T.F.L.Ser(tBu).meF.V}$PEPTIDE1,PEPTIDE1,1:R1-7:R2$$$",-5.54900000,ok,,flexible
"PEPTIDE1{dV.meS.meL.dP.dL.L.I}$PEPTIDE1,PEPTIDE1,1:R1-7:R2$$$",-5.60700000,ok,,flexible
"PEPTIDE1{dF.pentyl_Gly.Bn_Gly.A.dL.meL.T}$PEPTIDE1,PEPTIDE1,1:R1-7:R2$$$",-6.24500000,ok,,flexible
"PEPTIDE1{dV.T.L.dL.dP.meL.meF}$PEPTIDE1,PEPTIDE1,1:R1-7:R2$$$",-5.95800000,ok,,flexible
"PEPTIDE1{L.T.Me_dA.A.G.F.V}$PEPTIDE1,PEPTIDE1,1:R1-7:R2$$$",-6.26700000,ok,,flexible
"PEPTIDE1{dF.Pr_Gly.A.F.F.T.dL}$PEPTIDE1,PEPTIDE1,1:R1-7:R2$$$",-5.70200000,ok,,flexible
"PEPTIDE1{dA.Me_dL.A.meL.L.T.P}$PEPTIDE1,PEPTIDE1,1:R1-7:R2$$$",-5.88300000,ok,,flexible
"PEPTIDE1{meA.Me_dA.F.T.Me_dL.meV.V}$PEPTIDE1,PEPTIDE1,1:R1-7:R2$$$",-6.21100000,ok,,flexible
"PEPTIDE1{Me_Bal.L.A.dL.F.meL.T}$PEPTIDE1,PEPTIDE1,1:R1-7:R2$$$",-5.42500000,ok,,flexible
"PEPTIDE1{Me_dA.Sar.L.Aoc(2).T.dL.V}$PEPTIDE1,PEPTIDE1,1:R1-7:R2$$$",-5.63900000,ok,,flexible
"PEPTIDE1{dV.meL.V.T.dL.meF.I}$PEPTIDE1,PEPTIDE1,1:R1-7:R2$$$",-6.25300000,ok,,flexible
"PEPTIDE1{meA.meL.meF.P.Aoc(2).T.Abu}$PEPTIDE1,PEPTIDE1,1:R1-7:R2$$$",-5.81100000,ok,,flexible
"PEPTIDE1{meL.A.I.L.P.T.meA}$PEPTIDE1,PEPTIDE1,1:R1-7:R2$$$",-5.71700000,ok,,flexible
"PEPTIDE1{meL.meF.meS.A.P.V.I}$PEPTIDE1,PEPTIDE1,1:R1-7:R2$$$",-5.81700000,ok,,flexible
"PEPTIDE1{Me_Bal.F.L.A.meL.meA.T}$PEPTIDE1,PEPTIDE1,1:R1-7:R2$$$",-6.30300000,ok,,flexible
"PEPTIDE1{meA.A.L.meL.meF.dA.pentyl_Gly}$PEPTIDE1,PEPTIDE1,1:R1-7:R2$$$",-5.67300000,ok,,flexible
"PEPTIDE1{meA.L.F.V.meL.G.L}$PEPTIDE1,PEPTIDE1,1:R1-7:R2$$$",-6.14900000,ok,,flexible
"PEPTIDE1{A.V.L.Me_dL.meA.meF.T}$PEPTIDE1,PEPTIDE1,1:R1-7:R2$$$",-6.13400000,ok,,flexible
"PEPTIDE1{dA.T.Ser(tBu).G.meA.dL.T}$PEPTIDE1,PEPTIDE1,1:R1-7:R2$$$",-6.44600000,ok,,flexible
"PEPTIDE1{meL.meS.L.A.T.meF.L}$PEPTIDE1,PEPTIDE1,1:R1-7:R2$$$",-5.48500000,ok,,flexible
"PEPTIDE1{L.Ala(5-Tet).A.F.dL.Me_dA.T}$PEPTIDE1,PEPTIDE1,1:R1-7:R2$$$",-6.20300000,ok,,flexible
"PEPTIDE1{Me_Bal.cHexCH2_Gly.dL.Me_Phe(3-Cl).T.Mono84.meL}$PEPTIDE1,PEPTIDE1,1:R1-7:R2$$$",-6.03100000,ok,,flexible
"PEPTIDE1{P.Pr_Gly.meA.Me_dL.L.F.dL}$PEPTIDE1,PEPTIDE1,1:R1-7:R2$$$",-5.66900000,ok,,flexible
"PEPTIDE1{A.Me_dL.meF.F.Abu.L.P}$PEPTIDE1,PEPTIDE1,1:R1-7:R2$$$",-6.96900000,ok,,flexible
"PEPTIDE1{dV.meA.A.T.Ser(tBu).dP.L}$PEPTIDE1,PEPTIDE1,1:R1-7:R2$$$",-6.13700000,ok,,flexible
"PEPTIDE1{meA.Me_Phe(3-Cl).A.G.V.I.meL}$PEPTIDE1,PEPTIDE1,1:R1-7:R2$$$",-6.20900000,ok,,flexible
"PEPTIDE1{meA.dL.T.T.P.Me_dL.dP}$PEPTIDE1,PEPTIDE1,1:R1-7:R2$$$",-5.97000000,ok,,flexible
"PEPTIDE1{meA.dV.meL.dL.Me_dL.L.meA}$PEPTIDE1,PEPTIDE1,1:R1-7:R2$$$",-5.58300000,ok,,flexible
"PEPTIDE1{A.meF.Me_dL.dP.dV.T.L}$PEPTIDE1,PEPTIDE1,1:R1-7:R2$$$",-6.03500000,ok,,flexible
"PEPTIDE1{Me_Bal.Sar.dP.meF.A.T.meL}$PEPTIDE1,PEPTIDE1,1:R1-7:R2$$$",-6.68600000,ok,,flexible
"PEPTIDE1{meA.I.Me_dL.Ser(tBu).L.meF.T}$PEPTIDE1,PEPTIDE1,1:R1-7:R2$$$",-5.73100000,ok,,flexible
"PEPTIDE1{meA.meF.L.A.G.I.dL}$PEPTIDE1,PEPTIDE1,1:R1-7:R2$$$",-6.20300000,ok,,flexible
"PEPTIDE1{meA.dP.meL.A.meS.Me_dA.Abu}$PEPTIDE1,PEPTIDE1,1:R1-7:R2$$$",-6.23700000,ok,,flexible
"PEPTIDE1{dA.P.V.F.meL.A.L}$PEPTIDE1,PEPTIDE1,1:R1-7:R2$$$",-5.89600000,ok,,flexible
"PEPTIDE1{meA.T.P.A.cHexCH2_Gly.G.pentyl_Gly}$PEPTIDE1,PEPTIDE1,1:R1-7:R2$$$",-6.79800000,ok,,flexible
"PEPTIDE1{meA.T.dP.F.Sar.L.F}$PEPTIDE1,PEPTIDE1,1:R1-7:R2$$$",-6.49700000,ok,,flexible
"PEPTIDE1{Me_Bal.meA.dA.Bn_Gly.A.meL.F}$PEPTIDE1,PEPTIDE1,1:R1-7:R2$$$",-6.26800000,ok,,flexible
"PEPTIDE1{meL.L.dL.F.T.meA.meL}$PEPTIDE1,PEPTIDE1,1:R1-7:R2$$$",-5.27500000,ok,,flexible
"PEPTIDE1{Me_Bal.meL.meA.T.P.Me_dA.Me_dL}$PEPTIDE1,PEPTIDE1,1:R1-7:R2$$$",-6.28900000,ok,,flexible
"PEPTIDE1{Me_Bal.Me_dL.V.meL.A.dL.Ser(tBu)}$PEPTIDE1,PEPTIDE1,1:R1-7:R2$$$",-4.91600000,ok,,flexible
"PEPTIDE1{Me_Bal.meL.L.dL.I.T.Bn_Gly}$PEPTIDE1,PEPTIDE1,1:R1-7:R2$$$",-5.22000000,ok,,flexible
"PEPTIDE1{A.meF.meA.V.Ser(tBu).T.I}$PEPTIDE1,PEPTIDE1,1:R1-7:R2$$$",-6.02100000,ok,,flexible
"PEPTIDE1{A.Me_dA.meL.F.L.Me_dL.T}$PEPTIDE1,PEPTIDE1,1:R1-7:R2$$$",-6.16900000,ok,,flexible
"PEPTIDE1{Pr_Gly.cHexCH2_Gly.meL.meL.A.meA.dL}$PEPTIDE1,PEPTIDE1,1:R1-7:R2$$$",-5.66000000,ok,,flexible
"PEPTIDE1{Mono6.dP.meF.meL.Me_dL.meL.L}$PEPTIDE1,PEPTIDE1,1:R1-7:R2$$$",-5.55200000,ok,,flexible
"PEPTIDE1{dV.F.L.A.T.dA.L}$PEPTIDE1,PEPTIDE1,1:R1-7:R2$$$",-5.74500000,ok,,flexible
"PEPTIDE1{Mono6.meA.meF.I.T.Ser(tBu).A}$PEPTIDE1,PEPTIDE1,1:R1-7:R2$$$",-6.78400000,ok,,flexible
"PEPTIDE1{meA.P.G.L.dL.meL.F}$PEPTIDE1,PEPTIDE1,1:R1-7:R2$$$",-5.67000000,ok,,flexible
"PEPTIDE1{dV.T.F.A.P.dP.meL}$PEPTIDE1,PEPTIDE1,1:R1-7:R2$$$",4.86700000,ok,,flexible
"PEPTIDE1{Sar.I.G.meF.V.F.T}$PEPTIDE1,PEPTIDE1,1:R1-7:R2$$$",-6.23400000,ok,,flexible
"PEPTIDE1{dV.L.dP.P.A.Me_dL.dL}$PEPTIDE1,PEPTIDE1,1:R1-7:R2$$$",-5.72100000,ok,,flexible
"PEPTIDE1{Me_Bal.dA.Me_dL.dL.meA.A.Ser(tBu)}$PEPTIDE1,PEPTIDE1,1:R1-7:R2$$$",-5.46200000,ok,,flexible
"PEPTIDE1{dA.L.G.F.A.V.meA}$PEPTIDE1,PEPTIDE1,1:R1-7:R2$$$",-6.30100000,ok,,flexible
"PEPTIDE1{dV.I.meA.T.V.A.Bn_Gly}$PEPTIDE1,PEPTIDE1,1:R1-7:R2$$$",-6.60900000,ok,,flexible
"PEPTIDE1{F.pentyl_Gly.Ser(tBu).L.V.dL.meL}$PEPTIDE1,PEPTIDE1,1:R1-7:R2$$$",-4.83600000,ok,,flexible
"PEPTIDE1{meA.F.Me_dL.L.P.G.meL}$PEPTIDE1,PEPTIDE1,1:R1-7:R2$$$",-6.52300000,ok,,flexible
"PEPTIDE1{dA.pentyl_Gly.Ser(tBu).L.L.V.meL}$PEPTIDE1,PEPTIDE1,1:R1-7:R2$$$",-4.97900000,ok,,flexible
"PEPTIDE1{Me_dA.T.meA.dL.Me_dL.meL.meS}$PEPTIDE1,PEPTIDE1,1:R1-7:R2$$$",-5.24700000,ok,,flexible
"PEPTIDE1{dP.meA.A.G.meL.I.T}$PEPTIDE1,PEPTIDE1,1:R1-7:R2$$$",-6.41800000,ok,,flexible
"PEPTIDE1{Pr_Gly.A.Pr_Gly.Aib.dA.meL.V}$PEPTIDE1,PEPTIDE1,1:R1-7:R2$$$",-6.21500000,ok,,flexible
"PEPTIDE1{Me_Bal.L.meV.T.meA.I.V}$PEPTIDE1,PEPTIDE1,1:R1-7:R2$$$",-5.60300000,ok,,flexible
"PEPTIDE1{meL.L.meF.P.dP.dL.meA}$PEPTIDE1,PEPTIDE1,1:R1-7:R2$$$",-5.83600000,ok,,flexible
"PEPTIDE1{meA.A.L.Abu.Ala(5-Tet).dL.meF}$PEPTIDE1,PEPTIDE1,1:R1-7:R2$$$",-6.59500000,ok,,flexible
"PEPTIDE1{dA.meF.L.meA.dL.Me_dL.L}$PEPTIDE1,PEPTIDE1,1:R1-7:R2$$$",-5.76600000,ok,,flexible
"PEPTIDE1{A.Me_dA.F.Pr_Gly.meF.meA.L}$PEPTIDE1,PEPTIDE1,1:R1-7:R2$$$",-6.68800000,ok,,flexible
"PEPTIDE1{dA.T.meS.F.meL.L.V}$PEPTIDE1,PEPTIDE1,1:R1-7:R2$$$",-5.99900000,ok,,flexible
"PEPTIDE1{dF.T.T.meA.Me_dL.G.A}$PEPTIDE1,PEPTIDE1,1:R1-7:R2$$$",-6.26100000,ok,,flexible
"PEPTIDE1{Me_dA.A.meV.meF.meL.L.F}$PEPTIDE1,PEPTIDE1,1:R1-7:R2$$$",-6.13200000,ok,,flexible
"PEPTIDE1{A.Me_dL.meF.T.meL.L.L}$PEPTIDE1,PEPTIDE1,1:R1-7:R2$$$",-5.74400000,ok,,flexible
"PEPTIDE1{Mono6.Me_Nle.dP.Me_dAbu.Ser(tBu).P.meA}$PEPTIDE1,PEPTIDE1,1:R1-7:R2$$$",-6.19900000,ok,,flexible
"PEPTIDE1{F.A.Ser(tBu).meF.I.P.meA}$PEPTIDE1,PEPTIDE1,1:R1-7:R2$$$",-6.73600000,ok,,flexible
"PEPTIDE1{dF.T.I.dL.meF.T.meL}$PEPTIDE1,PEPTIDE1,1:R1-7:R2$$$",-5.47600000,ok,,flexible
"PEPTIDE1{meA.P.P.L.dP.T.Me_dL}$PEPTIDE1,PEPTIDE1,1:R1-7:R2$$$",-6.00700000,ok,,flexible
"PEPTIDE1{meL.L.pentyl_Gly.A.dP.I.Ser(tBu)}$PEPTIDE1,PEPTIDE1,1:R1-7:R2$$$",-5.13900000,ok,,flexible
"PEPTIDE1{A.meL.L.meF.T.Sar.L}$PEPTIDE1,PEPTIDE1,1:R1-7:R2$$$",-5.35600000,ok,,flexible
"PEPTIDE1{Me_Bal.G.pentyl_Gly.L.meA.meF.Ser(tBu)}$PEPTIDE1,PEPTIDE1,1:R1-7:R2$$$",-5.65900000,ok,,flexible
"PEPTIDE1{A.L.Ser(tBu).T.dL.Me_Phe(3-Cl).meA}$PEPTIDE1,PEPTIDE1,1:R1-7:R2$$$",-5.64500000,ok,,flexible
"PEPTIDE1{Mono6.Ser(tBu).T.P.dP.Me_dL.Me_dA}$PEPTIDE1,PEPTIDE1,1:R1-7:R2$$$",-6.74500000,ok,,flexible
"PEPTIDE1{dF.Mono38.L.meA.L.dL.I}$PEPTIDE1,PEPTIDE1,1:R1-7:R2$$$",-5.61600000,ok,,flexible
"PEPTIDE1{Mono6.T.meA.P.Me_dL.Me_dA.L}$PEPTIDE1,PEPTIDE1,1:R1-7:R2$$$",-7.13300000,ok,,flexible
"PEPTIDE1{meA.meL.meF.Me_dL.F.meL.dL}$PEPTIDE1,PEPTIDE1,1:R1-7:R2$$$",-5.27600000,ok,,flexible
"PEPTIDE1{A.meF.dL.meL.meA.L.Me_dA}$PEPTIDE1,PEPTIDE1,1:R1-7:R2$$$",-5.81000000,ok,,flexible
"PEPTIDE1{A.meL.dL.F.A.meA.Me_dL}$PEPTIDE1,PEPTIDE1,1:R1-7:R2$$$",-6.17500000,ok,,flexible
"PEPTIDE1{Me_Bal.pentyl_Gly.Ser(tBu).meA.G.meL.meL}$PEPTIDE1,PEPTIDE1,1:R1-7:R2$$$",-4.97900000,ok,,flexible
"PEPTIDE1{F.Abu.meF.L.A.T.dL}$PEPTIDE1,PEPTIDE1,1:R1-7:R2$$$",-5.71700000,ok,,flexible
"PEPTIDE1{meA.Mono78.V.T.I.G.F}$PEPTIDE1,PEPTIDE1,1:R1-7:R2$$$",-5.93200000,ok,,flexible
"PEPTIDE1{A.A.meF.meL.L.I.meA}$PEPTIDE1,PEPTIDE1,1:R1-7:R2$$$",-5.59800000,ok,,flexible
"PEPTIDE1{A.Sar.meF.I.V.meL.meL}$PEPTIDE1,PEPTIDE1,1:R1-7:R2$$$",-6.80600000,ok,,flexible
"PEPTIDE1{P.meA.A.dP.Me_dL.dL.meL}$PEPTIDE1,PEPTIDE1,1:R1-7:R2$$$",-6.29400000,ok,,flexible
"PEPTIDE1{dF.meA.L.meL.F.meS.meF}$PEPTIDE1,PEPTIDE1,1:R1-7:R2$$$",-6.30100000,ok,,flexible
"PEPTIDE1{meL.L.Me_dL.meA.P.T.meL}$PEPTIDE1,PEPTIDE1,1:R1-7:R2$$$",-5.92500000,ok,,flexible
"PEPTIDE1{A.meL.Me_dL.dA.Ser(tBu).I.F}$PEPTIDE1,PEPTIDE1,1:R1-7:R2$$$",-5.29900000,ok,,flexible
"PEPTIDE1{Pr_Gly.A.meL.dL.meL.meS.L}$PEPTIDE1,PEPTIDE1,1:R1-7:R2$$$",-5.20600000,ok,,flexible
"PEPTIDE1{Me_Bal.meL.Me_dL.I.T.A.meA}$PEPTIDE1,PEPTIDE1,1:R1-7:R2$$$",-5.36000000,ok,,flexible
"PEPTIDE1{dV.Me_dL.T.V.meS.F.meL}$PEPTIDE1,PEPTIDE1,1:R1-7:R2$$$",-5.47000000,ok,,flexible
"PEPTIDE1{L.I.A.meA.T.T.F}$PEPTIDE1,PEPTIDE1,1:R1-7:R2$$$",-6.47700000,ok,,flexible
"PEPTIDE1{dA.meL.Ala(5-Tet).T.Sar.L.A}$PEPTIDE1,PEPTIDE1,1:R1-7:R2$$$",-6.07800000,ok,,flexible
"PEPTIDE1{meA.Abu.A.meF.Ser(tBu).dL.Me_dL}$PEPTIDE1,PEPTIDE1,1:R1-7:R2$$$",-5.75200000,ok,,flexible
"PEPTIDE1{dA.Abu.T.meL.V.L.meA}$PEPTIDE1,PEPTIDE1,1:R1-7:R2$$$",-6.11900000,ok,,flexible
"PEPTIDE1{Pr_Gly.dPye.Me_dL.F.A.meA.L}$PEPTIDE1,PEPTIDE1,1:R1-7:R2$$$",-6.06600000,ok,,flexible
"PEPTIDE1{meA.T.L.Me_dL.meV.V.S}$PEPTIDE1,PEPTIDE1,1:R1-7:R2$$$",-5.63300000,ok,,flexible
"PEPTIDE1{meL.Abu.T.I.Me_dL.A.L}$PEPTIDE1,PEPTIDE1,1:R1-7:R2$$$",-5.74100000,ok,,flexible
"PEPTIDE1{Me_dA.T.meA.V.L.A.meV}$PEPTIDE1,PEPTIDE1,1:R1-7:R2$$$",-5.84000000,ok,,flexible
"PEPTIDE1{Me_Bal.A.P.P.dP.Me_dL.V}$PEPTIDE1,PEPTIDE1,1:R1-7:R2$$$",-6.62300000,ok,,flexible
"PEPTIDE1{meA.L.T.dL.Aoc(2).D.I}$PEPTIDE1,PEPTIDE1,1:R1-7:R2$$$",-4.79600000,ok,,flexible
"PEPTIDE1{meA.Pr_Gly.F.V.L.I.Bn_Gly}$PEPTIDE1,PEPTIDE1,1:R1-7:R2$$$",-5.68000000,ok,,flexible
"PEPTIDE1{Pr_Gly.G.T.meA.dP.F.L}$PEPTIDE1,PEPTIDE1,1:R1-7:R2$$$",-6.26900000,ok,,flexible
"PEPTIDE1{Me_dA.T.meF.meA.V.Me_dL.L}$PEPTIDE1,PEPTIDE1,1:R1-7:R2$$$",-5.80700000,ok,,flexible
"PEPTIDE1{dA.T.meA.P.L.V.I}$PEPTIDE1,PEPTIDE1,1:R1-7:R2$$$",-6.05000000,ok,,flexible
"PEPTIDE1{Sar.L.F.T.A.L.I}$PEPTIDE1,PEPTIDE1,1:R1-7:R2$$$",-6.21300000,ok,,flexible
"PEPTIDE1{Sar.meF.meL.A.L.Me_dL.I}$PEPTIDE1,PEPTIDE1,1:R1-7:R2$$$",-5.28300000,ok,,flexible
"PEPTIDE1{Me_dA.Me_dL.meL.meA.dL.T.P}$PEPTIDE1,PEPTIDE1,1:R1-7:R2$$$",-6.05300000,ok,,flexible
"PEPTIDE1{dV.A.F.meA.Pr_Gly.Me_dA.G}$PEPTIDE1,PEPTIDE1,1:R1-7:R2$$$",-6.50600000,ok,,flexible
"PEPTIDE1{Me_Bal.meL.meA.meV.T.P.A}$PEPTIDE1,PEPTIDE1,1:R1-7:R2$$$",-6.10800000,ok,,flexible
"PEPTIDE1{dP.A.meA.L.dA.dL.T}$PEPTIDE1,PEPTIDE1,1:R1-7:R2$$$",-5.88500000,ok,,flexible
"PEPTIDE1{Mono6.meA.T.meL.Me_dL.Ser(tBu).P}$PEPTIDE1,PEPTIDE1,1:R1-7:R2$$$",-5.55100000,ok,,flexible
"PEPTIDE1{dP.meL.Pr_Gly.G.V.Ser(tBu).meA}$PEPTIDE1,PEPTIDE1,1:R1-7:R2$$$",-5.11900000,ok,,flexible
"PEPTIDE1{L.Me_dL.T.F.L.meL.meL}$PEPTIDE1,PEPTIDE1,1:R1-7:R2$$$",-5.07400000,ok,,flexible
"PEPTIDE1{meA.T.L.A.meL.I.V}$PEPTIDE1,PEPTIDE1,1:R1-7:R2$$$",-5.84500000,ok,,flexible
"PEPTIDE1{meA.Me_dL.I.F.T.V.dL}$PEPTIDE1,PEPTIDE1,1:R1-7:R2$$$",-5.92000000,ok,,flexible
"PEPTIDE1{meA.P.L.Ser(tBu).F.Me_dL.dL}$PEPTIDE1,PEPTIDE1,1:R1-7:R2$$$",-6.31700000,ok,,flexible
"PEPTIDE1{dA.meA.Ser(tBu).I.meF.meL.F}$PEPTIDE1,PEPTIDE1,1:R1-7:R2$$$",-6.36500000,ok,,flexible
"PEPTIDE1{dA.meF.I.meA.meL.Me_dL.Ser(tBu)}$PEPTIDE1,PEPTIDE1,1:R1-7:R2$$$",-5.47600000,ok,,flexible
"PEPTIDE1{meL.L.Aoc(2).dL.Ser(tBu).meF.meA}$PEPTIDE1,PEPTIDE1,1:R1-7:R2$$$",-4.81500000,ok,,flexible
"PEPTIDE1{meL.L.A.T.meF.F.V}$PEPTIDE1,PEPTIDE1,1:R1-7:R2$$$",-5.35200000,ok,,flexible
"PEPTIDE1{dV.Aoc(2).meL.meA.Abu.A.T}$PEPTIDE1,PEPTIDE1,1:R1-7:R2$$$",-4.78600000,ok,,flexible
"PEPTIDE1{Me_dA.Pr_Gly.L.meL.T.A.meL}$PEPTIDE1,PEPTIDE1,1:R1-7:R2$$$",-5.88900000,ok,,flexible
"PEPTIDE1{Me_dA.A.meA.T.P.dL.T}$PEPTIDE1,PEPTIDE1,1:R1-7:R2$$$",-6.39700000,ok,,flexible
"PEPTIDE1{Mono6.L.I.meL.V.G.meF}$PEPTIDE1,PEPTIDE1,1:R1-7:R2$$$",-5.57800000,ok,,flexible
"PEPTIDE1{meA.A.dL.I.meF.V.T}$PEPTIDE1,PEPTIDE1,1:R1-7:R2$$$",-5.98800000,ok,,flexible
"PEPTIDE1{dA.meA.Me_dL.A.T.meL.meI}$PEPTIDE1,PEPTIDE1,1:R1-7:R2$$$",-6.26700000,ok,,flexible
"PEPTIDE1{dA.F.L.P.Me_dL.V.meL}$PEPTIDE1,PEPTIDE1,1:R1-7:R2$$$",-6.16200000,ok,,flexible
"PEPTIDE1{Pr_Gly.dP.P.L.L.A.meL}$PEPTIDE1,PEPTIDE1,1:R1-7:R2$$$",-5.70600000,ok,,flexible
"PEPTIDE1{Me_Bal.Me_dL.V.meL.T.Ser(tBu).dP}$PEPTIDE1,PEPTIDE1,1:R1-7:R2$$$",-6.18500000,ok,,flexible
"PEPTIDE1{meA.meF.I.G.L.T.meL}$PEPTIDE1,PEPTIDE1,1:R1-7:R2$$$",-5.80100000,ok,,flexible
"PEPTIDE1{dF.L.meS.Abu.A.Sar.dA}$PEPTIDE1,PEPTIDE1,1:R1-7:R2$$$",-5.93300000,ok,,flexible
"PEPTIDE1{meL.Me_dA.L.T.F.I.A}$PEPTIDE1,PEPTIDE1,1:R1-7:R2$$$",-5.67000000,ok,,flexible
"PEPTIDE1{meL.dL.A.T.L.meA.I}$PEPTIDE1,PEPTIDE1,1:R1-7:R2$$$",-5.10300000,ok,,flexible
"PEPTIDE1{Pr_Gly.A.meA.F.Me_Phe(3-Cl).T.T}$PEPTIDE1,PEPTIDE1,1:R1-7:R2$$$",-5.88700000,ok,,flexible
"PEPTIDE1{dA.T.meL.meA.V.A.dL}$PEPTIDE1,PEPTIDE1,1:R1-7:R2$$$",-5.81800000,ok,,flexible
"PEPTIDE1{dA.dP.P.A.L.meF.meA}$PEPTIDE1,PEPTIDE1,1:R1-7:R2$$$",-6.33300000,ok,,flexible
"PEPTIDE1{Me_Bal.P.Me_dL.meA.meL.F.L}$PEPTIDE1,PEPTIDE1,1:R1-7:R2$$$",-6.29500000,ok,,flexible
"PEPTIDE1{meA.meF.Aoc(2).dL.meL.meS.Me_dL}$PEPTIDE1,PEPTIDE1,1:R1-7:R2$$$",-5.72500000,ok,,flexible
"PEPTIDE1{A.F.meL.Ser(tBu).meF.T.I}$PEPTIDE1,PEPTIDE1,1:R1-7:R2$$$",-5.57800000,ok,,flexible
"PEPTIDE1{meA.Me_dL.L.Ser(tBu).meL.dP.dL}$PEPTIDE1,PEPTIDE1,1:R1-7:R2$$$",-5.52100000,ok,,flexible
"PEPTIDE1{Me_Bal.F.L.meF.T.meA.V}$PEPTIDE1,PEPTIDE1,1:R1-7:R2$$$",-5.93200000,ok,,flexible
"PEPTIDE1{dV.L.V.meL.I.Ser(tBu).T}$PEPTIDE1,PEPTIDE1,1:R1-7:R2$$$",-5.05000000,ok,,flexible
"PEPTIDE1{Me_dA.F.Pr_Gly.L.Me_dL.A.Phe(4-CF3)}$PEPTIDE1,PEPTIDE1,1:R1-7:R2$$$",-5.89400000,ok,,flexible
"PEPTIDE1{Me_Bal.dA.dL.meA.T.V.dP}$PEPTIDE1,PEPTIDE1,1:R1-7:R2$$$",-6.41700000,ok,,flexible
"PEPTIDE1{F.dP.meL.L.Me_Phe(3-Cl).Aib.meL}$PEPTIDE1,PEPTIDE1,1:R1-7:R2$$$",-6.20700000,ok,,flexible
"PEPTIDE1{Me_Bal.meA.meL.F.T.meF.L}$PEPTIDE1,PEPTIDE1,1:R1-7:R2$$$",-6.36600000,ok,,flexible
"PEPTIDE1{meA.Pr_Gly.L.Me_dL.meL.T.F}$PEPTIDE1,PEPTIDE1,1:R1-7:R2$$$",-5.48300000,ok,,flexible
"PEPTIDE1{dP.Me_Phe(3-Cl).L.meA.meL.A.F}$PEPTIDE1,PEPTIDE1,1:R1-7:R2$$$",-6.05700000,ok,,flexible
"PEPTIDE1{Me_Bal.dL.meA.Me_dL.I.P.V}$PEPTIDE1,PEPTIDE1,1:R1-7:R2$$$",-5.90700000,ok,,flexible
"PEPTIDE1{dV.Me_dL.meL.L.T.V.P}$PEPTIDE1,PEPTIDE1,1:R1-7:R2$$$",-5.91100000,ok,,flexible
"PEPTIDE1{Mono6.A.Me_dL.meA.dA.P.V}$PEPTIDE1,PEPTIDE1,1:R1-7:R2$$$",-6.92300000,ok,,flexible
"PEPTIDE1{dA.Ala(5-Tet).meA.Aoc(2).V.A.L}$PEPTIDE1,PEPTIDE1,1:R1-7:R2$$$",-5.75400000,ok,,flexible
"PEPTIDE1{dP.A.meL.T.meF.Me_dA.Me_dL}$PEPTIDE1,PEPTIDE1,1:R1-7:R2$$$",-6.08700000,ok,,flexible
"PEPTIDE1{meA.T.meS.A.Me_dL.meF.Ser(tBu)}$PEPTIDE1,PEPTIDE1,1:R1-7:R2$$$",-5.75300000,ok,,flexible
"PEPTIDE1{Sar.F.meL.A.meV.meA.L}$PEPTIDE1,PEPTIDE1,1:R1-7:R2$$$",-5.64600000,ok,,flexible
"PEPTIDE1{Pr_Gly.meL.T.F.meA.L.Me_dL}$PEPTIDE1,PEPTIDE1,1:R1-7:R2$$$",-5.13900000,ok,,flexible
"PEPTIDE1{A.T.V.Sar.meA.meL.I}$PEPTIDE1,PEPTIDE1,1:R1-7:R2$$$",-5.96100000,ok,,flexible
"PEPTIDE1{F.meS.A.meS.Ala(5-Tet).Aoc(2).I}$PEPTIDE1,PEPTIDE1,1:R1-7:R2$$$",-5.19200000,ok,,flexible
"PEPTIDE1{Me_Bal.cHexCH2_Gly.meA.meL.V.T.Me_dL}$PEPTIDE1,PEPTIDE1,1:R1-7:R2$$$",-5.47900000,ok,,flexible
"PEPTIDE1{P.F.P.Ser(tBu).meA.T.F}$PEPTIDE1,PEPTIDE1,1:R1-7:R2$$$",-6.57600000,ok,,flexible
"PEPTIDE1{Me_Bal.T.dP.meL.F.T.Aoc(2)}$PEPTIDE1,PEPTIDE1,1:R1-7:R2$$$",-5.21300000,ok,,flexible
"PEPTIDE1{meL.Abu.Aoc(2).meA.Ala(5-Tet).dL.I}$PEPTIDE1,PEPTIDE1,1:R1-7:R2$$$",-4.95300000,ok,,flexible
"PEPTIDE1{F.P.T.dL.dP.L.A}$PEPTIDE1,PEPTIDE1,1:R1-7:R2$$$",-6.67600000,ok,,flexible
"PEPTIDE1{meA.L.A.dP.F.T.dL}$PEPTIDE1,PEPTIDE1,1:R1-7:R2$$$",-6.05100000,ok,,flexible
"PEPTIDE1{L.Me_dA.meA.F.V.Pr_Gly.Me_dL}$PEPTIDE1,PEPTIDE1,1:R1-7:R2$$$",-5.99900000,ok,,flexible
"PEPTIDE1{Mono6.meA.T.F.Me_dL.T.P}$PEPTIDE1,PEPTIDE1,1:R1-7:R2$$$",-6.35600000,ok,,flexible
"PEPTIDE1{F.dA.Me_dL.meA.L.dL.T}$PEPTIDE1,PEPTIDE1,1:R1-7:R2$$$",-6.38400000,ok,,flexible
"PEPTIDE1{meL.A.Me_dL.L.Abu.meS.F}$PEPTIDE1,PEPTIDE1,1:R1-7:R2$$$",-5.30700000,ok,,flexible
"PEPTIDE1{Mono6.L.Aoc(2).Abu.meS.meF.I}$PEPTIDE1,PEPTIDE1,1:R1-7:R2$$$",-4.89600000,ok,,flexible
"PEPTIDE1{Me_dA.pentyl_Gly.A.Ser(tBu).L.meL.I}$PEPTIDE1,PEPTIDE1,1:R1-7:R2$$$",-4.70700000,ok,,flexible
"PEPTIDE1{dA.meA.dL.F.L.Ser(tBu).T}$PEPTIDE1,PEPTIDE1,1:R1-7:R2$$$",-5.89000000,ok,,flexible
"PEPTIDE1{dA.meA.F.T.L.dF.meF}$PEPTIDE1,PEPTIDE1,1:R1-7:R2$$$",-6.15200000,ok,,flexible
"PEPTIDE1{A.Me_dL.meA.meL.T.dL.F}$PEPTIDE1,PEPTIDE1,1:R1-7:R2$$$",-6.42600000,ok,,flexible
"PEPTIDE1{Pr_Gly.L.F.I.L.meA.T}$PEPTIDE1,PEPTIDE1,1:R1-7:R2$$$",-5.05700000,ok,,flexible
"PEPTIDE1{dV.Me_dL.meL.T.meA.P.F}$PEPTIDE1,PEPTIDE1,1:R1-7:R2$$$",-5.85900000,ok,,flexible
"PEPTIDE1{L.Me_dL.I.A.meS.Abu.A}$PEPTIDE1,PEPTIDE1,1:R1-7:R2$$$",-5.93100000,ok,,flexible
"PEPTIDE1{Me_Bal.Mono38.L.I.meF.D.Me_dL}$PEPTIDE1,PEPTIDE1,1:R1-7:R2$$$",-5.40100000,ok,,flexible
"PEPTIDE1{Me_Bal.T.L.meS.meF.Me_dL.Abu}$PEPTIDE1,PEPTIDE1,1:R1-7:R2$$$",-5.61100000,ok,,flexible
"PEPTIDE1{dF.A.T.Abu.dA.meA.meS}$PEPTIDE1,PEPTIDE1,1:R1-7:R2$$$",-6.77900000,ok,,flexible
"PEPTIDE1{Me_dA.meA.meL.Me_dL.meF.A.meV}$PEPTIDE1,PEPTIDE1,1:R1-7:R2$$$",-7.19100000,ok,,flexible
"PEPTIDE1{L.meA.T.F.Ser(tBu).Sar.meL}$PEPTIDE1,PEPTIDE1,1:R1-7:R2$$$",-6.12300000,ok,,flexible
"PEPTIDE1{L.Abu.A.T.meA.V.G}$PEPTIDE1,PEPTIDE1,1:R1-7:R2$$$",-6.25500000,ok,,flexible
"PEPTIDE1{dA.Me_dA.meA.dL.dF.A.Ser(tBu)}$PEPTIDE1,PEPTIDE1,1:R1-7:R2$$$",-7.16000000,ok,,flexible
"PEPTIDE1{Me_dA.T.L.A.I.meL.meA}$PEPTIDE1,PEPTIDE1,1:R1-7:R2$$$",-5.80700000,ok,,flexible
"PEPTIDE1{dV.P.Me_dL.G.meL.F.A}$PEPTIDE1,PEPTIDE1,1:R1-7:R2$$$",-6.40900000,ok,,flexible
"PEPTIDE1{A.meL.I.L.meA.L.V}$PEPTIDE1,PEPTIDE1,1:R1-7:R2$$$",-5.35600000,ok,,flexible
"PEPTIDE1{Me_dA.A.G.meA.T.meF.meL}$PEPTIDE1,PEPTIDE1,1:R1-7:R2$$$",-6.16700000,ok,,flexible
"PEPTIDE1{A.P.Abu.L.T.dL.T}$PEPTIDE1,PEPTIDE1,1:R1-7:R2$$$",-6.69400000,ok,,flexible
"PEPTIDE1{meA.meL.dP.Abu.I.L.Mono7}$PEPTIDE1,PEPTIDE1,1:R1-7:R2$$$",-5.56900000,ok,,flexible
"PEPTIDE1{F.meL.T.L.meF.meI.dL}$PEPTIDE1,PEPTIDE1,1:R1-7:R2$$$",-5.39400000,ok,,flexible
"PEPTIDE1{Me_Bal.Me_dL.Me_dA.meV.A.P.meF}$PEPTIDE1,PEPTIDE1,1:R1-7:R2$$$",-6.89900000,ok,,flexible
"PEPTIDE1{dV.meL.T.F.L.L.I}$PEPTIDE1,PEPTIDE1,1:R1-7:R2$$$",-5.38600000,ok,,flexible
"PEPTIDE1{Me_dA.meS.Abu.P.P.T.T}$PEPTIDE1,PEPTIDE1,1:R1-7:R2$$$",-6.14000000,ok,,flexible
"PEPTIDE1{Me_Bal.T.L.meL.V.I.L}$PEPTIDE1,PEPTIDE1,1:R1-7:R2$$$",-5.28800000,ok,,flexible
"PEPTIDE1{dA.A.F.meA.meL.L.F}$PEPTIDE1,PEPTIDE1,1:R1-7:R2$$$",-6.72500000,ok,,flexible
"PEPTIDE1{meL.Abu.T.dL.V.I.G}$PEPTIDE1,PEPTIDE1,1:R1-7:R2$$$",-5.53500000,ok,,flexible
"PEPTIDE1{Pr_Gly.dL.A.A.meL.V.T}$PEPTIDE1,PEPTIDE1,1:R1-7:R2$$$",-6.27700000,ok,,flexible
"PEPTIDE1{Me_dA.F.L.dL.meL.A.meF}$PEPTIDE1,PEPTIDE1,1:R1-7:R2$$$",-5.81600000,ok,,flexible
"PEPTIDE1{Me_dA.A.meF.meL.Me_dL.P.meA}$PEPTIDE1,PEPTIDE1,1:R1-7:R2$$$",-6.02700000,ok,,flexible
"PEPTIDE1{meL.Abu.Ala(5-Tet).T.L.meS.dL}$PEPTIDE1,PEPTIDE1,1:R1-7:R2$$$",-5.53100000,ok,,flexible
"PEPTIDE1{meA.meF.L.dA.pentyl_Gly.Ser(tBu).L}$PEPTIDE1,PEPTIDE1,1:R1-7:R2$$$",-5.22000000,ok,,flexible
"PEPTIDE1{dV.meF.L.T.L.V.Ser(tBu)}$PEPTIDE1,PEPTIDE1,1:R1-7:R2$$$",-5.55800000,ok,,flexible
"PEPTIDE1{dV.cHexCH2_Gly.Bn_Gly.F.meF.L.meL}$PEPTIDE1,PEPTIDE1,1:R1-7:R2$$$",-5.26800000,ok,,flexible
"PEPTIDE1{Mono6.T.P.Me_dL.A.meA.dP}$PEPTIDE1,PEPTIDE1,1:R1-7:R2$$$",-6.98600000,ok,,flexible
"PEPTIDE1{Me_dA.meA.A.meF.meL.Abu.L}$PEPTIDE1,PEPTIDE1,1:R1-7:R2$$$",-6.97800000,ok,,flexible
"PEPTIDE1{meA.I.T.A.Me_dL.T.L}$PEPTIDE1,PEPTIDE1,1:R1-7:R2$$$",-5.30700000,ok,,flexible
"PEPTIDE1{Pr_Gly.cHexCH2_Gly.L.A.meA.meL.T}$PEPTIDE1,PEPTIDE1,1:R1-7:R2$$$",-5.90400000,ok,,flexible
"PEPTIDE1{L.A.Ser(tBu).dL.meA.meL.Sar}$PEPTIDE1,PEPTIDE1,1:R1-7:R2$$$",-5.59100000,ok,,flexible
"PEPTIDE1{dP.A.meL.F.meA.L.L}$PEPTIDE1,PEPTIDE1,1:R1-7:R2$$$",-6.19800000,ok,,flexible
"PEPTIDE1{dF.Ala(5-Tet).L.meL.Me_dL.A.meL}$PEPTIDE1,PEPTIDE1,1:R1-7:R2$$$",-5.05700000,ok,,flexible
"PEPTIDE1{F.L.pentyl_Gly.I.Mono86.T.L}$PEPTIDE1,PEPTIDE1,1:R1-7:R2$$$",-5.24100000,ok,,flexible
"PEPTIDE1{dV.meS.Abu.A.meF.T.meL}$PEPTIDE1,PEPTIDE1,1:R1-7:R2$$$",-5.79500000,ok,,flexible
"PEPTIDE1{Pr_Gly.cHexCH2_Gly.dL.T.Me_dL.Ser(tBu).meL}$PEPTIDE1,PEPTIDE1,1:R1-7:R2$$$",-5.59100000,ok,,flexible
"PEPTIDE1{dV.L.cHexCH2_Gly.meL.T.Ser(tBu).L}$PEPTIDE1,PEPTIDE1,1:R1-7:R2$$$",-5.49500000,ok,,flexible
"PEPTIDE1{dA.A.meF.meL.V.Me_dA.T}$PEPTIDE1,PEPTIDE1,1:R1-7:R2$$$",-5.94000000,ok,,flexible
"PEPTIDE1{L.I.meL.F.T.meF.Ser(tBu)}$PEPTIDE1,PEPTIDE1,1:R1-7:R2$$$",-5.61500000,ok,,flexible
"PEPTIDE1{meA.A.L.F.P.G.T}$PEPTIDE1,PEPTIDE1,1:R1-7:R2$$$",-6.55800000,ok,,flexible
"PEPTIDE1{meA.A.meS.L.Sar.I.meL}$PEPTIDE1,PEPTIDE1,1:R1-7:R2$$$",-5.98400000,ok,,flexible
"PEPTIDE1{L.meA.A.meL.meF.V.meV}$PEPTIDE1,PEPTIDE1,1:R1-7:R2$$$",-5.86000000,ok,,flexible
"PEPTIDE1{meA.dP.meL.Me_dL.dL.Me_dL.L}$PEPTIDE1,PEPTIDE1,1:R1-7:R2$$$",-5.92300000,ok,,flexible
"PEPTIDE1{meL.P.F.T.T.L.Ser(tBu)}$PEPTIDE1,PEPTIDE1,1:R1-7:R2$$$",-5.98500000,ok,,flexible
"PEPTIDE1{Me_Bal.Me_dL.V.F.meL.meA.Bn_Gly}$PEPTIDE1,PEPTIDE1,1:R1-7:R2$$$",-6.08300000,ok,,flexible
"PEPTIDE1{Me_dA.meL.T.dL.A.Me_Phe(3-Cl).Me_dL}$PEPTIDE1,PEPTIDE1,1:R1-7:R2$$$",-6.41800000,ok,,flexible
"PEPTIDE1{L.meS.Abu.meF.A.I.V}$PEPTIDE1,PEPTIDE1,1:R1-7:R2$$$",-6.16400000,ok,,flexible
"PEPTIDE1{A.meA.F.Me_dL.P.Ser(tBu).meF}$PEPTIDE1,PEPTIDE1,1:R1-7:R2$$$",-6.59100000,ok,,flexible
"PEPTIDE1{meA.Me_dL.V.L.I.meV.meL}$PEPTIDE1,PEPTIDE1,1:R1-7:R2$$$",-5.30300000,ok,,flexible
"PEPTIDE1{Me_Bal.A.L.meA.dP.dL.Me_dL}$PEPTIDE1,PEPTIDE1,1:R1-7:R2$$$",-6.02100000,ok,,flexible
"PEPTIDE1{dV.A.meL.Me_dL.meF.meA.dL}$PEPTIDE1,PEPTIDE1,1:R1-7:R2$$$",-5.42600000,ok,,flexible
"PEPTIDE1{Me_dA.L.Me_dL.meF.Aoc(2).V.L}$PEPTIDE1,PEPTIDE1,1:R1-7:R2$$$",-4.94100000,ok,,flexible
"PEPTIDE1{dV.meA.V.Ser(tBu).T.L.G}$PEPTIDE1,PEPTIDE1,1:R1-7:R2$$$",-5.63800000,ok,,flexible
"PEPTIDE1{Pr_Gly.Me_dL.T.meL.L.meF.I}$PEPTIDE1,PEPTIDE1,1:R1-7:R2$$$",-5.26500000,ok,,flexible
"PEPTIDE1{A.Sar.Abu.meL.I.L.meL}$PEPTIDE1,PEPTIDE1,1:R1-7:R2$$$",-5.52900000,ok,,flexible
"PEPTIDE1{A.meL.P.T.Aib.L.I}$PEPTIDE1,PEPTIDE1,1:R1-7:R2$$$",-5.74100000,ok,,flexible
"PEPTIDE1{meL.Abu.T.meA.F.L.I}$PEPTIDE1,PEPTIDE1,1:R1-7:R2$$$",-5.75100000,ok,,flexible
"PEPTIDE1{L.meF.A.Sar.V.dP.Me_dL}$PEPTIDE1,PEPTIDE1,1:R1-7:R2$$$",-6.44000000,ok,,flexible
"PEPTIDE1{L.F.V.dL.Mono78.L.I}$PEPTIDE1,PEPTIDE1,1:R1-7:R2$$$",-6.13800000,ok,,flexible
"PEPTIDE1{A.cHexCH2_Gly.V.L.meL.meA.L}$PEPTIDE1,PEPTIDE1,1:R1-7:R2$$$",-5.30600000,ok,,flexible
"PEPTIDE1{meA.Me_Phe(3-Cl).F.L.G.V.T}$PEPTIDE1,PEPTIDE1,1:R1-7:R2$$$",-6.63900000,ok,,flexible
"PEPTIDE1{Me_Bal.meF.V.meL.L.A.Me_dL}$PEPTIDE1,PEPTIDE1,1:R1-7:R2$$$",-6.49900000,ok,,flexible
"PEPTIDE1{meA.T.A.meS.T.dV.L}$PEPTIDE1,PEPTIDE1,1:R1-7:R2$$$",-5.87200000,ok,,flexible
"PEPTIDE1{Me_dA.cHexCH2_Gly.A.L.dL.L.meL}$PEPTIDE1,PEPTIDE1,1:R1-7:R2$$$",-5.26900000,ok,,flexible
"PEPTIDE1{Me_Bal.meL.dL.meA.I.G.Ser(tBu)}$PEPTIDE1,PEPTIDE1,1:R1-7:R2$$$",-5.66100000,ok,,flexible
"PEPTIDE1{Me_Bal.meA.V.Bn_Gly.meV.G.F}$PEPTIDE1,PEPTIDE1,1:R1-7:R2$$$",-6.78300000,ok,,flexible
"PEPTIDE1{dV.dL.I.A.L.L.meF}$PEPTIDE1,PEPTIDE1,1:R1-7:R2$$$",-5.48900000,ok,,flexible
"PEPTIDE1{Me_Bal.meA.L.Sar.V.cHexCH2_Gly.A}$PEPTIDE1,PEPTIDE1,1:R1-7:R2$$$",-6.20200000,ok,,flexible
"PEPTIDE1{dA.L.meA.meL.dL.I.F}$PEPTIDE1,PEPTIDE1,1:R1-7:R2$$$",-5.68200000,ok,,flexible
"PEPTIDE1{meL.Sar.meA.meF.L.T.Me_Phe(3-Cl)}$PEPTIDE1,PEPTIDE1,1:R1-7:R2$$$",-6.11700000,ok,,flexible
"PEPTIDE1{meL.meS.L.T.Ser(tBu).I.I}$PEPTIDE1,PEPTIDE1,1:R1-7:R2$$$",-4.59100000,ok,,flexible
"PEPTIDE1{meL.T.A.T.Ser(tBu).L.dP}$PEPTIDE1,PEPTIDE1,1:R1-7:R2$$$",-5.98500000,ok,,flexible
"PEPTIDE1{meA.Me_dL.Pr_Gly.L.Ser(tBu).meL.dL}$PEPTIDE1,PEPTIDE1,1:R1-7:R2$$$",-4.95500000,ok,,flexible
"PEPTIDE1{meA.Me_Nle.A.I.V.L.Ser(tBu)}$PEPTIDE1,PEPTIDE1,1:R1-7:R2$$$",-5.08700000,ok,,flexible
"PEPTIDE1{F.meF.Ser(tBu).meL.A.I.L}$PEPTIDE1,PEPTIDE1,1:R1-7:R2$$$",-5.39300000,ok,,flexible
"PEPTIDE1{dA.dP.P.P.Me_dL.meL.T}$PEPTIDE1,PEPTIDE1,1:R1-7:R2$$$",-6.10700000,ok,,flexible
"PEPTIDE1{L.meL.meA.A.Me_dL.Me_dL.dL}$PEPTIDE1,PEPTIDE1,1:R1-7:R2$$$",-5.64800000,ok,,flexible
"PEPTIDE1{meA.meL.F.Ser(tBu).A.Me_dL.T}$PEPTIDE1,PEPTIDE1,1:R1-7:R2$$$",-5.68400000,ok,,flexible
"PEPTIDE1{Me_Bal.Me_dL.A.meL.I.L.V}$PEPTIDE1,PEPTIDE1,1:R1-7:R2$$$",-5.81400000,ok,,flexible
"PEPTIDE1{dV.meL.Ser(tBu).F.L.T.A}$PEPTIDE1,PEPTIDE1,1:R1-7:R2$$$",-5.99400000,ok,,flexible
"PEPTIDE1{meA.meL.cHexCH2_Gly.Me_dL.L.meF.F}$PEPTIDE1,PEPTIDE1,1:R1-7:R2$$$",-5.13100000,ok,,flexible
"PEPTIDE1{L.Me_dL.I.dL.V.F.A}$PEPTIDE1,PEPTIDE1,1:R1-7:R2$$$",-5.86700000,ok,,flexible
"PEPTIDE1{Me_dA.P.T.meL.L.A.meF}$PEPTIDE1,PEPTIDE1,1:R1-7:R2$$$",-5.73000000,ok,,flexible
"PEPTIDE1{Mono6.Me_dL.meF.L.V.dP.meL}$PEPTIDE1,PEPTIDE1,1:R1-7:R2$$$",-5.82500000,ok,,flexible
"PEPTIDE1{dV.T.meL.meF.dL.meL.V}$PEPTIDE1,PEPTIDE1,1:R1-7:R2$$$",-5.46700000,ok,,flexible
"PEPTIDE1{meA.A.dL.meL.T.meS.I}$PEPTIDE1,PEPTIDE1,1:R1-7:R2$$$",-5.54300000,ok,,flexible
"PEPTIDE1{meA.A.Ser(tBu).meL.Me_Phe(3-Cl).dL.meL}$PEPTIDE1,PEPTIDE1,1:R1-7:R2$$$",-5.23000000,ok,,flexible
"PEPTIDE1{A.P.dL.dV.Me_dL.T.Me_dA}$PEPTIDE1,PEPTIDE1,1:R1-7:R2$$$",-6.58800000,ok,,flexible
"PEPTIDE1{F.Me_dA.meA.Ser(tBu).T.dL.L}$PEPTIDE1,PEPTIDE1,1:R1-7:R2$$$",-5.43500000,ok,,flexible
"PEPTIDE1{meA.Abu.meL.Me_dL.V.dL.meF}$PEPTIDE1,PEPTIDE1,1:R1-7:R2$$$",-5.25200000,ok,,flexible
"PEPTIDE1{A.T.L.dL.I.meL.Me_dL}$PEPTIDE1,PEPTIDE1,1:R1-7:R2$$$",-5.67200000,ok,,flexible
"PEPTIDE1{Me_dA.dP.Me_dL.meL.meF.A.F}$PEPTIDE1,PEPTIDE1,1:R1-7:R2$$$",-6.50300000,ok,,flexible
"PEPTIDE1{meA.meL.V.meV.T.I.A}$PEPTIDE1,PEPTIDE1,1:R1-7:R2$$$",-6.55700000,ok,,flexible
"PEPTIDE1{L.meL.Me_dA.Me_dL.T.dA.meV}$PEPTIDE1,PEPTIDE1,1:R1-7:R2$$$",-5.71500000,ok,,flexible
"PEPTIDE1{meA.A.meL.T.meF.L.meL}$PEPTIDE1,PEPTIDE1,1:R1-7:R2$$$",-5.54700000,ok,,flexible
"PEPTIDE1{F.meL.L.I.T.meA.Ser(tBu)}$PEPTIDE1,PEPTIDE1,1:R1-7:R2$$$",-5.26400000,ok,,flexible
"PEPTIDE1{meL.dL.A.meL.meF.T.dV}$PEPTIDE1,PEPTIDE1,1:R1-7:R2$$$",-5.70000000,ok,,flexible
"PEPTIDE1{Me_Bal.A.P.L.Ser(tBu).dA.meL}$PEPTIDE1,PEPTIDE1,1:R1-7:R2$$$",-6.40200000,ok,,flexible
"PEPTIDE1{meA.A.T.P.T.meF.dL}$PEPTIDE1,PEPTIDE1,1:R1-7:R2$$$",-6.29300000,ok,,flexible
"PEPTIDE1{meA.meF.meL.V.meV.meL.T}$PEPTIDE1,PEPTIDE1,1:R1-7:R2$$$",-5.29900000,ok,,flexible
"PEPTIDE1{Me_dA.dL.G.F.meL.meA.T}$PEPTIDE1,PEPTIDE1,1:R1-7:R2$$$",-5.95000000,ok,,flexible
"PEPTIDE1{Me_dA.Aib.Pr_Gly.A.meF.V.L}$PEPTIDE1,PEPTIDE1,1:R1-7:R2$$$",-6.18000000,ok,,flexible
"PEPTIDE1{meA.T.dP.A.Me_dL.Ser(tBu).I}$PEPTIDE1,PEPTIDE1,1:R1-7:R2$$$",-5.94100000,ok,,flexible
"PEPTIDE1{Me_dA.T.P.dP.meA.L.Me_dL}$PEPTIDE1,PEPTIDE1,1:R1-7:R2$$$",-5.92500000,ok,,flexible
"PEPTIDE1{dA.cHexCH2_Gly.meL.T.meA.Me_dL.I}$PEPTIDE1,PEPTIDE1,1:R1-7:R2$$$",-6.49800000,ok,,flexible
"PEPTIDE1{dF.Aoc(2).meL.Sar.meA.A.L}$PEPTIDE1,PEPTIDE1,1:R1-7:R2$$$",-5.75700000,ok,,flexible
"PEPTIDE1{Me_dA.A.Ser(tBu).T.P.meA.meL}$PEPTIDE1,PEPTIDE1,1:R1-7:R2$$$",-5.98900000,ok,,flexible
"PEPTIDE1{A.meL.meV.V.meL.meA.F}$PEPTIDE1,PEPTIDE1,1:R1-7:R2$$$",-5.76100000,ok,,flexible
"PEPTIDE1{L.L.Ser(tBu).P.G.dL.I}$PEPTIDE1,PEPTIDE1,1:R1-7:R2$$$",-5.59400000,ok,,flexible
"PEPTIDE1{A.Me_dL.meA.meL.T.V.Me_dL}$PEPTIDE1,PEPTIDE1,1:R1-7:R2$$$",-6.72300000,ok,,flexible
"PEPTIDE1{dA.A.F.Me_dL.meA.G.T}$PEPTIDE1,PEPTIDE1,1:R1-7:R2$$$",-6.59300000,ok,,flexible
"PEPTIDE1{meA.L.I.T.meF.meL.Ser(tBu)}$PEPTIDE1,PEPTIDE1,1:R1-7:R2$$$",-4.98900000,ok,,flexible
"PEPTIDE1{dA.A.L.Bn_Gly.dL.Me_dL.meA}$PEPTIDE1,PEPTIDE1,1:R1-7:R2$$$",-5.74700000,ok,,flexible
"PEPTIDE1{P.Me_dA.L.A.F.V.Me_dL}$PEPTIDE1,PEPTIDE1,1:R1-7:R2$$$",-6.58800000,ok,,flexible
"PEPTIDE1{Me_dA.A.dL.T.L.Ser(tBu).meA}$PEPTIDE1,PEPTIDE1,1:R1-7:R2$$$",-5.98900000,ok,,flexible
"PEPTIDE1{meA.Sar.Me_dL.L.dL.F.F}$PEPTIDE1,PEPTIDE1,1:R1-7:R2$$$",-6.03500000,ok,,flexible
"PEPTIDE1{Me_dA.Mono38.F.V.Bn_Gly.Me_Phe(3-Cl).L}$PEPTIDE1,PEPTIDE1,1:R1-7:R2$$$",-6.31400000,ok,,flexible
"PEPTIDE1{Me_Bal.cHexCH2_Gly.V.T.dL.A.meL}$PEPTIDE1,PEPTIDE1,1:R1-7:R2$$$",-5.94600000,ok,,flexible
"PEPTIDE1{meL.dL.Me_dL.F.L.Sar.Abu}$PEPTIDE1,PEPTIDE1,1:R1-7:R2$$$",-5.33300000,ok,,flexible
"PEPTIDE1{A.dL.meL.meA.Me_dL.Me_dL.Ser(tBu)}$PEPTIDE1,PEPTIDE1,1:R1-7:R2$$$",-5.80700000,ok,,flexible
"PEPTIDE1{dA.F.I.Sar.T.meF.meL}$PEPTIDE1,PEPTIDE1,1:R1-7:R2$$$",-5.79400000,ok,,flexible
"PEPTIDE1{Mono6.L.Me_dL.meL.meF.L.Ser(tBu)}$PEPTIDE1,PEPTIDE1,1:R1-7:R2$$$",-5.16100000,ok,,flexible
"PEPTIDE1{dV.meL.T.P.meF.G.V}$PEPTIDE1,PEPTIDE1,1:R1-7:R2$$$",-6.51300000,ok,,flexible
"PEPTIDE1{meA.meL.T.I.meF.meV.Me_dL}$PEPTIDE1,PEPTIDE1,1:R1-7:R2$$$",-5.32600000,ok,,flexible
"PEPTIDE1{A.F.I.meA.L.meL.dL}$PEPTIDE1,PEPTIDE1,1:R1-7:R2$$$",-5.88700000,ok,,flexible
"PEPTIDE1{Me_dA.meF.L.T.meL.A.Me_dL}$PEPTIDE1,PEPTIDE1,1:R1-7:R2$$$",-5.66600000,ok,,flexible
"PEPTIDE1{meA.Sar.meF.I.L.V.T}$PEPTIDE1,PEPTIDE1,1:R1-7:R2$$$",-6.00100000,ok,,flexible
"PEPTIDE1{Me_Bal.meF.I.T.dL.L.P}$PEPTIDE1,PEPTIDE1,1:R1-7:R2$$$",-5.89700000,ok,,flexible
"PEPTIDE1{L.meF.T.meS.meA.A.dV}$PEPTIDE1,PEPTIDE1,1:R1-7:R2$$$",-6.41500000,ok,,flexible
"PEPTIDE1{meA.meF.G.meL.I.L.V}$PEPTIDE1,PEPTIDE1,1:R1-7:R2$$$",-5.70700000,ok,,flexible
"PEPTIDE1{Pr_Gly.L.I.Me_dL.cHexCH2_Gly.T.dL}$PEPTIDE1,PEPTIDE1,1:R1-7:R2$$$",-5.22000000,ok,,flexible
"PEPTIDE1{meA.meL.meF.A.Me_dL.I.T}$PEPTIDE1,PEPTIDE1,1:R1-7:R2$$$",-5.72600000,ok,,flexible
"PEPTIDE1{dP.Me_dL.T.L.I.G.meL}$PEPTIDE1,PEPTIDE1,1:R1-7:R2$$$",-5.35100000,ok,,flexible
"PEPTIDE1{dV.meS.meF.meA.T.I.L}$PEPTIDE1,PEPTIDE1,1:R1-7:R2$$$",-5.48300000,ok,,flexible
"PEPTIDE1{Me_dA.meF.Me_dL.dL.P.meL.L}$PEPTIDE1,PEPTIDE1,1:R1-7:R2$$$",-5.50500000,ok,,flexible
"PEPTIDE1{Me_Bal.L.meA.meL.dP.T.F}$PEPTIDE1,PEPTIDE1,1:R1-7:R2$$$",-5.86800000,ok,,flexible
"PEPTIDE1{meA.T.meF.F.T.Sar.meL}$PEPTIDE1,PEPTIDE1,1:R1-7:R2$$$",-6.00900000,ok,,flexible
"PEPTIDE1{meA.L.A.I.F.meL.dL}$PEPTIDE1,PEPTIDE1,1:R1-7:R2$$$",-5.96700000,ok,,flexible
"PEPTIDE1{F.T.Ala(5-Tet).meL.A.L.Sar}$PEPTIDE1,PEPTIDE1,1:R1-7:R2$$$",-5.68100000,ok,,flexible
"PEPTIDE1{meA.Me_dL.A.meF.L.meL.I}$PEPTIDE1,PEPTIDE1,1:R1-7:R2$$$",-5.62900000,ok,,flexible
"PEPTIDE1{A.Ser(tBu).P.dA.meL.meA.G}$PEPTIDE1,PEPTIDE1,1:R1-7:R2$$$",-5.91200000,ok,,flexible
"PEPTIDE1{Me_dA.meA.meL.F.I.meV.meI}$PEPTIDE1,PEPTIDE1,1:R1-7:R2$$$",-5.77700000,ok,,flexible
"PEPTIDE1{L.pentyl_Gly.A.F.meA.Me_dL.Me_Phe(3-Cl)}$PEPTIDE1,PEPTIDE1,1:R1-7:R2$$$",-5.45200000,ok,,flexible
"PEPTIDE1{Sar.T.L.meA.meL.V.Ser(tBu)}$PEPTIDE1,PEPTIDE1,1:R1-7:R2$$$",-5.23100000,ok,,flexible
"PEPTIDE1{Me_dA.meL.meV.Me_dL.dL.F.L}$PEPTIDE1,PEPTIDE1,1:R1-7:R2$$$",-5.44300000,ok,,flexible
"PEPTIDE1{L.meL.Abu.I.V.T.A}$PEPTIDE1,PEPTIDE1,1:R1-7:R2$$$",-5.17000000,ok,,flexible
"PEPTIDE1{Me_dA.meA.T.V.L.dL.A}$PEPTIDE1,PEPTIDE1,1:R1-7:R2$$$",-5.45000000,ok,,flexible
"PEPTIDE1{Me_dA.meL.meV.Me_dL.V.Ser(tBu).dL}$PEPTIDE1,PEPTIDE1,1:R1-7:R2$$$",-5.21200000,ok,,flexible
"PEPTIDE1{Mono6.L.Mono38.I.dL.meL.meF}$PEPTIDE1,PEPTIDE1,1:R1-7:R2$$$",-5.90800000,ok,,flexible
"PEPTIDE1{meL.F.Et_Gly.A.meF.dL.P}$PEPTIDE1,PEPTIDE1,1:R1-7:R2$$$",-6.02500000,ok,,flexible
"PEPTIDE1{A.T.meF.P.V.meL.T}$PEPTIDE1,PEPTIDE1,1:R1-7:R2$$$",-6.09700000,ok,,flexible
"PEPTIDE1{A.T.V.L.F.dL.Me_dL}$PEPTIDE1,PEPTIDE1,1:R1-7:R2$$$",-5.98900000,ok,,flexible
"PEPTIDE1{Mono6.T.P.A.dP.meA.T}$PEPTIDE1,PEPTIDE1,1:R1-7:R2$$$",-6.41300000,ok,,flexible
"PEPTIDE1{A.meA.meL.meF.L.meA.dL}$PEPTIDE1,PEPTIDE1,1:R1-7:R2$$$",-6.26000000,ok,,flexible
"PEPTIDE1{Me_Bal.A.Me_dL.meL.L.V.meI}$PEPTIDE1,PEPTIDE1,1:R1-7:R2$$$",-5.63500000,ok,,flexible
"PEPTIDE1{dA.meA.Me_dL.I.Sar.T.Ser(tBu)}$PEPTIDE1,PEPTIDE1,1:R1-7:R2$$$",-6.60300000,ok,,flexible
"PEPTIDE1{A.Abu.Me_dL.meL.F.L.Mono78}$PEPTIDE1,PEPTIDE1,1:R1-7:R2$$$",-6.46900000,ok,,flexible
"PEPTIDE1{dV.A.meL.F.L.T.Me_dA}$PEPTIDE1,PEPTIDE1,1:R1-7:R2$$$",-6.18900000,ok,,flexible
"PEPTIDE1{meA.A.Aoc(2).Me_dL.T.Me_dA.I}$PEPTIDE1,PEPTIDE1,1:R1-7:R2$$$",-5.28500000,ok,,flexible
"PEPTIDE1{Me_dA.meL.meL.Abu.Aoc(2).A.Me_dL}$PEPTIDE1,PEPTIDE1,1:R1-7:R2$$$",-5.86100000,ok,,flexible
"PEPTIDE1{F.Mono38.cHexCH2_Gly.Ser(tBu).dL.dV.L}$PEPTIDE1,PEPTIDE1,1:R1-7:R2$$$",-5.41700000,ok,,flexible
"PEPTIDE1{meA.pentyl_Gly.T.Me_Phe(3-Cl).A.Bn_Gly.V}$PEPTIDE1,PEPTIDE1,1:R1-7:R2$$$",-5.86600000,ok,,flexible
"PEPTIDE1{dV.dP.meL.L.Ser(tBu).T.I}$PEPTIDE1,PEPTIDE1,1:R1-7:R2$$$",-4.96800000,ok,,flexible
"PEPTIDE1{dF.I.T.A.meF.V.Me_dL}$PEPTIDE1,PEPTIDE1,1:R1-7:R2$$$",-5.59100000,ok,,flexible
"PEPTIDE1{dV.dL.meA.G.T.meL.T}$PEPTIDE1,PEPTIDE1,1:R1-7:R2$$$",-5.74900000,ok,,flexible
"PEPTIDE1{Me_Bal.meF.V.A.meA.Aoc(2).P}$PEPTIDE1,PEPTIDE1,1:R1-7:R2$$$",-6.00800000,ok,,flexible
"PEPTIDE1{meL.A.meS.dL.Me_dL.L.V}$PEPTIDE1,PEPTIDE1,1:R1-7:R2$$$",-5.59400000,ok,,flexible
"PEPTIDE1{meA.dL.dP.Me_dL.A.meF.I}$PEPTIDE1,PEPTIDE1,1:R1-7:R2$$$",-6.76000000,ok,,flexible
"PEPTIDE1{Pr_Gly.A.dP.P.dL.Ser(tBu).T}$PEPTIDE1,PEPTIDE1,1:R1-7:R2$$$",-5.73300000,ok,,flexible
"PEPTIDE1{Mono6.I.dP.P.meL.meF.L}$PEPTIDE1,PEPTIDE1,1:R1-7:R2$$$",-5.80900000,ok,,flexible
"PEPTIDE1{Me_Bal.P.T.A.meL.T.meA}$PEPTIDE1,PEPTIDE1,1:R1-7:R2$$$",-6.40100000,ok,,flexible
"PEPTIDE1{L.meL.V.Ala(5-Tet).T.Sar.dP}$PEPTIDE1,PEPTIDE1,1:R1-7:R2$$$",-5.85700000,ok,,flexible
"PEPTIDE1{Me_dA.T.dL.meA.L.Me_dL.meL}$PEPTIDE1,PEPTIDE1,1:R1-7:R2$$$",-5.54800000,ok,,flexible
"PEPTIDE1{meA.V.P.cHexCH2_Gly.A.T.T}$PEPTIDE1,PEPTIDE1,1:R1-7:R2$$$",-6.24200000,ok,,flexible
"PEPTIDE1{meA.L.T.meL.F.dL.T}$PEPTIDE1,PEPTIDE1,1:R1-7:R2$$$",-5.47700000,ok,,flexible
"PEPTIDE1{F.T.meL.Me_dA.Me_dL.dV.Ser(tBu)}$PEPTIDE1,PEPTIDE1,1:R1-7:R2$$$",-5.49100000,ok,,flexible
"PEPTIDE1{meA.pentyl_Gly.cHexCH2_Gly.Mono38.L.I.T}$PEPTIDE1,PEPTIDE1,1:R1-7:R2$$$",-5.90500000,ok,,flexible
"PEPTIDE1{dP.dA.L.V.meA.F.meL}$PEPTIDE1,PEPTIDE1,1:R1-7:R2$$$",-5.68600000,ok,,flexible
"PEPTIDE1{Me_Bal.meL.Me_dL.I.L.dL.T}$PEPTIDE1,PEPTIDE1,1:R1-7:R2$$$",-5.09400000,ok,,flexible
"PEPTIDE1{meA.meF.L.F.I.A.meV}$PEPTIDE1,PEPTIDE1,1:R1-7:R2$$$",-6.02300000,ok,,flexible
"PEPTIDE1{dV.meS.L.T.meF.A.dL}$PEPTIDE1,PEPTIDE1,1:R1-7:R2$$$",-5.83900000,ok,,flexible
"PEPTIDE1{dP.Pr_Gly.L.T.meA.dL.T}$PEPTIDE1,PEPTIDE1,1:R1-7:R2$$$",-5.43300000,ok,,flexible
"PEPTIDE1{dV.L.meF.A.Abu.Aoc(2).A}$PEPTIDE1,PEPTIDE1,1:R1-7:R2$$$",-5.80900000,ok,,flexible
"PEPTIDE1{meA.Me_dL.meL.T.F.L.V}$PEPTIDE1,PEPTIDE1,1:R1-7:R2$$$",-5.70600000,ok,,flexible
"PEPTIDE1{Me_Bal.P.T.L.meL.Ser(tBu).Aib}$PEPTIDE1,PEPTIDE1,1:R1-7:R2$$$",-5.80200000,ok,,flexible
"PEPTIDE1{Me_dA.meF.L.A.V.meA.meL}$PEPTIDE1,PEPTIDE1,1:R1-7:R2$$$",-6.67400000,ok,,flexible
"PEPTIDE1{Me_Bal.G.L.meA.Me_dL.meL.T}$PEPTIDE1,PEPTIDE1,1:R1-7:R2$$$",-5.50000000,ok,,flexible
"PEPTIDE1{meL.F.A.dA.meL.Ser(tBu).T}$PEPTIDE1,PEPTIDE1,1:R1-7:R2$$$",-5.32400000,ok,,flexible
"PEPTIDE1{Me_Bal.meF.meV.meL.L.Ser(tBu).V}$PEPTIDE1,PEPTIDE1,1:R1-7:R2$$$",-5.58700000,ok,,flexible
"PEPTIDE1{P.meL.meL.meA.A.Me_dA.meS}$PEPTIDE1,PEPTIDE1,1:R1-7:R2$$$",-6.20400000,ok,,flexible
"PEPTIDE1{Me_dA.L.meF.meS.A.meL.T}$PEPTIDE1,PEPTIDE1,1:R1-7:R2$$$",-5.85600000,ok,,flexible
"PEPTIDE1{F.L.meL.T.P.meS.Me_dL}$PEPTIDE1,PEPTIDE1,1:R1-7:R2$$$",-5.91600000,ok,,flexible
"PEPTIDE1{dV.meA.dL.Me_dL.T.A.meL}$PEPTIDE1,PEPTIDE1,1:R1-7:R2$$$",-5.66000000,ok,,flexible
"PEPTIDE1{A.Me_dL.P.T.meL.dA.V}$PEPTIDE1,PEPTIDE1,1:R1-7:R2$$$",-6.59300000,ok,,flexible
"PEPTIDE1{Me_Bal.A.P.meF.F.Me_dA.L}$PEPTIDE1,PEPTIDE1,1:R1-7:R2$$$",-6.48900000,ok,,flexible
"PEPTIDE1{Me_Bal.T.P.meA.A.meF.Abu}$PEPTIDE1,PEPTIDE1,1:R1-7:R2$$$",-6.73300000,ok,,flexible
"PEPTIDE1{Pr_Gly.meF.Me_dL.L.Me_dA.Abu.meS}$PEPTIDE1,PEPTIDE1,1:R1-7:R2$$$",-5.76300000,ok,,flexible
"PEPTIDE1{meA.Me_dA.L.P.P.I.dL}$PEPTIDE1,PEPTIDE1,1:R1-7:R2$$$",-6.27300000,ok,,flexible
"PEPTIDE1{dA.meL.T.V.F.meA.Sar}$PEPTIDE1,PEPTIDE1,1:R1-7:R2$$$",-5.82300000,ok,,flexible
"PEPTIDE1{P.dPye.A.meL.dL.L.I}$PEPTIDE1,PEPTIDE1,1:R1-7:R2$$$",-5.72400000,ok,,flexible
"PEPTIDE1{F.A.dP.dL.L.T.meF}$PEPTIDE1,PEPTIDE1,1:R1-7:R2$$$",-5.96100000,ok,,flexible
"PEPTIDE1{dV.Me_dL.A.meA.meL.meF.dP}$PEPTIDE1,PEPTIDE1,1:R1-7:R2$$$",-6.55600000,ok,,flexible
"PEPTIDE1{meA.meL.I.L.V.Ser(tBu).dL}$PEPTIDE1,PEPTIDE1,1:R1-7:R2$$$",-5.10500000,ok,,flexible
"PEPTIDE1{A.meF.L.T.Me_dL.meL.meA}$PEPTIDE1,PEPTIDE1,1:R1-7:R2$$$",-5.53500000,ok,,flexible
"PEPTIDE1{meA.P.P.Me_dA.dL.meF.A}$PEPTIDE1,PEPTIDE1,1:R1-7:R2$$$",-7.44000000,ok,,flexible
"PEPTIDE1{dP.Me_Phe(3-Cl).Pr_Gly.meA.V.L.Me_dL}$PEPTIDE1,PEPTIDE1,1:R1-7:R2$$$",-5.77600000,ok,,flexible
"PEPTIDE1{meA.dP.dA.meL.Me_dL.T.L}$PEPTIDE1,PEPTIDE1,1:R1-7:R2$$$",-5.89300000,ok,,flexible
"PEPTIDE1{Me_Bal.dL.meA.T.F.A.meF}$PEPTIDE1,PEPTIDE1,1:R1-7:R2$$$",-6.26600000,ok,,flexible
"PEPTIDE1{Sar.Me_dL.V.Me_dA.meF.T.P}$PEPTIDE1,PEPTIDE1,1:R1-7:R2$$$",-6.16000000,ok,,flexible
"PEPTIDE1{F.Mono38.dL.I.meA.meF.dV}$PEPTIDE1,PEPTIDE1,1:R1-7:R2$$$",-5.50600000,ok,,flexible
"PEPTIDE1{Me_dA.meL.T.meA.L.A.F}$PEPTIDE1,PEPTIDE1,1:R1-7:R2$$$",-6.11000000,ok,,flexible
"PEPTIDE1{dP.L.A.meA.meV.V.dA}$PEPTIDE1,PEPTIDE1,1:R1-7:R2$$$",-6.58100000,ok,,flexible
"PEPTIDE1{A.Me_dL.meF.Abu.meA.meL.meS}$PEPTIDE1,PEPTIDE1,1:R1-7:R2$$$",-5.75700000,ok,,flexible
"PEPTIDE1{L.Abu.A.meL.V.T.dL}$PEPTIDE1,PEPTIDE1,1:R1-7:R2$$$",-5.52400000,ok,,flexible
"PEPTIDE1{Me_dA.meL.T.F.V.Ser(tBu).meF}$PEPTIDE1,PEPTIDE1,1:R1-7:R2$$$",-5.84100000,ok,,flexible
"PEPTIDE1{Pr_Gly.P.pentyl_Gly.dL.meL.Ser(tBu).meL}$PEPTIDE1,PEPTIDE1,1:R1-7:R2$$$",-5.04600000,ok,,flexible
"PEPTIDE1{Me_dA.dL.Ser(tBu).G.meA.Me_dL.A}$PEPTIDE1,PEPTIDE1,1:R1-7:R2$$$",-5.95800000,ok,,flexible
"PEPTIDE1{L.T.cHexCH2_Gly.F.Me_dL.V.meL}$PEPTIDE1,PEPTIDE1,1:R1-7:R2$$$",-5.17900000,ok,,flexible
"PEPTIDE1{meL.Sar.A.L.V.meL.T}$PEPTIDE1,PEPTIDE1,1:R1-7:R2$$$",-5.52600000,ok,,flexible
"PEPTIDE1{A.P.L.meL.T.dL.F}$PEPTIDE1,PEPTIDE1,1:R1-7:R2$$$",-5.89900000,ok,,flexible
"PEPTIDE1{dA.P.F.Me_dL.L.V.meA}$PEPTIDE1,PEPTIDE1,1:R1-7:R2$$$",-6.10800000,ok,,flexible
"PEPTIDE1{meA.F.Me_dL.P.meL.meF.V}$PEPTIDE1,PEPTIDE1,1:R1-7:R2$$$",-5.83500000,ok,,flexible
"PEPTIDE1{meA.L.Me_dL.L.V.meL.T}$PEPTIDE1,PEPTIDE1,1:R1-7:R2$$$",-5.59000000,ok,,flexible
"PEPTIDE1{meA.dPye.L.Me_Phe(3-Cl).meL.Me_dL.P}$PEPTIDE1,PEPTIDE1,1:R1-7:R2$$$",-6.11700000,ok,,flexible
"PEPTIDE1{Me_dA.Sar.meA.L.Me_dL.meF.Ser(tBu)}$PEPTIDE1,PEPTIDE1,1:R1-7:R2$$$",-6.14400000,ok,,flexible
"PEPTIDE1{meA.T.Me_dL.meS.meF.Abu.Me_dL}$PEPTIDE1,PEPTIDE1,1:R1-7:R2$$$",-5.69300000,ok,,flexible
"PEPTIDE1{dA.T.G.F.V.L.Me_dL}$PEPTIDE1,PEPTIDE1,1:R1-7:R2$$$",-6.32500000,ok,,flexible
"PEPTIDE1{dV.P.meL.L.meA.I.V}$PEPTIDE1,PEPTIDE1,1:R1-7:R2$$$",-5.57800000,ok,,flexible
"PEPTIDE1{Me_dA.Me_dL.meL.meF.F.meA.T}$PEPTIDE1,PEPTIDE1,1:R1-7:R2$$$",-6.34500000,ok,,flexible
"PEPTIDE1{L.meA.meL.pentyl_Gly.cHexCH2_Gly.A.dL}$PEPTIDE1,PEPTIDE1,1:R1-7:R2$$$",-5.40200000,ok,,flexible
"PEPTIDE1{L.A.meS.Aoc(2).dA.Ala(5-Tet).meL}$PEPTIDE1,PEPTIDE1,1:R1-7:R2$$$",-5.23600000,ok,,flexible
"PEPTIDE1{Me_Bal.Pr_Gly.meL.V.meL.P.F}$PEPTIDE1,PEPTIDE1,1:R1-7:R2$$$",-5.31900000,ok,,flexible
"PEPTIDE1{dV.Me_dL.T.L.A.meA.I}$PEPTIDE1,PEPTIDE1,1:R1-7:R2$$$",-5.34000000,ok,,flexible
"PEPTIDE1{A.meA.meL.V.Me_dL.L.meL}$PEPTIDE1,PEPTIDE1,1:R1-7:R2$$$",-5.32700000,ok,,flexible
"PEPTIDE1{Me_dA.G.meF.Me_dL.L.dP.meA}$PEPTIDE1,PEPTIDE1,1:R1-7:R2$$$",-6.25600000,ok,,flexible
"PEPTIDE1{F.meF.A.Ala(5-Tet).T.L.Aoc(2)}$PEPTIDE1,PEPTIDE1,1:R1-7:R2$$$",-6.19500000,ok,,flexible
"PEPTIDE1{F.P.meF.meA.A.L.L}$PEPTIDE1,PEPTIDE1,1:R1-7:R2$$$",-5.90400000,ok,,flexible
"PEPTIDE1{Me_dA.A.L.P.T.V.meL}$PEPTIDE1,PEPTIDE1,1:R1-7:R2$$$",-6.22400000,ok,,flexible
"PEPTIDE1{meL.A.Me_dL.T.dL.I.P}$PEPTIDE1,PEPTIDE1,1:R1-7:R2$$$",-5.51500000,ok,,flexible
"PEPTIDE1{Me_dA.meA.dL.I.Ser(tBu).A.T}$PEPTIDE1,PEPTIDE1,1:R1-7:R2$$$",-5.95600000,ok,,flexible
"PEPTIDE1{F.Me_dL.meF.meL.V.A.I}$PEPTIDE1,PEPTIDE1,1:R1-7:R2$$$",-6.24800000,ok,,flexible
"PEPTIDE1{A.Aoc(2).P.T.dL.meF.L}$PEPTIDE1,PEPTIDE1,1:R1-7:R2$$$",-5.67800000,ok,,flexible
"PEPTIDE1{dA.dL.meA.F.A.meL.meF}$PEPTIDE1,PEPTIDE1,1:R1-7:R2$$$",-6.56000000,ok,,flexible
"PEPTIDE1{meA.Me_dL.I.L.Bn_Gly.Ser(tBu).dP}$PEPTIDE1,PEPTIDE1,1:R1-7:R2$$$",-5.38600000,ok,,flexible
"PEPTIDE1{A.P.F.meL.dL.meL.meA}$PEPTIDE1,PEPTIDE1,1:R1-7:R2$$$",-5.94100000,ok,,flexible
"PEPTIDE1{meL.meS.meA.V.F.meF.A}$PEPTIDE1,PEPTIDE1,1:R1-7:R2$$$",-6.37100000,ok,,flexible
"PEPTIDE1{dP.meA.meF.meL.L.dL.meL}$PEPTIDE1,PEPTIDE1,1:R1-7:R2$$$",-5.73200000,ok,,flexible
"PEPTIDE1{L.F.T.A.Ala(5-Tet).I.G}$PEPTIDE1,PEPTIDE1,1:R1-7:R2$$$",-6.19100000,ok,,flexible
"PEPTIDE1{P.F.Me_dA.Me_Phe(3-Cl).I.A.Me_dL}$PEPTIDE1,PEPTIDE1,1:R1-7:R2$$$",-6.22700000,ok,,flexible
"PEPTIDE1{meA.dL.G.T.I.meF.Me_Phe(3-Cl)}$PEPTIDE1,PEPTIDE1,1:R1-7:R2$$$",-5.82200000,ok,,flexible
"PEPTIDE1{Me_Bal.F.Me_dL.dL.A.meL.meA}$PEPTIDE1,PEPTIDE1,1:R1-7:R2$$$",-5.69400000,ok,,flexible
"PEPTIDE1{Me_dA.meA.T.Me_dL.L.dL.L}$PEPTIDE1,PEPTIDE1,1:R1-7:R2$$$",-5.28900000,ok,,flexible
"PEPTIDE1{F.meL.I.meL.dL.T.L}$PEPTIDE1,PEPTIDE1,1:R1-7:R2$$$",-5.82400000,ok,,flexible
"PEPTIDE1{Sar.F.dP.T.meA.A.dL}$PEPTIDE1,PEPTIDE1,1:R1-7:R2$$$",-6.49300000,ok,,flexible
"PEPTIDE1{meL.A.Sar.L.meS.T.meF}$PEPTIDE1,PEPTIDE1,1:R1-7:R2$$$",-5.89900000,ok,,flexible
"PEPTIDE1{meL.T.meF.Mono78.meL.dL.Ser(tBu)}$PEPTIDE1,PEPTIDE1,1:R1-7:R2$$$",-5.73500000,ok,,flexible
"PEPTIDE1{Mono6.meL.L.I.dL.A.Ser(tBu)}$PEPTIDE1,PEPTIDE1,1:R1-7:R2$$$",-5.22300000,ok,,flexible
"PEPTIDE1{dA.A.T.Me_dL.meS.meF.meL}$PEPTIDE1,PEPTIDE1,1:R1-7:R2$$$",-5.82100000,ok,,flexible
"PEPTIDE1{Me_dA.meF.meA.V.Me_dL.meA.T}$PEPTIDE1,PEPTIDE1,1:R1-7:R2$$$",-7.05300000,ok,,flexible
"PEPTIDE1{dA.meL.A.Pr_Gly.dL.F.Me_dA}$PEPTIDE1,PEPTIDE1,1:R1-7:R2$$$",-5.96800000,ok,,flexible
"PEPTIDE1{A.L.T.Sar.meV.F.Ser(tBu)}$PEPTIDE1,PEPTIDE1,1:R1-7:R2$$$",-6.19800000,ok,,flexible
"PEPTIDE1{Me_dA.Abu.Sar.meL.L.Me_dL.meA}$PEPTIDE1,PEPTIDE1,1:R1-7:R2$$$",-5.52200000,ok,,flexible
"PEPTIDE1{dV.F.dL.meL.T.A.meA}$PEPTIDE1,PEPTIDE1,1:R1-7:R2$$$",-5.78300000,ok,,flexible
"PEPTIDE1{meA.L.P.Ser(tBu).I.Me_dL.Aib}$PEPTIDE1,PEPTIDE1,1:R1-7:R2$$$",-6.21900000,ok,,flexible
"PEPTIDE1{dA.V.T.I.L.dL.meF}$PEPTIDE1,PEPTIDE1,1:R1-7:R2$$$",-5.68200000,ok,,flexible
"PEPTIDE1{meL.meS.meF.V.A.L.dL}$PEPTIDE1,PEPTIDE1,1:R1-7:R2$$$",-5.54500000,ok,,flexible
"PEPTIDE1{dP.F.meF.Ser(tBu).meA.V.dL}$PEPTIDE1,PEPTIDE1,1:R1-7:R2$$$",-6.01700000,ok,,flexible
"PEPTIDE1{F.I.cHexCH2_Gly.Mono84.L.T.dL}$PEPTIDE1,PEPTIDE1,1:R1-7:R2$$$",-6.04400000,ok,,flexible
"PEPTIDE1{Sar.meF.meL.meA.L.Ser(tBu).dP}$PEPTIDE1,PEPTIDE1,1:R1-7:R2$$$",-6.26700000,ok,,flexible
"PEPTIDE1{meA.Pr_Gly.Me_dA.F.Me_dL.meL.meS}$PEPTIDE1,PEPTIDE1,1:R1-7:R2$$$",-5.13200000,ok,,flexible
"PEPTIDE1{meL.meS.Me_dL.T.Me_dA.P.Abu}$PEPTIDE1,PEPTIDE1,1:R1-7:R2$$$",-5.68700000,ok,,flexible
"PEPTIDE1{dV.meS.A.T.I.F.meF}$PEPTIDE1,PEPTIDE1,1:R1-7:R2$$$",-5.52100000,ok,,flexible
"PEPTIDE1{L.meA.meF.Ala(5-Tet).meL.Aoc(2).A}$PEPTIDE1,PEPTIDE1,1:R1-7:R2$$$",-6.04300000,ok,,flexible
"PEPTIDE1{meA.P.meL.T.meL.Me_dL.T}$PEPTIDE1,PEPTIDE1,1:R1-7:R2$$$",-6.07300000,ok,,flexible
"PEPTIDE1{F.pentyl_Gly.dL.meL.L.meF.Ser(tBu)}$PEPTIDE1,PEPTIDE1,1:R1-7:R2$$$",-4.94700000,ok,,flexible
"PEPTIDE1{Pr_Gly.T.A.dL.P.meL.I}$PEPTIDE1,PEPTIDE1,1:R1-7:R2$$$",-5.40500000,ok,,flexible
"PEPTIDE1{Mono6.meL.cHexCH2_Gly.dL.meF.L.Ser(tBu)}$PEPTIDE1,PEPTIDE1,1:R1-7:R2$$$",-5.83200000,ok,,flexible
"PEPTIDE1{F.A.pentyl_Gly.Bn_Gly.dL.meF.G}$PEPTIDE1,PEPTIDE1,1:R1-7:R2$$$",-5.58100000,ok,,flexible
"PEPTIDE1{Me_dA.dA.dL.meA.V.G.meL}$PEPTIDE1,PEPTIDE1,1:R1-7:R2$$$",-6.00100000,ok,,flexible
"PEPTIDE1{dV.Me_dA.T.A.L.meA.meL}$PEPTIDE1,PEPTIDE1,1:R1-7:R2$$$",-5.83100000,ok,,flexible
"PEPTIDE1{meA.dL.Me_dA.A.L.meL.Me_dL}$PEPTIDE1,PEPTIDE1,1:R1-7:R2$$$",-5.52700000,ok,,flexible
"PEPTIDE1{L.V.T.L.Ser(tBu).G.F}$PEPTIDE1,PEPTIDE1,1:R1-7:R2$$$",-5.28600000,ok,,flexible
"PEPTIDE1{meA.pentyl_Gly.T.P.L.T.P}$PEPTIDE1,PEPTIDE1,1:R1-7:R2$$$",-5.62500000,ok,,flexible
"PEPTIDE1{meA.T.P.L.Abu.Me_dA.A}$PEPTIDE1,PEPTIDE1,1:R1-7:R2$$$",-6.68800000,ok,,flexible
"PEPTIDE1{dV.meS.meF.L.F.I.T}$PEPTIDE1,PEPTIDE1,1:R1-7:R2$$$",-6.43800000,ok,,flexible
"PEPTIDE1{dA.meL.F.meF.Ser(tBu).meA.dL}$PEPTIDE1,PEPTIDE1,1:R1-7:R2$$$",-6.42700000,ok,,flexible
"PEPTIDE1{dF.I.L.A.meL.Me_dL.dL}$PEPTIDE1,PEPTIDE1,1:R1-7:R2$$$",-5.38300000,ok,,flexible
"PEPTIDE1{meA.meS.T.I.L.A.F}$PEPTIDE1,PEPTIDE1,1:R1-7:R2$$$",-6.41700000,ok,,flexible
"PEPTIDE1{Mono6.T.cHexCH2_Gly.Ser(tBu).meL.Me_dL.V}$PEPTIDE1,PEPTIDE1,1:R1-7:R2$$$",-5.41000000,ok,,flexible
"PEPTIDE1{dA.meL.meA.Pr_Gly.L.dL.meL}$PEPTIDE1,PEPTIDE1,1:R1-7:R2$$$",-5.38400000,ok,,flexible
"PEPTIDE1{dA.Me_dAbu.V.L.Me_dL.meA.F}$PEPTIDE1,PEPTIDE1,1:R1-7:R2$$$",-6.04200000,ok,,flexible
"PEPTIDE1{F.pentyl_Gly.T.meL.A.Ser(tBu).meF}$PEPTIDE1,PEPTIDE1,1:R1-7:R2$$$",-5.64800000,ok,,flexible
"PEPTIDE1{Pr_Gly.L.A.meF.Ser(tBu).Ala(5-Tet).L}$PEPTIDE1,PEPTIDE1,1:R1-7:R2$$$",-5.15600000,ok,,flexible
"PEPTIDE1{Me_Bal.Sar.G.A.meL.Me_dL.V}$PEPTIDE1,PEPTIDE1,1:R1-7:R2$$$",-5.72100000,ok,,flexible
"PEPTIDE1{dV.meF.meL.Ala(5-Tet).meA.T.Sar}$PEPTIDE1,PEPTIDE1,1:R1-7:R2$$$",-6.17300000,ok,,flexible
"PEPTIDE1{Mono6.A.P.meL.F.Me_dL.G}$PEPTIDE1,PEPTIDE1,1:R1-7:R2$$$",-6.39500000,ok,,flexible
"PEPTIDE1{dV.meL.A.I.L.L.T}$PEPTIDE1,PEPTIDE1,1:R1-7:R2$$$",-4.97900000,ok,,flexible
"PEPTIDE1{meA.meL.Me_dL.meF.Sar.T.A}$PEPTIDE1,PEPTIDE1,1:R1-7:R2$$$",-5.98800000,ok,,flexible
"PEPTIDE1{dA.L.Me_dL.V.T.meL.meV}$PEPTIDE1,PEPTIDE1,1:R1-7:R2$$$",-5.22700000,ok,,flexible
"PEPTIDE1{L.A.meA.T.F.V.L}$PEPTIDE1,PEPTIDE1,1:R1-7:R2$$$",-6.24200000,ok,,flexible
"PEPTIDE1{meA.Me_dL.A.Ala(5-Tet).meL.meS.T}$PEPTIDE1,PEPTIDE1,1:R1-7:R2$$$",-5.89200000,ok,,flexible
"PEPTIDE1{Me_Bal.T.L.Ser(tBu).A.Me_dL.Ala(5-Tet)}$PEPTIDE1,PEPTIDE1,1:R1-7:R2$$$",-6.29500000,ok,,flexible
"PEPTIDE1{meL.meF.Ala(5-Tet).L.Abu.I.dL}$PEPTIDE1,PEPTIDE1,1:R1-7:R2$$$",-5.20700000,ok,,flexible
"PEPTIDE1{P.cHexCH2_Gly.L.F.A.L.dL}$PEPTIDE1,PEPTIDE1,1:R1-7:R2$$$",-5.86900000,ok,,flexible
"PEPTIDE1{meA.I.L.meL.P.T.T}$PEPTIDE1,PEPTIDE1,1:R1-7:R2$$$",-5.96800000,ok,,flexible
"PEPTIDE1{Me_dA.meL.A.Me_dL.T.meF.F}$PEPTIDE1,PEPTIDE1,1:R1-7:R2$$$",-6.62100000,ok,,flexible
"PEPTIDE1{meL.T.meF.meA.F.V.Me_dL}$PEPTIDE1,PEPTIDE1,1:R1-7:R2$$$",-6.40700000,ok,,flexible
"PEPTIDE1{meA.L.I.Abu.dL.Aoc(2).Ala(5-Tet)}$PEPTIDE1,PEPTIDE1,1:R1-7:R2$$$",-4.68400000,ok,,flexible
"PEPTIDE1{dA.T.meA.meL.L.dL.L}$PEPTIDE1,PEPTIDE1,1:R1-7:R2$$$",-6.08700000,ok,,flexible
"PEPTIDE1{Me_dA.meL.meL.L.Me_dL.meF.meA}$PEPTIDE1,PEPTIDE1,1:R1-7:R2$$$",-5.68000000,ok,,flexible
"PEPTIDE1{Me_dA.meA.F.Sar.P.F.meL}$PEPTIDE1,PEPTIDE1,1:R1-7:R2$$$",-6.98900000,ok,,flexible
"PEPTIDE1{Me_dA.cHexCH2_Gly.I.Mono38.Ser(tBu).dL.P}$PEPTIDE1,PEPTIDE1,1:R1-7:R2$$$",-6.09400000,ok,,flexible
"PEPTIDE1{dV.L.pentyl_Gly.T.T.A.L}$PEPTIDE1,PEPTIDE1,1:R1-7:R2$$$",-4.99200000,ok,,flexible
"PEPTIDE1{meA.Me_dL.I.T.G.Ser(tBu).V}$PEPTIDE1,PEPTIDE1,1:R1-7:R2$$$",-5.91500000,ok,,flexible
"PEPTIDE1{F.cHexCH2_Gly.I.L.dP.T.dV}$PEPTIDE1,PEPTIDE1,1:R1-7:R2$$$",-5.96700000,ok,,flexible
"PEPTIDE1{L.V.meA.meV.T.meL.F}$PEPTIDE1,PEPTIDE1,1:R1-7:R2$$$",-6.09100000,ok,,flexible
"PEPTIDE1{dV.meF.Abu.meL.A.F.dL}$PEPTIDE1,PEPTIDE1,1:R1-7:R2$$$",-6.09300000,ok,,flexible
"PEPTIDE1{Me_dA.Pr_Gly.meL.F.meA.dL.V}$PEPTIDE1,PEPTIDE1,1:R1-7:R2$$$",-5.95800000,ok,,flexible
"PEPTIDE1{meL.L.Abu.meF.F.Sar.F}$PEPTIDE1,PEPTIDE1,1:R1-7:R2$$$",-5.63400000,ok,,flexible
"PEPTIDE1{meA.I.T.meS.Aoc(2).Abu.L}$PEPTIDE1,PEPTIDE1,1:R1-7:R2$$$",-5.56400000,ok,,flexible
"PEPTIDE1{dF.L.T.dP.meF.Me_dL.T}$PEPTIDE1,PEPTIDE1,1:R1-7:R2$$$",-5.94000000,ok,,flexible
"PEPTIDE1{dA.meA.meF.T.dL.L.F}$PEPTIDE1,PEPTIDE1,1:R1-7:R2$$$",-6.14700000,ok,,flexible
"PEPTIDE1{A.T.pentyl_Gly.meA.Me_dL.V.Me_dL}$PEPTIDE1,PEPTIDE1,1:R1-7:R2$$$",-5.03500000,ok,,flexible
"PEPTIDE1{dA.meA.Me_dL.Ser(tBu).A.V.L}$PEPTIDE1,PEPTIDE1,1:R1-7:R2$$$",-6.76600000,ok,,flexible
"PEPTIDE1{Me_dA.meL.meA.dL.meF.dP.meS}$PEPTIDE1,PEPTIDE1,1:R1-7:R2$$$",-5.94600000,ok,,flexible
"PEPTIDE1{A.V.L.T.Bn_Gly.F.meL}$PEPTIDE1,PEPTIDE1,1:R1-7:R2$$$",-5.35100000,ok,,flexible
"PEPTIDE1{meL.meA.Aoc(2).L.Me_dL.dA.meF}$PEPTIDE1,PEPTIDE1,1:R1-7:R2$$$",-4.95300000,ok,,flexible
"PEPTIDE1{Pr_Gly.cHexCH2_Gly.meL.I.G.A.Ser(tBu)}$PEPTIDE1,PEPTIDE1,1:R1-7:R2$$$",-5.31400000,ok,,flexible
"PEPTIDE1{L.meA.Abu.meS.meF.T.Bn_Gly}$PEPTIDE1,PEPTIDE1,1:R1-7:R2$$$",-6.11300000,ok,,flexible
"PEPTIDE1{meL.cHexCH2_Gly.I.dL.A.P.meF}$PEPTIDE1,PEPTIDE1,1:R1-7:R2$$$",-5.75600000,ok,,flexible
"PEPTIDE1{Me_Bal.I.P.dL.A.Me_dL.meF}$PEPTIDE1,PEPTIDE1,1:R1-7:R2$$$",-5.25300000,ok,,flexible
"PEPTIDE1{dF.meA.meF.meS.T.Aoc(2).meL}$PEPTIDE1,PEPTIDE1,1:R1-7:R2$$$",-6.09400000,ok,,flexible
"PEPTIDE1{Me_Bal.dA.A.Pr_Gly.F.Me_dA.P}$PEPTIDE1,PEPTIDE1,1:R1-7:R2$$$",-6.23500000,ok,,flexible
"PEPTIDE1{Pr_Gly.dL.A.T.Ser(tBu).meL.V}$PEPTIDE1,PEPTIDE1,1:R1-7:R2$$$",-5.41300000,ok,,flexible
"PEPTIDE1{A.Me_dA.meF.V.Me_dL.meL.meL}$PEPTIDE1,PEPTIDE1,1:R1-7:R2$$$",-5.17600000,ok,,flexible
"PEPTIDE1{Me_dA.Me_dL.meL.A.meF.T.meL}$PEPTIDE1,PEPTIDE1,1:R1-7:R2$$$",-6.65600000,ok,,flexible
"PEPTIDE1{meA.dP.T.L.P.Me_dL.L}$PEPTIDE1,PEPTIDE1,1:R1-7:R2$$$",-6.36700000,ok,,flexible
"PEPTIDE1{dV.meF.F.meA.meV.L.Me_dL}$PEPTIDE1,PEPTIDE1,1:R1-7:R2$$$",-5.78800000,ok,,flexible
"PEPTIDE1{meL.L.T.meA.meS.Abu.dL}$PEPTIDE1,PEPTIDE1,1:R1-7:R2$$$",-5.29600000,ok,,flexible
"PEPTIDE1{Me_Bal.dP.A.meV.T.meI.T}$PEPTIDE1,PEPTIDE1,1:R1-7:R2$$$",-6.25300000,ok,,flexible
"PEPTIDE1{meA.meL.L.Me_dL.meA.P.Me_dL}$PEPTIDE1,PEPTIDE1,1:R1-7:R2$$$",-5.42800000,ok,,flexible
"PEPTIDE1{dA.Aoc(2).meA.meF.dL.meL.I}$PEPTIDE1,PEPTIDE1,1:R1-7:R2$$$",-5.53300000,ok,,flexible
"PEPTIDE1{Me_dA.dP.Me_dL.V.meL.F.meL}$PEPTIDE1,PEPTIDE1,1:R1-7:R2$$$",-5.60800000,ok,,flexible
"PEPTIDE1{F.T.pentyl_Gly.A.dL.meF.L}$PEPTIDE1,PEPTIDE1,1:R1-7:R2$$$",-5.72200000,ok,,flexible
"PEPTIDE1{meA.F.A.Ser(tBu).meL.L.T}$PEPTIDE1,PEPTIDE1,1:R1-7:R2$$$",-5.74400000,ok,,flexible
"PEPTIDE1{P.Me_dL.Pr_Gly.meA.F.dL.meA}$PEPTIDE1,PEPTIDE1,1:R1-7:R2$$$",-5.37700000,ok,,flexible
"PEPTIDE1{dV.T.meL.meL.meA.A.meV}$PEPTIDE1,PEPTIDE1,1:R1-7:R2$$$",-5.66200000,ok,,flexible
"PEPTIDE1{Mono6.T.meF.Aoc(2).meL.A.Ala(5-Tet)}$PEPTIDE1,PEPTIDE1,1:R1-7:R2$$$",-6.39900000,ok,,flexible
"PEPTIDE1{Me_Bal.A.T.meL.meA.P.V}$PEPTIDE1,PEPTIDE1,1:R1-7:R2$$$",-6.09200000,ok,,flexible
"PEPTIDE1{P.A.meF.F.I.G.meL}$PEPTIDE1,PEPTIDE1,1:R1-7:R2$$$",-6.70700000,ok,,flexible
"PEPTIDE1{Me_Bal.A.Me_dL.I.meF.F.T}$PEPTIDE1,PEPTIDE1,1:R1-7:R2$$$",-6.96100000,ok,,flexible
"PEPTIDE1{A.meL.Me_dL.I.P.T.meV}$PEPTIDE1,PEPTIDE1,1:R1-7:R2$$$",-5.76000000,ok,,flexible
"PEPTIDE1{F.Ser(tBu).L.meL.I.T.meA}$PEPTIDE1,PEPTIDE1,1:R1-7:R2$$$",-4.78000000,ok,,flexible
"PEPTIDE1{A.Pr_Gly.L.V.Me_dL.dL.T}$PEPTIDE1,PEPTIDE1,1:R1-7:R2$$$",-5.43500000,ok,,flexible
"PEPTIDE1{dP.meA.meL.L.A.P.V}$PEPTIDE1,PEPTIDE1,1:R1-7:R2$$$",-7.07900000,ok,,flexible
"PEPTIDE1{meA.T.dP.F.meL.Ser(tBu).P}$PEPTIDE1,PEPTIDE1,1:R1-7:R2$$$",-6.73700000,ok,,flexible
"PEPTIDE1{dV.meF.meA.dL.I.L.meL}$PEPTIDE1,PEPTIDE1,1:R1-7:R2$$$",-5.73900000,ok,,flexible
"PEPTIDE1{F.I.I.Ser(tBu).meA.L.V}$PEPTIDE1,PEPTIDE1,1:R1-7:R2$$$",-5.16600000,ok,,flexible
"PEPTIDE1{A.P.meL.meA.Me_dA.meF.dL}$PEPTIDE1,PEPTIDE1,1:R1-7:R2$$$",-6.96500000,ok,,flexible
"PEPTIDE1{dA.cHexCH2_Gly.A.L.L.meA.meL}$PEPTIDE1,PEPTIDE1,1:R1-7:R2$$$",-6.02000000,ok,,flexible
"PEPTIDE1{dA.A.meA.T.meL.meF.Abu}$PEPTIDE1,PEPTIDE1,1:R1-7:R2$$$",-6.69400000,ok,,flexible
"PEPTIDE1{Me_Bal.meL.A.dL.L.F.Ser(tBu)}$PEPTIDE1,PEPTIDE1,1:R1-7:R2$$$",-5.74900000,ok,,flexible
"PEPTIDE1{L.Me_dA.meA.Abu.meL.meL.Me_dL}$PEPTIDE1,PEPTIDE1,1:R1-7:R2$$$",-5.18200000,ok,,flexible
"PEPTIDE1{L.A.F.pentyl_Gly.G.meL.Ser(tBu)}$PEPTIDE1,PEPTIDE1,1:R1-7:R2$$$",-5.26600000,ok,,flexible
"PEPTIDE1{F.L.T.dL.I.V.meA}$PEPTIDE1,PEPTIDE1,1:R1-7:R2$$$",-5.14500000,ok,,flexible
"PEPTIDE1{dV.meA.L.T.meL.A.meL}$PEPTIDE1,PEPTIDE1,1:R1-7:R2$$$",-6.20900000,ok,,flexible
"PEPTIDE1{meA.T.Me_dL.dL.meL.V.L}$PEPTIDE1,PEPTIDE1,1:R1-7:R2$$$",-5.68100000,ok,,flexible
"PEPTIDE1{Mono6.cHexCH2_Gly.G.meL.F.meA.Bn_Gly}$PEPTIDE1,PEPTIDE1,1:R1-7:R2$$$",-6.45800000,ok,,flexible
"PEPTIDE1{Mono6.meL.meL.dL.L.T.meA}$PEPTIDE1,PEPTIDE1,1:R1-7:R2$$$",-6.19300000,ok,,flexible
"PEPTIDE1{meA.dP.L.F.meF.I.T}$PEPTIDE1,PEPTIDE1,1:R1-7:R2$$$",-5.99500000,ok,,flexible
"PEPTIDE1{F.L.meF.I.A.meL.L}$PEPTIDE1,PEPTIDE1,1:R1-7:R2$$$",-5.78300000,ok,,flexible
"PEPTIDE1{dA.A.Me_dL.F.meS.meA.I}$PEPTIDE1,PEPTIDE1,1:R1-7:R2$$$",-5.82300000,ok,,flexible
"PEPTIDE1{Me_dA.F.dP.L.P.T.T}$PEPTIDE1,PEPTIDE1,1:R1-7:R2$$$",-6.54200000,ok,,flexible
"PEPTIDE1{F.I.meF.L.A.dL.Sar}$PEPTIDE1,PEPTIDE1,1:R1-7:R2$$$",-6.11500000,ok,,flexible
"PEPTIDE1{meA.Me_dA.meF.meL.L.T.Me_dL}$PEPTIDE1,PEPTIDE1,1:R1-7:R2$$$",-5.79000000,ok,,flexible
"PEPTIDE1{Pr_Gly.A.meL.L.L.F.Me_dL}$PEPTIDE1,PEPTIDE1,1:R1-7:R2$$$",-4.83200000,ok,,flexible
"PEPTIDE1{A.meA.meL.Me_dL.meF.V.Phe(4-CF3)}$PEPTIDE1,PEPTIDE1,1:R1-7:R2$$$",-6.63800000,ok,,flexible
"PEPTIDE1{meA.L.A.T.meI.Ser(tBu).Me_dL}$PEPTIDE1,PEPTIDE1,1:R1-7:R2$$$",-5.56500000,ok,,flexible
"PEPTIDE1{meA.G.F.meV.Me_dL.meF.L}$PEPTIDE1,PEPTIDE1,1:R1-7:R2$$$",-6.00100000,ok,,flexible
"PEPTIDE1{meA.meS.meF.Ala(5-Tet).A.dA.meL}$PEPTIDE1,PEPTIDE1,1:R1-7:R2$$$",-7.24900000,ok,,flexible
"PEPTIDE1{dA.F.P.dP.I.meA.meI}$PEPTIDE1,PEPTIDE1,1:R1-7:R2$$$",-6.36300000,ok,,flexible
"PEPTIDE1{Mono6.T.Abu.A.Me_dL.Abu.Me_dA}$PEPTIDE1,PEPTIDE1,1:R1-7:R2$$$",-5.60400000,ok,,flexible
"PEPTIDE1{dA.Me_dA.Me_dL.L.meA.V.meF}$PEPTIDE1,PEPTIDE1,1:R1-7:R2$$$",-6.29600000,ok,,flexible
"PEPTIDE1{dA.cHexCH2_Gly.A.Ser(tBu).meL.I.F}$PEPTIDE1,PEPTIDE1,1:R1-7:R2$$$",-5.44600000,ok,,flexible
"PEPTIDE1{dA.dF.P.meL.L.Ser(tBu).meA}$PEPTIDE1,PEPTIDE1,1:R1-7:R2$$$",-5.83500000,ok,,flexible
"PEPTIDE1{A.meL.T.Abu.meF.Aoc(2).dL}$PEPTIDE1,PEPTIDE1,1:R1-7:R2$$$",-5.04500000,ok,,flexible
"PEPTIDE1{Me_Bal.meA.L.meL.I.T.T}$PEPTIDE1,PEPTIDE1,1:R1-7:R2$$$",-5.51200000,ok,,flexible
"PEPTIDE1{meL.L.meA.A.T.T.P}$PEPTIDE1,PEPTIDE1,1:R1-7:R2$$$",-5.26100000,ok,,flexible
"PEPTIDE1{meA.Abu.T.meL.F.L.dP}$PEPTIDE1,PEPTIDE1,1:R1-7:R2$$$",-6.35300000,ok,,flexible
"PEPTIDE1{Me_Bal.L.Ser(tBu).meF.A.L.meL}$PEPTIDE1,PEPTIDE1,1:R1-7:R2$$$",-5.15700000,ok,,flexible
"PEPTIDE1{meL.Abu.T.Aoc(2).I.meS.Ser(tBu)}$PEPTIDE1,PEPTIDE1,1:R1-7:R2$$$",-5.37400000,ok,,flexible
"PEPTIDE1{A.Aib.F.dA.G.L.meF}$PEPTIDE1,PEPTIDE1,1:R1-7:R2$$$",-6.90800000,ok,,flexible
"PEPTIDE1{Me_Bal.Ser(tBu).T.meA.meF.L.I}$PEPTIDE1,PEPTIDE1,1:R1-7:R2$$$",-5.80900000,ok,,flexible
"PEPTIDE1{meA.F.meL.Ser(tBu).A.T.dL}$PEPTIDE1,PEPTIDE1,1:R1-7:R2$$$",-5.78900000,ok,,flexible
"PEPTIDE1{dA.F.Me_dL.T.I.F.L}$PEPTIDE1,PEPTIDE1,1:R1-7:R2$$$",-5.46000000,ok,,flexible
"PEPTIDE1{dV.T.meA.Me_dL.meL.T.dL}$PEPTIDE1,PEPTIDE1,1:R1-7:R2$$$",-5.50300000,ok,,flexible
"PEPTIDE1{Me_dA.meL.A.Me_dL.V.dP.meL}$PEPTIDE1,PEPTIDE1,1:R1-7:R2$$$",-5.81100000,ok,,flexible
"PEPTIDE1{meA.meL.F.A.Me_dL.meV.L}$PEPTIDE1,PEPTIDE1,1:R1-7:R2$$$",-5.81300000,ok,,flexible
"PEPTIDE1{dA.F.G.meF.I.meA.meL}$PEPTIDE1,PEPTIDE1,1:R1-7:R2$$$",-6.18800000,ok,,flexible
"PEPTIDE1{Pr_Gly.cHexCH2_Gly.dL.Ser(tBu).T.P.L}$PEPTIDE1,PEPTIDE1,1:R1-7:R2$$$",-5.39600000,ok,,flexible
"PEPTIDE1{dA.L.F.meF.V.meL.meA}$PEPTIDE1,PEPTIDE1,1:R1-7:R2$$$",-6.04200000,ok,,flexible
"PEPTIDE1{meA.A.Me_dL.L.meL.Ser(tBu).V}$PEPTIDE1,PEPTIDE1,1:R1-7:R2$$$",-5.39700000,ok,,flexible
"PEPTIDE1{dA.F.I.Me_dL.meA.meF.T}$PEPTIDE1,PEPTIDE1,1:R1-7:R2$$$",-6.01100000,ok,,flexible
"PEPTIDE1{Me_dA.meF.T.F.Abu.meA.T}$PEPTIDE1,PEPTIDE1,1:R1-7:R2$$$",-6.39800000,ok,,flexible
"PEPTIDE1{F.T.I.meA.L.Bn_Gly.A}$PEPTIDE1,PEPTIDE1,1:R1-7:R2$$$",-5.76700000,ok,,flexible
"PEPTIDE1{A.pentyl_Gly.L.G.dL.meA.meL}$PEPTIDE1,PEPTIDE1,1:R1-7:R2$$$",-5.41200000,ok,,flexible
"PEPTIDE1{P.A.dP.dV.Me_dA.meA.meL}$PEPTIDE1,PEPTIDE1,1:R1-7:R2$$$",-7.35200000,ok,,flexible
"PEPTIDE1{Sar.meA.meF.V.I.meA.meL}$PEPTIDE1,PEPTIDE1,1:R1-7:R2$$$",-6.03000000,ok,,flexible
"PEPTIDE1{dA.Pr_Gly.V.A.Ser(tBu).dP.meL}$PEPTIDE1,PEPTIDE1,1:R1-7:R2$$$",-5.92800000,ok,,flexible
"PEPTIDE1{meL.Abu.dL.L.G.I.L}$PEPTIDE1,PEPTIDE1,1:R1-7:R2$$$",-5.78400000,ok,,flexible
"PEPTIDE1{meA.L.meF.Abu.I.A.Ser(tBu)}$PEPTIDE1,PEPTIDE1,1:R1-7:R2$$$",-5.92400000,ok,,flexible
"PEPTIDE1{dV.meA.A.L.L.Me_dL.meL}$PEPTIDE1,PEPTIDE1,1:R1-7:R2$$$",-5.79400000,ok,,flexible
"PEPTIDE1{meA.Sar.meL.V.A.dL.Me_dL}$PEPTIDE1,PEPTIDE1,1:R1-7:R2$$$",-5.18200000,ok,,flexible
"PEPTIDE1{A.Me_dA.Me_dL.meL.I.dL.meF}$PEPTIDE1,PEPTIDE1,1:R1-7:R2$$$",-6.68900000,ok,,flexible
"PEPTIDE1{L.Sar.T.F.L.Me_dL.I}$PEPTIDE1,PEPTIDE1,1:R1-7:R2$$$",-5.80000000,ok,,flexible
"PEPTIDE1{meA.L.Me_dL.T.meL.V.Ser(tBu)}$PEPTIDE1,PEPTIDE1,1:R1-7:R2$$$",-5.97300000,ok,,flexible
"PEPTIDE1{F.A.meF.meL.Me_dL.T.L}$PEPTIDE1,PEPTIDE1,1:R1-7:R2$$$",-6.37900000,ok,,flexible
"PEPTIDE1{Mono6.L.A.meF.T.Ala(5-Tet).L}$PEPTIDE1,PEPTIDE1,1:R1-7:R2$$$",-5.89600000,ok,,flexible
"PEPTIDE1{P.A.Me_dA.dP.V.Me_dL.L}$PEPTIDE1,PEPTIDE1,1:R1-7:R2$$$",-5.96700000,ok,,flexible
"PEPTIDE1{Mono6.meL.I.F.Me_dL.dL.L}$PEPTIDE1,PEPTIDE1,1:R1-7:R2$$$",-5.89300000,ok,,flexible
"PEPTIDE1{dA.T.meF.Me_dL.A.I.F}$PEPTIDE1,PEPTIDE1,1:R1-7:R2$$$",-5.74300000,ok,,flexible
"PEPTIDE1{dV.Ser(tBu).P.L.A.Me_dL.dL}$PEPTIDE1,PEPTIDE1,1:R1-7:R2$$$",-5.58700000,ok,,flexible
"PEPTIDE1{A.meL.meV.dP.V.F.meA}$PEPTIDE1,PEPTIDE1,1:R1-7:R2$$$",-5.82500000,ok,,flexible
"PEPTIDE1{A.meS.T.meA.L.I.T}$PEPTIDE1,PEPTIDE1,1:R1-7:R2$$$",-5.58900000,ok,,flexible
"PEPTIDE1{A.F.L.Ser(tBu).meA.I.meF}$PEPTIDE1,PEPTIDE1,1:R1-7:R2$$$",-6.22300000,ok,,flexible
"PEPTIDE1{Mono6.L.A.dL.T.meA.V}$PEPTIDE1,PEPTIDE1,1:R1-7:R2$$$",-6.24700000,ok,,flexible
"PEPTIDE1{dV.meF.L.Me_dL.meL.meV.L}$PEPTIDE1,PEPTIDE1,1:R1-7:R2$$$",-5.64400000,ok,,flexible
"PEPTIDE1{Me_dA.P.dL.F.meF.I.meA}$PEPTIDE1,PEPTIDE1,1:R1-7:R2$$$",-6.18100000,ok,,flexible
"PEPTIDE1{meA.Pr_Gly.A.F.dL.L.Me_dL}$PEPTIDE1,PEPTIDE1,1:R1-7:R2$$$",-5.10900000,ok,,flexible
"PEPTIDE1{P.dA.Pr_Gly.meA.L.T.Ser(tBu)}$PEPTIDE1,PEPTIDE1,1:R1-7:R2$$$",-5.65000000,ok,,flexible
"PEPTIDE1{A.T.meA.V.I.meL.dL}$PEPTIDE1,PEPTIDE1,1:R1-7:R2$$$",-5.59800000,ok,,flexible
"PEPTIDE1{Mono6.P.dP.Sar.L.meF.dL}$PEPTIDE1,PEPTIDE1,1:R1-7:R2$$$",-7.07400000,ok,,flexible
"PEPTIDE1{meL.T.Me_dL.Sar.meF.Phe(4-CF3).V}$PEPTIDE1,PEPTIDE1,1:R1-7:R2$$$",-6.19700000,ok,,flexible
"PEPTIDE1{meL.F.A.Aoc(2).Ala(5-Tet).meF.meA}$PEPTIDE1,PEPTIDE1,1:R1-7:R2$$$",-5.31700000,ok,,flexible
"PEPTIDE1{meL.L.meF.dL.Mono84.dP.dV}$PEPTIDE1,PEPTIDE1,1:R1-7:R2$$$",-6.13000000,ok,,flexible
"PEPTIDE1{Me_dA.Aoc(2).L.meA.meL.dL.Me_dL}$PEPTIDE1,PEPTIDE1,1:R1-7:R2$$$",-5.40700000,ok,,flexible
"PEPTIDE1{Me_dA.Aib.Me_Phe(3-Cl).V.Pr_Gly.meA.L}$PEPTIDE1,PEPTIDE1,1:R1-7:R2$$$",-6.36600000,ok,,flexible
"PEPTIDE1{dA.dP.meL.L.meL.Me_dL.meF}$PEPTIDE1,PEPTIDE1,1:R1-7:R2$$$",-5.74300000,ok,,flexible
"PEPTIDE1{F.A.Ser(tBu).P.T.meL.dL}$PEPTIDE1,PEPTIDE1,1:R1-7:R2$$$",-5.24200000,ok,,flexible
"PEPTIDE1{Pr_Gly.dL.P.dP.Ser(tBu).Me_dL.T}$PEPTIDE1,PEPTIDE1,1:R1-7:R2$$$",-5.82800000,ok,,flexible
"PEPTIDE1{A.P.F.Me_dL.T.dL.dL}$PEPTIDE1,PEPTIDE1,1:R1-7:R2$$$",-6.66800000,ok,,flexible
"PEPTIDE1{Mono6.dL.meA.T.V.meI.I}$PEPTIDE1,PEPTIDE1,1:R1-7:R2$$$",-5.89300000,ok,,flexible
"PEPTIDE1{Me_Bal.Pr_Gly.meA.T.L.A.Me_dA}$PEPTIDE1,PEPTIDE1,1:R1-7:R2$$$",-6.15400000,ok,,flexible
"PEPTIDE1{meA.Me_dL.L.P.L.dL.I}$PEPTIDE1,PEPTIDE1,1:R1-7:R2$$$",-5.10500000,ok,,flexible
"PEPTIDE1{dV.L.A.meL.P.F.meA}$PEPTIDE1,PEPTIDE1,1:R1-7:R2$$$",-6.22700000,ok,,flexible
"PEPTIDE1{L.Me_dAbu.Me_dL.F.T.L.Sar}$PEPTIDE1,PEPTIDE1,1:R1-7:R2$$$",-6.12100000,ok,,flexible
"PEPTIDE1{Me_Bal.meL.T.dL.L.A.meA}$PEPTIDE1,PEPTIDE1,1:R1-7:R2$$$",-5.75900000,ok,,flexible
"PEPTIDE1{dA.T.L.F.meA.L.dL}$PEPTIDE1,PEPTIDE1,1:R1-7:R2$$$",-5.86500000,ok,,flexible
"PEPTIDE1{F.A.meL.T.Ser(tBu).I.L}$PEPTIDE1,PEPTIDE1,1:R1-7:R2$$$",-5.68600000,ok,,flexible
"PEPTIDE1{dV.T.dL.T.P.Aoc(2).L}$PEPTIDE1,PEPTIDE1,1:R1-7:R2$$$",-5.43200000,ok,,flexible
"PEPTIDE1{meA.A.meS.Sar.F.meL.meL}$PEPTIDE1,PEPTIDE1,1:R1-7:R2$$$",-6.42900000,ok,,flexible
"PEPTIDE1{Me_Bal.L.Me_dL.meL.I.meA.F}$PEPTIDE1,PEPTIDE1,1:R1-7:R2$$$",-6.13500000,ok,,flexible
"PEPTIDE1{Pr_Gly.Aoc(2).dA.L.meF.meL.Abu}$PEPTIDE1,PEPTIDE1,1:R1-7:R2$$$",-4.62900000,ok,,flexible
"PEPTIDE1{dV.Sar.pentyl_Gly.L.V.I.A}$PEPTIDE1,PEPTIDE1,1:R1-7:R2$$$",-5.39400000,ok,,flexible
"PEPTIDE1{dV.meF.F.A.meA.meL.L}$PEPTIDE1,PEPTIDE1,1:R1-7:R2$$$",-6.13600000,ok,,flexible
"PEPTIDE1{dV.L.Me_dL.meL.meA.A.T}$PEPTIDE1,PEPTIDE1,1:R1-7:R2$$$",-5.68900000,ok,,flexible
"PEPTIDE1{Pr_Gly.Me_dL.meA.F.L.V.meV}$PEPTIDE1,PEPTIDE1,1:R1-7:R2$$$",-5.91600000,ok,,flexible
"PEPTIDE1{meA.meL.dL.A.T.Abu.meF}$PEPTIDE1,PEPTIDE1,1:R1-7:R2$$$",-5.44000000,ok,,flexible
"PEPTIDE1{Me_dA.meF.T.meL.meA.A.meS}$PEPTIDE1,PEPTIDE1,1:R1-7:R2$$$",-6.31700000,ok,,flexible
"PEPTIDE1{Me_Bal.F.Pr_Gly.Pr_Gly.A.L.meL}$PEPTIDE1,PEPTIDE1,1:R1-7:R2$$$",-5.43400000,ok,,flexible
"PEPTIDE1{L.Sar.dP.P.F.dL.A}$PEPTIDE1,PEPTIDE1,1:R1-7:R2$$$",-6.04300000,ok,,flexible
"PEPTIDE1{Mono6.A.dL.T.I.dL.T}$PEPTIDE1,PEPTIDE1,1:R1-7:R2$$$",-5.64400000,ok,,flexible
"PEPTIDE1{dA.F.meL.A.dP.T.meA}$PEPTIDE1,PEPTIDE1,1:R1-7:R2$$$",-6.36200000,ok,,flexible
"PEPTIDE1{Me_dA.A.Me_dL.T.meL.meV.T}$PEPTIDE1,PEPTIDE1,1:R1-7:R2$$$",-5.89600000,ok,,flexible
"PEPTIDE1{Mono6.Me_dL.T.Me_dL.meL.L.dP}$PEPTIDE1,PEPTIDE1,1:R1-7:R2$$$",-5.58300000,ok,,flexible
"PEPTIDE1{meL.pentyl_Gly.I.T.L.dP.V}$PEPTIDE1,PEPTIDE1,1:R1-7:R2$$$",-5.39700000,ok,,flexible
"PEPTIDE1{Sar.T.meA.meL.meV.meF.I}$PEPTIDE1,PEPTIDE1,1:R1-7:R2$$$",-6.01200000,ok,,flexible
"PEPTIDE1{Mono6.meL.meS.T.meF.T.I}$PEPTIDE1,PEPTIDE1,1:R1-7:R2$$$",-7.13400000,ok,,flexible
"PEPTIDE1{Me_dA.A.L.Me_dL.meA.Ser(tBu).meA}$PEPTIDE1,PEPTIDE1,1:R1-7:R2$$$",-6.03000000,ok,,flexible
"PEPTIDE1{dV.meL.meF.meL.L.Sar.Bn_Gly}$PEPTIDE1,PEPTIDE1,1:R1-7:R2$$$",-5.47900000,ok,,flexible
"PEPTIDE1{Sar.Me_dL.F.L.pentyl_Gly.meA.Ser(tBu)}$PEPTIDE1,PEPTIDE1,1:R1-7:R2$$$",-5.24900000,ok,,flexible
"PEPTIDE1{meA.Me_dA.meL.Pr_Gly.Me_dL.V.dL}$PEPTIDE1,PEPTIDE1,1:R1-7:R2$$$",-5.31900000,ok,,flexible
"PEPTIDE1{Mono6.pentyl_Gly.A.meL.T.meL.V}$PEPTIDE1,PEPTIDE1,1:R1-7:R2$$$",-5.52100000,ok,,flexible
"PEPTIDE1{Me_Bal.I.dL.pentyl_Gly.dP.meL.T}$PEPTIDE1,PEPTIDE1,1:R1-7:R2$$$",-5.84400000,ok,,flexible
"PEPTIDE1{Me_dA.meL.meA.T.meL.I.P}$PEPTIDE1,PEPTIDE1,1:R1-7:R2$$$",-6.32000000,ok,,flexible
"PEPTIDE1{meA.Sar.T.L.A.dA.A}$PEPTIDE1,PEPTIDE1,1:R1-7:R2$$$",-6.19300000,ok,,flexible
"PEPTIDE1{L.meL.meF.dP.meA.P.P}$PEPTIDE1,PEPTIDE1,1:R1-7:R2$$$",-6.23500000,ok,,flexible
"PEPTIDE1{dV.F.meL.3Pal.A.dL.L}$PEPTIDE1,PEPTIDE1,1:R1-7:R2$$$",-5.12500000,ok,,flexible
"PEPTIDE1{Me_Bal.T.Me_dL.Bn_Gly.dA.dL.meA}$PEPTIDE1,PEPTIDE1,1:R1-7:R2$$$",-6.45500000,ok,,flexible
"PEPTIDE1{meL.Abu.Sar.dA.dP.dL.A}$PEPTIDE1,PEPTIDE1,1:R1-7:R2$$$",-6.63700000,ok,,flexible
"PEPTIDE1{F.P.Me_dL.meL.meA.L.Ser(tBu)}$PEPTIDE1,PEPTIDE1,1:R1-7:R2$$$",-6.02900000,ok,,flexible
"PEPTIDE1{meA.I.cHexCH2_Gly.L.Mono78.meL.Ser(tBu)}$PEPTIDE1,PEPTIDE1,1:R1-7:R2$$$",-4.71700000,ok,,flexible
"PEPTIDE1{Me_Bal.A.V.L.Me_dL.meL.meV}$PEPTIDE1,PEPTIDE1,1:R1-7:R2$$$",-5.73700000,ok,,flexible
"PEPTIDE1{L.meS.dL.T.meF.A.meA}$PEPTIDE1,PEPTIDE1,1:R1-7:R2$$$",-6.11700000,ok,,flexible
"PEPTIDE1{meL.dL.Abu.A.Mono7.T.I}$PEPTIDE1,PEPTIDE1,1:R1-7:R2$$$",-5.49000000,ok,,flexible
"PEPTIDE1{dV.meF.Me_dL.dL.V.dP.meL}$PEPTIDE1,PEPTIDE1,1:R1-7:R2$$$",-6.26400000,ok,,flexible
"PEPTIDE1{Me_Bal.dP.T.A.Me_dL.F.meL}$PEPTIDE1,PEPTIDE1,1:R1-7:R2$$$",-6.02900000,ok,,flexible
"PEPTIDE1{P.Me_dL.meL.I.meA.A.meI}$PEPTIDE1,PEPTIDE1,1:R1-7:R2$$$",-5.77500000,ok,,flexible
"PEPTIDE1{dA.L.meF.Ser(tBu).A.meL.meA}$PEPTIDE1,PEPTIDE1,1:R1-7:R2$$$",-6.10600000,ok,,flexible
"PEPTIDE1{dA.cHexCH2_Gly.meL.L.P.I.V}$PEPTIDE1,PEPTIDE1,1:R1-7:R2$$$",-5.44700000,ok,,flexible
"PEPTIDE1{A.T.P.Me_dL.L.meL.Me_dA}$PEPTIDE1,PEPTIDE1,1:R1-7:R2$$$",-5.86100000,ok,,flexible
"PEPTIDE1{dF.Bn_Gly.L.F.meA.Ser(tBu).L}$PEPTIDE1,PEPTIDE1,1:R1-7:R2$$$",-5.75800000,ok,,flexible
"PEPTIDE1{dF.L.meF.meL.meA.Me_dL.A}$PEPTIDE1,PEPTIDE1,1:R1-7:R2$$$",-5.08800000,ok,,flexible
"PEPTIDE1{Me_Bal.Pr_Gly.meA.T.P.Me_dL.L}$PEPTIDE1,PEPTIDE1,1:R1-7:R2$$$",-5.24500000,ok,,flexible
"PEPTIDE1{L.Sar.dA.meL.Me_Abu.meF.T}$PEPTIDE1,PEPTIDE1,1:R1-7:R2$$$",-5.72800000,ok,,flexible
"PEPTIDE1{dV.dP.Me_dL.Abu.meA.L.meS}$PEPTIDE1,PEPTIDE1,1:R1-7:R2$$$",-5.20300000,ok,,flexible
"PEPTIDE1{A.P.Ser(tBu).P.T.L.dL}$PEPTIDE1,PEPTIDE1,1:R1-7:R2$$$",-5.84600000,ok,,flexible
"PEPTIDE1{dV.meL.meS.F.Me_dL.meA.L}$PEPTIDE1,PEPTIDE1,1:R1-7:R2$$$",-5.38700000,ok,,flexible
"PEPTIDE1{meL.dL.Me_dL.Aoc(2).meS.T.A}$PEPTIDE1,PEPTIDE1,1:R1-7:R2$$$",-5.16700000,ok,,flexible
"PEPTIDE1{Me_dA.meF.T.meL.dL.L.L}$PEPTIDE1,PEPTIDE1,1:R1-7:R2$$$",-5.64800000,ok,,flexible
"PEPTIDE1{Me_Bal.meA.L.A.meL.dP.meF}$PEPTIDE1,PEPTIDE1,1:R1-7:R2$$$",-6.69200000,ok,,flexible
"PEPTIDE1{Me_Bal.meL.Me_dL.dL.meL.V.Me_dA}$PEPTIDE1,PEPTIDE1,1:R1-7:R2$$$",-5.44300000,ok,,flexible
"PEPTIDE1{dV.F.I.meS.meF.I.dL}$PEPTIDE1,PEPTIDE1,1:R1-7:R2$$$",-5.92500000,ok,,flexible
"PEPTIDE1{Me_dA.pentyl_Gly.A.meL.L.L.Ser(tBu)}$PEPTIDE1,PEPTIDE1,1:R1-7:R2$$$",-5.08900000,ok,,flexible
"PEPTIDE1{meA.meL.F.V.T.I.dL}$PEPTIDE1,PEPTIDE1,1:R1-7:R2$$$",-5.22700000,ok,,flexible
"PEPTIDE1{Me_dA.Me_dL.T.dP.meA.L.Abu}$PEPTIDE1,PEPTIDE1,1:R1-7:R2$$$",-5.84300000,ok,,flexible
"PEPTIDE1{A.meA.T.P.meL.Me_dL.F}$PEPTIDE1,PEPTIDE1,1:R1-7:R2$$$",-6.41900000,ok,,flexible
"PEPTIDE1{A.meL.P.L.meF.Ala(5-Tet).I}$PEPTIDE1,PEPTIDE1,1:R1-7:R2$$$",-5.34300000,ok,,flexible
"PEPTIDE1{L.meA.meL.V.I.meV.dL}$PEPTIDE1,PEPTIDE1,1:R1-7:R2$$$",-5.04500000,ok,,flexible
"PEPTIDE1{F.meA.T.meL.dL.A.V}$PEPTIDE1,PEPTIDE1,1:R1-7:R2$$$",-5.78500000,ok,,flexible
"PEPTIDE1{dF.I.dL.T.meA.L.Ser(tBu)}$PEPTIDE1,PEPTIDE1,1:R1-7:R2$$$",-5.67800000,ok,,flexible
"PEPTIDE1{Me_dA.T.Me_dL.A.T.meL.V}$PEPTIDE1,PEPTIDE1,1:R1-7:R2$$$",-5.61400000,ok,,flexible
"PEPTIDE1{A.Me_dL.Abu.meF.T.P.T}$PEPTIDE1,PEPTIDE1,1:R1-7:R2$$$",-6.26000000,ok,,flexible
"PEPTIDE1{Me_dA.meV.Me_dL.Ser(tBu).V.G.L}$PEPTIDE1,PEPTIDE1,1:R1-7:R2$$$",-5.98900000,ok,,flexible
"PEPTIDE1{Sar.L.dL.F.L.meA.meA}$PEPTIDE1,PEPTIDE1,1:R1-7:R2$$$",-5.67600000,ok,,flexible
"PEPTIDE1{Me_Bal.F.T.meA.L.V.Ser(tBu)}$PEPTIDE1,PEPTIDE1,1:R1-7:R2$$$",-6.34000000,ok,,flexible
"PEPTIDE1{dV.meF.L.Ser(tBu).meL.L.meA}$PEPTIDE1,PEPTIDE1,1:R1-7:R2$$$",-5.01000000,ok,,flexible
"PEPTIDE1{dA.L.meL.meA.meF.Abu.I}$PEPTIDE1,PEPTIDE1,1:R1-7:R2$$$",-5.90500000,ok,,flexible
"PEPTIDE1{meA.pentyl_Gly.L.Mono38.I.F.Ser(tBu)}$PEPTIDE1,PEPTIDE1,1:R1-7:R2$$$",-5.22700000,ok,,flexible
"PEPTIDE1{dV.meA.L.V.meL.F.G}$PEPTIDE1,PEPTIDE1,1:R1-7:R2$$$",-6.68500000,ok,,flexible
"PEPTIDE1{meL.A.dA.meA.dL.L.Me_dL}$PEPTIDE1,PEPTIDE1,1:R1-7:R2$$$",-6.39300000,ok,,flexible
"PEPTIDE1{dV.A.F.L.dL.Ser(tBu).meL}$PEPTIDE1,PEPTIDE1,1:R1-7:R2$$$",-5.13500000,ok,,flexible
"PEPTIDE1{Me_dA.V.F.meF.meV.I.A}$PEPTIDE1,PEPTIDE1,1:R1-7:R2$$$",-6.76400000,ok,,flexible
"PEPTIDE1{dA.I.A.T.meA.meL.dL}$PEPTIDE1,PEPTIDE1,1:R1-7:R2$$$",-6.11700000,ok,,flexible
"PEPTIDE1{Me_dA.Bn_Gly.I.dL.T.meL.P}$PEPTIDE1,PEPTIDE1,1:R1-7:R2$$$",-6.31300000,ok,,flexible
"PEPTIDE1{Pr_Gly.G.F.L.I.meA.V}$PEPTIDE1,PEPTIDE1,1:R1-7:R2$$$",-5.69200000,ok,,flexible
"PEPTIDE1{dA.meL.V.Me_dA.meF.meA.A}$PEPTIDE1,PEPTIDE1,1:R1-7:R2$$$",-5.87200000,ok,,flexible
"PEPTIDE1{Me_Bal.Sar.L.meA.P.Me_dL.A}$PEPTIDE1,PEPTIDE1,1:R1-7:R2$$$",-6.25800000,ok,,flexible
"PEPTIDE1{Me_Bal.F.meL.Ser(tBu).I.meA.Me_dL}$PEPTIDE1,PEPTIDE1,1:R1-7:R2$$$",-5.41000000,ok,,flexible
"PEPTIDE1{L.meF.dL.Ser(tBu).V.L.T}$PEPTIDE1,PEPTIDE1,1:R1-7:R2$$$",-5.24200000,ok,,flexible
"PEPTIDE1{dV.A.L.meA.G.Me_dL.I}$PEPTIDE1,PEPTIDE1,1:R1-7:R2$$$",-5.66700000,ok,,flexible
"PEPTIDE1{Me_Bal.meL.meF.T.L.I.meA}$PEPTIDE1,PEPTIDE1,1:R1-7:R2$$$",-5.72000000,ok,,flexible
"PEPTIDE1{dA.A.T.meL.Me_dL.F.T}$PEPTIDE1,PEPTIDE1,1:R1-7:R2$$$",-6.35100000,ok,,flexible
"PEPTIDE1{meL.Me_Phe(3-Cl).F.L.Ser(tBu).dL.Me_dL}$PEPTIDE1,PEPTIDE1,1:R1-7:R2$$$",-4.75400000,ok,,flexible
"PEPTIDE1{A.T.Ser(tBu).V.dP.dL.meA}$PEPTIDE1,PEPTIDE1,1:R1-7:R2$$$",-6.01500000,ok,,flexible
"PEPTIDE1{meA.meS.meL.V.L.dL.L}$PEPTIDE1,PEPTIDE1,1:R1-7:R2$$$",-5.84900000,ok,,flexible
"PEPTIDE1{L.T.meA.meS.meF.P.dF}$PEPTIDE1,PEPTIDE1,1:R1-7:R2$$$",-7.31800000,ok,,flexible
"PEPTIDE1{dA.dP.I.T.cHexCH2_Gly.meA.A}$PEPTIDE1,PEPTIDE1,1:R1-7:R2$$$",-6.01200000,ok,,flexible
"PEPTIDE1{Me_dA.Ala(5-Tet).T.L.dP.A.I}$PEPTIDE1,PEPTIDE1,1:R1-7:R2$$$",-5.88700000,ok,,flexible
"PEPTIDE1{dF.dL.cHexCH2_Gly.L.L.meF.meL}$PEPTIDE1,PEPTIDE1,1:R1-7:R2$$$",-5.71800000,ok,,flexible
"PEPTIDE1{P.Me_dA.F.Pr_Gly.dL.T.Ser(tBu)}$PEPTIDE1,PEPTIDE1,1:R1-7:R2$$$",-5.63000000,ok,,flexible
"PEPTIDE1{meA.T.A.Me_dL.dL.meF.I}$PEPTIDE1,PEPTIDE1,1:R1-7:R2$$$",-6.02300000,ok,,flexible
"PEPTIDE1{dV.Me_dAbu.meA.V.meL.L.A}$PEPTIDE1,PEPTIDE1,1:R1-7:R2$$$",-5.65500000,ok,,flexible
"PEPTIDE1{A.dL.L.meL.Sar.dP.meL}$PEPTIDE1,PEPTIDE1,1:R1-7:R2$$$",-5.58100000,ok,,flexible
"PEPTIDE1{meL.Me_dA.P.T.T.A.meS}$PEPTIDE1,PEPTIDE1,1:R1-7:R2$$$",-5.95400000,ok,,flexible
"PEPTIDE1{F.Abu.T.dL.L.V.meL}$PEPTIDE1,PEPTIDE1,1:R1-7:R2$$$",-4.91600000,ok,,flexible
"PEPTIDE1{A.T.T.Sar.meL.Ser(tBu).dL}$PEPTIDE1,PEPTIDE1,1:R1-7:R2$$$",-5.36400000,ok,,flexible
"PEPTIDE1{L.meL.A.V.meA.F.Aoc(2)}$PEPTIDE1,PEPTIDE1,1:R1-7:R2$$$",-5.53900000,ok,,flexible
"PEPTIDE1{dV.meS.dP.Me_dL.meA.dA.Ser(tBu)}$PEPTIDE1,PEPTIDE1,1:R1-7:R2$$$",-6.60200000,ok,,flexible
"PEPTIDE1{A.Me_dL.T.P.L.meA.Me_dA}$PEPTIDE1,PEPTIDE1,1:R1-7:R2$$$",-6.11400000,ok,,flexible
"PEPTIDE1{L.Me_dL.T.meA.meF.T.A}$PEPTIDE1,PEPTIDE1,1:R1-7:R2$$$",-6.15000000,ok,,flexible
"PEPTIDE1{dA.V.dL.T.meA.I.meA}$PEPTIDE1,PEPTIDE1,1:R1-7:R2$$$",-5.64200000,ok,,flexible
"PEPTIDE1{L.T.P.F.meF.L.meA}$PEPTIDE1,PEPTIDE1,1:R1-7:R2$$$",-6.77700000,ok,,flexible
"PEPTIDE1{dV.I.P.A.L.V.G}$PEPTIDE1,PEPTIDE1,1:R1-7:R2$$$",-5.39800000,ok,,flexible
"PEPTIDE1{A.Pr_Gly.meF.Me_dL.V.Ser(tBu).I}$PEPTIDE1,PEPTIDE1,1:R1-7:R2$$$",-5.07200000,ok,,flexible
"PEPTIDE1{dF.A.meS.Abu.L.Ala(5-Tet).meS}$PEPTIDE1,PEPTIDE1,1:R1-7:R2$$$",-5.84900000,ok,,flexible
"PEPTIDE1{L.meF.meL.Abu.P.A.meI}$PEPTIDE1,PEPTIDE1,1:R1-7:R2$$$",-6.07700000,ok,,flexible
"PEPTIDE1{P.A.meL.meF.dP.dV.dL}$PEPTIDE1,PEPTIDE1,1:R1-7:R2$$$",-5.90300000,ok,,flexible
"PEPTIDE1{Pr_Gly.dP.P.T.Me_dL.meA.dV}$PEPTIDE1,PEPTIDE1,1:R1-7:R2$$$",-6.23100000,ok,,flexible
"PEPTIDE1{meL.L.A.meA.meF.L.Sar}$PEPTIDE1,PEPTIDE1,1:R1-7:R2$$$",-6.47700000,ok,,flexible
"PEPTIDE1{Pr_Gly.A.meA.meL.L.V.Me_dL}$PEPTIDE1,PEPTIDE1,1:R1-7:R2$$$",-5.19400000,ok,,flexible
"PEPTIDE1{F.Mono38.meA.L.meL.Ser(tBu).dL}$PEPTIDE1,PEPTIDE1,1:R1-7:R2$$$",-5.05200000,ok,,flexible
"PEPTIDE1{Me_Bal.pentyl_Gly.Ser(tBu).I.T.L.dL}$PEPTIDE1,PEPTIDE1,1:R1-7:R2$$$",-4.63200000,ok,,flexible
"PEPTIDE1{Me_Bal.meL.meL.L.T.meA.I}$PEPTIDE1,PEPTIDE1,1:R1-7:R2$$$",-5.62200000,ok,,flexible
"PEPTIDE1{dA.Me_dA.meL.T.F.meA.I}$PEPTIDE1,PEPTIDE1,1:R1-7:R2$$$",-6.55800000,ok,,flexible
"PEPTIDE1{meA.Me_dL.meL.A.G.L.F}$PEPTIDE1,PEPTIDE1,1:R1-7:R2$$$",-5.82200000,ok,,flexible
"PEPTIDE1{Me_dA.meL.Me_Phe(3-Cl).P.dL.Me_dL.L}$PEPTIDE1,PEPTIDE1,1:R1-7:R2$$$",-5.72300000,ok,,flexible
"PEPTIDE1{dA.Me_dL.L.T.meL.Abu.I}$PEPTIDE1,PEPTIDE1,1:R1-7:R2$$$",-5.16300000,ok,,flexible
"PEPTIDE1{dV.meF.Ala(5-Tet).A.T.Sar.dL}$PEPTIDE1,PEPTIDE1,1:R1-7:R2$$$",-6.12900000,ok,,flexible
"PEPTIDE1{P.dA.Pr_Gly.meL.F.L.V}$PEPTIDE1,PEPTIDE1,1:R1-7:R2$$$",-5.81700000,ok,,flexible
"PEPTIDE1{A.P.L.meL.L.meA.F}$PEPTIDE1,PEPTIDE1,1:R1-7:R2$$$",-5.72300000,ok,,flexible
"PEPTIDE1{dF.A.dL.meF.Sar.T.meA}$PEPTIDE1,PEPTIDE1,1:R1-7:R2$$$",-6.89300000,ok,,flexible
"PEPTIDE1{Me_dA.meA.Me_dL.T.A.meL.T}$PEPTIDE1,PEPTIDE1,1:R1-7:R2$$$",-6.34600000,ok,,flexible
"PEPTIDE1{dA.T.L.meL.meA.Me_dL.A}$PEPTIDE1,PEPTIDE1,1:R1-7:R2$$$",-5.49700000,ok,,flexible
"PEPTIDE1{dV.Abu.meL.meF.F.A.Sar}$PEPTIDE1,PEPTIDE1,1:R1-7:R2$$$",-6.09200000,ok,,flexible
"PEPTIDE1{dA.dP.Me_dL.T.F.Ser(tBu).meA}$PEPTIDE1,PEPTIDE1,1:R1-7:R2$$$",-6.22700000,ok,,flexible
"PEPTIDE1{meL.L.dL.dF.F.I.V}$PEPTIDE1,PEPTIDE1,1:R1-7:R2$$$",-5.59300000,ok,,flexible
"PEPTIDE1{dV.L.meL.A.meA.V.Abu}$PEPTIDE1,PEPTIDE1,1:R1-7:R2$$$",-5.43400000,ok,,flexible
"PEPTIDE1{A.dP.meL.P.meA.dL.Me_dL}$PEPTIDE1,PEPTIDE1,1:R1-7:R2$$$",-6.07600000,ok,,flexible
"PEPTIDE1{Me_Bal.T.Me_dL.meL.Ser(tBu).Me_dA.T}$PEPTIDE1,PEPTIDE1,1:R1-7:R2$$$",-5.80500000,ok,,flexible
"PEPTIDE1{Me_Bal.F.meA.L.T.L.meV}$PEPTIDE1,PEPTIDE1,1:R1-7:R2$$$",-6.46600000,ok,,flexible
"PEPTIDE1{Me_Bal.L.pentyl_Gly.A.Me_dL.T.G}$PEPTIDE1,PEPTIDE1,1:R1-7:R2$$$",-5.57500000,ok,,flexible
"PEPTIDE1{dA.T.dL.meF.V.Me_dL.A}$PEPTIDE1,PEPTIDE1,1:R1-7:R2$$$",-5.90300000,ok,,flexible
"PEPTIDE1{dV.L.T.Aoc(2).meF.V.meL}$PEPTIDE1,PEPTIDE1,1:R1-7:R2$$$",-5.01800000,ok,,flexible
"PEPTIDE1{meL.Aoc(2).L.T.3Pal.A.G}$PEPTIDE1,PEPTIDE1,1:R1-7:R2$$$",-5.46200000,ok,,flexible
"PEPTIDE1{A.L.dV.meL.T.I.meL}$PEPTIDE1,PEPTIDE1,1:R1-7:R2$$$",-5.26300000,ok,,flexible
"PEPTIDE1{Me_Bal.meA.L.F.V.T.I}$PEPTIDE1,PEPTIDE1,1:R1-7:R2$$$",-5.42400000,ok,,flexible
"PEPTIDE1{dA.meF.T.L.meA.A.meI}$PEPTIDE1,PEPTIDE1,1:R1-7:R2$$$",-6.46600000,ok,,flexible
"PEPTIDE1{meL.Abu.L.meA.dL.meS.T}$PEPTIDE1,PEPTIDE1,1:R1-7:R2$$$",-6.03700000,ok,,flexible
"PEPTIDE1{Me_Bal.meA.Ser(tBu).T.meF.I.dL}$PEPTIDE1,PEPTIDE1,1:R1-7:R2$$$",-6.01100000,ok,,flexible
"PEPTIDE1{Me_Bal.meL.Ser(tBu).T.meA.V.T}$PEPTIDE1,PEPTIDE1,1:R1-7:R2$$$",-5.08300000,ok,,flexible
"PEPTIDE1{A.F.meL.meL.L.P.dP}$PEPTIDE1,PEPTIDE1,1:R1-7:R2$$$",-5.90500000,ok,,flexible
"PEPTIDE1{Pr_Gly.L.T.V.meF.T.F}$PEPTIDE1,PEPTIDE1,1:R1-7:R2$$$",-5.16200000,ok,,flexible
"PEPTIDE1{Me_dA.A.dP.meL.meL.P.L}$PEPTIDE1,PEPTIDE1,1:R1-7:R2$$$",-6.06900000,ok,,flexible
"PEPTIDE1{Me_dA.cHexCH2_Gly.P.T.meA.A.Bn_Gly}$PEPTIDE1,PEPTIDE1,1:R1-7:R2$$$",-7.14900000,ok,,flexible
"PEPTIDE1{meA.meS.I.V.F.dL.meL}$PEPTIDE1,PEPTIDE1,1:R1-7:R2$$$",-6.09700000,ok,,flexible
"PEPTIDE1{meA.dA.V.Pr_Gly.F.I.meF}$PEPTIDE1,PEPTIDE1,1:R1-7:R2$$$",-5.57000000,ok,,flexible
"PEPTIDE1{meL.Me_dL.meS.T.Abu.meA.dL}$PEPTIDE1,PEPTIDE1,1:R1-7:R2$$$",-5.40700000,ok,,flexible
"PEPTIDE1{dF.meA.meL.I.dL.L.F}$PEPTIDE1,PEPTIDE1,1:R1-7:R2$$$",-5.25900000,ok,,flexible
"PEPTIDE1{meA.meF.L.meL.I.A.Me_dL}$PEPTIDE1,PEPTIDE1,1:R1-7:R2$$$",-5.18500000,ok,,flexible
"PEPTIDE1{Sar.T.meL.T.meI.A.dL}$PEPTIDE1,PEPTIDE1,1:R1-7:R2$$$",-5.53200000,ok,,flexible
"PEPTIDE1{A.T.F.T.Sar.V.I}$PEPTIDE1,PEPTIDE1,1:R1-7:R2$$$",-6.08700000,ok,,flexible
"PEPTIDE1{dA.Me_dL.L.T.V.F.I}$PEPTIDE1,PEPTIDE1,1:R1-7:R2$$$",-5.86500000,ok,,flexible
"PEPTIDE1{dF.T.meF.meS.dL.meA.meL}$PEPTIDE1,PEPTIDE1,1:R1-7:R2$$$",-6.50400000,ok,,flexible
"PEPTIDE1{A.Me_dA.meA.Me_dL.T.F.V}$PEPTIDE1,PEPTIDE1,1:R1-7:R2$$$",-6.40500000,ok,,flexible
"PEPTIDE1{dA.L.P.T.meL.I.meF}$PEPTIDE1,PEPTIDE1,1:R1-7:R2$$$",-5.50200000,ok,,flexible
"PEPTIDE1{Mono6.T.meF.Ser(tBu).dV.L.Me_dA}$PEPTIDE1,PEPTIDE1,1:R1-7:R2$$$",-6.32900000,ok,,flexible
"PEPTIDE1{Me_dA.Bn_Gly.meV.A.meA.Me_dL.L}$PEPTIDE1,PEPTIDE1,1:R1-7:R2$$$",-5.58400000,ok,,flexible
"PEPTIDE1{meL.G.A.dL.meF.meA.F}$PEPTIDE1,PEPTIDE1,1:R1-7:R2$$$",-5.93500000,ok,,flexible
"PEPTIDE1{dA.F.meA.P.V.meL.A}$PEPTIDE1,PEPTIDE1,1:R1-7:R2$$$",-6.23900000,ok,,flexible
"PEPTIDE1{meA.meF.L.A.dL.Bn_Gly.T}$PEPTIDE1,PEPTIDE1,1:R1-7:R2$$$",-5.61200000,ok,,flexible
"PEPTIDE1{dV.meL.meL.meA.Me_dL.T.T}$PEPTIDE1,PEPTIDE1,1:R1-7:R2$$$",-6.07800000,ok,,flexible
"PEPTIDE1{dP.dA.P.L.meA.Me_dL.F}$PEPTIDE1,PEPTIDE1,1:R1-7:R2$$$",-6.90400000,ok,,flexible
"PEPTIDE1{dV.meL.meF.L.I.meA.A}$PEPTIDE1,PEPTIDE1,1:R1-7:R2$$$",-5.45400000,ok,,flexible
"PEPTIDE1{meA.meL.T.meF.Ser(tBu).Me_dL.dL}$PEPTIDE1,PEPTIDE1,1:R1-7:R2$$$",-5.12200000,ok,,flexible
"PEPTIDE1{Me_Bal.Pr_Gly.dA.Me_dA.L.dL.meL}$PEPTIDE1,PEPTIDE1,1:R1-7:R2$$$",-6.00500000,ok,,flexible
"PEPTIDE1{meL.Me_dL.A.meS.meA.dL.meF}$PEPTIDE1,PEPTIDE1,1:R1-7:R2$$$",-5.51800000,ok,,flexible
"PEPTIDE1{F.cHexCH2_Gly.L.meA.dL.I.meF}$PEPTIDE1,PEPTIDE1,1:R1-7:R2$$$",-5.99700000,ok,,flexible
"PEPTIDE1{meA.meF.meL.Ser(tBu).cHexCH2_Gly.F.dP}$PEPTIDE1,PEPTIDE1,1:R1-7:R2$$$",-5.73200000,ok,,flexible
"PEPTIDE1{dA.L.A.T.dL.T.dV}$PEPTIDE1,PEPTIDE1,1:R1-7:R2$$$",-6.03700000,ok,,flexible
"PEPTIDE1{L.I.dL.F.L.meL.A}$PEPTIDE1,PEPTIDE1,1:R1-7:R2$$$",-5.70200000,ok,,flexible
"PEPTIDE1{meA.Bn_Gly.Mono86.A.T.I.meL}$PEPTIDE1,PEPTIDE1,1:R1-7:R2$$$",-5.72400000,ok,,flexible
"PEPTIDE1{Me_dA.V.meL.T.Me_dL.F.I}$PEPTIDE1,PEPTIDE1,1:R1-7:R2$$$",-5.32600000,ok,,flexible
"PEPTIDE1{Sar.meV.meL.L.meL.V.T}$PEPTIDE1,PEPTIDE1,1:R1-7:R2$$$",-5.30500000,ok,,flexible
"PEPTIDE1{dV.P.meL.L.T.dL.Me_dL}$PEPTIDE1,PEPTIDE1,1:R1-7:R2$$$",-5.67400000,ok,,flexible
"PEPTIDE1{dA.V.meA.T.meF.P.T}$PEPTIDE1,PEPTIDE1,1:R1-7:R2$$$",-6.99900000,ok,,flexible
"PEPTIDE1{Pr_Gly.cHexCH2_Gly.meL.G.A.I.pentyl_Gly}$PEPTIDE1,PEPTIDE1,1:R1-7:R2$$$",-5.50700000,ok,,flexible
"PEPTIDE1{Sar.Ser(tBu).L.L.meF.T.T}$PEPTIDE1,PEPTIDE1,1:R1-7:R2$$$",-5.77600000,ok,,flexible
"PEPTIDE1{F.G.A.V.dL.meL.I}$PEPTIDE1,PEPTIDE1,1:R1-7:R2$$$",-6.33100000,ok,,flexible
"PEPTIDE1{Me_dA.A.meF.Me_dL.meL.meV.T}$PEPTIDE1,PEPTIDE1,1:R1-7:R2$$$",-5.69300000,ok,,flexible
"PEPTIDE1{meA.meL.A.V.dL.G.meF}$PEPTIDE1,PEPTIDE1,1:R1-7:R2$$$",-6.37000000,ok,,flexible
"PEPTIDE1{P.meF.dL.Me_dL.meA.L.Ser(tBu)}$PEPTIDE1,PEPTIDE1,1:R1-7:R2$$$",-5.78000000,ok,,flexible
"PEPTIDE1{meA.A.meF.I.dL.meA.V}$PEPTIDE1,PEPTIDE1,1:R1-7:R2$$$",-6.52400000,ok,,flexible
"PEPTIDE1{Mono6.A.F.meL.meA.T.V}$PEPTIDE1,PEPTIDE1,1:R1-7:R2$$$",-5.71000000,ok,,flexible
"PEPTIDE1{meA.Abu.L.meF.A.I.L}$PEPTIDE1,PEPTIDE1,1:R1-7:R2$$$",-5.62200000,ok,,flexible
"PEPTIDE1{dV.meA.L.P.T.meF.V}$PEPTIDE1,PEPTIDE1,1:R1-7:R2$$$",-6.12000000,ok,,flexible
"PEPTIDE1{meA.A.dL.I.meL.Ser(tBu).L}$PEPTIDE1,PEPTIDE1,1:R1-7:R2$$$",-5.28300000,ok,,flexible
"PEPTIDE1{A.dL.meL.meA.L.Me_dL.Sar}$PEPTIDE1,PEPTIDE1,1:R1-7:R2$$$",-5.76400000,ok,,flexible
"PEPTIDE1{dV.meA.T.V.dL.meL.I}$PEPTIDE1,PEPTIDE1,1:R1-7:R2$$$",-5.32700000,ok,,flexible
"PEPTIDE1{dA.F.dP.Me_dL.dL.P.I}$PEPTIDE1,PEPTIDE1,1:R1-7:R2$$$",-5.77300000,ok,,flexible
"PEPTIDE1{dA.Pr_Gly.dF.L.V.F.I}$PEPTIDE1,PEPTIDE1,1:R1-7:R2$$$",-5.27600000,ok,,flexible
"PEPTIDE1{dA.meA.Me_dL.meL.V.meL.L}$PEPTIDE1,PEPTIDE1,1:R1-7:R2$$$",-5.71400000,ok,,flexible
"PEPTIDE1{Me_dA.Me_dL.V.T.dL.A.I}$PEPTIDE1,PEPTIDE1,1:R1-7:R2$$$",-6.02800000,ok,,flexible
"PEPTIDE1{Me_Bal.L.dL.meA.meL.meL.I}$PEPTIDE1,PEPTIDE1,1:R1-7:R2$$$",-6.05000000,ok,,flexible
"PEPTIDE1{F.L.T.meF.I.Sar.meA}$PEPTIDE1,PEPTIDE1,1:R1-7:R2$$$",-5.67700000,ok,,flexible
"PEPTIDE1{meA.L.dA.I.V.G.A}$PEPTIDE1,PEPTIDE1,1:R1-7:R2$$$",-5.92500000,ok,,flexible
"PEPTIDE1{Me_dA.meF.P.Abu.Me_dL.meA.meL}$PEPTIDE1,PEPTIDE1,1:R1-7:R2$$$",-6.29700000,ok,,flexible
"PEPTIDE1{P.L.A.V.dP.meA.Me_dL}$PEPTIDE1,PEPTIDE1,1:R1-7:R2$$$",-5.98200000,ok,,flexible
"PEPTIDE1{L.F.T.meL.L.meL.A}$PEPTIDE1,PEPTIDE1,1:R1-7:R2$$$",-5.73200000,ok,,flexible
"PEPTIDE1{meA.dL.T.meL.Sar.G.I}$PEPTIDE1,PEPTIDE1,1:R1-7:R2$$$",-5.90800000,ok,,flexible
"PEPTIDE1{A.meL.Ser(tBu).meF.meA.dL.F}$PEPTIDE1,PEPTIDE1,1:R1-7:R2$$$",-5.51900000,ok,,flexible
"PEPTIDE1{A.meF.Ser(tBu).meL.Me_dL.meL.L}$PEPTIDE1,PEPTIDE1,1:R1-7:R2$$$",-4.84500000,ok,,flexible
"PEPTIDE1{Me_dA.pentyl_Gly.I.Ser(tBu).L.P.meA}$PEPTIDE1,PEPTIDE1,1:R1-7:R2$$$",-5.63500000,ok,,flexible
"PEPTIDE1{meA.Sar.Me_dL.L.G.V.meL}$PEPTIDE1,PEPTIDE1,1:R1-7:R2$$$",-5.49600000,ok,,flexible
"PEPTIDE1{dV.L.I.meA.A.T.Me_dA}$PEPTIDE1,PEPTIDE1,1:R1-7:R2$$$",-5.93200000,ok,,flexible
"PEPTIDE1{Me_Bal.meL.meF.meL.I.L.Me_dL}$PEPTIDE1,PEPTIDE1,1:R1-7:R2$$$",-5.79900000,ok,,flexible
"PEPTIDE1{meL.A.Sar.meA.T.Ala(5-Tet).F}$PEPTIDE1,PEPTIDE1,1:R1-7:R2$$$",-5.95000000,ok,,flexible
"PEPTIDE1{A.V.meA.Ser(tBu).F.T.meL}$PEPTIDE1,PEPTIDE1,1:R1-7:R2$$$",-5.77500000,ok,,flexible
"PEPTIDE1{meA.T.V.I.A.meV.P}$PEPTIDE1,PEPTIDE1,1:R1-7:R2$$$",-6.58800000,ok,,flexible
"PEPTIDE1{meA.meL.T.dL.L.I.Ser(tBu)}$PEPTIDE1,PEPTIDE1,1:R1-7:R2$$$",-5.65100000,ok,,flexible
"PEPTIDE1{Me_dA.Sar.F.Bn_Gly.A.L.I}$PEPTIDE1,PEPTIDE1,1:R1-7:R2$$$",-5.48000000,ok,,flexible
"PEPTIDE1{Me_dA.dL.F.I.meL.V.P}$PEPTIDE1,PEPTIDE1,1:R1-7:R2$$$",-5.72200000,ok,,flexible
"PEPTIDE1{dA.meL.meF.meI.A.T.Me_dL}$PEPTIDE1,PEPTIDE1,1:R1-7:R2$$$",-5.92500000,ok,,flexible
"PEPTIDE1{dV.meF.T.Abu.T.L.meS}$PEPTIDE1,PEPTIDE1,1:R1-7:R2$$$",-5.66800000,ok,,flexible
"PEPTIDE1{Me_Bal.meL.A.Ser(tBu).Me_dL.pentyl_Gly.L}$PEPTIDE1,PEPTIDE1,1:R1-7:R2$$$",-5.58100000,ok,,flexible
"PEPTIDE1{dV.L.meS.T.meL.dL.F}$PEPTIDE1,PEPTIDE1,1:R1-7:R2$$$",-5.27000000,ok,,flexible
"PEPTIDE1{A.meA.Me_dL.T.L.V.Abu}$PEPTIDE1,PEPTIDE1,1:R1-7:R2$$$",-5.78000000,ok,,flexible
"PEPTIDE1{meA.Pr_Gly.T.meF.F.Bn_Gly.V}$PEPTIDE1,PEPTIDE1,1:R1-7:R2$$$",-6.18400000,ok,,flexible
"PEPTIDE1{L.meS.Me_dL.meL.V.Ala(5-Tet).Me_dA}$PEPTIDE1,PEPTIDE1,1:R1-7:R2$$$",-5.50800000,ok,,flexible
"PEPTIDE1{Me_Bal.meL.L.T.F.Me_dL.meF}$PEPTIDE1,PEPTIDE1,1:R1-7:R2$$$",-6.06800000,ok,,flexible
"PEPTIDE1{meL.T.meL.dL.T.L.Me_dL}$PEPTIDE1,PEPTIDE1,1:R1-7:R2$$$",-4.63400000,ok,,flexible
"PEPTIDE1{Mono6.P.dL.L.G.L.I}$PEPTIDE1,PEPTIDE1,1:R1-7:R2$$$",-5.58700000,ok,,flexible
"PEPTIDE1{P.A.L.Me_dL.I.meA.T}$PEPTIDE1,PEPTIDE1,1:R1-7:R2$$$",-6.24600000,ok,,flexible
"PEPTIDE1{dA.L.T.meL.I.Ser(tBu).meA}$PEPTIDE1,PEPTIDE1,1:R1-7:R2$$$",-5.75600000,ok,,flexible
"PEPTIDE1{dA.L.meL.meA.I.F.F}$PEPTIDE1,PEPTIDE1,1:R1-7:R2$$$",-5.87300000,ok,,flexible
"PEPTIDE1{dF.dP.T.meA.meL.A.Me_dA}$PEPTIDE1,PEPTIDE1,1:R1-7:R2$$$",-6.71500000,ok,,flexible
"PEPTIDE1{Mono6.dL.meS.A.Me_dL.L.meA}$PEPTIDE1,PEPTIDE1,1:R1-7:R2$$$",-5.59100000,ok,,flexible
"PEPTIDE1{meA.meL.L.L.dL.Ser(tBu).dP}$PEPTIDE1,PEPTIDE1,1:R1-7:R2$$$",-5.00600000,ok,,flexible
"PEPTIDE1{L.V.meL.meL.meA.Me_dL.meL}$PEPTIDE1,PEPTIDE1,1:R1-7:R2$$$",-5.20700000,ok,,flexible
"PEPTIDE1{meA.Me_dL.T.meL.L.meF.V}$PEPTIDE1,PEPTIDE1,1:R1-7:R2$$$",-5.87400000,ok,,flexible
"PEPTIDE1{Mono6.meL.cHexCH2_Gly.I.L.meF.Ser(tBu)}$PEPTIDE1,PEPTIDE1,1:R1-7:R2$$$",-5.12800000,ok,,flexible
"PEPTIDE1{Me_dA.pentyl_Gly.V.meA.L.Ser(tBu).Ser(tBu)}$PEPTIDE1,PEPTIDE1,1:R1-7:R2$$$",-4.79400000,ok,,flexible
"PEPTIDE1{A.meA.Me_dL.V.Sar.meF.L}$PEPTIDE1,PEPTIDE1,1:R1-7:R2$$$",-6.53800000,ok,,flexible
"PEPTIDE1{Mono6.T.A.Aoc(2).T.F.3Pal}$PEPTIDE1,PEPTIDE1,1:R1-7:R2$$$",-6.18100000,ok,,flexible
"PEPTIDE1{L.pentyl_Gly.Ser(tBu).dL.meL.P.V}$PEPTIDE1,PEPTIDE1,1:R1-7:R2$$$",-4.99700000,ok,,flexible
"PEPTIDE1{Me_dA.meA.I.L.G.T.dL}$PEPTIDE1,PEPTIDE1,1:R1-7:R2$$$",-5.17400000,ok,,flexible
"PEPTIDE1{meL.Sar.dP.L.A.meL.meA}$PEPTIDE1,PEPTIDE1,1:R1-7:R2$$$",-6.19600000,ok,,flexible
"PEPTIDE1{Mono6.meL.Me_dL.Me_dA.dV.dA.dL}$PEPTIDE1,PEPTIDE1,1:R1-7:R2$$$",-5.96800000,ok,,flexible
"PEPTIDE1{F.pentyl_Gly.G.L.V.I.Ser(tBu)}$PEPTIDE1,PEPTIDE1,1:R1-7:R2$$$",-4.65300000,ok,,flexible
"PEPTIDE1{F.dL.Me_dA.dPye.A.3Pal.T}$PEPTIDE1,PEPTIDE1,1:R1-7:R2$$$",-5.77700000,ok,,flexible
"PEPTIDE1{dV.meF.V.T.P.Ser(tBu).Ser(tBu)}$PEPTIDE1,PEPTIDE1,1:R1-7:R2$$$",-5.70300000,ok,,flexible
"PEPTIDE1{L.meF.meL.Abu.meS.dL.meA}$PEPTIDE1,PEPTIDE1,1:R1-7:R2$$$",-5.30000000,ok,,flexible
"PEPTIDE1{Mono6.meS.A.meL.P.Sar.L}$PEPTIDE1,PEPTIDE1,1:R1-7:R2$$$",-6.22500000,ok,,flexible
"PEPTIDE1{Sar.meL.meA.meL.meF.L.dL}$PEPTIDE1,PEPTIDE1,1:R1-7:R2$$$",-5.93400000,ok,,flexible
"PEPTIDE1{P.meA.F.meF.meL.A.T}$PEPTIDE1,PEPTIDE1,1:R1-7:R2$$$",-6.38600000,ok,,flexible
"PEPTIDE1{meA.T.meF.meL.dA.meL.A}$PEPTIDE1,PEPTIDE1,1:R1-7:R2$$$",-6.52500000,ok,,flexible
"PEPTIDE1{meA.cHexCH2_Gly.Ser(tBu).T.I.dL.meF}$PEPTIDE1,PEPTIDE1,1:R1-7:R2$$$",-5.34500000,ok,,flexible
"PEPTIDE1{A.Pr_Gly.meA.T.I.L.F}$PEPTIDE1,PEPTIDE1,1:R1-7:R2$$$",-5.71600000,ok,,flexible
"PEPTIDE1{A.meF.Mono84.L.F.meA.3Pal}$PEPTIDE1,PEPTIDE1,1:R1-7:R2$$$",-6.37500000,ok,,flexible
"PEPTIDE1{dA.dP.V.meL.T.dL.Bn_Gly}$PEPTIDE1,PEPTIDE1,1:R1-7:R2$$$",-5.82100000,ok,,flexible
"PEPTIDE1{Me_dA.Me_dL.meA.T.F.meF.meL}$PEPTIDE1,PEPTIDE1,1:R1-7:R2$$$",-6.13300000,ok,,flexible
"PEPTIDE1{Me_dA.G.meA.V.I.F.meF}$PEPTIDE1,PEPTIDE1,1:R1-7:R2$$$",-6.42600000,ok,,flexible
"PEPTIDE1{meL.meF.meA.L.T.meV.F}$PEPTIDE1,PEPTIDE1,1:R1-7:R2$$$",-5.55800000,ok,,flexible
"PEPTIDE1{Me_Bal.T.meA.V.L.F.P}$PEPTIDE1,PEPTIDE1,1:R1-7:R2$$$",-7.15300000,ok,,flexible
"PEPTIDE1{Me_Bal.meA.L.A.Ser(tBu).V.meV}$PEPTIDE1,PEPTIDE1,1:R1-7:R2$$$",-6.16600000,ok,,flexible
"PEPTIDE1{Me_dA.F.Me_dL.T.dL.meA.meL}$PEPTIDE1,PEPTIDE1,1:R1-7:R2$$$",-6.01800000,ok,,flexible
"PEPTIDE1{dV.Me_dL.L.P.meL.T.Phe(4-CF3)}$PEPTIDE1,PEPTIDE1,1:R1-7:R2$$$",-5.90900000,ok,,flexible
"PEPTIDE1{meL.A.meA.T.dL.I.V}$PEPTIDE1,PEPTIDE1,1:R1-7:R2$$$",-5.75800000,ok,,flexible
"PEPTIDE1{Me_dA.L.L.dL.P.F.meL}$PEPTIDE1,PEPTIDE1,1:R1-7:R2$$$",-5.92200000,ok,,flexible
"PEPTIDE1{Me_dA.A.dP.meL.meA.dL.T}$PEPTIDE1,PEPTIDE1,1:R1-7:R2$$$",-5.94700000,ok,,flexible
"PEPTIDE1{dV.A.T.Ser(tBu).F.dF.meL}$PEPTIDE1,PEPTIDE1,1:R1-7:R2$$$",-6.20700000,ok,,flexible
"PEPTIDE1{dA.dP.F.meL.T.A.G}$PEPTIDE1,PEPTIDE1,1:R1-7:R2$$$",-6.64600000,ok,,flexible
"PEPTIDE1{Mono6.L.meL.T.T.meA.A}$PEPTIDE1,PEPTIDE1,1:R1-7:R2$$$",-5.89000000,ok,,flexible
"PEPTIDE1{meA.dP.T.Me_dL.L.L.meL}$PEPTIDE1,PEPTIDE1,1:R1-7:R2$$$",-5.39200000,ok,,flexible
"PEPTIDE1{meL.Me_dA.F.L.Ser(tBu).V.meA}$PEPTIDE1,PEPTIDE1,1:R1-7:R2$$$",-5.63400000,ok,,flexible
"PEPTIDE1{Pr_Gly.P.T.T.meA.dL.dP}$PEPTIDE1,PEPTIDE1,1:R1-7:R2$$$",-6.38600000,ok,,flexible
"PEPTIDE1{Pr_Gly.P.meA.dL.A.meA.Me_dL}$PEPTIDE1,PEPTIDE1,1:R1-7:R2$$$",-5.88700000,ok,,flexible
"PEPTIDE1{Me_Bal.meF.Ser(tBu).L.A.dL.T}$PEPTIDE1,PEPTIDE1,1:R1-7:R2$$$",-5.50300000,ok,,flexible
"PEPTIDE1{Me_dA.T.meL.L.meA.Ser(tBu).meF}$PEPTIDE1,PEPTIDE1,1:R1-7:R2$$$",-6.12300000,ok,,flexible
"PEPTIDE1{dV.meL.T.meF.T.L.Ser(tBu)}$PEPTIDE1,PEPTIDE1,1:R1-7:R2$$$",-5.67200000,ok,,flexible
"PEPTIDE1{meA.meL.L.A.meF.T.P}$PEPTIDE1,PEPTIDE1,1:R1-7:R2$$$",-6.30100000,ok,,flexible
"PEPTIDE1{A.V.P.L.F.meL.dL}$PEPTIDE1,PEPTIDE1,1:R1-7:R2$$$",-6.12400000,ok,,flexible
"PEPTIDE1{meA.meL.T.dL.Bn_Gly.T.meF}$PEPTIDE1,PEPTIDE1,1:R1-7:R2$$$",-6.09100000,ok,,flexible
"PEPTIDE1{Me_Bal.meA.T.V.F.meL.T}$PEPTIDE1,PEPTIDE1,1:R1-7:R2$$$",-6.01900000,ok,,flexible
"PEPTIDE1{dF.Aoc(2).L.meL.A.Me_dA.V}$PEPTIDE1,PEPTIDE1,1:R1-7:R2$$$",-5.58000000,ok,,flexible
"PEPTIDE1{dV.A.meL.F.meS.T.P}$PEPTIDE1,PEPTIDE1,1:R1-7:R2$$$",-5.94000000,ok,,flexible
"PEPTIDE1{Pr_Gly.Aoc(2).meL.Ser(tBu).I.L.T}$PEPTIDE1,PEPTIDE1,1:R1-7:R2$$$",-4.57500000,ok,,flexible
"PEPTIDE1{meL.Me_dL.A.meS.meF.F.T}$PEPTIDE1,PEPTIDE1,1:R1-7:R2$$$",-5.68500000,ok,,flexible
"PEPTIDE1{meA.Bn_Gly.T.meF.Ser(tBu).meL.V}$PEPTIDE1,PEPTIDE1,1:R1-7:R2$$$",-5.57100000,ok,,flexible
"PEPTIDE1{Mono6.dP.T.P.P.L.dL}$PEPTIDE1,PEPTIDE1,1:R1-7:R2$$$",-6.14300000,ok,,flexible
"PEPTIDE1{dV.L.meL.meL.meS.meA.Me_dL}$PEPTIDE1,PEPTIDE1,1:R1-7:R2$$$",-5.68800000,ok,,flexible
"PEPTIDE1{meL.A.meS.L.F.Abu.meF}$PEPTIDE1,PEPTIDE1,1:R1-7:R2$$$",-6.58700000,ok,,flexible
"PEPTIDE1{dV.T.meL.Abu.meA.A.L}$PEPTIDE1,PEPTIDE1,1:R1-7:R2$$$",-5.91500000,ok,,flexible
"PEPTIDE1{dP.Me_dA.L.A.meL.Me_dL.meA}$PEPTIDE1,PEPTIDE1,1:R1-7:R2$$$",-6.06600000,ok,,flexible
"PEPTIDE1{meA.L.Me_dL.Bn_Gly.meL.meL.dP}$PEPTIDE1,PEPTIDE1,1:R1-7:R2$$$",-5.82700000,ok,,flexible
"PEPTIDE1{dV.dL.T.meL.A.P.meA}$PEPTIDE1,PEPTIDE1,1:R1-7:R2$$$",-6.10200000,ok,,flexible
"PEPTIDE1{Sar.meA.I.F.meF.T.G}$PEPTIDE1,PEPTIDE1,1:R1-7:R2$$$",-5.65400000,ok,,flexible
"PEPTIDE1{dF.T.A.I.meF.Ser(tBu).F}$PEPTIDE1,PEPTIDE1,1:R1-7:R2$$$",-6.28100000,ok,,flexible
"PEPTIDE1{P.T.meL.L.F.Me_dL.L}$PEPTIDE1,PEPTIDE1,1:R1-7:R2$$$",-5.87200000,ok,,flexible
"PEPTIDE1{L.meL.cHexCH2_Gly.V.G.meV.I}$PEPTIDE1,PEPTIDE1,1:R1-7:R2$$$",-5.31400000,ok,,flexible
"PEPTIDE1{meA.I.meL.L.meL.meA.A}$PEPTIDE1,PEPTIDE1,1:R1-7:R2$$$",-5.39800000,ok,,flexible
"PEPTIDE1{meL.meS.Aoc(2).Abu.dP.dL.I}$PEPTIDE1,PEPTIDE1,1:R1-7:R2$$$",-5.05200000,ok,,flexible
"PEPTIDE1{Me_dA.Pr_Gly.T.dL.Me_dL.meL.pentyl_Gly}$PEPTIDE1,PEPTIDE1,1:R1-7:R2$$$",-4.80100000,ok,,flexible
"PEPTIDE1{Me_Bal.L.T.Me_dL.meL.meV.V}$PEPTIDE1,PEPTIDE1,1:R1-7:R2$$$",-5.68200000,ok,,flexible
"PEPTIDE1{Me_dA.T.meL.meA.L.P.dV}$PEPTIDE1,PEPTIDE1,1:R1-7:R2$$$",-5.86800000,ok,,flexible
"PEPTIDE1{A.T.meF.meS.dL.meL.L}$PEPTIDE1,PEPTIDE1,1:R1-7:R2$$$",-5.51500000,ok,,flexible
"PEPTIDE1{Mono6.L.T.F.Me_dL.meA.T}$PEPTIDE1,PEPTIDE1,1:R1-7:R2$$$",-5.56200000,ok,,flexible
"PEPTIDE1{meA.L.meS.meL.F.A.dP}$PEPTIDE1,PEPTIDE1,1:R1-7:R2$$$",-6.74700000,ok,,flexible
"PEPTIDE1{meL.A.I.L.L.G.V}$PEPTIDE1,PEPTIDE1,1:R1-7:R2$$$",-5.51300000,ok,,flexible
"PEPTIDE1{Sar.T.meF.I.V.F.meA}$PEPTIDE1,PEPTIDE1,1:R1-7:R2$$$",-6.05800000,ok,,flexible
"PEPTIDE1{P.Pr_Gly.dL.Aoc(2).meL.L.I}$PEPTIDE1,PEPTIDE1,1:R1-7:R2$$$",-5.21900000,ok,,flexible
"PEPTIDE1{F.L.dP.cHexCH2_Gly.T.A.meF}$PEPTIDE1,PEPTIDE1,1:R1-7:R2$$$",-6.30200000,ok,,flexible
"PEPTIDE1{Me_dA.Sar.meL.Me_dL.meA.meF.meL}$PEPTIDE1,PEPTIDE1,1:R1-7:R2$$$",-5.93200000,ok,,flexible
"PEPTIDE1{dV.meF.F.T.meA.dL.L}$PEPTIDE1,PEPTIDE1,1:R1-7:R2$$$",-6.05100000,ok,,flexible
"PEPTIDE1{meA.T.meL.meV.Me_dL.Me_dA.A}$PEPTIDE1,PEPTIDE1,1:R1-7:R2$$$",-5.79800000,ok,,flexible
"PEPTIDE1{Me_dA.meL.meA.F.P.T.Me_dL}$PEPTIDE1,PEPTIDE1,1:R1-7:R2$$$",-6.51300000,ok,,flexible
"PEPTIDE1{A.Me_Phe(3-Cl).I.dL.meA.meL.F}$PEPTIDE1,PEPTIDE1,1:R1-7:R2$$$",-6.24300000,ok,,flexible
"PEPTIDE1{meL.meF.Aoc(2).meS.Sar.Abu.F}$PEPTIDE1,PEPTIDE1,1:R1-7:R2$$$",-5.25000000,ok,,flexible
"PEPTIDE1{A.meL.meL.T.T.L.V}$PEPTIDE1,PEPTIDE1,1:R1-7:R2$$$",-5.88400000,ok,,flexible
"PEPTIDE1{dP.meL.G.T.L.A.Aib}$PEPTIDE1,PEPTIDE1,1:R1-7:R2$$$",-6.41500000,ok,,flexible
"PEPTIDE1{A.meL.Me_dA.dL.T.V.L}$PEPTIDE1,PEPTIDE1,1:R1-7:R2$$$",-5.66000000,ok,,flexible
"PEPTIDE1{F.meS.Aoc(2).meL.meF.L.L}$PEPTIDE1,PEPTIDE1,1:R1-7:R2$$$",-5.17400000,ok,,flexible
"PEPTIDE1{dF.Me_dL.Abu.Me_dA.Ala(5-Tet).A.dP}$PEPTIDE1,PEPTIDE1,1:R1-7:R2$$$",-6.40500000,ok,,flexible
"PEPTIDE1{meL.pentyl_Gly.I.A.meF.P.meA}$PEPTIDE1,PEPTIDE1,1:R1-7:R2$$$",-5.17300000,ok,,flexible
"PEPTIDE1{meA.F.I.L.L.A.V}$PEPTIDE1,PEPTIDE1,1:R1-7:R2$$$",-5.61900000,ok,,flexible
"PEPTIDE1{Me_dA.meA.dP.meL.meF.L.V}$PEPTIDE1,PEPTIDE1,1:R1-7:R2$$$",-5.86600000,ok,,flexible
"PEPTIDE1{dA.meL.Ser(tBu).T.Me_dL.A.F}$PEPTIDE1,PEPTIDE1,1:R1-7:R2$$$",-5.92800000,ok,,flexible
"PEPTIDE1{Me_dA.meF.meL.dP.Me_dL.L.Abu}$PEPTIDE1,PEPTIDE1,1:R1-7:R2$$$",-6.48000000,ok,,flexible
"PEPTIDE1{dP.dA.meA.G.L.Ser(tBu).A}$PEPTIDE1,PEPTIDE1,1:R1-7:R2$$$",-6.41400000,ok,,flexible
"PEPTIDE1{Me_Bal.meF.A.meL.V.F.Me_dL}$PEPTIDE1,PEPTIDE1,1:R1-7:R2$$$",-6.47300000,ok,,flexible
"PEPTIDE1{meL.dP.Me_dL.meS.A.T.dL}$PEPTIDE1,PEPTIDE1,1:R1-7:R2$$$",-5.26100000,ok,,flexible
"PEPTIDE1{dV.Me_dA.meA.meL.dA.dL.A}$PEPTIDE1,PEPTIDE1,1:R1-7:R2$$$",-6.53500000,ok,,flexible
"PEPTIDE1{meL.meF.L.Abu.dA.meS.meA}$PEPTIDE1,PEPTIDE1,1:R1-7:R2$$$",-6.07500000,ok,,flexible
"PEPTIDE1{A.Me_dA.dL.Me_dL.meA.V.meL}$PEPTIDE1,PEPTIDE1,1:R1-7:R2$$$",-5.50800000,ok,,flexible
"PEPTIDE1{Sar.L.L.Me_dL.dL.G.A}$PEPTIDE1,PEPTIDE1,1:R1-7:R2$$$",-5.81400000,ok,,flexible
"PEPTIDE1{Me_Bal.A.L.T.meL.meL.L}$PEPTIDE1,PEPTIDE1,1:R1-7:R2$$$",-5.42900000,ok,,flexible
"PEPTIDE1{Me_dA.meL.A.T.L.dA.A}$PEPTIDE1,PEPTIDE1,1:R1-7:R2$$$",-5.82300000,ok,,flexible
"PEPTIDE1{meL.A.Abu.Me_dL.meL.Ala(5-Tet).Sar}$PEPTIDE1,PEPTIDE1,1:R1-7:R2$$$",-5.80300000,ok,,flexible
"PEPTIDE1{A.F.L.T.I.V.meA}$PEPTIDE1,PEPTIDE1,1:R1-7:R2$$$",-5.99600000,ok,,flexible
"PEPTIDE1{dA.L.meA.T.I.dL.Me_dL}$PEPTIDE1,PEPTIDE1,1:R1-7:R2$$$",-5.53800000,ok,,flexible
"PEPTIDE1{dA.A.Abu.Me_dA.meA.dL.Me_dL}$PEPTIDE1,PEPTIDE1,1:R1-7:R2$$$",-6.19000000,ok,,flexible
"PEPTIDE1{Pr_Gly.L.meL.dL.dP.Ser(tBu).meA}$PEPTIDE1,PEPTIDE1,1:R1-7:R2$$$",-5.25500000,ok,,flexible
"PEPTIDE1{L.dL.L.meA.meL.V.meL}$PEPTIDE1,PEPTIDE1,1:R1-7:R2$$$",-5.01400000,ok,,flexible
"PEPTIDE1{dV.dP.F.P.Me_dL.meL.meA}$PEPTIDE1,PEPTIDE1,1:R1-7:R2$$$",-6.85800000,ok,,flexible
"PEPTIDE1{Me_dA.meF.A.T.F.P.T}$PEPTIDE1,PEPTIDE1,1:R1-7:R2$$$",-6.66000000,ok,,flexible
"PEPTIDE1{Me_Bal.P.F.dP.A.L.G}$PEPTIDE1,PEPTIDE1,1:R1-7:R2$$$",-7.00000000,ok,,flexible
"PEPTIDE1{dA.meL.L.T.meA.T.meA}$PEPTIDE1,PEPTIDE1,1:R1-7:R2$$$",-5.81500000,ok,,flexible
"PEPTIDE1{dF.dL.meL.Ser(tBu).T.V.T}$PEPTIDE1,PEPTIDE1,1:R1-7:R2$$$",-5.17100000,ok,,flexible
"PEPTIDE1{Me_Bal.A.meA.T.dA.P.F}$PEPTIDE1,PEPTIDE1,1:R1-7:R2$$$",-6.72300000,ok,,flexible
"PEPTIDE1{dV.Ala(5-Tet).meS.meA.L.meF.Sar}$PEPTIDE1,PEPTIDE1,1:R1-7:R2$$$",-6.29000000,ok,,flexible
"PEPTIDE1{meL.A.meA.Me_dL.T.F.Me_dL}$PEPTIDE1,PEPTIDE1,1:R1-7:R2$$$",-5.61600000,ok,,flexible
"PEPTIDE1{meA.L.Me_dL.Abu.meL.dP.T}$PEPTIDE1,PEPTIDE1,1:R1-7:R2$$$",-5.47300000,ok,,flexible
"PEPTIDE1{dP.meL.meA.L.F.dL.meF}$PEPTIDE1,PEPTIDE1,1:R1-7:R2$$$",-5.64700000,ok,,flexible
"PEPTIDE1{Me_dA.T.T.meA.meS.meF.A}$PEPTIDE1,PEPTIDE1,1:R1-7:R2$$$",-6.18700000,ok,,flexible
"PEPTIDE1{meA.P.T.A.Ser(tBu).L.Me_dA}$PEPTIDE1,PEPTIDE1,1:R1-7:R2$$$",-5.80400000,ok,,flexible
"PEPTIDE1{dF.Ala(5-Tet).A.Me_dL.meA.meL.T}$PEPTIDE1,PEPTIDE1,1:R1-7:R2$$$",-5.50600000,ok,,flexible
"PEPTIDE1{Mono6.meL.T.I.meF.meA.F}$PEPTIDE1,PEPTIDE1,1:R1-7:R2$$$",-6.71700000,ok,,flexible
"PEPTIDE1{dV.A.meL.Me_dL.V.I.dL}$PEPTIDE1,PEPTIDE1,1:R1-7:R2$$$",-5.74100000,ok,,flexible
"PEPTIDE1{dA.Abu.meS.Ala(5-Tet).Sar.L.meF}$PEPTIDE1,PEPTIDE1,1:R1-7:R2$$$",-6.69200000,ok,,flexible
"PEPTIDE1{dA.L.F.Me_dL.meA.G.meL}$PEPTIDE1,PEPTIDE1,1:R1-7:R2$$$",-6.05700000,ok,,flexible
"PEPTIDE1{meL.meS.Me_dL.L.meA.Me_dA.meL}$PEPTIDE1,PEPTIDE1,1:R1-7:R2$$$",-5.47100000,ok,,flexible
"PEPTIDE1{A.V.meL.L.Me_dL.dL.meA}$PEPTIDE1,PEPTIDE1,1:R1-7:R2$$$",-5.44100000,ok,,flexible
"PEPTIDE1{Sar.F.meA.I.V.dL.A}$PEPTIDE1,PEPTIDE1,1:R1-7:R2$$$",-5.64400000,ok,,flexible
"PEPTIDE1{Mono6.meA.A.L.P.T.Ala(5-Tet)}$PEPTIDE1,PEPTIDE1,1:R1-7:R2$$$",-6.36100000,ok,,flexible
"PEPTIDE1{dV.Me_dL.T.dP.F.T.T}$PEPTIDE1,PEPTIDE1,1:R1-7:R2$$$",-5.82600000,ok,,flexible
"PEPTIDE1{dA.meF.T.Me_dL.L.meL.meV}$PEPTIDE1,PEPTIDE1,1:R1-7:R2$$$",-5.89700000,ok,,flexible
"PEPTIDE1{Mono6.meL.meL.I.I.Ser(tBu).T}$PEPTIDE1,PEPTIDE1,1:R1-7:R2$$$",-5.09700000,ok,,flexible
"PEPTIDE1{meA.L.meL.T.V.dP.dL}$PEPTIDE1,PEPTIDE1,1:R1-7:R2$$$",-5.99300000,ok,,flexible
"PEPTIDE1{meL.L.A.meF.Me_dL.P.dL}$PEPTIDE1,PEPTIDE1,1:R1-7:R2$$$",-5.62100000,ok,,flexible
"PEPTIDE1{Me_dA.dP.meL.meS.Me_dA.V.Abu}$PEPTIDE1,PEPTIDE1,1:R1-7:R2$$$",-5.77700000,ok,,flexible
"PEPTIDE1{P.Pr_Gly.A.meA.F.Me_dL.meF}$PEPTIDE1,PEPTIDE1,1:R1-7:R2$$$",-6.38600000,ok,,flexible
"PEPTIDE1{A.F.V.Me_dL.meA.T.P}$PEPTIDE1,PEPTIDE1,1:R1-7:R2$$$",-5.88700000,ok,,flexible
"PEPTIDE1{Me_dA.F.meA.P.Bn_Gly.L.V}$PEPTIDE1,PEPTIDE1,1:R1-7:R2$$$",-6.32200000,ok,,flexible
"PEPTIDE1{dA.meA.Me_dL.V.A.P.F}$PEPTIDE1,PEPTIDE1,1:R1-7:R2$$$",-6.37800000,ok,,flexible
"PEPTIDE1{Mono6.meF.L.dA.Me_dA.meA.meL}$PEPTIDE1,PEPTIDE1,1:R1-7:R2$$$",-6.79600000,ok,,flexible
"PEPTIDE1{Me_dA.dL.F.T.L.V.Ser(tBu)}$PEPTIDE1,PEPTIDE1,1:R1-7:R2$$$",-5.42100000,ok,,flexible
"PEPTIDE1{Mono6.pentyl_Gly.L.T.cHexCH2_Gly.T.meF}$PEPTIDE1,PEPTIDE1,1:R1-7:R2$$$",-5.28500000,ok,,flexible
"PEPTIDE1{Me_dA.Me_dL.meS.meF.L.T.G}$PEPTIDE1,PEPTIDE1,1:R1-7:R2$$$",-5.94800000,ok,,flexible
"PEPTIDE1{A.I.T.Bn_Gly.V.meF.L}$PEPTIDE1,PEPTIDE1,1:R1-7:R2$$$",-5.35800000,ok,,flexible
"PEPTIDE1{Me_dA.meL.L.Me_dL.meF.meA.meL}$PEPTIDE1,PEPTIDE1,1:R1-7:R2$$$",-5.79800000,ok,,flexible
"PEPTIDE1{dA.P.meL.Aib.A.Me_Phe(3-Cl).Pr_Gly}$PEPTIDE1,PEPTIDE1,1:R1-7:R2$$$",-6.73800000,ok,,flexible
"PEPTIDE1{dV.Aoc(2).meL.A.T.meL.L}$PEPTIDE1,PEPTIDE1,1:R1-7:R2$$$",-5.15400000,ok,,flexible
"PEPTIDE1{Me_Bal.meA.meL.V.meL.meF.T}$PEPTIDE1,PEPTIDE1,1:R1-7:R2$$$",-5.99700000,ok,,flexible
"PEPTIDE1{L.A.F.Me_dL.T.meL.T}$PEPTIDE1,PEPTIDE1,1:R1-7:R2$$$",-5.54700000,ok,,flexible
"PEPTIDE1{Me_dA.A.Me_dL.meF.meV.V.L}$PEPTIDE1,PEPTIDE1,1:R1-7:R2$$$",-5.97400000,ok,,flexible
"PEPTIDE1{Me_Bal.T.meL.Me_dL.L.meF.F}$PEPTIDE1,PEPTIDE1,1:R1-7:R2$$$",-5.34200000,ok,,flexible
"PEPTIDE1{Me_dA.meF.Me_dL.meL.L.T.A}$PEPTIDE1,PEPTIDE1,1:R1-7:R2$$$",-5.75400000,ok,,flexible
"PEPTIDE1{dA.L.pentyl_Gly.meA.T.meL.dL}$PEPTIDE1,PEPTIDE1,1:R1-7:R2$$$",-6.24700000,ok,,flexible
"PEPTIDE1{Mono6.A.meA.meL.L.I.meV}$PEPTIDE1,PEPTIDE1,1:R1-7:R2$$$",-6.44200000,ok,,flexible
"PEPTIDE1{dV.Aoc(2).A.Sar.meS.meA.meL}$PEPTIDE1,PEPTIDE1,1:R1-7:R2$$$",-5.25900000,ok,,flexible
"PEPTIDE1{dF.pentyl_Gly.F.I.Ser(tBu).L.V}$PEPTIDE1,PEPTIDE1,1:R1-7:R2$$$",-5.04500000,ok,,flexible
"PEPTIDE1{A.meA.Me_dL.meL.meV.dL.V}$PEPTIDE1,PEPTIDE1,1:R1-7:R2$$$",-5.80900000,ok,,flexible
"PEPTIDE1{dA.T.meL.meA.Me_dL.A.meF}$PEPTIDE1,PEPTIDE1,1:R1-7:R2$$$",-6.38500000,ok,,flexible
"PEPTIDE1{F.L.L.Ser(tBu).dL.A.meL}$PEPTIDE1,PEPTIDE1,1:R1-7:R2$$$",-5.57800000,ok,,flexible
"PEPTIDE1{Me_Bal.Pr_Gly.meL.dL.Me_dL.meA.dF}$PEPTIDE1,PEPTIDE1,1:R1-7:R2$$$",-5.56600000,ok,,flexible
"PEPTIDE1{meA.Me_dA.V.T.L.L.meF}$PEPTIDE1,PEPTIDE1,1:R1-7:R2$$$",-6.52000000,ok,,flexible
"PEPTIDE1{A.meA.meF.Ser(tBu).P.meL.T}$PEPTIDE1,PEPTIDE1,1:R1-7:R2$$$",-6.06300000,ok,,flexible
"PEPTIDE1{Me_dA.meS.meA.Abu.P.meL.meF}$PEPTIDE1,PEPTIDE1,1:R1-7:R2$$$",-6.65800000,ok,,flexible
"PEPTIDE1{Me_dA.V.meA.meL.F.L.P}$PEPTIDE1,PEPTIDE1,1:R1-7:R2$$$",-6.79100000,ok,,flexible
"PEPTIDE1{dA.dP.V.dF.Me_dL.meL.dL}$PEPTIDE1,PEPTIDE1,1:R1-7:R2$$$",-5.58700000,ok,,flexible
"PEPTIDE1{A.F.P.meA.meL.I.Me_dL}$PEPTIDE1,PEPTIDE1,1:R1-7:R2$$$",-6.31000000,ok,,flexible
"PEPTIDE1{Me_dA.meL.meF.meS.dL.P.dP}$PEPTIDE1,PEPTIDE1,1:R1-7:R2$$$",-6.41000000,ok,,flexible
"PEPTIDE1{dV.Abu.meA.meS.L.T.meF}$PEPTIDE1,PEPTIDE1,1:R1-7:R2$$$",-6.47900000,ok,,flexible
"PEPTIDE1{dA.meA.T.dL.meL.I.L}$PEPTIDE1,PEPTIDE1,1:R1-7:R2$$$",-5.51600000,ok,,flexible
"PEPTIDE1{meL.meA.F.L.A.T.Ala(5-Tet)}$PEPTIDE1,PEPTIDE1,1:R1-7:R2$$$",-6.43900000,ok,,flexible
"PEPTIDE1{dV.L.meL.T.meF.V.Me_dL}$PEPTIDE1,PEPTIDE1,1:R1-7:R2$$$",-5.39400000,ok,,flexible
"PEPTIDE1{meA.L.Mono38.dL.T.Mono78.Ser(tBu)}$PEPTIDE1,PEPTIDE1,1:R1-7:R2$$$",-6.39500000,ok,,flexible
"PEPTIDE1{dV.meA.dP.meL.Ser(tBu).Me_dA.G}$PEPTIDE1,PEPTIDE1,1:R1-7:R2$$$",-5.54700000,ok,,flexible
"PEPTIDE1{A.meS.T.dA.dV.F.Abu}$PEPTIDE1,PEPTIDE1,1:R1-7:R2$$$",-6.02800000,ok,,flexible
"PEPTIDE1{dA.T.T.P.A.dP.Me_dL}$PEPTIDE1,PEPTIDE1,1:R1-7:R2$$$",-6.73400000,ok,,flexible
"PEPTIDE1{dF.Me_Phe(3-Cl).meL.T.dL.Me_dL.L}$PEPTIDE1,PEPTIDE1,1:R1-7:R2$$$",-5.66200000,ok,,flexible
"PEPTIDE1{meA.L.V.F.I.dV.meL}$PEPTIDE1,PEPTIDE1,1:R1-7:R2$$$",-6.06600000,ok,,flexible
"PEPTIDE1{A.pentyl_Gly.Sar.meF.F.meA.V}$PEPTIDE1,PEPTIDE1,1:R1-7:R2$$$",-5.67500000,ok,,flexible
"PEPTIDE1{Mono6.P.L.meA.T.A.G}$PEPTIDE1,PEPTIDE1,1:R1-7:R2$$$",-6.63500000,ok,,flexible
"PEPTIDE1{Me_Bal.Me_dL.L.meL.V.meV.I}$PEPTIDE1,PEPTIDE1,1:R1-7:R2$$$",-5.48400000,ok,,flexible
"PEPTIDE1{F.meA.A.L.I.L.dL}$PEPTIDE1,PEPTIDE1,1:R1-7:R2$$$",-5.80100000,ok,,flexible
"PEPTIDE1{Pr_Gly.meL.P.F.meA.Me_dL.V}$PEPTIDE1,PEPTIDE1,1:R1-7:R2$$$",-6.01300000,ok,,flexible
"PEPTIDE1{A.Pr_Gly.P.Me_dL.meF.meL.V}$PEPTIDE1,PEPTIDE1,1:R1-7:R2$$$",-5.33900000,ok,,flexible
"PEPTIDE1{Me_Bal.Bn_Gly.T.meL.meF.L.V}$PEPTIDE1,PEPTIDE1,1:R1-7:R2$$$",-5.41700000,ok,,flexible
"PEPTIDE1{dF.pentyl_Gly.dL.meL.Me_dL.F.Ser(tBu)}$PEPTIDE1,PEPTIDE1,1:R1-7:R2$$$",-5.20100000,ok,,flexible
"PEPTIDE1{meA.I.meL.F.A.L.T}$PEPTIDE1,PEPTIDE1,1:R1-7:R2$$$",-6.23100000,ok,,flexible
"PEPTIDE1{Pr_Gly.cHexCH2_Gly.pentyl_Gly.L.G.A.Ser(tBu)}$PEPTIDE1,PEPTIDE1,1:R1-7:R2$$$",-4.94900000,ok,,flexible
"PEPTIDE1{dA.pentyl_Gly.meA.V.L.T.L}$PEPTIDE1,PEPTIDE1,1:R1-7:R2$$$",-5.26100000,ok,,flexible
"PEPTIDE1{A.meS.L.meL.Phe(4-CF3).T.meF}$PEPTIDE1,PEPTIDE1,1:R1-7:R2$$$",-5.84400000,ok,,flexible
"PEPTIDE1{meA.meF.meL.T.Sar.F.V}$PEPTIDE1,PEPTIDE1,1:R1-7:R2$$$",-5.33400000,ok,,flexible
"PEPTIDE1{dV.A.Me_dL.meF.F.L.P}$PEPTIDE1,PEPTIDE1,1:R1-7:R2$$$",-6.14400000,ok,,flexible
"PEPTIDE1{Me_dA.pentyl_Gly.L.meL.V.L.meA}$PEPTIDE1,PEPTIDE1,1:R1-7:R2$$$",-5.86100000,ok,,flexible
"PEPTIDE1{dV.meL.I.G.T.meA.meF}$PEPTIDE1,PEPTIDE1,1:R1-7:R2$$$",-5.94200000,ok,,flexible
"PEPTIDE1{F.T.meA.meF.A.dL.Me_Phe(3-Cl)}$PEPTIDE1,PEPTIDE1,1:R1-7:R2$$$",-7.06400000,ok,,flexible
"PEPTIDE1{dV.P.L.meL.Me_dL.Ser(tBu).A}$PEPTIDE1,PEPTIDE1,1:R1-7:R2$$$",-5.58900000,ok,,flexible
"PEPTIDE1{Me_dA.pentyl_Gly.cHexCH2_Gly.meF.I.meL.Ser(tBu)}$PEPTIDE1,PEPTIDE1,1:R1-7:R2$$$",-4.86100000,ok,,flexible
"PEPTIDE1{Mono6.dL.P.meF.meL.Abu.F}$PEPTIDE1,PEPTIDE1,1:R1-7:R2$$$",-5.53400000,ok,,flexible
"PEPTIDE1{dP.Me_dA.meF.meA.meL.L.F}$PEPTIDE1,PEPTIDE1,1:R1-7:R2$$$",-6.30800000,ok,,flexible
"PEPTIDE1{meA.P.A.I.dL.Me_Phe(3-Cl).meF}$PEPTIDE1,PEPTIDE1,1:R1-7:R2$$$",-6.68600000,ok,,flexible
"PEPTIDE1{meA.meL.Abu.T.A.meF.I}$PEPTIDE1,PEPTIDE1,1:R1-7:R2$$$",-6.13400000,ok,,flexible
"PEPTIDE1{F.P.G.T.L.V.Me_dL}$PEPTIDE1,PEPTIDE1,1:R1-7:R2$$$",-5.87400000,ok,,flexible
"PEPTIDE1{Me_Bal.L.T.Mono84.pentyl_Gly.L.meL}$PEPTIDE1,PEPTIDE1,1:R1-7:R2$$$",-5.66800000,ok,,flexible
"PEPTIDE1{F.meA.Me_dL.Ser(tBu).meL.meF.I}$PEPTIDE1,PEPTIDE1,1:R1-7:R2$$$",-5.79700000,ok,,flexible
"PEPTIDE1{Pr_Gly.meF.P.meL.Abu.meS.L}$PEPTIDE1,PEPTIDE1,1:R1-7:R2$$$",-5.58100000,ok,,flexible
"PEPTIDE1{L.T.Bn_Gly.meL.dL.meA.A}$PEPTIDE1,PEPTIDE1,1:R1-7:R2$$$",-5.69100000,ok,,flexible
"PEPTIDE1{dV.V.dL.Ser(tBu).meL.P.I}$PEPTIDE1,PEPTIDE1,1:R1-7:R2$$$",-6.06300000,ok,,flexible
"PEPTIDE1{dA.meL.L.meL.meA.meF.Me_dL}$PEPTIDE1,PEPTIDE1,1:R1-7:R2$$$",-5.49200000,ok,,flexible
"PEPTIDE1{Mono6.T.Me_dA.P.dP.meS.A}$PEPTIDE1,PEPTIDE1,1:R1-7:R2$$$",-6.59400000,ok,,flexible
"PEPTIDE1{Me_Bal.Me_dL.L.meA.F.I.T}$PEPTIDE1,PEPTIDE1,1:R1-7:R2$$$",-5.54700000,ok,,flexible
"PEPTIDE1{meA.G.dL.meL.A.T.meF}$PEPTIDE1,PEPTIDE1,1:R1-7:R2$$$",-6.19400000,ok,,flexible
"PEPTIDE1{meA.Pr_Gly.F.I.P.dL.T}$PEPTIDE1,PEPTIDE1,1:R1-7:R2$$$",-6.05200000,ok,,flexible
"PEPTIDE1{A.meA.T.dP.P.meA.Me_dL}$PEPTIDE1,PEPTIDE1,1:R1-7:R2$$$",-7.05000000,ok,,flexible
"PEPTIDE1{Me_Bal.meL.L.meA.V.meF.Me_dL}$PEPTIDE1,PEPTIDE1,1:R1-7:R2$$$",-5.94900000,ok,,flexible
"PEPTIDE1{dF.I.T.dL.A.meA.meL}$PEPTIDE1,PEPTIDE1,1:R1-7:R2$$$",-6.26500000,ok,,flexible
"PEPTIDE1{dA.Me_dA.dL.meA.L.Sar.meI}$PEPTIDE1,PEPTIDE1,1:R1-7:R2$$$",-5.83400000,ok,,flexible
"PEPTIDE1{Me_dA.T.meF.meL.dP.Me_dL.L}$PEPTIDE1,PEPTIDE1,1:R1-7:R2$$$",-5.51000000,ok,,flexible
"PEPTIDE1{Me_Bal.meA.F.I.L.Me_dL.A}$PEPTIDE1,PEPTIDE1,1:R1-7:R2$$$",-7.15800000,ok,,flexible
"PEPTIDE1{dA.meA.V.Me_dL.meL.Bn_Gly.L}$PEPTIDE1,PEPTIDE1,1:R1-7:R2$$$",-5.96000000,ok,,flexible
"PEPTIDE1{Mono6.T.meF.meA.V.T.meL}$PEPTIDE1,PEPTIDE1,1:R1-7:R2$$$",-5.80300000,ok,,flexible
"PEPTIDE1{dA.meF.meA.T.P.V.L}$PEPTIDE1,PEPTIDE1,1:R1-7:R2$$$",-6.45700000,ok,,flexible
"PEPTIDE1{L.Abu.meL.A.T.meA.dP}$PEPTIDE1,PEPTIDE1,1:R1-7:R2$$$",-6.21100000,ok,,flexible
"PEPTIDE1{meA.Ser(tBu).T.T.A.meL.Me_dA}$PEPTIDE1,PEPTIDE1,1:R1-7:R2$$$",-6.23000000,ok,,flexible
"PEPTIDE1{meA.Me_dL.meF.Abu.F.I.A}$PEPTIDE1,PEPTIDE1,1:R1-7:R2$$$",-5.99300000,ok,,flexible
"PEPTIDE1{Me_dA.meL.L.Abu.T.meA.Sar}$PEPTIDE1,PEPTIDE1,1:R1-7:R2$$$",-6.10000000,ok,,flexible
"PEPTIDE1{meL.meA.meF.F.Me_dL.V.dL}$PEPTIDE1,PEPTIDE1,1:R1-7:R2$$$",-5.36400000,ok,,flexible
"PEPTIDE1{P.Pr_Gly.meL.I.Me_dL.meA.T}$PEPTIDE1,PEPTIDE1,1:R1-7:R2$$$",-4.92800000,ok,,flexible
"PEPTIDE1{Me_dA.Pr_Gly.T.meF.L.meL.dL}$PEPTIDE1,PEPTIDE1,1:R1-7:R2$$$",-5.39300000,ok,,flexible
"PEPTIDE1{Me_dA.T.meS.meA.meL.Me_dL.A}$PEPTIDE1,PEPTIDE1,1:R1-7:R2$$$",-6.21400000,ok,,flexible
"PEPTIDE1{meA.meF.dL.L.F.meL.T}$PEPTIDE1,PEPTIDE1,1:R1-7:R2$$$",-5.26500000,ok,,flexible
"PEPTIDE1{A.Aoc(2).meF.meL.T.dA.Me_dL}$PEPTIDE1,PEPTIDE1,1:R1-7:R2$$$",-5.41200000,ok,,flexible
"PEPTIDE1{Me_dA.L.Me_dL.meF.P.meA.I}$PEPTIDE1,PEPTIDE1,1:R1-7:R2$$$",-6.14000000,ok,,flexible
"PEPTIDE1{Me_dA.meF.L.Me_dL.G.T.meL}$PEPTIDE1,PEPTIDE1,1:R1-7:R2$$$",-6.27300000,ok,,flexible
"PEPTIDE1{dP.Pr_Gly.dA.dL.A.Pr_Gly.Me_dL}$PEPTIDE1,PEPTIDE1,1:R1-7:R2$$$",-5.96800000,ok,,flexible
"PEPTIDE1{Me_dA.V.meA.Me_dL.dL.meF.T}$PEPTIDE1,PEPTIDE1,1:R1-7:R2$$$",-6.58800000,ok,,flexible
"PEPTIDE1{Me_dA.meL.meF.meA.T.T.meL}$PEPTIDE1,PEPTIDE1,1:R1-7:R2$$$",-5.43400000,ok,,flexible
"PEPTIDE1{Mono6.T.Me_dL.P.dL.V.P}$PEPTIDE1,PEPTIDE1,1:R1-7:R2$$$",-6.03400000,ok,,flexible
"PEPTIDE1{L.Abu.meL.T.meA.V.dL}$PEPTIDE1,PEPTIDE1,1:R1-7:R2$$$",-5.39200000,ok,,flexible
"PEPTIDE1{Mono6.dP.meL.meA.Me_dL.pentyl_Gly.meL}$PEPTIDE1,PEPTIDE1,1:R1-7:R2$$$",-4.99300000,ok,,flexible
"PEPTIDE1{meA.Me_dA.meL.Me_dL.dL.A.V}$PEPTIDE1,PEPTIDE1,1:R1-7:R2$$$",-6.07500000,ok,,flexible
"PEPTIDE1{dV.meA.T.meF.meL.Sar.dL}$PEPTIDE1,PEPTIDE1,1:R1-7:R2$$$",-6.66600000,ok,,flexible
"PEPTIDE1{L.meL.T.A.meA.F.T}$PEPTIDE1,PEPTIDE1,1:R1-7:R2$$$",-5.83500000,ok,,flexible
"PEPTIDE1{meA.A.T.F.meF.T.dP}$PEPTIDE1,PEPTIDE1,1:R1-7:R2$$$",-7.12300000,ok,,flexible
"PEPTIDE1{Sar.dP.T.dL.V.P.L}$PEPTIDE1,PEPTIDE1,1:R1-7:R2$$$",-5.98900000,ok,,flexible
"PEPTIDE1{Me_dA.L.meL.meF.F.dP.I}$PEPTIDE1,PEPTIDE1,1:R1-7:R2$$$",-5.92600000,ok,,flexible
"PEPTIDE1{L.meA.Ala(5-Tet).F.Me_dL.T.meF}$PEPTIDE1,PEPTIDE1,1:R1-7:R2$$$",-6.21900000,ok,,flexible
"PEPTIDE1{dP.Pr_Gly.T.P.meA.meL.Ser(tBu)}$PEPTIDE1,PEPTIDE1,1:R1-7:R2$$$",-5.73400000,ok,,flexible
"PEPTIDE1{dA.meL.L.A.meA.Me_dL.meF}$PEPTIDE1,PEPTIDE1,1:R1-7:R2$$$",-5.49600000,ok,,flexible
"PEPTIDE1{dV.meL.A.meS.T.meF.Me_dL}$PEPTIDE1,PEPTIDE1,1:R1-7:R2$$$",-5.86400000,ok,,flexible
"PEPTIDE1{F.meL.I.T.meF.meA.Me_dL}$PEPTIDE1,PEPTIDE1,1:R1-7:R2$$$",-5.58100000,ok,,flexible
"PEPTIDE1{F.L.A.dP.dL.I.L}$PEPTIDE1,PEPTIDE1,1:R1-7:R2$$$",-5.91400000,ok,,flexible
"PEPTIDE1{F.A.L.Ser(tBu).dL.Me_dA.Me_Phe(3-Cl)}$PEPTIDE1,PEPTIDE1,1:R1-7:R2$$$",-6.18700000,ok,,flexible
"PEPTIDE1{Me_dA.L.Me_dL.V.T.G.F}$PEPTIDE1,PEPTIDE1,1:R1-7:R2$$$",-6.05900000,ok,,flexible
"PEPTIDE1{Me_Bal.L.F.meA.meL.P.I}$PEPTIDE1,PEPTIDE1,1:R1-7:R2$$$",-6.15000000,ok,,flexible
"PEPTIDE1{L.meA.meF.V.Aoc(2).F.meL}$PEPTIDE1,PEPTIDE1,1:R1-7:R2$$$",-5.24700000,ok,,flexible
"PEPTIDE1{A.V.L.meL.T.meA.T}$PEPTIDE1,PEPTIDE1,1:R1-7:R2$$$",-5.94700000,ok,,flexible
"PEPTIDE1{F.pentyl_Gly.Mono84.T.I.L.dP}$PEPTIDE1,PEPTIDE1,1:R1-7:R2$$$",-5.89000000,ok,,flexible
"PEPTIDE1{meA.P.F.meF.Me_dA.L.V}$PEPTIDE1,PEPTIDE1,1:R1-7:R2$$$",-5.62800000,ok,,flexible
"PEPTIDE1{meL.A.meF.Me_dL.L.dL.V}$PEPTIDE1,PEPTIDE1,1:R1-7:R2$$$",-5.32200000,ok,,flexible
"PEPTIDE1{A.T.meF.meA.V.I.L}$PEPTIDE1,PEPTIDE1,1:R1-7:R2$$$",-6.24900000,ok,,flexible
"PEPTIDE1{F.I.dV.dL.meL.Me_dL.meL}$PEPTIDE1,PEPTIDE1,1:R1-7:R2$$$",-5.67100000,ok,,flexible
"PEPTIDE1{dV.meA.meL.meF.meL.dL.3Pal}$PEPTIDE1,PEPTIDE1,1:R1-7:R2$$$",-6.08400000,ok,,flexible
"PEPTIDE1{dV.P.P.L.dP.meL.dL}$PEPTIDE1,PEPTIDE1,1:R1-7:R2$$$",-5.79600000,ok,,flexible
"PEPTIDE1{Me_dA.L.T.Me_dL.Bn_Gly.V.A}$PEPTIDE1,PEPTIDE1,1:R1-7:R2$$$",-6.17000000,ok,,flexible
"PEPTIDE1{meA.P.A.L.Bn_Gly.I.meL}$PEPTIDE1,PEPTIDE1,1:R1-7:R2$$$",-6.41500000,ok,,flexible
"PEPTIDE1{Me_dA.A.meA.F.G.dP.I}$PEPTIDE1,PEPTIDE1,1:R1-7:R2$$$",-6.66800000,ok,,flexible
"PEPTIDE1{Mono6.A.Me_dL.T.L.V.dL}$PEPTIDE1,PEPTIDE1,1:R1-7:R2$$$",-5.86900000,ok,,flexible
"PEPTIDE1{dF.P.Me_dL.meS.meL.T.dA}$PEPTIDE1,PEPTIDE1,1:R1-7:R2$$$",-5.84200000,ok,,flexible
"PEPTIDE1{Pr_Gly.P.L.meL.I.L.I}$PEPTIDE1,PEPTIDE1,1:R1-7:R2$$$",-4.62300000,ok,,flexible
"PEPTIDE1{L.A.dP.F.Me_dL.T.Sar}$PEPTIDE1,PEPTIDE1,1:R1-7:R2$$$",-6.06200000,ok,,flexible
"PEPTIDE1{F.L.T.Ala(5-Tet).Me_dL.meS.meA}$PEPTIDE1,PEPTIDE1,1:R1-7:R2$$$",-6.43900000,ok,,flexible
"PEPTIDE1{A.I.cHexCH2_Gly.L.meL.L.meL}$PEPTIDE1,PEPTIDE1,1:R1-7:R2$$$",-5.99800000,ok,,flexible
"PEPTIDE1{meA.meL.meF.T.meV.L.dA}$PEPTIDE1,PEPTIDE1,1:R1-7:R2$$$",-6.42900000,ok,,flexible
"PEPTIDE1{meA.T.meS.Me_dA.dL.V.L}$PEPTIDE1,PEPTIDE1,1:R1-7:R2$$$",-5.77000000,ok,,flexible
"PEPTIDE1{dA.pentyl_Gly.L.A.meA.I.Ser(tBu)}$PEPTIDE1,PEPTIDE1,1:R1-7:R2$$$",-5.62600000,ok,,flexible
"PEPTIDE1{meA.I.Ser(tBu).A.meL.meL.dL}$PEPTIDE1,PEPTIDE1,1:R1-7:R2$$$",-5.17700000,ok,,flexible
"PEPTIDE1{meL.A.dL.Me_Phe(3-Cl).F.L.T}$PEPTIDE1,PEPTIDE1,1:R1-7:R2$$$",-5.35200000,ok,,flexible
"PEPTIDE1{meA.meL.V.T.L.G.F}$PEPTIDE1,PEPTIDE1,1:R1-7:R2$$$",-5.85200000,ok,,flexible
"PEPTIDE1{meA.Sar.T.dP.meL.L.meF}$PEPTIDE1,PEPTIDE1,1:R1-7:R2$$$",-5.87900000,ok,,flexible
"PEPTIDE1{Mono6.F.A.dL.meA.Me_dL.V}$PEPTIDE1,PEPTIDE1,1:R1-7:R2$$$",-6.77400000,ok,,flexible
"PEPTIDE1{meA.T.F.A.Me_dL.meL.dL}$PEPTIDE1,PEPTIDE1,1:R1-7:R2$$$",-5.24300000,ok,,flexible
"PEPTIDE1{dA.meF.meA.L.I.T.V}$PEPTIDE1,PEPTIDE1,1:R1-7:R2$$$",-5.45700000,ok,,flexible
"PEPTIDE1{dA.Pr_Gly.V.meV.meA.L.T}$PEPTIDE1,PEPTIDE1,1:R1-7:R2$$$",-5.88900000,ok,,flexible
"PEPTIDE1{L.meA.F.T.meL.meL.V}$PEPTIDE1,PEPTIDE1,1:R1-7:R2$$$",-5.25200000,ok,,flexible
"PEPTIDE1{meA.A.L.T.cHexCH2_Gly.meL.Sar}$PEPTIDE1,PEPTIDE1,1:R1-7:R2$$$",-6.10900000,ok,,flexible
"PEPTIDE1{F.A.L.L.dL.meA.T}$PEPTIDE1,PEPTIDE1,1:R1-7:R2$$$",-6.63200000,ok,,flexible
"PEPTIDE1{L.meA.A.T.meL.meF.T}$PEPTIDE1,PEPTIDE1,1:R1-7:R2$$$",-5.58000000,ok,,flexible
"PEPTIDE1{Mono6.3Pal.cHexCH2_Gly.T.L.I.A}$PEPTIDE1,PEPTIDE1,1:R1-7:R2$$$",-6.70300000,ok,,flexible
"PEPTIDE1{Me_Bal.P.Ser(tBu).meL.F.L.meL}$PEPTIDE1,PEPTIDE1,1:R1-7:R2$$$",-5.68900000,ok,,flexible
"PEPTIDE1{Sar.meV.A.meA.I.V.Me_dL}$PEPTIDE1,PEPTIDE1,1:R1-7:R2$$$",-5.53600000,ok,,flexible
"PEPTIDE1{Pr_Gly.Me_dL.Me_dA.Ala(5-Tet).meL.L.meS}$PEPTIDE1,PEPTIDE1,1:R1-7:R2$$$",-5.01100000,ok,,flexible
"PEPTIDE1{A.dL.meF.I.dP.L.T}$PEPTIDE1,PEPTIDE1,1:R1-7:R2$$$",-5.45800000,ok,,flexible
"PEPTIDE1{L.A.I.Ser(tBu).dL.T.P}$PEPTIDE1,PEPTIDE1,1:R1-7:R2$$$",-5.26500000,ok,,flexible
"PEPTIDE1{dF.Me_dL.pentyl_Gly.Nle.Mono34.P.Me_Phe(3-Cl)}$PEPTIDE1,PEPTIDE1,1:R1-7:R2$$$",-5.16100000,ok,,flexible
"PEPTIDE1{Mono6.Ser(tBu).I.L.dL.meL.V}$PEPTIDE1,PEPTIDE1,1:R1-7:R2$$$",-5.86300000,ok,,flexible
"PEPTIDE1{Sar.meA.L.T.meF.Me_dL.F}$PEPTIDE1,PEPTIDE1,1:R1-7:R2$$$",-6.19300000,ok,,flexible
"PEPTIDE1{Mono6.T.Me_dL.L.dL.I.meA}$PEPTIDE1,PEPTIDE1,1:R1-7:R2$$$",-5.26700000,ok,,flexible
"PEPTIDE1{dA.meL.L.Abu.F.dL.meS}$PEPTIDE1,PEPTIDE1,1:R1-7:R2$$$",-5.64100000,ok,,flexible
"PEPTIDE1{meA.L.meL.meL.T.dV.I}$PEPTIDE1,PEPTIDE1,1:R1-7:R2$$$",-5.62500000,ok,,flexible
"PEPTIDE1{dV.meL.Me_dL.V.meF.dL.Ser(tBu)}$PEPTIDE1,PEPTIDE1,1:R1-7:R2$$$",-5.80600000,ok,,flexible
"PEPTIDE1{F.T.T.dL.meF.Ser(tBu).V}$PEPTIDE1,PEPTIDE1,1:R1-7:R2$$$",-5.75600000,ok,,flexible
"PEPTIDE1{Mono6.Me_dL.V.P.meF.meL.Abu}$PEPTIDE1,PEPTIDE1,1:R1-7:R2$$$",-6.66900000,ok,,flexible
"PEPTIDE1{meL.L.Me_dL.dP.A.Me_dA.dL}$PEPTIDE1,PEPTIDE1,1:R1-7:R2$$$",-5.96700000,ok,,flexible
"PEPTIDE1{meA.meL.A.V.L.meL.T}$PEPTIDE1,PEPTIDE1,1:R1-7:R2$$$",-6.13200000,ok,,flexible
"PEPTIDE1{Me_dA.Pr_Gly.meF.dL.Ser(tBu).F.F}$PEPTIDE1,PEPTIDE1,1:R1-7:R2$$$",-6.57700000,ok,,flexible
"PEPTIDE1{dV.L.Ser(tBu).T.P.meA.F}$PEPTIDE1,PEPTIDE1,1:R1-7:R2$$$",-6.22200000,ok,,flexible
"PEPTIDE1{meL.L.meA.meF.A.Abu.Sar}$PEPTIDE1,PEPTIDE1,1:R1-7:R2$$$",-6.01900000,ok,,flexible
"PEPTIDE1{A.Me_dAbu.L.meF.meA.meA.V}$PEPTIDE1,PEPTIDE1,1:R1-7:R2$$$",-6.56600000,ok,,flexible
"PEPTIDE1{meA.T.dL.L.F.meL.Me_dL}$PEPTIDE1,PEPTIDE1,1:R1-7:R2$$$",-5.77700000,ok,,flexible
"PEPTIDE1{dA.L.F.meA.meF.A.Ser(tBu)}$PEPTIDE1,PEPTIDE1,1:R1-7:R2$$$",-6.83100000,ok,,flexible
"PEPTIDE1{A.dP.P.L.meL.T.meA}$PEPTIDE1,PEPTIDE1,1:R1-7:R2$$$",-6.00500000,ok,,flexible
"PEPTIDE1{Mono6.Mono38.dL.T.Ser(tBu).Mono84.L}$PEPTIDE1,PEPTIDE1,1:R1-7:R2$$$",-5.64000000,ok,,flexible
"PEPTIDE1{F.cHexCH2_Gly.I.Me_dL.G.T.A}$PEPTIDE1,PEPTIDE1,1:R1-7:R2$$$",-5.35700000,ok,,flexible
"PEPTIDE1{Mono6.Mono38.meA.P.Mono7.meL.Me_dL}$PEPTIDE1,PEPTIDE1,1:R1-7:R2$$$",-6.48300000,ok,,flexible
"PEPTIDE1{Pr_Gly.F.meF.L.meA.Me_Phe(3-Cl).A}$PEPTIDE1,PEPTIDE1,1:R1-7:R2$$$",-5.84400000,ok,,flexible
"PEPTIDE1{dA.F.meF.T.meL.dL.A}$PEPTIDE1,PEPTIDE1,1:R1-7:R2$$$",-6.23300000,ok,,flexible
"PEPTIDE1{dA.L.3Pal.T.T.Aoc(2).T}$PEPTIDE1,PEPTIDE1,1:R1-7:R2$$$",-4.82600000,ok,,flexible
"PEPTIDE1{P.meL.dP.meA.dP.T.Me_dA}$PEPTIDE1,PEPTIDE1,1:R1-7:R2$$$",-6.85600000,ok,,flexible
"PEPTIDE1{meA.L.meL.F.dL.meL.T}$PEPTIDE1,PEPTIDE1,1:R1-7:R2$$$",-5.89300000,ok,,flexible
"PEPTIDE1{L.T.meA.Abu.dP.meF.meL}$PEPTIDE1,PEPTIDE1,1:R1-7:R2$$$",-6.00100000,ok,,flexible
"PEPTIDE1{dA.T.T.Me_dL.L.dL.A}$PEPTIDE1,PEPTIDE1,1:R1-7:R2$$$",-6.16400000,ok,,flexible
"PEPTIDE1{Mono6.L.T.F.V.meV.I}$PEPTIDE1,PEPTIDE1,1:R1-7:R2$$$",-5.48000000,ok,,flexible
"PEPTIDE1{A.P.Me_dL.meA.meF.dL.F}$PEPTIDE1,PEPTIDE1,1:R1-7:R2$$$",-5.38500000,ok,,flexible
"PEPTIDE1{Me_Bal.T.Me_dL.meA.T.Sar.dL}$PEPTIDE1,PEPTIDE1,1:R1-7:R2$$$",-5.67100000,ok,,flexible
"PEPTIDE1{Me_dA.F.T.meA.meF.meV.Ser(tBu)}$PEPTIDE1,PEPTIDE1,1:R1-7:R2$$$",-5.86600000,ok,,flexible
"PEPTIDE1{dV.T.meF.meA.dL.Aoc(2).L}$PEPTIDE1,PEPTIDE1,1:R1-7:R2$$$",-5.33200000,ok,,flexible
"PEPTIDE1{F.L.meL.meA.V.Me_Phe(3-Cl).Me_dL}$PEPTIDE1,PEPTIDE1,1:R1-7:R2$$$",-5.59200000,ok,,flexible
"PEPTIDE1{F.T.L.Aoc(2).A.meS.meS}$PEPTIDE1,PEPTIDE1,1:R1-7:R2$$$",-5.56800000,ok,,flexible
"PEPTIDE1{meL.T.L.meL.dL.meF.I}$PEPTIDE1,PEPTIDE1,1:R1-7:R2$$$",-5.09900000,ok,,flexible
"PEPTIDE1{dV.T.meL.meF.meS.T.Ser(tBu)}$PEPTIDE1,PEPTIDE1,1:R1-7:R2$$$",-6.00400000,ok,,flexible
"PEPTIDE1{meA.meL.A.V.dP.dL.T}$PEPTIDE1,PEPTIDE1,1:R1-7:R2$$$",-6.00200000,ok,,flexible
"PEPTIDE1{Me_dA.T.Aoc(2).meS.Sar.P.A}$PEPTIDE1,PEPTIDE1,1:R1-7:R2$$$",-5.75900000,ok,,flexible
"PEPTIDE1{F.dV.Me_dL.T.meL.L.A}$PEPTIDE1,PEPTIDE1,1:R1-7:R2$$$",-6.14700000,ok,,flexible
"PEPTIDE1{Me_dA.T.meL.dV.meA.Me_dL.meF}$PEPTIDE1,PEPTIDE1,1:R1-7:R2$$$",-5.26600000,ok,,flexible
"PEPTIDE1{dA.dP.L.dL.F.T.A}$PEPTIDE1,PEPTIDE1,1:R1-7:R2$$$",-6.72000000,ok,,flexible
"PEPTIDE1{dA.meF.meL.dL.meA.L.L}$PEPTIDE1,PEPTIDE1,1:R1-7:R2$$$",-5.59800000,ok,,flexible
"PEPTIDE1{L.A.Bn_Gly.V.meA.Me_dL.L}$PEPTIDE1,PEPTIDE1,1:R1-7:R2$$$",-5.61700000,ok,,flexible
"PEPTIDE1{A.Me_dA.Me_dL.P.meA.L.V}$PEPTIDE1,PEPTIDE1,1:R1-7:R2$$$",-6.02100000,ok,,flexible
"PEPTIDE1{dV.Aoc(2).meL.Ala(5-Tet).A.Abu.meA}$PEPTIDE1,PEPTIDE1,1:R1-7:R2$$$",-6.10600000,ok,,flexible
"PEPTIDE1{dA.V.meL.T.A.meA.meF}$PEPTIDE1,PEPTIDE1,1:R1-7:R2$$$",-6.64300000,ok,,flexible
"PEPTIDE1{F.meL.P.I.V.A.meL}$PEPTIDE1,PEPTIDE1,1:R1-7:R2$$$",-6.58600000,ok,,flexible
"PEPTIDE1{Me_dA.Me_dAbu.meV.meA.meL.F.Me_dL}$PEPTIDE1,PEPTIDE1,1:R1-7:R2$$$",-6.34600000,ok,,flexible
"PEPTIDE1{Pr_Gly.meL.meA.Ser(tBu).G.L.meI}$PEPTIDE1,PEPTIDE1,1:R1-7:R2$$$",-4.85800000,ok,,flexible
"PEPTIDE1{Me_Bal.P.P.meL.Me_dL.Ser(tBu).dP}$PEPTIDE1,PEPTIDE1,1:R1-7:R2$$$",-5.85700000,ok,,flexible
"PEPTIDE1{dV.meA.meL.A.Me_dL.F.meF}$PEPTIDE1,PEPTIDE1,1:R1-7:R2$$$",-6.64800000,ok,,flexible
"PEPTIDE1{Me_dA.Pr_Gly.meA.Abu.T.A.meF}$PEPTIDE1,PEPTIDE1,1:R1-7:R2$$$",-6.54100000,ok,,flexible
"PEPTIDE1{meL.L.T.Ser(tBu).Me_dL.F.A}$PEPTIDE1,PEPTIDE1,1:R1-7:R2$$$",-5.83800000,ok,,flexible
"PEPTIDE1{L.A.meL.T.dP.V.Me_dL}$PEPTIDE1,PEPTIDE1,1:R1-7:R2$$$",-5.37200000,ok,,flexible
"PEPTIDE1{Me_dA.meA.A.Sar.meS.dP.meF}$PEPTIDE1,PEPTIDE1,1:R1-7:R2$$$",-7.23500000,ok,,flexible
"PEPTIDE1{Mono6.pentyl_Gly.T.dL.I.meF.dP}$PEPTIDE1,PEPTIDE1,1:R1-7:R2$$$",-5.20600000,ok,,flexible
"PEPTIDE1{meL.meS.L.dL.A.Me_dL.I}$PEPTIDE1,PEPTIDE1,1:R1-7:R2$$$",-5.38400000,ok,,flexible
"PEPTIDE1{A.meL.meL.meA.meF.Me_dL.P}$PEPTIDE1,PEPTIDE1,1:R1-7:R2$$$",-6.44500000,ok,,flexible
"PEPTIDE1{Me_Bal.F.A.meF.meL.T.Ser(tBu)}$PEPTIDE1,PEPTIDE1,1:R1-7:R2$$$",-6.19600000,ok,,flexible
"PEPTIDE1{dV.Abu.L.A.P.T.meA}$PEPTIDE1,PEPTIDE1,1:R1-7:R2$$$",-6.06300000,ok,,flexible
"PEPTIDE1{Me_Bal.dF.Abu.T.meS.V.Aoc(2)}$PEPTIDE1,PEPTIDE1,1:R1-7:R2$$$",-5.36600000,ok,,flexible
"PEPTIDE1{Mono6.Abu.L.meA.Me_dL.meS.T}$PEPTIDE1,PEPTIDE1,1:R1-7:R2$$$",-5.28100000,ok,,flexible
"PEPTIDE1{Me_Bal.F.L.L.meA.I.G}$PEPTIDE1,PEPTIDE1,1:R1-7:R2$$$",-6.00500000,ok,,flexible
"PEPTIDE1{dP.meA.Pr_Gly.A.P.Sar.F}$PEPTIDE1,PEPTIDE1,1:R1-7:R2$$$",-6.92600000,ok,,flexible
"PEPTIDE1{dA.Abu.meL.meA.L.T.meF}$PEPTIDE1,PEPTIDE1,1:R1-7:R2$$$",-5.60600000,ok,,flexible
"PEPTIDE1{L.meA.T.A.V.Me_dL.meF}$PEPTIDE1,PEPTIDE1,1:R1-7:R2$$$",-6.00000000,ok,,flexible
"PEPTIDE1{dP.meA.Me_dL.meL.V.I.Ser(tBu)}$PEPTIDE1,PEPTIDE1,1:R1-7:R2$$$",-5.54100000,ok,,flexible
"PEPTIDE1{meL.Abu.meS.L.meL.T.Sar}$PEPTIDE1,PEPTIDE1,1:R1-7:R2$$$",-5.01900000,ok,,flexible
"PEPTIDE1{dF.I.T.dL.meF.L.Me_dL}$PEPTIDE1,PEPTIDE1,1:R1-7:R2$$$",-5.93400000,ok,,flexible
"PEPTIDE1{A.F.meF.meA.Sar.L.I}$PEPTIDE1,PEPTIDE1,1:R1-7:R2$$$",-6.79600000,ok,,flexible
"PEPTIDE1{L.T.A.Me_dA.dL.L.meA}$PEPTIDE1,PEPTIDE1,1:R1-7:R2$$$",-5.45400000,ok,,flexible
"PEPTIDE1{meA.T.A.meS.dP.T.Me_dL}$PEPTIDE1,PEPTIDE1,1:R1-7:R2$$$",-6.25900000,ok,,flexible
"PEPTIDE1{meL.meL.Abu.T.meS.V.Ala(5-Tet)}$PEPTIDE1,PEPTIDE1,1:R1-7:R2$$$",-5.28200000,ok,,flexible
"PEPTIDE1{A.F.V.L.T.I.dL}$PEPTIDE1,PEPTIDE1,1:R1-7:R2$$$",-5.76800000,ok,,flexible
"PEPTIDE1{Me_Bal.meA.A.T.dL.L.meL}$PEPTIDE1,PEPTIDE1,1:R1-7:R2$$$",-5.82500000,ok,,flexible
"PEPTIDE1{Sar.T.meA.Me_dL.V.I.A}$PEPTIDE1,PEPTIDE1,1:R1-7:R2$$$",-6.22200000,ok,,flexible
"PEPTIDE1{dA.Bn_Gly.meA.A.L.Ser(tBu).meL}$PEPTIDE1,PEPTIDE1,1:R1-7:R2$$$",-5.77500000,ok,,flexible
"PEPTIDE1{F.meS.Abu.meA.Sar.L.meL}$PEPTIDE1,PEPTIDE1,1:R1-7:R2$$$",-6.27100000,ok,,flexible
"PEPTIDE1{A.meL.Abu.meF.meA.L.T}$PEPTIDE1,PEPTIDE1,1:R1-7:R2$$$",-6.00900000,ok,,flexible
"PEPTIDE1{A.T.L.dL.meA.V.T}$PEPTIDE1,PEPTIDE1,1:R1-7:R2$$$",-5.89200000,ok,,flexible
"PEPTIDE1{meL.T.T.A.meA.Sar.Bn_Gly}$PEPTIDE1,PEPTIDE1,1:R1-7:R2$$$",-6.02400000,ok,,flexible
"PEPTIDE1{Pr_Gly.I.L.pentyl_Gly.dL.P.meL}$PEPTIDE1,PEPTIDE1,1:R1-7:R2$$$",-4.88700000,ok,,flexible
"PEPTIDE1{Me_Bal.pentyl_Gly.L.L.Me_dL.T.A}$PEPTIDE1,PEPTIDE1,1:R1-7:R2$$$",-4.89000000,ok,,flexible
"PEPTIDE1{P.Me_dL.meL.T.A.V.meA}$PEPTIDE1,PEPTIDE1,1:R1-7:R2$$$",-6.28800000,ok,,flexible
"PEPTIDE1{A.cHexCH2_Gly.meL.Me_dL.V.L.dL}$PEPTIDE1,PEPTIDE1,1:R1-7:R2$$$",-5.57900000,ok,,flexible
"PEPTIDE1{F.P.A.V.meL.meA.dL}$PEPTIDE1,PEPTIDE1,1:R1-7:R2$$$",-6.62700000,ok,,flexible
"PEPTIDE1{dV.V.L.T.Sar.F.Me_dL}$PEPTIDE1,PEPTIDE1,1:R1-7:R2$$$",-6.01600000,ok,,flexible
"PEPTIDE1{L.L.pentyl_Gly.dP.meL.Me_dL.dL}$PEPTIDE1,PEPTIDE1,1:R1-7:R2$$$",-4.93200000,ok,,flexible
"PEPTIDE1{dF.Sar.Me_dL.Abu.meA.A.meF}$PEPTIDE1,PEPTIDE1,1:R1-7:R2$$$",-6.65700000,ok,,flexible
"PEPTIDE1{Me_Bal.A.L.meA.T.Me_dL.F}$PEPTIDE1,PEPTIDE1,1:R1-7:R2$$$",-6.10400000,ok,,flexible
"PEPTIDE1{meA.Abu.Me_dL.A.T.V.L}$PEPTIDE1,PEPTIDE1,1:R1-7:R2$$$",-5.66800000,ok,,flexible
"PEPTIDE1{meA.T.dP.dP.T.V.Me_dL}$PEPTIDE1,PEPTIDE1,1:R1-7:R2$$$",-6.07400000,ok,,flexible
"PEPTIDE1{A.T.Sar.meA.Me_dL.V.P}$PEPTIDE1,PEPTIDE1,1:R1-7:R2$$$",-7.08300000,ok,,flexible
"PEPTIDE1{Me_dA.I.meL.dL.T.meA.P}$PEPTIDE1,PEPTIDE1,1:R1-7:R2$$$",-6.06300000,ok,,flexible
"PEPTIDE1{meA.meF.L.I.T.V.dV}$PEPTIDE1,PEPTIDE1,1:R1-7:R2$$$",-5.87100000,ok,,flexible
"PEPTIDE1{meL.meA.L.Aoc(2).Ser(tBu).P.Abu}$PEPTIDE1,PEPTIDE1,1:R1-7:R2$$$",-4.91200000,ok,,flexible
"PEPTIDE1{Me_dA.L.meF.Sar.meA.F.3Pal}$PEPTIDE1,PEPTIDE1,1:R1-7:R2$$$",-6.11200000,ok,,flexible
"PEPTIDE1{Me_dA.meF.meL.L.G.T.meV}$PEPTIDE1,PEPTIDE1,1:R1-7:R2$$$",-5.67600000,ok,,flexible
"PEPTIDE1{Pr_Gly.L.dL.T.meA.I.A}$PEPTIDE1,PEPTIDE1,1:R1-7:R2$$$",-5.21200000,ok,,flexible
"PEPTIDE1{A.F.Me_dL.Ser(tBu).L.dL.T}$PEPTIDE1,PEPTIDE1,1:R1-7:R2$$$",-5.41100000,ok,,flexible
"PEPTIDE1{Mono6.F.meL.L.V.I.Ser(tBu)}$PEPTIDE1,PEPTIDE1,1:R1-7:R2$$$",-5.56100000,ok,,flexible
"PEPTIDE1{meA.A.L.T.V.Ser(tBu).I}$PEPTIDE1,PEPTIDE1,1:R1-7:R2$$$",-5.08300000,ok,,flexible
"PEPTIDE1{A.L.meA.T.dP.meL.dL}$PEPTIDE1,PEPTIDE1,1:R1-7:R2$$$",-5.78100000,ok,,flexible
"PEPTIDE1{Me_Bal.meA.G.Ser(tBu).V.meL.L}$PEPTIDE1,PEPTIDE1,1:R1-7:R2$$$",-6.25100000,ok,,flexible
"PEPTIDE1{dA.meL.meF.meV.Me_dL.L.I}$PEPTIDE1,PEPTIDE1,1:R1-7:R2$$$",-5.70400000,ok,,flexible
"PEPTIDE1{meA.dL.L.T.I.V.L}$PEPTIDE1,PEPTIDE1,1:R1-7:R2$$$",-5.87100000,ok,,flexible
"PEPTIDE1{A.Me_dL.F.L.T.meF.Ser(tBu)}$PEPTIDE1,PEPTIDE1,1:R1-7:R2$$$",-5.61500000,ok,,flexible
"PEPTIDE1{L.T.meL.T.Ser(tBu).meL.Me_dL}$PEPTIDE1,PEPTIDE1,1:R1-7:R2$$$",-4.85900000,ok,,flexible
"PEPTIDE1{dA.P.dP.A.meF.T.meL}$PEPTIDE1,PEPTIDE1,1:R1-7:R2$$$",-7.03900000,ok,,flexible
"PEPTIDE1{Me_Bal.P.Me_Nle.meL.A.L.Ser(tBu)}$PEPTIDE1,PEPTIDE1,1:R1-7:R2$$$",-6.07600000,ok,,flexible
"PEPTIDE1{meA.F.L.V.meV.meL.meL}$PEPTIDE1,PEPTIDE1,1:R1-7:R2$$$",-4.90000000,ok,,flexible
"PEPTIDE1{Me_Bal.T.A.L.dL.meL.V}$PEPTIDE1,PEPTIDE1,1:R1-7:R2$$$",-5.60700000,ok,,flexible
"PEPTIDE1{Mono6.A.L.meS.meF.meL.F}$PEPTIDE1,PEPTIDE1,1:R1-7:R2$$$",-5.71000000,ok,,flexible
"PEPTIDE1{Me_Bal.F.P.Me_dL.V.meF.L}$PEPTIDE1,PEPTIDE1,1:R1-7:R2$$$",-6.29900000,ok,,flexible
"PEPTIDE1{dA.T.meL.meF.Me_dL.F.Me_dL}$PEPTIDE1,PEPTIDE1,1:R1-7:R2$$$",-5.39300000,ok,,flexible
"PEPTIDE1{Me_Bal.T.Ser(tBu).L.A.dL.F}$PEPTIDE1,PEPTIDE1,1:R1-7:R2$$$",-6.13000000,ok,,flexible
"PEPTIDE1{Me_dA.meF.Abu.meL.meS.Ala(5-Tet).Me_dL}$PEPTIDE1,PEPTIDE1,1:R1-7:R2$$$",-6.55900000,ok,,flexible
"PEPTIDE1{dA.G.meA.meL.meL.L.meF}$PEPTIDE1,PEPTIDE1,1:R1-7:R2$$$",-6.01900000,ok,,flexible
"PEPTIDE1{Me_dA.meL.meA.L.A.T.dP}$PEPTIDE1,PEPTIDE1,1:R1-7:R2$$$",-6.01800000,ok,,flexible
"PEPTIDE1{dA.F.meA.meL.A.V.meL}$PEPTIDE1,PEPTIDE1,1:R1-7:R2$$$",-7.02200000,ok,,flexible
"PEPTIDE1{dF.L.meA.F.V.meL.L}$PEPTIDE1,PEPTIDE1,1:R1-7:R2$$$",-5.89500000,ok,,flexible
"PEPTIDE1{F.I.T.Me_dL.L.A.dL}$PEPTIDE1,PEPTIDE1,1:R1-7:R2$$$",-5.26800000,ok,,flexible
"PEPTIDE1{Sar.P.V.T.A.L.meF}$PEPTIDE1,PEPTIDE1,1:R1-7:R2$$$",-6.94800000,ok,,flexible
"PEPTIDE1{dA.L.meL.meA.T.T.P}$PEPTIDE1,PEPTIDE1,1:R1-7:R2$$$",-6.24600000,ok,,flexible
"PEPTIDE1{Me_Bal.Pr_Gly.dA.meL.F.P.Me_dA}$PEPTIDE1,PEPTIDE1,1:R1-7:R2$$$",-5.76700000,ok,,flexible
"PEPTIDE1{meA.V.F.P.meL.T.I}$PEPTIDE1,PEPTIDE1,1:R1-7:R2$$$",-5.99600000,ok,,flexible
"PEPTIDE1{F.meL.L.meS.Abu.A.Abu}$PEPTIDE1,PEPTIDE1,1:R1-7:R2$$$",-5.65200000,ok,,flexible
"PEPTIDE1{Pr_Gly.L.Ser(tBu).meL.G.A.meA}$PEPTIDE1,PEPTIDE1,1:R1-7:R2$$$",-5.62400000,ok,,flexible
"PEPTIDE1{dV.L.meL.meA.meF.Abu.meV}$PEPTIDE1,PEPTIDE1,1:R1-7:R2$$$",-5.60600000,ok,,flexible
"PEPTIDE1{A.Pr_Gly.G.Sar.meA.meV.meL}$PEPTIDE1,PEPTIDE1,1:R1-7:R2$$$",-5.64600000,ok,,flexible
"PEPTIDE1{dV.meF.T.Abu.F.Sar.P}$PEPTIDE1,PEPTIDE1,1:R1-7:R2$$$",-6.96600000,ok,,flexible
"PEPTIDE1{dA.meL.meA.V.T.Mono78.Ser(tBu)}$PEPTIDE1,PEPTIDE1,1:R1-7:R2$$$",-5.53700000,ok,,flexible
"PEPTIDE1{meA.L.Ser(tBu).dL.I.L.meL}$PEPTIDE1,PEPTIDE1,1:R1-7:R2$$$",-4.85400000,ok,,flexible
"PEPTIDE1{L.Ala(5-Tet).A.P.T.dA.Me_dA}$PEPTIDE1,PEPTIDE1,1:R1-7:R2$$$",-6.36500000,ok,,flexible
"PEPTIDE1{dP.A.dL.Me_dL.V.meL.I}$PEPTIDE1,PEPTIDE1,1:R1-7:R2$$$",-5.47600000,ok,,flexible
"PEPTIDE1{Me_dA.meF.Bn_Gly.A.L.meL.T}$PEPTIDE1,PEPTIDE1,1:R1-7:R2$$$",-5.61500000,ok,,flexible
"PEPTIDE1{A.T.F.dL.Me_dA.meL.V}$PEPTIDE1,PEPTIDE1,1:R1-7:R2$$$",-6.27900000,ok,,flexible
"PEPTIDE1{dA.F.meL.meA.L.P.V}$PEPTIDE1,PEPTIDE1,1:R1-7:R2$$$",-6.24500000,ok,,flexible
"PEPTIDE1{L.meA.A.T.dL.meF.V}$PEPTIDE1,PEPTIDE1,1:R1-7:R2$$$",-5.44600000,ok,,flexible
"PEPTIDE1{meL.L.A.meA.Bn_Gly.dL.meF}$PEPTIDE1,PEPTIDE1,1:R1-7:R2$$$",-5.67400000,ok,,flexible
"PEPTIDE1{Me_dA.meA.meL.F.L.dL.T}$PEPTIDE1,PEPTIDE1,1:R1-7:R2$$$",-5.61300000,ok,,flexible
"PEPTIDE1{meA.A.meL.dA.L.dL.meF}$PEPTIDE1,PEPTIDE1,1:R1-7:R2$$$",-6.36800000,ok,,flexible
"PEPTIDE1{A.L.V.P.meS.T.I}$PEPTIDE1,PEPTIDE1,1:R1-7:R2$$$",-6.01200000,ok,,flexible
"PEPTIDE1{meL.L.dL.Me_dL.meF.L.I}$PEPTIDE1,PEPTIDE1,1:R1-7:R2$$$",-5.26500000,ok,,flexible
"PEPTIDE1{Me_Bal.meL.Me_dL.T.dP.L.meA}$PEPTIDE1,PEPTIDE1,1:R1-7:R2$$$",-6.82200000,ok,,flexible
"PEPTIDE1{meA.A.L.dL.V.F.Bn_Gly}$PEPTIDE1,PEPTIDE1,1:R1-7:R2$$$",-6.21400000,ok,,flexible
"PEPTIDE1{meL.meA.Abu.A.meS.Ala(5-Tet).L}$PEPTIDE1,PEPTIDE1,1:R1-7:R2$$$",-5.62000000,ok,,flexible
"PEPTIDE1{A.meA.V.meF.I.T.meL}$PEPTIDE1,PEPTIDE1,1:R1-7:R2$$$",-5.69200000,ok,,flexible
"PEPTIDE1{Me_dA.L.meL.T.meA.meV.I}$PEPTIDE1,PEPTIDE1,1:R1-7:R2$$$",-5.61800000,ok,,flexible
"PEPTIDE1{meA.L.meL.dL.Ser(tBu).T.meF}$PEPTIDE1,PEPTIDE1,1:R1-7:R2$$$",-5.62100000,ok,,flexible
"PEPTIDE1{Me_Bal.Pr_Gly.Ser(tBu).meL.Me_dL.Me_dA.A}$PEPTIDE1,PEPTIDE1,1:R1-7:R2$$$",-5.47200000,ok,,flexible
"PEPTIDE1{Me_Bal.dA.L.Ser(tBu).A.V.meL}$PEPTIDE1,PEPTIDE1,1:R1-7:R2$$$",-6.03000000,ok,,flexible
"PEPTIDE1{meA.Abu.Me_dL.meL.dA.dV.A}$PEPTIDE1,PEPTIDE1,1:R1-7:R2$$$",-5.74900000,ok,,flexible
"PEPTIDE1{dP.F.A.V.L.meF.T}$PEPTIDE1,PEPTIDE1,1:R1-7:R2$$$",-6.48100000,ok,,flexible
"PEPTIDE1{dA.meL.L.T.A.Abu.3Pal}$PEPTIDE1,PEPTIDE1,1:R1-7:R2$$$",-5.62100000,ok,,flexible
"PEPTIDE1{Me_dA.meA.dP.P.Me_dL.meL.meF}$PEPTIDE1,PEPTIDE1,1:R1-7:R2$$$",-6.27200000,ok,,flexible
"PEPTIDE1{L.meF.F.meL.V.P.dV}$PEPTIDE1,PEPTIDE1,1:R1-7:R2$$$",-5.67600000,ok,,flexible
"PEPTIDE1{dV.A.Me_dL.dL.Bn_Gly.F.meL}$PEPTIDE1,PEPTIDE1,1:R1-7:R2$$$",-6.00000000,ok,,flexible
"PEPTIDE1{meA.L.A.T.V.I.meL}$PEPTIDE1,PEPTIDE1,1:R1-7:R2$$$",-5.66000000,ok,,flexible
"PEPTIDE1{dA.A.V.meL.F.I.meF}$PEPTIDE1,PEPTIDE1,1:R1-7:R2$$$",-6.66300000,ok,,flexible
"PEPTIDE1{dA.Pr_Gly.Me_dL.F.dL.meL.T}$PEPTIDE1,PEPTIDE1,1:R1-7:R2$$$",-5.16200000,ok,,flexible
"PEPTIDE1{Me_dA.F.T.L.Me_dL.dL.meF}$PEPTIDE1,PEPTIDE1,1:R1-7:R2$$$",-5.60500000,ok,,flexible
"PEPTIDE1{dF.F.I.meA.L.V.Me_Phe(3-Cl)}$PEPTIDE1,PEPTIDE1,1:R1-7:R2$$$",-5.67700000,ok,,flexible
"PEPTIDE1{F.A.Abu.L.meL.I.Sar}$PEPTIDE1,PEPTIDE1,1:R1-7:R2$$$",-5.81600000,ok,,flexible
"PEPTIDE1{Me_Bal.meA.V.L.meL.Me_dL.T}$PEPTIDE1,PEPTIDE1,1:R1-7:R2$$$",-5.51500000,ok,,flexible
"PEPTIDE1{meA.F.L.meL.V.Bn_Gly.meF}$PEPTIDE1,PEPTIDE1,1:R1-7:R2$$$",-5.61200000,ok,,flexible
"PEPTIDE1{Pr_Gly.meL.meA.Me_dL.meV.V.meF}$PEPTIDE1,PEPTIDE1,1:R1-7:R2$$$",-6.16100000,ok,,flexible
"PEPTIDE1{Sar.meF.L.I.T.Ser(tBu).G}$PEPTIDE1,PEPTIDE1,1:R1-7:R2$$$",-6.47700000,ok,,flexible
"PEPTIDE1{A.Me_dL.L.meL.V.meA.Me_Phe(3-Cl)}$PEPTIDE1,PEPTIDE1,1:R1-7:R2$$$",-6.99200000,ok,,flexible
"PEPTIDE1{meA.Aoc(2).Abu.meL.D.L.P}$PEPTIDE1,PEPTIDE1,1:R1-7:R2$$$",-5.10800000,ok,,flexible
"PEPTIDE1{dA.I.F.P.G.meL.Ser(tBu)}$PEPTIDE1,PEPTIDE1,1:R1-7:R2$$$",-5.84800000,ok,,flexible
"PEPTIDE1{dV.A.meL.meF.T.meA.T}$PEPTIDE1,PEPTIDE1,1:R1-7:R2$$$",-6.19700000,ok,,flexible
"PEPTIDE1{F.meL.3Pal.I.L.meF.Ser(tBu)}$PEPTIDE1,PEPTIDE1,1:R1-7:R2$$$",-5.30100000,ok,,flexible
"PEPTIDE1{dV.T.dA.F.L.L.dL}$PEPTIDE1,PEPTIDE1,1:R1-7:R2$$$",-5.72800000,ok,,flexible
"PEPTIDE1{dA.T.L.meA.A.I.F}$PEPTIDE1,PEPTIDE1,1:R1-7:R2$$$",-6.31600000,ok,,flexible
"PEPTIDE1{Me_Bal.I.meL.meA.Me_dL.Ser(tBu).meF}$PEPTIDE1,PEPTIDE1,1:R1-7:R2$$$",-5.38000000,ok,,flexible
"PEPTIDE1{L.Me_dL.meL.dL.meA.T.Me_dL}$PEPTIDE1,PEPTIDE1,1:R1-7:R2$$$",-5.41300000,ok,,flexible
"PEPTIDE1{Me_dA.dA.Pr_Gly.V.Me_dL.Me_dL.T}$PEPTIDE1,PEPTIDE1,1:R1-7:R2$$$",-5.24800000,ok,,flexible
"PEPTIDE1{meA.A.F.Ser(tBu).meF.meL.T}$PEPTIDE1,PEPTIDE1,1:R1-7:R2$$$",-5.66400000,ok,,flexible
"PEPTIDE1{F.T.P.L.meF.L.meA}$PEPTIDE1,PEPTIDE1,1:R1-7:R2$$$",-6.04300000,ok,,flexible
"PEPTIDE1{L.Me_dL.Sar.dL.Me_dA.I.meL}$PEPTIDE1,PEPTIDE1,1:R1-7:R2$$$",-5.61200000,ok,,flexible
"PEPTIDE1{dA.T.meA.meL.G.V.L}$PEPTIDE1,PEPTIDE1,1:R1-7:R2$$$",-5.82400000,ok,,flexible
"PEPTIDE1{meL.T.meA.Me_dA.meS.L.T}$PEPTIDE1,PEPTIDE1,1:R1-7:R2$$$",-5.44100000,ok,,flexible
"PEPTIDE1{L.T.meS.Aoc(2).meA.meF.A}$PEPTIDE1,PEPTIDE1,1:R1-7:R2$$$",-6.06600000,ok,,flexible
"PEPTIDE1{dV.Me_dL.dP.dL.meA.Ser(tBu).T}$PEPTIDE1,PEPTIDE1,1:R1-7:R2$$$",-5.39700000,ok,,flexible
"PEPTIDE1{Sar.F.L.meL.A.G.T}$PEPTIDE1,PEPTIDE1,1:R1-7:R2$$$",-6.26000000,ok,,flexible
"PEPTIDE1{dF.dP.I.L.T.P.A}$PEPTIDE1,PEPTIDE1,1:R1-7:R2$$$",-6.39400000,ok,,flexible
"PEPTIDE1{F.P.dL.T.A.meS.L}$PEPTIDE1,PEPTIDE1,1:R1-7:R2$$$",-6.44600000,ok,,flexible
"PEPTIDE1{Mono6.Me_dA.meL.T.meY.Abu.Ala(5-Tet)}$PEPTIDE1,PEPTIDE1,1:R1-7:R2$$$",-6.78500000,ok,,flexible
"PEPTIDE1{dA.A.F.T.Ser(tBu).V.L}$PEPTIDE1,PEPTIDE1,1:R1-7:R2$$$",-5.92600000,ok,,flexible
"PEPTIDE1{dF.Ala(5-Tet).I.V.meL.A.meA}$PEPTIDE1,PEPTIDE1,1:R1-7:R2$$$",-5.69400000,ok,,flexible
"PEPTIDE1{dF.pentyl_Gly.T.Me_dL.P.dL.dP}$PEPTIDE1,PEPTIDE1,1:R1-7:R2$$$",-5.50700000,ok,,flexible
"PEPTIDE1{Me_dA.meA.Pr_Gly.F.Ser(tBu).L.V}$PEPTIDE1,PEPTIDE1,1:R1-7:R2$$$",-5.37600000,ok,,flexible
"PEPTIDE1{A.meA.T.L.meL.V.Me_dL}$PEPTIDE1,PEPTIDE1,1:R1-7:R2$$$",-5.46900000,ok,,flexible
"PEPTIDE1{Sar.T.meL.Me_dL.dL.meA.A}$PEPTIDE1,PEPTIDE1,1:R1-7:R2$$$",-6.14700000,ok,,flexible
"PEPTIDE1{Pr_Gly.meA.Me_dL.V.L.T.P}$PEPTIDE1,PEPTIDE1,1:R1-7:R2$$$",-5.84700000,ok,,flexible
"PEPTIDE1{dA.meL.meL.T.Me_dL.V.dL}$PEPTIDE1,PEPTIDE1,1:R1-7:R2$$$",-4.96300000,ok,,flexible
"PEPTIDE1{F.meL.A.P.meV.dP.I}$PEPTIDE1,PEPTIDE1,1:R1-7:R2$$$",-5.97500000,ok,,flexible
"PEPTIDE1{F.T.T.L.L.meA.Me_dL}$PEPTIDE1,PEPTIDE1,1:R1-7:R2$$$",-5.76100000,ok,,flexible
"PEPTIDE1{meA.T.L.meS.Aoc(2).A.dV}$PEPTIDE1,PEPTIDE1,1:R1-7:R2$$$",-5.30400000,ok,,flexible
"PEPTIDE1{dA.T.A.meL.I.F.Ser(tBu)}$PEPTIDE1,PEPTIDE1,1:R1-7:R2$$$",-5.80400000,ok,,flexible
"PEPTIDE1{Me_Bal.dP.V.meA.L.T.T}$PEPTIDE1,PEPTIDE1,1:R1-7:R2$$$",-6.57100000,ok,,flexible
"PEPTIDE1{meL.meS.T.Me_dL.Abu.L.F}$PEPTIDE1,PEPTIDE1,1:R1-7:R2$$$",-5.51000000,ok,,flexible
"PEPTIDE1{Me_dA.dL.T.meF.A.I.L}$PEPTIDE1,PEPTIDE1,1:R1-7:R2$$$",-5.77800000,ok,,flexible
"PEPTIDE1{meA.G.dP.F.L.A.meL}$PEPTIDE1,PEPTIDE1,1:R1-7:R2$$$",-6.49500000,ok,,flexible
"PEPTIDE1{Me_Bal.pentyl_Gly.L.Me_dL.Ser(tBu).P.meF}$PEPTIDE1,PEPTIDE1,1:R1-7:R2$$$",-5.03900000,ok,,flexible
"PEPTIDE1{meL.A.L.V.P.Me_dL.dL}$PEPTIDE1,PEPTIDE1,1:R1-7:R2$$$",-5.31100000,ok,,flexible
"PEPTIDE1{meL.Abu.A.I.meF.meL.Me_dL}$PEPTIDE1,PEPTIDE1,1:R1-7:R2$$$",-5.46300000,ok,,flexible
"PEPTIDE1{Me_Bal.meL.Pr_Gly.F.Me_dL.meA.meL}$PEPTIDE1,PEPTIDE1,1:R1-7:R2$$$",-5.69800000,ok,,flexible
"PEPTIDE1{A.T.V.F.Me_dL.Ser(tBu).L}$PEPTIDE1,PEPTIDE1,1:R1-7:R2$$$",-5.41000000,ok,,flexible
"PEPTIDE1{Me_dA.dL.Me_Phe(3-Cl).I.L.F.A}$PEPTIDE1,PEPTIDE1,1:R1-7:R2$$$",-6.48200000,ok,,flexible
"PEPTIDE1{Mono6.Me_dL.Me_dA.T.I.meA.meF}$PEPTIDE1,PEPTIDE1,1:R1-7:R2$$$",-6.09200000,ok,,flexible
"PEPTIDE1{dV.T.A.I.L.dL.Me_dL}$PEPTIDE1,PEPTIDE1,1:R1-7:R2$$$",-5.72400000,ok,,flexible
"PEPTIDE1{meA.Aoc(2).dP.Me_dL.dL.T.meL}$PEPTIDE1,PEPTIDE1,1:R1-7:R2$$$",-5.41900000,ok,,flexible
"PEPTIDE1{Me_dA.L.A.meS.F.meL.meA}$PEPTIDE1,PEPTIDE1,1:R1-7:R2$$$",-5.74900000,ok,,flexible
"PEPTIDE1{Mono6.dP.meA.Me_dA.P.A.dL}$PEPTIDE1,PEPTIDE1,1:R1-7:R2$$$",-6.47800000,ok,,flexible
"PEPTIDE1{L.cHexCH2_Gly.I.L.G.meL.meF}$PEPTIDE1,PEPTIDE1,1:R1-7:R2$$$",-5.43400000,ok,,flexible
"PEPTIDE1{dA.meL.meL.meA.meF.I.dP}$PEPTIDE1,PEPTIDE1,1:R1-7:R2$$$",-6.27200000,ok,,flexible
"PEPTIDE1{meL.meA.A.meF.meL.L.T}$PEPTIDE1,PEPTIDE1,1:R1-7:R2$$$",-5.85000000,ok,,flexible
"PEPTIDE1{F.Mono38.dL.3Pal.L.Et_Gly.meA}$PEPTIDE1,PEPTIDE1,1:R1-7:R2$$$",-5.17200000,ok,,flexible
"PEPTIDE1{Me_dA.T.T.Me_dL.meL.A.dL}$PEPTIDE1,PEPTIDE1,1:R1-7:R2$$$",-5.91600000,ok,,flexible
"PEPTIDE1{Me_Bal.Me_dL.I.L.T.meL.V}$PEPTIDE1,PEPTIDE1,1:R1-7:R2$$$",-5.41200000,ok,,flexible
"PEPTIDE1{Me_dA.meF.pentyl_Gly.A.F.I.meA}$PEPTIDE1,PEPTIDE1,1:R1-7:R2$$$",-5.72600000,ok,,flexible
"PEPTIDE1{Mono6.L.dL.meA.Me_dL.A.meL}$PEPTIDE1,PEPTIDE1,1:R1-7:R2$$$",-5.78500000,ok,,flexible
"PEPTIDE1{Me_dA.Ser(tBu).meA.L.meF.V.I}$PEPTIDE1,PEPTIDE1,1:R1-7:R2$$$",-5.51300000,ok,,flexible
"PEPTIDE1{meA.L.meF.F.Ser(tBu).T.P}$PEPTIDE1,PEPTIDE1,1:R1-7:R2$$$",-5.99100000,ok,,flexible
"PEPTIDE1{dV.meL.T.A.meF.Ala(5-Tet).L}$PEPTIDE1,PEPTIDE1,1:R1-7:R2$$$",-6.02700000,ok,,flexible
"PEPTIDE1{Mono6.dL.Me_dL.meL.Abu.F.Ala(5-Tet)}$PEPTIDE1,PEPTIDE1,1:R1-7:R2$$$",-6.12400000,ok,,flexible
"PEPTIDE1{Mono6.Me_dL.P.dP.meL.Me_dA.T}$PEPTIDE1,PEPTIDE1,1:R1-7:R2$$$",-6.21700000,ok,,flexible
"PEPTIDE1{Sar.T.Me_dL.meA.meL.Ser(tBu).V}$PEPTIDE1,PEPTIDE1,1:R1-7:R2$$$",-5.50100000,ok,,flexible
"PEPTIDE1{dA.meA.meL.F.A.meL.L}$PEPTIDE1,PEPTIDE1,1:R1-7:R2$$$",-6.09100000,ok,,flexible
"PEPTIDE1{Me_dA.F.G.V.A.meA.T}$PEPTIDE1,PEPTIDE1,1:R1-7:R2$$$",-6.79200000,ok,,flexible
"PEPTIDE1{Mono6.A.Me_dL.T.meF.dL.meL}$PEPTIDE1,PEPTIDE1,1:R1-7:R2$$$",-6.26600000,ok,,flexible
"PEPTIDE1{meA.Sar.Me_dL.Bn_Gly.meL.meF.P}$PEPTIDE1,PEPTIDE1,1:R1-7:R2$$$",-6.68900000,ok,,flexible
"PEPTIDE1{A.Aoc(2).meF.T.meA.L.meI}$PEPTIDE1,PEPTIDE1,1:R1-7:R2$$$",-5.31000000,ok,,flexible
"PEPTIDE1{A.L.F.meA.meL.Ser(tBu).meF}$PEPTIDE1,PEPTIDE1,1:R1-7:R2$$$",-5.75300000,ok,,flexible
"PEPTIDE1{Me_dA.L.I.meA.L.T.V}$PEPTIDE1,PEPTIDE1,1:R1-7:R2$$$",-5.79000000,ok,,flexible
"PEPTIDE1{Mono6.meF.meA.A.T.F.Bn_Gly}$PEPTIDE1,PEPTIDE1,1:R1-7:R2$$$",-6.86300000,ok,,flexible
"PEPTIDE1{Sar.meA.meL.meV.meF.A.T}$PEPTIDE1,PEPTIDE1,1:R1-7:R2$$$",-5.92000000,ok,,flexible
"PEPTIDE1{dP.meA.L.Me_dL.P.meV.A}$PEPTIDE1,PEPTIDE1,1:R1-7:R2$$$",-6.13900000,ok,,flexible
"PEPTIDE1{Me_Bal.Me_dL.T.meA.I.P.dL}$PEPTIDE1,PEPTIDE1,1:R1-7:R2$$$",-6.25100000,ok,,flexible
"PEPTIDE1{Me_Bal.L.meL.V.T.dP.Ser(tBu)}$PEPTIDE1,PEPTIDE1,1:R1-7:R2$$$",-5.05400000,ok,,flexible
"PEPTIDE1{Pr_Gly.dPye.T.V.meL.P.meA}$PEPTIDE1,PEPTIDE1,1:R1-7:R2$$$",-5.38600000,ok,,flexible
"PEPTIDE1{meA.dP.L.V.T.dL.F}$PEPTIDE1,PEPTIDE1,1:R1-7:R2$$$",-5.81100000,ok,,flexible
"PEPTIDE1{dA.L.dL.meL.meL.Bn_Gly.meA}$PEPTIDE1,PEPTIDE1,1:R1-7:R2$$$",-6.39900000,ok,,flexible
"PEPTIDE1{dA.pentyl_Gly.meL.meF.T.A.P}$PEPTIDE1,PEPTIDE1,1:R1-7:R2$$$",-5.96600000,ok,,flexible
"PEPTIDE1{A.Me_dL.meL.V.dL.Pr_Gly.T}$PEPTIDE1,PEPTIDE1,1:R1-7:R2$$$",-5.57600000,ok,,flexible
"PEPTIDE1{Sar.V.Me_dL.dL.Me_dL.meL.L}$PEPTIDE1,PEPTIDE1,1:R1-7:R2$$$",-4.90400000,ok,,flexible
"PEPTIDE1{dA.V.L.I.Ser(tBu).dL.Me_dL}$PEPTIDE1,PEPTIDE1,1:R1-7:R2$$$",-5.44200000,ok,,flexible
"PEPTIDE1{Me_Bal.meF.I.meL.Bn_Gly.meA.L}$PEPTIDE1,PEPTIDE1,1:R1-7:R2$$$",-5.70000000,ok,,flexible
"PEPTIDE1{A.meL.meF.Ala(5-Tet).L.meS.T}$PEPTIDE1,PEPTIDE1,1:R1-7:R2$$$",-6.17300000,ok,,flexible
"PEPTIDE1{Me_dA.cHexCH2_Gly.T.meL.L.Me_dL.F}$PEPTIDE1,PEPTIDE1,1:R1-7:R2$$$",-5.76300000,ok,,flexible
"PEPTIDE1{Me_Bal.F.L.dP.T.meA.dV}$PEPTIDE1,PEPTIDE1,1:R1-7:R2$$$",-6.33700000,ok,,flexible
"PEPTIDE1{F.cHexCH2_Gly.T.meL.Sar.L.Ser(tBu)}$PEPTIDE1,PEPTIDE1,1:R1-7:R2$$$",-5.25400000,ok,,flexible
"PEPTIDE1{Me_dA.T.P.dV.F.meL.dL}$PEPTIDE1,PEPTIDE1,1:R1-7:R2$$$",-5.87200000,ok,,flexible
"PEPTIDE1{dV.T.Me_dL.Sar.dL.G.pentyl_Gly}$PEPTIDE1,PEPTIDE1,1:R1-7:R2$$$",-5.18200000,ok,,flexible
"PEPTIDE1{meA.meL.A.Me_dA.meF.dA.L}$PEPTIDE1,PEPTIDE1,1:R1-7:R2$$$",-6.07100000,ok,,flexible
"PEPTIDE1{Me_Bal.Me_dL.meF.meL.L.F.meA}$PEPTIDE1,PEPTIDE1,1:R1-7:R2$$$",-6.26800000,ok,,flexible
"PEPTIDE1{dV.A.Ala(5-Tet).T.meL.L.T}$PEPTIDE1,PEPTIDE1,1:R1-7:R2$$$",-6.19400000,ok,,flexible
"PEPTIDE1{F.I.dL.A.P.L.pentyl_Gly}$PEPTIDE1,PEPTIDE1,1:R1-7:R2$$$",-5.18500000,ok,,flexible
"PEPTIDE1{meA.dL.A.Me_dL.L.Mono84.meL}$PEPTIDE1,PEPTIDE1,1:R1-7:R2$$$",-5.87500000,ok,,flexible
"PEPTIDE1{dA.meL.L.A.Me_dL.T.F}$PEPTIDE1,PEPTIDE1,1:R1-7:R2$$$",-6.92100000,ok,,flexible
"PEPTIDE1{dV.Abu.meS.dA.T.meL.L}$PEPTIDE1,PEPTIDE1,1:R1-7:R2$$$",-5.73500000,ok,,flexible
"PEPTIDE1{L.dL.meF.pentyl_Gly.H.meL.Met(O2)}$PEPTIDE1,PEPTIDE1,1:R1-7:R2$$$",-4.55300000,ok,,flexible
"PEPTIDE1{Sar.meF.T.A.I.meL.dV}$PEPTIDE1,PEPTIDE1,1:R1-7:R2$$$",-6.62000000,ok,,flexible
"PEPTIDE1{Mono6.meL.A.meA.F.meF.I}$PEPTIDE1,PEPTIDE1,1:R1-7:R2$$$",-6.53000000,ok,,flexible
"PEPTIDE1{Me_Bal.I.Me_dL.dL.meL.meA.T}$PEPTIDE1,PEPTIDE1,1:R1-7:R2$$$",-5.64200000,ok,,flexible
"PEPTIDE1{Pr_Gly.P.T.I.V.F.Ser(tBu)}$PEPTIDE1,PEPTIDE1,1:R1-7:R2$$$",-5.49900000,ok,,flexible
"PEPTIDE1{Me_Bal.Pr_Gly.pentyl_Gly.meA.A.Me_Phe(3-Cl).Ser(tBu)}$PEPTIDE1,PEPTIDE1,1:R1-7:R2$$$",-5.12600000,ok,,flexible
"PEPTIDE1{A.meL.P.meL.meF.Me_dL.T}$PEPTIDE1,PEPTIDE1,1:R1-7:R2$$$",-6.11000000,ok,,flexible
"PEPTIDE1{meA.Et_Gly.dP.Ser(tBu).A.meF.meL}$PEPTIDE1,PEPTIDE1,1:R1-7:R2$$$",-5.92600000,ok,,flexible
"PEPTIDE1{dA.A.meA.meF.Ser(tBu).I.Aoc(2)}$PEPTIDE1,PEPTIDE1,1:R1-7:R2$$$",-5.30400000,ok,,flexible
"PEPTIDE1{L.meF.A.meA.meV.F.I}$PEPTIDE1,PEPTIDE1,1:R1-7:R2$$$",-6.38200000,ok,,flexible
"PEPTIDE1{F.A.L.meS.Abu.meS.Ala(5-Tet)}$PEPTIDE1,PEPTIDE1,1:R1-7:R2$$$",-6.00200000,ok,,flexible
"PEPTIDE1{Me_dA.T.dL.I.T.Me_dL.meA}$PEPTIDE1,PEPTIDE1,1:R1-7:R2$$$",-6.22800000,ok,,flexible
"PEPTIDE1{meL.Aoc(2).A.T.meA.I.L}$PEPTIDE1,PEPTIDE1,1:R1-7:R2$$$",-5.79300000,ok,,flexible
"PEPTIDE1{meL.A.Abu.meS.I.meF.T}$PEPTIDE1,PEPTIDE1,1:R1-7:R2$$$",-5.51500000,ok,,flexible
"PEPTIDE1{Me_Bal.L.T.meA.T.V.dV}$PEPTIDE1,PEPTIDE1,1:R1-7:R2$$$",-5.78000000,ok,,flexible
"PEPTIDE1{dV.L.Abu.Me_dL.meL.meF.meS}$PEPTIDE1,PEPTIDE1,1:R1-7:R2$$$",-5.98700000,ok,,flexible
"PEPTIDE1{Me_Bal.T.P.Me_dA.V.A.L}$PEPTIDE1,PEPTIDE1,1:R1-7:R2$$$",-6.36300000,ok,,flexible
"PEPTIDE1{dF.meL.meA.dP.I.A.meF}$PEPTIDE1,PEPTIDE1,1:R1-7:R2$$$",-6.18400000,ok,,flexible
"PEPTIDE1{F.I.L.meA.meF.V.P}$PEPTIDE1,PEPTIDE1,1:R1-7:R2$$$",-5.55100000,ok,,flexible
"PEPTIDE1{Mono6.meA.meL.meL.T.meS.meF}$PEPTIDE1,PEPTIDE1,1:R1-7:R2$$$",-5.25700000,ok,,flexible
"PEPTIDE1{Me_dA.T.meA.F.meL.Ser(tBu).meF}$PEPTIDE1,PEPTIDE1,1:R1-7:R2$$$",-6.18900000,ok,,flexible
"PEPTIDE1{dA.Me_dA.A.F.L.Ser(tBu).dP}$PEPTIDE1,PEPTIDE1,1:R1-7:R2$$$",-6.57600000,ok,,flexible
"PEPTIDE1{dV.Pr_Gly.meA.T.Me_dA.meF.V}$PEPTIDE1,PEPTIDE1,1:R1-7:R2$$$",-6.37500000,ok,,flexible
"PEPTIDE1{A.meA.V.dL.Me_dL.dV.Sar}$PEPTIDE1,PEPTIDE1,1:R1-7:R2$$$",-5.71900000,ok,,flexible
"PEPTIDE1{dV.Abu.T.dA.dP.meA.A}$PEPTIDE1,PEPTIDE1,1:R1-7:R2$$$",-6.49200000,ok,,flexible
"PEPTIDE1{meL.T.Phe(4-CF3).L.Ser(tBu).A.Abu}$PEPTIDE1,PEPTIDE1,1:R1-7:R2$$$",-5.24500000,ok,,flexible
"PEPTIDE1{A.meF.meL.L.I.T.Ser(tBu)}$PEPTIDE1,PEPTIDE1,1:R1-7:R2$$$",-5.51700000,ok,,flexible
"PEPTIDE1{dA.meA.meS.T.meL.Me_dL.F}$PEPTIDE1,PEPTIDE1,1:R1-7:R2$$$",-6.03700000,ok,,flexible
"PEPTIDE1{meL.A.dL.L.Me_dL.L.meF}$PEPTIDE1,PEPTIDE1,1:R1-7:R2$$$",-5.58500000,ok,,flexible
"PEPTIDE1{Me_Bal.dP.L.meA.meV.T.I}$PEPTIDE1,PEPTIDE1,1:R1-7:R2$$$",-6.46400000,ok,,flexible
"PEPTIDE1{Me_dA.pentyl_Gly.dL.P.L.L.I}$PEPTIDE1,PEPTIDE1,1:R1-7:R2$$$",-4.94700000,ok,,flexible
"PEPTIDE1{meA.Me_dA.Me_dL.A.T.L.dA}$PEPTIDE1,PEPTIDE1,1:R1-7:R2$$$",-6.28000000,ok,,flexible
"PEPTIDE1{meL.3Pal.Mono38.L.A.I.L}$PEPTIDE1,PEPTIDE1,1:R1-7:R2$$$",-5.39400000,ok,,flexible
"PEPTIDE1{Me_Bal.Me_dL.V.meF.T.P.L}$PEPTIDE1,PEPTIDE1,1:R1-7:R2$$$",-6.20100000,ok,,flexible
"PEPTIDE1{A.dA.meA.meL.T.meF.V}$PEPTIDE1,PEPTIDE1,1:R1-7:R2$$$",-6.20200000,ok,,flexible
"PEPTIDE1{Me_Bal.meA.Me_dL.dL.F.meL.L}$PEPTIDE1,PEPTIDE1,1:R1-7:R2$$$",-6.55300000,ok,,flexible
"PEPTIDE1{dA.Me_dL.meL.dP.Ser(tBu).T.Abu}$PEPTIDE1,PEPTIDE1,1:R1-7:R2$$$",-5.78300000,ok,,flexible
"PEPTIDE1{meA.I.cHexCH2_Gly.Mono38.dL.P.L}$PEPTIDE1,PEPTIDE1,1:R1-7:R2$$$",-5.78000000,ok,,flexible
"PEPTIDE1{dF.cHexCH2_Gly.dP.Sar.F.T.I}$PEPTIDE1,PEPTIDE1,1:R1-7:R2$$$",-6.15000000,ok,,flexible
"PEPTIDE1{dA.F.A.L.Aoc(2).I.meL}$PEPTIDE1,PEPTIDE1,1:R1-7:R2$$$",-5.23100000,ok,,flexible
"PEPTIDE1{L.meA.P.dP.A.dL.meF}$PEPTIDE1,PEPTIDE1,1:R1-7:R2$$$",-6.52100000,ok,,flexible
"PEPTIDE1{Me_Bal.meL.V.meA.I.L.Ser(tBu)}$PEPTIDE1,PEPTIDE1,1:R1-7:R2$$$",-5.57400000,ok,,flexible
"PEPTIDE1{dA.meA.L.dL.I.meF.A}$PEPTIDE1,PEPTIDE1,1:R1-7:R2$$$",-6.03900000,ok,,flexible
"PEPTIDE1{meA.L.L.A.Mono84.I.dP}$PEPTIDE1,PEPTIDE1,1:R1-7:R2$$$",-6.19900000,ok,,flexible
"PEPTIDE1{Mono6.dP.dL.A.meL.meA.T}$PEPTIDE1,PEPTIDE1,1:R1-7:R2$$$",-5.87500000,ok,,flexible
"PEPTIDE1{meA.F.P.I.dP.T.meF}$PEPTIDE1,PEPTIDE1,1:R1-7:R2$$$",-6.13400000,ok,,flexible
"PEPTIDE1{meA.L.T.Me_dL.V.F.dL}$PEPTIDE1,PEPTIDE1,1:R1-7:R2$$$",-6.31400000,ok,,flexible
"PEPTIDE1{Me_dA.meL.meF.meA.Sar.L.Aoc(2)}$PEPTIDE1,PEPTIDE1,1:R1-7:R2$$$",-5.42600000,ok,,flexible
"PEPTIDE1{Me_Bal.A.T.meL.F.meL.P}$PEPTIDE1,PEPTIDE1,1:R1-7:R2$$$",-5.87100000,ok,,flexible
"PEPTIDE1{Me_dA.I.A.Me_dL.meL.meF.P}$PEPTIDE1,PEPTIDE1,1:R1-7:R2$$$",-5.89600000,ok,,flexible
"PEPTIDE1{dV.A.L.T.meA.Ser(tBu).P}$PEPTIDE1,PEPTIDE1,1:R1-7:R2$$$",-6.08300000,ok,,flexible
"PEPTIDE1{meA.V.Me_dL.Sar.A.meL.L}$PEPTIDE1,PEPTIDE1,1:R1-7:R2$$$",-6.09200000,ok,,flexible
"PEPTIDE1{F.dP.meL.L.Me_dL.T.dL}$PEPTIDE1,PEPTIDE1,1:R1-7:R2$$$",-5.39900000,ok,,flexible
"PEPTIDE1{dF.T.D.A.Abu.meF.L}$PEPTIDE1,PEPTIDE1,1:R1-7:R2$$$",-6.78800000,ok,,flexible
"PEPTIDE1{meA.Ala(5-Tet).A.dL.Aoc(2).L.meF}$PEPTIDE1,PEPTIDE1,1:R1-7:R2$$$",-5.66600000,ok,,flexible
"PEPTIDE1{dV.L.Ala(5-Tet).V.A.T.Me_dL}$PEPTIDE1,PEPTIDE1,1:R1-7:R2$$$",-5.72800000,ok,,flexible
"PEPTIDE1{Me_dA.A.meL.dP.L.P.meA}$PEPTIDE1,PEPTIDE1,1:R1-7:R2$$$",-6.97500000,ok,,flexible
"PEPTIDE1{dV.Me_dL.meL.A.T.meF.Me_dA}$PEPTIDE1,PEPTIDE1,1:R1-7:R2$$$",-6.06600000,ok,,flexible
"PEPTIDE1{Me_Bal.meL.F.T.Ser(tBu).meA.meF}$PEPTIDE1,PEPTIDE1,1:R1-7:R2$$$",-5.94500000,ok,,flexible
"PEPTIDE1{meA.T.meF.meL.L.Bn_Gly.A}$PEPTIDE1,PEPTIDE1,1:R1-7:R2$$$",-5.46500000,ok,,flexible
"PEPTIDE1{A.T.V.meL.F.meL.Me_dL}$PEPTIDE1,PEPTIDE1,1:R1-7:R2$$$",-5.59800000,ok,,flexible
"PEPTIDE1{Me_Bal.P.L.meA.L.A.meL}$PEPTIDE1,PEPTIDE1,1:R1-7:R2$$$",-5.57600000,ok,,flexible
"PEPTIDE1{meA.meL.dL.L.dA.Sar.dV}$PEPTIDE1,PEPTIDE1,1:R1-7:R2$$$",-5.89000000,ok,,flexible
"PEPTIDE1{A.Ser(tBu).L.dP.dF.T.dL}$PEPTIDE1,PEPTIDE1,1:R1-7:R2$$$",-6.01800000,ok,,flexible
"PEPTIDE1{A.T.meL.Me_dL.G.F.L}$PEPTIDE1,PEPTIDE1,1:R1-7:R2$$$",-5.63700000,ok,,flexible
"PEPTIDE1{meA.meA.A.T.meL.T.meL}$PEPTIDE1,PEPTIDE1,1:R1-7:R2$$$",-6.04800000,ok,,flexible
"PEPTIDE1{dA.meF.meL.L.dL.A.I}$PEPTIDE1,PEPTIDE1,1:R1-7:R2$$$",-5.42900000,ok,,flexible
"PEPTIDE1{Me_dA.meA.meF.meL.L.I.Me_dL}$PEPTIDE1,PEPTIDE1,1:R1-7:R2$$$",-6.09400000,ok,,flexible
"PEPTIDE1{meA.meL.L.L.I.dL.A}$PEPTIDE1,PEPTIDE1,1:R1-7:R2$$$",-5.51200000,ok,,flexible
"PEPTIDE1{Pr_Gly.Ser(tBu).L.A.dP.dL.T}$PEPTIDE1,PEPTIDE1,1:R1-7:R2$$$",-5.32200000,ok,,flexible
"PEPTIDE1{A.meF.meS.meL.meL.L.P}$PEPTIDE1,PEPTIDE1,1:R1-7:R2$$$",-6.03600000,ok,,flexible
"PEPTIDE1{meA.V.dL.L.P.A.F}$PEPTIDE1,PEPTIDE1,1:R1-7:R2$$$",-6.56900000,ok,,flexible
"PEPTIDE1{dV.T.dP.dL.Me_dL.A.T}$PEPTIDE1,PEPTIDE1,1:R1-7:R2$$$",-5.70800000,ok,,flexible
"PEPTIDE1{dF.pentyl_Gly.A.Me_dL.Me_Phe(3-Cl).F.dL}$PEPTIDE1,PEPTIDE1,1:R1-7:R2$$$",-5.38200000,ok,,flexible
"PEPTIDE1{meL.L.meS.T.Abu.Me_dL.A}$PEPTIDE1,PEPTIDE1,1:R1-7:R2$$$",-5.11100000,ok,,flexible
"PEPTIDE1{meA.F.P.V.meL.meL.L}$PEPTIDE1,PEPTIDE1,1:R1-7:R2$$$",-5.42000000,ok,,flexible
"PEPTIDE1{meA.L.meF.V.I.T.F}$PEPTIDE1,PEPTIDE1,1:R1-7:R2$$$",-5.62500000,ok,,flexible
"PEPTIDE1{dF.A.Abu.dL.meA.dV.meF}$PEPTIDE1,PEPTIDE1,1:R1-7:R2$$$",-5.97500000,ok,,flexible
"PEPTIDE1{dV.meF.A.Me_dL.V.Bn_Gly.meL}$PEPTIDE1,PEPTIDE1,1:R1-7:R2$$$",-5.60000000,ok,,flexible
"PEPTIDE1{P.dA.T.dP.meA.Me_dL.Me_dA}$PEPTIDE1,PEPTIDE1,1:R1-7:R2$$$",-6.71200000,ok,,flexible
"PEPTIDE1{dA.meA.meL.V.L.Me_dL.L}$PEPTIDE1,PEPTIDE1,1:R1-7:R2$$$",-5.34500000,ok,,flexible
"PEPTIDE1{meL.L.F.A.meA.Me_dL.T}$PEPTIDE1,PEPTIDE1,1:R1-7:R2$$$",-6.20600000,ok,,flexible
"PEPTIDE1{meA.T.meF.F.Me_dL.Bn_Gly.A}$PEPTIDE1,PEPTIDE1,1:R1-7:R2$$$",-6.60100000,ok,,flexible
"PEPTIDE1{A.meL.F.meV.T.meA.T}$PEPTIDE1,PEPTIDE1,1:R1-7:R2$$$",-5.81900000,ok,,flexible
"PEPTIDE1{A.dL.Ser(tBu).I.meL.L.V}$PEPTIDE1,PEPTIDE1,1:R1-7:R2$$$",-5.18000000,ok,,flexible
"PEPTIDE1{P.meF.dL.I.T.meL.F}$PEPTIDE1,PEPTIDE1,1:R1-7:R2$$$",-5.64500000,ok,,flexible
"PEPTIDE1{dF.P.meS.A.L.Abu.dA}$PEPTIDE1,PEPTIDE1,1:R1-7:R2$$$",-6.47400000,ok,,flexible
"PEPTIDE1{Mono6.meL.P.V.meA.L.Me_dL}$PEPTIDE1,PEPTIDE1,1:R1-7:R2$$$",-6.29500000,ok,,flexible
"PEPTIDE1{Mono6.L.T.L.Sar.G.Ser(tBu)}$PEPTIDE1,PEPTIDE1,1:R1-7:R2$$$",-6.06500000,ok,,flexible
"PEPTIDE1{L.meF.A.meL.meL.Me_dL.dL}$PEPTIDE1,PEPTIDE1,1:R1-7:R2$$$",-5.26300000,ok,,flexible
"PEPTIDE1{Mono6.Me_dL.A.F.L.meA.meL}$PEPTIDE1,PEPTIDE1,1:R1-7:R2$$$",-6.10400000,ok,,flexible
"PEPTIDE1{Mono6.meL.dL.Me_dL.T.dP.meF}$PEPTIDE1,PEPTIDE1,1:R1-7:R2$$$",-5.73500000,ok,,flexible
"PEPTIDE1{meA.V.dL.meL.Me_dL.L.G}$PEPTIDE1,PEPTIDE1,1:R1-7:R2$$$",-5.56100000,ok,,flexible
"PEPTIDE1{P.dA.meA.F.meF.T.meL}$PEPTIDE1,PEPTIDE1,1:R1-7:R2$$$",-6.53200000,ok,,flexible
"PEPTIDE1{Me_dA.L.meL.meA.I.G.meI}$PEPTIDE1,PEPTIDE1,1:R1-7:R2$$$",-5.34700000,ok,,flexible
"PEPTIDE1{Me_dA.G.meA.Me_dL.F.F.T}$PEPTIDE1,PEPTIDE1,1:R1-7:R2$$$",-6.25000000,ok,,flexible
"PEPTIDE1{Pr_Gly.Me_dA.Me_dL.meA.L.P.meY}$PEPTIDE1,PEPTIDE1,1:R1-7:R2$$$",-6.87800000,ok,,flexible
"PEPTIDE1{meA.meL.A.dL.L.T.meL}$PEPTIDE1,PEPTIDE1,1:R1-7:R2$$$",-5.89600000,ok,,flexible
"PEPTIDE1{A.meS.meA.dL.T.meF.Sar}$PEPTIDE1,PEPTIDE1,1:R1-7:R2$$$",-6.44900000,ok,,flexible
"PEPTIDE1{Me_Bal.meL.P.meL.T.G.dP}$PEPTIDE1,PEPTIDE1,1:R1-7:R2$$$",-6.52600000,ok,,flexible
"PEPTIDE1{A.L.meF.T.meL.I.Me_dL}$PEPTIDE1,PEPTIDE1,1:R1-7:R2$$$",-5.76500000,ok,,flexible
"PEPTIDE1{A.meL.meA.T.Ser(tBu).V.P}$PEPTIDE1,PEPTIDE1,1:R1-7:R2$$$",-6.09400000,ok,,flexible
"PEPTIDE1{dA.V.A.L.meA.I.dL}$PEPTIDE1,PEPTIDE1,1:R1-7:R2$$$",-6.21400000,ok,,flexible
"PEPTIDE1{Me_dA.T.L.meF.F.meL.A}$PEPTIDE1,PEPTIDE1,1:R1-7:R2$$$",-6.26900000,ok,,flexible
"PEPTIDE1{dV.A.V.meA.Me_dL.meL.meF}$PEPTIDE1,PEPTIDE1,1:R1-7:R2$$$",-5.97400000,ok,,flexible
"PEPTIDE1{Pr_Gly.Mono38.Me_Phe(3-Cl).L.V.meA.Me_dL}$PEPTIDE1,PEPTIDE1,1:R1-7:R2$$$",-5.56200000,ok,,flexible
"PEPTIDE1{dA.meS.P.Aoc(2).P.dL.meF}$PEPTIDE1,PEPTIDE1,1:R1-7:R2$$$",-6.42900000,ok,,flexible
"PEPTIDE1{A.meV.meL.I.meA.L.Ser(tBu)}$PEPTIDE1,PEPTIDE1,1:R1-7:R2$$$",-5.01400000,ok,,flexible
"PEPTIDE1{Me_dA.F.Mono38.pentyl_Gly.A.meL.cHexCH2_Gly}$PEPTIDE1,PEPTIDE1,1:R1-7:R2$$$",-5.62700000,ok,,flexible
"PEPTIDE1{meA.meF.Me_dL.I.T.meL.A}$PEPTIDE1,PEPTIDE1,1:R1-7:R2$$$",-5.68300000,ok,,flexible
"PEPTIDE1{meA.meF.L.V.meL.Sar.T}$PEPTIDE1,PEPTIDE1,1:R1-7:R2$$$",-5.91200000,ok,,flexible
"PEPTIDE1{Me_Bal.Pr_Gly.Pr_Gly.Me_dL.V.F.meF}$PEPTIDE1,PEPTIDE1,1:R1-7:R2$$$",-6.02000000,ok,,flexible
"PEPTIDE1{F.A.meL.dL.T.I.meF}$PEPTIDE1,PEPTIDE1,1:R1-7:R2$$$",-5.75400000,ok,,flexible
"PEPTIDE1{meA.T.meL.dL.A.meF.Me_dL}$PEPTIDE1,PEPTIDE1,1:R1-7:R2$$$",-5.96600000,ok,,flexible
"PEPTIDE1{dA.Me_dL.L.meF.Aoc(2).F.meL}$PEPTIDE1,PEPTIDE1,1:R1-7:R2$$$",-5.76000000,ok,,flexible
"PEPTIDE1{Me_dA.pentyl_Gly.A.cHexCH2_Gly.Ser(tBu).T.G}$PEPTIDE1,PEPTIDE1,1:R1-7:R2$$$",-5.16900000,ok,,flexible
"PEPTIDE1{meL.meF.T.meA.A.I.Me_dL}$PEPTIDE1,PEPTIDE1,1:R1-7:R2$$$",-5.58500000,ok,,flexible
"PEPTIDE1{A.meL.meA.L.meL.I.P}$PEPTIDE1,PEPTIDE1,1:R1-7:R2$$$",-6.05300000,ok,,flexible
"PEPTIDE1{dA.G.meL.T.dL.Me_dL.meF}$PEPTIDE1,PEPTIDE1,1:R1-7:R2$$$",-5.68100000,ok,,flexible
"PEPTIDE1{dA.L.T.Ser(tBu).dP.T.meS}$PEPTIDE1,PEPTIDE1,1:R1-7:R2$$$",-5.87400000,ok,,flexible
"PEPTIDE1{dF.L.meF.F.T.meS.Abu}$PEPTIDE1,PEPTIDE1,1:R1-7:R2$$$",-5.67700000,ok,,flexible
"PEPTIDE1{meA.Sar.meV.meF.F.meL.T}$PEPTIDE1,PEPTIDE1,1:R1-7:R2$$$",-5.79000000,ok,,flexible
"PEPTIDE1{A.F.T.dL.meA.Me_dL.I}$PEPTIDE1,PEPTIDE1,1:R1-7:R2$$$",-5.78900000,ok,,flexible
"PEPTIDE1{dP.T.F.A.meL.dL.V}$PEPTIDE1,PEPTIDE1,1:R1-7:R2$$$",-6.36900000,ok,,flexible
"PEPTIDE1{Me_dA.dL.Aoc(2).T.meF.L.meL}$PEPTIDE1,PEPTIDE1,1:R1-7:R2$$$",-5.25700000,ok,,flexible
"PEPTIDE1{dA.pentyl_Gly.meL.L.meF.Bn_Gly.meV}$PEPTIDE1,PEPTIDE1,1:R1-7:R2$$$",-5.89000000,ok,,flexible
"PEPTIDE1{Me_dA.Abu.meF.Ala(5-Tet).T.Me_dL.Sar}$PEPTIDE1,PEPTIDE1,1:R1-7:R2$$$",-6.57100000,ok,,flexible
"PEPTIDE1{dV.dL.F.P.G.V.meF}$PEPTIDE1,PEPTIDE1,1:R1-7:R2$$$",-6.63900000,ok,,flexible
"PEPTIDE1{dA.P.T.meA.meF.Me_dL.meL}$PEPTIDE1,PEPTIDE1,1:R1-7:R2$$$",-6.52100000,ok,,flexible
"PEPTIDE1{P.Mono38.Ser(tBu).meL.T.L.dL}$PEPTIDE1,PEPTIDE1,1:R1-7:R2$$$",-4.94700000,ok,,flexible
"PEPTIDE1{Me_dA.L.Me_dL.V.P.dL.Ser(tBu)}$PEPTIDE1,PEPTIDE1,1:R1-7:R2$$$",-5.53400000,ok,,flexible
"PEPTIDE1{meL.Ala(5-Tet).Aoc(2).P.T.meA.meL}$PEPTIDE1,PEPTIDE1,1:R1-7:R2$$$",-5.83200000,ok,,flexible
"PEPTIDE1{meA.Me_dL.A.Ala(5-Tet).meS.dP.T}$PEPTIDE1,PEPTIDE1,1:R1-7:R2$$$",-6.83500000,ok,,flexible
"PEPTIDE1{dV.Ser(tBu).dP.T.meL.L.A}$PEPTIDE1,PEPTIDE1,1:R1-7:R2$$$",-6.32800000,ok,,flexible
"PEPTIDE1{L.I.cHexCH2_Gly.dP.Aoc(2).P.F}$PEPTIDE1,PEPTIDE1,1:R1-7:R2$$$",-6.03600000,ok,,flexible
"PEPTIDE1{F.meF.meL.T.T.Aoc(2).L}$PEPTIDE1,PEPTIDE1,1:R1-7:R2$$$",-5.13900000,ok,,flexible
"PEPTIDE1{dF.meA.meL.L.Abu.Me_dA.A}$PEPTIDE1,PEPTIDE1,1:R1-7:R2$$$",-6.41400000,ok,,flexible
"PEPTIDE1{A.meL.L.L.T.T.dL}$PEPTIDE1,PEPTIDE1,1:R1-7:R2$$$",-5.20400000,ok,,flexible
"PEPTIDE1{Me_dA.Pr_Gly.F.G.P.T.V}$PEPTIDE1,PEPTIDE1,1:R1-7:R2$$$",-6.32700000,ok,,flexible
"PEPTIDE1{Me_Bal.meL.V.Me_dL.I.dL.meA}$PEPTIDE1,PEPTIDE1,1:R1-7:R2$$$",-5.68000000,ok,,flexible
"PEPTIDE1{dA.Me_dL.meV.T.meV.meA.meI}$PEPTIDE1,PEPTIDE1,1:R1-7:R2$$$",-5.41400000,ok,,flexible
"PEPTIDE1{A.dA.F.meA.T.L.dL}$PEPTIDE1,PEPTIDE1,1:R1-7:R2$$$",-5.91500000,ok,,flexible
"PEPTIDE1{meA.meL.F.Me_dA.A.G.meF}$PEPTIDE1,PEPTIDE1,1:R1-7:R2$$$",-6.90400000,ok,,flexible
"PEPTIDE1{Me_dA.meA.A.Me_dL.L.V.G}$PEPTIDE1,PEPTIDE1,1:R1-7:R2$$$",-6.31700000,ok,,flexible
"PEPTIDE1{Me_dA.F.meL.L.Me_dL.Ser(tBu).L}$PEPTIDE1,PEPTIDE1,1:R1-7:R2$$$",-5.13700000,ok,,flexible
"PEPTIDE1{Me_dA.T.Aoc(2).meS.meA.L.Abu}$PEPTIDE1,PEPTIDE1,1:R1-7:R2$$$",-5.48100000,ok,,flexible
"PEPTIDE1{Sar.Me_dL.A.F.L.meA.I}$PEPTIDE1,PEPTIDE1,1:R1-7:R2$$$",-5.32400000,ok,,flexible
"PEPTIDE1{dA.L.Ser(tBu).G.meL.Me_dL.meF}$PEPTIDE1,PEPTIDE1,1:R1-7:R2$$$",-6.04300000,ok,,flexible
"PEPTIDE1{meA.A.meL.L.T.F.I}$PEPTIDE1,PEPTIDE1,1:R1-7:R2$$$",-6.16900000,ok,,flexible
"PEPTIDE1{Me_dA.meL.A.F.meF.Aoc(2).V}$PEPTIDE1,PEPTIDE1,1:R1-7:R2$$$",-6.05600000,ok,,flexible
"PEPTIDE1{A.Me_dL.L.L.T.meI.meL}$PEPTIDE1,PEPTIDE1,1:R1-7:R2$$$",-5.50900000,ok,,flexible
"PEPTIDE1{meA.F.T.Ser(tBu).Me_dL.meL.I}$PEPTIDE1,PEPTIDE1,1:R1-7:R2$$$",-5.08700000,ok,,flexible
"PEPTIDE1{L.meL.L.P.Mono34.T.dL}$PEPTIDE1,PEPTIDE1,1:R1-7:R2$$$",-5.15600000,ok,,flexible
"PEPTIDE1{meA.A.dL.L.V.meF.Me_dL}$PEPTIDE1,PEPTIDE1,1:R1-7:R2$$$",-6.35800000,ok,,flexible
"PEPTIDE1{Pr_Gly.dA.Me_dL.meL.meA.L.I}$PEPTIDE1,PEPTIDE1,1:R1-7:R2$$$",-5.07800000,ok,,flexible
"PEPTIDE1{dA.meL.dL.meS.T.L.V}$PEPTIDE1,PEPTIDE1,1:R1-7:R2$$$",-5.81500000,ok,,flexible
"PEPTIDE1{A.L.G.I.T.meL.meL}$PEPTIDE1,PEPTIDE1,1:R1-7:R2$$$",-6.09700000,ok,,flexible
"PEPTIDE1{meL.meA.V.Aoc(2).dL.T.I}$PEPTIDE1,PEPTIDE1,1:R1-7:R2$$$",-4.90300000,ok,,flexible
"PEPTIDE1{A.Me_dL.dL.L.dV.Me_dL.F}$PEPTIDE1,PEPTIDE1,1:R1-7:R2$$$",-5.27000000,ok,,flexible
"PEPTIDE1{Me_dA.F.Pr_Gly.Me_dL.I.Ser(tBu).L}$PEPTIDE1,PEPTIDE1,1:R1-7:R2$$$",-4.99900000,ok,,flexible
"PEPTIDE1{Me_dA.dL.L.meL.Me_Phe(3-Cl).meL.Ser(tBu)}$PEPTIDE1,PEPTIDE1,1:R1-7:R2$$$",-5.74200000,ok,,flexible
"PEPTIDE1{dV.Pr_Gly.F.dA.meL.P.dL}$PEPTIDE1,PEPTIDE1,1:R1-7:R2$$$",-5.89400000,ok,,flexible
"PEPTIDE1{dV.T.meL.T.Sar.dL.meA}$PEPTIDE1,PEPTIDE1,1:R1-7:R2$$$",-5.77300000,ok,,flexible
"PEPTIDE1{dA.meL.meF.Ser(tBu).A.meA.P}$PEPTIDE1,PEPTIDE1,1:R1-7:R2$$$",-6.12600000,ok,,flexible
"PEPTIDE1{F.I.Met(O2).T.L.Ser(tBu).dL}$PEPTIDE1,PEPTIDE1,1:R1-7:R2$$$",-5.14900000,ok,,flexible
"PEPTIDE1{Me_dA.T.P.F.dL.Me_dL.meL}$PEPTIDE1,PEPTIDE1,1:R1-7:R2$$$",-6.09600000,ok,,flexible
"PEPTIDE1{dV.T.T.L.meA.meL.dL}$PEPTIDE1,PEPTIDE1,1:R1-7:R2$$$",-5.60600000,ok,,flexible
"PEPTIDE1{meL.A.meF.L.dP.T.dL}$PEPTIDE1,PEPTIDE1,1:R1-7:R2$$$",-6.37600000,ok,,flexible
"PEPTIDE1{dV.L.T.meA.dA.meL.meF}$PEPTIDE1,PEPTIDE1,1:R1-7:R2$$$",-5.67700000,ok,,flexible
"PEPTIDE1{Me_Bal.T.L.F.A.meL.V}$PEPTIDE1,PEPTIDE1,1:R1-7:R2$$$",-5.47500000,ok,,flexible
"PEPTIDE1{meA.T.meV.A.meF.Me_dL.F}$PEPTIDE1,PEPTIDE1,1:R1-7:R2$$$",-6.04000000,ok,,flexible
"PEPTIDE1{dV.meA.A.dP.T.L.Me_dL}$PEPTIDE1,PEPTIDE1,1:R1-7:R2$$$",-6.25700000,ok,,flexible
"PEPTIDE1{dA.Me_dAbu.L.I.V.meA.meA}$PEPTIDE1,PEPTIDE1,1:R1-7:R2$$$",-6.09600000,ok,,flexible
"PEPTIDE1{meA.T.L.A.dV.dL.V}$PEPTIDE1,PEPTIDE1,1:R1-7:R2$$$",-6.05700000,ok,,flexible
"PEPTIDE1{dA.meL.L.meA.Me_dL.dL.T}$PEPTIDE1,PEPTIDE1,1:R1-7:R2$$$",-5.42400000,ok,,flexible
"PEPTIDE1{Sar.L.meL.meV.G.T.V}$PEPTIDE1,PEPTIDE1,1:R1-7:R2$$$",-5.67200000,ok,,flexible
"PEPTIDE1{dA.L.meA.A.Sar.I.Ala(5-Tet)}$PEPTIDE1,PEPTIDE1,1:R1-7:R2$$$",-5.78200000,ok,,flexible
"PEPTIDE1{meA.meL.Abu.T.T.Aoc(2).L}$PEPTIDE1,PEPTIDE1,1:R1-7:R2$$$",-5.39600000,ok,,flexible
"PEPTIDE1{L.A.meL.dL.I.Sar.L}$PEPTIDE1,PEPTIDE1,1:R1-7:R2$$$",-5.58900000,ok,,flexible
"PEPTIDE1{Me_dA.meL.T.meA.L.L.F}$PEPTIDE1,PEPTIDE1,1:R1-7:R2$$$",-6.19200000,ok,,flexible
"PEPTIDE1{meL.Abu.meS.L.Aoc(2).Sar.V}$PEPTIDE1,PEPTIDE1,1:R1-7:R2$$$",-5.30200000,ok,,flexible
"PEPTIDE1{A.meA.Me_dL.L.P.dL.meV}$PEPTIDE1,PEPTIDE1,1:R1-7:R2$$$",-5.69300000,ok,,flexible
"PEPTIDE1{Me_dA.meF.F.A.T.L.Me_dL}$PEPTIDE1,PEPTIDE1,1:R1-7:R2$$$",-5.29100000,ok,,flexible
"PEPTIDE1{F.meL.meA.Ser(tBu).I.A.T}$PEPTIDE1,PEPTIDE1,1:R1-7:R2$$$",-5.47100000,ok,,flexible
"PEPTIDE1{P.T.dL.meA.L.meI.meL}$PEPTIDE1,PEPTIDE1,1:R1-7:R2$$$",-5.59800000,ok,,flexible
"PEPTIDE1{L.A.Abu.T.meA.dL.Aoc(2)}$PEPTIDE1,PEPTIDE1,1:R1-7:R2$$$",-5.43000000,ok,,flexible
"PEPTIDE1{Mono6.V.Me_dA.meF.I.L.T}$PEPTIDE1,PEPTIDE1,1:R1-7:R2$$$",-6.31300000,ok,,flexible
"PEPTIDE1{Me_dA.P.Ser(tBu).dP.meL.T.dA}$PEPTIDE1,PEPTIDE1,1:R1-7:R2$$$",-6.21100000,ok,,flexible
"PEPTIDE1{A.P.T.V.meL.L.meL}$PEPTIDE1,PEPTIDE1,1:R1-7:R2$$$",-5.65200000,ok,,flexible
"PEPTIDE1{dV.Abu.T.L.meF.dA.dP}$PEPTIDE1,PEPTIDE1,1:R1-7:R2$$$",-6.12300000,ok,,flexible
"PEPTIDE1{A.T.meS.L.G.dP.F}$PEPTIDE1,PEPTIDE1,1:R1-7:R2$$$",-5.93500000,ok,,flexible
"PEPTIDE1{A.meA.Me_dL.F.Ser(tBu).L.I}$PEPTIDE1,PEPTIDE1,1:R1-7:R2$$$",-5.37600000,ok,,flexible
"PEPTIDE1{Me_dA.T.meA.meL.dL.P.F}$PEPTIDE1,PEPTIDE1,1:R1-7:R2$$$",-6.37700000,ok,,flexible
"PEPTIDE1{dV.dP.dL.A.L.meA.V}$PEPTIDE1,PEPTIDE1,1:R1-7:R2$$$",-6.76000000,ok,,flexible
"PEPTIDE1{dF.Me_Phe(3-Cl).meL.Ser(tBu).dL.A.V}$PEPTIDE1,PEPTIDE1,1:R1-7:R2$$$",-5.80000000,ok,,flexible
"PEPTIDE1{A.T.meA.V.F.meF.meV}$PEPTIDE1,PEPTIDE1,1:R1-7:R2$$$",-7.04600000,ok,,flexible
"PEPTIDE1{meA.L.A.L.dL.Ser(tBu).meF}$PEPTIDE1,PEPTIDE1,1:R1-7:R2$$$",-4.97700000,ok,,flexible
"PEPTIDE1{F.Bn_Gly.I.dL.I.T.L}$PEPTIDE1,PEPTIDE1,1:R1-7:R2$$$",-5.55300000,ok,,flexible
"PEPTIDE1{F.meL.L.L.T.meF.A}$PEPTIDE1,PEPTIDE1,1:R1-7:R2$$$",-5.77500000,ok,,flexible
"PEPTIDE1{L.cHexCH2_Gly.P.meF.meL.L.meA}$PEPTIDE1,PEPTIDE1,1:R1-7:R2$$$",-5.71500000,ok,,flexible
"PEPTIDE1{meA.F.I.Bn_Gly.G.A.meF}$PEPTIDE1,PEPTIDE1,1:R1-7:R2$$$",-6.66200000,ok,,flexible
"PEPTIDE1{Me_Bal.Me_dAbu.meA.F.Sar.Abu.Aoc(2)}$PEPTIDE1,PEPTIDE1,1:R1-7:R2$$$",-6.27200000,ok,,flexible
"PEPTIDE1{Me_dA.T.meA.meA.Me_dL.L.dL}$PEPTIDE1,PEPTIDE1,1:R1-7:R2$$$",-5.75700000,ok,,flexible
"PEPTIDE1{Me_Bal.A.P.meL.V.L.F}$PEPTIDE1,PEPTIDE1,1:R1-7:R2$$$",-6.27500000,ok,,flexible
"PEPTIDE1{Me_dA.T.meA.dA.L.dL.Me_Phe(3-Cl)}$PEPTIDE1,PEPTIDE1,1:R1-7:R2$$$",-6.13200000,ok,,flexible
"PEPTIDE1{Me_Bal.cHexCH2_Gly.L.A.T.F.V}$PEPTIDE1,PEPTIDE1,1:R1-7:R2$$$",-6.05500000,ok,,flexible
"PEPTIDE1{Me_dA.P.T.V.meF.T.L}$PEPTIDE1,PEPTIDE1,1:R1-7:R2$$$",-6.37000000,ok,,flexible
"PEPTIDE1{Pr_Gly.A.L.meL.meL.dL.V}$PEPTIDE1,PEPTIDE1,1:R1-7:R2$$$",-5.09200000,ok,,flexible
"PEPTIDE1{dV.T.meA.Me_dA.A.L.Me_dL}$PEPTIDE1,PEPTIDE1,1:R1-7:R2$$$",-6.16500000,ok,,flexible
"PEPTIDE1{A.meV.F.L.Me_dL.V.meF}$PEPTIDE1,PEPTIDE1,1:R1-7:R2$$$",-5.99600000,ok,,flexible
"PEPTIDE1{dV.meA.Sar.dA.dP.dL.A}$PEPTIDE1,PEPTIDE1,1:R1-7:R2$$$",-6.40500000,ok,,flexible
"PEPTIDE1{Me_Bal.meL.meA.A.T.F.P}$PEPTIDE1,PEPTIDE1,1:R1-7:R2$$$",-6.20800000,ok,,flexible
"PEPTIDE1{Me_dA.A.T.meS.T.meA.meL}$PEPTIDE1,PEPTIDE1,1:R1-7:R2$$$",-5.83700000,ok,,flexible
"PEPTIDE1{meL.Me_dL.meA.V.meV.T.meF}$PEPTIDE1,PEPTIDE1,1:R1-7:R2$$$",-5.72000000,ok,,flexible
"PEPTIDE1{Me_dA.V.meL.meA.F.T.L}$PEPTIDE1,PEPTIDE1,1:R1-7:R2$$$",-6.00000000,ok,,flexible
"PEPTIDE1{dA.meL.V.L.meV.Me_dL.A}$PEPTIDE1,PEPTIDE1,1:R1-7:R2$$$",-5.26400000,ok,,flexible
"PEPTIDE1{L.F.T.meF.I.meL.G}$PEPTIDE1,PEPTIDE1,1:R1-7:R2$$$",-5.90800000,ok,,flexible
"PEPTIDE1{Me_dA.F.meL.P.I.dL.Me_dL}$PEPTIDE1,PEPTIDE1,1:R1-7:R2$$$",-5.59600000,ok,,flexible
"PEPTIDE1{dA.P.meA.L.I.meL.dL}$PEPTIDE1,PEPTIDE1,1:R1-7:R2$$$",-5.28900000,ok,,flexible
"PEPTIDE1{Me_Bal.L.meA.G.Me_dL.I.Ser(tBu)}$PEPTIDE1,PEPTIDE1,1:R1-7:R2$$$",-5.60300000,ok,,flexible
"PEPTIDE1{dV.A.meF.L.F.T.Me_dA}$PEPTIDE1,PEPTIDE1,1:R1-7:R2$$$",-6.48600000,ok,,flexible
"PEPTIDE1{meA.cHexCH2_Gly.A.P.meL.L.Ser(tBu)}$PEPTIDE1,PEPTIDE1,1:R1-7:R2$$$",-6.04700000,ok,,flexible
"PEPTIDE1{F.Pr_Gly.meL.L.Me_Phe(3-Cl).meA.Me_dL}$PEPTIDE1,PEPTIDE1,1:R1-7:R2$$$",-5.81100000,ok,,flexible
"PEPTIDE1{Me_Bal.I.meL.meA.dL.meF.L}$PEPTIDE1,PEPTIDE1,1:R1-7:R2$$$",-5.83000000,ok,,flexible
"PEPTIDE1{L.T.I.L.V.Ser(tBu).Sar}$PEPTIDE1,PEPTIDE1,1:R1-7:R2$$$",-4.83600000,ok,,flexible
"PEPTIDE1{L.meL.A.Aoc(2).meS.T.T}$PEPTIDE1,PEPTIDE1,1:R1-7:R2$$$",-5.34200000,ok,,flexible
"PEPTIDE1{Me_Bal.meL.Bn_Gly.meF.meA.Me_dL.A}$PEPTIDE1,PEPTIDE1,1:R1-7:R2$$$",-6.14800000,ok,,flexible
"PEPTIDE1{meA.Me_dA.T.V.meF.Sar.Me_dL}$PEPTIDE1,PEPTIDE1,1:R1-7:R2$$$",-6.66100000,ok,,flexible
"PEPTIDE1{A.dA.meF.meV.T.Ser(tBu).V}$PEPTIDE1,PEPTIDE1,1:R1-7:R2$$$",-5.72400000,ok,,flexible
"PEPTIDE1{dA.Me_dL.meA.meL.dP.T.V}$PEPTIDE1,PEPTIDE1,1:R1-7:R2$$$",-5.89200000,ok,,flexible
"PEPTIDE1{Mono6.Me_dL.meS.T.T.meF.meL}$PEPTIDE1,PEPTIDE1,1:R1-7:R2$$$",-6.18000000,ok,,flexible
"PEPTIDE1{meA.A.meF.meL.I.V.L}$PEPTIDE1,PEPTIDE1,1:R1-7:R2$$$",-5.45900000,ok,,flexible
"PEPTIDE1{F.cHexCH2_Gly.dP.meF.A.pentyl_Gly.meL}$PEPTIDE1,PEPTIDE1,1:R1-7:R2$$$",-6.00800000,ok,,flexible
"PEPTIDE1{Pr_Gly.Abu.Me_dL.Sar.T.A.Ser(tBu)}$PEPTIDE1,PEPTIDE1,1:R1-7:R2$$$",-5.79900000,ok,,flexible
"PEPTIDE1{meL.L.Sar.A.meA.F.Me_dL}$PEPTIDE1,PEPTIDE1,1:R1-7:R2$$$",-5.62400000,ok,,flexible
"PEPTIDE1{dF.Me_dL.meA.meL.T.F.V}$PEPTIDE1,PEPTIDE1,1:R1-7:R2$$$",-5.98800000,ok,,flexible
"PEPTIDE1{dV.Abu.meL.T.meA.T.Aoc(2)}$PEPTIDE1,PEPTIDE1,1:R1-7:R2$$$",-5.84100000,ok,,flexible
"PEPTIDE1{Mono6.Me_dL.Abu.F.meL.L.V}$PEPTIDE1,PEPTIDE1,1:R1-7:R2$$$",-6.04500000,ok,,flexible
"PEPTIDE1{dV.A.Me_dL.Abu.dL.meL.meS}$PEPTIDE1,PEPTIDE1,1:R1-7:R2$$$",-5.09700000,ok,,flexible
"PEPTIDE1{A.meL.L.dL.dA.V.dV}$PEPTIDE1,PEPTIDE1,1:R1-7:R2$$$",-5.70600000,ok,,flexible
"PEPTIDE1{A.F.L.Me_dL.Me_dA.meL.meF}$PEPTIDE1,PEPTIDE1,1:R1-7:R2$$$",-5.13700000,ok,,flexible
"PEPTIDE1{L.meL.meA.Me_dL.F.T.Ser(tBu)}$PEPTIDE1,PEPTIDE1,1:R1-7:R2$$$",-5.84100000,ok,,flexible
"PEPTIDE1{meA.L.Abu.P.dV.Sar.meF}$PEPTIDE1,PEPTIDE1,1:R1-7:R2$$$",-6.29200000,ok,,flexible
"PEPTIDE1{Mono6.V.F.meF.P.P.T}$PEPTIDE1,PEPTIDE1,1:R1-7:R2$$$",-6.53600000,ok,,flexible
"PEPTIDE1{F.dP.T.meA.meL.F.meL}$PEPTIDE1,PEPTIDE1,1:R1-7:R2$$$",-5.85800000,ok,,flexible
"PEPTIDE1{Me_dA.meF.T.meV.Ser(tBu).meL.Bn_Gly}$PEPTIDE1,PEPTIDE1,1:R1-7:R2$$$",-5.93600000,ok,,flexible
"PEPTIDE1{meL.L.Me_dL.meA.dL.meS.Abu}$PEPTIDE1,PEPTIDE1,1:R1-7:R2$$$",-4.74100000,ok,,flexible
"PEPTIDE1{dF.A.G.Me_dL.Ser(tBu).L.meL}$PEPTIDE1,PEPTIDE1,1:R1-7:R2$$$",-5.32500000,ok,,flexible
"PEPTIDE1{dF.meS.Aoc(2).I.Ala(5-Tet).meL.T}$PEPTIDE1,PEPTIDE1,1:R1-7:R2$$$",-6.09500000,ok,,flexible
"PEPTIDE1{meA.cHexCH2_Gly.P.I.P.Sar.Me_dL}$PEPTIDE1,PEPTIDE1,1:R1-7:R2$$$",-6.22900000,ok,,flexible
"PEPTIDE1{meA.T.meF.dL.L.meL.L}$PEPTIDE1,PEPTIDE1,1:R1-7:R2$$$",-5.27500000,ok,,flexible
"PEPTIDE1{dF.dP.T.dP.L.meL.dL}$PEPTIDE1,PEPTIDE1,1:R1-7:R2$$$",-5.47800000,ok,,flexible
"PEPTIDE1{P.A.Pr_Gly.meL.Bn_Gly.V.dL}$PEPTIDE1,PEPTIDE1,1:R1-7:R2$$$",-5.77700000,ok,,flexible
"PEPTIDE1{Me_Bal.A.Aoc(2).T.L.L.T}$PEPTIDE1,PEPTIDE1,1:R1-7:R2$$$",-5.58000000,ok,,flexible
"PEPTIDE1{meA.A.F.L.Me_dL.I.meL}$PEPTIDE1,PEPTIDE1,1:R1-7:R2$$$",-5.24200000,ok,,flexible
"PEPTIDE1{P.pentyl_Gly.A.meL.meF.V.Me_dL}$PEPTIDE1,PEPTIDE1,1:R1-7:R2$$$",-5.92600000,ok,,flexible
"PEPTIDE1{F.I.L.dP.A.meA.V}$PEPTIDE1,PEPTIDE1,1:R1-7:R2$$$",-5.69200000,ok,,flexible
"PEPTIDE1{F.meF.A.A.P.dL.V}$PEPTIDE1,PEPTIDE1,1:R1-7:R2$$$",-6.04900000,ok,,flexible
"PEPTIDE1{Me_Bal.A.L.meF.T.Me_dL.Bn_Gly}$PEPTIDE1,PEPTIDE1,1:R1-7:R2$$$",-5.92200000,ok,,flexible
"PEPTIDE1{Me_Bal.Sar.L.meL.Me_dL.Bn_Gly.meA}$PEPTIDE1,PEPTIDE1,1:R1-7:R2$$$",-5.65700000,ok,,flexible
"PEPTIDE1{dV.A.T.dA.F.L.Ser(tBu)}$PEPTIDE1,PEPTIDE1,1:R1-7:R2$$$",-6.02800000,ok,,flexible
"PEPTIDE1{dA.Sar.A.meL.V.T.meA}$PEPTIDE1,PEPTIDE1,1:R1-7:R2$$$",6.12800000,ok,,flexible
"PEPTIDE1{dV.T.meS.meL.meS.L.dL}$PEPTIDE1,PEPTIDE1,1:R1-7:R2$$$",-5.66200000,ok,,flexible
"PEPTIDE1{Me_Bal.Me_dA.meA.Me_dL.L.V.meA}$PEPTIDE1,PEPTIDE1,1:R1-7:R2$$$",-5.93400000,ok,,flexible
"PEPTIDE1{F.cHexCH2_Gly.meA.Ser(tBu).pentyl_Gly.I.meL}$PEPTIDE1,PEPTIDE1,1:R1-7:R2$$$",-4.98300000,ok,,flexible
"PEPTIDE1{Sar.V.L.T.meL.I.Bn_Gly}$PEPTIDE1,PEPTIDE1,1:R1-7:R2$$$",-5.59300000,ok,,flexible
"PEPTIDE1{Mono6.L.meL.meL.G.I.A}$PEPTIDE1,PEPTIDE1,1:R1-7:R2$$$",-5.97300000,ok,,flexible
"PEPTIDE1{F.3Pal.T.meA.dL.Ser(tBu).meF}$PEPTIDE1,PEPTIDE1,1:R1-7:R2$$$",-6.00000000,ok,,flexible
"PEPTIDE1{meA.cHexCH2_Gly.meL.P.I.Me_dA.L}$PEPTIDE1,PEPTIDE1,1:R1-7:R2$$$",-6.13500000,ok,,flexible
"PEPTIDE1{meA.F.V.meV.I.Me_dL.L}$PEPTIDE1,PEPTIDE1,1:R1-7:R2$$$",-6.20100000,ok,,flexible
"PEPTIDE1{Mono6.Nle.Abu.A.P.Me_dL.meA}$PEPTIDE1,PEPTIDE1,1:R1-7:R2$$$",-5.79000000,ok,,flexible
"PEPTIDE1{A.I.V.meA.dV.Ser(tBu).L}$PEPTIDE1,PEPTIDE1,1:R1-7:R2$$$",-5.61800000,ok,,flexible
"PEPTIDE1{meA.V.Me_dL.A.dL.F.meL}$PEPTIDE1,PEPTIDE1,1:R1-7:R2$$$",-6.11400000,ok,,flexible
"PEPTIDE1{meL.meA.L.meS.Me_dL.A.Me_dA}$PEPTIDE1,PEPTIDE1,1:R1-7:R2$$$",-6.17400000,ok,,flexible
"PEPTIDE1{Me_Bal.A.meL.meA.L.T.V}$PEPTIDE1,PEPTIDE1,1:R1-7:R2$$$",-5.56700000,ok,,flexible
"PEPTIDE1{dA.dP.meL.dL.T.L.A}$PEPTIDE1,PEPTIDE1,1:R1-7:R2$$$",-5.92700000,ok,,flexible
"PEPTIDE1{meA.cHexCH2_Gly.dL.A.P.T.meF}$PEPTIDE1,PEPTIDE1,1:R1-7:R2$$$",-6.34100000,ok,,flexible
"PEPTIDE1{dA.A.L.I.F.meF.meL}$PEPTIDE1,PEPTIDE1,1:R1-7:R2$$$",-6.23500000,ok,,flexible
"PEPTIDE1{Me_dA.A.L.meF.T.L.meS}$PEPTIDE1,PEPTIDE1,1:R1-7:R2$$$",-6.12500000,ok,,flexible
"PEPTIDE1{F.A.L.Aoc(2).T.meA.meS}$PEPTIDE1,PEPTIDE1,1:R1-7:R2$$$",-5.62300000,ok,,flexible
"PEPTIDE1{meA.Abu.meL.T.meL.F.Me_dA}$PEPTIDE1,PEPTIDE1,1:R1-7:R2$$$",-5.82000000,ok,,flexible
"PEPTIDE1{Mono6.T.meL.meF.meV.V.L}$PEPTIDE1,PEPTIDE1,1:R1-7:R2$$$",-5.39900000,ok,,flexible
"PEPTIDE1{meA.F.L.L.dA.Sar.dL}$PEPTIDE1,PEPTIDE1,1:R1-7:R2$$$",-6.28100000,ok,,flexible
"PEPTIDE1{meL.I.T.meA.Ser(tBu).Me_Phe(3-Cl).L}$PEPTIDE1,PEPTIDE1,1:R1-7:R2$$$",-5.48100000,ok,,flexible
"PEPTIDE1{Me_Bal.G.F.P.meL.V.P}$PEPTIDE1,PEPTIDE1,1:R1-7:R2$$$",-6.94500000,ok,,flexible
"PEPTIDE1{F.Me_Phe(3-Cl).dL.L.V.A.T}$PEPTIDE1,PEPTIDE1,1:R1-7:R2$$$",-6.33800000,ok,,flexible
"PEPTIDE1{meA.Me_dA.Pr_Gly.Me_dL.dL.meL.L}$PEPTIDE1,PEPTIDE1,1:R1-7:R2$$$",-5.14200000,ok,,flexible
"PEPTIDE1{meL.T.P.I.Ser(tBu).A.dA}$PEPTIDE1,PEPTIDE1,1:R1-7:R2$$$",-6.57200000,ok,,flexible
"PEPTIDE1{dV.Ala(5-Tet).T.Abu.meL.V.A}$PEPTIDE1,PEPTIDE1,1:R1-7:R2$$$",-5.71000000,ok,,flexible
"PEPTIDE1{L.Me_dA.Me_Phe(3-Cl).F.Me_dL.V.meL}$PEPTIDE1,PEPTIDE1,1:R1-7:R2$$$",-6.01000000,ok,,flexible
"PEPTIDE1{Me_dA.meA.T.dL.Me_dL.I.G}$PEPTIDE1,PEPTIDE1,1:R1-7:R2$$$",-5.30900000,ok,,flexible
"PEPTIDE1{Mono6.meL.Ala(5-Tet).Sar.dL.Me_dL.Abu}$PEPTIDE1,PEPTIDE1,1:R1-7:R2$$$",-5.31800000,ok,,flexible
"PEPTIDE1{Mono6.T.Me_dL.meA.L.T.meF}$PEPTIDE1,PEPTIDE1,1:R1-7:R2$$$",-6.35100000,ok,,flexible
"PEPTIDE1{meL.dL.Aoc(2).A.F.I.L}$PEPTIDE1,PEPTIDE1,1:R1-7:R2$$$",-5.26000000,ok,,flexible
"PEPTIDE1{dP.A.Ser(tBu).F.T.L.meL}$PEPTIDE1,PEPTIDE1,1:R1-7:R2$$$",-5.90600000,ok,,flexible
"PEPTIDE1{A.L.Me_dL.meS.Me_dA.meF.meL}$PEPTIDE1,PEPTIDE1,1:R1-7:R2$$$",-6.03600000,ok,,flexible
"PEPTIDE1{L.F.A.Me_dL.meL.dL.meA}$PEPTIDE1,PEPTIDE1,1:R1-7:R2$$$",-5.83800000,ok,,flexible
"PEPTIDE1{meA.meF.T.meL.L.dL.V}$PEPTIDE1,PEPTIDE1,1:R1-7:R2$$$",-6.06300000,ok,,flexible
"PEPTIDE1{Sar.Me_dL.meA.V.I.meL.P}$PEPTIDE1,PEPTIDE1,1:R1-7:R2$$$",-5.78700000,ok,,flexible
"PEPTIDE1{Me_Bal.A.Ser(tBu).dL.meF.L.V}$PEPTIDE1,PEPTIDE1,1:R1-7:R2$$$",-5.52900000,ok,,flexible
"PEPTIDE1{Me_Bal.T.L.meA.I.P.L}$PEPTIDE1,PEPTIDE1,1:R1-7:R2$$$",-6.17900000,ok,,flexible
"PEPTIDE1{meA.Abu.A.P.T.meL.L}$PEPTIDE1,PEPTIDE1,1:R1-7:R2$$$",-5.86800000,ok,,flexible
"PEPTIDE1{L.F.meL.meF.meA.I.meL}$PEPTIDE1,PEPTIDE1,1:R1-7:R2$$$",-5.67900000,ok,,flexible
"PEPTIDE1{meA.meL.Sar.F.P.T.T}$PEPTIDE1,PEPTIDE1,1:R1-7:R2$$$",-5.67400000,ok,,flexible
"PEPTIDE1{Pr_Gly.meL.L.F.meF.meV.dL}$PEPTIDE1,PEPTIDE1,1:R1-7:R2$$$",-5.61300000,ok,,flexible
"PEPTIDE1{Me_Bal.T.I.meA.L.meF.V}$PEPTIDE1,PEPTIDE1,1:R1-7:R2$$$",-5.94600000,ok,,flexible
"PEPTIDE1{dF.dV.meA.Me_dA.L.meF.meL}$PEPTIDE1,PEPTIDE1,1:R1-7:R2$$$",-6.66500000,ok,,flexible
"PEPTIDE1{Me_dA.meA.meL.L.Me_dNva.I.L}$PEPTIDE1,PEPTIDE1,1:R1-7:R2$$$",-5.09900000,ok,,flexible
"PEPTIDE1{Pr_Gly.A.L.meF.dL.meA.L}$PEPTIDE1,PEPTIDE1,1:R1-7:R2$$$",-5.86100000,ok,,flexible
"PEPTIDE1{Mono6.I.meF.L.A.T.L}$PEPTIDE1,PEPTIDE1,1:R1-7:R2$$$",-5.56100000,ok,,flexible
"PEPTIDE1{Mono6.A.meL.meF.L.T.V}$PEPTIDE1,PEPTIDE1,1:R1-7:R2$$$",-5.63900000,ok,,flexible
"PEPTIDE1{F.meA.T.A.T.L.meF}$PEPTIDE1,PEPTIDE1,1:R1-7:R2$$$",-6.14200000,ok,,flexible
"PEPTIDE1{Me_dA.A.meS.dA.dP.T.meA}$PEPTIDE1,PEPTIDE1,1:R1-7:R2$$$",-6.23500000,ok,,flexible
"PEPTIDE1{dV.Pr_Gly.A.I.meL.Ser(tBu).F}$PEPTIDE1,PEPTIDE1,1:R1-7:R2$$$",-5.78100000,ok,,flexible
"PEPTIDE1{meA.Sar.meL.meF.Me_dL.V.I}$PEPTIDE1,PEPTIDE1,1:R1-7:R2$$$",-6.41000000,ok,,flexible
"PEPTIDE1{Me_Bal.L.Ser(tBu).T.meF.Me_dL.dL}$PEPTIDE1,PEPTIDE1,1:R1-7:R2$$$",-5.56300000,ok,,flexible
"PEPTIDE1{meA.meF.A.L.meS.meL.L}$PEPTIDE1,PEPTIDE1,1:R1-7:R2$$$",-6.04700000,ok,,flexible
"PEPTIDE1{meA.meL.L.meF.F.dV.meI}$PEPTIDE1,PEPTIDE1,1:R1-7:R2$$$",-6.01900000,ok,,flexible
"PEPTIDE1{dA.L.meL.A.L.Abu.I}$PEPTIDE1,PEPTIDE1,1:R1-7:R2$$$",-5.23900000,ok,,flexible
"PEPTIDE1{meA.Me_dL.meL.Abu.L.A.T}$PEPTIDE1,PEPTIDE1,1:R1-7:R2$$$",-5.82100000,ok,,flexible
"PEPTIDE1{A.meL.meF.Ser(tBu).T.meA.L}$PEPTIDE1,PEPTIDE1,1:R1-7:R2$$$",-5.63200000,ok,,flexible
"PEPTIDE1{meA.Sar.meF.meL.F.dL.A}$PEPTIDE1,PEPTIDE1,1:R1-7:R2$$$",-6.22700000,ok,,flexible
"PEPTIDE1{meL.P.L.P.T.A.Ser(tBu)}$PEPTIDE1,PEPTIDE1,1:R1-7:R2$$$",-6.20700000,ok,,flexible
"PEPTIDE1{Mono6.L.meL.T.Me_dL.meL.T}$PEPTIDE1,PEPTIDE1,1:R1-7:R2$$$",-5.45900000,ok,,flexible
"PEPTIDE1{L.T.meF.dA.Me_dA.meL.meV}$PEPTIDE1,PEPTIDE1,1:R1-7:R2$$$",-5.28400000,ok,,flexible
"PEPTIDE1{Me_Bal.meL.meL.meS.F.V.Me_dL}$PEPTIDE1,PEPTIDE1,1:R1-7:R2$$$",-4.91500000,ok,,flexible
"PEPTIDE1{Me_Bal.meA.Me_dL.meL.F.L.Ser(tBu)}$PEPTIDE1,PEPTIDE1,1:R1-7:R2$$$",-5.43000000,ok,,flexible
"PEPTIDE1{meA.T.meF.L.Me_dL.T.V}$PEPTIDE1,PEPTIDE1,1:R1-7:R2$$$",-5.84900000,ok,,flexible
"PEPTIDE1{P.Me_dA.T.F.A.F.meL}$PEPTIDE1,PEPTIDE1,1:R1-7:R2$$$",-6.76700000,ok,,flexible
"PEPTIDE1{meA.meL.Me_dL.V.meF.I.meA}$PEPTIDE1,PEPTIDE1,1:R1-7:R2$$$",-5.43800000,ok,,flexible
"PEPTIDE1{meA.dL.L.I.V.F.L}$PEPTIDE1,PEPTIDE1,1:R1-7:R2$$$",-5.36700000,ok,,flexible
"PEPTIDE1{Me_dA.pentyl_Gly.Me_Phe(3-Cl).F.Ser(tBu).A.meL}$PEPTIDE1,PEPTIDE1,1:R1-7:R2$$$",-5.43600000,ok,,flexible
"PEPTIDE1{Pr_Gly.meF.Me_dL.P.I.L.A}$PEPTIDE1,PEPTIDE1,1:R1-7:R2$$$",-6.13200000,ok,,flexible
"PEPTIDE1{L.Abu.T.meS.A.meL.Me_dL}$PEPTIDE1,PEPTIDE1,1:R1-7:R2$$$",-5.06100000,ok,,flexible
"PEPTIDE1{dV.meL.V.T.L.G.meA}$PEPTIDE1,PEPTIDE1,1:R1-7:R2$$$",-5.69400000,ok,,flexible
"PEPTIDE1{Sar.L.G.V.meV.Bn_Gly.meL}$PEPTIDE1,PEPTIDE1,1:R1-7:R2$$$",-6.18200000,ok,,flexible
"PEPTIDE1{Me_Bal.Me_dL.V.dL.meF.Bn_Gly.Ser(tBu)}$PEPTIDE1,PEPTIDE1,1:R1-7:R2$$$",-5.55600000,ok,,flexible
"PEPTIDE1{A.meF.F.meA.L.meY.I}$PEPTIDE1,PEPTIDE1,1:R1-7:R2$$$",-5.73500000,ok,,flexible
"PEPTIDE1{Me_dA.pentyl_Gly.I.A.L.Ser(tBu).dL}$PEPTIDE1,PEPTIDE1,1:R1-7:R2$$$",-5.34300000,ok,,flexible
"PEPTIDE1{meA.G.P.meL.F.P.meL}$PEPTIDE1,PEPTIDE1,1:R1-7:R2$$$",-6.80900000,ok,,flexible
"PEPTIDE1{meA.Me_dL.L.A.Abu.meL.I}$PEPTIDE1,PEPTIDE1,1:R1-7:R2$$$",-5.52400000,ok,,flexible
"PEPTIDE1{dF.T.cHexCH2_Gly.I.L.I.dL}$PEPTIDE1,PEPTIDE1,1:R1-7:R2$$$",-5.00700000,ok,,flexible
"PEPTIDE1{A.meL.T.L.V.F.I}$PEPTIDE1,PEPTIDE1,1:R1-7:R2$$$",-6.14200000,ok,,flexible
"PEPTIDE1{Me_Bal.Pr_Gly.meL.P.T.L.P}$PEPTIDE1,PEPTIDE1,1:R1-7:R2$$$",-5.81600000,ok,,flexible
"PEPTIDE1{F.L.meA.meL.pentyl_Gly.Ser(tBu).meA}$PEPTIDE1,PEPTIDE1,1:R1-7:R2$$$",-5.18000000,ok,,flexible
"PEPTIDE1{meL.Sar.meF.dL.L.meL.L}$PEPTIDE1,PEPTIDE1,1:R1-7:R2$$$",-5.31200000,ok,,flexible
"PEPTIDE1{meL.meF.T.Ser(tBu).Me_dL.I.L}$PEPTIDE1,PEPTIDE1,1:R1-7:R2$$$",-5.12600000,ok,,flexible
"PEPTIDE1{Me_Bal.Me_dA.Pr_Gly.A.V.meA.meL}$PEPTIDE1,PEPTIDE1,1:R1-7:R2$$$",-5.62800000,ok,,flexible
"PEPTIDE1{dA.T.T.meL.meF.L.meA}$PEPTIDE1,PEPTIDE1,1:R1-7:R2$$$",-5.81700000,ok,,flexible
"PEPTIDE1{Sar.meA.meL.L.I.meV.meF}$PEPTIDE1,PEPTIDE1,1:R1-7:R2$$$",-5.64500000,ok,,flexible
"PEPTIDE1{Me_dA.meS.Me_dL.meL.Abu.T.dL}$PEPTIDE1,PEPTIDE1,1:R1-7:R2$$$",-5.74400000,ok,,flexible
"PEPTIDE1{dA.Pr_Gly.dL.Me_dA.Me_dL.T.V}$PEPTIDE1,PEPTIDE1,1:R1-7:R2$$$",-5.38200000,ok,,flexible
"PEPTIDE1{Me_Bal.A.I.pentyl_Gly.Ser(tBu).T.meL}$PEPTIDE1,PEPTIDE1,1:R1-7:R2$$$",-4.62700000,ok,,flexible
"PEPTIDE1{meA.G.meL.T.F.L.Me_dL}$PEPTIDE1,PEPTIDE1,1:R1-7:R2$$$",-5.71300000,ok,,flexible
"PEPTIDE1{meA.I.T.dL.Ser(tBu).P.L}$PEPTIDE1,PEPTIDE1,1:R1-7:R2$$$",-5.35200000,ok,,flexible
"PEPTIDE1{F.A.meS.meA.I.meL.L}$PEPTIDE1,PEPTIDE1,1:R1-7:R2$$$",-6.15300000,ok,,flexible
"PEPTIDE1{A.L.meL.meV.dP.Sar.meA}$PEPTIDE1,PEPTIDE1,1:R1-7:R2$$$",-6.39700000,ok,,flexible
"PEPTIDE1{A.F.L.meF.Sar.meV.meI}$PEPTIDE1,PEPTIDE1,1:R1-7:R2$$$",-5.77000000,ok,,flexible
"PEPTIDE1{Me_Bal.dF.meL.F.V.T.S}$PEPTIDE1,PEPTIDE1,1:R1-7:R2$$$",-5.96400000,ok,,flexible
"PEPTIDE1{dA.meA.L.Mono84.T.P.meL}$PEPTIDE1,PEPTIDE1,1:R1-7:R2$$$",-6.39800000,ok,,flexible
"PEPTIDE1{Mono6.T.L.L.Me_dL.meA.dL}$PEPTIDE1,PEPTIDE1,1:R1-7:R2$$$",-5.33800000,ok,,flexible
"PEPTIDE1{Me_dA.meA.A.F.V.dL.Ser(tBu)}$PEPTIDE1,PEPTIDE1,1:R1-7:R2$$$",-5.81200000,ok,,flexible
"PEPTIDE1{Me_dA.meF.T.Abu.Me_dL.meA.Ala(5-Tet)}$PEPTIDE1,PEPTIDE1,1:R1-7:R2$$$",-6.36200000,ok,,flexible
"PEPTIDE1{L.F.pentyl_Gly.A.Me_dA.T.meA}$PEPTIDE1,PEPTIDE1,1:R1-7:R2$$$",-5.93900000,ok,,flexible
"PEPTIDE1{dA.pentyl_Gly.meL.P.Ser(tBu).I.meF}$PEPTIDE1,PEPTIDE1,1:R1-7:R2$$$",-4.84500000,ok,,flexible
"PEPTIDE1{Pr_Gly.dL.P.Sar.L.Me_dL.A}$PEPTIDE1,PEPTIDE1,1:R1-7:R2$$$",-5.62900000,ok,,flexible
"PEPTIDE1{Me_dA.F.A.dL.T.meL.T}$PEPTIDE1,PEPTIDE1,1:R1-7:R2$$$",-5.67900000,ok,,flexible
"PEPTIDE1{F.Mono38.meL.meF.I.A.G}$PEPTIDE1,PEPTIDE1,1:R1-7:R2$$$",-6.05800000,ok,,flexible
"PEPTIDE1{F.P.meA.L.T.meL.I}$PEPTIDE1,PEPTIDE1,1:R1-7:R2$$$",-5.59800000,ok,,flexible
"PEPTIDE1{dA.cHexCH2_Gly.meL.G.Me_dL.I.dL}$PEPTIDE1,PEPTIDE1,1:R1-7:R2$$$",-5.57300000,ok,,flexible
"PEPTIDE1{A.pentyl_Gly.P.F.meL.T.dL}$PEPTIDE1,PEPTIDE1,1:R1-7:R2$$$",-5.49800000,ok,,flexible
"PEPTIDE1{meL.meS.T.dL.L.meA.meL}$PEPTIDE1,PEPTIDE1,1:R1-7:R2$$$",-4.95700000,ok,,flexible
"PEPTIDE1{dA.meL.A.V.meF.meL.Me_dL}$PEPTIDE1,PEPTIDE1,1:R1-7:R2$$$",-6.05500000,ok,,flexible
"PEPTIDE1{dA.P.L.T.meA.pentyl_Gly.I}$PEPTIDE1,PEPTIDE1,1:R1-7:R2$$$",-5.57200000,ok,,flexible
"PEPTIDE1{Mono6.Asp_piperidide.A.T.meL.meS.Ala(5-Tet)}$PEPTIDE1,PEPTIDE1,1:R1-7:R2$$$",-5.87100000,ok,,flexible
"PEPTIDE1{meL.meF.I.L.Me_dL.A.Ser(tBu)}$PEPTIDE1,PEPTIDE1,1:R1-7:R2$$$",-6.11200000,ok,,flexible
"PEPTIDE1{dA.F.I.meL.A.meA.Bn_Gly}$PEPTIDE1,PEPTIDE1,1:R1-7:R2$$$",-6.32700000,ok,,flexible
"PEPTIDE1{Me_dA.meF.meL.F.L.P.Me_dL}$PEPTIDE1,PEPTIDE1,1:R1-7:R2$$$",-6.29700000,ok,,flexible
"PEPTIDE1{dV.Ala(5-Tet).T.meF.I.dP.L}$PEPTIDE1,PEPTIDE1,1:R1-7:R2$$$",-6.01800000,ok,,flexible
"PEPTIDE1{meL.Aoc(2).A.T.Me_dA.F.L}$PEPTIDE1,PEPTIDE1,1:R1-7:R2$$$",-5.58500000,ok,,flexible
"PEPTIDE1{dF.Sar.pentyl_Gly.L.F.L.I}$PEPTIDE1,PEPTIDE1,1:R1-7:R2$$$",-4.92400000,ok,,flexible
"PEPTIDE1{meA.A.dL.V.meF.meA.Me_dL}$PEPTIDE1,PEPTIDE1,1:R1-7:R2$$$",-5.88300000,ok,,flexible
"PEPTIDE1{L.pentyl_Gly.meF.A.dP.A.meL}$PEPTIDE1,PEPTIDE1,1:R1-7:R2$$$",-6.01400000,ok,,flexible
"PEPTIDE1{dA.meA.T.F.L.T.meL}$PEPTIDE1,PEPTIDE1,1:R1-7:R2$$$",-5.83900000,ok,,flexible
"PEPTIDE1{meA.F.dL.Me_dL.meL.T.Bn_Gly}$PEPTIDE1,PEPTIDE1,1:R1-7:R2$$$",-6.11600000,ok,,flexible
"PEPTIDE1{meA.T.L.P.T.dF.Ser(tBu)}$PEPTIDE1,PEPTIDE1,1:R1-7:R2$$$",-5.59600000,ok,,flexible
"PEPTIDE1{dA.meF.meA.T.meL.dL.F}$PEPTIDE1,PEPTIDE1,1:R1-7:R2$$$",-6.09600000,ok,,flexible
"PEPTIDE1{A.P.P.dL.Me_dL.F.L}$PEPTIDE1,PEPTIDE1,1:R1-7:R2$$$",-6.62400000,ok,,flexible
"PEPTIDE1{A.V.meF.meL.meL.meS.L}$PEPTIDE1,PEPTIDE1,1:R1-7:R2$$$",-5.32100000,ok,,flexible
"PEPTIDE1{dV.Pr_Gly.A.dA.meA.dL.L}$PEPTIDE1,PEPTIDE1,1:R1-7:R2$$$",-6.28800000,ok,,flexible
"PEPTIDE1{dA.P.P.meF.L.Me_dL.T}$PEPTIDE1,PEPTIDE1,1:R1-7:R2$$$",-6.00100000,ok,,flexible
"PEPTIDE1{meL.meS.T.A.meA.meF.meL}$PEPTIDE1,PEPTIDE1,1:R1-7:R2$$$",-5.69100000,ok,,flexible
"PEPTIDE1{Me_dA.F.meL.Me_dL.T.Ser(tBu).A}$PEPTIDE1,PEPTIDE1,1:R1-7:R2$$$",-6.04800000,ok,,flexible
"PEPTIDE1{F.A.Abu.meS.L.Sar.T}$PEPTIDE1,PEPTIDE1,1:R1-7:R2$$$",-5.84700000,ok,,flexible
"PEPTIDE1{Me_dA.Abu.T.F.meF.Sar.L}$PEPTIDE1,PEPTIDE1,1:R1-7:R2$$$",-5.89600000,ok,,flexible
"PEPTIDE1{meA.A.L.G.T.V.I}$PEPTIDE1,PEPTIDE1,1:R1-7:R2$$$",-5.46200000,ok,,flexible
"PEPTIDE1{dA.T.Me_dL.meF.F.P.I}$PEPTIDE1,PEPTIDE1,1:R1-7:R2$$$",-6.41000000,ok,,flexible
"PEPTIDE1{Me_dL.meY.Ser(tBu).meA.Sar.dV.F}$PEPTIDE1,PEPTIDE1,1:R1-7:R2$$$",-6.27500000,ok,,flexible
"PEPTIDE1{meL.meS.meA.dL.meS.Ala(5-Tet).Me_dA}$PEPTIDE1,PEPTIDE1,1:R1-7:R2$$$",-5.67700000,ok,,flexible
"PEPTIDE1{Me_Bal.cHexCH2_Gly.meL.meF.meA.L.V}$PEPTIDE1,PEPTIDE1,1:R1-7:R2$$$",-5.72000000,ok,,flexible
"PEPTIDE1{P.meA.T.meL.dP.L.F}$PEPTIDE1,PEPTIDE1,1:R1-7:R2$$$",-6.33200000,ok,,flexible
"PEPTIDE1{dF.I.meL.A.L.Ser(tBu).P}$PEPTIDE1,PEPTIDE1,1:R1-7:R2$$$",-5.26400000,ok,,flexible
"PEPTIDE1{L.T.meL.F.pentyl_Gly.cHexCH2_Gly.P}$PEPTIDE1,PEPTIDE1,1:R1-7:R2$$$",-5.49200000,ok,,flexible
"PEPTIDE1{Me_dA.G.A.Me_dL.meL.I.V}$PEPTIDE1,PEPTIDE1,1:R1-7:R2$$$",-6.04500000,ok,,flexible
"PEPTIDE1{Me_dA.cHexCH2_Gly.dL.L.L.P.meL}$PEPTIDE1,PEPTIDE1,1:R1-7:R2$$$",-5.78100000,ok,,flexible
"PEPTIDE1{Me_dA.L.F.meF.Me_dL.Ser(tBu).Me_dL}$PEPTIDE1,PEPTIDE1,1:R1-7:R2$$$",-5.10900000,ok,,flexible
"PEPTIDE1{Me_Bal.L.dL.T.L.L.meF}$PEPTIDE1,PEPTIDE1,1:R1-7:R2$$$",-6.02400000,ok,,flexible
"PEPTIDE1{Me_dA.meL.Me_dL.dL.meA.A.L}$PEPTIDE1,PEPTIDE1,1:R1-7:R2$$$",-5.98000000,ok,,flexible
"PEPTIDE1{P.Pr_Gly.Me_dL.L.V.meA.meL}$PEPTIDE1,PEPTIDE1,1:R1-7:R2$$$",-5.47800000,ok,,flexible
"PEPTIDE1{Mono6.dL.Me_dL.V.meA.L.I}$PEPTIDE1,PEPTIDE1,1:R1-7:R2$$$",-5.41100000,ok,,flexible
"PEPTIDE1{dA.dP.T.dL.V.I.Me_dL}$PEPTIDE1,PEPTIDE1,1:R1-7:R2$$$",-5.67600000,ok,,flexible
"PEPTIDE1{A.cHexCH2_Gly.meA.dP.V.meF.meL}$PEPTIDE1,PEPTIDE1,1:R1-7:R2$$$",-5.92500000,ok,,flexible
"PEPTIDE1{meA.dA.meF.Ser(tBu).dL.Me_dL.L}$PEPTIDE1,PEPTIDE1,1:R1-7:R2$$$",-5.17200000,ok,,flexible
"PEPTIDE1{F.pentyl_Gly.L.Ser(tBu).Aoc(2).I.T}$PEPTIDE1,PEPTIDE1,1:R1-7:R2$$$",-4.66200000,ok,,flexible
"PEPTIDE1{Me_dA.meF.T.G.L.I.meL}$PEPTIDE1,PEPTIDE1,1:R1-7:R2$$$",-6.22200000,ok,,flexible
"PEPTIDE1{Me_dA.meL.A.T.dL.meF.Me_Phe(3-Cl)}$PEPTIDE1,PEPTIDE1,1:R1-7:R2$$$",-6.85500000,ok,,flexible
"PEPTIDE1{meA.L.T.Sar.Me_dL.G.dP}$PEPTIDE1,PEPTIDE1,1:R1-7:R2$$$",-6.12600000,ok,,flexible
"PEPTIDE1{Me_dA.dL.T.T.L.A.meL}$PEPTIDE1,PEPTIDE1,1:R1-7:R2$$$",-5.53900000,ok,,flexible
"PEPTIDE1{Me_Bal.P.I.meL.Ser(tBu).A.Me_Phe(3-Cl)}$PEPTIDE1,PEPTIDE1,1:R1-7:R2$$$",-6.21500000,ok,,flexible
"PEPTIDE1{Me_dA.dL.meA.L.meA.Me_dL.meL}$PEPTIDE1,PEPTIDE1,1:R1-7:R2$$$",-5.52400000,ok,,flexible
"PEPTIDE1{L.meS.meL.T.Aoc(2).Ala(5-Tet).meF}$PEPTIDE1,PEPTIDE1,1:R1-7:R2$$$",-5.05100000,ok,,flexible
"PEPTIDE1{meA.P.Me_dA.A.dA.Me_dL.G}$PEPTIDE1,PEPTIDE1,1:R1-7:R2$$$",-6.65300000,ok,,flexible
"PEPTIDE1{Me_Bal.T.A.P.Me_dL.meV.V}$PEPTIDE1,PEPTIDE1,1:R1-7:R2$$$",-6.07500000,ok,,flexible
"PEPTIDE1{Me_Bal.G.meL.meF.L.dL.V}$PEPTIDE1,PEPTIDE1,1:R1-7:R2$$$",-6.27500000,ok,,flexible
"PEPTIDE1{Me_Bal.Mono78.meL.L.T.Ser(tBu).L}$PEPTIDE1,PEPTIDE1,1:R1-7:R2$$$",-5.97300000,ok,,flexible
"PEPTIDE1{Me_Bal.meA.F.V.meL.A.T}$PEPTIDE1,PEPTIDE1,1:R1-7:R2$$$",-6.67100000,ok,,flexible
"PEPTIDE1{dA.meA.A.I.F.Pr_Gly.meF}$PEPTIDE1,PEPTIDE1,1:R1-7:R2$$$",-6.37500000,ok,,flexible
"PEPTIDE1{dP.Me_dA.Me_dL.T.F.Ser(tBu).L}$PEPTIDE1,PEPTIDE1,1:R1-7:R2$$$",-5.94500000,ok,,flexible
"PEPTIDE1{dV.Sar.T.meL.meF.Me_dL.L}$PEPTIDE1,PEPTIDE1,1:R1-7:R2$$$",-5.71300000,ok,,flexible
"PEPTIDE1{dA.Me_dL.G.L.L.A.meL}$PEPTIDE1,PEPTIDE1,1:R1-7:R2$$$",-6.09100000,ok,,flexible
"PEPTIDE1{A.P.meF.T.Me_dL.dL.L}$PEPTIDE1,PEPTIDE1,1:R1-7:R2$$$",-6.85000000,ok,,flexible
"PEPTIDE1{dA.L.Sar.meL.A.meA.T}$PEPTIDE1,PEPTIDE1,1:R1-7:R2$$$",-6.10300000,ok,,flexible
"PEPTIDE1{Me_dA.L.meF.Me_dL.meA.T.meL}$PEPTIDE1,PEPTIDE1,1:R1-7:R2$$$",-5.72000000,ok,,flexible
"PEPTIDE1{dA.I.A.L.meL.Me_dL.dL}$PEPTIDE1,PEPTIDE1,1:R1-7:R2$$$",-5.31500000,ok,,flexible
"PEPTIDE1{meL.Aoc(2).meA.meF.Me_dL.T.V}$PEPTIDE1,PEPTIDE1,1:R1-7:R2$$$",-5.85000000,ok,,flexible
"PEPTIDE1{Pr_Gly.dL.Me_dL.Ser(tBu).meL.Me_Phe(3-Cl).P}$PEPTIDE1,PEPTIDE1,1:R1-7:R2$$$",-5.49600000,ok,,flexible
"PEPTIDE1{meA.meF.dP.meL.T.P.A}$PEPTIDE1,PEPTIDE1,1:R1-7:R2$$$",-6.57500000,ok,,flexible
"PEPTIDE1{Me_dA.F.L.A.meA.T.G}$PEPTIDE1,PEPTIDE1,1:R1-7:R2$$$",-6.43400000,ok,,flexible
"PEPTIDE1{meA.L.Me_dL.A.Me_dA.V.Sar}$PEPTIDE1,PEPTIDE1,1:R1-7:R2$$$",-6.47000000,ok,,flexible
"PEPTIDE1{dA.L.meF.A.Ser(tBu).T.Me_dL}$PEPTIDE1,PEPTIDE1,1:R1-7:R2$$$",-5.19000000,ok,,flexible
"PEPTIDE1{dA.Me_dL.T.A.meL.meA.V}$PEPTIDE1,PEPTIDE1,1:R1-7:R2$$$",-5.75300000,ok,,flexible
"PEPTIDE1{Me_dA.A.A.T.dL.I.Ser(tBu)}$PEPTIDE1,PEPTIDE1,1:R1-7:R2$$$",-5.46200000,ok,,flexible
"PEPTIDE1{meA.I.A.T.Me_dL.F.Aoc(2)}$PEPTIDE1,PEPTIDE1,1:R1-7:R2$$$",-6.03000000,ok,,flexible
"PEPTIDE1{Me_Bal.Me_dA.A.Me_dL.meL.P.F}$PEPTIDE1,PEPTIDE1,1:R1-7:R2$$$",-6.45600000,ok,,flexible
"PEPTIDE1{Me_Bal.I.meA.Me_dL.V.G.dL}$PEPTIDE1,PEPTIDE1,1:R1-7:R2$$$",-5.41300000,ok,,flexible
"PEPTIDE1{meL.meS.meL.A.dA.T.Me_dL}$PEPTIDE1,PEPTIDE1,1:R1-7:R2$$$",-6.15200000,ok,,flexible
"PEPTIDE1{dF.P.Me_Abu.T.dP.meY.meL}$PEPTIDE1,PEPTIDE1,1:R1-7:R2$$$",-5.83200000,ok,,flexible
"PEPTIDE1{meA.Me_dA.Me_dL.dP.Ser(tBu).dL.L}$PEPTIDE1,PEPTIDE1,1:R1-7:R2$$$",-5.83900000,ok,,flexible
"PEPTIDE1{P.Me_Phe(3-Cl).meA.Sar.V.I.meF}$PEPTIDE1,PEPTIDE1,1:R1-7:R2$$$",-6.88600000,ok,,flexible
"PEPTIDE1{F.meL.T.dL.G.L.V}$PEPTIDE1,PEPTIDE1,1:R1-7:R2$$$",-5.35000000,ok,,flexible
"PEPTIDE1{dV.A.meL.F.Me_dL.Me_Phe(3-Cl).meA}$PEPTIDE1,PEPTIDE1,1:R1-7:R2$$$",-6.32300000,ok,,flexible
"PEPTIDE1{Me_dA.meL.Ser(tBu).A.meA.Aoc(2).T}$PEPTIDE1,PEPTIDE1,1:R1-7:R2$$$",-5.68800000,ok,,flexible
"PEPTIDE1{dA.meA.meV.L.F.meL.A}$PEPTIDE1,PEPTIDE1,1:R1-7:R2$$$",-5.91800000,ok,,flexible
"PEPTIDE1{dA.meS.L.meL.F.meF.Me_dL}$PEPTIDE1,PEPTIDE1,1:R1-7:R2$$$",-5.84200000,ok,,flexible
"PEPTIDE1{meA.A.T.L.I.meF.meS}$PEPTIDE1,PEPTIDE1,1:R1-7:R2$$$",-5.96400000,ok,,flexible
"PEPTIDE1{Me_dA.F.Me_dL.A.L.meF.Ser(tBu)}$PEPTIDE1,PEPTIDE1,1:R1-7:R2$$$",-6.03400000,ok,,flexible
"PEPTIDE1{dA.A.meF.meL.Aoc(2).Abu.L}$PEPTIDE1,PEPTIDE1,1:R1-7:R2$$$",-5.17300000,ok,,flexible
"PEPTIDE1{meA.meF.V.I.L.F.dL}$PEPTIDE1,PEPTIDE1,1:R1-7:R2$$$",-5.66100000,ok,,flexible
"PEPTIDE1{meL.dP.L.dL.P.A.Me_dL}$PEPTIDE1,PEPTIDE1,1:R1-7:R2$$$",-5.75600000,ok,,flexible
"PEPTIDE1{Me_Bal.A.meF.Ser(tBu).V.Ser(tBu).I}$PEPTIDE1,PEPTIDE1,1:R1-7:R2$$$",-5.44600000,ok,,flexible
"PEPTIDE1{Pr_Gly.cHexCH2_Gly.Me_Phe(3-Cl).Me_dL.dL.meA.meL}$PEPTIDE1,PEPTIDE1,1:R1-7:R2$$$",-5.82400000,ok,,flexible
"PEPTIDE1{meA.Me_dL.T.I.F.V.T}$PEPTIDE1,PEPTIDE1,1:R1-7:R2$$$",-6.20200000,ok,,flexible
"PEPTIDE1{meA.dP.Ser(tBu).P.F.T.dA}$PEPTIDE1,PEPTIDE1,1:R1-7:R2$$$",-7.30400000,ok,,flexible
"PEPTIDE1{A.meA.Me_dL.T.dL.meL.L}$PEPTIDE1,PEPTIDE1,1:R1-7:R2$$$",-5.43000000,ok,,flexible
"PEPTIDE1{dV.meA.dF.V.Ser(tBu).Me_dA.meL}$PEPTIDE1,PEPTIDE1,1:R1-7:R2$$$",-6.31600000,ok,,flexible
"PEPTIDE1{dA.meS.L.T.Aoc(2).A.Me_dA}$PEPTIDE1,PEPTIDE1,1:R1-7:R2$$$",-5.88500000,ok,,flexible
"PEPTIDE1{dV.meL.meF.T.P.Ser(tBu).meV}$PEPTIDE1,PEPTIDE1,1:R1-7:R2$$$",-5.92400000,ok,,flexible
"PEPTIDE1{dF.meL.L.A.meF.V.P}$PEPTIDE1,PEPTIDE1,1:R1-7:R2$$$",-6.44300000,ok,,flexible
"PEPTIDE1{dA.Me_dL.L.meL.I.dP.dL}$PEPTIDE1,PEPTIDE1,1:R1-7:R2$$$",-5.37900000,ok,,flexible
"PEPTIDE1{A.Pr_Gly.meL.Me_dA.P.T.dL}$PEPTIDE1,PEPTIDE1,1:R1-7:R2$$$",-5.73200000,ok,,flexible
"PEPTIDE1{A.dA.meA.dL.L.Ser(tBu).I}$PEPTIDE1,PEPTIDE1,1:R1-7:R2$$$",-5.56300000,ok,,flexible
"PEPTIDE1{Me_dA.meF.dL.L.Mono7.P.Me_dL}$PEPTIDE1,PEPTIDE1,1:R1-7:R2$$$",-6.34800000,ok,,flexible
"PEPTIDE1{L.meL.I.V.dL.Ser(tBu).meL}$PEPTIDE1,PEPTIDE1,1:R1-7:R2$$$",-4.97400000,ok,,flexible
"PEPTIDE1{Me_dA.meL.P.meL.I.G.Aib}$PEPTIDE1,PEPTIDE1,1:R1-7:R2$$$",-5.96900000,ok,,flexible
"PEPTIDE1{meA.L.T.F.I.V.L}$PEPTIDE1,PEPTIDE1,1:R1-7:R2$$$",-5.57400000,ok,,flexible
"PEPTIDE1{Me_dA.F.T.A.meS.L.V}$PEPTIDE1,PEPTIDE1,1:R1-7:R2$$$",-6.03200000,ok,,flexible
"PEPTIDE1{meA.Sar.L.meL.T.T.G}$PEPTIDE1,PEPTIDE1,1:R1-7:R2$$$",-5.94800000,ok,,flexible
"PEPTIDE1{Me_dA.dPye.meA.A.Me_dL.Bn_Gly.I}$PEPTIDE1,PEPTIDE1,1:R1-7:R2$$$",-6.11000000,ok,,flexible
"PEPTIDE1{A.Me_dA.P.Me_dL.meA.L.meL}$PEPTIDE1,PEPTIDE1,1:R1-7:R2$$$",-5.85300000,ok,,flexible
"PEPTIDE1{Mono6.meL.dP.meS.meA.Me_dA.L}$PEPTIDE1,PEPTIDE1,1:R1-7:R2$$$",-6.04200000,ok,,flexible
"PEPTIDE1{Me_Bal.Pr_Gly.meL.L.A.Me_dL.meA}$PEPTIDE1,PEPTIDE1,1:R1-7:R2$$$",-6.07500000,ok,,flexible
"PEPTIDE1{dV.meL.Ala(5-Tet).T.Me_dL.T.I}$PEPTIDE1,PEPTIDE1,1:R1-7:R2$$$",-5.56100000,ok,,flexible
"PEPTIDE1{dV.T.meL.L.I.meA.V}$PEPTIDE1,PEPTIDE1,1:R1-7:R2$$$",-6.21200000,ok,,flexible
"PEPTIDE1{Me_Bal.meF.V.L.Me_dL.L.meL}$PEPTIDE1,PEPTIDE1,1:R1-7:R2$$$",-5.62100000,ok,,flexible
"PEPTIDE1{dV.A.dF.dP.meA.meL.meL}$PEPTIDE1,PEPTIDE1,1:R1-7:R2$$$",-6.36800000,ok,,flexible
"PEPTIDE1{dV.Pr_Gly.meL.F.Me_dA.meV.Me_dL}$PEPTIDE1,PEPTIDE1,1:R1-7:R2$$$",-6.08800000,ok,,flexible
"PEPTIDE1{dA.F.L.V.T.meL.meA}$PEPTIDE1,PEPTIDE1,1:R1-7:R2$$$",-6.20900000,ok,,flexible
"PEPTIDE1{dV.Mono78.Sar.meA.L.T.V}$PEPTIDE1,PEPTIDE1,1:R1-7:R2$$$",-6.36300000,ok,,flexible
"PEPTIDE1{dA.meS.T.meL.L.Ala(5-Tet).meF}$PEPTIDE1,PEPTIDE1,1:R1-7:R2$$$",-5.15500000,ok,,flexible
"PEPTIDE1{meA.L.meS.meL.meF.T.T}$PEPTIDE1,PEPTIDE1,1:R1-7:R2$$$",-5.74600000,ok,,flexible
"PEPTIDE1{dA.T.A.dL.meL.F.Me_dL}$PEPTIDE1,PEPTIDE1,1:R1-7:R2$$$",-5.82700000,ok,,flexible
"PEPTIDE1{Me_dA.meL.T.Abu.Me_dL.meF.L}$PEPTIDE1,PEPTIDE1,1:R1-7:R2$$$",-5.36100000,ok,,flexible
"PEPTIDE1{Me_Bal.T.V.meL.A.meA.Me_dL}$PEPTIDE1,PEPTIDE1,1:R1-7:R2$$$",-5.85100000,ok,,flexible
"PEPTIDE1{Me_dA.cHexCH2_Gly.L.F.T.meA.A}$PEPTIDE1,PEPTIDE1,1:R1-7:R2$$$",-6.73700000,ok,,flexible
"PEPTIDE1{Me_Bal.A.dL.L.F.I.T}$PEPTIDE1,PEPTIDE1,1:R1-7:R2$$$",-5.63600000,ok,,flexible
"PEPTIDE1{L.meS.T.meF.V.A.Ser(tBu)}$PEPTIDE1,PEPTIDE1,1:R1-7:R2$$$",-5.38300000,ok,,flexible
"PEPTIDE1{Mono6.P.A.meL.T.I.Me_dL}$PEPTIDE1,PEPTIDE1,1:R1-7:R2$$$",-5.71800000,ok,,flexible
"PEPTIDE1{Me_dA.dP.meL.L.meF.meA.dL}$PEPTIDE1,PEPTIDE1,1:R1-7:R2$$$",-6.50500000,ok,,flexible
"PEPTIDE1{Me_dA.F.L.meF.meL.P.meA}$PEPTIDE1,PEPTIDE1,1:R1-7:R2$$$",-6.97800000,ok,,flexible
"PEPTIDE1{Me_dA.meL.Ser(tBu).meA.V.meF.L}$PEPTIDE1,PEPTIDE1,1:R1-7:R2$$$",-5.85300000,ok,,flexible
"PEPTIDE1{Mono6.Abu.dL.T.L.T.A}$PEPTIDE1,PEPTIDE1,1:R1-7:R2$$$",-5.65200000,ok,,flexible
"PEPTIDE1{Me_dA.T.dL.F.meA.L.Me_dL}$PEPTIDE1,PEPTIDE1,1:R1-7:R2$$$",-5.97700000,ok,,flexible
"PEPTIDE1{dA.meA.L.L.T.Ser(tBu).V}$PEPTIDE1,PEPTIDE1,1:R1-7:R2$$$",-5.36600000,ok,,flexible
"PEPTIDE1{A.Abu.L.meF.P.meA.F}$PEPTIDE1,PEPTIDE1,1:R1-7:R2$$$",-6.44100000,ok,,flexible
"PEPTIDE1{meA.F.Me_dL.A.Ser(tBu).G.T}$PEPTIDE1,PEPTIDE1,1:R1-7:R2$$$",-5.81300000,ok,,flexible
"PEPTIDE1{L.meL.V.meL.T.meF.Sar}$PEPTIDE1,PEPTIDE1,1:R1-7:R2$$$",-6.22500000,ok,,flexible
"PEPTIDE1{dF.I.L.T.Bn_Gly.Me_dL.L}$PEPTIDE1,PEPTIDE1,1:R1-7:R2$$$",-5.63100000,ok,,flexible
"PEPTIDE1{Me_dA.meL.T.meA.meS.Ala(5-Tet).meF}$PEPTIDE1,PEPTIDE1,1:R1-7:R2$$$",-5.80800000,ok,,flexible
"PEPTIDE1{meA.T.Sar.P.meL.L.meL}$PEPTIDE1,PEPTIDE1,1:R1-7:R2$$$",-5.92800000,ok,,flexible
"PEPTIDE1{dV.L.L.Abu.meL.A.T}$PEPTIDE1,PEPTIDE1,1:R1-7:R2$$$",-5.24700000,ok,,flexible
"PEPTIDE1{A.meF.Ser(tBu).meL.F.meA.dL}$PEPTIDE1,PEPTIDE1,1:R1-7:R2$$$",-6.70400000,ok,,flexible
"PEPTIDE1{F.L.dL.L.T.I.Me_dL}$PEPTIDE1,PEPTIDE1,1:R1-7:R2$$$",-5.38200000,ok,,flexible
"PEPTIDE1{dA.meL.I.dL.Ser(tBu).L.meA}$PEPTIDE1,PEPTIDE1,1:R1-7:R2$$$",-5.64000000,ok,,flexible
"PEPTIDE1{Me_dL.dP.meA.T.Me_dA.meL.meL}$PEPTIDE1,PEPTIDE1,1:R1-7:R2$$$",-5.60800000,ok,,flexible
"PEPTIDE1{dV.meA.Me_dL.L.meS.I.T}$PEPTIDE1,PEPTIDE1,1:R1-7:R2$$$",-5.86900000,ok,,flexible
"PEPTIDE1{meA.Aoc(2).A.L.V.T.Me_dL}$PEPTIDE1,PEPTIDE1,1:R1-7:R2$$$",-5.39900000,ok,,flexible
"PEPTIDE1{Me_dA.meA.L.meL.meL.Ser(tBu).P}$PEPTIDE1,PEPTIDE1,1:R1-7:R2$$$",-6.01900000,ok,,flexible
"PEPTIDE1{P.L.A.dL.F.meA.Me_dL}$PEPTIDE1,PEPTIDE1,1:R1-7:R2$$$",-5.54500000,ok,,flexible
"PEPTIDE1{Pr_Gly.A.P.Me_dL.meL.dL.Ser(tBu)}$PEPTIDE1,PEPTIDE1,1:R1-7:R2$$$",-5.03100000,ok,,flexible
"PEPTIDE1{dV.dF.L.F.Ser(tBu).V.dP}$PEPTIDE1,PEPTIDE1,1:R1-7:R2$$$",-6.20200000,ok,,flexible
"PEPTIDE1{Me_dA.A.dL.meL.I.meF.F}$PEPTIDE1,PEPTIDE1,1:R1-7:R2$$$",-6.34500000,ok,,flexible
"PEPTIDE1{Me_dA.Me_dL.L.A.meL.meA.T}$PEPTIDE1,PEPTIDE1,1:R1-7:R2$$$",-6.00600000,ok,,flexible
"PEPTIDE1{Me_dA.Ala(5-Tet).T.meF.meS.Me_dL.L}$PEPTIDE1,PEPTIDE1,1:R1-7:R2$$$",-6.00100000,ok,,flexible
"PEPTIDE1{meL.meS.A.dL.Sar.meF.Abu}$PEPTIDE1,PEPTIDE1,1:R1-7:R2$$$",-5.71500000,ok,,flexible
"PEPTIDE1{Me_dA.L.T.P.F.Me_dL.T}$PEPTIDE1,PEPTIDE1,1:R1-7:R2$$$",-6.18800000,ok,,flexible
"PEPTIDE1{Mono6.meF.L.meA.dL.V.T}$PEPTIDE1,PEPTIDE1,1:R1-7:R2$$$",-5.41600000,ok,,flexible
"PEPTIDE1{Me_dA.A.L.V.dL.I.meL}$PEPTIDE1,PEPTIDE1,1:R1-7:R2$$$",-5.48500000,ok,,flexible
"PEPTIDE1{meA.meF.T.L.P.dL.Abu}$PEPTIDE1,PEPTIDE1,1:R1-7:R2$$$",-6.13400000,ok,,flexible
"PEPTIDE1{meA.meL.A.dL.T.L.meL}$PEPTIDE1,PEPTIDE1,1:R1-7:R2$$$",-5.49900000,ok,,flexible
"PEPTIDE1{Pr_Gly.dL.meL.P.meL.Me_dL.meF}$PEPTIDE1,PEPTIDE1,1:R1-7:R2$$$",-5.44000000,ok,,flexible
"PEPTIDE1{Sar.meA.V.Me_dL.dL.F.T}$PEPTIDE1,PEPTIDE1,1:R1-7:R2$$$",-5.96900000,ok,,flexible
"PEPTIDE1{A.F.V.meA.Ser(tBu).T.meF}$PEPTIDE1,PEPTIDE1,1:R1-7:R2$$$",-6.05400000,ok,,flexible
"PEPTIDE1{A.Ser(tBu).dL.meA.F.meL.I}$PEPTIDE1,PEPTIDE1,1:R1-7:R2$$$",-5.52300000,ok,,flexible
"PEPTIDE1{Me_dA.dL.meL.F.meL.G.Me_Phe(3-Cl)}$PEPTIDE1,PEPTIDE1,1:R1-7:R2$$$",-6.68500000,ok,,flexible
"PEPTIDE1{meL.A.meS.L.V.T.dA}$PEPTIDE1,PEPTIDE1,1:R1-7:R2$$$",-5.79100000,ok,,flexible
"PEPTIDE1{Pr_Gly.Mono104.I.L.cHexCH2_Gly.3Pal.pentyl_Gly}$PEPTIDE1,PEPTIDE1,1:R1-7:R2$$$",-4.77500000,ok,,flexible
"PEPTIDE1{dV.A.meL.Ala(5-Tet).meS.Abu.I}$PEPTIDE1,PEPTIDE1,1:R1-7:R2$$$",-5.84800000,ok,,flexible
"PEPTIDE1{meA.F.meL.L.meF.Bn_Gly.A}$PEPTIDE1,PEPTIDE1,1:R1-7:R2$$$",-5.46500000,ok,,flexible
"PEPTIDE1{L.meA.dL.F.meL.T.meV}$PEPTIDE1,PEPTIDE1,1:R1-7:R2$$$",-5.57900000,ok,,flexible
"PEPTIDE1{Me_dA.meF.Sar.F.T.meA.I}$PEPTIDE1,PEPTIDE1,1:R1-7:R2$$$",-6.18300000,ok,,flexible
"PEPTIDE1{Me_dA.T.meA.L.A.V.P}$PEPTIDE1,PEPTIDE1,1:R1-7:R2$$$",-6.48100000,ok,,flexible
"PEPTIDE1{L.meA.A.Me_dA.meF.I.V}$PEPTIDE1,PEPTIDE1,1:R1-7:R2$$$",-5.67500000,ok,,flexible
"PEPTIDE1{Me_Bal.L.meL.I.meL.G.P}$PEPTIDE1,PEPTIDE1,1:R1-7:R2$$$",-5.80700000,ok,,flexible
"PEPTIDE1{A.meL.T.meA.meV.V.Bn_Gly}$PEPTIDE1,PEPTIDE1,1:R1-7:R2$$$",-5.54600000,ok,,flexible
"PEPTIDE1{A.meS.I.Me_dL.F.Pr_Gly.A}$PEPTIDE1,PEPTIDE1,1:R1-7:R2$$$",-6.04400000,ok,,flexible
"PEPTIDE1{L.dL.T.A.meF.Aoc(2).L}$PEPTIDE1,PEPTIDE1,1:R1-7:R2$$$",-5.23600000,ok,,flexible
"PEPTIDE1{Me_Bal.meL.meF.A.Me_Phe(3-Cl).Ser(tBu).V}$PEPTIDE1,PEPTIDE1,1:R1-7:R2$$$",-5.40900000,ok,,flexible
"PEPTIDE1{dV.meS.Ala(5-Tet).meL.T.Me_dL.meA}$PEPTIDE1,PEPTIDE1,1:R1-7:R2$$$",-5.45000000,ok,,flexible
"PEPTIDE1{Mono6.dL.T.A.Me_dL.meA.meL}$PEPTIDE1,PEPTIDE1,1:R1-7:R2$$$",-6.04300000,ok,,flexible
"PEPTIDE1{Me_Bal.A.cHexCH2_Gly.I.Ser(tBu).L.meA}$PEPTIDE1,PEPTIDE1,1:R1-7:R2$$$",-5.52400000,ok,,flexible
"PEPTIDE1{Me_dA.P.T.meL.meF.dL.L}$PEPTIDE1,PEPTIDE1,1:R1-7:R2$$$",-6.02400000,ok,,flexible
"PEPTIDE1{meA.I.Me_dL.T.Ser(tBu).L.L}$PEPTIDE1,PEPTIDE1,1:R1-7:R2$$$",-4.61700000,ok,,flexible
"PEPTIDE1{dA.meL.meF.L.I.Me_dL.F}$PEPTIDE1,PEPTIDE1,1:R1-7:R2$$$",-5.78000000,ok,,flexible
"PEPTIDE1{meA.A.T.Abu.dL.Aoc(2).I}$PEPTIDE1,PEPTIDE1,1:R1-7:R2$$$",-5.37900000,ok,,flexible
"PEPTIDE1{Me_Bal.meA.I.meV.meL.L.A}$PEPTIDE1,PEPTIDE1,1:R1-7:R2$$$",-5.80600000,ok,,flexible
"PEPTIDE1{dP.A.dL.T.Me_dL.V.meL}$PEPTIDE1,PEPTIDE1,1:R1-7:R2$$$",-5.64800000,ok,,flexible
"PEPTIDE1{dA.A.meA.L.meF.T.dL}$PEPTIDE1,PEPTIDE1,1:R1-7:R2$$$",-6.18800000,ok,,flexible
"PEPTIDE1{dV.meL.L.meA.T.dA.A}$PEPTIDE1,PEPTIDE1,1:R1-7:R2$$$",-5.98700000,ok,,flexible
"PEPTIDE1{dA.meF.meL.I.V.G.A}$PEPTIDE1,PEPTIDE1,1:R1-7:R2$$$",-6.15700000,ok,,flexible
"PEPTIDE1{P.meF.Pr_Gly.Ser(tBu).L.F.Me_dL}$PEPTIDE1,PEPTIDE1,1:R1-7:R2$$$",-5.59900000,ok,,flexible
"PEPTIDE1{L.meF.meS.dL.meL.Ser(tBu).V}$PEPTIDE1,PEPTIDE1,1:R1-7:R2$$$",-5.21800000,ok,,flexible
"PEPTIDE1{A.meS.Sar.F.meA.meL.P}$PEPTIDE1,PEPTIDE1,1:R1-7:R2$$$",-6.18800000,ok,,flexible
"PEPTIDE1{meA.F.meL.dL.meF.L.Me_dA}$PEPTIDE1,PEPTIDE1,1:R1-7:R2$$$",-5.94100000,ok,,flexible
"PEPTIDE1{L.P.V.dL.Ser(tBu).A.Bn_Gly}$PEPTIDE1,PEPTIDE1,1:R1-7:R2$$$",-5.74400000,ok,,flexible
"PEPTIDE1{Mono6.dP.T.Abu.meF.A.Me_dL}$PEPTIDE1,PEPTIDE1,1:R1-7:R2$$$",-6.48800000,ok,,flexible
"PEPTIDE1{dA.L.T.meA.Me_dL.Bn_Gly.meF}$PEPTIDE1,PEPTIDE1,1:R1-7:R2$$$",-6.19900000,ok,,flexible
"PEPTIDE1{dF.cHexCH2_Gly.meA.dL.L.dP.P}$PEPTIDE1,PEPTIDE1,1:R1-7:R2$$$",-6.59400000,ok,,flexible
"PEPTIDE1{Me_Bal.pentyl_Gly.I.meL.dL.V.Ser(tBu)}$PEPTIDE1,PEPTIDE1,1:R1-7:R2$$$",-5.17600000,ok,,flexible
"PEPTIDE1{Pr_Gly.meL.Me_dL.Ser(tBu).dP.L.V}$PEPTIDE1,PEPTIDE1,1:R1-7:R2$$$",-4.78800000,ok,,flexible
"PEPTIDE1{dA.Me_dL.meA.meF.F.G.A}$PEPTIDE1,PEPTIDE1,1:R1-7:R2$$$",-6.12800000,ok,,flexible
"PEPTIDE1{Mono6.I.L.T.F.meA.L}$PEPTIDE1,PEPTIDE1,1:R1-7:R2$$$",-6.14500000,ok,,flexible
"PEPTIDE1{Me_Bal.meL.A.meA.meL.A.V}$PEPTIDE1,PEPTIDE1,1:R1-7:R2$$$",-5.87700000,ok,,flexible
"PEPTIDE1{dV.Me_dA.F.T.meA.Me_dL.T}$PEPTIDE1,PEPTIDE1,1:R1-7:R2$$$",-6.27300000,ok,,flexible
"PEPTIDE1{A.Me_dL.Ser(tBu).V.P.L.T}$PEPTIDE1,PEPTIDE1,1:R1-7:R2$$$",-5.68700000,ok,,flexible
"PEPTIDE1{F.A.meL.T.L.dL.Me_dL}$PEPTIDE1,PEPTIDE1,1:R1-7:R2$$$",-5.64600000,ok,,flexible
"PEPTIDE1{F.meF.A.meL.T.L.Aoc(2)}$PEPTIDE1,PEPTIDE1,1:R1-7:R2$$$",-5.21000000,ok,,flexible
"PEPTIDE1{Mono6.L.Aoc(2).I.Abu.A.T}$PEPTIDE1,PEPTIDE1,1:R1-7:R2$$$",-5.32000000,ok,,flexible
"PEPTIDE1{dA.meA.L.V.meL.Me_dA.meA}$PEPTIDE1,PEPTIDE1,1:R1-7:R2$$$",-6.32000000,ok,,flexible
"PEPTIDE1{meA.G.F.Ser(tBu).T.Sar.dL}$PEPTIDE1,PEPTIDE1,1:R1-7:R2$$$",-6.69500000,ok,,flexible
"PEPTIDE1{dA.meA.A.meF.meL.L.Me_dL}$PEPTIDE1,PEPTIDE1,1:R1-7:R2$$$",-5.90000000,ok,,flexible
"PEPTIDE1{dA.T.L.Aoc(2).P.T.A}$PEPTIDE1,PEPTIDE1,1:R1-7:R2$$$",-5.24400000,ok,,flexible
"PEPTIDE1{A.meA.F.V.Pr_Gly.meL.meL}$PEPTIDE1,PEPTIDE1,1:R1-7:R2$$$",-5.73500000,ok,,flexible
"PEPTIDE1{P.Pr_Gly.meA.dL.meL.L.Me_dL}$PEPTIDE1,PEPTIDE1,1:R1-7:R2$$$",-5.08900000,ok,,flexible
"PEPTIDE1{meA.Mono38.Bn_Gly.L.meL.T.pentyl_Gly}$PEPTIDE1,PEPTIDE1,1:R1-7:R2$$$",-5.21500000,ok,,flexible
"PEPTIDE1{Me_dA.F.meF.meA.meL.A.meL}$PEPTIDE1,PEPTIDE1,1:R1-7:R2$$$",-6.34200000,ok,,flexible
"PEPTIDE1{A.Sar.dP.T.F.L.P}$PEPTIDE1,PEPTIDE1,1:R1-7:R2$$$",-6.80500000,ok,,flexible
"PEPTIDE1{Me_dA.I.Aoc(2).L.V.T.meL}$PEPTIDE1,PEPTIDE1,1:R1-7:R2$$$",-5.35600000,ok,,flexible
"PEPTIDE1{meL.T.A.F.V.L.I}$PEPTIDE1,PEPTIDE1,1:R1-7:R2$$$",-5.34500000,ok,,flexible
"PEPTIDE1{meA.cHexCH2_Gly.meL.T.meF.A.L}$PEPTIDE1,PEPTIDE1,1:R1-7:R2$$$",-5.74800000,ok,,flexible
"PEPTIDE1{dA.A.L.Ser(tBu).meA.meL.I}$PEPTIDE1,PEPTIDE1,1:R1-7:R2$$$",-5.26700000,ok,,flexible
"PEPTIDE1{meA.meL.P.meV.V.L.Bn_Gly}$PEPTIDE1,PEPTIDE1,1:R1-7:R2$$$",-6.11100000,ok,,flexible
"PEPTIDE1{A.T.Me_dL.Pr_Gly.G.meA.T}$PEPTIDE1,PEPTIDE1,1:R1-7:R2$$$",-5.48300000,ok,,flexible
"PEPTIDE1{dA.G.L.P.Pr_Gly.meL.V}$PEPTIDE1,PEPTIDE1,1:R1-7:R2$$$",-6.07400000,ok,,flexible
"PEPTIDE1{meA.Me_dL.T.A.I.V.G}$PEPTIDE1,PEPTIDE1,1:R1-7:R2$$$",-6.77400000,ok,,flexible
"PEPTIDE1{Sar.P.Me_dL.T.T.meA.meV}$PEPTIDE1,PEPTIDE1,1:R1-7:R2$$$",-6.26600000,ok,,flexible
"PEPTIDE1{A.meL.Me_dL.meF.T.Me_dL.dL}$PEPTIDE1,PEPTIDE1,1:R1-7:R2$$$",-5.01200000,ok,,flexible
"PEPTIDE1{Me_dA.dL.L.meF.Me_dL.Ser(tBu).L}$PEPTIDE1,PEPTIDE1,1:R1-7:R2$$$",-5.69200000,ok,,flexible
"PEPTIDE1{A.Sar.L.meA.Me_dL.V.T}$PEPTIDE1,PEPTIDE1,1:R1-7:R2$$$",-6.30100000,ok,,flexible
"PEPTIDE1{Me_dA.A.T.meF.meA.dL.Abu}$PEPTIDE1,PEPTIDE1,1:R1-7:R2$$$",-6.53500000,ok,,flexible
"PEPTIDE1{dV.meV.meF.Me_dL.T.meL.T}$PEPTIDE1,PEPTIDE1,1:R1-7:R2$$$",-5.96900000,ok,,flexible
"PEPTIDE1{dA.meF.meS.Aoc(2).F.A.meA}$PEPTIDE1,PEPTIDE1,1:R1-7:R2$$$",-6.10700000,ok,,flexible
"PEPTIDE1{Pr_Gly.T.meL.F.I.meA.T}$PEPTIDE1,PEPTIDE1,1:R1-7:R2$$$",-5.99000000,ok,,flexible
"PEPTIDE1{A.meL.Ala(5-Tet).T.meS.meF.P}$PEPTIDE1,PEPTIDE1,1:R1-7:R2$$$",-5.76600000,ok,,flexible
"PEPTIDE1{Me_Bal.meF.F.meA.L.Bn_Gly.meL}$PEPTIDE1,PEPTIDE1,1:R1-7:R2$$$",-6.30200000,ok,,flexible
"PEPTIDE1{Me_Bal.dA.meL.Me_dL.meA.L.G}$PEPTIDE1,PEPTIDE1,1:R1-7:R2$$$",-5.72400000,ok,,flexible
"PEPTIDE1{A.F.Me_dL.T.I.meA.T}$PEPTIDE1,PEPTIDE1,1:R1-7:R2$$$",-5.54200000,ok,,flexible
"PEPTIDE1{dF.Abu.meS.meL.meF.Aoc(2).Abu}$PEPTIDE1,PEPTIDE1,1:R1-7:R2$$$",-5.03900000,ok,,flexible
"PEPTIDE1{A.meL.L.meF.L.dL.meL}$PEPTIDE1,PEPTIDE1,1:R1-7:R2$$$",-5.83100000,ok,,flexible
"PEPTIDE1{Me_Bal.T.T.dP.Me_dL.meA.L}$PEPTIDE1,PEPTIDE1,1:R1-7:R2$$$",-5.68200000,ok,,flexible
"PEPTIDE1{Mono6.P.L.T.meA.Ser(tBu).Me_dA}$PEPTIDE1,PEPTIDE1,1:R1-7:R2$$$",-6.26700000,ok,,flexible
"PEPTIDE1{Me_dA.I.meL.Ser(tBu).L.Me_dL.dL}$PEPTIDE1,PEPTIDE1,1:R1-7:R2$$$",-5.14800000,ok,,flexible
"PEPTIDE1{A.T.meA.V.meL.P.Me_dA}$PEPTIDE1,PEPTIDE1,1:R1-7:R2$$$",-5.56100000,ok,,flexible
"PEPTIDE1{dV.L.P.Pr_Gly.meA.dL.F}$PEPTIDE1,PEPTIDE1,1:R1-7:R2$$$",-5.24600000,ok,,flexible
"PEPTIDE1{dA.F.meL.meL.dL.Ser(tBu).G}$PEPTIDE1,PEPTIDE1,1:R1-7:R2$$$",-5.72600000,ok,,flexible
"PEPTIDE1{F.meL.T.meF.meA.Aib.A}$PEPTIDE1,PEPTIDE1,1:R1-7:R2$$$",-6.17600000,ok,,flexible
"PEPTIDE1{dV.meL.T.F.Me_dL.meL.Ser(tBu)}$PEPTIDE1,PEPTIDE1,1:R1-7:R2$$$",-5.26800000,ok,,flexible
"PEPTIDE1{meA.L.T.Me_dA.L.F.Sar}$PEPTIDE1,PEPTIDE1,1:R1-7:R2$$$",-6.14900000,ok,,flexible
"PEPTIDE1{Sar.L.meL.I.G.Ser(tBu).meA}$PEPTIDE1,PEPTIDE1,1:R1-7:R2$$$",-5.25600000,ok,,flexible
"PEPTIDE1{dV.Abu.L.meL.T.meS.Aoc(2)}$PEPTIDE1,PEPTIDE1,1:R1-7:R2$$$",-5.30500000,ok,,flexible
"PEPTIDE1{dV.meF.L.A.dL.V.L}$PEPTIDE1,PEPTIDE1,1:R1-7:R2$$$",-5.91900000,ok,,flexible
"PEPTIDE1{meA.A.meF.L.dL.Me_dA.dA}$PEPTIDE1,PEPTIDE1,1:R1-7:R2$$$",-6.78000000,ok,,flexible
"PEPTIDE1{dV.T.I.meL.Ser(tBu).meA.L}$PEPTIDE1,PEPTIDE1,1:R1-7:R2$$$",-4.87700000,ok,,flexible
"PEPTIDE1{L.meL.meA.dP.meF.F.V}$PEPTIDE1,PEPTIDE1,1:R1-7:R2$$$",-6.31600000,ok,,flexible
"PEPTIDE1{Pr_Gly.meL.Me_dL.meF.V.T.P}$PEPTIDE1,PEPTIDE1,1:R1-7:R2$$$",-5.39900000,ok,,flexible
"PEPTIDE1{meA.dP.P.F.A.T.dL}$PEPTIDE1,PEPTIDE1,1:R1-7:R2$$$",-6.55500000,ok,,flexible
"PEPTIDE1{L.pentyl_Gly.meL.meA.T.F.Ser(tBu)}$PEPTIDE1,PEPTIDE1,1:R1-7:R2$$$",-5.14500000,ok,,flexible
"PEPTIDE1{meA.P.F.dL.Me_dL.L.T}$PEPTIDE1,PEPTIDE1,1:R1-7:R2$$$",-6.11100000,ok,,flexible
"PEPTIDE1{A.L.dP.Met(O2).meL.P.P}$PEPTIDE1,PEPTIDE1,1:R1-7:R2$$$",-5.63500000,ok,,flexible
"PEPTIDE1{Pr_Gly.A.Me_dL.L.meS.dL.meL}$PEPTIDE1,PEPTIDE1,1:R1-7:R2$$$",-4.83400000,ok,,flexible
"PEPTIDE1{dV.Me_Phe(3-Cl).meL.L.cHexCH2_Gly.Bn_Gly.L}$PEPTIDE1,PEPTIDE1,1:R1-7:R2$$$",-5.68700000,ok,,flexible
"PEPTIDE1{A.meL.L.I.Sar.meF.Ser(tBu)}$PEPTIDE1,PEPTIDE1,1:R1-7:R2$$$",-5.27600000,ok,,flexible
"PEPTIDE1{A.L.meL.meL.meS.P.dV}$PEPTIDE1,PEPTIDE1,1:R1-7:R2$$$",-5.79100000,ok,,flexible
"PEPTIDE1{A.P.F.dA.meL.T.meL}$PEPTIDE1,PEPTIDE1,1:R1-7:R2$$$",-6.58500000,ok,,flexible
"PEPTIDE1{dV.cHexCH2_Gly.A.dL.V.meS.P}$PEPTIDE1,PEPTIDE1,1:R1-7:R2$$$",-5.72200000,ok,,flexible
"PEPTIDE1{F.pentyl_Gly.cHexCH2_Gly.dL.L.meL.Ser(tBu)}$PEPTIDE1,PEPTIDE1,1:R1-7:R2$$$",-5.30500000,ok,,flexible
"PEPTIDE1{Me_Bal.T.meF.meL.meI.L.Ser(tBu)}$PEPTIDE1,PEPTIDE1,1:R1-7:R2$$$",-5.54100000,ok,,flexible
"PEPTIDE1{Me_Bal.Mono38.A.meL.meF.L.I}$PEPTIDE1,PEPTIDE1,1:R1-7:R2$$$",-5.59200000,ok,,flexible
"PEPTIDE1{Me_dA.meA.dL.L.T.meL.P}$PEPTIDE1,PEPTIDE1,1:R1-7:R2$$$",-5.74900000,ok,,flexible
"PEPTIDE1{meL.A.meL.T.dL.I.F}$PEPTIDE1,PEPTIDE1,1:R1-7:R2$$$",-5.51100000,ok,,flexible
"PEPTIDE1{Me_Bal.A.Me_dL.T.dL.meA.meL}$PEPTIDE1,PEPTIDE1,1:R1-7:R2$$$",-6.12500000,ok,,flexible
"PEPTIDE1{Me_dA.meL.L.meA.L.I.Me_Phe(3-Cl)}$PEPTIDE1,PEPTIDE1,1:R1-7:R2$$$",-6.18600000,ok,,flexible
"PEPTIDE1{dV.T.3Pal.meF.I.L.dL}$PEPTIDE1,PEPTIDE1,1:R1-7:R2$$$",-5.68000000,ok,,flexible
"PEPTIDE1{F.T.meF.A.Mono86.meA.L}$PEPTIDE1,PEPTIDE1,1:R1-7:R2$$$",-6.46200000,ok,,flexible
"PEPTIDE1{meA.Sar.meL.meF.L.G.I}$PEPTIDE1,PEPTIDE1,1:R1-7:R2$$$",-6.21500000,ok,,flexible
"PEPTIDE1{meL.A.dA.F.T.Me_dL.Ser(tBu)}$PEPTIDE1,PEPTIDE1,1:R1-7:R2$$$",-5.69600000,ok,,flexible
"PEPTIDE1{Mono6.Bn_Gly.pentyl_Gly.P.L.T.A}$PEPTIDE1,PEPTIDE1,1:R1-7:R2$$$",-6.08700000,ok,,flexible
"PEPTIDE1{meA.L.G.P.A.meL.meF}$PEPTIDE1,PEPTIDE1,1:R1-7:R2$$$",-5.97300000,ok,,flexible
"PEPTIDE1{dA.Mono38.I.dL.T.I.T}$PEPTIDE1,PEPTIDE1,1:R1-7:R2$$$",-5.53400000,ok,,flexible
"PEPTIDE1{dF.I.L.meF.dL.Me_Phe(3-Cl).A}$PEPTIDE1,PEPTIDE1,1:R1-7:R2$$$",-6.53000000,ok,,flexible
"PEPTIDE1{Me_dA.A.meA.V.Me_dL.L.T}$PEPTIDE1,PEPTIDE1,1:R1-7:R2$$$",-5.71900000,ok,,flexible
"PEPTIDE1{meA.dL.A.meL.P.V.G}$PEPTIDE1,PEPTIDE1,1:R1-7:R2$$$",-6.09600000,ok,,flexible
"PEPTIDE1{meA.Me_dL.meL.meS.T.Abu.I}$PEPTIDE1,PEPTIDE1,1:R1-7:R2$$$",-5.28000000,ok,,flexible
"PEPTIDE1{meA.meF.I.T.L.A.Me_dL}$PEPTIDE1,PEPTIDE1,1:R1-7:R2$$$",-6.03200000,ok,,flexible
"PEPTIDE1{A.F.T.dA.I.Aoc(2).L}$PEPTIDE1,PEPTIDE1,1:R1-7:R2$$$",-5.54300000,ok,,flexible
"PEPTIDE1{dA.meL.dL.L.V.Me_dL.meA}$PEPTIDE1,PEPTIDE1,1:R1-7:R2$$$",-5.48100000,ok,,flexible
"PEPTIDE1{meA.A.cHexCH2_Gly.meL.dL.L.T}$PEPTIDE1,PEPTIDE1,1:R1-7:R2$$$",-5.89100000,ok,,flexible
"PEPTIDE1{dA.G.meA.Me_dL.meL.dL.L}$PEPTIDE1,PEPTIDE1,1:R1-7:R2$$$",-6.05400000,ok,,flexible
"PEPTIDE1{dA.dL.meA.Me_dL.Sar.A.P}$PEPTIDE1,PEPTIDE1,1:R1-7:R2$$$",-6.34000000,ok,,flexible
"PEPTIDE1{meA.Me_dL.meL.F.Sar.meL.A}$PEPTIDE1,PEPTIDE1,1:R1-7:R2$$$",-5.78600000,ok,,flexible
"PEPTIDE1{meL.T.meL.L.V.T.meA}$PEPTIDE1,PEPTIDE1,1:R1-7:R2$$$",-5.83400000,ok,,flexible
"PEPTIDE1{A.Pr_Gly.meL.dP.F.T.L}$PEPTIDE1,PEPTIDE1,1:R1-7:R2$$$",-5.75900000,ok,,flexible
"PEPTIDE1{meA.dP.meL.Me_dL.dA.T.I}$PEPTIDE1,PEPTIDE1,1:R1-7:R2$$$",-5.90300000,ok,,flexible
"PEPTIDE1{dA.L.meL.Ser(tBu).meA.T.A}$PEPTIDE1,PEPTIDE1,1:R1-7:R2$$$",-5.75600000,ok,,flexible
"PEPTIDE1{meA.T.meF.meL.F.L.V}$PEPTIDE1,PEPTIDE1,1:R1-7:R2$$$",-5.61400000,ok,,flexible
"PEPTIDE1{meA.V.L.A.Me_dL.T.I}$PEPTIDE1,PEPTIDE1,1:R1-7:R2$$$",-5.25400000,ok,,flexible
"PEPTIDE1{L.Bn_Gly.meL.F.meA.I.T}$PEPTIDE1,PEPTIDE1,1:R1-7:R2$$$",-5.68400000,ok,,flexible
"PEPTIDE1{Pr_Gly.Me_dA.meA.Abu.meS.meF.T}$PEPTIDE1,PEPTIDE1,1:R1-7:R2$$$",-5.68700000,ok,,flexible
"PEPTIDE1{meL.Ala(5-Tet).meS.L.A.T.Abu}$PEPTIDE1,PEPTIDE1,1:R1-7:R2$$$",-6.23800000,ok,,flexible
"PEPTIDE1{Me_dA.pentyl_Gly.meL.dL.F.T.Me_dL}$PEPTIDE1,PEPTIDE1,1:R1-7:R2$$$",-5.50800000,ok,,flexible
"PEPTIDE1{L.meA.T.A.V.Sar.meL}$PEPTIDE1,PEPTIDE1,1:R1-7:R2$$$",-5.45400000,ok,,flexible
"PEPTIDE1{Me_dA.A.meA.P.L.V.T}$PEPTIDE1,PEPTIDE1,1:R1-7:R2$$$",-6.49500000,ok,,flexible
"PEPTIDE1{F.A.T.Mono84.Sar.meL.dP}$PEPTIDE1,PEPTIDE1,1:R1-7:R2$$$",-7.32600000,ok,,flexible
"PEPTIDE1{meA.T.Aoc(2).Abu.meL.Sar.A}$PEPTIDE1,PEPTIDE1,1:R1-7:R2$$$",-5.24500000,ok,,flexible
"PEPTIDE1{A.meL.G.meA.Ser(tBu).I.Me_dL}$PEPTIDE1,PEPTIDE1,1:R1-7:R2$$$",-5.53300000,ok,,flexible
"PEPTIDE1{Me_dA.T.meA.P.L.A.meL}$PEPTIDE1,PEPTIDE1,1:R1-7:R2$$$",-6.55800000,ok,,flexible
"PEPTIDE1{Me_dA.meL.I.F.L.meA.meF}$PEPTIDE1,PEPTIDE1,1:R1-7:R2$$$",-6.34600000,ok,,flexible
"PEPTIDE1{A.meL.meF.Me_dL.T.V.F}$PEPTIDE1,PEPTIDE1,1:R1-7:R2$$$",-5.46200000,ok,,flexible
"PEPTIDE1{dV.dL.meL.T.L.Me_dL.L}$PEPTIDE1,PEPTIDE1,1:R1-7:R2$$$",-4.95900000,ok,,flexible
"PEPTIDE1{dV.meL.P.meF.L.Ser(tBu).Me_dL}$PEPTIDE1,PEPTIDE1,1:R1-7:R2$$$",-5.00200000,ok,,flexible
"PEPTIDE1{meA.dPye.meL.T.meY.Me_dA.A}$PEPTIDE1,PEPTIDE1,1:R1-7:R2$$$",-5.82600000,ok,,flexible
"PEPTIDE1{Me_dA.meA.meL.meF.L.A.F}$PEPTIDE1,PEPTIDE1,1:R1-7:R2$$$",-6.79100000,ok,,flexible
"PEPTIDE1{Me_dA.T.meA.T.V.L.G}$PEPTIDE1,PEPTIDE1,1:R1-7:R2$$$",-5.75600000,ok,,flexible
"PEPTIDE1{P.A.Me_dL.L.I.meF.Ser(tBu)}$PEPTIDE1,PEPTIDE1,1:R1-7:R2$$$",-5.71900000,ok,,flexible
"PEPTIDE1{meA.T.dL.F.V.meF.T}$PEPTIDE1,PEPTIDE1,1:R1-7:R2$$$",-6.86800000,ok,,flexible
"PEPTIDE1{Me_Bal.G.meF.Bn_Gly.L.meL.A}$PEPTIDE1,PEPTIDE1,1:R1-7:R2$$$",-6.22400000,ok,,flexible
"PEPTIDE1{P.Me_dA.Me_dL.dL.meA.F.L}$PEPTIDE1,PEPTIDE1,1:R1-7:R2$$$",-6.76800000,ok,,flexible
"PEPTIDE1{meL.V.Me_dA.meL.dL.dA.T}$PEPTIDE1,PEPTIDE1,1:R1-7:R2$$$",-5.14700000,ok,,flexible
"PEPTIDE1{A.Me_dL.meL.P.T.Ser(tBu).meL}$PEPTIDE1,PEPTIDE1,1:R1-7:R2$$$",-5.56700000,ok,,flexible
"PEPTIDE1{P.F.meL.dL.meL.Ser(tBu).meA}$PEPTIDE1,PEPTIDE1,1:R1-7:R2$$$",-5.29200000,ok,,flexible
"PEPTIDE1{dV.F.L.V.T.meA.I}$PEPTIDE1,PEPTIDE1,1:R1-7:R2$$$",-5.65100000,ok,,flexible
"PEPTIDE1{Me_dA.F.meL.pentyl_Gly.L.Mono7.T}$PEPTIDE1,PEPTIDE1,1:R1-7:R2$$$",-5.61400000,ok,,flexible
"PEPTIDE1{dP.meA.meL.meL.dL.V.L}$PEPTIDE1,PEPTIDE1,1:R1-7:R2$$$",-5.57100000,ok,,flexible
"PEPTIDE1{Me_dA.meS.A.F.meA.T.dA}$PEPTIDE1,PEPTIDE1,1:R1-7:R2$$$",-6.72200000,ok,,flexible
"PEPTIDE1{Me_dA.T.L.meL.I.L.F}$PEPTIDE1,PEPTIDE1,1:R1-7:R2$$$",-5.27600000,ok,,flexible
"PEPTIDE1{Me_dA.Pr_Gly.meL.A.F.L.G}$PEPTIDE1,PEPTIDE1,1:R1-7:R2$$$",-5.63000000,ok,,flexible
"PEPTIDE1{dV.Abu.meS.meA.Me_dL.T.dL}$PEPTIDE1,PEPTIDE1,1:R1-7:R2$$$",-5.42000000,ok,,flexible
"PEPTIDE1{A.Pr_Gly.meA.T.Me_dA.Me_dL.F}$PEPTIDE1,PEPTIDE1,1:R1-7:R2$$$",-6.60200000,ok,,flexible
"PEPTIDE1{Me_dA.P.dL.A.meL.Me_dL.meF}$PEPTIDE1,PEPTIDE1,1:R1-7:R2$$$",-5.69900000,ok,,flexible
"PEPTIDE1{dV.A.meL.dL.F.I.meF}$PEPTIDE1,PEPTIDE1,1:R1-7:R2$$$",-6.71800000,ok,,flexible
"PEPTIDE1{Mono6.dL.Aoc(2).A.Sar.meA.T}$PEPTIDE1,PEPTIDE1,1:R1-7:R2$$$",-5.91600000,ok,,flexible
"PEPTIDE1{meA.T.V.meL.I.dL.F}$PEPTIDE1,PEPTIDE1,1:R1-7:R2$$$",-5.60800000,ok,,flexible
"PEPTIDE1{dF.A.meL.I.Me_dA.Pr_Gly.T}$PEPTIDE1,PEPTIDE1,1:R1-7:R2$$$",-5.65700000,ok,,flexible
"PEPTIDE1{Sar.T.meL.meA.Ser(tBu).I.dP}$PEPTIDE1,PEPTIDE1,1:R1-7:R2$$$",-5.84800000,ok,,flexible
"PEPTIDE1{meA.dA.meF.meL.I.Me_Phe(3-Cl).L}$PEPTIDE1,PEPTIDE1,1:R1-7:R2$$$",-5.40100000,ok,,flexible
"PEPTIDE1{Me_dA.meL.V.dL.meA.P.meL}$PEPTIDE1,PEPTIDE1,1:R1-7:R2$$$",-5.64100000,ok,,flexible
"PEPTIDE1{Me_Bal.dL.Me_dA.Ser(tBu).F.T.L}$PEPTIDE1,PEPTIDE1,1:R1-7:R2$$$",-5.24800000,ok,,flexible
"PEPTIDE1{Pr_Gly.L.L.meF.T.meL.dL}$PEPTIDE1,PEPTIDE1,1:R1-7:R2$$$",-5.45700000,ok,,flexible
"PEPTIDE1{P.meA.L.Me_dL.meL.T.meV}$PEPTIDE1,PEPTIDE1,1:R1-7:R2$$$",-5.32400000,ok,,flexible
"PEPTIDE1{dA.meL.A.meL.dL.L.Me_dL}$PEPTIDE1,PEPTIDE1,1:R1-7:R2$$$",-5.30700000,ok,,flexible
"PEPTIDE1{dF.dP.meL.T.meA.L.F}$PEPTIDE1,PEPTIDE1,1:R1-7:R2$$$",-6.42700000,ok,,flexible
"PEPTIDE1{L.P.T.I.dP.meL.meA}$PEPTIDE1,PEPTIDE1,1:R1-7:R2$$$",-6.04800000,ok,,flexible
"PEPTIDE1{meA.Ala(5-Tet).meL.meF.A.L.Aib}$PEPTIDE1,PEPTIDE1,1:R1-7:R2$$$",-6.01200000,ok,,flexible
"PEPTIDE1{A.dL.G.meA.L.T.Me_dL}$PEPTIDE1,PEPTIDE1,1:R1-7:R2$$$",-5.76400000,ok,,flexible
"PEPTIDE1{meA.meF.P.Me_dL.F.I.L}$PEPTIDE1,PEPTIDE1,1:R1-7:R2$$$",-6.04600000,ok,,flexible
"PEPTIDE1{Me_Bal.A.V.meL.L.Me_dL.I}$PEPTIDE1,PEPTIDE1,1:R1-7:R2$$$",-5.67700000,ok,,flexible
"PEPTIDE1{Me_Bal.L.dL.Me_Phe(3-Cl).T.F.meF}$PEPTIDE1,PEPTIDE1,1:R1-7:R2$$$",-6.04900000,ok,,flexible
"PEPTIDE1{dA.meL.I.Me_dL.A.meA.L}$PEPTIDE1,PEPTIDE1,1:R1-7:R2$$$",-5.45200000,ok,,flexible
"PEPTIDE1{Me_dA.Me_dL.meA.dP.G.I.L}$PEPTIDE1,PEPTIDE1,1:R1-7:R2$$$",-6.09500000,ok,,flexible
"PEPTIDE1{dA.P.meF.meA.A.L.Ser(tBu)}$PEPTIDE1,PEPTIDE1,1:R1-7:R2$$$",-5.67600000,ok,,flexible
"PEPTIDE1{Pr_Gly.A.L.V.I.dL.meV}$PEPTIDE1,PEPTIDE1,1:R1-7:R2$$$",-4.98600000,ok,,flexible
"PEPTIDE1{Me_dA.L.Me_dL.meF.meL.dL.meA}$PEPTIDE1,PEPTIDE1,1:R1-7:R2$$$",-5.73800000,ok,,flexible
"PEPTIDE1{meA.meF.G.T.A.Ser(tBu).meL}$PEPTIDE1,PEPTIDE1,1:R1-7:R2$$$",-6.63800000,ok,,flexible
"PEPTIDE1{F.A.L.dL.Mono78.L.meF}$PEPTIDE1,PEPTIDE1,1:R1-7:R2$$$",-5.46900000,ok,,flexible
"PEPTIDE1{A.meL.L.F.V.Sar.meV}$PEPTIDE1,PEPTIDE1,1:R1-7:R2$$$",-6.15300000,ok,,flexible
"PEPTIDE1{dA.dP.T.T.meA.P.meL}$PEPTIDE1,PEPTIDE1,1:R1-7:R2$$$",-6.15400000,ok,,flexible
"PEPTIDE1{Mono6.L.F.meL.Me_dL.meA.I}$PEPTIDE1,PEPTIDE1,1:R1-7:R2$$$",-5.66600000,ok,,flexible
"PEPTIDE1{dF.meL.dL.F.A.dP.L}$PEPTIDE1,PEPTIDE1,1:R1-7:R2$$$",-6.46600000,ok,,flexible
"PEPTIDE1{A.pentyl_Gly.L.I.P.meA.meL}$PEPTIDE1,PEPTIDE1,1:R1-7:R2$$$",-5.61800000,ok,,flexible
"PEPTIDE1{meA.meF.A.L.I.F.T}$PEPTIDE1,PEPTIDE1,1:R1-7:R2$$$",-6.29100000,ok,,flexible
"PEPTIDE1{dA.G.meL.meF.A.L.meA}$PEPTIDE1,PEPTIDE1,1:R1-7:R2$$$",-6.85300000,ok,,flexible
"PEPTIDE1{A.P.Me_dL.L.Me_dA.meA.meL}$PEPTIDE1,PEPTIDE1,1:R1-7:R2$$$",-5.95400000,ok,,flexible
"PEPTIDE1{Me_dA.meA.meL.V.F.dL.Me_dL}$PEPTIDE1,PEPTIDE1,1:R1-7:R2$$$",-5.56500000,ok,,flexible
"PEPTIDE1{dA.meA.V.Ser(tBu).meL.T.dL}$PEPTIDE1,PEPTIDE1,1:R1-7:R2$$$",-6.17100000,ok,,flexible
"PEPTIDE1{Me_Bal.Me_dL.meL.meL.meA.L.T}$PEPTIDE1,PEPTIDE1,1:R1-7:R2$$$",-5.41300000,ok,,flexible
"PEPTIDE1{A.T.Aoc(2).meA.meS.dA.meL}$PEPTIDE1,PEPTIDE1,1:R1-7:R2$$$",-5.95900000,ok,,flexible
"PEPTIDE1{Me_Bal.T.F.V.meL.Me_dL.L}$PEPTIDE1,PEPTIDE1,1:R1-7:R2$$$",-5.41800000,ok,,flexible
"PEPTIDE1{Me_Bal.V.F.meA.Ser(tBu).I.L}$PEPTIDE1,PEPTIDE1,1:R1-7:R2$$$",-5.05300000,ok,,flexible
"PEPTIDE1{Me_dA.T.P.meA.Me_dL.L.dA}$PEPTIDE1,PEPTIDE1,1:R1-7:R2$$$",-6.20300000,ok,,flexible
"PEPTIDE1{Me_dA.F.Me_dL.T.A.V.Me_dL}$PEPTIDE1,PEPTIDE1,1:R1-7:R2$$$",-5.44300000,ok,,flexible
"PEPTIDE1{Me_dA.F.Me_dL.meL.meL.Ser(tBu).T}$PEPTIDE1,PEPTIDE1,1:R1-7:R2$$$",-5.19600000,ok,,flexible
"PEPTIDE1{meL.D.meA.meF.Ser(tBu).L.dL}$PEPTIDE1,PEPTIDE1,1:R1-7:R2$$$",-5.96000000,ok,,flexible
"PEPTIDE1{dF.L.Sar.meA.Me_dL.Me_Phe(3-Cl).meF}$PEPTIDE1,PEPTIDE1,1:R1-7:R2$$$",-5.64700000,ok,,flexible
"PEPTIDE1{meA.meL.Me_dA.Pr_Gly.T.P.L}$PEPTIDE1,PEPTIDE1,1:R1-7:R2$$$",-5.49100000,ok,,flexible
"PEPTIDE1{dA.Me_dA.Me_Phe(3-Cl).Pr_Gly.V.dL.Me_dL}$PEPTIDE1,PEPTIDE1,1:R1-7:R2$$$",-6.44600000,ok,,flexible
"PEPTIDE1{dA.F.P.meA.L.T.dL}$PEPTIDE1,PEPTIDE1,1:R1-7:R2$$$",-6.21500000,ok,,flexible
"PEPTIDE1{F.V.I.meA.Me_dL.dL.meL}$PEPTIDE1,PEPTIDE1,1:R1-7:R2$$$",-5.36600000,ok,,flexible
"PEPTIDE1{dV.meL.L.T.I.dL.meF}$PEPTIDE1,PEPTIDE1,1:R1-7:R2$$$",-5.54900000,ok,,flexible
"PEPTIDE1{meA.A.meF.meL.T.V.F}$PEPTIDE1,PEPTIDE1,1:R1-7:R2$$$",-6.49300000,ok,,flexible
"PEPTIDE1{Me_dA.A.Me_dL.dL.Ser(tBu).T.meL}$PEPTIDE1,PEPTIDE1,1:R1-7:R2$$$",-5.80900000,ok,,flexible
"PEPTIDE1{Me_Bal.meL.A.Ser(tBu).L.P.I}$PEPTIDE1,PEPTIDE1,1:R1-7:R2$$$",-6.06200000,ok,,flexible
"PEPTIDE1{Me_Bal.dA.meA.A.V.T.I}$PEPTIDE1,PEPTIDE1,1:R1-7:R2$$$",-5.81200000,ok,,flexible
"PEPTIDE1{meA.F.meL.Ser(tBu).T.T.Me_dL}$PEPTIDE1,PEPTIDE1,1:R1-7:R2$$$",-5.50400000,ok,,flexible
"PEPTIDE1{dV.meL.meA.A.V.dL.L}$PEPTIDE1,PEPTIDE1,1:R1-7:R2$$$",-5.59200000,ok,,flexible
"PEPTIDE1{meA.T.Me_dL.dL.Me_dA.I.L}$PEPTIDE1,PEPTIDE1,1:R1-7:R2$$$",-5.30900000,ok,,flexible
"PEPTIDE1{A.T.meA.meL.G.meL.Me_dL}$PEPTIDE1,PEPTIDE1,1:R1-7:R2$$$",-6.06400000,ok,,flexible
"PEPTIDE1{dV.Abu.meF.F.Aoc(2).I.L}$PEPTIDE1,PEPTIDE1,1:R1-7:R2$$$",-5.00600000,ok,,flexible
"PEPTIDE1{dP.L.Me_dA.F.Ser(tBu).meL.T}$PEPTIDE1,PEPTIDE1,1:R1-7:R2$$$",-5.99700000,ok,,flexible
"PEPTIDE1{dA.meL.Me_dL.A.meA.meF.meV}$PEPTIDE1,PEPTIDE1,1:R1-7:R2$$$",-5.93900000,ok,,flexible
"PEPTIDE1{dP.A.F.Ser(tBu).V.meF.meA}$PEPTIDE1,PEPTIDE1,1:R1-7:R2$$$",-5.97000000,ok,,flexible
"PEPTIDE1{dV.Me_dL.V.meL.I.L.A}$PEPTIDE1,PEPTIDE1,1:R1-7:R2$$$",-5.76700000,ok,,flexible
"PEPTIDE1{A.meL.T.L.meF.T.dL}$PEPTIDE1,PEPTIDE1,1:R1-7:R2$$$",-5.79600000,ok,,flexible
"PEPTIDE1{A.L.meA.meL.Abu.Aoc(2).T}$PEPTIDE1,PEPTIDE1,1:R1-7:R2$$$",-5.62600000,ok,,flexible
"PEPTIDE1{P.Pr_Gly.meA.T.F.L.L}$PEPTIDE1,PEPTIDE1,1:R1-7:R2$$$",-5.65000000,ok,,flexible
"PEPTIDE1{L.meF.F.pentyl_Gly.I.T.V}$PEPTIDE1,PEPTIDE1,1:R1-7:R2$$$",-5.42600000,ok,,flexible
"PEPTIDE1{dV.Me_dL.meL.meF.F.meS.L}$PEPTIDE1,PEPTIDE1,1:R1-7:R2$$$",-5.35500000,ok,,flexible
"PEPTIDE1{Me_dA.F.meV.dL.Sar.meL.meF}$PEPTIDE1,PEPTIDE1,1:R1-7:R2$$$",-6.49600000,ok,,flexible
"PEPTIDE1{P.Pr_Gly.meA.Me_dL.F.Me_dL.Ser(tBu)}$PEPTIDE1,PEPTIDE1,1:R1-7:R2$$$",-6.02600000,ok,,flexible
"PEPTIDE1{Me_dA.meF.T.meL.P.L.V}$PEPTIDE1,PEPTIDE1,1:R1-7:R2$$$",-6.24500000,ok,,flexible
"PEPTIDE1{dV.Ser(tBu).T.T.dA.meI.F}$PEPTIDE1,PEPTIDE1,1:R1-7:R2$$$",-5.64200000,ok,,flexible
"PEPTIDE1{Pr_Gly.V.T.dP.meA.P.Bn_Gly}$PEPTIDE1,PEPTIDE1,1:R1-7:R2$$$",-6.55100000,ok,,flexible
"PEPTIDE1{Me_dA.L.meA.meL.dL.T.F}$PEPTIDE1,PEPTIDE1,1:R1-7:R2$$$",-5.86500000,ok,,flexible
"PEPTIDE1{dA.T.meA.A.V.meV.meL}$PEPTIDE1,PEPTIDE1,1:R1-7:R2$$$",-6.09900000,ok,,flexible
"PEPTIDE1{dV.A.meL.L.I.L.dL}$PEPTIDE1,PEPTIDE1,1:R1-7:R2$$$",-5.36600000,ok,,flexible
"PEPTIDE1{A.meL.meF.meV.L.meL.V}$PEPTIDE1,PEPTIDE1,1:R1-7:R2$$$",-5.62700000,ok,,flexible
"PEPTIDE1{Me_Bal.F.L.meL.dL.T.meA}$PEPTIDE1,PEPTIDE1,1:R1-7:R2$$$",-6.07800000,ok,,flexible
"PEPTIDE1{A.Aoc(2).meL.L.Abu.Ala(5-Tet).Me_dA}$PEPTIDE1,PEPTIDE1,1:R1-7:R2$$$",-5.63700000,ok,,flexible
"PEPTIDE1{meA.P.L.T.dL.dA.I}$PEPTIDE1,PEPTIDE1,1:R1-7:R2$$$",-6.07700000,ok,,flexible
"PEPTIDE1{meA.meL.V.L.T.meL.T}$PEPTIDE1,PEPTIDE1,1:R1-7:R2$$$",-5.78600000,ok,,flexible
"PEPTIDE1{A.P.Me_dA.L.dL.Me_Phe(3-Cl).Ser(tBu)}$PEPTIDE1,PEPTIDE1,1:R1-7:R2$$$",-5.62500000,ok,,flexible
"PEPTIDE1{Me_dA.meL.T.meA.F.Me_dL.meF}$PEPTIDE1,PEPTIDE1,1:R1-7:R2$$$",-5.65300000,ok,,flexible
"PEPTIDE1{dA.meL.Me_Phe(3-Cl).P.T.meL.L}$PEPTIDE1,PEPTIDE1,1:R1-7:R2$$$",-6.32300000,ok,,flexible
"PEPTIDE1{Me_dA.A.meA.meF.meL.dL.P}$PEPTIDE1,PEPTIDE1,1:R1-7:R2$$$",-6.50000000,ok,,flexible
"PEPTIDE1{meA.I.L.T.L.V.Sar}$PEPTIDE1,PEPTIDE1,1:R1-7:R2$$$",-5.60400000,ok,,flexible
"PEPTIDE1{meA.L.A.T.meL.dL.meF}$PEPTIDE1,PEPTIDE1,1:R1-7:R2$$$",-6.14800000,ok,,flexible
"PEPTIDE1{dA.meA.Me_dL.T.meL.I.dP}$PEPTIDE1,PEPTIDE1,1:R1-7:R2$$$",-5.99400000,ok,,flexible
"PEPTIDE1{Mono6.P.meL.Ala(5-Tet).Abu.Me_dL.T}$PEPTIDE1,PEPTIDE1,1:R1-7:R2$$$",-6.07800000,ok,,flexible
"PEPTIDE1{Me_dA.Me_dL.meA.meL.meF.dV.A}$PEPTIDE1,PEPTIDE1,1:R1-7:R2$$$",-5.51000000,ok,,flexible
"PEPTIDE1{meL.3Pal.L.Ser(tBu).I.T.A}$PEPTIDE1,PEPTIDE1,1:R1-7:R2$$$",-5.62000000,ok,,flexible
"PEPTIDE1{Sar.F.dL.T.meL.Me_dL.A}$PEPTIDE1,PEPTIDE1,1:R1-7:R2$$$",-5.26600000,ok,,flexible
"PEPTIDE1{meA.Me_dL.L.dP.Sar.meV.Bn_Gly}$PEPTIDE1,PEPTIDE1,1:R1-7:R2$$$",-6.15500000,ok,,flexible
"PEPTIDE1{Me_dL.L.meL.meF.Abu.Sar.Aoc(2)}$PEPTIDE1,PEPTIDE1,1:R1-7:R2$$$",-5.38800000,ok,,flexible
"PEPTIDE1{L.F.Me_dL.L.T.Me_Phe(3-Cl).V}$PEPTIDE1,PEPTIDE1,1:R1-7:R2$$$",-5.73100000,ok,,flexible
"PEPTIDE1{Pr_Gly.meL.Me_dL.V.F.meF.T}$PEPTIDE1,PEPTIDE1,1:R1-7:R2$$$",-5.63400000,ok,,flexible
"PEPTIDE1{A.I.I.T.T.meA.Ser(tBu)}$PEPTIDE1,PEPTIDE1,1:R1-7:R2$$$",-5.61200000,ok,,flexible
"PEPTIDE1{meA.meL.L.A.meS.Aoc(2).meL}$PEPTIDE1,PEPTIDE1,1:R1-7:R2$$$",-5.24100000,ok,,flexible
"PEPTIDE1{Me_dA.G.Me_Phe(3-Cl).meA.V.Ser(tBu).dL}$PEPTIDE1,PEPTIDE1,1:R1-7:R2$$$",-5.62800000,ok,,flexible
"PEPTIDE1{L.meL.Aoc(2).A.V.T.meA}$PEPTIDE1,PEPTIDE1,1:R1-7:R2$$$",-5.23500000,ok,,flexible
"PEPTIDE1{dA.dL.V.meL.L.meV.Me_dL}$PEPTIDE1,PEPTIDE1,1:R1-7:R2$$$",-5.92600000,ok,,flexible
"PEPTIDE1{Me_dA.meS.L.A.meL.L.Abu}$PEPTIDE1,PEPTIDE1,1:R1-7:R2$$$",-5.64500000,ok,,flexible
"PEPTIDE1{dA.Sar.T.F.T.L.Me_dL}$PEPTIDE1,PEPTIDE1,1:R1-7:R2$$$",-6.11300000,ok,,flexible
"PEPTIDE1{Me_dA.cHexCH2_Gly.dL.T.meA.meL.meF}$PEPTIDE1,PEPTIDE1,1:R1-7:R2$$$",-6.07300000,ok,,flexible
"PEPTIDE1{Sar.dP.Me_dL.L.meA.F.P}$PEPTIDE1,PEPTIDE1,1:R1-7:R2$$$",-6.15200000,ok,,flexible
"PEPTIDE1{Me_Bal.A.T.meL.Me_dL.dV.meA}$PEPTIDE1,PEPTIDE1,1:R1-7:R2$$$",-5.67800000,ok,,flexible
"PEPTIDE1{dV.meS.meF.dP.V.L.T}$PEPTIDE1,PEPTIDE1,1:R1-7:R2$$$",-5.88100000,ok,,flexible
"PEPTIDE1{P.meA.dL.L.Me_Phe(3-Cl).F.A}$PEPTIDE1,PEPTIDE1,1:R1-7:R2$$$",-6.57700000,ok,,flexible
"PEPTIDE1{F.dP.Ser(tBu).T.meA.dL.L}$PEPTIDE1,PEPTIDE1,1:R1-7:R2$$$",-5.23500000,ok,,flexible
"PEPTIDE1{A.V.Sar.Me_dL.meA.I.T}$PEPTIDE1,PEPTIDE1,1:R1-7:R2$$$",-6.02600000,ok,,flexible
"PEPTIDE1{Me_dA.pentyl_Gly.Mono38.L.dL.meL.L}$PEPTIDE1,PEPTIDE1,1:R1-7:R2$$$",-5.47600000,ok,,flexible
"PEPTIDE1{A.dA.Bn_Gly.V.meA.Me_dL.meL}$PEPTIDE1,PEPTIDE1,1:R1-7:R2$$$",-5.92400000,ok,,flexible
"PEPTIDE1{Me_Bal.meA.V.L.Me_dA.Me_dL.dL}$PEPTIDE1,PEPTIDE1,1:R1-7:R2$$$",-5.35800000,ok,,flexible
"PEPTIDE1{A.T.Me_dL.meA.G.T.V}$PEPTIDE1,PEPTIDE1,1:R1-7:R2$$$",-5.98200000,ok,,flexible
"PEPTIDE1{dV.dP.Me_dL.F.Me_dA.meL.T}$PEPTIDE1,PEPTIDE1,1:R1-7:R2$$$",-6.48800000,ok,,flexible
"PEPTIDE1{Me_Bal.dP.G.L.meL.Me_dL.I}$PEPTIDE1,PEPTIDE1,1:R1-7:R2$$$",-5.97400000,ok,,flexible
"PEPTIDE1{meL.L.L.A.P.meF.Me_dL}$PEPTIDE1,PEPTIDE1,1:R1-7:R2$$$",-5.28900000,ok,,flexible
"PEPTIDE1{dV.P.meA.Me_dL.F.Me_dA.F}$PEPTIDE1,PEPTIDE1,1:R1-7:R2$$$",-6.05000000,ok,,flexible
"PEPTIDE1{meA.I.L.dL.P.A.T}$PEPTIDE1,PEPTIDE1,1:R1-7:R2$$$",-6.55100000,ok,,flexible
"PEPTIDE1{A.L.meL.Me_dL.T.G.pentyl_Gly}$PEPTIDE1,PEPTIDE1,1:R1-7:R2$$$",-5.19800000,ok,,flexible
"PEPTIDE1{Me_dA.meL.T.L.V.dL.meA}$PEPTIDE1,PEPTIDE1,1:R1-7:R2$$$",-5.90600000,ok,,flexible
"PEPTIDE1{meA.dL.meL.Abu.T.A.Me_dL}$PEPTIDE1,PEPTIDE1,1:R1-7:R2$$$",-5.62700000,ok,,flexible
"PEPTIDE1{dV.dP.A.meS.Me_dL.L.T}$PEPTIDE1,PEPTIDE1,1:R1-7:R2$$$",-5.70100000,ok,,flexible
"PEPTIDE1{Mono6.meL.T.Bn_Gly.Me_dA.T.L}$PEPTIDE1,PEPTIDE1,1:R1-7:R2$$$",-6.33700000,ok,,flexible
"PEPTIDE1{P.Pr_Gly.A.Me_dL.meF.I.Ser(tBu)}$PEPTIDE1,PEPTIDE1,1:R1-7:R2$$$",-5.49300000,ok,,flexible
"PEPTIDE1{Me_dA.meA.F.V.meF.dL.meL}$PEPTIDE1,PEPTIDE1,1:R1-7:R2$$$",-6.22000000,ok,,flexible
"PEPTIDE1{meA.meF.meS.Ala(5-Tet).A.Me_dA.Aoc(2)}$PEPTIDE1,PEPTIDE1,1:R1-7:R2$$$",-6.12000000,ok,,flexible
"PEPTIDE1{dF.meA.meL.V.meF.F.meV}$PEPTIDE1,PEPTIDE1,1:R1-7:R2$$$",-5.63100000,ok,,flexible
"PEPTIDE1{L.meL.P.Me_dL.pentyl_Gly.meA.meL}$PEPTIDE1,PEPTIDE1,1:R1-7:R2$$$",-5.08000000,ok,,flexible
"PEPTIDE1{dF.dL.T.A.meA.L.meF}$PEPTIDE1,PEPTIDE1,1:R1-7:R2$$$",-6.17600000,ok,,flexible
"PEPTIDE1{meA.pentyl_Gly.I.T.Ser(tBu).V.meF}$PEPTIDE1,PEPTIDE1,1:R1-7:R2$$$",-5.25000000,ok,,flexible
"PEPTIDE1{dA.F.meL.G.V.A.L}$PEPTIDE1,PEPTIDE1,1:R1-7:R2$$$",-6.82400000,ok,,flexible
"PEPTIDE1{Mono6.meF.A.meL.Me_dA.Ala(5-Tet).Sar}$PEPTIDE1,PEPTIDE1,1:R1-7:R2$$$",-7.07800000,ok,,flexible
"PEPTIDE1{dV.T.meS.L.Ala(5-Tet).Abu.V}$PEPTIDE1,PEPTIDE1,1:R1-7:R2$$$",-5.47900000,ok,,flexible
"PEPTIDE1{dV.A.T.F.meL.T.dL}$PEPTIDE1,PEPTIDE1,1:R1-7:R2$$$",-5.30300000,ok,,flexible
"PEPTIDE1{dV.G.Ser(tBu).meL.V.dF.meA}$PEPTIDE1,PEPTIDE1,1:R1-7:R2$$$",-5.72200000,ok,,flexible
"PEPTIDE1{dF.F.T.A.L.P.I}$PEPTIDE1,PEPTIDE1,1:R1-7:R2$$$",-5.99100000,ok,,flexible
"PEPTIDE1{P.A.dL.Ser(tBu).meL.Bn_Gly.meL}$PEPTIDE1,PEPTIDE1,1:R1-7:R2$$$",-5.10000000,ok,,flexible
"PEPTIDE1{meA.meL.meF.P.T.V.T}$PEPTIDE1,PEPTIDE1,1:R1-7:R2$$$",-5.68300000,ok,,flexible
"PEPTIDE1{meA.Me_dL.meV.F.T.L.Me_dA}$PEPTIDE1,PEPTIDE1,1:R1-7:R2$$$",-6.10600000,ok,,flexible
"PEPTIDE1{dP.meA.L.meS.meL.meS.Abu}$PEPTIDE1,PEPTIDE1,1:R1-7:R2$$$",-5.35300000,ok,,flexible
"PEPTIDE1{F.Mono38.L.meL.meA.meF.P}$PEPTIDE1,PEPTIDE1,1:R1-7:R2$$$",-6.20400000,ok,,flexible
"PEPTIDE1{dA.meL.L.dL.V.I.A}$PEPTIDE1,PEPTIDE1,1:R1-7:R2$$$",-4.83400000,ok,,flexible
"PEPTIDE1{Me_Bal.Ser(tBu).T.dL.meA.meF.A}$PEPTIDE1,PEPTIDE1,1:R1-7:R2$$$",-5.93000000,ok,,flexible
"PEPTIDE1{Mono6.dL.meF.meS.L.I.Abu}$PEPTIDE1,PEPTIDE1,1:R1-7:R2$$$",-6.49100000,ok,,flexible
"PEPTIDE1{Me_dA.F.meL.L.L.meS.Ser(tBu)}$PEPTIDE1,PEPTIDE1,1:R1-7:R2$$$",-5.80500000,ok,,flexible
"PEPTIDE1{Me_Bal.meL.L.Ser(tBu).P.dP.dL}$PEPTIDE1,PEPTIDE1,1:R1-7:R2$$$",-5.42500000,ok,,flexible
"PEPTIDE1{A.L.P.F.dL.T.V}$PEPTIDE1,PEPTIDE1,1:R1-7:R2$$$",-6.52400000,ok,,flexible
"PEPTIDE1{Sar.F.L.A.T.I.meA}$PEPTIDE1,PEPTIDE1,1:R1-7:R2$$$",-5.56700000,ok,,flexible
"PEPTIDE1{Pr_Gly.F.L.A.Et_Gly.I.dL}$PEPTIDE1,PEPTIDE1,1:R1-7:R2$$$",-6.33400000,ok,,flexible
"PEPTIDE1{meL.L.I.Ala(5-Tet).P.A.Abu}$PEPTIDE1,PEPTIDE1,1:R1-7:R2$$$",-5.76000000,ok,,flexible
"PEPTIDE1{dA.A.T.Sar.T.dL.I}$PEPTIDE1,PEPTIDE1,1:R1-7:R2$$$",-6.04000000,ok,,flexible
"PEPTIDE1{Pr_Gly.meL.P.meA.Me_dA.Me_dL.dL}$PEPTIDE1,PEPTIDE1,1:R1-7:R2$$$",-5.76000000,ok,,flexible
"PEPTIDE1{Me_Bal.T.F.V.Me_dL.A.L}$PEPTIDE1,PEPTIDE1,1:R1-7:R2$$$",-6.17800000,ok,,flexible
"PEPTIDE1{dV.pentyl_Gly.P.T.L.F.L}$PEPTIDE1,PEPTIDE1,1:R1-7:R2$$$",-5.41900000,ok,,flexible
"PEPTIDE1{Me_dA.F.meA.dL.T.meL.Me_Phe(3-Cl)}$PEPTIDE1,PEPTIDE1,1:R1-7:R2$$$",-5.78600000,ok,,flexible
"PEPTIDE1{dF.T.meA.F.meF.A.dL}$PEPTIDE1,PEPTIDE1,1:R1-7:R2$$$",-6.25000000,ok,,flexible
"PEPTIDE1{Me_dA.meA.L.L.I.Ser(tBu).F}$PEPTIDE1,PEPTIDE1,1:R1-7:R2$$$",-5.78100000,ok,,flexible
"PEPTIDE1{Pr_Gly.L.Ser(tBu).meA.I.Me_dL.dL}$PEPTIDE1,PEPTIDE1,1:R1-7:R2$$$",-5.34300000,ok,,flexible
"PEPTIDE1{Pr_Gly.A.T.T.dL.dF.meA}$PEPTIDE1,PEPTIDE1,1:R1-7:R2$$$",-5.62900000,ok,,flexible
"PEPTIDE1{meA.T.Aoc(2).L.A.T.meF}$PEPTIDE1,PEPTIDE1,1:R1-7:R2$$$",-6.00500000,ok,,flexible
"PEPTIDE1{Pr_Gly.meL.A.dP.meA.dL.3Pal}$PEPTIDE1,PEPTIDE1,1:R1-7:R2$$$",-6.17100000,ok,,flexible
"PEPTIDE1{meL.meS.meL.L.dL.Abu.F}$PEPTIDE1,PEPTIDE1,1:R1-7:R2$$$",-5.67200000,ok,,flexible
"PEPTIDE1{meL.A.dA.meF.Me_dL.meA.L}$PEPTIDE1,PEPTIDE1,1:R1-7:R2$$$",-5.63200000,ok,,flexible
"PEPTIDE1{dA.meA.meL.L.A.T.L}$PEPTIDE1,PEPTIDE1,1:R1-7:R2$$$",-6.12200000,ok,,flexible
"PEPTIDE1{dA.meA.T.Me_dL.meL.V.F}$PEPTIDE1,PEPTIDE1,1:R1-7:R2$$$",-5.43100000,ok,,flexible
"PEPTIDE1{Me_Bal.F.L.I.P.Sar.T}$PEPTIDE1,PEPTIDE1,1:R1-7:R2$$$",-5.87100000,ok,,flexible
"PEPTIDE1{A.meA.F.I.meL.L.meF}$PEPTIDE1,PEPTIDE1,1:R1-7:R2$$$",-6.13800000,ok,,flexible
"PEPTIDE1{Me_dA.Mono38.Bn_Gly.L.I.Ser(tBu).meA}$PEPTIDE1,PEPTIDE1,1:R1-7:R2$$$",-5.66200000,ok,,flexible
"PEPTIDE1{dV.meA.meV.meL.A.V.Me_dL}$PEPTIDE1,PEPTIDE1,1:R1-7:R2$$$",-6.02800000,ok,,flexible
"PEPTIDE1{meA.P.F.V.meF.dL.Me_dL}$PEPTIDE1,PEPTIDE1,1:R1-7:R2$$$",-6.33400000,ok,,flexible
"PEPTIDE1{meA.meL.L.meF.dL.I.F}$PEPTIDE1,PEPTIDE1,1:R1-7:R2$$$",-5.58000000,ok,,flexible
"PEPTIDE1{Me_dA.meL.Me_dL.P.meA.meY.V}$PEPTIDE1,PEPTIDE1,1:R1-7:R2$$$",-6.25800000,ok,,flexible
"PEPTIDE1{Pr_Gly.L.Abu.Aoc(2).A.T.Ser(tBu)}$PEPTIDE1,PEPTIDE1,1:R1-7:R2$$$",-4.54700000,ok,,flexible
"PEPTIDE1{Me_Bal.cHexCH2_Gly.dL.meA.T.L.F}$PEPTIDE1,PEPTIDE1,1:R1-7:R2$$$",-6.40900000,ok,,flexible
"PEPTIDE1{dV.meL.Me_dL.I.V.L.T}$PEPTIDE1,PEPTIDE1,1:R1-7:R2$$$",-5.28100000,ok,,flexible
"PEPTIDE1{Me_Bal.T.Me_dL.meL.I.meV.meA}$PEPTIDE1,PEPTIDE1,1:R1-7:R2$$$",-5.50500000,ok,,flexible
"PEPTIDE1{L.dL.T.meF.Bn_Gly.meL.Sar}$PEPTIDE1,PEPTIDE1,1:R1-7:R2$$$",-5.62100000,ok,,flexible
"PEPTIDE1{Me_Bal.T.dL.Me_dL.meL.F.meL}$PEPTIDE1,PEPTIDE1,1:R1-7:R2$$$",-4.97100000,ok,,flexible
"PEPTIDE1{dV.meF.A.3Pal.Aoc(2).T.meL}$PEPTIDE1,PEPTIDE1,1:R1-7:R2$$$",-5.03200000,ok,,flexible
"PEPTIDE1{Mono6.meF.A.L.I.dL.meA}$PEPTIDE1,PEPTIDE1,1:R1-7:R2$$$",-6.81700000,ok,,flexible
"PEPTIDE1{dF.meL.meA.dL.T.Ser(tBu).I}$PEPTIDE1,PEPTIDE1,1:R1-7:R2$$$",-5.66500000,ok,,flexible
"PEPTIDE1{F.A.Aoc(2).Sar.meA.meL.I}$PEPTIDE1,PEPTIDE1,1:R1-7:R2$$$",-6.38600000,ok,,flexible
"PEPTIDE1{Sar.T.Me_dL.Ser(tBu).meA.meA.meL}$PEPTIDE1,PEPTIDE1,1:R1-7:R2$$$",-5.24000000,ok,,flexible
"PEPTIDE1{Pr_Gly.meF.I.meA.meL.dL.meV}$PEPTIDE1,PEPTIDE1,1:R1-7:R2$$$",-5.79700000,ok,,flexible
"PEPTIDE1{meL.Abu.Ala(5-Tet).meF.dV.L.meL}$PEPTIDE1,PEPTIDE1,1:R1-7:R2$$$",-5.72400000,ok,,flexible
"PEPTIDE1{Me_dA.A.F.meL.T.V.G}$PEPTIDE1,PEPTIDE1,1:R1-7:R2$$$",-6.44700000,ok,,flexible
"PEPTIDE1{dV.F.meL.A.Ser(tBu).L.Sar}$PEPTIDE1,PEPTIDE1,1:R1-7:R2$$$",-5.28300000,ok,,flexible
"PEPTIDE1{Pr_Gly.meL.meA.P.L.I.A}$PEPTIDE1,PEPTIDE1,1:R1-7:R2$$$",-5.34600000,ok,,flexible
"PEPTIDE1{dV.Aoc(2).Me_dL.meL.A.T.Ala(5-Tet)}$PEPTIDE1,PEPTIDE1,1:R1-7:R2$$$",-5.40200000,ok,,flexible
"PEPTIDE1{meL.dP.meA.P.meL.F.T}$PEPTIDE1,PEPTIDE1,1:R1-7:R2$$$",-6.27800000,ok,,flexible
"PEPTIDE1{dA.Me_dA.meL.meA.A.V.T}$PEPTIDE1,PEPTIDE1,1:R1-7:R2$$$",-6.88100000,ok,,flexible
"PEPTIDE1{A.dP.dF.P.dL.meA.F}$PEPTIDE1,PEPTIDE1,1:R1-7:R2$$$",-6.66900000,ok,,flexible
"PEPTIDE1{dF.Aoc(2).F.meS.meS.A.L}$PEPTIDE1,PEPTIDE1,1:R1-7:R2$$$",-5.82300000,ok,,flexible
"PEPTIDE1{Me_Bal.G.V.meF.L.I.T}$PEPTIDE1,PEPTIDE1,1:R1-7:R2$$$",-6.79800000,ok,,flexible
"PEPTIDE1{meA.meL.meF.G.A.I.L}$PEPTIDE1,PEPTIDE1,1:R1-7:R2$$$",-6.65700000,ok,,flexible
"PEPTIDE1{dP.meF.F.P.meA.meL.T}$PEPTIDE1,PEPTIDE1,1:R1-7:R2$$$",-6.45200000,ok,,flexible
"PEPTIDE1{Me_dA.dA.meF.meL.Me_dL.L.A}$PEPTIDE1,PEPTIDE1,1:R1-7:R2$$$",-6.42100000,ok,,flexible
"PEPTIDE1{Me_dA.I.A.dL.Me_Phe(3-Cl).Sar.Ser(tBu)}$PEPTIDE1,PEPTIDE1,1:R1-7:R2$$$",-5.90700000,ok,,flexible
"PEPTIDE1{dP.Pr_Gly.L.F.meV.meL.meA}$PEPTIDE1,PEPTIDE1,1:R1-7:R2$$$",-5.82900000,ok,,flexible
"PEPTIDE1{dV.T.A.meL.F.Sar.Bn_Gly}$PEPTIDE1,PEPTIDE1,1:R1-7:R2$$$",-6.30800000,ok,,flexible
"PEPTIDE1{dA.V.dP.meF.meL.dL.L}$PEPTIDE1,PEPTIDE1,1:R1-7:R2$$$",-5.85400000,ok,,flexible
"PEPTIDE1{dV.meL.dL.F.Ser(tBu).L.I}$PEPTIDE1,PEPTIDE1,1:R1-7:R2$$$",-4.80900000,ok,,flexible
"PEPTIDE1{F.Pr_Gly.F.Ser(tBu).T.dL.P}$PEPTIDE1,PEPTIDE1,1:R1-7:R2$$$",-5.74500000,ok,,flexible
"PEPTIDE1{dP.Pr_Gly.Ser(tBu).F.Me_dA.dL.L}$PEPTIDE1,PEPTIDE1,1:R1-7:R2$$$",-5.64900000,ok,,flexible
"PEPTIDE1{dV.meA.meF.A.dL.F.Me_dL}$PEPTIDE1,PEPTIDE1,1:R1-7:R2$$$",-5.94900000,ok,,flexible
"PEPTIDE1{meL.Aoc(2).meS.I.T.L.F}$PEPTIDE1,PEPTIDE1,1:R1-7:R2$$$",-5.23200000,ok,,flexible
"PEPTIDE1{dP.A.Me_dA.L.Me_dL.meA.meF}$PEPTIDE1,PEPTIDE1,1:R1-7:R2$$$",-5.95800000,ok,,flexible
"PEPTIDE1{Me_dA.T.meL.A.T.meA.V}$PEPTIDE1,PEPTIDE1,1:R1-7:R2$$$",-5.77300000,ok,,flexible
"PEPTIDE1{L.meL.P.meF.Me_dA.Me_dL.I}$PEPTIDE1,PEPTIDE1,1:R1-7:R2$$$",-6.02700000,ok,,flexible
"PEPTIDE1{Me_Bal.meF.I.V.Me_dL.dL.F}$PEPTIDE1,PEPTIDE1,1:R1-7:R2$$$",-6.09700000,ok,,flexible
"PEPTIDE1{L.meA.meF.A.T.meL.dL}$PEPTIDE1,PEPTIDE1,1:R1-7:R2$$$",-5.73700000,ok,,flexible
"PEPTIDE1{meL.L.meF.V.Me_dL.dL.meA}$PEPTIDE1,PEPTIDE1,1:R1-7:R2$$$",-5.62100000,ok,,flexible
"PEPTIDE1{dV.dP.meA.L.Me_dA.F.Ala(5-Tet)}$PEPTIDE1,PEPTIDE1,1:R1-7:R2$$$",-6.23500000,ok,,flexible
"PEPTIDE1{Me_Bal.F.L.Mono78.meL.meA.dL}$PEPTIDE1,PEPTIDE1,1:R1-7:R2$$$",-5.59800000,ok,,flexible
"PEPTIDE1{Me_Bal.pentyl_Gly.L.L.meA.Aoc(2).T}$PEPTIDE1,PEPTIDE1,1:R1-7:R2$$$",-5.07100000,ok,,flexible
"PEPTIDE1{dF.L.Ser(tBu).pentyl_Gly.T.L.meL}$PEPTIDE1,PEPTIDE1,1:R1-7:R2$$$",-4.69000000,ok,,flexible
"PEPTIDE1{Pr_Gly.L.meA.dL.T.F.Ser(tBu)}$PEPTIDE1,PEPTIDE1,1:R1-7:R2$$$",-5.64800000,ok,,flexible
"PEPTIDE1{Me_Bal.meA.T.dL.T.meL.Me_dL}$PEPTIDE1,PEPTIDE1,1:R1-7:R2$$$",-5.90200000,ok,,flexible
"PEPTIDE1{meF.meL.T.meA.Me_Phe(3-Cl).L.meI}$PEPTIDE1,PEPTIDE1,1:R1-7:R2$$$",-6.43800000,ok,,flexible
"PEPTIDE1{dF.F.A.L.meA.P.T}$PEPTIDE1,PEPTIDE1,1:R1-7:R2$$$",-6.49700000,ok,,flexible
"PEPTIDE1{dF.dL.L.P.L.T.meA}$PEPTIDE1,PEPTIDE1,1:R1-7:R2$$$",-6.21600000,ok,,flexible
"PEPTIDE1{dV.meS.Abu.A.meA.dL.L}$PEPTIDE1,PEPTIDE1,1:R1-7:R2$$$",-5.49300000,ok,,flexible
"PEPTIDE1{A.meA.I.meF.Me_dL.L.T}$PEPTIDE1,PEPTIDE1,1:R1-7:R2$$$",-6.00200000,ok,,flexible
"PEPTIDE1{Mono6.T.meS.meL.L.Ala(5-Tet).A}$PEPTIDE1,PEPTIDE1,1:R1-7:R2$$$",-5.64200000,ok,,flexible
"PEPTIDE1{L.Me_dL.meL.dL.T.meF.meI}$PEPTIDE1,PEPTIDE1,1:R1-7:R2$$$",-5.61700000,ok,,flexible
"PEPTIDE1{A.P.Me_dL.meL.T.F.G}$PEPTIDE1,PEPTIDE1,1:R1-7:R2$$$",-7.40000000,ok,,flexible
"PEPTIDE1{meL.A.T.meF.V.meA.dP}$PEPTIDE1,PEPTIDE1,1:R1-7:R2$$$",-6.36200000,ok,,flexible
"PEPTIDE1{meA.Pr_Gly.meL.Pr_Gly.L.G.meL}$PEPTIDE1,PEPTIDE1,1:R1-7:R2$$$",-5.27700000,ok,,flexible
"PEPTIDE1{Me_dA.L.meA.F.G.L.T}$PEPTIDE1,PEPTIDE1,1:R1-7:R2$$$",-5.55300000,ok,,flexible
"PEPTIDE1{Sar.A.Ser(tBu).L.meL.F.T}$PEPTIDE1,PEPTIDE1,1:R1-7:R2$$$",-6.14300000,ok,,flexible
"PEPTIDE1{L.Aoc(2).Me_dL.meL.T.A.I}$PEPTIDE1,PEPTIDE1,1:R1-7:R2$$$",-4.95000000,ok,,flexible
"PEPTIDE1{P.meA.Me_dA.A.Me_dL.Me_dL.meL}$PEPTIDE1,PEPTIDE1,1:R1-7:R2$$$",-5.87000000,ok,,flexible
"PEPTIDE1{meA.Pr_Gly.I.T.F.L.P}$PEPTIDE1,PEPTIDE1,1:R1-7:R2$$$",-6.00200000,ok,,flexible
"PEPTIDE1{Me_Bal.dPye.dL.F.Me_dL.I.P}$PEPTIDE1,PEPTIDE1,1:R1-7:R2$$$",-5.78000000,ok,,flexible
"PEPTIDE1{meA.meL.L.Me_dA.meF.A.Aoc(2)}$PEPTIDE1,PEPTIDE1,1:R1-7:R2$$$",-5.70400000,ok,,flexible
"PEPTIDE1{dF.cHexCH2_Gly.L.dL.A.P.meL}$PEPTIDE1,PEPTIDE1,1:R1-7:R2$$$",-6.14900000,ok,,flexible
"PEPTIDE1{Me_Bal.T.Me_dL.L.meV.meA.T}$PEPTIDE1,PEPTIDE1,1:R1-7:R2$$$",-5.45200000,ok,,flexible
"PEPTIDE1{Me_dA.dPye.V.I.L.T.A}$PEPTIDE1,PEPTIDE1,1:R1-7:R2$$$",-5.76000000,ok,,flexible
"PEPTIDE1{dV.Sar.T.meA.meF.dL.T}$PEPTIDE1,PEPTIDE1,1:R1-7:R2$$$",-5.79900000,ok,,flexible
"PEPTIDE1{L.Me_dA.meA.meL.T.meF.Bn_Gly}$PEPTIDE1,PEPTIDE1,1:R1-7:R2$$$",-6.58900000,ok,,flexible
"PEPTIDE1{L.A.T.dL.L.F.meF}$PEPTIDE1,PEPTIDE1,1:R1-7:R2$$$",-6.77000000,ok,,flexible
"PEPTIDE1{L.dP.T.Me_dL.Me_dA.P.T}$PEPTIDE1,PEPTIDE1,1:R1-7:R2$$$",-6.27500000,ok,,flexible
"PEPTIDE1{Me_dA.meS.P.F.T.meL.Me_dL}$PEPTIDE1,PEPTIDE1,1:R1-7:R2$$$",-6.11900000,ok,,flexible
"PEPTIDE1{Sar.V.meF.F.T.meV.meL}$PEPTIDE1,PEPTIDE1,1:R1-7:R2$$$",-5.35200000,ok,,flexible
"PEPTIDE1{Me_dA.Me_dL.V.L.meA.meL.F}$PEPTIDE1,PEPTIDE1,1:R1-7:R2$$$",-5.81000000,ok,,flexible
"PEPTIDE1{meL.Sar.F.meA.P.I.T}$PEPTIDE1,PEPTIDE1,1:R1-7:R2$$$",-6.14600000,ok,,flexible
"PEPTIDE1{dF.Me_dL.L.meS.A.dP.meF}$PEPTIDE1,PEPTIDE1,1:R1-7:R2$$$",-5.60100000,ok,,flexible
"PEPTIDE1{Me_dA.meA.meF.Me_dL.A.L.I}$PEPTIDE1,PEPTIDE1,1:R1-7:R2$$$",-5.63400000,ok,,flexible
"PEPTIDE1{meL.T.Abu.meA.meS.L.Me_dL}$PEPTIDE1,PEPTIDE1,1:R1-7:R2$$$",-5.14200000,ok,,flexible
"PEPTIDE1{F.Bn_Gly.dL.pentyl_Gly.meA.L.meL}$PEPTIDE1,PEPTIDE1,1:R1-7:R2$$$",-5.35300000,ok,,flexible
"PEPTIDE1{F.meL.A.Me_dL.L.meA.dP}$PEPTIDE1,PEPTIDE1,1:R1-7:R2$$$",-6.17900000,ok,,flexible
"PEPTIDE1{dP.meA.Me_dL.Bn_Gly.L.A.Ser(tBu)}$PEPTIDE1,PEPTIDE1,1:R1-7:R2$$$",-5.55000000,ok,,flexible
"PEPTIDE1{L.dA.meF.meL.A.T.I}$PEPTIDE1,PEPTIDE1,1:R1-7:R2$$$",-5.31100000,ok,,flexible
"PEPTIDE1{Mono6.pentyl_Gly.P.meF.meL.T.Sar}$PEPTIDE1,PEPTIDE1,1:R1-7:R2$$$",-5.54300000,ok,,flexible
"PEPTIDE1{dV.Me_dA.Ser(tBu).meA.A.meL.Me_Phe(3-Cl)}$PEPTIDE1,PEPTIDE1,1:R1-7:R2$$$",-6.56500000,ok,,flexible
"PEPTIDE1{meA.meL.Mono78.T.Me_dL.L.G}$PEPTIDE1,PEPTIDE1,1:R1-7:R2$$$",-6.56100000,ok,,flexible
"PEPTIDE1{dF.Sar.T.A.V.I.meA}$PEPTIDE1,PEPTIDE1,1:R1-7:R2$$$",-6.50700000,ok,,flexible
"PEPTIDE1{dF.dL.P.T.I.meL.meL}$PEPTIDE1,PEPTIDE1,1:R1-7:R2$$$",-5.49700000,ok,,flexible
"PEPTIDE1{meL.Sar.F.meA.T.L.Me_dL}$PEPTIDE1,PEPTIDE1,1:R1-7:R2$$$",-5.66800000,ok,,flexible
"PEPTIDE1{dA.A.dL.Me_dL.meL.Ser(tBu).I}$PEPTIDE1,PEPTIDE1,1:R1-7:R2$$$",-5.08900000,ok,,flexible
"PEPTIDE1{F.I.dL.Ser(tBu).T.Ala(5-Tet).L}$PEPTIDE1,PEPTIDE1,1:R1-7:R2$$$",-5.13700000,ok,,flexible
"PEPTIDE1{dA.dP.L.V.T.A.T}$PEPTIDE1,PEPTIDE1,1:R1-7:R2$$$",-5.95900000,ok,,flexible
"PEPTIDE1{Sar.T.P.meL.meA.A.dL}$PEPTIDE1,PEPTIDE1,1:R1-7:R2$$$",-6.33300000,ok,,flexible
"PEPTIDE1{Me_Bal.pentyl_Gly.meI.T.I.meA.V}$PEPTIDE1,PEPTIDE1,1:R1-7:R2$$$",-5.76500000,ok,,flexible
"PEPTIDE1{Me_dA.F.L.dL.meA.L.G}$PEPTIDE1,PEPTIDE1,1:R1-7:R2$$$",-6.59600000,ok,,flexible
"PEPTIDE1{dF.L.T.meF.V.meL.meA}$PEPTIDE1,PEPTIDE1,1:R1-7:R2$$$",-6.20300000,ok,,flexible
"PEPTIDE1{dA.meL.meF.meA.T.P.L}$PEPTIDE1,PEPTIDE1,1:R1-7:R2$$$",-5.93500000,ok,,flexible
"PEPTIDE1{Me_Bal.dP.T.A.meL.meA.dL}$PEPTIDE1,PEPTIDE1,1:R1-7:R2$$$",-6.10900000,ok,,flexible
"PEPTIDE1{Me_Bal.P.F.meL.V.Me_dL.meF}$PEPTIDE1,PEPTIDE1,1:R1-7:R2$$$",-6.11600000,ok,,flexible
"PEPTIDE1{dP.Me_dA.V.L.meL.meF.A}$PEPTIDE1,PEPTIDE1,1:R1-7:R2$$$",-6.46500000,ok,,flexible
"PEPTIDE1{dA.P.A.I.F.Sar.meA}$PEPTIDE1,PEPTIDE1,1:R1-7:R2$$$",-6.88700000,ok,,flexible
"PEPTIDE1{Me_Bal.A.P.meA.L.I.meL}$PEPTIDE1,PEPTIDE1,1:R1-7:R2$$$",-6.29200000,ok,,flexible
"PEPTIDE1{meA.T.Me_dA.meF.meL.meS.V}$PEPTIDE1,PEPTIDE1,1:R1-7:R2$$$",-6.11300000,ok,,flexible
"PEPTIDE1{dV.meA.P.L.F.dP.meF}$PEPTIDE1,PEPTIDE1,1:R1-7:R2$$$",-6.39600000,ok,,flexible
"PEPTIDE1{Me_Bal.A.Me_dL.dP.F.L.meL}$PEPTIDE1,PEPTIDE1,1:R1-7:R2$$$",-6.10400000,ok,,flexible
"PEPTIDE1{dV.meF.dL.meL.Ser(tBu).T.L}$PEPTIDE1,PEPTIDE1,1:R1-7:R2$$$",-5.37800000,ok,,flexible
"PEPTIDE1{meL.A.P.T.L.dL.I}$PEPTIDE1,PEPTIDE1,1:R1-7:R2$$$",-5.93400000,ok,,flexible
"PEPTIDE1{dV.meL.L.Pr_Gly.I.A.dL}$PEPTIDE1,PEPTIDE1,1:R1-7:R2$$$",-5.02100000,ok,,flexible
"PEPTIDE1{Me_dA.Me_dL.dL.T.L.A.dV}$PEPTIDE1,PEPTIDE1,1:R1-7:R2$$$",-5.83900000,ok,,flexible
"PEPTIDE1{Me_Bal.meF.F.L.meL.P.A}$PEPTIDE1,PEPTIDE1,1:R1-7:R2$$$",-6.75200000,ok,,flexible
"PEPTIDE1{F.Mono38.I.meL.L.Me_Phe(3-Cl).L}$PEPTIDE1,PEPTIDE1,1:R1-7:R2$$$",-5.60000000,ok,,flexible
"PEPTIDE1{meA.A.Me_dA.L.I.V.F}$PEPTIDE1,PEPTIDE1,1:R1-7:R2$$$",-6.00000000,ok,,flexible
"PEPTIDE1{F.dP.dL.meL.dA.L.A}$PEPTIDE1,PEPTIDE1,1:R1-7:R2$$$",-6.13800000,ok,,flexible
"PEPTIDE1{Me_dA.meA.Ser(tBu).F.A.meL.L}$PEPTIDE1,PEPTIDE1,1:R1-7:R2$$$",-5.50500000,ok,,flexible
"PEPTIDE1{meL.A.meA.P.L.dL.Ser(tBu)}$PEPTIDE1,PEPTIDE1,1:R1-7:R2$$$",-5.68300000,ok,,flexible
"PEPTIDE1{Pr_Gly.L.Me_dL.meL.meF.T.V}$PEPTIDE1,PEPTIDE1,1:R1-7:R2$$$",-5.41400000,ok,,flexible
"PEPTIDE1{Me_Bal.Pr_Gly.L.T.P.Me_dL.P}$PEPTIDE1,PEPTIDE1,1:R1-7:R2$$$",-5.46300000,ok,,flexible
"PEPTIDE1{meA.dP.T.F.meL.A.L}$PEPTIDE1,PEPTIDE1,1:R1-7:R2$$$",-6.04500000,ok,,flexible
"PEPTIDE1{Pr_Gly.Me_dA.meF.meA.P.V.I}$PEPTIDE1,PEPTIDE1,1:R1-7:R2$$$",-6.30000000,ok,,flexible
"PEPTIDE1{Pr_Gly.meA.F.L.I.meF.dL}$PEPTIDE1,PEPTIDE1,1:R1-7:R2$$$",-5.72400000,ok,,flexible
"PEPTIDE1{meA.L.Ser(tBu).meF.V.A.meL}$PEPTIDE1,PEPTIDE1,1:R1-7:R2$$$",-5.69400000,ok,,flexible
"PEPTIDE1{L.meL.meA.meF.P.Ser(tBu).D}$PEPTIDE1,PEPTIDE1,1:R1-7:R2$$$",-5.72400000,ok,,flexible
"PEPTIDE1{dV.meF.meL.dP.T.meI.Ser(tBu)}$PEPTIDE1,PEPTIDE1,1:R1-7:R2$$$",-5.34200000,ok,,flexible
"PEPTIDE1{dF.I.T.Ser(tBu).Bn_Gly.Me_dL.A}$PEPTIDE1,PEPTIDE1,1:R1-7:R2$$$",-6.00100000,ok,,flexible
"PEPTIDE1{Me_Bal.Me_dL.L.meL.meA.F.V}$PEPTIDE1,PEPTIDE1,1:R1-7:R2$$$",-6.12100000,ok,,flexible
"PEPTIDE1{dV.F.T.meL.P.meA.P}$PEPTIDE1,PEPTIDE1,1:R1-7:R2$$$",-6.52300000,ok,,flexible
"PEPTIDE1{Me_dA.A.meV.G.meA.F.V}$PEPTIDE1,PEPTIDE1,1:R1-7:R2$$$",-7.60900000,ok,,flexible
"PEPTIDE1{dF.L.Me_dL.Abu.meL.T.dL}$PEPTIDE1,PEPTIDE1,1:R1-7:R2$$$",-6.08200000,ok,,flexible
"PEPTIDE1{P.Sar.Me_dL.T.V.L.dL}$PEPTIDE1,PEPTIDE1,1:R1-7:R2$$$",-6.25700000,ok,,flexible
"PEPTIDE1{meL.3Pal.cHexCH2_Gly.A.P.I.dL}$PEPTIDE1,PEPTIDE1,1:R1-7:R2$$$",-6.05600000,ok,,flexible
"PEPTIDE1{meA.Me_dL.F.L.T.dP.meY}$PEPTIDE1,PEPTIDE1,1:R1-7:R2$$$",-6.84600000,ok,,flexible
"PEPTIDE1{Me_Bal.A.meL.meA.L.meV.V}$PEPTIDE1,PEPTIDE1,1:R1-7:R2$$$",-6.14300000,ok,,flexible
"PEPTIDE1{dA.meL.F.meV.Me_dL.V.dL}$PEPTIDE1,PEPTIDE1,1:R1-7:R2$$$",-5.55200000,ok,,flexible
"PEPTIDE1{P.A.F.L.G.meA.dL}$PEPTIDE1,PEPTIDE1,1:R1-7:R2$$$",-7.51700000,ok,,flexible
"PEPTIDE1{F.meF.V.meA.A.dL.Me_dL}$PEPTIDE1,PEPTIDE1,1:R1-7:R2$$$",-6.19000000,ok,,flexible
"PEPTIDE1{dV.A.meL.V.meA.meL.L}$PEPTIDE1,PEPTIDE1,1:R1-7:R2$$$",-5.41700000,ok,,flexible
"PEPTIDE1{dA.I.meL.V.meA.L.T}$PEPTIDE1,PEPTIDE1,1:R1-7:R2$$$",-5.55300000,ok,,flexible
"PEPTIDE1{Me_Bal.V.meA.I.F.A.dL}$PEPTIDE1,PEPTIDE1,1:R1-7:R2$$$",-5.97900000,ok,,flexible
"PEPTIDE1{meA.Me_dA.Sar.L.meL.A.Me_dL}$PEPTIDE1,PEPTIDE1,1:R1-7:R2$$$",-6.00800000,ok,,flexible
"PEPTIDE1{A.meV.meA.L.dL.V.Me_dL}$PEPTIDE1,PEPTIDE1,1:R1-7:R2$$$",-5.73400000,ok,,flexible
"PEPTIDE1{meA.T.F.dV.Me_dL.meF.L}$PEPTIDE1,PEPTIDE1,1:R1-7:R2$$$",-5.81700000,ok,,flexible
"PEPTIDE1{Mono6.Mono38.L.meL.I.meA.T}$PEPTIDE1,PEPTIDE1,1:R1-7:R2$$$",-5.38200000,ok,,flexible
"PEPTIDE1{meA.F.pentyl_Gly.P.T.G.V}$PEPTIDE1,PEPTIDE1,1:R1-7:R2$$$",-6.03900000,ok,,flexible
"PEPTIDE1{dV.meS.meF.L.I.I.Aoc(2)}$PEPTIDE1,PEPTIDE1,1:R1-7:R2$$$",-4.43600000,ok,,flexible
"PEPTIDE1{meL.meL.Aoc(2).T.A.meA.dL}$PEPTIDE1,PEPTIDE1,1:R1-7:R2$$$",-4.98400000,ok,,flexible
"PEPTIDE1{Me_dA.T.dL.L.F.A.meL}$PEPTIDE1,PEPTIDE1,1:R1-7:R2$$$",-5.94000000,ok,,flexible
"PEPTIDE1{Me_dA.V.Me_dL.meV.Me_dL.L.F}$PEPTIDE1,PEPTIDE1,1:R1-7:R2$$$",-5.27500000,ok,,flexible
"PEPTIDE1{Me_Bal.dL.F.A.V.Me_dL.L}$PEPTIDE1,PEPTIDE1,1:R1-7:R2$$$",-6.04100000,ok,,flexible
"PEPTIDE1{Pr_Gly.pentyl_Gly.cHexCH2_Gly.T.meL.Ser(tBu).I}$PEPTIDE1,PEPTIDE1,1:R1-7:R2$$$",-4.90600000,ok,,flexible
"PEPTIDE1{meF.L.A.meL.meA.Met(O2).meI}$PEPTIDE1,PEPTIDE1,1:R1-7:R2$$$",-6.15800000,ok,,flexible
"PEPTIDE1{Me_dA.F.Mono78.I.Bn_Gly.Aoc(2).dL}$PEPTIDE1,PEPTIDE1,1:R1-7:R2$$$",-5.29800000,ok,,flexible
"PEPTIDE1{F.meL.A.meS.T.Abu.Ala(5-Tet)}$PEPTIDE1,PEPTIDE1,1:R1-7:R2$$$",-5.71100000,ok,,flexible
"PEPTIDE1{dA.F.meA.T.meV.meL.L}$PEPTIDE1,PEPTIDE1,1:R1-7:R2$$$",-6.04400000,ok,,flexible
"PEPTIDE1{A.meF.L.dA.meA.T.Me_dA}$PEPTIDE1,PEPTIDE1,1:R1-7:R2$$$",-6.69400000,ok,,flexible
"PEPTIDE1{dV.meL.Bn_Gly.Me_dL.meA.meF.Sar}$PEPTIDE1,PEPTIDE1,1:R1-7:R2$$$",-5.71000000,ok,,flexible
"PEPTIDE1{dF.F.cHexCH2_Gly.Bn_Gly.L.L.meA}$PEPTIDE1,PEPTIDE1,1:R1-7:R2$$$",-6.09500000,ok,,flexible
"PEPTIDE1{meA.L.Me_dL.T.V.F.T}$PEPTIDE1,PEPTIDE1,1:R1-7:R2$$$",-5.45100000,ok,,flexible
"PEPTIDE1{meL.T.Aoc(2).T.L.Ala(5-Tet).A}$PEPTIDE1,PEPTIDE1,1:R1-7:R2$$$",-5.95400000,ok,,flexible
"PEPTIDE1{meA.P.Mono7.dL.Me_dL.meL.meS}$PEPTIDE1,PEPTIDE1,1:R1-7:R2$$$",-5.79200000,ok,,flexible
"PEPTIDE1{A.Ser(tBu).meF.meL.dL.Me_dA.T}$PEPTIDE1,PEPTIDE1,1:R1-7:R2$$$",-4.84200000,ok,,flexible
"PEPTIDE1{Me_Bal.A.Me_dL.Me_dA.dL.meV.meL}$PEPTIDE1,PEPTIDE1,1:R1-7:R2$$$",-5.74400000,ok,,flexible
"PEPTIDE1{Me_dA.T.dL.meF.T.P.L}$PEPTIDE1,PEPTIDE1,1:R1-7:R2$$$",-5.76000000,ok,,flexible
"PEPTIDE1{meA.F.3Pal.T.T.Aoc(2).dP}$PEPTIDE1,PEPTIDE1,1:R1-7:R2$$$",-5.91600000,ok,,flexible
"PEPTIDE1{meA.Me_dL.meL.L.A.meL.dP}$PEPTIDE1,PEPTIDE1,1:R1-7:R2$$$",-5.55500000,ok,,flexible
"PEPTIDE1{F.A.meA.Pr_Gly.Me_dA.Me_Phe(3-Cl).Ser(tBu)}$PEPTIDE1,PEPTIDE1,1:R1-7:R2$$$",-5.40100000,ok,,flexible
"PEPTIDE1{A.L.Ser(tBu).T.G.dL.Me_dL}$PEPTIDE1,PEPTIDE1,1:R1-7:R2$$$",-5.57800000,ok,,flexible
"PEPTIDE1{dP.meA.Pr_Gly.meL.meL.Me_dL.V}$PEPTIDE1,PEPTIDE1,1:R1-7:R2$$$",-5.22300000,ok,,flexible
"PEPTIDE1{L.meL.Ala(5-Tet).Abu.meS.Aoc(2).Sar}$PEPTIDE1,PEPTIDE1,1:R1-7:R2$$$",-5.33500000,ok,,flexible
"PEPTIDE1{Me_dA.T.F.meF.meA.L.meL}$PEPTIDE1,PEPTIDE1,1:R1-7:R2$$$",-6.32400000,ok,,flexible
"PEPTIDE1{dV.T.A.Me_dA.meA.P.Abu}$PEPTIDE1,PEPTIDE1,1:R1-7:R2$$$",-6.24600000,ok,,flexible
"PEPTIDE1{Me_dA.Me_dL.dL.meF.L.V.F}$PEPTIDE1,PEPTIDE1,1:R1-7:R2$$$",-5.49500000,ok,,flexible
"PEPTIDE1{L.meA.Sar.A.T.dP.I}$PEPTIDE1,PEPTIDE1,1:R1-7:R2$$$",-6.55200000,ok,,flexible
"PEPTIDE1{meL.meA.meF.Ala(5-Tet).T.Abu.L}$PEPTIDE1,PEPTIDE1,1:R1-7:R2$$$",-5.75000000,ok,,flexible
"PEPTIDE1{dF.meS.meA.I.V.T.L}$PEPTIDE1,PEPTIDE1,1:R1-7:R2$$$",-5.63500000,ok,,flexible
"PEPTIDE1{meA.Pr_Gly.A.I.Me_dL.T.L}$PEPTIDE1,PEPTIDE1,1:R1-7:R2$$$",-5.89900000,ok,,flexible
"PEPTIDE1{A.Abu.meF.meS.meS.dA.P}$PEPTIDE1,PEPTIDE1,1:R1-7:R2$$$",-6.98100000,ok,,flexible
"PEPTIDE1{meA.I.L.T.meL.V.G}$PEPTIDE1,PEPTIDE1,1:R1-7:R2$$$",-5.95400000,ok,,flexible
"PEPTIDE1{meA.pentyl_Gly.meL.L.Ser(tBu).P.F}$PEPTIDE1,PEPTIDE1,1:R1-7:R2$$$",-5.06800000,ok,,flexible
"PEPTIDE1{Pr_Gly.Me_Phe(3-Cl).meL.V.T.Ser(tBu).meA}$PEPTIDE1,PEPTIDE1,1:R1-7:R2$$$",-5.57700000,ok,,flexible
"PEPTIDE1{Mono6.meL.L.dP.meS.A.meA}$PEPTIDE1,PEPTIDE1,1:R1-7:R2$$$",-5.65000000,ok,,flexible
"PEPTIDE1{dA.Sar.meV.A.meA.meL.V}$PEPTIDE1,PEPTIDE1,1:R1-7:R2$$$",-6.13600000,ok,,flexible
"PEPTIDE1{A.Pr_Gly.L.meF.P.meV.dP}$PEPTIDE1,PEPTIDE1,1:R1-7:R2$$$",-6.45700000,ok,,flexible
"PEPTIDE1{Pr_Gly.T.I.meL.A.meF.Ser(tBu)}$PEPTIDE1,PEPTIDE1,1:R1-7:R2$$$",-5.38500000,ok,,flexible
"PEPTIDE1{F.meL.A.Me_dL.meA.dL.V}$PEPTIDE1,PEPTIDE1,1:R1-7:R2$$$",-5.46000000,ok,,flexible
"PEPTIDE1{dF.Abu.Me_dA.A.T.Sar.L}$PEPTIDE1,PEPTIDE1,1:R1-7:R2$$$",-6.33700000,ok,,flexible
"PEPTIDE1{dA.meA.meL.Me_dL.F.dV.V}$PEPTIDE1,PEPTIDE1,1:R1-7:R2$$$",-6.29400000,ok,,flexible
"PEPTIDE1{meA.I.meL.meF.Abu.Aoc(2).meS}$PEPTIDE1,PEPTIDE1,1:R1-7:R2$$$",-5.47300000,ok,,flexible
"PEPTIDE1{Mono6.L.Ser(tBu).T.meL.I.L}$PEPTIDE1,PEPTIDE1,1:R1-7:R2$$$",-5.42500000,ok,,flexible
"PEPTIDE1{Pr_Gly.Me_Nle.meL.dP.dL.Me_dL.A}$PEPTIDE1,PEPTIDE1,1:R1-7:R2$$$",-5.16400000,ok,,flexible
"PEPTIDE1{meA.meL.I.Me_dL.V.P.T}$PEPTIDE1,PEPTIDE1,1:R1-7:R2$$$",-5.83600000,ok,,flexible
"PEPTIDE1{dF.meL.cHexCH2_Gly.A.Ser(tBu).L.meL}$PEPTIDE1,PEPTIDE1,1:R1-7:R2$$$",-5.90300000,ok,,flexible
"PEPTIDE1{A.T.dL.V.meV.F.Me_dL}$PEPTIDE1,PEPTIDE1,1:R1-7:R2$$$",-5.62300000,ok,,flexible
"PEPTIDE1{F.T.meL.L.meA.D.I}$PEPTIDE1,PEPTIDE1,1:R1-7:R2$$$",-5.38600000,ok,,flexible
"PEPTIDE1{A.L.meS.meL.dL.Ala(5-Tet).F}$PEPTIDE1,PEPTIDE1,1:R1-7:R2$$$",-6.14500000,ok,,flexible
"PEPTIDE1{dA.Me_dL.L.Sar.A.meL.F}$PEPTIDE1,PEPTIDE1,1:R1-7:R2$$$",-5.83300000,ok,,flexible
"PEPTIDE1{Me_Bal.meA.L.meF.A.dL.Me_dL}$PEPTIDE1,PEPTIDE1,1:R1-7:R2$$$",-6.04700000,ok,,flexible
"PEPTIDE1{Me_Bal.L.meL.I.Me_dL.meA.V}$PEPTIDE1,PEPTIDE1,1:R1-7:R2$$$",-5.41500000,ok,,flexible
"PEPTIDE1{A.meV.Me_dA.V.P.Me_dL.L}$PEPTIDE1,PEPTIDE1,1:R1-7:R2$$$",-6.61300000,ok,,flexible
"PEPTIDE1{Me_dA.meA.A.L.F.meV.meL}$PEPTIDE1,PEPTIDE1,1:R1-7:R2$$$",-5.77800000,ok,,flexible
"PEPTIDE1{Me_dA.T.Me_dL.L.Abu.meF.meL}$PEPTIDE1,PEPTIDE1,1:R1-7:R2$$$",-5.80900000,ok,,flexible
"PEPTIDE1{Sar.meF.meL.T.Ser(tBu).A.F}$PEPTIDE1,PEPTIDE1,1:R1-7:R2$$$",-5.54800000,ok,,flexible
"PEPTIDE1{meA.Pr_Gly.A.meL.Ser(tBu).Me_Phe(3-Cl).I}$PEPTIDE1,PEPTIDE1,1:R1-7:R2$$$",-5.75800000,ok,,flexible
"PEPTIDE1{Me_Bal.L.Me_dA.A.meA.Me_dL.I}$PEPTIDE1,PEPTIDE1,1:R1-7:R2$$$",-6.46300000,ok,,flexible
"PEPTIDE1{F.dP.P.dP.meA.meL.dL}$PEPTIDE1,PEPTIDE1,1:R1-7:R2$$$",-6.61800000,ok,,flexible
"PEPTIDE1{Me_dA.T.meL.L.meL.Me_dL.dL}$PEPTIDE1,PEPTIDE1,1:R1-7:R2$$$",-5.44900000,ok,,flexible
"PEPTIDE1{Me_Bal.Me_dL.meA.meF.meL.T.I}$PEPTIDE1,PEPTIDE1,1:R1-7:R2$$$",-5.57500000,ok,,flexible
"PEPTIDE1{Pr_Gly.meL.L.meF.I.Ser(tBu).T}$PEPTIDE1,PEPTIDE1,1:R1-7:R2$$$",-5.26800000,ok,,flexible
"PEPTIDE1{A.meL.Ala(5-Tet).P.Me_dL.L.Sar}$PEPTIDE1,PEPTIDE1,1:R1-7:R2$$$",-5.94000000,ok,,flexible
"PEPTIDE1{Mono6.A.pentyl_Gly.L.L.Mono38.T}$PEPTIDE1,PEPTIDE1,1:R1-7:R2$$$",-5.17000000,ok,,flexible
"PEPTIDE1{P.F.dL.meA.Me_dL.Me_dL.dV}$PEPTIDE1,PEPTIDE1,1:R1-7:R2$$$",-6.28200000,ok,,flexible
"PEPTIDE1{F.meS.T.Me_dL.meL.T.L}$PEPTIDE1,PEPTIDE1,1:R1-7:R2$$$",-5.75800000,ok,,flexible
"PEPTIDE1{dA.dL.F.meL.meF.A.Me_dL}$PEPTIDE1,PEPTIDE1,1:R1-7:R2$$$",-6.12200000,ok,,flexible
"PEPTIDE1{A.Abu.meA.3Pal.meF.Ser(tBu).T}$PEPTIDE1,PEPTIDE1,1:R1-7:R2$$$",-5.86300000,ok,,flexible
"PEPTIDE1{Me_Bal.meV.T.meL.L.F.Ser(tBu)}$PEPTIDE1,PEPTIDE1,1:R1-7:R2$$$",-5.99500000,ok,,flexible
"PEPTIDE1{Pr_Gly.Mono38.L.T.meL.P.L}$PEPTIDE1,PEPTIDE1,1:R1-7:R2$$$",-5.67600000,ok,,flexible
"PEPTIDE1{L.Abu.meF.meA.T.A.Sar}$PEPTIDE1,PEPTIDE1,1:R1-7:R2$$$",-6.07900000,ok,,flexible
"PEPTIDE1{A.meA.dL.V.L.meL.meF}$PEPTIDE1,PEPTIDE1,1:R1-7:R2$$$",-5.07600000,ok,,flexible
"PEPTIDE1{A.F.L.T.meA.meV.meL}$PEPTIDE1,PEPTIDE1,1:R1-7:R2$$$",-6.14900000,ok,,flexible
"PEPTIDE1{meA.L.meL.L.A.I.T}$PEPTIDE1,PEPTIDE1,1:R1-7:R2$$$",-5.05600000,ok,,flexible
"PEPTIDE1{Pr_Gly.Me_dL.T.L.dL.meA.Bn_Gly}$PEPTIDE1,PEPTIDE1,1:R1-7:R2$$$",-5.30300000,ok,,flexible
"PEPTIDE1{Me_Bal.pentyl_Gly.L.A.I.meL.meF}$PEPTIDE1,PEPTIDE1,1:R1-7:R2$$$",-5.58000000,ok,,flexible
"PEPTIDE1{dV.meA.F.T.T.dA.V}$PEPTIDE1,PEPTIDE1,1:R1-7:R2$$$",-5.98200000,ok,,flexible
"PEPTIDE1{A.Me_dA.P.Me_dL.V.meA.Me_dL}$PEPTIDE1,PEPTIDE1,1:R1-7:R2$$$",-6.87300000,ok,,flexible
"PEPTIDE1{dV.meA.meL.F.L.Bn_Gly.V}$PEPTIDE1,PEPTIDE1,1:R1-7:R2$$$",-6.13700000,ok,,flexible
"PEPTIDE1{meA.G.Me_dL.Pr_Gly.T.V.dL}$PEPTIDE1,PEPTIDE1,1:R1-7:R2$$$",-5.44200000,ok,,flexible
"PEPTIDE1{meA.dL.I.meS.P.meF.L}$PEPTIDE1,PEPTIDE1,1:R1-7:R2$$$",-5.88500000,ok,,flexible
"PEPTIDE1{meL.meS.T.Me_dL.F.meF.meA}$PEPTIDE1,PEPTIDE1,1:R1-7:R2$$$",-5.77700000,ok,,flexible
"PEPTIDE1{Mono6.Me_dL.A.meL.Abu.T.T}$PEPTIDE1,PEPTIDE1,1:R1-7:R2$$$",-5.11300000,ok,,flexible
"PEPTIDE1{Me_dA.meF.Me_dL.meV.T.V.F}$PEPTIDE1,PEPTIDE1,1:R1-7:R2$$$",-6.32300000,ok,,flexible
"PEPTIDE1{meA.T.meF.A.P.Me_dL.dP}$PEPTIDE1,PEPTIDE1,1:R1-7:R2$$$",-6.47300000,ok,,flexible
"PEPTIDE1{A.meL.F.L.dL.meL.T}$PEPTIDE1,PEPTIDE1,1:R1-7:R2$$$",-5.54400000,ok,,flexible
"PEPTIDE1{A.I.V.meL.meA.T.Ser(tBu)}$PEPTIDE1,PEPTIDE1,1:R1-7:R2$$$",-5.89400000,ok,,flexible
"PEPTIDE1{A.V.F.meF.meL.meA.L}$PEPTIDE1,PEPTIDE1,1:R1-7:R2$$$",-6.78400000,ok,,flexible
"PEPTIDE1{Sar.P.meA.T.Me_dL.F.meF}$PEPTIDE1,PEPTIDE1,1:R1-7:R2$$$",-6.84800000,ok,,flexible
"PEPTIDE1{Me_Bal.A.dP.Me_dA.meL.V.T}$PEPTIDE1,PEPTIDE1,1:R1-7:R2$$$",-6.40900000,ok,,flexible
"PEPTIDE1{A.L.dL.meA.V.I.meL}$PEPTIDE1,PEPTIDE1,1:R1-7:R2$$$",-5.31100000,ok,,flexible
"PEPTIDE1{Pr_Gly.L.A.L.meL.dL.F}$PEPTIDE1,PEPTIDE1,1:R1-7:R2$$$",-5.12100000,ok,,flexible
"PEPTIDE1{Me_dA.dL.L.F.meL.L.meV}$PEPTIDE1,PEPTIDE1,1:R1-7:R2$$$",-5.91500000,ok,,flexible
"PEPTIDE1{Mono6.P.I.dL.Ser(tBu).meL.A}$PEPTIDE1,PEPTIDE1,1:R1-7:R2$$$",-5.47900000,ok,,flexible
"PEPTIDE1{L.dF.meF.T.P.Sar.L}$PEPTIDE1,PEPTIDE1,1:R1-7:R2$$$",-6.40300000,ok,,flexible
"PEPTIDE1{Me_Bal.meL.dL.meL.F.L.Ser(tBu)}$PEPTIDE1,PEPTIDE1,1:R1-7:R2$$$",-5.93900000,ok,,flexible
"PEPTIDE1{F.G.L.dL.meL.T.Me_Phe(3-Cl)}$PEPTIDE1,PEPTIDE1,1:R1-7:R2$$$",-5.15400000,ok,,flexible
"PEPTIDE1{Me_Bal.T.meS.meF.dP.I.L}$PEPTIDE1,PEPTIDE1,1:R1-7:R2$$$",-5.97700000,ok,,flexible
"PEPTIDE1{Me_dA.P.dP.T.meA.F.A}$PEPTIDE1,PEPTIDE1,1:R1-7:R2$$$",-7.43100000,ok,,flexible
"PEPTIDE1{L.Abu.Me_dL.A.meL.dA.T}$PEPTIDE1,PEPTIDE1,1:R1-7:R2$$$",-5.23900000,ok,,flexible
"PEPTIDE1{dV.A.meL.meS.meA.L.Abu}$PEPTIDE1,PEPTIDE1,1:R1-7:R2$$$",-5.46100000,ok,,flexible
"PEPTIDE1{Me_Bal.meA.meF.I.V.T.Pr_Gly}$PEPTIDE1,PEPTIDE1,1:R1-7:R2$$$",-6.14900000,ok,,flexible
"PEPTIDE1{meA.meL.meL.T.meS.I.Phe(4-CF3)}$PEPTIDE1,PEPTIDE1,1:R1-7:R2$$$",-6.20500000,ok,,flexible
"PEPTIDE1{dA.A.T.L.T.dL.meV}$PEPTIDE1,PEPTIDE1,1:R1-7:R2$$$",-5.83800000,ok,,flexible
"PEPTIDE1{dV.T.meL.P.Me_dL.dL.meV}$PEPTIDE1,PEPTIDE1,1:R1-7:R2$$$",-5.83100000,ok,,flexible
"PEPTIDE1{dA.P.L.Me_dL.Ser(tBu).A.meF}$PEPTIDE1,PEPTIDE1,1:R1-7:R2$$$",-6.10700000,ok,,flexible
"PEPTIDE1{L.A.meL.T.I.Mono78.F}$PEPTIDE1,PEPTIDE1,1:R1-7:R2$$$",-5.64000000,ok,,flexible
"PEPTIDE1{A.meA.T.V.dP.meV.meF}$PEPTIDE1,PEPTIDE1,1:R1-7:R2$$$",-6.24000000,ok,,flexible
"PEPTIDE1{L.meA.meF.meL.V.T.A}$PEPTIDE1,PEPTIDE1,1:R1-7:R2$$$",-5.83200000,ok,,flexible
"PEPTIDE1{L.dP.Me_dL.F.dL.meL.meL}$PEPTIDE1,PEPTIDE1,1:R1-7:R2$$$",-5.68000000,ok,,flexible
"PEPTIDE1{Me_dA.Aoc(2).P.dP.L.dL.T}$PEPTIDE1,PEPTIDE1,1:R1-7:R2$$$",-5.77100000,ok,,flexible
"PEPTIDE1{meA.A.G.Me_dL.L.L.V}$PEPTIDE1,PEPTIDE1,1:R1-7:R2$$$",-5.99000000,ok,,flexible
"PEPTIDE1{Mono6.meL.F.meA.I.Bn_Gly.Me_dL}$PEPTIDE1,PEPTIDE1,1:R1-7:R2$$$",-5.69300000,ok,,flexible
"PEPTIDE1{A.L.meA.F.dL.meV.T}$PEPTIDE1,PEPTIDE1,1:R1-7:R2$$$",-5.86100000,ok,,flexible
"PEPTIDE1{dV.T.dP.P.Me_dL.meA.V}$PEPTIDE1,PEPTIDE1,1:R1-7:R2$$$",-6.06700000,ok,,flexible
"PEPTIDE1{Me_dA.meL.V.meA.T.A.meF}$PEPTIDE1,PEPTIDE1,1:R1-7:R2$$$",-5.96800000,ok,,flexible
"PEPTIDE1{Mono6.T.L.dL.T.L.Me_dL}$PEPTIDE1,PEPTIDE1,1:R1-7:R2$$$",-5.05800000,ok,,flexible
"PEPTIDE1{Sar.G.meF.F.T.L.meA}$PEPTIDE1,PEPTIDE1,1:R1-7:R2$$$",-6.77200000,ok,,flexible
"PEPTIDE1{F.meL.L.Abu.meF.Sar.A}$PEPTIDE1,PEPTIDE1,1:R1-7:R2$$$",-5.89700000,ok,,flexible
"PEPTIDE1{F.T.I.meF.meL.Ser(tBu).Me_dL}$PEPTIDE1,PEPTIDE1,1:R1-7:R2$$$",-5.02300000,ok,,flexible
"PEPTIDE1{A.L.F.G.I.L.T}$PEPTIDE1,PEPTIDE1,1:R1-7:R2$$$",-5.93200000,ok,,flexible
"PEPTIDE1{Mono6.meA.meL.Me_dL.L.Abu.meF}$PEPTIDE1,PEPTIDE1,1:R1-7:R2$$$",-5.31500000,ok,,flexible
"PEPTIDE1{dF.meF.I.L.cHexCH2_Gly.F.A}$PEPTIDE1,PEPTIDE1,1:R1-7:R2$$$",-6.06100000,ok,,flexible
"PEPTIDE1{F.Abu.T.meL.Me_dL.meA.Ser(tBu)}$PEPTIDE1,PEPTIDE1,1:R1-7:R2$$$",-4.98000000,ok,,flexible
"PEPTIDE1{meA.Pr_Gly.meL.I.L.T.G}$PEPTIDE1,PEPTIDE1,1:R1-7:R2$$$",-4.87200000,ok,,flexible
"PEPTIDE1{Mono6.A.meA.P.T.Me_dL.meL}$PEPTIDE1,PEPTIDE1,1:R1-7:R2$$$",-6.72500000,ok,,flexible
"PEPTIDE1{dV.meL.T.meS.L.T.A}$PEPTIDE1,PEPTIDE1,1:R1-7:R2$$$",-5.92400000,ok,,flexible
"PEPTIDE1{dA.T.meF.I.meL.Mono86.Mono84}$PEPTIDE1,PEPTIDE1,1:R1-7:R2$$$",-6.56100000,ok,,flexible
"PEPTIDE1{dF.A.meS.dL.Me_dA.I.meL}$PEPTIDE1,PEPTIDE1,1:R1-7:R2$$$",-5.67100000,ok,,flexible
"PEPTIDE1{Me_Bal.F.Me_dA.A.Pr_Gly.Me_Phe(3-Cl).meF}$PEPTIDE1,PEPTIDE1,1:R1-7:R2$$$",-6.49900000,ok,,flexible
"PEPTIDE1{Pr_Gly.T.Me_dL.meL.Me_Phe(3-Cl).meL.I}$PEPTIDE1,PEPTIDE1,1:R1-7:R2$$$",-5.70800000,ok,,flexible
"PEPTIDE1{Me_dA.T.meF.meA.Sar.Me_dL.V}$PEPTIDE1,PEPTIDE1,1:R1-7:R2$$$",-5.89300000,ok,,flexible
"PEPTIDE1{F.Pr_Gly.meL.V.meA.A.Ser(tBu)}$PEPTIDE1,PEPTIDE1,1:R1-7:R2$$$",-5.72500000,ok,,flexible
"PEPTIDE1{Mono6.cHexCH2_Gly.T.meL.meA.Mono78.A}$PEPTIDE1,PEPTIDE1,1:R1-7:R2$$$",-5.61500000,ok,,flexible
"PEPTIDE1{Me_Bal.A.T.Me_dL.L.V.meL}$PEPTIDE1,PEPTIDE1,1:R1-7:R2$$$",-5.36300000,ok,,flexible
"PEPTIDE1{Mono6.L.Me_dL.meF.F.P.V}$PEPTIDE1,PEPTIDE1,1:R1-7:R2$$$",-5.93800000,ok,,flexible
"PEPTIDE1{Me_dA.pentyl_Gly.P.meL.L.Me_Phe(3-Cl).L}$PEPTIDE1,PEPTIDE1,1:R1-7:R2$$$",-5.20100000,ok,,flexible
"PEPTIDE1{A.L.meF.T.I.meL.Me_dL}$PEPTIDE1,PEPTIDE1,1:R1-7:R2$$$",-5.30200000,ok,,flexible
"PEPTIDE1{meA.meL.L.Ser(tBu).V.Ser(tBu).meF}$PEPTIDE1,PEPTIDE1,1:R1-7:R2$$$",-5.10700000,ok,,flexible
"PEPTIDE1{Me_dA.meF.L.T.Me_dL.F.T}$PEPTIDE1,PEPTIDE1,1:R1-7:R2$$$",-5.82500000,ok,,flexible
"PEPTIDE1{dV.meA.meF.F.Phe(4-CF3).T.L}$PEPTIDE1,PEPTIDE1,1:R1-7:R2$$$",-6.02000000,ok,,flexible
"PEPTIDE1{Pr_Gly.L.I.L.T.Sar.dL}$PEPTIDE1,PEPTIDE1,1:R1-7:R2$$$",-4.91300000,ok,,flexible
"PEPTIDE1{A.meA.dL.L.Me_dL.L.meL}$PEPTIDE1,PEPTIDE1,1:R1-7:R2$$$",-5.44300000,ok,,flexible
"PEPTIDE1{meL.A.L.dP.Aoc(2).L.Ser(tBu)}$PEPTIDE1,PEPTIDE1,1:R1-7:R2$$$",-5.28100000,ok,,flexible
"PEPTIDE1{dV.A.V.T.F.dL.meA}$PEPTIDE1,PEPTIDE1,1:R1-7:R2$$$",-6.30400000,ok,,flexible
"PEPTIDE1{meA.Me_dL.dL.T.L.Me_dL.A}$PEPTIDE1,PEPTIDE1,1:R1-7:R2$$$",-5.91600000,ok,,flexible
"PEPTIDE1{F.T.Abu.L.A.meL.Me_dA}$PEPTIDE1,PEPTIDE1,1:R1-7:R2$$$",-6.37900000,ok,,flexible
"PEPTIDE1{P.T.Sar.A.Me_dL.meL.L}$PEPTIDE1,PEPTIDE1,1:R1-7:R2$$$",-6.22000000,ok,,flexible
"PEPTIDE1{Me_dA.meF.Aoc(2).meA.dL.I.Abu}$PEPTIDE1,PEPTIDE1,1:R1-7:R2$$$",-5.19300000,ok,,flexible
"PEPTIDE1{Me_dA.T.P.L.T.Me_dL.dL}$PEPTIDE1,PEPTIDE1,1:R1-7:R2$$$",-5.66800000,ok,,flexible
"PEPTIDE1{A.V.G.P.Me_dL.dL.F}$PEPTIDE1,PEPTIDE1,1:R1-7:R2$$$",-6.12200000,ok,,flexible
"PEPTIDE1{Me_Bal.A.meL.Me_dA.V.meA.L}$PEPTIDE1,PEPTIDE1,1:R1-7:R2$$$",-6.01600000,ok,,flexible
"PEPTIDE1{Me_dA.dP.dL.T.A.meS.Abu}$PEPTIDE1,PEPTIDE1,1:R1-7:R2$$$",-6.27900000,ok,,flexible
"PEPTIDE1{meA.A.L.L.V.meL.dL}$PEPTIDE1,PEPTIDE1,1:R1-7:R2$$$",-5.78900000,ok,,flexible
"PEPTIDE1{Me_dA.meL.Ser(tBu).V.P.I.T}$PEPTIDE1,PEPTIDE1,1:R1-7:R2$$$",-5.44100000,ok,,flexible
"PEPTIDE1{Pr_Gly.meA.L.A.meL.L.I}$PEPTIDE1,PEPTIDE1,1:R1-7:R2$$$",-5.53300000,ok,,flexible
"PEPTIDE1{L.meL.dL.meF.T.dP.meA}$PEPTIDE1,PEPTIDE1,1:R1-7:R2$$$",-5.60000000,ok,,flexible
"PEPTIDE1{P.meL.meS.meA.L.Me_dL.dL}$PEPTIDE1,PEPTIDE1,1:R1-7:R2$$$",-5.46300000,ok,,flexible
"PEPTIDE1{Sar.meL.meF.F.Me_dL.I.A}$PEPTIDE1,PEPTIDE1,1:R1-7:R2$$$",-5.24300000,ok,,flexible
"PEPTIDE1{A.meA.F.Ser(tBu).dL.I.Me_dL}$PEPTIDE1,PEPTIDE1,1:R1-7:R2$$$",-5.85700000,ok,,flexible
"PEPTIDE1{dA.meL.Bn_Gly.meL.Me_dL.V.F}$PEPTIDE1,PEPTIDE1,1:R1-7:R2$$$",-5.72900000,ok,,flexible
"PEPTIDE1{dV.T.meL.A.Abu.dL.L}$PEPTIDE1,PEPTIDE1,1:R1-7:R2$$$",-5.67700000,ok,,flexible
"PEPTIDE1{dA.cHexCH2_Gly.A.I.Sar.T.Ser(tBu)}$PEPTIDE1,PEPTIDE1,1:R1-7:R2$$$",-6.06100000,ok,,flexible
"PEPTIDE1{dA.Me_dA.dL.A.meA.meL.L}$PEPTIDE1,PEPTIDE1,1:R1-7:R2$$$",-5.90600000,ok,,flexible
"PEPTIDE1{Me_Bal.meF.T.meL.Me_dL.dL.Me_dA}$PEPTIDE1,PEPTIDE1,1:R1-7:R2$$$",-5.83300000,ok,,flexible
"PEPTIDE1{dA.meL.A.meA.L.dL.T}$PEPTIDE1,PEPTIDE1,1:R1-7:R2$$$",-6.06200000,ok,,flexible
"PEPTIDE1{meL.A.meF.Me_dA.meA.P.Me_dL}$PEPTIDE1,PEPTIDE1,1:R1-7:R2$$$",-6.12700000,ok,,flexible
"PEPTIDE1{Me_dA.T.A.Me_dL.I.meF.L}$PEPTIDE1,PEPTIDE1,1:R1-7:R2$$$",-5.81500000,ok,,flexible
"PEPTIDE1{dV.dL.meF.meA.meL.L.A}$PEPTIDE1,PEPTIDE1,1:R1-7:R2$$$",-5.24400000,ok,,flexible
"PEPTIDE1{L.Abu.meL.P.meF.V.meL}$PEPTIDE1,PEPTIDE1,1:R1-7:R2$$$",-5.96800000,ok,,flexible
"PEPTIDE1{F.T.L.Me_dL.meA.P.L}$PEPTIDE1,PEPTIDE1,1:R1-7:R2$$$",-6.15900000,ok,,flexible
"PEPTIDE1{A.meL.meA.Me_dA.V.T.dV}$PEPTIDE1,PEPTIDE1,1:R1-7:R2$$$",-6.20900000,ok,,flexible
"PEPTIDE1{dA.P.V.A.T.Me_dL.meA}$PEPTIDE1,PEPTIDE1,1:R1-7:R2$$$",-5.96100000,ok,,flexible
"PEPTIDE1{meA.meL.meF.T.meV.I.dL}$PEPTIDE1,PEPTIDE1,1:R1-7:R2$$$",-5.31100000,ok,,flexible
"PEPTIDE1{dA.V.G.L.dL.Ser(tBu).L}$PEPTIDE1,PEPTIDE1,1:R1-7:R2$$$",-5.14100000,ok,,flexible
"PEPTIDE1{A.dL.T.meL.G.T.F}$PEPTIDE1,PEPTIDE1,1:R1-7:R2$$$",-6.39500000,ok,,flexible
"PEPTIDE1{dA.F.Me_dL.F.L.V.L}$PEPTIDE1,PEPTIDE1,1:R1-7:R2$$$",-5.74200000,ok,,flexible
"PEPTIDE1{meA.dL.meF.L.meL.meL.V}$PEPTIDE1,PEPTIDE1,1:R1-7:R2$$$",-5.60900000,ok,,flexible
"PEPTIDE1{dA.meL.I.A.L.meI.L}$PEPTIDE1,PEPTIDE1,1:R1-7:R2$$$",-5.51800000,ok,,flexible
"PEPTIDE1{Sar.L.V.dL.A.F.T}$PEPTIDE1,PEPTIDE1,1:R1-7:R2$$$",-6.07500000,ok,,flexible
"PEPTIDE1{dV.meL.meA.A.dL.L.T}$PEPTIDE1,PEPTIDE1,1:R1-7:R2$$$",-6.13300000,ok,,flexible
"PEPTIDE1{meA.P.T.Me_dL.dL.dV.A}$PEPTIDE1,PEPTIDE1,1:R1-7:R2$$$",-6.44400000,ok,,flexible
"PEPTIDE1{meA.meL.Abu.meS.meF.T.dL}$PEPTIDE1,PEPTIDE1,1:R1-7:R2$$$",-6.15800000,ok,,flexible
"PEPTIDE1{meA.dP.meL.Me_dL.T.dL.A}$PEPTIDE1,PEPTIDE1,1:R1-7:R2$$$",-6.26900000,ok,,flexible
"PEPTIDE1{dV.A.I.L.T.meL.G}$PEPTIDE1,PEPTIDE1,1:R1-7:R2$$$",-4.83800000,ok,,flexible
"PEPTIDE1{dV.L.F.I.meL.dP.V}$PEPTIDE1,PEPTIDE1,1:R1-7:R2$$$",-5.23100000,ok,,flexible
"PEPTIDE1{dV.Aoc(2).L.Abu.meF.meA.meL}$PEPTIDE1,PEPTIDE1,1:R1-7:R2$$$",-5.18200000,ok,,flexible
"PEPTIDE1{dV.V.meA.L.meF.dL.T}$PEPTIDE1,PEPTIDE1,1:R1-7:R2$$$",-5.96000000,ok,,flexible
"PEPTIDE1{meA.V.P.Me_dL.I.L.L}$PEPTIDE1,PEPTIDE1,1:R1-7:R2$$$",-5.78100000,ok,,flexible
"PEPTIDE1{L.cHexCH2_Gly.Ser(tBu).I.I.meF.meL}$PEPTIDE1,PEPTIDE1,1:R1-7:R2$$$",-5.26400000,ok,,flexible
"PEPTIDE1{dV.meA.P.meF.V.I.A}$PEPTIDE1,PEPTIDE1,1:R1-7:R2$$$",-6.66800000,ok,,flexible
"PEPTIDE1{dA.meA.V.meL.L.P.I}$PEPTIDE1,PEPTIDE1,1:R1-7:R2$$$",-5.50800000,ok,,flexible
"PEPTIDE1{A.dA.Me_dA.meV.V.meF.F}$PEPTIDE1,PEPTIDE1,1:R1-7:R2$$$",-6.67800000,ok,,flexible
"PEPTIDE1{Me_dA.meL.meA.V.dP.dL.F}$PEPTIDE1,PEPTIDE1,1:R1-7:R2$$$",-6.51100000,ok,,flexible
"PEPTIDE1{dA.T.dL.meL.I.V.meV}$PEPTIDE1,PEPTIDE1,1:R1-7:R2$$$",-5.85000000,ok,,flexible
"PEPTIDE1{Pr_Gly.P.L.Me_dA.A.dP.meA}$PEPTIDE1,PEPTIDE1,1:R1-7:R2$$$",-6.67000000,ok,,flexible
"PEPTIDE1{Pr_Gly.meA.A.meL.L.T.F}$PEPTIDE1,PEPTIDE1,1:R1-7:R2$$$",-5.92200000,ok,,flexible
"PEPTIDE1{F.meL.L.T.T.P.dP}$PEPTIDE1,PEPTIDE1,1:R1-7:R2$$$",-6.51100000,ok,,flexible
"PEPTIDE1{A.meL.T.F.I.meA.Ser(tBu)}$PEPTIDE1,PEPTIDE1,1:R1-7:R2$$$",-5.27100000,ok,,flexible
"PEPTIDE1{meA.Me_dL.meF.dL.Me_dL.meL.Ser(tBu)}$PEPTIDE1,PEPTIDE1,1:R1-7:R2$$$",-5.14200000,ok,,flexible
"PEPTIDE1{Me_Bal.dP.L.I.F.T.T}$PEPTIDE1,PEPTIDE1,1:R1-7:R2$$$",-5.92400000,ok,,flexible
"PEPTIDE1{A.Ala(5-Tet).meS.L.Aoc(2).Abu.meL}$PEPTIDE1,PEPTIDE1,1:R1-7:R2$$$",-5.65900000,ok,,flexible
"PEPTIDE1{dV.A.Sar.T.Me_dL.meL.V}$PEPTIDE1,PEPTIDE1,1:R1-7:R2$$$",-5.97600000,ok,,flexible
"PEPTIDE1{meA.I.meL.V.Bn_Gly.L.A}$PEPTIDE1,PEPTIDE1,1:R1-7:R2$$$",-5.95000000,ok,,flexible
"PEPTIDE1{dV.meL.Me_dL.L.Me_dL.Me_dA.meA}$PEPTIDE1,PEPTIDE1,1:R1-7:R2$$$",-5.54600000,ok,,flexible
"PEPTIDE1{meA.T.V.Me_dL.meL.I.F}$PEPTIDE1,PEPTIDE1,1:R1-7:R2$$$",-5.09800000,ok,,flexible
"PEPTIDE1{dA.T.meL.meF.A.L.meA}$PEPTIDE1,PEPTIDE1,1:R1-7:R2$$$",-6.05200000,ok,,flexible
"PEPTIDE1{meA.L.Me_dL.T.I.dL.meF}$PEPTIDE1,PEPTIDE1,1:R1-7:R2$$$",-5.33700000,ok,,flexible
"PEPTIDE1{F.dP.Me_Phe(3-Cl).meS.meL.Abu.T}$PEPTIDE1,PEPTIDE1,1:R1-7:R2$$$",-6.29100000,ok,,flexible
"PEPTIDE1{meA.T.meF.P.I.F.Ser(tBu)}$PEPTIDE1,PEPTIDE1,1:R1-7:R2$$$",-6.00800000,ok,,flexible
"PEPTIDE1{Me_dA.meL.meF.L.T.Abu.F}$PEPTIDE1,PEPTIDE1,1:R1-7:R2$$$",-6.22900000,ok,,flexible
"PEPTIDE1{A.meF.P.I.G.Me_dL.dV}$PEPTIDE1,PEPTIDE1,1:R1-7:R2$$$",-6.32400000,ok,,flexible
"PEPTIDE1{L.meA.F.meL.meL.meF.T}$PEPTIDE1,PEPTIDE1,1:R1-7:R2$$$",-5.48300000,ok,,flexible
"PEPTIDE1{meA.meF.meL.I.Aoc(2).V.T}$PEPTIDE1,PEPTIDE1,1:R1-7:R2$$$",-5.73700000,ok,,flexible
"PEPTIDE1{L.meL.meF.T.A.meI.Me_dL}$PEPTIDE1,PEPTIDE1,1:R1-7:R2$$$",3.28700000,ok,,flexible
"PEPTIDE1{F.T.meL.T.meA.Me_dL.P}$PEPTIDE1,PEPTIDE1,1:R1-7:R2$$$",-5.85900000,ok,,flexible
"PEPTIDE1{dP.Me_dL.Me_dL.F.meF.L.meL}$PEPTIDE1,PEPTIDE1,1:R1-7:R2$$$",-5.99700000,ok,,flexible
"PEPTIDE1{meA.Me_dL.A.meF.T.I.F}$PEPTIDE1,PEPTIDE1,1:R1-7:R2$$$",-6.92800000,ok,,flexible
"PEPTIDE1{A.P.meL.Ser(tBu).I.3Pal.L}$PEPTIDE1,PEPTIDE1,1:R1-7:R2$$$",-5.59200000,ok,,flexible
"PEPTIDE1{A.L.meA.T.meL.P.P}$PEPTIDE1,PEPTIDE1,1:R1-7:R2$$$",-5.65000000,ok,,flexible
"PEPTIDE1{Me_dA.A.F.T.V.meL.Ser(tBu)}$PEPTIDE1,PEPTIDE1,1:R1-7:R2$$$",-5.49400000,ok,,flexible
"PEPTIDE1{meA.T.meL.P.T.Sar.L}$PEPTIDE1,PEPTIDE1,1:R1-7:R2$$$",-6.10100000,ok,,flexible
"PEPTIDE1{dA.dL.A.meL.F.L.Me_dL}$PEPTIDE1,PEPTIDE1,1:R1-7:R2$$$",-5.59700000,ok,,flexible
"PEPTIDE1{L.A.T.Sar.P.meA.T}$PEPTIDE1,PEPTIDE1,1:R1-7:R2$$$",-6.38000000,ok,,flexible
"PEPTIDE1{Pr_Gly.Me_dL.meL.meS.L.meL.meA}$PEPTIDE1,PEPTIDE1,1:R1-7:R2$$$",-5.23800000,ok,,flexible
"PEPTIDE1{L.meL.A.T.I.meL.dL}$PEPTIDE1,PEPTIDE1,1:R1-7:R2$$$",-4.92000000,ok,,flexible
"PEPTIDE1{A.F.meA.P.T.L.Ser(tBu)}$PEPTIDE1,PEPTIDE1,1:R1-7:R2$$$",-6.87200000,ok,,flexible
"PEPTIDE1{F.T.meL.L.Me_dL.V.meL}$PEPTIDE1,PEPTIDE1,1:R1-7:R2$$$",-5.12400000,ok,,flexible
"PEPTIDE1{Me_Bal.L.dL.Me_dL.meF.meA.meL}$PEPTIDE1,PEPTIDE1,1:R1-7:R2$$$",-5.59600000,ok,,flexible
"PEPTIDE1{A.Sar.dL.T.meA.Bn_Gly.T}$PEPTIDE1,PEPTIDE1,1:R1-7:R2$$$",-6.58100000,ok,,flexible
"PEPTIDE1{Mono6.meS.A.V.meA.F.dL}$PEPTIDE1,PEPTIDE1,1:R1-7:R2$$$",-6.50600000,ok,,flexible
"PEPTIDE1{meA.Mono38.Ser(tBu).Sar.L.T.I}$PEPTIDE1,PEPTIDE1,1:R1-7:R2$$$",-6.11100000,ok,,flexible
"PEPTIDE1{Pr_Gly.T.meL.Me_dA.dP.meS.T}$PEPTIDE1,PEPTIDE1,1:R1-7:R2$$$",-5.81100000,ok,,flexible
"PEPTIDE1{dF.meA.A.L.meL.Me_dL.Me_dA}$PEPTIDE1,PEPTIDE1,1:R1-7:R2$$$",-5.90600000,ok,,flexible
"PEPTIDE1{F.Me_dL.T.meA.A.Me_Phe(3-Cl).meL}$PEPTIDE1,PEPTIDE1,1:R1-7:R2$$$",-6.06000000,ok,,flexible
"PEPTIDE1{Mono6.L.Me_dA.Me_Phe(3-Cl).dP.meA.T}$PEPTIDE1,PEPTIDE1,1:R1-7:R2$$$",-6.47400000,ok,,flexible
"PEPTIDE1{Me_dA.A.meA.meF.meL.T.dL}$PEPTIDE1,PEPTIDE1,1:R1-7:R2$$$",-5.98300000,ok,,flexible
"PEPTIDE1{meA.A.I.Me_dL.L.P.T}$PEPTIDE1,PEPTIDE1,1:R1-7:R2$$$",-6.67300000,ok,,flexible
"PEPTIDE1{dV.dP.meL.T.F.Me_dL.meF}$PEPTIDE1,PEPTIDE1,1:R1-7:R2$$$",-5.32500000,ok,,flexible
"PEPTIDE1{meL.Abu.D.T.A.Aoc(2).Abu}$PEPTIDE1,PEPTIDE1,1:R1-7:R2$$$",-5.46300000,ok,,flexible
"PEPTIDE1{meA.T.P.meL.meL.meF.meV}$PEPTIDE1,PEPTIDE1,1:R1-7:R2$$$",-5.92700000,ok,,flexible
"PEPTIDE1{Me_Bal.L.meA.dP.L.meF.T}$PEPTIDE1,PEPTIDE1,1:R1-7:R2$$$",-6.03400000,ok,,flexible
"PEPTIDE1{dA.meS.meL.F.T.meA.L}$PEPTIDE1,PEPTIDE1,1:R1-7:R2$$$",-5.74300000,ok,,flexible
"PEPTIDE1{A.Sar.V.meA.F.T.Bn_Gly}$PEPTIDE1,PEPTIDE1,1:R1-7:R2$$$",-7.16000000,ok,,flexible
"PEPTIDE1{meL.A.P.T.L.meL.dL}$PEPTIDE1,PEPTIDE1,1:R1-7:R2$$$",-5.64400000,ok,,flexible
"PEPTIDE1{meL.meS.T.Me_dL.A.dA.dL}$PEPTIDE1,PEPTIDE1,1:R1-7:R2$$$",-5.52600000,ok,,flexible
"PEPTIDE1{Me_Bal.meF.A.meL.dP.Me_dA.Me_dL}$PEPTIDE1,PEPTIDE1,1:R1-7:R2$$$",-6.76500000,ok,,flexible
"PEPTIDE1{dA.A.Me_dL.meA.V.meL.dL}$PEPTIDE1,PEPTIDE1,1:R1-7:R2$$$",-5.56100000,ok,,flexible
"PEPTIDE1{Pr_Gly.L.F.A.T.meA.dL}$PEPTIDE1,PEPTIDE1,1:R1-7:R2$$$",-5.48500000,ok,,flexible
"PEPTIDE1{Me_dA.meF.T.I.F.meL.Me_dL}$PEPTIDE1,PEPTIDE1,1:R1-7:R2$$$",-6.11400000,ok,,flexible
"PEPTIDE1{meA.G.F.L.meL.meF.A}$PEPTIDE1,PEPTIDE1,1:R1-7:R2$$$",-5.97500000,ok,,flexible
"PEPTIDE1{Me_Bal.meL.L.Pr_Gly.F.meA.I}$PEPTIDE1,PEPTIDE1,1:R1-7:R2$$$",-6.52200000,ok,,flexible
"PEPTIDE1{dV.Sar.V.P.dL.L.Ser(tBu)}$PEPTIDE1,PEPTIDE1,1:R1-7:R2$$$",-5.34500000,ok,,flexible
"PEPTIDE1{L.A.T.meF.F.meL.meV}$PEPTIDE1,PEPTIDE1,1:R1-7:R2$$$",-5.32400000,ok,,flexible
"PEPTIDE1{meA.Nle.L.P.meS.dP.T}$PEPTIDE1,PEPTIDE1,1:R1-7:R2$$$",-5.60200000,ok,,flexible
"PEPTIDE1{Me_dA.meA.A.L.meF.T.G}$PEPTIDE1,PEPTIDE1,1:R1-7:R2$$$",-6.35800000,ok,,flexible
"PEPTIDE1{dF.A.T.meF.L.Me_dL.Ala(5-Tet)}$PEPTIDE1,PEPTIDE1,1:R1-7:R2$$$",-6.05100000,ok,,flexible
"PEPTIDE1{Me_Bal.meL.F.meF.Me_dL.meL.I}$PEPTIDE1,PEPTIDE1,1:R1-7:R2$$$",-5.46200000,ok,,flexible
"PEPTIDE1{Me_dA.G.Me_dL.Ser(tBu).I.dL.meA}$PEPTIDE1,PEPTIDE1,1:R1-7:R2$$$",-5.67200000,ok,,flexible
"PEPTIDE1{L.cHexCH2_Gly.meV.F.meA.T.meL}$PEPTIDE1,PEPTIDE1,1:R1-7:R2$$$",-4.80400000,ok,,flexible
"PEPTIDE1{A.L.dL.Sar.Ser(tBu).meL.V}$PEPTIDE1,PEPTIDE1,1:R1-7:R2$$$",-5.84700000,ok,,flexible
"PEPTIDE1{P.A.meA.meL.Pr_Gly.G.Ser(tBu)}$PEPTIDE1,PEPTIDE1,1:R1-7:R2$$$",-5.88700000,ok,,flexible
"PEPTIDE1{dA.I.L.T.dL.Me_dL.meF}$PEPTIDE1,PEPTIDE1,1:R1-7:R2$$$",-4.99300000,ok,,flexible
"PEPTIDE1{Mono6.pentyl_Gly.T.dL.G.meA.L}$PEPTIDE1,PEPTIDE1,1:R1-7:R2$$$",-5.99600000,ok,,flexible
"PEPTIDE1{dA.L.F.Ser(tBu).meL.meA.I}$PEPTIDE1,PEPTIDE1,1:R1-7:R2$$$",-5.74600000,ok,,flexible
"PEPTIDE1{dA.Me_dA.dL.Me_dL.A.meL.F}$PEPTIDE1,PEPTIDE1,1:R1-7:R2$$$",-6.42000000,ok,,flexible
"PEPTIDE1{Me_Bal.Me_dL.meL.dL.V.Me_dA.meA}$PEPTIDE1,PEPTIDE1,1:R1-7:R2$$$",-5.52800000,ok,,flexible
"PEPTIDE1{dA.meA.dL.Me_dL.Ser(tBu).A.L}$PEPTIDE1,PEPTIDE1,1:R1-7:R2$$$",-5.93900000,ok,,flexible
"PEPTIDE1{dV.P.meA.meL.T.I.G}$PEPTIDE1,PEPTIDE1,1:R1-7:R2$$$",-6.22700000,ok,,flexible
"PEPTIDE1{Me_dA.F.Pr_Gly.meL.A.Ser(tBu).V}$PEPTIDE1,PEPTIDE1,1:R1-7:R2$$$",-5.78000000,ok,,flexible
"PEPTIDE1{dF.T.L.P.T.V.A}$PEPTIDE1,PEPTIDE1,1:R1-7:R2$$$",-6.06400000,ok,,flexible
"PEPTIDE1{F.T.Abu.L.meS.meL.meA}$PEPTIDE1,PEPTIDE1,1:R1-7:R2$$$",-6.21100000,ok,,flexible
"PEPTIDE1{dA.meL.Pr_Gly.dL.A.Me_dL.F}$PEPTIDE1,PEPTIDE1,1:R1-7:R2$$$",-5.38900000,ok,,flexible
"PEPTIDE1{meA.T.meF.F.L.meL.G}$PEPTIDE1,PEPTIDE1,1:R1-7:R2$$$",-6.23300000,ok,,flexible
"PEPTIDE1{A.L.Ser(tBu).meF.meL.L.I}$PEPTIDE1,PEPTIDE1,1:R1-7:R2$$$",-5.21700000,ok,,flexible
"PEPTIDE1{L.pentyl_Gly.I.meA.meI.T.L}$PEPTIDE1,PEPTIDE1,1:R1-7:R2$$$",-5.34300000,ok,,flexible
"PEPTIDE1{meA.T.dL.L.F.T.Me_dL}$PEPTIDE1,PEPTIDE1,1:R1-7:R2$$$",-5.70300000,ok,,flexible
"PEPTIDE1{F.I.meS.T.Abu.meF.meA}$PEPTIDE1,PEPTIDE1,1:R1-7:R2$$$",-6.10600000,ok,,flexible
"PEPTIDE1{F.Me_dA.Pr_Gly.I.V.L.meL}$PEPTIDE1,PEPTIDE1,1:R1-7:R2$$$",-5.24500000,ok,,flexible
"PEPTIDE1{Me_Bal.L.V.meA.Me_dL.meF.F}$PEPTIDE1,PEPTIDE1,1:R1-7:R2$$$",-6.03200000,ok,,flexible
"PEPTIDE1{meA.F.T.T.P.meF.V}$PEPTIDE1,PEPTIDE1,1:R1-7:R2$$$",-6.21700000,ok,,flexible
"PEPTIDE1{dF.Me_dA.T.Abu.A.P.meL}$PEPTIDE1,PEPTIDE1,1:R1-7:R2$$$",-6.49000000,ok,,flexible
"PEPTIDE1{Me_Bal.meF.meA.Me_dL.dL.meL.L}$PEPTIDE1,PEPTIDE1,1:R1-7:R2$$$",-5.77600000,ok,,flexible
"PEPTIDE1{Me_dA.F.Pr_Gly.Me_Phe(3-Cl).V.A.L}$PEPTIDE1,PEPTIDE1,1:R1-7:R2$$$",-5.57700000,ok,,flexible
"PEPTIDE1{meA.meS.L.T.meF.dL.Ser(tBu)}$PEPTIDE1,PEPTIDE1,1:R1-7:R2$$$",-5.78600000,ok,,flexible
"PEPTIDE1{dV.A.Ser(tBu).Me_dL.L.meA.meF}$PEPTIDE1,PEPTIDE1,1:R1-7:R2$$$",-5.37000000,ok,,flexible
"PEPTIDE1{dV.A.Bn_Gly.L.meA.meL.I}$PEPTIDE1,PEPTIDE1,1:R1-7:R2$$$",-5.50100000,ok,,flexible
"PEPTIDE1{Pr_Gly.Me_dL.L.P.meL.cHexCH2_Gly.I}$PEPTIDE1,PEPTIDE1,1:R1-7:R2$$$",-5.42400000,ok,,flexible
"PEPTIDE1{meA.Me_dL.meL.meF.Me_dL.L.A}$PEPTIDE1,PEPTIDE1,1:R1-7:R2$$$",-5.40700000,ok,,flexible
"PEPTIDE1{dV.meF.L.V.meA.T.meI}$PEPTIDE1,PEPTIDE1,1:R1-7:R2$$$",-5.71000000,ok,,flexible
"PEPTIDE1{Me_Bal.I.L.dL.meF.meL.Me_dL}$PEPTIDE1,PEPTIDE1,1:R1-7:R2$$$",-5.26000000,ok,,flexible
"PEPTIDE1{dV.meS.L.T.A.Me_dL.Me_dA}$PEPTIDE1,PEPTIDE1,1:R1-7:R2$$$",-5.43600000,ok,,flexible
"PEPTIDE1{Me_dA.A.F.meA.G.dL.meL}$PEPTIDE1,PEPTIDE1,1:R1-7:R2$$$",-6.49200000,ok,,flexible
"PEPTIDE1{dV.meA.T.meL.Me_dL.F.meL}$PEPTIDE1,PEPTIDE1,1:R1-7:R2$$$",-5.94300000,ok,,flexible
"PEPTIDE1{dV.meF.meA.Me_dL.Me_dA.T.dP}$PEPTIDE1,PEPTIDE1,1:R1-7:R2$$$",-5.99600000,ok,,flexible
"PEPTIDE1{dA.P.A.T.I.Ser(tBu).T}$PEPTIDE1,PEPTIDE1,1:R1-7:R2$$$",-5.80800000,ok,,flexible
"PEPTIDE1{dV.meA.A.F.meV.L.Me_dL}$PEPTIDE1,PEPTIDE1,1:R1-7:R2$$$",-6.40200000,ok,,flexible
"PEPTIDE1{Sar.F.Me_dL.meF.meL.I.V}$PEPTIDE1,PEPTIDE1,1:R1-7:R2$$$",-5.94500000,ok,,flexible
"PEPTIDE1{Sar.T.A.F.meL.meA.dL}$PEPTIDE1,PEPTIDE1,1:R1-7:R2$$$",-6.59900000,ok,,flexible
"PEPTIDE1{Me_Bal.meL.dL.Ser(tBu).L.meL.F}$PEPTIDE1,PEPTIDE1,1:R1-7:R2$$$",-5.49400000,ok,,flexible
"PEPTIDE1{L.meF.P.Ser(tBu).dP.dP.pentyl_Gly}$PEPTIDE1,PEPTIDE1,1:R1-7:R2$$$",-5.98100000,ok,,flexible
"PEPTIDE1{A.Abu.meF.dA.meA.Me_dL.dL}$PEPTIDE1,PEPTIDE1,1:R1-7:R2$$$",-5.82700000,ok,,flexible
"PEPTIDE1{Pr_Gly.F.dL.Mono38.T.L.cHexCH2_Gly}$PEPTIDE1,PEPTIDE1,1:R1-7:R2$$$",-5.63100000,ok,,flexible
"PEPTIDE1{Me_Bal.P.meL.Bn_Gly.L.Ser(tBu).T}$PEPTIDE1,PEPTIDE1,1:R1-7:R2$$$",-5.55200000,ok,,flexible
"PEPTIDE1{Sar.A.T.P.meL.V.meV}$PEPTIDE1,PEPTIDE1,1:R1-7:R2$$$",-6.68800000,ok,,flexible
"PEPTIDE1{Me_Bal.meL.Me_dL.Me_dL.A.F.T}$PEPTIDE1,PEPTIDE1,1:R1-7:R2$$$",-6.08000000,ok,,flexible
"PEPTIDE1{A.meF.meA.V.I.Me_Phe(3-Cl).T}$PEPTIDE1,PEPTIDE1,1:R1-7:R2$$$",-6.36400000,ok,,flexible
"PEPTIDE1{Mono6.A.T.dL.V.T.F}$PEPTIDE1,PEPTIDE1,1:R1-7:R2$$$",-6.02800000,ok,,flexible
"PEPTIDE1{Sar.meA.I.Ser(tBu).meI.T.meL}$PEPTIDE1,PEPTIDE1,1:R1-7:R2$$$",-4.70000000,ok,,flexible
"PEPTIDE1{Sar.meA.F.meL.L.I.T}$PEPTIDE1,PEPTIDE1,1:R1-7:R2$$$",-6.12700000,ok,,flexible
"PEPTIDE1{A.T.L.meS.dL.Me_dL.A}$PEPTIDE1,PEPTIDE1,1:R1-7:R2$$$",-5.69900000,ok,,flexible
"PEPTIDE1{Me_dA.L.A.dL.I.meF.meA}$PEPTIDE1,PEPTIDE1,1:R1-7:R2$$$",-5.92500000,ok,,flexible
"PEPTIDE1{meA.P.L.L.A.T.dL}$PEPTIDE1,PEPTIDE1,1:R1-7:R2$$$",-6.05800000,ok,,flexible
"PEPTIDE1{meA.L.L.I.V.meL.meA}$PEPTIDE1,PEPTIDE1,1:R1-7:R2$$$",-5.57000000,ok,,flexible
"PEPTIDE1{A.L.Abu.T.meA.meL.Me_dL}$PEPTIDE1,PEPTIDE1,1:R1-7:R2$$$",-5.50500000,ok,,flexible
"PEPTIDE1{Me_dA.P.Me_dL.dP.meL.F.meL}$PEPTIDE1,PEPTIDE1,1:R1-7:R2$$$",-6.04500000,ok,,flexible
"PEPTIDE1{L.A.meS.meL.meF.Ser(tBu).Mono78}$PEPTIDE1,PEPTIDE1,1:R1-7:R2$$$",-5.10900000,ok,,flexible
"PEPTIDE1{L.Abu.meA.meF.Sar.meS.V}$PEPTIDE1,PEPTIDE1,1:R1-7:R2$$$",-5.94200000,ok,,flexible
"PEPTIDE1{Me_dA.L.Me_dL.meL.T.L.P}$PEPTIDE1,PEPTIDE1,1:R1-7:R2$$$",-5.51000000,ok,,flexible
"PEPTIDE1{dA.T.meF.T.meL.A.F}$PEPTIDE1,PEPTIDE1,1:R1-7:R2$$$",-6.24400000,ok,,flexible
"PEPTIDE1{A.meL.meF.G.meA.T.dP}$PEPTIDE1,PEPTIDE1,1:R1-7:R2$$$",-6.88800000,ok,,flexible
"PEPTIDE1{P.Me_dA.Pr_Gly.V.L.meA.Me_dL}$PEPTIDE1,PEPTIDE1,1:R1-7:R2$$$",-5.91800000,ok,,flexible
"PEPTIDE1{dA.A.meL.Me_dL.L.meF.meA}$PEPTIDE1,PEPTIDE1,1:R1-7:R2$$$",-6.19500000,ok,,flexible
"PEPTIDE1{Me_dA.L.dA.T.Sar.meL.I}$PEPTIDE1,PEPTIDE1,1:R1-7:R2$$$",-6.22400000,ok,,flexible
"PEPTIDE1{Me_Bal.I.Ser(tBu).T.L.A.meA}$PEPTIDE1,PEPTIDE1,1:R1-7:R2$$$",-5.58300000,ok,,flexible
"PEPTIDE1{Me_dA.P.A.L.T.G.A}$PEPTIDE1,PEPTIDE1,1:R1-7:R2$$$",-6.50800000,ok,,flexible
"PEPTIDE1{dF.meL.L.T.P.T.Ser(tBu)}$PEPTIDE1,PEPTIDE1,1:R1-7:R2$$$",-4.97900000,ok,,flexible
"PEPTIDE1{A.Abu.Aoc(2).V.Sar.Ser(tBu).meA}$PEPTIDE1,PEPTIDE1,1:R1-7:R2$$$",-5.20400000,ok,,flexible
"PEPTIDE1{dF.meL.dL.F.G.I.Ser(tBu)}$PEPTIDE1,PEPTIDE1,1:R1-7:R2$$$",-5.68400000,ok,,flexible
"PEPTIDE1{Me_Bal.A.F.meL.Ser(tBu).A.meA}$PEPTIDE1,PEPTIDE1,1:R1-7:R2$$$",-5.56200000,ok,,flexible
"PEPTIDE1{A.meL.Pr_Gly.Me_dL.Me_dA.dV.dL}$PEPTIDE1,PEPTIDE1,1:R1-7:R2$$$",-5.31000000,ok,,flexible
"PEPTIDE1{A.Pr_Gly.Me_dL.L.V.meL.F}$PEPTIDE1,PEPTIDE1,1:R1-7:R2$$$",-5.21300000,ok,,flexible
"PEPTIDE1{meA.F.meL.Pr_Gly.meV.dL.A}$PEPTIDE1,PEPTIDE1,1:R1-7:R2$$$",-5.89500000,ok,,flexible
"PEPTIDE1{Me_dA.meF.dP.P.T.V.I}$PEPTIDE1,PEPTIDE1,1:R1-7:R2$$$",-6.16000000,ok,,flexible
"PEPTIDE1{F.A.cHexCH2_Gly.I.meA.V.T}$PEPTIDE1,PEPTIDE1,1:R1-7:R2$$$",-5.85600000,ok,,flexible
"PEPTIDE1{dA.L.T.meA.meL.A.Ser(tBu)}$PEPTIDE1,PEPTIDE1,1:R1-7:R2$$$",-5.72200000,ok,,flexible
"PEPTIDE1{dA.L.L.dL.meF.meA.T}$PEPTIDE1,PEPTIDE1,1:R1-7:R2$$$",-6.99400000,ok,,flexible
"PEPTIDE1{dV.A.meL.meA.Me_dA.Ala(5-Tet).Me_dL}$PEPTIDE1,PEPTIDE1,1:R1-7:R2$$$",-6.75700000,ok,,flexible
"PEPTIDE1{dV.meA.meL.G.I.meL.Ser(tBu)}$PEPTIDE1,PEPTIDE1,1:R1-7:R2$$$",-5.45300000,ok,,flexible
"PEPTIDE1{dA.A.L.meA.I.meF.Ser(tBu)}$PEPTIDE1,PEPTIDE1,1:R1-7:R2$$$",-5.53400000,ok,,flexible
"PEPTIDE1{Me_dA.meA.Pr_Gly.Ser(tBu).meL.dL.F}$PEPTIDE1,PEPTIDE1,1:R1-7:R2$$$",-5.60400000,ok,,flexible
"PEPTIDE1{meL.dL.meA.L.Sar.A.Ser(tBu)}$PEPTIDE1,PEPTIDE1,1:R1-7:R2$$$",-5.33900000,ok,,flexible
"PEPTIDE1{A.T.meA.dP.L.V.T}$PEPTIDE1,PEPTIDE1,1:R1-7:R2$$$",-6.17400000,ok,,flexible
"PEPTIDE1{F.meL.Me_dL.T.dL.meF.meA}$PEPTIDE1,PEPTIDE1,1:R1-7:R2$$$",-5.68300000,ok,,flexible
"PEPTIDE1{meA.T.A.Sar.dL.F.L}$PEPTIDE1,PEPTIDE1,1:R1-7:R2$$$",-6.40200000,ok,,flexible
"PEPTIDE1{Mono6.T.dP.meL.Me_dL.A.L}$PEPTIDE1,PEPTIDE1,1:R1-7:R2$$$",-6.02300000,ok,,flexible
"PEPTIDE1{Me_Bal.meA.T.meL.Ser(tBu).Me_dL.dL}$PEPTIDE1,PEPTIDE1,1:R1-7:R2$$$",-4.83800000,ok,,flexible
"PEPTIDE1{F.meL.meF.L.T.dL.meA}$PEPTIDE1,PEPTIDE1,1:R1-7:R2$$$",-5.56200000,ok,,flexible
"PEPTIDE1{A.meL.Me_dL.F.T.meL.dL}$PEPTIDE1,PEPTIDE1,1:R1-7:R2$$$",-5.45800000,ok,,flexible
"PEPTIDE1{Sar.dP.dL.dP.meA.T.V}$PEPTIDE1,PEPTIDE1,1:R1-7:R2$$$",-6.14800000,ok,,flexible
"PEPTIDE1{A.L.T.Me_dL.dP.dV.T}$PEPTIDE1,PEPTIDE1,1:R1-7:R2$$$",-6.24600000,ok,,flexible
"PEPTIDE1{meA.F.pentyl_Gly.P.T.dL.L}$PEPTIDE1,PEPTIDE1,1:R1-7:R2$$$",-5.20000000,ok,,flexible
"PEPTIDE1{dV.Ala(5-Tet).Me_dL.T.meA.L.A}$PEPTIDE1,PEPTIDE1,1:R1-7:R2$$$",-6.25300000,ok,,flexible
"PEPTIDE1{Mono6.L.T.I.meF.meL.Abu}$PEPTIDE1,PEPTIDE1,1:R1-7:R2$$$",-5.34700000,ok,,flexible
"PEPTIDE1{A.V.T.meV.Me_dL.F.meA}$PEPTIDE1,PEPTIDE1,1:R1-7:R2$$$",-5.45500000,ok,,flexible
"PEPTIDE1{dA.L.T.A.dP.meF.Me_dL}$PEPTIDE1,PEPTIDE1,1:R1-7:R2$$$",-6.03500000,ok,,flexible
"PEPTIDE1{dV.P.T.Me_dL.Me_dA.meL.dL}$PEPTIDE1,PEPTIDE1,1:R1-7:R2$$$",-5.47300000,ok,,flexible
"PEPTIDE1{Me_dA.pentyl_Gly.I.A.meL.V.dL}$PEPTIDE1,PEPTIDE1,1:R1-7:R2$$$",-4.78900000,ok,,flexible
"PEPTIDE1{Pr_Gly.Me_dL.meL.meF.V.L.P}$PEPTIDE1,PEPTIDE1,1:R1-7:R2$$$",-5.52500000,ok,,flexible
"PEPTIDE1{A.meA.meF.meL.L.T.I}$PEPTIDE1,PEPTIDE1,1:R1-7:R2$$$",-5.91700000,ok,,flexible
"PEPTIDE1{Me_dA.meL.L.meV.meF.dL.meA}$PEPTIDE1,PEPTIDE1,1:R1-7:R2$$$",-5.83600000,ok,,flexible
"PEPTIDE1{P.A.dL.V.T.meL.I}$PEPTIDE1,PEPTIDE1,1:R1-7:R2$$$",-5.47800000,ok,,flexible
"PEPTIDE1{dV.L.meA.dP.L.dL.G}$PEPTIDE1,PEPTIDE1,1:R1-7:R2$$$",-6.15700000,ok,,flexible
"PEPTIDE1{Me_Bal.pentyl_Gly.Abu.P.meA.meL.meL}$PEPTIDE1,PEPTIDE1,1:R1-7:R2$$$",-5.71100000,ok,,flexible
"PEPTIDE1{Me_dA.meL.F.A.Sar.L.T}$PEPTIDE1,PEPTIDE1,1:R1-7:R2$$$",-6.31500000,ok,,flexible
"PEPTIDE1{dA.A.meL.V.meA.T.Me_dL}$PEPTIDE1,PEPTIDE1,1:R1-7:R2$$$",-5.65900000,ok,,flexible
"PEPTIDE1{dV.Me_dA.meL.L.I.T.P}$PEPTIDE1,PEPTIDE1,1:R1-7:R2$$$",-6.63600000,ok,,flexible
"PEPTIDE1{meA.A.Me_dL.Phe(4-CF3).meL.T.L}$PEPTIDE1,PEPTIDE1,1:R1-7:R2$$$",-5.98300000,ok,,flexible
"PEPTIDE1{A.G.L.dL.F.meL.meA}$PEPTIDE1,PEPTIDE1,1:R1-7:R2$$$",-5.54400000,ok,,flexible
"PEPTIDE1{meA.meF.meS.A.I.F.Sar}$PEPTIDE1,PEPTIDE1,1:R1-7:R2$$$",-6.69000000,ok,,flexible
"PEPTIDE1{Mono6.Me_dL.meL.L.A.meA.Me_dA}$PEPTIDE1,PEPTIDE1,1:R1-7:R2$$$",-6.17900000,ok,,flexible
"PEPTIDE1{Me_Bal.L.T.meA.V.meF.meL}$PEPTIDE1,PEPTIDE1,1:R1-7:R2$$$",-5.75500000,ok,,flexible
"PEPTIDE1{Mono6.Abu.P.meF.meA.V.meL}$PEPTIDE1,PEPTIDE1,1:R1-7:R2$$$",-6.08800000,ok,,flexible
"PEPTIDE1{meA.A.meS.L.dP.Me_dL.dL}$PEPTIDE1,PEPTIDE1,1:R1-7:R2$$$",-5.58600000,ok,,flexible
"PEPTIDE1{Me_dA.Abu.A.I.V.meL.P}$PEPTIDE1,PEPTIDE1,1:R1-7:R2$$$",-5.51300000,ok,,flexible
"PEPTIDE1{Me_dA.Pr_Gly.L.F.V.L.Ser(tBu)}$PEPTIDE1,PEPTIDE1,1:R1-7:R2$$$",-5.08300000,ok,,flexible
"PEPTIDE1{dA.A.meL.T.meA.Sar.meF}$PEPTIDE1,PEPTIDE1,1:R1-7:R2$$$",-6.37400000,ok,,flexible
"PEPTIDE1{Pr_Gly.L.I.Ser(tBu).meL.meF.dP}$PEPTIDE1,PEPTIDE1,1:R1-7:R2$$$",-4.78800000,ok,,flexible
"PEPTIDE1{meA.P.meL.meF.F.V.Ser(tBu)}$PEPTIDE1,PEPTIDE1,1:R1-7:R2$$$",-5.51000000,ok,,flexible
"PEPTIDE1{dF.L.Mono86.Mono84.F.G.meA}$PEPTIDE1,PEPTIDE1,1:R1-7:R2$$$",-6.64300000,ok,,flexible
"PEPTIDE1{Sar.dP.L.meA.T.V.F}$PEPTIDE1,PEPTIDE1,1:R1-7:R2$$$",-6.05800000,ok,,flexible
"PEPTIDE1{dV.meL.T.A.P.L.Ala(5-Tet)}$PEPTIDE1,PEPTIDE1,1:R1-7:R2$$$",-5.90400000,ok,,flexible
"PEPTIDE1{Me_dA.meA.T.meL.meF.I.V}$PEPTIDE1,PEPTIDE1,1:R1-7:R2$$$",-5.92100000,ok,,flexible
"PEPTIDE1{L.A.G.T.T.T.Sar}$PEPTIDE1,PEPTIDE1,1:R1-7:R2$$$",-6.52900000,ok,,flexible
"PEPTIDE1{dV.L.A.Me_dL.T.meF.meA}$PEPTIDE1,PEPTIDE1,1:R1-7:R2$$$",-5.71100000,ok,,flexible
"PEPTIDE1{meA.V.A.dL.I.meL.F}$PEPTIDE1,PEPTIDE1,1:R1-7:R2$$$",-5.48900000,ok,,flexible
"PEPTIDE1{Mono6.Pr_Gly.Ser(tBu).meL.T.dP.meF}$PEPTIDE1,PEPTIDE1,1:R1-7:R2$$$",-5.65400000,ok,,flexible
"PEPTIDE1{meA.meL.Abu.A.Aoc(2).L.T}$PEPTIDE1,PEPTIDE1,1:R1-7:R2$$$",-4.67100000,ok,,flexible
"PEPTIDE1{P.meL.Me_dL.Me_dA.L.dP.dV}$PEPTIDE1,PEPTIDE1,1:R1-7:R2$$$",-6.00500000,ok,,flexible
"PEPTIDE1{Me_dA.meL.A.Abu.Sar.I.V}$PEPTIDE1,PEPTIDE1,1:R1-7:R2$$$",-6.04900000,ok,,flexible
"PEPTIDE1{Pr_Gly.A.F.L.Me_dL.Abu.meF}$PEPTIDE1,PEPTIDE1,1:R1-7:R2$$$",-6.58400000,ok,,flexible
"PEPTIDE1{Pr_Gly.F.I.L.P.L.V}$PEPTIDE1,PEPTIDE1,1:R1-7:R2$$$",-5.58800000,ok,,flexible
"PEPTIDE1{Me_Bal.F.P.T.L.dL.A}$PEPTIDE1,PEPTIDE1,1:R1-7:R2$$$",-6.67200000,ok,,flexible
"PEPTIDE1{A.Me_dA.V.dL.meL.L.meF}$PEPTIDE1,PEPTIDE1,1:R1-7:R2$$$",-6.36800000,ok,,flexible
"PEPTIDE1{dP.meL.T.F.Pr_Gly.A.V}$PEPTIDE1,PEPTIDE1,1:R1-7:R2$$$",-5.50900000,ok,,flexible
"PEPTIDE1{Me_Bal.dL.A.dP.meL.Ser(tBu).T}$PEPTIDE1,PEPTIDE1,1:R1-7:R2$$$",-5.72800000,ok,,flexible
"PEPTIDE1{meA.G.V.meL.A.F.T}$PEPTIDE1,PEPTIDE1,1:R1-7:R2$$$",-6.79800000,ok,,flexible
"PEPTIDE1{A.meL.I.meL.meA.V.L}$PEPTIDE1,PEPTIDE1,1:R1-7:R2$$$",-6.22300000,ok,,flexible
"PEPTIDE1{L.P.dL.I.meL.T.Me_dL}$PEPTIDE1,PEPTIDE1,1:R1-7:R2$$$",-5.92300000,ok,,flexible
"PEPTIDE1{meA.dP.A.F.Me_dL.I.Ser(tBu)}$PEPTIDE1,PEPTIDE1,1:R1-7:R2$$$",-6.05000000,ok,,flexible
"PEPTIDE1{Me_Bal.Ser(tBu).meF.I.P.Aoc(2).L}$PEPTIDE1,PEPTIDE1,1:R1-7:R2$$$",-5.10100000,ok,,flexible
"PEPTIDE1{Pr_Gly.V.meA.Sar.meL.L.T}$PEPTIDE1,PEPTIDE1,1:R1-7:R2$$$",-5.74800000,ok,,flexible
"PEPTIDE1{L.I.meF.Aoc(2).meL.Sar.A}$PEPTIDE1,PEPTIDE1,1:R1-7:R2$$$",-5.53600000,ok,,flexible
"PEPTIDE1{meA.meL.A.Sar.dA.L.dP}$PEPTIDE1,PEPTIDE1,1:R1-7:R2$$$",-6.46300000,ok,,flexible
"PEPTIDE1{A.meL.dV.T.Ser(tBu).F.L}$PEPTIDE1,PEPTIDE1,1:R1-7:R2$$$",-5.48600000,ok,,flexible
"PEPTIDE1{meA.F.meF.meL.Ser(tBu).L.P}$PEPTIDE1,PEPTIDE1,1:R1-7:R2$$$",-5.71500000,ok,,flexible
"PEPTIDE1{meA.Mono38.Bn_Gly.V.L.P.L}$PEPTIDE1,PEPTIDE1,1:R1-7:R2$$$",-6.27200000,ok,,flexible
"PEPTIDE1{P.Me_Phe(3-Cl).Me_dA.A.Me_dL.dF.meL}$PEPTIDE1,PEPTIDE1,1:R1-7:R2$$$",-6.17600000,ok,,flexible
"PEPTIDE1{Me_Bal.pentyl_Gly.L.meL.I.T.Me_dL}$PEPTIDE1,PEPTIDE1,1:R1-7:R2$$$",-4.83400000,ok,,flexible
"PEPTIDE1{A.Pr_Gly.dL.V.meL.Ser(tBu).meA}$PEPTIDE1,PEPTIDE1,1:R1-7:R2$$$",-5.81400000,ok,,flexible
"PEPTIDE1{dA.meA.Me_dA.A.meL.dL.L}$PEPTIDE1,PEPTIDE1,1:R1-7:R2$$$",-5.97500000,ok,,flexible
"PEPTIDE1{meL.meS.A.Sar.meL.Me_dL.meF}$PEPTIDE1,PEPTIDE1,1:R1-7:R2$$$",-5.84700000,ok,,flexible
"PEPTIDE1{dV.meL.meA.L.T.V.A}$PEPTIDE1,PEPTIDE1,1:R1-7:R2$$$",-5.54500000,ok,,flexible
"PEPTIDE1{F.A.L.meF.meA.T.Me_dL}$PEPTIDE1,PEPTIDE1,1:R1-7:R2$$$",-5.53700000,ok,,flexible
"PEPTIDE1{Sar.A.L.I.F.V.T}$PEPTIDE1,PEPTIDE1,1:R1-7:R2$$$",-5.68500000,ok,,flexible
"PEPTIDE1{Pr_Gly.meS.meA.A.meL.Me_dA.T}$PEPTIDE1,PEPTIDE1,1:R1-7:R2$$$",-5.77000000,ok,,flexible
"PEPTIDE1{dV.meF.T.Me_dL.meA.I.F}$PEPTIDE1,PEPTIDE1,1:R1-7:R2$$$",-5.48600000,ok,,flexible
"PEPTIDE1{meA.Abu.meF.A.T.V.Aoc(2)}$PEPTIDE1,PEPTIDE1,1:R1-7:R2$$$",-5.40000000,ok,,flexible
"PEPTIDE1{L.cHexCH2_Gly.I.dL.Ser(tBu).Mono86.meA}$PEPTIDE1,PEPTIDE1,1:R1-7:R2$$$",-5.18800000,ok,,flexible
"PEPTIDE1{A.meA.L.T.Me_dL.meA.meL}$PEPTIDE1,PEPTIDE1,1:R1-7:R2$$$",-6.21900000,ok,,flexible
"PEPTIDE1{meA.P.I.L.A.meF.Me_dL}$PEPTIDE1,PEPTIDE1,1:R1-7:R2$$$",-6.31800000,ok,,flexible
"PEPTIDE1{dA.F.dP.meF.P.A.I}$PEPTIDE1,PEPTIDE1,1:R1-7:R2$$$",-6.13500000,ok,,flexible
"PEPTIDE1{dV.T.dL.I.meL.F.meF}$PEPTIDE1,PEPTIDE1,1:R1-7:R2$$$",-5.51900000,ok,,flexible
"PEPTIDE1{Pr_Gly.Mono38.meL.Me_dL.meA.dL.L}$PEPTIDE1,PEPTIDE1,1:R1-7:R2$$$",-5.35600000,ok,,flexible
"PEPTIDE1{Me_dA.A.meF.meL.dL.P.Ser(tBu)}$PEPTIDE1,PEPTIDE1,1:R1-7:R2$$$",-6.01000000,ok,,flexible
"PEPTIDE1{Pr_Gly.Me_dL.Me_dA.L.meA.A.dL}$PEPTIDE1,PEPTIDE1,1:R1-7:R2$$$",-5.54700000,ok,,flexible
"PEPTIDE1{L.meF.T.T.Aoc(2).meA.dL}$PEPTIDE1,PEPTIDE1,1:R1-7:R2$$$",-5.41100000,ok,,flexible
"PEPTIDE1{meA.V.L.I.A.meL.Mono86}$PEPTIDE1,PEPTIDE1,1:R1-7:R2$$$",-5.34000000,ok,,flexible
"PEPTIDE1{A.meL.T.meF.T.Me_dA.meL}$PEPTIDE1,PEPTIDE1,1:R1-7:R2$$$",-6.58600000,ok,,flexible
"PEPTIDE1{Mono6.meF.meA.V.Me_dL.A.T}$PEPTIDE1,PEPTIDE1,1:R1-7:R2$$$",-5.87000000,ok,,flexible
"PEPTIDE1{dA.meL.meS.Abu.L.meF.T}$PEPTIDE1,PEPTIDE1,1:R1-7:R2$$$",-6.26400000,ok,,flexible
"PEPTIDE1{dA.meA.T.Abu.meF.meL.Me_dA}$PEPTIDE1,PEPTIDE1,1:R1-7:R2$$$",-6.18800000,ok,,flexible
"PEPTIDE1{Mono6.meA.Me_dL.P.dL.meL.A}$PEPTIDE1,PEPTIDE1,1:R1-7:R2$$$",-6.06300000,ok,,flexible
"PEPTIDE1{dA.P.T.L.Me_dL.F.meV}$PEPTIDE1,PEPTIDE1,1:R1-7:R2$$$",-6.14100000,ok,,flexible
"PEPTIDE1{L.F.T.T.meF.Ser(tBu).Me_dL}$PEPTIDE1,PEPTIDE1,1:R1-7:R2$$$",-5.21300000,ok,,flexible
"PEPTIDE1{dA.L.F.A.meI.meL.V}$PEPTIDE1,PEPTIDE1,1:R1-7:R2$$$",-6.32000000,ok,,flexible
"PEPTIDE1{meA.meL.A.P.F.I.Mono78}$PEPTIDE1,PEPTIDE1,1:R1-7:R2$$$",-7.14300000,ok,,flexible
"PEPTIDE1{Me_dA.L.Me_dL.meL.meL.meA.V}$PEPTIDE1,PEPTIDE1,1:R1-7:R2$$$",-6.06600000,ok,,flexible
"PEPTIDE1{F.A.I.L.meL.P.meF}$PEPTIDE1,PEPTIDE1,1:R1-7:R2$$$",-5.79700000,ok,,flexible
"PEPTIDE1{meA.dL.I.meL.L.Sar.G}$PEPTIDE1,PEPTIDE1,1:R1-7:R2$$$",-5.71100000,ok,,flexible
"PEPTIDE1{dA.meL.L.meF.V.dL.meA}$PEPTIDE1,PEPTIDE1,1:R1-7:R2$$$",-6.47300000,ok,,flexible
"PEPTIDE1{Me_Bal.Pr_Gly.meF.A.meL.dL.L}$PEPTIDE1,PEPTIDE1,1:R1-7:R2$$$",-5.39100000,ok,,flexible
"PEPTIDE1{A.L.Ala(5-Tet).P.meL.meF.T}$PEPTIDE1,PEPTIDE1,1:R1-7:R2$$$",-6.44900000,ok,,flexible
"PEPTIDE1{meL.I.Ser(tBu).A.L.L.dL}$PEPTIDE1,PEPTIDE1,1:R1-7:R2$$$",-5.38700000,ok,,flexible
"PEPTIDE1{dA.dP.dL.meF.T.L.meA}$PEPTIDE1,PEPTIDE1,1:R1-7:R2$$$",-5.99700000,ok,,flexible
"PEPTIDE1{Me_Bal.P.Me_dL.Ser(tBu).I.A.V}$PEPTIDE1,PEPTIDE1,1:R1-7:R2$$$",-5.73500000,ok,,flexible
"PEPTIDE1{dV.A.G.Ser(tBu).meL.L.Me_dA}$PEPTIDE1,PEPTIDE1,1:R1-7:R2$$$",-5.72200000,ok,,flexible
"PEPTIDE1{Me_dA.Abu.meL.L.A.Me_dL.P}$PEPTIDE1,PEPTIDE1,1:R1-7:R2$$$",-5.66600000,ok,,flexible
"PEPTIDE1{dP.Pr_Gly.Me_dL.A.F.meL.meA}$PEPTIDE1,PEPTIDE1,1:R1-7:R2$$$",-6.37400000,ok,,flexible
"PEPTIDE1{dV.dL.Abu.meL.T.meF.T}$PEPTIDE1,PEPTIDE1,1:R1-7:R2$$$",-6.12700000,ok,,flexible
"PEPTIDE1{L.Me_dL.I.meA.meL.dP.P}$PEPTIDE1,PEPTIDE1,1:R1-7:R2$$$",-5.76400000,ok,,flexible
"PEPTIDE1{Me_Bal.meL.I.dL.meA.Bn_Gly.dV}$PEPTIDE1,PEPTIDE1,1:R1-7:R2$$$",-6.10600000,ok,,flexible
"PEPTIDE1{Mono6.T.A.L.dL.F.meA}$PEPTIDE1,PEPTIDE1,1:R1-7:R2$$$",-5.83600000,ok,,flexible
"PEPTIDE1{F.meL.V.L.Ser(tBu).meV.meL}$PEPTIDE1,PEPTIDE1,1:R1-7:R2$$$",-5.56800000,ok,,flexible
"PEPTIDE1{A.dA.meL.T.meA.T.Me_dL}$PEPTIDE1,PEPTIDE1,1:R1-7:R2$$$",-5.95600000,ok,,flexible
"PEPTIDE1{F.L.meA.V.L.A.T}$PEPTIDE1,PEPTIDE1,1:R1-7:R2$$$",-7.08500000,ok,,flexible
"PEPTIDE1{F.dL.L.meL.L.T.meA}$PEPTIDE1,PEPTIDE1,1:R1-7:R2$$$",-5.08500000,ok,,flexible
"PEPTIDE1{Me_Bal.I.meA.V.dL.meA.G}$PEPTIDE1,PEPTIDE1,1:R1-7:R2$$$",-5.32200000,ok,,flexible
"PEPTIDE1{meA.V.Me_dL.L.P.F.I}$PEPTIDE1,PEPTIDE1,1:R1-7:R2$$$",-6.31300000,ok,,flexible
"PEPTIDE1{Sar.Ser(tBu).meL.meL.T.dL.L}$PEPTIDE1,PEPTIDE1,1:R1-7:R2$$$",-4.90700000,ok,,flexible
"PEPTIDE1{F.L.T.A.Mono86.G.L}$PEPTIDE1,PEPTIDE1,1:R1-7:R2$$$",-5.49300000,ok,,flexible
"PEPTIDE1{A.L.T.Aoc(2).Abu.Ala(5-Tet).dL}$PEPTIDE1,PEPTIDE1,1:R1-7:R2$$$",-5.41700000,ok,,flexible
"PEPTIDE1{Me_dA.meA.T.Ser(tBu).F.meL.V}$PEPTIDE1,PEPTIDE1,1:R1-7:R2$$$",-5.76900000,ok,,flexible
"PEPTIDE1{meF.L.T.Ser(tBu).L.I.Mono84}$PEPTIDE1,PEPTIDE1,1:R1-7:R2$$$",-5.70200000,ok,,flexible
"PEPTIDE1{A.meA.P.L.T.meL.T}$PEPTIDE1,PEPTIDE1,1:R1-7:R2$$$",-6.07300000,ok,,flexible
"PEPTIDE1{meL.Abu.meF.V.I.T.Sar}$PEPTIDE1,PEPTIDE1,1:R1-7:R2$$$",-5.75200000,ok,,flexible
"PEPTIDE1{A.I.dP.meL.L.L.Me_Phe(3-Cl)}$PEPTIDE1,PEPTIDE1,1:R1-7:R2$$$",-5.64600000,ok,,flexible
"PEPTIDE1{A.T.I.L.L.meF.Phe(4-CF3)}$PEPTIDE1,PEPTIDE1,1:R1-7:R2$$$",-5.37300000,ok,,flexible
"PEPTIDE1{Pr_Gly.T.pentyl_Gly.meF.Ser(tBu).A.I}$PEPTIDE1,PEPTIDE1,1:R1-7:R2$$$",-4.73500000,ok,,flexible
"PEPTIDE1{Me_dA.meL.dL.Bn_Gly.L.T.Ser(tBu)}$PEPTIDE1,PEPTIDE1,1:R1-7:R2$$$",-5.15200000,ok,,flexible
"PEPTIDE1{A.meA.L.meL.meF.F.dA}$PEPTIDE1,PEPTIDE1,1:R1-7:R2$$$",-6.06200000,ok,,flexible
"PEPTIDE1{Me_Bal.cHexCH2_Gly.A.G.L.meF.Me_dL}$PEPTIDE1,PEPTIDE1,1:R1-7:R2$$$",-5.81500000,ok,,flexible
"PEPTIDE1{F.Abu.meA.A.Sar.meL.T}$PEPTIDE1,PEPTIDE1,1:R1-7:R2$$$",-6.19800000,ok,,flexible
"PEPTIDE1{dA.V.meL.L.meF.Abu.Ser(tBu)}$PEPTIDE1,PEPTIDE1,1:R1-7:R2$$$",-5.42100000,ok,,flexible
"PEPTIDE1{dA.Pr_Gly.A.meL.V.Me_dL.Me_dL}$PEPTIDE1,PEPTIDE1,1:R1-7:R2$$$",-5.91500000,ok,,flexible
"PEPTIDE1{Me_Bal.F.L.meA.I.V.Me_dL}$PEPTIDE1,PEPTIDE1,1:R1-7:R2$$$",-6.16800000,ok,,flexible
"PEPTIDE1{dA.F.meA.L.I.Me_dL.T}$PEPTIDE1,PEPTIDE1,1:R1-7:R2$$$",-5.82700000,ok,,flexible
"PEPTIDE1{Mono6.meL.P.T.L.T.Abu}$PEPTIDE1,PEPTIDE1,1:R1-7:R2$$$",-5.61000000,ok,,flexible
"PEPTIDE1{L.T.A.meA.Abu.V.I}$PEPTIDE1,PEPTIDE1,1:R1-7:R2$$$",-5.55600000,ok,,flexible
"PEPTIDE1{A.Ser(tBu).Me_dL.F.T.meA.meI}$PEPTIDE1,PEPTIDE1,1:R1-7:R2$$$",-5.79500000,ok,,flexible
"PEPTIDE1{meA.L.meF.Me_dL.dA.P.meL}$PEPTIDE1,PEPTIDE1,1:R1-7:R2$$$",-6.17600000,ok,,flexible
"PEPTIDE1{L.meL.F.V.meA.dP.dL}$PEPTIDE1,PEPTIDE1,1:R1-7:R2$$$",-5.92900000,ok,,flexible
"PEPTIDE1{L.G.F.meL.meF.T.meA}$PEPTIDE1,PEPTIDE1,1:R1-7:R2$$$",-6.21000000,ok,,flexible
"PEPTIDE1{A.T.dL.T.meL.Me_dL.dP}$PEPTIDE1,PEPTIDE1,1:R1-7:R2$$$",-5.53200000,ok,,flexible
"PEPTIDE1{meA.A.T.P.Me_dA.meL.L}$PEPTIDE1,PEPTIDE1,1:R1-7:R2$$$",-6.10200000,ok,,flexible
"PEPTIDE1{meA.dL.G.Me_dL.T.L.Ser(tBu)}$PEPTIDE1,PEPTIDE1,1:R1-7:R2$$$",-5.13300000,ok,,flexible
"PEPTIDE1{Pr_Gly.Me_Phe(3-Cl).T.A.L.I.dL}$PEPTIDE1,PEPTIDE1,1:R1-7:R2$$$",-5.67200000,ok,,flexible
"PEPTIDE1{Me_dA.meF.L.A.I.meA.Sar}$PEPTIDE1,PEPTIDE1,1:R1-7:R2$$$",-6.12700000,ok,,flexible
"PEPTIDE1{A.P.meA.Sar.meF.V.Me_dL}$PEPTIDE1,PEPTIDE1,1:R1-7:R2$$$",-6.46600000,ok,,flexible
"PEPTIDE1{dA.pentyl_Gly.F.meL.dP.meL.T}$PEPTIDE1,PEPTIDE1,1:R1-7:R2$$$",-5.02000000,ok,,flexible
"PEPTIDE1{A.meL.L.meF.Abu.T.I}$PEPTIDE1,PEPTIDE1,1:R1-7:R2$$$",-5.36400000,ok,,flexible
"PEPTIDE1{L.Aoc(2).Me_dL.Ser(tBu).Me_Phe(3-Cl).L.dL}$PEPTIDE1,PEPTIDE1,1:R1-7:R2$$$",-4.45600000,ok,,flexible
"PEPTIDE1{dA.L.G.meF.T.I.meL}$PEPTIDE1,PEPTIDE1,1:R1-7:R2$$$",-5.58800000,ok,,flexible
"PEPTIDE1{dV.dP.A.T.P.V.meL}$PEPTIDE1,PEPTIDE1,1:R1-7:R2$$$",-5.67500000,ok,,flexible
"PEPTIDE1{meA.T.Me_dL.L.V.meF.meF}$PEPTIDE1,PEPTIDE1,1:R1-7:R2$$$",-5.48700000,ok,,flexible
"PEPTIDE1{F.P.dL.T.dV.I.meI}$PEPTIDE1,PEPTIDE1,1:R1-7:R2$$$",-5.40900000,ok,,flexible
"PEPTIDE1{L.Me_dL.P.meF.T.F.V}$PEPTIDE1,PEPTIDE1,1:R1-7:R2$$$",-5.93600000,ok,,flexible
"PEPTIDE1{F.meL.meA.Me_dL.dL.T.Aoc(2)}$PEPTIDE1,PEPTIDE1,1:R1-7:R2$$$",-5.21800000,ok,,flexible
"PEPTIDE1{dA.L.Me_dL.meA.meS.meF.A}$PEPTIDE1,PEPTIDE1,1:R1-7:R2$$$",-6.49300000,ok,,flexible
"PEPTIDE1{F.Pr_Gly.meL.meF.dL.L.Ser(tBu)}$PEPTIDE1,PEPTIDE1,1:R1-7:R2$$$",-5.26800000,ok,,flexible
"PEPTIDE1{Me_Bal.Bn_Gly.meL.dL.Mono84.3Pal.A}$PEPTIDE1,PEPTIDE1,1:R1-7:R2$$$",-6.57900000,ok,,flexible
"PEPTIDE1{F.L.Mono38.Ser(tBu).A.dL.Abu}$PEPTIDE1,PEPTIDE1,1:R1-7:R2$$$",-5.87900000,ok,,flexible
"PEPTIDE1{dA.meA.V.L.A.meL.F}$PEPTIDE1,PEPTIDE1,1:R1-7:R2$$$",-5.90300000,ok,,flexible
"PEPTIDE1{dA.Me_dA.L.Me_dL.meA.G.V}$PEPTIDE1,PEPTIDE1,1:R1-7:R2$$$",-5.63300000,ok,,flexible
"PEPTIDE1{meA.Me_dL.Me_dL.T.T.Me_dA.meL}$PEPTIDE1,PEPTIDE1,1:R1-7:R2$$$",-5.50600000,ok,,flexible
"PEPTIDE1{F.dL.Aoc(2).L.T.P.L}$PEPTIDE1,PEPTIDE1,1:R1-7:R2$$$",-5.70000000,ok,,flexible
"PEPTIDE1{dF.T.Sar.dL.L.Ala(5-Tet).meL}$PEPTIDE1,PEPTIDE1,1:R1-7:R2$$$",-5.60500000,ok,,flexible
"PEPTIDE1{L.A.P.dA.Me_dL.Ala(5-Tet).meS}$PEPTIDE1,PEPTIDE1,1:R1-7:R2$$$",-6.32100000,ok,,flexible
"PEPTIDE1{meA.F.L.T.I.meV.V}$PEPTIDE1,PEPTIDE1,1:R1-7:R2$$$",-5.76300000,ok,,flexible
"PEPTIDE1{dV.Sar.Me_dL.meA.V.I.T}$PEPTIDE1,PEPTIDE1,1:R1-7:R2$$$",-5.67300000,ok,,flexible
"PEPTIDE1{Mono6.pentyl_Gly.G.L.dL.T.T}$PEPTIDE1,PEPTIDE1,1:R1-7:R2$$$",-5.46800000,ok,,flexible
"PEPTIDE1{dV.I.meF.T.meL.V.meA}$PEPTIDE1,PEPTIDE1,1:R1-7:R2$$$",-6.33700000,ok,,flexible
"PEPTIDE1{meA.Abu.meL.A.Sar.Me_dA.A}$PEPTIDE1,PEPTIDE1,1:R1-7:R2$$$",-5.77100000,ok,,flexible
"PEPTIDE1{meA.Abu.T.meL.dP.A.meI}$PEPTIDE1,PEPTIDE1,1:R1-7:R2$$$",-6.01400000,ok,,flexible
"PEPTIDE1{dV.A.meL.meA.L.F.dL}$PEPTIDE1,PEPTIDE1,1:R1-7:R2$$$",-6.20800000,ok,,flexible
"PEPTIDE1{Me_Bal.pentyl_Gly.A.Ser(tBu).I.F.meI}$PEPTIDE1,PEPTIDE1,1:R1-7:R2$$$",-5.05700000,ok,,flexible
"PEPTIDE1{meA.Ala(5-Tet).T.meL.L.dA.V}$PEPTIDE1,PEPTIDE1,1:R1-7:R2$$$",-7.40000000,ok,,flexible
"PEPTIDE1{Pr_Gly.meS.P.T.dL.Abu.Me_dA}$PEPTIDE1,PEPTIDE1,1:R1-7:R2$$$",-5.80200000,ok,,flexible
"PEPTIDE1{P.G.A.L.I.dL.L}$PEPTIDE1,PEPTIDE1,1:R1-7:R2$$$",-5.87000000,ok,,flexible
"PEPTIDE1{A.Me_dL.I.meL.L.dL.T}$PEPTIDE1,PEPTIDE1,1:R1-7:R2$$$",-5.57400000,ok,,flexible
"PEPTIDE1{meA.Me_dL.Me_dNva.meL.dL.Sar.meF}$PEPTIDE1,PEPTIDE1,1:R1-7:R2$$$",-5.07300000,ok,,flexible
"PEPTIDE1{dV.dA.meA.Pr_Gly.meL.F.V}$PEPTIDE1,PEPTIDE1,1:R1-7:R2$$$",-5.83400000,ok,,flexible
"PEPTIDE1{Me_dA.T.L.Me_dL.meA.A.Ser(tBu)}$PEPTIDE1,PEPTIDE1,1:R1-7:R2$$$",-5.48000000,ok,,flexible
"PEPTIDE1{dA.meA.meL.G.Sar.A.P}$PEPTIDE1,PEPTIDE1,1:R1-7:R2$$$",-6.41300000,ok,,flexible
"PEPTIDE1{dA.meL.A.meF.Aoc(2).Abu.I}$PEPTIDE1,PEPTIDE1,1:R1-7:R2$$$",-5.00900000,ok,,flexible
"PEPTIDE1{L.Aoc(2).A.I.Ser(tBu).dL.Abu}$PEPTIDE1,PEPTIDE1,1:R1-7:R2$$$",-4.69000000,ok,,flexible
"PEPTIDE1{P.meA.meL.meF.F.Ser(tBu).T}$PEPTIDE1,PEPTIDE1,1:R1-7:R2$$$",-5.69500000,ok,,flexible
"PEPTIDE1{meA.Sar.Ser(tBu).P.I.F.meF}$PEPTIDE1,PEPTIDE1,1:R1-7:R2$$$",-6.38100000,ok,,flexible
"PEPTIDE1{dV.dP.L.F.meA.Me_dL.meL}$PEPTIDE1,PEPTIDE1,1:R1-7:R2$$$",-6.22400000,ok,,flexible
"PEPTIDE1{A.meA.Me_dL.Ser(tBu).I.L.Bn_Gly}$PEPTIDE1,PEPTIDE1,1:R1-7:R2$$$",-5.38500000,ok,,flexible
"PEPTIDE1{Mono6.A.Bn_Gly.meL.meA.G.L}$PEPTIDE1,PEPTIDE1,1:R1-7:R2$$$",-5.83500000,ok,,flexible
"PEPTIDE1{A.L.Me_dL.meL.Sar.F.Abu}$PEPTIDE1,PEPTIDE1,1:R1-7:R2$$$",-5.51500000,ok,,flexible
"PEPTIDE1{F.meA.dL.Sar.Me_Phe(3-Cl).meF.meL}$PEPTIDE1,PEPTIDE1,1:R1-7:R2$$$",-6.47600000,ok,,flexible
"PEPTIDE1{A.meS.L.T.T.meA.F}$PEPTIDE1,PEPTIDE1,1:R1-7:R2$$$",-5.96700000,ok,,flexible
"PEPTIDE1{dA.Me_dL.dP.P.T.dL.Me_dA}$PEPTIDE1,PEPTIDE1,1:R1-7:R2$$$",-6.45100000,ok,,flexible
"PEPTIDE1{Me_dA.T.L.Me_dL.meL.dL.meL}$PEPTIDE1,PEPTIDE1,1:R1-7:R2$$$",-4.72400000,ok,,flexible
"PEPTIDE1{meA.dP.L.T.A.F.I}$PEPTIDE1,PEPTIDE1,1:R1-7:R2$$$",-5.86600000,ok,,flexible
"PEPTIDE1{dF.cHexCH2_Gly.Ser(tBu).meL.L.meF.Me_dL}$PEPTIDE1,PEPTIDE1,1:R1-7:R2$$$",-5.46800000,ok,,flexible
"PEPTIDE1{meA.T.L.I.dL.F.P}$PEPTIDE1,PEPTIDE1,1:R1-7:R2$$$",-5.98500000,ok,,flexible
"PEPTIDE1{Me_Bal.L.A.meA.P.V.F}$PEPTIDE1,PEPTIDE1,1:R1-7:R2$$$",-6.88600000,ok,,flexible
"PEPTIDE1{dA.meF.T.meL.Ser(tBu).Me_dL.A}$PEPTIDE1,PEPTIDE1,1:R1-7:R2$$$",-5.87400000,ok,,flexible
"PEPTIDE1{dA.meA.meS.L.meL.meS.Aoc(2)}$PEPTIDE1,PEPTIDE1,1:R1-7:R2$$$",-6.12100000,ok,,flexible
"PEPTIDE1{Me_dA.L.meA.T.Ser(tBu).F.Me_dL}$PEPTIDE1,PEPTIDE1,1:R1-7:R2$$$",-5.44700000,ok,,flexible
"PEPTIDE1{Mono6.I.cHexCH2_Gly.A.dL.G.dP}$PEPTIDE1,PEPTIDE1,1:R1-7:R2$$$",-6.05200000,ok,,flexible
"PEPTIDE1{dP.A.V.Me_dL.meF.meA.meI}$PEPTIDE1,PEPTIDE1,1:R1-7:R2$$$",-6.74500000,ok,,flexible
"PEPTIDE1{meA.meF.V.L.T.dL.meV}$PEPTIDE1,PEPTIDE1,1:R1-7:R2$$$",-5.88800000,ok,,flexible
"PEPTIDE1{dF.L.T.dL.Ser(tBu).L.F}$PEPTIDE1,PEPTIDE1,1:R1-7:R2$$$",-5.59400000,ok,,flexible
"PEPTIDE1{meA.F.meF.L.T.T.dL}$PEPTIDE1,PEPTIDE1,1:R1-7:R2$$$",-6.28200000,ok,,flexible
"PEPTIDE1{A.L.meL.meA.F.meL.meA}$PEPTIDE1,PEPTIDE1,1:R1-7:R2$$$",-6.24000000,ok,,flexible
"PEPTIDE1{L.meL.dL.meL.meS.I.P}$PEPTIDE1,PEPTIDE1,1:R1-7:R2$$$",-5.92800000,ok,,flexible
"PEPTIDE1{meA.F.meV.dL.meL.T.L}$PEPTIDE1,PEPTIDE1,1:R1-7:R2$$$",-5.48800000,ok,,flexible
"PEPTIDE1{Me_Bal.meA.T.Me_dL.L.A.V}$PEPTIDE1,PEPTIDE1,1:R1-7:R2$$$",-5.79100000,ok,,flexible
"PEPTIDE1{meA.Pr_Gly.meL.Ser(tBu).G.meF.A}$PEPTIDE1,PEPTIDE1,1:R1-7:R2$$$",-6.52000000,ok,,flexible
"PEPTIDE1{dP.Me_dA.meA.dL.Me_dL.I.T}$PEPTIDE1,PEPTIDE1,1:R1-7:R2$$$",-5.61600000,ok,,flexible
"PEPTIDE1{A.P.meA.Me_dL.L.F.V}$PEPTIDE1,PEPTIDE1,1:R1-7:R2$$$",-5.40200000,ok,,flexible
"PEPTIDE1{meL.Abu.V.T.F.meL.meA}$PEPTIDE1,PEPTIDE1,1:R1-7:R2$$$",-5.59900000,ok,,flexible
"PEPTIDE1{L.dL.meA.meF.A.Me_dL.meL}$PEPTIDE1,PEPTIDE1,1:R1-7:R2$$$",-5.09700000,ok,,flexible
"PEPTIDE1{dV.Ala(5-Tet).meS.L.Sar.dA.Me_dL}$PEPTIDE1,PEPTIDE1,1:R1-7:R2$$$",-5.81900000,ok,,flexible
"PEPTIDE1{meL.meF.F.T.meA.V.T}$PEPTIDE1,PEPTIDE1,1:R1-7:R2$$$",-5.23000000,ok,,flexible
"PEPTIDE1{meL.A.dL.Me_dL.V.I.L}$PEPTIDE1,PEPTIDE1,1:R1-7:R2$$$",-5.98500000,ok,,flexible
"PEPTIDE1{dV.meA.A.T.meF.F.V}$PEPTIDE1,PEPTIDE1,1:R1-7:R2$$$",-6.58000000,ok,,flexible
"PEPTIDE1{L.Abu.F.dP.V.Me_dL.T}$PEPTIDE1,PEPTIDE1,1:R1-7:R2$$$",-5.60900000,ok,,flexible
"PEPTIDE1{Sar.meL.meF.Me_dL.T.A.dP}$PEPTIDE1,PEPTIDE1,1:R1-7:R2$$$",-6.32000000,ok,,flexible
"PEPTIDE1{dA.Me_Phe(3-Cl).L.I.meL.Ser(tBu).dL}$PEPTIDE1,PEPTIDE1,1:R1-7:R2$$$",-5.56600000,ok,,flexible
"PEPTIDE1{Me_Bal.meA.T.A.meL.I.F}$PEPTIDE1,PEPTIDE1,1:R1-7:R2$$$",-6.05300000,ok,,flexible
"PEPTIDE1{Pr_Gly.A.meA.meF.V.L.meL}$PEPTIDE1,PEPTIDE1,1:R1-7:R2$$$",-5.96500000,ok,,flexible
"PEPTIDE1{F.pentyl_Gly.dL.meL.I.A.meL}$PEPTIDE1,PEPTIDE1,1:R1-7:R2$$$",-5.02900000,ok,,flexible
"PEPTIDE1{Pr_Gly.Me_dA.T.meL.A.P.meF}$PEPTIDE1,PEPTIDE1,1:R1-7:R2$$$",-7.00800000,ok,,flexible
"PEPTIDE1{dA.A.V.L.meA.F.T}$PEPTIDE1,PEPTIDE1,1:R1-7:R2$$$",-6.78400000,ok,,flexible
"PEPTIDE1{Me_dA.meL.V.meA.T.dL.A}$PEPTIDE1,PEPTIDE1,1:R1-7:R2$$$",-6.21200000,ok,,flexible
"PEPTIDE1{L.meL.T.meA.meF.I.P}$PEPTIDE1,PEPTIDE1,1:R1-7:R2$$$",-6.10300000,ok,,flexible
"PEPTIDE1{Me_dA.A.dA.meL.dF.L.Me_dL}$PEPTIDE1,PEPTIDE1,1:R1-7:R2$$$",-6.16400000,ok,,flexible
"PEPTIDE1{Me_dA.meL.T.F.Aoc(2).V.Me_dL}$PEPTIDE1,PEPTIDE1,1:R1-7:R2$$$",-5.60900000,ok,,flexible
"PEPTIDE1{Sar.meF.meA.meL.dL.Me_dL.meL}$PEPTIDE1,PEPTIDE1,1:R1-7:R2$$$",-6.06000000,ok,,flexible
"PEPTIDE1{L.meL.meF.F.T.Pr_Gly.Sar}$PEPTIDE1,PEPTIDE1,1:R1-7:R2$$$",-5.76400000,ok,,flexible
"PEPTIDE1{dA.Abu.P.Me_dL.L.T.meL}$PEPTIDE1,PEPTIDE1,1:R1-7:R2$$$",-5.43900000,ok,,flexible
"PEPTIDE1{meA.T.Ser(tBu).I.dL.L.Aib}$PEPTIDE1,PEPTIDE1,1:R1-7:R2$$$",-5.39200000,ok,,flexible
"PEPTIDE1{L.meL.Me_dL.T.Bn_Gly.G.meA}$PEPTIDE1,PEPTIDE1,1:R1-7:R2$$$",-5.58100000,ok,,flexible
"PEPTIDE1{Me_dA.Me_dL.V.L.L.F.meL}$PEPTIDE1,PEPTIDE1,1:R1-7:R2$$$",-5.62100000,ok,,flexible
"PEPTIDE1{meL.Aoc(2).T.Sar.meF.dL.P}$PEPTIDE1,PEPTIDE1,1:R1-7:R2$$$",-5.33000000,ok,,flexible
"PEPTIDE1{Pr_Gly.V.T.meL.Ser(tBu).meI.meA}$PEPTIDE1,PEPTIDE1,1:R1-7:R2$$$",-5.53100000,ok,,flexible
"PEPTIDE1{P.Pr_Gly.Pr_Gly.meL.F.Me_dL.dL}$PEPTIDE1,PEPTIDE1,1:R1-7:R2$$$",-5.02500000,ok,,flexible
"PEPTIDE1{Me_Bal.dL.meL.T.Ser(tBu).L.meF}$PEPTIDE1,PEPTIDE1,1:R1-7:R2$$$",-6.04300000,ok,,flexible
"PEPTIDE1{F.Sar.L.A.meL.P.I}$PEPTIDE1,PEPTIDE1,1:R1-7:R2$$$",-5.77400000,ok,,flexible
"PEPTIDE1{dA.I.T.L.L.V.dL}$PEPTIDE1,PEPTIDE1,1:R1-7:R2$$$",-5.75000000,ok,,flexible
"PEPTIDE1{Sar.meL.F.A.meL.meA.L}$PEPTIDE1,PEPTIDE1,1:R1-7:R2$$$",-5.50600000,ok,,flexible
"PEPTIDE1{Pr_Gly.Abu.A.L.T.T.dA}$PEPTIDE1,PEPTIDE1,1:R1-7:R2$$$",-5.89000000,ok,,flexible
"PEPTIDE1{dV.F.Me_dL.meL.dL.meA.L}$PEPTIDE1,PEPTIDE1,1:R1-7:R2$$$",-5.27100000,ok,,flexible
"PEPTIDE1{Sar.A.meA.dL.F.L.dV}$PEPTIDE1,PEPTIDE1,1:R1-7:R2$$$",-6.13200000,ok,,flexible
"PEPTIDE1{meL.A.V.dV.meA.P.Me_dL}$PEPTIDE1,PEPTIDE1,1:R1-7:R2$$$",-5.95100000,ok,,flexible
"PEPTIDE1{dV.A.Pr_Gly.V.L.meA.meL}$PEPTIDE1,PEPTIDE1,1:R1-7:R2$$$",-5.55100000,ok,,flexible
"PEPTIDE1{dF.L.dL.I.dL.V.Me_Phe(3-Cl)}$PEPTIDE1,PEPTIDE1,1:R1-7:R2$$$",-5.43500000,ok,,flexible
"PEPTIDE1{meA.L.F.meL.dL.meF.F}$PEPTIDE1,PEPTIDE1,1:R1-7:R2$$$",-6.14500000,ok,,flexible
"PEPTIDE1{dV.cHexCH2_Gly.A.T.L.dL.Me_dL}$PEPTIDE1,PEPTIDE1,1:R1-7:R2$$$",-4.73600000,ok,,flexible
"PEPTIDE1{L.T.meS.meF.Aoc(2).meL.dL}$PEPTIDE1,PEPTIDE1,1:R1-7:R2$$$",-5.11800000,ok,,flexible
"PEPTIDE1{Mono6.F.T.Me_dL.V.P.meA}$PEPTIDE1,PEPTIDE1,1:R1-7:R2$$$",-6.58500000,ok,,flexible
"PEPTIDE1{A.Sar.L.T.V.meL.meV}$PEPTIDE1,PEPTIDE1,1:R1-7:R2$$$",-5.54900000,ok,,flexible
"PEPTIDE1{Mono6.Mono38.cHexCH2_Gly.L.A.I.Me_dL}$PEPTIDE1,PEPTIDE1,1:R1-7:R2$$$",-6.29600000,ok,,flexible
"PEPTIDE1{Me_dA.meA.I.meL.P.L.Me_dL}$PEPTIDE1,PEPTIDE1,1:R1-7:R2$$$",-5.44800000,ok,,flexible
"PEPTIDE1{meA.I.dL.V.L.F.A}$PEPTIDE1,PEPTIDE1,1:R1-7:R2$$$",-6.14300000,ok,,flexible
"PEPTIDE1{Me_dA.I.L.dL.T.T.meF}$PEPTIDE1,PEPTIDE1,1:R1-7:R2$$$",-5.44400000,ok,,flexible
"PEPTIDE1{Me_Bal.meL.Ser(tBu).meF.L.Me_Abu.meA}$PEPTIDE1,PEPTIDE1,1:R1-7:R2$$$",-5.39200000,ok,,flexible
"PEPTIDE1{Me_Bal.meF.A.dL.Ser(tBu).meL.Me_dL}$PEPTIDE1,PEPTIDE1,1:R1-7:R2$$$",-5.70000000,ok,,flexible
"PEPTIDE1{Me_dA.meA.dL.Me_dL.meL.P.meF}$PEPTIDE1,PEPTIDE1,1:R1-7:R2$$$",-6.04900000,ok,,flexible
"PEPTIDE1{L.P.meV.V.F.Ser(tBu).meA}$PEPTIDE1,PEPTIDE1,1:R1-7:R2$$$",-6.07700000,ok,,flexible
"PEPTIDE1{A.T.T.Me_dL.meA.dP.F}$PEPTIDE1,PEPTIDE1,1:R1-7:R2$$$",-6.17100000,ok,,flexible
"PEPTIDE1{Mono6.dL.A.meL.meS.T.Me_dL}$PEPTIDE1,PEPTIDE1,1:R1-7:R2$$$",-5.06300000,ok,,flexible
"PEPTIDE1{meA.Abu.meL.T.Sar.L.T}$PEPTIDE1,PEPTIDE1,1:R1-7:R2$$$",-5.69600000,ok,,flexible
"PEPTIDE1{L.T.Abu.Me_dL.meL.dA.meA}$PEPTIDE1,PEPTIDE1,1:R1-7:R2$$$",-6.11200000,ok,,flexible
"PEPTIDE1{Mono6.Pr_Gly.meA.T.meF.L.Me_Phe(3-Cl)}$PEPTIDE1,PEPTIDE1,1:R1-7:R2$$$",-5.96500000,ok,,flexible
"PEPTIDE1{L.meF.meL.L.T.I.Me_Phe(3-Cl)}$PEPTIDE1,PEPTIDE1,1:R1-7:R2$$$",-5.48200000,ok,,flexible
"PEPTIDE1{meA.meF.meL.dL.dP.meS.meL}$PEPTIDE1,PEPTIDE1,1:R1-7:R2$$$",-5.77100000,ok,,flexible
"PEPTIDE1{meA.Pr_Gly.dF.L.Me_dL.meL.Me_dL}$PEPTIDE1,PEPTIDE1,1:R1-7:R2$$$",-5.47300000,ok,,flexible
"PEPTIDE1{dF.Abu.meF.meA.dA.L.Me_dL}$PEPTIDE1,PEPTIDE1,1:R1-7:R2$$$",-5.99700000,ok,,flexible
"PEPTIDE1{Pr_Gly.Mono38.L.Sar.Me_Phe(3-Cl).Me_dL.A}$PEPTIDE1,PEPTIDE1,1:R1-7:R2$$$",-5.76200000,ok,,flexible
"PEPTIDE1{meL.meA.V.dL.Me_dL.dP.meL}$PEPTIDE1,PEPTIDE1,1:R1-7:R2$$$",-5.92200000,ok,,flexible
"PEPTIDE1{Me_Bal.meF.T.Me_dL.Me_Abu.meL.T}$PEPTIDE1,PEPTIDE1,1:R1-7:R2$$$",-5.33800000,ok,,flexible
"PEPTIDE1{A.meF.meL.T.Ser(tBu).dL.L}$PEPTIDE1,PEPTIDE1,1:R1-7:R2$$$",-5.36700000,ok,,flexible
"PEPTIDE1{meA.Abu.Me_dL.meV.A.dL.meL}$PEPTIDE1,PEPTIDE1,1:R1-7:R2$$$",-5.16400000,ok,,flexible
"PEPTIDE1{Pr_Gly.P.Me_dL.T.T.L.meA}$PEPTIDE1,PEPTIDE1,1:R1-7:R2$$$",-5.75800000,ok,,flexible
"PEPTIDE1{meA.L.Aoc(2).meL.meF.A.T}$PEPTIDE1,PEPTIDE1,1:R1-7:R2$$$",-5.72000000,ok,,flexible
"PEPTIDE1{Me_dA.A.meL.V.meA.meV.meL}$PEPTIDE1,PEPTIDE1,1:R1-7:R2$$$",-5.78800000,ok,,flexible
"PEPTIDE1{Me_Bal.meL.meF.L.meL.dL.meV}$PEPTIDE1,PEPTIDE1,1:R1-7:R2$$$",-5.55400000,ok,,flexible
"PEPTIDE1{meA.Me_dL.T.T.L.meL.I}$PEPTIDE1,PEPTIDE1,1:R1-7:R2$$$",-5.07500000,ok,,flexible
"PEPTIDE1{meA.F.Ser(tBu).I.Me_dL.A.V}$PEPTIDE1,PEPTIDE1,1:R1-7:R2$$$",-5.70600000,ok,,flexible
"PEPTIDE1{F.meL.dL.meS.A.Abu.meF}$PEPTIDE1,PEPTIDE1,1:R1-7:R2$$$",-6.11200000,ok,,flexible
"PEPTIDE1{dA.meL.L.Me_dL.V.meA.F}$PEPTIDE1,PEPTIDE1,1:R1-7:R2$$$",-5.86200000,ok,,flexible
"PEPTIDE1{dV.V.meL.P.T.meA.Me_dL}$PEPTIDE1,PEPTIDE1,1:R1-7:R2$$$",-5.97300000,ok,,flexible
"PEPTIDE1{dF.I.T.dL.Aoc(2).L.L}$PEPTIDE1,PEPTIDE1,1:R1-7:R2$$$",-5.16600000,ok,,flexible
"PEPTIDE1{dV.meA.F.Ser(tBu).dL.Me_Phe(3-Cl).meL}$PEPTIDE1,PEPTIDE1,1:R1-7:R2$$$",-5.32300000,ok,,flexible
"PEPTIDE1{Pr_Gly.L.meA.I.meV.T.meL}$PEPTIDE1,PEPTIDE1,1:R1-7:R2$$$",-5.39200000,ok,,flexible
"PEPTIDE1{Me_Bal.meA.P.T.T.F.V}$PEPTIDE1,PEPTIDE1,1:R1-7:R2$$$",-6.80800000,ok,,flexible
"PEPTIDE1{dF.L.cHexCH2_Gly.I.Aoc(2).G.dL}$PEPTIDE1,PEPTIDE1,1:R1-7:R2$$$",-6.44300000,ok,,flexible
"PEPTIDE1{dA.Me_dA.meF.L.meA.T.meL}$PEPTIDE1,PEPTIDE1,1:R1-7:R2$$$",-5.72500000,ok,,flexible
"PEPTIDE1{meA.Nle.dL.meI.A.meL.Ser(tBu)}$PEPTIDE1,PEPTIDE1,1:R1-7:R2$$$",-4.52300000,ok,,flexible
"PEPTIDE1{dA.T.meL.meF.L.meL.L}$PEPTIDE1,PEPTIDE1,1:R1-7:R2$$$",-5.53500000,ok,,flexible
"PEPTIDE1{dV.meA.F.A.Sar.I.meL}$PEPTIDE1,PEPTIDE1,1:R1-7:R2$$$",-5.92000000,ok,,flexible
"PEPTIDE1{dV.P.A.L.Me_dA.G.meL}$PEPTIDE1,PEPTIDE1,1:R1-7:R2$$$",-6.75000000,ok,,flexible
"PEPTIDE1{F.L.pentyl_Gly.meL.Ser(tBu).L.dL}$PEPTIDE1,PEPTIDE1,1:R1-7:R2$$$",-5.02000000,ok,,flexible
"PEPTIDE1{Me_Bal.Me_dL.meL.meA.Me_dA.V.meF}$PEPTIDE1,PEPTIDE1,1:R1-7:R2$$$",-6.05000000,ok,,flexible
"PEPTIDE1{Me_Bal.meF.meA.dL.meL.T.A}$PEPTIDE1,PEPTIDE1,1:R1-7:R2$$$",-6.28000000,ok,,flexible
"PEPTIDE1{dP.A.meL.P.V.meA.meF}$PEPTIDE1,PEPTIDE1,1:R1-7:R2$$$",-6.60900000,ok,,flexible
"PEPTIDE1{dV.A.Me_dA.Me_dL.L.F.T}$PEPTIDE1,PEPTIDE1,1:R1-7:R2$$$",-6.01700000,ok,,flexible
"PEPTIDE1{A.meA.Me_dL.dL.Me_dA.V.L}$PEPTIDE1,PEPTIDE1,1:R1-7:R2$$$",-5.85900000,ok,,flexible
"PEPTIDE1{L.Me_dA.V.Sar.meA.T.meV}$PEPTIDE1,PEPTIDE1,1:R1-7:R2$$$",-5.61000000,ok,,flexible
"PEPTIDE1{dA.meA.Me_dL.L.meL.I.T}$PEPTIDE1,PEPTIDE1,1:R1-7:R2$$$",-5.62600000,ok,,flexible
"PEPTIDE1{P.meA.meL.dL.Me_dL.dA.T}$PEPTIDE1,PEPTIDE1,1:R1-7:R2$$$",-5.89300000,ok,,flexible
"PEPTIDE1{Me_dA.Abu.A.meL.I.F.dL}$PEPTIDE1,PEPTIDE1,1:R1-7:R2$$$",-5.63200000,ok,,flexible
"PEPTIDE1{dV.A.L.I.meL.Me_dL.T}$PEPTIDE1,PEPTIDE1,1:R1-7:R2$$$",-5.39700000,ok,,flexible
"PEPTIDE1{Me_Bal.V.I.L.meF.F.A}$PEPTIDE1,PEPTIDE1,1:R1-7:R2$$$",-5.61600000,ok,,flexible
"PEPTIDE1{Me_Bal.meL.Me_dL.Me_dL.meA.L.meF}$PEPTIDE1,PEPTIDE1,1:R1-7:R2$$$",-5.72100000,ok,,flexible
"PEPTIDE1{Me_Bal.V.T.meA.A.meL.I}$PEPTIDE1,PEPTIDE1,1:R1-7:R2$$$",-5.64000000,ok,,flexible
"PEPTIDE1{Me_dA.Pr_Gly.Pr_Gly.dL.Me_dL.V.L}$PEPTIDE1,PEPTIDE1,1:R1-7:R2$$$",-5.31000000,ok,,flexible
"PEPTIDE1{dF.Aoc(2).meA.T.P.Me_dL.dL}$PEPTIDE1,PEPTIDE1,1:R1-7:R2$$$",-5.29300000,ok,,flexible
"PEPTIDE1{Me_dA.T.meA.T.dL.V.L}$PEPTIDE1,PEPTIDE1,1:R1-7:R2$$$",-5.98400000,ok,,flexible
"PEPTIDE1{L.Mono38.pentyl_Gly.T.dL.A.meL}$PEPTIDE1,PEPTIDE1,1:R1-7:R2$$$",-4.97800000,ok,,flexible
"PEPTIDE1{dA.Me_dL.meF.L.T.meL.meL}$PEPTIDE1,PEPTIDE1,1:R1-7:R2$$$",-5.64900000,ok,,flexible
"PEPTIDE1{dV.A.Sar.Me_dL.meF.I.meA}$PEPTIDE1,PEPTIDE1,1:R1-7:R2$$$",-6.24900000,ok,,flexible
"PEPTIDE1{dV.Abu.F.meF.dL.dP.meA}$PEPTIDE1,PEPTIDE1,1:R1-7:R2$$$",-5.90700000,ok,,flexible
"PEPTIDE1{Me_Bal.meA.G.F.I.L.meF}$PEPTIDE1,PEPTIDE1,1:R1-7:R2$$$",-6.54000000,ok,,flexible
"PEPTIDE1{Mono6.T.V.L.P.meV.meL}$PEPTIDE1,PEPTIDE1,1:R1-7:R2$$$",-6.17100000,ok,,flexible
"PEPTIDE1{meA.meF.Ala(5-Tet).I.Abu.V.Me_dL}$PEPTIDE1,PEPTIDE1,1:R1-7:R2$$$",-5.91200000,ok,,flexible
"PEPTIDE1{dA.V.T.F.I.meA.meV}$PEPTIDE1,PEPTIDE1,1:R1-7:R2$$$",-6.05700000,ok,,flexible
"PEPTIDE1{Sar.dP.L.T.I.meL.dL}$PEPTIDE1,PEPTIDE1,1:R1-7:R2$$$",-5.54800000,ok,,flexible
"PEPTIDE1{L.Bn_Gly.T.V.meV.P.meA}$PEPTIDE1,PEPTIDE1,1:R1-7:R2$$$",-6.10500000,ok,,flexible
"PEPTIDE1{Pr_Gly.P.A.meA.Me_dL.L.dL}$PEPTIDE1,PEPTIDE1,1:R1-7:R2$$$",-5.73700000,ok,,flexible
"PEPTIDE1{A.F.L.meL.L.V.T}$PEPTIDE1,PEPTIDE1,1:R1-7:R2$$$",-5.58900000,ok,,flexible
"PEPTIDE1{meA.P.L.A.meF.V.F}$PEPTIDE1,PEPTIDE1,1:R1-7:R2$$$",-6.89900000,ok,,flexible
"PEPTIDE1{Me_dA.L.Me_dL.I.dL.meL.meA}$PEPTIDE1,PEPTIDE1,1:R1-7:R2$$$",-5.28700000,ok,,flexible
"PEPTIDE1{Mono6.A.meL.meA.meL.dL.L}$PEPTIDE1,PEPTIDE1,1:R1-7:R2$$$",-5.51300000,ok,,flexible
"PEPTIDE1{meA.Abu.F.Aoc(2).meL.T.dL}$PEPTIDE1,PEPTIDE1,1:R1-7:R2$$$",-5.96800000,ok,,flexible
"PEPTIDE1{A.meL.meA.Ser(tBu).meI.T.P}$PEPTIDE1,PEPTIDE1,1:R1-7:R2$$$",-5.47900000,ok,,flexible
"PEPTIDE1{Mono6.meF.Me_dL.meL.A.meI.Bn_Gly}$PEPTIDE1,PEPTIDE1,1:R1-7:R2$$$",-5.92600000,ok,,flexible
"PEPTIDE1{meA.T.L.Me_dL.meL.A.F}$PEPTIDE1,PEPTIDE1,1:R1-7:R2$$$",-5.71100000,ok,,flexible
"PEPTIDE1{P.A.Pr_Gly.L.F.V.meL}$PEPTIDE1,PEPTIDE1,1:R1-7:R2$$$",-6.30400000,ok,,flexible
"PEPTIDE1{Me_dA.I.meL.A.L.meF.Ser(tBu)}$PEPTIDE1,PEPTIDE1,1:R1-7:R2$$$",-5.15700000,ok,,flexible
"PEPTIDE1{dA.meA.meL.V.I.Me_dL.meV}$PEPTIDE1,PEPTIDE1,1:R1-7:R2$$$",-5.50100000,ok,,flexible
"PEPTIDE1{Me_dA.G.dP.pentyl_Gly.F.P.T}$PEPTIDE1,PEPTIDE1,1:R1-7:R2$$$",-5.53800000,ok,,flexible
"PEPTIDE1{A.Me_dA.dL.meL.L.meA.Me_dL}$PEPTIDE1,PEPTIDE1,1:R1-7:R2$$$",-5.84700000,ok,,flexible
"PEPTIDE1{Me_Bal.F.meL.Mono86.L.Met(O2).Mono78}$PEPTIDE1,PEPTIDE1,1:R1-7:R2$$$",-6.60300000,ok,,flexible
"PEPTIDE1{dA.A.meL.Me_dA.meS.Me_dL.dL}$PEPTIDE1,PEPTIDE1,1:R1-7:R2$$$",-6.16800000,ok,,flexible
"PEPTIDE1{F.Pr_Gly.A.P.meL.meL.L}$PEPTIDE1,PEPTIDE1,1:R1-7:R2$$$",-5.56900000,ok,,flexible
"PEPTIDE1{meL.meS.L.meA.T.F.Me_dL}$PEPTIDE1,PEPTIDE1,1:R1-7:R2$$$",-6.37300000,ok,,flexible
"PEPTIDE1{L.T.dA.Me_dL.meA.Phe(4-CF3).P}$PEPTIDE1,PEPTIDE1,1:R1-7:R2$$$",-6.59300000,ok,,flexible
"PEPTIDE1{dV.A.F.L.Me_dL.Me_dA.Me_Phe(3-Cl)}$PEPTIDE1,PEPTIDE1,1:R1-7:R2$$$",-5.95100000,ok,,flexible
"PEPTIDE1{Mono6.A.meL.I.Me_dL.F.dP}$PEPTIDE1,PEPTIDE1,1:R1-7:R2$$$",-6.31400000,ok,,flexible
"PEPTIDE1{dA.P.V.meL.dL.F.A}$PEPTIDE1,PEPTIDE1,1:R1-7:R2$$$",-6.13700000,ok,,flexible
"PEPTIDE1{A.T.Me_dL.P.T.F.meL}$PEPTIDE1,PEPTIDE1,1:R1-7:R2$$$",-6.12600000,ok,,flexible
"PEPTIDE1{A.dL.Me_Phe(3-Cl).meA.Me_dL.T.P}$PEPTIDE1,PEPTIDE1,1:R1-7:R2$$$",-6.66900000,ok,,flexible
"PEPTIDE1{Me_dA.Me_dL.T.meL.P.dL.V}$PEPTIDE1,PEPTIDE1,1:R1-7:R2$$$",-6.28900000,ok,,flexible
"PEPTIDE1{dP.Pr_Gly.meA.meL.V.dL.A}$PEPTIDE1,PEPTIDE1,1:R1-7:R2$$$",-5.44200000,ok,,flexible
"PEPTIDE1{dF.pentyl_Gly.L.dL.Ser(tBu).meL.P}$PEPTIDE1,PEPTIDE1,1:R1-7:R2$$$",-5.07900000,ok,,flexible
"PEPTIDE1{L.T.meF.P.Ala(5-Tet).meL.Me_dA}$PEPTIDE1,PEPTIDE1,1:R1-7:R2$$$",-6.26600000,ok,,flexible
"PEPTIDE1{dA.I.meA.meL.L.Me_dL.meF}$PEPTIDE1,PEPTIDE1,1:R1-7:R2$$$",-5.46500000,ok,,flexible
"PEPTIDE1{Me_Bal.Sar.Me_dL.L.meL.I.dP}$PEPTIDE1,PEPTIDE1,1:R1-7:R2$$$",-5.95000000,ok,,flexible
"PEPTIDE1{Pr_Gly.dL.L.Me_dL.Me_dA.meL.meA}$PEPTIDE1,PEPTIDE1,1:R1-7:R2$$$",-5.11000000,ok,,flexible
"PEPTIDE1{F.P.T.P.T.meL.Me_dL}$PEPTIDE1,PEPTIDE1,1:R1-7:R2$$$",-5.95500000,ok,,flexible
"PEPTIDE1{meA.dL.P.Abu.meS.V.meF}$PEPTIDE1,PEPTIDE1,1:R1-7:R2$$$",-6.30500000,ok,,flexible
"PEPTIDE1{A.meA.dL.T.P.G.Sar}$PEPTIDE1,PEPTIDE1,1:R1-7:R2$$$",-6.38300000,ok,,flexible
"PEPTIDE1{dP.Me_dA.dA.dF.meF.T.meL}$PEPTIDE1,PEPTIDE1,1:R1-7:R2$$$",-6.04200000,ok,,flexible
"PEPTIDE1{dF.A.P.I.T.L.meL}$PEPTIDE1,PEPTIDE1,1:R1-7:R2$$$",-5.71600000,ok,,flexible
"PEPTIDE1{F.Mono38.L.A.T.I.meA}$PEPTIDE1,PEPTIDE1,1:R1-7:R2$$$",-5.61700000,ok,,flexible
"PEPTIDE1{meA.Me_dL.I.T.Abu.meS.Me_dA}$PEPTIDE1,PEPTIDE1,1:R1-7:R2$$$",-5.01000000,ok,,flexible
"PEPTIDE1{Me_dA.T.cHexCH2_Gly.meF.meL.meA.T}$PEPTIDE1,PEPTIDE1,1:R1-7:R2$$$",-5.82900000,ok,,flexible
"PEPTIDE1{meA.Me_dL.meL.L.A.meF.Sar}$PEPTIDE1,PEPTIDE1,1:R1-7:R2$$$",-5.76400000,ok,,flexible
"PEPTIDE1{dF.cHexCH2_Gly.G.Me_dL.T.I.A}$PEPTIDE1,PEPTIDE1,1:R1-7:R2$$$",-6.41700000,ok,,flexible
"PEPTIDE1{Me_Bal.F.meL.L.A.meF.meA}$PEPTIDE1,PEPTIDE1,1:R1-7:R2$$$",-6.36100000,ok,,flexible
"PEPTIDE1{dA.dL.F.T.meA.meL.meF}$PEPTIDE1,PEPTIDE1,1:R1-7:R2$$$",-5.67600000,ok,,flexible
"PEPTIDE1{L.meS.Phe(4-CF3).A.P.meL.A}$PEPTIDE1,PEPTIDE1,1:R1-7:R2$$$",-6.76000000,ok,,flexible
"PEPTIDE1{A.F.L.meA.meL.L.meI}$PEPTIDE1,PEPTIDE1,1:R1-7:R2$$$",-5.35900000,ok,,flexible
"PEPTIDE1{A.meL.Ser(tBu).I.F.T.dL}$PEPTIDE1,PEPTIDE1,1:R1-7:R2$$$",-5.03800000,ok,,flexible
"PEPTIDE1{Me_Bal.V.dL.T.Me_dA.Me_dL.dP}$PEPTIDE1,PEPTIDE1,1:R1-7:R2$$$",-6.34600000,ok,,flexible
"PEPTIDE1{dF.A.T.dL.A.V.meL}$PEPTIDE1,PEPTIDE1,1:R1-7:R2$$$",-6.29300000,ok,,flexible
"PEPTIDE1{A.Pr_Gly.Sar.dL.meA.Ser(tBu).T}$PEPTIDE1,PEPTIDE1,1:R1-7:R2$$$",-5.42700000,ok,,flexible
"PEPTIDE1{Me_dA.meA.dA.Aib.A.F.G}$PEPTIDE1,PEPTIDE1,1:R1-7:R2$$$",-7.25300000,ok,,flexible
"PEPTIDE1{meA.L.Sar.meF.dP.T.dL}$PEPTIDE1,PEPTIDE1,1:R1-7:R2$$$",-5.94000000,ok,,flexible
"PEPTIDE1{Pr_Gly.I.Me_dL.T.meF.A.meL}$PEPTIDE1,PEPTIDE1,1:R1-7:R2$$$",-5.44200000,ok,,flexible
"PEPTIDE1{meA.Me_dL.A.T.F.meS.T}$PEPTIDE1,PEPTIDE1,1:R1-7:R2$$$",-5.64100000,ok,,flexible
"PEPTIDE1{dF.Abu.meL.meF.F.V.L}$PEPTIDE1,PEPTIDE1,1:R1-7:R2$$$",-6.39100000,ok,,flexible
"PEPTIDE1{meA.A.dP.P.L.T.Ala(5-Tet)}$PEPTIDE1,PEPTIDE1,1:R1-7:R2$$$",-6.54800000,ok,,flexible
"PEPTIDE1{meA.Me_dA.Pr_Gly.L.Me_dL.T.I}$PEPTIDE1,PEPTIDE1,1:R1-7:R2$$$",-5.35200000,ok,,flexible
"PEPTIDE1{dA.P.Ser(tBu).dP.T.T.meL}$PEPTIDE1,PEPTIDE1,1:R1-7:R2$$$",-5.91100000,ok,,flexible
"PEPTIDE1{A.P.T.Me_dL.F.meA.dL}$PEPTIDE1,PEPTIDE1,1:R1-7:R2$$$",-6.27900000,ok,,flexible
"PEPTIDE1{Me_Bal.V.dL.Ser(tBu).meA.meL.Me_dL}$PEPTIDE1,PEPTIDE1,1:R1-7:R2$$$",-5.12700000,ok,,flexible
"PEPTIDE1{meF.A.Me_dL.I.dL.Me_Phe(3-Cl).meA}$PEPTIDE1,PEPTIDE1,1:R1-7:R2$$$",-5.94500000,ok,,flexible
"PEPTIDE1{meA.dL.meS.meF.Me_dL.T.I}$PEPTIDE1,PEPTIDE1,1:R1-7:R2$$$",-5.91300000,ok,,flexible
"PEPTIDE1{Me_dA.A.meA.meL.Bn_Gly.F.T}$PEPTIDE1,PEPTIDE1,1:R1-7:R2$$$",-6.74100000,ok,,flexible
"PEPTIDE1{meA.T.F.dL.dV.meL.A}$PEPTIDE1,PEPTIDE1,1:R1-7:R2$$$",-6.13000000,ok,,flexible
"PEPTIDE1{Sar.T.dP.Me_dL.dL.V.meF}$PEPTIDE1,PEPTIDE1,1:R1-7:R2$$$",-5.92700000,ok,,flexible
"PEPTIDE1{meA.T.dP.T.L.Ser(tBu).A}$PEPTIDE1,PEPTIDE1,1:R1-7:R2$$$",-5.87500000,ok,,flexible
"PEPTIDE1{meL.L.dL.T.A.meV.dL}$PEPTIDE1,PEPTIDE1,1:R1-7:R2$$$",-5.74500000,ok,,flexible
"PEPTIDE1{dA.Abu.meF.Ala(5-Tet).L.dL.A}$PEPTIDE1,PEPTIDE1,1:R1-7:R2$$$",-5.79000000,ok,,flexible
"PEPTIDE1{meF.I.meL.dL.Abu.meS.A}$PEPTIDE1,PEPTIDE1,1:R1-7:R2$$$",-5.92600000,ok,,flexible
"PEPTIDE1{Me_dA.meA.L.T.meV.I.T}$PEPTIDE1,PEPTIDE1,1:R1-7:R2$$$",-5.98300000,ok,,flexible
"PEPTIDE1{Pr_Gly.F.L.pentyl_Gly.cHexCH2_Gly.A.Ser(tBu)}$PEPTIDE1,PEPTIDE1,1:R1-7:R2$$$",-5.21100000,ok,,flexible
"PEPTIDE1{meA.meF.G.meL.V.Me_dL.meS}$PEPTIDE1,PEPTIDE1,1:R1-7:R2$$$",-6.17700000,ok,,flexible
"PEPTIDE1{L.F.L.G.V.Ser(tBu).T}$PEPTIDE1,PEPTIDE1,1:R1-7:R2$$$",-5.29300000,ok,,flexible
"PEPTIDE1{dF.Mono38.meL.L.G.Ser(tBu).meL}$PEPTIDE1,PEPTIDE1,1:R1-7:R2$$$",-4.93400000,ok,,flexible
"PEPTIDE1{dV.meS.T.A.Me_dA.dL.L}$PEPTIDE1,PEPTIDE1,1:R1-7:R2$$$",-5.91100000,ok,,flexible
"PEPTIDE1{meA.F.T.Abu.meL.L.dA}$PEPTIDE1,PEPTIDE1,1:R1-7:R2$$$",-5.47900000,ok,,flexible
"PEPTIDE1{meA.T.V.meF.G.A.dP}$PEPTIDE1,PEPTIDE1,1:R1-7:R2$$$",-7.03300000,ok,,flexible
"PEPTIDE1{P.meL.Pr_Gly.meA.Me_dL.V.L}$PEPTIDE1,PEPTIDE1,1:R1-7:R2$$$",-5.17700000,ok,,flexible
"PEPTIDE1{L.dL.Aoc(2).T.meF.T.Abu}$PEPTIDE1,PEPTIDE1,1:R1-7:R2$$$",-5.75400000,ok,,flexible
"PEPTIDE1{meL.A.T.Sar.meF.P.meA}$PEPTIDE1,PEPTIDE1,1:R1-7:R2$$$",-6.25000000,ok,,flexible
"PEPTIDE1{meL.meF.meS.Ala(5-Tet).meA.T.Aoc(2)}$PEPTIDE1,PEPTIDE1,1:R1-7:R2$$$",-5.49700000,ok,,flexible
"PEPTIDE1{dV.A.meL.G.T.meA.meF}$PEPTIDE1,PEPTIDE1,1:R1-7:R2$$$",-6.83200000,ok,,flexible
"PEPTIDE1{meL.meS.Abu.Me_dA.L.meF.A}$PEPTIDE1,PEPTIDE1,1:R1-7:R2$$$",-6.19900000,ok,,flexible
"PEPTIDE1{meA.A.P.L.Bn_Gly.G.Me_dL}$PEPTIDE1,PEPTIDE1,1:R1-7:R2$$$",-6.34300000,ok,,flexible
"PEPTIDE1{dA.A.meL.G.Ser(tBu).V.I}$PEPTIDE1,PEPTIDE1,1:R1-7:R2$$$",-6.47400000,ok,,flexible
"PEPTIDE1{dF.L.T.Ser(tBu).A.Me_Phe(3-Cl).L}$PEPTIDE1,PEPTIDE1,1:R1-7:R2$$$",-5.27700000,ok,,flexible
"PEPTIDE1{Me_Bal.Mono38.meA.meL.L.meF.I}$PEPTIDE1,PEPTIDE1,1:R1-7:R2$$$",-6.51100000,ok,,flexible
"PEPTIDE1{dF.cHexCH2_Gly.P.dL.L.Ser(tBu).meF}$PEPTIDE1,PEPTIDE1,1:R1-7:R2$$$",-5.42600000,ok,,flexible
"PEPTIDE1{dA.meF.meL.T.Aoc(2).I.meS}$PEPTIDE1,PEPTIDE1,1:R1-7:R2$$$",-5.87900000,ok,,flexible
"PEPTIDE1{Mono6.meA.I.T.A.Me_dA.meL}$PEPTIDE1,PEPTIDE1,1:R1-7:R2$$$",-5.58900000,ok,,flexible
"PEPTIDE1{dV.dA.meL.T.F.V.meF}$PEPTIDE1,PEPTIDE1,1:R1-7:R2$$$",-6.46700000,ok,,flexible
"PEPTIDE1{Mono6.meA.meL.T.P.meF.F}$PEPTIDE1,PEPTIDE1,1:R1-7:R2$$$",-6.29800000,ok,,flexible
"PEPTIDE1{P.meL.meA.A.F.Ser(tBu).V}$PEPTIDE1,PEPTIDE1,1:R1-7:R2$$$",-5.82900000,ok,,flexible
"PEPTIDE1{meA.Abu.meF.I.V.Ser(tBu).T}$PEPTIDE1,PEPTIDE1,1:R1-7:R2$$$",-5.80200000,ok,,flexible
"PEPTIDE1{Me_dA.L.A.T.Me_dL.Me_dL.T}$PEPTIDE1,PEPTIDE1,1:R1-7:R2$$$",-6.00300000,ok,,flexible
"PEPTIDE1{dV.A.T.dL.meL.L.dP}$PEPTIDE1,PEPTIDE1,1:R1-7:R2$$$",-5.51400000,ok,,flexible
"PEPTIDE1{L.meF.Abu.meL.V.T.A}$PEPTIDE1,PEPTIDE1,1:R1-7:R2$$$",-5.97100000,ok,,flexible
"PEPTIDE1{meL.meF.dP.L.V.I.L}$PEPTIDE1,PEPTIDE1,1:R1-7:R2$$$",-5.59100000,ok,,flexible
"PEPTIDE1{Sar.T.meA.dL.V.L.Me_dA}$PEPTIDE1,PEPTIDE1,1:R1-7:R2$$$",-6.21600000,ok,,flexible
"PEPTIDE1{dF.Pr_Gly.dL.meL.L.Mono78.T}$PEPTIDE1,PEPTIDE1,1:R1-7:R2$$$",-5.21800000,ok,,flexible
"PEPTIDE1{F.dL.Sar.meF.L.T.meL}$PEPTIDE1,PEPTIDE1,1:R1-7:R2$$$",-5.66000000,ok,,flexible
"PEPTIDE1{dV.Me_dL.meL.meF.A.dL.Sar}$PEPTIDE1,PEPTIDE1,1:R1-7:R2$$$",-5.95200000,ok,,flexible
"PEPTIDE1{Mono6.Me_dA.dPye.dP.dL.meL.V}$PEPTIDE1,PEPTIDE1,1:R1-7:R2$$$",-6.08700000,ok,,flexible
"PEPTIDE1{dA.A.F.V.meL.meF.meA}$PEPTIDE1,PEPTIDE1,1:R1-7:R2$$$",-6.18700000,ok,,flexible
"PEPTIDE1{meA.meL.Pr_Gly.V.T.meF.Ser(tBu)}$PEPTIDE1,PEPTIDE1,1:R1-7:R2$$$",-5.37400000,ok,,flexible
"PEPTIDE1{L.I.dL.meF.Me_dL.A.T}$PEPTIDE1,PEPTIDE1,1:R1-7:R2$$$",-5.85500000,ok,,flexible
"PEPTIDE1{Mono6.meA.L.I.V.F.meL}$PEPTIDE1,PEPTIDE1,1:R1-7:R2$$$",-6.05000000,ok,,flexible
"PEPTIDE1{Me_dA.meL.meA.T.F.L.I}$PEPTIDE1,PEPTIDE1,1:R1-7:R2$$$",-6.09000000,ok,,flexible
"PEPTIDE1{Mono6.meL.A.L.F.V.I}$PEPTIDE1,PEPTIDE1,1:R1-7:R2$$$",-5.99100000,ok,,flexible
"PEPTIDE1{meA.meL.G.meF.T.F.Mono78}$PEPTIDE1,PEPTIDE1,1:R1-7:R2$$$",-5.94100000,ok,,flexible
"PEPTIDE1{meA.Me_dL.Me_dA.L.meF.Abu.A}$PEPTIDE1,PEPTIDE1,1:R1-7:R2$$$",-6.74400000,ok,,flexible
"PEPTIDE1{L.Me_dL.meL.L.meA.V.P}$PEPTIDE1,PEPTIDE1,1:R1-7:R2$$$",-6.26100000,ok,,flexible
"PEPTIDE1{meA.P.L.P.meL.T.V}$PEPTIDE1,PEPTIDE1,1:R1-7:R2$$$",-6.59700000,ok,,flexible
"PEPTIDE1{dA.meF.meL.L.meA.F.T}$PEPTIDE1,PEPTIDE1,1:R1-7:R2$$$",-6.18100000,ok,,flexible
"PEPTIDE1{dA.A.Abu.P.V.T.G}$PEPTIDE1,PEPTIDE1,1:R1-7:R2$$$",-6.83800000,ok,,flexible
"PEPTIDE1{dV.V.meA.F.meF.I.L}$PEPTIDE1,PEPTIDE1,1:R1-7:R2$$$",-5.79300000,ok,,flexible
"PEPTIDE1{dF.L.T.L.I.meL.meF}$PEPTIDE1,PEPTIDE1,1:R1-7:R2$$$",-5.22900000,ok,,flexible
"PEPTIDE1{dV.G.L.meL.F.T.A}$PEPTIDE1,PEPTIDE1,1:R1-7:R2$$$",-6.33600000,ok,,flexible
"PEPTIDE1{dV.F.meA.P.meF.I.L}$PEPTIDE1,PEPTIDE1,1:R1-7:R2$$$",-7.08900000,ok,,flexible
"PEPTIDE1{dV.T.pentyl_Gly.L.Me_dL.I.V}$PEPTIDE1,PEPTIDE1,1:R1-7:R2$$$",-5.24000000,ok,,flexible
"PEPTIDE1{meA.meL.dP.Me_dL.P.Me_dL.Me_dA}$PEPTIDE1,PEPTIDE1,1:R1-7:R2$$$",-6.03700000,ok,,flexible
"PEPTIDE1{Me_dA.meL.meV.L.L.meF.T}$PEPTIDE1,PEPTIDE1,1:R1-7:R2$$$",-6.12500000,ok,,flexible
"PEPTIDE1{meA.V.L.I.P.F.meF}$PEPTIDE1,PEPTIDE1,1:R1-7:R2$$$",-5.59200000,ok,,flexible
"PEPTIDE1{A.T.meV.L.meF.Bn_Gly.meA}$PEPTIDE1,PEPTIDE1,1:R1-7:R2$$$",-6.00900000,ok,,flexible
"PEPTIDE1{meL.L.T.meF.dL.A.dP}$PEPTIDE1,PEPTIDE1,1:R1-7:R2$$$",-5.64200000,ok,,flexible
"PEPTIDE1{dA.F.F.meL.dL.V.L}$PEPTIDE1,PEPTIDE1,1:R1-7:R2$$$",-5.69100000,ok,,flexible
"PEPTIDE1{A.L.V.Me_dL.meA.dL.F}$PEPTIDE1,PEPTIDE1,1:R1-7:R2$$$",-6.01900000,ok,,flexible
"PEPTIDE1{Me_Bal.P.meA.A.F.dL.I}$PEPTIDE1,PEPTIDE1,1:R1-7:R2$$$",-6.55800000,ok,,flexible
"PEPTIDE1{Sar.L.V.meF.T.I.F}$PEPTIDE1,PEPTIDE1,1:R1-7:R2$$$",-5.69900000,ok,,flexible
"PEPTIDE1{meA.cHexCH2_Gly.F.P.meL.L.I}$PEPTIDE1,PEPTIDE1,1:R1-7:R2$$$",-6.19600000,ok,,flexible
"PEPTIDE1{dV.I.G.F.A.meL.V}$PEPTIDE1,PEPTIDE1,1:R1-7:R2$$$",-5.94300000,ok,,flexible
"PEPTIDE1{dA.meL.Me_dL.L.V.dV.F}$PEPTIDE1,PEPTIDE1,1:R1-7:R2$$$",-5.39100000,ok,,flexible
"PEPTIDE1{L.Me_dL.A.dL.dA.meA.meL}$PEPTIDE1,PEPTIDE1,1:R1-7:R2$$$",-5.50500000,ok,,flexible
"PEPTIDE1{Me_dA.Me_Phe(3-Cl).F.V.L.A.Ser(tBu)}$PEPTIDE1,PEPTIDE1,1:R1-7:R2$$$",-5.62500000,ok,,flexible
"PEPTIDE1{Me_Bal.Me_dA.Me_dL.dA.L.meL.T}$PEPTIDE1,PEPTIDE1,1:R1-7:R2$$$",-6.16000000,ok,,flexible
"PEPTIDE1{Me_dA.meL.meF.Ser(tBu).T.meI.meA}$PEPTIDE1,PEPTIDE1,1:R1-7:R2$$$",-5.36800000,ok,,flexible
"PEPTIDE1{Me_Bal.L.meA.meL.V.Me_Phe(3-Cl).I}$PEPTIDE1,PEPTIDE1,1:R1-7:R2$$$",-5.91900000,ok,,flexible
"PEPTIDE1{A.dP.F.I.T.meL.V}$PEPTIDE1,PEPTIDE1,1:R1-7:R2$$$",-5.85500000,ok,,flexible
"PEPTIDE1{meA.Mono38.I.meL.dL.Me_dL.L}$PEPTIDE1,PEPTIDE1,1:R1-7:R2$$$",-5.45500000,ok,,flexible
"PEPTIDE1{dV.A.meL.V.L.meF.F}$PEPTIDE1,PEPTIDE1,1:R1-7:R2$$$",-6.34100000,ok,,flexible
"PEPTIDE1{Me_Bal.Ser(tBu).A.meL.A.T.L}$PEPTIDE1,PEPTIDE1,1:R1-7:R2$$$",-5.53900000,ok,,flexible
"PEPTIDE1{A.Ala(5-Tet).L.meF.Me_dA.meA.T}$PEPTIDE1,PEPTIDE1,1:R1-7:R2$$$",-6.20400000,ok,,flexible
"PEPTIDE1{Me_dA.meF.T.Me_dL.meL.F.P}$PEPTIDE1,PEPTIDE1,1:R1-7:R2$$$",-6.06100000,ok,,flexible
"PEPTIDE1{P.meA.meL.V.L.I.Me_dL}$PEPTIDE1,PEPTIDE1,1:R1-7:R2$$$",-5.90200000,ok,,flexible
"PEPTIDE1{A.meV.meA.dL.Me_dL.meL.F}$PEPTIDE1,PEPTIDE1,1:R1-7:R2$$$",-5.65800000,ok,,flexible
"PEPTIDE1{L.meL.A.V.L.T.meF}$PEPTIDE1,PEPTIDE1,1:R1-7:R2$$$",-6.54700000,ok,,flexible
"PEPTIDE1{dA.meL.meV.meF.T.meL.L}$PEPTIDE1,PEPTIDE1,1:R1-7:R2$$$",-5.37800000,ok,,flexible
"PEPTIDE1{Me_dA.A.L.L.I.T.Me_Phe(3-Cl)}$PEPTIDE1,PEPTIDE1,1:R1-7:R2$$$",-5.60800000,ok,,flexible
"PEPTIDE1{meA.meL.P.A.meF.T.dL}$PEPTIDE1,PEPTIDE1,1:R1-7:R2$$$",-6.50500000,ok,,flexible
"PEPTIDE1{meL.A.Me_dL.V.meF.dL.dV}$PEPTIDE1,PEPTIDE1,1:R1-7:R2$$$",-6.18500000,ok,,flexible
"PEPTIDE1{Mono6.Me_dA.T.meL.T.meA.dP}$PEPTIDE1,PEPTIDE1,1:R1-7:R2$$$",-6.22100000,ok,,flexible
"PEPTIDE1{meA.F.L.T.Bn_Gly.V.Me_dL}$PEPTIDE1,PEPTIDE1,1:R1-7:R2$$$",-5.92800000,ok,,flexible
"PEPTIDE1{dV.meL.T.Me_dL.T.Me_dL.V}$PEPTIDE1,PEPTIDE1,1:R1-7:R2$$$",-5.74700000,ok,,flexible
"PEPTIDE1{A.meL.meA.Ser(tBu).L.Me_dL.meF}$PEPTIDE1,PEPTIDE1,1:R1-7:R2$$$",-5.40700000,ok,,flexible
"PEPTIDE1{Sar.Me_dL.L.meL.T.meF.Ser(tBu)}$PEPTIDE1,PEPTIDE1,1:R1-7:R2$$$",-5.02600000,ok,,flexible
"PEPTIDE1{Sar.P.meA.A.meF.I.dL}$PEPTIDE1,PEPTIDE1,1:R1-7:R2$$$",-6.03900000,ok,,flexible
"PEPTIDE1{dF.T.I.meL.L.P.meA}$PEPTIDE1,PEPTIDE1,1:R1-7:R2$$$",-6.14700000,ok,,flexible
"PEPTIDE1{A.meL.meA.V.Ser(tBu).Me_dL.F}$PEPTIDE1,PEPTIDE1,1:R1-7:R2$$$",-5.35800000,ok,,flexible
"PEPTIDE1{meA.P.meF.meL.V.dL.T}$PEPTIDE1,PEPTIDE1,1:R1-7:R2$$$",-6.07200000,ok,,flexible
"PEPTIDE1{dF.A.F.meL.V.G.L}$PEPTIDE1,PEPTIDE1,1:R1-7:R2$$$",-6.23900000,ok,,flexible
"PEPTIDE1{meA.L.meL.I.dL.L.A}$PEPTIDE1,PEPTIDE1,1:R1-7:R2$$$",-5.88000000,ok,,flexible
"PEPTIDE1{dP.meL.Me_dA.P.meA.Pr_Gly.meF}$PEPTIDE1,PEPTIDE1,1:R1-7:R2$$$",-6.20500000,ok,,flexible
"PEPTIDE1{dV.T.I.Me_dL.meL.G.meA}$PEPTIDE1,PEPTIDE1,1:R1-7:R2$$$",-5.49300000,ok,,flexible
"PEPTIDE1{F.cHexCH2_Gly.L.L.dP.meF.Me_dL}$PEPTIDE1,PEPTIDE1,1:R1-7:R2$$$",-5.25100000,ok,,flexible
"PEPTIDE1{Sar.A.L.F.dF.Me_dL.T}$PEPTIDE1,PEPTIDE1,1:R1-7:R2$$$",-6.62500000,ok,,flexible
"PEPTIDE1{meL.L.A.Ser(tBu).dL.I.I}$PEPTIDE1,PEPTIDE1,1:R1-7:R2$$$",-5.27700000,ok,,flexible
"PEPTIDE1{Mono6.meA.meS.T.Me_dL.meL.dL}$PEPTIDE1,PEPTIDE1,1:R1-7:R2$$$",-5.96700000,ok,,flexible
"PEPTIDE1{Me_dA.A.meF.Me_dL.meL.Bn_Gly.T}$PEPTIDE1,PEPTIDE1,1:R1-7:R2$$$",-6.16400000,ok,,flexible
"PEPTIDE1{dF.I.meA.dL.L.A.G}$PEPTIDE1,PEPTIDE1,1:R1-7:R2$$$",-6.50600000,ok,,flexible
"PEPTIDE1{dV.L.meL.F.Me_dL.dL.meA}$PEPTIDE1,PEPTIDE1,1:R1-7:R2$$$",-5.19200000,ok,,flexible
"PEPTIDE1{meA.Sar.meF.meS.T.L.Abu}$PEPTIDE1,PEPTIDE1,1:R1-7:R2$$$",-7.04800000,ok,,flexible
"PEPTIDE1{dV.Et_Gly.meF.meL.pentyl_Gly.dL.F}$PEPTIDE1,PEPTIDE1,1:R1-7:R2$$$",-5.41400000,ok,,flexible
"PEPTIDE1{meA.Aoc(2).Abu.A.P.T.meS}$PEPTIDE1,PEPTIDE1,1:R1-7:R2$$$",-6.02800000,ok,,flexible
"PEPTIDE1{meL.meS.A.Sar.P.T.L}$PEPTIDE1,PEPTIDE1,1:R1-7:R2$$$",-5.75900000,ok,,flexible
"PEPTIDE1{Me_Bal.meL.meF.meA.T.F.A}$PEPTIDE1,PEPTIDE1,1:R1-7:R2$$$",-6.69300000,ok,,flexible
"PEPTIDE1{A.meF.Aoc(2).meA.I.meL.F}$PEPTIDE1,PEPTIDE1,1:R1-7:R2$$$",-5.62200000,ok,,flexible
"PEPTIDE1{Mono6.meA.meL.L.Sar.Me_Phe(3-Cl).dL}$PEPTIDE1,PEPTIDE1,1:R1-7:R2$$$",-6.07600000,ok,,flexible
"PEPTIDE1{Me_dA.meA.dA.A.F.G.L}$PEPTIDE1,PEPTIDE1,1:R1-7:R2$$$",-6.30900000,ok,,flexible
"PEPTIDE1{dA.T.dP.T.Me_dL.P.I}$PEPTIDE1,PEPTIDE1,1:R1-7:R2$$$",-5.66300000,ok,,flexible
"PEPTIDE1{dF.T.I.Abu.A.L.T}$PEPTIDE1,PEPTIDE1,1:R1-7:R2$$$",-6.17600000,ok,,flexible
"PEPTIDE1{dF.A.Me_dL.P.meA.meY.dP}$PEPTIDE1,PEPTIDE1,1:R1-7:R2$$$",-6.68500000,ok,,flexible
"PEPTIDE1{meA.A.Sar.L.dL.meL.T}$PEPTIDE1,PEPTIDE1,1:R1-7:R2$$$",-5.83900000,ok,,flexible
"PEPTIDE1{A.F.Me_dL.Ser(tBu).T.Me_dA.V}$PEPTIDE1,PEPTIDE1,1:R1-7:R2$$$",-7.01800000,ok,,flexible
"PEPTIDE1{Sar.meA.Me_dL.meV.A.meL.F}$PEPTIDE1,PEPTIDE1,1:R1-7:R2$$$",-5.74500000,ok,,flexible
"PEPTIDE1{Mono6.L.dL.meA.Abu.I.meF}$PEPTIDE1,PEPTIDE1,1:R1-7:R2$$$",-5.95100000,ok,,flexible
"PEPTIDE1{meA.Pr_Gly.dPye.dL.L.V.G}$PEPTIDE1,PEPTIDE1,1:R1-7:R2$$$",-5.62400000,ok,,flexible
"PEPTIDE1{meF.meL.I.L.dL.T.Me_dL}$PEPTIDE1,PEPTIDE1,1:R1-7:R2$$$",-4.81800000,ok,,flexible
"PEPTIDE1{Mono6.Abu.meF.meL.A.L.dP}$PEPTIDE1,PEPTIDE1,1:R1-7:R2$$$",-6.11800000,ok,,flexible
"PEPTIDE1{L.Ala(5-Tet).meS.meA.dL.dA.Me_dL}$PEPTIDE1,PEPTIDE1,1:R1-7:R2$$$",-5.86100000,ok,,flexible
"PEPTIDE1{meL.L.meF.T.Me_dL.I.V}$PEPTIDE1,PEPTIDE1,1:R1-7:R2$$$",-5.58900000,ok,,flexible
"PEPTIDE1{dV.meS.meL.dA.meA.L.A}$PEPTIDE1,PEPTIDE1,1:R1-7:R2$$$",-6.01100000,ok,,flexible
"PEPTIDE1{Mono6.T.L.meA.meL.F.meF}$PEPTIDE1,PEPTIDE1,1:R1-7:R2$$$",-5.83900000,ok,,flexible
"PEPTIDE1{dF.T.meS.Abu.dL.Me_dL.meL}$PEPTIDE1,PEPTIDE1,1:R1-7:R2$$$",-6.29100000,ok,,flexible
"PEPTIDE1{dV.L.meL.Me_dL.T.meF.A}$PEPTIDE1,PEPTIDE1,1:R1-7:R2$$$",-5.31400000,ok,,flexible
"PEPTIDE1{L.Bn_Gly.I.Met(O2).cHexCH2_Gly.L.Ser(tBu)}$PEPTIDE1,PEPTIDE1,1:R1-7:R2$$$",-5.19200000,ok,,flexible
"PEPTIDE1{Mono6.A.T.L.L.3Pal.Ser(tBu)}$PEPTIDE1,PEPTIDE1,1:R1-7:R2$$$",-5.68800000,ok,,flexible
"PEPTIDE1{Pr_Gly.meL.G.meA.dL.I.T}$PEPTIDE1,PEPTIDE1,1:R1-7:R2$$$",-6.05000000,ok,,flexible
"PEPTIDE1{L.T.Ser(tBu).meF.A.F.meA}$PEPTIDE1,PEPTIDE1,1:R1-7:R2$$$",-5.92600000,ok,,flexible
"PEPTIDE1{Me_dA.L.meA.I.G.L.P}$PEPTIDE1,PEPTIDE1,1:R1-7:R2$$$",-5.82500000,ok,,flexible
"PEPTIDE1{A.meV.L.V.I.Me_dL.meF}$PEPTIDE1,PEPTIDE1,1:R1-7:R2$$$",-5.92900000,ok,,flexible
"PEPTIDE1{L.A.meL.T.L.Sar.I}$PEPTIDE1,PEPTIDE1,1:R1-7:R2$$$",-5.15100000,ok,,flexible
"PEPTIDE1{L.Sar.Me_dL.meF.meL.meL.meA}$PEPTIDE1,PEPTIDE1,1:R1-7:R2$$$",-5.54500000,ok,,flexible
"PEPTIDE1{dF.L.meA.Me_dL.F.T.Ser(tBu)}$PEPTIDE1,PEPTIDE1,1:R1-7:R2$$$",-6.02200000,ok,,flexible
"PEPTIDE1{L.dP.meA.meL.V.I.T}$PEPTIDE1,PEPTIDE1,1:R1-7:R2$$$",-5.67500000,ok,,flexible
"PEPTIDE1{Me_dA.dA.A.L.L.I.Ser(tBu)}$PEPTIDE1,PEPTIDE1,1:R1-7:R2$$$",-6.01400000,ok,,flexible
"PEPTIDE1{A.P.I.meL.dL.L.G}$PEPTIDE1,PEPTIDE1,1:R1-7:R2$$$",-5.13600000,ok,,flexible
"PEPTIDE1{A.L.meA.F.dL.meL.Ser(tBu)}$PEPTIDE1,PEPTIDE1,1:R1-7:R2$$$",-6.20800000,ok,,flexible
"PEPTIDE1{meA.dP.meS.L.Ala(5-Tet).Abu.T}$PEPTIDE1,PEPTIDE1,1:R1-7:R2$$$",-6.19800000,ok,,flexible
"PEPTIDE1{Me_dA.meL.meA.meF.dL.T.F}$PEPTIDE1,PEPTIDE1,1:R1-7:R2$$$",-5.72800000,ok,,flexible
"PEPTIDE1{F.pentyl_Gly.Ser(tBu).G.T.Bn_Gly.meA}$PEPTIDE1,PEPTIDE1,1:R1-7:R2$$$",-5.77800000,ok,,flexible
"PEPTIDE1{Me_dA.A.L.Phe(4-CF3).Me_dL.meF.L}$PEPTIDE1,PEPTIDE1,1:R1-7:R2$$$",-6.39300000,ok,,flexible
"PEPTIDE1{Me_dA.meA.Me_dL.I.F.dL.T}$PEPTIDE1,PEPTIDE1,1:R1-7:R2$$$",-6.00700000,ok,,flexible
"PEPTIDE1{dV.L.meV.meA.meF.Me_dL.T}$PEPTIDE1,PEPTIDE1,1:R1-7:R2$$$",-6.14400000,ok,,flexible
"PEPTIDE1{Mono6.Me_dL.dP.Me_dL.T.meA.L}$PEPTIDE1,PEPTIDE1,1:R1-7:R2$$$",-5.68700000,ok,,flexible
"PEPTIDE1{meA.A.Ser(tBu).meL.I.T.G}$PEPTIDE1,PEPTIDE1,1:R1-7:R2$$$",-5.53600000,ok,,flexible
"PEPTIDE1{Me_dA.meL.meL.meA.T.Ser(tBu).L}$PEPTIDE1,PEPTIDE1,1:R1-7:R2$$$",-5.27200000,ok,,flexible
"PEPTIDE1{meA.T.dL.meF.Me_dA.Abu.dP}$PEPTIDE1,PEPTIDE1,1:R1-7:R2$$$",-6.28800000,ok,,flexible
"PEPTIDE1{dV.F.Me_dL.A.I.L.Aoc(2)}$PEPTIDE1,PEPTIDE1,1:R1-7:R2$$$",-5.04900000,ok,,flexible
"PEPTIDE1{dA.Pr_Gly.Ser(tBu).F.T.I.A}$PEPTIDE1,PEPTIDE1,1:R1-7:R2$$$",-5.07800000,ok,,flexible
"PEPTIDE1{Me_dA.F.L.dL.meL.meL.pentyl_Gly}$PEPTIDE1,PEPTIDE1,1:R1-7:R2$$$",-5.35200000,ok,,flexible
"PEPTIDE1{meL.meS.T.I.dL.Me_dA.meV}$PEPTIDE1,PEPTIDE1,1:R1-7:R2$$$",-5.24100000,ok,,flexible
"PEPTIDE1{meA.meL.meF.dL.meL.Me_dL.A}$PEPTIDE1,PEPTIDE1,1:R1-7:R2$$$",-6.14000000,ok,,flexible
"PEPTIDE1{meA.F.P.V.T.Ser(tBu).G}$PEPTIDE1,PEPTIDE1,1:R1-7:R2$$$",-6.07600000,ok,,flexible
"PEPTIDE1{dV.L.T.meL.A.Ala(5-Tet).Aoc(2)}$PEPTIDE1,PEPTIDE1,1:R1-7:R2$$$",-5.54900000,ok,,flexible
"PEPTIDE1{Mono6.dA.A.Me_dL.dL.L.meA}$PEPTIDE1,PEPTIDE1,1:R1-7:R2$$$",-5.81500000,ok,,flexible
"PEPTIDE1{dV.meF.T.Ser(tBu).meA.L.I}$PEPTIDE1,PEPTIDE1,1:R1-7:R2$$$",-5.81800000,ok,,flexible
"PEPTIDE1{Pr_Gly.Me_dL.T.dL.A.G.Sar}$PEPTIDE1,PEPTIDE1,1:R1-7:R2$$$",-5.47500000,ok,,flexible
"PEPTIDE1{A.meF.L.Me_dL.meV.T.dL}$PEPTIDE1,PEPTIDE1,1:R1-7:R2$$$",-5.66300000,ok,,flexible
"PEPTIDE1{L.F.Me_dL.meL.Aoc(2).meL.Abu}$PEPTIDE1,PEPTIDE1,1:R1-7:R2$$$",-4.68200000,ok,,flexible
"PEPTIDE1{Pr_Gly.P.I.A.T.Ser(tBu).dL}$PEPTIDE1,PEPTIDE1,1:R1-7:R2$$$",-5.45400000,ok,,flexible
"PEPTIDE1{meA.Me_dA.F.meL.T.I.meL}$PEPTIDE1,PEPTIDE1,1:R1-7:R2$$$",-5.72700000,ok,,flexible
"PEPTIDE1{Me_dA.P.meA.L.A.L.meF}$PEPTIDE1,PEPTIDE1,1:R1-7:R2$$$",-6.68800000,ok,,flexible
"PEPTIDE1{Me_dA.A.L.meA.meL.Me_dL.dL}$PEPTIDE1,PEPTIDE1,1:R1-7:R2$$$",-6.21200000,ok,,flexible
"PEPTIDE1{Me_dA.A.dA.Pr_Gly.dL.P.F}$PEPTIDE1,PEPTIDE1,1:R1-7:R2$$$",-6.66100000,ok,,flexible
"PEPTIDE1{A.meL.L.I.T.L.Me_dL}$PEPTIDE1,PEPTIDE1,1:R1-7:R2$$$",-5.08700000,ok,,flexible
"PEPTIDE1{Me_Bal.Me_dL.P.dP.meL.meA.meL}$PEPTIDE1,PEPTIDE1,1:R1-7:R2$$$",-5.87600000,ok,,flexible
"PEPTIDE1{dV.L.meL.T.V.A.Me_dL}$PEPTIDE1,PEPTIDE1,1:R1-7:R2$$$",-5.54400000,ok,,flexible
"PEPTIDE1{Mono6.Ala(5-Tet).meA.meS.Aoc(2).L.meF}$PEPTIDE1,PEPTIDE1,1:R1-7:R2$$$",-6.06400000,ok,,flexible
"PEPTIDE1{dA.F.meL.T.L.meF.A}$PEPTIDE1,PEPTIDE1,1:R1-7:R2$$$",-6.62600000,ok,,flexible
"PEPTIDE1{A.meL.meS.T.meA.dL.Me_dA}$PEPTIDE1,PEPTIDE1,1:R1-7:R2$$$",-6.26200000,ok,,flexible
"PEPTIDE1{P.Pr_Gly.F.A.V.meA.L}$PEPTIDE1,PEPTIDE1,1:R1-7:R2$$$",-5.81100000,ok,,flexible
"PEPTIDE1{meA.meL.Sar.L.meV.dL.G}$PEPTIDE1,PEPTIDE1,1:R1-7:R2$$$",-5.90300000,ok,,flexible
"PEPTIDE1{meA.Me_dA.L.P.A.meL.meV}$PEPTIDE1,PEPTIDE1,1:R1-7:R2$$$",-5.92500000,ok,,flexible
"PEPTIDE1{meA.L.Me_dL.P.F.V.meI}$PEPTIDE1,PEPTIDE1,1:R1-7:R2$$$",-5.80700000,ok,,flexible
"PEPTIDE1{dV.Me_dL.meS.dP.T.L.F}$PEPTIDE1,PEPTIDE1,1:R1-7:R2$$$",-6.23900000,ok,,flexible
"PEPTIDE1{A.L.Me_dL.V.meL.dV.I}$PEPTIDE1,PEPTIDE1,1:R1-7:R2$$$",-5.36100000,ok,,flexible
"PEPTIDE1{meA.I.dL.meL.Me_dL.L.V}$PEPTIDE1,PEPTIDE1,1:R1-7:R2$$$",-5.86300000,ok,,flexible
"PEPTIDE1{L.meA.meF.Abu.A.meL.T}$PEPTIDE1,PEPTIDE1,1:R1-7:R2$$$",-6.03300000,ok,,flexible
"PEPTIDE1{Me_dA.cHexCH2_Gly.I.meF.Me_dL.Ser(tBu).Bn_Gly}$PEPTIDE1,PEPTIDE1,1:R1-7:R2$$$",-5.67600000,ok,,flexible
"PEPTIDE1{F.meF.Ser(tBu).A.L.I.meL}$PEPTIDE1,PEPTIDE1,1:R1-7:R2$$$",-5.37300000,ok,,flexible
"PEPTIDE1{Mono6.L.V.dP.P.T.A}$PEPTIDE1,PEPTIDE1,1:R1-7:R2$$$",-6.09600000,ok,,flexible
"PEPTIDE1{Mono6.meS.meL.Me_dL.L.dF.Ala(5-Tet)}$PEPTIDE1,PEPTIDE1,1:R1-7:R2$$$",-5.82700000,ok,,flexible
"PEPTIDE1{dA.I.Abu.meL.meA.T.dL}$PEPTIDE1,PEPTIDE1,1:R1-7:R2$$$",-5.90500000,ok,,flexible
"PEPTIDE1{Me_dA.L.T.meF.meS.dL.Me_dL}$PEPTIDE1,PEPTIDE1,1:R1-7:R2$$$",-6.03900000,ok,,flexible
"PEPTIDE1{Me_dA.meA.meL.meF.L.A.V}$PEPTIDE1,PEPTIDE1,1:R1-7:R2$$$",-5.69000000,ok,,flexible
"PEPTIDE1{dV.meS.meF.T.meL.T.meA}$PEPTIDE1,PEPTIDE1,1:R1-7:R2$$$",-5.87400000,ok,,flexible
"PEPTIDE1{Me_dA.Me_dL.T.L.meS.D.Aoc(2)}$PEPTIDE1,PEPTIDE1,1:R1-7:R2$$$",-4.91400000,ok,,flexible
"PEPTIDE1{dA.meF.meA.meL.P.T.Sar}$PEPTIDE1,PEPTIDE1,1:R1-7:R2$$$",-6.23400000,ok,,flexible
"PEPTIDE1{Me_Bal.meA.A.V.F.dL.T}$PEPTIDE1,PEPTIDE1,1:R1-7:R2$$$",-7.13700000,ok,,flexible
"PEPTIDE1{meA.Me_dA.T.Me_dL.A.V.dL}$PEPTIDE1,PEPTIDE1,1:R1-7:R2$$$",-5.52000000,ok,,flexible
"PEPTIDE1{A.P.L.Me_dL.meA.T.dL}$PEPTIDE1,PEPTIDE1,1:R1-7:R2$$$",-6.20400000,ok,,flexible
"PEPTIDE1{meL.Me_dL.meS.Abu.Ala(5-Tet).A.meA}$PEPTIDE1,PEPTIDE1,1:R1-7:R2$$$",-5.65300000,ok,,flexible
"PEPTIDE1{dA.F.dP.meL.Ser(tBu).T.V}$PEPTIDE1,PEPTIDE1,1:R1-7:R2$$$",-5.79900000,ok,,flexible
"PEPTIDE1{dF.Abu.dA.meF.meL.T.A}$PEPTIDE1,PEPTIDE1,1:R1-7:R2$$$",-5.50000000,ok,,flexible
"PEPTIDE1{dF.T.L.meF.Aoc(2).P.dA}$PEPTIDE1,PEPTIDE1,1:R1-7:R2$$$",-6.10700000,ok,,flexible
"PEPTIDE1{Me_Bal.meL.T.V.dL.Me_dL.F}$PEPTIDE1,PEPTIDE1,1:R1-7:R2$$$",-6.28400000,ok,,flexible
"PEPTIDE1{A.P.dP.meA.meL.dL.Me_dL}$PEPTIDE1,PEPTIDE1,1:R1-7:R2$$$",-6.41600000,ok,,flexible
"PEPTIDE1{dP.F.I.Pr_Gly.T.G.P}$PEPTIDE1,PEPTIDE1,1:R1-7:R2$$$",-6.12800000,ok,,flexible
"PEPTIDE1{Me_dA.dF.Me_dL.meL.meA.T.F}$PEPTIDE1,PEPTIDE1,1:R1-7:R2$$$",-6.35000000,ok,,flexible
"PEPTIDE1{Sar.T.P.F.I.dL.meL}$PEPTIDE1,PEPTIDE1,1:R1-7:R2$$$",-6.19000000,ok,,flexible
"PEPTIDE1{P.Pr_Gly.A.Me_dL.meL.L.Me_dA}$PEPTIDE1,PEPTIDE1,1:R1-7:R2$$$",-6.31100000,ok,,flexible
"PEPTIDE1{F.A.G.T.L.dL.Bn_Gly}$PEPTIDE1,PEPTIDE1,1:R1-7:R2$$$",-5.78100000,ok,,flexible
"PEPTIDE1{dV.meA.meF.L.meL.A.T}$PEPTIDE1,PEPTIDE1,1:R1-7:R2$$$",-5.56300000,ok,,flexible
"PEPTIDE1{dA.dP.T.meA.dL.Me_dL.A}$PEPTIDE1,PEPTIDE1,1:R1-7:R2$$$",-6.23600000,ok,,flexible
"PEPTIDE1{P.G.meL.Me_dL.Ser(tBu).Me_dA.L}$PEPTIDE1,PEPTIDE1,1:R1-7:R2$$$",-5.38500000,ok,,flexible
"PEPTIDE1{A.dA.Me_dL.dL.meA.T.Me_dA}$PEPTIDE1,PEPTIDE1,1:R1-7:R2$$$",-5.73000000,ok,,flexible
"PEPTIDE1{Me_dA.A.F.T.meL.V.L}$PEPTIDE1,PEPTIDE1,1:R1-7:R2$$$",-5.82000000,ok,,flexible
"PEPTIDE1{A.A.dA.T.L.meL.dV}$PEPTIDE1,PEPTIDE1,1:R1-7:R2$$$",-5.78800000,ok,,flexible
"PEPTIDE1{dV.P.meL.Sar.V.A.G}$PEPTIDE1,PEPTIDE1,1:R1-7:R2$$$",-6.47700000,ok,,flexible
"PEPTIDE1{meL.F.meF.I.L.V.T}$PEPTIDE1,PEPTIDE1,1:R1-7:R2$$$",-5.61700000,ok,,flexible
"PEPTIDE1{meF.A.P.meL.I.dL.L}$PEPTIDE1,PEPTIDE1,1:R1-7:R2$$$",-5.77800000,ok,,flexible
"PEPTIDE1{meL.meS.L.Me_dL.T.meV.meF}$PEPTIDE1,PEPTIDE1,1:R1-7:R2$$$",-5.17500000,ok,,flexible
"PEPTIDE1{Me_dA.L.A.Abu.meA.T.meL}$PEPTIDE1,PEPTIDE1,1:R1-7:R2$$$",-6.16300000,ok,,flexible
"PEPTIDE1{A.meS.meF.meA.dL.dA.V}$PEPTIDE1,PEPTIDE1,1:R1-7:R2$$$",-6.35400000,ok,,flexible
"PEPTIDE1{F.Aoc(2).T.meL.L.meA.I}$PEPTIDE1,PEPTIDE1,1:R1-7:R2$$$",-4.53500000,ok,,flexible
"PEPTIDE1{Me_dL.A.dL.Abu.Aoc(2).meS.meL}$PEPTIDE1,PEPTIDE1,1:R1-7:R2$$$",-5.18600000,ok,,flexible
"PEPTIDE1{F.L.Me_dL.meL.I.dL.T}$PEPTIDE1,PEPTIDE1,1:R1-7:R2$$$",-5.48900000,ok,,flexible
"PEPTIDE1{Me_Bal.V.meF.meA.meL.T.T}$PEPTIDE1,PEPTIDE1,1:R1-7:R2$$$",-5.85000000,ok,,flexible
"PEPTIDE1{A.meA.L.meF.meL.F.V}$PEPTIDE1,PEPTIDE1,1:R1-7:R2$$$",-6.19200000,ok,,flexible
"PEPTIDE1{L.meL.A.F.V.A.meA}$PEPTIDE1,PEPTIDE1,1:R1-7:R2$$$",-7.01000000,ok,,flexible
"PEPTIDE1{dV.meL.A.meS.meA.dL.L}$PEPTIDE1,PEPTIDE1,1:R1-7:R2$$$",-5.77800000,ok,,flexible
"PEPTIDE1{meA.Ala(5-Tet).V.dL.T.L.T}$PEPTIDE1,PEPTIDE1,1:R1-7:R2$$$",-5.91600000,ok,,flexible
"PEPTIDE1{meL.meF.Me_dL.meA.T.I.L}$PEPTIDE1,PEPTIDE1,1:R1-7:R2$$$",-5.69400000,ok,,flexible
"PEPTIDE1{meA.meF.V.dL.meL.F.I}$PEPTIDE1,PEPTIDE1,1:R1-7:R2$$$",-5.57700000,ok,,flexible
"PEPTIDE1{A.meL.L.Me_dL.T.V.meF}$PEPTIDE1,PEPTIDE1,1:R1-7:R2$$$",-5.64300000,ok,,flexible
"PEPTIDE1{F.meL.I.meA.P.meF.Ser(tBu)}$PEPTIDE1,PEPTIDE1,1:R1-7:R2$$$",-5.75300000,ok,,flexible
"PEPTIDE1{meL.meF.meS.Abu.F.A.dL}$PEPTIDE1,PEPTIDE1,1:R1-7:R2$$$",-5.47900000,ok,,flexible
"PEPTIDE1{Me_dA.Me_Phe(3-Cl).Ser(tBu).T.F.Mono84.meF}$PEPTIDE1,PEPTIDE1,1:R1-7:R2$$$",-5.98400000,ok,,flexible
"PEPTIDE1{Mono6.T.meL.F.dP.meA.Me_dL}$PEPTIDE1,PEPTIDE1,1:R1-7:R2$$$",-6.23300000,ok,,flexible
"PEPTIDE1{dA.meF.Abu.meL.Me_dL.L.meS}$PEPTIDE1,PEPTIDE1,1:R1-7:R2$$$",-5.75900000,ok,,flexible
"PEPTIDE1{F.meL.Abu.T.meA.meF.Ser(tBu)}$PEPTIDE1,PEPTIDE1,1:R1-7:R2$$$",-6.08900000,ok,,flexible
"PEPTIDE1{meA.L.A.Mono86.I.dL.T}$PEPTIDE1,PEPTIDE1,1:R1-7:R2$$$",-5.50100000,ok,,flexible
"PEPTIDE1{dP.Pr_Gly.L.meL.P.Ser(tBu).F}$PEPTIDE1,PEPTIDE1,1:R1-7:R2$$$",-5.31800000,ok,,flexible
"PEPTIDE1{meL.P.L.meF.meA.V.F}$PEPTIDE1,PEPTIDE1,1:R1-7:R2$$$",-6.00100000,ok,,flexible
"PEPTIDE1{P.Pr_Gly.A.meL.L.meA.Me_dL}$PEPTIDE1,PEPTIDE1,1:R1-7:R2$$$",-6.99000000,ok,,flexible
"PEPTIDE1{dA.meL.L.meA.T.Me_dL.Bn_Gly}$PEPTIDE1,PEPTIDE1,1:R1-7:R2$$$",-5.05400000,ok,,flexible
"PEPTIDE1{Sar.A.L.meA.meL.Me_dL.T}$PEPTIDE1,PEPTIDE1,1:R1-7:R2$$$",-5.72000000,ok,,flexible
"PEPTIDE1{dV.meL.meF.Me_Phe(3-Cl).L.Ser(tBu).V}$PEPTIDE1,PEPTIDE1,1:R1-7:R2$$$",-5.02600000,ok,,flexible
"PEPTIDE1{Me_dA.meS.meA.meL.T.meL.T}$PEPTIDE1,PEPTIDE1,1:R1-7:R2$$$",-5.81200000,ok,,flexible
"PEPTIDE1{meL.I.A.meA.T.dL.V}$PEPTIDE1,PEPTIDE1,1:R1-7:R2$$$",-5.40600000,ok,,flexible
"PEPTIDE1{dV.meF.L.meA.Ser(tBu).I.L}$PEPTIDE1,PEPTIDE1,1:R1-7:R2$$$",-5.70200000,ok,,flexible
"PEPTIDE1{meA.T.dP.Me_dL.L.dL.Aoc(2)}$PEPTIDE1,PEPTIDE1,1:R1-7:R2$$$",-5.38300000,ok,,flexible
"PEPTIDE1{F.T.meL.dL.Me_dA.meF.A}$PEPTIDE1,PEPTIDE1,1:R1-7:R2$$$",-6.32100000,ok,,flexible
"PEPTIDE1{Me_dA.meL.Me_dL.A.dL.Bn_Gly.meV}$PEPTIDE1,PEPTIDE1,1:R1-7:R2$$$",-6.22800000,ok,,flexible
"PEPTIDE1{dP.meL.Me_dA.L.meL.P.Me_dL}$PEPTIDE1,PEPTIDE1,1:R1-7:R2$$$",-5.44400000,ok,,flexible
"PEPTIDE1{dV.L.meL.A.I.T.dL}$PEPTIDE1,PEPTIDE1,1:R1-7:R2$$$",-5.42800000,ok,,flexible
"PEPTIDE1{meA.L.Me_dA.Et_Gly.dL.V.meF}$PEPTIDE1,PEPTIDE1,1:R1-7:R2$$$",-6.18000000,ok,,flexible
"PEPTIDE1{dF.meL.meF.I.Ser(tBu).L.A}$PEPTIDE1,PEPTIDE1,1:R1-7:R2$$$",-5.44200000,ok,,flexible
"PEPTIDE1{meL.T.dL.Phe(4-CF3).L.meA.G}$PEPTIDE1,PEPTIDE1,1:R1-7:R2$$$",-5.26100000,ok,,flexible
"PEPTIDE1{F.dL.L.I.T.A.meA}$PEPTIDE1,PEPTIDE1,1:R1-7:R2$$$",-5.15500000,ok,,flexible
"PEPTIDE1{dA.A.F.cHexCH2_Gly.I.dL.L}$PEPTIDE1,PEPTIDE1,1:R1-7:R2$$$",-5.50000000,ok,,flexible
"PEPTIDE1{meA.T.meL.L.Me_dL.V.P}$PEPTIDE1,PEPTIDE1,1:R1-7:R2$$$",-5.53700000,ok,,flexible
"PEPTIDE1{F.I.A.Ser(tBu).meA.P.T}$PEPTIDE1,PEPTIDE1,1:R1-7:R2$$$",-5.79200000,ok,,flexible
"PEPTIDE1{meA.T.A.Ser(tBu).V.L.Me_dL}$PEPTIDE1,PEPTIDE1,1:R1-7:R2$$$",-5.79600000,ok,,flexible
"PEPTIDE1{Me_Bal.I.dL.L.L.Me_Phe(3-Cl).meF}$PEPTIDE1,PEPTIDE1,1:R1-7:R2$$$",-5.23400000,ok,,flexible
"PEPTIDE1{A.T.meL.T.Ser(tBu).I.P}$PEPTIDE1,PEPTIDE1,1:R1-7:R2$$$",-5.07000000,ok,,flexible
"PEPTIDE1{dV.F.meA.L.meF.F.Ser(tBu)}$PEPTIDE1,PEPTIDE1,1:R1-7:R2$$$",-5.47100000,ok,,flexible
"PEPTIDE1{dV.L.meA.pentyl_Gly.meF.Me_dL.meI}$PEPTIDE1,PEPTIDE1,1:R1-7:R2$$$",-5.29500000,ok,,flexible
"PEPTIDE1{Me_dA.meA.dL.Me_dL.L.I.A}$PEPTIDE1,PEPTIDE1,1:R1-7:R2$$$",-5.97700000,ok,,flexible
"PEPTIDE1{P.A.F.dL.meL.meL.meA}$PEPTIDE1,PEPTIDE1,1:R1-7:R2$$$",-6.92400000,ok,,flexible
"PEPTIDE1{Me_Bal.L.Me_dL.dL.F.Ser(tBu).I}$PEPTIDE1,PEPTIDE1,1:R1-7:R2$$$",-5.28000000,ok,,flexible
"PEPTIDE1{Me_dA.P.Me_dL.dL.Me_dL.A.T}$PEPTIDE1,PEPTIDE1,1:R1-7:R2$$$",-5.90400000,ok,,flexible
"PEPTIDE1{dA.meA.T.meL.I.F.Me_dL}$PEPTIDE1,PEPTIDE1,1:R1-7:R2$$$",-5.53700000,ok,,flexible
"PEPTIDE1{dF.cHexCH2_Gly.meA.G.T.meF.I}$PEPTIDE1,PEPTIDE1,1:R1-7:R2$$$",-6.86600000,ok,,flexible
"PEPTIDE1{A.meF.I.L.P.meV.F}$PEPTIDE1,PEPTIDE1,1:R1-7:R2$$$",-5.92900000,ok,,flexible
"PEPTIDE1{Me_dA.meA.meF.meL.Me_dL.A.T}$PEPTIDE1,PEPTIDE1,1:R1-7:R2$$$",-5.88300000,ok,,flexible
"PEPTIDE1{dV.L.meA.T.Abu.A.Ala(5-Tet)}$PEPTIDE1,PEPTIDE1,1:R1-7:R2$$$",-6.16200000,ok,,flexible
"PEPTIDE1{Me_Bal.pentyl_Gly.dL.meL.T.Me_Phe(3-Cl).Me_dL}$PEPTIDE1,PEPTIDE1,1:R1-7:R2$$$",-4.84200000,ok,,flexible
"PEPTIDE1{dA.Me_dL.meL.meA.P.meL.dL}$PEPTIDE1,PEPTIDE1,1:R1-7:R2$$$",-5.78700000,ok,,flexible
"PEPTIDE1{dF.L.P.L.Ser(tBu).meA.meL}$PEPTIDE1,PEPTIDE1,1:R1-7:R2$$$",-5.33000000,ok,,flexible
"PEPTIDE1{Me_Bal.meA.Bn_Gly.meL.dL.L.Ser(tBu)}$PEPTIDE1,PEPTIDE1,1:R1-7:R2$$$",-5.59900000,ok,,flexible
"PEPTIDE1{meL.T.L.meA.A.dL.meL}$PEPTIDE1,PEPTIDE1,1:R1-7:R2$$$",-6.28800000,ok,,flexible
"PEPTIDE1{Sar.meF.T.meL.I.meV.F}$PEPTIDE1,PEPTIDE1,1:R1-7:R2$$$",-6.13800000,ok,,flexible
"PEPTIDE1{meA.I.L.dL.meL.L.A}$PEPTIDE1,PEPTIDE1,1:R1-7:R2$$$",-5.71000000,ok,,flexible
"PEPTIDE1{dF.I.A.meL.Ser(tBu).Aoc(2).Me_Phe(3-Cl)}$PEPTIDE1,PEPTIDE1,1:R1-7:R2$$$",-5.57900000,ok,,flexible
"PEPTIDE1{Me_dA.meA.A.L.Sar.meS.V}$PEPTIDE1,PEPTIDE1,1:R1-7:R2$$$",-6.15600000,ok,,flexible
"PEPTIDE1{A.T.meL.meA.L.Me_dL.I}$PEPTIDE1,PEPTIDE1,1:R1-7:R2$$$",-5.82200000,ok,,flexible
"PEPTIDE1{Me_Bal.L.F.dL.meA.meL.Ser(tBu)}$PEPTIDE1,PEPTIDE1,1:R1-7:R2$$$",-5.50600000,ok,,flexible
"PEPTIDE1{meA.pentyl_Gly.dL.V.Mono86.G.meL}$PEPTIDE1,PEPTIDE1,1:R1-7:R2$$$",-4.85000000,ok,,flexible
"PEPTIDE1{A.F.meA.T.V.dL.Sar}$PEPTIDE1,PEPTIDE1,1:R1-7:R2$$$",-7.06700000,ok,,flexible
"PEPTIDE1{Me_dA.F.meL.A.dL.dP.L}$PEPTIDE1,PEPTIDE1,1:R1-7:R2$$$",-5.93200000,ok,,flexible
"PEPTIDE1{F.dL.meL.L.meF.I.Ser(tBu)}$PEPTIDE1,PEPTIDE1,1:R1-7:R2$$$",-4.81300000,ok,,flexible
"PEPTIDE1{L.T.V.meL.Me_dA.Bn_Gly.F}$PEPTIDE1,PEPTIDE1,1:R1-7:R2$$$",-5.60900000,ok,,flexible
"PEPTIDE1{F.pentyl_Gly.L.A.I.V.T}$PEPTIDE1,PEPTIDE1,1:R1-7:R2$$$",-5.40500000,ok,,flexible
"PEPTIDE1{Me_dA.dP.T.A.Me_dL.F.meV}$PEPTIDE1,PEPTIDE1,1:R1-7:R2$$$",-6.40700000,ok,,flexible
"PEPTIDE1{Me_dA.L.Me_dL.dL.meL.T.meL}$PEPTIDE1,PEPTIDE1,1:R1-7:R2$$$",-5.69300000,ok,,flexible
"PEPTIDE1{dA.Pr_Gly.meA.Me_dL.I.L.dF}$PEPTIDE1,PEPTIDE1,1:R1-7:R2$$$",-6.72800000,ok,,flexible
"PEPTIDE1{meL.A.Mono84.L.L.I.T}$PEPTIDE1,PEPTIDE1,1:R1-7:R2$$$",-5.51100000,ok,,flexible
"PEPTIDE1{F.Et_Gly.T.meL.L.dL.meA}$PEPTIDE1,PEPTIDE1,1:R1-7:R2$$$",-5.73600000,ok,,flexible
"PEPTIDE1{Me_dA.A.L.meA.meL.Ser(tBu).T}$PEPTIDE1,PEPTIDE1,1:R1-7:R2$$$",-5.90600000,ok,,flexible
"PEPTIDE1{dF.L.Ser(tBu).I.T.meL.A}$PEPTIDE1,PEPTIDE1,1:R1-7:R2$$$",-5.12000000,ok,,flexible
"PEPTIDE1{A.meL.meA.meF.Aoc(2).Abu.Sar}$PEPTIDE1,PEPTIDE1,1:R1-7:R2$$$",-6.56000000,ok,,flexible
"PEPTIDE1{dV.Me_dL.meY.T.meF.meA.Me_dA}$PEPTIDE1,PEPTIDE1,1:R1-7:R2$$$",-6.66700000,ok,,flexible
"PEPTIDE1{Me_dA.dA.F.Ser(tBu).Me_dL.T.dL}$PEPTIDE1,PEPTIDE1,1:R1-7:R2$$$",-6.03000000,ok,,flexible
"PEPTIDE1{Mono6.L.meF.A.F.Ser(tBu).meA}$PEPTIDE1,PEPTIDE1,1:R1-7:R2$$$",-6.18100000,ok,,flexible
"PEPTIDE1{L.Abu.meF.A.meS.meA.F}$PEPTIDE1,PEPTIDE1,1:R1-7:R2$$$",-6.34900000,ok,,flexible
"PEPTIDE1{meA.Me_dL.V.T.P.meL.meF}$PEPTIDE1,PEPTIDE1,1:R1-7:R2$$$",-6.09200000,ok,,flexible
"PEPTIDE1{dF.I.Me_dL.L.meA.meL.meI}$PEPTIDE1,PEPTIDE1,1:R1-7:R2$$$",-5.57100000,ok,,flexible
"PEPTIDE1{A.Sar.T.dL.Me_dA.Me_dL.F}$PEPTIDE1,PEPTIDE1,1:R1-7:R2$$$",-5.71000000,ok,,flexible
"PEPTIDE1{dA.T.Me_dL.V.Ser(tBu).I.meL}$PEPTIDE1,PEPTIDE1,1:R1-7:R2$$$",-5.41100000,ok,,flexible
"PEPTIDE1{P.Pr_Gly.A.L.Me_dL.G.Ser(tBu)}$PEPTIDE1,PEPTIDE1,1:R1-7:R2$$$",-6.12400000,ok,,flexible
"PEPTIDE1{meL.Ala(5-Tet).meA.meS.Me_dL.A.T}$PEPTIDE1,PEPTIDE1,1:R1-7:R2$$$",-5.75500000,ok,,flexible
"PEPTIDE1{dA.T.meL.Sar.F.A.P}$PEPTIDE1,PEPTIDE1,1:R1-7:R2$$$",-6.67600000,ok,,flexible
"PEPTIDE1{F.A.T.meL.Aoc(2).meS.P}$PEPTIDE1,PEPTIDE1,1:R1-7:R2$$$",-6.53200000,ok,,flexible
"PEPTIDE1{Me_Bal.dL.A.Pr_Gly.meA.F.L}$PEPTIDE1,PEPTIDE1,1:R1-7:R2$$$",-5.68100000,ok,,flexible
"PEPTIDE1{A.meA.meF.Me_dL.T.I.Me_dL}$PEPTIDE1,PEPTIDE1,1:R1-7:R2$$$",-6.11400000,ok,,flexible
"PEPTIDE1{Sar.pentyl_Gly.T.L.V.I.Me_dL}$PEPTIDE1,PEPTIDE1,1:R1-7:R2$$$",-5.46300000,ok,,flexible
"PEPTIDE1{F.cHexCH2_Gly.T.dP.meA.meF.A}$PEPTIDE1,PEPTIDE1,1:R1-7:R2$$$",-6.18900000,ok,,flexible
"PEPTIDE1{Me_Bal.F.meL.L.Me_dL.meF.L}$PEPTIDE1,PEPTIDE1,1:R1-7:R2$$$",-4.81100000,ok,,flexible
"PEPTIDE1{meA.A.Me_dL.Ala(5-Tet).meL.T.P}$PEPTIDE1,PEPTIDE1,1:R1-7:R2$$$",-6.52000000,ok,,flexible
"PEPTIDE1{dA.A.meA.F.T.meL.V}$PEPTIDE1,PEPTIDE1,1:R1-7:R2$$$",-6.02100000,ok,,flexible
"PEPTIDE1{F.L.G.P.meL.T.meF}$PEPTIDE1,PEPTIDE1,1:R1-7:R2$$$",-6.23700000,ok,,flexible
"PEPTIDE1{Me_Bal.meL.meA.L.V.T.L}$PEPTIDE1,PEPTIDE1,1:R1-7:R2$$$",-5.73300000,ok,,flexible
"PEPTIDE1{Me_Bal.Me_dA.meA.Me_dL.L.meF.meL}$PEPTIDE1,PEPTIDE1,1:R1-7:R2$$$",-5.93500000,ok,,flexible
"PEPTIDE1{Me_dA.meA.T.L.P.Me_dL.dP}$PEPTIDE1,PEPTIDE1,1:R1-7:R2$$$",-6.03300000,ok,,flexible
"PEPTIDE1{Pr_Gly.T.Ser(tBu).T.meA.I.Me_dL}$PEPTIDE1,PEPTIDE1,1:R1-7:R2$$$",-5.04200000,ok,,flexible
"PEPTIDE1{meA.meL.meL.T.Ala(5-Tet).Aoc(2).Me_dL}$PEPTIDE1,PEPTIDE1,1:R1-7:R2$$$",-5.28100000,ok,,flexible
"PEPTIDE1{meA.meL.T.V.Ser(tBu).Me_dL.A}$PEPTIDE1,PEPTIDE1,1:R1-7:R2$$$",-5.42400000,ok,,flexible
"PEPTIDE1{meF.P.I.L.dL.T.V}$PEPTIDE1,PEPTIDE1,1:R1-7:R2$$$",-6.28100000,ok,,flexible
"PEPTIDE1{dV.meL.Aoc(2).Met(O2).I.Sar.L}$PEPTIDE1,PEPTIDE1,1:R1-7:R2$$$",-4.55800000,ok,,flexible
"PEPTIDE1{Me_dA.meL.L.I.meL.meA.V}$PEPTIDE1,PEPTIDE1,1:R1-7:R2$$$",-5.99400000,ok,,flexible
"PEPTIDE1{dA.meF.Me_dA.F.meL.V.F}$PEPTIDE1,PEPTIDE1,1:R1-7:R2$$$",-7.57700000,ok,,flexible
"PEPTIDE1{meA.meS.Sar.L.A.F.T}$PEPTIDE1,PEPTIDE1,1:R1-7:R2$$$",-6.40200000,ok,,flexible
"PEPTIDE1{dV.dP.L.meA.Me_dL.dL.meS}$PEPTIDE1,PEPTIDE1,1:R1-7:R2$$$",-6.45400000,ok,,flexible
"PEPTIDE1{Me_dA.A.meF.meA.meL.T.V}$PEPTIDE1,PEPTIDE1,1:R1-7:R2$$$",-5.77100000,ok,,flexible
"PEPTIDE1{L.Abu.T.dL.A.meA.F}$PEPTIDE1,PEPTIDE1,1:R1-7:R2$$$",-6.75000000,ok,,flexible
"PEPTIDE1{L.Abu.Me_dA.meA.I.Sar.L}$PEPTIDE1,PEPTIDE1,1:R1-7:R2$$$",-5.52800000,ok,,flexible
"PEPTIDE1{meA.L.dP.meL.G.I.T}$PEPTIDE1,PEPTIDE1,1:R1-7:R2$$$",-6.17500000,ok,,flexible
"PEPTIDE1{meA.meV.L.A.meL.I.V}$PEPTIDE1,PEPTIDE1,1:R1-7:R2$$$",-5.42400000,ok,,flexible
"PEPTIDE1{dV.meA.F.T.V.T.dA}$PEPTIDE1,PEPTIDE1,1:R1-7:R2$$$",-6.36700000,ok,,flexible
"PEPTIDE1{dF.L.meS.meL.Ala(5-Tet).A.Aoc(2)}$PEPTIDE1,PEPTIDE1,1:R1-7:R2$$$",-5.54100000,ok,,flexible
"PEPTIDE1{Pr_Gly.meF.meA.dL.L.I.P}$PEPTIDE1,PEPTIDE1,1:R1-7:R2$$$",-5.25700000,ok,,flexible
"PEPTIDE1{A.meF.T.L.F.Ser(tBu).meA}$PEPTIDE1,PEPTIDE1,1:R1-7:R2$$$",-6.11500000,ok,,flexible
"PEPTIDE1{meA.dA.Me_dA.V.dL.meL.L}$PEPTIDE1,PEPTIDE1,1:R1-7:R2$$$",-5.58900000,ok,,flexible
"PEPTIDE1{dF.Mono38.L.I.meF.L.A}$PEPTIDE1,PEPTIDE1,1:R1-7:R2$$$",-6.09800000,ok,,flexible
"PEPTIDE1{dA.Sar.L.meL.T.F.L}$PEPTIDE1,PEPTIDE1,1:R1-7:R2$$$",-6.05900000,ok,,flexible
"PEPTIDE1{dA.L.Me_dL.meF.T.meL.meL}$PEPTIDE1,PEPTIDE1,1:R1-7:R2$$$",-5.42700000,ok,,flexible
"PEPTIDE1{L.meL.A.G.I.I.L}$PEPTIDE1,PEPTIDE1,1:R1-7:R2$$$",-5.65000000,ok,,flexible
"PEPTIDE1{A.Mono38.meF.I.Ser(tBu).dL.meL}$PEPTIDE1,PEPTIDE1,1:R1-7:R2$$$",-5.93700000,ok,,flexible
"PEPTIDE1{dF.Aoc(2).L.dL.V.Sar.meF}$PEPTIDE1,PEPTIDE1,1:R1-7:R2$$$",-5.12300000,ok,,flexible
"PEPTIDE1{Me_Bal.A.P.A.meL.T.I}$PEPTIDE1,PEPTIDE1,1:R1-7:R2$$$",-6.41400000,ok,,flexible
"PEPTIDE1{meL.A.meF.Abu.meA.T.V}$PEPTIDE1,PEPTIDE1,1:R1-7:R2$$$",-5.88800000,ok,,flexible
"PEPTIDE1{meL.Abu.T.F.meS.Ser(tBu).Ala(5-Tet)}$PEPTIDE1,PEPTIDE1,1:R1-7:R2$$$",-5.62200000,ok,,flexible
"PEPTIDE1{Me_Bal.dL.G.V.meF.Me_dL.L}$PEPTIDE1,PEPTIDE1,1:R1-7:R2$$$",-5.82300000,ok,,flexible
"PEPTIDE1{dV.meF.A.T.Abu.Sar.L}$PEPTIDE1,PEPTIDE1,1:R1-7:R2$$$",-6.45800000,ok,,flexible
"PEPTIDE1{A.meL.L.meA.meL.I.meF}$PEPTIDE1,PEPTIDE1,1:R1-7:R2$$$",-5.09900000,ok,,flexible
"PEPTIDE1{A.meF.T.dL.Me_dL.meA.meL}$PEPTIDE1,PEPTIDE1,1:R1-7:R2$$$",-5.65900000,ok,,flexible
"PEPTIDE1{dV.A.meL.L.dF.dL.G}$PEPTIDE1,PEPTIDE1,1:R1-7:R2$$$",-5.52100000,ok,,flexible
"PEPTIDE1{Me_Bal.meA.F.dL.meF.L.A}$PEPTIDE1,PEPTIDE1,1:R1-7:R2$$$",-5.91600000,ok,,flexible
"PEPTIDE1{dV.Abu.T.meA.meS.dA.meF}$PEPTIDE1,PEPTIDE1,1:R1-7:R2$$$",-6.39600000,ok,,flexible
"PEPTIDE1{meA.A.Pr_Gly.Me_dL.meL.dL.Me_dL}$PEPTIDE1,PEPTIDE1,1:R1-7:R2$$$",-5.20400000,ok,,flexible
"PEPTIDE1{Me_Bal.T.L.Me_dL.A.dL.Me_dA}$PEPTIDE1,PEPTIDE1,1:R1-7:R2$$$",-6.07800000,ok,,flexible
"PEPTIDE1{Me_dA.meA.A.meL.F.meI.T}$PEPTIDE1,PEPTIDE1,1:R1-7:R2$$$",-6.20300000,ok,,flexible
"PEPTIDE1{F.cHexCH2_Gly.L.meL.dL.meA.A}$PEPTIDE1,PEPTIDE1,1:R1-7:R2$$$",-5.80700000,ok,,flexible
"PEPTIDE1{Mono6.Mono38.Bn_Gly.cHexCH2_Gly.T.G.dL}$PEPTIDE1,PEPTIDE1,1:R1-7:R2$$$",-5.85900000,ok,,flexible
"PEPTIDE1{P.meL.dP.T.dL.meA.A}$PEPTIDE1,PEPTIDE1,1:R1-7:R2$$$",-6.44300000,ok,,flexible
"PEPTIDE1{Me_dA.pentyl_Gly.Bn_Gly.F.Me_dL.L.meL}$PEPTIDE1,PEPTIDE1,1:R1-7:R2$$$",-5.06700000,ok,,flexible
"PEPTIDE1{dF.I.meF.L.Ser(tBu).Ser(tBu).meL}$PEPTIDE1,PEPTIDE1,1:R1-7:R2$$$",-5.12400000,ok,,flexible
"PEPTIDE1{meA.meL.dA.V.meL.L.G}$PEPTIDE1,PEPTIDE1,1:R1-7:R2$$$",-5.65700000,ok,,flexible
"PEPTIDE1{dF.meS.T.Abu.Ala(5-Tet).Me_dL.meS}$PEPTIDE1,PEPTIDE1,1:R1-7:R2$$$",-5.37800000,ok,,flexible
"PEPTIDE1{meA.meS.Ala(5-Tet).T.L.dA.dL}$PEPTIDE1,PEPTIDE1,1:R1-7:R2$$$",-5.73900000,ok,,flexible
"PEPTIDE1{Me_dA.meL.Ser(tBu).F.Me_dL.A.V}$PEPTIDE1,PEPTIDE1,1:R1-7:R2$$$",-6.02900000,ok,,flexible
"PEPTIDE1{A.T.meS.Abu.V.meF.meA}$PEPTIDE1,PEPTIDE1,1:R1-7:R2$$$",-5.56300000,ok,,flexible
"PEPTIDE1{L.meL.T.dP.meL.dL.Ala(5-Tet)}$PEPTIDE1,PEPTIDE1,1:R1-7:R2$$$",-5.48500000,ok,,flexible
"PEPTIDE1{Me_Bal.meF.F.meL.I.meA.L}$PEPTIDE1,PEPTIDE1,1:R1-7:R2$$$",-5.90400000,ok,,flexible
"PEPTIDE1{meA.T.Me_dL.meL.P.L.I}$PEPTIDE1,PEPTIDE1,1:R1-7:R2$$$",-5.56700000,ok,,flexible
"PEPTIDE1{dA.meL.I.F.T.L.A}$PEPTIDE1,PEPTIDE1,1:R1-7:R2$$$",-6.18100000,ok,,flexible
"PEPTIDE1{P.Me_dL.dL.I.V.meL.meL}$PEPTIDE1,PEPTIDE1,1:R1-7:R2$$$",-5.31300000,ok,,flexible
"PEPTIDE1{Sar.meA.T.L.meV.V.Me_dA}$PEPTIDE1,PEPTIDE1,1:R1-7:R2$$$",-5.34900000,ok,,flexible
"PEPTIDE1{dV.Abu.T.meA.L.meS.T}$PEPTIDE1,PEPTIDE1,1:R1-7:R2$$$",-5.31800000,ok,,flexible
"PEPTIDE1{meL.I.A.L.T.L.Me_Phe(3-Cl)}$PEPTIDE1,PEPTIDE1,1:R1-7:R2$$$",-6.08600000,ok,,flexible
"PEPTIDE1{P.meF.meL.L.dL.T.A}$PEPTIDE1,PEPTIDE1,1:R1-7:R2$$$",-5.76300000,ok,,flexible
"PEPTIDE1{Me_Bal.L.meL.V.meV.P.dF}$PEPTIDE1,PEPTIDE1,1:R1-7:R2$$$",-6.02200000,ok,,flexible
"PEPTIDE1{meA.meL.Me_dL.Sar.meF.V.Ser(tBu)}$PEPTIDE1,PEPTIDE1,1:R1-7:R2$$$",-5.53900000,ok,,flexible
"PEPTIDE1{dV.meA.meS.L.F.dL.Me_dL}$PEPTIDE1,PEPTIDE1,1:R1-7:R2$$$",-5.93400000,ok,,flexible
"PEPTIDE1{F.I.L.meL.Ser(tBu).dL.V}$PEPTIDE1,PEPTIDE1,1:R1-7:R2$$$",-5.58800000,ok,,flexible
"PEPTIDE1{F.L.Ser(tBu).I.P.dL.Me_Phe(3-Cl)}$PEPTIDE1,PEPTIDE1,1:R1-7:R2$$$",-5.13000000,ok,,flexible
"PEPTIDE1{meL.meS.F.Ser(tBu).I.meF.meL}$PEPTIDE1,PEPTIDE1,1:R1-7:R2$$$",-5.64100000,ok,,flexible
"PEPTIDE1{dF.pentyl_Gly.T.dL.meL.A.V}$PEPTIDE1,PEPTIDE1,1:R1-7:R2$$$",-5.31100000,ok,,flexible
"PEPTIDE1{Me_dA.Abu.meS.A.T.I.Ala(5-Tet)}$PEPTIDE1,PEPTIDE1,1:R1-7:R2$$$",-5.60300000,ok,,flexible
"PEPTIDE1{dV.meS.meL.Ser(tBu).V.L.meI}$PEPTIDE1,PEPTIDE1,1:R1-7:R2$$$",-5.23100000,ok,,flexible
"PEPTIDE1{Me_dA.Abu.Me_dL.meA.I.L.meF}$PEPTIDE1,PEPTIDE1,1:R1-7:R2$$$",-6.20000000,ok,,flexible
"PEPTIDE1{A.Me_dL.Sar.L.Me_dA.meA.dL}$PEPTIDE1,PEPTIDE1,1:R1-7:R2$$$",-5.88000000,ok,,flexible
"PEPTIDE1{Me_dA.cHexCH2_Gly.dL.meL.T.Abu.meA}$PEPTIDE1,PEPTIDE1,1:R1-7:R2$$$",-5.89500000,ok,,flexible
"PEPTIDE1{A.meA.meL.Me_dL.L.V.I}$PEPTIDE1,PEPTIDE1,1:R1-7:R2$$$",-5.37400000,ok,,flexible
"PEPTIDE1{meA.meL.meF.Me_dL.L.T.meV}$PEPTIDE1,PEPTIDE1,1:R1-7:R2$$$",-5.44900000,ok,,flexible
"PEPTIDE1{meA.A.meF.Ser(tBu).dL.L.meL}$PEPTIDE1,PEPTIDE1,1:R1-7:R2$$$",-5.66500000,ok,,flexible
"PEPTIDE1{Me_dA.F.meF.meA.I.A.meL}$PEPTIDE1,PEPTIDE1,1:R1-7:R2$$$",-6.45200000,ok,,flexible
"PEPTIDE1{Me_dA.L.V.Sar.I.meA.F}$PEPTIDE1,PEPTIDE1,1:R1-7:R2$$$",-5.74700000,ok,,flexible
"PEPTIDE1{meL.meS.L.Aoc(2).meF.Me_dL.T}$PEPTIDE1,PEPTIDE1,1:R1-7:R2$$$",-4.77800000,ok,,flexible
"PEPTIDE1{dA.A.T.F.Me_dL.dL.L}$PEPTIDE1,PEPTIDE1,1:R1-7:R2$$$",-6.08900000,ok,,flexible
"PEPTIDE1{meA.A.Abu.L.Me_dL.meL.meS}$PEPTIDE1,PEPTIDE1,1:R1-7:R2$$$",-5.73400000,ok,,flexible
"PEPTIDE1{A.T.meL.Me_dL.meA.P.Me_dA}$PEPTIDE1,PEPTIDE1,1:R1-7:R2$$$",-6.65000000,ok,,flexible
"PEPTIDE1{meA.pentyl_Gly.L.Ser(tBu).Me_dL.dL.V}$PEPTIDE1,PEPTIDE1,1:R1-7:R2$$$",-5.54200000,ok,,flexible
"PEPTIDE1{dA.V.P.F.dL.T.meA}$PEPTIDE1,PEPTIDE1,1:R1-7:R2$$$",-6.17000000,ok,,flexible
"PEPTIDE1{A.cHexCH2_Gly.I.L.meL.T.Ser(tBu)}$PEPTIDE1,PEPTIDE1,1:R1-7:R2$$$",-5.23800000,ok,,flexible
"PEPTIDE1{meA.Me_dL.F.I.dF.meL.L}$PEPTIDE1,PEPTIDE1,1:R1-7:R2$$$",-5.42500000,ok,,flexible
"PEPTIDE1{dV.L.meL.I.meA.dL.Me_Phe(3-Cl)}$PEPTIDE1,PEPTIDE1,1:R1-7:R2$$$",-5.43600000,ok,,flexible
"PEPTIDE1{meA.L.T.Me_dL.L.A.Me_Phe(3-Cl)}$PEPTIDE1,PEPTIDE1,1:R1-7:R2$$$",-5.61600000,ok,,flexible
"PEPTIDE1{Me_Bal.dP.meA.V.meL.I.meV}$PEPTIDE1,PEPTIDE1,1:R1-7:R2$$$",-5.88800000,ok,,flexible
"PEPTIDE1{Me_dA.A.I.meA.dL.meF.T}$PEPTIDE1,PEPTIDE1,1:R1-7:R2$$$",-6.14400000,ok,,flexible
"PEPTIDE1{Sar.dP.P.meL.dA.dP.F}$PEPTIDE1,PEPTIDE1,1:R1-7:R2$$$",-8.06900000,ok,,flexible
"PEPTIDE1{dV.meL.Me_dL.Ser(tBu).G.meF.meL}$PEPTIDE1,PEPTIDE1,1:R1-7:R2$$$",-6.11500000,ok,,flexible
"PEPTIDE1{Me_dA.L.meL.Sar.dL.A.T}$PEPTIDE1,PEPTIDE1,1:R1-7:R2$$$",-5.63100000,ok,,flexible
"PEPTIDE1{dA.meF.meA.Me_dL.T.V.T}$PEPTIDE1,PEPTIDE1,1:R1-7:R2$$$",-6.43700000,ok,,flexible
"PEPTIDE1{meA.Me_dL.L.meF.I.meL.A}$PEPTIDE1,PEPTIDE1,1:R1-7:R2$$$",-5.88800000,ok,,flexible
"PEPTIDE1{meL.L.meS.T.dL.Abu.meA}$PEPTIDE1,PEPTIDE1,1:R1-7:R2$$$",-5.43600000,ok,,flexible
"PEPTIDE1{Me_Bal.Me_dAbu.dP.A.Ala(5-Tet).meL.meS}$PEPTIDE1,PEPTIDE1,1:R1-7:R2$$$",-6.28800000,ok,,flexible
"PEPTIDE1{meA.Abu.L.V.Me_dL.T.A}$PEPTIDE1,PEPTIDE1,1:R1-7:R2$$$",-5.61100000,ok,,flexible
"PEPTIDE1{meA.I.L.meF.meL.T.Me_dL}$PEPTIDE1,PEPTIDE1,1:R1-7:R2$$$",-5.69200000,ok,,flexible
"PEPTIDE1{A.meL.Me_dL.dP.L.Me_dA.dL}$PEPTIDE1,PEPTIDE1,1:R1-7:R2$$$",-5.40100000,ok,,flexible
"PEPTIDE1{meA.Pr_Gly.Ser(tBu).T.L.T.dL}$PEPTIDE1,PEPTIDE1,1:R1-7:R2$$$",-5.41300000,ok,,flexible
"PEPTIDE1{Me_Bal.meA.V.dL.T.dP.Ser(tBu)}$PEPTIDE1,PEPTIDE1,1:R1-7:R2$$$",-5.82600000,ok,,flexible
"PEPTIDE1{Me_Bal.meA.T.L.A.Ser(tBu).I}$PEPTIDE1,PEPTIDE1,1:R1-7:R2$$$",-5.58600000,ok,,flexible
"PEPTIDE1{L.meF.T.meS.Sar.Abu.F}$PEPTIDE1,PEPTIDE1,1:R1-7:R2$$$",-5.54100000,ok,,flexible
"PEPTIDE1{dA.meL.A.G.Me_dL.V.I}$PEPTIDE1,PEPTIDE1,1:R1-7:R2$$$",-5.90300000,ok,,flexible
"PEPTIDE1{meL.Abu.meS.dL.T.L.dA}$PEPTIDE1,PEPTIDE1,1:R1-7:R2$$$",-5.27000000,ok,,flexible
"PEPTIDE1{Me_Bal.meA.L.P.Me_dL.meY.V}$PEPTIDE1,PEPTIDE1,1:R1-7:R2$$$",-5.80600000,ok,,flexible
"PEPTIDE1{P.Pr_Gly.Me_dL.A.meA.meF.meL}$PEPTIDE1,PEPTIDE1,1:R1-7:R2$$$",-5.72800000,ok,,flexible
"PEPTIDE1{L.F.Me_dL.A.P.meL.meL}$PEPTIDE1,PEPTIDE1,1:R1-7:R2$$$",-5.75400000,ok,,flexible
"PEPTIDE1{Me_Bal.Pr_Gly.L.dL.F.Me_Phe(3-Cl).T}$PEPTIDE1,PEPTIDE1,1:R1-7:R2$$$",-5.60000000,ok,,flexible
"PEPTIDE1{meL.A.Aoc(2).Abu.Me_dL.meS.meA}$PEPTIDE1,PEPTIDE1,1:R1-7:R2$$$",-5.17900000,ok,,flexible
"PEPTIDE1{A.Me_dA.dL.meL.L.T.Me_dL}$PEPTIDE1,PEPTIDE1,1:R1-7:R2$$$",-5.42800000,ok,,flexible
"PEPTIDE1{dV.dA.T.Me_dL.V.dL.meL}$PEPTIDE1,PEPTIDE1,1:R1-7:R2$$$",-5.63800000,ok,,flexible
"PEPTIDE1{dA.T.I.dL.meF.meA.A}$PEPTIDE1,PEPTIDE1,1:R1-7:R2$$$",-6.21800000,ok,,flexible
"PEPTIDE1{meA.meL.Pr_Gly.dL.F.L.Ser(tBu)}$PEPTIDE1,PEPTIDE1,1:R1-7:R2$$$",-5.26500000,ok,,flexible
"PEPTIDE1{meA.A.meF.meL.L.T.T}$PEPTIDE1,PEPTIDE1,1:R1-7:R2$$$",-6.62200000,ok,,flexible
"PEPTIDE1{Me_dA.dPye.L.V.meL.I.meL}$PEPTIDE1,PEPTIDE1,1:R1-7:R2$$$",-5.22900000,ok,,flexible
"PEPTIDE1{F.meA.meF.L.P.Me_dA.dL}$PEPTIDE1,PEPTIDE1,1:R1-7:R2$$$",-6.08600000,ok,,flexible
"PEPTIDE1{Me_Bal.P.T.meL.Me_dL.dL.Me_dA}$PEPTIDE1,PEPTIDE1,1:R1-7:R2$$$",-6.08200000,ok,,flexible
"PEPTIDE1{Me_dA.meL.Abu.T.Me_dL.V.A}$PEPTIDE1,PEPTIDE1,1:R1-7:R2$$$",-5.69700000,ok,,flexible
"PEPTIDE1{Me_dA.meA.G.Me_dL.dL.F.A}$PEPTIDE1,PEPTIDE1,1:R1-7:R2$$$",-5.86100000,ok,,flexible
"PEPTIDE1{dA.V.meA.L.F.T.meF}$PEPTIDE1,PEPTIDE1,1:R1-7:R2$$$",-6.60100000,ok,,flexible
"PEPTIDE1{A.T.dP.P.meL.T.T}$PEPTIDE1,PEPTIDE1,1:R1-7:R2$$$",-6.32300000,ok,,flexible
"PEPTIDE1{Me_dA.P.A.meL.Me_dL.dL.L}$PEPTIDE1,PEPTIDE1,1:R1-7:R2$$$",-5.68500000,ok,,flexible
"PEPTIDE1{A.meS.meL.L.L.dL.Me_dL}$PEPTIDE1,PEPTIDE1,1:R1-7:R2$$$",-5.21500000,ok,,flexible
"PEPTIDE1{Me_Bal.meA.meL.T.F.meL.I}$PEPTIDE1,PEPTIDE1,1:R1-7:R2$$$",-6.40300000,ok,,flexible
"PEPTIDE1{dA.A.dL.P.meL.L.F}$PEPTIDE1,PEPTIDE1,1:R1-7:R2$$$",-5.97100000,ok,,flexible
"PEPTIDE1{meA.P.meL.A.L.V.Me_dL}$PEPTIDE1,PEPTIDE1,1:R1-7:R2$$$",-6.05100000,ok,,flexible
"PEPTIDE1{Pr_Gly.P.meL.dP.L.meA.Ser(tBu)}$PEPTIDE1,PEPTIDE1,1:R1-7:R2$$$",-5.83200000,ok,,flexible
"PEPTIDE1{dA.V.L.I.dL.meF.Ser(tBu)}$PEPTIDE1,PEPTIDE1,1:R1-7:R2$$$",-5.48600000,ok,,flexible
"PEPTIDE1{P.L.V.F.meL.meA.A}$PEPTIDE1,PEPTIDE1,1:R1-7:R2$$$",-5.77400000,ok,,flexible
"PEPTIDE1{dF.dL.meL.A.Me_Phe(3-Cl).L.meF}$PEPTIDE1,PEPTIDE1,1:R1-7:R2$$$",-5.88400000,ok,,flexible
"PEPTIDE1{Me_Bal.meL.V.A.F.T.meA}$PEPTIDE1,PEPTIDE1,1:R1-7:R2$$$",-6.12900000,ok,,flexible
"PEPTIDE1{A.meA.meV.T.Me_dL.meL.F}$PEPTIDE1,PEPTIDE1,1:R1-7:R2$$$",-6.03200000,ok,,flexible
"PEPTIDE1{dA.meL.I.L.meA.dL.T}$PEPTIDE1,PEPTIDE1,1:R1-7:R2$$$",-5.20600000,ok,,flexible
"PEPTIDE1{dA.L.F.I.Me_dL.Ser(tBu).Sar}$PEPTIDE1,PEPTIDE1,1:R1-7:R2$$$",-5.69100000,ok,,flexible
"PEPTIDE1{Me_dA.meF.L.F.Bn_Gly.L.Me_dL}$PEPTIDE1,PEPTIDE1,1:R1-7:R2$$$",-5.70900000,ok,,flexible
"PEPTIDE1{Me_dA.F.I.meL.Ser(tBu).T.P}$PEPTIDE1,PEPTIDE1,1:R1-7:R2$$$",-5.88100000,ok,,flexible
"PEPTIDE1{Mono6.A.F.L.T.Me_dL.I}$PEPTIDE1,PEPTIDE1,1:R1-7:R2$$$",-5.46800000,ok,,flexible
"PEPTIDE1{A.F.meL.Sar.T.meF.meA}$PEPTIDE1,PEPTIDE1,1:R1-7:R2$$$",-6.33900000,ok,,flexible
"PEPTIDE1{meL.meS.meF.L.I.A.Sar}$PEPTIDE1,PEPTIDE1,1:R1-7:R2$$$",-6.20600000,ok,,flexible
"PEPTIDE1{meL.meA.L.meF.Ser(tBu).dA.P}$PEPTIDE1,PEPTIDE1,1:R1-7:R2$$$",-5.65600000,ok,,flexible
"PEPTIDE1{A.A.F.meA.V.meL.dL}$PEPTIDE1,PEPTIDE1,1:R1-7:R2$$$",-6.23200000,ok,,flexible
"PEPTIDE1{meL.L.T.dL.Me_Phe(3-Cl).Ser(tBu).L}$PEPTIDE1,PEPTIDE1,1:R1-7:R2$$$",-5.31200000,ok,,flexible
"PEPTIDE1{dA.L.meL.meV.Me_dL.T.dV}$PEPTIDE1,PEPTIDE1,1:R1-7:R2$$$",-5.25800000,ok,,flexible
"PEPTIDE1{Me_Bal.T.meA.meF.Sar.dL.V}$PEPTIDE1,PEPTIDE1,1:R1-7:R2$$$",-6.02800000,ok,,flexible
"PEPTIDE1{F.A.Ser(tBu).dP.Me_dL.V.P}$PEPTIDE1,PEPTIDE1,1:R1-7:R2$$$",-6.32800000,ok,,flexible
"PEPTIDE1{A.T.meF.meL.Me_dL.P.I}$PEPTIDE1,PEPTIDE1,1:R1-7:R2$$$",-5.78700000,ok,,flexible
"PEPTIDE1{dV.meS.Ala(5-Tet).Abu.F.T.dL}$PEPTIDE1,PEPTIDE1,1:R1-7:R2$$$",-5.81000000,ok,,flexible
"PEPTIDE1{dA.dP.F.Me_dL.dL.V.meL}$PEPTIDE1,PEPTIDE1,1:R1-7:R2$$$",-5.86800000,ok,,flexible
"PEPTIDE1{dV.A.dL.V.meF.Phe(4-CF3).meA}$PEPTIDE1,PEPTIDE1,1:R1-7:R2$$$",-6.21400000,ok,,flexible
"PEPTIDE1{meA.meV.meL.L.Me_dL.V.Ser(tBu)}$PEPTIDE1,PEPTIDE1,1:R1-7:R2$$$",-4.97000000,ok,,flexible
"PEPTIDE1{Me_dA.Me_dL.Me_dL.T.dP.meS.meA}$PEPTIDE1,PEPTIDE1,1:R1-7:R2$$$",-5.92300000,ok,,flexible
"PEPTIDE1{Me_Bal.Me_dL.V.meA.meL.meA.dL}$PEPTIDE1,PEPTIDE1,1:R1-7:R2$$$",-5.60600000,ok,,flexible
"PEPTIDE1{Me_Bal.G.A.Me_dL.meL.I.L}$PEPTIDE1,PEPTIDE1,1:R1-7:R2$$$",-5.40800000,ok,,flexible
"PEPTIDE1{Me_Bal.meL.P.L.I.T.V}$PEPTIDE1,PEPTIDE1,1:R1-7:R2$$$",-5.48300000,ok,,flexible
"PEPTIDE1{dF.meA.Me_dL.L.P.T.T}$PEPTIDE1,PEPTIDE1,1:R1-7:R2$$$",-5.56100000,ok,,flexible
"PEPTIDE1{dV.L.Me_dL.T.F.pentyl_Gly.I}$PEPTIDE1,PEPTIDE1,1:R1-7:R2$$$",-4.66800000,ok,,flexible
"PEPTIDE1{meL.L.A.T.T.meL.dL}$PEPTIDE1,PEPTIDE1,1:R1-7:R2$$$",-5.64800000,ok,,flexible
"PEPTIDE1{dA.T.Abu.L.F.I.meA}$PEPTIDE1,PEPTIDE1,1:R1-7:R2$$$",-5.48200000,ok,,flexible
"PEPTIDE1{dA.meL.dP.F.P.Sar.L}$PEPTIDE1,PEPTIDE1,1:R1-7:R2$$$",-6.47900000,ok,,flexible
"PEPTIDE1{L.Ala(5-Tet).A.meF.V.meA.dA}$PEPTIDE1,PEPTIDE1,1:R1-7:R2$$$",-6.33900000,ok,,flexible
"PEPTIDE1{A.A.T.meL.Me_dL.dL.V}$PEPTIDE1,PEPTIDE1,1:R1-7:R2$$$",-6.48800000,ok,,flexible
"PEPTIDE1{meF.Ser(tBu).meA.G.meL.L.I}$PEPTIDE1,PEPTIDE1,1:R1-7:R2$$$",-5.90000000,ok,,flexible
"PEPTIDE1{Me_Bal.Me_Phe(3-Cl).A.L.I.meA.T}$PEPTIDE1,PEPTIDE1,1:R1-7:R2$$$",-6.91600000,ok,,flexible
"PEPTIDE1{meL.dP.T.meF.Me_dL.Me_dL.meA}$PEPTIDE1,PEPTIDE1,1:R1-7:R2$$$",-5.45900000,ok,,flexible
"PEPTIDE1{P.Pr_Gly.G.meL.Me_dL.I.dL}$PEPTIDE1,PEPTIDE1,1:R1-7:R2$$$",-5.35600000,ok,,flexible
"PEPTIDE1{dA.A.meA.T.meV.meF.P}$PEPTIDE1,PEPTIDE1,1:R1-7:R2$$$",-7.05300000,ok,,flexible
"PEPTIDE1{Me_Bal.meL.meF.L.Me_Phe(3-Cl).L.meA}$PEPTIDE1,PEPTIDE1,1:R1-7:R2$$$",-6.39900000,ok,,flexible
"PEPTIDE1{dA.meS.meL.Sar.V.A.meL}$PEPTIDE1,PEPTIDE1,1:R1-7:R2$$$",-5.88100000,ok,,flexible
"PEPTIDE1{Me_dA.cHexCH2_Gly.Ser(tBu).Mono38.T.Bn_Gly.A}$PEPTIDE1,PEPTIDE1,1:R1-7:R2$$$",-6.22100000,ok,,flexible
"PEPTIDE1{dF.L.meF.meA.meL.A.T}$PEPTIDE1,PEPTIDE1,1:R1-7:R2$$$",-5.94500000,ok,,flexible
"PEPTIDE1{Mono6.cHexCH2_Gly.T.L.Ser(tBu).L.T}$PEPTIDE1,PEPTIDE1,1:R1-7:R2$$$",-4.45600000,ok,,flexible
"PEPTIDE1{dA.Me_dA.meL.meF.V.meA.T}$PEPTIDE1,PEPTIDE1,1:R1-7:R2$$$",-5.57200000,ok,,flexible
"PEPTIDE1{A.dA.L.T.meF.meL.I}$PEPTIDE1,PEPTIDE1,1:R1-7:R2$$$",-5.62000000,ok,,flexible
"PEPTIDE1{meA.L.L.A.I.meF.meL}$PEPTIDE1,PEPTIDE1,1:R1-7:R2$$$",-5.88100000,ok,,flexible
"PEPTIDE1{L.L.meL.T.meA.Me_Phe(3-Cl).G}$PEPTIDE1,PEPTIDE1,1:R1-7:R2$$$",-6.40800000,ok,,flexible
"PEPTIDE1{Pr_Gly.Me_dL.meA.L.P.dP.Me_dL}$PEPTIDE1,PEPTIDE1,1:R1-7:R2$$$",-6.18100000,ok,,flexible
"PEPTIDE1{P.meF.L.cHexCH2_Gly.L.T.I}$PEPTIDE1,PEPTIDE1,1:R1-7:R2$$$",-5.41200000,ok,,flexible
"PEPTIDE1{Mono6.meA.L.meL.dP.Me_dL.A}$PEPTIDE1,PEPTIDE1,1:R1-7:R2$$$",-6.21800000,ok,,flexible
"PEPTIDE1{Me_dA.T.meV.V.F.G.meL}$PEPTIDE1,PEPTIDE1,1:R1-7:R2$$$",-5.89500000,ok,,flexible
"PEPTIDE1{Me_dA.Me_dL.meA.T.T.V.dP}$PEPTIDE1,PEPTIDE1,1:R1-7:R2$$$",-5.68500000,ok,,flexible
"PEPTIDE1{dV.L.Me_dL.meA.dL.meL.I}$PEPTIDE1,PEPTIDE1,1:R1-7:R2$$$",-5.47800000,ok,,flexible
"PEPTIDE1{A.dP.T.T.Me_dL.meI.dL}$PEPTIDE1,PEPTIDE1,1:R1-7:R2$$$",-5.55200000,ok,,flexible
"PEPTIDE1{dA.L.T.meF.Me_dL.Aoc(2).meA}$PEPTIDE1,PEPTIDE1,1:R1-7:R2$$$",-5.39700000,ok,,flexible
"PEPTIDE1{dF.T.A.dL.dP.L.meF}$PEPTIDE1,PEPTIDE1,1:R1-7:R2$$$",-5.96300000,ok,,flexible
"PEPTIDE1{dA.L.meL.G.dP.dL.meV}$PEPTIDE1,PEPTIDE1,1:R1-7:R2$$$",-5.94300000,ok,,flexible
"PEPTIDE1{meA.Me_dA.meL.meF.L.meV.A}$PEPTIDE1,PEPTIDE1,1:R1-7:R2$$$",-6.03700000,ok,,flexible
"PEPTIDE1{A.dL.meL.I.L.Me_Phe(3-Cl).T}$PEPTIDE1,PEPTIDE1,1:R1-7:R2$$$",-5.16800000,ok,,flexible
"PEPTIDE1{meL.meF.meA.L.V.F.I}$PEPTIDE1,PEPTIDE1,1:R1-7:R2$$$",-6.66800000,ok,,flexible
"PEPTIDE1{Mono6.dP.P.meA.L.T.V}$PEPTIDE1,PEPTIDE1,1:R1-7:R2$$$",-6.31100000,ok,,flexible
"PEPTIDE1{meA.L.dA.P.Pr_Gly.A.meF}$PEPTIDE1,PEPTIDE1,1:R1-7:R2$$$",-6.03000000,ok,,flexible
"PEPTIDE1{dA.meA.P.meL.L.F.T}$PEPTIDE1,PEPTIDE1,1:R1-7:R2$$$",-5.86100000,ok,,flexible
"PEPTIDE1{meL.A.meA.T.I.V.L}$PEPTIDE1,PEPTIDE1,1:R1-7:R2$$$",-5.55900000,ok,,flexible
"PEPTIDE1{F.Mono38.L.meA.meL.Ser(tBu).I}$PEPTIDE1,PEPTIDE1,1:R1-7:R2$$$",-5.62200000,ok,,flexible
"PEPTIDE1{meL.meS.dL.I.A.meL.L}$PEPTIDE1,PEPTIDE1,1:R1-7:R2$$$",-5.20000000,ok,,flexible
"PEPTIDE1{meA.F.P.Aib.L.Me_dL.meL}$PEPTIDE1,PEPTIDE1,1:R1-7:R2$$$",-5.82600000,ok,,flexible
"PEPTIDE1{dV.F.meA.L.dL.Bn_Gly.Ser(tBu)}$PEPTIDE1,PEPTIDE1,1:R1-7:R2$$$",-5.15500000,ok,,flexible
"PEPTIDE1{dF.pentyl_Gly.meL.meF.Me_Phe(3-Cl).T.L}$PEPTIDE1,PEPTIDE1,1:R1-7:R2$$$",-4.88100000,ok,,flexible
"PEPTIDE1{F.Aoc(2).meL.T.I.Ser(tBu).meA}$PEPTIDE1,PEPTIDE1,1:R1-7:R2$$$",-5.53900000,ok,,flexible
"PEPTIDE1{meL.P.A.Me_dL.dL.F.L}$PEPTIDE1,PEPTIDE1,1:R1-7:R2$$$",-6.25000000,ok,,flexible
"PEPTIDE1{dV.L.meL.Me_dL.T.meA.V}$PEPTIDE1,PEPTIDE1,1:R1-7:R2$$$",-5.46900000,ok,,flexible
"PEPTIDE1{Me_Bal.dP.meA.T.L.I.Me_dL}$PEPTIDE1,PEPTIDE1,1:R1-7:R2$$$",-5.53800000,ok,,flexible
"PEPTIDE1{meL.meA.L.meF.T.F.Mono6}$PEPTIDE1,PEPTIDE1,1:R1-7:R2$$$",-5.97700000,ok,,flexible
"PEPTIDE1{F.Mono38.pentyl_Gly.L.T.meA.L}$PEPTIDE1,PEPTIDE1,1:R1-7:R2$$$",-5.33100000,ok,,flexible
"PEPTIDE1{A.meA.T.meF.V.P.F}$PEPTIDE1,PEPTIDE1,1:R1-7:R2$$$",-6.69500000,ok,,flexible
"PEPTIDE1{Me_dA.T.meL.meA.F.V.meF}$PEPTIDE1,PEPTIDE1,1:R1-7:R2$$$",-6.08500000,ok,,flexible
"PEPTIDE1{meA.meF.T.dV.Me_dA.F.dL}$PEPTIDE1,PEPTIDE1,1:R1-7:R2$$$",-6.97200000,ok,,flexible
"PEPTIDE1{dP.Pr_Gly.F.A.meF.L.V}$PEPTIDE1,PEPTIDE1,1:R1-7:R2$$$",-5.59000000,ok,,flexible
"PEPTIDE1{meA.meL.F.T.L.I.Me_dA}$PEPTIDE1,PEPTIDE1,1:R1-7:R2$$$",-6.00100000,ok,,flexible
"PEPTIDE1{dP.F.meA.meL.Ser(tBu).T.Me_dL}$PEPTIDE1,PEPTIDE1,1:R1-7:R2$$$",-5.38900000,ok,,flexible
"PEPTIDE1{meA.Me_dL.meL.Me_dA.L.meF.dL}$PEPTIDE1,PEPTIDE1,1:R1-7:R2$$$",-5.69400000,ok,,flexible
"PEPTIDE1{Mono6.meL.Aoc(2).meS.T.meL.L}$PEPTIDE1,PEPTIDE1,1:R1-7:R2$$$",-5.05400000,ok,,flexible
"PEPTIDE1{F.T.T.meL.meA.L.Me_dA}$PEPTIDE1,PEPTIDE1,1:R1-7:R2$$$",-6.42500000,ok,,flexible
"PEPTIDE1{meA.A.T.G.I.V.Me_dL}$PEPTIDE1,PEPTIDE1,1:R1-7:R2$$$",-5.41600000,ok,,flexible
"PEPTIDE1{Pr_Gly.T.meL.L.meV.Me_dL.F}$PEPTIDE1,PEPTIDE1,1:R1-7:R2$$$",-5.30600000,ok,,flexible
"PEPTIDE1{Mono6.meA.Me_dL.meF.L.P.meL}$PEPTIDE1,PEPTIDE1,1:R1-7:R2$$$",-6.30400000,ok,,flexible
"PEPTIDE1{dA.I.meA.L.Me_dL.V.meF}$PEPTIDE1,PEPTIDE1,1:R1-7:R2$$$",-6.04900000,ok,,flexible
"PEPTIDE1{meL.meA.meF.A.Me_dL.G.I}$PEPTIDE1,PEPTIDE1,1:R1-7:R2$$$",-6.01700000,ok,,flexible
"PEPTIDE1{meL.Me_dL.meS.Abu.A.meS.L}$PEPTIDE1,PEPTIDE1,1:R1-7:R2$$$",-5.31700000,ok,,flexible
"PEPTIDE1{A.Ala(5-Tet).Aoc(2).F.L.meF.dL}$PEPTIDE1,PEPTIDE1,1:R1-7:R2$$$",-5.66600000,ok,,flexible
"PEPTIDE1{A.T.meF.T.L.meL.dP}$PEPTIDE1,PEPTIDE1,1:R1-7:R2$$$",-6.23000000,ok,,flexible
"PEPTIDE1{Mono6.meL.A.I.L.Abu.dL}$PEPTIDE1,PEPTIDE1,1:R1-7:R2$$$",-5.38300000,ok,,flexible
"PEPTIDE1{Me_dA.meL.meV.T.pentyl_Gly.A.meA}$PEPTIDE1,PEPTIDE1,1:R1-7:R2$$$",-5.94000000,ok,,flexible
"PEPTIDE1{Sar.meA.dP.T.I.L.V}$PEPTIDE1,PEPTIDE1,1:R1-7:R2$$$",-5.97100000,ok,,flexible
"PEPTIDE1{meL.T.meA.Me_dL.dA.dL.Sar}$PEPTIDE1,PEPTIDE1,1:R1-7:R2$$$",-6.12900000,ok,,flexible
"PEPTIDE1{Me_dA.P.dP.meL.T.G.A}$PEPTIDE1,PEPTIDE1,1:R1-7:R2$$$",-6.79800000,ok,,flexible
"PEPTIDE1{dV.P.L.meL.Ser(tBu).T.meF}$PEPTIDE1,PEPTIDE1,1:R1-7:R2$$$",-6.09300000,ok,,flexible
"PEPTIDE1{dV.meF.dL.F.I.Ser(tBu).I}$PEPTIDE1,PEPTIDE1,1:R1-7:R2$$$",-5.25600000,ok,,flexible
"PEPTIDE1{Me_dA.L.dV.dL.meL.T.V}$PEPTIDE1,PEPTIDE1,1:R1-7:R2$$$",-5.40900000,ok,,flexible
"PEPTIDE1{L.T.I.F.meF.meA.Phe(4-CF3)}$PEPTIDE1,PEPTIDE1,1:R1-7:R2$$$",-6.57000000,ok,,flexible
"PEPTIDE1{Me_Bal.meA.T.dL.F.meF.Ser(tBu)}$PEPTIDE1,PEPTIDE1,1:R1-7:R2$$$",-5.60700000,ok,,flexible
"PEPTIDE1{Mono6.V.dL.Me_dL.meL.Abu.Me_dA}$PEPTIDE1,PEPTIDE1,1:R1-7:R2$$$",-5.90900000,ok,,flexible
"PEPTIDE1{Me_Bal.dF.L.V.L.meF.Me_dL}$PEPTIDE1,PEPTIDE1,1:R1-7:R2$$$",-5.74400000,ok,,flexible
"PEPTIDE1{Mono6.Me_dA.meL.Me_dL.F.meA.Ser(tBu)}$PEPTIDE1,PEPTIDE1,1:R1-7:R2$$$",-6.31000000,ok,,flexible
"PEPTIDE1{Me_Bal.meL.A.cHexCH2_Gly.Bn_Gly.meL.meA}$PEPTIDE1,PEPTIDE1,1:R1-7:R2$$$",-5.97100000,ok,,flexible
"PEPTIDE1{meA.meF.F.Me_dA.Me_dL.L.A}$PEPTIDE1,PEPTIDE1,1:R1-7:R2$$$",-6.22200000,ok,,flexible
"PEPTIDE1{Me_dA.meL.meF.Me_dL.Ser(tBu).T.meA}$PEPTIDE1,PEPTIDE1,1:R1-7:R2$$$",-5.32700000,ok,,flexible
"PEPTIDE1{Me_dA.Sar.A.L.dL.T.G}$PEPTIDE1,PEPTIDE1,1:R1-7:R2$$$",-6.11100000,ok,,flexible
"PEPTIDE1{Pr_Gly.meL.meA.dA.dP.Ser(tBu).P}$PEPTIDE1,PEPTIDE1,1:R1-7:R2$$$",-5.72800000,ok,,flexible
"PEPTIDE1{dF.dP.L.Ser(tBu).T.I.L}$PEPTIDE1,PEPTIDE1,1:R1-7:R2$$$",-5.17100000,ok,,flexible
"PEPTIDE1{F.dL.A.L.meA.I.L}$PEPTIDE1,PEPTIDE1,1:R1-7:R2$$$",-6.27400000,ok,,flexible
"PEPTIDE1{A.T.meV.Me_dL.G.meA.meL}$PEPTIDE1,PEPTIDE1,1:R1-7:R2$$$",-5.65400000,ok,,flexible
"PEPTIDE1{F.L.meA.meL.I.Me_dL.A}$PEPTIDE1,PEPTIDE1,1:R1-7:R2$$$",-5.48700000,ok,,flexible
"PEPTIDE1{meA.I.Me_dL.meL.A.F.V}$PEPTIDE1,PEPTIDE1,1:R1-7:R2$$$",-5.54700000,ok,,flexible
"PEPTIDE1{meA.meF.L.A.F.Me_dL.P}$PEPTIDE1,PEPTIDE1,1:R1-7:R2$$$",-6.44700000,ok,,flexible
"PEPTIDE1{L.A.meA.V.meL.F.meL}$PEPTIDE1,PEPTIDE1,1:R1-7:R2$$$",-5.69000000,ok,,flexible
"PEPTIDE1{Me_Bal.cHexCH2_Gly.L.L.Ser(tBu).F.I}$PEPTIDE1,PEPTIDE1,1:R1-7:R2$$$",-5.02800000,ok,,flexible
"PEPTIDE1{A.meF.L.meA.T.L.I}$PEPTIDE1,PEPTIDE1,1:R1-7:R2$$$",-5.55500000,ok,,flexible
"PEPTIDE1{meA.T.meF.dL.V.I.Bn_Gly}$PEPTIDE1,PEPTIDE1,1:R1-7:R2$$$",-5.90500000,ok,,flexible
"PEPTIDE1{L.P.F.L.cHexCH2_Gly.V.meL}$PEPTIDE1,PEPTIDE1,1:R1-7:R2$$$",-6.28500000,ok,,flexible
"PEPTIDE1{Me_dA.Pr_Gly.dL.Me_Phe(3-Cl).F.meA.Phe(4-CF3)}$PEPTIDE1,PEPTIDE1,1:R1-7:R2$$$",-5.90700000,ok,,flexible
"PEPTIDE1{Me_dA.T.A.L.Abu.Me_dL.Ala(5-Tet)}$PEPTIDE1,PEPTIDE1,1:R1-7:R2$$$",-6.27400000,ok,,flexible
"PEPTIDE1{meA.Me_dL.I.T.meL.meS.P}$PEPTIDE1,PEPTIDE1,1:R1-7:R2$$$",-5.77100000,ok,,flexible
"PEPTIDE1{P.L.meL.dL.T.meF.Ser(tBu)}$PEPTIDE1,PEPTIDE1,1:R1-7:R2$$$",-5.48200000,ok,,flexible
"PEPTIDE1{meL.L.dL.T.Me_dL.Bn_Gly.I}$PEPTIDE1,PEPTIDE1,1:R1-7:R2$$$",-5.35600000,ok,,flexible
"PEPTIDE1{Sar.meA.T.P.dL.meF.Me_dL}$PEPTIDE1,PEPTIDE1,1:R1-7:R2$$$",-5.80400000,ok,,flexible
"PEPTIDE1{A.meL.meA.Bn_Gly.G.F.V}$PEPTIDE1,PEPTIDE1,1:R1-7:R2$$$",-6.25800000,ok,,flexible
"PEPTIDE1{Me_dA.F.I.meA.V.meL.T}$PEPTIDE1,PEPTIDE1,1:R1-7:R2$$$",-5.79600000,ok,,flexible
"PEPTIDE1{Me_dA.meL.A.L.Aoc(2).Ala(5-Tet).Ser(tBu)}$PEPTIDE1,PEPTIDE1,1:R1-7:R2$$$",-5.88600000,ok,,flexible
"PEPTIDE1{dF.Ala(5-Tet).L.T.dA.A.I}$PEPTIDE1,PEPTIDE1,1:R1-7:R2$$$",-6.15100000,ok,,flexible
"PEPTIDE1{F.meL.L.meI.Me_dL.T.P}$PEPTIDE1,PEPTIDE1,1:R1-7:R2$$$",-5.38400000,ok,,flexible
"PEPTIDE1{dP.Pr_Gly.dL.L.meL.meA.meF}$PEPTIDE1,PEPTIDE1,1:R1-7:R2$$$",-5.47100000,ok,,flexible
"PEPTIDE1{meA.dP.V.P.meF.Ser(tBu).I}$PEPTIDE1,PEPTIDE1,1:R1-7:R2$$$",-5.76100000,ok,,flexible
"PEPTIDE1{dA.meA.A.V.meL.meF.Me_dA}$PEPTIDE1,PEPTIDE1,1:R1-7:R2$$$",-7.06700000,ok,,flexible
"PEPTIDE1{Pr_Gly.meA.Aoc(2).Ala(5-Tet).dL.T.I}$PEPTIDE1,PEPTIDE1,1:R1-7:R2$$$",-4.92500000,ok,,flexible
"PEPTIDE1{meA.A.dL.meL.meS.Me_dA.meL}$PEPTIDE1,PEPTIDE1,1:R1-7:R2$$$",-5.46700000,ok,,flexible
"PEPTIDE1{dA.Me_dA.Sar.meA.Me_dL.meV.meL}$PEPTIDE1,PEPTIDE1,1:R1-7:R2$$$",-6.52000000,ok,,flexible
"PEPTIDE1{meA.L.Me_dL.T.T.Me_dA.I}$PEPTIDE1,PEPTIDE1,1:R1-7:R2$$$",-5.46600000,ok,,flexible
"PEPTIDE1{dA.pentyl_Gly.P.meL.L.meA.T}$PEPTIDE1,PEPTIDE1,1:R1-7:R2$$$",-6.34800000,ok,,flexible
"PEPTIDE1{dA.meA.T.A.meV.dL.meL}$PEPTIDE1,PEPTIDE1,1:R1-7:R2$$$",-5.57000000,ok,,flexible
"PEPTIDE1{Me_Bal.Pr_Gly.Me_dL.L.meA.A.Me_dA}$PEPTIDE1,PEPTIDE1,1:R1-7:R2$$$",-5.68200000,ok,,flexible
"PEPTIDE1{dV.Me_dL.T.L.Aoc(2).meA.meS}$PEPTIDE1,PEPTIDE1,1:R1-7:R2$$$",-5.29200000,ok,,flexible
"PEPTIDE1{dV.T.F.meL.meA.T.L}$PEPTIDE1,PEPTIDE1,1:R1-7:R2$$$",-5.89500000,ok,,flexible
"PEPTIDE1{dV.I.meF.meL.meV.F.dL}$PEPTIDE1,PEPTIDE1,1:R1-7:R2$$$",-5.57300000,ok,,flexible
"PEPTIDE1{Me_dA.L.meF.Me_dL.Mono78.V.meA}$PEPTIDE1,PEPTIDE1,1:R1-7:R2$$$",-5.79200000,ok,,flexible
"PEPTIDE1{A.G.L.T.meA.V.Me_dL}$PEPTIDE1,PEPTIDE1,1:R1-7:R2$$$",-6.57600000,ok,,flexible
"PEPTIDE1{meL.meS.Sar.L.Me_dL.V.T}$PEPTIDE1,PEPTIDE1,1:R1-7:R2$$$",-5.30600000,ok,,flexible
"PEPTIDE1{Me_dA.F.cHexCH2_Gly.L.V.meF.meL}$PEPTIDE1,PEPTIDE1,1:R1-7:R2$$$",-5.33900000,ok,,flexible
"PEPTIDE1{dV.T.meF.F.meA.meL.A}$PEPTIDE1,PEPTIDE1,1:R1-7:R2$$$",-6.11700000,ok,,flexible
"PEPTIDE1{Me_dA.Pr_Gly.A.F.L.meL.I}$PEPTIDE1,PEPTIDE1,1:R1-7:R2$$$",-5.87000000,ok,,flexible
"PEPTIDE1{Me_dA.L.dL.meF.meL.Ser(tBu).T}$PEPTIDE1,PEPTIDE1,1:R1-7:R2$$$",-5.41400000,ok,,flexible
"PEPTIDE1{F.T.meL.A.L.Ser(tBu).L}$PEPTIDE1,PEPTIDE1,1:R1-7:R2$$$",-5.41700000,ok,,flexible
"PEPTIDE1{Pr_Gly.meA.dA.Me_dL.meL.L.dL}$PEPTIDE1,PEPTIDE1,1:R1-7:R2$$$",-5.47400000,ok,,flexible
"PEPTIDE1{Mono6.T.A.Ala(5-Tet).Aoc(2).T.meL}$PEPTIDE1,PEPTIDE1,1:R1-7:R2$$$",-5.69100000,ok,,flexible
"PEPTIDE1{Me_dA.meS.meL.Me_dL.L.I.T}$PEPTIDE1,PEPTIDE1,1:R1-7:R2$$$",-5.26300000,ok,,flexible
"PEPTIDE1{A.dP.F.L.T.L.Ser(tBu)}$PEPTIDE1,PEPTIDE1,1:R1-7:R2$$$",-5.41300000,ok,,flexible
"PEPTIDE1{F.P.I.Bn_Gly.V.L.G}$PEPTIDE1,PEPTIDE1,1:R1-7:R2$$$",-5.83100000,ok,,flexible
"PEPTIDE1{meA.A.P.T.G.dP.V}$PEPTIDE1,PEPTIDE1,1:R1-7:R2$$$",-6.81000000,ok,,flexible
"PEPTIDE1{Me_dA.Me_dL.dP.T.L.V.meL}$PEPTIDE1,PEPTIDE1,1:R1-7:R2$$$",-5.56400000,ok,,flexible
"PEPTIDE1{dA.P.Ser(tBu).L.meA.T.dL}$PEPTIDE1,PEPTIDE1,1:R1-7:R2$$$",-5.13200000,ok,,flexible
"PEPTIDE1{Me_Bal.Me_dL.T.meA.L.L.dL}$PEPTIDE1,PEPTIDE1,1:R1-7:R2$$$",-5.24800000,ok,,flexible
"PEPTIDE1{meA.T.meL.V.Me_dL.P.dL}$PEPTIDE1,PEPTIDE1,1:R1-7:R2$$$",-5.81100000,ok,,flexible
"PEPTIDE1{meA.P.L.T.meV.meL.T}$PEPTIDE1,PEPTIDE1,1:R1-7:R2$$$",-5.52700000,ok,,flexible
"PEPTIDE1{F.L.dP.G.L.T.Ser(tBu)}$PEPTIDE1,PEPTIDE1,1:R1-7:R2$$$",-5.15900000,ok,,flexible
"PEPTIDE1{Sar.P.meA.L.meF.V.F}$PEPTIDE1,PEPTIDE1,1:R1-7:R2$$$",-7.10200000,ok,,flexible
"PEPTIDE1{A.F.dL.meL.L.Aoc(2).L}$PEPTIDE1,PEPTIDE1,1:R1-7:R2$$$",-5.01600000,ok,,flexible
"PEPTIDE1{meL.meA.Me_dA.meL.dL.Me_dL.F}$PEPTIDE1,PEPTIDE1,1:R1-7:R2$$$",-5.88300000,ok,,flexible
"PEPTIDE1{meA.F.Abu.meL.L.meL.Ala(5-Tet)}$PEPTIDE1,PEPTIDE1,1:R1-7:R2$$$",-6.00100000,ok,,flexible
"PEPTIDE1{A.F.L.T.T.F.I}$PEPTIDE1,PEPTIDE1,1:R1-7:R2$$$",-6.20100000,ok,,flexible
"PEPTIDE1{dA.meL.meF.dL.Ser(tBu).Me_dA.L}$PEPTIDE1,PEPTIDE1,1:R1-7:R2$$$",-5.54500000,ok,,flexible
"PEPTIDE1{L.meL.P.meL.meS.T.meA}$PEPTIDE1,PEPTIDE1,1:R1-7:R2$$$",-5.20900000,ok,,flexible
"PEPTIDE1{A.L.Me_dL.meL.meI.Ser(tBu).V}$PEPTIDE1,PEPTIDE1,1:R1-7:R2$$$",-5.26100000,ok,,flexible
"PEPTIDE1{dV.L.Pr_Gly.T.meA.meL.meF}$PEPTIDE1,PEPTIDE1,1:R1-7:R2$$$",-5.76800000,ok,,flexible
"PEPTIDE1{meA.cHexCH2_Gly.L.L.dL.meL.I}$PEPTIDE1,PEPTIDE1,1:R1-7:R2$$$",-5.16400000,ok,,flexible
"PEPTIDE1{meL.I.dL.A.Aoc(2).T.meF}$PEPTIDE1,PEPTIDE1,1:R1-7:R2$$$",-4.86200000,ok,,flexible
"PEPTIDE1{Me_Bal.F.G.L.T.Ser(tBu).P}$PEPTIDE1,PEPTIDE1,1:R1-7:R2$$$",-6.23700000,ok,,flexible
"PEPTIDE1{L.meS.A.Me_dA.T.F.meL}$PEPTIDE1,PEPTIDE1,1:R1-7:R2$$$",-6.07300000,ok,,flexible
"PEPTIDE1{dV.meA.meF.meL.dL.L.T}$PEPTIDE1,PEPTIDE1,1:R1-7:R2$$$",-5.34400000,ok,,flexible
"PEPTIDE1{A.T.T.Me_dL.Me_dA.meL.dL}$PEPTIDE1,PEPTIDE1,1:R1-7:R2$$$",-5.55300000,ok,,flexible
"PEPTIDE1{A.meL.F.L.meV.I.Me_Phe(3-Cl)}$PEPTIDE1,PEPTIDE1,1:R1-7:R2$$$",-5.67500000,ok,,flexible
"PEPTIDE1{meA.Aoc(2).meF.L.L.G.T}$PEPTIDE1,PEPTIDE1,1:R1-7:R2$$$",-5.35000000,ok,,flexible
"PEPTIDE1{dV.T.L.dL.T.Me_dL.L}$PEPTIDE1,PEPTIDE1,1:R1-7:R2$$$",-5.65200000,ok,,flexible
"PEPTIDE1{dA.meA.meF.L.Aoc(2).T.meS}$PEPTIDE1,PEPTIDE1,1:R1-7:R2$$$",-4.98700000,ok,,flexible
"PEPTIDE1{Me_dL.Me_dA.L.V.P.meL.meV}$PEPTIDE1,PEPTIDE1,1:R1-7:R2$$$",-6.25200000,ok,,flexible
"PEPTIDE1{F.L.meA.meF.Me_Phe(3-Cl).dL.Ser(tBu)}$PEPTIDE1,PEPTIDE1,1:R1-7:R2$$$",-5.92000000,ok,,flexible
"PEPTIDE1{A.meA.meL.meL.T.dP.I}$PEPTIDE1,PEPTIDE1,1:R1-7:R2$$$",-6.19800000,ok,,flexible
"PEPTIDE1{dV.L.meF.F.T.L.I}$PEPTIDE1,PEPTIDE1,1:R1-7:R2$$$",-5.25500000,ok,,flexible
"PEPTIDE1{Me_dA.L.V.meF.T.dL.A}$PEPTIDE1,PEPTIDE1,1:R1-7:R2$$$",-6.19000000,ok,,flexible
"PEPTIDE1{Sar.T.L.meA.dL.P.A}$PEPTIDE1,PEPTIDE1,1:R1-7:R2$$$",-6.50500000,ok,,flexible
"PEPTIDE1{meA.meL.Me_dL.V.P.meL.A}$PEPTIDE1,PEPTIDE1,1:R1-7:R2$$$",-5.64300000,ok,,flexible
"PEPTIDE1{dA.L.meL.A.T.meV.Ser(tBu)}$PEPTIDE1,PEPTIDE1,1:R1-7:R2$$$",-5.44500000,ok,,flexible
"PEPTIDE1{Me_Bal.I.F.meL.A.meA.Ser(tBu)}$PEPTIDE1,PEPTIDE1,1:R1-7:R2$$$",-5.54300000,ok,,flexible
"PEPTIDE1{dF.L.meL.Me_dL.dL.P.L}$PEPTIDE1,PEPTIDE1,1:R1-7:R2$$$",-5.48500000,ok,,flexible
"PEPTIDE1{meA.L.A.Me_dL.meL.meF.L}$PEPTIDE1,PEPTIDE1,1:R1-7:R2$$$",-6.43000000,ok,,flexible
"PEPTIDE1{dA.T.A.meF.Me_dL.meL.meI}$PEPTIDE1,PEPTIDE1,1:R1-7:R2$$$",-5.34900000,ok,,flexible
"PEPTIDE1{meA.dL.pentyl_Gly.meL.meF.Met(O2).I}$PEPTIDE1,PEPTIDE1,1:R1-7:R2$$$",-4.77500000,ok,,flexible
"PEPTIDE1{meA.Me_dL.meF.A.Ser(tBu).L.T}$PEPTIDE1,PEPTIDE1,1:R1-7:R2$$$",-5.76500000,ok,,flexible
"PEPTIDE1{Me_dA.L.meF.A.P.T.L}$PEPTIDE1,PEPTIDE1,1:R1-7:R2$$$",-5.89800000,ok,,flexible
"PEPTIDE1{dF.A.I.T.meF.dL.T}$PEPTIDE1,PEPTIDE1,1:R1-7:R2$$$",-5.63400000,ok,,flexible
"PEPTIDE1{meA.Aib.G.Me_dL.A.dL.dA}$PEPTIDE1,PEPTIDE1,1:R1-7:R2$$$",-6.43400000,ok,,flexible
"PEPTIDE1{meA.I.dL.Ser(tBu).L.meL.Me_dL}$PEPTIDE1,PEPTIDE1,1:R1-7:R2$$$",-4.88500000,ok,,flexible
"PEPTIDE1{P.A.meV.Me_dA.L.Pr_Gly.dA}$PEPTIDE1,PEPTIDE1,1:R1-7:R2$$$",-6.00800000,ok,,flexible
"PEPTIDE1{Me_dA.Pr_Gly.L.G.F.V.Me_dL}$PEPTIDE1,PEPTIDE1,1:R1-7:R2$$$",-6.04800000,ok,,flexible
"PEPTIDE1{meL.Me_dL.L.P.meS.Ser(tBu).meL}$PEPTIDE1,PEPTIDE1,1:R1-7:R2$$$",-5.04000000,ok,,flexible
"PEPTIDE1{Me_Bal.T.V.Me_dL.F.meV.meA}$PEPTIDE1,PEPTIDE1,1:R1-7:R2$$$",-6.11000000,ok,,flexible
"PEPTIDE1{Me_dA.T.Me_dL.dL.I.V.meA}$PEPTIDE1,PEPTIDE1,1:R1-7:R2$$$",-5.71300000,ok,,flexible
"PEPTIDE1{dA.P.meL.L.dL.F.T}$PEPTIDE1,PEPTIDE1,1:R1-7:R2$$$",-5.97100000,ok,,flexible
"PEPTIDE1{dA.meA.A.dL.Me_dL.meL.V}$PEPTIDE1,PEPTIDE1,1:R1-7:R2$$$",-6.05000000,ok,,flexible
"PEPTIDE1{dF.Ser(tBu).dL.I.Me_dL.V.meA}$PEPTIDE1,PEPTIDE1,1:R1-7:R2$$$",-6.15400000,ok,,flexible
"PEPTIDE1{P.T.meA.V.L.F.I}$PEPTIDE1,PEPTIDE1,1:R1-7:R2$$$",-6.05400000,ok,,flexible
"PEPTIDE1{Sar.A.L.T.meA.Ser(tBu).L}$PEPTIDE1,PEPTIDE1,1:R1-7:R2$$$",-5.45700000,ok,,flexible
"PEPTIDE1{meA.F.V.I.T.dL.Me_dL}$PEPTIDE1,PEPTIDE1,1:R1-7:R2$$$",-5.56900000,ok,,flexible
"PEPTIDE1{meA.Nle.T.A.meS.Me_dA.P}$PEPTIDE1,PEPTIDE1,1:R1-7:R2$$$",-5.65300000,ok,,flexible
"PEPTIDE1{Me_Bal.meF.meL.Ser(tBu).P.L.G}$PEPTIDE1,PEPTIDE1,1:R1-7:R2$$$",-5.86400000,ok,,flexible
"PEPTIDE1{Mono6.L.meL.meL.T.meY.Me_dL}$PEPTIDE1,PEPTIDE1,1:R1-7:R2$$$",-5.41600000,ok,,flexible
"PEPTIDE1{meA.dPye.A.Ser(tBu).meL.I.V}$PEPTIDE1,PEPTIDE1,1:R1-7:R2$$$",-5.64800000,ok,,flexible
"PEPTIDE1{dV.L.A.meF.T.G.meA}$PEPTIDE1,PEPTIDE1,1:R1-7:R2$$$",-6.17100000,ok,,flexible
"PEPTIDE1{L.T.P.V.F.dL.Ser(tBu)}$PEPTIDE1,PEPTIDE1,1:R1-7:R2$$$",-5.84400000,ok,,flexible
"PEPTIDE1{Me_dA.meA.meL.I.Ser(tBu).F.meF}$PEPTIDE1,PEPTIDE1,1:R1-7:R2$$$",-6.06600000,ok,,flexible
"PEPTIDE1{dA.Pr_Gly.T.meL.L.meA.T}$PEPTIDE1,PEPTIDE1,1:R1-7:R2$$$",-5.08100000,ok,,flexible
"PEPTIDE1{dA.L.T.A.meA.Me_dL.I}$PEPTIDE1,PEPTIDE1,1:R1-7:R2$$$",-5.68900000,ok,,flexible
"PEPTIDE1{Me_dA.I.meF.T.Me_dL.V.dL}$PEPTIDE1,PEPTIDE1,1:R1-7:R2$$$",-6.03400000,ok,,flexible
"PEPTIDE1{Me_dA.L.T.T.dL.P.meL}$PEPTIDE1,PEPTIDE1,1:R1-7:R2$$$",-5.57600000,ok,,flexible
"PEPTIDE1{A.meA.meL.Me_dA.I.dL.V}$PEPTIDE1,PEPTIDE1,1:R1-7:R2$$$",-6.17800000,ok,,flexible
"PEPTIDE1{Me_Bal.meA.I.L.T.G.dL}$PEPTIDE1,PEPTIDE1,1:R1-7:R2$$$",-5.43100000,ok,,flexible
"PEPTIDE1{A.meF.V.I.F.meL.L}$PEPTIDE1,PEPTIDE1,1:R1-7:R2$$$",-5.65700000,ok,,flexible
"PEPTIDE1{dV.cHexCH2_Gly.A.I.dL.meA.meF}$PEPTIDE1,PEPTIDE1,1:R1-7:R2$$$",-5.90000000,ok,,flexible
"PEPTIDE1{meA.A.dA.Me_dL.F.I.meV}$PEPTIDE1,PEPTIDE1,1:R1-7:R2$$$",-6.13400000,ok,,flexible
"PEPTIDE1{Me_dA.meA.meF.A.T.L.Ser(tBu)}$PEPTIDE1,PEPTIDE1,1:R1-7:R2$$$",-6.08600000,ok,,flexible
"PEPTIDE1{Me_dA.L.T.dL.V.meF.L}$PEPTIDE1,PEPTIDE1,1:R1-7:R2$$$",-6.57700000,ok,,flexible
"PEPTIDE1{A.meA.F.meL.T.V.P}$PEPTIDE1,PEPTIDE1,1:R1-7:R2$$$",-6.24100000,ok,,flexible
"PEPTIDE1{Mono6.Me_dA.meL.Ser(tBu).L.V.meI}$PEPTIDE1,PEPTIDE1,1:R1-7:R2$$$",-5.32700000,ok,,flexible
"PEPTIDE1{meL.F.L.L.Abu.meS.A}$PEPTIDE1,PEPTIDE1,1:R1-7:R2$$$",-6.08500000,ok,,flexible
"PEPTIDE1{Me_dA.Mono38.I.pentyl_Gly.T.P.L}$PEPTIDE1,PEPTIDE1,1:R1-7:R2$$$",-5.54100000,ok,,flexible
"PEPTIDE1{A.I.L.meF.F.T.meA}$PEPTIDE1,PEPTIDE1,1:R1-7:R2$$$",-5.88100000,ok,,flexible
"PEPTIDE1{Me_Bal.meF.L.G.dL.V.T}$PEPTIDE1,PEPTIDE1,1:R1-7:R2$$$",-6.79800000,ok,,flexible
"PEPTIDE1{P.dA.Me_dA.meF.V.meL.L}$PEPTIDE1,PEPTIDE1,1:R1-7:R2$$$",-6.39400000,ok,,flexible
"PEPTIDE1{Me_Bal.meF.Sar.L.F.meA.Ser(tBu)}$PEPTIDE1,PEPTIDE1,1:R1-7:R2$$$",-6.08700000,ok,,flexible
"PEPTIDE1{Me_dA.Me_dL.T.I.L.Et_Gly.Abu}$PEPTIDE1,PEPTIDE1,1:R1-7:R2$$$",-5.18400000,ok,,flexible
"PEPTIDE1{meA.dV.T.meL.T.meS.L}$PEPTIDE1,PEPTIDE1,1:R1-7:R2$$$",-5.28600000,ok,,flexible
"PEPTIDE1{Me_dA.meL.V.L.meF.Abu.A}$PEPTIDE1,PEPTIDE1,1:R1-7:R2$$$",-5.94900000,ok,,flexible
"PEPTIDE1{L.meS.Sar.Aoc(2).meA.meL.A}$PEPTIDE1,PEPTIDE1,1:R1-7:R2$$$",-6.05500000,ok,,flexible
"PEPTIDE1{dV.meA.T.Sar.Me_dL.V.T}$PEPTIDE1,PEPTIDE1,1:R1-7:R2$$$",-5.35500000,ok,,flexible
"PEPTIDE1{L.A.G.meA.meF.meL.V}$PEPTIDE1,PEPTIDE1,1:R1-7:R2$$$",-6.14700000,ok,,flexible
"PEPTIDE1{F.L.meL.T.meF.Ser(tBu).Me_Phe(3-Cl)}$PEPTIDE1,PEPTIDE1,1:R1-7:R2$$$",-5.45800000,ok,,flexible
"PEPTIDE1{dV.T.dL.L.meF.L.Sar}$PEPTIDE1,PEPTIDE1,1:R1-7:R2$$$",-6.63900000,ok,,flexible
"PEPTIDE1{F.A.L.Me_dL.L.T.F}$PEPTIDE1,PEPTIDE1,1:R1-7:R2$$$",-5.98900000,ok,,flexible
"PEPTIDE1{meL.meS.Ala(5-Tet).Me_dL.T.L.A}$PEPTIDE1,PEPTIDE1,1:R1-7:R2$$$",-5.85700000,ok,,flexible
"PEPTIDE1{L.Me_dL.Ser(tBu).V.dL.A.dP}$PEPTIDE1,PEPTIDE1,1:R1-7:R2$$$",-5.33200000,ok,,flexible
"PEPTIDE1{dF.A.Sar.L.meF.I.Ser(tBu)}$PEPTIDE1,PEPTIDE1,1:R1-7:R2$$$",-6.22600000,ok,,flexible
"PEPTIDE1{dA.meA.T.Sar.F.dL.meL}$PEPTIDE1,PEPTIDE1,1:R1-7:R2$$$",-6.48400000,ok,,flexible
"PEPTIDE1{dV.meL.L.meF.F.meA.A}$PEPTIDE1,PEPTIDE1,1:R1-7:R2$$$",-6.20700000,ok,,flexible
"PEPTIDE1{Me_dA.Me_dL.meL.dL.meA.P.L}$PEPTIDE1,PEPTIDE1,1:R1-7:R2$$$",-6.07500000,ok,,flexible
"PEPTIDE1{F.meL.dL.A.Ser(tBu).dV.Me_Phe(3-Cl)}$PEPTIDE1,PEPTIDE1,1:R1-7:R2$$$",-5.51600000,ok,,flexible
"PEPTIDE1{F.Me_dL.meL.T.A.meF.dL}$PEPTIDE1,PEPTIDE1,1:R1-7:R2$$$",-5.82000000,ok,,flexible
"PEPTIDE1{A.F.Pr_Gly.V.P.meL.Me_dL}$PEPTIDE1,PEPTIDE1,1:R1-7:R2$$$",-6.29000000,ok,,flexible
"PEPTIDE1{dA.meL.L.P.meA.F.T}$PEPTIDE1,PEPTIDE1,1:R1-7:R2$$$",-5.83000000,ok,,flexible
"PEPTIDE1{Mono6.dL.L.L.I.meL.D}$PEPTIDE1,PEPTIDE1,1:R1-7:R2$$$",-5.40700000,ok,,flexible
"PEPTIDE1{Me_dA.T.meA.meL.A.L.I}$PEPTIDE1,PEPTIDE1,1:R1-7:R2$$$",-6.52600000,ok,,flexible
"PEPTIDE1{Me_dA.Abu.meS.L.T.A.I}$PEPTIDE1,PEPTIDE1,1:R1-7:R2$$$",-5.33000000,ok,,flexible
"PEPTIDE1{dV.F.A.Me_dA.Ala(5-Tet).L.meA}$PEPTIDE1,PEPTIDE1,1:R1-7:R2$$$",-6.37800000,ok,,flexible
"PEPTIDE1{dA.Pr_Gly.Me_dA.dL.meL.V.Ser(tBu)}$PEPTIDE1,PEPTIDE1,1:R1-7:R2$$$",-5.38800000,ok,,flexible
"PEPTIDE1{meA.meL.L.P.T.Me_dL.T}$PEPTIDE1,PEPTIDE1,1:R1-7:R2$$$",-6.09800000,ok,,flexible
"PEPTIDE1{dF.dL.Abu.Me_dL.Ala(5-Tet).Abu.A}$PEPTIDE1,PEPTIDE1,1:R1-7:R2$$$",-5.91400000,ok,,flexible
"PEPTIDE1{dV.T.P.A.dP.L.dL}$PEPTIDE1,PEPTIDE1,1:R1-7:R2$$$",-6.42500000,ok,,flexible
"PEPTIDE1{dF.T.Me_dA.meA.Ser(tBu).L.meL}$PEPTIDE1,PEPTIDE1,1:R1-7:R2$$$",-5.56000000,ok,,flexible
"PEPTIDE1{meA.dP.meL.Abu.L.meS.F}$PEPTIDE1,PEPTIDE1,1:R1-7:R2$$$",-6.79700000,ok,,flexible
"PEPTIDE1{dA.A.Me_dL.F.L.T.G}$PEPTIDE1,PEPTIDE1,1:R1-7:R2$$$",-6.56400000,ok,,flexible
"PEPTIDE1{dA.meL.T.meF.T.L.I}$PEPTIDE1,PEPTIDE1,1:R1-7:R2$$$",-5.97500000,ok,,flexible
"PEPTIDE1{Pr_Gly.meL.meS.meA.A.Me_dL.F}$PEPTIDE1,PEPTIDE1,1:R1-7:R2$$$",-6.24000000,ok,,flexible
"PEPTIDE1{Me_dA.L.pentyl_Gly.G.T.I.L}$PEPTIDE1,PEPTIDE1,1:R1-7:R2$$$",-5.07700000,ok,,flexible
"PEPTIDE1{meL.meF.L.Abu.I.V.A}$PEPTIDE1,PEPTIDE1,1:R1-7:R2$$$",-5.57700000,ok,,flexible
"PEPTIDE1{Me_dA.meA.I.meL.dL.F.A}$PEPTIDE1,PEPTIDE1,1:R1-7:R2$$$",-5.81500000,ok,,flexible
"PEPTIDE1{Me_dA.T.A.F.Sar.L.P}$PEPTIDE1,PEPTIDE1,1:R1-7:R2$$$",-6.76500000,ok,,flexible
"PEPTIDE1{L.Abu.Me_dA.T.Me_Abu.meL.V}$PEPTIDE1,PEPTIDE1,1:R1-7:R2$$$",-6.15100000,ok,,flexible
"PEPTIDE1{meL.T.V.meL.Me_dA.T.dA}$PEPTIDE1,PEPTIDE1,1:R1-7:R2$$$",-5.73200000,ok,,flexible
"PEPTIDE1{meA.meL.Me_dL.meF.F.meV.Sar}$PEPTIDE1,PEPTIDE1,1:R1-7:R2$$$",-5.56700000,ok,,flexible
"PEPTIDE1{meL.Me_dL.T.dL.F.L.T}$PEPTIDE1,PEPTIDE1,1:R1-7:R2$$$",-5.52200000,ok,,flexible
"PEPTIDE1{Me_dA.meS.meF.meA.T.I.L}$PEPTIDE1,PEPTIDE1,1:R1-7:R2$$$",-6.18600000,ok,,flexible
"PEPTIDE1{F.L.meL.meA.I.T.dL}$PEPTIDE1,PEPTIDE1,1:R1-7:R2$$$",-5.74300000,ok,,flexible
"PEPTIDE1{dA.Mono38.meL.A.Me_Phe(3-Cl).meA.dL}$PEPTIDE1,PEPTIDE1,1:R1-7:R2$$$",-6.10200000,ok,,flexible
"PEPTIDE1{dV.meA.Me_dL.F.V.L.I}$PEPTIDE1,PEPTIDE1,1:R1-7:R2$$$",-6.29900000,ok,,flexible
"PEPTIDE1{L.Me_dL.F.meA.Mono78.T.I}$PEPTIDE1,PEPTIDE1,1:R1-7:R2$$$",-5.68900000,ok,,flexible
"PEPTIDE1{Sar.Me_dL.F.dL.V.meL.I}$PEPTIDE1,PEPTIDE1,1:R1-7:R2$$$",-5.78300000,ok,,flexible
"PEPTIDE1{meA.meS.V.meL.Me_dA.L.Me_dL}$PEPTIDE1,PEPTIDE1,1:R1-7:R2$$$",-5.55000000,ok,,flexible
"PEPTIDE1{Me_Bal.meL.V.A.L.dP.T}$PEPTIDE1,PEPTIDE1,1:R1-7:R2$$$",-5.92800000,ok,,flexible
"PEPTIDE1{A.L.meS.F.T.Ser(tBu).dL}$PEPTIDE1,PEPTIDE1,1:R1-7:R2$$$",-5.94600000,ok,,flexible
"PEPTIDE1{F.Ser(tBu).meL.T.I.meI.P}$PEPTIDE1,PEPTIDE1,1:R1-7:R2$$$",-5.35200000,ok,,flexible
"PEPTIDE1{dV.A.L.meA.V.meL.Me_dL}$PEPTIDE1,PEPTIDE1,1:R1-7:R2$$$",-6.46100000,ok,,flexible
"PEPTIDE1{meA.dP.dL.Me_dA.T.L.Me_dL}$PEPTIDE1,PEPTIDE1,1:R1-7:R2$$$",-5.65900000,ok,,flexible
"PEPTIDE1{A.L.Sar.F.Ala(5-Tet).meL.meA}$PEPTIDE1,PEPTIDE1,1:R1-7:R2$$$",-6.69700000,ok,,flexible
"PEPTIDE1{dA.A.L.dL.meL.V.meL}$PEPTIDE1,PEPTIDE1,1:R1-7:R2$$$",-5.11100000,ok,,flexible
"PEPTIDE1{Me_dA.dL.T.L.I.L.A}$PEPTIDE1,PEPTIDE1,1:R1-7:R2$$$",-5.16800000,ok,,flexible
"PEPTIDE1{A.P.meF.meL.Me_dL.L.dL}$PEPTIDE1,PEPTIDE1,1:R1-7:R2$$$",-5.45900000,ok,,flexible
"PEPTIDE1{L.Me_dA.P.Me_dL.meL.Ser(tBu).dL}$PEPTIDE1,PEPTIDE1,1:R1-7:R2$$$",-5.57500000,ok,,flexible
"PEPTIDE1{dA.A.T.Me_dA.meA.Me_dL.dV}$PEPTIDE1,PEPTIDE1,1:R1-7:R2$$$",-6.36100000,ok,,flexible
"PEPTIDE1{P.meL.Me_dL.F.T.L.meA}$PEPTIDE1,PEPTIDE1,1:R1-7:R2$$$",-5.70100000,ok,,flexible
"PEPTIDE1{meA.T.P.I.meL.meF.L}$PEPTIDE1,PEPTIDE1,1:R1-7:R2$$$",-5.70400000,ok,,flexible
"PEPTIDE1{F.meL.I.P.P.Mono84.3Pal}$PEPTIDE1,PEPTIDE1,1:R1-7:R2$$$",-6.63800000,ok,,flexible
"PEPTIDE1{Mono6.A.meA.meL.L.Abu.T}$PEPTIDE1,PEPTIDE1,1:R1-7:R2$$$",-5.93500000,ok,,flexible
"PEPTIDE1{A.F.G.L.T.Bn_Gly.meL}$PEPTIDE1,PEPTIDE1,1:R1-7:R2$$$",-5.91700000,ok,,flexible
"PEPTIDE1{meA.meF.I.V.meL.L.F}$PEPTIDE1,PEPTIDE1,1:R1-7:R2$$$",-6.22500000,ok,,flexible
"PEPTIDE1{dA.A.meV.Me_dA.Me_dL.Ser(tBu).V}$PEPTIDE1,PEPTIDE1,1:R1-7:R2$$$",-5.85500000,ok,,flexible
"PEPTIDE1{dV.A.P.I.meA.T.Ser(tBu)}$PEPTIDE1,PEPTIDE1,1:R1-7:R2$$$",-6.10400000,ok,,flexible
"PEPTIDE1{meA.meF.I.dL.L.F.meL}$PEPTIDE1,PEPTIDE1,1:R1-7:R2$$$",-6.27100000,ok,,flexible
"PEPTIDE1{meA.A.meF.dL.meL.meL.Ser(tBu)}$PEPTIDE1,PEPTIDE1,1:R1-7:R2$$$",-5.01600000,ok,,flexible
"PEPTIDE1{Me_dA.L.dL.meV.Me_dL.Bn_Gly.V}$PEPTIDE1,PEPTIDE1,1:R1-7:R2$$$",-5.21200000,ok,,flexible
"PEPTIDE1{L.pentyl_Gly.Me_dL.I.meF.meV.meA}$PEPTIDE1,PEPTIDE1,1:R1-7:R2$$$",-5.00000000,ok,,flexible
"PEPTIDE1{F.pentyl_Gly.meF.dL.A.meL.L}$PEPTIDE1,PEPTIDE1,1:R1-7:R2$$$",-5.48600000,ok,,flexible
"PEPTIDE1{Me_Bal.Pr_Gly.Me_dL.I.A.V.meL}$PEPTIDE1,PEPTIDE1,1:R1-7:R2$$$",-5.49600000,ok,,flexible
"PEPTIDE1{A.L.F.meS.meF.Abu.I}$PEPTIDE1,PEPTIDE1,1:R1-7:R2$$$",-5.84400000,ok,,flexible
"PEPTIDE1{Me_dA.meF.meS.L.meS.T.Aoc(2)}$PEPTIDE1,PEPTIDE1,1:R1-7:R2$$$",-5.30900000,ok,,flexible
"PEPTIDE1{P.G.Me_dL.V.A.L.meF}$PEPTIDE1,PEPTIDE1,1:R1-7:R2$$$",-6.87000000,ok,,flexible
"PEPTIDE1{meA.meL.F.dL.G.Me_dL.V}$PEPTIDE1,PEPTIDE1,1:R1-7:R2$$$",-5.62300000,ok,,flexible
"PEPTIDE1{dA.meA.meV.A.dP.L.meF}$PEPTIDE1,PEPTIDE1,1:R1-7:R2$$$",-6.43200000,ok,,flexible
"PEPTIDE1{Mono6.cHexCH2_Gly.Ser(tBu).meA.pentyl_Gly.V.Ser(tBu)}$PEPTIDE1,PEPTIDE1,1:R1-7:R2$$$",-5.43100000,ok,,flexible
"PEPTIDE1{dV.Bn_Gly.F.P.Ser(tBu).T.Mono78}$PEPTIDE1,PEPTIDE1,1:R1-7:R2$$$",-5.74500000,ok,,flexible
"PEPTIDE1{Me_dA.F.meL.dL.V.meF.Ser(tBu)}$PEPTIDE1,PEPTIDE1,1:R1-7:R2$$$",-5.86600000,ok,,flexible
"PEPTIDE1{Me_Bal.meA.meL.dL.T.L.dP}$PEPTIDE1,PEPTIDE1,1:R1-7:R2$$$",-5.83800000,ok,,flexible
"PEPTIDE1{Me_dA.A.meL.dL.G.Me_dL.meA}$PEPTIDE1,PEPTIDE1,1:R1-7:R2$$$",-6.45100000,ok,,flexible
"PEPTIDE1{L.meL.A.meA.F.V.T}$PEPTIDE1,PEPTIDE1,1:R1-7:R2$$$",-5.69200000,ok,,flexible
"PEPTIDE1{meA.Pr_Gly.L.T.A.meI.dL}$PEPTIDE1,PEPTIDE1,1:R1-7:R2$$$",-5.35500000,ok,,flexible
"PEPTIDE1{meA.meF.I.L.T.meL.Mono84}$PEPTIDE1,PEPTIDE1,1:R1-7:R2$$$",-6.32900000,ok,,flexible
"PEPTIDE1{L.meF.meA.meS.dA.meL.dL}$PEPTIDE1,PEPTIDE1,1:R1-7:R2$$$",-6.19600000,ok,,flexible
"PEPTIDE1{Me_dA.meL.Me_dL.meS.meA.A.meS}$PEPTIDE1,PEPTIDE1,1:R1-7:R2$$$",-5.75300000,ok,,flexible
"PEPTIDE1{meA.I.A.Abu.L.dA.meL}$PEPTIDE1,PEPTIDE1,1:R1-7:R2$$$",-5.41600000,ok,,flexible
"PEPTIDE1{meA.meF.F.L.Sar.dV.Me_dL}$PEPTIDE1,PEPTIDE1,1:R1-7:R2$$$",-6.23800000,ok,,flexible
"PEPTIDE1{Me_dA.L.Pr_Gly.V.I.T.meL}$PEPTIDE1,PEPTIDE1,1:R1-7:R2$$$",-5.41400000,ok,,flexible
"PEPTIDE1{meL.P.A.dL.Abu.meF.T}$PEPTIDE1,PEPTIDE1,1:R1-7:R2$$$",-6.71200000,ok,,flexible
"PEPTIDE1{meA.A.Me_dL.dL.L.V.Ser(tBu)}$PEPTIDE1,PEPTIDE1,1:R1-7:R2$$$",-5.13800000,ok,,flexible
"PEPTIDE1{Me_dA.T.meL.V.L.L.meA}$PEPTIDE1,PEPTIDE1,1:R1-7:R2$$$",-5.60200000,ok,,flexible
"PEPTIDE1{dA.meL.Pr_Gly.meS.meA.A.dL}$PEPTIDE1,PEPTIDE1,1:R1-7:R2$$$",-5.95400000,ok,,flexible
"PEPTIDE1{Mono6.meL.dP.A.T.Pr_Gly.dL}$PEPTIDE1,PEPTIDE1,1:R1-7:R2$$$",-5.35700000,ok,,flexible
"PEPTIDE1{Pr_Gly.meL.meA.T.V.Me_dL.L}$PEPTIDE1,PEPTIDE1,1:R1-7:R2$$$",-5.81200000,ok,,flexible
"PEPTIDE1{A.F.Ser(tBu).T.meV.V.G}$PEPTIDE1,PEPTIDE1,1:R1-7:R2$$$",-5.98400000,ok,,flexible
"PEPTIDE1{Me_Bal.Ser(tBu).L.T.meL.dL.L}$PEPTIDE1,PEPTIDE1,1:R1-7:R2$$$",-5.15700000,ok,,flexible
"PEPTIDE1{Me_dA.meS.meF.A.Me_dL.dL.meL}$PEPTIDE1,PEPTIDE1,1:R1-7:R2$$$",-6.46700000,ok,,flexible
"PEPTIDE1{Mono6.I.A.meL.T.P.G}$PEPTIDE1,PEPTIDE1,1:R1-7:R2$$$",-6.22400000,ok,,flexible
"PEPTIDE1{Me_dA.Me_dL.P.dL.meS.meA.V}$PEPTIDE1,PEPTIDE1,1:R1-7:R2$$$",-6.27800000,ok,,flexible
"PEPTIDE1{Me_dA.L.meL.F.V.I.Sar}$PEPTIDE1,PEPTIDE1,1:R1-7:R2$$$",-5.53300000,ok,,flexible
"PEPTIDE1{Mono6.meL.T.L.P.T.Ser(tBu)}$PEPTIDE1,PEPTIDE1,1:R1-7:R2$$$",-5.38000000,ok,,flexible
"PEPTIDE1{meA.L.meL.meL.Me_dL.F.meV}$PEPTIDE1,PEPTIDE1,1:R1-7:R2$$$",-5.93300000,ok,,flexible
"PEPTIDE1{A.meA.F.T.Me_dL.G.V}$PEPTIDE1,PEPTIDE1,1:R1-7:R2$$$",-6.34300000,ok,,flexible
"PEPTIDE1{L.P.meL.meF.V.meA.G}$PEPTIDE1,PEPTIDE1,1:R1-7:R2$$$",-5.82200000,ok,,flexible
"PEPTIDE1{Pr_Gly.dP.A.Me_dL.meL.T.Abu}$PEPTIDE1,PEPTIDE1,1:R1-7:R2$$$",-5.33800000,ok,,flexible
"PEPTIDE1{Me_dA.T.A.meL.Me_dL.meL.I}$PEPTIDE1,PEPTIDE1,1:R1-7:R2$$$",-5.91600000,ok,,flexible
"PEPTIDE1{dA.pentyl_Gly.V.L.meL.F.A}$PEPTIDE1,PEPTIDE1,1:R1-7:R2$$$",-6.21600000,ok,,flexible
"PEPTIDE1{Sar.meA.P.Me_dL.L.I.meL}$PEPTIDE1,PEPTIDE1,1:R1-7:R2$$$",-6.45300000,ok,,flexible
"PEPTIDE1{Me_dA.meL.L.meF.Me_dL.Ala(5-Tet).meS}$PEPTIDE1,PEPTIDE1,1:R1-7:R2$$$",-5.73600000,ok,,flexible
"PEPTIDE1{Sar.V.meA.meL.A.A.meI}$PEPTIDE1,PEPTIDE1,1:R1-7:R2$$$",-6.13100000,ok,,flexible
"PEPTIDE1{meA.A.F.T.F.T.L}$PEPTIDE1,PEPTIDE1,1:R1-7:R2$$$",-6.35800000,ok,,flexible
"PEPTIDE1{meA.A.meV.V.meF.Me_dL.Ser(tBu)}$PEPTIDE1,PEPTIDE1,1:R1-7:R2$$$",-5.91600000,ok,,flexible
"PEPTIDE1{dV.A.Me_dL.T.meL.Sar.dL}$PEPTIDE1,PEPTIDE1,1:R1-7:R2$$$",-5.34400000,ok,,flexible
"PEPTIDE1{meA.meL.dL.dF.A.Ser(tBu).meL}$PEPTIDE1,PEPTIDE1,1:R1-7:R2$$$",-5.98100000,ok,,flexible
"PEPTIDE1{meL.Me_dL.meL.meS.T.meF.dL}$PEPTIDE1,PEPTIDE1,1:R1-7:R2$$$",-5.33800000,ok,,flexible
"PEPTIDE1{meA.T.P.L.T.Me_dA.meS}$PEPTIDE1,PEPTIDE1,1:R1-7:R2$$$",-6.00200000,ok,,flexible
"PEPTIDE1{meA.L.A.V.meL.F.T}$PEPTIDE1,PEPTIDE1,1:R1-7:R2$$$",-6.48500000,ok,,flexible
"PEPTIDE1{meA.T.V.Sar.I.P.dV}$PEPTIDE1,PEPTIDE1,1:R1-7:R2$$$",-6.32700000,ok,,flexible
"PEPTIDE1{meA.Aoc(2).T.dL.meF.meL.L}$PEPTIDE1,PEPTIDE1,1:R1-7:R2$$$",-5.70100000,ok,,flexible
"PEPTIDE1{F.T.Sar.meL.Me_dL.meA.A}$PEPTIDE1,PEPTIDE1,1:R1-7:R2$$$",-6.24900000,ok,,flexible
"PEPTIDE1{meA.V.T.meV.L.Me_dL.meF}$PEPTIDE1,PEPTIDE1,1:R1-7:R2$$$",-6.01900000,ok,,flexible
"PEPTIDE1{Me_dA.meA.F.L.A.meS.T}$PEPTIDE1,PEPTIDE1,1:R1-7:R2$$$",-6.18900000,ok,,flexible
"PEPTIDE1{Me_dA.P.T.dL.L.V.meA}$PEPTIDE1,PEPTIDE1,1:R1-7:R2$$$",-6.61500000,ok,,flexible
"PEPTIDE1{Pr_Gly.meA.L.dL.meF.Me_dL.Me_Phe(3-Cl)}$PEPTIDE1,PEPTIDE1,1:R1-7:R2$$$",-5.45200000,ok,,flexible
"PEPTIDE1{Me_dA.meL.meA.V.Me_dL.L.T}$PEPTIDE1,PEPTIDE1,1:R1-7:R2$$$",-5.42300000,ok,,flexible
"PEPTIDE1{meL.meA.L.dL.meS.T.meF}$PEPTIDE1,PEPTIDE1,1:R1-7:R2$$$",-5.19300000,ok,,flexible
"PEPTIDE1{meA.meF.Mono86.G.I.F.L}$PEPTIDE1,PEPTIDE1,1:R1-7:R2$$$",-5.92700000,ok,,flexible
"PEPTIDE1{dV.meA.Me_dL.dL.meF.L.L}$PEPTIDE1,PEPTIDE1,1:R1-7:R2$$$",-5.79000000,ok,,flexible
"PEPTIDE1{dA.L.Me_dL.I.T.F.meA}$PEPTIDE1,PEPTIDE1,1:R1-7:R2$$$",-6.04700000,ok,,flexible
"PEPTIDE1{meA.F.A.meL.G.P.dP}$PEPTIDE1,PEPTIDE1,1:R1-7:R2$$$",-6.87500000,ok,,flexible
"PEPTIDE1{A.F.meA.V.I.dL.dV}$PEPTIDE1,PEPTIDE1,1:R1-7:R2$$$",-5.93700000,ok,,flexible
"PEPTIDE1{Mono6.meL.meL.meF.A.V.F}$PEPTIDE1,PEPTIDE1,1:R1-7:R2$$$",-6.23600000,ok,,flexible
"PEPTIDE1{Sar.meA.F.dL.Bn_Gly.T.meF}$PEPTIDE1,PEPTIDE1,1:R1-7:R2$$$",-6.57900000,ok,,flexible
"PEPTIDE1{A.I.L.T.Ser(tBu).meL.dL}$PEPTIDE1,PEPTIDE1,1:R1-7:R2$$$",-5.36500000,ok,,flexible
"PEPTIDE1{F.L.meS.A.meF.I.T}$PEPTIDE1,PEPTIDE1,1:R1-7:R2$$$",-5.60000000,ok,,flexible
"PEPTIDE1{meL.meS.T.T.Me_dL.F.L}$PEPTIDE1,PEPTIDE1,1:R1-7:R2$$$",-5.49600000,ok,,flexible
"PEPTIDE1{meL.dP.meL.A.P.Me_dL.Ala(5-Tet)}$PEPTIDE1,PEPTIDE1,1:R1-7:R2$$$",-5.72800000,ok,,flexible
"PEPTIDE1{Me_Bal.meA.A.Ser(tBu).P.V.T}$PEPTIDE1,PEPTIDE1,1:R1-7:R2$$$",-6.63900000,ok,,flexible
"PEPTIDE1{Me_Bal.A.dP.L.Me_dL.meL.F}$PEPTIDE1,PEPTIDE1,1:R1-7:R2$$$",-6.46300000,ok,,flexible
"PEPTIDE1{Me_dA.meL.A.L.Ser(tBu).meA.T}$PEPTIDE1,PEPTIDE1,1:R1-7:R2$$$",-5.85000000,ok,,flexible
"PEPTIDE1{Me_Bal.Pr_Gly.Me_dL.F.L.A.T}$PEPTIDE1,PEPTIDE1,1:R1-7:R2$$$",-5.60300000,ok,,flexible
"PEPTIDE1{Me_dA.T.T.meL.dL.Me_dL.F}$PEPTIDE1,PEPTIDE1,1:R1-7:R2$$$",-6.03300000,ok,,flexible
"PEPTIDE1{F.cHexCH2_Gly.A.L.P.I.V}$PEPTIDE1,PEPTIDE1,1:R1-7:R2$$$",-5.87000000,ok,,flexible
"PEPTIDE1{dA.A.Sar.L.L.meA.G}$PEPTIDE1,PEPTIDE1,1:R1-7:R2$$$",-5.91300000,ok,,flexible
"PEPTIDE1{Me_dA.F.meA.Ser(tBu).dL.Me_dL.T}$PEPTIDE1,PEPTIDE1,1:R1-7:R2$$$",-6.27100000,ok,,flexible
"PEPTIDE1{A.meA.dL.L.meF.dP.T}$PEPTIDE1,PEPTIDE1,1:R1-7:R2$$$",-6.25900000,ok,,flexible
"PEPTIDE1{meA.dL.meS.meL.T.A.meL}$PEPTIDE1,PEPTIDE1,1:R1-7:R2$$$",-5.53400000,ok,,flexible
"PEPTIDE1{Me_dA.Mono38.T.I.L.meL.P}$PEPTIDE1,PEPTIDE1,1:R1-7:R2$$$",-5.35700000,ok,,flexible
"PEPTIDE1{meA.meL.Sar.meF.Ser(tBu).L.meL}$PEPTIDE1,PEPTIDE1,1:R1-7:R2$$$",-5.34000000,ok,,flexible
"PEPTIDE1{A.meL.F.I.P.L.meL}$PEPTIDE1,PEPTIDE1,1:R1-7:R2$$$",-5.79800000,ok,,flexible
"PEPTIDE1{L.dL.T.F.A.meA.meF}$PEPTIDE1,PEPTIDE1,1:R1-7:R2$$$",-6.72700000,ok,,flexible
"PEPTIDE1{Mono6.A.G.L.L.meL.meF}$PEPTIDE1,PEPTIDE1,1:R1-7:R2$$$",-6.13200000,ok,,flexible
"PEPTIDE1{A.meA.V.Me_dL.L.dL.I}$PEPTIDE1,PEPTIDE1,1:R1-7:R2$$$",-5.34400000,ok,,flexible
"PEPTIDE1{meL.Abu.T.meA.meL.meS.Ala(5-Tet)}$PEPTIDE1,PEPTIDE1,1:R1-7:R2$$$",-5.57500000,ok,,flexible
"PEPTIDE1{Me_dA.meA.Abu.dL.Sar.meL.Aoc(2)}$PEPTIDE1,PEPTIDE1,1:R1-7:R2$$$",-5.33000000,ok,,flexible
"PEPTIDE1{Me_dA.Ser(tBu).Me_dL.T.meL.meS.L}$PEPTIDE1,PEPTIDE1,1:R1-7:R2$$$",-5.54300000,ok,,flexible
"PEPTIDE1{meA.meL.Sar.meI.Abu.A.dA}$PEPTIDE1,PEPTIDE1,1:R1-7:R2$$$",-6.52900000,ok,,flexible
"PEPTIDE1{A.meF.T.meA.F.T.I}$PEPTIDE1,PEPTIDE1,1:R1-7:R2$$$",-6.81800000,ok,,flexible
"PEPTIDE1{meL.T.L.I.dL.P.L}$PEPTIDE1,PEPTIDE1,1:R1-7:R2$$$",-5.77000000,ok,,flexible
"PEPTIDE1{P.Pr_Gly.meL.V.F.A.meL}$PEPTIDE1,PEPTIDE1,1:R1-7:R2$$$",-6.28700000,ok,,flexible
"PEPTIDE1{A.meL.T.T.Aoc(2).dL.dA}$PEPTIDE1,PEPTIDE1,1:R1-7:R2$$$",-5.30700000,ok,,flexible
"PEPTIDE1{F.L.L.T.I.dL.Sar}$PEPTIDE1,PEPTIDE1,1:R1-7:R2$$$",-5.37300000,ok,,flexible
"PEPTIDE1{A.L.P.dL.F.meV.meF}$PEPTIDE1,PEPTIDE1,1:R1-7:R2$$$",-5.94800000,ok,,flexible
"PEPTIDE1{F.A.L.meS.T.A.Me_dL}$PEPTIDE1,PEPTIDE1,1:R1-7:R2$$$",-5.66400000,ok,,flexible
"PEPTIDE1{dV.meF.meA.F.Me_dL.V.meL}$PEPTIDE1,PEPTIDE1,1:R1-7:R2$$$",-5.90500000,ok,,flexible
"PEPTIDE1{Me_Bal.meA.P.V.dP.T.meL}$PEPTIDE1,PEPTIDE1,1:R1-7:R2$$$",-6.14600000,ok,,flexible
"PEPTIDE1{dA.pentyl_Gly.meL.A.G.L.dL}$PEPTIDE1,PEPTIDE1,1:R1-7:R2$$$",-5.54800000,ok,,flexible
"PEPTIDE1{A.meA.Me_dL.meV.P.L.meL}$PEPTIDE1,PEPTIDE1,1:R1-7:R2$$$",-5.52800000,ok,,flexible
"PEPTIDE1{meA.Me_dA.T.meL.T.Me_dL.meV}$PEPTIDE1,PEPTIDE1,1:R1-7:R2$$$",-5.05400000,ok,,flexible
"PEPTIDE1{L.T.meF.meA.Ser(tBu).L.dL}$PEPTIDE1,PEPTIDE1,1:R1-7:R2$$$",-5.64600000,ok,,flexible
"PEPTIDE1{Me_Bal.Me_dL.T.A.I.L.meL}$PEPTIDE1,PEPTIDE1,1:R1-7:R2$$$",-5.48400000,ok,,flexible
"PEPTIDE1{Mono6.meA.dP.F.Me_dL.dL.Me_dA}$PEPTIDE1,PEPTIDE1,1:R1-7:R2$$$",-6.05500000,ok,,flexible
"PEPTIDE1{A.Sar.meF.meA.T.meL.G}$PEPTIDE1,PEPTIDE1,1:R1-7:R2$$$",-6.31300000,ok,,flexible
"PEPTIDE1{F.meS.dL.meL.Ser(tBu).A.meA}$PEPTIDE1,PEPTIDE1,1:R1-7:R2$$$",-5.64000000,ok,,flexible
"PEPTIDE1{dP.A.I.L.V.Ser(tBu).F}$PEPTIDE1,PEPTIDE1,1:R1-7:R2$$$",-5.54400000,ok,,flexible
"PEPTIDE1{dA.V.meL.L.meA.Ser(tBu).T}$PEPTIDE1,PEPTIDE1,1:R1-7:R2$$$",-6.59200000,ok,,flexible
"PEPTIDE1{Sar.meL.L.meV.meA.T.A}$PEPTIDE1,PEPTIDE1,1:R1-7:R2$$$",-5.81600000,ok,,flexible
"PEPTIDE1{A.Ala(5-Tet).Aoc(2).meS.Abu.dL.L}$PEPTIDE1,PEPTIDE1,1:R1-7:R2$$$",-5.55200000,ok,,flexible
"PEPTIDE1{Me_dL.meL.meF.meL.dL.L.meA}$PEPTIDE1,PEPTIDE1,1:R1-7:R2$$$",-5.37200000,ok,,flexible
"PEPTIDE1{F.cHexCH2_Gly.pentyl_Gly.Me_dL.A.L.T}$PEPTIDE1,PEPTIDE1,1:R1-7:R2$$$",-5.48200000,ok,,flexible
"PEPTIDE1{dF.A.L.F.Ser(tBu).T.Pr_Gly}$PEPTIDE1,PEPTIDE1,1:R1-7:R2$$$",-5.49400000,ok,,flexible
"PEPTIDE1{dF.meL.A.Mono78.L.I.T}$PEPTIDE1,PEPTIDE1,1:R1-7:R2$$$",-6.22600000,ok,,flexible
"PEPTIDE1{Me_dA.meA.meF.L.I.meL.Bn_Gly}$PEPTIDE1,PEPTIDE1,1:R1-7:R2$$$",-5.62300000,ok,,flexible
"PEPTIDE1{Mono6.A.meS.Aoc(2).meL.Abu.dL}$PEPTIDE1,PEPTIDE1,1:R1-7:R2$$$",-5.96900000,ok,,flexible
"PEPTIDE1{dF.Me_dL.meL.Ser(tBu).meA.I.meF}$PEPTIDE1,PEPTIDE1,1:R1-7:R2$$$",-5.25400000,ok,,flexible
"PEPTIDE1{Me_dA.meA.T.P.A.Ser(tBu).I}$PEPTIDE1,PEPTIDE1,1:R1-7:R2$$$",-5.91800000,ok,,flexible
"PEPTIDE1{Me_dA.F.L.meF.V.L.dL}$PEPTIDE1,PEPTIDE1,1:R1-7:R2$$$",-5.77800000,ok,,flexible
"PEPTIDE1{Me_dA.meL.A.I.dL.L.meF}$PEPTIDE1,PEPTIDE1,1:R1-7:R2$$$",-5.14100000,ok,,flexible
"PEPTIDE1{Me_Bal.L.V.dP.T.dA.Me_dL}$PEPTIDE1,PEPTIDE1,1:R1-7:R2$$$",-6.51800000,ok,,flexible
"PEPTIDE1{dP.A.meF.dL.T.meL.P}$PEPTIDE1,PEPTIDE1,1:R1-7:R2$$$",-5.94500000,ok,,flexible
"PEPTIDE1{meA.Pr_Gly.Me_dL.T.meL.V.I}$PEPTIDE1,PEPTIDE1,1:R1-7:R2$$$",-5.64800000,ok,,flexible
"PEPTIDE1{Me_Bal.L.I.meF.meL.T.meL}$PEPTIDE1,PEPTIDE1,1:R1-7:R2$$$",-5.01100000,ok,,flexible
"PEPTIDE1{Me_dA.meF.I.T.meL.dL.T}$PEPTIDE1,PEPTIDE1,1:R1-7:R2$$$",-6.33200000,ok,,flexible
"PEPTIDE1{P.F.A.Ser(tBu).meL.L.V}$PEPTIDE1,PEPTIDE1,1:R1-7:R2$$$",-6.20100000,ok,,flexible
"PEPTIDE1{A.meL.meL.Ala(5-Tet).meS.Abu.meA}$PEPTIDE1,PEPTIDE1,1:R1-7:R2$$$",-5.35800000,ok,,flexible
"PEPTIDE1{F.A.Pr_Gly.dL.meA.G.I}$PEPTIDE1,PEPTIDE1,1:R1-7:R2$$$",-5.88200000,ok,,flexible
"PEPTIDE1{Pr_Gly.Me_dA.Pr_Gly.L.T.Ser(tBu).meF}$PEPTIDE1,PEPTIDE1,1:R1-7:R2$$$",-5.34200000,ok,,flexible
"PEPTIDE1{Pr_Gly.T.Ser(tBu).A.T.L.meL}$PEPTIDE1,PEPTIDE1,1:R1-7:R2$$$",-4.92000000,ok,,flexible
"PEPTIDE1{dA.Me_dL.Me_Phe(3-Cl).meA.V.Ser(tBu).L}$PEPTIDE1,PEPTIDE1,1:R1-7:R2$$$",-5.14200000,ok,,flexible
"PEPTIDE1{dV.A.Me_dL.T.meF.Sar.meA}$PEPTIDE1,PEPTIDE1,1:R1-7:R2$$$",-6.32000000,ok,,flexible
"PEPTIDE1{meL.dP.meF.L.V.meA.dL}$PEPTIDE1,PEPTIDE1,1:R1-7:R2$$$",-6.36300000,ok,,flexible
"PEPTIDE1{F.pentyl_Gly.P.V.Ser(tBu).dL.Bn_Gly}$PEPTIDE1,PEPTIDE1,1:R1-7:R2$$$",-4.93700000,ok,,flexible
"PEPTIDE1{dV.L.I.meF.Abu.Ala(5-Tet).meA}$PEPTIDE1,PEPTIDE1,1:R1-7:R2$$$",-6.13400000,ok,,flexible
"PEPTIDE1{dV.meS.Aoc(2).Sar.A.F.T}$PEPTIDE1,PEPTIDE1,1:R1-7:R2$$$",-5.83300000,ok,,flexible
"PEPTIDE1{meA.dF.dP.L.meL.L.F}$PEPTIDE1,PEPTIDE1,1:R1-7:R2$$$",-6.49700000,ok,,flexible
"PEPTIDE1{F.meL.Me_dA.Me_dL.Ala(5-Tet).dP.T}$PEPTIDE1,PEPTIDE1,1:R1-7:R2$$$",-6.98700000,ok,,flexible
"PEPTIDE1{dV.F.meF.A.dL.V.T}$PEPTIDE1,PEPTIDE1,1:R1-7:R2$$$",-6.03700000,ok,,flexible
"PEPTIDE1{P.Me_dA.A.L.meL.V.Pr_Gly}$PEPTIDE1,PEPTIDE1,1:R1-7:R2$$$",-5.74800000,ok,,flexible
"PEPTIDE1{meA.T.dL.F.V.meL.L}$PEPTIDE1,PEPTIDE1,1:R1-7:R2$$$",-5.74600000,ok,,flexible
"PEPTIDE1{dF.pentyl_Gly.I.Ser(tBu).F.L.Aoc(2)}$PEPTIDE1,PEPTIDE1,1:R1-7:R2$$$",-4.94800000,ok,,flexible
"PEPTIDE1{Me_dA.meL.Me_dL.meA.meV.meL.A}$PEPTIDE1,PEPTIDE1,1:R1-7:R2$$$",-5.58400000,ok,,flexible
"PEPTIDE1{dA.Me_dL.Ser(tBu).G.meF.L.T}$PEPTIDE1,PEPTIDE1,1:R1-7:R2$$$",-5.38300000,ok,,flexible
"PEPTIDE1{dV.Abu.A.L.T.meL.Me_dL}$PEPTIDE1,PEPTIDE1,1:R1-7:R2$$$",-5.27600000,ok,,flexible
"PEPTIDE1{Me_Bal.L.meF.Me_dL.meY.meL.meA}$PEPTIDE1,PEPTIDE1,1:R1-7:R2$$$",-6.23100000,ok,,flexible
"PEPTIDE1{dV.Me_dA.dF.T.meL.V.meI}$PEPTIDE1,PEPTIDE1,1:R1-7:R2$$$",-5.94700000,ok,,flexible
"PEPTIDE1{Me_dA.T.Ala(5-Tet).L.Abu.meA.dL}$PEPTIDE1,PEPTIDE1,1:R1-7:R2$$$",-6.02000000,ok,,flexible
"PEPTIDE1{Me_dA.L.dL.meF.G.T.V}$PEPTIDE1,PEPTIDE1,1:R1-7:R2$$$",-6.31500000,ok,,flexible
"PEPTIDE1{dV.meF.T.meA.Me_dL.meL.I}$PEPTIDE1,PEPTIDE1,1:R1-7:R2$$$",-6.09900000,ok,,flexible
"PEPTIDE1{F.A.meL.L.meA.I.Mono78}$PEPTIDE1,PEPTIDE1,1:R1-7:R2$$$",-6.19400000,ok,,flexible
"PEPTIDE1{Sar.I.A.L.Ser(tBu).Me_dL.A}$PEPTIDE1,PEPTIDE1,1:R1-7:R2$$$",-5.47700000,ok,,flexible
"PEPTIDE1{dV.L.meL.Sar.meA.T.Me_dL}$PEPTIDE1,PEPTIDE1,1:R1-7:R2$$$",-5.41200000,ok,,flexible
"PEPTIDE1{Pr_Gly.dA.meL.A.Me_dL.Me_dA.dL}$PEPTIDE1,PEPTIDE1,1:R1-7:R2$$$",-5.46400000,ok,,flexible
"PEPTIDE1{A.meA.meS.T.meF.T.Sar}$PEPTIDE1,PEPTIDE1,1:R1-7:R2$$$",-6.15900000,ok,,flexible
"PEPTIDE1{dF.I.cHexCH2_Gly.T.P.dL.L}$PEPTIDE1,PEPTIDE1,1:R1-7:R2$$$",-5.80700000,ok,,flexible
"PEPTIDE1{L.Sar.dL.meL.meL.I.Ser(tBu)}$PEPTIDE1,PEPTIDE1,1:R1-7:R2$$$",-5.05500000,ok,,flexible
"PEPTIDE1{Pr_Gly.dP.Me_dL.meL.T.Me_dA.meA}$PEPTIDE1,PEPTIDE1,1:R1-7:R2$$$",-6.04400000,ok,,flexible
"PEPTIDE1{meA.L.V.meL.dL.T.dA}$PEPTIDE1,PEPTIDE1,1:R1-7:R2$$$",-5.51100000,ok,,flexible
"PEPTIDE1{A.I.meL.meA.dL.Me_dL.F}$PEPTIDE1,PEPTIDE1,1:R1-7:R2$$$",-5.36100000,ok,,flexible
"PEPTIDE1{Me_dA.P.L.meL.dL.Me_dL.A}$PEPTIDE1,PEPTIDE1,1:R1-7:R2$$$",-6.33100000,ok,,flexible
"PEPTIDE1{Pr_Gly.Me_Phe(3-Cl).meL.dL.A.T.I}$PEPTIDE1,PEPTIDE1,1:R1-7:R2$$$",-5.71300000,ok,,flexible
"PEPTIDE1{meA.Me_dL.L.Aoc(2).meF.meL.T}$PEPTIDE1,PEPTIDE1,1:R1-7:R2$$$",-5.28000000,ok,,flexible
"PEPTIDE1{dA.meA.dL.T.L.Ser(tBu).I}$PEPTIDE1,PEPTIDE1,1:R1-7:R2$$$",-5.67600000,ok,,flexible
"PEPTIDE1{Me_dA.Me_dL.Pr_Gly.meA.F.meL.Ser(tBu)}$PEPTIDE1,PEPTIDE1,1:R1-7:R2$$$",-5.01800000,ok,,flexible
"PEPTIDE1{L.A.dL.F.meA.L.Mono78}$PEPTIDE1,PEPTIDE1,1:R1-7:R2$$$",-5.92500000,ok,,flexible
"PEPTIDE1{meF.I.T.A.meA.dP.L}$PEPTIDE1,PEPTIDE1,1:R1-7:R2$$$",-6.39800000,ok,,flexible
"PEPTIDE1{dA.dP.L.T.T.meL.meF}$PEPTIDE1,PEPTIDE1,1:R1-7:R2$$$",-6.29500000,ok,,flexible
"PEPTIDE1{F.dL.meF.meA.P.A.meF}$PEPTIDE1,PEPTIDE1,1:R1-7:R2$$$",-6.37300000,ok,,flexible
"PEPTIDE1{meA.F.V.Me_dL.L.meL.dL}$PEPTIDE1,PEPTIDE1,1:R1-7:R2$$$",-5.59100000,ok,,flexible
"PEPTIDE1{meL.Sar.Abu.meF.A.F.T}$PEPTIDE1,PEPTIDE1,1:R1-7:R2$$$",-5.86000000,ok,,flexible
"PEPTIDE1{meA.T.meL.V.I.P.A}$PEPTIDE1,PEPTIDE1,1:R1-7:R2$$$",-6.11700000,ok,,flexible
"PEPTIDE1{dV.T.meF.Me_dL.A.meL.Ser(tBu)}$PEPTIDE1,PEPTIDE1,1:R1-7:R2$$$",-5.38300000,ok,,flexible
"PEPTIDE1{dA.A.F.L.meF.meA.L}$PEPTIDE1,PEPTIDE1,1:R1-7:R2$$$",-5.69800000,ok,,flexible
"PEPTIDE1{L.meV.Me_dL.meF.V.meL.meA}$PEPTIDE1,PEPTIDE1,1:R1-7:R2$$$",-5.14100000,ok,,flexible
"PEPTIDE1{meL.Mono38.Ser(tBu).Me_Nle.dP.dL.Mono100}$PEPTIDE1,PEPTIDE1,1:R1-7:R2$$$",-5.23200000,ok,,flexible
"PEPTIDE1{Me_dA.L.I.meV.Me_dL.T.meL}$PEPTIDE1,PEPTIDE1,1:R1-7:R2$$$",-5.43700000,ok,,flexible
"PEPTIDE1{dV.A.meF.L.T.Me_dL.V}$PEPTIDE1,PEPTIDE1,1:R1-7:R2$$$",-5.30300000,ok,,flexible
"PEPTIDE1{meA.meL.Abu.L.T.L.V}$PEPTIDE1,PEPTIDE1,1:R1-7:R2$$$",-5.49000000,ok,,flexible
"PEPTIDE1{Me_Bal.P.meL.Me_dL.T.A.L}$PEPTIDE1,PEPTIDE1,1:R1-7:R2$$$",-5.47100000,ok,,flexible
"PEPTIDE1{P.A.L.meA.dL.meL.dA}$PEPTIDE1,PEPTIDE1,1:R1-7:R2$$$",-6.47600000,ok,,flexible
"PEPTIDE1{dA.dL.meF.meL.V.T.G}$PEPTIDE1,PEPTIDE1,1:R1-7:R2$$$",-5.69100000,ok,,flexible
"PEPTIDE1{Pr_Gly.P.Me_dA.T.meL.dL.T}$PEPTIDE1,PEPTIDE1,1:R1-7:R2$$$",-5.77000000,ok,,flexible
"PEPTIDE1{meA.T.meL.L.L.T.meL}$PEPTIDE1,PEPTIDE1,1:R1-7:R2$$$",-5.66800000,ok,,flexible
"PEPTIDE1{dF.Abu.meL.Ala(5-Tet).L.T.F}$PEPTIDE1,PEPTIDE1,1:R1-7:R2$$$",-5.84900000,ok,,flexible
"PEPTIDE1{A.G.meA.L.meL.T.dL}$PEPTIDE1,PEPTIDE1,1:R1-7:R2$$$",-6.06300000,ok,,flexible
"PEPTIDE1{Me_dA.Aoc(2).meA.L.meL.meF.T}$PEPTIDE1,PEPTIDE1,1:R1-7:R2$$$",-5.77400000,ok,,flexible
"PEPTIDE1{Pr_Gly.dA.L.meL.T.V.dF}$PEPTIDE1,PEPTIDE1,1:R1-7:R2$$$",-6.28700000,ok,,flexible
"PEPTIDE1{meA.L.T.I.meL.meF.meL}$PEPTIDE1,PEPTIDE1,1:R1-7:R2$$$",-5.65500000,ok,,flexible
"PEPTIDE1{A.meL.Me_dL.meA.V.meF.L}$PEPTIDE1,PEPTIDE1,1:R1-7:R2$$$",-6.04500000,ok,,flexible
"PEPTIDE1{dA.meL.meA.T.Aoc(2).Abu.meF}$PEPTIDE1,PEPTIDE1,1:R1-7:R2$$$",-5.45000000,ok,,flexible
"PEPTIDE1{F.dL.meA.meL.A.I.Me_dL}$PEPTIDE1,PEPTIDE1,1:R1-7:R2$$$",-5.36500000,ok,,flexible
"PEPTIDE1{A.L.V.T.meV.F.Sar}$PEPTIDE1,PEPTIDE1,1:R1-7:R2$$$",-6.30200000,ok,,flexible
"PEPTIDE1{dA.F.V.T.Bn_Gly.meL.meF}$PEPTIDE1,PEPTIDE1,1:R1-7:R2$$$",-6.32300000,ok,,flexible
"PEPTIDE1{meA.Me_dA.Pr_Gly.meF.Me_dL.V.dL}$PEPTIDE1,PEPTIDE1,1:R1-7:R2$$$",-5.70700000,ok,,flexible
"PEPTIDE1{L.dF.meF.Abu.Abu.meL.Sar}$PEPTIDE1,PEPTIDE1,1:R1-7:R2$$$",-6.42700000,ok,,flexible
"PEPTIDE1{meA.meL.Abu.A.V.T.P}$PEPTIDE1,PEPTIDE1,1:R1-7:R2$$$",-6.32200000,ok,,flexible
"PEPTIDE1{Me_Bal.meA.pentyl_Gly.cHexCH2_Gly.A.T.F}$PEPTIDE1,PEPTIDE1,1:R1-7:R2$$$",-6.00300000,ok,,flexible
"PEPTIDE1{A.meL.T.P.G.meA.Ser(tBu)}$PEPTIDE1,PEPTIDE1,1:R1-7:R2$$$",-5.88500000,ok,,flexible
"PEPTIDE1{meA.Me_dL.V.I.meF.T.F}$PEPTIDE1,PEPTIDE1,1:R1-7:R2$$$",-5.79600000,ok,,flexible
"PEPTIDE1{A.F.meA.dL.L.T.meA}$PEPTIDE1,PEPTIDE1,1:R1-7:R2$$$",-7.50100000,ok,,flexible
"PEPTIDE1{dV.dA.F.meL.L.meF.meA}$PEPTIDE1,PEPTIDE1,1:R1-7:R2$$$",-6.52400000,ok,,flexible
"PEPTIDE1{L.meL.dL.meF.Ser(tBu).V.meA}$PEPTIDE1,PEPTIDE1,1:R1-7:R2$$$",-5.03800000,ok,,flexible
"PEPTIDE1{Me_Bal.meF.T.Me_dL.I.A.meL}$PEPTIDE1,PEPTIDE1,1:R1-7:R2$$$",-5.37200000,ok,,flexible
"PEPTIDE1{meA.A.V.T.I.meF.L}$PEPTIDE1,PEPTIDE1,1:R1-7:R2$$$",-5.95600000,ok,,flexible
"PEPTIDE1{meA.T.L.I.Me_dL.L.I}$PEPTIDE1,PEPTIDE1,1:R1-7:R2$$$",-4.60500000,ok,,flexible
"PEPTIDE1{Sar.F.Me_dL.L.dL.L.A}$PEPTIDE1,PEPTIDE1,1:R1-7:R2$$$",-6.02900000,ok,,flexible
"PEPTIDE1{meA.meL.T.V.L.Me_dL.L}$PEPTIDE1,PEPTIDE1,1:R1-7:R2$$$",-5.62900000,ok,,flexible
"PEPTIDE1{Me_dA.F.I.meA.L.T.A}$PEPTIDE1,PEPTIDE1,1:R1-7:R2$$$",-6.50700000,ok,,flexible
"PEPTIDE1{Me_dA.Abu.meF.L.I.Me_dL.V}$PEPTIDE1,PEPTIDE1,1:R1-7:R2$$$",-5.95700000,ok,,flexible
"PEPTIDE1{A.meA.T.F.I.Sar.L}$PEPTIDE1,PEPTIDE1,1:R1-7:R2$$$",-6.19600000,ok,,flexible
"PEPTIDE1{dF.T.dL.T.L.P.meA}$PEPTIDE1,PEPTIDE1,1:R1-7:R2$$$",-5.72000000,ok,,flexible
"PEPTIDE1{dA.F.meL.meF.L.V.meV}$PEPTIDE1,PEPTIDE1,1:R1-7:R2$$$",-5.41300000,ok,,flexible
"PEPTIDE1{F.L.meL.I.Me_dA.V.Me_Phe(3-Cl)}$PEPTIDE1,PEPTIDE1,1:R1-7:R2$$$",-6.06100000,ok,,flexible
"PEPTIDE1{F.L.Ser(tBu).meF.A.meL.Me_dL}$PEPTIDE1,PEPTIDE1,1:R1-7:R2$$$",-5.16500000,ok,,flexible
"PEPTIDE1{dV.meA.T.meL.V.L.F}$PEPTIDE1,PEPTIDE1,1:R1-7:R2$$$",-5.69600000,ok,,flexible
"PEPTIDE1{meL.Mono38.L.T.F.A.Aib}$PEPTIDE1,PEPTIDE1,1:R1-7:R2$$$",-6.11400000,ok,,flexible
"PEPTIDE1{meA.A.L.meL.T.F.dL}$PEPTIDE1,PEPTIDE1,1:R1-7:R2$$$",-6.05000000,ok,,flexible
"PEPTIDE1{dF.meF.Ser(tBu).Mono84.dL.meL.F}$PEPTIDE1,PEPTIDE1,1:R1-7:R2$$$",-5.89300000,ok,,flexible
"PEPTIDE1{meA.I.meF.P.F.dL.Ser(tBu)}$PEPTIDE1,PEPTIDE1,1:R1-7:R2$$$",-6.33200000,ok,,flexible
"PEPTIDE1{Me_Bal.L.Me_dAbu.I.V.Sar.A}$PEPTIDE1,PEPTIDE1,1:R1-7:R2$$$",-5.88000000,ok,,flexible
"PEPTIDE1{Me_Bal.L.T.G.meL.A.meL}$PEPTIDE1,PEPTIDE1,1:R1-7:R2$$$",-5.94400000,ok,,flexible
"PEPTIDE1{Me_Bal.Me_dL.meL.V.A.L.T}$PEPTIDE1,PEPTIDE1,1:R1-7:R2$$$",-5.35500000,ok,,flexible
"PEPTIDE1{dV.A.T.L.dL.meL.Ala(5-Tet)}$PEPTIDE1,PEPTIDE1,1:R1-7:R2$$$",-5.55300000,ok,,flexible
"PEPTIDE1{Me_dA.Sar.L.A.meA.meF.F}$PEPTIDE1,PEPTIDE1,1:R1-7:R2$$$",-6.79200000,ok,,flexible
"PEPTIDE1{Me_dA.L.dL.T.meF.Me_dL.Phe(4-CF3)}$PEPTIDE1,PEPTIDE1,1:R1-7:R2$$$",-5.84500000,ok,,flexible
"PEPTIDE1{Me_Bal.Me_dL.meL.T.Ser(tBu).F.L}$PEPTIDE1,PEPTIDE1,1:R1-7:R2$$$",-5.77000000,ok,,flexible
"PEPTIDE1{meL.meA.Aoc(2).Abu.I.F.dL}$PEPTIDE1,PEPTIDE1,1:R1-7:R2$$$",-4.87800000,ok,,flexible
"PEPTIDE1{meA.meL.dL.meF.F.Me_dL.T}$PEPTIDE1,PEPTIDE1,1:R1-7:R2$$$",-5.66000000,ok,,flexible
"PEPTIDE1{dA.Me_dL.I.L.Me_Phe(3-Cl).meA.dL}$PEPTIDE1,PEPTIDE1,1:R1-7:R2$$$",-5.55700000,ok,,flexible
"PEPTIDE1{Me_Bal.meA.A.L.P.meV.G}$PEPTIDE1,PEPTIDE1,1:R1-7:R2$$$",-6.38700000,ok,,flexible
"PEPTIDE1{L.pentyl_Gly.meF.meL.I.A.D}$PEPTIDE1,PEPTIDE1,1:R1-7:R2$$$",-4.82500000,ok,,flexible
"PEPTIDE1{dV.dP.dP.P.L.meF.F}$PEPTIDE1,PEPTIDE1,1:R1-7:R2$$$",-6.93400000,ok,,flexible
"PEPTIDE1{meL.meS.L.meA.dL.meF.meS}$PEPTIDE1,PEPTIDE1,1:R1-7:R2$$$",-5.33700000,ok,,flexible
"PEPTIDE1{dP.Pr_Gly.P.Me_dL.meL.L.V}$PEPTIDE1,PEPTIDE1,1:R1-7:R2$$$",-5.31600000,ok,,flexible
"PEPTIDE1{Me_dA.dP.T.Abu.meF.Sar.dA}$PEPTIDE1,PEPTIDE1,1:R1-7:R2$$$",-6.42900000,ok,,flexible
"PEPTIDE1{meL.meF.T.P.T.V.dL}$PEPTIDE1,PEPTIDE1,1:R1-7:R2$$$",-6.00100000,ok,,flexible
"PEPTIDE1{Me_dA.T.meF.L.I.V.Ser(tBu)}$PEPTIDE1,PEPTIDE1,1:R1-7:R2$$$",-5.37100000,ok,,flexible
"PEPTIDE1{meL.I.L.T.dP.F.L}$PEPTIDE1,PEPTIDE1,1:R1-7:R2$$$",-5.62500000,ok,,flexible
"PEPTIDE1{meL.meS.A.dA.meA.F.Me_dL}$PEPTIDE1,PEPTIDE1,1:R1-7:R2$$$",-6.14100000,ok,,flexible
"PEPTIDE1{meA.L.meS.meS.A.Ala(5-Tet).Sar}$PEPTIDE1,PEPTIDE1,1:R1-7:R2$$$",-5.73500000,ok,,flexible
"PEPTIDE1{meA.A.Me_dL.meL.L.T.V}$PEPTIDE1,PEPTIDE1,1:R1-7:R2$$$",-5.58100000,ok,,flexible
"PEPTIDE1{Me_dA.Me_dL.L.meA.meF.F.V}$PEPTIDE1,PEPTIDE1,1:R1-7:R2$$$",-6.34200000,ok,,flexible
"PEPTIDE1{Me_dA.A.F.V.T.meL.meL}$PEPTIDE1,PEPTIDE1,1:R1-7:R2$$$",-5.92600000,ok,,flexible
"PEPTIDE1{dV.G.L.F.meL.T.L}$PEPTIDE1,PEPTIDE1,1:R1-7:R2$$$",-5.59000000,ok,,flexible
"PEPTIDE1{F.Mono38.L.I.dL.L.P}$PEPTIDE1,PEPTIDE1,1:R1-7:R2$$$",-5.55000000,ok,,flexible
"PEPTIDE1{Pr_Gly.Me_dL.F.meL.L.A.meA}$PEPTIDE1,PEPTIDE1,1:R1-7:R2$$$",-5.85500000,ok,,flexible
"PEPTIDE1{meA.meL.P.Me_dL.T.T.dL}$PEPTIDE1,PEPTIDE1,1:R1-7:R2$$$",-6.13700000,ok,,flexible
"PEPTIDE1{dA.T.A.Abu.Aoc(2).meL.Me_dL}$PEPTIDE1,PEPTIDE1,1:R1-7:R2$$$",-5.38600000,ok,,flexible
"PEPTIDE1{L.Me_dL.Phe(4-CF3).T.meF.meA.I}$PEPTIDE1,PEPTIDE1,1:R1-7:R2$$$",-5.96800000,ok,,flexible
"PEPTIDE1{dA.Me_dA.T.L.Ala(5-Tet).A.I}$PEPTIDE1,PEPTIDE1,1:R1-7:R2$$$",-6.49500000,ok,,flexible
"PEPTIDE1{Me_Bal.dA.dL.meF.Ser(tBu).T.V}$PEPTIDE1,PEPTIDE1,1:R1-7:R2$$$",-5.93500000,ok,,flexible
"PEPTIDE1{meA.A.F.Pr_Gly.T.meL.Me_dA}$PEPTIDE1,PEPTIDE1,1:R1-7:R2$$$",-6.10600000,ok,,flexible
"PEPTIDE1{Me_dA.meA.F.meV.L.V.meL}$PEPTIDE1,PEPTIDE1,1:R1-7:R2$$$",-5.73300000,ok,,flexible
"PEPTIDE1{F.L.Mono38.L.Mono86.T.meL}$PEPTIDE1,PEPTIDE1,1:R1-7:R2$$$",-5.56400000,ok,,flexible
"PEPTIDE1{Me_Bal.meL.F.meA.V.T.meV}$PEPTIDE1,PEPTIDE1,1:R1-7:R2$$$",-5.63200000,ok,,flexible
"PEPTIDE1{Pr_Gly.meA.meL.T.Ser(tBu).D.Sar}$PEPTIDE1,PEPTIDE1,1:R1-7:R2$$$",-5.06200000,ok,,flexible
"PEPTIDE1{Me_dA.A.P.T.T.meF.Abu}$PEPTIDE1,PEPTIDE1,1:R1-7:R2$$$",-6.94800000,ok,,flexible
"PEPTIDE1{Me_Bal.A.meA.F.T.I.Me_dL}$PEPTIDE1,PEPTIDE1,1:R1-7:R2$$$",-5.86900000,ok,,flexible
"PEPTIDE1{meA.V.meL.dL.meL.Me_dL.Ser(tBu)}$PEPTIDE1,PEPTIDE1,1:R1-7:R2$$$",-5.31400000,ok,,flexible
"PEPTIDE1{dA.L.meA.dP.T.meL.P}$PEPTIDE1,PEPTIDE1,1:R1-7:R2$$$",-6.53400000,ok,,flexible
"PEPTIDE1{meA.Mono38.I.A.dL.L.T}$PEPTIDE1,PEPTIDE1,1:R1-7:R2$$$",-5.79200000,ok,,flexible
"PEPTIDE1{dA.T.T.meA.meV.V.P}$PEPTIDE1,PEPTIDE1,1:R1-7:R2$$$",-6.15500000,ok,,flexible
"PEPTIDE1{L.T.Me_dL.dV.dA.dL.V}$PEPTIDE1,PEPTIDE1,1:R1-7:R2$$$",-6.09400000,ok,,flexible
"PEPTIDE1{dV.P.F.T.meA.A.Me_dA}$PEPTIDE1,PEPTIDE1,1:R1-7:R2$$$",-6.67700000,ok,,flexible
"PEPTIDE1{dA.Pr_Gly.meL.meL.meA.Ser(tBu).V}$PEPTIDE1,PEPTIDE1,1:R1-7:R2$$$",-5.74300000,ok,,flexible
"PEPTIDE1{Me_Bal.Me_dA.Pr_Gly.cHexCH2_Gly.meL.A.T}$PEPTIDE1,PEPTIDE1,1:R1-7:R2$$$",-5.69600000,ok,,flexible
"PEPTIDE1{Me_dA.meF.T.L.Me_dL.Abu.T}$PEPTIDE1,PEPTIDE1,1:R1-7:R2$$$",-6.29300000,ok,,flexible
"PEPTIDE1{dA.V.Sar.meL.T.meL.meV}$PEPTIDE1,PEPTIDE1,1:R1-7:R2$$$",-5.23500000,ok,,flexible
"PEPTIDE1{Me_dA.A.meL.L.meL.meA.dL}$PEPTIDE1,PEPTIDE1,1:R1-7:R2$$$",-5.49300000,ok,,flexible
"PEPTIDE1{A.meF.T.L.meL.Me_dA.V}$PEPTIDE1,PEPTIDE1,1:R1-7:R2$$$",-6.47600000,ok,,flexible
"PEPTIDE1{Me_dA.meL.meF.V.dP.T.P}$PEPTIDE1,PEPTIDE1,1:R1-7:R2$$$",-5.78700000,ok,,flexible
"PEPTIDE1{Me_dA.Me_dL.Pr_Gly.meL.T.V.T}$PEPTIDE1,PEPTIDE1,1:R1-7:R2$$$",-5.59300000,ok,,flexible
"PEPTIDE1{dV.G.Pr_Gly.meA.meF.Me_dL.A}$PEPTIDE1,PEPTIDE1,1:R1-7:R2$$$",-6.82200000,ok,,flexible
"PEPTIDE1{F.Sar.meL.meA.T.L.meL}$PEPTIDE1,PEPTIDE1,1:R1-7:R2$$$",-5.57900000,ok,,flexible
"PEPTIDE1{A.Me_dL.L.meL.V.dL.P}$PEPTIDE1,PEPTIDE1,1:R1-7:R2$$$",-5.96000000,ok,,flexible
"PEPTIDE1{dF.cHexCH2_Gly.A.meL.T.dL.Ser(tBu)}$PEPTIDE1,PEPTIDE1,1:R1-7:R2$$$",-5.33700000,ok,,flexible
"PEPTIDE1{dA.meF.A.T.meL.T.F}$PEPTIDE1,PEPTIDE1,1:R1-7:R2$$$",-6.11600000,ok,,flexible
"PEPTIDE1{Me_Bal.Me_dL.meA.meL.V.F.dL}$PEPTIDE1,PEPTIDE1,1:R1-7:R2$$$",-6.20500000,ok,,flexible
"PEPTIDE1{meL.F.L.meS.dL.Aoc(2).I}$PEPTIDE1,PEPTIDE1,1:R1-7:R2$$$",-5.09600000,ok,,flexible
"PEPTIDE1{A.meA.meF.I.dL.T.Me_dL}$PEPTIDE1,PEPTIDE1,1:R1-7:R2$$$",-5.92900000,ok,,flexible
"PEPTIDE1{dA.L.Ala(5-Tet).A.meS.meF.meA}$PEPTIDE1,PEPTIDE1,1:R1-7:R2$$$",-5.91100000,ok,,flexible
"PEPTIDE1{Me_Bal.cHexCH2_Gly.F.meL.G.A.dL}$PEPTIDE1,PEPTIDE1,1:R1-7:R2$$$",-6.15900000,ok,,flexible
"PEPTIDE1{Me_dA.pentyl_Gly.meA.I.T.L.meL}$PEPTIDE1,PEPTIDE1,1:R1-7:R2$$$",-5.30700000,ok,,flexible
"PEPTIDE1{dV.T.Me_dL.meF.L.T.L}$PEPTIDE1,PEPTIDE1,1:R1-7:R2$$$",-5.35400000,ok,,flexible
"PEPTIDE1{meA.meL.Aoc(2).Me_dL.Abu.L.T}$PEPTIDE1,PEPTIDE1,1:R1-7:R2$$$",-5.51500000,ok,,flexible
"PEPTIDE1{meA.L.A.L.meL.Ser(tBu).T}$PEPTIDE1,PEPTIDE1,1:R1-7:R2$$$",-5.32600000,ok,,flexible
"PEPTIDE1{meA.dA.Me_dL.meV.F.A.Pr_Gly}$PEPTIDE1,PEPTIDE1,1:R1-7:R2$$$",-5.77100000,ok,,flexible
"PEPTIDE1{dV.meS.L.Aoc(2).Ser(tBu).meA.A}$PEPTIDE1,PEPTIDE1,1:R1-7:R2$$$",-5.02600000,ok,,flexible
"PEPTIDE1{Me_Bal.F.L.V.meA.meL.Ser(tBu)}$PEPTIDE1,PEPTIDE1,1:R1-7:R2$$$",-6.25400000,ok,,flexible
"PEPTIDE1{dV.meS.L.meL.T.V.Me_Phe(3-Cl)}$PEPTIDE1,PEPTIDE1,1:R1-7:R2$$$",-5.82600000,ok,,flexible
"PEPTIDE1{dV.meL.L.Pr_Gly.Me_dA.meF.Me_dL}$PEPTIDE1,PEPTIDE1,1:R1-7:R2$$$",-5.53300000,ok,,flexible
"PEPTIDE1{L.meA.meL.Me_dL.V.meV.dL}$PEPTIDE1,PEPTIDE1,1:R1-7:R2$$$",-5.76200000,ok,,flexible
"PEPTIDE1{dF.A.L.dL.I.L.F}$PEPTIDE1,PEPTIDE1,1:R1-7:R2$$$",-5.84300000,ok,,flexible
"PEPTIDE1{meA.Me_dL.meL.meL.T.Abu.meF}$PEPTIDE1,PEPTIDE1,1:R1-7:R2$$$",-5.66100000,ok,,flexible
"PEPTIDE1{meA.A.dP.T.meL.dL.dA}$PEPTIDE1,PEPTIDE1,1:R1-7:R2$$$",-6.78700000,ok,,flexible
"PEPTIDE1{meA.L.dL.I.Sar.meF.Ser(tBu)}$PEPTIDE1,PEPTIDE1,1:R1-7:R2$$$",-5.72300000,ok,,flexible
"PEPTIDE1{Me_dA.pentyl_Gly.dL.A.meF.dA.Me_dL}$PEPTIDE1,PEPTIDE1,1:R1-7:R2$$$",-5.88600000,ok,,flexible
"PEPTIDE1{L.meA.T.Sar.F.T.meV}$PEPTIDE1,PEPTIDE1,1:R1-7:R2$$$",-6.05100000,ok,,flexible
"PEPTIDE1{Me_dA.V.meA.meL.meL.G.A}$PEPTIDE1,PEPTIDE1,1:R1-7:R2$$$",-6.27400000,ok,,flexible
"PEPTIDE1{A.Me_dA.dL.P.L.G.meL}$PEPTIDE1,PEPTIDE1,1:R1-7:R2$$$",-6.25700000,ok,,flexible
"PEPTIDE1{Pr_Gly.A.L.I.L.meA.Aoc(2)}$PEPTIDE1,PEPTIDE1,1:R1-7:R2$$$",-4.94200000,ok,,flexible
"PEPTIDE1{Me_Bal.L.meF.dP.I.A.F}$PEPTIDE1,PEPTIDE1,1:R1-7:R2$$$",-7.24900000,ok,,flexible
"PEPTIDE1{dA.Me_dA.P.meL.T.dP.meF}$PEPTIDE1,PEPTIDE1,1:R1-7:R2$$$",-6.88000000,ok,,flexible
"PEPTIDE1{meA.Me_dL.L.I.Ser(tBu).meF.dL}$PEPTIDE1,PEPTIDE1,1:R1-7:R2$$$",-5.61500000,ok,,flexible
"PEPTIDE1{dV.Aib.meA.L.meA.Sar.T}$PEPTIDE1,PEPTIDE1,1:R1-7:R2$$$",-5.89500000,ok,,flexible
"PEPTIDE1{dP.Sar.F.A.dA.meA.L}$PEPTIDE1,PEPTIDE1,1:R1-7:R2$$$",-6.92600000,ok,,flexible
"PEPTIDE1{Sar.T.meF.F.meV.V.L}$PEPTIDE1,PEPTIDE1,1:R1-7:R2$$$",-5.48700000,ok,,flexible
"PEPTIDE1{meL.A.T.dL.F.dV.dL}$PEPTIDE1,PEPTIDE1,1:R1-7:R2$$$",-5.50000000,ok,,flexible
"PEPTIDE1{Sar.meA.dP.L.meL.A.I}$PEPTIDE1,PEPTIDE1,1:R1-7:R2$$$",-6.64900000,ok,,flexible
"PEPTIDE1{dV.P.T.T.L.dL.Sar}$PEPTIDE1,PEPTIDE1,1:R1-7:R2$$$",-6.33200000,ok,,flexible
"PEPTIDE1{Me_dA.meL.A.dL.meS.Me_dL.Ser(tBu)}$PEPTIDE1,PEPTIDE1,1:R1-7:R2$$$",-5.42600000,ok,,flexible
"PEPTIDE1{dF.cHexCH2_Gly.dL.L.meL.T.Ser(tBu)}$PEPTIDE1,PEPTIDE1,1:R1-7:R2$$$",-5.21800000,ok,,flexible
"PEPTIDE1{Me_Bal.V.P.meA.I.F.T}$PEPTIDE1,PEPTIDE1,1:R1-7:R2$$$",-6.83500000,ok,,flexible
"PEPTIDE1{F.L.dP.meL.I.dL.L}$PEPTIDE1,PEPTIDE1,1:R1-7:R2$$$",-5.31900000,ok,,flexible
"PEPTIDE1{dV.meA.Me_dA.dP.dL.meL.T}$PEPTIDE1,PEPTIDE1,1:R1-7:R2$$$",-6.41600000,ok,,flexible
"PEPTIDE1{Me_dA.meL.meF.L.Sar.A.T}$PEPTIDE1,PEPTIDE1,1:R1-7:R2$$$",-6.18100000,ok,,flexible
"PEPTIDE1{dV.meA.L.T.meL.Aoc(2).Ala(5-Tet)}$PEPTIDE1,PEPTIDE1,1:R1-7:R2$$$",-5.55600000,ok,,flexible
"PEPTIDE1{meA.dP.A.G.meL.meV.F}$PEPTIDE1,PEPTIDE1,1:R1-7:R2$$$",-6.26300000,ok,,flexible
"PEPTIDE1{meA.L.Sar.V.A.I.F}$PEPTIDE1,PEPTIDE1,1:R1-7:R2$$$",-6.58100000,ok,,flexible
"PEPTIDE1{dV.T.Abu.meS.meS.meL.meA}$PEPTIDE1,PEPTIDE1,1:R1-7:R2$$$",-5.27000000,ok,,flexible
"PEPTIDE1{F.pentyl_Gly.A.L.dL.I.T}$PEPTIDE1,PEPTIDE1,1:R1-7:R2$$$",-5.22700000,ok,,flexible
"PEPTIDE1{meA.L.Me_dA.meF.T.Me_dL.V}$PEPTIDE1,PEPTIDE1,1:R1-7:R2$$$",-5.98200000,ok,,flexible
"PEPTIDE1{dA.meL.Ser(tBu).T.meF.Me_dL.dL}$PEPTIDE1,PEPTIDE1,1:R1-7:R2$$$",-5.24000000,ok,,flexible
"PEPTIDE1{Pr_Gly.I.G.meL.T.L.F}$PEPTIDE1,PEPTIDE1,1:R1-7:R2$$$",-5.55200000,ok,,flexible
"PEPTIDE1{meA.F.meL.meL.Ser(tBu).meV.I}$PEPTIDE1,PEPTIDE1,1:R1-7:R2$$$",-5.38200000,ok,,flexible
"PEPTIDE1{Me_Bal.Pr_Gly.A.F.V.meL.L}$PEPTIDE1,PEPTIDE1,1:R1-7:R2$$$",-6.31800000,ok,,flexible
"PEPTIDE1{F.A.meF.meL.L.I.L}$PEPTIDE1,PEPTIDE1,1:R1-7:R2$$$",-6.06900000,ok,,flexible
"PEPTIDE1{Me_dA.L.meV.V.P.A.meL}$PEPTIDE1,PEPTIDE1,1:R1-7:R2$$$",-6.01700000,ok,,flexible
"PEPTIDE1{Me_dA.meA.L.meF.F.T.meS}$PEPTIDE1,PEPTIDE1,1:R1-7:R2$$$",-6.61100000,ok,,flexible
"PEPTIDE1{meL.meF.T.L.meA.meS.A}$PEPTIDE1,PEPTIDE1,1:R1-7:R2$$$",-6.43500000,ok,,flexible
"PEPTIDE1{dA.A.dP.meL.L.T.meA}$PEPTIDE1,PEPTIDE1,1:R1-7:R2$$$",-6.57400000,ok,,flexible
"PEPTIDE1{meA.meL.A.meF.F.L.meA}$PEPTIDE1,PEPTIDE1,1:R1-7:R2$$$",-6.14700000,ok,,flexible
"PEPTIDE1{dA.meF.F.meL.dL.V.I}$PEPTIDE1,PEPTIDE1,1:R1-7:R2$$$",-6.74300000,ok,,flexible
"PEPTIDE1{A.F.meF.meA.L.dL.I}$PEPTIDE1,PEPTIDE1,1:R1-7:R2$$$",-5.47900000,ok,,flexible
"PEPTIDE1{meA.meL.I.Me_dL.dL.meL.P}$PEPTIDE1,PEPTIDE1,1:R1-7:R2$$$",-4.99900000,ok,,flexible
"PEPTIDE1{dV.Pr_Gly.Me_dL.L.F.Me_dL.T}$PEPTIDE1,PEPTIDE1,1:R1-7:R2$$$",-5.60100000,ok,,flexible
"PEPTIDE1{Pr_Gly.F.A.Me_dA.meA.P.meL}$PEPTIDE1,PEPTIDE1,1:R1-7:R2$$$",-6.13500000,ok,,flexible
"PEPTIDE1{Sar.F.V.I.meL.Ser(tBu).meF}$PEPTIDE1,PEPTIDE1,1:R1-7:R2$$$",-5.95200000,ok,,flexible
"PEPTIDE1{A.dP.L.Me_dL.dL.Me_dA.meA}$PEPTIDE1,PEPTIDE1,1:R1-7:R2$$$",-7.13400000,ok,,flexible
"PEPTIDE1{Me_Bal.meA.Me_dL.meL.meF.dL.meL}$PEPTIDE1,PEPTIDE1,1:R1-7:R2$$$",-5.47700000,ok,,flexible
"PEPTIDE1{dA.meS.Me_dL.A.Abu.T.L}$PEPTIDE1,PEPTIDE1,1:R1-7:R2$$$",-6.19300000,ok,,flexible
"PEPTIDE1{Me_dA.L.meL.meA.dP.Me_dL.dV}$PEPTIDE1,PEPTIDE1,1:R1-7:R2$$$",-5.74600000,ok,,flexible
"PEPTIDE1{A.F.meA.L.V.P.meL}$PEPTIDE1,PEPTIDE1,1:R1-7:R2$$$",-6.18700000,ok,,flexible
"PEPTIDE1{L.meA.A.Me_dL.meL.Me_dL.Phe(4-CF3)}$PEPTIDE1,PEPTIDE1,1:R1-7:R2$$$",-5.76000000,ok,,flexible
"PEPTIDE1{meA.T.meS.I.dL.F.T}$PEPTIDE1,PEPTIDE1,1:R1-7:R2$$$",-5.87400000,ok,,flexible
"PEPTIDE1{A.dV.L.T.meF.meL.I}$PEPTIDE1,PEPTIDE1,1:R1-7:R2$$$",-5.32000000,ok,,flexible
"PEPTIDE1{Me_dA.dL.Me_Nle.Et_Gly.meL.L.P}$PEPTIDE1,PEPTIDE1,1:R1-7:R2$$$",-5.40800000,ok,,flexible
"PEPTIDE1{dV.cHexCH2_Gly.dP.meA.V.Ser(tBu).L}$PEPTIDE1,PEPTIDE1,1:R1-7:R2$$$",-5.92400000,ok,,flexible
"PEPTIDE1{Sar.T.meL.meF.meV.L.V}$PEPTIDE1,PEPTIDE1,1:R1-7:R2$$$",-5.99300000,ok,,flexible
"PEPTIDE1{F.meL.meA.A.L.dL.T}$PEPTIDE1,PEPTIDE1,1:R1-7:R2$$$",-5.86900000,ok,,flexible
"PEPTIDE1{Me_dA.V.L.meL.T.A.meL}$PEPTIDE1,PEPTIDE1,1:R1-7:R2$$$",-5.85200000,ok,,flexible
"PEPTIDE1{dA.F.Me_dA.Ser(tBu).dF.L.Me_dL}$PEPTIDE1,PEPTIDE1,1:R1-7:R2$$$",-5.50500000,ok,,flexible
"PEPTIDE1{meA.meL.F.L.A.Ser(tBu).P}$PEPTIDE1,PEPTIDE1,1:R1-7:R2$$$",-5.85200000,ok,,flexible
"PEPTIDE1{Pr_Gly.meA.V.Me_dL.Pr_Gly.F.Ser(tBu)}$PEPTIDE1,PEPTIDE1,1:R1-7:R2$$$",-5.30300000,ok,,flexible
"PEPTIDE1{meA.Me_dL.T.F.L.I.meL}$PEPTIDE1,PEPTIDE1,1:R1-7:R2$$$",-5.53900000,ok,,flexible
"PEPTIDE1{meA.meL.A.V.T.A.F}$PEPTIDE1,PEPTIDE1,1:R1-7:R2$$$",-6.14800000,ok,,flexible
"PEPTIDE1{meA.A.meF.V.Me_dL.dL.Ser(tBu)}$PEPTIDE1,PEPTIDE1,1:R1-7:R2$$$",-5.54100000,ok,,flexible
"PEPTIDE1{Me_dA.T.meA.A.I.Ala(5-Tet).L}$PEPTIDE1,PEPTIDE1,1:R1-7:R2$$$",-5.68700000,ok,,flexible
"PEPTIDE1{dA.Abu.meA.meF.T.Me_dL.Sar}$PEPTIDE1,PEPTIDE1,1:R1-7:R2$$$",-6.51100000,ok,,flexible
"PEPTIDE1{A.meS.meL.T.Me_dL.L.F}$PEPTIDE1,PEPTIDE1,1:R1-7:R2$$$",-5.84400000,ok,,flexible
"PEPTIDE1{meA.T.Me_dL.meS.dL.A.Ala(5-Tet)}$PEPTIDE1,PEPTIDE1,1:R1-7:R2$$$",-5.96100000,ok,,flexible
"PEPTIDE1{Me_dA.F.pentyl_Gly.L.I.meL.G}$PEPTIDE1,PEPTIDE1,1:R1-7:R2$$$",-5.23700000,ok,,flexible
"PEPTIDE1{dV.meL.Me_dL.T.meA.Aoc(2).L}$PEPTIDE1,PEPTIDE1,1:R1-7:R2$$$",-5.41800000,ok,,flexible
"PEPTIDE1{Me_dA.meA.dP.L.V.F.I}$PEPTIDE1,PEPTIDE1,1:R1-7:R2$$$",-6.61600000,ok,,flexible
"PEPTIDE1{Me_dA.meL.Me_dL.L.dL.Ser(tBu).I}$PEPTIDE1,PEPTIDE1,1:R1-7:R2$$$",-4.66200000,ok,,flexible
"PEPTIDE1{dV.T.T.Me_dL.dP.dL.Me_dA}$PEPTIDE1,PEPTIDE1,1:R1-7:R2$$$",-6.28700000,ok,,flexible
"PEPTIDE1{dV.L.T.meL.meA.I.P}$PEPTIDE1,PEPTIDE1,1:R1-7:R2$$$",-5.79400000,ok,,flexible
"PEPTIDE1{dA.T.I.A.L.T.meL}$PEPTIDE1,PEPTIDE1,1:R1-7:R2$$$",-5.73000000,ok,,flexible
"PEPTIDE1{Me_dA.meA.meL.V.meV.I.Ser(tBu)}$PEPTIDE1,PEPTIDE1,1:R1-7:R2$$$",-5.68600000,ok,,flexible
"PEPTIDE1{meF.cHexCH2_Gly.pentyl_Gly.Me_Nle.L.dL.F}$PEPTIDE1,PEPTIDE1,1:R1-7:R2$$$",-5.23800000,ok,,flexible
"PEPTIDE1{Me_Bal.L.meL.L.P.pentyl_Gly.meA}$PEPTIDE1,PEPTIDE1,1:R1-7:R2$$$",-5.73900000,ok,,flexible
"PEPTIDE1{Me_dA.T.L.meA.Me_dL.P.dL}$PEPTIDE1,PEPTIDE1,1:R1-7:R2$$$",-5.62100000,ok,,flexible
"PEPTIDE1{F.Ser(tBu).L.L.dL.meA.meF}$PEPTIDE1,PEPTIDE1,1:R1-7:R2$$$",-5.54200000,ok,,flexible
"PEPTIDE1{A.Me_dL.meL.meA.F.T.meF}$PEPTIDE1,PEPTIDE1,1:R1-7:R2$$$",-6.01400000,ok,,flexible
"PEPTIDE1{A.Aoc(2).L.Sar.F.meF.meL}$PEPTIDE1,PEPTIDE1,1:R1-7:R2$$$",-6.02400000,ok,,flexible
"PEPTIDE1{meA.T.Abu.dA.L.V.meL}$PEPTIDE1,PEPTIDE1,1:R1-7:R2$$$",-5.81500000,ok,,flexible
"PEPTIDE1{F.L.meL.meF.L.3Pal.I}$PEPTIDE1,PEPTIDE1,1:R1-7:R2$$$",-5.46200000,ok,,flexible
"PEPTIDE1{A.meS.meA.meL.dV.F.T}$PEPTIDE1,PEPTIDE1,1:R1-7:R2$$$",-5.64300000,ok,,flexible
"PEPTIDE1{meA.A.dL.T.meL.Abu.Ala(5-Tet)}$PEPTIDE1,PEPTIDE1,1:R1-7:R2$$$",-6.13700000,ok,,flexible
"PEPTIDE1{Me_dA.A.L.Me_dL.F.I.T}$PEPTIDE1,PEPTIDE1,1:R1-7:R2$$$",-5.69200000,ok,,flexible
"PEPTIDE1{dF.L.meA.dL.meL.V.T}$PEPTIDE1,PEPTIDE1,1:R1-7:R2$$$",-6.16400000,ok,,flexible
"PEPTIDE1{A.dP.L.G.Me_dL.dL.meL}$PEPTIDE1,PEPTIDE1,1:R1-7:R2$$$",-5.34100000,ok,,flexible
"PEPTIDE1{Me_Bal.meA.P.dL.Me_dL.T.A}$PEPTIDE1,PEPTIDE1,1:R1-7:R2$$$",-5.81800000,ok,,flexible
"PEPTIDE1{Me_Bal.P.Me_dL.meL.F.meA.L}$PEPTIDE1,PEPTIDE1,1:R1-7:R2$$$",-5.51400000,ok,,flexible
"PEPTIDE1{Pr_Gly.dP.meA.P.T.Me_dL.meS}$PEPTIDE1,PEPTIDE1,1:R1-7:R2$$$",-5.94800000,ok,,flexible
"PEPTIDE1{L.meL.meA.meA.T.F.I}$PEPTIDE1,PEPTIDE1,1:R1-7:R2$$$",-5.46100000,ok,,flexible
"PEPTIDE1{Me_dA.A.meL.meA.T.I.V}$PEPTIDE1,PEPTIDE1,1:R1-7:R2$$$",-5.96500000,ok,,flexible
"PEPTIDE1{dA.T.Aoc(2).meA.L.T.dL}$PEPTIDE1,PEPTIDE1,1:R1-7:R2$$$",-5.65500000,ok,,flexible
"PEPTIDE1{meL.Sar.L.dL.meA.meL.L}$PEPTIDE1,PEPTIDE1,1:R1-7:R2$$$",-5.30100000,ok,,flexible
"PEPTIDE1{A.meF.T.Abu.dA.T.P}$PEPTIDE1,PEPTIDE1,1:R1-7:R2$$$",-6.61500000,ok,,flexible
"PEPTIDE1{dF.L.T.A.meL.Me_dL.meL}$PEPTIDE1,PEPTIDE1,1:R1-7:R2$$$",-5.86400000,ok,,flexible
"PEPTIDE1{Me_Bal.meA.A.meF.L.Ser(tBu).V}$PEPTIDE1,PEPTIDE1,1:R1-7:R2$$$",-5.94900000,ok,,flexible
"PEPTIDE1{Me_dA.T.F.L.A.dL.meL}$PEPTIDE1,PEPTIDE1,1:R1-7:R2$$$",-5.98400000,ok,,flexible
"PEPTIDE1{meA.P.meL.meF.meL.T.L}$PEPTIDE1,PEPTIDE1,1:R1-7:R2$$$",-5.69800000,ok,,flexible
"PEPTIDE1{L.A.meL.meA.Me_dL.V.dA}$PEPTIDE1,PEPTIDE1,1:R1-7:R2$$$",-6.16700000,ok,,flexible
"PEPTIDE1{Sar.F.V.meL.dL.meA.T}$PEPTIDE1,PEPTIDE1,1:R1-7:R2$$$",-6.31400000,ok,,flexible
"PEPTIDE1{Me_Bal.meL.meF.meA.dP.T.A}$PEPTIDE1,PEPTIDE1,1:R1-7:R2$$$",-6.34500000,ok,,flexible
"PEPTIDE1{dV.meA.G.V.I.L.A}$PEPTIDE1,PEPTIDE1,1:R1-7:R2$$$",-5.85600000,ok,,flexible
"PEPTIDE1{Me_dA.meL.pentyl_Gly.T.dL.I.Me_dL}$PEPTIDE1,PEPTIDE1,1:R1-7:R2$$$",-4.91800000,ok,,flexible
"PEPTIDE1{L.dL.meA.Sar.Me_dL.Aoc(2).I}$PEPTIDE1,PEPTIDE1,1:R1-7:R2$$$",-5.01300000,ok,,flexible
"PEPTIDE1{Me_dA.cHexCH2_Gly.I.Ser(tBu).T.meA.L}$PEPTIDE1,PEPTIDE1,1:R1-7:R2$$$",-5.52100000,ok,,flexible
"PEPTIDE1{Me_dA.meA.meL.A.meF.T.meL}$PEPTIDE1,PEPTIDE1,1:R1-7:R2$$$",-6.25800000,ok,,flexible
"PEPTIDE1{dV.meL.I.meA.L.Me_dA.V}$PEPTIDE1,PEPTIDE1,1:R1-7:R2$$$",-5.62800000,ok,,flexible
"PEPTIDE1{dP.F.G.Pr_Gly.meA.L.V}$PEPTIDE1,PEPTIDE1,1:R1-7:R2$$$",-6.35500000,ok,,flexible
"PEPTIDE1{meA.Abu.L.meF.T.dP.I}$PEPTIDE1,PEPTIDE1,1:R1-7:R2$$$",-7.24000000,ok,,flexible
"PEPTIDE1{dA.meL.A.L.T.meV.F}$PEPTIDE1,PEPTIDE1,1:R1-7:R2$$$",-6.09200000,ok,,flexible
"PEPTIDE1{dV.I.meL.L.V.T.meF}$PEPTIDE1,PEPTIDE1,1:R1-7:R2$$$",-5.54000000,ok,,flexible
"PEPTIDE1{dF.A.meF.dL.Ser(tBu).meA.L}$PEPTIDE1,PEPTIDE1,1:R1-7:R2$$$",-5.93700000,ok,,flexible
"PEPTIDE1{Me_Bal.A.L.dL.G.I.meL}$PEPTIDE1,PEPTIDE1,1:R1-7:R2$$$",-5.50500000,ok,,flexible
"PEPTIDE1{Me_dA.P.P.meL.dL.L.T}$PEPTIDE1,PEPTIDE1,1:R1-7:R2$$$",-6.14500000,ok,,flexible
"PEPTIDE1{dV.A.meF.Abu.L.dL.Ser(tBu)}$PEPTIDE1,PEPTIDE1,1:R1-7:R2$$$",-5.89100000,ok,,flexible
"PEPTIDE1{Me_dA.F.Pr_Gly.Me_dL.T.A.L}$PEPTIDE1,PEPTIDE1,1:R1-7:R2$$$",-5.84300000,ok,,flexible
"PEPTIDE1{Me_Bal.P.Me_dL.T.dL.L.F}$PEPTIDE1,PEPTIDE1,1:R1-7:R2$$$",-6.00200000,ok,,flexible
"PEPTIDE1{meL.L.pentyl_Gly.cHexCH2_Gly.dL.L.Mono34}$PEPTIDE1,PEPTIDE1,1:R1-7:R2$$$",-5.01600000,ok,,flexible
"PEPTIDE1{Me_Bal.meA.F.L.G.T.Sar}$PEPTIDE1,PEPTIDE1,1:R1-7:R2$$$",-6.54700000,ok,,flexible
"PEPTIDE1{A.Pr_Gly.F.G.T.I.L}$PEPTIDE1,PEPTIDE1,1:R1-7:R2$$$",-6.00200000,ok,,flexible
"PEPTIDE1{meL.L.A.Sar.meF.meA.meL}$PEPTIDE1,PEPTIDE1,1:R1-7:R2$$$",-5.84600000,ok,,flexible
"PEPTIDE1{Me_Bal.T.Me_dL.meA.L.meL.F}$PEPTIDE1,PEPTIDE1,1:R1-7:R2$$$",-6.02900000,ok,,flexible
"PEPTIDE1{L.pentyl_Gly.dL.L.I.Me_dL.meL}$PEPTIDE1,PEPTIDE1,1:R1-7:R2$$$",-4.49700000,ok,,flexible
"PEPTIDE1{F.I.L.V.Ser(tBu).meL.A}$PEPTIDE1,PEPTIDE1,1:R1-7:R2$$$",-5.02400000,ok,,flexible
"PEPTIDE1{L.A.meL.dP.meF.dL.I}$PEPTIDE1,PEPTIDE1,1:R1-7:R2$$$",-6.19200000,ok,,flexible
"PEPTIDE1{Me_Bal.meA.T.L.dL.P.T}$PEPTIDE1,PEPTIDE1,1:R1-7:R2$$$",-5.87200000,ok,,flexible
"PEPTIDE1{dV.meL.dL.T.Me_dA.meL.L}$PEPTIDE1,PEPTIDE1,1:R1-7:R2$$$",-5.37400000,ok,,flexible
"PEPTIDE1{Pr_Gly.meL.Ala(5-Tet).A.meF.meS.L}$PEPTIDE1,PEPTIDE1,1:R1-7:R2$$$",-5.96200000,ok,,flexible
"PEPTIDE1{dA.Me_dL.L.dL.T.V.dP}$PEPTIDE1,PEPTIDE1,1:R1-7:R2$$$",-6.53900000,ok,,flexible
"PEPTIDE1{Sar.meL.Me_dL.V.dL.meA.meA}$PEPTIDE1,PEPTIDE1,1:R1-7:R2$$$",-5.66200000,ok,,flexible
"PEPTIDE1{Me_Bal.cHexCH2_Gly.meA.F.L.Ser(tBu).V}$PEPTIDE1,PEPTIDE1,1:R1-7:R2$$$",-5.76200000,ok,,flexible
"PEPTIDE1{meL.Me_dL.cHexCH2_Gly.P.dL.meL.meA}$PEPTIDE1,PEPTIDE1,1:R1-7:R2$$$",-6.03400000,ok,,flexible
"PEPTIDE1{meL.Abu.Sar.L.F.P.I}$PEPTIDE1,PEPTIDE1,1:R1-7:R2$$$",-5.97100000,ok,,flexible
"PEPTIDE1{meA.L.dP.T.V.meL.Me_dL}$PEPTIDE1,PEPTIDE1,1:R1-7:R2$$$",-5.77500000,ok,,flexible
"PEPTIDE1{Me_Bal.Me_dL.V.meL.T.meA.meL}$PEPTIDE1,PEPTIDE1,1:R1-7:R2$$$",-5.67100000,ok,,flexible
"PEPTIDE1{Me_Bal.L.Me_dL.meA.meL.V.F}$PEPTIDE1,PEPTIDE1,1:R1-7:R2$$$",-5.81200000,ok,,flexible
"PEPTIDE1{L.dF.cHexCH2_Gly.meL.T.A.Mono86}$PEPTIDE1,PEPTIDE1,1:R1-7:R2$$$",-5.83800000,ok,,flexible
"PEPTIDE1{meA.L.meF.T.meL.V.A}$PEPTIDE1,PEPTIDE1,1:R1-7:R2$$$",-6.49600000,ok,,flexible
"PEPTIDE1{A.meL.F.dL.V.Ser(tBu).Me_dL}$PEPTIDE1,PEPTIDE1,1:R1-7:R2$$$",-5.28700000,ok,,flexible
"PEPTIDE1{Mono6.Sar.L.meA.P.I.T}$PEPTIDE1,PEPTIDE1,1:R1-7:R2$$$",-6.25000000,ok,,flexible
"PEPTIDE1{L.Me_dA.F.meV.A.T.meA}$PEPTIDE1,PEPTIDE1,1:R1-7:R2$$$",-6.46100000,ok,,flexible
"PEPTIDE1{Mono6.Aoc(2).meA.I.T.G.dP}$PEPTIDE1,PEPTIDE1,1:R1-7:R2$$$",-6.15600000,ok,,flexible
"PEPTIDE1{Me_dA.meF.V.Me_Phe(3-Cl).Pr_Gly.Me_dL.L}$PEPTIDE1,PEPTIDE1,1:R1-7:R2$$$",-5.87400000,ok,,flexible
"PEPTIDE1{meA.dA.F.L.L.P.V}$PEPTIDE1,PEPTIDE1,1:R1-7:R2$$$",-6.54200000,ok,,flexible
"PEPTIDE1{Me_Bal.A.meL.meA.V.L.dA}$PEPTIDE1,PEPTIDE1,1:R1-7:R2$$$",-5.85100000,ok,,flexible
"PEPTIDE1{dV.meL.L.L.dL.T.V}$PEPTIDE1,PEPTIDE1,1:R1-7:R2$$$",-5.37000000,ok,,flexible
"PEPTIDE1{Me_dA.Abu.meA.T.meF.Ala(5-Tet).meL}$PEPTIDE1,PEPTIDE1,1:R1-7:R2$$$",-5.90900000,ok,,flexible
"PEPTIDE1{Me_dA.F.meL.dP.Bn_Gly.L.meA}$PEPTIDE1,PEPTIDE1,1:R1-7:R2$$$",-6.39500000,ok,,flexible
"PEPTIDE1{Me_dA.meA.Ser(tBu).meL.I.meF.P}$PEPTIDE1,PEPTIDE1,1:R1-7:R2$$$",-5.16900000,ok,,flexible
"PEPTIDE1{Sar.F.T.Me_dL.Ser(tBu).A.V}$PEPTIDE1,PEPTIDE1,1:R1-7:R2$$$",-5.68200000,ok,,flexible
"PEPTIDE1{dV.Abu.V.P.Me_dL.meL.meA}$PEPTIDE1,PEPTIDE1,1:R1-7:R2$$$",-5.80400000,ok,,flexible
"PEPTIDE1{meA.Pr_Gly.F.A.meL.meL.dL}$PEPTIDE1,PEPTIDE1,1:R1-7:R2$$$",-5.45800000,ok,,flexible
"PEPTIDE1{meA.Pr_Gly.A.meF.V.meL.dL}$PEPTIDE1,PEPTIDE1,1:R1-7:R2$$$",-5.48000000,ok,,flexible
"PEPTIDE1{A.I.T.G.F.dL.Ser(tBu)}$PEPTIDE1,PEPTIDE1,1:R1-7:R2$$$",-6.01400000,ok,,flexible
"PEPTIDE1{dA.meL.A.T.dL.I.Me_dL}$PEPTIDE1,PEPTIDE1,1:R1-7:R2$$$",-5.70600000,ok,,flexible
"PEPTIDE1{meA.Mono84.L.Me_Phe(3-Cl).I.A.P}$PEPTIDE1,PEPTIDE1,1:R1-7:R2$$$",-7.04600000,ok,,flexible
"PEPTIDE1{meL.Mono38.Ser(tBu).L.F.dL.L}$PEPTIDE1,PEPTIDE1,1:R1-7:R2$$$",-4.53600000,ok,,flexible
"PEPTIDE1{meA.meL.F.L.dL.meF.Me_dL}$PEPTIDE1,PEPTIDE1,1:R1-7:R2$$$",-5.66700000,ok,,flexible
"PEPTIDE1{A.F.T.Me_dL.dL.L.meL}$PEPTIDE1,PEPTIDE1,1:R1-7:R2$$$",-6.21200000,ok,,flexible
"PEPTIDE1{meL.Abu.Sar.A.meV.dL.meF}$PEPTIDE1,PEPTIDE1,1:R1-7:R2$$$",-5.47000000,ok,,flexible
"PEPTIDE1{dA.Ser(tBu).meL.F.L.meF.T}$PEPTIDE1,PEPTIDE1,1:R1-7:R2$$$",-5.04000000,ok,,flexible
"PEPTIDE1{meA.A.L.meS.meF.meA.T}$PEPTIDE1,PEPTIDE1,1:R1-7:R2$$$",-6.40200000,ok,,flexible
"PEPTIDE1{Sar.A.meF.meA.meL.T.V}$PEPTIDE1,PEPTIDE1,1:R1-7:R2$$$",-6.22100000,ok,,flexible
"PEPTIDE1{F.T.meA.meL.Me_dL.V.meF}$PEPTIDE1,PEPTIDE1,1:R1-7:R2$$$",-6.02200000,ok,,flexible
"PEPTIDE1{meA.meF.T.Ser(tBu).A.V.dL}$PEPTIDE1,PEPTIDE1,1:R1-7:R2$$$",-6.25500000,ok,,flexible
"PEPTIDE1{Pr_Gly.dL.V.T.meA.L.Me_dL}$PEPTIDE1,PEPTIDE1,1:R1-7:R2$$$",-5.20700000,ok,,flexible
"PEPTIDE1{F.P.dL.Pr_Gly.L.Ser(tBu).meA}$PEPTIDE1,PEPTIDE1,1:R1-7:R2$$$",-5.61000000,ok,,flexible
"PEPTIDE1{Me_Bal.cHexCH2_Gly.Bn_Gly.Mono38.meA.A.I}$PEPTIDE1,PEPTIDE1,1:R1-7:R2$$$",-6.20000000,ok,,flexible
"PEPTIDE1{dV.Pr_Gly.A.V.meL.Me_dL.I}$PEPTIDE1,PEPTIDE1,1:R1-7:R2$$$",-5.20700000,ok,,flexible
"PEPTIDE1{Pr_Gly.Me_dL.meF.T.T.dL.V}$PEPTIDE1,PEPTIDE1,1:R1-7:R2$$$",-5.43000000,ok,,flexible
"PEPTIDE1{P.dPye.T.G.A.meL.Me_dL}$PEPTIDE1,PEPTIDE1,1:R1-7:R2$$$",-5.60200000,ok,,flexible
"PEPTIDE1{F.meL.I.A.L.P.T}$PEPTIDE1,PEPTIDE1,1:R1-7:R2$$$",-6.12800000,ok,,flexible
"PEPTIDE1{F.T.meL.Me_dL.P.dL.A}$PEPTIDE1,PEPTIDE1,1:R1-7:R2$$$",-5.87700000,ok,,flexible
"PEPTIDE1{meL.meA.L.meF.F.V.dV}$PEPTIDE1,PEPTIDE1,1:R1-7:R2$$$",-5.92400000,ok,,flexible
"PEPTIDE1{meL.meF.Ser(tBu).meA.Me_dL.T.I}$PEPTIDE1,PEPTIDE1,1:R1-7:R2$$$",-5.79500000,ok,,flexible
"PEPTIDE1{A.dA.F.meL.meA.meF.T}$PEPTIDE1,PEPTIDE1,1:R1-7:R2$$$",-6.55600000,ok,,flexible
"PEPTIDE1{Me_Bal.A.meF.Me_dL.dL.V.meL}$PEPTIDE1,PEPTIDE1,1:R1-7:R2$$$",-5.99200000,ok,,flexible
"PEPTIDE1{Sar.T.meL.P.F.T.meF}$PEPTIDE1,PEPTIDE1,1:R1-7:R2$$$",-6.35200000,ok,,flexible
"PEPTIDE1{dV.Me_dAbu.meF.F.Abu.Ala(5-Tet).Aoc(2)}$PEPTIDE1,PEPTIDE1,1:R1-7:R2$$$",-5.34100000,ok,,flexible
"PEPTIDE1{P.A.Me_dL.meL.Me_dA.T.G}$PEPTIDE1,PEPTIDE1,1:R1-7:R2$$$",-6.41300000,ok,,flexible
"PEPTIDE1{meA.meV.Pr_Gly.A.F.meI.T}$PEPTIDE1,PEPTIDE1,1:R1-7:R2$$$",-5.90000000,ok,,flexible
"PEPTIDE1{L.meF.meL.V.dP.P.A}$PEPTIDE1,PEPTIDE1,1:R1-7:R2$$$",-6.56400000,ok,,flexible
"PEPTIDE1{A.meA.Me_dL.meF.P.T.I}$PEPTIDE1,PEPTIDE1,1:R1-7:R2$$$",-6.45800000,ok,,flexible
"PEPTIDE1{meL.Pr_Gly.F.meL.I.T.Ser(tBu)}$PEPTIDE1,PEPTIDE1,1:R1-7:R2$$$",-5.64900000,ok,,flexible
"PEPTIDE1{Pr_Gly.Me_Phe(3-Cl).dL.A.L.L.F}$PEPTIDE1,PEPTIDE1,1:R1-7:R2$$$",-6.23700000,ok,,flexible
"PEPTIDE1{Mono6.L.F.dL.meL.P.T}$PEPTIDE1,PEPTIDE1,1:R1-7:R2$$$",-6.28200000,ok,,flexible
"PEPTIDE1{meA.T.meF.dL.A.V.L}$PEPTIDE1,PEPTIDE1,1:R1-7:R2$$$",-6.02400000,ok,,flexible
"PEPTIDE1{Me_dA.dL.G.L.meL.Me_dL.Ser(tBu)}$PEPTIDE1,PEPTIDE1,1:R1-7:R2$$$",-5.38600000,ok,,flexible
"PEPTIDE1{meA.Ser(tBu).L.A.L.meL.dL}$PEPTIDE1,PEPTIDE1,1:R1-7:R2$$$",-5.01600000,ok,,flexible
"PEPTIDE1{Sar.meA.meL.T.F.Ser(tBu).L}$PEPTIDE1,PEPTIDE1,1:R1-7:R2$$$",-5.48100000,ok,,flexible
"PEPTIDE1{F.L.meA.meL.A.meF.V}$PEPTIDE1,PEPTIDE1,1:R1-7:R2$$$",-6.77800000,ok,,flexible
"PEPTIDE1{Sar.meL.T.meA.meL.F.T}$PEPTIDE1,PEPTIDE1,1:R1-7:R2$$$",-5.66300000,ok,,flexible
"PEPTIDE1{Mono6.meA.pentyl_Gly.meL.A.meL.dP}$PEPTIDE1,PEPTIDE1,1:R1-7:R2$$$",-5.87200000,ok,,flexible
"PEPTIDE1{meA.Me_dL.Ser(tBu).I.T.T.meF}$PEPTIDE1,PEPTIDE1,1:R1-7:R2$$$",-5.71100000,ok,,flexible
"PEPTIDE1{meA.L.Mono38.P.dL.Aoc(2).I}$PEPTIDE1,PEPTIDE1,1:R1-7:R2$$$",-5.34900000,ok,,flexible
"PEPTIDE1{P.meA.V.Me_dL.T.Me_dA.A}$PEPTIDE1,PEPTIDE1,1:R1-7:R2$$$",-6.30500000,ok,,flexible
"PEPTIDE1{dV.Aoc(2).T.Abu.I.meA.meL}$PEPTIDE1,PEPTIDE1,1:R1-7:R2$$$",-5.12700000,ok,,flexible
"PEPTIDE1{F.pentyl_Gly.meA.L.meL.L.meF}$PEPTIDE1,PEPTIDE1,1:R1-7:R2$$$",-4.86100000,ok,,flexible
"PEPTIDE1{dF.meL.meF.L.T.meA.V}$PEPTIDE1,PEPTIDE1,1:R1-7:R2$$$",-6.61600000,ok,,flexible
"PEPTIDE1{meA.Mono38.I.pentyl_Gly.F.Bn_Gly.L}$PEPTIDE1,PEPTIDE1,1:R1-7:R2$$$",-5.00500000,ok,,flexible
"PEPTIDE1{meL.dP.Me_dA.A.meA.Me_dL.meL}$PEPTIDE1,PEPTIDE1,1:R1-7:R2$$$",-6.33700000,ok,,flexible
"PEPTIDE1{L.meS.V.dL.meF.T.A}$PEPTIDE1,PEPTIDE1,1:R1-7:R2$$$",-5.89300000,ok,,flexible
"PEPTIDE1{Me_dA.meA.Me_dL.A.meL.V.Me_Phe(3-Cl)}$PEPTIDE1,PEPTIDE1,1:R1-7:R2$$$",-6.13300000,ok,,flexible
"PEPTIDE1{meA.L.A.Sar.meF.T.dL}$PEPTIDE1,PEPTIDE1,1:R1-7:R2$$$",-6.32900000,ok,,flexible
"PEPTIDE1{Me_dA.F.I.Aoc(2).Me_Phe(3-Cl).meF.meL}$PEPTIDE1,PEPTIDE1,1:R1-7:R2$$$",-5.50700000,ok,,flexible
"PEPTIDE1{meA.P.T.Me_dL.I.meF.meV}$PEPTIDE1,PEPTIDE1,1:R1-7:R2$$$",-6.08600000,ok,,flexible
"PEPTIDE1{A.meL.I.L.Ser(tBu).T.P}$PEPTIDE1,PEPTIDE1,1:R1-7:R2$$$",-5.02800000,ok,,flexible
"PEPTIDE1{Me_Bal.G.T.V.meL.A.Me_dA}$PEPTIDE1,PEPTIDE1,1:R1-7:R2$$$",-5.93500000,ok,,flexible
"PEPTIDE1{Pr_Gly.meL.Aoc(2).Abu.dL.L.L}$PEPTIDE1,PEPTIDE1,1:R1-7:R2$$$",-5.24200000,ok,,flexible
"PEPTIDE1{meA.Me_dA.Me_dL.Ala(5-Tet).meF.dL.I}$PEPTIDE1,PEPTIDE1,1:R1-7:R2$$$",-5.70900000,ok,,flexible
"PEPTIDE1{dA.meA.dL.A.Phe(4-CF3).T.Me_dL}$PEPTIDE1,PEPTIDE1,1:R1-7:R2$$$",-6.80600000,ok,,flexible
"PEPTIDE1{Mono6.L.meF.meA.meL.A.dL}$PEPTIDE1,PEPTIDE1,1:R1-7:R2$$$",-6.06100000,ok,,flexible
"PEPTIDE1{L.meL.P.T.meA.V.T}$PEPTIDE1,PEPTIDE1,1:R1-7:R2$$$",-5.38200000,ok,,flexible
"PEPTIDE1{Sar.V.A.meL.meA.meF.Ser(tBu)}$PEPTIDE1,PEPTIDE1,1:R1-7:R2$$$",-5.64300000,ok,,flexible
"PEPTIDE1{Me_dA.meF.meL.meA.I.P.T}$PEPTIDE1,PEPTIDE1,1:R1-7:R2$$$",-5.39900000,ok,,flexible
"PEPTIDE1{L.Ala(5-Tet).dL.dA.meL.T.Sar}$PEPTIDE1,PEPTIDE1,1:R1-7:R2$$$",-5.94300000,ok,,flexible
"PEPTIDE1{dV.Me_dL.meF.I.V.meL.F}$PEPTIDE1,PEPTIDE1,1:R1-7:R2$$$",-5.63600000,ok,,flexible
"PEPTIDE1{dF.Me_dA.L.meL.Abu.meS.meA}$PEPTIDE1,PEPTIDE1,1:R1-7:R2$$$",-6.22400000,ok,,flexible
"PEPTIDE1{Pr_Gly.Me_dA.A.L.Me_dL.dL.meL}$PEPTIDE1,PEPTIDE1,1:R1-7:R2$$$",-5.89100000,ok,,flexible
"PEPTIDE1{dV.A.T.meA.Me_dL.dP.P}$PEPTIDE1,PEPTIDE1,1:R1-7:R2$$$",-6.38200000,ok,,flexible
"PEPTIDE1{meA.L.dP.meL.T.T.I}$PEPTIDE1,PEPTIDE1,1:R1-7:R2$$$",-5.72800000,ok,,flexible
"PEPTIDE1{dA.meS.T.P.meA.A.dL}$PEPTIDE1,PEPTIDE1,1:R1-7:R2$$$",-5.98100000,ok,,flexible
"PEPTIDE1{dF.cHexCH2_Gly.meA.V.T.meF.I}$PEPTIDE1,PEPTIDE1,1:R1-7:R2$$$",-6.01000000,ok,,flexible
"PEPTIDE1{Sar.meA.T.Me_dL.L.V.meF}$PEPTIDE1,PEPTIDE1,1:R1-7:R2$$$",-5.97400000,ok,,flexible
"PEPTIDE1{Me_dA.meA.Me_dL.meF.T.Ser(tBu).meA}$PEPTIDE1,PEPTIDE1,1:R1-7:R2$$$",-5.31300000,ok,,flexible
"PEPTIDE1{Me_Bal.V.F.T.meF.dL.meV}$PEPTIDE1,PEPTIDE1,1:R1-7:R2$$$",-5.86400000,ok,,flexible
"PEPTIDE1{Me_Bal.V.P.meA.T.G.L}$PEPTIDE1,PEPTIDE1,1:R1-7:R2$$$",-6.47900000,ok,,flexible
"PEPTIDE1{meA.I.meL.Ser(tBu).L.dP.dL}$PEPTIDE1,PEPTIDE1,1:R1-7:R2$$$",-5.30700000,ok,,flexible
"PEPTIDE1{A.meF.V.T.L.dA.Ser(tBu)}$PEPTIDE1,PEPTIDE1,1:R1-7:R2$$$",-5.84200000,ok,,flexible
"PEPTIDE1{A.meA.meL.meF.L.F.V}$PEPTIDE1,PEPTIDE1,1:R1-7:R2$$$",-7.17400000,ok,,flexible
"PEPTIDE1{dF.P.Abu.Me_dL.meS.dP.meL}$PEPTIDE1,PEPTIDE1,1:R1-7:R2$$$",-6.30400000,ok,,flexible
"PEPTIDE1{Me_dA.meF.Me_dL.A.meL.dL.meF}$PEPTIDE1,PEPTIDE1,1:R1-7:R2$$$",-5.05500000,ok,,flexible
"PEPTIDE1{Mono6.F.T.meL.L.T.A}$PEPTIDE1,PEPTIDE1,1:R1-7:R2$$$",-6.15500000,ok,,flexible
"PEPTIDE1{P.meA.G.T.Pr_Gly.L.Ser(tBu)}$PEPTIDE1,PEPTIDE1,1:R1-7:R2$$$",-5.28900000,ok,,flexible
"PEPTIDE1{Mono6.Me_dL.meL.A.T.T.meF}$PEPTIDE1,PEPTIDE1,1:R1-7:R2$$$",-6.61700000,ok,,flexible
"PEPTIDE1{A.meF.meV.meL.L.meA.I}$PEPTIDE1,PEPTIDE1,1:R1-7:R2$$$",-5.51100000,ok,,flexible
"PEPTIDE1{Mono6.Me_dA.Me_dL.Me_dL.meA.T.Me_Phe(3-Cl)}$PEPTIDE1,PEPTIDE1,1:R1-7:R2$$$",-7.05500000,ok,,flexible
"PEPTIDE1{Me_dA.meA.L.T.V.dL.Me_dL}$PEPTIDE1,PEPTIDE1,1:R1-7:R2$$$",-5.28700000,ok,,flexible
"PEPTIDE1{Mono6.meA.Me_dA.A.L.Me_dL.V}$PEPTIDE1,PEPTIDE1,1:R1-7:R2$$$",-6.18800000,ok,,flexible
"PEPTIDE1{dF.meA.dL.V.meL.Ser(tBu).I}$PEPTIDE1,PEPTIDE1,1:R1-7:R2$$$",-5.37900000,ok,,flexible
"PEPTIDE1{L.A.meA.meF.Me_dL.T.P}$PEPTIDE1,PEPTIDE1,1:R1-7:R2$$$",-6.40700000,ok,,flexible
"PEPTIDE1{dA.meA.F.Me_dL.L.meL.Ser(tBu)}$PEPTIDE1,PEPTIDE1,1:R1-7:R2$$$",-5.28200000,ok,,flexible
"PEPTIDE1{Me_dA.meL.L.T.meA.dL.meF}$PEPTIDE1,PEPTIDE1,1:R1-7:R2$$$",-5.82100000,ok,,flexible
"PEPTIDE1{meA.Sar.Me_dL.L.meL.dV.dL}$PEPTIDE1,PEPTIDE1,1:R1-7:R2$$$",-5.22900000,ok,,flexible
"PEPTIDE1{Me_dA.meL.dL.pentyl_Gly.L.meF.Me_dL}$PEPTIDE1,PEPTIDE1,1:R1-7:R2$$$",-5.34200000,ok,,flexible
"PEPTIDE1{A.meA.V.L.meL.I.L}$PEPTIDE1,PEPTIDE1,1:R1-7:R2$$$",-5.50700000,ok,,flexible
"PEPTIDE1{Me_dA.V.I.F.meF.meA.T}$PEPTIDE1,PEPTIDE1,1:R1-7:R2$$$",-6.51400000,ok,,flexible
"PEPTIDE1{Me_Bal.dL.I.Ser(tBu).meL.A.meF}$PEPTIDE1,PEPTIDE1,1:R1-7:R2$$$",-5.69900000,ok,,flexible
"PEPTIDE1{meL.meA.V.T.meF.T.dV}$PEPTIDE1,PEPTIDE1,1:R1-7:R2$$$",-5.85200000,ok,,flexible
"PEPTIDE1{F.meS.L.Aoc(2).meL.dL.meF}$PEPTIDE1,PEPTIDE1,1:R1-7:R2$$$",-5.20800000,ok,,flexible
"PEPTIDE1{Me_Bal.meA.P.F.V.T.dP}$PEPTIDE1,PEPTIDE1,1:R1-7:R2$$$",-6.67400000,ok,,flexible
"PEPTIDE1{meL.3Pal.A.L.L.F.dL}$PEPTIDE1,PEPTIDE1,1:R1-7:R2$$$",-5.44900000,ok,,flexible
"PEPTIDE1{dA.L.dL.Sar.T.V.Ser(tBu)}$PEPTIDE1,PEPTIDE1,1:R1-7:R2$$$",-6.10100000,ok,,flexible
"PEPTIDE1{A.meS.L.G.V.Me_dL.meA}$PEPTIDE1,PEPTIDE1,1:R1-7:R2$$$",-5.69700000,ok,,flexible
"PEPTIDE1{A.Me_dL.meF.L.T.V.G}$PEPTIDE1,PEPTIDE1,1:R1-7:R2$$$",-6.41400000,ok,,flexible
"PEPTIDE1{Me_Bal.cHexCH2_Gly.dP.dL.P.T.meL}$PEPTIDE1,PEPTIDE1,1:R1-7:R2$$$",-6.40400000,ok,,flexible
"PEPTIDE1{Me_dA.meV.L.Me_Phe(3-Cl).meA.meL.V}$PEPTIDE1,PEPTIDE1,1:R1-7:R2$$$",-5.70700000,ok,,flexible
"PEPTIDE1{dA.A.I.Ser(tBu).L.Bn_Gly.meL}$PEPTIDE1,PEPTIDE1,1:R1-7:R2$$$",-5.98600000,ok,,flexible
"PEPTIDE1{meA.T.V.Me_dL.L.meF.Bn_Gly}$PEPTIDE1,PEPTIDE1,1:R1-7:R2$$$",-5.39100000,ok,,flexible
"PEPTIDE1{meL.T.L.Aoc(2).P.T.meA}$PEPTIDE1,PEPTIDE1,1:R1-7:R2$$$",-5.68100000,ok,,flexible
"PEPTIDE1{Me_Bal.A.L.meL.V.meA.I}$PEPTIDE1,PEPTIDE1,1:R1-7:R2$$$",-6.22000000,ok,,flexible
"PEPTIDE1{Me_Bal.meA.V.Me_dL.T.F.meF}$PEPTIDE1,PEPTIDE1,1:R1-7:R2$$$",-6.28000000,ok,,flexible
"PEPTIDE1{Me_dA.meL.T.meA.dL.meL.Ser(tBu)}$PEPTIDE1,PEPTIDE1,1:R1-7:R2$$$",-5.81500000,ok,,flexible
"PEPTIDE1{L.A.F.meF.T.I.meL}$PEPTIDE1,PEPTIDE1,1:R1-7:R2$$$",-5.54200000,ok,,flexible
"PEPTIDE1{meA.Abu.P.Me_dL.Me_dL.L.meL}$PEPTIDE1,PEPTIDE1,1:R1-7:R2$$$",-4.99500000,ok,,flexible
"PEPTIDE1{dF.L.Abu.P.meA.T.dL}$PEPTIDE1,PEPTIDE1,1:R1-7:R2$$$",-6.28900000,ok,,flexible
"PEPTIDE1{A.Me_dL.meL.I.Ser(tBu).meF.L}$PEPTIDE1,PEPTIDE1,1:R1-7:R2$$$",-5.12200000,ok,,flexible
"PEPTIDE1{Me_Bal.T.meL.L.I.Bn_Gly.meA}$PEPTIDE1,PEPTIDE1,1:R1-7:R2$$$",-5.83400000,ok,,flexible
"PEPTIDE1{Pr_Gly.A.I.A.P.meL.Ser(tBu)}$PEPTIDE1,PEPTIDE1,1:R1-7:R2$$$",-5.55800000,ok,,flexible
"PEPTIDE1{Me_Bal.meA.L.F.meF.T.Ser(tBu)}$PEPTIDE1,PEPTIDE1,1:R1-7:R2$$$",-6.58600000,ok,,flexible
"PEPTIDE1{A.meF.meS.meS.Ala(5-Tet).T.dV}$PEPTIDE1,PEPTIDE1,1:R1-7:R2$$$",-5.91700000,ok,,flexible
"PEPTIDE1{Me_dA.meL.dV.dL.F.L.P}$PEPTIDE1,PEPTIDE1,1:R1-7:R2$$$",-6.00300000,ok,,flexible
"PEPTIDE1{F.meL.Ala(5-Tet).meL.meS.A.Aoc(2)}$PEPTIDE1,PEPTIDE1,1:R1-7:R2$$$",-5.60200000,ok,,flexible
"PEPTIDE1{meA.meS.T.meL.A.Abu.T}$PEPTIDE1,PEPTIDE1,1:R1-7:R2$$$",-5.46100000,ok,,flexible
"PEPTIDE1{dF.L.meL.meA.Ser(tBu).F.V}$PEPTIDE1,PEPTIDE1,1:R1-7:R2$$$",-5.59700000,ok,,flexible
"PEPTIDE1{Me_Bal.F.dL.T.I.meL.Me_dL}$PEPTIDE1,PEPTIDE1,1:R1-7:R2$$$",-5.56800000,ok,,flexible
"PEPTIDE1{A.L.Aoc(2).meA.I.dL.Me_dL}$PEPTIDE1,PEPTIDE1,1:R1-7:R2$$$",-5.00600000,ok,,flexible
"PEPTIDE1{dF.meS.dP.P.Me_dL.meA.dA}$PEPTIDE1,PEPTIDE1,1:R1-7:R2$$$",-6.53900000,ok,,flexible
"PEPTIDE1{meA.L.meL.Bn_Gly.T.A.Ser(tBu)}$PEPTIDE1,PEPTIDE1,1:R1-7:R2$$$",-5.80000000,ok,,flexible
"PEPTIDE1{Pr_Gly.meA.meF.T.A.dL.V}$PEPTIDE1,PEPTIDE1,1:R1-7:R2$$$",-6.20000000,ok,,flexible
"PEPTIDE1{A.meA.T.meL.Ser(tBu).P.dV}$PEPTIDE1,PEPTIDE1,1:R1-7:R2$$$",-5.90900000,ok,,flexible
"PEPTIDE1{Sar.P.meF.meL.T.V.meA}$PEPTIDE1,PEPTIDE1,1:R1-7:R2$$$",-6.02100000,ok,,flexible
"PEPTIDE1{Me_dA.L.meL.meA.A.Me_dL.dP}$PEPTIDE1,PEPTIDE1,1:R1-7:R2$$$",-5.91600000,ok,,flexible
"PEPTIDE1{meA.meL.T.Sar.F.dV.T}$PEPTIDE1,PEPTIDE1,1:R1-7:R2$$$",-6.46800000,ok,,flexible
"PEPTIDE1{dA.F.meL.meA.A.T.meF}$PEPTIDE1,PEPTIDE1,1:R1-7:R2$$$",-7.14900000,ok,,flexible
"PEPTIDE1{Me_dA.meA.T.A.meL.meS.Aoc(2)}$PEPTIDE1,PEPTIDE1,1:R1-7:R2$$$",-5.40100000,ok,,flexible
"PEPTIDE1{meA.I.P.L.dL.meL.L}$PEPTIDE1,PEPTIDE1,1:R1-7:R2$$$",-5.65300000,ok,,flexible
"PEPTIDE1{meL.dP.meS.Abu.Abu.dL.Me_dL}$PEPTIDE1,PEPTIDE1,1:R1-7:R2$$$",-5.31100000,ok,,flexible
"PEPTIDE1{dV.T.V.meF.meL.meV.P}$PEPTIDE1,PEPTIDE1,1:R1-7:R2$$$",-5.82200000,ok,,flexible
"PEPTIDE1{Sar.A.Me_dA.Pr_Gly.meL.L.V}$PEPTIDE1,PEPTIDE1,1:R1-7:R2$$$",-5.51300000,ok,,flexible
"PEPTIDE1{dA.dL.meL.dP.F.meF.V}$PEPTIDE1,PEPTIDE1,1:R1-7:R2$$$",-6.10500000,ok,,flexible
"PEPTIDE1{meA.T.meF.I.L.A.Me_dL}$PEPTIDE1,PEPTIDE1,1:R1-7:R2$$$",-5.70800000,ok,,flexible
"PEPTIDE1{Mono6.V.Ser(tBu).meL.meA.P.T}$PEPTIDE1,PEPTIDE1,1:R1-7:R2$$$",-6.40000000,ok,,flexible
"PEPTIDE1{dV.L.T.T.Mono78.F.L}$PEPTIDE1,PEPTIDE1,1:R1-7:R2$$$",-6.18900000,ok,,flexible
"PEPTIDE1{meA.pentyl_Gly.P.meL.L.dL.T}$PEPTIDE1,PEPTIDE1,1:R1-7:R2$$$",-5.31000000,ok,,flexible
"PEPTIDE1{dA.dF.L.meL.meA.meV.Me_dA}$PEPTIDE1,PEPTIDE1,1:R1-7:R2$$$",-6.82300000,ok,,flexible
"PEPTIDE1{dA.meF.meL.L.T.meV.meI}$PEPTIDE1,PEPTIDE1,1:R1-7:R2$$$",-5.16900000,ok,,flexible
"PEPTIDE1{dV.Sar.Ser(tBu).meA.L.meF.T}$PEPTIDE1,PEPTIDE1,1:R1-7:R2$$$",-6.61300000,ok,,flexible
"PEPTIDE1{Me_Bal.Mono38.L.meL.I.Ser(tBu).P}$PEPTIDE1,PEPTIDE1,1:R1-7:R2$$$",-5.04900000,ok,,flexible
"PEPTIDE1{dV.meA.meL.T.meL.meF.P}$PEPTIDE1,PEPTIDE1,1:R1-7:R2$$$",-5.85600000,ok,,flexible
"PEPTIDE1{meA.dV.I.T.meL.meF.Ser(tBu)}$PEPTIDE1,PEPTIDE1,1:R1-7:R2$$$",-5.29400000,ok,,flexible
"PEPTIDE1{dV.T.L.dP.dL.meS.meF}$PEPTIDE1,PEPTIDE1,1:R1-7:R2$$$",-6.39300000,ok,,flexible
"PEPTIDE1{Me_dA.F.meA.L.dL.V.meL}$PEPTIDE1,PEPTIDE1,1:R1-7:R2$$$",-6.73200000,ok,,flexible
"PEPTIDE1{Me_dA.I.G.A.Ser(tBu).meL.meA}$PEPTIDE1,PEPTIDE1,1:R1-7:R2$$$",-6.31400000,ok,,flexible
"PEPTIDE1{F.meA.Pr_Gly.Pr_Gly.L.Bn_Gly.Me_dL}$PEPTIDE1,PEPTIDE1,1:R1-7:R2$$$",-5.16600000,ok,,flexible
"PEPTIDE1{Me_Bal.L.T.dP.I.V.Aib}$PEPTIDE1,PEPTIDE1,1:R1-7:R2$$$",-5.77200000,ok,,flexible
"PEPTIDE1{Me_dA.T.meF.V.Me_dL.L.Me_dL}$PEPTIDE1,PEPTIDE1,1:R1-7:R2$$$",-5.43600000,ok,,flexible
"PEPTIDE1{A.G.meL.meF.I.T.V}$PEPTIDE1,PEPTIDE1,1:R1-7:R2$$$",-5.76500000,ok,,flexible
"PEPTIDE1{Me_dA.meF.meA.L.T.meL.F}$PEPTIDE1,PEPTIDE1,1:R1-7:R2$$$",-6.26000000,ok,,flexible
"PEPTIDE1{meL.T.P.Me_dA.Me_dL.meF.L}$PEPTIDE1,PEPTIDE1,1:R1-7:R2$$$",-6.57600000,ok,,flexible
"PEPTIDE1{dV.dP.meL.T.L.T.Ser(tBu)}$PEPTIDE1,PEPTIDE1,1:R1-7:R2$$$",-5.46600000,ok,,flexible
"PEPTIDE1{Sar.L.T.dL.V.I.meL}$PEPTIDE1,PEPTIDE1,1:R1-7:R2$$$",-5.51800000,ok,,flexible
"PEPTIDE1{A.meA.T.V.meL.dL.Me_dL}$PEPTIDE1,PEPTIDE1,1:R1-7:R2$$$",-5.24700000,ok,,flexible
"PEPTIDE1{A.P.dL.meL.Me_dL.I.L}$PEPTIDE1,PEPTIDE1,1:R1-7:R2$$$",-5.21100000,ok,,flexible
"PEPTIDE1{meA.L.Me_dL.F.V.G.T}$PEPTIDE1,PEPTIDE1,1:R1-7:R2$$$",-6.26700000,ok,,flexible
"PEPTIDE1{Me_dA.T.F.meL.Ser(tBu).meV.L}$PEPTIDE1,PEPTIDE1,1:R1-7:R2$$$",-5.19000000,ok,,flexible
"PEPTIDE1{Me_dA.Pr_Gly.V.meF.L.meA.G}$PEPTIDE1,PEPTIDE1,1:R1-7:R2$$$",-6.38000000,ok,,flexible
"PEPTIDE1{dF.L.I.Ser(tBu).I.meF.meL}$PEPTIDE1,PEPTIDE1,1:R1-7:R2$$$",-5.47400000,ok,,flexible
"PEPTIDE1{dF.T.meS.meL.meF.L.meL}$PEPTIDE1,PEPTIDE1,1:R1-7:R2$$$",-4.96600000,ok,,flexible
"PEPTIDE1{Mono6.Mono38.A.T.L.meL.meL}$PEPTIDE1,PEPTIDE1,1:R1-7:R2$$$",-5.89300000,ok,,flexible
"PEPTIDE1{F.T.meL.Bn_Gly.L.L.A}$PEPTIDE1,PEPTIDE1,1:R1-7:R2$$$",-5.69000000,ok,,flexible
"PEPTIDE1{dA.A.I.F.meA.Ser(tBu).L}$PEPTIDE1,PEPTIDE1,1:R1-7:R2$$$",-5.80900000,ok,,flexible
"PEPTIDE1{Sar.T.T.meL.A.dL.Ser(tBu)}$PEPTIDE1,PEPTIDE1,1:R1-7:R2$$$",-5.43000000,ok,,flexible
"PEPTIDE1{dA.meS.L.I.Abu.V.Me_dL}$PEPTIDE1,PEPTIDE1,1:R1-7:R2$$$",-5.46900000,ok,,flexible
"PEPTIDE1{Mono6.F.T.Me_dL.A.meA.L}$PEPTIDE1,PEPTIDE1,1:R1-7:R2$$$",-5.69500000,ok,,flexible
"PEPTIDE1{Me_dA.T.Me_dL.L.L.meA.F}$PEPTIDE1,PEPTIDE1,1:R1-7:R2$$$",-5.66800000,ok,,flexible
"PEPTIDE1{Me_Bal.A.L.V.meL.I.T}$PEPTIDE1,PEPTIDE1,1:R1-7:R2$$$",-5.24600000,ok,,flexible
"PEPTIDE1{meA.T.A.meF.dL.P.I}$PEPTIDE1,PEPTIDE1,1:R1-7:R2$$$",-6.22800000,ok,,flexible
"PEPTIDE1{meL.Aoc(2).L.V.Me_dL.T.A}$PEPTIDE1,PEPTIDE1,1:R1-7:R2$$$",-4.93500000,ok,,flexible
"PEPTIDE1{Me_Bal.V.meA.meL.dL.Me_dL.dV}$PEPTIDE1,PEPTIDE1,1:R1-7:R2$$$",-5.36700000,ok,,flexible
"PEPTIDE1{Me_Bal.L.T.Me_dL.F.G.V}$PEPTIDE1,PEPTIDE1,1:R1-7:R2$$$",-6.02900000,ok,,flexible
"PEPTIDE1{meL.T.meS.meF.L.T.A}$PEPTIDE1,PEPTIDE1,1:R1-7:R2$$$",-5.35600000,ok,,flexible
"PEPTIDE1{Me_dA.meL.meA.L.Ala(5-Tet).I.meF}$PEPTIDE1,PEPTIDE1,1:R1-7:R2$$$",-6.03700000,ok,,flexible
"PEPTIDE1{L.Abu.Ala(5-Tet).V.P.3Pal.dL}$PEPTIDE1,PEPTIDE1,1:R1-7:R2$$$",-5.99900000,ok,,flexible
"PEPTIDE1{Pr_Gly.dL.cHexCH2_Gly.meL.meA.meF.V}$PEPTIDE1,PEPTIDE1,1:R1-7:R2$$$",-5.42600000,ok,,flexible
"PEPTIDE1{A.L.T.meL.P.meA.T}$PEPTIDE1,PEPTIDE1,1:R1-7:R2$$$",-6.08500000,ok,,flexible
"PEPTIDE1{F.T.L.A.I.Ser(tBu).meA}$PEPTIDE1,PEPTIDE1,1:R1-7:R2$$$",-5.97200000,ok,,flexible
"PEPTIDE1{meA.A.dL.L.meF.F.meL}$PEPTIDE1,PEPTIDE1,1:R1-7:R2$$$",-5.34700000,ok,,flexible
"PEPTIDE1{dA.T.meA.F.dL.meF.Me_dA}$PEPTIDE1,PEPTIDE1,1:R1-7:R2$$$",-6.69200000,ok,,flexible
"PEPTIDE1{F.dP.P.L.T.Me_dL.meL}$PEPTIDE1,PEPTIDE1,1:R1-7:R2$$$",-5.97800000,ok,,flexible
"PEPTIDE1{dV.dP.L.A.P.meF.F}$PEPTIDE1,PEPTIDE1,1:R1-7:R2$$$",-6.06700000,ok,,flexible
"PEPTIDE1{meA.F.dP.L.A.T.P}$PEPTIDE1,PEPTIDE1,1:R1-7:R2$$$",-6.42900000,ok,,flexible
"PEPTIDE1{meA.P.T.meF.A.I.L}$PEPTIDE1,PEPTIDE1,1:R1-7:R2$$$",-6.67700000,ok,,flexible
"PEPTIDE1{F.meL.I.meF.T.L.V}$PEPTIDE1,PEPTIDE1,1:R1-7:R2$$$",-6.03800000,ok,,flexible
"PEPTIDE1{F.A.L.dL.T.Bn_Gly.meL}$PEPTIDE1,PEPTIDE1,1:R1-7:R2$$$",-5.59600000,ok,,flexible
"PEPTIDE1{meA.L.meL.Aoc(2).Et_Gly.dL.P}$PEPTIDE1,PEPTIDE1,1:R1-7:R2$$$",-5.59700000,ok,,flexible
"PEPTIDE1{Pr_Gly.T.Me_dL.meS.Abu.A.dL}$PEPTIDE1,PEPTIDE1,1:R1-7:R2$$$",-5.53000000,ok,,flexible
"PEPTIDE1{meA.G.dP.A.V.Me_dL.meF}$PEPTIDE1,PEPTIDE1,1:R1-7:R2$$$",-6.40800000,ok,,flexible
"PEPTIDE1{Me_dA.A.dL.meL.P.dP.meA}$PEPTIDE1,PEPTIDE1,1:R1-7:R2$$$",-6.53300000,ok,,flexible
"PEPTIDE1{Me_Bal.I.meV.V.meF.meA.Me_dL}$PEPTIDE1,PEPTIDE1,1:R1-7:R2$$$",-6.04100000,ok,,flexible
"PEPTIDE1{Me_dA.Pr_Gly.Me_dL.dL.meL.dP.meF}$PEPTIDE1,PEPTIDE1,1:R1-7:R2$$$",-5.95900000,ok,,flexible
"PEPTIDE1{dV.Pr_Gly.L.A.T.I.Me_dA}$PEPTIDE1,PEPTIDE1,1:R1-7:R2$$$",-6.07700000,ok,,flexible
"PEPTIDE1{Me_Bal.T.Me_dL.meL.L.meF.V}$PEPTIDE1,PEPTIDE1,1:R1-7:R2$$$",-6.09800000,ok,,flexible
"PEPTIDE1{Me_dA.L.meL.meA.Me_dL.V.Me_Phe(3-Cl)}$PEPTIDE1,PEPTIDE1,1:R1-7:R2$$$",-6.31200000,ok,,flexible
"PEPTIDE1{dV.I.Me_dA.T.meA.L.F}$PEPTIDE1,PEPTIDE1,1:R1-7:R2$$$",-5.98300000,ok,,flexible
"PEPTIDE1{Me_dA.F.dL.Ser(tBu).V.meL.G}$PEPTIDE1,PEPTIDE1,1:R1-7:R2$$$",-5.66300000,ok,,flexible
"PEPTIDE1{meL.L.T.A.meA.Mono7.meF}$PEPTIDE1,PEPTIDE1,1:R1-7:R2$$$",-6.38800000,ok,,flexible
"PEPTIDE1{dA.meA.meL.Me_dL.L.A.meV}$PEPTIDE1,PEPTIDE1,1:R1-7:R2$$$",-6.40900000,ok,,flexible
"PEPTIDE1{F.I.T.meL.L.meF.dL}$PEPTIDE1,PEPTIDE1,1:R1-7:R2$$$",-5.87400000,ok,,flexible
"PEPTIDE1{A.P.meA.L.Me_dL.meF.T}$PEPTIDE1,PEPTIDE1,1:R1-7:R2$$$",-5.64400000,ok,,flexible
"PEPTIDE1{L.A.T.meA.Me_dL.meF.V}$PEPTIDE1,PEPTIDE1,1:R1-7:R2$$$",-6.11900000,ok,,flexible
"PEPTIDE1{A.meL.meF.F.T.dL.L}$PEPTIDE1,PEPTIDE1,1:R1-7:R2$$$",-5.86000000,ok,,flexible
"PEPTIDE1{dV.meF.T.meS.Abu.dL.Phe(4-CF3)}$PEPTIDE1,PEPTIDE1,1:R1-7:R2$$$",-5.86800000,ok,,flexible
"PEPTIDE1{Mono6.Me_dL.T.T.pentyl_Gly.V.Me_dA}$PEPTIDE1,PEPTIDE1,1:R1-7:R2$$$",-5.62900000,ok,,flexible
"PEPTIDE1{meA.meL.Me_dL.T.meL.dL.meF}$PEPTIDE1,PEPTIDE1,1:R1-7:R2$$$",-5.78700000,ok,,flexible
"PEPTIDE1{dF.Abu.Aoc(2).Sar.Ser(tBu).T.dP}$PEPTIDE1,PEPTIDE1,1:R1-7:R2$$$",-5.83800000,ok,,flexible
"PEPTIDE1{Me_dA.Abu.A.T.L.meL.dP}$PEPTIDE1,PEPTIDE1,1:R1-7:R2$$$",-5.82600000,ok,,flexible
"PEPTIDE1{L.T.meL.meS.L.Ala(5-Tet).Aoc(2)}$PEPTIDE1,PEPTIDE1,1:R1-7:R2$$$",-5.12400000,ok,,flexible
"PEPTIDE1{dA.meL.meL.meA.G.L.meF}$PEPTIDE1,PEPTIDE1,1:R1-7:R2$$$",-5.48700000,ok,,flexible
"PEPTIDE1{Me_dA.meL.L.T.Me_dL.A.G}$PEPTIDE1,PEPTIDE1,1:R1-7:R2$$$",-5.74800000,ok,,flexible
"PEPTIDE1{meA.I.meL.Me_dL.dL.V.L}$PEPTIDE1,PEPTIDE1,1:R1-7:R2$$$",-4.78400000,ok,,flexible
"PEPTIDE1{dA.Me_dL.T.meL.V.A.I}$PEPTIDE1,PEPTIDE1,1:R1-7:R2$$$",-5.68600000,ok,,flexible
"PEPTIDE1{P.meL.F.dL.T.L.Me_Phe(3-Cl)}$PEPTIDE1,PEPTIDE1,1:R1-7:R2$$$",-5.34900000,ok,,flexible
"PEPTIDE1{dV.Sar.meA.T.V.L.Ser(tBu)}$PEPTIDE1,PEPTIDE1,1:R1-7:R2$$$",-5.83300000,ok,,flexible
"PEPTIDE1{meL.pentyl_Gly.cHexCH2_Gly.L.T.dL.L}$PEPTIDE1,PEPTIDE1,1:R1-7:R2$$$",-5.44300000,ok,,flexible
"PEPTIDE1{Mono6.meS.Aoc(2).T.F.meA.meL}$PEPTIDE1,PEPTIDE1,1:R1-7:R2$$$",-5.45200000,ok,,flexible
"PEPTIDE1{Me_dA.meA.L.Me_dL.dL.meL.meF}$PEPTIDE1,PEPTIDE1,1:R1-7:R2$$$",-5.74500000,ok,,flexible
"PEPTIDE1{meA.T.Me_dL.A.meS.Ala(5-Tet).meF}$PEPTIDE1,PEPTIDE1,1:R1-7:R2$$$",-6.63800000,ok,,flexible
"PEPTIDE1{meA.A.meL.meF.L.T.Sar}$PEPTIDE1,PEPTIDE1,1:R1-7:R2$$$",-6.80800000,ok,,flexible
"PEPTIDE1{meA.meS.T.Ala(5-Tet).Abu.meF.dA}$PEPTIDE1,PEPTIDE1,1:R1-7:R2$$$",-6.15900000,ok,,flexible
"PEPTIDE1{A.meL.meF.P.meA.V.T}$PEPTIDE1,PEPTIDE1,1:R1-7:R2$$$",-6.48700000,ok,,flexible
"PEPTIDE1{meA.L.meL.meL.meF.F.P}$PEPTIDE1,PEPTIDE1,1:R1-7:R2$$$",-5.51300000,ok,,flexible
"PEPTIDE1{A.meL.Me_dL.Ser(tBu).F.T.meF}$PEPTIDE1,PEPTIDE1,1:R1-7:R2$$$",-5.74100000,ok,,flexible
"PEPTIDE1{dA.T.A.meL.Ser(tBu).dP.dL}$PEPTIDE1,PEPTIDE1,1:R1-7:R2$$$",-5.37700000,ok,,flexible
"PEPTIDE1{Me_Bal.meA.T.dL.V.L.A}$PEPTIDE1,PEPTIDE1,1:R1-7:R2$$$",-5.87400000,ok,,flexible
"PEPTIDE1{meL.L.meA.Ala(5-Tet).Aoc(2).T.dL}$PEPTIDE1,PEPTIDE1,1:R1-7:R2$$$",-5.24000000,ok,,flexible
"PEPTIDE1{Pr_Gly.meL.L.meF.A.meL.T}$PEPTIDE1,PEPTIDE1,1:R1-7:R2$$$",-5.17700000,ok,,flexible
"PEPTIDE1{A.Pr_Gly.L.V.F.meF.L}$PEPTIDE1,PEPTIDE1,1:R1-7:R2$$$",-5.38900000,ok,,flexible
"PEPTIDE1{meA.meF.meL.A.L.dL.Ser(tBu)}$PEPTIDE1,PEPTIDE1,1:R1-7:R2$$$",-4.96300000,ok,,flexible
"PEPTIDE1{F.Me_dL.dL.meF.T.T.pentyl_Gly}$PEPTIDE1,PEPTIDE1,1:R1-7:R2$$$",-4.98200000,ok,,flexible
"PEPTIDE1{meL.meA.meF.dA.A.L.F}$PEPTIDE1,PEPTIDE1,1:R1-7:R2$$$",-5.81800000,ok,,flexible
"PEPTIDE1{dA.P.meL.Me_dL.L.I.L}$PEPTIDE1,PEPTIDE1,1:R1-7:R2$$$",-5.42000000,ok,,flexible
"PEPTIDE1{Me_dA.Ser(tBu).meL.meA.meL.L.L}$PEPTIDE1,PEPTIDE1,1:R1-7:R2$$$",-5.35200000,ok,,flexible
"PEPTIDE1{A.Me_dA.G.L.dA.Me_dL.meA}$PEPTIDE1,PEPTIDE1,1:R1-7:R2$$$",-6.47800000,ok,,flexible
"PEPTIDE1{Sar.dL.F.meL.A.meL.T}$PEPTIDE1,PEPTIDE1,1:R1-7:R2$$$",-6.00800000,ok,,flexible
"PEPTIDE1{Me_Bal.Me_dL.dL.Me_dL.meL.V.dA}$PEPTIDE1,PEPTIDE1,1:R1-7:R2$$$",-5.61500000,ok,,flexible
"PEPTIDE1{Me_dA.meS.A.dA.meF.F.T}$PEPTIDE1,PEPTIDE1,1:R1-7:R2$$$",-6.06900000,ok,,flexible
"PEPTIDE1{Me_dA.meL.meS.A.Me_dL.T.I}$PEPTIDE1,PEPTIDE1,1:R1-7:R2$$$",-5.65800000,ok,,flexible
"PEPTIDE1{dV.Me_dL.T.A.meV.meL.G}$PEPTIDE1,PEPTIDE1,1:R1-7:R2$$$",-6.14000000,ok,,flexible
"PEPTIDE1{meA.dL.meL.meF.T.Sar.L}$PEPTIDE1,PEPTIDE1,1:R1-7:R2$$$",-5.72100000,ok,,flexible
"PEPTIDE1{meA.dL.G.L.P.F.T}$PEPTIDE1,PEPTIDE1,1:R1-7:R2$$$",-6.30400000,ok,,flexible
"PEPTIDE1{meL.T.Abu.dL.Me_dL.V.meA}$PEPTIDE1,PEPTIDE1,1:R1-7:R2$$$",-5.64800000,ok,,flexible
"PEPTIDE1{A.P.meL.F.V.Pr_Gly.dL}$PEPTIDE1,PEPTIDE1,1:R1-7:R2$$$",-5.35000000,ok,,flexible
"PEPTIDE1{dV.meL.L.A.dP.P.T}$PEPTIDE1,PEPTIDE1,1:R1-7:R2$$$",-6.18200000,ok,,flexible
"PEPTIDE1{meA.Pr_Gly.L.meV.I.G.A}$PEPTIDE1,PEPTIDE1,1:R1-7:R2$$$",-5.88400000,ok,,flexible
"PEPTIDE1{Me_dA.A.meF.T.meL.F.dL}$PEPTIDE1,PEPTIDE1,1:R1-7:R2$$$",-5.28900000,ok,,flexible
"PEPTIDE1{Me_Bal.meL.Pr_Gly.Me_dL.T.dL.Me_dA}$PEPTIDE1,PEPTIDE1,1:R1-7:R2$$$",-6.13200000,ok,,flexible
"PEPTIDE1{Pr_Gly.meL.Me_Phe(3-Cl).V.meL.L.meV}$PEPTIDE1,PEPTIDE1,1:R1-7:R2$$$",-5.03800000,ok,,flexible
"PEPTIDE1{meA.L.dL.P.meI.meF.T}$PEPTIDE1,PEPTIDE1,1:R1-7:R2$$$",-5.52400000,ok,,flexible
"PEPTIDE1{dA.cHexCH2_Gly.meF.meL.Ser(tBu).meA.T}$PEPTIDE1,PEPTIDE1,1:R1-7:R2$$$",-5.79900000,ok,,flexible
"PEPTIDE1{F.A.meL.L.Ser(tBu).G.Me_Phe(3-Cl)}$PEPTIDE1,PEPTIDE1,1:R1-7:R2$$$",-5.62700000,ok,,flexible
"PEPTIDE1{Mono6.meA.F.dL.A.P.L}$PEPTIDE1,PEPTIDE1,1:R1-7:R2$$$",-6.09400000,ok,,flexible
"PEPTIDE1{F.cHexCH2_Gly.A.Mono38.dL.meF.L}$PEPTIDE1,PEPTIDE1,1:R1-7:R2$$$",-6.27900000,ok,,flexible
"PEPTIDE1{meA.dP.P.Ser(tBu).meL.L.V}$PEPTIDE1,PEPTIDE1,1:R1-7:R2$$$",-6.00400000,ok,,flexible
"PEPTIDE1{dV.cHexCH2_Gly.L.T.I.Aoc(2).P}$PEPTIDE1,PEPTIDE1,1:R1-7:R2$$$",-5.31500000,ok,,flexible
"PEPTIDE1{dA.F.I.T.L.Me_dL.meA}$PEPTIDE1,PEPTIDE1,1:R1-7:R2$$$",-5.72600000,ok,,flexible
"PEPTIDE1{dV.T.I.meA.A.Me_dL.L}$PEPTIDE1,PEPTIDE1,1:R1-7:R2$$$",-5.32900000,ok,,flexible
"PEPTIDE1{meA.L.Mono38.A.meL.F.I}$PEPTIDE1,PEPTIDE1,1:R1-7:R2$$$",-5.66800000,ok,,flexible
"PEPTIDE1{L.meF.T.P.L.I.Bn_Gly}$PEPTIDE1,PEPTIDE1,1:R1-7:R2$$$",-6.23100000,ok,,flexible
"PEPTIDE1{Me_Bal.L.dP.A.meF.Sar.Ala(5-Tet)}$PEPTIDE1,PEPTIDE1,1:R1-7:R2$$$",-6.87600000,ok,,flexible
"PEPTIDE1{dA.L.T.meL.dL.I.meA}$PEPTIDE1,PEPTIDE1,1:R1-7:R2$$$",-5.88200000,ok,,flexible
"PEPTIDE1{Mono6.L.meA.dL.meL.I.L}$PEPTIDE1,PEPTIDE1,1:R1-7:R2$$$",-5.32600000,ok,,flexible
"PEPTIDE1{meL.A.V.T.Aoc(2).L.Abu}$PEPTIDE1,PEPTIDE1,1:R1-7:R2$$$",-5.10700000,ok,,flexible
"PEPTIDE1{L.meA.meL.meF.T.meL.I}$PEPTIDE1,PEPTIDE1,1:R1-7:R2$$$",-5.43100000,ok,,flexible
"PEPTIDE1{F.A.Mono84.Ser(tBu).I.pentyl_Gly.L}$PEPTIDE1,PEPTIDE1,1:R1-7:R2$$$",-5.46000000,ok,,flexible
"PEPTIDE1{dV.Abu.T.P.dP.meL.A}$PEPTIDE1,PEPTIDE1,1:R1-7:R2$$$",-5.69000000,ok,,flexible
"PEPTIDE1{meA.meL.meL.I.G.L.P}$PEPTIDE1,PEPTIDE1,1:R1-7:R2$$$",-5.84700000,ok,,flexible
"PEPTIDE1{meA.L.meF.Pr_Gly.dL.Me_dL.meL}$PEPTIDE1,PEPTIDE1,1:R1-7:R2$$$",-5.09500000,ok,,flexible
"PEPTIDE1{Pr_Gly.L.dL.T.I.Ser(tBu).P}$PEPTIDE1,PEPTIDE1,1:R1-7:R2$$$",-5.04200000,ok,,flexible
"PEPTIDE1{F.L.dL.Ser(tBu).Me_dL.A.T}$PEPTIDE1,PEPTIDE1,1:R1-7:R2$$$",-5.06400000,ok,,flexible
"PEPTIDE1{F.meL.L.T.meL.I.dL}$PEPTIDE1,PEPTIDE1,1:R1-7:R2$$$",-5.18300000,ok,,flexible
"PEPTIDE1{meL.F.Sar.T.meA.A.L}$PEPTIDE1,PEPTIDE1,1:R1-7:R2$$$",-5.84300000,ok,,flexible
"PEPTIDE1{Mono6.T.meV.meL.meA.I.L}$PEPTIDE1,PEPTIDE1,1:R1-7:R2$$$",-5.51000000,ok,,flexible
"PEPTIDE1{meA.Pr_Gly.dL.Me_dA.Sar.meL.L}$PEPTIDE1,PEPTIDE1,1:R1-7:R2$$$",-5.74000000,ok,,flexible
"PEPTIDE1{Me_Bal.Me_Phe(3-Cl).F.meL.T.dL.meA}$PEPTIDE1,PEPTIDE1,1:R1-7:R2$$$",-5.81600000,ok,,flexible
"PEPTIDE1{meA.meF.dA.A.Me_dL.dL.F}$PEPTIDE1,PEPTIDE1,1:R1-7:R2$$$",-6.39400000,ok,,flexible
"PEPTIDE1{L.P.meF.Me_dA.meA.V.dP}$PEPTIDE1,PEPTIDE1,1:R1-7:R2$$$",-6.30000000,ok,,flexible
"PEPTIDE1{Sar.meA.I.meL.meL.A.meF}$PEPTIDE1,PEPTIDE1,1:R1-7:R2$$$",-6.16100000,ok,,flexible
"PEPTIDE1{Mono6.F.L.Me_dA.dL.meL.P}$PEPTIDE1,PEPTIDE1,1:R1-7:R2$$$",-6.48800000,ok,,flexible
"PEPTIDE1{meA.dP.T.G.A.L.I}$PEPTIDE1,PEPTIDE1,1:R1-7:R2$$$",-6.68800000,ok,,flexible
"PEPTIDE1{L.A.meL.P.L.I.Me_Phe(3-Cl)}$PEPTIDE1,PEPTIDE1,1:R1-7:R2$$$",-6.12600000,ok,,flexible
"PEPTIDE1{dV.meA.Me_dL.meL.F.A.P}$PEPTIDE1,PEPTIDE1,1:R1-7:R2$$$",-6.24900000,ok,,flexible
"PEPTIDE1{dF.T.Me_dL.I.A.meF.dL}$PEPTIDE1,PEPTIDE1,1:R1-7:R2$$$",-6.28700000,ok,,flexible
"PEPTIDE1{L.Sar.meL.F.Me_dL.V.T}$PEPTIDE1,PEPTIDE1,1:R1-7:R2$$$",-5.72400000,ok,,flexible
"PEPTIDE1{meA.F.T.L.Sar.Ser(tBu).P}$PEPTIDE1,PEPTIDE1,1:R1-7:R2$$$",-5.86800000,ok,,flexible
"PEPTIDE1{meA.P.meL.Me_dL.meS.A.P}$PEPTIDE1,PEPTIDE1,1:R1-7:R2$$$",-6.62700000,ok,,flexible
"PEPTIDE1{meA.L.G.A.dL.meF.Me_Phe(3-Cl)}$PEPTIDE1,PEPTIDE1,1:R1-7:R2$$$",-7.93000000,ok,,flexible
"PEPTIDE1{A.P.T.L.meA.meL.Me_dL}$PEPTIDE1,PEPTIDE1,1:R1-7:R2$$$",-6.02400000,ok,,flexible
"PEPTIDE1{dA.Me_dL.T.meL.L.D.Ala(5-Tet)}$PEPTIDE1,PEPTIDE1,1:R1-7:R2$$$",-6.25100000,ok,,flexible
"PEPTIDE1{meA.pentyl_Gly.L.I.meL.meF.Ser(tBu)}$PEPTIDE1,PEPTIDE1,1:R1-7:R2$$$",-4.91400000,ok,,flexible
"PEPTIDE1{Mono6.Abu.meF.meL.I.L.meA}$PEPTIDE1,PEPTIDE1,1:R1-7:R2$$$",-6.22600000,ok,,flexible
"PEPTIDE1{meA.meL.T.L.dL.Me_dL.V}$PEPTIDE1,PEPTIDE1,1:R1-7:R2$$$",-6.17400000,ok,,flexible
"PEPTIDE1{P.Me_dL.Ser(tBu).meL.A.meF.meA}$PEPTIDE1,PEPTIDE1,1:R1-7:R2$$$",-5.95400000,ok,,flexible
"PEPTIDE1{meA.A.meL.meL.L.G.dL}$PEPTIDE1,PEPTIDE1,1:R1-7:R2$$$",-5.80000000,ok,,flexible
"PEPTIDE1{L.T.meA.A.meL.meF.meL}$PEPTIDE1,PEPTIDE1,1:R1-7:R2$$$",-5.92800000,ok,,flexible
"PEPTIDE1{dA.meA.Me_dL.Pr_Gly.F.I.meL}$PEPTIDE1,PEPTIDE1,1:R1-7:R2$$$",-5.75400000,ok,,flexible
"PEPTIDE1{F.meL.meA.meL.dL.L.Me_dL}$PEPTIDE1,PEPTIDE1,1:R1-7:R2$$$",-5.45000000,ok,,flexible
"PEPTIDE1{P.V.dP.Me_dL.L.Me_dA.Me_dL}$PEPTIDE1,PEPTIDE1,1:R1-7:R2$$$",-6.05900000,ok,,flexible
"PEPTIDE1{Mono6.dF.A.L.meL.F.meF}$PEPTIDE1,PEPTIDE1,1:R1-7:R2$$$",-6.34200000,ok,,flexible
"PEPTIDE1{meL.meA.dL.P.meL.A.L}$PEPTIDE1,PEPTIDE1,1:R1-7:R2$$$",-5.83300000,ok,,flexible
"PEPTIDE1{A.Me_dA.meL.dL.meL.L.F}$PEPTIDE1,PEPTIDE1,1:R1-7:R2$$$",-5.93000000,ok,,flexible
"PEPTIDE1{Me_dA.Me_dL.T.L.meS.dP.A}$PEPTIDE1,PEPTIDE1,1:R1-7:R2$$$",-5.94300000,ok,,flexible
"PEPTIDE1{meA.meL.Me_dA.meF.V.Me_dL.P}$PEPTIDE1,PEPTIDE1,1:R1-7:R2$$$",-5.91100000,ok,,flexible
"PEPTIDE1{meA.P.A.L.Me_dA.Me_dL.meS}$PEPTIDE1,PEPTIDE1,1:R1-7:R2$$$",-6.04000000,ok,,flexible
"PEPTIDE1{F.G.Ser(tBu).I.L.L.Me_Phe(3-Cl)}$PEPTIDE1,PEPTIDE1,1:R1-7:R2$$$",-5.80400000,ok,,flexible
"PEPTIDE1{Me_dL.meS.meF.T.meL.dL.meA}$PEPTIDE1,PEPTIDE1,1:R1-7:R2$$$",-5.34600000,ok,,flexible
"PEPTIDE1{meA.V.T.F.L.Ser(tBu).I}$PEPTIDE1,PEPTIDE1,1:R1-7:R2$$$",-5.20600000,ok,,flexible
"PEPTIDE1{Me_Bal.Me_dL.meA.T.L.meV.A}$PEPTIDE1,PEPTIDE1,1:R1-7:R2$$$",-5.35700000,ok,,flexible
"PEPTIDE1{meA.cHexCH2_Gly.L.dL.L.T.meF}$PEPTIDE1,PEPTIDE1,1:R1-7:R2$$$",-6.04200000,ok,,flexible
"PEPTIDE1{Me_dA.A.meL.V.Me_dL.L.meL}$PEPTIDE1,PEPTIDE1,1:R1-7:R2$$$",-5.71600000,ok,,flexible
"PEPTIDE1{dA.A.meL.I.L.meA.Me_Phe(3-Cl)}$PEPTIDE1,PEPTIDE1,1:R1-7:R2$$$",-5.73400000,ok,,flexible
"PEPTIDE1{A.Me_dL.meA.I.meS.P.T}$PEPTIDE1,PEPTIDE1,1:R1-7:R2$$$",-5.61100000,ok,,flexible
"PEPTIDE1{dF.L.meS.A.meA.Aoc(2).dL}$PEPTIDE1,PEPTIDE1,1:R1-7:R2$$$",-4.95100000,ok,,flexible
"PEPTIDE1{dV.Sar.F.T.A.Me_dL.meA}$PEPTIDE1,PEPTIDE1,1:R1-7:R2$$$",-6.02000000,ok,,flexible
"PEPTIDE1{Pr_Gly.L.meA.Me_dL.F.V.T}$PEPTIDE1,PEPTIDE1,1:R1-7:R2$$$",-5.94600000,ok,,flexible
"PEPTIDE1{dF.cHexCH2_Gly.meL.L.T.Sar.dL}$PEPTIDE1,PEPTIDE1,1:R1-7:R2$$$",-5.14200000,ok,,flexible
"PEPTIDE1{A.P.meL.Me_dL.meA.L.T}$PEPTIDE1,PEPTIDE1,1:R1-7:R2$$$",-6.03400000,ok,,flexible
"PEPTIDE1{dP.meL.G.F.T.P.L}$PEPTIDE1,PEPTIDE1,1:R1-7:R2$$$",-6.57400000,ok,,flexible
"PEPTIDE1{meA.A.meL.L.Me_dL.I.meL}$PEPTIDE1,PEPTIDE1,1:R1-7:R2$$$",-4.97700000,ok,,flexible
"PEPTIDE1{dV.A.L.L.dL.I.I}$PEPTIDE1,PEPTIDE1,1:R1-7:R2$$$",-5.35300000,ok,,flexible
"PEPTIDE1{A.T.meF.Abu.P.meA.meL}$PEPTIDE1,PEPTIDE1,1:R1-7:R2$$$",-7.19400000,ok,,flexible
"PEPTIDE1{Me_dA.A.dL.G.meF.meL.Me_dL}$PEPTIDE1,PEPTIDE1,1:R1-7:R2$$$",-5.96800000,ok,,flexible
"PEPTIDE1{Me_dA.dP.A.meL.Me_dL.P.meA}$PEPTIDE1,PEPTIDE1,1:R1-7:R2$$$",-6.62600000,ok,,flexible
"PEPTIDE1{meA.meS.A.Aoc(2).L.dL.meF}$PEPTIDE1,PEPTIDE1,1:R1-7:R2$$$",-5.37000000,ok,,flexible
"PEPTIDE1{meL.Me_dL.A.T.dA.meS.T}$PEPTIDE1,PEPTIDE1,1:R1-7:R2$$$",-5.46100000,ok,,flexible
"PEPTIDE1{dA.A.meL.Bn_Gly.Me_dL.Ser(tBu).meA}$PEPTIDE1,PEPTIDE1,1:R1-7:R2$$$",-5.68200000,ok,,flexible
"PEPTIDE1{meL.G.Me_dL.meA.L.F.V}$PEPTIDE1,PEPTIDE1,1:R1-7:R2$$$",-5.60100000,ok,,flexible
"PEPTIDE1{dV.meS.meL.T.F.L.P}$PEPTIDE1,PEPTIDE1,1:R1-7:R2$$$",-5.33900000,ok,,flexible
"PEPTIDE1{Me_dA.Aib.meF.L.A.meL.dL}$PEPTIDE1,PEPTIDE1,1:R1-7:R2$$$",-5.87800000,ok,,flexible
"PEPTIDE1{meA.P.G.Sar.L.dL.V}$PEPTIDE1,PEPTIDE1,1:R1-7:R2$$$",-6.35800000,ok,,flexible
"PEPTIDE1{A.meL.meA.Me_dA.meF.Me_dL.L}$PEPTIDE1,PEPTIDE1,1:R1-7:R2$$$",-5.63300000,ok,,flexible
"PEPTIDE1{meA.F.I.T.V.T.L}$PEPTIDE1,PEPTIDE1,1:R1-7:R2$$$",-6.16600000,ok,,flexible
"PEPTIDE1{Pr_Gly.meL.T.meF.V.Me_dL.F}$PEPTIDE1,PEPTIDE1,1:R1-7:R2$$$",-6.42300000,ok,,flexible
"PEPTIDE1{meA.meL.meF.V.A.F.Me_dL}$PEPTIDE1,PEPTIDE1,1:R1-7:R2$$$",-6.05700000,ok,,flexible
"PEPTIDE1{Me_dA.T.meL.meI.I.L.V}$PEPTIDE1,PEPTIDE1,1:R1-7:R2$$$",-5.36400000,ok,,flexible
"PEPTIDE1{meA.Ala(5-Tet).F.V.L.Ser(tBu).Me_dL}$PEPTIDE1,PEPTIDE1,1:R1-7:R2$$$",-5.84700000,ok,,flexible
"PEPTIDE1{F.A.T.Me_dL.meL.Aoc(2).meF}$PEPTIDE1,PEPTIDE1,1:R1-7:R2$$$",-5.39200000,ok,,flexible
"PEPTIDE1{dA.F.A.meS.L.dL.Me_dL}$PEPTIDE1,PEPTIDE1,1:R1-7:R2$$$",-5.73200000,ok,,flexible
"PEPTIDE1{P.meL.Bn_Gly.Me_dL.F.I.Ser(tBu)}$PEPTIDE1,PEPTIDE1,1:R1-7:R2$$$",-4.81000000,ok,,flexible
"PEPTIDE1{Me_Bal.Pr_Gly.L.dL.T.meL.V}$PEPTIDE1,PEPTIDE1,1:R1-7:R2$$$",-5.25800000,ok,,flexible
"PEPTIDE1{dV.Pr_Gly.dP.meL.P.A.meA}$PEPTIDE1,PEPTIDE1,1:R1-7:R2$$$",-6.96300000,ok,,flexible
"PEPTIDE1{Mono6.meA.P.Me_dL.T.T.F}$PEPTIDE1,PEPTIDE1,1:R1-7:R2$$$",-6.21200000,ok,,flexible
"PEPTIDE1{dA.meA.A.L.L.I.F}$PEPTIDE1,PEPTIDE1,1:R1-7:R2$$$",-5.92700000,ok,,flexible
"PEPTIDE1{Me_Bal.F.meL.A.I.meA.meL}$PEPTIDE1,PEPTIDE1,1:R1-7:R2$$$",-5.88400000,ok,,flexible
"PEPTIDE1{A.F.meA.L.meF.Me_dL.meV}$PEPTIDE1,PEPTIDE1,1:R1-7:R2$$$",-5.94800000,ok,,flexible
"PEPTIDE1{L.A.L.dL.G.meA.Ser(tBu)}$PEPTIDE1,PEPTIDE1,1:R1-7:R2$$$",-5.65600000,ok,,flexible
"PEPTIDE1{meA.A.Me_dA.dA.T.meL.I}$PEPTIDE1,PEPTIDE1,1:R1-7:R2$$$",-6.12900000,ok,,flexible
"PEPTIDE1{Me_Bal.T.A.meL.L.P.F}$PEPTIDE1,PEPTIDE1,1:R1-7:R2$$$",-6.65600000,ok,,flexible
"PEPTIDE1{Mono6.meA.dL.Me_dL.T.Me_dA.meL}$PEPTIDE1,PEPTIDE1,1:R1-7:R2$$$",-6.52600000,ok,,flexible
"PEPTIDE1{Sar.meL.F.T.I.L.V}$PEPTIDE1,PEPTIDE1,1:R1-7:R2$$$",-5.74300000,ok,,flexible
"PEPTIDE1{A.L.P.F.meL.T.T}$PEPTIDE1,PEPTIDE1,1:R1-7:R2$$$",-6.84300000,ok,,flexible
"PEPTIDE1{Me_Bal.G.meL.dL.F.T.meA}$PEPTIDE1,PEPTIDE1,1:R1-7:R2$$$",-6.27500000,ok,,flexible
"PEPTIDE1{meA.T.meF.dF.Abu.T.Aoc(2)}$PEPTIDE1,PEPTIDE1,1:R1-7:R2$$$",-6.07900000,ok,,flexible
"PEPTIDE1{A.meA.meF.V.G.L.meL}$PEPTIDE1,PEPTIDE1,1:R1-7:R2$$$",-6.51000000,ok,,flexible
"PEPTIDE1{dP.Pr_Gly.meL.F.dL.meA.Me_dL}$PEPTIDE1,PEPTIDE1,1:R1-7:R2$$$",-5.86800000,ok,,flexible
"PEPTIDE1{dA.L.Sar.I.meL.meA.dL}$PEPTIDE1,PEPTIDE1,1:R1-7:R2$$$",-5.95100000,ok,,flexible
"PEPTIDE1{Sar.V.Mono86.meL.I.T.A}$PEPTIDE1,PEPTIDE1,1:R1-7:R2$$$",-5.75400000,ok,,flexible
"PEPTIDE1{A.L.meA.Me_dA.Me_dL.I.G}$PEPTIDE1,PEPTIDE1,1:R1-7:R2$$$",-6.20400000,ok,,flexible
"PEPTIDE1{L.T.meA.A.T.dL.dA}$PEPTIDE1,PEPTIDE1,1:R1-7:R2$$$",-5.80300000,ok,,flexible
"PEPTIDE1{Mono6.Aoc(2).meA.meL.T.Ala(5-Tet).L}$PEPTIDE1,PEPTIDE1,1:R1-7:R2$$$",-5.89400000,ok,,flexible
"PEPTIDE1{dV.dL.T.meS.Abu.L.meA}$PEPTIDE1,PEPTIDE1,1:R1-7:R2$$$",-5.88200000,ok,,flexible
"PEPTIDE1{meA.L.Bn_Gly.I.meL.dL.Me_dL}$PEPTIDE1,PEPTIDE1,1:R1-7:R2$$$",-5.19400000,ok,,flexible
"PEPTIDE1{meL.dL.meF.P.A.L.T}$PEPTIDE1,PEPTIDE1,1:R1-7:R2$$$",-5.83900000,ok,,flexible
"PEPTIDE1{Pr_Gly.meA.T.F.meL.T.L}$PEPTIDE1,PEPTIDE1,1:R1-7:R2$$$",-5.26500000,ok,,flexible
"PEPTIDE1{meL.F.Me_dL.I.V.Me_dA.A}$PEPTIDE1,PEPTIDE1,1:R1-7:R2$$$",-5.92400000,ok,,flexible
"PEPTIDE1{Me_Bal.F.Ser(tBu).L.A.L.meL}$PEPTIDE1,PEPTIDE1,1:R1-7:R2$$$",-5.64100000,ok,,flexible
"PEPTIDE1{Me_Bal.dP.P.cHexCH2_Gly.meL.L.meA}$PEPTIDE1,PEPTIDE1,1:R1-7:R2$$$",-6.14500000,ok,,flexible
"PEPTIDE1{meA.A.P.Me_dL.L.dL.meL}$PEPTIDE1,PEPTIDE1,1:R1-7:R2$$$",-5.77200000,ok,,flexible
"PEPTIDE1{A.Me_dA.Me_dL.L.T.P.meL}$PEPTIDE1,PEPTIDE1,1:R1-7:R2$$$",-5.92800000,ok,,flexible
"PEPTIDE1{A.T.Me_dL.meA.T.Ser(tBu).L}$PEPTIDE1,PEPTIDE1,1:R1-7:R2$$$",-5.21800000,ok,,flexible
"PEPTIDE1{dA.Pr_Gly.meA.meL.Me_dL.meF.Sar}$PEPTIDE1,PEPTIDE1,1:R1-7:R2$$$",-6.29400000,ok,,flexible
"PEPTIDE1{L.I.meA.meF.Sar.meL.Me_dL}$PEPTIDE1,PEPTIDE1,1:R1-7:R2$$$",-5.78800000,ok,,flexible
"PEPTIDE1{Pr_Gly.meL.L.F.A.dP.L}$PEPTIDE1,PEPTIDE1,1:R1-7:R2$$$",-5.38700000,ok,,flexible
"PEPTIDE1{dF.meL.I.L.T.Me_Phe(3-Cl).Sar}$PEPTIDE1,PEPTIDE1,1:R1-7:R2$$$",-6.54400000,ok,,flexible
"PEPTIDE1{dF.meS.T.L.T.Ala(5-Tet).P}$PEPTIDE1,PEPTIDE1,1:R1-7:R2$$$",-5.47500000,ok,,flexible
"PEPTIDE1{meA.Mono38.P.Mono78.I.dL.Bn_Gly}$PEPTIDE1,PEPTIDE1,1:R1-7:R2$$$",-6.26800000,ok,,flexible
"PEPTIDE1{Me_dA.meL.T.Aoc(2).meF.dP.meA}$PEPTIDE1,PEPTIDE1,1:R1-7:R2$$$",-6.21900000,ok,,flexible
"PEPTIDE1{Me_dA.Abu.Me_dL.T.meL.I.dL}$PEPTIDE1,PEPTIDE1,1:R1-7:R2$$$",-5.37600000,ok,,flexible
"PEPTIDE1{Me_dA.F.Ser(tBu).V.Me_dL.L.meF}$PEPTIDE1,PEPTIDE1,1:R1-7:R2$$$",-6.12100000,ok,,flexible
"PEPTIDE1{meL.Aoc(2).meS.Abu.A.L.meS}$PEPTIDE1,PEPTIDE1,1:R1-7:R2$$$",-5.35900000,ok,,flexible
"PEPTIDE1{dV.L.F.L.meL.Me_dL.T}$PEPTIDE1,PEPTIDE1,1:R1-7:R2$$$",-5.01400000,ok,,flexible
"PEPTIDE1{Me_dA.Pr_Gly.meL.meF.dL.meL.L}$PEPTIDE1,PEPTIDE1,1:R1-7:R2$$$",-5.65000000,ok,,flexible
"PEPTIDE1{A.dP.meA.F.Me_dL.L.T}$PEPTIDE1,PEPTIDE1,1:R1-7:R2$$$",-6.04600000,ok,,flexible
"PEPTIDE1{Pr_Gly.I.L.meA.L.dL.T}$PEPTIDE1,PEPTIDE1,1:R1-7:R2$$$",-5.60600000,ok,,flexible
"PEPTIDE1{dA.T.meF.L.I.meL.meL}$PEPTIDE1,PEPTIDE1,1:R1-7:R2$$$",-5.80500000,ok,,flexible
"PEPTIDE1{Sar.P.L.A.T.I.F}$PEPTIDE1,PEPTIDE1,1:R1-7:R2$$$",-5.45000000,ok,,flexible
"PEPTIDE1{Me_Bal.meA.T.L.F.meL.dL}$PEPTIDE1,PEPTIDE1,1:R1-7:R2$$$",-6.53100000,ok,,flexible
"PEPTIDE1{P.meF.meL.L.V.Ser(tBu).A}$PEPTIDE1,PEPTIDE1,1:R1-7:R2$$$",-5.18500000,ok,,flexible
"PEPTIDE1{dA.L.meS.meF.Abu.meL.T}$PEPTIDE1,PEPTIDE1,1:R1-7:R2$$$",-5.85300000,ok,,flexible
"PEPTIDE1{L.meA.V.A.meL.F.dL}$PEPTIDE1,PEPTIDE1,1:R1-7:R2$$$",-6.08900000,ok,,flexible
"PEPTIDE1{dV.meL.meA.F.dL.T.Ser(tBu)}$PEPTIDE1,PEPTIDE1,1:R1-7:R2$$$",-5.05500000,ok,,flexible
"PEPTIDE1{A.L.meF.Ser(tBu).Abu.meL.F}$PEPTIDE1,PEPTIDE1,1:R1-7:R2$$$",-5.33000000,ok,,flexible
"PEPTIDE1{dA.G.T.Bn_Gly.meA.F.I}$PEPTIDE1,PEPTIDE1,1:R1-7:R2$$$",-6.29300000,ok,,flexible
"PEPTIDE1{dA.meL.meA.T.Ala(5-Tet).Aoc(2).meS}$PEPTIDE1,PEPTIDE1,1:R1-7:R2$$$",-5.22500000,ok,,flexible
"PEPTIDE1{Sar.T.Me_dL.dL.meF.L.P}$PEPTIDE1,PEPTIDE1,1:R1-7:R2$$$",-5.79800000,ok,,flexible
"PEPTIDE1{dV.G.pentyl_Gly.Me_dL.meL.L.Bn_Gly}$PEPTIDE1,PEPTIDE1,1:R1-7:R2$$$",-5.03700000,ok,,flexible
"PEPTIDE1{A.meA.dP.T.F.meL.meV}$PEPTIDE1,PEPTIDE1,1:R1-7:R2$$$",-6.70900000,ok,,flexible
"PEPTIDE1{dV.meL.L.A.I.Ser(tBu).A}$PEPTIDE1,PEPTIDE1,1:R1-7:R2$$$",-5.09300000,ok,,flexible
"PEPTIDE1{A.L.meL.F.meA.meF.dL}$PEPTIDE1,PEPTIDE1,1:R1-7:R2$$$",-5.67100000,ok,,flexible
"PEPTIDE1{dV.F.meF.I.V.meA.Pr_Gly}$PEPTIDE1,PEPTIDE1,1:R1-7:R2$$$",-6.04700000,ok,,flexible
"PEPTIDE1{Me_Bal.F.Pr_Gly.V.A.meA.meF}$PEPTIDE1,PEPTIDE1,1:R1-7:R2$$$",-6.16600000,ok,,flexible
"PEPTIDE1{meA.meF.Me_dL.A.F.L.L}$PEPTIDE1,PEPTIDE1,1:R1-7:R2$$$",-6.48700000,ok,,flexible
"PEPTIDE1{A.P.meL.L.I.F.dL}$PEPTIDE1,PEPTIDE1,1:R1-7:R2$$$",-6.08600000,ok,,flexible
"PEPTIDE1{A.F.T.meF.P.meL.I}$PEPTIDE1,PEPTIDE1,1:R1-7:R2$$$",-5.95800000,ok,,flexible
"PEPTIDE1{dV.Me_dL.F.L.Aoc(2).Sar.T}$PEPTIDE1,PEPTIDE1,1:R1-7:R2$$$",-5.04800000,ok,,flexible
"PEPTIDE1{P.L.dA.Pr_Gly.T.meL.I}$PEPTIDE1,PEPTIDE1,1:R1-7:R2$$$",-5.22100000,ok,,flexible
"PEPTIDE1{meL.Me_dA.L.Me_dL.T.F.I}$PEPTIDE1,PEPTIDE1,1:R1-7:R2$$$",-5.24000000,ok,,flexible
"PEPTIDE1{meA.pentyl_Gly.V.T.Ser(tBu).L.meL}$PEPTIDE1,PEPTIDE1,1:R1-7:R2$$$",-5.42700000,ok,,flexible
"PEPTIDE1{Mono6.V.meA.meL.meF.L.Me_dL}$PEPTIDE1,PEPTIDE1,1:R1-7:R2$$$",-5.74600000,ok,,flexible
"PEPTIDE1{A.P.dP.dP.I.L.dL}$PEPTIDE1,PEPTIDE1,1:R1-7:R2$$$",-6.03600000,ok,,flexible
"PEPTIDE1{meA.L.meF.T.P.Ser(tBu).dL}$PEPTIDE1,PEPTIDE1,1:R1-7:R2$$$",-5.23000000,ok,,flexible
"PEPTIDE1{Mono6.meA.L.Me_dL.Me_dL.F.T}$PEPTIDE1,PEPTIDE1,1:R1-7:R2$$$",-6.86100000,ok,,flexible
"PEPTIDE1{meA.Abu.meL.T.dP.V.Me_dL}$PEPTIDE1,PEPTIDE1,1:R1-7:R2$$$",-6.12900000,ok,,flexible
"PEPTIDE1{meA.Ser(tBu).T.meL.A.I.L}$PEPTIDE1,PEPTIDE1,1:R1-7:R2$$$",-5.33200000,ok,,flexible
"PEPTIDE1{dA.T.P.dV.L.P.T}$PEPTIDE1,PEPTIDE1,1:R1-7:R2$$$",-6.64500000,ok,,flexible
"PEPTIDE1{Me_dA.dP.meL.F.A.T.meA}$PEPTIDE1,PEPTIDE1,1:R1-7:R2$$$",-6.09300000,ok,,flexible
"PEPTIDE1{dV.A.meF.V.L.F.meL}$PEPTIDE1,PEPTIDE1,1:R1-7:R2$$$",-6.70800000,ok,,flexible
"PEPTIDE1{meA.A.V.meL.Ser(tBu).T.L}$PEPTIDE1,PEPTIDE1,1:R1-7:R2$$$",-5.65300000,ok,,flexible
"PEPTIDE1{meA.L.meS.A.meF.dV.meL}$PEPTIDE1,PEPTIDE1,1:R1-7:R2$$$",-6.07100000,ok,,flexible
"PEPTIDE1{F.A.L.Me_dL.meL.T.dL}$PEPTIDE1,PEPTIDE1,1:R1-7:R2$$$",-5.47100000,ok,,flexible
"PEPTIDE1{Mono6.A.Abu.Me_dA.P.meL.meA}$PEPTIDE1,PEPTIDE1,1:R1-7:R2$$$",-6.59100000,ok,,flexible
"PEPTIDE1{dA.A.meA.Me_dA.Me_dL.meL.Ser(tBu)}$PEPTIDE1,PEPTIDE1,1:R1-7:R2$$$",-5.13000000,ok,,flexible
"PEPTIDE1{meA.Me_dA.Me_dL.meL.A.Me_Phe(3-Cl).meF}$PEPTIDE1,PEPTIDE1,1:R1-7:R2$$$",-6.51900000,ok,,flexible
"PEPTIDE1{F.meF.L.A.G.meA.dL}$PEPTIDE1,PEPTIDE1,1:R1-7:R2$$$",-6.38800000,ok,,flexible
"PEPTIDE1{Me_Bal.Me_dL.meA.meV.L.L.meL}$PEPTIDE1,PEPTIDE1,1:R1-7:R2$$$",-5.64500000,ok,,flexible
"PEPTIDE1{L.P.T.T.A.F.Me_dL}$PEPTIDE1,PEPTIDE1,1:R1-7:R2$$$",-6.34300000,ok,,flexible
"PEPTIDE1{Me_dA.A.L.I.meA.V.F}$PEPTIDE1,PEPTIDE1,1:R1-7:R2$$$",-6.29600000,ok,,flexible
"PEPTIDE1{Me_Bal.meA.meL.meF.F.Bn_Gly.A}$PEPTIDE1,PEPTIDE1,1:R1-7:R2$$$",-6.55700000,ok,,flexible
"PEPTIDE1{meA.Pr_Gly.meF.A.Me_dL.V.L}$PEPTIDE1,PEPTIDE1,1:R1-7:R2$$$",-6.01900000,ok,,flexible
"PEPTIDE1{dV.Abu.Me_dL.T.meF.meA.dP}$PEPTIDE1,PEPTIDE1,1:R1-7:R2$$$",-6.58700000,ok,,flexible
"PEPTIDE1{meA.meF.T.L.meL.Sar.T}$PEPTIDE1,PEPTIDE1,1:R1-7:R2$$$",-6.04500000,ok,,flexible
"PEPTIDE1{meA.Sar.I.A.T.meF.L}$PEPTIDE1,PEPTIDE1,1:R1-7:R2$$$",-6.84400000,ok,,flexible
"PEPTIDE1{F.L.L.T.P.dP.A}$PEPTIDE1,PEPTIDE1,1:R1-7:R2$$$",-6.62900000,ok,,flexible
"PEPTIDE1{Sar.V.I.Ser(tBu).Me_dL.F.A}$PEPTIDE1,PEPTIDE1,1:R1-7:R2$$$",-6.61100000,ok,,flexible
"PEPTIDE1{dV.meF.Me_dL.T.I.T.meV}$PEPTIDE1,PEPTIDE1,1:R1-7:R2$$$",-6.09000000,ok,,flexible
"PEPTIDE1{P.Me_Phe(3-Cl).meL.L.dL.Me_dL.meF}$PEPTIDE1,PEPTIDE1,1:R1-7:R2$$$",-6.01100000,ok,,flexible
"PEPTIDE1{dA.meL.meA.T.Me_dL.P.meF}$PEPTIDE1,PEPTIDE1,1:R1-7:R2$$$",-6.24200000,ok,,flexible
"PEPTIDE1{dV.meF.meA.L.meL.V.dL}$PEPTIDE1,PEPTIDE1,1:R1-7:R2$$$",-5.18400000,ok,,flexible
"PEPTIDE1{Me_dA.meL.meA.Me_dL.I.L.A}$PEPTIDE1,PEPTIDE1,1:R1-7:R2$$$",-5.39000000,ok,,flexible
"PEPTIDE1{dA.meA.dL.meF.Ser(tBu).meL.T}$PEPTIDE1,PEPTIDE1,1:R1-7:R2$$$",-5.55600000,ok,,flexible
"PEPTIDE1{L.A.meA.T.T.meV.L}$PEPTIDE1,PEPTIDE1,1:R1-7:R2$$$",-6.09300000,ok,,flexible
"PEPTIDE1{Me_dA.Pr_Gly.Sar.T.meL.Me_dL.L}$PEPTIDE1,PEPTIDE1,1:R1-7:R2$$$",-5.11800000,ok,,flexible
"PEPTIDE1{meA.P.T.L.dL.dA.meL}$PEPTIDE1,PEPTIDE1,1:R1-7:R2$$$",-6.29400000,ok,,flexible
"PEPTIDE1{meL.Ala(5-Tet).Me_dL.meF.Abu.T.V}$PEPTIDE1,PEPTIDE1,1:R1-7:R2$$$",-6.31000000,ok,,flexible
"PEPTIDE1{Me_dA.F.meV.L.meA.meL.Ser(tBu)}$PEPTIDE1,PEPTIDE1,1:R1-7:R2$$$",-5.48500000,ok,,flexible
"PEPTIDE1{meL.meL.T.V.A.Ala(5-Tet).Me_dA}$PEPTIDE1,PEPTIDE1,1:R1-7:R2$$$",-5.94800000,ok,,flexible
"PEPTIDE1{Me_dA.L.G.A.meF.P.meA}$PEPTIDE1,PEPTIDE1,1:R1-7:R2$$$",-6.52600000,ok,,flexible
"PEPTIDE1{P.Me_dA.dPye.Pr_Gly.L.dL.L}$PEPTIDE1,PEPTIDE1,1:R1-7:R2$$$",-5.66800000,ok,,flexible
"PEPTIDE1{A.meA.T.F.Me_dL.L.Aib}$PEPTIDE1,PEPTIDE1,1:R1-7:R2$$$",-6.09100000,ok,,flexible
"PEPTIDE1{A.meA.L.F.L.V.meL}$PEPTIDE1,PEPTIDE1,1:R1-7:R2$$$",-5.85300000,ok,,flexible
"PEPTIDE1{Me_dA.T.A.Me_dL.meL.F.P}$PEPTIDE1,PEPTIDE1,1:R1-7:R2$$$",-5.82400000,ok,,flexible
"PEPTIDE1{dV.Pr_Gly.V.A.meF.P.Me_Phe(3-Cl)}$PEPTIDE1,PEPTIDE1,1:R1-7:R2$$$",-6.59900000,ok,,flexible
"PEPTIDE1{Me_dA.dL.meS.A.T.meA.V}$PEPTIDE1,PEPTIDE1,1:R1-7:R2$$$",-6.40000000,ok,,flexible
"PEPTIDE1{dV.T.meA.I.T.L.meI}$PEPTIDE1,PEPTIDE1,1:R1-7:R2$$$",-4.97700000,ok,,flexible
"PEPTIDE1{dV.Abu.A.F.V.meA.meL}$PEPTIDE1,PEPTIDE1,1:R1-7:R2$$$",-6.35500000,ok,,flexible
"PEPTIDE1{dA.Me_dA.dL.T.I.V.Me_dL}$PEPTIDE1,PEPTIDE1,1:R1-7:R2$$$",-5.76800000,ok,,flexible
"PEPTIDE1{Pr_Gly.I.3Pal.T.dL.Ser(tBu).meA}$PEPTIDE1,PEPTIDE1,1:R1-7:R2$$$",-5.30200000,ok,,flexible
"PEPTIDE1{meA.Me_dA.L.A.P.dL.T}$PEPTIDE1,PEPTIDE1,1:R1-7:R2$$$",-6.45800000,ok,,flexible
"PEPTIDE1{A.Me_dL.T.meL.L.meS.meF}$PEPTIDE1,PEPTIDE1,1:R1-7:R2$$$",-5.80100000,ok,,flexible
"PEPTIDE1{L.meF.meL.meA.meL.V.L}$PEPTIDE1,PEPTIDE1,1:R1-7:R2$$$",-5.81200000,ok,,flexible
"PEPTIDE1{Me_Bal.T.Me_dL.Ser(tBu).I.meV.dL}$PEPTIDE1,PEPTIDE1,1:R1-7:R2$$$",-6.33800000,ok,,flexible
"PEPTIDE1{Me_dA.Pr_Gly.L.meA.F.meL.dL}$PEPTIDE1,PEPTIDE1,1:R1-7:R2$$$",-4.98600000,ok,,flexible
"PEPTIDE1{Me_dA.meL.meA.Me_dL.P.V.L}$PEPTIDE1,PEPTIDE1,1:R1-7:R2$$$",-5.72600000,ok,,flexible
"PEPTIDE1{Me_dA.Sar.meL.dL.T.Me_dL.meL}$PEPTIDE1,PEPTIDE1,1:R1-7:R2$$$",-5.76300000,ok,,flexible
"PEPTIDE1{dV.L.Me_dL.F.V.Me_Phe(3-Cl).Mono78}$PEPTIDE1,PEPTIDE1,1:R1-7:R2$$$",-5.75100000,ok,,flexible
"PEPTIDE1{Me_dA.Pr_Gly.V.Me_dL.F.L.meL}$PEPTIDE1,PEPTIDE1,1:R1-7:R2$$$",-5.72300000,ok,,flexible
"PEPTIDE1{A.V.L.T.meA.meL.meL}$PEPTIDE1,PEPTIDE1,1:R1-7:R2$$$",-5.45500000,ok,,flexible
"PEPTIDE1{Me_dA.F.P.L.A.meL.dL}$PEPTIDE1,PEPTIDE1,1:R1-7:R2$$$",-6.06500000,ok,,flexible
"PEPTIDE1{dA.F.I.meL.G.dL.meF}$PEPTIDE1,PEPTIDE1,1:R1-7:R2$$$",-6.55900000,ok,,flexible
"PEPTIDE1{Me_dA.I.Me_dL.F.Ser(tBu).L.meL}$PEPTIDE1,PEPTIDE1,1:R1-7:R2$$$",-5.24000000,ok,,flexible
"PEPTIDE1{meA.L.meS.T.Abu.P.A}$PEPTIDE1,PEPTIDE1,1:R1-7:R2$$$",-5.99600000,ok,,flexible
