helm,vina_score,status,detail,docking_mode
"PEPTIDE1{Me_Bal.Me_dA.Mono84.Mono86.dP.L.P}$PEPTIDE1,PEPTIDE1,1:R1-7:R2$$$",-8.05200000,ok,,flexible
"PEPTIDE1{dA.dF.Me_dA.meF.L.Sar.dP}$PEPTIDE1,PEPTIDE1,1:R1-7:R2$$$",-7.97500000,ok,,flexible
"PEPTIDE1{Me_dA.P.meL.T.P.G.dP}$PEPTIDE1,PEPTIDE1,1:R1-7:R2$$$",-7.67700000,ok,,flexible
"PEPTIDE1{Me_dA.A.Mono86.P.I.Mono84.P}$PEPTIDE1,PEPTIDE1,1:R1-7:R2$$$",-6.94300000,ok,,flexible
"PEPTIDE1{meA.Asp_piperidide.P.D.dP.Mono84.P}$PEPTIDE1,PEPTIDE1,1:R1-7:R2$$$",-7.83200000,ok,,flexible
"PEPTIDE1{A.Me_dA.F.P.dP.P.Sar}$PEPTIDE1,PEPTIDE1,1:R1-7:R2$$$",-7.80300000,ok,,flexible
"PEPTIDE1{Pr_Gly.dA.dP.T.F.P.P}$PEPTIDE1,PEPTIDE1,1:R1-7:R2$$$",-7.77900000,ok,,flexible
"PEPTIDE1{meA.P.dP.P.F.meL.dP}$PEPTIDE1,PEPTIDE1,1:R1-7:R2$$$",-7.69200000,ok,,flexible
"PEPTIDE1{A.Mono38.Mono84.dP.T.P.F}$PEPTIDE1,PEPTIDE1,1:R1-7:R2$$$",-7.58000000,ok,,flexible
"PEPTIDE1{dA.P.A.P.dP.dP.Aib}$PEPTIDE1,PEPTIDE1,1:R1-7:R2$$$",-7.65800000,ok,,flexible
"PEPTIDE1{dV.dA.Me_dL.meA.T.F.V}$PEPTIDE1,PEPTIDE1,1:R1-7:R2$$$",-6.31100000,ok,,flexible
"PEPTIDE1{A.dA.Me_dA.F.Ser(tBu).meA.meY}$PEPTIDE1,PEPTIDE1,1:R1-7:R2$$$",-6.47900000,ok,,flexible
"PEPTIDE1{Me_Bal.dP.P.P.P.V.F}$PEPTIDE1,PEPTIDE1,1:R1-7:R2$$$",-7.54500000,ok,,flexible
"PEPTIDE1{dA.A.meA.T.P.F.Sar}$PEPTIDE1,PEPTIDE1,1:R1-7:R2$$$",-6.52900000,ok,,flexible
"PEPTIDE1{dF.Me_dA.Me_dL.Me_Abu.P.Mono84.T}$PEPTIDE1,PEPTIDE1,1:R1-7:R2$$$",-7.50400000,ok,,flexible
"PEPTIDE1{Mono6.T.A.meA.P.dP.F}$PEPTIDE1,PEPTIDE1,1:R1-7:R2$$$",-7.49600000,ok,,flexible
"PEPTIDE1{Mono6.Me_dA.P.meF.V.meA.meY}$PEPTIDE1,PEPTIDE1,1:R1-7:R2$$$",-7.35900000,ok,,flexible
"PEPTIDE1{meA.T.V.dP.P.F.Asp_piperidide}$PEPTIDE1,PEPTIDE1,1:R1-7:R2$$$",-7.08700000,ok,,flexible
"PEPTIDE1{Mono6.dF.Me_dL.P.dP.P.Sar}$PEPTIDE1,PEPTIDE1,1:R1-7:R2$$$",-7.50100000,ok,,flexible
"PEPTIDE1{A.F.T.meF.dP.P.A}$PEPTIDE1,PEPTIDE1,1:R1-7:R2$$$",-7.45200000,ok,,flexible
"PEPTIDE1{dA.meL.P.dP.T.P.dP}$PEPTIDE1,PEPTIDE1,1:R1-7:R2$$$",-7.24400000,ok,,flexible
"PEPTIDE1{meA.F.P.L.A.meA.dF}$PEPTIDE1,PEPTIDE1,1:R1-7:R2$$$",-7.61400000,ok,,flexible
"PEPTIDE1{dF.T.dP.meF.P.T.T}$PEPTIDE1,PEPTIDE1,1:R1-7:R2$$$",-7.51900000,ok,,flexible
"PEPTIDE1{Sar.A.meF.meA.G.P.P}$PEPTIDE1,PEPTIDE1,1:R1-7:R2$$$",-7.46800000,ok,,flexible
"PEPTIDE1{dA.A.P.Me_Nle.L.dP.Mono84}$PEPTIDE1,PEPTIDE1,1:R1-7:R2$$$",-7.33600000,ok,,flexible
"PEPTIDE1{F.dL.dP.Sar.T.A.P}$PEPTIDE1,PEPTIDE1,1:R1-7:R2$$$",-7.37000000,ok,,flexible
"PEPTIDE1{dA.dP.G.dF.F.L.Me_dA}$PEPTIDE1,PEPTIDE1,1:R1-7:R2$$$",-7.38000000,ok,,flexible
"PEPTIDE1{Me_dA.dP.meA.Me_dL.dP.P.F}$PEPTIDE1,PEPTIDE1,1:R1-7:R2$$$",-7.06700000,ok,,flexible
"PEPTIDE1{Me_Bal.P.meF.dP.P.T.Mono84}$PEPTIDE1,PEPTIDE1,1:R1-7:R2$$$",-7.28300000,ok,,flexible
"PEPTIDE1{meA.Me_dL.T.dP.meL.P.F}$PEPTIDE1,PEPTIDE1,1:R1-7:R2$$$",-7.35500000,ok,,flexible
"PEPTIDE1{meA.meY.P.Mono7.T.meF.Me_dL}$PEPTIDE1,PEPTIDE1,1:R1-7:R2$$$",-7.35600000,ok,,flexible
"PEPTIDE1{Me_dA.T.meL.P.P.F.L}$PEPTIDE1,PEPTIDE1,1:R1-7:R2$$$",-7.35900000,ok,,flexible
"PEPTIDE1{Mono6.T.I.T.Mono84.meA.Mono78}$PEPTIDE1,PEPTIDE1,1:R1-7:R2$$$",-7.06500000,ok,,flexible
"PEPTIDE1{meA.dA.F.P.meF.Sar.T}$PEPTIDE1,PEPTIDE1,1:R1-7:R2$$$",-7.33600000,ok,,flexible
"PEPTIDE1{Me_dA.dA.A.meL.F.Phe(4-CF3).F}$PEPTIDE1,PEPTIDE1,1:R1-7:R2$$$",-7.43000000,ok,,flexible
"PEPTIDE1{dV.Me_dAbu.Mono78.I.meL.dP.Mono84}$PEPTIDE1,PEPTIDE1,1:R1-7:R2$$$",-6.78800000,ok,,flexible
"PEPTIDE1{F.meA.T.P.dP.T.L}$PEPTIDE1,PEPTIDE1,1:R1-7:R2$$$",-6.80500000,ok,,flexible
"PEPTIDE1{A.P.T.P.P.P.dP}$PEPTIDE1,PEPTIDE1,1:R1-7:R2$$$",-7.29700000,ok,,flexible
"PEPTIDE1{Mono6.Me_dA.dP.meA.V.P.T}$PEPTIDE1,PEPTIDE1,1:R1-7:R2$$$",-7.51900000,ok,,flexible
"PEPTIDE1{meA.L.A.meF.Mono38.Mono84.P}$PEPTIDE1,PEPTIDE1,1:R1-7:R2$$$",-7.17100000,ok,,flexible
"PEPTIDE1{meA.I.Mono84.T.F.L.A}$PEPTIDE1,PEPTIDE1,1:R1-7:R2$$$",-7.53200000,ok,,flexible
"PEPTIDE1{dV.cHexCH2_Gly.P.pentyl_Gly.Ala(indol-2-yl).Mono84.V}$PEPTIDE1,PEPTIDE1,1:R1-7:R2$$$",-7.43300000,ok,,flexible
"PEPTIDE1{A.T.meL.G.F.dP.Me_dL}$PEPTIDE1,PEPTIDE1,1:R1-7:R2$$$",-7.27200000,ok,,flexible
"PEPTIDE1{Me_dA.dF.Sar.P.Mono84.L.Mono78}$PEPTIDE1,PEPTIDE1,1:R1-7:R2$$$",-6.72000000,ok,,flexible
"PEPTIDE1{dV.cHexCH2_Gly.A.P.Mono86.P.dP}$PEPTIDE1,PEPTIDE1,1:R1-7:R2$$$",-7.43900000,ok,,flexible
"PEPTIDE1{dF.A.P.meA.V.F.meF}$PEPTIDE1,PEPTIDE1,1:R1-7:R2$$$",-6.17500000,ok,,flexible
"PEPTIDE1{meA.Me_dA.P.P.L.dP.Sar}$PEPTIDE1,PEPTIDE1,1:R1-7:R2$$$",-7.24900000,ok,,flexible
"PEPTIDE1{meA.Sar.dP.P.dP.meL.Me_dL}$PEPTIDE1,PEPTIDE1,1:R1-7:R2$$$",-7.28000000,ok,,flexible
"PEPTIDE1{A.Me_dL.dP.Mono84.I.D.P}$PEPTIDE1,PEPTIDE1,1:R1-7:R2$$$",-7.24500000,ok,,flexible
"PEPTIDE1{meA.3Pal.dP.Sar.P.L.P}$PEPTIDE1,PEPTIDE1,1:R1-7:R2$$$",-7.22400000,ok,,flexible
"PEPTIDE1{F.L.P.dP.meA.dP.meF}$PEPTIDE1,PEPTIDE1,1:R1-7:R2$$$",-6.90400000,ok,,flexible
"PEPTIDE1{Me_dA.dP.dP.dL.meA.Me_dL.A}$PEPTIDE1,PEPTIDE1,1:R1-7:R2$$$",-7.09500000,ok,,flexible
"PEPTIDE1{dA.dP.meA.L.meF.P.V}$PEPTIDE1,PEPTIDE1,1:R1-7:R2$$$",-7.20900000,ok,,flexible
"PEPTIDE1{P.F.dF.T.3Pal.meL.Mono104}$PEPTIDE1,PEPTIDE1,1:R1-7:R2$$$",-7.28100000,ok,,flexible
"PEPTIDE1{dP.meV.G.F.P.T.F}$PEPTIDE1,PEPTIDE1,1:R1-7:R2$$$",-7.00800000,ok,,flexible
"PEPTIDE1{meA.dP.P.P.T.T.meV}$PEPTIDE1,PEPTIDE1,1:R1-7:R2$$$",-7.24600000,ok,,flexible
"PEPTIDE1{meA.P.T.P.Bn_Gly.Me_dL.T}$PEPTIDE1,PEPTIDE1,1:R1-7:R2$$$",-7.04600000,ok,,flexible
"PEPTIDE1{F.dP.P.T.T.dP.dP}$PEPTIDE1,PEPTIDE1,1:R1-7:R2$$$",-7.20700000,ok,,flexible
"PEPTIDE1{meA.dP.P.T.P.P.meL}$PEPTIDE1,PEPTIDE1,1:R1-7:R2$$$",-7.14200000,ok,,flexible
"PEPTIDE1{Me_dA.A.T.Mono84.L.P.Ser(tBu)}$PEPTIDE1,PEPTIDE1,1:R1-7:R2$$$",-7.16400000,ok,,flexible
"PEPTIDE1{Mono6.A.dP.P.meL.T.Me_Abu}$PEPTIDE1,PEPTIDE1,1:R1-7:R2$$$",-7.14500000,ok,,flexible
"PEPTIDE1{Me_Bal.meL.P.dP.P.dP.Me_Abu}$PEPTIDE1,PEPTIDE1,1:R1-7:R2$$$",-7.18700000,ok,,flexible
"PEPTIDE1{dV.meF.F.L.dP.P.Ser(tBu)}$PEPTIDE1,PEPTIDE1,1:R1-7:R2$$$",-7.02300000,ok,,flexible
"PEPTIDE1{dA.cHexCH2_Gly.meL.meF.F.P.T}$PEPTIDE1,PEPTIDE1,1:R1-7:R2$$$",-6.90000000,ok,,flexible
"PEPTIDE1{Me_dA.A.dP.P.T.F.L}$PEPTIDE1,PEPTIDE1,1:R1-7:R2$$$",-7.09400000,ok,,flexible
"PEPTIDE1{Mono6.P.Sar.meA.cHexCH2_Gly.P.T}$PEPTIDE1,PEPTIDE1,1:R1-7:R2$$$",-7.09100000,ok,,flexible
"PEPTIDE1{Me_Bal.dA.Ser(tBu).T.F.dP.P}$PEPTIDE1,PEPTIDE1,1:R1-7:R2$$$",-7.14500000,ok,,flexible
"PEPTIDE1{Me_Bal.Me_dA.meA.dP.L.P.Mono84}$PEPTIDE1,PEPTIDE1,1:R1-7:R2$$$",-7.14300000,ok,,flexible
"PEPTIDE1{L.P.dP.dP.T.T.meA}$PEPTIDE1,PEPTIDE1,1:R1-7:R2$$$",-7.14200000,ok,,flexible
"PEPTIDE1{Mono6.P.L.L.P.dP.Ser(tBu)}$PEPTIDE1,PEPTIDE1,1:R1-7:R2$$$",-7.11700000,ok,,flexible
"PEPTIDE1{Mono6.P.P.dP.T.P.meA}$PEPTIDE1,PEPTIDE1,1:R1-7:R2$$$",-7.19600000,ok,,flexible
"PEPTIDE1{Me_Bal.Mono38.Me_Phe(3-Cl).P.dP.dP.Me_dL}$PEPTIDE1,PEPTIDE1,1:R1-7:R2$$$",-7.07600000,ok,,flexible
"PEPTIDE1{Mono6.Mono84.T.Mono78.P.A.L}$PEPTIDE1,PEPTIDE1,1:R1-7:R2$$$",-7.23500000,ok,,flexible
"PEPTIDE1{dV.meA.dP.Me_dL.meL.P.T}$PEPTIDE1,PEPTIDE1,1:R1-7:R2$$$",-7.14000000,ok,,flexible
"PEPTIDE1{meA.P.V.dP.meL.G.dP}$PEPTIDE1,PEPTIDE1,1:R1-7:R2$$$",-6.61000000,ok,,flexible
"PEPTIDE1{Mono6.dP.P.P.P.V.A}$PEPTIDE1,PEPTIDE1,1:R1-7:R2$$$",-7.14300000,ok,,flexible
"PEPTIDE1{Mono6.A.T.L.P.meL.Mono2}$PEPTIDE1,PEPTIDE1,1:R1-7:R2$$$",-7.04900000,ok,,flexible
"PEPTIDE1{A.dP.P.dP.dP.L.P}$PEPTIDE1,PEPTIDE1,1:R1-7:R2$$$",-7.23900000,ok,,flexible
"PEPTIDE1{meL.A.meL.meA.T.F.P}$PEPTIDE1,PEPTIDE1,1:R1-7:R2$$$",-7.12700000,ok,,flexible
"PEPTIDE1{meA.A.dA.Me_dL.dF.P.meL}$PEPTIDE1,PEPTIDE1,1:R1-7:R2$$$",-7.08600000,ok,,flexible
"PEPTIDE1{Me_dA.meF.L.A.dP.P.T}$PEPTIDE1,PEPTIDE1,1:R1-7:R2$$$",-6.82500000,ok,,flexible
"PEPTIDE1{meA.cHexCH2_Gly.Mono84.P.I.dL.T}$PEPTIDE1,PEPTIDE1,1:R1-7:R2$$$",-7.16200000,ok,,flexible
"PEPTIDE1{Mono6.P.dP.Ser(tBu).meL.meF.T}$PEPTIDE1,PEPTIDE1,1:R1-7:R2$$$",-7.15200000,ok,,flexible
"PEPTIDE1{dV.P.T.P.dP.T.F}$PEPTIDE1,PEPTIDE1,1:R1-7:R2$$$",-7.15700000,ok,,flexible
"PEPTIDE1{meA.Mono38.meF.Mono84.A.dP.P}$PEPTIDE1,PEPTIDE1,1:R1-7:R2$$$",-7.16400000,ok,,flexible
"PEPTIDE1{Me_dA.A.P.dP.L.T.Mono84}$PEPTIDE1,PEPTIDE1,1:R1-7:R2$$$",-7.11300000,ok,,flexible
"PEPTIDE1{Me_dA.cHexCH2_Gly.A.Ser(tBu).dP.Nle.P}$PEPTIDE1,PEPTIDE1,1:R1-7:R2$$$",-7.04800000,ok,,flexible
"PEPTIDE1{Sar.meA.F.meF.P.meL.F}$PEPTIDE1,PEPTIDE1,1:R1-7:R2$$$",-7.03300000,ok,,flexible
"PEPTIDE1{Me_dA.I.meF.P.L.meA.Bn_Gly}$PEPTIDE1,PEPTIDE1,1:R1-7:R2$$$",-7.04600000,ok,,flexible
"PEPTIDE1{Me_dA.meA.dA.A.Ser(tBu).dP.dL}$PEPTIDE1,PEPTIDE1,1:R1-7:R2$$$",-7.05800000,ok,,flexible
"PEPTIDE1{Mono6.A.Me_Nle.G.meL.meF.P}$PEPTIDE1,PEPTIDE1,1:R1-7:R2$$$",-7.03000000,ok,,flexible
"PEPTIDE1{meA.Mono38.P.dP.Me_dA.T.meL}$PEPTIDE1,PEPTIDE1,1:R1-7:R2$$$",-7.15600000,ok,,flexible
"PEPTIDE1{dP.Me_dA.meA.dA.meY.F.meL}$PEPTIDE1,PEPTIDE1,1:R1-7:R2$$$",-7.17500000,ok,,flexible
"PEPTIDE1{P.A.F.T.L.T.P}$PEPTIDE1,PEPTIDE1,1:R1-7:R2$$$",-7.04400000,ok,,flexible
"PEPTIDE1{Mono6.dP.A.P.dL.meL.P}$PEPTIDE1,PEPTIDE1,1:R1-7:R2$$$",-7.01600000,ok,,flexible
"PEPTIDE1{P.A.P.dL.L.dP.meA}$PEPTIDE1,PEPTIDE1,1:R1-7:R2$$$",-7.03200000,ok,,flexible
"PEPTIDE1{A.P.meL.Mono84.P.T.F}$PEPTIDE1,PEPTIDE1,1:R1-7:R2$$$",-7.08100000,ok,,flexible
"PEPTIDE1{dA.dP.G.A.P.Ser(tBu).P}$PEPTIDE1,PEPTIDE1,1:R1-7:R2$$$",-7.05800000,ok,,flexible
"PEPTIDE1{Me_dA.dPye.dF.P.Me_dL.dP.dP}$PEPTIDE1,PEPTIDE1,1:R1-7:R2$$$",-6.99900000,ok,,flexible
"PEPTIDE1{Me_dA.meA.dA.meL.dF.P.dP}$PEPTIDE1,PEPTIDE1,1:R1-7:R2$$$",-7.06800000,ok,,flexible
"PEPTIDE1{dA.dP.P.T.P.Mono7.A}$PEPTIDE1,PEPTIDE1,1:R1-7:R2$$$",-7.06300000,ok,,flexible
"PEPTIDE1{F.Sar.meF.Ser(tBu).T.A.F}$PEPTIDE1,PEPTIDE1,1:R1-7:R2$$$",-6.24600000,ok,,flexible
"PEPTIDE1{meL.meF.P.Mono11.Sar.F.T}$PEPTIDE1,PEPTIDE1,1:R1-7:R2$$$",-6.87900000,ok,,flexible
"PEPTIDE1{meA.P.dP.P.F.P.T}$PEPTIDE1,PEPTIDE1,1:R1-7:R2$$$",-7.06500000,ok,,flexible
"PEPTIDE1{dA.F.meF.T.meL.meA.meL}$PEPTIDE1,PEPTIDE1,1:R1-7:R2$$$",-7.05800000,ok,,flexible
"PEPTIDE1{dA.meA.P.T.Me_dL.V.dP}$PEPTIDE1,PEPTIDE1,1:R1-7:R2$$$",-7.05800000,ok,,flexible
"PEPTIDE1{meA.meF.dP.P.dP.L.F}$PEPTIDE1,PEPTIDE1,1:R1-7:R2$$$",-7.05000000,ok,,flexible
"PEPTIDE1{meA.dP.P.P.T.L.A}$PEPTIDE1,PEPTIDE1,1:R1-7:R2$$$",-6.99600000,ok,,flexible
"PEPTIDE1{Sar.meF.L.meL.V.F.P}$PEPTIDE1,PEPTIDE1,1:R1-7:R2$$$",-7.10900000,ok,,flexible
"PEPTIDE1{P.G.F.L.Ser(tBu).A.meL}$PEPTIDE1,PEPTIDE1,1:R1-7:R2$$$",-6.96100000,ok,,flexible
"PEPTIDE1{Me_Bal.A.P.meA.T.L.L}$PEPTIDE1,PEPTIDE1,1:R1-7:R2$$$",-7.06400000,ok,,flexible
"PEPTIDE1{Pr_Gly.meA.P.dP.P.F.T}$PEPTIDE1,PEPTIDE1,1:R1-7:R2$$$",-6.96700000,ok,,flexible
"PEPTIDE1{L.meA.T.F.dP.P.Me_dL}$PEPTIDE1,PEPTIDE1,1:R1-7:R2$$$",-6.88200000,ok,,flexible
"PEPTIDE1{Me_dA.G.dF.V.meA.Ser(tBu).P}$PEPTIDE1,PEPTIDE1,1:R1-7:R2$$$",-6.99500000,ok,,flexible
"PEPTIDE1{Mono6.Et_Gly.Mono86.P.dL.L.Mono84}$PEPTIDE1,PEPTIDE1,1:R1-7:R2$$$",-6.81000000,ok,,flexible
"PEPTIDE1{meA.meF.P.dP.P.F.L}$PEPTIDE1,PEPTIDE1,1:R1-7:R2$$$",-7.42900000,ok,,flexible
"PEPTIDE1{F.dP.P.T.meL.meA.P}$PEPTIDE1,PEPTIDE1,1:R1-7:R2$$$",-7.12100000,ok,,flexible
"PEPTIDE1{L.meA.dL.Mono84.A.T.I}$PEPTIDE1,PEPTIDE1,1:R1-7:R2$$$",-7.01900000,ok,,flexible
"PEPTIDE1{A.T.P.V.meA.F.T}$PEPTIDE1,PEPTIDE1,1:R1-7:R2$$$",-7.02500000,ok,,flexible
"PEPTIDE1{Me_Bal.P.dP.F.A.meV.P}$PEPTIDE1,PEPTIDE1,1:R1-7:R2$$$",-6.98700000,ok,,flexible
"PEPTIDE1{dF.F.meL.dP.Mono84.meA.P}$PEPTIDE1,PEPTIDE1,1:R1-7:R2$$$",-7.13400000,ok,,flexible
"PEPTIDE1{dV.meA.L.Sar.F.A.P}$PEPTIDE1,PEPTIDE1,1:R1-7:R2$$$",-7.03200000,ok,,flexible
"PEPTIDE1{meF.P.L.dA.dL.meA.P}$PEPTIDE1,PEPTIDE1,1:R1-7:R2$$$",-6.76300000,ok,,flexible
"PEPTIDE1{Me_dA.P.T.A.meL.dA.dP}$PEPTIDE1,PEPTIDE1,1:R1-7:R2$$$",-7.00500000,ok,,flexible
"PEPTIDE1{Me_dA.cHexCH2_Gly.dP.Mono38.Mono84.dL.Mono86}$PEPTIDE1,PEPTIDE1,1:R1-7:R2$$$",-6.98800000,ok,,flexible
"PEPTIDE1{Sar.F.meA.dP.P.L.dP}$PEPTIDE1,PEPTIDE1,1:R1-7:R2$$$",-6.79100000,ok,,flexible
"PEPTIDE1{dA.P.meV.Mono86.A.Sar.P}$PEPTIDE1,PEPTIDE1,1:R1-7:R2$$$",-6.94300000,ok,,flexible
"PEPTIDE1{Mono6.Me_dA.T.dP.Y.meY.G}$PEPTIDE1,PEPTIDE1,1:R1-7:R2$$$",-8.45600000,ok,,flexible
"PEPTIDE1{Me_dA.Me_dL.dP.P.meY.P.G}$PEPTIDE1,PEPTIDE1,1:R1-7:R2$$$",-8.12700000,ok,,flexible
"PEPTIDE1{dF.dP.T.P.dP.Me_Phe(3-Cl).Asp_piperidide}$PEPTIDE1,PEPTIDE1,1:R1-7:R2$$$",-7.99000000,ok,,flexible
"PEPTIDE1{Me_dA.P.T.dP.Y.G.dP}$PEPTIDE1,PEPTIDE1,1:R1-7:R2$$$",-7.94000000,ok,,flexible
"PEPTIDE1{dA.dP.F.T.Sar.P.meL}$PEPTIDE1,PEPTIDE1,1:R1-7:R2$$$",-7.85700000,ok,,flexible
"PEPTIDE1{Me_dA.Me_dL.T.F.dP.P.G}$PEPTIDE1,PEPTIDE1,1:R1-7:R2$$$",-7.90200000,ok,,flexible
"PEPTIDE1{dF.P.dP.P.Sar.F.Me_Phe(3-Cl)}$PEPTIDE1,PEPTIDE1,1:R1-7:R2$$$",-7.67100000,ok,,flexible
"PEPTIDE1{dF.T.Me_dA.Y.dP.meY.G}$PEPTIDE1,PEPTIDE1,1:R1-7:R2$$$",-7.75100000,ok,,flexible
"PEPTIDE1{Mono6.meL.dP.meY.Asp_piperidide.F.P}$PEPTIDE1,PEPTIDE1,1:R1-7:R2$$$",-7.70600000,ok,,flexible
"PEPTIDE1{meA.P.dP.T.G.meY.meL}$PEPTIDE1,PEPTIDE1,1:R1-7:R2$$$",-7.68600000,ok,,flexible
"PEPTIDE1{dF.Me_dA.Mono6.P.meA.P.P}$PEPTIDE1,PEPTIDE1,1:R1-7:R2$$$",-7.70000000,ok,,flexible
"PEPTIDE1{Me_Bal.Me_dA.dP.meY.meL.P.Sar}$PEPTIDE1,PEPTIDE1,1:R1-7:R2$$$",-6.68400000,ok,,flexible
"PEPTIDE1{dA.dV.T.T.F.G.meL}$PEPTIDE1,PEPTIDE1,1:R1-7:R2$$$",-7.64400000,ok,,flexible
"PEPTIDE1{A.dA.F.P.L.Me_dL.dF}$PEPTIDE1,PEPTIDE1,1:R1-7:R2$$$",-8.03800000,ok,,flexible
"PEPTIDE1{A.cHexCH2_Gly.T.dP.dA.meA.P}$PEPTIDE1,PEPTIDE1,1:R1-7:R2$$$",-7.57200000,ok,,flexible
"PEPTIDE1{Pr_Gly.Me_dA.dP.T.meY.Mono6.G}$PEPTIDE1,PEPTIDE1,1:R1-7:R2$$$",-7.54700000,ok,,flexible
"PEPTIDE1{Me_Bal.meA.P.P.Y.F.dP}$PEPTIDE1,PEPTIDE1,1:R1-7:R2$$$",-7.79000000,ok,,flexible
"PEPTIDE1{dA.Me_dAbu.cHexCH2_Gly.F.dP.P.G}$PEPTIDE1,PEPTIDE1,1:R1-7:R2$$$",-7.23600000,ok,,flexible
"PEPTIDE1{Me_Bal.T.P.G.T.F.Me_Phe(3-Cl)}$PEPTIDE1,PEPTIDE1,1:R1-7:R2$$$",-7.57500000,ok,,flexible
"PEPTIDE1{Mono6.T.P.Y.Me_dA.Me_Phe(3-Cl).dP}$PEPTIDE1,PEPTIDE1,1:R1-7:R2$$$",-7.62600000,ok,,flexible
"PEPTIDE1{Me_Bal.meA.dP.Mono6.Y.Me_dL.P}$PEPTIDE1,PEPTIDE1,1:R1-7:R2$$$",-7.29600000,ok,,flexible
"PEPTIDE1{dP.meV.meL.meY.T.Me_dA.P}$PEPTIDE1,PEPTIDE1,1:R1-7:R2$$$",-7.53400000,ok,,flexible
"PEPTIDE1{Me_dA.Me_dAbu.F.dP.T.G.Me_Phe(3-Cl)}$PEPTIDE1,PEPTIDE1,1:R1-7:R2$$$",-7.39800000,ok,,flexible
"PEPTIDE1{Me_Bal.meL.P.P.Y.D.dP}$PEPTIDE1,PEPTIDE1,1:R1-7:R2$$$",-7.52200000,ok,,flexible
"PEPTIDE1{Me_dA.dP.F.T.Sar.P.I}$PEPTIDE1,PEPTIDE1,1:R1-7:R2$$$",-7.46300000,ok,,flexible
"PEPTIDE1{Me_Bal.A.dA.dP.dF.meY.Y}$PEPTIDE1,PEPTIDE1,1:R1-7:R2$$$",-8.02300000,ok,,flexible
"PEPTIDE1{meA.P.dP.Me_dL.meL.meY.Y}$PEPTIDE1,PEPTIDE1,1:R1-7:R2$$$",-7.03500000,ok,,flexible
"PEPTIDE1{dA.A.meA.G.T.meL.P}$PEPTIDE1,PEPTIDE1,1:R1-7:R2$$$",-7.54500000,ok,,flexible
"PEPTIDE1{dA.dP.F.P.F.meL.P}$PEPTIDE1,PEPTIDE1,1:R1-7:R2$$$",-7.42700000,ok,,flexible
"PEPTIDE1{dV.Mono6.meL.dP.P.P.T}$PEPTIDE1,PEPTIDE1,1:R1-7:R2$$$",-7.43300000,ok,,flexible
"PEPTIDE1{meA.meF.T.Phe(4-CF3).dP.P.G}$PEPTIDE1,PEPTIDE1,1:R1-7:R2$$$",-7.31400000,ok,,flexible
"PEPTIDE1{Me_dA.Sar.meA.dF.Ser(tBu).dA.dP}$PEPTIDE1,PEPTIDE1,1:R1-7:R2$$$",-7.43300000,ok,,flexible
"PEPTIDE1{Me_Bal.Me_dA.A.meA.dP.T.P}$PEPTIDE1,PEPTIDE1,1:R1-7:R2$$$",-7.39000000,ok,,flexible
"PEPTIDE1{dA.Me_dL.T.meA.Mono78.F.V}$PEPTIDE1,PEPTIDE1,1:R1-7:R2$$$",-7.33100000,ok,,flexible
"PEPTIDE1{dV.meF.dP.dP.T.P.G}$PEPTIDE1,PEPTIDE1,1:R1-7:R2$$$",-7.34500000,ok,,flexible
"PEPTIDE1{dF.P.dP.meL.T.P.G}$PEPTIDE1,PEPTIDE1,1:R1-7:R2$$$",-7.43100000,ok,,flexible
"PEPTIDE1{meA.Sar.dP.P.T.V.Me_dA}$PEPTIDE1,PEPTIDE1,1:R1-7:R2$$$",-7.29900000,ok,,flexible
"PEPTIDE1{F.T.P.P.Me_Phe(3-Cl).dP.I}$PEPTIDE1,PEPTIDE1,1:R1-7:R2$$$",-7.40000000,ok,,flexible
"PEPTIDE1{A.Me_dAbu.P.T.P.T.F}$PEPTIDE1,PEPTIDE1,1:R1-7:R2$$$",-7.38600000,ok,,flexible
"PEPTIDE1{meA.Me_dA.P.meY.Me_dL.G.meY}$PEPTIDE1,PEPTIDE1,1:R1-7:R2$$$",-7.35600000,ok,,flexible
"PEPTIDE1{meA.Pr_Gly.dP.dF.T.P.Asp_piperidide}$PEPTIDE1,PEPTIDE1,1:R1-7:R2$$$",-7.31900000,ok,,flexible
"PEPTIDE1{Me_dA.meA.dP.meL.P.P.T}$PEPTIDE1,PEPTIDE1,1:R1-7:R2$$$",-7.31700000,ok,,flexible
"PEPTIDE1{dF.P.Mono7.T.Me_Phe(3-Cl).dP.G}$PEPTIDE1,PEPTIDE1,1:R1-7:R2$$$",-6.83100000,ok,,flexible
"PEPTIDE1{A.Me_dA.Sar.P.T.G.meL}$PEPTIDE1,PEPTIDE1,1:R1-7:R2$$$",-7.29400000,ok,,flexible
"PEPTIDE1{L.P.P.meL.dP.Y.G}$PEPTIDE1,PEPTIDE1,1:R1-7:R2$$$",-7.72300000,ok,,flexible
"PEPTIDE1{Me_Bal.meY.I.F.T.dP.Sar}$PEPTIDE1,PEPTIDE1,1:R1-7:R2$$$",-7.74700000,ok,,flexible
"PEPTIDE1{Me_dA.G.Me_dL.F.dP.dA.meA}$PEPTIDE1,PEPTIDE1,1:R1-7:R2$$$",-7.31400000,ok,,flexible
"PEPTIDE1{Mono6.Me_dL.meY.meA.T.P.dP}$PEPTIDE1,PEPTIDE1,1:R1-7:R2$$$",-7.22400000,ok,,flexible
"PEPTIDE1{meA.T.Asp_piperidide.P.Me_dL.P.Y}$PEPTIDE1,PEPTIDE1,1:R1-7:R2$$$",-7.29900000,ok,,flexible
"PEPTIDE1{Me_Bal.dL.P.meA.Me_dA.meY.dF}$PEPTIDE1,PEPTIDE1,1:R1-7:R2$$$",-7.28900000,ok,,flexible
"PEPTIDE1{Me_dA.D.dP.P.Me_Phe(3-Cl).meL.F}$PEPTIDE1,PEPTIDE1,1:R1-7:R2$$$",-7.29400000,ok,,flexible
"PEPTIDE1{Me_dA.Mono38.meA.I.P.P.meL}$PEPTIDE1,PEPTIDE1,1:R1-7:R2$$$",-7.24600000,ok,,flexible
"PEPTIDE1{F.Me_dA.meY.P.dP.I.P}$PEPTIDE1,PEPTIDE1,1:R1-7:R2$$$",-7.33300000,ok,,flexible
"PEPTIDE1{meA.T.Me_Phe(3-Cl).P.Asp_piperidide.P.P}$PEPTIDE1,PEPTIDE1,1:R1-7:R2$$$",-7.23700000,ok,,flexible
"PEPTIDE1{Mono6.D.Asp_piperidide.F.P.Et_Gly.V}$PEPTIDE1,PEPTIDE1,1:R1-7:R2$$$",-6.73100000,ok,,flexible
"PEPTIDE1{dF.T.dP.meL.meA.P.meL}$PEPTIDE1,PEPTIDE1,1:R1-7:R2$$$",-7.19000000,ok,,flexible
"PEPTIDE1{Me_dA.meY.P.T.dP.meA.I}$PEPTIDE1,PEPTIDE1,1:R1-7:R2$$$",-7.31400000,ok,,flexible
"PEPTIDE1{dA.T.L.G.A.P.meF}$PEPTIDE1,PEPTIDE1,1:R1-7:R2$$$",-7.22300000,ok,,flexible
"PEPTIDE1{Me_dA.Pr_Gly.meY.meA.dP.P.meL}$PEPTIDE1,PEPTIDE1,1:R1-7:R2$$$",-7.06100000,ok,,flexible
"PEPTIDE1{Me_dA.Me_dL.P.dP.P.I.G}$PEPTIDE1,PEPTIDE1,1:R1-7:R2$$$",-7.24700000,ok,,flexible
"PEPTIDE1{Me_Bal.T.Y.Me_dA.meY.G.P}$PEPTIDE1,PEPTIDE1,1:R1-7:R2$$$",-7.41800000,ok,,flexible
"PEPTIDE1{A.P.P.T.G.dP.Me_dL}$PEPTIDE1,PEPTIDE1,1:R1-7:R2$$$",-7.13600000,ok,,flexible
"PEPTIDE1{meA.P.dP.D.P.G.Sar}$PEPTIDE1,PEPTIDE1,1:R1-7:R2$$$",-6.92200000,ok,,flexible
"PEPTIDE1{meA.dF.T.dP.P.meL.F}$PEPTIDE1,PEPTIDE1,1:R1-7:R2$$$",-7.23400000,ok,,flexible
"PEPTIDE1{F.P.P.dP.Asp_piperidide.T.I}$PEPTIDE1,PEPTIDE1,1:R1-7:R2$$$",-7.36600000,ok,,flexible
"PEPTIDE1{meA.P.P.dP.T.F.G}$PEPTIDE1,PEPTIDE1,1:R1-7:R2$$$",-7.12200000,ok,,flexible
"PEPTIDE1{meA.A.I.P.P.G.Me_Phe(3-Cl)}$PEPTIDE1,PEPTIDE1,1:R1-7:R2$$$",-7.02200000,ok,,flexible
"PEPTIDE1{dV.meL.Sar.meA.T.dP.Me_dA}$PEPTIDE1,PEPTIDE1,1:R1-7:R2$$$",-7.24300000,ok,,flexible
"PEPTIDE1{Pr_Gly.cHexCH2_Gly.D.dP.Me_Phe(3-Cl).P.F}$PEPTIDE1,PEPTIDE1,1:R1-7:R2$$$",-6.63200000,ok,,flexible
"PEPTIDE1{Me_Bal.dP.P.meL.F.V.G}$PEPTIDE1,PEPTIDE1,1:R1-7:R2$$$",-7.25600000,ok,,flexible
"PEPTIDE1{Me_Bal.A.cHexCH2_Gly.meL.P.meA.Sar}$PEPTIDE1,PEPTIDE1,1:R1-7:R2$$$",-7.11800000,ok,,flexible
"PEPTIDE1{A.meL.L.meF.dP.Sar.meL}$PEPTIDE1,PEPTIDE1,1:R1-7:R2$$$",-7.25100000,ok,,flexible
"PEPTIDE1{meA.Me_dAbu.F.F.dP.Phe(4-CF3).P}$PEPTIDE1,PEPTIDE1,1:R1-7:R2$$$",-7.45000000,ok,,flexible
"PEPTIDE1{Mono6.Mono84.F.P.Ser(tBu).P.dP}$PEPTIDE1,PEPTIDE1,1:R1-7:R2$$$",-7.10200000,ok,,flexible
"PEPTIDE1{P.G.dP.Me_dL.P.V.meY}$PEPTIDE1,PEPTIDE1,1:R1-7:R2$$$",-7.22900000,ok,,flexible
"PEPTIDE1{Me_Bal.dP.F.P.P.Sar.meL}$PEPTIDE1,PEPTIDE1,1:R1-7:R2$$$",-7.09500000,ok,,flexible
"PEPTIDE1{dA.P.meL.A.F.P.V}$PEPTIDE1,PEPTIDE1,1:R1-7:R2$$$",-7.11200000,ok,,flexible
"PEPTIDE1{meA.F.T.dP.I.F.G}$PEPTIDE1,PEPTIDE1,1:R1-7:R2$$$",-7.12400000,ok,,flexible
"PEPTIDE1{meA.A.F.Me_dL.P.dA.Me_dA}$PEPTIDE1,PEPTIDE1,1:R1-7:R2$$$",-7.02400000,ok,,flexible
"PEPTIDE1{P.Pr_Gly.meA.Me_dA.F.dP.A}$PEPTIDE1,PEPTIDE1,1:R1-7:R2$$$",-7.33700000,ok,,flexible
"PEPTIDE1{Mono6.dP.Me_dL.meL.P.F.D}$PEPTIDE1,PEPTIDE1,1:R1-7:R2$$$",-7.26000000,ok,,flexible
"PEPTIDE1{dF.meA.dP.Me_dA.Y.Sar.meY}$PEPTIDE1,PEPTIDE1,1:R1-7:R2$$$",-7.18300000,ok,,flexible
"PEPTIDE1{meA.F.T.T.P.A.L}$PEPTIDE1,PEPTIDE1,1:R1-7:R2$$$",-6.78800000,ok,,flexible
"PEPTIDE1{A.meF.P.Mono84.P.dP.L}$PEPTIDE1,PEPTIDE1,1:R1-7:R2$$$",-7.14400000,ok,,flexible
"PEPTIDE1{Mono6.P.meL.F.P.dP.V}$PEPTIDE1,PEPTIDE1,1:R1-7:R2$$$",-7.23900000,ok,,flexible
"PEPTIDE1{Mono6.dP.T.Y.meY.G.F}$PEPTIDE1,PEPTIDE1,1:R1-7:R2$$$",-7.39700000,ok,,flexible
"PEPTIDE1{A.P.meA.dP.V.T.meI}$PEPTIDE1,PEPTIDE1,1:R1-7:R2$$$",-6.50300000,ok,,flexible
"PEPTIDE1{Mono6.P.T.T.Sar.F.dP}$PEPTIDE1,PEPTIDE1,1:R1-7:R2$$$",-7.04200000,ok,,flexible
"PEPTIDE1{dA.meL.P.F.L.P.A}$PEPTIDE1,PEPTIDE1,1:R1-7:R2$$$",-7.16300000,ok,,flexible
"PEPTIDE1{Mono6.T.V.Me_dL.L.T.Me_Phe(3-Cl)}$PEPTIDE1,PEPTIDE1,1:R1-7:R2$$$",-7.07500000,ok,,flexible
"PEPTIDE1{meA.F.P.D.Sar.G.meL}$PEPTIDE1,PEPTIDE1,1:R1-7:R2$$$",-7.17100000,ok,,flexible
"PEPTIDE1{meA.P.meL.Me_dL.T.dP.meY}$PEPTIDE1,PEPTIDE1,1:R1-7:R2$$$",-7.17100000,ok,,flexible
"PEPTIDE1{dV.dP.meL.F.Sar.F.G}$PEPTIDE1,PEPTIDE1,1:R1-7:R2$$$",-7.11900000,ok,,flexible
"PEPTIDE1{dA.Sar.P.L.dP.T.Mono78}$PEPTIDE1,PEPTIDE1,1:R1-7:R2$$$",-6.99100000,ok,,flexible
"PEPTIDE1{A.L.meA.meF.T.F.dP}$PEPTIDE1,PEPTIDE1,1:R1-7:R2$$$",-7.31800000,ok,,flexible
"PEPTIDE1{Me_dA.Sar.L.dP.P.F.G}$PEPTIDE1,PEPTIDE1,1:R1-7:R2$$$",-7.05700000,ok,,flexible
"PEPTIDE1{F.cHexCH2_Gly.A.Mono84.dP.L.T}$PEPTIDE1,PEPTIDE1,1:R1-7:R2$$$",-6.99700000,ok,,flexible
"PEPTIDE1{dA.Me_Phe(3-Cl).V.dP.dP.Asp_piperidide.F}$PEPTIDE1,PEPTIDE1,1:R1-7:R2$$$",-6.68900000,ok,,flexible
"PEPTIDE1{dA.meA.T.G.P.F.L}$PEPTIDE1,PEPTIDE1,1:R1-7:R2$$$",-7.11800000,ok,,flexible
"PEPTIDE1{dF.T.dP.P.meF.meL.A}$PEPTIDE1,PEPTIDE1,1:R1-7:R2$$$",-6.80300000,ok,,flexible
"PEPTIDE1{Me_dA.T.Ser(tBu).dA.P.meF.dL}$PEPTIDE1,PEPTIDE1,1:R1-7:R2$$$",-6.85400000,ok,,flexible
"PEPTIDE1{dV.T.Me_Phe(3-Cl).F.P.V.G}$PEPTIDE1,PEPTIDE1,1:R1-7:R2$$$",-6.57500000,ok,,flexible
"PEPTIDE1{meA.Me_dA.dP.T.P.Me_dL.T}$PEPTIDE1,PEPTIDE1,1:R1-7:R2$$$",-7.07600000,ok,,flexible
"PEPTIDE1{A.meA.dP.F.P.Me_dL.T}$PEPTIDE1,PEPTIDE1,1:R1-7:R2$$$",-7.03200000,ok,,flexible
"PEPTIDE1{dF.Me_dA.dP.P.T.dP.meY}$PEPTIDE1,PEPTIDE1,1:R1-7:R2$$$",-6.51500000,ok,,flexible
"PEPTIDE1{Me_dA.meL.meL.D.Me_Phe(3-Cl).G.F}$PEPTIDE1,PEPTIDE1,1:R1-7:R2$$$",-7.13100000,ok,,flexible
"PEPTIDE1{Me_Bal.P.meL.L.Me_dL.A.dP}$PEPTIDE1,PEPTIDE1,1:R1-7:R2$$$",-7.05100000,ok,,flexible
"PEPTIDE1{dA.pentyl_Gly.meA.P.T.L.V}$PEPTIDE1,PEPTIDE1,1:R1-7:R2$$$",-6.68300000,ok,,flexible
"PEPTIDE1{A.V.dP.Me_dL.P.F.G}$PEPTIDE1,PEPTIDE1,1:R1-7:R2$$$",-7.06500000,ok,,flexible
"PEPTIDE1{A.dP.D.P.L.F.G}$PEPTIDE1,PEPTIDE1,1:R1-7:R2$$$",-7.33300000,ok,,flexible
"PEPTIDE1{Me_Bal.dP.I.G.P.P.F}$PEPTIDE1,PEPTIDE1,1:R1-7:R2$$$",-7.06400000,ok,,flexible
"PEPTIDE1{dF.Mono38.T.Me_Phe(3-Cl).P.Nle.I}$PEPTIDE1,PEPTIDE1,1:R1-7:R2$$$",-6.81600000,ok,,flexible
"PEPTIDE1{dA.Me_dA.meL.P.meF.T.F}$PEPTIDE1,PEPTIDE1,1:R1-7:R2$$$",-6.94100000,ok,,flexible
"PEPTIDE1{F.T.P.Asp_piperidide.I.P.dP}$PEPTIDE1,PEPTIDE1,1:R1-7:R2$$$",-7.38800000,ok,,flexible
"PEPTIDE1{Mono6.F.T.Me_Phe(3-Cl).L.dL.dP}$PEPTIDE1,PEPTIDE1,1:R1-7:R2$$$",-7.09800000,ok,,flexible
"PEPTIDE1{Me_Bal.dP.T.D.G.F.P}$PEPTIDE1,PEPTIDE1,1:R1-7:R2$$$",-7.04600000,ok,,flexible
"PEPTIDE1{meA.T.P.I.dP.F.meL}$PEPTIDE1,PEPTIDE1,1:R1-7:R2$$$",-7.05500000,ok,,flexible
"PEPTIDE1{meA.P.D.G.P.F.T}$PEPTIDE1,PEPTIDE1,1:R1-7:R2$$$",-7.05700000,ok,,flexible
"PEPTIDE1{meA.P.meL.meY.T.F.dP}$PEPTIDE1,PEPTIDE1,1:R1-7:R2$$$",-7.09000000,ok,,flexible
"PEPTIDE1{F.Et_Gly.Asp_piperidide.Me_Phe(3-Cl).P.dP.T}$PEPTIDE1,PEPTIDE1,1:R1-7:R2$$$",-7.04600000,ok,,flexible
"PEPTIDE1{Me_dA.T.meL.P.F.dP.V}$PEPTIDE1,PEPTIDE1,1:R1-7:R2$$$",-6.44100000,ok,,flexible
"PEPTIDE1{A.dP.F.F.Sar.G.meL}$PEPTIDE1,PEPTIDE1,1:R1-7:R2$$$",-7.20300000,ok,,flexible
"PEPTIDE1{A.L.dP.Me_Phe(3-Cl).T.Sar.G}$PEPTIDE1,PEPTIDE1,1:R1-7:R2$$$",-7.09400000,ok,,flexible
"PEPTIDE1{A.T.P.I.dP.D.Y}$PEPTIDE1,PEPTIDE1,1:R1-7:R2$$$",-6.87400000,ok,,flexible
"PEPTIDE1{meA.I.G.Me_dL.L.P.Sar}$PEPTIDE1,PEPTIDE1,1:R1-7:R2$$$",-7.01300000,ok,,flexible
"PEPTIDE1{Me_Bal.Me_dAbu.F.P.T.dP.F}$PEPTIDE1,PEPTIDE1,1:R1-7:R2$$$",-7.04600000,ok,,flexible
"PEPTIDE1{dA.T.dP.P.A.I.P}$PEPTIDE1,PEPTIDE1,1:R1-7:R2$$$",-7.03500000,ok,,flexible
"PEPTIDE1{dP.Me_dA.F.cHexCH2_Gly.L.P.T}$PEPTIDE1,PEPTIDE1,1:R1-7:R2$$$",-7.19700000,ok,,flexible
"PEPTIDE1{F.meY.P.P.meA.dP.meL}$PEPTIDE1,PEPTIDE1,1:R1-7:R2$$$",-6.80400000,ok,,flexible
"PEPTIDE1{Me_dA.meA.Me_dL.dL.F.A.G}$PEPTIDE1,PEPTIDE1,1:R1-7:R2$$$",-6.99200000,ok,,flexible
"PEPTIDE1{Me_Bal.A.meF.V.meL.Me_dL.dP}$PEPTIDE1,PEPTIDE1,1:R1-7:R2$$$",-6.89300000,ok,,flexible
"PEPTIDE1{Me_dA.Me_dL.P.P.dP.meY.Y}$PEPTIDE1,PEPTIDE1,1:R1-7:R2$$$",-7.05700000,ok,,flexible
"PEPTIDE1{meA.Me_dA.cHexCH2_Gly.P.dP.I.G}$PEPTIDE1,PEPTIDE1,1:R1-7:R2$$$",-6.74000000,ok,,flexible
"PEPTIDE1{Mono6.I.Me_dL.meF.F.T.P}$PEPTIDE1,PEPTIDE1,1:R1-7:R2$$$",-7.01300000,ok,,flexible
"PEPTIDE1{Me_Bal.A.dF.meA.dV.meL.F}$PEPTIDE1,PEPTIDE1,1:R1-7:R2$$$",-6.82900000,ok,,flexible
"PEPTIDE1{Mono6.meL.P.D.dP.G.P}$PEPTIDE1,PEPTIDE1,1:R1-7:R2$$$",-7.03900000,ok,,flexible
"PEPTIDE1{A.dA.F.V.Me_dL.meA.dP}$PEPTIDE1,PEPTIDE1,1:R1-7:R2$$$",-6.86000000,ok,,flexible
"PEPTIDE1{Me_dA.T.P.T.P.F.A}$PEPTIDE1,PEPTIDE1,1:R1-7:R2$$$",-7.02600000,ok,,flexible
"PEPTIDE1{Me_dA.P.P.Y.F.meY.G}$PEPTIDE1,PEPTIDE1,1:R1-7:R2$$$",-6.98400000,ok,,flexible
"PEPTIDE1{meA.V.P.meL.P.F.T}$PEPTIDE1,PEPTIDE1,1:R1-7:R2$$$",-6.88600000,ok,,flexible
"PEPTIDE1{Me_Bal.Pr_Gly.meA.dP.meL.P.Me_dL}$PEPTIDE1,PEPTIDE1,1:R1-7:R2$$$",-7.05200000,ok,,flexible
"PEPTIDE1{Me_dA.T.P.P.D.Y.dP}$PEPTIDE1,PEPTIDE1,1:R1-7:R2$$$",-7.83600000,ok,,flexible
"PEPTIDE1{Mono6.dP.Phe(4-CF3).D.P.P.F}$PEPTIDE1,PEPTIDE1,1:R1-7:R2$$$",-8.25700000,ok,,flexible
"PEPTIDE1{Mono6.dP.F.P.meL.D.T}$PEPTIDE1,PEPTIDE1,1:R1-7:R2$$$",-8.05600000,ok,,flexible
"PEPTIDE1{dA.meA.meF.P.dP.F.G}$PEPTIDE1,PEPTIDE1,1:R1-7:R2$$$",-8.05000000,ok,,flexible
"PEPTIDE1{Mono6.Me_dL.F.P.P.dP.G}$PEPTIDE1,PEPTIDE1,1:R1-7:R2$$$",-8.11800000,ok,,flexible
"PEPTIDE1{dF.P.Mono6.P.dP.T.G}$PEPTIDE1,PEPTIDE1,1:R1-7:R2$$$",-7.95900000,ok,,flexible
"PEPTIDE1{Mono6.P.dP.dP.P.F.G}$PEPTIDE1,PEPTIDE1,1:R1-7:R2$$$",-8.00700000,ok,,flexible
"PEPTIDE1{Me_dA.T.Y.F.P.meY.dP}$PEPTIDE1,PEPTIDE1,1:R1-7:R2$$$",-7.87200000,ok,,flexible
"PEPTIDE1{dA.dP.F.P.Mono78.A.Mono90}$PEPTIDE1,PEPTIDE1,1:R1-7:R2$$$",-7.95100000,ok,,flexible
"PEPTIDE1{dA.dP.F.T.Y.Me_Phe(3-Cl).P}$PEPTIDE1,PEPTIDE1,1:R1-7:R2$$$",-7.36100000,ok,,flexible
"PEPTIDE1{A.meL.T.dP.P.meF.dP}$PEPTIDE1,PEPTIDE1,1:R1-7:R2$$$",-7.90700000,ok,,flexible
"PEPTIDE1{Me_dA.dP.P.P.G.dP.T}$PEPTIDE1,PEPTIDE1,1:R1-7:R2$$$",-7.91100000,ok,,flexible
"PEPTIDE1{dV.meA.dP.Me_Phe(3-Cl).P.Phe(4-CF3).meL}$PEPTIDE1,PEPTIDE1,1:R1-7:R2$$$",-7.85800000,ok,,flexible
"PEPTIDE1{Mono6.Me_dA.P.G.dP.Y.dP}$PEPTIDE1,PEPTIDE1,1:R1-7:R2$$$",-7.69200000,ok,,flexible
"PEPTIDE1{Me_Bal.Mono38.A.P.Mono7.meF.Phe(4-CF3)}$PEPTIDE1,PEPTIDE1,1:R1-7:R2$$$",-7.89300000,ok,,flexible
"PEPTIDE1{dP.meA.P.Sar.meL.F.G}$PEPTIDE1,PEPTIDE1,1:R1-7:R2$$$",-7.84700000,ok,,flexible
"PEPTIDE1{dF.T.dP.P.G.Me_Phe(3-Cl).P}$PEPTIDE1,PEPTIDE1,1:R1-7:R2$$$",-7.84500000,ok,,flexible
"PEPTIDE1{Mono6.T.P.dP.meA.meL.dA}$PEPTIDE1,PEPTIDE1,1:R1-7:R2$$$",-7.76200000,ok,,flexible
"PEPTIDE1{dF.P.dP.P.T.Me_Phe(3-Cl).G}$PEPTIDE1,PEPTIDE1,1:R1-7:R2$$$",-8.07500000,ok,,flexible
"PEPTIDE1{meA.P.dA.meL.F.T.Me_Phe(3-Cl)}$PEPTIDE1,PEPTIDE1,1:R1-7:R2$$$",-7.94900000,ok,,flexible
"PEPTIDE1{Me_dA.G.Y.T.I.F.dY}$PEPTIDE1,PEPTIDE1,1:R1-7:R2$$$",-7.70000000,ok,,flexible
"PEPTIDE1{meA.A.meL.P.dP.dP.F}$PEPTIDE1,PEPTIDE1,1:R1-7:R2$$$",-7.74900000,ok,,flexible
"PEPTIDE1{dF.P.P.G.Et_Gly.L.dP}$PEPTIDE1,PEPTIDE1,1:R1-7:R2$$$",-7.33400000,ok,,flexible
"PEPTIDE1{Me_dA.P.F.P.meL.P.dP}$PEPTIDE1,PEPTIDE1,1:R1-7:R2$$$",-7.16400000,ok,,flexible
"PEPTIDE1{Me_Bal.Me_dA.dP.Me_dL.G.Y.P}$PEPTIDE1,PEPTIDE1,1:R1-7:R2$$$",-7.71500000,ok,,flexible
"PEPTIDE1{dV.P.P.P.dP.F.Me_Phe(3-Cl)}$PEPTIDE1,PEPTIDE1,1:R1-7:R2$$$",-7.76000000,ok,,flexible
"PEPTIDE1{dA.dP.T.Phe(4-CF3).F.G.P}$PEPTIDE1,PEPTIDE1,1:R1-7:R2$$$",-6.83700000,ok,,flexible
"PEPTIDE1{Mono6.P.meL.Me_Phe(3-Cl).P.dP.G}$PEPTIDE1,PEPTIDE1,1:R1-7:R2$$$",-7.72700000,ok,,flexible
"PEPTIDE1{Me_Bal.T.F.Sar.P.dP.V}$PEPTIDE1,PEPTIDE1,1:R1-7:R2$$$",-7.69600000,ok,,flexible
"PEPTIDE1{dV.Sar.dP.P.Phe(4-CF3).dP.G}$PEPTIDE1,PEPTIDE1,1:R1-7:R2$$$",-7.53200000,ok,,flexible
"PEPTIDE1{dF.P.dP.P.T.G.F}$PEPTIDE1,PEPTIDE1,1:R1-7:R2$$$",-7.75700000,ok,,flexible
"PEPTIDE1{dF.dP.F.P.G.Me_Phe(3-Cl).I}$PEPTIDE1,PEPTIDE1,1:R1-7:R2$$$",-7.62700000,ok,,flexible
"PEPTIDE1{Mono6.meA.Me_dA.meY.dP.G.P}$PEPTIDE1,PEPTIDE1,1:R1-7:R2$$$",-7.64400000,ok,,flexible
"PEPTIDE1{Me_Bal.F.P.P.dF.dA.A}$PEPTIDE1,PEPTIDE1,1:R1-7:R2$$$",-7.65600000,ok,,flexible
"PEPTIDE1{F.P.dP.dP.P.T.meL}$PEPTIDE1,PEPTIDE1,1:R1-7:R2$$$",-7.59900000,ok,,flexible
"PEPTIDE1{Mono6.meA.dP.dP.Me_dL.P.P}$PEPTIDE1,PEPTIDE1,1:R1-7:R2$$$",-7.75500000,ok,,flexible
"PEPTIDE1{P.A.T.Me_Phe(3-Cl).meA.D.meF}$PEPTIDE1,PEPTIDE1,1:R1-7:R2$$$",-7.60300000,ok,,flexible
"PEPTIDE1{Mono6.T.P.dP.P.P.F}$PEPTIDE1,PEPTIDE1,1:R1-7:R2$$$",-7.54200000,ok,,flexible
"PEPTIDE1{Sar.P.meL.meF.dP.F.dP}$PEPTIDE1,PEPTIDE1,1:R1-7:R2$$$",-7.57200000,ok,,flexible
"PEPTIDE1{dF.P.P.meL.Phe(4-CF3).dP.Me_Phe(3-Cl)}$PEPTIDE1,PEPTIDE1,1:R1-7:R2$$$",-7.83900000,ok,,flexible
"PEPTIDE1{dV.meY.P.dP.Me_dL.G.P}$PEPTIDE1,PEPTIDE1,1:R1-7:R2$$$",-7.09100000,ok,,flexible
"PEPTIDE1{dF.P.dP.T.P.Phe(4-CF3).Me_Phe(3-Cl)}$PEPTIDE1,PEPTIDE1,1:R1-7:R2$$$",-7.58100000,ok,,flexible
"PEPTIDE1{F.Me_dA.dP.P.P.Y.P}$PEPTIDE1,PEPTIDE1,1:R1-7:R2$$$",-7.58600000,ok,,flexible
"PEPTIDE1{meA.Sar.P.F.P.T.dP}$PEPTIDE1,PEPTIDE1,1:R1-7:R2$$$",-7.23600000,ok,,flexible
"PEPTIDE1{Mono6.Mono84.Mono86.G.P.dP.T}$PEPTIDE1,PEPTIDE1,1:R1-7:R2$$$",-7.57800000,ok,,flexible
"PEPTIDE1{meA.dP.Mono84.P.Me_Phe(3-Cl).P.dP}$PEPTIDE1,PEPTIDE1,1:R1-7:R2$$$",-7.59500000,ok,,flexible
"PEPTIDE1{dA.Me_dA.dP.Mono6.P.dP.F}$PEPTIDE1,PEPTIDE1,1:R1-7:R2$$$",-7.37000000,ok,,flexible
"PEPTIDE1{Sar.V.meA.G.P.dP.F}$PEPTIDE1,PEPTIDE1,1:R1-7:R2$$$",-7.51700000,ok,,flexible
"PEPTIDE1{Mono6.A.I.dP.G.meL.F}$PEPTIDE1,PEPTIDE1,1:R1-7:R2$$$",-6.73700000,ok,,flexible
"PEPTIDE1{Mono6.meY.T.P.P.dP.Y}$PEPTIDE1,PEPTIDE1,1:R1-7:R2$$$",-7.41000000,ok,,flexible
"PEPTIDE1{meA.A.meF.T.P.dP.Me_dA}$PEPTIDE1,PEPTIDE1,1:R1-7:R2$$$",-7.02100000,ok,,flexible
"PEPTIDE1{Me_Bal.L.Me_dA.dP.Me_Phe(3-Cl).G.V}$PEPTIDE1,PEPTIDE1,1:R1-7:R2$$$",-7.09700000,ok,,flexible
"PEPTIDE1{dA.Me_dA.meF.F.P.Me_Phe(3-Cl).dP}$PEPTIDE1,PEPTIDE1,1:R1-7:R2$$$",-7.52300000,ok,,flexible
"PEPTIDE1{Me_Bal.F.cHexCH2_Gly.P.A.dP.T}$PEPTIDE1,PEPTIDE1,1:R1-7:R2$$$",-7.49700000,ok,,flexible
"PEPTIDE1{dF.Asp_piperidide.Me_Phe(3-Cl).P.T.P.G}$PEPTIDE1,PEPTIDE1,1:R1-7:R2$$$",-7.45200000,ok,,flexible
"PEPTIDE1{Mono6.meL.P.F.dP.Phe(4-CF3).G}$PEPTIDE1,PEPTIDE1,1:R1-7:R2$$$",-7.50900000,ok,,flexible
"PEPTIDE1{dV.dP.dP.T.Phe(4-CF3).T.G}$PEPTIDE1,PEPTIDE1,1:R1-7:R2$$$",-7.48000000,ok,,flexible
"PEPTIDE1{meA.P.T.I.V.P.dP}$PEPTIDE1,PEPTIDE1,1:R1-7:R2$$$",-7.49900000,ok,,flexible
"PEPTIDE1{Me_Bal.meY.dP.dP.P.P.P}$PEPTIDE1,PEPTIDE1,1:R1-7:R2$$$",-7.51400000,ok,,flexible
"PEPTIDE1{Me_Bal.dP.Pr_Gly.meA.F.meY.dP}$PEPTIDE1,PEPTIDE1,1:R1-7:R2$$$",-7.43900000,ok,,flexible
"PEPTIDE1{Mono6.dP.P.T.Asp_piperidide.T.dP}$PEPTIDE1,PEPTIDE1,1:R1-7:R2$$$",-7.44400000,ok,,flexible
"PEPTIDE1{meA.dP.dP.P.P.I.P}$PEPTIDE1,PEPTIDE1,1:R1-7:R2$$$",-7.46600000,ok,,flexible
"PEPTIDE1{A.A.Me_dA.F.meL.dP.Me_Phe(3-Cl)}$PEPTIDE1,PEPTIDE1,1:R1-7:R2$$$",-7.30900000,ok,,flexible
"PEPTIDE1{dV.meL.P.F.G.G.dP}$PEPTIDE1,PEPTIDE1,1:R1-7:R2$$$",-7.41500000,ok,,flexible
"PEPTIDE1{Me_Bal.P.P.dP.T.dP.P}$PEPTIDE1,PEPTIDE1,1:R1-7:R2$$$",-7.50500000,ok,,flexible
"PEPTIDE1{Me_dA.Mono6.dP.Me_dL.G.F.dP}$PEPTIDE1,PEPTIDE1,1:R1-7:R2$$$",-7.46300000,ok,,flexible
"PEPTIDE1{Me_dA.P.F.P.V.dP.P}$PEPTIDE1,PEPTIDE1,1:R1-7:R2$$$",-7.43000000,ok,,flexible
"PEPTIDE1{dA.F.Y.P.dP.G.D}$PEPTIDE1,PEPTIDE1,1:R1-7:R2$$$",-7.45700000,ok,,flexible
"PEPTIDE1{meA.Y.G.P.Me_Phe(3-Cl).dP.F}$PEPTIDE1,PEPTIDE1,1:R1-7:R2$$$",-7.48900000,ok,,flexible
"PEPTIDE1{meA.meL.G.F.dP.Y.P}$PEPTIDE1,PEPTIDE1,1:R1-7:R2$$$",-7.65900000,ok,,flexible
"PEPTIDE1{Mono6.meL.dP.Me_dA.P.P.meY}$PEPTIDE1,PEPTIDE1,1:R1-7:R2$$$",-7.46000000,ok,,flexible
"PEPTIDE1{Me_Bal.dA.P.Mono7.T.P.F}$PEPTIDE1,PEPTIDE1,1:R1-7:R2$$$",-7.37100000,ok,,flexible
"PEPTIDE1{Mono6.F.P.Me_Phe(3-Cl).dP.P.Et_Gly}$PEPTIDE1,PEPTIDE1,1:R1-7:R2$$$",-7.29200000,ok,,flexible
"PEPTIDE1{Mono6.dP.dP.T.P.P.Y}$PEPTIDE1,PEPTIDE1,1:R1-7:R2$$$",-7.45900000,ok,,flexible
"PEPTIDE1{dA.dP.A.meA.P.F.G}$PEPTIDE1,PEPTIDE1,1:R1-7:R2$$$",-7.46500000,ok,,flexible
"PEPTIDE1{F.Mono84.Et_Gly.T.dP.P.dP}$PEPTIDE1,PEPTIDE1,1:R1-7:R2$$$",-6.74900000,ok,,flexible
"PEPTIDE1{dF.T.P.G.dP.Et_Gly.Me_Phe(3-Cl)}$PEPTIDE1,PEPTIDE1,1:R1-7:R2$$$",-7.43300000,ok,,flexible
"PEPTIDE1{Me_Bal.F.meA.P.A.V.dP}$PEPTIDE1,PEPTIDE1,1:R1-7:R2$$$",-6.75600000,ok,,flexible
"PEPTIDE1{Me_Bal.A.P.dP.I.G.dP}$PEPTIDE1,PEPTIDE1,1:R1-7:R2$$$",-7.43800000,ok,,flexible
"PEPTIDE1{Me_Bal.P.F.P.dP.T.T}$PEPTIDE1,PEPTIDE1,1:R1-7:R2$$$",-7.45700000,ok,,flexible
"PEPTIDE1{Me_dA.dF.dP.T.meL.P.dP}$PEPTIDE1,PEPTIDE1,1:R1-7:R2$$$",-7.40900000,ok,,flexible
"PEPTIDE1{Me_Bal.meY.P.P.P.dP.Y}$PEPTIDE1,PEPTIDE1,1:R1-7:R2$$$",-7.48500000,ok,,flexible
"PEPTIDE1{dV.T.P.F.Phe(4-CF3).G.dP}$PEPTIDE1,PEPTIDE1,1:R1-7:R2$$$",-7.54000000,ok,,flexible
"PEPTIDE1{Me_Bal.dP.P.A.P.Ser(tBu).F}$PEPTIDE1,PEPTIDE1,1:R1-7:R2$$$",-7.45200000,ok,,flexible
"PEPTIDE1{dA.meA.Me_dA.dP.meL.P.P}$PEPTIDE1,PEPTIDE1,1:R1-7:R2$$$",-7.40400000,ok,,flexible
"PEPTIDE1{dA.P.V.I.Phe(4-CF3).P.dP}$PEPTIDE1,PEPTIDE1,1:R1-7:R2$$$",-7.40600000,ok,,flexible
"PEPTIDE1{Me_Bal.Me_dA.P.meL.P.F.Me_Phe(3-Cl)}$PEPTIDE1,PEPTIDE1,1:R1-7:R2$$$",-7.48200000,ok,,flexible
"PEPTIDE1{Mono6.P.dP.P.G.F.T}$PEPTIDE1,PEPTIDE1,1:R1-7:R2$$$",5.68300000,ok,,flexible
"PEPTIDE1{Me_Bal.Me_dA.dP.Y.Me_dL.P.G}$PEPTIDE1,PEPTIDE1,1:R1-7:R2$$$",-7.36900000,ok,,flexible
"PEPTIDE1{meA.G.F.I.dP.Y.P}$PEPTIDE1,PEPTIDE1,1:R1-7:R2$$$",-6.37200000,ok,,flexible
"PEPTIDE1{dV.P.F.V.G.dP.I}$PEPTIDE1,PEPTIDE1,1:R1-7:R2$$$",-7.39200000,ok,,flexible
"PEPTIDE1{Me_Bal.Sar.T.Phe(4-CF3).F.dP.dP}$PEPTIDE1,PEPTIDE1,1:R1-7:R2$$$",-7.37700000,ok,,flexible
"PEPTIDE1{dF.A.P.dP.L.Et_Gly.Me_Phe(3-Cl)}$PEPTIDE1,PEPTIDE1,1:R1-7:R2$$$",-7.44300000,ok,,flexible
"PEPTIDE1{Mono6.meA.meY.dP.dP.P.meL}$PEPTIDE1,PEPTIDE1,1:R1-7:R2$$$",-7.31600000,ok,,flexible
"PEPTIDE1{dA.Me_dL.F.G.I.dP.G}$PEPTIDE1,PEPTIDE1,1:R1-7:R2$$$",-7.38000000,ok,,flexible
"PEPTIDE1{dA.dY.T.P.F.G.I}$PEPTIDE1,PEPTIDE1,1:R1-7:R2$$$",-7.40200000,ok,,flexible
"PEPTIDE1{A.T.Me_Phe(3-Cl).F.P.P.L}$PEPTIDE1,PEPTIDE1,1:R1-7:R2$$$",-7.20000000,ok,,flexible
"PEPTIDE1{meA.T.F.dP.I.dF.meV}$PEPTIDE1,PEPTIDE1,1:R1-7:R2$$$",-7.20800000,ok,,flexible
"PEPTIDE1{dA.dP.P.dP.F.T.Phe(4-CF3)}$PEPTIDE1,PEPTIDE1,1:R1-7:R2$$$",-7.39400000,ok,,flexible
"PEPTIDE1{Me_Bal.T.Me_Phe(3-Cl).Phe(4-CF3).T.F.G}$PEPTIDE1,PEPTIDE1,1:R1-7:R2$$$",-7.22500000,ok,,flexible
"PEPTIDE1{dV.Phe(4-CF3).I.Me_Phe(3-Cl).G.P.L}$PEPTIDE1,PEPTIDE1,1:R1-7:R2$$$",-7.26700000,ok,,flexible
"PEPTIDE1{P.A.meL.dP.F.V.Me_dL}$PEPTIDE1,PEPTIDE1,1:R1-7:R2$$$",-7.37900000,ok,,flexible
"PEPTIDE1{Mono6.P.dP.P.Me_Phe(3-Cl).meL.T}$PEPTIDE1,PEPTIDE1,1:R1-7:R2$$$",-7.37300000,ok,,flexible
"PEPTIDE1{Mono6.dP.P.Y.T.dP.P}$PEPTIDE1,PEPTIDE1,1:R1-7:R2$$$",-8.15200000,ok,,flexible
"PEPTIDE1{F.dP.P.T.dP.D.P}$PEPTIDE1,PEPTIDE1,1:R1-7:R2$$$",-6.93700000,ok,,flexible
"PEPTIDE1{Me_dA.A.meA.F.meL.P.dP}$PEPTIDE1,PEPTIDE1,1:R1-7:R2$$$",-7.29600000,ok,,flexible
"PEPTIDE1{Me_dA.P.dP.dP.P.G.Me_Phe(3-Cl)}$PEPTIDE1,PEPTIDE1,1:R1-7:R2$$$",-7.21900000,ok,,flexible
"PEPTIDE1{A.meY.P.dP.dP.Me_dA.Me_dL}$PEPTIDE1,PEPTIDE1,1:R1-7:R2$$$",-7.33500000,ok,,flexible
"PEPTIDE1{dF.dP.V.I.P.F.P}$PEPTIDE1,PEPTIDE1,1:R1-7:R2$$$",-7.34200000,ok,,flexible
"PEPTIDE1{meA.dA.P.F.dP.Me_dL.G}$PEPTIDE1,PEPTIDE1,1:R1-7:R2$$$",-7.37600000,ok,,flexible
"PEPTIDE1{Me_Bal.F.meL.D.P.T.G}$PEPTIDE1,PEPTIDE1,1:R1-7:R2$$$",-7.34800000,ok,,flexible
"PEPTIDE1{dA.P.V.G.F.I.P}$PEPTIDE1,PEPTIDE1,1:R1-7:R2$$$",-7.33700000,ok,,flexible
"PEPTIDE1{Mono6.Me_dL.dP.P.meY.T.dP}$PEPTIDE1,PEPTIDE1,1:R1-7:R2$$$",-7.30800000,ok,,flexible
"PEPTIDE1{dA.T.P.F.F.P.Y}$PEPTIDE1,PEPTIDE1,1:R1-7:R2$$$",-7.02100000,ok,,flexible
"PEPTIDE1{dV.P.L.A.F.Ser(tBu).Mono84}$PEPTIDE1,PEPTIDE1,1:R1-7:R2$$$",-7.15900000,ok,,flexible
"PEPTIDE1{Me_dA.dL.P.meL.dP.dP.G}$PEPTIDE1,PEPTIDE1,1:R1-7:R2$$$",-7.32300000,ok,,flexible
"PEPTIDE1{A.meL.dP.F.T.P.meF}$PEPTIDE1,PEPTIDE1,1:R1-7:R2$$$",-7.33300000,ok,,flexible
"PEPTIDE1{Me_dA.meY.dP.Y.T.P.P}$PEPTIDE1,PEPTIDE1,1:R1-7:R2$$$",-7.28000000,ok,,flexible
"PEPTIDE1{dV.P.dP.meY.dP.Y.P}$PEPTIDE1,PEPTIDE1,1:R1-7:R2$$$",-7.32400000,ok,,flexible
"PEPTIDE1{meL.T.F.V.Me_Phe(3-Cl).G.P}$PEPTIDE1,PEPTIDE1,1:R1-7:R2$$$",-7.55900000,ok,,flexible
"PEPTIDE1{dF.D.I.G.dP.meL.F}$PEPTIDE1,PEPTIDE1,1:R1-7:R2$$$",-7.27900000,ok,,flexible
"PEPTIDE1{Mono6.T.G.P.F.P.Me_Phe(3-Cl)}$PEPTIDE1,PEPTIDE1,1:R1-7:R2$$$",-7.30400000,ok,,flexible
"PEPTIDE1{P.dA.dP.Me_dA.Me_Phe(3-Cl).Pr_Gly.dF}$PEPTIDE1,PEPTIDE1,1:R1-7:R2$$$",-7.57400000,ok,,flexible
"PEPTIDE1{dA.dP.F.D.G.meL.P}$PEPTIDE1,PEPTIDE1,1:R1-7:R2$$$",-7.06800000,ok,,flexible
"PEPTIDE1{dA.P.P.Y.dP.G.meL}$PEPTIDE1,PEPTIDE1,1:R1-7:R2$$$",-7.52000000,ok,,flexible
"PEPTIDE1{dF.T.A.dP.P.F.Me_Phe(3-Cl)}$PEPTIDE1,PEPTIDE1,1:R1-7:R2$$$",-7.31200000,ok,,flexible
"PEPTIDE1{A.Sar.meL.Phe(4-CF3).T.dP.P}$PEPTIDE1,PEPTIDE1,1:R1-7:R2$$$",-6.97400000,ok,,flexible
"PEPTIDE1{Me_Bal.Y.F.P.P.Sar.G}$PEPTIDE1,PEPTIDE1,1:R1-7:R2$$$",-7.29200000,ok,,flexible
"PEPTIDE1{meA.dP.P.P.T.meL.F}$PEPTIDE1,PEPTIDE1,1:R1-7:R2$$$",-7.27400000,ok,,flexible
"PEPTIDE1{meA.Me_dA.meY.P.Me_dL.F.dP}$PEPTIDE1,PEPTIDE1,1:R1-7:R2$$$",-7.19700000,ok,,flexible
"PEPTIDE1{Mono6.P.P.meY.G.P.T}$PEPTIDE1,PEPTIDE1,1:R1-7:R2$$$",-7.21300000,ok,,flexible
"PEPTIDE1{Me_dA.T.Mono6.P.P.Asp_piperidide.P}$PEPTIDE1,PEPTIDE1,1:R1-7:R2$$$",-7.25300000,ok,,flexible
"PEPTIDE1{meA.Me_dL.meY.dP.P.P.T}$PEPTIDE1,PEPTIDE1,1:R1-7:R2$$$",-7.27600000,ok,,flexible
"PEPTIDE1{dA.P.meL.Me_dL.F.T.P}$PEPTIDE1,PEPTIDE1,1:R1-7:R2$$$",-7.32000000,ok,,flexible
"PEPTIDE1{meA.Me_dA.Phe(4-CF3).T.G.meL.dP}$PEPTIDE1,PEPTIDE1,1:R1-7:R2$$$",-7.29100000,ok,,flexible
"PEPTIDE1{P.G.Me_dA.I.Y.Me_Phe(3-Cl).T}$PEPTIDE1,PEPTIDE1,1:R1-7:R2$$$",-7.37800000,ok,,flexible
"PEPTIDE1{dV.Me_dA.Phe(4-CF3).Sar.T.G.dP}$PEPTIDE1,PEPTIDE1,1:R1-7:R2$$$",-7.31600000,ok,,flexible
"PEPTIDE1{Me_dA.Me_dAbu.Phe(4-CF3).T.G.dP.D}$PEPTIDE1,PEPTIDE1,1:R1-7:R2$$$",-7.31900000,ok,,flexible
"PEPTIDE1{Me_dA.dP.T.P.meL.P.dP}$PEPTIDE1,PEPTIDE1,1:R1-7:R2$$$",-7.20900000,ok,,flexible
"PEPTIDE1{Me_dA.G.Me_dL.P.T.Y.dP}$PEPTIDE1,PEPTIDE1,1:R1-7:R2$$$",-7.36200000,ok,,flexible
"PEPTIDE1{dV.P.T.meY.Me_dL.G.T}$PEPTIDE1,PEPTIDE1,1:R1-7:R2$$$",-6.13300000,ok,,flexible
"PEPTIDE1{meA.meY.P.Y.dP.Me_dL.G}$PEPTIDE1,PEPTIDE1,1:R1-7:R2$$$",-7.14200000,ok,,flexible
"PEPTIDE1{dV.F.P.I.Phe(4-CF3).Y.P}$PEPTIDE1,PEPTIDE1,1:R1-7:R2$$$",-7.23200000,ok,,flexible
"PEPTIDE1{Mono6.pentyl_Gly.Mono84.L.Mono84.T.3Pal}$PEPTIDE1,PEPTIDE1,1:R1-7:R2$$$",-7.04000000,ok,,flexible
"PEPTIDE1{meA.pentyl_Gly.P.dP.dP.P.Y}$PEPTIDE1,PEPTIDE1,1:R1-7:R2$$$",-7.40200000,ok,,flexible
"PEPTIDE1{meA.G.dP.P.T.I.P}$PEPTIDE1,PEPTIDE1,1:R1-7:R2$$$",-7.29100000,ok,,flexible
"PEPTIDE1{meA.F.Me_dL.G.P.P.dP}$PEPTIDE1,PEPTIDE1,1:R1-7:R2$$$",-7.24000000,ok,,flexible
"PEPTIDE1{dF.Asp_piperidide.T.P.F.G.meL}$PEPTIDE1,PEPTIDE1,1:R1-7:R2$$$",-7.06300000,ok,,flexible
"PEPTIDE1{Me_Bal.Sar.P.meL.Me_Phe(3-Cl).P.F}$PEPTIDE1,PEPTIDE1,1:R1-7:R2$$$",-7.11200000,ok,,flexible
"PEPTIDE1{Mono6.meL.Me_Phe(3-Cl).dP.P.F.G}$PEPTIDE1,PEPTIDE1,1:R1-7:R2$$$",-6.84300000,ok,,flexible
"PEPTIDE1{dA.T.dP.G.P.P.F}$PEPTIDE1,PEPTIDE1,1:R1-7:R2$$$",-7.23100000,ok,,flexible
"PEPTIDE1{A.dP.T.F.P.P.G}$PEPTIDE1,PEPTIDE1,1:R1-7:R2$$$",-7.25900000,ok,,flexible
"PEPTIDE1{A.T.dP.F.I.P.Y}$PEPTIDE1,PEPTIDE1,1:R1-7:R2$$$",-7.37600000,ok,,flexible
"PEPTIDE1{dF.D.Me_Phe(3-Cl).P.I.dP.F}$PEPTIDE1,PEPTIDE1,1:R1-7:R2$$$",-7.26100000,ok,,flexible
"PEPTIDE1{meA.Me_dL.meL.T.F.Phe(4-CF3).G}$PEPTIDE1,PEPTIDE1,1:R1-7:R2$$$",-7.26700000,ok,,flexible
"PEPTIDE1{Mono6.P.dP.I.F.Me_Phe(3-Cl).dP}$PEPTIDE1,PEPTIDE1,1:R1-7:R2$$$",-7.25900000,ok,,flexible
"PEPTIDE1{dP.meA.Sar.P.F.L.meL}$PEPTIDE1,PEPTIDE1,1:R1-7:R2$$$",-6.98600000,ok,,flexible
"PEPTIDE1{P.meA.dP.dP.F.P.Me_dL}$PEPTIDE1,PEPTIDE1,1:R1-7:R2$$$",-7.30900000,ok,,flexible
"PEPTIDE1{Me_dA.I.A.T.F.P.Me_Phe(3-Cl)}$PEPTIDE1,PEPTIDE1,1:R1-7:R2$$$",-7.49900000,ok,,flexible
"PEPTIDE1{Me_Bal.meY.P.T.Me_dA.dP.P}$PEPTIDE1,PEPTIDE1,1:R1-7:R2$$$",-7.29400000,ok,,flexible
"PEPTIDE1{Sar.cHexCH2_Gly.A.P.dP.T.F}$PEPTIDE1,PEPTIDE1,1:R1-7:R2$$$",-7.21400000,ok,,flexible
"PEPTIDE1{meA.dP.P.dP.meL.Me_Phe(3-Cl).G}$PEPTIDE1,PEPTIDE1,1:R1-7:R2$$$",-7.18500000,ok,,flexible
"PEPTIDE1{dV.dP.T.meL.G.Phe(4-CF3).P}$PEPTIDE1,PEPTIDE1,1:R1-7:R2$$$",-6.79400000,ok,,flexible
"PEPTIDE1{Me_Bal.meA.dA.meY.Y.meL.P}$PEPTIDE1,PEPTIDE1,1:R1-7:R2$$$",-7.06000000,ok,,flexible
"PEPTIDE1{meA.Mono38.I.P.Me_Phe(3-Cl).P.dP}$PEPTIDE1,PEPTIDE1,1:R1-7:R2$$$",-7.14700000,ok,,flexible
"PEPTIDE1{Me_Bal.G.F.P.P.T.Sar}$PEPTIDE1,PEPTIDE1,1:R1-7:R2$$$",-7.22300000,ok,,flexible
"PEPTIDE1{L.I.P.dP.P.meL.I}$PEPTIDE1,PEPTIDE1,1:R1-7:R2$$$",-7.09500000,ok,,flexible
"PEPTIDE1{Mono6.I.Mono84.dP.T.dP.meL}$PEPTIDE1,PEPTIDE1,1:R1-7:R2$$$",-7.25300000,ok,,flexible
"PEPTIDE1{A.dP.P.T.meL.Sar.P}$PEPTIDE1,PEPTIDE1,1:R1-7:R2$$$",-7.26600000,ok,,flexible
"PEPTIDE1{dP.Me_dA.A.meA.G.Pr_Gly.dF}$PEPTIDE1,PEPTIDE1,1:R1-7:R2$$$",-7.15300000,ok,,flexible
"PEPTIDE1{Me_dA.G.dF.Me_Phe(3-Cl).P.Asp_piperidide.Et_Gly}$PEPTIDE1,PEPTIDE1,1:R1-7:R2$$$",-7.25300000,ok,,flexible
"PEPTIDE1{Me_Bal.meA.dP.meY.Y.Mono6.T}$PEPTIDE1,PEPTIDE1,1:R1-7:R2$$$",-7.26600000,ok,,flexible
"PEPTIDE1{Me_dA.P.P.dP.G.F.V}$PEPTIDE1,PEPTIDE1,1:R1-7:R2$$$",-7.23600000,ok,,flexible
"PEPTIDE1{F.dP.A.P.L.Me_Phe(3-Cl).I}$PEPTIDE1,PEPTIDE1,1:R1-7:R2$$$",-7.31600000,ok,,flexible
"PEPTIDE1{dV.P.P.Asp_piperidide.F.dP.Me_Phe(3-Cl)}$PEPTIDE1,PEPTIDE1,1:R1-7:R2$$$",-7.19900000,ok,,flexible
"PEPTIDE1{Me_Bal.dP.I.P.G.F.P}$PEPTIDE1,PEPTIDE1,1:R1-7:R2$$$",-7.22800000,ok,,flexible
"PEPTIDE1{meL.L.Asp_piperidide.dP.I.Phe(4-CF3).V}$PEPTIDE1,PEPTIDE1,1:R1-7:R2$$$",-7.16300000,ok,,flexible
"PEPTIDE1{Mono6.P.G.Me_Phe(3-Cl).F.Phe(4-CF3).I}$PEPTIDE1,PEPTIDE1,1:R1-7:R2$$$",-7.16800000,ok,,flexible
"PEPTIDE1{dA.dP.T.G.I.Y.F}$PEPTIDE1,PEPTIDE1,1:R1-7:R2$$$",-6.33000000,ok,,flexible
"PEPTIDE1{dV.P.Asp_piperidide.dP.F.G.Phe(4-CF3)}$PEPTIDE1,PEPTIDE1,1:R1-7:R2$$$",-6.68200000,ok,,flexible
"PEPTIDE1{meA.Y.meL.P.G.F.dP}$PEPTIDE1,PEPTIDE1,1:R1-7:R2$$$",-7.17700000,ok,,flexible
"PEPTIDE1{meA.A.L.T.P.F.dP}$PEPTIDE1,PEPTIDE1,1:R1-7:R2$$$",-6.29400000,ok,,flexible
"PEPTIDE1{dF.P.Asp_piperidide.T.P.dP.Me_Phe(3-Cl)}$PEPTIDE1,PEPTIDE1,1:R1-7:R2$$$",-7.25300000,ok,,flexible
"PEPTIDE1{dA.dP.meL.P.Y.dP.P}$PEPTIDE1,PEPTIDE1,1:R1-7:R2$$$",-7.11900000,ok,,flexible
"PEPTIDE1{dA.dV.dP.I.F.P.P}$PEPTIDE1,PEPTIDE1,1:R1-7:R2$$$",-7.06100000,ok,,flexible
"PEPTIDE1{Sar.T.L.P.G.meF.meA}$PEPTIDE1,PEPTIDE1,1:R1-7:R2$$$",-6.76600000,ok,,flexible
"PEPTIDE1{dF.Mono84.P.dP.T.meL.P}$PEPTIDE1,PEPTIDE1,1:R1-7:R2$$$",-6.62900000,ok,,flexible
"PEPTIDE1{dA.T.F.dP.P.Me_dL.P}$PEPTIDE1,PEPTIDE1,1:R1-7:R2$$$",-6.40100000,ok,,flexible
"PEPTIDE1{meA.Sar.T.dP.Mono78.F.T}$PEPTIDE1,PEPTIDE1,1:R1-7:R2$$$",-7.15800000,ok,,flexible
"PEPTIDE1{dV.dP.P.P.P.F.T}$PEPTIDE1,PEPTIDE1,1:R1-7:R2$$$",-7.50800000,ok,,flexible
"PEPTIDE1{meA.T.Me_dA.dP.P.Y.P}$PEPTIDE1,PEPTIDE1,1:R1-7:R2$$$",-7.15300000,ok,,flexible
"PEPTIDE1{Mono6.T.P.dP.F.G.Me_Phe(3-Cl)}$PEPTIDE1,PEPTIDE1,1:R1-7:R2$$$",-7.22800000,ok,,flexible
"PEPTIDE1{A.dP.T.P.P.Me_dL.V}$PEPTIDE1,PEPTIDE1,1:R1-7:R2$$$",-7.15400000,ok,,flexible
"PEPTIDE1{dP.Me_dA.meY.Me_dL.dP.dA.dL}$PEPTIDE1,PEPTIDE1,1:R1-7:R2$$$",-6.93000000,ok,,flexible
"PEPTIDE1{Me_Bal.P.Phe(4-CF3).P.I.F.T}$PEPTIDE1,PEPTIDE1,1:R1-7:R2$$$",-7.16700000,ok,,flexible
"PEPTIDE1{Me_Bal.T.Sar.P.dF.P.V}$PEPTIDE1,PEPTIDE1,1:R1-7:R2$$$",-6.57300000,ok,,flexible
"PEPTIDE1{dP.dA.meY.F.Me_dL.P.Y}$PEPTIDE1,PEPTIDE1,1:R1-7:R2$$$",-6.14500000,ok,,flexible
"PEPTIDE1{Mono6.dP.meA.Me_dL.P.meL.P}$PEPTIDE1,PEPTIDE1,1:R1-7:R2$$$",-7.14500000,ok,,flexible
"PEPTIDE1{dP.Me_dA.dA.F.P.meA.T}$PEPTIDE1,PEPTIDE1,1:R1-7:R2$$$",-6.92500000,ok,,flexible
"PEPTIDE1{Mono6.P.T.dP.Y.D.G}$PEPTIDE1,PEPTIDE1,1:R1-7:R2$$$",-7.16100000,ok,,flexible
"PEPTIDE1{dF.Me_dA.dP.P.T.dP.T}$PEPTIDE1,PEPTIDE1,1:R1-7:R2$$$",-7.15200000,ok,,flexible
"PEPTIDE1{dV.Me_Phe(3-Cl).T.I.meL.P.G}$PEPTIDE1,PEPTIDE1,1:R1-7:R2$$$",-7.00300000,ok,,flexible
"PEPTIDE1{dA.dP.meL.Phe(4-CF3).T.I.Me_Phe(3-Cl)}$PEPTIDE1,PEPTIDE1,1:R1-7:R2$$$",-7.18300000,ok,,flexible
"PEPTIDE1{dF.I.P.T.Me_Phe(3-Cl).dP.P}$PEPTIDE1,PEPTIDE1,1:R1-7:R2$$$",-7.21800000,ok,,flexible
"PEPTIDE1{Me_Bal.dP.P.P.V.G.I}$PEPTIDE1,PEPTIDE1,1:R1-7:R2$$$",-6.98500000,ok,,flexible
"PEPTIDE1{Me_Bal.meY.Y.P.P.dP.dP}$PEPTIDE1,PEPTIDE1,1:R1-7:R2$$$",-6.97400000,ok,,flexible
"PEPTIDE1{dA.Me_dL.meY.Y.P.P.Me_dA}$PEPTIDE1,PEPTIDE1,1:R1-7:R2$$$",-7.13300000,ok,,flexible
"PEPTIDE1{Me_dA.dP.P.P.T.F.V}$PEPTIDE1,PEPTIDE1,1:R1-7:R2$$$",-7.16900000,ok,,flexible
"PEPTIDE1{dV.Y.P.G.P.meL.F}$PEPTIDE1,PEPTIDE1,1:R1-7:R2$$$",-6.58100000,ok,,flexible
"PEPTIDE1{dV.Me_dL.P.Phe(4-CF3).G.P.dP}$PEPTIDE1,PEPTIDE1,1:R1-7:R2$$$",-6.71700000,ok,,flexible
"PEPTIDE1{meA.dP.T.P.Mono100.dP.P}$PEPTIDE1,PEPTIDE1,1:R1-7:R2$$$",-7.14700000,ok,,flexible
"PEPTIDE1{Me_dA.F.P.dP.dP.D.T}$PEPTIDE1,PEPTIDE1,1:R1-7:R2$$$",-7.23500000,ok,,flexible
"PEPTIDE1{Me_dA.I.Me_Phe(3-Cl).P.D.T.G}$PEPTIDE1,PEPTIDE1,1:R1-7:R2$$$",-7.06900000,ok,,flexible
"PEPTIDE1{meA.L.F.T.P.A.dP}$PEPTIDE1,PEPTIDE1,1:R1-7:R2$$$",-7.13600000,ok,,flexible
"PEPTIDE1{meL.meY.Mono6.Me_dL.dP.P.dP}$PEPTIDE1,PEPTIDE1,1:R1-7:R2$$$",-7.14700000,ok,,flexible
"PEPTIDE1{dV.dP.P.T.Me_Phe(3-Cl).G.F}$PEPTIDE1,PEPTIDE1,1:R1-7:R2$$$",-7.17000000,ok,,flexible
"PEPTIDE1{Mono6.L.cHexCH2_Gly.V.F.P.dP}$PEPTIDE1,PEPTIDE1,1:R1-7:R2$$$",-7.16300000,ok,,flexible
"PEPTIDE1{Me_Bal.T.Phe(4-CF3).meL.Me_Phe(3-Cl).G.dP}$PEPTIDE1,PEPTIDE1,1:R1-7:R2$$$",-6.80500000,ok,,flexible
"PEPTIDE1{A.dP.P.meL.P.V.I}$PEPTIDE1,PEPTIDE1,1:R1-7:R2$$$",-7.10900000,ok,,flexible
"PEPTIDE1{dF.meY.T.P.G.dP.Y}$PEPTIDE1,PEPTIDE1,1:R1-7:R2$$$",-6.06600000,ok,,flexible
"PEPTIDE1{meA.P.T.P.Phe(4-CF3).G.D}$PEPTIDE1,PEPTIDE1,1:R1-7:R2$$$",-7.13800000,ok,,flexible
"PEPTIDE1{meA.P.A.Me_dL.F.L.dP}$PEPTIDE1,PEPTIDE1,1:R1-7:R2$$$",-7.13500000,ok,,flexible
"PEPTIDE1{Me_dA.P.Me_dL.T.P.G.dP}$PEPTIDE1,PEPTIDE1,1:R1-7:R2$$$",-7.10900000,ok,,flexible
"PEPTIDE1{Me_Bal.A.dP.P.meA.L.F}$PEPTIDE1,PEPTIDE1,1:R1-7:R2$$$",-7.00100000,ok,,flexible
"PEPTIDE1{dV.T.P.G.dP.Phe(4-CF3).meL}$PEPTIDE1,PEPTIDE1,1:R1-7:R2$$$",-7.02400000,ok,,flexible
"PEPTIDE1{dP.Me_dL.T.G.F.P.D}$PEPTIDE1,PEPTIDE1,1:R1-7:R2$$$",-7.10700000,ok,,flexible
"PEPTIDE1{dA.P.P.I.G.meL.V}$PEPTIDE1,PEPTIDE1,1:R1-7:R2$$$",-7.06700000,ok,,flexible
"PEPTIDE1{dA.L.cHexCH2_Gly.Mono84.dP.Sar.meL}$PEPTIDE1,PEPTIDE1,1:R1-7:R2$$$",-6.44400000,ok,,flexible
"PEPTIDE1{Me_dA.P.P.Me_Phe(3-Cl).I.T.G}$PEPTIDE1,PEPTIDE1,1:R1-7:R2$$$",-7.20200000,ok,,flexible
"PEPTIDE1{F.A.Me_Phe(3-Cl).dP.Me_dL.P.P}$PEPTIDE1,PEPTIDE1,1:R1-7:R2$$$",-6.83800000,ok,,flexible
"PEPTIDE1{dA.P.dP.P.G.T.F}$PEPTIDE1,PEPTIDE1,1:R1-7:R2$$$",-7.18500000,ok,,flexible
"PEPTIDE1{Me_Bal.P.P.dP.Ala(5-Tet).G.dP}$PEPTIDE1,PEPTIDE1,1:R1-7:R2$$$",-6.96800000,ok,,flexible
"PEPTIDE1{dA.dP.F.Phe(4-CF3).F.D.P}$PEPTIDE1,PEPTIDE1,1:R1-7:R2$$$",-6.71000000,ok,,flexible
"PEPTIDE1{dF.cHexCH2_Gly.A.F.I.L.Mono86}$PEPTIDE1,PEPTIDE1,1:R1-7:R2$$$",-5.29200000,ok,,flexible
"PEPTIDE1{Mono6.cHexCH2_Gly.P.A.Mono84.L.T}$PEPTIDE1,PEPTIDE1,1:R1-7:R2$$$",-6.63200000,ok,,flexible
"PEPTIDE1{dV.meL.Me_dA.P.Me_Phe(3-Cl).P.dP}$PEPTIDE1,PEPTIDE1,1:R1-7:R2$$$",-7.05500000,ok,,flexible
"PEPTIDE1{meA.P.dP.Phe(4-CF3).dP.T.T}$PEPTIDE1,PEPTIDE1,1:R1-7:R2$$$",-7.14300000,ok,,flexible
"PEPTIDE1{Me_dA.Pr_Gly.Me_dA.Me_dL.meY.P.T}$PEPTIDE1,PEPTIDE1,1:R1-7:R2$$$",-7.16700000,ok,,flexible
"PEPTIDE1{Me_Bal.A.P.meY.dA.F.Me_dA}$PEPTIDE1,PEPTIDE1,1:R1-7:R2$$$",-7.18500000,ok,,flexible
"PEPTIDE1{dA.dP.T.P.P.G.V}$PEPTIDE1,PEPTIDE1,1:R1-7:R2$$$",-7.08500000,ok,,flexible
"PEPTIDE1{Me_Bal.P.T.F.Phe(4-CF3).T.dP}$PEPTIDE1,PEPTIDE1,1:R1-7:R2$$$",-7.08600000,ok,,flexible
"PEPTIDE1{Me_Bal.F.P.P.dP.T.dP}$PEPTIDE1,PEPTIDE1,1:R1-7:R2$$$",-7.13100000,ok,,flexible
"PEPTIDE1{dV.3Pal.dL.dP.P.Me_Phe(3-Cl).dP}$PEPTIDE1,PEPTIDE1,1:R1-7:R2$$$",-6.81700000,ok,,flexible
"PEPTIDE1{Me_Bal.dP.F.Me_Phe(3-Cl).T.P.I}$PEPTIDE1,PEPTIDE1,1:R1-7:R2$$$",-7.11000000,ok,,flexible
"PEPTIDE1{dA.A.V.meA.G.P.dV}$PEPTIDE1,PEPTIDE1,1:R1-7:R2$$$",-7.05100000,ok,,flexible
"PEPTIDE1{meA.dP.T.P.P.Me_Phe(3-Cl).G}$PEPTIDE1,PEPTIDE1,1:R1-7:R2$$$",-6.96000000,ok,,flexible
"PEPTIDE1{Me_Bal.T.I.G.Y.F.dY}$PEPTIDE1,PEPTIDE1,1:R1-7:R2$$$",-6.81700000,ok,,flexible
"PEPTIDE1{meA.meF.P.F.Me_Phe(3-Cl).dP.P}$PEPTIDE1,PEPTIDE1,1:R1-7:R2$$$",-7.73300000,ok,,flexible
"PEPTIDE1{F.D.P.P.V.dP.G}$PEPTIDE1,PEPTIDE1,1:R1-7:R2$$$",-7.10500000,ok,,flexible
"PEPTIDE1{Me_Bal.G.I.F.meL.dP.P}$PEPTIDE1,PEPTIDE1,1:R1-7:R2$$$",-6.97900000,ok,,flexible
"PEPTIDE1{meA.dP.meL.P.P.T.Me_Phe(3-Cl)}$PEPTIDE1,PEPTIDE1,1:R1-7:R2$$$",-7.03900000,ok,,flexible
"PEPTIDE1{F.Me_Nle.A.dL.P.dP.Mono84}$PEPTIDE1,PEPTIDE1,1:R1-7:R2$$$",-7.09600000,ok,,flexible
"PEPTIDE1{Me_dA.meL.G.F.dP.I.P}$PEPTIDE1,PEPTIDE1,1:R1-7:R2$$$",-7.13300000,ok,,flexible
"PEPTIDE1{Me_Bal.P.Mono6.T.dP.P.Asp_piperidide}$PEPTIDE1,PEPTIDE1,1:R1-7:R2$$$",-7.08100000,ok,,flexible
"PEPTIDE1{Me_Bal.Y.T.G.Me_dL.P.P}$PEPTIDE1,PEPTIDE1,1:R1-7:R2$$$",-6.99500000,ok,,flexible
"PEPTIDE1{F.cHexCH2_Gly.dP.T.L.P.P}$PEPTIDE1,PEPTIDE1,1:R1-7:R2$$$",-6.71600000,ok,,flexible
"PEPTIDE1{Me_dA.P.Asp_piperidide.dP.Mono6.P.F}$PEPTIDE1,PEPTIDE1,1:R1-7:R2$$$",-7.18800000,ok,,flexible
"PEPTIDE1{F.P.V.T.Me_Phe(3-Cl).P.dP}$PEPTIDE1,PEPTIDE1,1:R1-7:R2$$$",-7.08200000,ok,,flexible
"PEPTIDE1{P.A.T.meL.meA.dP.T}$PEPTIDE1,PEPTIDE1,1:R1-7:R2$$$",-6.99900000,ok,,flexible
"PEPTIDE1{Pr_Gly.P.meL.P.meY.P.Sar}$PEPTIDE1,PEPTIDE1,1:R1-7:R2$$$",-7.06200000,ok,,flexible
"PEPTIDE1{dF.Me_dL.dP.meL.P.Mono6.T}$PEPTIDE1,PEPTIDE1,1:R1-7:R2$$$",-6.99600000,ok,,flexible
"PEPTIDE1{Me_Bal.dP.Me_dL.dA.T.P.G}$PEPTIDE1,PEPTIDE1,1:R1-7:R2$$$",-6.88300000,ok,,flexible
"PEPTIDE1{F.dP.T.P.P.meL.Asp_piperidide}$PEPTIDE1,PEPTIDE1,1:R1-7:R2$$$",-7.11100000,ok,,flexible
"PEPTIDE1{meA.meS.P.dP.P.F.T}$PEPTIDE1,PEPTIDE1,1:R1-7:R2$$$",-7.17800000,ok,,flexible
"PEPTIDE1{Mono6.meA.meY.P.P.meL.dP}$PEPTIDE1,PEPTIDE1,1:R1-7:R2$$$",-7.04300000,ok,,flexible
"PEPTIDE1{dV.Me_dA.dP.P.T.P.F}$PEPTIDE1,PEPTIDE1,1:R1-7:R2$$$",-7.05600000,ok,,flexible
"PEPTIDE1{meL.Asp_piperidide.P.T.P.dP.F}$PEPTIDE1,PEPTIDE1,1:R1-7:R2$$$",-5.91100000,ok,,flexible
"PEPTIDE1{F.Sar.meF.meA.V.meL.P}$PEPTIDE1,PEPTIDE1,1:R1-7:R2$$$",-7.06500000,ok,,flexible
"PEPTIDE1{P.A.Me_dL.F.dL.dF.P}$PEPTIDE1,PEPTIDE1,1:R1-7:R2$$$",-6.47700000,ok,,flexible
"PEPTIDE1{dF.meY.T.P.P.dP.meL}$PEPTIDE1,PEPTIDE1,1:R1-7:R2$$$",-7.05700000,ok,,flexible
"PEPTIDE1{Mono6.V.P.P.G.F.meL}$PEPTIDE1,PEPTIDE1,1:R1-7:R2$$$",-7.11700000,ok,,flexible
"PEPTIDE1{P.L.dF.dP.meL.P.Me_Phe(3-Cl)}$PEPTIDE1,PEPTIDE1,1:R1-7:R2$$$",-7.03900000,ok,,flexible
"PEPTIDE1{Me_dA.dP.Me_Phe(3-Cl).T.P.F.P}$PEPTIDE1,PEPTIDE1,1:R1-7:R2$$$",-7.06300000,ok,,flexible
"PEPTIDE1{A.P.dP.F.T.P.G}$PEPTIDE1,PEPTIDE1,1:R1-7:R2$$$",-7.00000000,ok,,flexible
"PEPTIDE1{dA.meL.meY.dP.dP.P.F}$PEPTIDE1,PEPTIDE1,1:R1-7:R2$$$",-7.04700000,ok,,flexible
"PEPTIDE1{Pr_Gly.meY.dP.Me_Phe(3-Cl).Y.P.T}$PEPTIDE1,PEPTIDE1,1:R1-7:R2$$$",-6.64500000,ok,,flexible
"PEPTIDE1{A.F.dA.meL.I.dP.P}$PEPTIDE1,PEPTIDE1,1:R1-7:R2$$$",-7.01700000,ok,,flexible
"PEPTIDE1{Me_dA.I.P.T.P.F.D}$PEPTIDE1,PEPTIDE1,1:R1-7:R2$$$",-6.98300000,ok,,flexible
"PEPTIDE1{meA.Me_dL.T.P.Phe(4-CF3).P.F}$PEPTIDE1,PEPTIDE1,1:R1-7:R2$$$",-7.02200000,ok,,flexible
"PEPTIDE1{dV.T.P.dP.dL.Mono84.meL}$PEPTIDE1,PEPTIDE1,1:R1-7:R2$$$",-7.07900000,ok,,flexible
"PEPTIDE1{dP.Me_dL.P.T.P.F.G}$PEPTIDE1,PEPTIDE1,1:R1-7:R2$$$",-7.17400000,ok,,flexible
"PEPTIDE1{P.meA.Me_dA.A.V.F.dF}$PEPTIDE1,PEPTIDE1,1:R1-7:R2$$$",-6.50800000,ok,,flexible
"PEPTIDE1{meA.Me_dA.A.dF.dP.T.dA}$PEPTIDE1,PEPTIDE1,1:R1-7:R2$$$",-7.10500000,ok,,flexible
"PEPTIDE1{dA.meL.F.P.T.Phe(4-CF3).P}$PEPTIDE1,PEPTIDE1,1:R1-7:R2$$$",-7.05600000,ok,,flexible
"PEPTIDE1{A.Me_dA.F.P.Phe(4-CF3).G.F}$PEPTIDE1,PEPTIDE1,1:R1-7:R2$$$",-7.00800000,ok,,flexible
"PEPTIDE1{Me_dA.P.Me_Phe(3-Cl).meL.P.T.dP}$PEPTIDE1,PEPTIDE1,1:R1-7:R2$$$",-7.37300000,ok,,flexible
"PEPTIDE1{Mono6.L.P.Me_Phe(3-Cl).I.F.G}$PEPTIDE1,PEPTIDE1,1:R1-7:R2$$$",-6.56500000,ok,,flexible
"PEPTIDE1{Mono6.Y.P.P.I.F.D}$PEPTIDE1,PEPTIDE1,1:R1-7:R2$$$",-7.05100000,ok,,flexible
"PEPTIDE1{Mono6.meA.I.G.P.D.Y}$PEPTIDE1,PEPTIDE1,1:R1-7:R2$$$",-7.06300000,ok,,flexible
"PEPTIDE1{Mono6.Me_dAbu.dP.meL.G.F.dP}$PEPTIDE1,PEPTIDE1,1:R1-7:R2$$$",-6.96100000,ok,,flexible
"PEPTIDE1{F.T.dP.G.A.P.P}$PEPTIDE1,PEPTIDE1,1:R1-7:R2$$$",-7.13500000,ok,,flexible
"PEPTIDE1{Me_dA.meA.P.Me_Nle.P.dP.G}$PEPTIDE1,PEPTIDE1,1:R1-7:R2$$$",-7.07400000,ok,,flexible
"PEPTIDE1{Mono6.P.meY.P.dP.Y.dP}$PEPTIDE1,PEPTIDE1,1:R1-7:R2$$$",-6.79900000,ok,,flexible
"PEPTIDE1{Me_dA.G.meL.P.F.Me_Phe(3-Cl).P}$PEPTIDE1,PEPTIDE1,1:R1-7:R2$$$",-7.06500000,ok,,flexible
"PEPTIDE1{A.dV.P.F.V.T.G}$PEPTIDE1,PEPTIDE1,1:R1-7:R2$$$",-7.04000000,ok,,flexible
"PEPTIDE1{Me_dA.meL.Me_dL.P.dP.Y.T}$PEPTIDE1,PEPTIDE1,1:R1-7:R2$$$",-6.78000000,ok,,flexible
"PEPTIDE1{dA.F.G.meL.P.I.P}$PEPTIDE1,PEPTIDE1,1:R1-7:R2$$$",-7.06100000,ok,,flexible
"PEPTIDE1{Me_Bal.dP.Y.T.G.D.P}$PEPTIDE1,PEPTIDE1,1:R1-7:R2$$$",-7.02700000,ok,,flexible
"PEPTIDE1{dA.P.P.dP.I.dP.Y}$PEPTIDE1,PEPTIDE1,1:R1-7:R2$$$",-6.97900000,ok,,flexible
"PEPTIDE1{Me_Bal.Me_dL.Y.dP.G.Asp_piperidide.dP}$PEPTIDE1,PEPTIDE1,1:R1-7:R2$$$",-6.86700000,ok,,flexible
"PEPTIDE1{meA.Me_dL.meY.P.dP.T.G}$PEPTIDE1,PEPTIDE1,1:R1-7:R2$$$",-6.75200000,ok,,flexible
"PEPTIDE1{dA.Phe(4-CF3).T.G.meL.P.dP}$PEPTIDE1,PEPTIDE1,1:R1-7:R2$$$",-6.66500000,ok,,flexible
"PEPTIDE1{Me_dA.dP.dP.P.P.meL.I}$PEPTIDE1,PEPTIDE1,1:R1-7:R2$$$",-6.99700000,ok,,flexible
"PEPTIDE1{Me_dA.cHexCH2_Gly.dP.I.Me_Phe(3-Cl).T.P}$PEPTIDE1,PEPTIDE1,1:R1-7:R2$$$",-6.57400000,ok,,flexible
"PEPTIDE1{Me_dA.dL.P.P.P.dP.F}$PEPTIDE1,PEPTIDE1,1:R1-7:R2$$$",-7.02600000,ok,,flexible
"PEPTIDE1{Mono6.G.Y.F.D.I.dP}$PEPTIDE1,PEPTIDE1,1:R1-7:R2$$$",-7.32000000,ok,,flexible
"PEPTIDE1{Me_dA.P.A.L.dL.cHexCH2_Gly.Mono78}$PEPTIDE1,PEPTIDE1,1:R1-7:R2$$$",-6.95700000,ok,,flexible
"PEPTIDE1{Mono6.Mono7.T.P.meL.dP.F}$PEPTIDE1,PEPTIDE1,1:R1-7:R2$$$",-6.97000000,ok,,flexible
"PEPTIDE1{meA.F.meL.G.G.Sar.P}$PEPTIDE1,PEPTIDE1,1:R1-7:R2$$$",-6.94700000,ok,,flexible
"PEPTIDE1{Mono6.Me_dA.A.Me_dL.P.F.P}$PEPTIDE1,PEPTIDE1,1:R1-7:R2$$$",-7.07000000,ok,,flexible
"PEPTIDE1{Me_Bal.dP.F.meL.P.F.Phe(4-CF3)}$PEPTIDE1,PEPTIDE1,1:R1-7:R2$$$",-7.04800000,ok,,flexible
"PEPTIDE1{dF.dP.P.T.Y.G.meL}$PEPTIDE1,PEPTIDE1,1:R1-7:R2$$$",-6.30900000,ok,,flexible
"PEPTIDE1{A.Me_dA.F.S.dF.dP.meY}$PEPTIDE1,PEPTIDE1,1:R1-7:R2$$$",-6.98400000,ok,,flexible
"PEPTIDE1{Me_dA.meA.F.T.V.L.dP}$PEPTIDE1,PEPTIDE1,1:R1-7:R2$$$",-7.00000000,ok,,flexible
"PEPTIDE1{dA.P.meA.F.V.dP.dV}$PEPTIDE1,PEPTIDE1,1:R1-7:R2$$$",-7.39600000,ok,,flexible
"PEPTIDE1{meA.T.P.P.dP.V.F}$PEPTIDE1,PEPTIDE1,1:R1-7:R2$$$",-6.91400000,ok,,flexible
"PEPTIDE1{Me_Bal.meA.P.F.F.dP.Phe(4-CF3)}$PEPTIDE1,PEPTIDE1,1:R1-7:R2$$$",-6.98800000,ok,,flexible
"PEPTIDE1{dA.Me_dA.meL.Me_dL.dP.Asp_piperidide.P}$PEPTIDE1,PEPTIDE1,1:R1-7:R2$$$",-6.99500000,ok,,flexible
"PEPTIDE1{Mono6.A.dP.F.P.meL.Me_Phe(3-Cl)}$PEPTIDE1,PEPTIDE1,1:R1-7:R2$$$",-6.98000000,ok,,flexible
"PEPTIDE1{dV.G.meL.P.G.dP.F}$PEPTIDE1,PEPTIDE1,1:R1-7:R2$$$",-6.73700000,ok,,flexible
"PEPTIDE1{dA.G.dP.Me_Phe(3-Cl).F.Y.dY}$PEPTIDE1,PEPTIDE1,1:R1-7:R2$$$",-6.82800000,ok,,flexible
"PEPTIDE1{dP.T.Me_dL.dP.Y.Mono6.G}$PEPTIDE1,PEPTIDE1,1:R1-7:R2$$$",-7.00400000,ok,,flexible
"PEPTIDE1{A.meA.P.F.I.P.T}$PEPTIDE1,PEPTIDE1,1:R1-7:R2$$$",-6.48600000,ok,,flexible
"PEPTIDE1{Mono6.A.meA.Me_Phe(3-Cl).T.P.Me_dL}$PEPTIDE1,PEPTIDE1,1:R1-7:R2$$$",-6.70600000,ok,,flexible
"PEPTIDE1{dF.P.dP.T.P.G.P}$PEPTIDE1,PEPTIDE1,1:R1-7:R2$$$",-7.20900000,ok,,flexible
"PEPTIDE1{dF.Ser(tBu).dP.I.T.Me_Phe(3-Cl).G}$PEPTIDE1,PEPTIDE1,1:R1-7:R2$$$",-6.29600000,ok,,flexible
"PEPTIDE1{Sar.P.T.I.A.F.meA}$PEPTIDE1,PEPTIDE1,1:R1-7:R2$$$",-6.47900000,ok,,flexible
"PEPTIDE1{Mono6.pentyl_Gly.G.T.P.I.cHexCH2_Gly}$PEPTIDE1,PEPTIDE1,1:R1-7:R2$$$",-6.24100000,ok,,flexible
"PEPTIDE1{Mono6.Ala(5-Tet).Me_dL.P.dP.P.T}$PEPTIDE1,PEPTIDE1,1:R1-7:R2$$$",-6.31000000,ok,,flexible
"PEPTIDE1{dA.meA.P.Me_dA.Y.Me_dL.meL}$PEPTIDE1,PEPTIDE1,1:R1-7:R2$$$",-6.56700000,ok,,flexible
"PEPTIDE1{Me_Bal.P.T.G.P.dP.Nle}$PEPTIDE1,PEPTIDE1,1:R1-7:R2$$$",-6.39400000,ok,,flexible
"PEPTIDE1{dP.G.Y.T.Me_Phe(3-Cl).meL.P}$PEPTIDE1,PEPTIDE1,1:R1-7:R2$$$",-6.91200000,ok,,flexible
"PEPTIDE1{L.meL.F.P.G.3Pal.T}$PEPTIDE1,PEPTIDE1,1:R1-7:R2$$$",-6.38900000,ok,,flexible
"PEPTIDE1{dP.meA.Me_dA.G.dV.A.meF}$PEPTIDE1,PEPTIDE1,1:R1-7:R2$$$",-6.85500000,ok,,flexible
"PEPTIDE1{meL.Mono7.Asp_piperidide.dP.G.T.F}$PEPTIDE1,PEPTIDE1,1:R1-7:R2$$$",-6.30300000,ok,,flexible
"PEPTIDE1{meA.dP.P.F.meL.pentyl_Gly.I}$PEPTIDE1,PEPTIDE1,1:R1-7:R2$$$",-5.55200000,ok,,flexible
"PEPTIDE1{dV.Mono84.P.I.T.P.dP}$PEPTIDE1,PEPTIDE1,1:R1-7:R2$$$",-6.29000000,ok,,flexible
"PEPTIDE1{Me_Bal.L.Me_dL.T.meA.G.F}$PEPTIDE1,PEPTIDE1,1:R1-7:R2$$$",-6.53000000,ok,,flexible
"PEPTIDE1{Me_Bal.F.G.P.Y.I.meL}$PEPTIDE1,PEPTIDE1,1:R1-7:R2$$$",-6.31100000,ok,,flexible
"PEPTIDE1{dF.A.V.T.P.dP.dP}$PEPTIDE1,PEPTIDE1,1:R1-7:R2$$$",-6.88800000,ok,,flexible
"PEPTIDE1{P.T.dP.Y.P.Me_dA.G}$PEPTIDE1,PEPTIDE1,1:R1-7:R2$$$",-7.79500000,ok,,flexible
"PEPTIDE1{Sar.G.F.I.meL.dP.P}$PEPTIDE1,PEPTIDE1,1:R1-7:R2$$$",-6.06900000,ok,,flexible
"PEPTIDE1{P.F.G.T.L.meL.Aib}$PEPTIDE1,PEPTIDE1,1:R1-7:R2$$$",-6.20800000,ok,,flexible
"PEPTIDE1{Me_dA.Mono38.pentyl_Gly.P.T.dP.P}$PEPTIDE1,PEPTIDE1,1:R1-7:R2$$$",-5.84500000,ok,,flexible
"PEPTIDE1{meA.pentyl_Gly.F.dP.T.T.dL}$PEPTIDE1,PEPTIDE1,1:R1-7:R2$$$",-5.66100000,ok,,flexible
"PEPTIDE1{P.G.F.P.dA.dP.dF}$PEPTIDE1,PEPTIDE1,1:R1-7:R2$$$",-7.78500000,ok,,flexible
"PEPTIDE1{dA.meA.T.meL.meY.F.I}$PEPTIDE1,PEPTIDE1,1:R1-7:R2$$$",-6.58100000,ok,,flexible
"PEPTIDE1{F.Me_Phe(3-Cl).P.dP.P.dP.T}$PEPTIDE1,PEPTIDE1,1:R1-7:R2$$$",-6.89900000,ok,,flexible
"PEPTIDE1{Mono6.T.dP.P.Y.P.dP}$PEPTIDE1,PEPTIDE1,1:R1-7:R2$$$",-8.60400000,ok,,flexible
"PEPTIDE1{A.dP.Y.meL.G.T.P}$PEPTIDE1,PEPTIDE1,1:R1-7:R2$$$",-6.38400000,ok,,flexible
"PEPTIDE1{A.Ser(tBu).P.dP.Me_dL.Me_Phe(3-Cl).T}$PEPTIDE1,PEPTIDE1,1:R1-7:R2$$$",-5.58900000,ok,,flexible
"PEPTIDE1{Me_Bal.meA.meL.Me_dL.Asp_piperidide.Mono6.dP}$PEPTIDE1,PEPTIDE1,1:R1-7:R2$$$",-6.25300000,ok,,flexible
"PEPTIDE1{Mono6.Me_dA.meY.dP.meL.P.G}$PEPTIDE1,PEPTIDE1,1:R1-7:R2$$$",-6.60400000,ok,,flexible
"PEPTIDE1{Me_dA.meA.Me_dL.P.meL.Me_Phe(3-Cl).T}$PEPTIDE1,PEPTIDE1,1:R1-7:R2$$$",-6.22400000,ok,,flexible
"PEPTIDE1{F.P.P.meL.G.Asp_piperidide.D}$PEPTIDE1,PEPTIDE1,1:R1-7:R2$$$",-6.51900000,ok,,flexible
"PEPTIDE1{F.G.meY.Me_Phe(3-Cl).Sta.Et_Gly.Asp_piperidide}$PEPTIDE1,PEPTIDE1,1:R1-7:R2$$$",-6.47500000,ok,,flexible
"PEPTIDE1{meA.P.meY.dP.Me_dL.Me_dA.meL}$PEPTIDE1,PEPTIDE1,1:R1-7:R2$$$",-6.51300000,ok,,flexible
"PEPTIDE1{dV.Me_dA.P.P.I.meL.Me_Phe(3-Cl)}$PEPTIDE1,PEPTIDE1,1:R1-7:R2$$$",-6.50100000,ok,,flexible
"PEPTIDE1{meA.T.dP.Y.P.G.D}$PEPTIDE1,PEPTIDE1,1:R1-7:R2$$$",-6.28900000,ok,,flexible
"PEPTIDE1{Me_Bal.T.P.meL.D.dP.T}$PEPTIDE1,PEPTIDE1,1:R1-7:R2$$$",-6.03900000,ok,,flexible
"PEPTIDE1{meA.F.D.F.Me_Phe(3-Cl).dP.G}$PEPTIDE1,PEPTIDE1,1:R1-7:R2$$$",-6.70400000,ok,,flexible
"PEPTIDE1{Mono6.Mono7.P.dP.Asp_piperidide.dP.F}$PEPTIDE1,PEPTIDE1,1:R1-7:R2$$$",-6.83800000,ok,,flexible
"PEPTIDE1{Me_Bal.T.meA.F.F.G.T}$PEPTIDE1,PEPTIDE1,1:R1-7:R2$$$",-6.52400000,ok,,flexible
"PEPTIDE1{A.dP.Me_Phe(3-Cl).meL.L.I.F}$PEPTIDE1,PEPTIDE1,1:R1-7:R2$$$",-6.25100000,ok,,flexible
"PEPTIDE1{dF.D.P.T.Phe(4-CF3).P.F}$PEPTIDE1,PEPTIDE1,1:R1-7:R2$$$",-6.54600000,ok,,flexible
"PEPTIDE1{dF.pentyl_Gly.T.Mono84.L.meL.Sar}$PEPTIDE1,PEPTIDE1,1:R1-7:R2$$$",-5.27300000,ok,,flexible
"PEPTIDE1{Me_Bal.dP.Me_Phe(3-Cl).T.I.meL.F}$PEPTIDE1,PEPTIDE1,1:R1-7:R2$$$",-5.83400000,ok,,flexible
"PEPTIDE1{dV.P.meA.T.meL.Me_Phe(3-Cl).G}$PEPTIDE1,PEPTIDE1,1:R1-7:R2$$$",-6.25000000,ok,,flexible
"PEPTIDE1{Mono6.A.G.Me_dL.Y.meL.T}$PEPTIDE1,PEPTIDE1,1:R1-7:R2$$$",-6.36100000,ok,,flexible
"PEPTIDE1{meA.T.I.P.Me_dL.dP.V}$PEPTIDE1,PEPTIDE1,1:R1-7:R2$$$",-5.87900000,ok,,flexible
"PEPTIDE1{dF.Mono84.Me_Phe(3-Cl).P.F.Me_Phe(3-Cl).P}$PEPTIDE1,PEPTIDE1,1:R1-7:R2$$$",-7.28600000,ok,,flexible
"PEPTIDE1{dF.dP.Asp_piperidide.G.P.dP.P}$PEPTIDE1,PEPTIDE1,1:R1-7:R2$$$",-7.09400000,ok,,flexible
"PEPTIDE1{Me_Bal.Me_dA.dP.meL.D.Ala(5-Tet).P}$PEPTIDE1,PEPTIDE1,1:R1-7:R2$$$",-6.78400000,ok,,flexible
"PEPTIDE1{F.cHexCH2_Gly.L.L.T.Mono7.Mono84}$PEPTIDE1,PEPTIDE1,1:R1-7:R2$$$",-6.39000000,ok,,flexible
"PEPTIDE1{P.Pr_Gly.Me_Nle.Me_dA.T.Me_Phe(3-Cl).Mono84}$PEPTIDE1,PEPTIDE1,1:R1-7:R2$$$",-5.97500000,ok,,flexible
"PEPTIDE1{dP.meA.Ser(tBu).F.meL.Asp_piperidide.T}$PEPTIDE1,PEPTIDE1,1:R1-7:R2$$$",-6.04700000,ok,,flexible
"PEPTIDE1{dA.F.T.P.T.I.G}$PEPTIDE1,PEPTIDE1,1:R1-7:R2$$$",-6.67200000,ok,,flexible
"PEPTIDE1{Me_Bal.P.Me_dA.Me_dL.A.dP.Y}$PEPTIDE1,PEPTIDE1,1:R1-7:R2$$$",-7.19100000,ok,,flexible
"PEPTIDE1{dA.dL.I.dP.dP.P.G}$PEPTIDE1,PEPTIDE1,1:R1-7:R2$$$",-6.91400000,ok,,flexible
"PEPTIDE1{Me_dA.meA.meF.P.T.F.meL}$PEPTIDE1,PEPTIDE1,1:R1-7:R2$$$",-7.43400000,ok,,flexible
"PEPTIDE1{Me_Bal.F.dP.Y.P.P.meL}$PEPTIDE1,PEPTIDE1,1:R1-7:R2$$$",-7.17000000,ok,,flexible
"PEPTIDE1{Me_dA.Pr_Gly.dP.F.G.T.P}$PEPTIDE1,PEPTIDE1,1:R1-7:R2$$$",-6.26300000,ok,,flexible
"PEPTIDE1{A.dP.P.V.I.F.Mono78}$PEPTIDE1,PEPTIDE1,1:R1-7:R2$$$",-6.62700000,ok,,flexible
"PEPTIDE1{Me_dA.meL.T.Bn_Gly.P.dP.Me_Phe(3-Cl)}$PEPTIDE1,PEPTIDE1,1:R1-7:R2$$$",-6.79600000,ok,,flexible
"PEPTIDE1{dA.Me_dA.meL.dL.F.P.T}$PEPTIDE1,PEPTIDE1,1:R1-7:R2$$$",-6.39000000,ok,,flexible
"PEPTIDE1{F.Ser(tBu).V.P.T.G.dP}$PEPTIDE1,PEPTIDE1,1:R1-7:R2$$$",-6.52200000,ok,,flexible
"PEPTIDE1{Me_Bal.L.I.meL.F.Mono84.dL}$PEPTIDE1,PEPTIDE1,1:R1-7:R2$$$",-5.51400000,ok,,flexible
"PEPTIDE1{Me_Bal.P.Me_dL.T.T.meL.dP}$PEPTIDE1,PEPTIDE1,1:R1-7:R2$$$",-6.09200000,ok,,flexible
"PEPTIDE1{Sar.dP.pentyl_Gly.I.dL.meA.Me_Phe(3-Cl)}$PEPTIDE1,PEPTIDE1,1:R1-7:R2$$$",-5.99300000,ok,,flexible
"PEPTIDE1{dP.L.G.T.dP.meY.I}$PEPTIDE1,PEPTIDE1,1:R1-7:R2$$$",-6.39200000,ok,,flexible
"PEPTIDE1{Me_Bal.Me_dA.F.meL.dA.dF.P}$PEPTIDE1,PEPTIDE1,1:R1-7:R2$$$",-6.54800000,ok,,flexible
"PEPTIDE1{A.meL.dP.G.P.T.G}$PEPTIDE1,PEPTIDE1,1:R1-7:R2$$$",-7.24300000,ok,,flexible
"PEPTIDE1{Me_Bal.Me_dA.Phe(4-CF3).A.Me_dL.dP.I}$PEPTIDE1,PEPTIDE1,1:R1-7:R2$$$",-6.38000000,ok,,flexible
"PEPTIDE1{Me_dA.F.F.meL.Ser(tBu).meA.dP}$PEPTIDE1,PEPTIDE1,1:R1-7:R2$$$",-6.03700000,ok,,flexible
"PEPTIDE1{A.dP.P.F.I.V.F}$PEPTIDE1,PEPTIDE1,1:R1-7:R2$$$",-6.30600000,ok,,flexible
"PEPTIDE1{Me_dA.P.F.D.P.Me_Phe(3-Cl).Phe(4-CF3)}$PEPTIDE1,PEPTIDE1,1:R1-7:R2$$$",-6.60000000,ok,,flexible
"PEPTIDE1{Me_Bal.T.meL.P.dP.D.Phe(4-CF3)}$PEPTIDE1,PEPTIDE1,1:R1-7:R2$$$",-5.89900000,ok,,flexible
"PEPTIDE1{dA.dP.T.meY.Y.T.G}$PEPTIDE1,PEPTIDE1,1:R1-7:R2$$$",-7.23500000,ok,,flexible
"PEPTIDE1{Me_dA.F.A.P.P.T.dP}$PEPTIDE1,PEPTIDE1,1:R1-7:R2$$$",-7.29300000,ok,,flexible
"PEPTIDE1{dV.dP.F.P.Me_Phe(3-Cl).T.Y}$PEPTIDE1,PEPTIDE1,1:R1-7:R2$$$",-6.50900000,ok,,flexible
"PEPTIDE1{dA.T.dP.F.P.Me_dA.meF}$PEPTIDE1,PEPTIDE1,1:R1-7:R2$$$",-6.95800000,ok,,flexible
"PEPTIDE1{Pr_Gly.L.meL.Asp_piperidide.T.V.F}$PEPTIDE1,PEPTIDE1,1:R1-7:R2$$$",-5.53600000,ok,,flexible
"PEPTIDE1{dA.P.meL.A.L.dP.Me_Phe(3-Cl)}$PEPTIDE1,PEPTIDE1,1:R1-7:R2$$$",-6.39400000,ok,,flexible
"PEPTIDE1{dA.V.meL.dP.P.F.L}$PEPTIDE1,PEPTIDE1,1:R1-7:R2$$$",-6.54800000,ok,,flexible
"PEPTIDE1{Me_Bal.P.F.Y.P.Me_Phe(3-Cl).dP}$PEPTIDE1,PEPTIDE1,1:R1-7:R2$$$",-6.98200000,ok,,flexible
"PEPTIDE1{dF.cHexCH2_Gly.F.T.T.dL.dP}$PEPTIDE1,PEPTIDE1,1:R1-7:R2$$$",-5.94700000,ok,,flexible
"PEPTIDE1{Sar.L.G.dP.P.D.P}$PEPTIDE1,PEPTIDE1,1:R1-7:R2$$$",-6.30300000,ok,,flexible
"PEPTIDE1{Me_dA.T.Me_dL.meY.F.P.dP}$PEPTIDE1,PEPTIDE1,1:R1-7:R2$$$",-6.99200000,ok,,flexible
"PEPTIDE1{F.meS.P.meL.dP.I.Me_Phe(3-Cl)}$PEPTIDE1,PEPTIDE1,1:R1-7:R2$$$",-6.19800000,ok,,flexible
"PEPTIDE1{meA.Me_dL.Me_dA.Sta.meY.P.Y}$PEPTIDE1,PEPTIDE1,1:R1-7:R2$$$",-7.14100000,ok,,flexible
"PEPTIDE1{Pr_Gly.Ser(tBu).P.Nle.F.T.I}$PEPTIDE1,PEPTIDE1,1:R1-7:R2$$$",-5.03400000,ok,,flexible
"PEPTIDE1{Me_Bal.Me_dA.Me_dL.Phe(4-CF3).F.Me_Phe(3-Cl).P}$PEPTIDE1,PEPTIDE1,1:R1-7:R2$$$",-6.00900000,ok,,flexible
"PEPTIDE1{dA.Pr_Gly.meA.Me_dL.T.Me_dA.meL}$PEPTIDE1,PEPTIDE1,1:R1-7:R2$$$",-5.85200000,ok,,flexible
"PEPTIDE1{A.dP.I.T.T.G.F}$PEPTIDE1,PEPTIDE1,1:R1-7:R2$$$",-6.82800000,ok,,flexible
"PEPTIDE1{dP.Pr_Gly.Me_Phe(3-Cl).T.F.V.Mono90}$PEPTIDE1,PEPTIDE1,1:R1-7:R2$$$",-6.38100000,ok,,flexible
"PEPTIDE1{F.L.dP.I.P.P.dP}$PEPTIDE1,PEPTIDE1,1:R1-7:R2$$$",-6.74700000,ok,,flexible
"PEPTIDE1{A.meL.Me_dA.Me_dL.meY.Y.P}$PEPTIDE1,PEPTIDE1,1:R1-7:R2$$$",-6.84700000,ok,,flexible
"PEPTIDE1{F.meY.dP.Pr_Gly.dP.Asp_piperidide.Y}$PEPTIDE1,PEPTIDE1,1:R1-7:R2$$$",-5.99500000,ok,,flexible
"PEPTIDE1{dF.P.P.T.I.meL.F}$PEPTIDE1,PEPTIDE1,1:R1-7:R2$$$",-5.85700000,ok,,flexible
"PEPTIDE1{Me_Bal.Mono38.meL.dP.T.Ser(tBu).Me_Phe(3-Cl)}$PEPTIDE1,PEPTIDE1,1:R1-7:R2$$$",-5.73200000,ok,,flexible
"PEPTIDE1{Pr_Gly.dP.P.Me_Phe(3-Cl).T.I.L}$PEPTIDE1,PEPTIDE1,1:R1-7:R2$$$",-6.33300000,ok,,flexible
"PEPTIDE1{Me_Bal.I.T.G.Ser(tBu).P.A}$PEPTIDE1,PEPTIDE1,1:R1-7:R2$$$",-5.98400000,ok,,flexible
"PEPTIDE1{meA.Mono38.P.dP.T.I.meL}$PEPTIDE1,PEPTIDE1,1:R1-7:R2$$$",-5.82200000,ok,,flexible
"PEPTIDE1{Mono6.meA.T.I.dP.meY.Asp_piperidide}$PEPTIDE1,PEPTIDE1,1:R1-7:R2$$$",-6.47800000,ok,,flexible
"PEPTIDE1{meA.F.meY.T.V.Me_dA.Mono7}$PEPTIDE1,PEPTIDE1,1:R1-7:R2$$$",-6.53000000,ok,,flexible
"PEPTIDE1{dV.Me_dL.T.Mono6.meY.P.T}$PEPTIDE1,PEPTIDE1,1:R1-7:R2$$$",-6.07300000,ok,,flexible
"PEPTIDE1{Mono6.pentyl_Gly.Mono84.T.P.dP.Me_Nle}$PEPTIDE1,PEPTIDE1,1:R1-7:R2$$$",-5.91700000,ok,,flexible
"PEPTIDE1{L.Me_dAbu.P.F.Ala(5-Tet).dP.Me_Phe(3-Cl)}$PEPTIDE1,PEPTIDE1,1:R1-7:R2$$$",-6.36500000,ok,,flexible
"PEPTIDE1{F.Mono38.dL.Mono86.P.Ser(tBu).Mono84}$PEPTIDE1,PEPTIDE1,1:R1-7:R2$$$",-5.67400000,ok,,flexible
"PEPTIDE1{Me_dA.dPye.Mono7.F.Me_Phe(3-Cl).Et_Gly.P}$PEPTIDE1,PEPTIDE1,1:R1-7:R2$$$",-6.51600000,ok,,flexible
"PEPTIDE1{F.pentyl_Gly.T.I.I.dP.Me_Phe(3-Cl)}$PEPTIDE1,PEPTIDE1,1:R1-7:R2$$$",-5.39500000,ok,,flexible
"PEPTIDE1{L.Me_dAbu.P.F.meL.T.dP}$PEPTIDE1,PEPTIDE1,1:R1-7:R2$$$",-6.55800000,ok,,flexible
"PEPTIDE1{Me_Bal.meL.meS.T.T.Me_Phe(3-Cl).F}$PEPTIDE1,PEPTIDE1,1:R1-7:R2$$$",-6.15500000,ok,,flexible
"PEPTIDE1{Me_Bal.pentyl_Gly.F.cHexCH2_Gly.Mono38.dP.T}$PEPTIDE1,PEPTIDE1,1:R1-7:R2$$$",-5.32600000,ok,,flexible
"PEPTIDE1{F.cHexCH2_Gly.meA.Ser(tBu).L.dP.meL}$PEPTIDE1,PEPTIDE1,1:R1-7:R2$$$",-5.39600000,ok,,flexible
"PEPTIDE1{Mono6.D.G.dP.F.G.Y}$PEPTIDE1,PEPTIDE1,1:R1-7:R2$$$",-6.29600000,ok,,flexible
"PEPTIDE1{P.dP.Pr_Gly.Me_dL.Me_dA.T.G}$PEPTIDE1,PEPTIDE1,1:R1-7:R2$$$",-5.90200000,ok,,flexible
"PEPTIDE1{dV.T.Asp_piperidide.P.P.F.meL}$PEPTIDE1,PEPTIDE1,1:R1-7:R2$$$",-6.09800000,ok,,flexible
"PEPTIDE1{Me_Bal.dA.G.Me_dL.A.meL.F}$PEPTIDE1,PEPTIDE1,1:R1-7:R2$$$",-6.31900000,ok,,flexible
"PEPTIDE1{Me_dA.T.I.Me_dL.G.P.dP}$PEPTIDE1,PEPTIDE1,1:R1-7:R2$$$",-6.46500000,ok,,flexible
"PEPTIDE1{Pr_Gly.F.meA.T.meL.Ser(tBu).meA}$PEPTIDE1,PEPTIDE1,1:R1-7:R2$$$",-5.69100000,ok,,flexible
"PEPTIDE1{Mono6.dV.I.dP.dP.P.meL}$PEPTIDE1,PEPTIDE1,1:R1-7:R2$$$",-6.32900000,ok,,flexible
"PEPTIDE1{meA.meL.Me_dL.Mono6.dP.P.dP}$PEPTIDE1,PEPTIDE1,1:R1-7:R2$$$",-6.54700000,ok,,flexible
"PEPTIDE1{dF.dP.P.Y.G.Me_Phe(3-Cl).P}$PEPTIDE1,PEPTIDE1,1:R1-7:R2$$$",-7.39600000,ok,,flexible
"PEPTIDE1{F.A.dP.meL.P.Me_Phe(3-Cl).T}$PEPTIDE1,PEPTIDE1,1:R1-7:R2$$$",-5.70400000,ok,,flexible
"PEPTIDE1{dA.P.I.T.F.L.G}$PEPTIDE1,PEPTIDE1,1:R1-7:R2$$$",-6.30000000,ok,,flexible
"PEPTIDE1{dP.P.F.T.G.F.Y}$PEPTIDE1,PEPTIDE1,1:R1-7:R2$$$",-6.28300000,ok,,flexible
"PEPTIDE1{F.A.meL.dF.dP.Ser(tBu).L}$PEPTIDE1,PEPTIDE1,1:R1-7:R2$$$",-6.28800000,ok,,flexible
"PEPTIDE1{dF.dP.meL.I.G.F.T}$PEPTIDE1,PEPTIDE1,1:R1-7:R2$$$",-6.55200000,ok,,flexible
"PEPTIDE1{Me_dA.Pr_Gly.dF.meL.F.Me_dL.P}$PEPTIDE1,PEPTIDE1,1:R1-7:R2$$$",-5.48700000,ok,,flexible
"PEPTIDE1{A.T.L.Ser(tBu).P.dP.I}$PEPTIDE1,PEPTIDE1,1:R1-7:R2$$$",-5.43500000,ok,,flexible
"PEPTIDE1{Me_Bal.A.Pr_Gly.meA.F.T.Ser(tBu)}$PEPTIDE1,PEPTIDE1,1:R1-7:R2$$$",-6.22300000,ok,,flexible
"PEPTIDE1{Mono6.P.V.dP.Me_Phe(3-Cl).T.P}$PEPTIDE1,PEPTIDE1,1:R1-7:R2$$$",-6.98200000,ok,,flexible
"PEPTIDE1{F.meL.Mono84.Mono86.dP.Ser(tBu).T}$PEPTIDE1,PEPTIDE1,1:R1-7:R2$$$",-6.66600000,ok,,flexible
"PEPTIDE1{F.meL.dP.T.Me_Phe(3-Cl).dP.P}$PEPTIDE1,PEPTIDE1,1:R1-7:R2$$$",-7.07300000,ok,,flexible
"PEPTIDE1{P.A.Pr_Gly.G.Me_dA.Me_dL.meA}$PEPTIDE1,PEPTIDE1,1:R1-7:R2$$$",-6.21800000,ok,,flexible
"PEPTIDE1{dF.dP.D.G.dP.T.Y}$PEPTIDE1,PEPTIDE1,1:R1-7:R2$$$",-6.51800000,ok,,flexible
"PEPTIDE1{dA.dP.F.pentyl_Gly.A.Mono84.Me_Phe(3-Cl)}$PEPTIDE1,PEPTIDE1,1:R1-7:R2$$$",-6.09800000,ok,,flexible
"PEPTIDE1{Mono6.G.Pr_Gly.P.Me_dL.F.Me_Phe(3-Cl)}$PEPTIDE1,PEPTIDE1,1:R1-7:R2$$$",-6.31100000,ok,,flexible
"PEPTIDE1{meA.P.dP.F.Y.P.meY}$PEPTIDE1,PEPTIDE1,1:R1-7:R2$$$",-7.00400000,ok,,flexible
"PEPTIDE1{A.meL.F.dP.G.T.T}$PEPTIDE1,PEPTIDE1,1:R1-7:R2$$$",-5.90000000,ok,,flexible
"PEPTIDE1{dA.cHexCH2_Gly.A.L.F.meA.I}$PEPTIDE1,PEPTIDE1,1:R1-7:R2$$$",-5.78900000,ok,,flexible
"PEPTIDE1{dP.F.Pr_Gly.Me_Phe(3-Cl).G.P.A}$PEPTIDE1,PEPTIDE1,1:R1-7:R2$$$",-7.30200000,ok,,flexible
"PEPTIDE1{dV.meS.P.P.T.P.Me_Phe(3-Cl)}$PEPTIDE1,PEPTIDE1,1:R1-7:R2$$$",-6.52100000,ok,,flexible
"PEPTIDE1{P.Ser(tBu).A.Me_Phe(3-Cl).I.meL.P}$PEPTIDE1,PEPTIDE1,1:R1-7:R2$$$",-6.32100000,ok,,flexible
"PEPTIDE1{A.meL.V.P.T.G.F}$PEPTIDE1,PEPTIDE1,1:R1-7:R2$$$",-6.33800000,ok,,flexible
"PEPTIDE1{Me_dA.Me_dL.dP.Asp_piperidide.P.dP.Y}$PEPTIDE1,PEPTIDE1,1:R1-7:R2$$$",-6.96500000,ok,,flexible
"PEPTIDE1{dA.P.meL.T.V.P.G}$PEPTIDE1,PEPTIDE1,1:R1-7:R2$$$",-6.47900000,ok,,flexible
"PEPTIDE1{Me_Bal.Mono38.Ser(tBu).G.Me_Phe(3-Cl).Nle.dP}$PEPTIDE1,PEPTIDE1,1:R1-7:R2$$$",-5.41900000,ok,,flexible
"PEPTIDE1{dF.dP.P.Nle.F.dP.meL}$PEPTIDE1,PEPTIDE1,1:R1-7:R2$$$",-6.21700000,ok,,flexible
"PEPTIDE1{F.P.A.dP.L.V.meL}$PEPTIDE1,PEPTIDE1,1:R1-7:R2$$$",-7.05400000,ok,,flexible
"PEPTIDE1{Me_Bal.G.dPye.dA.V.T.F}$PEPTIDE1,PEPTIDE1,1:R1-7:R2$$$",-5.80600000,ok,,flexible
"PEPTIDE1{Me_Bal.meL.dP.dP.P.D.P}$PEPTIDE1,PEPTIDE1,1:R1-7:R2$$$",-6.80500000,ok,,flexible
"PEPTIDE1{Me_Bal.T.V.T.dP.L.G}$PEPTIDE1,PEPTIDE1,1:R1-7:R2$$$",-6.46500000,ok,,flexible
"PEPTIDE1{meA.T.P.meY.Y.G.Asp_piperidide}$PEPTIDE1,PEPTIDE1,1:R1-7:R2$$$",-6.63800000,ok,,flexible
"PEPTIDE1{dV.Me_dL.dP.P.G.Y.Me_Phe(3-Cl)}$PEPTIDE1,PEPTIDE1,1:R1-7:R2$$$",-6.25200000,ok,,flexible
"PEPTIDE1{A.Me_Phe(3-Cl).F.P.D.meL.G}$PEPTIDE1,PEPTIDE1,1:R1-7:R2$$$",-6.01300000,ok,,flexible
"PEPTIDE1{meA.dP.dP.P.meY.P.P}$PEPTIDE1,PEPTIDE1,1:R1-7:R2$$$",-7.70800000,ok,,flexible
"PEPTIDE1{meA.pentyl_Gly.T.T.A.dP.Me_Phe(3-Cl)}$PEPTIDE1,PEPTIDE1,1:R1-7:R2$$$",-6.09800000,ok,,flexible
"PEPTIDE1{Me_dA.P.F.V.A.dP.meL}$PEPTIDE1,PEPTIDE1,1:R1-7:R2$$$",-6.10200000,ok,,flexible
"PEPTIDE1{Me_Bal.P.Me_dL.Me_Phe(3-Cl).Y.P.P}$PEPTIDE1,PEPTIDE1,1:R1-7:R2$$$",-6.83400000,ok,,flexible
"PEPTIDE1{Pr_Gly.G.Mono84.F.P.T.Me_dL}$PEPTIDE1,PEPTIDE1,1:R1-7:R2$$$",-6.38300000,ok,,flexible
"PEPTIDE1{meL.Mono7.Asp_piperidide.Me_Phe(3-Cl).dP.F.T}$PEPTIDE1,PEPTIDE1,1:R1-7:R2$$$",-6.04600000,ok,,flexible
"PEPTIDE1{Me_Bal.G.meL.meA.V.F.P}$PEPTIDE1,PEPTIDE1,1:R1-7:R2$$$",-6.65600000,ok,,flexible
"PEPTIDE1{Me_dA.P.P.T.Phe(4-CF3).F.meL}$PEPTIDE1,PEPTIDE1,1:R1-7:R2$$$",-5.93600000,ok,,flexible
"PEPTIDE1{Me_Bal.dP.P.T.F.dP.P}$PEPTIDE1,PEPTIDE1,1:R1-7:R2$$$",-7.71400000,ok,,flexible
"PEPTIDE1{dA.dP.Me_Phe(3-Cl).P.T.I.meI}$PEPTIDE1,PEPTIDE1,1:R1-7:R2$$$",-5.93700000,ok,,flexible
"PEPTIDE1{dP.L.T.meA.P.meL.Ser(tBu)}$PEPTIDE1,PEPTIDE1,1:R1-7:R2$$$",-6.38000000,ok,,flexible
"PEPTIDE1{Me_dA.meL.Mono6.A.meY.Me_dL.dP}$PEPTIDE1,PEPTIDE1,1:R1-7:R2$$$",-6.49700000,ok,,flexible
"PEPTIDE1{dF.pentyl_Gly.P.Sar.T.I.meA}$PEPTIDE1,PEPTIDE1,1:R1-7:R2$$$",-5.70500000,ok,,flexible
"PEPTIDE1{A.G.dP.F.P.Y.I}$PEPTIDE1,PEPTIDE1,1:R1-7:R2$$$",-7.10900000,ok,,flexible
"PEPTIDE1{dA.F.Me_dA.T.L.P.P}$PEPTIDE1,PEPTIDE1,1:R1-7:R2$$$",-5.78500000,ok,,flexible
"PEPTIDE1{P.Me_dA.dP.G.G.T.meL}$PEPTIDE1,PEPTIDE1,1:R1-7:R2$$$",-6.65800000,ok,,flexible
"PEPTIDE1{Me_Bal.Mono6.meY.Nle.dP.T.Asp_piperidide}$PEPTIDE1,PEPTIDE1,1:R1-7:R2$$$",-6.26200000,ok,,flexible
"PEPTIDE1{A.T.F.Y.P.P.meL}$PEPTIDE1,PEPTIDE1,1:R1-7:R2$$$",-7.35800000,ok,,flexible
"PEPTIDE1{dA.T.F.dP.G.P.dP}$PEPTIDE1,PEPTIDE1,1:R1-7:R2$$$",-6.97400000,ok,,flexible
"PEPTIDE1{Me_dA.meL.Me_dL.F.Mono6.T.P}$PEPTIDE1,PEPTIDE1,1:R1-7:R2$$$",-5.93900000,ok,,flexible
"PEPTIDE1{Me_Bal.L.T.Mono78.V.Mono84.Mono86}$PEPTIDE1,PEPTIDE1,1:R1-7:R2$$$",-6.21800000,ok,,flexible
"PEPTIDE1{Mono6.P.T.P.P.I.Phe(4-CF3)}$PEPTIDE1,PEPTIDE1,1:R1-7:R2$$$",-7.47500000,ok,,flexible
"PEPTIDE1{dV.T.meL.P.Me_Phe(3-Cl).Phe(4-CF3).Ala(5-Tet)}$PEPTIDE1,PEPTIDE1,1:R1-7:R2$$$",-5.83400000,ok,,flexible
"PEPTIDE1{meA.dP.L.T.Pr_Gly.A.dV}$PEPTIDE1,PEPTIDE1,1:R1-7:R2$$$",-5.53400000,ok,,flexible
"PEPTIDE1{Mono6.meL.Nle.G.P.P.T}$PEPTIDE1,PEPTIDE1,1:R1-7:R2$$$",-6.14900000,ok,,flexible
"PEPTIDE1{dV.P.F.T.T.Asp_piperidide.meL}$PEPTIDE1,PEPTIDE1,1:R1-7:R2$$$",-6.19300000,ok,,flexible
"PEPTIDE1{Me_dA.meF.L.Mono38.T.meA.dP}$PEPTIDE1,PEPTIDE1,1:R1-7:R2$$$",-6.26400000,ok,,flexible
"PEPTIDE1{Sar.meA.meF.T.P.T.Me_Phe(3-Cl)}$PEPTIDE1,PEPTIDE1,1:R1-7:R2$$$",-6.36100000,ok,,flexible
"PEPTIDE1{P.G.meA.pentyl_Gly.P.dP.dL}$PEPTIDE1,PEPTIDE1,1:R1-7:R2$$$",-6.14400000,ok,,flexible
"PEPTIDE1{dV.G.F.meL.T.dP.G}$PEPTIDE1,PEPTIDE1,1:R1-7:R2$$$",-6.49100000,ok,,flexible
"PEPTIDE1{dP.G.F.P.P.T.Me_Phe(3-Cl)}$PEPTIDE1,PEPTIDE1,1:R1-7:R2$$$",-7.62200000,ok,,flexible
"PEPTIDE1{Mono6.meA.T.P.dP.meY.Asp_piperidide}$PEPTIDE1,PEPTIDE1,1:R1-7:R2$$$",-7.61200000,ok,,flexible
"PEPTIDE1{Me_Bal.Pr_Gly.A.T.F.meL.Y}$PEPTIDE1,PEPTIDE1,1:R1-7:R2$$$",-6.32700000,ok,,flexible
"PEPTIDE1{Sar.P.I.F.dP.L.meL}$PEPTIDE1,PEPTIDE1,1:R1-7:R2$$$",-6.67900000,ok,,flexible
"PEPTIDE1{P.Me_dA.T.dP.Me_Phe(3-Cl).G.F}$PEPTIDE1,PEPTIDE1,1:R1-7:R2$$$",-6.66800000,ok,,flexible
"PEPTIDE1{P.dA.dL.T.meA.dP.L}$PEPTIDE1,PEPTIDE1,1:R1-7:R2$$$",-6.14800000,ok,,flexible
"PEPTIDE1{Me_dA.dV.F.P.P.P.V}$PEPTIDE1,PEPTIDE1,1:R1-7:R2$$$",-6.92500000,ok,,flexible
"PEPTIDE1{meA.A.dPye.dP.T.dA.F}$PEPTIDE1,PEPTIDE1,1:R1-7:R2$$$",-7.09000000,ok,,flexible
"PEPTIDE1{Me_Bal.T.Me_dA.F.P.dF.meL}$PEPTIDE1,PEPTIDE1,1:R1-7:R2$$$",-7.12000000,ok,,flexible
"PEPTIDE1{meA.dP.P.V.P.P.Me_dL}$PEPTIDE1,PEPTIDE1,1:R1-7:R2$$$",-6.88400000,ok,,flexible
"PEPTIDE1{Me_dA.meL.Me_dL.T.P.dP.Me_Phe(3-Cl)}$PEPTIDE1,PEPTIDE1,1:R1-7:R2$$$",-6.42000000,ok,,flexible
"PEPTIDE1{Pr_Gly.A.Me_dA.dP.F.Me_dL.dF}$PEPTIDE1,PEPTIDE1,1:R1-7:R2$$$",-6.47500000,ok,,flexible
"PEPTIDE1{meA.F.I.V.dP.Mono84.meL}$PEPTIDE1,PEPTIDE1,1:R1-7:R2$$$",-5.74300000,ok,,flexible
"PEPTIDE1{dV.G.F.T.dP.D.dP}$PEPTIDE1,PEPTIDE1,1:R1-7:R2$$$",-6.73600000,ok,,flexible
"PEPTIDE1{Pr_Gly.Mono6.Y.Me_dL.P.dP.dP}$PEPTIDE1,PEPTIDE1,1:R1-7:R2$$$",-6.69700000,ok,,flexible
"PEPTIDE1{Sar.L.P.I.V.F.T}$PEPTIDE1,PEPTIDE1,1:R1-7:R2$$$",-5.72800000,ok,,flexible
"PEPTIDE1{dV.F.T.Me_dL.meL.V.G}$PEPTIDE1,PEPTIDE1,1:R1-7:R2$$$",-5.38800000,ok,,flexible
"PEPTIDE1{dA.G.F.dP.T.P.P}$PEPTIDE1,PEPTIDE1,1:R1-7:R2$$$",-7.17300000,ok,,flexible
"PEPTIDE1{Mono6.T.Mono84.Mono84.Ser(tBu).dP.L}$PEPTIDE1,PEPTIDE1,1:R1-7:R2$$$",-6.12200000,ok,,flexible
"PEPTIDE1{Me_Bal.T.T.dP.F.P.G}$PEPTIDE1,PEPTIDE1,1:R1-7:R2$$$",-6.94100000,ok,,flexible
"PEPTIDE1{meA.dP.Sar.meL.L.V.F}$PEPTIDE1,PEPTIDE1,1:R1-7:R2$$$",-6.45000000,ok,,flexible
"PEPTIDE1{meL.I.P.P.Me_Phe(3-Cl).dP.P}$PEPTIDE1,PEPTIDE1,1:R1-7:R2$$$",-6.94900000,ok,,flexible
"PEPTIDE1{F.I.L.Me_Phe(3-Cl).dP.meL.P}$PEPTIDE1,PEPTIDE1,1:R1-7:R2$$$",-5.64900000,ok,,flexible
"PEPTIDE1{Me_dA.G.Pr_Gly.dL.Y.F.I}$PEPTIDE1,PEPTIDE1,1:R1-7:R2$$$",-5.05600000,ok,,flexible
"PEPTIDE1{dP.Me_dL.meA.meY.meL.T.Mono6}$PEPTIDE1,PEPTIDE1,1:R1-7:R2$$$",-6.25500000,ok,,flexible
"PEPTIDE1{meA.F.L.dP.Me_dL.I.P}$PEPTIDE1,PEPTIDE1,1:R1-7:R2$$$",-6.43000000,ok,,flexible
"PEPTIDE1{Pr_Gly.Me_dL.T.P.Y.Asp_piperidide.T}$PEPTIDE1,PEPTIDE1,1:R1-7:R2$$$",-5.49800000,ok,,flexible
"PEPTIDE1{A.pentyl_Gly.T.dP.dP.L.dL}$PEPTIDE1,PEPTIDE1,1:R1-7:R2$$$",-5.78300000,ok,,flexible
"PEPTIDE1{Mono6.Me_dL.P.meL.Me_Phe(3-Cl).P.Et_Gly}$PEPTIDE1,PEPTIDE1,1:R1-7:R2$$$",-6.03400000,ok,,flexible
"PEPTIDE1{dV.Pr_Gly.meF.meL.dP.P.Asp_piperidide}$PEPTIDE1,PEPTIDE1,1:R1-7:R2$$$",-5.93800000,ok,,flexible
"PEPTIDE1{A.F.I.L.V.P.Me_dL}$PEPTIDE1,PEPTIDE1,1:R1-7:R2$$$",-6.11000000,ok,,flexible
"PEPTIDE1{dF.P.P.meY.P.Me_Nle.Mono6}$PEPTIDE1,PEPTIDE1,1:R1-7:R2$$$",-6.95800000,ok,,flexible
"PEPTIDE1{dF.Mono38.P.P.dP.I.A}$PEPTIDE1,PEPTIDE1,1:R1-7:R2$$$",-6.30900000,ok,,flexible
"PEPTIDE1{meA.dP.T.I.G.F.P}$PEPTIDE1,PEPTIDE1,1:R1-7:R2$$$",-7.62400000,ok,,flexible
"PEPTIDE1{Me_dA.meA.meY.Mono6.Me_dL.meL.Me_dAbu}$PEPTIDE1,PEPTIDE1,1:R1-7:R2$$$",-6.08700000,ok,,flexible
"PEPTIDE1{dA.Sar.Me_Phe(3-Cl).P.dP.F.T}$PEPTIDE1,PEPTIDE1,1:R1-7:R2$$$",-7.05500000,ok,,flexible
"PEPTIDE1{P.dA.Me_Phe(3-Cl).L.P.dP.G}$PEPTIDE1,PEPTIDE1,1:R1-7:R2$$$",-6.89300000,ok,,flexible
"PEPTIDE1{meA.cHexCH2_Gly.L.T.Ser(tBu).Me_Nle.A}$PEPTIDE1,PEPTIDE1,1:R1-7:R2$$$",-6.06200000,ok,,flexible
"PEPTIDE1{Mono6.P.Y.dP.P.T.D}$PEPTIDE1,PEPTIDE1,1:R1-7:R2$$$",-7.32100000,ok,,flexible
"PEPTIDE1{Pr_Gly.cHexCH2_Gly.Me_Phe(3-Cl).L.meL.I.F}$PEPTIDE1,PEPTIDE1,1:R1-7:R2$$$",-5.66300000,ok,,flexible
"PEPTIDE1{dA.Me_dA.T.dP.Sar.G.T}$PEPTIDE1,PEPTIDE1,1:R1-7:R2$$$",-7.07300000,ok,,flexible
"PEPTIDE1{Me_Bal.meA.G.T.dP.F.P}$PEPTIDE1,PEPTIDE1,1:R1-7:R2$$$",-6.95000000,ok,,flexible
"PEPTIDE1{dA.Mono38.L.Me_dL.Me_Phe(3-Cl).P.dP}$PEPTIDE1,PEPTIDE1,1:R1-7:R2$$$",-5.97800000,ok,,flexible
"PEPTIDE1{dV.meY.Asp_piperidide.P.meL.Me_Phe(3-Cl).T}$PEPTIDE1,PEPTIDE1,1:R1-7:R2$$$",-5.83100000,ok,,flexible
"PEPTIDE1{dA.Me_dNva.P.P.T.meL.Phe(4-CF3)}$PEPTIDE1,PEPTIDE1,1:R1-7:R2$$$",-6.84400000,ok,,flexible
"PEPTIDE1{Me_Bal.F.dP.meL.P.T.G}$PEPTIDE1,PEPTIDE1,1:R1-7:R2$$$",-6.73100000,ok,,flexible
"PEPTIDE1{dA.dP.P.I.T.V.Me_Phe(3-Cl)}$PEPTIDE1,PEPTIDE1,1:R1-7:R2$$$",-6.18600000,ok,,flexible
"PEPTIDE1{Mono6.A.dL.meA.Mono84.Me_Phe(3-Cl).P}$PEPTIDE1,PEPTIDE1,1:R1-7:R2$$$",-6.94100000,ok,,flexible
"PEPTIDE1{dV.I.Me_Phe(3-Cl).P.T.P.F}$PEPTIDE1,PEPTIDE1,1:R1-7:R2$$$",-5.99100000,ok,,flexible
"PEPTIDE1{P.A.Y.dP.Pr_Gly.Mono6.meY}$PEPTIDE1,PEPTIDE1,1:R1-7:R2$$$",-7.05100000,ok,,flexible
"PEPTIDE1{Me_Bal.F.T.meL.P.P.L}$PEPTIDE1,PEPTIDE1,1:R1-7:R2$$$",-6.56200000,ok,,flexible
"PEPTIDE1{meA.meL.D.I.P.P.Me_dL}$PEPTIDE1,PEPTIDE1,1:R1-7:R2$$$",-6.02000000,ok,,flexible
"PEPTIDE1{meA.T.A.Me_dL.dL.meL.dP}$PEPTIDE1,PEPTIDE1,1:R1-7:R2$$$",-5.75700000,ok,,flexible
"PEPTIDE1{Me_dA.Me_dA.dP.Me_dL.meY.T.P}$PEPTIDE1,PEPTIDE1,1:R1-7:R2$$$",-6.58900000,ok,,flexible
"PEPTIDE1{dA.P.D.G.F.T.Y}$PEPTIDE1,PEPTIDE1,1:R1-7:R2$$$",-6.95500000,ok,,flexible
"PEPTIDE1{F.P.meL.P.I.T.L}$PEPTIDE1,PEPTIDE1,1:R1-7:R2$$$",-5.51200000,ok,,flexible
"PEPTIDE1{Me_dA.meY.P.P.dP.G.T}$PEPTIDE1,PEPTIDE1,1:R1-7:R2$$$",-6.81300000,ok,,flexible
"PEPTIDE1{Me_Bal.T.dP.F.D.P.dP}$PEPTIDE1,PEPTIDE1,1:R1-7:R2$$$",-6.54200000,ok,,flexible
"PEPTIDE1{Mono6.F.dP.P.pentyl_Gly.dP.Ala(5-Tet)}$PEPTIDE1,PEPTIDE1,1:R1-7:R2$$$",-6.08600000,ok,,flexible
"PEPTIDE1{dA.meA.dP.Ser(tBu).meL.P.D}$PEPTIDE1,PEPTIDE1,1:R1-7:R2$$$",-6.12400000,ok,,flexible
"PEPTIDE1{A.F.Mono90.V.G.T.Me_Phe(3-Cl)}$PEPTIDE1,PEPTIDE1,1:R1-7:R2$$$",-7.29300000,ok,,flexible
"PEPTIDE1{dA.meA.P.Me_Phe(3-Cl).meL.F.Phe(4-CF3)}$PEPTIDE1,PEPTIDE1,1:R1-7:R2$$$",-6.82000000,ok,,flexible
"PEPTIDE1{Me_Bal.P.G.D.P.T.dP}$PEPTIDE1,PEPTIDE1,1:R1-7:R2$$$",-6.71600000,ok,,flexible
"PEPTIDE1{dA.P.F.I.dP.P.meL}$PEPTIDE1,PEPTIDE1,1:R1-7:R2$$$",-6.50700000,ok,,flexible
"PEPTIDE1{Me_dA.A.Mono84.T.Me_Phe(3-Cl).F.I}$PEPTIDE1,PEPTIDE1,1:R1-7:R2$$$",-5.87000000,ok,,flexible
"PEPTIDE1{dA.meA.meL.F.P.Asp_piperidide.Et_Gly}$PEPTIDE1,PEPTIDE1,1:R1-7:R2$$$",-6.55900000,ok,,flexible
"PEPTIDE1{Me_dA.Me_Phe(3-Cl).L.G.T.Mono84.F}$PEPTIDE1,PEPTIDE1,1:R1-7:R2$$$",-6.86100000,ok,,flexible
"PEPTIDE1{Me_Bal.G.meA.dP.F.Sar.meL}$PEPTIDE1,PEPTIDE1,1:R1-7:R2$$$",-6.68000000,ok,,flexible
"PEPTIDE1{Me_dA.F.V.P.meL.P.D}$PEPTIDE1,PEPTIDE1,1:R1-7:R2$$$",-5.90300000,ok,,flexible
"PEPTIDE1{Pr_Gly.P.Y.T.F.Me_Phe(3-Cl).G}$PEPTIDE1,PEPTIDE1,1:R1-7:R2$$$",-5.69800000,ok,,flexible
"PEPTIDE1{Pr_Gly.L.dP.I.meA.Nle.P}$PEPTIDE1,PEPTIDE1,1:R1-7:R2$$$",-5.70800000,ok,,flexible
"PEPTIDE1{Mono6.dP.P.meL.L.T.P}$PEPTIDE1,PEPTIDE1,1:R1-7:R2$$$",-6.60800000,ok,,flexible
"PEPTIDE1{dF.A.I.P.T.F.Et_Gly}$PEPTIDE1,PEPTIDE1,1:R1-7:R2$$$",-5.70200000,ok,,flexible
"PEPTIDE1{Me_Bal.P.F.meL.T.Me_dL.V}$PEPTIDE1,PEPTIDE1,1:R1-7:R2$$$",-5.54900000,ok,,flexible
"PEPTIDE1{meA.P.G.F.meL.G.I}$PEPTIDE1,PEPTIDE1,1:R1-7:R2$$$",-6.96200000,ok,,flexible
"PEPTIDE1{Me_Bal.A.meL.meA.dP.I.L}$PEPTIDE1,PEPTIDE1,1:R1-7:R2$$$",-6.21800000,ok,,flexible
"PEPTIDE1{L.P.T.D.dP.Phe(4-CF3).Ala(5-Tet)}$PEPTIDE1,PEPTIDE1,1:R1-7:R2$$$",-6.54500000,ok,,flexible
"PEPTIDE1{Me_dA.T.A.I.Mono84.L.Mono7}$PEPTIDE1,PEPTIDE1,1:R1-7:R2$$$",-6.20400000,ok,,flexible
"PEPTIDE1{meA.T.meL.A.P.meY.P}$PEPTIDE1,PEPTIDE1,1:R1-7:R2$$$",-6.76400000,ok,,flexible
"PEPTIDE1{meA.dP.meL.dP.P.G.Y}$PEPTIDE1,PEPTIDE1,1:R1-7:R2$$$",-7.59100000,ok,,flexible
"PEPTIDE1{dP.A.dP.F.Me_Phe(3-Cl).meL.Me_dL}$PEPTIDE1,PEPTIDE1,1:R1-7:R2$$$",-6.40500000,ok,,flexible
"PEPTIDE1{A.Me_dL.L.P.I.dP.dP}$PEPTIDE1,PEPTIDE1,1:R1-7:R2$$$",-6.84500000,ok,,flexible
"PEPTIDE1{Mono6.meL.T.P.L.dP.F}$PEPTIDE1,PEPTIDE1,1:R1-7:R2$$$",-6.54900000,ok,,flexible
"PEPTIDE1{Me_dA.P.T.G.Y.G.meL}$PEPTIDE1,PEPTIDE1,1:R1-7:R2$$$",-7.00900000,ok,,flexible
"PEPTIDE1{meA.P.A.dL.Me_dL.Me_dA.Me_Phe(3-Cl)}$PEPTIDE1,PEPTIDE1,1:R1-7:R2$$$",-6.60600000,ok,,flexible
"PEPTIDE1{Me_dA.Me_Nle.Mono84.T.P.G.dP}$PEPTIDE1,PEPTIDE1,1:R1-7:R2$$$",-6.41800000,ok,,flexible
"PEPTIDE1{dF.meS.meL.T.P.Phe(4-CF3).F}$PEPTIDE1,PEPTIDE1,1:R1-7:R2$$$",-5.92000000,ok,,flexible
"PEPTIDE1{Me_Bal.P.meL.dP.P.F.G}$PEPTIDE1,PEPTIDE1,1:R1-7:R2$$$",-6.99500000,ok,,flexible
"PEPTIDE1{meA.P.meL.P.dP.T.V}$PEPTIDE1,PEPTIDE1,1:R1-7:R2$$$",-7.15700000,ok,,flexible
"PEPTIDE1{A.P.dY.P.F.G.G}$PEPTIDE1,PEPTIDE1,1:R1-7:R2$$$",-7.56800000,ok,,flexible
"PEPTIDE1{meA.dP.G.T.G.F.T}$PEPTIDE1,PEPTIDE1,1:R1-7:R2$$$",-6.93900000,ok,,flexible
"PEPTIDE1{meA.dP.F.P.Me_dL.F.meY}$PEPTIDE1,PEPTIDE1,1:R1-7:R2$$$",-6.37000000,ok,,flexible
"PEPTIDE1{Me_Bal.meL.P.F.dY.T.P}$PEPTIDE1,PEPTIDE1,1:R1-7:R2$$$",-6.73500000,ok,,flexible
"PEPTIDE1{P.Pr_Gly.A.L.F.Mono84.Me_Phe(3-Cl)}$PEPTIDE1,PEPTIDE1,1:R1-7:R2$$$",-6.06600000,ok,,flexible
"PEPTIDE1{meA.meY.P.Nle.Y.dP.G}$PEPTIDE1,PEPTIDE1,1:R1-7:R2$$$",-6.69700000,ok,,flexible
"PEPTIDE1{Me_dA.T.F.P.I.F.T}$PEPTIDE1,PEPTIDE1,1:R1-7:R2$$$",-6.66200000,ok,,flexible
"PEPTIDE1{Me_dA.dL.T.Me_Phe(3-Cl).T.meL.Phe(4-CF3)}$PEPTIDE1,PEPTIDE1,1:R1-7:R2$$$",-5.86600000,ok,,flexible
"PEPTIDE1{Me_Bal.Me_dA.meL.P.Me_dL.P.dP}$PEPTIDE1,PEPTIDE1,1:R1-7:R2$$$",-7.15100000,ok,,flexible
"PEPTIDE1{F.I.P.D.Me_Phe(3-Cl).V.dP}$PEPTIDE1,PEPTIDE1,1:R1-7:R2$$$",-6.01200000,ok,,flexible
"PEPTIDE1{F.L.P.dP.T.Nle.I}$PEPTIDE1,PEPTIDE1,1:R1-7:R2$$$",-6.12000000,ok,,flexible
"PEPTIDE1{meA.dP.I.F.F.T.D}$PEPTIDE1,PEPTIDE1,1:R1-7:R2$$$",-6.02100000,ok,,flexible
"PEPTIDE1{A.P.T.dP.meL.T.F}$PEPTIDE1,PEPTIDE1,1:R1-7:R2$$$",-6.40300000,ok,,flexible
"PEPTIDE1{F.L.P.Nle.dP.T.I}$PEPTIDE1,PEPTIDE1,1:R1-7:R2$$$",-6.07200000,ok,,flexible
"PEPTIDE1{Mono6.T.meF.dP.Nle.P.T}$PEPTIDE1,PEPTIDE1,1:R1-7:R2$$$",-5.97100000,ok,,flexible
"PEPTIDE1{Mono6.L.P.pentyl_Gly.Ser(tBu).dP.meL}$PEPTIDE1,PEPTIDE1,1:R1-7:R2$$$",-5.81300000,ok,,flexible
"PEPTIDE1{Me_dA.P.T.F.T.I.D}$PEPTIDE1,PEPTIDE1,1:R1-7:R2$$$",-6.01300000,ok,,flexible
"PEPTIDE1{Mono6.dP.V.P.meL.dP.L}$PEPTIDE1,PEPTIDE1,1:R1-7:R2$$$",-6.16700000,ok,,flexible
"PEPTIDE1{L.dP.P.Phe(4-CF3).T.P.Y}$PEPTIDE1,PEPTIDE1,1:R1-7:R2$$$",-7.18600000,ok,,flexible
"PEPTIDE1{dF.dP.P.V.T.T.I}$PEPTIDE1,PEPTIDE1,1:R1-7:R2$$$",-6.50100000,ok,,flexible
"PEPTIDE1{Me_dA.P.T.D.Y.I.dP}$PEPTIDE1,PEPTIDE1,1:R1-7:R2$$$",-7.13200000,ok,,flexible
"PEPTIDE1{Mono6.A.P.dP.F.Me_Phe(3-Cl).P}$PEPTIDE1,PEPTIDE1,1:R1-7:R2$$$",-6.88400000,ok,,flexible
"PEPTIDE1{Pr_Gly.A.meL.F.dL.P.Mono84}$PEPTIDE1,PEPTIDE1,1:R1-7:R2$$$",-6.22300000,ok,,flexible
"PEPTIDE1{Mono6.Sar.T.Me_Phe(3-Cl).Mono34.Pr_Gly.meL}$PEPTIDE1,PEPTIDE1,1:R1-7:R2$$$",-5.59900000,ok,,flexible
"PEPTIDE1{Me_dA.P.dP.meL.P.I.F}$PEPTIDE1,PEPTIDE1,1:R1-7:R2$$$",-6.76900000,ok,,flexible
"PEPTIDE1{dA.meL.Me_dL.dP.F.P.T}$PEPTIDE1,PEPTIDE1,1:R1-7:R2$$$",-6.35800000,ok,,flexible
"PEPTIDE1{Mono6.meY.meL.P.Me_dL.Y.Asp_piperidide}$PEPTIDE1,PEPTIDE1,1:R1-7:R2$$$",-6.63600000,ok,,flexible
"PEPTIDE1{P.Me_dA.A.P.V.dF.L}$PEPTIDE1,PEPTIDE1,1:R1-7:R2$$$",-6.20800000,ok,,flexible
"PEPTIDE1{Me_dA.P.V.meL.G.P.dP}$PEPTIDE1,PEPTIDE1,1:R1-7:R2$$$",-6.50100000,ok,,flexible
"PEPTIDE1{Me_Bal.meL.P.dP.T.dP.P}$PEPTIDE1,PEPTIDE1,1:R1-7:R2$$$",-6.38400000,ok,,flexible
"PEPTIDE1{Pr_Gly.meY.Me_dL.P.dP.Y.Me_dA}$PEPTIDE1,PEPTIDE1,1:R1-7:R2$$$",-5.85600000,ok,,flexible
"PEPTIDE1{dV.dP.dP.P.Me_Phe(3-Cl).P.T}$PEPTIDE1,PEPTIDE1,1:R1-7:R2$$$",-7.21900000,ok,,flexible
"PEPTIDE1{dA.P.F.dP.P.T.V}$PEPTIDE1,PEPTIDE1,1:R1-7:R2$$$",-6.81000000,ok,,flexible
"PEPTIDE1{Mono6.meA.dP.meY.Me_Phe(3-Cl).Y.Me_Nle}$PEPTIDE1,PEPTIDE1,1:R1-7:R2$$$",-5.99800000,ok,,flexible
"PEPTIDE1{Me_Bal.Pr_Gly.meA.dP.F.T.meL}$PEPTIDE1,PEPTIDE1,1:R1-7:R2$$$",-6.32700000,ok,,flexible
"PEPTIDE1{Mono6.A.T.P.P.meL.dL}$PEPTIDE1,PEPTIDE1,1:R1-7:R2$$$",-6.63500000,ok,,flexible
"PEPTIDE1{Me_dA.P.meL.T.T.Mono6.F}$PEPTIDE1,PEPTIDE1,1:R1-7:R2$$$",-6.41100000,ok,,flexible
"PEPTIDE1{dF.Mono38.cHexCH2_Gly.dP.P.Me_Phe(3-Cl).T}$PEPTIDE1,PEPTIDE1,1:R1-7:R2$$$",-5.99700000,ok,,flexible
"PEPTIDE1{P.A.F.Me_dA.meL.dP.meA}$PEPTIDE1,PEPTIDE1,1:R1-7:R2$$$",-6.48800000,ok,,flexible
"PEPTIDE1{dV.T.dP.F.Me_Phe(3-Cl).3Pal.P}$PEPTIDE1,PEPTIDE1,1:R1-7:R2$$$",-6.57200000,ok,,flexible
"PEPTIDE1{Sar.T.dP.L.I.P.Ser(tBu)}$PEPTIDE1,PEPTIDE1,1:R1-7:R2$$$",-6.16700000,ok,,flexible
"PEPTIDE1{Me_Bal.G.dP.F.G.T.dP}$PEPTIDE1,PEPTIDE1,1:R1-7:R2$$$",-7.17600000,ok,,flexible
"PEPTIDE1{L.I.P.D.dP.Phe(4-CF3).T}$PEPTIDE1,PEPTIDE1,1:R1-7:R2$$$",-6.72000000,ok,,flexible
"PEPTIDE1{Me_dA.F.meA.meY.Y.P.dP}$PEPTIDE1,PEPTIDE1,1:R1-7:R2$$$",-7.71100000,ok,,flexible
"PEPTIDE1{F.Me_dA.dP.Me_Phe(3-Cl).Nle.dP.P}$PEPTIDE1,PEPTIDE1,1:R1-7:R2$$$",-6.72400000,ok,,flexible
"PEPTIDE1{Mono6.dP.pentyl_Gly.dP.P.F.T}$PEPTIDE1,PEPTIDE1,1:R1-7:R2$$$",-6.11400000,ok,,flexible
"PEPTIDE1{dV.dP.A.T.F.meL.meF}$PEPTIDE1,PEPTIDE1,1:R1-7:R2$$$",-6.11200000,ok,,flexible
"PEPTIDE1{Me_Bal.meA.Me_dL.Asp_piperidide.dP.Mono6.P}$PEPTIDE1,PEPTIDE1,1:R1-7:R2$$$",-6.90900000,ok,,flexible
"PEPTIDE1{Me_dA.P.meF.dP.Mono6.P.T}$PEPTIDE1,PEPTIDE1,1:R1-7:R2$$$",-6.52700000,ok,,flexible
"PEPTIDE1{dF.G.Me_Phe(3-Cl).Y.I.T.F}$PEPTIDE1,PEPTIDE1,1:R1-7:R2$$$",-6.53400000,ok,,flexible
"PEPTIDE1{Me_dA.T.Ala(5-Tet).Phe(4-CF3).P.meL.T}$PEPTIDE1,PEPTIDE1,1:R1-7:R2$$$",-6.52400000,ok,,flexible
"PEPTIDE1{dF.P.Me_Nle.G.dP.dP.P}$PEPTIDE1,PEPTIDE1,1:R1-7:R2$$$",-6.85500000,ok,,flexible
"PEPTIDE1{dA.meA.F.T.P.Me_Phe(3-Cl).T}$PEPTIDE1,PEPTIDE1,1:R1-7:R2$$$",-7.14000000,ok,,flexible
"PEPTIDE1{Me_Bal.A.T.P.dP.F.P}$PEPTIDE1,PEPTIDE1,1:R1-7:R2$$$",-7.37700000,ok,,flexible
"PEPTIDE1{Me_Bal.Sar.P.P.F.T.Me_Phe(3-Cl)}$PEPTIDE1,PEPTIDE1,1:R1-7:R2$$$",-7.90800000,ok,,flexible
"PEPTIDE1{Me_dA.meA.F.F.V.dL.Me_dL}$PEPTIDE1,PEPTIDE1,1:R1-7:R2$$$",-6.78200000,ok,,flexible
"PEPTIDE1{Me_Bal.dP.F.I.P.Me_Phe(3-Cl).D}$PEPTIDE1,PEPTIDE1,1:R1-7:R2$$$",-5.72600000,ok,,flexible
"PEPTIDE1{Mono6.F.P.V.Me_dL.T.dP}$PEPTIDE1,PEPTIDE1,1:R1-7:R2$$$",-6.53000000,ok,,flexible
"PEPTIDE1{Me_Bal.D.G.G.T.dP.dP}$PEPTIDE1,PEPTIDE1,1:R1-7:R2$$$",-6.67400000,ok,,flexible
"PEPTIDE1{dV.dP.T.P.meY.F.I}$PEPTIDE1,PEPTIDE1,1:R1-7:R2$$$",-6.40800000,ok,,flexible
"PEPTIDE1{dA.T.dP.T.F.V.I}$PEPTIDE1,PEPTIDE1,1:R1-7:R2$$$",-6.05600000,ok,,flexible
"PEPTIDE1{Mono6.P.I.dP.P.Me_Phe(3-Cl).dP}$PEPTIDE1,PEPTIDE1,1:R1-7:R2$$$",-6.90600000,ok,,flexible
"PEPTIDE1{Me_Bal.Me_dA.Me_Phe(3-Cl).Asp_piperidide.P.Phe(4-CF3).dP}$PEPTIDE1,PEPTIDE1,1:R1-7:R2$$$",-7.06800000,ok,,flexible
"PEPTIDE1{Mono6.Pr_Gly.T.meL.Me_dL.dF.Me_Phe(3-Cl)}$PEPTIDE1,PEPTIDE1,1:R1-7:R2$$$",-5.58700000,ok,,flexible
"PEPTIDE1{meA.dP.I.meL.F.T.L}$PEPTIDE1,PEPTIDE1,1:R1-7:R2$$$",-6.24600000,ok,,flexible
"PEPTIDE1{dA.dP.F.I.L.A.Me_Phe(3-Cl)}$PEPTIDE1,PEPTIDE1,1:R1-7:R2$$$",-7.09800000,ok,,flexible
"PEPTIDE1{meA.pentyl_Gly.T.dP.F.P.P}$PEPTIDE1,PEPTIDE1,1:R1-7:R2$$$",-6.29500000,ok,,flexible
"PEPTIDE1{dP.Mono6.meY.dP.meL.Y.Me_dA}$PEPTIDE1,PEPTIDE1,1:R1-7:R2$$$",-6.46900000,ok,,flexible
"PEPTIDE1{Me_dA.P.dP.P.meL.Asp_piperidide.Y}$PEPTIDE1,PEPTIDE1,1:R1-7:R2$$$",-6.37400000,ok,,flexible
"PEPTIDE1{meA.T.A.P.meL.dP.L}$PEPTIDE1,PEPTIDE1,1:R1-7:R2$$$",-6.31200000,ok,,flexible
"PEPTIDE1{Me_dA.L.P.T.V.meF.T}$PEPTIDE1,PEPTIDE1,1:R1-7:R2$$$",-5.78100000,ok,,flexible
"PEPTIDE1{Me_Bal.Me_dL.T.Ala(5-Tet).meL.Phe(4-CF3).dP}$PEPTIDE1,PEPTIDE1,1:R1-7:R2$$$",-5.93800000,ok,,flexible
"PEPTIDE1{dF.dP.P.Mono100.I.P.T}$PEPTIDE1,PEPTIDE1,1:R1-7:R2$$$",-6.82500000,ok,,flexible
"PEPTIDE1{Me_dA.F.P.V.L.P.T}$PEPTIDE1,PEPTIDE1,1:R1-7:R2$$$",-6.40600000,ok,,flexible
"PEPTIDE1{Me_dA.pentyl_Gly.I.P.A.L.meL}$PEPTIDE1,PEPTIDE1,1:R1-7:R2$$$",-4.96000000,ok,,flexible
"PEPTIDE1{Me_dA.meA.dP.F.meL.T.P}$PEPTIDE1,PEPTIDE1,1:R1-7:R2$$$",-6.13300000,ok,,flexible
"PEPTIDE1{dA.P.cHexCH2_Gly.I.L.G.F}$PEPTIDE1,PEPTIDE1,1:R1-7:R2$$$",-6.55200000,ok,,flexible
"PEPTIDE1{Mono6.P.meL.T.dP.G.Phe(4-CF3)}$PEPTIDE1,PEPTIDE1,1:R1-7:R2$$$",-8.00900000,ok,,flexible
"PEPTIDE1{Me_Bal.meA.G.F.Me_dL.I.meL}$PEPTIDE1,PEPTIDE1,1:R1-7:R2$$$",-5.78500000,ok,,flexible
"PEPTIDE1{P.A.dP.F.L.dL.meL}$PEPTIDE1,PEPTIDE1,1:R1-7:R2$$$",-6.10200000,ok,,flexible
"PEPTIDE1{A.V.P.G.F.F.T}$PEPTIDE1,PEPTIDE1,1:R1-7:R2$$$",-6.72600000,ok,,flexible
"PEPTIDE1{A.Me_dL.Me_dA.P.Y.meY.meL}$PEPTIDE1,PEPTIDE1,1:R1-7:R2$$$",-6.50700000,ok,,flexible
"PEPTIDE1{dP.bHph.P.G.dL.F.Me_dA}$PEPTIDE1,PEPTIDE1,1:R1-7:R2$$$",-6.65500000,ok,,flexible
"PEPTIDE1{P.Me_Phe(3-Cl).P.dP.T.D.meL}$PEPTIDE1,PEPTIDE1,1:R1-7:R2$$$",-6.29700000,ok,,flexible
"PEPTIDE1{meA.F.dP.I.Me_dL.V.meL}$PEPTIDE1,PEPTIDE1,1:R1-7:R2$$$",-5.72800000,ok,,flexible
"PEPTIDE1{Me_dA.meF.V.P.dP.T.P}$PEPTIDE1,PEPTIDE1,1:R1-7:R2$$$",-7.60000000,ok,,flexible
"PEPTIDE1{dF.Mono38.F.L.P.I.Nle}$PEPTIDE1,PEPTIDE1,1:R1-7:R2$$$",-5.50400000,ok,,flexible
"PEPTIDE1{meA.Y.Me_dA.dP.meY.T.G}$PEPTIDE1,PEPTIDE1,1:R1-7:R2$$$",-6.97300000,ok,,flexible
"PEPTIDE1{Pr_Gly.meL.T.meY.Asp_piperidide.Y.P}$PEPTIDE1,PEPTIDE1,1:R1-7:R2$$$",-5.82000000,ok,,flexible
"PEPTIDE1{meA.T.dP.P.dP.I.P}$PEPTIDE1,PEPTIDE1,1:R1-7:R2$$$",-6.75700000,ok,,flexible
"PEPTIDE1{P.meA.Me_dL.Pr_Gly.dP.G.meL}$PEPTIDE1,PEPTIDE1,1:R1-7:R2$$$",-6.31800000,ok,,flexible
"PEPTIDE1{A.P.G.D.dP.Y.meL}$PEPTIDE1,PEPTIDE1,1:R1-7:R2$$$",-6.80500000,ok,,flexible
"PEPTIDE1{Me_dA.meA.T.I.G.P.A}$PEPTIDE1,PEPTIDE1,1:R1-7:R2$$$",-6.56500000,ok,,flexible
"PEPTIDE1{P.A.F.T.Me_dL.dL.dP}$PEPTIDE1,PEPTIDE1,1:R1-7:R2$$$",-6.10200000,ok,,flexible
"PEPTIDE1{Me_Bal.P.T.meL.P.Phe(4-CF3).P}$PEPTIDE1,PEPTIDE1,1:R1-7:R2$$$",-6.82200000,ok,,flexible
"PEPTIDE1{Me_dA.Y.P.dY.F.Me_Phe(3-Cl).meL}$PEPTIDE1,PEPTIDE1,1:R1-7:R2$$$",-6.91900000,ok,,flexible
"PEPTIDE1{dV.Mono6.T.Me_Phe(3-Cl).dP.Asp_piperidide.G}$PEPTIDE1,PEPTIDE1,1:R1-7:R2$$$",-6.68500000,ok,,flexible
"PEPTIDE1{meA.meL.P.Me_dL.P.T.Me_dA}$PEPTIDE1,PEPTIDE1,1:R1-7:R2$$$",-6.32000000,ok,,flexible
"PEPTIDE1{Mono6.Y.Me_Phe(3-Cl).D.T.dY.F}$PEPTIDE1,PEPTIDE1,1:R1-7:R2$$$",-6.47100000,ok,,flexible
"PEPTIDE1{Me_dA.Mono38.I.Me_Phe(3-Cl).P.dL.dP}$PEPTIDE1,PEPTIDE1,1:R1-7:R2$$$",-6.13300000,ok,,flexible
"PEPTIDE1{Me_dA.P.T.A.I.dP.Me_Phe(3-Cl)}$PEPTIDE1,PEPTIDE1,1:R1-7:R2$$$",-6.61500000,ok,,flexible
"PEPTIDE1{Me_dA.T.P.G.meL.G.F}$PEPTIDE1,PEPTIDE1,1:R1-7:R2$$$",-6.07800000,ok,,flexible
"PEPTIDE1{dV.dP.meL.P.T.Me_Phe(3-Cl).T}$PEPTIDE1,PEPTIDE1,1:R1-7:R2$$$",-6.30200000,ok,,flexible
"PEPTIDE1{dA.Me_dL.T.dP.F.F.G}$PEPTIDE1,PEPTIDE1,1:R1-7:R2$$$",-6.47100000,ok,,flexible
"PEPTIDE1{A.F.cHexCH2_Gly.G.P.L.dP}$PEPTIDE1,PEPTIDE1,1:R1-7:R2$$$",-7.19700000,ok,,flexible
"PEPTIDE1{P.Me_dA.F.Me_Phe(3-Cl).meL.Me_dL.L}$PEPTIDE1,PEPTIDE1,1:R1-7:R2$$$",-5.72900000,ok,,flexible
"PEPTIDE1{Me_Bal.dA.T.Me_dL.P.meL.dP}$PEPTIDE1,PEPTIDE1,1:R1-7:R2$$$",-6.54600000,ok,,flexible
"PEPTIDE1{Me_Bal.Pr_Gly.P.dP.Mono100.Me_Phe(3-Cl).T}$PEPTIDE1,PEPTIDE1,1:R1-7:R2$$$",-6.30500000,ok,,flexible
"PEPTIDE1{dA.T.dP.G.P.Me_Phe(3-Cl).P}$PEPTIDE1,PEPTIDE1,1:R1-7:R2$$$",-7.42800000,ok,,flexible
"PEPTIDE1{Mono6.Pr_Gly.G.meL.P.T.F}$PEPTIDE1,PEPTIDE1,1:R1-7:R2$$$",-5.80800000,ok,,flexible
"PEPTIDE1{dF.Mono38.cHexCH2_Gly.G.meA.P.T}$PEPTIDE1,PEPTIDE1,1:R1-7:R2$$$",-6.44700000,ok,,flexible
"PEPTIDE1{Me_Bal.T.dP.I.P.A.P}$PEPTIDE1,PEPTIDE1,1:R1-7:R2$$$",-6.80600000,ok,,flexible
"PEPTIDE1{Mono6.T.meL.dP.G.F.dY}$PEPTIDE1,PEPTIDE1,1:R1-7:R2$$$",-6.34800000,ok,,flexible
"PEPTIDE1{Mono6.pentyl_Gly.I.A.P.Me_Phe(3-Cl).P}$PEPTIDE1,PEPTIDE1,1:R1-7:R2$$$",-7.02800000,ok,,flexible
"PEPTIDE1{dV.P.meL.G.I.Me_Phe(3-Cl).D}$PEPTIDE1,PEPTIDE1,1:R1-7:R2$$$",-6.75900000,ok,,flexible
"PEPTIDE1{dF.P.F.dL.dP.I.L}$PEPTIDE1,PEPTIDE1,1:R1-7:R2$$$",-6.04100000,ok,,flexible
"PEPTIDE1{Me_Bal.cHexCH2_Gly.Mono38.dP.I.Me_Phe(3-Cl).dP}$PEPTIDE1,PEPTIDE1,1:R1-7:R2$$$",-6.02700000,ok,,flexible
"PEPTIDE1{dV.dP.P.P.dP.P.I}$PEPTIDE1,PEPTIDE1,1:R1-7:R2$$$",-6.87900000,ok,,flexible
"PEPTIDE1{A.F.Me_dA.meL.dP.Pr_Gly.G}$PEPTIDE1,PEPTIDE1,1:R1-7:R2$$$",-6.54200000,ok,,flexible
"PEPTIDE1{meA.Me_dAbu.T.meY.dP.F.Mono6}$PEPTIDE1,PEPTIDE1,1:R1-7:R2$$$",-6.94900000,ok,,flexible
"PEPTIDE1{dV.dP.Asp_piperidide.Me_Phe(3-Cl).T.F.T}$PEPTIDE1,PEPTIDE1,1:R1-7:R2$$$",-6.49600000,ok,,flexible
"PEPTIDE1{Me_Bal.Me_dL.F.G.meL.Phe(4-CF3).dP}$PEPTIDE1,PEPTIDE1,1:R1-7:R2$$$",-7.29800000,ok,,flexible
"PEPTIDE1{P.Me_dL.F.P.meY.Me_dA.T}$PEPTIDE1,PEPTIDE1,1:R1-7:R2$$$",-6.39500000,ok,,flexible
"PEPTIDE1{Me_Bal.meY.dP.Mono6.P.T.meL}$PEPTIDE1,PEPTIDE1,1:R1-7:R2$$$",-6.63000000,ok,,flexible
"PEPTIDE1{Me_dA.pentyl_Gly.T.dP.G.Me_Phe(3-Cl).I}$PEPTIDE1,PEPTIDE1,1:R1-7:R2$$$",-6.34600000,ok,,flexible
"PEPTIDE1{Me_dA.P.meL.T.Me_dL.Asp_piperidide.Me_Phe(3-Cl)}$PEPTIDE1,PEPTIDE1,1:R1-7:R2$$$",-6.32200000,ok,,flexible
"PEPTIDE1{Me_Bal.P.G.Phe(4-CF3).T.meL.T}$PEPTIDE1,PEPTIDE1,1:R1-7:R2$$$",-6.80200000,ok,,flexible
"PEPTIDE1{Mono6.dP.Me_dL.P.dL.meL.T}$PEPTIDE1,PEPTIDE1,1:R1-7:R2$$$",-5.59100000,ok,,flexible
"PEPTIDE1{meA.Ser(tBu).Me_Nle.meL.P.L.I}$PEPTIDE1,PEPTIDE1,1:R1-7:R2$$$",-5.26500000,ok,,flexible
"PEPTIDE1{Me_Bal.meL.P.dP.Mono6.F.dP}$PEPTIDE1,PEPTIDE1,1:R1-7:R2$$$",-7.11400000,ok,,flexible
"PEPTIDE1{Mono6.T.T.dP.Me_Phe(3-Cl).G.dP}$PEPTIDE1,PEPTIDE1,1:R1-7:R2$$$",-6.72700000,ok,,flexible
"PEPTIDE1{Me_dA.P.T.G.T.dY.D}$PEPTIDE1,PEPTIDE1,1:R1-7:R2$$$",-6.59200000,ok,,flexible
"PEPTIDE1{meA.Me_dL.T.dP.meL.dP.P}$PEPTIDE1,PEPTIDE1,1:R1-7:R2$$$",-6.54800000,ok,,flexible
"PEPTIDE1{dP.Me_dAbu.dA.L.T.Mono6.dP}$PEPTIDE1,PEPTIDE1,1:R1-7:R2$$$",-6.18100000,ok,,flexible
"PEPTIDE1{Pr_Gly.dP.meY.dP.Me_Nle.Y.Me_dAbu}$PEPTIDE1,PEPTIDE1,1:R1-7:R2$$$",-6.01500000,ok,,flexible
"PEPTIDE1{Mono6.Me_dL.Y.dP.F.dP.P}$PEPTIDE1,PEPTIDE1,1:R1-7:R2$$$",-7.55100000,ok,,flexible
"PEPTIDE1{Me_dA.T.F.Y.P.Me_Phe(3-Cl).P}$PEPTIDE1,PEPTIDE1,1:R1-7:R2$$$",-6.26600000,ok,,flexible
"PEPTIDE1{dA.A.P.G.T.Pr_Gly.dP}$PEPTIDE1,PEPTIDE1,1:R1-7:R2$$$",-6.64800000,ok,,flexible
"PEPTIDE1{dA.pentyl_Gly.P.Me_dL.meA.dP.P}$PEPTIDE1,PEPTIDE1,1:R1-7:R2$$$",-6.12000000,ok,,flexible
"PEPTIDE1{A.P.T.F.D.P.I}$PEPTIDE1,PEPTIDE1,1:R1-7:R2$$$",-6.38300000,ok,,flexible
"PEPTIDE1{meA.P.dP.Me_dL.G.I.F}$PEPTIDE1,PEPTIDE1,1:R1-7:R2$$$",-6.56800000,ok,,flexible
"PEPTIDE1{meA.P.meY.dP.Y.P.dP}$PEPTIDE1,PEPTIDE1,1:R1-7:R2$$$",-7.31300000,ok,,flexible
"PEPTIDE1{A.G.dP.T.G.Y.Me_Phe(3-Cl)}$PEPTIDE1,PEPTIDE1,1:R1-7:R2$$$",-7.34800000,ok,,flexible
"PEPTIDE1{Mono6.P.I.Me_Phe(3-Cl).dP.I.P}$PEPTIDE1,PEPTIDE1,1:R1-7:R2$$$",-6.41700000,ok,,flexible
"PEPTIDE1{Mono6.meL.F.dP.G.P.D}$PEPTIDE1,PEPTIDE1,1:R1-7:R2$$$",-7.25900000,ok,,flexible
"PEPTIDE1{meL.Hyp(Et).Mono34.3Pal.Et_Gly.P.Asp_piperidide}$PEPTIDE1,PEPTIDE1,1:R1-7:R2$$$",-5.56900000,ok,,flexible
"PEPTIDE1{dF.P.P.I.dP.T.G}$PEPTIDE1,PEPTIDE1,1:R1-7:R2$$$",-7.02400000,ok,,flexible
"PEPTIDE1{meA.A.G.T.dL.dP.F}$PEPTIDE1,PEPTIDE1,1:R1-7:R2$$$",-6.47200000,ok,,flexible
"PEPTIDE1{meA.dV.I.Me_dL.F.G.V}$PEPTIDE1,PEPTIDE1,1:R1-7:R2$$$",-5.95400000,ok,,flexible
"PEPTIDE1{dA.dP.Ala(5-Tet).T.Phe(4-CF3).T.dP}$PEPTIDE1,PEPTIDE1,1:R1-7:R2$$$",-6.55500000,ok,,flexible
"PEPTIDE1{Me_dA.meL.T.P.T.Me_Phe(3-Cl).dP}$PEPTIDE1,PEPTIDE1,1:R1-7:R2$$$",-6.52500000,ok,,flexible
"PEPTIDE1{Mono6.meL.Phe(4-CF3).T.dP.P.T}$PEPTIDE1,PEPTIDE1,1:R1-7:R2$$$",-7.49700000,ok,,flexible
"PEPTIDE1{Mono6.meL.dP.Ala(5-Tet).P.dP.P}$PEPTIDE1,PEPTIDE1,1:R1-7:R2$$$",-6.77700000,ok,,flexible
"PEPTIDE1{Me_Bal.P.P.G.meL.P.dP}$PEPTIDE1,PEPTIDE1,1:R1-7:R2$$$",-7.06100000,ok,,flexible
"PEPTIDE1{dV.dPye.T.dP.Mono6.Me_dA.meL}$PEPTIDE1,PEPTIDE1,1:R1-7:R2$$$",-5.52500000,ok,,flexible
"PEPTIDE1{Me_dA.meA.meY.P.dP.Asp_piperidide.dP}$PEPTIDE1,PEPTIDE1,1:R1-7:R2$$$",-7.15800000,ok,,flexible
"PEPTIDE1{Me_dA.Pr_Gly.dF.T.dP.F.P}$PEPTIDE1,PEPTIDE1,1:R1-7:R2$$$",-7.01300000,ok,,flexible
"PEPTIDE1{dA.P.Y.T.dP.Me_dL.dP}$PEPTIDE1,PEPTIDE1,1:R1-7:R2$$$",-6.80600000,ok,,flexible
"PEPTIDE1{Me_dA.dP.P.T.P.Me_dL.meL}$PEPTIDE1,PEPTIDE1,1:R1-7:R2$$$",-6.50800000,ok,,flexible
"PEPTIDE1{F.cHexCH2_Gly.Me_Nle.dP.L.I.meL}$PEPTIDE1,PEPTIDE1,1:R1-7:R2$$$",-5.38700000,ok,,flexible
"PEPTIDE1{meA.Pr_Gly.P.dP.T.P.meL}$PEPTIDE1,PEPTIDE1,1:R1-7:R2$$$",-6.81500000,ok,,flexible
"PEPTIDE1{P.Me_dL.meL.Pr_Gly.Y.Mono6.Asp_piperidide}$PEPTIDE1,PEPTIDE1,1:R1-7:R2$$$",-5.26000000,ok,,flexible
"PEPTIDE1{dF.cHexCH2_Gly.F.P.dP.I.L}$PEPTIDE1,PEPTIDE1,1:R1-7:R2$$$",-6.20800000,ok,,flexible
"PEPTIDE1{P.meA.meL.Pr_Gly.F.dP.Me_dA}$PEPTIDE1,PEPTIDE1,1:R1-7:R2$$$",-6.91300000,ok,,flexible
"PEPTIDE1{dV.I.Me_Phe(3-Cl).dP.P.F.D}$PEPTIDE1,PEPTIDE1,1:R1-7:R2$$$",-6.19700000,ok,,flexible
"PEPTIDE1{dA.meL.G.P.P.Me_Phe(3-Cl).dP}$PEPTIDE1,PEPTIDE1,1:R1-7:R2$$$",-7.03600000,ok,,flexible
"PEPTIDE1{Me_Bal.dP.G.Me_dA.F.T.Me_Phe(3-Cl)}$PEPTIDE1,PEPTIDE1,1:R1-7:R2$$$",-7.55600000,ok,,flexible
"PEPTIDE1{dF.T.P.Nle.P.dP.I}$PEPTIDE1,PEPTIDE1,1:R1-7:R2$$$",-5.96800000,ok,,flexible
"PEPTIDE1{Me_Bal.D.T.dP.P.V.P}$PEPTIDE1,PEPTIDE1,1:R1-7:R2$$$",-6.00500000,ok,,flexible
"PEPTIDE1{dF.Mono84.P.Me_Phe(3-Cl).I.meL.V}$PEPTIDE1,PEPTIDE1,1:R1-7:R2$$$",-6.39000000,ok,,flexible
"PEPTIDE1{dA.F.dP.I.P.P.Me_Phe(3-Cl)}$PEPTIDE1,PEPTIDE1,1:R1-7:R2$$$",-6.95600000,ok,,flexible
"PEPTIDE1{meA.dP.Mono6.P.Mono100.P.Nle}$PEPTIDE1,PEPTIDE1,1:R1-7:R2$$$",-6.65900000,ok,,flexible
"PEPTIDE1{Me_Bal.meL.F.dP.G.dV.Mono86}$PEPTIDE1,PEPTIDE1,1:R1-7:R2$$$",-6.41200000,ok,,flexible
"PEPTIDE1{meA.dP.P.F.dP.P.I}$PEPTIDE1,PEPTIDE1,1:R1-7:R2$$$",-6.57000000,ok,,flexible
"PEPTIDE1{meL.P.L.Me_Phe(3-Cl).Me_dA.meA.dL}$PEPTIDE1,PEPTIDE1,1:R1-7:R2$$$",-6.17700000,ok,,flexible
"PEPTIDE1{Mono6.Me_dNva.P.pentyl_Gly.meL.P.cHexCH2_Gly}$PEPTIDE1,PEPTIDE1,1:R1-7:R2$$$",-5.70900000,ok,,flexible
"PEPTIDE1{Me_Bal.Pr_Gly.F.Phe(4-CF3).Me_Phe(3-Cl).dP.Y}$PEPTIDE1,PEPTIDE1,1:R1-7:R2$$$",-6.80100000,ok,,flexible
"PEPTIDE1{dA.D.T.Me_dL.G.meL.T}$PEPTIDE1,PEPTIDE1,1:R1-7:R2$$$",-5.76200000,ok,,flexible
"PEPTIDE1{dP.T.F.dP.P.meL.dF}$PEPTIDE1,PEPTIDE1,1:R1-7:R2$$$",-6.60900000,ok,,flexible
"PEPTIDE1{Me_dA.P.meL.V.G.T.T}$PEPTIDE1,PEPTIDE1,1:R1-7:R2$$$",-5.98800000,ok,,flexible
"PEPTIDE1{Mono6.cHexCH2_Gly.meL.Sar.T.P.dP}$PEPTIDE1,PEPTIDE1,1:R1-7:R2$$$",-6.77500000,ok,,flexible
"PEPTIDE1{P.F.meA.meF.L.T.Me_dA}$PEPTIDE1,PEPTIDE1,1:R1-7:R2$$$",-6.18300000,ok,,flexible
"PEPTIDE1{Me_Bal.P.P.dP.T.dY.G}$PEPTIDE1,PEPTIDE1,1:R1-7:R2$$$",-7.81100000,ok,,flexible
"PEPTIDE1{dV.I.G.P.F.T.P}$PEPTIDE1,PEPTIDE1,1:R1-7:R2$$$",-6.66900000,ok,,flexible
"PEPTIDE1{dA.L.T.meL.meA.dP.Me_Phe(3-Cl)}$PEPTIDE1,PEPTIDE1,1:R1-7:R2$$$",-6.16000000,ok,,flexible
"PEPTIDE1{Me_Bal.dP.P.I.Me_dL.L.Me_dA}$PEPTIDE1,PEPTIDE1,1:R1-7:R2$$$",-6.02500000,ok,,flexible
"PEPTIDE1{dA.meL.I.P.P.T.F}$PEPTIDE1,PEPTIDE1,1:R1-7:R2$$$",-6.83600000,ok,,flexible
"PEPTIDE1{Me_dA.A.L.I.Pr_Gly.dV.Mono84}$PEPTIDE1,PEPTIDE1,1:R1-7:R2$$$",-6.43100000,ok,,flexible
"PEPTIDE1{dA.meA.Me_dL.Me_dA.dL.A.V}$PEPTIDE1,PEPTIDE1,1:R1-7:R2$$$",-5.89300000,ok,,flexible
"PEPTIDE1{dA.meS.A.dP.dL.T.G}$PEPTIDE1,PEPTIDE1,1:R1-7:R2$$$",-6.55900000,ok,,flexible
"PEPTIDE1{Pr_Gly.meY.T.P.meL.Asp_piperidide.D}$PEPTIDE1,PEPTIDE1,1:R1-7:R2$$$",-6.08200000,ok,,flexible
"PEPTIDE1{Me_dA.cHexCH2_Gly.Mono84.L.P.meL.dP}$PEPTIDE1,PEPTIDE1,1:R1-7:R2$$$",-6.88700000,ok,,flexible
"PEPTIDE1{Pr_Gly.P.Me_dA.T.Mono6.meY.Me_dL}$PEPTIDE1,PEPTIDE1,1:R1-7:R2$$$",-6.20300000,ok,,flexible
"PEPTIDE1{A.Me_dA.P.L.F.Me_Phe(3-Cl).T}$PEPTIDE1,PEPTIDE1,1:R1-7:R2$$$",-6.66100000,ok,,flexible
"PEPTIDE1{meA.meL.T.F.Me_dL.meY.G}$PEPTIDE1,PEPTIDE1,1:R1-7:R2$$$",-5.96200000,ok,,flexible
"PEPTIDE1{Mono6.dP.T.I.meA.T.dP}$PEPTIDE1,PEPTIDE1,1:R1-7:R2$$$",-6.46200000,ok,,flexible
"PEPTIDE1{Mono6.T.meA.Me_Phe(3-Cl).Ser(tBu).V.dP}$PEPTIDE1,PEPTIDE1,1:R1-7:R2$$$",-6.16900000,ok,,flexible
"PEPTIDE1{A.Me_dA.dP.L.Mono84.Sar.P}$PEPTIDE1,PEPTIDE1,1:R1-7:R2$$$",-6.97000000,ok,,flexible
"PEPTIDE1{Pr_Gly.P.F.T.D.P.I}$PEPTIDE1,PEPTIDE1,1:R1-7:R2$$$",-5.75700000,ok,,flexible
"PEPTIDE1{Me_Bal.meY.meL.T.Me_dA.Mono6.T}$PEPTIDE1,PEPTIDE1,1:R1-7:R2$$$",-6.67500000,ok,,flexible
"PEPTIDE1{dV.T.F.P.dP.D.G}$PEPTIDE1,PEPTIDE1,1:R1-7:R2$$$",-6.65700000,ok,,flexible
"PEPTIDE1{Me_Bal.Me_dL.T.P.dL.P.Me_Phe(3-Cl)}$PEPTIDE1,PEPTIDE1,1:R1-7:R2$$$",-6.80500000,ok,,flexible
"PEPTIDE1{dP.P.T.Y.G.Me_Phe(3-Cl).meL}$PEPTIDE1,PEPTIDE1,1:R1-7:R2$$$",-6.68400000,ok,,flexible
"PEPTIDE1{A.P.L.dP.T.meA.P}$PEPTIDE1,PEPTIDE1,1:R1-7:R2$$$",-6.87200000,ok,,flexible
"PEPTIDE1{Sar.A.P.P.P.T.G}$PEPTIDE1,PEPTIDE1,1:R1-7:R2$$$",-7.37500000,ok,,flexible
"PEPTIDE1{meA.Me_dL.Me_dA.T.dP.P.dP}$PEPTIDE1,PEPTIDE1,1:R1-7:R2$$$",-6.73500000,ok,,flexible
"PEPTIDE1{Mono6.P.D.T.G.T.P}$PEPTIDE1,PEPTIDE1,1:R1-7:R2$$$",-6.16000000,ok,,flexible
"PEPTIDE1{meL.P.Mono6.Asp_piperidide.Y.dP.P}$PEPTIDE1,PEPTIDE1,1:R1-7:R2$$$",-6.59700000,ok,,flexible
"PEPTIDE1{Pr_Gly.dP.meY.P.Mono6.Y.T}$PEPTIDE1,PEPTIDE1,1:R1-7:R2$$$",-6.49300000,ok,,flexible
"PEPTIDE1{dV.D.I.F.Me_dL.P.meL}$PEPTIDE1,PEPTIDE1,1:R1-7:R2$$$",-5.15200000,ok,,flexible
"PEPTIDE1{Mono6.P.P.F.Y.F.T}$PEPTIDE1,PEPTIDE1,1:R1-7:R2$$$",-7.20700000,ok,,flexible
"PEPTIDE1{Mono6.dP.Asp_piperidide.G.meL.D.T}$PEPTIDE1,PEPTIDE1,1:R1-7:R2$$$",-5.90000000,ok,,flexible
"PEPTIDE1{A.dPye.dF.Y.dP.Asp_piperidide.Me_dA}$PEPTIDE1,PEPTIDE1,1:R1-7:R2$$$",-6.09400000,ok,,flexible
"PEPTIDE1{Me_dA.meL.Me_dL.T.Me_Phe(3-Cl).F.Phe(4-CF3)}$PEPTIDE1,PEPTIDE1,1:R1-7:R2$$$",-6.72700000,ok,,flexible
"PEPTIDE1{P.F.Me_dL.Asp_piperidide.meY.Y.dF}$PEPTIDE1,PEPTIDE1,1:R1-7:R2$$$",-6.11200000,ok,,flexible
"PEPTIDE1{F.pentyl_Gly.P.L.T.T.dL}$PEPTIDE1,PEPTIDE1,1:R1-7:R2$$$",-5.66000000,ok,,flexible
"PEPTIDE1{Me_dA.Sar.G.P.Phe(4-CF3).meL.dP}$PEPTIDE1,PEPTIDE1,1:R1-7:R2$$$",-7.43000000,ok,,flexible
"PEPTIDE1{P.G.Me_dA.meL.A.Me_dL.T}$PEPTIDE1,PEPTIDE1,1:R1-7:R2$$$",-6.49100000,ok,,flexible
"PEPTIDE1{dA.dL.meL.dP.T.G.Y}$PEPTIDE1,PEPTIDE1,1:R1-7:R2$$$",-6.22700000,ok,,flexible
"PEPTIDE1{Me_dA.F.meL.T.T.meY.Mono7}$PEPTIDE1,PEPTIDE1,1:R1-7:R2$$$",-6.80400000,ok,,flexible
"PEPTIDE1{Me_Bal.dP.P.Phe(4-CF3).F.T.dP}$PEPTIDE1,PEPTIDE1,1:R1-7:R2$$$",-7.19700000,ok,,flexible
"PEPTIDE1{dV.P.dY.D.dP.G.F}$PEPTIDE1,PEPTIDE1,1:R1-7:R2$$$",-6.61000000,ok,,flexible
"PEPTIDE1{P.dA.Me_dL.Me_Phe(3-Cl).Mono84.dP.dP}$PEPTIDE1,PEPTIDE1,1:R1-7:R2$$$",-7.48100000,ok,,flexible
"PEPTIDE1{Sar.pentyl_Gly.P.dL.T.F.dP}$PEPTIDE1,PEPTIDE1,1:R1-7:R2$$$",-5.75800000,ok,,flexible
"PEPTIDE1{Me_Bal.meA.Phe(4-CF3).Me_Phe(3-Cl).P.F.P}$PEPTIDE1,PEPTIDE1,1:R1-7:R2$$$",-6.70800000,ok,,flexible
"PEPTIDE1{meA.T.Mono38.P.dL.meL.Me_dA}$PEPTIDE1,PEPTIDE1,1:R1-7:R2$$$",-5.92100000,ok,,flexible
"PEPTIDE1{dF.pentyl_Gly.dL.P.dP.I.Me_Phe(3-Cl)}$PEPTIDE1,PEPTIDE1,1:R1-7:R2$$$",-5.51900000,ok,,flexible
"PEPTIDE1{dV.dP.meL.Me_dL.F.P.P}$PEPTIDE1,PEPTIDE1,1:R1-7:R2$$$",-6.40700000,ok,,flexible
"PEPTIDE1{Me_dA.A.dP.F.V.L.meF}$PEPTIDE1,PEPTIDE1,1:R1-7:R2$$$",-6.20000000,ok,,flexible
"PEPTIDE1{Me_Bal.meY.P.P.T.Asp_piperidide.P}$PEPTIDE1,PEPTIDE1,1:R1-7:R2$$$",-7.03400000,ok,,flexible
"PEPTIDE1{F.cHexCH2_Gly.T.dP.Me_Phe(3-Cl).Nle.I}$PEPTIDE1,PEPTIDE1,1:R1-7:R2$$$",-5.38100000,ok,,flexible
"PEPTIDE1{F.T.dP.P.D.P.3Pal}$PEPTIDE1,PEPTIDE1,1:R1-7:R2$$$",-6.07000000,ok,,flexible
"PEPTIDE1{A.P.Me_dL.dP.I.meL.P}$PEPTIDE1,PEPTIDE1,1:R1-7:R2$$$",-6.32600000,ok,,flexible
"PEPTIDE1{dF.pentyl_Gly.P.T.P.A.F}$PEPTIDE1,PEPTIDE1,1:R1-7:R2$$$",-5.51400000,ok,,flexible
"PEPTIDE1{meA.T.dP.F.I.A.T}$PEPTIDE1,PEPTIDE1,1:R1-7:R2$$$",-6.19300000,ok,,flexible
"PEPTIDE1{dP.cHexCH2_Gly.P.I.T.Nle.Me_Phe(3-Cl)}$PEPTIDE1,PEPTIDE1,1:R1-7:R2$$$",-5.82000000,ok,,flexible
"PEPTIDE1{Me_Bal.meA.meL.T.P.Me_dL.I}$PEPTIDE1,PEPTIDE1,1:R1-7:R2$$$",-6.04900000,ok,,flexible
"PEPTIDE1{Me_dA.P.meL.Me_Phe(3-Cl).G.dP.Me_dL}$PEPTIDE1,PEPTIDE1,1:R1-7:R2$$$",-6.37500000,ok,,flexible
"PEPTIDE1{dA.D.meL.T.Me_Phe(3-Cl).Me_dL.G}$PEPTIDE1,PEPTIDE1,1:R1-7:R2$$$",-6.59700000,ok,,flexible
"PEPTIDE1{meA.I.L.Sar.Me_dL.A.T}$PEPTIDE1,PEPTIDE1,1:R1-7:R2$$$",-5.44800000,ok,,flexible
"PEPTIDE1{F.dP.meA.meL.P.A.dL}$PEPTIDE1,PEPTIDE1,1:R1-7:R2$$$",-6.83200000,ok,,flexible
"PEPTIDE1{meA.Pr_Gly.meL.Me_dL.dP.Me_Phe(3-Cl).T}$PEPTIDE1,PEPTIDE1,1:R1-7:R2$$$",-5.31500000,ok,,flexible
"PEPTIDE1{F.Pr_Gly.Hyp(Et).P.P.Me_dL.dP}$PEPTIDE1,PEPTIDE1,1:R1-7:R2$$$",-6.52000000,ok,,flexible
"PEPTIDE1{Me_Bal.P.V.T.Me_Phe(3-Cl).P.P}$PEPTIDE1,PEPTIDE1,1:R1-7:R2$$$",-7.19100000,ok,,flexible
"PEPTIDE1{F.Ser(tBu).meL.dP.I.P.Me_Phe(3-Cl)}$PEPTIDE1,PEPTIDE1,1:R1-7:R2$$$",-6.46200000,ok,,flexible
"PEPTIDE1{Me_Bal.dL.L.T.T.meA.dP}$PEPTIDE1,PEPTIDE1,1:R1-7:R2$$$",-6.34500000,ok,,flexible
"PEPTIDE1{meA.Pr_Gly.Me_dL.dL.F.T.meL}$PEPTIDE1,PEPTIDE1,1:R1-7:R2$$$",-5.70500000,ok,,flexible
"PEPTIDE1{Mono6.dP.Me_dA.P.Me_dL.T.meY}$PEPTIDE1,PEPTIDE1,1:R1-7:R2$$$",-7.35700000,ok,,flexible
"PEPTIDE1{Me_Bal.Mono104.P.Mono84.L.Me_Phe(3-Cl).dP}$PEPTIDE1,PEPTIDE1,1:R1-7:R2$$$",-6.95400000,ok,,flexible
"PEPTIDE1{dV.Sar.pentyl_Gly.meL.dP.F.G}$PEPTIDE1,PEPTIDE1,1:R1-7:R2$$$",-5.86400000,ok,,flexible
"PEPTIDE1{dA.G.F.Me_dL.meL.T.L}$PEPTIDE1,PEPTIDE1,1:R1-7:R2$$$",-6.39600000,ok,,flexible
"PEPTIDE1{Mono6.P.meL.P.F.A.Me_Phe(3-Cl)}$PEPTIDE1,PEPTIDE1,1:R1-7:R2$$$",-7.06700000,ok,,flexible
"PEPTIDE1{Me_Bal.A.I.dP.G.Sar.Mono84}$PEPTIDE1,PEPTIDE1,1:R1-7:R2$$$",-6.55300000,ok,,flexible
"PEPTIDE1{meA.T.dP.Me_dL.Ser(tBu).P.V}$PEPTIDE1,PEPTIDE1,1:R1-7:R2$$$",-6.01100000,ok,,flexible
"PEPTIDE1{Mono6.Asp_piperidide.Et_Gly.Me_Phe(3-Cl).meL.F.T}$PEPTIDE1,PEPTIDE1,1:R1-7:R2$$$",-6.48600000,ok,,flexible
"PEPTIDE1{F.Me_Nle.Me_Phe(3-Cl).P.G.T.Nle}$PEPTIDE1,PEPTIDE1,1:R1-7:R2$$$",-5.49300000,ok,,flexible
"PEPTIDE1{dP.P.Me_dA.Me_dL.meA.meF.I}$PEPTIDE1,PEPTIDE1,1:R1-7:R2$$$",-5.85600000,ok,,flexible
"PEPTIDE1{A.F.T.dP.Me_Phe(3-Cl).I.V}$PEPTIDE1,PEPTIDE1,1:R1-7:R2$$$",-6.52500000,ok,,flexible
"PEPTIDE1{F.Me_dA.Ser(tBu).I.Me_Nle.T.G}$PEPTIDE1,PEPTIDE1,1:R1-7:R2$$$",-5.65100000,ok,,flexible
"PEPTIDE1{Me_dA.F.meL.dP.V.Me_Phe(3-Cl).T}$PEPTIDE1,PEPTIDE1,1:R1-7:R2$$$",-5.98400000,ok,,flexible
"PEPTIDE1{Mono6.Ser(tBu).T.Me_Phe(3-Cl).P.Et_Gly.P}$PEPTIDE1,PEPTIDE1,1:R1-7:R2$$$",-5.96200000,ok,,flexible
"PEPTIDE1{Me_Bal.meL.Phe(4-CF3).Y.P.T.F}$PEPTIDE1,PEPTIDE1,1:R1-7:R2$$$",-6.80600000,ok,,flexible
"PEPTIDE1{Me_Bal.meF.cHexCH2_Gly.D.F.T.I}$PEPTIDE1,PEPTIDE1,1:R1-7:R2$$$",-6.65600000,ok,,flexible
"PEPTIDE1{dA.pentyl_Gly.P.meF.meA.F.Ser(tBu)}$PEPTIDE1,PEPTIDE1,1:R1-7:R2$$$",-6.04600000,ok,,flexible
"PEPTIDE1{dF.T.F.P.dP.Phe(4-CF3).Me_Phe(3-Cl)}$PEPTIDE1,PEPTIDE1,1:R1-7:R2$$$",-6.24200000,ok,,flexible
"PEPTIDE1{dF.Asp_piperidide.meL.T.Me_Phe(3-Cl).3Pal.F}$PEPTIDE1,PEPTIDE1,1:R1-7:R2$$$",-6.32100000,ok,,flexible
"PEPTIDE1{Mono6.cHexCH2_Gly.T.F.Me_dL.P.meY}$PEPTIDE1,PEPTIDE1,1:R1-7:R2$$$",-6.30800000,ok,,flexible
"PEPTIDE1{meA.P.T.I.dP.D.P}$PEPTIDE1,PEPTIDE1,1:R1-7:R2$$$",-6.55100000,ok,,flexible
"PEPTIDE1{F.Et_Gly.P.Me_Phe(3-Cl).P.T.dP}$PEPTIDE1,PEPTIDE1,1:R1-7:R2$$$",-6.82600000,ok,,flexible
"PEPTIDE1{dA.dP.P.Me_dL.L.P.V}$PEPTIDE1,PEPTIDE1,1:R1-7:R2$$$",-6.41200000,ok,,flexible
"PEPTIDE1{F.Mono38.A.Mono84.Me_Phe(3-Cl).P.P}$PEPTIDE1,PEPTIDE1,1:R1-7:R2$$$",-6.18900000,ok,,flexible
"PEPTIDE1{dA.T.P.I.dP.Me_dL.meL}$PEPTIDE1,PEPTIDE1,1:R1-7:R2$$$",-5.69000000,ok,,flexible
"PEPTIDE1{dV.T.G.T.P.P.meL}$PEPTIDE1,PEPTIDE1,1:R1-7:R2$$$",-5.96200000,ok,,flexible
"PEPTIDE1{meA.T.dP.F.Y.dY.I}$PEPTIDE1,PEPTIDE1,1:R1-7:R2$$$",-6.29300000,ok,,flexible
"PEPTIDE1{dA.A.dP.Sar.Me_dA.F.meL}$PEPTIDE1,PEPTIDE1,1:R1-7:R2$$$",-6.38200000,ok,,flexible
"PEPTIDE1{dA.G.meL.I.F.P.G}$PEPTIDE1,PEPTIDE1,1:R1-7:R2$$$",-7.35700000,ok,,flexible
"PEPTIDE1{P.A.T.T.L.Mono7.Me_dL}$PEPTIDE1,PEPTIDE1,1:R1-7:R2$$$",-5.82700000,ok,,flexible
"PEPTIDE1{A.T.P.F.G.P.Y}$PEPTIDE1,PEPTIDE1,1:R1-7:R2$$$",-7.06700000,ok,,flexible
"PEPTIDE1{dA.cHexCH2_Gly.dP.I.F.T.Nle}$PEPTIDE1,PEPTIDE1,1:R1-7:R2$$$",-5.74200000,ok,,flexible
"PEPTIDE1{Me_dA.P.meL.Mono86.pentyl_Gly.L.T}$PEPTIDE1,PEPTIDE1,1:R1-7:R2$$$",-5.59800000,ok,,flexible
"PEPTIDE1{P.dA.Pr_Gly.Asp_piperidide.F.meL.dP}$PEPTIDE1,PEPTIDE1,1:R1-7:R2$$$",-5.98600000,ok,,flexible
"PEPTIDE1{dV.D.T.T.P.dP.V}$PEPTIDE1,PEPTIDE1,1:R1-7:R2$$$",-6.30000000,ok,,flexible
"PEPTIDE1{Pr_Gly.pentyl_Gly.I.P.meF.F.P}$PEPTIDE1,PEPTIDE1,1:R1-7:R2$$$",-6.30800000,ok,,flexible
"PEPTIDE1{dA.Me_dL.T.dP.A.G.I}$PEPTIDE1,PEPTIDE1,1:R1-7:R2$$$",-6.24200000,ok,,flexible
"PEPTIDE1{Me_Bal.L.dP.dL.I.meL.L}$PEPTIDE1,PEPTIDE1,1:R1-7:R2$$$",-5.66900000,ok,,flexible
"PEPTIDE1{P.Me_dA.dP.G.dY.Me_Phe(3-Cl).G}$PEPTIDE1,PEPTIDE1,1:R1-7:R2$$$",-7.07200000,ok,,flexible
"PEPTIDE1{dA.T.meL.dP.G.I.P}$PEPTIDE1,PEPTIDE1,1:R1-7:R2$$$",-6.38200000,ok,,flexible
"PEPTIDE1{A.F.I.G.G.P.T}$PEPTIDE1,PEPTIDE1,1:R1-7:R2$$$",-6.50900000,ok,,flexible
"PEPTIDE1{meA.Sar.P.T.T.dP.G}$PEPTIDE1,PEPTIDE1,1:R1-7:R2$$$",-6.52400000,ok,,flexible
"PEPTIDE1{A.F.P.L.V.T.dP}$PEPTIDE1,PEPTIDE1,1:R1-7:R2$$$",-5.54800000,ok,,flexible
"PEPTIDE1{dF.P.P.Me_Phe(3-Cl).meL.T.dP}$PEPTIDE1,PEPTIDE1,1:R1-7:R2$$$",-6.38000000,ok,,flexible
"PEPTIDE1{meA.Me_dAbu.F.P.P.T.P}$PEPTIDE1,PEPTIDE1,1:R1-7:R2$$$",-6.79900000,ok,,flexible
"PEPTIDE1{Pr_Gly.L.P.F.dP.meL.G}$PEPTIDE1,PEPTIDE1,1:R1-7:R2$$$",-6.36300000,ok,,flexible
"PEPTIDE1{dA.T.F.I.G.T.dP}$PEPTIDE1,PEPTIDE1,1:R1-7:R2$$$",-6.00400000,ok,,flexible
"PEPTIDE1{Mono6.P.Mono84.L.T.Me_Phe(3-Cl).dP}$PEPTIDE1,PEPTIDE1,1:R1-7:R2$$$",-8.03800000,ok,,flexible
"PEPTIDE1{Me_dA.dP.P.meL.P.L.G}$PEPTIDE1,PEPTIDE1,1:R1-7:R2$$$",-6.18800000,ok,,flexible
"PEPTIDE1{Mono6.T.dP.G.Y.F.Me_dL}$PEPTIDE1,PEPTIDE1,1:R1-7:R2$$$",-6.27700000,ok,,flexible
"PEPTIDE1{Mono6.T.P.P.dP.meL.T}$PEPTIDE1,PEPTIDE1,1:R1-7:R2$$$",-5.96800000,ok,,flexible
"PEPTIDE1{dP.A.T.meL.Me_dL.Me_Phe(3-Cl).P}$PEPTIDE1,PEPTIDE1,1:R1-7:R2$$$",-5.84800000,ok,,flexible
"PEPTIDE1{Pr_Gly.Me_dA.meL.dP.Me_dL.T.Mono6}$PEPTIDE1,PEPTIDE1,1:R1-7:R2$$$",-5.79100000,ok,,flexible
"PEPTIDE1{Sar.cHexCH2_Gly.D.meL.3Pal.P.P}$PEPTIDE1,PEPTIDE1,1:R1-7:R2$$$",-6.41700000,ok,,flexible
"PEPTIDE1{dV.dP.meL.P.T.dP.F}$PEPTIDE1,PEPTIDE1,1:R1-7:R2$$$",-6.58200000,ok,,flexible
"PEPTIDE1{L.dP.F.G.P.Phe(4-CF3).dP}$PEPTIDE1,PEPTIDE1,1:R1-7:R2$$$",-6.98200000,ok,,flexible
"PEPTIDE1{dV.P.Ser(tBu).G.T.F.L}$PEPTIDE1,PEPTIDE1,1:R1-7:R2$$$",-6.21600000,ok,,flexible
"PEPTIDE1{dA.Me_dA.dP.T.T.D.Phe(4-CF3)}$PEPTIDE1,PEPTIDE1,1:R1-7:R2$$$",-6.50200000,ok,,flexible
"PEPTIDE1{Me_dA.P.F.dP.P.V.meL}$PEPTIDE1,PEPTIDE1,1:R1-7:R2$$$",-6.64700000,ok,,flexible
"PEPTIDE1{Mono6.F.Ser(tBu).meL.L.dP.P}$PEPTIDE1,PEPTIDE1,1:R1-7:R2$$$",-6.94200000,ok,,flexible
"PEPTIDE1{meA.T.G.D.I.Me_Phe(3-Cl).P}$PEPTIDE1,PEPTIDE1,1:R1-7:R2$$$",-6.40100000,ok,,flexible
"PEPTIDE1{A.meF.pentyl_Gly.I.L.Me_Phe(3-Cl).dP}$PEPTIDE1,PEPTIDE1,1:R1-7:R2$$$",-5.31300000,ok,,flexible
"PEPTIDE1{Me_Bal.Me_dL.meL.G.T.P.T}$PEPTIDE1,PEPTIDE1,1:R1-7:R2$$$",-5.67000000,ok,,flexible
"PEPTIDE1{Mono6.D.P.T.T.V.meL}$PEPTIDE1,PEPTIDE1,1:R1-7:R2$$$",-6.25700000,ok,,flexible
"PEPTIDE1{A.T.dP.Me_dL.F.meL.P}$PEPTIDE1,PEPTIDE1,1:R1-7:R2$$$",-6.20200000,ok,,flexible
"PEPTIDE1{meA.pentyl_Gly.G.A.L.T.I}$PEPTIDE1,PEPTIDE1,1:R1-7:R2$$$",-5.61700000,ok,,flexible
"PEPTIDE1{Me_dA.P.L.dP.F.L.dL}$PEPTIDE1,PEPTIDE1,1:R1-7:R2$$$",-6.52800000,ok,,flexible
"PEPTIDE1{dP.A.F.G.meL.P.I}$PEPTIDE1,PEPTIDE1,1:R1-7:R2$$$",-6.40200000,ok,,flexible
"PEPTIDE1{Me_dA.P.Asp_piperidide.P.F.dP.G}$PEPTIDE1,PEPTIDE1,1:R1-7:R2$$$",-7.35700000,ok,,flexible
"PEPTIDE1{dF.T.meI.P.dP.F.meL}$PEPTIDE1,PEPTIDE1,1:R1-7:R2$$$",-5.85000000,ok,,flexible
"PEPTIDE1{Me_Bal.dP.G.T.meL.P.F}$PEPTIDE1,PEPTIDE1,1:R1-7:R2$$$",-6.63500000,ok,,flexible
"PEPTIDE1{F.cHexCH2_Gly.G.dL.A.T.L}$PEPTIDE1,PEPTIDE1,1:R1-7:R2$$$",-5.28700000,ok,,flexible
"PEPTIDE1{dA.Me_dA.pentyl_Gly.F.P.meL.P}$PEPTIDE1,PEPTIDE1,1:R1-7:R2$$$",-6.23400000,ok,,flexible
"PEPTIDE1{meA.Me_dL.dP.Sar.P.T.dP}$PEPTIDE1,PEPTIDE1,1:R1-7:R2$$$",-6.53900000,ok,,flexible
"PEPTIDE1{Pr_Gly.Me_dA.P.Me_dL.Asp_piperidide.T.meL}$PEPTIDE1,PEPTIDE1,1:R1-7:R2$$$",-5.58500000,ok,,flexible
"PEPTIDE1{Mono6.T.Nle.dP.dP.Me_Phe(3-Cl).T}$PEPTIDE1,PEPTIDE1,1:R1-7:R2$$$",-6.08600000,ok,,flexible
"PEPTIDE1{Mono6.Pr_Gly.meY.P.Me_dL.dF.Me_dA}$PEPTIDE1,PEPTIDE1,1:R1-7:R2$$$",-7.19400000,ok,,flexible
"PEPTIDE1{Me_dA.P.I.P.dP.meL.F}$PEPTIDE1,PEPTIDE1,1:R1-7:R2$$$",-6.27600000,ok,,flexible
"PEPTIDE1{dA.P.F.I.L.meL.G}$PEPTIDE1,PEPTIDE1,1:R1-7:R2$$$",-6.31300000,ok,,flexible
"PEPTIDE1{meA.Me_dL.P.meY.dP.Me_dA.D}$PEPTIDE1,PEPTIDE1,1:R1-7:R2$$$",-6.86300000,ok,,flexible
"PEPTIDE1{Me_dA.L.3Pal.meL.P.Me_Phe(3-Cl).Me_Nle}$PEPTIDE1,PEPTIDE1,1:R1-7:R2$$$",-5.49000000,ok,,flexible
"PEPTIDE1{Me_Bal.P.dP.I.P.F.dP}$PEPTIDE1,PEPTIDE1,1:R1-7:R2$$$",-6.95300000,ok,,flexible
"PEPTIDE1{A.Pr_Gly.Me_dA.meF.L.P.F}$PEPTIDE1,PEPTIDE1,1:R1-7:R2$$$",-6.27700000,ok,,flexible
"PEPTIDE1{Mono6.T.dP.Me_dA.Asp_piperidide.Me_Phe(3-Cl).Mono100}$PEPTIDE1,PEPTIDE1,1:R1-7:R2$$$",-7.38900000,ok,,flexible
"PEPTIDE1{Me_dA.T.I.T.P.F.dP}$PEPTIDE1,PEPTIDE1,1:R1-7:R2$$$",-6.80400000,ok,,flexible
"PEPTIDE1{Sar.F.meL.T.G.P.G}$PEPTIDE1,PEPTIDE1,1:R1-7:R2$$$",-6.47500000,ok,,flexible
"PEPTIDE1{Me_dA.P.T.Me_dL.Y.T.meY}$PEPTIDE1,PEPTIDE1,1:R1-7:R2$$$",-6.66900000,ok,,flexible
"PEPTIDE1{Me_Bal.L.dP.G.F.I.meL}$PEPTIDE1,PEPTIDE1,1:R1-7:R2$$$",-5.61700000,ok,,flexible
"PEPTIDE1{Me_Bal.L.P.T.dP.F.P}$PEPTIDE1,PEPTIDE1,1:R1-7:R2$$$",-6.87700000,ok,,flexible
"PEPTIDE1{F.I.T.Me_Phe(3-Cl).dP.P.L}$PEPTIDE1,PEPTIDE1,1:R1-7:R2$$$",-6.04100000,ok,,flexible
"PEPTIDE1{Pr_Gly.A.P.dP.F.Me_dL.P}$PEPTIDE1,PEPTIDE1,1:R1-7:R2$$$",-6.72600000,ok,,flexible
"PEPTIDE1{P.A.F.Me_dL.Me_Phe(3-Cl).T.Mono6}$PEPTIDE1,PEPTIDE1,1:R1-7:R2$$$",-7.08800000,ok,,flexible
"PEPTIDE1{meA.P.G.G.dP.F.D}$PEPTIDE1,PEPTIDE1,1:R1-7:R2$$$",-6.61800000,ok,,flexible
"PEPTIDE1{Me_Bal.A.D.L.dL.Ser(tBu).T}$PEPTIDE1,PEPTIDE1,1:R1-7:R2$$$",-5.70600000,ok,,flexible
"PEPTIDE1{Sar.meA.meY.Y.Me_dL.dP.dP}$PEPTIDE1,PEPTIDE1,1:R1-7:R2$$$",-7.16200000,ok,,flexible
"PEPTIDE1{dP.F.meL.V.Sar.T.dP}$PEPTIDE1,PEPTIDE1,1:R1-7:R2$$$",-6.67200000,ok,,flexible
"PEPTIDE1{Mono6.dP.F.Asp_piperidide.D.Y.P}$PEPTIDE1,PEPTIDE1,1:R1-7:R2$$$",-6.48100000,ok,,flexible
"PEPTIDE1{Me_Bal.G.P.pentyl_Gly.dP.P.V}$PEPTIDE1,PEPTIDE1,1:R1-7:R2$$$",-6.26700000,ok,,flexible
"PEPTIDE1{dV.P.meL.Asp_piperidide.Mono6.Ala(5-Tet).dP}$PEPTIDE1,PEPTIDE1,1:R1-7:R2$$$",-7.06200000,ok,,flexible
"PEPTIDE1{dF.dA.A.dP.dL.meA.I}$PEPTIDE1,PEPTIDE1,1:R1-7:R2$$$",-6.11700000,ok,,flexible
"PEPTIDE1{Me_Bal.meL.dP.dP.V.I.Me_Phe(3-Cl)}$PEPTIDE1,PEPTIDE1,1:R1-7:R2$$$",-6.05900000,ok,,flexible
"PEPTIDE1{A.P.P.dP.D.dP.F}$PEPTIDE1,PEPTIDE1,1:R1-7:R2$$$",-7.45300000,ok,,flexible
"PEPTIDE1{Me_dA.Pr_Gly.Me_dL.Mono6.T.F.Asp_piperidide}$PEPTIDE1,PEPTIDE1,1:R1-7:R2$$$",-5.79800000,ok,,flexible
"PEPTIDE1{Me_Bal.dV.A.T.G.I.P}$PEPTIDE1,PEPTIDE1,1:R1-7:R2$$$",-6.00600000,ok,,flexible
"PEPTIDE1{Mono6.meY.P.Me_dAbu.P.P.dP}$PEPTIDE1,PEPTIDE1,1:R1-7:R2$$$",-7.17200000,ok,,flexible
"PEPTIDE1{meA.D.P.F.P.T.meL}$PEPTIDE1,PEPTIDE1,1:R1-7:R2$$$",-5.83300000,ok,,flexible
"PEPTIDE1{Pr_Gly.T.P.dP.Y.meY.Me_dL}$PEPTIDE1,PEPTIDE1,1:R1-7:R2$$$",-6.55300000,ok,,flexible
"PEPTIDE1{Mono6.T.V.dP.P.meL.Me_Phe(3-Cl)}$PEPTIDE1,PEPTIDE1,1:R1-7:R2$$$",-6.29500000,ok,,flexible
"PEPTIDE1{dA.A.F.P.meL.dP.Me_Phe(3-Cl)}$PEPTIDE1,PEPTIDE1,1:R1-7:R2$$$",-7.22300000,ok,,flexible
"PEPTIDE1{Me_dA.L.P.I.I.F.V}$PEPTIDE1,PEPTIDE1,1:R1-7:R2$$$",-5.94700000,ok,,flexible
"PEPTIDE1{dA.P.dP.P.F.D.meL}$PEPTIDE1,PEPTIDE1,1:R1-7:R2$$$",-6.64200000,ok,,flexible
"PEPTIDE1{dV.dY.G.meY.P.dP.D}$PEPTIDE1,PEPTIDE1,1:R1-7:R2$$$",-6.03900000,ok,,flexible
"PEPTIDE1{meL.Mono7.dP.Me_Phe(3-Cl).T.Et_Gly.Asp_piperidide}$PEPTIDE1,PEPTIDE1,1:R1-7:R2$$$",-5.34600000,ok,,flexible
"PEPTIDE1{A.Ser(tBu).P.dP.P.P.Me_dL}$PEPTIDE1,PEPTIDE1,1:R1-7:R2$$$",-6.40600000,ok,,flexible
"PEPTIDE1{dF.T.P.D.meY.P.Y}$PEPTIDE1,PEPTIDE1,1:R1-7:R2$$$",-6.62600000,ok,,flexible
"PEPTIDE1{meA.dP.P.Mono6.meL.Asp_piperidide.Me_Phe(3-Cl)}$PEPTIDE1,PEPTIDE1,1:R1-7:R2$$$",-6.89000000,ok,,flexible
"PEPTIDE1{A.I.F.L.Ser(tBu).dP.Me_Phe(3-Cl)}$PEPTIDE1,PEPTIDE1,1:R1-7:R2$$$",-6.54700000,ok,,flexible
"PEPTIDE1{meA.P.dP.dP.P.F.dV}$PEPTIDE1,PEPTIDE1,1:R1-7:R2$$$",-7.78800000,ok,,flexible
"PEPTIDE1{P.meA.dP.F.T.Y.Me_dL}$PEPTIDE1,PEPTIDE1,1:R1-7:R2$$$",-6.93800000,ok,,flexible
"PEPTIDE1{dV.dP.T.F.P.T.dP}$PEPTIDE1,PEPTIDE1,1:R1-7:R2$$$",-6.39500000,ok,,flexible
"PEPTIDE1{F.Et_Gly.G.meL.Me_Phe(3-Cl).Me_dL.dP}$PEPTIDE1,PEPTIDE1,1:R1-7:R2$$$",-5.99700000,ok,,flexible
"PEPTIDE1{meA.Me_Nle.L.P.dP.P.F}$PEPTIDE1,PEPTIDE1,1:R1-7:R2$$$",-6.22100000,ok,,flexible
"PEPTIDE1{Me_Bal.Mono86.P.P.V.Me_Phe(3-Cl).dP}$PEPTIDE1,PEPTIDE1,1:R1-7:R2$$$",-7.04000000,ok,,flexible
"PEPTIDE1{A.Aib.Me_dA.T.P.meL.F}$PEPTIDE1,PEPTIDE1,1:R1-7:R2$$$",-6.43700000,ok,,flexible
"PEPTIDE1{Pr_Gly.dA.meA.T.dP.dP.P}$PEPTIDE1,PEPTIDE1,1:R1-7:R2$$$",-6.26900000,ok,,flexible
"PEPTIDE1{F.P.dP.Mono84.L.Me_Phe(3-Cl).P}$PEPTIDE1,PEPTIDE1,1:R1-7:R2$$$",-7.71900000,ok,,flexible
"PEPTIDE1{Me_Bal.P.T.D.G.meL.P}$PEPTIDE1,PEPTIDE1,1:R1-7:R2$$$",-6.03100000,ok,,flexible
"PEPTIDE1{dF.Me_dA.F.dP.Me_Phe(3-Cl).T.P}$PEPTIDE1,PEPTIDE1,1:R1-7:R2$$$",-6.61500000,ok,,flexible
"PEPTIDE1{dV.P.I.F.Me_Phe(3-Cl).V.meL}$PEPTIDE1,PEPTIDE1,1:R1-7:R2$$$",-6.81500000,ok,,flexible
"PEPTIDE1{meA.T.meL.P.G.I.T}$PEPTIDE1,PEPTIDE1,1:R1-7:R2$$$",-5.94500000,ok,,flexible
"PEPTIDE1{dA.I.P.F.G.P.G}$PEPTIDE1,PEPTIDE1,1:R1-7:R2$$$",-6.90100000,ok,,flexible
"PEPTIDE1{Me_Bal.Ser(tBu).dP.F.P.meL.V}$PEPTIDE1,PEPTIDE1,1:R1-7:R2$$$",-6.64600000,ok,,flexible
"PEPTIDE1{Me_Bal.meA.meY.Me_dL.F.G.P}$PEPTIDE1,PEPTIDE1,1:R1-7:R2$$$",-6.70100000,ok,,flexible
"PEPTIDE1{dV.dA.Pr_Gly.L.T.Me_dL.F}$PEPTIDE1,PEPTIDE1,1:R1-7:R2$$$",-5.84300000,ok,,flexible
"PEPTIDE1{meA.G.P.meF.V.A.P}$PEPTIDE1,PEPTIDE1,1:R1-7:R2$$$",-7.91400000,ok,,flexible
"PEPTIDE1{Me_Bal.P.P.T.F.dP.P}$PEPTIDE1,PEPTIDE1,1:R1-7:R2$$$",-7.54800000,ok,,flexible
"PEPTIDE1{Sar.P.dP.meL.I.L.F}$PEPTIDE1,PEPTIDE1,1:R1-7:R2$$$",-5.90700000,ok,,flexible
"PEPTIDE1{P.meA.Pr_Gly.F.dA.dP.Mono6}$PEPTIDE1,PEPTIDE1,1:R1-7:R2$$$",-6.33900000,ok,,flexible
"PEPTIDE1{Mono6.dL.meA.meL.P.L.dP}$PEPTIDE1,PEPTIDE1,1:R1-7:R2$$$",-6.11300000,ok,,flexible
"PEPTIDE1{dV.Me_Phe(3-Cl).dP.I.T.P.Asp_piperidide}$PEPTIDE1,PEPTIDE1,1:R1-7:R2$$$",-6.00800000,ok,,flexible
"PEPTIDE1{A.Me_dL.meL.Y.dP.P.P}$PEPTIDE1,PEPTIDE1,1:R1-7:R2$$$",-6.32900000,ok,,flexible
"PEPTIDE1{dV.Mono6.Y.dP.dP.D.I}$PEPTIDE1,PEPTIDE1,1:R1-7:R2$$$",-6.78500000,ok,,flexible
"PEPTIDE1{Me_dA.dP.G.T.F.meL.P}$PEPTIDE1,PEPTIDE1,1:R1-7:R2$$$",-6.68200000,ok,,flexible
"PEPTIDE1{Mono6.T.G.D.Y.F.P}$PEPTIDE1,PEPTIDE1,1:R1-7:R2$$$",-7.22200000,ok,,flexible
"PEPTIDE1{dA.dP.T.P.F.F.T}$PEPTIDE1,PEPTIDE1,1:R1-7:R2$$$",-6.55200000,ok,,flexible
"PEPTIDE1{Me_dA.A.meL.dP.T.Me_dL.L}$PEPTIDE1,PEPTIDE1,1:R1-7:R2$$$",-5.83900000,ok,,flexible
"PEPTIDE1{dP.F.dL.A.T.L.Mono34}$PEPTIDE1,PEPTIDE1,1:R1-7:R2$$$",-5.35700000,ok,,flexible
"PEPTIDE1{Me_Bal.cHexCH2_Gly.meL.dP.Me_dL.dP.Mono6}$PEPTIDE1,PEPTIDE1,1:R1-7:R2$$$",-6.17100000,ok,,flexible
"PEPTIDE1{Me_Bal.dP.A.P.I.T.meL}$PEPTIDE1,PEPTIDE1,1:R1-7:R2$$$",-6.31100000,ok,,flexible
"PEPTIDE1{Me_Bal.cHexCH2_Gly.meA.meL.P.T.A}$PEPTIDE1,PEPTIDE1,1:R1-7:R2$$$",-6.04600000,ok,,flexible
"PEPTIDE1{dA.P.meL.I.dP.Me_dL.G}$PEPTIDE1,PEPTIDE1,1:R1-7:R2$$$",-6.37600000,ok,,flexible
"PEPTIDE1{A.T.meL.T.P.Mono84.Ser(tBu)}$PEPTIDE1,PEPTIDE1,1:R1-7:R2$$$",-5.83800000,ok,,flexible
"PEPTIDE1{Me_Bal.L.T.Me_Phe(3-Cl).meL.P.V}$PEPTIDE1,PEPTIDE1,1:R1-7:R2$$$",-6.56200000,ok,,flexible
"PEPTIDE1{A.T.dP.D.P.meL.I}$PEPTIDE1,PEPTIDE1,1:R1-7:R2$$$",-5.60600000,ok,,flexible
"PEPTIDE1{dF.Mono38.L.Mono84.T.dP.P}$PEPTIDE1,PEPTIDE1,1:R1-7:R2$$$",-6.85600000,ok,,flexible
"PEPTIDE1{dV.T.Me_Phe(3-Cl).P.G.P.F}$PEPTIDE1,PEPTIDE1,1:R1-7:R2$$$",-7.66700000,ok,,flexible
"PEPTIDE1{Me_Bal.Me_Nle.L.Ser(tBu).P.meA.D}$PEPTIDE1,PEPTIDE1,1:R1-7:R2$$$",-5.34200000,ok,,flexible
"PEPTIDE1{Me_Bal.F.dP.meL.P.T.P}$PEPTIDE1,PEPTIDE1,1:R1-7:R2$$$",-6.75900000,ok,,flexible
"PEPTIDE1{A.P.F.P.I.T.dP}$PEPTIDE1,PEPTIDE1,1:R1-7:R2$$$",-6.31700000,ok,,flexible
"PEPTIDE1{P.F.dP.Mono84.T.meL.T}$PEPTIDE1,PEPTIDE1,1:R1-7:R2$$$",-6.84200000,ok,,flexible
"PEPTIDE1{Me_Bal.dP.F.Me_dL.T.L.P}$PEPTIDE1,PEPTIDE1,1:R1-7:R2$$$",-6.05100000,ok,,flexible
"PEPTIDE1{Me_Bal.I.Me_Phe(3-Cl).Nle.F.P.P}$PEPTIDE1,PEPTIDE1,1:R1-7:R2$$$",-6.37800000,ok,,flexible
"PEPTIDE1{F.Ser(tBu).dP.P.meL.T.L}$PEPTIDE1,PEPTIDE1,1:R1-7:R2$$$",-5.79900000,ok,,flexible
"PEPTIDE1{Me_Bal.T.F.P.Y.G.meL}$PEPTIDE1,PEPTIDE1,1:R1-7:R2$$$",-6.57200000,ok,,flexible
"PEPTIDE1{Me_Bal.cHexCH2_Gly.L.Mono86.P.Ser(tBu).meA}$PEPTIDE1,PEPTIDE1,1:R1-7:R2$$$",-5.81300000,ok,,flexible
"PEPTIDE1{Me_Bal.P.Aib.T.F.A.I}$PEPTIDE1,PEPTIDE1,1:R1-7:R2$$$",-6.92500000,ok,,flexible
"PEPTIDE1{P.F.pentyl_Gly.Mono86.Mono84.T.Me_Phe(3-Cl)}$PEPTIDE1,PEPTIDE1,1:R1-7:R2$$$",-6.53400000,ok,,flexible
"PEPTIDE1{Me_dA.A.P.dP.meL.Me_dL.P}$PEPTIDE1,PEPTIDE1,1:R1-7:R2$$$",-6.28800000,ok,,flexible
"PEPTIDE1{dV.dP.P.G.T.F.Y}$PEPTIDE1,PEPTIDE1,1:R1-7:R2$$$",-6.59500000,ok,,flexible
"PEPTIDE1{A.dP.T.P.F.P.dP}$PEPTIDE1,PEPTIDE1,1:R1-7:R2$$$",-7.48900000,ok,,flexible
"PEPTIDE1{dA.A.meL.Pr_Gly.T.Me_dA.Me_dL}$PEPTIDE1,PEPTIDE1,1:R1-7:R2$$$",-5.62700000,ok,,flexible
"PEPTIDE1{meL.3Pal.P.Mono84.dP.Me_Phe(3-Cl).G}$PEPTIDE1,PEPTIDE1,1:R1-7:R2$$$",-6.52600000,ok,,flexible
"PEPTIDE1{Me_dA.P.dA.Me_dL.F.T.dL}$PEPTIDE1,PEPTIDE1,1:R1-7:R2$$$",-6.04100000,ok,,flexible
"PEPTIDE1{Me_Bal.dP.P.Me_Nle.Mono84.F.T}$PEPTIDE1,PEPTIDE1,1:R1-7:R2$$$",-6.52900000,ok,,flexible
"PEPTIDE1{dA.meL.T.F.P.G.Me_Phe(3-Cl)}$PEPTIDE1,PEPTIDE1,1:R1-7:R2$$$",-6.55000000,ok,,flexible
"PEPTIDE1{A.Me_dL.P.F.meY.V.dP}$PEPTIDE1,PEPTIDE1,1:R1-7:R2$$$",-7.07100000,ok,,flexible
"PEPTIDE1{meA.meL.dP.F.T.L.I}$PEPTIDE1,PEPTIDE1,1:R1-7:R2$$$",-6.60500000,ok,,flexible
"PEPTIDE1{Me_dA.A.cHexCH2_Gly.Mono84.L.dP.T}$PEPTIDE1,PEPTIDE1,1:R1-7:R2$$$",-6.71600000,ok,,flexible
"PEPTIDE1{Mono6.I.F.dP.meL.P.Phe(4-CF3)}$PEPTIDE1,PEPTIDE1,1:R1-7:R2$$$",-7.44600000,ok,,flexible
"PEPTIDE1{Me_dA.T.dP.Me_dL.F.dL.A}$PEPTIDE1,PEPTIDE1,1:R1-7:R2$$$",-5.52100000,ok,,flexible
"PEPTIDE1{dV.F.A.L.meL.I.T}$PEPTIDE1,PEPTIDE1,1:R1-7:R2$$$",-5.77400000,ok,,flexible
"PEPTIDE1{Me_dA.dP.P.Me_Phe(3-Cl).F.G.T}$PEPTIDE1,PEPTIDE1,1:R1-7:R2$$$",-6.95900000,ok,,flexible
"PEPTIDE1{A.dP.D.P.I.G.meL}$PEPTIDE1,PEPTIDE1,1:R1-7:R2$$$",-6.03400000,ok,,flexible
"PEPTIDE1{dF.P.L.meL.G.dP.Ser(tBu)}$PEPTIDE1,PEPTIDE1,1:R1-7:R2$$$",-6.86800000,ok,,flexible
"PEPTIDE1{Sar.meL.Mono84.P.dP.I.Ser(tBu)}$PEPTIDE1,PEPTIDE1,1:R1-7:R2$$$",-6.00700000,ok,,flexible
"PEPTIDE1{A.F.meA.P.meL.P.T}$PEPTIDE1,PEPTIDE1,1:R1-7:R2$$$",-6.76500000,ok,,flexible
"PEPTIDE1{dA.Me_dA.P.T.Me_dL.meL.dP}$PEPTIDE1,PEPTIDE1,1:R1-7:R2$$$",-6.71300000,ok,,flexible
"PEPTIDE1{dV.P.F.G.dP.I.dP}$PEPTIDE1,PEPTIDE1,1:R1-7:R2$$$",-7.51900000,ok,,flexible
"PEPTIDE1{dV.I.T.L.I.P.dP}$PEPTIDE1,PEPTIDE1,1:R1-7:R2$$$",-5.98500000,ok,,flexible
"PEPTIDE1{Me_Bal.Mono84.G.F.L.meL.P}$PEPTIDE1,PEPTIDE1,1:R1-7:R2$$$",-6.37800000,ok,,flexible
"PEPTIDE1{dF.Me_dA.meL.P.P.G.dP}$PEPTIDE1,PEPTIDE1,1:R1-7:R2$$$",-7.22700000,ok,,flexible
"PEPTIDE1{dP.L.T.meF.meA.Me_dL.Me_dL}$PEPTIDE1,PEPTIDE1,1:R1-7:R2$$$",-5.70600000,ok,,flexible
"PEPTIDE1{dF.P.F.V.meL.Me_Phe(3-Cl).T}$PEPTIDE1,PEPTIDE1,1:R1-7:R2$$$",-5.91800000,ok,,flexible
"PEPTIDE1{Mono6.dP.dP.Phe(4-CF3).P.G.F}$PEPTIDE1,PEPTIDE1,1:R1-7:R2$$$",-7.68300000,ok,,flexible
"PEPTIDE1{Me_Bal.I.Me_Nle.dP.T.G.P}$PEPTIDE1,PEPTIDE1,1:R1-7:R2$$$",-6.53500000,ok,,flexible
"PEPTIDE1{Me_dA.Me_dL.I.dP.G.P.F}$PEPTIDE1,PEPTIDE1,1:R1-7:R2$$$",-6.36600000,ok,,flexible
"PEPTIDE1{Me_Bal.dP.P.G.F.P.D}$PEPTIDE1,PEPTIDE1,1:R1-7:R2$$$",-7.14000000,ok,,flexible
"PEPTIDE1{dF.T.Et_Gly.P.Mono6.meL.Asp_piperidide}$PEPTIDE1,PEPTIDE1,1:R1-7:R2$$$",-5.89500000,ok,,flexible
"PEPTIDE1{dP.Me_dL.T.F.D.P.I}$PEPTIDE1,PEPTIDE1,1:R1-7:R2$$$",-6.11800000,ok,,flexible
"PEPTIDE1{meA.Ser(tBu).T.V.T.P.F}$PEPTIDE1,PEPTIDE1,1:R1-7:R2$$$",-5.88600000,ok,,flexible
"PEPTIDE1{Me_dA.F.G.Pr_Gly.meA.Me_dL.P}$PEPTIDE1,PEPTIDE1,1:R1-7:R2$$$",-6.15000000,ok,,flexible
"PEPTIDE1{A.Me_dA.T.F.P.Me_Phe(3-Cl).meL}$PEPTIDE1,PEPTIDE1,1:R1-7:R2$$$",-7.01900000,ok,,flexible
"PEPTIDE1{Me_Bal.L.Mono38.cHexCH2_Gly.dP.T.Mono84}$PEPTIDE1,PEPTIDE1,1:R1-7:R2$$$",-6.17300000,ok,,flexible
"PEPTIDE1{dF.T.I.dP.dP.P.Me_Phe(3-Cl)}$PEPTIDE1,PEPTIDE1,1:R1-7:R2$$$",-6.62500000,ok,,flexible
"PEPTIDE1{Mono6.T.dP.I.P.F.T}$PEPTIDE1,PEPTIDE1,1:R1-7:R2$$$",-6.60100000,ok,,flexible
"PEPTIDE1{Mono6.P.Me_dL.T.dP.I.P}$PEPTIDE1,PEPTIDE1,1:R1-7:R2$$$",-6.20000000,ok,,flexible
"PEPTIDE1{Me_dA.F.P.P.P.meL.I}$PEPTIDE1,PEPTIDE1,1:R1-7:R2$$$",-6.99000000,ok,,flexible
"PEPTIDE1{dA.D.meL.G.P.T.F}$PEPTIDE1,PEPTIDE1,1:R1-7:R2$$$",-6.20400000,ok,,flexible
"PEPTIDE1{dV.dA.meL.Me_dA.F.Y.dP}$PEPTIDE1,PEPTIDE1,1:R1-7:R2$$$",-6.94100000,ok,,flexible
"PEPTIDE1{dP.dPye.T.3Pal.Me_Phe(3-Cl).L.P}$PEPTIDE1,PEPTIDE1,1:R1-7:R2$$$",-6.35100000,ok,,flexible
"PEPTIDE1{Pr_Gly.dP.P.Me_Phe(3-Cl).meL.P.P}$PEPTIDE1,PEPTIDE1,1:R1-7:R2$$$",-6.66400000,ok,,flexible
"PEPTIDE1{meA.P.dPye.meL.Me_dA.dA.Me_dL}$PEPTIDE1,PEPTIDE1,1:R1-7:R2$$$",-5.95800000,ok,,flexible
"PEPTIDE1{Mono6.P.dP.V.D.Me_dL.F}$PEPTIDE1,PEPTIDE1,1:R1-7:R2$$$",-6.95000000,ok,,flexible
"PEPTIDE1{A.F.Y.I.dP.Me_Phe(3-Cl).T}$PEPTIDE1,PEPTIDE1,1:R1-7:R2$$$",-6.94000000,ok,,flexible
"PEPTIDE1{Me_Bal.dP.A.I.Me_Phe(3-Cl).V.T}$PEPTIDE1,PEPTIDE1,1:R1-7:R2$$$",-6.43600000,ok,,flexible
"PEPTIDE1{Pr_Gly.P.P.meL.G.dP.Me_Phe(3-Cl)}$PEPTIDE1,PEPTIDE1,1:R1-7:R2$$$",-6.21900000,ok,,flexible
"PEPTIDE1{Me_Bal.Pr_Gly.T.P.dL.F.Me_dL}$PEPTIDE1,PEPTIDE1,1:R1-7:R2$$$",-5.93000000,ok,,flexible
"PEPTIDE1{F.meL.dP.T.P.Mono84.dP}$PEPTIDE1,PEPTIDE1,1:R1-7:R2$$$",-6.88500000,ok,,flexible
"PEPTIDE1{L.P.P.meL.Phe(4-CF3).F.I}$PEPTIDE1,PEPTIDE1,1:R1-7:R2$$$",-6.24100000,ok,,flexible
"PEPTIDE1{meA.dP.I.V.P.meL.G}$PEPTIDE1,PEPTIDE1,1:R1-7:R2$$$",-6.22200000,ok,,flexible
"PEPTIDE1{dV.G.P.dP.F.G.D}$PEPTIDE1,PEPTIDE1,1:R1-7:R2$$$",-6.83100000,ok,,flexible
"PEPTIDE1{Me_dA.G.T.P.P.meL.dP}$PEPTIDE1,PEPTIDE1,1:R1-7:R2$$$",-6.75600000,ok,,flexible
"PEPTIDE1{dA.P.dP.Me_Phe(3-Cl).Phe(4-CF3).meL.dP}$PEPTIDE1,PEPTIDE1,1:R1-7:R2$$$",-7.24100000,ok,,flexible
"PEPTIDE1{Pr_Gly.Me_dA.P.meY.dP.P.dP}$PEPTIDE1,PEPTIDE1,1:R1-7:R2$$$",-7.03200000,ok,,flexible
"PEPTIDE1{Sar.meL.pentyl_Gly.L.T.D.dP}$PEPTIDE1,PEPTIDE1,1:R1-7:R2$$$",-5.62200000,ok,,flexible
"PEPTIDE1{meA.dP.T.G.F.G.I}$PEPTIDE1,PEPTIDE1,1:R1-7:R2$$$",-6.14000000,ok,,flexible
"PEPTIDE1{Me_dA.F.G.T.dP.T.G}$PEPTIDE1,PEPTIDE1,1:R1-7:R2$$$",-6.17500000,ok,,flexible
"PEPTIDE1{Me_dA.Y.dP.F.Me_Phe(3-Cl).dP.D}$PEPTIDE1,PEPTIDE1,1:R1-7:R2$$$",-6.20100000,ok,,flexible
"PEPTIDE1{Mono6.dP.P.dP.G.T.T}$PEPTIDE1,PEPTIDE1,1:R1-7:R2$$$",-7.05200000,ok,,flexible
"PEPTIDE1{meA.T.F.P.meL.Me_Phe(3-Cl).dP}$PEPTIDE1,PEPTIDE1,1:R1-7:R2$$$",-6.31200000,ok,,flexible
"PEPTIDE1{Me_Bal.meL.Mono84.P.T.I.G}$PEPTIDE1,PEPTIDE1,1:R1-7:R2$$$",-6.01900000,ok,,flexible
"PEPTIDE1{meA.dP.dP.T.Me_dL.P.dP}$PEPTIDE1,PEPTIDE1,1:R1-7:R2$$$",-7.06600000,ok,,flexible
"PEPTIDE1{P.dA.dP.F.T.Me_dL.A}$PEPTIDE1,PEPTIDE1,1:R1-7:R2$$$",-7.15100000,ok,,flexible
"PEPTIDE1{meA.meL.G.dL.T.Me_dA.P}$PEPTIDE1,PEPTIDE1,1:R1-7:R2$$$",-6.00400000,ok,,flexible
"PEPTIDE1{meA.P.dP.T.meL.P.T}$PEPTIDE1,PEPTIDE1,1:R1-7:R2$$$",-6.67400000,ok,,flexible
"PEPTIDE1{meA.A.G.meF.D.T.Me_dL}$PEPTIDE1,PEPTIDE1,1:R1-7:R2$$$",-5.77700000,ok,,flexible
"PEPTIDE1{A.P.T.F.Mono84.L.Aib}$PEPTIDE1,PEPTIDE1,1:R1-7:R2$$$",-6.46600000,ok,,flexible
"PEPTIDE1{dA.A.I.meL.P.G.T}$PEPTIDE1,PEPTIDE1,1:R1-7:R2$$$",-6.03500000,ok,,flexible
"PEPTIDE1{Pr_Gly.T.meL.F.Me_Phe(3-Cl).P.Phe(4-CF3)}$PEPTIDE1,PEPTIDE1,1:R1-7:R2$$$",-6.35800000,ok,,flexible
"PEPTIDE1{dP.dF.P.P.Mono6.T.meL}$PEPTIDE1,PEPTIDE1,1:R1-7:R2$$$",-6.89400000,ok,,flexible
"PEPTIDE1{Mono6.P.P.Asp_piperidide.T.Me_Phe(3-Cl).F}$PEPTIDE1,PEPTIDE1,1:R1-7:R2$$$",-6.40300000,ok,,flexible
"PEPTIDE1{P.Pr_Gly.meA.A.Me_dL.meL.F}$PEPTIDE1,PEPTIDE1,1:R1-7:R2$$$",-5.78100000,ok,,flexible
"PEPTIDE1{A.P.F.D.P.G.dP}$PEPTIDE1,PEPTIDE1,1:R1-7:R2$$$",-6.75400000,ok,,flexible
"PEPTIDE1{Pr_Gly.meL.Me_dA.P.Mono6.P.Asp_piperidide}$PEPTIDE1,PEPTIDE1,1:R1-7:R2$$$",-6.69900000,ok,,flexible
"PEPTIDE1{dA.P.G.T.T.dP.F}$PEPTIDE1,PEPTIDE1,1:R1-7:R2$$$",-6.04400000,ok,,flexible
"PEPTIDE1{Me_Bal.A.T.T.P.F.Me_dL}$PEPTIDE1,PEPTIDE1,1:R1-7:R2$$$",-6.21700000,ok,,flexible
"PEPTIDE1{P.Aib.F.G.T.meL.Me_Phe(3-Cl)}$PEPTIDE1,PEPTIDE1,1:R1-7:R2$$$",-6.15600000,ok,,flexible
"PEPTIDE1{dV.meL.P.G.P.F.dP}$PEPTIDE1,PEPTIDE1,1:R1-7:R2$$$",-6.71000000,ok,,flexible
"PEPTIDE1{Me_dA.cHexCH2_Gly.dP.Mono84.pentyl_Gly.Mono86.Ser(tBu)}$PEPTIDE1,PEPTIDE1,1:R1-7:R2$$$",-5.10400000,ok,,flexible
"PEPTIDE1{A.P.meL.G.T.Y.T}$PEPTIDE1,PEPTIDE1,1:R1-7:R2$$$",-6.05400000,ok,,flexible
"PEPTIDE1{Mono6.Me_dL.meL.meY.dP.dP.P}$PEPTIDE1,PEPTIDE1,1:R1-7:R2$$$",-6.77400000,ok,,flexible
"PEPTIDE1{meA.T.Me_dL.dP.meL.Me_Phe(3-Cl).L}$PEPTIDE1,PEPTIDE1,1:R1-7:R2$$$",-5.91300000,ok,,flexible
"PEPTIDE1{meA.dP.T.meL.P.A.dL}$PEPTIDE1,PEPTIDE1,1:R1-7:R2$$$",-6.35500000,ok,,flexible
"PEPTIDE1{Mono6.meL.meY.Ser(tBu).meA.dP.P}$PEPTIDE1,PEPTIDE1,1:R1-7:R2$$$",-6.11900000,ok,,flexible
"PEPTIDE1{Me_Bal.P.meL.Y.dP.Me_dL.P}$PEPTIDE1,PEPTIDE1,1:R1-7:R2$$$",-6.16700000,ok,,flexible
"PEPTIDE1{A.T.Me_Phe(3-Cl).dP.I.dP.G}$PEPTIDE1,PEPTIDE1,1:R1-7:R2$$$",-7.02700000,ok,,flexible
"PEPTIDE1{Mono6.P.A.pentyl_Gly.G.dP.T}$PEPTIDE1,PEPTIDE1,1:R1-7:R2$$$",-6.16300000,ok,,flexible
"PEPTIDE1{dA.meL.P.Ser(tBu).dP.P.T}$PEPTIDE1,PEPTIDE1,1:R1-7:R2$$$",-5.87500000,ok,,flexible
"PEPTIDE1{Pr_Gly.P.meY.dP.T.P.P}$PEPTIDE1,PEPTIDE1,1:R1-7:R2$$$",-6.94700000,ok,,flexible
"PEPTIDE1{dF.I.P.dP.Mono84.T.G}$PEPTIDE1,PEPTIDE1,1:R1-7:R2$$$",-6.43800000,ok,,flexible
"PEPTIDE1{meA.T.dP.dP.P.P.F}$PEPTIDE1,PEPTIDE1,1:R1-7:R2$$$",-6.69600000,ok,,flexible
"PEPTIDE1{meA.dP.L.T.Mono84.P.F}$PEPTIDE1,PEPTIDE1,1:R1-7:R2$$$",-6.59000000,ok,,flexible
"PEPTIDE1{Mono6.Pr_Gly.meA.F.dP.dA.meL}$PEPTIDE1,PEPTIDE1,1:R1-7:R2$$$",-6.58000000,ok,,flexible
"PEPTIDE1{Me_dA.pentyl_Gly.I.dP.I.P.Me_Phe(3-Cl)}$PEPTIDE1,PEPTIDE1,1:R1-7:R2$$$",-6.00500000,ok,,flexible
"PEPTIDE1{Mono6.L.I.F.meA.P.meL}$PEPTIDE1,PEPTIDE1,1:R1-7:R2$$$",-5.94200000,ok,,flexible
"PEPTIDE1{Me_Bal.A.dP.V.Me_dL.I.meL}$PEPTIDE1,PEPTIDE1,1:R1-7:R2$$$",-5.64400000,ok,,flexible
"PEPTIDE1{dA.D.T.T.G.Sar.meL}$PEPTIDE1,PEPTIDE1,1:R1-7:R2$$$",-5.58400000,ok,,flexible
"PEPTIDE1{A.L.dP.Me_dA.dP.V.dL}$PEPTIDE1,PEPTIDE1,1:R1-7:R2$$$",-6.54300000,ok,,flexible
"PEPTIDE1{meA.Me_dL.I.dP.G.V.P}$PEPTIDE1,PEPTIDE1,1:R1-7:R2$$$",-6.00800000,ok,,flexible
"PEPTIDE1{L.dP.T.dP.meL.P.F}$PEPTIDE1,PEPTIDE1,1:R1-7:R2$$$",-6.01000000,ok,,flexible
"PEPTIDE1{dV.P.P.P.G.T.Y}$PEPTIDE1,PEPTIDE1,1:R1-7:R2$$$",-6.90500000,ok,,flexible
"PEPTIDE1{meA.Me_dL.P.T.meL.P.dP}$PEPTIDE1,PEPTIDE1,1:R1-7:R2$$$",-5.99400000,ok,,flexible
"PEPTIDE1{dV.dA.T.P.Y.G.P}$PEPTIDE1,PEPTIDE1,1:R1-7:R2$$$",-6.34300000,ok,,flexible
"PEPTIDE1{F.T.dP.Nle.dP.Me_Phe(3-Cl).G}$PEPTIDE1,PEPTIDE1,1:R1-7:R2$$$",-6.44700000,ok,,flexible
"PEPTIDE1{Me_Bal.dP.P.T.P.P.Mono6}$PEPTIDE1,PEPTIDE1,1:R1-7:R2$$$",-7.88100000,ok,,flexible
"PEPTIDE1{F.P.dP.L.G.V.Sar}$PEPTIDE1,PEPTIDE1,1:R1-7:R2$$$",-7.24300000,ok,,flexible
"PEPTIDE1{Me_dA.G.I.F.Y.D.T}$PEPTIDE1,PEPTIDE1,1:R1-7:R2$$$",-6.84200000,ok,,flexible
"PEPTIDE1{meA.Me_Nle.pentyl_Gly.meL.D.T.dL}$PEPTIDE1,PEPTIDE1,1:R1-7:R2$$$",-4.85000000,ok,,flexible
"PEPTIDE1{Mono6.meL.cHexCH2_Gly.I.dL.T.Me_Nle}$PEPTIDE1,PEPTIDE1,1:R1-7:R2$$$",-5.26800000,ok,,flexible
"PEPTIDE1{Me_dA.dP.A.P.L.meL.Me_Phe(3-Cl)}$PEPTIDE1,PEPTIDE1,1:R1-7:R2$$$",-6.10400000,ok,,flexible
"PEPTIDE1{dV.P.T.Me_Phe(3-Cl).I.dP.F}$PEPTIDE1,PEPTIDE1,1:R1-7:R2$$$",-6.35700000,ok,,flexible
"PEPTIDE1{Me_Bal.P.F.G.Me_Phe(3-Cl).dP.dP}$PEPTIDE1,PEPTIDE1,1:R1-7:R2$$$",-7.19300000,ok,,flexible
"PEPTIDE1{Mono6.Me_dL.G.meY.dP.T.F}$PEPTIDE1,PEPTIDE1,1:R1-7:R2$$$",-6.66700000,ok,,flexible
"PEPTIDE1{A.meA.Me_dA.Me_dL.T.meY.dP}$PEPTIDE1,PEPTIDE1,1:R1-7:R2$$$",-6.18100000,ok,,flexible
"PEPTIDE1{Mono6.Ser(tBu).dP.Me_dL.V.P.T}$PEPTIDE1,PEPTIDE1,1:R1-7:R2$$$",-6.39500000,ok,,flexible
"PEPTIDE1{Me_dA.T.F.G.Y.meL.dY}$PEPTIDE1,PEPTIDE1,1:R1-7:R2$$$",-6.59300000,ok,,flexible
"PEPTIDE1{Mono6.F.A.meY.Me_dL.dP.P}$PEPTIDE1,PEPTIDE1,1:R1-7:R2$$$",-6.34300000,ok,,flexible
"PEPTIDE1{meA.G.T.P.dP.G.Y}$PEPTIDE1,PEPTIDE1,1:R1-7:R2$$$",-7.03200000,ok,,flexible
"PEPTIDE1{dP.dA.T.Ser(tBu).P.F.L}$PEPTIDE1,PEPTIDE1,1:R1-7:R2$$$",-6.49300000,ok,,flexible
"PEPTIDE1{A.meA.Me_dA.dP.dL.Me_Phe(3-Cl).P}$PEPTIDE1,PEPTIDE1,1:R1-7:R2$$$",-6.26500000,ok,,flexible
"PEPTIDE1{A.P.P.V.G.T.Me_dL}$PEPTIDE1,PEPTIDE1,1:R1-7:R2$$$",-6.16800000,ok,,flexible
"PEPTIDE1{Me_Bal.dP.F.T.F.P.T}$PEPTIDE1,PEPTIDE1,1:R1-7:R2$$$",-6.41600000,ok,,flexible
"PEPTIDE1{meA.meF.L.Mono38.meL.G.F}$PEPTIDE1,PEPTIDE1,1:R1-7:R2$$$",-6.12000000,ok,,flexible
"PEPTIDE1{Me_dA.pentyl_Gly.T.Et_Gly.dP.P.P}$PEPTIDE1,PEPTIDE1,1:R1-7:R2$$$",-5.69800000,ok,,flexible
"PEPTIDE1{Me_Bal.L.A.meA.P.meL.F}$PEPTIDE1,PEPTIDE1,1:R1-7:R2$$$",-6.23800000,ok,,flexible
"PEPTIDE1{Me_dA.meA.A.F.T.Mono6.F}$PEPTIDE1,PEPTIDE1,1:R1-7:R2$$$",-6.81100000,ok,,flexible
"PEPTIDE1{dA.G.F.meL.A.P.T}$PEPTIDE1,PEPTIDE1,1:R1-7:R2$$$",-6.35900000,ok,,flexible
"PEPTIDE1{dA.F.T.meL.P.Y.P}$PEPTIDE1,PEPTIDE1,1:R1-7:R2$$$",-6.45800000,ok,,flexible
"PEPTIDE1{Mono6.Pr_Gly.Sar.T.Mono84.F.dP}$PEPTIDE1,PEPTIDE1,1:R1-7:R2$$$",-6.77100000,ok,,flexible
"PEPTIDE1{Me_Bal.Me_dA.G.T.Phe(4-CF3).T.F}$PEPTIDE1,PEPTIDE1,1:R1-7:R2$$$",-6.58300000,ok,,flexible
"PEPTIDE1{Me_Bal.L.P.I.T.meL.P}$PEPTIDE1,PEPTIDE1,1:R1-7:R2$$$",-5.98800000,ok,,flexible
"PEPTIDE1{dP.G.meL.P.T.dP.G}$PEPTIDE1,PEPTIDE1,1:R1-7:R2$$$",-7.27300000,ok,,flexible
"PEPTIDE1{Me_Bal.dP.L.F.P.T.I}$PEPTIDE1,PEPTIDE1,1:R1-7:R2$$$",-6.27600000,ok,,flexible
"PEPTIDE1{Me_Bal.meL.I.dP.Mono84.D.Et_Gly}$PEPTIDE1,PEPTIDE1,1:R1-7:R2$$$",-5.94200000,ok,,flexible
"PEPTIDE1{dA.Y.P.G.T.F.Me_Phe(3-Cl)}$PEPTIDE1,PEPTIDE1,1:R1-7:R2$$$",-6.20500000,ok,,flexible
"PEPTIDE1{dV.meA.L.F.T.P.V}$PEPTIDE1,PEPTIDE1,1:R1-7:R2$$$",-5.77200000,ok,,flexible
"PEPTIDE1{Me_Bal.F.A.Me_dA.P.dF.T}$PEPTIDE1,PEPTIDE1,1:R1-7:R2$$$",-6.58600000,ok,,flexible
"PEPTIDE1{dP.meL.meY.P.dP.Mono6.Y}$PEPTIDE1,PEPTIDE1,1:R1-7:R2$$$",-7.34300000,ok,,flexible
"PEPTIDE1{P.G.meA.A.meL.V.D}$PEPTIDE1,PEPTIDE1,1:R1-7:R2$$$",-6.67500000,ok,,flexible
"PEPTIDE1{dP.F.G.P.Me_dL.L.T}$PEPTIDE1,PEPTIDE1,1:R1-7:R2$$$",-6.37400000,ok,,flexible
"PEPTIDE1{Mono6.dP.F.I.Et_Gly.P.G}$PEPTIDE1,PEPTIDE1,1:R1-7:R2$$$",-6.31400000,ok,,flexible
"PEPTIDE1{Me_Bal.meL.Me_dL.V.F.meA.P}$PEPTIDE1,PEPTIDE1,1:R1-7:R2$$$",-5.77200000,ok,,flexible
"PEPTIDE1{Mono6.cHexCH2_Gly.Mono38.dP.F.L.P}$PEPTIDE1,PEPTIDE1,1:R1-7:R2$$$",-6.01600000,ok,,flexible
"PEPTIDE1{Me_Bal.T.F.T.D.P.P}$PEPTIDE1,PEPTIDE1,1:R1-7:R2$$$",-6.20500000,ok,,flexible
"PEPTIDE1{Me_dA.dP.Phe(4-CF3).Ala(5-Tet).T.F.P}$PEPTIDE1,PEPTIDE1,1:R1-7:R2$$$",-7.12700000,ok,,flexible
"PEPTIDE1{dA.P.I.P.G.V.Me_dL}$PEPTIDE1,PEPTIDE1,1:R1-7:R2$$$",-7.33400000,ok,,flexible
"PEPTIDE1{Me_dA.P.Me_dL.meA.V.P.Ser(tBu)}$PEPTIDE1,PEPTIDE1,1:R1-7:R2$$$",-5.94400000,ok,,flexible
"PEPTIDE1{Me_Bal.F.dP.G.Me_dA.V.P}$PEPTIDE1,PEPTIDE1,1:R1-7:R2$$$",-6.90300000,ok,,flexible
"PEPTIDE1{Mono6.meL.Mono84.L.Me_dL.meA.P}$PEPTIDE1,PEPTIDE1,1:R1-7:R2$$$",-5.50300000,ok,,flexible
"PEPTIDE1{dV.P.T.V.dP.P.I}$PEPTIDE1,PEPTIDE1,1:R1-7:R2$$$",-6.12000000,ok,,flexible
"PEPTIDE1{Mono6.Phe(4-CF3).dP.meL.T.F.G}$PEPTIDE1,PEPTIDE1,1:R1-7:R2$$$",-7.26600000,ok,,flexible
"PEPTIDE1{A.Me_dA.P.T.F.G.Me_Phe(3-Cl)}$PEPTIDE1,PEPTIDE1,1:R1-7:R2$$$",-7.47400000,ok,,flexible
"PEPTIDE1{dA.meL.dP.F.P.I.L}$PEPTIDE1,PEPTIDE1,1:R1-7:R2$$$",-5.65900000,ok,,flexible
"PEPTIDE1{A.P.P.meL.G.G.F}$PEPTIDE1,PEPTIDE1,1:R1-7:R2$$$",-6.72800000,ok,,flexible
"PEPTIDE1{Me_Bal.Nle.T.Y.dP.Asp_piperidide.G}$PEPTIDE1,PEPTIDE1,1:R1-7:R2$$$",-6.14500000,ok,,flexible
"PEPTIDE1{Me_dA.P.P.meL.T.F.Me_dL}$PEPTIDE1,PEPTIDE1,1:R1-7:R2$$$",-6.71100000,ok,,flexible
"PEPTIDE1{F.L.Mono78.P.Me_Phe(3-Cl).Me_Phe(3-Cl).T}$PEPTIDE1,PEPTIDE1,1:R1-7:R2$$$",-6.29200000,ok,,flexible
"PEPTIDE1{A.P.F.L.dP.V.T}$PEPTIDE1,PEPTIDE1,1:R1-7:R2$$$",-7.17500000,ok,,flexible
"PEPTIDE1{dV.meY.dP.L.F.dP.Me_dA}$PEPTIDE1,PEPTIDE1,1:R1-7:R2$$$",-6.08700000,ok,,flexible
"PEPTIDE1{Me_Bal.D.I.dP.V.T.F}$PEPTIDE1,PEPTIDE1,1:R1-7:R2$$$",-6.53500000,ok,,flexible
"PEPTIDE1{dV.meL.P.G.dP.I.D}$PEPTIDE1,PEPTIDE1,1:R1-7:R2$$$",-6.30400000,ok,,flexible
"PEPTIDE1{Me_Bal.Y.dP.dP.meL.F.P}$PEPTIDE1,PEPTIDE1,1:R1-7:R2$$$",-7.04500000,ok,,flexible
"PEPTIDE1{Sar.T.dP.P.Me_dL.I.P}$PEPTIDE1,PEPTIDE1,1:R1-7:R2$$$",-7.03200000,ok,,flexible
"PEPTIDE1{Me_Bal.meL.V.Me_dL.F.P.P}$PEPTIDE1,PEPTIDE1,1:R1-7:R2$$$",-6.99500000,ok,,flexible
"PEPTIDE1{dV.Ser(tBu).T.dP.P.F.I}$PEPTIDE1,PEPTIDE1,1:R1-7:R2$$$",-5.90700000,ok,,flexible
"PEPTIDE1{meA.dP.P.T.Me_dA.P.A}$PEPTIDE1,PEPTIDE1,1:R1-7:R2$$$",-7.19000000,ok,,flexible
"PEPTIDE1{dF.dP.T.G.F.P.P}$PEPTIDE1,PEPTIDE1,1:R1-7:R2$$$",-7.02700000,ok,,flexible
"PEPTIDE1{Mono6.T.dP.P.dP.meL.Asp_piperidide}$PEPTIDE1,PEPTIDE1,1:R1-7:R2$$$",-6.78300000,ok,,flexible
"PEPTIDE1{Me_dA.G.P.T.I.F.Me_Phe(3-Cl)}$PEPTIDE1,PEPTIDE1,1:R1-7:R2$$$",-6.33900000,ok,,flexible
"PEPTIDE1{Me_dA.meL.P.dP.dP.P.T}$PEPTIDE1,PEPTIDE1,1:R1-7:R2$$$",-7.01900000,ok,,flexible
"PEPTIDE1{Me_Bal.dP.P.F.P.T.Nle}$PEPTIDE1,PEPTIDE1,1:R1-7:R2$$$",-6.38600000,ok,,flexible
"PEPTIDE1{A.P.V.dP.F.P.Me_dL}$PEPTIDE1,PEPTIDE1,1:R1-7:R2$$$",-6.84700000,ok,,flexible
"PEPTIDE1{dV.meA.Me_dA.F.Me_Phe(3-Cl).Me_dL.T}$PEPTIDE1,PEPTIDE1,1:R1-7:R2$$$",-6.36800000,ok,,flexible
"PEPTIDE1{Me_Bal.T.meL.T.P.I.P}$PEPTIDE1,PEPTIDE1,1:R1-7:R2$$$",-5.99400000,ok,,flexible
"PEPTIDE1{Me_Bal.dP.Mono6.T.P.dP.meL}$PEPTIDE1,PEPTIDE1,1:R1-7:R2$$$",-6.83900000,ok,,flexible
"PEPTIDE1{dF.dP.Me_Phe(3-Cl).Asp_piperidide.meL.dP.G}$PEPTIDE1,PEPTIDE1,1:R1-7:R2$$$",-5.98700000,ok,,flexible
"PEPTIDE1{meA.dP.P.P.L.T.I}$PEPTIDE1,PEPTIDE1,1:R1-7:R2$$$",-5.85500000,ok,,flexible
"PEPTIDE1{meA.P.T.meL.P.G.F}$PEPTIDE1,PEPTIDE1,1:R1-7:R2$$$",-7.37800000,ok,,flexible
"PEPTIDE1{Me_dA.F.dP.P.A.Sar.T}$PEPTIDE1,PEPTIDE1,1:R1-7:R2$$$",-6.76100000,ok,,flexible
"PEPTIDE1{dA.Ser(tBu).T.dL.P.L.Me_Phe(3-Cl)}$PEPTIDE1,PEPTIDE1,1:R1-7:R2$$$",-5.36600000,ok,,flexible
"PEPTIDE1{P.Me_dA.meA.meL.T.Me_dL.dA}$PEPTIDE1,PEPTIDE1,1:R1-7:R2$$$",-6.00200000,ok,,flexible
"PEPTIDE1{F.Me_Nle.T.cHexCH2_Gly.Mono84.Me_Phe(3-Cl).dL}$PEPTIDE1,PEPTIDE1,1:R1-7:R2$$$",-5.29200000,ok,,flexible
"PEPTIDE1{P.F.dP.pentyl_Gly.T.meL.P}$PEPTIDE1,PEPTIDE1,1:R1-7:R2$$$",-6.12300000,ok,,flexible
"PEPTIDE1{dA.Me_dL.Me_dA.meL.T.Ser(tBu).I}$PEPTIDE1,PEPTIDE1,1:R1-7:R2$$$",-5.54800000,ok,,flexible
"PEPTIDE1{meA.Mono6.Y.T.meL.F.dP}$PEPTIDE1,PEPTIDE1,1:R1-7:R2$$$",-7.31800000,ok,,flexible
"PEPTIDE1{dA.I.T.meL.L.Ser(tBu).Me_Phe(3-Cl)}$PEPTIDE1,PEPTIDE1,1:R1-7:R2$$$",-5.30800000,ok,,flexible
"PEPTIDE1{dP.meA.G.dP.T.dA.Me_Phe(3-Cl)}$PEPTIDE1,PEPTIDE1,1:R1-7:R2$$$",-7.12900000,ok,,flexible
"PEPTIDE1{Me_dA.dP.dP.meL.G.meY.Asp_piperidide}$PEPTIDE1,PEPTIDE1,1:R1-7:R2$$$",-7.02900000,ok,,flexible
"PEPTIDE1{dF.meL.Me_dA.P.meY.Y.Me_Nle}$PEPTIDE1,PEPTIDE1,1:R1-7:R2$$$",-5.73500000,ok,,flexible
"PEPTIDE1{F.T.Ser(tBu).L.P.Me_dL.meY}$PEPTIDE1,PEPTIDE1,1:R1-7:R2$$$",-5.77800000,ok,,flexible
"PEPTIDE1{dF.dP.P.meY.P.Mono6.Y}$PEPTIDE1,PEPTIDE1,1:R1-7:R2$$$",-7.79600000,ok,,flexible
"PEPTIDE1{meA.G.Ser(tBu).meL.F.T.A}$PEPTIDE1,PEPTIDE1,1:R1-7:R2$$$",-6.17600000,ok,,flexible
"PEPTIDE1{Me_Bal.meA.Pr_Gly.Me_dL.dP.meY.T}$PEPTIDE1,PEPTIDE1,1:R1-7:R2$$$",-6.38700000,ok,,flexible
"PEPTIDE1{A.meF.meL.Sar.T.dP.dL}$PEPTIDE1,PEPTIDE1,1:R1-7:R2$$$",-6.57200000,ok,,flexible
"PEPTIDE1{dV.dP.P.V.T.F.T}$PEPTIDE1,PEPTIDE1,1:R1-7:R2$$$",-6.00600000,ok,,flexible
"PEPTIDE1{Me_Bal.Me_dL.meY.P.T.dP.Y}$PEPTIDE1,PEPTIDE1,1:R1-7:R2$$$",-6.34400000,ok,,flexible
"PEPTIDE1{Mono6.Y.F.P.T.P.G}$PEPTIDE1,PEPTIDE1,1:R1-7:R2$$$",-7.29800000,ok,,flexible
"PEPTIDE1{dF.Me_Nle.T.P.meL.dP.I}$PEPTIDE1,PEPTIDE1,1:R1-7:R2$$$",-5.99200000,ok,,flexible
"PEPTIDE1{Me_Bal.meA.G.P.V.meL.Me_dL}$PEPTIDE1,PEPTIDE1,1:R1-7:R2$$$",-5.90600000,ok,,flexible
"PEPTIDE1{A.dP.I.cHexCH2_Gly.L.Ser(tBu).P}$PEPTIDE1,PEPTIDE1,1:R1-7:R2$$$",-5.73300000,ok,,flexible
"PEPTIDE1{F.3Pal.P.T.dP.P.G}$PEPTIDE1,PEPTIDE1,1:R1-7:R2$$$",-6.69500000,ok,,flexible
"PEPTIDE1{meA.pentyl_Gly.T.P.I.P.T}$PEPTIDE1,PEPTIDE1,1:R1-7:R2$$$",-5.88100000,ok,,flexible
"PEPTIDE1{Mono6.A.meA.G.Me_dL.dA.meL}$PEPTIDE1,PEPTIDE1,1:R1-7:R2$$$",-6.43400000,ok,,flexible
"PEPTIDE1{dF.meY.dP.T.dP.Y.G}$PEPTIDE1,PEPTIDE1,1:R1-7:R2$$$",-6.95100000,ok,,flexible
"PEPTIDE1{Me_Bal.meA.dP.meL.Me_dL.F.I}$PEPTIDE1,PEPTIDE1,1:R1-7:R2$$$",-6.21400000,ok,,flexible
"PEPTIDE1{dA.cHexCH2_Gly.T.L.Ser(tBu).A.G}$PEPTIDE1,PEPTIDE1,1:R1-7:R2$$$",-7.09400000,ok,,flexible
"PEPTIDE1{meA.P.dP.P.Y.dP.meY}$PEPTIDE1,PEPTIDE1,1:R1-7:R2$$$",-7.58800000,ok,,flexible
"PEPTIDE1{dP.F.Me_dL.A.Me_dA.Pr_Gly.Mono7}$PEPTIDE1,PEPTIDE1,1:R1-7:R2$$$",-6.45600000,ok,,flexible
"PEPTIDE1{meA.Pr_Gly.meL.L.dP.dPye.P}$PEPTIDE1,PEPTIDE1,1:R1-7:R2$$$",-5.82500000,ok,,flexible
"PEPTIDE1{Me_dA.cHexCH2_Gly.P.A.F.L.P}$PEPTIDE1,PEPTIDE1,1:R1-7:R2$$$",-7.17900000,ok,,flexible
"PEPTIDE1{dP.G.meL.P.Y.dY.F}$PEPTIDE1,PEPTIDE1,1:R1-7:R2$$$",-7.18900000,ok,,flexible
"PEPTIDE1{meA.L.T.Me_dA.F.P.I}$PEPTIDE1,PEPTIDE1,1:R1-7:R2$$$",-6.67300000,ok,,flexible
"PEPTIDE1{Me_dA.T.meL.P.G.dL.Me_dL}$PEPTIDE1,PEPTIDE1,1:R1-7:R2$$$",-5.79700000,ok,,flexible
"PEPTIDE1{Me_Bal.Mono7.Me_Phe(3-Cl).F.meL.P.T}$PEPTIDE1,PEPTIDE1,1:R1-7:R2$$$",-6.40700000,ok,,flexible
"PEPTIDE1{Pr_Gly.meL.dP.Asp_piperidide.G.T.dP}$PEPTIDE1,PEPTIDE1,1:R1-7:R2$$$",-5.62900000,ok,,flexible
"PEPTIDE1{meA.cHexCH2_Gly.P.dP.Mono100.T.I}$PEPTIDE1,PEPTIDE1,1:R1-7:R2$$$",-6.09100000,ok,,flexible
"PEPTIDE1{Me_dA.Asp_piperidide.P.P.F.G.Me_Phe(3-Cl)}$PEPTIDE1,PEPTIDE1,1:R1-7:R2$$$",-6.73700000,ok,,flexible
"PEPTIDE1{meA.L.T.Ser(tBu).3Pal.meL.P}$PEPTIDE1,PEPTIDE1,1:R1-7:R2$$$",-5.45900000,ok,,flexible
"PEPTIDE1{Me_Bal.L.pentyl_Gly.P.I.Mono84.Mono86}$PEPTIDE1,PEPTIDE1,1:R1-7:R2$$$",-5.92300000,ok,,flexible
"PEPTIDE1{dV.T.V.P.P.meL.dP}$PEPTIDE1,PEPTIDE1,1:R1-7:R2$$$",-6.18000000,ok,,flexible
"PEPTIDE1{F.dP.Nle.Me_Phe(3-Cl).dP.Me_Nle.T}$PEPTIDE1,PEPTIDE1,1:R1-7:R2$$$",-5.31300000,ok,,flexible
"PEPTIDE1{A.dV.I.P.dP.T.L}$PEPTIDE1,PEPTIDE1,1:R1-7:R2$$$",-6.07400000,ok,,flexible
"PEPTIDE1{Me_Bal.T.P.F.meL.Y.dP}$PEPTIDE1,PEPTIDE1,1:R1-7:R2$$$",-6.60200000,ok,,flexible
"PEPTIDE1{meL.L.I.P.F.I.T}$PEPTIDE1,PEPTIDE1,1:R1-7:R2$$$",-5.21300000,ok,,flexible
"PEPTIDE1{F.meA.meL.P.dL.I.Mono84}$PEPTIDE1,PEPTIDE1,1:R1-7:R2$$$",-6.16000000,ok,,flexible
"PEPTIDE1{Me_Bal.P.meL.F.L.dP.P}$PEPTIDE1,PEPTIDE1,1:R1-7:R2$$$",-6.10400000,ok,,flexible
"PEPTIDE1{dA.dP.P.T.F.meL.F}$PEPTIDE1,PEPTIDE1,1:R1-7:R2$$$",-6.74300000,ok,,flexible
"PEPTIDE1{Me_dA.dL.Asp_piperidide.3Pal.T.G.F}$PEPTIDE1,PEPTIDE1,1:R1-7:R2$$$",-5.95400000,ok,,flexible
"PEPTIDE1{Mono6.dP.V.F.I.meL.dP}$PEPTIDE1,PEPTIDE1,1:R1-7:R2$$$",-6.93200000,ok,,flexible
"PEPTIDE1{Me_Bal.meA.meY.L.T.Me_dL.Mono6}$PEPTIDE1,PEPTIDE1,1:R1-7:R2$$$",-6.39400000,ok,,flexible
"PEPTIDE1{dA.L.T.F.Sar.Y.meL}$PEPTIDE1,PEPTIDE1,1:R1-7:R2$$$",-5.46700000,ok,,flexible
"PEPTIDE1{F.I.P.meL.dP.dL.Mono84}$PEPTIDE1,PEPTIDE1,1:R1-7:R2$$$",-5.86900000,ok,,flexible
"PEPTIDE1{dA.P.Me_dA.T.dP.meL.G}$PEPTIDE1,PEPTIDE1,1:R1-7:R2$$$",-6.55800000,ok,,flexible
"PEPTIDE1{F.T.I.Nle.T.P.Me_Phe(3-Cl)}$PEPTIDE1,PEPTIDE1,1:R1-7:R2$$$",-5.36100000,ok,,flexible
"PEPTIDE1{dA.Me_Phe(3-Cl).A.F.T.P.dP}$PEPTIDE1,PEPTIDE1,1:R1-7:R2$$$",-7.39500000,ok,,flexible
"PEPTIDE1{Mono6.Asp_piperidide.P.V.dP.dP.Me_Phe(3-Cl)}$PEPTIDE1,PEPTIDE1,1:R1-7:R2$$$",-6.71900000,ok,,flexible
"PEPTIDE1{Me_Bal.Pr_Gly.F.Me_dL.P.I.Ser(tBu)}$PEPTIDE1,PEPTIDE1,1:R1-7:R2$$$",-5.51800000,ok,,flexible
"PEPTIDE1{Me_Bal.meF.D.T.G.P.A}$PEPTIDE1,PEPTIDE1,1:R1-7:R2$$$",-6.97900000,ok,,flexible
"PEPTIDE1{F.A.T.T.P.Me_Phe(3-Cl).Mono7}$PEPTIDE1,PEPTIDE1,1:R1-7:R2$$$",-7.10900000,ok,,flexible
"PEPTIDE1{dP.F.meF.dF.A.P.L}$PEPTIDE1,PEPTIDE1,1:R1-7:R2$$$",-6.24400000,ok,,flexible
"PEPTIDE1{P.Me_dL.meY.Y.dP.Asp_piperidide.Mono6}$PEPTIDE1,PEPTIDE1,1:R1-7:R2$$$",-6.53700000,ok,,flexible
"PEPTIDE1{dA.L.T.dP.I.P.T}$PEPTIDE1,PEPTIDE1,1:R1-7:R2$$$",-5.82300000,ok,,flexible
"PEPTIDE1{dV.D.meL.G.dP.I.F}$PEPTIDE1,PEPTIDE1,1:R1-7:R2$$$",-5.76000000,ok,,flexible
"PEPTIDE1{Me_Bal.dP.I.F.P.D.dP}$PEPTIDE1,PEPTIDE1,1:R1-7:R2$$$",-6.99800000,ok,,flexible
"PEPTIDE1{Mono6.Me_Phe(3-Cl).F.T.G.T.D}$PEPTIDE1,PEPTIDE1,1:R1-7:R2$$$",-6.56700000,ok,,flexible
"PEPTIDE1{L.T.dP.Phe(4-CF3).T.dP.P}$PEPTIDE1,PEPTIDE1,1:R1-7:R2$$$",-6.90700000,ok,,flexible
"PEPTIDE1{Mono6.cHexCH2_Gly.D.dP.P.Me_Phe(3-Cl).F}$PEPTIDE1,PEPTIDE1,1:R1-7:R2$$$",-6.91500000,ok,,flexible
"PEPTIDE1{Me_dA.L.dP.T.dL.G.P}$PEPTIDE1,PEPTIDE1,1:R1-7:R2$$$",-6.12700000,ok,,flexible
"PEPTIDE1{Mono6.Me_dAbu.Me_dA.Me_Phe(3-Cl).A.P.I}$PEPTIDE1,PEPTIDE1,1:R1-7:R2$$$",-6.56500000,ok,,flexible
"PEPTIDE1{meA.T.F.Me_Phe(3-Cl).P.P.dP}$PEPTIDE1,PEPTIDE1,1:R1-7:R2$$$",-6.79200000,ok,,flexible
"PEPTIDE1{Pr_Gly.D.T.Asp_piperidide.F.dP.Me_Phe(3-Cl)}$PEPTIDE1,PEPTIDE1,1:R1-7:R2$$$",-6.08700000,ok,,flexible
"PEPTIDE1{dA.Me_dA.T.Et_Gly.Mono84.T.P}$PEPTIDE1,PEPTIDE1,1:R1-7:R2$$$",-6.20300000,ok,,flexible
"PEPTIDE1{Me_dA.meY.dP.P.T.Me_dL.meL}$PEPTIDE1,PEPTIDE1,1:R1-7:R2$$$",-6.37100000,ok,,flexible
"PEPTIDE1{Sar.P.dP.P.P.meL.Me_Phe(3-Cl)}$PEPTIDE1,PEPTIDE1,1:R1-7:R2$$$",-6.94900000,ok,,flexible
"PEPTIDE1{Me_Bal.P.dP.dP.I.meL.T}$PEPTIDE1,PEPTIDE1,1:R1-7:R2$$$",-6.46500000,ok,,flexible
"PEPTIDE1{F.Me_Nle.meA.P.I.L.dL}$PEPTIDE1,PEPTIDE1,1:R1-7:R2$$$",-6.00100000,ok,,flexible
"PEPTIDE1{Me_Bal.meL.T.dV.P.dP.V}$PEPTIDE1,PEPTIDE1,1:R1-7:R2$$$",-5.52600000,ok,,flexible
"PEPTIDE1{meA.pentyl_Gly.I.dP.L.Ser(tBu).dP}$PEPTIDE1,PEPTIDE1,1:R1-7:R2$$$",-5.36500000,ok,,flexible
"PEPTIDE1{dF.cHexCH2_Gly.3Pal.dL.Ser(tBu).meL.Me_Phe(3-Cl)}$PEPTIDE1,PEPTIDE1,1:R1-7:R2$$$",-5.29300000,ok,,flexible
"PEPTIDE1{meA.meL.Me_dL.meF.Me_dA.F.P}$PEPTIDE1,PEPTIDE1,1:R1-7:R2$$$",-6.29000000,ok,,flexible
"PEPTIDE1{Me_Bal.Me_dL.meL.P.T.dP.P}$PEPTIDE1,PEPTIDE1,1:R1-7:R2$$$",-5.88600000,ok,,flexible
"PEPTIDE1{Me_dA.P.Mono84.P.Me_dL.dL.F}$PEPTIDE1,PEPTIDE1,1:R1-7:R2$$$",-6.64300000,ok,,flexible
"PEPTIDE1{meA.T.P.meL.L.Me_dL.meY}$PEPTIDE1,PEPTIDE1,1:R1-7:R2$$$",-6.15200000,ok,,flexible
"PEPTIDE1{Mono6.dP.meL.Phe(4-CF3).D.P.P}$PEPTIDE1,PEPTIDE1,1:R1-7:R2$$$",-7.12800000,ok,,flexible
"PEPTIDE1{Me_dA.T.P.G.meL.dP.P}$PEPTIDE1,PEPTIDE1,1:R1-7:R2$$$",-6.95000000,ok,,flexible
"PEPTIDE1{Mono6.meL.meA.P.T.L.Mono7}$PEPTIDE1,PEPTIDE1,1:R1-7:R2$$$",-6.20900000,ok,,flexible
"PEPTIDE1{Me_dA.T.F.D.P.Y.dP}$PEPTIDE1,PEPTIDE1,1:R1-7:R2$$$",-6.43700000,ok,,flexible
"PEPTIDE1{meA.dP.T.G.P.G.meL}$PEPTIDE1,PEPTIDE1,1:R1-7:R2$$$",-6.67800000,ok,,flexible
"PEPTIDE1{Me_dA.Mono78.L.P.I.T.dP}$PEPTIDE1,PEPTIDE1,1:R1-7:R2$$$",-6.29600000,ok,,flexible
"PEPTIDE1{Me_Bal.Mono38.dP.dL.T.meL.meA}$PEPTIDE1,PEPTIDE1,1:R1-7:R2$$$",-5.77300000,ok,,flexible
"PEPTIDE1{Me_Bal.F.Ser(tBu).G.meA.P.I}$PEPTIDE1,PEPTIDE1,1:R1-7:R2$$$",-6.60600000,ok,,flexible
"PEPTIDE1{Me_Bal.dP.T.meL.P.dP.Phe(4-CF3)}$PEPTIDE1,PEPTIDE1,1:R1-7:R2$$$",-7.13800000,ok,,flexible
"PEPTIDE1{meA.dP.F.P.Ser(tBu).T.Mono84}$PEPTIDE1,PEPTIDE1,1:R1-7:R2$$$",-6.68500000,ok,,flexible
"PEPTIDE1{Me_dA.G.dP.I.T.G.Me_Phe(3-Cl)}$PEPTIDE1,PEPTIDE1,1:R1-7:R2$$$",-6.19100000,ok,,flexible
"PEPTIDE1{Me_dA.P.P.F.dP.V.T}$PEPTIDE1,PEPTIDE1,1:R1-7:R2$$$",-6.79700000,ok,,flexible
"PEPTIDE1{Mono6.dL.P.F.P.Me_dL.Me_Phe(3-Cl)}$PEPTIDE1,PEPTIDE1,1:R1-7:R2$$$",-6.51700000,ok,,flexible
"PEPTIDE1{dA.pentyl_Gly.T.dP.P.L.dL}$PEPTIDE1,PEPTIDE1,1:R1-7:R2$$$",-5.80800000,ok,,flexible
"PEPTIDE1{Mono6.P.T.meA.Ser(tBu).T.Me_dA}$PEPTIDE1,PEPTIDE1,1:R1-7:R2$$$",-5.74700000,ok,,flexible
"PEPTIDE1{Mono6.I.dP.G.dP.P.P}$PEPTIDE1,PEPTIDE1,1:R1-7:R2$$$",-7.14400000,ok,,flexible
"PEPTIDE1{Me_Bal.Me_Nle.pentyl_Gly.Mono38.A.P.Mono100}$PEPTIDE1,PEPTIDE1,1:R1-7:R2$$$",-5.93100000,ok,,flexible
"PEPTIDE1{meA.F.pentyl_Gly.T.dP.dP.P}$PEPTIDE1,PEPTIDE1,1:R1-7:R2$$$",-6.19500000,ok,,flexible
"PEPTIDE1{Sar.Mono38.A.meL.P.I.F}$PEPTIDE1,PEPTIDE1,1:R1-7:R2$$$",-6.24600000,ok,,flexible
"PEPTIDE1{meA.dP.Me_dA.dP.P.Mono6.P}$PEPTIDE1,PEPTIDE1,1:R1-7:R2$$$",-7.42200000,ok,,flexible
"PEPTIDE1{Me_dA.dP.P.G.meF.dL.meL}$PEPTIDE1,PEPTIDE1,1:R1-7:R2$$$",-5.93200000,ok,,flexible
"PEPTIDE1{Me_Bal.Me_dL.P.meL.P.Asp_piperidide.dP}$PEPTIDE1,PEPTIDE1,1:R1-7:R2$$$",-6.52600000,ok,,flexible
"PEPTIDE1{meA.meS.meY.Ala(5-Tet).Me_dL.P.P}$PEPTIDE1,PEPTIDE1,1:R1-7:R2$$$",-6.48100000,ok,,flexible
"PEPTIDE1{Pr_Gly.cHexCH2_Gly.T.Ser(tBu).P.Me_Phe(3-Cl).P}$PEPTIDE1,PEPTIDE1,1:R1-7:R2$$$",-6.01000000,ok,,flexible
"PEPTIDE1{Me_dA.dF.T.P.meL.I.L}$PEPTIDE1,PEPTIDE1,1:R1-7:R2$$$",-6.69800000,ok,,flexible
"PEPTIDE1{meA.A.P.dL.Ser(tBu).dP.F}$PEPTIDE1,PEPTIDE1,1:R1-7:R2$$$",-6.46700000,ok,,flexible
"PEPTIDE1{dV.P.dP.F.meL.G.T}$PEPTIDE1,PEPTIDE1,1:R1-7:R2$$$",-6.15400000,ok,,flexible
"PEPTIDE1{L.dP.T.P.F.dP.Me_Phe(3-Cl)}$PEPTIDE1,PEPTIDE1,1:R1-7:R2$$$",-6.73600000,ok,,flexible
"PEPTIDE1{Mono6.dP.F.Y.meL.P.I}$PEPTIDE1,PEPTIDE1,1:R1-7:R2$$$",-5.61400000,ok,,flexible
"PEPTIDE1{Me_Bal.Me_dA.Y.meL.Me_dL.T.P}$PEPTIDE1,PEPTIDE1,1:R1-7:R2$$$",-6.69000000,ok,,flexible
"PEPTIDE1{meA.T.P.P.dP.Me_dL.meL}$PEPTIDE1,PEPTIDE1,1:R1-7:R2$$$",-6.27900000,ok,,flexible
"PEPTIDE1{dA.Me_dA.T.Pr_Gly.Me_Phe(3-Cl).A.meL}$PEPTIDE1,PEPTIDE1,1:R1-7:R2$$$",-6.27100000,ok,,flexible
"PEPTIDE1{Me_Bal.dP.P.meL.I.F.P}$PEPTIDE1,PEPTIDE1,1:R1-7:R2$$$",-6.87200000,ok,,flexible
"PEPTIDE1{Me_Bal.meL.G.F.dP.Phe(4-CF3).P}$PEPTIDE1,PEPTIDE1,1:R1-7:R2$$$",-7.37500000,ok,,flexible
"PEPTIDE1{dA.P.P.dP.F.meL.Me_dL}$PEPTIDE1,PEPTIDE1,1:R1-7:R2$$$",-6.58600000,ok,,flexible
"PEPTIDE1{Me_dA.Me_dL.meF.dP.P.F.I}$PEPTIDE1,PEPTIDE1,1:R1-7:R2$$$",-6.59600000,ok,,flexible
"PEPTIDE1{dV.G.dP.F.G.dY.meL}$PEPTIDE1,PEPTIDE1,1:R1-7:R2$$$",-7.28800000,ok,,flexible
"PEPTIDE1{dV.Mono84.I.dP.T.P.Me_Phe(3-Cl)}$PEPTIDE1,PEPTIDE1,1:R1-7:R2$$$",-6.63800000,ok,,flexible
"PEPTIDE1{Mono6.dP.T.G.V.meL.I}$PEPTIDE1,PEPTIDE1,1:R1-7:R2$$$",-6.15700000,ok,,flexible
"PEPTIDE1{L.F.pentyl_Gly.Phe(4-CF3).T.Me_Phe(3-Cl).G}$PEPTIDE1,PEPTIDE1,1:R1-7:R2$$$",-5.68800000,ok,,flexible
"PEPTIDE1{Me_Bal.P.P.dP.F.T.meL}$PEPTIDE1,PEPTIDE1,1:R1-7:R2$$$",-6.72800000,ok,,flexible
"PEPTIDE1{dA.Mono38.Mono86.dP.P.I.L}$PEPTIDE1,PEPTIDE1,1:R1-7:R2$$$",-5.79600000,ok,,flexible
"PEPTIDE1{F.Mono84.Me_Phe(3-Cl).P.G.T.Nle}$PEPTIDE1,PEPTIDE1,1:R1-7:R2$$$",-6.51400000,ok,,flexible
"PEPTIDE1{dV.pentyl_Gly.I.P.Sar.dP.F}$PEPTIDE1,PEPTIDE1,1:R1-7:R2$$$",-5.07200000,ok,,flexible
"PEPTIDE1{Me_dA.Pr_Gly.dP.dA.T.P.Me_dL}$PEPTIDE1,PEPTIDE1,1:R1-7:R2$$$",-6.28300000,ok,,flexible
"PEPTIDE1{dV.pentyl_Gly.D.3Pal.T.dP.I}$PEPTIDE1,PEPTIDE1,1:R1-7:R2$$$",-5.92200000,ok,,flexible
"PEPTIDE1{Me_Bal.Me_dA.P.dP.T.Ser(tBu).T}$PEPTIDE1,PEPTIDE1,1:R1-7:R2$$$",-5.85000000,ok,,flexible
"PEPTIDE1{dA.dP.F.P.dP.meL.V}$PEPTIDE1,PEPTIDE1,1:R1-7:R2$$$",-6.35000000,ok,,flexible
"PEPTIDE1{Me_Bal.L.G.P.Phe(4-CF3).F.dP}$PEPTIDE1,PEPTIDE1,1:R1-7:R2$$$",-6.35000000,ok,,flexible
"PEPTIDE1{dA.meA.A.T.T.F.Me_dL}$PEPTIDE1,PEPTIDE1,1:R1-7:R2$$$",-5.98800000,ok,,flexible
"PEPTIDE1{dA.T.F.P.V.meA.dV}$PEPTIDE1,PEPTIDE1,1:R1-7:R2$$$",-6.35300000,ok,,flexible
"PEPTIDE1{dA.T.G.Y.meL.T.F}$PEPTIDE1,PEPTIDE1,1:R1-7:R2$$$",-6.52500000,ok,,flexible
"PEPTIDE1{Mono6.cHexCH2_Gly.A.Me_dA.dP.T.P}$PEPTIDE1,PEPTIDE1,1:R1-7:R2$$$",-6.70700000,ok,,flexible
"PEPTIDE1{dA.meA.P.Ser(tBu).L.Me_dL.F}$PEPTIDE1,PEPTIDE1,1:R1-7:R2$$$",-5.12000000,ok,,flexible
"PEPTIDE1{F.Me_dA.Pr_Gly.meL.Me_Phe(3-Cl).dP.P}$PEPTIDE1,PEPTIDE1,1:R1-7:R2$$$",-6.11400000,ok,,flexible
"PEPTIDE1{A.dA.P.Me_Phe(3-Cl).meL.dP.I}$PEPTIDE1,PEPTIDE1,1:R1-7:R2$$$",-6.51000000,ok,,flexible
"PEPTIDE1{Sar.dP.P.meL.Me_dL.I.L}$PEPTIDE1,PEPTIDE1,1:R1-7:R2$$$",-6.03200000,ok,,flexible
"PEPTIDE1{Me_Bal.P.P.dP.D.F.T}$PEPTIDE1,PEPTIDE1,1:R1-7:R2$$$",-6.87700000,ok,,flexible
"PEPTIDE1{dV.dP.T.Me_dL.Asp_piperidide.Y.G}$PEPTIDE1,PEPTIDE1,1:R1-7:R2$$$",-6.39100000,ok,,flexible
"PEPTIDE1{F.dPye.dP.P.Mono34.P.Mono100}$PEPTIDE1,PEPTIDE1,1:R1-7:R2$$$",-5.43800000,ok,,flexible
"PEPTIDE1{meA.dP.A.Mono84.L.T.dP}$PEPTIDE1,PEPTIDE1,1:R1-7:R2$$$",-6.34000000,ok,,flexible
"PEPTIDE1{Me_dA.P.cHexCH2_Gly.Y.dP.T.dP}$PEPTIDE1,PEPTIDE1,1:R1-7:R2$$$",-7.22700000,ok,,flexible
"PEPTIDE1{dV.P.V.dP.I.F.meL}$PEPTIDE1,PEPTIDE1,1:R1-7:R2$$$",-5.73300000,ok,,flexible
"PEPTIDE1{P.Me_dL.dP.T.Me_dA.dP.P}$PEPTIDE1,PEPTIDE1,1:R1-7:R2$$$",-6.95000000,ok,,flexible
"PEPTIDE1{dP.Me_dL.Ser(tBu).meA.T.T.L}$PEPTIDE1,PEPTIDE1,1:R1-7:R2$$$",-6.04600000,ok,,flexible
"PEPTIDE1{L.T.P.P.F.D.G}$PEPTIDE1,PEPTIDE1,1:R1-7:R2$$$",-6.61400000,ok,,flexible
"PEPTIDE1{dV.meL.Sar.T.T.dP.L}$PEPTIDE1,PEPTIDE1,1:R1-7:R2$$$",-5.42300000,ok,,flexible
"PEPTIDE1{meA.T.F.Y.dY.P.P}$PEPTIDE1,PEPTIDE1,1:R1-7:R2$$$",-6.73200000,ok,,flexible
"PEPTIDE1{Me_dA.Ser(tBu).T.I.dP.P.F}$PEPTIDE1,PEPTIDE1,1:R1-7:R2$$$",-6.21200000,ok,,flexible
"PEPTIDE1{Me_dA.meL.dP.I.Me_Phe(3-Cl).dL.F}$PEPTIDE1,PEPTIDE1,1:R1-7:R2$$$",-6.70200000,ok,,flexible
"PEPTIDE1{Me_dA.P.T.P.V.F.Me_dL}$PEPTIDE1,PEPTIDE1,1:R1-7:R2$$$",-6.43300000,ok,,flexible
"PEPTIDE1{dA.T.T.dP.meL.V.I}$PEPTIDE1,PEPTIDE1,1:R1-7:R2$$$",-6.51500000,ok,,flexible
"PEPTIDE1{dV.T.dL.P.Sar.meL.dP}$PEPTIDE1,PEPTIDE1,1:R1-7:R2$$$",-5.96900000,ok,,flexible
"PEPTIDE1{Me_Bal.L.Me_Phe(3-Cl).Mono6.meL.dP.dP}$PEPTIDE1,PEPTIDE1,1:R1-7:R2$$$",-6.77300000,ok,,flexible
"PEPTIDE1{Sar.P.F.T.meL.T.P}$PEPTIDE1,PEPTIDE1,1:R1-7:R2$$$",-6.18600000,ok,,flexible
"PEPTIDE1{dF.dP.T.Me_Phe(3-Cl).L.meL.dV}$PEPTIDE1,PEPTIDE1,1:R1-7:R2$$$",-6.41400000,ok,,flexible
"PEPTIDE1{dP.Sar.P.A.I.meL.T}$PEPTIDE1,PEPTIDE1,1:R1-7:R2$$$",-5.76000000,ok,,flexible
"PEPTIDE1{meA.Y.G.T.G.meL.P}$PEPTIDE1,PEPTIDE1,1:R1-7:R2$$$",-5.84500000,ok,,flexible
"PEPTIDE1{Me_Bal.I.dP.P.P.meL.T}$PEPTIDE1,PEPTIDE1,1:R1-7:R2$$$",-6.51000000,ok,,flexible
"PEPTIDE1{meA.Mono84.P.dL.P.meL.Me_dL}$PEPTIDE1,PEPTIDE1,1:R1-7:R2$$$",-6.81900000,ok,,flexible
"PEPTIDE1{Mono6.T.Y.G.P.H.D}$PEPTIDE1,PEPTIDE1,1:R1-7:R2$$$",-6.40700000,ok,,flexible
"PEPTIDE1{F.L.Phe(4-CF3).dP.Me_Phe(3-Cl).P.G}$PEPTIDE1,PEPTIDE1,1:R1-7:R2$$$",-6.84100000,ok,,flexible
"PEPTIDE1{Sar.Y.T.G.G.dP.F}$PEPTIDE1,PEPTIDE1,1:R1-7:R2$$$",-7.22900000,ok,,flexible
"PEPTIDE1{meA.dF.D.P.dP.T.T}$PEPTIDE1,PEPTIDE1,1:R1-7:R2$$$",-7.43700000,ok,,flexible
"PEPTIDE1{meA.A.dP.T.G.dP.P}$PEPTIDE1,PEPTIDE1,1:R1-7:R2$$$",-7.72100000,ok,,flexible
"PEPTIDE1{Me_dA.I.A.P.T.dP.G}$PEPTIDE1,PEPTIDE1,1:R1-7:R2$$$",-6.46100000,ok,,flexible
"PEPTIDE1{meA.D.dP.meL.Me_dL.P.T}$PEPTIDE1,PEPTIDE1,1:R1-7:R2$$$",-5.76600000,ok,,flexible
"PEPTIDE1{Me_dA.meF.P.Me_Phe(3-Cl).T.dP.G}$PEPTIDE1,PEPTIDE1,1:R1-7:R2$$$",-6.42700000,ok,,flexible
"PEPTIDE1{meA.dP.P.T.F.T.Y}$PEPTIDE1,PEPTIDE1,1:R1-7:R2$$$",-6.69700000,ok,,flexible
"PEPTIDE1{Me_Bal.pentyl_Gly.P.Me_Phe(3-Cl).I.meL.dP}$PEPTIDE1,PEPTIDE1,1:R1-7:R2$$$",-5.61100000,ok,,flexible
"PEPTIDE1{Pr_Gly.cHexCH2_Gly.T.I.V.meL.P}$PEPTIDE1,PEPTIDE1,1:R1-7:R2$$$",-5.26400000,ok,,flexible
"PEPTIDE1{L.P.meL.T.T.P.G}$PEPTIDE1,PEPTIDE1,1:R1-7:R2$$$",-6.55700000,ok,,flexible
"PEPTIDE1{L.dP.P.F.T.meL.G}$PEPTIDE1,PEPTIDE1,1:R1-7:R2$$$",-5.82200000,ok,,flexible
"PEPTIDE1{Mono6.T.dP.meL.P.T.G}$PEPTIDE1,PEPTIDE1,1:R1-7:R2$$$",-6.53200000,ok,,flexible
"PEPTIDE1{meA.L.dA.cHexCH2_Gly.I.T.F}$PEPTIDE1,PEPTIDE1,1:R1-7:R2$$$",-6.01000000,ok,,flexible
"PEPTIDE1{Me_Bal.pentyl_Gly.L.F.T.dP.dP}$PEPTIDE1,PEPTIDE1,1:R1-7:R2$$$",-5.94700000,ok,,flexible
"PEPTIDE1{dP.Me_dL.T.Y.pentyl_Gly.P.G}$PEPTIDE1,PEPTIDE1,1:R1-7:R2$$$",-5.92100000,ok,,flexible
"PEPTIDE1{meA.T.dP.I.P.G.F}$PEPTIDE1,PEPTIDE1,1:R1-7:R2$$$",-6.90500000,ok,,flexible
"PEPTIDE1{Me_dA.T.Ser(tBu).Mono84.G.P.L}$PEPTIDE1,PEPTIDE1,1:R1-7:R2$$$",-5.93200000,ok,,flexible
"PEPTIDE1{F.pentyl_Gly.P.dP.Ser(tBu).Me_Phe(3-Cl).meL}$PEPTIDE1,PEPTIDE1,1:R1-7:R2$$$",-5.77100000,ok,,flexible
"PEPTIDE1{Mono6.D.P.F.P.meL.T}$PEPTIDE1,PEPTIDE1,1:R1-7:R2$$$",-5.85200000,ok,,flexible
"PEPTIDE1{Mono6.Mono84.pentyl_Gly.P.F.Mono86.dP}$PEPTIDE1,PEPTIDE1,1:R1-7:R2$$$",-6.32000000,ok,,flexible
"PEPTIDE1{dA.Ser(tBu).V.P.T.I.meL}$PEPTIDE1,PEPTIDE1,1:R1-7:R2$$$",-5.66200000,ok,,flexible
"PEPTIDE1{Me_Bal.P.P.F.V.T.meL}$PEPTIDE1,PEPTIDE1,1:R1-7:R2$$$",-5.98700000,ok,,flexible
"PEPTIDE1{dP.P.meL.F.T.I.P}$PEPTIDE1,PEPTIDE1,1:R1-7:R2$$$",-6.45800000,ok,,flexible
"PEPTIDE1{dA.Me_dA.Me_dL.A.dP.Y.Pr_Gly}$PEPTIDE1,PEPTIDE1,1:R1-7:R2$$$",-7.00800000,ok,,flexible
"PEPTIDE1{dV.Ser(tBu).V.meL.I.P.F}$PEPTIDE1,PEPTIDE1,1:R1-7:R2$$$",-5.22100000,ok,,flexible
"PEPTIDE1{dV.Me_dL.P.dP.Pr_Gly.Asp_piperidide.F}$PEPTIDE1,PEPTIDE1,1:R1-7:R2$$$",-6.06200000,ok,,flexible
"PEPTIDE1{dF.P.A.dL.dP.T.L}$PEPTIDE1,PEPTIDE1,1:R1-7:R2$$$",-6.39500000,ok,,flexible
"PEPTIDE1{A.P.T.V.P.dP.Me_dL}$PEPTIDE1,PEPTIDE1,1:R1-7:R2$$$",-6.41700000,ok,,flexible
"PEPTIDE1{meA.F.L.F.P.I.P}$PEPTIDE1,PEPTIDE1,1:R1-7:R2$$$",-6.48000000,ok,,flexible
"PEPTIDE1{Mono6.G.F.meL.dP.D.G}$PEPTIDE1,PEPTIDE1,1:R1-7:R2$$$",-6.28000000,ok,,flexible
"PEPTIDE1{Me_dA.meA.G.dV.meL.T.P}$PEPTIDE1,PEPTIDE1,1:R1-7:R2$$$",-6.30800000,ok,,flexible
"PEPTIDE1{dV.dP.dP.P.G.P.T}$PEPTIDE1,PEPTIDE1,1:R1-7:R2$$$",-7.50300000,ok,,flexible
"PEPTIDE1{meA.I.Ser(tBu).dP.Me_Phe(3-Cl).P.G}$PEPTIDE1,PEPTIDE1,1:R1-7:R2$$$",-6.63100000,ok,,flexible
"PEPTIDE1{dP.meL.dP.Me_dL.Sar.F.G}$PEPTIDE1,PEPTIDE1,1:R1-7:R2$$$",-6.44000000,ok,,flexible
"PEPTIDE1{dF.dP.I.F.meL.P.P}$PEPTIDE1,PEPTIDE1,1:R1-7:R2$$$",-6.18400000,ok,,flexible
"PEPTIDE1{meA.dP.I.P.T.P.meL}$PEPTIDE1,PEPTIDE1,1:R1-7:R2$$$",-6.20100000,ok,,flexible
"PEPTIDE1{Me_Bal.P.Me_Phe(3-Cl).F.Y.meL.G}$PEPTIDE1,PEPTIDE1,1:R1-7:R2$$$",-6.73600000,ok,,flexible
"PEPTIDE1{F.P.I.T.Mono84.Me_Phe(3-Cl).dP}$PEPTIDE1,PEPTIDE1,1:R1-7:R2$$$",-7.12500000,ok,,flexible
"PEPTIDE1{Me_Bal.dP.G.T.meL.F.Me_dL}$PEPTIDE1,PEPTIDE1,1:R1-7:R2$$$",-6.43300000,ok,,flexible
"PEPTIDE1{meA.dP.dP.F.P.I.meL}$PEPTIDE1,PEPTIDE1,1:R1-7:R2$$$",-6.58700000,ok,,flexible
"PEPTIDE1{meA.I.Me_dA.dP.meL.dP.Mono6}$PEPTIDE1,PEPTIDE1,1:R1-7:R2$$$",-6.61600000,ok,,flexible
"PEPTIDE1{Me_Bal.Mono38.I.meL.Ser(tBu).P.T}$PEPTIDE1,PEPTIDE1,1:R1-7:R2$$$",-5.33500000,ok,,flexible
"PEPTIDE1{dV.T.T.P.Phe(4-CF3).G.P}$PEPTIDE1,PEPTIDE1,1:R1-7:R2$$$",-6.55900000,ok,,flexible
"PEPTIDE1{meA.A.Me_dA.T.Me_dL.dP.P}$PEPTIDE1,PEPTIDE1,1:R1-7:R2$$$",-6.41200000,ok,,flexible
"PEPTIDE1{dF.T.P.G.Mono84.dP.F}$PEPTIDE1,PEPTIDE1,1:R1-7:R2$$$",-7.35500000,ok,,flexible
"PEPTIDE1{P.A.dF.Pr_Gly.Me_dA.dL.I}$PEPTIDE1,PEPTIDE1,1:R1-7:R2$$$",-6.45600000,ok,,flexible
"PEPTIDE1{Mono6.T.T.dP.P.meL.F}$PEPTIDE1,PEPTIDE1,1:R1-7:R2$$$",-7.32200000,ok,,flexible
"PEPTIDE1{meA.V.I.G.dP.Me_dL.D}$PEPTIDE1,PEPTIDE1,1:R1-7:R2$$$",-5.78000000,ok,,flexible
"PEPTIDE1{dF.Asp_piperidide.Me_Phe(3-Cl).T.meL.Phe(4-CF3).V}$PEPTIDE1,PEPTIDE1,1:R1-7:R2$$$",-6.88400000,ok,,flexible
"PEPTIDE1{Me_dA.P.F.P.I.Me_Phe(3-Cl).T}$PEPTIDE1,PEPTIDE1,1:R1-7:R2$$$",-6.60700000,ok,,flexible
"PEPTIDE1{A.P.Me_Phe(3-Cl).F.G.dP.I}$PEPTIDE1,PEPTIDE1,1:R1-7:R2$$$",-6.88700000,ok,,flexible
"PEPTIDE1{Me_Bal.dP.P.F.I.P.meL}$PEPTIDE1,PEPTIDE1,1:R1-7:R2$$$",-6.14700000,ok,,flexible
"PEPTIDE1{meA.L.T.dP.dL.A.G}$PEPTIDE1,PEPTIDE1,1:R1-7:R2$$$",-5.82200000,ok,,flexible
"PEPTIDE1{dP.T.meL.Me_dL.P.Me_Phe(3-Cl).G}$PEPTIDE1,PEPTIDE1,1:R1-7:R2$$$",-6.17400000,ok,,flexible
"PEPTIDE1{meA.G.F.P.dP.T.meL}$PEPTIDE1,PEPTIDE1,1:R1-7:R2$$$",-6.79000000,ok,,flexible
"PEPTIDE1{Me_Bal.A.Me_Phe(3-Cl).meL.P.P.dP}$PEPTIDE1,PEPTIDE1,1:R1-7:R2$$$",-7.67700000,ok,,flexible
"PEPTIDE1{dA.meA.P.F.pentyl_Gly.Phe(4-CF3).meL}$PEPTIDE1,PEPTIDE1,1:R1-7:R2$$$",-6.72200000,ok,,flexible
"PEPTIDE1{Mono6.Me_dA.dP.Me_dL.meY.P.meL}$PEPTIDE1,PEPTIDE1,1:R1-7:R2$$$",-7.17100000,ok,,flexible
"PEPTIDE1{dV.L.I.F.Me_dL.T.P}$PEPTIDE1,PEPTIDE1,1:R1-7:R2$$$",-6.18200000,ok,,flexible
"PEPTIDE1{A.Me_dAbu.T.dP.T.P.P}$PEPTIDE1,PEPTIDE1,1:R1-7:R2$$$",-6.43800000,ok,,flexible
"PEPTIDE1{dP.meA.meL.F.dP.P.Me_dL}$PEPTIDE1,PEPTIDE1,1:R1-7:R2$$$",-6.47000000,ok,,flexible
"PEPTIDE1{dF.pentyl_Gly.T.dP.L.meL.I}$PEPTIDE1,PEPTIDE1,1:R1-7:R2$$$",-4.76500000,ok,,flexible
"PEPTIDE1{P.meL.Y.G.Me_Phe(3-Cl).F.dP}$PEPTIDE1,PEPTIDE1,1:R1-7:R2$$$",-6.99600000,ok,,flexible
"PEPTIDE1{dF.L.T.T.dP.Me_Phe(3-Cl).I}$PEPTIDE1,PEPTIDE1,1:R1-7:R2$$$",-6.74300000,ok,,flexible
"PEPTIDE1{Me_Bal.L.T.A.Me_Phe(3-Cl).I.meF}$PEPTIDE1,PEPTIDE1,1:R1-7:R2$$$",-6.55300000,ok,,flexible
"PEPTIDE1{Me_Bal.meL.T.P.dP.Me_dL.I}$PEPTIDE1,PEPTIDE1,1:R1-7:R2$$$",-5.99900000,ok,,flexible
"PEPTIDE1{F.meL.Me_dAbu.T.Mono6.pentyl_Gly.P}$PEPTIDE1,PEPTIDE1,1:R1-7:R2$$$",-5.04300000,ok,,flexible
"PEPTIDE1{Me_dA.Me_dL.meL.dP.Mono6.P.Me_dAbu}$PEPTIDE1,PEPTIDE1,1:R1-7:R2$$$",-6.26500000,ok,,flexible
"PEPTIDE1{A.meA.F.L.I.Ser(tBu).T}$PEPTIDE1,PEPTIDE1,1:R1-7:R2$$$",-5.67000000,ok,,flexible
"PEPTIDE1{Mono6.meL.Me_dL.Y.T.Pr_Gly.P}$PEPTIDE1,PEPTIDE1,1:R1-7:R2$$$",-6.17900000,ok,,flexible
"PEPTIDE1{dF.Pr_Gly.Mono6.P.Me_dL.Me_Phe(3-Cl).meL}$PEPTIDE1,PEPTIDE1,1:R1-7:R2$$$",-5.78000000,ok,,flexible
"PEPTIDE1{Me_Bal.meY.Mono6.T.dP.dP.Y}$PEPTIDE1,PEPTIDE1,1:R1-7:R2$$$",-8.26900000,ok,,flexible
"PEPTIDE1{A.dP.P.F.P.meL.T}$PEPTIDE1,PEPTIDE1,1:R1-7:R2$$$",-6.55000000,ok,,flexible
"PEPTIDE1{Me_Bal.dP.F.V.meL.Me_Phe(3-Cl).G}$PEPTIDE1,PEPTIDE1,1:R1-7:R2$$$",-6.33900000,ok,,flexible
"PEPTIDE1{meA.P.D.Y.P.T.dP}$PEPTIDE1,PEPTIDE1,1:R1-7:R2$$$",-7.15700000,ok,,flexible
"PEPTIDE1{Sar.dF.P.L.dP.Me_Phe(3-Cl).T}$PEPTIDE1,PEPTIDE1,1:R1-7:R2$$$",-6.47800000,ok,,flexible
"PEPTIDE1{A.G.I.meL.T.T.F}$PEPTIDE1,PEPTIDE1,1:R1-7:R2$$$",-5.79800000,ok,,flexible
"PEPTIDE1{meA.Me_dL.P.meF.dL.P.dP}$PEPTIDE1,PEPTIDE1,1:R1-7:R2$$$",-6.20200000,ok,,flexible
"PEPTIDE1{dV.L.A.P.I.T.dP}$PEPTIDE1,PEPTIDE1,1:R1-7:R2$$$",-6.19500000,ok,,flexible
"PEPTIDE1{Pr_Gly.A.Mono84.L.P.P.dP}$PEPTIDE1,PEPTIDE1,1:R1-7:R2$$$",-6.14900000,ok,,flexible
"PEPTIDE1{F.T.G.Me_Phe(3-Cl).P.Nle.Me_Phe(3-Cl)}$PEPTIDE1,PEPTIDE1,1:R1-7:R2$$$",-5.77600000,ok,,flexible
"PEPTIDE1{Me_dA.L.P.A.dP.meA.F}$PEPTIDE1,PEPTIDE1,1:R1-7:R2$$$",-7.15400000,ok,,flexible
"PEPTIDE1{A.F.G.Me_dL.V.P.P}$PEPTIDE1,PEPTIDE1,1:R1-7:R2$$$",-7.29600000,ok,,flexible
"PEPTIDE1{L.F.dP.P.G.T.dY}$PEPTIDE1,PEPTIDE1,1:R1-7:R2$$$",-5.71700000,ok,,flexible
"PEPTIDE1{Me_dA.P.dP.meL.P.T.dP}$PEPTIDE1,PEPTIDE1,1:R1-7:R2$$$",-7.26800000,ok,,flexible
"PEPTIDE1{dA.F.Ser(tBu).Mono84.meA.L.Me_dA}$PEPTIDE1,PEPTIDE1,1:R1-7:R2$$$",-7.44400000,ok,,flexible
"PEPTIDE1{dA.dP.T.G.Y.Me_Phe(3-Cl).F}$PEPTIDE1,PEPTIDE1,1:R1-7:R2$$$",-6.58600000,ok,,flexible
"PEPTIDE1{Mono6.L.dP.Me_Phe(3-Cl).G.meL.dL}$PEPTIDE1,PEPTIDE1,1:R1-7:R2$$$",-6.22700000,ok,,flexible
"PEPTIDE1{dF.T.L.Mono84.F.meL.dP}$PEPTIDE1,PEPTIDE1,1:R1-7:R2$$$",-6.27900000,ok,,flexible
"PEPTIDE1{Me_Bal.Me_Nle.P.T.P.meA.Me_Phe(3-Cl)}$PEPTIDE1,PEPTIDE1,1:R1-7:R2$$$",-6.50500000,ok,,flexible
"PEPTIDE1{A.Me_dA.T.dP.Y.I.F}$PEPTIDE1,PEPTIDE1,1:R1-7:R2$$$",-7.01200000,ok,,flexible
"PEPTIDE1{dV.G.Me_dL.T.dP.F.meL}$PEPTIDE1,PEPTIDE1,1:R1-7:R2$$$",-6.52700000,ok,,flexible
"PEPTIDE1{dA.P.meL.V.Me_Phe(3-Cl).T.P}$PEPTIDE1,PEPTIDE1,1:R1-7:R2$$$",-6.70200000,ok,,flexible
"PEPTIDE1{dA.P.T.I.D.T.Y}$PEPTIDE1,PEPTIDE1,1:R1-7:R2$$$",-6.18600000,ok,,flexible
"PEPTIDE1{Sar.A.dP.dP.I.F.Me_Phe(3-Cl)}$PEPTIDE1,PEPTIDE1,1:R1-7:R2$$$",-6.21900000,ok,,flexible
"PEPTIDE1{Mono6.dP.T.Asp_piperidide.G.Me_Phe(3-Cl).Et_Gly}$PEPTIDE1,PEPTIDE1,1:R1-7:R2$$$",-7.29000000,ok,,flexible
"PEPTIDE1{L.P.G.P.F.Y.dP}$PEPTIDE1,PEPTIDE1,1:R1-7:R2$$$",-6.59600000,ok,,flexible
"PEPTIDE1{Me_Bal.dP.G.P.T.F.meA}$PEPTIDE1,PEPTIDE1,1:R1-7:R2$$$",-7.10200000,ok,,flexible
"PEPTIDE1{Mono6.F.A.P.dV.Me_dL.meA}$PEPTIDE1,PEPTIDE1,1:R1-7:R2$$$",-7.08900000,ok,,flexible
"PEPTIDE1{Me_dA.P.T.I.dL.Me_dL.Ser(tBu)}$PEPTIDE1,PEPTIDE1,1:R1-7:R2$$$",-5.66700000,ok,,flexible
"PEPTIDE1{P.F.dL.L.Me_dA.Et_Gly.P}$PEPTIDE1,PEPTIDE1,1:R1-7:R2$$$",-6.49200000,ok,,flexible
"PEPTIDE1{A.cHexCH2_Gly.dL.I.F.Me_dA.P}$PEPTIDE1,PEPTIDE1,1:R1-7:R2$$$",-6.94900000,ok,,flexible
"PEPTIDE1{meL.T.P.V.I.Me_Phe(3-Cl).dP}$PEPTIDE1,PEPTIDE1,1:R1-7:R2$$$",-6.46700000,ok,,flexible
"PEPTIDE1{meL.meA.P.Asp_piperidide.meY.dP.P}$PEPTIDE1,PEPTIDE1,1:R1-7:R2$$$",-6.78300000,ok,,flexible
"PEPTIDE1{Mono6.T.I.T.P.P.V}$PEPTIDE1,PEPTIDE1,1:R1-7:R2$$$",-6.94300000,ok,,flexible
"PEPTIDE1{Me_Bal.L.I.Me_dL.F.dP.Me_Phe(3-Cl)}$PEPTIDE1,PEPTIDE1,1:R1-7:R2$$$",-6.73700000,ok,,flexible
"PEPTIDE1{F.P.D.T.Mono84.meL.3Pal}$PEPTIDE1,PEPTIDE1,1:R1-7:R2$$$",-6.52400000,ok,,flexible
"PEPTIDE1{Me_Bal.meF.P.F.G.Me_Phe(3-Cl).P}$PEPTIDE1,PEPTIDE1,1:R1-7:R2$$$",-7.40700000,ok,,flexible
"PEPTIDE1{Pr_Gly.I.dP.F.dP.P.T}$PEPTIDE1,PEPTIDE1,1:R1-7:R2$$$",-5.89200000,ok,,flexible
"PEPTIDE1{Mono6.dP.Me_Phe(3-Cl).G.meL.P.F}$PEPTIDE1,PEPTIDE1,1:R1-7:R2$$$",-7.03900000,ok,,flexible
"PEPTIDE1{dV.F.Y.P.G.Me_Phe(3-Cl).D}$PEPTIDE1,PEPTIDE1,1:R1-7:R2$$$",-6.44700000,ok,,flexible
"PEPTIDE1{Me_dA.Me_dL.dP.dP.G.meL.meY}$PEPTIDE1,PEPTIDE1,1:R1-7:R2$$$",-6.41500000,ok,,flexible
"PEPTIDE1{dF.meL.P.Me_Phe(3-Cl).F.P.G}$PEPTIDE1,PEPTIDE1,1:R1-7:R2$$$",-6.91400000,ok,,flexible
"PEPTIDE1{P.Me_dA.F.meL.P.Mono34.Me_dL}$PEPTIDE1,PEPTIDE1,1:R1-7:R2$$$",-5.50300000,ok,,flexible
"PEPTIDE1{dA.T.G.P.V.meL.F}$PEPTIDE1,PEPTIDE1,1:R1-7:R2$$$",-6.21800000,ok,,flexible
"PEPTIDE1{A.meL.P.Y.dP.F.P}$PEPTIDE1,PEPTIDE1,1:R1-7:R2$$$",-7.20100000,ok,,flexible
"PEPTIDE1{Sar.F.I.P.meA.dP.G}$PEPTIDE1,PEPTIDE1,1:R1-7:R2$$$",-7.40200000,ok,,flexible
"PEPTIDE1{dF.pentyl_Gly.T.dV.dP.dP.G}$PEPTIDE1,PEPTIDE1,1:R1-7:R2$$$",-5.71700000,ok,,flexible
"PEPTIDE1{Me_Bal.dP.F.Me_dA.P.P.meA}$PEPTIDE1,PEPTIDE1,1:R1-7:R2$$$",-7.15500000,ok,,flexible
"PEPTIDE1{Pr_Gly.Pr_Gly.meA.dF.Me_dA.P.meY}$PEPTIDE1,PEPTIDE1,1:R1-7:R2$$$",-6.64600000,ok,,flexible
"PEPTIDE1{dA.T.P.meL.F.G.Y}$PEPTIDE1,PEPTIDE1,1:R1-7:R2$$$",-7.35900000,ok,,flexible
"PEPTIDE1{meA.dPye.I.meL.L.T.H}$PEPTIDE1,PEPTIDE1,1:R1-7:R2$$$",-5.42300000,ok,,flexible
"PEPTIDE1{dF.T.Asp_piperidide.P.dP.meL.F}$PEPTIDE1,PEPTIDE1,1:R1-7:R2$$$",-5.99600000,ok,,flexible
"PEPTIDE1{Me_Bal.P.P.dP.Y.dP.Me_Phe(3-Cl)}$PEPTIDE1,PEPTIDE1,1:R1-7:R2$$$",-8.03800000,ok,,flexible
"PEPTIDE1{Me_dA.T.P.P.Me_dL.P.meL}$PEPTIDE1,PEPTIDE1,1:R1-7:R2$$$",-6.93700000,ok,,flexible
"PEPTIDE1{Me_dA.F.Me_Phe(3-Cl).dP.P.F.Me_dL}$PEPTIDE1,PEPTIDE1,1:R1-7:R2$$$",-6.48300000,ok,,flexible
"PEPTIDE1{Me_dA.F.Ser(tBu).P.dP.Mono84.meI}$PEPTIDE1,PEPTIDE1,1:R1-7:R2$$$",-6.78900000,ok,,flexible
"PEPTIDE1{Me_Bal.P.dP.T.F.Y.dY}$PEPTIDE1,PEPTIDE1,1:R1-7:R2$$$",-6.30100000,ok,,flexible
"PEPTIDE1{F.Mono38.P.3Pal.T.L.dL}$PEPTIDE1,PEPTIDE1,1:R1-7:R2$$$",-5.86300000,ok,,flexible
"PEPTIDE1{dV.dP.meL.F.Phe(4-CF3).I.P}$PEPTIDE1,PEPTIDE1,1:R1-7:R2$$$",-6.07700000,ok,,flexible
"PEPTIDE1{dV.T.T.dP.Phe(4-CF3).P.I}$PEPTIDE1,PEPTIDE1,1:R1-7:R2$$$",-6.57400000,ok,,flexible
"PEPTIDE1{dF.pentyl_Gly.dP.I.F.Me_dL.Me_dA}$PEPTIDE1,PEPTIDE1,1:R1-7:R2$$$",-5.77500000,ok,,flexible
"PEPTIDE1{meA.dP.dP.V.G.T.T}$PEPTIDE1,PEPTIDE1,1:R1-7:R2$$$",-6.49200000,ok,,flexible
"PEPTIDE1{Me_dA.P.F.T.P.P.G}$PEPTIDE1,PEPTIDE1,1:R1-7:R2$$$",-7.09300000,ok,,flexible
"PEPTIDE1{Mono6.dP.P.Phe(4-CF3).T.Asp_piperidide.F}$PEPTIDE1,PEPTIDE1,1:R1-7:R2$$$",-7.09500000,ok,,flexible
"PEPTIDE1{F.A.cHexCH2_Gly.P.T.D.I}$PEPTIDE1,PEPTIDE1,1:R1-7:R2$$$",-6.17800000,ok,,flexible
"PEPTIDE1{dA.Me_dL.Phe(4-CF3).P.meL.P.P}$PEPTIDE1,PEPTIDE1,1:R1-7:R2$$$",-6.67700000,ok,,flexible
"PEPTIDE1{A.Me_dL.P.dP.T.P.meL}$PEPTIDE1,PEPTIDE1,1:R1-7:R2$$$",-6.07800000,ok,,flexible
"PEPTIDE1{meA.meL.dP.P.D.meY.P}$PEPTIDE1,PEPTIDE1,1:R1-7:R2$$$",-6.39500000,ok,,flexible
"PEPTIDE1{Mono6.T.P.Y.G.Me_Phe(3-Cl).P}$PEPTIDE1,PEPTIDE1,1:R1-7:R2$$$",-7.22900000,ok,,flexible
"PEPTIDE1{Me_Bal.F.V.meL.dP.T.D}$PEPTIDE1,PEPTIDE1,1:R1-7:R2$$$",-6.07100000,ok,,flexible
"PEPTIDE1{Me_dA.A.F.F.V.T.Me_dL}$PEPTIDE1,PEPTIDE1,1:R1-7:R2$$$",-5.99200000,ok,,flexible
"PEPTIDE1{Me_dA.dP.dL.P.T.meL.P}$PEPTIDE1,PEPTIDE1,1:R1-7:R2$$$",-6.50400000,ok,,flexible
"PEPTIDE1{dV.P.T.dP.T.G.dP}$PEPTIDE1,PEPTIDE1,1:R1-7:R2$$$",-6.96600000,ok,,flexible
"PEPTIDE1{Me_Bal.T.meL.D.P.dP.P}$PEPTIDE1,PEPTIDE1,1:R1-7:R2$$$",-6.60000000,ok,,flexible
"PEPTIDE1{Me_dA.L.Ser(tBu).I.Mono84.dP.P}$PEPTIDE1,PEPTIDE1,1:R1-7:R2$$$",-6.35400000,ok,,flexible
"PEPTIDE1{Mono6.Mono38.P.Me_Phe(3-Cl).dP.I.Me_Nle}$PEPTIDE1,PEPTIDE1,1:R1-7:R2$$$",-6.26900000,ok,,flexible
"PEPTIDE1{dF.L.T.I.Mono84.P.dP}$PEPTIDE1,PEPTIDE1,1:R1-7:R2$$$",-6.54800000,ok,,flexible
"PEPTIDE1{dA.meL.Me_Phe(3-Cl).F.dP.dP.T}$PEPTIDE1,PEPTIDE1,1:R1-7:R2$$$",-6.78000000,ok,,flexible
"PEPTIDE1{Me_Bal.F.dP.P.I.G.T}$PEPTIDE1,PEPTIDE1,1:R1-7:R2$$$",-6.54900000,ok,,flexible
"PEPTIDE1{Me_Bal.cHexCH2_Gly.Mono38.Me_Nle.meA.dP.P}$PEPTIDE1,PEPTIDE1,1:R1-7:R2$$$",-6.16300000,ok,,flexible
"PEPTIDE1{meL.Mono6.Me_Phe(3-Cl).Mono34.Asp_piperidide.P.3Pal}$PEPTIDE1,PEPTIDE1,1:R1-7:R2$$$",-5.71700000,ok,,flexible
"PEPTIDE1{P.meL.F.Me_dA.Me_Phe(3-Cl).P.dP}$PEPTIDE1,PEPTIDE1,1:R1-7:R2$$$",-6.90700000,ok,,flexible
"PEPTIDE1{meA.meY.T.dP.D.I.dP}$PEPTIDE1,PEPTIDE1,1:R1-7:R2$$$",-6.82200000,ok,,flexible
"PEPTIDE1{dA.T.V.P.F.Phe(4-CF3).P}$PEPTIDE1,PEPTIDE1,1:R1-7:R2$$$",-6.86400000,ok,,flexible
"PEPTIDE1{dF.dP.F.meL.Asp_piperidide.Me_Phe(3-Cl).3Pal}$PEPTIDE1,PEPTIDE1,1:R1-7:R2$$$",-6.89500000,ok,,flexible
"PEPTIDE1{F.A.I.dL.L.Me_dL.T}$PEPTIDE1,PEPTIDE1,1:R1-7:R2$$$",-6.08300000,ok,,flexible
"PEPTIDE1{A.meL.F.T.meA.P.Mono6}$PEPTIDE1,PEPTIDE1,1:R1-7:R2$$$",-6.47800000,ok,,flexible
"PEPTIDE1{Me_Bal.T.dP.P.F.meL.V}$PEPTIDE1,PEPTIDE1,1:R1-7:R2$$$",-6.82200000,ok,,flexible
"PEPTIDE1{Me_Bal.meA.T.F.P.dP.G}$PEPTIDE1,PEPTIDE1,1:R1-7:R2$$$",-7.46500000,ok,,flexible
"PEPTIDE1{meA.Sar.V.L.A.T.Me_dA}$PEPTIDE1,PEPTIDE1,1:R1-7:R2$$$",-6.12900000,ok,,flexible
"PEPTIDE1{L.P.P.T.F.P.dP}$PEPTIDE1,PEPTIDE1,1:R1-7:R2$$$",-7.30900000,ok,,flexible
"PEPTIDE1{Me_dA.dP.F.P.T.G.D}$PEPTIDE1,PEPTIDE1,1:R1-7:R2$$$",-6.69700000,ok,,flexible
"PEPTIDE1{F.Mono38.dP.P.meL.P.Me_Phe(3-Cl)}$PEPTIDE1,PEPTIDE1,1:R1-7:R2$$$",-6.74800000,ok,,flexible
"PEPTIDE1{dF.meL.P.pentyl_Gly.Phe(4-CF3).F.dP}$PEPTIDE1,PEPTIDE1,1:R1-7:R2$$$",-5.83600000,ok,,flexible
"PEPTIDE1{Mono6.dP.Me_dL.F.I.Ser(tBu).3Pal}$PEPTIDE1,PEPTIDE1,1:R1-7:R2$$$",-5.55800000,ok,,flexible
"PEPTIDE1{dP.T.dP.meL.P.P.Y}$PEPTIDE1,PEPTIDE1,1:R1-7:R2$$$",-7.03000000,ok,,flexible
"PEPTIDE1{Me_dA.dP.T.P.Me_dL.P.Me_Phe(3-Cl)}$PEPTIDE1,PEPTIDE1,1:R1-7:R2$$$",-6.83500000,ok,,flexible
"PEPTIDE1{dA.Y.F.meL.G.dY.T}$PEPTIDE1,PEPTIDE1,1:R1-7:R2$$$",-6.35500000,ok,,flexible
"PEPTIDE1{meA.F.I.P.dP.T.Y}$PEPTIDE1,PEPTIDE1,1:R1-7:R2$$$",-6.31200000,ok,,flexible
"PEPTIDE1{Me_dA.T.Me_dL.dP.F.meY.P}$PEPTIDE1,PEPTIDE1,1:R1-7:R2$$$",-6.10500000,ok,,flexible
"PEPTIDE1{meA.pentyl_Gly.P.Sar.dP.P.T}$PEPTIDE1,PEPTIDE1,1:R1-7:R2$$$",-6.40500000,ok,,flexible
"PEPTIDE1{meA.G.Y.meL.Asp_piperidide.P.D}$PEPTIDE1,PEPTIDE1,1:R1-7:R2$$$",-6.01000000,ok,,flexible
"PEPTIDE1{meA.dP.F.T.G.F.dP}$PEPTIDE1,PEPTIDE1,1:R1-7:R2$$$",-6.94400000,ok,,flexible
"PEPTIDE1{A.I.D.F.dP.T.meL}$PEPTIDE1,PEPTIDE1,1:R1-7:R2$$$",-6.07400000,ok,,flexible
"PEPTIDE1{Me_Bal.Y.P.F.dY.G.P}$PEPTIDE1,PEPTIDE1,1:R1-7:R2$$$",-7.11000000,ok,,flexible
"PEPTIDE1{dV.Ser(tBu).dP.I.P.T.V}$PEPTIDE1,PEPTIDE1,1:R1-7:R2$$$",-6.60500000,ok,,flexible
"PEPTIDE1{Mono6.A.P.T.meL.I.meA}$PEPTIDE1,PEPTIDE1,1:R1-7:R2$$$",-6.26900000,ok,,flexible
"PEPTIDE1{P.meF.Me_Phe(3-Cl).meL.dP.F.P}$PEPTIDE1,PEPTIDE1,1:R1-7:R2$$$",-7.10700000,ok,,flexible
"PEPTIDE1{Me_Bal.dP.A.P.T.P.Me_Phe(3-Cl)}$PEPTIDE1,PEPTIDE1,1:R1-7:R2$$$",-7.30600000,ok,,flexible
"PEPTIDE1{Mono6.Ala(5-Tet).Et_Gly.Asp_piperidide.T.meL.Phe(4-CF3)}$PEPTIDE1,PEPTIDE1,1:R1-7:R2$$$",-5.27500000,ok,,flexible
"PEPTIDE1{Me_dA.dP.Y.T.Me_Phe(3-Cl).G.F}$PEPTIDE1,PEPTIDE1,1:R1-7:R2$$$",-7.11700000,ok,,flexible
"PEPTIDE1{dA.dP.Me_dL.P.P.Y.dP}$PEPTIDE1,PEPTIDE1,1:R1-7:R2$$$",-7.25400000,ok,,flexible
"PEPTIDE1{Me_Bal.T.T.Me_dL.L.dP.P}$PEPTIDE1,PEPTIDE1,1:R1-7:R2$$$",-6.24600000,ok,,flexible
"PEPTIDE1{A.F.dL.meL.F.P.T}$PEPTIDE1,PEPTIDE1,1:R1-7:R2$$$",-5.90800000,ok,,flexible
"PEPTIDE1{Pr_Gly.meL.P.Mono6.meY.Y.P}$PEPTIDE1,PEPTIDE1,1:R1-7:R2$$$",-6.34300000,ok,,flexible
"PEPTIDE1{meA.G.P.I.dP.dV.pentyl_Gly}$PEPTIDE1,PEPTIDE1,1:R1-7:R2$$$",-5.76900000,ok,,flexible
"PEPTIDE1{dA.F.Me_Phe(3-Cl).Me_dA.dP.Et_Gly.T}$PEPTIDE1,PEPTIDE1,1:R1-7:R2$$$",-7.07800000,ok,,flexible
"PEPTIDE1{Me_Bal.meA.T.T.P.L.dP}$PEPTIDE1,PEPTIDE1,1:R1-7:R2$$$",-6.36900000,ok,,flexible
"PEPTIDE1{Me_dA.T.P.P.dP.Mono6.meY}$PEPTIDE1,PEPTIDE1,1:R1-7:R2$$$",-7.10500000,ok,,flexible
"PEPTIDE1{Me_dA.meL.dP.meY.dP.Mono6.P}$PEPTIDE1,PEPTIDE1,1:R1-7:R2$$$",-7.03800000,ok,,flexible
"PEPTIDE1{meA.T.Asp_piperidide.dP.P.F.D}$PEPTIDE1,PEPTIDE1,1:R1-7:R2$$$",-6.66000000,ok,,flexible
"PEPTIDE1{Me_dA.Me_dL.D.F.T.dP.T}$PEPTIDE1,PEPTIDE1,1:R1-7:R2$$$",-6.12700000,ok,,flexible
"PEPTIDE1{dA.P.T.D.G.dP.meL}$PEPTIDE1,PEPTIDE1,1:R1-7:R2$$$",-6.30000000,ok,,flexible
"PEPTIDE1{dA.P.T.D.P.G.Y}$PEPTIDE1,PEPTIDE1,1:R1-7:R2$$$",-7.32200000,ok,,flexible
"PEPTIDE1{F.A.T.meL.dP.I.T}$PEPTIDE1,PEPTIDE1,1:R1-7:R2$$$",-5.34100000,ok,,flexible
"PEPTIDE1{dA.meL.Me_dL.T.P.P.Mono6}$PEPTIDE1,PEPTIDE1,1:R1-7:R2$$$",-6.27300000,ok,,flexible
"PEPTIDE1{Mono6.A.P.T.Me_Phe(3-Cl).dP.G}$PEPTIDE1,PEPTIDE1,1:R1-7:R2$$$",-7.96300000,ok,,flexible
"PEPTIDE1{Me_Bal.Pr_Gly.G.dP.T.F.P}$PEPTIDE1,PEPTIDE1,1:R1-7:R2$$$",-6.80100000,ok,,flexible
"PEPTIDE1{dF.F.I.T.dP.meF.3Pal}$PEPTIDE1,PEPTIDE1,1:R1-7:R2$$$",-6.58500000,ok,,flexible
"PEPTIDE1{Me_dA.F.dP.dP.Phe(4-CF3).meL.P}$PEPTIDE1,PEPTIDE1,1:R1-7:R2$$$",-6.98300000,ok,,flexible
"PEPTIDE1{dP.dF.T.F.meA.L.Me_Phe(3-Cl)}$PEPTIDE1,PEPTIDE1,1:R1-7:R2$$$",-6.49300000,ok,,flexible
"PEPTIDE1{meA.Me_dA.P.G.V.I.F}$PEPTIDE1,PEPTIDE1,1:R1-7:R2$$$",-6.42600000,ok,,flexible
"PEPTIDE1{Pr_Gly.A.meA.Y.T.P.dP}$PEPTIDE1,PEPTIDE1,1:R1-7:R2$$$",-6.82300000,ok,,flexible
"PEPTIDE1{dF.D.P.meL.I.F.T}$PEPTIDE1,PEPTIDE1,1:R1-7:R2$$$",-6.26400000,ok,,flexible
"PEPTIDE1{Mono6.P.dP.F.I.dP.Me_dL}$PEPTIDE1,PEPTIDE1,1:R1-7:R2$$$",-6.42000000,ok,,flexible
"PEPTIDE1{dA.P.meY.Y.P.Me_dL.T}$PEPTIDE1,PEPTIDE1,1:R1-7:R2$$$",-6.64800000,ok,,flexible
"PEPTIDE1{F.dP.dP.I.P.D.T}$PEPTIDE1,PEPTIDE1,1:R1-7:R2$$$",-6.88900000,ok,,flexible
"PEPTIDE1{dA.dP.T.D.G.F.Y}$PEPTIDE1,PEPTIDE1,1:R1-7:R2$$$",-7.05100000,ok,,flexible
"PEPTIDE1{dF.Me_dL.P.Asp_piperidide.P.Mono6.meL}$PEPTIDE1,PEPTIDE1,1:R1-7:R2$$$",-6.55100000,ok,,flexible
"PEPTIDE1{Me_Bal.P.Me_Phe(3-Cl).dP.dP.T.G}$PEPTIDE1,PEPTIDE1,1:R1-7:R2$$$",-6.80900000,ok,,flexible
"PEPTIDE1{dA.T.meL.V.dV.F.Me_dL}$PEPTIDE1,PEPTIDE1,1:R1-7:R2$$$",-5.25300000,ok,,flexible
"PEPTIDE1{A.Aib.dA.meA.Me_dL.P.meL}$PEPTIDE1,PEPTIDE1,1:R1-7:R2$$$",-6.11000000,ok,,flexible
"PEPTIDE1{Sar.A.cHexCH2_Gly.meA.D.P.meL}$PEPTIDE1,PEPTIDE1,1:R1-7:R2$$$",-6.41600000,ok,,flexible
"PEPTIDE1{P.dP.Me_dL.dL.T.F.meL}$PEPTIDE1,PEPTIDE1,1:R1-7:R2$$$",-6.63500000,ok,,flexible
"PEPTIDE1{dF.I.G.dP.P.dP.T}$PEPTIDE1,PEPTIDE1,1:R1-7:R2$$$",-7.28800000,ok,,flexible
"PEPTIDE1{dP.cHexCH2_Gly.Me_dA.dP.meY.F.Me_dL}$PEPTIDE1,PEPTIDE1,1:R1-7:R2$$$",-6.44300000,ok,,flexible
"PEPTIDE1{dA.pentyl_Gly.L.meL.V.P.Me_dL}$PEPTIDE1,PEPTIDE1,1:R1-7:R2$$$",-5.14000000,ok,,flexible
"PEPTIDE1{dF.I.Mono7.P.L.P.Sar}$PEPTIDE1,PEPTIDE1,1:R1-7:R2$$$",-7.01300000,ok,,flexible
"PEPTIDE1{dA.P.meL.D.I.Me_Phe(3-Cl).P}$PEPTIDE1,PEPTIDE1,1:R1-7:R2$$$",-6.23700000,ok,,flexible
"PEPTIDE1{Mono6.dP.Y.dP.T.T.G}$PEPTIDE1,PEPTIDE1,1:R1-7:R2$$$",-6.73300000,ok,,flexible
"PEPTIDE1{Me_dA.P.P.F.I.T.dP}$PEPTIDE1,PEPTIDE1,1:R1-7:R2$$$",-7.39900000,ok,,flexible
"PEPTIDE1{Mono6.Y.G.P.G.F.dP}$PEPTIDE1,PEPTIDE1,1:R1-7:R2$$$",-7.29200000,ok,,flexible
"PEPTIDE1{meA.T.P.G.F.Y.P}$PEPTIDE1,PEPTIDE1,1:R1-7:R2$$$",-6.71600000,ok,,flexible
"PEPTIDE1{Me_Bal.Y.F.P.G.dY.G}$PEPTIDE1,PEPTIDE1,1:R1-7:R2$$$",-6.99400000,ok,,flexible
"PEPTIDE1{F.A.T.Me_Nle.Mono84.dL.I}$PEPTIDE1,PEPTIDE1,1:R1-7:R2$$$",-5.84000000,ok,,flexible
"PEPTIDE1{Mono6.L.meL.meA.T.P.dL}$PEPTIDE1,PEPTIDE1,1:R1-7:R2$$$",-6.01500000,ok,,flexible
"PEPTIDE1{Me_dA.Pr_Gly.F.dL.Me_dL.T.meL}$PEPTIDE1,PEPTIDE1,1:R1-7:R2$$$",-6.24700000,ok,,flexible
"PEPTIDE1{Mono6.dP.F.I.T.Me_Phe(3-Cl).V}$PEPTIDE1,PEPTIDE1,1:R1-7:R2$$$",-6.51600000,ok,,flexible
"PEPTIDE1{Mono6.dP.Y.F.meY.P.G}$PEPTIDE1,PEPTIDE1,1:R1-7:R2$$$",-6.90900000,ok,,flexible
"PEPTIDE1{Me_Bal.Y.F.Me_Phe(3-Cl).G.dP.G}$PEPTIDE1,PEPTIDE1,1:R1-7:R2$$$",-6.76600000,ok,,flexible
"PEPTIDE1{Mono6.P.dP.dP.Y.D.dY}$PEPTIDE1,PEPTIDE1,1:R1-7:R2$$$",-7.01000000,ok,,flexible
"PEPTIDE1{Me_Bal.G.cHexCH2_Gly.F.dP.T.T}$PEPTIDE1,PEPTIDE1,1:R1-7:R2$$$",-6.58600000,ok,,flexible
"PEPTIDE1{Me_Bal.Pr_Gly.meL.F.dF.T.Mono6}$PEPTIDE1,PEPTIDE1,1:R1-7:R2$$$",-6.12800000,ok,,flexible
"PEPTIDE1{Me_dA.meL.Me_dL.Aib.F.P.F}$PEPTIDE1,PEPTIDE1,1:R1-7:R2$$$",-6.52100000,ok,,flexible
"PEPTIDE1{Me_dA.F.I.P.V.meL.Me_Phe(3-Cl)}$PEPTIDE1,PEPTIDE1,1:R1-7:R2$$$",-6.44100000,ok,,flexible
"PEPTIDE1{dV.meF.P.Me_Phe(3-Cl).dP.T.P}$PEPTIDE1,PEPTIDE1,1:R1-7:R2$$$",-7.44900000,ok,,flexible
"PEPTIDE1{A.dP.G.P.T.dY.P}$PEPTIDE1,PEPTIDE1,1:R1-7:R2$$$",-6.93500000,ok,,flexible
"PEPTIDE1{dA.P.T.dP.meL.Phe(4-CF3).G}$PEPTIDE1,PEPTIDE1,1:R1-7:R2$$$",-7.17100000,ok,,flexible
"PEPTIDE1{A.D.meL.T.F.T.P}$PEPTIDE1,PEPTIDE1,1:R1-7:R2$$$",-5.78300000,ok,,flexible
"PEPTIDE1{Mono6.dP.meY.P.T.meL.F}$PEPTIDE1,PEPTIDE1,1:R1-7:R2$$$",-7.32200000,ok,,flexible
"PEPTIDE1{Mono6.T.meY.Nle.dP.P.Me_Phe(3-Cl)}$PEPTIDE1,PEPTIDE1,1:R1-7:R2$$$",-6.76900000,ok,,flexible
"PEPTIDE1{Me_dA.T.meL.pentyl_Gly.G.Sar.F}$PEPTIDE1,PEPTIDE1,1:R1-7:R2$$$",-6.16000000,ok,,flexible
"PEPTIDE1{meA.Pr_Gly.Me_dA.T.Et_Gly.dP.F}$PEPTIDE1,PEPTIDE1,1:R1-7:R2$$$",-6.08900000,ok,,flexible
"PEPTIDE1{Me_Bal.meL.G.T.F.I.P}$PEPTIDE1,PEPTIDE1,1:R1-7:R2$$$",-5.97800000,ok,,flexible
"PEPTIDE1{dA.P.dP.G.D.P.F}$PEPTIDE1,PEPTIDE1,1:R1-7:R2$$$",-7.49100000,ok,,flexible
"PEPTIDE1{dA.T.F.G.Sar.P.dL}$PEPTIDE1,PEPTIDE1,1:R1-7:R2$$$",-6.37700000,ok,,flexible
"PEPTIDE1{dA.Pr_Gly.dP.P.T.F.meL}$PEPTIDE1,PEPTIDE1,1:R1-7:R2$$$",-6.16200000,ok,,flexible
"PEPTIDE1{Me_Bal.dP.meL.A.dP.P.F}$PEPTIDE1,PEPTIDE1,1:R1-7:R2$$$",-6.82500000,ok,,flexible
"PEPTIDE1{meA.I.Me_Phe(3-Cl).Mono84.G.F.P}$PEPTIDE1,PEPTIDE1,1:R1-7:R2$$$",-7.35400000,ok,,flexible
"PEPTIDE1{A.dP.F.dP.D.P.G}$PEPTIDE1,PEPTIDE1,1:R1-7:R2$$$",-6.56400000,ok,,flexible
"PEPTIDE1{Me_Bal.P.I.D.Me_Phe(3-Cl).Y.dP}$PEPTIDE1,PEPTIDE1,1:R1-7:R2$$$",-6.35100000,ok,,flexible
"PEPTIDE1{dA.meA.Ser(tBu).L.P.meL.I}$PEPTIDE1,PEPTIDE1,1:R1-7:R2$$$",-5.49200000,ok,,flexible
"PEPTIDE1{Mono6.Asp_piperidide.Et_Gly.P.T.Me_Phe(3-Cl).L}$PEPTIDE1,PEPTIDE1,1:R1-7:R2$$$",-6.68700000,ok,,flexible
"PEPTIDE1{Me_Bal.G.dP.F.Y.Me_Phe(3-Cl).T}$PEPTIDE1,PEPTIDE1,1:R1-7:R2$$$",-7.63800000,ok,,flexible
"PEPTIDE1{Me_Bal.Me_dA.P.Asp_piperidide.meY.P.Mono6}$PEPTIDE1,PEPTIDE1,1:R1-7:R2$$$",-6.45100000,ok,,flexible
"PEPTIDE1{Me_dA.F.I.T.P.D.G}$PEPTIDE1,PEPTIDE1,1:R1-7:R2$$$",-6.36900000,ok,,flexible
"PEPTIDE1{A.L.V.dL.meL.P.I}$PEPTIDE1,PEPTIDE1,1:R1-7:R2$$$",-5.72400000,ok,,flexible
"PEPTIDE1{A.T.P.dP.F.V.G}$PEPTIDE1,PEPTIDE1,1:R1-7:R2$$$",-6.38900000,ok,,flexible
"PEPTIDE1{meA.T.P.T.G.meL.V}$PEPTIDE1,PEPTIDE1,1:R1-7:R2$$$",-6.84800000,ok,,flexible
"PEPTIDE1{A.Pr_Gly.Me_dL.Me_dA.P.dP.meL}$PEPTIDE1,PEPTIDE1,1:R1-7:R2$$$",-6.50600000,ok,,flexible
"PEPTIDE1{Me_dA.T.meL.D.P.P.Me_Phe(3-Cl)}$PEPTIDE1,PEPTIDE1,1:R1-7:R2$$$",-6.46600000,ok,,flexible
"PEPTIDE1{dA.I.G.T.T.dP.Me_Phe(3-Cl)}$PEPTIDE1,PEPTIDE1,1:R1-7:R2$$$",-6.57800000,ok,,flexible
"PEPTIDE1{P.A.F.Me_dL.dL.dP.meF}$PEPTIDE1,PEPTIDE1,1:R1-7:R2$$$",-6.72800000,ok,,flexible
"PEPTIDE1{Me_Bal.3Pal.I.dP.Nle.Me_Phe(3-Cl).dP}$PEPTIDE1,PEPTIDE1,1:R1-7:R2$$$",-6.15600000,ok,,flexible
"PEPTIDE1{Me_Bal.L.P.meA.F.T.G}$PEPTIDE1,PEPTIDE1,1:R1-7:R2$$$",-6.71400000,ok,,flexible
"PEPTIDE1{Me_dA.Me_dL.meA.I.T.P.L}$PEPTIDE1,PEPTIDE1,1:R1-7:R2$$$",-5.95600000,ok,,flexible
"PEPTIDE1{dF.L.dP.T.meF.I.Me_Phe(3-Cl)}$PEPTIDE1,PEPTIDE1,1:R1-7:R2$$$",-6.05800000,ok,,flexible
"PEPTIDE1{Mono6.meL.Phe(4-CF3).T.dP.Me_Phe(3-Cl).T}$PEPTIDE1,PEPTIDE1,1:R1-7:R2$$$",-6.31600000,ok,,flexible
"PEPTIDE1{dF.dP.F.dP.P.Y.G}$PEPTIDE1,PEPTIDE1,1:R1-7:R2$$$",-7.16800000,ok,,flexible
"PEPTIDE1{A.F.P.cHexCH2_Gly.F.I.Mono84}$PEPTIDE1,PEPTIDE1,1:R1-7:R2$$$",-7.15000000,ok,,flexible
"PEPTIDE1{Me_Bal.G.meA.meL.L.P.dP}$PEPTIDE1,PEPTIDE1,1:R1-7:R2$$$",-6.66700000,ok,,flexible
"PEPTIDE1{dV.dP.T.F.P.I.G}$PEPTIDE1,PEPTIDE1,1:R1-7:R2$$$",-6.02600000,ok,,flexible
"PEPTIDE1{Me_Bal.T.meL.Me_dA.dP.meY.Me_dL}$PEPTIDE1,PEPTIDE1,1:R1-7:R2$$$",-6.23400000,ok,,flexible
"PEPTIDE1{meA.meL.L.I.dP.Sar.P}$PEPTIDE1,PEPTIDE1,1:R1-7:R2$$$",-5.91900000,ok,,flexible
"PEPTIDE1{Me_dA.P.P.F.G.F.I}$PEPTIDE1,PEPTIDE1,1:R1-7:R2$$$",-7.35400000,ok,,flexible
"PEPTIDE1{Mono6.meY.meL.P.T.Me_dL.dP}$PEPTIDE1,PEPTIDE1,1:R1-7:R2$$$",-6.26700000,ok,,flexible
"PEPTIDE1{Me_dA.Mono38.P.P.pentyl_Gly.F.dP}$PEPTIDE1,PEPTIDE1,1:R1-7:R2$$$",-6.32600000,ok,,flexible
"PEPTIDE1{L.L.I.P.P.T.dP}$PEPTIDE1,PEPTIDE1,1:R1-7:R2$$$",-6.56400000,ok,,flexible
"PEPTIDE1{dA.A.Me_dL.dL.meL.meA.dV}$PEPTIDE1,PEPTIDE1,1:R1-7:R2$$$",-5.68500000,ok,,flexible
"PEPTIDE1{A.Me_Phe(3-Cl).F.Me_dL.meL.T.meA}$PEPTIDE1,PEPTIDE1,1:R1-7:R2$$$",-5.99000000,ok,,flexible
"PEPTIDE1{meF.pentyl_Gly.Mono38.dP.L.Me_Phe(3-Cl).P}$PEPTIDE1,PEPTIDE1,1:R1-7:R2$$$",-6.17000000,ok,,flexible
"PEPTIDE1{A.P.T.P.Me_dA.dP.P}$PEPTIDE1,PEPTIDE1,1:R1-7:R2$$$",-7.31200000,ok,,flexible
"PEPTIDE1{Me_dA.P.P.T.dP.Me_dL.T}$PEPTIDE1,PEPTIDE1,1:R1-7:R2$$$",-6.48600000,ok,,flexible
"PEPTIDE1{Me_dA.dP.I.V.meL.F.Me_dL}$PEPTIDE1,PEPTIDE1,1:R1-7:R2$$$",-6.14800000,ok,,flexible
"PEPTIDE1{Me_Bal.Y.F.D.I.Me_Phe(3-Cl).meL}$PEPTIDE1,PEPTIDE1,1:R1-7:R2$$$",-5.98900000,ok,,flexible
"PEPTIDE1{Sar.meL.meA.Me_dA.V.F.F}$PEPTIDE1,PEPTIDE1,1:R1-7:R2$$$",-6.04500000,ok,,flexible
"PEPTIDE1{A.P.dP.Me_Phe(3-Cl).meL.T.F}$PEPTIDE1,PEPTIDE1,1:R1-7:R2$$$",-6.64100000,ok,,flexible
"PEPTIDE1{dF.T.dP.Y.I.dP.Me_Phe(3-Cl)}$PEPTIDE1,PEPTIDE1,1:R1-7:R2$$$",-5.76100000,ok,,flexible
"PEPTIDE1{A.meA.pentyl_Gly.F.Sar.F.dP}$PEPTIDE1,PEPTIDE1,1:R1-7:R2$$$",-6.54900000,ok,,flexible
"PEPTIDE1{dV.F.Phe(4-CF3).dP.D.meL.T}$PEPTIDE1,PEPTIDE1,1:R1-7:R2$$$",-6.29700000,ok,,flexible
"PEPTIDE1{dA.F.I.F.T.dP.V}$PEPTIDE1,PEPTIDE1,1:R1-7:R2$$$",-6.12200000,ok,,flexible
"PEPTIDE1{dA.P.Ser(tBu).meL.I.Me_dL.P}$PEPTIDE1,PEPTIDE1,1:R1-7:R2$$$",-5.74800000,ok,,flexible
"PEPTIDE1{Me_dA.I.Me_Phe(3-Cl).meL.P.dP.dP}$PEPTIDE1,PEPTIDE1,1:R1-7:R2$$$",-6.35700000,ok,,flexible
"PEPTIDE1{Me_dA.L.P.V.F.P.Me_dL}$PEPTIDE1,PEPTIDE1,1:R1-7:R2$$$",-6.28800000,ok,,flexible
"PEPTIDE1{Mono6.T.L.I.dP.F.P}$PEPTIDE1,PEPTIDE1,1:R1-7:R2$$$",-6.24800000,ok,,flexible
"PEPTIDE1{Mono6.P.Nle.dP.T.meL.P}$PEPTIDE1,PEPTIDE1,1:R1-7:R2$$$",-6.65700000,ok,,flexible
"PEPTIDE1{meA.I.F.Mono78.P.P.T}$PEPTIDE1,PEPTIDE1,1:R1-7:R2$$$",-6.82600000,ok,,flexible
"PEPTIDE1{Mono6.T.P.T.G.Me_Phe(3-Cl).dP}$PEPTIDE1,PEPTIDE1,1:R1-7:R2$$$",-7.77700000,ok,,flexible
"PEPTIDE1{A.Pr_Gly.G.Me_dL.F.I.P}$PEPTIDE1,PEPTIDE1,1:R1-7:R2$$$",-5.59300000,ok,,flexible
"PEPTIDE1{dF.I.dP.L.P.dL.P}$PEPTIDE1,PEPTIDE1,1:R1-7:R2$$$",-6.28100000,ok,,flexible
"PEPTIDE1{dV.P.T.D.G.Y.P}$PEPTIDE1,PEPTIDE1,1:R1-7:R2$$$",-6.35800000,ok,,flexible
"PEPTIDE1{dV.T.L.A.I.Me_Phe(3-Cl).meL}$PEPTIDE1,PEPTIDE1,1:R1-7:R2$$$",-5.90500000,ok,,flexible
"PEPTIDE1{Mono6.dP.F.P.Me_Phe(3-Cl).P.G}$PEPTIDE1,PEPTIDE1,1:R1-7:R2$$$",-7.42800000,ok,,flexible
"PEPTIDE1{Me_Bal.Me_dL.F.P.meL.dP.Me_Phe(3-Cl)}$PEPTIDE1,PEPTIDE1,1:R1-7:R2$$$",-6.88400000,ok,,flexible
"PEPTIDE1{Mono6.dP.G.T.Me_Phe(3-Cl).F.P}$PEPTIDE1,PEPTIDE1,1:R1-7:R2$$$",-7.90200000,ok,,flexible
"PEPTIDE1{meA.Me_dA.P.Nle.T.meY.T}$PEPTIDE1,PEPTIDE1,1:R1-7:R2$$$",-6.63900000,ok,,flexible
"PEPTIDE1{Me_dA.pentyl_Gly.Mono84.Mono7.P.dL.Me_Phe(3-Cl)}$PEPTIDE1,PEPTIDE1,1:R1-7:R2$$$",-5.97400000,ok,,flexible
"PEPTIDE1{Sar.F.dP.Y.P.F.P}$PEPTIDE1,PEPTIDE1,1:R1-7:R2$$$",-7.21600000,ok,,flexible
"PEPTIDE1{Me_dA.V.F.meL.P.L.A}$PEPTIDE1,PEPTIDE1,1:R1-7:R2$$$",-6.08900000,ok,,flexible
"PEPTIDE1{F.Me_dL.Asp_piperidide.dP.meY.T.Y}$PEPTIDE1,PEPTIDE1,1:R1-7:R2$$$",-6.44100000,ok,,flexible
"PEPTIDE1{F.P.P.meL.dV.Me_Phe(3-Cl).meY}$PEPTIDE1,PEPTIDE1,1:R1-7:R2$$$",-6.27500000,ok,,flexible
"PEPTIDE1{dV.Me_dA.A.meL.T.F.G}$PEPTIDE1,PEPTIDE1,1:R1-7:R2$$$",-6.13600000,ok,,flexible
"PEPTIDE1{dP.dPye.meA.Me_dA.meL.Me_dL.T}$PEPTIDE1,PEPTIDE1,1:R1-7:R2$$$",-5.22100000,ok,,flexible
"PEPTIDE1{dV.meF.P.dP.D.Mono84.dP}$PEPTIDE1,PEPTIDE1,1:R1-7:R2$$$",-6.70600000,ok,,flexible
"PEPTIDE1{dV.dP.meL.Asp_piperidide.P.P.dP}$PEPTIDE1,PEPTIDE1,1:R1-7:R2$$$",-6.58000000,ok,,flexible
"PEPTIDE1{meA.T.P.dP.F.F.I}$PEPTIDE1,PEPTIDE1,1:R1-7:R2$$$",-6.82600000,ok,,flexible
"PEPTIDE1{meA.Me_dA.dP.P.P.Y.meY}$PEPTIDE1,PEPTIDE1,1:R1-7:R2$$$",-7.67900000,ok,,flexible
"PEPTIDE1{meA.Mono38.dP.T.I.P.dP}$PEPTIDE1,PEPTIDE1,1:R1-7:R2$$$",-6.24900000,ok,,flexible
"PEPTIDE1{Mono6.P.meL.Me_dL.Me_dA.T.dP}$PEPTIDE1,PEPTIDE1,1:R1-7:R2$$$",-5.59200000,ok,,flexible
"PEPTIDE1{Me_Bal.Pr_Gly.A.dP.P.dA.T}$PEPTIDE1,PEPTIDE1,1:R1-7:R2$$$",-6.37900000,ok,,flexible
"PEPTIDE1{F.pentyl_Gly.Me_Phe(3-Cl).I.Nle.G.P}$PEPTIDE1,PEPTIDE1,1:R1-7:R2$$$",-5.84800000,ok,,flexible
"PEPTIDE1{dA.Sar.P.I.P.F.G}$PEPTIDE1,PEPTIDE1,1:R1-7:R2$$$",-7.02200000,ok,,flexible
"PEPTIDE1{dA.F.meF.I.Mono86.Mono84.Sar}$PEPTIDE1,PEPTIDE1,1:R1-7:R2$$$",-6.86500000,ok,,flexible
"PEPTIDE1{Me_Bal.P.dP.F.L.dL.Mono78}$PEPTIDE1,PEPTIDE1,1:R1-7:R2$$$",-6.69100000,ok,,flexible
"PEPTIDE1{meL.P.dP.P.T.F.Phe(4-CF3)}$PEPTIDE1,PEPTIDE1,1:R1-7:R2$$$",-6.40900000,ok,,flexible
"PEPTIDE1{P.meA.A.Me_dL.dP.meL.G}$PEPTIDE1,PEPTIDE1,1:R1-7:R2$$$",-6.27400000,ok,,flexible
"PEPTIDE1{Mono6.dP.meY.F.P.T.dP}$PEPTIDE1,PEPTIDE1,1:R1-7:R2$$$",-7.42200000,ok,,flexible
"PEPTIDE1{Pr_Gly.A.T.dP.Mono84.I.3Pal}$PEPTIDE1,PEPTIDE1,1:R1-7:R2$$$",-6.36400000,ok,,flexible
"PEPTIDE1{Me_dA.A.meV.meA.dP.Sar.meL}$PEPTIDE1,PEPTIDE1,1:R1-7:R2$$$",-6.54100000,ok,,flexible
"PEPTIDE1{Mono6.T.I.V.T.F.G}$PEPTIDE1,PEPTIDE1,1:R1-7:R2$$$",-6.58800000,ok,,flexible
"PEPTIDE1{dA.G.Me_dL.meL.dP.Me_Phe(3-Cl).P}$PEPTIDE1,PEPTIDE1,1:R1-7:R2$$$",-6.17100000,ok,,flexible
"PEPTIDE1{A.T.meA.Me_dL.V.P.F}$PEPTIDE1,PEPTIDE1,1:R1-7:R2$$$",-6.43600000,ok,,flexible
"PEPTIDE1{dA.meA.A.P.P.I.dP}$PEPTIDE1,PEPTIDE1,1:R1-7:R2$$$",-6.97600000,ok,,flexible
"PEPTIDE1{dA.P.T.meL.Me_Phe(3-Cl).Me_dL.Et_Gly}$PEPTIDE1,PEPTIDE1,1:R1-7:R2$$$",-6.14500000,ok,,flexible
"PEPTIDE1{Me_dA.P.F.dP.D.P.Y}$PEPTIDE1,PEPTIDE1,1:R1-7:R2$$$",-7.07900000,ok,,flexible
"PEPTIDE1{Me_Bal.I.P.meL.G.dP.F}$PEPTIDE1,PEPTIDE1,1:R1-7:R2$$$",-6.04800000,ok,,flexible
"PEPTIDE1{dV.P.Me_Phe(3-Cl).L.D.I.G}$PEPTIDE1,PEPTIDE1,1:R1-7:R2$$$",-6.63800000,ok,,flexible
"PEPTIDE1{Me_Bal.Me_dL.dA.meA.G.F.dP}$PEPTIDE1,PEPTIDE1,1:R1-7:R2$$$",-6.65600000,ok,,flexible
"PEPTIDE1{meL.Asp_piperidide.Et_Gly.I.P.D.G}$PEPTIDE1,PEPTIDE1,1:R1-7:R2$$$",-5.83300000,ok,,flexible
"PEPTIDE1{dV.G.G.P.I.Me_Phe(3-Cl).T}$PEPTIDE1,PEPTIDE1,1:R1-7:R2$$$",-6.54600000,ok,,flexible
"PEPTIDE1{dP.Me_dA.Mono6.Y.Me_Nle.P.Me_dL}$PEPTIDE1,PEPTIDE1,1:R1-7:R2$$$",-6.74200000,ok,,flexible
"PEPTIDE1{dP.Me_dA.I.Y.meY.P.dP}$PEPTIDE1,PEPTIDE1,1:R1-7:R2$$$",-7.13900000,ok,,flexible
"PEPTIDE1{P.Me_dL.dP.meY.Et_Gly.Mono6.Asp_piperidide}$PEPTIDE1,PEPTIDE1,1:R1-7:R2$$$",-6.13100000,ok,,flexible
"PEPTIDE1{Mono6.D.meL.I.dP.V.T}$PEPTIDE1,PEPTIDE1,1:R1-7:R2$$$",-6.12000000,ok,,flexible
"PEPTIDE1{P.Me_dA.Mono6.Asp_piperidide.meY.Y.P}$PEPTIDE1,PEPTIDE1,1:R1-7:R2$$$",-7.77200000,ok,,flexible
"PEPTIDE1{Me_dA.dP.dP.P.T.pentyl_Gly.meL}$PEPTIDE1,PEPTIDE1,1:R1-7:R2$$$",-6.14400000,ok,,flexible
"PEPTIDE1{meA.P.dY.G.P.G.I}$PEPTIDE1,PEPTIDE1,1:R1-7:R2$$$",-6.99700000,ok,,flexible
"PEPTIDE1{meA.T.meL.dP.Y.P.Phe(4-CF3)}$PEPTIDE1,PEPTIDE1,1:R1-7:R2$$$",-7.17900000,ok,,flexible
"PEPTIDE1{Mono6.dP.A.dL.I.T.P}$PEPTIDE1,PEPTIDE1,1:R1-7:R2$$$",-6.16800000,ok,,flexible
"PEPTIDE1{P.cHexCH2_Gly.L.dP.Pr_Gly.Me_Phe(3-Cl).I}$PEPTIDE1,PEPTIDE1,1:R1-7:R2$$$",-6.26400000,ok,,flexible
"PEPTIDE1{Me_Bal.F.meL.P.dY.D.P}$PEPTIDE1,PEPTIDE1,1:R1-7:R2$$$",-6.54900000,ok,,flexible
"PEPTIDE1{dA.dP.L.Me_Phe(3-Cl).P.P.P}$PEPTIDE1,PEPTIDE1,1:R1-7:R2$$$",-6.94400000,ok,,flexible
"PEPTIDE1{Me_dA.dA.dF.F.F.A.I}$PEPTIDE1,PEPTIDE1,1:R1-7:R2$$$",-6.76400000,ok,,flexible
"PEPTIDE1{Me_Bal.T.dP.dP.Me_Phe(3-Cl).P.G}$PEPTIDE1,PEPTIDE1,1:R1-7:R2$$$",-6.85700000,ok,,flexible
"PEPTIDE1{Me_dA.G.F.Me_dL.dP.V.meL}$PEPTIDE1,PEPTIDE1,1:R1-7:R2$$$",-5.78400000,ok,,flexible
"PEPTIDE1{Mono6.T.G.L.meA.P.dL}$PEPTIDE1,PEPTIDE1,1:R1-7:R2$$$",-6.11100000,ok,,flexible
"PEPTIDE1{dP.Pr_Gly.dF.Me_Phe(3-Cl).meL.P.G}$PEPTIDE1,PEPTIDE1,1:R1-7:R2$$$",-5.54900000,ok,,flexible
"PEPTIDE1{meA.P.F.Me_dL.dP.Me_dA.T}$PEPTIDE1,PEPTIDE1,1:R1-7:R2$$$",-7.13400000,ok,,flexible
"PEPTIDE1{Me_Bal.T.meA.meL.Ser(tBu).cHexCH2_Gly.I}$PEPTIDE1,PEPTIDE1,1:R1-7:R2$$$",-5.76100000,ok,,flexible
"PEPTIDE1{Pr_Gly.meL.Y.Me_dA.P.T.Me_Nle}$PEPTIDE1,PEPTIDE1,1:R1-7:R2$$$",-5.32700000,ok,,flexible
"PEPTIDE1{Me_dA.dP.Me_dL.T.P.G.Me_Phe(3-Cl)}$PEPTIDE1,PEPTIDE1,1:R1-7:R2$$$",-7.44500000,ok,,flexible
"PEPTIDE1{Me_Bal.Me_dL.P.F.Y.F.dP}$PEPTIDE1,PEPTIDE1,1:R1-7:R2$$$",-6.24500000,ok,,flexible
"PEPTIDE1{meA.T.V.meL.Sar.L.F}$PEPTIDE1,PEPTIDE1,1:R1-7:R2$$$",-5.57400000,ok,,flexible
"PEPTIDE1{Me_Bal.F.dP.A.meY.Me_dA.dA}$PEPTIDE1,PEPTIDE1,1:R1-7:R2$$$",-7.10700000,ok,,flexible
"PEPTIDE1{A.meL.meF.T.V.P.dP}$PEPTIDE1,PEPTIDE1,1:R1-7:R2$$$",-6.22600000,ok,,flexible
"PEPTIDE1{Pr_Gly.T.T.P.F.P.Asp_piperidide}$PEPTIDE1,PEPTIDE1,1:R1-7:R2$$$",-6.40900000,ok,,flexible
"PEPTIDE1{dP.P.Pr_Gly.I.F.Me_Phe(3-Cl).Ser(tBu)}$PEPTIDE1,PEPTIDE1,1:R1-7:R2$$$",-6.46500000,ok,,flexible
"PEPTIDE1{F.dP.T.P.Ala(5-Tet).P.dP}$PEPTIDE1,PEPTIDE1,1:R1-7:R2$$$",-7.15100000,ok,,flexible
"PEPTIDE1{Me_Bal.Me_Nle.P.F.Me_Phe(3-Cl).dP.I}$PEPTIDE1,PEPTIDE1,1:R1-7:R2$$$",-5.65000000,ok,,flexible
"PEPTIDE1{P.T.Me_dA.Me_dL.dL.T.meA}$PEPTIDE1,PEPTIDE1,1:R1-7:R2$$$",-5.87700000,ok,,flexible
"PEPTIDE1{Pr_Gly.dP.P.T.dP.Me_Phe(3-Cl).I}$PEPTIDE1,PEPTIDE1,1:R1-7:R2$$$",-6.13400000,ok,,flexible
"PEPTIDE1{Me_Bal.Ser(tBu).F.P.P.I.T}$PEPTIDE1,PEPTIDE1,1:R1-7:R2$$$",-5.97300000,ok,,flexible
"PEPTIDE1{Mono6.Me_dL.P.meL.Me_dA.dP.dP}$PEPTIDE1,PEPTIDE1,1:R1-7:R2$$$",-6.17000000,ok,,flexible
"PEPTIDE1{Mono6.P.T.F.I.V.dP}$PEPTIDE1,PEPTIDE1,1:R1-7:R2$$$",-6.00100000,ok,,flexible
"PEPTIDE1{Me_Bal.Me_dA.A.meL.Me_dL.dP.F}$PEPTIDE1,PEPTIDE1,1:R1-7:R2$$$",-6.57500000,ok,,flexible
"PEPTIDE1{dA.A.meL.dF.Y.P.dP}$PEPTIDE1,PEPTIDE1,1:R1-7:R2$$$",-7.41400000,ok,,flexible
"PEPTIDE1{A.meA.P.dP.P.T.Me_Nle}$PEPTIDE1,PEPTIDE1,1:R1-7:R2$$$",-6.77700000,ok,,flexible
"PEPTIDE1{meA.Pr_Gly.T.dP.Me_dA.F.meL}$PEPTIDE1,PEPTIDE1,1:R1-7:R2$$$",-6.04700000,ok,,flexible
"PEPTIDE1{L.Mono7.I.T.Asp_piperidide.G.dP}$PEPTIDE1,PEPTIDE1,1:R1-7:R2$$$",-5.98900000,ok,,flexible
"PEPTIDE1{dA.dP.F.T.Me_Phe(3-Cl).P.P}$PEPTIDE1,PEPTIDE1,1:R1-7:R2$$$",-7.19400000,ok,,flexible
"PEPTIDE1{Me_Bal.P.P.F.Et_Gly.Me_Phe(3-Cl).T}$PEPTIDE1,PEPTIDE1,1:R1-7:R2$$$",-6.99700000,ok,,flexible
"PEPTIDE1{Me_Bal.meL.dP.P.I.P.L}$PEPTIDE1,PEPTIDE1,1:R1-7:R2$$$",-6.42600000,ok,,flexible
"PEPTIDE1{Me_Bal.meL.P.G.P.dP.T}$PEPTIDE1,PEPTIDE1,1:R1-7:R2$$$",-7.01900000,ok,,flexible
"PEPTIDE1{Mono6.Asp_piperidide.Mono84.P.T.L.Me_dL}$PEPTIDE1,PEPTIDE1,1:R1-7:R2$$$",-5.87400000,ok,,flexible
"PEPTIDE1{Me_Bal.pentyl_Gly.meF.meA.dP.Mono84.Ser(tBu)}$PEPTIDE1,PEPTIDE1,1:R1-7:R2$$$",-6.62300000,ok,,flexible
"PEPTIDE1{Pr_Gly.Mono38.dP.Mono84.dP.T.Me_Phe(3-Cl)}$PEPTIDE1,PEPTIDE1,1:R1-7:R2$$$",-7.53600000,ok,,flexible
"PEPTIDE1{Me_dA.G.Y.meL.D.dP.T}$PEPTIDE1,PEPTIDE1,1:R1-7:R2$$$",-6.01000000,ok,,flexible
"PEPTIDE1{dF.dP.V.I.P.D.T}$PEPTIDE1,PEPTIDE1,1:R1-7:R2$$$",-6.01900000,ok,,flexible
"PEPTIDE1{P.dPye.L.Ser(tBu).T.Me_dL.dP}$PEPTIDE1,PEPTIDE1,1:R1-7:R2$$$",-5.19300000,ok,,flexible
"PEPTIDE1{Me_Bal.P.V.P.G.D.I}$PEPTIDE1,PEPTIDE1,1:R1-7:R2$$$",-6.33000000,ok,,flexible
"PEPTIDE1{Me_dA.T.meL.F.P.P.dP}$PEPTIDE1,PEPTIDE1,1:R1-7:R2$$$",-6.95900000,ok,,flexible
"PEPTIDE1{Me_dA.dL.Me_dL.dP.P.G.meL}$PEPTIDE1,PEPTIDE1,1:R1-7:R2$$$",-5.97100000,ok,,flexible
"PEPTIDE1{A.dP.F.P.Phe(4-CF3).meL.T}$PEPTIDE1,PEPTIDE1,1:R1-7:R2$$$",-6.29300000,ok,,flexible
"PEPTIDE1{dA.I.Mono84.dP.G.P.Me_Phe(3-Cl)}$PEPTIDE1,PEPTIDE1,1:R1-7:R2$$$",-7.40900000,ok,,flexible
"PEPTIDE1{Mono6.P.F.T.meL.Me_Phe(3-Cl).D}$PEPTIDE1,PEPTIDE1,1:R1-7:R2$$$",-6.18800000,ok,,flexible
"PEPTIDE1{dA.A.T.dL.Mono84.P.dP}$PEPTIDE1,PEPTIDE1,1:R1-7:R2$$$",-6.77200000,ok,,flexible
"PEPTIDE1{dF.D.T.I.G.Me_Phe(3-Cl).F}$PEPTIDE1,PEPTIDE1,1:R1-7:R2$$$",-6.38000000,ok,,flexible
"PEPTIDE1{F.dP.Nle.dP.T.Me_Phe(3-Cl).Asp_piperidide}$PEPTIDE1,PEPTIDE1,1:R1-7:R2$$$",-6.55700000,ok,,flexible
"PEPTIDE1{Mono6.Me_dA.P.I.V.F.G}$PEPTIDE1,PEPTIDE1,1:R1-7:R2$$$",-7.27300000,ok,,flexible
"PEPTIDE1{Me_dA.A.L.P.Me_Phe(3-Cl).dP.I}$PEPTIDE1,PEPTIDE1,1:R1-7:R2$$$",-6.46300000,ok,,flexible
"PEPTIDE1{Me_dA.I.F.meL.L.Me_Phe(3-Cl).dP}$PEPTIDE1,PEPTIDE1,1:R1-7:R2$$$",-6.21400000,ok,,flexible
"PEPTIDE1{dA.A.cHexCH2_Gly.P.dP.Me_dA.F}$PEPTIDE1,PEPTIDE1,1:R1-7:R2$$$",-6.94400000,ok,,flexible
"PEPTIDE1{Mono6.F.D.meL.T.G.P}$PEPTIDE1,PEPTIDE1,1:R1-7:R2$$$",-6.05600000,ok,,flexible
"PEPTIDE1{Me_dA.pentyl_Gly.L.A.Mono86.P.dP}$PEPTIDE1,PEPTIDE1,1:R1-7:R2$$$",-6.51700000,ok,,flexible
"PEPTIDE1{Mono6.T.dY.D.dP.dP.Me_Phe(3-Cl)}$PEPTIDE1,PEPTIDE1,1:R1-7:R2$$$",-6.68500000,ok,,flexible
"PEPTIDE1{Me_Bal.Me_dL.meY.meL.T.T.Me_Nle}$PEPTIDE1,PEPTIDE1,1:R1-7:R2$$$",-5.81900000,ok,,flexible
"PEPTIDE1{Mono6.F.T.meL.dP.Ser(tBu).L}$PEPTIDE1,PEPTIDE1,1:R1-7:R2$$$",-5.80700000,ok,,flexible
"PEPTIDE1{Me_Bal.dP.V.F.T.P.G}$PEPTIDE1,PEPTIDE1,1:R1-7:R2$$$",-6.69300000,ok,,flexible
"PEPTIDE1{F.pentyl_Gly.Ser(tBu).P.dP.L.dP}$PEPTIDE1,PEPTIDE1,1:R1-7:R2$$$",-6.30400000,ok,,flexible
"PEPTIDE1{Pr_Gly.dP.P.meY.Asp_piperidide.T.Y}$PEPTIDE1,PEPTIDE1,1:R1-7:R2$$$",-7.07900000,ok,,flexible
"PEPTIDE1{dV.I.meA.dP.G.Mono84.I}$PEPTIDE1,PEPTIDE1,1:R1-7:R2$$$",-6.42600000,ok,,flexible
"PEPTIDE1{meA.P.meL.F.G.dP.T}$PEPTIDE1,PEPTIDE1,1:R1-7:R2$$$",-7.33500000,ok,,flexible
"PEPTIDE1{A.meL.F.T.pentyl_Gly.L.P}$PEPTIDE1,PEPTIDE1,1:R1-7:R2$$$",-5.55100000,ok,,flexible
"PEPTIDE1{meA.Me_dA.meL.L.Me_Phe(3-Cl).Et_Gly.P}$PEPTIDE1,PEPTIDE1,1:R1-7:R2$$$",-6.34600000,ok,,flexible
"PEPTIDE1{Me_Bal.Mono6.dP.P.Asp_piperidide.meL.F}$PEPTIDE1,PEPTIDE1,1:R1-7:R2$$$",-6.84600000,ok,,flexible
"PEPTIDE1{dA.Me_dL.T.L.P.pentyl_Gly.dP}$PEPTIDE1,PEPTIDE1,1:R1-7:R2$$$",-4.92600000,ok,,flexible
"PEPTIDE1{A.T.F.T.P.V.meL}$PEPTIDE1,PEPTIDE1,1:R1-7:R2$$$",-5.95900000,ok,,flexible
"PEPTIDE1{L.P.Mono84.dP.dP.I.G}$PEPTIDE1,PEPTIDE1,1:R1-7:R2$$$",-6.25000000,ok,,flexible
"PEPTIDE1{dA.dP.meL.F.P.A.I}$PEPTIDE1,PEPTIDE1,1:R1-7:R2$$$",-6.57400000,ok,,flexible
"PEPTIDE1{meA.Me_dL.P.meY.P.Y.G}$PEPTIDE1,PEPTIDE1,1:R1-7:R2$$$",-7.63100000,ok,,flexible
"PEPTIDE1{dP.bHph.meA.Ser(tBu).P.G.Me_dA}$PEPTIDE1,PEPTIDE1,1:R1-7:R2$$$",-7.02900000,ok,,flexible
"PEPTIDE1{meA.Pr_Gly.Me_dL.Ser(tBu).meL.dF.P}$PEPTIDE1,PEPTIDE1,1:R1-7:R2$$$",-5.64100000,ok,,flexible
"PEPTIDE1{A.P.F.T.dV.Me_dA.dP}$PEPTIDE1,PEPTIDE1,1:R1-7:R2$$$",-6.87800000,ok,,flexible
"PEPTIDE1{dV.meA.T.Me_Phe(3-Cl).P.G.F}$PEPTIDE1,PEPTIDE1,1:R1-7:R2$$$",-6.74300000,ok,,flexible
"PEPTIDE1{Me_Bal.T.Me_Nle.meL.P.meA.dL}$PEPTIDE1,PEPTIDE1,1:R1-7:R2$$$",-5.64400000,ok,,flexible
"PEPTIDE1{dA.P.P.V.I.dP.meL}$PEPTIDE1,PEPTIDE1,1:R1-7:R2$$$",-6.78700000,ok,,flexible
"PEPTIDE1{dF.I.dP.P.T.P.dP}$PEPTIDE1,PEPTIDE1,1:R1-7:R2$$$",-6.38300000,ok,,flexible
"PEPTIDE1{meA.Me_dL.T.L.dA.dF.dP}$PEPTIDE1,PEPTIDE1,1:R1-7:R2$$$",-6.36600000,ok,,flexible
"PEPTIDE1{meA.Me_dA.P.cHexCH2_Gly.F.dP.pentyl_Gly}$PEPTIDE1,PEPTIDE1,1:R1-7:R2$$$",-6.18200000,ok,,flexible
"PEPTIDE1{P.L.G.Me_dL.I.Ser(tBu).dL}$PEPTIDE1,PEPTIDE1,1:R1-7:R2$$$",-5.24600000,ok,,flexible
"PEPTIDE1{dP.meA.P.P.Me_dA.T.Y}$PEPTIDE1,PEPTIDE1,1:R1-7:R2$$$",-7.15500000,ok,,flexible
"PEPTIDE1{Me_dA.A.P.dP.P.dP.Me_Phe(3-Cl)}$PEPTIDE1,PEPTIDE1,1:R1-7:R2$$$",-7.92600000,ok,,flexible
"PEPTIDE1{Me_dA.meL.dP.L.P.Me_Nle.dP}$PEPTIDE1,PEPTIDE1,1:R1-7:R2$$$",-6.80500000,ok,,flexible
"PEPTIDE1{meA.G.P.P.Sar.dP.F}$PEPTIDE1,PEPTIDE1,1:R1-7:R2$$$",-7.34300000,ok,,flexible
"PEPTIDE1{dA.P.dP.T.P.L.V}$PEPTIDE1,PEPTIDE1,1:R1-7:R2$$$",-6.06300000,ok,,flexible
"PEPTIDE1{Pr_Gly.meL.P.T.T.Asp_piperidide.Y}$PEPTIDE1,PEPTIDE1,1:R1-7:R2$$$",-5.48400000,ok,,flexible
"PEPTIDE1{meA.Me_dA.Nle.Me_Phe(3-Cl).P.I.dP}$PEPTIDE1,PEPTIDE1,1:R1-7:R2$$$",-6.33800000,ok,,flexible
"PEPTIDE1{A.Mono86.dP.I.L.P.Me_Phe(3-Cl)}$PEPTIDE1,PEPTIDE1,1:R1-7:R2$$$",-6.27700000,ok,,flexible
"PEPTIDE1{A.dP.P.meL.T.F.Y}$PEPTIDE1,PEPTIDE1,1:R1-7:R2$$$",-6.39800000,ok,,flexible
"PEPTIDE1{Pr_Gly.pentyl_Gly.I.Ser(tBu).Me_Phe(3-Cl).P.G}$PEPTIDE1,PEPTIDE1,1:R1-7:R2$$$",-5.35400000,ok,,flexible
"PEPTIDE1{Me_dA.dP.meY.Mono6.P.P.dP}$PEPTIDE1,PEPTIDE1,1:R1-7:R2$$$",-7.78200000,ok,,flexible
"PEPTIDE1{meA.P.T.F.I.meL.dP}$PEPTIDE1,PEPTIDE1,1:R1-7:R2$$$",-6.24600000,ok,,flexible
"PEPTIDE1{P.dP.L.dL.meL.meA.I}$PEPTIDE1,PEPTIDE1,1:R1-7:R2$$$",-5.61800000,ok,,flexible
"PEPTIDE1{F.T.G.D.dL.P.I}$PEPTIDE1,PEPTIDE1,1:R1-7:R2$$$",-5.73200000,ok,,flexible
"PEPTIDE1{meA.meF.L.Me_dA.P.P.P}$PEPTIDE1,PEPTIDE1,1:R1-7:R2$$$",-6.75300000,ok,,flexible
"PEPTIDE1{P.Pr_Gly.dP.A.Mono78.Mono84.dL}$PEPTIDE1,PEPTIDE1,1:R1-7:R2$$$",-6.12900000,ok,,flexible
"PEPTIDE1{Me_Bal.T.dP.P.P.Phe(4-CF3).Me_Phe(3-Cl)}$PEPTIDE1,PEPTIDE1,1:R1-7:R2$$$",-7.85100000,ok,,flexible
"PEPTIDE1{dF.A.P.Aib.G.meL.Ser(tBu)}$PEPTIDE1,PEPTIDE1,1:R1-7:R2$$$",-6.25100000,ok,,flexible
"PEPTIDE1{Me_dA.L.dL.dP.T.F.meL}$PEPTIDE1,PEPTIDE1,1:R1-7:R2$$$",-5.90300000,ok,,flexible
"PEPTIDE1{A.L.Me_dL.dP.dP.meL.T}$PEPTIDE1,PEPTIDE1,1:R1-7:R2$$$",-5.75300000,ok,,flexible
"PEPTIDE1{Pr_Gly.Mono84.dP.dL.P.Me_dL.P}$PEPTIDE1,PEPTIDE1,1:R1-7:R2$$$",-5.85800000,ok,,flexible
"PEPTIDE1{Me_dA.dP.I.G.Y.T.G}$PEPTIDE1,PEPTIDE1,1:R1-7:R2$$$",-6.91500000,ok,,flexible
"PEPTIDE1{dV.meL.P.dP.Me_Phe(3-Cl).I.dP}$PEPTIDE1,PEPTIDE1,1:R1-7:R2$$$",-6.17900000,ok,,flexible
"PEPTIDE1{Mono6.P.F.I.T.dP.meL}$PEPTIDE1,PEPTIDE1,1:R1-7:R2$$$",-6.29200000,ok,,flexible
"PEPTIDE1{Me_Bal.cHexCH2_Gly.T.dP.L.F.P}$PEPTIDE1,PEPTIDE1,1:R1-7:R2$$$",-6.36900000,ok,,flexible
"PEPTIDE1{Pr_Gly.P.dP.dP.Y.G.I}$PEPTIDE1,PEPTIDE1,1:R1-7:R2$$$",-6.47300000,ok,,flexible
"PEPTIDE1{Sar.P.L.Ser(tBu).I.Mono86.dP}$PEPTIDE1,PEPTIDE1,1:R1-7:R2$$$",-5.69800000,ok,,flexible
"PEPTIDE1{Me_Bal.P.Me_dL.F.G.T.P}$PEPTIDE1,PEPTIDE1,1:R1-7:R2$$$",-7.29400000,ok,,flexible
"PEPTIDE1{F.L.P.P.Me_Phe(3-Cl).I.Bn_Gly}$PEPTIDE1,PEPTIDE1,1:R1-7:R2$$$",-6.29600000,ok,,flexible
"PEPTIDE1{dV.P.dP.T.G.meL.I}$PEPTIDE1,PEPTIDE1,1:R1-7:R2$$$",-6.05700000,ok,,flexible
"PEPTIDE1{dA.meA.Pr_Gly.Me_dA.Me_dL.meY.P}$PEPTIDE1,PEPTIDE1,1:R1-7:R2$$$",-6.24700000,ok,,flexible
"PEPTIDE1{Mono6.P.P.dP.Y.G.F}$PEPTIDE1,PEPTIDE1,1:R1-7:R2$$$",-7.81100000,ok,,flexible
"PEPTIDE1{Mono6.Y.F.meY.T.dP.Asp_piperidide}$PEPTIDE1,PEPTIDE1,1:R1-7:R2$$$",-6.52100000,ok,,flexible
"PEPTIDE1{dF.F.dP.T.A.P.Et_Gly}$PEPTIDE1,PEPTIDE1,1:R1-7:R2$$$",-6.52400000,ok,,flexible
"PEPTIDE1{Me_Bal.A.meA.Me_Phe(3-Cl).Me_dL.T.dF}$PEPTIDE1,PEPTIDE1,1:R1-7:R2$$$",-6.14300000,ok,,flexible
"PEPTIDE1{Me_dA.T.F.G.T.I.G}$PEPTIDE1,PEPTIDE1,1:R1-7:R2$$$",-6.10900000,ok,,flexible
"PEPTIDE1{dV.T.Asp_piperidide.P.Me_Phe(3-Cl).meL.I}$PEPTIDE1,PEPTIDE1,1:R1-7:R2$$$",-6.00900000,ok,,flexible
"PEPTIDE1{Mono6.D.Me_dL.meL.P.G.T}$PEPTIDE1,PEPTIDE1,1:R1-7:R2$$$",-5.84500000,ok,,flexible
"PEPTIDE1{meA.P.P.Me_Phe(3-Cl).Mono84.F.dP}$PEPTIDE1,PEPTIDE1,1:R1-7:R2$$$",-7.41200000,ok,,flexible
"PEPTIDE1{dF.V.I.Me_Phe(3-Cl).dP.P.T}$PEPTIDE1,PEPTIDE1,1:R1-7:R2$$$",-6.76700000,ok,,flexible
"PEPTIDE1{Me_Bal.G.F.P.dP.Y.D}$PEPTIDE1,PEPTIDE1,1:R1-7:R2$$$",-8.30500000,ok,,flexible
"PEPTIDE1{dA.meA.L.T.I.T.meL}$PEPTIDE1,PEPTIDE1,1:R1-7:R2$$$",-5.52800000,ok,,flexible
"PEPTIDE1{meA.meL.T.Me_dL.F.dF.T}$PEPTIDE1,PEPTIDE1,1:R1-7:R2$$$",-5.53300000,ok,,flexible
"PEPTIDE1{Me_Bal.meL.T.F.Ser(tBu).T.dL}$PEPTIDE1,PEPTIDE1,1:R1-7:R2$$$",-5.38800000,ok,,flexible
"PEPTIDE1{Me_dA.meL.dP.Y.P.P.dP}$PEPTIDE1,PEPTIDE1,1:R1-7:R2$$$",-7.08000000,ok,,flexible
"PEPTIDE1{Sar.V.Me_dL.I.F.meF.Bn_Gly}$PEPTIDE1,PEPTIDE1,1:R1-7:R2$$$",-5.85800000,ok,,flexible
"PEPTIDE1{dF.Mono86.P.Me_dA.I.Me_Nle.dP}$PEPTIDE1,PEPTIDE1,1:R1-7:R2$$$",-5.54800000,ok,,flexible
"PEPTIDE1{Mono6.F.Me_dA.A.Me_Phe(3-Cl).dF.P}$PEPTIDE1,PEPTIDE1,1:R1-7:R2$$$",-6.14400000,ok,,flexible
"PEPTIDE1{dA.G.Me_dA.T.P.dP.meL}$PEPTIDE1,PEPTIDE1,1:R1-7:R2$$$",-6.55300000,ok,,flexible
"PEPTIDE1{Me_Bal.I.L.pentyl_Gly.cHexCH2_Gly.T.P}$PEPTIDE1,PEPTIDE1,1:R1-7:R2$$$",-5.84300000,ok,,flexible
"PEPTIDE1{Me_Bal.Me_dL.Y.P.meY.G.P}$PEPTIDE1,PEPTIDE1,1:R1-7:R2$$$",-7.24100000,ok,,flexible
"PEPTIDE1{dA.T.P.G.T.meL.P}$PEPTIDE1,PEPTIDE1,1:R1-7:R2$$$",-6.18400000,ok,,flexible
"PEPTIDE1{dF.Me_dL.P.Me_Phe(3-Cl).dP.dP.G}$PEPTIDE1,PEPTIDE1,1:R1-7:R2$$$",-6.66200000,ok,,flexible
"PEPTIDE1{dV.P.G.dP.I.P.dP}$PEPTIDE1,PEPTIDE1,1:R1-7:R2$$$",-6.59600000,ok,,flexible
"PEPTIDE1{dV.Mono7.T.P.Me_Phe(3-Cl).V.dP}$PEPTIDE1,PEPTIDE1,1:R1-7:R2$$$",-6.14600000,ok,,flexible
"PEPTIDE1{Me_dA.P.P.V.T.meL.I}$PEPTIDE1,PEPTIDE1,1:R1-7:R2$$$",-6.55700000,ok,,flexible
"PEPTIDE1{dV.T.Asp_piperidide.meL.Y.G.P}$PEPTIDE1,PEPTIDE1,1:R1-7:R2$$$",-5.83100000,ok,,flexible
"PEPTIDE1{F.dP.I.P.Nle.T.3Pal}$PEPTIDE1,PEPTIDE1,1:R1-7:R2$$$",-5.75900000,ok,,flexible
"PEPTIDE1{dP.Me_dA.meA.T.dP.V.P}$PEPTIDE1,PEPTIDE1,1:R1-7:R2$$$",-6.99200000,ok,,flexible
"PEPTIDE1{meA.G.F.pentyl_Gly.Ser(tBu).dP.P}$PEPTIDE1,PEPTIDE1,1:R1-7:R2$$$",-6.59700000,ok,,flexible
"PEPTIDE1{Me_Bal.P.dP.T.G.Y.P}$PEPTIDE1,PEPTIDE1,1:R1-7:R2$$$",-7.45000000,ok,,flexible
"PEPTIDE1{Pr_Gly.L.meF.D.P.meA.dP}$PEPTIDE1,PEPTIDE1,1:R1-7:R2$$$",-6.17100000,ok,,flexible
"PEPTIDE1{Me_dA.meA.Me_dL.F.dV.meL.P}$PEPTIDE1,PEPTIDE1,1:R1-7:R2$$$",-6.11800000,ok,,flexible
"PEPTIDE1{Mono6.P.dP.G.Y.Me_Phe(3-Cl).P}$PEPTIDE1,PEPTIDE1,1:R1-7:R2$$$",-7.69700000,ok,,flexible
"PEPTIDE1{dA.P.meL.P.dL.P.L}$PEPTIDE1,PEPTIDE1,1:R1-7:R2$$$",-6.69900000,ok,,flexible
"PEPTIDE1{A.T.V.I.T.P.dP}$PEPTIDE1,PEPTIDE1,1:R1-7:R2$$$",-6.22200000,ok,,flexible
"PEPTIDE1{Me_dA.dP.dP.pentyl_Gly.T.meL.F}$PEPTIDE1,PEPTIDE1,1:R1-7:R2$$$",-6.32300000,ok,,flexible
"PEPTIDE1{Me_Bal.T.cHexCH2_Gly.meL.A.meA.Ser(tBu)}$PEPTIDE1,PEPTIDE1,1:R1-7:R2$$$",-6.08700000,ok,,flexible
"PEPTIDE1{dV.dP.L.G.G.meL.P}$PEPTIDE1,PEPTIDE1,1:R1-7:R2$$$",-6.49100000,ok,,flexible
"PEPTIDE1{F.P.L.dP.Mono84.meF.P}$PEPTIDE1,PEPTIDE1,1:R1-7:R2$$$",-7.38900000,ok,,flexible
"PEPTIDE1{meA.Y.G.I.meL.D.T}$PEPTIDE1,PEPTIDE1,1:R1-7:R2$$$",-6.31000000,ok,,flexible
"PEPTIDE1{Mono6.dP.dP.P.F.dY.I}$PEPTIDE1,PEPTIDE1,1:R1-7:R2$$$",-7.34300000,ok,,flexible
"PEPTIDE1{dV.meL.F.P.T.Y.D}$PEPTIDE1,PEPTIDE1,1:R1-7:R2$$$",-6.25200000,ok,,flexible
"PEPTIDE1{Mono6.P.T.F.P.Me_Phe(3-Cl).dP}$PEPTIDE1,PEPTIDE1,1:R1-7:R2$$$",-6.70100000,ok,,flexible
"PEPTIDE1{dF.P.P.Mono6.meY.Me_dA.Y}$PEPTIDE1,PEPTIDE1,1:R1-7:R2$$$",-7.31200000,ok,,flexible
"PEPTIDE1{Mono6.G.F.Me_Phe(3-Cl).T.P.Asp_piperidide}$PEPTIDE1,PEPTIDE1,1:R1-7:R2$$$",-6.32200000,ok,,flexible
"PEPTIDE1{Me_Bal.P.dP.meL.Me_dL.I.L}$PEPTIDE1,PEPTIDE1,1:R1-7:R2$$$",-5.73400000,ok,,flexible
"PEPTIDE1{A.meL.I.dP.T.Y.G}$PEPTIDE1,PEPTIDE1,1:R1-7:R2$$$",-6.25500000,ok,,flexible
"PEPTIDE1{A.Y.dP.P.dY.D.G}$PEPTIDE1,PEPTIDE1,1:R1-7:R2$$$",-7.36200000,ok,,flexible
"PEPTIDE1{meA.P.G.meL.F.Phe(4-CF3).P}$PEPTIDE1,PEPTIDE1,1:R1-7:R2$$$",-7.20400000,ok,,flexible
"PEPTIDE1{Sar.meA.F.meF.Ser(tBu).I.dP}$PEPTIDE1,PEPTIDE1,1:R1-7:R2$$$",-6.10900000,ok,,flexible
"PEPTIDE1{P.dP.T.Mono6.Phe(4-CF3).Asp_piperidide.dP}$PEPTIDE1,PEPTIDE1,1:R1-7:R2$$$",-6.79100000,ok,,flexible
"PEPTIDE1{dV.P.Mono84.Me_Phe(3-Cl).3Pal.I.P}$PEPTIDE1,PEPTIDE1,1:R1-7:R2$$$",-6.48100000,ok,,flexible
"PEPTIDE1{Pr_Gly.meA.P.F.dP.meL.Me_dL}$PEPTIDE1,PEPTIDE1,1:R1-7:R2$$$",-5.77400000,ok,,flexible
"PEPTIDE1{P.G.dP.Me_dL.P.meL.F}$PEPTIDE1,PEPTIDE1,1:R1-7:R2$$$",-6.20900000,ok,,flexible
"PEPTIDE1{Me_Bal.P.V.L.P.dL.T}$PEPTIDE1,PEPTIDE1,1:R1-7:R2$$$",-6.08000000,ok,,flexible
"PEPTIDE1{dP.Me_Phe(3-Cl).P.G.T.G.Y}$PEPTIDE1,PEPTIDE1,1:R1-7:R2$$$",-6.93600000,ok,,flexible
"PEPTIDE1{P.Me_Phe(3-Cl).P.dA.Me_dA.dP.T}$PEPTIDE1,PEPTIDE1,1:R1-7:R2$$$",-7.41400000,ok,,flexible
"PEPTIDE1{Me_dA.P.Me_dL.V.dP.L.meL}$PEPTIDE1,PEPTIDE1,1:R1-7:R2$$$",-5.72800000,ok,,flexible
"PEPTIDE1{dF.I.meA.L.P.Me_Phe(3-Cl).F}$PEPTIDE1,PEPTIDE1,1:R1-7:R2$$$",-6.12500000,ok,,flexible
"PEPTIDE1{dA.Me_dA.P.dP.T.F.meY}$PEPTIDE1,PEPTIDE1,1:R1-7:R2$$$",-6.76300000,ok,,flexible
"PEPTIDE1{Mono6.pentyl_Gly.Bn_Gly.G.dL.T.Mono78}$PEPTIDE1,PEPTIDE1,1:R1-7:R2$$$",-6.53000000,ok,,flexible
"PEPTIDE1{Me_dA.dP.P.Et_Gly.meL.Me_Phe(3-Cl).dP}$PEPTIDE1,PEPTIDE1,1:R1-7:R2$$$",-7.01900000,ok,,flexible
"PEPTIDE1{P.Me_dA.Me_dA.meA.dA.dPye.T}$PEPTIDE1,PEPTIDE1,1:R1-7:R2$$$",-6.42500000,ok,,flexible
"PEPTIDE1{Me_Bal.Me_dA.Me_Phe(3-Cl).F.Me_dL.P.Asp_piperidide}$PEPTIDE1,PEPTIDE1,1:R1-7:R2$$$",-7.12100000,ok,,flexible
"PEPTIDE1{dA.F.Mono7.P.Asp_piperidide.Me_dL.T}$PEPTIDE1,PEPTIDE1,1:R1-7:R2$$$",-6.35200000,ok,,flexible
"PEPTIDE1{Me_Bal.P.dP.F.G.P.meL}$PEPTIDE1,PEPTIDE1,1:R1-7:R2$$$",-7.08600000,ok,,flexible
"PEPTIDE1{meA.A.T.L.dP.F.Nle}$PEPTIDE1,PEPTIDE1,1:R1-7:R2$$$",-6.15600000,ok,,flexible
"PEPTIDE1{dF.T.I.Me_dA.meL.Me_Nle.Me_Phe(3-Cl)}$PEPTIDE1,PEPTIDE1,1:R1-7:R2$$$",-5.88100000,ok,,flexible
"PEPTIDE1{A.T.T.F.G.P.meL}$PEPTIDE1,PEPTIDE1,1:R1-7:R2$$$",-6.28300000,ok,,flexible
"PEPTIDE1{dV.dP.dP.P.F.G.meL}$PEPTIDE1,PEPTIDE1,1:R1-7:R2$$$",-6.88300000,ok,,flexible
"PEPTIDE1{Me_Bal.dP.Me_dA.P.meL.Mono6.P}$PEPTIDE1,PEPTIDE1,1:R1-7:R2$$$",-7.05900000,ok,,flexible
"PEPTIDE1{L.dP.P.P.G.T.Nle}$PEPTIDE1,PEPTIDE1,1:R1-7:R2$$$",-5.89900000,ok,,flexible
"PEPTIDE1{dV.meA.meL.P.dP.P.G}$PEPTIDE1,PEPTIDE1,1:R1-7:R2$$$",-6.57200000,ok,,flexible
"PEPTIDE1{A.P.meL.dP.Y.G.D}$PEPTIDE1,PEPTIDE1,1:R1-7:R2$$$",-7.24900000,ok,,flexible
"PEPTIDE1{meA.dP.meY.Me_dL.P.P.Y}$PEPTIDE1,PEPTIDE1,1:R1-7:R2$$$",-6.90000000,ok,,flexible
"PEPTIDE1{A.dP.meL.P.V.G.P}$PEPTIDE1,PEPTIDE1,1:R1-7:R2$$$",-6.80900000,ok,,flexible
"PEPTIDE1{F.Asp_piperidide.L.dP.Et_Gly.Ser(tBu).Me_Phe(3-Cl)}$PEPTIDE1,PEPTIDE1,1:R1-7:R2$$$",-6.43300000,ok,,flexible
"PEPTIDE1{Me_dA.F.P.Me_dL.V.P.dP}$PEPTIDE1,PEPTIDE1,1:R1-7:R2$$$",-7.16000000,ok,,flexible
"PEPTIDE1{meA.A.T.L.T.Mono84.dP}$PEPTIDE1,PEPTIDE1,1:R1-7:R2$$$",-6.13400000,ok,,flexible
"PEPTIDE1{P.dP.meL.T.P.Phe(4-CF3).Me_Phe(3-Cl)}$PEPTIDE1,PEPTIDE1,1:R1-7:R2$$$",-5.89800000,ok,,flexible
"PEPTIDE1{Me_dA.P.T.meL.pentyl_Gly.dP.dP}$PEPTIDE1,PEPTIDE1,1:R1-7:R2$$$",-5.82500000,ok,,flexible
"PEPTIDE1{Me_Bal.F.dP.dP.G.P.Y}$PEPTIDE1,PEPTIDE1,1:R1-7:R2$$$",-7.80900000,ok,,flexible
"PEPTIDE1{Me_dA.P.dP.T.I.P.L}$PEPTIDE1,PEPTIDE1,1:R1-7:R2$$$",-6.09600000,ok,,flexible
"PEPTIDE1{Me_Bal.Me_dA.Me_dL.T.dP.P.meL}$PEPTIDE1,PEPTIDE1,1:R1-7:R2$$$",-6.31200000,ok,,flexible
"PEPTIDE1{meA.meL.T.Y.G.D.dP}$PEPTIDE1,PEPTIDE1,1:R1-7:R2$$$",-6.51100000,ok,,flexible
"PEPTIDE1{meA.cHexCH2_Gly.Mono84.dP.P.F.I}$PEPTIDE1,PEPTIDE1,1:R1-7:R2$$$",-6.72400000,ok,,flexible
"PEPTIDE1{meA.meY.P.P.Me_dL.T.Mono6}$PEPTIDE1,PEPTIDE1,1:R1-7:R2$$$",-6.05200000,ok,,flexible
"PEPTIDE1{Me_dA.P.V.dP.F.meL.P}$PEPTIDE1,PEPTIDE1,1:R1-7:R2$$$",-6.40900000,ok,,flexible
"PEPTIDE1{Me_Bal.I.P.Sar.meL.F.T}$PEPTIDE1,PEPTIDE1,1:R1-7:R2$$$",-6.23500000,ok,,flexible
"PEPTIDE1{Mono6.P.T.D.dP.P.Y}$PEPTIDE1,PEPTIDE1,1:R1-7:R2$$$",-6.93900000,ok,,flexible
"PEPTIDE1{dA.A.T.I.V.dP.meL}$PEPTIDE1,PEPTIDE1,1:R1-7:R2$$$",-6.15900000,ok,,flexible
"PEPTIDE1{Pr_Gly.Me_Nle.Mono84.Nle.T.P.Me_Phe(3-Cl)}$PEPTIDE1,PEPTIDE1,1:R1-7:R2$$$",-5.88000000,ok,,flexible
"PEPTIDE1{Me_Bal.D.V.T.P.P.F}$PEPTIDE1,PEPTIDE1,1:R1-7:R2$$$",-6.07600000,ok,,flexible
"PEPTIDE1{Me_Bal.P.P.Asp_piperidide.P.dP.meY}$PEPTIDE1,PEPTIDE1,1:R1-7:R2$$$",-7.55200000,ok,,flexible
"PEPTIDE1{dP.Me_dL.P.A.Me_dA.meA.meL}$PEPTIDE1,PEPTIDE1,1:R1-7:R2$$$",-6.63900000,ok,,flexible
"PEPTIDE1{Me_dA.T.P.F.dP.dP.T}$PEPTIDE1,PEPTIDE1,1:R1-7:R2$$$",-7.02600000,ok,,flexible
"PEPTIDE1{Mono6.F.dP.meY.T.Me_dL.P}$PEPTIDE1,PEPTIDE1,1:R1-7:R2$$$",-6.79400000,ok,,flexible
"PEPTIDE1{Mono6.P.Me_Phe(3-Cl).Phe(4-CF3).G.dP.T}$PEPTIDE1,PEPTIDE1,1:R1-7:R2$$$",-7.27900000,ok,,flexible
"PEPTIDE1{P.F.A.G.Me_Nle.T.dP}$PEPTIDE1,PEPTIDE1,1:R1-7:R2$$$",-6.65500000,ok,,flexible
"PEPTIDE1{Me_dA.A.L.T.Me_Phe(3-Cl).Ser(tBu).Mono84}$PEPTIDE1,PEPTIDE1,1:R1-7:R2$$$",-6.54300000,ok,,flexible
"PEPTIDE1{Mono6.P.T.cHexCH2_Gly.Mono84.T.I}$PEPTIDE1,PEPTIDE1,1:R1-7:R2$$$",-6.56000000,ok,,flexible
"PEPTIDE1{A.F.Me_dL.G.I.P.P}$PEPTIDE1,PEPTIDE1,1:R1-7:R2$$$",-7.19000000,ok,,flexible
"PEPTIDE1{dA.P.Phe(4-CF3).P.meL.dP.G}$PEPTIDE1,PEPTIDE1,1:R1-7:R2$$$",-6.61000000,ok,,flexible
"PEPTIDE1{Me_Bal.P.V.T.dP.F.I}$PEPTIDE1,PEPTIDE1,1:R1-7:R2$$$",-6.76300000,ok,,flexible
"PEPTIDE1{Me_dA.P.dP.F.F.I.T}$PEPTIDE1,PEPTIDE1,1:R1-7:R2$$$",-6.56700000,ok,,flexible
"PEPTIDE1{dA.G.P.dP.F.meL.D}$PEPTIDE1,PEPTIDE1,1:R1-7:R2$$$",-6.98500000,ok,,flexible
"PEPTIDE1{A.D.F.meL.T.Y.P}$PEPTIDE1,PEPTIDE1,1:R1-7:R2$$$",-6.23900000,ok,,flexible
"PEPTIDE1{Me_dA.F.G.P.T.Me_Phe(3-Cl).dP}$PEPTIDE1,PEPTIDE1,1:R1-7:R2$$$",15.91000000,ok,,flexible
"PEPTIDE1{Me_Bal.Me_dL.meA.Pr_Gly.dP.T.Y}$PEPTIDE1,PEPTIDE1,1:R1-7:R2$$$",-6.73200000,ok,,flexible
"PEPTIDE1{Mono6.P.P.meL.F.L.V}$PEPTIDE1,PEPTIDE1,1:R1-7:R2$$$",-6.62200000,ok,,flexible
"PEPTIDE1{A.I.meL.dP.meA.F.P}$PEPTIDE1,PEPTIDE1,1:R1-7:R2$$$",-6.08700000,ok,,flexible
"PEPTIDE1{Me_dA.Pr_Gly.dA.meA.V.P.meL}$PEPTIDE1,PEPTIDE1,1:R1-7:R2$$$",-5.86600000,ok,,flexible
"PEPTIDE1{meA.Me_dA.meL.P.P.T.dA}$PEPTIDE1,PEPTIDE1,1:R1-7:R2$$$",-6.50400000,ok,,flexible
"PEPTIDE1{dA.P.meL.meA.Me_dA.Me_dAbu.Me_dL}$PEPTIDE1,PEPTIDE1,1:R1-7:R2$$$",-6.18700000,ok,,flexible
"PEPTIDE1{dA.meA.dP.I.P.L.A}$PEPTIDE1,PEPTIDE1,1:R1-7:R2$$$",-6.60700000,ok,,flexible
"PEPTIDE1{dV.F.P.dP.Y.T.P}$PEPTIDE1,PEPTIDE1,1:R1-7:R2$$$",-7.15000000,ok,,flexible
"PEPTIDE1{dV.Me_dL.meL.G.T.V.dP}$PEPTIDE1,PEPTIDE1,1:R1-7:R2$$$",-5.98300000,ok,,flexible
"PEPTIDE1{dA.meL.D.T.dP.T.F}$PEPTIDE1,PEPTIDE1,1:R1-7:R2$$$",-6.74600000,ok,,flexible
"PEPTIDE1{A.F.T.P.meL.P.Y}$PEPTIDE1,PEPTIDE1,1:R1-7:R2$$$",-7.15400000,ok,,flexible
"PEPTIDE1{meA.L.I.P.F.P.meL}$PEPTIDE1,PEPTIDE1,1:R1-7:R2$$$",-6.04600000,ok,,flexible
"PEPTIDE1{meA.meL.L.V.P.dV.I}$PEPTIDE1,PEPTIDE1,1:R1-7:R2$$$",-6.04400000,ok,,flexible
"PEPTIDE1{dP.cHexCH2_Gly.F.A.T.P.G}$PEPTIDE1,PEPTIDE1,1:R1-7:R2$$$",-7.06300000,ok,,flexible
"PEPTIDE1{Me_Bal.meL.T.F.P.Me_Phe(3-Cl).I}$PEPTIDE1,PEPTIDE1,1:R1-7:R2$$$",-6.38100000,ok,,flexible
"PEPTIDE1{dA.P.P.G.F.dP.T}$PEPTIDE1,PEPTIDE1,1:R1-7:R2$$$",-6.58400000,ok,,flexible
"PEPTIDE1{dA.A.Me_dA.dP.P.Me_Phe(3-Cl).L}$PEPTIDE1,PEPTIDE1,1:R1-7:R2$$$",-6.71700000,ok,,flexible
"PEPTIDE1{dP.F.G.meL.P.T.I}$PEPTIDE1,PEPTIDE1,1:R1-7:R2$$$",-6.05100000,ok,,flexible
"PEPTIDE1{dV.T.meL.dP.F.G.P}$PEPTIDE1,PEPTIDE1,1:R1-7:R2$$$",-7.31700000,ok,,flexible
"PEPTIDE1{Me_dA.Mono38.Mono86.meL.F.meA.V}$PEPTIDE1,PEPTIDE1,1:R1-7:R2$$$",-5.56800000,ok,,flexible
"PEPTIDE1{meA.I.G.F.T.Me_dL.Me_Phe(3-Cl)}$PEPTIDE1,PEPTIDE1,1:R1-7:R2$$$",-5.92300000,ok,,flexible
"PEPTIDE1{dA.cHexCH2_Gly.T.F.Me_Phe(3-Cl).P.I}$PEPTIDE1,PEPTIDE1,1:R1-7:R2$$$",-6.35600000,ok,,flexible
"PEPTIDE1{Mono6.dP.Y.G.P.dP.Me_dL}$PEPTIDE1,PEPTIDE1,1:R1-7:R2$$$",-6.70100000,ok,,flexible
"PEPTIDE1{Me_Bal.Asp_piperidide.T.P.G.dP.P}$PEPTIDE1,PEPTIDE1,1:R1-7:R2$$$",-7.52200000,ok,,flexible
"PEPTIDE1{Mono6.T.P.I.P.T.dP}$PEPTIDE1,PEPTIDE1,1:R1-7:R2$$$",-6.37300000,ok,,flexible
"PEPTIDE1{meA.meF.F.T.G.T.dP}$PEPTIDE1,PEPTIDE1,1:R1-7:R2$$$",-6.61200000,ok,,flexible
"PEPTIDE1{dV.Mono38.Me_Phe(3-Cl).Et_Gly.T.P.Mono84}$PEPTIDE1,PEPTIDE1,1:R1-7:R2$$$",-6.54400000,ok,,flexible
"PEPTIDE1{dA.P.dP.pentyl_Gly.Sar.meL.P}$PEPTIDE1,PEPTIDE1,1:R1-7:R2$$$",-6.12700000,ok,,flexible
"PEPTIDE1{Me_Bal.Pr_Gly.meL.dP.T.Me_dL.P}$PEPTIDE1,PEPTIDE1,1:R1-7:R2$$$",-5.40500000,ok,,flexible
"PEPTIDE1{Me_dA.F.Me_dL.meL.P.dP.meA}$PEPTIDE1,PEPTIDE1,1:R1-7:R2$$$",-6.46900000,ok,,flexible
"PEPTIDE1{A.P.T.G.F.Y.meL}$PEPTIDE1,PEPTIDE1,1:R1-7:R2$$$",-6.31300000,ok,,flexible
"PEPTIDE1{dF.meY.Asp_piperidide.G.F.P.I}$PEPTIDE1,PEPTIDE1,1:R1-7:R2$$$",-6.28300000,ok,,flexible
"PEPTIDE1{dF.Sar.dP.P.F.meL.dL}$PEPTIDE1,PEPTIDE1,1:R1-7:R2$$$",-6.26400000,ok,,flexible
"PEPTIDE1{Mono6.meL.T.dP.dP.Me_Phe(3-Cl).Y}$PEPTIDE1,PEPTIDE1,1:R1-7:R2$$$",-2.71300000,ok,,flexible
"PEPTIDE1{Me_dA.meF.P.T.dF.Ser(tBu).F}$PEPTIDE1,PEPTIDE1,1:R1-7:R2$$$",-6.19600000,ok,,flexible
"PEPTIDE1{dA.dP.P.F.L.I.Me_Phe(3-Cl)}$PEPTIDE1,PEPTIDE1,1:R1-7:R2$$$",-6.63400000,ok,,flexible
"PEPTIDE1{Me_Bal.F.A.meL.Me_dA.dF.T}$PEPTIDE1,PEPTIDE1,1:R1-7:R2$$$",-6.24600000,ok,,flexible
"PEPTIDE1{Me_Bal.Me_dA.Asp_piperidide.Me_Phe(3-Cl).T.dP.3Pal}$PEPTIDE1,PEPTIDE1,1:R1-7:R2$$$",-6.83800000,ok,,flexible
"PEPTIDE1{F.meL.Y.P.P.Mono6.Asp_piperidide}$PEPTIDE1,PEPTIDE1,1:R1-7:R2$$$",-6.47000000,ok,,flexible
"PEPTIDE1{Mono6.T.P.meL.Y.G.dP}$PEPTIDE1,PEPTIDE1,1:R1-7:R2$$$",-6.20200000,ok,,flexible
"PEPTIDE1{F.meL.L.I.meA.T.V}$PEPTIDE1,PEPTIDE1,1:R1-7:R2$$$",-5.20500000,ok,,flexible
"PEPTIDE1{Me_Bal.P.L.T.Me_dL.I.Me_Phe(3-Cl)}$PEPTIDE1,PEPTIDE1,1:R1-7:R2$$$",-6.00200000,ok,,flexible
"PEPTIDE1{Me_Bal.G.dP.D.Phe(4-CF3).P.P}$PEPTIDE1,PEPTIDE1,1:R1-7:R2$$$",-6.66700000,ok,,flexible
"PEPTIDE1{Me_dA.meL.dP.Ser(tBu).A.F.3Pal}$PEPTIDE1,PEPTIDE1,1:R1-7:R2$$$",-6.61500000,ok,,flexible
"PEPTIDE1{L.F.dP.T.P.G.D}$PEPTIDE1,PEPTIDE1,1:R1-7:R2$$$",-6.48100000,ok,,flexible
"PEPTIDE1{dA.Me_dA.F.meA.L.I.A}$PEPTIDE1,PEPTIDE1,1:R1-7:R2$$$",-5.91900000,ok,,flexible
"PEPTIDE1{meA.Me_dAbu.F.meL.T.P.I}$PEPTIDE1,PEPTIDE1,1:R1-7:R2$$$",-6.04400000,ok,,flexible
"PEPTIDE1{F.Mono6.T.Et_Gly.meL.Asp_piperidide.Me_Phe(3-Cl)}$PEPTIDE1,PEPTIDE1,1:R1-7:R2$$$",-6.23800000,ok,,flexible
"PEPTIDE1{Me_dA.meA.meF.T.V.P.Sar}$PEPTIDE1,PEPTIDE1,1:R1-7:R2$$$",-6.80900000,ok,,flexible
"PEPTIDE1{Me_dA.P.P.T.Me_dL.dP.dP}$PEPTIDE1,PEPTIDE1,1:R1-7:R2$$$",-6.88500000,ok,,flexible
"PEPTIDE1{Mono6.meL.P.P.Me_dL.T.meY}$PEPTIDE1,PEPTIDE1,1:R1-7:R2$$$",-6.42200000,ok,,flexible
"PEPTIDE1{meA.Me_dA.dP.T.P.meY.P}$PEPTIDE1,PEPTIDE1,1:R1-7:R2$$$",-7.83500000,ok,,flexible
"PEPTIDE1{dF.dP.T.P.V.L.P}$PEPTIDE1,PEPTIDE1,1:R1-7:R2$$$",-6.69900000,ok,,flexible
"PEPTIDE1{Me_Bal.Phe(4-CF3).G.P.dP.F.I}$PEPTIDE1,PEPTIDE1,1:R1-7:R2$$$",-7.20400000,ok,,flexible
"PEPTIDE1{dA.P.Me_dA.F.G.Me_Phe(3-Cl).P}$PEPTIDE1,PEPTIDE1,1:R1-7:R2$$$",-7.69600000,ok,,flexible
"PEPTIDE1{dF.Mono84.T.dP.meY.I.G}$PEPTIDE1,PEPTIDE1,1:R1-7:R2$$$",-6.90900000,ok,,flexible
"PEPTIDE1{dV.dP.T.T.Me_dL.F.V}$PEPTIDE1,PEPTIDE1,1:R1-7:R2$$$",-5.78700000,ok,,flexible
"PEPTIDE1{A.Me_dL.F.Y.dP.G.D}$PEPTIDE1,PEPTIDE1,1:R1-7:R2$$$",-5.53900000,ok,,flexible
"PEPTIDE1{dV.Me_dL.Asp_piperidide.Y.D.meL.P}$PEPTIDE1,PEPTIDE1,1:R1-7:R2$$$",-5.86500000,ok,,flexible
"PEPTIDE1{dV.T.Phe(4-CF3).meL.F.dP.Me_Phe(3-Cl)}$PEPTIDE1,PEPTIDE1,1:R1-7:R2$$$",-6.97000000,ok,,flexible
"PEPTIDE1{Me_dA.P.V.T.Me_dL.Ser(tBu).meA}$PEPTIDE1,PEPTIDE1,1:R1-7:R2$$$",-5.59100000,ok,,flexible
"PEPTIDE1{Me_dA.dP.P.dP.Me_dL.Y.meL}$PEPTIDE1,PEPTIDE1,1:R1-7:R2$$$",-7.03800000,ok,,flexible
"PEPTIDE1{Pr_Gly.meS.Me_Phe(3-Cl).D.T.Phe(4-CF3).P}$PEPTIDE1,PEPTIDE1,1:R1-7:R2$$$",-6.34600000,ok,,flexible
"PEPTIDE1{Me_dA.dP.P.Me_Phe(3-Cl).P.G.meL}$PEPTIDE1,PEPTIDE1,1:R1-7:R2$$$",-7.73400000,ok,,flexible
"PEPTIDE1{Me_dA.P.meL.P.dP.P.dP}$PEPTIDE1,PEPTIDE1,1:R1-7:R2$$$",-7.27000000,ok,,flexible
"PEPTIDE1{meA.dPye.meL.L.G.Pr_Gly.L}$PEPTIDE1,PEPTIDE1,1:R1-7:R2$$$",-5.31000000,ok,,flexible
"PEPTIDE1{dA.F.P.meL.P.G.meY}$PEPTIDE1,PEPTIDE1,1:R1-7:R2$$$",-6.52400000,ok,,flexible
"PEPTIDE1{Pr_Gly.T.Asp_piperidide.D.Mono100.P.P}$PEPTIDE1,PEPTIDE1,1:R1-7:R2$$$",-6.29500000,ok,,flexible
"PEPTIDE1{Me_dA.dP.T.G.F.dP.P}$PEPTIDE1,PEPTIDE1,1:R1-7:R2$$$",-6.87200000,ok,,flexible
"PEPTIDE1{Mono6.dP.Nle.P.G.T.Me_Nle}$PEPTIDE1,PEPTIDE1,1:R1-7:R2$$$",-5.87400000,ok,,flexible
"PEPTIDE1{Me_dA.Pr_Gly.Me_dL.meY.dP.P.T}$PEPTIDE1,PEPTIDE1,1:R1-7:R2$$$",-6.33600000,ok,,flexible
"PEPTIDE1{dA.dP.P.G.F.I.T}$PEPTIDE1,PEPTIDE1,1:R1-7:R2$$$",-6.97000000,ok,,flexible
"PEPTIDE1{Me_Bal.T.G.dP.meL.Me_Phe(3-Cl).I}$PEPTIDE1,PEPTIDE1,1:R1-7:R2$$$",-6.06000000,ok,,flexible
"PEPTIDE1{A.P.P.G.V.meL.I}$PEPTIDE1,PEPTIDE1,1:R1-7:R2$$$",-5.74000000,ok,,flexible
"PEPTIDE1{meA.Me_dA.Pr_Gly.P.Me_Phe(3-Cl).meL.dP}$PEPTIDE1,PEPTIDE1,1:R1-7:R2$$$",-7.43500000,ok,,flexible
"PEPTIDE1{meA.T.dP.Phe(4-CF3).dP.G.Y}$PEPTIDE1,PEPTIDE1,1:R1-7:R2$$$",-6.83200000,ok,,flexible
"PEPTIDE1{Me_Bal.pentyl_Gly.A.P.Me_Phe(3-Cl).dP.T}$PEPTIDE1,PEPTIDE1,1:R1-7:R2$$$",-6.06000000,ok,,flexible
"PEPTIDE1{A.F.T.dP.Me_dA.G.meY}$PEPTIDE1,PEPTIDE1,1:R1-7:R2$$$",-7.01100000,ok,,flexible
"PEPTIDE1{dF.Phe(4-CF3).P.meL.Me_Phe(3-Cl).I.G}$PEPTIDE1,PEPTIDE1,1:R1-7:R2$$$",-6.62600000,ok,,flexible
"PEPTIDE1{A.P.meL.I.V.G.F}$PEPTIDE1,PEPTIDE1,1:R1-7:R2$$$",-6.53500000,ok,,flexible
"PEPTIDE1{dA.A.dP.F.T.Me_Phe(3-Cl).P}$PEPTIDE1,PEPTIDE1,1:R1-7:R2$$$",-7.08300000,ok,,flexible
"PEPTIDE1{A.dP.T.P.dP.F.P}$PEPTIDE1,PEPTIDE1,1:R1-7:R2$$$",-7.17800000,ok,,flexible
"PEPTIDE1{dA.P.dY.F.dP.Y.D}$PEPTIDE1,PEPTIDE1,1:R1-7:R2$$$",-7.21800000,ok,,flexible
"PEPTIDE1{dV.L.dL.Mono84.T.Mono78.dP}$PEPTIDE1,PEPTIDE1,1:R1-7:R2$$$",-6.50200000,ok,,flexible
"PEPTIDE1{Me_dA.A.L.meA.meL.F.P}$PEPTIDE1,PEPTIDE1,1:R1-7:R2$$$",-6.50800000,ok,,flexible
"PEPTIDE1{Mono6.pentyl_Gly.P.meL.A.T.P}$PEPTIDE1,PEPTIDE1,1:R1-7:R2$$$",-5.92900000,ok,,flexible
"PEPTIDE1{meA.V.dP.L.meF.dP.I}$PEPTIDE1,PEPTIDE1,1:R1-7:R2$$$",-6.21000000,ok,,flexible
"PEPTIDE1{dA.Mono38.L.D.T.Me_dL.dP}$PEPTIDE1,PEPTIDE1,1:R1-7:R2$$$",-5.82800000,ok,,flexible
"PEPTIDE1{F.Asp_piperidide.P.dP.Me_Phe(3-Cl).P.T}$PEPTIDE1,PEPTIDE1,1:R1-7:R2$$$",-7.55700000,ok,,flexible
"PEPTIDE1{Me_dA.dP.A.F.L.D.P}$PEPTIDE1,PEPTIDE1,1:R1-7:R2$$$",-7.64100000,ok,,flexible
"PEPTIDE1{A.T.I.meL.dP.F.meF}$PEPTIDE1,PEPTIDE1,1:R1-7:R2$$$",-5.91500000,ok,,flexible
"PEPTIDE1{dA.cHexCH2_Gly.meL.Y.G.G.T}$PEPTIDE1,PEPTIDE1,1:R1-7:R2$$$",-7.48700000,ok,,flexible
"PEPTIDE1{Me_Bal.P.cHexCH2_Gly.Mono38.A.L.Ser(tBu)}$PEPTIDE1,PEPTIDE1,1:R1-7:R2$$$",-6.06300000,ok,,flexible
"PEPTIDE1{Mono6.A.dP.meA.Me_dL.dP.Me_Phe(3-Cl)}$PEPTIDE1,PEPTIDE1,1:R1-7:R2$$$",-6.72000000,ok,,flexible
"PEPTIDE1{dA.T.F.meL.G.Y.I}$PEPTIDE1,PEPTIDE1,1:R1-7:R2$$$",-6.51100000,ok,,flexible
"PEPTIDE1{Me_dA.meY.Me_dL.dP.meL.Mono6.P}$PEPTIDE1,PEPTIDE1,1:R1-7:R2$$$",-6.21500000,ok,,flexible
"PEPTIDE1{Me_Bal.G.Me_dA.dL.P.dP.T}$PEPTIDE1,PEPTIDE1,1:R1-7:R2$$$",-6.39600000,ok,,flexible
"PEPTIDE1{Me_Bal.Mono38.dP.P.Nle.F.Me_Phe(3-Cl)}$PEPTIDE1,PEPTIDE1,1:R1-7:R2$$$",-6.22900000,ok,,flexible
"PEPTIDE1{Me_dA.D.P.A.F.P.G}$PEPTIDE1,PEPTIDE1,1:R1-7:R2$$$",-7.10700000,ok,,flexible
"PEPTIDE1{meA.Sar.L.pentyl_Gly.T.dP.P}$PEPTIDE1,PEPTIDE1,1:R1-7:R2$$$",-6.05600000,ok,,flexible
"PEPTIDE1{meA.pentyl_Gly.Ser(tBu).F.T.P.L}$PEPTIDE1,PEPTIDE1,1:R1-7:R2$$$",-5.26300000,ok,,flexible
"PEPTIDE1{A.dV.T.P.V.meF.dP}$PEPTIDE1,PEPTIDE1,1:R1-7:R2$$$",-5.90600000,ok,,flexible
"PEPTIDE1{A.meA.T.dP.T.Me_dL.F}$PEPTIDE1,PEPTIDE1,1:R1-7:R2$$$",-5.88700000,ok,,flexible
"PEPTIDE1{Me_Bal.G.meL.Pr_Gly.dP.dP.Mono6}$PEPTIDE1,PEPTIDE1,1:R1-7:R2$$$",-6.30500000,ok,,flexible
"PEPTIDE1{Me_Bal.Me_Nle.Nle.dP.T.Me_Phe(3-Cl).P}$PEPTIDE1,PEPTIDE1,1:R1-7:R2$$$",-5.91200000,ok,,flexible
"PEPTIDE1{dA.F.T.meL.Sar.dP.Me_Phe(3-Cl)}$PEPTIDE1,PEPTIDE1,1:R1-7:R2$$$",-6.44900000,ok,,flexible
"PEPTIDE1{Me_Bal.P.dP.P.meY.T.P}$PEPTIDE1,PEPTIDE1,1:R1-7:R2$$$",-7.91700000,ok,,flexible
"PEPTIDE1{Mono6.T.F.T.L.V.dP}$PEPTIDE1,PEPTIDE1,1:R1-7:R2$$$",-6.27100000,ok,,flexible
"PEPTIDE1{Me_Bal.Me_dAbu.F.dP.P.G.P}$PEPTIDE1,PEPTIDE1,1:R1-7:R2$$$",-7.11700000,ok,,flexible
"PEPTIDE1{Me_Bal.dP.meL.T.A.meF.G}$PEPTIDE1,PEPTIDE1,1:R1-7:R2$$$",-6.51700000,ok,,flexible
"PEPTIDE1{Me_Bal.dP.Nle.A.F.T.dL}$PEPTIDE1,PEPTIDE1,1:R1-7:R2$$$",-6.72300000,ok,,flexible
"PEPTIDE1{F.P.dP.dP.P.V.P}$PEPTIDE1,PEPTIDE1,1:R1-7:R2$$$",-7.20600000,ok,,flexible
"PEPTIDE1{Mono6.F.Me_Phe(3-Cl).G.P.dP.D}$PEPTIDE1,PEPTIDE1,1:R1-7:R2$$$",-6.46200000,ok,,flexible
"PEPTIDE1{Me_Bal.Asp_piperidide.dP.P.P.P.Me_Phe(3-Cl)}$PEPTIDE1,PEPTIDE1,1:R1-7:R2$$$",-7.02300000,ok,,flexible
"PEPTIDE1{Me_Bal.dP.meA.F.T.Ser(tBu).V}$PEPTIDE1,PEPTIDE1,1:R1-7:R2$$$",-6.26000000,ok,,flexible
"PEPTIDE1{meA.cHexCH2_Gly.P.L.meF.I.T}$PEPTIDE1,PEPTIDE1,1:R1-7:R2$$$",-6.24700000,ok,,flexible
"PEPTIDE1{dP.Me_dL.Me_dA.P.Y.P.Mono6}$PEPTIDE1,PEPTIDE1,1:R1-7:R2$$$",-6.60500000,ok,,flexible
"PEPTIDE1{Me_Bal.dP.F.I.meL.V.dP}$PEPTIDE1,PEPTIDE1,1:R1-7:R2$$$",-6.55700000,ok,,flexible
"PEPTIDE1{meA.Me_dL.meL.P.Y.dP.T}$PEPTIDE1,PEPTIDE1,1:R1-7:R2$$$",-6.57400000,ok,,flexible
"PEPTIDE1{Me_dA.dP.F.meL.Asp_piperidide.D.P}$PEPTIDE1,PEPTIDE1,1:R1-7:R2$$$",-6.55800000,ok,,flexible
"PEPTIDE1{F.T.meA.dL.I.Me_dA.Bn_Gly}$PEPTIDE1,PEPTIDE1,1:R1-7:R2$$$",-5.98400000,ok,,flexible
"PEPTIDE1{Me_Bal.T.L.P.F.Phe(4-CF3).G}$PEPTIDE1,PEPTIDE1,1:R1-7:R2$$$",-6.79900000,ok,,flexible
"PEPTIDE1{P.G.T.Pr_Gly.Pr_Gly.dF.meL}$PEPTIDE1,PEPTIDE1,1:R1-7:R2$$$",-5.71000000,ok,,flexible
"PEPTIDE1{dV.L.dP.G.dL.T.I}$PEPTIDE1,PEPTIDE1,1:R1-7:R2$$$",-5.77600000,ok,,flexible
"PEPTIDE1{meA.I.T.dP.dP.Me_Phe(3-Cl).Et_Gly}$PEPTIDE1,PEPTIDE1,1:R1-7:R2$$$",-6.34100000,ok,,flexible
"PEPTIDE1{dV.dY.F.Y.G.dP.T}$PEPTIDE1,PEPTIDE1,1:R1-7:R2$$$",-6.42300000,ok,,flexible
"PEPTIDE1{dA.pentyl_Gly.Me_dA.dP.Mono84.P.Nle}$PEPTIDE1,PEPTIDE1,1:R1-7:R2$$$",-6.20600000,ok,,flexible
"PEPTIDE1{F.L.I.P.T.dP.Mono84}$PEPTIDE1,PEPTIDE1,1:R1-7:R2$$$",-5.86600000,ok,,flexible
"PEPTIDE1{Me_Bal.meY.Mono6.T.Me_dL.dP.P}$PEPTIDE1,PEPTIDE1,1:R1-7:R2$$$",-6.57000000,ok,,flexible
"PEPTIDE1{Me_Bal.L.meL.P.F.T.Me_Phe(3-Cl)}$PEPTIDE1,PEPTIDE1,1:R1-7:R2$$$",-6.26300000,ok,,flexible
"PEPTIDE1{dA.meF.cHexCH2_Gly.pentyl_Gly.G.meL.I}$PEPTIDE1,PEPTIDE1,1:R1-7:R2$$$",-5.34100000,ok,,flexible
"PEPTIDE1{A.P.Me_dL.T.meL.D.G}$PEPTIDE1,PEPTIDE1,1:R1-7:R2$$$",-5.80900000,ok,,flexible
"PEPTIDE1{meA.meF.Me_dAbu.L.meL.pentyl_Gly.dP}$PEPTIDE1,PEPTIDE1,1:R1-7:R2$$$",-5.34800000,ok,,flexible
"PEPTIDE1{dA.A.meL.I.dP.meA.Me_dA}$PEPTIDE1,PEPTIDE1,1:R1-7:R2$$$",-6.35900000,ok,,flexible
"PEPTIDE1{Mono6.cHexCH2_Gly.A.dP.I.Mono86.Me_Phe(3-Cl)}$PEPTIDE1,PEPTIDE1,1:R1-7:R2$$$",-6.72800000,ok,,flexible
"PEPTIDE1{Mono6.T.G.P.F.meY.dP}$PEPTIDE1,PEPTIDE1,1:R1-7:R2$$$",-5.85800000,ok,,flexible
"PEPTIDE1{dF.P.dP.G.F.D.T}$PEPTIDE1,PEPTIDE1,1:R1-7:R2$$$",-6.76500000,ok,,flexible
"PEPTIDE1{dA.Ser(tBu).I.P.F.Me_Phe(3-Cl).P}$PEPTIDE1,PEPTIDE1,1:R1-7:R2$$$",-6.67100000,ok,,flexible
"PEPTIDE1{Me_Bal.G.dP.Y.F.Sar.meL}$PEPTIDE1,PEPTIDE1,1:R1-7:R2$$$",-6.56000000,ok,,flexible
"PEPTIDE1{T.meA.G.Ser(tBu).dP.F.I}$PEPTIDE1,PEPTIDE1,1:R1-7:R2$$$",-5.85400000,ok,,flexible
"PEPTIDE1{P.Mono6.Asp_piperidide.dP.Pr_Gly.P.Me_dL}$PEPTIDE1,PEPTIDE1,1:R1-7:R2$$$",-6.32800000,ok,,flexible
"PEPTIDE1{dP.Me_dAbu.P.T.F.meL.dP}$PEPTIDE1,PEPTIDE1,1:R1-7:R2$$$",-6.18000000,ok,,flexible
"PEPTIDE1{Me_dA.pentyl_Gly.L.P.meL.dP.T}$PEPTIDE1,PEPTIDE1,1:R1-7:R2$$$",-6.02100000,ok,,flexible
"PEPTIDE1{Me_dA.dP.Mono6.T.meY.Y.P}$PEPTIDE1,PEPTIDE1,1:R1-7:R2$$$",-6.69900000,ok,,flexible
"PEPTIDE1{dV.A.dP.F.meL.P.Asp_piperidide}$PEPTIDE1,PEPTIDE1,1:R1-7:R2$$$",-6.46100000,ok,,flexible
"PEPTIDE1{Me_dA.G.T.F.P.V.meA}$PEPTIDE1,PEPTIDE1,1:R1-7:R2$$$",-6.58800000,ok,,flexible
"PEPTIDE1{meA.P.I.T.G.T.meL}$PEPTIDE1,PEPTIDE1,1:R1-7:R2$$$",-6.11500000,ok,,flexible
"PEPTIDE1{dA.meA.Me_dA.Me_dL.dP.T.T}$PEPTIDE1,PEPTIDE1,1:R1-7:R2$$$",-6.16600000,ok,,flexible
"PEPTIDE1{A.dP.F.T.P.D.G}$PEPTIDE1,PEPTIDE1,1:R1-7:R2$$$",-6.29400000,ok,,flexible
"PEPTIDE1{dV.T.Me_dL.G.P.Me_Phe(3-Cl).Y}$PEPTIDE1,PEPTIDE1,1:R1-7:R2$$$",-6.31400000,ok,,flexible
"PEPTIDE1{meA.dP.Me_dA.dA.P.Ser(tBu).dL}$PEPTIDE1,PEPTIDE1,1:R1-7:R2$$$",-6.40500000,ok,,flexible
"PEPTIDE1{Me_dA.meL.Me_dL.Me_dL.P.P.dP}$PEPTIDE1,PEPTIDE1,1:R1-7:R2$$$",-6.07300000,ok,,flexible
"PEPTIDE1{dV.Sar.L.T.P.G.I}$PEPTIDE1,PEPTIDE1,1:R1-7:R2$$$",-5.99800000,ok,,flexible
"PEPTIDE1{dP.F.T.T.meL.I.P}$PEPTIDE1,PEPTIDE1,1:R1-7:R2$$$",-6.66900000,ok,,flexible
"PEPTIDE1{Me_Bal.Me_Phe(3-Cl).G.T.Y.P.P}$PEPTIDE1,PEPTIDE1,1:R1-7:R2$$$",-7.57900000,ok,,flexible
"PEPTIDE1{dA.P.G.P.G.T.I}$PEPTIDE1,PEPTIDE1,1:R1-7:R2$$$",-6.99400000,ok,,flexible
"PEPTIDE1{dF.P.L.A.dP.Et_Gly.T}$PEPTIDE1,PEPTIDE1,1:R1-7:R2$$$",-6.06600000,ok,,flexible
"PEPTIDE1{Pr_Gly.meA.dP.L.meL.G.T}$PEPTIDE1,PEPTIDE1,1:R1-7:R2$$$",-5.56000000,ok,,flexible
"PEPTIDE1{F.meL.I.P.dP.3Pal.G}$PEPTIDE1,PEPTIDE1,1:R1-7:R2$$$",-6.90800000,ok,,flexible
"PEPTIDE1{Me_Bal.D.Phe(4-CF3).meL.dP.P.V}$PEPTIDE1,PEPTIDE1,1:R1-7:R2$$$",-6.34500000,ok,,flexible
"PEPTIDE1{Mono6.P.P.meL.Asp_piperidide.P.dP}$PEPTIDE1,PEPTIDE1,1:R1-7:R2$$$",-6.66900000,ok,,flexible
"PEPTIDE1{Me_dA.P.Me_dL.Mono6.T.meY.dP}$PEPTIDE1,PEPTIDE1,1:R1-7:R2$$$",-6.72700000,ok,,flexible
"PEPTIDE1{Mono6.T.P.dP.I.dP.P}$PEPTIDE1,PEPTIDE1,1:R1-7:R2$$$",-7.08200000,ok,,flexible
"PEPTIDE1{F.meA.P.G.Sar.meF.A}$PEPTIDE1,PEPTIDE1,1:R1-7:R2$$$",-7.48700000,ok,,flexible
"PEPTIDE1{P.G.Mono84.P.F.3Pal.dP}$PEPTIDE1,PEPTIDE1,1:R1-7:R2$$$",-6.93200000,ok,,flexible
"PEPTIDE1{Me_dA.P.T.meY.Y.meL.F}$PEPTIDE1,PEPTIDE1,1:R1-7:R2$$$",-7.16600000,ok,,flexible
"PEPTIDE1{Me_Bal.F.Me_dL.T.Me_Phe(3-Cl).Et_Gly.Mono6}$PEPTIDE1,PEPTIDE1,1:R1-7:R2$$$",-6.32300000,ok,,flexible
"PEPTIDE1{Me_Bal.P.I.G.dP.Me_dA.cHexCH2_Gly}$PEPTIDE1,PEPTIDE1,1:R1-7:R2$$$",-6.71700000,ok,,flexible
"PEPTIDE1{Me_Bal.meL.Ser(tBu).P.P.meA.dL}$PEPTIDE1,PEPTIDE1,1:R1-7:R2$$$",-6.28600000,ok,,flexible
"PEPTIDE1{dV.P.T.P.dP.F.G}$PEPTIDE1,PEPTIDE1,1:R1-7:R2$$$",-6.87500000,ok,,flexible
"PEPTIDE1{dF.T.P.I.G.F.D}$PEPTIDE1,PEPTIDE1,1:R1-7:R2$$$",-7.38300000,ok,,flexible
"PEPTIDE1{dV.meF.meS.F.meL.dA.dP}$PEPTIDE1,PEPTIDE1,1:R1-7:R2$$$",-5.93100000,ok,,flexible
"PEPTIDE1{A.dP.F.P.meA.T.Me_dL}$PEPTIDE1,PEPTIDE1,1:R1-7:R2$$$",-6.40700000,ok,,flexible
"PEPTIDE1{dV.Asp_piperidide.T.dP.T.G.P}$PEPTIDE1,PEPTIDE1,1:R1-7:R2$$$",-6.27900000,ok,,flexible
"PEPTIDE1{F.dP.Me_Phe(3-Cl).Et_Gly.T.Mono84.dP}$PEPTIDE1,PEPTIDE1,1:R1-7:R2$$$",-6.76400000,ok,,flexible
"PEPTIDE1{dF.cHexCH2_Gly.P.I.dP.P.Ser(tBu)}$PEPTIDE1,PEPTIDE1,1:R1-7:R2$$$",-5.64200000,ok,,flexible
"PEPTIDE1{Me_dA.Me_dL.meL.meY.T.Y.dP}$PEPTIDE1,PEPTIDE1,1:R1-7:R2$$$",-5.84100000,ok,,flexible
"PEPTIDE1{Pr_Gly.Me_dL.T.Mono6.P.meL.P}$PEPTIDE1,PEPTIDE1,1:R1-7:R2$$$",-5.75500000,ok,,flexible
"PEPTIDE1{meA.P.P.T.meL.F.G}$PEPTIDE1,PEPTIDE1,1:R1-7:R2$$$",-6.20100000,ok,,flexible
"PEPTIDE1{Me_dA.A.meA.P.dP.dP.pentyl_Gly}$PEPTIDE1,PEPTIDE1,1:R1-7:R2$$$",-7.32400000,ok,,flexible
"PEPTIDE1{L.F.T.T.Phe(4-CF3).G.D}$PEPTIDE1,PEPTIDE1,1:R1-7:R2$$$",-6.22100000,ok,,flexible
"PEPTIDE1{Sar.meL.dP.I.T.T.dP}$PEPTIDE1,PEPTIDE1,1:R1-7:R2$$$",-6.01900000,ok,,flexible
"PEPTIDE1{dV.Mono84.Et_Gly.L.Me_Phe(3-Cl).meL.Phe(4-CF3)}$PEPTIDE1,PEPTIDE1,1:R1-7:R2$$$",-5.82800000,ok,,flexible
"PEPTIDE1{Pr_Gly.P.meL.meY.Me_dL.Y.T}$PEPTIDE1,PEPTIDE1,1:R1-7:R2$$$",-5.89900000,ok,,flexible
"PEPTIDE1{dA.D.G.T.dP.P.meL}$PEPTIDE1,PEPTIDE1,1:R1-7:R2$$$",-6.95300000,ok,,flexible
"PEPTIDE1{A.F.G.I.P.meL.F}$PEPTIDE1,PEPTIDE1,1:R1-7:R2$$$",-6.30300000,ok,,flexible
"PEPTIDE1{dA.cHexCH2_Gly.T.P.F.Me_Phe(3-Cl).dP}$PEPTIDE1,PEPTIDE1,1:R1-7:R2$$$",-6.82600000,ok,,flexible
"PEPTIDE1{Me_Bal.dPye.Ser(tBu).A.P.Pr_Gly.T}$PEPTIDE1,PEPTIDE1,1:R1-7:R2$$$",-6.09200000,ok,,flexible
"PEPTIDE1{A.F.I.T.dP.T.P}$PEPTIDE1,PEPTIDE1,1:R1-7:R2$$$",-5.98900000,ok,,flexible
"PEPTIDE1{dF.P.L.F.I.P.dP}$PEPTIDE1,PEPTIDE1,1:R1-7:R2$$$",-6.26300000,ok,,flexible
"PEPTIDE1{dP.F.Me_dL.meL.F.dP.Me_Phe(3-Cl)}$PEPTIDE1,PEPTIDE1,1:R1-7:R2$$$",-6.03100000,ok,,flexible
"PEPTIDE1{Me_dA.meL.Mono6.P.T.dP.Y}$PEPTIDE1,PEPTIDE1,1:R1-7:R2$$$",-6.86600000,ok,,flexible
"PEPTIDE1{dF.T.Me_dA.Y.I.G.Sar}$PEPTIDE1,PEPTIDE1,1:R1-7:R2$$$",-6.24600000,ok,,flexible
"PEPTIDE1{Me_dA.D.dL.dP.V.T.P}$PEPTIDE1,PEPTIDE1,1:R1-7:R2$$$",-6.74900000,ok,,flexible
"PEPTIDE1{L.T.Asp_piperidide.dP.Phe(4-CF3).F.Me_Phe(3-Cl)}$PEPTIDE1,PEPTIDE1,1:R1-7:R2$$$",-5.99000000,ok,,flexible
"PEPTIDE1{L.Mono6.dP.dP.F.meL.Asp_piperidide}$PEPTIDE1,PEPTIDE1,1:R1-7:R2$$$",-6.10800000,ok,,flexible
"PEPTIDE1{dA.Me_dA.dP.T.Me_dL.Me_Phe(3-Cl).Phe(4-CF3)}$PEPTIDE1,PEPTIDE1,1:R1-7:R2$$$",-7.08500000,ok,,flexible
"PEPTIDE1{Me_Bal.I.F.G.meL.dP.T}$PEPTIDE1,PEPTIDE1,1:R1-7:R2$$$",-6.29200000,ok,,flexible
"PEPTIDE1{Me_Bal.Asp_piperidide.Mono7.T.Mono6.Et_Gly.dP}$PEPTIDE1,PEPTIDE1,1:R1-7:R2$$$",-6.81700000,ok,,flexible
"PEPTIDE1{Mono6.F.dP.Y.dP.T.Me_Phe(3-Cl)}$PEPTIDE1,PEPTIDE1,1:R1-7:R2$$$",-6.86100000,ok,,flexible
"PEPTIDE1{dV.meL.G.P.D.Phe(4-CF3).G}$PEPTIDE1,PEPTIDE1,1:R1-7:R2$$$",-6.28900000,ok,,flexible
"PEPTIDE1{A.dP.meY.T.P.G.F}$PEPTIDE1,PEPTIDE1,1:R1-7:R2$$$",-6.69800000,ok,,flexible
"PEPTIDE1{Mono6.dP.meL.D.P.G.Phe(4-CF3)}$PEPTIDE1,PEPTIDE1,1:R1-7:R2$$$",-7.24500000,ok,,flexible
"PEPTIDE1{Mono6.meL.dP.G.P.T.D}$PEPTIDE1,PEPTIDE1,1:R1-7:R2$$$",-6.17600000,ok,,flexible
"PEPTIDE1{meA.dP.P.Phe(4-CF3).dP.D.G}$PEPTIDE1,PEPTIDE1,1:R1-7:R2$$$",-7.18100000,ok,,flexible
"PEPTIDE1{Pr_Gly.Mono38.A.P.meF.Nle.dP}$PEPTIDE1,PEPTIDE1,1:R1-7:R2$$$",-6.52800000,ok,,flexible
"PEPTIDE1{Me_dA.Sar.meL.L.T.P.I}$PEPTIDE1,PEPTIDE1,1:R1-7:R2$$$",-5.75200000,ok,,flexible
"PEPTIDE1{F.A.Me_dL.P.dP.dP.Me_Phe(3-Cl)}$PEPTIDE1,PEPTIDE1,1:R1-7:R2$$$",-6.69900000,ok,,flexible
"PEPTIDE1{Me_dA.T.Mono86.I.Mono84.Me_Phe(3-Cl).P}$PEPTIDE1,PEPTIDE1,1:R1-7:R2$$$",-6.72400000,ok,,flexible
"PEPTIDE1{Mono6.F.T.G.P.D.P}$PEPTIDE1,PEPTIDE1,1:R1-7:R2$$$",-6.92000000,ok,,flexible
"PEPTIDE1{Me_Bal.P.T.Mono6.Asp_piperidide.meL.Y}$PEPTIDE1,PEPTIDE1,1:R1-7:R2$$$",-6.32300000,ok,,flexible
"PEPTIDE1{Mono6.pentyl_Gly.dP.A.T.F.P}$PEPTIDE1,PEPTIDE1,1:R1-7:R2$$$",-6.21500000,ok,,flexible
"PEPTIDE1{Me_dA.G.G.I.meL.D.T}$PEPTIDE1,PEPTIDE1,1:R1-7:R2$$$",-6.07300000,ok,,flexible
"PEPTIDE1{dA.Y.F.dY.meL.P.dP}$PEPTIDE1,PEPTIDE1,1:R1-7:R2$$$",-6.91200000,ok,,flexible
"PEPTIDE1{Me_Bal.P.F.P.G.T.dY}$PEPTIDE1,PEPTIDE1,1:R1-7:R2$$$",-6.80300000,ok,,flexible
"PEPTIDE1{dV.T.meL.G.G.I.D}$PEPTIDE1,PEPTIDE1,1:R1-7:R2$$$",-5.93000000,ok,,flexible
"PEPTIDE1{Me_Bal.Sar.A.L.P.meL.I}$PEPTIDE1,PEPTIDE1,1:R1-7:R2$$$",-5.91400000,ok,,flexible
"PEPTIDE1{dA.T.P.dY.F.dP.D}$PEPTIDE1,PEPTIDE1,1:R1-7:R2$$$",-6.52200000,ok,,flexible
"PEPTIDE1{dA.meL.D.dP.dP.T.F}$PEPTIDE1,PEPTIDE1,1:R1-7:R2$$$",-6.82000000,ok,,flexible
"PEPTIDE1{Me_dA.P.dP.F.P.V.L}$PEPTIDE1,PEPTIDE1,1:R1-7:R2$$$",-6.67300000,ok,,flexible
"PEPTIDE1{F.T.Me_dA.dP.Me_Phe(3-Cl).dL.I}$PEPTIDE1,PEPTIDE1,1:R1-7:R2$$$",-6.49900000,ok,,flexible
"PEPTIDE1{meA.meF.meL.P.A.Sar.V}$PEPTIDE1,PEPTIDE1,1:R1-7:R2$$$",-6.31400000,ok,,flexible
"PEPTIDE1{A.meL.Y.G.D.dP.T}$PEPTIDE1,PEPTIDE1,1:R1-7:R2$$$",-6.14300000,ok,,flexible
"PEPTIDE1{dA.T.dY.F.dP.I.P}$PEPTIDE1,PEPTIDE1,1:R1-7:R2$$$",-6.47300000,ok,,flexible
"PEPTIDE1{Me_dA.meL.P.Me_dL.F.Me_dAbu.dP}$PEPTIDE1,PEPTIDE1,1:R1-7:R2$$$",-5.81100000,ok,,flexible
"PEPTIDE1{dA.Me_Phe(3-Cl).meL.Y.P.dP.P}$PEPTIDE1,PEPTIDE1,1:R1-7:R2$$$",-7.29900000,ok,,flexible
"PEPTIDE1{dA.pentyl_Gly.dP.dF.V.T.dP}$PEPTIDE1,PEPTIDE1,1:R1-7:R2$$$",-5.72100000,ok,,flexible
"PEPTIDE1{Mono6.dP.P.dP.dP.meL.Asp_piperidide}$PEPTIDE1,PEPTIDE1,1:R1-7:R2$$$",-6.47300000,ok,,flexible
"PEPTIDE1{dA.Me_dL.L.F.dP.Mono84.P}$PEPTIDE1,PEPTIDE1,1:R1-7:R2$$$",-6.84500000,ok,,flexible
"PEPTIDE1{meA.D.T.G.F.dP.meL}$PEPTIDE1,PEPTIDE1,1:R1-7:R2$$$",-5.99600000,ok,,flexible
"PEPTIDE1{Me_Bal.T.meL.Mono6.P.Me_dL.dP}$PEPTIDE1,PEPTIDE1,1:R1-7:R2$$$",-5.91600000,ok,,flexible
"PEPTIDE1{Pr_Gly.L.G.T.A.P.dP}$PEPTIDE1,PEPTIDE1,1:R1-7:R2$$$",-6.25900000,ok,,flexible
"PEPTIDE1{Me_Bal.dP.T.Me_Phe(3-Cl).Me_Phe(3-Cl).F.P}$PEPTIDE1,PEPTIDE1,1:R1-7:R2$$$",-7.59700000,ok,,flexible
"PEPTIDE1{Mono6.meA.Y.meL.P.Asp_piperidide.T}$PEPTIDE1,PEPTIDE1,1:R1-7:R2$$$",-6.83500000,ok,,flexible
"PEPTIDE1{meA.Me_dAbu.F.Ala(5-Tet).Phe(4-CF3).P.meL}$PEPTIDE1,PEPTIDE1,1:R1-7:R2$$$",-6.94900000,ok,,flexible
"PEPTIDE1{Me_dA.P.dP.dV.Sar.meA.Bn_Gly}$PEPTIDE1,PEPTIDE1,1:R1-7:R2$$$",-6.72300000,ok,,flexible
"PEPTIDE1{Me_dA.dP.T.G.Phe(4-CF3).P.P}$PEPTIDE1,PEPTIDE1,1:R1-7:R2$$$",-7.03100000,ok,,flexible
"PEPTIDE1{dA.dPye.I.T.F.L.dL}$PEPTIDE1,PEPTIDE1,1:R1-7:R2$$$",-5.16900000,ok,,flexible
"PEPTIDE1{dP.I.Mono86.P.L.dL.Mono84}$PEPTIDE1,PEPTIDE1,1:R1-7:R2$$$",-5.55700000,ok,,flexible
"PEPTIDE1{dA.F.cHexCH2_Gly.L.P.dL.T}$PEPTIDE1,PEPTIDE1,1:R1-7:R2$$$",-5.86800000,ok,,flexible
"PEPTIDE1{dA.Me_dAbu.G.dP.Y.P.meL}$PEPTIDE1,PEPTIDE1,1:R1-7:R2$$$",-6.41300000,ok,,flexible
"PEPTIDE1{dV.G.Pr_Gly.P.dP.F.L}$PEPTIDE1,PEPTIDE1,1:R1-7:R2$$$",-5.99500000,ok,,flexible
"PEPTIDE1{Me_dA.F.T.G.P.dP.Sar}$PEPTIDE1,PEPTIDE1,1:R1-7:R2$$$",-7.23900000,ok,,flexible
"PEPTIDE1{dF.G.P.Ser(tBu).I.T.dL}$PEPTIDE1,PEPTIDE1,1:R1-7:R2$$$",-5.38600000,ok,,flexible
"PEPTIDE1{Me_Bal.F.G.T.P.meL.A}$PEPTIDE1,PEPTIDE1,1:R1-7:R2$$$",-6.60600000,ok,,flexible
"PEPTIDE1{P.T.P.Asp_piperidide.dP.P.T}$PEPTIDE1,PEPTIDE1,1:R1-7:R2$$$",-7.46400000,ok,,flexible
"PEPTIDE1{A.F.P.G.Me_Phe(3-Cl).P.Y}$PEPTIDE1,PEPTIDE1,1:R1-7:R2$$$",-7.02300000,ok,,flexible
"PEPTIDE1{Pr_Gly.P.3Pal.Mono84.I.dP.Me_Phe(3-Cl)}$PEPTIDE1,PEPTIDE1,1:R1-7:R2$$$",-6.08000000,ok,,flexible
"PEPTIDE1{Sar.G.meA.P.V.dP.Me_dL}$PEPTIDE1,PEPTIDE1,1:R1-7:R2$$$",-6.64000000,ok,,flexible
"PEPTIDE1{Me_Bal.meA.P.G.dP.F.I}$PEPTIDE1,PEPTIDE1,1:R1-7:R2$$$",-7.28100000,ok,,flexible
"PEPTIDE1{meA.meL.Ser(tBu).Ser(tBu).P.dP.Me_Phe(3-Cl)}$PEPTIDE1,PEPTIDE1,1:R1-7:R2$$$",-5.18900000,ok,,flexible
"PEPTIDE1{dA.P.P.T.Phe(4-CF3).G.dP}$PEPTIDE1,PEPTIDE1,1:R1-7:R2$$$",-8.17300000,ok,,flexible
"PEPTIDE1{Mono6.T.dP.dP.Me_Phe(3-Cl).G.T}$PEPTIDE1,PEPTIDE1,1:R1-7:R2$$$",-7.21600000,ok,,flexible
"PEPTIDE1{Mono6.T.D.dP.Y.G.P}$PEPTIDE1,PEPTIDE1,1:R1-7:R2$$$",-6.47000000,ok,,flexible
"PEPTIDE1{P.Ser(tBu).meL.Me_Phe(3-Cl).Mono34.T.P}$PEPTIDE1,PEPTIDE1,1:R1-7:R2$$$",-5.60100000,ok,,flexible
"PEPTIDE1{Mono6.P.meL.meY.Me_Phe(3-Cl).Asp_piperidide.P}$PEPTIDE1,PEPTIDE1,1:R1-7:R2$$$",-6.81500000,ok,,flexible
"PEPTIDE1{dF.Ser(tBu).A.dL.dP.F.Sar}$PEPTIDE1,PEPTIDE1,1:R1-7:R2$$$",-6.00200000,ok,,flexible
"PEPTIDE1{A.pentyl_Gly.L.T.P.meL.dP}$PEPTIDE1,PEPTIDE1,1:R1-7:R2$$$",-5.78000000,ok,,flexible
"PEPTIDE1{dP.meA.T.G.Me_dA.meL.F}$PEPTIDE1,PEPTIDE1,1:R1-7:R2$$$",-6.46000000,ok,,flexible
"PEPTIDE1{dA.meA.D.dP.Me_Phe(3-Cl).I.P}$PEPTIDE1,PEPTIDE1,1:R1-7:R2$$$",-6.41600000,ok,,flexible
"PEPTIDE1{dV.dP.F.P.P.dP.Y}$PEPTIDE1,PEPTIDE1,1:R1-7:R2$$$",-7.42500000,ok,,flexible
"PEPTIDE1{Pr_Gly.P.P.Y.Mono6.Asp_piperidide.T}$PEPTIDE1,PEPTIDE1,1:R1-7:R2$$$",-7.15400000,ok,,flexible
"PEPTIDE1{F.Me_Phe(3-Cl).dP.meL.Phe(4-CF3).P.dP}$PEPTIDE1,PEPTIDE1,1:R1-7:R2$$$",-7.02400000,ok,,flexible
"PEPTIDE1{meL.T.dP.P.Me_Phe(3-Cl).V.Asp_piperidide}$PEPTIDE1,PEPTIDE1,1:R1-7:R2$$$",-6.00700000,ok,,flexible
"PEPTIDE1{Me_dA.T.L.Nle.meL.T.I}$PEPTIDE1,PEPTIDE1,1:R1-7:R2$$$",-5.26500000,ok,,flexible
"PEPTIDE1{dV.F.P.P.meL.Y.Phe(4-CF3)}$PEPTIDE1,PEPTIDE1,1:R1-7:R2$$$",-6.78800000,ok,,flexible
"PEPTIDE1{F.P.Me_Phe(3-Cl).A.I.dP.T}$PEPTIDE1,PEPTIDE1,1:R1-7:R2$$$",-6.08500000,ok,,flexible
"PEPTIDE1{dA.D.F.P.dP.T.P}$PEPTIDE1,PEPTIDE1,1:R1-7:R2$$$",-6.63800000,ok,,flexible
"PEPTIDE1{dA.P.dP.G.meL.T.Sar}$PEPTIDE1,PEPTIDE1,1:R1-7:R2$$$",-6.78400000,ok,,flexible
"PEPTIDE1{dV.Mono84.P.P.Me_Phe(3-Cl).F.I}$PEPTIDE1,PEPTIDE1,1:R1-7:R2$$$",-6.27200000,ok,,flexible
"PEPTIDE1{dV.dP.meL.T.P.G.T}$PEPTIDE1,PEPTIDE1,1:R1-7:R2$$$",-6.63200000,ok,,flexible
"PEPTIDE1{Mono6.A.Pr_Gly.T.Mono7.Me_Phe(3-Cl).Me_dA}$PEPTIDE1,PEPTIDE1,1:R1-7:R2$$$",-6.81000000,ok,,flexible
"PEPTIDE1{meA.Pr_Gly.F.dP.dP.T.P}$PEPTIDE1,PEPTIDE1,1:R1-7:R2$$$",-7.59100000,ok,,flexible
"PEPTIDE1{Mono6.D.T.T.dL.P.P}$PEPTIDE1,PEPTIDE1,1:R1-7:R2$$$",-6.31000000,ok,,flexible
"PEPTIDE1{P.dA.meA.Me_Phe(3-Cl).G.F.T}$PEPTIDE1,PEPTIDE1,1:R1-7:R2$$$",-6.97900000,ok,,flexible
"PEPTIDE1{Mono6.dP.F.D.P.T.T}$PEPTIDE1,PEPTIDE1,1:R1-7:R2$$$",-6.35100000,ok,,flexible
"PEPTIDE1{meA.A.T.P.G.dP.Sar}$PEPTIDE1,PEPTIDE1,1:R1-7:R2$$$",-6.82800000,ok,,flexible
"PEPTIDE1{dV.P.dP.P.P.dP.meL}$PEPTIDE1,PEPTIDE1,1:R1-7:R2$$$",-6.98600000,ok,,flexible
"PEPTIDE1{Me_dA.dP.dP.P.G.Asp_piperidide.Me_dL}$PEPTIDE1,PEPTIDE1,1:R1-7:R2$$$",-7.16800000,ok,,flexible
"PEPTIDE1{A.T.meL.meF.T.F.Me_Phe(3-Cl)}$PEPTIDE1,PEPTIDE1,1:R1-7:R2$$$",-6.06200000,ok,,flexible
"PEPTIDE1{Me_Bal.meL.dP.G.dP.Me_Phe(3-Cl).T}$PEPTIDE1,PEPTIDE1,1:R1-7:R2$$$",-6.08300000,ok,,flexible
"PEPTIDE1{dV.P.G.dP.meL.D.G}$PEPTIDE1,PEPTIDE1,1:R1-7:R2$$$",-6.61900000,ok,,flexible
"PEPTIDE1{dV.Pr_Gly.meA.Me_dL.P.A.Me_Phe(3-Cl)}$PEPTIDE1,PEPTIDE1,1:R1-7:R2$$$",-6.58500000,ok,,flexible
"PEPTIDE1{dA.P.Me_dL.P.Y.G.T}$PEPTIDE1,PEPTIDE1,1:R1-7:R2$$$",-7.00300000,ok,,flexible
"PEPTIDE1{dA.meL.Ser(tBu).L.meF.Mono86.Mono84}$PEPTIDE1,PEPTIDE1,1:R1-7:R2$$$",-6.04700000,ok,,flexible
"PEPTIDE1{Me_dA.F.meL.P.dP.D.G}$PEPTIDE1,PEPTIDE1,1:R1-7:R2$$$",-6.75800000,ok,,flexible
"PEPTIDE1{Mono6.Ser(tBu).T.F.P.T.V}$PEPTIDE1,PEPTIDE1,1:R1-7:R2$$$",-5.88100000,ok,,flexible
"PEPTIDE1{dA.Me_dL.F.dP.T.Me_Phe(3-Cl).P}$PEPTIDE1,PEPTIDE1,1:R1-7:R2$$$",-7.14000000,ok,,flexible
"PEPTIDE1{meA.P.meL.dP.Me_Phe(3-Cl).Mono86.Ser(tBu)}$PEPTIDE1,PEPTIDE1,1:R1-7:R2$$$",-6.37900000,ok,,flexible
"PEPTIDE1{F.dF.dP.Ser(tBu).Et_Gly.Me_Phe(3-Cl).A}$PEPTIDE1,PEPTIDE1,1:R1-7:R2$$$",-6.92000000,ok,,flexible
"PEPTIDE1{Me_dA.I.P.F.Me_Phe(3-Cl).G.P}$PEPTIDE1,PEPTIDE1,1:R1-7:R2$$$",-6.82100000,ok,,flexible
"PEPTIDE1{dV.dP.meL.I.dP.P.P}$PEPTIDE1,PEPTIDE1,1:R1-7:R2$$$",-6.74300000,ok,,flexible
"PEPTIDE1{Me_Bal.T.I.Me_Phe(3-Cl).P.D.dP}$PEPTIDE1,PEPTIDE1,1:R1-7:R2$$$",-6.94500000,ok,,flexible
"PEPTIDE1{dA.dY.P.T.D.G.Y}$PEPTIDE1,PEPTIDE1,1:R1-7:R2$$$",-6.77100000,ok,,flexible
"PEPTIDE1{meA.T.P.dP.F.I.dP}$PEPTIDE1,PEPTIDE1,1:R1-7:R2$$$",-6.58900000,ok,,flexible
"PEPTIDE1{Me_Bal.F.T.P.I.G.D}$PEPTIDE1,PEPTIDE1,1:R1-7:R2$$$",-5.70800000,ok,,flexible
"PEPTIDE1{P.Pr_Gly.G.T.D.G.Y}$PEPTIDE1,PEPTIDE1,1:R1-7:R2$$$",-6.03500000,ok,,flexible
"PEPTIDE1{Me_dA.P.I.T.D.P.T}$PEPTIDE1,PEPTIDE1,1:R1-7:R2$$$",-6.15100000,ok,,flexible
"PEPTIDE1{dA.A.dL.F.Me_Phe(3-Cl).Me_dL.Pr_Gly}$PEPTIDE1,PEPTIDE1,1:R1-7:R2$$$",-6.08300000,ok,,flexible
"PEPTIDE1{P.A.G.F.Me_dL.Me_dA.meA}$PEPTIDE1,PEPTIDE1,1:R1-7:R2$$$",-6.39600000,ok,,flexible
"PEPTIDE1{dV.P.F.G.T.Asp_piperidide.D}$PEPTIDE1,PEPTIDE1,1:R1-7:R2$$$",-5.87700000,ok,,flexible
"PEPTIDE1{meA.Pr_Gly.meL.Me_dA.Me_Phe(3-Cl).T.P}$PEPTIDE1,PEPTIDE1,1:R1-7:R2$$$",-7.23400000,ok,,flexible
"PEPTIDE1{dA.meA.F.Sar.T.meL.P}$PEPTIDE1,PEPTIDE1,1:R1-7:R2$$$",-7.35000000,ok,,flexible
"PEPTIDE1{dA.A.Me_dL.meL.F.P.Asp_piperidide}$PEPTIDE1,PEPTIDE1,1:R1-7:R2$$$",-6.16900000,ok,,flexible
"PEPTIDE1{Me_Bal.Me_dA.P.F.T.dF.Me_dL}$PEPTIDE1,PEPTIDE1,1:R1-7:R2$$$",-6.43700000,ok,,flexible
"PEPTIDE1{Me_Bal.dP.F.meL.P.G.D}$PEPTIDE1,PEPTIDE1,1:R1-7:R2$$$",-6.74900000,ok,,flexible
"PEPTIDE1{dF.D.dP.P.P.F.dP}$PEPTIDE1,PEPTIDE1,1:R1-7:R2$$$",-6.84200000,ok,,flexible
"PEPTIDE1{dA.I.G.F.meL.T.P}$PEPTIDE1,PEPTIDE1,1:R1-7:R2$$$",-6.14300000,ok,,flexible
"PEPTIDE1{Me_dA.pentyl_Gly.I.A.L.Mono7.T}$PEPTIDE1,PEPTIDE1,1:R1-7:R2$$$",-5.57300000,ok,,flexible
"PEPTIDE1{Me_Bal.meY.dP.P.meL.Asp_piperidide.T}$PEPTIDE1,PEPTIDE1,1:R1-7:R2$$$",-6.08800000,ok,,flexible
"PEPTIDE1{meA.G.P.dP.T.dP.Y}$PEPTIDE1,PEPTIDE1,1:R1-7:R2$$$",-7.49500000,ok,,flexible
"PEPTIDE1{meA.Me_dL.D.F.T.dP.P}$PEPTIDE1,PEPTIDE1,1:R1-7:R2$$$",-6.79200000,ok,,flexible
"PEPTIDE1{Me_dA.meL.T.T.F.Me_Phe(3-Cl).P}$PEPTIDE1,PEPTIDE1,1:R1-7:R2$$$",-6.01500000,ok,,flexible
"PEPTIDE1{Pr_Gly.P.dP.Asp_piperidide.P.Mono6.meL}$PEPTIDE1,PEPTIDE1,1:R1-7:R2$$$",-6.69400000,ok,,flexible
"PEPTIDE1{dP.meA.A.P.Pr_Gly.dL.L}$PEPTIDE1,PEPTIDE1,1:R1-7:R2$$$",-6.40000000,ok,,flexible
"PEPTIDE1{P.dA.L.Me_dA.meA.A.Me_dL}$PEPTIDE1,PEPTIDE1,1:R1-7:R2$$$",-6.27900000,ok,,flexible
"PEPTIDE1{P.A.G.Me_dA.F.meL.dA}$PEPTIDE1,PEPTIDE1,1:R1-7:R2$$$",-7.33100000,ok,,flexible
"PEPTIDE1{F.cHexCH2_Gly.I.meL.P.A.dP}$PEPTIDE1,PEPTIDE1,1:R1-7:R2$$$",-6.54900000,ok,,flexible
"PEPTIDE1{Me_dA.T.P.Me_Phe(3-Cl).meL.F.G}$PEPTIDE1,PEPTIDE1,1:R1-7:R2$$$",-6.84800000,ok,,flexible
"PEPTIDE1{meA.A.Me_dL.Ser(tBu).P.meL.L}$PEPTIDE1,PEPTIDE1,1:R1-7:R2$$$",-5.98100000,ok,,flexible
"PEPTIDE1{meA.dL.Mono84.P.A.dP.meL}$PEPTIDE1,PEPTIDE1,1:R1-7:R2$$$",-6.43700000,ok,,flexible
"PEPTIDE1{Me_Bal.dP.P.G.V.P.meL}$PEPTIDE1,PEPTIDE1,1:R1-7:R2$$$",-7.00800000,ok,,flexible
"PEPTIDE1{Mono6.Pr_Gly.F.meY.dL.dP.Me_dA}$PEPTIDE1,PEPTIDE1,1:R1-7:R2$$$",-7.10700000,ok,,flexible
"PEPTIDE1{Me_dA.A.P.dV.meL.D.P}$PEPTIDE1,PEPTIDE1,1:R1-7:R2$$$",-5.82600000,ok,,flexible
"PEPTIDE1{Pr_Gly.dP.G.dP.meL.P.T}$PEPTIDE1,PEPTIDE1,1:R1-7:R2$$$",-6.47300000,ok,,flexible
"PEPTIDE1{dV.dP.dP.G.F.P.meL}$PEPTIDE1,PEPTIDE1,1:R1-7:R2$$$",-7.03000000,ok,,flexible
"PEPTIDE1{A.meL.T.F.I.G.D}$PEPTIDE1,PEPTIDE1,1:R1-7:R2$$$",-5.69400000,ok,,flexible
"PEPTIDE1{F.Mono6.Pr_Gly.P.T.Mono34.dP}$PEPTIDE1,PEPTIDE1,1:R1-7:R2$$$",-5.33200000,ok,,flexible
"PEPTIDE1{Me_dA.T.G.P.Y.dY.F}$PEPTIDE1,PEPTIDE1,1:R1-7:R2$$$",-6.85100000,ok,,flexible
"PEPTIDE1{Me_dA.T.G.P.I.G.dP}$PEPTIDE1,PEPTIDE1,1:R1-7:R2$$$",-6.56600000,ok,,flexible
"PEPTIDE1{dA.Mono84.dP.L.T.Ser(tBu).3Pal}$PEPTIDE1,PEPTIDE1,1:R1-7:R2$$$",-6.28700000,ok,,flexible
"PEPTIDE1{Me_dA.meA.meL.Me_dL.P.P.F}$PEPTIDE1,PEPTIDE1,1:R1-7:R2$$$",-6.81100000,ok,,flexible
"PEPTIDE1{dV.dP.P.P.F.meL.D}$PEPTIDE1,PEPTIDE1,1:R1-7:R2$$$",-6.67800000,ok,,flexible
"PEPTIDE1{Me_Bal.Me_Nle.meA.P.L.Me_Phe(3-Cl).P}$PEPTIDE1,PEPTIDE1,1:R1-7:R2$$$",-6.18300000,ok,,flexible
"PEPTIDE1{dP.Me_dL.meL.T.F.dY.P}$PEPTIDE1,PEPTIDE1,1:R1-7:R2$$$",-6.59900000,ok,,flexible
"PEPTIDE1{Me_dA.T.dP.D.I.P.F}$PEPTIDE1,PEPTIDE1,1:R1-7:R2$$$",-6.53100000,ok,,flexible
"PEPTIDE1{meL.T.Me_Phe(3-Cl).F.P.P.I}$PEPTIDE1,PEPTIDE1,1:R1-7:R2$$$",-6.14800000,ok,,flexible
"PEPTIDE1{dP.P.G.I.D.P.G}$PEPTIDE1,PEPTIDE1,1:R1-7:R2$$$",-6.42000000,ok,,flexible
"PEPTIDE1{Mono6.meA.Me_dL.F.Pr_Gly.Ser(tBu).T}$PEPTIDE1,PEPTIDE1,1:R1-7:R2$$$",-5.61000000,ok,,flexible
"PEPTIDE1{Me_dA.meY.G.Me_dL.P.P.Me_Phe(3-Cl)}$PEPTIDE1,PEPTIDE1,1:R1-7:R2$$$",-7.39400000,ok,,flexible
"PEPTIDE1{meA.dP.meL.dP.Me_dL.T.meY}$PEPTIDE1,PEPTIDE1,1:R1-7:R2$$$",-6.55800000,ok,,flexible
"PEPTIDE1{Mono6.P.dL.Me_Phe(3-Cl).T.meL.Nle}$PEPTIDE1,PEPTIDE1,1:R1-7:R2$$$",-5.01800000,ok,,flexible
"PEPTIDE1{Pr_Gly.3Pal.L.T.P.T.dP}$PEPTIDE1,PEPTIDE1,1:R1-7:R2$$$",-6.01800000,ok,,flexible
"PEPTIDE1{Mono6.Sar.dP.meL.I.T.P}$PEPTIDE1,PEPTIDE1,1:R1-7:R2$$$",-6.37800000,ok,,flexible
"PEPTIDE1{Me_Bal.P.Asp_piperidide.G.dP.F.T}$PEPTIDE1,PEPTIDE1,1:R1-7:R2$$$",-6.79000000,ok,,flexible
"PEPTIDE1{Mono6.F.T.P.Mono78.L.P}$PEPTIDE1,PEPTIDE1,1:R1-7:R2$$$",-6.38700000,ok,,flexible
"PEPTIDE1{dA.A.meL.dP.Me_Phe(3-Cl).meF.T}$PEPTIDE1,PEPTIDE1,1:R1-7:R2$$$",-6.93500000,ok,,flexible
"PEPTIDE1{Me_Bal.Me_dA.dL.P.T.F.Me_dL}$PEPTIDE1,PEPTIDE1,1:R1-7:R2$$$",-5.95600000,ok,,flexible
"PEPTIDE1{Me_Bal.Me_dA.dL.A.meF.F.meL}$PEPTIDE1,PEPTIDE1,1:R1-7:R2$$$",-6.58300000,ok,,flexible
"PEPTIDE1{Me_Bal.Pr_Gly.G.L.Mono84.P.Mono7}$PEPTIDE1,PEPTIDE1,1:R1-7:R2$$$",-5.95300000,ok,,flexible
"PEPTIDE1{meA.P.Pr_Gly.dP.Me_dA.meY.Y}$PEPTIDE1,PEPTIDE1,1:R1-7:R2$$$",-7.59200000,ok,,flexible
"PEPTIDE1{Me_Bal.G.L.T.T.D.F}$PEPTIDE1,PEPTIDE1,1:R1-7:R2$$$",-6.13100000,ok,,flexible
"PEPTIDE1{P.F.P.dP.meL.I.Me_Phe(3-Cl)}$PEPTIDE1,PEPTIDE1,1:R1-7:R2$$$",-6.44000000,ok,,flexible
"PEPTIDE1{dV.dP.Phe(4-CF3).Asp_piperidide.G.dP.P}$PEPTIDE1,PEPTIDE1,1:R1-7:R2$$$",-7.30400000,ok,,flexible
"PEPTIDE1{Me_Bal.T.dP.Me_Phe(3-Cl).dP.G.F}$PEPTIDE1,PEPTIDE1,1:R1-7:R2$$$",-6.91400000,ok,,flexible
"PEPTIDE1{dV.Pr_Gly.Me_dL.meL.F.T.Me_Phe(3-Cl)}$PEPTIDE1,PEPTIDE1,1:R1-7:R2$$$",-5.79500000,ok,,flexible
"PEPTIDE1{A.P.dP.Me_dL.Me_dA.T.meL}$PEPTIDE1,PEPTIDE1,1:R1-7:R2$$$",-5.78300000,ok,,flexible
"PEPTIDE1{meA.cHexCH2_Gly.meF.dP.I.dP.T}$PEPTIDE1,PEPTIDE1,1:R1-7:R2$$$",-6.62900000,ok,,flexible
"PEPTIDE1{dV.F.meA.G.Me_dL.P.I}$PEPTIDE1,PEPTIDE1,1:R1-7:R2$$$",-6.59200000,ok,,flexible
"PEPTIDE1{Mono6.P.T.P.dP.I.G}$PEPTIDE1,PEPTIDE1,1:R1-7:R2$$$",-7.07700000,ok,,flexible
"PEPTIDE1{meA.pentyl_Gly.P.T.dL.dP.Me_Phe(3-Cl)}$PEPTIDE1,PEPTIDE1,1:R1-7:R2$$$",-6.29600000,ok,,flexible
"PEPTIDE1{Me_Bal.P.T.P.I.F.dP}$PEPTIDE1,PEPTIDE1,1:R1-7:R2$$$",-6.40600000,ok,,flexible
"PEPTIDE1{A.meY.dP.P.G.T.Me_Phe(3-Cl)}$PEPTIDE1,PEPTIDE1,1:R1-7:R2$$$",-7.64000000,ok,,flexible
"PEPTIDE1{Me_dA.dP.meL.dP.T.Me_Phe(3-Cl).D}$PEPTIDE1,PEPTIDE1,1:R1-7:R2$$$",-6.15200000,ok,,flexible
"PEPTIDE1{A.Me_dL.T.dP.T.G.pentyl_Gly}$PEPTIDE1,PEPTIDE1,1:R1-7:R2$$$",-5.35500000,ok,,flexible
"PEPTIDE1{Sar.F.Me_dL.V.meL.I.L}$PEPTIDE1,PEPTIDE1,1:R1-7:R2$$$",-5.70700000,ok,,flexible
"PEPTIDE1{dV.I.meL.G.Phe(4-CF3).T.D}$PEPTIDE1,PEPTIDE1,1:R1-7:R2$$$",-5.64500000,ok,,flexible
"PEPTIDE1{Me_dA.meA.Me_dL.meL.meY.A.G}$PEPTIDE1,PEPTIDE1,1:R1-7:R2$$$",-6.45500000,ok,,flexible
"PEPTIDE1{Me_Bal.meL.I.dP.V.L.F}$PEPTIDE1,PEPTIDE1,1:R1-7:R2$$$",-5.53200000,ok,,flexible
"PEPTIDE1{dV.P.T.dP.P.I.T}$PEPTIDE1,PEPTIDE1,1:R1-7:R2$$$",-5.83600000,ok,,flexible
"PEPTIDE1{Me_dA.meA.dP.meY.G.T.P}$PEPTIDE1,PEPTIDE1,1:R1-7:R2$$$",-7.34000000,ok,,flexible
"PEPTIDE1{meA.Me_dA.meL.meY.P.T.F}$PEPTIDE1,PEPTIDE1,1:R1-7:R2$$$",-7.18000000,ok,,flexible
"PEPTIDE1{Me_Bal.T.dP.T.P.I.G}$PEPTIDE1,PEPTIDE1,1:R1-7:R2$$$",-6.78600000,ok,,flexible
"PEPTIDE1{dV.dP.P.P.G.T.meY}$PEPTIDE1,PEPTIDE1,1:R1-7:R2$$$",-7.50300000,ok,,flexible
"PEPTIDE1{dV.meL.dP.I.P.Phe(4-CF3).T}$PEPTIDE1,PEPTIDE1,1:R1-7:R2$$$",-6.08900000,ok,,flexible
"PEPTIDE1{dP.A.Me_dA.Me_dL.F.dL.Me_Phe(3-Cl)}$PEPTIDE1,PEPTIDE1,1:R1-7:R2$$$",-7.18600000,ok,,flexible
"PEPTIDE1{A.G.meL.dP.D.Y.dY}$PEPTIDE1,PEPTIDE1,1:R1-7:R2$$$",-6.46600000,ok,,flexible
"PEPTIDE1{dP.G.Y.G.T.meL.F}$PEPTIDE1,PEPTIDE1,1:R1-7:R2$$$",-6.91100000,ok,,flexible
"PEPTIDE1{Me_Bal.meA.Me_dL.dP.Mono6.meL.Y}$PEPTIDE1,PEPTIDE1,1:R1-7:R2$$$",-6.26800000,ok,,flexible
"PEPTIDE1{Me_Bal.G.L.P.dP.Mono78.F}$PEPTIDE1,PEPTIDE1,1:R1-7:R2$$$",-7.04100000,ok,,flexible
"PEPTIDE1{meA.P.F.Me_Nle.Mono86.I.T}$PEPTIDE1,PEPTIDE1,1:R1-7:R2$$$",-6.42200000,ok,,flexible
"PEPTIDE1{Me_Bal.T.dP.P.T.F.I}$PEPTIDE1,PEPTIDE1,1:R1-7:R2$$$",-6.00500000,ok,,flexible
"PEPTIDE1{meL.P.L.dL.I.A.Mono84}$PEPTIDE1,PEPTIDE1,1:R1-7:R2$$$",-5.36400000,ok,,flexible
"PEPTIDE1{dA.meL.F.P.Phe(4-CF3).dP.I}$PEPTIDE1,PEPTIDE1,1:R1-7:R2$$$",-6.87100000,ok,,flexible
"PEPTIDE1{Me_dA.G.meL.I.dP.D.F}$PEPTIDE1,PEPTIDE1,1:R1-7:R2$$$",-6.11400000,ok,,flexible
"PEPTIDE1{dA.dP.T.F.Me_Phe(3-Cl).D.meL}$PEPTIDE1,PEPTIDE1,1:R1-7:R2$$$",-5.84500000,ok,,flexible
"PEPTIDE1{A.meA.Me_dA.Pr_Gly.meL.P.Me_dL}$PEPTIDE1,PEPTIDE1,1:R1-7:R2$$$",-5.50900000,ok,,flexible
"PEPTIDE1{dV.T.dP.F.G.V.P}$PEPTIDE1,PEPTIDE1,1:R1-7:R2$$$",-6.77900000,ok,,flexible
"PEPTIDE1{dP.meA.meL.F.dP.meY.P}$PEPTIDE1,PEPTIDE1,1:R1-7:R2$$$",-7.36900000,ok,,flexible
"PEPTIDE1{dV.P.Mono84.I.L.meL.F}$PEPTIDE1,PEPTIDE1,1:R1-7:R2$$$",-6.92600000,ok,,flexible
"PEPTIDE1{Mono6.Me_dL.dP.P.P.F.meY}$PEPTIDE1,PEPTIDE1,1:R1-7:R2$$$",-7.15800000,ok,,flexible
"PEPTIDE1{meA.P.F.Me_dL.G.V.Me_Phe(3-Cl)}$PEPTIDE1,PEPTIDE1,1:R1-7:R2$$$",-7.34000000,ok,,flexible
"PEPTIDE1{dA.dPye.dP.F.meL.Mono2.Ser(tBu)}$PEPTIDE1,PEPTIDE1,1:R1-7:R2$$$",-6.03000000,ok,,flexible
"PEPTIDE1{dA.G.dP.P.T.I.meL}$PEPTIDE1,PEPTIDE1,1:R1-7:R2$$$",-6.42100000,ok,,flexible
"PEPTIDE1{dA.dP.F.T.P.G.dL}$PEPTIDE1,PEPTIDE1,1:R1-7:R2$$$",-6.68500000,ok,,flexible
"PEPTIDE1{Mono6.P.T.P.Phe(4-CF3).P.F}$PEPTIDE1,PEPTIDE1,1:R1-7:R2$$$",-8.02800000,ok,,flexible
"PEPTIDE1{A.F.P.T.V.L.dP}$PEPTIDE1,PEPTIDE1,1:R1-7:R2$$$",-6.95400000,ok,,flexible
"PEPTIDE1{Mono6.L.T.Nle.dP.meL.P}$PEPTIDE1,PEPTIDE1,1:R1-7:R2$$$",-5.74300000,ok,,flexible
"PEPTIDE1{Me_Bal.meL.Asp_piperidide.Mono6.Nle.T.T}$PEPTIDE1,PEPTIDE1,1:R1-7:R2$$$",-6.55000000,ok,,flexible
"PEPTIDE1{Me_dA.T.dP.P.F.T.I}$PEPTIDE1,PEPTIDE1,1:R1-7:R2$$$",-6.44900000,ok,,flexible
"PEPTIDE1{Me_dA.meF.Me_dL.Mono6.T.F.dP}$PEPTIDE1,PEPTIDE1,1:R1-7:R2$$$",-6.84300000,ok,,flexible
"PEPTIDE1{P.meA.L.A.I.G.F}$PEPTIDE1,PEPTIDE1,1:R1-7:R2$$$",-6.48800000,ok,,flexible
"PEPTIDE1{Mono6.Asp_piperidide.dP.T.Me_Phe(3-Cl).G.P}$PEPTIDE1,PEPTIDE1,1:R1-7:R2$$$",-6.83100000,ok,,flexible
"PEPTIDE1{L.F.Y.dP.I.T.P}$PEPTIDE1,PEPTIDE1,1:R1-7:R2$$$",-6.33200000,ok,,flexible
"PEPTIDE1{meA.Ser(tBu).dP.Me_Nle.P.Nle.T}$PEPTIDE1,PEPTIDE1,1:R1-7:R2$$$",-6.44700000,ok,,flexible
"PEPTIDE1{Me_Bal.Me_dL.meY.P.dP.meL.P}$PEPTIDE1,PEPTIDE1,1:R1-7:R2$$$",-6.09700000,ok,,flexible
"PEPTIDE1{dP.Me_dL.D.T.P.P.F}$PEPTIDE1,PEPTIDE1,1:R1-7:R2$$$",-6.39000000,ok,,flexible
"PEPTIDE1{dV.meL.dP.dP.G.P.P}$PEPTIDE1,PEPTIDE1,1:R1-7:R2$$$",-7.20100000,ok,,flexible
"PEPTIDE1{dA.D.I.F.P.dP.P}$PEPTIDE1,PEPTIDE1,1:R1-7:R2$$$",-6.63200000,ok,,flexible
"PEPTIDE1{Sar.T.F.P.dP.meL.T}$PEPTIDE1,PEPTIDE1,1:R1-7:R2$$$",-6.50600000,ok,,flexible
"PEPTIDE1{Me_Bal.T.P.F.dP.dP.meL}$PEPTIDE1,PEPTIDE1,1:R1-7:R2$$$",-6.43400000,ok,,flexible
"PEPTIDE1{dV.G.G.dY.Y.meL.T}$PEPTIDE1,PEPTIDE1,1:R1-7:R2$$$",-6.13100000,ok,,flexible
"PEPTIDE1{Mono6.F.T.P.G.Me_Phe(3-Cl).Y}$PEPTIDE1,PEPTIDE1,1:R1-7:R2$$$",-6.69900000,ok,,flexible
"PEPTIDE1{A.Me_dL.P.Phe(4-CF3).dP.T.P}$PEPTIDE1,PEPTIDE1,1:R1-7:R2$$$",-7.68000000,ok,,flexible
"PEPTIDE1{Mono6.cHexCH2_Gly.L.pentyl_Gly.Mono86.T.G}$PEPTIDE1,PEPTIDE1,1:R1-7:R2$$$",-5.80000000,ok,,flexible
"PEPTIDE1{Mono6.dP.T.Asp_piperidide.meY.meL.dP}$PEPTIDE1,PEPTIDE1,1:R1-7:R2$$$",-6.22400000,ok,,flexible
"PEPTIDE1{dP.dP.Me_dL.dP.P.T.meY}$PEPTIDE1,PEPTIDE1,1:R1-7:R2$$$",-6.73100000,ok,,flexible
"PEPTIDE1{dA.Me_dA.T.P.dP.meL.G}$PEPTIDE1,PEPTIDE1,1:R1-7:R2$$$",-6.54200000,ok,,flexible
"PEPTIDE1{meA.meL.T.Me_dA.dP.P.F}$PEPTIDE1,PEPTIDE1,1:R1-7:R2$$$",-6.41200000,ok,,flexible
"PEPTIDE1{Me_dA.dL.F.P.Me_dL.P.T}$PEPTIDE1,PEPTIDE1,1:R1-7:R2$$$",-6.24300000,ok,,flexible
"PEPTIDE1{meA.P.G.P.D.meL.G}$PEPTIDE1,PEPTIDE1,1:R1-7:R2$$$",-6.57900000,ok,,flexible
"PEPTIDE1{dP.meL.P.meY.meF.P.G}$PEPTIDE1,PEPTIDE1,1:R1-7:R2$$$",-6.29500000,ok,,flexible
"PEPTIDE1{meA.D.P.dP.T.T.G}$PEPTIDE1,PEPTIDE1,1:R1-7:R2$$$",-6.08800000,ok,,flexible
"PEPTIDE1{dP.Me_dA.meL.L.G.Me_Phe(3-Cl).I}$PEPTIDE1,PEPTIDE1,1:R1-7:R2$$$",-6.30800000,ok,,flexible
"PEPTIDE1{Mono6.P.T.dP.F.meF.meL}$PEPTIDE1,PEPTIDE1,1:R1-7:R2$$$",-6.65800000,ok,,flexible
"PEPTIDE1{Mono6.dL.T.L.dP.P.F}$PEPTIDE1,PEPTIDE1,1:R1-7:R2$$$",-6.82500000,ok,,flexible
"PEPTIDE1{Me_Bal.D.meL.I.P.G.V}$PEPTIDE1,PEPTIDE1,1:R1-7:R2$$$",-6.57500000,ok,,flexible
"PEPTIDE1{P.bHph.L.A.dP.T.T}$PEPTIDE1,PEPTIDE1,1:R1-7:R2$$$",-7.40400000,ok,,flexible
"PEPTIDE1{dA.Mono38.dP.Me_Phe(3-Cl).P.I.L}$PEPTIDE1,PEPTIDE1,1:R1-7:R2$$$",-6.03700000,ok,,flexible
"PEPTIDE1{Me_Bal.dA.F.Me_dL.dP.V.A}$PEPTIDE1,PEPTIDE1,1:R1-7:R2$$$",-6.90300000,ok,,flexible
"PEPTIDE1{F.Me_dA.pentyl_Gly.dP.D.I.Mono84}$PEPTIDE1,PEPTIDE1,1:R1-7:R2$$$",-5.87700000,ok,,flexible
"PEPTIDE1{Mono6.P.T.meL.V.P.G}$PEPTIDE1,PEPTIDE1,1:R1-7:R2$$$",-6.48600000,ok,,flexible
"PEPTIDE1{dV.Mono7.dP.meL.Phe(4-CF3).P.dP}$PEPTIDE1,PEPTIDE1,1:R1-7:R2$$$",-7.15500000,ok,,flexible
"PEPTIDE1{Me_Bal.P.meL.L.V.I.G}$PEPTIDE1,PEPTIDE1,1:R1-7:R2$$$",-5.90500000,ok,,flexible
"PEPTIDE1{Me_Bal.A.F.G.P.meA.F}$PEPTIDE1,PEPTIDE1,1:R1-7:R2$$$",-6.86300000,ok,,flexible
"PEPTIDE1{dP.F.T.meA.P.meL.V}$PEPTIDE1,PEPTIDE1,1:R1-7:R2$$$",-6.36100000,ok,,flexible
"PEPTIDE1{F.Me_dA.dP.P.Me_Phe(3-Cl).P.Mono84}$PEPTIDE1,PEPTIDE1,1:R1-7:R2$$$",-7.42500000,ok,,flexible
"PEPTIDE1{F.T.I.L.V.G.Nle}$PEPTIDE1,PEPTIDE1,1:R1-7:R2$$$",-5.46700000,ok,,flexible
"PEPTIDE1{Me_dA.meA.T.F.P.dL.G}$PEPTIDE1,PEPTIDE1,1:R1-7:R2$$$",-6.81200000,ok,,flexible
"PEPTIDE1{Mono6.meL.dP.T.P.dP.Y}$PEPTIDE1,PEPTIDE1,1:R1-7:R2$$$",-6.98400000,ok,,flexible
"PEPTIDE1{A.meA.F.V.I.T.G}$PEPTIDE1,PEPTIDE1,1:R1-7:R2$$$",-6.43400000,ok,,flexible
"PEPTIDE1{Me_Bal.P.F.Me_Phe(3-Cl).D.Phe(4-CF3).P}$PEPTIDE1,PEPTIDE1,1:R1-7:R2$$$",-6.73500000,ok,,flexible
"PEPTIDE1{Me_dA.L.Me_Phe(3-Cl).I.F.T.Phe(4-CF3)}$PEPTIDE1,PEPTIDE1,1:R1-7:R2$$$",-6.70000000,ok,,flexible
"PEPTIDE1{L.P.T.F.dP.P.dP}$PEPTIDE1,PEPTIDE1,1:R1-7:R2$$$",-6.67200000,ok,,flexible
"PEPTIDE1{Me_dA.P.V.T.P.G.D}$PEPTIDE1,PEPTIDE1,1:R1-7:R2$$$",-6.42100000,ok,,flexible
"PEPTIDE1{dV.Me_dL.P.G.P.T.F}$PEPTIDE1,PEPTIDE1,1:R1-7:R2$$$",-6.49700000,ok,,flexible
"PEPTIDE1{F.Mono84.3Pal.T.meL.Phe(4-CF3).Et_Gly}$PEPTIDE1,PEPTIDE1,1:R1-7:R2$$$",-6.97000000,ok,,flexible
"PEPTIDE1{dA.P.P.I.T.F.Phe(4-CF3)}$PEPTIDE1,PEPTIDE1,1:R1-7:R2$$$",-6.33000000,ok,,flexible
"PEPTIDE1{meA.G.I.T.F.P.Y}$PEPTIDE1,PEPTIDE1,1:R1-7:R2$$$",-7.21900000,ok,,flexible
"PEPTIDE1{dA.P.T.dP.meY.dP.Y}$PEPTIDE1,PEPTIDE1,1:R1-7:R2$$$",-7.47300000,ok,,flexible
"PEPTIDE1{F.T.L.dP.I.G.P}$PEPTIDE1,PEPTIDE1,1:R1-7:R2$$$",-5.81500000,ok,,flexible
"PEPTIDE1{Me_dA.A.dP.F.Sar.T.dP}$PEPTIDE1,PEPTIDE1,1:R1-7:R2$$$",-6.87600000,ok,,flexible
"PEPTIDE1{Me_Bal.P.T.dP.P.V.I}$PEPTIDE1,PEPTIDE1,1:R1-7:R2$$$",-6.59100000,ok,,flexible
"PEPTIDE1{Pr_Gly.dP.P.Me_Phe(3-Cl).L.dL.meL}$PEPTIDE1,PEPTIDE1,1:R1-7:R2$$$",-5.66200000,ok,,flexible
"PEPTIDE1{Me_dA.Aib.dA.F.P.T.L}$PEPTIDE1,PEPTIDE1,1:R1-7:R2$$$",-6.45400000,ok,,flexible
"PEPTIDE1{meL.dP.I.P.dP.Asp_piperidide.T}$PEPTIDE1,PEPTIDE1,1:R1-7:R2$$$",-6.00300000,ok,,flexible
"PEPTIDE1{Me_Bal.T.I.L.dP.Mono78.dP}$PEPTIDE1,PEPTIDE1,1:R1-7:R2$$$",-6.42800000,ok,,flexible
"PEPTIDE1{Me_dA.meS.Asp_piperidide.P.T.Me_Phe(3-Cl).P}$PEPTIDE1,PEPTIDE1,1:R1-7:R2$$$",-5.83000000,ok,,flexible
"PEPTIDE1{Mono6.P.L.dP.I.T.A}$PEPTIDE1,PEPTIDE1,1:R1-7:R2$$$",-6.44500000,ok,,flexible
"PEPTIDE1{meA.dP.G.meL.L.I.F}$PEPTIDE1,PEPTIDE1,1:R1-7:R2$$$",-6.22500000,ok,,flexible
"PEPTIDE1{A.P.dP.meL.V.T.Mono84}$PEPTIDE1,PEPTIDE1,1:R1-7:R2$$$",-6.27500000,ok,,flexible
"PEPTIDE1{dA.Me_dA.meA.dP.G.T.Pr_Gly}$PEPTIDE1,PEPTIDE1,1:R1-7:R2$$$",-6.25200000,ok,,flexible
"PEPTIDE1{meA.Ser(tBu).L.T.P.Me_Phe(3-Cl).F}$PEPTIDE1,PEPTIDE1,1:R1-7:R2$$$",-7.22400000,ok,,flexible
"PEPTIDE1{meA.T.dP.I.P.F.V}$PEPTIDE1,PEPTIDE1,1:R1-7:R2$$$",-6.69800000,ok,,flexible
"PEPTIDE1{meA.P.P.V.T.dP.T}$PEPTIDE1,PEPTIDE1,1:R1-7:R2$$$",-6.97700000,ok,,flexible
"PEPTIDE1{Me_Bal.L.dP.T.Nle.P.I}$PEPTIDE1,PEPTIDE1,1:R1-7:R2$$$",-5.94800000,ok,,flexible
"PEPTIDE1{meA.dPye.dP.Me_dA.Me_dL.meL.P}$PEPTIDE1,PEPTIDE1,1:R1-7:R2$$$",-5.62000000,ok,,flexible
"PEPTIDE1{meA.Me_dA.dP.Mono6.dF.L.F}$PEPTIDE1,PEPTIDE1,1:R1-7:R2$$$",-5.65700000,ok,,flexible
"PEPTIDE1{F.T.P.Me_Phe(3-Cl).I.Me_Phe(3-Cl).dP}$PEPTIDE1,PEPTIDE1,1:R1-7:R2$$$",-6.27800000,ok,,flexible
"PEPTIDE1{A.meA.T.F.Me_dL.P.meL}$PEPTIDE1,PEPTIDE1,1:R1-7:R2$$$",-6.64700000,ok,,flexible
"PEPTIDE1{Me_Bal.cHexCH2_Gly.Me_Phe(3-Cl).P.F.L.Me_dL}$PEPTIDE1,PEPTIDE1,1:R1-7:R2$$$",-5.51800000,ok,,flexible
"PEPTIDE1{A.dF.Mono86.dL.L.Me_Phe(3-Cl).dP}$PEPTIDE1,PEPTIDE1,1:R1-7:R2$$$",-6.21900000,ok,,flexible
"PEPTIDE1{Me_dA.P.F.P.dP.F.meL}$PEPTIDE1,PEPTIDE1,1:R1-7:R2$$$",-6.45400000,ok,,flexible
"PEPTIDE1{dF.P.T.Me_Phe(3-Cl).dL.A.dP}$PEPTIDE1,PEPTIDE1,1:R1-7:R2$$$",-6.38400000,ok,,flexible
"PEPTIDE1{dF.dP.T.Y.P.T.P}$PEPTIDE1,PEPTIDE1,1:R1-7:R2$$$",-6.70400000,ok,,flexible
"PEPTIDE1{Sar.L.G.P.Ser(tBu).T.dP}$PEPTIDE1,PEPTIDE1,1:R1-7:R2$$$",-5.89900000,ok,,flexible
"PEPTIDE1{dP.meY.Y.P.Mono6.P.G}$PEPTIDE1,PEPTIDE1,1:R1-7:R2$$$",-7.74000000,ok,,flexible
"PEPTIDE1{Mono6.dP.dP.D.Phe(4-CF3).P.F}$PEPTIDE1,PEPTIDE1,1:R1-7:R2$$$",-6.78300000,ok,,flexible
"PEPTIDE1{Me_Bal.meL.T.I.P.dP.P}$PEPTIDE1,PEPTIDE1,1:R1-7:R2$$$",-6.56500000,ok,,flexible
"PEPTIDE1{dA.P.dP.A.meL.V.Me_dL}$PEPTIDE1,PEPTIDE1,1:R1-7:R2$$$",-6.08100000,ok,,flexible
"PEPTIDE1{Mono6.meL.dP.I.dP.Asp_piperidide.D}$PEPTIDE1,PEPTIDE1,1:R1-7:R2$$$",-6.16900000,ok,,flexible
"PEPTIDE1{P.Me_Phe(3-Cl).Mono7.T.Pr_Gly.Et_Gly.meL}$PEPTIDE1,PEPTIDE1,1:R1-7:R2$$$",-5.87600000,ok,,flexible
"PEPTIDE1{Me_Bal.P.L.I.dL.meL.Me_dL}$PEPTIDE1,PEPTIDE1,1:R1-7:R2$$$",-5.80200000,ok,,flexible
"PEPTIDE1{dA.F.dP.T.V.dL.T}$PEPTIDE1,PEPTIDE1,1:R1-7:R2$$$",-6.49200000,ok,,flexible
"PEPTIDE1{A.Pr_Gly.F.dP.T.Me_dA.dL}$PEPTIDE1,PEPTIDE1,1:R1-7:R2$$$",-5.84300000,ok,,flexible
"PEPTIDE1{dA.L.meA.P.F.meL.Me_Phe(3-Cl)}$PEPTIDE1,PEPTIDE1,1:R1-7:R2$$$",-7.64800000,ok,,flexible
"PEPTIDE1{F.Me_dA.P.P.meL.T.T}$PEPTIDE1,PEPTIDE1,1:R1-7:R2$$$",-6.36200000,ok,,flexible
"PEPTIDE1{dP.A.P.dP.P.Mono6.F}$PEPTIDE1,PEPTIDE1,1:R1-7:R2$$$",-7.44100000,ok,,flexible
"PEPTIDE1{dA.Pr_Gly.meL.G.Me_Phe(3-Cl).F.T}$PEPTIDE1,PEPTIDE1,1:R1-7:R2$$$",-5.62400000,ok,,flexible
"PEPTIDE1{F.P.Mono84.I.meL.Nle.P}$PEPTIDE1,PEPTIDE1,1:R1-7:R2$$$",-6.49700000,ok,,flexible
"PEPTIDE1{L.I.T.dP.Mono84.Me_Phe(3-Cl).dP}$PEPTIDE1,PEPTIDE1,1:R1-7:R2$$$",-6.38500000,ok,,flexible
"PEPTIDE1{dV.T.I.D.Me_Phe(3-Cl).P.G}$PEPTIDE1,PEPTIDE1,1:R1-7:R2$$$",-5.70900000,ok,,flexible
"PEPTIDE1{Me_Bal.F.dP.I.meL.T.D}$PEPTIDE1,PEPTIDE1,1:R1-7:R2$$$",-5.80200000,ok,,flexible
"PEPTIDE1{dA.Ser(tBu).P.F.dP.P.I}$PEPTIDE1,PEPTIDE1,1:R1-7:R2$$$",-6.31100000,ok,,flexible
"PEPTIDE1{Pr_Gly.I.P.G.D.F.dP}$PEPTIDE1,PEPTIDE1,1:R1-7:R2$$$",-5.81400000,ok,,flexible
"PEPTIDE1{Me_Bal.Me_dAbu.dP.T.P.dP.F}$PEPTIDE1,PEPTIDE1,1:R1-7:R2$$$",-6.90100000,ok,,flexible
"PEPTIDE1{dA.G.V.meA.F.P.F}$PEPTIDE1,PEPTIDE1,1:R1-7:R2$$$",-7.76300000,ok,,flexible
"PEPTIDE1{Me_Bal.dP.dP.T.F.P.I}$PEPTIDE1,PEPTIDE1,1:R1-7:R2$$$",-6.36600000,ok,,flexible
"PEPTIDE1{Pr_Gly.P.dP.meY.P.T.P}$PEPTIDE1,PEPTIDE1,1:R1-7:R2$$$",-7.46500000,ok,,flexible
"PEPTIDE1{meA.dP.T.F.I.P.V}$PEPTIDE1,PEPTIDE1,1:R1-7:R2$$$",-6.82900000,ok,,flexible
"PEPTIDE1{Me_dA.cHexCH2_Gly.A.F.Me_Phe(3-Cl).dP.Nle}$PEPTIDE1,PEPTIDE1,1:R1-7:R2$$$",-5.58500000,ok,,flexible
"PEPTIDE1{Mono6.pentyl_Gly.A.dL.P.dP.meF}$PEPTIDE1,PEPTIDE1,1:R1-7:R2$$$",-5.88600000,ok,,flexible
"PEPTIDE1{dA.meA.dP.T.A.P.F}$PEPTIDE1,PEPTIDE1,1:R1-7:R2$$$",-7.19300000,ok,,flexible
"PEPTIDE1{Mono6.dP.meL.Me_Phe(3-Cl).P.P.Phe(4-CF3)}$PEPTIDE1,PEPTIDE1,1:R1-7:R2$$$",-6.69600000,ok,,flexible
"PEPTIDE1{Mono6.P.T.meL.G.dP.Y}$PEPTIDE1,PEPTIDE1,1:R1-7:R2$$$",-7.73900000,ok,,flexible
"PEPTIDE1{Sar.L.I.G.Ser(tBu).T.P}$PEPTIDE1,PEPTIDE1,1:R1-7:R2$$$",-6.03800000,ok,,flexible
"PEPTIDE1{L.P.P.Me_Phe(3-Cl).F.T.D}$PEPTIDE1,PEPTIDE1,1:R1-7:R2$$$",-6.22200000,ok,,flexible
"PEPTIDE1{Me_dA.dF.Me_Phe(3-Cl).dP.Mono34.P.Et_Gly}$PEPTIDE1,PEPTIDE1,1:R1-7:R2$$$",-5.86600000,ok,,flexible
"PEPTIDE1{Me_dA.dV.P.P.T.T.G}$PEPTIDE1,PEPTIDE1,1:R1-7:R2$$$",-6.47600000,ok,,flexible
"PEPTIDE1{Mono6.T.Sar.P.F.G.I}$PEPTIDE1,PEPTIDE1,1:R1-7:R2$$$",-6.12400000,ok,,flexible
"PEPTIDE1{dP.G.P.meL.F.I.Me_dL}$PEPTIDE1,PEPTIDE1,1:R1-7:R2$$$",-5.95900000,ok,,flexible
"PEPTIDE1{Mono6.meL.L.dL.dV.T.P}$PEPTIDE1,PEPTIDE1,1:R1-7:R2$$$",-6.04100000,ok,,flexible
"PEPTIDE1{meA.P.meL.T.meF.V.F}$PEPTIDE1,PEPTIDE1,1:R1-7:R2$$$",-6.30100000,ok,,flexible
"PEPTIDE1{Me_Bal.L.dP.P.I.Me_Phe(3-Cl).T}$PEPTIDE1,PEPTIDE1,1:R1-7:R2$$$",-6.58400000,ok,,flexible
"PEPTIDE1{meA.Me_dL.P.P.Me_dA.dP.meY}$PEPTIDE1,PEPTIDE1,1:R1-7:R2$$$",-7.61400000,ok,,flexible
"PEPTIDE1{dF.P.meL.T.P.meI.Me_Phe(3-Cl)}$PEPTIDE1,PEPTIDE1,1:R1-7:R2$$$",-6.37700000,ok,,flexible
"PEPTIDE1{dA.L.dP.meL.P.T.dP}$PEPTIDE1,PEPTIDE1,1:R1-7:R2$$$",-6.24200000,ok,,flexible
"PEPTIDE1{meA.Me_dA.Me_Phe(3-Cl).dP.Me_dL.T.F}$PEPTIDE1,PEPTIDE1,1:R1-7:R2$$$",-6.42100000,ok,,flexible
"PEPTIDE1{Sar.T.I.F.G.P.D}$PEPTIDE1,PEPTIDE1,1:R1-7:R2$$$",-6.29600000,ok,,flexible
"PEPTIDE1{Me_Bal.P.P.dP.Mono6.meY.T}$PEPTIDE1,PEPTIDE1,1:R1-7:R2$$$",-7.58500000,ok,,flexible
"PEPTIDE1{P.A.F.Pr_Gly.Me_Phe(3-Cl).Me_dA.dP}$PEPTIDE1,PEPTIDE1,1:R1-7:R2$$$",-7.24600000,ok,,flexible
"PEPTIDE1{dF.Mono38.P.A.L.F.Nle}$PEPTIDE1,PEPTIDE1,1:R1-7:R2$$$",-5.20000000,ok,,flexible
"PEPTIDE1{meA.P.meL.D.T.dL.L}$PEPTIDE1,PEPTIDE1,1:R1-7:R2$$$",-6.81300000,ok,,flexible
"PEPTIDE1{A.dP.meL.I.P.T.P}$PEPTIDE1,PEPTIDE1,1:R1-7:R2$$$",-6.59600000,ok,,flexible
"PEPTIDE1{meA.D.T.P.P.F.G}$PEPTIDE1,PEPTIDE1,1:R1-7:R2$$$",-6.57700000,ok,,flexible
"PEPTIDE1{Me_Bal.P.dL.Me_dL.meL.P.Me_Phe(3-Cl)}$PEPTIDE1,PEPTIDE1,1:R1-7:R2$$$",-6.03900000,ok,,flexible
"PEPTIDE1{Mono6.P.Y.dP.dP.P.P}$PEPTIDE1,PEPTIDE1,1:R1-7:R2$$$",-7.63800000,ok,,flexible
"PEPTIDE1{Me_Bal.F.P.T.I.meL.P}$PEPTIDE1,PEPTIDE1,1:R1-7:R2$$$",-6.58900000,ok,,flexible
"PEPTIDE1{Me_dA.Y.dP.P.T.F.P}$PEPTIDE1,PEPTIDE1,1:R1-7:R2$$$",-6.89000000,ok,,flexible
"PEPTIDE1{dP.F.T.dF.P.Me_dL.meL}$PEPTIDE1,PEPTIDE1,1:R1-7:R2$$$",-6.02600000,ok,,flexible
"PEPTIDE1{dV.dP.P.P.G.F.I}$PEPTIDE1,PEPTIDE1,1:R1-7:R2$$$",-7.12300000,ok,,flexible
"PEPTIDE1{Me_Bal.Mono6.P.dP.Me_Phe(3-Cl).dP.G}$PEPTIDE1,PEPTIDE1,1:R1-7:R2$$$",-7.31500000,ok,,flexible
"PEPTIDE1{Me_dA.F.meA.Pr_Gly.A.dP.T}$PEPTIDE1,PEPTIDE1,1:R1-7:R2$$$",-6.84700000,ok,,flexible
"PEPTIDE1{dA.Me_dL.dP.T.F.P.G}$PEPTIDE1,PEPTIDE1,1:R1-7:R2$$$",-6.16200000,ok,,flexible
"PEPTIDE1{dA.T.dL.meL.dP.Me_Phe(3-Cl).F}$PEPTIDE1,PEPTIDE1,1:R1-7:R2$$$",-6.13700000,ok,,flexible
"PEPTIDE1{meL.dP.V.I.F.G.Me_Phe(3-Cl)}$PEPTIDE1,PEPTIDE1,1:R1-7:R2$$$",-6.23000000,ok,,flexible
"PEPTIDE1{Mono6.dP.P.P.T.meL.T}$PEPTIDE1,PEPTIDE1,1:R1-7:R2$$$",-6.07800000,ok,,flexible
"PEPTIDE1{Me_dA.meL.T.G.I.Sar.dP}$PEPTIDE1,PEPTIDE1,1:R1-7:R2$$$",-6.17200000,ok,,flexible
"PEPTIDE1{F.P.T.Asp_piperidide.T.Me_Phe(3-Cl).dP}$PEPTIDE1,PEPTIDE1,1:R1-7:R2$$$",-6.35200000,ok,,flexible
"PEPTIDE1{meL.dP.Asp_piperidide.P.F.I.T}$PEPTIDE1,PEPTIDE1,1:R1-7:R2$$$",-5.85000000,ok,,flexible
"PEPTIDE1{Me_dA.dP.Me_Phe(3-Cl).F.T.P.G}$PEPTIDE1,PEPTIDE1,1:R1-7:R2$$$",-6.89500000,ok,,flexible
"PEPTIDE1{dF.T.P.I.Ser(tBu).F.dP}$PEPTIDE1,PEPTIDE1,1:R1-7:R2$$$",-5.56800000,ok,,flexible
"PEPTIDE1{dA.meL.D.G.F.dP.dY}$PEPTIDE1,PEPTIDE1,1:R1-7:R2$$$",-6.78000000,ok,,flexible
"PEPTIDE1{Me_Bal.Me_dAbu.P.dP.P.G.Y}$PEPTIDE1,PEPTIDE1,1:R1-7:R2$$$",-7.08400000,ok,,flexible
"PEPTIDE1{Mono6.P.V.P.T.F.dP}$PEPTIDE1,PEPTIDE1,1:R1-7:R2$$$",-7.91900000,ok,,flexible
"PEPTIDE1{Pr_Gly.T.dP.Me_Nle.Et_Gly.P.dP}$PEPTIDE1,PEPTIDE1,1:R1-7:R2$$$",-5.51100000,ok,,flexible
"PEPTIDE1{meA.A.dP.meL.dL.P.T}$PEPTIDE1,PEPTIDE1,1:R1-7:R2$$$",-6.88200000,ok,,flexible
"PEPTIDE1{Me_dA.F.Ser(tBu).I.dP.P.Mono84}$PEPTIDE1,PEPTIDE1,1:R1-7:R2$$$",-6.86000000,ok,,flexible
"PEPTIDE1{Me_dA.meA.Me_dL.Y.F.A.Pr_Gly}$PEPTIDE1,PEPTIDE1,1:R1-7:R2$$$",-5.77000000,ok,,flexible
"PEPTIDE1{dA.G.D.dP.P.Me_Phe(3-Cl).T}$PEPTIDE1,PEPTIDE1,1:R1-7:R2$$$",-6.52800000,ok,,flexible
"PEPTIDE1{A.meF.P.cHexCH2_Gly.F.Mono38.Mono86}$PEPTIDE1,PEPTIDE1,1:R1-7:R2$$$",-6.49700000,ok,,flexible
"PEPTIDE1{dP.F.Y.dY.Me_Phe(3-Cl).Phe(4-CF3).T}$PEPTIDE1,PEPTIDE1,1:R1-7:R2$$$",-5.55300000,ok,,flexible
"PEPTIDE1{A.dPye.Me_dL.F.meL.Asp_piperidide.dP}$PEPTIDE1,PEPTIDE1,1:R1-7:R2$$$",-6.20600000,ok,,flexible
"PEPTIDE1{dV.P.T.dP.F.I.meL}$PEPTIDE1,PEPTIDE1,1:R1-7:R2$$$",-6.41300000,ok,,flexible
"PEPTIDE1{Mono6.F.Mono38.T.L.Et_Gly.Me_Phe(3-Cl)}$PEPTIDE1,PEPTIDE1,1:R1-7:R2$$$",-6.16800000,ok,,flexible
"PEPTIDE1{dP.dPye.meL.T.Me_dL.dL.F}$PEPTIDE1,PEPTIDE1,1:R1-7:R2$$$",-5.59400000,ok,,flexible
"PEPTIDE1{dA.L.Me_dL.T.F.meL.P}$PEPTIDE1,PEPTIDE1,1:R1-7:R2$$$",-5.95700000,ok,,flexible
"PEPTIDE1{dA.meL.F.T.G.Me_dL.L}$PEPTIDE1,PEPTIDE1,1:R1-7:R2$$$",-5.78600000,ok,,flexible
"PEPTIDE1{dV.dP.F.T.Y.G.D}$PEPTIDE1,PEPTIDE1,1:R1-7:R2$$$",-6.56900000,ok,,flexible
"PEPTIDE1{Me_dA.dP.P.Mono6.T.meL.G}$PEPTIDE1,PEPTIDE1,1:R1-7:R2$$$",-6.42700000,ok,,flexible
"PEPTIDE1{Me_Bal.Me_dA.T.dP.Phe(4-CF3).F.F}$PEPTIDE1,PEPTIDE1,1:R1-7:R2$$$",-6.98700000,ok,,flexible
"PEPTIDE1{dV.T.meF.F.V.Me_Phe(3-Cl).dP}$PEPTIDE1,PEPTIDE1,1:R1-7:R2$$$",-6.65200000,ok,,flexible
"PEPTIDE1{Me_dA.dP.P.T.meL.V.Me_Phe(3-Cl)}$PEPTIDE1,PEPTIDE1,1:R1-7:R2$$$",-7.10300000,ok,,flexible
"PEPTIDE1{Me_Bal.G.F.T.L.meL.V}$PEPTIDE1,PEPTIDE1,1:R1-7:R2$$$",-5.93900000,ok,,flexible
"PEPTIDE1{meA.dP.Me_dL.dL.P.meL.P}$PEPTIDE1,PEPTIDE1,1:R1-7:R2$$$",-6.30700000,ok,,flexible
"PEPTIDE1{dV.I.cHexCH2_Gly.dP.T.P.Me_Phe(3-Cl)}$PEPTIDE1,PEPTIDE1,1:R1-7:R2$$$",-5.56100000,ok,,flexible
"PEPTIDE1{Me_dA.meL.I.dP.T.Me_Phe(3-Cl).P}$PEPTIDE1,PEPTIDE1,1:R1-7:R2$$$",-6.17700000,ok,,flexible
"PEPTIDE1{Me_Bal.meY.Asp_piperidide.T.P.dP.F}$PEPTIDE1,PEPTIDE1,1:R1-7:R2$$$",-7.01100000,ok,,flexible
"PEPTIDE1{dP.Me_dA.T.dL.dF.A.meL}$PEPTIDE1,PEPTIDE1,1:R1-7:R2$$$",-6.42700000,ok,,flexible
"PEPTIDE1{dF.dP.P.T.dP.T.meL}$PEPTIDE1,PEPTIDE1,1:R1-7:R2$$$",-6.86000000,ok,,flexible
"PEPTIDE1{dA.meL.Me_dL.I.P.dP.P}$PEPTIDE1,PEPTIDE1,1:R1-7:R2$$$",-6.27000000,ok,,flexible
"PEPTIDE1{Mono6.Hyp(Et).T.Me_Nle.Me_Phe(3-Cl).P.dP}$PEPTIDE1,PEPTIDE1,1:R1-7:R2$$$",-6.47800000,ok,,flexible
"PEPTIDE1{Me_Bal.Me_dA.F.Me_dL.Asp_piperidide.T.dP}$PEPTIDE1,PEPTIDE1,1:R1-7:R2$$$",-5.92800000,ok,,flexible
"PEPTIDE1{Mono6.P.Me_dL.dP.T.G.Y}$PEPTIDE1,PEPTIDE1,1:R1-7:R2$$$",-6.27800000,ok,,flexible
"PEPTIDE1{P.dP.dF.T.Pr_Gly.Me_dA.I}$PEPTIDE1,PEPTIDE1,1:R1-7:R2$$$",-6.80500000,ok,,flexible
"PEPTIDE1{dF.D.V.G.F.T.Phe(4-CF3)}$PEPTIDE1,PEPTIDE1,1:R1-7:R2$$$",-5.59700000,ok,,flexible
"PEPTIDE1{dP.Pr_Gly.P.Pr_Gly.A.Me_Phe(3-Cl).Mono6}$PEPTIDE1,PEPTIDE1,1:R1-7:R2$$$",-6.52300000,ok,,flexible
"PEPTIDE1{Me_dA.A.P.V.Me_dL.meL.P}$PEPTIDE1,PEPTIDE1,1:R1-7:R2$$$",-6.34300000,ok,,flexible
"PEPTIDE1{Me_Bal.P.cHexCH2_Gly.T.Me_Phe(3-Cl).G.dP}$PEPTIDE1,PEPTIDE1,1:R1-7:R2$$$",-7.48500000,ok,,flexible
"PEPTIDE1{dP.A.Me_dA.P.I.Me_dL.V}$PEPTIDE1,PEPTIDE1,1:R1-7:R2$$$",-6.32400000,ok,,flexible
"PEPTIDE1{dV.P.meL.T.dP.V.T}$PEPTIDE1,PEPTIDE1,1:R1-7:R2$$$",-6.86400000,ok,,flexible
"PEPTIDE1{meA.Ser(tBu).P.T.P.P.Me_dL}$PEPTIDE1,PEPTIDE1,1:R1-7:R2$$$",-6.00600000,ok,,flexible
"PEPTIDE1{Me_Bal.meL.P.Y.F.dP.dP}$PEPTIDE1,PEPTIDE1,1:R1-7:R2$$$",-6.33100000,ok,,flexible
"PEPTIDE1{A.T.P.Me_dL.F.G.V}$PEPTIDE1,PEPTIDE1,1:R1-7:R2$$$",-5.72300000,ok,,flexible
"PEPTIDE1{Me_Bal.P.I.P.dP.Me_dL.T}$PEPTIDE1,PEPTIDE1,1:R1-7:R2$$$",-6.02900000,ok,,flexible
"PEPTIDE1{meA.P.Me_dL.meL.meY.Me_Phe(3-Cl).Asp_piperidide}$PEPTIDE1,PEPTIDE1,1:R1-7:R2$$$",-6.20800000,ok,,flexible
"PEPTIDE1{dV.Me_dA.P.dP.Me_dL.T.dP}$PEPTIDE1,PEPTIDE1,1:R1-7:R2$$$",-6.81700000,ok,,flexible
"PEPTIDE1{dV.T.P.Y.meL.T.P}$PEPTIDE1,PEPTIDE1,1:R1-7:R2$$$",-6.24700000,ok,,flexible
"PEPTIDE1{P.Me_dA.L.meL.P.Me_Phe(3-Cl).dP}$PEPTIDE1,PEPTIDE1,1:R1-7:R2$$$",-6.24800000,ok,,flexible
"PEPTIDE1{P.Mono38.P.meA.dP.dL.Ser(tBu)}$PEPTIDE1,PEPTIDE1,1:R1-7:R2$$$",-6.20900000,ok,,flexible
"PEPTIDE1{dA.T.P.meL.T.G.F}$PEPTIDE1,PEPTIDE1,1:R1-7:R2$$$",-5.72500000,ok,,flexible
"PEPTIDE1{Me_Bal.dP.Y.P.P.F.dP}$PEPTIDE1,PEPTIDE1,1:R1-7:R2$$$",-7.01100000,ok,,flexible
"PEPTIDE1{dV.T.P.F.dP.G.D}$PEPTIDE1,PEPTIDE1,1:R1-7:R2$$$",-6.79700000,ok,,flexible
"PEPTIDE1{Me_Bal.dP.dP.P.Me_dA.Y.meY}$PEPTIDE1,PEPTIDE1,1:R1-7:R2$$$",-7.17800000,ok,,flexible
"PEPTIDE1{dA.dP.meL.F.I.G.G}$PEPTIDE1,PEPTIDE1,1:R1-7:R2$$$",-6.30200000,ok,,flexible
"PEPTIDE1{dP.Pr_Gly.Me_dL.dL.meY.P.meL}$PEPTIDE1,PEPTIDE1,1:R1-7:R2$$$",-6.68000000,ok,,flexible
"PEPTIDE1{Mono6.dP.T.L.meL.Me_Phe(3-Cl).P}$PEPTIDE1,PEPTIDE1,1:R1-7:R2$$$",-6.68000000,ok,,flexible
"PEPTIDE1{dA.Pr_Gly.T.Asp_piperidide.P.Et_Gly.dP}$PEPTIDE1,PEPTIDE1,1:R1-7:R2$$$",-5.90300000,ok,,flexible
"PEPTIDE1{Mono6.T.I.P.F.dP.meL}$PEPTIDE1,PEPTIDE1,1:R1-7:R2$$$",-6.39700000,ok,,flexible
"PEPTIDE1{Me_dA.cHexCH2_Gly.T.dP.dP.L.A}$PEPTIDE1,PEPTIDE1,1:R1-7:R2$$$",-6.91100000,ok,,flexible
"PEPTIDE1{meA.A.meL.Mono7.dV.Me_dL.Me_dA}$PEPTIDE1,PEPTIDE1,1:R1-7:R2$$$",-6.31400000,ok,,flexible
"PEPTIDE1{Me_Bal.P.G.meL.dP.Y.F}$PEPTIDE1,PEPTIDE1,1:R1-7:R2$$$",-6.43900000,ok,,flexible
"PEPTIDE1{F.P.Me_Phe(3-Cl).L.dP.I.Phe(4-CF3)}$PEPTIDE1,PEPTIDE1,1:R1-7:R2$$$",-6.96200000,ok,,flexible
"PEPTIDE1{Me_Bal.dP.L.Me_Nle.T.Ser(tBu).meA}$PEPTIDE1,PEPTIDE1,1:R1-7:R2$$$",-5.71300000,ok,,flexible
"PEPTIDE1{dF.dP.P.Y.dP.meY.P}$PEPTIDE1,PEPTIDE1,1:R1-7:R2$$$",-6.94100000,ok,,flexible
"PEPTIDE1{Me_Bal.Me_dA.G.F.L.meA.T}$PEPTIDE1,PEPTIDE1,1:R1-7:R2$$$",-6.67600000,ok,,flexible
"PEPTIDE1{meA.P.P.T.Me_dL.I.L}$PEPTIDE1,PEPTIDE1,1:R1-7:R2$$$",-6.36900000,ok,,flexible
"PEPTIDE1{P.Me_dA.Me_dL.A.T.P.dP}$PEPTIDE1,PEPTIDE1,1:R1-7:R2$$$",-6.57600000,ok,,flexible
"PEPTIDE1{dF.I.P.Me_Phe(3-Cl).meL.T.G}$PEPTIDE1,PEPTIDE1,1:R1-7:R2$$$",-6.34100000,ok,,flexible
"PEPTIDE1{dA.F.Y.D.meL.I.G}$PEPTIDE1,PEPTIDE1,1:R1-7:R2$$$",-5.57100000,ok,,flexible
"PEPTIDE1{Mono6.dP.F.P.meL.dP.Me_Phe(3-Cl)}$PEPTIDE1,PEPTIDE1,1:R1-7:R2$$$",-6.94700000,ok,,flexible
"PEPTIDE1{P.Me_dL.meY.Y.Mono6.Me_dA.Asp_piperidide}$PEPTIDE1,PEPTIDE1,1:R1-7:R2$$$",-6.58300000,ok,,flexible
"PEPTIDE1{dV.F.T.P.T.G.P}$PEPTIDE1,PEPTIDE1,1:R1-7:R2$$$",-6.72500000,ok,,flexible
"PEPTIDE1{meA.dP.V.Me_dL.G.P.I}$PEPTIDE1,PEPTIDE1,1:R1-7:R2$$$",-6.75500000,ok,,flexible
"PEPTIDE1{dA.dY.T.G.P.dP.P}$PEPTIDE1,PEPTIDE1,1:R1-7:R2$$$",-7.42700000,ok,,flexible
"PEPTIDE1{Pr_Gly.P.dP.T.Me_Nle.Nle.F}$PEPTIDE1,PEPTIDE1,1:R1-7:R2$$$",-5.42000000,ok,,flexible
"PEPTIDE1{dP.Pr_Gly.dL.P.P.T.dP}$PEPTIDE1,PEPTIDE1,1:R1-7:R2$$$",-6.15100000,ok,,flexible
"PEPTIDE1{dA.F.Me_Phe(3-Cl).D.dP.T.G}$PEPTIDE1,PEPTIDE1,1:R1-7:R2$$$",-7.61000000,ok,,flexible
"PEPTIDE1{A.I.T.dP.P.meL.P}$PEPTIDE1,PEPTIDE1,1:R1-7:R2$$$",-6.61100000,ok,,flexible
"PEPTIDE1{dF.V.Phe(4-CF3).P.I.G.meL}$PEPTIDE1,PEPTIDE1,1:R1-7:R2$$$",-6.26100000,ok,,flexible
"PEPTIDE1{Me_dA.L.T.I.dP.D.Me_dL}$PEPTIDE1,PEPTIDE1,1:R1-7:R2$$$",-6.01100000,ok,,flexible
"PEPTIDE1{A.T.meA.P.Ser(tBu).dP.V}$PEPTIDE1,PEPTIDE1,1:R1-7:R2$$$",-6.47000000,ok,,flexible
"PEPTIDE1{Me_dA.Me_dL.meL.Me_Phe(3-Cl).Y.Mono6.P}$PEPTIDE1,PEPTIDE1,1:R1-7:R2$$$",-6.06000000,ok,,flexible
"PEPTIDE1{L.Asp_piperidide.P.T.D.P.meL}$PEPTIDE1,PEPTIDE1,1:R1-7:R2$$$",-5.52800000,ok,,flexible
"PEPTIDE1{dA.Bn_Gly.meL.dL.Mono84.A.P}$PEPTIDE1,PEPTIDE1,1:R1-7:R2$$$",-6.87600000,ok,,flexible
"PEPTIDE1{Mono6.D.T.dP.meL.P.T}$PEPTIDE1,PEPTIDE1,1:R1-7:R2$$$",-6.37900000,ok,,flexible
"PEPTIDE1{Me_Bal.A.dL.T.Me_Phe(3-Cl).F.P}$PEPTIDE1,PEPTIDE1,1:R1-7:R2$$$",-6.47800000,ok,,flexible
"PEPTIDE1{Me_dA.T.dP.F.P.dP.Y}$PEPTIDE1,PEPTIDE1,1:R1-7:R2$$$",-7.04100000,ok,,flexible
"PEPTIDE1{dA.dP.meL.G.Me_dA.Sar.F}$PEPTIDE1,PEPTIDE1,1:R1-7:R2$$$",-6.80300000,ok,,flexible
"PEPTIDE1{Sar.T.G.Y.meL.dP.P}$PEPTIDE1,PEPTIDE1,1:R1-7:R2$$$",-6.69300000,ok,,flexible
"PEPTIDE1{meA.G.D.dP.P.Me_Phe(3-Cl).Y}$PEPTIDE1,PEPTIDE1,1:R1-7:R2$$$",-6.54000000,ok,,flexible
"PEPTIDE1{Me_Bal.Pr_Gly.A.T.meA.Me_Phe(3-Cl).P}$PEPTIDE1,PEPTIDE1,1:R1-7:R2$$$",-6.54200000,ok,,flexible
"PEPTIDE1{Pr_Gly.Me_dL.dP.dP.P.P.G}$PEPTIDE1,PEPTIDE1,1:R1-7:R2$$$",-6.54200000,ok,,flexible
"PEPTIDE1{dF.dP.F.T.P.meL.Nle}$PEPTIDE1,PEPTIDE1,1:R1-7:R2$$$",-6.04600000,ok,,flexible
"PEPTIDE1{meA.G.P.D.F.Phe(4-CF3).dP}$PEPTIDE1,PEPTIDE1,1:R1-7:R2$$$",-5.83500000,ok,,flexible
"PEPTIDE1{Sar.P.A.V.meA.dA.meL}$PEPTIDE1,PEPTIDE1,1:R1-7:R2$$$",-6.58700000,ok,,flexible
"PEPTIDE1{Me_dA.meY.meL.Y.T.Me_dL.dP}$PEPTIDE1,PEPTIDE1,1:R1-7:R2$$$",-6.74900000,ok,,flexible
"PEPTIDE1{A.P.meL.G.P.F.V}$PEPTIDE1,PEPTIDE1,1:R1-7:R2$$$",-6.50600000,ok,,flexible
"PEPTIDE1{Mono6.G.P.T.dP.P.Y}$PEPTIDE1,PEPTIDE1,1:R1-7:R2$$$",-7.55600000,ok,,flexible
"PEPTIDE1{Me_Bal.Mono84.P.T.dP.dP.P}$PEPTIDE1,PEPTIDE1,1:R1-7:R2$$$",-7.65600000,ok,,flexible
"PEPTIDE1{Mono6.meL.Me_dA.dP.P.Me_dL.T}$PEPTIDE1,PEPTIDE1,1:R1-7:R2$$$",-6.47000000,ok,,flexible
"PEPTIDE1{Me_Bal.L.I.L.Me_Phe(3-Cl).F.dP}$PEPTIDE1,PEPTIDE1,1:R1-7:R2$$$",-5.36600000,ok,,flexible
"PEPTIDE1{A.F.T.dP.Me_dL.I.G}$PEPTIDE1,PEPTIDE1,1:R1-7:R2$$$",-6.09000000,ok,,flexible
"PEPTIDE1{meA.T.P.meL.I.T.L}$PEPTIDE1,PEPTIDE1,1:R1-7:R2$$$",-5.74200000,ok,,flexible
"PEPTIDE1{meA.P.Me_dL.T.meY.Me_Phe(3-Cl).dP}$PEPTIDE1,PEPTIDE1,1:R1-7:R2$$$",-6.50800000,ok,,flexible
"PEPTIDE1{meL.Mono6.Me_Phe(3-Cl).P.P.F.T}$PEPTIDE1,PEPTIDE1,1:R1-7:R2$$$",-6.70900000,ok,,flexible
"PEPTIDE1{P.A.Me_Nle.T.Me_dA.dA.meL}$PEPTIDE1,PEPTIDE1,1:R1-7:R2$$$",-6.27500000,ok,,flexible
"PEPTIDE1{Me_Bal.L.meL.Ser(tBu).Me_Phe(3-Cl).dP.T}$PEPTIDE1,PEPTIDE1,1:R1-7:R2$$$",-5.37500000,ok,,flexible
"PEPTIDE1{dP.Pr_Gly.Me_dA.Me_dL.P.T.meL}$PEPTIDE1,PEPTIDE1,1:R1-7:R2$$$",-5.92000000,ok,,flexible
"PEPTIDE1{dP.Me_dL.F.Phe(4-CF3).G.dP.P}$PEPTIDE1,PEPTIDE1,1:R1-7:R2$$$",-7.79600000,ok,,flexible
"PEPTIDE1{dA.L.A.F.P.dP.Ser(tBu)}$PEPTIDE1,PEPTIDE1,1:R1-7:R2$$$",-6.41800000,ok,,flexible
"PEPTIDE1{Me_Bal.P.I.P.T.meL.dP}$PEPTIDE1,PEPTIDE1,1:R1-7:R2$$$",-6.26400000,ok,,flexible
"PEPTIDE1{meA.T.A.L.P.P.I}$PEPTIDE1,PEPTIDE1,1:R1-7:R2$$$",-6.36200000,ok,,flexible
"PEPTIDE1{dA.T.D.meL.P.T.dP}$PEPTIDE1,PEPTIDE1,1:R1-7:R2$$$",-6.23900000,ok,,flexible
"PEPTIDE1{Me_Bal.meY.Asp_piperidide.Nle.P.P.G}$PEPTIDE1,PEPTIDE1,1:R1-7:R2$$$",-7.37200000,ok,,flexible
"PEPTIDE1{meA.meY.P.F.G.dP.dP}$PEPTIDE1,PEPTIDE1,1:R1-7:R2$$$",-7.31300000,ok,,flexible
"PEPTIDE1{Me_dA.Me_dL.P.Mono6.meY.T.dP}$PEPTIDE1,PEPTIDE1,1:R1-7:R2$$$",-7.10000000,ok,,flexible
"PEPTIDE1{dP.Me_dL.Ser(tBu).Me_dA.P.V.G}$PEPTIDE1,PEPTIDE1,1:R1-7:R2$$$",-6.18000000,ok,,flexible
"PEPTIDE1{P.Pr_Gly.Pr_Gly.G.Aib.F.meL}$PEPTIDE1,PEPTIDE1,1:R1-7:R2$$$",-5.86400000,ok,,flexible
"PEPTIDE1{dF.P.T.meL.V.P.P}$PEPTIDE1,PEPTIDE1,1:R1-7:R2$$$",-6.72300000,ok,,flexible
"PEPTIDE1{dV.G.meL.Phe(4-CF3).P.G.F}$PEPTIDE1,PEPTIDE1,1:R1-7:R2$$$",-6.35900000,ok,,flexible
"PEPTIDE1{dF.T.3Pal.meL.Mono84.Nle.L}$PEPTIDE1,PEPTIDE1,1:R1-7:R2$$$",-5.76700000,ok,,flexible
"PEPTIDE1{dP.L.Mono7.T.Et_Gly.Me_Phe(3-Cl).Asp_piperidide}$PEPTIDE1,PEPTIDE1,1:R1-7:R2$$$",-5.95700000,ok,,flexible
"PEPTIDE1{Me_Bal.P.P.I.V.meL.T}$PEPTIDE1,PEPTIDE1,1:R1-7:R2$$$",-6.06600000,ok,,flexible
"PEPTIDE1{F.meL.P.T.I.T.Me_Phe(3-Cl)}$PEPTIDE1,PEPTIDE1,1:R1-7:R2$$$",-5.65400000,ok,,flexible
"PEPTIDE1{Mono6.Me_dL.meY.T.dP.Asp_piperidide.meL}$PEPTIDE1,PEPTIDE1,1:R1-7:R2$$$",-5.48900000,ok,,flexible
"PEPTIDE1{Me_Bal.D.P.dP.Me_dL.T.P}$PEPTIDE1,PEPTIDE1,1:R1-7:R2$$$",-6.54400000,ok,,flexible
"PEPTIDE1{dF.Me_dA.P.Me_dL.dP.V.meL}$PEPTIDE1,PEPTIDE1,1:R1-7:R2$$$",-5.92000000,ok,,flexible
"PEPTIDE1{dP.Me_dA.dL.I.Me_dL.P.F}$PEPTIDE1,PEPTIDE1,1:R1-7:R2$$$",-5.85900000,ok,,flexible
"PEPTIDE1{Me_dA.P.Ser(tBu).F.I.P.Bn_Gly}$PEPTIDE1,PEPTIDE1,1:R1-7:R2$$$",-6.00200000,ok,,flexible
"PEPTIDE1{F.Mono38.dP.T.Me_Nle.Ser(tBu).3Pal}$PEPTIDE1,PEPTIDE1,1:R1-7:R2$$$",-5.26900000,ok,,flexible
"PEPTIDE1{Me_dA.meA.dP.T.dP.Me_dL.Mono6}$PEPTIDE1,PEPTIDE1,1:R1-7:R2$$$",-6.13900000,ok,,flexible
"PEPTIDE1{Me_Bal.P.Me_dL.V.dP.meL.P}$PEPTIDE1,PEPTIDE1,1:R1-7:R2$$$",-6.33000000,ok,,flexible
"PEPTIDE1{dA.P.T.T.P.dP.F}$PEPTIDE1,PEPTIDE1,1:R1-7:R2$$$",-7.25800000,ok,,flexible
"PEPTIDE1{P.meA.meF.Ser(tBu).V.G.dP}$PEPTIDE1,PEPTIDE1,1:R1-7:R2$$$",-6.61200000,ok,,flexible
"PEPTIDE1{dA.F.I.T.Me_Phe(3-Cl).G.Me_dL}$PEPTIDE1,PEPTIDE1,1:R1-7:R2$$$",-6.18500000,ok,,flexible
"PEPTIDE1{F.dP.meA.meL.A.T.meF}$PEPTIDE1,PEPTIDE1,1:R1-7:R2$$$",-6.16700000,ok,,flexible
"PEPTIDE1{dF.A.dP.dP.Mono78.Cha.P}$PEPTIDE1,PEPTIDE1,1:R1-7:R2$$$",-7.81300000,ok,,flexible
"PEPTIDE1{Me_dA.P.T.dL.A.V.meA}$PEPTIDE1,PEPTIDE1,1:R1-7:R2$$$",-6.47000000,ok,,flexible
"PEPTIDE1{Me_dA.Ala(5-Tet).Mono6.T.dP.Asp_piperidide.meL}$PEPTIDE1,PEPTIDE1,1:R1-7:R2$$$",-5.52600000,ok,,flexible
"PEPTIDE1{Me_Bal.dP.F.meL.P.G.T}$PEPTIDE1,PEPTIDE1,1:R1-7:R2$$$",-6.46000000,ok,,flexible
"PEPTIDE1{meA.P.Me_dL.meL.F.T.dP}$PEPTIDE1,PEPTIDE1,1:R1-7:R2$$$",-5.95700000,ok,,flexible
"PEPTIDE1{dA.L.meA.meV.I.Ser(tBu).P}$PEPTIDE1,PEPTIDE1,1:R1-7:R2$$$",-6.05400000,ok,,flexible
"PEPTIDE1{meA.dP.Sar.P.I.P.G}$PEPTIDE1,PEPTIDE1,1:R1-7:R2$$$",-6.51100000,ok,,flexible
"PEPTIDE1{L.dP.P.P.T.Asp_piperidide.dP}$PEPTIDE1,PEPTIDE1,1:R1-7:R2$$$",-6.83000000,ok,,flexible
"PEPTIDE1{dA.F.V.meL.P.dP.T}$PEPTIDE1,PEPTIDE1,1:R1-7:R2$$$",-6.41000000,ok,,flexible
"PEPTIDE1{Mono6.cHexCH2_Gly.L.P.dP.Mono84.meL}$PEPTIDE1,PEPTIDE1,1:R1-7:R2$$$",-6.42600000,ok,,flexible
"PEPTIDE1{A.T.P.dP.dP.G.I}$PEPTIDE1,PEPTIDE1,1:R1-7:R2$$$",-6.30800000,ok,,flexible
"PEPTIDE1{Me_Bal.Me_dL.P.T.meL.Ser(tBu).meA}$PEPTIDE1,PEPTIDE1,1:R1-7:R2$$$",-6.54200000,ok,,flexible
"PEPTIDE1{dF.pentyl_Gly.A.Me_Phe(3-Cl).L.F.P}$PEPTIDE1,PEPTIDE1,1:R1-7:R2$$$",-6.37700000,ok,,flexible
"PEPTIDE1{A.G.pentyl_Gly.meA.Me_dL.F.P}$PEPTIDE1,PEPTIDE1,1:R1-7:R2$$$",-6.02300000,ok,,flexible
"PEPTIDE1{F.cHexCH2_Gly.T.dP.I.A.Mono84}$PEPTIDE1,PEPTIDE1,1:R1-7:R2$$$",-6.46100000,ok,,flexible
"PEPTIDE1{dV.T.V.P.F.T.dP}$PEPTIDE1,PEPTIDE1,1:R1-7:R2$$$",-6.75400000,ok,,flexible
"PEPTIDE1{Me_Bal.meY.Me_dL.T.dP.G.meL}$PEPTIDE1,PEPTIDE1,1:R1-7:R2$$$",-6.47100000,ok,,flexible
"PEPTIDE1{Me_Bal.F.T.V.P.I.meL}$PEPTIDE1,PEPTIDE1,1:R1-7:R2$$$",-6.84000000,ok,,flexible
"PEPTIDE1{Mono6.dP.P.P.meY.meL.dP}$PEPTIDE1,PEPTIDE1,1:R1-7:R2$$$",-7.00900000,ok,,flexible
"PEPTIDE1{Pr_Gly.T.L.P.Me_dL.V.P}$PEPTIDE1,PEPTIDE1,1:R1-7:R2$$$",-5.68800000,ok,,flexible
"PEPTIDE1{Me_dA.dP.L.T.T.P.I}$PEPTIDE1,PEPTIDE1,1:R1-7:R2$$$",-5.78000000,ok,,flexible
"PEPTIDE1{Me_dA.Ser(tBu).P.Asp_piperidide.Et_Gly.dP.Me_Phe(3-Cl)}$PEPTIDE1,PEPTIDE1,1:R1-7:R2$$$",-5.76100000,ok,,flexible
"PEPTIDE1{Me_dA.P.V.T.F.meL.dP}$PEPTIDE1,PEPTIDE1,1:R1-7:R2$$$",-6.32000000,ok,,flexible
"PEPTIDE1{Mono6.I.P.dP.Me_Phe(3-Cl).Phe(4-CF3).T}$PEPTIDE1,PEPTIDE1,1:R1-7:R2$$$",-6.82600000,ok,,flexible
"PEPTIDE1{meA.T.P.dP.dP.P.G}$PEPTIDE1,PEPTIDE1,1:R1-7:R2$$$",-7.25900000,ok,,flexible
"PEPTIDE1{dA.meA.dP.V.A.T.P}$PEPTIDE1,PEPTIDE1,1:R1-7:R2$$$",-7.54600000,ok,,flexible
"PEPTIDE1{Mono6.Me_dAbu.Me_dA.dP.G.Me_dL.P}$PEPTIDE1,PEPTIDE1,1:R1-7:R2$$$",-6.32900000,ok,,flexible
"PEPTIDE1{Me_dA.dP.F.T.P.P.P}$PEPTIDE1,PEPTIDE1,1:R1-7:R2$$$",-7.60200000,ok,,flexible
"PEPTIDE1{Me_dA.T.dP.meL.F.I.P}$PEPTIDE1,PEPTIDE1,1:R1-7:R2$$$",-6.10400000,ok,,flexible
"PEPTIDE1{Me_dA.P.dP.P.T.G.meL}$PEPTIDE1,PEPTIDE1,1:R1-7:R2$$$",-6.55200000,ok,,flexible
"PEPTIDE1{F.dP.T.L.dP.Mono84.Me_dL}$PEPTIDE1,PEPTIDE1,1:R1-7:R2$$$",-6.27600000,ok,,flexible
"PEPTIDE1{meA.dP.P.V.T.G.D}$PEPTIDE1,PEPTIDE1,1:R1-7:R2$$$",-6.10800000,ok,,flexible
"PEPTIDE1{Me_dA.meF.V.dA.F.T.F}$PEPTIDE1,PEPTIDE1,1:R1-7:R2$$$",-7.14700000,ok,,flexible
"PEPTIDE1{meA.Sar.P.G.F.T.F}$PEPTIDE1,PEPTIDE1,1:R1-7:R2$$$",-7.79800000,ok,,flexible
"PEPTIDE1{Me_Bal.Pr_Gly.T.P.G.Me_Phe(3-Cl).P}$PEPTIDE1,PEPTIDE1,1:R1-7:R2$$$",-6.85100000,ok,,flexible
"PEPTIDE1{A.Pr_Gly.F.dF.P.meA.dP}$PEPTIDE1,PEPTIDE1,1:R1-7:R2$$$",-6.92000000,ok,,flexible
"PEPTIDE1{dA.F.I.meL.Me_dL.V.P}$PEPTIDE1,PEPTIDE1,1:R1-7:R2$$$",-5.66100000,ok,,flexible
"PEPTIDE1{Me_dA.Mono6.Asp_piperidide.meL.T.Y.F}$PEPTIDE1,PEPTIDE1,1:R1-7:R2$$$",-6.69600000,ok,,flexible
"PEPTIDE1{Me_dA.D.P.Mono6.Mono84.Me_Phe(3-Cl).dP}$PEPTIDE1,PEPTIDE1,1:R1-7:R2$$$",-6.81100000,ok,,flexible
"PEPTIDE1{meA.meL.Me_dL.F.P.dP.G}$PEPTIDE1,PEPTIDE1,1:R1-7:R2$$$",-6.35700000,ok,,flexible
"PEPTIDE1{meA.T.L.dP.meL.I.P}$PEPTIDE1,PEPTIDE1,1:R1-7:R2$$$",-6.61100000,ok,,flexible
"PEPTIDE1{dA.P.V.dP.P.L.I}$PEPTIDE1,PEPTIDE1,1:R1-7:R2$$$",-6.39600000,ok,,flexible
"PEPTIDE1{A.dP.meL.Me_Phe(3-Cl).P.T.dP}$PEPTIDE1,PEPTIDE1,1:R1-7:R2$$$",-7.39100000,ok,,flexible
"PEPTIDE1{dF.cHexCH2_Gly.P.dP.L.Nle.dL}$PEPTIDE1,PEPTIDE1,1:R1-7:R2$$$",-6.42000000,ok,,flexible
"PEPTIDE1{F.Me_Nle.A.T.dP.meL.meA}$PEPTIDE1,PEPTIDE1,1:R1-7:R2$$$",-5.73200000,ok,,flexible
"PEPTIDE1{dV.dP.D.F.G.P.Me_Phe(3-Cl)}$PEPTIDE1,PEPTIDE1,1:R1-7:R2$$$",-6.97900000,ok,,flexible
"PEPTIDE1{dA.F.I.P.T.P.G}$PEPTIDE1,PEPTIDE1,1:R1-7:R2$$$",-6.82500000,ok,,flexible
"PEPTIDE1{Mono6.3Pal.dP.L.Ser(tBu).I.dL}$PEPTIDE1,PEPTIDE1,1:R1-7:R2$$$",-5.68900000,ok,,flexible
"PEPTIDE1{F.G.P.L.Ser(tBu).T.dP}$PEPTIDE1,PEPTIDE1,1:R1-7:R2$$$",-5.84100000,ok,,flexible
"PEPTIDE1{meA.dP.meL.dP.P.G.F}$PEPTIDE1,PEPTIDE1,1:R1-7:R2$$$",-6.81800000,ok,,flexible
"PEPTIDE1{Me_dA.Pr_Gly.P.meA.Me_dL.Ser(tBu).L}$PEPTIDE1,PEPTIDE1,1:R1-7:R2$$$",-5.66100000,ok,,flexible
"PEPTIDE1{meA.I.P.T.F.dP.Me_Phe(3-Cl)}$PEPTIDE1,PEPTIDE1,1:R1-7:R2$$$",-6.36100000,ok,,flexible
"PEPTIDE1{Mono6.pentyl_Gly.A.Me_Phe(3-Cl).T.dP.Nle}$PEPTIDE1,PEPTIDE1,1:R1-7:R2$$$",-6.01100000,ok,,flexible
"PEPTIDE1{dV.dP.dY.dP.T.Y.G}$PEPTIDE1,PEPTIDE1,1:R1-7:R2$$$",-6.76000000,ok,,flexible
"PEPTIDE1{A.Me_Phe(3-Cl).Me_dL.dP.T.meL.P}$PEPTIDE1,PEPTIDE1,1:R1-7:R2$$$",-5.86400000,ok,,flexible
"PEPTIDE1{dA.T.P.dP.I.F.P}$PEPTIDE1,PEPTIDE1,1:R1-7:R2$$$",-6.31900000,ok,,flexible
"PEPTIDE1{Mono6.dP.V.L.P.I.Me_Phe(3-Cl)}$PEPTIDE1,PEPTIDE1,1:R1-7:R2$$$",-6.40600000,ok,,flexible
"PEPTIDE1{Mono6.T.P.I.D.P.dP}$PEPTIDE1,PEPTIDE1,1:R1-7:R2$$$",-6.14500000,ok,,flexible
"PEPTIDE1{A.Y.G.T.Me_Phe(3-Cl).F.I}$PEPTIDE1,PEPTIDE1,1:R1-7:R2$$$",-5.62100000,ok,,flexible
"PEPTIDE1{P.dP.T.Me_Phe(3-Cl).Phe(4-CF3).dP.P}$PEPTIDE1,PEPTIDE1,1:R1-7:R2$$$",-6.58000000,ok,,flexible
"PEPTIDE1{dA.T.F.dP.F.meL.I}$PEPTIDE1,PEPTIDE1,1:R1-7:R2$$$",-6.69300000,ok,,flexible
"PEPTIDE1{meA.meL.V.dP.P.dL.T}$PEPTIDE1,PEPTIDE1,1:R1-7:R2$$$",-6.24900000,ok,,flexible
"PEPTIDE1{Mono6.dP.F.P.L.I.meL}$PEPTIDE1,PEPTIDE1,1:R1-7:R2$$$",-6.21600000,ok,,flexible
"PEPTIDE1{meA.T.meL.dP.F.P.Phe(4-CF3)}$PEPTIDE1,PEPTIDE1,1:R1-7:R2$$$",-6.34400000,ok,,flexible
"PEPTIDE1{A.dA.Me_dL.Ser(tBu).T.G.P}$PEPTIDE1,PEPTIDE1,1:R1-7:R2$$$",-6.36500000,ok,,flexible
"PEPTIDE1{A.L.P.Me_dL.Me_Phe(3-Cl).P.dP}$PEPTIDE1,PEPTIDE1,1:R1-7:R2$$$",-6.64300000,ok,,flexible
"PEPTIDE1{A.Me_Phe(3-Cl).P.P.meL.G.T}$PEPTIDE1,PEPTIDE1,1:R1-7:R2$$$",-6.77200000,ok,,flexible
"PEPTIDE1{dF.T.dP.Asp_piperidide.meY.dP.meL}$PEPTIDE1,PEPTIDE1,1:R1-7:R2$$$",-6.18400000,ok,,flexible
"PEPTIDE1{dA.Y.dP.G.G.T.dP}$PEPTIDE1,PEPTIDE1,1:R1-7:R2$$$",-6.89000000,ok,,flexible
"PEPTIDE1{dP.Me_dL.meY.Y.P.T.Me_dA}$PEPTIDE1,PEPTIDE1,1:R1-7:R2$$$",-6.76900000,ok,,flexible
"PEPTIDE1{Me_Bal.dP.T.meL.Asp_piperidide.Mono6.P}$PEPTIDE1,PEPTIDE1,1:R1-7:R2$$$",-6.76900000,ok,,flexible
"PEPTIDE1{Mono6.Me_Nle.A.I.Et_Gly.Me_Phe(3-Cl).dP}$PEPTIDE1,PEPTIDE1,1:R1-7:R2$$$",-6.49100000,ok,,flexible
"PEPTIDE1{F.L.dP.Ser(tBu).Nle.meL.T}$PEPTIDE1,PEPTIDE1,1:R1-7:R2$$$",-5.39600000,ok,,flexible
"PEPTIDE1{dA.F.P.dP.meL.Y.Me_Phe(3-Cl)}$PEPTIDE1,PEPTIDE1,1:R1-7:R2$$$",-6.94200000,ok,,flexible
"PEPTIDE1{Me_dA.meF.dP.meL.dP.F.F}$PEPTIDE1,PEPTIDE1,1:R1-7:R2$$$",-6.70900000,ok,,flexible
"PEPTIDE1{F.L.T.meL.Me_Nle.T.Me_Phe(3-Cl)}$PEPTIDE1,PEPTIDE1,1:R1-7:R2$$$",-5.01300000,ok,,flexible
"PEPTIDE1{dA.T.dP.G.D.I.Me_dL}$PEPTIDE1,PEPTIDE1,1:R1-7:R2$$$",-5.54800000,ok,,flexible
"PEPTIDE1{dV.dP.T.dP.D.I.P}$PEPTIDE1,PEPTIDE1,1:R1-7:R2$$$",-5.82100000,ok,,flexible
"PEPTIDE1{Me_Bal.meL.Me_Phe(3-Cl).Ser(tBu).T.I.P}$PEPTIDE1,PEPTIDE1,1:R1-7:R2$$$",-5.78500000,ok,,flexible
"PEPTIDE1{dA.pentyl_Gly.F.A.dP.P.P}$PEPTIDE1,PEPTIDE1,1:R1-7:R2$$$",-6.41100000,ok,,flexible
"PEPTIDE1{dA.Me_dL.meA.Me_dA.T.G.P}$PEPTIDE1,PEPTIDE1,1:R1-7:R2$$$",-6.20600000,ok,,flexible
"PEPTIDE1{dA.G.F.dP.meL.D.Phe(4-CF3)}$PEPTIDE1,PEPTIDE1,1:R1-7:R2$$$",-6.42300000,ok,,flexible
"PEPTIDE1{dF.T.F.dP.Y.P.D}$PEPTIDE1,PEPTIDE1,1:R1-7:R2$$$",-6.50200000,ok,,flexible
"PEPTIDE1{Me_dA.Pr_Gly.A.F.T.Me_Phe(3-Cl).dP}$PEPTIDE1,PEPTIDE1,1:R1-7:R2$$$",-6.24300000,ok,,flexible
"PEPTIDE1{dV.meL.3Pal.dP.dP.T.Phe(4-CF3)}$PEPTIDE1,PEPTIDE1,1:R1-7:R2$$$",-6.59100000,ok,,flexible
"PEPTIDE1{dP.F.Ser(tBu).P.Asp_piperidide.L.Mono84}$PEPTIDE1,PEPTIDE1,1:R1-7:R2$$$",-6.29700000,ok,,flexible
"PEPTIDE1{Mono6.P.T.P.Y.F.Sar}$PEPTIDE1,PEPTIDE1,1:R1-7:R2$$$",-7.29800000,ok,,flexible
"PEPTIDE1{dF.dP.I.T.meL.P.L}$PEPTIDE1,PEPTIDE1,1:R1-7:R2$$$",-6.36000000,ok,,flexible
"PEPTIDE1{meA.Me_dA.P.P.Phe(4-CF3).T.G}$PEPTIDE1,PEPTIDE1,1:R1-7:R2$$$",-7.06900000,ok,,flexible
"PEPTIDE1{Me_Bal.meA.meL.dP.P.P.F}$PEPTIDE1,PEPTIDE1,1:R1-7:R2$$$",-7.68300000,ok,,flexible
"PEPTIDE1{P.meL.G.P.G.Phe(4-CF3).Me_Phe(3-Cl)}$PEPTIDE1,PEPTIDE1,1:R1-7:R2$$$",-7.56100000,ok,,flexible
"PEPTIDE1{dV.T.Me_Phe(3-Cl).F.P.dP.G}$PEPTIDE1,PEPTIDE1,1:R1-7:R2$$$",-7.20000000,ok,,flexible
"PEPTIDE1{P.A.dL.I.T.Mono84.P}$PEPTIDE1,PEPTIDE1,1:R1-7:R2$$$",-6.94300000,ok,,flexible
"PEPTIDE1{dV.F.Sar.P.meL.T.T}$PEPTIDE1,PEPTIDE1,1:R1-7:R2$$$",-6.83000000,ok,,flexible
"PEPTIDE1{dF.L.G.dP.dP.P.F}$PEPTIDE1,PEPTIDE1,1:R1-7:R2$$$",-7.14100000,ok,,flexible
"PEPTIDE1{meA.meS.P.Asp_piperidide.Mono6.D.dP}$PEPTIDE1,PEPTIDE1,1:R1-7:R2$$$",-6.71000000,ok,,flexible
"PEPTIDE1{dV.P.T.F.D.meL.G}$PEPTIDE1,PEPTIDE1,1:R1-7:R2$$$",-5.50100000,ok,,flexible
"PEPTIDE1{F.A.Mono38.P.Mono84.dP.3Pal}$PEPTIDE1,PEPTIDE1,1:R1-7:R2$$$",-7.35200000,ok,,flexible
"PEPTIDE1{Mono6.P.F.T.meL.G.I}$PEPTIDE1,PEPTIDE1,1:R1-7:R2$$$",-5.99800000,ok,,flexible
"PEPTIDE1{Sar.T.Me_dA.P.meA.P.L}$PEPTIDE1,PEPTIDE1,1:R1-7:R2$$$",-6.35000000,ok,,flexible
"PEPTIDE1{Me_Bal.Me_dL.Ser(tBu).dP.meA.dL.V}$PEPTIDE1,PEPTIDE1,1:R1-7:R2$$$",-5.42700000,ok,,flexible
"PEPTIDE1{Mono6.dP.dP.L.P.meL.Me_dL}$PEPTIDE1,PEPTIDE1,1:R1-7:R2$$$",-6.58700000,ok,,flexible
"PEPTIDE1{Me_dA.cHexCH2_Gly.A.P.T.P.L}$PEPTIDE1,PEPTIDE1,1:R1-7:R2$$$",-6.11400000,ok,,flexible
"PEPTIDE1{Sar.cHexCH2_Gly.dP.pentyl_Gly.T.V.F}$PEPTIDE1,PEPTIDE1,1:R1-7:R2$$$",-5.94900000,ok,,flexible
"PEPTIDE1{meA.P.Me_dL.cHexCH2_Gly.I.A.T}$PEPTIDE1,PEPTIDE1,1:R1-7:R2$$$",-5.92300000,ok,,flexible
"PEPTIDE1{Me_dA.dA.P.Me_dL.dP.P.F}$PEPTIDE1,PEPTIDE1,1:R1-7:R2$$$",-7.28800000,ok,,flexible
"PEPTIDE1{dA.meA.A.Pr_Gly.Me_dA.dV.L}$PEPTIDE1,PEPTIDE1,1:R1-7:R2$$$",-5.73700000,ok,,flexible
"PEPTIDE1{dF.F.A.Me_Phe(3-Cl).dP.G.I}$PEPTIDE1,PEPTIDE1,1:R1-7:R2$$$",-6.01600000,ok,,flexible
"PEPTIDE1{dV.F.meY.T.meL.P.dP}$PEPTIDE1,PEPTIDE1,1:R1-7:R2$$$",-6.36000000,ok,,flexible
"PEPTIDE1{dV.dP.meL.T.F.P.Phe(4-CF3)}$PEPTIDE1,PEPTIDE1,1:R1-7:R2$$$",-6.30900000,ok,,flexible
"PEPTIDE1{Me_dA.dP.P.meL.dA.A.F}$PEPTIDE1,PEPTIDE1,1:R1-7:R2$$$",-6.77800000,ok,,flexible
"PEPTIDE1{dA.Me_dA.Me_Nle.A.dP.dP.Me_Phe(3-Cl)}$PEPTIDE1,PEPTIDE1,1:R1-7:R2$$$",-6.80100000,ok,,flexible
"PEPTIDE1{meA.dA.P.dP.I.P.V}$PEPTIDE1,PEPTIDE1,1:R1-7:R2$$$",-6.41600000,ok,,flexible
"PEPTIDE1{dV.meL.P.T.dP.P.G}$PEPTIDE1,PEPTIDE1,1:R1-7:R2$$$",-6.68900000,ok,,flexible
"PEPTIDE1{Me_dA.I.dP.L.meL.F.Mono38}$PEPTIDE1,PEPTIDE1,1:R1-7:R2$$$",-5.59700000,ok,,flexible
"PEPTIDE1{dV.L.P.P.D.Y.T}$PEPTIDE1,PEPTIDE1,1:R1-7:R2$$$",-5.82200000,ok,,flexible
"PEPTIDE1{meA.Pr_Gly.dL.Me_dA.dV.P.T}$PEPTIDE1,PEPTIDE1,1:R1-7:R2$$$",-5.45900000,ok,,flexible
"PEPTIDE1{dA.P.dP.dP.P.meL.G}$PEPTIDE1,PEPTIDE1,1:R1-7:R2$$$",-6.75500000,ok,,flexible
"PEPTIDE1{A.G.G.Y.I.F.D}$PEPTIDE1,PEPTIDE1,1:R1-7:R2$$$",-6.45300000,ok,,flexible
"PEPTIDE1{dV.F.P.P.dP.dP.meL}$PEPTIDE1,PEPTIDE1,1:R1-7:R2$$$",-6.38500000,ok,,flexible
"PEPTIDE1{dP.G.A.I.T.dV.meL}$PEPTIDE1,PEPTIDE1,1:R1-7:R2$$$",-6.38300000,ok,,flexible
"PEPTIDE1{meA.Me_dA.meL.P.dP.meY.P}$PEPTIDE1,PEPTIDE1,1:R1-7:R2$$$",-7.12400000,ok,,flexible
"PEPTIDE1{Me_Bal.P.meL.F.Phe(4-CF3).T.dP}$PEPTIDE1,PEPTIDE1,1:R1-7:R2$$$",-7.77800000,ok,,flexible
"PEPTIDE1{Me_dA.P.F.T.T.P.dP}$PEPTIDE1,PEPTIDE1,1:R1-7:R2$$$",-6.46700000,ok,,flexible
"PEPTIDE1{meA.Y.I.T.P.D.Me_Phe(3-Cl)}$PEPTIDE1,PEPTIDE1,1:R1-7:R2$$$",-6.58100000,ok,,flexible
"PEPTIDE1{Me_Bal.Me_dA.dP.P.F.T.dP}$PEPTIDE1,PEPTIDE1,1:R1-7:R2$$$",-7.14200000,ok,,flexible
"PEPTIDE1{dA.meA.P.dL.Me_dA.Me_dL.F}$PEPTIDE1,PEPTIDE1,1:R1-7:R2$$$",-6.22900000,ok,,flexible
"PEPTIDE1{meA.F.dP.P.meL.T.I}$PEPTIDE1,PEPTIDE1,1:R1-7:R2$$$",-6.70900000,ok,,flexible
"PEPTIDE1{A.cHexCH2_Gly.dP.dL.D.P.dP}$PEPTIDE1,PEPTIDE1,1:R1-7:R2$$$",-6.34400000,ok,,flexible
"PEPTIDE1{dP.Me_dA.Mono6.P.F.P.Me_dL}$PEPTIDE1,PEPTIDE1,1:R1-7:R2$$$",-7.61800000,ok,,flexible
"PEPTIDE1{meA.dP.P.V.P.I.L}$PEPTIDE1,PEPTIDE1,1:R1-7:R2$$$",-6.23000000,ok,,flexible
"PEPTIDE1{P.meA.Me_dA.dP.Me_Phe(3-Cl).G.P}$PEPTIDE1,PEPTIDE1,1:R1-7:R2$$$",-7.60900000,ok,,flexible
"PEPTIDE1{F.A.dP.meA.I.V.L}$PEPTIDE1,PEPTIDE1,1:R1-7:R2$$$",-6.34600000,ok,,flexible
"PEPTIDE1{P.P.A.dP.F.dL.dP}$PEPTIDE1,PEPTIDE1,1:R1-7:R2$$$",-7.10200000,ok,,flexible
"PEPTIDE1{dV.dP.P.dP.Mono6.P.Asp_piperidide}$PEPTIDE1,PEPTIDE1,1:R1-7:R2$$$",-7.25500000,ok,,flexible
"PEPTIDE1{A.meA.dP.T.I.Me_dL.Ser(tBu)}$PEPTIDE1,PEPTIDE1,1:R1-7:R2$$$",-6.05800000,ok,,flexible
"PEPTIDE1{meA.dP.G.dP.meL.F.P}$PEPTIDE1,PEPTIDE1,1:R1-7:R2$$$",-6.72500000,ok,,flexible
"PEPTIDE1{Mono6.dP.P.D.G.F.Y}$PEPTIDE1,PEPTIDE1,1:R1-7:R2$$$",-6.74500000,ok,,flexible
"PEPTIDE1{Mono6.T.G.Me_Phe(3-Cl).dP.D.F}$PEPTIDE1,PEPTIDE1,1:R1-7:R2$$$",-6.73200000,ok,,flexible
"PEPTIDE1{meL.Ser(tBu).F.P.dP.Phe(4-CF3).I}$PEPTIDE1,PEPTIDE1,1:R1-7:R2$$$",-6.49300000,ok,,flexible
"PEPTIDE1{dV.dP.P.meL.D.G.F}$PEPTIDE1,PEPTIDE1,1:R1-7:R2$$$",-6.51200000,ok,,flexible
"PEPTIDE1{meA.Me_dL.dP.meY.P.P.T}$PEPTIDE1,PEPTIDE1,1:R1-7:R2$$$",-6.85400000,ok,,flexible
"PEPTIDE1{meA.T.P.P.dP.D.dP}$PEPTIDE1,PEPTIDE1,1:R1-7:R2$$$",-6.94100000,ok,,flexible
"PEPTIDE1{A.I.F.P.dP.Me_dL.G}$PEPTIDE1,PEPTIDE1,1:R1-7:R2$$$",-6.51400000,ok,,flexible
"PEPTIDE1{Me_Bal.L.meA.Me_dL.T.P.I}$PEPTIDE1,PEPTIDE1,1:R1-7:R2$$$",-6.18900000,ok,,flexible
"PEPTIDE1{dA.G.F.dP.Me_dL.P.Y}$PEPTIDE1,PEPTIDE1,1:R1-7:R2$$$",-6.87300000,ok,,flexible
"PEPTIDE1{Me_Bal.Me_dA.meL.L.P.V.F}$PEPTIDE1,PEPTIDE1,1:R1-7:R2$$$",-5.86400000,ok,,flexible
"PEPTIDE1{Me_dA.P.P.P.dP.T.G}$PEPTIDE1,PEPTIDE1,1:R1-7:R2$$$",-7.26100000,ok,,flexible
"PEPTIDE1{Me_dA.Me_dL.F.P.Phe(4-CF3).F.dP}$PEPTIDE1,PEPTIDE1,1:R1-7:R2$$$",-6.94600000,ok,,flexible
"PEPTIDE1{Mono6.Et_Gly.Mono34.P.P.Me_Phe(3-Cl).G}$PEPTIDE1,PEPTIDE1,1:R1-7:R2$$$",-5.82700000,ok,,flexible
"PEPTIDE1{Mono6.F.I.dP.P.T.meL}$PEPTIDE1,PEPTIDE1,1:R1-7:R2$$$",-6.62700000,ok,,flexible
"PEPTIDE1{Mono6.dP.dP.P.Et_Gly.P.P}$PEPTIDE1,PEPTIDE1,1:R1-7:R2$$$",-7.71700000,ok,,flexible
"PEPTIDE1{meA.F.Me_dL.P.Asp_piperidide.T.P}$PEPTIDE1,PEPTIDE1,1:R1-7:R2$$$",-6.54000000,ok,,flexible
"PEPTIDE1{dA.meL.F.T.T.dP.Me_dL}$PEPTIDE1,PEPTIDE1,1:R1-7:R2$$$",-6.31500000,ok,,flexible
"PEPTIDE1{dA.A.Pr_Gly.P.meY.Me_dL.P}$PEPTIDE1,PEPTIDE1,1:R1-7:R2$$$",-6.86600000,ok,,flexible
"PEPTIDE1{A.L.T.P.meA.dL.I}$PEPTIDE1,PEPTIDE1,1:R1-7:R2$$$",-5.72600000,ok,,flexible
"PEPTIDE1{Me_dA.meA.meL.P.dP.Asp_piperidide.meY}$PEPTIDE1,PEPTIDE1,1:R1-7:R2$$$",-6.21400000,ok,,flexible
"PEPTIDE1{meA.Me_dA.dP.P.P.T.dP}$PEPTIDE1,PEPTIDE1,1:R1-7:R2$$$",-7.16000000,ok,,flexible
"PEPTIDE1{dP.P.meL.P.T.dP.G}$PEPTIDE1,PEPTIDE1,1:R1-7:R2$$$",-7.50000000,ok,,flexible
"PEPTIDE1{Me_Bal.F.P.I.G.D.Y}$PEPTIDE1,PEPTIDE1,1:R1-7:R2$$$",-6.60800000,ok,,flexible
"PEPTIDE1{Me_Bal.dP.dL.F.L.P.T}$PEPTIDE1,PEPTIDE1,1:R1-7:R2$$$",-5.97400000,ok,,flexible
"PEPTIDE1{Me_dA.Sar.meF.F.P.Me_Phe(3-Cl).P}$PEPTIDE1,PEPTIDE1,1:R1-7:R2$$$",-6.91500000,ok,,flexible
"PEPTIDE1{dA.Me_dL.T.P.meL.dP.I}$PEPTIDE1,PEPTIDE1,1:R1-7:R2$$$",-6.14500000,ok,,flexible
"PEPTIDE1{L.Sar.T.G.T.Phe(4-CF3).D}$PEPTIDE1,PEPTIDE1,1:R1-7:R2$$$",-6.71400000,ok,,flexible
"PEPTIDE1{meL.L.P.I.F.T.Phe(4-CF3)}$PEPTIDE1,PEPTIDE1,1:R1-7:R2$$$",-5.76000000,ok,,flexible
"PEPTIDE1{dA.F.Me_dA.meL.Me_Phe(3-Cl).Ala(5-Tet).dP}$PEPTIDE1,PEPTIDE1,1:R1-7:R2$$$",-6.50200000,ok,,flexible
"PEPTIDE1{dA.dP.F.dP.F.meL.Me_Phe(3-Cl)}$PEPTIDE1,PEPTIDE1,1:R1-7:R2$$$",-6.88200000,ok,,flexible
"PEPTIDE1{dA.F.P.meL.Y.dP.dP}$PEPTIDE1,PEPTIDE1,1:R1-7:R2$$$",-6.29300000,ok,,flexible
"PEPTIDE1{dP.dPye.Pr_Gly.Me_dL.P.P.Me_dA}$PEPTIDE1,PEPTIDE1,1:R1-7:R2$$$",-5.51000000,ok,,flexible
"PEPTIDE1{dV.T.V.P.dP.P.G}$PEPTIDE1,PEPTIDE1,1:R1-7:R2$$$",-6.43200000,ok,,flexible
"PEPTIDE1{meA.Me_dL.V.T.P.G.dP}$PEPTIDE1,PEPTIDE1,1:R1-7:R2$$$",-6.64200000,ok,,flexible
"PEPTIDE1{Mono6.meY.P.T.meL.G.Y}$PEPTIDE1,PEPTIDE1,1:R1-7:R2$$$",-7.29700000,ok,,flexible
"PEPTIDE1{dA.F.P.P.dP.P.Me_Phe(3-Cl)}$PEPTIDE1,PEPTIDE1,1:R1-7:R2$$$",-7.63700000,ok,,flexible
"PEPTIDE1{A.D.meL.P.I.F.V}$PEPTIDE1,PEPTIDE1,1:R1-7:R2$$$",-6.30200000,ok,,flexible
"PEPTIDE1{dV.T.dP.T.meY.P.P}$PEPTIDE1,PEPTIDE1,1:R1-7:R2$$$",-6.65800000,ok,,flexible
"PEPTIDE1{P.pentyl_Gly.P.T.Mono84.T.G}$PEPTIDE1,PEPTIDE1,1:R1-7:R2$$$",-6.05500000,ok,,flexible
"PEPTIDE1{P.F.Pr_Gly.meL.dF.Asp_piperidide.Me_dA}$PEPTIDE1,PEPTIDE1,1:R1-7:R2$$$",-5.64300000,ok,,flexible
"PEPTIDE1{A.meL.dP.T.T.F.P}$PEPTIDE1,PEPTIDE1,1:R1-7:R2$$$",-6.17000000,ok,,flexible
"PEPTIDE1{L.Nle.dP.F.G.P.V}$PEPTIDE1,PEPTIDE1,1:R1-7:R2$$$",-5.75800000,ok,,flexible
"PEPTIDE1{dA.F.dL.T.G.V.dP}$PEPTIDE1,PEPTIDE1,1:R1-7:R2$$$",-6.56300000,ok,,flexible
"PEPTIDE1{dF.dP.D.G.I.F.Me_Phe(3-Cl)}$PEPTIDE1,PEPTIDE1,1:R1-7:R2$$$",-6.06200000,ok,,flexible
"PEPTIDE1{meA.P.dP.P.meL.Me_dL.V}$PEPTIDE1,PEPTIDE1,1:R1-7:R2$$$",-6.40500000,ok,,flexible
"PEPTIDE1{meL.Asp_piperidide.P.Me_Phe(3-Cl).I.P.dP}$PEPTIDE1,PEPTIDE1,1:R1-7:R2$$$",-6.40000000,ok,,flexible
"PEPTIDE1{P.meA.P.T.Mono6.G.P}$PEPTIDE1,PEPTIDE1,1:R1-7:R2$$$",-6.80600000,ok,,flexible
"PEPTIDE1{Me_Bal.dPye.meL.Me_dL.Y.T.dP}$PEPTIDE1,PEPTIDE1,1:R1-7:R2$$$",-5.30800000,ok,,flexible
"PEPTIDE1{Me_Bal.F.P.L.meL.T.T}$PEPTIDE1,PEPTIDE1,1:R1-7:R2$$$",-6.49500000,ok,,flexible
"PEPTIDE1{Me_Bal.dP.P.dP.P.T.dP}$PEPTIDE1,PEPTIDE1,1:R1-7:R2$$$",-7.20600000,ok,,flexible
"PEPTIDE1{Mono6.Me_dA.dA.meL.Mono78.dP.T}$PEPTIDE1,PEPTIDE1,1:R1-7:R2$$$",-7.34600000,ok,,flexible
"PEPTIDE1{Mono6.Phe(4-CF3).T.3Pal.meL.P.dP}$PEPTIDE1,PEPTIDE1,1:R1-7:R2$$$",-6.90200000,ok,,flexible
"PEPTIDE1{meA.A.L.I.V.dL.dP}$PEPTIDE1,PEPTIDE1,1:R1-7:R2$$$",-6.23200000,ok,,flexible
"PEPTIDE1{meA.P.T.T.I.F.P}$PEPTIDE1,PEPTIDE1,1:R1-7:R2$$$",-6.23200000,ok,,flexible
"PEPTIDE1{dV.meA.F.A.dL.Me_dA.meL}$PEPTIDE1,PEPTIDE1,1:R1-7:R2$$$",-6.47900000,ok,,flexible
"PEPTIDE1{L.T.Me_Phe(3-Cl).F.I.G.Y}$PEPTIDE1,PEPTIDE1,1:R1-7:R2$$$",-5.87700000,ok,,flexible
"PEPTIDE1{Me_dA.P.Y.I.F.P.D}$PEPTIDE1,PEPTIDE1,1:R1-7:R2$$$",-6.44000000,ok,,flexible
"PEPTIDE1{Me_dA.dP.I.F.G.T.G}$PEPTIDE1,PEPTIDE1,1:R1-7:R2$$$",-6.17900000,ok,,flexible
"PEPTIDE1{A.S.P.meY.G.dP.dP}$PEPTIDE1,PEPTIDE1,1:R1-7:R2$$$",-7.05700000,ok,,flexible
"PEPTIDE1{Me_dA.dP.T.P.L.T.Me_Phe(3-Cl)}$PEPTIDE1,PEPTIDE1,1:R1-7:R2$$$",-6.65900000,ok,,flexible
"PEPTIDE1{Pr_Gly.A.P.dL.I.P.P}$PEPTIDE1,PEPTIDE1,1:R1-7:R2$$$",-6.44100000,ok,,flexible
"PEPTIDE1{dV.dP.P.Mono100.I.Asp_piperidide.T}$PEPTIDE1,PEPTIDE1,1:R1-7:R2$$$",-6.25000000,ok,,flexible
"PEPTIDE1{Me_Bal.dP.P.meL.T.G.P}$PEPTIDE1,PEPTIDE1,1:R1-7:R2$$$",-6.72800000,ok,,flexible
"PEPTIDE1{dA.P.T.dP.Pr_Gly.F.dP}$PEPTIDE1,PEPTIDE1,1:R1-7:R2$$$",-7.04400000,ok,,flexible
"PEPTIDE1{Me_Bal.T.Me_dA.P.P.dP.meL}$PEPTIDE1,PEPTIDE1,1:R1-7:R2$$$",-6.79200000,ok,,flexible
"PEPTIDE1{Sar.I.T.Mono84.Ser(tBu).P.Me_dL}$PEPTIDE1,PEPTIDE1,1:R1-7:R2$$$",-5.18700000,ok,,flexible
"PEPTIDE1{Me_Bal.F.meL.T.T.D.Me_Phe(3-Cl)}$PEPTIDE1,PEPTIDE1,1:R1-7:R2$$$",-5.34600000,ok,,flexible
"PEPTIDE1{L.P.F.Me_Phe(3-Cl).meL.T.dP}$PEPTIDE1,PEPTIDE1,1:R1-7:R2$$$",-6.20300000,ok,,flexible
"PEPTIDE1{A.P.T.Y.meL.P.dY}$PEPTIDE1,PEPTIDE1,1:R1-7:R2$$$",-6.33100000,ok,,flexible
"PEPTIDE1{L.dP.Me_dAbu.Mono84.P.dP.Me_Phe(3-Cl)}$PEPTIDE1,PEPTIDE1,1:R1-7:R2$$$",-6.64500000,ok,,flexible
"PEPTIDE1{Me_dA.meL.dP.Me_dL.P.T.Mono6}$PEPTIDE1,PEPTIDE1,1:R1-7:R2$$$",-6.91600000,ok,,flexible
"PEPTIDE1{Me_dA.meF.P.dP.Sar.L.meL}$PEPTIDE1,PEPTIDE1,1:R1-7:R2$$$",-6.49900000,ok,,flexible
"PEPTIDE1{Me_dA.bHph.Me_dL.L.T.A.P}$PEPTIDE1,PEPTIDE1,1:R1-7:R2$$$",-6.05200000,ok,,flexible
"PEPTIDE1{Pr_Gly.P.T.T.P.P.meL}$PEPTIDE1,PEPTIDE1,1:R1-7:R2$$$",-5.75100000,ok,,flexible
"PEPTIDE1{dA.L.P.P.dP.F.T}$PEPTIDE1,PEPTIDE1,1:R1-7:R2$$$",-6.52100000,ok,,flexible
"PEPTIDE1{Me_Bal.F.Me_dL.I.dP.meL.V}$PEPTIDE1,PEPTIDE1,1:R1-7:R2$$$",-5.73400000,ok,,flexible
"PEPTIDE1{F.dP.Phe(4-CF3).Me_Phe(3-Cl).meL.dP.T}$PEPTIDE1,PEPTIDE1,1:R1-7:R2$$$",-6.05100000,ok,,flexible
"PEPTIDE1{dV.P.dF.T.Nle.Me_dA.P}$PEPTIDE1,PEPTIDE1,1:R1-7:R2$$$",-6.84000000,ok,,flexible
"PEPTIDE1{Me_Bal.T.P.P.dP.G.F}$PEPTIDE1,PEPTIDE1,1:R1-7:R2$$$",-6.76900000,ok,,flexible
"PEPTIDE1{dA.F.P.T.L.dL.Me_Phe(3-Cl)}$PEPTIDE1,PEPTIDE1,1:R1-7:R2$$$",-6.43300000,ok,,flexible
"PEPTIDE1{Me_dA.dP.T.P.Me_Phe(3-Cl).F.G}$PEPTIDE1,PEPTIDE1,1:R1-7:R2$$$",-7.08200000,ok,,flexible
"PEPTIDE1{meA.dP.I.T.Me_dL.meL.F}$PEPTIDE1,PEPTIDE1,1:R1-7:R2$$$",-5.79600000,ok,,flexible
"PEPTIDE1{Me_Bal.L.Ser(tBu).T.meA.Mono84.dP}$PEPTIDE1,PEPTIDE1,1:R1-7:R2$$$",-6.34000000,ok,,flexible
"PEPTIDE1{meA.G.I.P.P.F.Sar}$PEPTIDE1,PEPTIDE1,1:R1-7:R2$$$",-6.71600000,ok,,flexible
"PEPTIDE1{Me_dA.P.T.I.dP.Me_dL.P}$PEPTIDE1,PEPTIDE1,1:R1-7:R2$$$",-7.27400000,ok,,flexible
"PEPTIDE1{A.Me_dA.Pr_Gly.meA.dA.dP.F}$PEPTIDE1,PEPTIDE1,1:R1-7:R2$$$",-6.45800000,ok,,flexible
"PEPTIDE1{Me_dA.meL.dP.dP.Me_dL.D.G}$PEPTIDE1,PEPTIDE1,1:R1-7:R2$$$",-6.19100000,ok,,flexible
"PEPTIDE1{A.dP.V.L.Me_Phe(3-Cl).T.P}$PEPTIDE1,PEPTIDE1,1:R1-7:R2$$$",-6.73600000,ok,,flexible
"PEPTIDE1{Me_Bal.meA.Me_dL.Y.Mono6.dP.meL}$PEPTIDE1,PEPTIDE1,1:R1-7:R2$$$",-6.17500000,ok,,flexible
"PEPTIDE1{dA.D.Me_Phe(3-Cl).T.dP.F.P}$PEPTIDE1,PEPTIDE1,1:R1-7:R2$$$",-6.96500000,ok,,flexible
"PEPTIDE1{meA.Me_dA.Pr_Gly.meL.F.dP.meF}$PEPTIDE1,PEPTIDE1,1:R1-7:R2$$$",-6.10600000,ok,,flexible
"PEPTIDE1{dP.Me_dL.T.meL.Me_Phe(3-Cl).G.Phe(4-CF3)}$PEPTIDE1,PEPTIDE1,1:R1-7:R2$$$",-6.58700000,ok,,flexible
"PEPTIDE1{dP.A.Pr_Gly.Me_dA.L.G.meA}$PEPTIDE1,PEPTIDE1,1:R1-7:R2$$$",-6.63100000,ok,,flexible
"PEPTIDE1{A.Me_dA.P.T.Pr_Gly.dL.Me_dL}$PEPTIDE1,PEPTIDE1,1:R1-7:R2$$$",-6.01700000,ok,,flexible
"PEPTIDE1{Me_Bal.P.P.F.F.meL.dP}$PEPTIDE1,PEPTIDE1,1:R1-7:R2$$$",-6.54200000,ok,,flexible
"PEPTIDE1{dV.F.I.dP.G.P.P}$PEPTIDE1,PEPTIDE1,1:R1-7:R2$$$",-6.45100000,ok,,flexible
"PEPTIDE1{dV.F.dP.Me_dA.I.T.D}$PEPTIDE1,PEPTIDE1,1:R1-7:R2$$$",-6.26800000,ok,,flexible
"PEPTIDE1{Sar.T.L.F.dL.Me_dL.meA}$PEPTIDE1,PEPTIDE1,1:R1-7:R2$$$",-5.78800000,ok,,flexible
"PEPTIDE1{Me_dA.Me_dL.T.meL.G.T.P}$PEPTIDE1,PEPTIDE1,1:R1-7:R2$$$",-6.24200000,ok,,flexible
"PEPTIDE1{A.P.T.F.I.P.meL}$PEPTIDE1,PEPTIDE1,1:R1-7:R2$$$",-6.81800000,ok,,flexible
"PEPTIDE1{Me_dA.T.L.P.Asp_piperidide.T.Mono84}$PEPTIDE1,PEPTIDE1,1:R1-7:R2$$$",-6.84300000,ok,,flexible
"PEPTIDE1{A.meL.dPye.dP.Me_dA.dP.Y}$PEPTIDE1,PEPTIDE1,1:R1-7:R2$$$",-5.97900000,ok,,flexible
"PEPTIDE1{dA.T.V.F.dP.Me_dL.P}$PEPTIDE1,PEPTIDE1,1:R1-7:R2$$$",-6.59600000,ok,,flexible
"PEPTIDE1{A.dPye.L.Me_dA.dP.F.meA}$PEPTIDE1,PEPTIDE1,1:R1-7:R2$$$",-6.21100000,ok,,flexible
"PEPTIDE1{A.D.F.T.meL.I.G}$PEPTIDE1,PEPTIDE1,1:R1-7:R2$$$",-5.40500000,ok,,flexible
"PEPTIDE1{Me_dA.G.meA.D.meF.I.pentyl_Gly}$PEPTIDE1,PEPTIDE1,1:R1-7:R2$$$",-6.01400000,ok,,flexible
"PEPTIDE1{dV.meL.meY.Me_dL.Y.Me_dAbu.G}$PEPTIDE1,PEPTIDE1,1:R1-7:R2$$$",-6.70100000,ok,,flexible
"PEPTIDE1{Mono6.P.P.V.meL.T.L}$PEPTIDE1,PEPTIDE1,1:R1-7:R2$$$",-5.89200000,ok,,flexible
"PEPTIDE1{A.F.meL.dP.I.P.P}$PEPTIDE1,PEPTIDE1,1:R1-7:R2$$$",-5.72200000,ok,,flexible
"PEPTIDE1{Mono6.A.dL.P.meL.meA.T}$PEPTIDE1,PEPTIDE1,1:R1-7:R2$$$",-6.42900000,ok,,flexible
"PEPTIDE1{dP.F.meY.meL.Y.Me_dL.P}$PEPTIDE1,PEPTIDE1,1:R1-7:R2$$$",-6.10000000,ok,,flexible
"PEPTIDE1{dV.A.L.dP.dL.dP.I}$PEPTIDE1,PEPTIDE1,1:R1-7:R2$$$",-5.69200000,ok,,flexible
"PEPTIDE1{P.Me_dA.Mono6.P.dP.Me_Phe(3-Cl).L}$PEPTIDE1,PEPTIDE1,1:R1-7:R2$$$",-7.33200000,ok,,flexible
"PEPTIDE1{Me_Bal.Mono86.P.P.Me_Phe(3-Cl).G.I}$PEPTIDE1,PEPTIDE1,1:R1-7:R2$$$",-6.79100000,ok,,flexible
"PEPTIDE1{dA.Me_dA.F.Mono6.Asp_piperidide.Et_Gly.Me_Phe(3-Cl)}$PEPTIDE1,PEPTIDE1,1:R1-7:R2$$$",-6.72300000,ok,,flexible
"PEPTIDE1{meA.I.F.P.meL.P.G}$PEPTIDE1,PEPTIDE1,1:R1-7:R2$$$",-6.43500000,ok,,flexible
"PEPTIDE1{Me_Bal.A.Me_Phe(3-Cl).Me_dL.dP.F.meL}$PEPTIDE1,PEPTIDE1,1:R1-7:R2$$$",-6.65600000,ok,,flexible
"PEPTIDE1{dV.P.F.dP.D.Phe(4-CF3).Me_Phe(3-Cl)}$PEPTIDE1,PEPTIDE1,1:R1-7:R2$$$",-7.34200000,ok,,flexible
"PEPTIDE1{dA.P.meL.dP.Me_dL.T.F}$PEPTIDE1,PEPTIDE1,1:R1-7:R2$$$",-6.03100000,ok,,flexible
"PEPTIDE1{dA.G.P.F.T.D.G}$PEPTIDE1,PEPTIDE1,1:R1-7:R2$$$",-7.04900000,ok,,flexible
"PEPTIDE1{Me_Bal.Me_Phe(3-Cl).G.dP.Y.Me_dL.dP}$PEPTIDE1,PEPTIDE1,1:R1-7:R2$$$",-6.53900000,ok,,flexible
"PEPTIDE1{A.F.dP.P.P.Me_dL.V}$PEPTIDE1,PEPTIDE1,1:R1-7:R2$$$",-6.96600000,ok,,flexible
"PEPTIDE1{P.dA.meL.Me_dA.Me_Phe(3-Cl).Ser(tBu).F}$PEPTIDE1,PEPTIDE1,1:R1-7:R2$$$",-6.56700000,ok,,flexible
"PEPTIDE1{Me_Bal.T.I.P.Me_dL.dP.meL}$PEPTIDE1,PEPTIDE1,1:R1-7:R2$$$",-5.91700000,ok,,flexible
"PEPTIDE1{dA.T.P.P.L.F.Me_Phe(3-Cl)}$PEPTIDE1,PEPTIDE1,1:R1-7:R2$$$",-6.72600000,ok,,flexible
"PEPTIDE1{dF.Me_dA.L.P.G.Me_Phe(3-Cl).I}$PEPTIDE1,PEPTIDE1,1:R1-7:R2$$$",-5.78200000,ok,,flexible
"PEPTIDE1{Mono6.pentyl_Gly.P.Mono86.T.G.Mono84}$PEPTIDE1,PEPTIDE1,1:R1-7:R2$$$",-5.92000000,ok,,flexible
"PEPTIDE1{dP.Me_dA.T.Me_dL.Me_Phe(3-Cl).Me_dL.F}$PEPTIDE1,PEPTIDE1,1:R1-7:R2$$$",-6.03200000,ok,,flexible
"PEPTIDE1{Me_Bal.meL.Me_dL.meY.T.P.dP}$PEPTIDE1,PEPTIDE1,1:R1-7:R2$$$",-6.57600000,ok,,flexible
"PEPTIDE1{meA.L.dP.P.F.dP.Nle}$PEPTIDE1,PEPTIDE1,1:R1-7:R2$$$",-6.32400000,ok,,flexible
"PEPTIDE1{meA.dP.Y.P.T.G.meL}$PEPTIDE1,PEPTIDE1,1:R1-7:R2$$$",-6.68100000,ok,,flexible
"PEPTIDE1{meA.meY.Asp_piperidide.dP.Y.P.meL}$PEPTIDE1,PEPTIDE1,1:R1-7:R2$$$",-7.69200000,ok,,flexible
"PEPTIDE1{Me_dA.Me_Phe(3-Cl).Asp_piperidide.meL.F.P.D}$PEPTIDE1,PEPTIDE1,1:R1-7:R2$$$",-6.76200000,ok,,flexible
"PEPTIDE1{A.F.P.D.P.T.dP}$PEPTIDE1,PEPTIDE1,1:R1-7:R2$$$",-6.89000000,ok,,flexible
"PEPTIDE1{F.P.T.P.Asp_piperidide.meY.P}$PEPTIDE1,PEPTIDE1,1:R1-7:R2$$$",-6.68700000,ok,,flexible
"PEPTIDE1{Me_Bal.T.G.meL.dP.P.I}$PEPTIDE1,PEPTIDE1,1:R1-7:R2$$$",-6.06700000,ok,,flexible
"PEPTIDE1{F.meL.Me_Phe(3-Cl).dP.V.Asp_piperidide.P}$PEPTIDE1,PEPTIDE1,1:R1-7:R2$$$",-6.53200000,ok,,flexible
"PEPTIDE1{dP.T.P.meY.dP.T.G}$PEPTIDE1,PEPTIDE1,1:R1-7:R2$$$",-6.45800000,ok,,flexible
"PEPTIDE1{dV.meF.pentyl_Gly.T.Mono38.G.Mono86}$PEPTIDE1,PEPTIDE1,1:R1-7:R2$$$",-5.70800000,ok,,flexible
"PEPTIDE1{dA.dV.P.dP.F.I.meL}$PEPTIDE1,PEPTIDE1,1:R1-7:R2$$$",-6.49900000,ok,,flexible
"PEPTIDE1{Me_Bal.P.dP.Me_Phe(3-Cl).meL.T.P}$PEPTIDE1,PEPTIDE1,1:R1-7:R2$$$",-6.76000000,ok,,flexible
"PEPTIDE1{Me_Bal.P.dP.T.I.meL.G}$PEPTIDE1,PEPTIDE1,1:R1-7:R2$$$",-6.78800000,ok,,flexible
"PEPTIDE1{meL.T.V.Nle.I.P.dP}$PEPTIDE1,PEPTIDE1,1:R1-7:R2$$$",-6.11100000,ok,,flexible
"PEPTIDE1{dF.Mono38.P.Et_Gly.meL.Mono84.dP}$PEPTIDE1,PEPTIDE1,1:R1-7:R2$$$",-6.12800000,ok,,flexible
"PEPTIDE1{Mono6.meA.L.P.dP.dP.meL}$PEPTIDE1,PEPTIDE1,1:R1-7:R2$$$",-6.33900000,ok,,flexible
"PEPTIDE1{dA.P.P.meL.I.Me_Phe(3-Cl).F}$PEPTIDE1,PEPTIDE1,1:R1-7:R2$$$",-6.81200000,ok,,flexible
"PEPTIDE1{Me_dA.meY.Asp_piperidide.Y.Me_Phe(3-Cl).P.dP}$PEPTIDE1,PEPTIDE1,1:R1-7:R2$$$",-5.88700000,ok,,flexible
"PEPTIDE1{Mono6.dL.F.meL.dP.G.P}$PEPTIDE1,PEPTIDE1,1:R1-7:R2$$$",-6.22400000,ok,,flexible
"PEPTIDE1{A.Me_dL.meL.T.dP.P.T}$PEPTIDE1,PEPTIDE1,1:R1-7:R2$$$",-6.08100000,ok,,flexible
"PEPTIDE1{Me_dA.Mono7.Me_Phe(3-Cl).T.meL.T.dP}$PEPTIDE1,PEPTIDE1,1:R1-7:R2$$$",-6.57200000,ok,,flexible
"PEPTIDE1{A.T.Me_dL.dP.F.Y.G}$PEPTIDE1,PEPTIDE1,1:R1-7:R2$$$",-6.83400000,ok,,flexible
"PEPTIDE1{dA.meL.dP.A.Sar.P.F}$PEPTIDE1,PEPTIDE1,1:R1-7:R2$$$",-6.60600000,ok,,flexible
"PEPTIDE1{dP.meA.T.dP.pentyl_Gly.meL.T}$PEPTIDE1,PEPTIDE1,1:R1-7:R2$$$",-5.58100000,ok,,flexible
"PEPTIDE1{meA.meL.Me_dA.T.F.Me_dL.I}$PEPTIDE1,PEPTIDE1,1:R1-7:R2$$$",-6.43800000,ok,,flexible
"PEPTIDE1{Mono6.meY.T.H.Me_dL.P.meL}$PEPTIDE1,PEPTIDE1,1:R1-7:R2$$$",-6.91800000,ok,,flexible
"PEPTIDE1{F.Me_dA.pentyl_Gly.Ser(tBu).P.G.Me_Nle}$PEPTIDE1,PEPTIDE1,1:R1-7:R2$$$",-5.20100000,ok,,flexible
"PEPTIDE1{Me_Bal.P.T.Me_dL.meL.meA.A}$PEPTIDE1,PEPTIDE1,1:R1-7:R2$$$",-6.20600000,ok,,flexible
"PEPTIDE1{dF.dP.F.P.Me_Phe(3-Cl).I.G}$PEPTIDE1,PEPTIDE1,1:R1-7:R2$$$",-7.04800000,ok,,flexible
"PEPTIDE1{Me_Bal.meL.P.Asp_piperidide.dP.Y.P}$PEPTIDE1,PEPTIDE1,1:R1-7:R2$$$",-7.49300000,ok,,flexible
"PEPTIDE1{Mono6.P.T.T.P.F.I}$PEPTIDE1,PEPTIDE1,1:R1-7:R2$$$",-6.08600000,ok,,flexible
"PEPTIDE1{dA.T.Me_Phe(3-Cl).3Pal.F.G.dP}$PEPTIDE1,PEPTIDE1,1:R1-7:R2$$$",-6.59500000,ok,,flexible
"PEPTIDE1{meA.dP.V.P.meL.T.P}$PEPTIDE1,PEPTIDE1,1:R1-7:R2$$$",-6.29200000,ok,,flexible
"PEPTIDE1{meA.dP.meL.T.Me_Phe(3-Cl).P.P}$PEPTIDE1,PEPTIDE1,1:R1-7:R2$$$",-6.56900000,ok,,flexible
"PEPTIDE1{F.dF.Nle.dP.Me_Phe(3-Cl).Et_Gly.3Pal}$PEPTIDE1,PEPTIDE1,1:R1-7:R2$$$",-5.44200000,ok,,flexible
"PEPTIDE1{Me_dA.Y.meL.dP.T.G.Asp_piperidide}$PEPTIDE1,PEPTIDE1,1:R1-7:R2$$$",-5.96000000,ok,,flexible
"PEPTIDE1{Sar.dP.meF.I.meL.A.Me_dA}$PEPTIDE1,PEPTIDE1,1:R1-7:R2$$$",-6.53000000,ok,,flexible
"PEPTIDE1{Me_dA.Sar.F.meL.T.G.Me_dL}$PEPTIDE1,PEPTIDE1,1:R1-7:R2$$$",-6.01400000,ok,,flexible
"PEPTIDE1{meA.P.meY.T.P.dP.dP}$PEPTIDE1,PEPTIDE1,1:R1-7:R2$$$",-7.34300000,ok,,flexible
"PEPTIDE1{A.dP.T.Me_dA.meY.meL.meA}$PEPTIDE1,PEPTIDE1,1:R1-7:R2$$$",-6.66300000,ok,,flexible
"PEPTIDE1{Me_Bal.A.P.L.dP.3Pal.Me_Phe(3-Cl)}$PEPTIDE1,PEPTIDE1,1:R1-7:R2$$$",-6.45400000,ok,,flexible
"PEPTIDE1{L.Me_dA.dP.Ala(5-Tet).P.dP.meL}$PEPTIDE1,PEPTIDE1,1:R1-7:R2$$$",-6.13400000,ok,,flexible
"PEPTIDE1{Me_Bal.Mono84.dP.P.L.Me_Phe(3-Cl).Nle}$PEPTIDE1,PEPTIDE1,1:R1-7:R2$$$",-6.95800000,ok,,flexible
"PEPTIDE1{dA.pentyl_Gly.L.meL.P.T.P}$PEPTIDE1,PEPTIDE1,1:R1-7:R2$$$",-5.19700000,ok,,flexible
"PEPTIDE1{meA.meL.T.G.dP.P.P}$PEPTIDE1,PEPTIDE1,1:R1-7:R2$$$",-6.85400000,ok,,flexible
"PEPTIDE1{dV.meL.dP.I.F.T.Phe(4-CF3)}$PEPTIDE1,PEPTIDE1,1:R1-7:R2$$$",-6.15100000,ok,,flexible
"PEPTIDE1{Mono6.P.Mono86.dP.T.P.Mono34}$PEPTIDE1,PEPTIDE1,1:R1-7:R2$$$",-6.36100000,ok,,flexible
"PEPTIDE1{dA.P.T.V.I.Phe(4-CF3).dP}$PEPTIDE1,PEPTIDE1,1:R1-7:R2$$$",-7.10400000,ok,,flexible
"PEPTIDE1{Me_dA.P.I.V.meL.G.dP}$PEPTIDE1,PEPTIDE1,1:R1-7:R2$$$",-5.98900000,ok,,flexible
"PEPTIDE1{Mono6.P.L.dP.meL.T.P}$PEPTIDE1,PEPTIDE1,1:R1-7:R2$$$",-6.60800000,ok,,flexible
"PEPTIDE1{P.dA.dP.G.meA.F.T}$PEPTIDE1,PEPTIDE1,1:R1-7:R2$$$",-7.36400000,ok,,flexible
"PEPTIDE1{dA.P.P.meL.Me_Phe(3-Cl).T.F}$PEPTIDE1,PEPTIDE1,1:R1-7:R2$$$",-5.88700000,ok,,flexible
"PEPTIDE1{A.G.P.P.Me_Phe(3-Cl).F.dP}$PEPTIDE1,PEPTIDE1,1:R1-7:R2$$$",-7.22100000,ok,,flexible
"PEPTIDE1{meA.meL.F.A.G.dL.V}$PEPTIDE1,PEPTIDE1,1:R1-7:R2$$$",-5.42100000,ok,,flexible
"PEPTIDE1{Mono6.A.L.F.Me_Phe(3-Cl).G.T}$PEPTIDE1,PEPTIDE1,1:R1-7:R2$$$",-6.04700000,ok,,flexible
"PEPTIDE1{dF.Me_Nle.P.T.Ser(tBu).meL.F}$PEPTIDE1,PEPTIDE1,1:R1-7:R2$$$",-5.97000000,ok,,flexible
"PEPTIDE1{dF.Mono84.Ser(tBu).dP.L.meA.V}$PEPTIDE1,PEPTIDE1,1:R1-7:R2$$$",-5.96600000,ok,,flexible
"PEPTIDE1{Me_Bal.Pr_Gly.Me_dL.Y.P.meY.dP}$PEPTIDE1,PEPTIDE1,1:R1-7:R2$$$",-6.64500000,ok,,flexible
"PEPTIDE1{Pr_Gly.dP.T.P.I.F.Nle}$PEPTIDE1,PEPTIDE1,1:R1-7:R2$$$",-6.27800000,ok,,flexible
"PEPTIDE1{Me_Bal.pentyl_Gly.P.dP.L.I.Mono86}$PEPTIDE1,PEPTIDE1,1:R1-7:R2$$$",-5.53100000,ok,,flexible
"PEPTIDE1{Pr_Gly.A.dP.T.Me_Phe(3-Cl).T.P}$PEPTIDE1,PEPTIDE1,1:R1-7:R2$$$",-6.53700000,ok,,flexible
"PEPTIDE1{dA.dP.Me_dL.L.P.T.V}$PEPTIDE1,PEPTIDE1,1:R1-7:R2$$$",-5.92500000,ok,,flexible
"PEPTIDE1{Me_dA.meL.P.dP.G.Me_Phe(3-Cl).F}$PEPTIDE1,PEPTIDE1,1:R1-7:R2$$$",-7.28700000,ok,,flexible
"PEPTIDE1{Mono6.T.dP.D.P.Phe(4-CF3).G}$PEPTIDE1,PEPTIDE1,1:R1-7:R2$$$",-7.56600000,ok,,flexible
"PEPTIDE1{dV.A.dP.Sar.dP.F.P}$PEPTIDE1,PEPTIDE1,1:R1-7:R2$$$",-7.61400000,ok,,flexible
"PEPTIDE1{dV.dP.T.F.T.P.P}$PEPTIDE1,PEPTIDE1,1:R1-7:R2$$$",-6.59500000,ok,,flexible
"PEPTIDE1{F.cHexCH2_Gly.A.Mono84.L.meL.dL}$PEPTIDE1,PEPTIDE1,1:R1-7:R2$$$",-6.37100000,ok,,flexible
"PEPTIDE1{L.Me_dL.iBu_Gly.P.T.T.F}$PEPTIDE1,PEPTIDE1,1:R1-7:R2$$$",-6.25600000,ok,,flexible
"PEPTIDE1{meA.A.dL.T.meL.I.Nle}$PEPTIDE1,PEPTIDE1,1:R1-7:R2$$$",-5.89800000,ok,,flexible
"PEPTIDE1{Mono6.meY.T.Me_dL.P.G.meL}$PEPTIDE1,PEPTIDE1,1:R1-7:R2$$$",-6.99300000,ok,,flexible
"PEPTIDE1{dV.Me_Phe(3-Cl).meA.F.P.G.dP}$PEPTIDE1,PEPTIDE1,1:R1-7:R2$$$",-6.20300000,ok,,flexible
"PEPTIDE1{Pr_Gly.T.dP.dP.Nle.meL.G}$PEPTIDE1,PEPTIDE1,1:R1-7:R2$$$",-5.49200000,ok,,flexible
"PEPTIDE1{Me_Bal.T.I.F.meL.Y.Me_Phe(3-Cl)}$PEPTIDE1,PEPTIDE1,1:R1-7:R2$$$",-5.93200000,ok,,flexible
"PEPTIDE1{dV.Me_dL.F.dP.dP.G.meL}$PEPTIDE1,PEPTIDE1,1:R1-7:R2$$$",-6.35600000,ok,,flexible
"PEPTIDE1{dV.dP.meL.F.D.T.Y}$PEPTIDE1,PEPTIDE1,1:R1-7:R2$$$",-6.44700000,ok,,flexible
"PEPTIDE1{Mono6.Pr_Gly.meL.T.F.Asp_piperidide.Y}$PEPTIDE1,PEPTIDE1,1:R1-7:R2$$$",-5.31000000,ok,,flexible
"PEPTIDE1{Me_dA.P.F.dP.dP.T.meL}$PEPTIDE1,PEPTIDE1,1:R1-7:R2$$$",-6.74500000,ok,,flexible
"PEPTIDE1{Me_dA.P.P.T.Me_dL.G.Asp_piperidide}$PEPTIDE1,PEPTIDE1,1:R1-7:R2$$$",-6.19600000,ok,,flexible
"PEPTIDE1{meA.Mono6.P.T.Asp_piperidide.P.P}$PEPTIDE1,PEPTIDE1,1:R1-7:R2$$$",-7.06700000,ok,,flexible
"PEPTIDE1{dA.T.P.meL.Me_Phe(3-Cl).G.D}$PEPTIDE1,PEPTIDE1,1:R1-7:R2$$$",-6.74000000,ok,,flexible
"PEPTIDE1{dA.Sar.meA.Ser(tBu).P.P.dP}$PEPTIDE1,PEPTIDE1,1:R1-7:R2$$$",-6.62500000,ok,,flexible
"PEPTIDE1{dF.pentyl_Gly.T.I.dP.meF.dP}$PEPTIDE1,PEPTIDE1,1:R1-7:R2$$$",-5.61400000,ok,,flexible
"PEPTIDE1{Mono6.Me_dL.T.Me_dA.F.dP.P}$PEPTIDE1,PEPTIDE1,1:R1-7:R2$$$",-6.72400000,ok,,flexible
"PEPTIDE1{F.dP.T.P.I.L.Me_Phe(3-Cl)}$PEPTIDE1,PEPTIDE1,1:R1-7:R2$$$",-6.32400000,ok,,flexible
"PEPTIDE1{F.P.T.I.Asp_piperidide.meL.dP}$PEPTIDE1,PEPTIDE1,1:R1-7:R2$$$",-6.55100000,ok,,flexible
"PEPTIDE1{meA.P.L.T.dF.Me_dL.Me_dA}$PEPTIDE1,PEPTIDE1,1:R1-7:R2$$$",-6.64700000,ok,,flexible
"PEPTIDE1{meA.dPye.dP.meY.Me_dL.P.T}$PEPTIDE1,PEPTIDE1,1:R1-7:R2$$$",-6.89100000,ok,,flexible
"PEPTIDE1{L.T.F.meL.I.Asp_piperidide.P}$PEPTIDE1,PEPTIDE1,1:R1-7:R2$$$",-5.81400000,ok,,flexible
"PEPTIDE1{Mono6.meS.Asp_piperidide.dP.Et_Gly.F.meL}$PEPTIDE1,PEPTIDE1,1:R1-7:R2$$$",-6.98300000,ok,,flexible
"PEPTIDE1{Mono6.G.P.F.Y.P.G}$PEPTIDE1,PEPTIDE1,1:R1-7:R2$$$",-7.12000000,ok,,flexible
"PEPTIDE1{Me_Bal.T.I.P.dP.T.F}$PEPTIDE1,PEPTIDE1,1:R1-7:R2$$$",-6.14300000,ok,,flexible
"PEPTIDE1{Me_dA.Ser(tBu).T.P.meL.F.dP}$PEPTIDE1,PEPTIDE1,1:R1-7:R2$$$",-7.00600000,ok,,flexible
"PEPTIDE1{Me_Bal.A.G.T.I.Me_dL.F}$PEPTIDE1,PEPTIDE1,1:R1-7:R2$$$",-5.82500000,ok,,flexible
"PEPTIDE1{dV.A.Pr_Gly.dA.dP.Me_dL.meL}$PEPTIDE1,PEPTIDE1,1:R1-7:R2$$$",-6.47400000,ok,,flexible
"PEPTIDE1{dP.Me_dA.G.Me_dL.F.V.L}$PEPTIDE1,PEPTIDE1,1:R1-7:R2$$$",-5.58200000,ok,,flexible
"PEPTIDE1{Me_Bal.Pr_Gly.F.Et_Gly.L.A.Me_Phe(3-Cl)}$PEPTIDE1,PEPTIDE1,1:R1-7:R2$$$",-6.17900000,ok,,flexible
"PEPTIDE1{dF.Mono38.G.L.A.Me_Phe(3-Cl).T}$PEPTIDE1,PEPTIDE1,1:R1-7:R2$$$",-6.88300000,ok,,flexible
"PEPTIDE1{Me_Bal.dP.Phe(4-CF3).P.T.G.P}$PEPTIDE1,PEPTIDE1,1:R1-7:R2$$$",-7.13200000,ok,,flexible
"PEPTIDE1{F.I.T.G.T.dP.meL}$PEPTIDE1,PEPTIDE1,1:R1-7:R2$$$",-5.80700000,ok,,flexible
"PEPTIDE1{Me_Bal.T.dP.I.dL.P.L}$PEPTIDE1,PEPTIDE1,1:R1-7:R2$$$",-5.77400000,ok,,flexible
"PEPTIDE1{Me_Bal.T.L.A.V.Me_dL.meL}$PEPTIDE1,PEPTIDE1,1:R1-7:R2$$$",-5.58700000,ok,,flexible
"PEPTIDE1{meA.P.P.G.dP.I.F}$PEPTIDE1,PEPTIDE1,1:R1-7:R2$$$",-7.15400000,ok,,flexible
"PEPTIDE1{L.dP.P.dP.P.I.F}$PEPTIDE1,PEPTIDE1,1:R1-7:R2$$$",-6.47000000,ok,,flexible
"PEPTIDE1{A.Pr_Gly.dF.Me_dL.Me_dA.Me_Phe(3-Cl).dP}$PEPTIDE1,PEPTIDE1,1:R1-7:R2$$$",-6.33100000,ok,,flexible
"PEPTIDE1{Mono6.T.F.P.G.P.Phe(4-CF3)}$PEPTIDE1,PEPTIDE1,1:R1-7:R2$$$",-7.83700000,ok,,flexible
"PEPTIDE1{dP.Me_dAbu.dP.T.T.Me_dL.G}$PEPTIDE1,PEPTIDE1,1:R1-7:R2$$$",-6.19000000,ok,,flexible
"PEPTIDE1{P.meY.dP.Y.P.G.Me_dL}$PEPTIDE1,PEPTIDE1,1:R1-7:R2$$$",-7.20800000,ok,,flexible
"PEPTIDE1{A.T.P.F.L.dP.P}$PEPTIDE1,PEPTIDE1,1:R1-7:R2$$$",-7.48000000,ok,,flexible
"PEPTIDE1{meA.G.T.Me_dA.dP.V.T}$PEPTIDE1,PEPTIDE1,1:R1-7:R2$$$",-6.75300000,ok,,flexible
"PEPTIDE1{Me_Bal.F.meA.P.Ser(tBu).meL.dP}$PEPTIDE1,PEPTIDE1,1:R1-7:R2$$$",-6.02000000,ok,,flexible
"PEPTIDE1{Me_dA.dP.F.G.meL.Mono6.Phe(4-CF3)}$PEPTIDE1,PEPTIDE1,1:R1-7:R2$$$",-6.38500000,ok,,flexible
"PEPTIDE1{Mono6.P.Me_Phe(3-Cl).dL.meL.Me_dL.P}$PEPTIDE1,PEPTIDE1,1:R1-7:R2$$$",-6.74200000,ok,,flexible
"PEPTIDE1{Me_dA.P.I.G.meL.T.T}$PEPTIDE1,PEPTIDE1,1:R1-7:R2$$$",-5.92200000,ok,,flexible
"PEPTIDE1{meA.dP.dP.meL.dL.Me_dL.P}$PEPTIDE1,PEPTIDE1,1:R1-7:R2$$$",-6.40800000,ok,,flexible
"PEPTIDE1{Me_Bal.T.V.meL.F.T.Me_Phe(3-Cl)}$PEPTIDE1,PEPTIDE1,1:R1-7:R2$$$",-5.85900000,ok,,flexible
"PEPTIDE1{Me_dA.meA.T.dP.I.P.meL}$PEPTIDE1,PEPTIDE1,1:R1-7:R2$$$",-6.20500000,ok,,flexible
"PEPTIDE1{Me_Bal.meA.P.T.dP.G.T}$PEPTIDE1,PEPTIDE1,1:R1-7:R2$$$",-7.14900000,ok,,flexible
"PEPTIDE1{F.P.Me_Nle.T.Mono84.Ser(tBu).meL}$PEPTIDE1,PEPTIDE1,1:R1-7:R2$$$",-5.71900000,ok,,flexible
"PEPTIDE1{Me_dA.meL.dP.P.meY.Me_Nle.Mono6}$PEPTIDE1,PEPTIDE1,1:R1-7:R2$$$",-6.38100000,ok,,flexible
"PEPTIDE1{dA.cHexCH2_Gly.T.meL.dP.F.G}$PEPTIDE1,PEPTIDE1,1:R1-7:R2$$$",-6.45700000,ok,,flexible
"PEPTIDE1{F.G.T.dP.P.meL.D}$PEPTIDE1,PEPTIDE1,1:R1-7:R2$$$",-7.25200000,ok,,flexible
"PEPTIDE1{dA.meL.T.F.dY.I.Y}$PEPTIDE1,PEPTIDE1,1:R1-7:R2$$$",-5.48300000,ok,,flexible
"PEPTIDE1{dA.Me_dL.P.Asp_piperidide.Y.meL.Hyp(Et)}$PEPTIDE1,PEPTIDE1,1:R1-7:R2$$$",-5.96900000,ok,,flexible
"PEPTIDE1{dF.T.I.D.G.Me_Phe(3-Cl).meL}$PEPTIDE1,PEPTIDE1,1:R1-7:R2$$$",-6.04900000,ok,,flexible
"PEPTIDE1{dF.I.F.dP.dP.Asp_piperidide.Phe(4-CF3)}$PEPTIDE1,PEPTIDE1,1:R1-7:R2$$$",-6.63500000,ok,,flexible
"PEPTIDE1{dA.Me_dAbu.T.dP.I.meL.T}$PEPTIDE1,PEPTIDE1,1:R1-7:R2$$$",-5.71700000,ok,,flexible
"PEPTIDE1{Pr_Gly.Me_Nle.P.Mono84.dP.meL.dP}$PEPTIDE1,PEPTIDE1,1:R1-7:R2$$$",-6.02200000,ok,,flexible
"PEPTIDE1{meA.D.F.dL.I.A.P}$PEPTIDE1,PEPTIDE1,1:R1-7:R2$$$",-6.70500000,ok,,flexible
"PEPTIDE1{dA.dP.T.F.V.I.T}$PEPTIDE1,PEPTIDE1,1:R1-7:R2$$$",-6.77400000,ok,,flexible
"PEPTIDE1{dV.T.meL.dP.dP.D.P}$PEPTIDE1,PEPTIDE1,1:R1-7:R2$$$",-6.38400000,ok,,flexible
"PEPTIDE1{Me_dA.dP.Asp_piperidide.T.F.T.meL}$PEPTIDE1,PEPTIDE1,1:R1-7:R2$$$",-5.91900000,ok,,flexible
"PEPTIDE1{Me_Bal.A.Me_dL.F.P.dL.Me_Phe(3-Cl)}$PEPTIDE1,PEPTIDE1,1:R1-7:R2$$$",-6.54800000,ok,,flexible
"PEPTIDE1{meA.cHexCH2_Gly.meF.Me_dA.P.Me_dL.Me_dAbu}$PEPTIDE1,PEPTIDE1,1:R1-7:R2$$$",-7.30200000,ok,,flexible
"PEPTIDE1{Mono6.A.F.meF.dP.T.meA}$PEPTIDE1,PEPTIDE1,1:R1-7:R2$$$",-7.03800000,ok,,flexible
"PEPTIDE1{Me_dA.P.meA.dPye.L.T.Ser(tBu)}$PEPTIDE1,PEPTIDE1,1:R1-7:R2$$$",-6.54300000,ok,,flexible
"PEPTIDE1{Me_dA.meF.meA.F.T.meL.P}$PEPTIDE1,PEPTIDE1,1:R1-7:R2$$$",-6.61200000,ok,,flexible
"PEPTIDE1{Mono6.meL.dP.Me_dA.dP.Me_dL.Me_Nle}$PEPTIDE1,PEPTIDE1,1:R1-7:R2$$$",-6.31500000,ok,,flexible
"PEPTIDE1{dA.Me_dL.F.Phe(4-CF3).dP.meL.P}$PEPTIDE1,PEPTIDE1,1:R1-7:R2$$$",-6.37200000,ok,,flexible
"PEPTIDE1{Me_Bal.F.V.I.T.T.Me_dL}$PEPTIDE1,PEPTIDE1,1:R1-7:R2$$$",-6.68900000,ok,,flexible
"PEPTIDE1{Me_dA.meF.A.I.V.meL.F}$PEPTIDE1,PEPTIDE1,1:R1-7:R2$$$",-6.49000000,ok,,flexible
"PEPTIDE1{Me_dA.L.G.Pr_Gly.A.meL.Me_dL}$PEPTIDE1,PEPTIDE1,1:R1-7:R2$$$",-5.43700000,ok,,flexible
"PEPTIDE1{P.Me_dA.G.F.T.meF.dV}$PEPTIDE1,PEPTIDE1,1:R1-7:R2$$$",-6.81200000,ok,,flexible
"PEPTIDE1{Me_dA.P.Mono7.T.P.dP.F}$PEPTIDE1,PEPTIDE1,1:R1-7:R2$$$",-7.20700000,ok,,flexible
"PEPTIDE1{meA.T.I.dP.P.Me_dL.P}$PEPTIDE1,PEPTIDE1,1:R1-7:R2$$$",-6.06200000,ok,,flexible
"PEPTIDE1{Mono6.P.meL.V.T.F.G}$PEPTIDE1,PEPTIDE1,1:R1-7:R2$$$",-6.77500000,ok,,flexible
"PEPTIDE1{Me_dA.Ser(tBu).P.Me_Phe(3-Cl).I.Phe(4-CF3).P}$PEPTIDE1,PEPTIDE1,1:R1-7:R2$$$",-6.52100000,ok,,flexible
"PEPTIDE1{Pr_Gly.Me_Nle.meA.Ser(tBu).dP.meI.dP}$PEPTIDE1,PEPTIDE1,1:R1-7:R2$$$",-5.18900000,ok,,flexible
"PEPTIDE1{L.T.P.T.Ala(5-Tet).Mono6.P}$PEPTIDE1,PEPTIDE1,1:R1-7:R2$$$",-6.59100000,ok,,flexible
"PEPTIDE1{dA.P.P.dP.G.Phe(4-CF3).meL}$PEPTIDE1,PEPTIDE1,1:R1-7:R2$$$",-7.14500000,ok,,flexible
"PEPTIDE1{dF.P.T.dP.dP.meY.P}$PEPTIDE1,PEPTIDE1,1:R1-7:R2$$$",-7.24600000,ok,,flexible
"PEPTIDE1{dA.Sar.D.F.P.meL.G}$PEPTIDE1,PEPTIDE1,1:R1-7:R2$$$",-6.39900000,ok,,flexible
"PEPTIDE1{Me_Bal.L.F.G.dP.P.meL}$PEPTIDE1,PEPTIDE1,1:R1-7:R2$$$",-6.83300000,ok,,flexible
"PEPTIDE1{meA.dP.P.P.dP.T.dP}$PEPTIDE1,PEPTIDE1,1:R1-7:R2$$$",-7.09100000,ok,,flexible
"PEPTIDE1{dV.dP.T.Me_Phe(3-Cl).P.P.F}$PEPTIDE1,PEPTIDE1,1:R1-7:R2$$$",-6.67000000,ok,,flexible
"PEPTIDE1{Pr_Gly.Mono38.P.Mono84.meL.I.T}$PEPTIDE1,PEPTIDE1,1:R1-7:R2$$$",-5.84100000,ok,,flexible
"PEPTIDE1{meA.Me_dA.F.meL.Ser(tBu).dP.Me_dL}$PEPTIDE1,PEPTIDE1,1:R1-7:R2$$$",-5.23300000,ok,,flexible
"PEPTIDE1{dA.F.A.Pr_Gly.meL.T.Me_Phe(3-Cl)}$PEPTIDE1,PEPTIDE1,1:R1-7:R2$$$",-5.71200000,ok,,flexible
"PEPTIDE1{Me_dA.dL.P.meA.A.Me_dL.I}$PEPTIDE1,PEPTIDE1,1:R1-7:R2$$$",-6.57000000,ok,,flexible
"PEPTIDE1{Pr_Gly.P.Me_Nle.Ser(tBu).L.T.Me_Phe(3-Cl)}$PEPTIDE1,PEPTIDE1,1:R1-7:R2$$$",-4.84600000,ok,,flexible
"PEPTIDE1{Me_Bal.A.Me_dL.dP.T.T.P}$PEPTIDE1,PEPTIDE1,1:R1-7:R2$$$",-6.52600000,ok,,flexible
"PEPTIDE1{Me_Bal.meA.P.Et_Gly.dL.Mono84.dP}$PEPTIDE1,PEPTIDE1,1:R1-7:R2$$$",-6.53300000,ok,,flexible
"PEPTIDE1{dA.Me_Nle.Mono38.pentyl_Gly.Me_Phe(3-Cl).dP.A}$PEPTIDE1,PEPTIDE1,1:R1-7:R2$$$",-5.62000000,ok,,flexible
"PEPTIDE1{A.P.meL.Me_dL.T.G.dP}$PEPTIDE1,PEPTIDE1,1:R1-7:R2$$$",-6.78600000,ok,,flexible
"PEPTIDE1{Me_Bal.T.F.P.Me_Phe(3-Cl).G.P}$PEPTIDE1,PEPTIDE1,1:R1-7:R2$$$",-7.03000000,ok,,flexible
"PEPTIDE1{A.dL.Me_Phe(3-Cl).F.Ser(tBu).I.Mono84}$PEPTIDE1,PEPTIDE1,1:R1-7:R2$$$",-5.72100000,ok,,flexible
"PEPTIDE1{P.dF.G.F.Mono7.Me_dA.dP}$PEPTIDE1,PEPTIDE1,1:R1-7:R2$$$",-6.66300000,ok,,flexible
"PEPTIDE1{Me_dA.G.D.dP.Me_Phe(3-Cl).P.meL}$PEPTIDE1,PEPTIDE1,1:R1-7:R2$$$",-6.46800000,ok,,flexible
"PEPTIDE1{dA.dPye.meL.meY.T.Me_dL.P}$PEPTIDE1,PEPTIDE1,1:R1-7:R2$$$",-6.46300000,ok,,flexible
"PEPTIDE1{Mono6.dP.P.Asp_piperidide.P.F.P}$PEPTIDE1,PEPTIDE1,1:R1-7:R2$$$",-7.16500000,ok,,flexible
"PEPTIDE1{A.G.meA.L.P.dP.Ser(tBu)}$PEPTIDE1,PEPTIDE1,1:R1-7:R2$$$",-6.04500000,ok,,flexible
"PEPTIDE1{dF.T.dP.F.Me_Phe(3-Cl).D.P}$PEPTIDE1,PEPTIDE1,1:R1-7:R2$$$",-6.09200000,ok,,flexible
"PEPTIDE1{dA.A.L.Mono84.P.F.I}$PEPTIDE1,PEPTIDE1,1:R1-7:R2$$$",-6.51800000,ok,,flexible
"PEPTIDE1{Me_dA.G.P.T.P.meL.D}$PEPTIDE1,PEPTIDE1,1:R1-7:R2$$$",-6.55800000,ok,,flexible
"PEPTIDE1{dV.Asp_piperidide.T.F.Me_Phe(3-Cl).dP.P}$PEPTIDE1,PEPTIDE1,1:R1-7:R2$$$",-7.43300000,ok,,flexible
"PEPTIDE1{A.Me_dA.F.L.dP.Me_Phe(3-Cl).dP}$PEPTIDE1,PEPTIDE1,1:R1-7:R2$$$",-6.97200000,ok,,flexible
"PEPTIDE1{dF.P.meL.I.dP.F.P}$PEPTIDE1,PEPTIDE1,1:R1-7:R2$$$",-6.09400000,ok,,flexible
"PEPTIDE1{dA.Pr_Gly.meL.Y.meF.Mono34.Ser(tBu)}$PEPTIDE1,PEPTIDE1,1:R1-7:R2$$$",-5.47900000,ok,,flexible
"PEPTIDE1{Me_Bal.Ser(tBu).T.P.P.dP.meY}$PEPTIDE1,PEPTIDE1,1:R1-7:R2$$$",-6.65200000,ok,,flexible
"PEPTIDE1{dV.I.D.P.Me_Phe(3-Cl).dP.Y}$PEPTIDE1,PEPTIDE1,1:R1-7:R2$$$",-6.32300000,ok,,flexible
"PEPTIDE1{dV.meL.dP.G.D.Phe(4-CF3).Me_Phe(3-Cl)}$PEPTIDE1,PEPTIDE1,1:R1-7:R2$$$",-6.75500000,ok,,flexible
"PEPTIDE1{F.dP.P.dL.meA.L.Mono84}$PEPTIDE1,PEPTIDE1,1:R1-7:R2$$$",-7.32500000,ok,,flexible
"PEPTIDE1{A.Me_dL.F.P.P.Phe(4-CF3).meL}$PEPTIDE1,PEPTIDE1,1:R1-7:R2$$$",-6.78500000,ok,,flexible
"PEPTIDE1{dP.A.T.P.Me_Phe(3-Cl).Me_dL.G}$PEPTIDE1,PEPTIDE1,1:R1-7:R2$$$",-7.53700000,ok,,flexible
"PEPTIDE1{Me_dA.P.A.L.T.V.dL}$PEPTIDE1,PEPTIDE1,1:R1-7:R2$$$",-6.93100000,ok,,flexible
"PEPTIDE1{meA.P.T.F.Me_dL.Sar.G}$PEPTIDE1,PEPTIDE1,1:R1-7:R2$$$",-6.19000000,ok,,flexible
"PEPTIDE1{Me_dA.Mono38.dP.T.L.P.Me_Phe(3-Cl)}$PEPTIDE1,PEPTIDE1,1:R1-7:R2$$$",-5.47300000,ok,,flexible
"PEPTIDE1{Me_Bal.T.cHexCH2_Gly.dP.dV.F.dL}$PEPTIDE1,PEPTIDE1,1:R1-7:R2$$$",-6.25900000,ok,,flexible
"PEPTIDE1{meA.Me_dL.P.L.V.dP.T}$PEPTIDE1,PEPTIDE1,1:R1-7:R2$$$",-6.58900000,ok,,flexible
"PEPTIDE1{Mono6.Pr_Gly.L.A.T.3Pal.Me_Phe(3-Cl)}$PEPTIDE1,PEPTIDE1,1:R1-7:R2$$$",-6.79900000,ok,,flexible
"PEPTIDE1{meA.F.dP.T.Me_Phe(3-Cl).meL.Me_dA}$PEPTIDE1,PEPTIDE1,1:R1-7:R2$$$",-6.88200000,ok,,flexible
"PEPTIDE1{Mono6.dP.meL.V.T.dP.F}$PEPTIDE1,PEPTIDE1,1:R1-7:R2$$$",-6.44100000,ok,,flexible
"PEPTIDE1{dV.P.Asp_piperidide.meL.D.Y.P}$PEPTIDE1,PEPTIDE1,1:R1-7:R2$$$",-6.43400000,ok,,flexible
"PEPTIDE1{Me_Bal.meL.T.D.G.V.Me_Phe(3-Cl)}$PEPTIDE1,PEPTIDE1,1:R1-7:R2$$$",-5.79700000,ok,,flexible
"PEPTIDE1{A.meA.I.T.P.G.Me_Phe(3-Cl)}$PEPTIDE1,PEPTIDE1,1:R1-7:R2$$$",-6.37600000,ok,,flexible
"PEPTIDE1{Me_dA.meA.dP.P.F.meL.G}$PEPTIDE1,PEPTIDE1,1:R1-7:R2$$$",-7.06600000,ok,,flexible
"PEPTIDE1{F.L.T.P.3Pal.I.Me_Phe(3-Cl)}$PEPTIDE1,PEPTIDE1,1:R1-7:R2$$$",-5.92400000,ok,,flexible
"PEPTIDE1{Pr_Gly.meY.dP.Me_dAbu.meL.meF.Me_dA}$PEPTIDE1,PEPTIDE1,1:R1-7:R2$$$",-5.97900000,ok,,flexible
"PEPTIDE1{Me_dA.F.P.meA.Me_Phe(3-Cl).I.T}$PEPTIDE1,PEPTIDE1,1:R1-7:R2$$$",-6.80800000,ok,,flexible
"PEPTIDE1{P.T.dP.Et_Gly.P.Pr_Gly.F}$PEPTIDE1,PEPTIDE1,1:R1-7:R2$$$",-5.97000000,ok,,flexible
"PEPTIDE1{Me_dA.I.dP.P.T.A.L}$PEPTIDE1,PEPTIDE1,1:R1-7:R2$$$",-6.79500000,ok,,flexible
"PEPTIDE1{Me_Bal.Me_dA.Me_Phe(3-Cl).P.G.dL.P}$PEPTIDE1,PEPTIDE1,1:R1-7:R2$$$",-7.06900000,ok,,flexible
"PEPTIDE1{dV.dP.P.Me_dA.Sar.meL.Me_Phe(3-Cl)}$PEPTIDE1,PEPTIDE1,1:R1-7:R2$$$",-6.61100000,ok,,flexible
"PEPTIDE1{dP.T.Mono6.Me_Phe(3-Cl).Asp_piperidide.T.dP}$PEPTIDE1,PEPTIDE1,1:R1-7:R2$$$",-7.07800000,ok,,flexible
"PEPTIDE1{meA.pentyl_Gly.F.T.dP.V.P}$PEPTIDE1,PEPTIDE1,1:R1-7:R2$$$",-6.55000000,ok,,flexible
"PEPTIDE1{Me_dA.Pr_Gly.G.L.F.dF.A}$PEPTIDE1,PEPTIDE1,1:R1-7:R2$$$",-6.34800000,ok,,flexible
"PEPTIDE1{F.I.Me_Phe(3-Cl).T.P.G.dP}$PEPTIDE1,PEPTIDE1,1:R1-7:R2$$$",-6.82600000,ok,,flexible
"PEPTIDE1{L.T.dP.P.meL.G.I}$PEPTIDE1,PEPTIDE1,1:R1-7:R2$$$",-5.67500000,ok,,flexible
"PEPTIDE1{F.A.I.dP.T.P.Nle}$PEPTIDE1,PEPTIDE1,1:R1-7:R2$$$",-6.12300000,ok,,flexible
"PEPTIDE1{A.dP.meY.Mono6.T.P.meL}$PEPTIDE1,PEPTIDE1,1:R1-7:R2$$$",-6.78400000,ok,,flexible
"PEPTIDE1{A.P.dA.meA.Me_dL.T.I}$PEPTIDE1,PEPTIDE1,1:R1-7:R2$$$",-6.23900000,ok,,flexible
"PEPTIDE1{dF.Asp_piperidide.Me_Phe(3-Cl).P.meL.T.I}$PEPTIDE1,PEPTIDE1,1:R1-7:R2$$$",-5.89800000,ok,,flexible
"PEPTIDE1{Mono6.T.P.T.dP.V.Me_Phe(3-Cl)}$PEPTIDE1,PEPTIDE1,1:R1-7:R2$$$",-6.82400000,ok,,flexible
"PEPTIDE1{dF.P.I.A.dL.L.P}$PEPTIDE1,PEPTIDE1,1:R1-7:R2$$$",-6.18500000,ok,,flexible
"PEPTIDE1{Me_Bal.Pr_Gly.F.Me_dL.P.T.G}$PEPTIDE1,PEPTIDE1,1:R1-7:R2$$$",-5.96000000,ok,,flexible
"PEPTIDE1{Me_dA.L.I.T.P.Mono84.Nle}$PEPTIDE1,PEPTIDE1,1:R1-7:R2$$$",-5.82800000,ok,,flexible
"PEPTIDE1{dP.Me_dL.T.L.Ser(tBu).meL.T}$PEPTIDE1,PEPTIDE1,1:R1-7:R2$$$",-4.94800000,ok,,flexible
"PEPTIDE1{dA.G.Me_Phe(3-Cl).meL.Phe(4-CF3).T.P}$PEPTIDE1,PEPTIDE1,1:R1-7:R2$$$",-6.15500000,ok,,flexible
"PEPTIDE1{dA.meL.Asp_piperidide.Me_Phe(3-Cl).T.P.Mono6}$PEPTIDE1,PEPTIDE1,1:R1-7:R2$$$",-7.26300000,ok,,flexible
"PEPTIDE1{dA.dP.meL.dP.P.Me_dL.T}$PEPTIDE1,PEPTIDE1,1:R1-7:R2$$$",-6.73500000,ok,,flexible
"PEPTIDE1{A.P.G.P.meL.Me_dL.G}$PEPTIDE1,PEPTIDE1,1:R1-7:R2$$$",-6.32900000,ok,,flexible
"PEPTIDE1{Me_Bal.T.T.meL.P.I.G}$PEPTIDE1,PEPTIDE1,1:R1-7:R2$$$",-5.63000000,ok,,flexible
"PEPTIDE1{A.pentyl_Gly.V.Mono86.dP.P.I}$PEPTIDE1,PEPTIDE1,1:R1-7:R2$$$",-6.07200000,ok,,flexible
"PEPTIDE1{Me_Bal.Me_dA.meY.meL.P.T.Asp_piperidide}$PEPTIDE1,PEPTIDE1,1:R1-7:R2$$$",-6.83100000,ok,,flexible
"PEPTIDE1{dA.dP.Me_dL.T.G.L.meL}$PEPTIDE1,PEPTIDE1,1:R1-7:R2$$$",-5.65500000,ok,,flexible
"PEPTIDE1{Me_dA.meL.dP.L.meA.dP.Sar}$PEPTIDE1,PEPTIDE1,1:R1-7:R2$$$",-6.67500000,ok,,flexible
"PEPTIDE1{dP.F.Pr_Gly.meL.Me_dL.dF.G}$PEPTIDE1,PEPTIDE1,1:R1-7:R2$$$",-6.19100000,ok,,flexible
"PEPTIDE1{Me_Bal.Mono86.P.meL.Ser(tBu).I.A}$PEPTIDE1,PEPTIDE1,1:R1-7:R2$$$",-5.89100000,ok,,flexible
"PEPTIDE1{Me_dA.T.F.meL.I.Me_dL.P}$PEPTIDE1,PEPTIDE1,1:R1-7:R2$$$",-5.84000000,ok,,flexible
"PEPTIDE1{Sar.F.A.meF.T.L.meL}$PEPTIDE1,PEPTIDE1,1:R1-7:R2$$$",-6.76100000,ok,,flexible
"PEPTIDE1{Pr_Gly.Me_dL.meA.G.P.T.F}$PEPTIDE1,PEPTIDE1,1:R1-7:R2$$$",-6.35600000,ok,,flexible
"PEPTIDE1{dF.dP.L.T.Mono84.T.F}$PEPTIDE1,PEPTIDE1,1:R1-7:R2$$$",-6.91800000,ok,,flexible
"PEPTIDE1{dF.Mono6.D.P.Phe(4-CF3).F.P}$PEPTIDE1,PEPTIDE1,1:R1-7:R2$$$",-7.23900000,ok,,flexible
"PEPTIDE1{Mono6.meL.T.Y.G.F.F}$PEPTIDE1,PEPTIDE1,1:R1-7:R2$$$",-6.62100000,ok,,flexible
"PEPTIDE1{Me_dA.P.Mono6.P.F.P.G}$PEPTIDE1,PEPTIDE1,1:R1-7:R2$$$",-7.96300000,ok,,flexible
"PEPTIDE1{Mono6.dA.meL.I.dL.Me_dL.dP}$PEPTIDE1,PEPTIDE1,1:R1-7:R2$$$",-5.47200000,ok,,flexible
"PEPTIDE1{F.A.Mono84.I.T.P.P}$PEPTIDE1,PEPTIDE1,1:R1-7:R2$$$",-6.26700000,ok,,flexible
"PEPTIDE1{Me_Bal.dA.Pr_Gly.meL.P.P.F}$PEPTIDE1,PEPTIDE1,1:R1-7:R2$$$",-5.92700000,ok,,flexible
"PEPTIDE1{meA.G.cHexCH2_Gly.Pr_Gly.Me_dL.T.T}$PEPTIDE1,PEPTIDE1,1:R1-7:R2$$$",-5.73600000,ok,,flexible
"PEPTIDE1{Mono6.P.P.V.I.D.meL}$PEPTIDE1,PEPTIDE1,1:R1-7:R2$$$",-6.06800000,ok,,flexible
"PEPTIDE1{dA.T.pentyl_Gly.Me_dL.V.P.G}$PEPTIDE1,PEPTIDE1,1:R1-7:R2$$$",-6.41000000,ok,,flexible
"PEPTIDE1{Mono6.meA.meL.P.Me_dA.F.dP}$PEPTIDE1,PEPTIDE1,1:R1-7:R2$$$",-6.73700000,ok,,flexible
"PEPTIDE1{F.cHexCH2_Gly.Mono84.dP.L.Me_Phe(3-Cl).T}$PEPTIDE1,PEPTIDE1,1:R1-7:R2$$$",-6.75600000,ok,,flexible
"PEPTIDE1{Me_Bal.P.meL.F.G.T.dP}$PEPTIDE1,PEPTIDE1,1:R1-7:R2$$$",-6.98100000,ok,,flexible
"PEPTIDE1{Mono6.Me_dA.T.dP.P.dP.Me_dL}$PEPTIDE1,PEPTIDE1,1:R1-7:R2$$$",-6.68000000,ok,,flexible
"PEPTIDE1{dA.T.P.Me_dA.meA.P.meV}$PEPTIDE1,PEPTIDE1,1:R1-7:R2$$$",-6.51900000,ok,,flexible
"PEPTIDE1{meA.meL.P.T.dP.P.dP}$PEPTIDE1,PEPTIDE1,1:R1-7:R2$$$",-6.94600000,ok,,flexible
"PEPTIDE1{dV.T.I.V.F.P.G}$PEPTIDE1,PEPTIDE1,1:R1-7:R2$$$",-6.37800000,ok,,flexible
"PEPTIDE1{F.T.Me_Phe(3-Cl).Et_Gly.Mono84.dP.Nle}$PEPTIDE1,PEPTIDE1,1:R1-7:R2$$$",-6.22500000,ok,,flexible
"PEPTIDE1{dF.meL.Mono84.3Pal.T.Ser(tBu).Mono7}$PEPTIDE1,PEPTIDE1,1:R1-7:R2$$$",-6.23500000,ok,,flexible
"PEPTIDE1{Sar.V.D.Me_dL.T.P.F}$PEPTIDE1,PEPTIDE1,1:R1-7:R2$$$",-5.67100000,ok,,flexible
"PEPTIDE1{Mono6.cHexCH2_Gly.dP.I.L.T.I}$PEPTIDE1,PEPTIDE1,1:R1-7:R2$$$",-5.81500000,ok,,flexible
"PEPTIDE1{dA.pentyl_Gly.T.Me_Phe(3-Cl).Sar.dP.P}$PEPTIDE1,PEPTIDE1,1:R1-7:R2$$$",-6.02600000,ok,,flexible
"PEPTIDE1{Me_dA.P.T.P.I.D.Y}$PEPTIDE1,PEPTIDE1,1:R1-7:R2$$$",-6.84000000,ok,,flexible
"PEPTIDE1{Me_dA.dP.G.Phe(4-CF3).dP.T.meL}$PEPTIDE1,PEPTIDE1,1:R1-7:R2$$$",-6.53900000,ok,,flexible
"PEPTIDE1{Me_Bal.Me_dL.dP.meL.Y.T.dP}$PEPTIDE1,PEPTIDE1,1:R1-7:R2$$$",-6.34600000,ok,,flexible
"PEPTIDE1{Me_dA.Pr_Gly.meA.dA.A.Me_dL.L}$PEPTIDE1,PEPTIDE1,1:R1-7:R2$$$",-5.77100000,ok,,flexible
"PEPTIDE1{dF.dA.dP.T.meL.P.P}$PEPTIDE1,PEPTIDE1,1:R1-7:R2$$$",-6.81600000,ok,,flexible
"PEPTIDE1{dF.F.meL.G.P.T.I}$PEPTIDE1,PEPTIDE1,1:R1-7:R2$$$",-6.60700000,ok,,flexible
"PEPTIDE1{P.Me_dL.meL.dP.Mono6.meY.dP}$PEPTIDE1,PEPTIDE1,1:R1-7:R2$$$",-6.63600000,ok,,flexible
"PEPTIDE1{Mono6.P.dP.Me_Phe(3-Cl).dP.P.meL}$PEPTIDE1,PEPTIDE1,1:R1-7:R2$$$",-6.92000000,ok,,flexible
"PEPTIDE1{dV.Ser(tBu).P.P.meL.T.T}$PEPTIDE1,PEPTIDE1,1:R1-7:R2$$$",-5.84500000,ok,,flexible
"PEPTIDE1{dA.T.dP.meL.Y.T.Phe(4-CF3)}$PEPTIDE1,PEPTIDE1,1:R1-7:R2$$$",-7.88500000,ok,,flexible
"PEPTIDE1{Me_dA.meA.L.T.F.I.P}$PEPTIDE1,PEPTIDE1,1:R1-7:R2$$$",-5.92100000,ok,,flexible
"PEPTIDE1{F.P.T.Me_Phe(3-Cl).V.P.Asp_piperidide}$PEPTIDE1,PEPTIDE1,1:R1-7:R2$$$",-7.23400000,ok,,flexible
"PEPTIDE1{L.Me_dA.dP.Mono6.F.Me_Phe(3-Cl).dP}$PEPTIDE1,PEPTIDE1,1:R1-7:R2$$$",-6.97200000,ok,,flexible
"PEPTIDE1{meA.Y.G.dP.F.T.G}$PEPTIDE1,PEPTIDE1,1:R1-7:R2$$$",-7.05600000,ok,,flexible
"PEPTIDE1{Mono6.T.Me_dL.P.P.Y.dP}$PEPTIDE1,PEPTIDE1,1:R1-7:R2$$$",-6.72200000,ok,,flexible
"PEPTIDE1{Me_Bal.dP.Sar.dF.L.A.meL}$PEPTIDE1,PEPTIDE1,1:R1-7:R2$$$",-6.42400000,ok,,flexible
"PEPTIDE1{meA.P.Me_Phe(3-Cl).T.P.P.meL}$PEPTIDE1,PEPTIDE1,1:R1-7:R2$$$",-6.60900000,ok,,flexible
"PEPTIDE1{Me_Bal.Me_Nle.L.Ser(tBu).G.T.dP}$PEPTIDE1,PEPTIDE1,1:R1-7:R2$$$",-5.80300000,ok,,flexible
"PEPTIDE1{A.Me_dL.P.dP.dP.T.F}$PEPTIDE1,PEPTIDE1,1:R1-7:R2$$$",-7.28700000,ok,,flexible
"PEPTIDE1{dF.Mono104.dP.T.dL.P.L}$PEPTIDE1,PEPTIDE1,1:R1-7:R2$$$",-5.96100000,ok,,flexible
"PEPTIDE1{dF.dP.Pr_Gly.P.T.meL.dP}$PEPTIDE1,PEPTIDE1,1:R1-7:R2$$$",-6.22200000,ok,,flexible
"PEPTIDE1{dA.P.F.V.dP.meL.D}$PEPTIDE1,PEPTIDE1,1:R1-7:R2$$$",-6.19400000,ok,,flexible
"PEPTIDE1{A.F.G.L.P.dL.dP}$PEPTIDE1,PEPTIDE1,1:R1-7:R2$$$",-6.44100000,ok,,flexible
"PEPTIDE1{Mono6.P.F.V.T.P.D}$PEPTIDE1,PEPTIDE1,1:R1-7:R2$$$",-6.60400000,ok,,flexible
"PEPTIDE1{Me_Bal.P.P.dP.Y.T.G}$PEPTIDE1,PEPTIDE1,1:R1-7:R2$$$",-6.80500000,ok,,flexible
"PEPTIDE1{A.T.meL.L.meF.dP.Sar}$PEPTIDE1,PEPTIDE1,1:R1-7:R2$$$",-6.45500000,ok,,flexible
"PEPTIDE1{dV.G.Pr_Gly.dF.L.A.dP}$PEPTIDE1,PEPTIDE1,1:R1-7:R2$$$",-5.76000000,ok,,flexible
"PEPTIDE1{Me_dA.I.P.F.T.Me_dL.dP}$PEPTIDE1,PEPTIDE1,1:R1-7:R2$$$",-6.31600000,ok,,flexible
"PEPTIDE1{dF.I.Sar.T.Me_Phe(3-Cl).dP.P}$PEPTIDE1,PEPTIDE1,1:R1-7:R2$$$",-7.12500000,ok,,flexible
"PEPTIDE1{Me_Bal.Asp_piperidide.D.I.Me_Phe(3-Cl).P.T}$PEPTIDE1,PEPTIDE1,1:R1-7:R2$$$",-6.24000000,ok,,flexible
"PEPTIDE1{Me_dA.Mono38.P.dP.Me_Phe(3-Cl).A.meF}$PEPTIDE1,PEPTIDE1,1:R1-7:R2$$$",-6.96700000,ok,,flexible
"PEPTIDE1{Me_Bal.F.dP.dP.P.P.F}$PEPTIDE1,PEPTIDE1,1:R1-7:R2$$$",-8.63900000,ok,,flexible
"PEPTIDE1{Me_dA.meL.dL.G.P.A.Mono84}$PEPTIDE1,PEPTIDE1,1:R1-7:R2$$$",-6.39200000,ok,,flexible
"PEPTIDE1{Mono6.A.P.Me_Phe(3-Cl).Mono84.F.Nle}$PEPTIDE1,PEPTIDE1,1:R1-7:R2$$$",-6.99100000,ok,,flexible
"PEPTIDE1{meA.dP.meL.T.I.P.P}$PEPTIDE1,PEPTIDE1,1:R1-7:R2$$$",-6.05400000,ok,,flexible
"PEPTIDE1{Sar.T.T.I.L.dP.F}$PEPTIDE1,PEPTIDE1,1:R1-7:R2$$$",-5.85900000,ok,,flexible
"PEPTIDE1{Me_dA.meA.Me_dL.F.P.G.dP}$PEPTIDE1,PEPTIDE1,1:R1-7:R2$$$",-6.75700000,ok,,flexible
"PEPTIDE1{Mono6.dP.T.F.P.G.Y}$PEPTIDE1,PEPTIDE1,1:R1-7:R2$$$",-6.70200000,ok,,flexible
"PEPTIDE1{Mono6.Me_dL.Me_dA.dP.T.meL.Y}$PEPTIDE1,PEPTIDE1,1:R1-7:R2$$$",-6.13600000,ok,,flexible
"PEPTIDE1{Mono6.Me_dL.T.Asp_piperidide.P.meL.F}$PEPTIDE1,PEPTIDE1,1:R1-7:R2$$$",-6.19200000,ok,,flexible
"PEPTIDE1{Mono6.meS.T.P.dP.Me_Phe(3-Cl).meL}$PEPTIDE1,PEPTIDE1,1:R1-7:R2$$$",-6.10500000,ok,,flexible
"PEPTIDE1{Pr_Gly.Me_dL.meY.P.meL.dP.P}$PEPTIDE1,PEPTIDE1,1:R1-7:R2$$$",-6.55800000,ok,,flexible
"PEPTIDE1{Me_Bal.F.V.T.meL.I.P}$PEPTIDE1,PEPTIDE1,1:R1-7:R2$$$",-5.53200000,ok,,flexible
"PEPTIDE1{meA.F.Y.D.dP.dY.Me_Phe(3-Cl)}$PEPTIDE1,PEPTIDE1,1:R1-7:R2$$$",-7.56000000,ok,,flexible
"PEPTIDE1{dA.Me_dL.meL.T.P.F.G}$PEPTIDE1,PEPTIDE1,1:R1-7:R2$$$",-6.05200000,ok,,flexible
"PEPTIDE1{A.D.I.V.L.meL.dP}$PEPTIDE1,PEPTIDE1,1:R1-7:R2$$$",-5.64700000,ok,,flexible
"PEPTIDE1{Pr_Gly.P.D.F.dP.G.P}$PEPTIDE1,PEPTIDE1,1:R1-7:R2$$$",-6.17800000,ok,,flexible
"PEPTIDE1{Me_dA.F.meA.A.T.V.Mono84}$PEPTIDE1,PEPTIDE1,1:R1-7:R2$$$",-6.62700000,ok,,flexible
"PEPTIDE1{dF.P.F.I.Me_dL.T.P}$PEPTIDE1,PEPTIDE1,1:R1-7:R2$$$",-6.17200000,ok,,flexible
"PEPTIDE1{dF.L.Me_Nle.P.I.Mono86.Ser(tBu)}$PEPTIDE1,PEPTIDE1,1:R1-7:R2$$$",-6.04400000,ok,,flexible
"PEPTIDE1{F.Ser(tBu).Me_Phe(3-Cl).L.I.Me_Phe(3-Cl).dP}$PEPTIDE1,PEPTIDE1,1:R1-7:R2$$$",-6.64700000,ok,,flexible
"PEPTIDE1{Me_dA.dP.L.meA.P.G.T}$PEPTIDE1,PEPTIDE1,1:R1-7:R2$$$",-5.92900000,ok,,flexible
"PEPTIDE1{Me_dA.meA.meL.Me_dL.A.dP.F}$PEPTIDE1,PEPTIDE1,1:R1-7:R2$$$",-6.01800000,ok,,flexible
"PEPTIDE1{dV.Me_Phe(3-Cl).Pr_Gly.F.dP.Et_Gly.G}$PEPTIDE1,PEPTIDE1,1:R1-7:R2$$$",-5.89200000,ok,,flexible
"PEPTIDE1{dV.Me_Nle.L.P.meL.T.P}$PEPTIDE1,PEPTIDE1,1:R1-7:R2$$$",-5.73400000,ok,,flexible
"PEPTIDE1{Mono6.dPye.P.T.I.A.Pr_Gly}$PEPTIDE1,PEPTIDE1,1:R1-7:R2$$$",-6.06100000,ok,,flexible
"PEPTIDE1{meA.Me_Nle.Mono38.dP.3Pal.T.I}$PEPTIDE1,PEPTIDE1,1:R1-7:R2$$$",-6.00100000,ok,,flexible
"PEPTIDE1{meF.L.Mono84.G.P.F.dP}$PEPTIDE1,PEPTIDE1,1:R1-7:R2$$$",-6.91500000,ok,,flexible
"PEPTIDE1{Mono6.A.L.Me_dL.meA.P.Me_dA}$PEPTIDE1,PEPTIDE1,1:R1-7:R2$$$",-6.36700000,ok,,flexible
"PEPTIDE1{Mono6.G.dP.meL.T.P.G}$PEPTIDE1,PEPTIDE1,1:R1-7:R2$$$",-6.69400000,ok,,flexible
"PEPTIDE1{dF.dP.meL.dP.Me_dL.V.Me_Phe(3-Cl)}$PEPTIDE1,PEPTIDE1,1:R1-7:R2$$$",-6.26600000,ok,,flexible
"PEPTIDE1{meA.I.P.dL.F.L.dP}$PEPTIDE1,PEPTIDE1,1:R1-7:R2$$$",-6.24400000,ok,,flexible
"PEPTIDE1{Me_dA.T.meA.dL.P.Me_dL.meY}$PEPTIDE1,PEPTIDE1,1:R1-7:R2$$$",-5.93500000,ok,,flexible
"PEPTIDE1{Me_Bal.L.P.F.T.Nle.dP}$PEPTIDE1,PEPTIDE1,1:R1-7:R2$$$",-6.97400000,ok,,flexible
"PEPTIDE1{Me_dA.Me_dL.P.dP.Asp_piperidide.meL.F}$PEPTIDE1,PEPTIDE1,1:R1-7:R2$$$",-6.40700000,ok,,flexible
"PEPTIDE1{dP.Aib.Me_Phe(3-Cl).T.L.A.Me_dL}$PEPTIDE1,PEPTIDE1,1:R1-7:R2$$$",-6.49200000,ok,,flexible
"PEPTIDE1{meA.Pr_Gly.P.G.dP.meL.F}$PEPTIDE1,PEPTIDE1,1:R1-7:R2$$$",-6.17900000,ok,,flexible
"PEPTIDE1{Me_Bal.P.dP.meL.I.T.F}$PEPTIDE1,PEPTIDE1,1:R1-7:R2$$$",-6.36300000,ok,,flexible
"PEPTIDE1{Me_Bal.F.P.T.P.Y.G}$PEPTIDE1,PEPTIDE1,1:R1-7:R2$$$",-7.43000000,ok,,flexible
"PEPTIDE1{dV.P.F.meL.I.G.Phe(4-CF3)}$PEPTIDE1,PEPTIDE1,1:R1-7:R2$$$",-5.55400000,ok,,flexible
"PEPTIDE1{A.L.meA.meL.F.G.P}$PEPTIDE1,PEPTIDE1,1:R1-7:R2$$$",-6.64900000,ok,,flexible
"PEPTIDE1{F.Me_dA.Mono84.P.Me_Phe(3-Cl).dL.Me_dL}$PEPTIDE1,PEPTIDE1,1:R1-7:R2$$$",-6.36200000,ok,,flexible
"PEPTIDE1{meA.meL.dP.L.T.Me_dL.G}$PEPTIDE1,PEPTIDE1,1:R1-7:R2$$$",-5.79800000,ok,,flexible
"PEPTIDE1{Me_Bal.P.Pr_Gly.Me_dA.dP.dF.T}$PEPTIDE1,PEPTIDE1,1:R1-7:R2$$$",-6.20100000,ok,,flexible
"PEPTIDE1{meA.Me_Nle.dP.dL.P.T.meL}$PEPTIDE1,PEPTIDE1,1:R1-7:R2$$$",-5.93300000,ok,,flexible
"PEPTIDE1{Me_Bal.Me_dL.dP.Y.P.D.F}$PEPTIDE1,PEPTIDE1,1:R1-7:R2$$$",-6.72600000,ok,,flexible
"PEPTIDE1{F.meL.L.Me_Phe(3-Cl).P.T.I}$PEPTIDE1,PEPTIDE1,1:R1-7:R2$$$",-6.24800000,ok,,flexible
"PEPTIDE1{dV.dP.Me_Phe(3-Cl).Me_dL.P.dP.I}$PEPTIDE1,PEPTIDE1,1:R1-7:R2$$$",-6.66100000,ok,,flexible
"PEPTIDE1{Me_dA.A.P.T.F.dP.meL}$PEPTIDE1,PEPTIDE1,1:R1-7:R2$$$",-6.81100000,ok,,flexible
"PEPTIDE1{Me_Bal.dA.dF.meL.dP.Me_dL.meA}$PEPTIDE1,PEPTIDE1,1:R1-7:R2$$$",-6.20300000,ok,,flexible
"PEPTIDE1{Me_Bal.V.meL.A.Ser(tBu).dP.T}$PEPTIDE1,PEPTIDE1,1:R1-7:R2$$$",-6.48700000,ok,,flexible
"PEPTIDE1{dP.Y.F.P.G.G.P}$PEPTIDE1,PEPTIDE1,1:R1-7:R2$$$",-6.90200000,ok,,flexible
"PEPTIDE1{Me_Bal.Me_dA.T.F.P.Me_Phe(3-Cl).meL}$PEPTIDE1,PEPTIDE1,1:R1-7:R2$$$",-6.70600000,ok,,flexible
"PEPTIDE1{L.Sar.dP.P.F.dP.G}$PEPTIDE1,PEPTIDE1,1:R1-7:R2$$$",-6.65200000,ok,,flexible
"PEPTIDE1{Sar.dP.pentyl_Gly.T.Mono84.P.T}$PEPTIDE1,PEPTIDE1,1:R1-7:R2$$$",-6.28800000,ok,,flexible
"PEPTIDE1{Pr_Gly.Me_dL.T.P.meL.T.L}$PEPTIDE1,PEPTIDE1,1:R1-7:R2$$$",-5.23000000,ok,,flexible
"PEPTIDE1{dP.F.meL.dP.Ser(tBu).dL.Me_dL}$PEPTIDE1,PEPTIDE1,1:R1-7:R2$$$",-5.70700000,ok,,flexible
"PEPTIDE1{A.dP.P.meL.I.T.P}$PEPTIDE1,PEPTIDE1,1:R1-7:R2$$$",-6.61200000,ok,,flexible
"PEPTIDE1{P.meA.A.dA.G.Pr_Gly.L}$PEPTIDE1,PEPTIDE1,1:R1-7:R2$$$",-6.43200000,ok,,flexible
"PEPTIDE1{Me_Bal.cHexCH2_Gly.Asp_piperidide.G.dP.P.I}$PEPTIDE1,PEPTIDE1,1:R1-7:R2$$$",-6.84100000,ok,,flexible
"PEPTIDE1{Me_dA.I.T.D.dP.T.Me_Phe(3-Cl)}$PEPTIDE1,PEPTIDE1,1:R1-7:R2$$$",-5.93800000,ok,,flexible
"PEPTIDE1{Me_Bal.dP.meL.P.D.P.T}$PEPTIDE1,PEPTIDE1,1:R1-7:R2$$$",-6.76400000,ok,,flexible
"PEPTIDE1{Me_dA.D.L.I.A.F.Nle}$PEPTIDE1,PEPTIDE1,1:R1-7:R2$$$",-5.74400000,ok,,flexible
"PEPTIDE1{dV.F.T.dP.T.meL.P}$PEPTIDE1,PEPTIDE1,1:R1-7:R2$$$",-7.10800000,ok,,flexible
"PEPTIDE1{L.T.F.meL.dP.3Pal.P}$PEPTIDE1,PEPTIDE1,1:R1-7:R2$$$",-6.34700000,ok,,flexible
"PEPTIDE1{Mono6.dP.D.T.dY.Y.F}$PEPTIDE1,PEPTIDE1,1:R1-7:R2$$$",-8.38800000,ok,,flexible
"PEPTIDE1{Mono6.Asp_piperidide.P.dP.P.F.dP}$PEPTIDE1,PEPTIDE1,1:R1-7:R2$$$",-6.96700000,ok,,flexible
"PEPTIDE1{Mono6.F.G.meL.Phe(4-CF3).T.Me_Phe(3-Cl)}$PEPTIDE1,PEPTIDE1,1:R1-7:R2$$$",-5.81400000,ok,,flexible
"PEPTIDE1{Me_Bal.dP.dP.F.Me_dL.P.meL}$PEPTIDE1,PEPTIDE1,1:R1-7:R2$$$",-6.86900000,ok,,flexible
"PEPTIDE1{dA.P.T.G.dP.Y.F}$PEPTIDE1,PEPTIDE1,1:R1-7:R2$$$",-7.28900000,ok,,flexible
"PEPTIDE1{Me_Bal.Pr_Gly.dA.Me_dL.dP.Me_Phe(3-Cl).meA}$PEPTIDE1,PEPTIDE1,1:R1-7:R2$$$",-6.74800000,ok,,flexible
"PEPTIDE1{meA.dP.T.dL.P.F.I}$PEPTIDE1,PEPTIDE1,1:R1-7:R2$$$",-6.93300000,ok,,flexible
"PEPTIDE1{dF.T.Mono86.P.Ser(tBu).dL.L}$PEPTIDE1,PEPTIDE1,1:R1-7:R2$$$",-5.34600000,ok,,flexible
"PEPTIDE1{dF.Mono6.Me_Phe(3-Cl).dP.T.T.P}$PEPTIDE1,PEPTIDE1,1:R1-7:R2$$$",-7.71600000,ok,,flexible
"PEPTIDE1{meA.dP.Asp_piperidide.T.P.P.dP}$PEPTIDE1,PEPTIDE1,1:R1-7:R2$$$",-7.56100000,ok,,flexible
"PEPTIDE1{dP.meA.Me_dL.meF.meL.P.dA}$PEPTIDE1,PEPTIDE1,1:R1-7:R2$$$",-6.47800000,ok,,flexible
"PEPTIDE1{dF.meL.D.F.G.V.P}$PEPTIDE1,PEPTIDE1,1:R1-7:R2$$$",-6.01000000,ok,,flexible
"PEPTIDE1{dA.Y.P.meL.D.dP.F}$PEPTIDE1,PEPTIDE1,1:R1-7:R2$$$",-6.51700000,ok,,flexible
"PEPTIDE1{dV.F.dP.T.Asp_piperidide.P.meL}$PEPTIDE1,PEPTIDE1,1:R1-7:R2$$$",-6.47500000,ok,,flexible
"PEPTIDE1{dV.dP.T.meL.G.F.P}$PEPTIDE1,PEPTIDE1,1:R1-7:R2$$$",-6.73900000,ok,,flexible
"PEPTIDE1{dP.meL.Y.Me_dL.Mono6.Me_Nle.meY}$PEPTIDE1,PEPTIDE1,1:R1-7:R2$$$",-5.26300000,ok,,flexible
"PEPTIDE1{dA.P.dP.F.Phe(4-CF3).G.P}$PEPTIDE1,PEPTIDE1,1:R1-7:R2$$$",-7.47700000,ok,,flexible
"PEPTIDE1{Mono6.meL.Me_Phe(3-Cl).G.I.Phe(4-CF3).G}$PEPTIDE1,PEPTIDE1,1:R1-7:R2$$$",-5.46800000,ok,,flexible
"PEPTIDE1{Me_Bal.P.meI.meL.F.Ser(tBu).T}$PEPTIDE1,PEPTIDE1,1:R1-7:R2$$$",-6.33100000,ok,,flexible
"PEPTIDE1{Me_dA.meL.dP.P.T.F.T}$PEPTIDE1,PEPTIDE1,1:R1-7:R2$$$",-6.54700000,ok,,flexible
"PEPTIDE1{Me_Bal.T.T.meL.Phe(4-CF3).F.P}$PEPTIDE1,PEPTIDE1,1:R1-7:R2$$$",-6.38300000,ok,,flexible
"PEPTIDE1{Me_Bal.Me_Phe(3-Cl).T.dP.D.I.P}$PEPTIDE1,PEPTIDE1,1:R1-7:R2$$$",-6.46100000,ok,,flexible
"PEPTIDE1{P.G.Me_Phe(3-Cl).dP.P.T.Me_dA}$PEPTIDE1,PEPTIDE1,1:R1-7:R2$$$",-6.65100000,ok,,flexible
"PEPTIDE1{Pr_Gly.dP.dP.Mono100.Me_Phe(3-Cl).P.F}$PEPTIDE1,PEPTIDE1,1:R1-7:R2$$$",-6.19000000,ok,,flexible
"PEPTIDE1{Pr_Gly.F.dP.meL.P.dL.Me_Phe(3-Cl)}$PEPTIDE1,PEPTIDE1,1:R1-7:R2$$$",-6.24200000,ok,,flexible
"PEPTIDE1{P.Me_dA.Me_dL.meS.Me_Phe(3-Cl).F.dL}$PEPTIDE1,PEPTIDE1,1:R1-7:R2$$$",-6.06800000,ok,,flexible
"PEPTIDE1{dP.I.T.meA.P.Nle.meL}$PEPTIDE1,PEPTIDE1,1:R1-7:R2$$$",-6.22300000,ok,,flexible
"PEPTIDE1{dV.meL.P.T.T.L.dP}$PEPTIDE1,PEPTIDE1,1:R1-7:R2$$$",-5.87900000,ok,,flexible
"PEPTIDE1{Mono6.A.L.T.dP.T.dP}$PEPTIDE1,PEPTIDE1,1:R1-7:R2$$$",-6.50100000,ok,,flexible
"PEPTIDE1{meA.Me_dL.Y.P.meL.Asp_piperidide.P}$PEPTIDE1,PEPTIDE1,1:R1-7:R2$$$",-6.56200000,ok,,flexible
"PEPTIDE1{Me_Bal.Mono38.Mono86.P.T.Me_dA.Et_Gly}$PEPTIDE1,PEPTIDE1,1:R1-7:R2$$$",-5.53300000,ok,,flexible
"PEPTIDE1{meA.L.P.V.F.dP.I}$PEPTIDE1,PEPTIDE1,1:R1-7:R2$$$",-6.32100000,ok,,flexible
"PEPTIDE1{Mono6.P.Et_Gly.Me_Phe(3-Cl).T.P.G}$PEPTIDE1,PEPTIDE1,1:R1-7:R2$$$",-6.99100000,ok,,flexible
"PEPTIDE1{meA.meY.meL.P.Me_dL.Y.F}$PEPTIDE1,PEPTIDE1,1:R1-7:R2$$$",-6.53200000,ok,,flexible
"PEPTIDE1{Me_dA.Me_dL.meL.P.P.dP.G}$PEPTIDE1,PEPTIDE1,1:R1-7:R2$$$",-6.69900000,ok,,flexible
"PEPTIDE1{Mono6.T.I.F.dP.V.P}$PEPTIDE1,PEPTIDE1,1:R1-7:R2$$$",-6.67100000,ok,,flexible
"PEPTIDE1{Me_dA.T.dP.meL.F.Sar.Mono84}$PEPTIDE1,PEPTIDE1,1:R1-7:R2$$$",-7.23100000,ok,,flexible
"PEPTIDE1{A.dPye.L.F.T.I.dL}$PEPTIDE1,PEPTIDE1,1:R1-7:R2$$$",-4.87900000,ok,,flexible
"PEPTIDE1{F.G.Y.meY.P.T.Me_Phe(3-Cl)}$PEPTIDE1,PEPTIDE1,1:R1-7:R2$$$",-6.54000000,ok,,flexible
"PEPTIDE1{Me_dA.meA.F.L.dP.P.dP}$PEPTIDE1,PEPTIDE1,1:R1-7:R2$$$",-7.63500000,ok,,flexible
"PEPTIDE1{Me_dA.F.meA.P.L.P.I}$PEPTIDE1,PEPTIDE1,1:R1-7:R2$$$",-6.91600000,ok,,flexible
"PEPTIDE1{Pr_Gly.Me_Nle.cHexCH2_Gly.dP.P.Mono84.I}$PEPTIDE1,PEPTIDE1,1:R1-7:R2$$$",-5.94300000,ok,,flexible
"PEPTIDE1{dV.P.dP.P.meL.P.I}$PEPTIDE1,PEPTIDE1,1:R1-7:R2$$$",-6.62900000,ok,,flexible
"PEPTIDE1{dP.meA.D.P.I.F.Me_Phe(3-Cl)}$PEPTIDE1,PEPTIDE1,1:R1-7:R2$$$",-7.02000000,ok,,flexible
"PEPTIDE1{Me_Bal.P.dP.I.F.T.Y}$PEPTIDE1,PEPTIDE1,1:R1-7:R2$$$",-6.10600000,ok,,flexible
"PEPTIDE1{A.F.Y.T.dP.dP.G}$PEPTIDE1,PEPTIDE1,1:R1-7:R2$$$",-7.29600000,ok,,flexible
"PEPTIDE1{dA.P.T.meL.L.I.dP}$PEPTIDE1,PEPTIDE1,1:R1-7:R2$$$",-6.15100000,ok,,flexible
"PEPTIDE1{L.meA.dP.meL.F.Me_dL.dP}$PEPTIDE1,PEPTIDE1,1:R1-7:R2$$$",-5.79500000,ok,,flexible
"PEPTIDE1{P.A.Me_dA.F.meL.T.Me_dL}$PEPTIDE1,PEPTIDE1,1:R1-7:R2$$$",-6.61600000,ok,,flexible
"PEPTIDE1{A.Me_dL.dP.F.T.meL.P}$PEPTIDE1,PEPTIDE1,1:R1-7:R2$$$",-6.28800000,ok,,flexible
"PEPTIDE1{dA.T.dY.P.P.G.dP}$PEPTIDE1,PEPTIDE1,1:R1-7:R2$$$",-7.16600000,ok,,flexible
"PEPTIDE1{A.T.G.F.Ser(tBu).L.dP}$PEPTIDE1,PEPTIDE1,1:R1-7:R2$$$",-5.72000000,ok,,flexible
"PEPTIDE1{dA.P.pentyl_Gly.F.Phe(4-CF3).meL.T}$PEPTIDE1,PEPTIDE1,1:R1-7:R2$$$",-6.41500000,ok,,flexible
"PEPTIDE1{Me_dA.meL.P.F.G.F.P}$PEPTIDE1,PEPTIDE1,1:R1-7:R2$$$",-7.45200000,ok,,flexible
"PEPTIDE1{dA.Pr_Gly.P.D.dF.T.dP}$PEPTIDE1,PEPTIDE1,1:R1-7:R2$$$",-5.96600000,ok,,flexible
"PEPTIDE1{Me_dA.3Pal.A.P.I.dP.L}$PEPTIDE1,PEPTIDE1,1:R1-7:R2$$$",-6.95300000,ok,,flexible
"PEPTIDE1{F.P.L.T.I.T.G}$PEPTIDE1,PEPTIDE1,1:R1-7:R2$$$",-6.32300000,ok,,flexible
"PEPTIDE1{F.T.dP.P.P.dL.3Pal}$PEPTIDE1,PEPTIDE1,1:R1-7:R2$$$",-6.72700000,ok,,flexible
"PEPTIDE1{Me_dA.P.F.P.T.D.dP}$PEPTIDE1,PEPTIDE1,1:R1-7:R2$$$",-6.37700000,ok,,flexible
"PEPTIDE1{dV.P.I.T.V.meL.dP}$PEPTIDE1,PEPTIDE1,1:R1-7:R2$$$",-5.96400000,ok,,flexible
"PEPTIDE1{dA.T.F.Y.dY.D.P}$PEPTIDE1,PEPTIDE1,1:R1-7:R2$$$",-6.36300000,ok,,flexible
"PEPTIDE1{Me_dA.T.meY.Asp_piperidide.dP.dP.Mono6}$PEPTIDE1,PEPTIDE1,1:R1-7:R2$$$",-6.27500000,ok,,flexible
"PEPTIDE1{Mono6.Me_dA.dL.dP.T.P.P}$PEPTIDE1,PEPTIDE1,1:R1-7:R2$$$",-6.64000000,ok,,flexible
"PEPTIDE1{A.P.meL.T.I.G.G}$PEPTIDE1,PEPTIDE1,1:R1-7:R2$$$",-6.31700000,ok,,flexible
"PEPTIDE1{Pr_Gly.dP.dP.meL.H.Mono6.Y}$PEPTIDE1,PEPTIDE1,1:R1-7:R2$$$",-6.53500000,ok,,flexible
"PEPTIDE1{Me_Bal.meA.T.F.Y.T.dP}$PEPTIDE1,PEPTIDE1,1:R1-7:R2$$$",-6.99500000,ok,,flexible
"PEPTIDE1{meA.T.T.I.dL.meL.P}$PEPTIDE1,PEPTIDE1,1:R1-7:R2$$$",-5.56500000,ok,,flexible
"PEPTIDE1{dV.P.Mono84.I.dP.Me_Phe(3-Cl).F}$PEPTIDE1,PEPTIDE1,1:R1-7:R2$$$",-6.12900000,ok,,flexible
"PEPTIDE1{Mono6.P.G.T.dP.dP.P}$PEPTIDE1,PEPTIDE1,1:R1-7:R2$$$",-7.46900000,ok,,flexible
"PEPTIDE1{Me_dA.cHexCH2_Gly.Mono84.dP.dP.Me_Phe(3-Cl).F}$PEPTIDE1,PEPTIDE1,1:R1-7:R2$$$",-6.24300000,ok,,flexible
"PEPTIDE1{dV.meY.P.P.T.meL.dP}$PEPTIDE1,PEPTIDE1,1:R1-7:R2$$$",-6.33800000,ok,,flexible
"PEPTIDE1{dA.dP.T.dP.P.P.Phe(4-CF3)}$PEPTIDE1,PEPTIDE1,1:R1-7:R2$$$",-7.28600000,ok,,flexible
"PEPTIDE1{Pr_Gly.Mono38.meL.L.dP.Ser(tBu).Me_Phe(3-Cl)}$PEPTIDE1,PEPTIDE1,1:R1-7:R2$$$",-5.32600000,ok,,flexible
"PEPTIDE1{A.G.dP.F.T.meA.P}$PEPTIDE1,PEPTIDE1,1:R1-7:R2$$$",-7.15000000,ok,,flexible
"PEPTIDE1{Mono6.dP.T.dP.P.Asp_piperidide.G}$PEPTIDE1,PEPTIDE1,1:R1-7:R2$$$",-7.39200000,ok,,flexible
"PEPTIDE1{Mono6.I.meF.T.dP.Me_Phe(3-Cl).P}$PEPTIDE1,PEPTIDE1,1:R1-7:R2$$$",-6.51800000,ok,,flexible
"PEPTIDE1{Mono6.meF.pentyl_Gly.cHexCH2_Gly.dP.P.Ser(tBu)}$PEPTIDE1,PEPTIDE1,1:R1-7:R2$$$",-5.77300000,ok,,flexible
"PEPTIDE1{Mono6.T.meA.Me_dA.dP.P.G}$PEPTIDE1,PEPTIDE1,1:R1-7:R2$$$",-6.98600000,ok,,flexible
"PEPTIDE1{meA.F.pentyl_Gly.A.Me_Phe(3-Cl).I.Mono86}$PEPTIDE1,PEPTIDE1,1:R1-7:R2$$$",-5.95000000,ok,,flexible
"PEPTIDE1{Mono6.F.Pr_Gly.Asp_piperidide.Mono34.P.Et_Gly}$PEPTIDE1,PEPTIDE1,1:R1-7:R2$$$",-6.21900000,ok,,flexible
"PEPTIDE1{L.Me_dA.P.P.G.T.dP}$PEPTIDE1,PEPTIDE1,1:R1-7:R2$$$",-6.53100000,ok,,flexible
"PEPTIDE1{meA.meF.Mono38.L.dP.P.dL}$PEPTIDE1,PEPTIDE1,1:R1-7:R2$$$",-6.81300000,ok,,flexible
"PEPTIDE1{meA.I.dP.Me_Phe(3-Cl).Mono84.T.meL}$PEPTIDE1,PEPTIDE1,1:R1-7:R2$$$",-5.65300000,ok,,flexible
"PEPTIDE1{Me_Bal.I.T.dP.Nle.dL.meF}$PEPTIDE1,PEPTIDE1,1:R1-7:R2$$$",-6.04900000,ok,,flexible
"PEPTIDE1{Mono6.dP.L.Mono84.Mono86.P.T}$PEPTIDE1,PEPTIDE1,1:R1-7:R2$$$",-6.96500000,ok,,flexible
"PEPTIDE1{dA.F.L.dP.Me_dL.Me_Phe(3-Cl).Mono7}$PEPTIDE1,PEPTIDE1,1:R1-7:R2$$$",-6.47500000,ok,,flexible
"PEPTIDE1{dA.F.G.dP.T.Y.Me_Phe(3-Cl)}$PEPTIDE1,PEPTIDE1,1:R1-7:R2$$$",-6.71000000,ok,,flexible
"PEPTIDE1{Mono6.T.F.dP.T.dP.D}$PEPTIDE1,PEPTIDE1,1:R1-7:R2$$$",-6.90000000,ok,,flexible
"PEPTIDE1{meA.L.cHexCH2_Gly.I.dP.Me_Phe(3-Cl).Mono84}$PEPTIDE1,PEPTIDE1,1:R1-7:R2$$$",-6.16000000,ok,,flexible
"PEPTIDE1{Mono6.F.meL.P.T.Me_Phe(3-Cl).G}$PEPTIDE1,PEPTIDE1,1:R1-7:R2$$$",-6.77200000,ok,,flexible
"PEPTIDE1{meA.Me_dL.T.meL.dP.F.T}$PEPTIDE1,PEPTIDE1,1:R1-7:R2$$$",-6.54400000,ok,,flexible
"PEPTIDE1{F.dP.dP.T.P.P.meL}$PEPTIDE1,PEPTIDE1,1:R1-7:R2$$$",-6.58600000,ok,,flexible
"PEPTIDE1{F.dP.L.Ser(tBu).Me_dL.A.Me_Phe(3-Cl)}$PEPTIDE1,PEPTIDE1,1:R1-7:R2$$$",-6.10300000,ok,,flexible
"PEPTIDE1{dF.I.Y.F.G.P.P}$PEPTIDE1,PEPTIDE1,1:R1-7:R2$$$",-6.41400000,ok,,flexible
"PEPTIDE1{A.dA.Pr_Gly.F.Me_dA.Me_Phe(3-Cl).Me_dL}$PEPTIDE1,PEPTIDE1,1:R1-7:R2$$$",-6.28700000,ok,,flexible
"PEPTIDE1{meA.F.meL.I.P.V.P}$PEPTIDE1,PEPTIDE1,1:R1-7:R2$$$",-5.89300000,ok,,flexible
"PEPTIDE1{A.T.dP.D.dP.P.G}$PEPTIDE1,PEPTIDE1,1:R1-7:R2$$$",-6.92800000,ok,,flexible
"PEPTIDE1{A.F.I.dP.Sar.G.P}$PEPTIDE1,PEPTIDE1,1:R1-7:R2$$$",-6.91200000,ok,,flexible
"PEPTIDE1{Me_Bal.dP.dP.T.Y.meY.P}$PEPTIDE1,PEPTIDE1,1:R1-7:R2$$$",-7.70800000,ok,,flexible
"PEPTIDE1{meA.Me_dL.T.G.G.I.P}$PEPTIDE1,PEPTIDE1,1:R1-7:R2$$$",-6.67800000,ok,,flexible
"PEPTIDE1{P.Me_dA.L.cHexCH2_Gly.F.I.P}$PEPTIDE1,PEPTIDE1,1:R1-7:R2$$$",-6.51600000,ok,,flexible
"PEPTIDE1{dV.dP.P.P.I.T.F}$PEPTIDE1,PEPTIDE1,1:R1-7:R2$$$",-6.08900000,ok,,flexible
"PEPTIDE1{Me_dA.T.Me_dL.P.G.Me_Phe(3-Cl).meL}$PEPTIDE1,PEPTIDE1,1:R1-7:R2$$$",-6.28300000,ok,,flexible
"PEPTIDE1{L.Me_dAbu.T.F.D.Phe(4-CF3).Me_Phe(3-Cl)}$PEPTIDE1,PEPTIDE1,1:R1-7:R2$$$",-5.84700000,ok,,flexible
"PEPTIDE1{dV.Me_dA.I.V.L.meL.F}$PEPTIDE1,PEPTIDE1,1:R1-7:R2$$$",-5.06400000,ok,,flexible
"PEPTIDE1{Mono6.T.I.D.P.Me_Phe(3-Cl).F}$PEPTIDE1,PEPTIDE1,1:R1-7:R2$$$",-6.65100000,ok,,flexible
"PEPTIDE1{Mono6.Asp_piperidide.Me_dL.P.Me_Phe(3-Cl).P.T}$PEPTIDE1,PEPTIDE1,1:R1-7:R2$$$",-6.34600000,ok,,flexible
"PEPTIDE1{Pr_Gly.dP.Me_dA.Mono84.P.P.T}$PEPTIDE1,PEPTIDE1,1:R1-7:R2$$$",-6.53000000,ok,,flexible
"PEPTIDE1{Me_Bal.Me_dL.P.Me_Phe(3-Cl).F.P.G}$PEPTIDE1,PEPTIDE1,1:R1-7:R2$$$",-6.43500000,ok,,flexible
"PEPTIDE1{dF.L.T.dP.I.meA.P}$PEPTIDE1,PEPTIDE1,1:R1-7:R2$$$",-5.81000000,ok,,flexible
"PEPTIDE1{Me_Bal.Ala(5-Tet).Me_Phe(3-Cl).T.dP.F.meL}$PEPTIDE1,PEPTIDE1,1:R1-7:R2$$$",-6.16800000,ok,,flexible
"PEPTIDE1{meA.F.I.Me_dL.T.G.meL}$PEPTIDE1,PEPTIDE1,1:R1-7:R2$$$",-6.93200000,ok,,flexible
"PEPTIDE1{F.cHexCH2_Gly.A.T.Me_Phe(3-Cl).Mono84.dP}$PEPTIDE1,PEPTIDE1,1:R1-7:R2$$$",-6.31100000,ok,,flexible
"PEPTIDE1{meA.T.dP.meL.Me_Phe(3-Cl).Asp_piperidide.P}$PEPTIDE1,PEPTIDE1,1:R1-7:R2$$$",-5.76400000,ok,,flexible
"PEPTIDE1{dV.dP.P.meY.T.Me_dA.Me_dL}$PEPTIDE1,PEPTIDE1,1:R1-7:R2$$$",-7.19000000,ok,,flexible
"PEPTIDE1{dP.meA.Me_dAbu.meY.P.dP.P}$PEPTIDE1,PEPTIDE1,1:R1-7:R2$$$",-7.02100000,ok,,flexible
"PEPTIDE1{Mono6.dP.F.I.T.meA.G}$PEPTIDE1,PEPTIDE1,1:R1-7:R2$$$",-6.21400000,ok,,flexible
"PEPTIDE1{Me_dA.meL.Phe(4-CF3).P.Me_Phe(3-Cl).T.G}$PEPTIDE1,PEPTIDE1,1:R1-7:R2$$$",-6.48600000,ok,,flexible
"PEPTIDE1{Me_dA.meA.P.dP.T.dP.meL}$PEPTIDE1,PEPTIDE1,1:R1-7:R2$$$",-6.88800000,ok,,flexible
"PEPTIDE1{A.meL.P.Me_dL.meY.dP.dP}$PEPTIDE1,PEPTIDE1,1:R1-7:R2$$$",-6.06700000,ok,,flexible
"PEPTIDE1{A.F.dP.G.T.Me_dL.Me_Phe(3-Cl)}$PEPTIDE1,PEPTIDE1,1:R1-7:R2$$$",-7.04100000,ok,,flexible
"PEPTIDE1{dA.F.T.P.meL.Me_Phe(3-Cl).dP}$PEPTIDE1,PEPTIDE1,1:R1-7:R2$$$",-7.08300000,ok,,flexible
"PEPTIDE1{Me_dA.T.Me_dL.dP.P.P.F}$PEPTIDE1,PEPTIDE1,1:R1-7:R2$$$",-6.47100000,ok,,flexible
"PEPTIDE1{A.Me_dL.meL.P.dP.T.D}$PEPTIDE1,PEPTIDE1,1:R1-7:R2$$$",-5.92200000,ok,,flexible
"PEPTIDE1{meA.I.P.Me_Phe(3-Cl).L.Mono84.G}$PEPTIDE1,PEPTIDE1,1:R1-7:R2$$$",-6.97300000,ok,,flexible
"PEPTIDE1{Me_Bal.Sar.Pr_Gly.Ser(tBu).dP.P.L}$PEPTIDE1,PEPTIDE1,1:R1-7:R2$$$",-6.07400000,ok,,flexible
"PEPTIDE1{Me_dA.P.T.F.meL.Me_dL.dP}$PEPTIDE1,PEPTIDE1,1:R1-7:R2$$$",-5.95100000,ok,,flexible
"PEPTIDE1{Me_Bal.L.meA.F.V.dP.dL}$PEPTIDE1,PEPTIDE1,1:R1-7:R2$$$",-6.79900000,ok,,flexible
"PEPTIDE1{meA.F.dP.T.Me_dL.I.V}$PEPTIDE1,PEPTIDE1,1:R1-7:R2$$$",-5.90900000,ok,,flexible
"PEPTIDE1{Me_dA.P.I.Me_Phe(3-Cl).Me_Phe(3-Cl).Et_Gly.Nle}$PEPTIDE1,PEPTIDE1,1:R1-7:R2$$$",-6.04500000,ok,,flexible
"PEPTIDE1{dP.P.F.meA.Me_dL.P.T}$PEPTIDE1,PEPTIDE1,1:R1-7:R2$$$",-6.69900000,ok,,flexible
"PEPTIDE1{dA.L.Ser(tBu).dP.T.I.V}$PEPTIDE1,PEPTIDE1,1:R1-7:R2$$$",-5.43000000,ok,,flexible
"PEPTIDE1{Me_dA.Me_dL.G.dP.I.T.meY}$PEPTIDE1,PEPTIDE1,1:R1-7:R2$$$",-6.35800000,ok,,flexible
"PEPTIDE1{Me_Bal.A.meF.L.Me_dL.F.T}$PEPTIDE1,PEPTIDE1,1:R1-7:R2$$$",-6.08000000,ok,,flexible
"PEPTIDE1{Sar.dP.dV.dP.meL.F.P}$PEPTIDE1,PEPTIDE1,1:R1-7:R2$$$",-6.59500000,ok,,flexible
"PEPTIDE1{Me_dA.dP.Me_Phe(3-Cl).meL.T.P.G}$PEPTIDE1,PEPTIDE1,1:R1-7:R2$$$",-6.91800000,ok,,flexible
"PEPTIDE1{Mono6.T.dP.meL.F.G.Me_Phe(3-Cl)}$PEPTIDE1,PEPTIDE1,1:R1-7:R2$$$",-7.18100000,ok,,flexible
"PEPTIDE1{dV.P.D.dP.G.T.Y}$PEPTIDE1,PEPTIDE1,1:R1-7:R2$$$",-6.58700000,ok,,flexible
"PEPTIDE1{dF.P.T.P.dP.G.P}$PEPTIDE1,PEPTIDE1,1:R1-7:R2$$$",-7.55000000,ok,,flexible
"PEPTIDE1{F.dP.Asp_piperidide.P.T.meL.Mono6}$PEPTIDE1,PEPTIDE1,1:R1-7:R2$$$",-6.27000000,ok,,flexible
"PEPTIDE1{Me_Bal.L.A.F.meF.meL.T}$PEPTIDE1,PEPTIDE1,1:R1-7:R2$$$",-5.63000000,ok,,flexible
"PEPTIDE1{Me_dA.Pr_Gly.meL.T.F.Me_dL.Y}$PEPTIDE1,PEPTIDE1,1:R1-7:R2$$$",-5.77800000,ok,,flexible
"PEPTIDE1{dA.P.G.F.dP.G.dY}$PEPTIDE1,PEPTIDE1,1:R1-7:R2$$$",-7.63900000,ok,,flexible
"PEPTIDE1{F.dP.P.dP.Y.P.meL}$PEPTIDE1,PEPTIDE1,1:R1-7:R2$$$",-6.50900000,ok,,flexible
"PEPTIDE1{Mono6.F.Sar.I.V.meL.P}$PEPTIDE1,PEPTIDE1,1:R1-7:R2$$$",-5.86200000,ok,,flexible
"PEPTIDE1{P.Me_Phe(3-Cl).G.dF.P.F.dP}$PEPTIDE1,PEPTIDE1,1:R1-7:R2$$$",-7.35900000,ok,,flexible
"PEPTIDE1{Pr_Gly.meF.T.dP.G.P.meA}$PEPTIDE1,PEPTIDE1,1:R1-7:R2$$$",-6.48200000,ok,,flexible
"PEPTIDE1{Me_Bal.cHexCH2_Gly.dP.meL.P.Asp_piperidide.Y}$PEPTIDE1,PEPTIDE1,1:R1-7:R2$$$",-6.26700000,ok,,flexible
"PEPTIDE1{Me_Bal.Me_dAbu.P.meL.D.dP.dP}$PEPTIDE1,PEPTIDE1,1:R1-7:R2$$$",-6.18000000,ok,,flexible
"PEPTIDE1{dA.F.P.P.dP.Me_Phe(3-Cl).G}$PEPTIDE1,PEPTIDE1,1:R1-7:R2$$$",-7.22400000,ok,,flexible
"PEPTIDE1{A.G.G.F.dP.P.P}$PEPTIDE1,PEPTIDE1,1:R1-7:R2$$$",-7.53000000,ok,,flexible
"PEPTIDE1{Mono6.Me_dA.pentyl_Gly.P.P.T.T}$PEPTIDE1,PEPTIDE1,1:R1-7:R2$$$",-6.47700000,ok,,flexible
"PEPTIDE1{A.G.meL.P.F.dY.P}$PEPTIDE1,PEPTIDE1,1:R1-7:R2$$$",-6.45600000,ok,,flexible
"PEPTIDE1{F.dP.meL.Ser(tBu).G.Sar.P}$PEPTIDE1,PEPTIDE1,1:R1-7:R2$$$",-6.04000000,ok,,flexible
"PEPTIDE1{meA.P.G.P.dP.F.I}$PEPTIDE1,PEPTIDE1,1:R1-7:R2$$$",-6.64300000,ok,,flexible
"PEPTIDE1{P.Mono38.A.dP.F.meL.Me_Phe(3-Cl)}$PEPTIDE1,PEPTIDE1,1:R1-7:R2$$$",-6.53600000,ok,,flexible
"PEPTIDE1{meA.T.P.dP.G.Me_Phe(3-Cl).Nle}$PEPTIDE1,PEPTIDE1,1:R1-7:R2$$$",-6.98400000,ok,,flexible
"PEPTIDE1{Me_dA.meL.dV.dP.meY.Me_dAbu.P}$PEPTIDE1,PEPTIDE1,1:R1-7:R2$$$",-6.92300000,ok,,flexible
"PEPTIDE1{dA.Pr_Gly.F.T.dP.meL.I}$PEPTIDE1,PEPTIDE1,1:R1-7:R2$$$",-5.80500000,ok,,flexible
"PEPTIDE1{Me_dA.P.F.P.G.T.D}$PEPTIDE1,PEPTIDE1,1:R1-7:R2$$$",-6.65700000,ok,,flexible
"PEPTIDE1{Mono6.P.Me_Phe(3-Cl).I.F.dP.T}$PEPTIDE1,PEPTIDE1,1:R1-7:R2$$$",-6.84000000,ok,,flexible
"PEPTIDE1{A.P.dP.G.dP.P.meL}$PEPTIDE1,PEPTIDE1,1:R1-7:R2$$$",-6.81100000,ok,,flexible
"PEPTIDE1{meA.dP.Mono6.P.meL.D.dP}$PEPTIDE1,PEPTIDE1,1:R1-7:R2$$$",-7.09300000,ok,,flexible
"PEPTIDE1{A.T.T.I.meL.Me_dL.L}$PEPTIDE1,PEPTIDE1,1:R1-7:R2$$$",-5.40400000,ok,,flexible
"PEPTIDE1{dA.F.G.D.meL.Y.dY}$PEPTIDE1,PEPTIDE1,1:R1-7:R2$$$",-6.43100000,ok,,flexible
"PEPTIDE1{meA.L.Ser(tBu).I.F.T.dV}$PEPTIDE1,PEPTIDE1,1:R1-7:R2$$$",-5.30400000,ok,,flexible
"PEPTIDE1{meA.dP.L.A.P.F.Me_dA}$PEPTIDE1,PEPTIDE1,1:R1-7:R2$$$",-6.77700000,ok,,flexible
"PEPTIDE1{P.Me_Phe(3-Cl).dP.meL.G.D.P}$PEPTIDE1,PEPTIDE1,1:R1-7:R2$$$",-6.62200000,ok,,flexible
"PEPTIDE1{dA.T.Ser(tBu).Me_Phe(3-Cl).Me_dL.L.T}$PEPTIDE1,PEPTIDE1,1:R1-7:R2$$$",-5.54900000,ok,,flexible
"PEPTIDE1{Me_dA.meA.dP.F.P.pentyl_Gly.T}$PEPTIDE1,PEPTIDE1,1:R1-7:R2$$$",-6.46000000,ok,,flexible
"PEPTIDE1{Me_Bal.F.L.P.Aib.Me_Phe(3-Cl).T}$PEPTIDE1,PEPTIDE1,1:R1-7:R2$$$",-6.36500000,ok,,flexible
"PEPTIDE1{dA.G.dP.T.dF.P.meL}$PEPTIDE1,PEPTIDE1,1:R1-7:R2$$$",-6.27700000,ok,,flexible
"PEPTIDE1{Me_Bal.Me_dA.Me_dL.T.P.meL.dP}$PEPTIDE1,PEPTIDE1,1:R1-7:R2$$$",-6.17600000,ok,,flexible
"PEPTIDE1{dP.meA.Pr_Gly.L.P.meF.A}$PEPTIDE1,PEPTIDE1,1:R1-7:R2$$$",-6.28700000,ok,,flexible
"PEPTIDE1{A.L.F.dP.T.P.Y}$PEPTIDE1,PEPTIDE1,1:R1-7:R2$$$",-6.84900000,ok,,flexible
"PEPTIDE1{meA.P.P.Me_Phe(3-Cl).P.Me_dL.T}$PEPTIDE1,PEPTIDE1,1:R1-7:R2$$$",-7.10300000,ok,,flexible
"PEPTIDE1{dA.meL.T.F.Mono6.T.meL}$PEPTIDE1,PEPTIDE1,1:R1-7:R2$$$",-5.84300000,ok,,flexible
"PEPTIDE1{dP.meA.meL.dA.F.P.meI}$PEPTIDE1,PEPTIDE1,1:R1-7:R2$$$",-6.65900000,ok,,flexible
"PEPTIDE1{Me_Bal.F.dP.meL.T.F.Me_Phe(3-Cl)}$PEPTIDE1,PEPTIDE1,1:R1-7:R2$$$",-6.08000000,ok,,flexible
"PEPTIDE1{Mono6.P.T.L.Nle.F.I}$PEPTIDE1,PEPTIDE1,1:R1-7:R2$$$",-5.96300000,ok,,flexible
"PEPTIDE1{Me_Bal.F.P.T.I.D.P}$PEPTIDE1,PEPTIDE1,1:R1-7:R2$$$",-5.67300000,ok,,flexible
"PEPTIDE1{Me_Bal.meA.L.meL.Mono86.T.dP}$PEPTIDE1,PEPTIDE1,1:R1-7:R2$$$",-5.83600000,ok,,flexible
"PEPTIDE1{P.T.Asp_piperidide.Me_Phe(3-Cl).T.dP.G}$PEPTIDE1,PEPTIDE1,1:R1-7:R2$$$",-6.82100000,ok,,flexible
"PEPTIDE1{Mono6.L.Nle.T.P.I.Me_Nle}$PEPTIDE1,PEPTIDE1,1:R1-7:R2$$$",-4.84700000,ok,,flexible
"PEPTIDE1{Me_Bal.P.T.dP.V.P.L}$PEPTIDE1,PEPTIDE1,1:R1-7:R2$$$",-6.65600000,ok,,flexible
"PEPTIDE1{Me_Bal.Me_Phe(3-Cl).P.T.F.P.3Pal}$PEPTIDE1,PEPTIDE1,1:R1-7:R2$$$",-6.81700000,ok,,flexible
"PEPTIDE1{Me_Bal.Asp_piperidide.Phe(4-CF3).T.Me_Phe(3-Cl).F.meL}$PEPTIDE1,PEPTIDE1,1:R1-7:R2$$$",-7.08300000,ok,,flexible
"PEPTIDE1{P.Me_dA.Pr_Gly.F.Y.Me_dL.P}$PEPTIDE1,PEPTIDE1,1:R1-7:R2$$$",-6.18100000,ok,,flexible
"PEPTIDE1{Mono6.T.T.P.meY.P.meL}$PEPTIDE1,PEPTIDE1,1:R1-7:R2$$$",-6.25200000,ok,,flexible
"PEPTIDE1{Me_Bal.P.F.I.G.G.F}$PEPTIDE1,PEPTIDE1,1:R1-7:R2$$$",-6.53000000,ok,,flexible
"PEPTIDE1{dV.F.D.P.dP.P.Y}$PEPTIDE1,PEPTIDE1,1:R1-7:R2$$$",-6.19500000,ok,,flexible
"PEPTIDE1{Me_Bal.P.dP.P.dP.T.F}$PEPTIDE1,PEPTIDE1,1:R1-7:R2$$$",-7.90900000,ok,,flexible
"PEPTIDE1{P.P.meL.Me_dL.G.T.P}$PEPTIDE1,PEPTIDE1,1:R1-7:R2$$$",-6.18600000,ok,,flexible
"PEPTIDE1{Me_Bal.meD.Mono100.Asp_piperidide.meY.T.G}$PEPTIDE1,PEPTIDE1,1:R1-7:R2$$$",-6.37200000,ok,,flexible
"PEPTIDE1{meA.D.P.G.T.F.dP}$PEPTIDE1,PEPTIDE1,1:R1-7:R2$$$",-6.66000000,ok,,flexible
"PEPTIDE1{A.Me_dA.dP.G.Y.dP.dY}$PEPTIDE1,PEPTIDE1,1:R1-7:R2$$$",-7.88800000,ok,,flexible
"PEPTIDE1{Me_Bal.cHexCH2_Gly.pentyl_Gly.T.dP.P.Me_dA}$PEPTIDE1,PEPTIDE1,1:R1-7:R2$$$",-6.29200000,ok,,flexible
"PEPTIDE1{Me_dA.meA.Me_dL.G.P.A.Aib}$PEPTIDE1,PEPTIDE1,1:R1-7:R2$$$",-6.62000000,ok,,flexible
"PEPTIDE1{dP.meF.meL.T.Ser(tBu).F.P}$PEPTIDE1,PEPTIDE1,1:R1-7:R2$$$",-5.54300000,ok,,flexible
"PEPTIDE1{dV.G.meA.dL.Et_Gly.F.Ser(tBu)}$PEPTIDE1,PEPTIDE1,1:R1-7:R2$$$",-6.10400000,ok,,flexible
"PEPTIDE1{dV.dP.meL.F.P.Phe(4-CF3).Y}$PEPTIDE1,PEPTIDE1,1:R1-7:R2$$$",-7.19400000,ok,,flexible
"PEPTIDE1{dF.meL.Mono6.dP.Et_Gly.Y.Me_Phe(3-Cl)}$PEPTIDE1,PEPTIDE1,1:R1-7:R2$$$",-6.51800000,ok,,flexible
"PEPTIDE1{Mono6.Pr_Gly.F.Me_Phe(3-Cl).Phe(4-CF3).P.Asp_piperidide}$PEPTIDE1,PEPTIDE1,1:R1-7:R2$$$",-6.70500000,ok,,flexible
"PEPTIDE1{Me_dA.meY.P.meL.dP.dP.Mono6}$PEPTIDE1,PEPTIDE1,1:R1-7:R2$$$",-6.98800000,ok,,flexible
"PEPTIDE1{Sar.D.P.F.L.meL.I}$PEPTIDE1,PEPTIDE1,1:R1-7:R2$$$",-5.89100000,ok,,flexible
"PEPTIDE1{meA.Me_dA.dL.Me_Phe(3-Cl).dP.Et_Gly.Me_Phe(3-Cl)}$PEPTIDE1,PEPTIDE1,1:R1-7:R2$$$",-6.27300000,ok,,flexible
"PEPTIDE1{Me_Bal.dP.Me_dL.meL.G.F.T}$PEPTIDE1,PEPTIDE1,1:R1-7:R2$$$",-6.25000000,ok,,flexible
"PEPTIDE1{Me_dA.meL.P.F.I.A.T}$PEPTIDE1,PEPTIDE1,1:R1-7:R2$$$",-6.59100000,ok,,flexible
"PEPTIDE1{dA.P.meY.meL.G.F.P}$PEPTIDE1,PEPTIDE1,1:R1-7:R2$$$",-6.38600000,ok,,flexible
"PEPTIDE1{meA.cHexCH2_Gly.dP.T.Ser(tBu).L.P}$PEPTIDE1,PEPTIDE1,1:R1-7:R2$$$",-6.09900000,ok,,flexible
"PEPTIDE1{Pr_Gly.D.Sar.P.dP.Me_Phe(3-Cl).meL}$PEPTIDE1,PEPTIDE1,1:R1-7:R2$$$",-6.78600000,ok,,flexible
"PEPTIDE1{Me_dA.P.meL.Y.D.Phe(4-CF3).F}$PEPTIDE1,PEPTIDE1,1:R1-7:R2$$$",-6.73500000,ok,,flexible
"PEPTIDE1{Me_Bal.dP.meL.P.dP.meY.Asp_piperidide}$PEPTIDE1,PEPTIDE1,1:R1-7:R2$$$",-7.49400000,ok,,flexible
"PEPTIDE1{Me_dA.F.Me_dL.G.L.A.dP}$PEPTIDE1,PEPTIDE1,1:R1-7:R2$$$",-5.97100000,ok,,flexible
"PEPTIDE1{dA.dP.D.meL.dP.Phe(4-CF3).F}$PEPTIDE1,PEPTIDE1,1:R1-7:R2$$$",-6.45300000,ok,,flexible
"PEPTIDE1{meA.dV.F.dP.meL.T.Me_dL}$PEPTIDE1,PEPTIDE1,1:R1-7:R2$$$",-6.18200000,ok,,flexible
"PEPTIDE1{Me_Bal.F.Phe(4-CF3).P.T.G.I}$PEPTIDE1,PEPTIDE1,1:R1-7:R2$$$",-5.58300000,ok,,flexible
"PEPTIDE1{Me_dA.Pr_Gly.T.L.meL.F.T}$PEPTIDE1,PEPTIDE1,1:R1-7:R2$$$",-5.71200000,ok,,flexible
"PEPTIDE1{dV.Ser(tBu).F.T.T.meL.I}$PEPTIDE1,PEPTIDE1,1:R1-7:R2$$$",-5.39800000,ok,,flexible
"PEPTIDE1{dP.Me_dL.T.dP.G.D.meL}$PEPTIDE1,PEPTIDE1,1:R1-7:R2$$$",-6.41000000,ok,,flexible
"PEPTIDE1{dA.dP.D.P.meL.T.Me_Phe(3-Cl)}$PEPTIDE1,PEPTIDE1,1:R1-7:R2$$$",-6.66600000,ok,,flexible
"PEPTIDE1{meA.meY.F.Y.meL.I.P}$PEPTIDE1,PEPTIDE1,1:R1-7:R2$$$",-6.61500000,ok,,flexible
"PEPTIDE1{A.dP.L.T.meL.V.P}$PEPTIDE1,PEPTIDE1,1:R1-7:R2$$$",-5.82300000,ok,,flexible
"PEPTIDE1{dA.I.T.T.meL.Nle.P}$PEPTIDE1,PEPTIDE1,1:R1-7:R2$$$",-5.94900000,ok,,flexible
"PEPTIDE1{dF.G.dP.P.I.meL.P}$PEPTIDE1,PEPTIDE1,1:R1-7:R2$$$",-6.79500000,ok,,flexible
"PEPTIDE1{Mono6.T.Phe(4-CF3).Asp_piperidide.dP.meL.Me_Phe(3-Cl)}$PEPTIDE1,PEPTIDE1,1:R1-7:R2$$$",-6.23200000,ok,,flexible
"PEPTIDE1{dA.A.T.Mono84.dP.G.Me_Phe(3-Cl)}$PEPTIDE1,PEPTIDE1,1:R1-7:R2$$$",-6.47800000,ok,,flexible
"PEPTIDE1{Me_Bal.dP.Me_dA.I.dL.P.dP}$PEPTIDE1,PEPTIDE1,1:R1-7:R2$$$",-6.60700000,ok,,flexible
"PEPTIDE1{Me_Bal.L.P.P.dP.I.F}$PEPTIDE1,PEPTIDE1,1:R1-7:R2$$$",-6.60800000,ok,,flexible
"PEPTIDE1{F.P.dP.G.T.Asp_piperidide.D}$PEPTIDE1,PEPTIDE1,1:R1-7:R2$$$",-6.06100000,ok,,flexible
"PEPTIDE1{dA.dP.Me_Phe(3-Cl).Phe(4-CF3).G.meL.P}$PEPTIDE1,PEPTIDE1,1:R1-7:R2$$$",-7.49400000,ok,,flexible
"PEPTIDE1{dA.T.G.dP.G.D.meL}$PEPTIDE1,PEPTIDE1,1:R1-7:R2$$$",-6.87600000,ok,,flexible
"PEPTIDE1{Mono6.P.Y.G.T.dP.G}$PEPTIDE1,PEPTIDE1,1:R1-7:R2$$$",-6.67200000,ok,,flexible
"PEPTIDE1{F.I.A.meL.meA.P.Ser(tBu)}$PEPTIDE1,PEPTIDE1,1:R1-7:R2$$$",-5.87700000,ok,,flexible
"PEPTIDE1{Me_Bal.P.P.F.D.F.Sar}$PEPTIDE1,PEPTIDE1,1:R1-7:R2$$$",-6.90800000,ok,,flexible
"PEPTIDE1{dV.dP.G.P.T.Me_Phe(3-Cl).D}$PEPTIDE1,PEPTIDE1,1:R1-7:R2$$$",-6.71200000,ok,,flexible
"PEPTIDE1{dV.Asp_piperidide.Me_dL.P.Y.P.dP}$PEPTIDE1,PEPTIDE1,1:R1-7:R2$$$",-7.25300000,ok,,flexible
"PEPTIDE1{P.G.T.dP.F.meL.Pr_Gly}$PEPTIDE1,PEPTIDE1,1:R1-7:R2$$$",-6.17100000,ok,,flexible
"PEPTIDE1{Me_Bal.L.dP.dP.I.meL.Sar}$PEPTIDE1,PEPTIDE1,1:R1-7:R2$$$",-5.83000000,ok,,flexible
"PEPTIDE1{Me_Bal.Me_dA.meY.T.Y.dP.Mono6}$PEPTIDE1,PEPTIDE1,1:R1-7:R2$$$",-6.96400000,ok,,flexible
"PEPTIDE1{dA.P.I.F.P.Me_Phe(3-Cl).T}$PEPTIDE1,PEPTIDE1,1:R1-7:R2$$$",-6.91600000,ok,,flexible
"PEPTIDE1{Me_dA.Y.F.meL.dP.G.P}$PEPTIDE1,PEPTIDE1,1:R1-7:R2$$$",-6.99700000,ok,,flexible
"PEPTIDE1{Me_dA.cHexCH2_Gly.L.P.T.I.dP}$PEPTIDE1,PEPTIDE1,1:R1-7:R2$$$",-6.02100000,ok,,flexible
"PEPTIDE1{L.T.meL.G.dP.Me_Phe(3-Cl).F}$PEPTIDE1,PEPTIDE1,1:R1-7:R2$$$",-6.35700000,ok,,flexible
"PEPTIDE1{Me_Bal.meA.P.dP.Y.dP.P}$PEPTIDE1,PEPTIDE1,1:R1-7:R2$$$",-7.43000000,ok,,flexible
"PEPTIDE1{meA.dP.T.F.P.P.G}$PEPTIDE1,PEPTIDE1,1:R1-7:R2$$$",-7.03300000,ok,,flexible
"PEPTIDE1{dV.P.P.F.meL.G.V}$PEPTIDE1,PEPTIDE1,1:R1-7:R2$$$",-6.21200000,ok,,flexible
"PEPTIDE1{Mono6.D.dP.T.F.L.Et_Gly}$PEPTIDE1,PEPTIDE1,1:R1-7:R2$$$",-6.02700000,ok,,flexible
"PEPTIDE1{meA.Sar.T.Phe(4-CF3).dP.T.P}$PEPTIDE1,PEPTIDE1,1:R1-7:R2$$$",-7.16800000,ok,,flexible
"PEPTIDE1{Me_Bal.L.meA.G.T.dP.D}$PEPTIDE1,PEPTIDE1,1:R1-7:R2$$$",-6.13800000,ok,,flexible
"PEPTIDE1{meA.L.Me_Nle.cHexCH2_Gly.F.Mono38.T}$PEPTIDE1,PEPTIDE1,1:R1-7:R2$$$",-5.89100000,ok,,flexible
"PEPTIDE1{Me_Bal.Me_Nle.cHexCH2_Gly.dP.Mono84.meA.T}$PEPTIDE1,PEPTIDE1,1:R1-7:R2$$$",-6.43700000,ok,,flexible
"PEPTIDE1{A.Me_dA.L.dA.Me_dL.F.P}$PEPTIDE1,PEPTIDE1,1:R1-7:R2$$$",-6.32800000,ok,,flexible
"PEPTIDE1{Pr_Gly.dP.P.Me_Phe(3-Cl).F.T.P}$PEPTIDE1,PEPTIDE1,1:R1-7:R2$$$",-7.78800000,ok,,flexible
"PEPTIDE1{A.meL.P.P.Me_dL.dL.meA}$PEPTIDE1,PEPTIDE1,1:R1-7:R2$$$",-5.78700000,ok,,flexible
"PEPTIDE1{Mono6.D.Me_Phe(3-Cl).meL.Phe(4-CF3).G.T}$PEPTIDE1,PEPTIDE1,1:R1-7:R2$$$",-6.57100000,ok,,flexible
"PEPTIDE1{Me_Bal.P.Y.G.T.dY.F}$PEPTIDE1,PEPTIDE1,1:R1-7:R2$$$",-6.46200000,ok,,flexible
"PEPTIDE1{dA.Mono38.P.dP.I.A.Me_Phe(3-Cl)}$PEPTIDE1,PEPTIDE1,1:R1-7:R2$$$",-7.04300000,ok,,flexible
"PEPTIDE1{Mono6.G.dP.T.P.F.meL}$PEPTIDE1,PEPTIDE1,1:R1-7:R2$$$",-6.40600000,ok,,flexible
"PEPTIDE1{Me_Bal.P.meL.F.P.T.G}$PEPTIDE1,PEPTIDE1,1:R1-7:R2$$$",-6.75500000,ok,,flexible
"PEPTIDE1{Me_Bal.P.P.dP.F.V.T}$PEPTIDE1,PEPTIDE1,1:R1-7:R2$$$",-6.71100000,ok,,flexible
"PEPTIDE1{Me_dA.Pr_Gly.L.Me_Phe(3-Cl).T.F.P}$PEPTIDE1,PEPTIDE1,1:R1-7:R2$$$",-6.22200000,ok,,flexible
"PEPTIDE1{L.Me_dA.Ala(5-Tet).dP.D.T.P}$PEPTIDE1,PEPTIDE1,1:R1-7:R2$$$",-6.15900000,ok,,flexible
"PEPTIDE1{meA.A.Me_dA.dP.dP.meY.Me_dL}$PEPTIDE1,PEPTIDE1,1:R1-7:R2$$$",-6.53300000,ok,,flexible
"PEPTIDE1{dA.P.dP.P.Me_dL.Me_Phe(3-Cl).V}$PEPTIDE1,PEPTIDE1,1:R1-7:R2$$$",-7.07800000,ok,,flexible
"PEPTIDE1{Me_dA.Pr_Gly.Me_dL.meV.P.dP.V}$PEPTIDE1,PEPTIDE1,1:R1-7:R2$$$",-5.78400000,ok,,flexible
"PEPTIDE1{F.dP.V.meL.G.Phe(4-CF3).P}$PEPTIDE1,PEPTIDE1,1:R1-7:R2$$$",-6.97900000,ok,,flexible
"PEPTIDE1{Me_dA.T.F.P.Me_Phe(3-Cl).D.Y}$PEPTIDE1,PEPTIDE1,1:R1-7:R2$$$",-6.52500000,ok,,flexible
"PEPTIDE1{dA.meL.Me_Phe(3-Cl).T.Phe(4-CF3).P.F}$PEPTIDE1,PEPTIDE1,1:R1-7:R2$$$",-5.85000000,ok,,flexible
"PEPTIDE1{meA.dP.P.T.F.G.P}$PEPTIDE1,PEPTIDE1,1:R1-7:R2$$$",-7.64000000,ok,,flexible
"PEPTIDE1{F.D.I.P.P.G.dP}$PEPTIDE1,PEPTIDE1,1:R1-7:R2$$$",-6.79900000,ok,,flexible
"PEPTIDE1{Me_dA.P.F.pentyl_Gly.meA.T.dP}$PEPTIDE1,PEPTIDE1,1:R1-7:R2$$$",-6.32800000,ok,,flexible
"PEPTIDE1{Me_Bal.T.P.dP.dP.F.T}$PEPTIDE1,PEPTIDE1,1:R1-7:R2$$$",-7.34700000,ok,,flexible
"PEPTIDE1{Mono6.dY.G.dP.T.I.Y}$PEPTIDE1,PEPTIDE1,1:R1-7:R2$$$",-6.92600000,ok,,flexible
"PEPTIDE1{Mono6.meA.P.meY.T.F.P}$PEPTIDE1,PEPTIDE1,1:R1-7:R2$$$",-7.32500000,ok,,flexible
"PEPTIDE1{Me_Bal.G.Ser(tBu).F.P.dL.dP}$PEPTIDE1,PEPTIDE1,1:R1-7:R2$$$",-6.57700000,ok,,flexible
"PEPTIDE1{dA.Sar.dP.G.I.Y.P}$PEPTIDE1,PEPTIDE1,1:R1-7:R2$$$",-6.96400000,ok,,flexible
"PEPTIDE1{Me_Bal.dP.P.P.T.Y.G}$PEPTIDE1,PEPTIDE1,1:R1-7:R2$$$",-6.54100000,ok,,flexible
"PEPTIDE1{dV.P.meF.Sar.F.V.L}$PEPTIDE1,PEPTIDE1,1:R1-7:R2$$$",-6.97200000,ok,,flexible
"PEPTIDE1{dA.G.dP.P.Y.P.Me_Phe(3-Cl)}$PEPTIDE1,PEPTIDE1,1:R1-7:R2$$$",-7.31800000,ok,,flexible
"PEPTIDE1{A.T.P.meL.F.Phe(4-CF3).G}$PEPTIDE1,PEPTIDE1,1:R1-7:R2$$$",-6.24300000,ok,,flexible
"PEPTIDE1{meA.dP.Me_dA.dL.A.Me_dL.T}$PEPTIDE1,PEPTIDE1,1:R1-7:R2$$$",-6.26700000,ok,,flexible
"PEPTIDE1{Me_dA.I.meA.meL.Me_dL.dP.meY}$PEPTIDE1,PEPTIDE1,1:R1-7:R2$$$",-6.30700000,ok,,flexible
"PEPTIDE1{meA.P.F.G.dP.D.I}$PEPTIDE1,PEPTIDE1,1:R1-7:R2$$$",-6.12400000,ok,,flexible
"PEPTIDE1{dF.meA.meF.L.G.F.meL}$PEPTIDE1,PEPTIDE1,1:R1-7:R2$$$",-6.22900000,ok,,flexible
"PEPTIDE1{Mono6.P.meL.dP.T.P.Me_Phe(3-Cl)}$PEPTIDE1,PEPTIDE1,1:R1-7:R2$$$",-6.72000000,ok,,flexible
"PEPTIDE1{dA.Me_dL.F.meL.D.T.G}$PEPTIDE1,PEPTIDE1,1:R1-7:R2$$$",-5.94400000,ok,,flexible
"PEPTIDE1{dA.meL.dP.V.dL.F.A}$PEPTIDE1,PEPTIDE1,1:R1-7:R2$$$",-6.21100000,ok,,flexible
"PEPTIDE1{Me_Bal.dV.T.I.F.V.meL}$PEPTIDE1,PEPTIDE1,1:R1-7:R2$$$",-5.76000000,ok,,flexible
"PEPTIDE1{Sar.P.Me_dL.dP.T.G.meA}$PEPTIDE1,PEPTIDE1,1:R1-7:R2$$$",-6.37100000,ok,,flexible
"PEPTIDE1{Me_dA.dP.T.F.I.Me_dL.Me_Phe(3-Cl)}$PEPTIDE1,PEPTIDE1,1:R1-7:R2$$$",-5.84700000,ok,,flexible
"PEPTIDE1{A.F.T.Phe(4-CF3).G.F.dP}$PEPTIDE1,PEPTIDE1,1:R1-7:R2$$$",-6.99800000,ok,,flexible
"PEPTIDE1{dP.T.F.A.L.Me_dL.meY}$PEPTIDE1,PEPTIDE1,1:R1-7:R2$$$",-6.29500000,ok,,flexible
"PEPTIDE1{meA.L.P.I.Me_Phe(3-Cl).dP.P}$PEPTIDE1,PEPTIDE1,1:R1-7:R2$$$",-6.73800000,ok,,flexible
"PEPTIDE1{Me_dA.Sar.P.F.dP.dP.T}$PEPTIDE1,PEPTIDE1,1:R1-7:R2$$$",-6.82500000,ok,,flexible
"PEPTIDE1{dA.dP.Phe(4-CF3).F.meL.V.T}$PEPTIDE1,PEPTIDE1,1:R1-7:R2$$$",-6.14300000,ok,,flexible
"PEPTIDE1{meA.A.F.P.dP.dL.meL}$PEPTIDE1,PEPTIDE1,1:R1-7:R2$$$",-6.33900000,ok,,flexible
"PEPTIDE1{dV.Sar.F.P.P.dP.dP}$PEPTIDE1,PEPTIDE1,1:R1-7:R2$$$",-7.06900000,ok,,flexible
"PEPTIDE1{meA.T.meL.dF.P.F.dP}$PEPTIDE1,PEPTIDE1,1:R1-7:R2$$$",-6.78400000,ok,,flexible
"PEPTIDE1{F.D.V.meL.L.dP.I}$PEPTIDE1,PEPTIDE1,1:R1-7:R2$$$",-5.13100000,ok,,flexible
"PEPTIDE1{F.Mono38.A.dP.T.P.L}$PEPTIDE1,PEPTIDE1,1:R1-7:R2$$$",-6.67300000,ok,,flexible
"PEPTIDE1{meL.meY.G.Asp_piperidide.P.T.Me_Phe(3-Cl)}$PEPTIDE1,PEPTIDE1,1:R1-7:R2$$$",-6.62500000,ok,,flexible
"PEPTIDE1{dA.G.Y.T.P.D.P}$PEPTIDE1,PEPTIDE1,1:R1-7:R2$$$",-6.31600000,ok,,flexible
"PEPTIDE1{Me_Bal.F.P.Me_dL.dP.dP.P}$PEPTIDE1,PEPTIDE1,1:R1-7:R2$$$",-7.60900000,ok,,flexible
"PEPTIDE1{F.meL.dP.Nle.T.Me_Phe(3-Cl).Et_Gly}$PEPTIDE1,PEPTIDE1,1:R1-7:R2$$$",-6.38100000,ok,,flexible
"PEPTIDE1{Me_Bal.Mono38.P.dP.G.meL.dL}$PEPTIDE1,PEPTIDE1,1:R1-7:R2$$$",-6.24800000,ok,,flexible
"PEPTIDE1{dA.dP.meL.P.T.Me_dL.dL}$PEPTIDE1,PEPTIDE1,1:R1-7:R2$$$",-5.62900000,ok,,flexible
"PEPTIDE1{dA.meL.P.P.Me_Phe(3-Cl).dP.G}$PEPTIDE1,PEPTIDE1,1:R1-7:R2$$$",-7.32400000,ok,,flexible
"PEPTIDE1{A.meA.meF.Me_Phe(3-Cl).T.P.dP}$PEPTIDE1,PEPTIDE1,1:R1-7:R2$$$",-7.45900000,ok,,flexible
"PEPTIDE1{F.P.P.Me_dA.A.T.P}$PEPTIDE1,PEPTIDE1,1:R1-7:R2$$$",-7.17900000,ok,,flexible
"PEPTIDE1{Me_dA.dP.Me_dL.meA.Pr_Gly.dL.F}$PEPTIDE1,PEPTIDE1,1:R1-7:R2$$$",-5.97600000,ok,,flexible
"PEPTIDE1{L.Y.T.meL.dP.T.P}$PEPTIDE1,PEPTIDE1,1:R1-7:R2$$$",-6.45800000,ok,,flexible
"PEPTIDE1{Mono6.I.dP.Phe(4-CF3).P.Me_Phe(3-Cl).G}$PEPTIDE1,PEPTIDE1,1:R1-7:R2$$$",-7.37200000,ok,,flexible
"PEPTIDE1{dF.I.G.T.F.P.dP}$PEPTIDE1,PEPTIDE1,1:R1-7:R2$$$",-6.01200000,ok,,flexible
"PEPTIDE1{Me_dA.dA.Ser(tBu).Me_dL.P.T.meL}$PEPTIDE1,PEPTIDE1,1:R1-7:R2$$$",-6.03800000,ok,,flexible
"PEPTIDE1{Mono6.P.L.dP.Ser(tBu).dP.I}$PEPTIDE1,PEPTIDE1,1:R1-7:R2$$$",-6.65700000,ok,,flexible
"PEPTIDE1{Me_Bal.P.dP.Me_dL.G.Me_Phe(3-Cl).T}$PEPTIDE1,PEPTIDE1,1:R1-7:R2$$$",-6.45300000,ok,,flexible
"PEPTIDE1{Me_dA.P.Phe(4-CF3).T.P.D.dP}$PEPTIDE1,PEPTIDE1,1:R1-7:R2$$$",-6.70200000,ok,,flexible
"PEPTIDE1{dA.dP.Phe(4-CF3).P.G.meL.T}$PEPTIDE1,PEPTIDE1,1:R1-7:R2$$$",-6.50900000,ok,,flexible
"PEPTIDE1{Mono6.P.Me_dL.dP.T.T.F}$PEPTIDE1,PEPTIDE1,1:R1-7:R2$$$",-6.23300000,ok,,flexible
"PEPTIDE1{dV.D.dP.Me_Phe(3-Cl).T.meL.P}$PEPTIDE1,PEPTIDE1,1:R1-7:R2$$$",-6.82600000,ok,,flexible
"PEPTIDE1{Me_Bal.Me_dA.T.P.F.dP.Me_Phe(3-Cl)}$PEPTIDE1,PEPTIDE1,1:R1-7:R2$$$",-7.84500000,ok,,flexible
"PEPTIDE1{P.L.T.A.dP.Mono78.meL}$PEPTIDE1,PEPTIDE1,1:R1-7:R2$$$",-6.36200000,ok,,flexible
"PEPTIDE1{dA.G.T.P.Y.Me_Phe(3-Cl).F}$PEPTIDE1,PEPTIDE1,1:R1-7:R2$$$",-7.17100000,ok,,flexible
"PEPTIDE1{Mono6.dP.P.P.F.G.T}$PEPTIDE1,PEPTIDE1,1:R1-7:R2$$$",-7.21700000,ok,,flexible
"PEPTIDE1{A.F.Y.T.P.Phe(4-CF3).G}$PEPTIDE1,PEPTIDE1,1:R1-7:R2$$$",-7.66600000,ok,,flexible
"PEPTIDE1{dV.P.I.F.V.G.meL}$PEPTIDE1,PEPTIDE1,1:R1-7:R2$$$",-6.29400000,ok,,flexible
"PEPTIDE1{Mono6.P.V.meL.Me_dL.P.I}$PEPTIDE1,PEPTIDE1,1:R1-7:R2$$$",-5.15900000,ok,,flexible
"PEPTIDE1{P.A.Me_dA.dA.Me_dL.meL.F}$PEPTIDE1,PEPTIDE1,1:R1-7:R2$$$",-6.06000000,ok,,flexible
"PEPTIDE1{Me_dA.dP.meF.pentyl_Gly.L.G.I}$PEPTIDE1,PEPTIDE1,1:R1-7:R2$$$",-5.85200000,ok,,flexible
"PEPTIDE1{meA.Me_dA.dP.G.L.T.P}$PEPTIDE1,PEPTIDE1,1:R1-7:R2$$$",-6.49800000,ok,,flexible
"PEPTIDE1{Me_dA.dP.pentyl_Gly.P.Phe(4-CF3).F.P}$PEPTIDE1,PEPTIDE1,1:R1-7:R2$$$",-6.90400000,ok,,flexible
"PEPTIDE1{L.Me_dL.F.P.dP.G.meL}$PEPTIDE1,PEPTIDE1,1:R1-7:R2$$$",-5.99000000,ok,,flexible
"PEPTIDE1{dV.dP.I.Me_Phe(3-Cl).dP.F.P}$PEPTIDE1,PEPTIDE1,1:R1-7:R2$$$",-6.39700000,ok,,flexible
"PEPTIDE1{Me_dA.Pr_Gly.meA.Sar.Ser(tBu).G.dL}$PEPTIDE1,PEPTIDE1,1:R1-7:R2$$$",-5.77700000,ok,,flexible
"PEPTIDE1{F.pentyl_Gly.L.P.Ser(tBu).P.meL}$PEPTIDE1,PEPTIDE1,1:R1-7:R2$$$",-5.46400000,ok,,flexible
"PEPTIDE1{dV.dP.T.G.P.Me_dL.dP}$PEPTIDE1,PEPTIDE1,1:R1-7:R2$$$",-6.67000000,ok,,flexible
"PEPTIDE1{L.P.Phe(4-CF3).P.G.meL.F}$PEPTIDE1,PEPTIDE1,1:R1-7:R2$$$",-6.27300000,ok,,flexible
"PEPTIDE1{Me_Bal.dP.P.dL.Mono2.Mono84.meA}$PEPTIDE1,PEPTIDE1,1:R1-7:R2$$$",-7.63500000,ok,,flexible
"PEPTIDE1{dP.Pr_Gly.G.meL.T.V.meA}$PEPTIDE1,PEPTIDE1,1:R1-7:R2$$$",-6.20400000,ok,,flexible
"PEPTIDE1{Me_Bal.D.P.L.F.Me_Phe(3-Cl).P}$PEPTIDE1,PEPTIDE1,1:R1-7:R2$$$",-6.26800000,ok,,flexible
"PEPTIDE1{P.P.Me_dL.G.Y.T.meL}$PEPTIDE1,PEPTIDE1,1:R1-7:R2$$$",-6.63400000,ok,,flexible
"PEPTIDE1{dA.meY.dP.P.T.meL.Y}$PEPTIDE1,PEPTIDE1,1:R1-7:R2$$$",-6.54000000,ok,,flexible
"PEPTIDE1{Me_dA.dP.meL.P.dP.G.Y}$PEPTIDE1,PEPTIDE1,1:R1-7:R2$$$",-7.26600000,ok,,flexible
"PEPTIDE1{Mono6.dP.Me_dA.dP.F.dF.meL}$PEPTIDE1,PEPTIDE1,1:R1-7:R2$$$",-6.79900000,ok,,flexible
"PEPTIDE1{dP.P.F.F.A.dA.meL}$PEPTIDE1,PEPTIDE1,1:R1-7:R2$$$",-6.30800000,ok,,flexible
"PEPTIDE1{P.meL.Me_dL.meY.T.Y.F}$PEPTIDE1,PEPTIDE1,1:R1-7:R2$$$",-5.98800000,ok,,flexible
"PEPTIDE1{Me_dA.meL.L.T.T.meA.meF}$PEPTIDE1,PEPTIDE1,1:R1-7:R2$$$",-5.88300000,ok,,flexible
"PEPTIDE1{Mono6.T.meY.Me_dA.Asp_piperidide.P.Y}$PEPTIDE1,PEPTIDE1,1:R1-7:R2$$$",-6.16300000,ok,,flexible
"PEPTIDE1{Me_dA.dA.P.T.meY.Me_dL.Me_Phe(3-Cl)}$PEPTIDE1,PEPTIDE1,1:R1-7:R2$$$",-7.19400000,ok,,flexible
"PEPTIDE1{dP.A.F.dP.Me_dL.P.I}$PEPTIDE1,PEPTIDE1,1:R1-7:R2$$$",-6.47700000,ok,,flexible
"PEPTIDE1{P.A.G.meL.F.I.Me_Phe(3-Cl)}$PEPTIDE1,PEPTIDE1,1:R1-7:R2$$$",-6.53600000,ok,,flexible
"PEPTIDE1{meA.F.dP.D.Me_Phe(3-Cl).I.Y}$PEPTIDE1,PEPTIDE1,1:R1-7:R2$$$",-6.36400000,ok,,flexible
"PEPTIDE1{L.meS.F.T.meL.D.P}$PEPTIDE1,PEPTIDE1,1:R1-7:R2$$$",-6.00100000,ok,,flexible
"PEPTIDE1{dV.dP.meL.Phe(4-CF3).F.P.G}$PEPTIDE1,PEPTIDE1,1:R1-7:R2$$$",-7.68800000,ok,,flexible
"PEPTIDE1{Me_Bal.T.I.P.meL.D.P}$PEPTIDE1,PEPTIDE1,1:R1-7:R2$$$",-5.79200000,ok,,flexible
"PEPTIDE1{Mono6.Ser(tBu).Mono84.dP.I.T.G}$PEPTIDE1,PEPTIDE1,1:R1-7:R2$$$",-5.91700000,ok,,flexible
"PEPTIDE1{F.L.Mono84.I.G.P.dP}$PEPTIDE1,PEPTIDE1,1:R1-7:R2$$$",-6.38300000,ok,,flexible
"PEPTIDE1{Mono6.Me_dA.P.dP.meL.meY.T}$PEPTIDE1,PEPTIDE1,1:R1-7:R2$$$",-6.51600000,ok,,flexible
"PEPTIDE1{dP.meL.D.P.P.Me_Phe(3-Cl).G}$PEPTIDE1,PEPTIDE1,1:R1-7:R2$$$",-6.00900000,ok,,flexible
"PEPTIDE1{Me_Bal.dL.Me_dA.meY.Me_dAbu.P.meL}$PEPTIDE1,PEPTIDE1,1:R1-7:R2$$$",-5.79000000,ok,,flexible
"PEPTIDE1{Me_dA.meL.G.I.L.T.dP}$PEPTIDE1,PEPTIDE1,1:R1-7:R2$$$",-5.77300000,ok,,flexible
"PEPTIDE1{Pr_Gly.G.dP.pentyl_Gly.L.meA.T}$PEPTIDE1,PEPTIDE1,1:R1-7:R2$$$",-6.31300000,ok,,flexible
"PEPTIDE1{A.I.T.meL.meA.P.F}$PEPTIDE1,PEPTIDE1,1:R1-7:R2$$$",-5.92700000,ok,,flexible
"PEPTIDE1{meL.dP.P.Phe(4-CF3).P.T.F}$PEPTIDE1,PEPTIDE1,1:R1-7:R2$$$",-6.94800000,ok,,flexible
"PEPTIDE1{Pr_Gly.meL.A.P.pentyl_Gly.T.Mono84}$PEPTIDE1,PEPTIDE1,1:R1-7:R2$$$",-5.73000000,ok,,flexible
"PEPTIDE1{L.G.dP.F.P.meL.Me_Phe(3-Cl)}$PEPTIDE1,PEPTIDE1,1:R1-7:R2$$$",-5.95100000,ok,,flexible
"PEPTIDE1{dV.T.dP.G.Me_Phe(3-Cl).D.P}$PEPTIDE1,PEPTIDE1,1:R1-7:R2$$$",-7.18200000,ok,,flexible
"PEPTIDE1{L.Phe(4-CF3).P.P.G.D.T}$PEPTIDE1,PEPTIDE1,1:R1-7:R2$$$",-6.67800000,ok,,flexible
"PEPTIDE1{dF.dP.Me_Phe(3-Cl).Phe(4-CF3).meL.3Pal.P}$PEPTIDE1,PEPTIDE1,1:R1-7:R2$$$",-6.74200000,ok,,flexible
"PEPTIDE1{Me_dA.dP.V.L.T.T.P}$PEPTIDE1,PEPTIDE1,1:R1-7:R2$$$",-6.14200000,ok,,flexible
"PEPTIDE1{A.dP.Phe(4-CF3).dP.G.D.F}$PEPTIDE1,PEPTIDE1,1:R1-7:R2$$$",-7.24300000,ok,,flexible
"PEPTIDE1{A.Me_dA.T.cHexCH2_Gly.I.F.pentyl_Gly}$PEPTIDE1,PEPTIDE1,1:R1-7:R2$$$",-5.44300000,ok,,flexible
"PEPTIDE1{dF.A.T.dP.dP.Mono84.P}$PEPTIDE1,PEPTIDE1,1:R1-7:R2$$$",-7.31600000,ok,,flexible
"PEPTIDE1{F.Mono84.P.dP.G.T.Me_Phe(3-Cl)}$PEPTIDE1,PEPTIDE1,1:R1-7:R2$$$",-7.28300000,ok,,flexible
"PEPTIDE1{Me_dA.Pr_Gly.dA.dPye.Me_Phe(3-Cl).F.F}$PEPTIDE1,PEPTIDE1,1:R1-7:R2$$$",-6.56100000,ok,,flexible
"PEPTIDE1{dF.P.dP.G.dP.P.P}$PEPTIDE1,PEPTIDE1,1:R1-7:R2$$$",-7.78300000,ok,,flexible
"PEPTIDE1{Me_Bal.P.P.meL.F.I.L}$PEPTIDE1,PEPTIDE1,1:R1-7:R2$$$",-5.98200000,ok,,flexible
"PEPTIDE1{meL.A.dP.L.P.P.Me_Phe(3-Cl)}$PEPTIDE1,PEPTIDE1,1:R1-7:R2$$$",-7.04900000,ok,,flexible
"PEPTIDE1{A.meA.G.T.F.P.Me_dA}$PEPTIDE1,PEPTIDE1,1:R1-7:R2$$$",-7.08700000,ok,,flexible
"PEPTIDE1{Me_Bal.Phe(4-CF3).meL.T.Y.I.T}$PEPTIDE1,PEPTIDE1,1:R1-7:R2$$$",-6.51300000,ok,,flexible
"PEPTIDE1{dV.meA.L.T.P.A.Me_Phe(3-Cl)}$PEPTIDE1,PEPTIDE1,1:R1-7:R2$$$",-6.48900000,ok,,flexible
"PEPTIDE1{F.Me_Phe(3-Cl).meL.T.L.dP.P}$PEPTIDE1,PEPTIDE1,1:R1-7:R2$$$",-6.14100000,ok,,flexible
"PEPTIDE1{Me_Bal.dP.F.Me_Phe(3-Cl).A.L.I}$PEPTIDE1,PEPTIDE1,1:R1-7:R2$$$",-5.95900000,ok,,flexible
"PEPTIDE1{Mono6.meA.P.meL.Ala(5-Tet).F.Me_Phe(3-Cl)}$PEPTIDE1,PEPTIDE1,1:R1-7:R2$$$",-6.57100000,ok,,flexible
"PEPTIDE1{Me_dA.dP.Pr_Gly.meY.P.F.T}$PEPTIDE1,PEPTIDE1,1:R1-7:R2$$$",-5.62400000,ok,,flexible
"PEPTIDE1{Pr_Gly.meY.Me_Phe(3-Cl).T.T.Asp_piperidide.dP}$PEPTIDE1,PEPTIDE1,1:R1-7:R2$$$",-6.32100000,ok,,flexible
"PEPTIDE1{A.P.Mono90.T.T.G.F}$PEPTIDE1,PEPTIDE1,1:R1-7:R2$$$",-7.27700000,ok,,flexible
"PEPTIDE1{Me_dA.D.dP.P.P.T.V}$PEPTIDE1,PEPTIDE1,1:R1-7:R2$$$",-6.80100000,ok,,flexible
"PEPTIDE1{dV.T.Mono84.dP.G.P.dP}$PEPTIDE1,PEPTIDE1,1:R1-7:R2$$$",-6.29400000,ok,,flexible
"PEPTIDE1{Pr_Gly.dP.meY.Me_dL.Mono6.P.dP}$PEPTIDE1,PEPTIDE1,1:R1-7:R2$$$",-5.96100000,ok,,flexible
"PEPTIDE1{Pr_Gly.T.meL.dP.Ser(tBu).meA.P}$PEPTIDE1,PEPTIDE1,1:R1-7:R2$$$",-5.37500000,ok,,flexible
"PEPTIDE1{F.Me_Nle.L.P.dP.P.Nle}$PEPTIDE1,PEPTIDE1,1:R1-7:R2$$$",-5.80300000,ok,,flexible
"PEPTIDE1{Me_dA.meA.meY.P.dP.dP.Me_dL}$PEPTIDE1,PEPTIDE1,1:R1-7:R2$$$",-6.85400000,ok,,flexible
"PEPTIDE1{A.P.meL.I.F.T.Mono84}$PEPTIDE1,PEPTIDE1,1:R1-7:R2$$$",-6.33500000,ok,,flexible
"PEPTIDE1{A.L.F.Mono38.D.dP.Sar}$PEPTIDE1,PEPTIDE1,1:R1-7:R2$$$",-5.80900000,ok,,flexible
"PEPTIDE1{dV.Me_dAbu.meL.Phe(4-CF3).dP.Sar.G}$PEPTIDE1,PEPTIDE1,1:R1-7:R2$$$",-7.13100000,ok,,flexible
"PEPTIDE1{Me_Bal.meL.F.D.Me_Phe(3-Cl).dP.V}$PEPTIDE1,PEPTIDE1,1:R1-7:R2$$$",-5.92400000,ok,,flexible
"PEPTIDE1{Me_dA.P.P.Y.T.F.I}$PEPTIDE1,PEPTIDE1,1:R1-7:R2$$$",-6.42400000,ok,,flexible
"PEPTIDE1{Me_Bal.dPye.I.meL.P.T.Me_Phe(3-Cl)}$PEPTIDE1,PEPTIDE1,1:R1-7:R2$$$",-5.97700000,ok,,flexible
"PEPTIDE1{Mono6.meL.meY.Me_Nle.T.dP.T}$PEPTIDE1,PEPTIDE1,1:R1-7:R2$$$",-6.37500000,ok,,flexible
"PEPTIDE1{dA.meF.meY.Me_dAbu.P.T.F}$PEPTIDE1,PEPTIDE1,1:R1-7:R2$$$",-6.97300000,ok,,flexible
"PEPTIDE1{dF.pentyl_Gly.meL.L.P.Ser(tBu).T}$PEPTIDE1,PEPTIDE1,1:R1-7:R2$$$",-5.11600000,ok,,flexible
"PEPTIDE1{dV.P.I.P.P.F.dP}$PEPTIDE1,PEPTIDE1,1:R1-7:R2$$$",-6.47900000,ok,,flexible
"PEPTIDE1{dP.P.dP.meL.D.Y.dY}$PEPTIDE1,PEPTIDE1,1:R1-7:R2$$$",-6.81700000,ok,,flexible
"PEPTIDE1{Mono6.P.T.dP.Me_Phe(3-Cl).G.Y}$PEPTIDE1,PEPTIDE1,1:R1-7:R2$$$",-6.55200000,ok,,flexible
"PEPTIDE1{meL.P.T.P.dP.F.D}$PEPTIDE1,PEPTIDE1,1:R1-7:R2$$$",-7.41500000,ok,,flexible
"PEPTIDE1{Me_dA.meA.dP.T.T.P.Y}$PEPTIDE1,PEPTIDE1,1:R1-7:R2$$$",-6.21100000,ok,,flexible
"PEPTIDE1{Sar.dP.F.T.T.meL.P}$PEPTIDE1,PEPTIDE1,1:R1-7:R2$$$",-6.44600000,ok,,flexible
"PEPTIDE1{Me_Bal.dP.meL.T.V.P.F}$PEPTIDE1,PEPTIDE1,1:R1-7:R2$$$",-6.36800000,ok,,flexible
"PEPTIDE1{dV.dP.P.T.L.P.F}$PEPTIDE1,PEPTIDE1,1:R1-7:R2$$$",-6.69500000,ok,,flexible
"PEPTIDE1{Me_Bal.dP.F.T.Me_Phe(3-Cl).I.meL}$PEPTIDE1,PEPTIDE1,1:R1-7:R2$$$",-5.87000000,ok,,flexible
"PEPTIDE1{dV.Me_dA.Me_dAbu.meL.pentyl_Gly.P.T}$PEPTIDE1,PEPTIDE1,1:R1-7:R2$$$",-5.72900000,ok,,flexible
"PEPTIDE1{meA.P.T.F.G.P.G}$PEPTIDE1,PEPTIDE1,1:R1-7:R2$$$",-7.42800000,ok,,flexible
"PEPTIDE1{meA.T.T.P.F.I.G}$PEPTIDE1,PEPTIDE1,1:R1-7:R2$$$",-5.81500000,ok,,flexible
"PEPTIDE1{P.Pr_Gly.T.F.dA.Y.Me_dL}$PEPTIDE1,PEPTIDE1,1:R1-7:R2$$$",-5.62400000,ok,,flexible
"PEPTIDE1{Me_Bal.A.dP.Me_dA.P.F.T}$PEPTIDE1,PEPTIDE1,1:R1-7:R2$$$",-7.22600000,ok,,flexible
"PEPTIDE1{Pr_Gly.Me_dL.T.meL.D.P.P}$PEPTIDE1,PEPTIDE1,1:R1-7:R2$$$",-5.62300000,ok,,flexible
"PEPTIDE1{Me_Bal.T.A.Me_dL.dL.meL.P}$PEPTIDE1,PEPTIDE1,1:R1-7:R2$$$",-5.77200000,ok,,flexible
"PEPTIDE1{Me_Bal.meL.dP.P.G.dP.Phe(4-CF3)}$PEPTIDE1,PEPTIDE1,1:R1-7:R2$$$",-6.79200000,ok,,flexible
"PEPTIDE1{Mono6.dP.Y.P.G.F.meL}$PEPTIDE1,PEPTIDE1,1:R1-7:R2$$$",-7.35800000,ok,,flexible
"PEPTIDE1{meA.dV.dP.F.Me_dL.Y.meL}$PEPTIDE1,PEPTIDE1,1:R1-7:R2$$$",-5.94400000,ok,,flexible
"PEPTIDE1{dF.meL.meA.L.Ser(tBu).T.I}$PEPTIDE1,PEPTIDE1,1:R1-7:R2$$$",-5.48100000,ok,,flexible
"PEPTIDE1{Me_dA.P.F.dP.T.meL.T}$PEPTIDE1,PEPTIDE1,1:R1-7:R2$$$",-6.19800000,ok,,flexible
"PEPTIDE1{A.T.dP.Me_dL.P.Y.Me_Phe(3-Cl)}$PEPTIDE1,PEPTIDE1,1:R1-7:R2$$$",-6.49500000,ok,,flexible
"PEPTIDE1{dA.P.I.V.T.G.P}$PEPTIDE1,PEPTIDE1,1:R1-7:R2$$$",-6.69400000,ok,,flexible
"PEPTIDE1{F.Et_Gly.I.Me_Phe(3-Cl).Asp_piperidide.P.P}$PEPTIDE1,PEPTIDE1,1:R1-7:R2$$$",-5.95600000,ok,,flexible
"PEPTIDE1{meA.P.F.Me_dL.T.I.dL}$PEPTIDE1,PEPTIDE1,1:R1-7:R2$$$",-6.07600000,ok,,flexible
"PEPTIDE1{Me_Bal.L.Mono84.P.D.A.I}$PEPTIDE1,PEPTIDE1,1:R1-7:R2$$$",-6.46600000,ok,,flexible
"PEPTIDE1{dP.Me_dA.F.Me_dL.G.dL.I}$PEPTIDE1,PEPTIDE1,1:R1-7:R2$$$",-6.40200000,ok,,flexible
"PEPTIDE1{P.dA.Aib.meF.T.Ser(tBu).A}$PEPTIDE1,PEPTIDE1,1:R1-7:R2$$$",-6.41000000,ok,,flexible
"PEPTIDE1{dF.L.T.Me_dA.meL.T.F}$PEPTIDE1,PEPTIDE1,1:R1-7:R2$$$",-5.55300000,ok,,flexible
"PEPTIDE1{meA.meL.P.Asp_piperidide.P.D.P}$PEPTIDE1,PEPTIDE1,1:R1-7:R2$$$",-6.75200000,ok,,flexible
"PEPTIDE1{Me_dA.meA.dP.dP.P.G.P}$PEPTIDE1,PEPTIDE1,1:R1-7:R2$$$",-7.45700000,ok,,flexible
"PEPTIDE1{Me_Bal.Mono84.Me_Phe(3-Cl).I.dP.P.P}$PEPTIDE1,PEPTIDE1,1:R1-7:R2$$$",-6.47400000,ok,,flexible
"PEPTIDE1{Mono6.T.L.Mono84.G.P.P}$PEPTIDE1,PEPTIDE1,1:R1-7:R2$$$",-7.06700000,ok,,flexible
"PEPTIDE1{P.T.dA.P.pentyl_Gly.Mono84.Ser(tBu)}$PEPTIDE1,PEPTIDE1,1:R1-7:R2$$$",-5.86500000,ok,,flexible
"PEPTIDE1{dV.meF.dP.Phe(4-CF3).Me_Phe(3-Cl).Ala(5-Tet).meL}$PEPTIDE1,PEPTIDE1,1:R1-7:R2$$$",-6.37000000,ok,,flexible
"PEPTIDE1{Me_Bal.T.Et_Gly.T.P.Asp_piperidide.meL}$PEPTIDE1,PEPTIDE1,1:R1-7:R2$$$",-5.46100000,ok,,flexible
"PEPTIDE1{dA.L.dP.Me_dL.meL.P.F}$PEPTIDE1,PEPTIDE1,1:R1-7:R2$$$",-5.99300000,ok,,flexible
"PEPTIDE1{dP.Pr_Gly.T.G.Asp_piperidide.P.F}$PEPTIDE1,PEPTIDE1,1:R1-7:R2$$$",-6.38100000,ok,,flexible
"PEPTIDE1{Mono6.Asp_piperidide.Me_Phe(3-Cl).P.T.dP.P}$PEPTIDE1,PEPTIDE1,1:R1-7:R2$$$",-6.90900000,ok,,flexible
"PEPTIDE1{P.Pr_Gly.Me_dA.dF.F.Mono6.dP}$PEPTIDE1,PEPTIDE1,1:R1-7:R2$$$",-6.69600000,ok,,flexible
"PEPTIDE1{L.P.P.G.dP.D.Me_Phe(3-Cl)}$PEPTIDE1,PEPTIDE1,1:R1-7:R2$$$",-7.25400000,ok,,flexible
"PEPTIDE1{Mono6.dP.D.G.F.dP.meL}$PEPTIDE1,PEPTIDE1,1:R1-7:R2$$$",-7.01900000,ok,,flexible
"PEPTIDE1{Mono6.G.Asp_piperidide.Pr_Gly.dP.Et_Gly.P}$PEPTIDE1,PEPTIDE1,1:R1-7:R2$$$",-6.24000000,ok,,flexible
"PEPTIDE1{dV.Me_dL.meL.F.P.dP.P}$PEPTIDE1,PEPTIDE1,1:R1-7:R2$$$",-6.47900000,ok,,flexible
"PEPTIDE1{dA.Me_dA.T.Pr_Gly.F.Y.G}$PEPTIDE1,PEPTIDE1,1:R1-7:R2$$$",-7.13900000,ok,,flexible
"PEPTIDE1{Me_dA.dP.A.meL.Pr_Gly.F.meY}$PEPTIDE1,PEPTIDE1,1:R1-7:R2$$$",-6.20100000,ok,,flexible
"PEPTIDE1{dF.cHexCH2_Gly.Ser(tBu).P.dP.L.T}$PEPTIDE1,PEPTIDE1,1:R1-7:R2$$$",-6.25100000,ok,,flexible
"PEPTIDE1{Mono6.dP.meL.dL.Me_dL.G.I}$PEPTIDE1,PEPTIDE1,1:R1-7:R2$$$",-6.39500000,ok,,flexible
"PEPTIDE1{dV.T.P.dP.Me_Phe(3-Cl).meL.G}$PEPTIDE1,PEPTIDE1,1:R1-7:R2$$$",-6.49800000,ok,,flexible
"PEPTIDE1{Mono6.Pr_Gly.meL.dP.F.T.Me_dL}$PEPTIDE1,PEPTIDE1,1:R1-7:R2$$$",-6.31300000,ok,,flexible
"PEPTIDE1{Mono6.dP.G.V.P.I.Me_dL}$PEPTIDE1,PEPTIDE1,1:R1-7:R2$$$",-6.25500000,ok,,flexible
"PEPTIDE1{Me_Bal.dV.dP.P.I.V.L}$PEPTIDE1,PEPTIDE1,1:R1-7:R2$$$",-6.85200000,ok,,flexible
"PEPTIDE1{Me_Bal.V.D.P.Me_dL.meY.T}$PEPTIDE1,PEPTIDE1,1:R1-7:R2$$$",-6.49900000,ok,,flexible
"PEPTIDE1{dA.Aib.F.Me_Phe(3-Cl).G.P.meA}$PEPTIDE1,PEPTIDE1,1:R1-7:R2$$$",-6.61000000,ok,,flexible
"PEPTIDE1{dA.meL.P.A.T.dP.P}$PEPTIDE1,PEPTIDE1,1:R1-7:R2$$$",-6.92000000,ok,,flexible
"PEPTIDE1{A.meA.P.P.Me_dL.meY.G}$PEPTIDE1,PEPTIDE1,1:R1-7:R2$$$",-6.99300000,ok,,flexible
"PEPTIDE1{A.Me_dL.F.T.meL.P.I}$PEPTIDE1,PEPTIDE1,1:R1-7:R2$$$",-5.88300000,ok,,flexible
"PEPTIDE1{Me_dA.dL.meA.F.I.L.T}$PEPTIDE1,PEPTIDE1,1:R1-7:R2$$$",-5.88500000,ok,,flexible
"PEPTIDE1{dV.dP.T.P.I.Phe(4-CF3).L}$PEPTIDE1,PEPTIDE1,1:R1-7:R2$$$",-5.71900000,ok,,flexible
"PEPTIDE1{Me_Bal.dP.Me_dL.Me_Phe(3-Cl).T.G.F}$PEPTIDE1,PEPTIDE1,1:R1-7:R2$$$",-6.61200000,ok,,flexible
"PEPTIDE1{Pr_Gly.P.meL.meY.T.Me_dL.dP}$PEPTIDE1,PEPTIDE1,1:R1-7:R2$$$",-5.56800000,ok,,flexible
"PEPTIDE1{Me_Bal.F.I.L.Me_Phe(3-Cl).P.A}$PEPTIDE1,PEPTIDE1,1:R1-7:R2$$$",-6.42900000,ok,,flexible
"PEPTIDE1{Me_dA.meL.P.dP.P.P.T}$PEPTIDE1,PEPTIDE1,1:R1-7:R2$$$",-7.29400000,ok,,flexible
"PEPTIDE1{meA.Sar.meL.P.I.P.F}$PEPTIDE1,PEPTIDE1,1:R1-7:R2$$$",-6.61600000,ok,,flexible
"PEPTIDE1{A.G.Y.G.P.F.meL}$PEPTIDE1,PEPTIDE1,1:R1-7:R2$$$",-7.03700000,ok,,flexible
"PEPTIDE1{Me_Bal.F.T.Me_dL.G.meL.L}$PEPTIDE1,PEPTIDE1,1:R1-7:R2$$$",-5.61800000,ok,,flexible
"PEPTIDE1{Me_dA.F.Me_Phe(3-Cl).dP.dY.G.T}$PEPTIDE1,PEPTIDE1,1:R1-7:R2$$$",-6.74900000,ok,,flexible
"PEPTIDE1{dF.L.Mono86.Me_Phe(3-Cl).P.dP.I}$PEPTIDE1,PEPTIDE1,1:R1-7:R2$$$",-6.82900000,ok,,flexible
"PEPTIDE1{F.Mono38.Mono78.L.Me_Phe(3-Cl).T.dP}$PEPTIDE1,PEPTIDE1,1:R1-7:R2$$$",-6.98600000,ok,,flexible
"PEPTIDE1{dA.L.meA.F.dP.T.T}$PEPTIDE1,PEPTIDE1,1:R1-7:R2$$$",-6.23000000,ok,,flexible
"PEPTIDE1{P.Me_dL.Asp_piperidide.T.F.meL.Et_Gly}$PEPTIDE1,PEPTIDE1,1:R1-7:R2$$$",-5.26200000,ok,,flexible
"PEPTIDE1{Me_Bal.G.I.dP.P.Y.P}$PEPTIDE1,PEPTIDE1,1:R1-7:R2$$$",-6.89200000,ok,,flexible
"PEPTIDE1{dA.Sar.A.dP.pentyl_Gly.F.meA}$PEPTIDE1,PEPTIDE1,1:R1-7:R2$$$",-7.20900000,ok,,flexible
"PEPTIDE1{meA.D.P.P.dP.G.meL}$PEPTIDE1,PEPTIDE1,1:R1-7:R2$$$",-6.11200000,ok,,flexible
"PEPTIDE1{Me_dA.T.dP.F.meL.G.dP}$PEPTIDE1,PEPTIDE1,1:R1-7:R2$$$",-6.70600000,ok,,flexible
"PEPTIDE1{F.T.meL.dP.Me_Phe(3-Cl).T.Et_Gly}$PEPTIDE1,PEPTIDE1,1:R1-7:R2$$$",-6.31600000,ok,,flexible
"PEPTIDE1{A.Me_dA.meA.dL.P.F.Me_Phe(3-Cl)}$PEPTIDE1,PEPTIDE1,1:R1-7:R2$$$",-6.77800000,ok,,flexible
"PEPTIDE1{meA.Me_dL.Pr_Gly.Ser(tBu).dP.Y.P}$PEPTIDE1,PEPTIDE1,1:R1-7:R2$$$",-6.77800000,ok,,flexible
"PEPTIDE1{Me_dA.meA.Mono78.G.A.P.I}$PEPTIDE1,PEPTIDE1,1:R1-7:R2$$$",-6.88100000,ok,,flexible
"PEPTIDE1{L.P.Phe(4-CF3).P.meL.D.F}$PEPTIDE1,PEPTIDE1,1:R1-7:R2$$$",-6.28200000,ok,,flexible
"PEPTIDE1{A.F.dP.I.dL.Me_dL.P}$PEPTIDE1,PEPTIDE1,1:R1-7:R2$$$",-5.53100000,ok,,flexible
"PEPTIDE1{L.meL.T.D.F.Y.G}$PEPTIDE1,PEPTIDE1,1:R1-7:R2$$$",-5.76200000,ok,,flexible
"PEPTIDE1{Me_Bal.dP.meL.T.P.L.Mono84}$PEPTIDE1,PEPTIDE1,1:R1-7:R2$$$",-6.41100000,ok,,flexible
"PEPTIDE1{dF.cHexCH2_Gly.meL.P.dP.meF.dP}$PEPTIDE1,PEPTIDE1,1:R1-7:R2$$$",-7.13300000,ok,,flexible
"PEPTIDE1{Me_dA.F.T.Y.Me_dL.P.G}$PEPTIDE1,PEPTIDE1,1:R1-7:R2$$$",-6.51300000,ok,,flexible
"PEPTIDE1{F.Mono38.I.Me_Phe(3-Cl).dP.P.A}$PEPTIDE1,PEPTIDE1,1:R1-7:R2$$$",-6.12600000,ok,,flexible
"PEPTIDE1{Mono6.dP.G.Asp_piperidide.Y.Phe(4-CF3).P}$PEPTIDE1,PEPTIDE1,1:R1-7:R2$$$",-6.92600000,ok,,flexible
"PEPTIDE1{Pr_Gly.T.P.meL.Asp_piperidide.dP.Me_Phe(3-Cl)}$PEPTIDE1,PEPTIDE1,1:R1-7:R2$$$",-6.14000000,ok,,flexible
"PEPTIDE1{dF.dA.dL.F.T.dV.Me_dL}$PEPTIDE1,PEPTIDE1,1:R1-7:R2$$$",-5.75300000,ok,,flexible
"PEPTIDE1{Me_dA.meF.dP.P.L.F.meA}$PEPTIDE1,PEPTIDE1,1:R1-7:R2$$$",-6.51200000,ok,,flexible
"PEPTIDE1{A.P.T.meA.G.F.dP}$PEPTIDE1,PEPTIDE1,1:R1-7:R2$$$",-6.64900000,ok,,flexible
"PEPTIDE1{Me_dA.meY.meL.T.dP.dP.Asp_piperidide}$PEPTIDE1,PEPTIDE1,1:R1-7:R2$$$",-6.45000000,ok,,flexible
"PEPTIDE1{F.A.T.Ser(tBu).dF.I.Me_Phe(3-Cl)}$PEPTIDE1,PEPTIDE1,1:R1-7:R2$$$",-6.34800000,ok,,flexible
"PEPTIDE1{dF.D.P.I.Me_Phe(3-Cl).P.F}$PEPTIDE1,PEPTIDE1,1:R1-7:R2$$$",-6.37500000,ok,,flexible
"PEPTIDE1{Me_dA.Me_dL.meL.P.F.dP.I}$PEPTIDE1,PEPTIDE1,1:R1-7:R2$$$",-5.81000000,ok,,flexible
"PEPTIDE1{F.Me_dA.D.dP.T.P.meL}$PEPTIDE1,PEPTIDE1,1:R1-7:R2$$$",-6.11800000,ok,,flexible
"PEPTIDE1{Me_Bal.dP.Me_Phe(3-Cl).P.G.T.I}$PEPTIDE1,PEPTIDE1,1:R1-7:R2$$$",-7.16900000,ok,,flexible
"PEPTIDE1{Me_Bal.Me_dA.P.L.Ser(tBu).Y.dP}$PEPTIDE1,PEPTIDE1,1:R1-7:R2$$$",-6.64100000,ok,,flexible
"PEPTIDE1{dF.T.Me_Phe(3-Cl).dP.P.F.dP}$PEPTIDE1,PEPTIDE1,1:R1-7:R2$$$",-6.99700000,ok,,flexible
"PEPTIDE1{P.F.T.A.dL.P.L}$PEPTIDE1,PEPTIDE1,1:R1-7:R2$$$",-6.76600000,ok,,flexible
"PEPTIDE1{Me_Bal.F.Me_Phe(3-Cl).Phe(4-CF3).V.I.meL}$PEPTIDE1,PEPTIDE1,1:R1-7:R2$$$",-5.27200000,ok,,flexible
"PEPTIDE1{L.dP.dP.T.P.Phe(4-CF3).P}$PEPTIDE1,PEPTIDE1,1:R1-7:R2$$$",-6.57600000,ok,,flexible
"PEPTIDE1{L.F.dP.Phe(4-CF3).P.I.T}$PEPTIDE1,PEPTIDE1,1:R1-7:R2$$$",-6.62100000,ok,,flexible
"PEPTIDE1{Me_dA.dP.P.Sar.T.meL.I}$PEPTIDE1,PEPTIDE1,1:R1-7:R2$$$",-6.58800000,ok,,flexible
"PEPTIDE1{meA.I.T.meL.Me_dL.D.dP}$PEPTIDE1,PEPTIDE1,1:R1-7:R2$$$",-6.02700000,ok,,flexible
"PEPTIDE1{dV.dP.I.G.F.D.P}$PEPTIDE1,PEPTIDE1,1:R1-7:R2$$$",-6.28400000,ok,,flexible
"PEPTIDE1{A.F.Sar.G.P.dP.meL}$PEPTIDE1,PEPTIDE1,1:R1-7:R2$$$",-6.89200000,ok,,flexible
"PEPTIDE1{Mono6.F.P.dP.I.G.D}$PEPTIDE1,PEPTIDE1,1:R1-7:R2$$$",-6.89200000,ok,,flexible
"PEPTIDE1{dA.T.V.dP.meL.P.P}$PEPTIDE1,PEPTIDE1,1:R1-7:R2$$$",-6.45100000,ok,,flexible
"PEPTIDE1{Mono6.G.dP.H.T.Me_Phe(3-Cl).F}$PEPTIDE1,PEPTIDE1,1:R1-7:R2$$$",-7.81900000,ok,,flexible
"PEPTIDE1{Me_Bal.meA.Me_dL.dP.T.meY.P}$PEPTIDE1,PEPTIDE1,1:R1-7:R2$$$",-6.18000000,ok,,flexible
"PEPTIDE1{L.T.P.P.G.meL.dP}$PEPTIDE1,PEPTIDE1,1:R1-7:R2$$$",-6.31600000,ok,,flexible
"PEPTIDE1{dA.dP.P.D.P.I.G}$PEPTIDE1,PEPTIDE1,1:R1-7:R2$$$",-6.36100000,ok,,flexible
"PEPTIDE1{A.T.G.meL.D.dP.F}$PEPTIDE1,PEPTIDE1,1:R1-7:R2$$$",-6.25400000,ok,,flexible
"PEPTIDE1{Me_Bal.T.I.dP.T.D.meL}$PEPTIDE1,PEPTIDE1,1:R1-7:R2$$$",-6.24000000,ok,,flexible
"PEPTIDE1{Me_dA.D.F.dP.P.G.V}$PEPTIDE1,PEPTIDE1,1:R1-7:R2$$$",-6.98900000,ok,,flexible
"PEPTIDE1{dF.I.Me_Phe(3-Cl).meL.G.D.P}$PEPTIDE1,PEPTIDE1,1:R1-7:R2$$$",-6.43800000,ok,,flexible
"PEPTIDE1{A.Y.P.T.dP.D.Phe(4-CF3)}$PEPTIDE1,PEPTIDE1,1:R1-7:R2$$$",-6.87400000,ok,,flexible
"PEPTIDE1{Me_dA.P.meL.P.meY.dP.T}$PEPTIDE1,PEPTIDE1,1:R1-7:R2$$$",-6.76800000,ok,,flexible
"PEPTIDE1{F.P.V.I.P.L.G}$PEPTIDE1,PEPTIDE1,1:R1-7:R2$$$",-5.99100000,ok,,flexible
"PEPTIDE1{Mono6.Me_dA.P.Asp_piperidide.dP.dP.T}$PEPTIDE1,PEPTIDE1,1:R1-7:R2$$$",-7.60600000,ok,,flexible
"PEPTIDE1{dF.Mono6.meL.T.T.F.Asp_piperidide}$PEPTIDE1,PEPTIDE1,1:R1-7:R2$$$",-5.90500000,ok,,flexible
"PEPTIDE1{Me_dA.cHexCH2_Gly.I.dP.Me_Phe(3-Cl).F.G}$PEPTIDE1,PEPTIDE1,1:R1-7:R2$$$",-6.28100000,ok,,flexible
"PEPTIDE1{A.Sar.L.F.meL.V.dP}$PEPTIDE1,PEPTIDE1,1:R1-7:R2$$$",-7.07700000,ok,,flexible
"PEPTIDE1{meA.T.dP.Nle.P.F.G}$PEPTIDE1,PEPTIDE1,1:R1-7:R2$$$",-6.53500000,ok,,flexible
"PEPTIDE1{Me_Bal.dP.P.F.P.T.G}$PEPTIDE1,PEPTIDE1,1:R1-7:R2$$$",-6.79300000,ok,,flexible
"PEPTIDE1{dA.meL.P.L.dL.P.G}$PEPTIDE1,PEPTIDE1,1:R1-7:R2$$$",-6.01100000,ok,,flexible
"PEPTIDE1{A.Me_dA.Me_Phe(3-Cl).L.P.P.Me_dL}$PEPTIDE1,PEPTIDE1,1:R1-7:R2$$$",-6.03700000,ok,,flexible
"PEPTIDE1{Me_dA.F.meL.P.T.T.I}$PEPTIDE1,PEPTIDE1,1:R1-7:R2$$$",-6.62800000,ok,,flexible
"PEPTIDE1{Mono6.L.meF.P.dP.Me_Phe(3-Cl).T}$PEPTIDE1,PEPTIDE1,1:R1-7:R2$$$",-6.23700000,ok,,flexible
"PEPTIDE1{dA.I.meA.L.dL.meL.G}$PEPTIDE1,PEPTIDE1,1:R1-7:R2$$$",-5.18400000,ok,,flexible
"PEPTIDE1{dV.dP.P.P.T.F.dP}$PEPTIDE1,PEPTIDE1,1:R1-7:R2$$$",-7.39700000,ok,,flexible
"PEPTIDE1{dA.meL.P.F.I.Me_dL.L}$PEPTIDE1,PEPTIDE1,1:R1-7:R2$$$",-5.84400000,ok,,flexible
"PEPTIDE1{dF.P.P.I.P.V.dP}$PEPTIDE1,PEPTIDE1,1:R1-7:R2$$$",-6.93100000,ok,,flexible
"PEPTIDE1{Pr_Gly.L.Et_Gly.P.3Pal.dP.Asp_piperidide}$PEPTIDE1,PEPTIDE1,1:R1-7:R2$$$",-5.70400000,ok,,flexible
"PEPTIDE1{Me_dA.F.T.P.meL.pentyl_Gly.Mono6}$PEPTIDE1,PEPTIDE1,1:R1-7:R2$$$",-6.08400000,ok,,flexible
"PEPTIDE1{meA.T.A.dP.P.Me_Phe(3-Cl).F}$PEPTIDE1,PEPTIDE1,1:R1-7:R2$$$",-6.67900000,ok,,flexible
"PEPTIDE1{Me_Bal.meL.T.Me_Phe(3-Cl).P.G.P}$PEPTIDE1,PEPTIDE1,1:R1-7:R2$$$",-6.45800000,ok,,flexible
"PEPTIDE1{dF.T.P.Mono34.Et_Gly.Me_Phe(3-Cl).meL}$PEPTIDE1,PEPTIDE1,1:R1-7:R2$$$",-5.93500000,ok,,flexible
"PEPTIDE1{Me_Bal.meA.Me_dA.dP.dP.T.Me_Phe(3-Cl)}$PEPTIDE1,PEPTIDE1,1:R1-7:R2$$$",-7.34400000,ok,,flexible
"PEPTIDE1{Mono6.T.Me_Phe(3-Cl).G.dP.meL.Y}$PEPTIDE1,PEPTIDE1,1:R1-7:R2$$$",-6.64100000,ok,,flexible
"PEPTIDE1{A.P.dP.D.Y.P.T}$PEPTIDE1,PEPTIDE1,1:R1-7:R2$$$",-7.07100000,ok,,flexible
"PEPTIDE1{A.F.I.Y.P.T.T}$PEPTIDE1,PEPTIDE1,1:R1-7:R2$$$",-7.05300000,ok,,flexible
"PEPTIDE1{dV.pentyl_Gly.P.T.cHexCH2_Gly.G.Mono84}$PEPTIDE1,PEPTIDE1,1:R1-7:R2$$$",-6.86500000,ok,,flexible
"PEPTIDE1{dA.dP.T.P.F.meL.dP}$PEPTIDE1,PEPTIDE1,1:R1-7:R2$$$",-7.39900000,ok,,flexible
"PEPTIDE1{A.T.D.P.dP.Me_Phe(3-Cl).Y}$PEPTIDE1,PEPTIDE1,1:R1-7:R2$$$",-6.51400000,ok,,flexible
"PEPTIDE1{P.meA.T.meL.F.meF.dP}$PEPTIDE1,PEPTIDE1,1:R1-7:R2$$$",-6.66000000,ok,,flexible
"PEPTIDE1{dA.meA.P.dP.T.G.Me_dL}$PEPTIDE1,PEPTIDE1,1:R1-7:R2$$$",-7.20800000,ok,,flexible
"PEPTIDE1{P.meF.L.dP.Sar.P.Y}$PEPTIDE1,PEPTIDE1,1:R1-7:R2$$$",-7.69200000,ok,,flexible
"PEPTIDE1{F.meL.dP.3Pal.P.Me_Phe(3-Cl).T}$PEPTIDE1,PEPTIDE1,1:R1-7:R2$$$",-6.97600000,ok,,flexible
"PEPTIDE1{Mono6.I.T.dP.P.Me_Phe(3-Cl).Nle}$PEPTIDE1,PEPTIDE1,1:R1-7:R2$$$",-6.17600000,ok,,flexible
"PEPTIDE1{Me_dA.T.meA.meL.Sar.Mono84.F}$PEPTIDE1,PEPTIDE1,1:R1-7:R2$$$",-6.86000000,ok,,flexible
"PEPTIDE1{meA.D.V.Me_dL.P.I.T}$PEPTIDE1,PEPTIDE1,1:R1-7:R2$$$",-5.35100000,ok,,flexible
"PEPTIDE1{A.dP.L.T.P.P.I}$PEPTIDE1,PEPTIDE1,1:R1-7:R2$$$",-6.50100000,ok,,flexible
"PEPTIDE1{meA.G.P.P.T.F.I}$PEPTIDE1,PEPTIDE1,1:R1-7:R2$$$",-6.36600000,ok,,flexible
"PEPTIDE1{meA.Me_dL.P.P.dP.dP.D}$PEPTIDE1,PEPTIDE1,1:R1-7:R2$$$",-6.81400000,ok,,flexible
"PEPTIDE1{Me_Bal.meA.L.I.A.Et_Gly.T}$PEPTIDE1,PEPTIDE1,1:R1-7:R2$$$",-6.02100000,ok,,flexible
"PEPTIDE1{dA.P.V.meL.G.I.P}$PEPTIDE1,PEPTIDE1,1:R1-7:R2$$$",-6.22000000,ok,,flexible
"PEPTIDE1{P.T.I.dP.P.meL.G}$PEPTIDE1,PEPTIDE1,1:R1-7:R2$$$",-5.90600000,ok,,flexible
"PEPTIDE1{Me_dA.meL.L.P.T.I.F}$PEPTIDE1,PEPTIDE1,1:R1-7:R2$$$",-5.54600000,ok,,flexible
"PEPTIDE1{meA.A.P.Me_dA.G.T.Ser(tBu)}$PEPTIDE1,PEPTIDE1,1:R1-7:R2$$$",-6.92700000,ok,,flexible
"PEPTIDE1{Me_Bal.F.dP.I.P.T.D}$PEPTIDE1,PEPTIDE1,1:R1-7:R2$$$",-6.32400000,ok,,flexible
"PEPTIDE1{meA.F.meL.P.T.Me_Phe(3-Cl).D}$PEPTIDE1,PEPTIDE1,1:R1-7:R2$$$",-6.41200000,ok,,flexible
"PEPTIDE1{Pr_Gly.meD.Asp_piperidide.P.dP.dP.T}$PEPTIDE1,PEPTIDE1,1:R1-7:R2$$$",-6.27900000,ok,,flexible
"PEPTIDE1{Me_dA.T.G.F.Y.I.P}$PEPTIDE1,PEPTIDE1,1:R1-7:R2$$$",-6.51800000,ok,,flexible
"PEPTIDE1{Me_Bal.P.I.Me_dL.meL.T.Ser(tBu)}$PEPTIDE1,PEPTIDE1,1:R1-7:R2$$$",-5.60600000,ok,,flexible
"PEPTIDE1{dF.pentyl_Gly.dL.Mono84.T.I.F}$PEPTIDE1,PEPTIDE1,1:R1-7:R2$$$",-5.28700000,ok,,flexible
"PEPTIDE1{F.P.I.P.G.T.T}$PEPTIDE1,PEPTIDE1,1:R1-7:R2$$$",-6.57000000,ok,,flexible
"PEPTIDE1{dV.Et_Gly.Mono6.F.P.G.dP}$PEPTIDE1,PEPTIDE1,1:R1-7:R2$$$",-6.45400000,ok,,flexible
"PEPTIDE1{Me_Bal.dP.Me_Phe(3-Cl).dP.meL.G.I}$PEPTIDE1,PEPTIDE1,1:R1-7:R2$$$",-7.29800000,ok,,flexible
"PEPTIDE1{Mono6.Ser(tBu).dP.meL.I.L.T}$PEPTIDE1,PEPTIDE1,1:R1-7:R2$$$",-5.34300000,ok,,flexible
"PEPTIDE1{P.A.dL.Me_dA.F.meL.Me_dL}$PEPTIDE1,PEPTIDE1,1:R1-7:R2$$$",-5.89300000,ok,,flexible
"PEPTIDE1{meA.Me_dA.dP.meY.P.T.Asp_piperidide}$PEPTIDE1,PEPTIDE1,1:R1-7:R2$$$",-6.52200000,ok,,flexible
"PEPTIDE1{Me_Bal.meL.F.I.P.meA.Mono86}$PEPTIDE1,PEPTIDE1,1:R1-7:R2$$$",-6.19200000,ok,,flexible
"PEPTIDE1{dV.Me_Phe(3-Cl).F.Phe(4-CF3).I.T.meL}$PEPTIDE1,PEPTIDE1,1:R1-7:R2$$$",-5.90700000,ok,,flexible
"PEPTIDE1{F.P.A.L.dP.Nle.T}$PEPTIDE1,PEPTIDE1,1:R1-7:R2$$$",-5.53700000,ok,,flexible
"PEPTIDE1{Mono6.T.P.Asp_piperidide.D.meL.Y}$PEPTIDE1,PEPTIDE1,1:R1-7:R2$$$",-5.77900000,ok,,flexible
"PEPTIDE1{Me_dA.A.Mono38.I.cHexCH2_Gly.L.meL}$PEPTIDE1,PEPTIDE1,1:R1-7:R2$$$",-5.86000000,ok,,flexible
"PEPTIDE1{Me_dA.dP.P.meY.Me_dAbu.P.meL}$PEPTIDE1,PEPTIDE1,1:R1-7:R2$$$",-6.75200000,ok,,flexible
"PEPTIDE1{Me_Bal.Me_dA.dP.G.Me_Phe(3-Cl).Y.P}$PEPTIDE1,PEPTIDE1,1:R1-7:R2$$$",-7.54300000,ok,,flexible
"PEPTIDE1{dF.meL.T.Mono86.cHexCH2_Gly.Ser(tBu).Mono84}$PEPTIDE1,PEPTIDE1,1:R1-7:R2$$$",-6.19000000,ok,,flexible
"PEPTIDE1{Mono6.meL.dP.P.dP.T.Me_dL}$PEPTIDE1,PEPTIDE1,1:R1-7:R2$$$",-6.36100000,ok,,flexible
"PEPTIDE1{A.L.dP.I.P.P.Me_Phe(3-Cl)}$PEPTIDE1,PEPTIDE1,1:R1-7:R2$$$",-6.48300000,ok,,flexible
"PEPTIDE1{dV.Me_dA.T.Me_dL.dP.P.V}$PEPTIDE1,PEPTIDE1,1:R1-7:R2$$$",-5.87200000,ok,,flexible
"PEPTIDE1{A.T.Me_dA.P.I.dP.meY}$PEPTIDE1,PEPTIDE1,1:R1-7:R2$$$",-6.49700000,ok,,flexible
"PEPTIDE1{dV.Me_dA.dP.Me_Phe(3-Cl).F.G.F}$PEPTIDE1,PEPTIDE1,1:R1-7:R2$$$",-6.50000000,ok,,flexible
"PEPTIDE1{dA.Me_dA.dP.T.P.Me_dL.G}$PEPTIDE1,PEPTIDE1,1:R1-7:R2$$$",-6.36700000,ok,,flexible
"PEPTIDE1{dV.Asp_piperidide.dP.meL.D.dP.G}$PEPTIDE1,PEPTIDE1,1:R1-7:R2$$$",-6.22800000,ok,,flexible
"PEPTIDE1{Mono6.Me_dL.P.Y.meY.dP.dP}$PEPTIDE1,PEPTIDE1,1:R1-7:R2$$$",-6.32300000,ok,,flexible
"PEPTIDE1{dV.meY.Me_dA.Me_dL.P.meL.P}$PEPTIDE1,PEPTIDE1,1:R1-7:R2$$$",-6.13900000,ok,,flexible
"PEPTIDE1{dA.F.Me_dL.Me_Phe(3-Cl).T.meL.dP}$PEPTIDE1,PEPTIDE1,1:R1-7:R2$$$",-5.83700000,ok,,flexible
"PEPTIDE1{dV.Me_dL.P.D.meL.Me_dL.dP}$PEPTIDE1,PEPTIDE1,1:R1-7:R2$$$",-6.19200000,ok,,flexible
"PEPTIDE1{Me_dA.A.Mono84.Me_Phe(3-Cl).F.L.Me_Nle}$PEPTIDE1,PEPTIDE1,1:R1-7:R2$$$",-5.82600000,ok,,flexible
"PEPTIDE1{meA.V.meF.Me_dL.F.dF.I}$PEPTIDE1,PEPTIDE1,1:R1-7:R2$$$",-6.08900000,ok,,flexible
"PEPTIDE1{meA.meL.A.T.Me_dL.P.Ser(tBu)}$PEPTIDE1,PEPTIDE1,1:R1-7:R2$$$",-5.92000000,ok,,flexible
"PEPTIDE1{dA.P.G.meL.dP.Phe(4-CF3).P}$PEPTIDE1,PEPTIDE1,1:R1-7:R2$$$",-6.98900000,ok,,flexible
"PEPTIDE1{meA.T.P.V.I.P.L}$PEPTIDE1,PEPTIDE1,1:R1-7:R2$$$",-5.88000000,ok,,flexible
"PEPTIDE1{dA.L.T.meL.Me_dA.dP.P}$PEPTIDE1,PEPTIDE1,1:R1-7:R2$$$",-6.42300000,ok,,flexible
"PEPTIDE1{A.D.P.V.meL.P.T}$PEPTIDE1,PEPTIDE1,1:R1-7:R2$$$",-6.45000000,ok,,flexible
"PEPTIDE1{dP.Y.dP.P.meL.G.meY}$PEPTIDE1,PEPTIDE1,1:R1-7:R2$$$",-6.58700000,ok,,flexible
"PEPTIDE1{meA.P.Me_dA.dP.Asp_piperidide.Y.P}$PEPTIDE1,PEPTIDE1,1:R1-7:R2$$$",-7.64500000,ok,,flexible
"PEPTIDE1{Me_dA.dP.T.P.T.F.D}$PEPTIDE1,PEPTIDE1,1:R1-7:R2$$$",-6.64300000,ok,,flexible
"PEPTIDE1{dA.P.P.F.G.I.dP}$PEPTIDE1,PEPTIDE1,1:R1-7:R2$$$",-7.03800000,ok,,flexible
"PEPTIDE1{dF.dP.L.Nle.T.F.Me_Phe(3-Cl)}$PEPTIDE1,PEPTIDE1,1:R1-7:R2$$$",-6.04900000,ok,,flexible
"PEPTIDE1{dA.A.T.dP.Me_dA.meA.meL}$PEPTIDE1,PEPTIDE1,1:R1-7:R2$$$",-6.89800000,ok,,flexible
"PEPTIDE1{Me_dA.dP.Mono6.meY.T.meL.G}$PEPTIDE1,PEPTIDE1,1:R1-7:R2$$$",-6.28000000,ok,,flexible
"PEPTIDE1{P.meA.meL.Me_dL.T.T.dP}$PEPTIDE1,PEPTIDE1,1:R1-7:R2$$$",-6.51200000,ok,,flexible
"PEPTIDE1{Me_dA.Asp_piperidide.P.meL.G.F.T}$PEPTIDE1,PEPTIDE1,1:R1-7:R2$$$",-6.28600000,ok,,flexible
"PEPTIDE1{Me_dA.meL.Me_dL.G.I.meY.dP}$PEPTIDE1,PEPTIDE1,1:R1-7:R2$$$",-6.23300000,ok,,flexible
"PEPTIDE1{L.A.dP.P.dP.Phe(4-CF3).meL}$PEPTIDE1,PEPTIDE1,1:R1-7:R2$$$",-6.09000000,ok,,flexible
"PEPTIDE1{dV.Me_dA.dP.Me_Phe(3-Cl).F.Me_dL.meL}$PEPTIDE1,PEPTIDE1,1:R1-7:R2$$$",-6.13900000,ok,,flexible
"PEPTIDE1{dV.T.G.G.meL.P.P}$PEPTIDE1,PEPTIDE1,1:R1-7:R2$$$",-6.39600000,ok,,flexible
"PEPTIDE1{Me_Bal.dP.L.A.Me_Phe(3-Cl).dL.T}$PEPTIDE1,PEPTIDE1,1:R1-7:R2$$$",-6.97800000,ok,,flexible
"PEPTIDE1{P.L.F.Asp_piperidide.Phe(4-CF3).T.Y}$PEPTIDE1,PEPTIDE1,1:R1-7:R2$$$",-5.47000000,ok,,flexible
"PEPTIDE1{Me_Bal.Aib.Asp_piperidide.F.Me_Phe(3-Cl).T.dP}$PEPTIDE1,PEPTIDE1,1:R1-7:R2$$$",-6.89900000,ok,,flexible
"PEPTIDE1{dA.meA.dP.Me_Phe(3-Cl).I.Y.P}$PEPTIDE1,PEPTIDE1,1:R1-7:R2$$$",-6.50700000,ok,,flexible
"PEPTIDE1{F.P.T.Mono84.Nle.P.G}$PEPTIDE1,PEPTIDE1,1:R1-7:R2$$$",-7.23700000,ok,,flexible
"PEPTIDE1{dV.P.T.meY.G.dP.D}$PEPTIDE1,PEPTIDE1,1:R1-7:R2$$$",-6.46900000,ok,,flexible
"PEPTIDE1{dP.Mono6.meL.dP.Me_dL.P.F}$PEPTIDE1,PEPTIDE1,1:R1-7:R2$$$",-6.16800000,ok,,flexible
"PEPTIDE1{Me_Bal.L.P.I.Me_Phe(3-Cl).dP.T}$PEPTIDE1,PEPTIDE1,1:R1-7:R2$$$",-6.50600000,ok,,flexible
"PEPTIDE1{A.F.L.meL.dL.I.F}$PEPTIDE1,PEPTIDE1,1:R1-7:R2$$$",21.37000000,ok,,flexible
"PEPTIDE1{meA.T.F.P.L.dL.Me_Phe(3-Cl)}$PEPTIDE1,PEPTIDE1,1:R1-7:R2$$$",-6.60200000,ok,,flexible
"PEPTIDE1{Pr_Gly.P.Me_Phe(3-Cl).Ser(tBu).meL.dP.T}$PEPTIDE1,PEPTIDE1,1:R1-7:R2$$$",-5.83000000,ok,,flexible
"PEPTIDE1{Mono6.D.V.F.P.I.dP}$PEPTIDE1,PEPTIDE1,1:R1-7:R2$$$",-6.66700000,ok,,flexible
"PEPTIDE1{A.G.P.P.dP.D.meL}$PEPTIDE1,PEPTIDE1,1:R1-7:R2$$$",-6.89600000,ok,,flexible
"PEPTIDE1{P.Me_dA.T.Me_dL.meL.F.Mono7}$PEPTIDE1,PEPTIDE1,1:R1-7:R2$$$",-5.80700000,ok,,flexible
"PEPTIDE1{Mono6.Me_Nle.meY.dP.Nle.T.P}$PEPTIDE1,PEPTIDE1,1:R1-7:R2$$$",-5.95300000,ok,,flexible
"PEPTIDE1{dP.I.dL.L.meA.A.F}$PEPTIDE1,PEPTIDE1,1:R1-7:R2$$$",-5.86800000,ok,,flexible
"PEPTIDE1{Mono6.Sar.dP.meL.F.P.G}$PEPTIDE1,PEPTIDE1,1:R1-7:R2$$$",-6.99100000,ok,,flexible
"PEPTIDE1{P.Aib.Me_dA.T.Pr_Gly.Me_Phe(3-Cl).meL}$PEPTIDE1,PEPTIDE1,1:R1-7:R2$$$",-6.15300000,ok,,flexible
"PEPTIDE1{Me_dA.Pr_Gly.Ser(tBu).Me_Nle.F.T.dP}$PEPTIDE1,PEPTIDE1,1:R1-7:R2$$$",-5.49800000,ok,,flexible
"PEPTIDE1{Me_Bal.meA.dP.F.dP.T.G}$PEPTIDE1,PEPTIDE1,1:R1-7:R2$$$",-7.23600000,ok,,flexible
"PEPTIDE1{Sar.T.meF.I.T.Me_dL.meL}$PEPTIDE1,PEPTIDE1,1:R1-7:R2$$$",-5.54600000,ok,,flexible
"PEPTIDE1{Mono6.Me_dL.meY.dP.P.G.Y}$PEPTIDE1,PEPTIDE1,1:R1-7:R2$$$",-6.81000000,ok,,flexible
"PEPTIDE1{Mono6.P.dP.F.meL.T.Y}$PEPTIDE1,PEPTIDE1,1:R1-7:R2$$$",-7.48400000,ok,,flexible
"PEPTIDE1{Me_dA.Me_Nle.P.dP.L.F.dP}$PEPTIDE1,PEPTIDE1,1:R1-7:R2$$$",-6.30900000,ok,,flexible
"PEPTIDE1{dF.Abu.Asp_piperidide.F.T.Et_Gly.meL}$PEPTIDE1,PEPTIDE1,1:R1-7:R2$$$",-6.43100000,ok,,flexible
"PEPTIDE1{dA.dP.Me_Phe(3-Cl).dP.P.G.F}$PEPTIDE1,PEPTIDE1,1:R1-7:R2$$$",-7.05500000,ok,,flexible
"PEPTIDE1{Me_Bal.T.P.meY.P.G.meL}$PEPTIDE1,PEPTIDE1,1:R1-7:R2$$$",-6.48600000,ok,,flexible
"PEPTIDE1{Me_dA.P.dP.G.D.I.Y}$PEPTIDE1,PEPTIDE1,1:R1-7:R2$$$",-6.84400000,ok,,flexible
"PEPTIDE1{Me_dA.P.T.P.Asp_piperidide.Me_dL.G}$PEPTIDE1,PEPTIDE1,1:R1-7:R2$$$",-6.40000000,ok,,flexible
"PEPTIDE1{Me_Bal.T.P.meL.dP.G.P}$PEPTIDE1,PEPTIDE1,1:R1-7:R2$$$",-7.36900000,ok,,flexible
"PEPTIDE1{Me_dA.T.P.Me_Phe(3-Cl).dP.F.meL}$PEPTIDE1,PEPTIDE1,1:R1-7:R2$$$",-6.36300000,ok,,flexible
"PEPTIDE1{Me_Bal.meL.Me_dA.T.Me_Phe(3-Cl).P.T}$PEPTIDE1,PEPTIDE1,1:R1-7:R2$$$",-6.95400000,ok,,flexible
"PEPTIDE1{dA.meL.F.Me_Phe(3-Cl).P.P.I}$PEPTIDE1,PEPTIDE1,1:R1-7:R2$$$",-6.47000000,ok,,flexible
"PEPTIDE1{Sar.meL.V.dL.T.P.F}$PEPTIDE1,PEPTIDE1,1:R1-7:R2$$$",-6.50800000,ok,,flexible
"PEPTIDE1{dV.dP.T.G.I.G.P}$PEPTIDE1,PEPTIDE1,1:R1-7:R2$$$",-7.24500000,ok,,flexible
"PEPTIDE1{meL.dP.F.G.Phe(4-CF3).I.D}$PEPTIDE1,PEPTIDE1,1:R1-7:R2$$$",-6.35200000,ok,,flexible
"PEPTIDE1{dV.dP.Phe(4-CF3).P.D.P.G}$PEPTIDE1,PEPTIDE1,1:R1-7:R2$$$",-7.26600000,ok,,flexible
"PEPTIDE1{meA.A.T.Sar.P.F.dP}$PEPTIDE1,PEPTIDE1,1:R1-7:R2$$$",-6.81400000,ok,,flexible
"PEPTIDE1{A.G.meL.D.Me_Phe(3-Cl).F.Y}$PEPTIDE1,PEPTIDE1,1:R1-7:R2$$$",-6.13900000,ok,,flexible
"PEPTIDE1{meA.Me_dA.meL.Me_dL.P.P.Me_Phe(3-Cl)}$PEPTIDE1,PEPTIDE1,1:R1-7:R2$$$",-6.52700000,ok,,flexible
"PEPTIDE1{Me_Bal.dL.Me_dL.Pr_Gly.P.Me_Phe(3-Cl).meL}$PEPTIDE1,PEPTIDE1,1:R1-7:R2$$$",-5.61100000,ok,,flexible
"PEPTIDE1{Me_dA.T.cHexCH2_Gly.Mono38.P.dP.Ser(tBu)}$PEPTIDE1,PEPTIDE1,1:R1-7:R2$$$",-6.49600000,ok,,flexible
"PEPTIDE1{Pr_Gly.F.A.Ser(tBu).P.Nle.meA}$PEPTIDE1,PEPTIDE1,1:R1-7:R2$$$",-6.01800000,ok,,flexible
"PEPTIDE1{Me_dA.A.dP.meA.meL.Me_dL.Me_Phe(3-Cl)}$PEPTIDE1,PEPTIDE1,1:R1-7:R2$$$",-6.61300000,ok,,flexible
"PEPTIDE1{A.I.T.meL.V.G.Me_dL}$PEPTIDE1,PEPTIDE1,1:R1-7:R2$$$",-5.57300000,ok,,flexible
"PEPTIDE1{dF.meY.P.Me_dL.meL.dP.Mono6}$PEPTIDE1,PEPTIDE1,1:R1-7:R2$$$",-6.55400000,ok,,flexible
"PEPTIDE1{dA.dP.meA.G.F.P.Me_Phe(3-Cl)}$PEPTIDE1,PEPTIDE1,1:R1-7:R2$$$",-7.28500000,ok,,flexible
"PEPTIDE1{Mono6.P.T.F.D.Y.dP}$PEPTIDE1,PEPTIDE1,1:R1-7:R2$$$",-7.06900000,ok,,flexible
"PEPTIDE1{P.G.Me_dL.meA.T.dP.Ser(tBu)}$PEPTIDE1,PEPTIDE1,1:R1-7:R2$$$",-5.99900000,ok,,flexible
"PEPTIDE1{meA.meL.T.dP.F.Me_dL.V}$PEPTIDE1,PEPTIDE1,1:R1-7:R2$$$",-5.77100000,ok,,flexible
"PEPTIDE1{dP.P.T.meL.Y.Asp_piperidide.G}$PEPTIDE1,PEPTIDE1,1:R1-7:R2$$$",-5.81700000,ok,,flexible
"PEPTIDE1{dA.P.F.T.dP.V.Me_dL}$PEPTIDE1,PEPTIDE1,1:R1-7:R2$$$",-6.18500000,ok,,flexible
"PEPTIDE1{dA.Me_Phe(3-Cl).P.I.G.P.T}$PEPTIDE1,PEPTIDE1,1:R1-7:R2$$$",-7.35800000,ok,,flexible
"PEPTIDE1{Pr_Gly.dP.dP.P.Me_Phe(3-Cl).G.T}$PEPTIDE1,PEPTIDE1,1:R1-7:R2$$$",-6.91200000,ok,,flexible
"PEPTIDE1{meA.Sar.I.V.P.T.Mono86}$PEPTIDE1,PEPTIDE1,1:R1-7:R2$$$",-5.44600000,ok,,flexible
"PEPTIDE1{meA.Me_dA.A.dF.meF.T.F}$PEPTIDE1,PEPTIDE1,1:R1-7:R2$$$",-6.05400000,ok,,flexible
"PEPTIDE1{dP.dL.Me_dL.T.meF.meL.Phe(4-CF3)}$PEPTIDE1,PEPTIDE1,1:R1-7:R2$$$",-6.04100000,ok,,flexible
"PEPTIDE1{dV.dP.Me_dL.Asp_piperidide.meL.F.P}$PEPTIDE1,PEPTIDE1,1:R1-7:R2$$$",-6.09200000,ok,,flexible
"PEPTIDE1{Mono6.meF.F.I.meL.Mono86.Nle}$PEPTIDE1,PEPTIDE1,1:R1-7:R2$$$",-6.04800000,ok,,flexible
"PEPTIDE1{Me_Bal.L.F.I.Phe(4-CF3).P.P}$PEPTIDE1,PEPTIDE1,1:R1-7:R2$$$",-6.30500000,ok,,flexible
"PEPTIDE1{dV.P.P.I.dP.F.T}$PEPTIDE1,PEPTIDE1,1:R1-7:R2$$$",-6.68300000,ok,,flexible
"PEPTIDE1{Me_dA.meL.T.I.P.Ser(tBu).meA}$PEPTIDE1,PEPTIDE1,1:R1-7:R2$$$",-5.57300000,ok,,flexible
"PEPTIDE1{meA.Me_dA.T.dP.F.P.Me_Phe(3-Cl)}$PEPTIDE1,PEPTIDE1,1:R1-7:R2$$$",-6.46000000,ok,,flexible
"PEPTIDE1{dV.P.I.Me_Phe(3-Cl).T.P.V}$PEPTIDE1,PEPTIDE1,1:R1-7:R2$$$",-6.31900000,ok,,flexible
"PEPTIDE1{Me_Bal.P.L.dP.dP.Me_Phe(3-Cl).meA}$PEPTIDE1,PEPTIDE1,1:R1-7:R2$$$",-6.71200000,ok,,flexible
"PEPTIDE1{Me_Bal.dP.T.meY.P.dP.P}$PEPTIDE1,PEPTIDE1,1:R1-7:R2$$$",-7.84100000,ok,,flexible
"PEPTIDE1{Me_dA.Mono6.T.P.meY.dP.P}$PEPTIDE1,PEPTIDE1,1:R1-7:R2$$$",-7.20000000,ok,,flexible
"PEPTIDE1{meA.meF.dP.F.T.P.T}$PEPTIDE1,PEPTIDE1,1:R1-7:R2$$$",-7.03700000,ok,,flexible
"PEPTIDE1{Pr_Gly.L.dP.T.dP.Nle.I}$PEPTIDE1,PEPTIDE1,1:R1-7:R2$$$",-5.73700000,ok,,flexible
"PEPTIDE1{Me_dA.L.A.T.Me_Phe(3-Cl).I.Mono84}$PEPTIDE1,PEPTIDE1,1:R1-7:R2$$$",-6.62600000,ok,,flexible
"PEPTIDE1{meA.P.dP.T.Me_dA.Me_dL.Asp_piperidide}$PEPTIDE1,PEPTIDE1,1:R1-7:R2$$$",-6.01900000,ok,,flexible
"PEPTIDE1{A.T.P.I.L.dP.dA}$PEPTIDE1,PEPTIDE1,1:R1-7:R2$$$",-6.47900000,ok,,flexible
"PEPTIDE1{Me_dA.D.dP.F.P.P.T}$PEPTIDE1,PEPTIDE1,1:R1-7:R2$$$",-6.89200000,ok,,flexible
"PEPTIDE1{dA.T.F.dP.Me_dL.meL.P}$PEPTIDE1,PEPTIDE1,1:R1-7:R2$$$",-5.66800000,ok,,flexible
"PEPTIDE1{meA.T.P.Mono86.P.L.Ser(tBu)}$PEPTIDE1,PEPTIDE1,1:R1-7:R2$$$",-5.93700000,ok,,flexible
"PEPTIDE1{Me_Bal.pentyl_Gly.A.P.F.dP.T}$PEPTIDE1,PEPTIDE1,1:R1-7:R2$$$",-6.35300000,ok,,flexible
"PEPTIDE1{meA.T.P.meL.F.I.P}$PEPTIDE1,PEPTIDE1,1:R1-7:R2$$$",-6.05200000,ok,,flexible
"PEPTIDE1{A.Y.G.P.P.dP.D}$PEPTIDE1,PEPTIDE1,1:R1-7:R2$$$",-7.19900000,ok,,flexible
"PEPTIDE1{T.meL.pentyl_Gly.P.Mono7.Me_Phe(3-Cl).dP}$PEPTIDE1,PEPTIDE1,1:R1-7:R2$$$",-5.89300000,ok,,flexible
"PEPTIDE1{dP.Asp_piperidide.Me_Phe(3-Cl).P.P.T.Phe(4-CF3)}$PEPTIDE1,PEPTIDE1,1:R1-7:R2$$$",-7.16500000,ok,,flexible
"PEPTIDE1{meA.Sar.P.L.I.dP.F}$PEPTIDE1,PEPTIDE1,1:R1-7:R2$$$",-6.52700000,ok,,flexible
"PEPTIDE1{Sar.G.Me_dA.meA.T.Pr_Gly.Me_dL}$PEPTIDE1,PEPTIDE1,1:R1-7:R2$$$",-6.16600000,ok,,flexible
"PEPTIDE1{meA.dP.meY.P.P.F.G}$PEPTIDE1,PEPTIDE1,1:R1-7:R2$$$",-7.33400000,ok,,flexible
"PEPTIDE1{Me_Bal.Pr_Gly.Me_Phe(3-Cl).P.P.dP.T}$PEPTIDE1,PEPTIDE1,1:R1-7:R2$$$",-6.38100000,ok,,flexible
"PEPTIDE1{Me_Bal.dY.dP.P.F.P.G}$PEPTIDE1,PEPTIDE1,1:R1-7:R2$$$",-7.07600000,ok,,flexible
"PEPTIDE1{Me_dA.Me_dL.dP.Me_Phe(3-Cl).Me_Nle.P.meL}$PEPTIDE1,PEPTIDE1,1:R1-7:R2$$$",-6.25100000,ok,,flexible
"PEPTIDE1{dV.dP.P.F.D.dP.P}$PEPTIDE1,PEPTIDE1,1:R1-7:R2$$$",-7.89900000,ok,,flexible
"PEPTIDE1{A.Me_Phe(3-Cl).meA.Ser(tBu).T.meL.dP}$PEPTIDE1,PEPTIDE1,1:R1-7:R2$$$",-6.42400000,ok,,flexible
"PEPTIDE1{dV.P.meL.Me_Phe(3-Cl).dP.G.T}$PEPTIDE1,PEPTIDE1,1:R1-7:R2$$$",-5.85800000,ok,,flexible
"PEPTIDE1{dA.Pr_Gly.P.P.A.I.L}$PEPTIDE1,PEPTIDE1,1:R1-7:R2$$$",-5.89200000,ok,,flexible
"PEPTIDE1{dF.meL.P.G.F.T.Me_Phe(3-Cl)}$PEPTIDE1,PEPTIDE1,1:R1-7:R2$$$",-6.43400000,ok,,flexible
"PEPTIDE1{Mono6.P.P.dP.dP.Me_Phe(3-Cl).meL}$PEPTIDE1,PEPTIDE1,1:R1-7:R2$$$",-7.33500000,ok,,flexible
"PEPTIDE1{Me_Bal.cHexCH2_Gly.meA.P.Ser(tBu).F.dP}$PEPTIDE1,PEPTIDE1,1:R1-7:R2$$$",-7.03000000,ok,,flexible
"PEPTIDE1{Me_dA.P.dP.P.Y.Phe(4-CF3).Sar}$PEPTIDE1,PEPTIDE1,1:R1-7:R2$$$",-7.36300000,ok,,flexible
"PEPTIDE1{dA.T.D.dP.F.G.P}$PEPTIDE1,PEPTIDE1,1:R1-7:R2$$$",-6.81100000,ok,,flexible
"PEPTIDE1{F.pentyl_Gly.P.L.T.I.Me_Phe(3-Cl)}$PEPTIDE1,PEPTIDE1,1:R1-7:R2$$$",-5.80500000,ok,,flexible
"PEPTIDE1{Me_dA.Pr_Gly.meY.P.Y.Me_dL.Mono6}$PEPTIDE1,PEPTIDE1,1:R1-7:R2$$$",-6.24800000,ok,,flexible
"PEPTIDE1{Me_Bal.meA.meL.Asp_piperidide.Mono6.Pr_Gly.T}$PEPTIDE1,PEPTIDE1,1:R1-7:R2$$$",-6.39000000,ok,,flexible
"PEPTIDE1{meA.V.Ser(tBu).dP.A.I.P}$PEPTIDE1,PEPTIDE1,1:R1-7:R2$$$",-6.32700000,ok,,flexible
"PEPTIDE1{dF.T.F.dP.P.G.I}$PEPTIDE1,PEPTIDE1,1:R1-7:R2$$$",-6.89400000,ok,,flexible
"PEPTIDE1{dA.Pr_Gly.P.P.dP.F.G}$PEPTIDE1,PEPTIDE1,1:R1-7:R2$$$",-6.71700000,ok,,flexible
"PEPTIDE1{dP.G.meY.Y.dP.T.meL}$PEPTIDE1,PEPTIDE1,1:R1-7:R2$$$",-6.79000000,ok,,flexible
"PEPTIDE1{dF.cHexCH2_Gly.P.Me_Phe(3-Cl).T.dP.I}$PEPTIDE1,PEPTIDE1,1:R1-7:R2$$$",-6.01200000,ok,,flexible
"PEPTIDE1{A.T.cHexCH2_Gly.dP.Me_dL.dP.T}$PEPTIDE1,PEPTIDE1,1:R1-7:R2$$$",-6.21000000,ok,,flexible
"PEPTIDE1{Me_dA.G.T.meL.G.dP.F}$PEPTIDE1,PEPTIDE1,1:R1-7:R2$$$",-6.22500000,ok,,flexible
"PEPTIDE1{Me_Bal.I.T.D.F.P.dP}$PEPTIDE1,PEPTIDE1,1:R1-7:R2$$$",-6.05100000,ok,,flexible
"PEPTIDE1{dA.P.F.D.T.G.G}$PEPTIDE1,PEPTIDE1,1:R1-7:R2$$$",-6.80200000,ok,,flexible
"PEPTIDE1{dA.dP.Y.G.T.meL.D}$PEPTIDE1,PEPTIDE1,1:R1-7:R2$$$",-6.08400000,ok,,flexible
"PEPTIDE1{A.P.V.F.P.I.T}$PEPTIDE1,PEPTIDE1,1:R1-7:R2$$$",-5.94800000,ok,,flexible
"PEPTIDE1{Me_Bal.Me_dL.Sar.T.P.I.V}$PEPTIDE1,PEPTIDE1,1:R1-7:R2$$$",-5.83800000,ok,,flexible
"PEPTIDE1{dP.T.meA.Mono6.T.P.Asp_piperidide}$PEPTIDE1,PEPTIDE1,1:R1-7:R2$$$",-6.09200000,ok,,flexible
"PEPTIDE1{Me_Bal.T.G.dP.D.F.P}$PEPTIDE1,PEPTIDE1,1:R1-7:R2$$$",-6.97100000,ok,,flexible
"PEPTIDE1{Me_Bal.T.P.G.Nle.3Pal.I}$PEPTIDE1,PEPTIDE1,1:R1-7:R2$$$",-5.65900000,ok,,flexible
"PEPTIDE1{Me_Bal.dP.meY.G.dP.P.T}$PEPTIDE1,PEPTIDE1,1:R1-7:R2$$$",-8.14900000,ok,,flexible
"PEPTIDE1{dF.Mono84.G.dP.F.P.P}$PEPTIDE1,PEPTIDE1,1:R1-7:R2$$$",-7.89400000,ok,,flexible
"PEPTIDE1{A.P.dF.L.T.meL.T}$PEPTIDE1,PEPTIDE1,1:R1-7:R2$$$",-6.15700000,ok,,flexible
"PEPTIDE1{Me_Bal.dP.dP.P.Nle.G.meL}$PEPTIDE1,PEPTIDE1,1:R1-7:R2$$$",-6.36600000,ok,,flexible
"PEPTIDE1{P.dA.meL.Me_Phe(3-Cl).Asp_piperidide.Pr_Gly.F}$PEPTIDE1,PEPTIDE1,1:R1-7:R2$$$",-5.67400000,ok,,flexible
"PEPTIDE1{dA.dP.P.G.T.I.dP}$PEPTIDE1,PEPTIDE1,1:R1-7:R2$$$",-7.58100000,ok,,flexible
"PEPTIDE1{A.L.meA.P.Me_dL.meL.F}$PEPTIDE1,PEPTIDE1,1:R1-7:R2$$$",-6.30200000,ok,,flexible
"PEPTIDE1{meA.Sar.Pr_Gly.Me_Phe(3-Cl).F.I.P}$PEPTIDE1,PEPTIDE1,1:R1-7:R2$$$",-6.26400000,ok,,flexible
"PEPTIDE1{Me_Bal.T.dP.dY.meL.G.Y}$PEPTIDE1,PEPTIDE1,1:R1-7:R2$$$",-6.44100000,ok,,flexible
"PEPTIDE1{Me_dA.dV.I.T.V.P.P}$PEPTIDE1,PEPTIDE1,1:R1-7:R2$$$",-6.04300000,ok,,flexible
"PEPTIDE1{dF.T.Et_Gly.Me_Phe(3-Cl).Asp_piperidide.P.F}$PEPTIDE1,PEPTIDE1,1:R1-7:R2$$$",-6.02100000,ok,,flexible
"PEPTIDE1{dA.Ser(tBu).I.P.dP.T.Me_dL}$PEPTIDE1,PEPTIDE1,1:R1-7:R2$$$",-5.73000000,ok,,flexible
"PEPTIDE1{A.Me_dL.P.Y.dP.I.T}$PEPTIDE1,PEPTIDE1,1:R1-7:R2$$$",-6.15800000,ok,,flexible
"PEPTIDE1{Mono6.meL.T.dP.Phe(4-CF3).F.D}$PEPTIDE1,PEPTIDE1,1:R1-7:R2$$$",-5.76000000,ok,,flexible
"PEPTIDE1{Me_Bal.G.I.F.P.P.D}$PEPTIDE1,PEPTIDE1,1:R1-7:R2$$$",-6.86800000,ok,,flexible
"PEPTIDE1{Mono6.P.dP.Me_Phe(3-Cl).I.Nle.meL}$PEPTIDE1,PEPTIDE1,1:R1-7:R2$$$",-5.75900000,ok,,flexible
"PEPTIDE1{Mono6.P.P.I.meL.P.Me_Phe(3-Cl)}$PEPTIDE1,PEPTIDE1,1:R1-7:R2$$$",-6.52200000,ok,,flexible
"PEPTIDE1{dP.meL.dP.I.G.Me_Phe(3-Cl).Y}$PEPTIDE1,PEPTIDE1,1:R1-7:R2$$$",-6.39600000,ok,,flexible
"PEPTIDE1{A.T.F.V.P.P.Me_dL}$PEPTIDE1,PEPTIDE1,1:R1-7:R2$$$",-6.73000000,ok,,flexible
"PEPTIDE1{dF.L.Ala(5-Tet).meL.P.T.F}$PEPTIDE1,PEPTIDE1,1:R1-7:R2$$$",-6.03200000,ok,,flexible
"PEPTIDE1{A.dA.Phe(4-CF3).Me_dL.Asp_piperidide.T.Me_Phe(3-Cl)}$PEPTIDE1,PEPTIDE1,1:R1-7:R2$$$",-6.49800000,ok,,flexible
"PEPTIDE1{dP.Me_dA.A.Me_dL.T.dF.P}$PEPTIDE1,PEPTIDE1,1:R1-7:R2$$$",-7.08900000,ok,,flexible
"PEPTIDE1{meA.T.Me_dL.F.dP.I.P}$PEPTIDE1,PEPTIDE1,1:R1-7:R2$$$",-5.67800000,ok,,flexible
"PEPTIDE1{A.Pr_Gly.Pr_Gly.I.T.L.D}$PEPTIDE1,PEPTIDE1,1:R1-7:R2$$$",-5.10600000,ok,,flexible
"PEPTIDE1{Me_Bal.F.meL.Me_dA.Ser(tBu).T.dP}$PEPTIDE1,PEPTIDE1,1:R1-7:R2$$$",-6.19100000,ok,,flexible
"PEPTIDE1{dV.Me_dA.G.dP.meL.F.Me_Phe(3-Cl)}$PEPTIDE1,PEPTIDE1,1:R1-7:R2$$$",-6.64900000,ok,,flexible
"PEPTIDE1{dA.P.V.dP.T.I.P}$PEPTIDE1,PEPTIDE1,1:R1-7:R2$$$",-6.56800000,ok,,flexible
"PEPTIDE1{Pr_Gly.dP.T.P.dP.meY.P}$PEPTIDE1,PEPTIDE1,1:R1-7:R2$$$",-6.99900000,ok,,flexible
"PEPTIDE1{meA.cHexCH2_Gly.I.Me_Phe(3-Cl).Mono84.L.dL}$PEPTIDE1,PEPTIDE1,1:R1-7:R2$$$",-6.06100000,ok,,flexible
"PEPTIDE1{Me_Bal.Me_Nle.P.I.P.F.I}$PEPTIDE1,PEPTIDE1,1:R1-7:R2$$$",-5.25500000,ok,,flexible
"PEPTIDE1{L.P.meL.dP.Mono6.pentyl_Gly.F}$PEPTIDE1,PEPTIDE1,1:R1-7:R2$$$",-5.90200000,ok,,flexible
"PEPTIDE1{dF.T.dP.P.dV.dL.meL}$PEPTIDE1,PEPTIDE1,1:R1-7:R2$$$",-6.04800000,ok,,flexible
"PEPTIDE1{Pr_Gly.Mono7.T.Asp_piperidide.Me_Phe(3-Cl).G.P}$PEPTIDE1,PEPTIDE1,1:R1-7:R2$$$",-6.79500000,ok,,flexible
"PEPTIDE1{dA.meF.V.P.P.G.T}$PEPTIDE1,PEPTIDE1,1:R1-7:R2$$$",-6.89100000,ok,,flexible
"PEPTIDE1{dA.T.P.P.L.dP.F}$PEPTIDE1,PEPTIDE1,1:R1-7:R2$$$",-7.06600000,ok,,flexible
"PEPTIDE1{dV.dP.P.meL.P.Me_Phe(3-Cl).dP}$PEPTIDE1,PEPTIDE1,1:R1-7:R2$$$",-7.06000000,ok,,flexible
"PEPTIDE1{dF.dP.P.F.P.I.Me_Phe(3-Cl)}$PEPTIDE1,PEPTIDE1,1:R1-7:R2$$$",-5.97100000,ok,,flexible
"PEPTIDE1{A.Me_dA.G.Me_dL.F.meY.P}$PEPTIDE1,PEPTIDE1,1:R1-7:R2$$$",-6.87000000,ok,,flexible
"PEPTIDE1{meA.T.G.dP.F.Me_Phe(3-Cl).meL}$PEPTIDE1,PEPTIDE1,1:R1-7:R2$$$",-6.62000000,ok,,flexible
"PEPTIDE1{Me_dA.G.P.T.G.P.Sar}$PEPTIDE1,PEPTIDE1,1:R1-7:R2$$$",-6.68900000,ok,,flexible
"PEPTIDE1{A.Me_dL.P.F.L.T.meA}$PEPTIDE1,PEPTIDE1,1:R1-7:R2$$$",-6.26700000,ok,,flexible
"PEPTIDE1{A.Y.T.G.P.dY.meL}$PEPTIDE1,PEPTIDE1,1:R1-7:R2$$$",-7.14800000,ok,,flexible
"PEPTIDE1{Me_Bal.Me_dA.dP.V.A.meA.Pr_Gly}$PEPTIDE1,PEPTIDE1,1:R1-7:R2$$$",-6.44400000,ok,,flexible
"PEPTIDE1{A.P.I.T.Me_Phe(3-Cl).Y.P}$PEPTIDE1,PEPTIDE1,1:R1-7:R2$$$",-6.60900000,ok,,flexible
"PEPTIDE1{dV.P.meL.I.P.P.T}$PEPTIDE1,PEPTIDE1,1:R1-7:R2$$$",-6.65400000,ok,,flexible
"PEPTIDE1{F.A.L.dL.Me_Phe(3-Cl).G.P}$PEPTIDE1,PEPTIDE1,1:R1-7:R2$$$",-6.05000000,ok,,flexible
"PEPTIDE1{Me_dA.meA.meL.Me_dL.T.Asp_piperidide.dP}$PEPTIDE1,PEPTIDE1,1:R1-7:R2$$$",-6.95000000,ok,,flexible
"PEPTIDE1{Mono6.T.T.F.Phe(4-CF3).dP.D}$PEPTIDE1,PEPTIDE1,1:R1-7:R2$$$",-6.30600000,ok,,flexible
"PEPTIDE1{dF.Ala(5-Tet).Asp_piperidide.F.T.P.Me_Phe(3-Cl)}$PEPTIDE1,PEPTIDE1,1:R1-7:R2$$$",-6.31700000,ok,,flexible
"PEPTIDE1{Me_dA.T.pentyl_Gly.Me_Phe(3-Cl).P.P.A}$PEPTIDE1,PEPTIDE1,1:R1-7:R2$$$",-6.86700000,ok,,flexible
"PEPTIDE1{A.F.P.Sar.P.dP.T}$PEPTIDE1,PEPTIDE1,1:R1-7:R2$$$",-6.76900000,ok,,flexible
"PEPTIDE1{meA.V.meL.P.P.A.F}$PEPTIDE1,PEPTIDE1,1:R1-7:R2$$$",-6.39100000,ok,,flexible
"PEPTIDE1{Me_dA.dP.T.P.meA.dP.dL}$PEPTIDE1,PEPTIDE1,1:R1-7:R2$$$",-6.83300000,ok,,flexible
"PEPTIDE1{Mono6.A.dP.P.T.Me_dL.P}$PEPTIDE1,PEPTIDE1,1:R1-7:R2$$$",-6.73000000,ok,,flexible
"PEPTIDE1{F.D.G.dP.T.Asp_piperidide.3Pal}$PEPTIDE1,PEPTIDE1,1:R1-7:R2$$$",-6.30200000,ok,,flexible
"PEPTIDE1{dV.P.T.dP.P.Y.G}$PEPTIDE1,PEPTIDE1,1:R1-7:R2$$$",-6.19600000,ok,,flexible
"PEPTIDE1{Me_dA.A.cHexCH2_Gly.dP.T.Sar.P}$PEPTIDE1,PEPTIDE1,1:R1-7:R2$$$",-6.61100000,ok,,flexible
"PEPTIDE1{dA.Me_Phe(3-Cl).Y.dP.G.G.I}$PEPTIDE1,PEPTIDE1,1:R1-7:R2$$$",-6.63600000,ok,,flexible
"PEPTIDE1{meA.L.I.dP.V.T.meL}$PEPTIDE1,PEPTIDE1,1:R1-7:R2$$$",-6.22600000,ok,,flexible
"PEPTIDE1{A.Me_dL.P.Me_Phe(3-Cl).G.G.dP}$PEPTIDE1,PEPTIDE1,1:R1-7:R2$$$",-7.80000000,ok,,flexible
"PEPTIDE1{A.P.Me_dL.meL.F.F.P}$PEPTIDE1,PEPTIDE1,1:R1-7:R2$$$",-6.49900000,ok,,flexible
