helm,vina_score,status,detail,docking_mode
"PEPTIDE1{meA.A.dL.Me_Phe(3-Cl).T.meF.Ser(tBu)}$PEPTIDE1,PEPTIDE1,1:R1-7:R2$$$",-6.14500000,ok,,flexible
"PEPTIDE1{Me_dA.dP.Ser(tBu).P.meA.meI.Me_dL}$PEPTIDE1,PEPTIDE1,1:R1-7:R2$$$",-5.96900000,ok,,flexible
"PEPTIDE1{P.meA.dPye.L.A.Me_dL.Me_dA}$PEPTIDE1,PEPTIDE1,1:R1-7:R2$$$",-6.25000000,ok,,flexible
"PEPTIDE1{dV.Me_dL.Sar.L.meL.Mono84.dP}$PEPTIDE1,PEPTIDE1,1:R1-7:R2$$$",-6.16500000,ok,,flexible
"PEPTIDE1{Me_dA.Me_Nle.T.meL.meF.Ser(tBu).dP}$PEPTIDE1,PEPTIDE1,1:R1-7:R2$$$",-6.31900000,ok,,flexible
"PEPTIDE1{P.A.dL.meL.I.dL.Me_dL}$PEPTIDE1,PEPTIDE1,1:R1-7:R2$$$",-5.41100000,ok,,flexible
"PEPTIDE1{Me_Bal.L.P.Me_dL.V.meA.meF}$PEPTIDE1,PEPTIDE1,1:R1-7:R2$$$",-6.25000000,ok,,flexible
"PEPTIDE1{dF.Me_Nle.P.Mono2.T.dL.I}$PEPTIDE1,PEPTIDE1,1:R1-7:R2$$$",-6.25000000,ok,,flexible
"PEPTIDE1{Me_Bal.P.T.meL.F.dP.T}$PEPTIDE1,PEPTIDE1,1:R1-7:R2$$$",-6.90800000,ok,,flexible
"PEPTIDE1{Me_dA.meA.L.dL.F.Me_dL.F}$PEPTIDE1,PEPTIDE1,1:R1-7:R2$$$",-5.81200000,ok,,flexible
"PEPTIDE1{dV.meF.meL.dP.L.T.cHexCH2_Gly}$PEPTIDE1,PEPTIDE1,1:R1-7:R2$$$",-6.04400000,ok,,flexible
"PEPTIDE1{Mono6.Ser(tBu).meL.T.I.P.P}$PEPTIDE1,PEPTIDE1,1:R1-7:R2$$$",-5.97600000,ok,,flexible
"PEPTIDE1{dA.dP.Me_dL.Ser(tBu).meL.T.T}$PEPTIDE1,PEPTIDE1,1:R1-7:R2$$$",-5.47600000,ok,,flexible
"PEPTIDE1{dA.F.Me_dL.meL.Ser(tBu).A.dP}$PEPTIDE1,PEPTIDE1,1:R1-7:R2$$$",-5.79800000,ok,,flexible
"PEPTIDE1{Pr_Gly.Ser(tBu).3Pal.pentyl_Gly.Me_Nle.Me_Nle.Me_Phe(3-Cl)}$PEPTIDE1,PEPTIDE1,1:R1-7:R2$$$",-4.86400000,ok,,flexible
"PEPTIDE1{A.dL.meL.T.Ser(tBu).dP.L}$PEPTIDE1,PEPTIDE1,1:R1-7:R2$$$",-5.09100000,ok,,flexible
"PEPTIDE1{Me_dA.meL.A.meA.P.I.dV}$PEPTIDE1,PEPTIDE1,1:R1-7:R2$$$",-6.70100000,ok,,flexible
"PEPTIDE1{meA.dL.meY.L.meL.P.dP}$PEPTIDE1,PEPTIDE1,1:R1-7:R2$$$",-6.40600000,ok,,flexible
"PEPTIDE1{dA.Pr_Gly.meL.F.A.L.T}$PEPTIDE1,PEPTIDE1,1:R1-7:R2$$$",-1.36100000,ok,,flexible
"PEPTIDE1{Mono6.meL.Me_Abu.dP.meA.P.Me_dL}$PEPTIDE1,PEPTIDE1,1:R1-7:R2$$$",-5.73600000,ok,,flexible
"PEPTIDE1{F.cHexCH2_Gly.Me_Nle.dP.L.P.Ser(tBu)}$PEPTIDE1,PEPTIDE1,1:R1-7:R2$$$",-5.49300000,ok,,flexible
"PEPTIDE1{A.Me_dL.F.L.P.dP.Mono84}$PEPTIDE1,PEPTIDE1,1:R1-7:R2$$$",-6.74200000,ok,,flexible
"PEPTIDE1{F.Me_dA.meL.meL.T.P.dP}$PEPTIDE1,PEPTIDE1,1:R1-7:R2$$$",-6.66200000,ok,,flexible
"PEPTIDE1{dV.meL.V.T.P.Pr_Gly.F}$PEPTIDE1,PEPTIDE1,1:R1-7:R2$$$",-5.85300000,ok,,flexible
"PEPTIDE1{L.Me_dL.meF.F.meL.Sar.T}$PEPTIDE1,PEPTIDE1,1:R1-7:R2$$$",-5.57700000,ok,,flexible
"PEPTIDE1{meA.T.dP.P.V.Sar.P}$PEPTIDE1,PEPTIDE1,1:R1-7:R2$$$",-6.78700000,ok,,flexible
"PEPTIDE1{Me_Bal.Me_dL.meL.L.V.meA.Bn_Gly}$PEPTIDE1,PEPTIDE1,1:R1-7:R2$$$",-6.21700000,ok,,flexible
"PEPTIDE1{dF.A.meF.cHexCH2_Gly.Me_Nle.L.3Pal}$PEPTIDE1,PEPTIDE1,1:R1-7:R2$$$",-5.52700000,ok,,flexible
"PEPTIDE1{Pr_Gly.Mono38.Me_Nle.T.Ser(tBu).A.meL}$PEPTIDE1,PEPTIDE1,1:R1-7:R2$$$",-5.54600000,ok,,flexible
"PEPTIDE1{A.meL.Sar.meV.P.T.L}$PEPTIDE1,PEPTIDE1,1:R1-7:R2$$$",-5.58400000,ok,,flexible
"PEPTIDE1{dA.meL.L.P.Mono7.P.meF}$PEPTIDE1,PEPTIDE1,1:R1-7:R2$$$",-6.77900000,ok,,flexible
"PEPTIDE1{dV.meL.dP.L.meL.meL.Mono11}$PEPTIDE1,PEPTIDE1,1:R1-7:R2$$$",-4.92300000,ok,,flexible
"PEPTIDE1{meA.pentyl_Gly.Mono86.meY.T.Ser(tBu).F}$PEPTIDE1,PEPTIDE1,1:R1-7:R2$$$",-5.54600000,ok,,flexible
"PEPTIDE1{dV.T.dP.dP.dL.Ser(tBu).L}$PEPTIDE1,PEPTIDE1,1:R1-7:R2$$$",-6.16500000,ok,,flexible
"PEPTIDE1{meL.Me_dA.F.meA.Sar.P.dL}$PEPTIDE1,PEPTIDE1,1:R1-7:R2$$$",-6.51900000,ok,,flexible
"PEPTIDE1{meA.Pr_Gly.meL.P.A.T.Me_Nle}$PEPTIDE1,PEPTIDE1,1:R1-7:R2$$$",-5.32200000,ok,,flexible
"PEPTIDE1{dV.L.T.dP.T.Ser(tBu).meL}$PEPTIDE1,PEPTIDE1,1:R1-7:R2$$$",-5.27300000,ok,,flexible
"PEPTIDE1{Me_Bal.Me_dL.meY.Ser(tBu).P.P.L}$PEPTIDE1,PEPTIDE1,1:R1-7:R2$$$",-6.01800000,ok,,flexible
"PEPTIDE1{Me_dA.F.Me_dL.T.Ser(tBu).V.P}$PEPTIDE1,PEPTIDE1,1:R1-7:R2$$$",-6.13700000,ok,,flexible
"PEPTIDE1{L.meS.meF.T.P.dP.3Pal}$PEPTIDE1,PEPTIDE1,1:R1-7:R2$$$",-5.74300000,ok,,flexible
"PEPTIDE1{Me_dA.Me_dL.Mono6.Ser(tBu).P.meL.meA}$PEPTIDE1,PEPTIDE1,1:R1-7:R2$$$",-6.19200000,ok,,flexible
"PEPTIDE1{Mono6.Ser(tBu).T.meA.meF.P.L}$PEPTIDE1,PEPTIDE1,1:R1-7:R2$$$",-6.13400000,ok,,flexible
"PEPTIDE1{dV.Pr_Gly.L.dP.F.Mono34.meL}$PEPTIDE1,PEPTIDE1,1:R1-7:R2$$$",-5.18000000,ok,,flexible
"PEPTIDE1{Pr_Gly.A.P.L.dL.dP.meA}$PEPTIDE1,PEPTIDE1,1:R1-7:R2$$$",-6.26200000,ok,,flexible
"PEPTIDE1{meL.meS.A.meF.T.L.I}$PEPTIDE1,PEPTIDE1,1:R1-7:R2$$$",-5.82700000,ok,,flexible
"PEPTIDE1{meL.dP.meA.P.L.meL.P}$PEPTIDE1,PEPTIDE1,1:R1-7:R2$$$",-6.52400000,ok,,flexible
"PEPTIDE1{Me_Bal.T.Me_dA.Me_dL.T.P.L}$PEPTIDE1,PEPTIDE1,1:R1-7:R2$$$",-6.24700000,ok,,flexible
"PEPTIDE1{Me_dA.dL.Me_dL.T.Me_dL.meA.L}$PEPTIDE1,PEPTIDE1,1:R1-7:R2$$$",-5.33000000,ok,,flexible
"PEPTIDE1{Me_dA.meA.dL.P.Me_dL.meL.meI}$PEPTIDE1,PEPTIDE1,1:R1-7:R2$$$",-5.18700000,ok,,flexible
"PEPTIDE1{Me_dA.pentyl_Gly.Me_dL.meL.Sar.meV.meA}$PEPTIDE1,PEPTIDE1,1:R1-7:R2$$$",-5.10900000,ok,,flexible
"PEPTIDE1{F.P.Me_dA.T.meL.Me_dL.G}$PEPTIDE1,PEPTIDE1,1:R1-7:R2$$$",-6.28300000,ok,,flexible
"PEPTIDE1{meA.A.Me_dA.Pr_Gly.dL.F.Ser(tBu)}$PEPTIDE1,PEPTIDE1,1:R1-7:R2$$$",-5.71400000,ok,,flexible
"PEPTIDE1{meA.meL.Me_Abu.meF.P.dP.Sar}$PEPTIDE1,PEPTIDE1,1:R1-7:R2$$$",-7.04700000,ok,,flexible
"PEPTIDE1{dV.pentyl_Gly.meA.Me_dL.F.meL.G}$PEPTIDE1,PEPTIDE1,1:R1-7:R2$$$",-5.83800000,ok,,flexible
"PEPTIDE1{dV.P.V.Me_dL.meA.dP.Sar}$PEPTIDE1,PEPTIDE1,1:R1-7:R2$$$",-5.79900000,ok,,flexible
"PEPTIDE1{Me_dA.meA.meL.dL.meF.Me_dL.P}$PEPTIDE1,PEPTIDE1,1:R1-7:R2$$$",-6.24700000,ok,,flexible
"PEPTIDE1{A.Me_dL.Me_dL.dP.P.meA.Ser(tBu)}$PEPTIDE1,PEPTIDE1,1:R1-7:R2$$$",-6.21400000,ok,,flexible
"PEPTIDE1{F.Ser(tBu).T.dP.P.cHexCH2_Gly.meL}$PEPTIDE1,PEPTIDE1,1:R1-7:R2$$$",-5.67200000,ok,,flexible
"PEPTIDE1{Mono6.dP.P.T.Me_dL.meA.Nle}$PEPTIDE1,PEPTIDE1,1:R1-7:R2$$$",-5.67700000,ok,,flexible
"PEPTIDE1{F.P.A.T.Mono86.I.Me_dL}$PEPTIDE1,PEPTIDE1,1:R1-7:R2$$$",-7.11700000,ok,,flexible
"PEPTIDE1{Me_dA.Me_dL.T.L.T.meL.P}$PEPTIDE1,PEPTIDE1,1:R1-7:R2$$$",-5.83400000,ok,,flexible
"PEPTIDE1{meL.meA.A.meY.Ser(tBu).L.Me_dA}$PEPTIDE1,PEPTIDE1,1:R1-7:R2$$$",-5.73000000,ok,,flexible
"PEPTIDE1{Me_Bal.pentyl_Gly.meL.Me_dL.Me_dA.Me_dL.L}$PEPTIDE1,PEPTIDE1,1:R1-7:R2$$$",-5.29600000,ok,,flexible
"PEPTIDE1{Me_dA.Me_Nle.dP.meL.T.Me_dL.T}$PEPTIDE1,PEPTIDE1,1:R1-7:R2$$$",-5.45800000,ok,,flexible
"PEPTIDE1{meA.meL.L.Me_dL.Me_dA.dL.dF}$PEPTIDE1,PEPTIDE1,1:R1-7:R2$$$",-5.21500000,ok,,flexible
"PEPTIDE1{L.T.meF.P.F.T.P}$PEPTIDE1,PEPTIDE1,1:R1-7:R2$$$",-6.10500000,ok,,flexible
"PEPTIDE1{F.Et_Gly.dL.meL.Mono38.Mono86.L}$PEPTIDE1,PEPTIDE1,1:R1-7:R2$$$",-5.68100000,ok,,flexible
"PEPTIDE1{Me_dA.meY.meL.Ser(tBu).T.dPye.T}$PEPTIDE1,PEPTIDE1,1:R1-7:R2$$$",-5.60500000,ok,,flexible
"PEPTIDE1{Me_Bal.A.T.dL.L.Me_dL.dL}$PEPTIDE1,PEPTIDE1,1:R1-7:R2$$$",-6.09300000,ok,,flexible
"PEPTIDE1{dA.meA.dP.Me_dL.P.meL.L}$PEPTIDE1,PEPTIDE1,1:R1-7:R2$$$",-6.18000000,ok,,flexible
"PEPTIDE1{Me_Bal.meA.Me_dL.dA.Me_dA.A.dP}$PEPTIDE1,PEPTIDE1,1:R1-7:R2$$$",-6.53200000,ok,,flexible
"PEPTIDE1{dA.F.dP.L.T.Me_dL.Sar}$PEPTIDE1,PEPTIDE1,1:R1-7:R2$$$",-6.08100000,ok,,flexible
"PEPTIDE1{A.P.L.F.Me_Phe(3-Cl).G.T}$PEPTIDE1,PEPTIDE1,1:R1-7:R2$$$",-6.30200000,ok,,flexible
"PEPTIDE1{Me_dA.meF.meA.dP.Ser(tBu).T.T}$PEPTIDE1,PEPTIDE1,1:R1-7:R2$$$",-6.17700000,ok,,flexible
"PEPTIDE1{meA.T.L.meL.dP.L.P}$PEPTIDE1,PEPTIDE1,1:R1-7:R2$$$",-5.68700000,ok,,flexible
"PEPTIDE1{meL.L.L.T.Mono7.dL.D}$PEPTIDE1,PEPTIDE1,1:R1-7:R2$$$",-4.38000000,ok,,flexible
"PEPTIDE1{meF.Ser(tBu).A.P.P.Me_dA.dP}$PEPTIDE1,PEPTIDE1,1:R1-7:R2$$$",-6.64300000,ok,,flexible
"PEPTIDE1{Me_dA.A.meL.meA.F.L.Ser(tBu)}$PEPTIDE1,PEPTIDE1,1:R1-7:R2$$$",-5.77500000,ok,,flexible
"PEPTIDE1{meA.Sar.dP.P.Me_dL.dL.F}$PEPTIDE1,PEPTIDE1,1:R1-7:R2$$$",-6.85400000,ok,,flexible
"PEPTIDE1{Me_dA.meL.P.A.3Pal.P.T}$PEPTIDE1,PEPTIDE1,1:R1-7:R2$$$",-6.72400000,ok,,flexible
"PEPTIDE1{Me_dA.T.Mono84.meL.L.I.P}$PEPTIDE1,PEPTIDE1,1:R1-7:R2$$$",-5.88200000,ok,,flexible
"PEPTIDE1{Me_Bal.meL.T.L.meA.meF.Ser(tBu)}$PEPTIDE1,PEPTIDE1,1:R1-7:R2$$$",-5.83100000,ok,,flexible
"PEPTIDE1{Me_dA.pentyl_Gly.P.I.meL.3Pal.L}$PEPTIDE1,PEPTIDE1,1:R1-7:R2$$$",-5.62300000,ok,,flexible
"PEPTIDE1{Mono6.meL.F.Asp_piperidide.meL.I.T}$PEPTIDE1,PEPTIDE1,1:R1-7:R2$$$",-5.32400000,ok,,flexible
"PEPTIDE1{F.meL.Mono84.dP.dP.T.L}$PEPTIDE1,PEPTIDE1,1:R1-7:R2$$$",-6.91500000,ok,,flexible
"PEPTIDE1{Me_Bal.pentyl_Gly.T.Ser(tBu).L.Ser(tBu).dP}$PEPTIDE1,PEPTIDE1,1:R1-7:R2$$$",-5.10300000,ok,,flexible
"PEPTIDE1{Me_dA.meA.L.F.meL.T.Me_dL}$PEPTIDE1,PEPTIDE1,1:R1-7:R2$$$",-5.94000000,ok,,flexible
"PEPTIDE1{meA.cHexCH2_Gly.L.A.P.Me_Phe(3-Cl).dP}$PEPTIDE1,PEPTIDE1,1:R1-7:R2$$$",-6.81700000,ok,,flexible
"PEPTIDE1{Mono6.F.T.L.dL.T.Mono84}$PEPTIDE1,PEPTIDE1,1:R1-7:R2$$$",-6.15600000,ok,,flexible
"PEPTIDE1{L.P.meF.Me_dL.meL.Me_Abu.Me_dL}$PEPTIDE1,PEPTIDE1,1:R1-7:R2$$$",-5.71800000,ok,,flexible
"PEPTIDE1{Me_Bal.L.F.Mono84.meL.dP.3Pal}$PEPTIDE1,PEPTIDE1,1:R1-7:R2$$$",-6.17100000,ok,,flexible
"PEPTIDE1{Me_dA.meF.Sar.F.meI.dP.K}$PEPTIDE1,PEPTIDE1,1:R1-7:R2$$$",-6.15500000,ok,,flexible
"PEPTIDE1{Me_dA.Mono38.pentyl_Gly.I.T.F.T}$PEPTIDE1,PEPTIDE1,1:R1-7:R2$$$",-4.94400000,ok,,flexible
"PEPTIDE1{Mono6.Me_dL.Me_dA.dP.P.meL.P}$PEPTIDE1,PEPTIDE1,1:R1-7:R2$$$",-6.75900000,ok,,flexible
"PEPTIDE1{Me_Bal.bHph.3Pal.Asp_piperidide.Mono84.F.L}$PEPTIDE1,PEPTIDE1,1:R1-7:R2$$$",-6.64600000,ok,,flexible
"PEPTIDE1{Mono6.meA.Me_dL.P.Me_dA.Asp_piperidide.dL}$PEPTIDE1,PEPTIDE1,1:R1-7:R2$$$",-6.77200000,ok,,flexible
"PEPTIDE1{dV.T.meL.F.dP.dP.meL}$PEPTIDE1,PEPTIDE1,1:R1-7:R2$$$",-6.50700000,ok,,flexible
"PEPTIDE1{A.T.dP.F.L.P.dP}$PEPTIDE1,PEPTIDE1,1:R1-7:R2$$$",-6.27700000,ok,,flexible
"PEPTIDE1{dA.meF.dP.pentyl_Gly.Ser(tBu).Ser(tBu).L}$PEPTIDE1,PEPTIDE1,1:R1-7:R2$$$",-5.68300000,ok,,flexible
"PEPTIDE1{F.cHexCH2_Gly.L.dL.T.meL.Me_dL}$PEPTIDE1,PEPTIDE1,1:R1-7:R2$$$",-5.90400000,ok,,flexible
"PEPTIDE1{meA.pentyl_Gly.Me_Phe(3-Cl).T.meL.A.Mono84}$PEPTIDE1,PEPTIDE1,1:R1-7:R2$$$",-5.87200000,ok,,flexible
"PEPTIDE1{A.Me_dA.dPye.meL.L.F.T}$PEPTIDE1,PEPTIDE1,1:R1-7:R2$$$",-5.49800000,ok,,flexible
"PEPTIDE1{Mono6.Asp_piperidide.Me_dL.Me_Nle.L.Et_Gly.Me_dA}$PEPTIDE1,PEPTIDE1,1:R1-7:R2$$$",-5.69500000,ok,,flexible
"PEPTIDE1{dV.meF.meL.P.V.F.P}$PEPTIDE1,PEPTIDE1,1:R1-7:R2$$$",-6.05300000,ok,,flexible
"PEPTIDE1{Me_Bal.L.T.F.I.V.G}$PEPTIDE1,PEPTIDE1,1:R1-7:R2$$$",-5.99500000,ok,,flexible
"PEPTIDE1{dF.cHexCH2_Gly.pentyl_Gly.Mono104.Mono84.A.L}$PEPTIDE1,PEPTIDE1,1:R1-7:R2$$$",-5.88700000,ok,,flexible
"PEPTIDE1{Me_dA.Me_dAbu.meL.meF.meS.P.meA}$PEPTIDE1,PEPTIDE1,1:R1-7:R2$$$",-6.20600000,ok,,flexible
"PEPTIDE1{dA.F.dP.meL.Ser(tBu).P.L}$PEPTIDE1,PEPTIDE1,1:R1-7:R2$$$",-5.77100000,ok,,flexible
"PEPTIDE1{dV.iBu_Gly.Ser(tBu).T.meL.V.Mono84}$PEPTIDE1,PEPTIDE1,1:R1-7:R2$$$",-5.73500000,ok,,flexible
"PEPTIDE1{A.meL.F.V.L.meA.dL}$PEPTIDE1,PEPTIDE1,1:R1-7:R2$$$",-5.86100000,ok,,flexible
"PEPTIDE1{dA.L.Me_dL.meA.V.I.P}$PEPTIDE1,PEPTIDE1,1:R1-7:R2$$$",-5.51400000,ok,,flexible
"PEPTIDE1{Me_Bal.F.Me_dA.P.Me_dL.meA.T}$PEPTIDE1,PEPTIDE1,1:R1-7:R2$$$",-6.47200000,ok,,flexible
"PEPTIDE1{Mono6.cHexCH2_Gly.Nle.T.P.Me_Nle.dP}$PEPTIDE1,PEPTIDE1,1:R1-7:R2$$$",-5.66800000,ok,,flexible
"PEPTIDE1{A.V.Me_dL.meF.F.meL.meA}$PEPTIDE1,PEPTIDE1,1:R1-7:R2$$$",-6.36200000,ok,,flexible
"PEPTIDE1{dF.A.dP.F.P.L.T}$PEPTIDE1,PEPTIDE1,1:R1-7:R2$$$",-6.19100000,ok,,flexible
"PEPTIDE1{dA.Me_dL.meA.meL.Me_dL.A.P}$PEPTIDE1,PEPTIDE1,1:R1-7:R2$$$",-5.81200000,ok,,flexible
"PEPTIDE1{dF.Sar.T.Mono7.F.L.dL}$PEPTIDE1,PEPTIDE1,1:R1-7:R2$$$",-6.21600000,ok,,flexible
"PEPTIDE1{Me_dA.A.F.L.meL.dP.G}$PEPTIDE1,PEPTIDE1,1:R1-7:R2$$$",-6.67500000,ok,,flexible
"PEPTIDE1{L.A.dP.dP.Me_dL.dL.meL}$PEPTIDE1,PEPTIDE1,1:R1-7:R2$$$",-5.99600000,ok,,flexible
"PEPTIDE1{Pr_Gly.A.meF.T.L.Me_dL.meL}$PEPTIDE1,PEPTIDE1,1:R1-7:R2$$$",-5.47200000,ok,,flexible
"PEPTIDE1{meL.Mono6.meA.Me_dA.dP.T.P}$PEPTIDE1,PEPTIDE1,1:R1-7:R2$$$",-6.53700000,ok,,flexible
"PEPTIDE1{Mono6.meA.L.T.Asp_piperidide.Me_Nle.A}$PEPTIDE1,PEPTIDE1,1:R1-7:R2$$$",-5.99800000,ok,,flexible
"PEPTIDE1{Me_dA.meL.Ser(tBu).meL.Me_dL.L.F}$PEPTIDE1,PEPTIDE1,1:R1-7:R2$$$",-5.33300000,ok,,flexible
"PEPTIDE1{Pr_Gly.Nle.T.meA.Asp_piperidide.dP.pentyl_Gly}$PEPTIDE1,PEPTIDE1,1:R1-7:R2$$$",-5.10500000,ok,,flexible
"PEPTIDE1{Me_dA.P.T.L.T.P.A}$PEPTIDE1,PEPTIDE1,1:R1-7:R2$$$",-6.61400000,ok,,flexible
"PEPTIDE1{dA.Pr_Gly.Me_dL.A.L.Me_dA.F}$PEPTIDE1,PEPTIDE1,1:R1-7:R2$$$",-6.27100000,ok,,flexible
"PEPTIDE1{meA.meL.dP.Me_dL.P.Me_Abu.Me_dL}$PEPTIDE1,PEPTIDE1,1:R1-7:R2$$$",-6.04400000,ok,,flexible
"PEPTIDE1{meA.P.meL.L.P.dP.pentyl_Gly}$PEPTIDE1,PEPTIDE1,1:R1-7:R2$$$",-5.71600000,ok,,flexible
"PEPTIDE1{P.Pr_Gly.dL.dF.P.Me_dL.Me_dA}$PEPTIDE1,PEPTIDE1,1:R1-7:R2$$$",-6.22200000,ok,,flexible
"PEPTIDE1{Me_Bal.Pr_Gly.meA.P.meL.V.Ser(tBu)}$PEPTIDE1,PEPTIDE1,1:R1-7:R2$$$",-5.67200000,ok,,flexible
"PEPTIDE1{dP.Me_dA.dF.Ser(tBu).V.L.meL}$PEPTIDE1,PEPTIDE1,1:R1-7:R2$$$",-5.90100000,ok,,flexible
"PEPTIDE1{Pr_Gly.T.meL.cHexCH2_Gly.dP.P.pentyl_Gly}$PEPTIDE1,PEPTIDE1,1:R1-7:R2$$$",-5.15300000,ok,,flexible
"PEPTIDE1{Me_Bal.A.Me_dL.meL.dP.T.meA}$PEPTIDE1,PEPTIDE1,1:R1-7:R2$$$",-6.65500000,ok,,flexible
"PEPTIDE1{L.meF.Me_dL.Me_dA.meA.Asp_piperidide.dL}$PEPTIDE1,PEPTIDE1,1:R1-7:R2$$$",-6.06500000,ok,,flexible
"PEPTIDE1{L.Sar.P.meL.P.V.meF}$PEPTIDE1,PEPTIDE1,1:R1-7:R2$$$",-6.25200000,ok,,flexible
"PEPTIDE1{Me_dA.Pr_Gly.meL.Ser(tBu).L.P.meL}$PEPTIDE1,PEPTIDE1,1:R1-7:R2$$$",-5.28700000,ok,,flexible
"PEPTIDE1{meA.P.Ser(tBu).I.L.T.F}$PEPTIDE1,PEPTIDE1,1:R1-7:R2$$$",-5.87400000,ok,,flexible
"PEPTIDE1{dF.P.cHexCH2_Gly.pentyl_Gly.pentyl_Gly.Ser(tBu).L}$PEPTIDE1,PEPTIDE1,1:R1-7:R2$$$",-4.90600000,ok,,flexible
"PEPTIDE1{L.meL.dP.meL.dL.T.F}$PEPTIDE1,PEPTIDE1,1:R1-7:R2$$$",-5.20300000,ok,,flexible
"PEPTIDE1{Me_Bal.meL.meA.Me_dAbu.Me_dA.dP.T}$PEPTIDE1,PEPTIDE1,1:R1-7:R2$$$",-6.44700000,ok,,flexible
"PEPTIDE1{dV.meL.P.T.T.A.dL}$PEPTIDE1,PEPTIDE1,1:R1-7:R2$$$",-5.82000000,ok,,flexible
"PEPTIDE1{meA.T.P.meL.meF.T.Me_dL}$PEPTIDE1,PEPTIDE1,1:R1-7:R2$$$",-6.36900000,ok,,flexible
"PEPTIDE1{meA.Me_dAbu.meL.L.Me_dA.T.meI}$PEPTIDE1,PEPTIDE1,1:R1-7:R2$$$",-5.59700000,ok,,flexible
"PEPTIDE1{L.Mono38.pentyl_Gly.Nle.Mono86.Ser(tBu).P}$PEPTIDE1,PEPTIDE1,1:R1-7:R2$$$",-4.54400000,ok,,flexible
"PEPTIDE1{L.Sar.P.Me_dL.meA.meL.meA}$PEPTIDE1,PEPTIDE1,1:R1-7:R2$$$",-6.17100000,ok,,flexible
"PEPTIDE1{Pr_Gly.Me_dL.dF.Sar.L.Sar.P}$PEPTIDE1,PEPTIDE1,1:R1-7:R2$$$",-5.96000000,ok,,flexible
"PEPTIDE1{dA.T.dP.Mono78.dL.3Pal.Mono84}$PEPTIDE1,PEPTIDE1,1:R1-7:R2$$$",-6.00600000,ok,,flexible
"PEPTIDE1{Pr_Gly.Me_dA.L.Me_dAbu.meI.A.meL}$PEPTIDE1,PEPTIDE1,1:R1-7:R2$$$",-5.34300000,ok,,flexible
"PEPTIDE1{dP.Me_dA.dV.meL.meL.I.Ser(tBu)}$PEPTIDE1,PEPTIDE1,1:R1-7:R2$$$",-5.37400000,ok,,flexible
"PEPTIDE1{dF.A.P.dL.T.P.F}$PEPTIDE1,PEPTIDE1,1:R1-7:R2$$$",-6.04100000,ok,,flexible
"PEPTIDE1{A.pentyl_Gly.L.V.meL.meI.dP}$PEPTIDE1,PEPTIDE1,1:R1-7:R2$$$",-5.47700000,ok,,flexible
"PEPTIDE1{F.meL.dP.T.L.dL.T}$PEPTIDE1,PEPTIDE1,1:R1-7:R2$$$",-5.58400000,ok,,flexible
"PEPTIDE1{dV.meA.F.meF.Me_dL.A.L}$PEPTIDE1,PEPTIDE1,1:R1-7:R2$$$",-6.27700000,ok,,flexible
"PEPTIDE1{meA.L.Me_dL.meL.P.dA.Asp_piperidide}$PEPTIDE1,PEPTIDE1,1:R1-7:R2$$$",-5.84700000,ok,,flexible
"PEPTIDE1{F.dL.Me_dAbu.T.dP.meL.P}$PEPTIDE1,PEPTIDE1,1:R1-7:R2$$$",-5.33300000,ok,,flexible
"PEPTIDE1{A.P.Sar.T.meL.L.T}$PEPTIDE1,PEPTIDE1,1:R1-7:R2$$$",-5.86300000,ok,,flexible
"PEPTIDE1{Mono6.meA.pentyl_Gly.meL.meI.Nle.L}$PEPTIDE1,PEPTIDE1,1:R1-7:R2$$$",-5.15300000,ok,,flexible
"PEPTIDE1{Me_Bal.dF.Me_dL.G.F.V.dL}$PEPTIDE1,PEPTIDE1,1:R1-7:R2$$$",-5.85400000,ok,,flexible
"PEPTIDE1{dV.Me_Nle.cHexCH2_Gly.L.Et_Gly.T.meL}$PEPTIDE1,PEPTIDE1,1:R1-7:R2$$$",-4.97800000,ok,,flexible
"PEPTIDE1{meA.Me_dL.Pr_Gly.Sar.T.dL.Bn_Gly}$PEPTIDE1,PEPTIDE1,1:R1-7:R2$$$",-6.27000000,ok,,flexible
"PEPTIDE1{dV.L.cHexCH2_Gly.P.pentyl_Gly.Me_Nle.Ser(tBu)}$PEPTIDE1,PEPTIDE1,1:R1-7:R2$$$",-4.77500000,ok,,flexible
"PEPTIDE1{dV.meL.A.P.Sar.L.Ser(tBu)}$PEPTIDE1,PEPTIDE1,1:R1-7:R2$$$",-5.57600000,ok,,flexible
"PEPTIDE1{Me_dA.meL.A.meA.Me_dL.Me_dL.dL}$PEPTIDE1,PEPTIDE1,1:R1-7:R2$$$",-5.34400000,ok,,flexible
"PEPTIDE1{dV.Mono38.Ser(tBu).T.P.A.meL}$PEPTIDE1,PEPTIDE1,1:R1-7:R2$$$",-5.55100000,ok,,flexible
"PEPTIDE1{meA.T.meL.L.dP.F.L}$PEPTIDE1,PEPTIDE1,1:R1-7:R2$$$",-5.98800000,ok,,flexible
"PEPTIDE1{dV.dL.T.3Pal.L.meL.Mono84}$PEPTIDE1,PEPTIDE1,1:R1-7:R2$$$",-6.39500000,ok,,flexible
"PEPTIDE1{Me_Bal.T.F.meA.Mono78.dV.I}$PEPTIDE1,PEPTIDE1,1:R1-7:R2$$$",-6.96300000,ok,,flexible
"PEPTIDE1{dV.Pr_Gly.Me_dL.Me_dA.dP.P.F}$PEPTIDE1,PEPTIDE1,1:R1-7:R2$$$",-6.15700000,ok,,flexible
"PEPTIDE1{Sar.meF.dP.meA.Nle.L.P}$PEPTIDE1,PEPTIDE1,1:R1-7:R2$$$",-7.17200000,ok,,flexible
"PEPTIDE1{A.meF.Me_Phe(3-Cl).meL.Pr_Gly.F.Me_dA}$PEPTIDE1,PEPTIDE1,1:R1-7:R2$$$",-6.06900000,ok,,flexible
"PEPTIDE1{meA.L.meF.G.I.meL.Mono78}$PEPTIDE1,PEPTIDE1,1:R1-7:R2$$$",-6.21000000,ok,,flexible
"PEPTIDE1{Me_Bal.meA.A.Sar.Me_dL.F.V}$PEPTIDE1,PEPTIDE1,1:R1-7:R2$$$",-6.43300000,ok,,flexible
"PEPTIDE1{Me_Bal.meI.meL.L.P.dP.meA}$PEPTIDE1,PEPTIDE1,1:R1-7:R2$$$",-6.41900000,ok,,flexible
"PEPTIDE1{A.meL.meA.P.F.meL.T}$PEPTIDE1,PEPTIDE1,1:R1-7:R2$$$",-6.50700000,ok,,flexible
"PEPTIDE1{meA.Pr_Gly.Asp_piperidide.meL.A.Me_dL.T}$PEPTIDE1,PEPTIDE1,1:R1-7:R2$$$",-5.56200000,ok,,flexible
"PEPTIDE1{dV.meL.F.meA.dP.dF.Me_dL}$PEPTIDE1,PEPTIDE1,1:R1-7:R2$$$",-5.91700000,ok,,flexible
"PEPTIDE1{Me_dA.Mono38.dL.L.Me_dL.P.L}$PEPTIDE1,PEPTIDE1,1:R1-7:R2$$$",-5.07300000,ok,,flexible
"PEPTIDE1{Me_dA.meY.Me_dL.Ser(tBu).meL.meI.Me_Phe(3-Cl)}$PEPTIDE1,PEPTIDE1,1:R1-7:R2$$$",-5.04300000,ok,,flexible
"PEPTIDE1{L.dF.T.dP.P.Mono84.P}$PEPTIDE1,PEPTIDE1,1:R1-7:R2$$$",-6.86800000,ok,,flexible
"PEPTIDE1{Me_Bal.meL.Ser(tBu).T.G.Mono84.T}$PEPTIDE1,PEPTIDE1,1:R1-7:R2$$$",-6.09200000,ok,,flexible
"PEPTIDE1{L.dP.P.P.T.Me_dL.pentyl_Gly}$PEPTIDE1,PEPTIDE1,1:R1-7:R2$$$",-5.65400000,ok,,flexible
"PEPTIDE1{meA.T.dP.P.T.meL.L}$PEPTIDE1,PEPTIDE1,1:R1-7:R2$$$",-6.27100000,ok,,flexible
"PEPTIDE1{dA.Pr_Gly.meA.meA.F.meL.dP}$PEPTIDE1,PEPTIDE1,1:R1-7:R2$$$",-5.84400000,ok,,flexible
"PEPTIDE1{dA.meL.Ser(tBu).dP.Me_dL.F.P}$PEPTIDE1,PEPTIDE1,1:R1-7:R2$$$",-5.74300000,ok,,flexible
"PEPTIDE1{dA.meL.Me_dAbu.meL.meA.Me_Abu.P}$PEPTIDE1,PEPTIDE1,1:R1-7:R2$$$",-5.97000000,ok,,flexible
"PEPTIDE1{meA.dL.Ser(tBu).dP.T.Me_dL.T}$PEPTIDE1,PEPTIDE1,1:R1-7:R2$$$",-5.64300000,ok,,flexible
"PEPTIDE1{L.dP.Ser(tBu).P.T.G.pentyl_Gly}$PEPTIDE1,PEPTIDE1,1:R1-7:R2$$$",-5.03300000,ok,,flexible
"PEPTIDE1{A.meA.Me_dL.meY.P.P.L}$PEPTIDE1,PEPTIDE1,1:R1-7:R2$$$",-6.24300000,ok,,flexible
"PEPTIDE1{Me_Bal.meF.meA.meA.Me_dL.meL.Ser(tBu)}$PEPTIDE1,PEPTIDE1,1:R1-7:R2$$$",-5.64300000,ok,,flexible
"PEPTIDE1{Me_dA.A.dF.meL.Asp_piperidide.meA.dL}$PEPTIDE1,PEPTIDE1,1:R1-7:R2$$$",-6.46900000,ok,,flexible
"PEPTIDE1{F.Me_Nle.L.Mono84.dL.T.A}$PEPTIDE1,PEPTIDE1,1:R1-7:R2$$$",-5.99900000,ok,,flexible
"PEPTIDE1{dV.meA.P.P.T.L.meL}$PEPTIDE1,PEPTIDE1,1:R1-7:R2$$$",-5.78200000,ok,,flexible
"PEPTIDE1{dV.T.Ser(tBu).meA.dP.P.Me_dA}$PEPTIDE1,PEPTIDE1,1:R1-7:R2$$$",-6.00200000,ok,,flexible
"PEPTIDE1{dA.dP.G.A.P.Ser(tBu).P}$PEPTIDE1,PEPTIDE1,1:R1-7:R2$$$",-7.06700000,ok,,flexible
"PEPTIDE1{dV.Me_dL.meY.Me_Abu.meL.I.P}$PEPTIDE1,PEPTIDE1,1:R1-7:R2$$$",-5.42400000,ok,,flexible
"PEPTIDE1{meA.meL.P.P.Ser(tBu).meL.dP}$PEPTIDE1,PEPTIDE1,1:R1-7:R2$$$",-5.96700000,ok,,flexible
"PEPTIDE1{dF.pentyl_Gly.T.dP.meA.P.L}$PEPTIDE1,PEPTIDE1,1:R1-7:R2$$$",-6.43700000,ok,,flexible
"PEPTIDE1{Me_dA.dP.meV.V.P.I.meL}$PEPTIDE1,PEPTIDE1,1:R1-7:R2$$$",-5.99800000,ok,,flexible
"PEPTIDE1{meA.Me_dA.Sar.L.I.pentyl_Gly.meL}$PEPTIDE1,PEPTIDE1,1:R1-7:R2$$$",-5.36100000,ok,,flexible
"PEPTIDE1{Mono6.P.Me_dL.meL.A.T.L}$PEPTIDE1,PEPTIDE1,1:R1-7:R2$$$",-5.89000000,ok,,flexible
"PEPTIDE1{L.T.Me_dA.G.meL.F.Mono34}$PEPTIDE1,PEPTIDE1,1:R1-7:R2$$$",-6.08400000,ok,,flexible
"PEPTIDE1{dV.P.Sar.A.meF.pentyl_Gly.L}$PEPTIDE1,PEPTIDE1,1:R1-7:R2$$$",-6.22700000,ok,,flexible
"PEPTIDE1{A.F.T.L.Me_dL.meL.Mono84}$PEPTIDE1,PEPTIDE1,1:R1-7:R2$$$",-5.68500000,ok,,flexible
"PEPTIDE1{dA.Mono38.meL.L.T.meA.cHexCH2_Gly}$PEPTIDE1,PEPTIDE1,1:R1-7:R2$$$",-5.66500000,ok,,flexible
"PEPTIDE1{meL.dV.Me_dL.meF.T.Sar.meA}$PEPTIDE1,PEPTIDE1,1:R1-7:R2$$$",-6.21700000,ok,,flexible
"PEPTIDE1{Me_Bal.P.dP.T.F.Me_dL.meL}$PEPTIDE1,PEPTIDE1,1:R1-7:R2$$$",-6.59000000,ok,,flexible
"PEPTIDE1{Me_Bal.P.A.dL.T.T.meL}$PEPTIDE1,PEPTIDE1,1:R1-7:R2$$$",-5.82600000,ok,,flexible
"PEPTIDE1{A.Me_dL.dP.P.meA.Me_dL.L}$PEPTIDE1,PEPTIDE1,1:R1-7:R2$$$",-5.92800000,ok,,flexible
"PEPTIDE1{dA.meL.meF.Me_dL.meV.T.T}$PEPTIDE1,PEPTIDE1,1:R1-7:R2$$$",-5.46500000,ok,,flexible
"PEPTIDE1{Me_Bal.meV.L.dP.F.meA.dV}$PEPTIDE1,PEPTIDE1,1:R1-7:R2$$$",-5.79100000,ok,,flexible
"PEPTIDE1{Me_dA.meL.Pr_Gly.A.Me_Phe(3-Cl).Me_dL.Pr_Gly}$PEPTIDE1,PEPTIDE1,1:R1-7:R2$$$",-6.13200000,ok,,flexible
"PEPTIDE1{Mono6.dP.P.P.Mono84.Me_dL.Ser(tBu)}$PEPTIDE1,PEPTIDE1,1:R1-7:R2$$$",-6.59500000,ok,,flexible
"PEPTIDE1{dF.T.P.Me_dL.meA.dP.meL}$PEPTIDE1,PEPTIDE1,1:R1-7:R2$$$",-6.73000000,ok,,flexible
"PEPTIDE1{Me_Bal.dP.Me_dA.Me_dL.L.F.dF}$PEPTIDE1,PEPTIDE1,1:R1-7:R2$$$",-6.57300000,ok,,flexible
"PEPTIDE1{meA.F.meL.Asp_piperidide.meF.A.Me_Phe(3-Cl)}$PEPTIDE1,PEPTIDE1,1:R1-7:R2$$$",-6.50800000,ok,,flexible
"PEPTIDE1{meA.Ser(tBu).T.A.I.P.meL}$PEPTIDE1,PEPTIDE1,1:R1-7:R2$$$",-5.98600000,ok,,flexible
"PEPTIDE1{meA.A.Sar.F.T.dP.P}$PEPTIDE1,PEPTIDE1,1:R1-7:R2$$$",-6.67800000,ok,,flexible
"PEPTIDE1{Pr_Gly.Mono38.L.P.A.P.dL}$PEPTIDE1,PEPTIDE1,1:R1-7:R2$$$",-6.15700000,ok,,flexible
"PEPTIDE1{Mono6.pentyl_Gly.meL.meA.meL.Me_Abu.L}$PEPTIDE1,PEPTIDE1,1:R1-7:R2$$$",-5.11200000,ok,,flexible
"PEPTIDE1{meA.P.meL.dP.Me_dL.Me_dL.F}$PEPTIDE1,PEPTIDE1,1:R1-7:R2$$$",-6.32500000,ok,,flexible
"PEPTIDE1{Me_dA.T.Me_Abu.Me_dL.P.dP.L}$PEPTIDE1,PEPTIDE1,1:R1-7:R2$$$",-5.61900000,ok,,flexible
"PEPTIDE1{A.dP.P.dP.P.T.dP}$PEPTIDE1,PEPTIDE1,1:R1-7:R2$$$",-7.98100000,ok,,flexible
"PEPTIDE1{Me_Bal.cHexCH2_Gly.F.meF.meL.meA.T}$PEPTIDE1,PEPTIDE1,1:R1-7:R2$$$",-6.70800000,ok,,flexible
"PEPTIDE1{Me_dA.cHexCH2_Gly.I.Aoc(2).3Pal.T.P}$PEPTIDE1,PEPTIDE1,1:R1-7:R2$$$",-5.87300000,ok,,flexible
"PEPTIDE1{Me_Bal.cHexCH2_Gly.A.L.Ser(tBu).L.Me_Nle}$PEPTIDE1,PEPTIDE1,1:R1-7:R2$$$",-5.05100000,ok,,flexible
"PEPTIDE1{Me_Bal.Mono38.P.F.P.pentyl_Gly.Nle}$PEPTIDE1,PEPTIDE1,1:R1-7:R2$$$",-5.84300000,ok,,flexible
"PEPTIDE1{meA.A.Ser(tBu).meI.T.F.dP}$PEPTIDE1,PEPTIDE1,1:R1-7:R2$$$",-5.85900000,ok,,flexible
"PEPTIDE1{dA.Pr_Gly.Me_dL.meL.V.P.meA}$PEPTIDE1,PEPTIDE1,1:R1-7:R2$$$",-5.67700000,ok,,flexible
"PEPTIDE1{Me_Bal.P.Me_Abu.Ser(tBu).meF.T.T}$PEPTIDE1,PEPTIDE1,1:R1-7:R2$$$",-5.90500000,ok,,flexible
"PEPTIDE1{A.P.Me_dA.meL.meL.meA.Me_dL}$PEPTIDE1,PEPTIDE1,1:R1-7:R2$$$",-5.39500000,ok,,flexible
"PEPTIDE1{meA.A.Pr_Gly.L.Me_dL.P.V}$PEPTIDE1,PEPTIDE1,1:R1-7:R2$$$",-5.54500000,ok,,flexible
"PEPTIDE1{Sar.Me_dL.T.meF.Ser(tBu).Bn_Gly.P}$PEPTIDE1,PEPTIDE1,1:R1-7:R2$$$",-5.82100000,ok,,flexible
"PEPTIDE1{F.Ser(tBu).I.L.dP.meF.meA}$PEPTIDE1,PEPTIDE1,1:R1-7:R2$$$",-5.99000000,ok,,flexible
"PEPTIDE1{Mono6.Me_Nle.dL.T.F.P.G}$PEPTIDE1,PEPTIDE1,1:R1-7:R2$$$",-5.81700000,ok,,flexible
"PEPTIDE1{dV.Et_Gly.L.A.dL.T.Me_Phe(3-Cl)}$PEPTIDE1,PEPTIDE1,1:R1-7:R2$$$",-5.78100000,ok,,flexible
"PEPTIDE1{F.L.P.L.meL.dP.Mono84}$PEPTIDE1,PEPTIDE1,1:R1-7:R2$$$",-5.50500000,ok,,flexible
"PEPTIDE1{L.dP.T.meL.P.F.V}$PEPTIDE1,PEPTIDE1,1:R1-7:R2$$$",-6.50600000,ok,,flexible
"PEPTIDE1{meA.P.meL.dL.T.Me_dA.meL}$PEPTIDE1,PEPTIDE1,1:R1-7:R2$$$",-5.95800000,ok,,flexible
"PEPTIDE1{meA.A.L.meL.dP.Me_dL.meD}$PEPTIDE1,PEPTIDE1,1:R1-7:R2$$$",-5.74800000,ok,,flexible
"PEPTIDE1{A.meL.meA.I.dP.Ser(tBu).L}$PEPTIDE1,PEPTIDE1,1:R1-7:R2$$$",-5.03100000,ok,,flexible
"PEPTIDE1{Me_Bal.T.Ser(tBu).L.T.dP.meA}$PEPTIDE1,PEPTIDE1,1:R1-7:R2$$$",-6.00800000,ok,,flexible
"PEPTIDE1{meA.P.dP.A.dL.L.Me_dL}$PEPTIDE1,PEPTIDE1,1:R1-7:R2$$$",-6.89600000,ok,,flexible
"PEPTIDE1{F.dL.P.Me_dL.A.meL.Ser(tBu)}$PEPTIDE1,PEPTIDE1,1:R1-7:R2$$$",-5.82500000,ok,,flexible
"PEPTIDE1{Me_dA.P.meL.I.Me_Phe(3-Cl).dL.dL}$PEPTIDE1,PEPTIDE1,1:R1-7:R2$$$",-5.50400000,ok,,flexible
"PEPTIDE1{meA.pentyl_Gly.pentyl_Gly.dP.cHexCH2_Gly.Nle.Mono84}$PEPTIDE1,PEPTIDE1,1:R1-7:R2$$$",-5.24900000,ok,,flexible
"PEPTIDE1{meA.meL.meL.P.meF.T.P}$PEPTIDE1,PEPTIDE1,1:R1-7:R2$$$",-6.83500000,ok,,flexible
"PEPTIDE1{Pr_Gly.pentyl_Gly.L.A.Me_Nle.T.P}$PEPTIDE1,PEPTIDE1,1:R1-7:R2$$$",-5.39300000,ok,,flexible
"PEPTIDE1{meA.Me_Phe(3-Cl).dF.F.Me_dA.meL.L}$PEPTIDE1,PEPTIDE1,1:R1-7:R2$$$",-6.38900000,ok,,flexible
"PEPTIDE1{meL.meS.dP.Asp_piperidide.meA.meY.I}$PEPTIDE1,PEPTIDE1,1:R1-7:R2$$$",-6.07100000,ok,,flexible
"PEPTIDE1{dP.F.cHexCH2_Gly.Me_dL.Ser(tBu).P.Mono86}$PEPTIDE1,PEPTIDE1,1:R1-7:R2$$$",-5.70200000,ok,,flexible
"PEPTIDE1{meA.Me_dL.Pr_Gly.T.V.P.dP}$PEPTIDE1,PEPTIDE1,1:R1-7:R2$$$",-5.76800000,ok,,flexible
"PEPTIDE1{P.meA.F.Ser(tBu).P.T.meL}$PEPTIDE1,PEPTIDE1,1:R1-7:R2$$$",-5.82800000,ok,,flexible
"PEPTIDE1{Me_dA.dPye.Ser(tBu).F.meL.L.Asp_piperidide}$PEPTIDE1,PEPTIDE1,1:R1-7:R2$$$",-5.34900000,ok,,flexible
"PEPTIDE1{Sar.dP.Ser(tBu).T.Me_dL.L.Bn_Gly}$PEPTIDE1,PEPTIDE1,1:R1-7:R2$$$",-5.79600000,ok,,flexible
"PEPTIDE1{dA.V.Ser(tBu).P.meA.Sar.L}$PEPTIDE1,PEPTIDE1,1:R1-7:R2$$$",-5.96200000,ok,,flexible
"PEPTIDE1{dV.meA.meL.P.L.T.cHexCH2_Gly}$PEPTIDE1,PEPTIDE1,1:R1-7:R2$$$",-6.78800000,ok,,flexible
"PEPTIDE1{dA.meA.Me_dL.Sar.L.F.T}$PEPTIDE1,PEPTIDE1,1:R1-7:R2$$$",-5.93100000,ok,,flexible
"PEPTIDE1{dP.dA.P.F.A.Me_dA.meL}$PEPTIDE1,PEPTIDE1,1:R1-7:R2$$$",-6.46900000,ok,,flexible
"PEPTIDE1{meA.meL.meL.L.Ser(tBu).P.Mono86}$PEPTIDE1,PEPTIDE1,1:R1-7:R2$$$",-5.18900000,ok,,flexible
"PEPTIDE1{A.Me_dL.dP.meA.Me_dL.meY.meL}$PEPTIDE1,PEPTIDE1,1:R1-7:R2$$$",-7.06800000,ok,,flexible
"PEPTIDE1{Me_dA.dP.Me_dL.meA.Me_dL.F.G}$PEPTIDE1,PEPTIDE1,1:R1-7:R2$$$",-7.00300000,ok,,flexible
"PEPTIDE1{dA.Sar.dP.T.T.Me_dL.meA}$PEPTIDE1,PEPTIDE1,1:R1-7:R2$$$",-6.37800000,ok,,flexible
"PEPTIDE1{meL.L.P.meL.dL.T.dV}$PEPTIDE1,PEPTIDE1,1:R1-7:R2$$$",-5.80700000,ok,,flexible
"PEPTIDE1{dF.Me_Nle.Mono84.L.Mono84.Mono86.meA}$PEPTIDE1,PEPTIDE1,1:R1-7:R2$$$",-6.79700000,ok,,flexible
"PEPTIDE1{meL.T.meL.meA.L.dP.Me_dA}$PEPTIDE1,PEPTIDE1,1:R1-7:R2$$$",-5.27600000,ok,,flexible
"PEPTIDE1{dV.P.L.meA.V.T.Pr_Gly}$PEPTIDE1,PEPTIDE1,1:R1-7:R2$$$",-5.92900000,ok,,flexible
"PEPTIDE1{Me_Bal.Me_dL.meL.dL.I.Sar.G}$PEPTIDE1,PEPTIDE1,1:R1-7:R2$$$",-5.09900000,ok,,flexible
"PEPTIDE1{F.Me_Nle.P.dP.dP.pentyl_Gly.cHexCH2_Gly}$PEPTIDE1,PEPTIDE1,1:R1-7:R2$$$",-5.58700000,ok,,flexible
"PEPTIDE1{Mono6.meL.dP.P.meF.F.meA}$PEPTIDE1,PEPTIDE1,1:R1-7:R2$$$",-6.78400000,ok,,flexible
"PEPTIDE1{Me_dA.Aib.Me_Phe(3-Cl).F.meL.meL.P}$PEPTIDE1,PEPTIDE1,1:R1-7:R2$$$",-6.76700000,ok,,flexible
"PEPTIDE1{F.P.Mono84.P.dP.meL.Bn_Gly}$PEPTIDE1,PEPTIDE1,1:R1-7:R2$$$",-7.06900000,ok,,flexible
"PEPTIDE1{Me_dA.A.L.meA.T.meL.Me_dL}$PEPTIDE1,PEPTIDE1,1:R1-7:R2$$$",-5.28100000,ok,,flexible
"PEPTIDE1{Me_dA.meL.L.dP.V.L.dL}$PEPTIDE1,PEPTIDE1,1:R1-7:R2$$$",-5.25800000,ok,,flexible
"PEPTIDE1{Me_Bal.Pr_Gly.T.meL.dL.L.Me_dL}$PEPTIDE1,PEPTIDE1,1:R1-7:R2$$$",-5.12900000,ok,,flexible
"PEPTIDE1{Sar.cHexCH2_Gly.T.P.L.Me_dL.meL}$PEPTIDE1,PEPTIDE1,1:R1-7:R2$$$",-5.13700000,ok,,flexible
"PEPTIDE1{dF.3Pal.A.Mono38.Me_Nle.Ser(tBu).L}$PEPTIDE1,PEPTIDE1,1:R1-7:R2$$$",-5.42700000,ok,,flexible
"PEPTIDE1{dV.L.meL.T.meA.meL.dP}$PEPTIDE1,PEPTIDE1,1:R1-7:R2$$$",-5.43000000,ok,,flexible
"PEPTIDE1{Me_dA.L.F.T.T.dL.P}$PEPTIDE1,PEPTIDE1,1:R1-7:R2$$$",-6.62900000,ok,,flexible
"PEPTIDE1{Pr_Gly.meA.meL.dP.T.meL.P}$PEPTIDE1,PEPTIDE1,1:R1-7:R2$$$",-5.75100000,ok,,flexible
"PEPTIDE1{dV.P.P.Me_dL.T.L.A}$PEPTIDE1,PEPTIDE1,1:R1-7:R2$$$",-6.05200000,ok,,flexible
"PEPTIDE1{A.dP.Ser(tBu).Me_dL.T.L.T}$PEPTIDE1,PEPTIDE1,1:R1-7:R2$$$",-5.93000000,ok,,flexible
"PEPTIDE1{Mono6.Me_dL.Me_dA.meA.meL.dP.P}$PEPTIDE1,PEPTIDE1,1:R1-7:R2$$$",-6.52300000,ok,,flexible
"PEPTIDE1{meA.P.L.meL.T.Me_Abu.meF}$PEPTIDE1,PEPTIDE1,1:R1-7:R2$$$",-6.31800000,ok,,flexible
"PEPTIDE1{meA.A.meL.T.meI.dP.dL}$PEPTIDE1,PEPTIDE1,1:R1-7:R2$$$",-5.73200000,ok,,flexible
"PEPTIDE1{meA.Me_dA.Me_dL.A.Ala(indol-2-yl).V.L}$PEPTIDE1,PEPTIDE1,1:R1-7:R2$$$",-6.24400000,ok,,flexible
"PEPTIDE1{Me_dA.T.Me_dL.L.Me_dL.V.A}$PEPTIDE1,PEPTIDE1,1:R1-7:R2$$$",-5.79600000,ok,,flexible
"PEPTIDE1{meA.dPye.Me_dL.dF.T.meF.dL}$PEPTIDE1,PEPTIDE1,1:R1-7:R2$$$",-5.69300000,ok,,flexible
"PEPTIDE1{dV.P.meL.dL.dP.T.Me_Phe(3-Cl)}$PEPTIDE1,PEPTIDE1,1:R1-7:R2$$$",-6.40500000,ok,,flexible
"PEPTIDE1{dA.Me_dA.meA.meL.T.meL.F}$PEPTIDE1,PEPTIDE1,1:R1-7:R2$$$",-6.58100000,ok,,flexible
"PEPTIDE1{Me_Bal.dP.cHexCH2_Gly.L.P.P.pentyl_Gly}$PEPTIDE1,PEPTIDE1,1:R1-7:R2$$$",-6.59600000,ok,,flexible
"PEPTIDE1{Pr_Gly.P.A.dL.dF.meA.Me_dA}$PEPTIDE1,PEPTIDE1,1:R1-7:R2$$$",-6.28300000,ok,,flexible
"PEPTIDE1{Me_dA.P.meL.F.L.T.dP}$PEPTIDE1,PEPTIDE1,1:R1-7:R2$$$",-6.49900000,ok,,flexible
"PEPTIDE1{Sar.meF.Me_dL.L.I.P.P}$PEPTIDE1,PEPTIDE1,1:R1-7:R2$$$",-6.04900000,ok,,flexible
"PEPTIDE1{Pr_Gly.cHexCH2_Gly.Me_Nle.L.A.P.meL}$PEPTIDE1,PEPTIDE1,1:R1-7:R2$$$",-5.61300000,ok,,flexible
"PEPTIDE1{L.Me_dA.Mono6.Asp_piperidide.F.Me_dL.meA}$PEPTIDE1,PEPTIDE1,1:R1-7:R2$$$",-6.36700000,ok,,flexible
"PEPTIDE1{Me_Bal.meL.meA.G.T.I.P}$PEPTIDE1,PEPTIDE1,1:R1-7:R2$$$",-5.84800000,ok,,flexible
"PEPTIDE1{Pr_Gly.meF.meA.P.P.dP.meL}$PEPTIDE1,PEPTIDE1,1:R1-7:R2$$$",-6.19300000,ok,,flexible
"PEPTIDE1{dA.meL.meA.A.Me_dL.Me_dL.I}$PEPTIDE1,PEPTIDE1,1:R1-7:R2$$$",-5.60600000,ok,,flexible
"PEPTIDE1{A.Me_dA.dP.P.T.V.L}$PEPTIDE1,PEPTIDE1,1:R1-7:R2$$$",-6.15900000,ok,,flexible
"PEPTIDE1{dF.P.P.Me_dL.A.meL.T}$PEPTIDE1,PEPTIDE1,1:R1-7:R2$$$",-6.34400000,ok,,flexible
"PEPTIDE1{dF.Me_dL.meS.L.meY.T.dP}$PEPTIDE1,PEPTIDE1,1:R1-7:R2$$$",-5.67400000,ok,,flexible
"PEPTIDE1{F.P.Mono84.Ser(tBu).P.dP.L}$PEPTIDE1,PEPTIDE1,1:R1-7:R2$$$",-6.51900000,ok,,flexible
"PEPTIDE1{Pr_Gly.G.Mono84.F.meL.L.Et_Gly}$PEPTIDE1,PEPTIDE1,1:R1-7:R2$$$",-5.88500000,ok,,flexible
"PEPTIDE1{Me_Bal.P.T.Me_dL.dL.L.A}$PEPTIDE1,PEPTIDE1,1:R1-7:R2$$$",-5.70100000,ok,,flexible
"PEPTIDE1{dV.meA.L.F.F.Mono78.Mono86}$PEPTIDE1,PEPTIDE1,1:R1-7:R2$$$",-5.68600000,ok,,flexible
"PEPTIDE1{L.F.Sar.dF.meA.pentyl_Gly.meF}$PEPTIDE1,PEPTIDE1,1:R1-7:R2$$$",-5.42400000,ok,,flexible
"PEPTIDE1{Mono6.meL.P.P.T.Ser(tBu).Mono47}$PEPTIDE1,PEPTIDE1,1:R1-7:R2$$$",-5.59000000,ok,,flexible
"PEPTIDE1{Pr_Gly.L.dP.T.Nle.P.meA}$PEPTIDE1,PEPTIDE1,1:R1-7:R2$$$",-5.68900000,ok,,flexible
"PEPTIDE1{dA.Me_dA.T.P.L.Me_Phe(3-Cl).dL}$PEPTIDE1,PEPTIDE1,1:R1-7:R2$$$",-6.96500000,ok,,flexible
"PEPTIDE1{meL.meS.T.T.Me_dL.Ser(tBu).Me_dL}$PEPTIDE1,PEPTIDE1,1:R1-7:R2$$$",-4.51800000,ok,,flexible
"PEPTIDE1{P.dPye.L.meL.meY.Mono6.Me_dA}$PEPTIDE1,PEPTIDE1,1:R1-7:R2$$$",-5.80500000,ok,,flexible
"PEPTIDE1{Me_Bal.V.meL.Ser(tBu).I.dP.L}$PEPTIDE1,PEPTIDE1,1:R1-7:R2$$$",-6.16000000,ok,,flexible
"PEPTIDE1{A.meF.Me_dA.meL.F.T.meL}$PEPTIDE1,PEPTIDE1,1:R1-7:R2$$$",-5.86800000,ok,,flexible
"PEPTIDE1{dF.Me_Nle.Mono7.dL.F.L.Mono84}$PEPTIDE1,PEPTIDE1,1:R1-7:R2$$$",-5.98400000,ok,,flexible
"PEPTIDE1{dA.P.dPye.meA.F.A.G}$PEPTIDE1,PEPTIDE1,1:R1-7:R2$$$",-6.42900000,ok,,flexible
"PEPTIDE1{Pr_Gly.meA.Me_dAbu.meL.dP.T.T}$PEPTIDE1,PEPTIDE1,1:R1-7:R2$$$",-5.85800000,ok,,flexible
"PEPTIDE1{meA.F.cHexCH2_Gly.P.L.meL.dL}$PEPTIDE1,PEPTIDE1,1:R1-7:R2$$$",-5.82900000,ok,,flexible
"PEPTIDE1{meL.meF.meA.P.meL.meL.P}$PEPTIDE1,PEPTIDE1,1:R1-7:R2$$$",-5.67300000,ok,,flexible
"PEPTIDE1{dP.Me_dL.Me_dL.meF.meA.meL.L}$PEPTIDE1,PEPTIDE1,1:R1-7:R2$$$",-6.18100000,ok,,flexible
"PEPTIDE1{Mono6.Mono7.dA.meL.Mono34.dL.F}$PEPTIDE1,PEPTIDE1,1:R1-7:R2$$$",-5.53700000,ok,,flexible
"PEPTIDE1{dV.Sar.Sar.Ser(tBu).P.dL.P}$PEPTIDE1,PEPTIDE1,1:R1-7:R2$$$",-6.06300000,ok,,flexible
"PEPTIDE1{meL.dF.P.dL.L.T.L}$PEPTIDE1,PEPTIDE1,1:R1-7:R2$$$",-5.29400000,ok,,flexible
"PEPTIDE1{A.L.dL.Ser(tBu).Mono100.meA.T}$PEPTIDE1,PEPTIDE1,1:R1-7:R2$$$",-5.78000000,ok,,flexible
"PEPTIDE1{dF.3Pal.P.Me_Nle.dP.meL.Mono84}$PEPTIDE1,PEPTIDE1,1:R1-7:R2$$$",-6.67800000,ok,,flexible
"PEPTIDE1{A.Me_dL.meL.meA.P.V.dP}$PEPTIDE1,PEPTIDE1,1:R1-7:R2$$$",-6.51100000,ok,,flexible
"PEPTIDE1{A.Me_dL.P.F.meA.V.dP}$PEPTIDE1,PEPTIDE1,1:R1-7:R2$$$",-6.62000000,ok,,flexible
"PEPTIDE1{F.Bn_Gly.L.dP.Me_Nle.meL.meA}$PEPTIDE1,PEPTIDE1,1:R1-7:R2$$$",-5.52500000,ok,,flexible
"PEPTIDE1{dF.P.Ser(tBu).L.T.P.P}$PEPTIDE1,PEPTIDE1,1:R1-7:R2$$$",-5.83600000,ok,,flexible
"PEPTIDE1{dV.Me_dA.Me_dL.L.V.dP.F}$PEPTIDE1,PEPTIDE1,1:R1-7:R2$$$",-6.22100000,ok,,flexible
"PEPTIDE1{Pr_Gly.meL.meA.T.meF.meL.Ser(tBu)}$PEPTIDE1,PEPTIDE1,1:R1-7:R2$$$",-5.36900000,ok,,flexible
"PEPTIDE1{dV.meA.meL.L.dL.D.meL}$PEPTIDE1,PEPTIDE1,1:R1-7:R2$$$",-5.37900000,ok,,flexible
"PEPTIDE1{Me_Bal.P.dP.meL.Ser(tBu).Me_dL.V}$PEPTIDE1,PEPTIDE1,1:R1-7:R2$$$",-5.41700000,ok,,flexible
"PEPTIDE1{Me_Bal.P.T.P.meA.Me_dL.L}$PEPTIDE1,PEPTIDE1,1:R1-7:R2$$$",-6.39300000,ok,,flexible
"PEPTIDE1{P.F.A.L.T.meA.Et_Gly}$PEPTIDE1,PEPTIDE1,1:R1-7:R2$$$",-5.79900000,ok,,flexible
"PEPTIDE1{meA.Sar.P.meL.meL.T.Me_dA}$PEPTIDE1,PEPTIDE1,1:R1-7:R2$$$",-6.57900000,ok,,flexible
"PEPTIDE1{Me_Bal.meL.F.Sar.Ser(tBu).T.dP}$PEPTIDE1,PEPTIDE1,1:R1-7:R2$$$",-6.06000000,ok,,flexible
"PEPTIDE1{dA.A.P.Mono86.meA.T.Mono84}$PEPTIDE1,PEPTIDE1,1:R1-7:R2$$$",-7.18500000,ok,,flexible
"PEPTIDE1{A.dL.dP.P.meL.Ser(tBu).Me_dL}$PEPTIDE1,PEPTIDE1,1:R1-7:R2$$$",-5.64600000,ok,,flexible
"PEPTIDE1{P.meA.Me_dA.meL.A.L.Me_dL}$PEPTIDE1,PEPTIDE1,1:R1-7:R2$$$",-6.91300000,ok,,flexible
"PEPTIDE1{A.meA.T.Me_dL.dP.meL.Mono7}$PEPTIDE1,PEPTIDE1,1:R1-7:R2$$$",-6.80900000,ok,,flexible
"PEPTIDE1{dV.cHexCH2_Gly.Me_Phe(3-Cl).Mono84.L.meL.dL}$PEPTIDE1,PEPTIDE1,1:R1-7:R2$$$",-5.74000000,ok,,flexible
"PEPTIDE1{P.Me_dA.F.meL.Ser(tBu).Mono6.meA}$PEPTIDE1,PEPTIDE1,1:R1-7:R2$$$",-7.14900000,ok,,flexible
"PEPTIDE1{dP.meA.meL.Ser(tBu).P.Me_dL.Ser(tBu)}$PEPTIDE1,PEPTIDE1,1:R1-7:R2$$$",-6.02800000,ok,,flexible
"PEPTIDE1{Me_Bal.L.T.F.Me_dL.dL.T}$PEPTIDE1,PEPTIDE1,1:R1-7:R2$$$",-5.31700000,ok,,flexible
"PEPTIDE1{meA.pentyl_Gly.I.dL.P.meL.Mono86}$PEPTIDE1,PEPTIDE1,1:R1-7:R2$$$",-5.43200000,ok,,flexible
"PEPTIDE1{F.L.Nle.A.Mono1.meI.Mono84}$PEPTIDE1,PEPTIDE1,1:R1-7:R2$$$",-6.01400000,ok,,flexible
"PEPTIDE1{meA.meL.meF.Sar.meY.I.L}$PEPTIDE1,PEPTIDE1,1:R1-7:R2$$$",-6.56800000,ok,,flexible
"PEPTIDE1{A.meF.Sar.meL.dL.P.I}$PEPTIDE1,PEPTIDE1,1:R1-7:R2$$$",-5.65900000,ok,,flexible
"PEPTIDE1{dA.dP.A.F.V.P.Me_dL}$PEPTIDE1,PEPTIDE1,1:R1-7:R2$$$",-6.81200000,ok,,flexible
"PEPTIDE1{Sar.meL.Mono86.I.Mono84.P.I}$PEPTIDE1,PEPTIDE1,1:R1-7:R2$$$",-6.74200000,ok,,flexible
"PEPTIDE1{meA.dP.meF.meA.meL.meY.P}$PEPTIDE1,PEPTIDE1,1:R1-7:R2$$$",-7.52900000,ok,,flexible
"PEPTIDE1{A.meA.T.Ser(tBu).P.P.Me_dL}$PEPTIDE1,PEPTIDE1,1:R1-7:R2$$$",-5.90000000,ok,,flexible
"PEPTIDE1{F.Me_dA.meA.Me_dAbu.dP.L.T}$PEPTIDE1,PEPTIDE1,1:R1-7:R2$$$",-6.04000000,ok,,flexible
"PEPTIDE1{Me_dA.A.meA.A.Me_dL.F.Me_Phe(3-Cl)}$PEPTIDE1,PEPTIDE1,1:R1-7:R2$$$",-6.59400000,ok,,flexible
"PEPTIDE1{meA.cHexCH2_Gly.pentyl_Gly.dP.L.L.I}$PEPTIDE1,PEPTIDE1,1:R1-7:R2$$$",-5.10300000,ok,,flexible
"PEPTIDE1{dV.Sar.T.P.Asp_piperidide.meA.Mono34}$PEPTIDE1,PEPTIDE1,1:R1-7:R2$$$",-6.18200000,ok,,flexible
"PEPTIDE1{meA.A.meL.P.Me_dA.dA.dP}$PEPTIDE1,PEPTIDE1,1:R1-7:R2$$$",-6.60700000,ok,,flexible
"PEPTIDE1{meL.Me_dL.P.L.P.meF.T}$PEPTIDE1,PEPTIDE1,1:R1-7:R2$$$",-6.29000000,ok,,flexible
"PEPTIDE1{dF.T.Me_dL.P.dL.A.L}$PEPTIDE1,PEPTIDE1,1:R1-7:R2$$$",-6.03500000,ok,,flexible
"PEPTIDE1{Me_Bal.dP.P.Sar.meA.meL.F}$PEPTIDE1,PEPTIDE1,1:R1-7:R2$$$",-6.72700000,ok,,flexible
"PEPTIDE1{Me_dA.Me_dL.Ser(tBu).meL.L.dP.P}$PEPTIDE1,PEPTIDE1,1:R1-7:R2$$$",-6.11900000,ok,,flexible
"PEPTIDE1{dA.Pr_Gly.Ser(tBu).T.meF.P.dL}$PEPTIDE1,PEPTIDE1,1:R1-7:R2$$$",-5.57600000,ok,,flexible
"PEPTIDE1{Mono6.P.Nle.Me_Phe(3-Cl).Me_dL.A.Et_Gly}$PEPTIDE1,PEPTIDE1,1:R1-7:R2$$$",-6.11700000,ok,,flexible
"PEPTIDE1{dP.dL.meA.P.meL.L.Me_dA}$PEPTIDE1,PEPTIDE1,1:R1-7:R2$$$",-5.90400000,ok,,flexible
"PEPTIDE1{Me_Bal.Me_dL.dP.Bn_Gly.meL.Ser(tBu).P}$PEPTIDE1,PEPTIDE1,1:R1-7:R2$$$",-6.02400000,ok,,flexible
"PEPTIDE1{Me_dA.Me_Nle.dP.dL.F.T.Ser(tBu)}$PEPTIDE1,PEPTIDE1,1:R1-7:R2$$$",-5.81600000,ok,,flexible
"PEPTIDE1{meA.Me_dL.L.T.meF.dL.Ser(tBu)}$PEPTIDE1,PEPTIDE1,1:R1-7:R2$$$",-5.02200000,ok,,flexible
"PEPTIDE1{Me_dA.A.meA.P.T.L.P}$PEPTIDE1,PEPTIDE1,1:R1-7:R2$$$",-6.44800000,ok,,flexible
"PEPTIDE1{meA.meL.P.L.F.dL.A}$PEPTIDE1,PEPTIDE1,1:R1-7:R2$$$",-6.38800000,ok,,flexible
"PEPTIDE1{Pr_Gly.meL.dP.meA.Sar.Me_dL.Me_dL}$PEPTIDE1,PEPTIDE1,1:R1-7:R2$$$",-5.87400000,ok,,flexible
"PEPTIDE1{meA.3Pal.T.Me_Nle.Me_Phe(3-Cl).meL.L}$PEPTIDE1,PEPTIDE1,1:R1-7:R2$$$",-5.17200000,ok,,flexible
"PEPTIDE1{F.cHexCH2_Gly.L.I.Mono38.Mono86.3Pal}$PEPTIDE1,PEPTIDE1,1:R1-7:R2$$$",-5.38600000,ok,,flexible
"PEPTIDE1{meA.L.dP.Sar.T.P.dP}$PEPTIDE1,PEPTIDE1,1:R1-7:R2$$$",-6.58400000,ok,,flexible
"PEPTIDE1{A.dPye.Me_dL.P.meA.L.T}$PEPTIDE1,PEPTIDE1,1:R1-7:R2$$$",-5.79400000,ok,,flexible
"PEPTIDE1{dV.A.pentyl_Gly.Me_dL.F.Me_dAbu.F}$PEPTIDE1,PEPTIDE1,1:R1-7:R2$$$",-5.75800000,ok,,flexible
"PEPTIDE1{dV.meL.meA.L.L.dP.T}$PEPTIDE1,PEPTIDE1,1:R1-7:R2$$$",-5.96700000,ok,,flexible
"PEPTIDE1{A.T.dP.meF.P.Ser(tBu).T}$PEPTIDE1,PEPTIDE1,1:R1-7:R2$$$",-6.94400000,ok,,flexible
"PEPTIDE1{dA.Me_dA.T.meA.P.V.Me_dL}$PEPTIDE1,PEPTIDE1,1:R1-7:R2$$$",-6.24900000,ok,,flexible
"PEPTIDE1{Mono6.P.L.meL.dP.meL.Mono7}$PEPTIDE1,PEPTIDE1,1:R1-7:R2$$$",-6.23400000,ok,,flexible
"PEPTIDE1{dF.T.Me_dL.dP.P.P.L}$PEPTIDE1,PEPTIDE1,1:R1-7:R2$$$",-6.87700000,ok,,flexible
"PEPTIDE1{Pr_Gly.F.meL.A.P.P.meA}$PEPTIDE1,PEPTIDE1,1:R1-7:R2$$$",-6.08200000,ok,,flexible
"PEPTIDE1{Me_Bal.P.meL.dL.P.meL.V}$PEPTIDE1,PEPTIDE1,1:R1-7:R2$$$",-6.26400000,ok,,flexible
"PEPTIDE1{L.P.T.meL.Mono78.Sar.dP}$PEPTIDE1,PEPTIDE1,1:R1-7:R2$$$",-6.57700000,ok,,flexible
"PEPTIDE1{dA.meA.F.meY.Ser(tBu).P.meL}$PEPTIDE1,PEPTIDE1,1:R1-7:R2$$$",-6.44400000,ok,,flexible
"PEPTIDE1{dA.F.Ser(tBu).L.meA.P.T}$PEPTIDE1,PEPTIDE1,1:R1-7:R2$$$",-6.04000000,ok,,flexible
"PEPTIDE1{meA.T.L.meL.dL.A.dP}$PEPTIDE1,PEPTIDE1,1:R1-7:R2$$$",-5.63600000,ok,,flexible
"PEPTIDE1{dV.dF.meL.meL.Me_dA.dP.dP}$PEPTIDE1,PEPTIDE1,1:R1-7:R2$$$",-6.87300000,ok,,flexible
"PEPTIDE1{A.P.meL.dL.L.V.L}$PEPTIDE1,PEPTIDE1,1:R1-7:R2$$$",-5.72800000,ok,,flexible
"PEPTIDE1{Me_Bal.meL.Me_Abu.T.meY.Me_dL.meF}$PEPTIDE1,PEPTIDE1,1:R1-7:R2$$$",-5.82700000,ok,,flexible
"PEPTIDE1{meA.P.F.I.Ser(tBu).T.dP}$PEPTIDE1,PEPTIDE1,1:R1-7:R2$$$",-6.22200000,ok,,flexible
"PEPTIDE1{dA.P.Me_dL.meL.T.Ser(tBu).I}$PEPTIDE1,PEPTIDE1,1:R1-7:R2$$$",-5.19400000,ok,,flexible
"PEPTIDE1{Me_dA.meA.dL.Me_dL.Pr_Gly.A.Me_dL}$PEPTIDE1,PEPTIDE1,1:R1-7:R2$$$",-5.98200000,ok,,flexible
"PEPTIDE1{dA.meL.P.dL.L.T.Sar}$PEPTIDE1,PEPTIDE1,1:R1-7:R2$$$",-5.81500000,ok,,flexible
"PEPTIDE1{meA.dP.T.P.Me_dL.meL.dL}$PEPTIDE1,PEPTIDE1,1:R1-7:R2$$$",-6.21600000,ok,,flexible
"PEPTIDE1{Me_Bal.A.meF.L.Sar.dP.T}$PEPTIDE1,PEPTIDE1,1:R1-7:R2$$$",-6.76200000,ok,,flexible
"PEPTIDE1{dA.cHexCH2_Gly.L.A.meF.L.Mono84}$PEPTIDE1,PEPTIDE1,1:R1-7:R2$$$",-6.69400000,ok,,flexible
"PEPTIDE1{dA.P.A.I.F.3Pal.Mono104}$PEPTIDE1,PEPTIDE1,1:R1-7:R2$$$",-6.39500000,ok,,flexible
"PEPTIDE1{dV.meF.meA.P.I.meI.A}$PEPTIDE1,PEPTIDE1,1:R1-7:R2$$$",-6.12200000,ok,,flexible
"PEPTIDE1{A.Me_dA.P.T.D.P.F}$PEPTIDE1,PEPTIDE1,1:R1-7:R2$$$",-6.88300000,ok,,flexible
"PEPTIDE1{meA.Me_Nle.L.pentyl_Gly.Mono86.Ser(tBu).P}$PEPTIDE1,PEPTIDE1,1:R1-7:R2$$$",-5.21400000,ok,,flexible
"PEPTIDE1{F.I.L.Mono86.Mono86.Ser(tBu).Ser(tBu)}$PEPTIDE1,PEPTIDE1,1:R1-7:R2$$$",-5.05500000,ok,,flexible
"PEPTIDE1{Me_dA.meA.meL.L.A.Ser(tBu).T}$PEPTIDE1,PEPTIDE1,1:R1-7:R2$$$",-5.53200000,ok,,flexible
"PEPTIDE1{Me_Bal.T.P.meY.dP.P.meA}$PEPTIDE1,PEPTIDE1,1:R1-7:R2$$$",-6.82100000,ok,,flexible
"PEPTIDE1{A.meA.L.dL.L.P.Et_Gly}$PEPTIDE1,PEPTIDE1,1:R1-7:R2$$$",-5.98300000,ok,,flexible
"PEPTIDE1{Mono6.P.pentyl_Gly.meA.meL.P.T}$PEPTIDE1,PEPTIDE1,1:R1-7:R2$$$",-5.63000000,ok,,flexible
"PEPTIDE1{Pr_Gly.V.I.T.Ser(tBu).meA.dL}$PEPTIDE1,PEPTIDE1,1:R1-7:R2$$$",-5.23700000,ok,,flexible
"PEPTIDE1{P.dPye.Me_dA.dL.meA.Me_dL.dV}$PEPTIDE1,PEPTIDE1,1:R1-7:R2$$$",-6.30600000,ok,,flexible
"PEPTIDE1{Pr_Gly.P.dP.meL.L.T.dL}$PEPTIDE1,PEPTIDE1,1:R1-7:R2$$$",-5.54000000,ok,,flexible
"PEPTIDE1{meA.T.L.meF.Me_dA.Ser(tBu).Asp_piperidide}$PEPTIDE1,PEPTIDE1,1:R1-7:R2$$$",-5.70600000,ok,,flexible
"PEPTIDE1{Me_dA.F.Me_dL.T.dL.Ser(tBu).meL}$PEPTIDE1,PEPTIDE1,1:R1-7:R2$$$",-5.47700000,ok,,flexible
"PEPTIDE1{F.pentyl_Gly.A.L.I.L.Mono84}$PEPTIDE1,PEPTIDE1,1:R1-7:R2$$$",-5.67800000,ok,,flexible
"PEPTIDE1{Pr_Gly.meL.dP.meY.P.Me_dL.P}$PEPTIDE1,PEPTIDE1,1:R1-7:R2$$$",-5.86900000,ok,,flexible
"PEPTIDE1{L.dP.A.Me_dL.Me_dA.L.meA}$PEPTIDE1,PEPTIDE1,1:R1-7:R2$$$",-6.27000000,ok,,flexible
"PEPTIDE1{Me_Bal.meL.meL.Asp_piperidide.meA.Sar.P}$PEPTIDE1,PEPTIDE1,1:R1-7:R2$$$",-6.44600000,ok,,flexible
"PEPTIDE1{F.Me_Nle.A.P.cHexCH2_Gly.3Pal.L}$PEPTIDE1,PEPTIDE1,1:R1-7:R2$$$",-6.60200000,ok,,flexible
"PEPTIDE1{A.V.Me_Abu.pentyl_Gly.meA.T.Mono78}$PEPTIDE1,PEPTIDE1,1:R1-7:R2$$$",-5.94800000,ok,,flexible
"PEPTIDE1{Me_dA.Me_dAbu.Sar.F.meL.meF.I}$PEPTIDE1,PEPTIDE1,1:R1-7:R2$$$",-6.26300000,ok,,flexible
"PEPTIDE1{meL.T.Me_dL.T.P.T.L}$PEPTIDE1,PEPTIDE1,1:R1-7:R2$$$",-5.31700000,ok,,flexible
"PEPTIDE1{A.meY.meL.Me_dL.P.Ser(tBu).D}$PEPTIDE1,PEPTIDE1,1:R1-7:R2$$$",-5.89500000,ok,,flexible
"PEPTIDE1{dF.meL.T.meA.Me_Abu.meL.meF}$PEPTIDE1,PEPTIDE1,1:R1-7:R2$$$",-5.19000000,ok,,flexible
"PEPTIDE1{A.dP.T.meF.L.meL.Me_dL}$PEPTIDE1,PEPTIDE1,1:R1-7:R2$$$",-5.87200000,ok,,flexible
"PEPTIDE1{F.T.P.T.L.I.D}$PEPTIDE1,PEPTIDE1,1:R1-7:R2$$$",-6.10900000,ok,,flexible
"PEPTIDE1{meA.Mono78.Ser(tBu).meL.L.P.A}$PEPTIDE1,PEPTIDE1,1:R1-7:R2$$$",-6.52000000,ok,,flexible
"PEPTIDE1{Me_Bal.Sar.cHexCH2_Gly.meA.T.Mono78.L}$PEPTIDE1,PEPTIDE1,1:R1-7:R2$$$",-7.13900000,ok,,flexible
"PEPTIDE1{dV.F.pentyl_Gly.Me_Nle.L.Ser(tBu).P}$PEPTIDE1,PEPTIDE1,1:R1-7:R2$$$",-4.83000000,ok,,flexible
"PEPTIDE1{F.meS.meA.A.Et_Gly.Me_Phe(3-Cl).T}$PEPTIDE1,PEPTIDE1,1:R1-7:R2$$$",-6.20400000,ok,,flexible
"PEPTIDE1{meA.cHexCH2_Gly.L.Me_dA.Me_dL.T.meL}$PEPTIDE1,PEPTIDE1,1:R1-7:R2$$$",-5.85000000,ok,,flexible
"PEPTIDE1{meA.A.meL.L.Me_Phe(3-Cl).dP.P}$PEPTIDE1,PEPTIDE1,1:R1-7:R2$$$",-7.42500000,ok,,flexible
"PEPTIDE1{dA.Mono38.T.P.dP.P.Ser(tBu)}$PEPTIDE1,PEPTIDE1,1:R1-7:R2$$$",-5.60100000,ok,,flexible
"PEPTIDE1{Me_Bal.meA.Sar.A.meF.L.meL}$PEPTIDE1,PEPTIDE1,1:R1-7:R2$$$",-6.32900000,ok,,flexible
"PEPTIDE1{A.F.Sar.dF.meF.L.Ser(tBu)}$PEPTIDE1,PEPTIDE1,1:R1-7:R2$$$",-5.83700000,ok,,flexible
"PEPTIDE1{F.Mono38.I.L.dL.Mono84.meL}$PEPTIDE1,PEPTIDE1,1:R1-7:R2$$$",-5.65300000,ok,,flexible
"PEPTIDE1{meA.A.Mono38.meL.L.P.Ser(tBu)}$PEPTIDE1,PEPTIDE1,1:R1-7:R2$$$",-6.06600000,ok,,flexible
"PEPTIDE1{Me_Bal.dF.F.meF.Mono84.meL.L}$PEPTIDE1,PEPTIDE1,1:R1-7:R2$$$",-6.11400000,ok,,flexible
"PEPTIDE1{Me_Bal.P.Sar.V.Ser(tBu).meL.meA}$PEPTIDE1,PEPTIDE1,1:R1-7:R2$$$",-6.22800000,ok,,flexible
"PEPTIDE1{Me_dA.meA.dL.P.L.A.T}$PEPTIDE1,PEPTIDE1,1:R1-7:R2$$$",-6.38300000,ok,,flexible
"PEPTIDE1{A.P.dL.meL.T.meF.3Pal}$PEPTIDE1,PEPTIDE1,1:R1-7:R2$$$",-6.28000000,ok,,flexible
"PEPTIDE1{dA.T.meI.A.Me_Hph.P.P}$PEPTIDE1,PEPTIDE1,1:R1-7:R2$$$",-6.67700000,ok,,flexible
"PEPTIDE1{Pr_Gly.dP.meF.Ser(tBu).Me_dL.meL.F}$PEPTIDE1,PEPTIDE1,1:R1-7:R2$$$",-5.80500000,ok,,flexible
"PEPTIDE1{dA.L.I.P.T.meL.L}$PEPTIDE1,PEPTIDE1,1:R1-7:R2$$$",-5.32200000,ok,,flexible
"PEPTIDE1{Me_dA.meA.Me_dL.T.dP.P.Me_dL}$PEPTIDE1,PEPTIDE1,1:R1-7:R2$$$",-5.98800000,ok,,flexible
"PEPTIDE1{meA.dP.meL.A.I.T.Mono7}$PEPTIDE1,PEPTIDE1,1:R1-7:R2$$$",-6.65600000,ok,,flexible
"PEPTIDE1{meA.F.cHexCH2_Gly.meL.Mono86.pentyl_Gly.Mono84}$PEPTIDE1,PEPTIDE1,1:R1-7:R2$$$",-5.47400000,ok,,flexible
"PEPTIDE1{dA.cHexCH2_Gly.meL.meF.F.P.T}$PEPTIDE1,PEPTIDE1,1:R1-7:R2$$$",-7.17800000,ok,,flexible
"PEPTIDE1{F.L.Me_Nle.P.meF.dL.L}$PEPTIDE1,PEPTIDE1,1:R1-7:R2$$$",-5.41700000,ok,,flexible
"PEPTIDE1{dF.A.meL.T.Ser(tBu).P.dP}$PEPTIDE1,PEPTIDE1,1:R1-7:R2$$$",-5.89100000,ok,,flexible
"PEPTIDE1{Pr_Gly.T.A.I.dL.L.Mono84}$PEPTIDE1,PEPTIDE1,1:R1-7:R2$$$",-5.66000000,ok,,flexible
"PEPTIDE1{dA.P.Me_dAbu.dF.meL.Sar.I}$PEPTIDE1,PEPTIDE1,1:R1-7:R2$$$",-6.50600000,ok,,flexible
"PEPTIDE1{A.Me_dL.T.Me_dL.L.T.Sar}$PEPTIDE1,PEPTIDE1,1:R1-7:R2$$$",-5.23100000,ok,,flexible
"PEPTIDE1{A.Ser(tBu).meL.F.Ser(tBu).Me_Nle.L}$PEPTIDE1,PEPTIDE1,1:R1-7:R2$$$",-4.99500000,ok,,flexible
"PEPTIDE1{dV.Mono38.Aoc(2).A.Asp_piperidide.T.Mono100}$PEPTIDE1,PEPTIDE1,1:R1-7:R2$$$",-5.58900000,ok,,flexible
"PEPTIDE1{dA.T.P.meL.T.L.meL}$PEPTIDE1,PEPTIDE1,1:R1-7:R2$$$",-5.84000000,ok,,flexible
"PEPTIDE1{dA.Me_dL.V.Mono86.meL.T.P}$PEPTIDE1,PEPTIDE1,1:R1-7:R2$$$",-5.75100000,ok,,flexible
"PEPTIDE1{meA.meL.P.V.dP.L.T}$PEPTIDE1,PEPTIDE1,1:R1-7:R2$$$",-6.22100000,ok,,flexible
"PEPTIDE1{Me_Bal.pentyl_Gly.Mono84.Sar.cHexCH2_Gly.G.meL}$PEPTIDE1,PEPTIDE1,1:R1-7:R2$$$",-6.59500000,ok,,flexible
"PEPTIDE1{dV.cHexCH2_Gly.A.L.I.Mono2.Mono84}$PEPTIDE1,PEPTIDE1,1:R1-7:R2$$$",-5.91400000,ok,,flexible
"PEPTIDE1{Me_Bal.cHexCH2_Gly.dP.meL.Mono84.T.dL}$PEPTIDE1,PEPTIDE1,1:R1-7:R2$$$",-6.67200000,ok,,flexible
"PEPTIDE1{meA.P.Me_Nle.Me_Nle.T.Nle.meL}$PEPTIDE1,PEPTIDE1,1:R1-7:R2$$$",-5.21300000,ok,,flexible
"PEPTIDE1{Mono6.Mono38.Nle.Mono84.L.Ser(tBu).P}$PEPTIDE1,PEPTIDE1,1:R1-7:R2$$$",-6.28600000,ok,,flexible
"PEPTIDE1{F.meL.P.L.I.meA.Me_Nle}$PEPTIDE1,PEPTIDE1,1:R1-7:R2$$$",-5.72200000,ok,,flexible
"PEPTIDE1{Me_dA.dP.Mono86.L.dL.P.meL}$PEPTIDE1,PEPTIDE1,1:R1-7:R2$$$",-5.95300000,ok,,flexible
"PEPTIDE1{Me_dA.meL.Me_dL.dI.P.T.Me_Nle}$PEPTIDE1,PEPTIDE1,1:R1-7:R2$$$",-5.65300000,ok,,flexible
"PEPTIDE1{F.Mono84.T.T.meL.dL.P}$PEPTIDE1,PEPTIDE1,1:R1-7:R2$$$",-6.67700000,ok,,flexible
"PEPTIDE1{dF.P.P.meF.T.P.meI}$PEPTIDE1,PEPTIDE1,1:R1-7:R2$$$",-6.61100000,ok,,flexible
"PEPTIDE1{L.meL.Me_dL.iBu_Gly.dP.meF.T}$PEPTIDE1,PEPTIDE1,1:R1-7:R2$$$",-5.41000000,ok,,flexible
"PEPTIDE1{dV.dPye.Pr_Gly.dF.F.meA.L}$PEPTIDE1,PEPTIDE1,1:R1-7:R2$$$",-6.16500000,ok,,flexible
"PEPTIDE1{dV.Pr_Gly.L.A.P.T.meL}$PEPTIDE1,PEPTIDE1,1:R1-7:R2$$$",-5.61600000,ok,,flexible
"PEPTIDE1{meA.Bn_Gly.meL.P.T.meL.dP}$PEPTIDE1,PEPTIDE1,1:R1-7:R2$$$",-6.06400000,ok,,flexible
"PEPTIDE1{Me_dA.Pr_Gly.meA.T.Me_dL.dP.L}$PEPTIDE1,PEPTIDE1,1:R1-7:R2$$$",-5.77800000,ok,,flexible
"PEPTIDE1{Me_Bal.cHexCH2_Gly.Me_Nle.Mono84.dP.meF.P}$PEPTIDE1,PEPTIDE1,1:R1-7:R2$$$",-6.10600000,ok,,flexible
"PEPTIDE1{meA.dP.Me_dA.Sar.Me_dL.Ser(tBu).T}$PEPTIDE1,PEPTIDE1,1:R1-7:R2$$$",-5.64300000,ok,,flexible
"PEPTIDE1{Me_Bal.cHexCH2_Gly.A.Mono86.P.meL.meA}$PEPTIDE1,PEPTIDE1,1:R1-7:R2$$$",-7.14300000,ok,,flexible
"PEPTIDE1{dA.P.meV.Mono86.A.Sar.P}$PEPTIDE1,PEPTIDE1,1:R1-7:R2$$$",-7.00200000,ok,,flexible
"PEPTIDE1{Me_dA.Me_dA.meA.dL.Me_dL.F.I}$PEPTIDE1,PEPTIDE1,1:R1-7:R2$$$",-5.88500000,ok,,flexible
"PEPTIDE1{dA.L.meL.Asp_piperidide.dP.F.dL}$PEPTIDE1,PEPTIDE1,1:R1-7:R2$$$",-5.24100000,ok,,flexible
"PEPTIDE1{meA.meL.Ser(tBu).P.P.H.dV}$PEPTIDE1,PEPTIDE1,1:R1-7:R2$$$",-5.76500000,ok,,flexible
"PEPTIDE1{meA.cHexCH2_Gly.L.Mono38.pentyl_Gly.Me_Nle.meL}$PEPTIDE1,PEPTIDE1,1:R1-7:R2$$$",-4.94200000,ok,,flexible
"PEPTIDE1{meA.F.P.meL.dL.I.Mono84}$PEPTIDE1,PEPTIDE1,1:R1-7:R2$$$",-5.95100000,ok,,flexible
"PEPTIDE1{A.P.T.meL.Me_dL.Me_dA.Nle}$PEPTIDE1,PEPTIDE1,1:R1-7:R2$$$",-5.39600000,ok,,flexible
"PEPTIDE1{dV.P.Ser(tBu).T.T.V.meL}$PEPTIDE1,PEPTIDE1,1:R1-7:R2$$$",-5.51900000,ok,,flexible
"PEPTIDE1{Mono6.meA.P.Ser(tBu).F.meF.dP}$PEPTIDE1,PEPTIDE1,1:R1-7:R2$$$",-6.93600000,ok,,flexible
"PEPTIDE1{A.Pr_Gly.Pr_Gly.dL.dF.dP.Me_dA}$PEPTIDE1,PEPTIDE1,1:R1-7:R2$$$",-5.95100000,ok,,flexible
"PEPTIDE1{Me_Bal.T.meL.dL.meA.Me_Phe(3-Cl).P}$PEPTIDE1,PEPTIDE1,1:R1-7:R2$$$",-6.11000000,ok,,flexible
"PEPTIDE1{A.P.T.P.Me_dL.T.Me_dL}$PEPTIDE1,PEPTIDE1,1:R1-7:R2$$$",-6.19200000,ok,,flexible
"PEPTIDE1{meA.P.dP.V.meV.Me_dL.meL}$PEPTIDE1,PEPTIDE1,1:R1-7:R2$$$",-6.18100000,ok,,flexible
"PEPTIDE1{dA.T.L.meL.dP.F.A}$PEPTIDE1,PEPTIDE1,1:R1-7:R2$$$",-5.84600000,ok,,flexible
"PEPTIDE1{Mono6.T.meA.F.Me_dL.A.P}$PEPTIDE1,PEPTIDE1,1:R1-7:R2$$$",-6.54000000,ok,,flexible
"PEPTIDE1{L.meL.meA.Me_dL.T.Me_dA.meL}$PEPTIDE1,PEPTIDE1,1:R1-7:R2$$$",-5.08600000,ok,,flexible
"PEPTIDE1{A.Me_dL.Me_dA.meL.L.T.F}$PEPTIDE1,PEPTIDE1,1:R1-7:R2$$$",-5.92100000,ok,,flexible
"PEPTIDE1{F.Sar.L.dL.dP.cHexCH2_Gly.meA}$PEPTIDE1,PEPTIDE1,1:R1-7:R2$$$",-6.22300000,ok,,flexible
"PEPTIDE1{meA.T.Ser(tBu).T.T.P.F}$PEPTIDE1,PEPTIDE1,1:R1-7:R2$$$",-6.33600000,ok,,flexible
"PEPTIDE1{Pr_Gly.meA.dP.P.dL.T.Me_dL}$PEPTIDE1,PEPTIDE1,1:R1-7:R2$$$",-5.83600000,ok,,flexible
"PEPTIDE1{meA.Me_Nle.A.T.dL.Me_Phe(3-Cl).Me_dL}$PEPTIDE1,PEPTIDE1,1:R1-7:R2$$$",-5.79400000,ok,,flexible
"PEPTIDE1{F.Me_Nle.Nle.T.meL.Mono100.P}$PEPTIDE1,PEPTIDE1,1:R1-7:R2$$$",-5.85600000,ok,,flexible
"PEPTIDE1{F.Mono38.Me_Nle.T.meL.L.I}$PEPTIDE1,PEPTIDE1,1:R1-7:R2$$$",-5.26700000,ok,,flexible
"PEPTIDE1{Me_Bal.Sar.meL.Ser(tBu).Me_dL.P.meY}$PEPTIDE1,PEPTIDE1,1:R1-7:R2$$$",-5.39600000,ok,,flexible
"PEPTIDE1{meA.dP.A.meL.F.T.Me_dA}$PEPTIDE1,PEPTIDE1,1:R1-7:R2$$$",-6.02400000,ok,,flexible
"PEPTIDE1{Me_dA.dP.meA.dL.V.L.T}$PEPTIDE1,PEPTIDE1,1:R1-7:R2$$$",-5.88100000,ok,,flexible
"PEPTIDE1{F.cHexCH2_Gly.Mono38.A.P.T.dP}$PEPTIDE1,PEPTIDE1,1:R1-7:R2$$$",-7.02200000,ok,,flexible
"PEPTIDE1{L.meA.F.Sar.I.meV.Mono84}$PEPTIDE1,PEPTIDE1,1:R1-7:R2$$$",-8.08100000,ok,,flexible
"PEPTIDE1{meA.T.T.L.Me_dA.dL.A}$PEPTIDE1,PEPTIDE1,1:R1-7:R2$$$",-5.77200000,ok,,flexible
"PEPTIDE1{Me_dA.L.dL.meL.T.P.meV}$PEPTIDE1,PEPTIDE1,1:R1-7:R2$$$",-5.78600000,ok,,flexible
"PEPTIDE1{dV.A.Me_dL.dF.meF.P.F}$PEPTIDE1,PEPTIDE1,1:R1-7:R2$$$",-5.75200000,ok,,flexible
"PEPTIDE1{Me_dA.A.meA.dL.L.T.Me_dL}$PEPTIDE1,PEPTIDE1,1:R1-7:R2$$$",-5.83700000,ok,,flexible
"PEPTIDE1{meL.meS.meV.meA.Me_dL.Me_dA.meF}$PEPTIDE1,PEPTIDE1,1:R1-7:R2$$$",-5.65800000,ok,,flexible
"PEPTIDE1{F.L.Ser(tBu).P.T.T.meI}$PEPTIDE1,PEPTIDE1,1:R1-7:R2$$$",-5.33000000,ok,,flexible
"PEPTIDE1{P.dPye.F.meF.dP.dP.Ser(tBu)}$PEPTIDE1,PEPTIDE1,1:R1-7:R2$$$",-5.73100000,ok,,flexible
"PEPTIDE1{Me_dA.Pr_Gly.Pr_Gly.dL.meF.Ser(tBu).T}$PEPTIDE1,PEPTIDE1,1:R1-7:R2$$$",-5.43400000,ok,,flexible
"PEPTIDE1{meA.A.Me_dL.L.meF.T.Me_Nle}$PEPTIDE1,PEPTIDE1,1:R1-7:R2$$$",-5.69800000,ok,,flexible
"PEPTIDE1{F.Mono38.I.T.A.Me_Nle.dL}$PEPTIDE1,PEPTIDE1,1:R1-7:R2$$$",-5.06200000,ok,,flexible
"PEPTIDE1{F.L.dP.Ser(tBu).T.P.Mono84}$PEPTIDE1,PEPTIDE1,1:R1-7:R2$$$",-5.81000000,ok,,flexible
"PEPTIDE1{dA.F.meL.T.T.Me_dL.dL}$PEPTIDE1,PEPTIDE1,1:R1-7:R2$$$",-5.80700000,ok,,flexible
"PEPTIDE1{L.Abu.P.Sar.meL.dL.Me_dA}$PEPTIDE1,PEPTIDE1,1:R1-7:R2$$$",-5.38000000,ok,,flexible
"PEPTIDE1{Me_Bal.P.pentyl_Gly.meL.dL.Mono84.Ser(tBu)}$PEPTIDE1,PEPTIDE1,1:R1-7:R2$$$",-5.72200000,ok,,flexible
"PEPTIDE1{Me_dA.Me_dL.L.meL.meL.Ser(tBu).T}$PEPTIDE1,PEPTIDE1,1:R1-7:R2$$$",-4.60700000,ok,,flexible
"PEPTIDE1{Sar.meA.meF.T.meL.A.Me_dA}$PEPTIDE1,PEPTIDE1,1:R1-7:R2$$$",-6.07900000,ok,,flexible
"PEPTIDE1{Me_dA.Me_dAbu.meA.dP.meF.T.meL}$PEPTIDE1,PEPTIDE1,1:R1-7:R2$$$",-6.33000000,ok,,flexible
"PEPTIDE1{dV.Pr_Gly.A.meA.meL.Me_dL.dL}$PEPTIDE1,PEPTIDE1,1:R1-7:R2$$$",-5.58000000,ok,,flexible
"PEPTIDE1{P.Pr_Gly.Ser(tBu).L.Ser(tBu).Me_dL.Mono2}$PEPTIDE1,PEPTIDE1,1:R1-7:R2$$$",-5.41700000,ok,,flexible
"PEPTIDE1{A.P.Me_dL.T.meA.dP.dP}$PEPTIDE1,PEPTIDE1,1:R1-7:R2$$$",-6.51500000,ok,,flexible
"PEPTIDE1{Sar.meF.P.V.T.meL.dL}$PEPTIDE1,PEPTIDE1,1:R1-7:R2$$$",-6.50600000,ok,,flexible
"PEPTIDE1{Pr_Gly.P.pentyl_Gly.meA.Me_Nle.meL.Ser(tBu)}$PEPTIDE1,PEPTIDE1,1:R1-7:R2$$$",-4.95800000,ok,,flexible
"PEPTIDE1{A.cHexCH2_Gly.meA.meL.L.P.meL}$PEPTIDE1,PEPTIDE1,1:R1-7:R2$$$",-5.26200000,ok,,flexible
"PEPTIDE1{Me_dA.dA.A.L.Ser(tBu).Me_dL.meS}$PEPTIDE1,PEPTIDE1,1:R1-7:R2$$$",-5.47000000,ok,,flexible
"PEPTIDE1{A.dP.V.T.L.meL.T}$PEPTIDE1,PEPTIDE1,1:R1-7:R2$$$",-5.14000000,ok,,flexible
"PEPTIDE1{Me_Bal.meL.L.Me_dA.Et_Gly.P.dP}$PEPTIDE1,PEPTIDE1,1:R1-7:R2$$$",-6.58100000,ok,,flexible
"PEPTIDE1{A.T.Mono12.P.T.I.L}$PEPTIDE1,PEPTIDE1,1:R1-7:R2$$$",-5.77500000,ok,,flexible
"PEPTIDE1{P.Pr_Gly.L.meL.V.dP.P}$PEPTIDE1,PEPTIDE1,1:R1-7:R2$$$",-5.70400000,ok,,flexible
"PEPTIDE1{L.dF.meL.Ser(tBu).Me_dL.F.V}$PEPTIDE1,PEPTIDE1,1:R1-7:R2$$$",-4.52700000,ok,,flexible
"PEPTIDE1{A.F.Me_dA.dP.P.L.P}$PEPTIDE1,PEPTIDE1,1:R1-7:R2$$$",-7.06000000,ok,,flexible
"PEPTIDE1{dV.pentyl_Gly.Me_Nle.Mono38.I.meF.L}$PEPTIDE1,PEPTIDE1,1:R1-7:R2$$$",-4.43900000,ok,,flexible
"PEPTIDE1{dF.A.Et_Gly.dL.dP.Mono84.L}$PEPTIDE1,PEPTIDE1,1:R1-7:R2$$$",-5.67200000,ok,,flexible
"PEPTIDE1{meA.T.meF.Ser(tBu).P.P.Sar}$PEPTIDE1,PEPTIDE1,1:R1-7:R2$$$",-7.30400000,ok,,flexible
"PEPTIDE1{dP.dL.Me_dA.meF.meL.P.Ser(tBu)}$PEPTIDE1,PEPTIDE1,1:R1-7:R2$$$",-6.53200000,ok,,flexible
"PEPTIDE1{A.meL.cHexCH2_Gly.F.Me_Nle.I.L}$PEPTIDE1,PEPTIDE1,1:R1-7:R2$$$",-4.74600000,ok,,flexible
"PEPTIDE1{F.P.meA.meL.P.L.Me_Nle}$PEPTIDE1,PEPTIDE1,1:R1-7:R2$$$",-5.72000000,ok,,flexible
"PEPTIDE1{meA.Ser(tBu).dL.A.P.meL.T}$PEPTIDE1,PEPTIDE1,1:R1-7:R2$$$",-5.50800000,ok,,flexible
"PEPTIDE1{L.Sar.dA.meL.Me_dA.Me_dL.Sar}$PEPTIDE1,PEPTIDE1,1:R1-7:R2$$$",-5.94700000,ok,,flexible
"PEPTIDE1{Mono6.dA.dL.dP.I.meF.P}$PEPTIDE1,PEPTIDE1,1:R1-7:R2$$$",-6.81000000,ok,,flexible
"PEPTIDE1{dV.dP.Bn_Gly.F.Me_dL.P.meI}$PEPTIDE1,PEPTIDE1,1:R1-7:R2$$$",-6.28600000,ok,,flexible
"PEPTIDE1{dV.meA.dP.L.Sar.P.F}$PEPTIDE1,PEPTIDE1,1:R1-7:R2$$$",-6.02700000,ok,,flexible
"PEPTIDE1{dP.A.meL.Ser(tBu).meF.F.L}$PEPTIDE1,PEPTIDE1,1:R1-7:R2$$$",-5.92300000,ok,,flexible
"PEPTIDE1{dV.Me_dL.V.meV.L.L.meL}$PEPTIDE1,PEPTIDE1,1:R1-7:R2$$$",-5.17300000,ok,,flexible
"PEPTIDE1{Me_dA.Pr_Gly.P.F.L.Mono90.meL}$PEPTIDE1,PEPTIDE1,1:R1-7:R2$$$",-5.69600000,ok,,flexible
"PEPTIDE1{meA.meL.dA.F.meF.P.meI}$PEPTIDE1,PEPTIDE1,1:R1-7:R2$$$",-6.15100000,ok,,flexible
"PEPTIDE1{dV.Me_dA.meS.L.meL.dL.meA}$PEPTIDE1,PEPTIDE1,1:R1-7:R2$$$",-6.12600000,ok,,flexible
"PEPTIDE1{meA.dV.Me_dA.F.F.F.meL}$PEPTIDE1,PEPTIDE1,1:R1-7:R2$$$",-6.91800000,ok,,flexible
"PEPTIDE1{dV.F.P.T.meA.meL.L}$PEPTIDE1,PEPTIDE1,1:R1-7:R2$$$",-6.20400000,ok,,flexible
"PEPTIDE1{meA.I.dP.meL.L.L.P}$PEPTIDE1,PEPTIDE1,1:R1-7:R2$$$",-5.91000000,ok,,flexible
"PEPTIDE1{Me_Bal.I.meL.cHexCH2_Gly.P.L.F}$PEPTIDE1,PEPTIDE1,1:R1-7:R2$$$",-6.53200000,ok,,flexible
"PEPTIDE1{meA.F.Me_dL.dL.dP.T.meL}$PEPTIDE1,PEPTIDE1,1:R1-7:R2$$$",-5.90600000,ok,,flexible
"PEPTIDE1{dA.Me_dL.P.T.F.meI.meL}$PEPTIDE1,PEPTIDE1,1:R1-7:R2$$$",-5.55300000,ok,,flexible
"PEPTIDE1{P.A.dF.meL.meF.Phe(4-CF3).Ser(tBu)}$PEPTIDE1,PEPTIDE1,1:R1-7:R2$$$",-5.79300000,ok,,flexible
"PEPTIDE1{meA.meL.P.T.Me_dL.dF.A}$PEPTIDE1,PEPTIDE1,1:R1-7:R2$$$",-5.86100000,ok,,flexible
"PEPTIDE1{meL.L.P.meA.T.meL.T}$PEPTIDE1,PEPTIDE1,1:R1-7:R2$$$",-5.85700000,ok,,flexible
"PEPTIDE1{F.dA.dP.T.T.T.A}$PEPTIDE1,PEPTIDE1,1:R1-7:R2$$$",-6.67300000,ok,,flexible
"PEPTIDE1{dA.meA.Me_dL.P.P.dP.P}$PEPTIDE1,PEPTIDE1,1:R1-7:R2$$$",-7.41500000,ok,,flexible
"PEPTIDE1{Me_dA.A.meA.P.T.T.V}$PEPTIDE1,PEPTIDE1,1:R1-7:R2$$$",-6.12600000,ok,,flexible
"PEPTIDE1{dV.P.T.Sar.T.dP.meA}$PEPTIDE1,PEPTIDE1,1:R1-7:R2$$$",-6.29600000,ok,,flexible
"PEPTIDE1{Me_Bal.Bn_Gly.T.Mono86.meF.Me_Nle.Nle}$PEPTIDE1,PEPTIDE1,1:R1-7:R2$$$",-5.55400000,ok,,flexible
"PEPTIDE1{Me_Bal.L.T.meA.Me_dA.meI.P}$PEPTIDE1,PEPTIDE1,1:R1-7:R2$$$",-6.57500000,ok,,flexible
"PEPTIDE1{Me_Bal.dP.P.P.P.V.F}$PEPTIDE1,PEPTIDE1,1:R1-7:R2$$$",-7.57000000,ok,,flexible
"PEPTIDE1{meL.Mono104.Mono84.dL.P.T.meA}$PEPTIDE1,PEPTIDE1,1:R1-7:R2$$$",-6.37400000,ok,,flexible
"PEPTIDE1{Me_Bal.dA.F.Pr_Gly.meA.meL.P}$PEPTIDE1,PEPTIDE1,1:R1-7:R2$$$",-6.29400000,ok,,flexible
"PEPTIDE1{Me_dA.F.A.Ser(tBu).meF.Pr_Gly.dF}$PEPTIDE1,PEPTIDE1,1:R1-7:R2$$$",-5.56600000,ok,,flexible
"PEPTIDE1{dV.P.T.Me_dA.Me_dL.Sar.Ser(tBu)}$PEPTIDE1,PEPTIDE1,1:R1-7:R2$$$",-5.32700000,ok,,flexible
"PEPTIDE1{dF.meA.L.Ser(tBu).T.A.T}$PEPTIDE1,PEPTIDE1,1:R1-7:R2$$$",-6.73600000,ok,,flexible
"PEPTIDE1{dA.meL.meA.P.V.dP.dL}$PEPTIDE1,PEPTIDE1,1:R1-7:R2$$$",-6.55700000,ok,,flexible
"PEPTIDE1{meA.Pr_Gly.meF.A.P.T.P}$PEPTIDE1,PEPTIDE1,1:R1-7:R2$$$",-6.82500000,ok,,flexible
"PEPTIDE1{F.pentyl_Gly.Me_Nle.Ser(tBu).dL.Mono84.T}$PEPTIDE1,PEPTIDE1,1:R1-7:R2$$$",-5.18200000,ok,,flexible
"PEPTIDE1{Mono6.dL.meA.meF.meA.F.meL}$PEPTIDE1,PEPTIDE1,1:R1-7:R2$$$",-6.69000000,ok,,flexible
"PEPTIDE1{meA.meL.dP.Me_dL.meA.meY.T}$PEPTIDE1,PEPTIDE1,1:R1-7:R2$$$",-6.47900000,ok,,flexible
"PEPTIDE1{Mono6.Mono38.meL.L.I.Nle.T}$PEPTIDE1,PEPTIDE1,1:R1-7:R2$$$",-4.84700000,ok,,flexible
"PEPTIDE1{Me_Bal.L.cHexCH2_Gly.Mono84.3Pal.A.I}$PEPTIDE1,PEPTIDE1,1:R1-7:R2$$$",-5.84400000,ok,,flexible
"PEPTIDE1{Sar.dP.dL.F.P.meL.T}$PEPTIDE1,PEPTIDE1,1:R1-7:R2$$$",-6.38600000,ok,,flexible
"PEPTIDE1{dV.meA.dP.meL.L.Mono84.P}$PEPTIDE1,PEPTIDE1,1:R1-7:R2$$$",-6.44400000,ok,,flexible
"PEPTIDE1{Me_Bal.dL.F.dF.Ser(tBu).T.Asp_piperidide}$PEPTIDE1,PEPTIDE1,1:R1-7:R2$$$",-6.29000000,ok,,flexible
"PEPTIDE1{Pr_Gly.Mono104.Mono84.dL.meL.L.Ser(tBu)}$PEPTIDE1,PEPTIDE1,1:R1-7:R2$$$",-4.90700000,ok,,flexible
"PEPTIDE1{Me_dA.Pr_Gly.meL.P.meL.F.H}$PEPTIDE1,PEPTIDE1,1:R1-7:R2$$$",-6.44100000,ok,,flexible
"PEPTIDE1{A.Me_dA.Me_dL.Ser(tBu).dL.Me_Nle.meL}$PEPTIDE1,PEPTIDE1,1:R1-7:R2$$$",-5.03800000,ok,,flexible
"PEPTIDE1{L.Mono6.meF.T.dA.meL.dP}$PEPTIDE1,PEPTIDE1,1:R1-7:R2$$$",-6.03900000,ok,,flexible
"PEPTIDE1{meL.P.dL.meF.L.Me_Nle.dP}$PEPTIDE1,PEPTIDE1,1:R1-7:R2$$$",-5.92900000,ok,,flexible
"PEPTIDE1{P.meA.L.meL.meY.Me_dL.dP}$PEPTIDE1,PEPTIDE1,1:R1-7:R2$$$",-6.39200000,ok,,flexible
"PEPTIDE1{Pr_Gly.A.pentyl_Gly.T.meL.Me_dL.meA}$PEPTIDE1,PEPTIDE1,1:R1-7:R2$$$",4.04300000,ok,,flexible
"PEPTIDE1{meA.Me_dA.L.pentyl_Gly.Sar.P.F}$PEPTIDE1,PEPTIDE1,1:R1-7:R2$$$",-5.54900000,ok,,flexible
"PEPTIDE1{P.meL.A.L.meL.meA.I}$PEPTIDE1,PEPTIDE1,1:R1-7:R2$$$",-5.52300000,ok,,flexible
"PEPTIDE1{dV.Me_dA.pentyl_Gly.Mono11.T.meL.meL}$PEPTIDE1,PEPTIDE1,1:R1-7:R2$$$",-5.52800000,ok,,flexible
"PEPTIDE1{dA.F.dF.meA.meF.T.L}$PEPTIDE1,PEPTIDE1,1:R1-7:R2$$$",-6.76200000,ok,,flexible
"PEPTIDE1{L.P.meA.A.Sar.Me_dL.I}$PEPTIDE1,PEPTIDE1,1:R1-7:R2$$$",-6.36800000,ok,,flexible
"PEPTIDE1{L.meL.dA.Sar.T.I.Mono11}$PEPTIDE1,PEPTIDE1,1:R1-7:R2$$$",-5.69200000,ok,,flexible
"PEPTIDE1{dF.P.T.L.V.dL.Me_dL}$PEPTIDE1,PEPTIDE1,1:R1-7:R2$$$",-5.76300000,ok,,flexible
"PEPTIDE1{Pr_Gly.F.P.V.A.L.Ser(tBu)}$PEPTIDE1,PEPTIDE1,1:R1-7:R2$$$",-6.19100000,ok,,flexible
"PEPTIDE1{Me_Bal.meA.meL.L.P.Me_dL.Me_dA}$PEPTIDE1,PEPTIDE1,1:R1-7:R2$$$",-7.14400000,ok,,flexible
"PEPTIDE1{Mono6.P.meL.dP.P.P.pentyl_Gly}$PEPTIDE1,PEPTIDE1,1:R1-7:R2$$$",-6.47500000,ok,,flexible
"PEPTIDE1{P.meA.F.dA.Me_dA.L.T}$PEPTIDE1,PEPTIDE1,1:R1-7:R2$$$",-6.79700000,ok,,flexible
"PEPTIDE1{F.Me_Nle.T.pentyl_Gly.I.meF.meL}$PEPTIDE1,PEPTIDE1,1:R1-7:R2$$$",-4.83500000,ok,,flexible
"PEPTIDE1{Mono6.pentyl_Gly.T.Ser(tBu).meL.P.meA}$PEPTIDE1,PEPTIDE1,1:R1-7:R2$$$",-5.75500000,ok,,flexible
"PEPTIDE1{Me_dA.meL.dL.meL.Ser(tBu).L.Sar}$PEPTIDE1,PEPTIDE1,1:R1-7:R2$$$",-5.80900000,ok,,flexible
"PEPTIDE1{meA.Me_dL.Ser(tBu).A.meL.T.F}$PEPTIDE1,PEPTIDE1,1:R1-7:R2$$$",-6.42800000,ok,,flexible
"PEPTIDE1{meA.Mono38.P.L.dP.G.meL}$PEPTIDE1,PEPTIDE1,1:R1-7:R2$$$",-5.98700000,ok,,flexible
"PEPTIDE1{Me_dA.L.dP.meL.meA.P.F}$PEPTIDE1,PEPTIDE1,1:R1-7:R2$$$",-6.73500000,ok,,flexible
"PEPTIDE1{F.Ser(tBu).meL.A.dP.dL.L}$PEPTIDE1,PEPTIDE1,1:R1-7:R2$$$",-5.45100000,ok,,flexible
"PEPTIDE1{P.Me_dL.meA.Me_dL.Me_dA.F.meI}$PEPTIDE1,PEPTIDE1,1:R1-7:R2$$$",-6.29300000,ok,,flexible
"PEPTIDE1{F.cHexCH2_Gly.Mono38.pentyl_Gly.L.Et_Gly.Mono86}$PEPTIDE1,PEPTIDE1,1:R1-7:R2$$$",-5.78000000,ok,,flexible
"PEPTIDE1{Mono6.P.dL.meA.I.Ser(tBu).F}$PEPTIDE1,PEPTIDE1,1:R1-7:R2$$$",-5.53200000,ok,,flexible
"PEPTIDE1{Me_dA.dF.Me_dL.meL.L.T.V}$PEPTIDE1,PEPTIDE1,1:R1-7:R2$$$",-5.69600000,ok,,flexible
"PEPTIDE1{Pr_Gly.cHexCH2_Gly.A.L.P.T.Me_dL}$PEPTIDE1,PEPTIDE1,1:R1-7:R2$$$",-5.92400000,ok,,flexible
"PEPTIDE1{Me_dA.Ser(tBu).P.meA.T.L.meI}$PEPTIDE1,PEPTIDE1,1:R1-7:R2$$$",-5.86900000,ok,,flexible
"PEPTIDE1{dV.meF.dA.pentyl_Gly.L.Mono84.meL}$PEPTIDE1,PEPTIDE1,1:R1-7:R2$$$",-5.38100000,ok,,flexible
"PEPTIDE1{Mono6.meL.A.P.Me_Phe(3-Cl).I.L}$PEPTIDE1,PEPTIDE1,1:R1-7:R2$$$",-5.74600000,ok,,flexible
"PEPTIDE1{P.meA.dL.A.meF.Ser(tBu).F}$PEPTIDE1,PEPTIDE1,1:R1-7:R2$$$",-6.88200000,ok,,flexible
"PEPTIDE1{meA.L.T.dP.P.T.Ser(tBu)}$PEPTIDE1,PEPTIDE1,1:R1-7:R2$$$",-5.47600000,ok,,flexible
"PEPTIDE1{meA.V.Me_dL.meL.T.dL.Sar}$PEPTIDE1,PEPTIDE1,1:R1-7:R2$$$",-6.07300000,ok,,flexible
"PEPTIDE1{F.Me_Nle.L.Mono38.meL.I.T}$PEPTIDE1,PEPTIDE1,1:R1-7:R2$$$",-5.14400000,ok,,flexible
"PEPTIDE1{F.P.pentyl_Gly.Me_Nle.T.Et_Gly.L}$PEPTIDE1,PEPTIDE1,1:R1-7:R2$$$",-5.03900000,ok,,flexible
"PEPTIDE1{meA.Sar.L.Me_dL.T.meA.dP}$PEPTIDE1,PEPTIDE1,1:R1-7:R2$$$",-6.57500000,ok,,flexible
"PEPTIDE1{Me_dA.Pr_Gly.meL.A.meL.Me_dL.L}$PEPTIDE1,PEPTIDE1,1:R1-7:R2$$$",-5.30100000,ok,,flexible
"PEPTIDE1{Me_Bal.Ser(tBu).V.T.L.T.Me_dL}$PEPTIDE1,PEPTIDE1,1:R1-7:R2$$$",-5.24700000,ok,,flexible
"PEPTIDE1{Me_dA.dA.dF.F.V.F.Ser(tBu)}$PEPTIDE1,PEPTIDE1,1:R1-7:R2$$$",-5.83400000,ok,,flexible
"PEPTIDE1{dV.Me_dA.meF.dP.P.T.meV}$PEPTIDE1,PEPTIDE1,1:R1-7:R2$$$",-7.41200000,ok,,flexible
"PEPTIDE1{meA.F.L.P.G.V.Sar}$PEPTIDE1,PEPTIDE1,1:R1-7:R2$$$",-6.32400000,ok,,flexible
"PEPTIDE1{Sar.P.P.dL.T.meA.T}$PEPTIDE1,PEPTIDE1,1:R1-7:R2$$$",-6.55400000,ok,,flexible
"PEPTIDE1{dA.P.meF.meV.F.L.Mono84}$PEPTIDE1,PEPTIDE1,1:R1-7:R2$$$",-6.19700000,ok,,flexible
"PEPTIDE1{L.Me_Nle.I.Nle.T.meA.P}$PEPTIDE1,PEPTIDE1,1:R1-7:R2$$$",-5.19000000,ok,,flexible
"PEPTIDE1{dA.P.meL.meA.meL.Ser(tBu).V}$PEPTIDE1,PEPTIDE1,1:R1-7:R2$$$",-5.51700000,ok,,flexible
"PEPTIDE1{L.meL.Ser(tBu).Sar.L.pentyl_Gly.Et_Gly}$PEPTIDE1,PEPTIDE1,1:R1-7:R2$$$",-4.93000000,ok,,flexible
"PEPTIDE1{Me_dA.A.Me_dL.meL.meL.dF.T}$PEPTIDE1,PEPTIDE1,1:R1-7:R2$$$",-6.00500000,ok,,flexible
"PEPTIDE1{dV.Me_dAbu.meY.Me_dA.Me_dL.Me_dL.meL}$PEPTIDE1,PEPTIDE1,1:R1-7:R2$$$",-5.32400000,ok,,flexible
"PEPTIDE1{dF.meA.P.Ser(tBu).T.meL.P}$PEPTIDE1,PEPTIDE1,1:R1-7:R2$$$",-5.78600000,ok,,flexible
"PEPTIDE1{Me_Bal.Me_Nle.Me_dL.meF.P.Asp_piperidide.Ser(tBu)}$PEPTIDE1,PEPTIDE1,1:R1-7:R2$$$",-6.31200000,ok,,flexible
"PEPTIDE1{Pr_Gly.meA.Ser(tBu).F.dP.P.meF}$PEPTIDE1,PEPTIDE1,1:R1-7:R2$$$",-5.91100000,ok,,flexible
"PEPTIDE1{meA.Me_Nle.Mono38.A.cHexCH2_Gly.Mono78.Mono86}$PEPTIDE1,PEPTIDE1,1:R1-7:R2$$$",-5.78800000,ok,,flexible
"PEPTIDE1{P.Pr_Gly.meL.L.P.L.dP}$PEPTIDE1,PEPTIDE1,1:R1-7:R2$$$",-5.76500000,ok,,flexible
"PEPTIDE1{dA.Me_dA.Me_Abu.meA.Sar.dP.V}$PEPTIDE1,PEPTIDE1,1:R1-7:R2$$$",-6.35000000,ok,,flexible
"PEPTIDE1{Me_dA.Me_dL.P.dP.meL.meF.Me_Abu}$PEPTIDE1,PEPTIDE1,1:R1-7:R2$$$",-6.06400000,ok,,flexible
"PEPTIDE1{A.Pr_Gly.Me_dA.dF.Me_Phe(3-Cl).dP.T}$PEPTIDE1,PEPTIDE1,1:R1-7:R2$$$",-6.08200000,ok,,flexible
"PEPTIDE1{meA.meF.A.T.Me_Abu.Asp_piperidide.Et_Gly}$PEPTIDE1,PEPTIDE1,1:R1-7:R2$$$",-5.90200000,ok,,flexible
"PEPTIDE1{meA.pentyl_Gly.Ser(tBu).I.L.meL.A}$PEPTIDE1,PEPTIDE1,1:R1-7:R2$$$",-4.59300000,ok,,flexible
"PEPTIDE1{meA.Pr_Gly.L.F.P.meA.dL}$PEPTIDE1,PEPTIDE1,1:R1-7:R2$$$",-5.98100000,ok,,flexible
"PEPTIDE1{Me_Bal.P.meL.dL.F.A.dV}$PEPTIDE1,PEPTIDE1,1:R1-7:R2$$$",-6.53300000,ok,,flexible
"PEPTIDE1{Me_Bal.Mono38.T.Mono84.Me_Nle.A.dP}$PEPTIDE1,PEPTIDE1,1:R1-7:R2$$$",-6.42400000,ok,,flexible
"PEPTIDE1{Me_dA.meL.meF.meA.Me_dL.T.dF}$PEPTIDE1,PEPTIDE1,1:R1-7:R2$$$",-5.99200000,ok,,flexible
"PEPTIDE1{Me_Bal.Pr_Gly.A.P.dV.V.I}$PEPTIDE1,PEPTIDE1,1:R1-7:R2$$$",-6.01800000,ok,,flexible
"PEPTIDE1{L.dP.meL.Me_dL.Me_dL.T.meL}$PEPTIDE1,PEPTIDE1,1:R1-7:R2$$$",-5.03400000,ok,,flexible
"PEPTIDE1{dA.Pr_Gly.meA.meA.Me_dL.Me_dA.meL}$PEPTIDE1,PEPTIDE1,1:R1-7:R2$$$",-5.27700000,ok,,flexible
"PEPTIDE1{Me_dA.cHexCH2_Gly.T.P.Me_dL.P.Ser(tBu)}$PEPTIDE1,PEPTIDE1,1:R1-7:R2$$$",-5.83000000,ok,,flexible
"PEPTIDE1{F.Bn_Gly.pentyl_Gly.A.Me_Nle.P.I}$PEPTIDE1,PEPTIDE1,1:R1-7:R2$$$",-5.54600000,ok,,flexible
"PEPTIDE1{Me_Bal.L.meL.Me_dL.dL.Ser(tBu).meA}$PEPTIDE1,PEPTIDE1,1:R1-7:R2$$$",-5.49900000,ok,,flexible
"PEPTIDE1{L.P.T.L.Me_dL.P.meV}$PEPTIDE1,PEPTIDE1,1:R1-7:R2$$$",-5.37900000,ok,,flexible
"PEPTIDE1{Pr_Gly.P.dP.A.Me_dL.Ser(tBu).T}$PEPTIDE1,PEPTIDE1,1:R1-7:R2$$$",-5.61900000,ok,,flexible
"PEPTIDE1{Me_Bal.L.F.Nle.Et_Gly.P.dL}$PEPTIDE1,PEPTIDE1,1:R1-7:R2$$$",-6.05400000,ok,,flexible
"PEPTIDE1{L.P.T.Mono84.meA.Mono11.D}$PEPTIDE1,PEPTIDE1,1:R1-7:R2$$$",-6.16600000,ok,,flexible
"PEPTIDE1{Pr_Gly.T.Me_Abu.P.dP.P.T}$PEPTIDE1,PEPTIDE1,1:R1-7:R2$$$",-6.38100000,ok,,flexible
"PEPTIDE1{meA.dP.T.T.dL.Me_dA.meV}$PEPTIDE1,PEPTIDE1,1:R1-7:R2$$$",-5.86700000,ok,,flexible
"PEPTIDE1{dP.meF.meA.F.dL.Bn_Gly.P}$PEPTIDE1,PEPTIDE1,1:R1-7:R2$$$",-6.13000000,ok,,flexible
"PEPTIDE1{Me_Bal.P.dL.meL.dP.Me_dL.meL}$PEPTIDE1,PEPTIDE1,1:R1-7:R2$$$",-5.68300000,ok,,flexible
"PEPTIDE1{Sar.dP.meL.P.Nle.T.I}$PEPTIDE1,PEPTIDE1,1:R1-7:R2$$$",-6.42600000,ok,,flexible
"PEPTIDE1{Mono6.Me_dL.P.Me_dL.P.dP.T}$PEPTIDE1,PEPTIDE1,1:R1-7:R2$$$",-6.60100000,ok,,flexible
"PEPTIDE1{Sar.Ser(tBu).dP.P.dP.dL.L}$PEPTIDE1,PEPTIDE1,1:R1-7:R2$$$",-6.20000000,ok,,flexible
"PEPTIDE1{F.A.T.dP.L.meL.meA}$PEPTIDE1,PEPTIDE1,1:R1-7:R2$$$",-6.13200000,ok,,flexible
"PEPTIDE1{Me_dA.Me_dL.Pr_Gly.F.A.P.meA}$PEPTIDE1,PEPTIDE1,1:R1-7:R2$$$",-6.61300000,ok,,flexible
"PEPTIDE1{dA.P.dL.meL.V.T.L}$PEPTIDE1,PEPTIDE1,1:R1-7:R2$$$",-5.63900000,ok,,flexible
"PEPTIDE1{Me_dA.meA.F.meL.Pr_Gly.P.A}$PEPTIDE1,PEPTIDE1,1:R1-7:R2$$$",-6.67900000,ok,,flexible
"PEPTIDE1{dV.Me_dA.dP.Me_dL.L.I.V}$PEPTIDE1,PEPTIDE1,1:R1-7:R2$$$",-6.19300000,ok,,flexible
"PEPTIDE1{P.meL.F.Asp_piperidide.meA.Me_dL.Y}$PEPTIDE1,PEPTIDE1,1:R1-7:R2$$$",-6.61000000,ok,,flexible
"PEPTIDE1{meA.dP.meF.L.T.T.Me_dL}$PEPTIDE1,PEPTIDE1,1:R1-7:R2$$$",-6.08900000,ok,,flexible
"PEPTIDE1{meA.P.Ser(tBu).Me_dL.T.L.dL}$PEPTIDE1,PEPTIDE1,1:R1-7:R2$$$",-5.59200000,ok,,flexible
"PEPTIDE1{dV.meA.meL.dF.Me_dL.A.Et_Gly}$PEPTIDE1,PEPTIDE1,1:R1-7:R2$$$",-5.90100000,ok,,flexible
"PEPTIDE1{Me_Bal.meA.cHexCH2_Gly.F.P.meF.dP}$PEPTIDE1,PEPTIDE1,1:R1-7:R2$$$",-7.37100000,ok,,flexible
"PEPTIDE1{Me_dA.meL.meL.T.Asp_piperidide.G.A}$PEPTIDE1,PEPTIDE1,1:R1-7:R2$$$",-6.27100000,ok,,flexible
"PEPTIDE1{A.dA.Me_dL.F.meL.Me_dA.dP}$PEPTIDE1,PEPTIDE1,1:R1-7:R2$$$",-6.10000000,ok,,flexible
"PEPTIDE1{meA.Me_dA.meL.L.dV.meY.dF}$PEPTIDE1,PEPTIDE1,1:R1-7:R2$$$",-6.17200000,ok,,flexible
"PEPTIDE1{Me_Bal.Me_dA.meA.P.meL.meL.Me_dL}$PEPTIDE1,PEPTIDE1,1:R1-7:R2$$$",-6.47800000,ok,,flexible
"PEPTIDE1{A.meL.Ser(tBu).pentyl_Gly.A.L.P}$PEPTIDE1,PEPTIDE1,1:R1-7:R2$$$",-5.21800000,ok,,flexible
"PEPTIDE1{A.cHexCH2_Gly.meA.dL.T.Me_dL.L}$PEPTIDE1,PEPTIDE1,1:R1-7:R2$$$",-5.76700000,ok,,flexible
"PEPTIDE1{dA.P.meF.pentyl_Gly.Ser(tBu).H.A}$PEPTIDE1,PEPTIDE1,1:R1-7:R2$$$",-5.47300000,ok,,flexible
"PEPTIDE1{Me_dA.A.T.Mono84.dL.F.meA}$PEPTIDE1,PEPTIDE1,1:R1-7:R2$$$",-6.90800000,ok,,flexible
"PEPTIDE1{A.T.meL.Nle.H.meA.L}$PEPTIDE1,PEPTIDE1,1:R1-7:R2$$$",-5.50100000,ok,,flexible
"PEPTIDE1{F.meA.T.A.dP.meF.Me_dL}$PEPTIDE1,PEPTIDE1,1:R1-7:R2$$$",-6.62200000,ok,,flexible
"PEPTIDE1{Pr_Gly.meA.L.Ser(tBu).T.dL.L}$PEPTIDE1,PEPTIDE1,1:R1-7:R2$$$",-4.94800000,ok,,flexible
"PEPTIDE1{dA.dP.P.dL.T.P.D}$PEPTIDE1,PEPTIDE1,1:R1-7:R2$$$",-6.43500000,ok,,flexible
"PEPTIDE1{dA.dP.T.F.V.L.P}$PEPTIDE1,PEPTIDE1,1:R1-7:R2$$$",-6.24800000,ok,,flexible
"PEPTIDE1{meA.dA.dL.V.F.Me_dL.meL}$PEPTIDE1,PEPTIDE1,1:R1-7:R2$$$",-6.02100000,ok,,flexible
"PEPTIDE1{meL.meY.L.Ser(tBu).Me_dL.P.T}$PEPTIDE1,PEPTIDE1,1:R1-7:R2$$$",-5.41100000,ok,,flexible
"PEPTIDE1{Me_Bal.P.Ser(tBu).meL.T.dP.Me_dL}$PEPTIDE1,PEPTIDE1,1:R1-7:R2$$$",-5.39800000,ok,,flexible
"PEPTIDE1{Me_dA.meL.meF.meA.Mono1.Me_dL.meL}$PEPTIDE1,PEPTIDE1,1:R1-7:R2$$$",-5.90700000,ok,,flexible
"PEPTIDE1{meL.I.dL.Ser(tBu).A.Mono84.3Pal}$PEPTIDE1,PEPTIDE1,1:R1-7:R2$$$",-5.97800000,ok,,flexible
"PEPTIDE1{dF.P.cHexCH2_Gly.Mono38.A.dL.Me_Phe(3-Cl)}$PEPTIDE1,PEPTIDE1,1:R1-7:R2$$$",-6.53400000,ok,,flexible
"PEPTIDE1{Mono6.F.L.meL.Nle.dP.Me_dA}$PEPTIDE1,PEPTIDE1,1:R1-7:R2$$$",-6.12200000,ok,,flexible
"PEPTIDE1{meA.Me_Nle.Mono38.L.I.P.cHexCH2_Gly}$PEPTIDE1,PEPTIDE1,1:R1-7:R2$$$",-5.65900000,ok,,flexible
"PEPTIDE1{meA.Me_dL.Me_dL.T.G.meL.T}$PEPTIDE1,PEPTIDE1,1:R1-7:R2$$$",-5.52100000,ok,,flexible
"PEPTIDE1{dV.T.P.F.Me_dL.P.L}$PEPTIDE1,PEPTIDE1,1:R1-7:R2$$$",-6.53900000,ok,,flexible
"PEPTIDE1{Pr_Gly.Me_dAbu.pentyl_Gly.A.L.dP.3Pal}$PEPTIDE1,PEPTIDE1,1:R1-7:R2$$$",-5.82700000,ok,,flexible
"PEPTIDE1{dA.T.P.P.F.dP.T}$PEPTIDE1,PEPTIDE1,1:R1-7:R2$$$",-6.60400000,ok,,flexible
"PEPTIDE1{Mono6.P.Me_dL.meL.L.meI.T}$PEPTIDE1,PEPTIDE1,1:R1-7:R2$$$",-5.74000000,ok,,flexible
"PEPTIDE1{A.P.Ser(tBu).V.dP.L.T}$PEPTIDE1,PEPTIDE1,1:R1-7:R2$$$",-6.03400000,ok,,flexible
"PEPTIDE1{Me_dA.Mono38.A.Me_Nle.T.L.dL}$PEPTIDE1,PEPTIDE1,1:R1-7:R2$$$",-5.83900000,ok,,flexible
"PEPTIDE1{A.F.L.Me_dL.meL.P.dP}$PEPTIDE1,PEPTIDE1,1:R1-7:R2$$$",-7.09700000,ok,,flexible
"PEPTIDE1{meA.meF.F.T.T.L.P}$PEPTIDE1,PEPTIDE1,1:R1-7:R2$$$",-6.75200000,ok,,flexible
"PEPTIDE1{Mono6.T.P.A.L.meL.Me_dA}$PEPTIDE1,PEPTIDE1,1:R1-7:R2$$$",-5.95100000,ok,,flexible
"PEPTIDE1{Me_dA.P.I.Nle.meL.F.V}$PEPTIDE1,PEPTIDE1,1:R1-7:R2$$$",-5.63500000,ok,,flexible
"PEPTIDE1{Mono6.P.Me_dL.Me_dL.Mono2.L.meA}$PEPTIDE1,PEPTIDE1,1:R1-7:R2$$$",-6.59000000,ok,,flexible
"PEPTIDE1{A.meL.meF.Me_dL.dP.meL.L}$PEPTIDE1,PEPTIDE1,1:R1-7:R2$$$",-5.91400000,ok,,flexible
"PEPTIDE1{meA.meL.dA.Asp_piperidide.I.F.L}$PEPTIDE1,PEPTIDE1,1:R1-7:R2$$$",-5.79300000,ok,,flexible
"PEPTIDE1{meA.meF.T.P.meL.Bn_Gly.V}$PEPTIDE1,PEPTIDE1,1:R1-7:R2$$$",-5.97200000,ok,,flexible
"PEPTIDE1{L.Sar.P.dP.T.Me_dL.T}$PEPTIDE1,PEPTIDE1,1:R1-7:R2$$$",-6.88600000,ok,,flexible
"PEPTIDE1{dV.L.P.meV.cHexCH2_Gly.meF.dP}$PEPTIDE1,PEPTIDE1,1:R1-7:R2$$$",-6.87300000,ok,,flexible
"PEPTIDE1{P.Me_dL.A.meA.Me_dA.F.P}$PEPTIDE1,PEPTIDE1,1:R1-7:R2$$$",-6.99400000,ok,,flexible
"PEPTIDE1{Me_dA.Me_Nle.A.P.P.T.Me_dL}$PEPTIDE1,PEPTIDE1,1:R1-7:R2$$$",-5.90000000,ok,,flexible
"PEPTIDE1{A.meL.T.T.P.P.L}$PEPTIDE1,PEPTIDE1,1:R1-7:R2$$$",-5.85600000,ok,,flexible
"PEPTIDE1{meA.dP.P.Me_Abu.meL.dP.meV}$PEPTIDE1,PEPTIDE1,1:R1-7:R2$$$",-6.70700000,ok,,flexible
"PEPTIDE1{Me_Bal.meL.meA.meF.meL.Ser(tBu).T}$PEPTIDE1,PEPTIDE1,1:R1-7:R2$$$",-5.89700000,ok,,flexible
"PEPTIDE1{A.P.Pr_Gly.L.V.Ser(tBu).meL}$PEPTIDE1,PEPTIDE1,1:R1-7:R2$$$",-5.06900000,ok,,flexible
"PEPTIDE1{dV.P.meL.meA.L.dL.A}$PEPTIDE1,PEPTIDE1,1:R1-7:R2$$$",-5.67700000,ok,,flexible
"PEPTIDE1{P.A.meL.dL.dF.meL.meA}$PEPTIDE1,PEPTIDE1,1:R1-7:R2$$$",-6.50100000,ok,,flexible
"PEPTIDE1{P.Me_dA.A.dF.L.dL.meA}$PEPTIDE1,PEPTIDE1,1:R1-7:R2$$$",-6.41600000,ok,,flexible
"PEPTIDE1{meA.meF.F.I.meL.L.T}$PEPTIDE1,PEPTIDE1,1:R1-7:R2$$$",-6.73000000,ok,,flexible
"PEPTIDE1{Me_Bal.meY.Me_dA.Ser(tBu).P.dP.Y}$PEPTIDE1,PEPTIDE1,1:R1-7:R2$$$",-6.71600000,ok,,flexible
"PEPTIDE1{Me_Bal.pentyl_Gly.L.P.Me_Nle.Mono84.dP}$PEPTIDE1,PEPTIDE1,1:R1-7:R2$$$",-6.14500000,ok,,flexible
"PEPTIDE1{F.T.pentyl_Gly.I.Ser(tBu).P.dL}$PEPTIDE1,PEPTIDE1,1:R1-7:R2$$$",-4.82400000,ok,,flexible
"PEPTIDE1{Me_dA.L.T.P.Ser(tBu).P.dL}$PEPTIDE1,PEPTIDE1,1:R1-7:R2$$$",-5.51800000,ok,,flexible
"PEPTIDE1{dF.Ser(tBu).pentyl_Gly.Nle.P.P.P}$PEPTIDE1,PEPTIDE1,1:R1-7:R2$$$",-6.24000000,ok,,flexible
"PEPTIDE1{A.meF.T.P.Ser(tBu).G.D}$PEPTIDE1,PEPTIDE1,1:R1-7:R2$$$",-6.53400000,ok,,flexible
"PEPTIDE1{A.meF.Sar.meL.Mono86.P.L}$PEPTIDE1,PEPTIDE1,1:R1-7:R2$$$",-6.75500000,ok,,flexible
"PEPTIDE1{dV.pentyl_Gly.meL.dP.meL.Sar.Me_Abu}$PEPTIDE1,PEPTIDE1,1:R1-7:R2$$$",-5.62800000,ok,,flexible
"PEPTIDE1{Me_Bal.A.Me_dA.P.dL.P.L}$PEPTIDE1,PEPTIDE1,1:R1-7:R2$$$",-6.36000000,ok,,flexible
"PEPTIDE1{meA.T.Ser(tBu).A.F.Me_dL.meF}$PEPTIDE1,PEPTIDE1,1:R1-7:R2$$$",-5.89200000,ok,,flexible
"PEPTIDE1{Mono6.T.L.meL.meA.dP.T}$PEPTIDE1,PEPTIDE1,1:R1-7:R2$$$",-6.36000000,ok,,flexible
"PEPTIDE1{Me_dA.Pr_Gly.dA.F.T.L.meA}$PEPTIDE1,PEPTIDE1,1:R1-7:R2$$$",-5.42300000,ok,,flexible
"PEPTIDE1{Me_dA.meA.T.dL.L.meA.dP}$PEPTIDE1,PEPTIDE1,1:R1-7:R2$$$",-6.73000000,ok,,flexible
"PEPTIDE1{dF.L.T.dA.meA.P.Mono84}$PEPTIDE1,PEPTIDE1,1:R1-7:R2$$$",-6.21200000,ok,,flexible
"PEPTIDE1{meA.P.A.Me_dL.T.T.F}$PEPTIDE1,PEPTIDE1,1:R1-7:R2$$$",-6.57300000,ok,,flexible
"PEPTIDE1{Me_Bal.L.T.Et_Gly.L.meL.A}$PEPTIDE1,PEPTIDE1,1:R1-7:R2$$$",-5.65200000,ok,,flexible
"PEPTIDE1{dA.Me_dL.meA.Me_dL.meL.T.F}$PEPTIDE1,PEPTIDE1,1:R1-7:R2$$$",-6.45100000,ok,,flexible
"PEPTIDE1{Me_Bal.meA.L.T.meL.dF.P}$PEPTIDE1,PEPTIDE1,1:R1-7:R2$$$",-6.19300000,ok,,flexible
"PEPTIDE1{Me_Bal.P.F.T.Me_dA.pentyl_Gly.dL}$PEPTIDE1,PEPTIDE1,1:R1-7:R2$$$",-6.31900000,ok,,flexible
"PEPTIDE1{Mono6.dL.Me_dL.Me_dA.Mono34.meL.dP}$PEPTIDE1,PEPTIDE1,1:R1-7:R2$$$",-5.48300000,ok,,flexible
"PEPTIDE1{meA.T.F.dP.P.V.meL}$PEPTIDE1,PEPTIDE1,1:R1-7:R2$$$",-6.06000000,ok,,flexible
"PEPTIDE1{dF.Me_Nle.Et_Gly.Nle.dL.F.dP}$PEPTIDE1,PEPTIDE1,1:R1-7:R2$$$",-5.57700000,ok,,flexible
"PEPTIDE1{Sar.dP.P.meL.dP.Asp_piperidide.T}$PEPTIDE1,PEPTIDE1,1:R1-7:R2$$$",-6.79800000,ok,,flexible
"PEPTIDE1{meA.meF.Me_dL.meL.meL.L.Me_dA}$PEPTIDE1,PEPTIDE1,1:R1-7:R2$$$",-5.83800000,ok,,flexible
"PEPTIDE1{A.T.meA.I.meL.A.L}$PEPTIDE1,PEPTIDE1,1:R1-7:R2$$$",-5.56200000,ok,,flexible
"PEPTIDE1{dP.Me_dL.meF.P.meA.Ser(tBu).meL}$PEPTIDE1,PEPTIDE1,1:R1-7:R2$$$",-5.61000000,ok,,flexible
"PEPTIDE1{L.P.P.meF.Mono7.Mono12.T}$PEPTIDE1,PEPTIDE1,1:R1-7:R2$$$",-7.01100000,ok,,flexible
"PEPTIDE1{meA.cHexCH2_Gly.P.meF.Mono38.dP.3Pal}$PEPTIDE1,PEPTIDE1,1:R1-7:R2$$$",-6.80600000,ok,,flexible
"PEPTIDE1{A.F.dP.P.Sar.T.meL}$PEPTIDE1,PEPTIDE1,1:R1-7:R2$$$",-6.90500000,ok,,flexible
"PEPTIDE1{A.Me_dA.meL.P.meV.L.F}$PEPTIDE1,PEPTIDE1,1:R1-7:R2$$$",-6.69200000,ok,,flexible
"PEPTIDE1{dF.meF.Me_Nle.P.meL.Mono84.L}$PEPTIDE1,PEPTIDE1,1:R1-7:R2$$$",-6.32800000,ok,,flexible
"PEPTIDE1{Me_Bal.meL.Sar.P.F.meL.I}$PEPTIDE1,PEPTIDE1,1:R1-7:R2$$$",-6.50800000,ok,,flexible
"PEPTIDE1{Me_dA.T.T.L.dP.meL.Mono7}$PEPTIDE1,PEPTIDE1,1:R1-7:R2$$$",-6.76300000,ok,,flexible
"PEPTIDE1{dF.cHexCH2_Gly.Mono38.Mono38.A.meL.Mono86}$PEPTIDE1,PEPTIDE1,1:R1-7:R2$$$",-6.57800000,ok,,flexible
"PEPTIDE1{F.Me_Nle.Mono84.P.pentyl_Gly.dP.meF}$PEPTIDE1,PEPTIDE1,1:R1-7:R2$$$",-6.47800000,ok,,flexible
"PEPTIDE1{A.Pr_Gly.Me_dL.meF.meL.Me_dL.V}$PEPTIDE1,PEPTIDE1,1:R1-7:R2$$$",-5.47800000,ok,,flexible
"PEPTIDE1{dP.meA.Me_dL.F.T.L.dL}$PEPTIDE1,PEPTIDE1,1:R1-7:R2$$$",-6.27500000,ok,,flexible
"PEPTIDE1{Sar.meL.A.L.Me_dL.T.T}$PEPTIDE1,PEPTIDE1,1:R1-7:R2$$$",-5.59700000,ok,,flexible
"PEPTIDE1{Me_Bal.A.P.Ser(tBu).L.dP.T}$PEPTIDE1,PEPTIDE1,1:R1-7:R2$$$",-6.19800000,ok,,flexible
"PEPTIDE1{Mono6.L.dA.P.Mono84.meL.Ser(tBu)}$PEPTIDE1,PEPTIDE1,1:R1-7:R2$$$",-6.33600000,ok,,flexible
"PEPTIDE1{dA.P.A.P.dP.dP.Aib}$PEPTIDE1,PEPTIDE1,1:R1-7:R2$$$",-7.64400000,ok,,flexible
"PEPTIDE1{Me_Bal.A.dP.T.L.Bn_Gly.I}$PEPTIDE1,PEPTIDE1,1:R1-7:R2$$$",-6.06500000,ok,,flexible
"PEPTIDE1{dF.L.A.T.Me_dL.meL.meF}$PEPTIDE1,PEPTIDE1,1:R1-7:R2$$$",-5.77600000,ok,,flexible
"PEPTIDE1{meA.Me_dL.Me_dL.meF.dP.P.D}$PEPTIDE1,PEPTIDE1,1:R1-7:R2$$$",-6.40300000,ok,,flexible
"PEPTIDE1{Me_dA.Pr_Gly.F.P.T.Me_Nle.Ser(tBu)}$PEPTIDE1,PEPTIDE1,1:R1-7:R2$$$",-5.42600000,ok,,flexible
"PEPTIDE1{Sar.meL.P.Mono38.L.D.T}$PEPTIDE1,PEPTIDE1,1:R1-7:R2$$$",-5.38100000,ok,,flexible
"PEPTIDE1{Mono6.dA.T.L.meA.T.meL}$PEPTIDE1,PEPTIDE1,1:R1-7:R2$$$",-5.64800000,ok,,flexible
"PEPTIDE1{Me_dA.meL.F.meL.Ser(tBu).meA.Me_dL}$PEPTIDE1,PEPTIDE1,1:R1-7:R2$$$",-5.53000000,ok,,flexible
"PEPTIDE1{Pr_Gly.L.T.F.P.meF.meA}$PEPTIDE1,PEPTIDE1,1:R1-7:R2$$$",-6.10300000,ok,,flexible
"PEPTIDE1{Me_dA.dL.Me_dL.T.meL.P.meL}$PEPTIDE1,PEPTIDE1,1:R1-7:R2$$$",-5.37000000,ok,,flexible
"PEPTIDE1{Mono6.Ser(tBu).meA.T.T.meF.dA}$PEPTIDE1,PEPTIDE1,1:R1-7:R2$$$",-6.17100000,ok,,flexible
"PEPTIDE1{dA.V.T.P.P.P.P}$PEPTIDE1,PEPTIDE1,1:R1-7:R2$$$",-7.37300000,ok,,flexible
"PEPTIDE1{meA.Sar.A.F.Mono7.F.P}$PEPTIDE1,PEPTIDE1,1:R1-7:R2$$$",-8.06700000,ok,,flexible
"PEPTIDE1{P.Pr_Gly.dF.T.Me_dL.D.L}$PEPTIDE1,PEPTIDE1,1:R1-7:R2$$$",-5.95800000,ok,,flexible
"PEPTIDE1{dV.T.meL.Me_dA.meA.meL.L}$PEPTIDE1,PEPTIDE1,1:R1-7:R2$$$",-5.56300000,ok,,flexible
"PEPTIDE1{A.Me_dL.D.T.G.L.Mono7}$PEPTIDE1,PEPTIDE1,1:R1-7:R2$$$",-6.07600000,ok,,flexible
"PEPTIDE1{meA.meL.A.F.T.Me_dL.dF}$PEPTIDE1,PEPTIDE1,1:R1-7:R2$$$",-6.68000000,ok,,flexible
"PEPTIDE1{dV.T.Me_dL.I.Ser(tBu).L.V}$PEPTIDE1,PEPTIDE1,1:R1-7:R2$$$",-5.12100000,ok,,flexible
"PEPTIDE1{Me_Bal.F.T.Sar.meF.meA.Asp_piperidide}$PEPTIDE1,PEPTIDE1,1:R1-7:R2$$$",-5.93200000,ok,,flexible
"PEPTIDE1{Me_dA.T.T.dP.meL.L.Ser(tBu)}$PEPTIDE1,PEPTIDE1,1:R1-7:R2$$$",-5.87200000,ok,,flexible
"PEPTIDE1{meA.cHexCH2_Gly.Me_Nle.Ser(tBu).dP.pentyl_Gly.Me_dL}$PEPTIDE1,PEPTIDE1,1:R1-7:R2$$$",-5.04100000,ok,,flexible
"PEPTIDE1{dV.L.Ser(tBu).meL.I.dL.dL}$PEPTIDE1,PEPTIDE1,1:R1-7:R2$$$",-4.90700000,ok,,flexible
"PEPTIDE1{dV.Ser(tBu).Me_dL.T.L.dL.meL}$PEPTIDE1,PEPTIDE1,1:R1-7:R2$$$",-5.55400000,ok,,flexible
"PEPTIDE1{dV.P.meA.T.dP.P.meL}$PEPTIDE1,PEPTIDE1,1:R1-7:R2$$$",-5.83000000,ok,,flexible
"PEPTIDE1{Me_dA.cHexCH2_Gly.dP.dL.L.Ser(tBu).P}$PEPTIDE1,PEPTIDE1,1:R1-7:R2$$$",-6.01200000,ok,,flexible
"PEPTIDE1{Me_Bal.meA.T.Me_dL.dP.P.meL}$PEPTIDE1,PEPTIDE1,1:R1-7:R2$$$",-6.32900000,ok,,flexible
"PEPTIDE1{meL.P.Me_Phe(3-Cl).dL.F.L.A}$PEPTIDE1,PEPTIDE1,1:R1-7:R2$$$",-6.61900000,ok,,flexible
"PEPTIDE1{dF.Me_dA.P.T.meA.meL.dL}$PEPTIDE1,PEPTIDE1,1:R1-7:R2$$$",-5.97200000,ok,,flexible
"PEPTIDE1{dV.T.Pr_Gly.meL.P.T.V}$PEPTIDE1,PEPTIDE1,1:R1-7:R2$$$",-5.89000000,ok,,flexible
"PEPTIDE1{dA.Me_dAbu.Sar.meL.P.Mono86.dP}$PEPTIDE1,PEPTIDE1,1:R1-7:R2$$$",-6.35800000,ok,,flexible
"PEPTIDE1{meA.Me_dL.F.meL.T.L.Mono84}$PEPTIDE1,PEPTIDE1,1:R1-7:R2$$$",-6.03600000,ok,,flexible
"PEPTIDE1{dP.Me_dL.meF.dA.meL.Mono7.P}$PEPTIDE1,PEPTIDE1,1:R1-7:R2$$$",-6.97800000,ok,,flexible
"PEPTIDE1{Sar.dP.meL.T.H.F.L}$PEPTIDE1,PEPTIDE1,1:R1-7:R2$$$",-6.26600000,ok,,flexible
"PEPTIDE1{Me_dA.I.Mono78.meL.A.meA.Ser(tBu)}$PEPTIDE1,PEPTIDE1,1:R1-7:R2$$$",-5.10400000,ok,,flexible
"PEPTIDE1{dP.Me_dA.Me_dL.P.meL.F.Y}$PEPTIDE1,PEPTIDE1,1:R1-7:R2$$$",-5.95400000,ok,,flexible
"PEPTIDE1{dA.L.Ser(tBu).T.Me_dL.meA.meL}$PEPTIDE1,PEPTIDE1,1:R1-7:R2$$$",-5.36700000,ok,,flexible
"PEPTIDE1{dV.Pr_Gly.Me_dA.meV.Mono7.L.meA}$PEPTIDE1,PEPTIDE1,1:R1-7:R2$$$",-6.15300000,ok,,flexible
"PEPTIDE1{Me_Bal.Me_Phe(3-Cl).dP.Ser(tBu).T.meL.meI}$PEPTIDE1,PEPTIDE1,1:R1-7:R2$$$",-5.88300000,ok,,flexible
"PEPTIDE1{meA.dA.meL.L.L.meI.dL}$PEPTIDE1,PEPTIDE1,1:R1-7:R2$$$",-5.20500000,ok,,flexible
"PEPTIDE1{dV.dF.L.I.Mono84.meL.Me_dL}$PEPTIDE1,PEPTIDE1,1:R1-7:R2$$$",-5.56600000,ok,,flexible
"PEPTIDE1{meA.L.P.Me_dL.Ser(tBu).T.meL}$PEPTIDE1,PEPTIDE1,1:R1-7:R2$$$",-5.66100000,ok,,flexible
"PEPTIDE1{Me_dA.cHexCH2_Gly.Me_Nle.L.F.meF.T}$PEPTIDE1,PEPTIDE1,1:R1-7:R2$$$",-5.40400000,ok,,flexible
"PEPTIDE1{dV.Pr_Gly.A.Me_Phe(3-Cl).F.G.L}$PEPTIDE1,PEPTIDE1,1:R1-7:R2$$$",-6.18400000,ok,,flexible
"PEPTIDE1{Me_dA.A.meF.T.meL.meA.Me_Abu}$PEPTIDE1,PEPTIDE1,1:R1-7:R2$$$",-6.07400000,ok,,flexible
"PEPTIDE1{dV.meA.meF.P.meL.L.dL}$PEPTIDE1,PEPTIDE1,1:R1-7:R2$$$",-6.13800000,ok,,flexible
"PEPTIDE1{dV.dP.L.Ser(tBu).D.meL.dL}$PEPTIDE1,PEPTIDE1,1:R1-7:R2$$$",-5.35500000,ok,,flexible
"PEPTIDE1{Me_Bal.cHexCH2_Gly.Bn_Gly.P.T.Ser(tBu).meL}$PEPTIDE1,PEPTIDE1,1:R1-7:R2$$$",-5.64200000,ok,,flexible
"PEPTIDE1{Me_Bal.L.P.P.P.T.Me_dL}$PEPTIDE1,PEPTIDE1,1:R1-7:R2$$$",-6.62100000,ok,,flexible
"PEPTIDE1{F.L.Mono38.L.A.Mono86.G}$PEPTIDE1,PEPTIDE1,1:R1-7:R2$$$",-6.04200000,ok,,flexible
"PEPTIDE1{Me_Bal.dP.Me_dL.meL.F.T.L}$PEPTIDE1,PEPTIDE1,1:R1-7:R2$$$",-6.30200000,ok,,flexible
"PEPTIDE1{L.F.Mono12.Ser(tBu).P.P.dP}$PEPTIDE1,PEPTIDE1,1:R1-7:R2$$$",-5.01600000,ok,,flexible
"PEPTIDE1{meA.dP.Me_dA.meF.F.dL.A}$PEPTIDE1,PEPTIDE1,1:R1-7:R2$$$",-7.08500000,ok,,flexible
"PEPTIDE1{Mono6.Ser(tBu).A.dP.P.meA.meL}$PEPTIDE1,PEPTIDE1,1:R1-7:R2$$$",-6.31700000,ok,,flexible
"PEPTIDE1{dF.A.P.Mono86.Ser(tBu).Nle.T}$PEPTIDE1,PEPTIDE1,1:R1-7:R2$$$",-5.23900000,ok,,flexible
"PEPTIDE1{dA.Me_Nle.T.P.L.cHexCH2_Gly.dL}$PEPTIDE1,PEPTIDE1,1:R1-7:R2$$$",-5.64400000,ok,,flexible
"PEPTIDE1{L.Me_dL.meL.Sar.Me_dL.I.dP}$PEPTIDE1,PEPTIDE1,1:R1-7:R2$$$",-5.08400000,ok,,flexible
"PEPTIDE1{Pr_Gly.Mono104.Et_Gly.Mono2.Mono100.Mono78.dL}$PEPTIDE1,PEPTIDE1,1:R1-7:R2$$$",-5.32900000,ok,,flexible
"PEPTIDE1{meA.P.T.P.V.T.Me_dL}$PEPTIDE1,PEPTIDE1,1:R1-7:R2$$$",-6.23500000,ok,,flexible
"PEPTIDE1{meA.meF.Mono86.Me_Nle.Mono84.P.T}$PEPTIDE1,PEPTIDE1,1:R1-7:R2$$$",-5.97200000,ok,,flexible
"PEPTIDE1{A.G.Me_dL.meL.T.V.P}$PEPTIDE1,PEPTIDE1,1:R1-7:R2$$$",-6.45900000,ok,,flexible
"PEPTIDE1{Me_dA.meA.A.L.F.meL.Ser(tBu)}$PEPTIDE1,PEPTIDE1,1:R1-7:R2$$$",-6.43400000,ok,,flexible
"PEPTIDE1{F.pentyl_Gly.Me_Nle.meF.Ser(tBu).P.Me_dA}$PEPTIDE1,PEPTIDE1,1:R1-7:R2$$$",-5.34000000,ok,,flexible
"PEPTIDE1{Me_dA.F.dF.Pr_Gly.dL.meL.V}$PEPTIDE1,PEPTIDE1,1:R1-7:R2$$$",-5.68900000,ok,,flexible
"PEPTIDE1{meA.meL.Me_dA.F.meL.P.Mono11}$PEPTIDE1,PEPTIDE1,1:R1-7:R2$$$",-6.42000000,ok,,flexible
"PEPTIDE1{meA.Me_dL.dP.meL.L.P.V}$PEPTIDE1,PEPTIDE1,1:R1-7:R2$$$",-5.54700000,ok,,flexible
"PEPTIDE1{Me_dA.Me_dL.P.P.dP.dL.T}$PEPTIDE1,PEPTIDE1,1:R1-7:R2$$$",-5.99600000,ok,,flexible
"PEPTIDE1{Me_Bal.pentyl_Gly.P.I.cHexCH2_Gly.Ser(tBu).meL}$PEPTIDE1,PEPTIDE1,1:R1-7:R2$$$",-4.92300000,ok,,flexible
"PEPTIDE1{Me_dA.P.F.A.meL.T.meL}$PEPTIDE1,PEPTIDE1,1:R1-7:R2$$$",-6.47200000,ok,,flexible
"PEPTIDE1{Me_Bal.F.A.dL.T.P.T}$PEPTIDE1,PEPTIDE1,1:R1-7:R2$$$",-6.35600000,ok,,flexible
"PEPTIDE1{F.cHexCH2_Gly.A.L.meL.Ser(tBu).meL}$PEPTIDE1,PEPTIDE1,1:R1-7:R2$$$",-5.69100000,ok,,flexible
"PEPTIDE1{meA.T.P.meL.L.Ser(tBu).I}$PEPTIDE1,PEPTIDE1,1:R1-7:R2$$$",-5.37600000,ok,,flexible
"PEPTIDE1{meA.T.Ser(tBu).L.Me_dL.dP.T}$PEPTIDE1,PEPTIDE1,1:R1-7:R2$$$",-5.91800000,ok,,flexible
"PEPTIDE1{Me_Bal.meA.F.T.P.dL.meL}$PEPTIDE1,PEPTIDE1,1:R1-7:R2$$$",-7.05500000,ok,,flexible
"PEPTIDE1{dF.3Pal.pentyl_Gly.Ser(tBu).Mono84.T.A}$PEPTIDE1,PEPTIDE1,1:R1-7:R2$$$",-5.55600000,ok,,flexible
"PEPTIDE1{meA.G.P.meL.dL.meL.meL}$PEPTIDE1,PEPTIDE1,1:R1-7:R2$$$",-5.89000000,ok,,flexible
"PEPTIDE1{dV.meL.T.T.Mono7.D.P}$PEPTIDE1,PEPTIDE1,1:R1-7:R2$$$",-5.75200000,ok,,flexible
"PEPTIDE1{dV.meA.Me_dL.meF.T.L.P}$PEPTIDE1,PEPTIDE1,1:R1-7:R2$$$",-5.73100000,ok,,flexible
"PEPTIDE1{dV.Pr_Gly.meL.meA.meL.Me_dA.meF}$PEPTIDE1,PEPTIDE1,1:R1-7:R2$$$",-6.01700000,ok,,flexible
"PEPTIDE1{Me_Bal.pentyl_Gly.Mono38.Ser(tBu).meA.P.dP}$PEPTIDE1,PEPTIDE1,1:R1-7:R2$$$",-5.62100000,ok,,flexible
"PEPTIDE1{dF.T.dL.T.Me_dL.L.dP}$PEPTIDE1,PEPTIDE1,1:R1-7:R2$$$",-6.05100000,ok,,flexible
"PEPTIDE1{meA.pentyl_Gly.F.Me_dL.Ser(tBu).meF.A}$PEPTIDE1,PEPTIDE1,1:R1-7:R2$$$",-5.91900000,ok,,flexible
"PEPTIDE1{dV.Me_dA.Me_dL.dP.Ser(tBu).T.L}$PEPTIDE1,PEPTIDE1,1:R1-7:R2$$$",-5.93100000,ok,,flexible
"PEPTIDE1{meA.A.P.meL.L.T.meF}$PEPTIDE1,PEPTIDE1,1:R1-7:R2$$$",-6.93900000,ok,,flexible
"PEPTIDE1{Mono6.meL.Me_dL.P.dP.dL.L}$PEPTIDE1,PEPTIDE1,1:R1-7:R2$$$",-5.36700000,ok,,flexible
"PEPTIDE1{Me_Bal.dA.Pr_Gly.F.Ser(tBu).T.meL}$PEPTIDE1,PEPTIDE1,1:R1-7:R2$$$",-5.68800000,ok,,flexible
"PEPTIDE1{dV.P.dP.T.Me_dL.Ser(tBu).F}$PEPTIDE1,PEPTIDE1,1:R1-7:R2$$$",-6.18200000,ok,,flexible
"PEPTIDE1{A.cHexCH2_Gly.P.dP.T.T.meL}$PEPTIDE1,PEPTIDE1,1:R1-7:R2$$$",-6.43700000,ok,,flexible
"PEPTIDE1{A.meF.meA.meL.meV.meY.L}$PEPTIDE1,PEPTIDE1,1:R1-7:R2$$$",-6.11300000,ok,,flexible
"PEPTIDE1{dA.A.Me_Nle.pentyl_Gly.L.pentyl_Gly.Mono104}$PEPTIDE1,PEPTIDE1,1:R1-7:R2$$$",-5.07500000,ok,,flexible
"PEPTIDE1{Me_Bal.F.A.F.meL.G.Cha}$PEPTIDE1,PEPTIDE1,1:R1-7:R2$$$",-6.47200000,ok,,flexible
"PEPTIDE1{Me_Bal.A.dF.meL.P.Me_dA.Nle}$PEPTIDE1,PEPTIDE1,1:R1-7:R2$$$",-6.41500000,ok,,flexible
"PEPTIDE1{Sar.V.P.Me_dL.meL.T.meA}$PEPTIDE1,PEPTIDE1,1:R1-7:R2$$$",-6.13400000,ok,,flexible
"PEPTIDE1{Me_Bal.L.meA.dL.P.Pr_Gly.dL}$PEPTIDE1,PEPTIDE1,1:R1-7:R2$$$",-5.88400000,ok,,flexible
"PEPTIDE1{Sar.P.T.L.meL.T.meA}$PEPTIDE1,PEPTIDE1,1:R1-7:R2$$$",-5.85700000,ok,,flexible
"PEPTIDE1{P.Pr_Gly.P.dL.L.Ser(tBu).Mono2}$PEPTIDE1,PEPTIDE1,1:R1-7:R2$$$",-6.16900000,ok,,flexible
"PEPTIDE1{A.Me_Nle.cHexCH2_Gly.Mono84.meL.Mono86.pentyl_Gly}$PEPTIDE1,PEPTIDE1,1:R1-7:R2$$$",-6.26000000,ok,,flexible
"PEPTIDE1{Mono6.meL.Me_dA.meL.P.Me_dL.L}$PEPTIDE1,PEPTIDE1,1:R1-7:R2$$$",-5.69400000,ok,,flexible
"PEPTIDE1{Pr_Gly.Ser(tBu).meA.Nle.dP.meL.P}$PEPTIDE1,PEPTIDE1,1:R1-7:R2$$$",-5.82900000,ok,,flexible
"PEPTIDE1{meL.T.L.D.I.Sar.P}$PEPTIDE1,PEPTIDE1,1:R1-7:R2$$$",-5.46100000,ok,,flexible
"PEPTIDE1{Me_dA.meL.T.L.meA.Mono7.Et_Gly}$PEPTIDE1,PEPTIDE1,1:R1-7:R2$$$",-6.11400000,ok,,flexible
"PEPTIDE1{meA.P.meL.L.G.F.dL}$PEPTIDE1,PEPTIDE1,1:R1-7:R2$$$",-6.79700000,ok,,flexible
"PEPTIDE1{Me_dA.meL.meA.G.Pr_Gly.dA.dF}$PEPTIDE1,PEPTIDE1,1:R1-7:R2$$$",-5.69700000,ok,,flexible
"PEPTIDE1{meL.Nle.Sar.P.A.Me_dL.dV}$PEPTIDE1,PEPTIDE1,1:R1-7:R2$$$",-5.71400000,ok,,flexible
"PEPTIDE1{dF.Ser(tBu).dL.L.dP.meF.I}$PEPTIDE1,PEPTIDE1,1:R1-7:R2$$$",-5.80900000,ok,,flexible
"PEPTIDE1{dF.P.meA.dP.Ser(tBu).dL.L}$PEPTIDE1,PEPTIDE1,1:R1-7:R2$$$",-6.47800000,ok,,flexible
"PEPTIDE1{Pr_Gly.A.Nle.Me_Phe(3-Cl).F.P.dL}$PEPTIDE1,PEPTIDE1,1:R1-7:R2$$$",-5.48300000,ok,,flexible
"PEPTIDE1{Me_dA.meL.Me_dL.dL.dP.P.F}$PEPTIDE1,PEPTIDE1,1:R1-7:R2$$$",-5.85700000,ok,,flexible
"PEPTIDE1{dP.Me_dA.meL.F.meF.L.P}$PEPTIDE1,PEPTIDE1,1:R1-7:R2$$$",-6.02400000,ok,,flexible
"PEPTIDE1{dV.dL.Sar.T.meL.meA.meF}$PEPTIDE1,PEPTIDE1,1:R1-7:R2$$$",-5.69700000,ok,,flexible
"PEPTIDE1{Mono6.dP.meV.L.P.F.T}$PEPTIDE1,PEPTIDE1,1:R1-7:R2$$$",-7.04200000,ok,,flexible
"PEPTIDE1{meA.V.meL.F.T.P.meI}$PEPTIDE1,PEPTIDE1,1:R1-7:R2$$$",-5.65900000,ok,,flexible
"PEPTIDE1{F.P.dP.P.meA.Ser(tBu).Me_Nle}$PEPTIDE1,PEPTIDE1,1:R1-7:R2$$$",-6.96400000,ok,,flexible
"PEPTIDE1{dA.meF.D.meL.L.G.T}$PEPTIDE1,PEPTIDE1,1:R1-7:R2$$$",-5.61800000,ok,,flexible
"PEPTIDE1{Sar.pentyl_Gly.Ser(tBu).dL.L.L.P}$PEPTIDE1,PEPTIDE1,1:R1-7:R2$$$",-5.08300000,ok,,flexible
"PEPTIDE1{Me_dA.L.Me_Nle.P.pentyl_Gly.Mono84.Et_Gly}$PEPTIDE1,PEPTIDE1,1:R1-7:R2$$$",-5.41600000,ok,,flexible
"PEPTIDE1{meA.dP.Me_dL.P.T.L.Sar}$PEPTIDE1,PEPTIDE1,1:R1-7:R2$$$",-6.66400000,ok,,flexible
"PEPTIDE1{Me_Bal.meS.dP.meL.T.P.P}$PEPTIDE1,PEPTIDE1,1:R1-7:R2$$$",-6.68800000,ok,,flexible
"PEPTIDE1{A.I.meF.L.V.T.Sar}$PEPTIDE1,PEPTIDE1,1:R1-7:R2$$$",-5.43600000,ok,,flexible
"PEPTIDE1{meA.meF.P.Me_dL.meL.Me_dA.L}$PEPTIDE1,PEPTIDE1,1:R1-7:R2$$$",-5.47100000,ok,,flexible
"PEPTIDE1{dV.P.L.meI.D.Ser(tBu).meL}$PEPTIDE1,PEPTIDE1,1:R1-7:R2$$$",-5.47400000,ok,,flexible
"PEPTIDE1{Me_dA.F.Mono84.L.meF.Et_Gly.pentyl_Gly}$PEPTIDE1,PEPTIDE1,1:R1-7:R2$$$",-6.11500000,ok,,flexible
"PEPTIDE1{meA.T.P.Ser(tBu).meL.L.Me_dL}$PEPTIDE1,PEPTIDE1,1:R1-7:R2$$$",-5.56800000,ok,,flexible
"PEPTIDE1{dV.meL.Mono84.A.P.Mono100.I}$PEPTIDE1,PEPTIDE1,1:R1-7:R2$$$",-6.46300000,ok,,flexible
"PEPTIDE1{Me_Bal.meL.dA.dF.Ser(tBu).Me_dA.meA}$PEPTIDE1,PEPTIDE1,1:R1-7:R2$$$",-6.96600000,ok,,flexible
"PEPTIDE1{Me_Bal.T.meA.meL.dP.Me_dL.dP}$PEPTIDE1,PEPTIDE1,1:R1-7:R2$$$",-6.10600000,ok,,flexible
"PEPTIDE1{P.Pr_Gly.Me_dA.F.Ser(tBu).meF.P}$PEPTIDE1,PEPTIDE1,1:R1-7:R2$$$",-6.26500000,ok,,flexible
"PEPTIDE1{dA.P.meV.Me_dL.T.meL.dP}$PEPTIDE1,PEPTIDE1,1:R1-7:R2$$$",-5.90800000,ok,,flexible
"PEPTIDE1{Pr_Gly.Me_dL.Me_dA.dL.dA.meA.dP}$PEPTIDE1,PEPTIDE1,1:R1-7:R2$$$",-5.69600000,ok,,flexible
"PEPTIDE1{meA.pentyl_Gly.dP.L.F.V.Me_dA}$PEPTIDE1,PEPTIDE1,1:R1-7:R2$$$",-6.12000000,ok,,flexible
"PEPTIDE1{Me_dA.meL.dL.meF.Me_dL.dP.P}$PEPTIDE1,PEPTIDE1,1:R1-7:R2$$$",-5.94500000,ok,,flexible
"PEPTIDE1{A.meI.dP.dL.T.Me_dL.P}$PEPTIDE1,PEPTIDE1,1:R1-7:R2$$$",-5.69900000,ok,,flexible
"PEPTIDE1{F.I.Mono84.dL.L.T.P}$PEPTIDE1,PEPTIDE1,1:R1-7:R2$$$",-5.91100000,ok,,flexible
"PEPTIDE1{Mono6.F.T.L.dP.Me_dL.A}$PEPTIDE1,PEPTIDE1,1:R1-7:R2$$$",-6.36500000,ok,,flexible
"PEPTIDE1{F.pentyl_Gly.Et_Gly.A.P.Me_Phe(3-Cl).T}$PEPTIDE1,PEPTIDE1,1:R1-7:R2$$$",-6.35000000,ok,,flexible
"PEPTIDE1{Pr_Gly.L.F.L.F.Me_dL.P}$PEPTIDE1,PEPTIDE1,1:R1-7:R2$$$",-5.52800000,ok,,flexible
"PEPTIDE1{dV.Sar.T.Me_dL.meF.L.meL}$PEPTIDE1,PEPTIDE1,1:R1-7:R2$$$",-6.28700000,ok,,flexible
"PEPTIDE1{L.Me_dL.meA.dP.dP.P.T}$PEPTIDE1,PEPTIDE1,1:R1-7:R2$$$",-6.42400000,ok,,flexible
"PEPTIDE1{Me_Bal.A.T.meL.meF.L.P}$PEPTIDE1,PEPTIDE1,1:R1-7:R2$$$",-6.00700000,ok,,flexible
"PEPTIDE1{meA.pentyl_Gly.dP.L.meI.P.Me_Phe(3-Cl)}$PEPTIDE1,PEPTIDE1,1:R1-7:R2$$$",-5.58700000,ok,,flexible
"PEPTIDE1{Mono6.Me_dA.L.pentyl_Gly.meL.A.Me_dL}$PEPTIDE1,PEPTIDE1,1:R1-7:R2$$$",-5.59500000,ok,,flexible
"PEPTIDE1{dA.meA.T.meL.P.dP.P}$PEPTIDE1,PEPTIDE1,1:R1-7:R2$$$",-6.51200000,ok,,flexible
"PEPTIDE1{Me_dA.Pr_Gly.meL.Me_dL.Me_dL.T.P}$PEPTIDE1,PEPTIDE1,1:R1-7:R2$$$",-5.54400000,ok,,flexible
"PEPTIDE1{meA.F.dA.Me_dA.F.Me_dL.dP}$PEPTIDE1,PEPTIDE1,1:R1-7:R2$$$",-6.48600000,ok,,flexible
"PEPTIDE1{Me_Bal.G.cHexCH2_Gly.meL.T.T.L}$PEPTIDE1,PEPTIDE1,1:R1-7:R2$$$",-5.89400000,ok,,flexible
"PEPTIDE1{meF.L.dF.Asp_piperidide.dP.D.I}$PEPTIDE1,PEPTIDE1,1:R1-7:R2$$$",-5.98000000,ok,,flexible
"PEPTIDE1{dA.A.T.meL.L.Ser(tBu).meA}$PEPTIDE1,PEPTIDE1,1:R1-7:R2$$$",-5.58800000,ok,,flexible
"PEPTIDE1{dP.Mono38.meL.A.Ser(tBu).pentyl_Gly.T}$PEPTIDE1,PEPTIDE1,1:R1-7:R2$$$",-5.05500000,ok,,flexible
"PEPTIDE1{Me_dA.A.L.T.meL.I.V}$PEPTIDE1,PEPTIDE1,1:R1-7:R2$$$",-5.54200000,ok,,flexible
"PEPTIDE1{Me_dA.L.meL.Ser(tBu).Me_dL.A.G}$PEPTIDE1,PEPTIDE1,1:R1-7:R2$$$",-5.45200000,ok,,flexible
"PEPTIDE1{Sar.L.cHexCH2_Gly.dP.V.T.F}$PEPTIDE1,PEPTIDE1,1:R1-7:R2$$$",-6.27800000,ok,,flexible
"PEPTIDE1{Me_Bal.Me_Abu.meL.P.Me_dA.dP.T}$PEPTIDE1,PEPTIDE1,1:R1-7:R2$$$",-6.43800000,ok,,flexible
"PEPTIDE1{dP.meL.Me_dAbu.P.Me_dL.L.Me_dL}$PEPTIDE1,PEPTIDE1,1:R1-7:R2$$$",-5.70100000,ok,,flexible
"PEPTIDE1{Mono6.meA.L.Me_Abu.Me_Nle.Ser(tBu).T}$PEPTIDE1,PEPTIDE1,1:R1-7:R2$$$",-5.65000000,ok,,flexible
"PEPTIDE1{Me_dA.L.Bn_Gly.pentyl_Gly.Mono84.I.Ser(tBu)}$PEPTIDE1,PEPTIDE1,1:R1-7:R2$$$",-5.68200000,ok,,flexible
"PEPTIDE1{Me_dA.Nle.Me_Nle.meL.T.Ser(tBu).T}$PEPTIDE1,PEPTIDE1,1:R1-7:R2$$$",-5.20600000,ok,,flexible
"PEPTIDE1{meA.Me_Nle.Mono38.cHexCH2_Gly.pentyl_Gly.Mono84.T}$PEPTIDE1,PEPTIDE1,1:R1-7:R2$$$",-5.63700000,ok,,flexible
"PEPTIDE1{Mono6.Me_dA.Me_Abu.P.T.dP.meL}$PEPTIDE1,PEPTIDE1,1:R1-7:R2$$$",-6.21600000,ok,,flexible
"PEPTIDE1{dF.I.Sar.P.dL.Et_Gly.L}$PEPTIDE1,PEPTIDE1,1:R1-7:R2$$$",-5.37600000,ok,,flexible
"PEPTIDE1{meA.meF.meL.P.I.Mono84.dP}$PEPTIDE1,PEPTIDE1,1:R1-7:R2$$$",-7.01900000,ok,,flexible
"PEPTIDE1{dV.A.T.Me_Phe(3-Cl).L.Sar.Me_dA}$PEPTIDE1,PEPTIDE1,1:R1-7:R2$$$",-6.39000000,ok,,flexible
"PEPTIDE1{Me_dA.A.P.Me_dL.Sar.meA.V}$PEPTIDE1,PEPTIDE1,1:R1-7:R2$$$",-6.90300000,ok,,flexible
"PEPTIDE1{dP.A.Me_Nle.Mono86.Ser(tBu).T.Nle}$PEPTIDE1,PEPTIDE1,1:R1-7:R2$$$",-5.48400000,ok,,flexible
"PEPTIDE1{meA.dP.dA.T.Mono12.L.meL}$PEPTIDE1,PEPTIDE1,1:R1-7:R2$$$",-6.48300000,ok,,flexible
"PEPTIDE1{Me_dA.meA.F.Me_dL.P.meV.Sar}$PEPTIDE1,PEPTIDE1,1:R1-7:R2$$$",-6.92300000,ok,,flexible
"PEPTIDE1{dF.meS.T.meL.L.L.F}$PEPTIDE1,PEPTIDE1,1:R1-7:R2$$$",-5.36400000,ok,,flexible
"PEPTIDE1{dV.F.meA.Me_dL.meL.P.Me_dL}$PEPTIDE1,PEPTIDE1,1:R1-7:R2$$$",-6.48300000,ok,,flexible
"PEPTIDE1{dA.Me_dL.T.meL.G.P.meA}$PEPTIDE1,PEPTIDE1,1:R1-7:R2$$$",-6.27000000,ok,,flexible
"PEPTIDE1{Me_dA.pentyl_Gly.L.dP.Mono34.L.I}$PEPTIDE1,PEPTIDE1,1:R1-7:R2$$$",-4.87100000,ok,,flexible
"PEPTIDE1{dV.Me_dA.meL.Ser(tBu).P.pentyl_Gly.T}$PEPTIDE1,PEPTIDE1,1:R1-7:R2$$$",-6.34000000,ok,,flexible
"PEPTIDE1{dA.dP.P.I.T.A.Me_dL}$PEPTIDE1,PEPTIDE1,1:R1-7:R2$$$",-6.38300000,ok,,flexible
"PEPTIDE1{meL.Me_Phe(3-Cl).T.Ser(tBu).Nle.3Pal.dL}$PEPTIDE1,PEPTIDE1,1:R1-7:R2$$$",-5.14900000,ok,,flexible
"PEPTIDE1{F.cHexCH2_Gly.Me_Nle.P.Mono38.Mono84.pentyl_Gly}$PEPTIDE1,PEPTIDE1,1:R1-7:R2$$$",-5.44100000,ok,,flexible
"PEPTIDE1{Sar.meL.V.Ser(tBu).Me_dL.L.P}$PEPTIDE1,PEPTIDE1,1:R1-7:R2$$$",-5.53800000,ok,,flexible
"PEPTIDE1{P.cHexCH2_Gly.Ser(tBu).Nle.Me_dL.Ser(tBu).F}$PEPTIDE1,PEPTIDE1,1:R1-7:R2$$$",-5.16000000,ok,,flexible
"PEPTIDE1{meL.A.Asp_piperidide.Me_dA.meA.T.Me_dL}$PEPTIDE1,PEPTIDE1,1:R1-7:R2$$$",-5.52700000,ok,,flexible
"PEPTIDE1{L.dP.T.F.D.Sar.dL}$PEPTIDE1,PEPTIDE1,1:R1-7:R2$$$",-6.11400000,ok,,flexible
"PEPTIDE1{P.meL.meL.A.T.V.T}$PEPTIDE1,PEPTIDE1,1:R1-7:R2$$$",-6.25100000,ok,,flexible
"PEPTIDE1{meA.dPye.A.3Pal.pentyl_Gly.Cha.Me_Phe(3-Cl)}$PEPTIDE1,PEPTIDE1,1:R1-7:R2$$$",-6.25700000,ok,,flexible
"PEPTIDE1{Mono6.pentyl_Gly.dL.Me_Phe(3-Cl).meF.Ser(tBu).Et_Gly}$PEPTIDE1,PEPTIDE1,1:R1-7:R2$$$",-5.35800000,ok,,flexible
"PEPTIDE1{Me_dA.cHexCH2_Gly.I.Mono84.Bn_Gly.meL.Ser(tBu)}$PEPTIDE1,PEPTIDE1,1:R1-7:R2$$$",-6.03000000,ok,,flexible
"PEPTIDE1{A.meA.Me_dL.Me_dA.dF.meF.Sar}$PEPTIDE1,PEPTIDE1,1:R1-7:R2$$$",-6.11000000,ok,,flexible
"PEPTIDE1{L.meF.meA.cHexCH2_Gly.P.T.Sar}$PEPTIDE1,PEPTIDE1,1:R1-7:R2$$$",-6.93200000,ok,,flexible
"PEPTIDE1{Me_dA.meA.A.dF.F.meL.meL}$PEPTIDE1,PEPTIDE1,1:R1-7:R2$$$",-6.15000000,ok,,flexible
"PEPTIDE1{A.Me_Phe(3-Cl).Ser(tBu).P.P.dL.D}$PEPTIDE1,PEPTIDE1,1:R1-7:R2$$$",-6.06200000,ok,,flexible
"PEPTIDE1{meA.F.Mono78.Mono78.meL.T.I}$PEPTIDE1,PEPTIDE1,1:R1-7:R2$$$",-5.91700000,ok,,flexible
"PEPTIDE1{dF.T.pentyl_Gly.Ser(tBu).dA.dP.Me_dL}$PEPTIDE1,PEPTIDE1,1:R1-7:R2$$$",-5.20900000,ok,,flexible
"PEPTIDE1{Me_dA.Me_dL.L.meL.meA.Mono78.Mono7}$PEPTIDE1,PEPTIDE1,1:R1-7:R2$$$",-6.06000000,ok,,flexible
"PEPTIDE1{meA.I.A.L.Me_Phe(3-Cl).P.Me_dL}$PEPTIDE1,PEPTIDE1,1:R1-7:R2$$$",-6.11900000,ok,,flexible
"PEPTIDE1{Me_Bal.dA.Me_dL.F.P.P.L}$PEPTIDE1,PEPTIDE1,1:R1-7:R2$$$",-6.53700000,ok,,flexible
"PEPTIDE1{L.meL.Pr_Gly.dF.Ser(tBu).F.T}$PEPTIDE1,PEPTIDE1,1:R1-7:R2$$$",-5.83900000,ok,,flexible
"PEPTIDE1{dA.A.F.T.Me_dL.meI.meF}$PEPTIDE1,PEPTIDE1,1:R1-7:R2$$$",-6.19400000,ok,,flexible
"PEPTIDE1{Pr_Gly.Me_Nle.cHexCH2_Gly.Et_Gly.L.Me_Phe(3-Cl).Mono86}$PEPTIDE1,PEPTIDE1,1:R1-7:R2$$$",-5.68100000,ok,,flexible
"PEPTIDE1{dF.L.meL.T.Ser(tBu).meA.P}$PEPTIDE1,PEPTIDE1,1:R1-7:R2$$$",-6.34600000,ok,,flexible
"PEPTIDE1{Me_Bal.meL.L.P.meA.Asp_piperidide.Me_dL}$PEPTIDE1,PEPTIDE1,1:R1-7:R2$$$",-6.03600000,ok,,flexible
"PEPTIDE1{Me_dA.Sar.dP.meA.L.Ser(tBu).meL}$PEPTIDE1,PEPTIDE1,1:R1-7:R2$$$",-5.75500000,ok,,flexible
"PEPTIDE1{dV.Me_dL.meL.meA.Me_dA.Ser(tBu).Me_dL}$PEPTIDE1,PEPTIDE1,1:R1-7:R2$$$",-5.86300000,ok,,flexible
"PEPTIDE1{meA.A.Ser(tBu).L.meL.Me_dA.Me_dA}$PEPTIDE1,PEPTIDE1,1:R1-7:R2$$$",-5.60200000,ok,,flexible
"PEPTIDE1{Me_Bal.L.A.Me_Phe(3-Cl).dL.L.F}$PEPTIDE1,PEPTIDE1,1:R1-7:R2$$$",-5.23200000,ok,,flexible
"PEPTIDE1{F.L.cHexCH2_Gly.Me_Nle.dL.Me_Phe(3-Cl).L}$PEPTIDE1,PEPTIDE1,1:R1-7:R2$$$",-5.29000000,ok,,flexible
"PEPTIDE1{dA.Pr_Gly.meL.F.meL.dP.L}$PEPTIDE1,PEPTIDE1,1:R1-7:R2$$$",-5.77300000,ok,,flexible
"PEPTIDE1{meA.Sar.F.Bn_Gly.L.meL.A}$PEPTIDE1,PEPTIDE1,1:R1-7:R2$$$",-6.23500000,ok,,flexible
"PEPTIDE1{dA.T.P.F.P.meA.meL}$PEPTIDE1,PEPTIDE1,1:R1-7:R2$$$",-6.44000000,ok,,flexible
"PEPTIDE1{meA.F.L.P.Me_Phe(3-Cl).T.Ser(tBu)}$PEPTIDE1,PEPTIDE1,1:R1-7:R2$$$",-6.39600000,ok,,flexible
"PEPTIDE1{Pr_Gly.meL.meS.meL.Me_dL.P.Ser(tBu)}$PEPTIDE1,PEPTIDE1,1:R1-7:R2$$$",-5.08500000,ok,,flexible
"PEPTIDE1{P.meL.dL.meF.Ser(tBu).F.dF}$PEPTIDE1,PEPTIDE1,1:R1-7:R2$$$",-5.70100000,ok,,flexible
"PEPTIDE1{dA.dL.P.Ser(tBu).F.T.Mono86}$PEPTIDE1,PEPTIDE1,1:R1-7:R2$$$",-5.49300000,ok,,flexible
"PEPTIDE1{A.Me_dA.V.meV.meA.meL.Ser(tBu)}$PEPTIDE1,PEPTIDE1,1:R1-7:R2$$$",-5.55700000,ok,,flexible
"PEPTIDE1{dA.dPye.T.F.T.A.meV}$PEPTIDE1,PEPTIDE1,1:R1-7:R2$$$",-6.24500000,ok,,flexible
"PEPTIDE1{A.Me_dL.L.T.T.dL.meI}$PEPTIDE1,PEPTIDE1,1:R1-7:R2$$$",-5.52700000,ok,,flexible
"PEPTIDE1{Me_dA.Me_Phe(3-Cl).Me_dL.Me_dL.L.Asp_piperidide.T}$PEPTIDE1,PEPTIDE1,1:R1-7:R2$$$",-5.78800000,ok,,flexible
"PEPTIDE1{Me_dA.dP.T.Ser(tBu).P.meA.F}$PEPTIDE1,PEPTIDE1,1:R1-7:R2$$$",-6.60200000,ok,,flexible
"PEPTIDE1{Me_Bal.dP.meL.L.meL.Ser(tBu).A}$PEPTIDE1,PEPTIDE1,1:R1-7:R2$$$",-6.02700000,ok,,flexible
"PEPTIDE1{Pr_Gly.Me_Nle.P.pentyl_Gly.Ser(tBu).Mono86.Mono84}$PEPTIDE1,PEPTIDE1,1:R1-7:R2$$$",-4.70700000,ok,,flexible
"PEPTIDE1{meA.L.T.F.T.meV.Mono78}$PEPTIDE1,PEPTIDE1,1:R1-7:R2$$$",-6.26400000,ok,,flexible
"PEPTIDE1{Me_dA.P.Me_dAbu.dP.L.meV.L}$PEPTIDE1,PEPTIDE1,1:R1-7:R2$$$",-5.87200000,ok,,flexible
"PEPTIDE1{Pr_Gly.cHexCH2_Gly.Me_Nle.G.L.dL.A}$PEPTIDE1,PEPTIDE1,1:R1-7:R2$$$",-4.93000000,ok,,flexible
"PEPTIDE1{dA.meL.Me_dL.dP.meA.V.L}$PEPTIDE1,PEPTIDE1,1:R1-7:R2$$$",-5.83700000,ok,,flexible
"PEPTIDE1{meA.Me_Nle.pentyl_Gly.P.P.meL.Nle}$PEPTIDE1,PEPTIDE1,1:R1-7:R2$$$",-5.71900000,ok,,flexible
"PEPTIDE1{Me_Bal.Me_dA.meL.L.meL.Ser(tBu).dL}$PEPTIDE1,PEPTIDE1,1:R1-7:R2$$$",-5.05500000,ok,,flexible
"PEPTIDE1{Mono6.T.dP.Me_dL.meL.Me_dL.L}$PEPTIDE1,PEPTIDE1,1:R1-7:R2$$$",-5.44000000,ok,,flexible
"PEPTIDE1{dV.Sar.dL.P.Ser(tBu).T.T}$PEPTIDE1,PEPTIDE1,1:R1-7:R2$$$",-5.89500000,ok,,flexible
"PEPTIDE1{Me_dA.Pr_Gly.A.L.meF.Mono6.meA}$PEPTIDE1,PEPTIDE1,1:R1-7:R2$$$",-6.42900000,ok,,flexible
"PEPTIDE1{dF.dP.Me_dA.P.meL.meF.T}$PEPTIDE1,PEPTIDE1,1:R1-7:R2$$$",-6.61200000,ok,,flexible
"PEPTIDE1{dA.Me_Nle.T.P.Me_Phe(3-Cl).A.Nle}$PEPTIDE1,PEPTIDE1,1:R1-7:R2$$$",-5.79500000,ok,,flexible
"PEPTIDE1{dV.Me_dA.Me_dL.dA.L.F.meF}$PEPTIDE1,PEPTIDE1,1:R1-7:R2$$$",-6.69000000,ok,,flexible
"PEPTIDE1{Mono6.P.L.Ser(tBu).meI.Me_dL.Me_Nle}$PEPTIDE1,PEPTIDE1,1:R1-7:R2$$$",-5.31300000,ok,,flexible
"PEPTIDE1{dV.I.L.meF.L.Et_Gly.meL}$PEPTIDE1,PEPTIDE1,1:R1-7:R2$$$",-5.48900000,ok,,flexible
"PEPTIDE1{F.Mono38.L.I.Et_Gly.dP.P}$PEPTIDE1,PEPTIDE1,1:R1-7:R2$$$",-5.67100000,ok,,flexible
"PEPTIDE1{Mono6.meA.Sar.meL.L.A.P}$PEPTIDE1,PEPTIDE1,1:R1-7:R2$$$",-5.78600000,ok,,flexible
"PEPTIDE1{dV.A.Sar.T.F.Me_dL.meA}$PEPTIDE1,PEPTIDE1,1:R1-7:R2$$$",-6.52800000,ok,,flexible
"PEPTIDE1{Pr_Gly.P.Me_dL.Me_dA.T.dL.Ser(tBu)}$PEPTIDE1,PEPTIDE1,1:R1-7:R2$$$",-5.26400000,ok,,flexible
"PEPTIDE1{A.meL.T.Ser(tBu).P.Sar.I}$PEPTIDE1,PEPTIDE1,1:R1-7:R2$$$",-5.56300000,ok,,flexible
"PEPTIDE1{Me_Bal.meY.P.V.P.Me_dL.T}$PEPTIDE1,PEPTIDE1,1:R1-7:R2$$$",-6.31100000,ok,,flexible
"PEPTIDE1{Me_dA.Me_Nle.P.Nle.meL.Ser(tBu).meF}$PEPTIDE1,PEPTIDE1,1:R1-7:R2$$$",-4.91000000,ok,,flexible
"PEPTIDE1{Pr_Gly.pentyl_Gly.Mono38.L.Me_Phe(3-Cl).P.meA}$PEPTIDE1,PEPTIDE1,1:R1-7:R2$$$",-5.31600000,ok,,flexible
"PEPTIDE1{Mono6.A.meY.dP.P.meL.meA}$PEPTIDE1,PEPTIDE1,1:R1-7:R2$$$",-6.73200000,ok,,flexible
"PEPTIDE1{F.dP.Ser(tBu).T.Me_dL.T.P}$PEPTIDE1,PEPTIDE1,1:R1-7:R2$$$",-6.18900000,ok,,flexible
"PEPTIDE1{Me_Bal.dL.P.T.dP.dP.T}$PEPTIDE1,PEPTIDE1,1:R1-7:R2$$$",-7.06800000,ok,,flexible
"PEPTIDE1{Mono6.Me_dL.dP.meL.F.T.Ser(tBu)}$PEPTIDE1,PEPTIDE1,1:R1-7:R2$$$",-6.37700000,ok,,flexible
"PEPTIDE1{dF.P.Me_dL.P.meF.L.T}$PEPTIDE1,PEPTIDE1,1:R1-7:R2$$$",-6.18500000,ok,,flexible
"PEPTIDE1{L.meA.dP.meY.T.Me_dL.meL}$PEPTIDE1,PEPTIDE1,1:R1-7:R2$$$",-5.64700000,ok,,flexible
"PEPTIDE1{Me_Bal.P.P.T.Sar.P.meL}$PEPTIDE1,PEPTIDE1,1:R1-7:R2$$$",-6.98400000,ok,,flexible
"PEPTIDE1{meA.dP.Me_dA.Me_dL.F.meL.P}$PEPTIDE1,PEPTIDE1,1:R1-7:R2$$$",-6.26500000,ok,,flexible
"PEPTIDE1{meA.Pr_Gly.P.Mono84.Me_dL.meL.L}$PEPTIDE1,PEPTIDE1,1:R1-7:R2$$$",-5.54800000,ok,,flexible
"PEPTIDE1{dA.T.P.T.meL.meF.meL}$PEPTIDE1,PEPTIDE1,1:R1-7:R2$$$",-5.89500000,ok,,flexible
"PEPTIDE1{Me_dA.cHexCH2_Gly.Me_Nle.pentyl_Gly.Ser(tBu).T.L}$PEPTIDE1,PEPTIDE1,1:R1-7:R2$$$",-5.02900000,ok,,flexible
"PEPTIDE1{P.F.Aib.L.dL.meA.L}$PEPTIDE1,PEPTIDE1,1:R1-7:R2$$$",-5.95000000,ok,,flexible
"PEPTIDE1{Me_dA.dP.L.Me_dL.F.Me_dL.T}$PEPTIDE1,PEPTIDE1,1:R1-7:R2$$$",-5.76200000,ok,,flexible
"PEPTIDE1{meA.L.P.Sar.Me_dL.F.Me_dL}$PEPTIDE1,PEPTIDE1,1:R1-7:R2$$$",-6.38100000,ok,,flexible
"PEPTIDE1{A.meF.L.I.Sar.Et_Gly.meL}$PEPTIDE1,PEPTIDE1,1:R1-7:R2$$$",-6.67600000,ok,,flexible
"PEPTIDE1{dV.L.meL.dP.dL.T.V}$PEPTIDE1,PEPTIDE1,1:R1-7:R2$$$",-5.43900000,ok,,flexible
"PEPTIDE1{dV.V.dL.meL.Me_dL.meA.dP}$PEPTIDE1,PEPTIDE1,1:R1-7:R2$$$",-5.66500000,ok,,flexible
"PEPTIDE1{Me_Bal.T.P.L.meF.meL.dL}$PEPTIDE1,PEPTIDE1,1:R1-7:R2$$$",-5.82600000,ok,,flexible
"PEPTIDE1{Me_dA.Pr_Gly.A.dA.F.V.dL}$PEPTIDE1,PEPTIDE1,1:R1-7:R2$$$",-6.21400000,ok,,flexible
"PEPTIDE1{A.T.meL.P.meL.F.V}$PEPTIDE1,PEPTIDE1,1:R1-7:R2$$$",-6.14100000,ok,,flexible
"PEPTIDE1{dV.meL.dF.L.P.dP.Me_Phe(3-Cl)}$PEPTIDE1,PEPTIDE1,1:R1-7:R2$$$",-5.83700000,ok,,flexible
"PEPTIDE1{F.L.pentyl_Gly.Mono86.P.meL.Ser(tBu)}$PEPTIDE1,PEPTIDE1,1:R1-7:R2$$$",-5.55500000,ok,,flexible
"PEPTIDE1{dA.P.L.T.meA.meF.T}$PEPTIDE1,PEPTIDE1,1:R1-7:R2$$$",-6.03000000,ok,,flexible
"PEPTIDE1{Pr_Gly.L.T.meL.3Pal.Mono84.Mono86}$PEPTIDE1,PEPTIDE1,1:R1-7:R2$$$",-6.20000000,ok,,flexible
"PEPTIDE1{dA.meA.Ser(tBu).P.T.dP.meL}$PEPTIDE1,PEPTIDE1,1:R1-7:R2$$$",-6.42700000,ok,,flexible
"PEPTIDE1{F.pentyl_Gly.cHexCH2_Gly.L.Et_Gly.meF.P}$PEPTIDE1,PEPTIDE1,1:R1-7:R2$$$",-5.65200000,ok,,flexible
"PEPTIDE1{meA.dP.F.dL.L.P.Ser(tBu)}$PEPTIDE1,PEPTIDE1,1:R1-7:R2$$$",-5.61800000,ok,,flexible
"PEPTIDE1{Me_Bal.T.Nle.Ser(tBu).P.pentyl_Gly.I}$PEPTIDE1,PEPTIDE1,1:R1-7:R2$$$",-5.63100000,ok,,flexible
"PEPTIDE1{Me_dA.meL.L.meA.Me_Abu.meF.F}$PEPTIDE1,PEPTIDE1,1:R1-7:R2$$$",-6.58600000,ok,,flexible
"PEPTIDE1{meA.dL.L.Ser(tBu).P.meF.T}$PEPTIDE1,PEPTIDE1,1:R1-7:R2$$$",-5.97200000,ok,,flexible
"PEPTIDE1{meA.Me_dA.T.meL.dP.meL.dP}$PEPTIDE1,PEPTIDE1,1:R1-7:R2$$$",-5.88800000,ok,,flexible
"PEPTIDE1{Mono6.P.A.dP.meL.L.meL}$PEPTIDE1,PEPTIDE1,1:R1-7:R2$$$",-5.85000000,ok,,flexible
"PEPTIDE1{Me_Bal.T.T.meL.Sar.Mono12.A}$PEPTIDE1,PEPTIDE1,1:R1-7:R2$$$",-6.81700000,ok,,flexible
"PEPTIDE1{Me_dA.T.Me_dL.meL.P.dL.P}$PEPTIDE1,PEPTIDE1,1:R1-7:R2$$$",-6.42700000,ok,,flexible
"PEPTIDE1{dA.P.meL.L.V.T.T}$PEPTIDE1,PEPTIDE1,1:R1-7:R2$$$",-5.85200000,ok,,flexible
"PEPTIDE1{Me_Bal.dA.Me_dA.G.meL.L.dP}$PEPTIDE1,PEPTIDE1,1:R1-7:R2$$$",-6.38500000,ok,,flexible
"PEPTIDE1{Me_Bal.P.meL.Me_dL.V.F.L}$PEPTIDE1,PEPTIDE1,1:R1-7:R2$$$",-5.85300000,ok,,flexible
"PEPTIDE1{dV.meF.Ser(tBu).meL.L.3Pal.T}$PEPTIDE1,PEPTIDE1,1:R1-7:R2$$$",-5.56900000,ok,,flexible
"PEPTIDE1{dA.P.T.Me_dL.T.L.Mono86}$PEPTIDE1,PEPTIDE1,1:R1-7:R2$$$",-6.14900000,ok,,flexible
"PEPTIDE1{A.Me_dA.bHph.Pr_Gly.meL.P.L}$PEPTIDE1,PEPTIDE1,1:R1-7:R2$$$",-6.12100000,ok,,flexible
"PEPTIDE1{Me_dA.dP.Me_dL.F.Me_dL.meL.L}$PEPTIDE1,PEPTIDE1,1:R1-7:R2$$$",-6.06300000,ok,,flexible
"PEPTIDE1{dF.Ser(tBu).P.T.Me_dL.meL.L}$PEPTIDE1,PEPTIDE1,1:R1-7:R2$$$",-5.30300000,ok,,flexible
"PEPTIDE1{Me_Bal.Me_dA.Mono84.Mono86.dP.L.P}$PEPTIDE1,PEPTIDE1,1:R1-7:R2$$$",-8.08300000,ok,,flexible
"PEPTIDE1{A.meA.Me_dL.Me_dL.I.F.T}$PEPTIDE1,PEPTIDE1,1:R1-7:R2$$$",-6.10400000,ok,,flexible
"PEPTIDE1{Mono6.T.Et_Gly.meL.dL.L.L}$PEPTIDE1,PEPTIDE1,1:R1-7:R2$$$",-5.14000000,ok,,flexible
"PEPTIDE1{dV.meL.P.meF.Me_dL.T.A}$PEPTIDE1,PEPTIDE1,1:R1-7:R2$$$",-6.44700000,ok,,flexible
"PEPTIDE1{dV.Ser(tBu).Mono38.L.meF.dP.Me_Phe(3-Cl)}$PEPTIDE1,PEPTIDE1,1:R1-7:R2$$$",-5.38200000,ok,,flexible
"PEPTIDE1{F.P.A.P.Me_Phe(3-Cl).dL.dP}$PEPTIDE1,PEPTIDE1,1:R1-7:R2$$$",-6.72400000,ok,,flexible
"PEPTIDE1{Me_dA.Sar.F.meF.V.T.P}$PEPTIDE1,PEPTIDE1,1:R1-7:R2$$$",-6.26500000,ok,,flexible
"PEPTIDE1{dA.pentyl_Gly.L.meL.Ser(tBu).I.V}$PEPTIDE1,PEPTIDE1,1:R1-7:R2$$$",-4.47600000,ok,,flexible
"PEPTIDE1{Me_dA.L.G.T.Me_dL.F.I}$PEPTIDE1,PEPTIDE1,1:R1-7:R2$$$",-5.69900000,ok,,flexible
"PEPTIDE1{meA.meL.meF.L.dP.I.P}$PEPTIDE1,PEPTIDE1,1:R1-7:R2$$$",-6.59200000,ok,,flexible
"PEPTIDE1{Me_Bal.meL.meA.T.Me_dL.Ser(tBu).dL}$PEPTIDE1,PEPTIDE1,1:R1-7:R2$$$",-5.40400000,ok,,flexible
"PEPTIDE1{A.L.F.Sar.T.dP.meL}$PEPTIDE1,PEPTIDE1,1:R1-7:R2$$$",-6.15100000,ok,,flexible
"PEPTIDE1{Mono6.meL.Ser(tBu).P.Me_Abu.P.T}$PEPTIDE1,PEPTIDE1,1:R1-7:R2$$$",-5.35600000,ok,,flexible
"PEPTIDE1{L.T.Me_dL.meL.D.P.meA}$PEPTIDE1,PEPTIDE1,1:R1-7:R2$$$",-5.59600000,ok,,flexible
"PEPTIDE1{dA.Sar.meF.Ser(tBu).meL.Mono86.Mono100}$PEPTIDE1,PEPTIDE1,1:R1-7:R2$$$",-5.75100000,ok,,flexible
"PEPTIDE1{dF.A.meL.meA.dL.F.I}$PEPTIDE1,PEPTIDE1,1:R1-7:R2$$$",-6.00900000,ok,,flexible
"PEPTIDE1{Pr_Gly.P.meL.meA.I.dL.T}$PEPTIDE1,PEPTIDE1,1:R1-7:R2$$$",-5.62200000,ok,,flexible
"PEPTIDE1{dF.meA.L.dP.P.Me_dL.T}$PEPTIDE1,PEPTIDE1,1:R1-7:R2$$$",-6.20800000,ok,,flexible
"PEPTIDE1{Me_dA.dP.T.P.A.P.T}$PEPTIDE1,PEPTIDE1,1:R1-7:R2$$$",-7.33200000,ok,,flexible
"PEPTIDE1{meA.P.dL.T.Me_dL.Me_Phe(3-Cl).dF}$PEPTIDE1,PEPTIDE1,1:R1-7:R2$$$",-5.89400000,ok,,flexible
"PEPTIDE1{dV.L.dL.meL.meA.Me_dL.P}$PEPTIDE1,PEPTIDE1,1:R1-7:R2$$$",-5.40600000,ok,,flexible
"PEPTIDE1{Me_Bal.dP.L.T.P.Sar.Me_dL}$PEPTIDE1,PEPTIDE1,1:R1-7:R2$$$",-5.92600000,ok,,flexible
"PEPTIDE1{dV.Sar.meA.P.T.meL.I}$PEPTIDE1,PEPTIDE1,1:R1-7:R2$$$",-6.50800000,ok,,flexible
"PEPTIDE1{dA.L.T.meA.meL.meF.Me_Nle}$PEPTIDE1,PEPTIDE1,1:R1-7:R2$$$",-5.77600000,ok,,flexible
"PEPTIDE1{A.meA.L.Sar.P.F.P}$PEPTIDE1,PEPTIDE1,1:R1-7:R2$$$",-6.77700000,ok,,flexible
"PEPTIDE1{L.Me_dA.P.T.Ser(tBu).Me_dL.Sar}$PEPTIDE1,PEPTIDE1,1:R1-7:R2$$$",-5.84100000,ok,,flexible
"PEPTIDE1{L.P.meI.meL.I.L.P}$PEPTIDE1,PEPTIDE1,1:R1-7:R2$$$",-5.86100000,ok,,flexible
"PEPTIDE1{Me_Bal.P.L.dL.meF.dP.T}$PEPTIDE1,PEPTIDE1,1:R1-7:R2$$$",-6.40100000,ok,,flexible
"PEPTIDE1{Me_Bal.T.T.meA.P.meF.A}$PEPTIDE1,PEPTIDE1,1:R1-7:R2$$$",-6.69500000,ok,,flexible
"PEPTIDE1{L.P.Mono84.dP.meL.H.Me_Nle}$PEPTIDE1,PEPTIDE1,1:R1-7:R2$$$",-6.13000000,ok,,flexible
"PEPTIDE1{Me_dA.meL.Pr_Gly.meA.L.T.F}$PEPTIDE1,PEPTIDE1,1:R1-7:R2$$$",-5.94400000,ok,,flexible
"PEPTIDE1{meA.Sar.meL.V.L.dP.Me_dL}$PEPTIDE1,PEPTIDE1,1:R1-7:R2$$$",-5.98700000,ok,,flexible
"PEPTIDE1{P.Pr_Gly.meL.Asp_piperidide.L.Me_dA.A}$PEPTIDE1,PEPTIDE1,1:R1-7:R2$$$",-5.71800000,ok,,flexible
"PEPTIDE1{Me_Bal.T.P.dL.L.meL.T}$PEPTIDE1,PEPTIDE1,1:R1-7:R2$$$",-5.34100000,ok,,flexible
"PEPTIDE1{dV.Ser(tBu).T.T.L.meL.F}$PEPTIDE1,PEPTIDE1,1:R1-7:R2$$$",-5.55300000,ok,,flexible
"PEPTIDE1{Mono6.pentyl_Gly.P.P.dL.T.I}$PEPTIDE1,PEPTIDE1,1:R1-7:R2$$$",-5.51300000,ok,,flexible
"PEPTIDE1{Me_dA.pentyl_Gly.L.Nle.Ser(tBu).P.Me_dL}$PEPTIDE1,PEPTIDE1,1:R1-7:R2$$$",-5.44200000,ok,,flexible
"PEPTIDE1{Sar.T.P.A.dP.F.P}$PEPTIDE1,PEPTIDE1,1:R1-7:R2$$$",-7.49600000,ok,,flexible
"PEPTIDE1{A.T.T.L.meL.meA.Sar}$PEPTIDE1,PEPTIDE1,1:R1-7:R2$$$",-6.20100000,ok,,flexible
"PEPTIDE1{A.G.L.P.Aib.Me_dL.P}$PEPTIDE1,PEPTIDE1,1:R1-7:R2$$$",-6.75200000,ok,,flexible
"PEPTIDE1{dF.P.meF.Me_dL.Ser(tBu).meL.meA}$PEPTIDE1,PEPTIDE1,1:R1-7:R2$$$",-6.38600000,ok,,flexible
"PEPTIDE1{Me_dA.Pr_Gly.Me_dL.meA.F.meL.meL}$PEPTIDE1,PEPTIDE1,1:R1-7:R2$$$",-5.26600000,ok,,flexible
"PEPTIDE1{Pr_Gly.dA.meF.F.meA.meL.dP}$PEPTIDE1,PEPTIDE1,1:R1-7:R2$$$",-6.60500000,ok,,flexible
"PEPTIDE1{dF.pentyl_Gly.Mono84.P.dL.T.meL}$PEPTIDE1,PEPTIDE1,1:R1-7:R2$$$",-5.20200000,ok,,flexible
"PEPTIDE1{Mono6.meA.T.T.L.meL.dL}$PEPTIDE1,PEPTIDE1,1:R1-7:R2$$$",-5.61000000,ok,,flexible
"PEPTIDE1{meF.Me_Nle.Mono38.I.Ser(tBu).dL.meL}$PEPTIDE1,PEPTIDE1,1:R1-7:R2$$$",-4.87800000,ok,,flexible
"PEPTIDE1{meA.dP.L.V.Me_dL.Mono34.Bn_Gly}$PEPTIDE1,PEPTIDE1,1:R1-7:R2$$$",-5.27300000,ok,,flexible
"PEPTIDE1{meA.P.dP.T.I.P.T}$PEPTIDE1,PEPTIDE1,1:R1-7:R2$$$",-6.06200000,ok,,flexible
"PEPTIDE1{dA.F.meL.T.Ser(tBu).dL.meA}$PEPTIDE1,PEPTIDE1,1:R1-7:R2$$$",-5.65600000,ok,,flexible
"PEPTIDE1{Pr_Gly.P.Nle.dL.T.G.L}$PEPTIDE1,PEPTIDE1,1:R1-7:R2$$$",-5.20500000,ok,,flexible
"PEPTIDE1{A.P.Ser(tBu).T.P.dL.meL}$PEPTIDE1,PEPTIDE1,1:R1-7:R2$$$",-5.67000000,ok,,flexible
"PEPTIDE1{dP.Me_Phe(3-Cl).Ser(tBu).L.dF.T.L}$PEPTIDE1,PEPTIDE1,1:R1-7:R2$$$",-6.51000000,ok,,flexible
"PEPTIDE1{Me_Bal.dA.T.meL.dL.dP.Ser(tBu)}$PEPTIDE1,PEPTIDE1,1:R1-7:R2$$$",-5.73300000,ok,,flexible
"PEPTIDE1{meA.F.meL.dL.dP.meL.Ser(tBu)}$PEPTIDE1,PEPTIDE1,1:R1-7:R2$$$",-5.92900000,ok,,flexible
"PEPTIDE1{Me_Bal.meA.T.A.meL.F.dL}$PEPTIDE1,PEPTIDE1,1:R1-7:R2$$$",-6.63600000,ok,,flexible
"PEPTIDE1{F.Bn_Gly.Ser(tBu).T.dL.I.dP}$PEPTIDE1,PEPTIDE1,1:R1-7:R2$$$",-5.58200000,ok,,flexible
"PEPTIDE1{meL.dP.T.Ser(tBu).dL.Nle.P}$PEPTIDE1,PEPTIDE1,1:R1-7:R2$$$",-5.56700000,ok,,flexible
"PEPTIDE1{L.Mono38.Me_Nle.meL.A.P.dL}$PEPTIDE1,PEPTIDE1,1:R1-7:R2$$$",-5.58300000,ok,,flexible
"PEPTIDE1{dA.dP.meL.meL.dP.P.L}$PEPTIDE1,PEPTIDE1,1:R1-7:R2$$$",-6.50000000,ok,,flexible
"PEPTIDE1{meA.T.T.dP.Ser(tBu).meL.L}$PEPTIDE1,PEPTIDE1,1:R1-7:R2$$$",-5.80300000,ok,,flexible
"PEPTIDE1{meA.meL.T.T.dP.P.A}$PEPTIDE1,PEPTIDE1,1:R1-7:R2$$$",-6.38500000,ok,,flexible
"PEPTIDE1{Pr_Gly.Sar.meF.meL.T.Ser(tBu).A}$PEPTIDE1,PEPTIDE1,1:R1-7:R2$$$",-5.27500000,ok,,flexible
"PEPTIDE1{dV.Me_dA.Ser(tBu).P.meF.T.Asp_piperidide}$PEPTIDE1,PEPTIDE1,1:R1-7:R2$$$",-6.48100000,ok,,flexible
"PEPTIDE1{A.meA.F.P.V.meL.dL}$PEPTIDE1,PEPTIDE1,1:R1-7:R2$$$",-5.97200000,ok,,flexible
"PEPTIDE1{dV.Me_dA.dPye.L.dL.F.Ser(tBu)}$PEPTIDE1,PEPTIDE1,1:R1-7:R2$$$",-5.73400000,ok,,flexible
"PEPTIDE1{Me_dA.Me_Phe(3-Cl).L.meL.Ser(tBu).Ser(tBu).F}$PEPTIDE1,PEPTIDE1,1:R1-7:R2$$$",-5.26500000,ok,,flexible
"PEPTIDE1{A.Pr_Gly.Ser(tBu).Mono84.Cha.L.F}$PEPTIDE1,PEPTIDE1,1:R1-7:R2$$$",-5.91100000,ok,,flexible
"PEPTIDE1{Pr_Gly.dF.Me_Abu.meA.dP.Me_dL.P}$PEPTIDE1,PEPTIDE1,1:R1-7:R2$$$",-5.97600000,ok,,flexible
"PEPTIDE1{dF.Mono38.cHexCH2_Gly.P.meL.Ser(tBu).Mono78}$PEPTIDE1,PEPTIDE1,1:R1-7:R2$$$",-5.67100000,ok,,flexible
"PEPTIDE1{Mono6.P.T.dL.meL.Me_Abu.meL}$PEPTIDE1,PEPTIDE1,1:R1-7:R2$$$",-6.00800000,ok,,flexible
"PEPTIDE1{Mono6.Me_dL.meA.P.dP.T.L}$PEPTIDE1,PEPTIDE1,1:R1-7:R2$$$",-5.92500000,ok,,flexible
"PEPTIDE1{dA.F.Ser(tBu).Me_Nle.Ser(tBu).cHexCH2_Gly.Me_dL}$PEPTIDE1,PEPTIDE1,1:R1-7:R2$$$",-5.31000000,ok,,flexible
"PEPTIDE1{Me_dA.meA.T.L.dP.Me_dL.V}$PEPTIDE1,PEPTIDE1,1:R1-7:R2$$$",-5.98200000,ok,,flexible
"PEPTIDE1{A.V.dP.meA.T.F.Bn_Gly}$PEPTIDE1,PEPTIDE1,1:R1-7:R2$$$",-6.66500000,ok,,flexible
"PEPTIDE1{Pr_Gly.I.Sar.L.meA.Me_dL.Me_dL}$PEPTIDE1,PEPTIDE1,1:R1-7:R2$$$",-5.24300000,ok,,flexible
"PEPTIDE1{P.Pr_Gly.L.Me_dL.Ser(tBu).P.meL}$PEPTIDE1,PEPTIDE1,1:R1-7:R2$$$",-5.32700000,ok,,flexible
"PEPTIDE1{Me_Bal.Me_Nle.Me_Phe(3-Cl).A.P.dL.T}$PEPTIDE1,PEPTIDE1,1:R1-7:R2$$$",-6.00800000,ok,,flexible
"PEPTIDE1{Me_Bal.Pr_Gly.Me_dL.dP.dL.F.Ser(tBu)}$PEPTIDE1,PEPTIDE1,1:R1-7:R2$$$",-5.54700000,ok,,flexible
"PEPTIDE1{Pr_Gly.Me_dA.Me_dL.dP.T.dL.L}$PEPTIDE1,PEPTIDE1,1:R1-7:R2$$$",-5.68300000,ok,,flexible
"PEPTIDE1{meA.cHexCH2_Gly.A.L.F.3Pal.I}$PEPTIDE1,PEPTIDE1,1:R1-7:R2$$$",-5.85500000,ok,,flexible
"PEPTIDE1{Me_Bal.meA.P.meL.dP.Me_Nle.Sar}$PEPTIDE1,PEPTIDE1,1:R1-7:R2$$$",-6.64100000,ok,,flexible
"PEPTIDE1{dF.A.Me_Abu.dP.P.dL.Ser(tBu)}$PEPTIDE1,PEPTIDE1,1:R1-7:R2$$$",-5.93800000,ok,,flexible
"PEPTIDE1{dV.Me_dA.meL.Me_dL.Pr_Gly.G.Sar}$PEPTIDE1,PEPTIDE1,1:R1-7:R2$$$",-5.31100000,ok,,flexible
"PEPTIDE1{Me_dA.A.T.Me_Phe(3-Cl).Ser(tBu).T.meL}$PEPTIDE1,PEPTIDE1,1:R1-7:R2$$$",-6.03400000,ok,,flexible
"PEPTIDE1{Me_Bal.Me_dA.dF.Ser(tBu).T.F.3Pal}$PEPTIDE1,PEPTIDE1,1:R1-7:R2$$$",-5.78800000,ok,,flexible
"PEPTIDE1{L.dL.meL.T.Ser(tBu).I.F}$PEPTIDE1,PEPTIDE1,1:R1-7:R2$$$",-4.92200000,ok,,flexible
"PEPTIDE1{dA.Pr_Gly.dF.dL.P.meL.meF}$PEPTIDE1,PEPTIDE1,1:R1-7:R2$$$",-6.50300000,ok,,flexible
"PEPTIDE1{A.P.meA.dP.T.meL.meF}$PEPTIDE1,PEPTIDE1,1:R1-7:R2$$$",-6.63700000,ok,,flexible
"PEPTIDE1{dA.meA.meF.Sar.T.P.Ser(tBu)}$PEPTIDE1,PEPTIDE1,1:R1-7:R2$$$",-6.65600000,ok,,flexible
"PEPTIDE1{meF.pentyl_Gly.Mono86.Ser(tBu).P.Et_Gly.Mono2}$PEPTIDE1,PEPTIDE1,1:R1-7:R2$$$",-5.45100000,ok,,flexible
"PEPTIDE1{meA.Sar.Me_dL.meL.dA.Me_dA.P}$PEPTIDE1,PEPTIDE1,1:R1-7:R2$$$",-6.10400000,ok,,flexible
"PEPTIDE1{A.I.L.F.T.meA.pentyl_Gly}$PEPTIDE1,PEPTIDE1,1:R1-7:R2$$$",-5.71300000,ok,,flexible
"PEPTIDE1{Pr_Gly.F.T.Sar.meL.Mono84.cHexCH2_Gly}$PEPTIDE1,PEPTIDE1,1:R1-7:R2$$$",-5.90500000,ok,,flexible
"PEPTIDE1{Me_Bal.Me_dL.G.Ser(tBu).dP.meA.T}$PEPTIDE1,PEPTIDE1,1:R1-7:R2$$$",-6.21400000,ok,,flexible
"PEPTIDE1{meA.dL.T.P.dP.T.Me_dL}$PEPTIDE1,PEPTIDE1,1:R1-7:R2$$$",-6.73200000,ok,,flexible
"PEPTIDE1{meA.L.A.L.meL.P.A}$PEPTIDE1,PEPTIDE1,1:R1-7:R2$$$",-5.87400000,ok,,flexible
"PEPTIDE1{dF.meF.T.dP.P.T.meL}$PEPTIDE1,PEPTIDE1,1:R1-7:R2$$$",-6.27000000,ok,,flexible
"PEPTIDE1{Me_Bal.L.T.meV.F.V.meI}$PEPTIDE1,PEPTIDE1,1:R1-7:R2$$$",-5.40600000,ok,,flexible
"PEPTIDE1{Me_dA.dP.L.dL.P.Ser(tBu).meA}$PEPTIDE1,PEPTIDE1,1:R1-7:R2$$$",-6.01000000,ok,,flexible
"PEPTIDE1{meA.pentyl_Gly.cHexCH2_Gly.I.T.Mono86.P}$PEPTIDE1,PEPTIDE1,1:R1-7:R2$$$",-6.07000000,ok,,flexible
"PEPTIDE1{A.dP.dP.T.P.Me_dL.T}$PEPTIDE1,PEPTIDE1,1:R1-7:R2$$$",-7.23300000,ok,,flexible
"PEPTIDE1{Me_dA.T.F.meV.L.meL.P}$PEPTIDE1,PEPTIDE1,1:R1-7:R2$$$",-5.58900000,ok,,flexible
"PEPTIDE1{dA.cHexCH2_Gly.P.L.I.Ser(tBu).meA}$PEPTIDE1,PEPTIDE1,1:R1-7:R2$$$",-5.44000000,ok,,flexible
"PEPTIDE1{A.P.F.I.meL.V.dP}$PEPTIDE1,PEPTIDE1,1:R1-7:R2$$$",-6.00400000,ok,,flexible
"PEPTIDE1{Me_dA.L.meL.A.Ser(tBu).P.Me_dL}$PEPTIDE1,PEPTIDE1,1:R1-7:R2$$$",-5.53700000,ok,,flexible
"PEPTIDE1{Mono6.Pr_Gly.dA.Me_dA.T.meL.meF}$PEPTIDE1,PEPTIDE1,1:R1-7:R2$$$",-5.55200000,ok,,flexible
"PEPTIDE1{A.F.V.meA.dP.Bn_Gly.P}$PEPTIDE1,PEPTIDE1,1:R1-7:R2$$$",-6.32500000,ok,,flexible
"PEPTIDE1{meL.P.meL.L.A.dL.Me_dL}$PEPTIDE1,PEPTIDE1,1:R1-7:R2$$$",-5.49100000,ok,,flexible
"PEPTIDE1{Sar.A.pentyl_Gly.T.F.I.Ser(tBu)}$PEPTIDE1,PEPTIDE1,1:R1-7:R2$$$",-5.89500000,ok,,flexible
"PEPTIDE1{P.meA.meF.T.D.meL.Me_dL}$PEPTIDE1,PEPTIDE1,1:R1-7:R2$$$",-5.78000000,ok,,flexible
"PEPTIDE1{dA.L.meF.dP.meA.A.meL}$PEPTIDE1,PEPTIDE1,1:R1-7:R2$$$",-6.32000000,ok,,flexible
"PEPTIDE1{A.Me_Nle.meL.Ser(tBu).L.dL.meI}$PEPTIDE1,PEPTIDE1,1:R1-7:R2$$$",-5.18800000,ok,,flexible
"PEPTIDE1{meA.Me_dL.L.A.pentyl_Gly.F.Ser(tBu)}$PEPTIDE1,PEPTIDE1,1:R1-7:R2$$$",-5.12400000,ok,,flexible
"PEPTIDE1{Me_dA.Pr_Gly.F.meA.dP.P.meF}$PEPTIDE1,PEPTIDE1,1:R1-7:R2$$$",-6.93700000,ok,,flexible
"PEPTIDE1{dV.meF.Me_dA.meL.meA.L.dA}$PEPTIDE1,PEPTIDE1,1:R1-7:R2$$$",-5.87800000,ok,,flexible
"PEPTIDE1{meA.Me_dA.dP.T.T.meF.meI}$PEPTIDE1,PEPTIDE1,1:R1-7:R2$$$",-5.93300000,ok,,flexible
"PEPTIDE1{meA.L.Me_dL.P.Sar.I.Ser(tBu)}$PEPTIDE1,PEPTIDE1,1:R1-7:R2$$$",-5.20900000,ok,,flexible
"PEPTIDE1{meF.dA.P.Ser(tBu).dP.T.A}$PEPTIDE1,PEPTIDE1,1:R1-7:R2$$$",-7.07200000,ok,,flexible
"PEPTIDE1{P.dA.meA.A.L.meL.meL}$PEPTIDE1,PEPTIDE1,1:R1-7:R2$$$",-6.50100000,ok,,flexible
"PEPTIDE1{dP.dPye.dA.Pr_Gly.Me_dL.A.meA}$PEPTIDE1,PEPTIDE1,1:R1-7:R2$$$",-6.36700000,ok,,flexible
"PEPTIDE1{Me_dA.Me_dL.P.dP.L.Sar.L}$PEPTIDE1,PEPTIDE1,1:R1-7:R2$$$",-6.07600000,ok,,flexible
"PEPTIDE1{Me_dA.meF.L.Mono84.3Pal.I.Mono78}$PEPTIDE1,PEPTIDE1,1:R1-7:R2$$$",-6.43500000,ok,,flexible
"PEPTIDE1{dA.Me_dA.F.L.Me_Phe(3-Cl).P.P}$PEPTIDE1,PEPTIDE1,1:R1-7:R2$$$",-7.64900000,ok,,flexible
"PEPTIDE1{meA.meF.V.Mono84.dP.Me_Nle.L}$PEPTIDE1,PEPTIDE1,1:R1-7:R2$$$",-6.27500000,ok,,flexible
"PEPTIDE1{Pr_Gly.meL.meA.dP.P.F.Mono12}$PEPTIDE1,PEPTIDE1,1:R1-7:R2$$$",-6.18900000,ok,,flexible
"PEPTIDE1{meA.cHexCH2_Gly.T.I.P.dP.L}$PEPTIDE1,PEPTIDE1,1:R1-7:R2$$$",-6.09300000,ok,,flexible
"PEPTIDE1{meA.P.dP.dL.meL.Me_dL.L}$PEPTIDE1,PEPTIDE1,1:R1-7:R2$$$",-5.63600000,ok,,flexible
"PEPTIDE1{meA.P.Me_dA.dA.T.meL.L}$PEPTIDE1,PEPTIDE1,1:R1-7:R2$$$",-6.45500000,ok,,flexible
"PEPTIDE1{dV.P.meF.meI.A.dP.T}$PEPTIDE1,PEPTIDE1,1:R1-7:R2$$$",-6.08200000,ok,,flexible
"PEPTIDE1{F.meL.P.meF.P.meL.T}$PEPTIDE1,PEPTIDE1,1:R1-7:R2$$$",-6.39700000,ok,,flexible
"PEPTIDE1{F.T.T.Me_dL.T.L.meL}$PEPTIDE1,PEPTIDE1,1:R1-7:R2$$$",-5.81600000,ok,,flexible
"PEPTIDE1{dV.A.Me_dL.F.Pr_Gly.I.L}$PEPTIDE1,PEPTIDE1,1:R1-7:R2$$$",-4.97500000,ok,,flexible
"PEPTIDE1{meA.cHexCH2_Gly.Mono84.Mono86.dP.Me_dL.Ser(tBu)}$PEPTIDE1,PEPTIDE1,1:R1-7:R2$$$",-5.65000000,ok,,flexible
"PEPTIDE1{Me_Bal.cHexCH2_Gly.meL.P.L.meL.dL}$PEPTIDE1,PEPTIDE1,1:R1-7:R2$$$",-5.81900000,ok,,flexible
"PEPTIDE1{Sar.T.T.Mono86.D.Ser(tBu).L}$PEPTIDE1,PEPTIDE1,1:R1-7:R2$$$",-5.34100000,ok,,flexible
"PEPTIDE1{dA.F.dP.T.meL.dL.meA}$PEPTIDE1,PEPTIDE1,1:R1-7:R2$$$",-6.43700000,ok,,flexible
"PEPTIDE1{dA.dL.T.Ser(tBu).P.F.meF}$PEPTIDE1,PEPTIDE1,1:R1-7:R2$$$",-6.30300000,ok,,flexible
"PEPTIDE1{Me_Bal.Me_Nle.meF.Me_Nle.A.T.Mono84}$PEPTIDE1,PEPTIDE1,1:R1-7:R2$$$",-5.63500000,ok,,flexible
"PEPTIDE1{meA.F.L.L.T.meL.dP}$PEPTIDE1,PEPTIDE1,1:R1-7:R2$$$",-5.33000000,ok,,flexible
"PEPTIDE1{meA.dL.Me_dA.F.dF.P.dP}$PEPTIDE1,PEPTIDE1,1:R1-7:R2$$$",-6.13000000,ok,,flexible
"PEPTIDE1{Me_dA.A.dP.P.Mono38.L.dP}$PEPTIDE1,PEPTIDE1,1:R1-7:R2$$$",-6.27700000,ok,,flexible
"PEPTIDE1{F.Me_dL.P.L.Ser(tBu).Mono84.Me_Nle}$PEPTIDE1,PEPTIDE1,1:R1-7:R2$$$",-6.03800000,ok,,flexible
"PEPTIDE1{Me_Bal.meL.T.cHexCH2_Gly.Mono86.I.L}$PEPTIDE1,PEPTIDE1,1:R1-7:R2$$$",-5.67200000,ok,,flexible
"PEPTIDE1{A.F.meL.P.L.Me_dL.meA}$PEPTIDE1,PEPTIDE1,1:R1-7:R2$$$",-6.11200000,ok,,flexible
"PEPTIDE1{dV.dP.meL.P.L.meL.V}$PEPTIDE1,PEPTIDE1,1:R1-7:R2$$$",-5.93300000,ok,,flexible
"PEPTIDE1{Sar.Ser(tBu).P.T.meL.Me_dL.I}$PEPTIDE1,PEPTIDE1,1:R1-7:R2$$$",-5.43600000,ok,,flexible
"PEPTIDE1{meL.T.Me_dL.meF.A.T.Sar}$PEPTIDE1,PEPTIDE1,1:R1-7:R2$$$",-6.41100000,ok,,flexible
"PEPTIDE1{Me_dA.cHexCH2_Gly.cHexCH2_Gly.L.3Pal.meL.A}$PEPTIDE1,PEPTIDE1,1:R1-7:R2$$$",-6.27800000,ok,,flexible
"PEPTIDE1{dV.L.P.Et_Gly.Nle.L.meF}$PEPTIDE1,PEPTIDE1,1:R1-7:R2$$$",-5.66000000,ok,,flexible
"PEPTIDE1{Me_Bal.T.L.dP.Me_Nle.pentyl_Gly.Mono2}$PEPTIDE1,PEPTIDE1,1:R1-7:R2$$$",-5.61600000,ok,,flexible
"PEPTIDE1{meA.V.meL.A.Bn_Gly.dL.F}$PEPTIDE1,PEPTIDE1,1:R1-7:R2$$$",-5.80800000,ok,,flexible
"PEPTIDE1{Me_dA.L.Me_dL.T.F.dF.meL}$PEPTIDE1,PEPTIDE1,1:R1-7:R2$$$",-5.97800000,ok,,flexible
"PEPTIDE1{dV.Me_Abu.meL.I.P.T.Ser(tBu)}$PEPTIDE1,PEPTIDE1,1:R1-7:R2$$$",-5.14500000,ok,,flexible
"PEPTIDE1{Sar.meL.P.Ser(tBu).T.T.F}$PEPTIDE1,PEPTIDE1,1:R1-7:R2$$$",-5.70700000,ok,,flexible
"PEPTIDE1{Sar.cHexCH2_Gly.I.meF.L.Ser(tBu).L}$PEPTIDE1,PEPTIDE1,1:R1-7:R2$$$",-4.80500000,ok,,flexible
"PEPTIDE1{dP.Me_dA.meA.Me_dL.F.L.T}$PEPTIDE1,PEPTIDE1,1:R1-7:R2$$$",-6.15300000,ok,,flexible
"PEPTIDE1{Pr_Gly.T.meL.L.dL.dP.Me_dL}$PEPTIDE1,PEPTIDE1,1:R1-7:R2$$$",-5.39500000,ok,,flexible
"PEPTIDE1{L.P.T.P.dP.meL.L}$PEPTIDE1,PEPTIDE1,1:R1-7:R2$$$",-6.16500000,ok,,flexible
"PEPTIDE1{Me_Bal.dL.Me_dL.meF.I.meA.Ser(tBu)}$PEPTIDE1,PEPTIDE1,1:R1-7:R2$$$",-5.59300000,ok,,flexible
"PEPTIDE1{meA.L.T.meL.meF.L.T}$PEPTIDE1,PEPTIDE1,1:R1-7:R2$$$",-5.23400000,ok,,flexible
"PEPTIDE1{Me_dA.F.P.Me_dL.T.A.I}$PEPTIDE1,PEPTIDE1,1:R1-7:R2$$$",-5.94200000,ok,,flexible
"PEPTIDE1{A.F.Ser(tBu).dP.P.T.T}$PEPTIDE1,PEPTIDE1,1:R1-7:R2$$$",-6.47200000,ok,,flexible
"PEPTIDE1{Me_Bal.Me_Phe(3-Cl).F.dP.dL.L.dP}$PEPTIDE1,PEPTIDE1,1:R1-7:R2$$$",-6.50600000,ok,,flexible
"PEPTIDE1{Mono6.I.L.meL.A.L.T}$PEPTIDE1,PEPTIDE1,1:R1-7:R2$$$",-5.46700000,ok,,flexible
"PEPTIDE1{A.T.meL.meI.P.meL.T}$PEPTIDE1,PEPTIDE1,1:R1-7:R2$$$",-5.84900000,ok,,flexible
"PEPTIDE1{Me_dA.F.Me_dL.dP.P.dL.T}$PEPTIDE1,PEPTIDE1,1:R1-7:R2$$$",-6.56800000,ok,,flexible
"PEPTIDE1{Me_Bal.meL.V.meV.P.T.Ser(tBu)}$PEPTIDE1,PEPTIDE1,1:R1-7:R2$$$",-5.70000000,ok,,flexible
"PEPTIDE1{meA.Mono104.A.Mono7.T.T.dL}$PEPTIDE1,PEPTIDE1,1:R1-7:R2$$$",-6.52000000,ok,,flexible
"PEPTIDE1{P.dL.meL.L.meF.T.Me_Phe(3-Cl)}$PEPTIDE1,PEPTIDE1,1:R1-7:R2$$$",-5.99500000,ok,,flexible
"PEPTIDE1{Me_Bal.F.I.Sar.Nle.meL.P}$PEPTIDE1,PEPTIDE1,1:R1-7:R2$$$",-6.00700000,ok,,flexible
"PEPTIDE1{A.T.meL.L.L.P.dP}$PEPTIDE1,PEPTIDE1,1:R1-7:R2$$$",-5.96400000,ok,,flexible
"PEPTIDE1{L.meF.F.T.Me_dL.meA.V}$PEPTIDE1,PEPTIDE1,1:R1-7:R2$$$",-5.86800000,ok,,flexible
"PEPTIDE1{F.I.Nle.Ser(tBu).P.L.meA}$PEPTIDE1,PEPTIDE1,1:R1-7:R2$$$",-5.66700000,ok,,flexible
"PEPTIDE1{A.meL.Ser(tBu).L.dP.T.T}$PEPTIDE1,PEPTIDE1,1:R1-7:R2$$$",-5.58400000,ok,,flexible
"PEPTIDE1{Me_Bal.cHexCH2_Gly.Nle.P.P.T.Ser(tBu)}$PEPTIDE1,PEPTIDE1,1:R1-7:R2$$$",-5.98100000,ok,,flexible
"PEPTIDE1{L.meL.meL.Ser(tBu).I.L.H}$PEPTIDE1,PEPTIDE1,1:R1-7:R2$$$",-5.15900000,ok,,flexible
"PEPTIDE1{dV.L.Sar.D.meL.T.dA}$PEPTIDE1,PEPTIDE1,1:R1-7:R2$$$",-5.65200000,ok,,flexible
"PEPTIDE1{Pr_Gly.meY.dP.meL.P.F.D}$PEPTIDE1,PEPTIDE1,1:R1-7:R2$$$",-5.90700000,ok,,flexible
"PEPTIDE1{dV.pentyl_Gly.meL.Mono38.Ser(tBu).Sar.L}$PEPTIDE1,PEPTIDE1,1:R1-7:R2$$$",-4.57700000,ok,,flexible
"PEPTIDE1{Me_dA.Me_Nle.meA.P.Ser(tBu).P.Ser(tBu)}$PEPTIDE1,PEPTIDE1,1:R1-7:R2$$$",-5.83100000,ok,,flexible
"PEPTIDE1{meL.T.Ser(tBu).Sar.I.Me_dL.dP}$PEPTIDE1,PEPTIDE1,1:R1-7:R2$$$",-5.22500000,ok,,flexible
"PEPTIDE1{Me_dA.dP.P.meL.Me_dL.Sar.T}$PEPTIDE1,PEPTIDE1,1:R1-7:R2$$$",-6.87100000,ok,,flexible
"PEPTIDE1{Me_dA.meL.meA.meF.L.P.T}$PEPTIDE1,PEPTIDE1,1:R1-7:R2$$$",-6.34200000,ok,,flexible
"PEPTIDE1{dA.Me_dAbu.F.P.meF.L.meL}$PEPTIDE1,PEPTIDE1,1:R1-7:R2$$$",-5.92500000,ok,,flexible
"PEPTIDE1{Me_dA.pentyl_Gly.dP.meL.T.Ser(tBu).meA}$PEPTIDE1,PEPTIDE1,1:R1-7:R2$$$",-5.21200000,ok,,flexible
"PEPTIDE1{Me_Bal.Me_dAbu.Me_Abu.L.Me_dA.V.Me_dL}$PEPTIDE1,PEPTIDE1,1:R1-7:R2$$$",-5.76200000,ok,,flexible
"PEPTIDE1{Me_dA.Pr_Gly.dF.meL.F.Me_dL.meF}$PEPTIDE1,PEPTIDE1,1:R1-7:R2$$$",-5.29800000,ok,,flexible
"PEPTIDE1{F.L.cHexCH2_Gly.Mono86.pentyl_Gly.I.P}$PEPTIDE1,PEPTIDE1,1:R1-7:R2$$$",-5.55900000,ok,,flexible
"PEPTIDE1{A.Sar.L.P.D.meA.meL}$PEPTIDE1,PEPTIDE1,1:R1-7:R2$$$",-6.24300000,ok,,flexible
"PEPTIDE1{dA.Pr_Gly.L.meL.L.dF.Me_dL}$PEPTIDE1,PEPTIDE1,1:R1-7:R2$$$",-5.65300000,ok,,flexible
"PEPTIDE1{dP.Pr_Gly.T.Ser(tBu).L.P.Me_dL}$PEPTIDE1,PEPTIDE1,1:R1-7:R2$$$",-5.22000000,ok,,flexible
"PEPTIDE1{Mono6.Me_dL.Pr_Gly.Me_dL.Asp_piperidide.L.dP}$PEPTIDE1,PEPTIDE1,1:R1-7:R2$$$",-5.40000000,ok,,flexible
"PEPTIDE1{Sar.T.pentyl_Gly.Mono38.L.meL.L}$PEPTIDE1,PEPTIDE1,1:R1-7:R2$$$",-4.86900000,ok,,flexible
"PEPTIDE1{meA.dL.L.meL.P.dV.P}$PEPTIDE1,PEPTIDE1,1:R1-7:R2$$$",-5.99600000,ok,,flexible
"PEPTIDE1{dA.T.meF.P.V.dL.T}$PEPTIDE1,PEPTIDE1,1:R1-7:R2$$$",-6.54100000,ok,,flexible
"PEPTIDE1{Me_Bal.Mono38.Mono86.dL.P.meA.Me_Nle}$PEPTIDE1,PEPTIDE1,1:R1-7:R2$$$",-6.10100000,ok,,flexible
"PEPTIDE1{A.Pr_Gly.Ser(tBu).Me_Nle.meL.P.Nle}$PEPTIDE1,PEPTIDE1,1:R1-7:R2$$$",-5.07800000,ok,,flexible
"PEPTIDE1{Me_Bal.pentyl_Gly.Me_Nle.I.A.T.Mono86}$PEPTIDE1,PEPTIDE1,1:R1-7:R2$$$",-5.22300000,ok,,flexible
"PEPTIDE1{dA.meA.A.Me_dA.dL.A.T}$PEPTIDE1,PEPTIDE1,1:R1-7:R2$$$",-6.28700000,ok,,flexible
"PEPTIDE1{dV.dPye.meA.Me_dA.Pr_Gly.dL.L}$PEPTIDE1,PEPTIDE1,1:R1-7:R2$$$",-5.15000000,ok,,flexible
"PEPTIDE1{Me_dA.A.Sar.Me_Phe(3-Cl).P.T.meL}$PEPTIDE1,PEPTIDE1,1:R1-7:R2$$$",-6.34800000,ok,,flexible
"PEPTIDE1{dA.L.meL.P.meA.F.Me_dL}$PEPTIDE1,PEPTIDE1,1:R1-7:R2$$$",-5.85600000,ok,,flexible
"PEPTIDE1{dV.F.Me_dL.meL.L.P.Ser(tBu)}$PEPTIDE1,PEPTIDE1,1:R1-7:R2$$$",-5.71200000,ok,,flexible
"PEPTIDE1{dP.Pr_Gly.meL.A.Mono7.F.T}$PEPTIDE1,PEPTIDE1,1:R1-7:R2$$$",-6.71400000,ok,,flexible
"PEPTIDE1{Pr_Gly.Pr_Gly.dL.Me_Phe(3-Cl).dF.F.Asp_piperidide}$PEPTIDE1,PEPTIDE1,1:R1-7:R2$$$",-5.53300000,ok,,flexible
"PEPTIDE1{Me_Bal.meF.F.P.Me_Phe(3-Cl).meL.L}$PEPTIDE1,PEPTIDE1,1:R1-7:R2$$$",-6.04700000,ok,,flexible
"PEPTIDE1{meA.T.P.dP.meL.dL.Ser(tBu)}$PEPTIDE1,PEPTIDE1,1:R1-7:R2$$$",-6.08500000,ok,,flexible
"PEPTIDE1{A.dP.Me_dL.P.3Pal.Ser(tBu).V}$PEPTIDE1,PEPTIDE1,1:R1-7:R2$$$",-5.86000000,ok,,flexible
"PEPTIDE1{Pr_Gly.pentyl_Gly.L.P.dP.Mono78.T}$PEPTIDE1,PEPTIDE1,1:R1-7:R2$$$",-5.90500000,ok,,flexible
"PEPTIDE1{meA.P.meY.meF.Mono7.P.T}$PEPTIDE1,PEPTIDE1,1:R1-7:R2$$$",-7.12400000,ok,,flexible
"PEPTIDE1{Me_dA.Pr_Gly.T.meA.F.L.meL}$PEPTIDE1,PEPTIDE1,1:R1-7:R2$$$",-5.53800000,ok,,flexible
"PEPTIDE1{meA.Pr_Gly.A.dF.meF.F.meL}$PEPTIDE1,PEPTIDE1,1:R1-7:R2$$$",-6.01600000,ok,,flexible
"PEPTIDE1{Me_dA.meF.F.Me_dL.L.Ser(tBu).Me_dL}$PEPTIDE1,PEPTIDE1,1:R1-7:R2$$$",-5.25300000,ok,,flexible
"PEPTIDE1{F.A.Me_Nle.L.I.L.T}$PEPTIDE1,PEPTIDE1,1:R1-7:R2$$$",-5.70600000,ok,,flexible
"PEPTIDE1{Me_dA.Pr_Gly.P.F.I.Ser(tBu).A}$PEPTIDE1,PEPTIDE1,1:R1-7:R2$$$",-6.17300000,ok,,flexible
"PEPTIDE1{Mono6.P.A.meL.I.L.Mono11}$PEPTIDE1,PEPTIDE1,1:R1-7:R2$$$",-5.89500000,ok,,flexible
"PEPTIDE1{Me_dA.Me_dAbu.dP.V.Ser(tBu).meA.dP}$PEPTIDE1,PEPTIDE1,1:R1-7:R2$$$",-6.27500000,ok,,flexible
"PEPTIDE1{meA.A.meF.T.meL.Me_dA.meL}$PEPTIDE1,PEPTIDE1,1:R1-7:R2$$$",-6.80000000,ok,,flexible
"PEPTIDE1{Pr_Gly.L.T.dL.P.Mono84.Mono7}$PEPTIDE1,PEPTIDE1,1:R1-7:R2$$$",-5.57800000,ok,,flexible
"PEPTIDE1{meA.Mono38.meL.L.Et_Gly.Me_dL.T}$PEPTIDE1,PEPTIDE1,1:R1-7:R2$$$",-5.21900000,ok,,flexible
"PEPTIDE1{L.dP.Sar.meL.cHexCH2_Gly.L.T}$PEPTIDE1,PEPTIDE1,1:R1-7:R2$$$",-6.01500000,ok,,flexible
"PEPTIDE1{meA.Ser(tBu).T.P.Me_Nle.Mono84.P}$PEPTIDE1,PEPTIDE1,1:R1-7:R2$$$",-6.43500000,ok,,flexible
"PEPTIDE1{meA.dL.F.L.Mono34.A.T}$PEPTIDE1,PEPTIDE1,1:R1-7:R2$$$",-5.51100000,ok,,flexible
"PEPTIDE1{Me_dA.meF.P.dP.P.F.dP}$PEPTIDE1,PEPTIDE1,1:R1-7:R2$$$",-8.22200000,ok,,flexible
"PEPTIDE1{A.T.meF.meL.P.V.Me_dL}$PEPTIDE1,PEPTIDE1,1:R1-7:R2$$$",-6.39400000,ok,,flexible
"PEPTIDE1{Me_Bal.Ser(tBu).Me_Abu.P.meA.Me_dA.T}$PEPTIDE1,PEPTIDE1,1:R1-7:R2$$$",-5.78400000,ok,,flexible
"PEPTIDE1{dF.pentyl_Gly.dL.Et_Gly.Me_Nle.Me_dL.P}$PEPTIDE1,PEPTIDE1,1:R1-7:R2$$$",-4.88400000,ok,,flexible
"PEPTIDE1{Pr_Gly.L.Ser(tBu).meL.Mono84.cHexCH2_Gly.dL}$PEPTIDE1,PEPTIDE1,1:R1-7:R2$$$",-4.89500000,ok,,flexible
"PEPTIDE1{dV.A.L.dP.Me_dL.L.T}$PEPTIDE1,PEPTIDE1,1:R1-7:R2$$$",-5.95100000,ok,,flexible
"PEPTIDE1{meA.dP.meL.Me_dL.dY.T.P}$PEPTIDE1,PEPTIDE1,1:R1-7:R2$$$",-6.22600000,ok,,flexible
"PEPTIDE1{P.Pr_Gly.dL.Ser(tBu).L.P.Me_dL}$PEPTIDE1,PEPTIDE1,1:R1-7:R2$$$",-5.71100000,ok,,flexible
"PEPTIDE1{A.T.Mono86.meA.dL.Me_dL.F}$PEPTIDE1,PEPTIDE1,1:R1-7:R2$$$",-6.09100000,ok,,flexible
"PEPTIDE1{dV.Me_dL.V.meL.meL.I.G}$PEPTIDE1,PEPTIDE1,1:R1-7:R2$$$",-5.90100000,ok,,flexible
"PEPTIDE1{meF.pentyl_Gly.Me_Nle.cHexCH2_Gly.meL.Ser(tBu).dP}$PEPTIDE1,PEPTIDE1,1:R1-7:R2$$$",-5.29000000,ok,,flexible
"PEPTIDE1{Mono6.meL.A.P.dP.T.D}$PEPTIDE1,PEPTIDE1,1:R1-7:R2$$$",-6.72800000,ok,,flexible
"PEPTIDE1{Me_dA.Me_dL.T.L.P.Mono84.dP}$PEPTIDE1,PEPTIDE1,1:R1-7:R2$$$",-6.71100000,ok,,flexible
"PEPTIDE1{dA.T.pentyl_Gly.meL.I.Ser(tBu).Mono86}$PEPTIDE1,PEPTIDE1,1:R1-7:R2$$$",-4.71500000,ok,,flexible
"PEPTIDE1{meA.dP.F.L.Sar.I.T}$PEPTIDE1,PEPTIDE1,1:R1-7:R2$$$",-6.29100000,ok,,flexible
"PEPTIDE1{Me_dA.L.dL.meL.Me_dL.Sar.meY}$PEPTIDE1,PEPTIDE1,1:R1-7:R2$$$",-5.73700000,ok,,flexible
"PEPTIDE1{meF.I.T.dL.L.dP.L}$PEPTIDE1,PEPTIDE1,1:R1-7:R2$$$",-5.77700000,ok,,flexible
"PEPTIDE1{meA.Me_dL.T.meL.F.Me_dL.Bn_Gly}$PEPTIDE1,PEPTIDE1,1:R1-7:R2$$$",-6.08800000,ok,,flexible
"PEPTIDE1{dF.3Pal.pentyl_Gly.T.P.Mono84.Mono86}$PEPTIDE1,PEPTIDE1,1:R1-7:R2$$$",-5.77000000,ok,,flexible
"PEPTIDE1{Me_dA.Me_dL.dP.dP.T.dL.L}$PEPTIDE1,PEPTIDE1,1:R1-7:R2$$$",-6.43600000,ok,,flexible
"PEPTIDE1{dA.Pr_Gly.A.V.T.dF.meF}$PEPTIDE1,PEPTIDE1,1:R1-7:R2$$$",-6.25900000,ok,,flexible
"PEPTIDE1{dV.Ser(tBu).Me_dL.F.L.Asp_piperidide.Sar}$PEPTIDE1,PEPTIDE1,1:R1-7:R2$$$",-5.68500000,ok,,flexible
"PEPTIDE1{Me_Bal.meF.F.T.L.Ser(tBu).Ser(tBu)}$PEPTIDE1,PEPTIDE1,1:R1-7:R2$$$",-5.64700000,ok,,flexible
"PEPTIDE1{Me_Bal.F.pentyl_Gly.Ser(tBu).dL.Mono84.T}$PEPTIDE1,PEPTIDE1,1:R1-7:R2$$$",-5.47600000,ok,,flexible
"PEPTIDE1{meA.meL.dP.Asp_piperidide.Me_dL.I.Me_dA}$PEPTIDE1,PEPTIDE1,1:R1-7:R2$$$",-5.89500000,ok,,flexible
"PEPTIDE1{Sar.meL.T.L.dL.V.meL}$PEPTIDE1,PEPTIDE1,1:R1-7:R2$$$",-5.12200000,ok,,flexible
"PEPTIDE1{meA.meY.Me_dAbu.P.meL.Me_dL.dP}$PEPTIDE1,PEPTIDE1,1:R1-7:R2$$$",-6.01600000,ok,,flexible
"PEPTIDE1{dA.A.P.T.meL.dP.F}$PEPTIDE1,PEPTIDE1,1:R1-7:R2$$$",-6.78300000,ok,,flexible
"PEPTIDE1{Mono6.meA.dA.meL.Me_dL.L.Me_dL}$PEPTIDE1,PEPTIDE1,1:R1-7:R2$$$",-5.42900000,ok,,flexible
"PEPTIDE1{meL.A.L.P.Mono7.Asp_piperidide.meL}$PEPTIDE1,PEPTIDE1,1:R1-7:R2$$$",-5.68200000,ok,,flexible
"PEPTIDE1{Pr_Gly.Me_dA.meL.P.P.L.T}$PEPTIDE1,PEPTIDE1,1:R1-7:R2$$$",-5.98400000,ok,,flexible
"PEPTIDE1{meA.meL.P.P.meL.A.dP}$PEPTIDE1,PEPTIDE1,1:R1-7:R2$$$",-6.40800000,ok,,flexible
"PEPTIDE1{meA.F.V.Ser(tBu).meL.Me_dL.meI}$PEPTIDE1,PEPTIDE1,1:R1-7:R2$$$",-4.87100000,ok,,flexible
"PEPTIDE1{dA.Me_Nle.meL.meA.L.P.Mono84}$PEPTIDE1,PEPTIDE1,1:R1-7:R2$$$",-5.98100000,ok,,flexible
"PEPTIDE1{F.A.Me_dL.Ser(tBu).Me_dA.P.dL}$PEPTIDE1,PEPTIDE1,1:R1-7:R2$$$",-6.45200000,ok,,flexible
"PEPTIDE1{meA.Me_dL.T.dP.meL.P.F}$PEPTIDE1,PEPTIDE1,1:R1-7:R2$$$",-7.37400000,ok,,flexible
"PEPTIDE1{Me_dA.meA.T.V.meL.Ser(tBu).T}$PEPTIDE1,PEPTIDE1,1:R1-7:R2$$$",-5.87800000,ok,,flexible
"PEPTIDE1{Me_dA.P.dP.L.meL.F.V}$PEPTIDE1,PEPTIDE1,1:R1-7:R2$$$",-6.29000000,ok,,flexible
"PEPTIDE1{Me_dA.dL.Me_dL.T.meL.A.Ser(tBu)}$PEPTIDE1,PEPTIDE1,1:R1-7:R2$$$",-5.29600000,ok,,flexible
"PEPTIDE1{dA.F.Phe(4-CF3).L.P.P.T}$PEPTIDE1,PEPTIDE1,1:R1-7:R2$$$",-6.67500000,ok,,flexible
"PEPTIDE1{Me_Bal.meF.V.meL.I.P.T}$PEPTIDE1,PEPTIDE1,1:R1-7:R2$$$",-5.82600000,ok,,flexible
"PEPTIDE1{Pr_Gly.meA.I.A.P.meL.dP}$PEPTIDE1,PEPTIDE1,1:R1-7:R2$$$",-6.17200000,ok,,flexible
"PEPTIDE1{F.T.Me_Phe(3-Cl).Mono86.Mono84.L.A}$PEPTIDE1,PEPTIDE1,1:R1-7:R2$$$",-6.48800000,ok,,flexible
"PEPTIDE1{meA.dL.Asp_piperidide.P.L.P.dA}$PEPTIDE1,PEPTIDE1,1:R1-7:R2$$$",-6.21200000,ok,,flexible
"PEPTIDE1{Pr_Gly.T.T.P.P.meA.P}$PEPTIDE1,PEPTIDE1,1:R1-7:R2$$$",-6.73400000,ok,,flexible
"PEPTIDE1{Me_Bal.F.A.L.meF.meL.meA}$PEPTIDE1,PEPTIDE1,1:R1-7:R2$$$",-6.08000000,ok,,flexible
"PEPTIDE1{P.dPye.V.meF.meL.dL.meA}$PEPTIDE1,PEPTIDE1,1:R1-7:R2$$$",-6.11800000,ok,,flexible
"PEPTIDE1{A.dF.meF.meA.Mono34.dL.L}$PEPTIDE1,PEPTIDE1,1:R1-7:R2$$$",-5.74700000,ok,,flexible
"PEPTIDE1{Me_Bal.Ser(tBu).P.meL.meA.meF.Me_dAbu}$PEPTIDE1,PEPTIDE1,1:R1-7:R2$$$",-6.06900000,ok,,flexible
"PEPTIDE1{meA.I.F.meL.L.meF.Ser(tBu)}$PEPTIDE1,PEPTIDE1,1:R1-7:R2$$$",-5.10500000,ok,,flexible
"PEPTIDE1{meA.meL.G.Me_dA.dL.F.dP}$PEPTIDE1,PEPTIDE1,1:R1-7:R2$$$",-6.39400000,ok,,flexible
"PEPTIDE1{A.T.T.meA.dP.dP.P}$PEPTIDE1,PEPTIDE1,1:R1-7:R2$$$",-7.14300000,ok,,flexible
"PEPTIDE1{Me_dA.meF.F.meA.dP.L.meA}$PEPTIDE1,PEPTIDE1,1:R1-7:R2$$$",-6.47100000,ok,,flexible
"PEPTIDE1{Me_Bal.L.A.F.L.P.meA}$PEPTIDE1,PEPTIDE1,1:R1-7:R2$$$",-6.66800000,ok,,flexible
"PEPTIDE1{Me_Bal.Me_Nle.L.meL.I.T.Mono84}$PEPTIDE1,PEPTIDE1,1:R1-7:R2$$$",-5.36800000,ok,,flexible
"PEPTIDE1{Me_Bal.F.meA.dL.meL.dP.P}$PEPTIDE1,PEPTIDE1,1:R1-7:R2$$$",-7.25200000,ok,,flexible
"PEPTIDE1{meA.meF.Me_dL.F.meV.meL.dL}$PEPTIDE1,PEPTIDE1,1:R1-7:R2$$$",-5.58700000,ok,,flexible
"PEPTIDE1{Me_Bal.G.meL.T.L.F.Ser(tBu)}$PEPTIDE1,PEPTIDE1,1:R1-7:R2$$$",-5.86200000,ok,,flexible
"PEPTIDE1{L.Sar.dP.T.V.meL.Me_dA}$PEPTIDE1,PEPTIDE1,1:R1-7:R2$$$",-5.47200000,ok,,flexible
"PEPTIDE1{dF.Me_dL.meL.meF.D.P.Asp_piperidide}$PEPTIDE1,PEPTIDE1,1:R1-7:R2$$$",-5.54600000,ok,,flexible
"PEPTIDE1{dF.Ser(tBu).Me_Abu.dP.meL.meA.meL}$PEPTIDE1,PEPTIDE1,1:R1-7:R2$$$",-5.51500000,ok,,flexible
"PEPTIDE1{Mono6.A.dP.dL.Me_dL.L.meA}$PEPTIDE1,PEPTIDE1,1:R1-7:R2$$$",-5.83500000,ok,,flexible
"PEPTIDE1{dV.meF.meA.meL.Ser(tBu).dP.Me_Abu}$PEPTIDE1,PEPTIDE1,1:R1-7:R2$$$",-5.86500000,ok,,flexible
"PEPTIDE1{Pr_Gly.cHexCH2_Gly.meL.Nle.P.T.Ser(tBu)}$PEPTIDE1,PEPTIDE1,1:R1-7:R2$$$",-6.02000000,ok,,flexible
"PEPTIDE1{meA.Me_Nle.3Pal.T.P.L.Mono84}$PEPTIDE1,PEPTIDE1,1:R1-7:R2$$$",-6.64900000,ok,,flexible
"PEPTIDE1{Pr_Gly.T.Nle.dL.Ser(tBu).Me_Nle.meL}$PEPTIDE1,PEPTIDE1,1:R1-7:R2$$$",-4.74200000,ok,,flexible
"PEPTIDE1{Me_dA.T.dP.meL.F.Ser(tBu).L}$PEPTIDE1,PEPTIDE1,1:R1-7:R2$$$",-5.77400000,ok,,flexible
"PEPTIDE1{Pr_Gly.A.P.L.Mono84.L.dP}$PEPTIDE1,PEPTIDE1,1:R1-7:R2$$$",-6.32900000,ok,,flexible
"PEPTIDE1{dA.I.dL.Mono7.Ser(tBu).meI.A}$PEPTIDE1,PEPTIDE1,1:R1-7:R2$$$",-5.54900000,ok,,flexible
"PEPTIDE1{dA.G.L.T.Mono38.F.V}$PEPTIDE1,PEPTIDE1,1:R1-7:R2$$$",-6.25900000,ok,,flexible
"PEPTIDE1{meA.F.L.Me_Phe(3-Cl).meL.Ser(tBu).meL}$PEPTIDE1,PEPTIDE1,1:R1-7:R2$$$",-5.18500000,ok,,flexible
"PEPTIDE1{Mono6.T.F.meA.P.Me_dA.Me_dL}$PEPTIDE1,PEPTIDE1,1:R1-7:R2$$$",-6.71400000,ok,,flexible
"PEPTIDE1{meA.pentyl_Gly.A.Mono84.L.Et_Gly.Mono84}$PEPTIDE1,PEPTIDE1,1:R1-7:R2$$$",-5.74200000,ok,,flexible
"PEPTIDE1{dA.A.dL.meA.dP.Me_dL.Ser(tBu)}$PEPTIDE1,PEPTIDE1,1:R1-7:R2$$$",-6.30700000,ok,,flexible
"PEPTIDE1{Mono6.F.Mono38.meA.P.G.I}$PEPTIDE1,PEPTIDE1,1:R1-7:R2$$$",-5.87800000,ok,,flexible
"PEPTIDE1{dV.meF.meA.meI.P.dP.meY}$PEPTIDE1,PEPTIDE1,1:R1-7:R2$$$",-6.78900000,ok,,flexible
"PEPTIDE1{dV.L.dF.dP.Me_dL.meL.T}$PEPTIDE1,PEPTIDE1,1:R1-7:R2$$$",-5.93400000,ok,,flexible
"PEPTIDE1{dP.meF.meL.L.A.P.I}$PEPTIDE1,PEPTIDE1,1:R1-7:R2$$$",-6.02900000,ok,,flexible
"PEPTIDE1{dA.L.A.dP.P.Me_dL.meL}$PEPTIDE1,PEPTIDE1,1:R1-7:R2$$$",-6.11700000,ok,,flexible
"PEPTIDE1{F.meF.I.A.T.A.dP}$PEPTIDE1,PEPTIDE1,1:R1-7:R2$$$",-6.76200000,ok,,flexible
"PEPTIDE1{dF.Me_dA.Me_dL.Me_Abu.P.Mono84.T}$PEPTIDE1,PEPTIDE1,1:R1-7:R2$$$",-7.54100000,ok,,flexible
"PEPTIDE1{A.meF.Mono38.meA.meL.Mono84.Mono86}$PEPTIDE1,PEPTIDE1,1:R1-7:R2$$$",-6.35800000,ok,,flexible
"PEPTIDE1{Me_dA.L.T.F.P.meF.T}$PEPTIDE1,PEPTIDE1,1:R1-7:R2$$$",-5.82100000,ok,,flexible
"PEPTIDE1{P.A.L.L.dL.P.T}$PEPTIDE1,PEPTIDE1,1:R1-7:R2$$$",-6.15200000,ok,,flexible
"PEPTIDE1{A.dP.meL.meA.F.Sar.L}$PEPTIDE1,PEPTIDE1,1:R1-7:R2$$$",-6.37900000,ok,,flexible
"PEPTIDE1{Me_Bal.dP.P.V.Me_dL.Sar.meA}$PEPTIDE1,PEPTIDE1,1:R1-7:R2$$$",-6.50600000,ok,,flexible
"PEPTIDE1{meA.P.dP.T.Sar.Me_dL.meI}$PEPTIDE1,PEPTIDE1,1:R1-7:R2$$$",-6.44600000,ok,,flexible
"PEPTIDE1{F.T.Me_Nle.dP.Me_Phe(3-Cl).dL.Mono84}$PEPTIDE1,PEPTIDE1,1:R1-7:R2$$$",-6.31100000,ok,,flexible
"PEPTIDE1{dF.Me_dA.T.T.dL.F.dA}$PEPTIDE1,PEPTIDE1,1:R1-7:R2$$$",-6.35300000,ok,,flexible
"PEPTIDE1{F.Mono38.Mono86.Me_Nle.meA.pentyl_Gly.P}$PEPTIDE1,PEPTIDE1,1:R1-7:R2$$$",-5.61000000,ok,,flexible
"PEPTIDE1{Pr_Gly.meL.meY.P.meA.Asp_piperidide.P}$PEPTIDE1,PEPTIDE1,1:R1-7:R2$$$",-6.45200000,ok,,flexible
"PEPTIDE1{dV.Me_dA.F.T.L.meL.dP}$PEPTIDE1,PEPTIDE1,1:R1-7:R2$$$",-6.23400000,ok,,flexible
"PEPTIDE1{Me_Bal.meL.meL.V.P.L.meA}$PEPTIDE1,PEPTIDE1,1:R1-7:R2$$$",-5.89000000,ok,,flexible
"PEPTIDE1{A.G.L.I.P.dL.Me_dL}$PEPTIDE1,PEPTIDE1,1:R1-7:R2$$$",-5.43200000,ok,,flexible
"PEPTIDE1{meL.T.dP.T.T.P.meA}$PEPTIDE1,PEPTIDE1,1:R1-7:R2$$$",-6.31000000,ok,,flexible
"PEPTIDE1{Me_Bal.Me_dA.L.V.F.T.Ser(tBu)}$PEPTIDE1,PEPTIDE1,1:R1-7:R2$$$",-5.75600000,ok,,flexible
"PEPTIDE1{Mono6.A.I.dL.P.Me_dL.dP}$PEPTIDE1,PEPTIDE1,1:R1-7:R2$$$",-6.10200000,ok,,flexible
"PEPTIDE1{Sar.pentyl_Gly.meL.P.F.Ser(tBu).L}$PEPTIDE1,PEPTIDE1,1:R1-7:R2$$$",-5.40800000,ok,,flexible
"PEPTIDE1{dF.meF.A.T.meL.P.3Pal}$PEPTIDE1,PEPTIDE1,1:R1-7:R2$$$",-6.52300000,ok,,flexible
"PEPTIDE1{meA.L.meL.Me_dL.Nle.Ser(tBu).P}$PEPTIDE1,PEPTIDE1,1:R1-7:R2$$$",-5.06000000,ok,,flexible
"PEPTIDE1{meA.Mono38.cHexCH2_Gly.pentyl_Gly.Me_Nle.Nle.dL}$PEPTIDE1,PEPTIDE1,1:R1-7:R2$$$",-5.02000000,ok,,flexible
"PEPTIDE1{A.pentyl_Gly.cHexCH2_Gly.meA.L.dL.meA}$PEPTIDE1,PEPTIDE1,1:R1-7:R2$$$",-5.57800000,ok,,flexible
"PEPTIDE1{Pr_Gly.Mono6.A.meA.Me_dL.T.meL}$PEPTIDE1,PEPTIDE1,1:R1-7:R2$$$",-5.82500000,ok,,flexible
"PEPTIDE1{Me_Bal.meA.Me_dA.P.P.dF.meF}$PEPTIDE1,PEPTIDE1,1:R1-7:R2$$$",-6.77900000,ok,,flexible
"PEPTIDE1{meL.dA.meL.L.dL.P.Me_dL}$PEPTIDE1,PEPTIDE1,1:R1-7:R2$$$",-5.69300000,ok,,flexible
"PEPTIDE1{meL.Me_dL.T.dP.T.P.P}$PEPTIDE1,PEPTIDE1,1:R1-7:R2$$$",-6.11800000,ok,,flexible
"PEPTIDE1{dV.Ala(5-Tet).Sar.meL.A.Mono6.Asp_piperidide}$PEPTIDE1,PEPTIDE1,1:R1-7:R2$$$",-5.90100000,ok,,flexible
"PEPTIDE1{dA.Nle.F.T.meL.P.meI}$PEPTIDE1,PEPTIDE1,1:R1-7:R2$$$",-5.68300000,ok,,flexible
"PEPTIDE1{meL.A.Me_dL.dF.meL.I.T}$PEPTIDE1,PEPTIDE1,1:R1-7:R2$$$",-5.63600000,ok,,flexible
"PEPTIDE1{Mono6.T.meL.P.Ser(tBu).meL.dL}$PEPTIDE1,PEPTIDE1,1:R1-7:R2$$$",-5.78000000,ok,,flexible
"PEPTIDE1{Me_dA.Sar.meL.P.Sar.Mono11.dP}$PEPTIDE1,PEPTIDE1,1:R1-7:R2$$$",-6.54800000,ok,,flexible
"PEPTIDE1{L.Me_dL.dP.T.dP.meI.T}$PEPTIDE1,PEPTIDE1,1:R1-7:R2$$$",-6.06400000,ok,,flexible
"PEPTIDE1{A.Mono78.meL.Ser(tBu).dP.T.meF}$PEPTIDE1,PEPTIDE1,1:R1-7:R2$$$",-5.94900000,ok,,flexible
"PEPTIDE1{Pr_Gly.pentyl_Gly.G.Mono104.3Pal.dP.L}$PEPTIDE1,PEPTIDE1,1:R1-7:R2$$$",-5.82500000,ok,,flexible
"PEPTIDE1{dA.meL.3Pal.Aoc(2).L.T.A}$PEPTIDE1,PEPTIDE1,1:R1-7:R2$$$",-5.43300000,ok,,flexible
"PEPTIDE1{Me_dA.Sar.V.meL.G.F.Me_dL}$PEPTIDE1,PEPTIDE1,1:R1-7:R2$$$",-7.00100000,ok,,flexible
"PEPTIDE1{P.Me_dA.cHexCH2_Gly.Mono38.Me_Nle.Mono84.dL}$PEPTIDE1,PEPTIDE1,1:R1-7:R2$$$",-6.96900000,ok,,flexible
"PEPTIDE1{meA.meL.F.Me_dA.Me_dL.L.T}$PEPTIDE1,PEPTIDE1,1:R1-7:R2$$$",-6.36000000,ok,,flexible
"PEPTIDE1{Mono6.dP.meY.T.meL.dL.P}$PEPTIDE1,PEPTIDE1,1:R1-7:R2$$$",-6.15600000,ok,,flexible
"PEPTIDE1{Me_dA.L.Ser(tBu).Nle.A.T.meF}$PEPTIDE1,PEPTIDE1,1:R1-7:R2$$$",-5.13400000,ok,,flexible
"PEPTIDE1{A.I.Me_dL.T.Sar.P.F}$PEPTIDE1,PEPTIDE1,1:R1-7:R2$$$",-6.02600000,ok,,flexible
"PEPTIDE1{dF.Me_dL.Nle.Me_dL.L.dP.Me_dL}$PEPTIDE1,PEPTIDE1,1:R1-7:R2$$$",-4.97700000,ok,,flexible
"PEPTIDE1{L.Sar.meL.dP.T.Me_dL.dP}$PEPTIDE1,PEPTIDE1,1:R1-7:R2$$$",-5.71600000,ok,,flexible
"PEPTIDE1{Me_Bal.dP.L.F.I.Cha.P}$PEPTIDE1,PEPTIDE1,1:R1-7:R2$$$",-6.34200000,ok,,flexible
"PEPTIDE1{Me_Bal.dF.Me_dA.L.meA.P.I}$PEPTIDE1,PEPTIDE1,1:R1-7:R2$$$",-6.38100000,ok,,flexible
"PEPTIDE1{Pr_Gly.Mono38.L.Me_Nle.P.3Pal.I}$PEPTIDE1,PEPTIDE1,1:R1-7:R2$$$",-5.52100000,ok,,flexible
"PEPTIDE1{meA.Sar.cHexCH2_Gly.F.Me_dL.dV.meL}$PEPTIDE1,PEPTIDE1,1:R1-7:R2$$$",-5.63200000,ok,,flexible
"PEPTIDE1{meA.meF.meL.pentyl_Gly.P.Mono86.Mono2}$PEPTIDE1,PEPTIDE1,1:R1-7:R2$$$",-5.88700000,ok,,flexible
"PEPTIDE1{A.meA.T.meL.L.meF.dP}$PEPTIDE1,PEPTIDE1,1:R1-7:R2$$$",-6.38700000,ok,,flexible
"PEPTIDE1{F.P.Nle.cHexCH2_Gly.meF.dL.meL}$PEPTIDE1,PEPTIDE1,1:R1-7:R2$$$",-5.14300000,ok,,flexible
"PEPTIDE1{meA.dF.P.T.dA.meL.Me_dL}$PEPTIDE1,PEPTIDE1,1:R1-7:R2$$$",-6.37300000,ok,,flexible
"PEPTIDE1{P.F.F.meL.Me_dL.meA.A}$PEPTIDE1,PEPTIDE1,1:R1-7:R2$$$",-6.04200000,ok,,flexible
"PEPTIDE1{F.Me_Nle.L.dL.Mono84.P.Ser(tBu)}$PEPTIDE1,PEPTIDE1,1:R1-7:R2$$$",-5.59300000,ok,,flexible
"PEPTIDE1{Mono6.P.meA.T.Bn_Gly.Me_dL.Y}$PEPTIDE1,PEPTIDE1,1:R1-7:R2$$$",-6.56900000,ok,,flexible
"PEPTIDE1{meL.meA.Sar.Me_dAbu.T.A.meS}$PEPTIDE1,PEPTIDE1,1:R1-7:R2$$$",-6.19300000,ok,,flexible
"PEPTIDE1{Mono6.dF.meA.Me_dL.F.meL.T}$PEPTIDE1,PEPTIDE1,1:R1-7:R2$$$",-6.00900000,ok,,flexible
"PEPTIDE1{dP.meL.L.meL.Ser(tBu).T.Me_dL}$PEPTIDE1,PEPTIDE1,1:R1-7:R2$$$",-5.14000000,ok,,flexible
"PEPTIDE1{meA.L.Ser(tBu).Ser(tBu).meL.V.T}$PEPTIDE1,PEPTIDE1,1:R1-7:R2$$$",-5.38700000,ok,,flexible
"PEPTIDE1{Me_Bal.Me_dL.P.dP.dP.Ser(tBu).T}$PEPTIDE1,PEPTIDE1,1:R1-7:R2$$$",-6.17400000,ok,,flexible
"PEPTIDE1{meA.F.T.dP.meL.Ser(tBu).T}$PEPTIDE1,PEPTIDE1,1:R1-7:R2$$$",-5.63100000,ok,,flexible
"PEPTIDE1{Me_dA.P.T.meL.Ser(tBu).dP.P}$PEPTIDE1,PEPTIDE1,1:R1-7:R2$$$",-6.13500000,ok,,flexible
"PEPTIDE1{Sar.L.P.dP.meF.P.meI}$PEPTIDE1,PEPTIDE1,1:R1-7:R2$$$",-6.55600000,ok,,flexible
"PEPTIDE1{Me_dA.Me_dL.A.meA.T.meF.Ser(tBu)}$PEPTIDE1,PEPTIDE1,1:R1-7:R2$$$",-5.80500000,ok,,flexible
"PEPTIDE1{F.Mono38.Me_dA.P.meL.A.dL}$PEPTIDE1,PEPTIDE1,1:R1-7:R2$$$",-5.89400000,ok,,flexible
"PEPTIDE1{P.G.P.Bn_Gly.L.meL.dF}$PEPTIDE1,PEPTIDE1,1:R1-7:R2$$$",-6.36600000,ok,,flexible
"PEPTIDE1{Me_Bal.A.Ser(tBu).cHexCH2_Gly.pentyl_Gly.P.Mono86}$PEPTIDE1,PEPTIDE1,1:R1-7:R2$$$",-5.40900000,ok,,flexible
"PEPTIDE1{Me_dA.meA.V.L.Sar.dL.P}$PEPTIDE1,PEPTIDE1,1:R1-7:R2$$$",-6.38500000,ok,,flexible
"PEPTIDE1{Me_Bal.F.meL.L.pentyl_Gly.Me_Abu.P}$PEPTIDE1,PEPTIDE1,1:R1-7:R2$$$",-5.61300000,ok,,flexible
"PEPTIDE1{meA.dP.meL.Sar.P.T.Ser(tBu)}$PEPTIDE1,PEPTIDE1,1:R1-7:R2$$$",-6.03000000,ok,,flexible
"PEPTIDE1{dA.dP.Me_dL.T.T.P.Me_dL}$PEPTIDE1,PEPTIDE1,1:R1-7:R2$$$",-5.73100000,ok,,flexible
"PEPTIDE1{Mono6.pentyl_Gly.Mono2.cHexCH2_Gly.Mono38.meL.A}$PEPTIDE1,PEPTIDE1,1:R1-7:R2$$$",-6.13400000,ok,,flexible
"PEPTIDE1{dA.meL.meS.meF.P.V.meA}$PEPTIDE1,PEPTIDE1,1:R1-7:R2$$$",-5.99900000,ok,,flexible
"PEPTIDE1{meA.P.meL.dL.L.dP.L}$PEPTIDE1,PEPTIDE1,1:R1-7:R2$$$",-6.33300000,ok,,flexible
"PEPTIDE1{Me_Bal.meA.Ser(tBu).Me_dL.dL.dP.meV}$PEPTIDE1,PEPTIDE1,1:R1-7:R2$$$",-5.63400000,ok,,flexible
"PEPTIDE1{meA.T.P.P.Me_dL.F.T}$PEPTIDE1,PEPTIDE1,1:R1-7:R2$$$",-7.23000000,ok,,flexible
"PEPTIDE1{Me_Bal.Sar.P.meA.L.dP.meL}$PEPTIDE1,PEPTIDE1,1:R1-7:R2$$$",-6.67200000,ok,,flexible
"PEPTIDE1{Me_Bal.Pr_Gly.P.T.meL.L.dL}$PEPTIDE1,PEPTIDE1,1:R1-7:R2$$$",-5.72700000,ok,,flexible
"PEPTIDE1{meA.meA.pentyl_Gly.Ser(tBu).meL.Me_dL.meV}$PEPTIDE1,PEPTIDE1,1:R1-7:R2$$$",-4.80300000,ok,,flexible
"PEPTIDE1{meF.Mono38.L.meL.Mono84.T.L}$PEPTIDE1,PEPTIDE1,1:R1-7:R2$$$",-6.23100000,ok,,flexible
"PEPTIDE1{meA.meL.meS.Me_dL.V.meL.dL}$PEPTIDE1,PEPTIDE1,1:R1-7:R2$$$",-5.34600000,ok,,flexible
"PEPTIDE1{Me_dA.Me_dL.meA.meL.P.dP.meF}$PEPTIDE1,PEPTIDE1,1:R1-7:R2$$$",-6.29100000,ok,,flexible
"PEPTIDE1{F.P.L.dL.P.Ser(tBu).dP}$PEPTIDE1,PEPTIDE1,1:R1-7:R2$$$",-5.71500000,ok,,flexible
"PEPTIDE1{dV.cHexCH2_Gly.pentyl_Gly.L.A.meI.Ser(tBu)}$PEPTIDE1,PEPTIDE1,1:R1-7:R2$$$",-5.31600000,ok,,flexible
"PEPTIDE1{Me_Bal.T.L.meL.P.Me_dL.meA}$PEPTIDE1,PEPTIDE1,1:R1-7:R2$$$",-6.60600000,ok,,flexible
"PEPTIDE1{Me_Bal.cHexCH2_Gly.Me_Nle.A.T.3Pal.Ser(tBu)}$PEPTIDE1,PEPTIDE1,1:R1-7:R2$$$",-5.83200000,ok,,flexible
"PEPTIDE1{meA.Et_Gly.L.dL.dP.T.L}$PEPTIDE1,PEPTIDE1,1:R1-7:R2$$$",-5.77100000,ok,,flexible
"PEPTIDE1{Me_dA.L.dA.meL.meF.dP.Asp_piperidide}$PEPTIDE1,PEPTIDE1,1:R1-7:R2$$$",-6.54600000,ok,,flexible
"PEPTIDE1{Pr_Gly.A.Ser(tBu).Mono84.L.I.dL}$PEPTIDE1,PEPTIDE1,1:R1-7:R2$$$",-5.56500000,ok,,flexible
"PEPTIDE1{A.meL.meF.L.Mono84.T.Ser(tBu)}$PEPTIDE1,PEPTIDE1,1:R1-7:R2$$$",-5.50300000,ok,,flexible
"PEPTIDE1{meA.Pr_Gly.meL.Ser(tBu).G.A.A}$PEPTIDE1,PEPTIDE1,1:R1-7:R2$$$",-6.37100000,ok,,flexible
"PEPTIDE1{Sar.meA.Me_dL.L.A.I.Ser(tBu)}$PEPTIDE1,PEPTIDE1,1:R1-7:R2$$$",-6.38900000,ok,,flexible
"PEPTIDE1{Mono6.pentyl_Gly.L.Mono84.L.Me_Phe(3-Cl).T}$PEPTIDE1,PEPTIDE1,1:R1-7:R2$$$",-5.81800000,ok,,flexible
"PEPTIDE1{Me_dA.Me_Nle.cHexCH2_Gly.L.P.meF.Ser(tBu)}$PEPTIDE1,PEPTIDE1,1:R1-7:R2$$$",-6.27600000,ok,,flexible
"PEPTIDE1{A.dL.meF.Ser(tBu).L.meL.T}$PEPTIDE1,PEPTIDE1,1:R1-7:R2$$$",-5.21200000,ok,,flexible
"PEPTIDE1{dA.P.T.dP.T.dL.L}$PEPTIDE1,PEPTIDE1,1:R1-7:R2$$$",-6.25600000,ok,,flexible
"PEPTIDE1{Sar.P.dP.T.pentyl_Gly.dL.Me_dL}$PEPTIDE1,PEPTIDE1,1:R1-7:R2$$$",-5.66900000,ok,,flexible
"PEPTIDE1{L.meA.F.meF.H.I.T}$PEPTIDE1,PEPTIDE1,1:R1-7:R2$$$",-5.64300000,ok,,flexible
"PEPTIDE1{dA.T.Me_dL.F.P.meL.V}$PEPTIDE1,PEPTIDE1,1:R1-7:R2$$$",-6.21000000,ok,,flexible
"PEPTIDE1{meA.meY.P.P.meL.T.L}$PEPTIDE1,PEPTIDE1,1:R1-7:R2$$$",-5.99300000,ok,,flexible
"PEPTIDE1{dV.meY.dA.T.P.meL.dP}$PEPTIDE1,PEPTIDE1,1:R1-7:R2$$$",-6.45900000,ok,,flexible
"PEPTIDE1{meA.dPye.G.T.dF.dP.L}$PEPTIDE1,PEPTIDE1,1:R1-7:R2$$$",-5.95300000,ok,,flexible
"PEPTIDE1{dV.meL.meY.P.dP.meA.Sar}$PEPTIDE1,PEPTIDE1,1:R1-7:R2$$$",-6.23600000,ok,,flexible
"PEPTIDE1{dF.Mono38.Me_Phe(3-Cl).dL.Ser(tBu).Mono7.dP}$PEPTIDE1,PEPTIDE1,1:R1-7:R2$$$",-6.39400000,ok,,flexible
"PEPTIDE1{meA.P.L.I.A.dL.Mono84}$PEPTIDE1,PEPTIDE1,1:R1-7:R2$$$",-5.95700000,ok,,flexible
"PEPTIDE1{meA.L.P.dA.meL.L.dL}$PEPTIDE1,PEPTIDE1,1:R1-7:R2$$$",-5.54600000,ok,,flexible
"PEPTIDE1{Me_Bal.Mono38.Mono84.Mono86.T.L.I}$PEPTIDE1,PEPTIDE1,1:R1-7:R2$$$",-6.22900000,ok,,flexible
"PEPTIDE1{dA.T.Ser(tBu).T.L.P.Mono84}$PEPTIDE1,PEPTIDE1,1:R1-7:R2$$$",-6.84000000,ok,,flexible
"PEPTIDE1{dF.P.dP.meA.T.I.P}$PEPTIDE1,PEPTIDE1,1:R1-7:R2$$$",-6.90100000,ok,,flexible
"PEPTIDE1{Me_dA.A.P.T.P.Me_dL.F}$PEPTIDE1,PEPTIDE1,1:R1-7:R2$$$",-6.87900000,ok,,flexible
"PEPTIDE1{F.meL.3Pal.meA.meF.meL.Ser(tBu)}$PEPTIDE1,PEPTIDE1,1:R1-7:R2$$$",-5.10100000,ok,,flexible
"PEPTIDE1{Mono6.V.meL.dL.T.I.cHexCH2_Gly}$PEPTIDE1,PEPTIDE1,1:R1-7:R2$$$",-5.98600000,ok,,flexible
"PEPTIDE1{meA.meL.dP.T.V.Ser(tBu).Me_dL}$PEPTIDE1,PEPTIDE1,1:R1-7:R2$$$",-5.05200000,ok,,flexible
"PEPTIDE1{dV.meF.L.Me_dA.meA.meL.Me_dL}$PEPTIDE1,PEPTIDE1,1:R1-7:R2$$$",-5.74900000,ok,,flexible
"PEPTIDE1{F.Et_Gly.Ser(tBu).L.dP.P.dL}$PEPTIDE1,PEPTIDE1,1:R1-7:R2$$$",-6.15700000,ok,,flexible
"PEPTIDE1{F.pentyl_Gly.cHexCH2_Gly.Me_Nle.Ser(tBu).P.T}$PEPTIDE1,PEPTIDE1,1:R1-7:R2$$$",-5.29000000,ok,,flexible
"PEPTIDE1{A.P.P.dP.pentyl_Gly.T.Me_dL}$PEPTIDE1,PEPTIDE1,1:R1-7:R2$$$",-6.00000000,ok,,flexible
"PEPTIDE1{dA.L.meL.I.T.A.L}$PEPTIDE1,PEPTIDE1,1:R1-7:R2$$$",-5.43000000,ok,,flexible
"PEPTIDE1{meA.Me_Nle.P.P.meL.Ser(tBu).dL}$PEPTIDE1,PEPTIDE1,1:R1-7:R2$$$",-6.11300000,ok,,flexible
"PEPTIDE1{meL.A.P.Phe(4-CF3).Ser(tBu).dL.meL}$PEPTIDE1,PEPTIDE1,1:R1-7:R2$$$",-5.53800000,ok,,flexible
"PEPTIDE1{Mono6.cHexCH2_Gly.F.meL.Mono84.Nle.Mono84}$PEPTIDE1,PEPTIDE1,1:R1-7:R2$$$",-5.86300000,ok,,flexible
"PEPTIDE1{meL.A.L.L.P.T.Mono7}$PEPTIDE1,PEPTIDE1,1:R1-7:R2$$$",-5.79900000,ok,,flexible
"PEPTIDE1{Me_dA.Pr_Gly.L.dF.T.dV.P}$PEPTIDE1,PEPTIDE1,1:R1-7:R2$$$",-6.23500000,ok,,flexible
"PEPTIDE1{A.meA.Me_Phe(3-Cl).F.meL.Me_dL.dL}$PEPTIDE1,PEPTIDE1,1:R1-7:R2$$$",-6.18900000,ok,,flexible
"PEPTIDE1{meA.L.P.I.Ser(tBu).A.T}$PEPTIDE1,PEPTIDE1,1:R1-7:R2$$$",-5.67600000,ok,,flexible
"PEPTIDE1{dA.P.I.meL.T.A.dL}$PEPTIDE1,PEPTIDE1,1:R1-7:R2$$$",-6.28200000,ok,,flexible
"PEPTIDE1{Me_Bal.T.meF.P.T.F.V}$PEPTIDE1,PEPTIDE1,1:R1-7:R2$$$",-6.54000000,ok,,flexible
"PEPTIDE1{Me_Bal.meL.P.P.meL.F.P}$PEPTIDE1,PEPTIDE1,1:R1-7:R2$$$",-6.52300000,ok,,flexible
"PEPTIDE1{Pr_Gly.pentyl_Gly.Me_Nle.dL.P.L.Me_dL}$PEPTIDE1,PEPTIDE1,1:R1-7:R2$$$",-5.00200000,ok,,flexible
"PEPTIDE1{F.P.P.meL.dL.Me_dA.meI}$PEPTIDE1,PEPTIDE1,1:R1-7:R2$$$",-6.67500000,ok,,flexible
"PEPTIDE1{dA.P.F.Me_dL.meL.T.L}$PEPTIDE1,PEPTIDE1,1:R1-7:R2$$$",-5.77800000,ok,,flexible
"PEPTIDE1{Pr_Gly.L.T.Me_Nle.meL.Nle.I}$PEPTIDE1,PEPTIDE1,1:R1-7:R2$$$",-4.50000000,ok,,flexible
"PEPTIDE1{meL.T.pentyl_Gly.Mono38.L.L.dP}$PEPTIDE1,PEPTIDE1,1:R1-7:R2$$$",-5.00200000,ok,,flexible
"PEPTIDE1{dA.F.T.A.Ser(tBu).L.Ser(tBu)}$PEPTIDE1,PEPTIDE1,1:R1-7:R2$$$",-5.67600000,ok,,flexible
"PEPTIDE1{meA.A.Mono84.dP.Me_Nle.Me_Phe(3-Cl).Mono100}$PEPTIDE1,PEPTIDE1,1:R1-7:R2$$$",-6.61300000,ok,,flexible
"PEPTIDE1{dV.Me_dA.dP.dP.T.P.Me_dL}$PEPTIDE1,PEPTIDE1,1:R1-7:R2$$$",-6.50000000,ok,,flexible
"PEPTIDE1{dV.meA.dP.Me_dL.meL.T.meL}$PEPTIDE1,PEPTIDE1,1:R1-7:R2$$$",-5.71300000,ok,,flexible
"PEPTIDE1{Me_Bal.T.dP.P.meF.3Pal.Ser(tBu)}$PEPTIDE1,PEPTIDE1,1:R1-7:R2$$$",-6.30700000,ok,,flexible
"PEPTIDE1{Me_Bal.meL.Mono86.L.dP.T.P}$PEPTIDE1,PEPTIDE1,1:R1-7:R2$$$",-5.68800000,ok,,flexible
"PEPTIDE1{meA.pentyl_Gly.dP.Nle.meL.L.L}$PEPTIDE1,PEPTIDE1,1:R1-7:R2$$$",-5.11500000,ok,,flexible
"PEPTIDE1{Mono6.Ser(tBu).meA.L.pentyl_Gly.T.P}$PEPTIDE1,PEPTIDE1,1:R1-7:R2$$$",-5.81400000,ok,,flexible
"PEPTIDE1{Me_dA.P.dL.Me_dL.L.Et_Gly.Me_dL}$PEPTIDE1,PEPTIDE1,1:R1-7:R2$$$",-5.81600000,ok,,flexible
"PEPTIDE1{Pr_Gly.dL.Nle.Me_Phe(3-Cl).meL.Mono7.Me_Nle}$PEPTIDE1,PEPTIDE1,1:R1-7:R2$$$",-5.01500000,ok,,flexible
"PEPTIDE1{Me_dA.L.Ser(tBu).P.V.T.meF}$PEPTIDE1,PEPTIDE1,1:R1-7:R2$$$",-5.69100000,ok,,flexible
"PEPTIDE1{Mono6.meL.V.P.P.Me_dL.dL}$PEPTIDE1,PEPTIDE1,1:R1-7:R2$$$",-5.96900000,ok,,flexible
"PEPTIDE1{A.meA.Me_dA.Me_dL.Me_dL.A.meL}$PEPTIDE1,PEPTIDE1,1:R1-7:R2$$$",-6.08000000,ok,,flexible
"PEPTIDE1{Me_dA.meL.T.Me_dL.dA.P.L}$PEPTIDE1,PEPTIDE1,1:R1-7:R2$$$",-5.79100000,ok,,flexible
"PEPTIDE1{Me_dA.P.L.pentyl_Gly.A.Mono84.dL}$PEPTIDE1,PEPTIDE1,1:R1-7:R2$$$",-5.42300000,ok,,flexible
"PEPTIDE1{F.P.Me_dL.T.Me_dA.meL.Ser(tBu)}$PEPTIDE1,PEPTIDE1,1:R1-7:R2$$$",-6.17700000,ok,,flexible
"PEPTIDE1{Sar.P.T.L.meL.meL.meF}$PEPTIDE1,PEPTIDE1,1:R1-7:R2$$$",-5.44800000,ok,,flexible
"PEPTIDE1{P.meA.P.T.L.meL.meF}$PEPTIDE1,PEPTIDE1,1:R1-7:R2$$$",-6.69800000,ok,,flexible
"PEPTIDE1{Me_Bal.T.T.meL.L.dP.T}$PEPTIDE1,PEPTIDE1,1:R1-7:R2$$$",-5.73200000,ok,,flexible
"PEPTIDE1{dF.pentyl_Gly.Me_Nle.dP.P.P.meL}$PEPTIDE1,PEPTIDE1,1:R1-7:R2$$$",-5.86900000,ok,,flexible
"PEPTIDE1{meA.V.dL.L.I.Mono86.L}$PEPTIDE1,PEPTIDE1,1:R1-7:R2$$$",-5.65100000,ok,,flexible
"PEPTIDE1{Me_Bal.L.Me_dL.F.meL.T.Mono12}$PEPTIDE1,PEPTIDE1,1:R1-7:R2$$$",-5.38100000,ok,,flexible
"PEPTIDE1{dF.Ser(tBu).L.dL.meL.L.Mono100}$PEPTIDE1,PEPTIDE1,1:R1-7:R2$$$",-5.68700000,ok,,flexible
"PEPTIDE1{dA.F.dP.G.meL.meV.meF}$PEPTIDE1,PEPTIDE1,1:R1-7:R2$$$",-6.65300000,ok,,flexible
"PEPTIDE1{meA.V.T.T.F.L.L}$PEPTIDE1,PEPTIDE1,1:R1-7:R2$$$",-5.74700000,ok,,flexible
"PEPTIDE1{dV.A.P.dL.meY.L.Me_dL}$PEPTIDE1,PEPTIDE1,1:R1-7:R2$$$",-5.70100000,ok,,flexible
"PEPTIDE1{meA.dP.T.T.Me_dL.A.G}$PEPTIDE1,PEPTIDE1,1:R1-7:R2$$$",-5.64600000,ok,,flexible
"PEPTIDE1{meF.T.Nle.Me_dA.P.meA.P}$PEPTIDE1,PEPTIDE1,1:R1-7:R2$$$",-6.24100000,ok,,flexible
"PEPTIDE1{dF.Me_Nle.Ser(tBu).T.Mono86.I.L}$PEPTIDE1,PEPTIDE1,1:R1-7:R2$$$",-5.13700000,ok,,flexible
"PEPTIDE1{Pr_Gly.Me_Nle.pentyl_Gly.Mono84.dP.T.F}$PEPTIDE1,PEPTIDE1,1:R1-7:R2$$$",-5.47500000,ok,,flexible
"PEPTIDE1{F.cHexCH2_Gly.Mono38.T.L.dL.dP}$PEPTIDE1,PEPTIDE1,1:R1-7:R2$$$",-6.06900000,ok,,flexible
"PEPTIDE1{F.pentyl_Gly.dP.P.L.T.I}$PEPTIDE1,PEPTIDE1,1:R1-7:R2$$$",-5.45100000,ok,,flexible
"PEPTIDE1{meA.F.Mono86.P.L.I.V}$PEPTIDE1,PEPTIDE1,1:R1-7:R2$$$",-6.43500000,ok,,flexible
"PEPTIDE1{dA.meF.Me_Abu.Et_Gly.pentyl_Gly.P.F}$PEPTIDE1,PEPTIDE1,1:R1-7:R2$$$",-6.04300000,ok,,flexible
"PEPTIDE1{meA.T.A.dA.Me_dL.L.meF}$PEPTIDE1,PEPTIDE1,1:R1-7:R2$$$",-6.00100000,ok,,flexible
"PEPTIDE1{A.meL.P.Mono86.Mono78.V.meL}$PEPTIDE1,PEPTIDE1,1:R1-7:R2$$$",-5.48600000,ok,,flexible
"PEPTIDE1{meL.meF.L.pentyl_Gly.L.F.dP}$PEPTIDE1,PEPTIDE1,1:R1-7:R2$$$",-5.47800000,ok,,flexible
"PEPTIDE1{dF.P.T.Asp_piperidide.dL.F.Me_Phe(3-Cl)}$PEPTIDE1,PEPTIDE1,1:R1-7:R2$$$",-6.90300000,ok,,flexible
"PEPTIDE1{Me_Bal.L.Ser(tBu).T.P.meL.Me_dA}$PEPTIDE1,PEPTIDE1,1:R1-7:R2$$$",-5.97500000,ok,,flexible
"PEPTIDE1{Me_dA.T.Nle.Me_Nle.dL.L.Mono100}$PEPTIDE1,PEPTIDE1,1:R1-7:R2$$$",-5.16100000,ok,,flexible
"PEPTIDE1{A.L.dP.meF.meL.Mono78.T}$PEPTIDE1,PEPTIDE1,1:R1-7:R2$$$",-6.23100000,ok,,flexible
"PEPTIDE1{meA.Me_Nle.L.I.T.Et_Gly.meL}$PEPTIDE1,PEPTIDE1,1:R1-7:R2$$$",-5.05900000,ok,,flexible
"PEPTIDE1{meA.I.Ser(tBu).A.dL.T.meL}$PEPTIDE1,PEPTIDE1,1:R1-7:R2$$$",-5.45500000,ok,,flexible
"PEPTIDE1{Me_dA.A.Mono38.A.P.Mono2.Mono84}$PEPTIDE1,PEPTIDE1,1:R1-7:R2$$$",-8.49500000,ok,,flexible
"PEPTIDE1{A.meA.T.Bn_Gly.Me_dL.P.dP}$PEPTIDE1,PEPTIDE1,1:R1-7:R2$$$",-6.45500000,ok,,flexible
"PEPTIDE1{Me_Bal.F.Me_Nle.meL.L.Me_dL.P}$PEPTIDE1,PEPTIDE1,1:R1-7:R2$$$",-5.30500000,ok,,flexible
"PEPTIDE1{Mono6.Me_Nle.pentyl_Gly.Mono38.A.Et_Gly.P}$PEPTIDE1,PEPTIDE1,1:R1-7:R2$$$",-5.80100000,ok,,flexible
"PEPTIDE1{Sar.Me_Nle.Ser(tBu).T.Nle.L.meF}$PEPTIDE1,PEPTIDE1,1:R1-7:R2$$$",-5.08600000,ok,,flexible
"PEPTIDE1{meA.L.meL.P.meL.meF.Me_dL}$PEPTIDE1,PEPTIDE1,1:R1-7:R2$$$",-5.65100000,ok,,flexible
"PEPTIDE1{F.3Pal.dL.Mono84.L.meL.Et_Gly}$PEPTIDE1,PEPTIDE1,1:R1-7:R2$$$",-5.39000000,ok,,flexible
"PEPTIDE1{meA.dL.Me_dL.meF.F.Me_Phe(3-Cl).F}$PEPTIDE1,PEPTIDE1,1:R1-7:R2$$$",-5.46600000,ok,,flexible
"PEPTIDE1{dV.Me_dL.F.meL.L.Asp_piperidide.Ser(tBu)}$PEPTIDE1,PEPTIDE1,1:R1-7:R2$$$",-5.03600000,ok,,flexible
"PEPTIDE1{dV.Sar.T.Mono84.P.T.Mono78}$PEPTIDE1,PEPTIDE1,1:R1-7:R2$$$",-6.77300000,ok,,flexible
"PEPTIDE1{meA.Mono86.L.Me_Phe(3-Cl).P.dP.meL}$PEPTIDE1,PEPTIDE1,1:R1-7:R2$$$",-5.83800000,ok,,flexible
"PEPTIDE1{L.meF.P.Me_dL.T.T.meV}$PEPTIDE1,PEPTIDE1,1:R1-7:R2$$$",-6.14800000,ok,,flexible
"PEPTIDE1{dA.dP.meF.meA.F.Me_dL.T}$PEPTIDE1,PEPTIDE1,1:R1-7:R2$$$",-6.35600000,ok,,flexible
"PEPTIDE1{A.meL.meF.dP.P.Me_dL.T}$PEPTIDE1,PEPTIDE1,1:R1-7:R2$$$",-7.05600000,ok,,flexible
"PEPTIDE1{meA.Me_dL.meL.dP.P.Me_dL.meY}$PEPTIDE1,PEPTIDE1,1:R1-7:R2$$$",-7.00700000,ok,,flexible
"PEPTIDE1{Me_dA.Pr_Gly.A.P.dP.dL.L}$PEPTIDE1,PEPTIDE1,1:R1-7:R2$$$",-5.73900000,ok,,flexible
"PEPTIDE1{meL.meS.meL.Sar.P.meA.L}$PEPTIDE1,PEPTIDE1,1:R1-7:R2$$$",-5.84300000,ok,,flexible
"PEPTIDE1{meA.L.dP.meV.L.P.meL}$PEPTIDE1,PEPTIDE1,1:R1-7:R2$$$",-6.39100000,ok,,flexible
"PEPTIDE1{meA.pentyl_Gly.meL.L.Mono84.P.T}$PEPTIDE1,PEPTIDE1,1:R1-7:R2$$$",-5.70800000,ok,,flexible
"PEPTIDE1{Me_Bal.cHexCH2_Gly.T.L.Me_dL.P.meF}$PEPTIDE1,PEPTIDE1,1:R1-7:R2$$$",-6.25300000,ok,,flexible
"PEPTIDE1{dV.meL.meA.T.L.meF.T}$PEPTIDE1,PEPTIDE1,1:R1-7:R2$$$",-6.27000000,ok,,flexible
"PEPTIDE1{dA.P.meA.dL.T.I.H}$PEPTIDE1,PEPTIDE1,1:R1-7:R2$$$",-6.10200000,ok,,flexible
"PEPTIDE1{Me_Bal.meA.Me_dL.meL.P.Sar.Ser(tBu)}$PEPTIDE1,PEPTIDE1,1:R1-7:R2$$$",-6.40000000,ok,,flexible
"PEPTIDE1{Me_Bal.Ser(tBu).P.T.V.meA.F}$PEPTIDE1,PEPTIDE1,1:R1-7:R2$$$",-5.98100000,ok,,flexible
"PEPTIDE1{dF.Mono38.Me_Nle.dP.Mono86.L.P}$PEPTIDE1,PEPTIDE1,1:R1-7:R2$$$",-5.79400000,ok,,flexible
"PEPTIDE1{meA.Me_dA.dP.meL.Me_Nle.T.L}$PEPTIDE1,PEPTIDE1,1:R1-7:R2$$$",-6.09700000,ok,,flexible
"PEPTIDE1{meA.T.meL.F.T.Mono86.L}$PEPTIDE1,PEPTIDE1,1:R1-7:R2$$$",-6.16300000,ok,,flexible
"PEPTIDE1{P.A.P.dL.L.dP.meA}$PEPTIDE1,PEPTIDE1,1:R1-7:R2$$$",-7.07200000,ok,,flexible
"PEPTIDE1{P.F.dP.meL.L.T.I}$PEPTIDE1,PEPTIDE1,1:R1-7:R2$$$",-5.71000000,ok,,flexible
"PEPTIDE1{dF.A.pentyl_Gly.P.L.dP.Ser(tBu)}$PEPTIDE1,PEPTIDE1,1:R1-7:R2$$$",-5.84100000,ok,,flexible
"PEPTIDE1{Me_Bal.Me_dA.A.P.meL.meA.Ser(tBu)}$PEPTIDE1,PEPTIDE1,1:R1-7:R2$$$",-5.89000000,ok,,flexible
"PEPTIDE1{meA.Mono38.A.Mono84.Ser(tBu).T.dL}$PEPTIDE1,PEPTIDE1,1:R1-7:R2$$$",-5.72000000,ok,,flexible
"PEPTIDE1{dP.Me_dL.Me_dA.A.dA.dF.Asp_piperidide}$PEPTIDE1,PEPTIDE1,1:R1-7:R2$$$",-6.49200000,ok,,flexible
"PEPTIDE1{meA.pentyl_Gly.F.meA.meF.meI.L}$PEPTIDE1,PEPTIDE1,1:R1-7:R2$$$",-5.80100000,ok,,flexible
"PEPTIDE1{P.A.A.F.Me_dL.meL.dL}$PEPTIDE1,PEPTIDE1,1:R1-7:R2$$$",-6.07500000,ok,,flexible
"PEPTIDE1{A.F.meF.L.dP.L.dL}$PEPTIDE1,PEPTIDE1,1:R1-7:R2$$$",-5.79000000,ok,,flexible
"PEPTIDE1{dA.F.Me_dL.meA.Me_dA.P.Pr_Gly}$PEPTIDE1,PEPTIDE1,1:R1-7:R2$$$",-6.39900000,ok,,flexible
"PEPTIDE1{meA.bHph.Ser(tBu).I.T.Mono84.F}$PEPTIDE1,PEPTIDE1,1:R1-7:R2$$$",-5.67900000,ok,,flexible
"PEPTIDE1{Pr_Gly.A.Ser(tBu).meA.Me_dA.T.Me_Nle}$PEPTIDE1,PEPTIDE1,1:R1-7:R2$$$",-5.52700000,ok,,flexible
"PEPTIDE1{L.Me_dA.P.Sar.pentyl_Gly.Mono86.Mono78}$PEPTIDE1,PEPTIDE1,1:R1-7:R2$$$",-6.35700000,ok,,flexible
"PEPTIDE1{dV.dA.Me_dL.meA.T.F.V}$PEPTIDE1,PEPTIDE1,1:R1-7:R2$$$",-7.59600000,ok,,flexible
"PEPTIDE1{Pr_Gly.meA.Me_dL.L.meL.Me_dA.Mono7}$PEPTIDE1,PEPTIDE1,1:R1-7:R2$$$",-5.41000000,ok,,flexible
"PEPTIDE1{A.L.T.F.meL.meA.meA}$PEPTIDE1,PEPTIDE1,1:R1-7:R2$$$",-6.20200000,ok,,flexible
"PEPTIDE1{Me_dA.Pr_Gly.Pr_Gly.meA.meL.V.Me_dL}$PEPTIDE1,PEPTIDE1,1:R1-7:R2$$$",-5.36900000,ok,,flexible
"PEPTIDE1{Me_Bal.Me_dL.A.dL.meL.meF.dP}$PEPTIDE1,PEPTIDE1,1:R1-7:R2$$$",-5.54600000,ok,,flexible
"PEPTIDE1{Pr_Gly.P.meL.T.dP.meF.meA}$PEPTIDE1,PEPTIDE1,1:R1-7:R2$$$",-6.36900000,ok,,flexible
"PEPTIDE1{F.Sar.P.T.T.meF.dP}$PEPTIDE1,PEPTIDE1,1:R1-7:R2$$$",-7.16800000,ok,,flexible
"PEPTIDE1{Mono6.P.T.meA.meF.Me_dL.Ser(tBu)}$PEPTIDE1,PEPTIDE1,1:R1-7:R2$$$",-5.95100000,ok,,flexible
"PEPTIDE1{dV.Ala(5-Tet).Ser(tBu).dL.T.L.A}$PEPTIDE1,PEPTIDE1,1:R1-7:R2$$$",-5.30400000,ok,,flexible
"PEPTIDE1{A.dP.dL.meF.Me_dA.Ser(tBu).meL}$PEPTIDE1,PEPTIDE1,1:R1-7:R2$$$",-6.21100000,ok,,flexible
"PEPTIDE1{Me_Bal.meL.P.L.dP.T.meY}$PEPTIDE1,PEPTIDE1,1:R1-7:R2$$$",-6.30400000,ok,,flexible
"PEPTIDE1{dA.Me_dA.meL.Me_dL.Me_dL.meY.L}$PEPTIDE1,PEPTIDE1,1:R1-7:R2$$$",-5.98500000,ok,,flexible
"PEPTIDE1{dA.A.Me_dL.meL.F.Y.dP}$PEPTIDE1,PEPTIDE1,1:R1-7:R2$$$",-6.07800000,ok,,flexible
"PEPTIDE1{F.Me_Nle.Nle.pentyl_Gly.meL.P.L}$PEPTIDE1,PEPTIDE1,1:R1-7:R2$$$",-4.79200000,ok,,flexible
"PEPTIDE1{Pr_Gly.L.P.meA.dP.Me_Abu.meA}$PEPTIDE1,PEPTIDE1,1:R1-7:R2$$$",-6.14800000,ok,,flexible
"PEPTIDE1{Me_dA.L.meA.meL.meF.Me_dL.dV}$PEPTIDE1,PEPTIDE1,1:R1-7:R2$$$",-6.05100000,ok,,flexible
"PEPTIDE1{dP.Me_dL.Ser(tBu).P.P.dP.V}$PEPTIDE1,PEPTIDE1,1:R1-7:R2$$$",-6.19000000,ok,,flexible
"PEPTIDE1{Mono6.P.T.meA.Mono7.L.L}$PEPTIDE1,PEPTIDE1,1:R1-7:R2$$$",-5.97300000,ok,,flexible
"PEPTIDE1{Me_dA.A.dL.meL.Ser(tBu).dP.Me_dL}$PEPTIDE1,PEPTIDE1,1:R1-7:R2$$$",-5.40300000,ok,,flexible
"PEPTIDE1{Mono6.Me_dA.T.T.meI.meL.Ser(tBu)}$PEPTIDE1,PEPTIDE1,1:R1-7:R2$$$",-5.51900000,ok,,flexible
"PEPTIDE1{meL.A.T.dP.I.L.3Pal}$PEPTIDE1,PEPTIDE1,1:R1-7:R2$$$",-5.22200000,ok,,flexible
"PEPTIDE1{A.meF.dP.Ser(tBu).T.L.I}$PEPTIDE1,PEPTIDE1,1:R1-7:R2$$$",-6.38000000,ok,,flexible
"PEPTIDE1{Me_dA.Sar.Me_dL.P.Me_Abu.meF.F}$PEPTIDE1,PEPTIDE1,1:R1-7:R2$$$",-6.52700000,ok,,flexible
"PEPTIDE1{Me_dA.L.pentyl_Gly.Mono38.Mono86.P.meA}$PEPTIDE1,PEPTIDE1,1:R1-7:R2$$$",-5.49400000,ok,,flexible
"PEPTIDE1{Me_dA.pentyl_Gly.T.P.dP.meL.L}$PEPTIDE1,PEPTIDE1,1:R1-7:R2$$$",-5.80300000,ok,,flexible
"PEPTIDE1{dA.cHexCH2_Gly.Mono86.dP.Aib.T.F}$PEPTIDE1,PEPTIDE1,1:R1-7:R2$$$",-6.25400000,ok,,flexible
"PEPTIDE1{Sar.dP.Me_dL.meL.P.Me_dA.dL}$PEPTIDE1,PEPTIDE1,1:R1-7:R2$$$",-6.36700000,ok,,flexible
"PEPTIDE1{Mono6.L.A.Me_Nle.L.Mono84.Ser(tBu)}$PEPTIDE1,PEPTIDE1,1:R1-7:R2$$$",-5.40600000,ok,,flexible
"PEPTIDE1{dA.L.dL.Pr_Gly.Sar.Ser(tBu).V}$PEPTIDE1,PEPTIDE1,1:R1-7:R2$$$",-5.59400000,ok,,flexible
"PEPTIDE1{Me_Bal.dPye.dF.Me_dA.A.meL.Sar}$PEPTIDE1,PEPTIDE1,1:R1-7:R2$$$",-6.45300000,ok,,flexible
"PEPTIDE1{meA.dP.Me_dA.meF.A.Me_dL.T}$PEPTIDE1,PEPTIDE1,1:R1-7:R2$$$",-6.78300000,ok,,flexible
"PEPTIDE1{Mono6.T.Me_dL.meA.meL.Ser(tBu).P}$PEPTIDE1,PEPTIDE1,1:R1-7:R2$$$",-5.67300000,ok,,flexible
"PEPTIDE1{Pr_Gly.L.A.P.meA.meL.dL}$PEPTIDE1,PEPTIDE1,1:R1-7:R2$$$",-5.76000000,ok,,flexible
"PEPTIDE1{P.Pr_Gly.L.T.Me_dL.L.Ser(tBu)}$PEPTIDE1,PEPTIDE1,1:R1-7:R2$$$",-5.15900000,ok,,flexible
"PEPTIDE1{Me_dA.A.meL.P.meA.Me_dL.I}$PEPTIDE1,PEPTIDE1,1:R1-7:R2$$$",-5.75800000,ok,,flexible
"PEPTIDE1{meA.meL.Nle.Mono84.Ser(tBu).Sar.P}$PEPTIDE1,PEPTIDE1,1:R1-7:R2$$$",-5.56900000,ok,,flexible
"PEPTIDE1{Me_Bal.T.meL.Me_dL.Mono2.Ser(tBu).I}$PEPTIDE1,PEPTIDE1,1:R1-7:R2$$$",-5.20800000,ok,,flexible
"PEPTIDE1{dV.P.Ser(tBu).meF.P.Me_dL.meA}$PEPTIDE1,PEPTIDE1,1:R1-7:R2$$$",-5.77900000,ok,,flexible
"PEPTIDE1{F.L.T.meL.T.meL.Asp_piperidide}$PEPTIDE1,PEPTIDE1,1:R1-7:R2$$$",-5.76800000,ok,,flexible
"PEPTIDE1{Mono6.meF.meL.L.P.Me_dL.Mono86}$PEPTIDE1,PEPTIDE1,1:R1-7:R2$$$",-5.84200000,ok,,flexible
"PEPTIDE1{Pr_Gly.P.Me_Nle.Ser(tBu).meL.T.Me_dL}$PEPTIDE1,PEPTIDE1,1:R1-7:R2$$$",-5.21700000,ok,,flexible
"PEPTIDE1{Me_Bal.Pr_Gly.meA.meF.T.dP.T}$PEPTIDE1,PEPTIDE1,1:R1-7:R2$$$",-6.43300000,ok,,flexible
"PEPTIDE1{Mono6.A.meS.P.dL.meA.P}$PEPTIDE1,PEPTIDE1,1:R1-7:R2$$$",-7.09600000,ok,,flexible
"PEPTIDE1{dV.Me_dAbu.Me_dA.meF.T.T.Me_dL}$PEPTIDE1,PEPTIDE1,1:R1-7:R2$$$",-6.04900000,ok,,flexible
"PEPTIDE1{L.pentyl_Gly.Mono6.P.meL.D.Me_Abu}$PEPTIDE1,PEPTIDE1,1:R1-7:R2$$$",-5.82800000,ok,,flexible
"PEPTIDE1{meA.Me_dL.V.meL.F.D.dP}$PEPTIDE1,PEPTIDE1,1:R1-7:R2$$$",-6.18300000,ok,,flexible
"PEPTIDE1{Me_Bal.meA.meL.F.Me_dL.V.P}$PEPTIDE1,PEPTIDE1,1:R1-7:R2$$$",-5.98100000,ok,,flexible
"PEPTIDE1{meA.dP.meL.T.Mono86.dL.dP}$PEPTIDE1,PEPTIDE1,1:R1-7:R2$$$",-5.90200000,ok,,flexible
"PEPTIDE1{Mono6.meL.L.Me_dL.L.T.Me_Phe(3-Cl)}$PEPTIDE1,PEPTIDE1,1:R1-7:R2$$$",-5.97100000,ok,,flexible
"PEPTIDE1{dA.P.Sar.dP.F.T.meF}$PEPTIDE1,PEPTIDE1,1:R1-7:R2$$$",-7.16300000,ok,,flexible
"PEPTIDE1{Pr_Gly.meL.P.dP.Me_dA.meL.L}$PEPTIDE1,PEPTIDE1,1:R1-7:R2$$$",-5.76600000,ok,,flexible
"PEPTIDE1{Pr_Gly.Me_dL.T.P.Ser(tBu).meF.Me_dA}$PEPTIDE1,PEPTIDE1,1:R1-7:R2$$$",-5.76300000,ok,,flexible
"PEPTIDE1{meA.meL.P.Me_dL.F.A.Sar}$PEPTIDE1,PEPTIDE1,1:R1-7:R2$$$",-6.29500000,ok,,flexible
"PEPTIDE1{dF.T.meA.dA.meL.Mono84.meI}$PEPTIDE1,PEPTIDE1,1:R1-7:R2$$$",-6.02200000,ok,,flexible
"PEPTIDE1{Me_dA.meL.P.dF.F.A.dP}$PEPTIDE1,PEPTIDE1,1:R1-7:R2$$$",-6.91300000,ok,,flexible
"PEPTIDE1{meA.Mono6.F.Ser(tBu).meF.P.A}$PEPTIDE1,PEPTIDE1,1:R1-7:R2$$$",-6.22400000,ok,,flexible
"PEPTIDE1{A.P.meL.Me_dL.T.P.D}$PEPTIDE1,PEPTIDE1,1:R1-7:R2$$$",-6.20400000,ok,,flexible
"PEPTIDE1{meA.Pr_Gly.meL.Me_Phe(3-Cl).P.A.T}$PEPTIDE1,PEPTIDE1,1:R1-7:R2$$$",-5.59000000,ok,,flexible
"PEPTIDE1{L.Mono84.L.Mono7.dL.I.Mono86}$PEPTIDE1,PEPTIDE1,1:R1-7:R2$$$",-5.48800000,ok,,flexible
"PEPTIDE1{P.T.meL.dL.A.dF.Ser(tBu)}$PEPTIDE1,PEPTIDE1,1:R1-7:R2$$$",-6.17000000,ok,,flexible
"PEPTIDE1{Pr_Gly.meF.P.L.T.Mono84.meL}$PEPTIDE1,PEPTIDE1,1:R1-7:R2$$$",-6.08200000,ok,,flexible
"PEPTIDE1{dV.Me_dA.T.L.Me_dL.meL.P}$PEPTIDE1,PEPTIDE1,1:R1-7:R2$$$",-5.72900000,ok,,flexible
"PEPTIDE1{L.Sar.meA.Ser(tBu).meF.Mono7.A}$PEPTIDE1,PEPTIDE1,1:R1-7:R2$$$",-6.36400000,ok,,flexible
"PEPTIDE1{Me_Bal.P.dP.F.A.meV.P}$PEPTIDE1,PEPTIDE1,1:R1-7:R2$$$",-7.01800000,ok,,flexible
"PEPTIDE1{A.T.meL.Ser(tBu).F.P.T}$PEPTIDE1,PEPTIDE1,1:R1-7:R2$$$",-5.56800000,ok,,flexible
"PEPTIDE1{Me_Bal.meA.P.Asp_piperidide.Sar.meY.dP}$PEPTIDE1,PEPTIDE1,1:R1-7:R2$$$",-6.85800000,ok,,flexible
"PEPTIDE1{A.G.dF.Me_dL.meL.I.T}$PEPTIDE1,PEPTIDE1,1:R1-7:R2$$$",-5.39500000,ok,,flexible
"PEPTIDE1{dF.meF.F.dP.L.meA.A}$PEPTIDE1,PEPTIDE1,1:R1-7:R2$$$",-6.29000000,ok,,flexible
"PEPTIDE1{Me_Bal.T.meA.meF.P.L.Me_dL}$PEPTIDE1,PEPTIDE1,1:R1-7:R2$$$",-6.21800000,ok,,flexible
"PEPTIDE1{F.meA.A.meL.dL.T.Me_dL}$PEPTIDE1,PEPTIDE1,1:R1-7:R2$$$",-5.37100000,ok,,flexible
"PEPTIDE1{meA.F.P.Me_dL.Mono84.T.meF}$PEPTIDE1,PEPTIDE1,1:R1-7:R2$$$",-6.40600000,ok,,flexible
"PEPTIDE1{dA.F.meL.L.L.T.Sar}$PEPTIDE1,PEPTIDE1,1:R1-7:R2$$$",-6.01200000,ok,,flexible
"PEPTIDE1{Me_Bal.P.I.L.T.G.meA}$PEPTIDE1,PEPTIDE1,1:R1-7:R2$$$",-6.43700000,ok,,flexible
"PEPTIDE1{dA.T.A.Ser(tBu).P.meL.F}$PEPTIDE1,PEPTIDE1,1:R1-7:R2$$$",-6.72800000,ok,,flexible
"PEPTIDE1{Sar.meA.L.P.I.dP.meY}$PEPTIDE1,PEPTIDE1,1:R1-7:R2$$$",-6.09100000,ok,,flexible
"PEPTIDE1{dV.dA.meA.meL.meF.dP.L}$PEPTIDE1,PEPTIDE1,1:R1-7:R2$$$",-5.90700000,ok,,flexible
"PEPTIDE1{F.dL.L.I.meL.Nle.Mono84}$PEPTIDE1,PEPTIDE1,1:R1-7:R2$$$",-5.11900000,ok,,flexible
"PEPTIDE1{Me_Bal.dL.L.meA.T.meF.L}$PEPTIDE1,PEPTIDE1,1:R1-7:R2$$$",-6.43600000,ok,,flexible
"PEPTIDE1{Me_dA.T.Me_dL.D.F.L.Ser(tBu)}$PEPTIDE1,PEPTIDE1,1:R1-7:R2$$$",-6.02700000,ok,,flexible
"PEPTIDE1{meA.T.dA.Sar.dL.dP.I}$PEPTIDE1,PEPTIDE1,1:R1-7:R2$$$",-5.89500000,ok,,flexible
"PEPTIDE1{Me_Bal.pentyl_Gly.Nle.P.P.Ser(tBu).L}$PEPTIDE1,PEPTIDE1,1:R1-7:R2$$$",-4.90000000,ok,,flexible
"PEPTIDE1{Me_dA.dP.P.meL.dP.3Pal.pentyl_Gly}$PEPTIDE1,PEPTIDE1,1:R1-7:R2$$$",-5.51900000,ok,,flexible
"PEPTIDE1{meL.meA.Me_dL.A.P.Me_dA.T}$PEPTIDE1,PEPTIDE1,1:R1-7:R2$$$",-6.64500000,ok,,flexible
"PEPTIDE1{dV.Me_dL.meA.dL.P.meL.T}$PEPTIDE1,PEPTIDE1,1:R1-7:R2$$$",-5.88100000,ok,,flexible
"PEPTIDE1{Me_Bal.T.meA.Ser(tBu).T.meF.Bn_Gly}$PEPTIDE1,PEPTIDE1,1:R1-7:R2$$$",-5.54700000,ok,,flexible
"PEPTIDE1{meA.P.F.T.T.dL.T}$PEPTIDE1,PEPTIDE1,1:R1-7:R2$$$",-6.24900000,ok,,flexible
"PEPTIDE1{Me_Bal.dF.Me_dAbu.dP.L.dP.Sar}$PEPTIDE1,PEPTIDE1,1:R1-7:R2$$$",-7.46600000,ok,,flexible
"PEPTIDE1{Mono6.meA.Ser(tBu).P.Me_dL.F.Me_dL}$PEPTIDE1,PEPTIDE1,1:R1-7:R2$$$",-5.41800000,ok,,flexible
"PEPTIDE1{L.F.P.T.T.meL.Ser(tBu)}$PEPTIDE1,PEPTIDE1,1:R1-7:R2$$$",-5.60900000,ok,,flexible
"PEPTIDE1{dA.P.P.T.meL.T.Me_dL}$PEPTIDE1,PEPTIDE1,1:R1-7:R2$$$",-5.61300000,ok,,flexible
"PEPTIDE1{dA.Mono86.L.T.I.Mono104.Ser(tBu)}$PEPTIDE1,PEPTIDE1,1:R1-7:R2$$$",-5.53500000,ok,,flexible
"PEPTIDE1{A.Sar.T.meV.T.L.F}$PEPTIDE1,PEPTIDE1,1:R1-7:R2$$$",-6.13700000,ok,,flexible
"PEPTIDE1{A.P.L.pentyl_Gly.T.F.Ser(tBu)}$PEPTIDE1,PEPTIDE1,1:R1-7:R2$$$",-4.73500000,ok,,flexible
"PEPTIDE1{Sar.Me_Nle.dL.dP.P.Ser(tBu).L}$PEPTIDE1,PEPTIDE1,1:R1-7:R2$$$",-5.33000000,ok,,flexible
"PEPTIDE1{Me_Bal.A.Pr_Gly.meA.meL.Me_dL.P}$PEPTIDE1,PEPTIDE1,1:R1-7:R2$$$",-5.53400000,ok,,flexible
"PEPTIDE1{Me_Bal.A.F.L.meL.Me_dL.P}$PEPTIDE1,PEPTIDE1,1:R1-7:R2$$$",-5.89500000,ok,,flexible
"PEPTIDE1{dV.Sar.meF.L.Me_dL.Mono7.Mono78}$PEPTIDE1,PEPTIDE1,1:R1-7:R2$$$",-6.90800000,ok,,flexible
"PEPTIDE1{A.dP.Sar.meF.V.L.F}$PEPTIDE1,PEPTIDE1,1:R1-7:R2$$$",-6.84500000,ok,,flexible
"PEPTIDE1{Mono6.T.meL.meA.Sar.F.P}$PEPTIDE1,PEPTIDE1,1:R1-7:R2$$$",-6.64300000,ok,,flexible
"PEPTIDE1{dV.A.meL.L.Me_dL.Pr_Gly.F}$PEPTIDE1,PEPTIDE1,1:R1-7:R2$$$",-4.87100000,ok,,flexible
"PEPTIDE1{Mono6.A.P.I.V.meL.Me_dL}$PEPTIDE1,PEPTIDE1,1:R1-7:R2$$$",-5.35900000,ok,,flexible
"PEPTIDE1{Me_Bal.meF.P.F.T.L.Me_dA}$PEPTIDE1,PEPTIDE1,1:R1-7:R2$$$",-6.87100000,ok,,flexible
"PEPTIDE1{F.P.dL.L.Mono38.pentyl_Gly.I}$PEPTIDE1,PEPTIDE1,1:R1-7:R2$$$",-5.37600000,ok,,flexible
"PEPTIDE1{Me_Bal.meL.dP.meF.Me_dL.T.P}$PEPTIDE1,PEPTIDE1,1:R1-7:R2$$$",-6.81600000,ok,,flexible
"PEPTIDE1{A.Me_dL.meA.P.meV.L.dP}$PEPTIDE1,PEPTIDE1,1:R1-7:R2$$$",-5.93200000,ok,,flexible
"PEPTIDE1{A.T.P.P.Me_dL.P.L}$PEPTIDE1,PEPTIDE1,1:R1-7:R2$$$",-6.92300000,ok,,flexible
"PEPTIDE1{P.A.L.meF.F.Sar.meL}$PEPTIDE1,PEPTIDE1,1:R1-7:R2$$$",-6.61500000,ok,,flexible
"PEPTIDE1{F.A.L.Mono86.dL.I.meA}$PEPTIDE1,PEPTIDE1,1:R1-7:R2$$$",-5.97100000,ok,,flexible
"PEPTIDE1{dV.pentyl_Gly.dP.A.Mono86.I.F}$PEPTIDE1,PEPTIDE1,1:R1-7:R2$$$",-5.60200000,ok,,flexible
"PEPTIDE1{A.P.Me_dL.Me_dA.meA.meI.Ser(tBu)}$PEPTIDE1,PEPTIDE1,1:R1-7:R2$$$",-5.80400000,ok,,flexible
"PEPTIDE1{dA.meA.Me_Abu.Me_dL.dP.V.meL}$PEPTIDE1,PEPTIDE1,1:R1-7:R2$$$",-5.74400000,ok,,flexible
"PEPTIDE1{Sar.pentyl_Gly.meA.meL.P.Ser(tBu).Mono38}$PEPTIDE1,PEPTIDE1,1:R1-7:R2$$$",-5.61300000,ok,,flexible
"PEPTIDE1{L.A.P.meL.meY.meA.dP}$PEPTIDE1,PEPTIDE1,1:R1-7:R2$$$",-6.90600000,ok,,flexible
"PEPTIDE1{F.L.P.dP.meA.dP.meF}$PEPTIDE1,PEPTIDE1,1:R1-7:R2$$$",-7.24200000,ok,,flexible
"PEPTIDE1{dA.T.D.L.P.meA.Mono78}$PEPTIDE1,PEPTIDE1,1:R1-7:R2$$$",-6.67800000,ok,,flexible
"PEPTIDE1{Me_dA.Me_dL.dF.meL.meA.A.Ser(tBu)}$PEPTIDE1,PEPTIDE1,1:R1-7:R2$$$",-5.70300000,ok,,flexible
"PEPTIDE1{meA.Mono38.T.Ser(tBu).Mono86.P.L}$PEPTIDE1,PEPTIDE1,1:R1-7:R2$$$",-5.24600000,ok,,flexible
"PEPTIDE1{dV.Sar.meL.meV.dL.A.P}$PEPTIDE1,PEPTIDE1,1:R1-7:R2$$$",-6.29700000,ok,,flexible
"PEPTIDE1{Sar.meF.L.Me_dL.V.T.Ser(tBu)}$PEPTIDE1,PEPTIDE1,1:R1-7:R2$$$",-5.66000000,ok,,flexible
"PEPTIDE1{dV.L.Me_dL.L.V.meL.Ser(tBu)}$PEPTIDE1,PEPTIDE1,1:R1-7:R2$$$",-5.22900000,ok,,flexible
"PEPTIDE1{dA.P.Me_dL.T.meI.meA.meL}$PEPTIDE1,PEPTIDE1,1:R1-7:R2$$$",-5.88200000,ok,,flexible
"PEPTIDE1{dP.Pr_Gly.Me_dA.dL.L.P.T}$PEPTIDE1,PEPTIDE1,1:R1-7:R2$$$",-5.77300000,ok,,flexible
"PEPTIDE1{meA.Me_dA.P.Me_dL.dA.P.T}$PEPTIDE1,PEPTIDE1,1:R1-7:R2$$$",-6.66000000,ok,,flexible
"PEPTIDE1{P.Pr_Gly.L.meL.Me_dA.Me_dL.F}$PEPTIDE1,PEPTIDE1,1:R1-7:R2$$$",-5.26900000,ok,,flexible
"PEPTIDE1{dV.F.T.meF.L.Asp_piperidide.meL}$PEPTIDE1,PEPTIDE1,1:R1-7:R2$$$",-5.83500000,ok,,flexible
"PEPTIDE1{Me_Bal.Pr_Gly.dP.meL.Ser(tBu).meL.T}$PEPTIDE1,PEPTIDE1,1:R1-7:R2$$$",-5.45700000,ok,,flexible
"PEPTIDE1{dA.Me_dA.dP.T.I.L.P}$PEPTIDE1,PEPTIDE1,1:R1-7:R2$$$",-6.74700000,ok,,flexible
"PEPTIDE1{Me_Bal.dL.dPye.P.T.Me_dL.meL}$PEPTIDE1,PEPTIDE1,1:R1-7:R2$$$",-5.96700000,ok,,flexible
"PEPTIDE1{meA.meL.V.T.L.Me_dL.dL}$PEPTIDE1,PEPTIDE1,1:R1-7:R2$$$",-5.74700000,ok,,flexible
"PEPTIDE1{dF.P.F.dL.L.I.cHexCH2_Gly}$PEPTIDE1,PEPTIDE1,1:R1-7:R2$$$",-6.05400000,ok,,flexible
"PEPTIDE1{Me_dA.cHexCH2_Gly.V.F.P.dP.P}$PEPTIDE1,PEPTIDE1,1:R1-7:R2$$$",-7.07700000,ok,,flexible
"PEPTIDE1{Me_dA.L.pentyl_Gly.P.V.Me_dL.meL}$PEPTIDE1,PEPTIDE1,1:R1-7:R2$$$",-5.32000000,ok,,flexible
"PEPTIDE1{Me_Bal.meL.dP.Me_dL.L.A.meF}$PEPTIDE1,PEPTIDE1,1:R1-7:R2$$$",-5.87000000,ok,,flexible
"PEPTIDE1{F.A.L.Mono86.3Pal.L.dL}$PEPTIDE1,PEPTIDE1,1:R1-7:R2$$$",-5.45000000,ok,,flexible
"PEPTIDE1{meA.A.dL.P.Mono84.Mono2.P}$PEPTIDE1,PEPTIDE1,1:R1-7:R2$$$",-7.26000000,ok,,flexible
"PEPTIDE1{F.A.L.dL.Nle.Mono84.meL}$PEPTIDE1,PEPTIDE1,1:R1-7:R2$$$",-5.79200000,ok,,flexible
"PEPTIDE1{Sar.cHexCH2_Gly.P.meL.L.T.Ser(tBu)}$PEPTIDE1,PEPTIDE1,1:R1-7:R2$$$",-5.80800000,ok,,flexible
"PEPTIDE1{Me_Bal.dPye.A.V.meA.dV.dL}$PEPTIDE1,PEPTIDE1,1:R1-7:R2$$$",-6.10800000,ok,,flexible
"PEPTIDE1{Mono6.L.T.Me_dA.Ser(tBu).dP.T}$PEPTIDE1,PEPTIDE1,1:R1-7:R2$$$",-6.03900000,ok,,flexible
"PEPTIDE1{Pr_Gly.3Pal.meL.I.L.Me_Phe(3-Cl).P}$PEPTIDE1,PEPTIDE1,1:R1-7:R2$$$",-5.52000000,ok,,flexible
"PEPTIDE1{meL.T.dP.T.L.F.T}$PEPTIDE1,PEPTIDE1,1:R1-7:R2$$$",-6.16600000,ok,,flexible
"PEPTIDE1{Mono6.Mono38.L.Mono104.Me_Nle.I.Et_Gly}$PEPTIDE1,PEPTIDE1,1:R1-7:R2$$$",-5.50500000,ok,,flexible
"PEPTIDE1{Mono6.P.F.L.meL.meL.T}$PEPTIDE1,PEPTIDE1,1:R1-7:R2$$$",-5.68300000,ok,,flexible
"PEPTIDE1{meA.P.dP.L.meL.Mono84.meL}$PEPTIDE1,PEPTIDE1,1:R1-7:R2$$$",-5.73900000,ok,,flexible
"PEPTIDE1{L.P.Me_dL.F.L.meL.dL}$PEPTIDE1,PEPTIDE1,1:R1-7:R2$$$",-5.52000000,ok,,flexible
"PEPTIDE1{P.F.L.meL.I.Ser(tBu).Ser(tBu)}$PEPTIDE1,PEPTIDE1,1:R1-7:R2$$$",-5.12400000,ok,,flexible
"PEPTIDE1{P.F.dF.T.3Pal.meL.Mono104}$PEPTIDE1,PEPTIDE1,1:R1-7:R2$$$",-7.22300000,ok,,flexible
"PEPTIDE1{A.Me_dAbu.Me_dA.Me_dL.meL.meF.Me_dL}$PEPTIDE1,PEPTIDE1,1:R1-7:R2$$$",-5.42100000,ok,,flexible
"PEPTIDE1{L.D.Mono6.Sar.P.meL.meI}$PEPTIDE1,PEPTIDE1,1:R1-7:R2$$$",-5.71700000,ok,,flexible
"PEPTIDE1{Me_Bal.A.dL.F.meL.dL.L}$PEPTIDE1,PEPTIDE1,1:R1-7:R2$$$",-6.11600000,ok,,flexible
"PEPTIDE1{Me_dA.A.T.dP.P.Ser(tBu).I}$PEPTIDE1,PEPTIDE1,1:R1-7:R2$$$",-5.64000000,ok,,flexible
"PEPTIDE1{meA.T.Ser(tBu).L.dL.T.pentyl_Gly}$PEPTIDE1,PEPTIDE1,1:R1-7:R2$$$",-4.65500000,ok,,flexible
"PEPTIDE1{A.dP.V.P.meL.Me_dL.T}$PEPTIDE1,PEPTIDE1,1:R1-7:R2$$$",-6.41100000,ok,,flexible
"PEPTIDE1{meL.P.meF.Ser(tBu).meA.Me_dL.T}$PEPTIDE1,PEPTIDE1,1:R1-7:R2$$$",-6.33000000,ok,,flexible
"PEPTIDE1{dA.P.P.P.V.L.P}$PEPTIDE1,PEPTIDE1,1:R1-7:R2$$$",-7.62600000,ok,,flexible
"PEPTIDE1{meA.Ser(tBu).meL.Me_Phe(3-Cl).T.Me_dL.D}$PEPTIDE1,PEPTIDE1,1:R1-7:R2$$$",-5.15700000,ok,,flexible
"PEPTIDE1{Me_Bal.Me_dL.L.meA.Me_dA.dP.V}$PEPTIDE1,PEPTIDE1,1:R1-7:R2$$$",-6.04800000,ok,,flexible
"PEPTIDE1{dP.A.Me_dA.P.dL.meF.Me_Abu}$PEPTIDE1,PEPTIDE1,1:R1-7:R2$$$",-7.17700000,ok,,flexible
"PEPTIDE1{L.meF.Sar.P.F.Me_dL.dV}$PEPTIDE1,PEPTIDE1,1:R1-7:R2$$$",-6.21300000,ok,,flexible
"PEPTIDE1{dA.meA.meL.P.Me_dL.dP.P}$PEPTIDE1,PEPTIDE1,1:R1-7:R2$$$",-6.88600000,ok,,flexible
"PEPTIDE1{meA.dF.T.P.Mono86.L.L}$PEPTIDE1,PEPTIDE1,1:R1-7:R2$$$",-5.83900000,ok,,flexible
"PEPTIDE1{Me_dA.dL.dP.T.L.meF.Sar}$PEPTIDE1,PEPTIDE1,1:R1-7:R2$$$",-6.15200000,ok,,flexible
"PEPTIDE1{meL.A.P.meA.Ser(tBu).T.L}$PEPTIDE1,PEPTIDE1,1:R1-7:R2$$$",-5.76400000,ok,,flexible
"PEPTIDE1{meA.Me_Phe(3-Cl).Me_dA.dL.L.F.Mono7}$PEPTIDE1,PEPTIDE1,1:R1-7:R2$$$",-6.25400000,ok,,flexible
"PEPTIDE1{meA.meF.Sar.F.pentyl_Gly.meL.Ser(tBu)}$PEPTIDE1,PEPTIDE1,1:R1-7:R2$$$",-5.00400000,ok,,flexible
"PEPTIDE1{meL.Mono38.dP.T.P.dP.meI}$PEPTIDE1,PEPTIDE1,1:R1-7:R2$$$",-6.47300000,ok,,flexible
"PEPTIDE1{dA.P.F.L.I.T.meL}$PEPTIDE1,PEPTIDE1,1:R1-7:R2$$$",-5.75300000,ok,,flexible
"PEPTIDE1{Me_Bal.P.P.dP.F.dL.Me_Phe(3-Cl)}$PEPTIDE1,PEPTIDE1,1:R1-7:R2$$$",-7.33600000,ok,,flexible
"PEPTIDE1{Me_dA.P.T.A.dL.Me_Phe(3-Cl).meA}$PEPTIDE1,PEPTIDE1,1:R1-7:R2$$$",-6.67300000,ok,,flexible
"PEPTIDE1{P.Me_Nle.pentyl_Gly.Et_Gly.Mono86.meL.L}$PEPTIDE1,PEPTIDE1,1:R1-7:R2$$$",-5.52300000,ok,,flexible
"PEPTIDE1{dF.Me_dL.P.T.dP.Me_Abu.Ser(tBu)}$PEPTIDE1,PEPTIDE1,1:R1-7:R2$$$",-5.75100000,ok,,flexible
"PEPTIDE1{Me_Bal.T.dL.T.P.P.L}$PEPTIDE1,PEPTIDE1,1:R1-7:R2$$$",-6.29400000,ok,,flexible
"PEPTIDE1{meA.pentyl_Gly.P.dP.T.meL.Ser(tBu)}$PEPTIDE1,PEPTIDE1,1:R1-7:R2$$$",-5.77300000,ok,,flexible
"PEPTIDE1{dA.L.cHexCH2_Gly.T.T.Nle.dL}$PEPTIDE1,PEPTIDE1,1:R1-7:R2$$$",-5.19800000,ok,,flexible
"PEPTIDE1{dV.meL.L.P.P.I.T}$PEPTIDE1,PEPTIDE1,1:R1-7:R2$$$",-5.78900000,ok,,flexible
"PEPTIDE1{Me_dA.dP.A.meL.dL.Me_dL.dP}$PEPTIDE1,PEPTIDE1,1:R1-7:R2$$$",-6.99700000,ok,,flexible
"PEPTIDE1{dA.Me_dL.A.T.Me_dA.dL.M}$PEPTIDE1,PEPTIDE1,1:R1-7:R2$$$",-5.77600000,ok,,flexible
"PEPTIDE1{Mono6.Mono38.cHexCH2_Gly.Mono86.T.A.meL}$PEPTIDE1,PEPTIDE1,1:R1-7:R2$$$",-5.65500000,ok,,flexible
"PEPTIDE1{meL.dP.L.P.T.Me_dA.Et_Gly}$PEPTIDE1,PEPTIDE1,1:R1-7:R2$$$",-5.47200000,ok,,flexible
"PEPTIDE1{dP.Pr_Gly.P.meL.Asp_piperidide.dL.meY}$PEPTIDE1,PEPTIDE1,1:R1-7:R2$$$",-6.06100000,ok,,flexible
"PEPTIDE1{Me_dA.meL.dP.Y.Me_dL.L.meA}$PEPTIDE1,PEPTIDE1,1:R1-7:R2$$$",-6.79600000,ok,,flexible
"PEPTIDE1{dV.meF.meA.dP.Me_Abu.P.Sar}$PEPTIDE1,PEPTIDE1,1:R1-7:R2$$$",-6.81200000,ok,,flexible
"PEPTIDE1{Me_Bal.meV.V.T.dP.P.meL}$PEPTIDE1,PEPTIDE1,1:R1-7:R2$$$",-6.18600000,ok,,flexible
"PEPTIDE1{Mono6.dL.Pr_Gly.dPye.F.Me_dL.Abu}$PEPTIDE1,PEPTIDE1,1:R1-7:R2$$$",-4.86500000,ok,,flexible
"PEPTIDE1{Me_dA.meL.dP.T.K.L.A}$PEPTIDE1,PEPTIDE1,1:R1-7:R2$$$",-5.74100000,ok,,flexible
"PEPTIDE1{P.Me_Nle.L.Me_dL.F.Mono84.dP}$PEPTIDE1,PEPTIDE1,1:R1-7:R2$$$",-6.43100000,ok,,flexible
"PEPTIDE1{Pr_Gly.T.T.L.Mono84.dP.P}$PEPTIDE1,PEPTIDE1,1:R1-7:R2$$$",-6.97600000,ok,,flexible
"PEPTIDE1{Me_dA.dP.T.P.dL.P.Ser(tBu)}$PEPTIDE1,PEPTIDE1,1:R1-7:R2$$$",-6.01800000,ok,,flexible
"PEPTIDE1{meA.Sar.meF.T.F.L.meL}$PEPTIDE1,PEPTIDE1,1:R1-7:R2$$$",-5.77200000,ok,,flexible
"PEPTIDE1{F.P.meL.meA.A.Asp_piperidide.T}$PEPTIDE1,PEPTIDE1,1:R1-7:R2$$$",-6.65300000,ok,,flexible
"PEPTIDE1{P.Me_dL.Me_dA.T.T.dP.Ser(tBu)}$PEPTIDE1,PEPTIDE1,1:R1-7:R2$$$",-5.69900000,ok,,flexible
"PEPTIDE1{A.meA.L.dL.Sar.T.P}$PEPTIDE1,PEPTIDE1,1:R1-7:R2$$$",-6.68900000,ok,,flexible
"PEPTIDE1{dA.F.meL.Asp_piperidide.meS.dL.D}$PEPTIDE1,PEPTIDE1,1:R1-7:R2$$$",-5.66500000,ok,,flexible
"PEPTIDE1{dV.Me_dAbu.A.meA.dP.meL.P}$PEPTIDE1,PEPTIDE1,1:R1-7:R2$$$",-6.45000000,ok,,flexible
"PEPTIDE1{dF.cHexCH2_Gly.cHexCH2_Gly.L.3Pal.A.P}$PEPTIDE1,PEPTIDE1,1:R1-7:R2$$$",-5.85700000,ok,,flexible
"PEPTIDE1{A.Pr_Gly.meA.meL.F.P.L}$PEPTIDE1,PEPTIDE1,1:R1-7:R2$$$",-5.84500000,ok,,flexible
"PEPTIDE1{Me_Bal.F.meL.meL.Me_dL.T.Mono84}$PEPTIDE1,PEPTIDE1,1:R1-7:R2$$$",-5.94400000,ok,,flexible
"PEPTIDE1{A.dA.meL.meA.L.meF.Ser(tBu)}$PEPTIDE1,PEPTIDE1,1:R1-7:R2$$$",-6.13800000,ok,,flexible
"PEPTIDE1{meA.L.A.T.P.Me_Phe(3-Cl).F}$PEPTIDE1,PEPTIDE1,1:R1-7:R2$$$",-6.11100000,ok,,flexible
"PEPTIDE1{meF.dA.meL.Mono100.L.P.P}$PEPTIDE1,PEPTIDE1,1:R1-7:R2$$$",-6.48100000,ok,,flexible
"PEPTIDE1{meA.A.meF.D.Sar.Mono6.dP}$PEPTIDE1,PEPTIDE1,1:R1-7:R2$$$",-6.88900000,ok,,flexible
"PEPTIDE1{Sar.meL.L.Me_Nle.Ser(tBu).P.Mono100}$PEPTIDE1,PEPTIDE1,1:R1-7:R2$$$",-5.35200000,ok,,flexible
"PEPTIDE1{meA.cHexCH2_Gly.L.dP.Nle.dL.T}$PEPTIDE1,PEPTIDE1,1:R1-7:R2$$$",-5.37200000,ok,,flexible
"PEPTIDE1{dV.L.Me_Nle.Et_Gly.pentyl_Gly.Mono84.P}$PEPTIDE1,PEPTIDE1,1:R1-7:R2$$$",-4.97600000,ok,,flexible
"PEPTIDE1{Me_Bal.meL.meY.Me_Abu.meA.Mono12.T}$PEPTIDE1,PEPTIDE1,1:R1-7:R2$$$",-5.62800000,ok,,flexible
"PEPTIDE1{Mono6.pentyl_Gly.P.L.T.Ser(tBu).Nle}$PEPTIDE1,PEPTIDE1,1:R1-7:R2$$$",-5.74900000,ok,,flexible
"PEPTIDE1{F.P.Me_dL.Ser(tBu).dP.Et_Gly.dP}$PEPTIDE1,PEPTIDE1,1:R1-7:R2$$$",-6.70300000,ok,,flexible
"PEPTIDE1{meA.Me_dL.dF.meL.F.dP.P}$PEPTIDE1,PEPTIDE1,1:R1-7:R2$$$",-6.73900000,ok,,flexible
"PEPTIDE1{Me_Bal.meL.A.meA.Pr_Gly.P.dP}$PEPTIDE1,PEPTIDE1,1:R1-7:R2$$$",-6.40200000,ok,,flexible
"PEPTIDE1{Mono6.F.L.dA.P.dL.P}$PEPTIDE1,PEPTIDE1,1:R1-7:R2$$$",-7.04200000,ok,,flexible
"PEPTIDE1{Me_dA.meL.L.L.F.Sar.Mono6}$PEPTIDE1,PEPTIDE1,1:R1-7:R2$$$",-5.79800000,ok,,flexible
"PEPTIDE1{L.V.P.meA.dL.L.T}$PEPTIDE1,PEPTIDE1,1:R1-7:R2$$$",-6.24500000,ok,,flexible
"PEPTIDE1{Mono6.meL.P.Ser(tBu).T.dP.pentyl_Gly}$PEPTIDE1,PEPTIDE1,1:R1-7:R2$$$",-5.57600000,ok,,flexible
"PEPTIDE1{Mono6.L.I.T.P.dL.I}$PEPTIDE1,PEPTIDE1,1:R1-7:R2$$$",-5.73200000,ok,,flexible
"PEPTIDE1{Me_dA.dL.L.G.L.A.Ser(tBu)}$PEPTIDE1,PEPTIDE1,1:R1-7:R2$$$",-5.97300000,ok,,flexible
"PEPTIDE1{meL.T.dP.Me_Abu.meA.meL.dL}$PEPTIDE1,PEPTIDE1,1:R1-7:R2$$$",-5.53100000,ok,,flexible
"PEPTIDE1{F.A.P.meF.Ser(tBu).Mono86.meL}$PEPTIDE1,PEPTIDE1,1:R1-7:R2$$$",-5.87000000,ok,,flexible
"PEPTIDE1{meL.T.L.Me_dA.meF.meA.P}$PEPTIDE1,PEPTIDE1,1:R1-7:R2$$$",-6.71200000,ok,,flexible
"PEPTIDE1{dA.cHexCH2_Gly.Me_Nle.F.Me_Phe(3-Cl).meF.P}$PEPTIDE1,PEPTIDE1,1:R1-7:R2$$$",-6.17000000,ok,,flexible
"PEPTIDE1{L.Me_dL.Me_dA.meV.L.meA.T}$PEPTIDE1,PEPTIDE1,1:R1-7:R2$$$",-5.41500000,ok,,flexible
"PEPTIDE1{Mono6.P.L.P.dP.P.dP}$PEPTIDE1,PEPTIDE1,1:R1-7:R2$$$",-7.12600000,ok,,flexible
"PEPTIDE1{A.meF.P.T.T.meA.Mono7}$PEPTIDE1,PEPTIDE1,1:R1-7:R2$$$",-7.15300000,ok,,flexible
"PEPTIDE1{meL.Ser(tBu).dL.Me_Phe(3-Cl).A.L.P}$PEPTIDE1,PEPTIDE1,1:R1-7:R2$$$",-5.49600000,ok,,flexible
"PEPTIDE1{meA.meL.G.T.Me_dL.Me_Nle.Ser(tBu)}$PEPTIDE1,PEPTIDE1,1:R1-7:R2$$$",-5.30300000,ok,,flexible
"PEPTIDE1{Mono6.meS.meL.I.L.dL.meY}$PEPTIDE1,PEPTIDE1,1:R1-7:R2$$$",-5.55400000,ok,,flexible
"PEPTIDE1{meL.Me_dL.Pr_Gly.F.dL.P.P}$PEPTIDE1,PEPTIDE1,1:R1-7:R2$$$",-6.27200000,ok,,flexible
"PEPTIDE1{Me_dA.cHexCH2_Gly.Mono84.pentyl_Gly.P.F.L}$PEPTIDE1,PEPTIDE1,1:R1-7:R2$$$",-5.58600000,ok,,flexible
"PEPTIDE1{Me_Bal.P.dP.T.T.meL.L}$PEPTIDE1,PEPTIDE1,1:R1-7:R2$$$",-6.35100000,ok,,flexible
"PEPTIDE1{dA.L.T.P.P.T.Me_dL}$PEPTIDE1,PEPTIDE1,1:R1-7:R2$$$",-6.69700000,ok,,flexible
"PEPTIDE1{F.A.meL.L.L.P.Mono84}$PEPTIDE1,PEPTIDE1,1:R1-7:R2$$$",-6.37700000,ok,,flexible
"PEPTIDE1{meA.P.dP.L.Me_dL.T.3Pal}$PEPTIDE1,PEPTIDE1,1:R1-7:R2$$$",-5.95100000,ok,,flexible
"PEPTIDE1{L.Me_dAbu.meA.meF.P.meV.dL}$PEPTIDE1,PEPTIDE1,1:R1-7:R2$$$",-6.27900000,ok,,flexible
"PEPTIDE1{dV.T.T.meL.F.A.meL}$PEPTIDE1,PEPTIDE1,1:R1-7:R2$$$",-5.66300000,ok,,flexible
"PEPTIDE1{A.Me_dA.I.F.meL.Ser(tBu).T}$PEPTIDE1,PEPTIDE1,1:R1-7:R2$$$",-5.75700000,ok,,flexible
"PEPTIDE1{dA.meL.meF.meL.meA.P.Ser(tBu)}$PEPTIDE1,PEPTIDE1,1:R1-7:R2$$$",-5.31200000,ok,,flexible
"PEPTIDE1{Mono6.Me_dL.meL.Me_dAbu.T.T.dP}$PEPTIDE1,PEPTIDE1,1:R1-7:R2$$$",-5.66900000,ok,,flexible
"PEPTIDE1{dA.meL.meA.P.I.L.F}$PEPTIDE1,PEPTIDE1,1:R1-7:R2$$$",-6.29700000,ok,,flexible
"PEPTIDE1{Mono6.dP.A.D.P.T.Mono2}$PEPTIDE1,PEPTIDE1,1:R1-7:R2$$$",-6.69600000,ok,,flexible
"PEPTIDE1{A.meA.Ser(tBu).P.Me_dL.dP.T}$PEPTIDE1,PEPTIDE1,1:R1-7:R2$$$",-5.53000000,ok,,flexible
"PEPTIDE1{Mono6.dP.meL.Me_dL.T.meL.T}$PEPTIDE1,PEPTIDE1,1:R1-7:R2$$$",-5.46400000,ok,,flexible
"PEPTIDE1{meA.Me_dA.meL.F.V.L.dL}$PEPTIDE1,PEPTIDE1,1:R1-7:R2$$$",-5.16900000,ok,,flexible
"PEPTIDE1{dF.L.A.Pr_Gly.Me_dL.Ser(tBu).meA}$PEPTIDE1,PEPTIDE1,1:R1-7:R2$$$",-5.32000000,ok,,flexible
"PEPTIDE1{dA.Ser(tBu).T.meF.T.F.Sar}$PEPTIDE1,PEPTIDE1,1:R1-7:R2$$$",-6.41300000,ok,,flexible
"PEPTIDE1{dV.Me_dA.dF.dP.P.T.meA}$PEPTIDE1,PEPTIDE1,1:R1-7:R2$$$",-7.14400000,ok,,flexible
"PEPTIDE1{Me_Bal.Me_dL.T.dL.A.meL.meF}$PEPTIDE1,PEPTIDE1,1:R1-7:R2$$$",-5.79700000,ok,,flexible
"PEPTIDE1{Me_dA.P.L.F.G.dP.L}$PEPTIDE1,PEPTIDE1,1:R1-7:R2$$$",-6.34400000,ok,,flexible
"PEPTIDE1{Me_Bal.meL.Mono84.P.dP.L.T}$PEPTIDE1,PEPTIDE1,1:R1-7:R2$$$",-7.14500000,ok,,flexible
"PEPTIDE1{Me_Bal.Me_dA.dA.dP.T.Sar.P}$PEPTIDE1,PEPTIDE1,1:R1-7:R2$$$",-7.79600000,ok,,flexible
"PEPTIDE1{Sar.Me_dL.meL.P.I.Bn_Gly.meL}$PEPTIDE1,PEPTIDE1,1:R1-7:R2$$$",-4.99000000,ok,,flexible
"PEPTIDE1{meA.F.T.meV.Ser(tBu).meL.pentyl_Gly}$PEPTIDE1,PEPTIDE1,1:R1-7:R2$$$",-5.53200000,ok,,flexible
"PEPTIDE1{meA.P.dP.L.A.meV.Me_dA}$PEPTIDE1,PEPTIDE1,1:R1-7:R2$$$",-6.59100000,ok,,flexible
"PEPTIDE1{dV.P.Asp_piperidide.A.Asp_piperidide.L.T}$PEPTIDE1,PEPTIDE1,1:R1-7:R2$$$",-5.92800000,ok,,flexible
"PEPTIDE1{A.P.F.Mono7.meL.L.L}$PEPTIDE1,PEPTIDE1,1:R1-7:R2$$$",-6.03100000,ok,,flexible
"PEPTIDE1{Me_dA.Me_dL.dP.T.L.L.meL}$PEPTIDE1,PEPTIDE1,1:R1-7:R2$$$",-5.19300000,ok,,flexible
"PEPTIDE1{dV.L.T.dP.pentyl_Gly.meL.V}$PEPTIDE1,PEPTIDE1,1:R1-7:R2$$$",-5.60800000,ok,,flexible
"PEPTIDE1{Mono6.dP.meA.P.meL.T.meA}$PEPTIDE1,PEPTIDE1,1:R1-7:R2$$$",-7.14000000,ok,,flexible
"PEPTIDE1{meA.L.meL.P.meY.meF.dP}$PEPTIDE1,PEPTIDE1,1:R1-7:R2$$$",-7.13100000,ok,,flexible
"PEPTIDE1{Mono6.dP.meL.F.meL.pentyl_Gly.dL}$PEPTIDE1,PEPTIDE1,1:R1-7:R2$$$",-5.88600000,ok,,flexible
"PEPTIDE1{Mono6.P.Mono38.Nle.P.P.F}$PEPTIDE1,PEPTIDE1,1:R1-7:R2$$$",-6.53200000,ok,,flexible
"PEPTIDE1{Me_Bal.L.cHexCH2_Gly.Me_Nle.I.meL.Mono84}$PEPTIDE1,PEPTIDE1,1:R1-7:R2$$$",-6.29800000,ok,,flexible
"PEPTIDE1{dF.I.3Pal.L.Mono11.A.meL}$PEPTIDE1,PEPTIDE1,1:R1-7:R2$$$",-5.78400000,ok,,flexible
"PEPTIDE1{meA.Mono6.meS.Me_dL.F.dP.T}$PEPTIDE1,PEPTIDE1,1:R1-7:R2$$$",-6.60700000,ok,,flexible
"PEPTIDE1{Me_Bal.meF.meL.L.meA.T.Ser(tBu)}$PEPTIDE1,PEPTIDE1,1:R1-7:R2$$$",-6.09500000,ok,,flexible
"PEPTIDE1{dA.Sar.meL.L.dP.Mono84.V}$PEPTIDE1,PEPTIDE1,1:R1-7:R2$$$",-6.49500000,ok,,flexible
"PEPTIDE1{dV.dP.meL.T.T.P.Me_Nle}$PEPTIDE1,PEPTIDE1,1:R1-7:R2$$$",-5.58700000,ok,,flexible
"PEPTIDE1{meA.Aib.dPye.F.Ser(tBu).L.P}$PEPTIDE1,PEPTIDE1,1:R1-7:R2$$$",-5.32200000,ok,,flexible
"PEPTIDE1{Mono6.pentyl_Gly.Mono38.T.dP.I.Mono2}$PEPTIDE1,PEPTIDE1,1:R1-7:R2$$$",-6.54600000,ok,,flexible
"PEPTIDE1{Me_dA.P.T.dP.P.meF.T}$PEPTIDE1,PEPTIDE1,1:R1-7:R2$$$",-6.99400000,ok,,flexible
"PEPTIDE1{Mono6.Me_dA.dP.meA.V.P.T}$PEPTIDE1,PEPTIDE1,1:R1-7:R2$$$",-7.31800000,ok,,flexible
"PEPTIDE1{A.Me_dAbu.F.P.Ser(tBu).pentyl_Gly.Mono34}$PEPTIDE1,PEPTIDE1,1:R1-7:R2$$$",-5.37400000,ok,,flexible
"PEPTIDE1{Me_dA.L.Ser(tBu).meL.Me_dL.T.meA}$PEPTIDE1,PEPTIDE1,1:R1-7:R2$$$",-5.18600000,ok,,flexible
"PEPTIDE1{dA.F.L.meL.P.Ser(tBu).P}$PEPTIDE1,PEPTIDE1,1:R1-7:R2$$$",-5.93300000,ok,,flexible
"PEPTIDE1{Mono6.P.dL.L.Ser(tBu).A.T}$PEPTIDE1,PEPTIDE1,1:R1-7:R2$$$",-5.51500000,ok,,flexible
"PEPTIDE1{meL.L.pentyl_Gly.Mono38.L.dL.Ser(tBu)}$PEPTIDE1,PEPTIDE1,1:R1-7:R2$$$",-5.20700000,ok,,flexible
"PEPTIDE1{Mono6.L.T.dF.meL.meL.P}$PEPTIDE1,PEPTIDE1,1:R1-7:R2$$$",-6.32900000,ok,,flexible
"PEPTIDE1{dF.3Pal.A.Me_Nle.pentyl_Gly.cHexCH2_Gly.Et_Gly}$PEPTIDE1,PEPTIDE1,1:R1-7:R2$$$",-5.13400000,ok,,flexible
"PEPTIDE1{Me_Bal.F.T.P.I.dL.meL}$PEPTIDE1,PEPTIDE1,1:R1-7:R2$$$",-6.01200000,ok,,flexible
"PEPTIDE1{Me_dA.meA.Ser(tBu).Me_dL.meL.I.dL}$PEPTIDE1,PEPTIDE1,1:R1-7:R2$$$",-5.32900000,ok,,flexible
"PEPTIDE1{dF.meL.Me_dA.I.Ser(tBu).L.dL}$PEPTIDE1,PEPTIDE1,1:R1-7:R2$$$",-4.84900000,ok,,flexible
"PEPTIDE1{meL.meA.Me_dL.meL.P.meY.F}$PEPTIDE1,PEPTIDE1,1:R1-7:R2$$$",-5.48900000,ok,,flexible
"PEPTIDE1{Me_dA.Me_Nle.pentyl_Gly.A.meL.Mono86.P}$PEPTIDE1,PEPTIDE1,1:R1-7:R2$$$",-5.89400000,ok,,flexible
"PEPTIDE1{F.Mono38.Mono38.A.T.D.dP}$PEPTIDE1,PEPTIDE1,1:R1-7:R2$$$",-5.89200000,ok,,flexible
"PEPTIDE1{Mono6.Ser(tBu).meA.meL.dL.P.meF}$PEPTIDE1,PEPTIDE1,1:R1-7:R2$$$",-5.99400000,ok,,flexible
"PEPTIDE1{Mono6.F.dP.T.Me_dL.meL.L}$PEPTIDE1,PEPTIDE1,1:R1-7:R2$$$",-5.58100000,ok,,flexible
"PEPTIDE1{F.cHexCH2_Gly.pentyl_Gly.L.P.I.Me_Phe(3-Cl)}$PEPTIDE1,PEPTIDE1,1:R1-7:R2$$$",-5.55100000,ok,,flexible
"PEPTIDE1{A.dP.T.Me_dL.L.meA.L}$PEPTIDE1,PEPTIDE1,1:R1-7:R2$$$",-6.03400000,ok,,flexible
"PEPTIDE1{meA.Me_dA.P.T.Ser(tBu).P.L}$PEPTIDE1,PEPTIDE1,1:R1-7:R2$$$",-6.03000000,ok,,flexible
"PEPTIDE1{Me_dA.meL.Pr_Gly.meA.L.Pr_Gly.F}$PEPTIDE1,PEPTIDE1,1:R1-7:R2$$$",-5.48400000,ok,,flexible
"PEPTIDE1{Mono6.3Pal.meL.P.I.Mono2.Mono86}$PEPTIDE1,PEPTIDE1,1:R1-7:R2$$$",-6.49800000,ok,,flexible
"PEPTIDE1{Mono6.L.Ser(tBu).P.T.dP.meA}$PEPTIDE1,PEPTIDE1,1:R1-7:R2$$$",-6.20000000,ok,,flexible
"PEPTIDE1{Mono6.L.P.cHexCH2_Gly.pentyl_Gly.Mono38.T}$PEPTIDE1,PEPTIDE1,1:R1-7:R2$$$",-5.27400000,ok,,flexible
"PEPTIDE1{Mono6.T.L.L.meL.I.A}$PEPTIDE1,PEPTIDE1,1:R1-7:R2$$$",-5.64100000,ok,,flexible
"PEPTIDE1{Me_Bal.L.Me_dA.meV.P.V.dP}$PEPTIDE1,PEPTIDE1,1:R1-7:R2$$$",-7.34900000,ok,,flexible
"PEPTIDE1{meL.meS.meA.Sar.I.L.meF}$PEPTIDE1,PEPTIDE1,1:R1-7:R2$$$",-5.56100000,ok,,flexible
"PEPTIDE1{dA.Sar.meA.meV.T.P.F}$PEPTIDE1,PEPTIDE1,1:R1-7:R2$$$",-7.16700000,ok,,flexible
"PEPTIDE1{Me_Bal.Mono38.Ser(tBu).A.P.Nle.F}$PEPTIDE1,PEPTIDE1,1:R1-7:R2$$$",-5.46200000,ok,,flexible
"PEPTIDE1{A.Me_dL.T.Ser(tBu).dP.meL.L}$PEPTIDE1,PEPTIDE1,1:R1-7:R2$$$",-5.24400000,ok,,flexible
"PEPTIDE1{Me_dA.P.A.meL.Me_dL.Me_dL.meL}$PEPTIDE1,PEPTIDE1,1:R1-7:R2$$$",-5.48700000,ok,,flexible
"PEPTIDE1{Me_Bal.dP.F.T.V.meL.P}$PEPTIDE1,PEPTIDE1,1:R1-7:R2$$$",-7.12900000,ok,,flexible
"PEPTIDE1{Me_dL.L.dL.meA.P.Mono6.meF}$PEPTIDE1,PEPTIDE1,1:R1-7:R2$$$",-5.93200000,ok,,flexible
"PEPTIDE1{L.Me_dAbu.Pr_Gly.meL.meF.A.V}$PEPTIDE1,PEPTIDE1,1:R1-7:R2$$$",-5.75800000,ok,,flexible
"PEPTIDE1{meA.meL.dL.Sar.F.G.meF}$PEPTIDE1,PEPTIDE1,1:R1-7:R2$$$",-6.37700000,ok,,flexible
"PEPTIDE1{Me_dA.A.dF.F.L.meV.T}$PEPTIDE1,PEPTIDE1,1:R1-7:R2$$$",-6.26900000,ok,,flexible
"PEPTIDE1{Sar.cHexCH2_Gly.L.Mono86.I.Me_Phe(3-Cl).meL}$PEPTIDE1,PEPTIDE1,1:R1-7:R2$$$",-5.92300000,ok,,flexible
"PEPTIDE1{Me_Bal.P.T.P.L.Nle.P}$PEPTIDE1,PEPTIDE1,1:R1-7:R2$$$",-6.36200000,ok,,flexible
"PEPTIDE1{Me_Bal.T.dL.meL.Ser(tBu).L.pentyl_Gly}$PEPTIDE1,PEPTIDE1,1:R1-7:R2$$$",-4.38600000,ok,,flexible
"PEPTIDE1{meL.L.meF.Me_dA.T.T.P}$PEPTIDE1,PEPTIDE1,1:R1-7:R2$$$",-5.95800000,ok,,flexible
"PEPTIDE1{A.Me_dL.meY.L.meF.Me_Abu.P}$PEPTIDE1,PEPTIDE1,1:R1-7:R2$$$",-5.46400000,ok,,flexible
"PEPTIDE1{dA.Pr_Gly.Ser(tBu).G.A.F.meL}$PEPTIDE1,PEPTIDE1,1:R1-7:R2$$$",-5.44100000,ok,,flexible
"PEPTIDE1{dA.Mono38.L.meL.L.P.P}$PEPTIDE1,PEPTIDE1,1:R1-7:R2$$$",-6.01000000,ok,,flexible
"PEPTIDE1{F.A.meL.dP.3Pal.dL.T}$PEPTIDE1,PEPTIDE1,1:R1-7:R2$$$",-6.71400000,ok,,flexible
"PEPTIDE1{P.Mono38.T.Me_dL.dP.meA.dL}$PEPTIDE1,PEPTIDE1,1:R1-7:R2$$$",-6.02000000,ok,,flexible
"PEPTIDE1{dP.Me_dL.Pr_Gly.dL.T.L.P}$PEPTIDE1,PEPTIDE1,1:R1-7:R2$$$",-5.51900000,ok,,flexible
"PEPTIDE1{Pr_Gly.dP.P.T.Me_Nle.meL.Asp_piperidide}$PEPTIDE1,PEPTIDE1,1:R1-7:R2$$$",-5.70600000,ok,,flexible
"PEPTIDE1{F.P.dL.meL.L.T.Ser(tBu)}$PEPTIDE1,PEPTIDE1,1:R1-7:R2$$$",-5.60200000,ok,,flexible
"PEPTIDE1{meA.A.meF.F.T.P.Ser(tBu)}$PEPTIDE1,PEPTIDE1,1:R1-7:R2$$$",-6.31900000,ok,,flexible
"PEPTIDE1{Me_Bal.Me_dL.meA.meL.P.L.Me_dA}$PEPTIDE1,PEPTIDE1,1:R1-7:R2$$$",-5.96600000,ok,,flexible
"PEPTIDE1{meA.P.I.F.meI.P.meL}$PEPTIDE1,PEPTIDE1,1:R1-7:R2$$$",-5.98900000,ok,,flexible
"PEPTIDE1{dV.L.A.dL.P.Me_Phe(3-Cl).T}$PEPTIDE1,PEPTIDE1,1:R1-7:R2$$$",-6.00900000,ok,,flexible
"PEPTIDE1{Mono6.P.dP.dL.T.meL.L}$PEPTIDE1,PEPTIDE1,1:R1-7:R2$$$",-6.43800000,ok,,flexible
"PEPTIDE1{meA.dP.dL.A.P.L.meF}$PEPTIDE1,PEPTIDE1,1:R1-7:R2$$$",-6.26600000,ok,,flexible
"PEPTIDE1{dV.Me_dA.dA.Me_dAbu.dP.L.meA}$PEPTIDE1,PEPTIDE1,1:R1-7:R2$$$",-6.24000000,ok,,flexible
"PEPTIDE1{A.Me_dA.P.Me_dL.L.F.meI}$PEPTIDE1,PEPTIDE1,1:R1-7:R2$$$",-5.62200000,ok,,flexible
"PEPTIDE1{dA.L.meL.meA.Me_dA.Sar.pentyl_Gly}$PEPTIDE1,PEPTIDE1,1:R1-7:R2$$$",-5.83200000,ok,,flexible
"PEPTIDE1{Me_Bal.Me_dL.meF.Ser(tBu).L.T.meA}$PEPTIDE1,PEPTIDE1,1:R1-7:R2$$$",-5.86900000,ok,,flexible
"PEPTIDE1{meL.Me_dL.meF.P.P.dP.T}$PEPTIDE1,PEPTIDE1,1:R1-7:R2$$$",-6.90600000,ok,,flexible
"PEPTIDE1{dV.meF.dL.L.meL.meL.Sar}$PEPTIDE1,PEPTIDE1,1:R1-7:R2$$$",-5.41900000,ok,,flexible
"PEPTIDE1{Me_Bal.Me_dA.L.F.meL.dL.Me_dA}$PEPTIDE1,PEPTIDE1,1:R1-7:R2$$$",-5.96700000,ok,,flexible
"PEPTIDE1{Me_dA.P.L.dL.T.meA.Me_dL}$PEPTIDE1,PEPTIDE1,1:R1-7:R2$$$",-5.97400000,ok,,flexible
"PEPTIDE1{Mono6.Pr_Gly.Me_dL.L.Asp_piperidide.T.P}$PEPTIDE1,PEPTIDE1,1:R1-7:R2$$$",-5.93000000,ok,,flexible
"PEPTIDE1{Me_Bal.T.meL.dL.meA.P.L}$PEPTIDE1,PEPTIDE1,1:R1-7:R2$$$",-5.72500000,ok,,flexible
"PEPTIDE1{meA.Me_dAbu.T.P.L.Sar.dP}$PEPTIDE1,PEPTIDE1,1:R1-7:R2$$$",-6.33200000,ok,,flexible
"PEPTIDE1{meA.Ser(tBu).dP.meL.T.P.dL}$PEPTIDE1,PEPTIDE1,1:R1-7:R2$$$",-6.07700000,ok,,flexible
"PEPTIDE1{Me_Bal.A.dF.dL.meL.Ser(tBu).L}$PEPTIDE1,PEPTIDE1,1:R1-7:R2$$$",-5.18500000,ok,,flexible
"PEPTIDE1{dV.cHexCH2_Gly.F.L.Me_Phe(3-Cl).meL.Ser(tBu)}$PEPTIDE1,PEPTIDE1,1:R1-7:R2$$$",-5.35100000,ok,,flexible
"PEPTIDE1{L.pentyl_Gly.meL.dL.I.T.T}$PEPTIDE1,PEPTIDE1,1:R1-7:R2$$$",-5.30400000,ok,,flexible
"PEPTIDE1{Sar.dP.T.D.I.L.meL}$PEPTIDE1,PEPTIDE1,1:R1-7:R2$$$",-5.90100000,ok,,flexible
"PEPTIDE1{Mono6.meL.L.T.meL.P.T}$PEPTIDE1,PEPTIDE1,1:R1-7:R2$$$",-6.04600000,ok,,flexible
"PEPTIDE1{Mono6.L.Me_dL.dL.meA.T.P}$PEPTIDE1,PEPTIDE1,1:R1-7:R2$$$",-6.10700000,ok,,flexible
"PEPTIDE1{dV.Me_dL.meA.meL.A.Sar.Mono34}$PEPTIDE1,PEPTIDE1,1:R1-7:R2$$$",-5.26500000,ok,,flexible
"PEPTIDE1{Me_dA.pentyl_Gly.Mono84.T.dL.dP.Ser(tBu)}$PEPTIDE1,PEPTIDE1,1:R1-7:R2$$$",-5.55600000,ok,,flexible
"PEPTIDE1{Sar.P.Me_Nle.P.L.V.meF}$PEPTIDE1,PEPTIDE1,1:R1-7:R2$$$",-6.01700000,ok,,flexible
"PEPTIDE1{meA.T.V.Me_dL.meL.F.P}$PEPTIDE1,PEPTIDE1,1:R1-7:R2$$$",-6.36100000,ok,,flexible
"PEPTIDE1{meF.T.P.pentyl_Gly.I.A.Nle}$PEPTIDE1,PEPTIDE1,1:R1-7:R2$$$",-5.34900000,ok,,flexible
"PEPTIDE1{Me_Bal.Me_Nle.3Pal.Mono38.Me_Phe(3-Cl).T.L}$PEPTIDE1,PEPTIDE1,1:R1-7:R2$$$",-6.01500000,ok,,flexible
"PEPTIDE1{Sar.L.P.meA.meL.Me_dL.Ser(tBu)}$PEPTIDE1,PEPTIDE1,1:R1-7:R2$$$",-5.62200000,ok,,flexible
"PEPTIDE1{meA.A.meL.Me_dL.P.dP.meF}$PEPTIDE1,PEPTIDE1,1:R1-7:R2$$$",-6.71600000,ok,,flexible
"PEPTIDE1{Me_Bal.Me_dAbu.dP.Mono78.meL.Mono86.F}$PEPTIDE1,PEPTIDE1,1:R1-7:R2$$$",-6.91000000,ok,,flexible
"PEPTIDE1{Sar.Mono38.L.P.P.T.Nle}$PEPTIDE1,PEPTIDE1,1:R1-7:R2$$$",-5.85200000,ok,,flexible
"PEPTIDE1{meA.L.dP.Me_dL.P.Me_dA.meY}$PEPTIDE1,PEPTIDE1,1:R1-7:R2$$$",-6.79200000,ok,,flexible
"PEPTIDE1{Sar.P.P.T.Me_dL.dL.P}$PEPTIDE1,PEPTIDE1,1:R1-7:R2$$$",-6.69600000,ok,,flexible
"PEPTIDE1{Me_dA.A.meA.meL.P.L.T}$PEPTIDE1,PEPTIDE1,1:R1-7:R2$$$",-5.97500000,ok,,flexible
"PEPTIDE1{Me_dA.meL.dP.T.dP.P.dP}$PEPTIDE1,PEPTIDE1,1:R1-7:R2$$$",-6.62900000,ok,,flexible
"PEPTIDE1{A.Pr_Gly.F.dP.Ser(tBu).meA.L}$PEPTIDE1,PEPTIDE1,1:R1-7:R2$$$",-5.83200000,ok,,flexible
"PEPTIDE1{Mono6.pentyl_Gly.meL.Et_Gly.L.P.Nle}$PEPTIDE1,PEPTIDE1,1:R1-7:R2$$$",-4.71100000,ok,,flexible
"PEPTIDE1{Mono6.T.A.dP.P.Ser(tBu).L}$PEPTIDE1,PEPTIDE1,1:R1-7:R2$$$",-5.84000000,ok,,flexible
"PEPTIDE1{meA.dL.Me_dL.P.meL.F.Mono78}$PEPTIDE1,PEPTIDE1,1:R1-7:R2$$$",-5.95500000,ok,,flexible
"PEPTIDE1{Me_dA.dA.T.meL.dF.Asp_piperidide.dL}$PEPTIDE1,PEPTIDE1,1:R1-7:R2$$$",-6.48200000,ok,,flexible
"PEPTIDE1{Sar.meA.F.meF.T.T.pentyl_Gly}$PEPTIDE1,PEPTIDE1,1:R1-7:R2$$$",-5.42500000,ok,,flexible
"PEPTIDE1{meA.P.T.dP.I.L.L}$PEPTIDE1,PEPTIDE1,1:R1-7:R2$$$",-6.27000000,ok,,flexible
"PEPTIDE1{Me_dA.Mono38.cHexCH2_Gly.Me_Nle.A.Et_Gly.L}$PEPTIDE1,PEPTIDE1,1:R1-7:R2$$$",-6.11500000,ok,,flexible
"PEPTIDE1{Me_dA.Me_Nle.3Pal.L.T.I.Mono84}$PEPTIDE1,PEPTIDE1,1:R1-7:R2$$$",-5.42200000,ok,,flexible
"PEPTIDE1{meA.dPye.V.Me_dL.L.T.P}$PEPTIDE1,PEPTIDE1,1:R1-7:R2$$$",-5.82400000,ok,,flexible
"PEPTIDE1{Sar.V.T.meL.L.F.meL}$PEPTIDE1,PEPTIDE1,1:R1-7:R2$$$",-5.81600000,ok,,flexible
"PEPTIDE1{A.meA.Me_dAbu.meV.F.P.L}$PEPTIDE1,PEPTIDE1,1:R1-7:R2$$$",-6.45700000,ok,,flexible
"PEPTIDE1{Pr_Gly.pentyl_Gly.dP.Mono38.Ser(tBu).pentyl_Gly.L}$PEPTIDE1,PEPTIDE1,1:R1-7:R2$$$",-5.05200000,ok,,flexible
"PEPTIDE1{Pr_Gly.L.Me_Nle.F.Ser(tBu).T.P}$PEPTIDE1,PEPTIDE1,1:R1-7:R2$$$",-5.55600000,ok,,flexible
"PEPTIDE1{meL.T.L.T.dL.Me_dA.P}$PEPTIDE1,PEPTIDE1,1:R1-7:R2$$$",-6.04800000,ok,,flexible
"PEPTIDE1{meA.meF.dP.Ser(tBu).P.F.T}$PEPTIDE1,PEPTIDE1,1:R1-7:R2$$$",-5.97600000,ok,,flexible
"PEPTIDE1{Pr_Gly.Me_dA.P.P.L.meV.meA}$PEPTIDE1,PEPTIDE1,1:R1-7:R2$$$",-5.91700000,ok,,flexible
"PEPTIDE1{Me_dA.meL.F.Me_dL.I.V.meA}$PEPTIDE1,PEPTIDE1,1:R1-7:R2$$$",-5.80200000,ok,,flexible
"PEPTIDE1{A.F.T.dL.L.dP.P}$PEPTIDE1,PEPTIDE1,1:R1-7:R2$$$",-6.81500000,ok,,flexible
"PEPTIDE1{dV.meA.meF.P.Ser(tBu).meL.dL}$PEPTIDE1,PEPTIDE1,1:R1-7:R2$$$",-5.67800000,ok,,flexible
"PEPTIDE1{dP.I.F.Bn_Gly.A.V.T}$PEPTIDE1,PEPTIDE1,1:R1-7:R2$$$",-5.83000000,ok,,flexible
"PEPTIDE1{Me_Bal.Mono38.pentyl_Gly.dP.Me_Nle.L.T}$PEPTIDE1,PEPTIDE1,1:R1-7:R2$$$",-5.20800000,ok,,flexible
"PEPTIDE1{meA.F.Me_dA.meF.Me_dL.meL.T}$PEPTIDE1,PEPTIDE1,1:R1-7:R2$$$",-6.22900000,ok,,flexible
"PEPTIDE1{dV.meA.meF.Mono7.dP.L.meL}$PEPTIDE1,PEPTIDE1,1:R1-7:R2$$$",-6.20200000,ok,,flexible
"PEPTIDE1{Mono6.meA.P.Ser(tBu).dL.meL.A}$PEPTIDE1,PEPTIDE1,1:R1-7:R2$$$",-5.81700000,ok,,flexible
"PEPTIDE1{dA.Me_dL.P.Sar.T.Mono78.A}$PEPTIDE1,PEPTIDE1,1:R1-7:R2$$$",-6.09200000,ok,,flexible
"PEPTIDE1{meA.Me_Nle.Me_Nle.Mono84.dP.P.meL}$PEPTIDE1,PEPTIDE1,1:R1-7:R2$$$",-5.94900000,ok,,flexible
"PEPTIDE1{Me_Bal.meF.dP.T.I.L.Sar}$PEPTIDE1,PEPTIDE1,1:R1-7:R2$$$",-5.98400000,ok,,flexible
"PEPTIDE1{Me_dA.L.meL.pentyl_Gly.F.dL.Ser(tBu)}$PEPTIDE1,PEPTIDE1,1:R1-7:R2$$$",-5.06000000,ok,,flexible
"PEPTIDE1{meA.A.Me_dA.Aib.A.T.meL}$PEPTIDE1,PEPTIDE1,1:R1-7:R2$$$",-6.20600000,ok,,flexible
"PEPTIDE1{dV.Me_dL.dF.P.Asp_piperidide.T.T}$PEPTIDE1,PEPTIDE1,1:R1-7:R2$$$",-6.36500000,ok,,flexible
"PEPTIDE1{Me_dA.I.Me_dL.dP.F.meL.L}$PEPTIDE1,PEPTIDE1,1:R1-7:R2$$$",-5.53700000,ok,,flexible
"PEPTIDE1{Me_dA.Pr_Gly.F.Me_dL.L.A.meL}$PEPTIDE1,PEPTIDE1,1:R1-7:R2$$$",-5.66400000,ok,,flexible
"PEPTIDE1{A.meF.Me_dL.T.F.meL.L}$PEPTIDE1,PEPTIDE1,1:R1-7:R2$$$",-5.53900000,ok,,flexible
"PEPTIDE1{F.Me_dA.meL.dA.dF.L.Phe(4-CF3)}$PEPTIDE1,PEPTIDE1,1:R1-7:R2$$$",-6.54500000,ok,,flexible
"PEPTIDE1{A.meF.F.meA.Me_dA.Me_dL.T}$PEPTIDE1,PEPTIDE1,1:R1-7:R2$$$",-6.45800000,ok,,flexible
"PEPTIDE1{dA.cHexCH2_Gly.L.G.Me_dL.meL.T}$PEPTIDE1,PEPTIDE1,1:R1-7:R2$$$",-5.97100000,ok,,flexible
"PEPTIDE1{dA.dPye.Me_dL.Asp_piperidide.P.meL.Me_dA}$PEPTIDE1,PEPTIDE1,1:R1-7:R2$$$",-5.71700000,ok,,flexible
"PEPTIDE1{Me_dA.G.meL.L.P.dP.meA}$PEPTIDE1,PEPTIDE1,1:R1-7:R2$$$",-6.75400000,ok,,flexible
"PEPTIDE1{dF.P.L.Ser(tBu).P.Me_Nle.meL}$PEPTIDE1,PEPTIDE1,1:R1-7:R2$$$",-5.51400000,ok,,flexible
"PEPTIDE1{dF.pentyl_Gly.L.Mono102.T.Mono86.Nle}$PEPTIDE1,PEPTIDE1,1:R1-7:R2$$$",-5.60100000,ok,,flexible
"PEPTIDE1{Me_dA.A.dL.T.dP.T.Sar}$PEPTIDE1,PEPTIDE1,1:R1-7:R2$$$",-6.90400000,ok,,flexible
"PEPTIDE1{Me_dA.meA.meF.meL.P.T.Ala(indol-2-yl)}$PEPTIDE1,PEPTIDE1,1:R1-7:R2$$$",-6.35500000,ok,,flexible
"PEPTIDE1{meA.L.Mono86.L.F.T.A}$PEPTIDE1,PEPTIDE1,1:R1-7:R2$$$",-6.02500000,ok,,flexible
"PEPTIDE1{Me_dA.dL.meL.P.dP.T.meA}$PEPTIDE1,PEPTIDE1,1:R1-7:R2$$$",-6.51900000,ok,,flexible
"PEPTIDE1{dP.meA.T.A.dL.L.meI}$PEPTIDE1,PEPTIDE1,1:R1-7:R2$$$",-6.11600000,ok,,flexible
"PEPTIDE1{Mono6.L.D.meL.A.dL.P}$PEPTIDE1,PEPTIDE1,1:R1-7:R2$$$",-6.42500000,ok,,flexible
"PEPTIDE1{meA.dP.I.L.meL.P.Mono84}$PEPTIDE1,PEPTIDE1,1:R1-7:R2$$$",-6.29800000,ok,,flexible
"PEPTIDE1{A.meV.T.meL.Me_dL.D.F}$PEPTIDE1,PEPTIDE1,1:R1-7:R2$$$",-6.01600000,ok,,flexible
"PEPTIDE1{Me_Bal.P.Me_dA.meF.T.meY.meA}$PEPTIDE1,PEPTIDE1,1:R1-7:R2$$$",-6.61100000,ok,,flexible
"PEPTIDE1{meA.Me_dL.L.I.A.Sar.L}$PEPTIDE1,PEPTIDE1,1:R1-7:R2$$$",-5.19200000,ok,,flexible
"PEPTIDE1{meA.meL.P.I.dL.dL.Ser(tBu)}$PEPTIDE1,PEPTIDE1,1:R1-7:R2$$$",-5.32200000,ok,,flexible
"PEPTIDE1{Me_dA.meA.meL.dP.P.Me_Abu.T}$PEPTIDE1,PEPTIDE1,1:R1-7:R2$$$",-6.90300000,ok,,flexible
"PEPTIDE1{meA.Ser(tBu).L.P.F.dL.dP}$PEPTIDE1,PEPTIDE1,1:R1-7:R2$$$",-5.82700000,ok,,flexible
"PEPTIDE1{Me_dA.meL.dP.T.Ser(tBu).meA.P}$PEPTIDE1,PEPTIDE1,1:R1-7:R2$$$",-6.41600000,ok,,flexible
"PEPTIDE1{Pr_Gly.Mono84.pentyl_Gly.Me_Nle.T.meL.dL}$PEPTIDE1,PEPTIDE1,1:R1-7:R2$$$",-5.14200000,ok,,flexible
"PEPTIDE1{dA.A.L.Ser(tBu).T.dP.dL}$PEPTIDE1,PEPTIDE1,1:R1-7:R2$$$",-6.02300000,ok,,flexible
"PEPTIDE1{dV.meL.dP.P.T.meA.dP}$PEPTIDE1,PEPTIDE1,1:R1-7:R2$$$",-6.13400000,ok,,flexible
"PEPTIDE1{Pr_Gly.I.P.meL.F.L.meA}$PEPTIDE1,PEPTIDE1,1:R1-7:R2$$$",-5.83400000,ok,,flexible
"PEPTIDE1{Pr_Gly.Me_dL.A.Et_Gly.L.T.meL}$PEPTIDE1,PEPTIDE1,1:R1-7:R2$$$",-5.46900000,ok,,flexible
"PEPTIDE1{Me_Bal.dP.F.T.T.dL.Me_dL}$PEPTIDE1,PEPTIDE1,1:R1-7:R2$$$",-6.52800000,ok,,flexible
"PEPTIDE1{Pr_Gly.P.V.F.D.meA.Me_dL}$PEPTIDE1,PEPTIDE1,1:R1-7:R2$$$",-5.54800000,ok,,flexible
"PEPTIDE1{dV.Mono38.3Pal.Ser(tBu).Mono84.L.P}$PEPTIDE1,PEPTIDE1,1:R1-7:R2$$$",-5.59400000,ok,,flexible
"PEPTIDE1{meA.D.L.Sar.Me_dL.dP.F}$PEPTIDE1,PEPTIDE1,1:R1-7:R2$$$",-5.79300000,ok,,flexible
"PEPTIDE1{P.pentyl_Gly.dL.T.Nle.Mono2.Ser(tBu)}$PEPTIDE1,PEPTIDE1,1:R1-7:R2$$$",-5.48500000,ok,,flexible
"PEPTIDE1{Sar.P.T.F.F.L.D}$PEPTIDE1,PEPTIDE1,1:R1-7:R2$$$",-5.95600000,ok,,flexible
"PEPTIDE1{dA.T.dP.P.meL.Ser(tBu).Me_dL}$PEPTIDE1,PEPTIDE1,1:R1-7:R2$$$",-5.53300000,ok,,flexible
"PEPTIDE1{dF.dL.Et_Gly.L.Me_Phe(3-Cl).meL.Mono86}$PEPTIDE1,PEPTIDE1,1:R1-7:R2$$$",-5.89800000,ok,,flexible
"PEPTIDE1{Pr_Gly.Me_dL.V.T.Sar.T.F}$PEPTIDE1,PEPTIDE1,1:R1-7:R2$$$",-6.42300000,ok,,flexible
"PEPTIDE1{Me_Bal.F.meL.meA.dP.P.T}$PEPTIDE1,PEPTIDE1,1:R1-7:R2$$$",-6.86700000,ok,,flexible
"PEPTIDE1{Me_Bal.pentyl_Gly.Me_Phe(3-Cl).Et_Gly.Me_dL.dL.V}$PEPTIDE1,PEPTIDE1,1:R1-7:R2$$$",-5.25500000,ok,,flexible
"PEPTIDE1{dA.meL.G.Ser(tBu).P.dP.dP}$PEPTIDE1,PEPTIDE1,1:R1-7:R2$$$",-6.43600000,ok,,flexible
"PEPTIDE1{Sar.pentyl_Gly.Me_Nle.Mono38.Mono86.T.Mono84}$PEPTIDE1,PEPTIDE1,1:R1-7:R2$$$",-5.67700000,ok,,flexible
"PEPTIDE1{meA.Me_dL.meL.P.dP.Bn_Gly.L}$PEPTIDE1,PEPTIDE1,1:R1-7:R2$$$",-5.58600000,ok,,flexible
"PEPTIDE1{dA.dP.F.Ser(tBu).L.meL.P}$PEPTIDE1,PEPTIDE1,1:R1-7:R2$$$",-5.67800000,ok,,flexible
"PEPTIDE1{F.pentyl_Gly.Ser(tBu).dP.T.L.P}$PEPTIDE1,PEPTIDE1,1:R1-7:R2$$$",-5.78200000,ok,,flexible
"PEPTIDE1{Me_dA.F.meA.Me_dL.Ser(tBu).T.T}$PEPTIDE1,PEPTIDE1,1:R1-7:R2$$$",-5.58500000,ok,,flexible
"PEPTIDE1{meA.meL.A.A.Me_dA.dA.L}$PEPTIDE1,PEPTIDE1,1:R1-7:R2$$$",-6.20900000,ok,,flexible
"PEPTIDE1{A.F.T.dP.Mono84.L.meI}$PEPTIDE1,PEPTIDE1,1:R1-7:R2$$$",-6.22000000,ok,,flexible
"PEPTIDE1{Me_dA.Pr_Gly.dL.A.meL.Mono7.Me_dL}$PEPTIDE1,PEPTIDE1,1:R1-7:R2$$$",-5.70300000,ok,,flexible
"PEPTIDE1{A.dP.P.F.T.meL.meL}$PEPTIDE1,PEPTIDE1,1:R1-7:R2$$$",-6.60600000,ok,,flexible
"PEPTIDE1{P.dPye.Me_dL.dF.dL.meA.dP}$PEPTIDE1,PEPTIDE1,1:R1-7:R2$$$",-6.41000000,ok,,flexible
"PEPTIDE1{meA.dP.dP.T.P.meL.T}$PEPTIDE1,PEPTIDE1,1:R1-7:R2$$$",-6.76100000,ok,,flexible
"PEPTIDE1{dP.A.Me_dL.F.meA.L.P}$PEPTIDE1,PEPTIDE1,1:R1-7:R2$$$",-6.04700000,ok,,flexible
"PEPTIDE1{A.Me_dL.A.T.P.dV.Me_dL}$PEPTIDE1,PEPTIDE1,1:R1-7:R2$$$",-5.93000000,ok,,flexible
"PEPTIDE1{meA.P.Me_dL.Me_dA.Pr_Gly.dA.P}$PEPTIDE1,PEPTIDE1,1:R1-7:R2$$$",-6.42600000,ok,,flexible
"PEPTIDE1{dA.G.meA.P.meL.meF.L}$PEPTIDE1,PEPTIDE1,1:R1-7:R2$$$",-6.21600000,ok,,flexible
"PEPTIDE1{Sar.dP.T.F.P.meL.L}$PEPTIDE1,PEPTIDE1,1:R1-7:R2$$$",-6.39600000,ok,,flexible
"PEPTIDE1{dF.P.dP.T.dP.meL.meA}$PEPTIDE1,PEPTIDE1,1:R1-7:R2$$$",-6.74300000,ok,,flexible
"PEPTIDE1{Me_dA.A.Mono84.Et_Gly.L.T.Ser(tBu)}$PEPTIDE1,PEPTIDE1,1:R1-7:R2$$$",-6.11300000,ok,,flexible
"PEPTIDE1{meA.pentyl_Gly.cHexCH2_Gly.Mono38.Mono86.L.T}$PEPTIDE1,PEPTIDE1,1:R1-7:R2$$$",-5.93100000,ok,,flexible
"PEPTIDE1{Me_dA.Me_dL.Me_dA.Me_dL.dP.meL.T}$PEPTIDE1,PEPTIDE1,1:R1-7:R2$$$",-5.90000000,ok,,flexible
"PEPTIDE1{Me_dA.L.meL.Pr_Gly.T.dA.A}$PEPTIDE1,PEPTIDE1,1:R1-7:R2$$$",-5.62100000,ok,,flexible
"PEPTIDE1{dA.Ser(tBu).L.pentyl_Gly.dL.Nle.T}$PEPTIDE1,PEPTIDE1,1:R1-7:R2$$$",-4.67600000,ok,,flexible
"PEPTIDE1{A.meL.F.Sar.dP.pentyl_Gly.meA}$PEPTIDE1,PEPTIDE1,1:R1-7:R2$$$",-6.36700000,ok,,flexible
"PEPTIDE1{Me_dA.dP.P.T.dP.Ser(tBu).L}$PEPTIDE1,PEPTIDE1,1:R1-7:R2$$$",-6.65000000,ok,,flexible
"PEPTIDE1{Sar.meA.cHexCH2_Gly.Me_Nle.Ser(tBu).L.T}$PEPTIDE1,PEPTIDE1,1:R1-7:R2$$$",-5.42700000,ok,,flexible
"PEPTIDE1{dA.dP.T.T.A.meL.dL}$PEPTIDE1,PEPTIDE1,1:R1-7:R2$$$",-5.98300000,ok,,flexible
"PEPTIDE1{dA.A.L.Ser(tBu).I.Mono84.L}$PEPTIDE1,PEPTIDE1,1:R1-7:R2$$$",-5.67900000,ok,,flexible
"PEPTIDE1{A.Pr_Gly.T.dL.Me_dL.P.Ser(tBu)}$PEPTIDE1,PEPTIDE1,1:R1-7:R2$$$",-5.29600000,ok,,flexible
"PEPTIDE1{L.Mono38.I.Mono84.dL.meF.D}$PEPTIDE1,PEPTIDE1,1:R1-7:R2$$$",-6.06700000,ok,,flexible
"PEPTIDE1{Me_dA.meL.T.meA.P.Ser(tBu).I}$PEPTIDE1,PEPTIDE1,1:R1-7:R2$$$",-5.86300000,ok,,flexible
"PEPTIDE1{Mono6.L.meL.meL.dL.meY.P}$PEPTIDE1,PEPTIDE1,1:R1-7:R2$$$",-5.76400000,ok,,flexible
"PEPTIDE1{Me_dA.Ser(tBu).dP.meL.meL.P.T}$PEPTIDE1,PEPTIDE1,1:R1-7:R2$$$",-5.80600000,ok,,flexible
"PEPTIDE1{Me_dA.Mono38.P.T.L.Ser(tBu).T}$PEPTIDE1,PEPTIDE1,1:R1-7:R2$$$",-5.92800000,ok,,flexible
"PEPTIDE1{Pr_Gly.dA.Me_dL.T.dF.meL.meY}$PEPTIDE1,PEPTIDE1,1:R1-7:R2$$$",-6.00900000,ok,,flexible
"PEPTIDE1{Me_dA.cHexCH2_Gly.Mono38.P.Ser(tBu).L.Me_dL}$PEPTIDE1,PEPTIDE1,1:R1-7:R2$$$",-5.34600000,ok,,flexible
"PEPTIDE1{A.Me_dL.T.dL.L.meF.I}$PEPTIDE1,PEPTIDE1,1:R1-7:R2$$$",-5.55000000,ok,,flexible
"PEPTIDE1{A.pentyl_Gly.Ser(tBu).meA.L.F.dL}$PEPTIDE1,PEPTIDE1,1:R1-7:R2$$$",-4.97700000,ok,,flexible
"PEPTIDE1{A.G.Me_dL.meL.dP.F.T}$PEPTIDE1,PEPTIDE1,1:R1-7:R2$$$",-5.81800000,ok,,flexible
"PEPTIDE1{Mono6.meA.T.meL.Me_dA.Me_dL.Me_Abu}$PEPTIDE1,PEPTIDE1,1:R1-7:R2$$$",-5.60700000,ok,,flexible
"PEPTIDE1{Me_dA.meA.Pr_Gly.Me_dL.F.L.P}$PEPTIDE1,PEPTIDE1,1:R1-7:R2$$$",-5.49300000,ok,,flexible
"PEPTIDE1{Me_Bal.T.L.meL.V.meV.Ser(tBu)}$PEPTIDE1,PEPTIDE1,1:R1-7:R2$$$",-5.45800000,ok,,flexible
"PEPTIDE1{Me_Bal.Me_dL.dP.T.P.meL.V}$PEPTIDE1,PEPTIDE1,1:R1-7:R2$$$",-6.02600000,ok,,flexible
"PEPTIDE1{Pr_Gly.pentyl_Gly.L.meL.Ser(tBu).T.Et_Gly}$PEPTIDE1,PEPTIDE1,1:R1-7:R2$$$",-5.12500000,ok,,flexible
"PEPTIDE1{Mono6.Me_dL.Mono12.L.dP.dP.meL}$PEPTIDE1,PEPTIDE1,1:R1-7:R2$$$",-6.53300000,ok,,flexible
"PEPTIDE1{A.Me_dAbu.Me_dL.L.L.meI.meA}$PEPTIDE1,PEPTIDE1,1:R1-7:R2$$$",-5.07000000,ok,,flexible
"PEPTIDE1{Sar.Mono38.T.meL.P.dP.P}$PEPTIDE1,PEPTIDE1,1:R1-7:R2$$$",-6.64600000,ok,,flexible
"PEPTIDE1{dA.T.meL.V.L.F.meA}$PEPTIDE1,PEPTIDE1,1:R1-7:R2$$$",-5.31600000,ok,,flexible
"PEPTIDE1{Me_dA.cHexCH2_Gly.P.T.Mono84.dP.L}$PEPTIDE1,PEPTIDE1,1:R1-7:R2$$$",-7.12600000,ok,,flexible
"PEPTIDE1{Me_dA.Mono38.Mono84.T.L.I.Mono86}$PEPTIDE1,PEPTIDE1,1:R1-7:R2$$$",-6.10900000,ok,,flexible
"PEPTIDE1{Me_Bal.meL.meL.dL.L.Me_dA.T}$PEPTIDE1,PEPTIDE1,1:R1-7:R2$$$",-5.22600000,ok,,flexible
"PEPTIDE1{A.P.P.Me_dL.Mono86.3Pal.T}$PEPTIDE1,PEPTIDE1,1:R1-7:R2$$$",-6.47800000,ok,,flexible
"PEPTIDE1{meA.F.dP.Ser(tBu).P.L.Mono84}$PEPTIDE1,PEPTIDE1,1:R1-7:R2$$$",-6.66500000,ok,,flexible
"PEPTIDE1{dA.dPye.G.Me_dL.meL.L.meA}$PEPTIDE1,PEPTIDE1,1:R1-7:R2$$$",-5.97600000,ok,,flexible
"PEPTIDE1{dF.meA.P.P.Nle.dP.T}$PEPTIDE1,PEPTIDE1,1:R1-7:R2$$$",-5.99500000,ok,,flexible
"PEPTIDE1{meA.P.T.P.T.meL.L}$PEPTIDE1,PEPTIDE1,1:R1-7:R2$$$",-6.41100000,ok,,flexible
"PEPTIDE1{A.Pr_Gly.meL.Ser(tBu).3Pal.Cha.dL}$PEPTIDE1,PEPTIDE1,1:R1-7:R2$$$",-5.12800000,ok,,flexible
"PEPTIDE1{Pr_Gly.meL.pentyl_Gly.T.P.meL.dP}$PEPTIDE1,PEPTIDE1,1:R1-7:R2$$$",-5.61900000,ok,,flexible
"PEPTIDE1{Me_Bal.G.F.dF.Ser(tBu).A.P}$PEPTIDE1,PEPTIDE1,1:R1-7:R2$$$",-6.58700000,ok,,flexible
"PEPTIDE1{Pr_Gly.meL.dL.Ser(tBu).P.Me_Nle.Me_dL}$PEPTIDE1,PEPTIDE1,1:R1-7:R2$$$",-5.37300000,ok,,flexible
"PEPTIDE1{Me_Bal.meA.dF.dP.Me_dL.F.dA}$PEPTIDE1,PEPTIDE1,1:R1-7:R2$$$",-6.60200000,ok,,flexible
"PEPTIDE1{Mono6.Mono38.meL.P.dP.Me_Phe(3-Cl).Ser(tBu)}$PEPTIDE1,PEPTIDE1,1:R1-7:R2$$$",-6.40800000,ok,,flexible
"PEPTIDE1{Sar.pentyl_Gly.L.G.Nle.P.I}$PEPTIDE1,PEPTIDE1,1:R1-7:R2$$$",-5.28400000,ok,,flexible
"PEPTIDE1{Pr_Gly.Mono38.F.meF.L.Me_Phe(3-Cl).meL}$PEPTIDE1,PEPTIDE1,1:R1-7:R2$$$",-5.00500000,ok,,flexible
"PEPTIDE1{meL.Me_dA.meF.P.P.Me_dL.Sar}$PEPTIDE1,PEPTIDE1,1:R1-7:R2$$$",-6.25000000,ok,,flexible
"PEPTIDE1{Mono6.Pr_Gly.meA.L.meL.Me_dA.dP}$PEPTIDE1,PEPTIDE1,1:R1-7:R2$$$",-5.59100000,ok,,flexible
"PEPTIDE1{F.Me_dA.Me_dL.meL.dP.L.Me_dL}$PEPTIDE1,PEPTIDE1,1:R1-7:R2$$$",-5.22800000,ok,,flexible
"PEPTIDE1{F.Mono38.P.Me_Nle.meL.meF.meA}$PEPTIDE1,PEPTIDE1,1:R1-7:R2$$$",-5.51900000,ok,,flexible
"PEPTIDE1{Mono6.Me_dL.dP.meL.T.L.meL}$PEPTIDE1,PEPTIDE1,1:R1-7:R2$$$",-5.94500000,ok,,flexible
"PEPTIDE1{meA.meS.meL.T.A.dP.L}$PEPTIDE1,PEPTIDE1,1:R1-7:R2$$$",-5.97200000,ok,,flexible
"PEPTIDE1{dV.meA.dP.meL.F.P.Me_dL}$PEPTIDE1,PEPTIDE1,1:R1-7:R2$$$",-6.04200000,ok,,flexible
"PEPTIDE1{A.Mono38.P.meL.F.meF.dL}$PEPTIDE1,PEPTIDE1,1:R1-7:R2$$$",-5.35000000,ok,,flexible
"PEPTIDE1{meA.Mono38.meL.Me_Nle.F.Ser(tBu).P}$PEPTIDE1,PEPTIDE1,1:R1-7:R2$$$",-5.79600000,ok,,flexible
"PEPTIDE1{dF.I.Et_Gly.Mono11.meL.Ser(tBu).dP}$PEPTIDE1,PEPTIDE1,1:R1-7:R2$$$",-5.38000000,ok,,flexible
"PEPTIDE1{dF.Me_Nle.meF.L.dP.Nle.meL}$PEPTIDE1,PEPTIDE1,1:R1-7:R2$$$",-5.63300000,ok,,flexible
"PEPTIDE1{meA.P.dL.L.G.dP.meL}$PEPTIDE1,PEPTIDE1,1:R1-7:R2$$$",-6.60200000,ok,,flexible
"PEPTIDE1{Me_dA.meA.P.Me_dL.dP.meL.Me_dL}$PEPTIDE1,PEPTIDE1,1:R1-7:R2$$$",-5.84600000,ok,,flexible
"PEPTIDE1{F.L.meL.T.A.meL.Me_Phe(3-Cl)}$PEPTIDE1,PEPTIDE1,1:R1-7:R2$$$",-5.46300000,ok,,flexible
"PEPTIDE1{meA.A.G.P.Mono86.Bn_Gly.dL}$PEPTIDE1,PEPTIDE1,1:R1-7:R2$$$",-6.36800000,ok,,flexible
"PEPTIDE1{meA.Ser(tBu).P.Me_dL.T.meL.meL}$PEPTIDE1,PEPTIDE1,1:R1-7:R2$$$",-5.47500000,ok,,flexible
"PEPTIDE1{meA.meA.meF.Me_dA.Me_dL.dL.meI}$PEPTIDE1,PEPTIDE1,1:R1-7:R2$$$",-5.77200000,ok,,flexible
"PEPTIDE1{Mono6.meA.meL.P.T.meL.meF}$PEPTIDE1,PEPTIDE1,1:R1-7:R2$$$",-6.45000000,ok,,flexible
"PEPTIDE1{Me_dA.meA.L.F.Me_dL.pentyl_Gly.G}$PEPTIDE1,PEPTIDE1,1:R1-7:R2$$$",-5.27200000,ok,,flexible
"PEPTIDE1{dF.meL.T.T.meL.dP.Me_dA}$PEPTIDE1,PEPTIDE1,1:R1-7:R2$$$",-6.56600000,ok,,flexible
"PEPTIDE1{Mono6.Aoc(2).meL.meF.I.A.T}$PEPTIDE1,PEPTIDE1,1:R1-7:R2$$$",-5.22300000,ok,,flexible
"PEPTIDE1{Me_Bal.meA.dP.F.Me_dL.L.meL}$PEPTIDE1,PEPTIDE1,1:R1-7:R2$$$",-6.45000000,ok,,flexible
"PEPTIDE1{A.P.Me_dL.dL.Me_dL.T.dL}$PEPTIDE1,PEPTIDE1,1:R1-7:R2$$$",-5.84700000,ok,,flexible
"PEPTIDE1{meF.Mono38.T.A.L.meL.Mono100}$PEPTIDE1,PEPTIDE1,1:R1-7:R2$$$",-5.68800000,ok,,flexible
"PEPTIDE1{Me_dA.meY.Me_dL.T.meA.meL.Sar}$PEPTIDE1,PEPTIDE1,1:R1-7:R2$$$",-5.98800000,ok,,flexible
"PEPTIDE1{A.dP.Me_dAbu.meL.T.T.Mono78}$PEPTIDE1,PEPTIDE1,1:R1-7:R2$$$",-6.46200000,ok,,flexible
"PEPTIDE1{Pr_Gly.A.Ser(tBu).T.meL.I.P}$PEPTIDE1,PEPTIDE1,1:R1-7:R2$$$",-5.82700000,ok,,flexible
"PEPTIDE1{Me_Bal.T.meA.meL.Me_dL.G.meL}$PEPTIDE1,PEPTIDE1,1:R1-7:R2$$$",-6.01600000,ok,,flexible
"PEPTIDE1{meL.meA.P.T.L.meL.dP}$PEPTIDE1,PEPTIDE1,1:R1-7:R2$$$",-6.19400000,ok,,flexible
"PEPTIDE1{L.meF.dF.T.T.dL.P}$PEPTIDE1,PEPTIDE1,1:R1-7:R2$$$",-5.84600000,ok,,flexible
"PEPTIDE1{dA.P.Pr_Gly.Me_dA.F.A.L}$PEPTIDE1,PEPTIDE1,1:R1-7:R2$$$",-6.58700000,ok,,flexible
"PEPTIDE1{Mono6.meF.Sar.L.dP.P.Asp_piperidide}$PEPTIDE1,PEPTIDE1,1:R1-7:R2$$$",-6.67800000,ok,,flexible
"PEPTIDE1{dV.meA.P.dP.T.L.F}$PEPTIDE1,PEPTIDE1,1:R1-7:R2$$$",-6.42000000,ok,,flexible
"PEPTIDE1{Pr_Gly.meL.Me_dA.P.T.Me_dL.Me_dL}$PEPTIDE1,PEPTIDE1,1:R1-7:R2$$$",-5.30700000,ok,,flexible
"PEPTIDE1{dF.Me_dA.meL.meL.I.Mono7.meA}$PEPTIDE1,PEPTIDE1,1:R1-7:R2$$$",-5.81300000,ok,,flexible
"PEPTIDE1{dF.meA.Me_dA.dL.meY.L.dP}$PEPTIDE1,PEPTIDE1,1:R1-7:R2$$$",-6.26000000,ok,,flexible
"PEPTIDE1{meA.Me_dA.L.dP.Ser(tBu).P.T}$PEPTIDE1,PEPTIDE1,1:R1-7:R2$$$",-5.86600000,ok,,flexible
"PEPTIDE1{dV.L.Me_dAbu.meF.F.Me_dL.Mono7}$PEPTIDE1,PEPTIDE1,1:R1-7:R2$$$",-5.74600000,ok,,flexible
"PEPTIDE1{dP.meA.Ser(tBu).Asp_piperidide.P.L.dL}$PEPTIDE1,PEPTIDE1,1:R1-7:R2$$$",-6.54800000,ok,,flexible
"PEPTIDE1{Me_dA.cHexCH2_Gly.A.T.Me_Phe(3-Cl).Mono100.Me_Nle}$PEPTIDE1,PEPTIDE1,1:R1-7:R2$$$",-6.95000000,ok,,flexible
"PEPTIDE1{F.cHexCH2_Gly.L.T.Nle.P.P}$PEPTIDE1,PEPTIDE1,1:R1-7:R2$$$",-5.34000000,ok,,flexible
"PEPTIDE1{A.dL.T.meL.T.meI.meA}$PEPTIDE1,PEPTIDE1,1:R1-7:R2$$$",-5.67400000,ok,,flexible
"PEPTIDE1{A.meL.dP.Sar.T.Me_Abu.Mono86}$PEPTIDE1,PEPTIDE1,1:R1-7:R2$$$",-6.59000000,ok,,flexible
"PEPTIDE1{Pr_Gly.Me_dL.meL.Me_dA.A.Ser(tBu).F}$PEPTIDE1,PEPTIDE1,1:R1-7:R2$$$",-5.82700000,ok,,flexible
"PEPTIDE1{dA.V.meL.dP.T.L.L}$PEPTIDE1,PEPTIDE1,1:R1-7:R2$$$",-5.93300000,ok,,flexible
"PEPTIDE1{Me_Bal.Me_dL.meA.T.A.F.L}$PEPTIDE1,PEPTIDE1,1:R1-7:R2$$$",-5.95900000,ok,,flexible
"PEPTIDE1{A.cHexCH2_Gly.G.T.I.dL.Mono86}$PEPTIDE1,PEPTIDE1,1:R1-7:R2$$$",-6.04500000,ok,,flexible
"PEPTIDE1{dF.F.dP.T.I.Mono84.Asp_piperidide}$PEPTIDE1,PEPTIDE1,1:R1-7:R2$$$",-5.54100000,ok,,flexible
"PEPTIDE1{Mono6.cHexCH2_Gly.Mono84.L.Ser(tBu).meL.Ser(tBu)}$PEPTIDE1,PEPTIDE1,1:R1-7:R2$$$",-6.17600000,ok,,flexible
"PEPTIDE1{dV.meA.meL.P.L.Me_dA.A}$PEPTIDE1,PEPTIDE1,1:R1-7:R2$$$",-5.87000000,ok,,flexible
"PEPTIDE1{meA.P.T.dL.meL.dP.L}$PEPTIDE1,PEPTIDE1,1:R1-7:R2$$$",-6.00200000,ok,,flexible
"PEPTIDE1{Me_dA.dPye.L.P.Ser(tBu).I.A}$PEPTIDE1,PEPTIDE1,1:R1-7:R2$$$",-5.33400000,ok,,flexible
"PEPTIDE1{F.cHexCH2_Gly.Bn_Gly.T.meI.meL.dL}$PEPTIDE1,PEPTIDE1,1:R1-7:R2$$$",-5.46300000,ok,,flexible
"PEPTIDE1{P.G.meL.Ser(tBu).L.dV.meA}$PEPTIDE1,PEPTIDE1,1:R1-7:R2$$$",-6.50300000,ok,,flexible
"PEPTIDE1{F.T.meA.P.dP.meL.T}$PEPTIDE1,PEPTIDE1,1:R1-7:R2$$$",-7.29900000,ok,,flexible
"PEPTIDE1{meA.I.meF.T.L.P.P}$PEPTIDE1,PEPTIDE1,1:R1-7:R2$$$",-6.19300000,ok,,flexible
"PEPTIDE1{Sar.P.meL.L.dL.Me_dL.Nle}$PEPTIDE1,PEPTIDE1,1:R1-7:R2$$$",-5.04800000,ok,,flexible
"PEPTIDE1{F.Bn_Gly.pentyl_Gly.T.I.Nle.L}$PEPTIDE1,PEPTIDE1,1:R1-7:R2$$$",-5.00000000,ok,,flexible
"PEPTIDE1{Me_Bal.Pr_Gly.dL.meA.meF.meL.Me_dL}$PEPTIDE1,PEPTIDE1,1:R1-7:R2$$$",-5.42400000,ok,,flexible
"PEPTIDE1{Me_dA.Me_dL.Me_Abu.dP.meL.P.L}$PEPTIDE1,PEPTIDE1,1:R1-7:R2$$$",-5.97300000,ok,,flexible
"PEPTIDE1{Me_Bal.V.meA.T.pentyl_Gly.L.I}$PEPTIDE1,PEPTIDE1,1:R1-7:R2$$$",-6.07000000,ok,,flexible
"PEPTIDE1{A.dP.meA.dL.L.T.Ser(tBu)}$PEPTIDE1,PEPTIDE1,1:R1-7:R2$$$",-6.36600000,ok,,flexible
"PEPTIDE1{Pr_Gly.Et_Gly.Mono11.F.I.L.P}$PEPTIDE1,PEPTIDE1,1:R1-7:R2$$$",-5.06900000,ok,,flexible
"PEPTIDE1{Me_dA.T.meY.meA.Me_dL.dP.Me_dL}$PEPTIDE1,PEPTIDE1,1:R1-7:R2$$$",-6.42000000,ok,,flexible
"PEPTIDE1{P.Me_dA.L.F.meL.V.Me_dL}$PEPTIDE1,PEPTIDE1,1:R1-7:R2$$$",-6.13400000,ok,,flexible
"PEPTIDE1{Me_dA.P.meA.meL.meI.L.T}$PEPTIDE1,PEPTIDE1,1:R1-7:R2$$$",-5.56900000,ok,,flexible
"PEPTIDE1{P.meA.L.A.Me_Phe(3-Cl).F.Me_dL}$PEPTIDE1,PEPTIDE1,1:R1-7:R2$$$",-5.98300000,ok,,flexible
"PEPTIDE1{dV.meA.I.P.dP.P.T}$PEPTIDE1,PEPTIDE1,1:R1-7:R2$$$",-6.35800000,ok,,flexible
"PEPTIDE1{meA.meF.A.meI.L.T.T}$PEPTIDE1,PEPTIDE1,1:R1-7:R2$$$",-6.28100000,ok,,flexible
"PEPTIDE1{Me_Bal.meF.T.A.dP.P.I}$PEPTIDE1,PEPTIDE1,1:R1-7:R2$$$",-7.03900000,ok,,flexible
"PEPTIDE1{Me_dA.Sar.Me_dL.dP.meL.L.P}$PEPTIDE1,PEPTIDE1,1:R1-7:R2$$$",-6.22100000,ok,,flexible
"PEPTIDE1{dV.Me_dL.Me_dA.meF.L.T.Me_Abu}$PEPTIDE1,PEPTIDE1,1:R1-7:R2$$$",-6.39000000,ok,,flexible
"PEPTIDE1{dV.meS.D.P.L.meL.T}$PEPTIDE1,PEPTIDE1,1:R1-7:R2$$$",-5.54300000,ok,,flexible
"PEPTIDE1{dA.Pr_Gly.Me_dL.dL.L.I.meA}$PEPTIDE1,PEPTIDE1,1:R1-7:R2$$$",-5.18500000,ok,,flexible
"PEPTIDE1{Me_dA.Me_Nle.pentyl_Gly.P.Mono38.P.T}$PEPTIDE1,PEPTIDE1,1:R1-7:R2$$$",-5.58300000,ok,,flexible
"PEPTIDE1{Pr_Gly.P.Me_Abu.Mono84.dL.meI.dP}$PEPTIDE1,PEPTIDE1,1:R1-7:R2$$$",-5.85000000,ok,,flexible
"PEPTIDE1{Me_dA.P.F.Me_dL.T.L.T}$PEPTIDE1,PEPTIDE1,1:R1-7:R2$$$",-6.64600000,ok,,flexible
"PEPTIDE1{Me_Bal.Me_dL.dF.dP.meA.Sar.Me_dA}$PEPTIDE1,PEPTIDE1,1:R1-7:R2$$$",-7.47500000,ok,,flexible
"PEPTIDE1{dA.Pr_Gly.meL.Me_dL.T.L.dP}$PEPTIDE1,PEPTIDE1,1:R1-7:R2$$$",-5.55100000,ok,,flexible
"PEPTIDE1{Me_dA.meS.T.T.P.meL.L}$PEPTIDE1,PEPTIDE1,1:R1-7:R2$$$",-5.87900000,ok,,flexible
"PEPTIDE1{Mono6.P.Me_Phe(3-Cl).dP.Mono86.I.L}$PEPTIDE1,PEPTIDE1,1:R1-7:R2$$$",-5.82900000,ok,,flexible
"PEPTIDE1{dA.T.T.meL.Me_dL.meL.P}$PEPTIDE1,PEPTIDE1,1:R1-7:R2$$$",-5.50500000,ok,,flexible
"PEPTIDE1{dA.Pr_Gly.F.L.P.dP.meL}$PEPTIDE1,PEPTIDE1,1:R1-7:R2$$$",-6.00600000,ok,,flexible
"PEPTIDE1{F.Asp_piperidide.T.dP.Me_Phe(3-Cl).dL.Ser(tBu)}$PEPTIDE1,PEPTIDE1,1:R1-7:R2$$$",-6.03900000,ok,,flexible
"PEPTIDE1{Sar.L.Me_Nle.pentyl_Gly.Ser(tBu).dP.cHexCH2_Gly}$PEPTIDE1,PEPTIDE1,1:R1-7:R2$$$",-5.59600000,ok,,flexible
"PEPTIDE1{Sar.Me_dL.T.P.V.P.T}$PEPTIDE1,PEPTIDE1,1:R1-7:R2$$$",-6.52700000,ok,,flexible
"PEPTIDE1{Me_Bal.Pr_Gly.A.Ser(tBu).Ser(tBu).meL.meF}$PEPTIDE1,PEPTIDE1,1:R1-7:R2$$$",-5.37100000,ok,,flexible
"PEPTIDE1{Me_Bal.Mono38.Mono84.Mono84.dP.Ser(tBu).dL}$PEPTIDE1,PEPTIDE1,1:R1-7:R2$$$",-6.21300000,ok,,flexible
"PEPTIDE1{F.L.P.dL.Me_dL.dA.Ser(tBu)}$PEPTIDE1,PEPTIDE1,1:R1-7:R2$$$",-5.50300000,ok,,flexible
"PEPTIDE1{A.Ser(tBu).dP.cHexCH2_Gly.L.Mono86.Mono84}$PEPTIDE1,PEPTIDE1,1:R1-7:R2$$$",-5.62100000,ok,,flexible
"PEPTIDE1{dV.dP.P.Me_dL.L.L.V}$PEPTIDE1,PEPTIDE1,1:R1-7:R2$$$",-6.04700000,ok,,flexible
"PEPTIDE1{Me_dA.T.T.Ser(tBu).F.Ser(tBu).H}$PEPTIDE1,PEPTIDE1,1:R1-7:R2$$$",-4.85400000,ok,,flexible
"PEPTIDE1{dV.A.meL.T.T.L.F}$PEPTIDE1,PEPTIDE1,1:R1-7:R2$$$",-5.71200000,ok,,flexible
"PEPTIDE1{dA.meA.T.Me_dL.Me_dL.dL.P}$PEPTIDE1,PEPTIDE1,1:R1-7:R2$$$",-6.38500000,ok,,flexible
"PEPTIDE1{F.Pr_Gly.Me_Phe(3-Cl).L.dL.dF.Ser(tBu)}$PEPTIDE1,PEPTIDE1,1:R1-7:R2$$$",-5.14000000,ok,,flexible
"PEPTIDE1{A.Pr_Gly.meA.L.meL.meF.V}$PEPTIDE1,PEPTIDE1,1:R1-7:R2$$$",-5.19800000,ok,,flexible
"PEPTIDE1{A.P.meL.meV.Pr_Gly.Me_dL.Ser(tBu)}$PEPTIDE1,PEPTIDE1,1:R1-7:R2$$$",-5.50600000,ok,,flexible
"PEPTIDE1{L.Me_dL.meL.P.meV.dP.G}$PEPTIDE1,PEPTIDE1,1:R1-7:R2$$$",-5.58700000,ok,,flexible
"PEPTIDE1{Me_dA.Me_Nle.A.dL.meL.Me_Phe(3-Cl).I}$PEPTIDE1,PEPTIDE1,1:R1-7:R2$$$",-5.42300000,ok,,flexible
"PEPTIDE1{F.A.Ser(tBu).dP.P.Mono84.L}$PEPTIDE1,PEPTIDE1,1:R1-7:R2$$$",-6.78400000,ok,,flexible
"PEPTIDE1{meA.Me_dA.Ser(tBu).dF.T.P.T}$PEPTIDE1,PEPTIDE1,1:R1-7:R2$$$",-6.18300000,ok,,flexible
"PEPTIDE1{meA.P.meL.P.F.T.Me_dL}$PEPTIDE1,PEPTIDE1,1:R1-7:R2$$$",-6.42000000,ok,,flexible
"PEPTIDE1{Sar.A.meA.Me_dL.T.meL.Mono2}$PEPTIDE1,PEPTIDE1,1:R1-7:R2$$$",-6.03600000,ok,,flexible
"PEPTIDE1{Pr_Gly.Mono38.P.meL.meI.I.dP}$PEPTIDE1,PEPTIDE1,1:R1-7:R2$$$",-5.94800000,ok,,flexible
"PEPTIDE1{Sar.dP.dP.P.Ser(tBu).meA.Bn_Gly}$PEPTIDE1,PEPTIDE1,1:R1-7:R2$$$",-5.99800000,ok,,flexible
"PEPTIDE1{meA.cHexCH2_Gly.pentyl_Gly.P.T.P.Me_Nle}$PEPTIDE1,PEPTIDE1,1:R1-7:R2$$$",-5.35800000,ok,,flexible
"PEPTIDE1{L.meF.meL.P.Mono84.T.L}$PEPTIDE1,PEPTIDE1,1:R1-7:R2$$$",-5.96200000,ok,,flexible
"PEPTIDE1{Pr_Gly.L.meS.P.A.meF.I}$PEPTIDE1,PEPTIDE1,1:R1-7:R2$$$",-6.59700000,ok,,flexible
"PEPTIDE1{Me_dA.A.meL.F.G.meA.meI}$PEPTIDE1,PEPTIDE1,1:R1-7:R2$$$",-6.60100000,ok,,flexible
"PEPTIDE1{P.Pr_Gly.F.T.Ser(tBu).meL.I}$PEPTIDE1,PEPTIDE1,1:R1-7:R2$$$",-5.43800000,ok,,flexible
"PEPTIDE1{dF.meL.Me_dL.Ser(tBu).P.L.P}$PEPTIDE1,PEPTIDE1,1:R1-7:R2$$$",-5.52500000,ok,,flexible
"PEPTIDE1{Mono6.Me_dL.Me_dA.meL.dL.dP.Me_Nle}$PEPTIDE1,PEPTIDE1,1:R1-7:R2$$$",-5.75900000,ok,,flexible
"PEPTIDE1{meL.meL.Me_dA.L.T.meA.F}$PEPTIDE1,PEPTIDE1,1:R1-7:R2$$$",-5.89100000,ok,,flexible
"PEPTIDE1{F.A.Bn_Gly.L.Mono86.Ser(tBu).T}$PEPTIDE1,PEPTIDE1,1:R1-7:R2$$$",-7.07900000,ok,,flexible
"PEPTIDE1{L.Me_dA.A.P.F.Ser(tBu).Me_dL}$PEPTIDE1,PEPTIDE1,1:R1-7:R2$$$",-6.03300000,ok,,flexible
"PEPTIDE1{F.dP.L.meL.dP.Ser(tBu).I}$PEPTIDE1,PEPTIDE1,1:R1-7:R2$$$",-5.94200000,ok,,flexible
"PEPTIDE1{A.dL.F.L.Me_dL.T.Me_dL}$PEPTIDE1,PEPTIDE1,1:R1-7:R2$$$",-5.59500000,ok,,flexible
"PEPTIDE1{dA.A.L.Pr_Gly.P.Me_dL.Me_dL}$PEPTIDE1,PEPTIDE1,1:R1-7:R2$$$",-5.66800000,ok,,flexible
"PEPTIDE1{meA.meA.P.Ser(tBu).Me_dL.T.P}$PEPTIDE1,PEPTIDE1,1:R1-7:R2$$$",-5.94100000,ok,,flexible
"PEPTIDE1{dA.L.dL.Me_dA.P.meA.meF}$PEPTIDE1,PEPTIDE1,1:R1-7:R2$$$",-6.16400000,ok,,flexible
"PEPTIDE1{Me_Bal.Me_Nle.Ser(tBu).P.Me_dL.A.dL}$PEPTIDE1,PEPTIDE1,1:R1-7:R2$$$",-5.71700000,ok,,flexible
"PEPTIDE1{Me_Bal.dF.A.pentyl_Gly.L.meL.L}$PEPTIDE1,PEPTIDE1,1:R1-7:R2$$$",-5.40300000,ok,,flexible
"PEPTIDE1{Sar.P.P.Me_dL.T.P.L}$PEPTIDE1,PEPTIDE1,1:R1-7:R2$$$",-6.69000000,ok,,flexible
"PEPTIDE1{Pr_Gly.Asp_piperidide.meL.dL.meA.A.P}$PEPTIDE1,PEPTIDE1,1:R1-7:R2$$$",-6.25600000,ok,,flexible
"PEPTIDE1{meA.Sar.Me_Abu.T.T.Ser(tBu).3Pal}$PEPTIDE1,PEPTIDE1,1:R1-7:R2$$$",-5.65700000,ok,,flexible
"PEPTIDE1{Me_Bal.meF.A.pentyl_Gly.pentyl_Gly.T.L}$PEPTIDE1,PEPTIDE1,1:R1-7:R2$$$",-5.11000000,ok,,flexible
"PEPTIDE1{dA.Me_dL.L.I.T.meL.L}$PEPTIDE1,PEPTIDE1,1:R1-7:R2$$$",-5.10300000,ok,,flexible
"PEPTIDE1{dV.T.dL.L.L.pentyl_Gly.Ser(tBu)}$PEPTIDE1,PEPTIDE1,1:R1-7:R2$$$",-5.01900000,ok,,flexible
"PEPTIDE1{dV.dPye.Ser(tBu).L.A.T.F}$PEPTIDE1,PEPTIDE1,1:R1-7:R2$$$",-5.51800000,ok,,flexible
"PEPTIDE1{Pr_Gly.A.F.T.Me_dL.meV.I}$PEPTIDE1,PEPTIDE1,1:R1-7:R2$$$",-4.97300000,ok,,flexible
"PEPTIDE1{Pr_Gly.dP.T.Me_dL.meL.meL.P}$PEPTIDE1,PEPTIDE1,1:R1-7:R2$$$",-5.66900000,ok,,flexible
"PEPTIDE1{F.meL.T.dP.P.meA.meL}$PEPTIDE1,PEPTIDE1,1:R1-7:R2$$$",-5.91900000,ok,,flexible
"PEPTIDE1{A.Me_dL.meL.P.T.meA.P}$PEPTIDE1,PEPTIDE1,1:R1-7:R2$$$",-6.14800000,ok,,flexible
"PEPTIDE1{Me_Bal.meF.meL.Ser(tBu).Me_dL.Me_Abu.meL}$PEPTIDE1,PEPTIDE1,1:R1-7:R2$$$",-5.60200000,ok,,flexible
"PEPTIDE1{Me_dA.pentyl_Gly.Me_Nle.Ser(tBu).T.Mono7.Mono84}$PEPTIDE1,PEPTIDE1,1:R1-7:R2$$$",-4.95400000,ok,,flexible
"PEPTIDE1{A.Me_dA.T.meL.L.T.dP}$PEPTIDE1,PEPTIDE1,1:R1-7:R2$$$",-6.00600000,ok,,flexible
"PEPTIDE1{dA.Sar.meL.P.dL.meL.L}$PEPTIDE1,PEPTIDE1,1:R1-7:R2$$$",-5.49500000,ok,,flexible
"PEPTIDE1{F.meL.Sar.L.meL.L.A}$PEPTIDE1,PEPTIDE1,1:R1-7:R2$$$",-5.94500000,ok,,flexible
"PEPTIDE1{meA.dP.meL.Bn_Gly.meF.T.dP}$PEPTIDE1,PEPTIDE1,1:R1-7:R2$$$",-6.54000000,ok,,flexible
"PEPTIDE1{Me_Bal.F.Mono84.I.T.G.Mono78}$PEPTIDE1,PEPTIDE1,1:R1-7:R2$$$",-7.55400000,ok,,flexible
"PEPTIDE1{Me_dA.dA.Me_dL.Me_dL.Pr_Gly.Me_Phe(3-Cl).meL}$PEPTIDE1,PEPTIDE1,1:R1-7:R2$$$",-5.46100000,ok,,flexible
"PEPTIDE1{dA.L.meL.T.meI.I.V}$PEPTIDE1,PEPTIDE1,1:R1-7:R2$$$",-5.21100000,ok,,flexible
"PEPTIDE1{F.Ser(tBu).cHexCH2_Gly.A.Me_Phe(3-Cl).L.P}$PEPTIDE1,PEPTIDE1,1:R1-7:R2$$$",-6.03700000,ok,,flexible
"PEPTIDE1{Me_dA.Me_dL.Pr_Gly.meL.Me_dL.L.Phe(4-CF3)}$PEPTIDE1,PEPTIDE1,1:R1-7:R2$$$",-5.82400000,ok,,flexible
"PEPTIDE1{F.Pr_Gly.dF.Me_Phe(3-Cl).Ser(tBu).Aib.T}$PEPTIDE1,PEPTIDE1,1:R1-7:R2$$$",-5.60800000,ok,,flexible
"PEPTIDE1{dA.dL.meA.meL.meF.D.dF}$PEPTIDE1,PEPTIDE1,1:R1-7:R2$$$",-6.15700000,ok,,flexible
"PEPTIDE1{A.dP.P.dP.T.meA.dL}$PEPTIDE1,PEPTIDE1,1:R1-7:R2$$$",-6.61700000,ok,,flexible
"PEPTIDE1{A.meL.P.P.Me_dL.dP.L}$PEPTIDE1,PEPTIDE1,1:R1-7:R2$$$",-6.52300000,ok,,flexible
"PEPTIDE1{dV.dP.Me_dA.V.Me_dL.meA.A}$PEPTIDE1,PEPTIDE1,1:R1-7:R2$$$",-6.35600000,ok,,flexible
"PEPTIDE1{meA.Me_dA.dF.F.L.dP.A}$PEPTIDE1,PEPTIDE1,1:R1-7:R2$$$",-6.33100000,ok,,flexible
"PEPTIDE1{A.dP.meA.T.meL.dL.F}$PEPTIDE1,PEPTIDE1,1:R1-7:R2$$$",-5.95400000,ok,,flexible
"PEPTIDE1{Me_dA.P.Me_dL.L.dL.meA.V}$PEPTIDE1,PEPTIDE1,1:R1-7:R2$$$",-5.68900000,ok,,flexible
"PEPTIDE1{meA.Me_Phe(3-Cl).dF.A.Me_dL.Ser(tBu).meL}$PEPTIDE1,PEPTIDE1,1:R1-7:R2$$$",-6.06800000,ok,,flexible
"PEPTIDE1{P.Pr_Gly.meL.dF.H.A.L}$PEPTIDE1,PEPTIDE1,1:R1-7:R2$$$",-6.24600000,ok,,flexible
"PEPTIDE1{Me_Bal.L.Ser(tBu).meA.meL.P.A}$PEPTIDE1,PEPTIDE1,1:R1-7:R2$$$",-5.90400000,ok,,flexible
"PEPTIDE1{meA.T.F.dP.Me_dL.D.Ser(tBu)}$PEPTIDE1,PEPTIDE1,1:R1-7:R2$$$",-6.13600000,ok,,flexible
"PEPTIDE1{L.Me_dL.dP.T.meL.P.dP}$PEPTIDE1,PEPTIDE1,1:R1-7:R2$$$",-5.90300000,ok,,flexible
"PEPTIDE1{Mono6.cHexCH2_Gly.L.L.Mono86.P.Mono84}$PEPTIDE1,PEPTIDE1,1:R1-7:R2$$$",-6.11800000,ok,,flexible
"PEPTIDE1{dV.L.Ala(5-Tet).P.dP.dL.Mono11}$PEPTIDE1,PEPTIDE1,1:R1-7:R2$$$",-5.85100000,ok,,flexible
"PEPTIDE1{meA.P.Me_dL.Ser(tBu).L.Me_Phe(3-Cl).T}$PEPTIDE1,PEPTIDE1,1:R1-7:R2$$$",-5.67500000,ok,,flexible
"PEPTIDE1{L.meL.meF.F.L.F.T}$PEPTIDE1,PEPTIDE1,1:R1-7:R2$$$",-5.72200000,ok,,flexible
"PEPTIDE1{meA.Mono38.dL.dP.P.T.I}$PEPTIDE1,PEPTIDE1,1:R1-7:R2$$$",-6.23800000,ok,,flexible
"PEPTIDE1{A.F.Me_dA.Pr_Gly.P.dP.V}$PEPTIDE1,PEPTIDE1,1:R1-7:R2$$$",-6.45900000,ok,,flexible
"PEPTIDE1{Me_Bal.Me_dA.T.F.Ser(tBu).P.Mono34}$PEPTIDE1,PEPTIDE1,1:R1-7:R2$$$",-5.83000000,ok,,flexible
"PEPTIDE1{meA.cHexCH2_Gly.Me_Nle.L.P.Me_dA.Ser(tBu)}$PEPTIDE1,PEPTIDE1,1:R1-7:R2$$$",-5.79900000,ok,,flexible
"PEPTIDE1{Me_dA.dP.P.dL.V.Ser(tBu).I}$PEPTIDE1,PEPTIDE1,1:R1-7:R2$$$",-5.84900000,ok,,flexible
"PEPTIDE1{Sar.T.meF.dL.T.Ser(tBu).dP}$PEPTIDE1,PEPTIDE1,1:R1-7:R2$$$",-5.95700000,ok,,flexible
"PEPTIDE1{dA.meA.dP.meL.A.Ser(tBu).P}$PEPTIDE1,PEPTIDE1,1:R1-7:R2$$$",-5.83000000,ok,,flexible
"PEPTIDE1{Me_dA.A.Nle.dP.Ser(tBu).pentyl_Gly.Me_Nle}$PEPTIDE1,PEPTIDE1,1:R1-7:R2$$$",-5.10800000,ok,,flexible
"PEPTIDE1{Me_Bal.dP.meA.T.Me_Abu.L.meL}$PEPTIDE1,PEPTIDE1,1:R1-7:R2$$$",-5.86800000,ok,,flexible
"PEPTIDE1{Sar.A.meL.F.P.T.G}$PEPTIDE1,PEPTIDE1,1:R1-7:R2$$$",-6.43100000,ok,,flexible
"PEPTIDE1{Sar.Mono86.F.Mono38.A.Mono86.Mono84}$PEPTIDE1,PEPTIDE1,1:R1-7:R2$$$",-6.19100000,ok,,flexible
"PEPTIDE1{meA.F.T.meL.Ser(tBu).Me_dA.Asp_piperidide}$PEPTIDE1,PEPTIDE1,1:R1-7:R2$$$",-5.94500000,ok,,flexible
"PEPTIDE1{L.Me_dAbu.meL.P.Ser(tBu).P.meL}$PEPTIDE1,PEPTIDE1,1:R1-7:R2$$$",-5.98300000,ok,,flexible
"PEPTIDE1{meA.Sar.dP.meL.meF.dP.P}$PEPTIDE1,PEPTIDE1,1:R1-7:R2$$$",-6.53600000,ok,,flexible
"PEPTIDE1{dF.T.meL.P.L.Mono84.dL}$PEPTIDE1,PEPTIDE1,1:R1-7:R2$$$",-6.39300000,ok,,flexible
"PEPTIDE1{P.A.dPye.meL.Cha.Me_Nle.Me_Phe(3-Cl)}$PEPTIDE1,PEPTIDE1,1:R1-7:R2$$$",-5.00500000,ok,,flexible
"PEPTIDE1{meA.P.meL.L.dL.meL.A}$PEPTIDE1,PEPTIDE1,1:R1-7:R2$$$",-5.89100000,ok,,flexible
"PEPTIDE1{Me_Bal.P.D.A.dP.Me_Phe(3-Cl).T}$PEPTIDE1,PEPTIDE1,1:R1-7:R2$$$",-6.20100000,ok,,flexible
"PEPTIDE1{F.cHexCH2_Gly.P.Ser(tBu).pentyl_Gly.Me_Nle.I}$PEPTIDE1,PEPTIDE1,1:R1-7:R2$$$",-4.54000000,ok,,flexible
"PEPTIDE1{Me_Bal.L.pentyl_Gly.Me_Nle.P.Mono2.meL}$PEPTIDE1,PEPTIDE1,1:R1-7:R2$$$",-5.51800000,ok,,flexible
"PEPTIDE1{meA.dP.meL.P.Ser(tBu).L.dP}$PEPTIDE1,PEPTIDE1,1:R1-7:R2$$$",-6.03100000,ok,,flexible
"PEPTIDE1{dF.L.pentyl_Gly.G.Mono84.Et_Gly.Mono86}$PEPTIDE1,PEPTIDE1,1:R1-7:R2$$$",-5.94900000,ok,,flexible
"PEPTIDE1{Me_dA.meA.dA.meL.Me_dL.P.dP}$PEPTIDE1,PEPTIDE1,1:R1-7:R2$$$",-6.46900000,ok,,flexible
"PEPTIDE1{meA.Me_dL.I.meY.Me_dL.P.Mono7}$PEPTIDE1,PEPTIDE1,1:R1-7:R2$$$",-6.77400000,ok,,flexible
"PEPTIDE1{meA.meF.meY.T.T.P.dP}$PEPTIDE1,PEPTIDE1,1:R1-7:R2$$$",-6.67300000,ok,,flexible
"PEPTIDE1{L.Me_Nle.meF.meA.Mono84.meL.A}$PEPTIDE1,PEPTIDE1,1:R1-7:R2$$$",-6.37000000,ok,,flexible
"PEPTIDE1{meA.dP.dL.Me_dL.meA.Me_Abu.meF}$PEPTIDE1,PEPTIDE1,1:R1-7:R2$$$",-6.32700000,ok,,flexible
"PEPTIDE1{meA.F.P.T.dA.meL.meL}$PEPTIDE1,PEPTIDE1,1:R1-7:R2$$$",-6.13800000,ok,,flexible
"PEPTIDE1{dA.F.P.dP.T.meA.P}$PEPTIDE1,PEPTIDE1,1:R1-7:R2$$$",-6.87500000,ok,,flexible
"PEPTIDE1{Me_Bal.F.Me_dAbu.T.dL.meL.Sar}$PEPTIDE1,PEPTIDE1,1:R1-7:R2$$$",-6.12900000,ok,,flexible
"PEPTIDE1{dV.Me_dL.Ser(tBu).meL.Mono84.L.Mono34}$PEPTIDE1,PEPTIDE1,1:R1-7:R2$$$",-4.49100000,ok,,flexible
"PEPTIDE1{F.3Pal.Mono84.A.P.T.L}$PEPTIDE1,PEPTIDE1,1:R1-7:R2$$$",-6.25100000,ok,,flexible
"PEPTIDE1{meA.dP.T.L.Ser(tBu).Me_dL.dL}$PEPTIDE1,PEPTIDE1,1:R1-7:R2$$$",-5.22800000,ok,,flexible
"PEPTIDE1{meA.F.meL.meF.P.Mono11.Ser(tBu)}$PEPTIDE1,PEPTIDE1,1:R1-7:R2$$$",-5.31900000,ok,,flexible
"PEPTIDE1{Me_Bal.Me_Nle.dL.Et_Gly.L.Nle.Me_dL}$PEPTIDE1,PEPTIDE1,1:R1-7:R2$$$",-4.81000000,ok,,flexible
"PEPTIDE1{F.A.P.T.dP.dL.Me_dL}$PEPTIDE1,PEPTIDE1,1:R1-7:R2$$$",-6.14800000,ok,,flexible
"PEPTIDE1{A.dA.P.L.meL.dV.meA}$PEPTIDE1,PEPTIDE1,1:R1-7:R2$$$",-6.32600000,ok,,flexible
"PEPTIDE1{F.Me_Nle.A.meL.Mono86.T.cHexCH2_Gly}$PEPTIDE1,PEPTIDE1,1:R1-7:R2$$$",-5.92900000,ok,,flexible
"PEPTIDE1{Me_dA.F.meL.L.P.T.Mono2}$PEPTIDE1,PEPTIDE1,1:R1-7:R2$$$",-6.38800000,ok,,flexible
"PEPTIDE1{Me_dA.dL.V.L.dP.meV.I}$PEPTIDE1,PEPTIDE1,1:R1-7:R2$$$",-5.24900000,ok,,flexible
"PEPTIDE1{Me_Bal.Sar.meI.meL.L.dP.T}$PEPTIDE1,PEPTIDE1,1:R1-7:R2$$$",-5.48100000,ok,,flexible
"PEPTIDE1{Me_dA.Ser(tBu).T.L.P.meI.Nle}$PEPTIDE1,PEPTIDE1,1:R1-7:R2$$$",-5.34000000,ok,,flexible
"PEPTIDE1{dA.meL.T.Ser(tBu).meL.dL.Me_dL}$PEPTIDE1,PEPTIDE1,1:R1-7:R2$$$",-4.75000000,ok,,flexible
"PEPTIDE1{F.L.T.A.Mono34.P.P}$PEPTIDE1,PEPTIDE1,1:R1-7:R2$$$",-5.46600000,ok,,flexible
"PEPTIDE1{dA.Me_dL.P.A.meA.Me_dA.F}$PEPTIDE1,PEPTIDE1,1:R1-7:R2$$$",-7.09400000,ok,,flexible
"PEPTIDE1{meA.dP.Ser(tBu).meL.Me_dL.P.L}$PEPTIDE1,PEPTIDE1,1:R1-7:R2$$$",-5.60800000,ok,,flexible
"PEPTIDE1{Sar.meF.meA.meL.T.meL.P}$PEPTIDE1,PEPTIDE1,1:R1-7:R2$$$",-6.53500000,ok,,flexible
"PEPTIDE1{Me_dA.F.L.P.L.meL.Ser(tBu)}$PEPTIDE1,PEPTIDE1,1:R1-7:R2$$$",-5.61400000,ok,,flexible
"PEPTIDE1{dV.meA.A.L.F.P.Me_dL}$PEPTIDE1,PEPTIDE1,1:R1-7:R2$$$",-6.06500000,ok,,flexible
"PEPTIDE1{dV.Me_dA.Me_dL.dF.dL.P.Me_dL}$PEPTIDE1,PEPTIDE1,1:R1-7:R2$$$",-6.58800000,ok,,flexible
"PEPTIDE1{Me_dA.Me_Nle.Mono84.T.meL.dL.P}$PEPTIDE1,PEPTIDE1,1:R1-7:R2$$$",-5.93700000,ok,,flexible
"PEPTIDE1{Pr_Gly.3Pal.L.pentyl_Gly.Me_Nle.A.meL}$PEPTIDE1,PEPTIDE1,1:R1-7:R2$$$",-5.02300000,ok,,flexible
"PEPTIDE1{A.meA.Sar.Me_dL.meL.dP.meF}$PEPTIDE1,PEPTIDE1,1:R1-7:R2$$$",-6.84100000,ok,,flexible
"PEPTIDE1{Me_dA.L.meL.T.dL.meL.meA}$PEPTIDE1,PEPTIDE1,1:R1-7:R2$$$",-5.92700000,ok,,flexible
"PEPTIDE1{Me_Bal.Mono38.I.T.meL.Ser(tBu).A}$PEPTIDE1,PEPTIDE1,1:R1-7:R2$$$",-5.80800000,ok,,flexible
"PEPTIDE1{Mono6.Me_dAbu.meF.Sar.Ser(tBu).P.meA}$PEPTIDE1,PEPTIDE1,1:R1-7:R2$$$",-6.76500000,ok,,flexible
"PEPTIDE1{dP.F.L.P.Ser(tBu).dL.T}$PEPTIDE1,PEPTIDE1,1:R1-7:R2$$$",-5.56000000,ok,,flexible
"PEPTIDE1{dV.meL.dP.meL.Me_Abu.meF.Ser(tBu)}$PEPTIDE1,PEPTIDE1,1:R1-7:R2$$$",-5.63600000,ok,,flexible
"PEPTIDE1{Me_dA.Me_Nle.dP.Ser(tBu).meL.L.I}$PEPTIDE1,PEPTIDE1,1:R1-7:R2$$$",-5.53500000,ok,,flexible
"PEPTIDE1{Me_dA.Me_dL.A.dP.Ser(tBu).Me_dL.dP}$PEPTIDE1,PEPTIDE1,1:R1-7:R2$$$",-5.59100000,ok,,flexible
"PEPTIDE1{dA.pentyl_Gly.L.meL.Ser(tBu).T.P}$PEPTIDE1,PEPTIDE1,1:R1-7:R2$$$",-5.72800000,ok,,flexible
"PEPTIDE1{meL.dP.P.meF.T.meI.dL}$PEPTIDE1,PEPTIDE1,1:R1-7:R2$$$",-5.42300000,ok,,flexible
"PEPTIDE1{dV.dP.meV.Me_dL.Ser(tBu).L.F}$PEPTIDE1,PEPTIDE1,1:R1-7:R2$$$",-6.05100000,ok,,flexible
"PEPTIDE1{A.dL.L.P.I.P.Ser(tBu)}$PEPTIDE1,PEPTIDE1,1:R1-7:R2$$$",-5.54900000,ok,,flexible
"PEPTIDE1{Sar.T.T.P.pentyl_Gly.Ser(tBu).dP}$PEPTIDE1,PEPTIDE1,1:R1-7:R2$$$",-5.63800000,ok,,flexible
"PEPTIDE1{dP.meF.P.V.P.T.Ser(tBu)}$PEPTIDE1,PEPTIDE1,1:R1-7:R2$$$",-6.43900000,ok,,flexible
"PEPTIDE1{Sar.meL.Mono78.meA.T.P.Ser(tBu)}$PEPTIDE1,PEPTIDE1,1:R1-7:R2$$$",-5.70500000,ok,,flexible
"PEPTIDE1{dA.dP.Ser(tBu).F.T.meL.L}$PEPTIDE1,PEPTIDE1,1:R1-7:R2$$$",-6.26800000,ok,,flexible
"PEPTIDE1{Me_dA.L.P.P.T.Me_dL.Me_dL}$PEPTIDE1,PEPTIDE1,1:R1-7:R2$$$",-5.79700000,ok,,flexible
"PEPTIDE1{Me_Bal.T.Me_Nle.L.Nle.Ser(tBu).meL}$PEPTIDE1,PEPTIDE1,1:R1-7:R2$$$",-5.19800000,ok,,flexible
"PEPTIDE1{Me_dA.meL.Ser(tBu).meL.L.dL.A}$PEPTIDE1,PEPTIDE1,1:R1-7:R2$$$",-5.23100000,ok,,flexible
"PEPTIDE1{Sar.L.T.Me_dL.pentyl_Gly.P.meV}$PEPTIDE1,PEPTIDE1,1:R1-7:R2$$$",-5.47100000,ok,,flexible
"PEPTIDE1{dF.dP.Me_dL.F.T.dL.Me_dL}$PEPTIDE1,PEPTIDE1,1:R1-7:R2$$$",-5.44700000,ok,,flexible
"PEPTIDE1{dA.A.dP.meL.P.Me_dL.Me_dL}$PEPTIDE1,PEPTIDE1,1:R1-7:R2$$$",-6.21000000,ok,,flexible
"PEPTIDE1{dA.dP.P.meL.Me_dL.meI.Mono86}$PEPTIDE1,PEPTIDE1,1:R1-7:R2$$$",-5.26900000,ok,,flexible
"PEPTIDE1{meL.Mono38.A.Ser(tBu).P.Mono78.dP}$PEPTIDE1,PEPTIDE1,1:R1-7:R2$$$",-5.93800000,ok,,flexible
"PEPTIDE1{dV.Me_dL.Sar.dP.L.meL.Mono86}$PEPTIDE1,PEPTIDE1,1:R1-7:R2$$$",-5.66200000,ok,,flexible
"PEPTIDE1{meA.dP.F.T.dL.dP.L}$PEPTIDE1,PEPTIDE1,1:R1-7:R2$$$",-6.30700000,ok,,flexible
"PEPTIDE1{L.dP.T.meL.Asp_piperidide.Me_dL.meA}$PEPTIDE1,PEPTIDE1,1:R1-7:R2$$$",-5.89800000,ok,,flexible
"PEPTIDE1{dA.3Pal.L.dP.A.T.L}$PEPTIDE1,PEPTIDE1,1:R1-7:R2$$$",-6.24500000,ok,,flexible
"PEPTIDE1{Me_dA.A.L.Me_Nle.Et_Gly.cHexCH2_Gly.T}$PEPTIDE1,PEPTIDE1,1:R1-7:R2$$$",-6.38600000,ok,,flexible
"PEPTIDE1{Me_Bal.V.T.P.meY.Me_dAbu.meA}$PEPTIDE1,PEPTIDE1,1:R1-7:R2$$$",-6.19800000,ok,,flexible
"PEPTIDE1{Me_Bal.A.pentyl_Gly.meL.Ser(tBu).P.Me_dA}$PEPTIDE1,PEPTIDE1,1:R1-7:R2$$$",-5.06900000,ok,,flexible
"PEPTIDE1{dV.T.Sar.D.dL.L.meL}$PEPTIDE1,PEPTIDE1,1:R1-7:R2$$$",-5.61100000,ok,,flexible
"PEPTIDE1{dV.L.meL.T.dL.L.Me_dL}$PEPTIDE1,PEPTIDE1,1:R1-7:R2$$$",-5.76300000,ok,,flexible
"PEPTIDE1{Pr_Gly.dP.meF.T.Aoc(2).dA.Ser(tBu)}$PEPTIDE1,PEPTIDE1,1:R1-7:R2$$$",-5.29200000,ok,,flexible
"PEPTIDE1{L.meL.Me_dL.T.meF.T.Mono7}$PEPTIDE1,PEPTIDE1,1:R1-7:R2$$$",-5.57500000,ok,,flexible
"PEPTIDE1{Me_dA.L.meA.meL.F.T.G}$PEPTIDE1,PEPTIDE1,1:R1-7:R2$$$",-5.77800000,ok,,flexible
"PEPTIDE1{Me_dA.P.meA.P.meL.meL.Sar}$PEPTIDE1,PEPTIDE1,1:R1-7:R2$$$",-6.20000000,ok,,flexible
"PEPTIDE1{meA.dA.F.dP.Ser(tBu).P.Sar}$PEPTIDE1,PEPTIDE1,1:R1-7:R2$$$",-7.06200000,ok,,flexible
"PEPTIDE1{dV.L.I.D.Mono84.meA.dL}$PEPTIDE1,PEPTIDE1,1:R1-7:R2$$$",-6.45800000,ok,,flexible
"PEPTIDE1{F.cHexCH2_Gly.cHexCH2_Gly.Nle.Mono84.A.dL}$PEPTIDE1,PEPTIDE1,1:R1-7:R2$$$",-6.41000000,ok,,flexible
"PEPTIDE1{L.meS.meL.I.F.T.meL}$PEPTIDE1,PEPTIDE1,1:R1-7:R2$$$",-5.46100000,ok,,flexible
"PEPTIDE1{dF.meA.P.meY.dP.A.meF}$PEPTIDE1,PEPTIDE1,1:R1-7:R2$$$",-7.47100000,ok,,flexible
"PEPTIDE1{meA.Me_Nle.pentyl_Gly.Et_Gly.A.L.Mono84}$PEPTIDE1,PEPTIDE1,1:R1-7:R2$$$",-5.83500000,ok,,flexible
"PEPTIDE1{dV.meL.T.Mono78.T.Ser(tBu).L}$PEPTIDE1,PEPTIDE1,1:R1-7:R2$$$",-5.57300000,ok,,flexible
"PEPTIDE1{Sar.P.meY.meA.P.meL.meL}$PEPTIDE1,PEPTIDE1,1:R1-7:R2$$$",-6.33700000,ok,,flexible
"PEPTIDE1{Me_dA.T.meL.Ser(tBu).Asp_piperidide.Mono84.I}$PEPTIDE1,PEPTIDE1,1:R1-7:R2$$$",-5.47400000,ok,,flexible
"PEPTIDE1{dV.pentyl_Gly.meA.dP.meL.P.P}$PEPTIDE1,PEPTIDE1,1:R1-7:R2$$$",-6.00100000,ok,,flexible
"PEPTIDE1{Pr_Gly.Mono38.Me_Nle.Me_dA.P.Ser(tBu).dP}$PEPTIDE1,PEPTIDE1,1:R1-7:R2$$$",-5.66700000,ok,,flexible
"PEPTIDE1{dF.L.Me_dL.dP.T.Ser(tBu).meA}$PEPTIDE1,PEPTIDE1,1:R1-7:R2$$$",-6.00000000,ok,,flexible
"PEPTIDE1{A.meA.L.A.Ser(tBu).Mono84.P}$PEPTIDE1,PEPTIDE1,1:R1-7:R2$$$",-6.67000000,ok,,flexible
"PEPTIDE1{F.meA.Ser(tBu).T.Me_dL.meL.pentyl_Gly}$PEPTIDE1,PEPTIDE1,1:R1-7:R2$$$",-5.05300000,ok,,flexible
"PEPTIDE1{L.Me_dA.meL.Me_dL.dP.dP.T}$PEPTIDE1,PEPTIDE1,1:R1-7:R2$$$",-5.64400000,ok,,flexible
"PEPTIDE1{A.meA.L.dPye.P.A.L}$PEPTIDE1,PEPTIDE1,1:R1-7:R2$$$",-5.89600000,ok,,flexible
"PEPTIDE1{Me_dA.meF.Sar.T.3Pal.P.I}$PEPTIDE1,PEPTIDE1,1:R1-7:R2$$$",-6.29400000,ok,,flexible
"PEPTIDE1{F.L.Mono84.Mono78.P.L.A}$PEPTIDE1,PEPTIDE1,1:R1-7:R2$$$",-6.39700000,ok,,flexible
"PEPTIDE1{dP.meL.dF.F.P.dP.T}$PEPTIDE1,PEPTIDE1,1:R1-7:R2$$$",-6.83400000,ok,,flexible
"PEPTIDE1{Pr_Gly.meL.L.Me_Nle.meF.dP.dP}$PEPTIDE1,PEPTIDE1,1:R1-7:R2$$$",-5.35300000,ok,,flexible
"PEPTIDE1{Me_Bal.A.F.P.dL.Mono84.L}$PEPTIDE1,PEPTIDE1,1:R1-7:R2$$$",-6.19500000,ok,,flexible
"PEPTIDE1{A.L.I.meL.L.dL.T}$PEPTIDE1,PEPTIDE1,1:R1-7:R2$$$",-5.64600000,ok,,flexible
"PEPTIDE1{meL.dP.P.T.A.Me_dL.dL}$PEPTIDE1,PEPTIDE1,1:R1-7:R2$$$",-5.84200000,ok,,flexible
"PEPTIDE1{Me_dA.pentyl_Gly.dP.Et_Gly.T.meL.Mono78}$PEPTIDE1,PEPTIDE1,1:R1-7:R2$$$",-6.15600000,ok,,flexible
"PEPTIDE1{meA.A.L.dA.Me_dL.dL.T}$PEPTIDE1,PEPTIDE1,1:R1-7:R2$$$",-5.75100000,ok,,flexible
"PEPTIDE1{Me_dA.meL.pentyl_Gly.V.L.G.meI}$PEPTIDE1,PEPTIDE1,1:R1-7:R2$$$",-5.16900000,ok,,flexible
"PEPTIDE1{Mono6.cHexCH2_Gly.meF.L.Mono84.P.L}$PEPTIDE1,PEPTIDE1,1:R1-7:R2$$$",-6.34400000,ok,,flexible
"PEPTIDE1{Sar.cHexCH2_Gly.meL.meA.Mono9.L.Me_Abu}$PEPTIDE1,PEPTIDE1,1:R1-7:R2$$$",-6.23900000,ok,,flexible
"PEPTIDE1{dF.P.Ser(tBu).L.Mono86.Me_Nle.meI}$PEPTIDE1,PEPTIDE1,1:R1-7:R2$$$",-5.51200000,ok,,flexible
"PEPTIDE1{meA.T.dP.Mono84.I.L.Nle}$PEPTIDE1,PEPTIDE1,1:R1-7:R2$$$",-5.59000000,ok,,flexible
"PEPTIDE1{Mono6.T.L.Et_Gly.A.dP.Mono7}$PEPTIDE1,PEPTIDE1,1:R1-7:R2$$$",-6.26200000,ok,,flexible
"PEPTIDE1{L.F.meL.L.Ser(tBu).Mono7.meL}$PEPTIDE1,PEPTIDE1,1:R1-7:R2$$$",-4.92800000,ok,,flexible
"PEPTIDE1{Pr_Gly.meL.dP.meY.meF.Ser(tBu).L}$PEPTIDE1,PEPTIDE1,1:R1-7:R2$$$",-5.60900000,ok,,flexible
"PEPTIDE1{F.cHexCH2_Gly.L.dP.dL.G.Mono84}$PEPTIDE1,PEPTIDE1,1:R1-7:R2$$$",-6.84700000,ok,,flexible
"PEPTIDE1{Me_dA.L.L.meF.meY.meA.dL}$PEPTIDE1,PEPTIDE1,1:R1-7:R2$$$",-5.69800000,ok,,flexible
"PEPTIDE1{Sar.Ser(tBu).T.meL.F.meA.P}$PEPTIDE1,PEPTIDE1,1:R1-7:R2$$$",-5.71700000,ok,,flexible
"PEPTIDE1{Me_dA.Me_Phe(3-Cl).Ser(tBu).F.I.meL.P}$PEPTIDE1,PEPTIDE1,1:R1-7:R2$$$",-6.57600000,ok,,flexible
"PEPTIDE1{meA.T.L.dP.meL.F.Sar}$PEPTIDE1,PEPTIDE1,1:R1-7:R2$$$",-6.64400000,ok,,flexible
"PEPTIDE1{dV.Me_dA.dP.P.meL.P.meA}$PEPTIDE1,PEPTIDE1,1:R1-7:R2$$$",-7.03900000,ok,,flexible
"PEPTIDE1{A.meL.Sar.dP.T.L.T}$PEPTIDE1,PEPTIDE1,1:R1-7:R2$$$",-6.12100000,ok,,flexible
"PEPTIDE1{Me_Bal.Me_dL.T.P.meL.meL.L}$PEPTIDE1,PEPTIDE1,1:R1-7:R2$$$",-5.34900000,ok,,flexible
"PEPTIDE1{Mono6.L.meL.Ser(tBu).A.dP.T}$PEPTIDE1,PEPTIDE1,1:R1-7:R2$$$",-5.34700000,ok,,flexible
"PEPTIDE1{meA.meL.T.meF.Me_dL.P.dP}$PEPTIDE1,PEPTIDE1,1:R1-7:R2$$$",-6.12800000,ok,,flexible
"PEPTIDE1{Me_Bal.A.meL.meA.F.meV.dL}$PEPTIDE1,PEPTIDE1,1:R1-7:R2$$$",-5.84000000,ok,,flexible
"PEPTIDE1{dA.Me_dL.dP.meF.meL.Ser(tBu).T}$PEPTIDE1,PEPTIDE1,1:R1-7:R2$$$",-5.09300000,ok,,flexible
"PEPTIDE1{dA.A.P.Me_Nle.L.dP.Mono84}$PEPTIDE1,PEPTIDE1,1:R1-7:R2$$$",-7.42000000,ok,,flexible
"PEPTIDE1{Me_dA.dA.G.P.P.meL.T}$PEPTIDE1,PEPTIDE1,1:R1-7:R2$$$",-6.78700000,ok,,flexible
"PEPTIDE1{Me_dA.meY.meL.meF.Mono12.meL.I}$PEPTIDE1,PEPTIDE1,1:R1-7:R2$$$",-5.76000000,ok,,flexible
"PEPTIDE1{meA.Me_Nle.Me_Phe(3-Cl).P.pentyl_Gly.A.dP}$PEPTIDE1,PEPTIDE1,1:R1-7:R2$$$",-6.02500000,ok,,flexible
"PEPTIDE1{L.Ala(5-Tet).meS.Sar.meL.Ser(tBu).F}$PEPTIDE1,PEPTIDE1,1:R1-7:R2$$$",-5.39200000,ok,,flexible
"PEPTIDE1{Me_dA.dP.T.P.dL.dP.Me_dL}$PEPTIDE1,PEPTIDE1,1:R1-7:R2$$$",-6.82700000,ok,,flexible
"PEPTIDE1{A.cHexCH2_Gly.T.dP.L.F.meL}$PEPTIDE1,PEPTIDE1,1:R1-7:R2$$$",-6.47400000,ok,,flexible
"PEPTIDE1{Mono6.A.L.cHexCH2_Gly.Et_Gly.T.dP}$PEPTIDE1,PEPTIDE1,1:R1-7:R2$$$",-6.31400000,ok,,flexible
"PEPTIDE1{Mono6.T.P.dL.meL.Me_dL.dP}$PEPTIDE1,PEPTIDE1,1:R1-7:R2$$$",-6.38700000,ok,,flexible
"PEPTIDE1{meA.Me_dL.L.A.Me_dL.P.Ser(tBu)}$PEPTIDE1,PEPTIDE1,1:R1-7:R2$$$",-5.71800000,ok,,flexible
"PEPTIDE1{Me_Bal.T.meF.meA.T.meL.P}$PEPTIDE1,PEPTIDE1,1:R1-7:R2$$$",-6.74600000,ok,,flexible
"PEPTIDE1{meA.meL.A.meL.T.Ser(tBu).L}$PEPTIDE1,PEPTIDE1,1:R1-7:R2$$$",-6.24300000,ok,,flexible
"PEPTIDE1{Me_dA.A.L.meF.Me_dL.meL.dA}$PEPTIDE1,PEPTIDE1,1:R1-7:R2$$$",-5.99800000,ok,,flexible
"PEPTIDE1{L.cHexCH2_Gly.dL.meA.I.Me_Phe(3-Cl).dP}$PEPTIDE1,PEPTIDE1,1:R1-7:R2$$$",-5.70800000,ok,,flexible
"PEPTIDE1{L.dF.Me_dAbu.Mono7.Me_dL.Mono11.D}$PEPTIDE1,PEPTIDE1,1:R1-7:R2$$$",-6.20100000,ok,,flexible
"PEPTIDE1{meA.meL.T.Me_dL.meL.dL.L}$PEPTIDE1,PEPTIDE1,1:R1-7:R2$$$",-5.89300000,ok,,flexible
"PEPTIDE1{Mono6.cHexCH2_Gly.Mono86.meA.dP.D.F}$PEPTIDE1,PEPTIDE1,1:R1-7:R2$$$",-6.89300000,ok,,flexible
"PEPTIDE1{A.T.L.F.meL.V.Nle}$PEPTIDE1,PEPTIDE1,1:R1-7:R2$$$",-5.57800000,ok,,flexible
"PEPTIDE1{Sar.I.meL.dL.A.Me_Phe(3-Cl).T}$PEPTIDE1,PEPTIDE1,1:R1-7:R2$$$",-5.23800000,ok,,flexible
"PEPTIDE1{meA.Mono38.Me_Nle.Mono86.meL.Mono84.dL}$PEPTIDE1,PEPTIDE1,1:R1-7:R2$$$",-4.72300000,ok,,flexible
"PEPTIDE1{Me_Bal.Mono38.L.Mono84.3Pal.Nle.Ser(tBu)}$PEPTIDE1,PEPTIDE1,1:R1-7:R2$$$",-5.78500000,ok,,flexible
"PEPTIDE1{meA.L.meL.L.P.meF.Me_dL}$PEPTIDE1,PEPTIDE1,1:R1-7:R2$$$",-5.43500000,ok,,flexible
"PEPTIDE1{Me_dA.dP.T.Me_dL.A.Me_dL.P}$PEPTIDE1,PEPTIDE1,1:R1-7:R2$$$",-5.82400000,ok,,flexible
"PEPTIDE1{Me_dA.F.Me_Phe(3-Cl).dL.Me_dL.meA.L}$PEPTIDE1,PEPTIDE1,1:R1-7:R2$$$",-6.27700000,ok,,flexible
"PEPTIDE1{Mono6.P.Sar.Me_dL.F.Mono11.P}$PEPTIDE1,PEPTIDE1,1:R1-7:R2$$$",-6.30500000,ok,,flexible
"PEPTIDE1{Pr_Gly.dA.L.meA.dL.meF.V}$PEPTIDE1,PEPTIDE1,1:R1-7:R2$$$",-5.33800000,ok,,flexible
"PEPTIDE1{dF.T.P.P.cHexCH2_Gly.P.Me_dL}$PEPTIDE1,PEPTIDE1,1:R1-7:R2$$$",-7.13400000,ok,,flexible
"PEPTIDE1{Me_Bal.pentyl_Gly.L.Me_Nle.A.dL.Me_Phe(3-Cl)}$PEPTIDE1,PEPTIDE1,1:R1-7:R2$$$",-5.27700000,ok,,flexible
"PEPTIDE1{dF.P.L.T.meL.dP.I}$PEPTIDE1,PEPTIDE1,1:R1-7:R2$$$",-6.27000000,ok,,flexible
"PEPTIDE1{Me_dA.dP.L.L.P.meA.dL}$PEPTIDE1,PEPTIDE1,1:R1-7:R2$$$",-6.19800000,ok,,flexible
"PEPTIDE1{Me_Bal.L.Y.P.meA.meL.dF}$PEPTIDE1,PEPTIDE1,1:R1-7:R2$$$",-6.09000000,ok,,flexible
"PEPTIDE1{Me_Bal.meL.Ser(tBu).L.Me_dL.D.meY}$PEPTIDE1,PEPTIDE1,1:R1-7:R2$$$",-5.64900000,ok,,flexible
"PEPTIDE1{meL.P.Me_dL.meA.T.dF.dP}$PEPTIDE1,PEPTIDE1,1:R1-7:R2$$$",-6.56600000,ok,,flexible
"PEPTIDE1{dV.Me_dAbu.F.Me_dA.Me_dL.Cha.P}$PEPTIDE1,PEPTIDE1,1:R1-7:R2$$$",-6.75700000,ok,,flexible
"PEPTIDE1{meA.Me_dA.meL.T.L.Me_dL.L}$PEPTIDE1,PEPTIDE1,1:R1-7:R2$$$",-5.48700000,ok,,flexible
"PEPTIDE1{Mono6.P.dP.meA.dP.Me_dL.meL}$PEPTIDE1,PEPTIDE1,1:R1-7:R2$$$",-6.80700000,ok,,flexible
"PEPTIDE1{Sar.T.meL.meL.L.F.I}$PEPTIDE1,PEPTIDE1,1:R1-7:R2$$$",-5.08000000,ok,,flexible
"PEPTIDE1{Me_Bal.P.P.V.T.T.A}$PEPTIDE1,PEPTIDE1,1:R1-7:R2$$$",-6.58700000,ok,,flexible
"PEPTIDE1{meA.Me_dL.T.V.Ser(tBu).L.I}$PEPTIDE1,PEPTIDE1,1:R1-7:R2$$$",-4.77900000,ok,,flexible
"PEPTIDE1{meA.T.L.P.A.F.V}$PEPTIDE1,PEPTIDE1,1:R1-7:R2$$$",-5.96100000,ok,,flexible
"PEPTIDE1{Me_Bal.L.T.Mono11.Ser(tBu).P.dP}$PEPTIDE1,PEPTIDE1,1:R1-7:R2$$$",-6.30000000,ok,,flexible
"PEPTIDE1{Mono6.Me_dA.F.P.meF.L.3Pal}$PEPTIDE1,PEPTIDE1,1:R1-7:R2$$$",-6.51300000,ok,,flexible
"PEPTIDE1{Mono6.Me_Nle.meL.Ser(tBu).T.T.pentyl_Gly}$PEPTIDE1,PEPTIDE1,1:R1-7:R2$$$",-5.22900000,ok,,flexible
"PEPTIDE1{Me_Bal.P.P.dL.Me_dA.dP.meL}$PEPTIDE1,PEPTIDE1,1:R1-7:R2$$$",-6.90800000,ok,,flexible
"PEPTIDE1{meA.I.meL.cHexCH2_Gly.A.P.T}$PEPTIDE1,PEPTIDE1,1:R1-7:R2$$$",-6.44900000,ok,,flexible
"PEPTIDE1{A.meA.Me_dA.Me_dAbu.P.meS.meV}$PEPTIDE1,PEPTIDE1,1:R1-7:R2$$$",-6.37800000,ok,,flexible
"PEPTIDE1{Me_dA.A.pentyl_Gly.P.Mono84.H.L}$PEPTIDE1,PEPTIDE1,1:R1-7:R2$$$",-6.16400000,ok,,flexible
"PEPTIDE1{dA.T.dL.A.Mono84.Ser(tBu).P}$PEPTIDE1,PEPTIDE1,1:R1-7:R2$$$",-6.40100000,ok,,flexible
"PEPTIDE1{F.L.3Pal.dL.Me_Phe(3-Cl).Mono84.dL}$PEPTIDE1,PEPTIDE1,1:R1-7:R2$$$",-6.00400000,ok,,flexible
"PEPTIDE1{Mono6.A.meA.meL.Me_dL.P.Me_dA}$PEPTIDE1,PEPTIDE1,1:R1-7:R2$$$",-6.66600000,ok,,flexible
"PEPTIDE1{Pr_Gly.Me_dL.meL.meF.T.dL.Me_Abu}$PEPTIDE1,PEPTIDE1,1:R1-7:R2$$$",-5.16100000,ok,,flexible
"PEPTIDE1{dV.L.P.Me_dL.Mono7.dL.Me_dL}$PEPTIDE1,PEPTIDE1,1:R1-7:R2$$$",-6.07500000,ok,,flexible
"PEPTIDE1{A.A.Me_dL.meL.L.meA.meF}$PEPTIDE1,PEPTIDE1,1:R1-7:R2$$$",-5.79300000,ok,,flexible
"PEPTIDE1{dV.L.meF.L.F.Sar.dL}$PEPTIDE1,PEPTIDE1,1:R1-7:R2$$$",-5.62500000,ok,,flexible
"PEPTIDE1{L.P.Me_dA.dL.dP.meA.V}$PEPTIDE1,PEPTIDE1,1:R1-7:R2$$$",-6.29000000,ok,,flexible
"PEPTIDE1{meL.P.Me_Nle.dP.Nle.T.Ser(tBu)}$PEPTIDE1,PEPTIDE1,1:R1-7:R2$$$",-5.25700000,ok,,flexible
"PEPTIDE1{meA.Pr_Gly.Asp_piperidide.L.A.Me_Phe(3-Cl).L}$PEPTIDE1,PEPTIDE1,1:R1-7:R2$$$",-5.74800000,ok,,flexible
"PEPTIDE1{meA.meA.meL.Me_dA.P.V.meL}$PEPTIDE1,PEPTIDE1,1:R1-7:R2$$$",-6.58800000,ok,,flexible
"PEPTIDE1{dV.F.P.T.Ser(tBu).Me_dL.meL}$PEPTIDE1,PEPTIDE1,1:R1-7:R2$$$",-5.74700000,ok,,flexible
"PEPTIDE1{Pr_Gly.Me_dL.F.T.Me_Abu.P.A}$PEPTIDE1,PEPTIDE1,1:R1-7:R2$$$",-6.07500000,ok,,flexible
"PEPTIDE1{dV.A.dP.Me_dL.meF.T.meL}$PEPTIDE1,PEPTIDE1,1:R1-7:R2$$$",-5.69900000,ok,,flexible
"PEPTIDE1{Me_Bal.meA.meL.A.V.meL.G}$PEPTIDE1,PEPTIDE1,1:R1-7:R2$$$",-6.12600000,ok,,flexible
"PEPTIDE1{meA.L.A.P.Mono84.Me_dL.I}$PEPTIDE1,PEPTIDE1,1:R1-7:R2$$$",-6.18500000,ok,,flexible
"PEPTIDE1{meL.L.F.Mono34.Me_Phe(3-Cl).dL.T}$PEPTIDE1,PEPTIDE1,1:R1-7:R2$$$",-5.07500000,ok,,flexible
"PEPTIDE1{Sar.meF.P.T.P.meA.T}$PEPTIDE1,PEPTIDE1,1:R1-7:R2$$$",-6.57900000,ok,,flexible
"PEPTIDE1{Mono6.L.meL.meA.Mono1.Me_dL.Me_dA}$PEPTIDE1,PEPTIDE1,1:R1-7:R2$$$",-5.58200000,ok,,flexible
"PEPTIDE1{dV.meL.P.Mono84.L.Me_dL.Ser(tBu)}$PEPTIDE1,PEPTIDE1,1:R1-7:R2$$$",-5.54800000,ok,,flexible
"PEPTIDE1{A.meL.Pr_Gly.Pr_Gly.meL.Me_dA.Ser(tBu)}$PEPTIDE1,PEPTIDE1,1:R1-7:R2$$$",-5.80100000,ok,,flexible
"PEPTIDE1{P.meL.meF.T.dP.F.T}$PEPTIDE1,PEPTIDE1,1:R1-7:R2$$$",-6.51400000,ok,,flexible
"PEPTIDE1{A.meL.meF.meI.F.P.dP}$PEPTIDE1,PEPTIDE1,1:R1-7:R2$$$",-6.51900000,ok,,flexible
"PEPTIDE1{A.meF.L.meL.I.T.T}$PEPTIDE1,PEPTIDE1,1:R1-7:R2$$$",-6.03100000,ok,,flexible
"PEPTIDE1{A.Me_dA.dP.meL.L.Me_dL.dL}$PEPTIDE1,PEPTIDE1,1:R1-7:R2$$$",-6.07200000,ok,,flexible
"PEPTIDE1{dV.F.meL.dL.L.Me_dL.Ser(tBu)}$PEPTIDE1,PEPTIDE1,1:R1-7:R2$$$",-5.18900000,ok,,flexible
"PEPTIDE1{dA.Pr_Gly.Bn_Gly.meL.meL.Me_dL.I}$PEPTIDE1,PEPTIDE1,1:R1-7:R2$$$",-5.17900000,ok,,flexible
"PEPTIDE1{Me_dA.F.pentyl_Gly.meA.meF.meL.L}$PEPTIDE1,PEPTIDE1,1:R1-7:R2$$$",-5.81600000,ok,,flexible
"PEPTIDE1{Me_Bal.Me_dA.meY.meF.P.F.dP}$PEPTIDE1,PEPTIDE1,1:R1-7:R2$$$",-6.51200000,ok,,flexible
"PEPTIDE1{dF.P.T.A.P.T.P}$PEPTIDE1,PEPTIDE1,1:R1-7:R2$$$",-6.52500000,ok,,flexible
"PEPTIDE1{dF.Me_dA.dL.Me_Abu.Me_dL.meA.Asp_piperidide}$PEPTIDE1,PEPTIDE1,1:R1-7:R2$$$",-5.88000000,ok,,flexible
"PEPTIDE1{Me_dA.Me_dL.dF.Me_dL.meL.meA.L}$PEPTIDE1,PEPTIDE1,1:R1-7:R2$$$",-5.29900000,ok,,flexible
"PEPTIDE1{dV.Sar.A.dL.Me_dL.L.meL}$PEPTIDE1,PEPTIDE1,1:R1-7:R2$$$",-5.18400000,ok,,flexible
"PEPTIDE1{meA.Mono38.3Pal.T.P.G.A}$PEPTIDE1,PEPTIDE1,1:R1-7:R2$$$",-6.25700000,ok,,flexible
"PEPTIDE1{dA.L.T.F.P.Ser(tBu).I}$PEPTIDE1,PEPTIDE1,1:R1-7:R2$$$",-5.43200000,ok,,flexible
"PEPTIDE1{Pr_Gly.dP.meF.F.Mono11.T.Me_Abu}$PEPTIDE1,PEPTIDE1,1:R1-7:R2$$$",-5.20600000,ok,,flexible
"PEPTIDE1{Me_dA.L.Me_dL.meA.Me_Phe(3-Cl).meL.L}$PEPTIDE1,PEPTIDE1,1:R1-7:R2$$$",-5.40400000,ok,,flexible
"PEPTIDE1{Me_dA.meF.meA.Ser(tBu).meL.meL.T}$PEPTIDE1,PEPTIDE1,1:R1-7:R2$$$",-5.82500000,ok,,flexible
"PEPTIDE1{meA.T.dL.A.Me_dL.F.meL}$PEPTIDE1,PEPTIDE1,1:R1-7:R2$$$",-5.85300000,ok,,flexible
"PEPTIDE1{Me_Bal.Me_dA.dP.Me_dL.Ser(tBu).meL.A}$PEPTIDE1,PEPTIDE1,1:R1-7:R2$$$",-6.04600000,ok,,flexible
"PEPTIDE1{Sar.T.Mono86.P.dP.meL.L}$PEPTIDE1,PEPTIDE1,1:R1-7:R2$$$",-5.78400000,ok,,flexible
"PEPTIDE1{meA.V.meF.Ser(tBu).P.T.meL}$PEPTIDE1,PEPTIDE1,1:R1-7:R2$$$",-6.51100000,ok,,flexible
"PEPTIDE1{dV.meA.T.meV.meL.Me_Abu.L}$PEPTIDE1,PEPTIDE1,1:R1-7:R2$$$",-5.53000000,ok,,flexible
"PEPTIDE1{Me_dA.meF.Me_Phe(3-Cl).T.3Pal.I.Mono11}$PEPTIDE1,PEPTIDE1,1:R1-7:R2$$$",-6.01900000,ok,,flexible
"PEPTIDE1{Pr_Gly.dA.P.meA.meF.L.meA}$PEPTIDE1,PEPTIDE1,1:R1-7:R2$$$",-6.23300000,ok,,flexible
"PEPTIDE1{dV.P.meL.F.V.T.Ser(tBu)}$PEPTIDE1,PEPTIDE1,1:R1-7:R2$$$",-6.47500000,ok,,flexible
"PEPTIDE1{A.meL.P.Me_dL.P.F.dP}$PEPTIDE1,PEPTIDE1,1:R1-7:R2$$$",-7.46400000,ok,,flexible
"PEPTIDE1{dV.F.T.T.L.T.dL}$PEPTIDE1,PEPTIDE1,1:R1-7:R2$$$",-6.14700000,ok,,flexible
"PEPTIDE1{meA.Pr_Gly.F.A.L.dL.Me_dL}$PEPTIDE1,PEPTIDE1,1:R1-7:R2$$$",-5.72200000,ok,,flexible
"PEPTIDE1{meA.T.Me_dL.meL.Mono86.T.L}$PEPTIDE1,PEPTIDE1,1:R1-7:R2$$$",-5.68500000,ok,,flexible
"PEPTIDE1{dA.dP.L.P.Me_dL.Me_dA.Sar}$PEPTIDE1,PEPTIDE1,1:R1-7:R2$$$",-6.52100000,ok,,flexible
"PEPTIDE1{dA.P.F.meL.dL.A.meV}$PEPTIDE1,PEPTIDE1,1:R1-7:R2$$$",-6.58600000,ok,,flexible
"PEPTIDE1{meA.dP.A.F.meF.T.meI}$PEPTIDE1,PEPTIDE1,1:R1-7:R2$$$",-6.70400000,ok,,flexible
"PEPTIDE1{Sar.dP.Ser(tBu).T.P.meA.dP}$PEPTIDE1,PEPTIDE1,1:R1-7:R2$$$",-6.14700000,ok,,flexible
"PEPTIDE1{dV.L.Me_dA.meL.L.meL.meF}$PEPTIDE1,PEPTIDE1,1:R1-7:R2$$$",-5.67900000,ok,,flexible
"PEPTIDE1{L.dP.P.T.meV.V.dL}$PEPTIDE1,PEPTIDE1,1:R1-7:R2$$$",-5.71900000,ok,,flexible
"PEPTIDE1{Me_dA.P.meL.meF.P.T.meL}$PEPTIDE1,PEPTIDE1,1:R1-7:R2$$$",-6.14400000,ok,,flexible
"PEPTIDE1{L.Mono84.cHexCH2_Gly.I.L.T.Aoc(2)}$PEPTIDE1,PEPTIDE1,1:R1-7:R2$$$",-5.70800000,ok,,flexible
"PEPTIDE1{A.cHexCH2_Gly.pentyl_Gly.dP.Mono84.L.I}$PEPTIDE1,PEPTIDE1,1:R1-7:R2$$$",-5.59700000,ok,,flexible
"PEPTIDE1{Me_Bal.P.dP.meL.Me_dL.T.P}$PEPTIDE1,PEPTIDE1,1:R1-7:R2$$$",-6.06600000,ok,,flexible
"PEPTIDE1{dV.Me_Nle.Mono84.Me_Phe(3-Cl).L.dP.Mono34}$PEPTIDE1,PEPTIDE1,1:R1-7:R2$$$",-5.43300000,ok,,flexible
"PEPTIDE1{dV.meL.T.Me_dL.T.F.dL}$PEPTIDE1,PEPTIDE1,1:R1-7:R2$$$",-5.72800000,ok,,flexible
"PEPTIDE1{dF.meA.Mono6.L.dP.dA.F}$PEPTIDE1,PEPTIDE1,1:R1-7:R2$$$",-6.34600000,ok,,flexible
"PEPTIDE1{Me_Bal.L.meL.meL.P.P.Mono84}$PEPTIDE1,PEPTIDE1,1:R1-7:R2$$$",-6.81300000,ok,,flexible
"PEPTIDE1{meA.dP.T.P.P.meV.dL}$PEPTIDE1,PEPTIDE1,1:R1-7:R2$$$",-6.43600000,ok,,flexible
"PEPTIDE1{dA.meF.meA.G.A.L.T}$PEPTIDE1,PEPTIDE1,1:R1-7:R2$$$",-6.47400000,ok,,flexible
"PEPTIDE1{meL.meA.Me_dA.meF.dF.D.T}$PEPTIDE1,PEPTIDE1,1:R1-7:R2$$$",-6.27300000,ok,,flexible
"PEPTIDE1{Me_dL.A.P.Me_Abu.P.L.Me_dL}$PEPTIDE1,PEPTIDE1,1:R1-7:R2$$$",-5.86000000,ok,,flexible
"PEPTIDE1{meA.Me_dA.dP.meL.V.L.F}$PEPTIDE1,PEPTIDE1,1:R1-7:R2$$$",-6.40200000,ok,,flexible
"PEPTIDE1{dF.Mono11.L.Mono78.L.Mono84.T}$PEPTIDE1,PEPTIDE1,1:R1-7:R2$$$",-5.81400000,ok,,flexible
"PEPTIDE1{Pr_Gly.pentyl_Gly.A.3Pal.Me_Nle.Mono104.P}$PEPTIDE1,PEPTIDE1,1:R1-7:R2$$$",-5.68400000,ok,,flexible
"PEPTIDE1{dF.A.dL.Pr_Gly.Abu.Mono6.meL}$PEPTIDE1,PEPTIDE1,1:R1-7:R2$$$",-5.56600000,ok,,flexible
"PEPTIDE1{A.Pr_Gly.L.Ser(tBu).dP.P.L}$PEPTIDE1,PEPTIDE1,1:R1-7:R2$$$",-5.74000000,ok,,flexible
"PEPTIDE1{Me_dA.pentyl_Gly.P.Ser(tBu).Me_Phe(3-Cl).Mono100.dL}$PEPTIDE1,PEPTIDE1,1:R1-7:R2$$$",-5.36100000,ok,,flexible
"PEPTIDE1{dA.meL.meF.Me_dL.L.Me_dA.meY}$PEPTIDE1,PEPTIDE1,1:R1-7:R2$$$",-5.43200000,ok,,flexible
"PEPTIDE1{meA.Mono38.P.T.P.Mono84.Ser(tBu)}$PEPTIDE1,PEPTIDE1,1:R1-7:R2$$$",-5.57100000,ok,,flexible
"PEPTIDE1{dA.pentyl_Gly.F.Me_Abu.P.Me_dL.L}$PEPTIDE1,PEPTIDE1,1:R1-7:R2$$$",-5.68300000,ok,,flexible
"PEPTIDE1{dA.Me_dA.meL.P.T.dP.I}$PEPTIDE1,PEPTIDE1,1:R1-7:R2$$$",-6.43600000,ok,,flexible
"PEPTIDE1{dV.dP.Me_dAbu.pentyl_Gly.L.meL.F}$PEPTIDE1,PEPTIDE1,1:R1-7:R2$$$",-5.25800000,ok,,flexible
"PEPTIDE1{meA.Me_Nle.T.Me_dA.P.Me_Abu.P}$PEPTIDE1,PEPTIDE1,1:R1-7:R2$$$",-6.07300000,ok,,flexible
"PEPTIDE1{F.pentyl_Gly.Mono84.meL.L.I.dL}$PEPTIDE1,PEPTIDE1,1:R1-7:R2$$$",-6.09200000,ok,,flexible
"PEPTIDE1{dA.dP.P.T.P.Mono7.A}$PEPTIDE1,PEPTIDE1,1:R1-7:R2$$$",-7.06100000,ok,,flexible
"PEPTIDE1{dF.meS.dP.T.meL.P.meL}$PEPTIDE1,PEPTIDE1,1:R1-7:R2$$$",-6.21000000,ok,,flexible
"PEPTIDE1{Me_Bal.Me_dL.T.T.F.P.P}$PEPTIDE1,PEPTIDE1,1:R1-7:R2$$$",-7.15900000,ok,,flexible
"PEPTIDE1{Me_dA.T.meA.T.L.A.Asp_piperidide}$PEPTIDE1,PEPTIDE1,1:R1-7:R2$$$",-6.27100000,ok,,flexible
"PEPTIDE1{Pr_Gly.A.Me_Nle.meL.L.Me_dL.dL}$PEPTIDE1,PEPTIDE1,1:R1-7:R2$$$",-5.55700000,ok,,flexible
"PEPTIDE1{meA.Me_dL.P.meL.G.meI.V}$PEPTIDE1,PEPTIDE1,1:R1-7:R2$$$",-5.74600000,ok,,flexible
"PEPTIDE1{F.dP.dL.P.L.meA.Mono34}$PEPTIDE1,PEPTIDE1,1:R1-7:R2$$$",-5.95100000,ok,,flexible
"PEPTIDE1{A.G.dP.V.L.dL.meL}$PEPTIDE1,PEPTIDE1,1:R1-7:R2$$$",-5.45500000,ok,,flexible
"PEPTIDE1{Me_Bal.P.Ser(tBu).P.Me_Nle.meL.Nle}$PEPTIDE1,PEPTIDE1,1:R1-7:R2$$$",-4.96800000,ok,,flexible
"PEPTIDE1{F.pentyl_Gly.L.L.Mono86.Ser(tBu).Mono84}$PEPTIDE1,PEPTIDE1,1:R1-7:R2$$$",-5.39600000,ok,,flexible
"PEPTIDE1{Me_Bal.dP.P.Ser(tBu).Mono86.G.Mono2}$PEPTIDE1,PEPTIDE1,1:R1-7:R2$$$",-6.46400000,ok,,flexible
"PEPTIDE1{meL.Pr_Gly.F.T.A.L.P}$PEPTIDE1,PEPTIDE1,1:R1-7:R2$$$",-5.58800000,ok,,flexible
"PEPTIDE1{F.dF.L.Asp_piperidide.A.Ser(tBu).dL}$PEPTIDE1,PEPTIDE1,1:R1-7:R2$$$",-5.46500000,ok,,flexible
"PEPTIDE1{dF.Me_Nle.T.Ser(tBu).A.L.Me_Phe(3-Cl)}$PEPTIDE1,PEPTIDE1,1:R1-7:R2$$$",-5.45500000,ok,,flexible
"PEPTIDE1{dA.dP.L.F.P.meF.T}$PEPTIDE1,PEPTIDE1,1:R1-7:R2$$$",-6.33900000,ok,,flexible
"PEPTIDE1{dA.Sar.meA.meF.T.dP.meV}$PEPTIDE1,PEPTIDE1,1:R1-7:R2$$$",-7.36600000,ok,,flexible
"PEPTIDE1{Me_dA.dPye.Pr_Gly.Ser(tBu).L.Me_dL.Aib}$PEPTIDE1,PEPTIDE1,1:R1-7:R2$$$",-5.19300000,ok,,flexible
"PEPTIDE1{A.Me_dL.dP.Mono84.I.D.P}$PEPTIDE1,PEPTIDE1,1:R1-7:R2$$$",-7.25400000,ok,,flexible
"PEPTIDE1{Me_Bal.Pr_Gly.P.Me_dA.meL.Me_dL.dF}$PEPTIDE1,PEPTIDE1,1:R1-7:R2$$$",-6.12500000,ok,,flexible
"PEPTIDE1{A.Me_dL.meL.T.meA.P.T}$PEPTIDE1,PEPTIDE1,1:R1-7:R2$$$",-6.23100000,ok,,flexible
"PEPTIDE1{dF.dP.T.dL.P.Ser(tBu).L}$PEPTIDE1,PEPTIDE1,1:R1-7:R2$$$",-6.10000000,ok,,flexible
"PEPTIDE1{A.cHexCH2_Gly.Me_Nle.T.Ser(tBu).Mono86.Nle}$PEPTIDE1,PEPTIDE1,1:R1-7:R2$$$",-5.17300000,ok,,flexible
"PEPTIDE1{Mono6.G.meF.meA.T.P.meL}$PEPTIDE1,PEPTIDE1,1:R1-7:R2$$$",-6.46700000,ok,,flexible
"PEPTIDE1{dF.Mono38.Mono84.P.L.P.T}$PEPTIDE1,PEPTIDE1,1:R1-7:R2$$$",-6.73400000,ok,,flexible
"PEPTIDE1{A.L.Sar.meL.Ser(tBu).I.P}$PEPTIDE1,PEPTIDE1,1:R1-7:R2$$$",-5.69900000,ok,,flexible
"PEPTIDE1{dA.P.meL.Ser(tBu).Nle.meI.meA}$PEPTIDE1,PEPTIDE1,1:R1-7:R2$$$",-5.29200000,ok,,flexible
"PEPTIDE1{Me_Bal.dF.P.L.meL.Mono84.Et_Gly}$PEPTIDE1,PEPTIDE1,1:R1-7:R2$$$",-6.52100000,ok,,flexible
"PEPTIDE1{L.Me_dL.P.Me_dA.meA.dL.meA}$PEPTIDE1,PEPTIDE1,1:R1-7:R2$$$",-5.95500000,ok,,flexible
"PEPTIDE1{A.meL.dL.I.meF.P.F}$PEPTIDE1,PEPTIDE1,1:R1-7:R2$$$",-6.17500000,ok,,flexible
"PEPTIDE1{dA.A.Pr_Gly.dP.P.Me_dL.T}$PEPTIDE1,PEPTIDE1,1:R1-7:R2$$$",-5.60000000,ok,,flexible
"PEPTIDE1{Mono6.P.meL.dA.dP.T.P}$PEPTIDE1,PEPTIDE1,1:R1-7:R2$$$",-6.97600000,ok,,flexible
"PEPTIDE1{meA.cHexCH2_Gly.pentyl_Gly.L.P.dL.Mono84}$PEPTIDE1,PEPTIDE1,1:R1-7:R2$$$",-5.49400000,ok,,flexible
"PEPTIDE1{dF.pentyl_Gly.T.Me_Phe(3-Cl).P.T.P}$PEPTIDE1,PEPTIDE1,1:R1-7:R2$$$",-5.54300000,ok,,flexible
"PEPTIDE1{Me_dA.Mono38.meL.T.dP.I.dL}$PEPTIDE1,PEPTIDE1,1:R1-7:R2$$$",-5.49900000,ok,,flexible
"PEPTIDE1{dA.Mono38.Me_dL.Me_Nle.Nle.Ser(tBu).Me_Phe(3-Cl)}$PEPTIDE1,PEPTIDE1,1:R1-7:R2$$$",-5.59700000,ok,,flexible
"PEPTIDE1{Mono6.meS.dL.P.Ser(tBu).meL.Asp_piperidide}$PEPTIDE1,PEPTIDE1,1:R1-7:R2$$$",-6.02300000,ok,,flexible
"PEPTIDE1{dV.Me_dAbu.Me_Abu.L.Sar.meA.meF}$PEPTIDE1,PEPTIDE1,1:R1-7:R2$$$",-5.90600000,ok,,flexible
"PEPTIDE1{meA.T.L.Mono84.dL.dP.G}$PEPTIDE1,PEPTIDE1,1:R1-7:R2$$$",-6.63400000,ok,,flexible
"PEPTIDE1{F.T.meL.Me_Phe(3-Cl).dP.dL.Me_dL}$PEPTIDE1,PEPTIDE1,1:R1-7:R2$$$",-5.60800000,ok,,flexible
"PEPTIDE1{F.P.T.Me_dA.A.meL.meL}$PEPTIDE1,PEPTIDE1,1:R1-7:R2$$$",-5.73000000,ok,,flexible
"PEPTIDE1{dP.dA.V.meL.A.Me_dL.meL}$PEPTIDE1,PEPTIDE1,1:R1-7:R2$$$",-5.91900000,ok,,flexible
"PEPTIDE1{A.L.P.pentyl_Gly.Me_dA.meL.Me_dL}$PEPTIDE1,PEPTIDE1,1:R1-7:R2$$$",-5.32200000,ok,,flexible
"PEPTIDE1{Me_Bal.L.Me_Nle.P.A.dL.Mono86}$PEPTIDE1,PEPTIDE1,1:R1-7:R2$$$",-5.88300000,ok,,flexible
"PEPTIDE1{P.A.Me_Phe(3-Cl).3Pal.L.L.T}$PEPTIDE1,PEPTIDE1,1:R1-7:R2$$$",-6.20500000,ok,,flexible
"PEPTIDE1{Pr_Gly.Me_Nle.L.P.T.T.dL}$PEPTIDE1,PEPTIDE1,1:R1-7:R2$$$",-5.16700000,ok,,flexible
"PEPTIDE1{Mono6.A.meL.dL.P.Me_dL.D}$PEPTIDE1,PEPTIDE1,1:R1-7:R2$$$",-5.49300000,ok,,flexible
"PEPTIDE1{F.L.dP.P.meF.P.meL}$PEPTIDE1,PEPTIDE1,1:R1-7:R2$$$",-6.19300000,ok,,flexible
"PEPTIDE1{Me_Bal.Me_dL.L.Me_dA.Sar.dP.V}$PEPTIDE1,PEPTIDE1,1:R1-7:R2$$$",-6.83100000,ok,,flexible
"PEPTIDE1{Sar.meA.dP.meL.A.dP.F}$PEPTIDE1,PEPTIDE1,1:R1-7:R2$$$",-6.61000000,ok,,flexible
"PEPTIDE1{meF.P.T.L.Ser(tBu).Mono100.Me_dL}$PEPTIDE1,PEPTIDE1,1:R1-7:R2$$$",-5.57100000,ok,,flexible
"PEPTIDE1{A.meF.L.L.meL.V.dP}$PEPTIDE1,PEPTIDE1,1:R1-7:R2$$$",-6.25300000,ok,,flexible
"PEPTIDE1{Me_Bal.Me_dA.T.meL.Me_dL.meA.meL}$PEPTIDE1,PEPTIDE1,1:R1-7:R2$$$",-6.20500000,ok,,flexible
"PEPTIDE1{Me_Bal.Mono38.L.L.meL.I.Mono84}$PEPTIDE1,PEPTIDE1,1:R1-7:R2$$$",-5.31700000,ok,,flexible
"PEPTIDE1{dF.Me_dA.Sar.meA.meL.Me_dL.T}$PEPTIDE1,PEPTIDE1,1:R1-7:R2$$$",-5.66400000,ok,,flexible
"PEPTIDE1{meA.Me_Phe(3-Cl).Mono38.dL.Ser(tBu).P.meL}$PEPTIDE1,PEPTIDE1,1:R1-7:R2$$$",-5.73300000,ok,,flexible
"PEPTIDE1{meA.Me_dL.Me_dA.A.dP.meA.L}$PEPTIDE1,PEPTIDE1,1:R1-7:R2$$$",-6.43200000,ok,,flexible
"PEPTIDE1{dV.P.dL.L.Me_dL.Me_dA.T}$PEPTIDE1,PEPTIDE1,1:R1-7:R2$$$",-6.39000000,ok,,flexible
"PEPTIDE1{A.P.dP.meF.Me_dA.T.dP}$PEPTIDE1,PEPTIDE1,1:R1-7:R2$$$",-7.13100000,ok,,flexible
"PEPTIDE1{Me_dA.Me_dL.L.meF.A.Asp_piperidide.L}$PEPTIDE1,PEPTIDE1,1:R1-7:R2$$$",-5.08800000,ok,,flexible
"PEPTIDE1{Me_Bal.A.Me_dL.meL.Asp_piperidide.Mono6.P}$PEPTIDE1,PEPTIDE1,1:R1-7:R2$$$",-6.25900000,ok,,flexible
"PEPTIDE1{Pr_Gly.meL.Nle.T.meF.3Pal.dP}$PEPTIDE1,PEPTIDE1,1:R1-7:R2$$$",-5.26900000,ok,,flexible
"PEPTIDE1{dF.A.Me_Nle.T.P.Et_Gly.meL}$PEPTIDE1,PEPTIDE1,1:R1-7:R2$$$",-5.83000000,ok,,flexible
"PEPTIDE1{Mono6.meA.L.Mono7.L.T.meL}$PEPTIDE1,PEPTIDE1,1:R1-7:R2$$$",-6.60100000,ok,,flexible
"PEPTIDE1{meL.T.F.Me_dL.meF.H.L}$PEPTIDE1,PEPTIDE1,1:R1-7:R2$$$",-5.72500000,ok,,flexible
"PEPTIDE1{Me_dA.Me_Phe(3-Cl).Me_dL.dPye.dF.A.Asp_piperidide}$PEPTIDE1,PEPTIDE1,1:R1-7:R2$$$",-6.18000000,ok,,flexible
"PEPTIDE1{Me_Bal.L.V.dP.T.P.T}$PEPTIDE1,PEPTIDE1,1:R1-7:R2$$$",-6.01300000,ok,,flexible
"PEPTIDE1{dF.P.P.T.L.Asp_piperidide.meL}$PEPTIDE1,PEPTIDE1,1:R1-7:R2$$$",-6.08100000,ok,,flexible
"PEPTIDE1{Me_Bal.A.dP.meY.P.T.meL}$PEPTIDE1,PEPTIDE1,1:R1-7:R2$$$",-6.37900000,ok,,flexible
"PEPTIDE1{Mono6.T.meL.dL.dL.F.L}$PEPTIDE1,PEPTIDE1,1:R1-7:R2$$$",-5.45600000,ok,,flexible
"PEPTIDE1{meA.dF.L.pentyl_Gly.T.Mono84.meL}$PEPTIDE1,PEPTIDE1,1:R1-7:R2$$$",-5.28800000,ok,,flexible
"PEPTIDE1{meA.P.A.meF.meL.Me_dL.Me_dL}$PEPTIDE1,PEPTIDE1,1:R1-7:R2$$$",-5.43100000,ok,,flexible
"PEPTIDE1{A.Me_Nle.F.P.dL.Me_Phe(3-Cl).T}$PEPTIDE1,PEPTIDE1,1:R1-7:R2$$$",-5.96800000,ok,,flexible
"PEPTIDE1{dV.Me_dL.meL.T.P.meI.V}$PEPTIDE1,PEPTIDE1,1:R1-7:R2$$$",-5.44600000,ok,,flexible
"PEPTIDE1{L.dP.dL.meL.Mono78.L.I}$PEPTIDE1,PEPTIDE1,1:R1-7:R2$$$",-5.17900000,ok,,flexible
"PEPTIDE1{A.P.dP.meF.L.meL.T}$PEPTIDE1,PEPTIDE1,1:R1-7:R2$$$",-6.26700000,ok,,flexible
"PEPTIDE1{dA.Me_dL.Sar.F.Mono11.meL.dP}$PEPTIDE1,PEPTIDE1,1:R1-7:R2$$$",-5.80300000,ok,,flexible
"PEPTIDE1{A.F.dP.meA.Me_dL.dL.L}$PEPTIDE1,PEPTIDE1,1:R1-7:R2$$$",-6.37800000,ok,,flexible
"PEPTIDE1{dP.G.meA.dF.meL.A.F}$PEPTIDE1,PEPTIDE1,1:R1-7:R2$$$",-6.66500000,ok,,flexible
"PEPTIDE1{Pr_Gly.Mono38.Me_Nle.A.P.meL.Mono104}$PEPTIDE1,PEPTIDE1,1:R1-7:R2$$$",-5.90200000,ok,,flexible
"PEPTIDE1{dA.meA.Sar.L.V.P.meL}$PEPTIDE1,PEPTIDE1,1:R1-7:R2$$$",-6.03900000,ok,,flexible
"PEPTIDE1{A.meA.meL.G.Me_dA.L.T}$PEPTIDE1,PEPTIDE1,1:R1-7:R2$$$",-6.01500000,ok,,flexible
"PEPTIDE1{Sar.P.T.dP.T.Me_dL.meA}$PEPTIDE1,PEPTIDE1,1:R1-7:R2$$$",-6.93500000,ok,,flexible
"PEPTIDE1{meA.dPye.Me_dL.F.meF.Asp_piperidide.Mono7}$PEPTIDE1,PEPTIDE1,1:R1-7:R2$$$",-5.95500000,ok,,flexible
"PEPTIDE1{Pr_Gly.Mono38.Ser(tBu).Me_Nle.meL.A.meL}$PEPTIDE1,PEPTIDE1,1:R1-7:R2$$$",-4.87200000,ok,,flexible
"PEPTIDE1{meF.A.Me_Nle.Mono84.P.P.Et_Gly}$PEPTIDE1,PEPTIDE1,1:R1-7:R2$$$",-6.69400000,ok,,flexible
"PEPTIDE1{dV.dP.P.meL.dL.T.T}$PEPTIDE1,PEPTIDE1,1:R1-7:R2$$$",-5.34500000,ok,,flexible
"PEPTIDE1{meA.meS.meL.Me_dA.meA.Me_dL.P}$PEPTIDE1,PEPTIDE1,1:R1-7:R2$$$",-6.24400000,ok,,flexible
"PEPTIDE1{Mono6.Me_dA.L.T.Asp_piperidide.V.meL}$PEPTIDE1,PEPTIDE1,1:R1-7:R2$$$",-5.32400000,ok,,flexible
"PEPTIDE1{dF.Mono38.Mono78.Mono84.L.I.3Pal}$PEPTIDE1,PEPTIDE1,1:R1-7:R2$$$",-6.12500000,ok,,flexible
"PEPTIDE1{dV.pentyl_Gly.Me_dL.meL.P.F.T}$PEPTIDE1,PEPTIDE1,1:R1-7:R2$$$",-5.18300000,ok,,flexible
"PEPTIDE1{Me_dA.F.meL.dP.Ser(tBu).dL.Me_dL}$PEPTIDE1,PEPTIDE1,1:R1-7:R2$$$",-5.92500000,ok,,flexible
"PEPTIDE1{Mono6.A.meS.L.meL.dA.meL}$PEPTIDE1,PEPTIDE1,1:R1-7:R2$$$",-5.56000000,ok,,flexible
"PEPTIDE1{dA.Mono38.Mono84.T.P.I.dP}$PEPTIDE1,PEPTIDE1,1:R1-7:R2$$$",-5.99200000,ok,,flexible
"PEPTIDE1{dV.Me_dA.Me_dL.L.Et_Gly.L.D}$PEPTIDE1,PEPTIDE1,1:R1-7:R2$$$",-5.44400000,ok,,flexible
"PEPTIDE1{meA.T.I.meL.Ser(tBu).V.dL}$PEPTIDE1,PEPTIDE1,1:R1-7:R2$$$",-5.26000000,ok,,flexible
"PEPTIDE1{F.meL.dP.T.meA.L.dA}$PEPTIDE1,PEPTIDE1,1:R1-7:R2$$$",-5.81500000,ok,,flexible
"PEPTIDE1{Me_Bal.Mono38.dP.T.V.P.dL}$PEPTIDE1,PEPTIDE1,1:R1-7:R2$$$",-6.52400000,ok,,flexible
"PEPTIDE1{F.Me_Nle.cHexCH2_Gly.Et_Gly.pentyl_Gly.L.meL}$PEPTIDE1,PEPTIDE1,1:R1-7:R2$$$",-4.85700000,ok,,flexible
"PEPTIDE1{dA.P.meL.meV.Me_dL.Aib.dL}$PEPTIDE1,PEPTIDE1,1:R1-7:R2$$$",-5.29500000,ok,,flexible
"PEPTIDE1{dA.Mono38.P.pentyl_Gly.I.Et_Gly.T}$PEPTIDE1,PEPTIDE1,1:R1-7:R2$$$",-5.46600000,ok,,flexible
"PEPTIDE1{L.pentyl_Gly.A.T.Nle.dL.P}$PEPTIDE1,PEPTIDE1,1:R1-7:R2$$$",-5.63900000,ok,,flexible
"PEPTIDE1{dV.meA.meL.A.T.F.Me_dL}$PEPTIDE1,PEPTIDE1,1:R1-7:R2$$$",-6.18100000,ok,,flexible
"PEPTIDE1{Me_dA.meA.I.Ser(tBu).P.V.dL}$PEPTIDE1,PEPTIDE1,1:R1-7:R2$$$",-5.75600000,ok,,flexible
"PEPTIDE1{A.P.F.meL.I.L.dP}$PEPTIDE1,PEPTIDE1,1:R1-7:R2$$$",-5.75700000,ok,,flexible
"PEPTIDE1{Me_dA.G.Me_dL.Me_dL.dL.T.F}$PEPTIDE1,PEPTIDE1,1:R1-7:R2$$$",-5.57300000,ok,,flexible
"PEPTIDE1{dV.meA.meV.Mono7.P.meL.Et_Gly}$PEPTIDE1,PEPTIDE1,1:R1-7:R2$$$",-6.08400000,ok,,flexible
"PEPTIDE1{dF.Me_Nle.P.A.Mono86.Nle.cHexCH2_Gly}$PEPTIDE1,PEPTIDE1,1:R1-7:R2$$$",-5.83400000,ok,,flexible
"PEPTIDE1{L.dP.T.Ser(tBu).dL.V.L}$PEPTIDE1,PEPTIDE1,1:R1-7:R2$$$",-5.71700000,ok,,flexible
"PEPTIDE1{dF.Ser(tBu).P.3Pal.A.meF.Me_Phe(3-Cl)}$PEPTIDE1,PEPTIDE1,1:R1-7:R2$$$",-6.03600000,ok,,flexible
"PEPTIDE1{Me_Bal.T.dP.Me_dL.Me_dA.Sar.dL}$PEPTIDE1,PEPTIDE1,1:R1-7:R2$$$",-6.07900000,ok,,flexible
"PEPTIDE1{A.meA.meF.dP.T.L.F}$PEPTIDE1,PEPTIDE1,1:R1-7:R2$$$",-6.74300000,ok,,flexible
"PEPTIDE1{Me_dA.A.L.3Pal.meF.meL.T}$PEPTIDE1,PEPTIDE1,1:R1-7:R2$$$",-5.90000000,ok,,flexible
"PEPTIDE1{Me_Bal.L.dL.P.Ser(tBu).dP.T}$PEPTIDE1,PEPTIDE1,1:R1-7:R2$$$",-5.47700000,ok,,flexible
"PEPTIDE1{Me_dA.pentyl_Gly.P.T.F.L.L}$PEPTIDE1,PEPTIDE1,1:R1-7:R2$$$",-5.72600000,ok,,flexible
"PEPTIDE1{Me_dA.meL.P.G.L.Me_Nle.dP}$PEPTIDE1,PEPTIDE1,1:R1-7:R2$$$",-5.79400000,ok,,flexible
"PEPTIDE1{dA.Me_Nle.P.meF.Ser(tBu).L.dP}$PEPTIDE1,PEPTIDE1,1:R1-7:R2$$$",-5.49300000,ok,,flexible
"PEPTIDE1{Me_Bal.Pr_Gly.I.A.meL.meA.T}$PEPTIDE1,PEPTIDE1,1:R1-7:R2$$$",-6.08400000,ok,,flexible
"PEPTIDE1{F.pentyl_Gly.Mono84.meL.3Pal.P.Ser(tBu)}$PEPTIDE1,PEPTIDE1,1:R1-7:R2$$$",-5.88300000,ok,,flexible
"PEPTIDE1{Me_dA.P.meF.Me_dL.T.F.L}$PEPTIDE1,PEPTIDE1,1:R1-7:R2$$$",-6.07300000,ok,,flexible
"PEPTIDE1{dA.dPye.P.meA.Me_dL.Ser(tBu).meL}$PEPTIDE1,PEPTIDE1,1:R1-7:R2$$$",-5.81000000,ok,,flexible
"PEPTIDE1{meA.meL.meL.T.L.A.F}$PEPTIDE1,PEPTIDE1,1:R1-7:R2$$$",-5.84800000,ok,,flexible
"PEPTIDE1{meA.Me_dA.A.meL.F.P.T}$PEPTIDE1,PEPTIDE1,1:R1-7:R2$$$",-6.89700000,ok,,flexible
"PEPTIDE1{meA.L.T.meL.P.Mono7.dP}$PEPTIDE1,PEPTIDE1,1:R1-7:R2$$$",-6.57400000,ok,,flexible
"PEPTIDE1{Me_dA.dP.Me_dL.Me_dL.meL.F.T}$PEPTIDE1,PEPTIDE1,1:R1-7:R2$$$",-5.60200000,ok,,flexible
"PEPTIDE1{Me_dA.dL.dF.Pr_Gly.F.meL.dL}$PEPTIDE1,PEPTIDE1,1:R1-7:R2$$$",-6.21000000,ok,,flexible
"PEPTIDE1{dA.meA.Me_dL.meL.F.meV.L}$PEPTIDE1,PEPTIDE1,1:R1-7:R2$$$",-5.50900000,ok,,flexible
"PEPTIDE1{dV.dF.T.A.P.F.Ser(tBu)}$PEPTIDE1,PEPTIDE1,1:R1-7:R2$$$",-6.68000000,ok,,flexible
"PEPTIDE1{Me_Bal.Mono38.L.F.P.L.Mono84}$PEPTIDE1,PEPTIDE1,1:R1-7:R2$$$",-6.26700000,ok,,flexible
"PEPTIDE1{dV.dP.T.D.T.Ser(tBu).3Pal}$PEPTIDE1,PEPTIDE1,1:R1-7:R2$$$",-5.05500000,ok,,flexible
"PEPTIDE1{L.dF.T.meL.dP.Sar.A}$PEPTIDE1,PEPTIDE1,1:R1-7:R2$$$",-6.61800000,ok,,flexible
"PEPTIDE1{Mono6.P.dP.T.meF.T.meL}$PEPTIDE1,PEPTIDE1,1:R1-7:R2$$$",-6.31700000,ok,,flexible
"PEPTIDE1{A.cHexCH2_Gly.Mono84.P.meL.Sar.P}$PEPTIDE1,PEPTIDE1,1:R1-7:R2$$$",-6.52300000,ok,,flexible
"PEPTIDE1{dA.Me_dL.meL.L.meA.F.pentyl_Gly}$PEPTIDE1,PEPTIDE1,1:R1-7:R2$$$",-4.85500000,ok,,flexible
"PEPTIDE1{P.meA.A.meL.dL.Me_dL.L}$PEPTIDE1,PEPTIDE1,1:R1-7:R2$$$",-5.70400000,ok,,flexible
"PEPTIDE1{Me_Bal.F.Me_Phe(3-Cl).I.P.T.L}$PEPTIDE1,PEPTIDE1,1:R1-7:R2$$$",-6.19900000,ok,,flexible
"PEPTIDE1{Me_Bal.dA.meF.L.P.I.T}$PEPTIDE1,PEPTIDE1,1:R1-7:R2$$$",-5.81300000,ok,,flexible
"PEPTIDE1{Me_dA.meL.Mono6.Me_dL.meA.P.meF}$PEPTIDE1,PEPTIDE1,1:R1-7:R2$$$",-6.06400000,ok,,flexible
"PEPTIDE1{L.cHexCH2_Gly.P.dP.meL.Mono100.Ser(tBu)}$PEPTIDE1,PEPTIDE1,1:R1-7:R2$$$",-5.28300000,ok,,flexible
"PEPTIDE1{dV.Me_dA.T.V.dL.P.T}$PEPTIDE1,PEPTIDE1,1:R1-7:R2$$$",-6.57600000,ok,,flexible
"PEPTIDE1{dF.meL.Mono84.P.dP.T.meF}$PEPTIDE1,PEPTIDE1,1:R1-7:R2$$$",-6.63100000,ok,,flexible
"PEPTIDE1{Mono6.Pr_Gly.meL.F.dP.dL.Me_dL}$PEPTIDE1,PEPTIDE1,1:R1-7:R2$$$",-5.52400000,ok,,flexible
"PEPTIDE1{meL.A.L.Ser(tBu).meF.P.Mono34}$PEPTIDE1,PEPTIDE1,1:R1-7:R2$$$",-6.16900000,ok,,flexible
"PEPTIDE1{F.L.Mono38.pentyl_Gly.A.I.G}$PEPTIDE1,PEPTIDE1,1:R1-7:R2$$$",-5.36300000,ok,,flexible
"PEPTIDE1{Me_Bal.Me_Nle.Me_dL.meA.cHexCH2_Gly.Ser(tBu).F}$PEPTIDE1,PEPTIDE1,1:R1-7:R2$$$",-5.35600000,ok,,flexible
"PEPTIDE1{Mono6.3Pal.Me_Abu.L.meF.T.T}$PEPTIDE1,PEPTIDE1,1:R1-7:R2$$$",-5.72200000,ok,,flexible
"PEPTIDE1{L.F.P.Mono78.T.V.A}$PEPTIDE1,PEPTIDE1,1:R1-7:R2$$$",-6.52500000,ok,,flexible
"PEPTIDE1{Me_Bal.dP.Pr_Gly.T.Me_dL.meL.P}$PEPTIDE1,PEPTIDE1,1:R1-7:R2$$$",-6.59600000,ok,,flexible
"PEPTIDE1{F.Me_Phe(3-Cl).L.3Pal.dL.P.Et_Gly}$PEPTIDE1,PEPTIDE1,1:R1-7:R2$$$",-6.30500000,ok,,flexible
"PEPTIDE1{Mono6.cHexCH2_Gly.dP.A.Mono84.meL.T}$PEPTIDE1,PEPTIDE1,1:R1-7:R2$$$",-6.58600000,ok,,flexible
"PEPTIDE1{A.F.T.L.meL.Mono84.dL}$PEPTIDE1,PEPTIDE1,1:R1-7:R2$$$",-6.87600000,ok,,flexible
"PEPTIDE1{Me_Bal.P.Mono84.L.T.I.meL}$PEPTIDE1,PEPTIDE1,1:R1-7:R2$$$",-6.14900000,ok,,flexible
"PEPTIDE1{Me_Bal.dP.P.T.dP.meL.F}$PEPTIDE1,PEPTIDE1,1:R1-7:R2$$$",-6.61900000,ok,,flexible
"PEPTIDE1{A.P.Me_dL.meL.Nle.meA.T}$PEPTIDE1,PEPTIDE1,1:R1-7:R2$$$",-5.54400000,ok,,flexible
"PEPTIDE1{meA.Me_dA.Me_dL.meL.G.Ser(tBu).V}$PEPTIDE1,PEPTIDE1,1:R1-7:R2$$$",-5.65400000,ok,,flexible
"PEPTIDE1{Me_Bal.meA.meL.L.T.meL.Ser(tBu)}$PEPTIDE1,PEPTIDE1,1:R1-7:R2$$$",-5.53400000,ok,,flexible
"PEPTIDE1{F.L.Me_Nle.P.meL.Me_Phe(3-Cl).dL}$PEPTIDE1,PEPTIDE1,1:R1-7:R2$$$",-5.66500000,ok,,flexible
"PEPTIDE1{A.dP.Me_dL.P.Me_dA.dV.F}$PEPTIDE1,PEPTIDE1,1:R1-7:R2$$$",-6.80100000,ok,,flexible
"PEPTIDE1{A.Pr_Gly.Ser(tBu).F.F.Me_dL.dL}$PEPTIDE1,PEPTIDE1,1:R1-7:R2$$$",-5.53500000,ok,,flexible
"PEPTIDE1{F.A.Nle.meF.dL.L.T}$PEPTIDE1,PEPTIDE1,1:R1-7:R2$$$",-5.14400000,ok,,flexible
"PEPTIDE1{dF.L.pentyl_Gly.Ser(tBu).meL.Me_Nle.dP}$PEPTIDE1,PEPTIDE1,1:R1-7:R2$$$",-5.34000000,ok,,flexible
"PEPTIDE1{F.Mono38.A.P.L.meL.I}$PEPTIDE1,PEPTIDE1,1:R1-7:R2$$$",-6.08100000,ok,,flexible
"PEPTIDE1{Sar.meA.dP.Me_dL.meL.L.P}$PEPTIDE1,PEPTIDE1,1:R1-7:R2$$$",-6.13000000,ok,,flexible
"PEPTIDE1{Me_dA.meA.Me_dL.L.I.meL.T}$PEPTIDE1,PEPTIDE1,1:R1-7:R2$$$",-5.06600000,ok,,flexible
"PEPTIDE1{meA.meA.P.P.T.L.pentyl_Gly}$PEPTIDE1,PEPTIDE1,1:R1-7:R2$$$",-5.63900000,ok,,flexible
"PEPTIDE1{meA.meL.P.V.T.T.dP}$PEPTIDE1,PEPTIDE1,1:R1-7:R2$$$",-6.23800000,ok,,flexible
"PEPTIDE1{Me_Bal.dL.F.T.Ser(tBu).Asp_piperidide.P}$PEPTIDE1,PEPTIDE1,1:R1-7:R2$$$",-6.55600000,ok,,flexible
"PEPTIDE1{A.F.meA.Mono78.T.I.Mono84}$PEPTIDE1,PEPTIDE1,1:R1-7:R2$$$",-6.55300000,ok,,flexible
"PEPTIDE1{Sar.A.I.meA.meV.P.Me_dL}$PEPTIDE1,PEPTIDE1,1:R1-7:R2$$$",-5.81000000,ok,,flexible
"PEPTIDE1{Pr_Gly.meL.F.meL.V.T.L}$PEPTIDE1,PEPTIDE1,1:R1-7:R2$$$",-4.95800000,ok,,flexible
"PEPTIDE1{A.dP.T.meL.meF.meL.F}$PEPTIDE1,PEPTIDE1,1:R1-7:R2$$$",-5.86700000,ok,,flexible
"PEPTIDE1{A.F.P.Mono84.meA.T.I}$PEPTIDE1,PEPTIDE1,1:R1-7:R2$$$",-6.27600000,ok,,flexible
"PEPTIDE1{Mono6.meA.Ser(tBu).P.dP.dL.Me_dL}$PEPTIDE1,PEPTIDE1,1:R1-7:R2$$$",-5.71500000,ok,,flexible
"PEPTIDE1{dV.L.F.T.dP.Ser(tBu).meL}$PEPTIDE1,PEPTIDE1,1:R1-7:R2$$$",-5.48700000,ok,,flexible
"PEPTIDE1{F.pentyl_Gly.P.T.P.Me_Nle.meL}$PEPTIDE1,PEPTIDE1,1:R1-7:R2$$$",-5.53300000,ok,,flexible
"PEPTIDE1{dA.I.meL.L.dP.T.meA}$PEPTIDE1,PEPTIDE1,1:R1-7:R2$$$",-6.05800000,ok,,flexible
"PEPTIDE1{Pr_Gly.A.3Pal.L.dA.dL.meL}$PEPTIDE1,PEPTIDE1,1:R1-7:R2$$$",-5.39000000,ok,,flexible
"PEPTIDE1{Me_dL.Me_dL.meL.meA.meY.P.dV}$PEPTIDE1,PEPTIDE1,1:R1-7:R2$$$",-6.39400000,ok,,flexible
"PEPTIDE1{Me_dA.meF.dP.P.V.meL.meA}$PEPTIDE1,PEPTIDE1,1:R1-7:R2$$$",-6.82900000,ok,,flexible
"PEPTIDE1{A.dA.meL.P.meA.L.F}$PEPTIDE1,PEPTIDE1,1:R1-7:R2$$$",-6.79700000,ok,,flexible
"PEPTIDE1{meF.T.Nle.L.P.Ser(tBu).A}$PEPTIDE1,PEPTIDE1,1:R1-7:R2$$$",-5.51900000,ok,,flexible
"PEPTIDE1{Mono6.P.Me_dL.meL.dL.A.L}$PEPTIDE1,PEPTIDE1,1:R1-7:R2$$$",-5.36200000,ok,,flexible
"PEPTIDE1{A.T.meL.Mono38.L.I.meF}$PEPTIDE1,PEPTIDE1,1:R1-7:R2$$$",-5.47900000,ok,,flexible
"PEPTIDE1{dA.Me_dL.P.G.meL.T.L}$PEPTIDE1,PEPTIDE1,1:R1-7:R2$$$",-5.84700000,ok,,flexible
"PEPTIDE1{Mono6.cHexCH2_Gly.Me_Nle.P.dP.Mono84.Mono84}$PEPTIDE1,PEPTIDE1,1:R1-7:R2$$$",-6.75400000,ok,,flexible
"PEPTIDE1{A.Pr_Gly.Me_dL.meF.meL.Sar.meV}$PEPTIDE1,PEPTIDE1,1:R1-7:R2$$$",-5.99300000,ok,,flexible
"PEPTIDE1{Pr_Gly.L.meL.meL.T.I.dL}$PEPTIDE1,PEPTIDE1,1:R1-7:R2$$$",-4.90400000,ok,,flexible
"PEPTIDE1{meA.Me_dA.L.meL.G.I.dL}$PEPTIDE1,PEPTIDE1,1:R1-7:R2$$$",-5.78200000,ok,,flexible
"PEPTIDE1{meA.Me_dA.L.Me_dL.P.L.dL}$PEPTIDE1,PEPTIDE1,1:R1-7:R2$$$",-6.16300000,ok,,flexible
"PEPTIDE1{dF.Ala(5-Tet).meL.meL.A.dA.T}$PEPTIDE1,PEPTIDE1,1:R1-7:R2$$$",-5.58600000,ok,,flexible
"PEPTIDE1{dA.pentyl_Gly.A.Me_Nle.Bn_Gly.I.dL}$PEPTIDE1,PEPTIDE1,1:R1-7:R2$$$",-4.93800000,ok,,flexible
"PEPTIDE1{meA.T.P.P.P.T.L}$PEPTIDE1,PEPTIDE1,1:R1-7:R2$$$",-6.26600000,ok,,flexible
"PEPTIDE1{Me_Bal.meL.A.I.meA.F.G}$PEPTIDE1,PEPTIDE1,1:R1-7:R2$$$",-6.20000000,ok,,flexible
"PEPTIDE1{Me_dA.meA.L.dP.Sar.meL.A}$PEPTIDE1,PEPTIDE1,1:R1-7:R2$$$",-6.37300000,ok,,flexible
"PEPTIDE1{Sar.T.P.V.dP.L.P}$PEPTIDE1,PEPTIDE1,1:R1-7:R2$$$",-6.58700000,ok,,flexible
"PEPTIDE1{Me_dA.A.Mono84.Ser(tBu).P.meL.Me_Phe(3-Cl)}$PEPTIDE1,PEPTIDE1,1:R1-7:R2$$$",-6.24500000,ok,,flexible
"PEPTIDE1{dA.L.Me_dL.meA.F.T.I}$PEPTIDE1,PEPTIDE1,1:R1-7:R2$$$",-5.57800000,ok,,flexible
"PEPTIDE1{P.Pr_Gly.Me_dA.A.dL.F.dA}$PEPTIDE1,PEPTIDE1,1:R1-7:R2$$$",-6.29000000,ok,,flexible
"PEPTIDE1{Mono6.cHexCH2_Gly.L.T.Ser(tBu).Mono38.Mono84}$PEPTIDE1,PEPTIDE1,1:R1-7:R2$$$",-5.98700000,ok,,flexible
"PEPTIDE1{F.Mono38.Mono38.Me_Nle.dL.meA.Me_dL}$PEPTIDE1,PEPTIDE1,1:R1-7:R2$$$",-5.24100000,ok,,flexible
"PEPTIDE1{Mono6.A.L.meF.F.meA.dL}$PEPTIDE1,PEPTIDE1,1:R1-7:R2$$$",-6.07300000,ok,,flexible
"PEPTIDE1{F.A.L.Mono84.P.Et_Gly.Mono86}$PEPTIDE1,PEPTIDE1,1:R1-7:R2$$$",-6.08600000,ok,,flexible
"PEPTIDE1{F.Me_dL.Me_dA.P.meA.meL.dP}$PEPTIDE1,PEPTIDE1,1:R1-7:R2$$$",-6.46000000,ok,,flexible
"PEPTIDE1{dV.pentyl_Gly.Me_dL.meL.meA.T.A}$PEPTIDE1,PEPTIDE1,1:R1-7:R2$$$",-5.86800000,ok,,flexible
"PEPTIDE1{Mono6.P.Me_Nle.meL.meL.meF.Ser(tBu)}$PEPTIDE1,PEPTIDE1,1:R1-7:R2$$$",-5.95600000,ok,,flexible
"PEPTIDE1{Me_Bal.A.P.Me_dA.L.F.T}$PEPTIDE1,PEPTIDE1,1:R1-7:R2$$$",-6.62700000,ok,,flexible
"PEPTIDE1{Mono6.Ser(tBu).meF.meL.meL.Ser(tBu).P}$PEPTIDE1,PEPTIDE1,1:R1-7:R2$$$",-5.77400000,ok,,flexible
"PEPTIDE1{Pr_Gly.T.P.meL.meI.meF.L}$PEPTIDE1,PEPTIDE1,1:R1-7:R2$$$",-5.77900000,ok,,flexible
"PEPTIDE1{dF.Sar.dP.Mono84.dP.T.P}$PEPTIDE1,PEPTIDE1,1:R1-7:R2$$$",-7.45900000,ok,,flexible
"PEPTIDE1{dA.meA.dL.Me_dL.F.meL.meL}$PEPTIDE1,PEPTIDE1,1:R1-7:R2$$$",-5.52400000,ok,,flexible
"PEPTIDE1{Me_Bal.L.P.Ser(tBu).meL.Me_dL.dP}$PEPTIDE1,PEPTIDE1,1:R1-7:R2$$$",-5.79600000,ok,,flexible
"PEPTIDE1{dV.Sar.meL.Mono10.T.A.P}$PEPTIDE1,PEPTIDE1,1:R1-7:R2$$$",-7.02400000,ok,,flexible
"PEPTIDE1{dA.dP.T.Ser(tBu).P.T.L}$PEPTIDE1,PEPTIDE1,1:R1-7:R2$$$",-5.35900000,ok,,flexible
"PEPTIDE1{Sar.meL.P.T.P.I.F}$PEPTIDE1,PEPTIDE1,1:R1-7:R2$$$",-6.86000000,ok,,flexible
"PEPTIDE1{meA.meF.F.I.L.dP.G}$PEPTIDE1,PEPTIDE1,1:R1-7:R2$$$",-6.70000000,ok,,flexible
"PEPTIDE1{meA.P.meL.3Pal.L.L.A}$PEPTIDE1,PEPTIDE1,1:R1-7:R2$$$",-5.82900000,ok,,flexible
"PEPTIDE1{F.P.T.Nle.T.L.P}$PEPTIDE1,PEPTIDE1,1:R1-7:R2$$$",-6.49100000,ok,,flexible
"PEPTIDE1{P.Me_dA.A.T.meL.Ser(tBu).I}$PEPTIDE1,PEPTIDE1,1:R1-7:R2$$$",-6.20100000,ok,,flexible
"PEPTIDE1{Me_Bal.Pr_Gly.Ser(tBu).dL.meL.F.Me_dL}$PEPTIDE1,PEPTIDE1,1:R1-7:R2$$$",-5.16800000,ok,,flexible
"PEPTIDE1{dA.cHexCH2_Gly.Et_Gly.Mono86.L.Mono84.Mono84}$PEPTIDE1,PEPTIDE1,1:R1-7:R2$$$",-5.86800000,ok,,flexible
"PEPTIDE1{dA.T.P.dL.Me_dA.pentyl_Gly.dL}$PEPTIDE1,PEPTIDE1,1:R1-7:R2$$$",-5.39000000,ok,,flexible
"PEPTIDE1{Mono6.P.Me_dL.Me_dA.Me_dL.T.dF}$PEPTIDE1,PEPTIDE1,1:R1-7:R2$$$",-6.89800000,ok,,flexible
"PEPTIDE1{Me_Bal.T.meL.meF.L.F.meL}$PEPTIDE1,PEPTIDE1,1:R1-7:R2$$$",-6.36900000,ok,,flexible
"PEPTIDE1{dA.Sar.Ser(tBu).meL.I.Nle.Ser(tBu)}$PEPTIDE1,PEPTIDE1,1:R1-7:R2$$$",-6.06800000,ok,,flexible
"PEPTIDE1{dV.P.T.I.3Pal.A.F}$PEPTIDE1,PEPTIDE1,1:R1-7:R2$$$",-6.40200000,ok,,flexible
"PEPTIDE1{Mono6.Me_dA.meL.dP.T.meY.F}$PEPTIDE1,PEPTIDE1,1:R1-7:R2$$$",-7.10100000,ok,,flexible
"PEPTIDE1{Me_dA.G.Me_dL.Me_dL.dP.meL.meL}$PEPTIDE1,PEPTIDE1,1:R1-7:R2$$$",-5.60500000,ok,,flexible
"PEPTIDE1{Me_dA.A.meY.P.Ser(tBu).meF.meL}$PEPTIDE1,PEPTIDE1,1:R1-7:R2$$$",-6.29900000,ok,,flexible
"PEPTIDE1{Pr_Gly.A.Mono6.Me_dL.L.P.meL}$PEPTIDE1,PEPTIDE1,1:R1-7:R2$$$",-6.06100000,ok,,flexible
"PEPTIDE1{Me_dA.cHexCH2_Gly.dL.T.Ser(tBu).meL.A}$PEPTIDE1,PEPTIDE1,1:R1-7:R2$$$",-5.52100000,ok,,flexible
"PEPTIDE1{meA.Me_dA.meI.meL.F.T.I}$PEPTIDE1,PEPTIDE1,1:R1-7:R2$$$",-5.74400000,ok,,flexible
"PEPTIDE1{A.meF.Ser(tBu).meA.meL.T.Me_dA}$PEPTIDE1,PEPTIDE1,1:R1-7:R2$$$",-6.41800000,ok,,flexible
"PEPTIDE1{meA.P.meF.Me_dL.L.pentyl_Gly.meL}$PEPTIDE1,PEPTIDE1,1:R1-7:R2$$$",-5.36400000,ok,,flexible
"PEPTIDE1{dF.pentyl_Gly.T.Mono38.Ser(tBu).cHexCH2_Gly.Nle}$PEPTIDE1,PEPTIDE1,1:R1-7:R2$$$",-5.34500000,ok,,flexible
"PEPTIDE1{Pr_Gly.T.L.Mono84.dL.M.dV}$PEPTIDE1,PEPTIDE1,1:R1-7:R2$$$",-5.19800000,ok,,flexible
"PEPTIDE1{dF.Me_dL.dP.Me_dL.T.dL.dP}$PEPTIDE1,PEPTIDE1,1:R1-7:R2$$$",-6.79800000,ok,,flexible
"PEPTIDE1{Me_dA.P.meA.Mono86.Sar.meL.Mono2}$PEPTIDE1,PEPTIDE1,1:R1-7:R2$$$",-6.98200000,ok,,flexible
"PEPTIDE1{dV.pentyl_Gly.meL.Ser(tBu).P.I.L}$PEPTIDE1,PEPTIDE1,1:R1-7:R2$$$",-4.86000000,ok,,flexible
"PEPTIDE1{Me_dA.pentyl_Gly.L.A.Me_Phe(3-Cl).Mono38.Nle}$PEPTIDE1,PEPTIDE1,1:R1-7:R2$$$",-5.36500000,ok,,flexible
"PEPTIDE1{A.T.meA.Ser(tBu).dP.meL.T}$PEPTIDE1,PEPTIDE1,1:R1-7:R2$$$",-6.76300000,ok,,flexible
"PEPTIDE1{A.P.L.meL.L.P.T}$PEPTIDE1,PEPTIDE1,1:R1-7:R2$$$",-5.73300000,ok,,flexible
"PEPTIDE1{Mono6.3Pal.P.Mono84.L.Me_Nle.dL}$PEPTIDE1,PEPTIDE1,1:R1-7:R2$$$",-6.33400000,ok,,flexible
"PEPTIDE1{Mono6.T.T.meL.dP.meL.dL}$PEPTIDE1,PEPTIDE1,1:R1-7:R2$$$",-5.52000000,ok,,flexible
"PEPTIDE1{A.T.L.meA.F.Sar.meL}$PEPTIDE1,PEPTIDE1,1:R1-7:R2$$$",-6.32700000,ok,,flexible
"PEPTIDE1{Me_dA.Et_Gly.pentyl_Gly.P.dL.I.Me_Phe(3-Cl)}$PEPTIDE1,PEPTIDE1,1:R1-7:R2$$$",-5.90400000,ok,,flexible
"PEPTIDE1{A.meL.A.G.dL.meA.L}$PEPTIDE1,PEPTIDE1,1:R1-7:R2$$$",-5.71300000,ok,,flexible
"PEPTIDE1{meA.T.T.L.Me_dL.Ser(tBu).P}$PEPTIDE1,PEPTIDE1,1:R1-7:R2$$$",-6.12800000,ok,,flexible
"PEPTIDE1{Me_dA.F.meL.T.L.G.L}$PEPTIDE1,PEPTIDE1,1:R1-7:R2$$$",-5.84200000,ok,,flexible
"PEPTIDE1{Sar.cHexCH2_Gly.T.L.pentyl_Gly.Me_Nle.dP}$PEPTIDE1,PEPTIDE1,1:R1-7:R2$$$",-5.67500000,ok,,flexible
"PEPTIDE1{Mono6.A.meL.V.L.dL.T}$PEPTIDE1,PEPTIDE1,1:R1-7:R2$$$",-6.16900000,ok,,flexible
"PEPTIDE1{Pr_Gly.P.dP.T.Me_dL.P.T}$PEPTIDE1,PEPTIDE1,1:R1-7:R2$$$",-5.63100000,ok,,flexible
"PEPTIDE1{dV.P.meL.dL.Me_Phe(3-Cl).F.Mono78}$PEPTIDE1,PEPTIDE1,1:R1-7:R2$$$",-5.92900000,ok,,flexible
"PEPTIDE1{A.Me_dA.meA.Sar.meL.P.L}$PEPTIDE1,PEPTIDE1,1:R1-7:R2$$$",-6.37800000,ok,,flexible
"PEPTIDE1{P.Pr_Gly.L.dF.Me_dL.F.Me_dA}$PEPTIDE1,PEPTIDE1,1:R1-7:R2$$$",-5.91100000,ok,,flexible
"PEPTIDE1{meA.P.P.A.T.I.V}$PEPTIDE1,PEPTIDE1,1:R1-7:R2$$$",-6.36600000,ok,,flexible
"PEPTIDE1{F.meA.T.meL.dP.L.meF}$PEPTIDE1,PEPTIDE1,1:R1-7:R2$$$",-5.98300000,ok,,flexible
"PEPTIDE1{Me_Bal.meL.D.P.dP.meA.Ser(tBu)}$PEPTIDE1,PEPTIDE1,1:R1-7:R2$$$",-6.88100000,ok,,flexible
"PEPTIDE1{Me_dA.T.dP.dP.Sar.F.Me_dL}$PEPTIDE1,PEPTIDE1,1:R1-7:R2$$$",-6.98300000,ok,,flexible
"PEPTIDE1{P.Me_Phe(3-Cl).F.Me_Nle.A.meL.meA}$PEPTIDE1,PEPTIDE1,1:R1-7:R2$$$",-6.30600000,ok,,flexible
"PEPTIDE1{dA.dP.T.Me_dL.P.meL.Pr_Gly}$PEPTIDE1,PEPTIDE1,1:R1-7:R2$$$",-6.07100000,ok,,flexible
"PEPTIDE1{meA.P.L.meL.meF.T.F}$PEPTIDE1,PEPTIDE1,1:R1-7:R2$$$",-5.36200000,ok,,flexible
"PEPTIDE1{meA.meS.Sar.meF.T.Asp_piperidide.3Pal}$PEPTIDE1,PEPTIDE1,1:R1-7:R2$$$",-6.49100000,ok,,flexible
"PEPTIDE1{Me_Bal.P.P.meI.meL.F.A}$PEPTIDE1,PEPTIDE1,1:R1-7:R2$$$",-6.88900000,ok,,flexible
"PEPTIDE1{Mono6.T.Ser(tBu).P.Ser(tBu).Mono86.P}$PEPTIDE1,PEPTIDE1,1:R1-7:R2$$$",-5.88000000,ok,,flexible
"PEPTIDE1{dF.Mono84.meL.Mono38.Ser(tBu).meA.dP}$PEPTIDE1,PEPTIDE1,1:R1-7:R2$$$",-6.16300000,ok,,flexible
"PEPTIDE1{A.Mono38.pentyl_Gly.cHexCH2_Gly.P.P.meL}$PEPTIDE1,PEPTIDE1,1:R1-7:R2$$$",-6.14900000,ok,,flexible
"PEPTIDE1{Mono6.Me_Nle.cHexCH2_Gly.L.P.dP.T}$PEPTIDE1,PEPTIDE1,1:R1-7:R2$$$",-5.66200000,ok,,flexible
"PEPTIDE1{F.P.G.Et_Gly.dL.L.F}$PEPTIDE1,PEPTIDE1,1:R1-7:R2$$$",-5.45700000,ok,,flexible
"PEPTIDE1{dA.I.V.P.meL.Me_dL.Ser(tBu)}$PEPTIDE1,PEPTIDE1,1:R1-7:R2$$$",-5.39300000,ok,,flexible
"PEPTIDE1{Mono6.Ser(tBu).Me_dL.meA.T.dL.L}$PEPTIDE1,PEPTIDE1,1:R1-7:R2$$$",-5.29200000,ok,,flexible
"PEPTIDE1{Pr_Gly.A.Me_dL.Ser(tBu).dL.Me_Abu.Me_dA}$PEPTIDE1,PEPTIDE1,1:R1-7:R2$$$",-4.86900000,ok,,flexible
"PEPTIDE1{Mono6.Pr_Gly.dP.Me_dL.T.T.Ser(tBu)}$PEPTIDE1,PEPTIDE1,1:R1-7:R2$$$",-5.29700000,ok,,flexible
"PEPTIDE1{meA.A.Me_dL.P.Me_dA.L.T}$PEPTIDE1,PEPTIDE1,1:R1-7:R2$$$",-6.31900000,ok,,flexible
"PEPTIDE1{meA.P.T.meL.L.T.F}$PEPTIDE1,PEPTIDE1,1:R1-7:R2$$$",-5.92200000,ok,,flexible
"PEPTIDE1{Me_dA.dP.T.dL.dPye.meL.P}$PEPTIDE1,PEPTIDE1,1:R1-7:R2$$$",-6.31300000,ok,,flexible
"PEPTIDE1{Me_Bal.dPye.dP.T.L.meL.meL}$PEPTIDE1,PEPTIDE1,1:R1-7:R2$$$",-5.82000000,ok,,flexible
"PEPTIDE1{Mono6.P.dP.P.dL.L.Sar}$PEPTIDE1,PEPTIDE1,1:R1-7:R2$$$",-6.40900000,ok,,flexible
"PEPTIDE1{Me_dA.meL.meA.Me_dL.Me_dA.L.Y}$PEPTIDE1,PEPTIDE1,1:R1-7:R2$$$",-6.07900000,ok,,flexible
"PEPTIDE1{meL.meA.P.T.A.meF.L}$PEPTIDE1,PEPTIDE1,1:R1-7:R2$$$",-6.65800000,ok,,flexible
"PEPTIDE1{meA.Me_dA.dF.T.L.P.A}$PEPTIDE1,PEPTIDE1,1:R1-7:R2$$$",-6.84700000,ok,,flexible
"PEPTIDE1{meA.P.Sar.T.dP.meL.A}$PEPTIDE1,PEPTIDE1,1:R1-7:R2$$$",-6.80600000,ok,,flexible
"PEPTIDE1{meA.F.Sar.Me_dAbu.V.Ser(tBu).Aoc(2)}$PEPTIDE1,PEPTIDE1,1:R1-7:R2$$$",-5.24800000,ok,,flexible
"PEPTIDE1{F.Me_dL.A.Et_Gly.dL.Nle.L}$PEPTIDE1,PEPTIDE1,1:R1-7:R2$$$",-5.04800000,ok,,flexible
"PEPTIDE1{meA.P.P.T.Me_Abu.Me_dL.dP}$PEPTIDE1,PEPTIDE1,1:R1-7:R2$$$",-6.78900000,ok,,flexible
"PEPTIDE1{F.pentyl_Gly.Mono86.P.L.L.Mono84}$PEPTIDE1,PEPTIDE1,1:R1-7:R2$$$",-5.03600000,ok,,flexible
"PEPTIDE1{meA.Me_dAbu.F.dP.P.meL.dP}$PEPTIDE1,PEPTIDE1,1:R1-7:R2$$$",-6.35100000,ok,,flexible
"PEPTIDE1{meA.Ser(tBu).meL.T.L.F.I}$PEPTIDE1,PEPTIDE1,1:R1-7:R2$$$",-5.30900000,ok,,flexible
"PEPTIDE1{A.dP.F.meL.Sar.L.P}$PEPTIDE1,PEPTIDE1,1:R1-7:R2$$$",-6.36900000,ok,,flexible
"PEPTIDE1{Me_dA.P.F.P.meL.L.Ser(tBu)}$PEPTIDE1,PEPTIDE1,1:R1-7:R2$$$",-5.60300000,ok,,flexible
"PEPTIDE1{meA.Pr_Gly.P.T.F.dP.L}$PEPTIDE1,PEPTIDE1,1:R1-7:R2$$$",-6.46200000,ok,,flexible
"PEPTIDE1{Me_dA.dL.P.Ser(tBu).Me_dL.A.meA}$PEPTIDE1,PEPTIDE1,1:R1-7:R2$$$",-5.31400000,ok,,flexible
"PEPTIDE1{Pr_Gly.Mono38.F.pentyl_Gly.Mono84.A.dP}$PEPTIDE1,PEPTIDE1,1:R1-7:R2$$$",-5.27800000,ok,,flexible
"PEPTIDE1{dA.P.V.meA.dL.meL.T}$PEPTIDE1,PEPTIDE1,1:R1-7:R2$$$",-6.02700000,ok,,flexible
"PEPTIDE1{Pr_Gly.3Pal.F.meL.A.T.dL}$PEPTIDE1,PEPTIDE1,1:R1-7:R2$$$",-5.97300000,ok,,flexible
"PEPTIDE1{Me_dA.P.Me_dL.T.meL.Sar.P}$PEPTIDE1,PEPTIDE1,1:R1-7:R2$$$",-6.43800000,ok,,flexible
"PEPTIDE1{meA.pentyl_Gly.Et_Gly.L.F.3Pal.Me_Nle}$PEPTIDE1,PEPTIDE1,1:R1-7:R2$$$",-5.42000000,ok,,flexible
"PEPTIDE1{F.L.pentyl_Gly.T.Mono38.Mono38.A}$PEPTIDE1,PEPTIDE1,1:R1-7:R2$$$",-5.47900000,ok,,flexible
"PEPTIDE1{A.pentyl_Gly.V.dP.P.Me_dL.dL}$PEPTIDE1,PEPTIDE1,1:R1-7:R2$$$",-5.43100000,ok,,flexible
"PEPTIDE1{Me_Bal.Mono38.cHexCH2_Gly.Et_Gly.meL.L.P}$PEPTIDE1,PEPTIDE1,1:R1-7:R2$$$",-6.15100000,ok,,flexible
"PEPTIDE1{meA.Me_dA.meL.A.Me_dL.P.P}$PEPTIDE1,PEPTIDE1,1:R1-7:R2$$$",-6.08600000,ok,,flexible
"PEPTIDE1{dA.Me_Phe(3-Cl).L.A.meA.dL.V}$PEPTIDE1,PEPTIDE1,1:R1-7:R2$$$",-6.23300000,ok,,flexible
"PEPTIDE1{meA.L.Mono104.3Pal.P.meL.D}$PEPTIDE1,PEPTIDE1,1:R1-7:R2$$$",-6.21400000,ok,,flexible
"PEPTIDE1{Me_Bal.dP.V.Sar.F.Me_dL.dL}$PEPTIDE1,PEPTIDE1,1:R1-7:R2$$$",-5.85200000,ok,,flexible
"PEPTIDE1{dF.P.L.I.T.L.P}$PEPTIDE1,PEPTIDE1,1:R1-7:R2$$$",-6.49300000,ok,,flexible
"PEPTIDE1{Pr_Gly.Me_dL.meA.Ser(tBu).P.T.Me_dA}$PEPTIDE1,PEPTIDE1,1:R1-7:R2$$$",-5.61000000,ok,,flexible
"PEPTIDE1{Pr_Gly.meA.F.T.T.dP.P}$PEPTIDE1,PEPTIDE1,1:R1-7:R2$$$",-7.32300000,ok,,flexible
"PEPTIDE1{Me_Bal.P.P.meL.P.dP.T}$PEPTIDE1,PEPTIDE1,1:R1-7:R2$$$",-6.70100000,ok,,flexible
"PEPTIDE1{Mono6.Me_dL.Me_dA.meA.P.dP.dL}$PEPTIDE1,PEPTIDE1,1:R1-7:R2$$$",-6.75500000,ok,,flexible
"PEPTIDE1{Sar.meF.Ser(tBu).meL.T.T.P}$PEPTIDE1,PEPTIDE1,1:R1-7:R2$$$",-5.80200000,ok,,flexible
"PEPTIDE1{Me_Bal.meF.T.P.meL.dP.T}$PEPTIDE1,PEPTIDE1,1:R1-7:R2$$$",-6.09400000,ok,,flexible
"PEPTIDE1{Me_Bal.L.Mono84.Ser(tBu).L.Me_dL.P}$PEPTIDE1,PEPTIDE1,1:R1-7:R2$$$",-5.87500000,ok,,flexible
"PEPTIDE1{A.Me_Nle.T.dL.L.meL.P}$PEPTIDE1,PEPTIDE1,1:R1-7:R2$$$",-4.84800000,ok,,flexible
"PEPTIDE1{L.A.T.Sar.F.3Pal.dL}$PEPTIDE1,PEPTIDE1,1:R1-7:R2$$$",-5.92900000,ok,,flexible
"PEPTIDE1{A.I.T.dP.Me_dL.meL.L}$PEPTIDE1,PEPTIDE1,1:R1-7:R2$$$",-5.58500000,ok,,flexible
"PEPTIDE1{meA.P.T.I.P.dP.T}$PEPTIDE1,PEPTIDE1,1:R1-7:R2$$$",-6.22200000,ok,,flexible
"PEPTIDE1{dA.P.G.V.F.L.dF}$PEPTIDE1,PEPTIDE1,1:R1-7:R2$$$",-6.63700000,ok,,flexible
"PEPTIDE1{Me_dA.dA.Me_dL.L.F.T.T}$PEPTIDE1,PEPTIDE1,1:R1-7:R2$$$",-6.15000000,ok,,flexible
"PEPTIDE1{Sar.dP.pentyl_Gly.pentyl_Gly.A.L.I}$PEPTIDE1,PEPTIDE1,1:R1-7:R2$$$",-5.40000000,ok,,flexible
"PEPTIDE1{Mono6.cHexCH2_Gly.dL.Me_dL.meL.F.Me_Phe(3-Cl)}$PEPTIDE1,PEPTIDE1,1:R1-7:R2$$$",-5.91400000,ok,,flexible
"PEPTIDE1{Mono6.meL.P.meA.dP.T.T}$PEPTIDE1,PEPTIDE1,1:R1-7:R2$$$",-6.89000000,ok,,flexible
"PEPTIDE1{dV.P.meA.L.L.Me_Abu.Me_dL}$PEPTIDE1,PEPTIDE1,1:R1-7:R2$$$",-5.68200000,ok,,flexible
"PEPTIDE1{dV.meL.Pr_Gly.Me_dL.Pr_Gly.dF.Me_dA}$PEPTIDE1,PEPTIDE1,1:R1-7:R2$$$",-5.70400000,ok,,flexible
"PEPTIDE1{dF.cHexCH2_Gly.A.dP.T.Cha.meA}$PEPTIDE1,PEPTIDE1,1:R1-7:R2$$$",-6.91200000,ok,,flexible
"PEPTIDE1{Me_dA.pentyl_Gly.L.T.dL.meA.T}$PEPTIDE1,PEPTIDE1,1:R1-7:R2$$$",-5.07900000,ok,,flexible
"PEPTIDE1{meF.P.A.dL.Mono86.dP.meL}$PEPTIDE1,PEPTIDE1,1:R1-7:R2$$$",-5.75200000,ok,,flexible
"PEPTIDE1{A.meL.Pr_Gly.Pr_Gly.F.dL.I}$PEPTIDE1,PEPTIDE1,1:R1-7:R2$$$",-5.05700000,ok,,flexible
"PEPTIDE1{dA.T.L.meA.P.F.V}$PEPTIDE1,PEPTIDE1,1:R1-7:R2$$$",-6.23600000,ok,,flexible
"PEPTIDE1{L.dP.Me_dL.F.T.meL.T}$PEPTIDE1,PEPTIDE1,1:R1-7:R2$$$",-5.77500000,ok,,flexible
"PEPTIDE1{F.A.P.L.Et_Gly.dL.meL}$PEPTIDE1,PEPTIDE1,1:R1-7:R2$$$",-6.43300000,ok,,flexible
"PEPTIDE1{L.meA.dP.Me_dL.meF.T.V}$PEPTIDE1,PEPTIDE1,1:R1-7:R2$$$",-6.35600000,ok,,flexible
"PEPTIDE1{meL.meA.L.Pr_Gly.meF.dL.F}$PEPTIDE1,PEPTIDE1,1:R1-7:R2$$$",-5.77600000,ok,,flexible
"PEPTIDE1{dV.meA.Me_dL.P.meL.Me_dA.T}$PEPTIDE1,PEPTIDE1,1:R1-7:R2$$$",-5.78000000,ok,,flexible
"PEPTIDE1{Me_Bal.dPye.meA.F.G.T.Ser(tBu)}$PEPTIDE1,PEPTIDE1,1:R1-7:R2$$$",-5.26300000,ok,,flexible
"PEPTIDE1{Mono6.Me_Nle.meL.Mono84.P.L.P}$PEPTIDE1,PEPTIDE1,1:R1-7:R2$$$",-5.73800000,ok,,flexible
"PEPTIDE1{dA.Me_dA.meF.meA.Sar.T.Mono11}$PEPTIDE1,PEPTIDE1,1:R1-7:R2$$$",-7.00800000,ok,,flexible
"PEPTIDE1{A.Pr_Gly.P.dL.Pr_Gly.F.meL}$PEPTIDE1,PEPTIDE1,1:R1-7:R2$$$",-5.67700000,ok,,flexible
"PEPTIDE1{A.meL.Me_dL.T.Me_dL.meA.F}$PEPTIDE1,PEPTIDE1,1:R1-7:R2$$$",-6.28700000,ok,,flexible
"PEPTIDE1{meA.dP.T.Sar.P.F.L}$PEPTIDE1,PEPTIDE1,1:R1-7:R2$$$",-6.53100000,ok,,flexible
"PEPTIDE1{Mono6.Ser(tBu).dP.meF.dL.Me_dL.A}$PEPTIDE1,PEPTIDE1,1:R1-7:R2$$$",-6.01100000,ok,,flexible
"PEPTIDE1{Pr_Gly.L.P.dP.dL.Me_dL.meL}$PEPTIDE1,PEPTIDE1,1:R1-7:R2$$$",-5.56300000,ok,,flexible
"PEPTIDE1{dV.meL.dPye.meA.dF.Pr_Gly.L}$PEPTIDE1,PEPTIDE1,1:R1-7:R2$$$",-5.07500000,ok,,flexible
"PEPTIDE1{Pr_Gly.L.Me_dA.Sar.meL.L.dP}$PEPTIDE1,PEPTIDE1,1:R1-7:R2$$$",-5.57000000,ok,,flexible
"PEPTIDE1{meA.meF.T.meL.F.Ser(tBu).P}$PEPTIDE1,PEPTIDE1,1:R1-7:R2$$$",-6.10700000,ok,,flexible
"PEPTIDE1{Me_Bal.P.F.V.Me_dL.meL.meL}$PEPTIDE1,PEPTIDE1,1:R1-7:R2$$$",-6.41200000,ok,,flexible
"PEPTIDE1{meA.dF.Me_dA.D.dP.Ser(tBu).T}$PEPTIDE1,PEPTIDE1,1:R1-7:R2$$$",-6.21100000,ok,,flexible
"PEPTIDE1{A.L.P.I.V.meL.T}$PEPTIDE1,PEPTIDE1,1:R1-7:R2$$$",-5.79400000,ok,,flexible
"PEPTIDE1{meA.P.meL.Me_dL.meL.L.meA}$PEPTIDE1,PEPTIDE1,1:R1-7:R2$$$",-5.35100000,ok,,flexible
"PEPTIDE1{Mono6.dP.meA.iBu_Gly.meF.meI.D}$PEPTIDE1,PEPTIDE1,1:R1-7:R2$$$",-5.57700000,ok,,flexible
"PEPTIDE1{meL.dA.F.L.T.Me_dL.L}$PEPTIDE1,PEPTIDE1,1:R1-7:R2$$$",-5.09000000,ok,,flexible
"PEPTIDE1{dV.Sar.meL.L.T.dP.Ser(tBu)}$PEPTIDE1,PEPTIDE1,1:R1-7:R2$$$",-5.57700000,ok,,flexible
"PEPTIDE1{dA.dP.F.A.meA.dL.I}$PEPTIDE1,PEPTIDE1,1:R1-7:R2$$$",-6.95600000,ok,,flexible
"PEPTIDE1{L.meF.Me_Abu.T.Asp_piperidide.dP.P}$PEPTIDE1,PEPTIDE1,1:R1-7:R2$$$",-6.73100000,ok,,flexible
"PEPTIDE1{Me_dA.meA.meL.F.meI.Ser(tBu).Me_dL}$PEPTIDE1,PEPTIDE1,1:R1-7:R2$$$",-6.01100000,ok,,flexible
"PEPTIDE1{F.meA.P.T.meL.A.dP}$PEPTIDE1,PEPTIDE1,1:R1-7:R2$$$",-6.70600000,ok,,flexible
"PEPTIDE1{Me_dA.meA.dP.L.Me_Abu.meF.P}$PEPTIDE1,PEPTIDE1,1:R1-7:R2$$$",-6.95000000,ok,,flexible
"PEPTIDE1{A.dP.T.Phe(4-CF3).P.F.L}$PEPTIDE1,PEPTIDE1,1:R1-7:R2$$$",-6.07000000,ok,,flexible
"PEPTIDE1{Sar.Ser(tBu).meL.L.P.dP.P}$PEPTIDE1,PEPTIDE1,1:R1-7:R2$$$",-5.88000000,ok,,flexible
"PEPTIDE1{dV.meL.Pr_Gly.L.P.F.Me_dL}$PEPTIDE1,PEPTIDE1,1:R1-7:R2$$$",-5.47600000,ok,,flexible
"PEPTIDE1{Mono6.I.Me_Nle.pentyl_Gly.dP.L.meF}$PEPTIDE1,PEPTIDE1,1:R1-7:R2$$$",-5.56900000,ok,,flexible
"PEPTIDE1{dF.meL.Me_dL.T.Me_dA.P.dP}$PEPTIDE1,PEPTIDE1,1:R1-7:R2$$$",-6.92700000,ok,,flexible
"PEPTIDE1{dA.Ser(tBu).V.T.P.dP.meA}$PEPTIDE1,PEPTIDE1,1:R1-7:R2$$$",-6.70100000,ok,,flexible
"PEPTIDE1{Me_dA.meL.A.dL.P.P.Me_dL}$PEPTIDE1,PEPTIDE1,1:R1-7:R2$$$",-5.96600000,ok,,flexible
"PEPTIDE1{Pr_Gly.Me_dAbu.dP.P.L.P.I}$PEPTIDE1,PEPTIDE1,1:R1-7:R2$$$",-6.33600000,ok,,flexible
"PEPTIDE1{Pr_Gly.meL.cHexCH2_Gly.Mono86.L.Mono84.Sar}$PEPTIDE1,PEPTIDE1,1:R1-7:R2$$$",-6.87100000,ok,,flexible
"PEPTIDE1{Me_Bal.T.L.F.I.Me_dL.P}$PEPTIDE1,PEPTIDE1,1:R1-7:R2$$$",-6.03100000,ok,,flexible
"PEPTIDE1{Pr_Gly.P.L.Ser(tBu).meL.Nle.T}$PEPTIDE1,PEPTIDE1,1:R1-7:R2$$$",-4.87100000,ok,,flexible
"PEPTIDE1{meA.T.F.P.meL.meV.meV}$PEPTIDE1,PEPTIDE1,1:R1-7:R2$$$",-6.32500000,ok,,flexible
"PEPTIDE1{meL.L.Me_dL.meL.dL.meA.Me_dL}$PEPTIDE1,PEPTIDE1,1:R1-7:R2$$$",-5.07800000,ok,,flexible
"PEPTIDE1{dF.dP.Me_dL.meL.Mono86.L.T}$PEPTIDE1,PEPTIDE1,1:R1-7:R2$$$",-5.58000000,ok,,flexible
"PEPTIDE1{meL.P.Me_dL.F.meF.Ser(tBu).P}$PEPTIDE1,PEPTIDE1,1:R1-7:R2$$$",-5.66900000,ok,,flexible
"PEPTIDE1{Pr_Gly.Me_dL.Ser(tBu).L.meF.Asp_piperidide.meL}$PEPTIDE1,PEPTIDE1,1:R1-7:R2$$$",-5.04700000,ok,,flexible
"PEPTIDE1{Me_Bal.Ser(tBu).meA.meL.Mono86.Me_Nle.meF}$PEPTIDE1,PEPTIDE1,1:R1-7:R2$$$",-6.19200000,ok,,flexible
"PEPTIDE1{Me_Bal.Ser(tBu).meF.meL.P.A.T}$PEPTIDE1,PEPTIDE1,1:R1-7:R2$$$",-6.38100000,ok,,flexible
"PEPTIDE1{Me_dA.cHexCH2_Gly.Mono38.Me_Nle.Et_Gly.Mono84.P}$PEPTIDE1,PEPTIDE1,1:R1-7:R2$$$",-5.42800000,ok,,flexible
"PEPTIDE1{Me_Bal.meA.L.F.meL.A.P}$PEPTIDE1,PEPTIDE1,1:R1-7:R2$$$",-6.43300000,ok,,flexible
"PEPTIDE1{Me_Bal.dL.dF.F.Sar.Me_dL.meF}$PEPTIDE1,PEPTIDE1,1:R1-7:R2$$$",-5.74300000,ok,,flexible
"PEPTIDE1{dA.P.L.T.V.dL.F}$PEPTIDE1,PEPTIDE1,1:R1-7:R2$$$",-5.86700000,ok,,flexible
"PEPTIDE1{meA.T.D.P.T.T.dL}$PEPTIDE1,PEPTIDE1,1:R1-7:R2$$$",-6.05500000,ok,,flexible
"PEPTIDE1{meA.dF.A.Me_dA.P.L.Me_dL}$PEPTIDE1,PEPTIDE1,1:R1-7:R2$$$",-6.14500000,ok,,flexible
"PEPTIDE1{Me_dA.Pr_Gly.meL.Ser(tBu).3Pal.pentyl_Gly.Me_Nle}$PEPTIDE1,PEPTIDE1,1:R1-7:R2$$$",-5.07900000,ok,,flexible
"PEPTIDE1{dP.Pr_Gly.P.F.T.P.T}$PEPTIDE1,PEPTIDE1,1:R1-7:R2$$$",-6.54200000,ok,,flexible
"PEPTIDE1{meA.Me_dL.meF.dP.T.F.P}$PEPTIDE1,PEPTIDE1,1:R1-7:R2$$$",-7.04200000,ok,,flexible
"PEPTIDE1{A.Me_Nle.F.L.dL.Mono104.meL}$PEPTIDE1,PEPTIDE1,1:R1-7:R2$$$",-5.49700000,ok,,flexible
"PEPTIDE1{A.Me_Nle.dP.V.meL.meI.meL}$PEPTIDE1,PEPTIDE1,1:R1-7:R2$$$",-5.48400000,ok,,flexible
"PEPTIDE1{P.meL.meA.F.Me_dL.H.L}$PEPTIDE1,PEPTIDE1,1:R1-7:R2$$$",-5.72400000,ok,,flexible
"PEPTIDE1{F.A.L.pentyl_Gly.P.I.dL}$PEPTIDE1,PEPTIDE1,1:R1-7:R2$$$",-5.32700000,ok,,flexible
"PEPTIDE1{Mono6.Me_dL.meL.Me_dL.meA.dP.Asp_piperidide}$PEPTIDE1,PEPTIDE1,1:R1-7:R2$$$",-6.32700000,ok,,flexible
"PEPTIDE1{A.dPye.T.dP.dL.L.meL}$PEPTIDE1,PEPTIDE1,1:R1-7:R2$$$",-5.97800000,ok,,flexible
"PEPTIDE1{dF.Mono38.L.meF.T.I.Ser(tBu)}$PEPTIDE1,PEPTIDE1,1:R1-7:R2$$$",-5.88800000,ok,,flexible
"PEPTIDE1{meA.Pr_Gly.L.meF.meL.T.P}$PEPTIDE1,PEPTIDE1,1:R1-7:R2$$$",-5.67900000,ok,,flexible
"PEPTIDE1{Me_Bal.Me_dA.L.meL.dL.meF.Ser(tBu)}$PEPTIDE1,PEPTIDE1,1:R1-7:R2$$$",-6.29400000,ok,,flexible
"PEPTIDE1{Me_dA.A.meL.dP.meL.Ser(tBu).L}$PEPTIDE1,PEPTIDE1,1:R1-7:R2$$$",-5.10400000,ok,,flexible
"PEPTIDE1{dA.Mono38.dV.P.meF.T.A}$PEPTIDE1,PEPTIDE1,1:R1-7:R2$$$",-6.58500000,ok,,flexible
"PEPTIDE1{L.dP.P.A.Ser(tBu).Me_dL.meL}$PEPTIDE1,PEPTIDE1,1:R1-7:R2$$$",-5.44700000,ok,,flexible
"PEPTIDE1{Me_dA.meL.P.Ser(tBu).P.I.dL}$PEPTIDE1,PEPTIDE1,1:R1-7:R2$$$",-5.68000000,ok,,flexible
"PEPTIDE1{A.T.dP.V.F.Me_dL.P}$PEPTIDE1,PEPTIDE1,1:R1-7:R2$$$",-6.48200000,ok,,flexible
"PEPTIDE1{A.P.L.Me_dL.Me_dA.Me_dL.T}$PEPTIDE1,PEPTIDE1,1:R1-7:R2$$$",-5.89900000,ok,,flexible
"PEPTIDE1{Me_dA.L.Sar.A.meA.P.dP}$PEPTIDE1,PEPTIDE1,1:R1-7:R2$$$",-6.91300000,ok,,flexible
"PEPTIDE1{dA.pentyl_Gly.meA.L.dP.meV.Me_Phe(3-Cl)}$PEPTIDE1,PEPTIDE1,1:R1-7:R2$$$",-6.14900000,ok,,flexible
"PEPTIDE1{dF.Sar.meL.dP.I.L.meI}$PEPTIDE1,PEPTIDE1,1:R1-7:R2$$$",-5.61400000,ok,,flexible
"PEPTIDE1{Pr_Gly.I.dL.A.Mono84.Nle.L}$PEPTIDE1,PEPTIDE1,1:R1-7:R2$$$",-5.36000000,ok,,flexible
"PEPTIDE1{A.P.L.L.I.Mono84.P}$PEPTIDE1,PEPTIDE1,1:R1-7:R2$$$",-6.44300000,ok,,flexible
"PEPTIDE1{Me_Bal.cHexCH2_Gly.Mono84.L.Ser(tBu).3Pal.dP}$PEPTIDE1,PEPTIDE1,1:R1-7:R2$$$",-6.53800000,ok,,flexible
"PEPTIDE1{L.T.meL.V.dP.G.P}$PEPTIDE1,PEPTIDE1,1:R1-7:R2$$$",-5.80200000,ok,,flexible
"PEPTIDE1{dV.F.A.L.P.dP.meL}$PEPTIDE1,PEPTIDE1,1:R1-7:R2$$$",-6.78700000,ok,,flexible
"PEPTIDE1{Mono6.P.T.meL.Me_dL.dP.L}$PEPTIDE1,PEPTIDE1,1:R1-7:R2$$$",-5.70200000,ok,,flexible
"PEPTIDE1{Pr_Gly.meL.L.I.3Pal.dA.A}$PEPTIDE1,PEPTIDE1,1:R1-7:R2$$$",-5.37700000,ok,,flexible
"PEPTIDE1{dA.meF.dL.Ser(tBu).P.T.L}$PEPTIDE1,PEPTIDE1,1:R1-7:R2$$$",-5.43600000,ok,,flexible
"PEPTIDE1{Sar.T.pentyl_Gly.meL.dP.meF.dL}$PEPTIDE1,PEPTIDE1,1:R1-7:R2$$$",-5.45500000,ok,,flexible
"PEPTIDE1{dP.Me_dA.dL.V.Ser(tBu).P.meA}$PEPTIDE1,PEPTIDE1,1:R1-7:R2$$$",-5.72500000,ok,,flexible
"PEPTIDE1{Pr_Gly.Me_dA.L.Me_dL.dA.meY.dP}$PEPTIDE1,PEPTIDE1,1:R1-7:R2$$$",-5.70600000,ok,,flexible
"PEPTIDE1{meA.Me_dL.meF.meA.L.dL.P}$PEPTIDE1,PEPTIDE1,1:R1-7:R2$$$",-5.40000000,ok,,flexible
"PEPTIDE1{Me_dA.A.Me_dL.T.meL.meV.meF}$PEPTIDE1,PEPTIDE1,1:R1-7:R2$$$",-5.81800000,ok,,flexible
"PEPTIDE1{Me_Bal.F.A.L.P.G.P}$PEPTIDE1,PEPTIDE1,1:R1-7:R2$$$",-6.49100000,ok,,flexible
"PEPTIDE1{Me_Bal.meA.T.Sar.L.dP.Mono34}$PEPTIDE1,PEPTIDE1,1:R1-7:R2$$$",-5.43100000,ok,,flexible
"PEPTIDE1{Sar.P.T.T.Me_dL.meL.Bn_Gly}$PEPTIDE1,PEPTIDE1,1:R1-7:R2$$$",-5.90700000,ok,,flexible
"PEPTIDE1{A.T.P.L.dL.Ser(tBu).L}$PEPTIDE1,PEPTIDE1,1:R1-7:R2$$$",-5.73200000,ok,,flexible
"PEPTIDE1{F.cHexCH2_Gly.Me_Nle.I.Mono86.P.L}$PEPTIDE1,PEPTIDE1,1:R1-7:R2$$$",-6.05600000,ok,,flexible
"PEPTIDE1{dA.meA.meF.P.L.Me_dL.Me_dA}$PEPTIDE1,PEPTIDE1,1:R1-7:R2$$$",-6.73100000,ok,,flexible
"PEPTIDE1{meA.Ser(tBu).Mono84.dL.L.P.dP}$PEPTIDE1,PEPTIDE1,1:R1-7:R2$$$",-6.25500000,ok,,flexible
"PEPTIDE1{Me_dA.P.P.Sar.L.meF.Me_dL}$PEPTIDE1,PEPTIDE1,1:R1-7:R2$$$",-6.46100000,ok,,flexible
"PEPTIDE1{Sar.meL.P.dP.dP.dL.meL}$PEPTIDE1,PEPTIDE1,1:R1-7:R2$$$",-6.18200000,ok,,flexible
"PEPTIDE1{L.Me_dAbu.P.meF.Me_dL.I.dP}$PEPTIDE1,PEPTIDE1,1:R1-7:R2$$$",-5.86200000,ok,,flexible
"PEPTIDE1{dP.meA.dL.A.meL.A.Pr_Gly}$PEPTIDE1,PEPTIDE1,1:R1-7:R2$$$",-5.82500000,ok,,flexible
"PEPTIDE1{meA.pentyl_Gly.T.L.P.L.Ser(tBu)}$PEPTIDE1,PEPTIDE1,1:R1-7:R2$$$",-4.94300000,ok,,flexible
"PEPTIDE1{Me_Bal.P.A.Ser(tBu).T.dL.T}$PEPTIDE1,PEPTIDE1,1:R1-7:R2$$$",-6.32600000,ok,,flexible
"PEPTIDE1{A.Me_Nle.dP.Mono86.T.meL.Me_dL}$PEPTIDE1,PEPTIDE1,1:R1-7:R2$$$",-6.07600000,ok,,flexible
"PEPTIDE1{dF.L.A.I.dL.P.Ser(tBu)}$PEPTIDE1,PEPTIDE1,1:R1-7:R2$$$",-6.40000000,ok,,flexible
"PEPTIDE1{dA.Me_dAbu.F.dP.meL.G.T}$PEPTIDE1,PEPTIDE1,1:R1-7:R2$$$",-6.46200000,ok,,flexible
"PEPTIDE1{meA.Me_dA.meA.Me_dL.L.F.dP}$PEPTIDE1,PEPTIDE1,1:R1-7:R2$$$",-6.16600000,ok,,flexible
"PEPTIDE1{Mono6.T.P.meA.meF.P.Ser(tBu)}$PEPTIDE1,PEPTIDE1,1:R1-7:R2$$$",-7.14000000,ok,,flexible
"PEPTIDE1{Me_dA.Mono6.A.P.T.T.L}$PEPTIDE1,PEPTIDE1,1:R1-7:R2$$$",-6.64000000,ok,,flexible
"PEPTIDE1{meA.Pr_Gly.dP.Me_dL.dL.V.Ser(tBu)}$PEPTIDE1,PEPTIDE1,1:R1-7:R2$$$",-5.79400000,ok,,flexible
"PEPTIDE1{A.meA.I.meL.Ser(tBu).meL.meF}$PEPTIDE1,PEPTIDE1,1:R1-7:R2$$$",-5.44600000,ok,,flexible
"PEPTIDE1{L.meL.meF.Me_Phe(3-Cl).dL.I.Ser(tBu)}$PEPTIDE1,PEPTIDE1,1:R1-7:R2$$$",-5.47400000,ok,,flexible
"PEPTIDE1{L.P.meA.meF.Me_dL.meL.T}$PEPTIDE1,PEPTIDE1,1:R1-7:R2$$$",-5.64300000,ok,,flexible
"PEPTIDE1{Mono6.dP.meA.meL.L.Nle.D}$PEPTIDE1,PEPTIDE1,1:R1-7:R2$$$",-5.80600000,ok,,flexible
"PEPTIDE1{meA.T.P.L.meL.meI.V}$PEPTIDE1,PEPTIDE1,1:R1-7:R2$$$",-5.87100000,ok,,flexible
"PEPTIDE1{Me_dA.P.meL.Ser(tBu).L.L.T}$PEPTIDE1,PEPTIDE1,1:R1-7:R2$$$",-5.98000000,ok,,flexible
"PEPTIDE1{meA.dP.dP.Me_dL.T.P.meL}$PEPTIDE1,PEPTIDE1,1:R1-7:R2$$$",-6.40700000,ok,,flexible
"PEPTIDE1{Me_dA.dP.Ser(tBu).T.T.meL.P}$PEPTIDE1,PEPTIDE1,1:R1-7:R2$$$",-6.17300000,ok,,flexible
"PEPTIDE1{Me_Bal.meA.dP.meL.T.Me_dL.G}$PEPTIDE1,PEPTIDE1,1:R1-7:R2$$$",-5.90900000,ok,,flexible
"PEPTIDE1{L.T.P.meL.T.A.meI}$PEPTIDE1,PEPTIDE1,1:R1-7:R2$$$",-5.75600000,ok,,flexible
"PEPTIDE1{meA.dA.A.P.meF.dL.V}$PEPTIDE1,PEPTIDE1,1:R1-7:R2$$$",-6.58100000,ok,,flexible
"PEPTIDE1{meA.meF.Me_Abu.meL.Sar.meI.meL}$PEPTIDE1,PEPTIDE1,1:R1-7:R2$$$",-5.46200000,ok,,flexible
"PEPTIDE1{Me_Bal.Mono38.L.P.T.meL.Mono11}$PEPTIDE1,PEPTIDE1,1:R1-7:R2$$$",-5.73500000,ok,,flexible
"PEPTIDE1{Me_dA.Me_Nle.Me_dL.A.P.pentyl_Gly.T}$PEPTIDE1,PEPTIDE1,1:R1-7:R2$$$",-5.39400000,ok,,flexible
"PEPTIDE1{meA.meF.F.T.dP.Ser(tBu).P}$PEPTIDE1,PEPTIDE1,1:R1-7:R2$$$",-6.49000000,ok,,flexible
"PEPTIDE1{dA.meF.meV.Me_dL.Me_dA.meI.A}$PEPTIDE1,PEPTIDE1,1:R1-7:R2$$$",-5.82100000,ok,,flexible
"PEPTIDE1{Me_Bal.dP.meL.Me_dL.L.T.T}$PEPTIDE1,PEPTIDE1,1:R1-7:R2$$$",-5.92600000,ok,,flexible
"PEPTIDE1{Me_Bal.Pr_Gly.meL.F.dF.Ser(tBu).L}$PEPTIDE1,PEPTIDE1,1:R1-7:R2$$$",-5.42600000,ok,,flexible
"PEPTIDE1{Me_Bal.F.V.dL.P.Me_dA.L}$PEPTIDE1,PEPTIDE1,1:R1-7:R2$$$",-6.46900000,ok,,flexible
"PEPTIDE1{meA.Me_dA.meL.dP.T.Ser(tBu).G}$PEPTIDE1,PEPTIDE1,1:R1-7:R2$$$",-6.15900000,ok,,flexible
"PEPTIDE1{meA.Me_Nle.Mono38.L.T.P.Mono84}$PEPTIDE1,PEPTIDE1,1:R1-7:R2$$$",-5.87600000,ok,,flexible
"PEPTIDE1{Me_Bal.meL.P.P.meA.pentyl_Gly.T}$PEPTIDE1,PEPTIDE1,1:R1-7:R2$$$",-5.84400000,ok,,flexible
"PEPTIDE1{L.dF.P.meL.Me_dL.dP.F}$PEPTIDE1,PEPTIDE1,1:R1-7:R2$$$",-6.00600000,ok,,flexible
"PEPTIDE1{dF.pentyl_Gly.Me_Nle.dP.Mono84.Mono38.L}$PEPTIDE1,PEPTIDE1,1:R1-7:R2$$$",-5.13800000,ok,,flexible
"PEPTIDE1{Mono6.Mono38.P.L.Mono84.meL.dP}$PEPTIDE1,PEPTIDE1,1:R1-7:R2$$$",-6.25100000,ok,,flexible
"PEPTIDE1{meL.T.meL.meA.I.Sar.L}$PEPTIDE1,PEPTIDE1,1:R1-7:R2$$$",-5.49100000,ok,,flexible
"PEPTIDE1{F.cHexCH2_Gly.pentyl_Gly.Et_Gly.meL.Mono86.Me_Nle}$PEPTIDE1,PEPTIDE1,1:R1-7:R2$$$",-5.42000000,ok,,flexible
"PEPTIDE1{F.pentyl_Gly.dP.L.Ser(tBu).P.T}$PEPTIDE1,PEPTIDE1,1:R1-7:R2$$$",-5.54600000,ok,,flexible
"PEPTIDE1{Me_dA.P.L.meA.meY.G.meI}$PEPTIDE1,PEPTIDE1,1:R1-7:R2$$$",-6.39300000,ok,,flexible
"PEPTIDE1{A.V.T.meL.Me_dL.L.meA}$PEPTIDE1,PEPTIDE1,1:R1-7:R2$$$",-6.00200000,ok,,flexible
"PEPTIDE1{dA.P.cHexCH2_Gly.T.dL.Et_Gly.L}$PEPTIDE1,PEPTIDE1,1:R1-7:R2$$$",-5.91700000,ok,,flexible
"PEPTIDE1{meA.L.Mono84.Et_Gly.T.Me_dL.Me_Phe(3-Cl)}$PEPTIDE1,PEPTIDE1,1:R1-7:R2$$$",-5.95000000,ok,,flexible
"PEPTIDE1{meA.L.Me_Phe(3-Cl).3Pal.T.Ser(tBu).Mono84}$PEPTIDE1,PEPTIDE1,1:R1-7:R2$$$",-5.40300000,ok,,flexible
"PEPTIDE1{Sar.Ser(tBu).P.Mono38.Me_Nle.P.T}$PEPTIDE1,PEPTIDE1,1:R1-7:R2$$$",-5.81900000,ok,,flexible
"PEPTIDE1{F.Ser(tBu).P.dP.meL.P.dP}$PEPTIDE1,PEPTIDE1,1:R1-7:R2$$$",-5.80100000,ok,,flexible
"PEPTIDE1{meA.L.dL.P.Me_Phe(3-Cl).Ser(tBu).Me_dL}$PEPTIDE1,PEPTIDE1,1:R1-7:R2$$$",-5.51700000,ok,,flexible
"PEPTIDE1{Me_Bal.meF.meA.meA.meL.T.meL}$PEPTIDE1,PEPTIDE1,1:R1-7:R2$$$",-6.44400000,ok,,flexible
"PEPTIDE1{meA.dF.P.meL.F.T.Mono84}$PEPTIDE1,PEPTIDE1,1:R1-7:R2$$$",-6.36300000,ok,,flexible
"PEPTIDE1{Me_dA.cHexCH2_Gly.Ser(tBu).meL.T.Me_dL.I}$PEPTIDE1,PEPTIDE1,1:R1-7:R2$$$",-5.37500000,ok,,flexible
"PEPTIDE1{dA.P.T.dP.P.Me_dL.L}$PEPTIDE1,PEPTIDE1,1:R1-7:R2$$$",-6.81500000,ok,,flexible
"PEPTIDE1{meL.pentyl_Gly.Me_Phe(3-Cl).L.Mono100.Ser(tBu).Nle}$PEPTIDE1,PEPTIDE1,1:R1-7:R2$$$",-4.81500000,ok,,flexible
"PEPTIDE1{Sar.pentyl_Gly.dL.I.L.meL.T}$PEPTIDE1,PEPTIDE1,1:R1-7:R2$$$",-4.98600000,ok,,flexible
"PEPTIDE1{meA.A.dP.Me_dL.Ser(tBu).L.Asp_piperidide}$PEPTIDE1,PEPTIDE1,1:R1-7:R2$$$",-5.41800000,ok,,flexible
"PEPTIDE1{meA.meY.Me_dL.T.P.dP.L}$PEPTIDE1,PEPTIDE1,1:R1-7:R2$$$",-6.78800000,ok,,flexible
"PEPTIDE1{L.dA.dL.Me_dL.dF.meA.Me_dA}$PEPTIDE1,PEPTIDE1,1:R1-7:R2$$$",-6.70800000,ok,,flexible
"PEPTIDE1{Me_Bal.pentyl_Gly.T.L.Mono78.Me_dL.meL}$PEPTIDE1,PEPTIDE1,1:R1-7:R2$$$",-5.67300000,ok,,flexible
"PEPTIDE1{A.dF.Sar.F.P.Ser(tBu).T}$PEPTIDE1,PEPTIDE1,1:R1-7:R2$$$",-6.46200000,ok,,flexible
"PEPTIDE1{meA.Ser(tBu).Me_Nle.Mono86.T.meL.P}$PEPTIDE1,PEPTIDE1,1:R1-7:R2$$$",-5.40500000,ok,,flexible
"PEPTIDE1{Sar.dP.P.P.T.dL.F}$PEPTIDE1,PEPTIDE1,1:R1-7:R2$$$",-6.47100000,ok,,flexible
"PEPTIDE1{Me_dA.meF.meL.P.T.T.I}$PEPTIDE1,PEPTIDE1,1:R1-7:R2$$$",-5.87400000,ok,,flexible
"PEPTIDE1{dV.meF.meL.T.meA.L.Sar}$PEPTIDE1,PEPTIDE1,1:R1-7:R2$$$",-6.45500000,ok,,flexible
"PEPTIDE1{A.meL.Me_dL.meY.P.meA.Ser(tBu)}$PEPTIDE1,PEPTIDE1,1:R1-7:R2$$$",-5.80300000,ok,,flexible
"PEPTIDE1{meL.Me_dA.meS.meA.Me_dL.T.P}$PEPTIDE1,PEPTIDE1,1:R1-7:R2$$$",-5.72300000,ok,,flexible
"PEPTIDE1{meA.meL.dF.Sar.Asp_piperidide.L.D}$PEPTIDE1,PEPTIDE1,1:R1-7:R2$$$",-6.24300000,ok,,flexible
"PEPTIDE1{Me_Bal.P.Sar.meL.T.dP.L}$PEPTIDE1,PEPTIDE1,1:R1-7:R2$$$",-6.16500000,ok,,flexible
"PEPTIDE1{dA.dP.I.dL.L.G.meI}$PEPTIDE1,PEPTIDE1,1:R1-7:R2$$$",-6.15100000,ok,,flexible
"PEPTIDE1{dV.dF.meY.Me_dL.T.P.P}$PEPTIDE1,PEPTIDE1,1:R1-7:R2$$$",-5.64600000,ok,,flexible
"PEPTIDE1{Me_Bal.T.meL.Ser(tBu).L.P.dP}$PEPTIDE1,PEPTIDE1,1:R1-7:R2$$$",-5.88500000,ok,,flexible
"PEPTIDE1{Pr_Gly.A.L.F.T.Et_Gly.dL}$PEPTIDE1,PEPTIDE1,1:R1-7:R2$$$",-5.89400000,ok,,flexible
"PEPTIDE1{dF.meA.A.meL.meF.T.Mono7}$PEPTIDE1,PEPTIDE1,1:R1-7:R2$$$",-6.66400000,ok,,flexible
"PEPTIDE1{Me_Bal.L.F.T.I.P.Ser(tBu)}$PEPTIDE1,PEPTIDE1,1:R1-7:R2$$$",-6.33500000,ok,,flexible
"PEPTIDE1{dF.P.meL.dA.Me_dL.Ser(tBu).G}$PEPTIDE1,PEPTIDE1,1:R1-7:R2$$$",-6.15000000,ok,,flexible
"PEPTIDE1{Me_Bal.L.Mono38.Nle.Me_dL.Ser(tBu).P}$PEPTIDE1,PEPTIDE1,1:R1-7:R2$$$",-5.38900000,ok,,flexible
"PEPTIDE1{Me_dA.Pr_Gly.P.F.T.meL.Me_dL}$PEPTIDE1,PEPTIDE1,1:R1-7:R2$$$",-6.11900000,ok,,flexible
"PEPTIDE1{dV.L.T.dP.Me_dL.meL.meL}$PEPTIDE1,PEPTIDE1,1:R1-7:R2$$$",-5.50100000,ok,,flexible
"PEPTIDE1{meA.Me_dL.meL.P.dP.T.L}$PEPTIDE1,PEPTIDE1,1:R1-7:R2$$$",-6.12700000,ok,,flexible
"PEPTIDE1{dP.dL.Me_dL.meF.I.P.Me_dA}$PEPTIDE1,PEPTIDE1,1:R1-7:R2$$$",-6.56100000,ok,,flexible
"PEPTIDE1{Sar.meL.P.Me_dL.Me_dL.T.P}$PEPTIDE1,PEPTIDE1,1:R1-7:R2$$$",-5.80100000,ok,,flexible
"PEPTIDE1{dV.Me_dL.meF.meL.L.meV.G}$PEPTIDE1,PEPTIDE1,1:R1-7:R2$$$",-6.07800000,ok,,flexible
"PEPTIDE1{Me_Bal.meA.F.Me_dL.Sar.meF.D}$PEPTIDE1,PEPTIDE1,1:R1-7:R2$$$",-6.43900000,ok,,flexible
"PEPTIDE1{A.T.Sar.T.dP.Me_dL.P}$PEPTIDE1,PEPTIDE1,1:R1-7:R2$$$",-6.06700000,ok,,flexible
"PEPTIDE1{dV.Me_dA.T.dP.P.L.meL}$PEPTIDE1,PEPTIDE1,1:R1-7:R2$$$",-6.34900000,ok,,flexible
"PEPTIDE1{Me_dA.A.dP.Mono84.Sar.T.L}$PEPTIDE1,PEPTIDE1,1:R1-7:R2$$$",-6.01500000,ok,,flexible
"PEPTIDE1{meL.Me_dA.meY.dF.dP.meA.A}$PEPTIDE1,PEPTIDE1,1:R1-7:R2$$$",-6.80500000,ok,,flexible
"PEPTIDE1{dF.3Pal.T.cHexCH2_Gly.P.Mono104.L}$PEPTIDE1,PEPTIDE1,1:R1-7:R2$$$",-6.24700000,ok,,flexible
"PEPTIDE1{meA.dP.P.Me_dL.dL.T.F}$PEPTIDE1,PEPTIDE1,1:R1-7:R2$$$",-6.06500000,ok,,flexible
"PEPTIDE1{meA.pentyl_Gly.Sar.meL.P.P.dP}$PEPTIDE1,PEPTIDE1,1:R1-7:R2$$$",-6.31800000,ok,,flexible
"PEPTIDE1{Me_dA.P.Ser(tBu).T.dP.meL.Me_dL}$PEPTIDE1,PEPTIDE1,1:R1-7:R2$$$",-5.80100000,ok,,flexible
"PEPTIDE1{Me_Bal.A.T.meL.T.Me_dL.P}$PEPTIDE1,PEPTIDE1,1:R1-7:R2$$$",-6.43800000,ok,,flexible
"PEPTIDE1{Me_dA.T.P.L.L.Ser(tBu).dP}$PEPTIDE1,PEPTIDE1,1:R1-7:R2$$$",-5.96900000,ok,,flexible
"PEPTIDE1{Pr_Gly.cHexCH2_Gly.Mono38.I.Mono84.Mono86.meL}$PEPTIDE1,PEPTIDE1,1:R1-7:R2$$$",-5.95400000,ok,,flexible
"PEPTIDE1{Mono6.meY.T.P.meL.P.meA}$PEPTIDE1,PEPTIDE1,1:R1-7:R2$$$",-6.66900000,ok,,flexible
"PEPTIDE1{dF.I.P.meL.P.Nle.T}$PEPTIDE1,PEPTIDE1,1:R1-7:R2$$$",-6.07000000,ok,,flexible
"PEPTIDE1{dF.Asp_piperidide.L.Me_dL.Ser(tBu).F.meA}$PEPTIDE1,PEPTIDE1,1:R1-7:R2$$$",-5.60300000,ok,,flexible
"PEPTIDE1{Mono6.meL.meA.Sar.meI.P.D}$PEPTIDE1,PEPTIDE1,1:R1-7:R2$$$",-6.01500000,ok,,flexible
"PEPTIDE1{meA.T.meL.P.pentyl_Gly.Me_Abu.meV}$PEPTIDE1,PEPTIDE1,1:R1-7:R2$$$",-5.63200000,ok,,flexible
"PEPTIDE1{meL.A.Me_Abu.Mono1.P.L.Mono34}$PEPTIDE1,PEPTIDE1,1:R1-7:R2$$$",-5.10200000,ok,,flexible
"PEPTIDE1{dA.meL.L.Ser(tBu).dP.F.Ser(tBu)}$PEPTIDE1,PEPTIDE1,1:R1-7:R2$$$",-6.18000000,ok,,flexible
"PEPTIDE1{meA.Mono38.T.meL.Me_dL.dL.Mono84}$PEPTIDE1,PEPTIDE1,1:R1-7:R2$$$",-5.61900000,ok,,flexible
"PEPTIDE1{meA.V.T.Ser(tBu).pentyl_Gly.L.Sar}$PEPTIDE1,PEPTIDE1,1:R1-7:R2$$$",-5.22700000,ok,,flexible
"PEPTIDE1{Me_Bal.T.Asp_piperidide.P.F.T.meL}$PEPTIDE1,PEPTIDE1,1:R1-7:R2$$$",-5.88200000,ok,,flexible
"PEPTIDE1{Me_dA.L.Mono38.Mono84.dL.A.meL}$PEPTIDE1,PEPTIDE1,1:R1-7:R2$$$",-6.56600000,ok,,flexible
"PEPTIDE1{Me_Bal.Me_dA.F.dA.A.meL.L}$PEPTIDE1,PEPTIDE1,1:R1-7:R2$$$",-6.26300000,ok,,flexible
"PEPTIDE1{L.dP.Me_dA.Sar.T.Ser(tBu).meL}$PEPTIDE1,PEPTIDE1,1:R1-7:R2$$$",-5.46100000,ok,,flexible
"PEPTIDE1{A.meA.Me_dA.P.Me_dAbu.meL.F}$PEPTIDE1,PEPTIDE1,1:R1-7:R2$$$",-6.55600000,ok,,flexible
"PEPTIDE1{Me_dA.P.meL.meL.F.T.I}$PEPTIDE1,PEPTIDE1,1:R1-7:R2$$$",-5.98400000,ok,,flexible
"PEPTIDE1{Sar.meF.meL.dP.T.L.pentyl_Gly}$PEPTIDE1,PEPTIDE1,1:R1-7:R2$$$",-5.22600000,ok,,flexible
"PEPTIDE1{dP.dA.meL.F.meL.dF.F}$PEPTIDE1,PEPTIDE1,1:R1-7:R2$$$",-6.72800000,ok,,flexible
"PEPTIDE1{Me_dA.T.meL.Bn_Gly.P.L.T}$PEPTIDE1,PEPTIDE1,1:R1-7:R2$$$",-6.49500000,ok,,flexible
"PEPTIDE1{Mono6.Mono38.pentyl_Gly.T.A.meL.T}$PEPTIDE1,PEPTIDE1,1:R1-7:R2$$$",-5.30300000,ok,,flexible
"PEPTIDE1{dA.P.meL.T.A.dP.Me_dL}$PEPTIDE1,PEPTIDE1,1:R1-7:R2$$$",-6.69700000,ok,,flexible
"PEPTIDE1{Sar.dP.T.P.meL.meA.T}$PEPTIDE1,PEPTIDE1,1:R1-7:R2$$$",-6.23900000,ok,,flexible
"PEPTIDE1{Me_dA.meF.P.L.Mono12.dP.Sar}$PEPTIDE1,PEPTIDE1,1:R1-7:R2$$$",-7.21600000,ok,,flexible
"PEPTIDE1{P.Me_dA.meL.dL.A.L.Me_dL}$PEPTIDE1,PEPTIDE1,1:R1-7:R2$$$",-5.70800000,ok,,flexible
"PEPTIDE1{A.meF.F.meL.meA.meS.Me_dA}$PEPTIDE1,PEPTIDE1,1:R1-7:R2$$$",-6.47400000,ok,,flexible
"PEPTIDE1{dV.meA.Me_dL.meL.L.F.Aib}$PEPTIDE1,PEPTIDE1,1:R1-7:R2$$$",-6.07500000,ok,,flexible
"PEPTIDE1{dV.Mono38.dL.P.L.3Pal.A}$PEPTIDE1,PEPTIDE1,1:R1-7:R2$$$",-5.76600000,ok,,flexible
"PEPTIDE1{Sar.Ser(tBu).T.P.meL.Mono86.dL}$PEPTIDE1,PEPTIDE1,1:R1-7:R2$$$",-6.33700000,ok,,flexible
"PEPTIDE1{Sar.T.Mono86.cHexCH2_Gly.P.I.dL}$PEPTIDE1,PEPTIDE1,1:R1-7:R2$$$",-5.98800000,ok,,flexible
"PEPTIDE1{Me_dA.L.F.meL.T.Ser(tBu).Y}$PEPTIDE1,PEPTIDE1,1:R1-7:R2$$$",-5.78300000,ok,,flexible
"PEPTIDE1{Me_Bal.Me_dAbu.T.F.dP.P.meL}$PEPTIDE1,PEPTIDE1,1:R1-7:R2$$$",-6.19700000,ok,,flexible
"PEPTIDE1{Me_Bal.L.A.F.V.Ser(tBu).dL}$PEPTIDE1,PEPTIDE1,1:R1-7:R2$$$",-5.62200000,ok,,flexible
"PEPTIDE1{F.Me_Nle.L.L.P.Me_dA.meF}$PEPTIDE1,PEPTIDE1,1:R1-7:R2$$$",-5.28200000,ok,,flexible
"PEPTIDE1{A.dP.meA.meL.Me_dL.P.V}$PEPTIDE1,PEPTIDE1,1:R1-7:R2$$$",-6.48500000,ok,,flexible
"PEPTIDE1{A.G.P.meF.dP.L.L}$PEPTIDE1,PEPTIDE1,1:R1-7:R2$$$",-6.26600000,ok,,flexible
"PEPTIDE1{Mono6.Ser(tBu).T.meA.meY.Sar.Me_Abu}$PEPTIDE1,PEPTIDE1,1:R1-7:R2$$$",-5.92600000,ok,,flexible
"PEPTIDE1{Me_Bal.dL.dF.Me_dL.meL.Me_dL.meA}$PEPTIDE1,PEPTIDE1,1:R1-7:R2$$$",-5.55300000,ok,,flexible
"PEPTIDE1{Mono6.Sar.meA.Me_dL.dP.dP.L}$PEPTIDE1,PEPTIDE1,1:R1-7:R2$$$",-7.30600000,ok,,flexible
"PEPTIDE1{Me_Bal.A.P.meA.T.L.L}$PEPTIDE1,PEPTIDE1,1:R1-7:R2$$$",-7.04000000,ok,,flexible
"PEPTIDE1{L.Me_Nle.cHexCH2_Gly.Mono104.dP.Ser(tBu).A}$PEPTIDE1,PEPTIDE1,1:R1-7:R2$$$",-5.40400000,ok,,flexible
"PEPTIDE1{meL.cHexCH2_Gly.Nle.P.Mono86.Mono104.meL}$PEPTIDE1,PEPTIDE1,1:R1-7:R2$$$",-5.26300000,ok,,flexible
"PEPTIDE1{Mono6.meS.meL.Asp_piperidide.meL.L.dP}$PEPTIDE1,PEPTIDE1,1:R1-7:R2$$$",-5.93800000,ok,,flexible
"PEPTIDE1{A.meA.F.T.P.3Pal.G}$PEPTIDE1,PEPTIDE1,1:R1-7:R2$$$",-7.38100000,ok,,flexible
"PEPTIDE1{A.Pr_Gly.meA.dL.F.F.I}$PEPTIDE1,PEPTIDE1,1:R1-7:R2$$$",-5.56700000,ok,,flexible
"PEPTIDE1{meL.Ser(tBu).T.T.3Pal.L.A}$PEPTIDE1,PEPTIDE1,1:R1-7:R2$$$",-5.85700000,ok,,flexible
"PEPTIDE1{F.A.L.F.P.dL.meL}$PEPTIDE1,PEPTIDE1,1:R1-7:R2$$$",-5.71200000,ok,,flexible
"PEPTIDE1{A.Sar.meA.Me_dL.meL.Ser(tBu).P}$PEPTIDE1,PEPTIDE1,1:R1-7:R2$$$",-5.86500000,ok,,flexible
"PEPTIDE1{Me_Bal.F.meL.meF.meA.T.dP}$PEPTIDE1,PEPTIDE1,1:R1-7:R2$$$",-5.79700000,ok,,flexible
"PEPTIDE1{Mono6.meA.meF.dA.P.meY.A}$PEPTIDE1,PEPTIDE1,1:R1-7:R2$$$",-7.12600000,ok,,flexible
"PEPTIDE1{L.T.dP.P.meL.F.Mono84}$PEPTIDE1,PEPTIDE1,1:R1-7:R2$$$",-6.75100000,ok,,flexible
"PEPTIDE1{Sar.Me_Nle.L.dP.meF.P.A}$PEPTIDE1,PEPTIDE1,1:R1-7:R2$$$",-6.45000000,ok,,flexible
"PEPTIDE1{A.P.Ser(tBu).meL.Nle.A.F}$PEPTIDE1,PEPTIDE1,1:R1-7:R2$$$",-5.48900000,ok,,flexible
"PEPTIDE1{Me_dA.Me_Phe(3-Cl).Mono38.P.Et_Gly.dL.meL}$PEPTIDE1,PEPTIDE1,1:R1-7:R2$$$",-5.68000000,ok,,flexible
"PEPTIDE1{dV.F.Ser(tBu).L.3Pal.meL.T}$PEPTIDE1,PEPTIDE1,1:R1-7:R2$$$",-5.11400000,ok,,flexible
"PEPTIDE1{Me_dA.pentyl_Gly.Bn_Gly.I.Me_Nle.dL.dP}$PEPTIDE1,PEPTIDE1,1:R1-7:R2$$$",-5.26700000,ok,,flexible
"PEPTIDE1{meL.T.meL.Ser(tBu).Me_dL.L.pentyl_Gly}$PEPTIDE1,PEPTIDE1,1:R1-7:R2$$$",-5.05700000,ok,,flexible
"PEPTIDE1{Mono6.A.meY.dP.meA.Me_dL.T}$PEPTIDE1,PEPTIDE1,1:R1-7:R2$$$",-6.37900000,ok,,flexible
"PEPTIDE1{Me_Bal.meL.Me_dL.P.Ser(tBu).L.T}$PEPTIDE1,PEPTIDE1,1:R1-7:R2$$$",-5.44900000,ok,,flexible
"PEPTIDE1{Pr_Gly.I.dP.dL.T.T.L}$PEPTIDE1,PEPTIDE1,1:R1-7:R2$$$",-5.24300000,ok,,flexible
"PEPTIDE1{dF.T.P.meA.dP.dL.P}$PEPTIDE1,PEPTIDE1,1:R1-7:R2$$$",-7.25900000,ok,,flexible
"PEPTIDE1{Me_dA.Me_Nle.cHexCH2_Gly.L.dP.F.P}$PEPTIDE1,PEPTIDE1,1:R1-7:R2$$$",-6.47000000,ok,,flexible
"PEPTIDE1{Sar.Mono38.T.Nle.Ser(tBu).P.P}$PEPTIDE1,PEPTIDE1,1:R1-7:R2$$$",-5.96900000,ok,,flexible
"PEPTIDE1{dV.dL.Me_Phe(3-Cl).L.P.T.Mono7}$PEPTIDE1,PEPTIDE1,1:R1-7:R2$$$",-6.36000000,ok,,flexible
"PEPTIDE1{A.T.meL.meL.dL.L.meA}$PEPTIDE1,PEPTIDE1,1:R1-7:R2$$$",-5.26000000,ok,,flexible
"PEPTIDE1{meA.dP.meF.P.dP.T.T}$PEPTIDE1,PEPTIDE1,1:R1-7:R2$$$",-6.98900000,ok,,flexible
"PEPTIDE1{meA.Me_Phe(3-Cl).meL.P.Me_dL.meL.L}$PEPTIDE1,PEPTIDE1,1:R1-7:R2$$$",-5.76200000,ok,,flexible
"PEPTIDE1{dV.Me_dA.Me_Abu.dP.Me_dL.meI.V}$PEPTIDE1,PEPTIDE1,1:R1-7:R2$$$",-5.92900000,ok,,flexible
"PEPTIDE1{F.P.pentyl_Gly.L.dL.T.G}$PEPTIDE1,PEPTIDE1,1:R1-7:R2$$$",-5.76000000,ok,,flexible
"PEPTIDE1{Me_Bal.dPye.dP.L.T.T.P}$PEPTIDE1,PEPTIDE1,1:R1-7:R2$$$",-5.87600000,ok,,flexible
"PEPTIDE1{dF.Me_dA.meF.P.dP.Mono78.meL}$PEPTIDE1,PEPTIDE1,1:R1-7:R2$$$",-6.56100000,ok,,flexible
"PEPTIDE1{Me_dA.L.A.meL.Me_dL.P.dP}$PEPTIDE1,PEPTIDE1,1:R1-7:R2$$$",-6.17900000,ok,,flexible
"PEPTIDE1{meA.Me_dL.T.F.meL.I.Sar}$PEPTIDE1,PEPTIDE1,1:R1-7:R2$$$",-6.23200000,ok,,flexible
"PEPTIDE1{dA.T.meL.meL.L.meV.V}$PEPTIDE1,PEPTIDE1,1:R1-7:R2$$$",-5.57000000,ok,,flexible
"PEPTIDE1{dA.Me_dL.meL.Ser(tBu).T.P.3Pal}$PEPTIDE1,PEPTIDE1,1:R1-7:R2$$$",-5.42400000,ok,,flexible
"PEPTIDE1{Sar.meF.T.meA.dP.L.P}$PEPTIDE1,PEPTIDE1,1:R1-7:R2$$$",-6.63900000,ok,,flexible
"PEPTIDE1{Mono6.Me_dA.Me_dL.L.P.Me_Abu.dP}$PEPTIDE1,PEPTIDE1,1:R1-7:R2$$$",-6.11000000,ok,,flexible
"PEPTIDE1{F.dP.cHexCH2_Gly.T.L.meL.dL}$PEPTIDE1,PEPTIDE1,1:R1-7:R2$$$",-5.44300000,ok,,flexible
"PEPTIDE1{Pr_Gly.Sar.meI.F.Ser(tBu).T.Me_dL}$PEPTIDE1,PEPTIDE1,1:R1-7:R2$$$",-5.79800000,ok,,flexible
"PEPTIDE1{Mono6.Me_Nle.I.meF.3Pal.meL.P}$PEPTIDE1,PEPTIDE1,1:R1-7:R2$$$",-5.49700000,ok,,flexible
"PEPTIDE1{dV.P.meV.Me_dL.meL.L.L}$PEPTIDE1,PEPTIDE1,1:R1-7:R2$$$",-5.28200000,ok,,flexible
"PEPTIDE1{dA.T.meL.dL.Ser(tBu).F.L}$PEPTIDE1,PEPTIDE1,1:R1-7:R2$$$",-5.61300000,ok,,flexible
"PEPTIDE1{Me_dA.pentyl_Gly.Mono38.A.meL.Mono2.3Pal}$PEPTIDE1,PEPTIDE1,1:R1-7:R2$$$",-6.35900000,ok,,flexible
"PEPTIDE1{meA.Me_dA.meL.I.F.Mono7.dL}$PEPTIDE1,PEPTIDE1,1:R1-7:R2$$$",-6.13400000,ok,,flexible
"PEPTIDE1{Me_dA.dL.T.meL.meA.A.T}$PEPTIDE1,PEPTIDE1,1:R1-7:R2$$$",-6.14600000,ok,,flexible
"PEPTIDE1{F.pentyl_Gly.A.meL.Ser(tBu).L.dL}$PEPTIDE1,PEPTIDE1,1:R1-7:R2$$$",-4.80300000,ok,,flexible
"PEPTIDE1{P.L.Me_dL.meL.T.dP.P}$PEPTIDE1,PEPTIDE1,1:R1-7:R2$$$",-5.84000000,ok,,flexible
"PEPTIDE1{Sar.cHexCH2_Gly.P.L.T.meA.Ser(tBu)}$PEPTIDE1,PEPTIDE1,1:R1-7:R2$$$",-6.01900000,ok,,flexible
"PEPTIDE1{A.meF.L.Mono38.Nle.F.pentyl_Gly}$PEPTIDE1,PEPTIDE1,1:R1-7:R2$$$",-4.90000000,ok,,flexible
"PEPTIDE1{A.L.meF.meL.I.Ser(tBu).T}$PEPTIDE1,PEPTIDE1,1:R1-7:R2$$$",-5.88200000,ok,,flexible
"PEPTIDE1{meL.L.F.L.Asp_piperidide.Me_Phe(3-Cl).Me_dA}$PEPTIDE1,PEPTIDE1,1:R1-7:R2$$$",-5.92900000,ok,,flexible
"PEPTIDE1{P.dF.G.F.meL.dV.meL}$PEPTIDE1,PEPTIDE1,1:R1-7:R2$$$",-7.35600000,ok,,flexible
"PEPTIDE1{A.meV.meL.P.meA.P.Ser(tBu)}$PEPTIDE1,PEPTIDE1,1:R1-7:R2$$$",-5.94700000,ok,,flexible
"PEPTIDE1{Me_dA.dL.Me_dL.meL.dP.meL.T}$PEPTIDE1,PEPTIDE1,1:R1-7:R2$$$",-5.69700000,ok,,flexible
"PEPTIDE1{meA.Me_dA.Me_dL.meF.Me_Abu.iBu_Gly.Sar}$PEPTIDE1,PEPTIDE1,1:R1-7:R2$$$",-6.78300000,ok,,flexible
"PEPTIDE1{Me_dA.A.dL.F.I.L.meL}$PEPTIDE1,PEPTIDE1,1:R1-7:R2$$$",-6.02500000,ok,,flexible
"PEPTIDE1{Me_Bal.pentyl_Gly.T.meL.Nle.I.Me_dL}$PEPTIDE1,PEPTIDE1,1:R1-7:R2$$$",-4.85700000,ok,,flexible
"PEPTIDE1{meA.Me_Nle.pentyl_Gly.A.L.Mono86.meL}$PEPTIDE1,PEPTIDE1,1:R1-7:R2$$$",-5.94500000,ok,,flexible
"PEPTIDE1{A.Me_dL.Me_dL.L.dL.V.dP}$PEPTIDE1,PEPTIDE1,1:R1-7:R2$$$",-5.49500000,ok,,flexible
"PEPTIDE1{dF.P.P.meL.dP.dL.T}$PEPTIDE1,PEPTIDE1,1:R1-7:R2$$$",-6.59500000,ok,,flexible
"PEPTIDE1{dF.A.meL.A.P.Ser(tBu).Me_dL}$PEPTIDE1,PEPTIDE1,1:R1-7:R2$$$",-6.44500000,ok,,flexible
"PEPTIDE1{A.meF.meL.meL.Me_dL.dL.meA}$PEPTIDE1,PEPTIDE1,1:R1-7:R2$$$",-5.63500000,ok,,flexible
"PEPTIDE1{P.dA.Pr_Gly.Me_dL.meL.A.F}$PEPTIDE1,PEPTIDE1,1:R1-7:R2$$$",-6.43400000,ok,,flexible
"PEPTIDE1{meA.Me_Nle.meL.P.T.T.Ser(tBu)}$PEPTIDE1,PEPTIDE1,1:R1-7:R2$$$",-5.62900000,ok,,flexible
"PEPTIDE1{Me_Bal.dA.meA.Me_dL.meL.L.dL}$PEPTIDE1,PEPTIDE1,1:R1-7:R2$$$",-5.42100000,ok,,flexible
"PEPTIDE1{Pr_Gly.dP.V.Me_dL.P.meF.L}$PEPTIDE1,PEPTIDE1,1:R1-7:R2$$$",-5.80300000,ok,,flexible
"PEPTIDE1{Me_Bal.dL.meS.meL.Me_dL.meA.T}$PEPTIDE1,PEPTIDE1,1:R1-7:R2$$$",-5.90200000,ok,,flexible
"PEPTIDE1{meA.P.T.dL.meV.F.dP}$PEPTIDE1,PEPTIDE1,1:R1-7:R2$$$",-6.45700000,ok,,flexible
"PEPTIDE1{meA.Mono38.cHexCH2_Gly.Ser(tBu).meL.P.Me_Phe(3-Cl)}$PEPTIDE1,PEPTIDE1,1:R1-7:R2$$$",-5.88400000,ok,,flexible
"PEPTIDE1{dP.V.F.meL.meA.meF.Nle}$PEPTIDE1,PEPTIDE1,1:R1-7:R2$$$",-5.79300000,ok,,flexible
"PEPTIDE1{dA.meL.pentyl_Gly.P.Sar.meL.I}$PEPTIDE1,PEPTIDE1,1:R1-7:R2$$$",-5.33100000,ok,,flexible
"PEPTIDE1{dP.meA.P.Me_dL.F.G.Me_dA}$PEPTIDE1,PEPTIDE1,1:R1-7:R2$$$",-7.74500000,ok,,flexible
"PEPTIDE1{Mono6.Nle.A.meL.I.Et_Gly.dL}$PEPTIDE1,PEPTIDE1,1:R1-7:R2$$$",-5.83500000,ok,,flexible
"PEPTIDE1{Mono6.Me_Phe(3-Cl).Pr_Gly.Pr_Gly.Me_dL.dL.Me_dA}$PEPTIDE1,PEPTIDE1,1:R1-7:R2$$$",-5.49800000,ok,,flexible
"PEPTIDE1{dP.G.Me_dL.dL.T.P.T}$PEPTIDE1,PEPTIDE1,1:R1-7:R2$$$",-6.38000000,ok,,flexible
"PEPTIDE1{A.meF.L.I.P.P.Ser(tBu)}$PEPTIDE1,PEPTIDE1,1:R1-7:R2$$$",-5.92200000,ok,,flexible
"PEPTIDE1{Me_dA.Me_Nle.L.P.meL.Me_dL.meL}$PEPTIDE1,PEPTIDE1,1:R1-7:R2$$$",-5.20200000,ok,,flexible
"PEPTIDE1{dF.Sar.P.dP.T.Ser(tBu).Nle}$PEPTIDE1,PEPTIDE1,1:R1-7:R2$$$",-6.12600000,ok,,flexible
"PEPTIDE1{Me_dA.P.dP.L.L.T.T}$PEPTIDE1,PEPTIDE1,1:R1-7:R2$$$",-6.40200000,ok,,flexible
"PEPTIDE1{Mono6.meL.T.Nle.T.Ser(tBu).I}$PEPTIDE1,PEPTIDE1,1:R1-7:R2$$$",-5.57600000,ok,,flexible
"PEPTIDE1{P.meA.A.L.meA.D.dP}$PEPTIDE1,PEPTIDE1,1:R1-7:R2$$$",-6.38700000,ok,,flexible
"PEPTIDE1{dV.dL.P.meY.meL.P.meL}$PEPTIDE1,PEPTIDE1,1:R1-7:R2$$$",-5.84500000,ok,,flexible
"PEPTIDE1{A.dP.meL.L.P.dP.Me_dL}$PEPTIDE1,PEPTIDE1,1:R1-7:R2$$$",-6.15700000,ok,,flexible
"PEPTIDE1{dF.A.dL.L.3Pal.I.Mono86}$PEPTIDE1,PEPTIDE1,1:R1-7:R2$$$",-6.11200000,ok,,flexible
"PEPTIDE1{A.meA.dL.L.Me_dL.meF.meL}$PEPTIDE1,PEPTIDE1,1:R1-7:R2$$$",-6.01300000,ok,,flexible
"PEPTIDE1{Sar.dP.meV.meL.Cha.F.V}$PEPTIDE1,PEPTIDE1,1:R1-7:R2$$$",-6.17500000,ok,,flexible
"PEPTIDE1{A.Ser(tBu).Me_dL.meL.meA.F.meF}$PEPTIDE1,PEPTIDE1,1:R1-7:R2$$$",-5.48700000,ok,,flexible
"PEPTIDE1{Me_Bal.dP.L.meL.T.dP.dP}$PEPTIDE1,PEPTIDE1,1:R1-7:R2$$$",-6.37200000,ok,,flexible
"PEPTIDE1{meL.Asp_piperidide.dP.P.meL.A.dL}$PEPTIDE1,PEPTIDE1,1:R1-7:R2$$$",-6.11600000,ok,,flexible
"PEPTIDE1{Me_dA.meA.dPye.T.Ser(tBu).F.T}$PEPTIDE1,PEPTIDE1,1:R1-7:R2$$$",-5.64400000,ok,,flexible
"PEPTIDE1{Me_dA.G.Pr_Gly.L.Pr_Gly.A.Ser(tBu)}$PEPTIDE1,PEPTIDE1,1:R1-7:R2$$$",-5.43800000,ok,,flexible
"PEPTIDE1{Sar.meF.dP.P.Me_dL.dL.L}$PEPTIDE1,PEPTIDE1,1:R1-7:R2$$$",-6.77700000,ok,,flexible
"PEPTIDE1{Mono6.T.A.Me_dL.P.P.L}$PEPTIDE1,PEPTIDE1,1:R1-7:R2$$$",-6.03700000,ok,,flexible
"PEPTIDE1{meA.Et_Gly.P.T.L.Me_Phe(3-Cl).I}$PEPTIDE1,PEPTIDE1,1:R1-7:R2$$$",-7.16900000,ok,,flexible
"PEPTIDE1{Me_Bal.Me_dA.Me_dL.P.meA.meF.dP}$PEPTIDE1,PEPTIDE1,1:R1-7:R2$$$",-7.29200000,ok,,flexible
"PEPTIDE1{Mono6.meA.meL.dP.meL.Mono7.T}$PEPTIDE1,PEPTIDE1,1:R1-7:R2$$$",-6.25300000,ok,,flexible
"PEPTIDE1{meA.A.L.Ser(tBu).meF.Me_dL.P}$PEPTIDE1,PEPTIDE1,1:R1-7:R2$$$",-5.89500000,ok,,flexible
"PEPTIDE1{Me_dA.dP.cHexCH2_Gly.Mono86.meL.dL.L}$PEPTIDE1,PEPTIDE1,1:R1-7:R2$$$",-5.48400000,ok,,flexible
"PEPTIDE1{dV.A.A.Me_Nle.Mono84.L.F}$PEPTIDE1,PEPTIDE1,1:R1-7:R2$$$",-5.85000000,ok,,flexible
"PEPTIDE1{meA.T.dA.Me_dL.dP.T.meF}$PEPTIDE1,PEPTIDE1,1:R1-7:R2$$$",-5.91700000,ok,,flexible
"PEPTIDE1{Mono6.T.T.Ser(tBu).L.L.I}$PEPTIDE1,PEPTIDE1,1:R1-7:R2$$$",-6.24200000,ok,,flexible
"PEPTIDE1{Sar.cHexCH2_Gly.Mono84.L.L.P.meL}$PEPTIDE1,PEPTIDE1,1:R1-7:R2$$$",-6.18000000,ok,,flexible
"PEPTIDE1{meL.Me_dL.Me_dA.Me_dL.dF.dP.T}$PEPTIDE1,PEPTIDE1,1:R1-7:R2$$$",-5.41700000,ok,,flexible
"PEPTIDE1{Mono6.Me_dL.meF.Ser(tBu).A.T.dP}$PEPTIDE1,PEPTIDE1,1:R1-7:R2$$$",-5.69700000,ok,,flexible
"PEPTIDE1{A.meL.T.meA.meL.P.dP}$PEPTIDE1,PEPTIDE1,1:R1-7:R2$$$",-6.33300000,ok,,flexible
"PEPTIDE1{dV.meF.Mono84.F.pentyl_Gly.meL.Mono11}$PEPTIDE1,PEPTIDE1,1:R1-7:R2$$$",-5.28800000,ok,,flexible
"PEPTIDE1{meA.meF.Sar.Et_Gly.D.G.T}$PEPTIDE1,PEPTIDE1,1:R1-7:R2$$$",-6.75800000,ok,,flexible
"PEPTIDE1{P.Pr_Gly.meL.L.meL.F.dP}$PEPTIDE1,PEPTIDE1,1:R1-7:R2$$$",-5.54700000,ok,,flexible
"PEPTIDE1{A.pentyl_Gly.Et_Gly.G.Ser(tBu).Mono84.T}$PEPTIDE1,PEPTIDE1,1:R1-7:R2$$$",-5.42100000,ok,,flexible
"PEPTIDE1{Me_Bal.Pr_Gly.Me_dA.Me_dL.meL.meA.Sar}$PEPTIDE1,PEPTIDE1,1:R1-7:R2$$$",-5.97700000,ok,,flexible
"PEPTIDE1{Mono6.meL.F.pentyl_Gly.Me_Nle.Ser(tBu).3Pal}$PEPTIDE1,PEPTIDE1,1:R1-7:R2$$$",-4.87000000,ok,,flexible
"PEPTIDE1{dA.T.Me_dL.T.T.meL.dL}$PEPTIDE1,PEPTIDE1,1:R1-7:R2$$$",-5.56800000,ok,,flexible
"PEPTIDE1{Me_Bal.P.Mono38.F.meL.T.dL}$PEPTIDE1,PEPTIDE1,1:R1-7:R2$$$",-6.00500000,ok,,flexible
"PEPTIDE1{meA.Me_dAbu.dP.P.D.T.meL}$PEPTIDE1,PEPTIDE1,1:R1-7:R2$$$",-6.36300000,ok,,flexible
"PEPTIDE1{meA.Pr_Gly.A.P.Me_dL.T.Me_dA}$PEPTIDE1,PEPTIDE1,1:R1-7:R2$$$",-6.10100000,ok,,flexible
"PEPTIDE1{Mono6.meL.Me_dL.meA.T.dP.Me_dL}$PEPTIDE1,PEPTIDE1,1:R1-7:R2$$$",-5.36600000,ok,,flexible
"PEPTIDE1{dV.meL.A.Me_dA.Me_dL.F.P}$PEPTIDE1,PEPTIDE1,1:R1-7:R2$$$",-6.08900000,ok,,flexible
"PEPTIDE1{Mono6.Ser(tBu).I.meL.T.P.dL}$PEPTIDE1,PEPTIDE1,1:R1-7:R2$$$",-5.41700000,ok,,flexible
"PEPTIDE1{Mono6.meA.dP.dP.T.P.I}$PEPTIDE1,PEPTIDE1,1:R1-7:R2$$$",-6.72600000,ok,,flexible
"PEPTIDE1{P.F.Me_dL.meL.D.3Pal.Ser(tBu)}$PEPTIDE1,PEPTIDE1,1:R1-7:R2$$$",-5.68600000,ok,,flexible
"PEPTIDE1{meA.dP.F.dL.G.Ser(tBu).meL}$PEPTIDE1,PEPTIDE1,1:R1-7:R2$$$",-5.99300000,ok,,flexible
"PEPTIDE1{dA.pentyl_Gly.meA.L.L.F.Mono84}$PEPTIDE1,PEPTIDE1,1:R1-7:R2$$$",-4.99500000,ok,,flexible
"PEPTIDE1{Me_Bal.Bn_Gly.Ser(tBu).Me_Nle.T.Et_Gly.P}$PEPTIDE1,PEPTIDE1,1:R1-7:R2$$$",-5.97100000,ok,,flexible
"PEPTIDE1{A.meL.P.T.dP.V.meL}$PEPTIDE1,PEPTIDE1,1:R1-7:R2$$$",-5.80300000,ok,,flexible
"PEPTIDE1{A.cHexCH2_Gly.dL.Me_Nle.Cha.pentyl_Gly.3Pal}$PEPTIDE1,PEPTIDE1,1:R1-7:R2$$$",-5.19300000,ok,,flexible
"PEPTIDE1{L.Me_dL.Mono9.P.Mono84.Sar.meL}$PEPTIDE1,PEPTIDE1,1:R1-7:R2$$$",-6.42500000,ok,,flexible
"PEPTIDE1{Me_dA.meI.T.dL.Me_dL.P.T}$PEPTIDE1,PEPTIDE1,1:R1-7:R2$$$",-5.55900000,ok,,flexible
"PEPTIDE1{Me_Bal.L.meL.I.dP.V.Ser(tBu)}$PEPTIDE1,PEPTIDE1,1:R1-7:R2$$$",-5.46700000,ok,,flexible
"PEPTIDE1{F.Me_Nle.P.dP.T.meL.dL}$PEPTIDE1,PEPTIDE1,1:R1-7:R2$$$",-5.91200000,ok,,flexible
"PEPTIDE1{dA.F.dP.I.L.dL.P}$PEPTIDE1,PEPTIDE1,1:R1-7:R2$$$",-6.21100000,ok,,flexible
"PEPTIDE1{Pr_Gly.T.dP.meA.Me_dL.meL.meL}$PEPTIDE1,PEPTIDE1,1:R1-7:R2$$$",-5.08800000,ok,,flexible
"PEPTIDE1{L.dP.T.A.T.P.T}$PEPTIDE1,PEPTIDE1,1:R1-7:R2$$$",-6.45700000,ok,,flexible
"PEPTIDE1{dF.meA.dA.meV.Ser(tBu).P.L}$PEPTIDE1,PEPTIDE1,1:R1-7:R2$$$",-6.34100000,ok,,flexible
"PEPTIDE1{Me_dA.Pr_Gly.Ser(tBu).Me_dL.meL.meA.F}$PEPTIDE1,PEPTIDE1,1:R1-7:R2$$$",-5.52700000,ok,,flexible
"PEPTIDE1{dA.T.Me_dL.dL.L.G.A}$PEPTIDE1,PEPTIDE1,1:R1-7:R2$$$",-5.63400000,ok,,flexible
"PEPTIDE1{Me_dA.dP.T.meL.dL.F.Me_dL}$PEPTIDE1,PEPTIDE1,1:R1-7:R2$$$",-5.60300000,ok,,flexible
"PEPTIDE1{F.G.dP.P.Me_dL.dL.Mono84}$PEPTIDE1,PEPTIDE1,1:R1-7:R2$$$",-7.17300000,ok,,flexible
"PEPTIDE1{Mono6.meA.P.meL.meY.Me_dL.Me_dL}$PEPTIDE1,PEPTIDE1,1:R1-7:R2$$$",-5.34100000,ok,,flexible
"PEPTIDE1{Me_Bal.A.meV.F.meL.T.meF}$PEPTIDE1,PEPTIDE1,1:R1-7:R2$$$",-6.51900000,ok,,flexible
"PEPTIDE1{A.meI.T.meL.dL.Me_dL.Me_dL}$PEPTIDE1,PEPTIDE1,1:R1-7:R2$$$",-4.62300000,ok,,flexible
"PEPTIDE1{dV.Me_dAbu.meV.Sar.Ser(tBu).Me_dL.L}$PEPTIDE1,PEPTIDE1,1:R1-7:R2$$$",-5.27700000,ok,,flexible
"PEPTIDE1{dA.I.F.cHexCH2_Gly.L.P.T}$PEPTIDE1,PEPTIDE1,1:R1-7:R2$$$",-5.83300000,ok,,flexible
"PEPTIDE1{meA.Me_dA.Asp_piperidide.A.meL.Mono6.dL}$PEPTIDE1,PEPTIDE1,1:R1-7:R2$$$",-7.67600000,ok,,flexible
"PEPTIDE1{meF.L.I.A.meL.Me_Phe(3-Cl).Me_Nle}$PEPTIDE1,PEPTIDE1,1:R1-7:R2$$$",-5.60300000,ok,,flexible
"PEPTIDE1{P.Me_dL.dA.A.Me_dL.meL.D}$PEPTIDE1,PEPTIDE1,1:R1-7:R2$$$",-6.00500000,ok,,flexible
"PEPTIDE1{A.P.Me_dL.P.meY.Asp_piperidide.Me_dA}$PEPTIDE1,PEPTIDE1,1:R1-7:R2$$$",-6.36700000,ok,,flexible
"PEPTIDE1{dF.T.dP.Me_dA.meA.Me_dL.V}$PEPTIDE1,PEPTIDE1,1:R1-7:R2$$$",-6.45400000,ok,,flexible
"PEPTIDE1{A.Mono38.T.Me_Phe(3-Cl).meA.Me_Nle.pentyl_Gly}$PEPTIDE1,PEPTIDE1,1:R1-7:R2$$$",-6.08100000,ok,,flexible
"PEPTIDE1{A.meL.T.G.F.Me_dL.F}$PEPTIDE1,PEPTIDE1,1:R1-7:R2$$$",-6.31400000,ok,,flexible
"PEPTIDE1{Mono6.L.F.Me_Phe(3-Cl).meF.meI.A}$PEPTIDE1,PEPTIDE1,1:R1-7:R2$$$",-5.91300000,ok,,flexible
"PEPTIDE1{L.Me_dA.F.T.pentyl_Gly.L.Sar}$PEPTIDE1,PEPTIDE1,1:R1-7:R2$$$",-5.41700000,ok,,flexible
"PEPTIDE1{meA.L.cHexCH2_Gly.A.L.I.meL}$PEPTIDE1,PEPTIDE1,1:R1-7:R2$$$",-5.54800000,ok,,flexible
"PEPTIDE1{P.Me_dA.Pr_Gly.dL.A.meL.Me_dL}$PEPTIDE1,PEPTIDE1,1:R1-7:R2$$$",-5.67800000,ok,,flexible
"PEPTIDE1{Me_dA.meA.meF.F.L.P.Y}$PEPTIDE1,PEPTIDE1,1:R1-7:R2$$$",-6.54200000,ok,,flexible
"PEPTIDE1{Pr_Gly.P.meL.meY.Me_dL.meV.meL}$PEPTIDE1,PEPTIDE1,1:R1-7:R2$$$",-5.16300000,ok,,flexible
"PEPTIDE1{dV.Me_dA.A.meA.Pr_Gly.A.dF}$PEPTIDE1,PEPTIDE1,1:R1-7:R2$$$",-6.42200000,ok,,flexible
"PEPTIDE1{Me_Bal.cHexCH2_Gly.3Pal.meL.pentyl_Gly.Et_Gly.P}$PEPTIDE1,PEPTIDE1,1:R1-7:R2$$$",-6.28600000,ok,,flexible
"PEPTIDE1{Me_dA.Me_dL.dP.meY.meS.meA.Mono6}$PEPTIDE1,PEPTIDE1,1:R1-7:R2$$$",-6.92200000,ok,,flexible
"PEPTIDE1{Pr_Gly.meA.dP.Me_dA.T.meL.F}$PEPTIDE1,PEPTIDE1,1:R1-7:R2$$$",-6.08700000,ok,,flexible
"PEPTIDE1{A.meL.L.I.dP.Ser(tBu).meF}$PEPTIDE1,PEPTIDE1,1:R1-7:R2$$$",-5.87400000,ok,,flexible
"PEPTIDE1{dF.Me_Nle.L.Nle.A.pentyl_Gly.meA}$PEPTIDE1,PEPTIDE1,1:R1-7:R2$$$",-5.48700000,ok,,flexible
"PEPTIDE1{L.meL.Ser(tBu).Me_dL.Me_dL.F.T}$PEPTIDE1,PEPTIDE1,1:R1-7:R2$$$",-5.36700000,ok,,flexible
"PEPTIDE1{A.meF.Sar.meL.T.P.Mono86}$PEPTIDE1,PEPTIDE1,1:R1-7:R2$$$",-6.02400000,ok,,flexible
"PEPTIDE1{Me_dA.meL.dP.T.P.meA.Me_dL}$PEPTIDE1,PEPTIDE1,1:R1-7:R2$$$",-6.11500000,ok,,flexible
"PEPTIDE1{Pr_Gly.Me_Abu.L.meA.T.P.meL}$PEPTIDE1,PEPTIDE1,1:R1-7:R2$$$",-5.67700000,ok,,flexible
"PEPTIDE1{Me_Bal.A.meS.meL.dL.meL.meF}$PEPTIDE1,PEPTIDE1,1:R1-7:R2$$$",-5.15000000,ok,,flexible
"PEPTIDE1{P.F.Asp_piperidide.meF.T.T.dL}$PEPTIDE1,PEPTIDE1,1:R1-7:R2$$$",-6.26000000,ok,,flexible
"PEPTIDE1{A.Me_dA.Me_dL.meL.meA.Ser(tBu).P}$PEPTIDE1,PEPTIDE1,1:R1-7:R2$$$",-5.59000000,ok,,flexible
"PEPTIDE1{dP.meF.meA.meL.Me_dL.dL.Me_dA}$PEPTIDE1,PEPTIDE1,1:R1-7:R2$$$",-6.27800000,ok,,flexible
"PEPTIDE1{A.T.meL.dP.meF.Me_dL.meA}$PEPTIDE1,PEPTIDE1,1:R1-7:R2$$$",-6.14100000,ok,,flexible
"PEPTIDE1{dP.Pr_Gly.G.V.meL.I.L}$PEPTIDE1,PEPTIDE1,1:R1-7:R2$$$",-5.25800000,ok,,flexible
"PEPTIDE1{Me_dA.meI.dP.Me_dL.P.meA.A}$PEPTIDE1,PEPTIDE1,1:R1-7:R2$$$",-6.30400000,ok,,flexible
"PEPTIDE1{dA.P.A.T.dP.meL.L}$PEPTIDE1,PEPTIDE1,1:R1-7:R2$$$",-6.27900000,ok,,flexible
"PEPTIDE1{meA.dL.P.T.meL.Me_dA.P}$PEPTIDE1,PEPTIDE1,1:R1-7:R2$$$",-6.53800000,ok,,flexible
"PEPTIDE1{dF.Me_dA.dP.V.Sar.Ser(tBu).Mono7}$PEPTIDE1,PEPTIDE1,1:R1-7:R2$$$",-6.19300000,ok,,flexible
"PEPTIDE1{Mono6.Ser(tBu).T.meL.meA.T.Asp_piperidide}$PEPTIDE1,PEPTIDE1,1:R1-7:R2$$$",-5.96100000,ok,,flexible
"PEPTIDE1{Mono6.meA.meF.P.dP.T.meV}$PEPTIDE1,PEPTIDE1,1:R1-7:R2$$$",-6.65000000,ok,,flexible
"PEPTIDE1{Pr_Gly.meA.meL.L.dL.Ser(tBu).T}$PEPTIDE1,PEPTIDE1,1:R1-7:R2$$$",-5.08800000,ok,,flexible
"PEPTIDE1{Me_Bal.Me_dL.meA.Ser(tBu).meL.T.F}$PEPTIDE1,PEPTIDE1,1:R1-7:R2$$$",-5.58100000,ok,,flexible
"PEPTIDE1{meL.A.P.meA.Ser(tBu).Me_dA.meF}$PEPTIDE1,PEPTIDE1,1:R1-7:R2$$$",-5.74500000,ok,,flexible
"PEPTIDE1{P.dPye.meL.meL.F.L.Me_dL}$PEPTIDE1,PEPTIDE1,1:R1-7:R2$$$",-5.40200000,ok,,flexible
"PEPTIDE1{dA.meF.F.Me_dL.dP.dP.meL}$PEPTIDE1,PEPTIDE1,1:R1-7:R2$$$",-6.59600000,ok,,flexible
"PEPTIDE1{Me_dA.pentyl_Gly.Me_Abu.meF.L.dP.P}$PEPTIDE1,PEPTIDE1,1:R1-7:R2$$$",-5.63500000,ok,,flexible
"PEPTIDE1{meA.T.dP.Ser(tBu).meF.Mono7.Me_dL}$PEPTIDE1,PEPTIDE1,1:R1-7:R2$$$",-6.18000000,ok,,flexible
"PEPTIDE1{Me_Bal.pentyl_Gly.Ser(tBu).L.T.Me_Phe(3-Cl).F}$PEPTIDE1,PEPTIDE1,1:R1-7:R2$$$",-5.82500000,ok,,flexible
"PEPTIDE1{Pr_Gly.pentyl_Gly.Me_dNva.meL.dP.T.T}$PEPTIDE1,PEPTIDE1,1:R1-7:R2$$$",-5.02100000,ok,,flexible
"PEPTIDE1{Me_dA.dP.meF.T.Me_dL.Sar.meA}$PEPTIDE1,PEPTIDE1,1:R1-7:R2$$$",-7.26600000,ok,,flexible
"PEPTIDE1{Me_dA.meF.L.Ser(tBu).Me_Abu.P.P}$PEPTIDE1,PEPTIDE1,1:R1-7:R2$$$",-6.42800000,ok,,flexible
"PEPTIDE1{P.Me_Nle.Ser(tBu).Me_dL.dL.dP.meF}$PEPTIDE1,PEPTIDE1,1:R1-7:R2$$$",-4.86600000,ok,,flexible
"PEPTIDE1{dV.Me_Phe(3-Cl).Me_dA.F.P.L.A}$PEPTIDE1,PEPTIDE1,1:R1-7:R2$$$",-6.31800000,ok,,flexible
"PEPTIDE1{Me_dA.Mono38.F.T.Me_Phe(3-Cl).dP.meF}$PEPTIDE1,PEPTIDE1,1:R1-7:R2$$$",-6.73400000,ok,,flexible
"PEPTIDE1{A.P.meL.L.meL.dL.P}$PEPTIDE1,PEPTIDE1,1:R1-7:R2$$$",-6.01400000,ok,,flexible
"PEPTIDE1{Pr_Gly.dP.Sar.L.meL.L.meI}$PEPTIDE1,PEPTIDE1,1:R1-7:R2$$$",-5.53800000,ok,,flexible
"PEPTIDE1{Pr_Gly.L.P.Mono84.T.L.A}$PEPTIDE1,PEPTIDE1,1:R1-7:R2$$$",-5.61000000,ok,,flexible
"PEPTIDE1{meA.cHexCH2_Gly.cHexCH2_Gly.A.pentyl_Gly.L.G}$PEPTIDE1,PEPTIDE1,1:R1-7:R2$$$",-5.81400000,ok,,flexible
"PEPTIDE1{Me_dA.pentyl_Gly.A.I.P.Nle.dP}$PEPTIDE1,PEPTIDE1,1:R1-7:R2$$$",-5.29400000,ok,,flexible
"PEPTIDE1{Me_dA.T.P.meL.Ser(tBu).T.T}$PEPTIDE1,PEPTIDE1,1:R1-7:R2$$$",-5.98800000,ok,,flexible
"PEPTIDE1{dA.meL.Me_dL.meF.L.D.meV}$PEPTIDE1,PEPTIDE1,1:R1-7:R2$$$",-5.78200000,ok,,flexible
"PEPTIDE1{meA.P.Sar.L.L.meL.Mono86}$PEPTIDE1,PEPTIDE1,1:R1-7:R2$$$",-5.76200000,ok,,flexible
"PEPTIDE1{Mono6.meL.Mono84.meA.P.T.T}$PEPTIDE1,PEPTIDE1,1:R1-7:R2$$$",-6.51900000,ok,,flexible
"PEPTIDE1{meA.F.Mono84.L.P.meL.T}$PEPTIDE1,PEPTIDE1,1:R1-7:R2$$$",-6.53100000,ok,,flexible
"PEPTIDE1{dF.L.T.F.dP.meF.P}$PEPTIDE1,PEPTIDE1,1:R1-7:R2$$$",-6.16400000,ok,,flexible
"PEPTIDE1{dV.dL.Sar.Me_dA.meA.dP.P}$PEPTIDE1,PEPTIDE1,1:R1-7:R2$$$",-6.89200000,ok,,flexible
"PEPTIDE1{A.F.meL.meA.meL.V.Mono7}$PEPTIDE1,PEPTIDE1,1:R1-7:R2$$$",-6.33000000,ok,,flexible
"PEPTIDE1{Mono6.Me_dAbu.meA.Ser(tBu).V.Sar.L}$PEPTIDE1,PEPTIDE1,1:R1-7:R2$$$",-5.72800000,ok,,flexible
"PEPTIDE1{L.P.F.V.dL.dF.T}$PEPTIDE1,PEPTIDE1,1:R1-7:R2$$$",-5.50500000,ok,,flexible
"PEPTIDE1{dA.pentyl_Gly.Mono11.Mono84.L.F.Mono86}$PEPTIDE1,PEPTIDE1,1:R1-7:R2$$$",-5.33800000,ok,,flexible
"PEPTIDE1{L.Me_dL.Mono12.Sar.meL.meA.P}$PEPTIDE1,PEPTIDE1,1:R1-7:R2$$$",-5.72700000,ok,,flexible
"PEPTIDE1{Me_dA.Me_Nle.Nle.meL.P.T.P}$PEPTIDE1,PEPTIDE1,1:R1-7:R2$$$",-6.15300000,ok,,flexible
"PEPTIDE1{meA.L.P.L.dL.Me_Phe(3-Cl).F}$PEPTIDE1,PEPTIDE1,1:R1-7:R2$$$",-6.13700000,ok,,flexible
"PEPTIDE1{dV.dP.dL.meA.L.dF.pentyl_Gly}$PEPTIDE1,PEPTIDE1,1:R1-7:R2$$$",-5.60300000,ok,,flexible
"PEPTIDE1{meA.L.cHexCH2_Gly.A.meL.V.P}$PEPTIDE1,PEPTIDE1,1:R1-7:R2$$$",-5.91100000,ok,,flexible
"PEPTIDE1{meA.T.P.T.T.dF.F}$PEPTIDE1,PEPTIDE1,1:R1-7:R2$$$",-6.21800000,ok,,flexible
"PEPTIDE1{L.Me_dA.dP.P.Me_dL.meL.T}$PEPTIDE1,PEPTIDE1,1:R1-7:R2$$$",-6.24200000,ok,,flexible
"PEPTIDE1{Me_dA.dP.meL.P.L.P.Me_dL}$PEPTIDE1,PEPTIDE1,1:R1-7:R2$$$",-6.45400000,ok,,flexible
"PEPTIDE1{Mono6.P.L.L.P.dP.Ser(tBu)}$PEPTIDE1,PEPTIDE1,1:R1-7:R2$$$",-7.15400000,ok,,flexible
"PEPTIDE1{dP.dL.T.meA.I.L.P}$PEPTIDE1,PEPTIDE1,1:R1-7:R2$$$",-5.64000000,ok,,flexible
"PEPTIDE1{meL.L.dL.meA.Et_Gly.Ser(tBu).T}$PEPTIDE1,PEPTIDE1,1:R1-7:R2$$$",-5.00000000,ok,,flexible
"PEPTIDE1{Me_Bal.A.Nle.meL.F.L.dL}$PEPTIDE1,PEPTIDE1,1:R1-7:R2$$$",-5.76300000,ok,,flexible
"PEPTIDE1{Me_Bal.meF.meA.meL.P.dP.meL}$PEPTIDE1,PEPTIDE1,1:R1-7:R2$$$",-6.40600000,ok,,flexible
"PEPTIDE1{meA.Me_dL.dP.P.L.I.Me_dA}$PEPTIDE1,PEPTIDE1,1:R1-7:R2$$$",-6.98600000,ok,,flexible
"PEPTIDE1{A.F.T.meL.dP.dL.L}$PEPTIDE1,PEPTIDE1,1:R1-7:R2$$$",-6.58200000,ok,,flexible
"PEPTIDE1{Me_Bal.dA.L.F.meL.I.Me_dL}$PEPTIDE1,PEPTIDE1,1:R1-7:R2$$$",-6.18200000,ok,,flexible
"PEPTIDE1{dA.P.dP.meL.Sar.Me_dL.L}$PEPTIDE1,PEPTIDE1,1:R1-7:R2$$$",-5.94300000,ok,,flexible
"PEPTIDE1{dP.meA.T.V.meI.dL.meL}$PEPTIDE1,PEPTIDE1,1:R1-7:R2$$$",-5.07300000,ok,,flexible
"PEPTIDE1{dV.meA.P.F.Me_dL.L.dP}$PEPTIDE1,PEPTIDE1,1:R1-7:R2$$$",-6.55600000,ok,,flexible
"PEPTIDE1{Me_Bal.meL.Sar.T.meL.dP.P}$PEPTIDE1,PEPTIDE1,1:R1-7:R2$$$",-6.30500000,ok,,flexible
"PEPTIDE1{dA.F.P.Me_dL.L.meL.A}$PEPTIDE1,PEPTIDE1,1:R1-7:R2$$$",-6.21700000,ok,,flexible
"PEPTIDE1{Me_Bal.dP.P.T.P.meL.L}$PEPTIDE1,PEPTIDE1,1:R1-7:R2$$$",-6.61900000,ok,,flexible
"PEPTIDE1{Me_Bal.meL.P.dP.Ser(tBu).L.dA}$PEPTIDE1,PEPTIDE1,1:R1-7:R2$$$",-5.77000000,ok,,flexible
"PEPTIDE1{Mono6.P.meL.T.Me_dL.meL.dP}$PEPTIDE1,PEPTIDE1,1:R1-7:R2$$$",-5.90800000,ok,,flexible
"PEPTIDE1{dA.P.Me_dL.meA.T.meF.Ser(tBu)}$PEPTIDE1,PEPTIDE1,1:R1-7:R2$$$",-6.04300000,ok,,flexible
"PEPTIDE1{dF.pentyl_Gly.3Pal.I.Mono38.L.meL}$PEPTIDE1,PEPTIDE1,1:R1-7:R2$$$",-5.49300000,ok,,flexible
"PEPTIDE1{Me_dA.meF.L.Mono84.L.P.dP}$PEPTIDE1,PEPTIDE1,1:R1-7:R2$$$",-7.14400000,ok,,flexible
"PEPTIDE1{A.L.meL.P.P.dP.dL}$PEPTIDE1,PEPTIDE1,1:R1-7:R2$$$",-5.67700000,ok,,flexible
"PEPTIDE1{dF.meA.Me_dL.T.V.Me_dL.Me_dL}$PEPTIDE1,PEPTIDE1,1:R1-7:R2$$$",-6.29000000,ok,,flexible
"PEPTIDE1{Me_Bal.dP.Ser(tBu).P.meL.dP.P}$PEPTIDE1,PEPTIDE1,1:R1-7:R2$$$",-6.83500000,ok,,flexible
"PEPTIDE1{meA.T.P.Me_dL.dP.meL.L}$PEPTIDE1,PEPTIDE1,1:R1-7:R2$$$",-5.94600000,ok,,flexible
"PEPTIDE1{dP.dA.meL.A.meA.meA.Me_dL}$PEPTIDE1,PEPTIDE1,1:R1-7:R2$$$",-6.09500000,ok,,flexible
"PEPTIDE1{meL.meF.A.meA.L.P.meY}$PEPTIDE1,PEPTIDE1,1:R1-7:R2$$$",-6.63900000,ok,,flexible
"PEPTIDE1{Mono6.A.Mono86.L.dP.L.pentyl_Gly}$PEPTIDE1,PEPTIDE1,1:R1-7:R2$$$",-5.38200000,ok,,flexible
"PEPTIDE1{Mono6.dP.Me_dA.meA.meL.V.Me_dL}$PEPTIDE1,PEPTIDE1,1:R1-7:R2$$$",-6.20100000,ok,,flexible
"PEPTIDE1{Me_Bal.T.P.T.dP.meA.dP}$PEPTIDE1,PEPTIDE1,1:R1-7:R2$$$",-6.94600000,ok,,flexible
"PEPTIDE1{A.pentyl_Gly.L.Me_dL.meL.Mono7.Asp_piperidide}$PEPTIDE1,PEPTIDE1,1:R1-7:R2$$$",-4.82800000,ok,,flexible
"PEPTIDE1{Me_Bal.T.meL.Sar.dP.F.P}$PEPTIDE1,PEPTIDE1,1:R1-7:R2$$$",-7.44600000,ok,,flexible
"PEPTIDE1{dA.Me_Nle.Mono86.Ser(tBu).T.meL.dP}$PEPTIDE1,PEPTIDE1,1:R1-7:R2$$$",-5.41300000,ok,,flexible
"PEPTIDE1{dA.pentyl_Gly.dL.meL.T.L.P}$PEPTIDE1,PEPTIDE1,1:R1-7:R2$$$",-5.30500000,ok,,flexible
"PEPTIDE1{Me_dA.V.F.I.dP.meF.T}$PEPTIDE1,PEPTIDE1,1:R1-7:R2$$$",-6.24100000,ok,,flexible
"PEPTIDE1{F.A.T.Mono7.Me_dL.Et_Gly.Ser(tBu)}$PEPTIDE1,PEPTIDE1,1:R1-7:R2$$$",-5.29600000,ok,,flexible
"PEPTIDE1{meA.P.dL.A.Me_dL.meL.L}$PEPTIDE1,PEPTIDE1,1:R1-7:R2$$$",-5.85900000,ok,,flexible
"PEPTIDE1{Pr_Gly.dP.meL.I.P.P.T}$PEPTIDE1,PEPTIDE1,1:R1-7:R2$$$",-6.11800000,ok,,flexible
"PEPTIDE1{dP.meL.Pr_Gly.meA.F.T.I}$PEPTIDE1,PEPTIDE1,1:R1-7:R2$$$",-5.23000000,ok,,flexible
"PEPTIDE1{Me_dA.meF.meL.G.Mono86.P.meL}$PEPTIDE1,PEPTIDE1,1:R1-7:R2$$$",-6.05000000,ok,,flexible
"PEPTIDE1{dA.dP.dP.T.P.Ser(tBu).meL}$PEPTIDE1,PEPTIDE1,1:R1-7:R2$$$",-6.23800000,ok,,flexible
"PEPTIDE1{dV.pentyl_Gly.Me_Phe(3-Cl).meL.dL.L.P}$PEPTIDE1,PEPTIDE1,1:R1-7:R2$$$",-5.57500000,ok,,flexible
"PEPTIDE1{Me_Bal.Me_dL.Me_dL.Mono6.P.Ser(tBu).meL}$PEPTIDE1,PEPTIDE1,1:R1-7:R2$$$",-5.32000000,ok,,flexible
"PEPTIDE1{Me_Bal.T.F.L.P.Ser(tBu).P}$PEPTIDE1,PEPTIDE1,1:R1-7:R2$$$",-6.11000000,ok,,flexible
"PEPTIDE1{Sar.meA.P.V.Me_Nle.Me_dL.L}$PEPTIDE1,PEPTIDE1,1:R1-7:R2$$$",-5.38300000,ok,,flexible
"PEPTIDE1{dF.L.T.F.dA.meS.Me_dL}$PEPTIDE1,PEPTIDE1,1:R1-7:R2$$$",-5.72600000,ok,,flexible
"PEPTIDE1{Me_dA.P.dP.pentyl_Gly.meL.P.meA}$PEPTIDE1,PEPTIDE1,1:R1-7:R2$$$",-5.79000000,ok,,flexible
"PEPTIDE1{dF.Mono38.T.Me_Phe(3-Cl).A.Mono7.I}$PEPTIDE1,PEPTIDE1,1:R1-7:R2$$$",-6.51800000,ok,,flexible
"PEPTIDE1{Me_dA.A.P.L.meL.dL.T}$PEPTIDE1,PEPTIDE1,1:R1-7:R2$$$",-5.50600000,ok,,flexible
"PEPTIDE1{Me_dA.meA.A.T.F.V.P}$PEPTIDE1,PEPTIDE1,1:R1-7:R2$$$",-6.63800000,ok,,flexible
"PEPTIDE1{meA.3Pal.P.dP.L.meL.A}$PEPTIDE1,PEPTIDE1,1:R1-7:R2$$$",-6.74700000,ok,,flexible
"PEPTIDE1{meL.I.Ser(tBu).3Pal.meA.T.P}$PEPTIDE1,PEPTIDE1,1:R1-7:R2$$$",-5.60000000,ok,,flexible
"PEPTIDE1{dF.A.A.Mono104.Ser(tBu).Me_Phe(3-Cl).meF}$PEPTIDE1,PEPTIDE1,1:R1-7:R2$$$",-5.31800000,ok,,flexible
"PEPTIDE1{Me_dA.P.Ser(tBu).V.F.meL.I}$PEPTIDE1,PEPTIDE1,1:R1-7:R2$$$",-5.53100000,ok,,flexible
"PEPTIDE1{dV.Mono38.P.Mono78.Mono84.dP.Ser(tBu)}$PEPTIDE1,PEPTIDE1,1:R1-7:R2$$$",-5.99500000,ok,,flexible
"PEPTIDE1{F.cHexCH2_Gly.P.L.Ser(tBu).meL.I}$PEPTIDE1,PEPTIDE1,1:R1-7:R2$$$",-5.76800000,ok,,flexible
"PEPTIDE1{dP.meA.Me_dA.meF.meL.Me_dL.F}$PEPTIDE1,PEPTIDE1,1:R1-7:R2$$$",-6.13900000,ok,,flexible
"PEPTIDE1{Me_dA.F.cHexCH2_Gly.Me_Phe(3-Cl).dP.dP.L}$PEPTIDE1,PEPTIDE1,1:R1-7:R2$$$",-7.02100000,ok,,flexible
"PEPTIDE1{F.Ser(tBu).cHexCH2_Gly.meA.dL.Me_dL.T}$PEPTIDE1,PEPTIDE1,1:R1-7:R2$$$",-5.40200000,ok,,flexible
"PEPTIDE1{Pr_Gly.Me_Abu.meA.meL.Mono84.dP.P}$PEPTIDE1,PEPTIDE1,1:R1-7:R2$$$",-6.35700000,ok,,flexible
"PEPTIDE1{dP.meL.A.Bn_Gly.Pr_Gly.F.dL}$PEPTIDE1,PEPTIDE1,1:R1-7:R2$$$",-5.88700000,ok,,flexible
"PEPTIDE1{F.A.Me_Nle.meL.dL.T.L}$PEPTIDE1,PEPTIDE1,1:R1-7:R2$$$",-5.41300000,ok,,flexible
"PEPTIDE1{Me_dA.P.A.V.meL.Me_dL.T}$PEPTIDE1,PEPTIDE1,1:R1-7:R2$$$",-6.48400000,ok,,flexible
"PEPTIDE1{F.A.Ser(tBu).P.Me_dL.T.Me_Nle}$PEPTIDE1,PEPTIDE1,1:R1-7:R2$$$",-5.88000000,ok,,flexible
"PEPTIDE1{dV.L.L.meA.meL.Me_dL.F}$PEPTIDE1,PEPTIDE1,1:R1-7:R2$$$",-5.83700000,ok,,flexible
"PEPTIDE1{Me_Bal.L.cHexCH2_Gly.T.Mono2.Mono86.Et_Gly}$PEPTIDE1,PEPTIDE1,1:R1-7:R2$$$",-6.94500000,ok,,flexible
"PEPTIDE1{Pr_Gly.Mono6.Me_dL.meL.P.meF.L}$PEPTIDE1,PEPTIDE1,1:R1-7:R2$$$",-5.83400000,ok,,flexible
"PEPTIDE1{meA.meA.dP.Me_dL.P.Me_dL.T}$PEPTIDE1,PEPTIDE1,1:R1-7:R2$$$",-6.39800000,ok,,flexible
"PEPTIDE1{meA.dP.P.meL.Ser(tBu).Me_dA.meF}$PEPTIDE1,PEPTIDE1,1:R1-7:R2$$$",-6.72000000,ok,,flexible
"PEPTIDE1{A.T.pentyl_Gly.dP.I.meL.Me_dL}$PEPTIDE1,PEPTIDE1,1:R1-7:R2$$$",-4.81100000,ok,,flexible
"PEPTIDE1{A.meL.meF.T.L.T.P}$PEPTIDE1,PEPTIDE1,1:R1-7:R2$$$",-6.55200000,ok,,flexible
"PEPTIDE1{dA.A.meL.dL.P.T.meA}$PEPTIDE1,PEPTIDE1,1:R1-7:R2$$$",-6.85100000,ok,,flexible
"PEPTIDE1{dV.F.dF.P.V.P.I}$PEPTIDE1,PEPTIDE1,1:R1-7:R2$$$",-6.23500000,ok,,flexible
"PEPTIDE1{meA.meL.meF.Sar.Mono7.T.D}$PEPTIDE1,PEPTIDE1,1:R1-7:R2$$$",-6.23300000,ok,,flexible
"PEPTIDE1{meA.cHexCH2_Gly.L.Mono34.P.I.Mono84}$PEPTIDE1,PEPTIDE1,1:R1-7:R2$$$",-6.14900000,ok,,flexible
"PEPTIDE1{Me_Bal.meL.A.L.meA.Ser(tBu).Me_dL}$PEPTIDE1,PEPTIDE1,1:R1-7:R2$$$",-5.73300000,ok,,flexible
"PEPTIDE1{meA.P.Ser(tBu).L.T.F.P}$PEPTIDE1,PEPTIDE1,1:R1-7:R2$$$",-6.27500000,ok,,flexible
"PEPTIDE1{meL.L.Aoc(2).dL.A.T.Asp_piperidide}$PEPTIDE1,PEPTIDE1,1:R1-7:R2$$$",-6.75600000,ok,,flexible
"PEPTIDE1{meA.meL.Me_Phe(3-Cl).L.Nle.Ser(tBu).meL}$PEPTIDE1,PEPTIDE1,1:R1-7:R2$$$",-5.04100000,ok,,flexible
"PEPTIDE1{dV.meF.P.F.Me_dL.meL.meL}$PEPTIDE1,PEPTIDE1,1:R1-7:R2$$$",-5.80600000,ok,,flexible
"PEPTIDE1{dA.Me_dA.cHexCH2_Gly.T.P.L.Me_Abu}$PEPTIDE1,PEPTIDE1,1:R1-7:R2$$$",-6.39700000,ok,,flexible
"PEPTIDE1{A.dP.P.meL.Ser(tBu).T.L}$PEPTIDE1,PEPTIDE1,1:R1-7:R2$$$",-6.17100000,ok,,flexible
"PEPTIDE1{F.meL.T.dL.P.L.3Pal}$PEPTIDE1,PEPTIDE1,1:R1-7:R2$$$",-5.94100000,ok,,flexible
"PEPTIDE1{Me_dA.pentyl_Gly.I.dP.Ser(tBu).A.F}$PEPTIDE1,PEPTIDE1,1:R1-7:R2$$$",-5.51000000,ok,,flexible
"PEPTIDE1{A.F.meA.T.P.P.T}$PEPTIDE1,PEPTIDE1,1:R1-7:R2$$$",-6.62300000,ok,,flexible
"PEPTIDE1{Me_Bal.A.dL.L.meA.F.T}$PEPTIDE1,PEPTIDE1,1:R1-7:R2$$$",-6.20400000,ok,,flexible
"PEPTIDE1{meA.meA.A.dP.I.T.meL}$PEPTIDE1,PEPTIDE1,1:R1-7:R2$$$",-6.18800000,ok,,flexible
"PEPTIDE1{dV.Mono38.A.P.Mono86.L.P}$PEPTIDE1,PEPTIDE1,1:R1-7:R2$$$",-5.91400000,ok,,flexible
"PEPTIDE1{P.T.Pr_Gly.meA.dF.Me_dL.L}$PEPTIDE1,PEPTIDE1,1:R1-7:R2$$$",-6.47300000,ok,,flexible
"PEPTIDE1{dF.cHexCH2_Gly.Mono84.P.meF.L.meL}$PEPTIDE1,PEPTIDE1,1:R1-7:R2$$$",-5.88800000,ok,,flexible
"PEPTIDE1{meA.L.Sar.Ser(tBu).meL.T.meL}$PEPTIDE1,PEPTIDE1,1:R1-7:R2$$$",-5.45200000,ok,,flexible
"PEPTIDE1{L.F.Me_dA.Ser(tBu).F.meL.I}$PEPTIDE1,PEPTIDE1,1:R1-7:R2$$$",-5.47700000,ok,,flexible
"PEPTIDE1{dA.P.A.F.L.Sar.D}$PEPTIDE1,PEPTIDE1,1:R1-7:R2$$$",-6.59100000,ok,,flexible
"PEPTIDE1{meA.pentyl_Gly.meL.dL.Mono84.P.Ser(tBu)}$PEPTIDE1,PEPTIDE1,1:R1-7:R2$$$",-4.99600000,ok,,flexible
"PEPTIDE1{dV.Mono38.A.Pr_Gly.P.Pr_Gly.F}$PEPTIDE1,PEPTIDE1,1:R1-7:R2$$$",-5.78800000,ok,,flexible
"PEPTIDE1{A.F.Sar.Me_dL.meL.meA.T}$PEPTIDE1,PEPTIDE1,1:R1-7:R2$$$",-5.72000000,ok,,flexible
"PEPTIDE1{Me_dA.T.T.V.meA.P.dL}$PEPTIDE1,PEPTIDE1,1:R1-7:R2$$$",-5.93100000,ok,,flexible
"PEPTIDE1{Me_Bal.meA.L.dP.meF.Me_dL.T}$PEPTIDE1,PEPTIDE1,1:R1-7:R2$$$",-6.23600000,ok,,flexible
"PEPTIDE1{Mono6.dP.Me_dL.T.meL.meF.dL}$PEPTIDE1,PEPTIDE1,1:R1-7:R2$$$",-6.85400000,ok,,flexible
"PEPTIDE1{Sar.F.dP.T.P.Me_dL.Me_dL}$PEPTIDE1,PEPTIDE1,1:R1-7:R2$$$",-6.15900000,ok,,flexible
"PEPTIDE1{Mono6.T.F.meF.D.meL.T}$PEPTIDE1,PEPTIDE1,1:R1-7:R2$$$",-6.01400000,ok,,flexible
"PEPTIDE1{L.dL.T.meF.F.Sar.Me_dA}$PEPTIDE1,PEPTIDE1,1:R1-7:R2$$$",-6.46400000,ok,,flexible
"PEPTIDE1{meA.P.Ser(tBu).T.Mono84.pentyl_Gly.dP}$PEPTIDE1,PEPTIDE1,1:R1-7:R2$$$",-5.54600000,ok,,flexible
"PEPTIDE1{Sar.meA.L.Me_dL.meA.F.L}$PEPTIDE1,PEPTIDE1,1:R1-7:R2$$$",-6.22900000,ok,,flexible
"PEPTIDE1{Me_Bal.P.L.P.cHexCH2_Gly.Ser(tBu).meL}$PEPTIDE1,PEPTIDE1,1:R1-7:R2$$$",-5.62900000,ok,,flexible
"PEPTIDE1{dF.cHexCH2_Gly.cHexCH2_Gly.L.T.F.P}$PEPTIDE1,PEPTIDE1,1:R1-7:R2$$$",-6.92500000,ok,,flexible
"PEPTIDE1{dP.Pr_Gly.T.L.T.P.dF}$PEPTIDE1,PEPTIDE1,1:R1-7:R2$$$",-5.80800000,ok,,flexible
"PEPTIDE1{Me_dA.T.dP.V.T.meL.L}$PEPTIDE1,PEPTIDE1,1:R1-7:R2$$$",-5.68600000,ok,,flexible
"PEPTIDE1{Me_Bal.Sar.cHexCH2_Gly.dP.L.Mono84.A}$PEPTIDE1,PEPTIDE1,1:R1-7:R2$$$",-6.72500000,ok,,flexible
"PEPTIDE1{Me_Bal.Me_Nle.F.cHexCH2_Gly.L.dL.3Pal}$PEPTIDE1,PEPTIDE1,1:R1-7:R2$$$",-5.53700000,ok,,flexible
"PEPTIDE1{Mono6.L.L.3Pal.P.Nle.A}$PEPTIDE1,PEPTIDE1,1:R1-7:R2$$$",-5.71200000,ok,,flexible
"PEPTIDE1{Mono6.I.P.T.Ser(tBu).G.meL}$PEPTIDE1,PEPTIDE1,1:R1-7:R2$$$",-5.86000000,ok,,flexible
"PEPTIDE1{dP.meF.Mono86.L.meV.I.P}$PEPTIDE1,PEPTIDE1,1:R1-7:R2$$$",-6.44000000,ok,,flexible
"PEPTIDE1{Me_Bal.meA.meY.dP.meF.Me_dA.T}$PEPTIDE1,PEPTIDE1,1:R1-7:R2$$$",-7.06300000,ok,,flexible
"PEPTIDE1{Sar.pentyl_Gly.Ser(tBu).L.dP.F.P}$PEPTIDE1,PEPTIDE1,1:R1-7:R2$$$",-5.69500000,ok,,flexible
"PEPTIDE1{dP.T.meA.Me_dL.F.L.meF}$PEPTIDE1,PEPTIDE1,1:R1-7:R2$$$",-5.86100000,ok,,flexible
"PEPTIDE1{A.Me_dA.L.dP.dP.dV.T}$PEPTIDE1,PEPTIDE1,1:R1-7:R2$$$",-6.20200000,ok,,flexible
"PEPTIDE1{A.meA.Me_dAbu.meL.L.L.Me_dA}$PEPTIDE1,PEPTIDE1,1:R1-7:R2$$$",-5.42300000,ok,,flexible
"PEPTIDE1{dV.Ser(tBu).meL.T.L.meA.dP}$PEPTIDE1,PEPTIDE1,1:R1-7:R2$$$",-5.67000000,ok,,flexible
"PEPTIDE1{Mono6.L.meL.dL.Ser(tBu).meA.T}$PEPTIDE1,PEPTIDE1,1:R1-7:R2$$$",-5.47400000,ok,,flexible
"PEPTIDE1{Sar.cHexCH2_Gly.pentyl_Gly.Me_Nle.Mono86.G.Ser(tBu)}$PEPTIDE1,PEPTIDE1,1:R1-7:R2$$$",-5.30000000,ok,,flexible
"PEPTIDE1{Mono6.G.meY.meA.Asp_piperidide.meF.Mono84}$PEPTIDE1,PEPTIDE1,1:R1-7:R2$$$",-6.55300000,ok,,flexible
"PEPTIDE1{Me_Bal.dL.L.P.Ser(tBu).Sar.meL}$PEPTIDE1,PEPTIDE1,1:R1-7:R2$$$",-5.25900000,ok,,flexible
"PEPTIDE1{Me_Bal.meL.pentyl_Gly.F.V.T.L}$PEPTIDE1,PEPTIDE1,1:R1-7:R2$$$",-4.96400000,ok,,flexible
"PEPTIDE1{dF.A.Mono38.Me_Nle.T.3Pal.G}$PEPTIDE1,PEPTIDE1,1:R1-7:R2$$$",-6.85800000,ok,,flexible
"PEPTIDE1{A.A.L.pentyl_Gly.cHexCH2_Gly.P.T}$PEPTIDE1,PEPTIDE1,1:R1-7:R2$$$",-5.57500000,ok,,flexible
"PEPTIDE1{dA.dV.T.F.dF.dL.L}$PEPTIDE1,PEPTIDE1,1:R1-7:R2$$$",-5.74600000,ok,,flexible
"PEPTIDE1{F.P.L.meL.T.T.I}$PEPTIDE1,PEPTIDE1,1:R1-7:R2$$$",-5.81400000,ok,,flexible
"PEPTIDE1{dV.F.dA.Sar.Me_Phe(3-Cl).dF.L}$PEPTIDE1,PEPTIDE1,1:R1-7:R2$$$",-6.33000000,ok,,flexible
"PEPTIDE1{meL.dP.dL.Me_dL.T.Ser(tBu).P}$PEPTIDE1,PEPTIDE1,1:R1-7:R2$$$",-5.89700000,ok,,flexible
"PEPTIDE1{A.pentyl_Gly.L.meL.P.I.meA}$PEPTIDE1,PEPTIDE1,1:R1-7:R2$$$",-5.53800000,ok,,flexible
"PEPTIDE1{meA.P.T.dP.dL.T.dP}$PEPTIDE1,PEPTIDE1,1:R1-7:R2$$$",-6.37200000,ok,,flexible
"PEPTIDE1{dA.Me_dA.dPye.A.Pr_Gly.G.F}$PEPTIDE1,PEPTIDE1,1:R1-7:R2$$$",-7.13800000,ok,,flexible
"PEPTIDE1{meL.L.dP.T.P.dL.G}$PEPTIDE1,PEPTIDE1,1:R1-7:R2$$$",-6.02400000,ok,,flexible
"PEPTIDE1{dV.T.G.A.L.meL.Ser(tBu)}$PEPTIDE1,PEPTIDE1,1:R1-7:R2$$$",-5.21500000,ok,,flexible
"PEPTIDE1{A.P.cHexCH2_Gly.L.T.T.Mono86}$PEPTIDE1,PEPTIDE1,1:R1-7:R2$$$",-6.37500000,ok,,flexible
"PEPTIDE1{meA.A.meL.G.meV.Me_dL.dL}$PEPTIDE1,PEPTIDE1,1:R1-7:R2$$$",-5.95800000,ok,,flexible
"PEPTIDE1{meA.Me_dL.Me_dAbu.dP.meF.cHexCH2_Gly.dP}$PEPTIDE1,PEPTIDE1,1:R1-7:R2$$$",-6.89000000,ok,,flexible
"PEPTIDE1{P.meA.P.Me_dL.Pr_Gly.F.T}$PEPTIDE1,PEPTIDE1,1:R1-7:R2$$$",-6.06200000,ok,,flexible
"PEPTIDE1{F.P.I.T.T.P.Et_Gly}$PEPTIDE1,PEPTIDE1,1:R1-7:R2$$$",-5.99900000,ok,,flexible
"PEPTIDE1{L.meA.meL.Me_dL.Sar.F.Ser(tBu)}$PEPTIDE1,PEPTIDE1,1:R1-7:R2$$$",-6.06200000,ok,,flexible
"PEPTIDE1{Mono6.Asp_piperidide.meL.T.P.dA.meA}$PEPTIDE1,PEPTIDE1,1:R1-7:R2$$$",-6.29700000,ok,,flexible
"PEPTIDE1{Sar.Me_Nle.cHexCH2_Gly.Ser(tBu).I.T.P}$PEPTIDE1,PEPTIDE1,1:R1-7:R2$$$",-5.61600000,ok,,flexible
"PEPTIDE1{L.Mono84.meL.P.Me_dL.I.dL}$PEPTIDE1,PEPTIDE1,1:R1-7:R2$$$",-5.59300000,ok,,flexible
"PEPTIDE1{Me_dA.P.T.dL.meF.P.dP}$PEPTIDE1,PEPTIDE1,1:R1-7:R2$$$",-6.65700000,ok,,flexible
"PEPTIDE1{meL.Ala(5-Tet).L.D.I.dP.meA}$PEPTIDE1,PEPTIDE1,1:R1-7:R2$$$",-5.86400000,ok,,flexible
"PEPTIDE1{meL.L.Me_dA.A.dF.P.Ser(tBu)}$PEPTIDE1,PEPTIDE1,1:R1-7:R2$$$",-6.09000000,ok,,flexible
"PEPTIDE1{Me_dA.meI.T.meL.dP.P.P}$PEPTIDE1,PEPTIDE1,1:R1-7:R2$$$",-6.55300000,ok,,flexible
"PEPTIDE1{Me_dA.Mono38.L.L.A.meL.T}$PEPTIDE1,PEPTIDE1,1:R1-7:R2$$$",-5.59900000,ok,,flexible
"PEPTIDE1{A.iBu_Gly.F.pentyl_Gly.L.Ser(tBu).P}$PEPTIDE1,PEPTIDE1,1:R1-7:R2$$$",-5.32100000,ok,,flexible
"PEPTIDE1{Me_dA.meF.V.meL.meL.dP.3Pal}$PEPTIDE1,PEPTIDE1,1:R1-7:R2$$$",-6.28200000,ok,,flexible
"PEPTIDE1{F.pentyl_Gly.I.P.Me_Phe(3-Cl).A.T}$PEPTIDE1,PEPTIDE1,1:R1-7:R2$$$",-5.43400000,ok,,flexible
"PEPTIDE1{dV.meL.A.F.dA.dL.meL}$PEPTIDE1,PEPTIDE1,1:R1-7:R2$$$",-6.28000000,ok,,flexible
"PEPTIDE1{meL.Me_dL.P.dP.dV.Mono7.dL}$PEPTIDE1,PEPTIDE1,1:R1-7:R2$$$",-6.00900000,ok,,flexible
"PEPTIDE1{L.Sar.T.L.Mono84.Nle.Mono86}$PEPTIDE1,PEPTIDE1,1:R1-7:R2$$$",-5.36400000,ok,,flexible
"PEPTIDE1{Sar.P.Me_Nle.meY.P.Ser(tBu).V}$PEPTIDE1,PEPTIDE1,1:R1-7:R2$$$",-5.71200000,ok,,flexible
"PEPTIDE1{meA.Pr_Gly.V.T.dV.L.Me_dL}$PEPTIDE1,PEPTIDE1,1:R1-7:R2$$$",-5.96500000,ok,,flexible
"PEPTIDE1{Pr_Gly.meS.T.F.meY.L.Ser(tBu)}$PEPTIDE1,PEPTIDE1,1:R1-7:R2$$$",-5.68200000,ok,,flexible
"PEPTIDE1{Me_Bal.L.Me_dA.dP.Ser(tBu).T.P}$PEPTIDE1,PEPTIDE1,1:R1-7:R2$$$",-6.61700000,ok,,flexible
"PEPTIDE1{Me_dA.dL.Me_dL.T.meA.L.L}$PEPTIDE1,PEPTIDE1,1:R1-7:R2$$$",-5.82000000,ok,,flexible
"PEPTIDE1{Me_dA.Sar.P.F.Ser(tBu).meL.P}$PEPTIDE1,PEPTIDE1,1:R1-7:R2$$$",-6.28900000,ok,,flexible
"PEPTIDE1{dV.meA.dP.Me_dA.Sar.dL.L}$PEPTIDE1,PEPTIDE1,1:R1-7:R2$$$",-6.06000000,ok,,flexible
"PEPTIDE1{meA.pentyl_Gly.meL.meI.meL.dL.A}$PEPTIDE1,PEPTIDE1,1:R1-7:R2$$$",-5.75300000,ok,,flexible
"PEPTIDE1{A.L.meF.Me_Nle.L.pentyl_Gly.Et_Gly}$PEPTIDE1,PEPTIDE1,1:R1-7:R2$$$",-5.41300000,ok,,flexible
"PEPTIDE1{dP.Me_Phe(3-Cl).Me_dA.Pr_Gly.meA.F.Me_dL}$PEPTIDE1,PEPTIDE1,1:R1-7:R2$$$",-6.40800000,ok,,flexible
"PEPTIDE1{Me_dA.iBu_Gly.Me_Nle.cHexCH2_Gly.L.meL.dP}$PEPTIDE1,PEPTIDE1,1:R1-7:R2$$$",-5.30700000,ok,,flexible
"PEPTIDE1{Me_dA.Ser(tBu).F.A.meL.dP.Nle}$PEPTIDE1,PEPTIDE1,1:R1-7:R2$$$",-5.65500000,ok,,flexible
"PEPTIDE1{dV.meL.Me_dL.T.meA.L.Pr_Gly}$PEPTIDE1,PEPTIDE1,1:R1-7:R2$$$",-4.91600000,ok,,flexible
"PEPTIDE1{Me_Bal.dA.Me_dL.dPye.meF.meL.P}$PEPTIDE1,PEPTIDE1,1:R1-7:R2$$$",-6.05400000,ok,,flexible
"PEPTIDE1{dP.L.L.T.P.G.Ser(tBu)}$PEPTIDE1,PEPTIDE1,1:R1-7:R2$$$",-5.70700000,ok,,flexible
"PEPTIDE1{F.L.P.I.T.Me_Phe(3-Cl).T}$PEPTIDE1,PEPTIDE1,1:R1-7:R2$$$",-6.65800000,ok,,flexible
"PEPTIDE1{meA.meL.dL.P.L.dL.Me_dL}$PEPTIDE1,PEPTIDE1,1:R1-7:R2$$$",-5.71200000,ok,,flexible
"PEPTIDE1{A.P.Ser(tBu).meI.P.T.L}$PEPTIDE1,PEPTIDE1,1:R1-7:R2$$$",-5.68500000,ok,,flexible
"PEPTIDE1{Pr_Gly.3Pal.F.meL.P.meL.Ser(tBu)}$PEPTIDE1,PEPTIDE1,1:R1-7:R2$$$",-5.30400000,ok,,flexible
"PEPTIDE1{dA.Mono38.L.P.G.Et_Gly.T}$PEPTIDE1,PEPTIDE1,1:R1-7:R2$$$",-5.93700000,ok,,flexible
"PEPTIDE1{Me_dA.Me_dL.meL.meA.dA.Sar.T}$PEPTIDE1,PEPTIDE1,1:R1-7:R2$$$",-6.52500000,ok,,flexible
"PEPTIDE1{dF.Mono38.meL.dP.3Pal.I.P}$PEPTIDE1,PEPTIDE1,1:R1-7:R2$$$",-6.13800000,ok,,flexible
"PEPTIDE1{F.Me_dA.Ser(tBu).T.meF.Me_dL.dL}$PEPTIDE1,PEPTIDE1,1:R1-7:R2$$$",-5.80500000,ok,,flexible
"PEPTIDE1{dV.Me_dAbu.Sar.meV.meI.V.A}$PEPTIDE1,PEPTIDE1,1:R1-7:R2$$$",-5.53900000,ok,,flexible
"PEPTIDE1{Sar.V.Me_dL.T.meF.L.meL}$PEPTIDE1,PEPTIDE1,1:R1-7:R2$$$",-5.77100000,ok,,flexible
"PEPTIDE1{Me_dA.meL.F.meF.Me_dL.L.I}$PEPTIDE1,PEPTIDE1,1:R1-7:R2$$$",-5.37900000,ok,,flexible
"PEPTIDE1{F.cHexCH2_Gly.L.P.3Pal.Mono86.Mono84}$PEPTIDE1,PEPTIDE1,1:R1-7:R2$$$",-6.54900000,ok,,flexible
"PEPTIDE1{A.Mono38.L.A.meL.G.Mono84}$PEPTIDE1,PEPTIDE1,1:R1-7:R2$$$",-6.15000000,ok,,flexible
"PEPTIDE1{Mono6.dF.Me_dL.T.meI.Mono7.meL}$PEPTIDE1,PEPTIDE1,1:R1-7:R2$$$",-5.86500000,ok,,flexible
"PEPTIDE1{dF.meA.Me_dA.A.L.T.Mono7}$PEPTIDE1,PEPTIDE1,1:R1-7:R2$$$",-6.85800000,ok,,flexible
"PEPTIDE1{Me_dA.meL.dP.meA.Ser(tBu).A.T}$PEPTIDE1,PEPTIDE1,1:R1-7:R2$$$",-5.54700000,ok,,flexible
"PEPTIDE1{dF.T.Me_Nle.Mono84.P.Et_Gly.Mono86}$PEPTIDE1,PEPTIDE1,1:R1-7:R2$$$",-5.80200000,ok,,flexible
"PEPTIDE1{Me_dA.Me_dL.meL.T.dP.3Pal.T}$PEPTIDE1,PEPTIDE1,1:R1-7:R2$$$",-5.69100000,ok,,flexible
"PEPTIDE1{Me_Bal.P.dP.dP.Me_dL.L.P}$PEPTIDE1,PEPTIDE1,1:R1-7:R2$$$",-6.94000000,ok,,flexible
"PEPTIDE1{Mono6.meA.dP.meY.T.meL.meL}$PEPTIDE1,PEPTIDE1,1:R1-7:R2$$$",-6.94300000,ok,,flexible
"PEPTIDE1{dF.meL.dL.P.Asp_piperidide.meA.Sar}$PEPTIDE1,PEPTIDE1,1:R1-7:R2$$$",-5.82700000,ok,,flexible
"PEPTIDE1{dA.P.T.A.Me_dA.dF.Ser(tBu)}$PEPTIDE1,PEPTIDE1,1:R1-7:R2$$$",-6.38400000,ok,,flexible
"PEPTIDE1{Me_dA.dL.dF.P.3Pal.Me_dL.meA}$PEPTIDE1,PEPTIDE1,1:R1-7:R2$$$",-6.21100000,ok,,flexible
"PEPTIDE1{meA.P.T.Sar.dP.dP.meL}$PEPTIDE1,PEPTIDE1,1:R1-7:R2$$$",-6.34500000,ok,,flexible
"PEPTIDE1{A.L.pentyl_Gly.Ser(tBu).T.meA.V}$PEPTIDE1,PEPTIDE1,1:R1-7:R2$$$",-5.31300000,ok,,flexible
"PEPTIDE1{Sar.dF.dP.T.Mono78.P.Ser(tBu)}$PEPTIDE1,PEPTIDE1,1:R1-7:R2$$$",-6.26200000,ok,,flexible
"PEPTIDE1{A.dL.Me_dA.Me_dL.meL.dA.F}$PEPTIDE1,PEPTIDE1,1:R1-7:R2$$$",-6.05100000,ok,,flexible
"PEPTIDE1{meA.L.T.P.Mono78.Mono84.dP}$PEPTIDE1,PEPTIDE1,1:R1-7:R2$$$",-7.13700000,ok,,flexible
"PEPTIDE1{A.meL.Mono86.P.meA.pentyl_Gly.T}$PEPTIDE1,PEPTIDE1,1:R1-7:R2$$$",-6.33500000,ok,,flexible
"PEPTIDE1{dV.meL.P.meL.P.F.P}$PEPTIDE1,PEPTIDE1,1:R1-7:R2$$$",-6.25000000,ok,,flexible
"PEPTIDE1{meA.meL.P.P.T.Ser(tBu).L}$PEPTIDE1,PEPTIDE1,1:R1-7:R2$$$",-5.90100000,ok,,flexible
"PEPTIDE1{Sar.Me_dAbu.Me_dL.meL.A.Mono84.V}$PEPTIDE1,PEPTIDE1,1:R1-7:R2$$$",-5.97100000,ok,,flexible
"PEPTIDE1{Me_dA.Me_dL.meL.dL.meF.dV.P}$PEPTIDE1,PEPTIDE1,1:R1-7:R2$$$",-5.57400000,ok,,flexible
"PEPTIDE1{A.Me_Nle.cHexCH2_Gly.cHexCH2_Gly.T.pentyl_Gly.meF}$PEPTIDE1,PEPTIDE1,1:R1-7:R2$$$",-5.08000000,ok,,flexible
"PEPTIDE1{dV.meL.Me_dL.L.Me_dL.dA.P}$PEPTIDE1,PEPTIDE1,1:R1-7:R2$$$",-6.15400000,ok,,flexible
"PEPTIDE1{L.Sar.dL.F.Me_dL.meA.D}$PEPTIDE1,PEPTIDE1,1:R1-7:R2$$$",-5.76800000,ok,,flexible
"PEPTIDE1{Pr_Gly.T.L.meL.L.P.Ser(tBu)}$PEPTIDE1,PEPTIDE1,1:R1-7:R2$$$",-5.36000000,ok,,flexible
"PEPTIDE1{Pr_Gly.A.T.P.F.dA.Ser(tBu)}$PEPTIDE1,PEPTIDE1,1:R1-7:R2$$$",-5.49400000,ok,,flexible
"PEPTIDE1{dV.meF.T.Mono84.dP.P.V}$PEPTIDE1,PEPTIDE1,1:R1-7:R2$$$",-7.36300000,ok,,flexible
"PEPTIDE1{Me_dA.dP.T.meL.dL.Me_dL.meL}$PEPTIDE1,PEPTIDE1,1:R1-7:R2$$$",-5.55800000,ok,,flexible
"PEPTIDE1{Me_Bal.Me_dA.dA.meL.L.Me_dL.A}$PEPTIDE1,PEPTIDE1,1:R1-7:R2$$$",-5.70500000,ok,,flexible
"PEPTIDE1{Me_Bal.P.dL.meA.meY.P.A}$PEPTIDE1,PEPTIDE1,1:R1-7:R2$$$",-7.03100000,ok,,flexible
"PEPTIDE1{dV.T.meL.meL.P.D.dP}$PEPTIDE1,PEPTIDE1,1:R1-7:R2$$$",-6.43800000,ok,,flexible
"PEPTIDE1{dV.L.pentyl_Gly.Ser(tBu).dL.Me_Phe(3-Cl).Mono84}$PEPTIDE1,PEPTIDE1,1:R1-7:R2$$$",-5.80700000,ok,,flexible
"PEPTIDE1{meA.dA.A.Sar.P.Ser(tBu).T}$PEPTIDE1,PEPTIDE1,1:R1-7:R2$$$",-6.50100000,ok,,flexible
"PEPTIDE1{Pr_Gly.dPye.L.meA.V.meL.Me_dL}$PEPTIDE1,PEPTIDE1,1:R1-7:R2$$$",-5.59000000,ok,,flexible
"PEPTIDE1{dA.pentyl_Gly.Me_Phe(3-Cl).Pr_Gly.Me_Nle.T.Ser(tBu)}$PEPTIDE1,PEPTIDE1,1:R1-7:R2$$$",-4.71800000,ok,,flexible
"PEPTIDE1{F.Me_Nle.Mono38.A.P.P.Me_dL}$PEPTIDE1,PEPTIDE1,1:R1-7:R2$$$",-6.12700000,ok,,flexible
"PEPTIDE1{dA.Sar.Me_dL.L.meA.dP.Ser(tBu)}$PEPTIDE1,PEPTIDE1,1:R1-7:R2$$$",-5.82400000,ok,,flexible
"PEPTIDE1{meA.dF.F.Me_dL.meL.meF.F}$PEPTIDE1,PEPTIDE1,1:R1-7:R2$$$",-6.15400000,ok,,flexible
"PEPTIDE1{Me_dA.Pr_Gly.meL.Ser(tBu).P.dL.Me_dL}$PEPTIDE1,PEPTIDE1,1:R1-7:R2$$$",-5.34300000,ok,,flexible
"PEPTIDE1{Sar.F.dP.L.P.meL.T}$PEPTIDE1,PEPTIDE1,1:R1-7:R2$$$",-6.18300000,ok,,flexible
"PEPTIDE1{A.meA.L.P.T.Mono86.G}$PEPTIDE1,PEPTIDE1,1:R1-7:R2$$$",-7.09300000,ok,,flexible
"PEPTIDE1{meA.meL.meL.P.T.T.Me_dL}$PEPTIDE1,PEPTIDE1,1:R1-7:R2$$$",-6.16200000,ok,,flexible
"PEPTIDE1{meA.G.A.meL.L.Pr_Gly.Mono12}$PEPTIDE1,PEPTIDE1,1:R1-7:R2$$$",-6.05400000,ok,,flexible
"PEPTIDE1{Me_Bal.meA.meA.Me_dL.L.Ser(tBu).meL}$PEPTIDE1,PEPTIDE1,1:R1-7:R2$$$",-5.46600000,ok,,flexible
"PEPTIDE1{Me_dA.Pr_Gly.L.A.L.T.Me_dL}$PEPTIDE1,PEPTIDE1,1:R1-7:R2$$$",-6.05900000,ok,,flexible
"PEPTIDE1{meA.dA.Me_dA.G.F.T.V}$PEPTIDE1,PEPTIDE1,1:R1-7:R2$$$",-6.43300000,ok,,flexible
"PEPTIDE1{dA.Pr_Gly.Ser(tBu).Me_dL.meA.A.P}$PEPTIDE1,PEPTIDE1,1:R1-7:R2$$$",-6.09500000,ok,,flexible
"PEPTIDE1{Me_Bal.L.meL.meL.pentyl_Gly.Mono38.dP}$PEPTIDE1,PEPTIDE1,1:R1-7:R2$$$",-5.15000000,ok,,flexible
"PEPTIDE1{meA.dF.T.T.F.meL.Ser(tBu)}$PEPTIDE1,PEPTIDE1,1:R1-7:R2$$$",-5.38100000,ok,,flexible
"PEPTIDE1{dV.meA.F.P.T.A.Mono86}$PEPTIDE1,PEPTIDE1,1:R1-7:R2$$$",-6.52300000,ok,,flexible
"PEPTIDE1{meA.meF.meL.dP.Me_dL.T.F}$PEPTIDE1,PEPTIDE1,1:R1-7:R2$$$",-6.34200000,ok,,flexible
"PEPTIDE1{P.I.L.dP.meA.dL.meI}$PEPTIDE1,PEPTIDE1,1:R1-7:R2$$$",-5.41300000,ok,,flexible
"PEPTIDE1{Me_Bal.L.Aoc(2).P.meL.T.T}$PEPTIDE1,PEPTIDE1,1:R1-7:R2$$$",-5.00900000,ok,,flexible
"PEPTIDE1{Mono6.F.Me_Nle.Nle.P.P.L}$PEPTIDE1,PEPTIDE1,1:R1-7:R2$$$",-6.13700000,ok,,flexible
"PEPTIDE1{F.P.Me_Nle.L.meF.dL.T}$PEPTIDE1,PEPTIDE1,1:R1-7:R2$$$",-5.58500000,ok,,flexible
"PEPTIDE1{dV.meA.meY.dP.T.Me_dL.meV}$PEPTIDE1,PEPTIDE1,1:R1-7:R2$$$",-6.18600000,ok,,flexible
"PEPTIDE1{Me_Bal.P.V.P.Ser(tBu).3Pal.dP}$PEPTIDE1,PEPTIDE1,1:R1-7:R2$$$",-6.19900000,ok,,flexible
"PEPTIDE1{dV.meL.meA.Me_dL.meL.dL.meY}$PEPTIDE1,PEPTIDE1,1:R1-7:R2$$$",-5.76600000,ok,,flexible
"PEPTIDE1{Me_Bal.Me_dA.L.Me_dL.meY.Mono7.meA}$PEPTIDE1,PEPTIDE1,1:R1-7:R2$$$",-6.22100000,ok,,flexible
"PEPTIDE1{meA.F.Pr_Gly.T.Ser(tBu).T.Me_Phe(3-Cl)}$PEPTIDE1,PEPTIDE1,1:R1-7:R2$$$",-5.92200000,ok,,flexible
"PEPTIDE1{dA.pentyl_Gly.meL.Sar.P.T.L}$PEPTIDE1,PEPTIDE1,1:R1-7:R2$$$",-5.71800000,ok,,flexible
"PEPTIDE1{Pr_Gly.cHexCH2_Gly.Mono84.3Pal.dL.Ser(tBu).A}$PEPTIDE1,PEPTIDE1,1:R1-7:R2$$$",-6.51000000,ok,,flexible
"PEPTIDE1{F.Ser(tBu).dP.L.I.Mono84.meL}$PEPTIDE1,PEPTIDE1,1:R1-7:R2$$$",-5.67500000,ok,,flexible
"PEPTIDE1{Me_dA.dP.meL.F.meF.meL.Me_dL}$PEPTIDE1,PEPTIDE1,1:R1-7:R2$$$",-5.27600000,ok,,flexible
"PEPTIDE1{meA.L.P.Ser(tBu).Me_dA.T.dA}$PEPTIDE1,PEPTIDE1,1:R1-7:R2$$$",-5.97600000,ok,,flexible
"PEPTIDE1{meA.L.Sar.meL.Mono7.A.Me_Phe(3-Cl)}$PEPTIDE1,PEPTIDE1,1:R1-7:R2$$$",-6.49700000,ok,,flexible
"PEPTIDE1{dV.meL.F.dP.L.T.Me_dL}$PEPTIDE1,PEPTIDE1,1:R1-7:R2$$$",-5.65500000,ok,,flexible
"PEPTIDE1{Me_dA.T.dP.meA.L.V.Ser(tBu)}$PEPTIDE1,PEPTIDE1,1:R1-7:R2$$$",-5.95300000,ok,,flexible
"PEPTIDE1{meA.F.meF.T.T.L.Me_dL}$PEPTIDE1,PEPTIDE1,1:R1-7:R2$$$",-5.77500000,ok,,flexible
"PEPTIDE1{meA.Pr_Gly.Me_dA.A.Me_Phe(3-Cl).dL.meL}$PEPTIDE1,PEPTIDE1,1:R1-7:R2$$$",-6.32400000,ok,,flexible
"PEPTIDE1{meA.Mono38.L.I.Mono34.T.meI}$PEPTIDE1,PEPTIDE1,1:R1-7:R2$$$",-4.86300000,ok,,flexible
"PEPTIDE1{A.V.P.dP.F.I.T}$PEPTIDE1,PEPTIDE1,1:R1-7:R2$$$",-6.46600000,ok,,flexible
"PEPTIDE1{P.Mono38.dL.T.F.Nle.T}$PEPTIDE1,PEPTIDE1,1:R1-7:R2$$$",-6.06100000,ok,,flexible
"PEPTIDE1{dF.meL.T.P.T.Ser(tBu).P}$PEPTIDE1,PEPTIDE1,1:R1-7:R2$$$",-5.55400000,ok,,flexible
"PEPTIDE1{Me_Bal.meL.P.A.Mono86.Ser(tBu).Mono84}$PEPTIDE1,PEPTIDE1,1:R1-7:R2$$$",-6.20800000,ok,,flexible
"PEPTIDE1{A.cHexCH2_Gly.G.Me_Phe(3-Cl).L.Me_dL.dP}$PEPTIDE1,PEPTIDE1,1:R1-7:R2$$$",-6.64500000,ok,,flexible
"PEPTIDE1{meA.meS.P.P.dP.P.Ser(tBu)}$PEPTIDE1,PEPTIDE1,1:R1-7:R2$$$",-6.95100000,ok,,flexible
"PEPTIDE1{meL.Me_dL.meA.P.dP.Me_Abu.P}$PEPTIDE1,PEPTIDE1,1:R1-7:R2$$$",-6.42100000,ok,,flexible
"PEPTIDE1{A.F.Pr_Gly.meA.meL.V.dL}$PEPTIDE1,PEPTIDE1,1:R1-7:R2$$$",-6.32700000,ok,,flexible
"PEPTIDE1{dV.T.meL.L.P.A.pentyl_Gly}$PEPTIDE1,PEPTIDE1,1:R1-7:R2$$$",-5.21000000,ok,,flexible
"PEPTIDE1{dV.P.Me_Abu.L.Me_dL.T.dP}$PEPTIDE1,PEPTIDE1,1:R1-7:R2$$$",-5.99400000,ok,,flexible
"PEPTIDE1{Me_Bal.meV.V.L.F.Me_dL.meA}$PEPTIDE1,PEPTIDE1,1:R1-7:R2$$$",-6.20600000,ok,,flexible
"PEPTIDE1{dA.meL.P.meL.pentyl_Gly.T.meA}$PEPTIDE1,PEPTIDE1,1:R1-7:R2$$$",-5.47600000,ok,,flexible
"PEPTIDE1{meA.Mono38.Me_Nle.I.Ser(tBu).dP.Me_Phe(3-Cl)}$PEPTIDE1,PEPTIDE1,1:R1-7:R2$$$",-5.59700000,ok,,flexible
"PEPTIDE1{Mono6.P.dA.dF.meL.meA.F}$PEPTIDE1,PEPTIDE1,1:R1-7:R2$$$",-7.49800000,ok,,flexible
"PEPTIDE1{meA.P.dP.T.dL.dP.L}$PEPTIDE1,PEPTIDE1,1:R1-7:R2$$$",-6.41600000,ok,,flexible
"PEPTIDE1{Pr_Gly.L.Me_Nle.I.F.T.Me_dL}$PEPTIDE1,PEPTIDE1,1:R1-7:R2$$$",-4.94900000,ok,,flexible
"PEPTIDE1{meA.meS.A.T.Ser(tBu).D.dP}$PEPTIDE1,PEPTIDE1,1:R1-7:R2$$$",-5.89200000,ok,,flexible
"PEPTIDE1{A.meL.Pr_Gly.meA.Me_dL.F.meF}$PEPTIDE1,PEPTIDE1,1:R1-7:R2$$$",-5.28400000,ok,,flexible
"PEPTIDE1{meA.L.Me_dL.F.P.T.dP}$PEPTIDE1,PEPTIDE1,1:R1-7:R2$$$",-6.34100000,ok,,flexible
"PEPTIDE1{P.Pr_Gly.L.G.F.Me_Nle.Me_Phe(3-Cl)}$PEPTIDE1,PEPTIDE1,1:R1-7:R2$$$",-5.80200000,ok,,flexible
"PEPTIDE1{Me_dA.meA.L.dL.P.Me_dL.dA}$PEPTIDE1,PEPTIDE1,1:R1-7:R2$$$",-6.15200000,ok,,flexible
"PEPTIDE1{Pr_Gly.P.Me_dL.Me_Nle.meA.meF.Ser(tBu)}$PEPTIDE1,PEPTIDE1,1:R1-7:R2$$$",-5.29000000,ok,,flexible
"PEPTIDE1{dV.Pr_Gly.dA.L.V.P.Me_dL}$PEPTIDE1,PEPTIDE1,1:R1-7:R2$$$",-5.61400000,ok,,flexible
"PEPTIDE1{Me_Bal.Me_dL.meL.T.dP.meL.Mono86}$PEPTIDE1,PEPTIDE1,1:R1-7:R2$$$",-5.88600000,ok,,flexible
"PEPTIDE1{F.G.meL.meF.T.3Pal.P}$PEPTIDE1,PEPTIDE1,1:R1-7:R2$$$",-6.97900000,ok,,flexible
"PEPTIDE1{Mono6.dL.L.A.meL.Asp_piperidide.meL}$PEPTIDE1,PEPTIDE1,1:R1-7:R2$$$",-5.70300000,ok,,flexible
"PEPTIDE1{Mono6.meA.Sar.meF.T.Mono7.Mono9}$PEPTIDE1,PEPTIDE1,1:R1-7:R2$$$",-6.21300000,ok,,flexible
"PEPTIDE1{P.Me_Nle.dL.Me_Phe(3-Cl).Ser(tBu).meA.T}$PEPTIDE1,PEPTIDE1,1:R1-7:R2$$$",-5.50800000,ok,,flexible
"PEPTIDE1{dA.P.Me_dL.Me_dAbu.Me_dA.D.meL}$PEPTIDE1,PEPTIDE1,1:R1-7:R2$$$",-6.59400000,ok,,flexible
"PEPTIDE1{Me_dA.meA.dP.P.dP.P.T}$PEPTIDE1,PEPTIDE1,1:R1-7:R2$$$",-6.84400000,ok,,flexible
"PEPTIDE1{Me_dA.T.meV.L.meF.L.meA}$PEPTIDE1,PEPTIDE1,1:R1-7:R2$$$",-5.52700000,ok,,flexible
"PEPTIDE1{A.T.dP.meL.meF.dL.meL}$PEPTIDE1,PEPTIDE1,1:R1-7:R2$$$",-6.27400000,ok,,flexible
"PEPTIDE1{dV.pentyl_Gly.P.L.meL.Mono86.dP}$PEPTIDE1,PEPTIDE1,1:R1-7:R2$$$",-5.43900000,ok,,flexible
"PEPTIDE1{Me_Bal.meL.G.cHexCH2_Gly.meI.L.dL}$PEPTIDE1,PEPTIDE1,1:R1-7:R2$$$",-5.62000000,ok,,flexible
"PEPTIDE1{dF.A.P.meA.V.F.meF}$PEPTIDE1,PEPTIDE1,1:R1-7:R2$$$",-7.26600000,ok,,flexible
"PEPTIDE1{dA.cHexCH2_Gly.L.pentyl_Gly.L.T.meL}$PEPTIDE1,PEPTIDE1,1:R1-7:R2$$$",-5.34500000,ok,,flexible
"PEPTIDE1{meL.Me_Nle.T.I.3Pal.Ser(tBu).Mono84}$PEPTIDE1,PEPTIDE1,1:R1-7:R2$$$",-5.41600000,ok,,flexible
"PEPTIDE1{dV.meL.Sar.Me_dL.dL.meA.P}$PEPTIDE1,PEPTIDE1,1:R1-7:R2$$$",-5.73200000,ok,,flexible
"PEPTIDE1{Pr_Gly.pentyl_Gly.P.meL.T.L.meL}$PEPTIDE1,PEPTIDE1,1:R1-7:R2$$$",-5.18100000,ok,,flexible
"PEPTIDE1{dF.Me_Nle.I.dP.meL.meA.P}$PEPTIDE1,PEPTIDE1,1:R1-7:R2$$$",-5.80500000,ok,,flexible
"PEPTIDE1{A.I.F.G.Ser(tBu).Me_Nle.P}$PEPTIDE1,PEPTIDE1,1:R1-7:R2$$$",-5.34900000,ok,,flexible
"PEPTIDE1{A.Me_dL.F.Ser(tBu).dL.meF.meL}$PEPTIDE1,PEPTIDE1,1:R1-7:R2$$$",-5.86300000,ok,,flexible
"PEPTIDE1{meA.dA.L.G.meF.P.meL}$PEPTIDE1,PEPTIDE1,1:R1-7:R2$$$",-6.45500000,ok,,flexible
"PEPTIDE1{Me_Bal.cHexCH2_Gly.dL.Mono78.L.3Pal.G}$PEPTIDE1,PEPTIDE1,1:R1-7:R2$$$",-7.58300000,ok,,flexible
"PEPTIDE1{Me_dA.meA.Mono34.meL.I.P.Sar}$PEPTIDE1,PEPTIDE1,1:R1-7:R2$$$",-6.05400000,ok,,flexible
"PEPTIDE1{dA.Me_Abu.Me_dA.meV.meL.P.P}$PEPTIDE1,PEPTIDE1,1:R1-7:R2$$$",-5.73700000,ok,,flexible
"PEPTIDE1{dA.F.Me_dAbu.meV.Sar.L.meL}$PEPTIDE1,PEPTIDE1,1:R1-7:R2$$$",-6.04900000,ok,,flexible
"PEPTIDE1{meA.P.meY.meL.L.dL.Me_dL}$PEPTIDE1,PEPTIDE1,1:R1-7:R2$$$",-5.89100000,ok,,flexible
"PEPTIDE1{Me_dA.L.P.T.Ser(tBu).Nle.P}$PEPTIDE1,PEPTIDE1,1:R1-7:R2$$$",-5.72600000,ok,,flexible
"PEPTIDE1{Me_dA.L.meF.A.P.V.Me_dL}$PEPTIDE1,PEPTIDE1,1:R1-7:R2$$$",-5.94300000,ok,,flexible
"PEPTIDE1{Me_dA.meA.meL.L.G.P.T}$PEPTIDE1,PEPTIDE1,1:R1-7:R2$$$",-6.16300000,ok,,flexible
"PEPTIDE1{P.F.L.P.meL.P.dV}$PEPTIDE1,PEPTIDE1,1:R1-7:R2$$$",-6.31400000,ok,,flexible
"PEPTIDE1{Pr_Gly.Me_dA.P.dP.meL.T.meL}$PEPTIDE1,PEPTIDE1,1:R1-7:R2$$$",-5.69700000,ok,,flexible
"PEPTIDE1{Me_Bal.cHexCH2_Gly.V.dP.meL.meL.F}$PEPTIDE1,PEPTIDE1,1:R1-7:R2$$$",-5.72600000,ok,,flexible
"PEPTIDE1{Mono6.P.P.dP.T.Me_dL.meA}$PEPTIDE1,PEPTIDE1,1:R1-7:R2$$$",-7.13800000,ok,,flexible
"PEPTIDE1{meA.cHexCH2_Gly.L.I.F.Ser(tBu).T}$PEPTIDE1,PEPTIDE1,1:R1-7:R2$$$",-5.79900000,ok,,flexible
"PEPTIDE1{Me_Bal.P.T.Me_dL.F.meL.meF}$PEPTIDE1,PEPTIDE1,1:R1-7:R2$$$",-6.76500000,ok,,flexible
"PEPTIDE1{Me_Bal.meV.Sar.T.Me_dA.Pr_Gly.Me_dL}$PEPTIDE1,PEPTIDE1,1:R1-7:R2$$$",-5.67700000,ok,,flexible
"PEPTIDE1{dV.meL.Mono84.I.L.meL.T}$PEPTIDE1,PEPTIDE1,1:R1-7:R2$$$",-5.67400000,ok,,flexible
"PEPTIDE1{Sar.T.meF.3Pal.P.meL.dP}$PEPTIDE1,PEPTIDE1,1:R1-7:R2$$$",-6.38400000,ok,,flexible
"PEPTIDE1{Sar.A.L.Me_Nle.dL.cHexCH2_Gly.T}$PEPTIDE1,PEPTIDE1,1:R1-7:R2$$$",-5.81600000,ok,,flexible
"PEPTIDE1{meL.A.meL.meA.T.F.P}$PEPTIDE1,PEPTIDE1,1:R1-7:R2$$$",-7.13000000,ok,,flexible
"PEPTIDE1{Me_dA.P.T.F.P.dF.Sar}$PEPTIDE1,PEPTIDE1,1:R1-7:R2$$$",-6.70100000,ok,,flexible
"PEPTIDE1{F.L.dL.A.Ser(tBu).meA.Asp_piperidide}$PEPTIDE1,PEPTIDE1,1:R1-7:R2$$$",-6.14200000,ok,,flexible
"PEPTIDE1{Me_dA.V.P.meL.T.F.I}$PEPTIDE1,PEPTIDE1,1:R1-7:R2$$$",-6.09700000,ok,,flexible
"PEPTIDE1{meA.P.T.P.meL.L.Sar}$PEPTIDE1,PEPTIDE1,1:R1-7:R2$$$",-6.31000000,ok,,flexible
"PEPTIDE1{dF.T.meL.T.meF.dA.P}$PEPTIDE1,PEPTIDE1,1:R1-7:R2$$$",-6.34300000,ok,,flexible
"PEPTIDE1{dA.Pr_Gly.A.dP.Ser(tBu).L.meL}$PEPTIDE1,PEPTIDE1,1:R1-7:R2$$$",-5.30700000,ok,,flexible
"PEPTIDE1{dV.P.V.L.dP.P.meL}$PEPTIDE1,PEPTIDE1,1:R1-7:R2$$$",-6.24200000,ok,,flexible
"PEPTIDE1{dF.Mono38.T.meL.Mono84.F.T}$PEPTIDE1,PEPTIDE1,1:R1-7:R2$$$",-5.83900000,ok,,flexible
"PEPTIDE1{P.dPye.Me_dA.meV.dP.Sar.meL}$PEPTIDE1,PEPTIDE1,1:R1-7:R2$$$",-5.57100000,ok,,flexible
"PEPTIDE1{meA.meF.dP.A.T.G.meL}$PEPTIDE1,PEPTIDE1,1:R1-7:R2$$$",-6.31200000,ok,,flexible
"PEPTIDE1{P.Pr_Gly.cHexCH2_Gly.Ser(tBu).dP.3Pal.A}$PEPTIDE1,PEPTIDE1,1:R1-7:R2$$$",-6.04800000,ok,,flexible
"PEPTIDE1{L.meA.meL.iBu_Gly.L.T.F}$PEPTIDE1,PEPTIDE1,1:R1-7:R2$$$",-5.04400000,ok,,flexible
"PEPTIDE1{Me_Bal.T.Sar.Me_Phe(3-Cl).meL.Me_dL.I}$PEPTIDE1,PEPTIDE1,1:R1-7:R2$$$",-5.42000000,ok,,flexible
"PEPTIDE1{F.pentyl_Gly.L.Ser(tBu).I.L.Me_Nle}$PEPTIDE1,PEPTIDE1,1:R1-7:R2$$$",-4.56300000,ok,,flexible
"PEPTIDE1{L.Me_dAbu.meL.A.Mono86.meA.Sar}$PEPTIDE1,PEPTIDE1,1:R1-7:R2$$$",-6.09100000,ok,,flexible
"PEPTIDE1{meA.Ser(tBu).T.meL.P.Me_dL.Nle}$PEPTIDE1,PEPTIDE1,1:R1-7:R2$$$",-5.37900000,ok,,flexible
"PEPTIDE1{dA.F.Pr_Gly.meL.L.A.meF}$PEPTIDE1,PEPTIDE1,1:R1-7:R2$$$",-6.27900000,ok,,flexible
"PEPTIDE1{Mono6.meL.meF.P.T.meY.Me_dL}$PEPTIDE1,PEPTIDE1,1:R1-7:R2$$$",-5.73900000,ok,,flexible
"PEPTIDE1{A.meA.dL.F.Sar.T.meL}$PEPTIDE1,PEPTIDE1,1:R1-7:R2$$$",-6.99900000,ok,,flexible
"PEPTIDE1{Me_Bal.dP.meA.Sar.meF.L.T}$PEPTIDE1,PEPTIDE1,1:R1-7:R2$$$",-6.66000000,ok,,flexible
"PEPTIDE1{Me_dA.T.L.P.Ser(tBu).A.dP}$PEPTIDE1,PEPTIDE1,1:R1-7:R2$$$",-6.00300000,ok,,flexible
"PEPTIDE1{meA.dP.Ser(tBu).meL.3Pal.F.dL}$PEPTIDE1,PEPTIDE1,1:R1-7:R2$$$",-6.83700000,ok,,flexible
"PEPTIDE1{meA.meF.A.L.Pr_Gly.L.meL}$PEPTIDE1,PEPTIDE1,1:R1-7:R2$$$",-5.34400000,ok,,flexible
"PEPTIDE1{meA.Mono38.T.P.Ser(tBu).A.meL}$PEPTIDE1,PEPTIDE1,1:R1-7:R2$$$",-6.75100000,ok,,flexible
"PEPTIDE1{P.cHexCH2_Gly.cHexCH2_Gly.pentyl_Gly.A.Mono86.Mono11}$PEPTIDE1,PEPTIDE1,1:R1-7:R2$$$",-5.39800000,ok,,flexible
"PEPTIDE1{Me_dA.Pr_Gly.meA.L.T.P.meF}$PEPTIDE1,PEPTIDE1,1:R1-7:R2$$$",-6.39100000,ok,,flexible
"PEPTIDE1{Me_dA.Pr_Gly.meA.meF.Me_dL.F.T}$PEPTIDE1,PEPTIDE1,1:R1-7:R2$$$",-6.12600000,ok,,flexible
"PEPTIDE1{meA.P.Me_dA.T.A.L.dP}$PEPTIDE1,PEPTIDE1,1:R1-7:R2$$$",-6.02300000,ok,,flexible
"PEPTIDE1{dA.dP.meF.T.F.meL.meI}$PEPTIDE1,PEPTIDE1,1:R1-7:R2$$$",-6.33400000,ok,,flexible
"PEPTIDE1{A.Mono38.Nle.P.Me_Nle.L.V}$PEPTIDE1,PEPTIDE1,1:R1-7:R2$$$",-5.58900000,ok,,flexible
"PEPTIDE1{Mono6.dP.meA.meL.Me_dL.Me_Abu.dP}$PEPTIDE1,PEPTIDE1,1:R1-7:R2$$$",-5.81000000,ok,,flexible
"PEPTIDE1{Me_dA.dP.meL.P.P.Ser(tBu).P}$PEPTIDE1,PEPTIDE1,1:R1-7:R2$$$",-6.34500000,ok,,flexible
"PEPTIDE1{Me_dA.P.A.L.F.dP.T}$PEPTIDE1,PEPTIDE1,1:R1-7:R2$$$",-6.88800000,ok,,flexible
"PEPTIDE1{P.A.F.meL.P.dF.T}$PEPTIDE1,PEPTIDE1,1:R1-7:R2$$$",-6.39200000,ok,,flexible
"PEPTIDE1{Me_dA.Pr_Gly.A.Me_dL.P.L.meA}$PEPTIDE1,PEPTIDE1,1:R1-7:R2$$$",-5.16400000,ok,,flexible
"PEPTIDE1{Pr_Gly.L.meL.Me_dL.meA.Me_Nle.T}$PEPTIDE1,PEPTIDE1,1:R1-7:R2$$$",-4.82200000,ok,,flexible
"PEPTIDE1{F.Sar.L.L.dP.Mono84.dL}$PEPTIDE1,PEPTIDE1,1:R1-7:R2$$$",-6.21200000,ok,,flexible
"PEPTIDE1{Me_Bal.Mono38.P.Ser(tBu).P.dP.Mono84}$PEPTIDE1,PEPTIDE1,1:R1-7:R2$$$",-6.35000000,ok,,flexible
"PEPTIDE1{dA.Me_dL.dP.meA.Sar.L.T}$PEPTIDE1,PEPTIDE1,1:R1-7:R2$$$",-5.54700000,ok,,flexible
"PEPTIDE1{Pr_Gly.P.meL.P.dP.dP.L}$PEPTIDE1,PEPTIDE1,1:R1-7:R2$$$",-6.07600000,ok,,flexible
"PEPTIDE1{Me_dA.meL.P.Ser(tBu).T.P.F}$PEPTIDE1,PEPTIDE1,1:R1-7:R2$$$",-5.96100000,ok,,flexible
"PEPTIDE1{Me_dA.meL.P.Me_dL.T.dL.dP}$PEPTIDE1,PEPTIDE1,1:R1-7:R2$$$",-5.90600000,ok,,flexible
"PEPTIDE1{dF.L.meL.P.P.T.dL}$PEPTIDE1,PEPTIDE1,1:R1-7:R2$$$",-6.15600000,ok,,flexible
"PEPTIDE1{A.meL.Me_dL.dP.L.L.G}$PEPTIDE1,PEPTIDE1,1:R1-7:R2$$$",-5.43100000,ok,,flexible
"PEPTIDE1{Me_dA.meF.dP.P.T.Mono84.L}$PEPTIDE1,PEPTIDE1,1:R1-7:R2$$$",-6.41800000,ok,,flexible
"PEPTIDE1{dF.T.meF.I.Me_Phe(3-Cl).A.L}$PEPTIDE1,PEPTIDE1,1:R1-7:R2$$$",-6.10600000,ok,,flexible
"PEPTIDE1{F.L.T.meL.L.D.P}$PEPTIDE1,PEPTIDE1,1:R1-7:R2$$$",-5.91500000,ok,,flexible
"PEPTIDE1{A.meA.meL.L.Ser(tBu).dF.Me_dL}$PEPTIDE1,PEPTIDE1,1:R1-7:R2$$$",-6.05900000,ok,,flexible
"PEPTIDE1{A.meL.Me_dL.Ser(tBu).dL.L.dL}$PEPTIDE1,PEPTIDE1,1:R1-7:R2$$$",-4.69400000,ok,,flexible
"PEPTIDE1{meA.P.meF.T.Ser(tBu).L.F}$PEPTIDE1,PEPTIDE1,1:R1-7:R2$$$",-6.40600000,ok,,flexible
"PEPTIDE1{Me_dA.F.Me_dL.meL.T.I.meA}$PEPTIDE1,PEPTIDE1,1:R1-7:R2$$$",-6.02500000,ok,,flexible
"PEPTIDE1{Me_Bal.Mono38.Mono84.meF.A.P.Ser(tBu)}$PEPTIDE1,PEPTIDE1,1:R1-7:R2$$$",-6.89500000,ok,,flexible
"PEPTIDE1{A.meL.P.meA.T.dA.Asp_piperidide}$PEPTIDE1,PEPTIDE1,1:R1-7:R2$$$",-6.04000000,ok,,flexible
"PEPTIDE1{L.meF.dL.dP.T.meL.Ser(tBu)}$PEPTIDE1,PEPTIDE1,1:R1-7:R2$$$",-5.31300000,ok,,flexible
"PEPTIDE1{F.cHexCH2_Gly.A.pentyl_Gly.dL.L.Ser(tBu)}$PEPTIDE1,PEPTIDE1,1:R1-7:R2$$$",-5.55900000,ok,,flexible
"PEPTIDE1{Me_dA.meA.P.F.Me_dL.Mono6.meL}$PEPTIDE1,PEPTIDE1,1:R1-7:R2$$$",-5.81900000,ok,,flexible
"PEPTIDE1{Mono6.cHexCH2_Gly.dP.Me_Nle.I.Nle.Me_Phe(3-Cl)}$PEPTIDE1,PEPTIDE1,1:R1-7:R2$$$",-5.58300000,ok,,flexible
"PEPTIDE1{Me_Bal.T.Me_dL.dL.meA.Ser(tBu).P}$PEPTIDE1,PEPTIDE1,1:R1-7:R2$$$",-5.62100000,ok,,flexible
"PEPTIDE1{dA.Pr_Gly.F.Mono86.meL.A.L}$PEPTIDE1,PEPTIDE1,1:R1-7:R2$$$",-5.63300000,ok,,flexible
"PEPTIDE1{meA.L.T.Et_Gly.F.Me_Phe(3-Cl).L}$PEPTIDE1,PEPTIDE1,1:R1-7:R2$$$",-6.18100000,ok,,flexible
"PEPTIDE1{A.Me_dL.T.dP.meL.L.T}$PEPTIDE1,PEPTIDE1,1:R1-7:R2$$$",-5.57900000,ok,,flexible
"PEPTIDE1{Me_Bal.Me_Nle.Ser(tBu).G.L.A.T}$PEPTIDE1,PEPTIDE1,1:R1-7:R2$$$",-5.38600000,ok,,flexible
"PEPTIDE1{A.F.V.Me_dA.dP.P.meL}$PEPTIDE1,PEPTIDE1,1:R1-7:R2$$$",-6.82600000,ok,,flexible
"PEPTIDE1{Pr_Gly.meS.L.P.T.Mono7.Sar}$PEPTIDE1,PEPTIDE1,1:R1-7:R2$$$",-5.73100000,ok,,flexible
"PEPTIDE1{meL.T.L.Me_Phe(3-Cl).T.meI.L}$PEPTIDE1,PEPTIDE1,1:R1-7:R2$$$",-5.35900000,ok,,flexible
"PEPTIDE1{dA.dP.L.meI.meA.Sar.meF}$PEPTIDE1,PEPTIDE1,1:R1-7:R2$$$",-6.13200000,ok,,flexible
"PEPTIDE1{A.L.F.meL.P.meA.Nle}$PEPTIDE1,PEPTIDE1,1:R1-7:R2$$$",-6.18300000,ok,,flexible
"PEPTIDE1{Me_Bal.Sar.meA.F.Me_dL.Ser(tBu).P}$PEPTIDE1,PEPTIDE1,1:R1-7:R2$$$",-5.76200000,ok,,flexible
"PEPTIDE1{dA.meA.T.G.meL.P.meI}$PEPTIDE1,PEPTIDE1,1:R1-7:R2$$$",-6.02400000,ok,,flexible
"PEPTIDE1{Me_Bal.F.Me_Nle.Et_Gly.L.3Pal.Mono84}$PEPTIDE1,PEPTIDE1,1:R1-7:R2$$$",-5.99000000,ok,,flexible
"PEPTIDE1{Me_dA.Pr_Gly.F.dF.dP.T.meL}$PEPTIDE1,PEPTIDE1,1:R1-7:R2$$$",-5.88200000,ok,,flexible
"PEPTIDE1{dA.Me_dL.P.meF.A.L.pentyl_Gly}$PEPTIDE1,PEPTIDE1,1:R1-7:R2$$$",-5.75400000,ok,,flexible
"PEPTIDE1{Me_dA.meL.Ser(tBu).meL.Mono78.Mono84.Me_dL}$PEPTIDE1,PEPTIDE1,1:R1-7:R2$$$",-5.99300000,ok,,flexible
"PEPTIDE1{Me_dA.meL.P.dP.Mono84.P.Mono2}$PEPTIDE1,PEPTIDE1,1:R1-7:R2$$$",-7.67100000,ok,,flexible
"PEPTIDE1{Mono6.dP.meL.T.L.dL.meA}$PEPTIDE1,PEPTIDE1,1:R1-7:R2$$$",-6.19400000,ok,,flexible
"PEPTIDE1{Pr_Gly.Me_dA.Ser(tBu).T.meL.Me_dL.dL}$PEPTIDE1,PEPTIDE1,1:R1-7:R2$$$",-4.72100000,ok,,flexible
"PEPTIDE1{A.meA.meL.Me_dL.Me_Nle.meF.I}$PEPTIDE1,PEPTIDE1,1:R1-7:R2$$$",-5.88100000,ok,,flexible
"PEPTIDE1{dA.Mono38.L.P.meL.meF.P}$PEPTIDE1,PEPTIDE1,1:R1-7:R2$$$",-6.93000000,ok,,flexible
"PEPTIDE1{L.T.Me_dA.meF.meV.meA.P}$PEPTIDE1,PEPTIDE1,1:R1-7:R2$$$",-6.77000000,ok,,flexible
"PEPTIDE1{Sar.P.Me_dL.dL.F.L.Ser(tBu)}$PEPTIDE1,PEPTIDE1,1:R1-7:R2$$$",-5.53000000,ok,,flexible
"PEPTIDE1{dA.Me_dA.meL.F.Me_dL.L.Nle}$PEPTIDE1,PEPTIDE1,1:R1-7:R2$$$",-5.53100000,ok,,flexible
"PEPTIDE1{Me_dA.A.Me_dL.meI.F.meY.P}$PEPTIDE1,PEPTIDE1,1:R1-7:R2$$$",-6.33800000,ok,,flexible
"PEPTIDE1{A.T.meL.dL.P.F.Me_dL}$PEPTIDE1,PEPTIDE1,1:R1-7:R2$$$",-6.15600000,ok,,flexible
"PEPTIDE1{Me_Bal.Me_dL.Me_dA.T.A.meA.meY}$PEPTIDE1,PEPTIDE1,1:R1-7:R2$$$",-6.36800000,ok,,flexible
"PEPTIDE1{F.meF.P.dP.L.dL.meL}$PEPTIDE1,PEPTIDE1,1:R1-7:R2$$$",-6.05600000,ok,,flexible
"PEPTIDE1{dA.L.V.F.meL.G.Mono2}$PEPTIDE1,PEPTIDE1,1:R1-7:R2$$$",-6.43300000,ok,,flexible
"PEPTIDE1{Me_Bal.meL.meF.meA.pentyl_Gly.Ser(tBu).V}$PEPTIDE1,PEPTIDE1,1:R1-7:R2$$$",-5.02400000,ok,,flexible
"PEPTIDE1{Me_Bal.meL.meF.L.meA.Me_dL.T}$PEPTIDE1,PEPTIDE1,1:R1-7:R2$$$",-6.32100000,ok,,flexible
"PEPTIDE1{meA.P.Me_dL.dL.meL.Et_Gly.Me_Abu}$PEPTIDE1,PEPTIDE1,1:R1-7:R2$$$",-6.03900000,ok,,flexible
"PEPTIDE1{dF.Me_dL.pentyl_Gly.meL.Mono12.Mono11.L}$PEPTIDE1,PEPTIDE1,1:R1-7:R2$$$",-4.82300000,ok,,flexible
"PEPTIDE1{meA.Me_Nle.P.Me_Abu.Me_dL.meL.Ser(tBu)}$PEPTIDE1,PEPTIDE1,1:R1-7:R2$$$",-5.53200000,ok,,flexible
"PEPTIDE1{Sar.L.T.P.Mono84.L.meL}$PEPTIDE1,PEPTIDE1,1:R1-7:R2$$$",-6.39800000,ok,,flexible
"PEPTIDE1{meA.pentyl_Gly.Me_dL.A.Sar.V.meL}$PEPTIDE1,PEPTIDE1,1:R1-7:R2$$$",-6.34400000,ok,,flexible
"PEPTIDE1{Mono6.Me_dL.F.meL.Mono12.Mono100.Ser(tBu)}$PEPTIDE1,PEPTIDE1,1:R1-7:R2$$$",-5.16800000,ok,,flexible
"PEPTIDE1{L.meS.meF.meL.P.P.Ser(tBu)}$PEPTIDE1,PEPTIDE1,1:R1-7:R2$$$",-5.86100000,ok,,flexible
"PEPTIDE1{A.T.T.L.P.F.meA}$PEPTIDE1,PEPTIDE1,1:R1-7:R2$$$",-6.17900000,ok,,flexible
"PEPTIDE1{Pr_Gly.pentyl_Gly.L.cHexCH2_Gly.P.L.I}$PEPTIDE1,PEPTIDE1,1:R1-7:R2$$$",-5.11500000,ok,,flexible
"PEPTIDE1{A.P.T.Me_dL.V.F.L}$PEPTIDE1,PEPTIDE1,1:R1-7:R2$$$",-5.90800000,ok,,flexible
"PEPTIDE1{A.Me_dA.dL.L.Me_dA.meA.P}$PEPTIDE1,PEPTIDE1,1:R1-7:R2$$$",-5.92700000,ok,,flexible
"PEPTIDE1{Pr_Gly.P.Me_dL.F.dL.Me_dA.meL}$PEPTIDE1,PEPTIDE1,1:R1-7:R2$$$",-5.44800000,ok,,flexible
"PEPTIDE1{dA.P.T.T.meA.T.Me_dL}$PEPTIDE1,PEPTIDE1,1:R1-7:R2$$$",-5.66200000,ok,,flexible
"PEPTIDE1{Pr_Gly.pentyl_Gly.P.Mono86.dP.T.Me_dL}$PEPTIDE1,PEPTIDE1,1:R1-7:R2$$$",-5.81300000,ok,,flexible
"PEPTIDE1{L.dA.meA.pentyl_Gly.dL.L.P}$PEPTIDE1,PEPTIDE1,1:R1-7:R2$$$",-5.77900000,ok,,flexible
"PEPTIDE1{A.V.meI.Ser(tBu).dL.T.dP}$PEPTIDE1,PEPTIDE1,1:R1-7:R2$$$",-4.98700000,ok,,flexible
"PEPTIDE1{A.Me_dL.G.L.I.P.meL}$PEPTIDE1,PEPTIDE1,1:R1-7:R2$$$",-6.01000000,ok,,flexible
"PEPTIDE1{dV.T.Me_dL.meL.V.Sar.Sar}$PEPTIDE1,PEPTIDE1,1:R1-7:R2$$$",-6.30600000,ok,,flexible
"PEPTIDE1{meA.P.T.L.meL.Me_dL.Me_dL}$PEPTIDE1,PEPTIDE1,1:R1-7:R2$$$",-5.48000000,ok,,flexible
"PEPTIDE1{dF.L.P.Mono86.L.dL.Mono84}$PEPTIDE1,PEPTIDE1,1:R1-7:R2$$$",-7.07700000,ok,,flexible
"PEPTIDE1{meA.T.Me_dL.T.F.meL.pentyl_Gly}$PEPTIDE1,PEPTIDE1,1:R1-7:R2$$$",-5.52500000,ok,,flexible
"PEPTIDE1{dA.pentyl_Gly.meL.I.L.Me_Phe(3-Cl).Ser(tBu)}$PEPTIDE1,PEPTIDE1,1:R1-7:R2$$$",-5.34000000,ok,,flexible
"PEPTIDE1{dV.P.meA.L.A.dP.dF}$PEPTIDE1,PEPTIDE1,1:R1-7:R2$$$",-6.59200000,ok,,flexible
"PEPTIDE1{Me_Bal.L.F.meA.meL.meF.Me_Phe(3-Cl)}$PEPTIDE1,PEPTIDE1,1:R1-7:R2$$$",-6.17600000,ok,,flexible
"PEPTIDE1{Sar.F.P.T.meA.meL.D}$PEPTIDE1,PEPTIDE1,1:R1-7:R2$$$",-6.18300000,ok,,flexible
"PEPTIDE1{dF.pentyl_Gly.G.Ser(tBu).T.I.3Pal}$PEPTIDE1,PEPTIDE1,1:R1-7:R2$$$",-5.48400000,ok,,flexible
"PEPTIDE1{Mono6.meL.P.Me_dL.P.pentyl_Gly.cHexCH2_Gly}$PEPTIDE1,PEPTIDE1,1:R1-7:R2$$$",-5.62600000,ok,,flexible
"PEPTIDE1{Mono6.A.meA.L.dP.meF.Ser(tBu)}$PEPTIDE1,PEPTIDE1,1:R1-7:R2$$$",-6.98000000,ok,,flexible
"PEPTIDE1{meA.Me_dL.dF.meF.meL.A.P}$PEPTIDE1,PEPTIDE1,1:R1-7:R2$$$",-6.60200000,ok,,flexible
"PEPTIDE1{Me_dA.Me_Nle.L.Mono78.Me_dL.L.Ser(tBu)}$PEPTIDE1,PEPTIDE1,1:R1-7:R2$$$",-6.05500000,ok,,flexible
"PEPTIDE1{dP.L.P.Me_dL.meA.T.dF}$PEPTIDE1,PEPTIDE1,1:R1-7:R2$$$",-6.44500000,ok,,flexible
"PEPTIDE1{Me_dA.P.Me_dL.dP.T.dA.meA}$PEPTIDE1,PEPTIDE1,1:R1-7:R2$$$",-6.48600000,ok,,flexible
"PEPTIDE1{Me_dA.A.L.dL.F.3Pal.L}$PEPTIDE1,PEPTIDE1,1:R1-7:R2$$$",-5.74200000,ok,,flexible
"PEPTIDE1{Mono6.F.meL.meA.Sar.T.dP}$PEPTIDE1,PEPTIDE1,1:R1-7:R2$$$",-6.34200000,ok,,flexible
"PEPTIDE1{dF.P.dP.meL.P.dL.T}$PEPTIDE1,PEPTIDE1,1:R1-7:R2$$$",-7.17600000,ok,,flexible
"PEPTIDE1{A.meA.meL.T.P.meF.Me_dL}$PEPTIDE1,PEPTIDE1,1:R1-7:R2$$$",-6.11800000,ok,,flexible
"PEPTIDE1{F.cHexCH2_Gly.A.Mono84.Me_Phe(3-Cl).dP.Me_dA}$PEPTIDE1,PEPTIDE1,1:R1-7:R2$$$",-6.61900000,ok,,flexible
"PEPTIDE1{meA.Pr_Gly.dF.meL.Me_dA.L.P}$PEPTIDE1,PEPTIDE1,1:R1-7:R2$$$",-5.85300000,ok,,flexible
"PEPTIDE1{meL.A.Me_dA.T.P.dL.meF}$PEPTIDE1,PEPTIDE1,1:R1-7:R2$$$",-6.97400000,ok,,flexible
"PEPTIDE1{meA.T.T.F.P.P.dP}$PEPTIDE1,PEPTIDE1,1:R1-7:R2$$$",-6.73300000,ok,,flexible
"PEPTIDE1{P.dPye.L.dP.meL.L.pentyl_Gly}$PEPTIDE1,PEPTIDE1,1:R1-7:R2$$$",-5.30900000,ok,,flexible
"PEPTIDE1{Me_dA.G.Pr_Gly.Me_dL.meV.meL.dP}$PEPTIDE1,PEPTIDE1,1:R1-7:R2$$$",-5.62500000,ok,,flexible
"PEPTIDE1{Me_dA.Mono38.Mono78.Mono84.P.Mono86.A}$PEPTIDE1,PEPTIDE1,1:R1-7:R2$$$",-6.64600000,ok,,flexible
"PEPTIDE1{A.F.T.meL.meA.L.Mono86}$PEPTIDE1,PEPTIDE1,1:R1-7:R2$$$",-6.34700000,ok,,flexible
"PEPTIDE1{Me_Bal.I.meA.Mono86.dP.F.P}$PEPTIDE1,PEPTIDE1,1:R1-7:R2$$$",-7.33700000,ok,,flexible
"PEPTIDE1{A.V.P.Mono86.Mono2.meL.3Pal}$PEPTIDE1,PEPTIDE1,1:R1-7:R2$$$",-6.20200000,ok,,flexible
"PEPTIDE1{meA.P.Mono6.P.T.T.meL}$PEPTIDE1,PEPTIDE1,1:R1-7:R2$$$",-5.79700000,ok,,flexible
"PEPTIDE1{meA.Sar.Me_dL.L.dP.Bn_Gly.meF}$PEPTIDE1,PEPTIDE1,1:R1-7:R2$$$",-6.06700000,ok,,flexible
"PEPTIDE1{Me_Bal.pentyl_Gly.Mono38.P.Me_dL.Me_Nle.dL}$PEPTIDE1,PEPTIDE1,1:R1-7:R2$$$",-5.38000000,ok,,flexible
"PEPTIDE1{Mono6.meF.L.Asp_piperidide.dL.Mono7.T}$PEPTIDE1,PEPTIDE1,1:R1-7:R2$$$",-6.50600000,ok,,flexible
"PEPTIDE1{dV.meL.A.T.dA.dP.P}$PEPTIDE1,PEPTIDE1,1:R1-7:R2$$$",-6.96700000,ok,,flexible
"PEPTIDE1{Me_dA.dF.meL.F.P.Sar.meL}$PEPTIDE1,PEPTIDE1,1:R1-7:R2$$$",-6.02000000,ok,,flexible
"PEPTIDE1{A.Me_dA.P.T.Nle.dP.L}$PEPTIDE1,PEPTIDE1,1:R1-7:R2$$$",-6.14000000,ok,,flexible
"PEPTIDE1{dF.Sar.cHexCH2_Gly.L.meF.P.dP}$PEPTIDE1,PEPTIDE1,1:R1-7:R2$$$",-6.98800000,ok,,flexible
"PEPTIDE1{meA.pentyl_Gly.cHexCH2_Gly.I.3Pal.L.A}$PEPTIDE1,PEPTIDE1,1:R1-7:R2$$$",-5.65400000,ok,,flexible
"PEPTIDE1{Me_dA.P.meL.Ser(tBu).dL.L.meA}$PEPTIDE1,PEPTIDE1,1:R1-7:R2$$$",-5.68600000,ok,,flexible
"PEPTIDE1{Mono6.Ser(tBu).meL.L.A.cHexCH2_Gly.I}$PEPTIDE1,PEPTIDE1,1:R1-7:R2$$$",-5.42300000,ok,,flexible
"PEPTIDE1{Me_dA.dP.T.meL.Me_dL.P.Sar}$PEPTIDE1,PEPTIDE1,1:R1-7:R2$$$",-6.51900000,ok,,flexible
"PEPTIDE1{Mono6.T.dP.P.meF.L.dL}$PEPTIDE1,PEPTIDE1,1:R1-7:R2$$$",-5.87700000,ok,,flexible
"PEPTIDE1{Mono6.L.T.Ser(tBu).meL.I.F}$PEPTIDE1,PEPTIDE1,1:R1-7:R2$$$",-6.14000000,ok,,flexible
"PEPTIDE1{dP.Sar.L.T.F.T.meL}$PEPTIDE1,PEPTIDE1,1:R1-7:R2$$$",-5.98600000,ok,,flexible
"PEPTIDE1{Me_Bal.G.meF.L.F.meI.Me_dL}$PEPTIDE1,PEPTIDE1,1:R1-7:R2$$$",-5.93200000,ok,,flexible
"PEPTIDE1{Me_dA.meL.P.Me_dL.dL.P.dP}$PEPTIDE1,PEPTIDE1,1:R1-7:R2$$$",-5.93800000,ok,,flexible
"PEPTIDE1{Me_dA.Me_Nle.L.P.A.meL.meA}$PEPTIDE1,PEPTIDE1,1:R1-7:R2$$$",-5.93000000,ok,,flexible
"PEPTIDE1{Me_Bal.meA.meL.F.T.V.meI}$PEPTIDE1,PEPTIDE1,1:R1-7:R2$$$",-5.93800000,ok,,flexible
"PEPTIDE1{Mono6.Nle.Me_Nle.T.meL.Ser(tBu).L}$PEPTIDE1,PEPTIDE1,1:R1-7:R2$$$",-5.40400000,ok,,flexible
"PEPTIDE1{Me_Bal.meF.P.Ser(tBu).L.meL.dP}$PEPTIDE1,PEPTIDE1,1:R1-7:R2$$$",-6.51800000,ok,,flexible
"PEPTIDE1{F.L.T.P.Et_Gly.dL.L}$PEPTIDE1,PEPTIDE1,1:R1-7:R2$$$",-5.63900000,ok,,flexible
"PEPTIDE1{A.meL.L.meL.K.Me_dA.Ser(tBu)}$PEPTIDE1,PEPTIDE1,1:R1-7:R2$$$",-5.55300000,ok,,flexible
"PEPTIDE1{A.Me_Nle.dP.L.T.dP.Mono84}$PEPTIDE1,PEPTIDE1,1:R1-7:R2$$$",-6.44500000,ok,,flexible
"PEPTIDE1{Mono6.pentyl_Gly.Mono86.Mono84.meL.dL.Me_dNva}$PEPTIDE1,PEPTIDE1,1:R1-7:R2$$$",-5.77500000,ok,,flexible
"PEPTIDE1{Me_Bal.meL.L.A.F.dP.dA}$PEPTIDE1,PEPTIDE1,1:R1-7:R2$$$",-6.34600000,ok,,flexible
"PEPTIDE1{dF.meA.meS.meL.meL.Me_dA.dP}$PEPTIDE1,PEPTIDE1,1:R1-7:R2$$$",-6.30400000,ok,,flexible
"PEPTIDE1{A.Sar.Me_dAbu.T.L.Mono84.meL}$PEPTIDE1,PEPTIDE1,1:R1-7:R2$$$",-5.64100000,ok,,flexible
"PEPTIDE1{dA.dPye.dP.meL.Me_dL.T.P}$PEPTIDE1,PEPTIDE1,1:R1-7:R2$$$",-6.28000000,ok,,flexible
"PEPTIDE1{Mono6.cHexCH2_Gly.dL.I.Me_dL.A.L}$PEPTIDE1,PEPTIDE1,1:R1-7:R2$$$",-5.22900000,ok,,flexible
"PEPTIDE1{dV.Me_dAbu.iBu_Gly.Me_dL.T.meL.dP}$PEPTIDE1,PEPTIDE1,1:R1-7:R2$$$",-5.15200000,ok,,flexible
"PEPTIDE1{Me_Bal.dP.meL.P.dL.Me_dL.meL}$PEPTIDE1,PEPTIDE1,1:R1-7:R2$$$",-5.81500000,ok,,flexible
"PEPTIDE1{Pr_Gly.dF.Me_dL.Me_dL.L.P.Me_dA}$PEPTIDE1,PEPTIDE1,1:R1-7:R2$$$",-5.82300000,ok,,flexible
"PEPTIDE1{A.meL.Me_dL.P.P.Me_dA.dP}$PEPTIDE1,PEPTIDE1,1:R1-7:R2$$$",-6.52700000,ok,,flexible
"PEPTIDE1{meA.Mono38.Ser(tBu).Me_Nle.dL.meL.dP}$PEPTIDE1,PEPTIDE1,1:R1-7:R2$$$",-5.51400000,ok,,flexible
"PEPTIDE1{meA.Pr_Gly.V.Me_dL.meL.T.T}$PEPTIDE1,PEPTIDE1,1:R1-7:R2$$$",-5.33500000,ok,,flexible
"PEPTIDE1{Pr_Gly.meA.T.A.F.meL.dL}$PEPTIDE1,PEPTIDE1,1:R1-7:R2$$$",-5.80700000,ok,,flexible
"PEPTIDE1{Pr_Gly.Ser(tBu).L.meA.P.dP.Me_dL}$PEPTIDE1,PEPTIDE1,1:R1-7:R2$$$",-5.22300000,ok,,flexible
"PEPTIDE1{Mono6.meL.P.P.F.Sar.meA}$PEPTIDE1,PEPTIDE1,1:R1-7:R2$$$",-6.77300000,ok,,flexible
