helm,vina_score,status,detail,docking_mode
"PEPTIDE1{A.Sar.P.Mono78.Mono84.F.meL}$PEPTIDE1,PEPTIDE1,1:R1-7:R2$$$",-8.13300000,ok,,flexible
"PEPTIDE1{dF.Asp_piperidide.T.dP.Mono84.F.P}$PEPTIDE1,PEPTIDE1,1:R1-7:R2$$$",-8.09200000,ok,,flexible
"PEPTIDE1{dF.A.meA.Me_dA.dA.F.P}$PEPTIDE1,PEPTIDE1,1:R1-7:R2$$$",-7.16200000,ok,,flexible
"PEPTIDE1{Me_dA.bHph.Mono38.P.Mono84.dP.P}$PEPTIDE1,PEPTIDE1,1:R1-7:R2$$$",-7.86000000,ok,,flexible
"PEPTIDE1{dF.dP.P.dP.dP.meF.P}$PEPTIDE1,PEPTIDE1,1:R1-7:R2$$$",-7.82600000,ok,,flexible
"PEPTIDE1{Me_dA.meA.P.F.F.G.I}$PEPTIDE1,PEPTIDE1,1:R1-7:R2$$$",-7.71200000,ok,,flexible
"PEPTIDE1{meA.Me_dAbu.Sar.A.dP.L.Mono78}$PEPTIDE1,PEPTIDE1,1:R1-7:R2$$$",-7.63300000,ok,,flexible
"PEPTIDE1{dV.P.P.meL.dP.dP.F}$PEPTIDE1,PEPTIDE1,1:R1-7:R2$$$",-7.57800000,ok,,flexible
"PEPTIDE1{Me_dA.meL.P.dP.Mono84.P.Mono2}$PEPTIDE1,PEPTIDE1,1:R1-7:R2$$$",-7.66500000,ok,,flexible
"PEPTIDE1{dA.Me_dA.F.L.Me_Phe(3-Cl).P.P}$PEPTIDE1,PEPTIDE1,1:R1-7:R2$$$",-7.92500000,ok,,flexible
"PEPTIDE1{meA.Me_dL.P.meY.F.meL.meF}$PEPTIDE1,PEPTIDE1,1:R1-7:R2$$$",-7.42500000,ok,,flexible
"PEPTIDE1{Me_Bal.cHexCH2_Gly.dL.Mono78.L.3Pal.G}$PEPTIDE1,PEPTIDE1,1:R1-7:R2$$$",-7.06200000,ok,,flexible
"PEPTIDE1{meA.T.dP.P.dP.Me_dA.meF}$PEPTIDE1,PEPTIDE1,1:R1-7:R2$$$",-7.62200000,ok,,flexible
"PEPTIDE1{F.dP.Mono84.P.Mono86.L.P}$PEPTIDE1,PEPTIDE1,1:R1-7:R2$$$",-7.82500000,ok,,flexible
"PEPTIDE1{meA.G.dP.Mono84.T.P.P}$PEPTIDE1,PEPTIDE1,1:R1-7:R2$$$",-7.49200000,ok,,flexible
"PEPTIDE1{Me_Bal.meA.G.cHexCH2_Gly.meF.P.T}$PEPTIDE1,PEPTIDE1,1:R1-7:R2$$$",-7.59000000,ok,,flexible
"PEPTIDE1{F.P.dP.meL.dP.Mono84.A}$PEPTIDE1,PEPTIDE1,1:R1-7:R2$$$",-7.50500000,ok,,flexible
"PEPTIDE1{Sar.T.P.A.dP.F.P}$PEPTIDE1,PEPTIDE1,1:R1-7:R2$$$",-7.25500000,ok,,flexible
"PEPTIDE1{meA.Me_Phe(3-Cl).L.dP.Me_dL.F.3Pal}$PEPTIDE1,PEPTIDE1,1:R1-7:R2$$$",-7.35000000,ok,,flexible
"PEPTIDE1{Me_Bal.Me_dL.dF.dP.meA.Sar.Me_dA}$PEPTIDE1,PEPTIDE1,1:R1-7:R2$$$",-7.35200000,ok,,flexible
"PEPTIDE1{Me_Bal.A.Me_dA.Sar.F.L.P}$PEPTIDE1,PEPTIDE1,1:R1-7:R2$$$",-7.54400000,ok,,flexible
"PEPTIDE1{dF.Sar.dP.Mono84.dP.T.P}$PEPTIDE1,PEPTIDE1,1:R1-7:R2$$$",-7.36200000,ok,,flexible
"PEPTIDE1{Me_Bal.T.meL.Sar.dP.F.P}$PEPTIDE1,PEPTIDE1,1:R1-7:R2$$$",-7.44000000,ok,,flexible
"PEPTIDE1{Mono6.Me_dA.Me_dL.Me_Abu.dP.T.meA}$PEPTIDE1,PEPTIDE1,1:R1-7:R2$$$",-7.39300000,ok,,flexible
"PEPTIDE1{F.P.dP.dF.T.A.meF}$PEPTIDE1,PEPTIDE1,1:R1-7:R2$$$",-7.44000000,ok,,flexible
"PEPTIDE1{dA.meA.A.meL.P.dP.Aib}$PEPTIDE1,PEPTIDE1,1:R1-7:R2$$$",-7.42200000,ok,,flexible
"PEPTIDE1{A.meA.meY.T.dP.P.P}$PEPTIDE1,PEPTIDE1,1:R1-7:R2$$$",-7.33300000,ok,,flexible
"PEPTIDE1{Me_Bal.dA.F.meF.A.meL.Mono2}$PEPTIDE1,PEPTIDE1,1:R1-7:R2$$$",-7.22100000,ok,,flexible
"PEPTIDE1{Me_dA.meA.F.cHexCH2_Gly.dP.P.Mono12}$PEPTIDE1,PEPTIDE1,1:R1-7:R2$$$",-6.89100000,ok,,flexible
"PEPTIDE1{dA.dPye.dP.F.meL.Me_dL.A}$PEPTIDE1,PEPTIDE1,1:R1-7:R2$$$",-7.22500000,ok,,flexible
"PEPTIDE1{dA.L.Me_dA.F.dP.Sar.A}$PEPTIDE1,PEPTIDE1,1:R1-7:R2$$$",-7.40900000,ok,,flexible
"PEPTIDE1{dV.meF.T.Mono84.dP.P.V}$PEPTIDE1,PEPTIDE1,1:R1-7:R2$$$",-6.72500000,ok,,flexible
"PEPTIDE1{P.dF.G.F.meL.dV.meL}$PEPTIDE1,PEPTIDE1,1:R1-7:R2$$$",-7.44100000,ok,,flexible
"PEPTIDE1{Me_Bal.L.Me_dA.meV.P.V.dP}$PEPTIDE1,PEPTIDE1,1:R1-7:R2$$$",-7.31000000,ok,,flexible
"PEPTIDE1{Me_Bal.P.Ser(tBu).meL.dP.P.T}$PEPTIDE1,PEPTIDE1,1:R1-7:R2$$$",-7.30900000,ok,,flexible
"PEPTIDE1{Me_Bal.P.P.dP.F.dL.Me_Phe(3-Cl)}$PEPTIDE1,PEPTIDE1,1:R1-7:R2$$$",-7.37800000,ok,,flexible
"PEPTIDE1{A.P.meL.F.meA.dP.Me_dL}$PEPTIDE1,PEPTIDE1,1:R1-7:R2$$$",-7.34400000,ok,,flexible
"PEPTIDE1{dV.meL.F.T.dP.P.P}$PEPTIDE1,PEPTIDE1,1:R1-7:R2$$$",-7.33000000,ok,,flexible
"PEPTIDE1{Mono6.meA.Me_dA.dA.dL.T.F}$PEPTIDE1,PEPTIDE1,1:R1-7:R2$$$",-7.37500000,ok,,flexible
"PEPTIDE1{Mono6.meL.Sar.Mono84.dP.P.P}$PEPTIDE1,PEPTIDE1,1:R1-7:R2$$$",-6.94000000,ok,,flexible
"PEPTIDE1{P.Me_dA.meL.meA.dP.dF.F}$PEPTIDE1,PEPTIDE1,1:R1-7:R2$$$",-7.33800000,ok,,flexible
"PEPTIDE1{Me_Bal.Me_dA.Me_dL.P.meA.meF.dP}$PEPTIDE1,PEPTIDE1,1:R1-7:R2$$$",-7.24000000,ok,,flexible
"PEPTIDE1{dA.F.P.pentyl_Gly.meA.P.dP}$PEPTIDE1,PEPTIDE1,1:R1-7:R2$$$",-7.19800000,ok,,flexible
"PEPTIDE1{Mono6.meA.Me_dL.dP.P.Me_dL.Me_dA}$PEPTIDE1,PEPTIDE1,1:R1-7:R2$$$",-7.26000000,ok,,flexible
"PEPTIDE1{Sar.meL.meF.meA.dP.meA.Me_Abu}$PEPTIDE1,PEPTIDE1,1:R1-7:R2$$$",-7.34500000,ok,,flexible
"PEPTIDE1{Me_dA.dP.meF.T.Me_dL.Sar.meA}$PEPTIDE1,PEPTIDE1,1:R1-7:R2$$$",-7.21000000,ok,,flexible
"PEPTIDE1{dA.Me_dA.meA.dL.dF.P.L}$PEPTIDE1,PEPTIDE1,1:R1-7:R2$$$",-7.24300000,ok,,flexible
"PEPTIDE1{meA.A.dL.P.Mono84.Mono2.P}$PEPTIDE1,PEPTIDE1,1:R1-7:R2$$$",-7.25000000,ok,,flexible
"PEPTIDE1{Me_dA.F.T.meL.Me_Abu.dP.dP}$PEPTIDE1,PEPTIDE1,1:R1-7:R2$$$",-7.28000000,ok,,flexible
"PEPTIDE1{Me_dA.Et_Gly.P.meL.meA.Me_dL.Me_Phe(3-Cl)}$PEPTIDE1,PEPTIDE1,1:R1-7:R2$$$",-7.21400000,ok,,flexible
"PEPTIDE1{dA.meA.meI.P.meL.P.F}$PEPTIDE1,PEPTIDE1,1:R1-7:R2$$$",-7.26700000,ok,,flexible
"PEPTIDE1{Me_Bal.dP.meF.meA.P.F.T}$PEPTIDE1,PEPTIDE1,1:R1-7:R2$$$",-7.00800000,ok,,flexible
"PEPTIDE1{Sar.P.A.meA.P.T.dP}$PEPTIDE1,PEPTIDE1,1:R1-7:R2$$$",-6.78200000,ok,,flexible
"PEPTIDE1{Mono6.meA.Me_dA.dL.dP.L.P}$PEPTIDE1,PEPTIDE1,1:R1-7:R2$$$",-7.28200000,ok,,flexible
"PEPTIDE1{dA.A.P.meF.T.P.Me_dL}$PEPTIDE1,PEPTIDE1,1:R1-7:R2$$$",-7.16700000,ok,,flexible
"PEPTIDE1{P.Me_dA.dF.F.meF.dP.meA}$PEPTIDE1,PEPTIDE1,1:R1-7:R2$$$",-7.11300000,ok,,flexible
"PEPTIDE1{A.Me_dA.meF.P.T.meL.dP}$PEPTIDE1,PEPTIDE1,1:R1-7:R2$$$",-7.09800000,ok,,flexible
"PEPTIDE1{Mono6.dL.dA.meY.meL.meA.dP}$PEPTIDE1,PEPTIDE1,1:R1-7:R2$$$",-7.16000000,ok,,flexible
"PEPTIDE1{dA.meA.A.P.Me_dA.Me_dL.P}$PEPTIDE1,PEPTIDE1,1:R1-7:R2$$$",-7.13000000,ok,,flexible
"PEPTIDE1{meA.Me_dA.dP.Me_dL.dF.Me_dL.F}$PEPTIDE1,PEPTIDE1,1:R1-7:R2$$$",-7.23800000,ok,,flexible
"PEPTIDE1{F.meA.meF.dP.T.P.Sar}$PEPTIDE1,PEPTIDE1,1:R1-7:R2$$$",-6.77600000,ok,,flexible
"PEPTIDE1{dF.A.dA.Me_dA.Me_dL.L.P}$PEPTIDE1,PEPTIDE1,1:R1-7:R2$$$",-7.19100000,ok,,flexible
"PEPTIDE1{Me_dA.meA.T.dP.T.dP.A}$PEPTIDE1,PEPTIDE1,1:R1-7:R2$$$",-7.20300000,ok,,flexible
"PEPTIDE1{meA.dA.meL.Me_dL.F.P.dP}$PEPTIDE1,PEPTIDE1,1:R1-7:R2$$$",-7.20000000,ok,,flexible
"PEPTIDE1{meL.Me_dA.A.T.dP.dV.Phe(4-CF3)}$PEPTIDE1,PEPTIDE1,1:R1-7:R2$$$",-6.44700000,ok,,flexible
"PEPTIDE1{A.meA.meF.T.Me_dAbu.F.dP}$PEPTIDE1,PEPTIDE1,1:R1-7:R2$$$",-7.17800000,ok,,flexible
"PEPTIDE1{A.F.Me_dA.Sar.P.meF.Me_dL}$PEPTIDE1,PEPTIDE1,1:R1-7:R2$$$",-7.18500000,ok,,flexible
"PEPTIDE1{dA.A.Me_dL.meA.meA.meF.dL}$PEPTIDE1,PEPTIDE1,1:R1-7:R2$$$",-6.08600000,ok,,flexible
"PEPTIDE1{Me_dA.Mono38.meA.Mono84.dP.P.A}$PEPTIDE1,PEPTIDE1,1:R1-7:R2$$$",-7.14700000,ok,,flexible
"PEPTIDE1{Me_dA.meL.Me_dL.T.P.Me_Phe(3-Cl).dA}$PEPTIDE1,PEPTIDE1,1:R1-7:R2$$$",-6.94100000,ok,,flexible
"PEPTIDE1{meA.Me_dA.meV.Sar.F.L.meL}$PEPTIDE1,PEPTIDE1,1:R1-7:R2$$$",-7.10500000,ok,,flexible
"PEPTIDE1{F.Me_dA.meF.P.meL.T.meL}$PEPTIDE1,PEPTIDE1,1:R1-7:R2$$$",-7.13500000,ok,,flexible
"PEPTIDE1{Me_Bal.meL.Mono84.P.dP.L.T}$PEPTIDE1,PEPTIDE1,1:R1-7:R2$$$",-7.15200000,ok,,flexible
"PEPTIDE1{Me_dA.meF.L.Mono84.L.P.dP}$PEPTIDE1,PEPTIDE1,1:R1-7:R2$$$",-7.15200000,ok,,flexible
"PEPTIDE1{Me_dA.F.Sar.dP.P.D.P}$PEPTIDE1,PEPTIDE1,1:R1-7:R2$$$",-7.24200000,ok,,flexible
"PEPTIDE1{dA.F.T.meF.Me_dL.dF.Ser(tBu)}$PEPTIDE1,PEPTIDE1,1:R1-7:R2$$$",-7.08900000,ok,,flexible
"PEPTIDE1{meA.L.T.P.Mono78.Mono84.dP}$PEPTIDE1,PEPTIDE1,1:R1-7:R2$$$",-7.17700000,ok,,flexible
"PEPTIDE1{A.P.T.dL.F.dP.meA}$PEPTIDE1,PEPTIDE1,1:R1-7:R2$$$",-7.15300000,ok,,flexible
"PEPTIDE1{dA.dP.meA.dP.meL.P.F}$PEPTIDE1,PEPTIDE1,1:R1-7:R2$$$",-7.11400000,ok,,flexible
"PEPTIDE1{dA.A.P.cHexCH2_Gly.Mono84.Mono86.meL}$PEPTIDE1,PEPTIDE1,1:R1-7:R2$$$",-7.14400000,ok,,flexible
"PEPTIDE1{Mono6.meA.meF.dA.P.meY.A}$PEPTIDE1,PEPTIDE1,1:R1-7:R2$$$",-7.35100000,ok,,flexible
"PEPTIDE1{Me_dA.T.P.P.dP.meA.dL}$PEPTIDE1,PEPTIDE1,1:R1-7:R2$$$",-7.09500000,ok,,flexible
"PEPTIDE1{dA.F.P.P.dP.T.Ser(tBu)}$PEPTIDE1,PEPTIDE1,1:R1-7:R2$$$",-7.08500000,ok,,flexible
"PEPTIDE1{meA.dA.T.meL.T.V.P}$PEPTIDE1,PEPTIDE1,1:R1-7:R2$$$",-6.56000000,ok,,flexible
"PEPTIDE1{Me_dA.meY.meA.Mono6.T.Me_Abu.meF}$PEPTIDE1,PEPTIDE1,1:R1-7:R2$$$",-7.01100000,ok,,flexible
"PEPTIDE1{meA.meF.dP.V.T.Sar.P}$PEPTIDE1,PEPTIDE1,1:R1-7:R2$$$",-7.08600000,ok,,flexible
"PEPTIDE1{Me_Bal.L.cHexCH2_Gly.A.Mono84.T.F}$PEPTIDE1,PEPTIDE1,1:R1-7:R2$$$",-7.11000000,ok,,flexible
"PEPTIDE1{Mono6.Me_dA.meL.dP.T.meY.F}$PEPTIDE1,PEPTIDE1,1:R1-7:R2$$$",-6.82700000,ok,,flexible
"PEPTIDE1{Mono6.A.meS.P.dL.meA.P}$PEPTIDE1,PEPTIDE1,1:R1-7:R2$$$",-7.11600000,ok,,flexible
"PEPTIDE1{A.meA.L.P.T.Mono86.G}$PEPTIDE1,PEPTIDE1,1:R1-7:R2$$$",-7.09700000,ok,,flexible
"PEPTIDE1{P.meA.dP.A.L.meL.dP}$PEPTIDE1,PEPTIDE1,1:R1-7:R2$$$",-7.08300000,ok,,flexible
"PEPTIDE1{meA.dP.Me_dA.meF.F.dL.A}$PEPTIDE1,PEPTIDE1,1:R1-7:R2$$$",-7.10400000,ok,,flexible
"PEPTIDE1{meA.dL.G.T.meL.P.dF}$PEPTIDE1,PEPTIDE1,1:R1-7:R2$$$",-6.07400000,ok,,flexible
"PEPTIDE1{Mono6.meA.P.Me_dA.meL.D.meF}$PEPTIDE1,PEPTIDE1,1:R1-7:R2$$$",-7.10300000,ok,,flexible
"PEPTIDE1{Sar.meA.P.P.dP.T.meL}$PEPTIDE1,PEPTIDE1,1:R1-7:R2$$$",-6.94800000,ok,,flexible
"PEPTIDE1{meF.dA.P.Ser(tBu).dP.T.A}$PEPTIDE1,PEPTIDE1,1:R1-7:R2$$$",-7.07300000,ok,,flexible
"PEPTIDE1{F.P.Mono84.P.dP.meL.Bn_Gly}$PEPTIDE1,PEPTIDE1,1:R1-7:R2$$$",-7.34100000,ok,,flexible
"PEPTIDE1{F.P.Me_dA.A.meL.meY.dP}$PEPTIDE1,PEPTIDE1,1:R1-7:R2$$$",-7.18000000,ok,,flexible
"PEPTIDE1{P.A.G.T.L.F.P}$PEPTIDE1,PEPTIDE1,1:R1-7:R2$$$",-7.10800000,ok,,flexible
"PEPTIDE1{Me_Bal.meA.meY.dP.meF.Me_dA.T}$PEPTIDE1,PEPTIDE1,1:R1-7:R2$$$",-7.19600000,ok,,flexible
"PEPTIDE1{A.dP.P.meA.D.Sar.P}$PEPTIDE1,PEPTIDE1,1:R1-7:R2$$$",-6.85800000,ok,,flexible
"PEPTIDE1{dF.Me_dL.P.Asp_piperidide.dP.dP.P}$PEPTIDE1,PEPTIDE1,1:R1-7:R2$$$",-7.12600000,ok,,flexible
"PEPTIDE1{Mono6.P.meL.cHexCH2_Gly.dP.T.Sar}$PEPTIDE1,PEPTIDE1,1:R1-7:R2$$$",-7.10900000,ok,,flexible
"PEPTIDE1{Me_Bal.meA.F.T.P.dL.meL}$PEPTIDE1,PEPTIDE1,1:R1-7:R2$$$",-7.07800000,ok,,flexible
"PEPTIDE1{Me_dA.meF.A.Mono6.meA.meL.meL}$PEPTIDE1,PEPTIDE1,1:R1-7:R2$$$",-6.42400000,ok,,flexible
"PEPTIDE1{dF.T.meL.P.dP.P.Mono84}$PEPTIDE1,PEPTIDE1,1:R1-7:R2$$$",-7.06200000,ok,,flexible
"PEPTIDE1{Sar.Me_dL.P.meA.meL.F.P}$PEPTIDE1,PEPTIDE1,1:R1-7:R2$$$",-6.27800000,ok,,flexible
"PEPTIDE1{F.meA.A.T.T.P.dL}$PEPTIDE1,PEPTIDE1,1:R1-7:R2$$$",-6.20600000,ok,,flexible
"PEPTIDE1{Mono6.P.L.dP.T.P.pentyl_Gly}$PEPTIDE1,PEPTIDE1,1:R1-7:R2$$$",-7.03900000,ok,,flexible
"PEPTIDE1{dA.T.F.meA.Sar.P.L}$PEPTIDE1,PEPTIDE1,1:R1-7:R2$$$",-6.89600000,ok,,flexible
"PEPTIDE1{dF.T.Me_dL.meF.meA.P.T}$PEPTIDE1,PEPTIDE1,1:R1-7:R2$$$",-6.77300000,ok,,flexible
"PEPTIDE1{dA.L.cHexCH2_Gly.P.T.Mono2.Mono86}$PEPTIDE1,PEPTIDE1,1:R1-7:R2$$$",-7.02500000,ok,,flexible
"PEPTIDE1{meA.meL.dL.L.Me_dL.P.F}$PEPTIDE1,PEPTIDE1,1:R1-7:R2$$$",-6.94200000,ok,,flexible
"PEPTIDE1{Me_Bal.meA.dP.dP.I.Sar.Mono84}$PEPTIDE1,PEPTIDE1,1:R1-7:R2$$$",-7.05900000,ok,,flexible
"PEPTIDE1{Me_Bal.P.dL.meA.meY.P.A}$PEPTIDE1,PEPTIDE1,1:R1-7:R2$$$",-6.93200000,ok,,flexible
"PEPTIDE1{meA.A.Asp_piperidide.dP.P.pentyl_Gly.P}$PEPTIDE1,PEPTIDE1,1:R1-7:R2$$$",-7.21200000,ok,,flexible
"PEPTIDE1{Me_Bal.meA.L.A.meL.dP.Me_dA}$PEPTIDE1,PEPTIDE1,1:R1-7:R2$$$",-6.95800000,ok,,flexible
"PEPTIDE1{dV.Sar.meL.Mono10.T.A.P}$PEPTIDE1,PEPTIDE1,1:R1-7:R2$$$",-7.93900000,ok,,flexible
"PEPTIDE1{F.cHexCH2_Gly.Mono38.A.P.T.dP}$PEPTIDE1,PEPTIDE1,1:R1-7:R2$$$",-7.01000000,ok,,flexible
"PEPTIDE1{Me_dA.meA.P.Me_dL.L.A.F}$PEPTIDE1,PEPTIDE1,1:R1-7:R2$$$",-6.67300000,ok,,flexible
"PEPTIDE1{dA.G.dP.meL.dL.Me_dA.P}$PEPTIDE1,PEPTIDE1,1:R1-7:R2$$$",-6.22900000,ok,,flexible
"PEPTIDE1{L.P.P.meF.Mono7.Mono12.T}$PEPTIDE1,PEPTIDE1,1:R1-7:R2$$$",-6.92700000,ok,,flexible
"PEPTIDE1{Mono6.P.F.P.A.meL.A}$PEPTIDE1,PEPTIDE1,1:R1-7:R2$$$",-7.04800000,ok,,flexible
"PEPTIDE1{P.Me_Nle.meL.P.Me_Phe(3-Cl).L.meA}$PEPTIDE1,PEPTIDE1,1:R1-7:R2$$$",-6.73400000,ok,,flexible
"PEPTIDE1{meA.Me_dL.meL.dP.P.Me_dL.meY}$PEPTIDE1,PEPTIDE1,1:R1-7:R2$$$",-7.01600000,ok,,flexible
"PEPTIDE1{dA.dP.L.meL.dP.P.meA}$PEPTIDE1,PEPTIDE1,1:R1-7:R2$$$",-7.03700000,ok,,flexible
"PEPTIDE1{Me_dA.dP.Me_dL.meA.Me_dL.F.G}$PEPTIDE1,PEPTIDE1,1:R1-7:R2$$$",-6.32000000,ok,,flexible
"PEPTIDE1{Mono6.dP.P.P.F.T.G}$PEPTIDE1,PEPTIDE1,1:R1-7:R2$$$",-8.52500000,ok,,flexible
"PEPTIDE1{meA.A.dP.T.P.Me_Phe(3-Cl).G}$PEPTIDE1,PEPTIDE1,1:R1-7:R2$$$",-8.26000000,ok,,flexible
"PEPTIDE1{F.Mono84.cHexCH2_Gly.P.dP.A.I}$PEPTIDE1,PEPTIDE1,1:R1-7:R2$$$",-8.06900000,ok,,flexible
"PEPTIDE1{dA.F.P.T.meA.Me_Phe(3-Cl).L}$PEPTIDE1,PEPTIDE1,1:R1-7:R2$$$",-7.91000000,ok,,flexible
"PEPTIDE1{meA.dP.F.Sar.P.F.G}$PEPTIDE1,PEPTIDE1,1:R1-7:R2$$$",-7.89800000,ok,,flexible
"PEPTIDE1{Mono6.meY.P.Me_dL.Me_dA.dP.dP}$PEPTIDE1,PEPTIDE1,1:R1-7:R2$$$",-7.88400000,ok,,flexible
"PEPTIDE1{Mono6.dP.P.Me_Phe(3-Cl).P.Asp_piperidide.meL}$PEPTIDE1,PEPTIDE1,1:R1-7:R2$$$",-7.64500000,ok,,flexible
"PEPTIDE1{A.L.Mono84.G.F.dP.Me_Phe(3-Cl)}$PEPTIDE1,PEPTIDE1,1:R1-7:R2$$$",-7.60900000,ok,,flexible
"PEPTIDE1{Me_Bal.P.P.dP.Me_Phe(3-Cl).Asp_piperidide.G}$PEPTIDE1,PEPTIDE1,1:R1-7:R2$$$",-7.85700000,ok,,flexible
"PEPTIDE1{P.dA.meA.A.F.T.meF}$PEPTIDE1,PEPTIDE1,1:R1-7:R2$$$",-7.69400000,ok,,flexible
"PEPTIDE1{dA.P.dP.T.T.meL.G}$PEPTIDE1,PEPTIDE1,1:R1-7:R2$$$",-7.55200000,ok,,flexible
"PEPTIDE1{L.Sar.P.dP.F.T.Me_Phe(3-Cl)}$PEPTIDE1,PEPTIDE1,1:R1-7:R2$$$",-7.96100000,ok,,flexible
"PEPTIDE1{Me_Bal.meA.P.P.Me_dA.Y.meY}$PEPTIDE1,PEPTIDE1,1:R1-7:R2$$$",-7.49300000,ok,,flexible
"PEPTIDE1{dA.P.dP.P.T.G.meL}$PEPTIDE1,PEPTIDE1,1:R1-7:R2$$$",-7.64900000,ok,,flexible
"PEPTIDE1{Me_Bal.L.F.T.P.A.dP}$PEPTIDE1,PEPTIDE1,1:R1-7:R2$$$",-7.57600000,ok,,flexible
"PEPTIDE1{Me_dA.meL.P.T.F.dP.I}$PEPTIDE1,PEPTIDE1,1:R1-7:R2$$$",-7.69100000,ok,,flexible
"PEPTIDE1{meA.P.dF.Me_dL.T.F.A}$PEPTIDE1,PEPTIDE1,1:R1-7:R2$$$",-7.56600000,ok,,flexible
"PEPTIDE1{meA.F.dP.T.V.T.P}$PEPTIDE1,PEPTIDE1,1:R1-7:R2$$$",-7.64800000,ok,,flexible
"PEPTIDE1{dA.Me_Nle.T.Mono78.P.meL.meA}$PEPTIDE1,PEPTIDE1,1:R1-7:R2$$$",-6.84100000,ok,,flexible
"PEPTIDE1{Pr_Gly.Me_dA.dA.meY.Asp_piperidide.T.P}$PEPTIDE1,PEPTIDE1,1:R1-7:R2$$$",-7.65300000,ok,,flexible
"PEPTIDE1{dA.P.T.I.F.A.V}$PEPTIDE1,PEPTIDE1,1:R1-7:R2$$$",-7.43700000,ok,,flexible
"PEPTIDE1{Me_Bal.Me_dA.meL.P.dP.F.T}$PEPTIDE1,PEPTIDE1,1:R1-7:R2$$$",-7.24600000,ok,,flexible
"PEPTIDE1{dA.Me_dL.T.F.Sar.F.dP}$PEPTIDE1,PEPTIDE1,1:R1-7:R2$$$",-7.55100000,ok,,flexible
"PEPTIDE1{L.A.Mono78.V.dP.P.meA}$PEPTIDE1,PEPTIDE1,1:R1-7:R2$$$",-7.37800000,ok,,flexible
"PEPTIDE1{dF.dP.Y.P.Asp_piperidide.G.P}$PEPTIDE1,PEPTIDE1,1:R1-7:R2$$$",-7.13100000,ok,,flexible
"PEPTIDE1{Mono6.meL.P.meY.T.I.F}$PEPTIDE1,PEPTIDE1,1:R1-7:R2$$$",-7.40700000,ok,,flexible
"PEPTIDE1{meA.G.T.dP.P.F.L}$PEPTIDE1,PEPTIDE1,1:R1-7:R2$$$",-7.45900000,ok,,flexible
"PEPTIDE1{meL.Mono6.P.P.meY.dP.Y}$PEPTIDE1,PEPTIDE1,1:R1-7:R2$$$",-7.56400000,ok,,flexible
"PEPTIDE1{Me_Bal.meL.meA.T.Me_Phe(3-Cl).dP.P}$PEPTIDE1,PEPTIDE1,1:R1-7:R2$$$",-7.41200000,ok,,flexible
"PEPTIDE1{dA.Me_dAbu.F.P.T.F.dP}$PEPTIDE1,PEPTIDE1,1:R1-7:R2$$$",-7.16000000,ok,,flexible
"PEPTIDE1{meA.meF.meL.P.dP.P.T}$PEPTIDE1,PEPTIDE1,1:R1-7:R2$$$",-7.27600000,ok,,flexible
"PEPTIDE1{Me_dA.T.meL.Y.meA.dP.P}$PEPTIDE1,PEPTIDE1,1:R1-7:R2$$$",-7.46200000,ok,,flexible
"PEPTIDE1{dA.D.dP.P.V.F.G}$PEPTIDE1,PEPTIDE1,1:R1-7:R2$$$",-7.42100000,ok,,flexible
"PEPTIDE1{meA.dP.G.P.meL.T.Y}$PEPTIDE1,PEPTIDE1,1:R1-7:R2$$$",-7.49800000,ok,,flexible
"PEPTIDE1{dA.T.P.F.V.D.Phe(4-CF3)}$PEPTIDE1,PEPTIDE1,1:R1-7:R2$$$",-6.32600000,ok,,flexible
"PEPTIDE1{dF.P.dP.Me_Phe(3-Cl).P.I.T}$PEPTIDE1,PEPTIDE1,1:R1-7:R2$$$",-7.45800000,ok,,flexible
"PEPTIDE1{Me_Bal.Me_dA.meY.V.dF.dP.P}$PEPTIDE1,PEPTIDE1,1:R1-7:R2$$$",-7.58600000,ok,,flexible
"PEPTIDE1{Me_Bal.P.Me_dL.Me_dA.meY.T.meA}$PEPTIDE1,PEPTIDE1,1:R1-7:R2$$$",-7.37800000,ok,,flexible
"PEPTIDE1{dF.Me_Nle.meL.T.dL.dP.Mono84}$PEPTIDE1,PEPTIDE1,1:R1-7:R2$$$",-6.72500000,ok,,flexible
"PEPTIDE1{A.Me_dL.P.G.dP.F.Y}$PEPTIDE1,PEPTIDE1,1:R1-7:R2$$$",-7.40400000,ok,,flexible
"PEPTIDE1{meA.Mono84.dP.P.T.Me_Phe(3-Cl).P}$PEPTIDE1,PEPTIDE1,1:R1-7:R2$$$",-7.82300000,ok,,flexible
"PEPTIDE1{Me_Bal.P.dP.Mono6.meY.dP.F}$PEPTIDE1,PEPTIDE1,1:R1-7:R2$$$",-7.01200000,ok,,flexible
"PEPTIDE1{A.F.P.P.Phe(4-CF3).F.dP}$PEPTIDE1,PEPTIDE1,1:R1-7:R2$$$",-7.43000000,ok,,flexible
"PEPTIDE1{Me_dA.cHexCH2_Gly.dP.P.A.meL.A}$PEPTIDE1,PEPTIDE1,1:R1-7:R2$$$",-7.31200000,ok,,flexible
"PEPTIDE1{A.meA.P.Me_dL.P.F.meF}$PEPTIDE1,PEPTIDE1,1:R1-7:R2$$$",-7.31800000,ok,,flexible
"PEPTIDE1{dA.Me_dA.F.T.dP.I.P}$PEPTIDE1,PEPTIDE1,1:R1-7:R2$$$",-7.26700000,ok,,flexible
"PEPTIDE1{dF.dP.T.Me_Phe(3-Cl).P.G.Phe(4-CF3)}$PEPTIDE1,PEPTIDE1,1:R1-7:R2$$$",-7.49900000,ok,,flexible
"PEPTIDE1{Me_Bal.dP.P.Me_dL.F.T.F}$PEPTIDE1,PEPTIDE1,1:R1-7:R2$$$",-6.59000000,ok,,flexible
"PEPTIDE1{Me_Bal.P.dP.I.V.F.G}$PEPTIDE1,PEPTIDE1,1:R1-7:R2$$$",-7.33400000,ok,,flexible
"PEPTIDE1{Mono6.meL.Me_dA.meA.meY.dP.P}$PEPTIDE1,PEPTIDE1,1:R1-7:R2$$$",-7.30900000,ok,,flexible
"PEPTIDE1{Me_Bal.P.Me_dA.dP.dP.F.meL}$PEPTIDE1,PEPTIDE1,1:R1-7:R2$$$",-7.28300000,ok,,flexible
"PEPTIDE1{Me_Bal.meA.F.G.P.Sar.meL}$PEPTIDE1,PEPTIDE1,1:R1-7:R2$$$",-7.24000000,ok,,flexible
"PEPTIDE1{Mono6.meA.dP.P.dP.P.meL}$PEPTIDE1,PEPTIDE1,1:R1-7:R2$$$",-7.28500000,ok,,flexible
"PEPTIDE1{meA.dA.meY.dP.Me_dL.P.Y}$PEPTIDE1,PEPTIDE1,1:R1-7:R2$$$",-7.33400000,ok,,flexible
"PEPTIDE1{Me_dA.dV.P.A.T.L.F}$PEPTIDE1,PEPTIDE1,1:R1-7:R2$$$",-7.29600000,ok,,flexible
"PEPTIDE1{meA.Me_dA.meL.meY.meY.T.dP}$PEPTIDE1,PEPTIDE1,1:R1-7:R2$$$",-7.23500000,ok,,flexible
"PEPTIDE1{Me_Bal.P.F.V.A.dP.P}$PEPTIDE1,PEPTIDE1,1:R1-7:R2$$$",-7.25600000,ok,,flexible
"PEPTIDE1{Mono6.meL.P.Y.F.P.dP}$PEPTIDE1,PEPTIDE1,1:R1-7:R2$$$",-6.77900000,ok,,flexible
"PEPTIDE1{Mono6.Me_dA.T.T.cHexCH2_Gly.F.dP}$PEPTIDE1,PEPTIDE1,1:R1-7:R2$$$",-7.28600000,ok,,flexible
"PEPTIDE1{F.L.dP.meF.T.P.P}$PEPTIDE1,PEPTIDE1,1:R1-7:R2$$$",-7.24400000,ok,,flexible
"PEPTIDE1{Me_dA.dP.A.F.P.I.V}$PEPTIDE1,PEPTIDE1,1:R1-7:R2$$$",-6.94300000,ok,,flexible
"PEPTIDE1{F.I.P.T.I.G.dP}$PEPTIDE1,PEPTIDE1,1:R1-7:R2$$$",-7.13500000,ok,,flexible
"PEPTIDE1{Me_dA.F.meA.A.meL.L.Me_dL}$PEPTIDE1,PEPTIDE1,1:R1-7:R2$$$",-7.19100000,ok,,flexible
"PEPTIDE1{L.T.F.dP.Sar.P.P}$PEPTIDE1,PEPTIDE1,1:R1-7:R2$$$",-7.21700000,ok,,flexible
"PEPTIDE1{Mono6.A.I.T.dP.P.L}$PEPTIDE1,PEPTIDE1,1:R1-7:R2$$$",-7.21400000,ok,,flexible
"PEPTIDE1{Mono6.T.Mono34.dP.G.Sar.P}$PEPTIDE1,PEPTIDE1,1:R1-7:R2$$$",-7.37900000,ok,,flexible
"PEPTIDE1{F.meL.Me_dA.dP.P.meY.T}$PEPTIDE1,PEPTIDE1,1:R1-7:R2$$$",-7.23300000,ok,,flexible
"PEPTIDE1{meA.Me_dL.Y.meY.dP.G.P}$PEPTIDE1,PEPTIDE1,1:R1-7:R2$$$",-7.21900000,ok,,flexible
"PEPTIDE1{dV.P.T.F.V.meL.dP}$PEPTIDE1,PEPTIDE1,1:R1-7:R2$$$",-7.16700000,ok,,flexible
"PEPTIDE1{meA.P.P.meL.T.I.dP}$PEPTIDE1,PEPTIDE1,1:R1-7:R2$$$",-7.14400000,ok,,flexible
"PEPTIDE1{dA.I.T.F.G.Sar.L}$PEPTIDE1,PEPTIDE1,1:R1-7:R2$$$",-7.14800000,ok,,flexible
"PEPTIDE1{Me_Bal.dP.Me_dL.P.meF.V.A}$PEPTIDE1,PEPTIDE1,1:R1-7:R2$$$",-6.32700000,ok,,flexible
"PEPTIDE1{Me_dA.dP.dP.Me_dL.meY.P.P}$PEPTIDE1,PEPTIDE1,1:R1-7:R2$$$",-7.60000000,ok,,flexible
"PEPTIDE1{Me_dA.P.meY.meL.Sar.Y.T}$PEPTIDE1,PEPTIDE1,1:R1-7:R2$$$",-7.09100000,ok,,flexible
"PEPTIDE1{meA.T.P.P.D.dP.F}$PEPTIDE1,PEPTIDE1,1:R1-7:R2$$$",-7.20400000,ok,,flexible
"PEPTIDE1{Mono6.dP.meL.F.D.Me_dL.P}$PEPTIDE1,PEPTIDE1,1:R1-7:R2$$$",-6.85200000,ok,,flexible
"PEPTIDE1{meA.dPye.Me_dA.dP.meY.P.P}$PEPTIDE1,PEPTIDE1,1:R1-7:R2$$$",-7.34500000,ok,,flexible
"PEPTIDE1{dV.Mono84.Mono38.L.A.P.dP}$PEPTIDE1,PEPTIDE1,1:R1-7:R2$$$",-7.20300000,ok,,flexible
"PEPTIDE1{A.meL.meA.Sar.dP.P.F}$PEPTIDE1,PEPTIDE1,1:R1-7:R2$$$",-7.27300000,ok,,flexible
"PEPTIDE1{dA.T.meA.dP.P.V.G}$PEPTIDE1,PEPTIDE1,1:R1-7:R2$$$",-7.16600000,ok,,flexible
"PEPTIDE1{A.Me_dA.cHexCH2_Gly.P.T.L.G}$PEPTIDE1,PEPTIDE1,1:R1-7:R2$$$",-7.08700000,ok,,flexible
"PEPTIDE1{meA.G.dA.P.meL.dP.A}$PEPTIDE1,PEPTIDE1,1:R1-7:R2$$$",-6.90800000,ok,,flexible
"PEPTIDE1{dV.meY.dP.Y.Mono6.Asp_piperidide.P}$PEPTIDE1,PEPTIDE1,1:R1-7:R2$$$",-6.76600000,ok,,flexible
"PEPTIDE1{A.meL.T.dP.Sar.F.V}$PEPTIDE1,PEPTIDE1,1:R1-7:R2$$$",-7.09500000,ok,,flexible
"PEPTIDE1{A.dA.Me_dA.Me_dL.F.meF.P}$PEPTIDE1,PEPTIDE1,1:R1-7:R2$$$",-6.91100000,ok,,flexible
"PEPTIDE1{dV.T.P.P.F.G.dP}$PEPTIDE1,PEPTIDE1,1:R1-7:R2$$$",-7.28000000,ok,,flexible
"PEPTIDE1{dV.Me_dA.meL.Phe(4-CF3).dP.Sar.F}$PEPTIDE1,PEPTIDE1,1:R1-7:R2$$$",-7.07500000,ok,,flexible
"PEPTIDE1{Me_Bal.meY.P.meL.P.Me_dL.F}$PEPTIDE1,PEPTIDE1,1:R1-7:R2$$$",-6.91500000,ok,,flexible
"PEPTIDE1{Me_Bal.Me_dL.dP.meY.Y.Me_dA.P}$PEPTIDE1,PEPTIDE1,1:R1-7:R2$$$",-7.11800000,ok,,flexible
"PEPTIDE1{Sar.F.dA.dP.V.L.T}$PEPTIDE1,PEPTIDE1,1:R1-7:R2$$$",-7.11300000,ok,,flexible
"PEPTIDE1{A.meA.F.dP.P.I.L}$PEPTIDE1,PEPTIDE1,1:R1-7:R2$$$",-6.27000000,ok,,flexible
"PEPTIDE1{dF.Sar.P.meL.A.P.dL}$PEPTIDE1,PEPTIDE1,1:R1-7:R2$$$",-7.10900000,ok,,flexible
"PEPTIDE1{dF.T.Asp_piperidide.Me_Phe(3-Cl).P.F.P}$PEPTIDE1,PEPTIDE1,1:R1-7:R2$$$",-7.16600000,ok,,flexible
"PEPTIDE1{Me_dA.dP.P.P.T.A.meL}$PEPTIDE1,PEPTIDE1,1:R1-7:R2$$$",-7.01800000,ok,,flexible
"PEPTIDE1{Me_Bal.Mono6.Y.Me_dA.meY.P.Asp_piperidide}$PEPTIDE1,PEPTIDE1,1:R1-7:R2$$$",-6.95700000,ok,,flexible
"PEPTIDE1{dV.Me_dA.Mono6.P.F.meY.dP}$PEPTIDE1,PEPTIDE1,1:R1-7:R2$$$",-7.05700000,ok,,flexible
"PEPTIDE1{meA.T.F.I.Me_dL.meY.dP}$PEPTIDE1,PEPTIDE1,1:R1-7:R2$$$",-7.06200000,ok,,flexible
"PEPTIDE1{L.A.T.dP.meA.P.V}$PEPTIDE1,PEPTIDE1,1:R1-7:R2$$$",-6.83900000,ok,,flexible
"PEPTIDE1{dA.T.dP.meL.G.Phe(4-CF3).P}$PEPTIDE1,PEPTIDE1,1:R1-7:R2$$$",-7.11000000,ok,,flexible
"PEPTIDE1{Mono6.meY.T.P.Y.meL.Asp_piperidide}$PEPTIDE1,PEPTIDE1,1:R1-7:R2$$$",-7.00500000,ok,,flexible
"PEPTIDE1{Me_dA.Sar.meL.dP.T.P.F}$PEPTIDE1,PEPTIDE1,1:R1-7:R2$$$",-7.19100000,ok,,flexible
"PEPTIDE1{A.meA.L.dP.I.T.meY}$PEPTIDE1,PEPTIDE1,1:R1-7:R2$$$",-7.00200000,ok,,flexible
"PEPTIDE1{Me_dA.meA.dP.F.Me_Phe(3-Cl).F.cHexCH2_Gly}$PEPTIDE1,PEPTIDE1,1:R1-7:R2$$$",-6.25300000,ok,,flexible
"PEPTIDE1{A.meL.P.P.V.dP.T}$PEPTIDE1,PEPTIDE1,1:R1-7:R2$$$",-7.07400000,ok,,flexible
"PEPTIDE1{dA.D.P.T.dP.P.G}$PEPTIDE1,PEPTIDE1,1:R1-7:R2$$$",-7.24600000,ok,,flexible
"PEPTIDE1{meL.P.Me_Phe(3-Cl).P.V.F.dP}$PEPTIDE1,PEPTIDE1,1:R1-7:R2$$$",-7.32400000,ok,,flexible
"PEPTIDE1{Mono6.Asp_piperidide.P.dP.dP.G.P}$PEPTIDE1,PEPTIDE1,1:R1-7:R2$$$",-7.02800000,ok,,flexible
"PEPTIDE1{Me_dA.Pr_Gly.meY.P.Me_dL.F.dP}$PEPTIDE1,PEPTIDE1,1:R1-7:R2$$$",-6.66100000,ok,,flexible
"PEPTIDE1{dP.P.Me_dA.Me_dL.meA.Y.P}$PEPTIDE1,PEPTIDE1,1:R1-7:R2$$$",-7.05000000,ok,,flexible
"PEPTIDE1{Me_Bal.A.Me_dL.F.dP.T.P}$PEPTIDE1,PEPTIDE1,1:R1-7:R2$$$",-6.49300000,ok,,flexible
"PEPTIDE1{Me_dA.meA.Me_dL.F.P.dP.dF}$PEPTIDE1,PEPTIDE1,1:R1-7:R2$$$",-6.99600000,ok,,flexible
"PEPTIDE1{Mono6.P.dP.meL.P.dL.A}$PEPTIDE1,PEPTIDE1,1:R1-7:R2$$$",-7.09300000,ok,,flexible
"PEPTIDE1{Me_Bal.P.P.L.Me_Phe(3-Cl).G.dP}$PEPTIDE1,PEPTIDE1,1:R1-7:R2$$$",-7.05500000,ok,,flexible
"PEPTIDE1{Mono6.meA.meY.P.Me_dL.D.Y}$PEPTIDE1,PEPTIDE1,1:R1-7:R2$$$",-7.18700000,ok,,flexible
"PEPTIDE1{meA.meL.P.meA.dV.A.meF}$PEPTIDE1,PEPTIDE1,1:R1-7:R2$$$",-7.10400000,ok,,flexible
"PEPTIDE1{A.P.F.T.dP.cHexCH2_Gly.I}$PEPTIDE1,PEPTIDE1,1:R1-7:R2$$$",-7.39900000,ok,,flexible
"PEPTIDE1{dP.A.G.dA.Sar.F.Pr_Gly}$PEPTIDE1,PEPTIDE1,1:R1-7:R2$$$",-7.10000000,ok,,flexible
"PEPTIDE1{Mono6.Me_Nle.Mono84.T.P.dP.L}$PEPTIDE1,PEPTIDE1,1:R1-7:R2$$$",-6.97800000,ok,,flexible
"PEPTIDE1{A.dP.T.L.F.G.meL}$PEPTIDE1,PEPTIDE1,1:R1-7:R2$$$",-7.06900000,ok,,flexible
"PEPTIDE1{Me_dA.meA.F.G.P.dP.Sar}$PEPTIDE1,PEPTIDE1,1:R1-7:R2$$$",-7.04000000,ok,,flexible
"PEPTIDE1{dA.meL.Phe(4-CF3).Sar.P.D.dP}$PEPTIDE1,PEPTIDE1,1:R1-7:R2$$$",-6.81500000,ok,,flexible
"PEPTIDE1{A.meA.P.Sar.P.F.Ser(tBu)}$PEPTIDE1,PEPTIDE1,1:R1-7:R2$$$",-7.04300000,ok,,flexible
"PEPTIDE1{Me_Bal.dP.F.Me_dL.V.P.T}$PEPTIDE1,PEPTIDE1,1:R1-7:R2$$$",-6.82400000,ok,,flexible
"PEPTIDE1{A.T.Me_dL.F.G.F.P}$PEPTIDE1,PEPTIDE1,1:R1-7:R2$$$",-6.12000000,ok,,flexible
"PEPTIDE1{P.meA.F.dP.meL.dA.dF}$PEPTIDE1,PEPTIDE1,1:R1-7:R2$$$",-7.02800000,ok,,flexible
"PEPTIDE1{Me_dA.P.F.dP.I.D.G}$PEPTIDE1,PEPTIDE1,1:R1-7:R2$$$",-6.99300000,ok,,flexible
"PEPTIDE1{Me_Bal.F.Phe(4-CF3).meL.F.P.dP}$PEPTIDE1,PEPTIDE1,1:R1-7:R2$$$",-7.01700000,ok,,flexible
"PEPTIDE1{A.dV.meL.I.P.meY.T}$PEPTIDE1,PEPTIDE1,1:R1-7:R2$$$",-5.87500000,ok,,flexible
"PEPTIDE1{Me_Bal.P.F.I.P.Y.dP}$PEPTIDE1,PEPTIDE1,1:R1-7:R2$$$",-6.88600000,ok,,flexible
"PEPTIDE1{dA.dF.T.F.dP.Me_dL.T}$PEPTIDE1,PEPTIDE1,1:R1-7:R2$$$",-7.21700000,ok,,flexible
"PEPTIDE1{Sar.P.meL.F.A.meA.V}$PEPTIDE1,PEPTIDE1,1:R1-7:R2$$$",-7.03400000,ok,,flexible
"PEPTIDE1{A.dP.P.meL.P.Me_dL.V}$PEPTIDE1,PEPTIDE1,1:R1-7:R2$$$",-7.09100000,ok,,flexible
"PEPTIDE1{A.Me_dA.meL.meA.dP.Y.meY}$PEPTIDE1,PEPTIDE1,1:R1-7:R2$$$",-7.04300000,ok,,flexible
"PEPTIDE1{dV.Me_Phe(3-Cl).meL.3Pal.L.A.Me_dL}$PEPTIDE1,PEPTIDE1,1:R1-7:R2$$$",-6.61200000,ok,,flexible
"PEPTIDE1{Me_dA.F.A.L.I.Mono86.T}$PEPTIDE1,PEPTIDE1,1:R1-7:R2$$$",-7.08600000,ok,,flexible
"PEPTIDE1{dV.dP.T.dP.D.P.P}$PEPTIDE1,PEPTIDE1,1:R1-7:R2$$$",-6.81200000,ok,,flexible
"PEPTIDE1{Mono6.T.P.Me_Phe(3-Cl).meL.L.dP}$PEPTIDE1,PEPTIDE1,1:R1-7:R2$$$",-6.88800000,ok,,flexible
"PEPTIDE1{F.Me_Nle.Me_dA.Me_Phe(3-Cl).dF.dP.P}$PEPTIDE1,PEPTIDE1,1:R1-7:R2$$$",-6.03100000,ok,,flexible
"PEPTIDE1{dV.meA.P.meL.dP.T.G}$PEPTIDE1,PEPTIDE1,1:R1-7:R2$$$",-6.97700000,ok,,flexible
"PEPTIDE1{dF.T.Me_dL.P.P.Me_Phe(3-Cl).dP}$PEPTIDE1,PEPTIDE1,1:R1-7:R2$$$",-7.12400000,ok,,flexible
"PEPTIDE1{A.meA.meL.P.V.P.F}$PEPTIDE1,PEPTIDE1,1:R1-7:R2$$$",-7.00900000,ok,,flexible
"PEPTIDE1{Me_dA.meA.P.Me_dL.T.I.Y}$PEPTIDE1,PEPTIDE1,1:R1-7:R2$$$",-5.92500000,ok,,flexible
"PEPTIDE1{A.P.P.V.T.meL.F}$PEPTIDE1,PEPTIDE1,1:R1-7:R2$$$",-6.43700000,ok,,flexible
"PEPTIDE1{dF.Ser(tBu).meA.T.F.dL.meL}$PEPTIDE1,PEPTIDE1,1:R1-7:R2$$$",-6.11900000,ok,,flexible
"PEPTIDE1{P.cHexCH2_Gly.L.dP.meL.dL.dP}$PEPTIDE1,PEPTIDE1,1:R1-7:R2$$$",-5.60700000,ok,,flexible
"PEPTIDE1{P.Me_dL.Me_dA.meL.V.G.I}$PEPTIDE1,PEPTIDE1,1:R1-7:R2$$$",-5.78000000,ok,,flexible
"PEPTIDE1{A.meF.Ser(tBu).L.T.Me_dL.P}$PEPTIDE1,PEPTIDE1,1:R1-7:R2$$$",-6.54000000,ok,,flexible
"PEPTIDE1{Me_Bal.Me_dL.F.G.meL.I.P}$PEPTIDE1,PEPTIDE1,1:R1-7:R2$$$",-5.85600000,ok,,flexible
"PEPTIDE1{Me_dA.meY.dP.Mono6.Me_dL.P.Y}$PEPTIDE1,PEPTIDE1,1:R1-7:R2$$$",-6.72200000,ok,,flexible
"PEPTIDE1{Me_Bal.T.P.dP.F.T.Me_dL}$PEPTIDE1,PEPTIDE1,1:R1-7:R2$$$",4.39900000,ok,,flexible
"PEPTIDE1{Me_Bal.dP.V.Me_dL.I.F.P}$PEPTIDE1,PEPTIDE1,1:R1-7:R2$$$",-6.27000000,ok,,flexible
"PEPTIDE1{dF.Ala(5-Tet).Mono6.Asp_piperidide.P.Me_Phe(3-Cl).T}$PEPTIDE1,PEPTIDE1,1:R1-7:R2$$$",-7.16100000,ok,,flexible
"PEPTIDE1{dV.A.meA.F.meL.T.dP}$PEPTIDE1,PEPTIDE1,1:R1-7:R2$$$",-6.78800000,ok,,flexible
"PEPTIDE1{meA.Me_dL.Me_dL.T.F.meL.G}$PEPTIDE1,PEPTIDE1,1:R1-7:R2$$$",-5.71100000,ok,,flexible
"PEPTIDE1{A.meL.P.L.F.Me_Phe(3-Cl).Me_dL}$PEPTIDE1,PEPTIDE1,1:R1-7:R2$$$",-5.92500000,ok,,flexible
"PEPTIDE1{Me_dA.P.T.P.V.I.meL}$PEPTIDE1,PEPTIDE1,1:R1-7:R2$$$",-6.11000000,ok,,flexible
"PEPTIDE1{Me_dA.meL.Mono6.dP.P.L.P}$PEPTIDE1,PEPTIDE1,1:R1-7:R2$$$",-6.81900000,ok,,flexible
"PEPTIDE1{dP.cHexCH2_Gly.meA.P.I.F.meL}$PEPTIDE1,PEPTIDE1,1:R1-7:R2$$$",-6.31800000,ok,,flexible
"PEPTIDE1{Me_Bal.T.F.dP.Me_Phe(3-Cl).Y.meL}$PEPTIDE1,PEPTIDE1,1:R1-7:R2$$$",-6.23000000,ok,,flexible
"PEPTIDE1{Me_dA.Me_dL.F.T.dP.P.I}$PEPTIDE1,PEPTIDE1,1:R1-7:R2$$$",-6.43700000,ok,,flexible
"PEPTIDE1{meA.T.P.V.meL.I.L}$PEPTIDE1,PEPTIDE1,1:R1-7:R2$$$",-5.88400000,ok,,flexible
"PEPTIDE1{Me_Bal.F.A.Me_dA.Asp_piperidide.Me_dL.dP}$PEPTIDE1,PEPTIDE1,1:R1-7:R2$$$",-6.15600000,ok,,flexible
"PEPTIDE1{L.Me_dAbu.P.meL.Phe(4-CF3).T.Sar}$PEPTIDE1,PEPTIDE1,1:R1-7:R2$$$",-6.99100000,ok,,flexible
"PEPTIDE1{A.Me_dL.meL.T.G.P.P}$PEPTIDE1,PEPTIDE1,1:R1-7:R2$$$",-6.30800000,ok,,flexible
"PEPTIDE1{Me_Bal.P.Me_dL.Me_Phe(3-Cl).P.meY.T}$PEPTIDE1,PEPTIDE1,1:R1-7:R2$$$",-7.25900000,ok,,flexible
"PEPTIDE1{dA.T.L.Ser(tBu).P.meA.Me_dL}$PEPTIDE1,PEPTIDE1,1:R1-7:R2$$$",-5.70100000,ok,,flexible
"PEPTIDE1{A.G.P.T.Me_dL.dP.Asp_piperidide}$PEPTIDE1,PEPTIDE1,1:R1-7:R2$$$",-6.82100000,ok,,flexible
"PEPTIDE1{A.L.dP.meL.Sar.meA.T}$PEPTIDE1,PEPTIDE1,1:R1-7:R2$$$",-6.13100000,ok,,flexible
"PEPTIDE1{dV.A.dF.G.P.T.meA}$PEPTIDE1,PEPTIDE1,1:R1-7:R2$$$",-6.40000000,ok,,flexible
"PEPTIDE1{dA.dP.P.pentyl_Gly.F.Ala(5-Tet).Me_Phe(3-Cl)}$PEPTIDE1,PEPTIDE1,1:R1-7:R2$$$",-6.32200000,ok,,flexible
"PEPTIDE1{Me_dA.dP.Et_Gly.P.Me_Phe(3-Cl).I.T}$PEPTIDE1,PEPTIDE1,1:R1-7:R2$$$",-6.84200000,ok,,flexible
"PEPTIDE1{Mono6.Me_dL.dP.dA.P.meL.meA}$PEPTIDE1,PEPTIDE1,1:R1-7:R2$$$",-6.34100000,ok,,flexible
"PEPTIDE1{F.Me_Nle.pentyl_Gly.cHexCH2_Gly.Ser(tBu).A.dL}$PEPTIDE1,PEPTIDE1,1:R1-7:R2$$$",-5.20400000,ok,,flexible
"PEPTIDE1{A.P.meL.L.meA.meA.Me_Phe(3-Cl)}$PEPTIDE1,PEPTIDE1,1:R1-7:R2$$$",-6.57800000,ok,,flexible
"PEPTIDE1{dA.T.V.dP.I.Me_dL.F}$PEPTIDE1,PEPTIDE1,1:R1-7:R2$$$",-5.97100000,ok,,flexible
"PEPTIDE1{Me_dA.Mono6.dP.T.P.meL.P}$PEPTIDE1,PEPTIDE1,1:R1-7:R2$$$",-6.54400000,ok,,flexible
"PEPTIDE1{Me_Bal.T.Me_dA.P.Y.meL.F}$PEPTIDE1,PEPTIDE1,1:R1-7:R2$$$",-6.43800000,ok,,flexible
"PEPTIDE1{dA.P.T.P.Me_dL.dP.meL}$PEPTIDE1,PEPTIDE1,1:R1-7:R2$$$",-6.28200000,ok,,flexible
"PEPTIDE1{Me_dA.I.A.T.F.P.Me_Phe(3-Cl)}$PEPTIDE1,PEPTIDE1,1:R1-7:R2$$$",-7.23800000,ok,,flexible
"PEPTIDE1{Mono6.Asp_piperidide.T.dP.G.F.meL}$PEPTIDE1,PEPTIDE1,1:R1-7:R2$$$",-6.66300000,ok,,flexible
"PEPTIDE1{Me_dA.dPye.Me_dL.meF.P.meL.G}$PEPTIDE1,PEPTIDE1,1:R1-7:R2$$$",-5.99900000,ok,,flexible
"PEPTIDE1{dV.meL.G.T.V.Sar.F}$PEPTIDE1,PEPTIDE1,1:R1-7:R2$$$",-6.32600000,ok,,flexible
"PEPTIDE1{dA.dP.Me_dA.F.Me_dL.V.I}$PEPTIDE1,PEPTIDE1,1:R1-7:R2$$$",-6.48500000,ok,,flexible
"PEPTIDE1{dA.dP.P.meL.T.F.I}$PEPTIDE1,PEPTIDE1,1:R1-7:R2$$$",-6.73400000,ok,,flexible
"PEPTIDE1{Me_dA.Pr_Gly.Me_dL.F.Asp_piperidide.dP.P}$PEPTIDE1,PEPTIDE1,1:R1-7:R2$$$",-6.00100000,ok,,flexible
"PEPTIDE1{dV.P.dP.F.G.G.Me_Phe(3-Cl)}$PEPTIDE1,PEPTIDE1,1:R1-7:R2$$$",-6.50300000,ok,,flexible
"PEPTIDE1{dV.P.T.meL.I.G.P}$PEPTIDE1,PEPTIDE1,1:R1-7:R2$$$",-5.52400000,ok,,flexible
"PEPTIDE1{Mono6.meL.Me_Phe(3-Cl).dP.P.F.G}$PEPTIDE1,PEPTIDE1,1:R1-7:R2$$$",-7.25500000,ok,,flexible
"PEPTIDE1{Mono6.meF.A.meL.I.meA.L}$PEPTIDE1,PEPTIDE1,1:R1-7:R2$$$",-6.28000000,ok,,flexible
"PEPTIDE1{dP.Me_dA.P.dF.T.Me_dL.meA}$PEPTIDE1,PEPTIDE1,1:R1-7:R2$$$",-6.46000000,ok,,flexible
"PEPTIDE1{Me_Bal.cHexCH2_Gly.I.T.Me_Phe(3-Cl).meA.L}$PEPTIDE1,PEPTIDE1,1:R1-7:R2$$$",-6.69700000,ok,,flexible
"PEPTIDE1{Sar.A.L.V.T.P.T}$PEPTIDE1,PEPTIDE1,1:R1-7:R2$$$",-6.59500000,ok,,flexible
"PEPTIDE1{dF.Me_dL.Asp_piperidide.T.Me_Phe(3-Cl).meL.G}$PEPTIDE1,PEPTIDE1,1:R1-7:R2$$$",-6.00600000,ok,,flexible
"PEPTIDE1{Mono6.A.meL.pentyl_Gly.dP.P.I}$PEPTIDE1,PEPTIDE1,1:R1-7:R2$$$",-5.81100000,ok,,flexible
"PEPTIDE1{Me_dA.L.A.cHexCH2_Gly.P.Mono86.Mono84}$PEPTIDE1,PEPTIDE1,1:R1-7:R2$$$",-7.17500000,ok,,flexible
"PEPTIDE1{dV.F.Me_dL.meA.A.T.dP}$PEPTIDE1,PEPTIDE1,1:R1-7:R2$$$",-7.01500000,ok,,flexible
"PEPTIDE1{Me_Bal.dP.meL.dP.T.Me_dL.F}$PEPTIDE1,PEPTIDE1,1:R1-7:R2$$$",-5.88300000,ok,,flexible
"PEPTIDE1{meA.cHexCH2_Gly.A.L.Mono86.Mono84.dP}$PEPTIDE1,PEPTIDE1,1:R1-7:R2$$$",-6.63600000,ok,,flexible
"PEPTIDE1{Me_Bal.Pr_Gly.Me_dA.dL.dP.Me_dL.L}$PEPTIDE1,PEPTIDE1,1:R1-7:R2$$$",-5.38600000,ok,,flexible
"PEPTIDE1{Me_dA.Pr_Gly.F.meL.F.Me_Phe(3-Cl).Phe(4-CF3)}$PEPTIDE1,PEPTIDE1,1:R1-7:R2$$$",-5.71000000,ok,,flexible
"PEPTIDE1{meA.pentyl_Gly.I.Mono84.T.dL.L}$PEPTIDE1,PEPTIDE1,1:R1-7:R2$$$",-5.14700000,ok,,flexible
"PEPTIDE1{dF.T.P.P.Me_Phe(3-Cl).dP.F}$PEPTIDE1,PEPTIDE1,1:R1-7:R2$$$",-6.52900000,ok,,flexible
"PEPTIDE1{Me_dA.P.G.F.T.meA.L}$PEPTIDE1,PEPTIDE1,1:R1-7:R2$$$",-6.10700000,ok,,flexible
"PEPTIDE1{Me_Bal.P.F.P.I.dP.F}$PEPTIDE1,PEPTIDE1,1:R1-7:R2$$$",-6.47900000,ok,,flexible
"PEPTIDE1{Me_dA.meL.T.P.F.dL.I}$PEPTIDE1,PEPTIDE1,1:R1-7:R2$$$",-5.88200000,ok,,flexible
"PEPTIDE1{Me_dA.A.Pr_Gly.meF.meL.L.dP}$PEPTIDE1,PEPTIDE1,1:R1-7:R2$$$",-5.91100000,ok,,flexible
"PEPTIDE1{dV.meA.P.meY.Y.G.F}$PEPTIDE1,PEPTIDE1,1:R1-7:R2$$$",-7.23600000,ok,,flexible
"PEPTIDE1{dV.meL.P.Y.P.dP.meY}$PEPTIDE1,PEPTIDE1,1:R1-7:R2$$$",-7.05400000,ok,,flexible
"PEPTIDE1{dP.Pr_Gly.G.F.meL.L.Ser(tBu)}$PEPTIDE1,PEPTIDE1,1:R1-7:R2$$$",-5.43600000,ok,,flexible
"PEPTIDE1{A.F.meL.G.P.I.T}$PEPTIDE1,PEPTIDE1,1:R1-7:R2$$$",-6.89100000,ok,,flexible
"PEPTIDE1{Pr_Gly.meA.meL.dP.meY.Me_dL.Me_Phe(3-Cl)}$PEPTIDE1,PEPTIDE1,1:R1-7:R2$$$",-5.63100000,ok,,flexible
"PEPTIDE1{F.meL.P.cHexCH2_Gly.L.dP.Nle}$PEPTIDE1,PEPTIDE1,1:R1-7:R2$$$",-6.45700000,ok,,flexible
"PEPTIDE1{meA.dP.dP.A.L.T.T}$PEPTIDE1,PEPTIDE1,1:R1-7:R2$$$",-6.81500000,ok,,flexible
"PEPTIDE1{A.Me_dL.I.Ser(tBu).V.T.F}$PEPTIDE1,PEPTIDE1,1:R1-7:R2$$$",-5.64900000,ok,,flexible
"PEPTIDE1{dP.A.Ser(tBu).L.dF.dL.I}$PEPTIDE1,PEPTIDE1,1:R1-7:R2$$$",-5.73600000,ok,,flexible
"PEPTIDE1{dV.dP.P.Ser(tBu).F.L.T}$PEPTIDE1,PEPTIDE1,1:R1-7:R2$$$",-5.26500000,ok,,flexible
"PEPTIDE1{Me_dA.F.dP.pentyl_Gly.P.G.meL}$PEPTIDE1,PEPTIDE1,1:R1-7:R2$$$",-6.30300000,ok,,flexible
"PEPTIDE1{dF.P.Et_Gly.dP.T.I.F}$PEPTIDE1,PEPTIDE1,1:R1-7:R2$$$",-6.50700000,ok,,flexible
"PEPTIDE1{A.meA.G.dP.meL.Me_dL.F}$PEPTIDE1,PEPTIDE1,1:R1-7:R2$$$",-6.56300000,ok,,flexible
"PEPTIDE1{A.meA.meL.I.V.F.P}$PEPTIDE1,PEPTIDE1,1:R1-7:R2$$$",-6.69800000,ok,,flexible
"PEPTIDE1{Me_dA.P.Me_dL.dL.meY.dP.F}$PEPTIDE1,PEPTIDE1,1:R1-7:R2$$$",-6.63400000,ok,,flexible
"PEPTIDE1{dF.I.G.dL.L.A.T}$PEPTIDE1,PEPTIDE1,1:R1-7:R2$$$",-5.92100000,ok,,flexible
"PEPTIDE1{dP.L.G.dL.Me_dL.meL.F}$PEPTIDE1,PEPTIDE1,1:R1-7:R2$$$",-5.54000000,ok,,flexible
"PEPTIDE1{A.meL.dP.F.T.P.meF}$PEPTIDE1,PEPTIDE1,1:R1-7:R2$$$",-7.32000000,ok,,flexible
"PEPTIDE1{meA.G.T.Me_dL.P.I.F}$PEPTIDE1,PEPTIDE1,1:R1-7:R2$$$",-6.50700000,ok,,flexible
"PEPTIDE1{dF.L.I.meL.dL.3Pal.Mono86}$PEPTIDE1,PEPTIDE1,1:R1-7:R2$$$",-5.24000000,ok,,flexible
"PEPTIDE1{F.P.dP.I.meL.V.A}$PEPTIDE1,PEPTIDE1,1:R1-7:R2$$$",-6.78900000,ok,,flexible
"PEPTIDE1{Me_Bal.Me_dL.dP.Me_dAbu.dP.P.meL}$PEPTIDE1,PEPTIDE1,1:R1-7:R2$$$",-6.24600000,ok,,flexible
"PEPTIDE1{Me_Bal.D.meL.Sar.dP.G.I}$PEPTIDE1,PEPTIDE1,1:R1-7:R2$$$",-6.17700000,ok,,flexible
"PEPTIDE1{dF.P.Me_dL.meY.Mono6.Me_dA.P}$PEPTIDE1,PEPTIDE1,1:R1-7:R2$$$",-6.98800000,ok,,flexible
"PEPTIDE1{A.meL.meA.F.V.I.meL}$PEPTIDE1,PEPTIDE1,1:R1-7:R2$$$",-5.41600000,ok,,flexible
"PEPTIDE1{Me_dA.Me_dL.dP.T.P.V.meA}$PEPTIDE1,PEPTIDE1,1:R1-7:R2$$$",-6.25400000,ok,,flexible
"PEPTIDE1{A.P.Me_dA.meL.L.dL.Me_Phe(3-Cl)}$PEPTIDE1,PEPTIDE1,1:R1-7:R2$$$",-6.41300000,ok,,flexible
"PEPTIDE1{meA.G.F.V.dP.meL.D}$PEPTIDE1,PEPTIDE1,1:R1-7:R2$$$",-6.40100000,ok,,flexible
"PEPTIDE1{A.meA.P.T.G.P.dP}$PEPTIDE1,PEPTIDE1,1:R1-7:R2$$$",-6.70800000,ok,,flexible
"PEPTIDE1{Mono6.dP.Asp_piperidide.P.D.G.T}$PEPTIDE1,PEPTIDE1,1:R1-7:R2$$$",-6.56300000,ok,,flexible
"PEPTIDE1{Pr_Gly.Me_dA.dP.meY.P.meL.P}$PEPTIDE1,PEPTIDE1,1:R1-7:R2$$$",-6.32900000,ok,,flexible
"PEPTIDE1{Me_dA.L.I.A.meF.meL.T}$PEPTIDE1,PEPTIDE1,1:R1-7:R2$$$",-5.39600000,ok,,flexible
"PEPTIDE1{Me_Bal.pentyl_Gly.Mono84.A.I.F.P}$PEPTIDE1,PEPTIDE1,1:R1-7:R2$$$",-7.01200000,ok,,flexible
"PEPTIDE1{Mono6.D.G.Sar.F.P.I}$PEPTIDE1,PEPTIDE1,1:R1-7:R2$$$",-6.24500000,ok,,flexible
"PEPTIDE1{Mono6.F.Me_dL.T.Y.meL.P}$PEPTIDE1,PEPTIDE1,1:R1-7:R2$$$",-6.54900000,ok,,flexible
"PEPTIDE1{dP.A.Me_dL.T.meY.F.P}$PEPTIDE1,PEPTIDE1,1:R1-7:R2$$$",-6.46100000,ok,,flexible
"PEPTIDE1{meA.P.I.T.meL.D.F}$PEPTIDE1,PEPTIDE1,1:R1-7:R2$$$",-5.60400000,ok,,flexible
"PEPTIDE1{dA.meL.D.I.3Pal.dP.T}$PEPTIDE1,PEPTIDE1,1:R1-7:R2$$$",-6.39300000,ok,,flexible
"PEPTIDE1{dV.P.G.I.F.T.dP}$PEPTIDE1,PEPTIDE1,1:R1-7:R2$$$",-6.42300000,ok,,flexible
"PEPTIDE1{meA.A.L.V.P.L.F}$PEPTIDE1,PEPTIDE1,1:R1-7:R2$$$",-6.44600000,ok,,flexible
"PEPTIDE1{Me_Bal.Me_dA.F.I.G.Ser(tBu).Me_dL}$PEPTIDE1,PEPTIDE1,1:R1-7:R2$$$",-6.00200000,ok,,flexible
"PEPTIDE1{Me_dA.meL.P.Me_Phe(3-Cl).Nle.A.L}$PEPTIDE1,PEPTIDE1,1:R1-7:R2$$$",-5.74500000,ok,,flexible
"PEPTIDE1{dV.dL.dP.T.T.F.I}$PEPTIDE1,PEPTIDE1,1:R1-7:R2$$$",-5.98300000,ok,,flexible
"PEPTIDE1{L.dP.P.T.F.Me_Phe(3-Cl).P}$PEPTIDE1,PEPTIDE1,1:R1-7:R2$$$",-6.96600000,ok,,flexible
"PEPTIDE1{dA.Me_dL.T.Sar.L.Me_dA.meL}$PEPTIDE1,PEPTIDE1,1:R1-7:R2$$$",-5.45300000,ok,,flexible
"PEPTIDE1{A.dP.V.T.L.I.G}$PEPTIDE1,PEPTIDE1,1:R1-7:R2$$$",-5.73100000,ok,,flexible
"PEPTIDE1{A.dP.V.P.meL.T.I}$PEPTIDE1,PEPTIDE1,1:R1-7:R2$$$",-5.86900000,ok,,flexible
"PEPTIDE1{Me_dA.F.meL.P.T.I.G}$PEPTIDE1,PEPTIDE1,1:R1-7:R2$$$",-5.91100000,ok,,flexible
"PEPTIDE1{Me_Bal.P.meL.F.V.T.Me_Phe(3-Cl)}$PEPTIDE1,PEPTIDE1,1:R1-7:R2$$$",-6.23300000,ok,,flexible
"PEPTIDE1{dA.T.F.meL.G.D.I}$PEPTIDE1,PEPTIDE1,1:R1-7:R2$$$",-5.77600000,ok,,flexible
"PEPTIDE1{dV.meL.I.T.T.dP.G}$PEPTIDE1,PEPTIDE1,1:R1-7:R2$$$",-6.13100000,ok,,flexible
"PEPTIDE1{meA.Sar.meL.T.Me_dL.L.dP}$PEPTIDE1,PEPTIDE1,1:R1-7:R2$$$",-5.80100000,ok,,flexible
"PEPTIDE1{Me_Bal.dP.F.meL.P.Me_dL.I}$PEPTIDE1,PEPTIDE1,1:R1-7:R2$$$",-5.72600000,ok,,flexible
"PEPTIDE1{meA.Nle.T.P.G.dP.P}$PEPTIDE1,PEPTIDE1,1:R1-7:R2$$$",-6.58100000,ok,,flexible
"PEPTIDE1{Me_dA.T.meL.P.I.T.L}$PEPTIDE1,PEPTIDE1,1:R1-7:R2$$$",-5.73600000,ok,,flexible
"PEPTIDE1{meA.L.A.pentyl_Gly.T.F.dP}$PEPTIDE1,PEPTIDE1,1:R1-7:R2$$$",-6.11600000,ok,,flexible
"PEPTIDE1{Pr_Gly.meL.dP.F.dP.I.G}$PEPTIDE1,PEPTIDE1,1:R1-7:R2$$$",-6.20400000,ok,,flexible
"PEPTIDE1{meA.F.Ser(tBu).P.T.meL.Me_dA}$PEPTIDE1,PEPTIDE1,1:R1-7:R2$$$",-5.95300000,ok,,flexible
"PEPTIDE1{P.Me_dA.T.Y.meY.dP.meL}$PEPTIDE1,PEPTIDE1,1:R1-7:R2$$$",-6.56000000,ok,,flexible
"PEPTIDE1{meA.A.Me_dL.T.L.dF.meL}$PEPTIDE1,PEPTIDE1,1:R1-7:R2$$$",-5.89600000,ok,,flexible
"PEPTIDE1{dP.dV.P.L.I.T.dP}$PEPTIDE1,PEPTIDE1,1:R1-7:R2$$$",-5.94700000,ok,,flexible
"PEPTIDE1{dA.T.F.F.D.G.dP}$PEPTIDE1,PEPTIDE1,1:R1-7:R2$$$",-6.71500000,ok,,flexible
"PEPTIDE1{dV.F.T.G.P.P.meL}$PEPTIDE1,PEPTIDE1,1:R1-7:R2$$$",-6.54500000,ok,,flexible
"PEPTIDE1{dF.T.P.P.meL.dP.V}$PEPTIDE1,PEPTIDE1,1:R1-7:R2$$$",-6.61500000,ok,,flexible
"PEPTIDE1{Me_dA.P.T.meA.G.Me_dL.A}$PEPTIDE1,PEPTIDE1,1:R1-7:R2$$$",-6.38300000,ok,,flexible
"PEPTIDE1{dF.P.P.T.F.dP.T}$PEPTIDE1,PEPTIDE1,1:R1-7:R2$$$",-7.88600000,ok,,flexible
"PEPTIDE1{Me_Bal.dPye.Me_dA.meL.meY.Y.dP}$PEPTIDE1,PEPTIDE1,1:R1-7:R2$$$",-7.72300000,ok,,flexible
"PEPTIDE1{meA.F.meL.G.P.dP.G}$PEPTIDE1,PEPTIDE1,1:R1-7:R2$$$",-7.17700000,ok,,flexible
"PEPTIDE1{Me_dA.L.T.dP.A.dL.meA}$PEPTIDE1,PEPTIDE1,1:R1-7:R2$$$",-6.19300000,ok,,flexible
"PEPTIDE1{Me_dA.Mono38.F.P.Mono84.A.3Pal}$PEPTIDE1,PEPTIDE1,1:R1-7:R2$$$",-6.49400000,ok,,flexible
"PEPTIDE1{dA.dP.Pr_Gly.A.meL.meA.T}$PEPTIDE1,PEPTIDE1,1:R1-7:R2$$$",-6.55900000,ok,,flexible
"PEPTIDE1{Mono6.meL.Y.dP.Asp_piperidide.F.Me_dL}$PEPTIDE1,PEPTIDE1,1:R1-7:R2$$$",-6.54400000,ok,,flexible
"PEPTIDE1{dF.Ser(tBu).P.T.A.L.F}$PEPTIDE1,PEPTIDE1,1:R1-7:R2$$$",-5.93800000,ok,,flexible
"PEPTIDE1{Me_Bal.Me_dL.dP.I.T.T.dA}$PEPTIDE1,PEPTIDE1,1:R1-7:R2$$$",-6.12400000,ok,,flexible
"PEPTIDE1{dV.Sar.dP.P.Phe(4-CF3).dP.G}$PEPTIDE1,PEPTIDE1,1:R1-7:R2$$$",-7.67800000,ok,,flexible
"PEPTIDE1{dV.L.Mono84.P.F.T.Me_Phe(3-Cl)}$PEPTIDE1,PEPTIDE1,1:R1-7:R2$$$",-6.29100000,ok,,flexible
"PEPTIDE1{dA.Bn_Gly.T.Me_dL.P.dP.meL}$PEPTIDE1,PEPTIDE1,1:R1-7:R2$$$",-6.10500000,ok,,flexible
"PEPTIDE1{meA.dP.L.P.dP.dL.F}$PEPTIDE1,PEPTIDE1,1:R1-7:R2$$$",-5.97900000,ok,,flexible
"PEPTIDE1{Me_Bal.meL.F.P.Mono84.A.I}$PEPTIDE1,PEPTIDE1,1:R1-7:R2$$$",-7.33600000,ok,,flexible
"PEPTIDE1{Me_dA.meY.Y.Me_dL.T.P.P}$PEPTIDE1,PEPTIDE1,1:R1-7:R2$$$",-7.12500000,ok,,flexible
"PEPTIDE1{meA.Me_dA.A.Me_Phe(3-Cl).A.F.T}$PEPTIDE1,PEPTIDE1,1:R1-7:R2$$$",-6.60200000,ok,,flexible
"PEPTIDE1{dF.T.P.Me_Phe(3-Cl).I.F.Me_dL}$PEPTIDE1,PEPTIDE1,1:R1-7:R2$$$",-6.35900000,ok,,flexible
"PEPTIDE1{dA.dP.F.P.Mono78.A.Mono90}$PEPTIDE1,PEPTIDE1,1:R1-7:R2$$$",-7.95900000,ok,,flexible
"PEPTIDE1{dA.meA.dF.F.dP.meL.T}$PEPTIDE1,PEPTIDE1,1:R1-7:R2$$$",-6.05400000,ok,,flexible
"PEPTIDE1{dA.meL.F.L.meF.Me_Phe(3-Cl).dP}$PEPTIDE1,PEPTIDE1,1:R1-7:R2$$$",-6.74100000,ok,,flexible
"PEPTIDE1{Mono6.P.Me_Phe(3-Cl).I.F.P.G}$PEPTIDE1,PEPTIDE1,1:R1-7:R2$$$",-6.83500000,ok,,flexible
"PEPTIDE1{Me_dA.T.Nle.dP.I.Me_Phe(3-Cl).G}$PEPTIDE1,PEPTIDE1,1:R1-7:R2$$$",-5.89300000,ok,,flexible
"PEPTIDE1{dA.dP.T.F.meL.Me_Phe(3-Cl).G}$PEPTIDE1,PEPTIDE1,1:R1-7:R2$$$",-6.61500000,ok,,flexible
"PEPTIDE1{Me_Bal.meL.dP.T.P.Me_Phe(3-Cl).G}$PEPTIDE1,PEPTIDE1,1:R1-7:R2$$$",-6.17100000,ok,,flexible
"PEPTIDE1{Me_Bal.meA.T.A.V.L.F}$PEPTIDE1,PEPTIDE1,1:R1-7:R2$$$",-6.73000000,ok,,flexible
"PEPTIDE1{dA.Me_dA.F.meL.meA.V.T}$PEPTIDE1,PEPTIDE1,1:R1-7:R2$$$",-6.56000000,ok,,flexible
"PEPTIDE1{Me_Bal.Me_dAbu.A.Sar.T.Me_dL.L}$PEPTIDE1,PEPTIDE1,1:R1-7:R2$$$",-5.79500000,ok,,flexible
"PEPTIDE1{Me_dA.P.P.Me_dL.T.T.V}$PEPTIDE1,PEPTIDE1,1:R1-7:R2$$$",-6.31600000,ok,,flexible
"PEPTIDE1{dV.Me_Phe(3-Cl).I.P.L.P.meL}$PEPTIDE1,PEPTIDE1,1:R1-7:R2$$$",-6.43900000,ok,,flexible
"PEPTIDE1{Me_Bal.L.Me_Phe(3-Cl).dF.Me_dL.dP.Nle}$PEPTIDE1,PEPTIDE1,1:R1-7:R2$$$",-6.21500000,ok,,flexible
"PEPTIDE1{Pr_Gly.I.meA.T.V.F.P}$PEPTIDE1,PEPTIDE1,1:R1-7:R2$$$",-5.84700000,ok,,flexible
"PEPTIDE1{dA.F.dP.Pr_Gly.P.Me_dL.G}$PEPTIDE1,PEPTIDE1,1:R1-7:R2$$$",-7.30400000,ok,,flexible
"PEPTIDE1{P.A.V.meA.Ser(tBu).Me_dL.dP}$PEPTIDE1,PEPTIDE1,1:R1-7:R2$$$",-5.97800000,ok,,flexible
"PEPTIDE1{L.dP.P.G.meL.P.Me_Phe(3-Cl)}$PEPTIDE1,PEPTIDE1,1:R1-7:R2$$$",-6.61600000,ok,,flexible
"PEPTIDE1{dV.A.meL.T.I.Ser(tBu).P}$PEPTIDE1,PEPTIDE1,1:R1-7:R2$$$",-5.28300000,ok,,flexible
"PEPTIDE1{A.T.meL.L.P.V.dP}$PEPTIDE1,PEPTIDE1,1:R1-7:R2$$$",-6.11500000,ok,,flexible
"PEPTIDE1{A.meL.I.P.dP.Y.F}$PEPTIDE1,PEPTIDE1,1:R1-7:R2$$$",-6.81300000,ok,,flexible
"PEPTIDE1{dV.T.T.F.dP.D.G}$PEPTIDE1,PEPTIDE1,1:R1-7:R2$$$",-6.58200000,ok,,flexible
"PEPTIDE1{dP.G.A.Me_dL.V.I.meA}$PEPTIDE1,PEPTIDE1,1:R1-7:R2$$$",-6.89500000,ok,,flexible
"PEPTIDE1{Me_Bal.Bn_Gly.meA.dP.Me_dL.meY.F}$PEPTIDE1,PEPTIDE1,1:R1-7:R2$$$",-6.76000000,ok,,flexible
"PEPTIDE1{Me_dA.G.P.meL.T.Me_Phe(3-Cl).D}$PEPTIDE1,PEPTIDE1,1:R1-7:R2$$$",-6.95800000,ok,,flexible
"PEPTIDE1{F.dP.meL.G.T.Nle.I}$PEPTIDE1,PEPTIDE1,1:R1-7:R2$$$",-5.92100000,ok,,flexible
"PEPTIDE1{dA.meY.dP.Me_dL.dP.P.T}$PEPTIDE1,PEPTIDE1,1:R1-7:R2$$$",-6.92600000,ok,,flexible
"PEPTIDE1{dA.Me_dL.meY.Y.P.P.Me_dA}$PEPTIDE1,PEPTIDE1,1:R1-7:R2$$$",-7.14100000,ok,,flexible
"PEPTIDE1{Me_dA.dP.T.Me_dL.meL.P.dL}$PEPTIDE1,PEPTIDE1,1:R1-7:R2$$$",-6.40700000,ok,,flexible
"PEPTIDE1{dA.dP.F.meL.T.P.V}$PEPTIDE1,PEPTIDE1,1:R1-7:R2$$$",-6.68100000,ok,,flexible
"PEPTIDE1{A.meA.meL.F.Pr_Gly.Ser(tBu).G}$PEPTIDE1,PEPTIDE1,1:R1-7:R2$$$",-5.89100000,ok,,flexible
"PEPTIDE1{Me_Bal.T.P.dP.T.dP.Y}$PEPTIDE1,PEPTIDE1,1:R1-7:R2$$$",-6.43000000,ok,,flexible
"PEPTIDE1{dA.Me_dL.I.T.meL.P.Ser(tBu)}$PEPTIDE1,PEPTIDE1,1:R1-7:R2$$$",-4.98400000,ok,,flexible
"PEPTIDE1{meA.P.F.P.I.dP.Me_dL}$PEPTIDE1,PEPTIDE1,1:R1-7:R2$$$",-6.51800000,ok,,flexible
"PEPTIDE1{F.P.meL.P.L.Me_Phe(3-Cl).T}$PEPTIDE1,PEPTIDE1,1:R1-7:R2$$$",-7.10000000,ok,,flexible
"PEPTIDE1{Me_dA.T.I.F.P.L.Me_dL}$PEPTIDE1,PEPTIDE1,1:R1-7:R2$$$",-6.02300000,ok,,flexible
"PEPTIDE1{dP.meF.Ser(tBu).meA.Me_dA.Me_dL.dA}$PEPTIDE1,PEPTIDE1,1:R1-7:R2$$$",-6.90400000,ok,,flexible
"PEPTIDE1{meA.Ser(tBu).T.V.A.F.meF}$PEPTIDE1,PEPTIDE1,1:R1-7:R2$$$",-6.14500000,ok,,flexible
"PEPTIDE1{dA.T.I.L.dP.G.meL}$PEPTIDE1,PEPTIDE1,1:R1-7:R2$$$",-6.44900000,ok,,flexible
"PEPTIDE1{dA.meL.F.dL.I.Nle.P}$PEPTIDE1,PEPTIDE1,1:R1-7:R2$$$",-5.72200000,ok,,flexible
"PEPTIDE1{Me_dA.I.Mono38.L.F.Ser(tBu).meL}$PEPTIDE1,PEPTIDE1,1:R1-7:R2$$$",-5.44500000,ok,,flexible
"PEPTIDE1{Me_dA.meL.P.T.P.dP.G}$PEPTIDE1,PEPTIDE1,1:R1-7:R2$$$",-6.33700000,ok,,flexible
"PEPTIDE1{meA.dP.pentyl_Gly.Mono38.Bn_Gly.meL.F}$PEPTIDE1,PEPTIDE1,1:R1-7:R2$$$",-5.69500000,ok,,flexible
"PEPTIDE1{dA.F.P.V.meL.dP.T}$PEPTIDE1,PEPTIDE1,1:R1-7:R2$$$",-6.44300000,ok,,flexible
"PEPTIDE1{Me_Bal.Me_dA.Me_Phe(3-Cl).Asp_piperidide.meL.dP.G}$PEPTIDE1,PEPTIDE1,1:R1-7:R2$$$",-6.17000000,ok,,flexible
"PEPTIDE1{Me_Bal.Sar.T.Phe(4-CF3).P.meL.dP}$PEPTIDE1,PEPTIDE1,1:R1-7:R2$$$",-6.83400000,ok,,flexible
"PEPTIDE1{Mono6.meY.meL.dP.P.Me_dL.meY}$PEPTIDE1,PEPTIDE1,1:R1-7:R2$$$",-5.78100000,ok,,flexible
"PEPTIDE1{Me_Bal.T.dP.L.I.Ser(tBu).F}$PEPTIDE1,PEPTIDE1,1:R1-7:R2$$$",-5.97500000,ok,,flexible
"PEPTIDE1{dA.L.P.V.meA.meF.T}$PEPTIDE1,PEPTIDE1,1:R1-7:R2$$$",-6.91300000,ok,,flexible
"PEPTIDE1{Mono6.Me_dA.meL.meA.Y.dP.Me_dL}$PEPTIDE1,PEPTIDE1,1:R1-7:R2$$$",-6.04400000,ok,,flexible
"PEPTIDE1{dA.Me_dA.meF.F.P.Me_Phe(3-Cl).dP}$PEPTIDE1,PEPTIDE1,1:R1-7:R2$$$",-7.52500000,ok,,flexible
"PEPTIDE1{Sar.meA.P.T.pentyl_Gly.meF.L}$PEPTIDE1,PEPTIDE1,1:R1-7:R2$$$",-6.41100000,ok,,flexible
"PEPTIDE1{Mono6.P.F.Y.T.P.dP}$PEPTIDE1,PEPTIDE1,1:R1-7:R2$$$",-6.57900000,ok,,flexible
"PEPTIDE1{meA.P.F.A.T.dP.dL}$PEPTIDE1,PEPTIDE1,1:R1-7:R2$$$",-6.62000000,ok,,flexible
"PEPTIDE1{dV.G.Y.I.P.D.F}$PEPTIDE1,PEPTIDE1,1:R1-7:R2$$$",-6.51800000,ok,,flexible
"PEPTIDE1{meA.P.T.Me_dL.I.dP.meL}$PEPTIDE1,PEPTIDE1,1:R1-7:R2$$$",-5.88500000,ok,,flexible
"PEPTIDE1{Me_dA.Me_dAbu.T.meL.P.P.F}$PEPTIDE1,PEPTIDE1,1:R1-7:R2$$$",-6.07000000,ok,,flexible
"PEPTIDE1{Mono6.meL.T.T.Me_dL.Me_Phe(3-Cl).P}$PEPTIDE1,PEPTIDE1,1:R1-7:R2$$$",-6.05700000,ok,,flexible
"PEPTIDE1{dA.meA.Pr_Gly.F.G.dP.T}$PEPTIDE1,PEPTIDE1,1:R1-7:R2$$$",-6.11700000,ok,,flexible
"PEPTIDE1{dA.F.L.meL.meA.Me_dA.dV}$PEPTIDE1,PEPTIDE1,1:R1-7:R2$$$",-6.16300000,ok,,flexible
"PEPTIDE1{meA.I.P.P.T.Y.G}$PEPTIDE1,PEPTIDE1,1:R1-7:R2$$$",-7.39900000,ok,,flexible
"PEPTIDE1{dV.F.P.P.T.D.dP}$PEPTIDE1,PEPTIDE1,1:R1-7:R2$$$",-6.87300000,ok,,flexible
"PEPTIDE1{meA.G.I.D.P.F.G}$PEPTIDE1,PEPTIDE1,1:R1-7:R2$$$",-6.39200000,ok,,flexible
"PEPTIDE1{Pr_Gly.P.dP.Ser(tBu).T.I.I}$PEPTIDE1,PEPTIDE1,1:R1-7:R2$$$",-5.46100000,ok,,flexible
"PEPTIDE1{meA.dF.T.dP.F.T.meL}$PEPTIDE1,PEPTIDE1,1:R1-7:R2$$$",-5.62700000,ok,,flexible
"PEPTIDE1{dV.P.P.Me_dL.meL.dP.Me_Phe(3-Cl)}$PEPTIDE1,PEPTIDE1,1:R1-7:R2$$$",-5.97900000,ok,,flexible
"PEPTIDE1{meA.Me_dL.P.P.F.G.P}$PEPTIDE1,PEPTIDE1,1:R1-7:R2$$$",-6.74900000,ok,,flexible
"PEPTIDE1{dV.T.dP.I.F.L.P}$PEPTIDE1,PEPTIDE1,1:R1-7:R2$$$",-5.93100000,ok,,flexible
"PEPTIDE1{Me_dA.L.Me_Phe(3-Cl).Me_Phe(3-Cl).Nle.meL.dP}$PEPTIDE1,PEPTIDE1,1:R1-7:R2$$$",-5.75100000,ok,,flexible
"PEPTIDE1{dP.G.T.meA.Me_Phe(3-Cl).I.Me_dL}$PEPTIDE1,PEPTIDE1,1:R1-7:R2$$$",-5.81100000,ok,,flexible
"PEPTIDE1{Me_dA.meA.meL.L.F.dP.P}$PEPTIDE1,PEPTIDE1,1:R1-7:R2$$$",-6.38500000,ok,,flexible
"PEPTIDE1{A.dP.V.I.meL.L.T}$PEPTIDE1,PEPTIDE1,1:R1-7:R2$$$",-5.87900000,ok,,flexible
"PEPTIDE1{dV.Asp_piperidide.Mono7.Mono100.P.T.dP}$PEPTIDE1,PEPTIDE1,1:R1-7:R2$$$",-6.40700000,ok,,flexible
"PEPTIDE1{Me_Bal.T.meL.Me_Phe(3-Cl).G.Me_dL.I}$PEPTIDE1,PEPTIDE1,1:R1-7:R2$$$",-5.71500000,ok,,flexible
"PEPTIDE1{dV.Me_dA.Ser(tBu).Mono84.meL.L.T}$PEPTIDE1,PEPTIDE1,1:R1-7:R2$$$",-5.06600000,ok,,flexible
"PEPTIDE1{A.L.T.T.dF.meA.dP}$PEPTIDE1,PEPTIDE1,1:R1-7:R2$$$",-6.04600000,ok,,flexible
"PEPTIDE1{dF.dP.P.P.meL.F.I}$PEPTIDE1,PEPTIDE1,1:R1-7:R2$$$",-6.47400000,ok,,flexible
"PEPTIDE1{F.Me_Phe(3-Cl).G.I.meL.G.F}$PEPTIDE1,PEPTIDE1,1:R1-7:R2$$$",-6.89600000,ok,,flexible
"PEPTIDE1{dA.Sar.T.T.meL.dP.P}$PEPTIDE1,PEPTIDE1,1:R1-7:R2$$$",-6.49800000,ok,,flexible
"PEPTIDE1{meA.P.Me_dL.dA.A.T.meF}$PEPTIDE1,PEPTIDE1,1:R1-7:R2$$$",-6.83300000,ok,,flexible
"PEPTIDE1{dV.P.F.T.Me_dL.D.V}$PEPTIDE1,PEPTIDE1,1:R1-7:R2$$$",-5.89900000,ok,,flexible
"PEPTIDE1{Me_dA.T.F.meL.Me_dL.P.I}$PEPTIDE1,PEPTIDE1,1:R1-7:R2$$$",-6.45000000,ok,,flexible
"PEPTIDE1{meA.Sar.A.Ser(tBu).I.L.T}$PEPTIDE1,PEPTIDE1,1:R1-7:R2$$$",-5.57700000,ok,,flexible
"PEPTIDE1{meA.T.F.dP.I.dF.meV}$PEPTIDE1,PEPTIDE1,1:R1-7:R2$$$",-7.37300000,ok,,flexible
"PEPTIDE1{Mono6.D.P.P.F.T.G}$PEPTIDE1,PEPTIDE1,1:R1-7:R2$$$",-6.88400000,ok,,flexible
"PEPTIDE1{Me_Bal.dP.Me_Phe(3-Cl).G.meL.P.P}$PEPTIDE1,PEPTIDE1,1:R1-7:R2$$$",-6.94200000,ok,,flexible
"PEPTIDE1{Me_Bal.D.Me_dL.T.F.meL.V}$PEPTIDE1,PEPTIDE1,1:R1-7:R2$$$",-5.71600000,ok,,flexible
"PEPTIDE1{dF.pentyl_Gly.cHexCH2_Gly.A.T.meA.meL}$PEPTIDE1,PEPTIDE1,1:R1-7:R2$$$",-5.62700000,ok,,flexible
"PEPTIDE1{Me_Bal.I.Mono84.L.T.meA.Mono78}$PEPTIDE1,PEPTIDE1,1:R1-7:R2$$$",-5.81500000,ok,,flexible
"PEPTIDE1{Me_dA.P.T.I.P.V.G}$PEPTIDE1,PEPTIDE1,1:R1-7:R2$$$",-6.62800000,ok,,flexible
"PEPTIDE1{dF.Ser(tBu).T.F.T.I.dP}$PEPTIDE1,PEPTIDE1,1:R1-7:R2$$$",-6.06300000,ok,,flexible
"PEPTIDE1{dF.L.F.P.P.Me_Phe(3-Cl).dP}$PEPTIDE1,PEPTIDE1,1:R1-7:R2$$$",-7.02600000,ok,,flexible
"PEPTIDE1{dV.Me_dA.P.dF.T.L.meL}$PEPTIDE1,PEPTIDE1,1:R1-7:R2$$$",-6.44500000,ok,,flexible
"PEPTIDE1{A.meL.T.Me_dL.Phe(4-CF3).G.P}$PEPTIDE1,PEPTIDE1,1:R1-7:R2$$$",-6.28200000,ok,,flexible
"PEPTIDE1{Mono6.I.pentyl_Gly.Mono38.A.T.G}$PEPTIDE1,PEPTIDE1,1:R1-7:R2$$$",-5.62100000,ok,,flexible
"PEPTIDE1{P.A.F.T.dF.P.dF}$PEPTIDE1,PEPTIDE1,1:R1-7:R2$$$",-6.72300000,ok,,flexible
"PEPTIDE1{dF.T.dP.Asp_piperidide.T.P.dP}$PEPTIDE1,PEPTIDE1,1:R1-7:R2$$$",-6.80300000,ok,,flexible
"PEPTIDE1{meA.meY.meL.F.P.P.dP}$PEPTIDE1,PEPTIDE1,1:R1-7:R2$$$",-6.88200000,ok,,flexible
"PEPTIDE1{Mono6.L.dP.meL.Sar.I.I}$PEPTIDE1,PEPTIDE1,1:R1-7:R2$$$",-5.92300000,ok,,flexible
"PEPTIDE1{Me_dA.meA.Me_dL.F.L.meL.P}$PEPTIDE1,PEPTIDE1,1:R1-7:R2$$$",-6.01100000,ok,,flexible
"PEPTIDE1{F.A.P.Pr_Gly.dP.Me_Phe(3-Cl).Asp_piperidide}$PEPTIDE1,PEPTIDE1,1:R1-7:R2$$$",-6.63700000,ok,,flexible
"PEPTIDE1{Me_Bal.F.Sar.G.Phe(4-CF3).P.dP}$PEPTIDE1,PEPTIDE1,1:R1-7:R2$$$",-7.88700000,ok,,flexible
"PEPTIDE1{Pr_Gly.T.P.F.G.Me_Phe(3-Cl).P}$PEPTIDE1,PEPTIDE1,1:R1-7:R2$$$",-6.84300000,ok,,flexible
"PEPTIDE1{Mono6.Mono38.Ser(tBu).L.I.Me_Phe(3-Cl).P}$PEPTIDE1,PEPTIDE1,1:R1-7:R2$$$",-6.08300000,ok,,flexible
"PEPTIDE1{meA.Mono38.L.F.Me_dL.meL.T}$PEPTIDE1,PEPTIDE1,1:R1-7:R2$$$",-5.42100000,ok,,flexible
"PEPTIDE1{meA.G.Me_Phe(3-Cl).F.Me_dL.P.T}$PEPTIDE1,PEPTIDE1,1:R1-7:R2$$$",-6.70700000,ok,,flexible
"PEPTIDE1{Pr_Gly.P.dP.Ser(tBu).dP.P.I}$PEPTIDE1,PEPTIDE1,1:R1-7:R2$$$",-6.02700000,ok,,flexible
"PEPTIDE1{Me_dA.D.P.T.F.Sar.I}$PEPTIDE1,PEPTIDE1,1:R1-7:R2$$$",-6.51900000,ok,,flexible
"PEPTIDE1{Me_Bal.P.dP.G.Me_dL.I.meL}$PEPTIDE1,PEPTIDE1,1:R1-7:R2$$$",-5.88000000,ok,,flexible
"PEPTIDE1{Me_Bal.meA.A.dL.T.dP.P}$PEPTIDE1,PEPTIDE1,1:R1-7:R2$$$",-6.38500000,ok,,flexible
"PEPTIDE1{Me_Bal.A.F.Ser(tBu).T.meA.Me_dL}$PEPTIDE1,PEPTIDE1,1:R1-7:R2$$$",-5.84200000,ok,,flexible
"PEPTIDE1{Pr_Gly.Asp_piperidide.Hyp(Et).dP.T.meL.Et_Gly}$PEPTIDE1,PEPTIDE1,1:R1-7:R2$$$",-5.41300000,ok,,flexible
"PEPTIDE1{F.I.Mono84.meL.Mono86.meA.Mono7}$PEPTIDE1,PEPTIDE1,1:R1-7:R2$$$",-6.41700000,ok,,flexible
"PEPTIDE1{dV.A.P.Me_dL.F.Pr_Gly.T}$PEPTIDE1,PEPTIDE1,1:R1-7:R2$$$",-6.09800000,ok,,flexible
"PEPTIDE1{dA.P.P.meL.F.D.I}$PEPTIDE1,PEPTIDE1,1:R1-7:R2$$$",-6.05400000,ok,,flexible
"PEPTIDE1{Mono6.meL.F.G.T.P.V}$PEPTIDE1,PEPTIDE1,1:R1-7:R2$$$",-6.27900000,ok,,flexible
"PEPTIDE1{Me_Bal.Me_dA.dP.meY.T.dP.Me_dL}$PEPTIDE1,PEPTIDE1,1:R1-7:R2$$$",-6.88500000,ok,,flexible
"PEPTIDE1{dF.T.dP.P.G.Me_Phe(3-Cl).P}$PEPTIDE1,PEPTIDE1,1:R1-7:R2$$$",-7.81400000,ok,,flexible
"PEPTIDE1{Me_dA.T.D.meL.dP.Phe(4-CF3).T}$PEPTIDE1,PEPTIDE1,1:R1-7:R2$$$",-5.98800000,ok,,flexible
"PEPTIDE1{dV.L.dP.F.P.meL.G}$PEPTIDE1,PEPTIDE1,1:R1-7:R2$$$",-6.17200000,ok,,flexible
"PEPTIDE1{A.Me_dL.T.L.F.V.dP}$PEPTIDE1,PEPTIDE1,1:R1-7:R2$$$",-5.97300000,ok,,flexible
"PEPTIDE1{dP.P.Me_dL.T.Y.P.meY}$PEPTIDE1,PEPTIDE1,1:R1-7:R2$$$",-7.12200000,ok,,flexible
"PEPTIDE1{A.T.D.F.P.P.Y}$PEPTIDE1,PEPTIDE1,1:R1-7:R2$$$",-6.66000000,ok,,flexible
"PEPTIDE1{dA.G.L.I.P.Sar.dP}$PEPTIDE1,PEPTIDE1,1:R1-7:R2$$$",-6.74400000,ok,,flexible
"PEPTIDE1{Mono6.T.Asp_piperidide.dP.F.G.P}$PEPTIDE1,PEPTIDE1,1:R1-7:R2$$$",-7.30300000,ok,,flexible
"PEPTIDE1{dF.meL.F.Y.Asp_piperidide.P.Me_Phe(3-Cl)}$PEPTIDE1,PEPTIDE1,1:R1-7:R2$$$",-6.85100000,ok,,flexible
"PEPTIDE1{dP.A.Me_dL.dA.meL.Me_Phe(3-Cl).P}$PEPTIDE1,PEPTIDE1,1:R1-7:R2$$$",-6.30600000,ok,,flexible
"PEPTIDE1{dA.Me_Phe(3-Cl).meL.I.I.F.P}$PEPTIDE1,PEPTIDE1,1:R1-7:R2$$$",-5.68800000,ok,,flexible
"PEPTIDE1{Me_dA.Mono84.meL.T.I.P.G}$PEPTIDE1,PEPTIDE1,1:R1-7:R2$$$",-6.76700000,ok,,flexible
"PEPTIDE1{Mono6.L.T.Phe(4-CF3).Et_Gly.meL.dP}$PEPTIDE1,PEPTIDE1,1:R1-7:R2$$$",-6.24800000,ok,,flexible
"PEPTIDE1{dV.Me_dL.P.T.G.F.Nle}$PEPTIDE1,PEPTIDE1,1:R1-7:R2$$$",-5.63500000,ok,,flexible
"PEPTIDE1{dA.Me_dL.meL.dP.Mono7.Mono6.T}$PEPTIDE1,PEPTIDE1,1:R1-7:R2$$$",-6.23900000,ok,,flexible
"PEPTIDE1{Me_Bal.Pr_Gly.Me_dA.dP.Me_Phe(3-Cl).Me_dL.P}$PEPTIDE1,PEPTIDE1,1:R1-7:R2$$$",-6.36900000,ok,,flexible
"PEPTIDE1{dA.pentyl_Gly.Me_Nle.T.P.dL.Ser(tBu)}$PEPTIDE1,PEPTIDE1,1:R1-7:R2$$$",-5.08200000,ok,,flexible
"PEPTIDE1{A.Pr_Gly.Me_dA.Me_dL.meL.P.F}$PEPTIDE1,PEPTIDE1,1:R1-7:R2$$$",-5.96500000,ok,,flexible
"PEPTIDE1{A.dP.P.meL.dP.T.F}$PEPTIDE1,PEPTIDE1,1:R1-7:R2$$$",-6.83300000,ok,,flexible
"PEPTIDE1{dA.Pr_Gly.Sar.P.F.G.Ser(tBu)}$PEPTIDE1,PEPTIDE1,1:R1-7:R2$$$",-6.70300000,ok,,flexible
"PEPTIDE1{A.Me_dA.V.meA.L.Ser(tBu).T}$PEPTIDE1,PEPTIDE1,1:R1-7:R2$$$",-5.66900000,ok,,flexible
"PEPTIDE1{Me_Bal.Me_Phe(3-Cl).I.meL.dP.T.G}$PEPTIDE1,PEPTIDE1,1:R1-7:R2$$$",-6.30100000,ok,,flexible
"PEPTIDE1{dA.T.T.I.F.P.V}$PEPTIDE1,PEPTIDE1,1:R1-7:R2$$$",-6.30300000,ok,,flexible
"PEPTIDE1{Mono6.A.L.P.dP.F.V}$PEPTIDE1,PEPTIDE1,1:R1-7:R2$$$",-6.25000000,ok,,flexible
"PEPTIDE1{dA.A.dP.dL.V.meA.T}$PEPTIDE1,PEPTIDE1,1:R1-7:R2$$$",-6.59400000,ok,,flexible
"PEPTIDE1{dA.Me_dA.P.F.T.A.Mono7}$PEPTIDE1,PEPTIDE1,1:R1-7:R2$$$",-7.42500000,ok,,flexible
"PEPTIDE1{A.F.F.V.Sar.L.meL}$PEPTIDE1,PEPTIDE1,1:R1-7:R2$$$",-6.16500000,ok,,flexible
"PEPTIDE1{Mono6.G.I.meL.P.F.Y}$PEPTIDE1,PEPTIDE1,1:R1-7:R2$$$",-6.42900000,ok,,flexible
"PEPTIDE1{Me_Bal.I.dP.P.P.F.meL}$PEPTIDE1,PEPTIDE1,1:R1-7:R2$$$",-6.60500000,ok,,flexible
"PEPTIDE1{A.meF.I.F.T.I.dP}$PEPTIDE1,PEPTIDE1,1:R1-7:R2$$$",-6.18800000,ok,,flexible
"PEPTIDE1{Mono6.meL.P.D.Asp_piperidide.P.Sar}$PEPTIDE1,PEPTIDE1,1:R1-7:R2$$$",-5.69500000,ok,,flexible
"PEPTIDE1{dV.A.P.T.meL.Me_dL.P}$PEPTIDE1,PEPTIDE1,1:R1-7:R2$$$",-5.85300000,ok,,flexible
"PEPTIDE1{Me_Bal.P.meL.F.dP.T.L}$PEPTIDE1,PEPTIDE1,1:R1-7:R2$$$",-6.02700000,ok,,flexible
"PEPTIDE1{Me_Bal.A.Mono86.Ser(tBu).Me_dL.T.Me_Phe(3-Cl)}$PEPTIDE1,PEPTIDE1,1:R1-7:R2$$$",-6.03000000,ok,,flexible
"PEPTIDE1{F.dP.T.meL.L.Mono84.P}$PEPTIDE1,PEPTIDE1,1:R1-7:R2$$$",-6.83900000,ok,,flexible
"PEPTIDE1{Me_dA.pentyl_Gly.I.Ser(tBu).meL.I.Mono84}$PEPTIDE1,PEPTIDE1,1:R1-7:R2$$$",-5.34800000,ok,,flexible
"PEPTIDE1{meA.T.P.meL.dP.Me_dL.F}$PEPTIDE1,PEPTIDE1,1:R1-7:R2$$$",-6.47400000,ok,,flexible
"PEPTIDE1{F.P.T.P.Me_Phe(3-Cl).T.Nle}$PEPTIDE1,PEPTIDE1,1:R1-7:R2$$$",-5.41800000,ok,,flexible
"PEPTIDE1{meA.P.G.D.F.I.meL}$PEPTIDE1,PEPTIDE1,1:R1-7:R2$$$",-5.77100000,ok,,flexible
"PEPTIDE1{dV.dP.T.meL.G.Phe(4-CF3).P}$PEPTIDE1,PEPTIDE1,1:R1-7:R2$$$",-7.23100000,ok,,flexible
"PEPTIDE1{Mono6.F.I.G.dP.Me_Phe(3-Cl).meL}$PEPTIDE1,PEPTIDE1,1:R1-7:R2$$$",-5.61700000,ok,,flexible
"PEPTIDE1{dF.Mono38.pentyl_Gly.I.L.dP.dL}$PEPTIDE1,PEPTIDE1,1:R1-7:R2$$$",-5.48800000,ok,,flexible
"PEPTIDE1{dA.dP.P.V.dV.meL.Me_dL}$PEPTIDE1,PEPTIDE1,1:R1-7:R2$$$",-5.96200000,ok,,flexible
"PEPTIDE1{dV.dF.dP.dP.meL.Et_Gly.Me_Phe(3-Cl)}$PEPTIDE1,PEPTIDE1,1:R1-7:R2$$$",-6.59000000,ok,,flexible
"PEPTIDE1{Me_dA.Pr_Gly.F.Pr_Gly.dF.meA.V}$PEPTIDE1,PEPTIDE1,1:R1-7:R2$$$",-6.08700000,ok,,flexible
"PEPTIDE1{dA.A.meL.dL.Me_Phe(3-Cl).P.F}$PEPTIDE1,PEPTIDE1,1:R1-7:R2$$$",-6.57200000,ok,,flexible
"PEPTIDE1{A.A.T.F.I.dP.P}$PEPTIDE1,PEPTIDE1,1:R1-7:R2$$$",-6.74900000,ok,,flexible
"PEPTIDE1{dV.dP.V.F.Me_dL.G.L}$PEPTIDE1,PEPTIDE1,1:R1-7:R2$$$",-5.92900000,ok,,flexible
"PEPTIDE1{dP.A.F.P.meL.P.Me_dL}$PEPTIDE1,PEPTIDE1,1:R1-7:R2$$$",-6.33900000,ok,,flexible
"PEPTIDE1{Mono6.P.cHexCH2_Gly.L.Mono84.Ser(tBu).I}$PEPTIDE1,PEPTIDE1,1:R1-7:R2$$$",-5.30500000,ok,,flexible
"PEPTIDE1{meA.meL.F.P.Phe(4-CF3).G.dP}$PEPTIDE1,PEPTIDE1,1:R1-7:R2$$$",-7.91000000,ok,,flexible
"PEPTIDE1{dV.dP.G.T.Sar.Me_Phe(3-Cl).Y}$PEPTIDE1,PEPTIDE1,1:R1-7:R2$$$",-6.56900000,ok,,flexible
"PEPTIDE1{dV.dA.A.Me_dL.Pr_Gly.F.dP}$PEPTIDE1,PEPTIDE1,1:R1-7:R2$$$",-6.48300000,ok,,flexible
"PEPTIDE1{L.Me_Phe(3-Cl).Phe(4-CF3).P.I.T.meL}$PEPTIDE1,PEPTIDE1,1:R1-7:R2$$$",-5.79900000,ok,,flexible
"PEPTIDE1{dV.Pr_Gly.I.G.T.P.Ser(tBu)}$PEPTIDE1,PEPTIDE1,1:R1-7:R2$$$",-5.58400000,ok,,flexible
"PEPTIDE1{Mono6.A.Me_dA.meL.L.dL.Ser(tBu)}$PEPTIDE1,PEPTIDE1,1:R1-7:R2$$$",-5.96100000,ok,,flexible
"PEPTIDE1{Pr_Gly.dA.Pr_Gly.Me_dL.Me_dA.P.meL}$PEPTIDE1,PEPTIDE1,1:R1-7:R2$$$",-5.48400000,ok,,flexible
"PEPTIDE1{Me_dA.Pr_Gly.Me_dL.meY.F.meL.P}$PEPTIDE1,PEPTIDE1,1:R1-7:R2$$$",-6.09600000,ok,,flexible
"PEPTIDE1{Pr_Gly.P.meL.P.I.P.V}$PEPTIDE1,PEPTIDE1,1:R1-7:R2$$$",-5.93400000,ok,,flexible
"PEPTIDE1{Mono6.meA.P.T.Sar.G.Me_dL}$PEPTIDE1,PEPTIDE1,1:R1-7:R2$$$",-7.06400000,ok,,flexible
"PEPTIDE1{Me_dA.meL.P.dP.Me_dL.F.P}$PEPTIDE1,PEPTIDE1,1:R1-7:R2$$$",-6.45900000,ok,,flexible
"PEPTIDE1{Me_Bal.T.F.meL.G.F.D}$PEPTIDE1,PEPTIDE1,1:R1-7:R2$$$",-6.03100000,ok,,flexible
"PEPTIDE1{dA.Pr_Gly.F.Me_dL.P.G.dP}$PEPTIDE1,PEPTIDE1,1:R1-7:R2$$$",-6.07900000,ok,,flexible
"PEPTIDE1{Me_Bal.T.P.F.P.meL.dP}$PEPTIDE1,PEPTIDE1,1:R1-7:R2$$$",-6.92800000,ok,,flexible
"PEPTIDE1{Me_Bal.G.A.F.I.T.T}$PEPTIDE1,PEPTIDE1,1:R1-7:R2$$$",-6.35800000,ok,,flexible
"PEPTIDE1{F.pentyl_Gly.P.L.T.Mono7.P}$PEPTIDE1,PEPTIDE1,1:R1-7:R2$$$",-5.58700000,ok,,flexible
"PEPTIDE1{Me_dA.F.P.meL.dP.G.Sar}$PEPTIDE1,PEPTIDE1,1:R1-7:R2$$$",-6.94200000,ok,,flexible
"PEPTIDE1{dV.Me_dA.T.dP.meL.Y.F}$PEPTIDE1,PEPTIDE1,1:R1-7:R2$$$",-6.35000000,ok,,flexible
"PEPTIDE1{Me_dA.dP.Me_dL.G.T.I.P}$PEPTIDE1,PEPTIDE1,1:R1-7:R2$$$",-7.01200000,ok,,flexible
"PEPTIDE1{Sar.P.F.Me_dL.dP.G.I}$PEPTIDE1,PEPTIDE1,1:R1-7:R2$$$",-6.26300000,ok,,flexible
"PEPTIDE1{Me_dA.P.Mono38.L.Mono86.A.Ser(tBu)}$PEPTIDE1,PEPTIDE1,1:R1-7:R2$$$",-5.18500000,ok,,flexible
"PEPTIDE1{dV.dA.dPye.dL.Me_dL.P.A}$PEPTIDE1,PEPTIDE1,1:R1-7:R2$$$",-6.69200000,ok,,flexible
"PEPTIDE1{meA.Mono38.3Pal.Me_Phe(3-Cl).F.L.I}$PEPTIDE1,PEPTIDE1,1:R1-7:R2$$$",-5.29400000,ok,,flexible
"PEPTIDE1{Me_Bal.Me_Nle.dP.meL.Nle.Me_dL.Pr_Gly}$PEPTIDE1,PEPTIDE1,1:R1-7:R2$$$",-5.40600000,ok,,flexible
"PEPTIDE1{Me_Bal.Sar.T.I.P.meA.Ser(tBu)}$PEPTIDE1,PEPTIDE1,1:R1-7:R2$$$",-5.92100000,ok,,flexible
"PEPTIDE1{meA.T.V.P.dP.I.T}$PEPTIDE1,PEPTIDE1,1:R1-7:R2$$$",-6.34200000,ok,,flexible
"PEPTIDE1{dA.dP.T.meL.I.F.T}$PEPTIDE1,PEPTIDE1,1:R1-7:R2$$$",-5.66200000,ok,,flexible
"PEPTIDE1{Me_Bal.P.Y.dP.meL.T.F}$PEPTIDE1,PEPTIDE1,1:R1-7:R2$$$",-6.52700000,ok,,flexible
"PEPTIDE1{Me_dA.dP.P.P.meL.T.I}$PEPTIDE1,PEPTIDE1,1:R1-7:R2$$$",-6.24000000,ok,,flexible
"PEPTIDE1{dA.A.meL.Ser(tBu).D.P.Sar}$PEPTIDE1,PEPTIDE1,1:R1-7:R2$$$",-6.22300000,ok,,flexible
"PEPTIDE1{Me_Bal.Me_dA.dL.T.F.Mono84.D}$PEPTIDE1,PEPTIDE1,1:R1-7:R2$$$",-6.17000000,ok,,flexible
"PEPTIDE1{meA.T.P.F.I.Phe(4-CF3).dP}$PEPTIDE1,PEPTIDE1,1:R1-7:R2$$$",-6.81500000,ok,,flexible
"PEPTIDE1{Me_Bal.T.meL.F.P.P.dP}$PEPTIDE1,PEPTIDE1,1:R1-7:R2$$$",-7.67000000,ok,,flexible
"PEPTIDE1{A.meL.P.Me_dL.T.T.P}$PEPTIDE1,PEPTIDE1,1:R1-7:R2$$$",-5.94300000,ok,,flexible
"PEPTIDE1{Mono6.T.Me_Phe(3-Cl).Nle.dP.dP.P}$PEPTIDE1,PEPTIDE1,1:R1-7:R2$$$",-6.75300000,ok,,flexible
"PEPTIDE1{Me_Bal.Pr_Gly.L.T.V.I.P}$PEPTIDE1,PEPTIDE1,1:R1-7:R2$$$",-5.72700000,ok,,flexible
"PEPTIDE1{Me_dA.Me_dL.Asp_piperidide.G.dP.Me_Phe(3-Cl).D}$PEPTIDE1,PEPTIDE1,1:R1-7:R2$$$",-6.17400000,ok,,flexible
"PEPTIDE1{Mono6.L.T.I.P.meL.Nle}$PEPTIDE1,PEPTIDE1,1:R1-7:R2$$$",-5.61100000,ok,,flexible
"PEPTIDE1{P.G.dP.meL.dL.dF.meA}$PEPTIDE1,PEPTIDE1,1:R1-7:R2$$$",-7.06600000,ok,,flexible
"PEPTIDE1{F.cHexCH2_Gly.P.I.T.P.Et_Gly}$PEPTIDE1,PEPTIDE1,1:R1-7:R2$$$",-6.14700000,ok,,flexible
"PEPTIDE1{A.P.T.meL.L.P.I}$PEPTIDE1,PEPTIDE1,1:R1-7:R2$$$",-6.04400000,ok,,flexible
"PEPTIDE1{F.T.V.L.Me_dL.P.I}$PEPTIDE1,PEPTIDE1,1:R1-7:R2$$$",-5.75200000,ok,,flexible
"PEPTIDE1{Me_dA.L.Ser(tBu).L.I.meA.T}$PEPTIDE1,PEPTIDE1,1:R1-7:R2$$$",-5.54900000,ok,,flexible
"PEPTIDE1{Pr_Gly.L.G.meL.Me_Phe(3-Cl).F.dP}$PEPTIDE1,PEPTIDE1,1:R1-7:R2$$$",-5.54600000,ok,,flexible
"PEPTIDE1{Mono6.L.dL.I.Mono84.Ser(tBu).D}$PEPTIDE1,PEPTIDE1,1:R1-7:R2$$$",-5.92700000,ok,,flexible
"PEPTIDE1{Me_Bal.F.dP.G.P.Y.dY}$PEPTIDE1,PEPTIDE1,1:R1-7:R2$$$",-6.96000000,ok,,flexible
"PEPTIDE1{Me_Bal.P.Me_dL.P.Me_Phe(3-Cl).V.meL}$PEPTIDE1,PEPTIDE1,1:R1-7:R2$$$",-6.30500000,ok,,flexible
"PEPTIDE1{dF.dP.P.G.dP.meL.P}$PEPTIDE1,PEPTIDE1,1:R1-7:R2$$$",-7.24500000,ok,,flexible
"PEPTIDE1{F.P.P.I.I.meL.dP}$PEPTIDE1,PEPTIDE1,1:R1-7:R2$$$",-5.81300000,ok,,flexible
"PEPTIDE1{dA.T.P.F.meL.I.P}$PEPTIDE1,PEPTIDE1,1:R1-7:R2$$$",-6.05000000,ok,,flexible
"PEPTIDE1{dV.meA.Me_dL.Sar.T.F.dP}$PEPTIDE1,PEPTIDE1,1:R1-7:R2$$$",-6.49400000,ok,,flexible
"PEPTIDE1{Mono6.A.Mono38.T.Ser(tBu).P.dP}$PEPTIDE1,PEPTIDE1,1:R1-7:R2$$$",-6.05200000,ok,,flexible
"PEPTIDE1{dV.L.A.Mono38.dP.dP.meA}$PEPTIDE1,PEPTIDE1,1:R1-7:R2$$$",-6.40800000,ok,,flexible
"PEPTIDE1{Me_Bal.meL.T.meY.dP.Me_dL.dP}$PEPTIDE1,PEPTIDE1,1:R1-7:R2$$$",-6.25900000,ok,,flexible
"PEPTIDE1{Me_dA.pentyl_Gly.Mono38.P.dP.L.T}$PEPTIDE1,PEPTIDE1,1:R1-7:R2$$$",-5.54400000,ok,,flexible
"PEPTIDE1{F.meA.G.meL.I.P.Me_Phe(3-Cl)}$PEPTIDE1,PEPTIDE1,1:R1-7:R2$$$",-6.38100000,ok,,flexible
"PEPTIDE1{dF.meY.dP.Asp_piperidide.T.P.meL}$PEPTIDE1,PEPTIDE1,1:R1-7:R2$$$",-6.83700000,ok,,flexible
"PEPTIDE1{F.Mono38.P.A.dP.dL.meL}$PEPTIDE1,PEPTIDE1,1:R1-7:R2$$$",-6.44200000,ok,,flexible
"PEPTIDE1{Mono6.Me_dL.Me_dA.L.dP.meY.T}$PEPTIDE1,PEPTIDE1,1:R1-7:R2$$$",-6.96700000,ok,,flexible
"PEPTIDE1{F.Ser(tBu).A.Asp_piperidide.L.Mono84.T}$PEPTIDE1,PEPTIDE1,1:R1-7:R2$$$",-6.31900000,ok,,flexible
"PEPTIDE1{dV.L.P.P.Me_Phe(3-Cl).T.I}$PEPTIDE1,PEPTIDE1,1:R1-7:R2$$$",-6.14900000,ok,,flexible
"PEPTIDE1{Me_Bal.cHexCH2_Gly.L.dP.Nle.Me_dL.dL}$PEPTIDE1,PEPTIDE1,1:R1-7:R2$$$",-5.50800000,ok,,flexible
"PEPTIDE1{Mono6.P.Me_Phe(3-Cl).P.G.dP.dP}$PEPTIDE1,PEPTIDE1,1:R1-7:R2$$$",-7.49300000,ok,,flexible
"PEPTIDE1{F.A.G.meL.dF.meA.dP}$PEPTIDE1,PEPTIDE1,1:R1-7:R2$$$",-6.48900000,ok,,flexible
"PEPTIDE1{dV.L.I.Mono84.T.dP.V}$PEPTIDE1,PEPTIDE1,1:R1-7:R2$$$",-6.20200000,ok,,flexible
"PEPTIDE1{Me_dA.meA.Pr_Gly.G.L.A.T}$PEPTIDE1,PEPTIDE1,1:R1-7:R2$$$",-5.76000000,ok,,flexible
"PEPTIDE1{Me_dA.pentyl_Gly.meL.P.Mono86.F.Ser(tBu)}$PEPTIDE1,PEPTIDE1,1:R1-7:R2$$$",-6.04500000,ok,,flexible
"PEPTIDE1{Me_dA.F.dP.P.L.A.G}$PEPTIDE1,PEPTIDE1,1:R1-7:R2$$$",-6.72700000,ok,,flexible
"PEPTIDE1{meA.Y.meL.F.Me_dL.dP.G}$PEPTIDE1,PEPTIDE1,1:R1-7:R2$$$",-6.73000000,ok,,flexible
"PEPTIDE1{Me_dA.I.Mono84.P.T.P.Et_Gly}$PEPTIDE1,PEPTIDE1,1:R1-7:R2$$$",-6.54300000,ok,,flexible
"PEPTIDE1{Me_Bal.P.F.T.dP.D.P}$PEPTIDE1,PEPTIDE1,1:R1-7:R2$$$",-7.01700000,ok,,flexible
"PEPTIDE1{dF.Y.dP.I.dY.F.P}$PEPTIDE1,PEPTIDE1,1:R1-7:R2$$$",-6.63800000,ok,,flexible
"PEPTIDE1{meA.dP.I.Me_Phe(3-Cl).P.G.F}$PEPTIDE1,PEPTIDE1,1:R1-7:R2$$$",-8.12500000,ok,,flexible
"PEPTIDE1{Me_dA.pentyl_Gly.A.meL.F.Sar.Me_Phe(3-Cl)}$PEPTIDE1,PEPTIDE1,1:R1-7:R2$$$",-5.88800000,ok,,flexible
"PEPTIDE1{F.pentyl_Gly.dP.meL.Mono78.Mono84.Mono86}$PEPTIDE1,PEPTIDE1,1:R1-7:R2$$$",-6.01000000,ok,,flexible
"PEPTIDE1{dP.F.meL.dA.A.Me_dA.P}$PEPTIDE1,PEPTIDE1,1:R1-7:R2$$$",-7.05800000,ok,,flexible
"PEPTIDE1{Me_dA.dP.P.V.Me_dL.F.I}$PEPTIDE1,PEPTIDE1,1:R1-7:R2$$$",-6.07900000,ok,,flexible
"PEPTIDE1{Me_Bal.Me_dA.T.F.dF.V.meL}$PEPTIDE1,PEPTIDE1,1:R1-7:R2$$$",-6.41200000,ok,,flexible
"PEPTIDE1{L.T.dP.P.F.Y.T}$PEPTIDE1,PEPTIDE1,1:R1-7:R2$$$",-6.16200000,ok,,flexible
"PEPTIDE1{P.T.Me_dL.meL.P.Asp_piperidide.Me_Phe(3-Cl)}$PEPTIDE1,PEPTIDE1,1:R1-7:R2$$$",-6.07100000,ok,,flexible
"PEPTIDE1{F.Me_Phe(3-Cl).meL.T.Et_Gly.T.P}$PEPTIDE1,PEPTIDE1,1:R1-7:R2$$$",-5.65800000,ok,,flexible
"PEPTIDE1{Mono6.P.P.V.dP.meL.T}$PEPTIDE1,PEPTIDE1,1:R1-7:R2$$$",-6.78900000,ok,,flexible
"PEPTIDE1{Me_dA.A.A.dP.dF.L.meA}$PEPTIDE1,PEPTIDE1,1:R1-7:R2$$$",-6.83300000,ok,,flexible
"PEPTIDE1{Me_dA.L.T.meL.T.F.G}$PEPTIDE1,PEPTIDE1,1:R1-7:R2$$$",-6.11800000,ok,,flexible
"PEPTIDE1{Me_dA.A.I.P.T.L.Ser(tBu)}$PEPTIDE1,PEPTIDE1,1:R1-7:R2$$$",-5.64500000,ok,,flexible
"PEPTIDE1{Me_dA.Asp_piperidide.Et_Gly.F.P.meL.Me_Phe(3-Cl)}$PEPTIDE1,PEPTIDE1,1:R1-7:R2$$$",-5.96200000,ok,,flexible
"PEPTIDE1{Me_Bal.meL.A.dP.dF.P.Asp_piperidide}$PEPTIDE1,PEPTIDE1,1:R1-7:R2$$$",-7.02200000,ok,,flexible
"PEPTIDE1{P.meL.F.Me_dA.Me_dL.I.Me_Phe(3-Cl)}$PEPTIDE1,PEPTIDE1,1:R1-7:R2$$$",-6.16300000,ok,,flexible
"PEPTIDE1{meA.dP.T.P.F.P.Asp_piperidide}$PEPTIDE1,PEPTIDE1,1:R1-7:R2$$$",-6.43300000,ok,,flexible
"PEPTIDE1{Mono6.P.F.V.dP.meL.Me_Phe(3-Cl)}$PEPTIDE1,PEPTIDE1,1:R1-7:R2$$$",-6.10500000,ok,,flexible
"PEPTIDE1{Me_Bal.P.Me_dL.dP.G.meL.D}$PEPTIDE1,PEPTIDE1,1:R1-7:R2$$$",-6.15400000,ok,,flexible
"PEPTIDE1{dV.pentyl_Gly.L.P.Et_Gly.Mono84.Ser(tBu)}$PEPTIDE1,PEPTIDE1,1:R1-7:R2$$$",-5.63100000,ok,,flexible
"PEPTIDE1{Me_dA.meY.Y.P.T.D.P}$PEPTIDE1,PEPTIDE1,1:R1-7:R2$$$",-6.31400000,ok,,flexible
"PEPTIDE1{meA.meL.A.G.Mono78.L.Mono7}$PEPTIDE1,PEPTIDE1,1:R1-7:R2$$$",-6.49000000,ok,,flexible
"PEPTIDE1{meA.Ser(tBu).P.F.T.dP.I}$PEPTIDE1,PEPTIDE1,1:R1-7:R2$$$",-5.87000000,ok,,flexible
"PEPTIDE1{Mono6.T.dP.dL.V.L.P}$PEPTIDE1,PEPTIDE1,1:R1-7:R2$$$",-6.75200000,ok,,flexible
"PEPTIDE1{Me_dA.meL.T.F.G.L.I}$PEPTIDE1,PEPTIDE1,1:R1-7:R2$$$",-6.25700000,ok,,flexible
"PEPTIDE1{Me_dA.L.A.P.dL.meL.meA}$PEPTIDE1,PEPTIDE1,1:R1-7:R2$$$",-5.82800000,ok,,flexible
"PEPTIDE1{L.dP.F.T.T.G.F}$PEPTIDE1,PEPTIDE1,1:R1-7:R2$$$",-6.80300000,ok,,flexible
"PEPTIDE1{Me_Bal.Mono6.P.P.F.G.Et_Gly}$PEPTIDE1,PEPTIDE1,1:R1-7:R2$$$",-7.10700000,ok,,flexible
"PEPTIDE1{Me_dA.P.dP.dP.D.T.Me_Phe(3-Cl)}$PEPTIDE1,PEPTIDE1,1:R1-7:R2$$$",-6.87300000,ok,,flexible
"PEPTIDE1{Me_Bal.Me_Phe(3-Cl).dP.T.Y.G.P}$PEPTIDE1,PEPTIDE1,1:R1-7:R2$$$",-6.85200000,ok,,flexible
"PEPTIDE1{Mono6.P.D.dP.meL.F.T}$PEPTIDE1,PEPTIDE1,1:R1-7:R2$$$",-7.36800000,ok,,flexible
"PEPTIDE1{Mono6.meL.P.Me_dA.Y.T.Asp_piperidide}$PEPTIDE1,PEPTIDE1,1:R1-7:R2$$$",-6.18200000,ok,,flexible
"PEPTIDE1{A.dP.Me_Phe(3-Cl).T.F.V.F}$PEPTIDE1,PEPTIDE1,1:R1-7:R2$$$",-6.61100000,ok,,flexible
"PEPTIDE1{dV.P.meL.D.meA.I.dP}$PEPTIDE1,PEPTIDE1,1:R1-7:R2$$$",-5.82600000,ok,,flexible
"PEPTIDE1{dF.Mono38.Mono84.P.Me_Phe(3-Cl).Me_Nle.Nle}$PEPTIDE1,PEPTIDE1,1:R1-7:R2$$$",-5.68800000,ok,,flexible
"PEPTIDE1{Me_Bal.dP.dP.Y.F.G.D}$PEPTIDE1,PEPTIDE1,1:R1-7:R2$$$",-6.78500000,ok,,flexible
"PEPTIDE1{dV.Y.G.T.meL.I.D}$PEPTIDE1,PEPTIDE1,1:R1-7:R2$$$",-6.41600000,ok,,flexible
"PEPTIDE1{Me_Bal.dP.P.Mono6.Asp_piperidide.F.meL}$PEPTIDE1,PEPTIDE1,1:R1-7:R2$$$",-6.78900000,ok,,flexible
"PEPTIDE1{dA.Me_dL.dP.T.P.Sar.G}$PEPTIDE1,PEPTIDE1,1:R1-7:R2$$$",-7.06500000,ok,,flexible
"PEPTIDE1{meA.F.dP.T.dL.Me_dL.meL}$PEPTIDE1,PEPTIDE1,1:R1-7:R2$$$",-5.81300000,ok,,flexible
"PEPTIDE1{Pr_Gly.L.I.Ser(tBu).meL.V.Mono86}$PEPTIDE1,PEPTIDE1,1:R1-7:R2$$$",-4.95600000,ok,,flexible
"PEPTIDE1{dV.T.P.I.P.G.D}$PEPTIDE1,PEPTIDE1,1:R1-7:R2$$$",-6.33900000,ok,,flexible
"PEPTIDE1{A.F.Me_dL.P.T.pentyl_Gly.G}$PEPTIDE1,PEPTIDE1,1:R1-7:R2$$$",-6.29100000,ok,,flexible
"PEPTIDE1{dP.F.L.P.Me_dL.A.meA}$PEPTIDE1,PEPTIDE1,1:R1-7:R2$$$",-6.07900000,ok,,flexible
"PEPTIDE1{L.meA.dP.F.F.meL.P}$PEPTIDE1,PEPTIDE1,1:R1-7:R2$$$",-6.16800000,ok,,flexible
"PEPTIDE1{Me_Bal.dP.L.Ser(tBu).I.T.P}$PEPTIDE1,PEPTIDE1,1:R1-7:R2$$$",-5.95100000,ok,,flexible
"PEPTIDE1{dF.F.I.T.F.meL.Me_Phe(3-Cl)}$PEPTIDE1,PEPTIDE1,1:R1-7:R2$$$",-5.80800000,ok,,flexible
"PEPTIDE1{dV.Me_dL.Mono6.G.meL.F.Me_Phe(3-Cl)}$PEPTIDE1,PEPTIDE1,1:R1-7:R2$$$",-5.74300000,ok,,flexible
"PEPTIDE1{A.dP.L.Me_dL.meA.T.P}$PEPTIDE1,PEPTIDE1,1:R1-7:R2$$$",-5.77700000,ok,,flexible
"PEPTIDE1{Me_dA.Me_dL.meL.F.I.T.T}$PEPTIDE1,PEPTIDE1,1:R1-7:R2$$$",-6.23900000,ok,,flexible
"PEPTIDE1{A.Me_dL.meL.P.P.T.F}$PEPTIDE1,PEPTIDE1,1:R1-7:R2$$$",-6.59200000,ok,,flexible
"PEPTIDE1{F.P.A.I.dP.meL.Me_Phe(3-Cl)}$PEPTIDE1,PEPTIDE1,1:R1-7:R2$$$",-5.65200000,ok,,flexible
"PEPTIDE1{P.Pr_Gly.Me_dA.T.Me_dL.Me_dL.G}$PEPTIDE1,PEPTIDE1,1:R1-7:R2$$$",-6.46800000,ok,,flexible
"PEPTIDE1{F.dP.I.T.V.D.P}$PEPTIDE1,PEPTIDE1,1:R1-7:R2$$$",-6.86700000,ok,,flexible
"PEPTIDE1{Me_Bal.meL.Sar.dP.P.F.T}$PEPTIDE1,PEPTIDE1,1:R1-7:R2$$$",-6.88200000,ok,,flexible
"PEPTIDE1{Me_Bal.dP.Me_dL.P.F.G.T}$PEPTIDE1,PEPTIDE1,1:R1-7:R2$$$",-6.37500000,ok,,flexible
"PEPTIDE1{dP.P.meL.Y.T.Me_Phe(3-Cl).Phe(4-CF3)}$PEPTIDE1,PEPTIDE1,1:R1-7:R2$$$",-6.89900000,ok,,flexible
"PEPTIDE1{Me_dA.V.Me_dL.L.F.meL.dL}$PEPTIDE1,PEPTIDE1,1:R1-7:R2$$$",-5.83900000,ok,,flexible
"PEPTIDE1{Mono6.P.I.dP.P.meL.V}$PEPTIDE1,PEPTIDE1,1:R1-7:R2$$$",-6.41100000,ok,,flexible
"PEPTIDE1{Mono6.I.meL.L.dP.meA.F}$PEPTIDE1,PEPTIDE1,1:R1-7:R2$$$",-5.79000000,ok,,flexible
"PEPTIDE1{dA.F.L.meA.meL.L.Me_dA}$PEPTIDE1,PEPTIDE1,1:R1-7:R2$$$",-6.05000000,ok,,flexible
"PEPTIDE1{dV.P.meL.dP.T.F.meA}$PEPTIDE1,PEPTIDE1,1:R1-7:R2$$$",-6.85900000,ok,,flexible
"PEPTIDE1{Me_dA.Pr_Gly.A.dP.pentyl_Gly.F.L}$PEPTIDE1,PEPTIDE1,1:R1-7:R2$$$",-5.93800000,ok,,flexible
"PEPTIDE1{Me_dA.G.I.T.D.meL.V}$PEPTIDE1,PEPTIDE1,1:R1-7:R2$$$",-5.44900000,ok,,flexible
"PEPTIDE1{Me_dA.P.P.F.I.G.Y}$PEPTIDE1,PEPTIDE1,1:R1-7:R2$$$",-6.46000000,ok,,flexible
"PEPTIDE1{meA.I.L.T.L.meL.Mono7}$PEPTIDE1,PEPTIDE1,1:R1-7:R2$$$",-5.41500000,ok,,flexible
"PEPTIDE1{A.T.meA.F.dP.F.cHexCH2_Gly}$PEPTIDE1,PEPTIDE1,1:R1-7:R2$$$",-6.66400000,ok,,flexible
"PEPTIDE1{dA.L.pentyl_Gly.P.T.Ser(tBu).meL}$PEPTIDE1,PEPTIDE1,1:R1-7:R2$$$",-5.20300000,ok,,flexible
"PEPTIDE1{Me_Bal.T.T.meL.P.V.dP}$PEPTIDE1,PEPTIDE1,1:R1-7:R2$$$",-6.38900000,ok,,flexible
"PEPTIDE1{Me_dA.dL.dP.T.F.Y.P}$PEPTIDE1,PEPTIDE1,1:R1-7:R2$$$",-6.51600000,ok,,flexible
"PEPTIDE1{Me_dA.P.Mono86.I.I.F.meL}$PEPTIDE1,PEPTIDE1,1:R1-7:R2$$$",-6.12500000,ok,,flexible
"PEPTIDE1{Me_dA.T.meL.F.D.T.P}$PEPTIDE1,PEPTIDE1,1:R1-7:R2$$$",-6.42300000,ok,,flexible
"PEPTIDE1{meA.A.dP.F.meL.T.V}$PEPTIDE1,PEPTIDE1,1:R1-7:R2$$$",-6.59500000,ok,,flexible
"PEPTIDE1{L.I.Nle.P.T.dP.Me_Phe(3-Cl)}$PEPTIDE1,PEPTIDE1,1:R1-7:R2$$$",-5.79500000,ok,,flexible
"PEPTIDE1{dP.A.T.P.meY.dP.Me_dA}$PEPTIDE1,PEPTIDE1,1:R1-7:R2$$$",-8.01700000,ok,,flexible
"PEPTIDE1{meA.L.P.P.Nle.F.I}$PEPTIDE1,PEPTIDE1,1:R1-7:R2$$$",-5.70700000,ok,,flexible
"PEPTIDE1{meA.F.T.P.P.A.V}$PEPTIDE1,PEPTIDE1,1:R1-7:R2$$$",-6.63800000,ok,,flexible
"PEPTIDE1{Me_dA.F.dP.meL.P.T.I}$PEPTIDE1,PEPTIDE1,1:R1-7:R2$$$",-6.29800000,ok,,flexible
"PEPTIDE1{Me_Bal.P.I.L.T.A.dP}$PEPTIDE1,PEPTIDE1,1:R1-7:R2$$$",-6.88300000,ok,,flexible
"PEPTIDE1{Me_Bal.meL.meA.F.Me_dL.L.G}$PEPTIDE1,PEPTIDE1,1:R1-7:R2$$$",-7.00500000,ok,,flexible
"PEPTIDE1{dP.Pr_Gly.meA.A.Me_Phe(3-Cl).Me_dL.dF}$PEPTIDE1,PEPTIDE1,1:R1-7:R2$$$",-6.29500000,ok,,flexible
"PEPTIDE1{Mono6.Me_dL.meA.P.meL.Me_dA.P}$PEPTIDE1,PEPTIDE1,1:R1-7:R2$$$",-6.80500000,ok,,flexible
"PEPTIDE1{Mono6.meA.dF.meL.dL.Me_dL.G}$PEPTIDE1,PEPTIDE1,1:R1-7:R2$$$",-6.24500000,ok,,flexible
"PEPTIDE1{A.T.G.F.dP.Y.D}$PEPTIDE1,PEPTIDE1,1:R1-7:R2$$$",-6.72800000,ok,,flexible
"PEPTIDE1{dA.P.V.T.P.meL.dP}$PEPTIDE1,PEPTIDE1,1:R1-7:R2$$$",-6.61300000,ok,,flexible
"PEPTIDE1{Me_Bal.I.P.F.G.Me_Phe(3-Cl).T}$PEPTIDE1,PEPTIDE1,1:R1-7:R2$$$",-7.08500000,ok,,flexible
"PEPTIDE1{meA.T.G.I.Me_Phe(3-Cl).F.Y}$PEPTIDE1,PEPTIDE1,1:R1-7:R2$$$",-7.12100000,ok,,flexible
"PEPTIDE1{Me_dA.T.G.P.P.D.G}$PEPTIDE1,PEPTIDE1,1:R1-7:R2$$$",-6.16200000,ok,,flexible
"PEPTIDE1{Me_Bal.dF.T.meL.meL.P.Phe(4-CF3)}$PEPTIDE1,PEPTIDE1,1:R1-7:R2$$$",-6.45000000,ok,,flexible
"PEPTIDE1{Me_Bal.Me_dL.I.meA.F.V.dV}$PEPTIDE1,PEPTIDE1,1:R1-7:R2$$$",-5.96300000,ok,,flexible
"PEPTIDE1{meA.dP.meF.A.Ser(tBu).meL.L}$PEPTIDE1,PEPTIDE1,1:R1-7:R2$$$",-6.00400000,ok,,flexible
"PEPTIDE1{meA.dP.P.dP.meL.Me_Nle.G}$PEPTIDE1,PEPTIDE1,1:R1-7:R2$$$",-5.83600000,ok,,flexible
"PEPTIDE1{dA.dP.P.V.Me_dL.F.T}$PEPTIDE1,PEPTIDE1,1:R1-7:R2$$$",-6.46800000,ok,,flexible
"PEPTIDE1{meA.meL.P.dP.T.L.P}$PEPTIDE1,PEPTIDE1,1:R1-7:R2$$$",-6.47100000,ok,,flexible
"PEPTIDE1{meA.T.meL.F.V.L.Ser(tBu)}$PEPTIDE1,PEPTIDE1,1:R1-7:R2$$$",-5.08500000,ok,,flexible
"PEPTIDE1{Me_dA.meF.meY.P.meL.dP.dP}$PEPTIDE1,PEPTIDE1,1:R1-7:R2$$$",-6.96900000,ok,,flexible
"PEPTIDE1{Me_Bal.T.I.P.V.G.dP}$PEPTIDE1,PEPTIDE1,1:R1-7:R2$$$",-6.55500000,ok,,flexible
"PEPTIDE1{Me_dA.T.D.dP.F.Y.I}$PEPTIDE1,PEPTIDE1,1:R1-7:R2$$$",-6.78000000,ok,,flexible
"PEPTIDE1{F.L.Asp_piperidide.Me_Phe(3-Cl).I.dP.P}$PEPTIDE1,PEPTIDE1,1:R1-7:R2$$$",-6.01300000,ok,,flexible
"PEPTIDE1{Mono6.pentyl_Gly.Mono84.T.T.A.I}$PEPTIDE1,PEPTIDE1,1:R1-7:R2$$$",-6.00900000,ok,,flexible
"PEPTIDE1{Mono6.P.iBu_Gly.pentyl_Gly.dP.G.P}$PEPTIDE1,PEPTIDE1,1:R1-7:R2$$$",-6.12600000,ok,,flexible
"PEPTIDE1{Me_Bal.I.G.P.dP.D.Me_dL}$PEPTIDE1,PEPTIDE1,1:R1-7:R2$$$",-6.47800000,ok,,flexible
"PEPTIDE1{dF.D.P.I.dP.F.T}$PEPTIDE1,PEPTIDE1,1:R1-7:R2$$$",-6.39400000,ok,,flexible
"PEPTIDE1{Me_Bal.Me_dL.Mono6.P.F.meL.dP}$PEPTIDE1,PEPTIDE1,1:R1-7:R2$$$",-6.13800000,ok,,flexible
"PEPTIDE1{dP.Me_dL.P.F.Pr_Gly.Y.meL}$PEPTIDE1,PEPTIDE1,1:R1-7:R2$$$",-5.85500000,ok,,flexible
"PEPTIDE1{dV.F.T.P.I.G.meL}$PEPTIDE1,PEPTIDE1,1:R1-7:R2$$$",-5.82100000,ok,,flexible
"PEPTIDE1{meA.P.I.meL.dP.V.P}$PEPTIDE1,PEPTIDE1,1:R1-7:R2$$$",-6.61900000,ok,,flexible
"PEPTIDE1{meA.Ser(tBu).Nle.meL.P.T.F}$PEPTIDE1,PEPTIDE1,1:R1-7:R2$$$",-5.86000000,ok,,flexible
"PEPTIDE1{Me_dA.pentyl_Gly.A.I.meL.Me_Phe(3-Cl).dP}$PEPTIDE1,PEPTIDE1,1:R1-7:R2$$$",-5.74300000,ok,,flexible
"PEPTIDE1{meA.Pr_Gly.T.F.Me_dL.meL.dP}$PEPTIDE1,PEPTIDE1,1:R1-7:R2$$$",-6.80300000,ok,,flexible
"PEPTIDE1{Pr_Gly.P.P.Me_dL.P.T.T}$PEPTIDE1,PEPTIDE1,1:R1-7:R2$$$",-6.40500000,ok,,flexible
"PEPTIDE1{meA.dPye.dP.dL.Me_dL.T.meL}$PEPTIDE1,PEPTIDE1,1:R1-7:R2$$$",-5.49700000,ok,,flexible
"PEPTIDE1{F.meL.Mono6.dP.meY.Me_Phe(3-Cl).G}$PEPTIDE1,PEPTIDE1,1:R1-7:R2$$$",-6.46100000,ok,,flexible
"PEPTIDE1{dA.Me_dL.T.dV.meL.P.meF}$PEPTIDE1,PEPTIDE1,1:R1-7:R2$$$",-5.91300000,ok,,flexible
"PEPTIDE1{dP.Me_dL.Ser(tBu).dF.I.V.T}$PEPTIDE1,PEPTIDE1,1:R1-7:R2$$$",-5.79600000,ok,,flexible
"PEPTIDE1{Me_Bal.T.dP.F.P.P.G}$PEPTIDE1,PEPTIDE1,1:R1-7:R2$$$",-7.10400000,ok,,flexible
"PEPTIDE1{P.meA.Me_dA.A.dA.Me_dL.meL}$PEPTIDE1,PEPTIDE1,1:R1-7:R2$$$",-6.16900000,ok,,flexible
"PEPTIDE1{Me_Bal.T.P.G.Sar.P.T}$PEPTIDE1,PEPTIDE1,1:R1-7:R2$$$",-6.52300000,ok,,flexible
"PEPTIDE1{Me_Bal.Pr_Gly.dF.Ser(tBu).dL.P.Me_dL}$PEPTIDE1,PEPTIDE1,1:R1-7:R2$$$",-5.38900000,ok,,flexible
"PEPTIDE1{dA.Ser(tBu).Me_dL.meL.I.dL.F}$PEPTIDE1,PEPTIDE1,1:R1-7:R2$$$",-4.93900000,ok,,flexible
"PEPTIDE1{Mono6.Pr_Gly.dP.meL.T.Me_dL.Asp_piperidide}$PEPTIDE1,PEPTIDE1,1:R1-7:R2$$$",-6.52700000,ok,,flexible
"PEPTIDE1{Me_Bal.Me_dL.meL.P.F.meY.P}$PEPTIDE1,PEPTIDE1,1:R1-7:R2$$$",-6.84100000,ok,,flexible
"PEPTIDE1{meL.T.F.P.L.Me_Phe(3-Cl).Me_dL}$PEPTIDE1,PEPTIDE1,1:R1-7:R2$$$",-6.60700000,ok,,flexible
"PEPTIDE1{Me_Bal.A.meL.V.Me_dL.meY.dP}$PEPTIDE1,PEPTIDE1,1:R1-7:R2$$$",-6.64300000,ok,,flexible
"PEPTIDE1{dA.I.T.F.meL.P.P}$PEPTIDE1,PEPTIDE1,1:R1-7:R2$$$",-5.87600000,ok,,flexible
"PEPTIDE1{dV.D.T.T.P.V.I}$PEPTIDE1,PEPTIDE1,1:R1-7:R2$$$",-5.67400000,ok,,flexible
"PEPTIDE1{Me_dA.meF.dP.L.T.meL.G}$PEPTIDE1,PEPTIDE1,1:R1-7:R2$$$",-5.98100000,ok,,flexible
"PEPTIDE1{dV.F.T.P.P.V.dP}$PEPTIDE1,PEPTIDE1,1:R1-7:R2$$$",-7.02800000,ok,,flexible
"PEPTIDE1{Me_Bal.3Pal.meL.dL.P.Sar.meA}$PEPTIDE1,PEPTIDE1,1:R1-7:R2$$$",-6.06700000,ok,,flexible
"PEPTIDE1{Pr_Gly.Mono34.Me_Phe(3-Cl).dP.meL.F.P}$PEPTIDE1,PEPTIDE1,1:R1-7:R2$$$",-5.56900000,ok,,flexible
"PEPTIDE1{A.P.I.V.P.F.D}$PEPTIDE1,PEPTIDE1,1:R1-7:R2$$$",-5.95300000,ok,,flexible
"PEPTIDE1{Me_dA.meL.F.Et_Gly.dP.I.Phe(4-CF3)}$PEPTIDE1,PEPTIDE1,1:R1-7:R2$$$",-5.98300000,ok,,flexible
"PEPTIDE1{meA.A.P.meL.L.I.T}$PEPTIDE1,PEPTIDE1,1:R1-7:R2$$$",-6.08500000,ok,,flexible
"PEPTIDE1{Mono6.I.meA.dL.dP.meL.G}$PEPTIDE1,PEPTIDE1,1:R1-7:R2$$$",-5.75500000,ok,,flexible
"PEPTIDE1{F.dP.A.F.I.P.meL}$PEPTIDE1,PEPTIDE1,1:R1-7:R2$$$",-6.11200000,ok,,flexible
"PEPTIDE1{dV.A.P.Me_Phe(3-Cl).T.G.dP}$PEPTIDE1,PEPTIDE1,1:R1-7:R2$$$",-7.06600000,ok,,flexible
"PEPTIDE1{dP.F.Me_Phe(3-Cl).meL.Me_dL.P.G}$PEPTIDE1,PEPTIDE1,1:R1-7:R2$$$",-5.88900000,ok,,flexible
"PEPTIDE1{Mono6.dP.P.T.Asp_piperidide.T.dP}$PEPTIDE1,PEPTIDE1,1:R1-7:R2$$$",-7.49500000,ok,,flexible
"PEPTIDE1{Me_Bal.T.T.Phe(4-CF3).dP.F.Me_Phe(3-Cl)}$PEPTIDE1,PEPTIDE1,1:R1-7:R2$$$",-6.94800000,ok,,flexible
"PEPTIDE1{Me_dA.F.I.P.meA.dL.dP}$PEPTIDE1,PEPTIDE1,1:R1-7:R2$$$",-7.34100000,ok,,flexible
"PEPTIDE1{Mono6.Me_dL.T.Y.G.D.F}$PEPTIDE1,PEPTIDE1,1:R1-7:R2$$$",-6.20100000,ok,,flexible
"PEPTIDE1{dP.T.meA.L.meF.Ser(tBu).D}$PEPTIDE1,PEPTIDE1,1:R1-7:R2$$$",-5.72200000,ok,,flexible
"PEPTIDE1{dF.Me_Nle.dP.T.F.dL.Mono86}$PEPTIDE1,PEPTIDE1,1:R1-7:R2$$$",-5.61500000,ok,,flexible
"PEPTIDE1{Me_dA.meL.P.D.P.Sar.T}$PEPTIDE1,PEPTIDE1,1:R1-7:R2$$$",-6.04000000,ok,,flexible
"PEPTIDE1{Me_Bal.Me_dL.meA.T.dP.G.F}$PEPTIDE1,PEPTIDE1,1:R1-7:R2$$$",-6.69100000,ok,,flexible
"PEPTIDE1{Sar.meA.I.T.V.Me_dL.P}$PEPTIDE1,PEPTIDE1,1:R1-7:R2$$$",-6.02800000,ok,,flexible
"PEPTIDE1{dF.L.Pr_Gly.Et_Gly.meL.Me_Phe(3-Cl).F}$PEPTIDE1,PEPTIDE1,1:R1-7:R2$$$",-5.78100000,ok,,flexible
"PEPTIDE1{dA.I.T.F.meL.D.G}$PEPTIDE1,PEPTIDE1,1:R1-7:R2$$$",-6.03100000,ok,,flexible
"PEPTIDE1{dA.meL.T.dP.T.Me_Phe(3-Cl).P}$PEPTIDE1,PEPTIDE1,1:R1-7:R2$$$",-6.09300000,ok,,flexible
"PEPTIDE1{Me_Bal.F.meL.dP.pentyl_Gly.Sar.P}$PEPTIDE1,PEPTIDE1,1:R1-7:R2$$$",-5.87900000,ok,,flexible
"PEPTIDE1{dA.Pr_Gly.dF.F.meA.Me_dA.Ser(tBu)}$PEPTIDE1,PEPTIDE1,1:R1-7:R2$$$",-6.29800000,ok,,flexible
"PEPTIDE1{Me_dA.pentyl_Gly.cHexCH2_Gly.P.P.A.meL}$PEPTIDE1,PEPTIDE1,1:R1-7:R2$$$",-5.85100000,ok,,flexible
"PEPTIDE1{meA.Me_dA.meL.I.G.dP.T}$PEPTIDE1,PEPTIDE1,1:R1-7:R2$$$",-6.56200000,ok,,flexible
"PEPTIDE1{Me_Bal.Pr_Gly.meA.Me_dL.P.F.Y}$PEPTIDE1,PEPTIDE1,1:R1-7:R2$$$",-5.98200000,ok,,flexible
"PEPTIDE1{dV.Me_dL.dP.Me_Phe(3-Cl).I.G.P}$PEPTIDE1,PEPTIDE1,1:R1-7:R2$$$",-5.84700000,ok,,flexible
"PEPTIDE1{Pr_Gly.meY.dP.Me_Phe(3-Cl).Y.P.T}$PEPTIDE1,PEPTIDE1,1:R1-7:R2$$$",-7.05000000,ok,,flexible
"PEPTIDE1{Me_dA.Pr_Gly.meL.F.dL.Me_dL.P}$PEPTIDE1,PEPTIDE1,1:R1-7:R2$$$",-5.74700000,ok,,flexible
"PEPTIDE1{Sar.A.Mono38.Mono86.I.L.meL}$PEPTIDE1,PEPTIDE1,1:R1-7:R2$$$",-5.68500000,ok,,flexible
"PEPTIDE1{dA.Me_dAbu.Me_dL.V.meL.T.Sar}$PEPTIDE1,PEPTIDE1,1:R1-7:R2$$$",-6.06300000,ok,,flexible
"PEPTIDE1{dF.meL.meY.Mono6.P.T.dP}$PEPTIDE1,PEPTIDE1,1:R1-7:R2$$$",-6.43800000,ok,,flexible
"PEPTIDE1{dA.meA.Me_dL.Me_dA.T.dV.meY}$PEPTIDE1,PEPTIDE1,1:R1-7:R2$$$",-6.51800000,ok,,flexible
"PEPTIDE1{dA.P.T.P.V.G.meL}$PEPTIDE1,PEPTIDE1,1:R1-7:R2$$$",-6.59700000,ok,,flexible
"PEPTIDE1{meA.P.dP.A.F.meL.L}$PEPTIDE1,PEPTIDE1,1:R1-7:R2$$$",-6.75300000,ok,,flexible
"PEPTIDE1{Me_Bal.meL.dP.A.F.Me_dL.Me_dL}$PEPTIDE1,PEPTIDE1,1:R1-7:R2$$$",-5.86500000,ok,,flexible
"PEPTIDE1{Mono6.cHexCH2_Gly.T.G.meL.Me_dL.L}$PEPTIDE1,PEPTIDE1,1:R1-7:R2$$$",-5.80900000,ok,,flexible
"PEPTIDE1{Me_Bal.Me_dA.P.dP.Y.Me_dL.meL}$PEPTIDE1,PEPTIDE1,1:R1-7:R2$$$",-6.81100000,ok,,flexible
"PEPTIDE1{dA.Me_Phe(3-Cl).F.G.P.dP.Phe(4-CF3)}$PEPTIDE1,PEPTIDE1,1:R1-7:R2$$$",-7.24700000,ok,,flexible
"PEPTIDE1{Me_Bal.V.meL.I.P.Y.meA}$PEPTIDE1,PEPTIDE1,1:R1-7:R2$$$",-6.25900000,ok,,flexible
"PEPTIDE1{A.Me_dL.P.dA.F.T.dP}$PEPTIDE1,PEPTIDE1,1:R1-7:R2$$$",-6.72400000,ok,,flexible
"PEPTIDE1{F.T.I.dP.I.G.V}$PEPTIDE1,PEPTIDE1,1:R1-7:R2$$$",-6.42800000,ok,,flexible
"PEPTIDE1{Me_Bal.cHexCH2_Gly.T.meL.meA.dP.Me_dA}$PEPTIDE1,PEPTIDE1,1:R1-7:R2$$$",-6.73200000,ok,,flexible
"PEPTIDE1{meA.dP.meL.I.T.P.D}$PEPTIDE1,PEPTIDE1,1:R1-7:R2$$$",-5.64700000,ok,,flexible
"PEPTIDE1{Me_Bal.L.dL.meL.F.meA.Nle}$PEPTIDE1,PEPTIDE1,1:R1-7:R2$$$",-5.27200000,ok,,flexible
"PEPTIDE1{meA.meL.dP.T.P.dP.P}$PEPTIDE1,PEPTIDE1,1:R1-7:R2$$$",-6.88600000,ok,,flexible
"PEPTIDE1{dF.dP.D.G.P.dP.T}$PEPTIDE1,PEPTIDE1,1:R1-7:R2$$$",-6.12800000,ok,,flexible
"PEPTIDE1{Me_dA.L.Pr_Gly.V.F.meL.dP}$PEPTIDE1,PEPTIDE1,1:R1-7:R2$$$",-6.27200000,ok,,flexible
"PEPTIDE1{Mono6.P.Me_dA.dP.meL.Me_dL.dP}$PEPTIDE1,PEPTIDE1,1:R1-7:R2$$$",-6.31900000,ok,,flexible
"PEPTIDE1{Me_Bal.Ser(tBu).dP.Me_Phe(3-Cl).dL.Nle.Et_Gly}$PEPTIDE1,PEPTIDE1,1:R1-7:R2$$$",-5.93500000,ok,,flexible
"PEPTIDE1{F.P.T.Nle.dP.Me_Nle.meL}$PEPTIDE1,PEPTIDE1,1:R1-7:R2$$$",-5.68200000,ok,,flexible
"PEPTIDE1{P.Pr_Gly.F.meL.T.Me_Phe(3-Cl).meF}$PEPTIDE1,PEPTIDE1,1:R1-7:R2$$$",-6.29600000,ok,,flexible
"PEPTIDE1{Me_dA.T.dP.P.F.G.P}$PEPTIDE1,PEPTIDE1,1:R1-7:R2$$$",-7.05700000,ok,,flexible
"PEPTIDE1{meA.G.F.dP.T.G.I}$PEPTIDE1,PEPTIDE1,1:R1-7:R2$$$",-6.84700000,ok,,flexible
"PEPTIDE1{meA.meY.dP.P.P.F.Phe(4-CF3)}$PEPTIDE1,PEPTIDE1,1:R1-7:R2$$$",-6.03200000,ok,,flexible
"PEPTIDE1{Mono6.A.L.F.dP.P.cHexCH2_Gly}$PEPTIDE1,PEPTIDE1,1:R1-7:R2$$$",-6.92200000,ok,,flexible
"PEPTIDE1{dV.P.F.T.L.G.I}$PEPTIDE1,PEPTIDE1,1:R1-7:R2$$$",-6.17200000,ok,,flexible
"PEPTIDE1{dA.dP.T.dL.V.P.Me_dL}$PEPTIDE1,PEPTIDE1,1:R1-7:R2$$$",-5.99400000,ok,,flexible
"PEPTIDE1{Me_Bal.P.F.P.V.dP.T}$PEPTIDE1,PEPTIDE1,1:R1-7:R2$$$",-6.96200000,ok,,flexible
"PEPTIDE1{Me_dA.Me_dAbu.T.P.F.F.P}$PEPTIDE1,PEPTIDE1,1:R1-7:R2$$$",-7.10000000,ok,,flexible
"PEPTIDE1{dV.P.I.F.T.G.D}$PEPTIDE1,PEPTIDE1,1:R1-7:R2$$$",-6.34400000,ok,,flexible
"PEPTIDE1{Me_dA.T.A.meL.L.dP.V}$PEPTIDE1,PEPTIDE1,1:R1-7:R2$$$",-7.28200000,ok,,flexible
"PEPTIDE1{dV.F.T.I.P.F.Y}$PEPTIDE1,PEPTIDE1,1:R1-7:R2$$$",-6.28400000,ok,,flexible
"PEPTIDE1{dV.P.P.meL.T.V.F}$PEPTIDE1,PEPTIDE1,1:R1-7:R2$$$",-6.34100000,ok,,flexible
"PEPTIDE1{Me_Bal.F.L.T.I.T.P}$PEPTIDE1,PEPTIDE1,1:R1-7:R2$$$",-5.85700000,ok,,flexible
"PEPTIDE1{F.P.T.P.dP.I.P}$PEPTIDE1,PEPTIDE1,1:R1-7:R2$$$",-6.51700000,ok,,flexible
"PEPTIDE1{dF.meA.dP.Y.T.dP.P}$PEPTIDE1,PEPTIDE1,1:R1-7:R2$$$",-7.01100000,ok,,flexible
"PEPTIDE1{dV.Mono38.Pr_Gly.L.Mono7.Me_Phe(3-Cl).P}$PEPTIDE1,PEPTIDE1,1:R1-7:R2$$$",-5.78000000,ok,,flexible
"PEPTIDE1{dP.meL.T.dF.Y.P.Me_dA}$PEPTIDE1,PEPTIDE1,1:R1-7:R2$$$",-6.67100000,ok,,flexible
"PEPTIDE1{dV.Me_dA.meL.L.I.F.P}$PEPTIDE1,PEPTIDE1,1:R1-7:R2$$$",-5.88300000,ok,,flexible
"PEPTIDE1{Me_dA.Me_dL.T.Y.dP.G.F}$PEPTIDE1,PEPTIDE1,1:R1-7:R2$$$",-7.47500000,ok,,flexible
"PEPTIDE1{dA.meL.T.Ala(5-Tet).P.dP.Phe(4-CF3)}$PEPTIDE1,PEPTIDE1,1:R1-7:R2$$$",-6.24400000,ok,,flexible
"PEPTIDE1{dV.Me_dL.G.meL.I.D.F}$PEPTIDE1,PEPTIDE1,1:R1-7:R2$$$",-6.27000000,ok,,flexible
"PEPTIDE1{dP.T.P.Sar.F.D.G}$PEPTIDE1,PEPTIDE1,1:R1-7:R2$$$",-7.06600000,ok,,flexible
"PEPTIDE1{dV.P.Et_Gly.meL.Me_Phe(3-Cl).Asp_piperidide.F}$PEPTIDE1,PEPTIDE1,1:R1-7:R2$$$",-6.12800000,ok,,flexible
"PEPTIDE1{A.T.meL.P.I.D.Y}$PEPTIDE1,PEPTIDE1,1:R1-7:R2$$$",-6.20300000,ok,,flexible
"PEPTIDE1{Me_dA.P.meL.F.dP.F.G}$PEPTIDE1,PEPTIDE1,1:R1-7:R2$$$",-7.27300000,ok,,flexible
"PEPTIDE1{dA.meL.G.pentyl_Gly.F.dP.I}$PEPTIDE1,PEPTIDE1,1:R1-7:R2$$$",-5.68700000,ok,,flexible
"PEPTIDE1{Mono6.P.T.D.V.F.dP}$PEPTIDE1,PEPTIDE1,1:R1-7:R2$$$",-6.68500000,ok,,flexible
"PEPTIDE1{A.I.F.dP.T.P.G}$PEPTIDE1,PEPTIDE1,1:R1-7:R2$$$",-6.59800000,ok,,flexible
"PEPTIDE1{Mono6.dP.G.Me_Phe(3-Cl).Et_Gly.I.F}$PEPTIDE1,PEPTIDE1,1:R1-7:R2$$$",-6.95600000,ok,,flexible
"PEPTIDE1{L.dP.T.D.F.P.G}$PEPTIDE1,PEPTIDE1,1:R1-7:R2$$$",-6.13700000,ok,,flexible
"PEPTIDE1{Mono6.Me_dL.F.meL.T.P.T}$PEPTIDE1,PEPTIDE1,1:R1-7:R2$$$",-6.15900000,ok,,flexible
"PEPTIDE1{Mono6.dP.Me_Phe(3-Cl).meL.dP.P.Nle}$PEPTIDE1,PEPTIDE1,1:R1-7:R2$$$",-6.46800000,ok,,flexible
"PEPTIDE1{F.L.D.T.Sar.I.meL}$PEPTIDE1,PEPTIDE1,1:R1-7:R2$$$",-5.09600000,ok,,flexible
"PEPTIDE1{Me_Bal.dA.meA.P.T.dP.I}$PEPTIDE1,PEPTIDE1,1:R1-7:R2$$$",-6.28300000,ok,,flexible
"PEPTIDE1{P.A.Pr_Gly.dF.D.Me_dL.meL}$PEPTIDE1,PEPTIDE1,1:R1-7:R2$$$",-6.17500000,ok,,flexible
"PEPTIDE1{dA.Me_dA.V.meA.Me_dL.Me_dL.meL}$PEPTIDE1,PEPTIDE1,1:R1-7:R2$$$",-6.00000000,ok,,flexible
"PEPTIDE1{meA.F.P.dP.G.V.meL}$PEPTIDE1,PEPTIDE1,1:R1-7:R2$$$",-6.56300000,ok,,flexible
"PEPTIDE1{Me_dA.dP.L.P.T.meL.Me_dL}$PEPTIDE1,PEPTIDE1,1:R1-7:R2$$$",-6.01200000,ok,,flexible
"PEPTIDE1{Me_dA.meL.G.G.Me_dL.P.D}$PEPTIDE1,PEPTIDE1,1:R1-7:R2$$$",-6.17400000,ok,,flexible
"PEPTIDE1{Me_Bal.L.A.dP.P.P.V}$PEPTIDE1,PEPTIDE1,1:R1-7:R2$$$",-6.63700000,ok,,flexible
"PEPTIDE1{A.meL.dP.meA.T.V.P}$PEPTIDE1,PEPTIDE1,1:R1-7:R2$$$",-6.47200000,ok,,flexible
"PEPTIDE1{meL.dP.P.I.dP.F.T}$PEPTIDE1,PEPTIDE1,1:R1-7:R2$$$",-6.48800000,ok,,flexible
"PEPTIDE1{Mono6.meL.Ser(tBu).L.I.I.Me_Phe(3-Cl)}$PEPTIDE1,PEPTIDE1,1:R1-7:R2$$$",-4.72100000,ok,,flexible
"PEPTIDE1{Sar.Me_dL.P.meA.dP.F.I}$PEPTIDE1,PEPTIDE1,1:R1-7:R2$$$",-6.29700000,ok,,flexible
"PEPTIDE1{dA.T.L.dP.meA.meL.meF}$PEPTIDE1,PEPTIDE1,1:R1-7:R2$$$",-6.19900000,ok,,flexible
"PEPTIDE1{Pr_Gly.P.P.I.L.T.meA}$PEPTIDE1,PEPTIDE1,1:R1-7:R2$$$",-5.41000000,ok,,flexible
"PEPTIDE1{dA.D.P.I.meL.P.V}$PEPTIDE1,PEPTIDE1,1:R1-7:R2$$$",-6.23000000,ok,,flexible
"PEPTIDE1{dA.Me_dL.T.Me_dA.meL.A.dP}$PEPTIDE1,PEPTIDE1,1:R1-7:R2$$$",-5.92000000,ok,,flexible
"PEPTIDE1{Me_Bal.Sar.P.dP.meL.G.T}$PEPTIDE1,PEPTIDE1,1:R1-7:R2$$$",-7.00900000,ok,,flexible
"PEPTIDE1{Me_Bal.L.pentyl_Gly.I.T.Me_dA.Me_dL}$PEPTIDE1,PEPTIDE1,1:R1-7:R2$$$",-5.25400000,ok,,flexible
"PEPTIDE1{Mono6.P.dP.meL.L.T.Sar}$PEPTIDE1,PEPTIDE1,1:R1-7:R2$$$",-6.35500000,ok,,flexible
"PEPTIDE1{dV.T.dL.Me_Phe(3-Cl).meL.Et_Gly.F}$PEPTIDE1,PEPTIDE1,1:R1-7:R2$$$",-6.45400000,ok,,flexible
"PEPTIDE1{Me_dA.meL.I.D.G.T.V}$PEPTIDE1,PEPTIDE1,1:R1-7:R2$$$",-5.90400000,ok,,flexible
"PEPTIDE1{Me_Bal.dP.I.F.V.dL.T}$PEPTIDE1,PEPTIDE1,1:R1-7:R2$$$",-5.99900000,ok,,flexible
"PEPTIDE1{Mono6.pentyl_Gly.T.Mono84.meA.dP.I}$PEPTIDE1,PEPTIDE1,1:R1-7:R2$$$",-6.63600000,ok,,flexible
"PEPTIDE1{dA.P.G.T.F.P.dP}$PEPTIDE1,PEPTIDE1,1:R1-7:R2$$$",-7.03400000,ok,,flexible
"PEPTIDE1{A.dP.dP.Y.P.G.T}$PEPTIDE1,PEPTIDE1,1:R1-7:R2$$$",-7.53900000,ok,,flexible
"PEPTIDE1{P.dL.Me_dA.Me_dL.dP.Me_Phe(3-Cl).T}$PEPTIDE1,PEPTIDE1,1:R1-7:R2$$$",-7.27800000,ok,,flexible
"PEPTIDE1{Me_Bal.L.meA.Me_dL.V.G.T}$PEPTIDE1,PEPTIDE1,1:R1-7:R2$$$",-6.13800000,ok,,flexible
"PEPTIDE1{Me_Bal.dA.meA.T.L.F.A}$PEPTIDE1,PEPTIDE1,1:R1-7:R2$$$",-6.69100000,ok,,flexible
"PEPTIDE1{Me_dA.T.G.P.meL.I.Me_dL}$PEPTIDE1,PEPTIDE1,1:R1-7:R2$$$",-5.88900000,ok,,flexible
"PEPTIDE1{Mono6.P.Me_dL.meY.dP.dP.G}$PEPTIDE1,PEPTIDE1,1:R1-7:R2$$$",-7.12700000,ok,,flexible
"PEPTIDE1{dP.meL.T.meL.F.L.P}$PEPTIDE1,PEPTIDE1,1:R1-7:R2$$$",-5.57200000,ok,,flexible
"PEPTIDE1{dA.I.Sar.Mono78.T.Mono86.P}$PEPTIDE1,PEPTIDE1,1:R1-7:R2$$$",-6.34300000,ok,,flexible
"PEPTIDE1{Me_dA.meL.T.G.D.F.I}$PEPTIDE1,PEPTIDE1,1:R1-7:R2$$$",-5.81700000,ok,,flexible
"PEPTIDE1{Mono6.P.meL.Me_Phe(3-Cl).P.dP.G}$PEPTIDE1,PEPTIDE1,1:R1-7:R2$$$",-7.70000000,ok,,flexible
"PEPTIDE1{dV.Me_Phe(3-Cl).P.meL.F.I.D}$PEPTIDE1,PEPTIDE1,1:R1-7:R2$$$",-6.01000000,ok,,flexible
"PEPTIDE1{dA.P.P.V.I.meL.L}$PEPTIDE1,PEPTIDE1,1:R1-7:R2$$$",-5.94100000,ok,,flexible
"PEPTIDE1{A.F.P.dA.dP.L.meL}$PEPTIDE1,PEPTIDE1,1:R1-7:R2$$$",-6.25600000,ok,,flexible
"PEPTIDE1{meA.T.Me_dL.P.Me_dA.Asp_piperidide.P}$PEPTIDE1,PEPTIDE1,1:R1-7:R2$$$",-7.06600000,ok,,flexible
"PEPTIDE1{Mono6.dP.P.G.T.D.T}$PEPTIDE1,PEPTIDE1,1:R1-7:R2$$$",-6.72800000,ok,,flexible
"PEPTIDE1{meL.I.P.L.Me_Phe(3-Cl).T.F}$PEPTIDE1,PEPTIDE1,1:R1-7:R2$$$",-6.05300000,ok,,flexible
"PEPTIDE1{Me_dA.A.L.I.Mono84.T.meL}$PEPTIDE1,PEPTIDE1,1:R1-7:R2$$$",-5.49900000,ok,,flexible
"PEPTIDE1{A.T.P.meL.V.D.F}$PEPTIDE1,PEPTIDE1,1:R1-7:R2$$$",-6.14800000,ok,,flexible
"PEPTIDE1{meA.L.F.I.P.V.dV}$PEPTIDE1,PEPTIDE1,1:R1-7:R2$$$",-5.74600000,ok,,flexible
"PEPTIDE1{dP.F.I.T.D.meL.P}$PEPTIDE1,PEPTIDE1,1:R1-7:R2$$$",-5.57100000,ok,,flexible
"PEPTIDE1{Me_Bal.dP.I.T.P.T.Me_dL}$PEPTIDE1,PEPTIDE1,1:R1-7:R2$$$",-6.59700000,ok,,flexible
"PEPTIDE1{Mono6.T.dP.T.meL.P.P}$PEPTIDE1,PEPTIDE1,1:R1-7:R2$$$",-6.77800000,ok,,flexible
"PEPTIDE1{dV.D.P.I.T.F.Me_Phe(3-Cl)}$PEPTIDE1,PEPTIDE1,1:R1-7:R2$$$",-5.66500000,ok,,flexible
"PEPTIDE1{Mono6.A.dP.dP.Me_Phe(3-Cl).T.L}$PEPTIDE1,PEPTIDE1,1:R1-7:R2$$$",-6.89600000,ok,,flexible
"PEPTIDE1{P.Me_dA.Me_dL.dP.I.P.Me_Phe(3-Cl)}$PEPTIDE1,PEPTIDE1,1:R1-7:R2$$$",-6.50100000,ok,,flexible
"PEPTIDE1{meA.Me_dA.L.dP.Me_dL.dL.G}$PEPTIDE1,PEPTIDE1,1:R1-7:R2$$$",-6.17200000,ok,,flexible
"PEPTIDE1{Mono6.pentyl_Gly.L.P.Me_Phe(3-Cl).P.T}$PEPTIDE1,PEPTIDE1,1:R1-7:R2$$$",-6.07500000,ok,,flexible
"PEPTIDE1{dA.T.P.A.meL.dL.meF}$PEPTIDE1,PEPTIDE1,1:R1-7:R2$$$",-5.61100000,ok,,flexible
"PEPTIDE1{Me_Bal.L.P.dP.Me_Phe(3-Cl).I.F}$PEPTIDE1,PEPTIDE1,1:R1-7:R2$$$",-6.24100000,ok,,flexible
"PEPTIDE1{Me_Bal.P.meL.V.L.I.F}$PEPTIDE1,PEPTIDE1,1:R1-7:R2$$$",-5.78400000,ok,,flexible
"PEPTIDE1{Mono6.Ser(tBu).I.Me_Phe(3-Cl).dP.P.meL}$PEPTIDE1,PEPTIDE1,1:R1-7:R2$$$",-6.27000000,ok,,flexible
"PEPTIDE1{Me_Bal.T.L.Me_dL.dP.Mono84.P}$PEPTIDE1,PEPTIDE1,1:R1-7:R2$$$",-6.53000000,ok,,flexible
"PEPTIDE1{Me_Bal.dP.T.F.meL.P.T}$PEPTIDE1,PEPTIDE1,1:R1-7:R2$$$",-6.50500000,ok,,flexible
"PEPTIDE1{Me_dA.T.Me_Nle.dP.P.P.Me_dL}$PEPTIDE1,PEPTIDE1,1:R1-7:R2$$$",-6.57000000,ok,,flexible
"PEPTIDE1{dA.T.meA.meL.L.P.T}$PEPTIDE1,PEPTIDE1,1:R1-7:R2$$$",-6.15700000,ok,,flexible
"PEPTIDE1{Pr_Gly.dP.dP.P.G.Nle.meY}$PEPTIDE1,PEPTIDE1,1:R1-7:R2$$$",-6.37200000,ok,,flexible
"PEPTIDE1{Me_dA.F.G.meL.T.I.G}$PEPTIDE1,PEPTIDE1,1:R1-7:R2$$$",-6.37400000,ok,,flexible
"PEPTIDE1{dA.F.T.3Pal.P.P.I}$PEPTIDE1,PEPTIDE1,1:R1-7:R2$$$",-6.75200000,ok,,flexible
"PEPTIDE1{Me_dA.Me_dL.dP.meY.P.meL.P}$PEPTIDE1,PEPTIDE1,1:R1-7:R2$$$",-6.28800000,ok,,flexible
"PEPTIDE1{F.cHexCH2_Gly.I.T.dP.Et_Gly.dL}$PEPTIDE1,PEPTIDE1,1:R1-7:R2$$$",-6.29500000,ok,,flexible
"PEPTIDE1{dA.T.P.A.F.I.meL}$PEPTIDE1,PEPTIDE1,1:R1-7:R2$$$",-6.17500000,ok,,flexible
"PEPTIDE1{P.A.meA.Me_dA.F.Y.P}$PEPTIDE1,PEPTIDE1,1:R1-7:R2$$$",-7.26000000,ok,,flexible
"PEPTIDE1{Pr_Gly.dP.dP.T.F.Me_Phe(3-Cl).meL}$PEPTIDE1,PEPTIDE1,1:R1-7:R2$$$",-6.04300000,ok,,flexible
"PEPTIDE1{Me_dA.Mono38.P.dP.meA.I.Pr_Gly}$PEPTIDE1,PEPTIDE1,1:R1-7:R2$$$",-5.53500000,ok,,flexible
"PEPTIDE1{Me_Bal.meF.I.A.meA.T.T}$PEPTIDE1,PEPTIDE1,1:R1-7:R2$$$",-6.10200000,ok,,flexible
"PEPTIDE1{A.pentyl_Gly.L.meA.T.F.I}$PEPTIDE1,PEPTIDE1,1:R1-7:R2$$$",-5.57300000,ok,,flexible
"PEPTIDE1{Me_Bal.meA.F.dA.dF.T.P}$PEPTIDE1,PEPTIDE1,1:R1-7:R2$$$",-7.28600000,ok,,flexible
"PEPTIDE1{Me_dA.meL.Me_Phe(3-Cl).L.G.P.A}$PEPTIDE1,PEPTIDE1,1:R1-7:R2$$$",-6.03300000,ok,,flexible
"PEPTIDE1{A.G.Aib.Me_dA.meA.dF.F}$PEPTIDE1,PEPTIDE1,1:R1-7:R2$$$",-7.29400000,ok,,flexible
"PEPTIDE1{Mono6.Me_dA.A.Me_dL.P.F.P}$PEPTIDE1,PEPTIDE1,1:R1-7:R2$$$",-7.00900000,ok,,flexible
"PEPTIDE1{Me_Bal.T.dP.P.Me_dL.P.Y}$PEPTIDE1,PEPTIDE1,1:R1-7:R2$$$",-7.10500000,ok,,flexible
"PEPTIDE1{dA.T.I.P.P.dP.F}$PEPTIDE1,PEPTIDE1,1:R1-7:R2$$$",-6.79500000,ok,,flexible
"PEPTIDE1{Me_dA.dL.meA.V.P.Me_dL.dF}$PEPTIDE1,PEPTIDE1,1:R1-7:R2$$$",-6.05700000,ok,,flexible
"PEPTIDE1{meA.P.I.F.Me_dL.dP.P}$PEPTIDE1,PEPTIDE1,1:R1-7:R2$$$",-6.84700000,ok,,flexible
"PEPTIDE1{Mono6.T.dP.P.Y.meL.F}$PEPTIDE1,PEPTIDE1,1:R1-7:R2$$$",-6.30900000,ok,,flexible
"PEPTIDE1{A.pentyl_Gly.meL.G.Me_dL.V.meA}$PEPTIDE1,PEPTIDE1,1:R1-7:R2$$$",-5.59700000,ok,,flexible
"PEPTIDE1{dF.D.dL.Me_dL.meL.I.P}$PEPTIDE1,PEPTIDE1,1:R1-7:R2$$$",-5.27600000,ok,,flexible
"PEPTIDE1{dA.Me_dA.dL.G.meA.V.Me_dL}$PEPTIDE1,PEPTIDE1,1:R1-7:R2$$$",-5.87600000,ok,,flexible
"PEPTIDE1{Me_Bal.meA.meL.pentyl_Gly.V.P.Me_dL}$PEPTIDE1,PEPTIDE1,1:R1-7:R2$$$",-5.88200000,ok,,flexible
"PEPTIDE1{F.P.Nle.T.G.Et_Gly.I}$PEPTIDE1,PEPTIDE1,1:R1-7:R2$$$",-5.25300000,ok,,flexible
"PEPTIDE1{Me_Bal.T.I.Y.F.G.P}$PEPTIDE1,PEPTIDE1,1:R1-7:R2$$$",-7.59100000,ok,,flexible
"PEPTIDE1{meL.Me_dA.dP.T.Y.Mono6.G}$PEPTIDE1,PEPTIDE1,1:R1-7:R2$$$",-6.90800000,ok,,flexible
"PEPTIDE1{Me_Bal.F.A.pentyl_Gly.meA.Mono86.L}$PEPTIDE1,PEPTIDE1,1:R1-7:R2$$$",-6.11700000,ok,,flexible
"PEPTIDE1{meA.Pr_Gly.P.dP.Y.G.meL}$PEPTIDE1,PEPTIDE1,1:R1-7:R2$$$",-6.46100000,ok,,flexible
"PEPTIDE1{dF.T.meL.T.Me_Phe(3-Cl).F.Asp_piperidide}$PEPTIDE1,PEPTIDE1,1:R1-7:R2$$$",-6.00100000,ok,,flexible
"PEPTIDE1{L.meL.P.G.Y.T.P}$PEPTIDE1,PEPTIDE1,1:R1-7:R2$$$",-5.97900000,ok,,flexible
"PEPTIDE1{Me_dA.meL.Y.meY.Sar.G.Me_dL}$PEPTIDE1,PEPTIDE1,1:R1-7:R2$$$",-6.27900000,ok,,flexible
"PEPTIDE1{meA.A.Me_dL.G.dP.Ser(tBu).Me_dA}$PEPTIDE1,PEPTIDE1,1:R1-7:R2$$$",-5.86500000,ok,,flexible
"PEPTIDE1{Me_dA.P.T.P.dP.dP.F}$PEPTIDE1,PEPTIDE1,1:R1-7:R2$$$",-6.80900000,ok,,flexible
"PEPTIDE1{dV.meL.P.T.F.I.dP}$PEPTIDE1,PEPTIDE1,1:R1-7:R2$$$",-5.57200000,ok,,flexible
"PEPTIDE1{Me_Bal.Pr_Gly.Me_dL.T.dP.dA.Me_dA}$PEPTIDE1,PEPTIDE1,1:R1-7:R2$$$",-6.14200000,ok,,flexible
"PEPTIDE1{meA.dPye.A.L.dL.Mono84.Ser(tBu)}$PEPTIDE1,PEPTIDE1,1:R1-7:R2$$$",-5.67400000,ok,,flexible
"PEPTIDE1{Sar.T.meF.dL.I.V.Bn_Gly}$PEPTIDE1,PEPTIDE1,1:R1-7:R2$$$",-6.30200000,ok,,flexible
"PEPTIDE1{Mono6.Mono84.pentyl_Gly.T.L.F.Me_Phe(3-Cl)}$PEPTIDE1,PEPTIDE1,1:R1-7:R2$$$",-6.78100000,ok,,flexible
"PEPTIDE1{meL.dP.Me_dL.dP.V.P.I}$PEPTIDE1,PEPTIDE1,1:R1-7:R2$$$",-5.80100000,ok,,flexible
"PEPTIDE1{A.meA.dL.Me_dL.meL.F.P}$PEPTIDE1,PEPTIDE1,1:R1-7:R2$$$",-6.33000000,ok,,flexible
"PEPTIDE1{Mono6.Me_dA.P.dP.P.Y.I}$PEPTIDE1,PEPTIDE1,1:R1-7:R2$$$",-7.03600000,ok,,flexible
"PEPTIDE1{meA.dP.F.dL.meL.L.T}$PEPTIDE1,PEPTIDE1,1:R1-7:R2$$$",-5.69400000,ok,,flexible
"PEPTIDE1{A.meA.meF.T.F.dA.Me_dL}$PEPTIDE1,PEPTIDE1,1:R1-7:R2$$$",-6.91600000,ok,,flexible
"PEPTIDE1{meA.T.F.I.dP.G.meL}$PEPTIDE1,PEPTIDE1,1:R1-7:R2$$$",-5.97100000,ok,,flexible
"PEPTIDE1{Me_Bal.dA.L.V.meL.meA.I}$PEPTIDE1,PEPTIDE1,1:R1-7:R2$$$",-5.84400000,ok,,flexible
"PEPTIDE1{dA.dP.Aib.dV.V.Me_dA.F}$PEPTIDE1,PEPTIDE1,1:R1-7:R2$$$",-7.07700000,ok,,flexible
"PEPTIDE1{P.Me_dL.meA.dP.Y.dP.Me_dA}$PEPTIDE1,PEPTIDE1,1:R1-7:R2$$$",-8.16700000,ok,,flexible
"PEPTIDE1{Mono6.F.dP.cHexCH2_Gly.I.P.L}$PEPTIDE1,PEPTIDE1,1:R1-7:R2$$$",-6.89100000,ok,,flexible
"PEPTIDE1{Me_dA.V.F.A.P.T.meA}$PEPTIDE1,PEPTIDE1,1:R1-7:R2$$$",-6.83200000,ok,,flexible
"PEPTIDE1{dF.Et_Gly.meL.dP.Asp_piperidide.I.G}$PEPTIDE1,PEPTIDE1,1:R1-7:R2$$$",-6.46100000,ok,,flexible
"PEPTIDE1{Me_Bal.P.Me_dL.dP.Me_Phe(3-Cl).meL.T}$PEPTIDE1,PEPTIDE1,1:R1-7:R2$$$",-6.39800000,ok,,flexible
"PEPTIDE1{Me_Bal.Et_Gly.Asp_piperidide.meL.Mono6.Mono34.dP}$PEPTIDE1,PEPTIDE1,1:R1-7:R2$$$",-5.13800000,ok,,flexible
"PEPTIDE1{Me_dA.meL.dP.P.I.P.T}$PEPTIDE1,PEPTIDE1,1:R1-7:R2$$$",-6.24400000,ok,,flexible
"PEPTIDE1{P.dP.F.L.I.meL.T}$PEPTIDE1,PEPTIDE1,1:R1-7:R2$$$",-5.68400000,ok,,flexible
"PEPTIDE1{dA.T.dP.Me_dL.V.A.I}$PEPTIDE1,PEPTIDE1,1:R1-7:R2$$$",-5.98800000,ok,,flexible
"PEPTIDE1{F.I.meL.T.P.I.P}$PEPTIDE1,PEPTIDE1,1:R1-7:R2$$$",-5.57200000,ok,,flexible
"PEPTIDE1{P.F.T.I.meL.V.P}$PEPTIDE1,PEPTIDE1,1:R1-7:R2$$$",-5.95400000,ok,,flexible
"PEPTIDE1{Me_dA.F.meL.F.I.P.T}$PEPTIDE1,PEPTIDE1,1:R1-7:R2$$$",-6.06800000,ok,,flexible
"PEPTIDE1{A.T.I.V.P.F.P}$PEPTIDE1,PEPTIDE1,1:R1-7:R2$$$",-6.15400000,ok,,flexible
"PEPTIDE1{Me_Bal.P.P.I.T.Me_dL.dP}$PEPTIDE1,PEPTIDE1,1:R1-7:R2$$$",-6.54400000,ok,,flexible
"PEPTIDE1{Me_Bal.P.Sar.dP.L.V.G}$PEPTIDE1,PEPTIDE1,1:R1-7:R2$$$",-6.77900000,ok,,flexible
"PEPTIDE1{Sar.F.L.Ser(tBu).T.P.V}$PEPTIDE1,PEPTIDE1,1:R1-7:R2$$$",-5.91500000,ok,,flexible
"PEPTIDE1{meA.P.V.I.D.dP.G}$PEPTIDE1,PEPTIDE1,1:R1-7:R2$$$",-5.83300000,ok,,flexible
"PEPTIDE1{Me_dA.F.meL.T.L.V.G}$PEPTIDE1,PEPTIDE1,1:R1-7:R2$$$",-5.58300000,ok,,flexible
"PEPTIDE1{Sar.F.T.T.dP.meL.I}$PEPTIDE1,PEPTIDE1,1:R1-7:R2$$$",-5.65200000,ok,,flexible
"PEPTIDE1{A.T.Me_dL.F.P.I.V}$PEPTIDE1,PEPTIDE1,1:R1-7:R2$$$",-5.92200000,ok,,flexible
"PEPTIDE1{meA.Me_dA.G.meL.Ser(tBu).dP.Me_dL}$PEPTIDE1,PEPTIDE1,1:R1-7:R2$$$",-6.37200000,ok,,flexible
"PEPTIDE1{Me_dA.P.I.V.meA.meF.Me_dL}$PEPTIDE1,PEPTIDE1,1:R1-7:R2$$$",-5.64100000,ok,,flexible
"PEPTIDE1{meA.F.I.dA.dP.meL.meY}$PEPTIDE1,PEPTIDE1,1:R1-7:R2$$$",-6.40800000,ok,,flexible
"PEPTIDE1{Me_Bal.dP.meL.I.G.Me_dL.P}$PEPTIDE1,PEPTIDE1,1:R1-7:R2$$$",-6.75900000,ok,,flexible
"PEPTIDE1{Mono6.dP.T.P.P.meL.Me_dL}$PEPTIDE1,PEPTIDE1,1:R1-7:R2$$$",-6.22600000,ok,,flexible
"PEPTIDE1{A.meL.F.T.dP.P.P}$PEPTIDE1,PEPTIDE1,1:R1-7:R2$$$",-7.52900000,ok,,flexible
"PEPTIDE1{dV.T.P.F.Phe(4-CF3).G.dP}$PEPTIDE1,PEPTIDE1,1:R1-7:R2$$$",-7.41800000,ok,,flexible
"PEPTIDE1{Me_dA.dF.L.T.Mono78.meA.T}$PEPTIDE1,PEPTIDE1,1:R1-7:R2$$$",-6.23600000,ok,,flexible
"PEPTIDE1{Me_Bal.Mono38.L.pentyl_Gly.dP.Me_dA.T}$PEPTIDE1,PEPTIDE1,1:R1-7:R2$$$",-5.72900000,ok,,flexible
"PEPTIDE1{dA.dPye.P.dP.meL.L.F}$PEPTIDE1,PEPTIDE1,1:R1-7:R2$$$",-6.01900000,ok,,flexible
"PEPTIDE1{Me_Bal.Me_dA.P.G.dF.I.Ser(tBu)}$PEPTIDE1,PEPTIDE1,1:R1-7:R2$$$",-6.32000000,ok,,flexible
"PEPTIDE1{F.Pr_Gly.L.meL.dP.I.dL}$PEPTIDE1,PEPTIDE1,1:R1-7:R2$$$",-5.47600000,ok,,flexible
"PEPTIDE1{dF.meL.Me_Phe(3-Cl).P.P.D.I}$PEPTIDE1,PEPTIDE1,1:R1-7:R2$$$",-6.42600000,ok,,flexible
"PEPTIDE1{Me_Bal.G.I.F.meL.dP.P}$PEPTIDE1,PEPTIDE1,1:R1-7:R2$$$",-7.08400000,ok,,flexible
"PEPTIDE1{dV.meY.dP.Me_dL.Mono6.P.dP}$PEPTIDE1,PEPTIDE1,1:R1-7:R2$$$",-6.82900000,ok,,flexible
"PEPTIDE1{dA.G.F.I.dP.F.P}$PEPTIDE1,PEPTIDE1,1:R1-7:R2$$$",-7.39100000,ok,,flexible
"PEPTIDE1{Mono6.dP.F.meL.G.I.T}$PEPTIDE1,PEPTIDE1,1:R1-7:R2$$$",-6.32100000,ok,,flexible
"PEPTIDE1{Mono6.P.cHexCH2_Gly.I.dL.Mono84.P}$PEPTIDE1,PEPTIDE1,1:R1-7:R2$$$",-6.50000000,ok,,flexible
"PEPTIDE1{meL.Me_Phe(3-Cl).T.T.G.dP.D}$PEPTIDE1,PEPTIDE1,1:R1-7:R2$$$",-6.64300000,ok,,flexible
"PEPTIDE1{Me_Bal.A.F.Mono86.P.I.T}$PEPTIDE1,PEPTIDE1,1:R1-7:R2$$$",-6.29100000,ok,,flexible
"PEPTIDE1{dV.V.F.I.G.G.D}$PEPTIDE1,PEPTIDE1,1:R1-7:R2$$$",-5.82600000,ok,,flexible
"PEPTIDE1{meA.I.P.T.dL.Me_dL.dA}$PEPTIDE1,PEPTIDE1,1:R1-7:R2$$$",-5.23800000,ok,,flexible
"PEPTIDE1{Me_Bal.Pr_Gly.T.P.meL.I.F}$PEPTIDE1,PEPTIDE1,1:R1-7:R2$$$",-5.77800000,ok,,flexible
"PEPTIDE1{A.Me_dL.dP.F.L.meL.I}$PEPTIDE1,PEPTIDE1,1:R1-7:R2$$$",-5.47300000,ok,,flexible
"PEPTIDE1{dP.V.F.P.T.dL.Me_Phe(3-Cl)}$PEPTIDE1,PEPTIDE1,1:R1-7:R2$$$",-6.56800000,ok,,flexible
"PEPTIDE1{dF.dP.P.F.P.Y.meL}$PEPTIDE1,PEPTIDE1,1:R1-7:R2$$$",-6.87200000,ok,,flexible
"PEPTIDE1{Me_Bal.cHexCH2_Gly.pentyl_Gly.dL.G.T.L}$PEPTIDE1,PEPTIDE1,1:R1-7:R2$$$",-5.52700000,ok,,flexible
"PEPTIDE1{Me_Bal.dP.I.dL.P.T.P}$PEPTIDE1,PEPTIDE1,1:R1-7:R2$$$",-6.33700000,ok,,flexible
"PEPTIDE1{meA.A.F.T.I.Me_dL.P}$PEPTIDE1,PEPTIDE1,1:R1-7:R2$$$",-6.23500000,ok,,flexible
"PEPTIDE1{A.meL.I.T.Me_dL.Ser(tBu).P}$PEPTIDE1,PEPTIDE1,1:R1-7:R2$$$",-5.30400000,ok,,flexible
"PEPTIDE1{A.meL.I.T.Me_Phe(3-Cl).V.dP}$PEPTIDE1,PEPTIDE1,1:R1-7:R2$$$",-6.35300000,ok,,flexible
"PEPTIDE1{F.dP.meL.Ser(tBu).A.dL.dL}$PEPTIDE1,PEPTIDE1,1:R1-7:R2$$$",-5.92900000,ok,,flexible
"PEPTIDE1{Mono6.dP.dP.T.D.meY.Y}$PEPTIDE1,PEPTIDE1,1:R1-7:R2$$$",-7.99900000,ok,,flexible
"PEPTIDE1{A.Pr_Gly.Pr_Gly.A.P.dV.Me_dL}$PEPTIDE1,PEPTIDE1,1:R1-7:R2$$$",-5.41700000,ok,,flexible
"PEPTIDE1{meA.Me_dL.Me_dA.P.Y.P.Asp_piperidide}$PEPTIDE1,PEPTIDE1,1:R1-7:R2$$$",-7.05500000,ok,,flexible
"PEPTIDE1{Me_Bal.L.dP.Ser(tBu).I.P.V}$PEPTIDE1,PEPTIDE1,1:R1-7:R2$$$",-5.94800000,ok,,flexible
"PEPTIDE1{Mono6.meA.Me_Phe(3-Cl).dP.T.F.G}$PEPTIDE1,PEPTIDE1,1:R1-7:R2$$$",-7.35400000,ok,,flexible
"PEPTIDE1{dF.T.Me_Nle.I.dP.G.dP}$PEPTIDE1,PEPTIDE1,1:R1-7:R2$$$",-6.33200000,ok,,flexible
"PEPTIDE1{Me_dA.P.V.P.T.Me_dL.I}$PEPTIDE1,PEPTIDE1,1:R1-7:R2$$$",-6.16500000,ok,,flexible
"PEPTIDE1{Me_Bal.dP.meL.A.P.T.I}$PEPTIDE1,PEPTIDE1,1:R1-7:R2$$$",-6.16600000,ok,,flexible
"PEPTIDE1{Me_Bal.cHexCH2_Gly.I.pentyl_Gly.A.F.L}$PEPTIDE1,PEPTIDE1,1:R1-7:R2$$$",-5.72100000,ok,,flexible
"PEPTIDE1{Pr_Gly.meY.Mono6.T.P.P.dP}$PEPTIDE1,PEPTIDE1,1:R1-7:R2$$$",-6.63100000,ok,,flexible
"PEPTIDE1{Pr_Gly.T.pentyl_Gly.I.Ser(tBu).T.meL}$PEPTIDE1,PEPTIDE1,1:R1-7:R2$$$",-4.61400000,ok,,flexible
"PEPTIDE1{dA.Me_dL.dP.F.P.Sar.P}$PEPTIDE1,PEPTIDE1,1:R1-7:R2$$$",-7.21900000,ok,,flexible
"PEPTIDE1{meA.Pr_Gly.F.P.I.dP.P}$PEPTIDE1,PEPTIDE1,1:R1-7:R2$$$",-6.58400000,ok,,flexible
"PEPTIDE1{Mono6.D.P.V.meL.dP.I}$PEPTIDE1,PEPTIDE1,1:R1-7:R2$$$",-6.06600000,ok,,flexible
"PEPTIDE1{Sar.F.Me_dL.L.I.V.meF}$PEPTIDE1,PEPTIDE1,1:R1-7:R2$$$",-6.28000000,ok,,flexible
"PEPTIDE1{Sar.I.F.Mono78.meL.P.L}$PEPTIDE1,PEPTIDE1,1:R1-7:R2$$$",-5.36300000,ok,,flexible
"PEPTIDE1{meA.meL.F.F.L.T.Me_dL}$PEPTIDE1,PEPTIDE1,1:R1-7:R2$$$",-6.10100000,ok,,flexible
"PEPTIDE1{meA.meF.Ser(tBu).F.Me_dL.P.T}$PEPTIDE1,PEPTIDE1,1:R1-7:R2$$$",-6.54000000,ok,,flexible
"PEPTIDE1{dA.Me_dL.meL.T.L.P.I}$PEPTIDE1,PEPTIDE1,1:R1-7:R2$$$",-6.21300000,ok,,flexible
"PEPTIDE1{A.dL.dP.Et_Gly.Asp_piperidide.meL.P}$PEPTIDE1,PEPTIDE1,1:R1-7:R2$$$",-5.76500000,ok,,flexible
"PEPTIDE1{dA.F.Me_dA.dP.A.L.dL}$PEPTIDE1,PEPTIDE1,1:R1-7:R2$$$",-6.41300000,ok,,flexible
"PEPTIDE1{Mono6.dP.A.P.I.V.Me_dL}$PEPTIDE1,PEPTIDE1,1:R1-7:R2$$$",-6.41500000,ok,,flexible
"PEPTIDE1{Me_Bal.Me_dA.P.V.Me_dL.F.P}$PEPTIDE1,PEPTIDE1,1:R1-7:R2$$$",-6.42400000,ok,,flexible
"PEPTIDE1{meA.pentyl_Gly.dP.T.P.meL.dL}$PEPTIDE1,PEPTIDE1,1:R1-7:R2$$$",-5.39300000,ok,,flexible
"PEPTIDE1{P.dA.Pr_Gly.A.G.T.L}$PEPTIDE1,PEPTIDE1,1:R1-7:R2$$$",-6.28000000,ok,,flexible
"PEPTIDE1{dP.meF.Me_dL.P.I.V.F}$PEPTIDE1,PEPTIDE1,1:R1-7:R2$$$",-6.37200000,ok,,flexible
"PEPTIDE1{dV.L.G.Mono7.F.I.meA}$PEPTIDE1,PEPTIDE1,1:R1-7:R2$$$",-6.19200000,ok,,flexible
"PEPTIDE1{dA.I.meL.P.meA.F.P}$PEPTIDE1,PEPTIDE1,1:R1-7:R2$$$",-6.29600000,ok,,flexible
"PEPTIDE1{Me_dA.F.P.G.D.T.P}$PEPTIDE1,PEPTIDE1,1:R1-7:R2$$$",-6.69000000,ok,,flexible
"PEPTIDE1{dV.L.meL.P.T.Me_Phe(3-Cl).P}$PEPTIDE1,PEPTIDE1,1:R1-7:R2$$$",-6.84700000,ok,,flexible
"PEPTIDE1{A.Pr_Gly.meL.P.Me_dL.Y.I}$PEPTIDE1,PEPTIDE1,1:R1-7:R2$$$",-6.03500000,ok,,flexible
"PEPTIDE1{meA.I.Mono38.A.Ser(tBu).F.P}$PEPTIDE1,PEPTIDE1,1:R1-7:R2$$$",-6.10900000,ok,,flexible
"PEPTIDE1{dF.Mono84.dL.T.P.P.I}$PEPTIDE1,PEPTIDE1,1:R1-7:R2$$$",-6.69800000,ok,,flexible
"PEPTIDE1{A.T.dF.P.meL.F.G}$PEPTIDE1,PEPTIDE1,1:R1-7:R2$$$",-6.62400000,ok,,flexible
"PEPTIDE1{Me_Bal.dP.dP.Y.P.P.T}$PEPTIDE1,PEPTIDE1,1:R1-7:R2$$$",-7.92400000,ok,,flexible
"PEPTIDE1{dA.meA.F.dF.A.V.meL}$PEPTIDE1,PEPTIDE1,1:R1-7:R2$$$",-5.76800000,ok,,flexible
"PEPTIDE1{Me_dA.dP.P.P.dP.T.meY}$PEPTIDE1,PEPTIDE1,1:R1-7:R2$$$",-7.01700000,ok,,flexible
"PEPTIDE1{meA.dL.Ser(tBu).A.dP.L.meL}$PEPTIDE1,PEPTIDE1,1:R1-7:R2$$$",-6.06500000,ok,,flexible
"PEPTIDE1{Pr_Gly.meY.meL.dP.Y.dP.P}$PEPTIDE1,PEPTIDE1,1:R1-7:R2$$$",-6.39500000,ok,,flexible
"PEPTIDE1{Me_Bal.dP.D.P.F.G.Y}$PEPTIDE1,PEPTIDE1,1:R1-7:R2$$$",-6.83200000,ok,,flexible
"PEPTIDE1{Me_dA.dP.T.D.meL.I.Y}$PEPTIDE1,PEPTIDE1,1:R1-7:R2$$$",-5.89700000,ok,,flexible
"PEPTIDE1{Pr_Gly.Me_dL.dP.P.Y.P.D}$PEPTIDE1,PEPTIDE1,1:R1-7:R2$$$",-6.19700000,ok,,flexible
"PEPTIDE1{meA.meY.Me_dA.dP.Me_dL.Mono6.T}$PEPTIDE1,PEPTIDE1,1:R1-7:R2$$$",-6.69500000,ok,,flexible
"PEPTIDE1{dA.T.meL.dP.Me_dL.meA.V}$PEPTIDE1,PEPTIDE1,1:R1-7:R2$$$",-6.08500000,ok,,flexible
"PEPTIDE1{dV.pentyl_Gly.D.dP.meL.V.Ser(tBu)}$PEPTIDE1,PEPTIDE1,1:R1-7:R2$$$",-5.25600000,ok,,flexible
"PEPTIDE1{dP.dA.meL.L.dL.meA.G}$PEPTIDE1,PEPTIDE1,1:R1-7:R2$$$",-6.61900000,ok,,flexible
"PEPTIDE1{dF.P.Asp_piperidide.meL.T.dP.Y}$PEPTIDE1,PEPTIDE1,1:R1-7:R2$$$",-5.68100000,ok,,flexible
"PEPTIDE1{Me_Bal.dP.P.Me_dL.G.meL.T}$PEPTIDE1,PEPTIDE1,1:R1-7:R2$$$",-6.09300000,ok,,flexible
"PEPTIDE1{meA.Ser(tBu).dL.dP.V.meL.Me_dL}$PEPTIDE1,PEPTIDE1,1:R1-7:R2$$$",-6.22900000,ok,,flexible
"PEPTIDE1{meA.dP.dP.pentyl_Gly.T.P.F}$PEPTIDE1,PEPTIDE1,1:R1-7:R2$$$",-6.07800000,ok,,flexible
"PEPTIDE1{Me_Bal.Me_Nle.dP.T.I.dL.L}$PEPTIDE1,PEPTIDE1,1:R1-7:R2$$$",-5.66800000,ok,,flexible
"PEPTIDE1{meA.Asp_piperidide.Me_Phe(3-Cl).meL.P.D.P}$PEPTIDE1,PEPTIDE1,1:R1-7:R2$$$",-7.03700000,ok,,flexible
"PEPTIDE1{dA.P.dP.F.Me_Phe(3-Cl).T.meL}$PEPTIDE1,PEPTIDE1,1:R1-7:R2$$$",-6.70500000,ok,,flexible
"PEPTIDE1{L.Sar.dP.P.G.F.meL}$PEPTIDE1,PEPTIDE1,1:R1-7:R2$$$",-6.53800000,ok,,flexible
"PEPTIDE1{Mono6.dP.P.T.Y.D.dP}$PEPTIDE1,PEPTIDE1,1:R1-7:R2$$$",-7.22000000,ok,,flexible
"PEPTIDE1{A.meA.V.Me_dA.Me_dL.L.dA}$PEPTIDE1,PEPTIDE1,1:R1-7:R2$$$",-5.92500000,ok,,flexible
"PEPTIDE1{dA.L.pentyl_Gly.Sar.T.F.P}$PEPTIDE1,PEPTIDE1,1:R1-7:R2$$$",-6.23100000,ok,,flexible
"PEPTIDE1{F.dP.Et_Gly.I.G.Me_Phe(3-Cl).T}$PEPTIDE1,PEPTIDE1,1:R1-7:R2$$$",-6.04100000,ok,,flexible
"PEPTIDE1{Me_Bal.T.L.D.P.meL.Me_dL}$PEPTIDE1,PEPTIDE1,1:R1-7:R2$$$",-5.48000000,ok,,flexible
"PEPTIDE1{Me_dA.pentyl_Gly.I.dL.dP.meF.T}$PEPTIDE1,PEPTIDE1,1:R1-7:R2$$$",-6.04400000,ok,,flexible
"PEPTIDE1{A.G.F.dY.D.G.dP}$PEPTIDE1,PEPTIDE1,1:R1-7:R2$$$",-6.80900000,ok,,flexible
"PEPTIDE1{Me_Bal.meL.meA.dP.T.P.P}$PEPTIDE1,PEPTIDE1,1:R1-7:R2$$$",-6.82400000,ok,,flexible
"PEPTIDE1{meL.Asp_piperidide.D.T.dP.Me_Phe(3-Cl).F}$PEPTIDE1,PEPTIDE1,1:R1-7:R2$$$",-6.20200000,ok,,flexible
"PEPTIDE1{Me_dA.F.pentyl_Gly.L.I.meA.meL}$PEPTIDE1,PEPTIDE1,1:R1-7:R2$$$",-5.39700000,ok,,flexible
"PEPTIDE1{A.P.dL.L.meL.F.I}$PEPTIDE1,PEPTIDE1,1:R1-7:R2$$$",-6.20900000,ok,,flexible
"PEPTIDE1{A.L.P.dA.V.T.Me_dL}$PEPTIDE1,PEPTIDE1,1:R1-7:R2$$$",-6.10700000,ok,,flexible
"PEPTIDE1{Me_Bal.dP.F.Me_dL.G.L.P}$PEPTIDE1,PEPTIDE1,1:R1-7:R2$$$",-6.94300000,ok,,flexible
"PEPTIDE1{dA.dP.meL.Me_dL.D.P.F}$PEPTIDE1,PEPTIDE1,1:R1-7:R2$$$",-7.19100000,ok,,flexible
"PEPTIDE1{Me_dA.dV.T.Me_dL.meL.G.dP}$PEPTIDE1,PEPTIDE1,1:R1-7:R2$$$",-6.08000000,ok,,flexible
"PEPTIDE1{meA.meL.dL.L.F.G.I}$PEPTIDE1,PEPTIDE1,1:R1-7:R2$$$",-5.97400000,ok,,flexible
"PEPTIDE1{Me_Bal.T.dL.Ser(tBu).P.L.F}$PEPTIDE1,PEPTIDE1,1:R1-7:R2$$$",-5.48500000,ok,,flexible
"PEPTIDE1{Me_Bal.G.F.Y.T.I.Sar}$PEPTIDE1,PEPTIDE1,1:R1-7:R2$$$",-6.63000000,ok,,flexible
"PEPTIDE1{Me_Bal.meA.T.F.P.T.dP}$PEPTIDE1,PEPTIDE1,1:R1-7:R2$$$",-7.55000000,ok,,flexible
"PEPTIDE1{dV.T.Me_dL.I.F.dP.I}$PEPTIDE1,PEPTIDE1,1:R1-7:R2$$$",-5.28300000,ok,,flexible
"PEPTIDE1{Sar.P.A.T.T.F.I}$PEPTIDE1,PEPTIDE1,1:R1-7:R2$$$",-6.17400000,ok,,flexible
"PEPTIDE1{dV.Me_dL.F.P.meL.P.G}$PEPTIDE1,PEPTIDE1,1:R1-7:R2$$$",-6.65200000,ok,,flexible
"PEPTIDE1{Me_dA.Me_dL.L.P.dP.meL.P}$PEPTIDE1,PEPTIDE1,1:R1-7:R2$$$",-6.41700000,ok,,flexible
"PEPTIDE1{dF.dP.Mono86.meL.P.Mono84.F}$PEPTIDE1,PEPTIDE1,1:R1-7:R2$$$",-7.12400000,ok,,flexible
"PEPTIDE1{F.T.Phe(4-CF3).I.Me_Phe(3-Cl).dP.I}$PEPTIDE1,PEPTIDE1,1:R1-7:R2$$$",-6.54500000,ok,,flexible
"PEPTIDE1{dV.dA.T.dP.Me_dL.L.meA}$PEPTIDE1,PEPTIDE1,1:R1-7:R2$$$",-6.10600000,ok,,flexible
"PEPTIDE1{dA.I.F.meL.G.D.P}$PEPTIDE1,PEPTIDE1,1:R1-7:R2$$$",-5.67900000,ok,,flexible
"PEPTIDE1{Pr_Gly.L.I.Mono84.P.dP.Mono84}$PEPTIDE1,PEPTIDE1,1:R1-7:R2$$$",-6.74600000,ok,,flexible
"PEPTIDE1{meL.D.P.P.I.F.Phe(4-CF3)}$PEPTIDE1,PEPTIDE1,1:R1-7:R2$$$",-6.01600000,ok,,flexible
"PEPTIDE1{Mono6.P.Ser(tBu).T.dL.L.Me_Phe(3-Cl)}$PEPTIDE1,PEPTIDE1,1:R1-7:R2$$$",-5.83400000,ok,,flexible
"PEPTIDE1{Me_dA.P.T.meL.meY.Mono6.Me_dL}$PEPTIDE1,PEPTIDE1,1:R1-7:R2$$$",-6.56200000,ok,,flexible
"PEPTIDE1{L.T.P.dP.meL.D.F}$PEPTIDE1,PEPTIDE1,1:R1-7:R2$$$",-6.03200000,ok,,flexible
"PEPTIDE1{A.Pr_Gly.Me_dA.P.meL.T.G}$PEPTIDE1,PEPTIDE1,1:R1-7:R2$$$",-6.06400000,ok,,flexible
"PEPTIDE1{P.dP.D.T.meL.Y.P}$PEPTIDE1,PEPTIDE1,1:R1-7:R2$$$",-6.24200000,ok,,flexible
"PEPTIDE1{P.meL.A.G.dP.F.V}$PEPTIDE1,PEPTIDE1,1:R1-7:R2$$$",-6.57200000,ok,,flexible
"PEPTIDE1{dF.A.meA.Mono84.P.Ser(tBu).I}$PEPTIDE1,PEPTIDE1,1:R1-7:R2$$$",-6.11700000,ok,,flexible
"PEPTIDE1{Me_dA.Me_dAbu.T.P.P.meL.dP}$PEPTIDE1,PEPTIDE1,1:R1-7:R2$$$",-6.10000000,ok,,flexible
"PEPTIDE1{dF.Me_dL.dP.meL.P.Mono6.T}$PEPTIDE1,PEPTIDE1,1:R1-7:R2$$$",-7.06800000,ok,,flexible
"PEPTIDE1{Sar.meL.T.A.I.P.dP}$PEPTIDE1,PEPTIDE1,1:R1-7:R2$$$",-6.45900000,ok,,flexible
"PEPTIDE1{Me_dA.dP.meL.P.P.F.Me_dL}$PEPTIDE1,PEPTIDE1,1:R1-7:R2$$$",-6.51900000,ok,,flexible
"PEPTIDE1{meA.Ser(tBu).T.V.L.Me_dL.F}$PEPTIDE1,PEPTIDE1,1:R1-7:R2$$$",-5.55300000,ok,,flexible
"PEPTIDE1{Pr_Gly.A.Me_Phe(3-Cl).P.meL.F.L}$PEPTIDE1,PEPTIDE1,1:R1-7:R2$$$",-6.14100000,ok,,flexible
"PEPTIDE1{Me_Bal.meA.G.P.V.meL.dL}$PEPTIDE1,PEPTIDE1,1:R1-7:R2$$$",-6.93600000,ok,,flexible
"PEPTIDE1{meA.F.L.Ser(tBu).Me_Phe(3-Cl).T.dP}$PEPTIDE1,PEPTIDE1,1:R1-7:R2$$$",-6.45100000,ok,,flexible
"PEPTIDE1{Me_dA.I.A.T.F.meL.Me_dL}$PEPTIDE1,PEPTIDE1,1:R1-7:R2$$$",-6.10200000,ok,,flexible
"PEPTIDE1{A.dF.pentyl_Gly.Phe(4-CF3).iBu_Gly.cHexCH2_Gly.F}$PEPTIDE1,PEPTIDE1,1:R1-7:R2$$$",-5.44800000,ok,,flexible
"PEPTIDE1{dA.meA.T.P.F.V.meL}$PEPTIDE1,PEPTIDE1,1:R1-7:R2$$$",-6.14400000,ok,,flexible
"PEPTIDE1{F.I.Ser(tBu).A.dP.T.L}$PEPTIDE1,PEPTIDE1,1:R1-7:R2$$$",-6.15500000,ok,,flexible
"PEPTIDE1{Pr_Gly.dP.dP.pentyl_Gly.P.meL.P}$PEPTIDE1,PEPTIDE1,1:R1-7:R2$$$",-5.76000000,ok,,flexible
"PEPTIDE1{Me_dA.Me_dL.P.F.meL.I.dP}$PEPTIDE1,PEPTIDE1,1:R1-7:R2$$$",-5.92500000,ok,,flexible
"PEPTIDE1{Me_dA.meY.Pr_Gly.dP.Me_dL.P.P}$PEPTIDE1,PEPTIDE1,1:R1-7:R2$$$",-6.67200000,ok,,flexible
"PEPTIDE1{Me_dA.T.I.L.F.Me_Phe(3-Cl).Nle}$PEPTIDE1,PEPTIDE1,1:R1-7:R2$$$",-5.61100000,ok,,flexible
"PEPTIDE1{Me_Bal.meL.dL.Mono84.Ser(tBu).meA.Mono34}$PEPTIDE1,PEPTIDE1,1:R1-7:R2$$$",-4.85300000,ok,,flexible
"PEPTIDE1{Me_Bal.cHexCH2_Gly.F.T.T.meY.meL}$PEPTIDE1,PEPTIDE1,1:R1-7:R2$$$",-5.78600000,ok,,flexible
"PEPTIDE1{P.F.meL.L.V.I.G}$PEPTIDE1,PEPTIDE1,1:R1-7:R2$$$",-5.68700000,ok,,flexible
"PEPTIDE1{meL.meY.Asp_piperidide.P.F.Me_Phe(3-Cl).I}$PEPTIDE1,PEPTIDE1,1:R1-7:R2$$$",-5.64900000,ok,,flexible
"PEPTIDE1{dA.F.G.dP.T.Me_dL.Me_Phe(3-Cl)}$PEPTIDE1,PEPTIDE1,1:R1-7:R2$$$",-6.42700000,ok,,flexible
"PEPTIDE1{A.meA.meL.meY.Y.dP.F}$PEPTIDE1,PEPTIDE1,1:R1-7:R2$$$",-6.18700000,ok,,flexible
"PEPTIDE1{meA.dA.Me_dA.T.Ser(tBu).dP.meL}$PEPTIDE1,PEPTIDE1,1:R1-7:R2$$$",-5.89000000,ok,,flexible
"PEPTIDE1{Me_dA.meL.F.I.D.V.G}$PEPTIDE1,PEPTIDE1,1:R1-7:R2$$$",-5.71000000,ok,,flexible
"PEPTIDE1{meA.meF.V.F.T.T.G}$PEPTIDE1,PEPTIDE1,1:R1-7:R2$$$",-6.75100000,ok,,flexible
"PEPTIDE1{dP.Pr_Gly.Pr_Gly.A.F.V.Me_dL}$PEPTIDE1,PEPTIDE1,1:R1-7:R2$$$",-5.59800000,ok,,flexible
"PEPTIDE1{A.dP.F.meL.Me_dL.G.Y}$PEPTIDE1,PEPTIDE1,1:R1-7:R2$$$",-6.20500000,ok,,flexible
"PEPTIDE1{Me_Bal.F.Mono78.I.V.T.meL}$PEPTIDE1,PEPTIDE1,1:R1-7:R2$$$",-6.30300000,ok,,flexible
"PEPTIDE1{Mono6.P.Nle.T.Me_Phe(3-Cl).meL.G}$PEPTIDE1,PEPTIDE1,1:R1-7:R2$$$",-5.96300000,ok,,flexible
"PEPTIDE1{Me_Bal.Pr_Gly.Me_dL.F.P.F.T}$PEPTIDE1,PEPTIDE1,1:R1-7:R2$$$",-5.29500000,ok,,flexible
"PEPTIDE1{meA.P.V.meL.I.G.dP}$PEPTIDE1,PEPTIDE1,1:R1-7:R2$$$",-6.47400000,ok,,flexible
"PEPTIDE1{meA.T.G.F.P.I.P}$PEPTIDE1,PEPTIDE1,1:R1-7:R2$$$",-7.09000000,ok,,flexible
"PEPTIDE1{F.pentyl_Gly.Mono84.T.P.dP.dL}$PEPTIDE1,PEPTIDE1,1:R1-7:R2$$$",-5.83500000,ok,,flexible
"PEPTIDE1{Me_Bal.A.meL.dP.dP.V.P}$PEPTIDE1,PEPTIDE1,1:R1-7:R2$$$",-6.84600000,ok,,flexible
"PEPTIDE1{meA.dP.F.G.T.P.I}$PEPTIDE1,PEPTIDE1,1:R1-7:R2$$$",-6.68200000,ok,,flexible
"PEPTIDE1{meA.D.I.V.P.meL.L}$PEPTIDE1,PEPTIDE1,1:R1-7:R2$$$",-5.53900000,ok,,flexible
"PEPTIDE1{dV.meL.V.L.dP.F.P}$PEPTIDE1,PEPTIDE1,1:R1-7:R2$$$",-6.31800000,ok,,flexible
"PEPTIDE1{A.meY.meA.P.meL.Me_dAbu.T}$PEPTIDE1,PEPTIDE1,1:R1-7:R2$$$",-6.86900000,ok,,flexible
"PEPTIDE1{Pr_Gly.P.Mono84.dP.T.dP.G}$PEPTIDE1,PEPTIDE1,1:R1-7:R2$$$",-6.55400000,ok,,flexible
"PEPTIDE1{dF.pentyl_Gly.cHexCH2_Gly.meL.dP.F.Ser(tBu)}$PEPTIDE1,PEPTIDE1,1:R1-7:R2$$$",-4.94700000,ok,,flexible
"PEPTIDE1{P.meL.Mono7.Me_dL.Mono34.Et_Gly.I}$PEPTIDE1,PEPTIDE1,1:R1-7:R2$$$",-5.60000000,ok,,flexible
"PEPTIDE1{F.dP.T.L.P.Me_Phe(3-Cl).P}$PEPTIDE1,PEPTIDE1,1:R1-7:R2$$$",-7.13800000,ok,,flexible
"PEPTIDE1{A.T.V.T.P.Me_dL.I}$PEPTIDE1,PEPTIDE1,1:R1-7:R2$$$",-6.17800000,ok,,flexible
"PEPTIDE1{dA.P.T.P.F.V.T}$PEPTIDE1,PEPTIDE1,1:R1-7:R2$$$",-7.45300000,ok,,flexible
"PEPTIDE1{P.T.F.meF.meL.Me_dL.Me_dA}$PEPTIDE1,PEPTIDE1,1:R1-7:R2$$$",-5.91100000,ok,,flexible
"PEPTIDE1{Me_dA.Mono38.dP.Me_dL.I.meA.meF}$PEPTIDE1,PEPTIDE1,1:R1-7:R2$$$",-5.80400000,ok,,flexible
"PEPTIDE1{dA.L.cHexCH2_Gly.T.P.Nle.I}$PEPTIDE1,PEPTIDE1,1:R1-7:R2$$$",-6.40900000,ok,,flexible
"PEPTIDE1{meA.D.I.dP.I.A.meL}$PEPTIDE1,PEPTIDE1,1:R1-7:R2$$$",-5.56900000,ok,,flexible
"PEPTIDE1{dA.T.Mono84.A.P.dP.I}$PEPTIDE1,PEPTIDE1,1:R1-7:R2$$$",-6.90700000,ok,,flexible
"PEPTIDE1{Me_dA.P.Ser(tBu).F.P.meA.meL}$PEPTIDE1,PEPTIDE1,1:R1-7:R2$$$",-6.39800000,ok,,flexible
"PEPTIDE1{Me_dA.meL.P.Sar.Mono78.L.I}$PEPTIDE1,PEPTIDE1,1:R1-7:R2$$$",-6.19000000,ok,,flexible
"PEPTIDE1{dV.A.Me_dL.L.P.F.meL}$PEPTIDE1,PEPTIDE1,1:R1-7:R2$$$",-6.44200000,ok,,flexible
"PEPTIDE1{Me_Bal.P.meL.T.dP.V.F}$PEPTIDE1,PEPTIDE1,1:R1-7:R2$$$",-5.99400000,ok,,flexible
"PEPTIDE1{dA.meA.L.I.P.F.T}$PEPTIDE1,PEPTIDE1,1:R1-7:R2$$$",-5.74100000,ok,,flexible
"PEPTIDE1{Mono6.Me_dL.Y.Asp_piperidide.dP.G.meL}$PEPTIDE1,PEPTIDE1,1:R1-7:R2$$$",-6.49800000,ok,,flexible
"PEPTIDE1{Mono6.G.Me_dL.P.dP.I.meL}$PEPTIDE1,PEPTIDE1,1:R1-7:R2$$$",-5.68700000,ok,,flexible
"PEPTIDE1{meA.meL.F.dP.D.P.Phe(4-CF3)}$PEPTIDE1,PEPTIDE1,1:R1-7:R2$$$",-6.65500000,ok,,flexible
"PEPTIDE1{F.Me_dA.Me_Phe(3-Cl).T.Mono34.Pr_Gly.G}$PEPTIDE1,PEPTIDE1,1:R1-7:R2$$$",-5.35600000,ok,,flexible
"PEPTIDE1{meA.meL.dP.P.F.D.I}$PEPTIDE1,PEPTIDE1,1:R1-7:R2$$$",-6.21400000,ok,,flexible
"PEPTIDE1{A.P.Me_dL.L.meL.I.Me_Phe(3-Cl)}$PEPTIDE1,PEPTIDE1,1:R1-7:R2$$$",-5.45500000,ok,,flexible
"PEPTIDE1{Me_Bal.L.I.A.dP.F.I}$PEPTIDE1,PEPTIDE1,1:R1-7:R2$$$",-6.51400000,ok,,flexible
"PEPTIDE1{Me_Bal.F.P.meL.Y.P.G}$PEPTIDE1,PEPTIDE1,1:R1-7:R2$$$",-6.90300000,ok,,flexible
"PEPTIDE1{meA.D.P.F.I.T.L}$PEPTIDE1,PEPTIDE1,1:R1-7:R2$$$",-5.52300000,ok,,flexible
"PEPTIDE1{Me_Bal.Me_dA.meL.F.dP.T.A}$PEPTIDE1,PEPTIDE1,1:R1-7:R2$$$",-6.52200000,ok,,flexible
"PEPTIDE1{dA.Mono38.P.I.T.L.dL}$PEPTIDE1,PEPTIDE1,1:R1-7:R2$$$",-5.83100000,ok,,flexible
"PEPTIDE1{dF.T.A.dP.dL.Me_Phe(3-Cl).L}$PEPTIDE1,PEPTIDE1,1:R1-7:R2$$$",-6.64900000,ok,,flexible
"PEPTIDE1{dV.pentyl_Gly.meA.L.F.Ser(tBu).T}$PEPTIDE1,PEPTIDE1,1:R1-7:R2$$$",-5.17800000,ok,,flexible
"PEPTIDE1{dA.P.I.A.Me_dL.V.dP}$PEPTIDE1,PEPTIDE1,1:R1-7:R2$$$",-6.45100000,ok,,flexible
"PEPTIDE1{Me_Bal.P.dP.L.P.A.meL}$PEPTIDE1,PEPTIDE1,1:R1-7:R2$$$",-6.62900000,ok,,flexible
"PEPTIDE1{A.F.Me_dA.P.dF.meA.L}$PEPTIDE1,PEPTIDE1,1:R1-7:R2$$$",-6.39300000,ok,,flexible
"PEPTIDE1{dA.dL.Me_dL.F.Me_Phe(3-Cl).Y.I}$PEPTIDE1,PEPTIDE1,1:R1-7:R2$$$",-6.24800000,ok,,flexible
"PEPTIDE1{L.Me_dL.P.meL.T.P.D}$PEPTIDE1,PEPTIDE1,1:R1-7:R2$$$",-5.39800000,ok,,flexible
"PEPTIDE1{Pr_Gly.Me_dA.Me_dL.P.Y.T.dP}$PEPTIDE1,PEPTIDE1,1:R1-7:R2$$$",-6.17300000,ok,,flexible
"PEPTIDE1{meA.L.L.T.dL.Me_dL.D}$PEPTIDE1,PEPTIDE1,1:R1-7:R2$$$",-5.80300000,ok,,flexible
"PEPTIDE1{Me_dA.meA.meL.V.dP.dF.Me_dL}$PEPTIDE1,PEPTIDE1,1:R1-7:R2$$$",-5.75600000,ok,,flexible
"PEPTIDE1{Mono6.dP.Y.P.T.Me_Phe(3-Cl).F}$PEPTIDE1,PEPTIDE1,1:R1-7:R2$$$",-7.09400000,ok,,flexible
"PEPTIDE1{Mono6.dP.T.T.dP.Me_dL.P}$PEPTIDE1,PEPTIDE1,1:R1-7:R2$$$",-6.30900000,ok,,flexible
"PEPTIDE1{A.meF.V.meA.Ser(tBu).dF.F}$PEPTIDE1,PEPTIDE1,1:R1-7:R2$$$",-6.81100000,ok,,flexible
"PEPTIDE1{meA.P.dP.I.T.dV.dP}$PEPTIDE1,PEPTIDE1,1:R1-7:R2$$$",-6.42200000,ok,,flexible
"PEPTIDE1{dP.meL.F.Mono86.I.Ser(tBu).Me_Phe(3-Cl)}$PEPTIDE1,PEPTIDE1,1:R1-7:R2$$$",-5.63500000,ok,,flexible
"PEPTIDE1{meA.Me_dA.meL.I.F.Me_Phe(3-Cl).T}$PEPTIDE1,PEPTIDE1,1:R1-7:R2$$$",-6.82400000,ok,,flexible
"PEPTIDE1{dP.Me_dL.L.P.meL.Phe(4-CF3).P}$PEPTIDE1,PEPTIDE1,1:R1-7:R2$$$",-6.25000000,ok,,flexible
"PEPTIDE1{Me_Bal.dP.meL.F.V.P.T}$PEPTIDE1,PEPTIDE1,1:R1-7:R2$$$",-6.37300000,ok,,flexible
"PEPTIDE1{meA.A.dL.L.T.Me_dL.P}$PEPTIDE1,PEPTIDE1,1:R1-7:R2$$$",-6.21800000,ok,,flexible
"PEPTIDE1{Me_dA.I.dP.F.T.Nle.P}$PEPTIDE1,PEPTIDE1,1:R1-7:R2$$$",-6.75200000,ok,,flexible
"PEPTIDE1{dV.dA.Pr_Gly.Pr_Gly.F.meL.dF}$PEPTIDE1,PEPTIDE1,1:R1-7:R2$$$",-5.54900000,ok,,flexible
"PEPTIDE1{dA.T.I.P.Me_dL.V.meF}$PEPTIDE1,PEPTIDE1,1:R1-7:R2$$$",-5.66400000,ok,,flexible
"PEPTIDE1{Me_Bal.P.dP.P.F.G.meL}$PEPTIDE1,PEPTIDE1,1:R1-7:R2$$$",-6.28000000,ok,,flexible
"PEPTIDE1{dP.meY.P.meA.L.I.T}$PEPTIDE1,PEPTIDE1,1:R1-7:R2$$$",-7.14600000,ok,,flexible
"PEPTIDE1{meA.D.meL.I.G.dP.L}$PEPTIDE1,PEPTIDE1,1:R1-7:R2$$$",-5.88900000,ok,,flexible
"PEPTIDE1{Me_dA.P.Nle.dP.G.P.Me_Phe(3-Cl)}$PEPTIDE1,PEPTIDE1,1:R1-7:R2$$$",-6.57400000,ok,,flexible
"PEPTIDE1{Mono6.dP.meL.Me_dA.P.meY.P}$PEPTIDE1,PEPTIDE1,1:R1-7:R2$$$",-6.48000000,ok,,flexible
"PEPTIDE1{A.meY.Y.Me_dA.Mono6.meL.P}$PEPTIDE1,PEPTIDE1,1:R1-7:R2$$$",-6.66400000,ok,,flexible
"PEPTIDE1{Me_Bal.meY.dP.P.P.dA.I}$PEPTIDE1,PEPTIDE1,1:R1-7:R2$$$",-6.83100000,ok,,flexible
"PEPTIDE1{dA.A.I.F.dL.Ser(tBu).meL}$PEPTIDE1,PEPTIDE1,1:R1-7:R2$$$",-5.64000000,ok,,flexible
"PEPTIDE1{Mono6.meA.dP.dP.Me_dL.P.P}$PEPTIDE1,PEPTIDE1,1:R1-7:R2$$$",-7.62100000,ok,,flexible
"PEPTIDE1{Me_dA.T.dP.F.G.F.D}$PEPTIDE1,PEPTIDE1,1:R1-7:R2$$$",-6.31000000,ok,,flexible
"PEPTIDE1{dA.Ser(tBu).meL.V.P.dP.I}$PEPTIDE1,PEPTIDE1,1:R1-7:R2$$$",-6.42000000,ok,,flexible
"PEPTIDE1{dV.Me_Phe(3-Cl).P.dP.meL.F.G}$PEPTIDE1,PEPTIDE1,1:R1-7:R2$$$",-6.48800000,ok,,flexible
"PEPTIDE1{meA.A.Me_dAbu.meL.iBu_Gly.dP.T}$PEPTIDE1,PEPTIDE1,1:R1-7:R2$$$",-6.61900000,ok,,flexible
"PEPTIDE1{dF.T.D.G.dP.G.I}$PEPTIDE1,PEPTIDE1,1:R1-7:R2$$$",-6.34000000,ok,,flexible
"PEPTIDE1{A.T.I.P.F.meL.G}$PEPTIDE1,PEPTIDE1,1:R1-7:R2$$$",-6.40300000,ok,,flexible
"PEPTIDE1{Pr_Gly.Asp_piperidide.dP.P.V.P.T}$PEPTIDE1,PEPTIDE1,1:R1-7:R2$$$",-6.33200000,ok,,flexible
"PEPTIDE1{Pr_Gly.L.Mono84.Mono86.P.T.I}$PEPTIDE1,PEPTIDE1,1:R1-7:R2$$$",-5.93200000,ok,,flexible
"PEPTIDE1{Me_Bal.P.dL.Me_dL.meL.V.I}$PEPTIDE1,PEPTIDE1,1:R1-7:R2$$$",-5.32500000,ok,,flexible
"PEPTIDE1{P.L.Me_dL.meL.Me_Phe(3-Cl).G.I}$PEPTIDE1,PEPTIDE1,1:R1-7:R2$$$",-6.20900000,ok,,flexible
"PEPTIDE1{dV.T.dP.V.T.P.P}$PEPTIDE1,PEPTIDE1,1:R1-7:R2$$$",-6.17300000,ok,,flexible
"PEPTIDE1{Me_Bal.V.L.T.dP.Ser(tBu).P}$PEPTIDE1,PEPTIDE1,1:R1-7:R2$$$",-6.16300000,ok,,flexible
"PEPTIDE1{dV.P.P.P.dP.T.meL}$PEPTIDE1,PEPTIDE1,1:R1-7:R2$$$",-7.01800000,ok,,flexible
"PEPTIDE1{dA.T.I.F.P.G.Me_Phe(3-Cl)}$PEPTIDE1,PEPTIDE1,1:R1-7:R2$$$",-6.27100000,ok,,flexible
"PEPTIDE1{meA.P.T.V.Me_dL.Me_Phe(3-Cl).I}$PEPTIDE1,PEPTIDE1,1:R1-7:R2$$$",-6.02400000,ok,,flexible
"PEPTIDE1{Me_dA.P.T.T.I.dL.L}$PEPTIDE1,PEPTIDE1,1:R1-7:R2$$$",-5.53100000,ok,,flexible
"PEPTIDE1{dF.T.A.dP.P.F.Me_Phe(3-Cl)}$PEPTIDE1,PEPTIDE1,1:R1-7:R2$$$",-7.30100000,ok,,flexible
"PEPTIDE1{dA.dP.dP.T.Phe(4-CF3).F.F}$PEPTIDE1,PEPTIDE1,1:R1-7:R2$$$",-7.09000000,ok,,flexible
"PEPTIDE1{L.A.meL.Sar.T.T.dP}$PEPTIDE1,PEPTIDE1,1:R1-7:R2$$$",-6.42400000,ok,,flexible
"PEPTIDE1{dV.Me_dL.pentyl_Gly.V.P.Ser(tBu).meL}$PEPTIDE1,PEPTIDE1,1:R1-7:R2$$$",-5.31400000,ok,,flexible
"PEPTIDE1{meA.dP.F.Me_Phe(3-Cl).P.I.P}$PEPTIDE1,PEPTIDE1,1:R1-7:R2$$$",-7.20900000,ok,,flexible
"PEPTIDE1{meA.L.Sar.F.meL.Mono84.I}$PEPTIDE1,PEPTIDE1,1:R1-7:R2$$$",-5.46200000,ok,,flexible
"PEPTIDE1{dA.L.I.T.Mono86.P.dP}$PEPTIDE1,PEPTIDE1,1:R1-7:R2$$$",-6.22300000,ok,,flexible
"PEPTIDE1{A.Pr_Gly.meY.meA.dP.P.Me_dA}$PEPTIDE1,PEPTIDE1,1:R1-7:R2$$$",-6.67100000,ok,,flexible
"PEPTIDE1{Me_dA.pentyl_Gly.Mono86.F.meA.P.T}$PEPTIDE1,PEPTIDE1,1:R1-7:R2$$$",-5.90700000,ok,,flexible
"PEPTIDE1{Mono6.T.Y.dP.dP.D.Me_dL}$PEPTIDE1,PEPTIDE1,1:R1-7:R2$$$",-6.52700000,ok,,flexible
"PEPTIDE1{dV.L.Mono84.I.D.A.V}$PEPTIDE1,PEPTIDE1,1:R1-7:R2$$$",-5.42200000,ok,,flexible
"PEPTIDE1{dA.Bn_Gly.T.I.meL.T.P}$PEPTIDE1,PEPTIDE1,1:R1-7:R2$$$",-6.27900000,ok,,flexible
"PEPTIDE1{meA.dP.Y.P.meL.Asp_piperidide.G}$PEPTIDE1,PEPTIDE1,1:R1-7:R2$$$",-6.67700000,ok,,flexible
"PEPTIDE1{Mono6.D.Asp_piperidide.T.P.V.meL}$PEPTIDE1,PEPTIDE1,1:R1-7:R2$$$",-5.82000000,ok,,flexible
"PEPTIDE1{meA.meL.dP.Asp_piperidide.P.Mono6.dP}$PEPTIDE1,PEPTIDE1,1:R1-7:R2$$$",-7.19500000,ok,,flexible
"PEPTIDE1{dP.meA.P.Sar.meL.F.G}$PEPTIDE1,PEPTIDE1,1:R1-7:R2$$$",-7.83800000,ok,,flexible
"PEPTIDE1{Me_Bal.dP.L.G.F.T.meL}$PEPTIDE1,PEPTIDE1,1:R1-7:R2$$$",-6.24500000,ok,,flexible
"PEPTIDE1{Me_dA.dP.T.Mono6.Y.Me_dL.dP}$PEPTIDE1,PEPTIDE1,1:R1-7:R2$$$",-6.72200000,ok,,flexible
"PEPTIDE1{Me_dA.Ser(tBu).F.P.P.I.dP}$PEPTIDE1,PEPTIDE1,1:R1-7:R2$$$",-6.20100000,ok,,flexible
"PEPTIDE1{dA.Pr_Gly.meY.Me_dA.dP.meA.P}$PEPTIDE1,PEPTIDE1,1:R1-7:R2$$$",-6.56400000,ok,,flexible
"PEPTIDE1{dV.meL.P.F.D.I.dP}$PEPTIDE1,PEPTIDE1,1:R1-7:R2$$$",-5.99900000,ok,,flexible
"PEPTIDE1{meA.P.Me_dL.P.F.meL.dP}$PEPTIDE1,PEPTIDE1,1:R1-7:R2$$$",-6.34800000,ok,,flexible
"PEPTIDE1{meL.Me_Phe(3-Cl).F.L.G.I.P}$PEPTIDE1,PEPTIDE1,1:R1-7:R2$$$",-5.91600000,ok,,flexible
"PEPTIDE1{Mono6.dP.P.P.T.meL.Sar}$PEPTIDE1,PEPTIDE1,1:R1-7:R2$$$",-7.33500000,ok,,flexible
"PEPTIDE1{dA.dP.P.F.V.G.meL}$PEPTIDE1,PEPTIDE1,1:R1-7:R2$$$",-6.51300000,ok,,flexible
"PEPTIDE1{dA.Ser(tBu).V.F.L.P.meL}$PEPTIDE1,PEPTIDE1,1:R1-7:R2$$$",-6.08300000,ok,,flexible
"PEPTIDE1{A.Sar.F.dP.T.meL.G}$PEPTIDE1,PEPTIDE1,1:R1-7:R2$$$",-6.60900000,ok,,flexible
"PEPTIDE1{meA.dA.A.dF.Ser(tBu).Me_dL.F}$PEPTIDE1,PEPTIDE1,1:R1-7:R2$$$",-5.88700000,ok,,flexible
"PEPTIDE1{Me_Bal.Me_dA.V.F.meL.I.P}$PEPTIDE1,PEPTIDE1,1:R1-7:R2$$$",-5.57000000,ok,,flexible
"PEPTIDE1{Mono6.P.G.F.Me_dL.A.Sar}$PEPTIDE1,PEPTIDE1,1:R1-7:R2$$$",-6.70000000,ok,,flexible
"PEPTIDE1{meA.V.meL.F.P.dP.T}$PEPTIDE1,PEPTIDE1,1:R1-7:R2$$$",-6.49400000,ok,,flexible
"PEPTIDE1{dA.meA.P.Pr_Gly.dP.A.I}$PEPTIDE1,PEPTIDE1,1:R1-7:R2$$$",-6.61500000,ok,,flexible
"PEPTIDE1{A.F.G.P.D.F.Me_Phe(3-Cl)}$PEPTIDE1,PEPTIDE1,1:R1-7:R2$$$",-7.10000000,ok,,flexible
"PEPTIDE1{Me_Bal.dA.Pr_Gly.F.meL.I.G}$PEPTIDE1,PEPTIDE1,1:R1-7:R2$$$",-6.18100000,ok,,flexible
"PEPTIDE1{Mono6.T.F.meL.G.I.D}$PEPTIDE1,PEPTIDE1,1:R1-7:R2$$$",-5.70500000,ok,,flexible
"PEPTIDE1{Mono6.P.G.T.D.Y.meL}$PEPTIDE1,PEPTIDE1,1:R1-7:R2$$$",-6.50300000,ok,,flexible
"PEPTIDE1{dV.T.P.dP.G.I.D}$PEPTIDE1,PEPTIDE1,1:R1-7:R2$$$",-6.21800000,ok,,flexible
"PEPTIDE1{dA.dP.P.F.Me_Phe(3-Cl).T.I}$PEPTIDE1,PEPTIDE1,1:R1-7:R2$$$",-5.81100000,ok,,flexible
"PEPTIDE1{dV.dP.V.D.T.P.F}$PEPTIDE1,PEPTIDE1,1:R1-7:R2$$$",-6.43000000,ok,,flexible
"PEPTIDE1{Me_dA.I.meL.F.G.T.G}$PEPTIDE1,PEPTIDE1,1:R1-7:R2$$$",-5.97000000,ok,,flexible
"PEPTIDE1{Me_dA.F.T.D.G.Me_Phe(3-Cl).Sar}$PEPTIDE1,PEPTIDE1,1:R1-7:R2$$$",-6.64600000,ok,,flexible
"PEPTIDE1{A.P.dP.T.Mono84.V.G}$PEPTIDE1,PEPTIDE1,1:R1-7:R2$$$",-6.63000000,ok,,flexible
"PEPTIDE1{meA.T.P.I.G.dP.meL}$PEPTIDE1,PEPTIDE1,1:R1-7:R2$$$",-5.84900000,ok,,flexible
"PEPTIDE1{dV.Sar.L.L.dP.meA.meL}$PEPTIDE1,PEPTIDE1,1:R1-7:R2$$$",-6.39900000,ok,,flexible
"PEPTIDE1{dF.F.V.I.T.meL.Me_Phe(3-Cl)}$PEPTIDE1,PEPTIDE1,1:R1-7:R2$$$",-6.44000000,ok,,flexible
"PEPTIDE1{F.Me_Phe(3-Cl).G.T.D.Phe(4-CF3).dP}$PEPTIDE1,PEPTIDE1,1:R1-7:R2$$$",-6.91700000,ok,,flexible
"PEPTIDE1{Sar.F.T.P.P.Me_dL.V}$PEPTIDE1,PEPTIDE1,1:R1-7:R2$$$",-6.36200000,ok,,flexible
"PEPTIDE1{dV.dP.P.meY.G.Me_dL.T}$PEPTIDE1,PEPTIDE1,1:R1-7:R2$$$",-7.45200000,ok,,flexible
"PEPTIDE1{P.F.V.Me_dL.meL.dP.dL}$PEPTIDE1,PEPTIDE1,1:R1-7:R2$$$",-6.22100000,ok,,flexible
"PEPTIDE1{dF.L.meL.dP.Ser(tBu).dL.dP}$PEPTIDE1,PEPTIDE1,1:R1-7:R2$$$",-5.74000000,ok,,flexible
"PEPTIDE1{Me_dA.F.meL.A.T.Me_Phe(3-Cl).P}$PEPTIDE1,PEPTIDE1,1:R1-7:R2$$$",-6.40000000,ok,,flexible
"PEPTIDE1{Me_dA.meL.dP.Mono78.P.F.I}$PEPTIDE1,PEPTIDE1,1:R1-7:R2$$$",-6.70300000,ok,,flexible
"PEPTIDE1{P.meA.Y.Mono6.meL.Pr_Gly.P}$PEPTIDE1,PEPTIDE1,1:R1-7:R2$$$",-6.82600000,ok,,flexible
"PEPTIDE1{Mono6.meA.F.P.dL.L.Me_dA}$PEPTIDE1,PEPTIDE1,1:R1-7:R2$$$",-6.25000000,ok,,flexible
"PEPTIDE1{meA.F.P.dP.meL.V.T}$PEPTIDE1,PEPTIDE1,1:R1-7:R2$$$",-6.63400000,ok,,flexible
"PEPTIDE1{meA.F.Me_dL.meY.Me_dL.Y.Me_dA}$PEPTIDE1,PEPTIDE1,1:R1-7:R2$$$",-6.35700000,ok,,flexible
"PEPTIDE1{F.P.P.meL.dP.dP.Y}$PEPTIDE1,PEPTIDE1,1:R1-7:R2$$$",-6.57900000,ok,,flexible
"PEPTIDE1{Me_Bal.P.meL.I.V.Me_dL.T}$PEPTIDE1,PEPTIDE1,1:R1-7:R2$$$",-5.65400000,ok,,flexible
"PEPTIDE1{dF.L.T.Me_Phe(3-Cl).Phe(4-CF3).meL.G}$PEPTIDE1,PEPTIDE1,1:R1-7:R2$$$",-6.18600000,ok,,flexible
"PEPTIDE1{Me_Bal.V.F.meL.A.Ser(tBu).P}$PEPTIDE1,PEPTIDE1,1:R1-7:R2$$$",-6.14900000,ok,,flexible
"PEPTIDE1{Me_Bal.L.P.T.L.I.dP}$PEPTIDE1,PEPTIDE1,1:R1-7:R2$$$",-5.27900000,ok,,flexible
"PEPTIDE1{Me_Bal.Y.F.G.P.meL.I}$PEPTIDE1,PEPTIDE1,1:R1-7:R2$$$",-6.20300000,ok,,flexible
"PEPTIDE1{meA.I.dP.V.T.Sar.F}$PEPTIDE1,PEPTIDE1,1:R1-7:R2$$$",-6.30400000,ok,,flexible
"PEPTIDE1{Me_dA.P.G.G.F.V.meL}$PEPTIDE1,PEPTIDE1,1:R1-7:R2$$$",-6.05600000,ok,,flexible
"PEPTIDE1{Me_dA.G.meL.meA.V.Ser(tBu).dP}$PEPTIDE1,PEPTIDE1,1:R1-7:R2$$$",-6.67000000,ok,,flexible
"PEPTIDE1{dF.P.I.F.Phe(4-CF3).meL.dP}$PEPTIDE1,PEPTIDE1,1:R1-7:R2$$$",-6.67800000,ok,,flexible
"PEPTIDE1{dA.I.Me_dL.G.P.L.T}$PEPTIDE1,PEPTIDE1,1:R1-7:R2$$$",-6.21200000,ok,,flexible
"PEPTIDE1{A.meL.T.P.F.Asp_piperidide.Me_dL}$PEPTIDE1,PEPTIDE1,1:R1-7:R2$$$",-6.09400000,ok,,flexible
"PEPTIDE1{P.dA.Pr_Gly.F.Me_dA.dF.Me_dL}$PEPTIDE1,PEPTIDE1,1:R1-7:R2$$$",-6.08000000,ok,,flexible
"PEPTIDE1{Me_dA.I.L.T.meA.Mono84.Nle}$PEPTIDE1,PEPTIDE1,1:R1-7:R2$$$",-5.75700000,ok,,flexible
"PEPTIDE1{meL.L.dP.T.P.G.F}$PEPTIDE1,PEPTIDE1,1:R1-7:R2$$$",-6.06200000,ok,,flexible
"PEPTIDE1{meA.Pr_Gly.Pr_Gly.dV.dP.P.dA}$PEPTIDE1,PEPTIDE1,1:R1-7:R2$$$",-6.23200000,ok,,flexible
"PEPTIDE1{Me_dA.L.meL.A.P.dP.dL}$PEPTIDE1,PEPTIDE1,1:R1-7:R2$$$",-6.09300000,ok,,flexible
"PEPTIDE1{meA.Me_Nle.V.Mono84.L.P.T}$PEPTIDE1,PEPTIDE1,1:R1-7:R2$$$",-5.75700000,ok,,flexible
"PEPTIDE1{Mono6.dP.P.F.meY.P.G}$PEPTIDE1,PEPTIDE1,1:R1-7:R2$$$",-8.02600000,ok,,flexible
"PEPTIDE1{Me_Bal.dP.P.P.V.F.T}$PEPTIDE1,PEPTIDE1,1:R1-7:R2$$$",-7.57400000,ok,,flexible
"PEPTIDE1{Me_Bal.Me_dL.Me_dA.dP.Me_Nle.P.Y}$PEPTIDE1,PEPTIDE1,1:R1-7:R2$$$",-5.83400000,ok,,flexible
"PEPTIDE1{dA.P.dP.F.Phe(4-CF3).T.dP}$PEPTIDE1,PEPTIDE1,1:R1-7:R2$$$",-6.52400000,ok,,flexible
"PEPTIDE1{Me_dA.L.F.T.Mono78.dL.P}$PEPTIDE1,PEPTIDE1,1:R1-7:R2$$$",-5.85800000,ok,,flexible
"PEPTIDE1{dA.I.Ser(tBu).dP.V.L.dP}$PEPTIDE1,PEPTIDE1,1:R1-7:R2$$$",-6.31400000,ok,,flexible
"PEPTIDE1{Me_dA.T.Me_dL.P.F.dP.I}$PEPTIDE1,PEPTIDE1,1:R1-7:R2$$$",-6.32000000,ok,,flexible
"PEPTIDE1{Mono6.Me_dA.Pr_Gly.Et_Gly.P.Mono34.F}$PEPTIDE1,PEPTIDE1,1:R1-7:R2$$$",-5.94800000,ok,,flexible
"PEPTIDE1{F.Sar.I.meA.P.I.T}$PEPTIDE1,PEPTIDE1,1:R1-7:R2$$$",-6.33000000,ok,,flexible
"PEPTIDE1{Me_dA.dP.P.P.F.I.Y}$PEPTIDE1,PEPTIDE1,1:R1-7:R2$$$",-7.46200000,ok,,flexible
"PEPTIDE1{meA.meL.Me_dL.F.D.dP.V}$PEPTIDE1,PEPTIDE1,1:R1-7:R2$$$",-5.77500000,ok,,flexible
"PEPTIDE1{dF.P.L.L.Ser(tBu).I.F}$PEPTIDE1,PEPTIDE1,1:R1-7:R2$$$",-5.34800000,ok,,flexible
"PEPTIDE1{A.P.P.meL.F.I.T}$PEPTIDE1,PEPTIDE1,1:R1-7:R2$$$",-6.76000000,ok,,flexible
"PEPTIDE1{A.G.meL.T.Me_Phe(3-Cl).T.D}$PEPTIDE1,PEPTIDE1,1:R1-7:R2$$$",-6.26900000,ok,,flexible
"PEPTIDE1{Me_dA.dPye.L.T.Ser(tBu).P.meA}$PEPTIDE1,PEPTIDE1,1:R1-7:R2$$$",-6.24600000,ok,,flexible
"PEPTIDE1{meA.dP.V.meL.P.G.F}$PEPTIDE1,PEPTIDE1,1:R1-7:R2$$$",-6.47000000,ok,,flexible
"PEPTIDE1{dA.L.meL.F.P.I.meA}$PEPTIDE1,PEPTIDE1,1:R1-7:R2$$$",-6.21700000,ok,,flexible
"PEPTIDE1{Pr_Gly.G.meA.Ser(tBu).L.A.dP}$PEPTIDE1,PEPTIDE1,1:R1-7:R2$$$",-5.67500000,ok,,flexible
"PEPTIDE1{dA.dP.T.meA.F.Me_dL.T}$PEPTIDE1,PEPTIDE1,1:R1-7:R2$$$",-6.20700000,ok,,flexible
"PEPTIDE1{Me_Bal.A.T.dF.Me_dA.P.Me_dL}$PEPTIDE1,PEPTIDE1,1:R1-7:R2$$$",-6.50300000,ok,,flexible
"PEPTIDE1{meA.meY.Mono6.P.Me_dL.G.P}$PEPTIDE1,PEPTIDE1,1:R1-7:R2$$$",-7.37000000,ok,,flexible
"PEPTIDE1{meL.meY.Mono6.Me_dL.dP.P.dP}$PEPTIDE1,PEPTIDE1,1:R1-7:R2$$$",-7.13000000,ok,,flexible
"PEPTIDE1{P.A.Me_dL.meF.F.V.I}$PEPTIDE1,PEPTIDE1,1:R1-7:R2$$$",-6.78400000,ok,,flexible
"PEPTIDE1{dF.Mono7.dP.T.F.Me_Phe(3-Cl).Asp_piperidide}$PEPTIDE1,PEPTIDE1,1:R1-7:R2$$$",-6.46600000,ok,,flexible
"PEPTIDE1{meA.Me_Phe(3-Cl).meL.P.F.Phe(4-CF3).I}$PEPTIDE1,PEPTIDE1,1:R1-7:R2$$$",-6.04900000,ok,,flexible
"PEPTIDE1{dV.Pr_Gly.meA.dF.dP.T.Ser(tBu)}$PEPTIDE1,PEPTIDE1,1:R1-7:R2$$$",-5.76000000,ok,,flexible
"PEPTIDE1{meA.A.P.T.L.dP.dF}$PEPTIDE1,PEPTIDE1,1:R1-7:R2$$$",-6.53800000,ok,,flexible
"PEPTIDE1{Mono6.pentyl_Gly.dP.I.A.P.meF}$PEPTIDE1,PEPTIDE1,1:R1-7:R2$$$",-6.36500000,ok,,flexible
"PEPTIDE1{A.T.Ser(tBu).F.G.dP.V}$PEPTIDE1,PEPTIDE1,1:R1-7:R2$$$",-6.39100000,ok,,flexible
"PEPTIDE1{A.G.P.F.I.D.G}$PEPTIDE1,PEPTIDE1,1:R1-7:R2$$$",-6.62500000,ok,,flexible
"PEPTIDE1{Mono6.A.L.T.P.P.I}$PEPTIDE1,PEPTIDE1,1:R1-7:R2$$$",-6.08200000,ok,,flexible
"PEPTIDE1{P.dP.meL.meS.T.F.Phe(4-CF3)}$PEPTIDE1,PEPTIDE1,1:R1-7:R2$$$",-6.96200000,ok,,flexible
"PEPTIDE1{dA.P.meL.dP.V.F.I}$PEPTIDE1,PEPTIDE1,1:R1-7:R2$$$",-5.90300000,ok,,flexible
"PEPTIDE1{dV.D.T.P.meL.I.P}$PEPTIDE1,PEPTIDE1,1:R1-7:R2$$$",-5.92500000,ok,,flexible
"PEPTIDE1{meL.Mono84.dP.meF.P.P.Me_Phe(3-Cl)}$PEPTIDE1,PEPTIDE1,1:R1-7:R2$$$",-7.59600000,ok,,flexible
"PEPTIDE1{Mono6.Bn_Gly.A.P.dP.L.meL}$PEPTIDE1,PEPTIDE1,1:R1-7:R2$$$",-6.39600000,ok,,flexible
"PEPTIDE1{A.F.G.D.P.I.dP}$PEPTIDE1,PEPTIDE1,1:R1-7:R2$$$",-7.08300000,ok,,flexible
"PEPTIDE1{Me_dA.L.T.F.P.T.A}$PEPTIDE1,PEPTIDE1,1:R1-7:R2$$$",-5.79900000,ok,,flexible
"PEPTIDE1{P.A.Mono38.F.I.L.meL}$PEPTIDE1,PEPTIDE1,1:R1-7:R2$$$",-5.84100000,ok,,flexible
"PEPTIDE1{dA.Me_dL.F.P.pentyl_Gly.meL.Phe(4-CF3)}$PEPTIDE1,PEPTIDE1,1:R1-7:R2$$$",-6.09500000,ok,,flexible
"PEPTIDE1{meL.dP.dP.Phe(4-CF3).Me_Phe(3-Cl).Y.F}$PEPTIDE1,PEPTIDE1,1:R1-7:R2$$$",-6.40100000,ok,,flexible
"PEPTIDE1{meA.D.meL.V.Me_dL.L.P}$PEPTIDE1,PEPTIDE1,1:R1-7:R2$$$",-5.62300000,ok,,flexible
"PEPTIDE1{T.I.Ser(tBu).A.L.G.I}$PEPTIDE1,PEPTIDE1,1:R1-7:R2$$$",-5.94300000,ok,,flexible
"PEPTIDE1{A.P.meF.I.Nle.dP.V}$PEPTIDE1,PEPTIDE1,1:R1-7:R2$$$",-6.58000000,ok,,flexible
"PEPTIDE1{A.Me_dL.Me_dA.P.Y.F.dP}$PEPTIDE1,PEPTIDE1,1:R1-7:R2$$$",-6.46600000,ok,,flexible
"PEPTIDE1{Me_Bal.meL.A.meF.F.meA.dP}$PEPTIDE1,PEPTIDE1,1:R1-7:R2$$$",-6.58400000,ok,,flexible
"PEPTIDE1{dP.dPye.G.A.T.Me_dL.F}$PEPTIDE1,PEPTIDE1,1:R1-7:R2$$$",-5.59500000,ok,,flexible
"PEPTIDE1{Me_dA.cHexCH2_Gly.F.L.Ser(tBu).L.dL}$PEPTIDE1,PEPTIDE1,1:R1-7:R2$$$",-6.26500000,ok,,flexible
"PEPTIDE1{dF.L.Mono84.Me_Phe(3-Cl).P.I.dP}$PEPTIDE1,PEPTIDE1,1:R1-7:R2$$$",-7.09500000,ok,,flexible
"PEPTIDE1{P.meA.A.Sar.T.V.F}$PEPTIDE1,PEPTIDE1,1:R1-7:R2$$$",-6.84700000,ok,,flexible
"PEPTIDE1{F.meL.T.V.D.P.dP}$PEPTIDE1,PEPTIDE1,1:R1-7:R2$$$",-6.25000000,ok,,flexible
"PEPTIDE1{dA.meL.P.T.meA.F.L}$PEPTIDE1,PEPTIDE1,1:R1-7:R2$$$",-6.57800000,ok,,flexible
"PEPTIDE1{A.P.T.F.T.I.L}$PEPTIDE1,PEPTIDE1,1:R1-7:R2$$$",-6.28500000,ok,,flexible
"PEPTIDE1{Me_Bal.meL.L.T.dP.I.F}$PEPTIDE1,PEPTIDE1,1:R1-7:R2$$$",-5.82300000,ok,,flexible
"PEPTIDE1{dA.L.Ser(tBu).P.3Pal.dP.L}$PEPTIDE1,PEPTIDE1,1:R1-7:R2$$$",-5.67700000,ok,,flexible
"PEPTIDE1{meA.Me_dA.A.L.P.Pr_Gly.dP}$PEPTIDE1,PEPTIDE1,1:R1-7:R2$$$",-6.30200000,ok,,flexible
"PEPTIDE1{Mono6.T.dL.T.dP.G.P}$PEPTIDE1,PEPTIDE1,1:R1-7:R2$$$",-6.44100000,ok,,flexible
"PEPTIDE1{meA.dP.P.Me_Phe(3-Cl).V.F.G}$PEPTIDE1,PEPTIDE1,1:R1-7:R2$$$",-6.81500000,ok,,flexible
"PEPTIDE1{Me_dA.Pr_Gly.meL.A.T.dP.P}$PEPTIDE1,PEPTIDE1,1:R1-7:R2$$$",-6.18500000,ok,,flexible
"PEPTIDE1{dV.dP.meL.T.Y.P.G}$PEPTIDE1,PEPTIDE1,1:R1-7:R2$$$",-6.20700000,ok,,flexible
"PEPTIDE1{meL.dP.L.T.Me_Phe(3-Cl).F.G}$PEPTIDE1,PEPTIDE1,1:R1-7:R2$$$",-6.14300000,ok,,flexible
"PEPTIDE1{dA.F.G.Me_Phe(3-Cl).D.G.I}$PEPTIDE1,PEPTIDE1,1:R1-7:R2$$$",-6.74800000,ok,,flexible
"PEPTIDE1{Me_dA.P.dP.D.Phe(4-CF3).I.G}$PEPTIDE1,PEPTIDE1,1:R1-7:R2$$$",-6.49500000,ok,,flexible
"PEPTIDE1{F.Me_dA.P.dP.T.T.G}$PEPTIDE1,PEPTIDE1,1:R1-7:R2$$$",-7.31100000,ok,,flexible
"PEPTIDE1{meA.A.L.P.pentyl_Gly.G.T}$PEPTIDE1,PEPTIDE1,1:R1-7:R2$$$",-6.08500000,ok,,flexible
"PEPTIDE1{Sar.dP.F.Me_dL.V.P.I}$PEPTIDE1,PEPTIDE1,1:R1-7:R2$$$",-6.06400000,ok,,flexible
"PEPTIDE1{dP.A.dF.T.L.Ser(tBu).F}$PEPTIDE1,PEPTIDE1,1:R1-7:R2$$$",-6.20600000,ok,,flexible
"PEPTIDE1{meL.Me_dL.T.Asp_piperidide.P.meY.Y}$PEPTIDE1,PEPTIDE1,1:R1-7:R2$$$",-5.96200000,ok,,flexible
"PEPTIDE1{A.P.F.P.T.I.meL}$PEPTIDE1,PEPTIDE1,1:R1-7:R2$$$",-6.63100000,ok,,flexible
"PEPTIDE1{Pr_Gly.P.Me_Phe(3-Cl).T.Nle.Me_Nle.T}$PEPTIDE1,PEPTIDE1,1:R1-7:R2$$$",-5.64400000,ok,,flexible
"PEPTIDE1{Mono6.Mono38.A.Mono84.D.meL.Ser(tBu)}$PEPTIDE1,PEPTIDE1,1:R1-7:R2$$$",-5.66400000,ok,,flexible
"PEPTIDE1{meA.A.I.L.3Pal.Me_Phe(3-Cl).T}$PEPTIDE1,PEPTIDE1,1:R1-7:R2$$$",-5.58400000,ok,,flexible
"PEPTIDE1{Mono6.P.T.Me_dL.meY.P.meL}$PEPTIDE1,PEPTIDE1,1:R1-7:R2$$$",-6.91900000,ok,,flexible
"PEPTIDE1{A.T.V.F.D.G.Me_Phe(3-Cl)}$PEPTIDE1,PEPTIDE1,1:R1-7:R2$$$",-7.20100000,ok,,flexible
"PEPTIDE1{A.dP.Me_dL.L.V.meA.P}$PEPTIDE1,PEPTIDE1,1:R1-7:R2$$$",-6.38300000,ok,,flexible
"PEPTIDE1{Me_dA.Pr_Gly.P.G.T.dP.G}$PEPTIDE1,PEPTIDE1,1:R1-7:R2$$$",-6.16600000,ok,,flexible
"PEPTIDE1{Mono6.T.G.meL.I.F.D}$PEPTIDE1,PEPTIDE1,1:R1-7:R2$$$",-6.04200000,ok,,flexible
"PEPTIDE1{Mono6.P.G.Y.T.G.F}$PEPTIDE1,PEPTIDE1,1:R1-7:R2$$$",-6.92100000,ok,,flexible
"PEPTIDE1{Mono6.dP.meL.I.L.V.Me_Phe(3-Cl)}$PEPTIDE1,PEPTIDE1,1:R1-7:R2$$$",-5.55700000,ok,,flexible
"PEPTIDE1{dF.L.Me_dL.F.meL.T.I}$PEPTIDE1,PEPTIDE1,1:R1-7:R2$$$",-5.24300000,ok,,flexible
"PEPTIDE1{dF.D.I.G.dP.meL.F}$PEPTIDE1,PEPTIDE1,1:R1-7:R2$$$",-7.31300000,ok,,flexible
"PEPTIDE1{Me_dA.Sar.I.meL.V.dP.P}$PEPTIDE1,PEPTIDE1,1:R1-7:R2$$$",-6.15600000,ok,,flexible
"PEPTIDE1{P.F.Sar.I.L.T.dL}$PEPTIDE1,PEPTIDE1,1:R1-7:R2$$$",-6.08800000,ok,,flexible
"PEPTIDE1{Mono6.cHexCH2_Gly.P.A.L.V.L}$PEPTIDE1,PEPTIDE1,1:R1-7:R2$$$",-6.32100000,ok,,flexible
"PEPTIDE1{dP.T.I.Y.P.Sar.F}$PEPTIDE1,PEPTIDE1,1:R1-7:R2$$$",-6.33300000,ok,,flexible
"PEPTIDE1{Me_dA.P.F.A.dL.L.V}$PEPTIDE1,PEPTIDE1,1:R1-7:R2$$$",-6.58400000,ok,,flexible
"PEPTIDE1{Mono6.Y.G.meL.P.T.P}$PEPTIDE1,PEPTIDE1,1:R1-7:R2$$$",-6.51800000,ok,,flexible
"PEPTIDE1{Mono6.P.T.G.P.L.dP}$PEPTIDE1,PEPTIDE1,1:R1-7:R2$$$",-7.23800000,ok,,flexible
"PEPTIDE1{Mono6.A.P.L.F.T.dP}$PEPTIDE1,PEPTIDE1,1:R1-7:R2$$$",-6.71900000,ok,,flexible
"PEPTIDE1{meL.Asp_piperidide.P.G.I.dP.Phe(4-CF3)}$PEPTIDE1,PEPTIDE1,1:R1-7:R2$$$",22.49900000,ok,,flexible
"PEPTIDE1{A.F.T.meL.I.Me_dL.meA}$PEPTIDE1,PEPTIDE1,1:R1-7:R2$$$",-5.54600000,ok,,flexible
"PEPTIDE1{dA.Me_dL.T.dP.I.F.Y}$PEPTIDE1,PEPTIDE1,1:R1-7:R2$$$",-6.76500000,ok,,flexible
"PEPTIDE1{dV.meL.dP.Me_Phe(3-Cl).F.Et_Gly.T}$PEPTIDE1,PEPTIDE1,1:R1-7:R2$$$",-5.77600000,ok,,flexible
"PEPTIDE1{meL.T.I.V.P.G.P}$PEPTIDE1,PEPTIDE1,1:R1-7:R2$$$",-6.38900000,ok,,flexible
"PEPTIDE1{meA.Me_dAbu.meL.T.dP.P.L}$PEPTIDE1,PEPTIDE1,1:R1-7:R2$$$",-6.42200000,ok,,flexible
"PEPTIDE1{dF.Me_dA.P.dP.meL.pentyl_Gly.Mono6}$PEPTIDE1,PEPTIDE1,1:R1-7:R2$$$",-6.57000000,ok,,flexible
"PEPTIDE1{dA.meA.Sar.Ser(tBu).F.I.V}$PEPTIDE1,PEPTIDE1,1:R1-7:R2$$$",-5.80300000,ok,,flexible
"PEPTIDE1{Mono6.T.T.I.dP.L.P}$PEPTIDE1,PEPTIDE1,1:R1-7:R2$$$",-6.33100000,ok,,flexible
"PEPTIDE1{dP.L.T.T.I.P.F}$PEPTIDE1,PEPTIDE1,1:R1-7:R2$$$",-5.73100000,ok,,flexible
"PEPTIDE1{P.meA.meL.Pr_Gly.L.Me_dL.Me_dL}$PEPTIDE1,PEPTIDE1,1:R1-7:R2$$$",-5.39900000,ok,,flexible
"PEPTIDE1{Me_dA.Pr_Gly.T.F.meL.F.Me_dL}$PEPTIDE1,PEPTIDE1,1:R1-7:R2$$$",-5.65400000,ok,,flexible
"PEPTIDE1{Me_Bal.L.meA.Me_dA.F.T.Me_dL}$PEPTIDE1,PEPTIDE1,1:R1-7:R2$$$",-6.68100000,ok,,flexible
"PEPTIDE1{meA.L.A.dF.V.T.I}$PEPTIDE1,PEPTIDE1,1:R1-7:R2$$$",-6.63800000,ok,,flexible
"PEPTIDE1{meA.I.P.meL.dP.Me_Phe(3-Cl).dL}$PEPTIDE1,PEPTIDE1,1:R1-7:R2$$$",-6.53700000,ok,,flexible
"PEPTIDE1{Me_dA.I.meL.P.dP.T.P}$PEPTIDE1,PEPTIDE1,1:R1-7:R2$$$",-5.91500000,ok,,flexible
"PEPTIDE1{Sar.meA.F.V.L.A.G}$PEPTIDE1,PEPTIDE1,1:R1-7:R2$$$",-6.69400000,ok,,flexible
"PEPTIDE1{Me_dA.dP.P.meA.V.T.Me_dL}$PEPTIDE1,PEPTIDE1,1:R1-7:R2$$$",-6.35300000,ok,,flexible
"PEPTIDE1{dF.T.P.meL.F.Me_Phe(3-Cl).T}$PEPTIDE1,PEPTIDE1,1:R1-7:R2$$$",-6.51500000,ok,,flexible
"PEPTIDE1{P.meL.A.F.meF.meA.L}$PEPTIDE1,PEPTIDE1,1:R1-7:R2$$$",-6.38000000,ok,,flexible
"PEPTIDE1{dA.dP.Asp_piperidide.I.P.P.Me_Phe(3-Cl)}$PEPTIDE1,PEPTIDE1,1:R1-7:R2$$$",-8.31900000,ok,,flexible
"PEPTIDE1{A.dP.meL.Y.P.Me_Phe(3-Cl).T}$PEPTIDE1,PEPTIDE1,1:R1-7:R2$$$",-6.97000000,ok,,flexible
"PEPTIDE1{Me_Bal.Mono6.P.dP.F.Asp_piperidide.P}$PEPTIDE1,PEPTIDE1,1:R1-7:R2$$$",-7.21700000,ok,,flexible
"PEPTIDE1{Me_dA.T.dP.P.T.Me_Phe(3-Cl).D}$PEPTIDE1,PEPTIDE1,1:R1-7:R2$$$",-6.69900000,ok,,flexible
"PEPTIDE1{Mono6.A.F.L.Et_Gly.dP.Me_Phe(3-Cl)}$PEPTIDE1,PEPTIDE1,1:R1-7:R2$$$",-6.13100000,ok,,flexible
"PEPTIDE1{L.Me_dL.F.T.dP.T.G}$PEPTIDE1,PEPTIDE1,1:R1-7:R2$$$",-5.71000000,ok,,flexible
"PEPTIDE1{F.A.meA.Pr_Gly.dP.Me_dL.L}$PEPTIDE1,PEPTIDE1,1:R1-7:R2$$$",-5.86500000,ok,,flexible
"PEPTIDE1{dF.dP.dP.Mono6.Asp_piperidide.Me_Phe(3-Cl).meL}$PEPTIDE1,PEPTIDE1,1:R1-7:R2$$$",-6.10800000,ok,,flexible
"PEPTIDE1{dP.Me_dA.dP.meL.T.Sar.P}$PEPTIDE1,PEPTIDE1,1:R1-7:R2$$$",-6.75000000,ok,,flexible
"PEPTIDE1{dA.I.T.Me_Phe(3-Cl).meL.G.F}$PEPTIDE1,PEPTIDE1,1:R1-7:R2$$$",-6.14900000,ok,,flexible
"PEPTIDE1{Me_Bal.L.I.P.cHexCH2_Gly.meA.A}$PEPTIDE1,PEPTIDE1,1:R1-7:R2$$$",-6.51400000,ok,,flexible
"PEPTIDE1{dF.T.dP.dP.meL.Asp_piperidide.Y}$PEPTIDE1,PEPTIDE1,1:R1-7:R2$$$",-6.12100000,ok,,flexible
"PEPTIDE1{meA.Me_dL.P.T.meL.Me_dA.V}$PEPTIDE1,PEPTIDE1,1:R1-7:R2$$$",-6.34000000,ok,,flexible
"PEPTIDE1{A.P.meL.T.Sar.dP.pentyl_Gly}$PEPTIDE1,PEPTIDE1,1:R1-7:R2$$$",-6.01200000,ok,,flexible
"PEPTIDE1{dA.Mono38.cHexCH2_Gly.I.L.A.dP}$PEPTIDE1,PEPTIDE1,1:R1-7:R2$$$",-6.00900000,ok,,flexible
"PEPTIDE1{dF.P.dP.I.L.P.I}$PEPTIDE1,PEPTIDE1,1:R1-7:R2$$$",-5.85200000,ok,,flexible
"PEPTIDE1{dF.T.P.Ser(tBu).Me_dL.I.dP}$PEPTIDE1,PEPTIDE1,1:R1-7:R2$$$",-5.93500000,ok,,flexible
"PEPTIDE1{meA.P.dP.F.G.T.meL}$PEPTIDE1,PEPTIDE1,1:R1-7:R2$$$",-6.46200000,ok,,flexible
"PEPTIDE1{P.Ser(tBu).Me_Phe(3-Cl).L.Et_Gly.Mono84.I}$PEPTIDE1,PEPTIDE1,1:R1-7:R2$$$",-5.49400000,ok,,flexible
"PEPTIDE1{dP.Pr_Gly.P.P.Me_dL.Asp_piperidide.Y}$PEPTIDE1,PEPTIDE1,1:R1-7:R2$$$",-6.08000000,ok,,flexible
"PEPTIDE1{dF.A.P.dP.L.Et_Gly.Me_Phe(3-Cl)}$PEPTIDE1,PEPTIDE1,1:R1-7:R2$$$",-7.38800000,ok,,flexible
"PEPTIDE1{Me_dA.pentyl_Gly.cHexCH2_Gly.meL.P.dL.Ser(tBu)}$PEPTIDE1,PEPTIDE1,1:R1-7:R2$$$",-4.92400000,ok,,flexible
"PEPTIDE1{meA.I.meL.P.Sar.Me_dL.meY}$PEPTIDE1,PEPTIDE1,1:R1-7:R2$$$",-5.49500000,ok,,flexible
"PEPTIDE1{dV.meL.G.dP.Sar.I.D}$PEPTIDE1,PEPTIDE1,1:R1-7:R2$$$",-5.89100000,ok,,flexible
"PEPTIDE1{F.Asp_piperidide.dP.dP.Me_Phe(3-Cl).V.Phe(4-CF3)}$PEPTIDE1,PEPTIDE1,1:R1-7:R2$$$",-7.60600000,ok,,flexible
"PEPTIDE1{meA.P.I.T.D.G.F}$PEPTIDE1,PEPTIDE1,1:R1-7:R2$$$",-5.60900000,ok,,flexible
"PEPTIDE1{dV.T.Asp_piperidide.G.F.P.meL}$PEPTIDE1,PEPTIDE1,1:R1-7:R2$$$",-6.30900000,ok,,flexible
"PEPTIDE1{Me_dA.P.I.Mono84.dL.Me_Phe(3-Cl).F}$PEPTIDE1,PEPTIDE1,1:R1-7:R2$$$",-6.27100000,ok,,flexible
"PEPTIDE1{dV.meA.P.T.dP.T.Phe(4-CF3)}$PEPTIDE1,PEPTIDE1,1:R1-7:R2$$$",-6.99100000,ok,,flexible
"PEPTIDE1{dV.Y.meL.dP.F.T.G}$PEPTIDE1,PEPTIDE1,1:R1-7:R2$$$",-6.82700000,ok,,flexible
"PEPTIDE1{dF.P.G.T.L.dP.A}$PEPTIDE1,PEPTIDE1,1:R1-7:R2$$$",-6.24900000,ok,,flexible
"PEPTIDE1{dA.Me_dAbu.P.F.dP.P.T}$PEPTIDE1,PEPTIDE1,1:R1-7:R2$$$",-7.14300000,ok,,flexible
"PEPTIDE1{Me_Bal.meY.Me_dL.Mono6.T.Y.meL}$PEPTIDE1,PEPTIDE1,1:R1-7:R2$$$",-6.18200000,ok,,flexible
"PEPTIDE1{dA.Me_dL.meA.meL.V.Ser(tBu).Me_dA}$PEPTIDE1,PEPTIDE1,1:R1-7:R2$$$",-5.61600000,ok,,flexible
"PEPTIDE1{dP.Y.meL.T.T.P.D}$PEPTIDE1,PEPTIDE1,1:R1-7:R2$$$",-6.00100000,ok,,flexible
"PEPTIDE1{A.Sar.P.T.F.F.dP}$PEPTIDE1,PEPTIDE1,1:R1-7:R2$$$",-6.75700000,ok,,flexible
"PEPTIDE1{dA.T.Me_dL.F.meF.dP.meL}$PEPTIDE1,PEPTIDE1,1:R1-7:R2$$$",-5.72800000,ok,,flexible
"PEPTIDE1{dA.meL.I.P.T.Nle.dP}$PEPTIDE1,PEPTIDE1,1:R1-7:R2$$$",-6.00300000,ok,,flexible
"PEPTIDE1{Me_dA.F.T.I.G.Me_dL.D}$PEPTIDE1,PEPTIDE1,1:R1-7:R2$$$",-5.79100000,ok,,flexible
"PEPTIDE1{Me_dA.cHexCH2_Gly.I.Bn_Gly.L.meF.dP}$PEPTIDE1,PEPTIDE1,1:R1-7:R2$$$",-6.00700000,ok,,flexible
"PEPTIDE1{A.dP.meY.Me_dA.P.P.Me_dL}$PEPTIDE1,PEPTIDE1,1:R1-7:R2$$$",-7.21300000,ok,,flexible
"PEPTIDE1{dA.dP.T.dP.F.P.Me_Phe(3-Cl)}$PEPTIDE1,PEPTIDE1,1:R1-7:R2$$$",-6.50200000,ok,,flexible
"PEPTIDE1{A.meA.F.P.meL.I.G}$PEPTIDE1,PEPTIDE1,1:R1-7:R2$$$",-6.25600000,ok,,flexible
"PEPTIDE1{dA.meA.I.F.G.dP.meL}$PEPTIDE1,PEPTIDE1,1:R1-7:R2$$$",-6.49800000,ok,,flexible
"PEPTIDE1{meA.cHexCH2_Gly.Mono84.I.L.dL.Ser(tBu)}$PEPTIDE1,PEPTIDE1,1:R1-7:R2$$$",-5.35000000,ok,,flexible
"PEPTIDE1{Me_Bal.T.dP.I.Me_dL.I.meL}$PEPTIDE1,PEPTIDE1,1:R1-7:R2$$$",-5.41700000,ok,,flexible
"PEPTIDE1{dV.L.A.Me_dL.I.T.F}$PEPTIDE1,PEPTIDE1,1:R1-7:R2$$$",-5.67500000,ok,,flexible
"PEPTIDE1{Mono6.P.I.I.meL.T.F}$PEPTIDE1,PEPTIDE1,1:R1-7:R2$$$",-5.55300000,ok,,flexible
"PEPTIDE1{Me_dA.P.P.V.G.F.I}$PEPTIDE1,PEPTIDE1,1:R1-7:R2$$$",-6.39300000,ok,,flexible
"PEPTIDE1{Me_Bal.I.A.P.Ser(tBu).meL.P}$PEPTIDE1,PEPTIDE1,1:R1-7:R2$$$",-5.91500000,ok,,flexible
"PEPTIDE1{dA.P.F.I.P.Me_Phe(3-Cl).T}$PEPTIDE1,PEPTIDE1,1:R1-7:R2$$$",-6.38400000,ok,,flexible
"PEPTIDE1{A.I.D.F.Y.dP.G}$PEPTIDE1,PEPTIDE1,1:R1-7:R2$$$",-6.97100000,ok,,flexible
"PEPTIDE1{Pr_Gly.dP.P.dP.P.V.G}$PEPTIDE1,PEPTIDE1,1:R1-7:R2$$$",-7.32200000,ok,,flexible
"PEPTIDE1{Mono6.I.Me_Phe(3-Cl).meL.Y.F.G}$PEPTIDE1,PEPTIDE1,1:R1-7:R2$$$",-6.26200000,ok,,flexible
"PEPTIDE1{Sar.T.pentyl_Gly.meL.L.Me_dL.G}$PEPTIDE1,PEPTIDE1,1:R1-7:R2$$$",-5.67900000,ok,,flexible
"PEPTIDE1{meA.Pr_Gly.A.F.Ser(tBu).T.P}$PEPTIDE1,PEPTIDE1,1:R1-7:R2$$$",-5.91600000,ok,,flexible
"PEPTIDE1{F.L.T.Me_Phe(3-Cl).I.Aib.Mono34}$PEPTIDE1,PEPTIDE1,1:R1-7:R2$$$",-5.90300000,ok,,flexible
"PEPTIDE1{dA.dP.I.F.Me_dL.dV.P}$PEPTIDE1,PEPTIDE1,1:R1-7:R2$$$",-6.34600000,ok,,flexible
"PEPTIDE1{Mono6.Mono38.Me_Phe(3-Cl).I.P.Et_Gly.P}$PEPTIDE1,PEPTIDE1,1:R1-7:R2$$$",-6.69200000,ok,,flexible
"PEPTIDE1{Me_dA.meA.T.A.L.F.Me_dL}$PEPTIDE1,PEPTIDE1,1:R1-7:R2$$$",-5.91300000,ok,,flexible
"PEPTIDE1{A.Me_dAbu.P.dP.T.P.Phe(4-CF3)}$PEPTIDE1,PEPTIDE1,1:R1-7:R2$$$",-7.42800000,ok,,flexible
"PEPTIDE1{Me_Bal.D.P.T.G.V.P}$PEPTIDE1,PEPTIDE1,1:R1-7:R2$$$",-6.95600000,ok,,flexible
"PEPTIDE1{dV.P.V.Phe(4-CF3).F.P.L}$PEPTIDE1,PEPTIDE1,1:R1-7:R2$$$",-7.11100000,ok,,flexible
"PEPTIDE1{Me_Bal.meF.F.meL.Sar.G.T}$PEPTIDE1,PEPTIDE1,1:R1-7:R2$$$",-6.79700000,ok,,flexible
"PEPTIDE1{Pr_Gly.dP.T.F.Y.G.P}$PEPTIDE1,PEPTIDE1,1:R1-7:R2$$$",-6.75700000,ok,,flexible
"PEPTIDE1{Me_dA.T.I.P.dP.F.Me_Phe(3-Cl)}$PEPTIDE1,PEPTIDE1,1:R1-7:R2$$$",-6.25000000,ok,,flexible
"PEPTIDE1{Me_Bal.P.Y.meL.D.P.dP}$PEPTIDE1,PEPTIDE1,1:R1-7:R2$$$",-7.00700000,ok,,flexible
"PEPTIDE1{Sar.F.meL.T.P.P.I}$PEPTIDE1,PEPTIDE1,1:R1-7:R2$$$",-6.46100000,ok,,flexible
"PEPTIDE1{meA.Me_dA.Me_dL.V.T.A.L}$PEPTIDE1,PEPTIDE1,1:R1-7:R2$$$",-5.57000000,ok,,flexible
"PEPTIDE1{Pr_Gly.meL.Mono6.P.F.Sar.dP}$PEPTIDE1,PEPTIDE1,1:R1-7:R2$$$",-6.24000000,ok,,flexible
"PEPTIDE1{Me_Bal.I.Ser(tBu).L.Me_dL.T.meA}$PEPTIDE1,PEPTIDE1,1:R1-7:R2$$$",-4.98300000,ok,,flexible
"PEPTIDE1{A.P.T.dP.Sar.L.Ser(tBu)}$PEPTIDE1,PEPTIDE1,1:R1-7:R2$$$",-6.12400000,ok,,flexible
"PEPTIDE1{Me_dA.pentyl_Gly.cHexCH2_Gly.L.dL.meL.V}$PEPTIDE1,PEPTIDE1,1:R1-7:R2$$$",-5.52300000,ok,,flexible
"PEPTIDE1{Mono6.meY.Me_dL.G.P.P.meL}$PEPTIDE1,PEPTIDE1,1:R1-7:R2$$$",-7.03000000,ok,,flexible
"PEPTIDE1{P.dV.F.meL.A.D.Me_Phe(3-Cl)}$PEPTIDE1,PEPTIDE1,1:R1-7:R2$$$",-6.15800000,ok,,flexible
"PEPTIDE1{dF.meL.F.V.T.meF.Me_Phe(3-Cl)}$PEPTIDE1,PEPTIDE1,1:R1-7:R2$$$",-5.81900000,ok,,flexible
"PEPTIDE1{dV.Ser(tBu).P.dP.meL.L.F}$PEPTIDE1,PEPTIDE1,1:R1-7:R2$$$",-6.94500000,ok,,flexible
"PEPTIDE1{A.G.dP.T.D.I.P}$PEPTIDE1,PEPTIDE1,1:R1-7:R2$$$",-6.02100000,ok,,flexible
"PEPTIDE1{Sar.dP.meL.A.L.T.F}$PEPTIDE1,PEPTIDE1,1:R1-7:R2$$$",-6.75600000,ok,,flexible
"PEPTIDE1{Me_Bal.I.G.F.dP.P.Me_Phe(3-Cl)}$PEPTIDE1,PEPTIDE1,1:R1-7:R2$$$",-7.11700000,ok,,flexible
"PEPTIDE1{meA.F.V.P.dA.T.dP}$PEPTIDE1,PEPTIDE1,1:R1-7:R2$$$",-6.51800000,ok,,flexible
"PEPTIDE1{F.Me_Phe(3-Cl).dP.Pr_Gly.meL.Et_Gly.Asp_piperidide}$PEPTIDE1,PEPTIDE1,1:R1-7:R2$$$",-6.15100000,ok,,flexible
"PEPTIDE1{Me_Bal.meL.P.Nle.F.V.A}$PEPTIDE1,PEPTIDE1,1:R1-7:R2$$$",-6.49400000,ok,,flexible
"PEPTIDE1{meA.dP.Me_dL.meL.dP.F.L}$PEPTIDE1,PEPTIDE1,1:R1-7:R2$$$",-5.96800000,ok,,flexible
"PEPTIDE1{P.Me_dL.T.P.Asp_piperidide.F.Me_Phe(3-Cl)}$PEPTIDE1,PEPTIDE1,1:R1-7:R2$$$",-6.44800000,ok,,flexible
"PEPTIDE1{Me_Bal.T.L.Me_Phe(3-Cl).Nle.dP.Me_Phe(3-Cl)}$PEPTIDE1,PEPTIDE1,1:R1-7:R2$$$",-6.21300000,ok,,flexible
"PEPTIDE1{dP.dPye.T.meL.Ser(tBu).P.dF}$PEPTIDE1,PEPTIDE1,1:R1-7:R2$$$",-6.16300000,ok,,flexible
"PEPTIDE1{dA.cHexCH2_Gly.A.L.T.P.meL}$PEPTIDE1,PEPTIDE1,1:R1-7:R2$$$",-6.83200000,ok,,flexible
"PEPTIDE1{L.P.I.G.pentyl_Gly.V.F}$PEPTIDE1,PEPTIDE1,1:R1-7:R2$$$",-5.44100000,ok,,flexible
"PEPTIDE1{dV.F.L.meA.meL.D.I}$PEPTIDE1,PEPTIDE1,1:R1-7:R2$$$",-5.04200000,ok,,flexible
"PEPTIDE1{dV.Me_dL.F.Sar.dP.Phe(4-CF3).meL}$PEPTIDE1,PEPTIDE1,1:R1-7:R2$$$",-6.07200000,ok,,flexible
"PEPTIDE1{dV.Me_dL.T.F.T.I.P}$PEPTIDE1,PEPTIDE1,1:R1-7:R2$$$",-5.97100000,ok,,flexible
"PEPTIDE1{dV.F.meL.Me_Phe(3-Cl).dP.Et_Gly.T}$PEPTIDE1,PEPTIDE1,1:R1-7:R2$$$",-6.24300000,ok,,flexible
"PEPTIDE1{dF.P.dP.meL.F.T.P}$PEPTIDE1,PEPTIDE1,1:R1-7:R2$$$",-5.99000000,ok,,flexible
"PEPTIDE1{meA.T.Me_dL.Me_dA.meY.dL.P}$PEPTIDE1,PEPTIDE1,1:R1-7:R2$$$",-5.94100000,ok,,flexible
"PEPTIDE1{Me_Bal.meL.P.meY.Me_dL.Y.dP}$PEPTIDE1,PEPTIDE1,1:R1-7:R2$$$",-6.76600000,ok,,flexible
"PEPTIDE1{Me_dA.meA.Pr_Gly.F.A.dA.dF}$PEPTIDE1,PEPTIDE1,1:R1-7:R2$$$",-7.30200000,ok,,flexible
"PEPTIDE1{Me_dA.meL.dL.L.Bn_Gly.meA.T}$PEPTIDE1,PEPTIDE1,1:R1-7:R2$$$",-5.63800000,ok,,flexible
"PEPTIDE1{dF.L.cHexCH2_Gly.I.Mono84.D.Me_Phe(3-Cl)}$PEPTIDE1,PEPTIDE1,1:R1-7:R2$$$",-6.18100000,ok,,flexible
"PEPTIDE1{A.F.dP.meL.dF.P.Me_Phe(3-Cl)}$PEPTIDE1,PEPTIDE1,1:R1-7:R2$$$",-6.98100000,ok,,flexible
"PEPTIDE1{Me_Bal.meL.Y.meY.T.D.dP}$PEPTIDE1,PEPTIDE1,1:R1-7:R2$$$",-6.87300000,ok,,flexible
"PEPTIDE1{Me_Bal.dP.P.G.Y.G.P}$PEPTIDE1,PEPTIDE1,1:R1-7:R2$$$",-6.96900000,ok,,flexible
"PEPTIDE1{dP.Me_dL.T.dV.Me_dA.P.meY}$PEPTIDE1,PEPTIDE1,1:R1-7:R2$$$",-6.76100000,ok,,flexible
"PEPTIDE1{Mono6.A.F.dP.Me_dL.T.Et_Gly}$PEPTIDE1,PEPTIDE1,1:R1-7:R2$$$",-6.39400000,ok,,flexible
"PEPTIDE1{Mono6.G.Y.F.D.I.dP}$PEPTIDE1,PEPTIDE1,1:R1-7:R2$$$",-7.01300000,ok,,flexible
"PEPTIDE1{dA.F.I.D.G.V.dP}$PEPTIDE1,PEPTIDE1,1:R1-7:R2$$$",-6.77800000,ok,,flexible
"PEPTIDE1{Mono6.meL.I.Ser(tBu).F.L.T}$PEPTIDE1,PEPTIDE1,1:R1-7:R2$$$",-5.28100000,ok,,flexible
"PEPTIDE1{dP.I.T.Me_Phe(3-Cl).L.P.dP}$PEPTIDE1,PEPTIDE1,1:R1-7:R2$$$",-6.58000000,ok,,flexible
"PEPTIDE1{Me_Bal.P.P.Me_dL.meL.F.G}$PEPTIDE1,PEPTIDE1,1:R1-7:R2$$$",-6.37900000,ok,,flexible
"PEPTIDE1{A.F.L.Ser(tBu).V.meL.meA}$PEPTIDE1,PEPTIDE1,1:R1-7:R2$$$",-6.04400000,ok,,flexible
"PEPTIDE1{Me_dA.dP.G.dP.P.meY.T}$PEPTIDE1,PEPTIDE1,1:R1-7:R2$$$",-7.48700000,ok,,flexible
"PEPTIDE1{A.T.Phe(4-CF3).meL.I.dP.F}$PEPTIDE1,PEPTIDE1,1:R1-7:R2$$$",-6.56100000,ok,,flexible
"PEPTIDE1{Pr_Gly.Ser(tBu).P.F.A.I.dP}$PEPTIDE1,PEPTIDE1,1:R1-7:R2$$$",-5.96700000,ok,,flexible
"PEPTIDE1{dP.Me_dL.P.G.Y.F.Me_Phe(3-Cl)}$PEPTIDE1,PEPTIDE1,1:R1-7:R2$$$",-6.21400000,ok,,flexible
"PEPTIDE1{Me_Bal.meY.P.dP.P.dP.T}$PEPTIDE1,PEPTIDE1,1:R1-7:R2$$$",-8.04900000,ok,,flexible
"PEPTIDE1{dF.T.P.T.dP.dP.Me_Phe(3-Cl)}$PEPTIDE1,PEPTIDE1,1:R1-7:R2$$$",-6.87200000,ok,,flexible
"PEPTIDE1{meA.meL.A.dP.dL.T.L}$PEPTIDE1,PEPTIDE1,1:R1-7:R2$$$",-6.46800000,ok,,flexible
"PEPTIDE1{Me_Bal.F.V.meL.P.I.P}$PEPTIDE1,PEPTIDE1,1:R1-7:R2$$$",-5.95300000,ok,,flexible
"PEPTIDE1{Me_Bal.P.Sar.L.T.dP.Me_dL}$PEPTIDE1,PEPTIDE1,1:R1-7:R2$$$",-6.66400000,ok,,flexible
"PEPTIDE1{Sar.L.meA.V.F.I.T}$PEPTIDE1,PEPTIDE1,1:R1-7:R2$$$",-5.71400000,ok,,flexible
"PEPTIDE1{Me_dA.Mono38.meL.A.meA.dL.dP}$PEPTIDE1,PEPTIDE1,1:R1-7:R2$$$",-5.89600000,ok,,flexible
"PEPTIDE1{F.Me_Nle.dP.Me_Phe(3-Cl).I.meL.P}$PEPTIDE1,PEPTIDE1,1:R1-7:R2$$$",-6.17600000,ok,,flexible
"PEPTIDE1{Mono6.F.L.Me_Phe(3-Cl).T.I.A}$PEPTIDE1,PEPTIDE1,1:R1-7:R2$$$",-6.63100000,ok,,flexible
"PEPTIDE1{dF.dP.F.T.D.meL.Phe(4-CF3)}$PEPTIDE1,PEPTIDE1,1:R1-7:R2$$$",-5.74400000,ok,,flexible
"PEPTIDE1{Me_Bal.meL.F.Me_dL.P.I.dP}$PEPTIDE1,PEPTIDE1,1:R1-7:R2$$$",-6.36800000,ok,,flexible
"PEPTIDE1{Mono6.meA.meY.dP.dP.P.meL}$PEPTIDE1,PEPTIDE1,1:R1-7:R2$$$",-7.38700000,ok,,flexible
"PEPTIDE1{Me_dA.P.T.I.F.G.dP}$PEPTIDE1,PEPTIDE1,1:R1-7:R2$$$",-6.62600000,ok,,flexible
"PEPTIDE1{meA.Pr_Gly.L.F.I.G.P}$PEPTIDE1,PEPTIDE1,1:R1-7:R2$$$",-5.60500000,ok,,flexible
"PEPTIDE1{Me_dA.meA.Pr_Gly.dF.F.T.Me_dL}$PEPTIDE1,PEPTIDE1,1:R1-7:R2$$$",-6.20500000,ok,,flexible
"PEPTIDE1{dA.I.T.P.G.P.F}$PEPTIDE1,PEPTIDE1,1:R1-7:R2$$$",-6.97900000,ok,,flexible
"PEPTIDE1{dV.meL.P.I.F.V.T}$PEPTIDE1,PEPTIDE1,1:R1-7:R2$$$",-6.09500000,ok,,flexible
"PEPTIDE1{dP.meL.T.L.Mono7.meA.A}$PEPTIDE1,PEPTIDE1,1:R1-7:R2$$$",-6.21500000,ok,,flexible
"PEPTIDE1{Mono6.meL.pentyl_Gly.Ser(tBu).G.Me_dL.P}$PEPTIDE1,PEPTIDE1,1:R1-7:R2$$$",-5.35000000,ok,,flexible
"PEPTIDE1{dP.meA.Sar.P.F.L.meL}$PEPTIDE1,PEPTIDE1,1:R1-7:R2$$$",-7.24000000,ok,,flexible
"PEPTIDE1{Me_Bal.dP.P.T.Sar.I.meL}$PEPTIDE1,PEPTIDE1,1:R1-7:R2$$$",-6.20900000,ok,,flexible
"PEPTIDE1{Me_Bal.Me_dA.dP.meL.Me_dL.dP.Mono6}$PEPTIDE1,PEPTIDE1,1:R1-7:R2$$$",-6.46000000,ok,,flexible
"PEPTIDE1{Pr_Gly.pentyl_Gly.L.F.dL.V.I}$PEPTIDE1,PEPTIDE1,1:R1-7:R2$$$",-5.10200000,ok,,flexible
"PEPTIDE1{A.I.G.F.P.F.meL}$PEPTIDE1,PEPTIDE1,1:R1-7:R2$$$",-6.86200000,ok,,flexible
"PEPTIDE1{Mono6.Me_dL.T.I.P.P.meL}$PEPTIDE1,PEPTIDE1,1:R1-7:R2$$$",-5.63900000,ok,,flexible
"PEPTIDE1{A.meA.V.Me_dL.L.P.dP}$PEPTIDE1,PEPTIDE1,1:R1-7:R2$$$",-6.59200000,ok,,flexible
"PEPTIDE1{P.G.meL.L.dP.dF.F}$PEPTIDE1,PEPTIDE1,1:R1-7:R2$$$",-6.52400000,ok,,flexible
"PEPTIDE1{Mono6.meL.P.D.L.P.dL}$PEPTIDE1,PEPTIDE1,1:R1-7:R2$$$",-5.91500000,ok,,flexible
"PEPTIDE1{A.Me_dL.F.V.meA.F.P}$PEPTIDE1,PEPTIDE1,1:R1-7:R2$$$",-5.98500000,ok,,flexible
"PEPTIDE1{A.Me_dA.dA.T.meA.dP.meL}$PEPTIDE1,PEPTIDE1,1:R1-7:R2$$$",-6.50000000,ok,,flexible
"PEPTIDE1{meA.Me_dAbu.meL.Me_dA.dP.meY.dP}$PEPTIDE1,PEPTIDE1,1:R1-7:R2$$$",-6.86300000,ok,,flexible
"PEPTIDE1{meA.Me_dA.meL.L.G.V.T}$PEPTIDE1,PEPTIDE1,1:R1-7:R2$$$",-6.42900000,ok,,flexible
"PEPTIDE1{Sar.meA.L.P.I.P.dP}$PEPTIDE1,PEPTIDE1,1:R1-7:R2$$$",-6.64500000,ok,,flexible
"PEPTIDE1{Me_Bal.dP.pentyl_Gly.Phe(4-CF3).T.meL.G}$PEPTIDE1,PEPTIDE1,1:R1-7:R2$$$",-6.33000000,ok,,flexible
"PEPTIDE1{Mono6.L.Sar.dP.I.A.dA}$PEPTIDE1,PEPTIDE1,1:R1-7:R2$$$",-5.58400000,ok,,flexible
"PEPTIDE1{P.meL.A.dP.T.Et_Gly.P}$PEPTIDE1,PEPTIDE1,1:R1-7:R2$$$",-6.41300000,ok,,flexible
"PEPTIDE1{L.P.F.dP.P.G.meL}$PEPTIDE1,PEPTIDE1,1:R1-7:R2$$$",-6.52800000,ok,,flexible
"PEPTIDE1{meL.Asp_piperidide.L.P.T.Me_Phe(3-Cl).P}$PEPTIDE1,PEPTIDE1,1:R1-7:R2$$$",-6.48800000,ok,,flexible
"PEPTIDE1{meA.P.dP.I.meL.V.P}$PEPTIDE1,PEPTIDE1,1:R1-7:R2$$$",-6.39400000,ok,,flexible
"PEPTIDE1{Me_Bal.T.dP.F.L.G.T}$PEPTIDE1,PEPTIDE1,1:R1-7:R2$$$",-6.62600000,ok,,flexible
"PEPTIDE1{Me_Bal.P.meL.Y.P.Me_dL.V}$PEPTIDE1,PEPTIDE1,1:R1-7:R2$$$",-7.09400000,ok,,flexible
"PEPTIDE1{meA.cHexCH2_Gly.A.I.dL.L.Mono7}$PEPTIDE1,PEPTIDE1,1:R1-7:R2$$$",-5.75200000,ok,,flexible
"PEPTIDE1{A.F.meL.I.P.I.dP}$PEPTIDE1,PEPTIDE1,1:R1-7:R2$$$",-5.89300000,ok,,flexible
"PEPTIDE1{dA.G.L.meL.meA.dP.A}$PEPTIDE1,PEPTIDE1,1:R1-7:R2$$$",-6.08600000,ok,,flexible
"PEPTIDE1{dP.meA.Mono6.P.dF.Asp_piperidide.Me_dL}$PEPTIDE1,PEPTIDE1,1:R1-7:R2$$$",-6.32200000,ok,,flexible
"PEPTIDE1{Me_dA.L.Me_Phe(3-Cl).F.Et_Gly.A.meL}$PEPTIDE1,PEPTIDE1,1:R1-7:R2$$$",-5.84700000,ok,,flexible
"PEPTIDE1{Me_dA.Me_Phe(3-Cl).V.meL.T.P.I}$PEPTIDE1,PEPTIDE1,1:R1-7:R2$$$",-6.34800000,ok,,flexible
"PEPTIDE1{Me_dA.G.F.V.P.I.meL}$PEPTIDE1,PEPTIDE1,1:R1-7:R2$$$",-6.11600000,ok,,flexible
"PEPTIDE1{Me_Bal.dP.L.I.G.dL.meF}$PEPTIDE1,PEPTIDE1,1:R1-7:R2$$$",-6.22800000,ok,,flexible
"PEPTIDE1{Mono6.meY.dP.dP.P.meL.G}$PEPTIDE1,PEPTIDE1,1:R1-7:R2$$$",-6.68000000,ok,,flexible
"PEPTIDE1{dP.dA.Pr_Gly.dL.A.Pr_Gly.F}$PEPTIDE1,PEPTIDE1,1:R1-7:R2$$$",-6.29700000,ok,,flexible
"PEPTIDE1{F.meA.V.Me_dA.T.dL.L}$PEPTIDE1,PEPTIDE1,1:R1-7:R2$$$",-5.76500000,ok,,flexible
"PEPTIDE1{Pr_Gly.T.Mono7.P.Me_Phe(3-Cl).F.meL}$PEPTIDE1,PEPTIDE1,1:R1-7:R2$$$",-6.42900000,ok,,flexible
"PEPTIDE1{Sar.A.P.meF.V.Ser(tBu).dP}$PEPTIDE1,PEPTIDE1,1:R1-7:R2$$$",-6.45000000,ok,,flexible
"PEPTIDE1{dV.F.dP.meL.Me_dL.T.Et_Gly}$PEPTIDE1,PEPTIDE1,1:R1-7:R2$$$",-5.59900000,ok,,flexible
"PEPTIDE1{A.meL.F.Me_dL.P.dP.dP}$PEPTIDE1,PEPTIDE1,1:R1-7:R2$$$",-6.81600000,ok,,flexible
"PEPTIDE1{Me_Bal.dA.Me_dA.meY.dV.dP.meA}$PEPTIDE1,PEPTIDE1,1:R1-7:R2$$$",-6.52900000,ok,,flexible
"PEPTIDE1{A.G.F.T.P.D.G}$PEPTIDE1,PEPTIDE1,1:R1-7:R2$$$",-6.62300000,ok,,flexible
"PEPTIDE1{L.T.P.dP.meL.Y.G}$PEPTIDE1,PEPTIDE1,1:R1-7:R2$$$",-6.42800000,ok,,flexible
"PEPTIDE1{meA.Me_Phe(3-Cl).P.A.F.meL.L}$PEPTIDE1,PEPTIDE1,1:R1-7:R2$$$",-5.91700000,ok,,flexible
"PEPTIDE1{Me_Bal.I.pentyl_Gly.A.T.L.Mono86}$PEPTIDE1,PEPTIDE1,1:R1-7:R2$$$",-5.32200000,ok,,flexible
"PEPTIDE1{dA.I.Me_Phe(3-Cl).L.meL.Me_Phe(3-Cl).dP}$PEPTIDE1,PEPTIDE1,1:R1-7:R2$$$",-6.33000000,ok,,flexible
"PEPTIDE1{F.cHexCH2_Gly.dL.T.dP.A.meF}$PEPTIDE1,PEPTIDE1,1:R1-7:R2$$$",-6.34300000,ok,,flexible
"PEPTIDE1{meA.Me_dA.Pr_Gly.meY.dP.Me_dL.P}$PEPTIDE1,PEPTIDE1,1:R1-7:R2$$$",-6.42000000,ok,,flexible
"PEPTIDE1{Me_dA.meL.T.P.V.L.A}$PEPTIDE1,PEPTIDE1,1:R1-7:R2$$$",-5.73400000,ok,,flexible
"PEPTIDE1{A.meL.dP.pentyl_Gly.Me_Phe(3-Cl).F.Phe(4-CF3)}$PEPTIDE1,PEPTIDE1,1:R1-7:R2$$$",-6.51700000,ok,,flexible
"PEPTIDE1{dF.Mono84.P.Ser(tBu).I.D.dL}$PEPTIDE1,PEPTIDE1,1:R1-7:R2$$$",-5.85200000,ok,,flexible
"PEPTIDE1{dA.A.meL.Me_dL.Y.P.meY}$PEPTIDE1,PEPTIDE1,1:R1-7:R2$$$",-6.67800000,ok,,flexible
"PEPTIDE1{Me_dA.P.P.F.V.T.meL}$PEPTIDE1,PEPTIDE1,1:R1-7:R2$$$",-6.17900000,ok,,flexible
"PEPTIDE1{A.Me_dL.T.G.dP.F.meL}$PEPTIDE1,PEPTIDE1,1:R1-7:R2$$$",-6.13700000,ok,,flexible
"PEPTIDE1{Me_dA.P.meA.I.dA.meY.A}$PEPTIDE1,PEPTIDE1,1:R1-7:R2$$$",-6.44400000,ok,,flexible
"PEPTIDE1{dA.A.L.D.P.V.I}$PEPTIDE1,PEPTIDE1,1:R1-7:R2$$$",-6.12300000,ok,,flexible
"PEPTIDE1{Mono6.Me_dA.A.meY.Y.Me_dL.P}$PEPTIDE1,PEPTIDE1,1:R1-7:R2$$$",-6.25500000,ok,,flexible
"PEPTIDE1{A.meF.L.meY.Me_dL.P.T}$PEPTIDE1,PEPTIDE1,1:R1-7:R2$$$",-6.52700000,ok,,flexible
"PEPTIDE1{dV.P.dP.F.G.dP.Me_dL}$PEPTIDE1,PEPTIDE1,1:R1-7:R2$$$",-6.82100000,ok,,flexible
"PEPTIDE1{meA.A.dL.G.meL.dF.F}$PEPTIDE1,PEPTIDE1,1:R1-7:R2$$$",-6.30200000,ok,,flexible
"PEPTIDE1{A.meA.meL.I.P.dP.Me_dL}$PEPTIDE1,PEPTIDE1,1:R1-7:R2$$$",-6.01500000,ok,,flexible
"PEPTIDE1{Me_Bal.G.pentyl_Gly.meL.Y.dP.P}$PEPTIDE1,PEPTIDE1,1:R1-7:R2$$$",-6.24800000,ok,,flexible
"PEPTIDE1{Me_dA.Me_Nle.F.T.P.meL.I}$PEPTIDE1,PEPTIDE1,1:R1-7:R2$$$",-5.54600000,ok,,flexible
"PEPTIDE1{Me_dA.meA.P.pentyl_Gly.meL.T.V}$PEPTIDE1,PEPTIDE1,1:R1-7:R2$$$",-6.03100000,ok,,flexible
"PEPTIDE1{dV.F.I.D.L.Me_Phe(3-Cl).meL}$PEPTIDE1,PEPTIDE1,1:R1-7:R2$$$",-5.67000000,ok,,flexible
"PEPTIDE1{Me_dA.meA.T.P.P.meL.pentyl_Gly}$PEPTIDE1,PEPTIDE1,1:R1-7:R2$$$",-6.15400000,ok,,flexible
"PEPTIDE1{dA.P.P.dP.I.G.meL}$PEPTIDE1,PEPTIDE1,1:R1-7:R2$$$",-6.99800000,ok,,flexible
"PEPTIDE1{meL.L.dL.dP.Me_Phe(3-Cl).P.P}$PEPTIDE1,PEPTIDE1,1:R1-7:R2$$$",-5.87200000,ok,,flexible
"PEPTIDE1{dV.meA.Me_dA.meL.Phe(4-CF3).G.dP}$PEPTIDE1,PEPTIDE1,1:R1-7:R2$$$",-6.62900000,ok,,flexible
"PEPTIDE1{Me_dA.I.A.L.T.dP.dL}$PEPTIDE1,PEPTIDE1,1:R1-7:R2$$$",-5.83100000,ok,,flexible
"PEPTIDE1{Me_dA.A.P.meL.Me_dL.dP.T}$PEPTIDE1,PEPTIDE1,1:R1-7:R2$$$",-6.63000000,ok,,flexible
"PEPTIDE1{Me_Bal.meF.Me_dL.dP.dV.T.meA}$PEPTIDE1,PEPTIDE1,1:R1-7:R2$$$",-6.78500000,ok,,flexible
"PEPTIDE1{dA.dP.Me_dL.P.F.Y.G}$PEPTIDE1,PEPTIDE1,1:R1-7:R2$$$",-7.42700000,ok,,flexible
"PEPTIDE1{L.meY.dP.dP.meL.I.Y}$PEPTIDE1,PEPTIDE1,1:R1-7:R2$$$",-5.56900000,ok,,flexible
"PEPTIDE1{dP.L.Me_Phe(3-Cl).T.P.P.Me_dL}$PEPTIDE1,PEPTIDE1,1:R1-7:R2$$$",-6.85900000,ok,,flexible
"PEPTIDE1{Mono6.meL.F.dP.P.dP.Me_Phe(3-Cl)}$PEPTIDE1,PEPTIDE1,1:R1-7:R2$$$",-7.18000000,ok,,flexible
"PEPTIDE1{Me_dA.meV.A.meF.meA.L.I}$PEPTIDE1,PEPTIDE1,1:R1-7:R2$$$",-6.29300000,ok,,flexible
"PEPTIDE1{Me_dA.pentyl_Gly.P.cHexCH2_Gly.F.T.dP}$PEPTIDE1,PEPTIDE1,1:R1-7:R2$$$",-6.00300000,ok,,flexible
"PEPTIDE1{A.G.F.meL.G.I.D}$PEPTIDE1,PEPTIDE1,1:R1-7:R2$$$",-6.39200000,ok,,flexible
"PEPTIDE1{dF.A.A.meL.G.meA.Ser(tBu)}$PEPTIDE1,PEPTIDE1,1:R1-7:R2$$$",-5.67200000,ok,,flexible
"PEPTIDE1{dV.P.T.P.T.P.dP}$PEPTIDE1,PEPTIDE1,1:R1-7:R2$$$",-7.07000000,ok,,flexible
"PEPTIDE1{Mono6.P.pentyl_Gly.Me_Nle.Me_Phe(3-Cl).G.meL}$PEPTIDE1,PEPTIDE1,1:R1-7:R2$$$",-5.73200000,ok,,flexible
"PEPTIDE1{L.P.I.T.F.D.V}$PEPTIDE1,PEPTIDE1,1:R1-7:R2$$$",-6.36300000,ok,,flexible
"PEPTIDE1{dA.Me_dL.F.T.dP.meL.Phe(4-CF3)}$PEPTIDE1,PEPTIDE1,1:R1-7:R2$$$",-6.22800000,ok,,flexible
"PEPTIDE1{meA.I.L.Mono86.D.P.dP}$PEPTIDE1,PEPTIDE1,1:R1-7:R2$$$",-6.74700000,ok,,flexible
"PEPTIDE1{meA.meL.dP.L.G.P.F}$PEPTIDE1,PEPTIDE1,1:R1-7:R2$$$",-6.58000000,ok,,flexible
"PEPTIDE1{dP.meA.T.P.F.V.dV}$PEPTIDE1,PEPTIDE1,1:R1-7:R2$$$",-6.62500000,ok,,flexible
"PEPTIDE1{A.G.dA.V.meL.Me_dL.T}$PEPTIDE1,PEPTIDE1,1:R1-7:R2$$$",-5.92800000,ok,,flexible
"PEPTIDE1{dA.L.A.meA.dV.G.dL}$PEPTIDE1,PEPTIDE1,1:R1-7:R2$$$",-5.85100000,ok,,flexible
"PEPTIDE1{Me_Bal.meA.meL.dA.G.meF.F}$PEPTIDE1,PEPTIDE1,1:R1-7:R2$$$",-6.51900000,ok,,flexible
"PEPTIDE1{dF.P.T.P.meL.dP.P}$PEPTIDE1,PEPTIDE1,1:R1-7:R2$$$",-6.65800000,ok,,flexible
"PEPTIDE1{meA.dP.L.meL.P.Me_Phe(3-Cl).G}$PEPTIDE1,PEPTIDE1,1:R1-7:R2$$$",-6.65100000,ok,,flexible
"PEPTIDE1{Sar.meA.meL.Ser(tBu).I.P.F}$PEPTIDE1,PEPTIDE1,1:R1-7:R2$$$",-5.75700000,ok,,flexible
"PEPTIDE1{dV.Ser(tBu).I.F.Me_Phe(3-Cl).dP.P}$PEPTIDE1,PEPTIDE1,1:R1-7:R2$$$",-6.28600000,ok,,flexible
"PEPTIDE1{Me_dA.G.T.dP.dF.meL.F}$PEPTIDE1,PEPTIDE1,1:R1-7:R2$$$",-6.37500000,ok,,flexible
"PEPTIDE1{meA.pentyl_Gly.A.T.dP.Me_Phe(3-Cl).Nle}$PEPTIDE1,PEPTIDE1,1:R1-7:R2$$$",-5.58300000,ok,,flexible
"PEPTIDE1{dV.A.dPye.Pr_Gly.F.L.P}$PEPTIDE1,PEPTIDE1,1:R1-7:R2$$$",-6.00100000,ok,,flexible
"PEPTIDE1{Me_Bal.A.T.F.L.meL.V}$PEPTIDE1,PEPTIDE1,1:R1-7:R2$$$",-5.96500000,ok,,flexible
"PEPTIDE1{dA.T.T.I.V.L.meL}$PEPTIDE1,PEPTIDE1,1:R1-7:R2$$$",-5.57600000,ok,,flexible
"PEPTIDE1{Sar.P.T.T.I.dP.F}$PEPTIDE1,PEPTIDE1,1:R1-7:R2$$$",-6.35600000,ok,,flexible
"PEPTIDE1{Mono6.Me_dL.I.T.L.meA.F}$PEPTIDE1,PEPTIDE1,1:R1-7:R2$$$",-5.75100000,ok,,flexible
"PEPTIDE1{F.cHexCH2_Gly.Mono84.H.I.dP.L}$PEPTIDE1,PEPTIDE1,1:R1-7:R2$$$",-5.68800000,ok,,flexible
"PEPTIDE1{A.Pr_Gly.Me_dL.dP.G.Y.dA}$PEPTIDE1,PEPTIDE1,1:R1-7:R2$$$",-6.30700000,ok,,flexible
"PEPTIDE1{F.meA.dF.meL.T.Ser(tBu).D}$PEPTIDE1,PEPTIDE1,1:R1-7:R2$$$",-6.14500000,ok,,flexible
"PEPTIDE1{meA.L.meL.Mono84.P.dP.I}$PEPTIDE1,PEPTIDE1,1:R1-7:R2$$$",-5.86100000,ok,,flexible
"PEPTIDE1{F.Ser(tBu).L.T.Nle.T.I}$PEPTIDE1,PEPTIDE1,1:R1-7:R2$$$",-5.58600000,ok,,flexible
"PEPTIDE1{Me_Bal.A.dP.T.V.L.meA}$PEPTIDE1,PEPTIDE1,1:R1-7:R2$$$",-6.58700000,ok,,flexible
"PEPTIDE1{meA.A.L.Ser(tBu).D.dL.F}$PEPTIDE1,PEPTIDE1,1:R1-7:R2$$$",-5.80900000,ok,,flexible
"PEPTIDE1{A.meL.P.F.Me_dL.V.P}$PEPTIDE1,PEPTIDE1,1:R1-7:R2$$$",-6.05600000,ok,,flexible
"PEPTIDE1{Me_Bal.A.Sar.P.F.I.P}$PEPTIDE1,PEPTIDE1,1:R1-7:R2$$$",-6.67600000,ok,,flexible
"PEPTIDE1{Me_dA.L.dP.F.I.T.P}$PEPTIDE1,PEPTIDE1,1:R1-7:R2$$$",-6.73500000,ok,,flexible
"PEPTIDE1{Me_Bal.A.P.dP.meL.P.F}$PEPTIDE1,PEPTIDE1,1:R1-7:R2$$$",-6.89400000,ok,,flexible
"PEPTIDE1{meA.Y.F.dP.meL.Me_Phe(3-Cl).T}$PEPTIDE1,PEPTIDE1,1:R1-7:R2$$$",-7.59900000,ok,,flexible
"PEPTIDE1{dA.Mono38.P.meL.Me_Phe(3-Cl).T.L}$PEPTIDE1,PEPTIDE1,1:R1-7:R2$$$",-5.59300000,ok,,flexible
"PEPTIDE1{dF.meL.dP.T.F.V.D}$PEPTIDE1,PEPTIDE1,1:R1-7:R2$$$",-5.09600000,ok,,flexible
"PEPTIDE1{meA.Me_dL.Me_dA.dP.T.T.meL}$PEPTIDE1,PEPTIDE1,1:R1-7:R2$$$",-6.10500000,ok,,flexible
"PEPTIDE1{Me_dA.meA.L.F.I.P.G}$PEPTIDE1,PEPTIDE1,1:R1-7:R2$$$",-6.62900000,ok,,flexible
"PEPTIDE1{dV.Ser(tBu).meL.T.I.T.dP}$PEPTIDE1,PEPTIDE1,1:R1-7:R2$$$",-5.16200000,ok,,flexible
"PEPTIDE1{dV.dA.meL.F.V.T.A}$PEPTIDE1,PEPTIDE1,1:R1-7:R2$$$",-6.61500000,ok,,flexible
"PEPTIDE1{P.L.G.Ser(tBu).meL.dP.A}$PEPTIDE1,PEPTIDE1,1:R1-7:R2$$$",-5.96700000,ok,,flexible
"PEPTIDE1{Mono6.T.meL.F.G.meY.P}$PEPTIDE1,PEPTIDE1,1:R1-7:R2$$$",-6.49200000,ok,,flexible
"PEPTIDE1{P.pentyl_Gly.T.A.L.dP.meL}$PEPTIDE1,PEPTIDE1,1:R1-7:R2$$$",-5.81700000,ok,,flexible
"PEPTIDE1{Me_dA.meL.Asp_piperidide.V.dP.T.Me_dL}$PEPTIDE1,PEPTIDE1,1:R1-7:R2$$$",-5.32000000,ok,,flexible
"PEPTIDE1{dA.T.dP.V.G.meL.P}$PEPTIDE1,PEPTIDE1,1:R1-7:R2$$$",-6.36100000,ok,,flexible
"PEPTIDE1{meA.Me_dL.meY.P.P.Asp_piperidide.G}$PEPTIDE1,PEPTIDE1,1:R1-7:R2$$$",-6.37400000,ok,,flexible
"PEPTIDE1{dA.I.P.T.G.V.dP}$PEPTIDE1,PEPTIDE1,1:R1-7:R2$$$",-6.88900000,ok,,flexible
"PEPTIDE1{Me_dA.Mono38.L.P.F.G.T}$PEPTIDE1,PEPTIDE1,1:R1-7:R2$$$",-6.35000000,ok,,flexible
"PEPTIDE1{meL.Ser(tBu).I.P.dP.T.dP}$PEPTIDE1,PEPTIDE1,1:R1-7:R2$$$",-6.14600000,ok,,flexible
"PEPTIDE1{dF.Me_Phe(3-Cl).L.dP.Et_Gly.Mono34.F}$PEPTIDE1,PEPTIDE1,1:R1-7:R2$$$",-5.80200000,ok,,flexible
"PEPTIDE1{dA.T.P.G.D.meL.G}$PEPTIDE1,PEPTIDE1,1:R1-7:R2$$$",-6.23500000,ok,,flexible
"PEPTIDE1{meA.Pr_Gly.Me_dA.I.V.T.dF}$PEPTIDE1,PEPTIDE1,1:R1-7:R2$$$",-5.73400000,ok,,flexible
"PEPTIDE1{A.dP.Phe(4-CF3).F.F.meL.G}$PEPTIDE1,PEPTIDE1,1:R1-7:R2$$$",-7.34200000,ok,,flexible
"PEPTIDE1{Me_Bal.Me_Nle.Sar.I.P.meL.L}$PEPTIDE1,PEPTIDE1,1:R1-7:R2$$$",-5.85800000,ok,,flexible
"PEPTIDE1{Me_dA.F.meA.dP.V.L.dL}$PEPTIDE1,PEPTIDE1,1:R1-7:R2$$$",-6.71900000,ok,,flexible
"PEPTIDE1{Me_dA.L.F.Pr_Gly.T.meL.Me_dL}$PEPTIDE1,PEPTIDE1,1:R1-7:R2$$$",-5.31100000,ok,,flexible
"PEPTIDE1{Me_dA.T.dV.meY.meL.F.Me_dL}$PEPTIDE1,PEPTIDE1,1:R1-7:R2$$$",-5.63700000,ok,,flexible
"PEPTIDE1{Mono6.I.meA.T.meL.A.L}$PEPTIDE1,PEPTIDE1,1:R1-7:R2$$$",-5.80700000,ok,,flexible
"PEPTIDE1{Me_dA.meL.T.I.Bn_Gly.meA.L}$PEPTIDE1,PEPTIDE1,1:R1-7:R2$$$",-6.20400000,ok,,flexible
"PEPTIDE1{dA.Y.G.dP.Me_Phe(3-Cl).T.F}$PEPTIDE1,PEPTIDE1,1:R1-7:R2$$$",-6.81000000,ok,,flexible
"PEPTIDE1{Me_Bal.P.P.meL.I.dP.G}$PEPTIDE1,PEPTIDE1,1:R1-7:R2$$$",-6.39900000,ok,,flexible
"PEPTIDE1{Me_dA.T.dP.F.Y.T.I}$PEPTIDE1,PEPTIDE1,1:R1-7:R2$$$",-5.73700000,ok,,flexible
"PEPTIDE1{Me_dA.Mono84.dL.T.P.Ser(tBu).dP}$PEPTIDE1,PEPTIDE1,1:R1-7:R2$$$",-6.35700000,ok,,flexible
"PEPTIDE1{dV.A.Asp_piperidide.I.P.dP.meL}$PEPTIDE1,PEPTIDE1,1:R1-7:R2$$$",-6.73100000,ok,,flexible
"PEPTIDE1{dF.dP.T.D.F.P.V}$PEPTIDE1,PEPTIDE1,1:R1-7:R2$$$",-7.13400000,ok,,flexible
"PEPTIDE1{Me_dA.L.P.Me_Nle.P.meL.Me_Phe(3-Cl)}$PEPTIDE1,PEPTIDE1,1:R1-7:R2$$$",-6.35100000,ok,,flexible
"PEPTIDE1{dF.T.Me_Nle.P.P.Nle.meL}$PEPTIDE1,PEPTIDE1,1:R1-7:R2$$$",-5.86600000,ok,,flexible
"PEPTIDE1{meA.Pr_Gly.dF.T.Me_dA.P.L}$PEPTIDE1,PEPTIDE1,1:R1-7:R2$$$",-6.58500000,ok,,flexible
"PEPTIDE1{Me_Bal.meA.F.Me_dL.dF.T.V}$PEPTIDE1,PEPTIDE1,1:R1-7:R2$$$",-6.01600000,ok,,flexible
"PEPTIDE1{Me_dA.T.F.pentyl_Gly.L.dP.G}$PEPTIDE1,PEPTIDE1,1:R1-7:R2$$$",-5.34200000,ok,,flexible
"PEPTIDE1{Me_Bal.I.meL.G.V.Ser(tBu).dP}$PEPTIDE1,PEPTIDE1,1:R1-7:R2$$$",-5.58600000,ok,,flexible
"PEPTIDE1{dA.P.Mono38.T.L.I.dP}$PEPTIDE1,PEPTIDE1,1:R1-7:R2$$$",-6.26800000,ok,,flexible
"PEPTIDE1{Me_Bal.F.P.dA.I.meA.L}$PEPTIDE1,PEPTIDE1,1:R1-7:R2$$$",-6.90500000,ok,,flexible
"PEPTIDE1{Mono6.Nle.Me_Phe(3-Cl).G.P.P.Me_dL}$PEPTIDE1,PEPTIDE1,1:R1-7:R2$$$",-6.29400000,ok,,flexible
"PEPTIDE1{dA.Me_dA.V.T.F.dP.T}$PEPTIDE1,PEPTIDE1,1:R1-7:R2$$$",-6.37700000,ok,,flexible
"PEPTIDE1{Me_Bal.T.F.meL.Me_dL.L.meA}$PEPTIDE1,PEPTIDE1,1:R1-7:R2$$$",-5.93100000,ok,,flexible
"PEPTIDE1{dV.Me_Phe(3-Cl).dP.Me_dL.Asp_piperidide.meL.T}$PEPTIDE1,PEPTIDE1,1:R1-7:R2$$$",-5.86800000,ok,,flexible
"PEPTIDE1{A.I.meA.P.dL.P.meL}$PEPTIDE1,PEPTIDE1,1:R1-7:R2$$$",-1.80200000,ok,,flexible
"PEPTIDE1{dV.F.I.T.D.meL.P}$PEPTIDE1,PEPTIDE1,1:R1-7:R2$$$",-5.02400000,ok,,flexible
"PEPTIDE1{dA.F.meA.L.A.T.V}$PEPTIDE1,PEPTIDE1,1:R1-7:R2$$$",-6.42600000,ok,,flexible
"PEPTIDE1{Me_Bal.dP.T.G.G.I.P}$PEPTIDE1,PEPTIDE1,1:R1-7:R2$$$",-6.42500000,ok,,flexible
"PEPTIDE1{L.T.D.P.Me_Phe(3-Cl).P.Y}$PEPTIDE1,PEPTIDE1,1:R1-7:R2$$$",-6.01900000,ok,,flexible
"PEPTIDE1{Me_Bal.I.Me_dA.meY.meA.Me_dL.P}$PEPTIDE1,PEPTIDE1,1:R1-7:R2$$$",-6.24600000,ok,,flexible
"PEPTIDE1{Me_Bal.Y.F.P.P.Sar.G}$PEPTIDE1,PEPTIDE1,1:R1-7:R2$$$",-7.29600000,ok,,flexible
"PEPTIDE1{Mono6.dP.P.V.F.I.G}$PEPTIDE1,PEPTIDE1,1:R1-7:R2$$$",-6.94100000,ok,,flexible
"PEPTIDE1{dF.pentyl_Gly.Mono38.Ser(tBu).I.Nle.T}$PEPTIDE1,PEPTIDE1,1:R1-7:R2$$$",-4.92400000,ok,,flexible
"PEPTIDE1{P.A.meA.T.dP.dF.Me_dA}$PEPTIDE1,PEPTIDE1,1:R1-7:R2$$$",-7.40000000,ok,,flexible
"PEPTIDE1{Mono6.L.I.Ser(tBu).dP.meL.meF}$PEPTIDE1,PEPTIDE1,1:R1-7:R2$$$",-5.27900000,ok,,flexible
"PEPTIDE1{Me_dA.P.meL.Me_dL.T.dP.G}$PEPTIDE1,PEPTIDE1,1:R1-7:R2$$$",-6.03100000,ok,,flexible
"PEPTIDE1{Mono6.dP.P.D.Y.F.G}$PEPTIDE1,PEPTIDE1,1:R1-7:R2$$$",-7.12900000,ok,,flexible
"PEPTIDE1{dV.meA.F.dP.T.Et_Gly.L}$PEPTIDE1,PEPTIDE1,1:R1-7:R2$$$",-5.72900000,ok,,flexible
"PEPTIDE1{Me_dA.meA.L.Me_dL.meY.pentyl_Gly.P}$PEPTIDE1,PEPTIDE1,1:R1-7:R2$$$",-5.78300000,ok,,flexible
"PEPTIDE1{Me_dA.I.meL.Me_Phe(3-Cl).V.P.P}$PEPTIDE1,PEPTIDE1,1:R1-7:R2$$$",-5.89700000,ok,,flexible
"PEPTIDE1{Mono6.P.meL.T.F.V.dP}$PEPTIDE1,PEPTIDE1,1:R1-7:R2$$$",-6.57900000,ok,,flexible
"PEPTIDE1{Me_dA.dP.dP.pentyl_Gly.F.P.Phe(4-CF3)}$PEPTIDE1,PEPTIDE1,1:R1-7:R2$$$",-6.33600000,ok,,flexible
"PEPTIDE1{Me_dA.meA.P.Mono6.Me_dL.Y.dP}$PEPTIDE1,PEPTIDE1,1:R1-7:R2$$$",-6.79100000,ok,,flexible
"PEPTIDE1{Me_dA.P.dP.L.T.F.Nle}$PEPTIDE1,PEPTIDE1,1:R1-7:R2$$$",-6.17900000,ok,,flexible
"PEPTIDE1{Me_dA.dP.Me_dL.meL.V.P.Me_Phe(3-Cl)}$PEPTIDE1,PEPTIDE1,1:R1-7:R2$$$",-5.95500000,ok,,flexible
"PEPTIDE1{dV.dP.meL.D.T.Y.G}$PEPTIDE1,PEPTIDE1,1:R1-7:R2$$$",-5.82000000,ok,,flexible
"PEPTIDE1{dV.G.P.meL.dP.G.D}$PEPTIDE1,PEPTIDE1,1:R1-7:R2$$$",-6.45300000,ok,,flexible
"PEPTIDE1{meA.F.meL.T.V.P.P}$PEPTIDE1,PEPTIDE1,1:R1-7:R2$$$",-6.69700000,ok,,flexible
"PEPTIDE1{Me_dA.F.P.T.Y.G.dP}$PEPTIDE1,PEPTIDE1,1:R1-7:R2$$$",-7.35300000,ok,,flexible
"PEPTIDE1{Mono6.L.meL.dP.T.V.I}$PEPTIDE1,PEPTIDE1,1:R1-7:R2$$$",-5.73100000,ok,,flexible
"PEPTIDE1{Me_Bal.dA.L.Me_dL.A.dL.F}$PEPTIDE1,PEPTIDE1,1:R1-7:R2$$$",-5.90000000,ok,,flexible
"PEPTIDE1{Me_dA.dPye.P.G.Me_dL.dP.F}$PEPTIDE1,PEPTIDE1,1:R1-7:R2$$$",-6.46300000,ok,,flexible
"PEPTIDE1{Mono6.P.F.dP.P.T.meL}$PEPTIDE1,PEPTIDE1,1:R1-7:R2$$$",-6.75900000,ok,,flexible
"PEPTIDE1{Me_Bal.dP.L.P.I.G.F}$PEPTIDE1,PEPTIDE1,1:R1-7:R2$$$",-6.45400000,ok,,flexible
"PEPTIDE1{Me_dA.cHexCH2_Gly.L.P.Mono84.dL.dP}$PEPTIDE1,PEPTIDE1,1:R1-7:R2$$$",-5.80900000,ok,,flexible
"PEPTIDE1{F.L.P.dP.V.P.D}$PEPTIDE1,PEPTIDE1,1:R1-7:R2$$$",-6.22300000,ok,,flexible
"PEPTIDE1{dF.T.I.meL.D.Phe(4-CF3).P}$PEPTIDE1,PEPTIDE1,1:R1-7:R2$$$",-6.10900000,ok,,flexible
"PEPTIDE1{dF.L.Mono6.F.dP.Me_Phe(3-Cl).Asp_piperidide}$PEPTIDE1,PEPTIDE1,1:R1-7:R2$$$",-5.86100000,ok,,flexible
"PEPTIDE1{L.I.F.T.P.V.meL}$PEPTIDE1,PEPTIDE1,1:R1-7:R2$$$",-5.85600000,ok,,flexible
"PEPTIDE1{dV.A.Me_dA.Me_dL.T.P.meL}$PEPTIDE1,PEPTIDE1,1:R1-7:R2$$$",-5.69900000,ok,,flexible
"PEPTIDE1{Me_Bal.T.F.V.Mono7.L.Me_dL}$PEPTIDE1,PEPTIDE1,1:R1-7:R2$$$",-6.02200000,ok,,flexible
"PEPTIDE1{meA.dPye.T.dF.meL.dP.F}$PEPTIDE1,PEPTIDE1,1:R1-7:R2$$$",-6.44000000,ok,,flexible
"PEPTIDE1{dV.F.P.G.dP.F.T}$PEPTIDE1,PEPTIDE1,1:R1-7:R2$$$",-6.45200000,ok,,flexible
"PEPTIDE1{Me_Bal.dP.G.F.P.D.T}$PEPTIDE1,PEPTIDE1,1:R1-7:R2$$$",-6.82600000,ok,,flexible
"PEPTIDE1{Me_Bal.meL.T.L.Mono84.dP.Me_Phe(3-Cl)}$PEPTIDE1,PEPTIDE1,1:R1-7:R2$$$",-6.72400000,ok,,flexible
"PEPTIDE1{Me_dA.Me_dL.dF.P.dP.T.P}$PEPTIDE1,PEPTIDE1,1:R1-7:R2$$$",-6.63900000,ok,,flexible
"PEPTIDE1{dA.F.L.Me_Phe(3-Cl).I.dP.P}$PEPTIDE1,PEPTIDE1,1:R1-7:R2$$$",-5.60600000,ok,,flexible
"PEPTIDE1{F.A.V.Mono78.L.Me_dL.L}$PEPTIDE1,PEPTIDE1,1:R1-7:R2$$$",-6.37800000,ok,,flexible
"PEPTIDE1{meL.T.dP.dP.Asp_piperidide.F.Et_Gly}$PEPTIDE1,PEPTIDE1,1:R1-7:R2$$$",-6.00600000,ok,,flexible
"PEPTIDE1{dF.Me_dA.meY.Me_dL.T.Y.meA}$PEPTIDE1,PEPTIDE1,1:R1-7:R2$$$",-6.51500000,ok,,flexible
"PEPTIDE1{Sar.P.F.T.P.Me_dL.L}$PEPTIDE1,PEPTIDE1,1:R1-7:R2$$$",-6.05300000,ok,,flexible
"PEPTIDE1{Me_dA.P.dP.meL.F.F.Me_dL}$PEPTIDE1,PEPTIDE1,1:R1-7:R2$$$",-6.63700000,ok,,flexible
"PEPTIDE1{A.Me_dL.T.meL.T.P.I}$PEPTIDE1,PEPTIDE1,1:R1-7:R2$$$",-5.52500000,ok,,flexible
"PEPTIDE1{Me_Bal.P.F.P.T.dP.G}$PEPTIDE1,PEPTIDE1,1:R1-7:R2$$$",-7.31400000,ok,,flexible
"PEPTIDE1{Me_Bal.P.P.I.G.Y.D}$PEPTIDE1,PEPTIDE1,1:R1-7:R2$$$",-6.56700000,ok,,flexible
"PEPTIDE1{P.Pr_Gly.T.dP.Me_dA.Me_dL.F}$PEPTIDE1,PEPTIDE1,1:R1-7:R2$$$",-6.65000000,ok,,flexible
"PEPTIDE1{dF.Asp_piperidide.T.P.F.G.meL}$PEPTIDE1,PEPTIDE1,1:R1-7:R2$$$",-7.25900000,ok,,flexible
"PEPTIDE1{Me_dA.Me_Phe(3-Cl).P.T.meL.P.F}$PEPTIDE1,PEPTIDE1,1:R1-7:R2$$$",-6.47000000,ok,,flexible
"PEPTIDE1{Me_Bal.P.P.Asp_piperidide.G.meL.I}$PEPTIDE1,PEPTIDE1,1:R1-7:R2$$$",-6.43700000,ok,,flexible
"PEPTIDE1{dF.P.dP.Me_Phe(3-Cl).G.T.I}$PEPTIDE1,PEPTIDE1,1:R1-7:R2$$$",-6.63200000,ok,,flexible
"PEPTIDE1{Me_Bal.F.T.meL.G.P.D}$PEPTIDE1,PEPTIDE1,1:R1-7:R2$$$",-6.40500000,ok,,flexible
"PEPTIDE1{meA.I.dP.P.T.P.dP}$PEPTIDE1,PEPTIDE1,1:R1-7:R2$$$",-7.23500000,ok,,flexible
"PEPTIDE1{dA.I.G.F.meL.Y.D}$PEPTIDE1,PEPTIDE1,1:R1-7:R2$$$",-6.38100000,ok,,flexible
"PEPTIDE1{Me_dA.dP.Mono6.dP.F.G.Asp_piperidide}$PEPTIDE1,PEPTIDE1,1:R1-7:R2$$$",-7.00200000,ok,,flexible
"PEPTIDE1{dV.meL.Y.T.P.dP.P}$PEPTIDE1,PEPTIDE1,1:R1-7:R2$$$",-7.35600000,ok,,flexible
"PEPTIDE1{Me_Bal.Me_dL.Mono6.D.Y.G.T}$PEPTIDE1,PEPTIDE1,1:R1-7:R2$$$",-5.95900000,ok,,flexible
"PEPTIDE1{P.pentyl_Gly.Ser(tBu).meL.I.T.Me_Phe(3-Cl)}$PEPTIDE1,PEPTIDE1,1:R1-7:R2$$$",-5.32400000,ok,,flexible
"PEPTIDE1{A.Me_dL.T.P.meL.dP.I}$PEPTIDE1,PEPTIDE1,1:R1-7:R2$$$",-6.83700000,ok,,flexible
"PEPTIDE1{Sar.L.meL.F.meL.V.I}$PEPTIDE1,PEPTIDE1,1:R1-7:R2$$$",-5.38000000,ok,,flexible
"PEPTIDE1{P.T.dPye.dP.Me_dL.Me_dL.dF}$PEPTIDE1,PEPTIDE1,1:R1-7:R2$$$",-5.82000000,ok,,flexible
"PEPTIDE1{meA.F.Pr_Gly.Pr_Gly.Ser(tBu).P.T}$PEPTIDE1,PEPTIDE1,1:R1-7:R2$$$",-5.48700000,ok,,flexible
"PEPTIDE1{dV.V.L.meL.P.I.T}$PEPTIDE1,PEPTIDE1,1:R1-7:R2$$$",-5.35400000,ok,,flexible
"PEPTIDE1{Me_dA.P.V.T.meL.L.Me_dL}$PEPTIDE1,PEPTIDE1,1:R1-7:R2$$$",-5.39500000,ok,,flexible
"PEPTIDE1{A.meA.V.P.D.G.F}$PEPTIDE1,PEPTIDE1,1:R1-7:R2$$$",-6.84500000,ok,,flexible
"PEPTIDE1{dA.dP.meL.Me_dL.P.I.P}$PEPTIDE1,PEPTIDE1,1:R1-7:R2$$$",-6.26900000,ok,,flexible
"PEPTIDE1{Mono6.P.T.P.T.L.dP}$PEPTIDE1,PEPTIDE1,1:R1-7:R2$$$",-6.47100000,ok,,flexible
"PEPTIDE1{Me_Bal.A.L.P.V.dL.meL}$PEPTIDE1,PEPTIDE1,1:R1-7:R2$$$",-6.09600000,ok,,flexible
"PEPTIDE1{dA.T.dP.F.G.D.meL}$PEPTIDE1,PEPTIDE1,1:R1-7:R2$$$",-7.08900000,ok,,flexible
"PEPTIDE1{dP.F.P.meL.I.L.Sar}$PEPTIDE1,PEPTIDE1,1:R1-7:R2$$$",-6.10800000,ok,,flexible
"PEPTIDE1{dV.dP.D.I.F.meL.Y}$PEPTIDE1,PEPTIDE1,1:R1-7:R2$$$",-5.60400000,ok,,flexible
"PEPTIDE1{Me_Bal.Me_dA.dP.Y.Me_dL.P.G}$PEPTIDE1,PEPTIDE1,1:R1-7:R2$$$",-7.39900000,ok,,flexible
"PEPTIDE1{Me_Bal.T.P.P.I.dP.V}$PEPTIDE1,PEPTIDE1,1:R1-7:R2$$$",-6.42700000,ok,,flexible
"PEPTIDE1{Me_dA.P.F.dL.Sar.I.meL}$PEPTIDE1,PEPTIDE1,1:R1-7:R2$$$",-5.58800000,ok,,flexible
"PEPTIDE1{dF.F.P.dA.T.dP.Pr_Gly}$PEPTIDE1,PEPTIDE1,1:R1-7:R2$$$",-6.67500000,ok,,flexible
"PEPTIDE1{Mono6.P.dP.T.Y.P.Me_dL}$PEPTIDE1,PEPTIDE1,1:R1-7:R2$$$",-6.50000000,ok,,flexible
"PEPTIDE1{Me_dA.meY.G.Me_dL.dP.T.P}$PEPTIDE1,PEPTIDE1,1:R1-7:R2$$$",-6.89300000,ok,,flexible
"PEPTIDE1{Mono6.dP.I.cHexCH2_Gly.A.Mono84.T}$PEPTIDE1,PEPTIDE1,1:R1-7:R2$$$",-7.39400000,ok,,flexible
"PEPTIDE1{dA.P.T.dP.G.F.P}$PEPTIDE1,PEPTIDE1,1:R1-7:R2$$$",-7.30300000,ok,,flexible
"PEPTIDE1{Me_dA.A.P.dP.F.T.P}$PEPTIDE1,PEPTIDE1,1:R1-7:R2$$$",-7.10900000,ok,,flexible
"PEPTIDE1{Pr_Gly.pentyl_Gly.T.T.L.G.meL}$PEPTIDE1,PEPTIDE1,1:R1-7:R2$$$",-5.22500000,ok,,flexible
"PEPTIDE1{Mono6.T.Me_Phe(3-Cl).F.Et_Gly.P.G}$PEPTIDE1,PEPTIDE1,1:R1-7:R2$$$",-6.65500000,ok,,flexible
"PEPTIDE1{meA.P.Mono11.meL.Sar.Mono7.dP}$PEPTIDE1,PEPTIDE1,1:R1-7:R2$$$",-6.70500000,ok,,flexible
"PEPTIDE1{Mono6.dP.I.L.dP.P.P}$PEPTIDE1,PEPTIDE1,1:R1-7:R2$$$",-7.00400000,ok,,flexible
"PEPTIDE1{meA.T.dP.P.dP.P.Nle}$PEPTIDE1,PEPTIDE1,1:R1-7:R2$$$",-6.90400000,ok,,flexible
"PEPTIDE1{meA.L.dP.meL.P.F.Me_dA}$PEPTIDE1,PEPTIDE1,1:R1-7:R2$$$",-6.59700000,ok,,flexible
"PEPTIDE1{dV.T.I.A.P.T.Ser(tBu)}$PEPTIDE1,PEPTIDE1,1:R1-7:R2$$$",-5.61600000,ok,,flexible
"PEPTIDE1{P.Me_dA.Ser(tBu).meL.A.T.I}$PEPTIDE1,PEPTIDE1,1:R1-7:R2$$$",-5.98000000,ok,,flexible
"PEPTIDE1{meA.L.F.dP.meL.dP.meY}$PEPTIDE1,PEPTIDE1,1:R1-7:R2$$$",-6.12300000,ok,,flexible
"PEPTIDE1{F.L.cHexCH2_Gly.P.G.I.Mono84}$PEPTIDE1,PEPTIDE1,1:R1-7:R2$$$",-6.50700000,ok,,flexible
"PEPTIDE1{Me_dA.dP.F.P.meL.T.dP}$PEPTIDE1,PEPTIDE1,1:R1-7:R2$$$",-6.97600000,ok,,flexible
"PEPTIDE1{P.meF.Me_dA.meL.meY.Y.P}$PEPTIDE1,PEPTIDE1,1:R1-7:R2$$$",-6.67700000,ok,,flexible
"PEPTIDE1{dV.P.meY.meL.Asp_piperidide.P.T}$PEPTIDE1,PEPTIDE1,1:R1-7:R2$$$",-6.58500000,ok,,flexible
"PEPTIDE1{dV.L.T.dP.P.F.P}$PEPTIDE1,PEPTIDE1,1:R1-7:R2$$$",-6.34700000,ok,,flexible
"PEPTIDE1{A.T.meL.I.G.dP.P}$PEPTIDE1,PEPTIDE1,1:R1-7:R2$$$",-6.75500000,ok,,flexible
"PEPTIDE1{dA.P.T.T.V.F.I}$PEPTIDE1,PEPTIDE1,1:R1-7:R2$$$",-6.84700000,ok,,flexible
"PEPTIDE1{A.Mono38.meL.F.Me_Phe(3-Cl).L.dL}$PEPTIDE1,PEPTIDE1,1:R1-7:R2$$$",-5.59900000,ok,,flexible
"PEPTIDE1{dA.T.Ser(tBu).D.meL.L.dP}$PEPTIDE1,PEPTIDE1,1:R1-7:R2$$$",-5.38400000,ok,,flexible
"PEPTIDE1{Mono6.I.P.Nle.P.dP.T}$PEPTIDE1,PEPTIDE1,1:R1-7:R2$$$",-5.89700000,ok,,flexible
"PEPTIDE1{Pr_Gly.dPye.A.dA.A.meA.V}$PEPTIDE1,PEPTIDE1,1:R1-7:R2$$$",-6.15100000,ok,,flexible
"PEPTIDE1{A.I.L.dL.Mono84.G.Sar}$PEPTIDE1,PEPTIDE1,1:R1-7:R2$$$",-6.81000000,ok,,flexible
"PEPTIDE1{dP.dPye.Me_dA.G.T.V.meA}$PEPTIDE1,PEPTIDE1,1:R1-7:R2$$$",-7.00100000,ok,,flexible
"PEPTIDE1{Me_Bal.meL.dA.I.P.Me_Phe(3-Cl).Me_dL}$PEPTIDE1,PEPTIDE1,1:R1-7:R2$$$",-6.18500000,ok,,flexible
"PEPTIDE1{dV.P.I.dP.meL.T.V}$PEPTIDE1,PEPTIDE1,1:R1-7:R2$$$",-6.08000000,ok,,flexible
"PEPTIDE1{Mono6.F.T.G.Me_dL.Me_Phe(3-Cl).dP}$PEPTIDE1,PEPTIDE1,1:R1-7:R2$$$",-6.44100000,ok,,flexible
"PEPTIDE1{A.Pr_Gly.F.meA.dP.Me_dA.I}$PEPTIDE1,PEPTIDE1,1:R1-7:R2$$$",-6.08500000,ok,,flexible
"PEPTIDE1{dF.Me_dL.T.dP.dP.Y.P}$PEPTIDE1,PEPTIDE1,1:R1-7:R2$$$",-6.59800000,ok,,flexible
"PEPTIDE1{dA.P.P.meL.I.Me_dL.dP}$PEPTIDE1,PEPTIDE1,1:R1-7:R2$$$",-6.60000000,ok,,flexible
"PEPTIDE1{Pr_Gly.P.I.T.P.L.meL}$PEPTIDE1,PEPTIDE1,1:R1-7:R2$$$",-5.55300000,ok,,flexible
"PEPTIDE1{A.meL.meA.Ser(tBu).L.P.T}$PEPTIDE1,PEPTIDE1,1:R1-7:R2$$$",-5.74200000,ok,,flexible
"PEPTIDE1{Me_Bal.P.meL.T.meY.dP.dP}$PEPTIDE1,PEPTIDE1,1:R1-7:R2$$$",-6.75900000,ok,,flexible
"PEPTIDE1{A.meL.Mono38.T.L.meA.meF}$PEPTIDE1,PEPTIDE1,1:R1-7:R2$$$",-6.43300000,ok,,flexible
"PEPTIDE1{meA.meY.dP.meL.dP.Me_dL.G}$PEPTIDE1,PEPTIDE1,1:R1-7:R2$$$",-6.09500000,ok,,flexible
"PEPTIDE1{A.L.dP.dL.P.meL.meA}$PEPTIDE1,PEPTIDE1,1:R1-7:R2$$$",-5.82200000,ok,,flexible
"PEPTIDE1{Me_dA.dP.Me_dL.dV.P.I.meL}$PEPTIDE1,PEPTIDE1,1:R1-7:R2$$$",-5.64600000,ok,,flexible
"PEPTIDE1{Pr_Gly.T.Me_dL.meL.Y.F.P}$PEPTIDE1,PEPTIDE1,1:R1-7:R2$$$",-6.29200000,ok,,flexible
"PEPTIDE1{A.Pr_Gly.F.meL.dA.P.dP}$PEPTIDE1,PEPTIDE1,1:R1-7:R2$$$",-5.83900000,ok,,flexible
"PEPTIDE1{meA.P.G.I.F.L.Me_dL}$PEPTIDE1,PEPTIDE1,1:R1-7:R2$$$",-5.94000000,ok,,flexible
"PEPTIDE1{meA.Mono38.dP.P.Ser(tBu).T.I}$PEPTIDE1,PEPTIDE1,1:R1-7:R2$$$",-5.64300000,ok,,flexible
"PEPTIDE1{dV.Me_dL.dP.T.F.dP.D}$PEPTIDE1,PEPTIDE1,1:R1-7:R2$$$",-6.59800000,ok,,flexible
"PEPTIDE1{Me_dA.A.Pr_Gly.I.meL.V.L}$PEPTIDE1,PEPTIDE1,1:R1-7:R2$$$",-5.22700000,ok,,flexible
"PEPTIDE1{dA.D.meL.dP.F.P.T}$PEPTIDE1,PEPTIDE1,1:R1-7:R2$$$",-5.75800000,ok,,flexible
"PEPTIDE1{A.Me_dA.Me_dL.dL.meL.meA.dP}$PEPTIDE1,PEPTIDE1,1:R1-7:R2$$$",-5.94300000,ok,,flexible
"PEPTIDE1{dF.T.L.G.Me_Phe(3-Cl).I.I}$PEPTIDE1,PEPTIDE1,1:R1-7:R2$$$",-5.94500000,ok,,flexible
"PEPTIDE1{Me_Bal.meY.F.dP.G.meL.T}$PEPTIDE1,PEPTIDE1,1:R1-7:R2$$$",-6.16300000,ok,,flexible
"PEPTIDE1{dV.Me_dA.P.Me_dL.Asp_piperidide.Mono6.Pr_Gly}$PEPTIDE1,PEPTIDE1,1:R1-7:R2$$$",-5.87300000,ok,,flexible
"PEPTIDE1{Mono6.L.cHexCH2_Gly.P.dL.meL.dP}$PEPTIDE1,PEPTIDE1,1:R1-7:R2$$$",-6.07700000,ok,,flexible
"PEPTIDE1{Me_dA.Me_dL.dP.meL.Me_Nle.T.Mono6}$PEPTIDE1,PEPTIDE1,1:R1-7:R2$$$",-6.04900000,ok,,flexible
"PEPTIDE1{Me_dA.A.dP.L.F.meL.G}$PEPTIDE1,PEPTIDE1,1:R1-7:R2$$$",-6.65000000,ok,,flexible
"PEPTIDE1{P.Me_dA.Me_dL.dP.Et_Gly.3Pal.T}$PEPTIDE1,PEPTIDE1,1:R1-7:R2$$$",-6.28300000,ok,,flexible
"PEPTIDE1{Sar.dP.V.F.T.I.Me_dL}$PEPTIDE1,PEPTIDE1,1:R1-7:R2$$$",-6.93900000,ok,,flexible
"PEPTIDE1{F.Me_Nle.cHexCH2_Gly.Mono86.T.P.P}$PEPTIDE1,PEPTIDE1,1:R1-7:R2$$$",-5.61700000,ok,,flexible
"PEPTIDE1{dA.P.G.T.I.dP.P}$PEPTIDE1,PEPTIDE1,1:R1-7:R2$$$",-6.83500000,ok,,flexible
"PEPTIDE1{dA.T.T.Ala(5-Tet).F.P.Phe(4-CF3)}$PEPTIDE1,PEPTIDE1,1:R1-7:R2$$$",-6.56600000,ok,,flexible
"PEPTIDE1{dA.F.T.G.P.P.dP}$PEPTIDE1,PEPTIDE1,1:R1-7:R2$$$",-7.48100000,ok,,flexible
"PEPTIDE1{meA.Me_dL.V.meA.Ser(tBu).Ser(tBu).dP}$PEPTIDE1,PEPTIDE1,1:R1-7:R2$$$",-5.49300000,ok,,flexible
"PEPTIDE1{L.L.dP.P.Me_Phe(3-Cl).F.T}$PEPTIDE1,PEPTIDE1,1:R1-7:R2$$$",-6.26400000,ok,,flexible
"PEPTIDE1{dF.dP.P.P.meL.T.I}$PEPTIDE1,PEPTIDE1,1:R1-7:R2$$$",-6.34100000,ok,,flexible
"PEPTIDE1{Me_Bal.meL.dP.meY.T.P.Y}$PEPTIDE1,PEPTIDE1,1:R1-7:R2$$$",-7.05000000,ok,,flexible
"PEPTIDE1{Mono6.dA.P.dP.Pr_Gly.F.meL}$PEPTIDE1,PEPTIDE1,1:R1-7:R2$$$",-6.44000000,ok,,flexible
"PEPTIDE1{Me_dA.P.P.meL.dP.G.Me_dL}$PEPTIDE1,PEPTIDE1,1:R1-7:R2$$$",-6.40500000,ok,,flexible
"PEPTIDE1{dP.P.Me_dL.dL.meF.dP.P}$PEPTIDE1,PEPTIDE1,1:R1-7:R2$$$",-6.84800000,ok,,flexible
"PEPTIDE1{dP.meL.G.P.Me_dL.L.dL}$PEPTIDE1,PEPTIDE1,1:R1-7:R2$$$",-6.09800000,ok,,flexible
"PEPTIDE1{dV.P.meL.F.P.T.D}$PEPTIDE1,PEPTIDE1,1:R1-7:R2$$$",-5.54100000,ok,,flexible
"PEPTIDE1{Me_Bal.Me_dL.dP.T.meL.Ser(tBu).F}$PEPTIDE1,PEPTIDE1,1:R1-7:R2$$$",-5.39500000,ok,,flexible
"PEPTIDE1{P.dPye.F.Pr_Gly.Me_dA.G.T}$PEPTIDE1,PEPTIDE1,1:R1-7:R2$$$",-5.42800000,ok,,flexible
"PEPTIDE1{Pr_Gly.P.T.P.G.meL.dP}$PEPTIDE1,PEPTIDE1,1:R1-7:R2$$$",-6.28600000,ok,,flexible
"PEPTIDE1{Me_Bal.P.dP.F.G.meL.D}$PEPTIDE1,PEPTIDE1,1:R1-7:R2$$$",-7.29400000,ok,,flexible
"PEPTIDE1{meA.P.dP.F.meL.Me_dL.I}$PEPTIDE1,PEPTIDE1,1:R1-7:R2$$$",-6.00500000,ok,,flexible
"PEPTIDE1{P.Me_dA.F.G.Pr_Gly.L.dL}$PEPTIDE1,PEPTIDE1,1:R1-7:R2$$$",-6.20500000,ok,,flexible
"PEPTIDE1{L.meL.T.T.P.dP.Me_Phe(3-Cl)}$PEPTIDE1,PEPTIDE1,1:R1-7:R2$$$",-5.92500000,ok,,flexible
"PEPTIDE1{Me_dA.P.F.D.dP.Y.T}$PEPTIDE1,PEPTIDE1,1:R1-7:R2$$$",-6.94000000,ok,,flexible
"PEPTIDE1{dA.P.I.F.V.dP.G}$PEPTIDE1,PEPTIDE1,1:R1-7:R2$$$",-6.24400000,ok,,flexible
"PEPTIDE1{P.meA.Me_dL.T.dP.Pr_Gly.Me_Phe(3-Cl)}$PEPTIDE1,PEPTIDE1,1:R1-7:R2$$$",-7.04500000,ok,,flexible
"PEPTIDE1{dV.meL.I.F.Phe(4-CF3).V.P}$PEPTIDE1,PEPTIDE1,1:R1-7:R2$$$",-6.47800000,ok,,flexible
"PEPTIDE1{A.T.P.F.meL.G.dP}$PEPTIDE1,PEPTIDE1,1:R1-7:R2$$$",-6.94300000,ok,,flexible
"PEPTIDE1{dF.I.Ser(tBu).P.Nle.T.V}$PEPTIDE1,PEPTIDE1,1:R1-7:R2$$$",-5.77000000,ok,,flexible
"PEPTIDE1{meA.P.P.T.P.Me_dL.dP}$PEPTIDE1,PEPTIDE1,1:R1-7:R2$$$",-7.19700000,ok,,flexible
"PEPTIDE1{Me_dA.dP.F.meL.meA.P.Ser(tBu)}$PEPTIDE1,PEPTIDE1,1:R1-7:R2$$$",-6.65000000,ok,,flexible
"PEPTIDE1{A.meY.Me_dL.dP.Me_dA.T.G}$PEPTIDE1,PEPTIDE1,1:R1-7:R2$$$",-6.62700000,ok,,flexible
"PEPTIDE1{meA.meY.P.Y.dP.Me_dL.G}$PEPTIDE1,PEPTIDE1,1:R1-7:R2$$$",-7.27000000,ok,,flexible
"PEPTIDE1{meA.F.dA.L.Ser(tBu).V.F}$PEPTIDE1,PEPTIDE1,1:R1-7:R2$$$",-6.35000000,ok,,flexible
"PEPTIDE1{Me_dA.Me_dAbu.P.P.Me_dL.dP.meY}$PEPTIDE1,PEPTIDE1,1:R1-7:R2$$$",-7.33300000,ok,,flexible
"PEPTIDE1{Me_Bal.meA.F.I.Me_dL.P.G}$PEPTIDE1,PEPTIDE1,1:R1-7:R2$$$",-6.12200000,ok,,flexible
"PEPTIDE1{dV.P.P.Me_dL.Mono6.dP.meY}$PEPTIDE1,PEPTIDE1,1:R1-7:R2$$$",-6.74200000,ok,,flexible
"PEPTIDE1{Sar.P.T.I.F.meL.dP}$PEPTIDE1,PEPTIDE1,1:R1-7:R2$$$",-7.38800000,ok,,flexible
"PEPTIDE1{Me_Bal.dP.F.meL.P.F.Phe(4-CF3)}$PEPTIDE1,PEPTIDE1,1:R1-7:R2$$$",-7.00800000,ok,,flexible
"PEPTIDE1{Pr_Gly.P.T.V.I.dP.F}$PEPTIDE1,PEPTIDE1,1:R1-7:R2$$$",-6.16100000,ok,,flexible
"PEPTIDE1{A.P.P.dP.I.G.meL}$PEPTIDE1,PEPTIDE1,1:R1-7:R2$$$",-6.52200000,ok,,flexible
"PEPTIDE1{meA.P.dP.meL.dP.dP.Me_dL}$PEPTIDE1,PEPTIDE1,1:R1-7:R2$$$",-6.86400000,ok,,flexible
"PEPTIDE1{dA.P.I.meL.T.P.T}$PEPTIDE1,PEPTIDE1,1:R1-7:R2$$$",-5.90200000,ok,,flexible
"PEPTIDE1{Me_dA.cHexCH2_Gly.Mono38.I.F.L.L}$PEPTIDE1,PEPTIDE1,1:R1-7:R2$$$",-5.89400000,ok,,flexible
"PEPTIDE1{P.meL.P.T.Et_Gly.G.F}$PEPTIDE1,PEPTIDE1,1:R1-7:R2$$$",-6.26000000,ok,,flexible
"PEPTIDE1{A.meL.F.P.dP.I.meA}$PEPTIDE1,PEPTIDE1,1:R1-7:R2$$$",-6.29700000,ok,,flexible
"PEPTIDE1{F.Asp_piperidide.I.D.Me_Phe(3-Cl).P.dP}$PEPTIDE1,PEPTIDE1,1:R1-7:R2$$$",-5.49200000,ok,,flexible
"PEPTIDE1{A.cHexCH2_Gly.T.L.P.dP.meA}$PEPTIDE1,PEPTIDE1,1:R1-7:R2$$$",-6.52200000,ok,,flexible
"PEPTIDE1{Me_dA.P.T.meL.I.F.L}$PEPTIDE1,PEPTIDE1,1:R1-7:R2$$$",-5.39500000,ok,,flexible
"PEPTIDE1{dF.cHexCH2_Gly.Sar.L.Mono11.Ser(tBu).P}$PEPTIDE1,PEPTIDE1,1:R1-7:R2$$$",-5.70100000,ok,,flexible
"PEPTIDE1{Me_dA.L.T.dL.Nle.I.dP}$PEPTIDE1,PEPTIDE1,1:R1-7:R2$$$",-5.82400000,ok,,flexible
"PEPTIDE1{meA.T.V.I.G.Me_dL.P}$PEPTIDE1,PEPTIDE1,1:R1-7:R2$$$",-6.62700000,ok,,flexible
"PEPTIDE1{dV.Y.P.G.P.meL.F}$PEPTIDE1,PEPTIDE1,1:R1-7:R2$$$",-7.13800000,ok,,flexible
"PEPTIDE1{dV.dA.cHexCH2_Gly.F.F.meL.P}$PEPTIDE1,PEPTIDE1,1:R1-7:R2$$$",-5.81200000,ok,,flexible
"PEPTIDE1{dV.Me_dAbu.meL.dP.D.G.P}$PEPTIDE1,PEPTIDE1,1:R1-7:R2$$$",-5.98500000,ok,,flexible
"PEPTIDE1{meA.Me_dL.Sar.dP.I.I.P}$PEPTIDE1,PEPTIDE1,1:R1-7:R2$$$",-5.45200000,ok,,flexible
"PEPTIDE1{meA.Me_dL.dP.T.P.F.Y}$PEPTIDE1,PEPTIDE1,1:R1-7:R2$$$",-6.31300000,ok,,flexible
"PEPTIDE1{dV.Sar.meL.T.Phe(4-CF3).dP.F}$PEPTIDE1,PEPTIDE1,1:R1-7:R2$$$",-6.52800000,ok,,flexible
"PEPTIDE1{Mono6.Y.D.P.F.I.dP}$PEPTIDE1,PEPTIDE1,1:R1-7:R2$$$",-6.49200000,ok,,flexible
"PEPTIDE1{dA.A.P.Ser(tBu).L.Aib.G}$PEPTIDE1,PEPTIDE1,1:R1-7:R2$$$",-6.56300000,ok,,flexible
"PEPTIDE1{dP.A.meA.Me_dL.meL.F.P}$PEPTIDE1,PEPTIDE1,1:R1-7:R2$$$",-6.32300000,ok,,flexible
"PEPTIDE1{Me_Bal.L.Me_dA.A.meS.F.T}$PEPTIDE1,PEPTIDE1,1:R1-7:R2$$$",-5.44100000,ok,,flexible
"PEPTIDE1{A.P.T.I.Me_dL.meF.G}$PEPTIDE1,PEPTIDE1,1:R1-7:R2$$$",-6.55300000,ok,,flexible
"PEPTIDE1{dA.meA.Pr_Gly.P.A.Me_Phe(3-Cl).L}$PEPTIDE1,PEPTIDE1,1:R1-7:R2$$$",-6.34100000,ok,,flexible
"PEPTIDE1{A.pentyl_Gly.I.P.T.Mono7.I}$PEPTIDE1,PEPTIDE1,1:R1-7:R2$$$",-6.20200000,ok,,flexible
"PEPTIDE1{L.T.I.P.F.G.V}$PEPTIDE1,PEPTIDE1,1:R1-7:R2$$$",-6.26500000,ok,,flexible
"PEPTIDE1{Me_Bal.P.T.L.F.dP.meL}$PEPTIDE1,PEPTIDE1,1:R1-7:R2$$$",-6.11900000,ok,,flexible
"PEPTIDE1{Sar.T.P.Me_dL.P.meL.V}$PEPTIDE1,PEPTIDE1,1:R1-7:R2$$$",-6.03200000,ok,,flexible
"PEPTIDE1{Me_dA.T.meI.A.I.Ser(tBu).L}$PEPTIDE1,PEPTIDE1,1:R1-7:R2$$$",-5.33600000,ok,,flexible
"PEPTIDE1{Me_dA.T.P.I.Me_dL.meL.G}$PEPTIDE1,PEPTIDE1,1:R1-7:R2$$$",-5.50600000,ok,,flexible
"PEPTIDE1{Sar.meA.meL.P.F.V.I}$PEPTIDE1,PEPTIDE1,1:R1-7:R2$$$",-6.83500000,ok,,flexible
"PEPTIDE1{Me_dA.Me_dL.dP.P.P.T.Y}$PEPTIDE1,PEPTIDE1,1:R1-7:R2$$$",-6.74300000,ok,,flexible
"PEPTIDE1{dF.meL.L.P.A.dP.Mono84}$PEPTIDE1,PEPTIDE1,1:R1-7:R2$$$",-6.87000000,ok,,flexible
"PEPTIDE1{L.dP.I.meL.G.dP.F}$PEPTIDE1,PEPTIDE1,1:R1-7:R2$$$",-5.77900000,ok,,flexible
"PEPTIDE1{A.dP.T.F.G.I.V}$PEPTIDE1,PEPTIDE1,1:R1-7:R2$$$",-5.57800000,ok,,flexible
"PEPTIDE1{A.P.T.P.meL.dP.F}$PEPTIDE1,PEPTIDE1,1:R1-7:R2$$$",-6.54100000,ok,,flexible
"PEPTIDE1{Me_Bal.Me_dA.meL.dP.dP.P.T}$PEPTIDE1,PEPTIDE1,1:R1-7:R2$$$",-6.46100000,ok,,flexible
"PEPTIDE1{L.Me_Phe(3-Cl).G.I.F.Phe(4-CF3).V}$PEPTIDE1,PEPTIDE1,1:R1-7:R2$$$",-6.22400000,ok,,flexible
"PEPTIDE1{dF.L.Me_Phe(3-Cl).meL.F.I.dP}$PEPTIDE1,PEPTIDE1,1:R1-7:R2$$$",-5.82400000,ok,,flexible
"PEPTIDE1{A.V.P.G.G.D.meL}$PEPTIDE1,PEPTIDE1,1:R1-7:R2$$$",-6.77200000,ok,,flexible
"PEPTIDE1{F.P.dP.L.T.meL.V}$PEPTIDE1,PEPTIDE1,1:R1-7:R2$$$",-6.24700000,ok,,flexible
"PEPTIDE1{P.A.F.T.I.Ser(tBu).meA}$PEPTIDE1,PEPTIDE1,1:R1-7:R2$$$",-6.13300000,ok,,flexible
"PEPTIDE1{F.L.pentyl_Gly.meL.dF.T.Nle}$PEPTIDE1,PEPTIDE1,1:R1-7:R2$$$",-4.97800000,ok,,flexible
"PEPTIDE1{A.I.P.T.Me_dL.F.G}$PEPTIDE1,PEPTIDE1,1:R1-7:R2$$$",-6.86500000,ok,,flexible
"PEPTIDE1{dA.meL.T.V.Me_dL.G.P}$PEPTIDE1,PEPTIDE1,1:R1-7:R2$$$",-6.59100000,ok,,flexible
"PEPTIDE1{meA.P.D.meL.T.V.dP}$PEPTIDE1,PEPTIDE1,1:R1-7:R2$$$",-5.94300000,ok,,flexible
"PEPTIDE1{dF.A.meL.L.Mono84.dL.P}$PEPTIDE1,PEPTIDE1,1:R1-7:R2$$$",-5.45000000,ok,,flexible
"PEPTIDE1{A.meL.Asp_piperidide.L.dP.P.Me_Phe(3-Cl)}$PEPTIDE1,PEPTIDE1,1:R1-7:R2$$$",-6.21300000,ok,,flexible
"PEPTIDE1{A.meF.T.V.meL.L.P}$PEPTIDE1,PEPTIDE1,1:R1-7:R2$$$",-6.49900000,ok,,flexible
"PEPTIDE1{dV.I.G.F.P.dP.meL}$PEPTIDE1,PEPTIDE1,1:R1-7:R2$$$",-6.29500000,ok,,flexible
"PEPTIDE1{Me_dA.P.meL.F.T.I.G}$PEPTIDE1,PEPTIDE1,1:R1-7:R2$$$",-6.08900000,ok,,flexible
"PEPTIDE1{dA.T.P.Me_dL.G.I.D}$PEPTIDE1,PEPTIDE1,1:R1-7:R2$$$",-5.81400000,ok,,flexible
"PEPTIDE1{dA.meA.V.P.meF.T.Mono86}$PEPTIDE1,PEPTIDE1,1:R1-7:R2$$$",-6.34000000,ok,,flexible
"PEPTIDE1{Me_Bal.T.meL.G.dP.Phe(4-CF3).P}$PEPTIDE1,PEPTIDE1,1:R1-7:R2$$$",-7.26500000,ok,,flexible
"PEPTIDE1{Pr_Gly.dP.Me_dL.dP.P.F.P}$PEPTIDE1,PEPTIDE1,1:R1-7:R2$$$",-6.41100000,ok,,flexible
"PEPTIDE1{Me_Bal.Y.dP.Me_dL.G.Asp_piperidide.F}$PEPTIDE1,PEPTIDE1,1:R1-7:R2$$$",-6.00600000,ok,,flexible
"PEPTIDE1{Mono6.T.I.Et_Gly.dP.P.Me_Phe(3-Cl)}$PEPTIDE1,PEPTIDE1,1:R1-7:R2$$$",-6.24600000,ok,,flexible
"PEPTIDE1{A.F.L.V.Me_dL.T.P}$PEPTIDE1,PEPTIDE1,1:R1-7:R2$$$",-6.22700000,ok,,flexible
"PEPTIDE1{Pr_Gly.dP.P.T.P.G.P}$PEPTIDE1,PEPTIDE1,1:R1-7:R2$$$",-7.09400000,ok,,flexible
"PEPTIDE1{Me_Bal.Me_dA.F.L.G.dL.Ser(tBu)}$PEPTIDE1,PEPTIDE1,1:R1-7:R2$$$",-5.97800000,ok,,flexible
"PEPTIDE1{Me_dA.meA.dL.meL.dP.I.L}$PEPTIDE1,PEPTIDE1,1:R1-7:R2$$$",-5.74300000,ok,,flexible
"PEPTIDE1{dV.A.G.P.Mono86.meL.dP}$PEPTIDE1,PEPTIDE1,1:R1-7:R2$$$",-6.07100000,ok,,flexible
"PEPTIDE1{dF.D.Asp_piperidide.T.meL.P.P}$PEPTIDE1,PEPTIDE1,1:R1-7:R2$$$",-5.78200000,ok,,flexible
"PEPTIDE1{A.T.Phe(4-CF3).F.dP.P.T}$PEPTIDE1,PEPTIDE1,1:R1-7:R2$$$",-6.24600000,ok,,flexible
"PEPTIDE1{Me_Bal.cHexCH2_Gly.T.P.meA.F.Me_dL}$PEPTIDE1,PEPTIDE1,1:R1-7:R2$$$",-6.65200000,ok,,flexible
"PEPTIDE1{L.Me_dA.P.F.D.meA.V}$PEPTIDE1,PEPTIDE1,1:R1-7:R2$$$",-6.40800000,ok,,flexible
"PEPTIDE1{dA.dPye.Pr_Gly.dP.meL.Me_dL.V}$PEPTIDE1,PEPTIDE1,1:R1-7:R2$$$",-5.50500000,ok,,flexible
"PEPTIDE1{dF.T.L.P.Sar.I.meA}$PEPTIDE1,PEPTIDE1,1:R1-7:R2$$$",-5.93700000,ok,,flexible
"PEPTIDE1{Me_dA.meL.meY.T.meA.F.V}$PEPTIDE1,PEPTIDE1,1:R1-7:R2$$$",-6.11900000,ok,,flexible
"PEPTIDE1{Me_dA.P.T.Me_Phe(3-Cl).I.F.meL}$PEPTIDE1,PEPTIDE1,1:R1-7:R2$$$",-6.83400000,ok,,flexible
"PEPTIDE1{A.I.T.Me_dL.dP.G.Me_Phe(3-Cl)}$PEPTIDE1,PEPTIDE1,1:R1-7:R2$$$",-5.93600000,ok,,flexible
"PEPTIDE1{Me_dA.Ser(tBu).T.meL.T.G.dP}$PEPTIDE1,PEPTIDE1,1:R1-7:R2$$$",-5.67000000,ok,,flexible
"PEPTIDE1{dV.L.Ser(tBu).dL.Me_Phe(3-Cl).F.Nle}$PEPTIDE1,PEPTIDE1,1:R1-7:R2$$$",-5.22600000,ok,,flexible
"PEPTIDE1{meL.T.F.P.I.dP.Me_Phe(3-Cl)}$PEPTIDE1,PEPTIDE1,1:R1-7:R2$$$",-5.92400000,ok,,flexible
"PEPTIDE1{Mono6.Mono38.meA.dP.I.L.F}$PEPTIDE1,PEPTIDE1,1:R1-7:R2$$$",-6.03400000,ok,,flexible
"PEPTIDE1{dF.dP.P.P.T.D.Me_Phe(3-Cl)}$PEPTIDE1,PEPTIDE1,1:R1-7:R2$$$",-7.14100000,ok,,flexible
"PEPTIDE1{dF.Mono84.dL.D.F.T.Me_Phe(3-Cl)}$PEPTIDE1,PEPTIDE1,1:R1-7:R2$$$",-5.76200000,ok,,flexible
"PEPTIDE1{dV.meL.dP.I.I.D.V}$PEPTIDE1,PEPTIDE1,1:R1-7:R2$$$",-5.86700000,ok,,flexible
"PEPTIDE1{dP.Pr_Gly.L.G.F.dL.P}$PEPTIDE1,PEPTIDE1,1:R1-7:R2$$$",-5.54400000,ok,,flexible
"PEPTIDE1{Me_dA.A.dA.Pr_Gly.Mono7.V.I}$PEPTIDE1,PEPTIDE1,1:R1-7:R2$$$",-5.77300000,ok,,flexible
"PEPTIDE1{meA.dF.meY.meL.Asp_piperidide.Pr_Gly.P}$PEPTIDE1,PEPTIDE1,1:R1-7:R2$$$",-5.88200000,ok,,flexible
"PEPTIDE1{F.Mono38.Mono78.3Pal.A.L.dP}$PEPTIDE1,PEPTIDE1,1:R1-7:R2$$$",-6.74400000,ok,,flexible
"PEPTIDE1{Me_Bal.Sar.T.meL.V.dP.G}$PEPTIDE1,PEPTIDE1,1:R1-7:R2$$$",-6.41700000,ok,,flexible
"PEPTIDE1{Me_Bal.P.F.I.L.dP.V}$PEPTIDE1,PEPTIDE1,1:R1-7:R2$$$",-5.82500000,ok,,flexible
"PEPTIDE1{F.meA.meY.dP.T.Me_dA.P}$PEPTIDE1,PEPTIDE1,1:R1-7:R2$$$",-6.71000000,ok,,flexible
"PEPTIDE1{dP.Pr_Gly.A.P.meA.Pr_Gly.meY}$PEPTIDE1,PEPTIDE1,1:R1-7:R2$$$",-6.36700000,ok,,flexible
"PEPTIDE1{Me_dA.Pr_Gly.meA.Me_dL.meY.F.dF}$PEPTIDE1,PEPTIDE1,1:R1-7:R2$$$",-5.99300000,ok,,flexible
"PEPTIDE1{dF.meS.P.Et_Gly.F.V.meL}$PEPTIDE1,PEPTIDE1,1:R1-7:R2$$$",-6.67900000,ok,,flexible
"PEPTIDE1{Me_Bal.meF.P.meA.meL.Me_dL.Sar}$PEPTIDE1,PEPTIDE1,1:R1-7:R2$$$",-6.21500000,ok,,flexible
"PEPTIDE1{dA.T.L.Me_dL.A.dP.dL}$PEPTIDE1,PEPTIDE1,1:R1-7:R2$$$",-5.91700000,ok,,flexible
"PEPTIDE1{dV.Mono38.dP.F.L.A.T}$PEPTIDE1,PEPTIDE1,1:R1-7:R2$$$",-5.89300000,ok,,flexible
"PEPTIDE1{dV.dP.pentyl_Gly.meL.T.L.Mono84}$PEPTIDE1,PEPTIDE1,1:R1-7:R2$$$",-6.00200000,ok,,flexible
"PEPTIDE1{P.G.meA.Me_dA.dL.meL.dP}$PEPTIDE1,PEPTIDE1,1:R1-7:R2$$$",-6.04100000,ok,,flexible
"PEPTIDE1{P.dF.cHexCH2_Gly.meL.F.Ser(tBu).Nle}$PEPTIDE1,PEPTIDE1,1:R1-7:R2$$$",-5.59600000,ok,,flexible
"PEPTIDE1{meA.L.Me_Phe(3-Cl).T.V.G.I}$PEPTIDE1,PEPTIDE1,1:R1-7:R2$$$",-5.59800000,ok,,flexible
"PEPTIDE1{Mono6.meL.Me_dL.L.dP.I.Me_Phe(3-Cl)}$PEPTIDE1,PEPTIDE1,1:R1-7:R2$$$",-5.48700000,ok,,flexible
"PEPTIDE1{dF.dP.P.I.P.meL.T}$PEPTIDE1,PEPTIDE1,1:R1-7:R2$$$",-6.04400000,ok,,flexible
"PEPTIDE1{Me_dA.Pr_Gly.dL.Me_dL.F.dP.Asp_piperidide}$PEPTIDE1,PEPTIDE1,1:R1-7:R2$$$",-6.26500000,ok,,flexible
"PEPTIDE1{Me_dA.T.dL.dP.F.Me_dL.Me_Phe(3-Cl)}$PEPTIDE1,PEPTIDE1,1:R1-7:R2$$$",-6.07900000,ok,,flexible
"PEPTIDE1{A.D.Me_dL.meL.T.G.P}$PEPTIDE1,PEPTIDE1,1:R1-7:R2$$$",-6.04000000,ok,,flexible
"PEPTIDE1{dV.P.T.dP.L.Nle.meL}$PEPTIDE1,PEPTIDE1,1:R1-7:R2$$$",-5.80000000,ok,,flexible
"PEPTIDE1{dA.P.dP.F.Ala(5-Tet).D.F}$PEPTIDE1,PEPTIDE1,1:R1-7:R2$$$",-7.37800000,ok,,flexible
"PEPTIDE1{F.dA.Mono86.meL.dL.meF.P}$PEPTIDE1,PEPTIDE1,1:R1-7:R2$$$",-6.34100000,ok,,flexible
"PEPTIDE1{Me_dA.T.Me_dL.V.P.meL.F}$PEPTIDE1,PEPTIDE1,1:R1-7:R2$$$",-6.42200000,ok,,flexible
"PEPTIDE1{dF.P.meL.Mono84.T.L.F}$PEPTIDE1,PEPTIDE1,1:R1-7:R2$$$",-6.28900000,ok,,flexible
"PEPTIDE1{Me_Bal.F.D.T.dP.dP.Me_Phe(3-Cl)}$PEPTIDE1,PEPTIDE1,1:R1-7:R2$$$",-6.25500000,ok,,flexible
"PEPTIDE1{P.F.P.Me_dL.Me_Phe(3-Cl).A.meL}$PEPTIDE1,PEPTIDE1,1:R1-7:R2$$$",-5.99300000,ok,,flexible
"PEPTIDE1{F.cHexCH2_Gly.dL.Mono86.I.Mono84.V}$PEPTIDE1,PEPTIDE1,1:R1-7:R2$$$",-6.85600000,ok,,flexible
"PEPTIDE1{Me_dA.P.dP.meL.meA.P.Y}$PEPTIDE1,PEPTIDE1,1:R1-7:R2$$$",-6.69200000,ok,,flexible
"PEPTIDE1{meA.meF.P.P.dP.dP.T}$PEPTIDE1,PEPTIDE1,1:R1-7:R2$$$",-7.04600000,ok,,flexible
"PEPTIDE1{meA.T.I.P.V.T.P}$PEPTIDE1,PEPTIDE1,1:R1-7:R2$$$",-5.83500000,ok,,flexible
"PEPTIDE1{F.meL.meY.P.Me_dA.Asp_piperidide.Y}$PEPTIDE1,PEPTIDE1,1:R1-7:R2$$$",-6.13100000,ok,,flexible
"PEPTIDE1{dV.D.I.meL.G.Me_Phe(3-Cl).dP}$PEPTIDE1,PEPTIDE1,1:R1-7:R2$$$",-6.02300000,ok,,flexible
"PEPTIDE1{F.Mono6.Asp_piperidide.Mono34.dP.T.P}$PEPTIDE1,PEPTIDE1,1:R1-7:R2$$$",-5.99500000,ok,,flexible
"PEPTIDE1{Sar.L.I.T.dP.dL.Ser(tBu)}$PEPTIDE1,PEPTIDE1,1:R1-7:R2$$$",-5.95000000,ok,,flexible
"PEPTIDE1{Mono6.dP.P.Nle.dL.T.Me_Phe(3-Cl)}$PEPTIDE1,PEPTIDE1,1:R1-7:R2$$$",-6.91600000,ok,,flexible
"PEPTIDE1{F.P.Me_Phe(3-Cl).dP.dP.V.G}$PEPTIDE1,PEPTIDE1,1:R1-7:R2$$$",-7.50800000,ok,,flexible
"PEPTIDE1{A.P.F.P.Me_dL.meL.I}$PEPTIDE1,PEPTIDE1,1:R1-7:R2$$$",-6.04400000,ok,,flexible
"PEPTIDE1{meA.Pr_Gly.Me_Phe(3-Cl).F.T.A.P}$PEPTIDE1,PEPTIDE1,1:R1-7:R2$$$",-6.52600000,ok,,flexible
"PEPTIDE1{A.G.F.L.dV.dP.meL}$PEPTIDE1,PEPTIDE1,1:R1-7:R2$$$",-6.27000000,ok,,flexible
"PEPTIDE1{Me_Bal.F.G.meL.dP.T.G}$PEPTIDE1,PEPTIDE1,1:R1-7:R2$$$",-6.92100000,ok,,flexible
"PEPTIDE1{A.dA.dP.meA.P.Me_dA.Me_dL}$PEPTIDE1,PEPTIDE1,1:R1-7:R2$$$",-7.03300000,ok,,flexible
"PEPTIDE1{Me_Bal.I.dL.Mono84.dP.V.Mono78}$PEPTIDE1,PEPTIDE1,1:R1-7:R2$$$",-6.07500000,ok,,flexible
"PEPTIDE1{meA.P.meA.V.Me_dL.Me_dA.F}$PEPTIDE1,PEPTIDE1,1:R1-7:R2$$$",-6.58400000,ok,,flexible
"PEPTIDE1{L.T.Ser(tBu).meL.dP.P.Mono7}$PEPTIDE1,PEPTIDE1,1:R1-7:R2$$$",-5.67100000,ok,,flexible
"PEPTIDE1{Mono6.P.V.P.Me_dL.meL.dP}$PEPTIDE1,PEPTIDE1,1:R1-7:R2$$$",-6.31600000,ok,,flexible
"PEPTIDE1{Me_Bal.A.dP.P.Asp_piperidide.F.T}$PEPTIDE1,PEPTIDE1,1:R1-7:R2$$$",-6.76900000,ok,,flexible
"PEPTIDE1{Me_dA.Me_Nle.Ser(tBu).T.Me_Phe(3-Cl).L.Nle}$PEPTIDE1,PEPTIDE1,1:R1-7:R2$$$",-5.29200000,ok,,flexible
"PEPTIDE1{dV.P.V.T.meA.dP.F}$PEPTIDE1,PEPTIDE1,1:R1-7:R2$$$",-6.70300000,ok,,flexible
"PEPTIDE1{meL.dP.G.Me_Phe(3-Cl).dL.Me_dA.P}$PEPTIDE1,PEPTIDE1,1:R1-7:R2$$$",-6.58200000,ok,,flexible
"PEPTIDE1{Mono6.meL.Me_dA.Y.P.I.T}$PEPTIDE1,PEPTIDE1,1:R1-7:R2$$$",-6.22900000,ok,,flexible
"PEPTIDE1{dA.Sar.F.P.F.meL.dP}$PEPTIDE1,PEPTIDE1,1:R1-7:R2$$$",-7.23900000,ok,,flexible
"PEPTIDE1{dV.meL.F.P.F.I.Me_Phe(3-Cl)}$PEPTIDE1,PEPTIDE1,1:R1-7:R2$$$",-5.96800000,ok,,flexible
"PEPTIDE1{A.Me_dL.P.meL.P.Y.meY}$PEPTIDE1,PEPTIDE1,1:R1-7:R2$$$",-6.79000000,ok,,flexible
"PEPTIDE1{Mono6.P.dP.T.Ser(tBu).dL.L}$PEPTIDE1,PEPTIDE1,1:R1-7:R2$$$",-5.62600000,ok,,flexible
"PEPTIDE1{dA.P.F.I.F.G.P}$PEPTIDE1,PEPTIDE1,1:R1-7:R2$$$",-6.37100000,ok,,flexible
"PEPTIDE1{F.Mono38.Ser(tBu).A.T.P.I}$PEPTIDE1,PEPTIDE1,1:R1-7:R2$$$",-5.57500000,ok,,flexible
"PEPTIDE1{Me_dA.I.meL.Y.F.D.Me_Phe(3-Cl)}$PEPTIDE1,PEPTIDE1,1:R1-7:R2$$$",-5.83000000,ok,,flexible
"PEPTIDE1{L.F.dP.P.T.P.pentyl_Gly}$PEPTIDE1,PEPTIDE1,1:R1-7:R2$$$",-6.33000000,ok,,flexible
"PEPTIDE1{A.P.P.T.Me_dL.meL.V}$PEPTIDE1,PEPTIDE1,1:R1-7:R2$$$",-5.91000000,ok,,flexible
"PEPTIDE1{meA.dL.G.P.Y.T.Me_dL}$PEPTIDE1,PEPTIDE1,1:R1-7:R2$$$",-6.17400000,ok,,flexible
"PEPTIDE1{meA.Asp_piperidide.T.Y.D.T.F}$PEPTIDE1,PEPTIDE1,1:R1-7:R2$$$",-6.15700000,ok,,flexible
"PEPTIDE1{F.meA.dL.T.Et_Gly.P.L}$PEPTIDE1,PEPTIDE1,1:R1-7:R2$$$",-5.77700000,ok,,flexible
"PEPTIDE1{dF.Mono38.meL.Mono84.I.Ser(tBu).T}$PEPTIDE1,PEPTIDE1,1:R1-7:R2$$$",-5.59900000,ok,,flexible
"PEPTIDE1{Me_dA.A.F.L.P.Me_dL.Me_Phe(3-Cl)}$PEPTIDE1,PEPTIDE1,1:R1-7:R2$$$",-6.37700000,ok,,flexible
"PEPTIDE1{Mono6.meL.T.F.dP.D.Me_dL}$PEPTIDE1,PEPTIDE1,1:R1-7:R2$$$",-6.18100000,ok,,flexible
"PEPTIDE1{meA.dA.meL.dP.V.L.P}$PEPTIDE1,PEPTIDE1,1:R1-7:R2$$$",-6.50100000,ok,,flexible
"PEPTIDE1{F.I.G.3Pal.dP.dP.T}$PEPTIDE1,PEPTIDE1,1:R1-7:R2$$$",-6.87900000,ok,,flexible
"PEPTIDE1{P.D.Asp_piperidide.meL.F.dP.Mono34}$PEPTIDE1,PEPTIDE1,1:R1-7:R2$$$",-5.50600000,ok,,flexible
"PEPTIDE1{dA.D.F.T.P.P.I}$PEPTIDE1,PEPTIDE1,1:R1-7:R2$$$",-6.02900000,ok,,flexible
"PEPTIDE1{A.P.Me_dL.P.I.F.L}$PEPTIDE1,PEPTIDE1,1:R1-7:R2$$$",-6.20700000,ok,,flexible
"PEPTIDE1{meA.P.dP.D.T.I.P}$PEPTIDE1,PEPTIDE1,1:R1-7:R2$$$",-6.35200000,ok,,flexible
"PEPTIDE1{P.L.T.dL.meA.F.A}$PEPTIDE1,PEPTIDE1,1:R1-7:R2$$$",-7.10600000,ok,,flexible
"PEPTIDE1{Mono6.dP.Me_dL.P.T.meL.F}$PEPTIDE1,PEPTIDE1,1:R1-7:R2$$$",-6.10600000,ok,,flexible
"PEPTIDE1{A.I.Ser(tBu).T.G.P.dV}$PEPTIDE1,PEPTIDE1,1:R1-7:R2$$$",-6.32900000,ok,,flexible
"PEPTIDE1{dP.Pr_Gly.T.P.F.P.T}$PEPTIDE1,PEPTIDE1,1:R1-7:R2$$$",-6.91600000,ok,,flexible
"PEPTIDE1{Pr_Gly.Ala(5-Tet).P.dP.P.T.G}$PEPTIDE1,PEPTIDE1,1:R1-7:R2$$$",-6.91500000,ok,,flexible
"PEPTIDE1{Mono6.P.Asp_piperidide.D.meL.F.dP}$PEPTIDE1,PEPTIDE1,1:R1-7:R2$$$",-6.60200000,ok,,flexible
"PEPTIDE1{dA.meL.P.T.I.P.L}$PEPTIDE1,PEPTIDE1,1:R1-7:R2$$$",-5.77500000,ok,,flexible
"PEPTIDE1{dP.P.dF.I.T.Me_Phe(3-Cl).F}$PEPTIDE1,PEPTIDE1,1:R1-7:R2$$$",-6.10100000,ok,,flexible
"PEPTIDE1{P.Pr_Gly.meY.dF.Me_dL.Me_dA.dP}$PEPTIDE1,PEPTIDE1,1:R1-7:R2$$$",-6.42900000,ok,,flexible
"PEPTIDE1{dV.D.P.dP.P.I.Me_Phe(3-Cl)}$PEPTIDE1,PEPTIDE1,1:R1-7:R2$$$",-6.23700000,ok,,flexible
"PEPTIDE1{F.meL.L.dP.Ser(tBu).Ser(tBu).dA}$PEPTIDE1,PEPTIDE1,1:R1-7:R2$$$",-5.66900000,ok,,flexible
"PEPTIDE1{Mono6.I.A.Mono84.meL.dL.dP}$PEPTIDE1,PEPTIDE1,1:R1-7:R2$$$",-6.14300000,ok,,flexible
"PEPTIDE1{meA.D.I.F.meL.Sar.G}$PEPTIDE1,PEPTIDE1,1:R1-7:R2$$$",-5.47500000,ok,,flexible
"PEPTIDE1{dV.T.P.V.F.G.meL}$PEPTIDE1,PEPTIDE1,1:R1-7:R2$$$",-6.80800000,ok,,flexible
"PEPTIDE1{dF.T.I.V.G.D.dP}$PEPTIDE1,PEPTIDE1,1:R1-7:R2$$$",-6.33100000,ok,,flexible
"PEPTIDE1{A.meL.P.Me_dL.dP.dP.Me_dA}$PEPTIDE1,PEPTIDE1,1:R1-7:R2$$$",-6.51600000,ok,,flexible
"PEPTIDE1{dF.Mono38.dP.Mono84.dL.P.L}$PEPTIDE1,PEPTIDE1,1:R1-7:R2$$$",-6.23000000,ok,,flexible
"PEPTIDE1{Me_Bal.Me_dA.meL.P.F.I.V}$PEPTIDE1,PEPTIDE1,1:R1-7:R2$$$",-6.18000000,ok,,flexible
"PEPTIDE1{Mono6.dP.P.Me_dL.P.V.P}$PEPTIDE1,PEPTIDE1,1:R1-7:R2$$$",-6.31900000,ok,,flexible
"PEPTIDE1{meA.dP.P.meL.I.T.G}$PEPTIDE1,PEPTIDE1,1:R1-7:R2$$$",-6.34200000,ok,,flexible
"PEPTIDE1{dV.Asp_piperidide.dP.G.D.meL.F}$PEPTIDE1,PEPTIDE1,1:R1-7:R2$$$",-6.10200000,ok,,flexible
"PEPTIDE1{Me_Bal.D.Me_dL.A.I.G.T}$PEPTIDE1,PEPTIDE1,1:R1-7:R2$$$",-5.61500000,ok,,flexible
"PEPTIDE1{dA.I.F.P.T.meL.V}$PEPTIDE1,PEPTIDE1,1:R1-7:R2$$$",-6.44900000,ok,,flexible
"PEPTIDE1{Me_Bal.meY.Mono6.Y.P.meL.T}$PEPTIDE1,PEPTIDE1,1:R1-7:R2$$$",-7.05900000,ok,,flexible
"PEPTIDE1{meA.Me_Nle.I.meF.T.L.Mono84}$PEPTIDE1,PEPTIDE1,1:R1-7:R2$$$",-6.15500000,ok,,flexible
"PEPTIDE1{Mono6.dP.I.L.meL.V.Me_Phe(3-Cl)}$PEPTIDE1,PEPTIDE1,1:R1-7:R2$$$",-6.25300000,ok,,flexible
"PEPTIDE1{dP.F.meA.Y.dF.P.P}$PEPTIDE1,PEPTIDE1,1:R1-7:R2$$$",-6.68100000,ok,,flexible
"PEPTIDE1{Me_dA.meA.F.L.meL.A.Pr_Gly}$PEPTIDE1,PEPTIDE1,1:R1-7:R2$$$",-5.72000000,ok,,flexible
"PEPTIDE1{Mono6.I.V.P.P.G.dP}$PEPTIDE1,PEPTIDE1,1:R1-7:R2$$$",-6.69800000,ok,,flexible
"PEPTIDE1{Me_dA.meS.I.T.F.Me_Phe(3-Cl).P}$PEPTIDE1,PEPTIDE1,1:R1-7:R2$$$",-5.91600000,ok,,flexible
"PEPTIDE1{dV.Pr_Gly.Et_Gly.meL.T.P.dP}$PEPTIDE1,PEPTIDE1,1:R1-7:R2$$$",-6.01700000,ok,,flexible
"PEPTIDE1{Me_dA.T.Me_dL.meL.L.G.dL}$PEPTIDE1,PEPTIDE1,1:R1-7:R2$$$",-5.30500000,ok,,flexible
"PEPTIDE1{Me_dA.dP.meL.P.V.Me_dL.T}$PEPTIDE1,PEPTIDE1,1:R1-7:R2$$$",-6.55300000,ok,,flexible
"PEPTIDE1{F.I.Mono84.meL.P.V.T}$PEPTIDE1,PEPTIDE1,1:R1-7:R2$$$",-5.85500000,ok,,flexible
"PEPTIDE1{dA.cHexCH2_Gly.A.dP.meA.Mono84.P}$PEPTIDE1,PEPTIDE1,1:R1-7:R2$$$",-7.29100000,ok,,flexible
"PEPTIDE1{Me_dA.A.pentyl_Gly.T.dP.Me_Nle.meF}$PEPTIDE1,PEPTIDE1,1:R1-7:R2$$$",-6.06700000,ok,,flexible
"PEPTIDE1{meA.meF.I.meL.T.F.G}$PEPTIDE1,PEPTIDE1,1:R1-7:R2$$$",-5.92400000,ok,,flexible
"PEPTIDE1{Pr_Gly.P.meL.P.meY.P.Sar}$PEPTIDE1,PEPTIDE1,1:R1-7:R2$$$",-7.06900000,ok,,flexible
"PEPTIDE1{Me_dA.A.F.P.meL.Ser(tBu).meA}$PEPTIDE1,PEPTIDE1,1:R1-7:R2$$$",-6.14000000,ok,,flexible
"PEPTIDE1{Me_Bal.F.dP.meL.P.T.G}$PEPTIDE1,PEPTIDE1,1:R1-7:R2$$$",-6.84900000,ok,,flexible
"PEPTIDE1{Me_dA.meA.cHexCH2_Gly.P.Me_Phe(3-Cl).dP.T}$PEPTIDE1,PEPTIDE1,1:R1-7:R2$$$",-7.07200000,ok,,flexible
"PEPTIDE1{dA.G.T.P.I.G.Y}$PEPTIDE1,PEPTIDE1,1:R1-7:R2$$$",-6.58200000,ok,,flexible
"PEPTIDE1{P.A.meA.L.Ser(tBu).V.I}$PEPTIDE1,PEPTIDE1,1:R1-7:R2$$$",-6.31400000,ok,,flexible
"PEPTIDE1{dF.V.dP.Me_Phe(3-Cl).I.F.I}$PEPTIDE1,PEPTIDE1,1:R1-7:R2$$$",-6.13900000,ok,,flexible
"PEPTIDE1{dF.Mono78.P.Mono86.Ser(tBu).A.I}$PEPTIDE1,PEPTIDE1,1:R1-7:R2$$$",-5.90800000,ok,,flexible
"PEPTIDE1{A.T.dP.P.P.Me_dL.F}$PEPTIDE1,PEPTIDE1,1:R1-7:R2$$$",-7.32100000,ok,,flexible
"PEPTIDE1{Me_Bal.dA.D.T.F.dF.Me_dL}$PEPTIDE1,PEPTIDE1,1:R1-7:R2$$$",-6.63600000,ok,,flexible
"PEPTIDE1{Me_Bal.Pr_Gly.A.F.dF.meA.dP}$PEPTIDE1,PEPTIDE1,1:R1-7:R2$$$",-6.46000000,ok,,flexible
"PEPTIDE1{P.dP.Me_dA.meL.T.meA.A}$PEPTIDE1,PEPTIDE1,1:R1-7:R2$$$",-6.30200000,ok,,flexible
"PEPTIDE1{A.Y.meL.P.dP.P.I}$PEPTIDE1,PEPTIDE1,1:R1-7:R2$$$",-6.85300000,ok,,flexible
"PEPTIDE1{A.meL.G.dP.T.P.P}$PEPTIDE1,PEPTIDE1,1:R1-7:R2$$$",-6.74800000,ok,,flexible
"PEPTIDE1{Me_dA.meA.T.P.dP.F.I}$PEPTIDE1,PEPTIDE1,1:R1-7:R2$$$",-6.71100000,ok,,flexible
"PEPTIDE1{Me_dA.dP.I.P.I.Ser(tBu).Me_dL}$PEPTIDE1,PEPTIDE1,1:R1-7:R2$$$",-5.58600000,ok,,flexible
"PEPTIDE1{meL.P.T.P.F.P.G}$PEPTIDE1,PEPTIDE1,1:R1-7:R2$$$",-6.86900000,ok,,flexible
"PEPTIDE1{Me_dA.L.F.T.A.I.P}$PEPTIDE1,PEPTIDE1,1:R1-7:R2$$$",-6.12100000,ok,,flexible
"PEPTIDE1{F.Et_Gly.Me_Phe(3-Cl).P.I.G.dP}$PEPTIDE1,PEPTIDE1,1:R1-7:R2$$$",-6.78700000,ok,,flexible
"PEPTIDE1{dV.dP.meL.dL.T.V.P}$PEPTIDE1,PEPTIDE1,1:R1-7:R2$$$",-5.81700000,ok,,flexible
"PEPTIDE1{meA.G.Mono86.I.L.Me_Phe(3-Cl).A}$PEPTIDE1,PEPTIDE1,1:R1-7:R2$$$",-5.84100000,ok,,flexible
"PEPTIDE1{Sar.G.F.P.T.P.Me_dL}$PEPTIDE1,PEPTIDE1,1:R1-7:R2$$$",-6.34500000,ok,,flexible
"PEPTIDE1{dA.dP.V.F.I.P.T}$PEPTIDE1,PEPTIDE1,1:R1-7:R2$$$",-6.35100000,ok,,flexible
"PEPTIDE1{dA.Me_dL.meA.V.T.F.L}$PEPTIDE1,PEPTIDE1,1:R1-7:R2$$$",-5.99800000,ok,,flexible
"PEPTIDE1{meA.T.Sar.Me_dL.A.Ser(tBu).P}$PEPTIDE1,PEPTIDE1,1:R1-7:R2$$$",-6.11100000,ok,,flexible
"PEPTIDE1{meA.cHexCH2_Gly.T.dP.meL.Me_Nle.Me_dL}$PEPTIDE1,PEPTIDE1,1:R1-7:R2$$$",-5.67400000,ok,,flexible
"PEPTIDE1{Me_Bal.dP.meL.T.Phe(4-CF3).Me_dL.P}$PEPTIDE1,PEPTIDE1,1:R1-7:R2$$$",-6.42400000,ok,,flexible
"PEPTIDE1{dV.Me_dL.F.dP.dF.P.Y}$PEPTIDE1,PEPTIDE1,1:R1-7:R2$$$",-6.18300000,ok,,flexible
"PEPTIDE1{dV.dP.meL.P.G.dP.P}$PEPTIDE1,PEPTIDE1,1:R1-7:R2$$$",-7.00800000,ok,,flexible
"PEPTIDE1{F.dP.Asp_piperidide.L.I.meL.T}$PEPTIDE1,PEPTIDE1,1:R1-7:R2$$$",-6.03500000,ok,,flexible
"PEPTIDE1{meA.Me_dAbu.T.F.T.V.P}$PEPTIDE1,PEPTIDE1,1:R1-7:R2$$$",-6.26700000,ok,,flexible
"PEPTIDE1{Me_Bal.P.meL.T.I.Mono84.dL}$PEPTIDE1,PEPTIDE1,1:R1-7:R2$$$",-5.70000000,ok,,flexible
"PEPTIDE1{dV.Asp_piperidide.Me_dL.T.F.dP.Me_Phe(3-Cl)}$PEPTIDE1,PEPTIDE1,1:R1-7:R2$$$",-6.37100000,ok,,flexible
"PEPTIDE1{Pr_Gly.dP.T.meY.meL.Me_dL.dP}$PEPTIDE1,PEPTIDE1,1:R1-7:R2$$$",-5.74200000,ok,,flexible
"PEPTIDE1{Me_dA.meL.F.I.dP.T.meI}$PEPTIDE1,PEPTIDE1,1:R1-7:R2$$$",-5.61300000,ok,,flexible
"PEPTIDE1{A.T.V.P.I.P.T}$PEPTIDE1,PEPTIDE1,1:R1-7:R2$$$",-6.36400000,ok,,flexible
"PEPTIDE1{P.meA.Me_dL.Et_Gly.F.T.I}$PEPTIDE1,PEPTIDE1,1:R1-7:R2$$$",-6.03800000,ok,,flexible
"PEPTIDE1{dV.meL.T.L.F.V.dP}$PEPTIDE1,PEPTIDE1,1:R1-7:R2$$$",-5.75400000,ok,,flexible
"PEPTIDE1{A.L.Me_dL.G.meL.F.meA}$PEPTIDE1,PEPTIDE1,1:R1-7:R2$$$",-5.84600000,ok,,flexible
"PEPTIDE1{dA.D.L.F.T.Me_dL.P}$PEPTIDE1,PEPTIDE1,1:R1-7:R2$$$",-6.63600000,ok,,flexible
"PEPTIDE1{Mono6.dP.Me_dL.P.T.Y.dP}$PEPTIDE1,PEPTIDE1,1:R1-7:R2$$$",-6.36600000,ok,,flexible
"PEPTIDE1{dV.Me_dA.meL.Y.I.dP.dP}$PEPTIDE1,PEPTIDE1,1:R1-7:R2$$$",-6.30900000,ok,,flexible
"PEPTIDE1{Mono6.P.Phe(4-CF3).F.G.Me_Phe(3-Cl).meL}$PEPTIDE1,PEPTIDE1,1:R1-7:R2$$$",-7.09300000,ok,,flexible
"PEPTIDE1{meA.pentyl_Gly.P.dP.Nle.I.G}$PEPTIDE1,PEPTIDE1,1:R1-7:R2$$$",-5.58500000,ok,,flexible
"PEPTIDE1{dP.Pr_Gly.Me_dL.T.F.meL.Mono6}$PEPTIDE1,PEPTIDE1,1:R1-7:R2$$$",-6.04500000,ok,,flexible
"PEPTIDE1{Me_Bal.F.pentyl_Gly.Ser(tBu).T.T.dP}$PEPTIDE1,PEPTIDE1,1:R1-7:R2$$$",-5.17000000,ok,,flexible
"PEPTIDE1{Mono6.T.P.T.P.F.meL}$PEPTIDE1,PEPTIDE1,1:R1-7:R2$$$",-6.90500000,ok,,flexible
"PEPTIDE1{dV.I.meL.T.F.T.D}$PEPTIDE1,PEPTIDE1,1:R1-7:R2$$$",-5.54200000,ok,,flexible
"PEPTIDE1{Me_Bal.dP.meY.P.Me_dL.P.dP}$PEPTIDE1,PEPTIDE1,1:R1-7:R2$$$",-7.48800000,ok,,flexible
"PEPTIDE1{Sar.P.meL.P.A.T.L}$PEPTIDE1,PEPTIDE1,1:R1-7:R2$$$",-6.27000000,ok,,flexible
"PEPTIDE1{dV.T.D.meL.F.P.I}$PEPTIDE1,PEPTIDE1,1:R1-7:R2$$$",-5.99500000,ok,,flexible
"PEPTIDE1{meA.L.I.pentyl_Gly.cHexCH2_Gly.Mono86.F}$PEPTIDE1,PEPTIDE1,1:R1-7:R2$$$",-6.06600000,ok,,flexible
"PEPTIDE1{dV.I.Sar.D.dP.T.P}$PEPTIDE1,PEPTIDE1,1:R1-7:R2$$$",-6.52100000,ok,,flexible
"PEPTIDE1{Mono6.meL.Me_dA.dP.Me_dL.T.P}$PEPTIDE1,PEPTIDE1,1:R1-7:R2$$$",-6.57500000,ok,,flexible
"PEPTIDE1{dA.Me_Nle.cHexCH2_Gly.Me_dL.meA.Ser(tBu).dP}$PEPTIDE1,PEPTIDE1,1:R1-7:R2$$$",-5.65600000,ok,,flexible
"PEPTIDE1{meA.T.T.I.P.meL.Me_dL}$PEPTIDE1,PEPTIDE1,1:R1-7:R2$$$",-5.88700000,ok,,flexible
"PEPTIDE1{F.P.P.T.Asp_piperidide.Mono6.meL}$PEPTIDE1,PEPTIDE1,1:R1-7:R2$$$",-6.68800000,ok,,flexible
"PEPTIDE1{F.L.Ser(tBu).dP.P.T.P}$PEPTIDE1,PEPTIDE1,1:R1-7:R2$$$",-6.06200000,ok,,flexible
"PEPTIDE1{Me_dA.Me_dL.P.dP.meY.L.F}$PEPTIDE1,PEPTIDE1,1:R1-7:R2$$$",-6.72000000,ok,,flexible
"PEPTIDE1{meA.dP.T.Phe(4-CF3).D.F.G}$PEPTIDE1,PEPTIDE1,1:R1-7:R2$$$",-7.21400000,ok,,flexible
"PEPTIDE1{F.D.Me_Phe(3-Cl).V.I.G.meL}$PEPTIDE1,PEPTIDE1,1:R1-7:R2$$$",-6.44500000,ok,,flexible
"PEPTIDE1{Me_Bal.P.dP.F.P.V.L}$PEPTIDE1,PEPTIDE1,1:R1-7:R2$$$",-6.50300000,ok,,flexible
"PEPTIDE1{Me_Bal.Y.dP.meL.P.dP.T}$PEPTIDE1,PEPTIDE1,1:R1-7:R2$$$",-6.57900000,ok,,flexible
"PEPTIDE1{meA.dP.meY.P.meL.T.P}$PEPTIDE1,PEPTIDE1,1:R1-7:R2$$$",-6.63600000,ok,,flexible
"PEPTIDE1{Me_Bal.A.I.T.meL.dL.L}$PEPTIDE1,PEPTIDE1,1:R1-7:R2$$$",-5.54500000,ok,,flexible
"PEPTIDE1{Me_Bal.meL.L.meF.T.Mono84.P}$PEPTIDE1,PEPTIDE1,1:R1-7:R2$$$",-5.93300000,ok,,flexible
"PEPTIDE1{Me_Bal.F.Y.T.P.V.P}$PEPTIDE1,PEPTIDE1,1:R1-7:R2$$$",-6.72600000,ok,,flexible
"PEPTIDE1{A.Ser(tBu).L.I.P.T.dP}$PEPTIDE1,PEPTIDE1,1:R1-7:R2$$$",-5.42700000,ok,,flexible
"PEPTIDE1{Mono6.P.G.dP.T.P.T}$PEPTIDE1,PEPTIDE1,1:R1-7:R2$$$",-7.50400000,ok,,flexible
"PEPTIDE1{P.meF.meA.dP.F.T.P}$PEPTIDE1,PEPTIDE1,1:R1-7:R2$$$",-7.02400000,ok,,flexible
"PEPTIDE1{dA.meA.A.Me_dA.dL.meL.G}$PEPTIDE1,PEPTIDE1,1:R1-7:R2$$$",-6.72500000,ok,,flexible
"PEPTIDE1{dF.A.dP.T.F.dP.L}$PEPTIDE1,PEPTIDE1,1:R1-7:R2$$$",-7.40500000,ok,,flexible
"PEPTIDE1{meA.T.Mono38.P.L.Ser(tBu).I}$PEPTIDE1,PEPTIDE1,1:R1-7:R2$$$",-5.48200000,ok,,flexible
"PEPTIDE1{F.L.T.D.pentyl_Gly.Me_Nle.meL}$PEPTIDE1,PEPTIDE1,1:R1-7:R2$$$",-5.17000000,ok,,flexible
"PEPTIDE1{Me_dA.meL.Ser(tBu).A.T.Me_Phe(3-Cl).dP}$PEPTIDE1,PEPTIDE1,1:R1-7:R2$$$",-6.37200000,ok,,flexible
"PEPTIDE1{A.meA.F.T.F.Ser(tBu).V}$PEPTIDE1,PEPTIDE1,1:R1-7:R2$$$",-6.18700000,ok,,flexible
"PEPTIDE1{Mono6.P.dL.L.Me_Phe(3-Cl).F.T}$PEPTIDE1,PEPTIDE1,1:R1-7:R2$$$",-6.09800000,ok,,flexible
"PEPTIDE1{A.meA.L.dP.D.F.meL}$PEPTIDE1,PEPTIDE1,1:R1-7:R2$$$",-6.29100000,ok,,flexible
"PEPTIDE1{dA.L.P.F.T.G.Sar}$PEPTIDE1,PEPTIDE1,1:R1-7:R2$$$",-5.99400000,ok,,flexible
"PEPTIDE1{F.meF.Mono84.L.P.I.meL}$PEPTIDE1,PEPTIDE1,1:R1-7:R2$$$",-5.67500000,ok,,flexible
"PEPTIDE1{dV.dP.T.I.G.D.F}$PEPTIDE1,PEPTIDE1,1:R1-7:R2$$$",-5.82000000,ok,,flexible
"PEPTIDE1{meL.meY.dP.T.G.T.P}$PEPTIDE1,PEPTIDE1,1:R1-7:R2$$$",-6.65900000,ok,,flexible
"PEPTIDE1{Me_dA.dP.P.Y.T.meY.P}$PEPTIDE1,PEPTIDE1,1:R1-7:R2$$$",-7.84400000,ok,,flexible
"PEPTIDE1{dA.meL.V.Phe(4-CF3).P.dP.T}$PEPTIDE1,PEPTIDE1,1:R1-7:R2$$$",-6.82500000,ok,,flexible
"PEPTIDE1{Me_Bal.pentyl_Gly.dP.P.Mono84.dL.Mono7}$PEPTIDE1,PEPTIDE1,1:R1-7:R2$$$",-6.05300000,ok,,flexible
"PEPTIDE1{Me_Bal.L.meL.Me_Phe(3-Cl).I.F.P}$PEPTIDE1,PEPTIDE1,1:R1-7:R2$$$",-6.07800000,ok,,flexible
"PEPTIDE1{P.G.meA.meY.Me_dA.Me_dL.dP}$PEPTIDE1,PEPTIDE1,1:R1-7:R2$$$",-7.15400000,ok,,flexible
"PEPTIDE1{dA.I.meL.F.L.P.dV}$PEPTIDE1,PEPTIDE1,1:R1-7:R2$$$",-6.13100000,ok,,flexible
"PEPTIDE1{dA.T.dL.meL.Me_Phe(3-Cl).P.V}$PEPTIDE1,PEPTIDE1,1:R1-7:R2$$$",-5.55600000,ok,,flexible
"PEPTIDE1{dV.F.dP.G.Phe(4-CF3).P.I}$PEPTIDE1,PEPTIDE1,1:R1-7:R2$$$",-7.40400000,ok,,flexible
"PEPTIDE1{meA.A.Me_dL.L.I.Me_Phe(3-Cl).P}$PEPTIDE1,PEPTIDE1,1:R1-7:R2$$$",-6.32700000,ok,,flexible
"PEPTIDE1{Me_Bal.Me_dL.meL.dP.dP.P.Asp_piperidide}$PEPTIDE1,PEPTIDE1,1:R1-7:R2$$$",-6.18800000,ok,,flexible
"PEPTIDE1{Me_dA.L.P.T.Mono86.P.Sar}$PEPTIDE1,PEPTIDE1,1:R1-7:R2$$$",-6.24400000,ok,,flexible
"PEPTIDE1{Me_dA.Y.P.P.P.F.meY}$PEPTIDE1,PEPTIDE1,1:R1-7:R2$$$",-6.92100000,ok,,flexible
"PEPTIDE1{Me_Bal.F.Ser(tBu).L.meA.T.dP}$PEPTIDE1,PEPTIDE1,1:R1-7:R2$$$",-5.56300000,ok,,flexible
"PEPTIDE1{dA.Me_dA.F.T.G.F.Me_Phe(3-Cl)}$PEPTIDE1,PEPTIDE1,1:R1-7:R2$$$",-7.58200000,ok,,flexible
"PEPTIDE1{dA.G.Me_dL.F.meL.A.Y}$PEPTIDE1,PEPTIDE1,1:R1-7:R2$$$",-6.31500000,ok,,flexible
"PEPTIDE1{dA.meL.dP.L.G.T.F}$PEPTIDE1,PEPTIDE1,1:R1-7:R2$$$",-6.08000000,ok,,flexible
"PEPTIDE1{Me_dA.T.V.F.Me_dL.meL.G}$PEPTIDE1,PEPTIDE1,1:R1-7:R2$$$",-6.24000000,ok,,flexible
"PEPTIDE1{meA.Sar.F.V.P.Me_dA.Me_dL}$PEPTIDE1,PEPTIDE1,1:R1-7:R2$$$",-6.26100000,ok,,flexible
"PEPTIDE1{Me_Bal.dP.P.Me_dL.F.P.meL}$PEPTIDE1,PEPTIDE1,1:R1-7:R2$$$",-6.77800000,ok,,flexible
"PEPTIDE1{A.cHexCH2_Gly.pentyl_Gly.Ser(tBu).L.I.Me_Nle}$PEPTIDE1,PEPTIDE1,1:R1-7:R2$$$",-4.52400000,ok,,flexible
"PEPTIDE1{dV.dP.dP.D.Me_dL.I.V}$PEPTIDE1,PEPTIDE1,1:R1-7:R2$$$",-5.99500000,ok,,flexible
"PEPTIDE1{Me_Bal.T.I.F.P.G.P}$PEPTIDE1,PEPTIDE1,1:R1-7:R2$$$",-6.50100000,ok,,flexible
"PEPTIDE1{L.meL.I.Me_Phe(3-Cl).Sar.P.P}$PEPTIDE1,PEPTIDE1,1:R1-7:R2$$$",-6.12700000,ok,,flexible
"PEPTIDE1{Me_dA.meL.Mono6.Me_Phe(3-Cl).T.Et_Gly.F}$PEPTIDE1,PEPTIDE1,1:R1-7:R2$$$",-6.43700000,ok,,flexible
"PEPTIDE1{Me_Bal.Me_dL.meA.A.T.P.P}$PEPTIDE1,PEPTIDE1,1:R1-7:R2$$$",-6.44200000,ok,,flexible
"PEPTIDE1{Mono6.T.dP.Y.meY.meL.P}$PEPTIDE1,PEPTIDE1,1:R1-7:R2$$$",-6.55000000,ok,,flexible
"PEPTIDE1{A.dP.F.T.T.G.P}$PEPTIDE1,PEPTIDE1,1:R1-7:R2$$$",-7.02600000,ok,,flexible
"PEPTIDE1{A.D.T.F.P.Y.I}$PEPTIDE1,PEPTIDE1,1:R1-7:R2$$$",-6.58300000,ok,,flexible
"PEPTIDE1{dF.P.Asp_piperidide.Et_Gly.T.I.P}$PEPTIDE1,PEPTIDE1,1:R1-7:R2$$$",-6.01400000,ok,,flexible
"PEPTIDE1{dA.T.F.A.P.Me_dL.meL}$PEPTIDE1,PEPTIDE1,1:R1-7:R2$$$",-5.80800000,ok,,flexible
"PEPTIDE1{F.L.pentyl_Gly.Mono38.I.meA.P}$PEPTIDE1,PEPTIDE1,1:R1-7:R2$$$",-5.69300000,ok,,flexible
"PEPTIDE1{P.dA.meA.dV.Me_dL.dP.T}$PEPTIDE1,PEPTIDE1,1:R1-7:R2$$$",-6.47200000,ok,,flexible
"PEPTIDE1{dP.Pr_Gly.Me_dL.Me_dA.V.A.meA}$PEPTIDE1,PEPTIDE1,1:R1-7:R2$$$",-6.88300000,ok,,flexible
"PEPTIDE1{Me_Bal.meL.P.Pr_Gly.V.F.A}$PEPTIDE1,PEPTIDE1,1:R1-7:R2$$$",-6.33500000,ok,,flexible
"PEPTIDE1{dA.Me_dA.dF.P.T.L.F}$PEPTIDE1,PEPTIDE1,1:R1-7:R2$$$",-6.45000000,ok,,flexible
"PEPTIDE1{Me_dA.F.dP.V.dL.T.T}$PEPTIDE1,PEPTIDE1,1:R1-7:R2$$$",-6.28100000,ok,,flexible
"PEPTIDE1{meA.V.I.meL.T.F.D}$PEPTIDE1,PEPTIDE1,1:R1-7:R2$$$",-6.38000000,ok,,flexible
"PEPTIDE1{Me_dA.L.Ser(tBu).P.I.P.T}$PEPTIDE1,PEPTIDE1,1:R1-7:R2$$$",-5.51500000,ok,,flexible
"PEPTIDE1{Me_Bal.dP.Me_dL.meY.T.dP.Me_dA}$PEPTIDE1,PEPTIDE1,1:R1-7:R2$$$",-7.28300000,ok,,flexible
"PEPTIDE1{L.P.P.dP.I.D.G}$PEPTIDE1,PEPTIDE1,1:R1-7:R2$$$",-6.07000000,ok,,flexible
"PEPTIDE1{meA.meL.Me_dA.F.T.dP.dP}$PEPTIDE1,PEPTIDE1,1:R1-7:R2$$$",-6.30000000,ok,,flexible
"PEPTIDE1{A.Me_dAbu.T.F.Phe(4-CF3).F.Sar}$PEPTIDE1,PEPTIDE1,1:R1-7:R2$$$",-6.04500000,ok,,flexible
"PEPTIDE1{meA.T.dP.P.G.T.I}$PEPTIDE1,PEPTIDE1,1:R1-7:R2$$$",-6.68700000,ok,,flexible
"PEPTIDE1{Me_Bal.Pr_Gly.P.F.L.meL.dP}$PEPTIDE1,PEPTIDE1,1:R1-7:R2$$$",-6.04500000,ok,,flexible
"PEPTIDE1{meL.P.P.Me_dL.G.Asp_piperidide.T}$PEPTIDE1,PEPTIDE1,1:R1-7:R2$$$",-6.54600000,ok,,flexible
"PEPTIDE1{dA.dP.dL.I.P.A.T}$PEPTIDE1,PEPTIDE1,1:R1-7:R2$$$",-6.34900000,ok,,flexible
"PEPTIDE1{Me_dA.Pr_Gly.P.dP.T.dA.G}$PEPTIDE1,PEPTIDE1,1:R1-7:R2$$$",-6.98800000,ok,,flexible
"PEPTIDE1{meA.meF.T.meL.P.meY.Me_dL}$PEPTIDE1,PEPTIDE1,1:R1-7:R2$$$",-6.30600000,ok,,flexible
"PEPTIDE1{Sar.dF.I.L.P.T.L}$PEPTIDE1,PEPTIDE1,1:R1-7:R2$$$",-6.15400000,ok,,flexible
"PEPTIDE1{Me_Bal.dL.A.T.dP.meL.P}$PEPTIDE1,PEPTIDE1,1:R1-7:R2$$$",-6.07900000,ok,,flexible
"PEPTIDE1{Me_Bal.dA.Me_dL.P.Me_Phe(3-Cl).F.G}$PEPTIDE1,PEPTIDE1,1:R1-7:R2$$$",-6.55400000,ok,,flexible
"PEPTIDE1{meA.T.dP.P.F.I.Y}$PEPTIDE1,PEPTIDE1,1:R1-7:R2$$$",-6.74600000,ok,,flexible
"PEPTIDE1{Me_Bal.dP.F.F.P.D.Phe(4-CF3)}$PEPTIDE1,PEPTIDE1,1:R1-7:R2$$$",-6.11000000,ok,,flexible
"PEPTIDE1{Me_dA.Me_dL.F.G.dP.Me_Phe(3-Cl).meL}$PEPTIDE1,PEPTIDE1,1:R1-7:R2$$$",-6.51900000,ok,,flexible
"PEPTIDE1{Mono6.A.Nle.P.dP.P.T}$PEPTIDE1,PEPTIDE1,1:R1-7:R2$$$",-6.26900000,ok,,flexible
"PEPTIDE1{dP.meA.F.Me_dA.L.Ser(tBu).P}$PEPTIDE1,PEPTIDE1,1:R1-7:R2$$$",-6.03400000,ok,,flexible
"PEPTIDE1{dP.meA.Pr_Gly.meL.I.L.meF}$PEPTIDE1,PEPTIDE1,1:R1-7:R2$$$",-5.87400000,ok,,flexible
"PEPTIDE1{Mono6.G.F.I.dP.P.Me_Phe(3-Cl)}$PEPTIDE1,PEPTIDE1,1:R1-7:R2$$$",-7.81400000,ok,,flexible
"PEPTIDE1{P.dF.dP.V.T.P.F}$PEPTIDE1,PEPTIDE1,1:R1-7:R2$$$",-6.77400000,ok,,flexible
"PEPTIDE1{dF.meL.Me_dL.dP.Me_Nle.meY.T}$PEPTIDE1,PEPTIDE1,1:R1-7:R2$$$",-6.00500000,ok,,flexible
"PEPTIDE1{Mono6.P.T.I.meL.G.V}$PEPTIDE1,PEPTIDE1,1:R1-7:R2$$$",-5.89000000,ok,,flexible
"PEPTIDE1{Me_Bal.Mono84.P.T.I.meL.P}$PEPTIDE1,PEPTIDE1,1:R1-7:R2$$$",-6.45100000,ok,,flexible
"PEPTIDE1{Me_dA.meL.Me_dL.Me_Phe(3-Cl).dL.P.L}$PEPTIDE1,PEPTIDE1,1:R1-7:R2$$$",-5.22200000,ok,,flexible
"PEPTIDE1{A.I.dP.dP.F.T.Me_dL}$PEPTIDE1,PEPTIDE1,1:R1-7:R2$$$",-6.12500000,ok,,flexible
"PEPTIDE1{Pr_Gly.pentyl_Gly.cHexCH2_Gly.Mono86.dP.T.P}$PEPTIDE1,PEPTIDE1,1:R1-7:R2$$$",-5.55000000,ok,,flexible
"PEPTIDE1{dV.meA.F.G.P.Me_dL.L}$PEPTIDE1,PEPTIDE1,1:R1-7:R2$$$",-6.02600000,ok,,flexible
"PEPTIDE1{dV.meA.A.V.dP.meL.P}$PEPTIDE1,PEPTIDE1,1:R1-7:R2$$$",-6.03500000,ok,,flexible
"PEPTIDE1{meA.P.Pr_Gly.T.meL.I.Me_dL}$PEPTIDE1,PEPTIDE1,1:R1-7:R2$$$",-5.47600000,ok,,flexible
"PEPTIDE1{Me_dA.Me_dL.meL.F.Ser(tBu).L.A}$PEPTIDE1,PEPTIDE1,1:R1-7:R2$$$",-5.61800000,ok,,flexible
"PEPTIDE1{Sar.cHexCH2_Gly.meL.dP.P.Ser(tBu).I}$PEPTIDE1,PEPTIDE1,1:R1-7:R2$$$",-5.43300000,ok,,flexible
"PEPTIDE1{meA.A.Me_dL.V.meL.Pr_Gly.Ser(tBu)}$PEPTIDE1,PEPTIDE1,1:R1-7:R2$$$",-5.23000000,ok,,flexible
"PEPTIDE1{F.Mono38.T.dP.meL.Me_Phe(3-Cl).A}$PEPTIDE1,PEPTIDE1,1:R1-7:R2$$$",-6.24200000,ok,,flexible
"PEPTIDE1{P.cHexCH2_Gly.Ser(tBu).L.dP.meL.P}$PEPTIDE1,PEPTIDE1,1:R1-7:R2$$$",-5.59200000,ok,,flexible
"PEPTIDE1{L.P.cHexCH2_Gly.T.Ser(tBu).dP.A}$PEPTIDE1,PEPTIDE1,1:R1-7:R2$$$",-6.04400000,ok,,flexible
"PEPTIDE1{Me_Bal.meL.D.F.T.G.P}$PEPTIDE1,PEPTIDE1,1:R1-7:R2$$$",-6.55600000,ok,,flexible
"PEPTIDE1{meA.A.meL.Me_dA.meY.Me_dL.T}$PEPTIDE1,PEPTIDE1,1:R1-7:R2$$$",-6.63100000,ok,,flexible
"PEPTIDE1{dF.L.V.meL.I.P.P}$PEPTIDE1,PEPTIDE1,1:R1-7:R2$$$",-5.74500000,ok,,flexible
"PEPTIDE1{dF.I.meL.dP.G.Me_Phe(3-Cl).G}$PEPTIDE1,PEPTIDE1,1:R1-7:R2$$$",-6.47400000,ok,,flexible
"PEPTIDE1{F.A.P.Me_Phe(3-Cl).I.P.meL}$PEPTIDE1,PEPTIDE1,1:R1-7:R2$$$",-5.96200000,ok,,flexible
"PEPTIDE1{A.dV.P.F.V.T.G}$PEPTIDE1,PEPTIDE1,1:R1-7:R2$$$",-7.02500000,ok,,flexible
"PEPTIDE1{meA.T.dL.dF.Me_dA.V.P}$PEPTIDE1,PEPTIDE1,1:R1-7:R2$$$",-5.88000000,ok,,flexible
"PEPTIDE1{dA.T.P.P.I.T.D}$PEPTIDE1,PEPTIDE1,1:R1-7:R2$$$",-6.30700000,ok,,flexible
"PEPTIDE1{Me_dA.dL.I.dP.dV.meL.V}$PEPTIDE1,PEPTIDE1,1:R1-7:R2$$$",-5.64100000,ok,,flexible
"PEPTIDE1{dA.Mono6.D.T.meL.P.F}$PEPTIDE1,PEPTIDE1,1:R1-7:R2$$$",-6.47200000,ok,,flexible
"PEPTIDE1{Sar.I.P.meF.dP.Me_dL.meL}$PEPTIDE1,PEPTIDE1,1:R1-7:R2$$$",-6.25200000,ok,,flexible
"PEPTIDE1{Pr_Gly.dP.Asp_piperidide.T.Y.T.P}$PEPTIDE1,PEPTIDE1,1:R1-7:R2$$$",-6.08100000,ok,,flexible
"PEPTIDE1{dA.dP.T.Phe(4-CF3).F.G.P}$PEPTIDE1,PEPTIDE1,1:R1-7:R2$$$",-7.70400000,ok,,flexible
"PEPTIDE1{meA.F.P.meL.F.P.V}$PEPTIDE1,PEPTIDE1,1:R1-7:R2$$$",-6.78000000,ok,,flexible
"PEPTIDE1{Mono6.T.P.I.dL.A.Nle}$PEPTIDE1,PEPTIDE1,1:R1-7:R2$$$",-5.48800000,ok,,flexible
"PEPTIDE1{dV.P.P.I.T.T.F}$PEPTIDE1,PEPTIDE1,1:R1-7:R2$$$",-7.46100000,ok,,flexible
"PEPTIDE1{Me_dA.P.F.V.Me_dL.L.Me_Phe(3-Cl)}$PEPTIDE1,PEPTIDE1,1:R1-7:R2$$$",-5.82500000,ok,,flexible
"PEPTIDE1{Me_Bal.F.L.T.dL.L.dV}$PEPTIDE1,PEPTIDE1,1:R1-7:R2$$$",-6.31300000,ok,,flexible
"PEPTIDE1{meA.meL.Me_dL.F.T.Me_dL.L}$PEPTIDE1,PEPTIDE1,1:R1-7:R2$$$",-5.53200000,ok,,flexible
"PEPTIDE1{dV.Phe(4-CF3).G.P.T.I.dP}$PEPTIDE1,PEPTIDE1,1:R1-7:R2$$$",-6.41000000,ok,,flexible
"PEPTIDE1{dA.P.V.I.T.A.F}$PEPTIDE1,PEPTIDE1,1:R1-7:R2$$$",-5.92500000,ok,,flexible
"PEPTIDE1{Mono6.P.meL.P.Me_Phe(3-Cl).P.G}$PEPTIDE1,PEPTIDE1,1:R1-7:R2$$$",-7.26600000,ok,,flexible
"PEPTIDE1{dA.V.T.G.dP.T.G}$PEPTIDE1,PEPTIDE1,1:R1-7:R2$$$",-5.90000000,ok,,flexible
"PEPTIDE1{Sar.dP.T.F.meL.V.G}$PEPTIDE1,PEPTIDE1,1:R1-7:R2$$$",-6.73100000,ok,,flexible
"PEPTIDE1{meA.P.meL.Asp_piperidide.dP.Me_Phe(3-Cl).Y}$PEPTIDE1,PEPTIDE1,1:R1-7:R2$$$",-6.79800000,ok,,flexible
"PEPTIDE1{dF.G.F.P.meL.dP.P}$PEPTIDE1,PEPTIDE1,1:R1-7:R2$$$",-6.97600000,ok,,flexible
"PEPTIDE1{dF.Me_Phe(3-Cl).F.G.dP.Asp_piperidide.T}$PEPTIDE1,PEPTIDE1,1:R1-7:R2$$$",-6.75400000,ok,,flexible
"PEPTIDE1{Me_Bal.dA.dP.Me_dL.Me_dA.L.P}$PEPTIDE1,PEPTIDE1,1:R1-7:R2$$$",-6.71400000,ok,,flexible
"PEPTIDE1{meA.P.dL.dP.Me_Phe(3-Cl).meL.F}$PEPTIDE1,PEPTIDE1,1:R1-7:R2$$$",-6.73200000,ok,,flexible
"PEPTIDE1{Me_dA.A.T.F.meL.dP.meA}$PEPTIDE1,PEPTIDE1,1:R1-7:R2$$$",-6.08100000,ok,,flexible
"PEPTIDE1{Me_dA.L.Ser(tBu).dL.P.L.Mono84}$PEPTIDE1,PEPTIDE1,1:R1-7:R2$$$",-5.61800000,ok,,flexible
"PEPTIDE1{A.L.meL.I.P.meL.dP}$PEPTIDE1,PEPTIDE1,1:R1-7:R2$$$",-5.86500000,ok,,flexible
"PEPTIDE1{dA.T.meA.dL.T.P.F}$PEPTIDE1,PEPTIDE1,1:R1-7:R2$$$",-6.62700000,ok,,flexible
"PEPTIDE1{Me_Bal.P.dP.F.Ala(5-Tet).Phe(4-CF3).meL}$PEPTIDE1,PEPTIDE1,1:R1-7:R2$$$",-6.84100000,ok,,flexible
"PEPTIDE1{meA.G.dP.P.T.I.P}$PEPTIDE1,PEPTIDE1,1:R1-7:R2$$$",-7.26200000,ok,,flexible
"PEPTIDE1{meA.I.L.dL.P.meF.T}$PEPTIDE1,PEPTIDE1,1:R1-7:R2$$$",-6.17800000,ok,,flexible
"PEPTIDE1{meA.F.meL.P.dP.Phe(4-CF3).Me_dL}$PEPTIDE1,PEPTIDE1,1:R1-7:R2$$$",-6.55200000,ok,,flexible
"PEPTIDE1{Me_Bal.T.P.meL.meY.D.dP}$PEPTIDE1,PEPTIDE1,1:R1-7:R2$$$",-6.26200000,ok,,flexible
"PEPTIDE1{A.Sar.L.I.T.dP.P}$PEPTIDE1,PEPTIDE1,1:R1-7:R2$$$",-6.25900000,ok,,flexible
"PEPTIDE1{Mono6.P.I.meL.A.T.V}$PEPTIDE1,PEPTIDE1,1:R1-7:R2$$$",-5.91200000,ok,,flexible
"PEPTIDE1{A.dA.Me_dA.P.Pr_Gly.V.meA}$PEPTIDE1,PEPTIDE1,1:R1-7:R2$$$",-6.10500000,ok,,flexible
"PEPTIDE1{Me_dA.P.Mono6.dP.T.Ala(5-Tet).D}$PEPTIDE1,PEPTIDE1,1:R1-7:R2$$$",-6.64100000,ok,,flexible
"PEPTIDE1{F.L.V.dP.meL.D.G}$PEPTIDE1,PEPTIDE1,1:R1-7:R2$$$",-5.94000000,ok,,flexible
"PEPTIDE1{dA.Me_dL.Y.F.P.D.meL}$PEPTIDE1,PEPTIDE1,1:R1-7:R2$$$",-5.50900000,ok,,flexible
"PEPTIDE1{Me_dA.F.meA.L.meL.A.T}$PEPTIDE1,PEPTIDE1,1:R1-7:R2$$$",-6.26400000,ok,,flexible
"PEPTIDE1{Sar.Me_dL.P.meL.F.V.dP}$PEPTIDE1,PEPTIDE1,1:R1-7:R2$$$",-6.38700000,ok,,flexible
"PEPTIDE1{Mono6.dP.Me_dL.L.dL.I.G}$PEPTIDE1,PEPTIDE1,1:R1-7:R2$$$",-6.12700000,ok,,flexible
"PEPTIDE1{Mono6.P.T.F.meL.G.dP}$PEPTIDE1,PEPTIDE1,1:R1-7:R2$$$",-6.67900000,ok,,flexible
"PEPTIDE1{Me_dA.Aib.Pr_Gly.A.F.T.V}$PEPTIDE1,PEPTIDE1,1:R1-7:R2$$$",-6.04200000,ok,,flexible
"PEPTIDE1{Me_dA.dV.F.P.Me_dL.P.I}$PEPTIDE1,PEPTIDE1,1:R1-7:R2$$$",-7.29600000,ok,,flexible
"PEPTIDE1{A.Me_dL.Y.meY.P.meL.G}$PEPTIDE1,PEPTIDE1,1:R1-7:R2$$$",-6.27800000,ok,,flexible
"PEPTIDE1{Me_Bal.D.Y.T.F.G.I}$PEPTIDE1,PEPTIDE1,1:R1-7:R2$$$",-6.03000000,ok,,flexible
"PEPTIDE1{Me_dA.T.dP.L.I.dL.P}$PEPTIDE1,PEPTIDE1,1:R1-7:R2$$$",-6.15700000,ok,,flexible
"PEPTIDE1{dF.dP.dP.P.Nle.Me_Phe(3-Cl).I}$PEPTIDE1,PEPTIDE1,1:R1-7:R2$$$",-6.53500000,ok,,flexible
"PEPTIDE1{meA.dPye.Me_dA.meL.dP.meY.P}$PEPTIDE1,PEPTIDE1,1:R1-7:R2$$$",-7.18300000,ok,,flexible
"PEPTIDE1{F.D.I.P.P.dP.dP}$PEPTIDE1,PEPTIDE1,1:R1-7:R2$$$",-6.98200000,ok,,flexible
"PEPTIDE1{Mono6.P.T.L.Sar.Me_dL.Mono84}$PEPTIDE1,PEPTIDE1,1:R1-7:R2$$$",-6.25400000,ok,,flexible
"PEPTIDE1{Mono6.pentyl_Gly.Mono86.T.dP.A.Mono2}$PEPTIDE1,PEPTIDE1,1:R1-7:R2$$$",-6.23600000,ok,,flexible
"PEPTIDE1{Me_dA.dA.A.Me_dL.Pr_Gly.T.L}$PEPTIDE1,PEPTIDE1,1:R1-7:R2$$$",-5.73300000,ok,,flexible
"PEPTIDE1{meA.P.meY.Me_Nle.T.meL.G}$PEPTIDE1,PEPTIDE1,1:R1-7:R2$$$",-6.01400000,ok,,flexible
"PEPTIDE1{dA.F.V.Me_Phe(3-Cl).meL.dP.G}$PEPTIDE1,PEPTIDE1,1:R1-7:R2$$$",-5.99200000,ok,,flexible
"PEPTIDE1{Me_Bal.A.dP.P.meA.L.F}$PEPTIDE1,PEPTIDE1,1:R1-7:R2$$$",-7.11700000,ok,,flexible
"PEPTIDE1{P.meA.dP.dP.F.P.Me_dL}$PEPTIDE1,PEPTIDE1,1:R1-7:R2$$$",-7.23900000,ok,,flexible
"PEPTIDE1{Mono6.A.T.P.Me_dL.dL.meL}$PEPTIDE1,PEPTIDE1,1:R1-7:R2$$$",-5.91100000,ok,,flexible
"PEPTIDE1{P.Pr_Gly.F.V.T.meL.A}$PEPTIDE1,PEPTIDE1,1:R1-7:R2$$$",-5.95100000,ok,,flexible
"PEPTIDE1{dA.Ser(tBu).P.meL.P.dP.I}$PEPTIDE1,PEPTIDE1,1:R1-7:R2$$$",-5.93100000,ok,,flexible
"PEPTIDE1{meA.A.dL.F.P.dP.T}$PEPTIDE1,PEPTIDE1,1:R1-7:R2$$$",-7.04200000,ok,,flexible
"PEPTIDE1{Me_Bal.I.F.G.P.meL.dP}$PEPTIDE1,PEPTIDE1,1:R1-7:R2$$$",-6.92600000,ok,,flexible
"PEPTIDE1{A.F.Me_dL.Y.T.dP.G}$PEPTIDE1,PEPTIDE1,1:R1-7:R2$$$",-6.80900000,ok,,flexible
"PEPTIDE1{Mono6.Me_dA.meY.T.Me_dL.P.T}$PEPTIDE1,PEPTIDE1,1:R1-7:R2$$$",-6.02400000,ok,,flexible
"PEPTIDE1{Sar.A.Me_dL.F.I.dP.T}$PEPTIDE1,PEPTIDE1,1:R1-7:R2$$$",-6.19200000,ok,,flexible
"PEPTIDE1{P.A.dL.P.meL.Y.F}$PEPTIDE1,PEPTIDE1,1:R1-7:R2$$$",-5.82000000,ok,,flexible
"PEPTIDE1{F.P.Et_Gly.I.L.G.Nle}$PEPTIDE1,PEPTIDE1,1:R1-7:R2$$$",-5.90500000,ok,,flexible
"PEPTIDE1{dF.Mono38.T.Mono86.F.dP.L}$PEPTIDE1,PEPTIDE1,1:R1-7:R2$$$",-6.65600000,ok,,flexible
"PEPTIDE1{dA.Me_dL.Me_dA.dP.P.F.P}$PEPTIDE1,PEPTIDE1,1:R1-7:R2$$$",-6.28200000,ok,,flexible
"PEPTIDE1{meA.Pr_Gly.P.meL.Me_dL.I.F}$PEPTIDE1,PEPTIDE1,1:R1-7:R2$$$",-5.72800000,ok,,flexible
"PEPTIDE1{L.F.P.T.meL.dP.Y}$PEPTIDE1,PEPTIDE1,1:R1-7:R2$$$",-7.51400000,ok,,flexible
"PEPTIDE1{dP.meA.G.P.dL.F.meL}$PEPTIDE1,PEPTIDE1,1:R1-7:R2$$$",-6.67700000,ok,,flexible
"PEPTIDE1{Sar.meA.G.F.I.G.meL}$PEPTIDE1,PEPTIDE1,1:R1-7:R2$$$",-6.44400000,ok,,flexible
"PEPTIDE1{Pr_Gly.Me_dL.T.dP.F.meL.P}$PEPTIDE1,PEPTIDE1,1:R1-7:R2$$$",-6.21900000,ok,,flexible
"PEPTIDE1{dV.meS.T.F.V.D.Me_Phe(3-Cl)}$PEPTIDE1,PEPTIDE1,1:R1-7:R2$$$",-6.62100000,ok,,flexible
"PEPTIDE1{Pr_Gly.P.Me_Nle.meA.L.F.meL}$PEPTIDE1,PEPTIDE1,1:R1-7:R2$$$",-5.30800000,ok,,flexible
"PEPTIDE1{F.P.L.dP.V.T.meL}$PEPTIDE1,PEPTIDE1,1:R1-7:R2$$$",-5.78500000,ok,,flexible
"PEPTIDE1{Me_dA.dL.P.meL.dP.dP.G}$PEPTIDE1,PEPTIDE1,1:R1-7:R2$$$",-7.32300000,ok,,flexible
"PEPTIDE1{dF.T.Mono86.I.meL.dL.P}$PEPTIDE1,PEPTIDE1,1:R1-7:R2$$$",-5.79500000,ok,,flexible
"PEPTIDE1{dA.cHexCH2_Gly.Sar.meL.Me_dL.P.L}$PEPTIDE1,PEPTIDE1,1:R1-7:R2$$$",-5.68800000,ok,,flexible
"PEPTIDE1{Mono6.L.pentyl_Gly.T.I.cHexCH2_Gly.P}$PEPTIDE1,PEPTIDE1,1:R1-7:R2$$$",-5.64700000,ok,,flexible
"PEPTIDE1{Sar.T.meL.F.V.P.I}$PEPTIDE1,PEPTIDE1,1:R1-7:R2$$$",-5.72700000,ok,,flexible
"PEPTIDE1{meA.P.P.Me_dL.I.dP.F}$PEPTIDE1,PEPTIDE1,1:R1-7:R2$$$",-6.51800000,ok,,flexible
"PEPTIDE1{Mono6.meL.P.I.Y.P.G}$PEPTIDE1,PEPTIDE1,1:R1-7:R2$$$",-6.97900000,ok,,flexible
"PEPTIDE1{meA.dP.P.T.P.I.F}$PEPTIDE1,PEPTIDE1,1:R1-7:R2$$$",-6.60600000,ok,,flexible
"PEPTIDE1{Mono6.P.dP.Me_Phe(3-Cl).G.meL.P}$PEPTIDE1,PEPTIDE1,1:R1-7:R2$$$",-6.42800000,ok,,flexible
"PEPTIDE1{A.Me_dA.meA.meL.Me_dL.P.V}$PEPTIDE1,PEPTIDE1,1:R1-7:R2$$$",-6.01300000,ok,,flexible
"PEPTIDE1{Sar.P.T.F.Mono86.T.Mono84}$PEPTIDE1,PEPTIDE1,1:R1-7:R2$$$",-7.08100000,ok,,flexible
"PEPTIDE1{Me_dA.Pr_Gly.P.F.dF.I.A}$PEPTIDE1,PEPTIDE1,1:R1-7:R2$$$",-6.64700000,ok,,flexible
"PEPTIDE1{Me_dA.G.Y.T.I.F.dY}$PEPTIDE1,PEPTIDE1,1:R1-7:R2$$$",-7.76900000,ok,,flexible
"PEPTIDE1{Me_Bal.dP.dP.F.Me_dL.G.P}$PEPTIDE1,PEPTIDE1,1:R1-7:R2$$$",-7.31400000,ok,,flexible
"PEPTIDE1{dA.dP.T.I.V.A.G}$PEPTIDE1,PEPTIDE1,1:R1-7:R2$$$",-6.43500000,ok,,flexible
"PEPTIDE1{Mono6.meL.P.P.F.Nle.T}$PEPTIDE1,PEPTIDE1,1:R1-7:R2$$$",-6.35700000,ok,,flexible
"PEPTIDE1{meA.L.F.T.I.T.P}$PEPTIDE1,PEPTIDE1,1:R1-7:R2$$$",-6.68200000,ok,,flexible
"PEPTIDE1{meA.G.F.A.meF.meL.V}$PEPTIDE1,PEPTIDE1,1:R1-7:R2$$$",-6.35700000,ok,,flexible
"PEPTIDE1{dV.D.F.T.dP.L.G}$PEPTIDE1,PEPTIDE1,1:R1-7:R2$$$",-6.15000000,ok,,flexible
"PEPTIDE1{A.meA.Pr_Gly.F.dF.P.Me_dL}$PEPTIDE1,PEPTIDE1,1:R1-7:R2$$$",-6.49100000,ok,,flexible
"PEPTIDE1{meA.L.dF.T.V.Me_dL.dP}$PEPTIDE1,PEPTIDE1,1:R1-7:R2$$$",-5.51000000,ok,,flexible
"PEPTIDE1{P.meA.meL.Pr_Gly.Mono6.meY.Me_dL}$PEPTIDE1,PEPTIDE1,1:R1-7:R2$$$",-6.02800000,ok,,flexible
"PEPTIDE1{dA.Me_dA.meV.L.T.dP.I}$PEPTIDE1,PEPTIDE1,1:R1-7:R2$$$",-6.87300000,ok,,flexible
"PEPTIDE1{Mono6.A.V.F.T.L.P}$PEPTIDE1,PEPTIDE1,1:R1-7:R2$$$",-6.24200000,ok,,flexible
"PEPTIDE1{dF.cHexCH2_Gly.P.L.meL.I.P}$PEPTIDE1,PEPTIDE1,1:R1-7:R2$$$",-6.24500000,ok,,flexible
"PEPTIDE1{dA.dP.pentyl_Gly.meL.P.iBu_Gly.dP}$PEPTIDE1,PEPTIDE1,1:R1-7:R2$$$",-5.75800000,ok,,flexible
"PEPTIDE1{dF.L.Mono38.P.T.Ser(tBu).dP}$PEPTIDE1,PEPTIDE1,1:R1-7:R2$$$",-6.28800000,ok,,flexible
"PEPTIDE1{A.T.G.meL.D.I.dP}$PEPTIDE1,PEPTIDE1,1:R1-7:R2$$$",-5.57500000,ok,,flexible
"PEPTIDE1{Me_Bal.P.meL.T.G.Me_dL.P}$PEPTIDE1,PEPTIDE1,1:R1-7:R2$$$",-7.23800000,ok,,flexible
"PEPTIDE1{A.F.dP.I.P.P.dL}$PEPTIDE1,PEPTIDE1,1:R1-7:R2$$$",-6.79800000,ok,,flexible
"PEPTIDE1{dA.Me_dL.dP.dP.meY.T.Me_Phe(3-Cl)}$PEPTIDE1,PEPTIDE1,1:R1-7:R2$$$",-6.58400000,ok,,flexible
"PEPTIDE1{dF.pentyl_Gly.Me_Nle.T.L.dL.Mono84}$PEPTIDE1,PEPTIDE1,1:R1-7:R2$$$",-5.17600000,ok,,flexible
"PEPTIDE1{meA.P.G.dP.V.T.G}$PEPTIDE1,PEPTIDE1,1:R1-7:R2$$$",-6.93900000,ok,,flexible
"PEPTIDE1{Me_Bal.Pr_Gly.Me_dA.Pr_Gly.meL.V.Me_dL}$PEPTIDE1,PEPTIDE1,1:R1-7:R2$$$",-5.52100000,ok,,flexible
"PEPTIDE1{meA.P.D.F.T.dP.P}$PEPTIDE1,PEPTIDE1,1:R1-7:R2$$$",-7.13700000,ok,,flexible
"PEPTIDE1{Me_dA.dP.T.I.P.meL.T}$PEPTIDE1,PEPTIDE1,1:R1-7:R2$$$",-6.27600000,ok,,flexible
"PEPTIDE1{dV.meF.meL.T.dP.Me_Phe(3-Cl).Phe(4-CF3)}$PEPTIDE1,PEPTIDE1,1:R1-7:R2$$$",-6.93700000,ok,,flexible
"PEPTIDE1{Me_dA.L.Asp_piperidide.P.P.T.dP}$PEPTIDE1,PEPTIDE1,1:R1-7:R2$$$",-6.68200000,ok,,flexible
"PEPTIDE1{Me_Bal.I.T.Nle.Me_Phe(3-Cl).P.L}$PEPTIDE1,PEPTIDE1,1:R1-7:R2$$$",-5.70800000,ok,,flexible
"PEPTIDE1{meA.T.A.dL.dP.F.L}$PEPTIDE1,PEPTIDE1,1:R1-7:R2$$$",-6.23800000,ok,,flexible
"PEPTIDE1{Pr_Gly.I.P.F.meL.Me_Phe(3-Cl).A}$PEPTIDE1,PEPTIDE1,1:R1-7:R2$$$",-6.60800000,ok,,flexible
"PEPTIDE1{meA.pentyl_Gly.Sar.T.P.dP.meL}$PEPTIDE1,PEPTIDE1,1:R1-7:R2$$$",-5.74400000,ok,,flexible
"PEPTIDE1{dV.L.P.F.meL.I.F}$PEPTIDE1,PEPTIDE1,1:R1-7:R2$$$",-5.93800000,ok,,flexible
"PEPTIDE1{P.G.L.F.Me_Phe(3-Cl).I.T}$PEPTIDE1,PEPTIDE1,1:R1-7:R2$$$",-6.59800000,ok,,flexible
"PEPTIDE1{dA.D.T.dP.meL.F.Me_Phe(3-Cl)}$PEPTIDE1,PEPTIDE1,1:R1-7:R2$$$",-6.50200000,ok,,flexible
"PEPTIDE1{L.P.P.Phe(4-CF3).I.G.T}$PEPTIDE1,PEPTIDE1,1:R1-7:R2$$$",-5.87700000,ok,,flexible
"PEPTIDE1{Mono6.Ser(tBu).Me_dL.dP.I.F.P}$PEPTIDE1,PEPTIDE1,1:R1-7:R2$$$",-6.00000000,ok,,flexible
"PEPTIDE1{meA.dP.T.F.P.dP.Y}$PEPTIDE1,PEPTIDE1,1:R1-7:R2$$$",-6.99200000,ok,,flexible
"PEPTIDE1{A.meA.dP.meY.P.T.G}$PEPTIDE1,PEPTIDE1,1:R1-7:R2$$$",-6.89300000,ok,,flexible
"PEPTIDE1{A.F.I.dP.Me_dL.T.Y}$PEPTIDE1,PEPTIDE1,1:R1-7:R2$$$",-6.49300000,ok,,flexible
"PEPTIDE1{Me_dA.Me_dL.Pr_Gly.dP.dA.F.dF}$PEPTIDE1,PEPTIDE1,1:R1-7:R2$$$",-6.02700000,ok,,flexible
"PEPTIDE1{Me_Bal.dP.Pr_Gly.T.P.T.I}$PEPTIDE1,PEPTIDE1,1:R1-7:R2$$$",-5.90200000,ok,,flexible
"PEPTIDE1{Pr_Gly.meL.Me_dL.P.Y.dP.P}$PEPTIDE1,PEPTIDE1,1:R1-7:R2$$$",-6.16200000,ok,,flexible
"PEPTIDE1{Mono6.dP.Et_Gly.F.meL.dP.Me_Phe(3-Cl)}$PEPTIDE1,PEPTIDE1,1:R1-7:R2$$$",-6.35800000,ok,,flexible
"PEPTIDE1{dA.F.meL.P.G.L.dP}$PEPTIDE1,PEPTIDE1,1:R1-7:R2$$$",-6.23100000,ok,,flexible
"PEPTIDE1{Mono6.dP.P.T.V.T.dP}$PEPTIDE1,PEPTIDE1,1:R1-7:R2$$$",-6.77900000,ok,,flexible
"PEPTIDE1{Me_Bal.P.I.meF.P.Me_Phe(3-Cl).dP}$PEPTIDE1,PEPTIDE1,1:R1-7:R2$$$",-6.77600000,ok,,flexible
"PEPTIDE1{Me_dA.D.dL.Me_dL.L.P.P}$PEPTIDE1,PEPTIDE1,1:R1-7:R2$$$",-5.73200000,ok,,flexible
"PEPTIDE1{Me_Bal.dL.T.Et_Gly.P.Me_Phe(3-Cl).meL}$PEPTIDE1,PEPTIDE1,1:R1-7:R2$$$",-5.54900000,ok,,flexible
"PEPTIDE1{dV.T.P.G.F.Y.dP}$PEPTIDE1,PEPTIDE1,1:R1-7:R2$$$",-7.79300000,ok,,flexible
"PEPTIDE1{Me_dA.I.meL.A.meF.I.dP}$PEPTIDE1,PEPTIDE1,1:R1-7:R2$$$",-6.46300000,ok,,flexible
"PEPTIDE1{Sar.A.meF.meA.Me_dL.dP.V}$PEPTIDE1,PEPTIDE1,1:R1-7:R2$$$",-6.79300000,ok,,flexible
"PEPTIDE1{P.meA.meY.Y.F.dP.Asp_piperidide}$PEPTIDE1,PEPTIDE1,1:R1-7:R2$$$",-6.77800000,ok,,flexible
"PEPTIDE1{P.G.meA.meL.Me_dL.F.T}$PEPTIDE1,PEPTIDE1,1:R1-7:R2$$$",-6.64600000,ok,,flexible
"PEPTIDE1{Me_Bal.L.L.Mono84.Me_Phe(3-Cl).I.P}$PEPTIDE1,PEPTIDE1,1:R1-7:R2$$$",-6.47600000,ok,,flexible
"PEPTIDE1{dV.dP.D.meL.P.F.P}$PEPTIDE1,PEPTIDE1,1:R1-7:R2$$$",-6.56100000,ok,,flexible
"PEPTIDE1{Me_Bal.P.F.G.P.I.D}$PEPTIDE1,PEPTIDE1,1:R1-7:R2$$$",-7.39400000,ok,,flexible
"PEPTIDE1{dP.A.Hyp(Et).Me_dL.T.meL.P}$PEPTIDE1,PEPTIDE1,1:R1-7:R2$$$",-6.36200000,ok,,flexible
"PEPTIDE1{P.F.Ser(tBu).A.dL.G.P}$PEPTIDE1,PEPTIDE1,1:R1-7:R2$$$",-6.37700000,ok,,flexible
"PEPTIDE1{dF.Me_dL.meL.Mono6.Me_dA.T.meY}$PEPTIDE1,PEPTIDE1,1:R1-7:R2$$$",-6.30800000,ok,,flexible
"PEPTIDE1{Me_dA.meY.meY.meL.dP.dP.P}$PEPTIDE1,PEPTIDE1,1:R1-7:R2$$$",-7.11900000,ok,,flexible
"PEPTIDE1{dP.dA.Me_dA.Ser(tBu).A.meL.P}$PEPTIDE1,PEPTIDE1,1:R1-7:R2$$$",-6.44200000,ok,,flexible
"PEPTIDE1{A.meL.pentyl_Gly.dP.Mono84.D.dP}$PEPTIDE1,PEPTIDE1,1:R1-7:R2$$$",-5.75600000,ok,,flexible
"PEPTIDE1{P.A.Me_Phe(3-Cl).Et_Gly.F.dP.T}$PEPTIDE1,PEPTIDE1,1:R1-7:R2$$$",-6.97700000,ok,,flexible
"PEPTIDE1{Me_dA.dPye.I.F.T.dP.meL}$PEPTIDE1,PEPTIDE1,1:R1-7:R2$$$",-6.10100000,ok,,flexible
"PEPTIDE1{Me_dA.A.V.T.F.I.Me_dL}$PEPTIDE1,PEPTIDE1,1:R1-7:R2$$$",-5.62100000,ok,,flexible
"PEPTIDE1{Me_Bal.meL.A.L.P.I.V}$PEPTIDE1,PEPTIDE1,1:R1-7:R2$$$",-6.51200000,ok,,flexible
"PEPTIDE1{Me_dA.Pr_Gly.F.L.meL.T.G}$PEPTIDE1,PEPTIDE1,1:R1-7:R2$$$",-5.49800000,ok,,flexible
"PEPTIDE1{Me_Bal.T.P.Ser(tBu).meL.P.dL}$PEPTIDE1,PEPTIDE1,1:R1-7:R2$$$",-6.12600000,ok,,flexible
"PEPTIDE1{Mono6.dP.V.Me_dL.D.P.G}$PEPTIDE1,PEPTIDE1,1:R1-7:R2$$$",-6.61800000,ok,,flexible
"PEPTIDE1{meA.Me_dA.cHexCH2_Gly.A.dL.L.Mono86}$PEPTIDE1,PEPTIDE1,1:R1-7:R2$$$",-6.46800000,ok,,flexible
"PEPTIDE1{Mono6.F.V.P.L.T.meL}$PEPTIDE1,PEPTIDE1,1:R1-7:R2$$$",-6.08700000,ok,,flexible
"PEPTIDE1{A.meL.F.P.I.G.Y}$PEPTIDE1,PEPTIDE1,1:R1-7:R2$$$",-6.75300000,ok,,flexible
"PEPTIDE1{dA.meA.meL.P.L.T.dF}$PEPTIDE1,PEPTIDE1,1:R1-7:R2$$$",-6.14400000,ok,,flexible
"PEPTIDE1{A.dP.T.F.G.meL.D}$PEPTIDE1,PEPTIDE1,1:R1-7:R2$$$",-6.23100000,ok,,flexible
"PEPTIDE1{Mono6.meL.D.dP.P.T.dP}$PEPTIDE1,PEPTIDE1,1:R1-7:R2$$$",-6.73800000,ok,,flexible
"PEPTIDE1{P.pentyl_Gly.T.dP.Nle.Et_Gly.I}$PEPTIDE1,PEPTIDE1,1:R1-7:R2$$$",-5.52100000,ok,,flexible
"PEPTIDE1{Me_Bal.meA.Me_dA.Ser(tBu).L.P.dP}$PEPTIDE1,PEPTIDE1,1:R1-7:R2$$$",-6.41300000,ok,,flexible
"PEPTIDE1{L.D.F.V.T.F.dP}$PEPTIDE1,PEPTIDE1,1:R1-7:R2$$$",-5.89600000,ok,,flexible
"PEPTIDE1{Mono6.meY.P.P.G.T.dP}$PEPTIDE1,PEPTIDE1,1:R1-7:R2$$$",-6.99400000,ok,,flexible
"PEPTIDE1{A.F.dP.G.Me_Phe(3-Cl).P.I}$PEPTIDE1,PEPTIDE1,1:R1-7:R2$$$",-6.92900000,ok,,flexible
"PEPTIDE1{Me_Bal.T.F.A.meA.meL.V}$PEPTIDE1,PEPTIDE1,1:R1-7:R2$$$",-6.04500000,ok,,flexible
"PEPTIDE1{F.Mono86.L.meF.G.dP.Me_dL}$PEPTIDE1,PEPTIDE1,1:R1-7:R2$$$",-5.58400000,ok,,flexible
"PEPTIDE1{A.T.V.meL.dP.I.F}$PEPTIDE1,PEPTIDE1,1:R1-7:R2$$$",-5.82700000,ok,,flexible
"PEPTIDE1{A.T.dP.V.meL.L.F}$PEPTIDE1,PEPTIDE1,1:R1-7:R2$$$",-5.90700000,ok,,flexible
"PEPTIDE1{Me_dA.L.P.D.V.dP.I}$PEPTIDE1,PEPTIDE1,1:R1-7:R2$$$",-6.30800000,ok,,flexible
"PEPTIDE1{Mono6.T.dP.meY.P.pentyl_Gly.F}$PEPTIDE1,PEPTIDE1,1:R1-7:R2$$$",-6.22800000,ok,,flexible
"PEPTIDE1{meL.Mono7.P.T.P.Me_Phe(3-Cl).dP}$PEPTIDE1,PEPTIDE1,1:R1-7:R2$$$",-6.90900000,ok,,flexible
"PEPTIDE1{Me_dA.I.P.Mono84.Ser(tBu).dP.meF}$PEPTIDE1,PEPTIDE1,1:R1-7:R2$$$",-6.45200000,ok,,flexible
"PEPTIDE1{Me_dA.meL.D.dP.F.T.V}$PEPTIDE1,PEPTIDE1,1:R1-7:R2$$$",-6.79800000,ok,,flexible
"PEPTIDE1{dF.Et_Gly.I.meL.P.dP.T}$PEPTIDE1,PEPTIDE1,1:R1-7:R2$$$",-5.30500000,ok,,flexible
"PEPTIDE1{Pr_Gly.meY.meL.P.P.Y.dP}$PEPTIDE1,PEPTIDE1,1:R1-7:R2$$$",-6.40700000,ok,,flexible
"PEPTIDE1{F.Me_Nle.cHexCH2_Gly.meL.L.pentyl_Gly.T}$PEPTIDE1,PEPTIDE1,1:R1-7:R2$$$",-4.92700000,ok,,flexible
"PEPTIDE1{Mono6.P.dL.T.dP.I.Me_dL}$PEPTIDE1,PEPTIDE1,1:R1-7:R2$$$",-6.65300000,ok,,flexible
"PEPTIDE1{F.dP.T.P.P.meL.Asp_piperidide}$PEPTIDE1,PEPTIDE1,1:R1-7:R2$$$",-7.06600000,ok,,flexible
"PEPTIDE1{Me_Bal.dP.T.G.F.G.I}$PEPTIDE1,PEPTIDE1,1:R1-7:R2$$$",-6.67100000,ok,,flexible
"PEPTIDE1{Me_dA.P.L.I.F.P.I}$PEPTIDE1,PEPTIDE1,1:R1-7:R2$$$",-6.68100000,ok,,flexible
"PEPTIDE1{Pr_Gly.Asp_piperidide.dP.T.P.dP.P}$PEPTIDE1,PEPTIDE1,1:R1-7:R2$$$",-6.27000000,ok,,flexible
"PEPTIDE1{A.meL.meF.cHexCH2_Gly.T.I.L}$PEPTIDE1,PEPTIDE1,1:R1-7:R2$$$",-5.62000000,ok,,flexible
"PEPTIDE1{dF.I.P.Me_dL.L.dP.F}$PEPTIDE1,PEPTIDE1,1:R1-7:R2$$$",-5.97100000,ok,,flexible
"PEPTIDE1{meA.I.Mono38.F.Mono84.L.T}$PEPTIDE1,PEPTIDE1,1:R1-7:R2$$$",-6.14200000,ok,,flexible
"PEPTIDE1{dA.dPye.A.Me_dL.meY.Asp_piperidide.dP}$PEPTIDE1,PEPTIDE1,1:R1-7:R2$$$",-6.34100000,ok,,flexible
"PEPTIDE1{F.T.meL.Asp_piperidide.dP.I.dP}$PEPTIDE1,PEPTIDE1,1:R1-7:R2$$$",-6.10200000,ok,,flexible
"PEPTIDE1{dA.P.P.Pr_Gly.meL.meF.meY}$PEPTIDE1,PEPTIDE1,1:R1-7:R2$$$",-6.55900000,ok,,flexible
"PEPTIDE1{dP.meA.Me_dA.Me_dL.dL.F.Me_dL}$PEPTIDE1,PEPTIDE1,1:R1-7:R2$$$",-6.57400000,ok,,flexible
"PEPTIDE1{A.T.dP.G.I.F.V}$PEPTIDE1,PEPTIDE1,1:R1-7:R2$$$",-6.18900000,ok,,flexible
"PEPTIDE1{meA.P.F.Phe(4-CF3).dP.Y.P}$PEPTIDE1,PEPTIDE1,1:R1-7:R2$$$",-7.30800000,ok,,flexible
"PEPTIDE1{dF.cHexCH2_Gly.A.F.I.L.Mono86}$PEPTIDE1,PEPTIDE1,1:R1-7:R2$$$",-7.10600000,ok,,flexible
"PEPTIDE1{Me_Bal.Pr_Gly.dA.Me_dL.A.meA.dP}$PEPTIDE1,PEPTIDE1,1:R1-7:R2$$$",-5.76800000,ok,,flexible
"PEPTIDE1{dV.dF.P.meL.F.P.dP}$PEPTIDE1,PEPTIDE1,1:R1-7:R2$$$",-6.73300000,ok,,flexible
"PEPTIDE1{Me_dA.P.P.I.meL.Me_dL.T}$PEPTIDE1,PEPTIDE1,1:R1-7:R2$$$",-5.96300000,ok,,flexible
"PEPTIDE1{dV.I.meL.T.dP.G.Me_Phe(3-Cl)}$PEPTIDE1,PEPTIDE1,1:R1-7:R2$$$",-6.98000000,ok,,flexible
"PEPTIDE1{meL.Ser(tBu).F.P.I.T.P}$PEPTIDE1,PEPTIDE1,1:R1-7:R2$$$",-5.92900000,ok,,flexible
"PEPTIDE1{dA.meL.D.T.G.G.I}$PEPTIDE1,PEPTIDE1,1:R1-7:R2$$$",-6.38100000,ok,,flexible
"PEPTIDE1{Me_Bal.P.Me_dA.Nle.G.Me_Phe(3-Cl).3Pal}$PEPTIDE1,PEPTIDE1,1:R1-7:R2$$$",-6.74300000,ok,,flexible
"PEPTIDE1{Me_dA.dV.dP.meL.T.I.L}$PEPTIDE1,PEPTIDE1,1:R1-7:R2$$$",-5.65200000,ok,,flexible
"PEPTIDE1{dF.cHexCH2_Gly.Mono86.T.A.meL.I}$PEPTIDE1,PEPTIDE1,1:R1-7:R2$$$",-5.93100000,ok,,flexible
"PEPTIDE1{dA.meL.G.V.dP.I.D}$PEPTIDE1,PEPTIDE1,1:R1-7:R2$$$",-6.39800000,ok,,flexible
"PEPTIDE1{dA.T.meA.A.G.Me_dL.V}$PEPTIDE1,PEPTIDE1,1:R1-7:R2$$$",-6.52300000,ok,,flexible
"PEPTIDE1{Mono6.dP.meL.L.F.Me_dL.P}$PEPTIDE1,PEPTIDE1,1:R1-7:R2$$$",-6.32500000,ok,,flexible
"PEPTIDE1{Me_dA.T.dP.P.V.L.meL}$PEPTIDE1,PEPTIDE1,1:R1-7:R2$$$",-5.58600000,ok,,flexible
"PEPTIDE1{meA.F.G.T.D.G.dP}$PEPTIDE1,PEPTIDE1,1:R1-7:R2$$$",-6.52400000,ok,,flexible
"PEPTIDE1{Me_dA.L.I.dP.dL.P.P}$PEPTIDE1,PEPTIDE1,1:R1-7:R2$$$",-6.26900000,ok,,flexible
"PEPTIDE1{L.A.T.Ser(tBu).meL.F.dL}$PEPTIDE1,PEPTIDE1,1:R1-7:R2$$$",-5.47200000,ok,,flexible
"PEPTIDE1{meA.F.V.L.P.P.meL}$PEPTIDE1,PEPTIDE1,1:R1-7:R2$$$",-6.47400000,ok,,flexible
"PEPTIDE1{Me_dA.cHexCH2_Gly.L.V.I.P.D}$PEPTIDE1,PEPTIDE1,1:R1-7:R2$$$",-5.43400000,ok,,flexible
"PEPTIDE1{dA.P.G.G.P.F.meL}$PEPTIDE1,PEPTIDE1,1:R1-7:R2$$$",-7.07500000,ok,,flexible
"PEPTIDE1{P.Me_dL.3Pal.T.G.Ser(tBu).F}$PEPTIDE1,PEPTIDE1,1:R1-7:R2$$$",-5.41700000,ok,,flexible
"PEPTIDE1{meA.meS.Ala(5-Tet).meL.V.dP.P}$PEPTIDE1,PEPTIDE1,1:R1-7:R2$$$",-6.59200000,ok,,flexible
"PEPTIDE1{F.I.P.meL.dL.T.Mono2}$PEPTIDE1,PEPTIDE1,1:R1-7:R2$$$",-5.85900000,ok,,flexible
"PEPTIDE1{dA.Me_dA.dP.dP.G.P.Phe(4-CF3)}$PEPTIDE1,PEPTIDE1,1:R1-7:R2$$$",-7.32000000,ok,,flexible
"PEPTIDE1{A.meA.F.L.meL.Mono86.P}$PEPTIDE1,PEPTIDE1,1:R1-7:R2$$$",-6.47500000,ok,,flexible
"PEPTIDE1{F.P.L.I.Me_Phe(3-Cl).Nle.I}$PEPTIDE1,PEPTIDE1,1:R1-7:R2$$$",-5.36200000,ok,,flexible
"PEPTIDE1{dA.T.dP.V.meL.P.Me_Phe(3-Cl)}$PEPTIDE1,PEPTIDE1,1:R1-7:R2$$$",-6.37400000,ok,,flexible
"PEPTIDE1{A.Me_dL.I.meL.P.T.Me_Phe(3-Cl)}$PEPTIDE1,PEPTIDE1,1:R1-7:R2$$$",-5.87500000,ok,,flexible
"PEPTIDE1{dV.P.Me_Phe(3-Cl).V.Asp_piperidide.T.P}$PEPTIDE1,PEPTIDE1,1:R1-7:R2$$$",-6.84200000,ok,,flexible
"PEPTIDE1{dF.cHexCH2_Gly.Ser(tBu).P.meL.T.Nle}$PEPTIDE1,PEPTIDE1,1:R1-7:R2$$$",-5.31700000,ok,,flexible
"PEPTIDE1{Me_dA.Me_Phe(3-Cl).T.V.I.dP.F}$PEPTIDE1,PEPTIDE1,1:R1-7:R2$$$",-6.49500000,ok,,flexible
"PEPTIDE1{L.P.I.G.G.dP.D}$PEPTIDE1,PEPTIDE1,1:R1-7:R2$$$",-6.65700000,ok,,flexible
"PEPTIDE1{L.dP.I.P.P.dL.G}$PEPTIDE1,PEPTIDE1,1:R1-7:R2$$$",-6.25900000,ok,,flexible
"PEPTIDE1{Sar.P.meL.I.L.meF.Ser(tBu)}$PEPTIDE1,PEPTIDE1,1:R1-7:R2$$$",-5.74100000,ok,,flexible
"PEPTIDE1{dA.meY.meL.Y.G.dP.P}$PEPTIDE1,PEPTIDE1,1:R1-7:R2$$$",-6.51900000,ok,,flexible
"PEPTIDE1{F.G.dP.Mono78.dP.L.I}$PEPTIDE1,PEPTIDE1,1:R1-7:R2$$$",-6.46000000,ok,,flexible
"PEPTIDE1{Me_dA.I.L.L.D.P.T}$PEPTIDE1,PEPTIDE1,1:R1-7:R2$$$",-5.71700000,ok,,flexible
"PEPTIDE1{Me_Bal.G.Me_Phe(3-Cl).meL.D.P.G}$PEPTIDE1,PEPTIDE1,1:R1-7:R2$$$",-6.39700000,ok,,flexible
"PEPTIDE1{Me_dA.dP.F.Me_dL.meA.V.G}$PEPTIDE1,PEPTIDE1,1:R1-7:R2$$$",-6.29100000,ok,,flexible
"PEPTIDE1{dA.meL.L.I.Mono87.meA.T}$PEPTIDE1,PEPTIDE1,1:R1-7:R2$$$",-5.81000000,ok,,flexible
"PEPTIDE1{Me_Bal.Me_dL.P.meY.dP.T.G}$PEPTIDE1,PEPTIDE1,1:R1-7:R2$$$",-6.84500000,ok,,flexible
"PEPTIDE1{A.T.meA.L.Ser(tBu).dV.meL}$PEPTIDE1,PEPTIDE1,1:R1-7:R2$$$",-5.78100000,ok,,flexible
"PEPTIDE1{Mono6.P.T.meL.dP.Y.Me_Phe(3-Cl)}$PEPTIDE1,PEPTIDE1,1:R1-7:R2$$$",-6.70100000,ok,,flexible
"PEPTIDE1{dF.I.meL.P.G.D.F}$PEPTIDE1,PEPTIDE1,1:R1-7:R2$$$",-6.45100000,ok,,flexible
"PEPTIDE1{Me_dA.L.T.P.V.dP.F}$PEPTIDE1,PEPTIDE1,1:R1-7:R2$$$",-6.36400000,ok,,flexible
"PEPTIDE1{Mono6.T.Me_dL.meL.dP.V.P}$PEPTIDE1,PEPTIDE1,1:R1-7:R2$$$",-6.13400000,ok,,flexible
"PEPTIDE1{Mono6.Ser(tBu).T.F.meL.dP.G}$PEPTIDE1,PEPTIDE1,1:R1-7:R2$$$",-5.89600000,ok,,flexible
"PEPTIDE1{Me_dA.dP.Me_dL.V.L.A.P}$PEPTIDE1,PEPTIDE1,1:R1-7:R2$$$",-5.78700000,ok,,flexible
"PEPTIDE1{Me_Bal.Me_dA.Me_dL.meL.T.Asp_piperidide.Y}$PEPTIDE1,PEPTIDE1,1:R1-7:R2$$$",-6.04100000,ok,,flexible
"PEPTIDE1{Me_Bal.F.A.L.3Pal.I.T}$PEPTIDE1,PEPTIDE1,1:R1-7:R2$$$",-5.88200000,ok,,flexible
"PEPTIDE1{Me_Bal.Pr_Gly.Me_dA.dP.meY.Y.P}$PEPTIDE1,PEPTIDE1,1:R1-7:R2$$$",-7.20400000,ok,,flexible
"PEPTIDE1{meL.dP.I.Asp_piperidide.I.G.dP}$PEPTIDE1,PEPTIDE1,1:R1-7:R2$$$",-6.27100000,ok,,flexible
"PEPTIDE1{dA.A.dP.P.dF.V.Me_dL}$PEPTIDE1,PEPTIDE1,1:R1-7:R2$$$",-6.73000000,ok,,flexible
"PEPTIDE1{Pr_Gly.dP.dP.D.meL.Phe(4-CF3).F}$PEPTIDE1,PEPTIDE1,1:R1-7:R2$$$",-6.37300000,ok,,flexible
"PEPTIDE1{Mono6.meL.dP.Y.T.dP.Me_Phe(3-Cl)}$PEPTIDE1,PEPTIDE1,1:R1-7:R2$$$",-6.05700000,ok,,flexible
"PEPTIDE1{Sar.dP.P.Me_dL.I.T.F}$PEPTIDE1,PEPTIDE1,1:R1-7:R2$$$",-6.68500000,ok,,flexible
"PEPTIDE1{meA.Me_dL.dP.T.L.dL.T}$PEPTIDE1,PEPTIDE1,1:R1-7:R2$$$",-5.93300000,ok,,flexible
"PEPTIDE1{Mono6.Me_dA.T.meL.Me_dL.P.dP}$PEPTIDE1,PEPTIDE1,1:R1-7:R2$$$",-6.48400000,ok,,flexible
"PEPTIDE1{Pr_Gly.T.P.P.Asp_piperidide.dP.dP}$PEPTIDE1,PEPTIDE1,1:R1-7:R2$$$",-7.44300000,ok,,flexible
"PEPTIDE1{dF.Mono38.Mono84.F.P.P.T}$PEPTIDE1,PEPTIDE1,1:R1-7:R2$$$",-6.14300000,ok,,flexible
"PEPTIDE1{Me_dA.meL.P.dP.G.F.Me_Phe(3-Cl)}$PEPTIDE1,PEPTIDE1,1:R1-7:R2$$$",-7.25600000,ok,,flexible
"PEPTIDE1{dA.dP.G.meL.D.P.P}$PEPTIDE1,PEPTIDE1,1:R1-7:R2$$$",-6.71000000,ok,,flexible
"PEPTIDE1{F.Mono84.V.P.I.Me_Phe(3-Cl).dP}$PEPTIDE1,PEPTIDE1,1:R1-7:R2$$$",-7.14300000,ok,,flexible
"PEPTIDE1{Me_Bal.meA.Me_dA.dP.V.Me_dL.dL}$PEPTIDE1,PEPTIDE1,1:R1-7:R2$$$",-6.28400000,ok,,flexible
"PEPTIDE1{Mono6.P.I.meL.Me_dL.G.T}$PEPTIDE1,PEPTIDE1,1:R1-7:R2$$$",-5.89000000,ok,,flexible
"PEPTIDE1{Me_Bal.meA.L.P.meL.T.I}$PEPTIDE1,PEPTIDE1,1:R1-7:R2$$$",-6.24600000,ok,,flexible
"PEPTIDE1{Me_dA.I.F.dP.meL.Me_Phe(3-Cl).D}$PEPTIDE1,PEPTIDE1,1:R1-7:R2$$$",-5.54400000,ok,,flexible
"PEPTIDE1{Pr_Gly.meA.P.dP.Nle.Me_Nle.dP}$PEPTIDE1,PEPTIDE1,1:R1-7:R2$$$",-6.15000000,ok,,flexible
"PEPTIDE1{dA.meF.T.P.L.dP.F}$PEPTIDE1,PEPTIDE1,1:R1-7:R2$$$",-6.35000000,ok,,flexible
"PEPTIDE1{Me_dA.T.Ser(tBu).L.F.Me_dL.P}$PEPTIDE1,PEPTIDE1,1:R1-7:R2$$$",-6.06300000,ok,,flexible
"PEPTIDE1{dV.dA.A.meA.Pr_Gly.G.P}$PEPTIDE1,PEPTIDE1,1:R1-7:R2$$$",-6.51300000,ok,,flexible
"PEPTIDE1{meA.L.I.F.V.Sar.Me_dL}$PEPTIDE1,PEPTIDE1,1:R1-7:R2$$$",-6.01200000,ok,,flexible
"PEPTIDE1{Me_dA.meL.Pr_Gly.V.F.P.I}$PEPTIDE1,PEPTIDE1,1:R1-7:R2$$$",-5.73400000,ok,,flexible
"PEPTIDE1{meA.I.dP.Ser(tBu).L.A.meL}$PEPTIDE1,PEPTIDE1,1:R1-7:R2$$$",-5.49500000,ok,,flexible
"PEPTIDE1{Sar.P.dP.L.Me_dL.P.V}$PEPTIDE1,PEPTIDE1,1:R1-7:R2$$$",-6.90100000,ok,,flexible
"PEPTIDE1{Pr_Gly.A.I.dP.P.L.Ser(tBu)}$PEPTIDE1,PEPTIDE1,1:R1-7:R2$$$",-5.87900000,ok,,flexible
"PEPTIDE1{Mono6.dP.dP.T.P.P.Y}$PEPTIDE1,PEPTIDE1,1:R1-7:R2$$$",-7.45300000,ok,,flexible
"PEPTIDE1{dA.Me_dL.meV.meL.A.T.meA}$PEPTIDE1,PEPTIDE1,1:R1-7:R2$$$",-5.57200000,ok,,flexible
"PEPTIDE1{meA.P.I.meL.F.Me_Phe(3-Cl).F}$PEPTIDE1,PEPTIDE1,1:R1-7:R2$$$",-5.99500000,ok,,flexible
"PEPTIDE1{A.dP.L.T.meL.dL.P}$PEPTIDE1,PEPTIDE1,1:R1-7:R2$$$",-6.46400000,ok,,flexible
"PEPTIDE1{Pr_Gly.A.Mono38.Ser(tBu).I.dP.meL}$PEPTIDE1,PEPTIDE1,1:R1-7:R2$$$",-5.18800000,ok,,flexible
"PEPTIDE1{Me_Bal.V.T.meL.A.dP.F}$PEPTIDE1,PEPTIDE1,1:R1-7:R2$$$",-5.94500000,ok,,flexible
"PEPTIDE1{dA.Me_dL.T.dP.dP.F.P}$PEPTIDE1,PEPTIDE1,1:R1-7:R2$$$",-6.99800000,ok,,flexible
"PEPTIDE1{Me_Bal.Mono38.I.T.Me_Phe(3-Cl).dP.I}$PEPTIDE1,PEPTIDE1,1:R1-7:R2$$$",-5.98200000,ok,,flexible
"PEPTIDE1{P.G.Me_dL.meL.Me_dA.I.F}$PEPTIDE1,PEPTIDE1,1:R1-7:R2$$$",-5.72700000,ok,,flexible
"PEPTIDE1{Me_dA.meL.dP.F.dP.meY.P}$PEPTIDE1,PEPTIDE1,1:R1-7:R2$$$",-7.41600000,ok,,flexible
"PEPTIDE1{Me_dA.dP.F.G.D.P.T}$PEPTIDE1,PEPTIDE1,1:R1-7:R2$$$",-7.13300000,ok,,flexible
"PEPTIDE1{dV.meL.L.Me_Phe(3-Cl).F.dF.meA}$PEPTIDE1,PEPTIDE1,1:R1-7:R2$$$",-5.65500000,ok,,flexible
"PEPTIDE1{F.T.P.L.Ser(tBu).meA.meL}$PEPTIDE1,PEPTIDE1,1:R1-7:R2$$$",-5.74300000,ok,,flexible
"PEPTIDE1{dA.meL.V.T.Me_dA.Ser(tBu).dP}$PEPTIDE1,PEPTIDE1,1:R1-7:R2$$$",-5.86300000,ok,,flexible
"PEPTIDE1{dF.P.pentyl_Gly.I.L.T.meA}$PEPTIDE1,PEPTIDE1,1:R1-7:R2$$$",-6.17100000,ok,,flexible
"PEPTIDE1{Me_Bal.meY.dP.Asp_piperidide.T.Mono6.P}$PEPTIDE1,PEPTIDE1,1:R1-7:R2$$$",-6.52800000,ok,,flexible
"PEPTIDE1{meA.G.dP.T.dL.F.Me_dL}$PEPTIDE1,PEPTIDE1,1:R1-7:R2$$$",-6.62500000,ok,,flexible
"PEPTIDE1{Mono6.P.dP.T.P.F.Y}$PEPTIDE1,PEPTIDE1,1:R1-7:R2$$$",-7.07900000,ok,,flexible
"PEPTIDE1{Pr_Gly.Me_dL.P.meY.meL.dP.Y}$PEPTIDE1,PEPTIDE1,1:R1-7:R2$$$",-6.21200000,ok,,flexible
"PEPTIDE1{Me_Bal.Mono38.cHexCH2_Gly.P.T.meF.A}$PEPTIDE1,PEPTIDE1,1:R1-7:R2$$$",-5.81100000,ok,,flexible
"PEPTIDE1{Pr_Gly.Nle.Me_dA.Mono6.Asp_piperidide.P.P}$PEPTIDE1,PEPTIDE1,1:R1-7:R2$$$",-5.89600000,ok,,flexible
"PEPTIDE1{Me_Bal.Mono86.A.Ser(tBu).Mono84.T.Ser(tBu)}$PEPTIDE1,PEPTIDE1,1:R1-7:R2$$$",-6.77800000,ok,,flexible
"PEPTIDE1{dA.dV.T.dP.P.P.I}$PEPTIDE1,PEPTIDE1,1:R1-7:R2$$$",-6.29700000,ok,,flexible
"PEPTIDE1{F.P.Me_Nle.Me_dL.T.L.Ser(tBu)}$PEPTIDE1,PEPTIDE1,1:R1-7:R2$$$",-5.50700000,ok,,flexible
"PEPTIDE1{A.cHexCH2_Gly.P.I.G.meL.dP}$PEPTIDE1,PEPTIDE1,1:R1-7:R2$$$",-5.71800000,ok,,flexible
"PEPTIDE1{Mono6.meL.P.T.dP.L.Me_Phe(3-Cl)}$PEPTIDE1,PEPTIDE1,1:R1-7:R2$$$",-6.53000000,ok,,flexible
"PEPTIDE1{F.Me_dL.P.meY.dP.dP.Mono6}$PEPTIDE1,PEPTIDE1,1:R1-7:R2$$$",-7.05000000,ok,,flexible
"PEPTIDE1{dP.G.Me_dL.Y.I.T.F}$PEPTIDE1,PEPTIDE1,1:R1-7:R2$$$",-6.32400000,ok,,flexible
"PEPTIDE1{P.A.meA.Sar.Me_dL.F.I}$PEPTIDE1,PEPTIDE1,1:R1-7:R2$$$",-6.50800000,ok,,flexible
"PEPTIDE1{Me_dA.Ser(tBu).F.dP.Me_dL.P.P}$PEPTIDE1,PEPTIDE1,1:R1-7:R2$$$",-6.35500000,ok,,flexible
"PEPTIDE1{dP.Me_dA.Pr_Gly.F.meL.meA.V}$PEPTIDE1,PEPTIDE1,1:R1-7:R2$$$",-6.53400000,ok,,flexible
"PEPTIDE1{dP.A.meL.Me_dL.dF.Me_dL.F}$PEPTIDE1,PEPTIDE1,1:R1-7:R2$$$",-6.86600000,ok,,flexible
"PEPTIDE1{Me_Bal.L.dP.dL.I.Me_Phe(3-Cl).F}$PEPTIDE1,PEPTIDE1,1:R1-7:R2$$$",-5.93100000,ok,,flexible
"PEPTIDE1{Me_dA.meL.P.Mono6.P.L.F}$PEPTIDE1,PEPTIDE1,1:R1-7:R2$$$",-6.74100000,ok,,flexible
"PEPTIDE1{A.I.G.Me_Phe(3-Cl).Sar.P.T}$PEPTIDE1,PEPTIDE1,1:R1-7:R2$$$",-6.09900000,ok,,flexible
"PEPTIDE1{meA.P.A.Me_Phe(3-Cl).F.I.L}$PEPTIDE1,PEPTIDE1,1:R1-7:R2$$$",-6.15400000,ok,,flexible
"PEPTIDE1{dV.T.meF.dP.P.meL.T}$PEPTIDE1,PEPTIDE1,1:R1-7:R2$$$",-6.33400000,ok,,flexible
"PEPTIDE1{meA.meL.dL.P.dP.P.Me_dL}$PEPTIDE1,PEPTIDE1,1:R1-7:R2$$$",-6.81800000,ok,,flexible
"PEPTIDE1{Me_Bal.dL.Me_Phe(3-Cl).I.L.F.P}$PEPTIDE1,PEPTIDE1,1:R1-7:R2$$$",-7.81600000,ok,,flexible
"PEPTIDE1{Pr_Gly.Me_dA.Ala(5-Tet).D.T.dP.P}$PEPTIDE1,PEPTIDE1,1:R1-7:R2$$$",-6.16000000,ok,,flexible
"PEPTIDE1{L.P.G.I.F.D.T}$PEPTIDE1,PEPTIDE1,1:R1-7:R2$$$",-5.84800000,ok,,flexible
"PEPTIDE1{meA.T.T.meL.dP.I.P}$PEPTIDE1,PEPTIDE1,1:R1-7:R2$$$",-6.41200000,ok,,flexible
"PEPTIDE1{Me_dA.F.Sar.P.Me_Phe(3-Cl).I.D}$PEPTIDE1,PEPTIDE1,1:R1-7:R2$$$",-6.51500000,ok,,flexible
"PEPTIDE1{Me_dA.dP.meY.meL.G.dP.Y}$PEPTIDE1,PEPTIDE1,1:R1-7:R2$$$",-6.65400000,ok,,flexible
"PEPTIDE1{F.L.meL.meA.dP.Me_dL.P}$PEPTIDE1,PEPTIDE1,1:R1-7:R2$$$",-6.38600000,ok,,flexible
"PEPTIDE1{Pr_Gly.dP.meY.Me_dA.meL.Y.T}$PEPTIDE1,PEPTIDE1,1:R1-7:R2$$$",-5.67300000,ok,,flexible
"PEPTIDE1{dF.meY.T.P.P.dP.meL}$PEPTIDE1,PEPTIDE1,1:R1-7:R2$$$",-7.05900000,ok,,flexible
"PEPTIDE1{Sar.D.P.P.Me_dL.T.meL}$PEPTIDE1,PEPTIDE1,1:R1-7:R2$$$",-6.70800000,ok,,flexible
"PEPTIDE1{dF.dP.meL.F.P.T.L}$PEPTIDE1,PEPTIDE1,1:R1-7:R2$$$",-6.03700000,ok,,flexible
"PEPTIDE1{dF.L.dP.T.D.F.V}$PEPTIDE1,PEPTIDE1,1:R1-7:R2$$$",-6.34200000,ok,,flexible
"PEPTIDE1{dA.Y.T.dP.F.D.I}$PEPTIDE1,PEPTIDE1,1:R1-7:R2$$$",-6.37400000,ok,,flexible
"PEPTIDE1{F.P.meL.Y.dP.T.G}$PEPTIDE1,PEPTIDE1,1:R1-7:R2$$$",-7.06500000,ok,,flexible
"PEPTIDE1{meA.I.meL.F.V.dP.Me_dL}$PEPTIDE1,PEPTIDE1,1:R1-7:R2$$$",-5.82700000,ok,,flexible
"PEPTIDE1{Me_dA.meL.P.F.I.V.P}$PEPTIDE1,PEPTIDE1,1:R1-7:R2$$$",-6.66300000,ok,,flexible
"PEPTIDE1{F.T.Me_dL.Ser(tBu).meL.P.dL}$PEPTIDE1,PEPTIDE1,1:R1-7:R2$$$",-5.69600000,ok,,flexible
"PEPTIDE1{Me_dA.meL.Ser(tBu).T.meA.dL.I}$PEPTIDE1,PEPTIDE1,1:R1-7:R2$$$",-5.23900000,ok,,flexible
"PEPTIDE1{meA.Me_dA.P.dP.Me_dL.G.P}$PEPTIDE1,PEPTIDE1,1:R1-7:R2$$$",-6.92700000,ok,,flexible
"PEPTIDE1{Me_Bal.L.P.T.meL.meA.Me_dA}$PEPTIDE1,PEPTIDE1,1:R1-7:R2$$$",-5.87600000,ok,,flexible
"PEPTIDE1{Me_dA.meA.V.Me_dL.F.T.dP}$PEPTIDE1,PEPTIDE1,1:R1-7:R2$$$",-6.57800000,ok,,flexible
"PEPTIDE1{Me_Bal.G.I.dP.dV.T.L}$PEPTIDE1,PEPTIDE1,1:R1-7:R2$$$",-6.24000000,ok,,flexible
"PEPTIDE1{A.P.T.dP.F.dL.I}$PEPTIDE1,PEPTIDE1,1:R1-7:R2$$$",-6.35900000,ok,,flexible
"PEPTIDE1{dA.dP.Phe(4-CF3).I.G.V.meL}$PEPTIDE1,PEPTIDE1,1:R1-7:R2$$$",-7.27400000,ok,,flexible
"PEPTIDE1{P.meY.Mono6.dP.Me_dL.meL.Me_dA}$PEPTIDE1,PEPTIDE1,1:R1-7:R2$$$",-6.24300000,ok,,flexible
"PEPTIDE1{dV.Me_dL.P.T.meL.P.G}$PEPTIDE1,PEPTIDE1,1:R1-7:R2$$$",-5.99700000,ok,,flexible
"PEPTIDE1{Me_dA.meY.G.F.I.D.dP}$PEPTIDE1,PEPTIDE1,1:R1-7:R2$$$",-6.53900000,ok,,flexible
"PEPTIDE1{dV.P.Me_dL.F.T.A.I}$PEPTIDE1,PEPTIDE1,1:R1-7:R2$$$",-6.15700000,ok,,flexible
"PEPTIDE1{Mono6.meY.P.meA.P.dP.P}$PEPTIDE1,PEPTIDE1,1:R1-7:R2$$$",-7.63600000,ok,,flexible
"PEPTIDE1{Pr_Gly.P.meY.Me_dL.Y.dP.P}$PEPTIDE1,PEPTIDE1,1:R1-7:R2$$$",-6.95000000,ok,,flexible
"PEPTIDE1{A.Me_dAbu.F.P.T.meL.P}$PEPTIDE1,PEPTIDE1,1:R1-7:R2$$$",-6.22200000,ok,,flexible
"PEPTIDE1{dA.meL.dP.Me_Phe(3-Cl).I.Phe(4-CF3).P}$PEPTIDE1,PEPTIDE1,1:R1-7:R2$$$",-7.60700000,ok,,flexible
"PEPTIDE1{meA.dP.T.P.P.Me_Phe(3-Cl).G}$PEPTIDE1,PEPTIDE1,1:R1-7:R2$$$",-7.09000000,ok,,flexible
"PEPTIDE1{Me_dA.G.T.P.meF.dL.V}$PEPTIDE1,PEPTIDE1,1:R1-7:R2$$$",-6.10200000,ok,,flexible
"PEPTIDE1{F.T.dP.I.L.meL.P}$PEPTIDE1,PEPTIDE1,1:R1-7:R2$$$",-5.75000000,ok,,flexible
"PEPTIDE1{F.P.L.dP.Mono84.P.T}$PEPTIDE1,PEPTIDE1,1:R1-7:R2$$$",-6.72900000,ok,,flexible
"PEPTIDE1{dV.I.dP.V.T.F.P}$PEPTIDE1,PEPTIDE1,1:R1-7:R2$$$",-6.25200000,ok,,flexible
"PEPTIDE1{F.G.A.Pr_Gly.dA.Me_dL.P}$PEPTIDE1,PEPTIDE1,1:R1-7:R2$$$",-6.25600000,ok,,flexible
"PEPTIDE1{meA.pentyl_Gly.meL.G.Y.F.P}$PEPTIDE1,PEPTIDE1,1:R1-7:R2$$$",-6.28200000,ok,,flexible
"PEPTIDE1{dP.Me_dA.Pr_Gly.dL.dF.Me_dL.P}$PEPTIDE1,PEPTIDE1,1:R1-7:R2$$$",-5.98600000,ok,,flexible
"PEPTIDE1{A.P.V.meL.G.Y.dP}$PEPTIDE1,PEPTIDE1,1:R1-7:R2$$$",-7.07700000,ok,,flexible
"PEPTIDE1{Me_Bal.Me_dL.T.meL.G.P.P}$PEPTIDE1,PEPTIDE1,1:R1-7:R2$$$",-6.26100000,ok,,flexible
"PEPTIDE1{dA.T.I.F.G.meL.P}$PEPTIDE1,PEPTIDE1,1:R1-7:R2$$$",-6.67300000,ok,,flexible
"PEPTIDE1{meA.Sar.P.dA.A.Me_dL.Me_dA}$PEPTIDE1,PEPTIDE1,1:R1-7:R2$$$",-6.79900000,ok,,flexible
"PEPTIDE1{dA.P.meL.pentyl_Gly.dP.G.T}$PEPTIDE1,PEPTIDE1,1:R1-7:R2$$$",-5.47800000,ok,,flexible
"PEPTIDE1{dA.G.V.Me_dL.Ser(tBu).P.meA}$PEPTIDE1,PEPTIDE1,1:R1-7:R2$$$",-6.85600000,ok,,flexible
"PEPTIDE1{Me_Bal.Me_dA.P.P.I.F.meL}$PEPTIDE1,PEPTIDE1,1:R1-7:R2$$$",-6.64000000,ok,,flexible
"PEPTIDE1{dF.T.dP.Y.I.dY.Me_Phe(3-Cl)}$PEPTIDE1,PEPTIDE1,1:R1-7:R2$$$",-6.45000000,ok,,flexible
"PEPTIDE1{Me_dA.A.meL.Me_dL.dP.L.dL}$PEPTIDE1,PEPTIDE1,1:R1-7:R2$$$",-5.91700000,ok,,flexible
"PEPTIDE1{Me_Bal.Me_dA.dL.dF.Me_Phe(3-Cl).P.Me_dL}$PEPTIDE1,PEPTIDE1,1:R1-7:R2$$$",-7.50900000,ok,,flexible
"PEPTIDE1{meA.F.L.I.meL.P.dL}$PEPTIDE1,PEPTIDE1,1:R1-7:R2$$$",-6.12900000,ok,,flexible
"PEPTIDE1{Me_Bal.P.T.dP.meL.I.Me_dL}$PEPTIDE1,PEPTIDE1,1:R1-7:R2$$$",-5.98400000,ok,,flexible
"PEPTIDE1{Me_dA.T.F.Me_Nle.A.dP.I}$PEPTIDE1,PEPTIDE1,1:R1-7:R2$$$",-6.09400000,ok,,flexible
"PEPTIDE1{Mono6.P.P.dP.V.I.G}$PEPTIDE1,PEPTIDE1,1:R1-7:R2$$$",-7.50100000,ok,,flexible
"PEPTIDE1{meA.F.P.meL.V.Me_dL.dP}$PEPTIDE1,PEPTIDE1,1:R1-7:R2$$$",-6.33600000,ok,,flexible
"PEPTIDE1{P.F.T.Me_Phe(3-Cl).V.dP.Pr_Gly}$PEPTIDE1,PEPTIDE1,1:R1-7:R2$$$",-6.11100000,ok,,flexible
"PEPTIDE1{dA.P.V.meL.I.D.T}$PEPTIDE1,PEPTIDE1,1:R1-7:R2$$$",-5.88200000,ok,,flexible
"PEPTIDE1{A.meL.V.T.I.dP.P}$PEPTIDE1,PEPTIDE1,1:R1-7:R2$$$",-5.83200000,ok,,flexible
"PEPTIDE1{dV.D.I.V.meL.P.dP}$PEPTIDE1,PEPTIDE1,1:R1-7:R2$$$",-5.84500000,ok,,flexible
"PEPTIDE1{L.Y.P.dP.dP.D.P}$PEPTIDE1,PEPTIDE1,1:R1-7:R2$$$",-6.13600000,ok,,flexible
"PEPTIDE1{Mono6.P.T.dP.meL.I.F}$PEPTIDE1,PEPTIDE1,1:R1-7:R2$$$",-5.84900000,ok,,flexible
"PEPTIDE1{meA.meL.F.dP.T.dP.Phe(4-CF3)}$PEPTIDE1,PEPTIDE1,1:R1-7:R2$$$",-6.91000000,ok,,flexible
"PEPTIDE1{Me_Bal.dP.meL.dA.meF.T.Ser(tBu)}$PEPTIDE1,PEPTIDE1,1:R1-7:R2$$$",-6.49500000,ok,,flexible
"PEPTIDE1{Mono6.I.P.P.T.Et_Gly.Mono84}$PEPTIDE1,PEPTIDE1,1:R1-7:R2$$$",-6.45400000,ok,,flexible
"PEPTIDE1{dF.L.Et_Gly.meL.dP.P.P}$PEPTIDE1,PEPTIDE1,1:R1-7:R2$$$",-6.59500000,ok,,flexible
"PEPTIDE1{Me_Bal.F.P.meL.Me_Phe(3-Cl).G.D}$PEPTIDE1,PEPTIDE1,1:R1-7:R2$$$",-6.77200000,ok,,flexible
"PEPTIDE1{dP.meA.L.P.Me_dL.V.F}$PEPTIDE1,PEPTIDE1,1:R1-7:R2$$$",-6.57900000,ok,,flexible
"PEPTIDE1{Me_Bal.meF.T.V.P.Me_dL.meL}$PEPTIDE1,PEPTIDE1,1:R1-7:R2$$$",-5.34400000,ok,,flexible
"PEPTIDE1{Me_Bal.dP.Me_Phe(3-Cl).P.Et_Gly.P.meL}$PEPTIDE1,PEPTIDE1,1:R1-7:R2$$$",-6.79600000,ok,,flexible
"PEPTIDE1{dA.Me_dA.dP.F.meL.dP.T}$PEPTIDE1,PEPTIDE1,1:R1-7:R2$$$",-7.38900000,ok,,flexible
"PEPTIDE1{F.L.A.P.Nle.I.T}$PEPTIDE1,PEPTIDE1,1:R1-7:R2$$$",-5.76900000,ok,,flexible
"PEPTIDE1{F.L.D.Me_Phe(3-Cl).meL.I.G}$PEPTIDE1,PEPTIDE1,1:R1-7:R2$$$",-5.51400000,ok,,flexible
"PEPTIDE1{meA.L.F.dP.G.meL.P}$PEPTIDE1,PEPTIDE1,1:R1-7:R2$$$",-6.90400000,ok,,flexible
"PEPTIDE1{L.F.T.F.meL.G.dP}$PEPTIDE1,PEPTIDE1,1:R1-7:R2$$$",-7.13900000,ok,,flexible
"PEPTIDE1{Me_dA.P.G.T.Phe(4-CF3).T.dP}$PEPTIDE1,PEPTIDE1,1:R1-7:R2$$$",-7.11600000,ok,,flexible
"PEPTIDE1{Me_Bal.meL.T.G.P.F.dP}$PEPTIDE1,PEPTIDE1,1:R1-7:R2$$$",-6.82600000,ok,,flexible
"PEPTIDE1{Me_Bal.I.meL.dP.L.dL.Me_dL}$PEPTIDE1,PEPTIDE1,1:R1-7:R2$$$",-5.53800000,ok,,flexible
"PEPTIDE1{meA.A.meL.P.dP.dP.F}$PEPTIDE1,PEPTIDE1,1:R1-7:R2$$$",-7.75400000,ok,,flexible
"PEPTIDE1{Me_dA.meL.P.T.Mono100.P.P}$PEPTIDE1,PEPTIDE1,1:R1-7:R2$$$",-6.59800000,ok,,flexible
"PEPTIDE1{Me_dA.Me_dL.T.P.Mono100.D.dP}$PEPTIDE1,PEPTIDE1,1:R1-7:R2$$$",-5.81900000,ok,,flexible
"PEPTIDE1{Me_Bal.I.D.dP.Me_Phe(3-Cl).F.P}$PEPTIDE1,PEPTIDE1,1:R1-7:R2$$$",-6.21500000,ok,,flexible
"PEPTIDE1{A.P.T.meL.dP.P.meY}$PEPTIDE1,PEPTIDE1,1:R1-7:R2$$$",-6.45400000,ok,,flexible
"PEPTIDE1{Me_dA.T.meL.dP.Mono84.L.dL}$PEPTIDE1,PEPTIDE1,1:R1-7:R2$$$",-5.66700000,ok,,flexible
"PEPTIDE1{Pr_Gly.L.dP.P.meL.dP.Me_Phe(3-Cl)}$PEPTIDE1,PEPTIDE1,1:R1-7:R2$$$",-6.58000000,ok,,flexible
"PEPTIDE1{A.Me_dAbu.dP.T.F.meL.P}$PEPTIDE1,PEPTIDE1,1:R1-7:R2$$$",-6.32400000,ok,,flexible
"PEPTIDE1{P.Me_dA.dL.G.meF.dP.A}$PEPTIDE1,PEPTIDE1,1:R1-7:R2$$$",-7.03900000,ok,,flexible
"PEPTIDE1{Mono6.T.P.I.P.F.L}$PEPTIDE1,PEPTIDE1,1:R1-7:R2$$$",-6.37800000,ok,,flexible
"PEPTIDE1{L.G.meL.G.P.dP.F}$PEPTIDE1,PEPTIDE1,1:R1-7:R2$$$",-6.24100000,ok,,flexible
"PEPTIDE1{Mono6.P.T.dP.P.dP.G}$PEPTIDE1,PEPTIDE1,1:R1-7:R2$$$",-7.35500000,ok,,flexible
"PEPTIDE1{Me_dA.A.meL.Ser(tBu).T.G.L}$PEPTIDE1,PEPTIDE1,1:R1-7:R2$$$",-5.41800000,ok,,flexible
"PEPTIDE1{dA.meL.P.I.Y.T.G}$PEPTIDE1,PEPTIDE1,1:R1-7:R2$$$",-6.30500000,ok,,flexible
"PEPTIDE1{Me_Bal.D.P.meL.T.F.Me_Phe(3-Cl)}$PEPTIDE1,PEPTIDE1,1:R1-7:R2$$$",-5.90300000,ok,,flexible
"PEPTIDE1{Mono6.Pr_Gly.Ser(tBu).meL.P.I.L}$PEPTIDE1,PEPTIDE1,1:R1-7:R2$$$",-5.45600000,ok,,flexible
"PEPTIDE1{dF.A.dL.P.3Pal.Me_Phe(3-Cl).F}$PEPTIDE1,PEPTIDE1,1:R1-7:R2$$$",-6.29600000,ok,,flexible
"PEPTIDE1{dA.meL.Me_dL.P.P.F.meY}$PEPTIDE1,PEPTIDE1,1:R1-7:R2$$$",-6.02700000,ok,,flexible
"PEPTIDE1{Me_Bal.dP.P.dP.T.Me_dL.meL}$PEPTIDE1,PEPTIDE1,1:R1-7:R2$$$",-6.10300000,ok,,flexible
"PEPTIDE1{meA.P.G.I.A.meL.Me_dA}$PEPTIDE1,PEPTIDE1,1:R1-7:R2$$$",-6.51800000,ok,,flexible
"PEPTIDE1{meA.P.F.meL.L.A.dP}$PEPTIDE1,PEPTIDE1,1:R1-7:R2$$$",-6.50900000,ok,,flexible
"PEPTIDE1{dV.T.D.P.Asp_piperidide.meL.V}$PEPTIDE1,PEPTIDE1,1:R1-7:R2$$$",-5.88900000,ok,,flexible
"PEPTIDE1{dF.dP.Me_Nle.Y.P.P.T}$PEPTIDE1,PEPTIDE1,1:R1-7:R2$$$",-6.01800000,ok,,flexible
"PEPTIDE1{Me_dA.P.meL.meY.P.Y.Me_dL}$PEPTIDE1,PEPTIDE1,1:R1-7:R2$$$",-5.91500000,ok,,flexible
"PEPTIDE1{dP.T.L.I.dV.A.P}$PEPTIDE1,PEPTIDE1,1:R1-7:R2$$$",-5.84500000,ok,,flexible
"PEPTIDE1{Me_Bal.dP.meL.dP.Phe(4-CF3).P.Sar}$PEPTIDE1,PEPTIDE1,1:R1-7:R2$$$",-6.96100000,ok,,flexible
"PEPTIDE1{meA.P.T.P.dP.Asp_piperidide.G}$PEPTIDE1,PEPTIDE1,1:R1-7:R2$$$",-7.62900000,ok,,flexible
"PEPTIDE1{L.Hyp(Et).Asp_piperidide.dP.F.P.P}$PEPTIDE1,PEPTIDE1,1:R1-7:R2$$$",-5.98800000,ok,,flexible
"PEPTIDE1{meA.P.dL.dP.meY.meF.F}$PEPTIDE1,PEPTIDE1,1:R1-7:R2$$$",-6.74400000,ok,,flexible
"PEPTIDE1{Mono6.P.Me_dL.Ser(tBu).T.dL.meF}$PEPTIDE1,PEPTIDE1,1:R1-7:R2$$$",-5.85000000,ok,,flexible
"PEPTIDE1{Me_Bal.D.meL.G.I.L.F}$PEPTIDE1,PEPTIDE1,1:R1-7:R2$$$",-5.60300000,ok,,flexible
"PEPTIDE1{F.A.T.Me_Phe(3-Cl).meL.I.V}$PEPTIDE1,PEPTIDE1,1:R1-7:R2$$$",-5.76500000,ok,,flexible
"PEPTIDE1{meA.T.Mono86.P.Mono84.I.F}$PEPTIDE1,PEPTIDE1,1:R1-7:R2$$$",-5.88900000,ok,,flexible
"PEPTIDE1{Me_Bal.T.P.P.V.meL.G}$PEPTIDE1,PEPTIDE1,1:R1-7:R2$$$",-6.01600000,ok,,flexible
"PEPTIDE1{Me_dA.T.L.L.meA.I.F}$PEPTIDE1,PEPTIDE1,1:R1-7:R2$$$",-5.94700000,ok,,flexible
"PEPTIDE1{F.L.pentyl_Gly.Mono86.meL.3Pal.dP}$PEPTIDE1,PEPTIDE1,1:R1-7:R2$$$",-5.63000000,ok,,flexible
"PEPTIDE1{Me_Bal.Me_dL.T.F.I.meL.Sar}$PEPTIDE1,PEPTIDE1,1:R1-7:R2$$$",-6.30300000,ok,,flexible
"PEPTIDE1{Me_dA.T.F.meL.Me_dL.meY.I}$PEPTIDE1,PEPTIDE1,1:R1-7:R2$$$",-5.52500000,ok,,flexible
"PEPTIDE1{Me_dA.meA.T.meF.V.P.I}$PEPTIDE1,PEPTIDE1,1:R1-7:R2$$$",-6.31900000,ok,,flexible
"PEPTIDE1{dP.Me_dA.F.meL.T.Me_dL.F}$PEPTIDE1,PEPTIDE1,1:R1-7:R2$$$",-6.18900000,ok,,flexible
"PEPTIDE1{Me_Bal.cHexCH2_Gly.P.Ser(tBu).meL.A.meA}$PEPTIDE1,PEPTIDE1,1:R1-7:R2$$$",-5.87900000,ok,,flexible
"PEPTIDE1{dV.T.F.G.dP.P.Y}$PEPTIDE1,PEPTIDE1,1:R1-7:R2$$$",-6.60800000,ok,,flexible
"PEPTIDE1{dV.P.T.G.F.I.V}$PEPTIDE1,PEPTIDE1,1:R1-7:R2$$$",-6.13000000,ok,,flexible
"PEPTIDE1{Me_Bal.Me_Phe(3-Cl).P.I.dP.Y.P}$PEPTIDE1,PEPTIDE1,1:R1-7:R2$$$",-6.92300000,ok,,flexible
"PEPTIDE1{dP.Pr_Gly.P.meA.I.T.Me_Phe(3-Cl)}$PEPTIDE1,PEPTIDE1,1:R1-7:R2$$$",-6.49800000,ok,,flexible
"PEPTIDE1{dV.T.P.D.V.Me_Phe(3-Cl).dP}$PEPTIDE1,PEPTIDE1,1:R1-7:R2$$$",-6.38200000,ok,,flexible
"PEPTIDE1{Sar.meL.L.T.T.V.G}$PEPTIDE1,PEPTIDE1,1:R1-7:R2$$$",-5.76500000,ok,,flexible
"PEPTIDE1{Me_dA.Me_dL.L.Sar.F.T.V}$PEPTIDE1,PEPTIDE1,1:R1-7:R2$$$",-6.54300000,ok,,flexible
"PEPTIDE1{P.meA.Me_Phe(3-Cl).Me_Nle.Ser(tBu).dP.Et_Gly}$PEPTIDE1,PEPTIDE1,1:R1-7:R2$$$",-5.34200000,ok,,flexible
"PEPTIDE1{meA.dP.P.F.meL.L.V}$PEPTIDE1,PEPTIDE1,1:R1-7:R2$$$",-6.52600000,ok,,flexible
"PEPTIDE1{Mono6.Pr_Gly.meL.dF.Me_Phe(3-Cl).dP.P}$PEPTIDE1,PEPTIDE1,1:R1-7:R2$$$",-6.33800000,ok,,flexible
"PEPTIDE1{meA.meL.Ser(tBu).Me_Phe(3-Cl).T.V.P}$PEPTIDE1,PEPTIDE1,1:R1-7:R2$$$",-5.70700000,ok,,flexible
"PEPTIDE1{Mono6.dP.G.Y.T.meL.G}$PEPTIDE1,PEPTIDE1,1:R1-7:R2$$$",-6.49100000,ok,,flexible
"PEPTIDE1{meA.T.P.meL.T.P.P}$PEPTIDE1,PEPTIDE1,1:R1-7:R2$$$",-6.54500000,ok,,flexible
"PEPTIDE1{Me_dA.L.V.Me_dL.P.dP.meL}$PEPTIDE1,PEPTIDE1,1:R1-7:R2$$$",-5.94700000,ok,,flexible
"PEPTIDE1{L.Me_dL.P.T.P.dP.D}$PEPTIDE1,PEPTIDE1,1:R1-7:R2$$$",-6.98400000,ok,,flexible
"PEPTIDE1{F.dL.L.P.Nle.meL.Me_Phe(3-Cl)}$PEPTIDE1,PEPTIDE1,1:R1-7:R2$$$",-5.76100000,ok,,flexible
"PEPTIDE1{dA.A.dL.L.dP.P.Me_Phe(3-Cl)}$PEPTIDE1,PEPTIDE1,1:R1-7:R2$$$",-6.57300000,ok,,flexible
"PEPTIDE1{dF.Mono84.P.V.T.Me_Phe(3-Cl).Nle}$PEPTIDE1,PEPTIDE1,1:R1-7:R2$$$",-6.39000000,ok,,flexible
"PEPTIDE1{meA.Mono38.P.dP.meL.I.A}$PEPTIDE1,PEPTIDE1,1:R1-7:R2$$$",-6.36000000,ok,,flexible
"PEPTIDE1{dA.T.P.P.dP.T.G}$PEPTIDE1,PEPTIDE1,1:R1-7:R2$$$",-7.03400000,ok,,flexible
"PEPTIDE1{Me_dA.Mono38.dP.F.I.I.P}$PEPTIDE1,PEPTIDE1,1:R1-7:R2$$$",-7.20400000,ok,,flexible
"PEPTIDE1{Me_dA.meL.dP.F.T.Y.G}$PEPTIDE1,PEPTIDE1,1:R1-7:R2$$$",-6.26700000,ok,,flexible
"PEPTIDE1{dP.meA.P.Me_dA.T.meL.G}$PEPTIDE1,PEPTIDE1,1:R1-7:R2$$$",-6.22700000,ok,,flexible
"PEPTIDE1{meA.Ser(tBu).Me_dL.V.I.P.P}$PEPTIDE1,PEPTIDE1,1:R1-7:R2$$$",-6.28500000,ok,,flexible
"PEPTIDE1{dA.meA.Me_dL.P.dP.F.T}$PEPTIDE1,PEPTIDE1,1:R1-7:R2$$$",-6.41200000,ok,,flexible
"PEPTIDE1{Me_Bal.F.P.meL.D.F.G}$PEPTIDE1,PEPTIDE1,1:R1-7:R2$$$",-6.63900000,ok,,flexible
"PEPTIDE1{P.L.dL.meL.D.Et_Gly.F}$PEPTIDE1,PEPTIDE1,1:R1-7:R2$$$",-5.95300000,ok,,flexible
"PEPTIDE1{meA.T.Y.Asp_piperidide.meL.G.Me_Phe(3-Cl)}$PEPTIDE1,PEPTIDE1,1:R1-7:R2$$$",-6.29000000,ok,,flexible
"PEPTIDE1{Pr_Gly.meA.pentyl_Gly.meL.F.L.Me_Nle}$PEPTIDE1,PEPTIDE1,1:R1-7:R2$$$",-4.98300000,ok,,flexible
"PEPTIDE1{dA.T.P.Me_dL.dP.V.P}$PEPTIDE1,PEPTIDE1,1:R1-7:R2$$$",-6.68300000,ok,,flexible
"PEPTIDE1{meA.P.V.meL.dP.I.L}$PEPTIDE1,PEPTIDE1,1:R1-7:R2$$$",-5.77000000,ok,,flexible
"PEPTIDE1{Me_Bal.meL.P.dL.Me_Phe(3-Cl).F.T}$PEPTIDE1,PEPTIDE1,1:R1-7:R2$$$",-6.30800000,ok,,flexible
"PEPTIDE1{Me_Bal.T.L.Sar.meL.P.G}$PEPTIDE1,PEPTIDE1,1:R1-7:R2$$$",-6.03100000,ok,,flexible
"PEPTIDE1{Me_Bal.meL.P.A.T.Me_dL.meL}$PEPTIDE1,PEPTIDE1,1:R1-7:R2$$$",-5.95000000,ok,,flexible
"PEPTIDE1{dV.L.dP.G.P.meL.dP}$PEPTIDE1,PEPTIDE1,1:R1-7:R2$$$",-6.11500000,ok,,flexible
"PEPTIDE1{meA.meL.P.I.A.V.D}$PEPTIDE1,PEPTIDE1,1:R1-7:R2$$$",-5.51100000,ok,,flexible
"PEPTIDE1{meA.Me_dL.P.G.I.T.dP}$PEPTIDE1,PEPTIDE1,1:R1-7:R2$$$",-5.92800000,ok,,flexible
"PEPTIDE1{Mono6.G.dL.L.meL.T.Ser(tBu)}$PEPTIDE1,PEPTIDE1,1:R1-7:R2$$$",-5.67500000,ok,,flexible
"PEPTIDE1{dV.T.A.L.F.P.I}$PEPTIDE1,PEPTIDE1,1:R1-7:R2$$$",-6.08900000,ok,,flexible
"PEPTIDE1{dP.L.P.meL.P.meA.V}$PEPTIDE1,PEPTIDE1,1:R1-7:R2$$$",-6.57300000,ok,,flexible
"PEPTIDE1{dA.meA.Me_dA.Me_dL.F.meL.L}$PEPTIDE1,PEPTIDE1,1:R1-7:R2$$$",-6.19600000,ok,,flexible
"PEPTIDE1{Me_dA.dF.meL.P.F.T.Me_dL}$PEPTIDE1,PEPTIDE1,1:R1-7:R2$$$",-5.63700000,ok,,flexible
"PEPTIDE1{Me_dA.P.P.F.D.G.T}$PEPTIDE1,PEPTIDE1,1:R1-7:R2$$$",-6.77600000,ok,,flexible
"PEPTIDE1{dA.dV.T.P.dP.F.Me_Phe(3-Cl)}$PEPTIDE1,PEPTIDE1,1:R1-7:R2$$$",-6.91000000,ok,,flexible
"PEPTIDE1{Mono6.I.F.I.dP.meL.V}$PEPTIDE1,PEPTIDE1,1:R1-7:R2$$$",-6.86100000,ok,,flexible
"PEPTIDE1{Pr_Gly.L.T.Me_Phe(3-Cl).dP.I.meL}$PEPTIDE1,PEPTIDE1,1:R1-7:R2$$$",-5.42000000,ok,,flexible
"PEPTIDE1{Me_Bal.Y.P.G.dP.meL.Asp_piperidide}$PEPTIDE1,PEPTIDE1,1:R1-7:R2$$$",-6.83200000,ok,,flexible
"PEPTIDE1{meA.F.Me_Nle.meL.P.T.Ser(tBu)}$PEPTIDE1,PEPTIDE1,1:R1-7:R2$$$",-5.29800000,ok,,flexible
"PEPTIDE1{meA.meL.dP.A.Sar.V.P}$PEPTIDE1,PEPTIDE1,1:R1-7:R2$$$",-6.60700000,ok,,flexible
"PEPTIDE1{meA.dP.meL.G.D.F.P}$PEPTIDE1,PEPTIDE1,1:R1-7:R2$$$",-6.97300000,ok,,flexible
"PEPTIDE1{Me_Bal.dV.T.F.dP.P.L}$PEPTIDE1,PEPTIDE1,1:R1-7:R2$$$",-6.25200000,ok,,flexible
"PEPTIDE1{dF.P.A.T.L.I.meF}$PEPTIDE1,PEPTIDE1,1:R1-7:R2$$$",-6.42900000,ok,,flexible
"PEPTIDE1{Sar.I.meF.dP.P.P.F}$PEPTIDE1,PEPTIDE1,1:R1-7:R2$$$",-7.55600000,ok,,flexible
"PEPTIDE1{dV.T.dP.P.meL.V.F}$PEPTIDE1,PEPTIDE1,1:R1-7:R2$$$",-5.84000000,ok,,flexible
"PEPTIDE1{dF.P.dP.P.T.Me_Phe(3-Cl).G}$PEPTIDE1,PEPTIDE1,1:R1-7:R2$$$",-7.79200000,ok,,flexible
"PEPTIDE1{dA.Me_dA.meL.F.dP.P.T}$PEPTIDE1,PEPTIDE1,1:R1-7:R2$$$",-6.70500000,ok,,flexible
"PEPTIDE1{F.P.Me_dA.G.dL.meL.A}$PEPTIDE1,PEPTIDE1,1:R1-7:R2$$$",-6.28000000,ok,,flexible
"PEPTIDE1{dA.P.Me_dL.meL.dP.G.Sar}$PEPTIDE1,PEPTIDE1,1:R1-7:R2$$$",-6.15800000,ok,,flexible
"PEPTIDE1{Sar.A.T.meL.P.dV.L}$PEPTIDE1,PEPTIDE1,1:R1-7:R2$$$",-5.83900000,ok,,flexible
"PEPTIDE1{meA.cHexCH2_Gly.Mono38.T.meL.P.L}$PEPTIDE1,PEPTIDE1,1:R1-7:R2$$$",-5.51400000,ok,,flexible
"PEPTIDE1{meL.P.I.T.D.T.V}$PEPTIDE1,PEPTIDE1,1:R1-7:R2$$$",-5.36300000,ok,,flexible
"PEPTIDE1{L.P.T.P.dP.Me_Phe(3-Cl).I}$PEPTIDE1,PEPTIDE1,1:R1-7:R2$$$",-6.55700000,ok,,flexible
"PEPTIDE1{Me_Bal.T.P.A.meL.L.V}$PEPTIDE1,PEPTIDE1,1:R1-7:R2$$$",-6.00800000,ok,,flexible
"PEPTIDE1{meA.Pr_Gly.dP.meL.T.A.L}$PEPTIDE1,PEPTIDE1,1:R1-7:R2$$$",-5.90200000,ok,,flexible
"PEPTIDE1{dP.meL.meL.Ser(tBu).Mono84.T.meA}$PEPTIDE1,PEPTIDE1,1:R1-7:R2$$$",-5.78500000,ok,,flexible
"PEPTIDE1{dV.Asp_piperidide.D.I.P.V.meL}$PEPTIDE1,PEPTIDE1,1:R1-7:R2$$$",-5.49300000,ok,,flexible
"PEPTIDE1{Me_dA.F.V.T.T.meL.I}$PEPTIDE1,PEPTIDE1,1:R1-7:R2$$$",-5.28200000,ok,,flexible
"PEPTIDE1{Sar.I.dP.T.P.Me_dL.F}$PEPTIDE1,PEPTIDE1,1:R1-7:R2$$$",-6.43600000,ok,,flexible
"PEPTIDE1{A.P.T.P.I.dY.Y}$PEPTIDE1,PEPTIDE1,1:R1-7:R2$$$",-6.51600000,ok,,flexible
"PEPTIDE1{dF.cHexCH2_Gly.T.Ser(tBu).L.dL.Mono84}$PEPTIDE1,PEPTIDE1,1:R1-7:R2$$$",-5.19400000,ok,,flexible
"PEPTIDE1{meA.dA.P.pentyl_Gly.meL.Phe(4-CF3).T}$PEPTIDE1,PEPTIDE1,1:R1-7:R2$$$",-5.51600000,ok,,flexible
"PEPTIDE1{A.T.V.I.P.P.dP}$PEPTIDE1,PEPTIDE1,1:R1-7:R2$$$",-6.20600000,ok,,flexible
"PEPTIDE1{dV.Mono6.P.meL.G.D.P}$PEPTIDE1,PEPTIDE1,1:R1-7:R2$$$",-6.59500000,ok,,flexible
"PEPTIDE1{dV.Mono84.dP.P.Me_Phe(3-Cl).F.I}$PEPTIDE1,PEPTIDE1,1:R1-7:R2$$$",-6.25500000,ok,,flexible
"PEPTIDE1{Me_Bal.V.Me_dL.dP.meL.I.F}$PEPTIDE1,PEPTIDE1,1:R1-7:R2$$$",-5.55600000,ok,,flexible
"PEPTIDE1{meA.dPye.meL.dF.L.Mono84.P}$PEPTIDE1,PEPTIDE1,1:R1-7:R2$$$",-6.99700000,ok,,flexible
"PEPTIDE1{Mono6.P.dP.P.I.T.T}$PEPTIDE1,PEPTIDE1,1:R1-7:R2$$$",-6.44700000,ok,,flexible
"PEPTIDE1{dA.P.A.meL.F.Me_Phe(3-Cl).L}$PEPTIDE1,PEPTIDE1,1:R1-7:R2$$$",-6.28900000,ok,,flexible
"PEPTIDE1{Mono6.Y.G.P.meY.dP.D}$PEPTIDE1,PEPTIDE1,1:R1-7:R2$$$",-6.49400000,ok,,flexible
"PEPTIDE1{Me_dA.pentyl_Gly.T.meL.dP.Me_dL.Me_Phe(3-Cl)}$PEPTIDE1,PEPTIDE1,1:R1-7:R2$$$",-5.35300000,ok,,flexible
"PEPTIDE1{F.Me_Nle.L.P.cHexCH2_Gly.meA.meL}$PEPTIDE1,PEPTIDE1,1:R1-7:R2$$$",-5.74100000,ok,,flexible
"PEPTIDE1{L.P.I.V.P.P.T}$PEPTIDE1,PEPTIDE1,1:R1-7:R2$$$",-5.60400000,ok,,flexible
"PEPTIDE1{Me_Bal.Me_dA.D.dP.Asp_piperidide.meL.F}$PEPTIDE1,PEPTIDE1,1:R1-7:R2$$$",-6.18800000,ok,,flexible
"PEPTIDE1{Mono6.T.Ser(tBu).pentyl_Gly.Mono84.Nle.meF}$PEPTIDE1,PEPTIDE1,1:R1-7:R2$$$",-5.70700000,ok,,flexible
"PEPTIDE1{meL.P.G.T.Me_Phe(3-Cl).P.P}$PEPTIDE1,PEPTIDE1,1:R1-7:R2$$$",-7.21800000,ok,,flexible
"PEPTIDE1{meA.Me_dL.Me_dA.F.P.T.P}$PEPTIDE1,PEPTIDE1,1:R1-7:R2$$$",-6.40600000,ok,,flexible
"PEPTIDE1{F.Mono84.T.P.dP.I.Me_Phe(3-Cl)}$PEPTIDE1,PEPTIDE1,1:R1-7:R2$$$",-6.57100000,ok,,flexible
"PEPTIDE1{meA.Pr_Gly.A.Me_dL.dP.dF.Me_dL}$PEPTIDE1,PEPTIDE1,1:R1-7:R2$$$",-6.27500000,ok,,flexible
"PEPTIDE1{Mono6.P.Me_Phe(3-Cl).T.G.D.dP}$PEPTIDE1,PEPTIDE1,1:R1-7:R2$$$",-6.55100000,ok,,flexible
"PEPTIDE1{dV.P.P.Sar.T.T.G}$PEPTIDE1,PEPTIDE1,1:R1-7:R2$$$",-6.62400000,ok,,flexible
"PEPTIDE1{A.F.P.dL.Pr_Gly.dP.I}$PEPTIDE1,PEPTIDE1,1:R1-7:R2$$$",-6.05900000,ok,,flexible
"PEPTIDE1{meA.meY.P.meL.Y.dP.D}$PEPTIDE1,PEPTIDE1,1:R1-7:R2$$$",-7.36700000,ok,,flexible
"PEPTIDE1{dV.meL.dP.Me_Phe(3-Cl).dP.T.P}$PEPTIDE1,PEPTIDE1,1:R1-7:R2$$$",-6.76700000,ok,,flexible
"PEPTIDE1{Me_dA.Pr_Gly.Ser(tBu).P.meL.T.F}$PEPTIDE1,PEPTIDE1,1:R1-7:R2$$$",-6.17900000,ok,,flexible
"PEPTIDE1{dV.Ala(5-Tet).meL.I.Me_Phe(3-Cl).L.Phe(4-CF3)}$PEPTIDE1,PEPTIDE1,1:R1-7:R2$$$",-5.71600000,ok,,flexible
"PEPTIDE1{dV.P.F.D.T.F.dP}$PEPTIDE1,PEPTIDE1,1:R1-7:R2$$$",-6.54200000,ok,,flexible
"PEPTIDE1{Mono6.I.Me_Phe(3-Cl).L.dP.meL.dL}$PEPTIDE1,PEPTIDE1,1:R1-7:R2$$$",-5.83600000,ok,,flexible
"PEPTIDE1{Me_Bal.pentyl_Gly.dP.L.meF.D.I}$PEPTIDE1,PEPTIDE1,1:R1-7:R2$$$",-5.70400000,ok,,flexible
"PEPTIDE1{A.A.P.dV.Pr_Gly.L.meA}$PEPTIDE1,PEPTIDE1,1:R1-7:R2$$$",-6.36100000,ok,,flexible
"PEPTIDE1{F.Ser(tBu).D.dP.T.V.Nle}$PEPTIDE1,PEPTIDE1,1:R1-7:R2$$$",-6.51700000,ok,,flexible
"PEPTIDE1{dA.P.meL.P.G.T.G}$PEPTIDE1,PEPTIDE1,1:R1-7:R2$$$",-6.49900000,ok,,flexible
"PEPTIDE1{dF.P.dP.dP.Me_Phe(3-Cl).T.P}$PEPTIDE1,PEPTIDE1,1:R1-7:R2$$$",-7.77400000,ok,,flexible
"PEPTIDE1{dA.F.dP.meL.G.I.Me_dA}$PEPTIDE1,PEPTIDE1,1:R1-7:R2$$$",-6.56300000,ok,,flexible
"PEPTIDE1{dA.A.V.Me_Phe(3-Cl).dP.dL.P}$PEPTIDE1,PEPTIDE1,1:R1-7:R2$$$",-6.55500000,ok,,flexible
"PEPTIDE1{F.Asp_piperidide.P.meL.Me_Phe(3-Cl).P.D}$PEPTIDE1,PEPTIDE1,1:R1-7:R2$$$",-5.72000000,ok,,flexible
"PEPTIDE1{meA.A.Ser(tBu).meF.T.dL.I}$PEPTIDE1,PEPTIDE1,1:R1-7:R2$$$",-5.81300000,ok,,flexible
"PEPTIDE1{dP.Me_dL.Me_dA.dP.P.T.P}$PEPTIDE1,PEPTIDE1,1:R1-7:R2$$$",-6.93400000,ok,,flexible
"PEPTIDE1{Me_Bal.dP.P.F.I.meL.T}$PEPTIDE1,PEPTIDE1,1:R1-7:R2$$$",-6.47500000,ok,,flexible
"PEPTIDE1{Me_dA.Sar.F.meL.G.dP.pentyl_Gly}$PEPTIDE1,PEPTIDE1,1:R1-7:R2$$$",-5.80200000,ok,,flexible
"PEPTIDE1{meA.dPye.meL.meY.dP.P.dF}$PEPTIDE1,PEPTIDE1,1:R1-7:R2$$$",-6.85500000,ok,,flexible
"PEPTIDE1{Me_dA.I.meL.G.P.G.T}$PEPTIDE1,PEPTIDE1,1:R1-7:R2$$$",-5.72600000,ok,,flexible
"PEPTIDE1{Mono6.D.meL.P.dP.V.I}$PEPTIDE1,PEPTIDE1,1:R1-7:R2$$$",-5.42800000,ok,,flexible
"PEPTIDE1{P.Me_dL.Y.Mono6.dP.T.meL}$PEPTIDE1,PEPTIDE1,1:R1-7:R2$$$",-6.00700000,ok,,flexible
"PEPTIDE1{dV.I.P.dL.F.dP.meL}$PEPTIDE1,PEPTIDE1,1:R1-7:R2$$$",-6.14800000,ok,,flexible
"PEPTIDE1{dP.Me_dAbu.T.T.meL.P.dP}$PEPTIDE1,PEPTIDE1,1:R1-7:R2$$$",-6.40100000,ok,,flexible
"PEPTIDE1{meA.P.P.dL.A.L.Me_Phe(3-Cl)}$PEPTIDE1,PEPTIDE1,1:R1-7:R2$$$",-6.76300000,ok,,flexible
"PEPTIDE1{Me_dA.F.I.A.T.P.P}$PEPTIDE1,PEPTIDE1,1:R1-7:R2$$$",-6.57700000,ok,,flexible
"PEPTIDE1{Me_dA.pentyl_Gly.F.L.dP.Ser(tBu).T}$PEPTIDE1,PEPTIDE1,1:R1-7:R2$$$",-5.28000000,ok,,flexible
"PEPTIDE1{dV.T.Asp_piperidide.dP.P.Nle.P}$PEPTIDE1,PEPTIDE1,1:R1-7:R2$$$",-6.42800000,ok,,flexible
"PEPTIDE1{Me_dA.cHexCH2_Gly.F.P.I.P.Ser(tBu)}$PEPTIDE1,PEPTIDE1,1:R1-7:R2$$$",-6.49900000,ok,,flexible
"PEPTIDE1{Me_Bal.I.L.Mono84.dP.Me_Phe(3-Cl).V}$PEPTIDE1,PEPTIDE1,1:R1-7:R2$$$",-6.19300000,ok,,flexible
"PEPTIDE1{P.meL.meA.Me_dL.dP.T.P}$PEPTIDE1,PEPTIDE1,1:R1-7:R2$$$",-6.51800000,ok,,flexible
"PEPTIDE1{A.P.dL.meL.F.I.T}$PEPTIDE1,PEPTIDE1,1:R1-7:R2$$$",-6.03800000,ok,,flexible
"PEPTIDE1{Mono6.P.F.Me_Phe(3-Cl).G.V.T}$PEPTIDE1,PEPTIDE1,1:R1-7:R2$$$",-6.30000000,ok,,flexible
"PEPTIDE1{A.pentyl_Gly.meL.dP.P.P.I}$PEPTIDE1,PEPTIDE1,1:R1-7:R2$$$",-6.15400000,ok,,flexible
"PEPTIDE1{meA.D.P.dP.T.meL.I}$PEPTIDE1,PEPTIDE1,1:R1-7:R2$$$",-6.67600000,ok,,flexible
"PEPTIDE1{dA.F.dP.Y.I.P.G}$PEPTIDE1,PEPTIDE1,1:R1-7:R2$$$",-6.94400000,ok,,flexible
"PEPTIDE1{A.Mono38.P.T.P.T.G}$PEPTIDE1,PEPTIDE1,1:R1-7:R2$$$",-6.37600000,ok,,flexible
"PEPTIDE1{A.Me_dAbu.P.T.T.dP.meL}$PEPTIDE1,PEPTIDE1,1:R1-7:R2$$$",-6.23000000,ok,,flexible
"PEPTIDE1{Sar.Me_dL.Ser(tBu).meL.I.dP.F}$PEPTIDE1,PEPTIDE1,1:R1-7:R2$$$",-6.20500000,ok,,flexible
"PEPTIDE1{A.F.dA.T.G.F.I}$PEPTIDE1,PEPTIDE1,1:R1-7:R2$$$",-6.64800000,ok,,flexible
"PEPTIDE1{Me_dA.Pr_Gly.A.Me_dL.dF.T.Asp_piperidide}$PEPTIDE1,PEPTIDE1,1:R1-7:R2$$$",-5.93300000,ok,,flexible
"PEPTIDE1{dA.Me_dA.Me_dL.Me_dL.dP.dP.I}$PEPTIDE1,PEPTIDE1,1:R1-7:R2$$$",-6.37000000,ok,,flexible
"PEPTIDE1{meA.A.P.I.Mono84.dL.dP}$PEPTIDE1,PEPTIDE1,1:R1-7:R2$$$",-6.73000000,ok,,flexible
"PEPTIDE1{dA.I.Mono84.Et_Gly.P.Me_Phe(3-Cl).dP}$PEPTIDE1,PEPTIDE1,1:R1-7:R2$$$",-6.91200000,ok,,flexible
"PEPTIDE1{dA.Pr_Gly.G.meL.dP.L.dF}$PEPTIDE1,PEPTIDE1,1:R1-7:R2$$$",-6.03300000,ok,,flexible
"PEPTIDE1{Mono6.meL.dP.T.P.dL.meA}$PEPTIDE1,PEPTIDE1,1:R1-7:R2$$$",-6.26400000,ok,,flexible
"PEPTIDE1{Me_Bal.Pr_Gly.Me_dA.meA.meL.dV.P}$PEPTIDE1,PEPTIDE1,1:R1-7:R2$$$",-6.10800000,ok,,flexible
"PEPTIDE1{Me_dA.Mono6.dP.Me_dL.G.F.dP}$PEPTIDE1,PEPTIDE1,1:R1-7:R2$$$",-7.47700000,ok,,flexible
"PEPTIDE1{dP.Me_dA.G.meL.V.T.F}$PEPTIDE1,PEPTIDE1,1:R1-7:R2$$$",-7.34800000,ok,,flexible
"PEPTIDE1{Me_dA.I.A.Ser(tBu).F.L.G}$PEPTIDE1,PEPTIDE1,1:R1-7:R2$$$",-6.34800000,ok,,flexible
"PEPTIDE1{meA.T.dF.P.Phe(4-CF3).V.F}$PEPTIDE1,PEPTIDE1,1:R1-7:R2$$$",-7.33700000,ok,,flexible
"PEPTIDE1{P.A.Et_Gly.Nle.Pr_Gly.P.meL}$PEPTIDE1,PEPTIDE1,1:R1-7:R2$$$",-6.04900000,ok,,flexible
"PEPTIDE1{meA.dP.A.dA.Me_dA.F.dF}$PEPTIDE1,PEPTIDE1,1:R1-7:R2$$$",-7.53200000,ok,,flexible
"PEPTIDE1{Me_dA.F.A.dP.T.Mono84.Ser(tBu)}$PEPTIDE1,PEPTIDE1,1:R1-7:R2$$$",-6.14800000,ok,,flexible
"PEPTIDE1{dA.V.P.Me_dAbu.T.Ser(tBu).I}$PEPTIDE1,PEPTIDE1,1:R1-7:R2$$$",-5.93800000,ok,,flexible
"PEPTIDE1{dA.P.T.dP.meL.F.T}$PEPTIDE1,PEPTIDE1,1:R1-7:R2$$$",-7.24100000,ok,,flexible
"PEPTIDE1{A.Me_dL.meL.G.F.D.Y}$PEPTIDE1,PEPTIDE1,1:R1-7:R2$$$",-6.16500000,ok,,flexible
"PEPTIDE1{Mono6.Et_Gly.L.Me_Phe(3-Cl).meL.G.dP}$PEPTIDE1,PEPTIDE1,1:R1-7:R2$$$",-6.15300000,ok,,flexible
"PEPTIDE1{meA.meL.meA.meY.F.dP.T}$PEPTIDE1,PEPTIDE1,1:R1-7:R2$$$",-6.55800000,ok,,flexible
"PEPTIDE1{Me_dA.P.meY.Me_dL.Mono6.meL.Y}$PEPTIDE1,PEPTIDE1,1:R1-7:R2$$$",-5.61900000,ok,,flexible
"PEPTIDE1{meA.meL.I.G.Me_dL.dP.V}$PEPTIDE1,PEPTIDE1,1:R1-7:R2$$$",-5.76500000,ok,,flexible
"PEPTIDE1{dV.L.P.dP.Et_Gly.T.Mono34}$PEPTIDE1,PEPTIDE1,1:R1-7:R2$$$",-5.77900000,ok,,flexible
"PEPTIDE1{Me_dA.Me_Phe(3-Cl).G.Pr_Gly.Me_dL.Ser(tBu).V}$PEPTIDE1,PEPTIDE1,1:R1-7:R2$$$",-6.07300000,ok,,flexible
"PEPTIDE1{dV.P.T.meY.Me_dL.G.T}$PEPTIDE1,PEPTIDE1,1:R1-7:R2$$$",-7.27100000,ok,,flexible
"PEPTIDE1{Sar.meL.Me_dL.P.G.T.T}$PEPTIDE1,PEPTIDE1,1:R1-7:R2$$$",-6.85500000,ok,,flexible
"PEPTIDE1{Me_dA.A.dP.P.F.Asp_piperidide.T}$PEPTIDE1,PEPTIDE1,1:R1-7:R2$$$",-7.09400000,ok,,flexible
"PEPTIDE1{A.meA.Me_dL.F.I.T.V}$PEPTIDE1,PEPTIDE1,1:R1-7:R2$$$",-6.13100000,ok,,flexible
"PEPTIDE1{Me_Bal.I.T.F.dP.P.dL}$PEPTIDE1,PEPTIDE1,1:R1-7:R2$$$",-6.29600000,ok,,flexible
"PEPTIDE1{Me_dA.L.P.F.G.meA.T}$PEPTIDE1,PEPTIDE1,1:R1-7:R2$$$",-6.31900000,ok,,flexible
"PEPTIDE1{meA.dP.T.dP.P.Mono6.P}$PEPTIDE1,PEPTIDE1,1:R1-7:R2$$$",-7.83900000,ok,,flexible
"PEPTIDE1{Me_dA.T.V.P.L.F.meL}$PEPTIDE1,PEPTIDE1,1:R1-7:R2$$$",-7.17500000,ok,,flexible
"PEPTIDE1{P.meA.Mono6.meY.P.Y.F}$PEPTIDE1,PEPTIDE1,1:R1-7:R2$$$",-6.82600000,ok,,flexible
"PEPTIDE1{dA.P.Me_dL.F.dL.Me_Phe(3-Cl).meL}$PEPTIDE1,PEPTIDE1,1:R1-7:R2$$$",-6.31600000,ok,,flexible
"PEPTIDE1{meA.meL.Me_dL.Me_Phe(3-Cl).T.meY.dP}$PEPTIDE1,PEPTIDE1,1:R1-7:R2$$$",-6.61900000,ok,,flexible
"PEPTIDE1{A.meF.Mono38.P.Mono84.dL.I}$PEPTIDE1,PEPTIDE1,1:R1-7:R2$$$",-6.48000000,ok,,flexible
"PEPTIDE1{dF.A.F.L.P.Ser(tBu).meL}$PEPTIDE1,PEPTIDE1,1:R1-7:R2$$$",-5.71300000,ok,,flexible
"PEPTIDE1{meL.dP.Phe(4-CF3).Me_Phe(3-Cl).L.I.P}$PEPTIDE1,PEPTIDE1,1:R1-7:R2$$$",-6.07500000,ok,,flexible
"PEPTIDE1{dA.P.Me_dL.I.Me_dA.dP.L}$PEPTIDE1,PEPTIDE1,1:R1-7:R2$$$",-6.36800000,ok,,flexible
"PEPTIDE1{meA.Me_Nle.Ser(tBu).L.dP.dL.A}$PEPTIDE1,PEPTIDE1,1:R1-7:R2$$$",-5.75500000,ok,,flexible
"PEPTIDE1{Me_Bal.Pr_Gly.T.A.meL.dP.Me_dL}$PEPTIDE1,PEPTIDE1,1:R1-7:R2$$$",-5.64800000,ok,,flexible
"PEPTIDE1{Me_dA.Pr_Gly.L.meA.I.P.Ser(tBu)}$PEPTIDE1,PEPTIDE1,1:R1-7:R2$$$",-5.58700000,ok,,flexible
"PEPTIDE1{meA.F.G.P.Ser(tBu).I.meL}$PEPTIDE1,PEPTIDE1,1:R1-7:R2$$$",-5.75100000,ok,,flexible
"PEPTIDE1{dV.P.dP.G.D.G.T}$PEPTIDE1,PEPTIDE1,1:R1-7:R2$$$",-6.01400000,ok,,flexible
"PEPTIDE1{Me_dA.Pr_Gly.meL.T.Asp_piperidide.Mono6.dP}$PEPTIDE1,PEPTIDE1,1:R1-7:R2$$$",-5.85300000,ok,,flexible
"PEPTIDE1{A.Me_dL.Sar.meL.F.P.I}$PEPTIDE1,PEPTIDE1,1:R1-7:R2$$$",-6.05800000,ok,,flexible
"PEPTIDE1{Me_Bal.Me_dL.dP.I.T.V.I}$PEPTIDE1,PEPTIDE1,1:R1-7:R2$$$",-6.06000000,ok,,flexible
"PEPTIDE1{Me_dA.P.A.F.Mono84.L.I}$PEPTIDE1,PEPTIDE1,1:R1-7:R2$$$",-6.11400000,ok,,flexible
"PEPTIDE1{F.G.Me_Phe(3-Cl).meL.F.dP.Y}$PEPTIDE1,PEPTIDE1,1:R1-7:R2$$$",-6.91500000,ok,,flexible
"PEPTIDE1{Pr_Gly.P.L.I.A.dL.dP}$PEPTIDE1,PEPTIDE1,1:R1-7:R2$$$",-5.95800000,ok,,flexible
"PEPTIDE1{Me_dA.A.F.P.I.Mono38.dL}$PEPTIDE1,PEPTIDE1,1:R1-7:R2$$$",-6.51100000,ok,,flexible
"PEPTIDE1{Mono6.A.dL.T.L.F.Ser(tBu)}$PEPTIDE1,PEPTIDE1,1:R1-7:R2$$$",-5.80500000,ok,,flexible
"PEPTIDE1{dF.meL.I.G.Me_Phe(3-Cl).F.P}$PEPTIDE1,PEPTIDE1,1:R1-7:R2$$$",-2.26100000,ok,,flexible
"PEPTIDE1{F.meY.meL.T.dP.D.P}$PEPTIDE1,PEPTIDE1,1:R1-7:R2$$$",-6.17100000,ok,,flexible
"PEPTIDE1{dA.I.Ser(tBu).dP.meA.P.L}$PEPTIDE1,PEPTIDE1,1:R1-7:R2$$$",-6.12500000,ok,,flexible
"PEPTIDE1{Mono6.P.F.dP.meL.G.V}$PEPTIDE1,PEPTIDE1,1:R1-7:R2$$$",-6.57200000,ok,,flexible
"PEPTIDE1{A.G.L.T.dP.P.meL}$PEPTIDE1,PEPTIDE1,1:R1-7:R2$$$",-6.19600000,ok,,flexible
"PEPTIDE1{Me_Bal.Me_Nle.T.P.dL.Sar.meL}$PEPTIDE1,PEPTIDE1,1:R1-7:R2$$$",-5.97400000,ok,,flexible
"PEPTIDE1{Me_Bal.Me_dA.A.L.dP.Me_Phe(3-Cl).Me_dL}$PEPTIDE1,PEPTIDE1,1:R1-7:R2$$$",-6.54700000,ok,,flexible
"PEPTIDE1{dA.meL.Me_dL.Pr_Gly.Me_Phe(3-Cl).F.T}$PEPTIDE1,PEPTIDE1,1:R1-7:R2$$$",-6.27900000,ok,,flexible
"PEPTIDE1{Me_Bal.meA.Me_dL.dP.meL.G.T}$PEPTIDE1,PEPTIDE1,1:R1-7:R2$$$",-6.10100000,ok,,flexible
"PEPTIDE1{P.V.meL.dP.T.pentyl_Gly.Me_dL}$PEPTIDE1,PEPTIDE1,1:R1-7:R2$$$",-5.65500000,ok,,flexible
"PEPTIDE1{Mono6.P.Me_dA.meL.P.dP.T}$PEPTIDE1,PEPTIDE1,1:R1-7:R2$$$",-6.21800000,ok,,flexible
"PEPTIDE1{dV.Me_dA.P.dP.Me_dL.meL.T}$PEPTIDE1,PEPTIDE1,1:R1-7:R2$$$",-5.95500000,ok,,flexible
"PEPTIDE1{Pr_Gly.Nle.I.T.Et_Gly.F.G}$PEPTIDE1,PEPTIDE1,1:R1-7:R2$$$",-5.29600000,ok,,flexible
"PEPTIDE1{Me_Bal.meL.T.Ala(5-Tet).Me_dL.meY.D}$PEPTIDE1,PEPTIDE1,1:R1-7:R2$$$",-5.81000000,ok,,flexible
"PEPTIDE1{dA.Me_dA.dP.Me_dL.V.I.T}$PEPTIDE1,PEPTIDE1,1:R1-7:R2$$$",-5.80300000,ok,,flexible
"PEPTIDE1{Pr_Gly.T.Et_Gly.dP.P.L.Me_Phe(3-Cl)}$PEPTIDE1,PEPTIDE1,1:R1-7:R2$$$",-6.30700000,ok,,flexible
"PEPTIDE1{Mono6.Mono86.meL.Mono84.Ser(tBu).A.dP}$PEPTIDE1,PEPTIDE1,1:R1-7:R2$$$",-6.32000000,ok,,flexible
"PEPTIDE1{meA.V.P.D.meL.G.T}$PEPTIDE1,PEPTIDE1,1:R1-7:R2$$$",-6.32200000,ok,,flexible
"PEPTIDE1{dA.dP.P.P.T.F.V}$PEPTIDE1,PEPTIDE1,1:R1-7:R2$$$",-7.31100000,ok,,flexible
"PEPTIDE1{dV.meL.dP.P.Me_dL.dP.meY}$PEPTIDE1,PEPTIDE1,1:R1-7:R2$$$",-6.16400000,ok,,flexible
"PEPTIDE1{Mono6.A.Me_dA.Me_dL.P.meY.meL}$PEPTIDE1,PEPTIDE1,1:R1-7:R2$$$",-6.87800000,ok,,flexible
"PEPTIDE1{dA.Me_dA.meA.meY.meF.T.Sar}$PEPTIDE1,PEPTIDE1,1:R1-7:R2$$$",-7.07400000,ok,,flexible
"PEPTIDE1{Me_Bal.meA.Pr_Gly.dF.V.dP.Me_dA}$PEPTIDE1,PEPTIDE1,1:R1-7:R2$$$",-7.16700000,ok,,flexible
"PEPTIDE1{dV.P.G.meL.F.T.dP}$PEPTIDE1,PEPTIDE1,1:R1-7:R2$$$",-6.26700000,ok,,flexible
"PEPTIDE1{Mono6.F.Sar.dP.T.P.meL}$PEPTIDE1,PEPTIDE1,1:R1-7:R2$$$",-6.45700000,ok,,flexible
"PEPTIDE1{dA.P.dP.F.dP.Phe(4-CF3).T}$PEPTIDE1,PEPTIDE1,1:R1-7:R2$$$",-6.79900000,ok,,flexible
"PEPTIDE1{dV.A.Me_Phe(3-Cl).P.V.I.F}$PEPTIDE1,PEPTIDE1,1:R1-7:R2$$$",-5.45500000,ok,,flexible
"PEPTIDE1{Me_Bal.A.P.P.I.dP.V}$PEPTIDE1,PEPTIDE1,1:R1-7:R2$$$",-6.65400000,ok,,flexible
"PEPTIDE1{Me_dA.meA.P.F.L.T.dL}$PEPTIDE1,PEPTIDE1,1:R1-7:R2$$$",-6.69000000,ok,,flexible
"PEPTIDE1{Me_dA.meA.dP.T.T.F.P}$PEPTIDE1,PEPTIDE1,1:R1-7:R2$$$",-7.15100000,ok,,flexible
"PEPTIDE1{dV.Me_dL.pentyl_Gly.T.G.Sar.T}$PEPTIDE1,PEPTIDE1,1:R1-7:R2$$$",-5.50500000,ok,,flexible
"PEPTIDE1{Me_Bal.I.dP.F.T.Me_Phe(3-Cl).G}$PEPTIDE1,PEPTIDE1,1:R1-7:R2$$$",-6.80600000,ok,,flexible
"PEPTIDE1{L.V.P.meL.dP.Me_Phe(3-Cl).I}$PEPTIDE1,PEPTIDE1,1:R1-7:R2$$$",-5.94300000,ok,,flexible
"PEPTIDE1{A.F.meL.V.D.I.G}$PEPTIDE1,PEPTIDE1,1:R1-7:R2$$$",-6.27500000,ok,,flexible
"PEPTIDE1{meA.meF.pentyl_Gly.F.T.L.A}$PEPTIDE1,PEPTIDE1,1:R1-7:R2$$$",-6.76300000,ok,,flexible
"PEPTIDE1{Me_Bal.dP.T.P.P.F.V}$PEPTIDE1,PEPTIDE1,1:R1-7:R2$$$",-6.39900000,ok,,flexible
"PEPTIDE1{meA.dP.I.F.meL.G.T}$PEPTIDE1,PEPTIDE1,1:R1-7:R2$$$",-5.56200000,ok,,flexible
"PEPTIDE1{Mono6.dP.meL.Me_dL.D.F.P}$PEPTIDE1,PEPTIDE1,1:R1-7:R2$$$",-6.58800000,ok,,flexible
"PEPTIDE1{dP.dA.P.Me_dA.dF.T.Me_dL}$PEPTIDE1,PEPTIDE1,1:R1-7:R2$$$",-7.13000000,ok,,flexible
"PEPTIDE1{Me_Bal.L.F.Me_Phe(3-Cl).Sar.D.I}$PEPTIDE1,PEPTIDE1,1:R1-7:R2$$$",-5.96100000,ok,,flexible
"PEPTIDE1{Mono6.F.dP.L.V.P.P}$PEPTIDE1,PEPTIDE1,1:R1-7:R2$$$",-6.30400000,ok,,flexible
"PEPTIDE1{Me_dA.I.L.dP.dP.Et_Gly.Me_Phe(3-Cl)}$PEPTIDE1,PEPTIDE1,1:R1-7:R2$$$",-6.07900000,ok,,flexible
"PEPTIDE1{A.dP.Sar.F.P.meL.P}$PEPTIDE1,PEPTIDE1,1:R1-7:R2$$$",-7.31800000,ok,,flexible
"PEPTIDE1{Me_dA.F.D.F.G.meL.G}$PEPTIDE1,PEPTIDE1,1:R1-7:R2$$$",-6.26200000,ok,,flexible
"PEPTIDE1{Me_dA.P.cHexCH2_Gly.F.Mono86.Mono84.P}$PEPTIDE1,PEPTIDE1,1:R1-7:R2$$$",-6.59000000,ok,,flexible
"PEPTIDE1{Me_Bal.V.F.Me_dL.I.T.dV}$PEPTIDE1,PEPTIDE1,1:R1-7:R2$$$",-6.30100000,ok,,flexible
"PEPTIDE1{A.meL.G.dP.Ser(tBu).I.dL}$PEPTIDE1,PEPTIDE1,1:R1-7:R2$$$",-6.17100000,ok,,flexible
"PEPTIDE1{Me_Bal.A.Me_Phe(3-Cl).meL.dP.V.G}$PEPTIDE1,PEPTIDE1,1:R1-7:R2$$$",-6.47400000,ok,,flexible
"PEPTIDE1{Mono6.meA.Pr_Gly.Me_dL.F.Y.Me_dA}$PEPTIDE1,PEPTIDE1,1:R1-7:R2$$$",-5.76700000,ok,,flexible
"PEPTIDE1{dV.P.P.meL.T.T.V}$PEPTIDE1,PEPTIDE1,1:R1-7:R2$$$",-6.39600000,ok,,flexible
"PEPTIDE1{Mono6.F.V.I.dP.dV.meL}$PEPTIDE1,PEPTIDE1,1:R1-7:R2$$$",-6.17300000,ok,,flexible
"PEPTIDE1{dV.T.F.V.meI.meF.dP}$PEPTIDE1,PEPTIDE1,1:R1-7:R2$$$",-5.67300000,ok,,flexible
"PEPTIDE1{dA.F.D.Me_Phe(3-Cl).T.I.dP}$PEPTIDE1,PEPTIDE1,1:R1-7:R2$$$",-6.36200000,ok,,flexible
"PEPTIDE1{Me_Bal.meL.Phe(4-CF3).G.Me_Phe(3-Cl).D.dP}$PEPTIDE1,PEPTIDE1,1:R1-7:R2$$$",-6.56700000,ok,,flexible
"PEPTIDE1{Me_Bal.P.I.V.dP.Me_Phe(3-Cl).G}$PEPTIDE1,PEPTIDE1,1:R1-7:R2$$$",-6.94600000,ok,,flexible
"PEPTIDE1{Mono6.pentyl_Gly.dP.T.Me_Phe(3-Cl).dP.Nle}$PEPTIDE1,PEPTIDE1,1:R1-7:R2$$$",-5.68600000,ok,,flexible
"PEPTIDE1{Me_dA.meA.P.dL.Me_dL.V.meV}$PEPTIDE1,PEPTIDE1,1:R1-7:R2$$$",-6.05100000,ok,,flexible
"PEPTIDE1{Me_dA.P.meA.F.dP.I.I}$PEPTIDE1,PEPTIDE1,1:R1-7:R2$$$",-6.95200000,ok,,flexible
"PEPTIDE1{meA.cHexCH2_Gly.dP.I.A.Sar.V}$PEPTIDE1,PEPTIDE1,1:R1-7:R2$$$",-6.34100000,ok,,flexible
"PEPTIDE1{dA.meA.meL.F.T.T.P}$PEPTIDE1,PEPTIDE1,1:R1-7:R2$$$",-6.82000000,ok,,flexible
"PEPTIDE1{A.meL.F.T.P.Me_dL.Y}$PEPTIDE1,PEPTIDE1,1:R1-7:R2$$$",-5.72900000,ok,,flexible
"PEPTIDE1{meA.Me_dL.meL.G.meA.L.I}$PEPTIDE1,PEPTIDE1,1:R1-7:R2$$$",-5.34200000,ok,,flexible
"PEPTIDE1{dV.A.pentyl_Gly.T.meL.Mono84.Mono104}$PEPTIDE1,PEPTIDE1,1:R1-7:R2$$$",-5.42300000,ok,,flexible
"PEPTIDE1{Me_dA.Ser(tBu).F.Me_dL.I.meL.P}$PEPTIDE1,PEPTIDE1,1:R1-7:R2$$$",-5.90500000,ok,,flexible
"PEPTIDE1{F.T.Ser(tBu).meL.A.dP.P}$PEPTIDE1,PEPTIDE1,1:R1-7:R2$$$",-5.77900000,ok,,flexible
"PEPTIDE1{Mono6.L.dP.P.meL.meI.Me_Phe(3-Cl)}$PEPTIDE1,PEPTIDE1,1:R1-7:R2$$$",-6.67400000,ok,,flexible
"PEPTIDE1{L.meL.Phe(4-CF3).P.dP.P.Asp_piperidide}$PEPTIDE1,PEPTIDE1,1:R1-7:R2$$$",-7.32600000,ok,,flexible
"PEPTIDE1{Me_dA.meA.meL.T.V.G.F}$PEPTIDE1,PEPTIDE1,1:R1-7:R2$$$",-5.86700000,ok,,flexible
"PEPTIDE1{Me_dA.A.L.meL.F.Me_dL.T}$PEPTIDE1,PEPTIDE1,1:R1-7:R2$$$",-6.06900000,ok,,flexible
"PEPTIDE1{L.dP.F.P.D.F.T}$PEPTIDE1,PEPTIDE1,1:R1-7:R2$$$",-6.33700000,ok,,flexible
"PEPTIDE1{meA.dP.G.Sar.pentyl_Gly.Phe(4-CF3).P}$PEPTIDE1,PEPTIDE1,1:R1-7:R2$$$",-6.17500000,ok,,flexible
"PEPTIDE1{Me_dA.Me_Nle.I.F.dP.T.L}$PEPTIDE1,PEPTIDE1,1:R1-7:R2$$$",-6.40400000,ok,,flexible
"PEPTIDE1{A.T.I.V.meL.dP.F}$PEPTIDE1,PEPTIDE1,1:R1-7:R2$$$",-5.46600000,ok,,flexible
"PEPTIDE1{Me_dA.T.Mono6.P.Me_dL.P.T}$PEPTIDE1,PEPTIDE1,1:R1-7:R2$$$",-6.04200000,ok,,flexible
"PEPTIDE1{Mono6.P.F.dP.Me_Phe(3-Cl).I.P}$PEPTIDE1,PEPTIDE1,1:R1-7:R2$$$",-7.39900000,ok,,flexible
"PEPTIDE1{dV.P.dP.Et_Gly.Asp_piperidide.P.T}$PEPTIDE1,PEPTIDE1,1:R1-7:R2$$$",-6.71700000,ok,,flexible
"PEPTIDE1{meA.meL.F.I.Me_Phe(3-Cl).P.Me_dL}$PEPTIDE1,PEPTIDE1,1:R1-7:R2$$$",-6.52100000,ok,,flexible
"PEPTIDE1{meA.dP.V.L.Me_dL.meL.G}$PEPTIDE1,PEPTIDE1,1:R1-7:R2$$$",-5.75000000,ok,,flexible
"PEPTIDE1{dA.F.P.I.meL.P.dP}$PEPTIDE1,PEPTIDE1,1:R1-7:R2$$$",-6.32600000,ok,,flexible
"PEPTIDE1{Me_Bal.dP.dL.L.meL.T.I}$PEPTIDE1,PEPTIDE1,1:R1-7:R2$$$",-6.08800000,ok,,flexible
"PEPTIDE1{Me_Bal.T.P.F.I.A.L}$PEPTIDE1,PEPTIDE1,1:R1-7:R2$$$",-6.10400000,ok,,flexible
"PEPTIDE1{dV.meL.L.F.T.T.I}$PEPTIDE1,PEPTIDE1,1:R1-7:R2$$$",-5.49300000,ok,,flexible
"PEPTIDE1{meA.dP.F.G.V.Phe(4-CF3).I}$PEPTIDE1,PEPTIDE1,1:R1-7:R2$$$",-7.49500000,ok,,flexible
"PEPTIDE1{dA.A.meL.I.F.Me_dA.Mono7}$PEPTIDE1,PEPTIDE1,1:R1-7:R2$$$",-6.56900000,ok,,flexible
"PEPTIDE1{meA.Pr_Gly.T.P.dP.Me_dL.Me_Phe(3-Cl)}$PEPTIDE1,PEPTIDE1,1:R1-7:R2$$$",-5.99300000,ok,,flexible
"PEPTIDE1{dV.meL.dL.Me_dA.T.meA.I}$PEPTIDE1,PEPTIDE1,1:R1-7:R2$$$",-5.15900000,ok,,flexible
"PEPTIDE1{Me_Bal.Sar.T.V.L.meA.A}$PEPTIDE1,PEPTIDE1,1:R1-7:R2$$$",-6.06200000,ok,,flexible
"PEPTIDE1{dA.Me_dA.L.T.meA.dF.V}$PEPTIDE1,PEPTIDE1,1:R1-7:R2$$$",-5.79900000,ok,,flexible
"PEPTIDE1{Me_Bal.T.meL.I.dP.Ser(tBu).G}$PEPTIDE1,PEPTIDE1,1:R1-7:R2$$$",-5.53400000,ok,,flexible
"PEPTIDE1{dV.P.G.dP.T.L.I}$PEPTIDE1,PEPTIDE1,1:R1-7:R2$$$",-6.22200000,ok,,flexible
"PEPTIDE1{dA.T.P.T.V.Me_dL.meL}$PEPTIDE1,PEPTIDE1,1:R1-7:R2$$$",-5.69400000,ok,,flexible
"PEPTIDE1{dA.Me_dA.meL.P.F.Phe(4-CF3).G}$PEPTIDE1,PEPTIDE1,1:R1-7:R2$$$",-6.29800000,ok,,flexible
"PEPTIDE1{meA.T.A.dP.I.P.L}$PEPTIDE1,PEPTIDE1,1:R1-7:R2$$$",-5.98900000,ok,,flexible
"PEPTIDE1{meA.meL.I.G.dP.F.F}$PEPTIDE1,PEPTIDE1,1:R1-7:R2$$$",-5.89900000,ok,,flexible
"PEPTIDE1{dA.meL.meA.F.Ser(tBu).meF.Ser(tBu)}$PEPTIDE1,PEPTIDE1,1:R1-7:R2$$$",-6.56600000,ok,,flexible
"PEPTIDE1{dV.P.Asp_piperidide.G.Me_Phe(3-Cl).dP.meL}$PEPTIDE1,PEPTIDE1,1:R1-7:R2$$$",-6.30200000,ok,,flexible
"PEPTIDE1{dV.dP.F.L.G.T.T}$PEPTIDE1,PEPTIDE1,1:R1-7:R2$$$",-6.19400000,ok,,flexible
"PEPTIDE1{Mono6.Me_dA.dP.P.Y.meL.P}$PEPTIDE1,PEPTIDE1,1:R1-7:R2$$$",-6.67200000,ok,,flexible
"PEPTIDE1{meA.A.meY.meL.Me_dL.P.dP}$PEPTIDE1,PEPTIDE1,1:R1-7:R2$$$",-6.79000000,ok,,flexible
"PEPTIDE1{Me_Bal.Pr_Gly.P.A.Me_dL.T.P}$PEPTIDE1,PEPTIDE1,1:R1-7:R2$$$",-5.97900000,ok,,flexible
"PEPTIDE1{dV.dP.P.dP.F.G.meL}$PEPTIDE1,PEPTIDE1,1:R1-7:R2$$$",-6.66800000,ok,,flexible
"PEPTIDE1{dP.A.dF.P.L.I.dA}$PEPTIDE1,PEPTIDE1,1:R1-7:R2$$$",-6.30100000,ok,,flexible
"PEPTIDE1{Mono6.dP.F.G.D.meL.Me_Phe(3-Cl)}$PEPTIDE1,PEPTIDE1,1:R1-7:R2$$$",-7.03500000,ok,,flexible
"PEPTIDE1{Me_Bal.meA.I.P.Me_Phe(3-Cl).Me_dL.meL}$PEPTIDE1,PEPTIDE1,1:R1-7:R2$$$",-6.27000000,ok,,flexible
"PEPTIDE1{Mono6.Me_dA.meL.pentyl_Gly.A.Mono86.L}$PEPTIDE1,PEPTIDE1,1:R1-7:R2$$$",-5.16700000,ok,,flexible
"PEPTIDE1{Me_Bal.P.dP.Asp_piperidide.P.meL.G}$PEPTIDE1,PEPTIDE1,1:R1-7:R2$$$",-6.68300000,ok,,flexible
"PEPTIDE1{P.Me_dA.dP.T.meL.Me_dL.meY}$PEPTIDE1,PEPTIDE1,1:R1-7:R2$$$",-6.65000000,ok,,flexible
"PEPTIDE1{Mono6.T.Mono86.Ser(tBu).Me_dL.P.meL}$PEPTIDE1,PEPTIDE1,1:R1-7:R2$$$",-5.85700000,ok,,flexible
"PEPTIDE1{A.meA.Me_dL.meL.dP.Me_dL.V}$PEPTIDE1,PEPTIDE1,1:R1-7:R2$$$",-5.98800000,ok,,flexible
"PEPTIDE1{Me_dA.T.V.meL.P.I.T}$PEPTIDE1,PEPTIDE1,1:R1-7:R2$$$",-5.71100000,ok,,flexible
"PEPTIDE1{dP.F.meA.G.P.dF.A}$PEPTIDE1,PEPTIDE1,1:R1-7:R2$$$",-7.29600000,ok,,flexible
"PEPTIDE1{meA.F.G.dP.I.T.P}$PEPTIDE1,PEPTIDE1,1:R1-7:R2$$$",-6.39200000,ok,,flexible
"PEPTIDE1{Mono6.Mono84.P.T.L.meL.L}$PEPTIDE1,PEPTIDE1,1:R1-7:R2$$$",-5.98100000,ok,,flexible
"PEPTIDE1{dF.dP.I.L.A.meL.Me_Phe(3-Cl)}$PEPTIDE1,PEPTIDE1,1:R1-7:R2$$$",-5.89100000,ok,,flexible
"PEPTIDE1{Me_dA.meL.A.Mono86.meA.V.G}$PEPTIDE1,PEPTIDE1,1:R1-7:R2$$$",-6.06200000,ok,,flexible
"PEPTIDE1{Mono6.meL.dP.T.F.Sar.I}$PEPTIDE1,PEPTIDE1,1:R1-7:R2$$$",-5.87900000,ok,,flexible
"PEPTIDE1{dV.P.F.D.meL.G.G}$PEPTIDE1,PEPTIDE1,1:R1-7:R2$$$",-5.97400000,ok,,flexible
"PEPTIDE1{Me_dA.Pr_Gly.Aib.Ser(tBu).dL.T.dP}$PEPTIDE1,PEPTIDE1,1:R1-7:R2$$$",-5.50600000,ok,,flexible
"PEPTIDE1{A.dP.V.meL.P.L.P}$PEPTIDE1,PEPTIDE1,1:R1-7:R2$$$",-6.47900000,ok,,flexible
"PEPTIDE1{Me_Bal.dP.dP.G.meL.T.P}$PEPTIDE1,PEPTIDE1,1:R1-7:R2$$$",-6.61400000,ok,,flexible
"PEPTIDE1{Mono6.P.dP.V.A.Me_Phe(3-Cl).Nle}$PEPTIDE1,PEPTIDE1,1:R1-7:R2$$$",-6.50300000,ok,,flexible
"PEPTIDE1{dV.Me_dA.meF.V.meA.dP.meL}$PEPTIDE1,PEPTIDE1,1:R1-7:R2$$$",-6.04700000,ok,,flexible
"PEPTIDE1{Me_dA.meA.L.P.meY.I.P}$PEPTIDE1,PEPTIDE1,1:R1-7:R2$$$",-6.91400000,ok,,flexible
"PEPTIDE1{Me_dA.A.Ser(tBu).I.T.V.I}$PEPTIDE1,PEPTIDE1,1:R1-7:R2$$$",-5.73600000,ok,,flexible
"PEPTIDE1{Me_dA.T.V.I.F.P.dP}$PEPTIDE1,PEPTIDE1,1:R1-7:R2$$$",-6.58300000,ok,,flexible
"PEPTIDE1{meA.dF.P.Ser(tBu).T.dP.F}$PEPTIDE1,PEPTIDE1,1:R1-7:R2$$$",-6.22000000,ok,,flexible
"PEPTIDE1{Me_Bal.cHexCH2_Gly.F.meL.P.Me_Phe(3-Cl).T}$PEPTIDE1,PEPTIDE1,1:R1-7:R2$$$",-6.12500000,ok,,flexible
"PEPTIDE1{F.L.T.G.Ser(tBu).Sar.P}$PEPTIDE1,PEPTIDE1,1:R1-7:R2$$$",-5.64500000,ok,,flexible
"PEPTIDE1{meA.F.I.dL.dP.L.T}$PEPTIDE1,PEPTIDE1,1:R1-7:R2$$$",-6.36100000,ok,,flexible
"PEPTIDE1{meA.Me_dA.meL.Me_dL.L.T.dL}$PEPTIDE1,PEPTIDE1,1:R1-7:R2$$$",-5.99600000,ok,,flexible
"PEPTIDE1{Sar.P.T.meA.I.L.Me_dL}$PEPTIDE1,PEPTIDE1,1:R1-7:R2$$$",-5.90600000,ok,,flexible
"PEPTIDE1{L.Me_dAbu.T.dP.T.Et_Gly.Phe(4-CF3)}$PEPTIDE1,PEPTIDE1,1:R1-7:R2$$$",-6.41400000,ok,,flexible
"PEPTIDE1{Me_dA.dP.Me_dL.T.meL.P.meY}$PEPTIDE1,PEPTIDE1,1:R1-7:R2$$$",-6.05900000,ok,,flexible
"PEPTIDE1{Me_Bal.I.Pr_Gly.Me_Phe(3-Cl).dP.P.F}$PEPTIDE1,PEPTIDE1,1:R1-7:R2$$$",-5.93500000,ok,,flexible
"PEPTIDE1{Mono6.Me_dL.dP.D.P.G.P}$PEPTIDE1,PEPTIDE1,1:R1-7:R2$$$",-6.92400000,ok,,flexible
"PEPTIDE1{Me_Bal.Mono38.pentyl_Gly.G.D.Ser(tBu).P}$PEPTIDE1,PEPTIDE1,1:R1-7:R2$$$",-5.66400000,ok,,flexible
"PEPTIDE1{meA.T.F.L.Me_dA.meF.P}$PEPTIDE1,PEPTIDE1,1:R1-7:R2$$$",-7.10300000,ok,,flexible
"PEPTIDE1{dA.F.meL.meA.meI.V.T}$PEPTIDE1,PEPTIDE1,1:R1-7:R2$$$",-5.75100000,ok,,flexible
"PEPTIDE1{dF.T.pentyl_Gly.G.dP.dP.Me_Phe(3-Cl)}$PEPTIDE1,PEPTIDE1,1:R1-7:R2$$$",-6.44300000,ok,,flexible
"PEPTIDE1{meA.Pr_Gly.Me_dA.Me_Phe(3-Cl).F.T.meL}$PEPTIDE1,PEPTIDE1,1:R1-7:R2$$$",-6.29500000,ok,,flexible
"PEPTIDE1{Me_Bal.L.meL.P.P.F.dP}$PEPTIDE1,PEPTIDE1,1:R1-7:R2$$$",-6.66800000,ok,,flexible
"PEPTIDE1{Mono6.P.I.meL.D.P.F}$PEPTIDE1,PEPTIDE1,1:R1-7:R2$$$",-5.92100000,ok,,flexible
"PEPTIDE1{Mono6.pentyl_Gly.I.P.T.A.meL}$PEPTIDE1,PEPTIDE1,1:R1-7:R2$$$",-5.92500000,ok,,flexible
"PEPTIDE1{Pr_Gly.dP.P.meL.T.T.P}$PEPTIDE1,PEPTIDE1,1:R1-7:R2$$$",-5.94400000,ok,,flexible
"PEPTIDE1{meA.dA.F.dP.Y.T.P}$PEPTIDE1,PEPTIDE1,1:R1-7:R2$$$",-7.20100000,ok,,flexible
"PEPTIDE1{dF.meL.dP.P.I.T.P}$PEPTIDE1,PEPTIDE1,1:R1-7:R2$$$",-6.16800000,ok,,flexible
"PEPTIDE1{meA.F.I.Ser(tBu).L.dP.meL}$PEPTIDE1,PEPTIDE1,1:R1-7:R2$$$",-5.58600000,ok,,flexible
"PEPTIDE1{Me_dA.Mono38.T.P.dP.Me_Phe(3-Cl).meL}$PEPTIDE1,PEPTIDE1,1:R1-7:R2$$$",-7.11100000,ok,,flexible
"PEPTIDE1{Me_Bal.Aib.Me_dA.T.Me_dL.Pr_Gly.F}$PEPTIDE1,PEPTIDE1,1:R1-7:R2$$$",-6.15400000,ok,,flexible
"PEPTIDE1{Mono6.Pr_Gly.Me_dL.T.G.dP.Y}$PEPTIDE1,PEPTIDE1,1:R1-7:R2$$$",-5.90500000,ok,,flexible
"PEPTIDE1{F.G.P.meL.dL.Me_Phe(3-Cl).V}$PEPTIDE1,PEPTIDE1,1:R1-7:R2$$$",-6.04800000,ok,,flexible
"PEPTIDE1{Me_dA.Pr_Gly.Ser(tBu).T.Me_Phe(3-Cl).P.dL}$PEPTIDE1,PEPTIDE1,1:R1-7:R2$$$",-6.37300000,ok,,flexible
"PEPTIDE1{meA.P.Y.I.G.P.T}$PEPTIDE1,PEPTIDE1,1:R1-7:R2$$$",-6.89800000,ok,,flexible
"PEPTIDE1{dF.F.T.V.T.Me_dL.I}$PEPTIDE1,PEPTIDE1,1:R1-7:R2$$$",-5.36800000,ok,,flexible
"PEPTIDE1{F.T.Me_Phe(3-Cl).Mono84.P.dP.meL}$PEPTIDE1,PEPTIDE1,1:R1-7:R2$$$",-7.12900000,ok,,flexible
"PEPTIDE1{P.dP.Me_dA.Pr_Gly.meL.Me_dL.L}$PEPTIDE1,PEPTIDE1,1:R1-7:R2$$$",-5.94400000,ok,,flexible
"PEPTIDE1{Pr_Gly.P.P.P.F.Asp_piperidide.dP}$PEPTIDE1,PEPTIDE1,1:R1-7:R2$$$",-6.78100000,ok,,flexible
"PEPTIDE1{dA.P.P.I.G.meL.V}$PEPTIDE1,PEPTIDE1,1:R1-7:R2$$$",-7.11400000,ok,,flexible
"PEPTIDE1{Me_Bal.meL.P.dP.dP.G.Y}$PEPTIDE1,PEPTIDE1,1:R1-7:R2$$$",-6.96100000,ok,,flexible
"PEPTIDE1{dP.meA.Me_dL.dA.Me_dA.T.meL}$PEPTIDE1,PEPTIDE1,1:R1-7:R2$$$",-6.26600000,ok,,flexible
"PEPTIDE1{dA.cHexCH2_Gly.meL.I.V.T.Ser(tBu)}$PEPTIDE1,PEPTIDE1,1:R1-7:R2$$$",-5.68200000,ok,,flexible
"PEPTIDE1{meA.dP.I.I.V.L.Me_dL}$PEPTIDE1,PEPTIDE1,1:R1-7:R2$$$",-5.36300000,ok,,flexible
"PEPTIDE1{Me_Bal.T.Sar.P.dF.P.V}$PEPTIDE1,PEPTIDE1,1:R1-7:R2$$$",-7.16400000,ok,,flexible
"PEPTIDE1{P.Pr_Gly.F.dF.meL.meA.I}$PEPTIDE1,PEPTIDE1,1:R1-7:R2$$$",-5.82600000,ok,,flexible
"PEPTIDE1{dP.meA.G.Me_dL.P.Me_Phe(3-Cl).G}$PEPTIDE1,PEPTIDE1,1:R1-7:R2$$$",-7.88800000,ok,,flexible
"PEPTIDE1{dA.G.T.dP.P.dY.F}$PEPTIDE1,PEPTIDE1,1:R1-7:R2$$$",-6.69900000,ok,,flexible
"PEPTIDE1{Me_Bal.Me_dA.meL.T.I.F.G}$PEPTIDE1,PEPTIDE1,1:R1-7:R2$$$",-6.11700000,ok,,flexible
"PEPTIDE1{Mono6.meA.Pr_Gly.dF.Me_dA.Me_dL.F}$PEPTIDE1,PEPTIDE1,1:R1-7:R2$$$",-5.44600000,ok,,flexible
"PEPTIDE1{dV.pentyl_Gly.A.L.Ser(tBu).dL.Me_Nle}$PEPTIDE1,PEPTIDE1,1:R1-7:R2$$$",-4.63700000,ok,,flexible
"PEPTIDE1{P.F.A.Ser(tBu).dA.meA.dL}$PEPTIDE1,PEPTIDE1,1:R1-7:R2$$$",-6.87400000,ok,,flexible
"PEPTIDE1{Me_dA.meL.Ala(5-Tet).P.dP.T.P}$PEPTIDE1,PEPTIDE1,1:R1-7:R2$$$",-6.41100000,ok,,flexible
"PEPTIDE1{Me_dA.dP.I.T.L.dL.V}$PEPTIDE1,PEPTIDE1,1:R1-7:R2$$$",-5.65700000,ok,,flexible
"PEPTIDE1{Pr_Gly.P.meL.F.T.I.G}$PEPTIDE1,PEPTIDE1,1:R1-7:R2$$$",-5.60600000,ok,,flexible
"PEPTIDE1{dA.dPye.meL.F.T.Me_dL.Me_Phe(3-Cl)}$PEPTIDE1,PEPTIDE1,1:R1-7:R2$$$",-5.69400000,ok,,flexible
"PEPTIDE1{Me_Bal.P.F.P.Asp_piperidide.Y.meL}$PEPTIDE1,PEPTIDE1,1:R1-7:R2$$$",-6.98400000,ok,,flexible
"PEPTIDE1{Me_Bal.Mono84.L.P.dP.F.P}$PEPTIDE1,PEPTIDE1,1:R1-7:R2$$$",-7.17400000,ok,,flexible
"PEPTIDE1{A.T.dP.T.L.F.P}$PEPTIDE1,PEPTIDE1,1:R1-7:R2$$$",-6.44900000,ok,,flexible
"PEPTIDE1{dA.P.F.L.A.V.I}$PEPTIDE1,PEPTIDE1,1:R1-7:R2$$$",-6.90500000,ok,,flexible
"PEPTIDE1{meA.dP.Me_dL.P.F.G.meY}$PEPTIDE1,PEPTIDE1,1:R1-7:R2$$$",-7.74400000,ok,,flexible
"PEPTIDE1{Me_dA.P.meL.I.A.dP.T}$PEPTIDE1,PEPTIDE1,1:R1-7:R2$$$",-6.12900000,ok,,flexible
"PEPTIDE1{A.L.meF.dL.dP.T.F}$PEPTIDE1,PEPTIDE1,1:R1-7:R2$$$",-6.66600000,ok,,flexible
"PEPTIDE1{Mono6.P.L.I.meA.F.V}$PEPTIDE1,PEPTIDE1,1:R1-7:R2$$$",-6.12400000,ok,,flexible
"PEPTIDE1{meA.Pr_Gly.T.L.Me_dA.Mono7.I}$PEPTIDE1,PEPTIDE1,1:R1-7:R2$$$",-5.25600000,ok,,flexible
"PEPTIDE1{dF.T.Mono6.F.P.meL.dP}$PEPTIDE1,PEPTIDE1,1:R1-7:R2$$$",-6.71300000,ok,,flexible
"PEPTIDE1{meA.dA.G.T.L.A.T}$PEPTIDE1,PEPTIDE1,1:R1-7:R2$$$",-6.60000000,ok,,flexible
"PEPTIDE1{Me_dA.meA.meL.Y.P.F.T}$PEPTIDE1,PEPTIDE1,1:R1-7:R2$$$",-7.02900000,ok,,flexible
"PEPTIDE1{Me_Bal.Me_Nle.dP.Me_Phe(3-Cl).T.I.meF}$PEPTIDE1,PEPTIDE1,1:R1-7:R2$$$",-6.26800000,ok,,flexible
"PEPTIDE1{Me_dA.meL.T.P.F.V.T}$PEPTIDE1,PEPTIDE1,1:R1-7:R2$$$",-5.92200000,ok,,flexible
"PEPTIDE1{meA.T.D.G.F.I.Y}$PEPTIDE1,PEPTIDE1,1:R1-7:R2$$$",-6.53100000,ok,,flexible
"PEPTIDE1{dF.T.Asp_piperidide.dP.dP.I.P}$PEPTIDE1,PEPTIDE1,1:R1-7:R2$$$",-6.14300000,ok,,flexible
"PEPTIDE1{Mono6.T.dP.L.dP.meL.Mono100}$PEPTIDE1,PEPTIDE1,1:R1-7:R2$$$",-6.03100000,ok,,flexible
"PEPTIDE1{dV.meY.D.F.dP.I.T}$PEPTIDE1,PEPTIDE1,1:R1-7:R2$$$",-5.91900000,ok,,flexible
"PEPTIDE1{Mono6.dP.T.V.P.T.P}$PEPTIDE1,PEPTIDE1,1:R1-7:R2$$$",-6.58100000,ok,,flexible
"PEPTIDE1{dA.Pr_Gly.meA.dF.F.Me_dL.meL}$PEPTIDE1,PEPTIDE1,1:R1-7:R2$$$",-5.70700000,ok,,flexible
"PEPTIDE1{meA.T.P.I.P.dP.meY}$PEPTIDE1,PEPTIDE1,1:R1-7:R2$$$",-6.42300000,ok,,flexible
"PEPTIDE1{Me_dA.A.P.G.L.meL.P}$PEPTIDE1,PEPTIDE1,1:R1-7:R2$$$",-7.48000000,ok,,flexible
"PEPTIDE1{Mono6.pentyl_Gly.Mono38.dL.T.L.dP}$PEPTIDE1,PEPTIDE1,1:R1-7:R2$$$",-5.83300000,ok,,flexible
"PEPTIDE1{meA.A.pentyl_Gly.meL.T.T.dP}$PEPTIDE1,PEPTIDE1,1:R1-7:R2$$$",-6.24000000,ok,,flexible
"PEPTIDE1{A.D.P.I.V.G.Y}$PEPTIDE1,PEPTIDE1,1:R1-7:R2$$$",-6.38000000,ok,,flexible
"PEPTIDE1{Mono6.P.meA.F.A.I.Me_dL}$PEPTIDE1,PEPTIDE1,1:R1-7:R2$$$",-6.71300000,ok,,flexible
"PEPTIDE1{meA.P.I.P.dP.V.I}$PEPTIDE1,PEPTIDE1,1:R1-7:R2$$$",-6.09800000,ok,,flexible
"PEPTIDE1{Me_Bal.A.T.meA.L.T.P}$PEPTIDE1,PEPTIDE1,1:R1-7:R2$$$",-6.35500000,ok,,flexible
"PEPTIDE1{Pr_Gly.dP.Me_Phe(3-Cl).meA.F.Me_dA.meF}$PEPTIDE1,PEPTIDE1,1:R1-7:R2$$$",-6.93100000,ok,,flexible
"PEPTIDE1{Mono6.meA.meY.P.P.meL.dP}$PEPTIDE1,PEPTIDE1,1:R1-7:R2$$$",-7.06500000,ok,,flexible
"PEPTIDE1{Me_Bal.meF.I.A.P.Me_dL.dP}$PEPTIDE1,PEPTIDE1,1:R1-7:R2$$$",-6.78200000,ok,,flexible
"PEPTIDE1{Me_Bal.P.P.T.dP.F.I}$PEPTIDE1,PEPTIDE1,1:R1-7:R2$$$",-6.59700000,ok,,flexible
"PEPTIDE1{Me_dA.Me_dL.F.P.dP.meL.P}$PEPTIDE1,PEPTIDE1,1:R1-7:R2$$$",-6.73900000,ok,,flexible
"PEPTIDE1{Mono6.P.meL.V.P.I.P}$PEPTIDE1,PEPTIDE1,1:R1-7:R2$$$",-6.80300000,ok,,flexible
"PEPTIDE1{L.T.T.dP.G.Y.P}$PEPTIDE1,PEPTIDE1,1:R1-7:R2$$$",-6.54400000,ok,,flexible
"PEPTIDE1{A.Me_dL.P.dP.I.T.Phe(4-CF3)}$PEPTIDE1,PEPTIDE1,1:R1-7:R2$$$",-6.20300000,ok,,flexible
"PEPTIDE1{Mono6.Me_dL.D.meA.Sar.Me_dA.V}$PEPTIDE1,PEPTIDE1,1:R1-7:R2$$$",-6.25800000,ok,,flexible
"PEPTIDE1{Me_Bal.meL.T.F.Me_Phe(3-Cl).Et_Gly.dP}$PEPTIDE1,PEPTIDE1,1:R1-7:R2$$$",-6.11300000,ok,,flexible
"PEPTIDE1{dP.Pr_Gly.F.dL.dA.Me_dL.I}$PEPTIDE1,PEPTIDE1,1:R1-7:R2$$$",-5.84000000,ok,,flexible
"PEPTIDE1{dV.dP.P.meL.T.V.Me_dL}$PEPTIDE1,PEPTIDE1,1:R1-7:R2$$$",-5.64200000,ok,,flexible
"PEPTIDE1{Mono6.pentyl_Gly.dP.I.meL.L.D}$PEPTIDE1,PEPTIDE1,1:R1-7:R2$$$",-5.70400000,ok,,flexible
"PEPTIDE1{Mono6.P.T.G.dP.Y.F}$PEPTIDE1,PEPTIDE1,1:R1-7:R2$$$",-6.80100000,ok,,flexible
"PEPTIDE1{meA.L.L.Me_dL.I.dL.dP}$PEPTIDE1,PEPTIDE1,1:R1-7:R2$$$",-5.43400000,ok,,flexible
"PEPTIDE1{meA.Mono38.A.dP.Me_dA.T.G}$PEPTIDE1,PEPTIDE1,1:R1-7:R2$$$",-6.99300000,ok,,flexible
"PEPTIDE1{Mono6.meA.Me_dL.Me_dA.dP.F.L}$PEPTIDE1,PEPTIDE1,1:R1-7:R2$$$",-6.26200000,ok,,flexible
"PEPTIDE1{Me_dA.P.meL.T.V.Y.Me_Phe(3-Cl)}$PEPTIDE1,PEPTIDE1,1:R1-7:R2$$$",-5.76100000,ok,,flexible
"PEPTIDE1{meA.Sar.pentyl_Gly.cHexCH2_Gly.P.F.meL}$PEPTIDE1,PEPTIDE1,1:R1-7:R2$$$",-6.86000000,ok,,flexible
"PEPTIDE1{A.F.Me_dL.dP.V.G.meL}$PEPTIDE1,PEPTIDE1,1:R1-7:R2$$$",-5.93200000,ok,,flexible
"PEPTIDE1{Mono6.meL.P.dP.Asp_piperidide.Me_dL.G}$PEPTIDE1,PEPTIDE1,1:R1-7:R2$$$",-6.31900000,ok,,flexible
"PEPTIDE1{dV.Y.G.I.P.D.F}$PEPTIDE1,PEPTIDE1,1:R1-7:R2$$$",-7.01300000,ok,,flexible
"PEPTIDE1{dF.Mono38.cHexCH2_Gly.L.I.P.I}$PEPTIDE1,PEPTIDE1,1:R1-7:R2$$$",-5.55100000,ok,,flexible
"PEPTIDE1{Me_Bal.Me_dL.meL.dL.Me_dL.L.T}$PEPTIDE1,PEPTIDE1,1:R1-7:R2$$$",-5.05200000,ok,,flexible
"PEPTIDE1{Me_Bal.F.A.meL.L.T.L}$PEPTIDE1,PEPTIDE1,1:R1-7:R2$$$",-6.68300000,ok,,flexible
"PEPTIDE1{dP.A.meA.Ser(tBu).I.T.meL}$PEPTIDE1,PEPTIDE1,1:R1-7:R2$$$",-5.36000000,ok,,flexible
"PEPTIDE1{Me_Bal.P.F.dP.T.Me_Phe(3-Cl).Nle}$PEPTIDE1,PEPTIDE1,1:R1-7:R2$$$",-6.17100000,ok,,flexible
"PEPTIDE1{Mono6.P.I.meL.T.I.F}$PEPTIDE1,PEPTIDE1,1:R1-7:R2$$$",-5.91900000,ok,,flexible
"PEPTIDE1{Me_dA.F.P.G.I.T.Sar}$PEPTIDE1,PEPTIDE1,1:R1-7:R2$$$",-7.04000000,ok,,flexible
"PEPTIDE1{dP.Me_dL.T.G.F.P.D}$PEPTIDE1,PEPTIDE1,1:R1-7:R2$$$",-7.11500000,ok,,flexible
"PEPTIDE1{Mono6.dP.P.P.Nle.T.T}$PEPTIDE1,PEPTIDE1,1:R1-7:R2$$$",-6.56400000,ok,,flexible
"PEPTIDE1{Me_dA.Pr_Gly.pentyl_Gly.G.dP.meF.T}$PEPTIDE1,PEPTIDE1,1:R1-7:R2$$$",-5.87000000,ok,,flexible
"PEPTIDE1{A.dL.dP.P.meL.Y.meY}$PEPTIDE1,PEPTIDE1,1:R1-7:R2$$$",-7.45800000,ok,,flexible
"PEPTIDE1{Me_dA.Me_dL.T.P.Asp_piperidide.Me_Phe(3-Cl).Et_Gly}$PEPTIDE1,PEPTIDE1,1:R1-7:R2$$$",-6.43700000,ok,,flexible
"PEPTIDE1{Sar.P.I.meL.Me_dL.L.F}$PEPTIDE1,PEPTIDE1,1:R1-7:R2$$$",-5.26300000,ok,,flexible
"PEPTIDE1{dA.meA.meL.I.Me_dL.F.Y}$PEPTIDE1,PEPTIDE1,1:R1-7:R2$$$",-5.83600000,ok,,flexible
"PEPTIDE1{F.P.Ser(tBu).P.Sar.A.I}$PEPTIDE1,PEPTIDE1,1:R1-7:R2$$$",-6.52000000,ok,,flexible
"PEPTIDE1{dF.I.dP.G.P.V.meL}$PEPTIDE1,PEPTIDE1,1:R1-7:R2$$$",-6.83700000,ok,,flexible
"PEPTIDE1{Mono6.dP.T.Me_dL.meL.meY.P}$PEPTIDE1,PEPTIDE1,1:R1-7:R2$$$",-5.83600000,ok,,flexible
"PEPTIDE1{Me_dA.I.A.T.L.dP.meL}$PEPTIDE1,PEPTIDE1,1:R1-7:R2$$$",-5.57100000,ok,,flexible
"PEPTIDE1{meA.dP.meL.Phe(4-CF3).P.T.P}$PEPTIDE1,PEPTIDE1,1:R1-7:R2$$$",-7.70300000,ok,,flexible
"PEPTIDE1{L.P.P.I.meL.F.dP}$PEPTIDE1,PEPTIDE1,1:R1-7:R2$$$",-6.25600000,ok,,flexible
"PEPTIDE1{Me_Bal.T.meL.T.V.dP.I}$PEPTIDE1,PEPTIDE1,1:R1-7:R2$$$",-6.24900000,ok,,flexible
"PEPTIDE1{Me_Bal.meL.P.Me_dA.Me_dL.dP.dP}$PEPTIDE1,PEPTIDE1,1:R1-7:R2$$$",-6.40500000,ok,,flexible
"PEPTIDE1{A.Me_dL.G.T.G.P.I}$PEPTIDE1,PEPTIDE1,1:R1-7:R2$$$",-5.96600000,ok,,flexible
"PEPTIDE1{Me_dA.dP.F.dL.V.meL.Me_dL}$PEPTIDE1,PEPTIDE1,1:R1-7:R2$$$",-6.14200000,ok,,flexible
"PEPTIDE1{dF.meA.P.T.dP.Me_dL.meL}$PEPTIDE1,PEPTIDE1,1:R1-7:R2$$$",-7.27100000,ok,,flexible
"PEPTIDE1{P.meA.T.dP.F.meL.dP}$PEPTIDE1,PEPTIDE1,1:R1-7:R2$$$",-6.35700000,ok,,flexible
"PEPTIDE1{A.F.T.L.Me_dL.dP.Me_Phe(3-Cl)}$PEPTIDE1,PEPTIDE1,1:R1-7:R2$$$",-6.29100000,ok,,flexible
"PEPTIDE1{Me_Bal.P.I.T.I.Me_Phe(3-Cl).L}$PEPTIDE1,PEPTIDE1,1:R1-7:R2$$$",-6.23500000,ok,,flexible
"PEPTIDE1{Mono6.Me_dL.meL.dP.F.meY.Pr_Gly}$PEPTIDE1,PEPTIDE1,1:R1-7:R2$$$",-5.40300000,ok,,flexible
"PEPTIDE1{Pr_Gly.Mono38.P.meL.L.meA.Me_Phe(3-Cl)}$PEPTIDE1,PEPTIDE1,1:R1-7:R2$$$",-6.27100000,ok,,flexible
"PEPTIDE1{L.P.Phe(4-CF3).P.Me_Phe(3-Cl).meL.G}$PEPTIDE1,PEPTIDE1,1:R1-7:R2$$$",-6.89900000,ok,,flexible
"PEPTIDE1{dV.dP.P.T.Me_Phe(3-Cl).G.F}$PEPTIDE1,PEPTIDE1,1:R1-7:R2$$$",-7.13000000,ok,,flexible
"PEPTIDE1{P.A.Me_Phe(3-Cl).T.F.dP.Me_dL}$PEPTIDE1,PEPTIDE1,1:R1-7:R2$$$",-6.70300000,ok,,flexible
"PEPTIDE1{dA.F.Me_dA.A.meA.T.Ser(tBu)}$PEPTIDE1,PEPTIDE1,1:R1-7:R2$$$",-6.14200000,ok,,flexible
"PEPTIDE1{Me_Bal.L.A.Ser(tBu).T.P.dP}$PEPTIDE1,PEPTIDE1,1:R1-7:R2$$$",-6.17200000,ok,,flexible
"PEPTIDE1{Me_Bal.A.meA.T.P.L.P}$PEPTIDE1,PEPTIDE1,1:R1-7:R2$$$",-7.11000000,ok,,flexible
"PEPTIDE1{Me_Bal.A.F.dV.I.L.V}$PEPTIDE1,PEPTIDE1,1:R1-7:R2$$$",-5.51700000,ok,,flexible
"PEPTIDE1{Me_dA.Pr_Gly.A.Me_dL.meL.meY.dP}$PEPTIDE1,PEPTIDE1,1:R1-7:R2$$$",-5.72700000,ok,,flexible
"PEPTIDE1{L.P.T.Asp_piperidide.G.P.Me_Phe(3-Cl)}$PEPTIDE1,PEPTIDE1,1:R1-7:R2$$$",-6.50200000,ok,,flexible
"PEPTIDE1{Mono6.Me_dA.T.Nle.Me_Nle.P.meL}$PEPTIDE1,PEPTIDE1,1:R1-7:R2$$$",-5.89800000,ok,,flexible
"PEPTIDE1{F.L.P.meL.T.dP.I}$PEPTIDE1,PEPTIDE1,1:R1-7:R2$$$",-5.56100000,ok,,flexible
"PEPTIDE1{Mono6.Mono38.P.I.L.P.G}$PEPTIDE1,PEPTIDE1,1:R1-7:R2$$$",-5.79900000,ok,,flexible
"PEPTIDE1{Me_dA.dP.dP.P.V.D.T}$PEPTIDE1,PEPTIDE1,1:R1-7:R2$$$",-6.53100000,ok,,flexible
"PEPTIDE1{F.A.I.Mono86.Ser(tBu).V.P}$PEPTIDE1,PEPTIDE1,1:R1-7:R2$$$",-6.26800000,ok,,flexible
"PEPTIDE1{Me_Bal.T.Phe(4-CF3).meL.Me_Phe(3-Cl).G.dP}$PEPTIDE1,PEPTIDE1,1:R1-7:R2$$$",-7.12800000,ok,,flexible
"PEPTIDE1{dA.L.T.dL.meA.P.P}$PEPTIDE1,PEPTIDE1,1:R1-7:R2$$$",-6.32500000,ok,,flexible
"PEPTIDE1{Sar.dP.P.meL.V.L.A}$PEPTIDE1,PEPTIDE1,1:R1-7:R2$$$",-6.49900000,ok,,flexible
"PEPTIDE1{dF.F.Mono84.dP.L.P.T}$PEPTIDE1,PEPTIDE1,1:R1-7:R2$$$",-7.72500000,ok,,flexible
"PEPTIDE1{Me_Bal.meL.Asp_piperidide.P.F.T.Me_dL}$PEPTIDE1,PEPTIDE1,1:R1-7:R2$$$",-5.93600000,ok,,flexible
"PEPTIDE1{dA.dP.F.I.P.Me_dL.G}$PEPTIDE1,PEPTIDE1,1:R1-7:R2$$$",-6.44500000,ok,,flexible
"PEPTIDE1{dP.dA.A.F.Me_dA.Me_Phe(3-Cl).Me_dL}$PEPTIDE1,PEPTIDE1,1:R1-7:R2$$$",-7.05400000,ok,,flexible
"PEPTIDE1{Mono6.meL.L.P.T.Me_Phe(3-Cl).P}$PEPTIDE1,PEPTIDE1,1:R1-7:R2$$$",-6.02800000,ok,,flexible
"PEPTIDE1{dV.G.D.meL.T.G.F}$PEPTIDE1,PEPTIDE1,1:R1-7:R2$$$",-5.30200000,ok,,flexible
"PEPTIDE1{F.D.3Pal.G.L.Me_Phe(3-Cl).P}$PEPTIDE1,PEPTIDE1,1:R1-7:R2$$$",-6.66000000,ok,,flexible
"PEPTIDE1{meA.pentyl_Gly.V.T.Me_dA.F.dP}$PEPTIDE1,PEPTIDE1,1:R1-7:R2$$$",-6.27300000,ok,,flexible
"PEPTIDE1{Me_Bal.Pr_Gly.P.meL.meA.P.I}$PEPTIDE1,PEPTIDE1,1:R1-7:R2$$$",-6.14200000,ok,,flexible
"PEPTIDE1{dV.D.V.I.L.T.P}$PEPTIDE1,PEPTIDE1,1:R1-7:R2$$$",-5.79000000,ok,,flexible
"PEPTIDE1{dP.F.T.meF.Me_dL.P.meI}$PEPTIDE1,PEPTIDE1,1:R1-7:R2$$$",-5.73400000,ok,,flexible
"PEPTIDE1{dV.T.P.P.F.L.I}$PEPTIDE1,PEPTIDE1,1:R1-7:R2$$$",-6.06700000,ok,,flexible
"PEPTIDE1{Me_Bal.P.A.meL.I.Ser(tBu).Me_dL}$PEPTIDE1,PEPTIDE1,1:R1-7:R2$$$",-5.23300000,ok,,flexible
"PEPTIDE1{dP.Me_dA.F.meA.meL.T.I}$PEPTIDE1,PEPTIDE1,1:R1-7:R2$$$",-6.13000000,ok,,flexible
"PEPTIDE1{Sar.A.cHexCH2_Gly.T.I.dP.V}$PEPTIDE1,PEPTIDE1,1:R1-7:R2$$$",-5.62500000,ok,,flexible
"PEPTIDE1{Me_Bal.dA.P.P.F.F.G}$PEPTIDE1,PEPTIDE1,1:R1-7:R2$$$",-6.85600000,ok,,flexible
"PEPTIDE1{Me_Bal.T.I.Y.F.Sar.meL}$PEPTIDE1,PEPTIDE1,1:R1-7:R2$$$",-6.49400000,ok,,flexible
"PEPTIDE1{dP.T.P.Y.Me_Phe(3-Cl).F.meL}$PEPTIDE1,PEPTIDE1,1:R1-7:R2$$$",-6.86500000,ok,,flexible
"PEPTIDE1{Me_Bal.T.A.Me_dA.F.meF.meA}$PEPTIDE1,PEPTIDE1,1:R1-7:R2$$$",-6.73200000,ok,,flexible
"PEPTIDE1{dF.dP.I.T.I.meL.F}$PEPTIDE1,PEPTIDE1,1:R1-7:R2$$$",-5.97200000,ok,,flexible
"PEPTIDE1{Me_Bal.dP.Y.P.meL.meY.Me_Nle}$PEPTIDE1,PEPTIDE1,1:R1-7:R2$$$",-5.99900000,ok,,flexible
"PEPTIDE1{dA.V.T.F.F.dP.P}$PEPTIDE1,PEPTIDE1,1:R1-7:R2$$$",-6.66800000,ok,,flexible
"PEPTIDE1{Mono6.meY.meL.dP.T.P.dP}$PEPTIDE1,PEPTIDE1,1:R1-7:R2$$$",-6.79000000,ok,,flexible
"PEPTIDE1{Me_dA.P.P.Asp_piperidide.Me_dL.G.dP}$PEPTIDE1,PEPTIDE1,1:R1-7:R2$$$",-6.88900000,ok,,flexible
"PEPTIDE1{Pr_Gly.cHexCH2_Gly.dP.T.Mono84.Mono86.L}$PEPTIDE1,PEPTIDE1,1:R1-7:R2$$$",-6.22700000,ok,,flexible
"PEPTIDE1{dA.Mono38.T.L.F.Me_Phe(3-Cl).meF}$PEPTIDE1,PEPTIDE1,1:R1-7:R2$$$",-6.41300000,ok,,flexible
"PEPTIDE1{Me_dA.P.dP.meL.T.T.Me_Phe(3-Cl)}$PEPTIDE1,PEPTIDE1,1:R1-7:R2$$$",-6.47500000,ok,,flexible
"PEPTIDE1{Me_dA.Pr_Gly.L.Me_Phe(3-Cl).F.I.Me_dL}$PEPTIDE1,PEPTIDE1,1:R1-7:R2$$$",-5.42600000,ok,,flexible
"PEPTIDE1{dV.dPye.Sar.V.I.A.dA}$PEPTIDE1,PEPTIDE1,1:R1-7:R2$$$",-5.40300000,ok,,flexible
"PEPTIDE1{dA.F.D.dP.I.G.T}$PEPTIDE1,PEPTIDE1,1:R1-7:R2$$$",-6.25300000,ok,,flexible
"PEPTIDE1{dA.D.G.dP.V.I.Me_dL}$PEPTIDE1,PEPTIDE1,1:R1-7:R2$$$",-6.24400000,ok,,flexible
"PEPTIDE1{meA.P.I.meL.D.G.F}$PEPTIDE1,PEPTIDE1,1:R1-7:R2$$$",-6.21800000,ok,,flexible
"PEPTIDE1{A.Me_dL.dP.T.G.Y.I}$PEPTIDE1,PEPTIDE1,1:R1-7:R2$$$",-6.10200000,ok,,flexible
"PEPTIDE1{dV.Me_dA.P.meL.meY.D.Me_dL}$PEPTIDE1,PEPTIDE1,1:R1-7:R2$$$",-6.35900000,ok,,flexible
"PEPTIDE1{Me_dA.Me_Nle.L.P.F.I.Me_Phe(3-Cl)}$PEPTIDE1,PEPTIDE1,1:R1-7:R2$$$",-5.84200000,ok,,flexible
"PEPTIDE1{Me_Bal.F.Me_dL.P.L.T.V}$PEPTIDE1,PEPTIDE1,1:R1-7:R2$$$",-6.91900000,ok,,flexible
"PEPTIDE1{Me_dA.Me_dL.F.Pr_Gly.Me_dL.A.I}$PEPTIDE1,PEPTIDE1,1:R1-7:R2$$$",-5.49400000,ok,,flexible
"PEPTIDE1{dP.T.P.A.Me_dA.meL.F}$PEPTIDE1,PEPTIDE1,1:R1-7:R2$$$",-7.56800000,ok,,flexible
"PEPTIDE1{dA.F.meA.meL.T.I.L}$PEPTIDE1,PEPTIDE1,1:R1-7:R2$$$",-5.62900000,ok,,flexible
"PEPTIDE1{meL.Ser(tBu).L.Me_Phe(3-Cl).G.dP.T}$PEPTIDE1,PEPTIDE1,1:R1-7:R2$$$",-5.85900000,ok,,flexible
"PEPTIDE1{Mono6.meL.P.I.Me_dL.dP.F}$PEPTIDE1,PEPTIDE1,1:R1-7:R2$$$",-5.89600000,ok,,flexible
"PEPTIDE1{Me_dA.A.L.dL.Me_dL.dV.P}$PEPTIDE1,PEPTIDE1,1:R1-7:R2$$$",-5.87600000,ok,,flexible
"PEPTIDE1{Me_Bal.meY.meL.T.dP.P.F}$PEPTIDE1,PEPTIDE1,1:R1-7:R2$$$",-6.64200000,ok,,flexible
"PEPTIDE1{P.Me_dA.T.meA.L.A.Et_Gly}$PEPTIDE1,PEPTIDE1,1:R1-7:R2$$$",-6.11800000,ok,,flexible
"PEPTIDE1{dF.P.L.Me_Phe(3-Cl).V.F.I}$PEPTIDE1,PEPTIDE1,1:R1-7:R2$$$",-5.24500000,ok,,flexible
"PEPTIDE1{Mono6.L.P.P.A.V.T}$PEPTIDE1,PEPTIDE1,1:R1-7:R2$$$",-6.03700000,ok,,flexible
"PEPTIDE1{dF.I.D.T.dP.F.P}$PEPTIDE1,PEPTIDE1,1:R1-7:R2$$$",-6.91100000,ok,,flexible
"PEPTIDE1{Mono6.P.dP.P.V.L.I}$PEPTIDE1,PEPTIDE1,1:R1-7:R2$$$",-6.85200000,ok,,flexible
"PEPTIDE1{Mono6.dP.P.T.Me_dL.dP.F}$PEPTIDE1,PEPTIDE1,1:R1-7:R2$$$",-6.43000000,ok,,flexible
"PEPTIDE1{A.T.meA.P.meL.Me_dL.P}$PEPTIDE1,PEPTIDE1,1:R1-7:R2$$$",-5.97600000,ok,,flexible
"PEPTIDE1{Mono6.pentyl_Gly.I.T.meL.dL.dP}$PEPTIDE1,PEPTIDE1,1:R1-7:R2$$$",-5.04600000,ok,,flexible
"PEPTIDE1{dA.meL.T.F.meA.I.L}$PEPTIDE1,PEPTIDE1,1:R1-7:R2$$$",-5.47700000,ok,,flexible
"PEPTIDE1{meA.P.I.dP.G.V.T}$PEPTIDE1,PEPTIDE1,1:R1-7:R2$$$",-6.60000000,ok,,flexible
"PEPTIDE1{P.L.I.dP.F.T.Mono84}$PEPTIDE1,PEPTIDE1,1:R1-7:R2$$$",-6.16800000,ok,,flexible
"PEPTIDE1{dA.dL.Me_dA.F.meL.meA.dF}$PEPTIDE1,PEPTIDE1,1:R1-7:R2$$$",-6.20600000,ok,,flexible
"PEPTIDE1{dV.dP.G.F.D.I.meL}$PEPTIDE1,PEPTIDE1,1:R1-7:R2$$$",-6.18500000,ok,,flexible
"PEPTIDE1{Me_Bal.F.P.meL.A.T.T}$PEPTIDE1,PEPTIDE1,1:R1-7:R2$$$",-6.76500000,ok,,flexible
"PEPTIDE1{dA.L.I.pentyl_Gly.Mono86.Ser(tBu).T}$PEPTIDE1,PEPTIDE1,1:R1-7:R2$$$",-5.85700000,ok,,flexible
"PEPTIDE1{meA.F.meL.T.L.P.Ser(tBu)}$PEPTIDE1,PEPTIDE1,1:R1-7:R2$$$",-6.78400000,ok,,flexible
"PEPTIDE1{A.dP.T.T.P.P.F}$PEPTIDE1,PEPTIDE1,1:R1-7:R2$$$",-6.41800000,ok,,flexible
"PEPTIDE1{F.cHexCH2_Gly.Mono38.meL.Ser(tBu).I.Mono84}$PEPTIDE1,PEPTIDE1,1:R1-7:R2$$$",-5.66200000,ok,,flexible
"PEPTIDE1{L.P.P.Me_Phe(3-Cl).meL.G.D}$PEPTIDE1,PEPTIDE1,1:R1-7:R2$$$",-5.74100000,ok,,flexible
"PEPTIDE1{dA.Pr_Gly.A.P.Me_dL.T.L}$PEPTIDE1,PEPTIDE1,1:R1-7:R2$$$",-5.88800000,ok,,flexible
"PEPTIDE1{Me_Bal.dP.A.F.Me_dL.P.L}$PEPTIDE1,PEPTIDE1,1:R1-7:R2$$$",-6.46800000,ok,,flexible
"PEPTIDE1{Me_dA.dP.Me_dL.F.P.meL.G}$PEPTIDE1,PEPTIDE1,1:R1-7:R2$$$",-6.16400000,ok,,flexible
"PEPTIDE1{meA.Me_dL.L.T.P.I.dP}$PEPTIDE1,PEPTIDE1,1:R1-7:R2$$$",-5.78200000,ok,,flexible
"PEPTIDE1{meA.Me_dAbu.dP.Me_Phe(3-Cl).L.F.meL}$PEPTIDE1,PEPTIDE1,1:R1-7:R2$$$",-6.79500000,ok,,flexible
"PEPTIDE1{dA.P.Me_dL.T.I.meL.G}$PEPTIDE1,PEPTIDE1,1:R1-7:R2$$$",-5.91800000,ok,,flexible
"PEPTIDE1{dA.P.Ser(tBu).Mono86.dL.G.dP}$PEPTIDE1,PEPTIDE1,1:R1-7:R2$$$",-6.27000000,ok,,flexible
"PEPTIDE1{Me_Bal.P.F.P.dP.T.T}$PEPTIDE1,PEPTIDE1,1:R1-7:R2$$$",-7.42600000,ok,,flexible
"PEPTIDE1{dP.Pr_Gly.T.P.Me_dL.Mono34.F}$PEPTIDE1,PEPTIDE1,1:R1-7:R2$$$",-5.47200000,ok,,flexible
"PEPTIDE1{Me_Bal.meA.dL.Me_dA.F.P.dP}$PEPTIDE1,PEPTIDE1,1:R1-7:R2$$$",-6.97900000,ok,,flexible
"PEPTIDE1{meA.Me_dA.F.dF.G.meL.I}$PEPTIDE1,PEPTIDE1,1:R1-7:R2$$$",-5.38400000,ok,,flexible
"PEPTIDE1{meA.F.meL.P.L.T.I}$PEPTIDE1,PEPTIDE1,1:R1-7:R2$$$",-6.12500000,ok,,flexible
"PEPTIDE1{meA.F.meY.P.Me_dAbu.P.Me_dL}$PEPTIDE1,PEPTIDE1,1:R1-7:R2$$$",-7.11500000,ok,,flexible
"PEPTIDE1{Me_dA.P.Ala(5-Tet).T.meL.V.dP}$PEPTIDE1,PEPTIDE1,1:R1-7:R2$$$",-6.37100000,ok,,flexible
"PEPTIDE1{F.T.meA.L.P.T.P}$PEPTIDE1,PEPTIDE1,1:R1-7:R2$$$",-6.35000000,ok,,flexible
"PEPTIDE1{Mono6.dP.L.Mono84.I.P.dL}$PEPTIDE1,PEPTIDE1,1:R1-7:R2$$$",-6.60600000,ok,,flexible
"PEPTIDE1{Mono6.F.meL.V.dP.Me_dL.I}$PEPTIDE1,PEPTIDE1,1:R1-7:R2$$$",-6.06100000,ok,,flexible
"PEPTIDE1{Mono6.T.dP.P.F.P.V}$PEPTIDE1,PEPTIDE1,1:R1-7:R2$$$",-6.61700000,ok,,flexible
"PEPTIDE1{Me_Bal.Ser(tBu).P.F.L.I.dL}$PEPTIDE1,PEPTIDE1,1:R1-7:R2$$$",-5.71700000,ok,,flexible
"PEPTIDE1{L.P.F.meL.G.Sar.P}$PEPTIDE1,PEPTIDE1,1:R1-7:R2$$$",-6.39500000,ok,,flexible
"PEPTIDE1{Me_Bal.Me_dL.dP.meL.T.Y.P}$PEPTIDE1,PEPTIDE1,1:R1-7:R2$$$",-6.87700000,ok,,flexible
"PEPTIDE1{Me_Bal.meL.F.P.dL.L.I}$PEPTIDE1,PEPTIDE1,1:R1-7:R2$$$",-6.16600000,ok,,flexible
"PEPTIDE1{dV.meL.F.meY.D.G.dP}$PEPTIDE1,PEPTIDE1,1:R1-7:R2$$$",-6.46300000,ok,,flexible
"PEPTIDE1{dF.L.dP.F.P.G.T}$PEPTIDE1,PEPTIDE1,1:R1-7:R2$$$",-6.96600000,ok,,flexible
"PEPTIDE1{dV.D.Sar.T.F.dP.V}$PEPTIDE1,PEPTIDE1,1:R1-7:R2$$$",-6.27400000,ok,,flexible
"PEPTIDE1{P.A.meF.L.dP.I.dL}$PEPTIDE1,PEPTIDE1,1:R1-7:R2$$$",-6.08900000,ok,,flexible
"PEPTIDE1{Me_Bal.L.Me_dA.dP.Me_Phe(3-Cl).G.V}$PEPTIDE1,PEPTIDE1,1:R1-7:R2$$$",-7.52900000,ok,,flexible
"PEPTIDE1{A.cHexCH2_Gly.Mono38.P.meL.T.dL}$PEPTIDE1,PEPTIDE1,1:R1-7:R2$$$",-6.24100000,ok,,flexible
"PEPTIDE1{Me_dA.P.L.pentyl_Gly.cHexCH2_Gly.T.I}$PEPTIDE1,PEPTIDE1,1:R1-7:R2$$$",-5.52000000,ok,,flexible
"PEPTIDE1{dV.L.pentyl_Gly.dP.meL.Mono84.P}$PEPTIDE1,PEPTIDE1,1:R1-7:R2$$$",-6.00600000,ok,,flexible
"PEPTIDE1{Mono6.Mono84.D.Me_Phe(3-Cl).P.I.F}$PEPTIDE1,PEPTIDE1,1:R1-7:R2$$$",-7.05200000,ok,,flexible
"PEPTIDE1{dA.meL.P.G.D.V.P}$PEPTIDE1,PEPTIDE1,1:R1-7:R2$$$",-6.48600000,ok,,flexible
"PEPTIDE1{Me_dA.F.I.T.V.F.T}$PEPTIDE1,PEPTIDE1,1:R1-7:R2$$$",-5.60800000,ok,,flexible
"PEPTIDE1{dF.Asp_piperidide.P.P.Me_Phe(3-Cl).T.F}$PEPTIDE1,PEPTIDE1,1:R1-7:R2$$$",-7.02500000,ok,,flexible
"PEPTIDE1{Mono6.dP.Mono84.L.P.meL.P}$PEPTIDE1,PEPTIDE1,1:R1-7:R2$$$",-7.22800000,ok,,flexible
"PEPTIDE1{Me_dA.T.P.V.T.meL.L}$PEPTIDE1,PEPTIDE1,1:R1-7:R2$$$",-5.35400000,ok,,flexible
"PEPTIDE1{P.Me_dA.dF.T.meL.F.T}$PEPTIDE1,PEPTIDE1,1:R1-7:R2$$$",-6.27400000,ok,,flexible
"PEPTIDE1{Mono6.Me_dL.meY.meL.G.dP.dP}$PEPTIDE1,PEPTIDE1,1:R1-7:R2$$$",-6.49500000,ok,,flexible
"PEPTIDE1{dV.meA.meL.T.A.P.Sar}$PEPTIDE1,PEPTIDE1,1:R1-7:R2$$$",-6.24000000,ok,,flexible
"PEPTIDE1{meA.Sar.Me_dL.V.meL.L.dL}$PEPTIDE1,PEPTIDE1,1:R1-7:R2$$$",-6.00500000,ok,,flexible
"PEPTIDE1{meA.Me_dA.L.meL.T.Me_dL.T}$PEPTIDE1,PEPTIDE1,1:R1-7:R2$$$",-5.39300000,ok,,flexible
"PEPTIDE1{Me_dA.meA.meL.G.P.F.I}$PEPTIDE1,PEPTIDE1,1:R1-7:R2$$$",-6.89800000,ok,,flexible
"PEPTIDE1{Me_Bal.cHexCH2_Gly.I.T.P.P.dP}$PEPTIDE1,PEPTIDE1,1:R1-7:R2$$$",-6.50200000,ok,,flexible
"PEPTIDE1{meA.Me_Nle.G.P.D.dP.F}$PEPTIDE1,PEPTIDE1,1:R1-7:R2$$$",-6.63200000,ok,,flexible
"PEPTIDE1{dA.P.dP.P.I.Sar.G}$PEPTIDE1,PEPTIDE1,1:R1-7:R2$$$",-6.92100000,ok,,flexible
"PEPTIDE1{dA.P.I.T.dP.P.G}$PEPTIDE1,PEPTIDE1,1:R1-7:R2$$$",-6.52300000,ok,,flexible
"PEPTIDE1{dV.T.T.P.L.F.G}$PEPTIDE1,PEPTIDE1,1:R1-7:R2$$$",-5.79100000,ok,,flexible
"PEPTIDE1{Me_Bal.P.D.F.dP.G.I}$PEPTIDE1,PEPTIDE1,1:R1-7:R2$$$",-7.00300000,ok,,flexible
"PEPTIDE1{meA.Asp_piperidide.T.G.meL.D.Y}$PEPTIDE1,PEPTIDE1,1:R1-7:R2$$$",-6.74500000,ok,,flexible
"PEPTIDE1{Me_Bal.dP.dP.P.T.meL.F}$PEPTIDE1,PEPTIDE1,1:R1-7:R2$$$",-6.72600000,ok,,flexible
"PEPTIDE1{Me_dA.A.G.I.V.dP.meL}$PEPTIDE1,PEPTIDE1,1:R1-7:R2$$$",-6.10200000,ok,,flexible
"PEPTIDE1{Me_dA.F.T.P.meL.dP.V}$PEPTIDE1,PEPTIDE1,1:R1-7:R2$$$",-6.52200000,ok,,flexible
"PEPTIDE1{dV.P.dP.F.P.G.dP}$PEPTIDE1,PEPTIDE1,1:R1-7:R2$$$",-7.35900000,ok,,flexible
"PEPTIDE1{Me_dA.A.I.P.meL.V.P}$PEPTIDE1,PEPTIDE1,1:R1-7:R2$$$",-5.74700000,ok,,flexible
"PEPTIDE1{F.dP.I.Nle.meL.L.G}$PEPTIDE1,PEPTIDE1,1:R1-7:R2$$$",-5.16000000,ok,,flexible
"PEPTIDE1{Mono6.T.L.Me_Phe(3-Cl).P.F.P}$PEPTIDE1,PEPTIDE1,1:R1-7:R2$$$",-6.31400000,ok,,flexible
"PEPTIDE1{Me_Bal.T.Me_dA.P.Me_dL.dP.Y}$PEPTIDE1,PEPTIDE1,1:R1-7:R2$$$",-6.92900000,ok,,flexible
"PEPTIDE1{dA.L.dP.meL.meF.T.Me_dL}$PEPTIDE1,PEPTIDE1,1:R1-7:R2$$$",-6.11600000,ok,,flexible
"PEPTIDE1{dA.G.T.Me_dL.dP.Me_dL.P}$PEPTIDE1,PEPTIDE1,1:R1-7:R2$$$",-6.04500000,ok,,flexible
"PEPTIDE1{Mono6.Me_dL.dP.P.meY.T.dP}$PEPTIDE1,PEPTIDE1,1:R1-7:R2$$$",-7.33300000,ok,,flexible
"PEPTIDE1{dA.meL.P.Sar.dP.P.G}$PEPTIDE1,PEPTIDE1,1:R1-7:R2$$$",-7.00600000,ok,,flexible
"PEPTIDE1{meA.A.P.Me_Phe(3-Cl).meL.L.F}$PEPTIDE1,PEPTIDE1,1:R1-7:R2$$$",-7.00600000,ok,,flexible
"PEPTIDE1{meA.Pr_Gly.G.P.D.meL.Me_dL}$PEPTIDE1,PEPTIDE1,1:R1-7:R2$$$",-5.89000000,ok,,flexible
"PEPTIDE1{Mono6.meL.L.I.meA.Me_dL.A}$PEPTIDE1,PEPTIDE1,1:R1-7:R2$$$",-6.19200000,ok,,flexible
"PEPTIDE1{L.Ser(tBu).meL.dP.F.I.D}$PEPTIDE1,PEPTIDE1,1:R1-7:R2$$$",-5.55900000,ok,,flexible
"PEPTIDE1{Me_dA.dP.P.Me_dL.dP.D.meY}$PEPTIDE1,PEPTIDE1,1:R1-7:R2$$$",-6.88700000,ok,,flexible
"PEPTIDE1{Mono6.F.dP.P.I.P.Me_dL}$PEPTIDE1,PEPTIDE1,1:R1-7:R2$$$",-6.17500000,ok,,flexible
"PEPTIDE1{dV.dP.F.meL.G.I.G}$PEPTIDE1,PEPTIDE1,1:R1-7:R2$$$",-5.91800000,ok,,flexible
"PEPTIDE1{meA.A.P.dL.V.F.L}$PEPTIDE1,PEPTIDE1,1:R1-7:R2$$$",-6.54800000,ok,,flexible
"PEPTIDE1{Me_dA.dA.meL.P.Mono90.meI.G}$PEPTIDE1,PEPTIDE1,1:R1-7:R2$$$",-6.23100000,ok,,flexible
"PEPTIDE1{Mono6.T.dL.L.Me_Phe(3-Cl).F.G}$PEPTIDE1,PEPTIDE1,1:R1-7:R2$$$",-7.00300000,ok,,flexible
"PEPTIDE1{A.Me_dL.meA.T.P.Y.dP}$PEPTIDE1,PEPTIDE1,1:R1-7:R2$$$",-6.45600000,ok,,flexible
"PEPTIDE1{meA.meF.L.T.Me_dL.dP.dP}$PEPTIDE1,PEPTIDE1,1:R1-7:R2$$$",-6.06200000,ok,,flexible
"PEPTIDE1{Me_dA.Mono38.Ser(tBu).T.Me_Phe(3-Cl).L.dP}$PEPTIDE1,PEPTIDE1,1:R1-7:R2$$$",-6.15000000,ok,,flexible
"PEPTIDE1{dF.P.dP.P.T.G.F}$PEPTIDE1,PEPTIDE1,1:R1-7:R2$$$",-7.66300000,ok,,flexible
"PEPTIDE1{Me_Bal.meA.dP.Me_dL.meL.Me_Phe(3-Cl).I}$PEPTIDE1,PEPTIDE1,1:R1-7:R2$$$",-6.21500000,ok,,flexible
"PEPTIDE1{meA.Me_dA.F.Et_Gly.P.meL.Me_Nle}$PEPTIDE1,PEPTIDE1,1:R1-7:R2$$$",-5.71000000,ok,,flexible
"PEPTIDE1{Me_dA.L.A.Ser(tBu).I.T.L}$PEPTIDE1,PEPTIDE1,1:R1-7:R2$$$",-5.51900000,ok,,flexible
"PEPTIDE1{meA.dF.dP.meL.T.L.I}$PEPTIDE1,PEPTIDE1,1:R1-7:R2$$$",-6.85400000,ok,,flexible
"PEPTIDE1{Me_dA.meL.dP.P.F.dP.P}$PEPTIDE1,PEPTIDE1,1:R1-7:R2$$$",-7.01300000,ok,,flexible
"PEPTIDE1{Mono6.P.meL.I.L.T.cHexCH2_Gly}$PEPTIDE1,PEPTIDE1,1:R1-7:R2$$$",-6.55600000,ok,,flexible
"PEPTIDE1{meA.F.dP.G.I.D.T}$PEPTIDE1,PEPTIDE1,1:R1-7:R2$$$",-6.31800000,ok,,flexible
"PEPTIDE1{dV.T.Et_Gly.Mono34.F.Me_Phe(3-Cl).meL}$PEPTIDE1,PEPTIDE1,1:R1-7:R2$$$",-5.15200000,ok,,flexible
"PEPTIDE1{dV.P.Ser(tBu).dP.T.T.I}$PEPTIDE1,PEPTIDE1,1:R1-7:R2$$$",-5.60900000,ok,,flexible
"PEPTIDE1{dP.P.pentyl_Gly.iBu_Gly.cHexCH2_Gly.meL.Me_dL}$PEPTIDE1,PEPTIDE1,1:R1-7:R2$$$",-5.28900000,ok,,flexible
"PEPTIDE1{Mono6.D.Asp_piperidide.dP.P.meL.F}$PEPTIDE1,PEPTIDE1,1:R1-7:R2$$$",-6.69800000,ok,,flexible
"PEPTIDE1{Me_dA.P.A.meA.T.F.meL}$PEPTIDE1,PEPTIDE1,1:R1-7:R2$$$",-6.26800000,ok,,flexible
"PEPTIDE1{Me_Bal.P.meL.P.L.F.I}$PEPTIDE1,PEPTIDE1,1:R1-7:R2$$$",-5.75100000,ok,,flexible
"PEPTIDE1{Me_dA.meF.P.pentyl_Gly.meL.I.Sar}$PEPTIDE1,PEPTIDE1,1:R1-7:R2$$$",-5.22200000,ok,,flexible
"PEPTIDE1{Me_dA.P.T.P.T.F.Me_Phe(3-Cl)}$PEPTIDE1,PEPTIDE1,1:R1-7:R2$$$",-7.16400000,ok,,flexible
"PEPTIDE1{Me_dA.F.dP.meL.D.G.T}$PEPTIDE1,PEPTIDE1,1:R1-7:R2$$$",-6.61800000,ok,,flexible
"PEPTIDE1{dV.P.dP.T.Me_Phe(3-Cl).meL.D}$PEPTIDE1,PEPTIDE1,1:R1-7:R2$$$",-6.25500000,ok,,flexible
"PEPTIDE1{Me_Bal.P.I.T.L.V.F}$PEPTIDE1,PEPTIDE1,1:R1-7:R2$$$",-6.04100000,ok,,flexible
"PEPTIDE1{Mono6.F.Me_Nle.L.I.T.Ser(tBu)}$PEPTIDE1,PEPTIDE1,1:R1-7:R2$$$",-5.51200000,ok,,flexible
"PEPTIDE1{Mono6.meL.L.P.dP.P.I}$PEPTIDE1,PEPTIDE1,1:R1-7:R2$$$",-6.50400000,ok,,flexible
"PEPTIDE1{Me_dA.T.Me_dL.V.F.T.P}$PEPTIDE1,PEPTIDE1,1:R1-7:R2$$$",-6.22700000,ok,,flexible
"PEPTIDE1{dF.L.I.Mono78.Mono86.D.P}$PEPTIDE1,PEPTIDE1,1:R1-7:R2$$$",-5.27400000,ok,,flexible
"PEPTIDE1{Me_Bal.A.Me_dL.meL.Pr_Gly.F.L}$PEPTIDE1,PEPTIDE1,1:R1-7:R2$$$",-6.33300000,ok,,flexible
"PEPTIDE1{Me_Bal.Me_dL.Phe(4-CF3).G.T.P.P}$PEPTIDE1,PEPTIDE1,1:R1-7:R2$$$",-6.53900000,ok,,flexible
"PEPTIDE1{dP.Pr_Gly.Me_dL.P.dP.Y.meL}$PEPTIDE1,PEPTIDE1,1:R1-7:R2$$$",-6.27600000,ok,,flexible
"PEPTIDE1{Me_Bal.meL.Me_dL.V.G.Me_dL.dL}$PEPTIDE1,PEPTIDE1,1:R1-7:R2$$$",-5.26900000,ok,,flexible
"PEPTIDE1{dV.meL.meA.L.F.Me_dL.dP}$PEPTIDE1,PEPTIDE1,1:R1-7:R2$$$",-5.80900000,ok,,flexible
"PEPTIDE1{P.A.dV.Me_dA.dF.dP.Me_dL}$PEPTIDE1,PEPTIDE1,1:R1-7:R2$$$",-7.31700000,ok,,flexible
"PEPTIDE1{P.Me_dL.F.V.dP.T.dF}$PEPTIDE1,PEPTIDE1,1:R1-7:R2$$$",-6.77900000,ok,,flexible
"PEPTIDE1{A.Me_dL.Bn_Gly.meA.Ser(tBu).Me_dA.F}$PEPTIDE1,PEPTIDE1,1:R1-7:R2$$$",-5.94000000,ok,,flexible
"PEPTIDE1{Pr_Gly.P.T.meY.Y.T.meL}$PEPTIDE1,PEPTIDE1,1:R1-7:R2$$$",-6.45800000,ok,,flexible
"PEPTIDE1{F.Ser(tBu).T.T.Me_dL.dP.meL}$PEPTIDE1,PEPTIDE1,1:R1-7:R2$$$",-5.05300000,ok,,flexible
"PEPTIDE1{dA.Me_dA.Me_dL.G.P.meY.P}$PEPTIDE1,PEPTIDE1,1:R1-7:R2$$$",-7.06200000,ok,,flexible
"PEPTIDE1{dA.T.meF.T.meA.I.V}$PEPTIDE1,PEPTIDE1,1:R1-7:R2$$$",-6.10000000,ok,,flexible
"PEPTIDE1{P.Me_dA.A.dF.V.meA.T}$PEPTIDE1,PEPTIDE1,1:R1-7:R2$$$",-6.33900000,ok,,flexible
"PEPTIDE1{dF.P.T.F.Me_Phe(3-Cl).dP.P}$PEPTIDE1,PEPTIDE1,1:R1-7:R2$$$",-6.49200000,ok,,flexible
"PEPTIDE1{Me_dA.L.meA.F.T.T.P}$PEPTIDE1,PEPTIDE1,1:R1-7:R2$$$",-6.98600000,ok,,flexible
"PEPTIDE1{meL.P.F.dP.G.Y.T}$PEPTIDE1,PEPTIDE1,1:R1-7:R2$$$",-6.99200000,ok,,flexible
"PEPTIDE1{Me_dA.dP.Sar.F.P.pentyl_Gly.G}$PEPTIDE1,PEPTIDE1,1:R1-7:R2$$$",-6.64000000,ok,,flexible
"PEPTIDE1{dP.Me_dL.Me_dA.meA.meY.P.F}$PEPTIDE1,PEPTIDE1,1:R1-7:R2$$$",-6.38700000,ok,,flexible
"PEPTIDE1{dV.P.dP.meY.dP.Y.P}$PEPTIDE1,PEPTIDE1,1:R1-7:R2$$$",-7.31700000,ok,,flexible
"PEPTIDE1{P.meL.D.V.F.I.P}$PEPTIDE1,PEPTIDE1,1:R1-7:R2$$$",-6.08800000,ok,,flexible
"PEPTIDE1{Me_dA.A.meL.P.meA.V.meL}$PEPTIDE1,PEPTIDE1,1:R1-7:R2$$$",-5.90300000,ok,,flexible
"PEPTIDE1{Me_Bal.Pr_Gly.meL.P.dF.L.F}$PEPTIDE1,PEPTIDE1,1:R1-7:R2$$$",-5.58300000,ok,,flexible
"PEPTIDE1{Me_dA.A.I.P.meL.Mono86.dP}$PEPTIDE1,PEPTIDE1,1:R1-7:R2$$$",-6.03300000,ok,,flexible
"PEPTIDE1{meA.Me_dA.T.F.dP.A.dA}$PEPTIDE1,PEPTIDE1,1:R1-7:R2$$$",-7.31900000,ok,,flexible
"PEPTIDE1{meA.dL.Mono6.dP.Asp_piperidide.F.P}$PEPTIDE1,PEPTIDE1,1:R1-7:R2$$$",-6.70700000,ok,,flexible
"PEPTIDE1{A.A.Ser(tBu).meL.G.Me_dL.P}$PEPTIDE1,PEPTIDE1,1:R1-7:R2$$$",-5.85600000,ok,,flexible
"PEPTIDE1{dF.I.dP.V.P.D.meL}$PEPTIDE1,PEPTIDE1,1:R1-7:R2$$$",-5.82400000,ok,,flexible
"PEPTIDE1{Mono6.F.dP.P.G.Sar.meL}$PEPTIDE1,PEPTIDE1,1:R1-7:R2$$$",-7.15800000,ok,,flexible
"PEPTIDE1{Me_Bal.D.dP.P.T.V.P}$PEPTIDE1,PEPTIDE1,1:R1-7:R2$$$",-6.82200000,ok,,flexible
"PEPTIDE1{L.T.P.P.Me_Phe(3-Cl).G.F}$PEPTIDE1,PEPTIDE1,1:R1-7:R2$$$",-6.43300000,ok,,flexible
"PEPTIDE1{Me_Bal.A.F.dF.Me_dL.Phe(4-CF3).I}$PEPTIDE1,PEPTIDE1,1:R1-7:R2$$$",-6.00200000,ok,,flexible
"PEPTIDE1{dA.dP.Sar.T.P.dP.Phe(4-CF3)}$PEPTIDE1,PEPTIDE1,1:R1-7:R2$$$",-6.84400000,ok,,flexible
"PEPTIDE1{F.I.Mono84.Me_Phe(3-Cl).T.dP.meL}$PEPTIDE1,PEPTIDE1,1:R1-7:R2$$$",-6.18100000,ok,,flexible
"PEPTIDE1{F.L.Mono78.Mono84.A.T.dP}$PEPTIDE1,PEPTIDE1,1:R1-7:R2$$$",-7.65100000,ok,,flexible
"PEPTIDE1{Me_Bal.dP.T.V.F.P.meL}$PEPTIDE1,PEPTIDE1,1:R1-7:R2$$$",-6.62900000,ok,,flexible
"PEPTIDE1{dP.F.dL.Me_Phe(3-Cl).dP.P.meL}$PEPTIDE1,PEPTIDE1,1:R1-7:R2$$$",-6.50200000,ok,,flexible
"PEPTIDE1{dP.Pr_Gly.Me_dL.Me_dA.meL.P.F}$PEPTIDE1,PEPTIDE1,1:R1-7:R2$$$",-5.92800000,ok,,flexible
"PEPTIDE1{Mono6.P.L.A.dP.Me_dL.meL}$PEPTIDE1,PEPTIDE1,1:R1-7:R2$$$",-6.43500000,ok,,flexible
"PEPTIDE1{Me_Bal.Me_dA.F.Et_Gly.Mono34.Me_Phe(3-Cl).meL}$PEPTIDE1,PEPTIDE1,1:R1-7:R2$$$",-5.10600000,ok,,flexible
"PEPTIDE1{dA.P.meL.Sar.F.G.D}$PEPTIDE1,PEPTIDE1,1:R1-7:R2$$$",-7.23300000,ok,,flexible
"PEPTIDE1{Me_Bal.Ala(5-Tet).meL.P.D.Mono6.T}$PEPTIDE1,PEPTIDE1,1:R1-7:R2$$$",-6.23900000,ok,,flexible
"PEPTIDE1{Mono6.T.Et_Gly.P.Asp_piperidide.P.3Pal}$PEPTIDE1,PEPTIDE1,1:R1-7:R2$$$",-7.26200000,ok,,flexible
"PEPTIDE1{Pr_Gly.cHexCH2_Gly.Mono84.Me_Phe(3-Cl).P.meL.F}$PEPTIDE1,PEPTIDE1,1:R1-7:R2$$$",-6.69100000,ok,,flexible
"PEPTIDE1{meA.dP.I.meL.L.P.Me_Phe(3-Cl)}$PEPTIDE1,PEPTIDE1,1:R1-7:R2$$$",-5.57000000,ok,,flexible
"PEPTIDE1{Mono6.P.T.Me_dL.P.dP.dL}$PEPTIDE1,PEPTIDE1,1:R1-7:R2$$$",-6.84000000,ok,,flexible
"PEPTIDE1{Mono6.Ser(tBu).Nle.T.dP.P.meL}$PEPTIDE1,PEPTIDE1,1:R1-7:R2$$$",-5.56000000,ok,,flexible
"PEPTIDE1{F.Me_Nle.A.P.dP.Me_Phe(3-Cl).L}$PEPTIDE1,PEPTIDE1,1:R1-7:R2$$$",-6.22700000,ok,,flexible
"PEPTIDE1{F.cHexCH2_Gly.pentyl_Gly.T.I.dP.meA}$PEPTIDE1,PEPTIDE1,1:R1-7:R2$$$",-5.92700000,ok,,flexible
"PEPTIDE1{dV.Me_dAbu.V.meA.meL.dP.F}$PEPTIDE1,PEPTIDE1,1:R1-7:R2$$$",-6.64200000,ok,,flexible
"PEPTIDE1{Mono6.F.I.meF.meL.L.V}$PEPTIDE1,PEPTIDE1,1:R1-7:R2$$$",-5.60100000,ok,,flexible
"PEPTIDE1{Pr_Gly.Mono38.L.F.Me_dL.meL.Ser(tBu)}$PEPTIDE1,PEPTIDE1,1:R1-7:R2$$$",-5.47200000,ok,,flexible
"PEPTIDE1{Me_Bal.dP.pentyl_Gly.P.meL.dP.T}$PEPTIDE1,PEPTIDE1,1:R1-7:R2$$$",-6.56900000,ok,,flexible
"PEPTIDE1{dA.dL.dP.F.meL.T.Me_Phe(3-Cl)}$PEPTIDE1,PEPTIDE1,1:R1-7:R2$$$",-6.98300000,ok,,flexible
"PEPTIDE1{A.dV.T.P.I.L.dP}$PEPTIDE1,PEPTIDE1,1:R1-7:R2$$$",-6.35600000,ok,,flexible
"PEPTIDE1{dA.T.meL.Me_dL.P.G.V}$PEPTIDE1,PEPTIDE1,1:R1-7:R2$$$",-6.32000000,ok,,flexible
"PEPTIDE1{Sar.T.meL.dP.F.T.V}$PEPTIDE1,PEPTIDE1,1:R1-7:R2$$$",-5.99800000,ok,,flexible
"PEPTIDE1{dV.I.F.P.G.D.P}$PEPTIDE1,PEPTIDE1,1:R1-7:R2$$$",-6.77800000,ok,,flexible
"PEPTIDE1{dV.meL.D.T.P.Me_Phe(3-Cl).F}$PEPTIDE1,PEPTIDE1,1:R1-7:R2$$$",-6.05200000,ok,,flexible
"PEPTIDE1{Pr_Gly.meY.Asp_piperidide.P.Y.meL.Me_dL}$PEPTIDE1,PEPTIDE1,1:R1-7:R2$$$",-5.15600000,ok,,flexible
"PEPTIDE1{dP.A.I.F.dL.L.P}$PEPTIDE1,PEPTIDE1,1:R1-7:R2$$$",-6.14600000,ok,,flexible
"PEPTIDE1{dF.F.T.Y.dP.meL.I}$PEPTIDE1,PEPTIDE1,1:R1-7:R2$$$",-6.42200000,ok,,flexible
"PEPTIDE1{Mono6.Me_dA.meY.Me_dL.meL.P.dP}$PEPTIDE1,PEPTIDE1,1:R1-7:R2$$$",-6.01200000,ok,,flexible
"PEPTIDE1{Me_dA.dF.Me_dL.meA.L.F.I}$PEPTIDE1,PEPTIDE1,1:R1-7:R2$$$",-6.00900000,ok,,flexible
"PEPTIDE1{meL.dP.Mono6.Asp_piperidide.G.meY.P}$PEPTIDE1,PEPTIDE1,1:R1-7:R2$$$",-6.56500000,ok,,flexible
"PEPTIDE1{dF.L.T.V.P.Me_dL.dP}$PEPTIDE1,PEPTIDE1,1:R1-7:R2$$$",-6.13400000,ok,,flexible
"PEPTIDE1{Mono6.meL.A.L.T.V.F}$PEPTIDE1,PEPTIDE1,1:R1-7:R2$$$",-5.65400000,ok,,flexible
"PEPTIDE1{P.A.meL.dP.dL.Me_dA.F}$PEPTIDE1,PEPTIDE1,1:R1-7:R2$$$",-6.88200000,ok,,flexible
"PEPTIDE1{Me_Bal.L.meL.G.dP.G.I}$PEPTIDE1,PEPTIDE1,1:R1-7:R2$$$",-6.21100000,ok,,flexible
"PEPTIDE1{P.Me_dL.meL.Pr_Gly.Me_Phe(3-Cl).dL.dP}$PEPTIDE1,PEPTIDE1,1:R1-7:R2$$$",-5.90100000,ok,,flexible
"PEPTIDE1{dF.I.P.Me_Phe(3-Cl).P.F.Y}$PEPTIDE1,PEPTIDE1,1:R1-7:R2$$$",-6.40400000,ok,,flexible
"PEPTIDE1{Mono6.I.dP.Ser(tBu).P.T.P}$PEPTIDE1,PEPTIDE1,1:R1-7:R2$$$",-6.32800000,ok,,flexible
"PEPTIDE1{dA.I.cHexCH2_Gly.meL.Me_Nle.P.L}$PEPTIDE1,PEPTIDE1,1:R1-7:R2$$$",-5.50600000,ok,,flexible
"PEPTIDE1{meA.A.Me_dL.L.Ser(tBu).Mono86.Mono2}$PEPTIDE1,PEPTIDE1,1:R1-7:R2$$$",-6.19500000,ok,,flexible
"PEPTIDE1{A.P.meY.T.P.dP.Me_dL}$PEPTIDE1,PEPTIDE1,1:R1-7:R2$$$",-6.84000000,ok,,flexible
"PEPTIDE1{dA.P.meA.F.V.dP.dV}$PEPTIDE1,PEPTIDE1,1:R1-7:R2$$$",-7.00400000,ok,,flexible
"PEPTIDE1{dV.A.Pr_Gly.L.meL.P.V}$PEPTIDE1,PEPTIDE1,1:R1-7:R2$$$",-5.66100000,ok,,flexible
"PEPTIDE1{Mono6.L.dP.T.V.meL.dL}$PEPTIDE1,PEPTIDE1,1:R1-7:R2$$$",-5.65500000,ok,,flexible
"PEPTIDE1{Me_Bal.A.F.Me_dL.L.Me_dA.V}$PEPTIDE1,PEPTIDE1,1:R1-7:R2$$$",-6.17900000,ok,,flexible
"PEPTIDE1{dF.dP.F.L.meL.Me_Phe(3-Cl).T}$PEPTIDE1,PEPTIDE1,1:R1-7:R2$$$",-6.12600000,ok,,flexible
"PEPTIDE1{F.L.dP.dV.meL.Sar.A}$PEPTIDE1,PEPTIDE1,1:R1-7:R2$$$",-6.01400000,ok,,flexible
"PEPTIDE1{dA.Ser(tBu).P.I.V.L.Et_Gly}$PEPTIDE1,PEPTIDE1,1:R1-7:R2$$$",-5.41400000,ok,,flexible
"PEPTIDE1{A.F.Me_dA.Me_Phe(3-Cl).V.dL.Me_dL}$PEPTIDE1,PEPTIDE1,1:R1-7:R2$$$",-5.77100000,ok,,flexible
"PEPTIDE1{Me_dA.Me_dL.meY.dP.I.Y.Sar}$PEPTIDE1,PEPTIDE1,1:R1-7:R2$$$",-5.84100000,ok,,flexible
"PEPTIDE1{Me_Bal.I.Me_Phe(3-Cl).Ser(tBu).Et_Gly.Mono84.L}$PEPTIDE1,PEPTIDE1,1:R1-7:R2$$$",-5.64100000,ok,,flexible
"PEPTIDE1{A.meL.T.F.Phe(4-CF3).I.T}$PEPTIDE1,PEPTIDE1,1:R1-7:R2$$$",-6.30900000,ok,,flexible
"PEPTIDE1{Mono6.Ser(tBu).I.P.P.P.T}$PEPTIDE1,PEPTIDE1,1:R1-7:R2$$$",-6.09900000,ok,,flexible
"PEPTIDE1{Mono6.P.P.V.meL.T.G}$PEPTIDE1,PEPTIDE1,1:R1-7:R2$$$",-6.64200000,ok,,flexible
"PEPTIDE1{meA.meF.Ser(tBu).F.T.dP.I}$PEPTIDE1,PEPTIDE1,1:R1-7:R2$$$",-6.21100000,ok,,flexible
"PEPTIDE1{dA.A.F.P.meA.Me_dL.G}$PEPTIDE1,PEPTIDE1,1:R1-7:R2$$$",-7.28000000,ok,,flexible
"PEPTIDE1{meA.Pr_Gly.Me_dL.dP.dA.T.P}$PEPTIDE1,PEPTIDE1,1:R1-7:R2$$$",-5.67000000,ok,,flexible
"PEPTIDE1{Mono6.T.P.meL.I.T.Me_dL}$PEPTIDE1,PEPTIDE1,1:R1-7:R2$$$",-5.95800000,ok,,flexible
"PEPTIDE1{dV.T.T.F.meL.F.P}$PEPTIDE1,PEPTIDE1,1:R1-7:R2$$$",-6.32400000,ok,,flexible
"PEPTIDE1{dV.L.I.P.dP.Phe(4-CF3).meL}$PEPTIDE1,PEPTIDE1,1:R1-7:R2$$$",-5.43700000,ok,,flexible
"PEPTIDE1{A.P.meL.L.F.V.dP}$PEPTIDE1,PEPTIDE1,1:R1-7:R2$$$",-6.48800000,ok,,flexible
"PEPTIDE1{Me_dA.meL.T.F.P.P.T}$PEPTIDE1,PEPTIDE1,1:R1-7:R2$$$",-5.86600000,ok,,flexible
"PEPTIDE1{L.T.meL.P.dP.Me_Phe(3-Cl).I}$PEPTIDE1,PEPTIDE1,1:R1-7:R2$$$",-6.07000000,ok,,flexible
"PEPTIDE1{Me_Bal.Pr_Gly.L.Me_dL.meL.T.F}$PEPTIDE1,PEPTIDE1,1:R1-7:R2$$$",-5.92300000,ok,,flexible
"PEPTIDE1{dP.Pr_Gly.T.A.P.Me_Phe(3-Cl).Y}$PEPTIDE1,PEPTIDE1,1:R1-7:R2$$$",-6.50000000,ok,,flexible
"PEPTIDE1{P.G.F.L.meF.A.meA}$PEPTIDE1,PEPTIDE1,1:R1-7:R2$$$",-7.23900000,ok,,flexible
"PEPTIDE1{Me_Bal.P.dP.Me_dL.T.V.Me_Phe(3-Cl)}$PEPTIDE1,PEPTIDE1,1:R1-7:R2$$$",-5.97900000,ok,,flexible
"PEPTIDE1{Me_dA.P.G.meL.I.Ser(tBu).meA}$PEPTIDE1,PEPTIDE1,1:R1-7:R2$$$",-5.78800000,ok,,flexible
"PEPTIDE1{Me_Bal.Pr_Gly.F.Me_dL.meL.V.Me_dA}$PEPTIDE1,PEPTIDE1,1:R1-7:R2$$$",-5.65900000,ok,,flexible
"PEPTIDE1{Me_dA.meL.F.dP.P.D.Phe(4-CF3)}$PEPTIDE1,PEPTIDE1,1:R1-7:R2$$$",-6.44600000,ok,,flexible
"PEPTIDE1{Me_Bal.pentyl_Gly.P.L.L.meL.F}$PEPTIDE1,PEPTIDE1,1:R1-7:R2$$$",-4.91700000,ok,,flexible
"PEPTIDE1{Mono6.I.V.P.F.P.dP}$PEPTIDE1,PEPTIDE1,1:R1-7:R2$$$",-6.44100000,ok,,flexible
"PEPTIDE1{Me_dA.F.meL.Me_Phe(3-Cl).P.T.I}$PEPTIDE1,PEPTIDE1,1:R1-7:R2$$$",-6.47700000,ok,,flexible
"PEPTIDE1{dP.Pr_Gly.A.dF.T.meL.meA}$PEPTIDE1,PEPTIDE1,1:R1-7:R2$$$",-5.99100000,ok,,flexible
"PEPTIDE1{Me_Bal.meL.T.Et_Gly.dP.meA.P}$PEPTIDE1,PEPTIDE1,1:R1-7:R2$$$",-6.67000000,ok,,flexible
"PEPTIDE1{Mono6.meL.dP.P.T.D.G}$PEPTIDE1,PEPTIDE1,1:R1-7:R2$$$",-5.94400000,ok,,flexible
"PEPTIDE1{dA.Me_dL.P.P.G.T.P}$PEPTIDE1,PEPTIDE1,1:R1-7:R2$$$",-6.54300000,ok,,flexible
"PEPTIDE1{Mono6.P.I.T.F.P.V}$PEPTIDE1,PEPTIDE1,1:R1-7:R2$$$",-6.37900000,ok,,flexible
"PEPTIDE1{meA.F.P.meL.L.I.V}$PEPTIDE1,PEPTIDE1,1:R1-7:R2$$$",-5.44500000,ok,,flexible
"PEPTIDE1{dV.Me_dA.meL.dP.Phe(4-CF3).T.F}$PEPTIDE1,PEPTIDE1,1:R1-7:R2$$$",-7.01900000,ok,,flexible
"PEPTIDE1{Me_dA.Pr_Gly.dV.F.P.T.meF}$PEPTIDE1,PEPTIDE1,1:R1-7:R2$$$",-6.14400000,ok,,flexible
"PEPTIDE1{Me_dA.Pr_Gly.dL.meL.A.dP.I}$PEPTIDE1,PEPTIDE1,1:R1-7:R2$$$",-5.52300000,ok,,flexible
"PEPTIDE1{Me_dA.D.Me_dL.F.dP.P.G}$PEPTIDE1,PEPTIDE1,1:R1-7:R2$$$",-6.55700000,ok,,flexible
"PEPTIDE1{dV.P.I.dP.pentyl_Gly.D.Sar}$PEPTIDE1,PEPTIDE1,1:R1-7:R2$$$",-5.54300000,ok,,flexible
"PEPTIDE1{Mono6.L.dP.meL.dP.P.P}$PEPTIDE1,PEPTIDE1,1:R1-7:R2$$$",-7.19600000,ok,,flexible
"PEPTIDE1{meA.P.T.I.V.P.dP}$PEPTIDE1,PEPTIDE1,1:R1-7:R2$$$",-7.50600000,ok,,flexible
"PEPTIDE1{Pr_Gly.A.V.T.P.meF.P}$PEPTIDE1,PEPTIDE1,1:R1-7:R2$$$",-6.15600000,ok,,flexible
"PEPTIDE1{dA.P.I.A.meL.L.Me_dL}$PEPTIDE1,PEPTIDE1,1:R1-7:R2$$$",-5.43700000,ok,,flexible
"PEPTIDE1{Mono6.dP.P.F.L.P.V}$PEPTIDE1,PEPTIDE1,1:R1-7:R2$$$",-7.18500000,ok,,flexible
"PEPTIDE1{Sar.T.meA.L.meA.P.P}$PEPTIDE1,PEPTIDE1,1:R1-7:R2$$$",-7.04100000,ok,,flexible
"PEPTIDE1{Mono6.L.Mono84.meL.F.T.T}$PEPTIDE1,PEPTIDE1,1:R1-7:R2$$$",-6.03700000,ok,,flexible
"PEPTIDE1{dA.dP.V.I.F.D.G}$PEPTIDE1,PEPTIDE1,1:R1-7:R2$$$",-6.75000000,ok,,flexible
"PEPTIDE1{Me_Bal.meA.A.meL.D.V.F}$PEPTIDE1,PEPTIDE1,1:R1-7:R2$$$",-5.94500000,ok,,flexible
"PEPTIDE1{Pr_Gly.P.I.dP.T.Asp_piperidide.P}$PEPTIDE1,PEPTIDE1,1:R1-7:R2$$$",-6.09800000,ok,,flexible
"PEPTIDE1{dA.meA.L.I.T.Me_dL.Ser(tBu)}$PEPTIDE1,PEPTIDE1,1:R1-7:R2$$$",-5.43300000,ok,,flexible
"PEPTIDE1{A.meA.meY.V.dP.meL.Me_dL}$PEPTIDE1,PEPTIDE1,1:R1-7:R2$$$",-7.24300000,ok,,flexible
"PEPTIDE1{F.L.P.dP.T.dP.I}$PEPTIDE1,PEPTIDE1,1:R1-7:R2$$$",-6.84700000,ok,,flexible
"PEPTIDE1{dA.F.Ser(tBu).P.meL.meA.dP}$PEPTIDE1,PEPTIDE1,1:R1-7:R2$$$",-5.92200000,ok,,flexible
"PEPTIDE1{Mono6.Mono84.I.T.Nle.G.dP}$PEPTIDE1,PEPTIDE1,1:R1-7:R2$$$",-6.55000000,ok,,flexible
"PEPTIDE1{dV.P.dP.T.G.Me_dL.dP}$PEPTIDE1,PEPTIDE1,1:R1-7:R2$$$",-6.26100000,ok,,flexible
"PEPTIDE1{dA.dP.P.F.I.Me_dL.G}$PEPTIDE1,PEPTIDE1,1:R1-7:R2$$$",-6.66500000,ok,,flexible
"PEPTIDE1{Mono6.dP.P.Y.T.dP.P}$PEPTIDE1,PEPTIDE1,1:R1-7:R2$$$",-7.35800000,ok,,flexible
"PEPTIDE1{dA.meA.dL.P.meV.T.Me_dL}$PEPTIDE1,PEPTIDE1,1:R1-7:R2$$$",-6.09900000,ok,,flexible
"PEPTIDE1{P.Me_dA.meF.T.F.meY.L}$PEPTIDE1,PEPTIDE1,1:R1-7:R2$$$",-5.81800000,ok,,flexible
"PEPTIDE1{Me_Bal.meF.P.Sar.T.meL.Y}$PEPTIDE1,PEPTIDE1,1:R1-7:R2$$$",-6.34200000,ok,,flexible
"PEPTIDE1{Me_Bal.Me_dA.F.P.I.Me_dL.G}$PEPTIDE1,PEPTIDE1,1:R1-7:R2$$$",-6.63000000,ok,,flexible
"PEPTIDE1{dA.Me_Nle.pentyl_Gly.T.Mono7.meA.meL}$PEPTIDE1,PEPTIDE1,1:R1-7:R2$$$",-5.26900000,ok,,flexible
"PEPTIDE1{meA.A.dP.meL.Asp_piperidide.Me_dL.Pr_Gly}$PEPTIDE1,PEPTIDE1,1:R1-7:R2$$$",-6.03500000,ok,,flexible
"PEPTIDE1{dP.Me_dA.Me_dL.P.P.T.meY}$PEPTIDE1,PEPTIDE1,1:R1-7:R2$$$",-6.81600000,ok,,flexible
"PEPTIDE1{F.Pr_Gly.Me_Phe(3-Cl).L.dP.P.T}$PEPTIDE1,PEPTIDE1,1:R1-7:R2$$$",-6.74800000,ok,,flexible
"PEPTIDE1{meA.meY.T.I.P.Sar.meL}$PEPTIDE1,PEPTIDE1,1:R1-7:R2$$$",-6.06300000,ok,,flexible
"PEPTIDE1{meA.meF.T.F.Me_dL.dP.P}$PEPTIDE1,PEPTIDE1,1:R1-7:R2$$$",-6.23600000,ok,,flexible
"PEPTIDE1{Pr_Gly.P.T.P.I.D.dP}$PEPTIDE1,PEPTIDE1,1:R1-7:R2$$$",-5.53700000,ok,,flexible
"PEPTIDE1{Mono6.I.Ser(tBu).P.F.dL.P}$PEPTIDE1,PEPTIDE1,1:R1-7:R2$$$",-6.34200000,ok,,flexible
"PEPTIDE1{Sar.dP.meA.P.T.Me_dL.dP}$PEPTIDE1,PEPTIDE1,1:R1-7:R2$$$",-6.68100000,ok,,flexible
"PEPTIDE1{Me_Bal.T.Me_dA.F.P.P.Me_dL}$PEPTIDE1,PEPTIDE1,1:R1-7:R2$$$",-6.57600000,ok,,flexible
"PEPTIDE1{Mono6.A.dP.F.P.meL.Me_Phe(3-Cl)}$PEPTIDE1,PEPTIDE1,1:R1-7:R2$$$",-7.00100000,ok,,flexible
"PEPTIDE1{Me_dA.A.F.meA.P.Me_dL.V}$PEPTIDE1,PEPTIDE1,1:R1-7:R2$$$",-6.62000000,ok,,flexible
"PEPTIDE1{meA.P.T.V.dP.L.Me_dL}$PEPTIDE1,PEPTIDE1,1:R1-7:R2$$$",-6.35300000,ok,,flexible
"PEPTIDE1{meA.T.I.F.P.L.V}$PEPTIDE1,PEPTIDE1,1:R1-7:R2$$$",-6.06000000,ok,,flexible
"PEPTIDE1{A.D.I.T.T.V.G}$PEPTIDE1,PEPTIDE1,1:R1-7:R2$$$",-5.58700000,ok,,flexible
"PEPTIDE1{A.P.I.Me_dL.dP.meL.Me_Phe(3-Cl)}$PEPTIDE1,PEPTIDE1,1:R1-7:R2$$$",-7.12500000,ok,,flexible
"PEPTIDE1{meA.A.T.dA.P.F.Me_dL}$PEPTIDE1,PEPTIDE1,1:R1-7:R2$$$",-6.18700000,ok,,flexible
"PEPTIDE1{Me_dA.F.T.dP.P.P.L}$PEPTIDE1,PEPTIDE1,1:R1-7:R2$$$",-6.69800000,ok,,flexible
"PEPTIDE1{P.dA.G.Me_dL.F.meL.I}$PEPTIDE1,PEPTIDE1,1:R1-7:R2$$$",-6.12700000,ok,,flexible
"PEPTIDE1{Me_Bal.T.T.A.V.F.Ser(tBu)}$PEPTIDE1,PEPTIDE1,1:R1-7:R2$$$",-5.26600000,ok,,flexible
"PEPTIDE1{dF.A.Mono78.T.L.T.dP}$PEPTIDE1,PEPTIDE1,1:R1-7:R2$$$",-6.83800000,ok,,flexible
"PEPTIDE1{dV.dP.P.dP.F.Me_Phe(3-Cl).G}$PEPTIDE1,PEPTIDE1,1:R1-7:R2$$$",-7.20300000,ok,,flexible
"PEPTIDE1{dV.dP.meL.I.G.Me_Phe(3-Cl).Y}$PEPTIDE1,PEPTIDE1,1:R1-7:R2$$$",-6.50800000,ok,,flexible
"PEPTIDE1{Mono6.Mono84.L.I.meL.Me_Phe(3-Cl).T}$PEPTIDE1,PEPTIDE1,1:R1-7:R2$$$",-5.59800000,ok,,flexible
"PEPTIDE1{meL.I.P.F.G.Phe(4-CF3).P}$PEPTIDE1,PEPTIDE1,1:R1-7:R2$$$",-6.82900000,ok,,flexible
"PEPTIDE1{meA.P.dP.I.P.G.T}$PEPTIDE1,PEPTIDE1,1:R1-7:R2$$$",-7.11500000,ok,,flexible
"PEPTIDE1{F.Ser(tBu).Me_dA.P.dP.P.Me_Nle}$PEPTIDE1,PEPTIDE1,1:R1-7:R2$$$",-6.78800000,ok,,flexible
"PEPTIDE1{dP.Me_dA.meL.P.Me_dL.dP.Y}$PEPTIDE1,PEPTIDE1,1:R1-7:R2$$$",-6.28300000,ok,,flexible
"PEPTIDE1{meL.L.dP.T.V.T.D}$PEPTIDE1,PEPTIDE1,1:R1-7:R2$$$",-5.35000000,ok,,flexible
"PEPTIDE1{dA.dP.T.I.F.V.F}$PEPTIDE1,PEPTIDE1,1:R1-7:R2$$$",-6.37900000,ok,,flexible
"PEPTIDE1{dA.P.F.meL.T.F.Phe(4-CF3)}$PEPTIDE1,PEPTIDE1,1:R1-7:R2$$$",-6.74100000,ok,,flexible
"PEPTIDE1{Me_Bal.meA.F.cHexCH2_Gly.I.A.Me_dL}$PEPTIDE1,PEPTIDE1,1:R1-7:R2$$$",-5.93500000,ok,,flexible
"PEPTIDE1{dA.P.pentyl_Gly.dP.L.V.F}$PEPTIDE1,PEPTIDE1,1:R1-7:R2$$$",-5.74100000,ok,,flexible
"PEPTIDE1{dA.meL.G.dP.T.Y.F}$PEPTIDE1,PEPTIDE1,1:R1-7:R2$$$",-6.70000000,ok,,flexible
"PEPTIDE1{Me_Bal.Me_Nle.dP.P.F.Me_Phe(3-Cl).I}$PEPTIDE1,PEPTIDE1,1:R1-7:R2$$$",-6.85300000,ok,,flexible
"PEPTIDE1{Me_Bal.dL.T.P.Ser(tBu).I.V}$PEPTIDE1,PEPTIDE1,1:R1-7:R2$$$",-5.34400000,ok,,flexible
"PEPTIDE1{meA.A.P.I.T.V.P}$PEPTIDE1,PEPTIDE1,1:R1-7:R2$$$",-6.10300000,ok,,flexible
"PEPTIDE1{Pr_Gly.L.D.T.P.Et_Gly.P}$PEPTIDE1,PEPTIDE1,1:R1-7:R2$$$",-5.81400000,ok,,flexible
"PEPTIDE1{Me_dA.Me_dL.dP.T.F.dP.L}$PEPTIDE1,PEPTIDE1,1:R1-7:R2$$$",-6.83500000,ok,,flexible
"PEPTIDE1{A.V.meL.dP.I.dP.I}$PEPTIDE1,PEPTIDE1,1:R1-7:R2$$$",-6.18000000,ok,,flexible
"PEPTIDE1{A.P.Me_dL.V.P.Me_Phe(3-Cl).I}$PEPTIDE1,PEPTIDE1,1:R1-7:R2$$$",-6.45000000,ok,,flexible
"PEPTIDE1{dA.T.I.dP.G.P.T}$PEPTIDE1,PEPTIDE1,1:R1-7:R2$$$",-6.25400000,ok,,flexible
"PEPTIDE1{Me_dA.Pr_Gly.T.A.T.F.meL}$PEPTIDE1,PEPTIDE1,1:R1-7:R2$$$",-6.30200000,ok,,flexible
"PEPTIDE1{Me_dA.dP.P.dP.Me_dL.G.Y}$PEPTIDE1,PEPTIDE1,1:R1-7:R2$$$",-6.37600000,ok,,flexible
"PEPTIDE1{Mono6.dP.meL.P.Mono84.F.Ser(tBu)}$PEPTIDE1,PEPTIDE1,1:R1-7:R2$$$",-6.52800000,ok,,flexible
"PEPTIDE1{dV.I.T.dP.Y.G.F}$PEPTIDE1,PEPTIDE1,1:R1-7:R2$$$",-6.94400000,ok,,flexible
"PEPTIDE1{dF.L.Ser(tBu).Mono38.A.P.Mono84}$PEPTIDE1,PEPTIDE1,1:R1-7:R2$$$",-6.05400000,ok,,flexible
"PEPTIDE1{P.Me_dA.L.G.dL.meA.meL}$PEPTIDE1,PEPTIDE1,1:R1-7:R2$$$",-6.41800000,ok,,flexible
"PEPTIDE1{Me_Bal.F.P.P.dP.T.dP}$PEPTIDE1,PEPTIDE1,1:R1-7:R2$$$",-7.09500000,ok,,flexible
"PEPTIDE1{P.meA.Me_dA.meL.3Pal.dF.dP}$PEPTIDE1,PEPTIDE1,1:R1-7:R2$$$",-6.79600000,ok,,flexible
"PEPTIDE1{dV.meA.dP.Me_Phe(3-Cl).P.Phe(4-CF3).meL}$PEPTIDE1,PEPTIDE1,1:R1-7:R2$$$",-7.88300000,ok,,flexible
"PEPTIDE1{A.dP.Ser(tBu).T.meL.T.Nle}$PEPTIDE1,PEPTIDE1,1:R1-7:R2$$$",-5.95900000,ok,,flexible
"PEPTIDE1{Pr_Gly.dL.Mono84.meL.Mono2.Mono86.P}$PEPTIDE1,PEPTIDE1,1:R1-7:R2$$$",-6.24900000,ok,,flexible
"PEPTIDE1{Me_dA.meA.A.Ser(tBu).F.meF.L}$PEPTIDE1,PEPTIDE1,1:R1-7:R2$$$",-6.28000000,ok,,flexible
"PEPTIDE1{meL.L.D.meA.dL.F.P}$PEPTIDE1,PEPTIDE1,1:R1-7:R2$$$",-5.70200000,ok,,flexible
"PEPTIDE1{meA.P.Nle.dP.T.P.meL}$PEPTIDE1,PEPTIDE1,1:R1-7:R2$$$",-5.63400000,ok,,flexible
"PEPTIDE1{dV.T.P.dP.Phe(4-CF3).meL.F}$PEPTIDE1,PEPTIDE1,1:R1-7:R2$$$",-6.38500000,ok,,flexible
"PEPTIDE1{Sar.P.T.F.V.P.L}$PEPTIDE1,PEPTIDE1,1:R1-7:R2$$$",-6.64800000,ok,,flexible
"PEPTIDE1{Me_dA.dF.P.dP.Sar.meL.dP}$PEPTIDE1,PEPTIDE1,1:R1-7:R2$$$",-6.58700000,ok,,flexible
"PEPTIDE1{P.A.meL.dP.Me_dA.Me_Phe(3-Cl).V}$PEPTIDE1,PEPTIDE1,1:R1-7:R2$$$",-6.20800000,ok,,flexible
"PEPTIDE1{dF.P.dP.meL.I.I.Me_dL}$PEPTIDE1,PEPTIDE1,1:R1-7:R2$$$",-5.36700000,ok,,flexible
"PEPTIDE1{Mono6.T.dPye.Me_dA.Y.Nle.P}$PEPTIDE1,PEPTIDE1,1:R1-7:R2$$$",-5.89600000,ok,,flexible
"PEPTIDE1{Me_dA.Me_Phe(3-Cl).dP.dP.P.Asp_piperidide.P}$PEPTIDE1,PEPTIDE1,1:R1-7:R2$$$",-7.04900000,ok,,flexible
"PEPTIDE1{F.D.P.I.T.meL.P}$PEPTIDE1,PEPTIDE1,1:R1-7:R2$$$",-5.90300000,ok,,flexible
"PEPTIDE1{F.L.dL.Et_Gly.P.I.meL}$PEPTIDE1,PEPTIDE1,1:R1-7:R2$$$",-5.80100000,ok,,flexible
"PEPTIDE1{meA.pentyl_Gly.Ser(tBu).P.F.P.T}$PEPTIDE1,PEPTIDE1,1:R1-7:R2$$$",-5.42700000,ok,,flexible
"PEPTIDE1{dA.P.T.T.meL.dP.F}$PEPTIDE1,PEPTIDE1,1:R1-7:R2$$$",-6.22100000,ok,,flexible
"PEPTIDE1{Me_Bal.T.T.G.V.Sar.P}$PEPTIDE1,PEPTIDE1,1:R1-7:R2$$$",-6.32900000,ok,,flexible
"PEPTIDE1{Me_dA.F.T.I.meL.L.Me_dL}$PEPTIDE1,PEPTIDE1,1:R1-7:R2$$$",-5.46100000,ok,,flexible
"PEPTIDE1{Me_dA.meL.meY.T.dP.Me_dAbu.Me_Nle}$PEPTIDE1,PEPTIDE1,1:R1-7:R2$$$",-5.55300000,ok,,flexible
"PEPTIDE1{dA.cHexCH2_Gly.Me_dL.T.meL.F.P}$PEPTIDE1,PEPTIDE1,1:R1-7:R2$$$",-5.61000000,ok,,flexible
"PEPTIDE1{Me_dA.T.F.dP.I.dL.Me_dL}$PEPTIDE1,PEPTIDE1,1:R1-7:R2$$$",-5.92600000,ok,,flexible
"PEPTIDE1{dP.Pr_Gly.meA.meY.P.Me_dL.meL}$PEPTIDE1,PEPTIDE1,1:R1-7:R2$$$",-5.99900000,ok,,flexible
"PEPTIDE1{F.I.T.Mono84.G.Me_Phe(3-Cl).P}$PEPTIDE1,PEPTIDE1,1:R1-7:R2$$$",-6.39700000,ok,,flexible
"PEPTIDE1{Me_Bal.Pr_Gly.Y.G.P.G.meL}$PEPTIDE1,PEPTIDE1,1:R1-7:R2$$$",-6.44000000,ok,,flexible
"PEPTIDE1{F.A.L.dL.V.meL.Me_dA}$PEPTIDE1,PEPTIDE1,1:R1-7:R2$$$",-5.99000000,ok,,flexible
"PEPTIDE1{Pr_Gly.Me_dA.dP.F.Me_Phe(3-Cl).Mono34.meL}$PEPTIDE1,PEPTIDE1,1:R1-7:R2$$$",-5.97300000,ok,,flexible
"PEPTIDE1{dF.P.meL.P.I.T.F}$PEPTIDE1,PEPTIDE1,1:R1-7:R2$$$",-6.21900000,ok,,flexible
"PEPTIDE1{dA.meL.dL.meA.Me_dL.L.I}$PEPTIDE1,PEPTIDE1,1:R1-7:R2$$$",-6.10600000,ok,,flexible
"PEPTIDE1{Mono6.dP.F.dP.F.P.meL}$PEPTIDE1,PEPTIDE1,1:R1-7:R2$$$",-6.69600000,ok,,flexible
"PEPTIDE1{Me_dA.meL.F.F.Ser(tBu).T.Mono7}$PEPTIDE1,PEPTIDE1,1:R1-7:R2$$$",-5.63800000,ok,,flexible
"PEPTIDE1{meA.T.Me_dL.G.A.dP.I}$PEPTIDE1,PEPTIDE1,1:R1-7:R2$$$",-6.22000000,ok,,flexible
"PEPTIDE1{L.P.T.G.meL.P.F}$PEPTIDE1,PEPTIDE1,1:R1-7:R2$$$",-6.12100000,ok,,flexible
"PEPTIDE1{P.Pr_Gly.F.T.meA.D.A}$PEPTIDE1,PEPTIDE1,1:R1-7:R2$$$",-6.23000000,ok,,flexible
"PEPTIDE1{Me_dA.dV.meL.V.P.L.meA}$PEPTIDE1,PEPTIDE1,1:R1-7:R2$$$",-5.90500000,ok,,flexible
"PEPTIDE1{dA.meL.P.F.I.G.T}$PEPTIDE1,PEPTIDE1,1:R1-7:R2$$$",-5.94200000,ok,,flexible
"PEPTIDE1{Pr_Gly.T.Mono84.P.meL.I.dL}$PEPTIDE1,PEPTIDE1,1:R1-7:R2$$$",-5.77500000,ok,,flexible
"PEPTIDE1{Mono6.L.T.Ser(tBu).I.meL.P}$PEPTIDE1,PEPTIDE1,1:R1-7:R2$$$",-5.60500000,ok,,flexible
"PEPTIDE1{dF.I.T.Mono86.meL.meA.V}$PEPTIDE1,PEPTIDE1,1:R1-7:R2$$$",-5.74400000,ok,,flexible
"PEPTIDE1{meA.dP.P.T.meL.G.Me_Phe(3-Cl)}$PEPTIDE1,PEPTIDE1,1:R1-7:R2$$$",-6.74000000,ok,,flexible
"PEPTIDE1{Mono6.dP.meY.P.G.I.Y}$PEPTIDE1,PEPTIDE1,1:R1-7:R2$$$",-6.57000000,ok,,flexible
"PEPTIDE1{Me_Bal.P.dP.L.Ser(tBu).F.T}$PEPTIDE1,PEPTIDE1,1:R1-7:R2$$$",-6.57500000,ok,,flexible
"PEPTIDE1{Mono6.A.I.P.dP.meL.T}$PEPTIDE1,PEPTIDE1,1:R1-7:R2$$$",-6.46800000,ok,,flexible
"PEPTIDE1{meA.dP.D.F.I.G.Me_Phe(3-Cl)}$PEPTIDE1,PEPTIDE1,1:R1-7:R2$$$",-6.12400000,ok,,flexible
"PEPTIDE1{meA.L.Sar.P.F.dP.P}$PEPTIDE1,PEPTIDE1,1:R1-7:R2$$$",-7.14600000,ok,,flexible
"PEPTIDE1{meL.I.G.V.dP.P.D}$PEPTIDE1,PEPTIDE1,1:R1-7:R2$$$",-6.21900000,ok,,flexible
"PEPTIDE1{Me_Bal.T.meL.P.T.I.dP}$PEPTIDE1,PEPTIDE1,1:R1-7:R2$$$",-6.38500000,ok,,flexible
"PEPTIDE1{dA.meL.T.dF.L.Et_Gly.dV}$PEPTIDE1,PEPTIDE1,1:R1-7:R2$$$",-6.04400000,ok,,flexible
"PEPTIDE1{dA.A.dP.F.T.V.L}$PEPTIDE1,PEPTIDE1,1:R1-7:R2$$$",-7.01000000,ok,,flexible
"PEPTIDE1{dA.T.A.I.Me_dL.dP.Me_Phe(3-Cl)}$PEPTIDE1,PEPTIDE1,1:R1-7:R2$$$",-5.96000000,ok,,flexible
"PEPTIDE1{dV.dP.meL.P.P.G.V}$PEPTIDE1,PEPTIDE1,1:R1-7:R2$$$",-6.44300000,ok,,flexible
"PEPTIDE1{Mono6.P.L.Mono38.F.meA.Ser(tBu)}$PEPTIDE1,PEPTIDE1,1:R1-7:R2$$$",-6.01500000,ok,,flexible
"PEPTIDE1{Pr_Gly.L.Et_Gly.Me_Phe(3-Cl).P.Nle.P}$PEPTIDE1,PEPTIDE1,1:R1-7:R2$$$",-5.87000000,ok,,flexible
"PEPTIDE1{dA.D.F.P.meL.G.dP}$PEPTIDE1,PEPTIDE1,1:R1-7:R2$$$",-6.89700000,ok,,flexible
"PEPTIDE1{dF.P.Me_Phe(3-Cl).P.F.T.G}$PEPTIDE1,PEPTIDE1,1:R1-7:R2$$$",-7.18400000,ok,,flexible
"PEPTIDE1{dV.G.F.T.P.I.D}$PEPTIDE1,PEPTIDE1,1:R1-7:R2$$$",-6.86100000,ok,,flexible
"PEPTIDE1{dV.A.dL.Pr_Gly.dP.Y.P}$PEPTIDE1,PEPTIDE1,1:R1-7:R2$$$",-6.61000000,ok,,flexible
"PEPTIDE1{dV.Y.Phe(4-CF3).P.T.F.T}$PEPTIDE1,PEPTIDE1,1:R1-7:R2$$$",-6.55300000,ok,,flexible
"PEPTIDE1{dV.pentyl_Gly.Ser(tBu).L.T.F.P}$PEPTIDE1,PEPTIDE1,1:R1-7:R2$$$",-5.35000000,ok,,flexible
"PEPTIDE1{dA.P.meY.dP.meL.P.G}$PEPTIDE1,PEPTIDE1,1:R1-7:R2$$$",-6.54400000,ok,,flexible
"PEPTIDE1{Me_Bal.P.F.V.L.dP.Me_dL}$PEPTIDE1,PEPTIDE1,1:R1-7:R2$$$",-6.58700000,ok,,flexible
"PEPTIDE1{Mono6.Me_dL.dP.T.Y.P.dP}$PEPTIDE1,PEPTIDE1,1:R1-7:R2$$$",-6.35800000,ok,,flexible
"PEPTIDE1{F.D.dP.I.P.Nle.Me_Phe(3-Cl)}$PEPTIDE1,PEPTIDE1,1:R1-7:R2$$$",-5.75100000,ok,,flexible
"PEPTIDE1{Pr_Gly.P.pentyl_Gly.meL.P.F.dP}$PEPTIDE1,PEPTIDE1,1:R1-7:R2$$$",-5.38700000,ok,,flexible
"PEPTIDE1{Mono6.Pr_Gly.A.Pr_Gly.Me_dA.meL.L}$PEPTIDE1,PEPTIDE1,1:R1-7:R2$$$",-5.19800000,ok,,flexible
"PEPTIDE1{meA.F.meL.Sar.G.L.P}$PEPTIDE1,PEPTIDE1,1:R1-7:R2$$$",-6.56400000,ok,,flexible
"PEPTIDE1{Me_Bal.meA.T.V.F.L.G}$PEPTIDE1,PEPTIDE1,1:R1-7:R2$$$",-6.13100000,ok,,flexible
"PEPTIDE1{Me_Bal.Pr_Gly.A.meA.dP.dV.P}$PEPTIDE1,PEPTIDE1,1:R1-7:R2$$$",-6.16600000,ok,,flexible
"PEPTIDE1{dA.A.pentyl_Gly.meL.T.F.L}$PEPTIDE1,PEPTIDE1,1:R1-7:R2$$$",-5.32800000,ok,,flexible
"PEPTIDE1{P.F.dF.V.A.L.dL}$PEPTIDE1,PEPTIDE1,1:R1-7:R2$$$",-6.52400000,ok,,flexible
"PEPTIDE1{L.meA.P.dP.meL.F.Me_Phe(3-Cl)}$PEPTIDE1,PEPTIDE1,1:R1-7:R2$$$",-6.22400000,ok,,flexible
"PEPTIDE1{Me_Bal.P.Me_dL.T.dP.I.F}$PEPTIDE1,PEPTIDE1,1:R1-7:R2$$$",-6.59000000,ok,,flexible
"PEPTIDE1{meA.P.F.meL.L.T.I}$PEPTIDE1,PEPTIDE1,1:R1-7:R2$$$",-5.66400000,ok,,flexible
"PEPTIDE1{Me_dA.meL.T.L.Nle.V.P}$PEPTIDE1,PEPTIDE1,1:R1-7:R2$$$",-6.10500000,ok,,flexible
"PEPTIDE1{meA.T.Mono86.Mono84.Me_Phe(3-Cl).V.P}$PEPTIDE1,PEPTIDE1,1:R1-7:R2$$$",-6.14500000,ok,,flexible
"PEPTIDE1{Me_dA.A.L.T.P.F.I}$PEPTIDE1,PEPTIDE1,1:R1-7:R2$$$",-6.46600000,ok,,flexible
"PEPTIDE1{Me_dA.A.dP.P.G.Me_dL.P}$PEPTIDE1,PEPTIDE1,1:R1-7:R2$$$",-6.17700000,ok,,flexible
"PEPTIDE1{F.Pr_Gly.A.Ser(tBu).P.L.I}$PEPTIDE1,PEPTIDE1,1:R1-7:R2$$$",-5.79200000,ok,,flexible
"PEPTIDE1{Me_dA.Me_dL.meL.P.meY.P.T}$PEPTIDE1,PEPTIDE1,1:R1-7:R2$$$",-6.50300000,ok,,flexible
"PEPTIDE1{dP.Pr_Gly.Ser(tBu).I.F.T.P}$PEPTIDE1,PEPTIDE1,1:R1-7:R2$$$",-5.05500000,ok,,flexible
"PEPTIDE1{Mono6.Pr_Gly.Asp_piperidide.dP.meL.3Pal.T}$PEPTIDE1,PEPTIDE1,1:R1-7:R2$$$",-5.63500000,ok,,flexible
"PEPTIDE1{dP.cHexCH2_Gly.I.F.T.meL.A}$PEPTIDE1,PEPTIDE1,1:R1-7:R2$$$",-6.30900000,ok,,flexible
"PEPTIDE1{Me_Bal.L.F.Nle.P.T.meL}$PEPTIDE1,PEPTIDE1,1:R1-7:R2$$$",-6.01600000,ok,,flexible
"PEPTIDE1{Me_Bal.dP.Ser(tBu).dL.meL.L.I}$PEPTIDE1,PEPTIDE1,1:R1-7:R2$$$",-5.66100000,ok,,flexible
"PEPTIDE1{Mono6.P.meA.dL.dP.Mono84.I}$PEPTIDE1,PEPTIDE1,1:R1-7:R2$$$",-6.61800000,ok,,flexible
"PEPTIDE1{dA.P.G.P.meL.Phe(4-CF3).F}$PEPTIDE1,PEPTIDE1,1:R1-7:R2$$$",-6.55000000,ok,,flexible
"PEPTIDE1{Mono6.dF.Pr_Gly.T.meL.Me_dL.Me_Phe(3-Cl)}$PEPTIDE1,PEPTIDE1,1:R1-7:R2$$$",-5.67800000,ok,,flexible
"PEPTIDE1{Me_dA.meL.G.dP.P.P.F}$PEPTIDE1,PEPTIDE1,1:R1-7:R2$$$",-6.45200000,ok,,flexible
"PEPTIDE1{dV.P.T.F.P.G.D}$PEPTIDE1,PEPTIDE1,1:R1-7:R2$$$",-6.28100000,ok,,flexible
"PEPTIDE1{dV.T.F.dP.Me_Phe(3-Cl).meL.L}$PEPTIDE1,PEPTIDE1,1:R1-7:R2$$$",-6.07600000,ok,,flexible
