symbol,smiles,cxsmiles,monomer_type
X2484,CN[C@@H](CCCCSC(C)=O)C(C)=O,CC(=O)SCCCC[C@H](N[*])C([*])=O |$;;;;;;;;;;_R1;;_R2;$|,Backbone
X414,CC(=O)CN(C)c1ccccc1,[*]N(CC([*])=O)c1ccccc1 |$_R1;;;;_R2;;;;;;;$|,Backbone
X508,CN[C@H](CCC(F)(F)F)C(C)=O,FC(F)(F)CC[C@@H](N[*])C([*])=O |$;;;;;;;;_R1;;_R2;$|,Backbone
Aib_OMe,CNC(C)(C)C(=O)OC,COC(=O)C(C)(C)N[*] |$;;;;;;;;_R1$|,Backbone
Boc_V,CC(=O)[C@@H](NC(=O)OC(C)(C)C)C(C)C,CC(C)[C@H](NC(=O)OC(C)(C)C)C([*])=O |$;;;;;;;;;;;;;_R2;$|,Backbone
X1648,CN1CCC[C@H]1C(=O)OCC(=O)O,OC(=O)COC(=O)[C@@H]1CCCN1[*] |$;;;;;;;;;;;;_R1$|,Backbone
X2263,CC(=O)[C@H](Cc1ccc(OS(=O)(=O)O)cc1)NC(=O)OCc1ccccc1,OS(=O)(=O)Oc1ccc(C[C@H](NC(=O)OCc2ccccc2)C([*])=O)cc1 |$;;;;;;;;;;;;;;;;;;;;;;;_R2;;;$|,Backbone
X2236,CC(=O)[C@H](Cc1ccc(O)cc1)[N+](C)(C)C,C[N+](C)(C)[C@@H](Cc1ccc(O)cc1)C([*])=O |$;;;;;;;;;;;;;;_R2;$|,Backbone
X2239,CN[C@@H](CC(=O)O)C(=O)CCCCCN[C@@H](CCCNC(=N)N)C(C)=O,NC(=N)NCCC[C@H](NCCCCCC(=O)[C@H](CC(O)=O)N[*])C([*])=O |$;;;;;;;;;;;;;;;;;;;;;;_R1;;_R2;$|,Backbone
dPhe(4-Cl),CN[C@H](Cc1ccc(Cl)cc1)C(C)=O,Clc1ccc(C[C@@H](N[*])C([*])=O)cc1 |$;;;;;;;;_R1;;_R2;;;$|,Backbone
d3-Pal,CN[C@H](Cc1cccnc1)C(C)=O,[*]N[C@H](Cc1cccnc1)C([*])=O |$_R1;;;;;;;;;;;_R2;$|,Backbone
H,CN[C@@H](Cc1cnc[nH]1)C(C)=O,[*]N[C@@H](Cc1cnc[nH]1)C([*])=O |$_R1;;;;;;;;;;_R2;$|,Backbone
X1,CNC1(C(C)=O)CCCCC1,[*]NC1(CCCCC1)C([*])=O |$_R1;;;;;;;;;_R2;$|,Backbone
X945,CN[C@@H](C(C)=O)[C@@H](C)c1ccc(O)cc1,C[C@H]([C@@H](N[*])C([*])=O)c1ccc(O)cc1 |$;;;;_R1;;_R2;;;;;;;;$|,Backbone
X807,CN[C@@H](Cc1cccc(OC(=O)c2ccccc2)c1)C(=O)OC,COC(=O)[C@H](Cc1cccc(OC(=O)c2ccccc2)c1)N[*] |$;;;;;;;;;;;;;;;;;;;;;;_R1$|,Backbone
dSer(Bzl),CN[C@H](COCc1ccccc1)C(C)=O,[*]N[C@H](COCc1ccccc1)C([*])=O |$_R1;;;;;;;;;;;;;_R2;$|,Backbone
X1032,CCCc1ncc(C[C@H](NC)C(C)=O)[nH]1,CCCc1ncc(C[C@H](N[*])C([*])=O)[nH]1 |$;;;;;;;;;;_R1;;_R2;;$|,Backbone
X824,CC(=O)[C@@H]1CCC(C)(C)N1C,CC1(C)CC[C@H](N1[*])C([*])=O |$;;;;;;;_R1;;_R2;$|,Backbone
X1157,CC(=O)[C@@H]1C[C@@H](Oc2cccc3ccccc23)CN1C,[*]N1C[C@@H](C[C@H]1C([*])=O)Oc1cccc2ccccc12 |$_R1;;;;;;;_R2;;;;;;;;;;;;$|,Backbone
Me_P,CC(=O)[C@@H]1CCCN1C,CN1CCC[C@H]1C([*])=O |$;;;;;;;_R2;$|,Backbone
X1035,CN[C@](C)(Cc1ccccc1)C(C)=O,C[C@](Cc1ccccc1)(N[*])C([*])=O |$;;;;;;;;;;_R1;;_R2;$|,Backbone
X1211,CN[C@H](Cc1ccc(C(C)(C)C)cc1)C(C)=O,CC(C)(C)c1ccc(C[C@@H](N[*])C([*])=O)cc1 |$;;;;;;;;;;;_R1;;_R2;;;$|,Backbone
X1163,CN[C@H](C(=O)c1ncco1)C(C)C,CC(C)[C@H](N[*])C(=O)c1ncco1 |$;;;;;_R1;;;;;;;$|,Backbone
X865,COc1ccc(CCN(C)CC(C)=O)cc1,COc1ccc(CCN([*])CC([*])=O)cc1 |$;;;;;;;;;_R1;;;_R2;;;$|,Backbone
X862,CC(=O)[C@H](CCC(=O)O)NCCc1ccc2ccc3cccc4ccc1c2c34,OC(=O)CC[C@H](NCCc1ccc2ccc3cccc4ccc1c2c34)C([*])=O |$;;;;;;;;;;;;;;;;;;;;;;;;;;_R2;$|,Backbone
X935,CCCNC(=N)NCCC[C@H](NC)C(C)=O,CCCNC(=N)NCCC[C@H](N[*])C([*])=O |$;;;;;;;;;;;;_R1;;_R2;$|,Backbone
X726,CC(=O)CN(C)CCCN,NCCCN([*])CC([*])=O |$;;;;;_R1;;;_R2;$|,Backbone
X1915,C=C(COC[C@@H](NC)C(C)=O)CO[Si](C)(C)C(C)(C)C,CC(C)(C)[Si](C)(C)OCC(=C)COC[C@@H](N[*])C([*])=O |$;;;;;;;;;;;;;;;;_R1;;_R2;$|,Backbone
X1697,CN[C@@H](CCCCCC(=O)OC)C(C)=O,COC(=O)CCCCC[C@H](N[*])C([*])=O |$;;;;;;;;;;;_R1;;_R2;$|,Backbone
X1770,CC(=O)[C@@H]1C=CC=NN1C,"[*]N1N=CC=C[C@H]1C([*])=O |$_R1;;;;;;;;_R2;$,c:2,4|",Backbone
X1935,CN[C@H](COCC(=O)OC)C(C)=O,COC(=O)COC[C@@H](N[*])C([*])=O |$;;;;;;;;;_R1;;_R2;$|,Backbone
X1971,CC(=O)[C@@H]1[C@H](CCNC(=N)N)CCN1C,NC(=N)NCC[C@@H]1CCN([*])[C@@H]1C([*])=O |$;;;;;;;;;;_R1;;;_R2;$|,Backbone
X1684,CN[C@@H](C(C)=O)[C@H](O)C(C)C,CC(C)[C@@H](O)[C@@H](N[*])C([*])=O |$;;;;;;;_R1;;_R2;$|,Backbone
X1838,CN[C@H](COCCOS(=O)(=O)c1ccc(C)cc1)C(C)=O,Cc1ccc(cc1)S(=O)(=O)OCCOC[C@@H](N[*])C([*])=O |$;;;;;;;;;;;;;;;;;_R1;;_R2;$|,Backbone
X1854,CCC=CC[C@@H](C)C[C@@H](C(C)=O)N(C)C,"CCC=CC[C@@H](C)C[C@H](N(C)[*])C([*])=O |w:3.3,$;;;;;;;;;;;_R1;;_R2;$|",Backbone
X1856,CC(=O)[C@H]([C@H](O)[C@H](C)C[C@@H]1C[C@H]1C)N(C)C,C[C@H](C[C@@H]1C[C@H]1C)[C@@H](O)[C@H](N(C)[*])C([*])=O |$;;;;;;;;;;;;_R1;;_R2;$|,Backbone
X1862,CC(=O)[C@@H](CCCCNC(=O)OCc1ccc(Cl)cc1)N(C)C,CN([*])[C@H](CCCCNC(=O)OCc1ccc(Cl)cc1)C([*])=O |$;;_R1;;;;;;;;;;;;;;;;;;;_R2;$|,Backbone
X1793,CN[C@@H](CC(=O)c1ccccc1[N+](=O)[O-])C(C)=O,[*]N[C@@H](CC(=O)c1ccccc1N(=O)=O)C([*])=O |$_R1;;;;;;;;;;;;;;;;_R2;$|,Backbone
X1794,CN[C@@H](Cc1cn(CN2CCCC2)c2ccccc12)C(C)=O,[*]N[C@@H](Cc1cn(CN2CCCC2)c2ccccc12)C([*])=O |$_R1;;;;;;;;;;;;;;;;;;;;_R2;$|,Backbone
X1724,CN[C@@]1(C(C)=O)C[C@@H]1c1ccccc1,[*]N[C@]1(C[C@@H]1c1ccccc1)C([*])=O |$_R1;;;;;;;;;;;;_R2;$|,Backbone
X1799,CC(=O)[C@@H]1C[C@@H](N)CN1C,N[C@@H]1C[C@H](N([*])C1)C([*])=O |$;;;;;_R1;;;_R2;$|,Backbone
X1816,CN[C@H](COCCO)C(C)=O,OCCOC[C@@H](N[*])C([*])=O |$;;;;;;;_R1;;_R2;$|,Backbone
X1884,CN[C@@]1(C(C)=O)C[C@H]1c1ccccc1,[*]N[C@]1(C[C@H]1c1ccccc1)C([*])=O |$_R1;;;;;;;;;;;;_R2;$|,Backbone
X1751,CN[C@H](C(C)=O)c1ccc2ccccc2c1,[*]N[C@H](C([*])=O)c1ccc2ccccc2c1 |$_R1;;;;_R2;;;;;;;;;;;$|,Backbone
X1802,CN[C@@H](Cc1c(Cl)[nH]c2ccccc12)C(C)=O,Clc1[nH]c2ccccc2c1C[C@H](N[*])C([*])=O |$;;;;;;;;;;;;;_R1;;_R2;$|,Backbone
X1808,C#CC[C@H](C(C)=O)N(C)C,CN([*])[C@H](CC#C)C([*])=O |$;;_R1;;;;;;_R2;$|,Backbone
X1782,CN[C@](C(C)=O)(C(C)C)C(F)(F)F,CC(C)[C@](N[*])(C([*])=O)C(F)(F)F |$;;;;;_R1;;_R2;;;;;$|,Backbone
X59,C=CCCC[C@@H](NC)C(C)=O,[*]N[C@H](CCCC=C)C([*])=O |$_R1;;;;;;;;;_R2;$|,Backbone
X66,CN[C@@H](CCC(C)=O)C(C)=O,CC(=O)CC[C@H](N[*])C([*])=O |$;;;;;;;_R1;;_R2;$|,Backbone
Abu,CC[C@H](NC)C(C)=O,CC[C@H](N[*])C([*])=O |$;;;;_R1;;_R2;$|,Backbone
X422,C=CCCCC[C@H](NC)C(C)=O,[*]N[C@@H](CCCCC=C)C([*])=O |$_R1;;;;;;;;;;_R2;$|,Backbone
X283,CC[C@@H](C=O)NC,CC[C@H](N[*])C=O |$;;;;_R1;;$|,Backbone
dNal,CN[C@H](Cc1ccc2ccccc2c1)C(C)=O,[*]N[C@H](Cc1ccc2ccccc2c1)C([*])=O |$_R1;;;;;;;;;;;;;;;_R2;$|,Backbone
X221,C=CCCCCC[C@@H](NC)C(C)=O,[*]N[C@H](CCCCCC=C)C([*])=O |$_R1;;;;;;;;;;;_R2;$|,Backbone
X223,C=CCCCCCC[C@H](NC)C(C)=O,[*]N[C@@H](CCCCCCC=C)C([*])=O |$_R1;;;;;;;;;;;;_R2;$|,Backbone
X129,CC(=O)[C@]1(C(F)(F)F)CCCN1,FC(F)(F)[C@]1(CCCN1)C([*])=O |$;;;;;;;;;;_R2;$|,Backbone
X136,CN[C@H](Cc1ccc(F)cc1)C(C)=O,Fc1ccc(C[C@@H](N[*])C([*])=O)cc1 |$;;;;;;;;_R1;;_R2;;;$|,Backbone
X137,CN[C@@H](COC(=O)c1ccccc1)C(C)=O,[*]N[C@@H](COC(=O)c1ccccc1)C([*])=O |$_R1;;;;;;;;;;;;;;_R2;$|,Backbone
X168,CC[C@H](C)N(C)CC(C)=O,CC[C@H](C)N([*])CC([*])=O |$;;;;;_R1;;;_R2;$|,Backbone
Cbz_I,CC[C@H](C)[C@H](NC(=O)OCc1ccccc1)C(C)=O,CC[C@H](C)[C@H](NC(=O)OCc1ccccc1)C([*])=O |$;;;;;;;;;;;;;;;;;_R2;$|,Backbone
X227,CC(=O)[C@H](CCC(=O)O)NCCCc1ccc(Cl)c(Cl)c1,OC(=O)CC[C@H](NCCCc1ccc(Cl)c(Cl)c1)C([*])=O |$;;;;;;;;;;;;;;;;;;;_R2;$|,Backbone
X351,CN[C@@H](Cc1ccc(-c2ccc(OC)cc2C)cc1)C(C)=O,COc1ccc(c(C)c1)-c1ccc(C[C@H](N[*])C([*])=O)cc1 |$;;;;;;;;;;;;;;;;_R1;;_R2;;;$|,Backbone
X427,CC(=O)[C@H](CCC(=O)O)NCCC1CCCCC1,OC(=O)CC[C@H](NCCC1CCCCC1)C([*])=O |$;;;;;;;;;;;;;;;;_R2;$|,Backbone
X2202,CN[C@H](CC(C)C)C(=O)OCOC(=O)N[C@@H](Cc1ccc(O)cc1)C(C)=O,CC(C)C[C@@H](N[*])C(=O)OCOC(=O)N[C@@H](Cc1ccc(O)cc1)C([*])=O |$;;;;;;_R1;;;;;;;;;;;;;;;;;;;_R2;$|,Backbone
X2671,CN[C@@H](Cc1cn(CCCCCCCCc2ccccc2)cn1)C(C)=O,[*]N[C@@H](Cc1cn(CCCCCCCCc2ccccc2)cn1)C([*])=O |$_R1;;;;;;;;;;;;;;;;;;;;;;;;_R2;$|,Backbone
X2793,CN[C@@H](CCCCNC(=S)Nc1ccccc1C)C(C)=O,Cc1ccccc1NC(=S)NCCCC[C@H](N[*])C([*])=O |$;;;;;;;;;;;;;;;;;_R1;;_R2;$|,Backbone
X2818,CN[C@@H](CCC[NH+]=C(N)N1CCCC1)C(C)=O,"NC(=[NH+]CCC[C@H](N[*])C([*])=O)N1CCCC1 |w:2.2,$;;;;;;;;_R1;;_R2;;;;;;$|",Backbone
X2804,CCCCCCCCCCCCNCCCC[C@@H](NC)C(C)=O,CCCCCCCCCCCCNCCCC[C@@H](N[*])C([*])=O |$;;;;;;;;;;;;;;;;;;;_R1;;_R2;$|,Backbone
Cbz_Ser(Bzl),CC(=O)[C@H](COCc1ccccc1)NC(=O)OCc1ccccc1,[*]C(=O)[C@H](COCc1ccccc1)NC(=O)OCc1ccccc1 |$_R2;;;;;;;;;;;;;;;;;;;;;;;$|,Backbone
X2838,CC#Cc1ccccc1C(=O)N(C(C)=O)[C@@H](Cc1ccc(F)cc1)C(C)=O,CC#Cc1ccccc1C(=O)N([C@@H](Cc1ccc(F)cc1)C([*])=O)C(C)=O |$;;;;;;;;;;;;;;;;;;;;;;_R2;;;;$|,Backbone
X1995,CN[C@@H](CCSC)C(=O)NC(C)=O,CSCC[C@H](N[*])C(=O)NC(C)=O |$;;;;;;_R1;;;;;;$|,Backbone
X2810,CC(=O)[C@H](CC(C)C)NS(=O)(=O)c1ccc(C)cc1,CC(C)C[C@H](NS(=O)(=O)c1ccc(C)cc1)C([*])=O |$;;;;;;;;;;;;;;;;;_R2;$|,Backbone
X2811,CC(=O)[C@H](Cc1ccc(F)cc1)N(C(C)=O)C(=O)c1ccccc1N,CC(=O)N([C@@H](Cc1ccc(F)cc1)C([*])=O)C(=O)c1ccccc1N |$;;;;;;;;;;;;;;_R2;;;;;;;;;;$|,Backbone
X2751,CCOC(=O)[C@H](Cc1ccc2ccccc2c1)NC,CCOC(=O)[C@H](Cc1ccc2ccccc2c1)N[*] |$;;;;;;;;;;;;;;;;;;_R1$|,Backbone
X2766,CN[C@H](C(C)=O)[C@H](C)c1c(C)cc(OC)cc1C,COc1cc(C)c([C@@H](C)[C@H](N[*])C([*])=O)c(C)c1 |$;;;;;;;;;;;_R1;;_R2;;;;$|,Backbone
X2715,CN[C@@H](Cc1c[nH]c2ccccc12)C(=O)c1nccs1,[*]N[C@@H](Cc1c[nH]c2ccccc12)C(=O)c1nccs1 |$_R1;;;;;;;;;;;;;;;;;;;$|,Backbone
X2705,CN[C@@]1(C(=O)O)C[C@@H]1Cc1ccccc1,OC(=O)[C@@]1(C[C@@H]1Cc1ccccc1)N[*] |$;;;;;;;;;;;;;;_R1$|,Backbone
X2777,CN[C@@H](CC(=O)O)C(=O)COC(=O)c1c(C(F)(F)F)cccc1C(F)(F)F,OC(=O)C[C@H](N[*])C(=O)COC(=O)c1c(cccc1C(F)(F)F)C(F)(F)F |$;;;;;;_R1;;;;;;;;;;;;;;;;;;;;$|,Backbone
X2038,CSC[C@@H](NC(=O)NC(C)C)C(C)=O,CC(C)NC(=O)N[C@H](CS[*])C([*])=O |$;;;;;;;;;;_R3;;_R2;$|,Backbone
Cbz_K,CC(=O)[C@H](CCCCN)N(C)C(=O)OCc1ccccc1,NCCCC[C@H](N([*])C(=O)OCc1ccccc1)C([*])=O |$;;;;;;;_R1;;;;;;;;;;;;_R2;$|,Backbone
X2106,CC(=O)[C@@H]1C[C@@H](OC(=O)N2Cc3ccc(Cl)cc3C2)CN1C,Clc1ccc2CN(Cc2c1)C(=O)O[C@@H]1C[C@H](N([*])C1)C([*])=O |$;;;;;;;;;;;;;;;;;_R1;;;_R2;$|,Backbone
X2138,CN[C@H](C(C)=O)c1ccc(Oc2nc(Cl)cc3ccccc23)cc1,Clc1cc2ccccc2c(Oc2ccc(cc2)[C@H](N[*])C([*])=O)n1 |$;;;;;;;;;;;;;;;;;;;_R1;;_R2;;$|,Backbone
X2153,CC(=O)[C@H](CCCNC(=N)N)Nc1ccc(O)c2c1C(=O)c1ccccc1C2=O,NC(=N)NCCC[C@H](Nc1ccc(O)c2C(=O)c3ccccc3C(=O)c12)C([*])=O |$;;;;;;;;;;;;;;;;;;;;;;;;;;;_R2;$|,Backbone
X2184,CC(=O)[C@H](Cc1ccc(OP(=O)(O)O)cc1)NOC(=O)Cc1cc(=O)oc2cc(O)ccc12,Oc1ccc2c(CC(=O)ON[C@@H](Cc3ccc(OP(O)(O)=O)cc3)C([*])=O)cc(=O)oc2c1 |$;;;;;;;;;;;;;;;;;;;;;;;;;_R2;;;;;;;$|,Backbone
X2206,CN[C@@H](C[C@H]1CCCN(C(=N)N)C1)C(=O)c1nc2ccccc2s1,NC(=N)N1CCC[C@H](C[C@H](N[*])C(=O)c2nc3ccccc3s2)C1 |$;;;;;;;;;;;_R1;;;;;;;;;;;;$|,Backbone
X2135,CN[C@@H](CC1CCN(C(=N)N)CC1)C(C)=O,NC(=N)N1CCC(C[C@H](N[*])C([*])=O)CC1 |$;;;;;;;;;;_R1;;_R2;;;$|,Backbone
X2149,CN[C@@H](CCCNC(=N)N)C(=O)c1nc2ccccc2o1,NC(=N)NCCC[C@H](N[*])C(=O)c1nc2ccccc2o1 |$;;;;;;;;;_R1;;;;;;;;;;;$|,Backbone
X2151,CC(=O)[C@@H](NCP(=O)(O)O)C(C)C,CC(C)[C@H](NCP(O)(O)=O)C([*])=O |$;;;;;;;;;;;_R2;$|,Backbone
X2174,CC[C@H](C)[C@H](NC)C(=O)NC(=O)[C@@H](N)Cc1ccccc1,CC[C@H](C)[C@H](N[*])C(=O)NC(=O)[C@@H](N)Cc1ccccc1 |$;;;;;;_R1;;;;;;;;;;;;;;$|,Backbone
K_Me,CN[C@@H](CCCCN)C(C)=O,CC(=O)[C@H](CCCCN)N[*] |$;;;;;;;;;;_R1$|,Backbone
X1018,CN[C@@H](Cc1csc[n+]1C)C(C)=O,C[n+]1cscc1C[C@H](N[*])C([*])=O |$;;;;;;;;;_R1;;_R2;$|,Backbone
X1488,CCCCCN1C(=O)C[C@@H](C(C)=O)NC1=O,CCCCCN1C(=O)C[C@H](NC1=O)C([*])=O |$;;;;;;;;;;;;;;_R2;$|,Backbone
X1489,CCOC(=O)[C@H](CCc1ccccc1)NC,CCOC(=O)[C@H](CCc1ccccc1)N[*] |$;;;;;;;;;;;;;;;_R1$|,Backbone
X1491,CN[C@H](Cc1ccc(C)cc1C)C(C)=O,Cc1ccc(C[C@@H](N[*])C([*])=O)c(C)c1 |$;;;;;;;;_R1;;_R2;;;;$|,Backbone
X1283,CC(=O)CN(C)C[C@@H](N)Cc1ccccc1,CN(C[C@@H](N)Cc1ccccc1)CC([*])=O |$;;;;;;;;;;;;;;_R2;$|,Backbone
X1330,CN[C@@H](CCCNC(N)N)C(C)=O,NC(N)NCCC[C@H](N[*])C([*])=O |$;;;;;;;;;_R1;;_R2;$|,Backbone
X1306,CC(=O)[C@H](NC(=O)OC(C)(C)C)c1ccsc1,CC(C)(C)OC(=O)N[C@@H](C([*])=O)c1ccsc1 |$;;;;;;;;;;_R2;;;;;;$|,Backbone
X1253,CC(=O)[C@H]1Cc2ccccc2N1C,[*]N1[C@H](Cc2ccccc12)C([*])=O |$_R1;;;;;;;;;;;_R2;$|,Backbone
X1241,CN[C@H](Cc1cnc(Cc2ccccc2)[nH]1)C(C)=O,[*]N[C@H](Cc1cnc(Cc2ccccc2)[nH]1)C([*])=O |$_R1;;;;;;;;;;;;;;;;;_R2;$|,Backbone
X1408,CN[C@@H](CCCCNC1CC1)C(C)=O,[*]N[C@@H](CCCCNC1CC1)C([*])=O |$_R1;;;;;;;;;;;;_R2;$|,Backbone
X1242,CN[C@H](Cc1c[nH]c2cc([N+](=O)[O-])ccc12)C(C)=O,[*]N[C@H](Cc1c[nH]c2cc(ccc12)N(=O)=O)C([*])=O |$_R1;;;;;;;;;;;;;;;;;_R2;$|,Backbone
Aca,CCCCCCCC[C@H](NC)C(C)=O,CCCCCCCC[C@H](N[*])C([*])=O |$;;;;;;;;;;_R1;;_R2;$|,Backbone
X1277,CCN1C(=O)c2cccc3c(-n4cc(C[C@H](NC)C(C)=O)nn4)ccc(c23)C1=O,CCN1C(=O)c2cccc3c(ccc(C1=O)c23)-n1cc(C[C@H](N[*])C([*])=O)nn1 |$;;;;;;;;;;;;;;;;;;;;;;;_R1;;_R2;;;$|,Backbone
X1471,CC(=O)[C@H]1CCCN1C(=N)N,NC(=N)N1CCC[C@@H]1C([*])=O |$;;;;;;;;;_R2;$|,Backbone
X1481,CN[C@H](CC1=CCCC=C1)C(=O)O,"OC(=O)[C@@H](CC1=CCCC=C1)N[*] |$;;;;;;;;;;;;_R1$,c:9,t:5|",Backbone
X1475,CN[C@@H](CCCCCN)C(=O)c1nccs1,NCCCCC[C@H](N[*])C(=O)c1nccs1 |$;;;;;;;;_R1;;;;;;;$|,Backbone
Me_dV,CC(=O)[C@@H](C(C)C)N(C)C,CC(C)[C@@H](N(C)[*])C([*])=O |$;;;;;;_R1;;_R2;$|,Backbone
X1126,CC(=O)[C@H](CCCCN)NC(=O)OCc1ccccc1[N+](=O)[O-],NCCCC[C@H](NC(=O)OCc1ccccc1N(=O)=O)C([*])=O |$;;;;;;;;;;;;;;;;;;;;;_R2;$|,Backbone
X242,CC(=O)[C@@H]1C[C@]2(CC=C(C)CCC=C(C)C)c3ccccc3N[C@@H]2N1C,"CC(C)=CCCC(C)=CC[C@]12C[C@H](N([*])[C@H]1Nc1ccccc21)C([*])=O |w:8.8,$;;;;;;;;;;;;;;_R1;;;;;;;;;;_R2;$|",Backbone
X387,CN[C@H](C(C)=O)[C@H](C)c1ccccc1,C[C@@H]([C@H](N[*])C([*])=O)c1ccccc1 |$;;;;_R1;;_R2;;;;;;;$|,Backbone
Me_dA,CC(=O)[C@@H](C)N(C)C,C[C@@H](N(C)[*])C([*])=O |$;;;;_R1;;_R2;$|,Backbone
Boc_E,CC(=O)[C@H](CCC(=O)O)NC(=O)OC(C)(C)C,CC(C)(C)OC(=O)N[C@@H](CCC(O)=O)C([*])=O |$;;;;;;;;;;;;;;;_R2;$|,Backbone
X251,CC(=O)[C@H](Cc1ccc(S(=O)(=O)O)cc1)NC(=O)OC(C)(C)C,CC(C)(C)OC(=O)N[C@@H](Cc1ccc(cc1)S(O)(=O)=O)C([*])=O |$;;;;;;;;;;;;;;;;;;;;;_R2;$|,Backbone
Iva,CC[C@](C)(NC)C(C)=O,CC[C@](C)(N[*])C([*])=O |$;;;;;_R1;;_R2;$|,Backbone
X268,CC(=O)C(C)(C)NCCCC1CCCCC1,CC(C)(NCCCC1CCCCC1)C([*])=O |$;;;;;;;;;;;;;;_R2;$|,Backbone
X572,CN[C@H](CCCCNC(=NCC(F)(F)F)NCC(F)(F)F)C(C)=O,"FC(F)(F)CNC(NCCCC[C@@H](N[*])C([*])=O)=NCC(F)(F)F |w:18.18,$;;;;;;;;;;;;;;_R1;;_R2;;;;;;;$|",Backbone
X255,CC(=O)[C@H]1CSCN1C,[*]N1CSC[C@@H]1C([*])=O |$_R1;;;;;;;_R2;$|,Backbone
X688,CC[C@H](C)[C@H](NC)C(=O)OCCC(C)C,CC[C@H](C)[C@H](N[*])C(=O)OCCC(C)C |$;;;;;;_R1;;;;;;;;$|,Backbone
X435,CN[C@@H](Cc1ccc(C#Cc2ccccc2)cc1)C(=O)OC,COC(=O)[C@H](Cc1ccc(cc1)C#Cc1ccccc1)N[*] |$;;;;;;;;;;;;;;;;;;;;;_R1$|,Backbone
X440,CC(=O)CN(C)Cc1ccco1,[*]N(CC([*])=O)Cc1ccco1 |$_R1;;;;_R2;;;;;;;$|,Backbone
X258,CN[C@@H](CCCCNC(N)=O)C(C)=O,NC(=O)NCCCC[C@H](N[*])C([*])=O |$;;;;;;;;;;_R1;;_R2;$|,Backbone
X200,CN[C@@H](C=CCP(=O)(O)O)C(=O)O,"OC(=O)[C@@H](N[*])C=CCP(O)(O)=O |w:7.7,$;;;;;_R1;;;;;;;$|",Backbone
X169,CC(=O)[C@@H]1CCCN1C(=O)N(CCCl)N=O,ClCCN(N=O)C(=O)N1CCC[C@H]1C([*])=O |$;;;;;;;;;;;;;;_R2;$|,Backbone
R_Me,CN[C@@H](CCCNC(=N)N)C(C)=O,CC(=O)[C@H](CCCNC(N)=N)N[*] |$;;;;;;;;;;;;_R1$|,Backbone
X171,CN[C@@H](Cc1ccc(OP(=O)(OCCSC(C)=O)OCCSC(C)=O)cc1)C(C)=O,CC(=O)SCCOP(=O)(OCCSC(C)=O)Oc1ccc(C[C@H](N[*])C([*])=O)cc1 |$;;;;;;;;;;;;;;;;;;;;;;;;_R1;;_R2;;;$|,Backbone
X374,CN[C@@H](Cc1ccc(C(=O)c2ccccc2)cc1)C(C)=O,[*]N[C@@H](Cc1ccc(cc1)C(=O)c1ccccc1)C([*])=O |$_R1;;;;;;;;;;;;;;;;;;;_R2;$|,Backbone
X152,CCOC(=O)[C@@H](NC)C(C(F)(F)F)C(F)(F)F,CCOC(=O)[C@@H](N[*])C(C(F)(F)F)C(F)(F)F |$;;;;;;;_R1;;;;;;;;;$|,Backbone
X1562,C=CC[C@](C)(NC)C(C)=O,C[C@@](CC=C)(N[*])C([*])=O |$;;;;;;_R1;;_R2;$|,Backbone
EtCO_dPhg,CCOC(=O)N[C@@H](C(C)=O)c1ccccc1,CCOC(=O)N[C@@H](C([*])=O)c1ccccc1 |$;;;;;;;;_R2;;;;;;;$|,Backbone
X1086,CCCCNC(=O)N[C@@H](Cc1ccccc1)C(C)=O,CCCCNC(=O)N[C@@H](Cc1ccccc1)C([*])=O |$;;;;;;;;;;;;;;;;;_R2;$|,Backbone
X1550,CC(=O)[C@@H](NCCCS)C(C)C,CC(C)[C@H](NCCCS)C([*])=O |$;;;;;;;;;;_R2;$|,Backbone
X1551,CN[C@@H](Cc1cn(C)c[nH+]1)C(C)=O,Cn1c[nH+]c(C[C@H](N[*])C([*])=O)c1 |$;;;;;;;;_R1;;_R2;;$|,Backbone
X1632,CC(=O)[C@@H]1C[C@]2(CC=C(C)CCCC(C)C)c3ccccc3N[C@@H]2N1C,"CC(C)CCCC(C)=CC[C@]12C[C@H](N([*])[C@H]1Nc1ccccc21)C([*])=O |w:8.8,$;;;;;;;;;;;;;;_R1;;;;;;;;;;_R2;$|",Backbone
X958,CC(=O)[C@@H](NC(=O)N(c1ccccc1)c1ccccc1)C(C)C,CC(C)[C@H](NC(=O)N(c1ccccc1)c1ccccc1)C([*])=O |$;;;;;;;;;;;;;;;;;;;;;_R2;$|,Backbone
X1449,CC(=O)[C@H](Cc1ccc(O)cc1)N(CC1CC1)CC1CC1,Oc1ccc(C[C@H](N(CC2CC2)CC2CC2)C([*])=O)cc1 |$;;;;;;;;;;;;;;;;;_R2;;;$|,Backbone
X1588,CCCCCCN=C(NC#N)NCCCC[C@@H](NC)C(C)=O,"CCCCCCN=C(NCCCC[C@@H](N[*])C([*])=O)NC#N |w:6.5,$;;;;;;;;;;;;;;;_R1;;_R2;;;;$|",Backbone
X594,CC(=O)[C@@H]1C[C@H](n2cc(-c3ccc(F)cc3)nn2)CN1C,Fc1ccc(cc1)-c1cn(nn1)[C@H]1C[C@H](N([*])C1)C([*])=O |$;;;;;;;;;;;;;;;;_R1;;;_R2;$|,Backbone
X2582,CN[C@@H](CCCCCCC(=O)O)C(C)=O,OC(=O)CCCCCC[C@H](N[*])C([*])=O |$;;;;;;;;;;;_R1;;_R2;$|,Backbone
X2635,CNC(=O)N[C@@H](Cc1c[nH]c2ccccc12)C(C)=O,CNC(=O)N[C@@H](Cc1c[nH]c2ccccc12)C([*])=O |$;;;;;;;;;;;;;;;;;_R2;$|,Backbone
X2640,CN[C@@H](CC1CCNCC1)C(=O)c1nccs1,[*]N[C@@H](CC1CCNCC1)C(=O)c1nccs1 |$_R1;;;;;;;;;;;;;;;;$|,Backbone
X2668,CC(=O)[C@H](CC(C)C)NC(=O)NCc1ccc(Cl)cc1Cl,CC(C)C[C@H](NC(=O)NCc1ccc(Cl)cc1Cl)C([*])=O |$;;;;;;;;;;;;;;;;;;;_R2;$|,Backbone
X2632,CN[C@@H](CC1CCCCC1)C(=O)[C@@H](CC(F)F)C(=O)c1nc2ccccc2o1,FC(F)C[C@H](C(=O)[C@H](CC1CCCCC1)N[*])C(=O)c1nc2ccccc2o1 |$;;;;;;;;;;;;;;;;_R1;;;;;;;;;;;$|,Backbone
X2547,CC(=O)[C@H](CC(C)(C)C)NC(=O)N1[C@H](C)CCC[C@@H]1C,C[C@H]1CCC[C@@H](C)N1C(=O)N[C@@H](CC(C)(C)C)C([*])=O |$;;;;;;;;;;;;;;;;;;_R2;$|,Backbone
X2535,CC(=O)Cn1nc(C)c(=O)n(CC(=O)O)c1=O,Cc1nn(CC([*])=O)c(=O)n(CC(O)=O)c1=O |$;;;;;;_R2;;;;;;;;;;$|,Backbone
X2289,CN1CC(=O)N[C@@H](Cc2ccccc2)C1,[*]N1C[C@H](Cc2ccccc2)NC(=O)C1 |$_R1;;;;;;;;;;;;;;$|,Backbone
X2302,CN[C@@H](Cc1ccc(O)cc1)C(=O)c1nc2ccccc2[nH]1,Oc1ccc(C[C@H](N[*])C(=O)c2nc3ccccc3[nH]2)cc1 |$;;;;;;;;_R1;;;;;;;;;;;;;$|,Backbone
X2356,CC(=O)[C@H](C=CCCS(C)(=O)=O)NC(=O)OCc1ccccc1,"CS(=O)(=O)CCC=C[C@H](NC(=O)OCc1ccccc1)C([*])=O |w:6.5,$;;;;;;;;;;;;;;;;;;;;;_R2;$|",Backbone
X2454,CC(=O)[C@@H](NCc1cc(F)ccc1O)C(C)C,CC(C)[C@H](NCc1cc(F)ccc1O)C([*])=O |$;;;;;;;;;;;;;;;_R2;$|,Backbone
X2412,CN[C@@H](Cc1ccc2ccccc2c1)C(=O)NC(=O)N[C@H](Cc1ccc(O)cc1)C(C)=O,Oc1ccc(C[C@@H](NC(=O)NC(=O)[C@H](Cc2ccc3ccccc3c2)N[*])C([*])=O)cc1 |$;;;;;;;;;;;;;;;;;;;;;;;;;;_R1;;_R2;;;$|,Backbone
X2354,CCCCCCCCCCn1cncc1C[C@H](NC)C(C)=O,CCCCCCCCCCn1cncc1C[C@H](N[*])C([*])=O |$;;;;;;;;;;;;;;;;;;_R1;;_R2;$|,Backbone
X2350,CN[C@@H](CCCN)C(=O)ON[C@@H](CCCCN)C(C)=O,NCCCC[C@H](NOC(=O)[C@H](CCCN)N[*])C([*])=O |$;;;;;;;;;;;;;;;;_R1;;_R2;$|,Backbone
X2421,CNCCCC[C@@H](NC)C(=O)c1nc2ccccc2s1,CNCCCC[C@@H](N[*])C(=O)c1nc2ccccc2s1 |$;;;;;;;;_R1;;;;;;;;;;;$|,Backbone
X2441,CN[C@@H](Cn1cc(C)c(=O)[nH]c1=O)C(C)=O,Cc1cn(C[C@H](N[*])C([*])=O)c(=O)[nH]c1=O |$;;;;;;;_R1;;_R2;;;;;;$|,Backbone
X2473,C=CCNC(=O)N[C@@H](Cc1ccc(Cl)cc1)C(C)=O,Clc1ccc(C[C@H](NC(=O)NCC=C)C([*])=O)cc1 |$;;;;;;;;;;;;;;;_R2;;;$|,Backbone
X2267,CC(=O)[C@H](CCC(=O)O)NC(=O)O,OC(=O)CC[C@H](NC(O)=O)C([*])=O |$;;;;;;;;;;;_R2;$|,Backbone
X2268,CC(=O)[C@@H](NC(c1ncccc1O)c1ncccc1O)C(C)C,CC(C)[C@H](NC(c1ncccc1O)c1ncccc1O)C([*])=O |$;;;;;;;;;;;;;;;;;;;;;_R2;$|,Backbone
X2257,CN[C@@H](CNCc1ccccc1)C(C)=O,[*]N[C@@H](CNCc1ccccc1)C([*])=O |$_R1;;;;;;;;;;;;;_R2;$|,Backbone
X2324,CN[C@H](C(=O)C(F)(F)CNCc1ccccc1)C(C)C,CC(C)[C@H](N[*])C(=O)C(F)(F)CNCc1ccccc1 |$;;;;;_R1;;;;;;;;;;;;;;$|,Backbone
X2326,CN[C@H](C=O)CNC(=O)OC(C)(C)C,CC(C)(C)OC(=O)NC[C@H](N[*])C=O |$;;;;;;;;;;;_R1;;$|,Backbone
X595,CCCCCCCCCCCCCCCC(=O)OC[C@H](NC)C(C)=O,CCCCCCCCCCCCCCCC(=O)OC[C@H](N[*])C([*])=O |$;;;;;;;;;;;;;;;;;;;;;_R1;;_R2;$|,Backbone
X480,CN[C@@H](CCCCCN)C(C)=O,NCCCCC[C@H](N[*])C([*])=O |$;;;;;;;;_R1;;_R2;$|,Backbone
X615,CC[C@H]1C[C@@]1(NC)C(=O)O,CC[C@H]1C[C@@]1(N[*])C(O)=O |$;;;;;;_R1;;;$|,Backbone
X499,CN[C@@H](Cc1ccc(C(F)(F)F)cc1)C(C)=O,FC(F)(F)c1ccc(C[C@H](N[*])C([*])=O)cc1 |$;;;;;;;;;;;_R1;;_R2;;;$|,Backbone
X762,CNC1(C(=O)OC)CCCCCC1,COC(=O)C1(CCCCCC1)N[*] |$;;;;;;;;;;;;_R1$|,Backbone
X710,CN[C@@H](Cc1c(C)cc(C)cc1C)C(C)=O,Cc1cc(C)c(C[C@H](N[*])C([*])=O)c(C)c1 |$;;;;;;;;;_R1;;_R2;;;;$|,Backbone
X711,CN[C@@H](CC(=O)OC)C(C)=O,COC(=O)C[C@H](N[*])C([*])=O |$;;;;;;;_R1;;_R2;$|,Backbone
X974,CN[C@@H](CC(F)F)C(=O)C(=O)OC,COC(=O)C(=O)[C@H](CC(F)F)N[*] |$;;;;;;;;;;;;_R1$|,Backbone
X670,CC(=O)[C@@H]1CSCN1C,[*]N1CSC[C@H]1C([*])=O |$_R1;;;;;;;_R2;$|,Backbone
X2853,CC(=O)OP(=O)(OC(C)=O)Oc1ccc(C[C@H](N)C(C)=O)cc1,CC(=O)OP(=O)(OC(C)=O)Oc1ccc(C[C@H](N)C([*])=O)cc1 |$;;;;;;;;;;;;;;;;;;;_R2;;;$|,Backbone
dPhe(2-NO2),CN[C@H](Cc1ccccc1[N+](=O)[O-])C(C)=O,[*]N[C@H](Cc1ccccc1N(=O)=O)C([*])=O |$_R1;;;;;;;;;;;;;;_R2;$|,Backbone
dPhe(3-NO2),CN[C@H](Cc1cccc([N+](=O)[O-])c1)C(C)=O,[*]N[C@H](Cc1cccc(c1)N(=O)=O)C([*])=O |$_R1;;;;;;;;;;;;;;_R2;$|,Backbone
X3023,CC(=O)[C@@H]1C[C@@H](Cc2cccc(Cl)c2)CN1C,Clc1cccc(C[C@@H]2C[C@H](N([*])C2)C([*])=O)c1 |$;;;;;;;;;;;_R1;;;_R2;;$|,Backbone
X2866,CC(=O)[C@H](CC(C)C)NS(=O)(=O)c1ccc2ccccc2c1,CC(C)C[C@H](NS(=O)(=O)c1ccc2ccccc2c1)C([*])=O |$;;;;;;;;;;;;;;;;;;;;_R2;$|,Backbone
X2895,CC(=O)[C@H](CC(C)C)NC(=O)NC[C@@H](O)CO,CC(C)C[C@H](NC(=O)NC[C@@H](O)CO)C([*])=O |$;;;;;;;;;;;;;;;_R2;$|,Backbone
X2869,CC(=O)CNS(=O)(=O)c1ccc(C(=O)O)cc1,OC(=O)c1ccc(cc1)S(=O)(=O)NCC([*])=O |$;;;;;;;;;;;;;;;_R2;$|,Backbone
X2544,CSC1(CC(=O)[C@H](Cc2ccc(O)cc2)N[C@@H](Cc2ccccc2)C(C)=O)CCC(C)CC1,CC1CCC(CC(=O)[C@H](Cc2ccc(O)cc2)N[C@@H](Cc2ccccc2)C([*])=O)(CC1)S[*] |$;;;;;;;;;;;;;;;;;;;;;;;;;;;_R2;;;;;_R3$|,Backbone
X2516,CN[C@H](CCNC(=N)N)C(C)=O,NC(=N)NCC[C@@H](N[*])C([*])=O |$;;;;;;;;_R1;;_R2;$|,Backbone
X1645,CN[C@@H](Cc1ccc(N=C=S)cc1)C(C)=O,[*]N[C@@H](Cc1ccc(cc1)N=C=S)C([*])=O |$_R1;;;;;;;;;;;;;;_R2;$|,Backbone
X2254,CN[C@H](C=O)CCCOc1ccc(C[C@H](NC(=O)OCc2ccccc2)C(C)=O)cc1,[*]N[C@@H](CCCOc1ccc(C[C@H](NC(=O)OCc2ccccc2)C([*])=O)cc1)C=O |$_R1;;;;;;;;;;;;;;;;;;;;;;;;;_R2;;;;;$|,Backbone
X2235,CC(=O)[C@H](NC(=N)N)C1CCCCC1,NC(=N)N[C@H](C1CCCCC1)C([*])=O |$;;;;;;;;;;;;_R2;$|,Backbone
X2238,CC(=O)[C@H](Cc1ccc(O)cc1)NN(C)CC(=O)O,OC(=O)CN([*])N[C@@H](Cc1ccc(O)cc1)C([*])=O |$;;;;;_R1;;;;;;;;;;;;_R2;$|,Backbone
X7,CN[C@@H](CCCCNC(=NCC(F)(F)F)NCC(F)(F)F)C(C)=O,"FC(F)(F)CNC(NCCCC[C@H](N[*])C([*])=O)=NCC(F)(F)F |w:18.18,$;;;;;;;;;;;;;;_R1;;_R2;;;;;;;$|",Backbone
M,CN[C@@H](CCSC)C(C)=O,CSCC[C@H](N[*])C([*])=O |$;;;;;;_R1;;_R2;$|,Backbone
Y,CN[C@@H](Cc1ccc(O)cc1)C(C)=O,Oc1ccc(C[C@H](N[*])C([*])=O)cc1 |$;;;;;;;;_R1;;_R2;;;$|,Backbone
dL,CN[C@H](CC(C)C)C(C)=O,CC(C)C[C@@H](N[*])C([*])=O |$;;;;;;_R1;;_R2;$|,Backbone
X863,CC(=O)CN(C)CCc1ccc(O)cc1,Oc1ccc(CCN([*])CC([*])=O)cc1 |$;;;;;;;;_R1;;;_R2;;;$|,Backbone
X738,CN[C@H](CC(C)C)C(=O)[O-],CC(C)C[C@@H](N[*])C([O-])=O |$;;;;;;_R1;;;$|,Backbone
X1181,CN[C@H](CC(C)(C)C)C(C)=O,CC(C)(C)C[C@@H](N[*])C([*])=O |$;;;;;;;_R1;;_R2;$|,Backbone
X993,CN[C@H](CS(=O)(=O)O)C(C)=O,OS(=O)(=O)C[C@@H](N[*])C([*])=O |$;;;;;;;_R1;;_R2;$|,Backbone
X1088,CCCS[C@@H]1CCN(C)[C@H]1C(C)=O,CCCS[C@@H]1CCN([*])[C@H]1C([*])=O |$;;;;;;;;_R1;;;_R2;$|,Backbone
X1034,CN[C@@H](Cc1cccc(OC(=O)C(C)C)c1)C(=O)OC,COC(=O)[C@H](Cc1cccc(OC(=O)C(C)C)c1)N[*] |$;;;;;;;;;;;;;;;;;;;_R1$|,Backbone
X1170,CN[C@@H](COc1ccc([N+](=O)[O-])cc1)C(C)=O,[*]N[C@@H](COc1ccc(cc1)N(=O)=O)C([*])=O |$_R1;;;;;;;;;;;;;;;_R2;$|,Backbone
X981,CN[C@]1(C(C)=O)CCc2ccccc2C1,[*]N[C@@]1(CCc2ccccc2C1)C([*])=O |$_R1;;;;;;;;;;;;;_R2;$|,Backbone
X1115,CN[C@@H](CCc1ccccc1)C(=O)OC(C)C,CC(C)OC(=O)[C@H](CCc1ccccc1)N[*] |$;;;;;;;;;;;;;;;;_R1$|,Backbone
Me_Lys(Me)2,CC(=O)[C@H](CCCCN(C)C)N(C)C,CN(C)CCCC[C@H](N(C)[*])C([*])=O |$;;;;;;;;;;_R1;;_R2;$|,Backbone
X1049,CN[C@@H](CCCCNCc1c[nH]c2ccccc12)C(C)=O,[*]N[C@@H](CCCCNCc1c[nH]c2ccccc12)C([*])=O |$_R1;;;;;;;;;;;;;;;;;;;_R2;$|,Backbone
X859,CC(=O)[C@H](CCC(=O)O)NCCCc1ccc2ccccc2c1,OC(=O)CC[C@H](NCCCc1ccc2ccccc2c1)C([*])=O |$;;;;;;;;;;;;;;;;;;;;;_R2;$|,Backbone
X1937,CN[C@H](C(C)=O)[C@@H](OCc1ccccc1)c1ccccc1,[*]N[C@@H]([C@@H](OCc1ccccc1)c1ccccc1)C([*])=O |$_R1;;;;;;;;;;;;;;;;;;;_R2;$|,Backbone
X1974,CSC[C@@H](NCc1ccc(-c2ccccc2)cc1)C(C)=O,[*]C(=O)[C@@H](CS[*])NCc1ccc(cc1)-c1ccccc1 |$_R2;;;;;;_R3;;;;;;;;;;;;;;$|,Backbone
X1950,CN[C@H](C(C)=O)[C@H](C)c1ccc2ccccc2c1,C[C@@H]([C@H](N[*])C([*])=O)c1ccc2ccccc2c1 |$;;;;_R1;;_R2;;;;;;;;;;;$|,Backbone
X2060,CSC[C@@H](NC(=O)Nc1ccc(Cl)cc1)C(C)=O,Clc1ccc(NC(=O)N[C@H](CS[*])C([*])=O)cc1 |$;;;;;;;;;;;;_R3;;_R2;;;$|,Backbone
X2033,CSC[C@@H](NC(=O)NC1CCCCC1)C(C)=O,[*]C(=O)[C@@H](CS[*])NC(=O)NC1CCCCC1 |$_R2;;;;;;_R3;;;;;;;;;;$|,Backbone
X2067,CC[C@@]1(OC(=O)N(CCN)CC(C)=O)C(=O)OCc2c1cc1n(c2=O)Cc2cc3ccccc3nc2-1,CC[C@@]1(OC(=O)N(CCN)CC([*])=O)C(=O)OCc2c1cc1-c3nc4ccccc4cc3Cn1c2=O |$;;;;;;;;;;;;_R2;;;;;;;;;;;;;;;;;;;;;;;$|,Backbone
X1949,CC(=O)[C@H](Cc1ccc(CNC(C)C)cc1)N(C)C,CC(C)NCc1ccc(C[C@H](N(C)[*])C([*])=O)cc1 |$;;;;;;;;;;;;;_R1;;_R2;;;$|,Backbone
X1825,CC(=O)[C@H](CC(C)(C)OCc1ccccc1)N(C)C,CN([*])[C@@H](CC(C)(C)OCc1ccccc1)C([*])=O |$;;_R1;;;;;;;;;;;;;;;_R2;$|,Backbone
X1766,CN[C@@H](Cc1cn(C(=O)OC)c2ccccc12)C(C)=O,COC(=O)n1cc(C[C@H](N[*])C([*])=O)c2ccccc12 |$;;;;;;;;;;_R1;;_R2;;;;;;;$|,Backbone
X1942,CN[C@]1(C(C)=O)C[C@H]1c1ccccc1,[*]N[C@@]1(C[C@H]1c1ccccc1)C([*])=O |$_R1;;;;;;;;;;;;_R2;$|,Backbone
X1796,CC(=O)[C@@H]1CCCNN1C,[*]N1NCCC[C@H]1C([*])=O |$_R1;;;;;;;;_R2;$|,Backbone
X1823,CC(=O)[C@H]([C@H](O)[C@H](C)Cc1nc2ccccc2s1)N(C)C,C[C@H](Cc1nc2ccccc2s1)[C@@H](O)[C@H](N(C)[*])C([*])=O |$;;;;;;;;;;;;;;;;;_R1;;_R2;$|,Backbone
X1889,CN[C@@H](CCCN=C(NC(=O)OCc1ccccc1)NC(=O)OCc1ccccc1)C(C)=O,[*]N[C@@H](CCCN=C(NC(=O)OCc1ccccc1)NC(=O)OCc1ccccc1)C([*])=O |$_R1;;;;;;;;;;;;;;;;;;;;;;;;;;;;;;;_R2;$|,Backbone
X1749,CN[C@@H](C(C)=O)C1c2ccccc2-c2ccccc21,[*]N[C@H](C1c2ccccc2-c2ccccc12)C([*])=O |$_R1;;;;;;;;;;;;;;;;;_R2;$|,Backbone
X1801,CN[C@@H](Cc1c(C)[nH]c2ccccc12)C(C)=O,Cc1[nH]c2ccccc2c1C[C@H](N[*])C([*])=O |$;;;;;;;;;;;;;_R1;;_R2;$|,Backbone
X1735,CN[C@H](COCCC1OCCCO1)C(C)=O,[*]N[C@H](COCCC1OCCCO1)C([*])=O |$_R1;;;;;;;;;;;;;;_R2;$|,Backbone
X1678,CSCOC(=O)C=CC[C@@H](C)[C@@H](O)[C@@H](C(C)=O)N(C)C,"CSCOC(=O)C=CC[C@@H](C)[C@@H](O)[C@H](N(C)[*])C([*])=O |w:7.7,$;;;;;;;;;;;;;;;;_R1;;_R2;$|",Backbone
X1897,CC(=O)[C@@H]1CCCN(C)N1C,CN1CCC[C@H](N1[*])C([*])=O |$;;;;;;;_R1;;_R2;$|,Backbone
X1877,CC(=O)[C@H]([C@H](O)C(C)=CCCC[N-][N+]#N)N(C)C,"CN([*])[C@@H]([C@H](O)C(C)=CCCC[N-][N+]#N)C([*])=O |w:8.8,$;;_R1;;;;;;;;;;;;;;_R2;$|",Backbone
X1740,CC(=O)[C@H]([C@H](O)[C@H](C)CC=CC(=O)OCCF)N(C)C,"C[C@H](CC=CC(=O)OCCF)[C@@H](O)[C@H](N(C)[*])C([*])=O |w:3.2,$;;;;;;;;;;;;;;;;_R1;;_R2;$|",Backbone
X1668,CN[C@H](CCCO)C(C)=O,OCCC[C@@H](N[*])C([*])=O |$;;;;;;_R1;;_R2;$|,Backbone
X1734,CN[C@H](COCC#N)C(C)=O,[*]N[C@H](COCC#N)C([*])=O |$_R1;;;;;;;;;_R2;$|,Backbone
X1934,CC(=O)[C@@H](SCCn1ccnc1)N(C)C,CN([*])[C@H](SCCn1ccnc1)C([*])=O |$;;_R1;;;;;;;;;;;_R2;$|,Backbone
X1860,CC(=O)[C@H]([C@H](O)[C@H](C)Cc1nc2ccc(C(C)C)cc2[nH]1)N(C)C,CC(C)c1ccc2nc(C[C@@H](C)[C@@H](O)[C@H](N(C)[*])C([*])=O)[nH]c2c1 |$;;;;;;;;;;;;;;;;;_R1;;_R2;;;;$|,Backbone
X1797,CC(=O)[C@@H]1C[C@@H](CN(C)C)C=NN1C,"CN(C)C[C@@H]1C[C@H](N([*])N=C1)C([*])=O |$;;;;;;;;_R1;;;;_R2;$,c:9|",Backbone
X19,CC(=O)CN(C)Cc1ccccc1,[*]N(CC([*])=O)Cc1ccccc1 |$_R1;;;;_R2;;;;;;;;$|,Backbone
Tic,CC(=O)[C@@H]1Cc2ccccc2CN1C,[*]N1Cc2ccccc2C[C@H]1C([*])=O |$_R1;;;;;;;;;;;;_R2;$|,Backbone
Phi,CC(=O)[C@@H]1C[C@@H]2CCCC[C@@H]2N1C,[*]N1[C@H]2CCCC[C@H]2C[C@H]1C([*])=O |$_R1;;;;;;;;;;;_R2;$|,Backbone
X89,CN[C@@H](CCCCNC(=O)Nc1ccccc1C)C(C)=O,Cc1ccccc1NC(=O)NCCCC[C@H](N[*])C([*])=O |$;;;;;;;;;;;;;;;;;_R1;;_R2;$|,Backbone
dGlp,CC(=O)[C@H]1CCC(=O)N1,[*]C(=O)[C@H]1CCC(=O)N1 |$_R2;;;;;;;;$|,Backbone
X120,CN[C@H](C=O)CCCNC(=N)N,NC(=N)NCCC[C@H](N[*])C=O |$;;;;;;;;;_R1;;$|,Backbone
Cbz_V,CC(=O)[C@@H](NC(=O)OCc1ccccc1)C(C)C,CC(C)[C@H](NC(=O)OCc1ccccc1)C([*])=O |$;;;;;;;;;;;;;;;;_R2;$|,Backbone
X42,CC(=O)[C@H](CCCNC(=N)N)[N-][N+]#N,NC(=N)NCCC[C@H]([N-][N+]#N)C([*])=O |$;;;;;;;;;;;;_R2;$|,Backbone
X2388,CN[C@@H](Cc1ccc(NCC(=O)n2cc(C)c(=O)[nH]c2=O)cc1)C(C)=O,Cc1cn(C(=O)CNc2ccc(C[C@H](N[*])C([*])=O)cc2)c(=O)[nH]c1=O |$;;;;;;;;;;;;;;;_R1;;_R2;;;;;;;;$|,Backbone
X2801,CC(=O)[C@H](CCN1CCOCC1)N(C)C,CN([*])[C@@H](CCN1CCOCC1)C([*])=O |$;;_R1;;;;;;;;;;;_R2;$|,Backbone
X2885,CC(=O)[C@H](Cc1ccc(F)cc1)NS(=O)(=O)c1cccs1,Fc1ccc(C[C@H](NS(=O)(=O)c2cccs2)C([*])=O)cc1 |$;;;;;;;;;;;;;;;;;_R2;;;$|,Backbone
X2864,CC(=O)[C@H](Cc1cnc[nH]1)NC(=O)NC(=O)[C@@H]1CCC(=O)N1,[*]C(=O)[C@H](Cc1cnc[nH]1)NC(=O)NC(=O)[C@@H]1CCC(=O)N1 |$_R2;;;;;;;;;;;;;;;;;;;;;$|,Backbone
X2767,CN[C@@H](CCCCN)C(=O)CN[C@H](Cc1c[nH]c2ccccc12)C(C)=O,NCCCC[C@H](N[*])C(=O)CN[C@H](Cc1c[nH]c2ccccc12)C([*])=O |$;;;;;;;_R1;;;;;;;;;;;;;;;;;_R2;$|,Backbone
X2716,CN[C@H](C(=O)O[C@@H](C)[C@@H](N)C(C)=O)C(C)C,CC(C)[C@H](N[*])C(=O)O[C@@H](C)[C@@H](N)C([*])=O |$;;;;;_R1;;;;;;;;;_R2;$|,Backbone
X2706,CN[C@H](CC(=O)O)C(=O)Oc1cc(C(F)(F)F)nn1-c1ccccc1,OC(=O)C[C@@H](N[*])C(=O)Oc1cc(nn1-c1ccccc1)C(F)(F)F |$;;;;;;_R1;;;;;;;;;;;;;;;;;;$|,Backbone
X2086,CC(=O)[C@H](CCC(=O)O)NC(=O)OCC1c2ccccc2-c2ccccc21,OC(=O)CC[C@H](NC(=O)OCC1c2ccccc2-c2ccccc12)C([*])=O |$;;;;;;;;;;;;;;;;;;;;;;;;;_R2;$|,Backbone
X2165,COc1ccc(C[C@H](N[C@@H](Cc2ccccc2)C(C)=O)C(=O)CC2(SC)CCN(C)CC2)cc1,COc1ccc(C[C@H](N[C@@H](Cc2ccccc2)C([*])=O)C(=O)CC2(CCN(C)CC2)S[*])cc1 |$;;;;;;;;;;;;;;;;;;_R2;;;;;;;;;;;;;_R3;;$|,Backbone
X2155,CN[C@@H](CCCCCC(C)=O)C(C)=O,CC(=O)CCCCC[C@H](N[*])C([*])=O |$;;;;;;;;;;_R1;;_R2;$|,Backbone
X2129,CC(=O)[C@@H]1NCCC1=O,[*]C(=O)[C@@H]1NCCC1=O |$_R2;;;;;;;;$|,Backbone
X2173,CN[C@@H](CCCCN)C(=O)c1ncco1,NCCCC[C@H](N[*])C(=O)c1ncco1 |$;;;;;;;_R1;;;;;;;$|,Backbone
X1194,CC(=O)[C@H](CCC(=O)O)NCCCCc1ccc2ccc3cccc4ccc1c2c34,OC(=O)CC[C@H](NCCCCc1ccc2ccc3cccc4ccc1c2c34)C([*])=O |$;;;;;;;;;;;;;;;;;;;;;;;;;;;;_R2;$|,Backbone
X1073,CN[C@H](C(C)=O)[C@@H](O)CCO,OCC[C@H](O)[C@H](N[*])C([*])=O |$;;;;;;;_R1;;_R2;$|,Backbone
G_OtBu,CNCC(=O)OC(C)(C)C,CC(C)(C)OC(=O)CN[*] |$;;;;;;;;;_R1$|,Backbone
EtCO_dNal,CCOC(=O)N[C@H](Cc1ccc2ccccc2c1)C(C)=O,CCOC(=O)N[C@H](Cc1ccc2ccccc2c1)C([*])=O |$;;;;;;;;;;;;;;;;;;;_R2;$|,Backbone
X1284,C=CCN(CC(C)=O)C(=O)OC(C)(C)C,CC(C)(C)OC(=O)N(CC=C)CC([*])=O |$;;;;;;;;;;;;;_R2;$|,Backbone
X1437,CN[C@@H](CCCN=C(NC#N)NCc1ccccn1)C(C)=O,"[*]N[C@@H](CCCN=C(NCc1ccccn1)NC#N)C([*])=O |w:6.5,$_R1;;;;;;;;;;;;;;;;;;;;_R2;$|",Backbone
X1499,CCOCCN(C)CC(C)=O,CCOCCN([*])CC([*])=O |$;;;;;;_R1;;;_R2;$|,Backbone
X1332,CN[C@H](Cc1cccc(C(F)(F)P(=O)(O)O)c1)C(C)=O,OP(O)(=O)C(F)(F)c1cccc(C[C@@H](N[*])C([*])=O)c1 |$;;;;;;;;;;;;;;;_R1;;_R2;;$|,Backbone
X1276,CC(=O)CN(C)[C@H](C)c1ccccc1,C[C@@H](N([*])CC([*])=O)c1ccccc1 |$;;;_R1;;;_R2;;;;;;;$|,Backbone
X1454,CCCC(CCC)NCCCC[C@@H](NC)C(C)=O,CCCC(CCC)NCCCC[C@@H](N[*])C([*])=O |$;;;;;;;;;;;;;;_R1;;_R2;$|,Backbone
X1456,CC(=O)[C@@H](NC(=O)N(N)Cc1ccccc1)C(C)C,CC(C)[C@H](NC(=O)N(N)Cc1ccccc1)C([*])=O |$;;;;;;;;;;;;;;;;;_R2;$|,Backbone
X1245,CN[C@@](C)(Cc1ccccc1)C(=O)OC,COC(=O)[C@](C)(Cc1ccccc1)N[*] |$;;;;;;;;;;;;;;_R1$|,Backbone
X1468,CCN1C(=O)C[C@@H](C(C)=O)NC1=O,CCN1C(=O)C[C@H](NC1=O)C([*])=O |$;;;;;;;;;;;_R2;$|,Backbone
X1192,CN[C@@H](Cc1cnc(C2CC2)[nH]1)C(C)=O,[*]N[C@@H](Cc1cnc([nH]1)C1CC1)C([*])=O |$_R1;;;;;;;;;;;;;_R2;$|,Backbone
X1206,CN[C@H](CCCc1ccccc1)C(C)=O,[*]N[C@H](CCCc1ccccc1)C([*])=O |$_R1;;;;;;;;;;;;;_R2;$|,Backbone
X241,COc1cc([C@H]2N[C@H](C(C)=O)Cc3c2[nH]c2ccccc32)ccc1O,COc1cc(ccc1O)[C@H]1N[C@@H](Cc2c1[nH]c1ccccc21)C([*])=O |$;;;;;;;;;;;;;;;;;;;;;;;_R2;$|,Backbone
X319,CC(=O)[C@@H]1C[C@H](OCc2ccccc2)CN1C,[*]N1C[C@H](C[C@H]1C([*])=O)OCc1ccccc1 |$_R1;;;;;;;_R2;;;;;;;;;$|,Backbone
X183,CCCCN(C#N)c1ccc(C[C@H](NC)C(C)=O)cc1,CCCCN(C#N)c1ccc(C[C@H](N[*])C([*])=O)cc1 |$;;;;;;;;;;;;;;_R1;;_R2;;;$|,Backbone
X189,CN[C@H](Cc1ccc(-c2ccccc2)cc1)C(C)=O,[*]N[C@H](Cc1ccc(cc1)-c1ccccc1)C([*])=O |$_R1;;;;;;;;;;;;;;;;;_R2;$|,Backbone
X398,CC(=O)[C@H](Cc1ccc(O)cc1)NC(=N)N,NC(=N)N[C@@H](Cc1ccc(O)cc1)C([*])=O |$;;;;;;;;;;;;;;_R2;$|,Backbone
X678,CN[C@@H](C(C)=O)C1CCCC1,[*]N[C@H](C1CCCC1)C([*])=O |$_R1;;;;;;;;;_R2;$|,Backbone
X512,CC(=O)[C@H]1Cc2ccccc2N1C(=O)OC(C)(C)C,CC(C)(C)OC(=O)N1[C@H](Cc2ccccc12)C([*])=O |$;;;;;;;;;;;;;;;;;_R2;$|,Backbone
X407,CN[C@@H](CCOC)C(C)=O,COCC[C@H](N[*])C([*])=O |$;;;;;;_R1;;_R2;$|,Backbone
X203,CC(=O)CN(C)CCCCN,NCCCCN([*])CC([*])=O |$;;;;;;_R1;;;_R2;$|,Backbone
X403,CN[C@@H](Cc1ccc(O)c(I)c1)C(C)=O,Oc1ccc(C[C@H](N[*])C([*])=O)cc1I |$;;;;;;;;_R1;;_R2;;;;$|,Backbone
X271,CC(=O)[C@@H](NC[C@@H](N)CS)C(C)C,CC(C)[C@H](NC[C@@H](N)CS)C([*])=O |$;;;;;;;;;;;_R2;$|,Backbone
X257,CC(=O)[C@H](Cc1ccccc1)NC(=O)NC(C)C,CC(C)NC(=O)N[C@@H](Cc1ccccc1)C([*])=O |$;;;;;;;;;;;;;;;;_R2;$|,Backbone
X575,CN[C@@H](CC1=NCNC1)C(C)=O,"[*]N[C@@H](CC1=NCNC1)C([*])=O |$_R1;;;;;;;;;;_R2;$,t:4|",Backbone
X626,CCCC[C@H](NCc1ccccc1)C(C)=O,CCCC[C@H](NCc1ccccc1)C([*])=O |$;;;;;;;;;;;;;;_R2;$|,Backbone
X628,CC(=O)[C@H](CC(C)C)NS(=O)(=O)c1ccccc1,CC(C)C[C@H](NS(=O)(=O)c1ccccc1)C([*])=O |$;;;;;;;;;;;;;;;;_R2;$|,Backbone
X1596,CN[C@@H](C(C)=O)C(C1CCCCC1)C1CCCCC1,[*]N[C@H](C(C1CCCCC1)C1CCCCC1)C([*])=O |$_R1;;;;;;;;;;;;;;;;;_R2;$|,Backbone
X1612,CN[C@@H](CCCCNS(=O)(=O)c1ccc(C)cc1)C(C)=O,Cc1ccc(cc1)S(=O)(=O)NCCCC[C@H](N[*])C([*])=O |$;;;;;;;;;;;;;;;;;_R1;;_R2;$|,Backbone
X909,CC(=O)[C@@H]1C[C@]2(CC=C(C)C)c3ccccc3N[C@@H]2N1C,CC(C)=CC[C@]12C[C@H](N([*])[C@H]1Nc1ccccc21)C([*])=O |$;;;;;;;;;_R1;;;;;;;;;;_R2;$|,Backbone
X1537,COC(=O)[C@@H](C)N(C)C,COC(=O)[C@@H](C)N(C)[*] |$;;;;;;;;_R1$|,Backbone
X1706,CCCC[C@@H](C)C[C@H](NC)C(C)=O,CCCC[C@@H](C)C[C@H](N[*])C([*])=O |$;;;;;;;;;_R1;;_R2;$|,Backbone
X1549,CC=CCC[C@H](NC)C(C)=O,"CC=CCC[C@H](N[*])C([*])=O |w:1.0,$;;;;;;;_R1;;_R2;$|",Backbone
X1921,C=C(C)C[C@@H](C(C)=O)N(C)C,CN([*])[C@@H](CC(C)=C)C([*])=O |$;;_R1;;;;;;;_R2;$|,Backbone
X1634,C#CCN(C)CCCC[C@H](NC)C(C)=O,CN(CCCC[C@H](N[*])C([*])=O)CC#C |$;;;;;;;;_R1;;_R2;;;;$|,Backbone
X76,CN[C@@]1(C(C)=O)CC[C@H]2[C@H](C(=O)O)[C@H]21,OC(=O)[C@H]1[C@@H]2CC[C@](N[*])([C@H]12)C([*])=O |$;;;;;;;;;_R1;;;_R2;$|,Backbone
X1924,CC(=O)[C@H]([C@H](O)[C@H](C)Cc1nc2ccccc2[nH]1)N(C)C,C[C@H](Cc1nc2ccccc2[nH]1)[C@@H](O)[C@H](N(C)[*])C([*])=O |$;;;;;;;;;;;;;;;;;_R1;;_R2;$|,Backbone
X540,CN[C@@H](CC(F)F)C(C)=O,FC(F)C[C@H](N[*])C([*])=O |$;;;;;;_R1;;_R2;$|,Backbone
dCit,CN[C@H](CCCNC(N)=O)C(C)=O,NC(=O)NCCC[C@@H](N[*])C([*])=O |$;;;;;;;;;_R1;;_R2;$|,Backbone
X2578,CN[C@H](C=O)CCCCOc1ccc(C[C@H](NC(=O)OCc2ccccc2)C(C)=O)cc1,[*]N[C@@H](CCCCOc1ccc(C[C@H](NC(=O)OCc2ccccc2)C([*])=O)cc1)C=O |$_R1;;;;;;;;;;;;;;;;;;;;;;;;;;_R2;;;;;$|,Backbone
X2589,CSCC[C@H](NC(=O)Nc1cccc(C)c1)C(C)=O,CSCC[C@H](NC(=O)Nc1cccc(C)c1)C([*])=O |$;;;;;;;;;;;;;;;;;_R2;$|,Backbone
X2689,CCSCCN(C)CC(C)=O,CCSCCN([*])CC([*])=O |$;;;;;;_R1;;;_R2;$|,Backbone
X2630,CCCC[C@H](NCC(=O)[C@H](CCCC)NC)C(C)=O,CCCC[C@H](N[*])C(=O)CN[C@@H](CCCC)C([*])=O |$;;;;;;_R1;;;;;;;;;;;_R2;$|,Backbone
X2646,CN[C@H](C(=O)C(F)(F)C(=O)O)C(C)C,CC(C)[C@H](N[*])C(=O)C(F)(F)C(O)=O |$;;;;;_R1;;;;;;;;$|,Backbone
X2550,C=C(CC)CCCCC[C@H](NC)C(C)=O,CCC(=C)CCCCC[C@H](N[*])C([*])=O |$;;;;;;;;;;;_R1;;_R2;$|,Backbone
X2568,CN[C@@](C)(CCCNC(=N)N)C(=O)c1nc2ccccc2s1,C[C@@](CCCNC(N)=N)(N[*])C(=O)c1nc2ccccc2s1 |$;;;;;;;;;;_R1;;;;;;;;;;;$|,Backbone
X2569,CCOC(=O)[C@H](Cc1cnc[nH]1)NC,CCOC(=O)[C@H](Cc1cnc[nH]1)N[*] |$;;;;;;;;;;;;;_R1$|,Backbone
X2291,CC(=O)[C@@H](NCc1cc(Br)ccc1O)C(C)C,CC(C)[C@H](NCc1cc(Br)ccc1O)C([*])=O |$;;;;;;;;;;;;;;;_R2;$|,Backbone
X2316,CN[C@H](Cc1c[nH]c2ccccc12)C(=O)OC(C)(C)C,CC(C)(C)OC(=O)[C@@H](Cc1c[nH]c2ccccc12)N[*] |$;;;;;;;;;;;;;;;;;;;_R1$|,Backbone
X2312,CC(=O)[C@@H]1C[C@H](OC(=O)[C@@H](N)CCCNC(=N)N)CN1C,N[C@@H](CCCNC(N)=N)C(=O)O[C@H]1C[C@H](N([*])C1)C([*])=O |$;;;;;;;;;;;;;;;;_R1;;;_R2;$|,Backbone
X2314,CN[C@H](C=O)C[C@@H]1CCNC1=O,[*]N[C@@H](C[C@@H]1CCNC1=O)C=O |$_R1;;;;;;;;;;;$|,Backbone
X2358,CC(=O)[C@@H]1C[C@@H](OC(=O)NCc2cccc3ccccc23)CN1C,[*]N1C[C@@H](C[C@H]1C([*])=O)OC(=O)NCc1cccc2ccccc12 |$_R1;;;;;;;_R2;;;;;;;;;;;;;;;;$|,Backbone
X2376,CN[C@@H](CO)C(=O)[C@H]1[C@@H](Sc2ccccc2)CCN1C(=O)N[C@@H](Cc1ccccc1)C(C)=O,OC[C@H](N[*])C(=O)[C@H]1[C@H](CCN1C(=O)N[C@@H](Cc1ccccc1)C([*])=O)Sc1ccccc1 |$;;;;_R1;;;;;;;;;;;;;;;;;;;;_R2;;;;;;;;$|,Backbone
X2377,CC(=O)[C@H]1C(=CCO)O[C@@H]2CC(=O)N12,"OCC=C1O[C@@H]2CC(=O)N2[C@H]1C([*])=O |w:2.1,$;;;;;;;;;;;;_R2;$|",Backbone
X2385,CC(=O)[C@@H](CCCNC(=N)N)NS(=O)(=O)CCc1ccccc1,NC(=N)NCCC[C@@H](NS(=O)(=O)CCc1ccccc1)C([*])=O |$;;;;;;;;;;;;;;;;;;;;;_R2;$|,Backbone
X2363,CN[C@@H](CC(C)C)C(=O)CN1Cc2ccccc2C[C@H]1C(C)=O,CC(C)C[C@H](N[*])C(=O)CN1Cc2ccccc2C[C@H]1C([*])=O |$;;;;;;_R1;;;;;;;;;;;;;;;_R2;$|,Backbone
X2341,CC(=O)CN1CCNCCNCCNCC1,[*]C(=O)CN1CCNCCNCCNCC1 |$_R2;;;;;;;;;;;;;;;$|,Backbone
X2429,C=C[C@H]1C[C@]1(NC)C(=O)O,OC(=O)[C@]1(C[C@@H]1C=C)N[*] |$;;;;;;;;;_R1$|,Backbone
X2456,CC(=O)[C@@H]1C[C@@H](OC(=O)N2Cc3cccc(Cl)c3C2)CN1C,Clc1cccc2CN(Cc12)C(=O)O[C@@H]1C[C@H](N([*])C1)C([*])=O |$;;;;;;;;;;;;;;;;;_R1;;;_R2;$|,Backbone
X2420,CN[C@H](C(=O)c1cc2ccccc2o1)C(C)C,CC(C)[C@H](N[*])C(=O)c1cc2ccccc2o1 |$;;;;;_R1;;;;;;;;;;;$|,Backbone
X2455,CC[C@H](C)[C@H](NC)C(=O)C(C)=O,CC[C@H](C)[C@H](N[*])C(=O)C(C)=O |$;;;;;;_R1;;;;;$|,Backbone
X2295,CC(=O)[C@H]1N(C)CCC1(C)C,CC1(C)CCN([*])[C@@H]1C([*])=O |$;;;;;;_R1;;;_R2;$|,Backbone
X2305,CC(=O)[C@@H]1C[C@@H](Oc2ccncc2)CN1C,[*]N1C[C@@H](C[C@H]1C([*])=O)Oc1ccncc1 |$_R1;;;;;;;_R2;;;;;;;;$|,Backbone
X597,CC(=O)[C@H](C)N(C)c1ccc2ccccc2c1,C[C@H](N([*])c1ccc2ccccc2c1)C([*])=O |$;;;_R1;;;;;;;;;;;;_R2;$|,Backbone
X551,CC(=O)CN(C)CCC(c1ccccc1)c1ccccc1,[*]N(CCC(c1ccccc1)c1ccccc1)CC([*])=O |$_R1;;;;;;;;;;;;;;;;;;;_R2;$|,Backbone
X552,CC(=O)CN(C)CCc1ccc(Cl)cc1Cl,Clc1ccc(CCN([*])CC([*])=O)c(Cl)c1 |$;;;;;;;;_R1;;;_R2;;;;$|,Backbone
X777,CN[C@@H](CC(=O)O)C(=O)c1cccnc1,OC(=O)C[C@H](N[*])C(=O)c1cccnc1 |$;;;;;;_R1;;;;;;;;$|,Backbone
X484,CCCCOC(=O)[C@H](C)NC,CCCCOC(=O)[C@H](C)N[*] |$;;;;;;;;;;_R1$|,Backbone
X920,CN[C@@H](CCC(=O)OC1CCCCC1)C(C)=O,[*]N[C@@H](CCC(=O)OC1CCCCC1)C([*])=O |$_R1;;;;;;;;;;;;;;;_R2;$|,Backbone
X971,CC(=O)[C@H](C)Nc1ccc([N+](=O)[O-])c2nonc12,C[C@H](Nc1ccc(c2nonc12)N(=O)=O)C([*])=O |$;;;;;;;;;;;;;;;;_R2;$|,Backbone
X557,CC(=O)[C@@H]1C[C@H](n2cc(-c3cc(C)c(C)cc3C)nn2)CN1C,Cc1cc(C)c(cc1C)-c1cn(nn1)[C@H]1C[C@H](N([*])C1)C([*])=O |$;;;;;;;;;;;;;;;;;;_R1;;;_R2;$|,Backbone
X610,C=C[C@@H]1C[C@]1(NC)C(=O)O,OC(=O)[C@]1(C[C@H]1C=C)N[*] |$;;;;;;;;;_R1$|,Backbone
X905,CC(=O)[C@@H]1C=CCN1C,"[*]N1CC=C[C@H]1C([*])=O |$_R1;;;;;;;_R2;$,c:3|",Backbone
X907,C=CCN(C)[C@@H](C)C(C)=O,C[C@H](N([*])CC=C)C([*])=O |$;;;_R1;;;;;_R2;$|,Backbone
X2879,CN[C@@H](CCCNC(=N)NCC(F)(F)F)C(C)=O,"FC(F)(F)CNC(=N)NCCC[C@H](N[*])C([*])=O |w:5.4,$;;;;;;;;;;;;;;_R1;;_R2;$|",Backbone
Phg(3-Cl),CC(=O)[C@@H](N)c1cccc(Cl)c1,N[C@H](C([*])=O)c1cccc(Cl)c1 |$;;;_R2;;;;;;;;$|,Backbone
X2900,COC(=O)c1ccc(S(=O)(=O)N[C@@H](Cc2ccccc2)C(C)=O)cc1,COC(=O)c1ccc(cc1)S(=O)(=O)N[C@@H](Cc1ccccc1)C([*])=O |$;;;;;;;;;;;;;;;;;;;;;;;_R2;$|,Backbone
X2873,CC(=O)[C@H](CC(C)C)NC(=O)OCCCOS(=O)(=O)O,CC(C)C[C@H](NC(=O)OCCCOS(O)(=O)=O)C([*])=O |$;;;;;;;;;;;;;;;;;;_R2;$|,Backbone
X2876,CN[C@@H](CCCCNC(=O)NCc1ccccc1)C(C)=O,[*]N[C@@H](CCCCNC(=O)NCc1ccccc1)C([*])=O |$_R1;;;;;;;;;;;;;;;;;;;_R2;$|,Backbone
X2501,CN[C@@H](Cc1ccc(Oc2cc(C[C@H](NC(=O)OCc3ccccc3)C(C)=O)ccc2O)cc1)C(=O)OC,COC(=O)[C@H](Cc1ccc(Oc2cc(C[C@H](NC(=O)OCc3ccccc3)C([*])=O)ccc2O)cc1)N[*] |$;;;;;;;;;;;;;;;;;;;;;;;;;;;;_R2;;;;;;;;;_R1$|,Backbone
X2482,CN[C@H](C(C)=O)C(=O)c1c[nH]c2ccccc12,[*]N[C@H](C([*])=O)C(=O)c1c[nH]c2ccccc12 |$_R1;;;;_R2;;;;;;;;;;;;$|,Backbone
X2507,CN[C@H](Cc1c[n+](OCc2ccccc2)c[nH]1)C(C)=O,[*]N[C@H](Cc1c[n+](OCc2ccccc2)c[nH]1)C([*])=O |$_R1;;;;;;;;;;;;;;;;;;_R2;$|,Backbone
X501,CNC(=O)Nc1ccc(C[C@@H](NC)C(C)=O)cc1,CNC(=O)Nc1ccc(C[C@@H](N[*])C([*])=O)cc1 |$;;;;;;;;;;;;_R1;;_R2;;;$|,Backbone
X1585,CCOC(=O)[C@H](CCSC)NC,CCOC(=O)[C@H](CCSC)N[*] |$;;;;;;;;;;;_R1$|,Backbone
X1586,CC(=O)[C@@H]1C[C@@H](Oc2cc(-c3ccccc3)nc3ccccc23)CN1C,[*]N1C[C@@H](C[C@H]1C([*])=O)Oc1cc(nc2ccccc12)-c1ccccc1 |$_R1;;;;;;;_R2;;;;;;;;;;;;;;;;;;$|,Backbone
X694,CN[C@@H](CCCC(F)(F)F)C(C)=O,FC(F)(F)CCC[C@H](N[*])C([*])=O |$;;;;;;;;;_R1;;_R2;$|,Backbone
X1351,CN[C@@H](CSS(=O)(=O)O)C(C)=O,OS(=O)(=O)SC[C@H](N[*])C([*])=O |$;;;;;;;;_R1;;_R2;$|,Backbone
X1646,CNC(=N)NCCCC[C@H](NC)C(C)=O,CNC(=N)NCCCC[C@H](N[*])C([*])=O |$;;;;;;;;;;;_R1;;_R2;$|,Backbone
X16,CNC1(C(C)=O)CCCCCCCCCCC1,[*]NC1(CCCCCCCCCCC1)C([*])=O |$_R1;;;;;;;;;;;;;;;_R2;$|,Backbone
X2225,CN[C@@H](Cn1ccc(N)nc1=O)C(C)=O,Nc1ccn(C[C@H](N[*])C([*])=O)c(=O)n1 |$;;;;;;;;_R1;;_R2;;;;$|,Backbone
X2222,CN[C@@H](CC(=O)O)C(=O)OCCc1ccccc1,OC(=O)C[C@H](N[*])C(=O)OCCc1ccccc1 |$;;;;;;_R1;;;;;;;;;;;$|,Backbone
V,CN[C@H](C(C)=O)C(C)C,CC(C)[C@H](N[*])C([*])=O |$;;;;;_R1;;_R2;$|,Backbone
dR,CN[C@H](CCCNC(=N)N)C(C)=O,NC(=N)NCCC[C@@H](N[*])C([*])=O |$;;;;;;;;;_R1;;_R2;$|,Backbone
Glp,CC(=O)[C@@H]1CCC(=O)N1C,[*]N1[C@@H](CCC1=O)C([*])=O |$_R1;;;;;;;;_R2;$|,Backbone
D,CN[C@@H](CC(C)=O)C(C)=O,[*]N[C@@H](CC([*])=O)C([*])=O |$_R1;;;;;_R3;;;_R2;$|,Backbone
X877,CC(=O)[C@@H]1C[C@@H](CCc2ccccc2)CN1C,[*]N1C[C@H](CCc2ccccc2)C[C@H]1C([*])=O |$_R1;;;;;;;;;;;;;;;_R2;$|,Backbone
X944,COc1ccc(CNCCC[C@H](NCc2ccccc2)C(C)=O)cc1,COc1ccc(CNCCC[C@H](NCc2ccccc2)C([*])=O)cc1 |$;;;;;;;;;;;;;;;;;;;;;_R2;;;$|,Backbone
X737,CN[C@@H](C(C)=O)[C@H](C)c1c[nH]c2ccccc12,C[C@@H]([C@@H](N[*])C([*])=O)c1c[nH]c2ccccc12 |$;;;;_R1;;_R2;;;;;;;;;;$|,Backbone
X747,CN[C@@H](CCCNC(=N)N)C(=O)[C@@]1(C)CO1,C[C@@]1(CO1)C(=O)[C@H](CCCNC(N)=N)N[*] |$;;;;;;;;;;;;;;;_R1$|,Backbone
Boc_dY,CC(=O)[C@@H](Cc1ccc(O)cc1)NC(=O)OC(C)(C)C,CC(C)(C)OC(=O)N[C@H](Cc1ccc(O)cc1)C([*])=O |$;;;;;;;;;;;;;;;;;;_R2;$|,Backbone
X1154,CC(=O)[C@@H]1CC(=O)NC(=O)N1Cc1ccccc1,[*]C(=O)[C@@H]1CC(=O)NC(=O)N1Cc1ccccc1 |$_R2;;;;;;;;;;;;;;;;;$|,Backbone
X1102,CCOCCOCCNC(=O)Nc1ccc(C[C@H](NC)C(C)=O)cc1,CCOCCOCCNC(=O)Nc1ccc(C[C@H](N[*])C([*])=O)cc1 |$;;;;;;;;;;;;;;;;;;;_R1;;_R2;;;$|,Backbone
X1105,CNCC(=O)C(F)(F)F,FC(F)(F)C(=O)CN[*] |$;;;;;;;;_R1$|,Backbone
X1173,CN[C@H](Cc1ccc(NC(=S)Cc2ccccc2)cc1)C(C)=O,[*]N[C@H](Cc1ccc(NC(=S)Cc2ccccc2)cc1)C([*])=O |$_R1;;;;;;;;;;;;;;;;;;;;;_R2;$|,Backbone
X1116,CC(=O)[C@H](CO)NCCCC(=O)O,OC[C@H](NCCCC(O)=O)C([*])=O |$;;;;;;;;;;;_R2;$|,Backbone
X1043,CCNC(=O)N[C@@H](CCSC)C(C)=O,CCNC(=O)N[C@@H](CCSC)C([*])=O |$;;;;;;;;;;;;_R2;$|,Backbone
X1111,CC[C@H](NC[C@@H](N)CS)C(C)=O,CC[C@H](NC[C@@H](N)CS)C([*])=O |$;;;;;;;;;;_R2;$|,Backbone
X1113,CC(=O)[C@H]1CC=CCN1C,"[*]N1CC=CC[C@@H]1C([*])=O |$_R1;;;;;;;;_R2;$,c:3|",Backbone
X791,CCC[C@H](NC)C(=O)C(F)(F)C(F)(F)F,CCC[C@H](N[*])C(=O)C(F)(F)C(F)(F)F |$;;;;;_R1;;;;;;;;;$|,Backbone
X860,CN[C@@H](CCC(=O)O)C(=S)N[C@H](C(C)=O)[C@@H](C)O,CN[C@@H](CCC(O)=O)C(=S)N[C@@H]([C@@H](C)O)C([*])=O |$;;;;;;;;;;;;;;;;_R2;$|,Backbone
dF_OMe,CN[C@H](Cc1ccccc1)C(=O)OC,COC(=O)[C@@H](Cc1ccccc1)N[*] |$;;;;;;;;;;;;;_R1$|,Backbone
X1682,CC(=O)[C@H]([C@H](O)[C@H](C)C=CCC(=O)O)N(C)C,"C[C@H](C=CCC(O)=O)[C@@H](O)[C@H](N(C)[*])C([*])=O |w:3.3,$;;;;;;;;;;;;;_R1;;_R2;$|",Backbone
X1765,CC(=O)[C@@H]1C[C@H](OC(=O)NCCN)CN1C,NCCNC(=O)O[C@H]1C[C@H](N([*])C1)C([*])=O |$;;;;;;;;;;;_R1;;;_R2;$|,Backbone
X1696,CN[C@@](O)(C(C)=O)C(C)C,CC(C)[C@@](O)(N[*])C([*])=O |$;;;;;;_R1;;_R2;$|,Backbone
Me_Cha,CC(=O)[C@H](CC1CCCCC1)N(C)C,CN([*])[C@@H](CC1CCCCC1)C([*])=O |$;;_R1;;;;;;;;;;_R2;$|,Backbone
X103,CN[C@@H](CC=O)C(C)=O,[*]N[C@@H](CC=O)C([*])=O |$_R1;;;;;;;_R2;$|,Backbone
X1984,CC(=O)[C@H](N)Cc1c[nH]c(C(=O)O)c1,N[C@H](Cc1c[nH]c(c1)C(O)=O)C([*])=O |$;;;;;;;;;;;;_R2;$|,Backbone
Me_dC,CSC[C@H](C(C)=O)N(C)C,CN([*])[C@H](CS[*])C([*])=O |$;;_R1;;;;_R3;;_R2;$|,Backbone
X2019,CN[C@H](C(C)=O)c1cccc(C#N)c1,[*]N[C@H](C([*])=O)c1cccc(c1)C#N |$_R1;;;;_R2;;;;;;;;;$|,Backbone
X2054,CCNCCC[C@H](NC)C(C)=O,CCNCCC[C@H](N[*])C([*])=O |$;;;;;;;;_R1;;_R2;$|,Backbone
X1989,CN[C@H](C(C)=O)c1c(F)c(F)c(F)c(F)c1F,Fc1c(F)c(F)c([C@H](N[*])C([*])=O)c(F)c1F |$;;;;;;;;;_R1;;_R2;;;;;$|,Backbone
X1968,CN[C@@H](CCCNC(C)C)C(C)=O,CC(C)NCCC[C@H](N[*])C([*])=O |$;;;;;;;;;_R1;;_R2;$|,Backbone
X2025,CC(=O)[C@H](C)NS(=O)(=O)c1ccc2ccccc2c1,C[C@H](NS(=O)(=O)c1ccc2ccccc2c1)C([*])=O |$;;;;;;;;;;;;;;;;;_R2;$|,Backbone
X1981,CC(=O)[C@H]1[C@@H](CCNC(=N)N)CCN1C,NC(=N)NCC[C@H]1CCN([*])[C@H]1C([*])=O |$;;;;;;;;;;_R1;;;_R2;$|,Backbone
X1987,CN[C@](C)(C(C)=O)c1csc2ccccc12,C[C@@](N[*])(C([*])=O)c1csc2ccccc12 |$;;;_R1;;_R2;;;;;;;;;;$|,Backbone
X2075,CN[C@H](CCCN=C(C)C)C(C)=O,CC(C)=NCCC[C@@H](N[*])C([*])=O |$;;;;;;;;;_R1;;_R2;$|,Backbone
X1969,CN[C@@H](Cc1cccc(-c2ccccc2)c1)C(C)=O,[*]N[C@@H](Cc1cccc(c1)-c1ccccc1)C([*])=O |$_R1;;;;;;;;;;;;;;;;;_R2;$|,Backbone
X1912,CC=C=CC[C@@H](C)[C@@H](O)[C@@H](C(C)=O)N(C)C,CC=C=CC[C@@H](C)[C@@H](O)[C@H](N(C)[*])C([*])=O |$;;;;;;;;;;;;_R1;;_R2;$|,Backbone
X1903,CN[C@H](COCCOCCOCC(=O)OC(C)C)C(C)=O,CC(C)OC(=O)COCCOCCOC[C@@H](N[*])C([*])=O |$;;;;;;;;;;;;;;;;;_R1;;_R2;$|,Backbone
X1914,CCOC(=O)CCC[C@@H](C)[C@@H](O)[C@@H](C(C)=O)N(C)C,CCOC(=O)CCC[C@@H](C)[C@@H](O)[C@H](N(C)[*])C([*])=O |$;;;;;;;;;;;;;;;_R1;;_R2;$|,Backbone
X1927,CC(=O)[C@@H](SCCN1CCOCC1)N(C)C,CN([*])[C@H](SCCN1CCOCC1)C([*])=O |$;;_R1;;;;;;;;;;;;_R2;$|,Backbone
X1926,CC(=O)[C@@H](SCCO)N(C)C,CN([*])[C@H](SCCO)C([*])=O |$;;_R1;;;;;;;_R2;$|,Backbone
X1864,CN[C@H](Cc1ccc(I)cc1)C(C)=O,Ic1ccc(C[C@@H](N[*])C([*])=O)cc1 |$;;;;;;;;_R1;;_R2;;;$|,Backbone
X1865,CCn1cc([C@H](NC)C(C)=O)c(=O)c2ccccc21,CCn1cc([C@H](N[*])C([*])=O)c(=O)c2ccccc12 |$;;;;;;;_R1;;_R2;;;;;;;;;$|,Backbone
X1815,CN[C@@H](Cc1ccc(N(Cc2ccccc2)Cc2ccccc2)cc1)C(C)=O,[*]N[C@@H](Cc1ccc(cc1)N(Cc1ccccc1)Cc1ccccc1)C([*])=O |$_R1;;;;;;;;;;;;;;;;;;;;;;;;;;_R2;$|,Backbone
X1729,CCCn1cc(C[C@H](NC)C(C)=O)c2ccccc21,CCCn1cc(C[C@H](N[*])C([*])=O)c2ccccc12 |$;;;;;;;;;_R1;;_R2;;;;;;;$|,Backbone
X1899,CN[C@H](COCC=CCO)C(C)=O,"OCC=CCOC[C@@H](N[*])C([*])=O |w:3.3,$;;;;;;;;;_R1;;_R2;$|",Backbone
X1528,CN[C@]1(C(C)=O)C[C@@H]1c1ccccc1,[*]N[C@@]1(C[C@@H]1c1ccccc1)C([*])=O |$_R1;;;;;;;;;;;;_R2;$|,Backbone
X1885,CN[C@@H](Cc1ccc(NCc2ccccc2)cc1)C(C)=O,[*]N[C@@H](Cc1ccc(NCc2ccccc2)cc1)C([*])=O |$_R1;;;;;;;;;;;;;;;;;;;_R2;$|,Backbone
X1932,CN[C@@H](CCCCCC(=O)[C@H]1CO1)C(C)=O,[*]N[C@@H](CCCCCC(=O)[C@H]1CO1)C([*])=O |$_R1;;;;;;;;;;;;;;_R2;$|,Backbone
X1701,CCC[C@H](C)[C@@H](C(C)=O)N(C)C,CCC[C@H](C)[C@H](N(C)[*])C([*])=O |$;;;;;;;;_R1;;_R2;$|,Backbone
X1850,CN[C@@H](C(C)=O)c1cnc2ccccc2c1Cl,Clc1c(cnc2ccccc12)[C@@H](N[*])C([*])=O |$;;;;;;;;;;;;;_R1;;_R2;$|,Backbone
X18,CCN=C(NCC)NCCCC[C@@H](NC)C(C)=O,"CCNC(NCCCC[C@@H](N[*])C([*])=O)=NCC |w:15.15,2.1,$;;;;;;;;;;;_R1;;_R2;;;;$|",Backbone
X39,CN[C@H](C=O)CC(C)C,CC(C)C[C@H](N[*])C=O |$;;;;;;_R1;;$|,Backbone
F_MeCl,CN[C@@H](Cc1ccccc1)C(=O)CCl,ClCC(=O)[C@H](Cc1ccccc1)N[*] |$;;;;;;;;;;;;;_R1$|,Backbone
Me_Nva,CCC[C@@H](C(C)=O)N(C)C,CCC[C@H](N(C)[*])C([*])=O |$;;;;;;_R1;;_R2;$|,Backbone
X81,CN[C@@H](Cc1c(C)cccc1C)C(C)=O,Cc1cccc(C)c1C[C@H](N[*])C([*])=O |$;;;;;;;;;;;_R1;;_R2;$|,Backbone
X139,CN[C@@H](C(C)=O)[C@@H](C)c1ccccc1,C[C@H]([C@@H](N[*])C([*])=O)c1ccccc1 |$;;;;_R1;;_R2;;;;;;;$|,Backbone
Me_dPhg,CC(=O)[C@@H](c1ccccc1)N(C)C,CN([*])[C@@H](C([*])=O)c1ccccc1 |$;;_R1;;;_R2;;;;;;;$|,Backbone
X429,CC(=O)[C@H](CCC(=O)O)NCCc1ccc(F)c(F)c1F,OC(=O)CC[C@H](NCCc1ccc(F)c(F)c1F)C([*])=O |$;;;;;;;;;;;;;;;;;;;_R2;$|,Backbone
X432,CC(=O)[C@H](Cc1ccc(CS(=O)(=O)O)cc1)NC(=O)OC(C)(C)C,CC(C)(C)OC(=O)N[C@@H](Cc1ccc(CS(O)(=O)=O)cc1)C([*])=O |$;;;;;;;;;;;;;;;;;;;;;;_R2;$|,Backbone
W_OMe,CN[C@@H](Cc1c[nH]c2ccccc12)C(=O)OC,COC(=O)[C@H](Cc1c[nH]c2ccccc12)N[*] |$;;;;;;;;;;;;;;;;_R1$|,Backbone
X298,CC(=O)[C@]1(C)CCCN1C,C[C@]1(CCCN1[*])C([*])=O |$;;;;;;_R1;;_R2;$|,Backbone
X417,CN[C@@H](Cc1ccc(I)cc1)C(C)=O,Ic1ccc(C[C@H](N[*])C([*])=O)cc1 |$;;;;;;;;_R1;;_R2;;;$|,Backbone
X145,CN[C@@H](Cc1c[nH]c2cc(Cl)ccc12)C(C)=O,Clc1ccc2c(C[C@H](N[*])C([*])=O)c[nH]c2c1 |$;;;;;;;;;_R1;;_R2;;;;;$|,Backbone
Me_dW,CC(=O)[C@@H](Cc1c[nH]c2ccccc12)N(C)C,CN([*])[C@H](Cc1c[nH]c2ccccc12)C([*])=O |$;;_R1;;;;;;;;;;;;;_R2;$|,Backbone
X424,CN[C@@H](Cc1cn(Cc2cc(=O)oc3cc(N)ccc23)nn1)C(C)=O,Nc1ccc2c(Cn3cc(C[C@H](N[*])C([*])=O)nn3)cc(=O)oc2c1 |$;;;;;;;;;;;;;_R1;;_R2;;;;;;;;;$|,Backbone
dN,CN[C@H](CC(N)=O)C(C)=O,NC(=O)C[C@@H](N[*])C([*])=O |$;;;;;;_R1;;_R2;$|,Backbone
meI,CC[C@H](C)[C@@H](C(C)=O)N(C)C,CC[C@H](C)[C@H](N(C)[*])C([*])=O |$;;;;;;;_R1;;_R2;$|,Backbone
dalloI,CC[C@H](C)[C@@H](NC)C(C)=O,CC[C@H](C)[C@@H](N[*])C([*])=O |$;;;;;;_R1;;_R2;$|,Backbone
X44,CN[C@@H](Cc1ccccc1)C(=O)[C@@]1(C)CO1,C[C@@]1(CO1)C(=O)[C@H](Cc1ccccc1)N[*] |$;;;;;;;;;;;;;;;_R1$|,Backbone
X27,CN[C@H](C(=O)C(=O)OC)C(C)C,COC(=O)C(=O)[C@@H](N[*])C(C)C |$;;;;;;;;_R1;;;$|,Backbone
X2105,CN[C@@H](CC=CC[C@H](N)C(C)=O)C(=O)O,"N[C@@H](CC=CC[C@H](N[*])C(O)=O)C([*])=O |w:4.4,$;;;;;;;;_R1;;;;;_R2;$|",Backbone
X2759,CCCCCCCCCCCCNCC(C)=O,CCCCCCCCCCCCNCC([*])=O |$;;;;;;;;;;;;;;;_R2;$|,Backbone
X2788,CN[C@@H](Cc1ccc(C(=N)N)cc1)C(=O)c1nc2ccccc2s1,NC(=N)c1ccc(C[C@H](N[*])C(=O)c2nc3ccccc3s2)cc1 |$;;;;;;;;;;_R1;;;;;;;;;;;;;$|,Backbone
X2760,CC(=O)[C@@H](Cc1cccc2ccccc12)NC(=O)OCc1ccccc1,[*]C(=O)[C@@H](Cc1cccc2ccccc12)NC(=O)OCc1ccccc1 |$_R2;;;;;;;;;;;;;;;;;;;;;;;;;$|,Backbone
X2772,CC(=O)[C@@H]1C[C@@H](OC(=O)N2Cc3ccc(C(F)(F)F)cc3C2)CN1C,FC(F)(F)c1ccc2CN(Cc2c1)C(=O)O[C@@H]1C[C@H](N([*])C1)C([*])=O |$;;;;;;;;;;;;;;;;;;;;_R1;;;_R2;$|,Backbone
X2345,CN[C@H](C=O)CCCCCOc1ccc(C[C@H](NC(=O)OCc2ccccc2)C(C)=O)cc1,[*]N[C@@H](CCCCCOc1ccc(C[C@H](NC(=O)OCc2ccccc2)C([*])=O)cc1)C=O |$_R1;;;;;;;;;;;;;;;;;;;;;;;;;;;_R2;;;;;$|,Backbone
X2831,CN[C@H](Cc1cc(I)c(N)c(I)c1)C(C)=O,Nc1c(I)cc(C[C@@H](N[*])C([*])=O)cc1I |$;;;;;;;;;_R1;;_R2;;;;$|,Backbone
X2817,CC(=O)[C@H](CC(C)C)NC(=S)Nc1ccc2c(c1)C(=O)OC21c2ccc(O)cc2Oc2cc(O)ccc21,CC(C)C[C@H](NC(=S)Nc1ccc2c(c1)C(=O)OC21c2ccc(O)cc2Oc2cc(O)ccc12)C([*])=O |$;;;;;;;;;;;;;;;;;;;;;;;;;;;;;;;;;;;_R2;$|,Backbone
X2526,CN[C@@H](Cc1cn(CCCCCCCCc2ccccc2)c2ccccc12)C(C)=O,[*]N[C@@H](Cc1cn(CCCCCCCCc2ccccc2)c2ccccc12)C([*])=O |$_R1;;;;;;;;;;;;;;;;;;;;;;;;;;;;_R2;$|,Backbone
X2850,CN[C@@H](CSCc1ccccc1)C(C)=O,[*]N[C@@H](CSCc1ccccc1)C([*])=O |$_R1;;;;;;;;;;;;;_R2;$|,Backbone
Abu_COEt,CCOC(=O)C(=O)[C@H](CC)NC,CCOC(=O)C(=O)[C@H](CC)N[*] |$;;;;;;;;;;;_R1$|,Backbone
X2714,CN[C@@H](CCCNC(=N)N)C(=O)c1nc2ccc(OC)cc2s1,COc1ccc2nc(sc2c1)C(=O)[C@H](CCCNC(N)=N)N[*] |$;;;;;;;;;;;;;;;;;;;;;;_R1$|,Backbone
X2717,CC(=O)[C@@H](Cc1ccccc1)NO[C@@H](N)Cc1ccc(O)cc1,N[C@@H](Cc1ccc(O)cc1)ON[C@H](Cc1ccccc1)C([*])=O |$;;;;;;;;;;;;;;;;;;;;;_R2;$|,Backbone
X2708,CC(=O)CN(C)CCCC(C)C,CC(C)CCCN([*])CC([*])=O |$;;;;;;;_R1;;;_R2;$|,Backbone
X2080,CN[C@@H](CCCCN[C@@H]1C[C@H]1c1ccccc1)C(C)=O,[*]N[C@@H](CCCCN[C@@H]1C[C@H]1c1ccccc1)C([*])=O |$_R1;;;;;;;;;;;;;;;;;;_R2;$|,Backbone
X2081,CN[C@@H](CCCC[N-][N+]#N)C(C)=O,[*]N[C@@H](CCCC[N-][N+]#N)C([*])=O |$_R1;;;;;;;;;;;_R2;$|,Backbone
X2087,CN[C@@H](CO)C(=O)[C@@H]1CCCN1C(=O)N[C@@H](Cc1ccccc1)C(C)=O,OC[C@H](N[*])C(=O)[C@@H]1CCCN1C(=O)N[C@@H](Cc1ccccc1)C([*])=O |$;;;;_R1;;;;;;;;;;;;;;;;;;;;_R2;$|,Backbone
X2205,CN[C@H](C=O)CCCCOc1ccc(C[C@H](NS(=O)(=O)c2ccc(F)cc2)C(C)=O)cc1,Fc1ccc(cc1)S(=O)(=O)N[C@@H](Cc1ccc(OCCCC[C@H](N[*])C=O)cc1)C([*])=O |$;;;;;;;;;;;;;;;;;;;;;;;;_R1;;;;;;_R2;$|,Backbone
dW_OBzl,CN[C@H](Cc1c[nH]c2ccccc12)C(=O)OCc1ccccc1,[*]N[C@H](Cc1c[nH]c2ccccc12)C(=O)OCc1ccccc1 |$_R1;;;;;;;;;;;;;;;;;;;;;;$|,Backbone
Ser(tBu),CN[C@@H](COC(C)(C)C)C(C)=O,CC(C)(C)OC[C@H](N[*])C([*])=O |$;;;;;;;;_R1;;_R2;$|,Backbone
X2157,CC(=O)[C@@H](Cc1ccccc1)NS(=O)(=O)Cc1ccccc1,[*]C(=O)[C@@H](Cc1ccccc1)NS(=O)(=O)Cc1ccccc1 |$_R2;;;;;;;;;;;;;;;;;;;;;$|,Backbone
X2209,CC(=O)[C@H](CO)NC(=O)Nc1ccccc1C(=O)[C@@H](N)CCC(=O)O,N[C@@H](CCC(O)=O)C(=O)c1ccccc1NC(=O)N[C@@H](CO)C([*])=O |$;;;;;;;;;;;;;;;;;;;;;;;_R2;$|,Backbone
X2201,CN[C@@H](CC(C)C)C(=O)COC(=O)c1c(C)cccc1C,CC(C)C[C@H](N[*])C(=O)COC(=O)c1c(C)cccc1C |$;;;;;;_R1;;;;;;;;;;;;;;$|,Backbone
X2189,CN[C@@H](Cc1ccc(OC(=O)Cc2ccccc2)cc1)C(=O)OC,COC(=O)[C@H](Cc1ccc(OC(=O)Cc2ccccc2)cc1)N[*] |$;;;;;;;;;;;;;;;;;;;;;;;_R1$|,Backbone
X2212,CC(=O)[C@@H]1CC(=O)CN1,[*]C(=O)[C@@H]1CC(=O)CN1 |$_R2;;;;;;;;$|,Backbone
X2127,CCCCCCCCCCCCCCCCS(=O)(=O)N[C@@H](Cc1c[nH]c2ccccc12)C(C)=O,CCCCCCCCCCCCCCCCS(=O)(=O)N[C@@H](Cc1c[nH]c2ccccc12)C([*])=O |$;;;;;;;;;;;;;;;;;;;;;;;;;;;;;;;;_R2;$|,Backbone
X1970,CSC[C@H](C(C)=O)N(C)CCCCNC(=N)N,NC(=N)NCCCCN([*])[C@H](CS[*])C([*])=O |$;;;;;;;;;_R1;;;;_R3;;_R2;$|,Backbone
X1017,CC(=O)[C@@H]1C[C@H](n2cc(-c3ccccc3C)nn2)CN1C,Cc1ccccc1-c1cn(nn1)[C@H]1C[C@H](N([*])C1)C([*])=O |$;;;;;;;;;;;;;;;;_R1;;;_R2;$|,Backbone
X1081,CCCO[C@H]1C[C@@H](C(C)=O)N(C)C1,CCCO[C@H]1C[C@H](N([*])C1)C([*])=O |$;;;;;;;;_R1;;;_R2;$|,Backbone
X1436,CN[C@@H](Cc1cnc(C(C)(C)C)[nH]1)C(C)=O,CC(C)(C)c1ncc(C[C@H](N[*])C([*])=O)[nH]1 |$;;;;;;;;;;;_R1;;_R2;;$|,Backbone
X1477,CN[C@@H](Cc1nc2c(ccc3ccccc32)[nH]1)C(C)=O,[*]N[C@@H](Cc1nc2c(ccc3ccccc23)[nH]1)C([*])=O |$_R1;;;;;;;;;;;;;;;;;;_R2;$|,Backbone
X1257,CC(=O)CN(C)C1CCCC1,[*]N(CC([*])=O)C1CCCC1 |$_R1;;;;_R2;;;;;;$|,Backbone
X1442,CN[C@@H](CCCNC(=N)NC#N)C(C)=O,[*]N[C@@H](CCCNC(=N)NC#N)C([*])=O |$_R1;;;;;;;;;;;;;_R2;$|,Backbone
X1225,CCN(CC)C(=N)NCCCC[C@@H](NC)C(C)=O,CCN(CC)C(=N)NCCCC[C@@H](N[*])C([*])=O |$;;;;;;;;;;;;;;_R1;;_R2;$|,Backbone
X1325,CN[C@H](Cc1cccc2c1Cc1ccccc1-2)C(C)=O,[*]N[C@H](Cc1cccc-2c1Cc1ccccc-21)C([*])=O |$_R1;;;;;;;;;;;;;;;;;;_R2;$|,Backbone
X1473,CN[C@@H](Cc1ccccc1)C(=O)CCC(=O)OC,COC(=O)CCC(=O)[C@H](Cc1ccccc1)N[*] |$;;;;;;;;;;;;;;;;;_R1$|,Backbone
X1347,CC(=O)[C@H]1CC(=O)N(C)C(=O)N1,CN1C(=O)C[C@@H](NC1=O)C([*])=O |$;;;;;;;;;;_R2;$|,Backbone
X1318,CN[C@@H](C(C)=O)[C@H](C)c1ccccc1,C[C@@H]([C@@H](N[*])C([*])=O)c1ccccc1 |$;;;;_R1;;_R2;;;;;;;$|,Backbone
X1447,CN[C@@H](C[C@@H]1CCNC1=O)C(=O)c1cccs1,[*]N[C@@H](C[C@@H]1CCNC1=O)C(=O)c1cccs1 |$_R1;;;;;;;;;;;;;;;;$|,Backbone
Me_Phg,CC(=O)[C@H](c1ccccc1)N(C)C,CN([*])[C@H](C([*])=O)c1ccccc1 |$;;_R1;;;_R2;;;;;;;$|,Backbone
X1121,CCNCCCC[C@H](NC)C(C)=O,CCNCCCC[C@H](N[*])C([*])=O |$;;;;;;;;;_R1;;_R2;$|,Backbone
X1190,CC(=O)[C@@H]1C[C@H](n2cc(-c3ccc(CCc4ccccc4)cc3)nn2)CN1C,[*]N1C[C@H](C[C@H]1C([*])=O)n1cc(nn1)-c1ccc(CCc2ccccc2)cc1 |$_R1;;;;;;;_R2;;;;;;;;;;;;;;;;;;;;$|,Backbone
X1078,CC(=O)[C@@H](NS(=O)(=O)c1ccccc1)C(C)C,CC(C)[C@H](NS(=O)(=O)c1ccccc1)C([*])=O |$;;;;;;;;;;;;;;;_R2;$|,Backbone
G_OPh,CNCC(=O)Oc1ccccc1,[*]NCC(=O)Oc1ccccc1 |$_R1;;;;;;;;;;;$|,Backbone
X175,CN=C(NC)NCCCC[C@@H](NC)C(C)=O,"CNC(NCCCC[C@@H](N[*])C([*])=O)=NC |w:14.14,1.0,$;;;;;;;;;;_R1;;_R2;;;$|",Backbone
X324,CCCCN[C@@H](Cc1cnc[nH]1)C(C)=O,CCCCN[C@@H](Cc1cnc[nH]1)C([*])=O |$;;;;;;;;;;;;;_R2;$|,Backbone
X325,CC(=O)[C@H](NC(=O)OC(C)(C)C)c1ccc(O)cc1,CC(C)(C)OC(=O)N[C@@H](C([*])=O)c1ccc(O)cc1 |$;;;;;;;;;;_R2;;;;;;;;$|,Backbone
X265,CC(=O)CN(C)CCc1ccccc1,[*]N(CCc1ccccc1)CC([*])=O |$_R1;;;;;;;;;;;;_R2;$|,Backbone
meM,CSCC[C@@H](C(C)=O)N(C)C,CSCC[C@H](N(C)[*])C([*])=O |$;;;;;;;_R1;;_R2;$|,Backbone
X513,COc1ccc2c(O[C@@H]3C[C@@H](C(C)=O)N(C)C3)ccnc2c1,COc1ccc2c(O[C@@H]3C[C@H](N([*])C3)C([*])=O)ccnc2c1 |$;;;;;;;;;;;;_R1;;;_R2;;;;;;$|,Backbone
X193,CC(=O)[C@H](CCCNC(=N)N)NC(=O)OC(C)(C)C,CC(C)(C)OC(=O)N[C@@H](CCCNC(N)=N)C([*])=O |$;;;;;;;;;;;;;;;;;_R2;$|,Backbone
X682,CC(=O)[C@@H]1N[C@@H](C[N-][N+]#N)C[C@H]1C[N-][N+]#N,[*]C(=O)[C@@H]1N[C@@H](C[N-][N+]#N)C[C@H]1C[N-][N+]#N |$_R2;;;;;;;;;;;;;;;$|,Backbone
EtCO_meF,CCOC(=O)N(C)[C@@H](Cc1ccccc1)C(C)=O,CCOC(=O)N(C)[C@@H](Cc1ccccc1)C([*])=O |$;;;;;;;;;;;;;;;;_R2;$|,Backbone
X331,CN[C@@H](CC(F)F)C(=O)C(=O)O,OC(=O)C(=O)[C@H](CC(F)F)N[*] |$;;;;;;;;;;;_R1$|,Backbone
X343,CN[C@@H](Cc1ccccc1C)C(C)=O,Cc1ccccc1C[C@H](N[*])C([*])=O |$;;;;;;;;;;_R1;;_R2;$|,Backbone
X436,CC[C@@H](C)[C@H](NC(=N)N)C(C)=O,CC[C@@H](C)[C@H](NC(N)=N)C([*])=O |$;;;;;;;;;;_R2;$|,Backbone
Cbz_Ser(tBu),CC(=O)[C@H](COC(C)(C)C)NC(=O)OCc1ccccc1,CC(C)(C)OC[C@H](NC(=O)OCc1ccccc1)C([*])=O |$;;;;;;;;;;;;;;;;;;;_R2;$|,Backbone
X314,CCCCSNC(=NCCCC[C@@H](NC)C(C)=O)NC#N,"CCCCSNC(NC#N)=NCCCC[C@@H](N[*])C([*])=O |w:10.10,$;;;;;;;;;;;;;;;;;_R1;;_R2;$|",Backbone
X1525,CN[C@@]1(C(C)=O)CCC[C@H]1O,O[C@@H]1CCC[C@@]1(N[*])C([*])=O |$;;;;;;;_R1;;_R2;$|,Backbone
X1844,CN[C@@H](C(C)=O)c1cnc2ccccc2c1N1CCCCC1,[*]N[C@@H](C([*])=O)c1cnc2ccccc2c1N1CCCCC1 |$_R1;;;;_R2;;;;;;;;;;;;;;;;;$|,Backbone
X1626,CC(=O)[C@H](C)NCCC1CCCCC1,C[C@H](NCCC1CCCCC1)C([*])=O |$;;;;;;;;;;;;_R2;$|,Backbone
X1779,CN[C@@H](CCCCCC(=O)C(F)(F)C(F)(F)F)C(C)=O,FC(F)(F)C(F)(F)C(=O)CCCCC[C@H](N[*])C([*])=O |$;;;;;;;;;;;;;;;;_R1;;_R2;$|,Backbone
V_MeCl,CN[C@H](C(=O)CCl)C(C)C,CC(C)[C@H](N[*])C(=O)CCl |$;;;;;_R1;;;;$|,Backbone
X1649,CN[C@@H]1CCCCNC1=O,[*]N[C@@H]1CCCCNC1=O |$_R1;;;;;;;;;$|,Backbone
X1071,CC(=O)[C@@H](CCCCN)NC(=O)OC(C)(C)C,CC(C)(C)OC(=O)N[C@H](CCCCN)C([*])=O |$;;;;;;;;;;;;;;;_R2;$|,Backbone
X1637,C[C@H](O)[C@@H](C(=O)O)N(C)C(C)(C)C,C[C@H](O)[C@H](N([*])C(C)(C)C)C(O)=O |$;;;;;_R1;;;;;;;$|,Backbone
X1589,CCCCCCN=C(NC#N)NCCCC[C@H](NC)C(C)=O,"CCCCCCN=C(NCCCC[C@H](N[*])C([*])=O)NC#N |w:6.5,$;;;;;;;;;;;;;;;_R1;;_R2;;;;$|",Backbone
X1660,CC(=O)[C@H](Cc1ccccc1)NP(=O)(O)O,OP(O)(=O)N[C@@H](Cc1ccccc1)C([*])=O |$;;;;;;;;;;;;;;_R2;$|,Backbone
X460,CS[C@H]1CCN(C)[C@H]1C(C)=O,CS[C@H]1CCN([*])[C@H]1C([*])=O |$;;;;;;_R1;;;_R2;$|,Backbone
X1602,CC(=O)[C@H](Cc1ccccc1)NC(N)=O,NC(=O)N[C@@H](Cc1ccccc1)C([*])=O |$;;;;;;;;;;;;;_R2;$|,Backbone
X1603,COC(=O)N[C@H](C(C)=O)C(C)C,COC(=O)N[C@@H](C(C)C)C([*])=O |$;;;;;;;;;;_R2;$|,Backbone
X652,CN[C@@H](Cc1ccc([N-][N+]#N)cc1)C(C)=O,[*]N[C@@H](Cc1ccc([N-][N+]#N)cc1)C([*])=O |$_R1;;;;;;;;;;;;;;_R2;$|,Backbone
T_OBzl,CN[C@H](C(=O)OCc1ccccc1)[C@@H](C)O,C[C@@H](O)[C@H](N[*])C(=O)OCc1ccccc1 |$;;;;;_R1;;;;;;;;;;$|,Backbone
X2555,CN[C@@H](CCCNC(=N)N)C(=O)c1nc2c(s1)CCCC2,NC(=N)NCCC[C@H](N[*])C(=O)c1nc2CCCCc2s1 |$;;;;;;;;;_R1;;;;;;;;;;;$|,Backbone
X2629,CC(=O)CN(C)[C@@H](C)c1ccccc1,C[C@H](N([*])CC([*])=O)c1ccccc1 |$;;;_R1;;;_R2;;;;;;;$|,Backbone
X2752,CN1C[C@H](CCc2ccccc2)NC(=O)[C@@H]1CC(=O)O,OC(=O)C[C@@H]1N([*])C[C@H](CCc2ccccc2)NC1=O |$;;;;;;_R1;;;;;;;;;;;;;$|,Backbone
X2698,CC(=O)[C@H](C)NO[C@@H](N)Cc1ccc(O)cc1,C[C@H](NO[C@@H](N)Cc1ccc(O)cc1)C([*])=O |$;;;;;;;;;;;;;;;_R2;$|,Backbone
X2719,CN[C@@H](Cc1cn(N)cn1)C(C)=O,Nn1cnc(C[C@H](N[*])C([*])=O)c1 |$;;;;;;;;_R1;;_R2;;$|,Backbone
X2527,CN[C@@H](Cc1ccc(Oc2ccc(OC(C)=O)cc2)cc1)C(C)=O,CC(=O)Oc1ccc(Oc2ccc(C[C@H](N[*])C([*])=O)cc2)cc1 |$;;;;;;;;;;;;;;;;_R1;;_R2;;;;;$|,Backbone
X2574,CC(=O)[C@H]1C[C@@]2(C)CCCC[C@@]2(C)N1C,C[C@@]12C[C@@H](N([*])[C@]1(C)CCCC2)C([*])=O |$;;;;;_R1;;;;;;;;_R2;$|,Backbone
X2562,CC(=O)[C@@H](Cc1c[nH]c2ccccc12)NS(=O)(=O)Cc1ccccc1,[*]C(=O)[C@@H](Cc1c[nH]c2ccccc12)NS(=O)(=O)Cc1ccccc1 |$_R2;;;;;;;;;;;;;;;;;;;;;;;;$|,Backbone
X2329,CN[C@@H](Cc1ccc(-c2ccccc2-c2ccccc2)cc1)C(C)=O,[*]N[C@@H](Cc1ccc(cc1)-c1ccccc1-c1ccccc1)C([*])=O |$_R1;;;;;;;;;;;;;;;;;;;;;;;_R2;$|,Backbone
X2313,CN[C@@H](Cc1cncn1CCCC1CCCCC1)C(C)=O,[*]N[C@@H](Cc1cncn1CCCC1CCCCC1)C([*])=O |$_R1;;;;;;;;;;;;;;;;;;;_R2;$|,Backbone
X2361,COc1ccc(C[C@H](NC(=O)OCc2ccccc2)C(C)=O)c(OC)c1OC,COc1ccc(C[C@H](NC(=O)OCc2ccccc2)C([*])=O)c(OC)c1OC |$;;;;;;;;;;;;;;;;;;;;_R2;;;;;;;$|,Backbone
X2424,CN[C@@H](CC(=O)O)C(=O)c1ncc(-c2ccccc2Cl)o1,OC(=O)C[C@H](N[*])C(=O)c1ncc(o1)-c1ccccc1Cl |$;;;;;;_R1;;;;;;;;;;;;;;$|,Backbone
X2375,CN[C@@H](CCCNCc1ccccc1)C(C)=O,[*]N[C@@H](CCCNCc1ccccc1)C([*])=O |$_R1;;;;;;;;;;;;;;;_R2;$|,Backbone
X2439,CN[C@@H](CC(C)C)C(=O)C(F)(F)F,CC(C)C[C@H](N[*])C(=O)C(F)(F)F |$;;;;;;_R1;;;;;;$|,Backbone
X2413,CN[C@@H](CC(C)C)C(=O)c1ccco1,CC(C)C[C@H](N[*])C(=O)c1ccco1 |$;;;;;;_R1;;;;;;;$|,Backbone
X2474,CN[C@@H](CCCNC(=N)N)C(=O)c1nc2ccccc2n1C,Cn1c(nc2ccccc12)C(=O)[C@H](CCCNC(N)=N)N[*] |$;;;;;;;;;;;;;;;;;;;;;_R1$|,Backbone
X2487,CN[C@@H](Cc1ccc(O)cc1)C(=O)[CH-][N+]#N,Oc1ccc(C[C@H](N[*])C(=O)[CH-][N+]#N)cc1 |$;;;;;;;;_R1;;;;;;;$|,Backbone
X2510,CN[C@@H](CSCCc1cccc(N[C@H](C(C)=O)[C@@H](C)O)c1)C(=O)O,C[C@@H](O)[C@H](Nc1cccc(CCSC[C@H](N[*])C(O)=O)c1)C([*])=O |$;;;;;;;;;;;;;;;;_R1;;;;;;_R2;$|,Backbone
X2317,CC(=O)[C@H](Cc1ccccc1)NCC(=O)[C@@H](N)CO,N[C@@H](CO)C(=O)CN[C@@H](Cc1ccccc1)C([*])=O |$;;;;;;;;;;;;;;;;;_R2;$|,Backbone
X2275,CN[C@@H](C[C@@H]1CCNC1=O)C(=O)c1nc(C)c(C)s1,Cc1nc(sc1C)C(=O)[C@H](C[C@@H]1CCNC1=O)N[*] |$;;;;;;;;;;;;;;;;;;_R1$|,Backbone
X473,CNC1(C(C)=O)CCCCCCCC1,[*]NC1(CCCCCCCC1)C([*])=O |$_R1;;;;;;;;;;;;_R2;$|,Backbone
X778,CC(=O)[C@@H](NCc1ccccc1)C(C)C,CC(C)[C@H](NCc1ccccc1)C([*])=O |$;;;;;;;;;;;;;_R2;$|,Backbone
X496,CN[C@@H](Cc1cc([N+](=O)[O-])c(O)c([N+](=O)[O-])c1)C(C)=O,Oc1c(cc(C[C@H](N[*])C([*])=O)cc1N(=O)=O)N(=O)=O |$;;;;;;;;_R1;;_R2;;;;;;;;;$|,Backbone
X754,CC(=O)[C@@H](NC(=O)OCC(C)C)C(C)C,CC(C)COC(=O)N[C@@H](C(C)C)C([*])=O |$;;;;;;;;;;;;;_R2;$|,Backbone
lalloI_OMe,CC[C@@H](C)[C@H](NC)C(=O)OC,CC[C@@H](C)[C@H](N[*])C(=O)OC |$;;;;;;_R1;;;;$|,Backbone
X783,CN[C@H](CCCCNC(=N)N)C(C)=O,NC(=N)NCCCC[C@@H](N[*])C([*])=O |$;;;;;;;;;;_R1;;_R2;$|,Backbone
L_OVnl,C=COC(=O)[C@H](CC(C)C)NC,CC(C)C[C@H](N[*])C(=O)OC=C |$;;;;;;_R1;;;;;$|,Backbone
X590,CC(=O)[C@@H]1C[C@H](n2cc(C3=CCCCC3)nn2)CN1C,"[*]N1C[C@H](C[C@H]1C([*])=O)n1cc(nn1)C1=CCCCC1 |$_R1;;;;;;;_R2;;;;;;;;;;;;$,t:16|",Backbone
X517,CC(=O)[C@@H](NC(=N)N)C(C)(C)C,CC(C)(C)[C@H](NC(N)=N)C([*])=O |$;;;;;;;;;;_R2;$|,Backbone
X642,CCCC(CCC)C(=O)OC[C@H](NC)C(C)=O,CCCC(CCC)C(=O)OC[C@H](N[*])C([*])=O |$;;;;;;;;;;;;;_R1;;_R2;$|,Backbone
X2854,CCOC(=O)[C@H](C)OC(=O)[C@H](C)NC,CCOC(=O)[C@H](C)OC(=O)[C@H](C)N[*] |$;;;;;;;;;;;;;_R1$|,Backbone
X2880,CC(=O)[C@H](CC(C)C)NC(=O)NCCCO,CC(C)C[C@H](NC(=O)NCCCO)C([*])=O |$;;;;;;;;;;;;;;_R2;$|,Backbone
X3007,CC(=O)[C@@H]1C[C@@H](Cc2ccccc2Cl)CN1C,Clc1ccccc1C[C@@H]1C[C@H](N([*])C1)C([*])=O |$;;;;;;;;;;;;_R1;;;_R2;$|,Backbone
dPhe(2-Cl),CN[C@H](Cc1ccccc1Cl)C(C)=O,Clc1ccccc1C[C@@H](N[*])C([*])=O |$;;;;;;;;;;_R1;;_R2;$|,Backbone
X3004,CN[C@@H](CC(=O)CNC(N)=O)C(C)=O,NC(=O)NCC(=O)C[C@H](N[*])C([*])=O |$;;;;;;;;;;_R1;;_R2;$|,Backbone
X3006,CN[C@@H](Cn1cc(CCc2ccccc2)nn1)C(C)=O,[*]N[C@@H](Cn1cc(CCc2ccccc2)nn1)C([*])=O |$_R1;;;;;;;;;;;;;;;;;;_R2;$|,Backbone
X2870,CC(=O)[C@@H](N)CCCCNC(=S)Nc1ccc(-c2c3ccc(=O)cc-3oc3ccccc23)c(C(=O)O)c1,N[C@@H](CCCCNC(=S)Nc1ccc(c(c1)C(O)=O)-c1c2ccccc2oc2cc(=O)ccc12)C([*])=O |$;;;;;;;;;;;;;;;;;;;;;;;;;;;;;;;;;;;_R2;$|,Backbone
X2891,CN[C@@H](CCCCNC(=O)Nc1cccc(OC)c1)C(C)=O,COc1cccc(NC(=O)NCCCC[C@H](N[*])C([*])=O)c1 |$;;;;;;;;;;;;;;;;;_R1;;_R2;;$|,Backbone
F_COEt,CCOC(=O)C(=O)[C@H](Cc1ccccc1)NC,CCOC(=O)C(=O)[C@H](Cc1ccccc1)N[*] |$;;;;;;;;;;;;;;;;_R1$|,Backbone
X2546,CCCC[C@H](NC)C(=O)CN[C@@H](CCC(=O)O)C(C)=O,CCCC[C@H](N[*])C(=O)CN[C@@H](CCC(O)=O)C([*])=O |$;;;;;;_R1;;;;;;;;;;;;_R2;$|,Backbone
X439,CC(=O)CN(C)CC(C)C,CC(C)CN([*])CC([*])=O |$;;;;;_R1;;;_R2;$|,Backbone
X505,CCNC(=O)Nc1ccc(C[C@@H](NC)C(C)=O)cc1,CCNC(=O)Nc1ccc(C[C@@H](N[*])C([*])=O)cc1 |$;;;;;;;;;;;;;_R1;;_R2;;;$|,Backbone
X1350,CCCCN=C(NC#N)NCCC[C@H](NC)C(C)=O,"CCCCN=C(NCCC[C@H](N[*])C([*])=O)NC#N |w:4.3,$;;;;;;;;;;;;_R1;;_R2;;;;$|",Backbone
X1355,CN[C@@H](CC1CCNCC1)C(C)=O,[*]N[C@@H](CC1CCNCC1)C([*])=O |$_R1;;;;;;;;;;;_R2;$|,Backbone
dDpr,CNC[C@@H](NC)C(C)=O,[*]N[C@H](CN[*])C([*])=O |$_R1;;;;;_R3;;_R2;$|,Backbone
X1650,CC=CC=CC=CC(=O)OC[C@H](NC)C(C)=O,"CC=CC=CC=CC(=O)OC[C@H](N[*])C([*])=O |w:1.0,4.4,6.6,$;;;;;;;;;;;;;_R1;;_R2;$|",Backbone
X1652,CC(=O)[C@H](Cc1c(C)cc(O)cc1C)N(C)C,CN(C)[C@@H](Cc1c(C)cc(O)cc1C)C([*])=O |$;;;;;;;;;;;;;;;_R2;$|,Backbone
X2278,CC(=O)[C@@H]1C[C@@H](OC(=O)N2Cc3cc(Cl)c(Cl)cc3C2)CN1C,Clc1cc2CN(Cc2cc1Cl)C(=O)O[C@@H]1C[C@H](N([*])C1)C([*])=O |$;;;;;;;;;;;;;;;;;;_R1;;;_R2;$|,Backbone
X2284,CCCCCCCCCCCCCCNC(=O)N[C@@H](Cc1ccccc1)C(C)=O,CCCCCCCCCCCCCCNC(=O)N[C@@H](Cc1ccccc1)C([*])=O |$;;;;;;;;;;;;;;;;;;;;;;;;;;;_R2;$|,Backbone
X2233,CN[C@@H](C(=O)c1nc2ccccc2s1)C1CCC(CN)CC1,NCC1CCC(CC1)[C@@H](N[*])C(=O)c1nc2ccccc2s1 |$;;;;;;;;;;_R1;;;;;;;;;;;$|,Backbone
X11,CN=C(Cc1ccccc1)C(C)=O,"[*]N=C(Cc1ccccc1)C([*])=O |w:1.0,$_R1;;;;;;;;;;;_R2;$|",Backbone
S,CN[C@@H](CO)C(C)=O,OC[C@H](N[*])C([*])=O |$;;;;_R1;;_R2;$|,Backbone
X870,CN[C@](C)(Cc1ccc(O)cc1)C(C)=O,C[C@](Cc1ccc(O)cc1)(N[*])C([*])=O |$;;;;;;;;;;;_R1;;_R2;$|,Backbone
X733,CN[C@@H](Cc1c(F)c(F)c(F)c(F)c1F)C(C)=O,Fc1c(F)c(F)c(C[C@H](N[*])C([*])=O)c(F)c1F |$;;;;;;;;;;_R1;;_R2;;;;;$|,Backbone
X739,CC(=O)[C@H](CCC[N+](C)(C)C)[N-][N+]#N,C[N+](C)(C)CCC[C@H]([N-][N+]#N)C([*])=O |$;;;;;;;;;;;;_R2;$|,Backbone
X951,CS[C@H]1C[C@@H](C(C)=O)N(C)C1,CS[C@H]1C[C@H](N([*])C1)C([*])=O |$;;;;;;_R1;;;_R2;$|,Backbone
X1107,CSCC[C@H](NC(=O)NCC(C)C)C(C)=O,CSCC[C@H](NC(=O)NCC(C)C)C([*])=O |$;;;;;;;;;;;;;;_R2;$|,Backbone
X1215,CC(=O)[C@H](C)N(C(C)=O)C(=O)CCCCCN,C[C@H](N(C(C)=O)C(=O)CCCCCN)C([*])=O |$;;;;;;;;;;;;;;;_R2;$|,Backbone
X1097,COC1=CC(=O)N(C(=O)[C@@H](OC(=O)[C@H]2CCCN2C)C(C)C)[C@H]1Cc1ccccc1,"COC1=CC(=O)N([C@H]1Cc1ccccc1)C(=O)[C@@H](OC(=O)[C@H]1CCCN1[*])C(C)C |$;;;;;;;;;;;;;;;;;;;;;;;;;;_R1;;;$,t:2|",Backbone
X992,CN[C@H](Cc1cccc(CS(=O)(=O)O)c1)C(C)=O,OS(=O)(=O)Cc1cccc(C[C@@H](N[*])C([*])=O)c1 |$;;;;;;;;;;;;;_R1;;_R2;;$|,Backbone
X1209,CC(=O)CCCCCCCCN[C@@H](CC(C)C)C(C)=O,CC(C)C[C@H](NCCCCCCCCC(C)=O)C([*])=O |$;;;;;;;;;;;;;;;;;;_R2;$|,Backbone
X1185,COc1ccc(-c2cn([C@H]3C[C@@H](C(C)=O)N(C)C3)nn2)cc1,COc1ccc(cc1)-c1cn(nn1)[C@H]1C[C@H](N([*])C1)C([*])=O |$;;;;;;;;;;;;;;;;;_R1;;;_R2;$|,Backbone
X1020,CC(=O)[C@@H]1C[C@H](NC(=N)N)CN1C,NC(=N)N[C@H]1C[C@H](N([*])C1)C([*])=O |$;;;;;;;;_R1;;;_R2;$|,Backbone
EtCO_dPhe(4-NH2),CCOC(=O)N[C@H](Cc1ccc(N)cc1)C(C)=O,CCOC(=O)N[C@H](Cc1ccc(N)cc1)C([*])=O |$;;;;;;;;;;;;;;;;_R2;$|,Backbone
X1082,CN[C@H](C(C)=O)[C@H](O)c1ccccc1,O[C@@H]([C@H](N[*])C([*])=O)c1ccccc1 |$;;;;_R1;;_R2;;;;;;;$|,Backbone
X871,CC(=O)[C@H](C)NS(=O)(=O)c1cccc2cnccc12,C[C@H](NS(=O)(=O)c1cccc2cnccc12)C([*])=O |$;;;;;;;;;;;;;;;;;_R2;$|,Backbone
X939,CCCO[C@H]1C[C@H](C(C)=O)N(C)C1,CCCO[C@H]1C[C@@H](N([*])C1)C([*])=O |$;;;;;;;;_R1;;;_R2;$|,Backbone
X1834,CC(=O)[C@](Cc1ccccc1)(N(C)C)C(F)(F)F,CN([*])[C@@](Cc1ccccc1)(C([*])=O)C(F)(F)F |$;;_R1;;;;;;;;;;_R2;;;;;$|,Backbone
X1694,CN[C@@](Cc1ccccc1)(C(C)=O)C(F)F,FC(F)[C@@](Cc1ccccc1)(N[*])C([*])=O |$;;;;;;;;;;;;_R1;;_R2;$|,Backbone
Tyr(Bzl),CN[C@@H](Cc1ccc(OCc2ccccc2)cc1)C(C)=O,[*]N[C@@H](Cc1ccc(OCc2ccccc2)cc1)C([*])=O |$_R1;;;;;;;;;;;;;;;;;;;_R2;$|,Backbone
X1773,CN[C@@H](Cc1c(C#N)[nH]c2ccccc12)C(C)=O,[*]N[C@@H](Cc1c([nH]c2ccccc12)C#N)C([*])=O |$_R1;;;;;;;;;;;;;;;;_R2;$|,Backbone
X1975,CN[C@@H](Cc1ccc(OC)cc1OC)C(C)=O,COc1ccc(C[C@H](N[*])C([*])=O)c(OC)c1 |$;;;;;;;;;_R1;;_R2;;;;;$|,Backbone
X2070,CCCCCCCCN(C)CC(C)=O,CCCCCCCCN([*])CC([*])=O |$;;;;;;;;;_R1;;;_R2;$|,Backbone
X1119,CN[C@@H](Cc1c[nH]c2ccc(O)cc12)C(C)=O,Oc1ccc2[nH]cc(C[C@H](N[*])C([*])=O)c2c1 |$;;;;;;;;;;;_R1;;_R2;;;$|,Backbone
X1993,CN[C@H](C(C)=O)[C@@H](C)c1ccc2ccccc2c1,C[C@H]([C@H](N[*])C([*])=O)c1ccc2ccccc2c1 |$;;;;_R1;;_R2;;;;;;;;;;;$|,Backbone
X2008,CS[C@H]1C[C@@H](C(C)=O)N(C)C1,[*]N1C[C@H](C[C@H]1C([*])=O)S[*] |$_R1;;;;;;;_R2;;;_R3$|,Backbone
X2055,CCc1ccc(C[C@@H](NC)C(C)=O)cc1,CCc1ccc(C[C@@H](N[*])C([*])=O)cc1 |$;;;;;;;;;_R1;;_R2;;;$|,Backbone
X1951,CN[C@H](CC(=O)OC)C(C)=O,COC(=O)C[C@@H](N[*])C([*])=O |$;;;;;;;_R1;;_R2;$|,Backbone
X1967,CN[C@H](C(C)=O)c1ccccc1[N+](=O)[O-],[*]N[C@H](C([*])=O)c1ccccc1N(=O)=O |$_R1;;;;_R2;;;;;;;;;;$|,Backbone
X1954,CSC[C@@H](NC(N)=O)C(C)=O,NC(=O)N[C@H](CS[*])C([*])=O |$;;;;;;;_R3;;_R2;$|,Backbone
X1992,CN[C@](CCNC(=N)N)(CCC(=N)N)C(C)=O,NC(=N)CC[C@@](CCNC(N)=N)(N[*])C([*])=O |$;;;;;;;;;;;;;_R1;;_R2;$|,Backbone
X2030,CN[C@H](CCc1ccc(O)cc1)C(C)=O,Oc1ccc(CC[C@@H](N[*])C([*])=O)cc1 |$;;;;;;;;;_R1;;_R2;;;$|,Backbone
X2057,CN[C@@H](Cc1ccc(CN(CC(C)C)CC(C)C)cc1)C(C)=O,CC(C)CN(CC(C)C)Cc1ccc(C[C@H](N[*])C([*])=O)cc1 |$;;;;;;;;;;;;;;;;;_R1;;_R2;;;$|,Backbone
X2035,CN[C@H](Cc1ccc([N-][N+]#N)cc1)C(C)=O,[*]N[C@H](Cc1ccc([N-][N+]#N)cc1)C([*])=O |$_R1;;;;;;;;;;;;;;_R2;$|,Backbone
X1689,CN[C@@H](CCCCCSC)C(C)=O,[*]N[C@@H](CCCCCS[*])C([*])=O |$_R1;;;;;;;;;_R3;;_R2;$|,Backbone
X1835,CCOC(=O)C=CC[C@@H](C)[C@@H](O)[C@@H](C(C)=O)N(C)C,"CCOC(=O)C=CC[C@@H](C)[C@@H](O)[C@H](N(C)[*])C([*])=O |w:6.6,$;;;;;;;;;;;;;;;_R1;;_R2;$|",Backbone
dDab,CNCC[C@@H](NC)C(C)=O,[*]N[C@H](CCN[*])C([*])=O |$_R1;;;;;;_R3;;_R2;$|,Backbone
X1675,CN[C@@H](C(C)=O)[C@@H](C)OP(=O)(O)O,C[C@@H](OP(O)(O)=O)[C@@H](N[*])C([*])=O |$;;;;;;;;;_R1;;_R2;$|,Backbone
X1804,COCC[C@@H](C)[C@@H](O)[C@@H](C(C)=O)N(C)C,COCC[C@@H](C)[C@@H](O)[C@H](N(C)[*])C([*])=O |$;;;;;;;;;;;_R1;;_R2;$|,Backbone
X1882,CC(=O)[C@H](SCCN(C)C)N(C)C,CN(C)CCS[C@H](N(C)[*])C([*])=O |$;;;;;;;;;_R1;;_R2;$|,Backbone
X1671,CN[C@@H](CCCCCC(=O)[C@H](C)O)C(C)=O,C[C@H](O)C(=O)CCCCC[C@H](N[*])C([*])=O |$;;;;;;;;;;;;_R1;;_R2;$|,Backbone
X1196,CCC(=O)CCCCC[C@H](NC)C(C)=O,CCC(=O)CCCCC[C@H](N[*])C([*])=O |$;;;;;;;;;;;_R1;;_R2;$|,Backbone
X1741,C=C1COC[C@H](C(C)=O)N(C)C1,[*]N1CC(=C)COC[C@@H]1C([*])=O |$_R1;;;;;;;;;;_R2;$|,Backbone
X1892,CCN(CC)CCCC[C@@H](NC)C(C)=O,CCN(CC)CCCC[C@@H](N[*])C([*])=O |$;;;;;;;;;;;_R1;;_R2;$|,Backbone
X1732,CC(=O)[C@@H](SCCN1CCCCC1)N(C)C,CN([*])[C@H](SCCN1CCCCC1)C([*])=O |$;;_R1;;;;;;;;;;;;_R2;$|,Backbone
Asu,CN[C@@H](CCCCCC(C)=O)C(C)=O,[*]N[C@@H](CCCCCC([*])=O)C([*])=O |$_R1;;;;;;;;;_R3;;;_R2;$|,Backbone
X1820,CN[C@H](C(C)=O)[C@@H](C)OCCCO,C[C@@H](OCCCO)[C@H](N[*])C([*])=O |$;;;;;;;;;_R1;;_R2;$|,Backbone
X1780,CC(=O)[C@H]([C@H](O)[C@H](C)Cc1nc2ccccc2c(=O)[nH]1)N(C)C,C[C@H](Cc1nc2ccccc2c(=O)[nH]1)[C@@H](O)[C@H](N(C)[*])C([*])=O |$;;;;;;;;;;;;;;;;;;;_R1;;_R2;$|,Backbone
X1700,CC(=O)[C@@]1(C)CCN1C,C[C@@]1(CCN1[*])C([*])=O |$;;;;;_R1;;_R2;$|,Backbone
X49,CN[C@@H](CC(C(F)(F)F)C(F)(F)F)C(C)=O,FC(F)(F)C(C[C@H](N[*])C([*])=O)C(F)(F)F |$;;;;;;;;_R1;;_R2;;;;;$|,Backbone
Phe(3-Cl),CN[C@@H](Cc1cccc(Cl)c1)C(C)=O,Clc1cccc(C[C@H](N[*])C([*])=O)c1 |$;;;;;;;;;_R1;;_R2;;$|,Backbone
dTic,CC(=O)[C@H]1Cc2ccccc2CN1C,[*]N1Cc2ccccc2C[C@@H]1C([*])=O |$_R1;;;;;;;;;;;;_R2;$|,Backbone
X291,CN[C@@H](Cc1ccc(Br)cc1)C(C)=O,Brc1ccc(C[C@H](N[*])C([*])=O)cc1 |$;;;;;;;;_R1;;_R2;;;$|,Backbone
X93,CN[C@@H](CCCCNC1CCCC1)C(C)=O,[*]N[C@@H](CCCCNC1CCCC1)C([*])=O |$_R1;;;;;;;;;;;;;;_R2;$|,Backbone
X286,CN[C@@H](CC(=O)C(C)(C)C)C(C)=O,CC(C)(C)C(=O)C[C@H](N[*])C([*])=O |$;;;;;;;;;_R1;;_R2;$|,Backbone
X133,CN[C@H](C(C)=O)C(C)(C)O,CC(C)(O)[C@H](N[*])C([*])=O |$;;;;;;_R1;;_R2;$|,Backbone
L_OMe,CN[C@@H](CC(C)C)C(=O)OC,COC(=O)[C@H](CC(C)C)N[*] |$;;;;;;;;;;_R1$|,Backbone
d1-Nal,CN[C@H](Cc1cccc2ccccc12)C(C)=O,[*]N[C@H](Cc1cccc2ccccc12)C([*])=O |$_R1;;;;;;;;;;;;;;;_R2;$|,Backbone
X299,CC(=O)[C@H]1CSC(C)(C)N1C,CC1(C)SC[C@@H](N1[*])C([*])=O |$;;;;;;;_R1;;_R2;$|,Backbone
X113,CN[C@@H](CCl)C(C)=O,ClC[C@H](N[*])C([*])=O |$;;;;_R1;;_R2;$|,Backbone
X47,CN[C@@H](COC(=O)CCCCCCN)C(C)=O,NCCCCCCC(=O)OC[C@H](N[*])C([*])=O |$;;;;;;;;;;;;;_R1;;_R2;$|,Backbone
G_OBzl,CNCC(=O)OCc1ccccc1,[*]NCC(=O)OCc1ccccc1 |$_R1;;;;;;;;;;;;$|,Backbone
X2727,CN[C@@H](CCCCCC(=O)C(C)=O)C(C)=O,CC(=O)C(=O)CCCCC[C@H](N[*])C([*])=O |$;;;;;;;;;;;;_R1;;_R2;$|,Backbone
X2773,CSCC[C@H](NC(=O)Nc1ccccc1)C(C)=O,CSCC[C@H](NC(=O)Nc1ccccc1)C([*])=O |$;;;;;;;;;;;;;;;;_R2;$|,Backbone
X1247,COc1ccc(C[C@@H](C(C)=O)N(C)C)cc1,COc1ccc(C[C@H](N(C)[*])C([*])=O)cc1 |$;;;;;;;;;;_R1;;_R2;;;$|,Backbone
X2126,CCCCOC(=O)NCC(F)(F)C(=O)[C@@H](NC)C(C)C,CCCCOC(=O)NCC(F)(F)C(=O)[C@@H](N[*])C(C)C |$;;;;;;;;;;;;;;;;_R1;;;$|,Backbone
X2787,CC(=O)[C@H](Cc1ccc(Cl)cc1)NC(=O)N(C)C,CN(C)C(=O)N[C@@H](Cc1ccc(Cl)cc1)C([*])=O |$;;;;;;;;;;;;;;;;_R2;$|,Backbone
X2672,CC(=O)[C@H](CO)NC(=O)Nc1ccc(C(=O)[C@@H](N)CCC(=O)O)cc1,N[C@@H](CCC(O)=O)C(=O)c1ccc(NC(=O)N[C@@H](CO)C([*])=O)cc1 |$;;;;;;;;;;;;;;;;;;;;;_R2;;;$|,Backbone
X2823,CC(=O)C1(N(C)Cc2ccccc2)CCN(Cc2ccccc2)CC1,[*]N(Cc1ccccc1)C1(CCN(Cc2ccccc2)CC1)C([*])=O |$_R1;;;;;;;;;;;;;;;;;;;;;;;_R2;$|,Backbone
X2308,CN[C@H](C(C)=O)C1CCNCC1,[*]N[C@@H](C1CCNCC1)C([*])=O |$_R1;;;;;;;;;;_R2;$|,Backbone
X2749,CN[C@@H](C(=O)OC(C)(C)C)c1cc(O)c(OC)c(Oc2ccc([C@@H](O)[C@@H](NC(=O)OC(C)(C)C)C(C)=O)cc2[N+](=O)[O-])c1,COc1c(O)cc(cc1Oc1ccc(cc1N(=O)=O)[C@@H](O)[C@@H](NC(=O)OC(C)(C)C)C([*])=O)[C@@H](N[*])C(=O)OC(C)(C)C |$;;;;;;;;;;;;;;;;;;;;;;;;;;;;;;;_R2;;;;_R1;;;;;;;$|,Backbone
X2722,CN[C@H](C=O)CC(=O)CCCCN[C@@H](CC(C)C)C(C)=O,CC(C)C[C@H](NCCCCC(=O)C[C@H](N[*])C=O)C([*])=O |$;;;;;;;;;;;;;;;_R1;;;;_R2;$|,Backbone
X2737,CN[C@@H](CCCCN)C(=O)O[C@H]1CC[C@@]2(C)C(=CC[C@H]3[C@@H]4CC[C@H]([C@H](C)CCCC(C)C)[C@@]4(C)CC[C@@H]32)C1,"CC(C)CCC[C@@H](C)[C@H]1CC[C@H]2[C@@H]3CC=C4C[C@H](CC[C@]4(C)[C@H]3CC[C@]12C)OC(=O)[C@H](CCCCN)N[*] |$;;;;;;;;;;;;;;;;;;;;;;;;;;;;;;;;;;;;;_R1$,t:14|",Backbone
X2724,CN[C@@H](CCCCCC(=O)C(C)C)C(C)=O,CC(C)C(=O)CCCCC[C@H](N[*])C([*])=O |$;;;;;;;;;;;;_R1;;_R2;$|,Backbone
Me_Hph,CC(=O)[C@H](CCc1ccccc1)N(C)C,CN([*])[C@@H](CCc1ccccc1)C([*])=O |$;;_R1;;;;;;;;;;;_R2;$|,Backbone
X1948,CSC1([C@H](N)C(C)=O)CCCCC1,N[C@H](C([*])=O)C1(CCCCC1)S[*] |$;;;_R2;;;;;;;;;_R3$|,Backbone
X2115,CCCCNC(=O)N[C@]1(C(C)=O)CC[C@H](c2ccccc2)CC1,CCCCNC(=O)N[C@@]1(CC[C@@H](CC1)c1ccccc1)C([*])=O |$;;;;;;;;;;;;;;;;;;;;;_R2;$|,Backbone
X2187,CN[C@@H](CC(C)(C)C)C(=O)OC,COC(=O)[C@H](CC(C)(C)C)N[*] |$;;;;;;;;;;;_R1$|,Backbone
X2124,CCC1(CC)C[C@]1(NC)C(=O)O,CCC1(CC)C[C@]1(N[*])C(O)=O |$;;;;;;;;_R1;;;$|,Backbone
X2145,CN[C@@H](CC1CCC(CN)CC1)C(C)=O,NCC1CCC(C[C@H](N[*])C([*])=O)CC1 |$;;;;;;;;;_R1;;_R2;;;$|,Backbone
X2198,CC(=O)Cn1ccc(=O)[nH]c1=O,[*]C(=O)Cn1ccc(=O)[nH]c1=O |$_R2;;;;;;;;;;;$|,Backbone
X2159,CC(=O)CN1CCN(CC(=O)O)CCN(CC(=O)O)CCN(CC(=O)O)CC1,OC(=O)CN1CCN(CC(O)=O)CCN(CC([*])=O)CCN(CC(O)=O)CC1 |$;;;;;;;;;;;;;;;;;_R2;;;;;;;;;;$|,Backbone
X2000,CN[C@H](C(C)=O)c1cc(F)c(F)c(F)c1,Fc1cc(cc(F)c1F)[C@H](N[*])C([*])=O |$;;;;;;;;;;;_R1;;_R2;$|,Backbone
D_MeCl,CN[C@@H](CC(=O)O)C(=O)CCl,OC(=O)C[C@H](N[*])C(=O)CCl |$;;;;;;_R1;;;;$|,Backbone
Lys(Me),CNCCCC[C@H](NC)C(C)=O,CNCCCC[C@H](N[*])C([*])=O |$;;;;;;;;_R1;;_R2;$|,Backbone
dLys(Me),CNCCCC[C@@H](NC)C(C)=O,CNCCCC[C@@H](N[*])C([*])=O |$;;;;;;;;_R1;;_R2;$|,Backbone
X1370,CN[C@@](C)(CCC(=O)O)C(C)=O,C[C@@](CCC(O)=O)(N[*])C([*])=O |$;;;;;;;;_R1;;_R2;$|,Backbone
X1465,CC(=O)[C@@H]1C[C@H](n2cc(CSc3ccccc3)nn2)CN1C,[*]N1C[C@H](C[C@H]1C([*])=O)n1cc(CSc2ccccc2)nn1 |$_R1;;;;;;;_R2;;;;;;;;;;;;;;$|,Backbone
X1391,CN[C@@H](Cc1nc2cc(Cl)c(Cl)cc2[nH]1)C(C)=O,Clc1cc2nc(C[C@H](N[*])C([*])=O)[nH]c2cc1Cl |$;;;;;;;;;_R1;;_R2;;;;;;$|,Backbone
X1417,CC(=O)[C@@H](C)NC(=N)N,C[C@@H](NC(N)=N)C([*])=O |$;;;;;;;_R2;$|,Backbone
X1450,CC(=O)[C@@H](NC(=O)NC1CCCCC1)C(c1ccccc1)c1ccccc1,[*]C(=O)[C@@H](NC(=O)NC1CCCCC1)C(c1ccccc1)c1ccccc1 |$_R2;;;;;;;;;;;;;;;;;;;;;;;;;;$|,Backbone
X1232,CC(=O)[C@H](N)[C@H](C)c1ccc(O)cc1,C[C@@H]([C@@H](N)C([*])=O)c1ccc(O)cc1 |$;;;;;_R2;;;;;;;;$|,Backbone
X1191,CC(=O)[C@H](Cc1ccc(S(=O)(=O)O)cc1)NC(=O)O,OC(=O)N[C@@H](Cc1ccc(cc1)S(O)(=O)=O)C([*])=O |$;;;;;;;;;;;;;;;;;_R2;$|,Backbone
EtCO_dR,CCOC(=O)N[C@H](CCCNC(=N)N)C(C)=O,CCOC(=O)N[C@H](CCCNC(N)=N)C([*])=O |$;;;;;;;;;;;;;;;_R2;$|,Backbone
dHph,CN[C@H](CCc1ccccc1)C(C)=O,[*]N[C@H](CCc1ccccc1)C([*])=O |$_R1;;;;;;;;;;;;_R2;$|,Backbone
X1080,CC(=O)[C@H](CCCCN)NC(=S)Nc1ccc2c(c1)C(=O)OC21c2ccc(O)cc2Oc2cc(O)ccc21,NCCCC[C@H](NC(=S)Nc1ccc2c(c1)C(=O)OC21c2ccc(O)cc2Oc2cc(O)ccc12)C([*])=O |$;;;;;;;;;;;;;;;;;;;;;;;;;;;;;;;;;;;;_R2;$|,Backbone
X231,CC(=O)CN1C(=O)c2ccccc2C1=O,[*]C(=O)CN1C(=O)c2ccccc2C1=O |$_R2;;;;;;;;;;;;;;$|,Backbone
X380,CC(=O)[C@H](C)NS(=O)(=O)c1ccc(N(C)C)c2ccccc12,C[C@H](NS(=O)(=O)c1ccc(N(C)C)c2ccccc12)C([*])=O |$;;;;;;;;;;;;;;;;;;;;_R2;$|,Backbone
X391,CN[C@@H](COS(=O)(=O)O)C(C)=O,OS(=O)(=O)OC[C@H](N[*])C([*])=O |$;;;;;;;;_R1;;_R2;$|,Backbone
X340,CN[C@H](CCNC(=O)NOC)C(C)=O,CONC(=O)NCC[C@@H](N[*])C([*])=O |$;;;;;;;;;;_R1;;_R2;$|,Backbone
X191,CN[C@H](Cc1c(C)cc(C)cc1C)C(C)=O,Cc1cc(C)c(C[C@@H](N[*])C([*])=O)c(C)c1 |$;;;;;;;;;_R1;;_R2;;;;$|,Backbone
X333,CN[C@@H](CC(=O)O)C(=O)CCCc1ccccc1,OC(=O)C[C@H](N[*])C(=O)CCCc1ccccc1 |$;;;;;;_R1;;;;;;;;;;;$|,Backbone
X402,CN[C@@H](Cc1nc2ccccc2s1)C(C)=O,[*]N[C@@H](Cc1nc2ccccc2s1)C([*])=O |$_R1;;;;;;;;;;;;;;_R2;$|,Backbone
Boc_L,CC(=O)[C@H](CC(C)C)NC(=O)OC(C)(C)C,CC(C)C[C@H](NC(=O)OC(C)(C)C)C([*])=O |$;;;;;;;;;;;;;;_R2;$|,Backbone
X438,C#CCNCC(C)=O,[*]C(=O)CNCC#C |$_R2;;;;;;;$|,Backbone
Boc_W,CC(=O)[C@H](Cc1c[nH]c2ccccc12)NC(=O)OC(C)(C)C,CC(C)(C)OC(=O)N[C@@H](Cc1c[nH]c2ccccc12)C([*])=O |$;;;;;;;;;;;;;;;;;;;;_R2;$|,Backbone
X566,CN[C@@H](Cc1ccc(OCC(=O)O)c(C(=O)O)c1)C(C)=O,OC(=O)COc1ccc(C[C@H](N[*])C([*])=O)cc1C(O)=O |$;;;;;;;;;;;;_R1;;_R2;;;;;;$|,Backbone
dCys(tBu),CN[C@H](CSC(C)(C)C)C(C)=O,CC(C)(C)SC[C@@H](N[*])C([*])=O |$;;;;;;;;_R1;;_R2;$|,Backbone
X238,CN[C@@H](Cc1cccc(F)c1)C(C)=O,Fc1cccc(C[C@H](N[*])C([*])=O)c1 |$;;;;;;;;;_R1;;_R2;;$|,Backbone
X138,CN[C@@H](Cc1c(C)cc(O)cc1C)C(C)=O,Cc1cc(O)cc(C)c1C[C@H](N[*])C([*])=O |$;;;;;;;;;;;;_R1;;_R2;$|,Backbone
X310,CN[C@@H](Cc1nc2ccccc2o1)C(C)=O,[*]N[C@@H](Cc1nc2ccccc2o1)C([*])=O |$_R1;;;;;;;;;;;;;;_R2;$|,Backbone
X315,CCCCSNC(=NCCCC[C@H](NC)C(C)=O)NC#N,"CCCCSNC(NC#N)=NCCCC[C@H](N[*])C([*])=O |w:10.10,$;;;;;;;;;;;;;;;;;_R1;;_R2;$|",Backbone
X377,CN[C@H](CCCCNC1=NCCCN1)C(C)=O,"[*]N[C@H](CCCCNC1=NCCCN1)C([*])=O |$_R1;;;;;;;;;;;;;;;_R2;$,t:8|",Backbone
d4-Pal,CN[C@H](Cc1ccncc1)C(C)=O,[*]N[C@H](Cc1ccncc1)C([*])=O |$_R1;;;;;;;;;;;_R2;$|,Backbone
X1422,CC(=O)[C@H](N)[C@@H](C)c1c(C)cc(O)cc1C,C[C@H]([C@@H](N)C([*])=O)c1c(C)cc(O)cc1C |$;;;;;_R2;;;;;;;;;;$|,Backbone
X1703,CC(=O)[C@@H](SCCCN1CCOCC1)N(C)C,CN([*])[C@H](SCCCN1CCOCC1)C([*])=O |$;;_R1;;;;;;;;;;;;;_R2;$|,Backbone
F_OtBu,CN[C@@H](Cc1ccccc1)C(=O)OC(C)(C)C,CC(C)(C)OC(=O)[C@H](Cc1ccccc1)N[*] |$;;;;;;;;;;;;;;;;_R1$|,Backbone
X160,CN[C@H](C(=O)C(F)(F)C(F)(F)F)C(C)C,CC(C)[C@H](N[*])C(=O)C(F)(F)C(F)(F)F |$;;;;;_R1;;;;;;;;;$|,Backbone
X1661,CC(=O)[C@H]1[C@H](C)c2ccccc2CN1C,C[C@H]1[C@@H](N([*])Cc2ccccc12)C([*])=O |$;;;;_R1;;;;;;;;;_R2;$|,Backbone
X607,CNC(=O)N[C@@H](CCSC)C(C)=O,CNC(=O)N[C@@H](CCSC)C([*])=O |$;;;;;;;;;;;_R2;$|,Backbone
X441,CC(=O)[C@H](c1ccccc1)N(C)Cl,ClN([*])[C@H](C([*])=O)c1ccccc1 |$;;_R1;;;_R2;;;;;;;$|,Backbone
X1515,CN[C@@H](Cc1cccc(OC(=O)C=C(C)C)c1)C(=O)OC,COC(=O)[C@H](Cc1cccc(OC(=O)C=C(C)C)c1)N[*] |$;;;;;;;;;;;;;;;;;;;;_R1$|,Backbone
X1604,CCS[C@@H]1CCN(C)[C@H]1C(C)=O,CCS[C@@H]1CCN([*])[C@H]1C([*])=O |$;;;;;;;_R1;;;_R2;$|,Backbone
X2530,CN[C@H](Cc1ccc(O)c(Oc2ccc(C[C@H](N)C(C)=O)cc2)c1)C(=O)OC,COC(=O)[C@@H](Cc1ccc(O)c(Oc2ccc(C[C@H](N)C([*])=O)cc2)c1)N[*] |$;;;;;;;;;;;;;;;;;;;;;_R2;;;;;;_R1$|,Backbone
X2538,CN[C@@H](CC(=O)O)C(=O)CON1C(=O)C[C@@H]2CCCC[C@@H]21,OC(=O)C[C@H](N[*])C(=O)CON1[C@H]2CCCC[C@H]2CC1=O |$;;;;;;_R1;;;;;;;;;;;;;;$|,Backbone
X2580,CN[C@@H](Cc1cccc(N(CCCl)CCCl)c1)C(C)=O,ClCCN(CCCl)c1cccc(C[C@H](N[*])C([*])=O)c1 |$;;;;;;;;;;;;;;;_R1;;_R2;;$|,Backbone
X2597,CCNC(=N)NCCC[C@H](N)C(=O)NC(=N)NCCC[C@H](N)C(C)=O,CCNC(=N)NCCC[C@H](N)C(=O)NC(=N)NCCC[C@H](N)C([*])=O |$;;;;;;;;;;;;;;;;;;;;;;;_R2;$|,Backbone
X2613,CN[C@@H](CCCOC)C(=O)c1nc2ccccc2s1,COCCC[C@H](N[*])C(=O)c1nc2ccccc2s1 |$;;;;;;;_R1;;;;;;;;;;;$|,Backbone
X2701,CCN(C)[C@H](Cc1cc2ccccc2s1)C(C)=O,CCN([*])[C@H](Cc1cc2ccccc2s1)C([*])=O |$;;;_R1;;;;;;;;;;;;;_R2;$|,Backbone
X2680,CC(=O)[C@@H]1C[C@@H](OC(=O)N2Cc3c(Cl)ccc(Cl)c3C2)CN1C,Clc1ccc(Cl)c2CN(Cc12)C(=O)O[C@@H]1C[C@H](N([*])C1)C([*])=O |$;;;;;;;;;;;;;;;;;;_R1;;;_R2;$|,Backbone
X2691,CC(=O)[C@H](CC(C)C)NC(=O)Nc1cc(C)on1,CC(C)C[C@H](NC(=O)Nc1cc(C)on1)C([*])=O |$;;;;;;;;;;;;;;;;_R2;$|,Backbone
X2586,CN[C@@H](CCCCCP(=O)(O)O)C(C)=O,OP(O)(=O)CCCCC[C@H](N[*])C([*])=O |$;;;;;;;;;;;_R1;;_R2;$|,Backbone
X2623,CN[C@H](C(=O)c1ncoc1-c1ccccc1)C(C)C,CC(C)[C@H](N[*])C(=O)c1ncoc1-c1ccccc1 |$;;;;;_R1;;;;;;;;;;;;;$|,Backbone
X2746,CC(=O)[C@@H](N)Cc1c(C)cc(O)cc1O,Cc1cc(O)cc(O)c1C[C@H](N)C([*])=O |$;;;;;;;;;;;;;_R2;$|,Backbone
X2625,CN[C@H](C(=O)O)C(C)(C)OP(=O)(O)O,CC(C)(OP(O)(O)=O)[C@H](N[*])C(O)=O |$;;;;;;;;;;_R1;;;$|,Backbone
X2616,CC(=O)[C@H](CC(C)C)NC(=O)NCc1ccc(F)cc1,CC(C)C[C@H](NC(=O)NCc1ccc(F)cc1)C([*])=O |$;;;;;;;;;;;;;;;;;;_R2;$|,Backbone
X2659,CC(=O)[C@H](CC(C(=O)O)C(=O)O)NC(=O)OCC1c2ccccc2-c2ccccc21,OC(=O)C(C[C@H](NC(=O)OCC1c2ccccc2-c2ccccc12)C([*])=O)C(O)=O |$;;;;;;;;;;;;;;;;;;;;;;;;;_R2;;;;$|,Backbone
X2560,CN[C@@H](CCCCNC(=O)Nc1ccc(C)cc1)C(C)=O,Cc1ccc(NC(=O)NCCCC[C@H](N[*])C([*])=O)cc1 |$;;;;;;;;;;;;;;;_R1;;_R2;;;$|,Backbone
X2566,CC(=O)[C@@H]1CCCN1N1C(=O)CC[C@@H]1C(=O)O,OC(=O)[C@H]1CCC(=O)N1N1CCC[C@H]1C([*])=O |$;;;;;;;;;;;;;;;_R2;$|,Backbone
X2277,CC(=O)[C@H](Cc1ccc(O)cc1)N1CCC[C@H]1C(=O)c1ccc[n+](C)c1,C[n+]1cccc(c1)C(=O)[C@@H]1CCCN1[C@@H](Cc1ccc(O)cc1)C([*])=O |$;;;;;;;;;;;;;;;;;;;;;;;;_R2;$|,Backbone
X2338,CSCC[C@H](NC(=O)Nc1ccc(Cl)cc1)C(C)=O,CSCC[C@H](NC(=O)Nc1ccc(Cl)cc1)C([*])=O |$;;;;;;;;;;;;;;;;;_R2;$|,Backbone
X2315,CC(=O)[C@H](Cc1cccc2ccccc12)NC(=O)OCc1ccccc1,[*]C(=O)[C@H](Cc1cccc2ccccc12)NC(=O)OCc1ccccc1 |$_R2;;;;;;;;;;;;;;;;;;;;;;;;;$|,Backbone
X2362,CC(=O)[C@H](Cc1ccc(O)cc1)N=CCC(=O)[C@@H]1CCCN1C,"Oc1ccc(C[C@H](N=CCC(=O)[C@@H]2CCCN2[*])C([*])=O)cc1 |w:8.8,$;;;;;;;;;;;;;;;;;_R1;;_R2;;;$|",Backbone
X2425,CN[C@H](C(=O)c1nc2cc(Cl)ccc2o1)C(C)C,CC(C)[C@H](N[*])C(=O)c1nc2cc(Cl)ccc2o1 |$;;;;;_R1;;;;;;;;;;;;$|,Backbone
X2419,CC(=O)[C@H](CCCCN)NC(=S)[C@@H](N)CCCNC(=N)N,NCCCC[C@H](NC(=S)[C@@H](N)CCCNC(N)=N)C([*])=O |$;;;;;;;;;;;;;;;;;;;_R2;$|,Backbone
X2464,CC(=O)[C@@H](Cc1ccccc1)n1c(=O)[nH]c2ccccc2c1=O,[*]C(=O)[C@@H](Cc1ccccc1)n1c(=O)[nH]c2ccccc2c1=O |$_R2;;;;;;;;;;;;;;;;;;;;;;$|,Backbone
Cbz_Glu(OtBu),CC(=O)[C@H](CCC(=O)OC(C)(C)C)NC(=O)OCc1ccccc1,CC(C)(C)OC(=O)CC[C@H](NC(=O)OCc1ccccc1)C([*])=O |$;;;;;;;;;;;;;;;;;;;;;;_R2;$|,Backbone
X2457,CC(=O)CN1CCN(CC(=O)O)CC1,OC(=O)CN1CCN(CC([*])=O)CC1 |$;;;;;;;;;;_R2;;;$|,Backbone
X458,CCS[C@H]1CCN(C)[C@H]1C(C)=O,CCS[C@H]1CCN([*])[C@H]1C([*])=O |$;;;;;;;_R1;;;_R2;$|,Backbone
X537,CN[C@H](Cc1csc2ccccc12)C(C)=O,[*]N[C@H](Cc1csc2ccccc12)C([*])=O |$_R1;;;;;;;;;;;;;;_R2;$|,Backbone
X756,CC[C@H](O)[C@H](NC)C(C)=O,CC[C@H](O)[C@H](N[*])C([*])=O |$;;;;;;_R1;;_R2;$|,Backbone
X619,CN[C@@](C)(Cc1ccc(O)cc1)C(C)=O,C[C@@](Cc1ccc(O)cc1)(N[*])C([*])=O |$;;;;;;;;;;;_R1;;_R2;$|,Backbone
X674,CN[C@H](COP(=O)(O)O)C(C)=O,OP(O)(=O)OC[C@@H](N[*])C([*])=O |$;;;;;;;;_R1;;_R2;$|,Backbone
X897,CN[C@@H](CCSN=O)C(C)=O,[*]N[C@@H](CCSN=O)C([*])=O |$_R1;;;;;;;;;_R2;$|,Backbone
X898,CN[C@@H](CC1CC1)C(C)=O,[*]N[C@@H](CC1CC1)C([*])=O |$_R1;;;;;;;;_R2;$|,Backbone
X825,CN[C@@H](CC(F)F)C(=O)c1nccs1,FC(F)C[C@H](N[*])C(=O)c1nccs1 |$;;;;;;_R1;;;;;;;$|,Backbone
X826,CC(=O)CNOC(=O)CCc1ccc(O)cc1,Oc1ccc(CCC(=O)ONCC([*])=O)cc1 |$;;;;;;;;;;;;;_R2;;;$|,Backbone
X975,CN[C@@H](Cc1ccc(O)c(N)c1)C(C)=O,Nc1cc(C[C@H](N[*])C([*])=O)ccc1O |$;;;;;;;_R1;;_R2;;;;;$|,Backbone
X841,CCOC(=O)[C@@H](Cc1ccccc1)NC,CCOC(=O)[C@@H](Cc1ccccc1)N[*] |$;;;;;;;;;;;;;;_R1$|,Backbone
dalloThr(Bzl),CN[C@@H](C(C)=O)[C@@H](C)OCc1ccccc1,C[C@@H](OCc1ccccc1)[C@@H](N[*])C([*])=O |$;;;;;;;;;;;;_R1;;_R2;$|,Backbone
X448,CN[C@H](C=O)Cc1cnc[nH]1,[*]N[C@@H](Cc1cnc[nH]1)C=O |$_R1;;;;;;;;;;$|,Backbone
X525,CCC(CC)(NC)C(C)=O,CCC(CC)(N[*])C([*])=O |$;;;;;;_R1;;_R2;$|,Backbone
X588,CN[C@@H](Cc1cncn1C)C(C)=O,Cn1cncc1C[C@H](N[*])C([*])=O |$;;;;;;;;;_R1;;_R2;$|,Backbone
X2889,CN[C@@H](CCCNC(=N)NO)C(C)=O,ONC(=N)NCCC[C@H](N[*])C([*])=O |$;;;;;;;;;;_R1;;_R2;$|,Backbone
X2893,CN[C@H](C(C)=O)C1CC1,[*]N[C@@H](C1CC1)C([*])=O |$_R1;;;;;;;_R2;$|,Backbone
X3019,CC(=O)[C@@H]1C[C@]2(CC=C(C)CCC=C(C)CCC=C(C)C)c3ccccc3N[C@H]2N1C,"CC(C)=CCCC(C)=CCCC(C)=CC[C@]12C[C@H](N([*])[C@@H]1Nc1ccccc21)C([*])=O |w:8.8,13.13,$;;;;;;;;;;;;;;;;;;;_R1;;;;;;;;;;_R2;$|",Backbone
X2871,COc1ccc(COC(=O)N[C@@H](COCc2ccccc2)C(C)=O)cc1,COc1ccc(COC(=O)N[C@@H](COCc2ccccc2)C([*])=O)cc1 |$;;;;;;;;;;;;;;;;;;;;;;_R2;;;$|,Backbone
X2533,CC(=O)[C@H](Cc1ccccc1)N[C@H](Cc1c[nH]c2ccccc12)C(C)=O,CC(=O)[C@@H](Cc1c[nH]c2ccccc12)N[C@@H](Cc1ccccc1)C([*])=O |$;;;;;;;;;;;;;;;;;;;;;;;;_R2;$|,Backbone
X1955,CC(=O)[C@@H](N)Cc1ccc(O)c(F)c1,N[C@@H](Cc1ccc(O)c(F)c1)C([*])=O |$;;;;;;;;;;;;_R2;$|,Backbone
X681,CN[C@@H](Cc1ccc(O)c(O)c1)C(=O)OC,COC(=O)[C@H](Cc1ccc(O)c(O)c1)N[*] |$;;;;;;;;;;;;;;;_R1$|,Backbone
X1486,CN[C@@H](CC(=O)O)C(=O)c1ncc[nH]1,OC(=O)C[C@H](N[*])C(=O)c1ncc[nH]1 |$;;;;;;_R1;;;;;;;$|,Backbone
X10,C=CCN[C@@H](Cc1ccc(O)cc1)C(C)=O,Oc1ccc(C[C@H](NCC=C)C([*])=O)cc1 |$;;;;;;;;;;;;_R2;;;$|,Backbone
X2273,CC(=O)[C@H](Cc1ccccc1)NS(=O)(=O)Cc1ccccc1,[*]C(=O)[C@H](Cc1ccccc1)NS(=O)(=O)Cc1ccccc1 |$_R2;;;;;;;;;;;;;;;;;;;;;$|,Backbone
X2264,CN[C@@H](C(C)=O)C(c1ccccc1)c1ccccc1,CN[C@H](C(c1ccccc1)c1ccccc1)C([*])=O |$;;;;;;;;;;;;;;;;;_R2;$|,Backbone
X2246,CN[C@@H](CC(=O)O)C(=O)COP(=O)(c1ccccc1)c1ccccc1,OC(=O)C[C@H](N[*])C(=O)COP(=O)(c1ccccc1)c1ccccc1 |$;;;;;;_R1;;;;;;;;;;;;;;;;;;$|,Backbone
meL,CC(=O)[C@H](CC(C)C)N(C)C,CC(C)C[C@H](N(C)[*])C([*])=O |$;;;;;;;_R1;;_R2;$|,Backbone
X4,CN[C@@H](CCCCNC(C)C)C(C)=O,CC(C)NCCCC[C@H](N[*])C([*])=O |$;;;;;;;;;;_R1;;_R2;$|,Backbone
dA,CN[C@H](C)C(C)=O,C[C@@H](N[*])C([*])=O |$;;;_R1;;_R2;$|,Backbone
Phe(4-Me),CN[C@@H](Cc1ccc(C)cc1)C(C)=O,Cc1ccc(C[C@H](N[*])C([*])=O)cc1 |$;;;;;;;;_R1;;_R2;;;$|,Backbone
1-Nal,CN[C@@H](Cc1cccc2ccccc12)C(C)=O,[*]N[C@@H](Cc1cccc2ccccc12)C([*])=O |$_R1;;;;;;;;;;;;;;;_R2;$|,Backbone
X800,CSCCN(C)CC(C)=O,CSCCN([*])CC([*])=O |$;;;;;_R1;;;_R2;$|,Backbone
X946,CC(=O)[C@H]1CS(=O)CN1C,[*]N1CS(=O)C[C@@H]1C([*])=O |$_R1;;;;;;;;_R2;$|,Backbone
X880,CN[C@@H](Cc1ccc(P(=O)(O)O)cc1)C(C)=O,OP(O)(=O)c1ccc(C[C@H](N[*])C([*])=O)cc1 |$;;;;;;;;;;;_R1;;_R2;;;$|,Backbone
X883,CN[C@@H](Cc1ccccc1F)C(C)=O,Fc1ccccc1C[C@H](N[*])C([*])=O |$;;;;;;;;;;_R1;;_R2;$|,Backbone
X1213,CCOc1ccc(C[C@@H](NC)C(C)=O)cc1,CCOc1ccc(C[C@@H](N[*])C([*])=O)cc1 |$;;;;;;;;;;_R1;;_R2;;;$|,Backbone
X1023,CCCCCC=CCC=CCC=CCC=CCCCC(=O)O[C@@H](COC(=O)CCCCCCCCCCCCCCCCC)COC(=O)[C@@H](NC)[C@@H](C)CC,"CCCCCCCCCCCCCCCCCC(=O)OC[C@@H](COC(=O)[C@@H](N[*])[C@@H](C)CC)OC(=O)CCCC=CCC=CCC=CCC=CCCCCC |w:39.38,42.41,45.44,48.47,$;;;;;;;;;;;;;;;;;;;;;;;;;;;;_R1;;;;;;;;;;;;;;;;;;;;;;;;;;$|",Backbone
X1033,CCC[C@H](NCCCC1CCCCC1)C(C)=O,CCC[C@H](NCCCC1CCCCC1)C([*])=O |$;;;;;;;;;;;;;;;_R2;$|,Backbone
dTle,CN[C@@H](C(C)=O)C(C)(C)C,CC(C)(C)[C@@H](N[*])C([*])=O |$;;;;;;_R1;;_R2;$|,Backbone
X979,CN[C@@H](Cc1cc(C)cc(C)c1)C(C)=O,Cc1cc(C)cc(C[C@H](N[*])C([*])=O)c1 |$;;;;;;;;;;_R1;;_R2;;$|,Backbone
X1041,CC(=O)CNC(=N)N,NC(=N)NCC([*])=O |$;;;;;;_R2;$|,Backbone
X1210,CC(=O)CNCCCN1CCCC1=O,[*]C(=O)CNCCCN1CCCC1=O |$_R2;;;;;;;;;;;;;$|,Backbone
V_Me,CN[C@H](C(C)=O)C(C)C,CC(C)[C@H](N[*])C(C)=O |$;;;;;_R1;;;$|,Backbone
X1042,CC(=O)[C@@H](NC(=O)Oc1ccccc1)C(C)C,CC(C)[C@H](NC(=O)Oc1ccccc1)C([*])=O |$;;;;;;;;;;;;;;;_R2;$|,Backbone
X1112,CCN[C@@H](Cc1ccccc1)C(C)=O,CCN[C@@H](Cc1ccccc1)C([*])=O |$;;;;;;;;;;;;_R2;$|,Backbone
X873,CC(=O)[C@H](CC(C)C)NC(=O)Nc1ccccc1,CC(C)C[C@H](NC(=O)Nc1ccccc1)C([*])=O |$;;;;;;;;;;;;;;;;_R2;$|,Backbone
X1910,CC(=O)[C@H]1CC(C)(C)CN1C,CC1(C)C[C@@H](N([*])C1)C([*])=O |$;;;;;;_R1;;;_R2;$|,Backbone
X1911,CC(=O)[C@@](Cc1ccccc1)(N(C)C)C(F)(F)F,CN([*])[C@](Cc1ccccc1)(C([*])=O)C(F)(F)F |$;;_R1;;;;;;;;;;_R2;;;;;$|,Backbone
X1771,CN[C@@H](CCCCCC(=O)[C@@H]1CO1)C(C)=O,[*]N[C@@H](CCCCCC(=O)[C@@H]1CO1)C([*])=O |$_R1;;;;;;;;;;;;;;_R2;$|,Backbone
X1938,CN[C@@H](CCCNC(C)=N)C(C)=O,CC(=N)NCCC[C@H](N[*])C([*])=O |$;;;;;;;;;_R1;;_R2;$|,Backbone
X1962,CSC[C@H](C(C)=O)N(CCCc1ccccc1)CCCc1ccccc1,[*]C(=O)[C@@H](CS[*])N(CCCc1ccccc1)CCCc1ccccc1 |$_R2;;;;;;_R3;;;;;;;;;;;;;;;;;;;$|,Backbone
X2010,CN[C@@H](Cc1ccc(CNCC(C)C)cc1)C(C)=O,CC(C)CNCc1ccc(C[C@H](N[*])C([*])=O)cc1 |$;;;;;;;;;;;;;_R1;;_R2;;;$|,Backbone
X2058,CCCCCCN[C@H](CSC)C(C)=O,CCCCCCN[C@H](CS[*])C([*])=O |$;;;;;;;;;;_R3;;_R2;$|,Backbone
X1913,CN[C@@H](C(C)=O)[C@@H](C)OC(c1ccccc1)(c1ccccc1)c1ccccc1,C[C@@H](OC(c1ccccc1)(c1ccccc1)c1ccccc1)[C@@H](N[*])C([*])=O |$;;;;;;;;;;;;;;;;;;;;;;;;_R1;;_R2;$|,Backbone
X1790,CN[C@H](CNC(=O)OC(C)(C)C)C(C)=O,CC(C)(C)OC(=O)NC[C@@H](N[*])C([*])=O |$;;;;;;;;;;;_R1;;_R2;$|,Backbone
X1743,CN[C@](Cc1ccccc1)(C(C)=O)C(F)(F)F,FC(F)(F)[C@](Cc1ccccc1)(N[*])C([*])=O |$;;;;;;;;;;;;;_R1;;_R2;$|,Backbone
X1705,COn1cc(C[C@@H](C(C)=O)N(C)C)c2ccccc21,COn1cc(C[C@H](N(C)[*])C([*])=O)c2ccccc12 |$;;;;;;;;;_R1;;_R2;;;;;;;$|,Backbone
X1813,CN=C(Cc1cccnc1)C(C)=O,"[*]N=C(Cc1cccnc1)C([*])=O |w:1.0,$_R1;;;;;;;;;;;_R2;$|",Backbone
X1880,CN[C@H](COC)C(C)=O,COC[C@@H](N[*])C([*])=O |$;;;;;_R1;;_R2;$|,Backbone
X1883,CSCOC(=O)CCC[C@@H](C)[C@@H](O)[C@@H](C(C)=O)N(C)C,CSCOC(=O)CCC[C@@H](C)[C@@H](O)[C@H](N(C)[*])C([*])=O |$;;;;;;;;;;;;;;;;_R1;;_R2;$|,Backbone
X1673,CC(=O)[C@@H]1CC(C)(C)CN1C,CC1(C)C[C@H](N([*])C1)C([*])=O |$;;;;;;_R1;;;_R2;$|,Backbone
X1739,CN[C@H](COCCOC(C)=O)C(C)=O,CC(=O)OCCOC[C@@H](N[*])C([*])=O |$;;;;;;;;;;_R1;;_R2;$|,Backbone
Me_Lys(Boc),CC(=O)[C@H](CCCCNC(=O)OC(C)(C)C)N(C)C,CN([*])[C@@H](CCCCNC(=O)OC(C)(C)C)C([*])=O |$;;_R1;;;;;;;;;;;;;;;_R2;$|,Backbone
X866,CCCCCC[C@H](NC)C(C)=O,CCCCCC[C@H](N[*])C([*])=O |$;;;;;;;;_R1;;_R2;$|,Backbone
X1401,CCCCCCCCCC[C@H](NC)C(C)=O,CCCCCCCCCC[C@H](N[*])C([*])=O |$;;;;;;;;;;;;_R1;;_R2;$|,Backbone
X1895,CN[C@@H](Cc1c(-c2ccccc2)[nH]c2ccccc12)C(C)=O,[*]N[C@@H](Cc1c([nH]c2ccccc12)-c1ccccc1)C([*])=O |$_R1;;;;;;;;;;;;;;;;;;;;_R2;$|,Backbone
X1710,CC(=O)[C@@H](SCCN(C)C)N(C)C,CN(C)CCS[C@@H](N(C)[*])C([*])=O |$;;;;;;;;;_R1;;_R2;$|,Backbone
X3000,CN[C@@H](Cn1cc(Cc2ccccc2)nn1)C(C)=O,[*]N[C@@H](Cn1cc(Cc2ccccc2)nn1)C([*])=O |$_R1;;;;;;;;;;;;;;;;;_R2;$|,Backbone
X1853,C=CC=CC[C@@H](C)[C@@H](O)[C@@H](C(C)=O)N(C)C,"C[C@H](CC=CC=C)[C@@H](O)[C@H](N(C)[*])C([*])=O |w:3.2,$;;;;;;;;;;;;_R1;;_R2;$|",Backbone
X56,CN[C@@](C)(Cc1ccccc1)C(C)=O,C[C@@](Cc1ccccc1)(N[*])C([*])=O |$;;;;;;;;;;_R1;;_R2;$|,Backbone
Cit,CN[C@@H](CCCNC(N)=O)C(C)=O,NC(=O)NCCC[C@H](N[*])C([*])=O |$;;;;;;;;;_R1;;_R2;$|,Backbone
X70,CN[C@H](Cc1ccc(C(=O)c2ccccc2)cc1)C(C)=O,[*]N[C@H](Cc1ccc(cc1)C(=O)c1ccccc1)C([*])=O |$_R1;;;;;;;;;;;;;;;;;;;_R2;$|,Backbone
Me_Sar,CC(=O)CN(C)C,CN(C)CC([*])=O |$;;;;;_R2;$|,Backbone
X222,C=CCCCCC[C@H](NC)C(C)=O,[*]N[C@@H](CCCCCC=C)C([*])=O |$_R1;;;;;;;;;;;_R2;$|,Backbone
X155,CN[C@H](Cc1c(C)[nH]c2ccccc12)C(C)=O,Cc1[nH]c2ccccc2c1C[C@@H](N[*])C([*])=O |$;;;;;;;;;;;;;_R1;;_R2;$|,Backbone
X110,CN[C@H](C)C(=O)C(F)(F)F,C[C@@H](N[*])C(=O)C(F)(F)F |$;;;_R1;;;;;;$|,Backbone
X118,CN[C@H](C=O)Cc1ccccc1,[*]N[C@@H](Cc1ccccc1)C=O |$_R1;;;;;;;;;;;$|,Backbone
X281,CC(=O)[C@@H](C)Nc1nccs1,C[C@@H](Nc1nccs1)C([*])=O |$;;;;;;;;;_R2;$|,Backbone
X425,CN[C@@H](CNC(=N)N)C(C)=O,NC(=N)NC[C@H](N[*])C([*])=O |$;;;;;;;_R1;;_R2;$|,Backbone
Hyp,CC(=O)[C@@H]1C[C@@H](O)CN1C,O[C@@H]1C[C@H](N([*])C1)C([*])=O |$;;;;;_R1;;;_R2;$|,Backbone
Aze,CC(=O)[C@@H]1CCN1C,[*]N1CC[C@H]1C([*])=O |$_R1;;;;;;_R2;$|,Backbone
X1774,CC(=O)[C@H]([C@H](O)[C@H](C)CC=CCO)N(C)C,"C[C@H](CC=CCO)[C@@H](O)[C@H](N(C)[*])C([*])=O |w:3.2,$;;;;;;;;;;;;_R1;;_R2;$|",Backbone
X2792,CC(=O)[C@@H](CCCNC(=N)N)NS(C)(=O)=O,CS(=O)(=O)N[C@H](CCCNC(N)=N)C([*])=O |$;;;;;;;;;;;;;;_R2;$|,Backbone
X2904,CN[C@@H](CCCCNC(=O)Nc1cccc(Cl)c1)C(C)=O,Clc1cccc(NC(=O)NCCCC[C@H](N[*])C([*])=O)c1 |$;;;;;;;;;;;;;;;;_R1;;_R2;;$|,Backbone
X2186,CN[C@H](C(=O)c1ccccc1)N(C)C(=O)N[C@H](Cc1c[nH]c2ccccc12)C(C)=O,CN([C@H](N[*])C(=O)c1ccccc1)C(=O)N[C@H](Cc1c[nH]c2ccccc12)C([*])=O |$;;;;_R1;;;;;;;;;;;;;;;;;;;;;;;;_R2;$|,Backbone
X2798,CC(=O)[C@H](CCCCNC(=O)N(CCCl)N=O)NC(=O)N(CCCl)N=O,ClCCN(N=O)C(=O)NCCCC[C@H](NC(=O)N(CCCl)N=O)C([*])=O |$;;;;;;;;;;;;;;;;;;;;;;;;_R2;$|,Backbone
X2806,CC(=O)[C@H](CC(C)C)NC(=O)OC[C@H](O)CO,CC(C)C[C@H](NC(=O)OC[C@H](O)CO)C([*])=O |$;;;;;;;;;;;;;;;_R2;$|,Backbone
X2846,CC(=O)[C@H](CC(C)C)NC(=O)OCCCO,CC(C)C[C@H](NC(=O)OCCCO)C([*])=O |$;;;;;;;;;;;;;;_R2;$|,Backbone
X2827,CN[C@@H](CCCCCNC(=O)Nc1ccccc1C)C(C)=O,Cc1ccccc1NC(=O)NCCCCC[C@H](N[*])C([*])=O |$;;;;;;;;;;;;;;;;;;_R1;;_R2;$|,Backbone
X2830,CN[C@@H](Cc1ccn[nH]1)C(C)=O,[*]N[C@@H](Cc1ccn[nH]1)C([*])=O |$_R1;;;;;;;;;;_R2;$|,Backbone
X2757,CN[C@@H](C(=O)c1ccccc1)N(C)C(=O)N[C@@H](Cc1c[nH]c2ccccc12)C(C)=O,CN([C@@H](N[*])C(=O)c1ccccc1)C(=O)N[C@@H](Cc1c[nH]c2ccccc12)C([*])=O |$;;;;_R1;;;;;;;;;;;;;;;;;;;;;;;;_R2;$|,Backbone
X2778,CN[C@@H](CC(=O)O)C(=O)c1ncc(-c2c(Cl)cccc2Cl)o1,OC(=O)C[C@H](N[*])C(=O)c1ncc(o1)-c1c(Cl)cccc1Cl |$;;;;;;_R1;;;;;;;;;;;;;;;$|,Backbone
X2040,CN[C@@H](CCCNCCC(C)C)C(C)=O,CC(C)CCNCCC[C@H](N[*])C([*])=O |$;;;;;;;;;;;_R1;;_R2;$|,Backbone
X2171,CCS(=O)(=O)N[C@H](CC1CCCCC1)C(C)=O,CCS(=O)(=O)N[C@H](CC1CCCCC1)C([*])=O |$;;;;;;;;;;;;;;;_R2;$|,Backbone
X2176,CCCCCCCC=CCn1cncc1C[C@H](NC)C(C)=O,"CCCCCCCC=CCn1cncc1C[C@H](N[*])C([*])=O |w:8.8,$;;;;;;;;;;;;;;;;;;_R1;;_R2;$|",Backbone
X2232,CN[C@@H](Cc1ccc(O)cc1)C(=O)OCCN,NCCOC(=O)[C@H](Cc1ccc(O)cc1)N[*] |$;;;;;;;;;;;;;;;;_R1$|,Backbone
X2247,CC(=O)[C@@H](N)C1c2ccccc2CCc2ccccc21,N[C@@H](C1c2ccccc2CCc2ccccc12)C([*])=O |$;;;;;;;;;;;;;;;;;;_R2;$|,Backbone
X1994,CN[C@@H](Cc1ccc(O)c(OC)c1)C(C)=O,COc1cc(C[C@H](N[*])C([*])=O)ccc1O |$;;;;;;;;_R1;;_R2;;;;;$|,Backbone
X2039,CSC[C@@H](NCc1cccnc1)C(C)=O,[*]C(=O)[C@@H](CS[*])NCc1cccnc1 |$_R2;;;;;;_R3;;;;;;;;$|,Backbone
X1133,CNCC(=O)CP(=O)(O)O,OP(O)(=O)CC(=O)CN[*] |$;;;;;;;;;_R1$|,Backbone
X1492,CC(=O)[C@@H]1[C@@H]2C[C@@H]2CN1C,[*]N1C[C@H]2C[C@H]2[C@H]1C([*])=O |$_R1;;;;;;;;_R2;$|,Backbone
X1295,CN[C@@H](CCCNC(=N)N)C(=O)c1nc2ccccc2s1,NC(=N)NCCC[C@H](N[*])C(=O)c1nc2ccccc2s1 |$;;;;;;;;;_R1;;;;;;;;;;;$|,Backbone
X1250,CN[C@H](Cc1cc(OC)c(OC)c(OC)c1)C(C)=O,COc1cc(C[C@@H](N[*])C([*])=O)cc(OC)c1OC |$;;;;;;;;_R1;;_R2;;;;;;;;$|,Backbone
X1321,CC(=O)[C@@H](NS(=O)(=O)C(F)(F)F)C(C)C,CC(C)[C@H](NS(=O)(=O)C(F)(F)F)C([*])=O |$;;;;;;;;;;;;;_R2;$|,Backbone
X1376,CC(=O)CN(C)CCC1CCCCC1,[*]N(CCC1CCCCC1)CC([*])=O |$_R1;;;;;;;;;;;;_R2;$|,Backbone
X1314,CN[C@@H](CCC(=O)OCc1ccccc1[N+](=O)[O-])C(C)=O,[*]N[C@@H](CCC(=O)OCc1ccccc1N(=O)=O)C([*])=O |$_R1;;;;;;;;;;;;;;;;;;;_R2;$|,Backbone
X1453,CN[C@H](C=O)C1CCCCC1,[*]N[C@H](C=O)C1CCCCC1 |$_R1;;;;;;;;;;$|,Backbone
X1301,CNC(=N)NCC[C@H](NC)C(C)=O,CNC(=N)NCC[C@H](N[*])C([*])=O |$;;;;;;;;;_R1;;_R2;$|,Backbone
X1482,CCCCCCCCCCCCCCCCCCOc1ccc(C[C@H](NC)C(C)=O)cc1,CCCCCCCCCCCCCCCCCCOc1ccc(C[C@H](N[*])C([*])=O)cc1 |$;;;;;;;;;;;;;;;;;;;;;;;;;;_R1;;_R2;;;$|,Backbone
X1236,CN[C@H](C(C)=O)C1CCCC1,[*]N[C@@H](C1CCCC1)C([*])=O |$_R1;;;;;;;;;_R2;$|,Backbone
X1005,CN[C@H](CCCCNC1CCCCC1)C(C)=O,[*]N[C@H](CCCCNC1CCCCC1)C([*])=O |$_R1;;;;;;;;;;;;;;;_R2;$|,Backbone
Spg_OMe,CNC1(C(=O)OC)CCCC1,COC(=O)C1(CCCC1)N[*] |$;;;;;;;;;;_R1$|,Backbone
X1199,CN[C@@H](C=O)CCSC,CSCC[C@@H](N[*])C=O |$;;;;;;_R1;;$|,Backbone
X252,CN[C@H](C(C)=O)C(C)(C)SC,CSC(C)(C)[C@H](N[*])C([*])=O |$;;;;;;;_R1;;_R2;$|,Backbone
X634,CC(=O)[C@@H]1C[C@@H](ON=Cc2ccc3c(c2)Cc2ccccc2-3)CN1C,"[*]N1C[C@@H](C[C@H]1C([*])=O)ON=Cc1ccc-2c(Cc3ccccc-23)c1 |w:10.10,$_R1;;;;;;;_R2;;;;;;;;;;;;;;;;;$|",Backbone
X684,CC(=O)[C@H](CC(=O)O)NC(=O)OCC1c2ccccc2-c2ccccc21,OC(=O)C[C@H](NC(=O)OCC1c2ccccc2-c2ccccc12)C([*])=O |$;;;;;;;;;;;;;;;;;;;;;;;;_R2;$|,Backbone
X686,CCS[C@@H]1CCN(C)[C@@H]1C(C)=O,CCS[C@@H]1CCN([*])[C@@H]1C([*])=O |$;;;;;;;_R1;;;_R2;$|,Backbone
X564,CC(=O)[C@H](CCCN(C)C)[N-][N+]#N,CN(C)CCC[C@H]([N-][N+]#N)C([*])=O |$;;;;;;;;;;;_R2;$|,Backbone
X199,CN[C@@H](Cc1c[nH]c2ccccc12)C(=O)OCc1cc(C(F)(F)F)cc(C(F)(F)F)c1,FC(F)(F)c1cc(COC(=O)[C@H](Cc2c[nH]c3ccccc23)N[*])cc(c1)C(F)(F)F |$;;;;;;;;;;;;;;;;;;;;;;;_R1;;;;;;;$|,Backbone
dalloT,CN[C@@H](C(C)=O)[C@@H](C)O,C[C@@H](O)[C@@H](N[*])C([*])=O |$;;;;;_R1;;_R2;$|,Backbone
X1505,CN[C@@](C)(Cc1ccccc1F)C(C)=O,C[C@@](Cc1ccccc1F)(N[*])C([*])=O |$;;;;;;;;;;;_R1;;_R2;$|,Backbone
X1609,CN[C@@H](Cc1ccc(CC(=O)O)c(C(=O)O)c1)C(C)=O,OC(=O)Cc1ccc(C[C@H](N[*])C([*])=O)cc1C(O)=O |$;;;;;;;;;;;_R1;;_R2;;;;;;$|,Backbone
X288,CN[C@@H](C=O)Cc1c[nH]c2ccccc12,[*]N[C@H](Cc1c[nH]c2ccccc12)C=O |$_R1;;;;;;;;;;;;;;$|,Backbone
X967,CN[C@@H](C=O)CCCCNC(=O)OC(C)(C)C,CC(C)(C)OC(=O)NCCCC[C@@H](N[*])C=O |$;;;;;;;;;;;;;;_R1;;$|,Backbone
X680,CN[C@@H](Cc1ccc(O)c(O)c1)C(C)=O,Oc1ccc(C[C@H](N[*])C([*])=O)cc1O |$;;;;;;;;_R1;;_R2;;;;$|,Backbone
X796,CC(=O)Cn1cc([C@@H](N)Cc2ccc(O)cc2)nn1,N[C@@H](Cc1ccc(O)cc1)c1cn(CC([*])=O)nn1 |$;;;;;;;;;;;;;;;_R2;;;$|,Backbone
X1608,CC(=O)[C@H](NC(=O)OC(C)(C)C)C1CCCCC1,CC(C)(C)OC(=O)N[C@H](C1CCCCC1)C([*])=O |$;;;;;;;;;;;;;;;;_R2;$|,Backbone
Boc_D,CC(=O)[C@H](CC(=O)O)NC(=O)OC(C)(C)C,CC(C)(C)OC(=O)N[C@@H](CC(O)=O)C([*])=O |$;;;;;;;;;;;;;;_R2;$|,Backbone
X1699,CC(=O)[C@]1(C)CCN1C,C[C@]1(CCN1[*])C([*])=O |$;;;;;_R1;;_R2;$|,Backbone
X1704,CC(=O)[C@H](CC(C)(C)O)N(C)C,CN([*])[C@@H](CC(C)(C)O)C([*])=O |$;;_R1;;;;;;;;_R2;$|,Backbone
X1557,C=C1CCN(C)[C@@H]1C(C)=O,[*]N1CCC(=C)[C@H]1C([*])=O |$_R1;;;;;;;;_R2;$|,Backbone
Boc_Glu(OBzl),CC(=O)[C@H](CCC(=O)OCc1ccccc1)NC(=O)OC(C)(C)C,CC(C)(C)OC(=O)N[C@@H](CCC(=O)OCc1ccccc1)C([*])=O |$;;;;;;;;;;;;;;;;;;;;;;_R2;$|,Backbone
X1606,CCCS[C@H]1CCN(C)[C@H]1C(C)=O,CCCS[C@H]1CCN([*])[C@H]1C([*])=O |$;;;;;;;;_R1;;;_R2;$|,Backbone
C_OBzl,CN[C@@H](CS)C(=O)OCc1ccccc1,SC[C@H](N[*])C(=O)OCc1ccccc1 |$;;;;_R1;;;;;;;;;;$|,Backbone
X2587,CN[C@@H](C(C)=O)[C@@H](C)c1c(C)cc(OC)cc1C,COc1cc(C)c([C@H](C)[C@@H](N[*])C([*])=O)c(C)c1 |$;;;;;;;;;;;_R1;;_R2;;;;$|,Backbone
X2718,CC(=O)[C@H](C)NC(=O)O,C[C@H](NC(O)=O)C([*])=O |$;;;;;;;_R2;$|,Backbone
H_OBzl,CN[C@@H](Cc1cnc[nH]1)C(=O)OCc1ccccc1,[*]N[C@@H](Cc1cnc[nH]1)C(=O)OCc1ccccc1 |$_R1;;;;;;;;;;;;;;;;;;$|,Backbone
Cbz_Hyp,CC(=O)[C@@H]1C[C@@H](O)CN1C(=O)OCc1ccccc1,O[C@@H]1C[C@H](N(C1)C(=O)OCc1ccccc1)C([*])=O |$;;;;;;;;;;;;;;;;;_R2;$|,Backbone
X2702,CN[C@@H](Cc1ccc(-c2cc(C)cc(C)c2)cc1)C(C)=O,Cc1cc(C)cc(c1)-c1ccc(C[C@H](N[*])C([*])=O)cc1 |$;;;;;;;;;;;;;;;_R1;;_R2;;;$|,Backbone
X2636,CN[C@@H](Cc1ccccc1)C(=O)O[C@@H](C)c1ccccc1,C[C@H](OC(=O)[C@H](Cc1ccccc1)N[*])c1ccccc1 |$;;;;;;;;;;;;;;_R1;;;;;;$|,Backbone
X2682,CCOC(=O)C(F)(F)C(=O)[C@H](CC1CCCCC1)NC,CCOC(=O)C(F)(F)C(=O)[C@H](CC1CCCCC1)N[*] |$;;;;;;;;;;;;;;;;;;;_R1$|,Backbone
X2631,CC(=O)[C@@H]1C[C@@H](OC(=O)[C@H](CCCCN)N(C)C)CN1C,CN(C)[C@@H](CCCCN)C(=O)O[C@@H]1C[C@H](N([*])C1)C([*])=O |$;;;;;;;;;;;;;;;;_R1;;;_R2;$|,Backbone
X2703,CN[C@]1(C(=O)O)C[C@H]1CCc1ccccc1,OC(=O)[C@]1(C[C@H]1CCc1ccccc1)N[*] |$;;;;;;;;;;;;;;;_R1$|,Backbone
X2704,CC(=O)[C@@H](Cc1cnc[nH]1)NC(=O)OC1CCCCC1,[*]C(=O)[C@@H](Cc1cnc[nH]1)NC(=O)OC1CCCCC1 |$_R2;;;;;;;;;;;;;;;;;;;$|,Backbone
X2643,CCOC(=O)[C@H](Cc1c[nH]c2ccccc12)NC,CCOC(=O)[C@H](Cc1c[nH]c2ccccc12)N[*] |$;;;;;;;;;;;;;;;;;_R1$|,Backbone
X2733,CC(=O)[C@@H](NCCCc1cnc[nH]1)C(C)(C)C,CC(C)(C)[C@H](NCCCc1cnc[nH]1)C([*])=O |$;;;;;;;;;;;;;;;_R2;$|,Backbone
X2731,CN[C@]1(C(C)=O)CCc2ccccc21,[*]N[C@@]1(CCc2ccccc12)C([*])=O |$_R1;;;;;;;;;;;;_R2;$|,Backbone
X2651,CN(C)[C@@H](CCCNC(=N)N)C(=O)c1nc2ccccc2s1,CN([*])[C@@H](CCCNC(N)=N)C(=O)c1nc2ccccc2s1 |$;;_R1;;;;;;;;;;;;;;;;;;;$|,Backbone
X2319,COc1ccc(CN(C)CC(C)=O)cc1OC,COc1ccc(CN([*])CC([*])=O)cc1OC |$;;;;;;;;_R1;;;_R2;;;;;$|,Backbone
X2297,CC(=O)[C@@H]1[C@@H](C)CCN1C,C[C@H]1CCN([*])[C@@H]1C([*])=O |$;;;;;_R1;;;_R2;$|,Backbone
X2331,CNC1(C(=O)C(=O)O)CC1,OC(=O)C(=O)C1(CC1)N[*] |$;;;;;;;;;_R1$|,Backbone
X2470,CN[C@H](C(=O)c1nc2ccccc2[nH]1)C(C)C,CC(C)[C@H](N[*])C(=O)c1nc2ccccc2[nH]1 |$;;;;;_R1;;;;;;;;;;;$|,Backbone
X2475,CN[C@@H](CCC=O)C(C)=O,[*]N[C@@H](CCC=O)C([*])=O |$_R1;;;;;;;;_R2;$|,Backbone
X2378,CCCCCCCCCCCCCCCCS(=O)(=O)N[C@@H](Cc1ccccc1)C(C)=O,CCCCCCCCCCCCCCCCS(=O)(=O)N[C@@H](Cc1ccccc1)C([*])=O |$;;;;;;;;;;;;;;;;;;;;;;;;;;;;;_R2;$|,Backbone
X2343,CN[C@@H](CSCc1c[nH]c(=O)[nH]c1=O)C(=O)OC,COC(=O)[C@H](CSCc1c[nH]c(=O)[nH]c1=O)N[*] |$;;;;;;;;;;;;;;;;;_R1$|,Backbone
X2438,CN[C@](C)(CCCNC(=N)N)C(=O)c1nc2ccccc2s1,C[C@](CCCNC(N)=N)(N[*])C(=O)c1nc2ccccc2s1 |$;;;;;;;;;;_R1;;;;;;;;;;;$|,Backbone
X2398,CSc1ccccn1,[*]Sc1ccccn1 |$_R3;;;;;;;$|,Backbone
Me_dCha,CN[C@H](CC1CCCCC1)C(C)=O,CN[C@H](CC1CCCCC1)C([*])=O |$;;;;;;;;;;;_R2;$|,Backbone
X2402,CN[C@@H](C[C@@H]1CCNC1=O)C(=O)c1ncc(-c2ccccc2)s1,[*]N[C@@H](C[C@@H]1CCNC1=O)C(=O)c1ncc(s1)-c1ccccc1 |$_R1;;;;;;;;;;;;;;;;;;;;;;$|,Backbone
X2458,CC(=O)[C@@H](NC(=O)N[C@@H](CC(C)C)C(=O)O)[C@@H]1CCN=C(N)N1,"CC(C)C[C@H](NC(=O)N[C@@H]([C@@H]1CCN=C(N)N1)C([*])=O)C(O)=O |$;;;;;;;;;;;;;;;;;;_R2;;;;$,t:13|",Backbone
X2307,CN1[C@@H](C(=O)OCc2ccccc2)[C@@H]1C(=O)OCc1ccccc1,[*]N1[C@H]([C@@H]1C(=O)OCc1ccccc1)C(=O)OCc1ccccc1 |$_R1;;;;;;;;;;;;;;;;;;;;;;;$|,Backbone
X531,CC(=O)[C@H](CCCNC(=N)N)NS(=O)(=O)c1ccc(C(C)(C)C)cc1,CC(C)(C)c1ccc(cc1)S(=O)(=O)N[C@@H](CCCNC(N)=N)C([*])=O |$;;;;;;;;;;;;;;;;;;;;;;;_R2;$|,Backbone
X591,CN[C@@H](Cc1cccc2cc[nH]c12)C(C)=O,[*]N[C@@H](Cc1cccc2cc[nH]c12)C([*])=O |$_R1;;;;;;;;;;;;;;_R2;$|,Backbone
Cbz_F,CC(=O)[C@H](Cc1ccccc1)NC(=O)OCc1ccccc1,[*]C(=O)[C@H](Cc1ccccc1)NC(=O)OCc1ccccc1 |$_R2;;;;;;;;;;;;;;;;;;;;;$|,Backbone
X765,CC(=O)[C@@H](CCCN)NC(=O)OC(C)(C)C,CC(C)(C)OC(=O)N[C@H](CCCN)C([*])=O |$;;;;;;;;;;;;;;_R2;$|,Backbone
X843,CC(=O)[C@]1(N)C[C@H](CO)C1,N[C@]1(C[C@H](CO)C1)C([*])=O |$;;;;;;;;_R2;$|,Backbone
EtCO_dHph,CCOC(=O)N[C@H](CCc1ccccc1)C(C)=O,CCOC(=O)N[C@H](CCc1ccccc1)C([*])=O |$;;;;;;;;;;;;;;;;_R2;$|,Backbone
X755,CC(=O)[C@@H]([N-][N+]#N)c1ccccc1,[*]C(=O)[C@@H]([N-][N+]#N)c1ccccc1 |$_R2;;;;;;;;;;;;$|,Backbone
X523,CN[C@@H](Cc1ccc(O)cc1C)C(C)=O,Cc1cc(O)ccc1C[C@H](N[*])C([*])=O |$;;;;;;;;;;;_R1;;_R2;$|,Backbone
X646,CN[C@](C)(CC(C)C)C(C)=O,CC(C)C[C@@](C)(N[*])C([*])=O |$;;;;;;;_R1;;_R2;$|,Backbone
X519,CC(=O)[C@H](CCCN)[N-][N+]#N,NCCC[C@H]([N-][N+]#N)C([*])=O |$;;;;;;;;;_R2;$|,Backbone
X462,CN[C@@]1(C(=O)O)C[C@@H]1C,C[C@H]1C[C@@]1(N[*])C(O)=O |$;;;;;_R1;;;$|,Backbone
dPhe(2-Me),CN[C@H](Cc1ccccc1C)C(C)=O,Cc1ccccc1C[C@@H](N[*])C([*])=O |$;;;;;;;;;;_R1;;_R2;$|,Backbone
X3013,CN[C@H](Cc1cccc(C(F)(F)F)c1)C(C)=O,FC(F)(F)c1cccc(C[C@@H](N[*])C([*])=O)c1 |$;;;;;;;;;;;;_R1;;_R2;;$|,Backbone
X3022,CN[C@@H](Cc1ccc(F)cc1)C(=O)OCc1cc(C(F)(F)F)cc(C(F)(F)F)c1,Fc1ccc(C[C@H](N[*])C(=O)OCc2cc(cc(c2)C(F)(F)F)C(F)(F)F)cc1 |$;;;;;;;;_R1;;;;;;;;;;;;;;;;;;;;$|,Backbone
Asp(OtBu),CN[C@@H](CC(=O)OC(C)(C)C)C(C)=O,CC(C)(C)OC(=O)C[C@H](N[*])C([*])=O |$;;;;;;;;;;_R1;;_R2;$|,Backbone
X2858,CC(=O)[C@@H](NC(=O)OCCCCCn1cnc2c(N(C)C)ncnc21)C(C)C,CC(C)[C@H](NC(=O)OCCCCCn1cnc2c(ncnc12)N(C)C)C([*])=O |$;;;;;;;;;;;;;;;;;;;;;;;;;;_R2;$|,Backbone
X2897,CN[C@@H](CCCCNC(=O)Nc1ccc(Cl)cc1)C(C)=O,Clc1ccc(NC(=O)NCCCC[C@H](N[*])C([*])=O)cc1 |$;;;;;;;;;;;;;;;_R1;;_R2;;;$|,Backbone
X2892,CC(=O)[C@H](Cc1ccccc1)N(C(C)=O)C(=O)C=Cc1ccccc1,"CC(=O)N([C@@H](Cc1ccccc1)C([*])=O)C(=O)C=Cc1ccccc1 |w:17.17,$;;;;;;;;;;;;;_R2;;;;;;;;;;;$|",Backbone
X2515,CN1CC(=O)N[C@H](Cc2ccccc2)C1,[*]N1C[C@@H](Cc2ccccc2)NC(=O)C1 |$_R1;;;;;;;;;;;;;;$|,Backbone
X2505,CC(=O)CN(C)C(c1ccccc1)c1ccccc1,[*]N(CC([*])=O)C(c1ccccc1)c1ccccc1 |$_R1;;;;_R2;;;;;;;;;;;;;;$|,Backbone
X2493,CC(=O)[C@H](CCCCN)N(C)C(C)C,CC(C)N([*])[C@@H](CCCCN)C([*])=O |$;;;;_R1;;;;;;;;_R2;$|,Backbone
X633,CN[C@H](C(C)=O)[C@@H](C)OP(=O)(O)O,C[C@@H](OP(O)(O)=O)[C@H](N[*])C([*])=O |$;;;;;;;;;_R1;;_R2;$|,Backbone
X1572,CN[C@@H](CCCNC(=N)N)C(=O)C=O,NC(=N)NCCC[C@H](N[*])C(=O)C=O |$;;;;;;;;;_R1;;;;$|,Backbone
X2244,CN[C@@H](Cc1ccccc1)C(=O)c1nc2ccccc2[nH]1,[*]N[C@@H](Cc1ccccc1)C(=O)c1nc2ccccc2[nH]1 |$_R1;;;;;;;;;;;;;;;;;;;;$|,Backbone
X2274,CN[C@H](C(C)=O)P(=O)(O)O,OP(O)(=O)[C@H](N[*])C([*])=O |$;;;;;;_R1;;_R2;$|,Backbone
X2217,CN[C@@H](C(C)=O)[C@H](Oc1ccc(C=O)cc1)c1ccccc1,[*]N[C@H]([C@H](Oc1ccc(C=O)cc1)c1ccccc1)C([*])=O |$_R1;;;;;;;;;;;;;;;;;;;;_R2;$|,Backbone
X3,CN[C@@H](Cc1ccc(F)cc1)C(C)=O,Fc1ccc(C[C@H](N[*])C([*])=O)cc1 |$;;;;;;;;_R1;;_R2;;;$|,Backbone
A,CN[C@@H](C)C(C)=O,C[C@H](N[*])C([*])=O |$;;;_R1;;_R2;$|,Backbone
G,CNCC(C)=O,[*]NCC([*])=O |$_R1;;;;_R2;$|,Backbone
Q,CN[C@@H](CCC(N)=O)C(C)=O,NC(=O)CC[C@H](N[*])C([*])=O |$;;;;;;;_R1;;_R2;$|,Backbone
X809,CN[C@](C)(CO)C(C)=O,C[C@](CO)(N[*])C([*])=O |$;;;;;_R1;;_R2;$|,Backbone
X881,CC(=O)[C@@H]1C[C@H](n2cc(-c3cccc4ccccc34)nn2)CN1C,[*]N1C[C@H](C[C@H]1C([*])=O)n1cc(nn1)-c1cccc2ccccc12 |$_R1;;;;;;;_R2;;;;;;;;;;;;;;;;$|,Backbone
X886,CN[C@@H](C=CCC(C)=O)C(=O)O,"CC(=O)CC=C[C@H](N[*])C(O)=O |w:4.3,$;;;;;;;;_R1;;;$|",Backbone
X955,CC(=O)CNC[C@@H](N)Cc1ccccc1,N[C@H](CNCC([*])=O)Cc1ccccc1 |$;;;;;;_R2;;;;;;;;$|,Backbone
X956,CN=C(C)C(C)=O,"CC(=N[*])C([*])=O |w:2.2,$;;;_R1;;_R2;$|",Backbone
X1217,CN[C@]1(C(=O)O)C[C@@H](CNC(=N)N)C1,NC(=N)NC[C@H]1C[C@@](C1)(N[*])C(O)=O |$;;;;;;;;;;_R1;;;$|,Backbone
X1159,CN[C@@H](C(C)C)C(O)c1ncco1,CC(C)[C@H](N[*])C(O)c1ncco1 |$;;;;;_R1;;;;;;;$|,Backbone
X1029,CCC[C@H](C)[C@H](NC)C(C)=O,CCC[C@H](C)[C@H](N[*])C([*])=O |$;;;;;;;_R1;;_R2;$|,Backbone
X1161,CC(=O)[C@H](C)NS(=O)(=O)c1cccc2c(N(C)C)cccc12,C[C@H](NS(=O)(=O)c1cccc2c(cccc12)N(C)C)C([*])=O |$;;;;;;;;;;;;;;;;;;;;_R2;$|,Backbone
X1022,C=CCCC[C@H](NC)C(C)=O,[*]N[C@@H](CCCC=C)C([*])=O |$_R1;;;;;;;;;_R2;$|,Backbone
X1165,CC(=O)[C@H]1Cc2cc(O)ccc2CN1C,Oc1ccc2CN([*])[C@H](Cc2c1)C([*])=O |$;;;;;;;_R1;;;;;;_R2;$|,Backbone
X936,CN[C@@H](Cc1ccc(N)cc1)C(=O)[C@@]1(C)CO1,C[C@@]1(CO1)C(=O)[C@H](Cc1ccc(N)cc1)N[*] |$;;;;;;;;;;;;;;;;_R1$|,Backbone
X1762,CCCC[C@@H](C)[C@@H](O)[C@@H](C(C)=O)N(C)C,CCCC[C@@H](C)[C@@H](O)[C@H](N(C)[*])C([*])=O |$;;;;;;;;;;;_R1;;_R2;$|,Backbone
X1918,CC(=O)[C@H]1COCN1C,[*]N1COC[C@@H]1C([*])=O |$_R1;;;;;;;_R2;$|,Backbone
X2005,CC(=O)[C@@H]1NCC[C@H]1c1ccc(O)cc1,Oc1ccc(cc1)[C@@H]1CCN[C@H]1C([*])=O |$;;;;;;;;;;;;;_R2;$|,Backbone
X2016,CN[C@H](C(C)=O)c1c[nH]c2ccccc12,[*]N[C@H](C([*])=O)c1c[nH]c2ccccc12 |$_R1;;;;_R2;;;;;;;;;;$|,Backbone
X1957,CSC[C@@H](NC(=O)Nc1ccc(-c2ccccc2)cc1)C(C)=O,[*]C(=O)[C@@H](CS[*])NC(=O)Nc1ccc(cc1)-c1ccccc1 |$_R2;;;;;;_R3;;;;;;;;;;;;;;;;$|,Backbone
X1965,CN[C@@H](C(C)=O)[C@@H](C)c1ccc2ccccc2c1,C[C@H]([C@@H](N[*])C([*])=O)c1ccc2ccccc2c1 |$;;;;_R1;;_R2;;;;;;;;;;;$|,Backbone
X1980,CN[C@@H](Cc1ccc(O)cc1I)C(C)=O,Oc1ccc(C[C@H](N[*])C([*])=O)c(I)c1 |$;;;;;;;;_R1;;_R2;;;;$|,Backbone
Me_dalloT,CC(=O)[C@@H]([C@@H](C)O)N(C)C,C[C@@H](O)[C@@H](N(C)[*])C([*])=O |$;;;;;;_R1;;_R2;$|,Backbone
dPen,CN[C@@H](C(C)=O)C(C)(C)SC,CC(C)(S[*])[C@@H](N[*])C([*])=O |$;;;;_R3;;;_R1;;_R2;$|,Backbone
X1952,CC(=O)[C@@H](N)Cc1ccc(N)c(I)c1,N[C@@H](Cc1ccc(N)c(I)c1)C([*])=O |$;;;;;;;;;;;;_R2;$|,Backbone
X2063,CC(=O)[C@H]1NCC[C@H]1c1ccc(O)cc1,Oc1ccc(cc1)[C@@H]1CCN[C@@H]1C([*])=O |$;;;;;;;;;;;;;_R2;$|,Backbone
Me_dT,CC(=O)[C@@H]([C@H](C)O)N(C)C,C[C@H](O)[C@@H](N(C)[*])C([*])=O |$;;;;;;_R1;;_R2;$|,Backbone
X2066,CCCCOc1ccc(C[C@@H](NC)C(C)=O)cc1,CCCCOc1ccc(C[C@@H](N[*])C([*])=O)cc1 |$;;;;;;;;;;;;_R1;;_R2;;;$|,Backbone
X1830,C=CCN(C)[C@H](Cc1ccccc1)C(C)=O,[*]N(CC=C)[C@H](Cc1ccccc1)C([*])=O |$_R1;;;;;;;;;;;;;;_R2;$|,Backbone
X1688,CN[C@H](CCOCCSC)C(C)=O,[*]N[C@H](CCOCCS[*])C([*])=O |$_R1;;;;;;;;;_R3;;_R2;$|,Backbone
X1904,COC(=O)CCC[C@@H](C)[C@@H](O)[C@@H](C(C)=O)N(C)C,COC(=O)CCC[C@@H](C)[C@@H](O)[C@H](N(C)[*])C([*])=O |$;;;;;;;;;;;;;;_R1;;_R2;$|,Backbone
X1831,CC(=O)[C@H](Cc1ccc(Br)cc1)N(C)C,CN([*])[C@@H](Cc1ccc(Br)cc1)C([*])=O |$;;_R1;;;;;;;;;;;_R2;$|,Backbone
X1929,CN[C@H](COCC(=O)OC(C)(C)C)C(C)=O,CC(C)(C)OC(=O)COC[C@@H](N[*])C([*])=O |$;;;;;;;;;;;;_R1;;_R2;$|,Backbone
X1708,CN[C@H](C(C)=O)C1=CCC=CC1,"[*]N[C@H](C([*])=O)C1=CCC=CC1 |$_R1;;;;_R2;;;;;;;$,c:9,t:6|",Backbone
X1946,CN[C@@H](CCCCC(=O)OC)C(C)=O,COC(=O)CCCC[C@H](N[*])C([*])=O |$;;;;;;;;;;_R1;;_R2;$|,Backbone
X1869,CN[C@H](Cc1ccc(C(F)(F)OP(=O)(O)O)cc1)C(C)=O,OP(O)(=O)OC(F)(F)c1ccc(C[C@@H](N[*])C([*])=O)cc1 |$;;;;;;;;;;;;;;;_R1;;_R2;;;$|,Backbone
X1891,CCN(C)[C@H](C(C)=O)C(C)C,CCN([*])[C@@H](C(C)C)C([*])=O |$;;;_R1;;;;;;_R2;$|,Backbone
X1676,CN[C@@H](C(C)=O)c1cccs1,[*]N[C@@H](C([*])=O)c1cccs1 |$_R1;;;;_R2;;;;;;$|,Backbone
X1822,CC(=O)[C@H]([C@H](O)C(C)=CCCC(=O)OC(C)C)N(C)C,"CC(C)OC(=O)CCC=C(C)[C@@H](O)[C@H](N(C)[*])C([*])=O |w:8.7,$;;;;;;;;;;;;;;;;_R1;;_R2;$|",Backbone
X1680,CN[C@H](COCC[N-][N+]#N)C(C)=O,[*]N[C@H](COCC[N-][N+]#N)C([*])=O |$_R1;;;;;;;;;;;_R2;$|,Backbone
X1874,CN[C@@H](CCCCCCC(=O)OC)C(C)=O,COC(=O)CCCCCC[C@H](N[*])C([*])=O |$;;;;;;;;;;;;_R1;;_R2;$|,Backbone
X1811,COC(=O)COCCOCCOCCNCCOCCOCCn1cc(C[C@H](C(C)=O)N(C)C)nn1,COC(=O)COCCOCCOCCNCCOCCOCCn1cc(C[C@@H](N(C)[*])C([*])=O)nn1 |$;;;;;;;;;;;;;;;;;;;;;;;;;;;;;;_R1;;_R2;;;$|,Backbone
X1812,CNC1(C(C)=O)[C@H](c2ccccc2)[C@H]1c1ccccc1,[*]NC1([C@@H]([C@H]1c1ccccc1)c1ccccc1)C([*])=O |$_R1;;;;;;;;;;;;;;;;;;_R2;$|,Backbone
Lys(Boc),CN[C@@H](CCCCNC(=O)OC(C)(C)C)C(C)=O,CC(C)(C)OC(=O)NCCCC[C@H](N[*])C([*])=O |$;;;;;;;;;;;;;;_R1;;_R2;$|,Backbone
X1859,CC(=O)[C@H]([C@H](O)[C@H](C)Cc1nc2ccc(C)cc2[nH]1)N(C)C,C[C@H](Cc1nc2ccc(C)cc2[nH]1)[C@@H](O)[C@H](N(C)[*])C([*])=O |$;;;;;;;;;;;;;;;;;;_R1;;_R2;$|,Backbone
X1791,CCN(CC)C[C@@H](NC)C(C)=O,CCN(CC)C[C@@H](N[*])C([*])=O |$;;;;;;;;_R1;;_R2;$|,Backbone
X1713,CC(=O)[C@@H]1CCC=NN1C,"[*]N1N=CCC[C@H]1C([*])=O |$_R1;;;;;;;;_R2;$,c:2|",Backbone
X1933,CC(=O)[C@@H](SCCN(C)C(C)C)N(C)C,CC(C)N(C)CCS[C@@H](N(C)[*])C([*])=O |$;;;;;;;;;;;_R1;;_R2;$|,Backbone
X57,CCc1cc(OC)ccc1-c1ccc(C[C@H](NC)C(C)=O)cc1,CCc1cc(OC)ccc1-c1ccc(C[C@H](N[*])C([*])=O)cc1 |$;;;;;;;;;;;;;;;;;_R1;;_R2;;;$|,Backbone
X58,CC(=O)CNS(=O)(=O)c1cccc2c(N(C)C)cccc12,CN(C)c1cccc2c(cccc12)S(=O)(=O)NCC([*])=O |$;;;;;;;;;;;;;;;;;;;_R2;$|,Backbone
Cbz_S,CC(=O)[C@H](CO)NC(=O)OCc1ccccc1,OC[C@H](NC(=O)OCc1ccccc1)C([*])=O |$;;;;;;;;;;;;;;;_R2;$|,Backbone
Dpr,CNC[C@H](NC)C(C)=O,[*]N[C@@H](CN[*])C([*])=O |$_R1;;;;;_R3;;_R2;$|,Backbone
Cbz_A,CC(=O)[C@H](C)NC(=O)OCc1ccccc1,C[C@H](NC(=O)OCc1ccccc1)C([*])=O |$;;;;;;;;;;;;;;_R2;$|,Backbone
Tle,CN[C@H](C(C)=O)C(C)(C)C,CC(C)(C)[C@H](N[*])C([*])=O |$;;;;;;_R1;;_R2;$|,Backbone
meD,CC(=O)C[C@@H](C(C)=O)N(C)C,CN([*])[C@@H](CC([*])=O)C([*])=O |$;;_R1;;;;_R3;;;_R2;$|,Backbone
dI,CC[C@@H](C)[C@@H](NC)C(C)=O,CC[C@@H](C)[C@@H](N[*])C([*])=O |$;;;;;;_R1;;_R2;$|,Backbone
X121,CNC1(C(C)=O)CCCCCC1,[*]NC1(CCCCCC1)C([*])=O |$_R1;;;;;;;;;;_R2;$|,Backbone
dCha,CN[C@H](CC1CCCCC1)C(C)=O,[*]N[C@H](CC1CCCCC1)C([*])=O |$_R1;;;;;;;;;;;_R2;$|,Backbone
Cbz_R,CC(=O)[C@H](CCCNC(=N)N)NC(=O)OCc1ccccc1,NC(=N)NCCC[C@H](NC(=O)OCc1ccccc1)C([*])=O |$;;;;;;;;;;;;;;;;;;;;_R2;$|,Backbone
X161,CC(=O)[C@@H](NC(=O)N(C)C)C(C)C,CC(C)[C@H](NC(=O)N(C)C)C([*])=O |$;;;;;;;;;;;_R2;$|,Backbone
dL_OMe,CN[C@H](CC(C)C)C(=O)OC,COC(=O)[C@@H](CC(C)C)N[*] |$;;;;;;;;;;_R1$|,Backbone
X226,CC(=O)[C@H](CCC(=O)O)NCCCc1c2ccccc2cc2ccccc12,OC(=O)CC[C@H](NCCCc1c2ccccc2cc2ccccc12)C([*])=O |$;;;;;;;;;;;;;;;;;;;;;;;;;_R2;$|,Backbone
meV,CC(=O)[C@H](C(C)C)N(C)C,CC(C)[C@H](N(C)[*])C([*])=O |$;;;;;;_R1;;_R2;$|,Backbone
X2725,CN[C@@H](C(C)=O)C(=O)Cc1ccccc1,[*]N[C@@H](C([*])=O)C(=O)Cc1ccccc1 |$_R1;;;;_R2;;;;;;;;;;$|,Backbone
X2789,CCN(C)[C@H](Cc1ccc(O)cc1)C(C)=O,CCN([*])[C@H](Cc1ccc(O)cc1)C([*])=O |$;;;_R1;;;;;;;;;;;_R2;$|,Backbone
X2791,CN[C@@H](Cc1ccc(-c2cccc(-c3ccccc3)c2)cc1)C(C)=O,[*]N[C@@H](Cc1ccc(cc1)-c1cccc(c1)-c1ccccc1)C([*])=O |$_R1;;;;;;;;;;;;;;;;;;;;;;;_R2;$|,Backbone
dmeD,CC(=O)C[C@H](C(C)=O)N(C)C,CN([*])[C@H](CC([*])=O)C([*])=O |$;;_R1;;;;_R3;;;_R2;$|,Backbone
X2320,CN[C@H](CCC1CCCCC1)C(C)=O,[*]N[C@H](CCC1CCCCC1)C([*])=O |$_R1;;;;;;;;;;;;_R2;$|,Backbone
X2279,CCOC(=O)[C@@H]1[C@@H](C(C)=O)N1C,CCOC(=O)[C@@H]1[C@H](N1[*])C([*])=O |$;;;;;;;;_R1;;_R2;$|,Backbone
X2147,CN[C@@H](Cc1ccc(-c2cccc3ccccc23)cc1)C(C)=O,[*]N[C@@H](Cc1ccc(cc1)-c1cccc2ccccc12)C([*])=O |$_R1;;;;;;;;;;;;;;;;;;;;;_R2;$|,Backbone
X2349,CN[C@@H](Cc1ccc(Oc2cc(C[C@H](N)C(C)=O)ccc2O)cc1)C(=O)OC,COC(=O)[C@H](Cc1ccc(Oc2cc(C[C@H](N)C([*])=O)ccc2O)cc1)N[*] |$;;;;;;;;;;;;;;;;;;_R2;;;;;;;;;_R1$|,Backbone
X2840,CCCCCCC=CC(=O)N(C(C)=O)[C@@H](Cc1ccc(F)cc1)C(C)=O,"CCCCCCC=CC(=O)N([C@@H](Cc1ccc(F)cc1)C([*])=O)C(C)=O |w:6.5,$;;;;;;;;;;;;;;;;;;;;;_R2;;;;$|",Backbone
X2446,CN(C)[C@@H](CC(=O)O)C(=O)COc1cc(C(F)(F)F)nn1-c1ccccc1,CN([*])[C@@H](CC(O)=O)C(=O)COc1cc(nn1-c1ccccc1)C(F)(F)F |$;;_R1;;;;;;;;;;;;;;;;;;;;;;;;$|,Backbone
X2673,COc1ccc(-c2cn([C@@H]3C[C@@H](C(C)=O)N(C)C3)nn2)cc1,COc1ccc(cc1)-c1cn(nn1)[C@@H]1C[C@H](N([*])C1)C([*])=O |$;;;;;;;;;;;;;;;;;_R1;;;_R2;$|,Backbone
X2845,CCCCCCCCCCCCNCCC[C@@H](NC)C(C)=O,CCCCCCCCCCCCNCCC[C@@H](N[*])C([*])=O |$;;;;;;;;;;;;;;;;;;_R1;;_R2;$|,Backbone
X2819,CN[C@@H](Cc1ccc(CS(N)(=O)=O)cc1)C(C)=O,NS(=O)(=O)Cc1ccc(C[C@H](N[*])C([*])=O)cc1 |$;;;;;;;;;;;;_R1;;_R2;;;$|,Backbone
X2842,CC(=O)[C@H](C)NCc1ccc(C(=O)O)cc1,C[C@H](NCc1ccc(cc1)C(O)=O)C([*])=O |$;;;;;;;;;;;;;;_R2;$|,Backbone
X2808,CN[C@H](Cc1cn(COC)c2ccccc12)C(C)=O,COCn1cc(C[C@@H](N[*])C([*])=O)c2ccccc12 |$;;;;;;;;;_R1;;_R2;;;;;;;$|,Backbone
X2848,CC(=O)[C@H](CSCc1ccccc1)NC(=O)OCc1ccccc1,[*]C(=O)[C@H](CSCc1ccccc1)NC(=O)OCc1ccccc1 |$_R2;;;;;;;;;;;;;;;;;;;;;;;$|,Backbone
X2843,CN[C@H](Cc1ccc([N+]#N)cc1)C(C)=O,[*]N[C@H](Cc1ccc(cc1)[N+]#N)C([*])=O |$_R1;;;;;;;;;;;;;_R2;$|,Backbone
dAad,CN[C@H](CCCC(C)=O)C(C)=O,[*]N[C@H](CCCC([*])=O)C([*])=O |$_R1;;;;;;;_R3;;;_R2;$|,Backbone
X2829,CN[C@@H](CCS(C)(=O)=O)C(=O)C=CS(=O)(=O)c1ccccc1,"CS(=O)(=O)CC[C@H](N[*])C(=O)C=CS(=O)(=O)c1ccccc1 |w:11.10,$;;;;;;;;_R1;;;;;;;;;;;;;$|",Backbone
X2735,CC(=O)[C@H](CC(=O)O)NS(=O)(=O)Cc1ccccc1,OC(=O)C[C@H](NS(=O)(=O)Cc1ccccc1)C([*])=O |$;;;;;;;;;;;;;;;;;_R2;$|,Backbone
X2776,CC(=O)[C@H](Cc1c[nH]c2ccccc12)NC(=O)OCC(C)C,CC(C)COC(=O)N[C@@H](Cc1c[nH]c2ccccc12)C([*])=O |$;;;;;;;;;;;;;;;;;;;;_R2;$|,Backbone
X2768,CCCCC(=O)C(=O)[C@@H](NC)C(C)C,CCCCC(=O)C(=O)[C@@H](N[*])C(C)C |$;;;;;;;;;;_R1;;;$|,Backbone
X2770,CN[C@@]1(C(C)=O)CCc2ccccc21,[*]N[C@]1(CCc2ccccc12)C([*])=O |$_R1;;;;;;;;;;;;_R2;$|,Backbone
Boc_L-alpha-t-butylglycine,CC(=O)[C@@H](NC(=O)OC(C)(C)C)C(C)(C)C,CC(C)(C)OC(=O)N[C@H](C([*])=O)C(C)(C)C |$;;;;;;;;;;_R2;;;;;$|,Backbone
X2101,CC(=O)[C@@H]1C[C@@H](OC(=O)N2CCc3ccccc3C2)CN1C,[*]N1C[C@@H](C[C@H]1C([*])=O)OC(=O)N1CCc2ccccc2C1 |$_R1;;;;;;;_R2;;;;;;;;;;;;;;$|,Backbone
X2107,CN[C@]1(C(=O)O)C[C@H]1C=CCCCCC[C@H](NC(=O)OC(C)(C)C)C(C)=O,"CC(C)(C)OC(=O)N[C@@H](CCCCCC=C[C@@H]1C[C@]1(N[*])C(O)=O)C([*])=O |w:14.13,$;;;;;;;;;;;;;;;;;;;;_R1;;;;;_R2;$|",Backbone
X2110,CN[C@@H](Cc1cccc(OC(=O)C=Cc2ccccc2)c1)C(=O)OC,"COC(=O)[C@H](Cc1cccc(OC(=O)C=Cc2ccccc2)c1)N[*] |w:14.13,$;;;;;;;;;;;;;;;;;;;;;;;;_R1$|",Backbone
X2179,CC(=O)[C@H](CCN)NC(=O)Nc1cccc(-c2ccccc2)c1,NCC[C@H](NC(=O)Nc1cccc(c1)-c1ccccc1)C([*])=O |$;;;;;;;;;;;;;;;;;;;;;_R2;$|,Backbone
X2167,CC(=O)[C@@H](NC[C@@H]1COCCCN(C)[C@@H](C)C(=O)N1)C(C)C,CC(C)[C@H](NC[C@@H]1COCCCN([*])[C@@H](C)C(=O)N1)C([*])=O |$;;;;;;;;;;;;;_R1;;;;;;;_R2;$|,Backbone
X2002,CN[C@H](C(C)=O)c1cccc(C(F)(F)F)c1,FC(F)(F)c1cccc(c1)[C@H](N[*])C([*])=O |$;;;;;;;;;;;;_R1;;_R2;$|,Backbone
X1125,CN[C@@H](CCCCNCc1ccc(C(F)(F)F)cc1)C(C)=O,FC(F)(F)c1ccc(CNCCCC[C@H](N[*])C([*])=O)cc1 |$;;;;;;;;;;;;;;;;_R1;;_R2;;;$|,Backbone
X1077,CC(=O)[C@@H](NC(=O)Nc1ccc(F)cc1)C(C)C,CC(C)[C@H](NC(=O)Nc1ccc(F)cc1)C([*])=O |$;;;;;;;;;;;;;;;;_R2;$|,Backbone
X1282,CN[C@H](CCCN(N=C=S)N=C=S)C(C)=O,[*]N[C@H](CCCN(N=C=S)N=C=S)C([*])=O |$_R1;;;;;;;;;;;;;;_R2;$|,Backbone
dPhe(3-Cl),CN[C@H](Cc1cccc(Cl)c1)C(C)=O,Clc1cccc(C[C@@H](N[*])C([*])=O)c1 |$;;;;;;;;;_R1;;_R2;;$|,Backbone
X1493,CN[C@H](C=O)Cc1ccc(C#N)cc1,[*]N[C@@H](Cc1ccc(cc1)C#N)C=O |$_R1;;;;;;;;;;;;;$|,Backbone
X1266,CN[C@@H](CCCCNC(=O)N(C)C)C(C)=O,CN(C)C(=O)NCCCC[C@H](N[*])C([*])=O |$;;;;;;;;;;;;_R1;;_R2;$|,Backbone
X1500,CN[C@@H](Cc1ccc(O)cc1[N+](=O)[O-])C(C)=O,Oc1ccc(C[C@H](N[*])C([*])=O)c(c1)N(=O)=O |$;;;;;;;;_R1;;_R2;;;;;;$|,Backbone
X1249,CN[C@@H](C(C)=O)[C@@H](C)c1c(C)cccc1C,C[C@H]([C@@H](N[*])C([*])=O)c1c(C)cccc1C |$;;;;_R1;;_R2;;;;;;;;;$|,Backbone
X1478,CC(=O)[C@H](Cc1ccc(O)cc1)NCCCCCCCCN,NCCCCCCCCN[C@@H](Cc1ccc(O)cc1)C([*])=O |$;;;;;;;;;;;;;;;;;;;;_R2;$|,Backbone
X1371,CC(=O)Cn1c(=O)[nH]c2ccccc2c1=O,[*]C(=O)Cn1c(=O)[nH]c2ccccc2c1=O |$_R2;;;;;;;;;;;;;;;$|,Backbone
EtCO_dA,CCOC(=O)N[C@H](C)C(C)=O,CCOC(=O)N[C@H](C)C([*])=O |$;;;;;;;;;_R2;$|,Backbone
X1502,CC(=O)[C@@H]1C[C@H](n2cc(-c3cccc(C)c3)nn2)CN1C,Cc1cccc(c1)-c1cn(nn1)[C@H]1C[C@H](N([*])C1)C([*])=O |$;;;;;;;;;;;;;;;;_R1;;;_R2;$|,Backbone
X1503,CN[C@H](CCCCN(C(C)=O)C(C)=O)C(C)=O,CC(=O)N(CCCC[C@@H](N[*])C([*])=O)C(C)=O |$;;;;;;;;;;_R1;;_R2;;;;$|,Backbone
X1464,CN[C@@H](COC(C)=O)C(C)=O,CC(=O)OC[C@H](N[*])C([*])=O |$;;;;;;;_R1;;_R2;$|,Backbone
X1012,CN[C@@H](CCCCNCc1c(C)cc(C)cc1C)C(C)=O,Cc1cc(C)c(CNCCCC[C@H](N[*])C([*])=O)c(C)c1 |$;;;;;;;;;;;;;;_R1;;_R2;;;;$|,Backbone
X1189,CN[C@H](CCCCN(N=C=S)N=C=S)C(C)=O,[*]N[C@H](CCCCN(N=C=S)N=C=S)C([*])=O |$_R1;;;;;;;;;;;;;;;_R2;$|,Backbone
X174,CCN=C(NCCCC[C@@H](NC)C(C)=O)NCCCN(C)C,"CCN=C(NCCCC[C@@H](N[*])C([*])=O)NCCCN(C)C |w:2.1,$;;;;;;;;;;;_R1;;_R2;;;;;;;;$|",Backbone
X237,CC(=O)[C@H](Cc1ccccc1)[N-][N+]#N,[*]C(=O)[C@H](Cc1ccccc1)[N-][N+]#N |$_R2;;;;;;;;;;;;;$|,Backbone
EtCO_F,CCOC(=O)N[C@@H](Cc1ccccc1)C(C)=O,CCOC(=O)N[C@@H](Cc1ccccc1)C([*])=O |$;;;;;;;;;;;;;;;_R2;$|,Backbone
X347,CN[C@@H](Cc1ccc(O)c([N+](=O)[O-])c1)C(C)=O,Oc1ccc(C[C@H](N[*])C([*])=O)cc1N(=O)=O |$;;;;;;;;_R1;;_R2;;;;;;$|,Backbone
X408,CN[C@](C)(C=O)CCCNC(=N)N,C[C@@](CCCNC(N)=N)(N[*])C=O |$;;;;;;;;;;_R1;;$|,Backbone
EtCO_dCha,CCOC(=O)N[C@H](CC1CCCCC1)C(C)=O,CCOC(=O)N[C@H](CC1CCCCC1)C([*])=O |$;;;;;;;;;;;;;;;_R2;$|,Backbone
X201,CN[C@@H](Cc1ccc(OC(F)(C(=O)O)C(=O)O)cc1)C(C)=O,OC(=O)C(F)(Oc1ccc(C[C@H](N[*])C([*])=O)cc1)C(O)=O |$;;;;;;;;;;;;;_R1;;_R2;;;;;;$|,Backbone
X434,CC[C@@H](C)[C@@H](C=O)NC,CC[C@@H](C)[C@H](N[*])C=O |$;;;;;;_R1;;$|,Backbone
X683,CN[C@@H](Cc1ccc(OP(=O)(O)O)cn1)C(C)=O,OP(O)(=O)Oc1ccc(C[C@H](N[*])C([*])=O)nc1 |$;;;;;;;;;;;;_R1;;_R2;;;$|,Backbone
Boc_P,CC(=O)[C@@H]1CCCN1C(=O)OC(C)(C)C,CC(C)(C)OC(=O)N1CCC[C@H]1C([*])=O |$;;;;;;;;;;;;;_R2;$|,Backbone
X370,CCC[C@@H](C=O)NC,CCC[C@H](N[*])C=O |$;;;;;_R1;;$|,Backbone
X382,CC(=O)[C@@](C)(N)CCCNC(=N)N,C[C@](N)(CCCNC(N)=N)C([*])=O |$;;;;;;;;;;;_R2;$|,Backbone
X1594,CC(=O)CNC(=S)Nc1ccc2c(c1)C(=O)OC21c2ccc(O)cc2Oc2cc(O)ccc21,Oc1ccc2c(Oc3cc(O)ccc3C22OC(=O)c3cc(NC(=S)NCC([*])=O)ccc23)c1 |$;;;;;;;;;;;;;;;;;;;;;;;;;;;_R2;;;;;$|,Backbone
X418,CCC[C@@H]1C[C@]1(NC)C(=O)O,CCC[C@@H]1C[C@]1(N[*])C(O)=O |$;;;;;;;_R1;;;$|,Backbone
X500,CC(=O)[C@H](CCCCN)NCCCCCCN,NCCCCCCN[C@@H](CCCCN)C([*])=O |$;;;;;;;;;;;;;;;_R2;$|,Backbone
X1530,CN[C@H](C(C)=O)[C@@H](C)c1c(C)cccc1C,C[C@H]([C@H](N[*])C([*])=O)c1c(C)cccc1C |$;;;;_R1;;_R2;;;;;;;;;$|,Backbone
X903,CC(=O)[C@@H]1C[C@@H](F)CN1C,F[C@@H]1C[C@H](N([*])C1)C([*])=O |$;;;;;_R1;;;_R2;$|,Backbone
X1920,CC(=O)[C@H](CC(C)(C)F)N(C)C,CN([*])[C@@H](CC(C)(C)F)C([*])=O |$;;_R1;;;;;;;;_R2;$|,Backbone
X1553,CN[C@H](C=O)CCCNC(N)=O,NC(=O)NCCC[C@H](N[*])C=O |$;;;;;;;;;_R1;;$|,Backbone
X1846,CCCCCCCCCCC(=O)C[C@H](NC)C(C)=O,CCCCCCCCCCC(=O)C[C@H](N[*])C([*])=O |$;;;;;;;;;;;;;;;_R1;;_R2;$|,Backbone
X648,CN[C@H](C(C)=O)c1ccc(O)cc1,Oc1ccc(cc1)[C@H](N[*])C([*])=O |$;;;;;;;;;_R1;;_R2;$|,Backbone
X538,CC(=O)CNC[C@@H](N)CC1CCCCC1,N[C@H](CNCC([*])=O)CC1CCCCC1 |$;;;;;;_R2;;;;;;;;$|,Backbone
X2563,CN[C@@H](CC(=O)O)C(=O)OCCc1ccccc1F,OC(=O)C[C@H](N[*])C(=O)OCCc1ccccc1F |$;;;;;;_R1;;;;;;;;;;;;$|,Backbone
X2556,CNCC(=O)COC(=O)c1c(C)cccc1C,Cc1cccc(C)c1C(=O)OCC(=O)CN[*] |$;;;;;;;;;;;;;;;;_R1$|,Backbone
X2679,CC(=O)[C@@H]1C[C@@H](n2cc(C3CCCCC3)nn2)CN1C,[*]N1C[C@@H](C[C@H]1C([*])=O)n1cc(nn1)C1CCCCC1 |$_R1;;;;;;;_R2;;;;;;;;;;;;$|,Backbone
Me_Boc_W,CC(=O)[C@H](Cc1c[nH]c2ccccc12)N(C)C(=O)OC(C)(C)C,CN([C@@H](Cc1c[nH]c2ccccc12)C([*])=O)C(=O)OC(C)(C)C |$;;;;;;;;;;;;;;_R2;;;;;;;;$|,Backbone
X2611,CN[C@H](C(=O)C1=N[C@@H](C)CO1)C(C)C,"CC(C)[C@H](N[*])C(=O)C1=N[C@@H](C)CO1 |$;;;;;_R1;;;;;;;;$,t:8|",Backbone
X2690,CC(=O)[C@@H]1C[C@@H](NC(=O)OC(C)(C)C)CN1C(=O)OC(C)(C)C,CC(C)(C)OC(=O)N[C@@H]1C[C@H](N(C1)C(=O)OC(C)(C)C)C([*])=O |$;;;;;;;;;;;;;;;;;;;;;_R2;$|,Backbone
E_OBzl,CN[C@@H](CCC(=O)O)C(=O)OCc1ccccc1,OC(=O)CC[C@H](N[*])C(=O)OCc1ccccc1 |$;;;;;;;_R1;;;;;;;;;;$|,Backbone
X2637,CN[C@@H](CO)C(=O)c1nc2ccccc2[nH]1,OC[C@H](N[*])C(=O)c1nc2ccccc2[nH]1 |$;;;;_R1;;;;;;;;;;;$|,Backbone
X2688,CCCCCCCCCCCCN[C@@H](Cc1cnc[nH]1)C(C)=O,CCCCCCCCCCCCN[C@@H](Cc1cnc[nH]1)C([*])=O |$;;;;;;;;;;;;;;;;;;;;;_R2;$|,Backbone
X2685,CN[C@H](C=O)CNC(=O)OC,COC(=O)NC[C@H](N[*])C=O |$;;;;;;;;_R1;;$|,Backbone
X2627,CC[C@H](N[C@@H](CCCNC(=N)N)C(C)=O)C(=O)[C@H](CS)NC,CC[C@H](N[C@@H](CCCNC(N)=N)C([*])=O)C(=O)[C@H](CS)N[*] |$;;;;;;;;;;;;;_R2;;;;;;;;_R1$|,Backbone
X2531,CN[C@@H](CCCCNS(=O)(=O)c1ccc([N+](=O)[O-])cc1)C(C)=O,[*]N[C@@H](CCCCNS(=O)(=O)c1ccc(cc1)N(=O)=O)C([*])=O |$_R1;;;;;;;;;;;;;;;;;;;;;_R2;$|,Backbone
X2559,CC(=O)[C@H](Cc1ccc(Cl)cc1)NC(=O)Nc1ccccc1,Clc1ccc(C[C@H](NC(=O)Nc2ccccc2)C([*])=O)cc1 |$;;;;;;;;;;;;;;;;;;_R2;;;$|,Backbone
X2552,CN[C@@H](Cc1ccc(Oc2cc(C[C@H](NC(=O)OCc3ccccc3)C(C)=O)ccc2OC)cc1)C(=O)OC,COC(=O)[C@H](Cc1ccc(Oc2cc(C[C@H](NC(=O)OCc3ccccc3)C([*])=O)ccc2OC)cc1)N[*] |$;;;;;;;;;;;;;;;;;;;;;;;;;;;;_R2;;;;;;;;;;_R1$|,Backbone
X2271,CCCCc1nc2c(N)nc3ccccc3c2n1Cc1ccc(CNC(=S)NCC(C)=O)cc1,CCCCc1nc2c(N)nc3ccccc3c2n1Cc1ccc(CNC(=S)NCC([*])=O)cc1 |$;;;;;;;;;;;;;;;;;;;;;;;;;;;;;;_R2;;;$|,Backbone
X2404,CN[C@H](C(C)=O)[C@@H](C)c1c(C)cc(OC)cc1C,COc1cc(C)c([C@H](C)[C@H](N[*])C([*])=O)c(C)c1 |$;;;;;;;;;;;_R1;;_R2;;;;$|,Backbone
X2360,CN[C@]1(Cc2ccccc2)CNC1=O,[*]N[C@]1(Cc2ccccc2)CNC1=O |$_R1;;;;;;;;;;;;;$|,Backbone
X2368,CN[C@H](C(=O)C(F)(F)CNC(=O)OC(C)(C)C)C(C)C,CC(C)[C@H](N[*])C(=O)C(F)(F)CNC(=O)OC(C)(C)C |$;;;;;_R1;;;;;;;;;;;;;;$|,Backbone
X2431,CN[C@@H](CC(C)C)C(=O)c1nc2ccccc2o1,CC(C)C[C@H](N[*])C(=O)c1nc2ccccc2o1 |$;;;;;;_R1;;;;;;;;;;;$|,Backbone
X2383,CC(=O)[C@H](CC(C)C)NC(=O)NCc1ccc(Cl)c(Cl)c1,CC(C)C[C@H](NC(=O)NCc1ccc(Cl)c(Cl)c1)C([*])=O |$;;;;;;;;;;;;;;;;;;;_R2;$|,Backbone
X2372,CN[C@@H](CCCNC(=N)N)C(=O)c1nc2ccc(F)cc2s1,NC(=N)NCCC[C@H](N[*])C(=O)c1nc2ccc(F)cc2s1 |$;;;;;;;;;_R1;;;;;;;;;;;;$|,Backbone
Boc_Tyr(Bzl),CC(=O)[C@H](Cc1ccc(OCc2ccccc2)cc1)NC(=O)OC(C)(C)C,CC(C)(C)OC(=O)N[C@@H](Cc1ccc(OCc2ccccc2)cc1)C([*])=O |$;;;;;;;;;;;;;;;;;;;;;;;;;_R2;$|,Backbone
X2280,CN[C@@H](CC(C)C)C(=O)CN1CCC=C(C(=O)O)C1,"CC(C)C[C@H](N[*])C(=O)CN1CCC=C(C1)C(O)=O |$;;;;;;_R1;;;;;;;;;;;;$,c:13|",Backbone
X532,CC[C@H](C)C[C@H](NC)C(C)=O,CC[C@H](C)C[C@H](N[*])C([*])=O |$;;;;;;;_R1;;_R2;$|,Backbone
X592,CN[C@@H](Cc1ccccc1Cl)C(C)=O,Clc1ccccc1C[C@H](N[*])C([*])=O |$;;;;;;;;;;_R1;;_R2;$|,Backbone
X467,CCOC(=O)N[C@H](Cc1csc2ccccc12)C(C)=O,CCOC(=O)N[C@H](Cc1csc2ccccc12)C([*])=O |$;;;;;;;;;;;;;;;;;;_R2;$|,Backbone
X536,CN[C@@H](CCCCNCc1ccccc1)C(C)=O,[*]N[C@@H](CCCCNCc1ccccc1)C([*])=O |$_R1;;;;;;;;;;;;;;;;_R2;$|,Backbone
X662,CN[C@@H](Cc1ccccc1OC)C(=O)O,COc1ccccc1C[C@H](N[*])C(O)=O |$;;;;;;;;;;;_R1;;;$|,Backbone
X700,CC(=O)[C@H](CCCNCCN1CCNCC1)[N-][N+]#N,[*]C(=O)[C@H](CCCNCCN1CCNCC1)[N-][N+]#N |$_R2;;;;;;;;;;;;;;;;;;$|,Backbone
X663,CN[C@]1(C(C)=O)C[C@H]1C(C)C,CC(C)[C@@H]1C[C@]1(N[*])C([*])=O |$;;;;;;;_R1;;_R2;$|,Backbone
K_OMe,CN[C@@H](CCCCN)C(=O)OC,COC(=O)[C@H](CCCCN)N[*] |$;;;;;;;;;;;_R1$|,Backbone
Cbz_Y,CC(=O)[C@H](Cc1ccc(O)cc1)NC(=O)OCc1ccccc1,Oc1ccc(C[C@H](NC(=O)OCc2ccccc2)C([*])=O)cc1 |$;;;;;;;;;;;;;;;;;;;_R2;;;$|,Backbone
I_OMe,CC[C@H](C)[C@H](NC)C(=O)OC,CC[C@H](C)[C@H](N[*])C(=O)OC |$;;;;;;_R1;;;;$|,Backbone
X900,CC(=O)[C@H](CCC(=O)O)NCCCc1ccc(F)c(F)c1F,OC(=O)CC[C@H](NCCCc1ccc(F)c(F)c1F)C([*])=O |$;;;;;;;;;;;;;;;;;;;;_R2;$|,Backbone
X774,CN[C@@H](Cc1c[nH]c2ccccc12)C(=O)OC(C)(C)C,CC(C)(C)OC(=O)[C@H](Cc1c[nH]c2ccccc12)N[*] |$;;;;;;;;;;;;;;;;;;;_R1$|,Backbone
X842,CNC(=N)NCCC[C@H](NC)C(C)=O,CNC(=N)NCCC[C@H](N[*])C([*])=O |$;;;;;;;;;;_R1;;_R2;$|,Backbone
X895,CN[C@H](Cc1cc(C)c(O)cc1C)C(C)=O,Cc1cc(C[C@@H](N[*])C([*])=O)c(C)cc1O |$;;;;;;;_R1;;_R2;;;;;;$|,Backbone
X915,CC(=O)[C@@H]([NH3+])Cc1c[nH]c2ccccc12,[NH3+][C@@H](Cc1c[nH]c2ccccc12)C([*])=O |$;;;;;;;;;;;;;_R2;$|,Backbone
X494,CC(=O)[C@H](CO)NC(=O)N1CCOCC1,OC[C@H](NC(=O)N1CCOCC1)C([*])=O |$;;;;;;;;;;;;;_R2;$|,Backbone
X516,CC(=O)[C@H](C)NC[C@@H](N)CS,C[C@H](NC[C@@H](N)CS)C([*])=O |$;;;;;;;;;_R2;$|,Backbone
X651,CC(=O)C[N-][N+]#N,[*]C(=O)C[N-][N+]#N |$_R2;;;;;;$|,Backbone
X644,CC(=O)CN1CCOCC1,[*]C(=O)CN1CCOCC1 |$_R2;;;;;;;;;$|,Backbone
X2859,CN[C@@H](CCCCNC(=O)Nc1ccc(OC)cc1)C(C)=O,COc1ccc(NC(=O)NCCCC[C@H](N[*])C([*])=O)cc1 |$;;;;;;;;;;;;;;;;_R1;;_R2;;;$|,Backbone
X3012,CNCC(=O)Oc1ccc([N+](=O)[O-])cc1,[*]NCC(=O)Oc1ccc(cc1)N(=O)=O |$_R1;;;;;;;;;;;;;;$|,Backbone
X3021,CN[C@H](Cc1ccc(Cl)cc1Cl)C(C)=O,Clc1ccc(C[C@@H](N[*])C([*])=O)c(Cl)c1 |$;;;;;;;;_R1;;_R2;;;;$|,Backbone
X2852,CN[C@@H](CCCCNC(=O)NC(C)(C)C)C(C)=O,CC(C)(C)NC(=O)NCCCC[C@H](N[*])C([*])=O |$;;;;;;;;;;;;;;_R1;;_R2;$|,Backbone
X2890,CN[C@@H](Cc1ccccc1)C(=O)C(F)(F)C(F)(F)F,FC(F)(F)C(F)(F)C(=O)[C@H](Cc1ccccc1)N[*] |$;;;;;;;;;;;;;;;;;;_R1$|,Backbone
X2857,CC(=O)[C@H](Cc1c[nH]c2ccccc12)NC(=O)NC1CCCCC1,[*]C(=O)[C@H](Cc1c[nH]c2ccccc12)NC(=O)NC1CCCCC1 |$_R2;;;;;;;;;;;;;;;;;;;;;;;$|,Backbone
X2896,CC(=O)[C@H](N)CCC(=O)NC(=O)OCc1ccccc1,N[C@H](CCC(=O)NC(=O)OCc1ccccc1)C([*])=O |$;;;;;;;;;;;;;;;;;;_R2;$|,Backbone
X2867,CC(=O)[C@H](Cc1ccc(F)cc1)N(C(C)=O)C(=O)C=Cc1ccc(O)cc1,"CC(=O)N([C@@H](Cc1ccc(F)cc1)C([*])=O)C(=O)C=Cc1ccc(O)cc1 |w:18.18,$;;;;;;;;;;;;;;_R2;;;;;;;;;;;;$|",Backbone
X2483,CCCn1cc(C(=O)[C@@H](NC)C(C)=O)c2ccccc21,CCCn1cc(C(=O)[C@@H](N[*])C([*])=O)c2ccccc12 |$;;;;;;;;;;_R1;;_R2;;;;;;;$|,Backbone
X1432,CN[C@@H](Cc1ccc(O)c(C(=O)O)c1)C(C)=O,OC(=O)c1cc(C[C@H](N[*])C([*])=O)ccc1O |$;;;;;;;;;_R1;;_R2;;;;;$|,Backbone
X14,CC(=O)[C@@H]1C[C@@H](OCc2cccc3ccccc23)CN1C,[*]N1C[C@@H](C[C@H]1C([*])=O)OCc1cccc2ccccc12 |$_R1;;;;;;;_R2;;;;;;;;;;;;;$|,Backbone
X1570,CC(=O)[C@H](Cc1ccc(O)cc1)NCc1ccsc1,Oc1ccc(C[C@H](NCc2ccsc2)C([*])=O)cc1 |$;;;;;;;;;;;;;;;_R2;;;$|,Backbone
X63,CCCCCCC(=O)OC[C@H](NC)C(C)=O,CCCCCCC(=O)OC[C@H](N[*])C([*])=O |$;;;;;;;;;;;;_R1;;_R2;$|,Backbone
X2262,CC(=O)[C@H](Cc1ccccc1)N(C(=O)OCc1ccccc1)P(=O)(O)O,OP(O)(=O)N([C@@H](Cc1ccccc1)C([*])=O)C(=O)OCc1ccccc1 |$;;;;;;;;;;;;;;_R2;;;;;;;;;;;$|,Backbone
dT,CN[C@@H](C(C)=O)[C@H](C)O,C[C@H](O)[C@@H](N[*])C([*])=O |$;;;;;_R1;;_R2;$|,Backbone
W,CN[C@@H](Cc1c[nH]c2ccccc12)C(C)=O,[*]N[C@@H](Cc1c[nH]c2ccccc12)C([*])=O |$_R1;;;;;;;;;;;;;;_R2;$|,Backbone
X799,C=CCC[C@](C)(NC)C(C)=O,C[C@@](CCC=C)(N[*])C([*])=O |$;;;;;;;_R1;;_R2;$|,Backbone
X942,CN[C@@H](C[C@@H]1CCNC1=O)C(=O)c1nccs1,[*]N[C@@H](C[C@@H]1CCNC1=O)C(=O)c1nccs1 |$_R1;;;;;;;;;;;;;;;;$|,Backbone
X735,CC(=O)[C@H](C(C)C)N(Cc1ccccc1)Cc1ccccc1,CC(C)[C@H](N(Cc1ccccc1)Cc1ccccc1)C([*])=O |$;;;;;;;;;;;;;;;;;;;;_R2;$|,Backbone
X948,CN[C@@H](CC(C)C)C(=O)[C@@]1(CO)CO1,CC(C)C[C@H](N[*])C(=O)[C@@]1(CO)CO1 |$;;;;;;_R1;;;;;;;$|,Backbone
X1214,CC(=O)CN(C)S(=O)(=O)c1ccc(-c2ccccc2)cc1,[*]N(CC([*])=O)S(=O)(=O)c1ccc(cc1)-c1ccccc1 |$_R1;;;;_R2;;;;;;;;;;;;;;;;$|,Backbone
X1183,CCCCCN(C)CC(C)=O,CCCCCN([*])CC([*])=O |$;;;;;;_R1;;;_R2;$|,Backbone
X1120,CN[C@@H](Cc1cnc(C(C)C)[nH]1)C(C)=O,CC(C)c1ncc(C[C@H](N[*])C([*])=O)[nH]1 |$;;;;;;;;;;_R1;;_R2;;$|,Backbone
dPhe(4-NH2),CN[C@H](Cc1ccc(N)cc1)C(C)=O,Nc1ccc(C[C@@H](N[*])C([*])=O)cc1 |$;;;;;;;;_R1;;_R2;;;$|,Backbone
X1089,CN[C@@H](Cc1ccc(OC(=O)C=C(C)C)cc1)C(=O)OC,COC(=O)[C@H](Cc1ccc(OC(=O)C=C(C)C)cc1)N[*] |$;;;;;;;;;;;;;;;;;;;;_R1$|,Backbone
X823,CC(=O)[C@@H]1C[C@@H](Oc2cccc(Br)c2)CN1C,Brc1cccc(O[C@@H]2C[C@H](N([*])C2)C([*])=O)c1 |$;;;;;;;;;;;_R1;;;_R2;;$|,Backbone
X982,CCCCN=C(NC#N)NCCCC[C@H](NC)C(C)=O,"CCCCN=C(NCCCC[C@H](N[*])C([*])=O)NC#N |w:4.3,$;;;;;;;;;;;;;_R1;;_R2;;;;$|",Backbone
X995,CC(=O)[C@@H]1C[C@H](n2cc(Cn3nnc4ccccc43)nn2)CN1C,[*]N1C[C@H](C[C@H]1C([*])=O)n1cc(Cn2nnc3ccccc23)nn1 |$_R1;;;;;;;_R2;;;;;;;;;;;;;;;;$|,Backbone
X890,CCc1ccc(-c2cn([C@H]3C[C@@H](C(C)=O)N(C)C3)nn2)cc1,CCc1ccc(cc1)-c1cn(nn1)[C@H]1C[C@H](N([*])C1)C([*])=O |$;;;;;;;;;;;;;;;;;_R1;;;_R2;$|,Backbone
X1031,CC(=O)[C@@H]1CCCCN1C(=O)OCc1ccccc1,[*]C(=O)[C@@H]1CCCCN1C(=O)OCc1ccccc1 |$_R2;;;;;;;;;;;;;;;;;;$|,Backbone
X787,CN[C@H](CCCNc1nnc(N)[nH]1)C(C)=O,Nc1nnc(NCCC[C@@H](N[*])C([*])=O)[nH]1 |$;;;;;;;;;;;_R1;;_R2;;$|,Backbone
X1857,CC(=O)[C@@H]1C[C@@H](OC(=O)NCCN(C)C)CN1C,CN(C)CCNC(=O)O[C@@H]1C[C@H](N([*])C1)C([*])=O |$;;;;;;;;;;;;;_R1;;;_R2;$|,Backbone
X2059,CCCCCCN(CCCCCC)[C@H](CSC)C(C)=O,CCCCCCN(CCCCCC)[C@H](CS[*])C([*])=O |$;;;;;;;;;;;;;;;;_R3;;_R2;$|,Backbone
X2023,CN[C@@H](C(C)=O)[C@H](C)c1ccc2ccccc2c1,C[C@@H]([C@@H](N[*])C([*])=O)c1ccc2ccccc2c1 |$;;;;_R1;;_R2;;;;;;;;;;;$|,Backbone
dPen_Me,CN[C@@H](C(C)=O)C(C)(C)SC,CC(=O)[C@H](N[*])C(C)(C)S[*] |$;;;;;_R1;;;;;_R3$|,Backbone
X2065,CN[C@H](C=O)[C@@H](C)O,C[C@@H](O)[C@H](N[*])C=O |$;;;;;_R1;;$|,Backbone
X1685,CN[C@H](COCCCCO)C(C)=O,OCCCCOC[C@@H](N[*])C([*])=O |$;;;;;;;;;_R1;;_R2;$|,Backbone
X1767,CN[C@H](Cc1cc2ccccc2[nH]1)C(C)=O,[*]N[C@H](Cc1cc2ccccc2[nH]1)C([*])=O |$_R1;;;;;;;;;;;;;;_R2;$|,Backbone
X1828,CC[C@H](C)C[C@@H](C(C)=O)N(C)C,CC[C@H](C)C[C@H](N(C)[*])C([*])=O |$;;;;;;;;_R1;;_R2;$|,Backbone
X1902,COCOC(=O)C=CC[C@@H](C)[C@@H](O)[C@@H](C(C)=O)N(C)C,"COCOC(=O)C=CC[C@@H](C)[C@@H](O)[C@H](N(C)[*])C([*])=O |w:7.7,$;;;;;;;;;;;;;;;;_R1;;_R2;$|",Backbone
X1931,CC(=O)[C@H]([C@H](O[Si](C)(C)C(C)(C)C)[C@H](C)C[C@H]1OC12CC2)N(C)C,C[C@H](C[C@H]1OC11CC1)[C@@H](O[Si](C)(C)C(C)(C)C)[C@H](N(C)[*])C([*])=O |$;;;;;;;;;;;;;;;;;;;;_R1;;_R2;$|,Backbone
X1944,CC(=O)[C@H]([C@H](O)[C@H](C)CO)N(C)C,C[C@H](CO)[C@@H](O)[C@H](N(C)[*])C([*])=O |$;;;;;;;;;_R1;;_R2;$|,Backbone
X1720,CN[C@@H](Cc1cn(C(=O)OC(C)(C)C)c2ccccc12)C(C)=O,CC(C)(C)OC(=O)n1cc(C[C@H](N[*])C([*])=O)c2ccccc12 |$;;;;;;;;;;;;;_R1;;_R2;;;;;;;$|,Backbone
X1896,CC(=O)[C@H]1CCCN(C)N1C,CN1CCC[C@@H](N1[*])C([*])=O |$;;;;;;;_R1;;_R2;$|,Backbone
Me_Nal,CC(=O)[C@H](Cc1ccc2ccccc2c1)N(C)C,CN([*])[C@@H](Cc1ccc2ccccc2c1)C([*])=O |$;;_R1;;;;;;;;;;;;;;_R2;$|,Backbone
X1809,CN[C@H](C(C)=O)[C@H](CS(=O)(=O)O)C(C)=O,CC(=O)[C@@H](CS(O)(=O)=O)[C@H](N[*])C([*])=O |$;;;;;;;;;;;_R1;;_R2;$|,Backbone
X1753,CN[C@@H](CCOCCSC(C)=O)C(C)=O,CC(=O)SCCOCC[C@H](N[*])C([*])=O |$;;;;;;;;;;;_R1;;_R2;$|,Backbone
X1819,CCN(CC)CCC[C@@H](NC)C(C)=O,CCN(CC)CCC[C@@H](N[*])C([*])=O |$;;;;;;;;;;_R1;;_R2;$|,Backbone
X1742,CN[C@@](Cc1ccccc1)(C(C)=O)C(F)(F)F,FC(F)(F)[C@@](Cc1ccccc1)(N[*])C([*])=O |$;;;;;;;;;;;;;_R1;;_R2;$|,Backbone
X1715,CN[C@H](Cc1cn(C(=O)OC)c2ccccc12)C(C)=O,COC(=O)n1cc(C[C@@H](N[*])C([*])=O)c2ccccc12 |$;;;;;;;;;;_R1;;_R2;;;;;;;$|,Backbone
X53,CN[C@@H](Cc1ccc(-c2ccccc2C)cc1)C(C)=O,Cc1ccccc1-c1ccc(C[C@H](N[*])C([*])=O)cc1 |$;;;;;;;;;;;;;;_R1;;_R2;;;$|,Backbone
Lys(2-MP),CN[C@@H](CCCCNCc1ccccn1)C(C)=O,[*]N[C@@H](CCCCNCc1ccccn1)C([*])=O |$_R1;;;;;;;;;;;;;;;;_R2;$|,Backbone
Tml,CN[C@@H](CCCC[N+](C)(C)C)C(C)=O,C[N+](C)(C)CCCC[C@H](N[*])C([*])=O |$;;;;;;;;;;_R1;;_R2;$|,Backbone
X290,CC(=O)[C@H](CCCNCCNCCN)[N-][N+]#N,NCCNCCNCCC[C@H]([N-][N+]#N)C([*])=O |$;;;;;;;;;;;;;;;_R2;$|,Backbone
X126,CN[C@@H](SC)C(C)=O,[*]N[C@@H](S[*])C([*])=O |$_R1;;;;_R3;;_R2;$|,Backbone
X128,CN[C@H](C(C)=O)[C@@H]1CCc2ccccc21,[*]N[C@@H]([C@@H]1CCc2ccccc12)C([*])=O |$_R1;;;;;;;;;;;;;_R2;$|,Backbone
X297,CC(=O)[C@H](C)N(C)C1CCCCC1,C[C@H](N([*])C1CCCCC1)C([*])=O |$;;;_R1;;;;;;;;_R2;$|,Backbone
X90,CC(=O)[C@H](Cc1ccc(O)cc1)NC[C@H](CC(C)C)C(=O)O,CC(C)C[C@@H](CN[C@@H](Cc1ccc(O)cc1)C([*])=O)C(O)=O |$;;;;;;;;;;;;;;;;;_R2;;;;$|,Backbone
P_OBzl,CN1CCC[C@H]1C(=O)OCc1ccccc1,[*]N1CCC[C@H]1C(=O)OCc1ccccc1 |$_R1;;;;;;;;;;;;;;;$|,Backbone
X150,CC(=O)[C@H](CCC(=O)O)NCCc1ccccc1,OC(=O)CC[C@H](NCCc1ccccc1)C([*])=O |$;;;;;;;;;;;;;;;;_R2;$|,Backbone
X214,CN[C@H](CCS(C)=O)C(C)=O,CS(=O)CC[C@@H](N[*])C([*])=O |$;;;;;;;_R1;;_R2;$|,Backbone
X112,CN[C@H](C=O)CCCCN,NCCCC[C@H](N[*])C=O |$;;;;;;;_R1;;$|,Backbone
X114,CN[C@@H](Cc1ccc(-c2ccccc2)cc1)C(C)=O,[*]N[C@@H](Cc1ccc(cc1)-c1ccccc1)C([*])=O |$_R1;;;;;;;;;;;;;;;;;_R2;$|,Backbone
meH,CC(=O)[C@H](Cc1cnc[nH]1)N(C)C,CN([*])[C@@H](Cc1cnc[nH]1)C([*])=O |$;;_R1;;;;;;;;;_R2;$|,Backbone
X420,CCCCN=C(NC#N)NCCCC[C@@H](NC)C(C)=O,"CCCCN=C(NCCCC[C@@H](N[*])C([*])=O)NC#N |w:4.3,$;;;;;;;;;;;;;_R1;;_R2;;;;$|",Backbone
X35,C=CCCN(C)CC(C)=O,[*]N(CCC=C)CC([*])=O |$_R1;;;;;;;;_R2;$|,Backbone
X2755,CSC1(CC(=O)[C@H](Cc2ccc(O)cc2)N[C@@H](Cc2ccccc2)C(C)=O)CCN(C)CC1,CN1CCC(CC(=O)[C@H](Cc2ccc(O)cc2)N[C@@H](Cc2ccccc2)C([*])=O)(CC1)S[*] |$;;;;;;;;;;;;;;;;;;;;;;;;;;;_R2;;;;;_R3$|,Backbone
X2762,CN[C@@H](CCCCN1C[C@H](O)[C@@H](O)[C@@H](O)[C@H]1CO)C(C)=O,OC[C@@H]1[C@H](O)[C@H](O)[C@@H](O)CN1CCCC[C@H](N[*])C([*])=O |$;;;;;;;;;;;;;;;;;_R1;;_R2;$|,Backbone
X2783,CN[C@H](Cc1ccccc1)C(=O)COC(=O)c1c(F)cccc1F,Fc1cccc(F)c1C(=O)OCC(=O)[C@@H](Cc1ccccc1)N[*] |$;;;;;;;;;;;;;;;;;;;;;;;_R1$|,Backbone
X2841,CN[C@@H](Cc1ccc(F)cc1)C(=O)NC(=O)C=Cc1ccccc1,"Fc1ccc(C[C@H](N[*])C(=O)NC(=O)C=Cc2ccccc2)cc1 |w:14.13,$;;;;;;;;_R1;;;;;;;;;;;;;;;$|",Backbone
X2656,CN[C@@H](CSC)C(=O)N(CC(C)C)C(=O)N[C@@H](CCCNC(=N)N)C(C)=O,CC(C)CN(C(=O)N[C@@H](CCCNC(N)=N)C([*])=O)C(=O)[C@H](CS[*])N[*] |$;;;;;;;;;;;;;;;;;_R2;;;;;;;_R3;;_R1$|,Backbone
X2815,CC(=O)[C@H](C)NS(=O)(=O)c1cccnc1,C[C@H](NS(=O)(=O)c1cccnc1)C([*])=O |$;;;;;;;;;;;;;_R2;$|,Backbone
X2252,COC1=CC(=O)N(C(=O)[C@@H](OC(=O)[C@@H](C)N(C)C)C(C)C)[C@H]1Cc1ccccc1,"COC1=CC(=O)N([C@H]1Cc1ccccc1)C(=O)[C@@H](OC(=O)[C@@H](C)N(C)[*])C(C)C |$;;;;;;;;;;;;;;;;;;;;;;;;;_R1;;;$,t:2|",Backbone
X2832,CN[C@@H](CCCNC(=N)NC1CC1)C(C)=O,"[*]N[C@@H](CCCNC(=N)NC1CC1)C([*])=O |w:9.9,$_R1;;;;;;;;;;;;;;_R2;$|",Backbone
X2461,CN[C@](C)(Cc1ccc(C(=O)O)cc1)C(C)=O,C[C@](Cc1ccc(cc1)C(O)=O)(N[*])C([*])=O |$;;;;;;;;;;;;;_R1;;_R2;$|,Backbone
X2333,CC(=O)[C@H](CCCNC(=N)N)NC(=O)N[C@@H](Cc1ccccc1)C(=O)O,NC(=N)NCCC[C@H](NC(=O)N[C@@H](Cc1ccccc1)C(O)=O)C([*])=O |$;;;;;;;;;;;;;;;;;;;;;;;;_R2;$|,Backbone
X2796,CC(=O)[C@H](Cc1ccc(F)cc1)N(C(C)=O)C(=O)C=Cc1ccc(F)cc1,"CC(=O)N([C@@H](Cc1ccc(F)cc1)C([*])=O)C(=O)C=Cc1ccc(F)cc1 |w:18.18,$;;;;;;;;;;;;;;_R2;;;;;;;;;;;;$|",Backbone
X2177,COc1ccccc1NCC(C)=O,COc1ccccc1NCC([*])=O |$;;;;;;;;;;;_R2;$|,Backbone
dOrn,CNCCC[C@@H](NC)C(C)=O,[*]N[C@H](CCCN[*])C([*])=O |$_R1;;;;;;;_R3;;_R2;$|,Backbone
X2839,CC(=O)[C@H](Cc1ccc(F)cc1)N(C(C)=O)C(=O)CCCN,CC(=O)N([C@@H](Cc1ccc(F)cc1)C([*])=O)C(=O)CCCN |$;;;;;;;;;;;;;;_R2;;;;;;;$|,Backbone
X2758,COc1cccc2c(O[C@@H]3C[C@@H](C(C)=O)N(C)C3)cc(-c3ccccc3)nc12,COc1cccc2c(O[C@@H]3C[C@H](N([*])C3)C([*])=O)cc(nc12)-c1ccccc1 |$;;;;;;;;;;;;;_R1;;;_R2;;;;;;;;;;;$|,Backbone
X2781,CN[C@H](C=O)C(C1CCCCC1)C1CCCCC1,[*]N[C@H](C=O)C(C1CCCCC1)C1CCCCC1 |$_R1;;;;;;;;;;;;;;;;;$|,Backbone
X1778,CC(=O)[C@H]([C@H](O)C(C)C)N(C)C,CC(C)[C@@H](O)[C@H](N(C)[*])C([*])=O |$;;;;;;;;_R1;;_R2;$|,Backbone
X2078,CC(=O)[C@@H]1C[C@@H](OC(=O)N2CCCC2)CN1C,[*]N1C[C@@H](C[C@H]1C([*])=O)OC(=O)N1CCCC1 |$_R1;;;;;;;_R2;;;;;;;;;$|,Backbone
X2085,CC(=O)[C@@H]1C[C@@H](OC(=O)N2Cc3ccccc3C2)CN1C,[*]N1C[C@@H](C[C@H]1C([*])=O)OC(=O)N1Cc2ccccc2C1 |$_R1;;;;;;;_R2;;;;;;;;;;;;;$|,Backbone
Cbz_dV,CC(=O)[C@H](NC(=O)OCc1ccccc1)C(C)C,CC(C)[C@@H](NC(=O)OCc1ccccc1)C([*])=O |$;;;;;;;;;;;;;;;;_R2;$|,Backbone
X2123,CC(=O)[C@H](Cc1ccc(O)cc1)NNCc1ccccc1,Oc1ccc(C[C@H](NNCc2ccccc2)C([*])=O)cc1 |$;;;;;;;;;;;;;;;;;_R2;;;$|,Backbone
X2249,CC[C@@]1(OC(=O)CNC)C(=O)OCc2c1cc1n(c2=O)Cc2cc3ccccc3nc2-1,CC[C@@]1(OC(=O)CN[*])C(=O)OCc2c1cc1-c3nc4ccccc4cc3Cn1c2=O |$;;;;;;;;_R1;;;;;;;;;;;;;;;;;;;;;;$|,Backbone
X2199,CC(=O)[C@H](CO)NC(=O)Nc1cccc(C(=O)[C@@H](N)CCC(=O)O)c1,N[C@@H](CCC(O)=O)C(=O)c1cccc(NC(=O)N[C@@H](CO)C([*])=O)c1 |$;;;;;;;;;;;;;;;;;;;;;;_R2;;$|,Backbone
X2183,CC(=O)CN(CCS)C(=O)OC(C)(C)C,CC(C)(C)OC(=O)N(CCS)CC([*])=O |$;;;;;;;;;;;;;_R2;$|,Backbone
X2163,CN[C@@H](CCCCN)C(=O)NC(=O)N1CCC[C@H]1C(C)=O,NCCCC[C@H](N[*])C(=O)NC(=O)N1CCC[C@H]1C([*])=O |$;;;;;;;_R1;;;;;;;;;;;;_R2;$|,Backbone
X2168,CN[C@@H](CCCCN)C(=O)C(=O)OC(C)C,CC(C)OC(=O)C(=O)[C@H](CCCCN)N[*] |$;;;;;;;;;;;;;;;_R1$|,Backbone
X2133,CC[C@H](C)[C@H](NOC(=O)CNC)C(C)=O,CC[C@H](C)[C@H](NOC(=O)CN[*])C([*])=O |$;;;;;;;;;;;_R1;;_R2;$|,Backbone
dAze,CC(=O)[C@H]1CCN1C,[*]N1CC[C@@H]1C([*])=O |$_R1;;;;;;_R2;$|,Backbone
X2137,CC(=O)[C@@H]1CCCCN1CC(=O)c1ccc(-c2ccccc2)cc1,[*]C(=O)[C@@H]1CCCCN1CC(=O)c1ccc(cc1)-c1ccccc1 |$_R2;;;;;;;;;;;;;;;;;;;;;;;$|,Backbone
X2162,CN[C@@H](CCCNC(=N)N)C(=O)c1nc2ccccc2[nH]1,NC(=N)NCCC[C@H](N[*])C(=O)c1nc2ccccc2[nH]1 |$;;;;;;;;;_R1;;;;;;;;;;;$|,Backbone
X2160,CC(=O)CNCCCN(C)C,CN(C)CCCNCC([*])=O |$;;;;;;;;;_R2;$|,Backbone
X1014,C=C(C)C[C@H](NC)C(C)=O,CC(=C)C[C@H](N[*])C([*])=O |$;;;;;;_R1;;_R2;$|,Backbone
X1289,CCN(C(=O)N[C@H](C(C)=O)C(C)C)c1ccccc1,CCN(C(=O)N[C@@H](C(C)C)C([*])=O)c1ccccc1 |$;;;;;;;;;;;_R2;;;;;;;$|,Backbone
X1367,CN[C@H](C(=O)c1ccccc1)C(C)C,CC(C)[C@H](N[*])C(=O)c1ccccc1 |$;;;;;_R1;;;;;;;;$|,Backbone
X1440,CCOCCOCCNC(=O)N[C@H](Cc1ccc2ccccc2c1)C(C)=O,CCOCCOCCNC(=O)N[C@H](Cc1ccc2ccccc2c1)C([*])=O |$;;;;;;;;;;;;;;;;;;;;;;;;;_R2;$|,Backbone
X1387,CC[C@@H](NCCCC1CCCCC1)C(C)=O,CC[C@@H](NCCCC1CCCCC1)C([*])=O |$;;;;;;;;;;;;;;_R2;$|,Backbone
X1227,CC(=O)[C@@H]1[C@H](O)CCN1C,O[C@@H]1CCN([*])[C@@H]1C([*])=O |$;;;;;_R1;;;_R2;$|,Backbone
X1243,CN[C@@H](Cc1cn[nH]c1)C(C)=O,[*]N[C@@H](Cc1cn[nH]c1)C([*])=O |$_R1;;;;;;;;;;_R2;$|,Backbone
X1402,CC(=O)[C@@H](CC(C)C)NC(=O)N1CCCCCC1,CC(C)C[C@@H](NC(=O)N1CCCCCC1)C([*])=O |$;;;;;;;;;;;;;;;;_R2;$|,Backbone
X1466,CC(=O)[C@@H]1C[C@H](n2cc(-c3ccccc3)nn2)CN1C,[*]N1C[C@H](C[C@H]1C([*])=O)n1cc(nn1)-c1ccccc1 |$_R1;;;;;;;_R2;;;;;;;;;;;;$|,Backbone
X1459,CCN[C@@H](Cc1ccc2ccccc2c1)C(C)=O,CCN[C@@H](Cc1ccc2ccccc2c1)C([*])=O |$;;;;;;;;;;;;;;;;_R2;$|,Backbone
X1129,CN[C@H](CCCCNC(C)C)C(C)=O,CC(C)NCCCC[C@@H](N[*])C([*])=O |$;;;;;;;;;;_R1;;_R2;$|,Backbone
X1140,CN[C@H](C(=O)c1ccccn1)C(C)C,CC(C)[C@H](N[*])C(=O)c1ccccn1 |$;;;;;_R1;;;;;;;;$|,Backbone
X180,CN[C@@H](Cc1ncc[nH]1)C(C)=O,[*]N[C@@H](Cc1ncc[nH]1)C([*])=O |$_R1;;;;;;;;;;_R2;$|,Backbone
X323,CC(=O)[C@@H]1C[C@@H](OCc2ccc(C)cc2)CN1C,Cc1ccc(CO[C@@H]2C[C@H](N([*])C2)C([*])=O)cc1 |$;;;;;;;;;;;_R1;;;_R2;;;$|,Backbone
X248,CCSC[C@H](NC)C(C)=O,CCSC[C@H](N[*])C([*])=O |$;;;;;;_R1;;_R2;$|,Backbone
Lys(Me)2,CN[C@@H](CCCCN(C)C)C(C)=O,CN(C)CCCC[C@H](N[*])C([*])=O |$;;;;;;;;;_R1;;_R2;$|,Backbone
X409,CNC1(C(C)=O)CCC1,[*]NC1(CCC1)C([*])=O |$_R1;;;;;;;_R2;$|,Backbone
X411,CC(=O)[C@H](Cc1ccc(O)cc1)NCC1CC1,Oc1ccc(C[C@H](NCC2CC2)C([*])=O)cc1 |$;;;;;;;;;;;;;_R2;;;$|,Backbone
X635,CN[C@@H](CCSC)C(=O)ON,CSCC[C@H](N[*])C(=O)ON |$;;;;;;_R1;;;;$|,Backbone
X400,CN[C@@H](CCC(F)(F)F)C(C)=O,FC(F)(F)CC[C@H](N[*])C([*])=O |$;;;;;;;;_R1;;_R2;$|,Backbone
dNva_OBzl,CCC[C@@H](NC)C(=O)OCc1ccccc1,CCC[C@@H](N[*])C(=O)OCc1ccccc1 |$;;;;;_R1;;;;;;;;;;$|,Backbone
X269,CC(=O)[C@@H]1C[C@@H](OCc2ccccc2C)CN1C,Cc1ccccc1CO[C@@H]1C[C@H](N([*])C1)C([*])=O |$;;;;;;;;;;;;;_R1;;;_R2;$|,Backbone
X562,CC(=O)[C@H](CCCCN(C)C)[N-][N+]#N,CN(C)CCCC[C@H]([N-][N+]#N)C([*])=O |$;;;;;;;;;;;;_R2;$|,Backbone
Boc_M,CSCC[C@H](NC(=O)OC(C)(C)C)C(C)=O,CSCC[C@H](NC(=O)OC(C)(C)C)C([*])=O |$;;;;;;;;;;;;;;_R2;$|,Backbone
meK,CC(=O)[C@H](CCCCN)N(C)C,CN([*])[C@@H](CCCCN)C([*])=O |$;;_R1;;;;;;;;_R2;$|,Backbone
dLys(2-MP),CN[C@H](CCCCNCc1ccccn1)C(C)=O,[*]N[C@H](CCCCNCc1ccccn1)C([*])=O |$_R1;;;;;;;;;;;;;;;;_R2;$|,Backbone
Me_Spg,CC(=O)C1(N(C)C)CCCC1,CN([*])C1(CCCC1)C([*])=O |$;;_R1;;;;;;;_R2;$|,Backbone
X1506,CN[C@@](C)(Cc1c(F)cccc1F)C(C)=O,C[C@@](Cc1c(F)cccc1F)(N[*])C([*])=O |$;;;;;;;;;;;;_R1;;_R2;$|,Backbone
X119,CCCC[C@H](NC)C(=O)c1nc2ccccc2s1,CCCC[C@H](N[*])C(=O)c1nc2ccccc2s1 |$;;;;;;_R1;;;;;;;;;;;$|,Backbone
X779,CC(=O)[C@H](Cc1ccccc1)NC(=O)O,OC(=O)N[C@@H](Cc1ccccc1)C([*])=O |$;;;;;;;;;;;;;_R2;$|,Backbone
X1548,CN[C@@H](CC1c2ccccc2-c2ccccc21)C(C)=O,[*]N[C@@H](CC1c2ccccc2-c2ccccc12)C([*])=O |$_R1;;;;;;;;;;;;;;;;;;_R2;$|,Backbone
X1138,CN[C@@H](C=O)CCC(=O)OC(C)(C)C,CC(C)(C)OC(=O)CC[C@@H](N[*])C=O |$;;;;;;;;;;;_R1;;$|,Backbone
EtCO_G,CCOC(=O)NCC(C)=O,CCOC(=O)NCC([*])=O |$;;;;;;;;_R2;$|,Backbone
X1099,CN[C@H](C=O)Cc1c(C)cc(C)cc1C,Cc1cc(C)c(C[C@H](N[*])C=O)c(C)c1 |$;;;;;;;;;_R1;;;;;$|,Backbone
X99,CC(=O)[C@@H](NS(C)(=O)=O)C(C)C,CC(C)[C@H](NS(C)(=O)=O)C([*])=O |$;;;;;;;;;;_R2;$|,Backbone
X1659,CN[C@]1(C(C)=O)CC[C@H]1C,C[C@@H]1CC[C@]1(N[*])C([*])=O |$;;;;;;_R1;;_R2;$|,Backbone
X2537,CN[C@@H](CC(=O)O)C(=O)COC(=O)C(Cc1ccccc1)Cc1ccccc1,OC(=O)C[C@H](N[*])C(=O)COC(=O)C(Cc1ccccc1)Cc1ccccc1 |$;;;;;;_R1;;;;;;;;;;;;;;;;;;;;;$|,Backbone
X2570,CCN(CC)CCCNCC(C)=O,CCN(CC)CCCNCC([*])=O |$;;;;;;;;;;;_R2;$|,Backbone
X2583,CN[C@@H](CCCCCC=O)C(C)=O,[*]N[C@@H](CCCCCC=O)C([*])=O |$_R1;;;;;;;;;;;_R2;$|,Backbone
X2607,CC(=O)[C@H](CS)NC(=O)OCc1ccccc1,SC[C@H](NC(=O)OCc1ccccc1)C([*])=O |$;;;;;;;;;;;;;;;_R2;$|,Backbone
X2592,CN[C@@H](C(C)=O)[C@H](C)c1c(C)cc(OC)cc1C,COc1cc(C)c([C@@H](C)[C@@H](N[*])C([*])=O)c(C)c1 |$;;;;;;;;;;;_R1;;_R2;;;;$|,Backbone
X2603,CN[C@H](C(=O)NC(=O)N[C@@H](Cc1cnc[nH]1)C(C)=O)C(C)(C)S,CC(C)(S)[C@H](N[*])C(=O)NC(=O)N[C@@H](Cc1cnc[nH]1)C([*])=O |$;;;;;;_R1;;;;;;;;;;;;;;;_R2;$|,Backbone
X2634,CN[C@H](C(=O)c1nn(-c2ccc(N(C)C)cc2)c(=O)o1)C(C)C,CC(C)[C@H](N[*])C(=O)c1nn(-c2ccc(cc2)N(C)C)c(=O)o1 |$;;;;;_R1;;;;;;;;;;;;;;;;;$|,Backbone
X2663,CN[C@H](C(=O)c1nc2cc(C(=O)O)ccc2o1)C(C)C,CC(C)[C@H](N[*])C(=O)c1nc2cc(ccc2o1)C(O)=O |$;;;;;_R1;;;;;;;;;;;;;;$|,Backbone
X2594,CCN(CC)[C@@H](CC(C)(C)C)C(C)=O,CCN(CC)[C@@H](CC(C)(C)C)C([*])=O |$;;;;;;;;;;;;_R2;$|,Backbone
X2747,CC(=O)[C@@H]1C[C@@H](n2ccnn2)CN1C,[*]N1C[C@@H](C[C@H]1C([*])=O)n1ccnn1 |$_R1;;;;;;;_R2;;;;;;$|,Backbone
X2624,COc1ccc2c(O[C@@H]3C[C@@H](C(C)=O)N(C)C3)cc(-c3ccccc3)nc2c1OC,COc1ccc2c(O[C@@H]3C[C@H](N([*])C3)C([*])=O)cc(nc2c1OC)-c1ccccc1 |$;;;;;;;;;;;;_R1;;;_R2;;;;;;;;;;;;;;$|,Backbone
X2644,CC(=O)[C@H](Cc1cnc[nH]1)NS(C)(=O)=O,CS(=O)(=O)N[C@@H](Cc1cnc[nH]1)C([*])=O |$;;;;;;;;;;;;;_R2;$|,Backbone
X2700,CC(=O)[C@H](CC(C)C)NC(=O)NCc1ccccc1,CC(C)C[C@H](NC(=O)NCc1ccccc1)C([*])=O |$;;;;;;;;;;;;;;;;;_R2;$|,Backbone
X2748,CCCC(=O)C(=O)[C@H](CC1CCCCC1)NC,CCCC(=O)C(=O)[C@H](CC1CCCCC1)N[*] |$;;;;;;;;;;;;;;;;_R1$|,Backbone
EtCO_Phe(4-Cl),CCOC(=O)N[C@@H](Cc1ccc(Cl)cc1)C(C)=O,CCOC(=O)N[C@@H](Cc1ccc(Cl)cc1)C([*])=O |$;;;;;;;;;;;;;;;;_R2;$|,Backbone
X2577,CC[C@H](C)[C@H](NNCC(=O)[C@H](Cc1ccc(O)cc1)NC)C(C)=O,CC[C@H](C)[C@H](NNCC(=O)[C@H](Cc1ccc(O)cc1)N[*])C([*])=O |$;;;;;;;;;;;;;;;;;;;;_R1;;_R2;$|,Backbone
X2344,CC(=O)[C@@H](CCCCN)NC(=O)N[C@@H](Cc1ccccc1)C(=O)O,NCCCC[C@@H](NC(=O)N[C@@H](Cc1ccccc1)C(O)=O)C([*])=O |$;;;;;;;;;;;;;;;;;;;;;;_R2;$|,Backbone
X2428,CCOc1cccnc1C(=O)[C@@H](NC)C(C)C,CCOc1cccnc1C(=O)[C@@H](N[*])C(C)C |$;;;;;;;;;;;;;_R1;;;$|,Backbone
X2416,CC(=O)CN(C)c1ccc(Oc2ccccc2)cc1,[*]N(CC([*])=O)c1ccc(Oc2ccccc2)cc1 |$_R1;;;;_R2;;;;;;;;;;;;;;$|,Backbone
X2417,CN[C@@H](CC(=O)O)C(=O)c1ncc(-c2ccccc2)[nH]1,OC(=O)C[C@H](N[*])C(=O)c1ncc([nH]1)-c1ccccc1 |$;;;;;;_R1;;;;;;;;;;;;;$|,Backbone
X2418,CN[C@@H](CCCNC(=N)N)C(=O)CCC(=O)OC,COC(=O)CCC(=O)[C@H](CCCNC(N)=N)N[*] |$;;;;;;;;;;;;;;;;;_R1$|,Backbone
X2401,CN[C@@H](CCCCNC(N)=S)C(C)=O,NC(=S)NCCCC[C@H](N[*])C([*])=O |$;;;;;;;;;;_R1;;_R2;$|,Backbone
X2459,CC(=O)[C@@H](NCc1ccccc1S)C(C)C,CC(C)[C@H](NCc1ccccc1S)C([*])=O |$;;;;;;;;;;;;;;_R2;$|,Backbone
X2269,CC(=O)[C@H](CCCCN)NC(=O)OCc1cc(=O)c(O)co1,NCCCC[C@H](NC(=O)OCc1cc(=O)c(O)co1)C([*])=O |$;;;;;;;;;;;;;;;;;;;;_R2;$|,Backbone
X2294,COP(=S)(N[C@@H](Cc1ccc(Cl)cc1)C(C)=O)OC,COP(=S)(N[C@@H](Cc1ccc(Cl)cc1)C([*])=O)OC |$;;;;;;;;;;;;;;;_R2;;;$|,Backbone
Boc_dV,CC(=O)[C@H](NC(=O)OC(C)(C)C)C(C)C,CC(C)[C@@H](NC(=O)OC(C)(C)C)C([*])=O |$;;;;;;;;;;;;;_R2;$|,Backbone
X553,CN[C@@H](CSCc1ccc2c(S(=O)(=O)N(C)C)ccc(O)c2n1)C(C)=O,CN(C)S(=O)(=O)c1ccc(O)c2nc(CSC[C@H](N[*])C([*])=O)ccc12 |$;;;;;;;;;;;;;;;;;;;_R1;;_R2;;;;$|,Backbone
X831,CN[C@@H](CCc1ccc(O)cc1)C(C)=O,Oc1ccc(CC[C@H](N[*])C([*])=O)cc1 |$;;;;;;;;;_R1;;_R2;;;$|,Backbone
X673,CN[C@H](C=O)Cc1ccc(OC)cc1,COc1ccc(C[C@H](N[*])C=O)cc1 |$;;;;;;;;;_R1;;;;$|,Backbone
X703,CN[C@@H](Cc1ccc(OCC(=O)O)c(OCC(=O)O)c1)C(C)=O,OC(=O)COc1ccc(C[C@H](N[*])C([*])=O)cc1OCC(O)=O |$;;;;;;;;;;;;_R1;;_R2;;;;;;;;$|,Backbone
X835,CC(=O)[C@@H](NC[C@@H](N)CS)C(C)(C)C,CC(C)(C)[C@H](NC[C@@H](N)CS)C([*])=O |$;;;;;;;;;;;;_R2;$|,Backbone
X780,CN[C@@H](CCC(=O)O)C(=O)NC(=O)OC,COC(=O)NC(=O)[C@H](CCC(O)=O)N[*] |$;;;;;;;;;;;;;;_R1$|,Backbone
Me_dL,CC(=O)[C@@H](CC(C)C)N(C)C,CC(C)C[C@@H](N(C)[*])C([*])=O |$;;;;;;;_R1;;_R2;$|,Backbone
X838,CN[C@@H](CSN=O)C(C)=O,[*]N[C@@H](CSN=O)C([*])=O |$_R1;;;;;;;;_R2;$|,Backbone
X901,CC(=O)[C@H](CCC(=O)O)NCCc1c2ccccc2cc2ccccc12,OC(=O)CC[C@H](NCCc1c2ccccc2cc2ccccc12)C([*])=O |$;;;;;;;;;;;;;;;;;;;;;;;;_R2;$|,Backbone
X583,CN[C@@H](C(C)=O)[C@H](C)OP(=O)(O)O,C[C@H](OP(O)(O)=O)[C@@H](N[*])C([*])=O |$;;;;;;;;;_R1;;_R2;$|,Backbone
X647,CC(=O)[C@@H]1Cc2ccc(O)cc2CN1,Oc1ccc2C[C@H](NCc2c1)C([*])=O |$;;;;;;;;;;;;_R2;$|,Backbone
X455,CC(=O)[C@H](Cc1ccccc1)NC(=O)Nc1cccc(C)c1,Cc1cccc(NC(=O)N[C@@H](Cc2ccccc2)C([*])=O)c1 |$;;;;;;;;;;;;;;;;;;;_R2;;$|,Backbone
X2856,CN[C@@H](Cc1ccccc1)C(=O)C(=O)C(=O)OCc1ccccc1,[*]N[C@@H](Cc1ccccc1)C(=O)C(=O)C(=O)OCc1ccccc1 |$_R1;;;;;;;;;;;;;;;;;;;;;;;$|,Backbone
X3024,CNC(=S)NCCCC[C@H](NC)C(C)=O,CNC(=S)NCCCC[C@H](N[*])C([*])=O |$;;;;;;;;;;;_R1;;_R2;$|,Backbone
X3029,CN[C@@H](CCCCNC(=S)NCCC(=O)O)C(C)=O,OC(=O)CCNC(=S)NCCCC[C@H](N[*])C([*])=O |$;;;;;;;;;;;;;;;_R1;;_R2;$|,Backbone
X2862,CC(=O)[C@H](Cc1ccc(F)cc1)N(C(C)=O)C(=O)COc1ccccc1,CC(=O)N([C@@H](Cc1ccc(F)cc1)C([*])=O)C(=O)COc1ccccc1 |$;;;;;;;;;;;;;;_R2;;;;;;;;;;;$|,Backbone
X2520,CC(=O)CN1CCN(CC(=O)O)C1=O,OC(=O)CN1CCN(CC([*])=O)C1=O |$;;;;;;;;;;_R2;;;$|,Backbone
X2495,CN[C@H](C(=O)c1nc2ccccc2s1)C(C)C,CC(C)[C@H](N[*])C(=O)c1nc2ccccc2s1 |$;;;;;_R1;;;;;;;;;;;$|,Backbone
X2512,CC(=O)[C@@H](NCc1c(O)ccc2ccccc12)C(C)C,CC(C)[C@H](NCc1c(O)ccc2ccccc12)C([*])=O |$;;;;;;;;;;;;;;;;;;_R2;$|,Backbone
X2498,CC(=O)[C@H](CCCCN)NC(=O)O,NCCCC[C@H](NC(O)=O)C([*])=O |$;;;;;;;;;;;_R2;$|,Backbone
X2479,CN[C@@H](CCCNC(=N)N)C(=O)c1nc2ccccc2c(=O)[nH]1,NC(=N)NCCC[C@H](N[*])C(=O)c1nc2ccccc2c(=O)[nH]1 |$;;;;;;;;;_R1;;;;;;;;;;;;;$|,Backbone
X2541,CN[C@H](C(=O)c1nc2ccccc2n1C)C(C)C,CC(C)[C@H](N[*])C(=O)c1nc2ccccc2n1C |$;;;;;_R1;;;;;;;;;;;;$|,Backbone
X2253,CN[C@H](C=O)CSCCCCOc1ccc(C[C@H](NC(=O)OCc2ccccc2)C(C)=O)cc1,[*]N[C@@H](CSCCCCOc1ccc(C[C@H](NC(=O)OCc2ccccc2)C([*])=O)cc1)C=O |$_R1;;;;;;;;;;;;;;;;;;;;;;;;;;;;_R2;;;;;$|,Backbone
X2261,COP(=O)(N[C@@H](Cc1ccc(Cl)cc1)C(C)=O)OC,COP(=O)(N[C@@H](Cc1ccc(Cl)cc1)C([*])=O)OC |$;;;;;;;;;;;;;;;_R2;;;$|,Backbone
X2255,CN[C@H](C=O)CCCOc1ccc(C[C@H](NS(=O)(=O)c2ccc(F)cc2)C(C)=O)cc1,Fc1ccc(cc1)S(=O)(=O)N[C@@H](Cc1ccc(OCCC[C@H](N[*])C=O)cc1)C([*])=O |$;;;;;;;;;;;;;;;;;;;;;;;_R1;;;;;;_R2;$|,Backbone
X2250,CCCOC(=O)c1ccc(O)c(CN[C@H](C(C)=O)C(C)C)c1,CCCOC(=O)c1ccc(O)c(CN[C@@H](C(C)C)C([*])=O)c1 |$;;;;;;;;;;;;;;;;;;;_R2;;$|,Backbone
X2241,CN[C@H](C(=O)c1nc2ccc(C(=O)OC)cc2o1)C(C)C,COC(=O)c1ccc2nc(oc2c1)C(=O)[C@@H](N[*])C(C)C |$;;;;;;;;;;;;;;;;;_R1;;;$|,Backbone
X2243,CN[C@@H](CCCNC(=N)N)C(=O)CN1CCC[C@H]1NCC(C)=O,NC(=N)NCCC[C@H](N[*])C(=O)CN1CCC[C@H]1NCC([*])=O |$;;;;;;;;;_R1;;;;;;;;;;;;_R2;$|,Backbone
lalloI,CC[C@@H](C)[C@H](NC)C(C)=O,CC[C@@H](C)[C@H](N[*])C([*])=O |$;;;;;;_R1;;_R2;$|,Backbone
Thr(Bzl),CN[C@H](C(C)=O)[C@@H](C)OCc1ccccc1,C[C@@H](OCc1ccccc1)[C@H](N[*])C([*])=O |$;;;;;;;;;;;;_R1;;_R2;$|,Backbone
F,CN[C@@H](Cc1ccccc1)C(C)=O,[*]N[C@@H](Cc1ccccc1)C([*])=O |$_R1;;;;;;;;;;;_R2;$|,Backbone
dK,CNCCCC[C@@H](NC)C(C)=O,[*]N[C@H](CCCCN[*])C([*])=O |$_R1;;;;;;;;_R3;;_R2;$|,Backbone
X941,CN[C@@H](C[C@@H]1CCNC1=O)C(=O)c1nc2ccccc2s1,[*]N[C@@H](C[C@@H]1CCNC1=O)C(=O)c1nc2ccccc2s1 |$_R1;;;;;;;;;;;;;;;;;;;;$|,Backbone
X744,CN[C@]1(C(C)=O)CCC[C@@H]1O,O[C@H]1CCC[C@]1(N[*])C([*])=O |$;;;;;;;_R1;;_R2;$|,Backbone
X810,CC(=O)[C@@H]1C[C@@H](OCc2cccc(C)c2)CN1C,Cc1cccc(CO[C@@H]2C[C@H](N([*])C2)C([*])=O)c1 |$;;;;;;;;;;;;_R1;;;_R2;;$|,Backbone
X814,COC(=O)N[C@@H](Cc1c[nH]c2ccccc12)C(C)=O,COC(=O)N[C@@H](Cc1c[nH]c2ccccc12)C([*])=O |$;;;;;;;;;;;;;;;;;_R2;$|,Backbone
X957,CC(=O)[C@@H](NC(=O)N(Cc1ccccc1)Cc1ccccc1)C(C)C,CC(C)[C@H](NC(=O)N(Cc1ccccc1)Cc1ccccc1)C([*])=O |$;;;;;;;;;;;;;;;;;;;;;;;_R2;$|,Backbone
dLys(Cbz),CN[C@H](CCCCNC(=O)OCc1ccccc1)C(C)=O,[*]N[C@H](CCCCNC(=O)OCc1ccccc1)C([*])=O |$_R1;;;;;;;;;;;;;;;;;;;_R2;$|,Backbone
X1178,CC(=O)[C@H](CCCN)NC(=O)OC(C)(C)C,CC(C)(C)OC(=O)N[C@@H](CCCN)C([*])=O |$;;;;;;;;;;;;;;_R2;$|,Backbone
X1169,CCC[C@@H](CN[C@@H](Cc1ccc(O)cc1)C(C)=O)C(=O)O,CCC[C@@H](CN[C@@H](Cc1ccc(O)cc1)C([*])=O)C(O)=O |$;;;;;;;;;;;;;;;;_R2;;;;$|,Backbone
X1184,CC(=O)CN(C)CCCCF,FCCCCN([*])CC([*])=O |$;;;;;;_R1;;;_R2;$|,Backbone
X893,CN[C@@H](CCCCNC(C)=[Se])C(C)=O,CC(=[Se])NCCCC[C@H](N[*])C([*])=O |$;;;;;;;;;;_R1;;_R2;$|,Backbone
X1039,CN[C@@H](COC(=O)C=Cc1ccccc1)C(=O)OC,"COC(=O)[C@H](COC(=O)C=Cc1ccccc1)N[*] |w:9.8,$;;;;;;;;;;;;;;;;;;_R1$|",Backbone
X1021,CN[C@@H](CCCNC(=N)NS(=O)(=O)c1ccc(C)cc1)C(C)=O,Cc1ccc(cc1)S(=O)(=O)NC(=N)NCCC[C@H](N[*])C([*])=O |$;;;;;;;;;;;;;;;;;;;_R1;;_R2;$|,Backbone
X1164,CN[C@@H](Cc1ccc(CC(=O)O)cc1)C(C)=O,OC(=O)Cc1ccc(C[C@H](N[*])C([*])=O)cc1 |$;;;;;;;;;;;_R1;;_R2;;;$|,Backbone
X792,CN[C@@]1(C(C)=O)C[C@@H]1C(C)C,CC(C)[C@H]1C[C@@]1(N[*])C([*])=O |$;;;;;;;_R1;;_R2;$|,Backbone
X793,CC(=O)[C@H](N)Cc1c(C)cc(O)cc1C,Cc1cc(O)cc(C)c1C[C@@H](N)C([*])=O |$;;;;;;;;;;;;;_R2;$|,Backbone
X731,CC(=O)[C@H]1N(C)CSC1(C)C,CC1(C)SCN([*])[C@@H]1C([*])=O |$;;;;;;_R1;;;_R2;$|,Backbone
X925,CCCCC[C@@H](C(C)=O)N(C)CC,CCCCC[C@H](N([*])CC)C([*])=O |$;;;;;;;_R1;;;;_R2;$|,Backbone
X1906,CN[C@H](COCCOCCO)C(C)=O,OCCOCCOC[C@@H](N[*])C([*])=O |$;;;;;;;;;;_R1;;_R2;$|,Backbone
X1693,CN[C@@H](C(C)=O)C1c2ccccc2CCc2ccccc21,[*]N[C@H](C1c2ccccc2CCc2ccccc12)C([*])=O |$_R1;;;;;;;;;;;;;;;;;;;_R2;$|,Backbone
Me_3-Pal,CC(=O)[C@H](Cc1cccnc1)N(C)C,CN([*])[C@@H](Cc1cccnc1)C([*])=O |$;;_R1;;;;;;;;;;_R2;$|,Backbone
X2069,CC[C@@]1(OC(=O)N(CCNC)CC(C)=O)C(=O)OCc2c1cc1n(c2=O)Cc2cc3ccccc3nc2-1,CC[C@@]1(OC(=O)N(CCNC)CC([*])=O)C(=O)OCc2c1cc1-c3nc4ccccc4cc3Cn1c2=O |$;;;;;;;;;;;;;_R2;;;;;;;;;;;;;;;;;;;;;;;$|,Backbone
X2076,CN[C@H](C(C)=O)[C@H](C)c1ccc([N+](=O)[O-])cc1,C[C@@H]([C@H](N[*])C([*])=O)c1ccc(cc1)N(=O)=O |$;;;;_R1;;_R2;;;;;;;;;;$|,Backbone
X1966,CN[C@H](C(C)=O)c1ccc(F)c(F)c1,Fc1ccc(cc1F)[C@H](N[*])C([*])=O |$;;;;;;;;;;_R1;;_R2;$|,Backbone
X1985,CN[C@@H](Cc1c[nH]c2ncccc12)C(C)=O,[*]N[C@@H](Cc1c[nH]c2ncccc12)C([*])=O |$_R1;;;;;;;;;;;;;;_R2;$|,Backbone
X2072,CSC[C@H](NCCCNC(=N)N)C(C)=O,NC(=N)NCCCN[C@@H](CS[*])C([*])=O |$;;;;;;;;;;;_R3;;_R2;$|,Backbone
X2053,CSC[C@@H](NC(=O)Nc1ccc([N+](=O)[O-])cc1)C(C)=O,[*]C(=O)[C@@H](CS[*])NC(=O)Nc1ccc(cc1)N(=O)=O |$_R2;;;;;;_R3;;;;;;;;;;;;;$|,Backbone
X1686,C#CCOC[C@@H](NC)C(C)=O,[*]N[C@H](COCC#C)C([*])=O |$_R1;;;;;;;;;_R2;$|,Backbone
X1829,CC(=O)[C@H]1CCNCN1C,[*]N1CNCC[C@@H]1C([*])=O |$_R1;;;;;;;;_R2;$|,Backbone
X1690,CC=CCC(C)(C)[C@@H](O)[C@@H](C(C)=O)N(C)C,"CC=CCC(C)(C)[C@@H](O)[C@H](N(C)[*])C([*])=O |w:1.0,$;;;;;;;;;;;;_R1;;_R2;$|",Backbone
X1922,CN[C@@H](CCCCSCC(=O)C(F)(F)F)C(C)=O,FC(F)(F)C(=O)CSCCCC[C@H](N[*])C([*])=O |$;;;;;;;;;;;;;;_R1;;_R2;$|,Backbone
X1941,CCn1cc(C[C@H](NC)C(C)=O)c2ccccc21,CCn1cc(C[C@H](N[*])C([*])=O)c2ccccc12 |$;;;;;;;;_R1;;_R2;;;;;;;$|,Backbone
X1795,CC(=O)[C@H]1CCCNN1C,[*]N1NCCC[C@@H]1C([*])=O |$_R1;;;;;;;;_R2;$|,Backbone
X1871,CN[C@H](CCOCCSC(C)=O)C(C)=O,CC(=O)SCCOCC[C@@H](N[*])C([*])=O |$;;;;;;;;;;;_R1;;_R2;$|,Backbone
X1814,CC(=O)[C@@H]1C[C@H](C)CN1C,C[C@H]1C[C@H](N([*])C1)C([*])=O |$;;;;;_R1;;;_R2;$|,Backbone
X1727,CN[C@H](CCCCNC(=O)OCc1ccc(Cl)cc1)C(C)=O,Clc1ccc(COC(=O)NCCCC[C@@H](N[*])C([*])=O)cc1 |$;;;;;;;;;;;;;;;;_R1;;_R2;;;$|,Backbone
X1757,COC[C@@H](C)[C@@H](O)[C@@H](C(C)=O)N(C)C,COC[C@@H](C)[C@@H](O)[C@H](N(C)[*])C([*])=O |$;;;;;;;;;;_R1;;_R2;$|,Backbone
X1674,CN[C@@H](CCCCCC(=O)[C@@H](C)O)C(C)=O,C[C@@H](O)C(=O)CCCCC[C@H](N[*])C([*])=O |$;;;;;;;;;;;;_R1;;_R2;$|,Backbone
X1861,CS[C@H](C(C)=O)N(C)C,CS[C@@H](N(C)[*])C([*])=O |$;;;;;_R1;;_R2;$|,Backbone
X1752,CN[C@@H](Cc1ccc(C(F)(F)OP(=O)(O)O)cc1)C(C)=O,OP(O)(=O)OC(F)(F)c1ccc(C[C@H](N[*])C([*])=O)cc1 |$;;;;;;;;;;;;;;;_R1;;_R2;;;$|,Backbone
X1197,CN[C@@H](Cc1cn(OC)c2ccccc12)C(C)=O,COn1cc(C[C@H](N[*])C([*])=O)c2ccccc12 |$;;;;;;;;_R1;;_R2;;;;;;;$|,Backbone
X1755,CN[C@@H](C(C)=O)[C@H](OCc1ccccc1)c1ccccc1,[*]N[C@H]([C@H](OCc1ccccc1)c1ccccc1)C([*])=O |$_R1;;;;;;;;;;;;;;;;;;;_R2;$|,Backbone
Me_dH,CC(=O)[C@@H](Cc1cnc[nH]1)N(C)C,CN([*])[C@H](Cc1cnc[nH]1)C([*])=O |$;;_R1;;;;;;;;;_R2;$|,Backbone
X1785,CN[C@H](CCN(C)C)C(C)=O,CN(C)CC[C@@H](N[*])C([*])=O |$;;;;;;;_R1;;_R2;$|,Backbone
X31,CC[C@@H]1C[C@]1(NC)C(=O)O,CC[C@@H]1C[C@]1(N[*])C(O)=O |$;;;;;;_R1;;;$|,Backbone
X149,CN[C@@H](Cc1ccc(O)c(N=Nc2ccc([N-][N+]#N)cc2)c1)C(C)=O,"Oc1ccc(C[C@H](N[*])C([*])=O)cc1N=Nc1ccc([N-][N+]#N)cc1 |w:14.14,$;;;;;;;;_R1;;_R2;;;;;;;;;;;;;;$|",Backbone
Lys(Cbz),CN[C@@H](CCCCNC(=O)OCc1ccccc1)C(C)=O,[*]N[C@@H](CCCCNC(=O)OCc1ccccc1)C([*])=O |$_R1;;;;;;;;;;;;;;;;;;;_R2;$|,Backbone
X304,CN[C@@H](Cc1cc(C)c(O)cc1C)C(C)=O,Cc1cc(C[C@H](N[*])C([*])=O)c(C)cc1O |$;;;;;;;_R1;;_R2;;;;;;$|,Backbone
X164,CN[C@H](C(C)=O)[C@@H](C)c1ccc(O)cc1,C[C@H]([C@H](N[*])C([*])=O)c1ccc(O)cc1 |$;;;;_R1;;_R2;;;;;;;;$|,Backbone
X292,CCCC[C@H](C=O)NC,CCCC[C@@H](N[*])C=O |$;;;;;;_R1;;$|,Backbone
X423,C=CC[C@H](NC)C(C)=O,[*]N[C@@H](CC=C)C([*])=O |$_R1;;;;;;;_R2;$|,Backbone
X280,CN[C@@H](CC(=O)O)C(=O)c1cocn1,OC(=O)C[C@H](N[*])C(=O)c1cocn1 |$;;;;;;_R1;;;;;;;$|,Backbone
X357,CC(=O)[C@@H](NCc1ccccc1O)C(C)C,CC(C)[C@H](NCc1ccccc1O)C([*])=O |$;;;;;;;;;;;;;;_R2;$|,Backbone
X111,CN[C@@H](CCCN(C)C)C(C)=O,CN(C)CCC[C@H](N[*])C([*])=O |$;;;;;;;;_R1;;_R2;$|,Backbone
dHpr,CC(=O)[C@@H]1CCCCN1C,[*]N1CCCC[C@H]1C([*])=O |$_R1;;;;;;;;_R2;$|,Backbone
Nva,CCC[C@H](NC)C(C)=O,CCC[C@H](N[*])C([*])=O |$;;;;;_R1;;_R2;$|,Backbone
dPhg,CN[C@@H](C(C)=O)c1ccccc1,[*]N[C@@H](C([*])=O)c1ccccc1 |$_R1;;;;_R2;;;;;;;$|,Backbone
X8,CC(=O)CNC[C@@H](N)Cc1ccc(O)cc1,N[C@H](CNCC([*])=O)Cc1ccc(O)cc1 |$;;;;;;_R2;;;;;;;;;$|,Backbone
dM,CN[C@H](CCSC)C(C)=O,CSCC[C@@H](N[*])C([*])=O |$;;;;;;_R1;;_R2;$|,Backbone
X2784,CN[C@@H](CCCCNC(=O)Nc1ccccc1Cl)C(C)=O,Clc1ccccc1NC(=O)NCCCC[C@H](N[*])C([*])=O |$;;;;;;;;;;;;;;;;;_R1;;_R2;$|,Backbone
X2761,CN[C@H](C(=O)O)[C@@H](C)CP(=O)(O)O,C[C@@H](CP(O)(O)=O)[C@H](N[*])C(O)=O |$;;;;;;;;;_R1;;;$|,Backbone
X2488,CN[C@@H](CCCCNC(=O)Nc1ccccc1)C(C)=O,[*]N[C@@H](CCCCNC(=O)Nc1ccccc1)C([*])=O |$_R1;;;;;;;;;;;;;;;;;;_R2;$|,Backbone
X2814,COc1ccc(S(=O)(=O)N[C@@H](C)C(C)=O)cc1,COc1ccc(cc1)S(=O)(=O)N[C@@H](C)C([*])=O |$;;;;;;;;;;;;;;;_R2;$|,Backbone
X181,CN[C@@H](CCCCNC(=S)Nc1ccc2c(c1)C(=O)OC21c2ccc(O)cc2Oc2cc(O)ccc21)C(C)=O,Oc1ccc2c(Oc3cc(O)ccc3C22OC(=O)c3cc(NC(=S)NCCCC[C@H](N[*])C([*])=O)ccc23)c1 |$;;;;;;;;;;;;;;;;;;;;;;;;;;;;;;;_R1;;_R2;;;;;$|,Backbone
X2887,CC(=O)[C@H](CC(C)C)NC(=O)NC[C@@H](COS(=O)(=O)O)OS(=O)(=O)O,CC(C)C[C@H](NC(=O)NC[C@@H](COS(O)(=O)=O)OS(O)(=O)=O)C([*])=O |$;;;;;;;;;;;;;;;;;;;;;;;_R2;$|,Backbone
X2820,CN[C@@H](Cc1cnc(-c2ccc(C)cc2)[nH]1)C(C)=O,Cc1ccc(cc1)-c1ncc(C[C@H](N[*])C([*])=O)[nH]1 |$;;;;;;;;;;;;;;_R1;;_R2;;$|,Backbone
X2805,CC(=O)[C@H](CC(C)C)NC(=O)NCCCCO,CC(C)C[C@H](NC(=O)NCCCCO)C([*])=O |$;;;;;;;;;;;;;;;_R2;$|,Backbone
Aad,CN[C@@H](CCCC(C)=O)C(C)=O,[*]N[C@@H](CCCC([*])=O)C([*])=O |$_R1;;;;;;;_R3;;;_R2;$|,Backbone
X2809,CC[C@@H](C)[C@@H](N)C1=N[C@H](C(C)=O)CS1,"CC[C@@H](C)[C@@H](N)C1=N[C@@H](CS1)C([*])=O |$;;;;;;;;;;;;_R2;$,t:6|",Backbone
X2901,CC(=O)[C@H](CC(C)C)NC(=O)OC[C@@H](O)CO,CC(C)C[C@H](NC(=O)OC[C@@H](O)CO)C([*])=O |$;;;;;;;;;;;;;;;_R2;$|,Backbone
X2764,CN[C@H](C(=O)OCCOCn1cnc2c(=O)[nH]c(N)nc21)C(C)C,CC(C)[C@H](N[*])C(=O)OCCOCn1cnc2c1nc(N)[nH]c2=O |$;;;;;_R1;;;;;;;;;;;;;;;;;;$|,Backbone
X2769,CC(=O)[C@H](CC(C)C)NC(=O)N1CCC[C@H]1C(=O)OC(C)(C)C,CC(C)C[C@H](NC(=O)N1CCC[C@H]1C(=O)OC(C)(C)C)C([*])=O |$;;;;;;;;;;;;;;;;;;;;;_R2;$|,Backbone
X1923,COC(=O)c1ccc2nc(C[C@@H](C)[C@@H](O)[C@@H](C(C)=O)N(C)C)[nH]c2c1,COC(=O)c1ccc2nc(C[C@@H](C)[C@@H](O)[C@H](N(C)[*])C([*])=O)[nH]c2c1 |$;;;;;;;;;;;;;;;;;;_R1;;_R2;;;;$|,Backbone
Fmoc_dV,CC(=O)[C@H](NC(=O)OCC1c2ccccc2-c2ccccc21)C(C)C,CC(C)[C@@H](NC(=O)OCC1c2ccccc2-c2ccccc12)C([*])=O |$;;;;;;;;;;;;;;;;;;;;;;;_R2;$|,Backbone
X2108,COc1ccc2c(O[C@@H]3C[C@@H](C(C)=O)N(C)C3)cc(-c3ccccc3)nc2c1,COc1ccc2c(O[C@@H]3C[C@H](N([*])C3)C([*])=O)cc(nc2c1)-c1ccccc1 |$;;;;;;;;;;;;_R1;;;_R2;;;;;;;;;;;;$|,Backbone
X2140,CC(=O)Cn1cc(C)c(=O)[nH]c1=O,Cc1cn(CC([*])=O)c(=O)[nH]c1=O |$;;;;;;_R2;;;;;;$|,Backbone
X2132,CN[C@@H](Cc1cc(=O)oc2cc(O)ccc12)C(C)=O,Oc1ccc2c(C[C@H](N[*])C([*])=O)cc(=O)oc2c1 |$;;;;;;;;;_R1;;_R2;;;;;;;$|,Backbone
X2190,CN[C@H](C(=O)c1ccco1)C(C)C,CC(C)[C@H](N[*])C(=O)c1ccco1 |$;;;;;_R1;;;;;;;$|,Backbone
X2211,CN[C@@H](CCCNC(=N)N)C(=O)NC(=O)[C@@H](N)CS,N[C@@H](CS)C(=O)NC(=O)[C@H](CCCNC(N)=N)N[*] |$;;;;;;;;;;;;;;;;;;_R1$|,Backbone
X1998,CN[C@@H](Cc1cc(I)c(O)c(I)c1)C(C)=O,Oc1c(I)cc(C[C@H](N[*])C([*])=O)cc1I |$;;;;;;;;;_R1;;_R2;;;;$|,Backbone
X1702,CC(=O)[C@H](CC1CC1)N(C)C,CN([*])[C@@H](CC1CC1)C([*])=O |$;;_R1;;;;;;;_R2;$|,Backbone
X1128,CC(=O)[C@H](Cc1ccc2ccccc2c1)NC(=O)OCC1c2ccccc2-c2ccccc21,[*]C(=O)[C@H](Cc1ccc2ccccc2c1)NC(=O)OCC1c2ccccc2-c2ccccc12 |$_R2;;;;;;;;;;;;;;;;;;;;;;;;;;;;;;;;$|,Backbone
X1290,C#CCNCC(=C)N(CC(C)=O)Cc1ccco1,[*]C(=O)CN(Cc1ccco1)C(=C)CNCC#C |$_R2;;;;;;;;;;;;;;;;;$|,Backbone
X1494,CN[C@H](C(=O)Oc1nnn[nH]1)C(C)C,CC(C)[C@H](N[*])C(=O)Oc1nnn[nH]1 |$;;;;;_R1;;;;;;;;$|,Backbone
X1438,CN[C@H](CCCN=C(NC#N)NCc1ccccn1)C(C)=O,"[*]N[C@H](CCCN=C(NCc1ccccn1)NC#N)C([*])=O |w:6.5,$_R1;;;;;;;;;;;;;;;;;;;;_R2;$|",Backbone
X1240,CN[C@H](CCCCNC(=NC(C)C)NC(C)C)C(C)=O,"CC(C)NC(NCCCC[C@@H](N[*])C([*])=O)=NC(C)C |w:16.16,$;;;;;;;;;;;;_R1;;_R2;;;;;$|",Backbone
X1322,CC[C@H](C)[C@H](NCCCS)C(C)=O,CC[C@H](C)[C@H](NCCCS)C([*])=O |$;;;;;;;;;;;_R2;$|,Backbone
X1298,CN[C@@H](CCCN)C(=O)c1nc2ccccc2s1,NCCC[C@H](N[*])C(=O)c1nc2ccccc2s1 |$;;;;;;_R1;;;;;;;;;;;$|,Backbone
X1309,CCC(=O)C(=O)[C@H](CC)NC,CC[C@H](N[*])C(=O)C(=O)CC |$;;;;_R1;;;;;;$|,Backbone
X1463,CC(=O)[C@@H]1C[C@H](n2cc(-c3ccccc3CO)nn2)CN1C,OCc1ccccc1-c1cn(nn1)[C@H]1C[C@H](N([*])C1)C([*])=O |$;;;;;;;;;;;;;;;;;_R1;;;_R2;$|,Backbone
X1378,CC(=O)[C@@H]1CCCN1c1nc2ccccc2c(=O)o1,[*]C(=O)[C@@H]1CCCN1c1nc2ccccc2c(=O)o1 |$_R2;;;;;;;;;;;;;;;;;;$|,Backbone
X1340,CCC[C@](C)(NCCCC1CCCCC1)C(C)=O,CCC[C@](C)(NCCCC1CCCCC1)C([*])=O |$;;;;;;;;;;;;;;;;_R2;$|,Backbone
X1258,CC(=O)CN(C)CC1CCCCC1,[*]N(CC1CCCCC1)CC([*])=O |$_R1;;;;;;;;;;;_R2;$|,Backbone
X1261,CN[C@@H](COC(=O)c1ccc(Cl)cc1)C(=O)OC,COC(=O)[C@H](COC(=O)c1ccc(Cl)cc1)N[*] |$;;;;;;;;;;;;;;;;;_R1$|,Backbone
X1264,CN[C@@H](C(C)=O)[C@@H](C)OC(C)(C)C,C[C@@H](OC(C)(C)C)[C@@H](N[*])C([*])=O |$;;;;;;;;;_R1;;_R2;$|,Backbone
Me_Lys(Me),CNCCCC[C@@H](C(C)=O)N(C)C,CNCCCC[C@H](N(C)[*])C([*])=O |$;;;;;;;;;_R1;;_R2;$|,Backbone
X1070,CN[C@]1(C(C)=O)C[C@@H](CN)C1,NC[C@H]1C[C@@](C1)(N[*])C([*])=O |$;;;;;;;_R1;;_R2;$|,Backbone
X1136,CNCCC[C@H]([N-][N+]#N)C(C)=O,CNCCC[C@H]([N-][N+]#N)C([*])=O |$;;;;;;;;;;_R2;$|,Backbone
X236,C=CCN(C)CC(C)=O,[*]N(CC=C)CC([*])=O |$_R1;;;;;;;_R2;$|,Backbone
X390,CN[C@@H](Cc1ccc(O)c([N-][N+]#N)c1)C(C)=O,Oc1ccc(C[C@H](N[*])C([*])=O)cc1[N-][N+]#N |$;;;;;;;;_R1;;_R2;;;;;;$|,Backbone
X346,CC(=O)[C@@H]1[C@@H](O)CCN1C,O[C@H]1CCN([*])[C@@H]1C([*])=O |$;;;;;_R1;;;_R2;$|,Backbone
Nle_OMe,CCCC[C@H](NC)C(=O)OC,CCCC[C@H](N[*])C(=O)OC |$;;;;;;_R1;;;;$|,Backbone
X696,CN[C@@H](C=O)CC(=O)O,OC(=O)C[C@@H](N[*])C=O |$;;;;;;_R1;;$|,Backbone
X697,CCC(=O)[C@H](CC(=O)O)NC,CCC(=O)[C@H](CC(O)=O)N[*] |$;;;;;;;;;;_R1$|,Backbone
X267,CCN1C(=O)C[C@H](C(C)=O)NC1=O,CCN1C(=O)C[C@@H](NC1=O)C([*])=O |$;;;;;;;;;;;_R2;$|,Backbone
X623,CC(=O)[C@@H]1CC(=O)N(Cc2ccccc2)C(=O)N1,[*]C(=O)[C@@H]1CC(=O)N(Cc2ccccc2)C(=O)N1 |$_R2;;;;;;;;;;;;;;;;;$|,Backbone
X342,CN[C@@H](Cc1cn(Cc2ccccc2)cn1)C(C)=O,[*]N[C@@H](Cc1cn(Cc2ccccc2)cn1)C([*])=O |$_R1;;;;;;;;;;;;;;;;;_R2;$|,Backbone
X563,CN[C@H](C(=O)c1cocn1)C(C)C,CC(C)[C@H](N[*])C(=O)c1cocn1 |$;;;;;_R1;;;;;;;$|,Backbone
X689,CC(=O)[C@@H](NC(=O)N1CCOCC1)C(C)C,CC(C)[C@H](NC(=O)N1CCOCC1)C([*])=O |$;;;;;;;;;;;;;;_R2;$|,Backbone
X1600,CNC1(C(C)=O)CC(CCN)C1,NCCC1CC(C1)(N[*])C([*])=O |$;;;;;;;;_R1;;_R2;$|,Backbone
X1526,CN[C@@H](CC(C)C)C(=O)OCc1ccc(-c2cccc3c(=O)cc(N4CCOCC4)oc23)cc1,CC(C)C[C@H](N[*])C(=O)OCc1ccc(cc1)-c1cccc2c1oc(cc2=O)N1CCOCC1 |$;;;;;;_R1;;;;;;;;;;;;;;;;;;;;;;;;;;;$|,Backbone
X1610,CC(=O)[C@@H](N)Cc1c(F)cc(O)cc1F,N[C@@H](Cc1c(F)cc(O)cc1F)C([*])=O |$;;;;;;;;;;;;;_R2;$|,Backbone
X1546,CN[C@H](C=O)CC(F)F,FC(F)C[C@H](N[*])C=O |$;;;;;;_R1;;$|,Backbone
X1490,CN[C@@H](CCCN(N)C(N)=NN)C(=O)O,"NN=C(N)N(N)CCC[C@H](N[*])C(O)=O |w:1.0,$;;;;;;;;;;;_R1;;;$|",Backbone
X1556,CC(=O)[C@H]1N(C)CCC12CC2,[*]N1CCC2(CC2)[C@H]1C([*])=O |$_R1;;;;;;;;;_R2;$|,Backbone
dA_OBzl,CN[C@H](C)C(=O)OCc1ccccc1,C[C@@H](N[*])C(=O)OCc1ccccc1 |$;;;_R1;;;;;;;;;;$|,Backbone
X1441,CCCC[C@@H](C=O)NC,CCCC[C@H](N[*])C=O |$;;;;;;_R1;;$|,Backbone
X1554,CCc1cc(O)cc(C)c1C[C@H](N)C(C)=O,CCc1cc(O)cc(C)c1C[C@H](N)C([*])=O |$;;;;;;;;;;;;;;_R2;$|,Backbone
X659,CN[C@H](C(C)=O)[C@H](C)c1c[nH]c2ccccc12,C[C@@H]([C@H](N[*])C([*])=O)c1c[nH]c2ccccc12 |$;;;;_R1;;_R2;;;;;;;;;;$|,Backbone
Cya,CN[C@@H](CS(=O)(=O)O)C(C)=O,OS(=O)(=O)C[C@H](N[*])C([*])=O |$;;;;;;;_R1;;_R2;$|,Backbone
X2579,CN[C@@H](C(C)=O)P(=O)(O)O,OP(O)(=O)[C@@H](N[*])C([*])=O |$;;;;;;_R1;;_R2;$|,Backbone
Y_OBzl,CN[C@@H](Cc1ccc(O)cc1)C(=O)OCc1ccccc1,Oc1ccc(C[C@H](N[*])C(=O)OCc2ccccc2)cc1 |$;;;;;;;;_R1;;;;;;;;;;;;$|,Backbone
X2581,CN[C@@H](CCCNC(=N)N[N+](=O)[O-])C(=O)c1nc2ccccc2[nH]1,[*]N[C@@H](CCCNC(=N)NN(=O)=O)C(=O)c1nc2ccccc2[nH]1 |$_R1;;;;;;;;;;;;;;;;;;;;;;;$|,Backbone
X2599,CN[C@H](C(=O)O)[C@@H](C)CS(=O)(=O)O,C[C@@H](CS(O)(=O)=O)[C@H](N[*])C(O)=O |$;;;;;;;;;_R1;;;$|,Backbone
X2674,CC(=O)[C@@H]1C[C@@H](n2cc(-c3ccc(-c4ccccc4)cc3)nn2)CN1C,[*]N1C[C@@H](C[C@H]1C([*])=O)n1cc(nn1)-c1ccc(cc1)-c1ccccc1 |$_R1;;;;;;;_R2;;;;;;;;;;;;;;;;;;$|,Backbone
X2686,CCOC(=O)C(F)(F)C(=O)[C@H](CC(C)C)NC,CCOC(=O)C(F)(F)C(=O)[C@H](CC(C)C)N[*] |$;;;;;;;;;;;;;;;;_R1$|,Backbone
X2665,CN[C@@H](Cc1ccncc1)C(=O)c1nccs1,[*]N[C@@H](Cc1ccncc1)C(=O)c1nccs1 |$_R1;;;;;;;;;;;;;;;;$|,Backbone
X2621,COc1ccc(NCC(C)=O)cc1,COc1ccc(NCC([*])=O)cc1 |$;;;;;;;;;_R2;;;$|,Backbone
X2753,CN[C@@H](Cc1ccc(C=Cc2ccccc2)cc1)C(C)=O,"[*]N[C@@H](Cc1ccc(C=Cc2ccccc2)cc1)C([*])=O |w:8.7,$_R1;;;;;;;;;;;;;;;;;;;_R2;$|",Backbone
X2641,CN[C@@H](Cc1ccc(OC(=O)C=Cc2ccccc2)cc1)C(=O)OC,"COC(=O)[C@H](Cc1ccc(OC(=O)C=Cc2ccccc2)cc1)N[*] |w:13.12,$;;;;;;;;;;;;;;;;;;;;;;;;_R1$|",Backbone
X2645,CC(=O)[C@H](Cc1cnc[nH]1)NS(=O)(=O)c1ccc(Cl)cc1,Clc1ccc(cc1)S(=O)(=O)N[C@@H](Cc1cnc[nH]1)C([*])=O |$;;;;;;;;;;;;;;;;;;;_R2;$|,Backbone
X2628,CC[C@H](N[C@@H](CCCNC(=N)N)C(C)=O)C(=O)[C@H](CO)NC,CC[C@H](N[C@@H](CCCNC(N)=N)C([*])=O)C(=O)[C@H](CO)N[*] |$;;;;;;;;;;;;;_R2;;;;;;;;_R1$|,Backbone
X2540,CC(=O)[C@@H](NC(=O)OCc1ccc([N+](=O)[O-])cc1)C(C)C,CC(C)[C@H](NC(=O)OCc1ccc(cc1)N(=O)=O)C([*])=O |$;;;;;;;;;;;;;;;;;;;_R2;$|,Backbone
X2585,CCC(=O)C(=O)CCCC[C@H](NC)C(C)=O,CCC(=O)C(=O)CCCC[C@H](N[*])C([*])=O |$;;;;;;;;;;;;_R1;;_R2;$|,Backbone
X2528,CC(=O)c1cc(=O)n(C)c(=O)[nH]1,Cn1c(=O)cc([nH]c1=O)C([*])=O |$;;;;;;;;;;_R2;$|,Backbone
X2287,CC(=O)[C@H](Cc1ccccc1)N[C@H](Cc1c[nH]c2ccccc12)C(=O)O,OC(=O)[C@@H](Cc1c[nH]c2ccccc12)N[C@@H](Cc1ccccc1)C([*])=O |$;;;;;;;;;;;;;;;;;;;;;;;;_R2;$|,Backbone
X2299,CN[C@H](C(C)=O)c1cn(CC(=O)OC)c2ccccc2c1=O,COC(=O)Cn1cc([C@H](N[*])C([*])=O)c(=O)c2ccccc12 |$;;;;;;;;;;_R1;;_R2;;;;;;;;;$|,Backbone
X2460,CN[C@H](C(=O)c1cccs1)C(C)C,CC(C)[C@H](N[*])C(=O)c1cccs1 |$;;;;;_R1;;;;;;;$|,Backbone
X2463,CN[C@@H](CCCCN)C(=O)c1nc2ccccc2s1,NCCCC[C@H](N[*])C(=O)c1nc2ccccc2s1 |$;;;;;;;_R1;;;;;;;;;;;$|,Backbone
X2480,CC(=O)[C@H](CCCCN)NC(=O)NCc1ccccc1,NCCCC[C@H](NC(=O)NCc1ccccc1)C([*])=O |$;;;;;;;;;;;;;;;;;;_R2;$|,Backbone
X2449,CN[C@@H](CCCNC(=N)N)C(=O)c1nc2ccc(C(=O)O)cc2s1,NC(=N)NCCC[C@H](N[*])C(=O)c1nc2ccc(cc2s1)C(O)=O |$;;;;;;;;;_R1;;;;;;;;;;;;;;$|,Backbone
X2433,CN[C@@H](C(=O)OC(C)(C)C)c1cc(O)c(OC)c(Oc2ccc([C@@H](O)[C@@H](NC(=O)OC(C)(C)C)C(C)=O)cc2Cl)c1,COc1c(O)cc(cc1Oc1ccc(cc1Cl)[C@@H](O)[C@@H](NC(=O)OC(C)(C)C)C([*])=O)[C@@H](N[*])C(=O)OC(C)(C)C |$;;;;;;;;;;;;;;;;;;;;;;;;;;;;;_R2;;;;_R1;;;;;;;$|,Backbone
X2394,CN[C@@H](CC(=O)O)C(=O)COC(=O)Cc1cccc2ccccc12,OC(=O)C[C@H](N[*])C(=O)COC(=O)Cc1cccc2ccccc12 |$;;;;;;_R1;;;;;;;;;;;;;;;;;$|,Backbone
X2259,CN[C@@H](CC(=O)O)C(=O)COn1c(O)cc2ccccc21,OC(=O)C[C@H](N[*])C(=O)COn1c(O)cc2ccccc12 |$;;;;;;_R1;;;;;;;;;;;;;;$|,Backbone
D_OBzl,CN[C@@H](CC(=O)O)C(=O)OCc1ccccc1,OC(=O)C[C@H](N[*])C(=O)OCc1ccccc1 |$;;;;;;_R1;;;;;;;;;;$|,Backbone
X474,CN[C@H](CC(F)F)C(=O)C(=O)O,OC(=O)C(=O)[C@@H](CC(F)F)N[*] |$;;;;;;;;;;;_R1$|,Backbone
X556,CN[C@@H](CC(C)=O)C(C)=O,CC(=O)C[C@H](N[*])C([*])=O |$;;;;;;_R1;;_R2;$|,Backbone
dHpr_OMe,COC(=O)[C@@H]1CCCCN1C,COC(=O)[C@@H]1CCCCN1[*] |$;;;;;;;;;;_R1$|,Backbone
X844,CCCCCC[C@@H](NC)C(C)=O,CCCCCC[C@@H](N[*])C([*])=O |$;;;;;;;;_R1;;_R2;$|,Backbone
X609,CN[C@@H](CCCNC(=N)[N+](=O)[O-])C(C)=O,[*]N[C@@H](CCCNC(=N)N(=O)=O)C([*])=O |$_R1;;;;;;;;;;;;;_R2;$|,Backbone
X668,CC(=O)[C@@H](N)Cc1c(C)cc(O)cc1C(C)C,CC(C)c1cc(O)cc(C)c1C[C@H](N)C([*])=O |$;;;;;;;;;;;;;;;_R2;$|,Backbone
X495,CN[C@@H](Cc1ccc(C(=O)O)cc1)C(C)=O,OC(=O)c1ccc(C[C@H](N[*])C([*])=O)cc1 |$;;;;;;;;;;_R1;;_R2;;;$|,Backbone
Boc_Aib,CC(=O)C(C)(C)NC(=O)OC(C)(C)C,CC(C)(C)OC(=O)NC(C)(C)C([*])=O |$;;;;;;;;;;;;_R2;$|,Backbone
2-Pal,CN[C@@H](Cc1ccccn1)C(C)=O,[*]N[C@@H](Cc1ccccn1)C([*])=O |$_R1;;;;;;;;;;;_R2;$|,Backbone
X639,CN[C@H](Cc1cn(C)c2ccccc12)C(C)=O,Cn1cc(C[C@@H](N[*])C([*])=O)c2ccccc12 |$;;;;;;;_R1;;_R2;;;;;;;$|,Backbone
X3017,CCCCCCCCCCCCCCCC(=O)[C@H](CCCCN)NC,CCCCCCCCCCCCCCCC(=O)[C@H](CCCCN)N[*] |$;;;;;;;;;;;;;;;;;;;;;;;;_R1$|,Backbone
X3036,CN[C@@H](Cn1cc(CCCc2ccccc2)nn1)C(C)=O,[*]N[C@@H](Cn1cc(CCCc2ccccc2)nn1)C([*])=O |$_R1;;;;;;;;;;;;;;;;;;;_R2;$|,Backbone
X3027,CC(=O)[C@@H](NC(=O)O)[C@@H](C)O,C[C@@H](O)[C@H](NC(O)=O)C([*])=O |$;;;;;;;;;_R2;$|,Backbone
X567,CN[C@@H](Cn1ccnc1)C(C)=O,[*]N[C@@H](Cn1ccnc1)C([*])=O |$_R1;;;;;;;;;;_R2;$|,Backbone
X2899,CC=CCC=CC(=O)N(C(C)=O)[C@@H](Cc1ccc(F)cc1)C(C)=O,"CC=CCC=CC(=O)N([C@@H](Cc1ccc(F)cc1)C([*])=O)C(C)=O |w:1.0,4.3,$;;;;;;;;;;;;;;;;;;;_R2;;;;$|",Backbone
Me_Cbz_V,CC(=O)[C@H](C(C)C)N(C)C(=O)OCc1ccccc1,CC(C)[C@H](N(C)C(=O)OCc1ccccc1)C([*])=O |$;;;;;;;;;;;;;;;;;_R2;$|,Backbone
X2492,CN[C@@H](C[C@@H]1CCNC1=O)C(=O)c1ccccc1,[*]N[C@@H](C[C@@H]1CCNC1=O)C(=O)c1ccccc1 |$_R1;;;;;;;;;;;;;;;;;$|,Backbone
X2511,CC(=O)CN(C)CCc1ccc(Cl)cc1,Clc1ccc(CCN([*])CC([*])=O)cc1 |$;;;;;;;;_R1;;;_R2;;;$|,Backbone
X277,CN[C@H](Cc1c(C)cccc1C)C(C)=O,Cc1cccc(C)c1C[C@@H](N[*])C([*])=O |$;;;;;;;;;;;_R1;;_R2;$|,Backbone
Orn(Boc),CN[C@@H](CCCNC(=O)OC(C)(C)C)C(C)=O,CC(C)(C)OC(=O)NCCC[C@H](N[*])C([*])=O |$;;;;;;;;;;;;;_R1;;_R2;$|,Backbone
X569,CN[C@@H](Cc1ccc(Nc2nnc(N)[nH]2)cc1)C(C)=O,Nc1nnc(Nc2ccc(C[C@H](N[*])C([*])=O)cc2)[nH]1 |$;;;;;;;;;;;;;_R1;;_R2;;;;$|,Backbone
X1485,CN[C@@H](C=O)Cc1ccccc1,[*]N[C@H](Cc1ccccc1)C=O |$_R1;;;;;;;;;;;$|,Backbone
dD,CN[C@H](CC(C)=O)C(C)=O,[*]N[C@H](CC([*])=O)C([*])=O |$_R1;;;;;_R3;;;_R2;$|,Backbone
X21,CN[C@H](CCCCNC(=NC1CCCCC1)NC#N)C(C)=O,"[*]N[C@H](CCCCNC(NC#N)=NC1CCCCC1)C([*])=O |w:12.12,$_R1;;;;;;;;;;;;;;;;;;;;_R2;$|",Backbone
X82,CCCCN1C(=O)C[C@@H](C(C)=O)NC1=O,CCCCN1C(=O)C[C@H](NC1=O)C([*])=O |$;;;;;;;;;;;;;_R2;$|,Backbone
Fmoc_W,CC(=O)[C@H](Cc1c[nH]c2ccccc12)NC(=O)OCC1c2ccccc2-c2ccccc21,[*]C(=O)[C@H](Cc1c[nH]c2ccccc12)NC(=O)OCC1c2ccccc2-c2ccccc12 |$_R2;;;;;;;;;;;;;;;;;;;;;;;;;;;;;;;$|,Backbone
meA,CC(=O)[C@H](C)N(C)C,C[C@H](N(C)[*])C([*])=O |$;;;;_R1;;_R2;$|,Backbone
dQ,CN[C@H](CCC(N)=O)C(C)=O,NC(=O)CC[C@@H](N[*])C([*])=O |$;;;;;;;_R1;;_R2;$|,Backbone
X928,CN[C@@H](C(C)=O)[C@@H](C)c1c[nH]c2ccccc12,C[C@H]([C@@H](N[*])C([*])=O)c1c[nH]c2ccccc12 |$;;;;_R1;;_R2;;;;;;;;;;$|,Backbone
X879,CCOC(=O)[C@H](Cc1ccccc1)NC,CCOC(=O)[C@H](Cc1ccccc1)N[*] |$;;;;;;;;;;;;;;_R1$|,Backbone
Boc_Ser(Bzl),CC(=O)[C@H](COCc1ccccc1)NC(=O)OC(C)(C)C,CC(C)(C)OC(=O)N[C@@H](COCc1ccccc1)C([*])=O |$;;;;;;;;;;;;;;;;;;;_R2;$|,Backbone
X741,CN[C@@H](Cc1ccc(NS(C)(=O)=O)cc1)C(C)=O,CS(=O)(=O)Nc1ccc(C[C@H](N[*])C([*])=O)cc1 |$;;;;;;;;;;;;_R1;;_R2;;;$|,Backbone
X884,CC(=O)[C@@H](NCc1cnc[nH]1)C(C)C,CC(C)[C@H](NCc1cnc[nH]1)C([*])=O |$;;;;;;;;;;;;_R2;$|,Backbone
X817,CC(=O)[C@H](Cc1cccc(O)c1)NC(=N)N,NC(=N)N[C@@H](Cc1cccc(O)c1)C([*])=O |$;;;;;;;;;;;;;;_R2;$|,Backbone
X1187,CC(=O)[C@@H]1C[C@H](n2cc(-c3ccc(C)cc3)nn2)CN1C,Cc1ccc(cc1)-c1cn(nn1)[C@H]1C[C@H](N([*])C1)C([*])=O |$;;;;;;;;;;;;;;;;_R1;;;_R2;$|,Backbone
X821,C=CC[C@@H](NC)C(C)=O,[*]N[C@H](CC=C)C([*])=O |$_R1;;;;;;;_R2;$|,Backbone
X822,CN[C@@H](Cc1ccc(OCC(=O)O)cc1)C(C)=O,OC(=O)COc1ccc(C[C@H](N[*])C([*])=O)cc1 |$;;;;;;;;;;;;_R1;;_R2;;;$|,Backbone
Hph_OMe,CN[C@@H](CCc1ccccc1)C(=O)OC,COC(=O)[C@H](CCc1ccccc1)N[*] |$;;;;;;;;;;;;;;_R1$|,Backbone
X1220,CN[C@@H](CC(=O)O)C(=O)COc1ccccc1,OC(=O)C[C@H](N[*])C(=O)COc1ccccc1 |$;;;;;;_R1;;;;;;;;;;$|,Backbone
X1040,CN=C(NC)NCCC[C@H](NC)C(C)=O,"CNC(NCCC[C@H](N[*])C([*])=O)=NC |w:13.13,1.0,$;;;;;;;;;_R1;;_R2;;;$|",Backbone
X1212,CN[C@H](C(C)=O)[C@@H](C)c1c[nH]c2ccccc12,C[C@H]([C@H](N[*])C([*])=O)c1c[nH]c2ccccc12 |$;;;;_R1;;_R2;;;;;;;;;;$|,Backbone
X1051,CC(=O)[C@@H]1CC(=O)N(CCF)C(=O)N1,FCCN1C(=O)C[C@H](NC1=O)C([*])=O |$;;;;;;;;;;;;_R2;$|,Backbone
X1053,CN[C@H](C(C)=O)[C@H](C)CO,C[C@H](CO)[C@H](N[*])C([*])=O |$;;;;;;_R1;;_R2;$|,Backbone
X985,CN[C@H](Cc1ccsc1)C(C)=O,[*]N[C@H](Cc1ccsc1)C([*])=O |$_R1;;;;;;;;;;_R2;$|,Backbone
X1147,CNCC(=O)CCC(=O)O,OC(=O)CCC(=O)CN[*] |$;;;;;;;;;_R1$|,Backbone
X1149,CC(=O)[C@@H](N)Cc1ccc2nc(N)sc2c1,N[C@@H](Cc1ccc2nc(N)sc2c1)C([*])=O |$;;;;;;;;;;;;;;_R2;$|,Backbone
X714,CN[C@H](Cc1ccc(Cl)c(Cl)c1)C(C)=O,Clc1ccc(C[C@@H](N[*])C([*])=O)cc1Cl |$;;;;;;;;_R1;;_R2;;;;$|,Backbone
X785,CN[C@@H](CCCCNc1nnc(N)[nH]1)C(C)=O,Nc1nnc(NCCCC[C@H](N[*])C([*])=O)[nH]1 |$;;;;;;;;;;;;_R1;;_R2;;$|,Backbone
X730,CC(=O)CNS(=O)(=O)c1ccccc1,[*]C(=O)CNS(=O)(=O)c1ccccc1 |$_R2;;;;;;;;;;;;;$|,Backbone
X803,CNCC(=O)C(=O)OCc1ccccc1,[*]NCC(=O)C(=O)OCc1ccccc1 |$_R1;;;;;;;;;;;;;;$|,Backbone
X857,CCCCCCC[C@H](NC)C(C)=O,CCCCCCC[C@H](N[*])C([*])=O |$;;;;;;;;;_R1;;_R2;$|,Backbone
X1792,CN[C@H](C(C)=O)[C@H](OCc1ccccc1)c1ccccc1,[*]N[C@@H]([C@H](OCc1ccccc1)c1ccccc1)C([*])=O |$_R1;;;;;;;;;;;;;;;;;;;_R2;$|,Backbone
X1991,CN[C@@H](C(C)=O)[C@@H](C)c1ccc([N+](=O)[O-])cc1,C[C@H]([C@@H](N[*])C([*])=O)c1ccc(cc1)N(=O)=O |$;;;;_R1;;_R2;;;;;;;;;;$|,Backbone
X2061,CC(=O)[C@@H]1SCCN1C,[*]N1CCS[C@H]1C([*])=O |$_R1;;;;;;;_R2;$|,Backbone
dHcy,CN[C@H](CCSC)C(C)=O,[*]N[C@H](CCS[*])C([*])=O |$_R1;;;;;;_R3;;_R2;$|,Backbone
X2009,CN[C@@H](Cc1cnc(C)[nH]1)C(C)=O,Cc1ncc(C[C@H](N[*])C([*])=O)[nH]1 |$;;;;;;;;_R1;;_R2;;$|,Backbone
X1826,CC(=O)[C@H](C(C)C)N(C)CC=C(C)CO,"CC(C)[C@H](N([*])CC=C(C)CO)C([*])=O |w:7.6,$;;;;;_R1;;;;;;;;_R2;$|",Backbone
X1827,CN[C@H](CCCCNc1ccc([N+](=O)[O-])c2nonc12)C(C)=O,[*]N[C@H](CCCCNc1ccc(c2nonc12)N(=O)=O)C([*])=O |$_R1;;;;;;;;;;;;;;;;;;;;;_R2;$|,Backbone
X1768,CN[C@H](COCC(=O)O)C(C)=O,OC(=O)COC[C@@H](N[*])C([*])=O |$;;;;;;;;_R1;;_R2;$|,Backbone
X1939,CC(=O)CN(C)C(C)(C)S,CC(C)(S)N([*])CC([*])=O |$;;;;;_R1;;;_R2;$|,Backbone
X1943,CN[C@](C)(C(C)=O)[C@@H](C)O,C[C@@H](O)[C@](C)(N[*])C([*])=O |$;;;;;;_R1;;_R2;$|,Backbone
X1717,CN[C@H](COCCOCCOCCO)C(C)=O,OCCOCCOCCOC[C@@H](N[*])C([*])=O |$;;;;;;;;;;;;;_R1;;_R2;$|,Backbone
X1725,CN[C@H](CN(C)C)C(C)=O,CN(C)C[C@@H](N[*])C([*])=O |$;;;;;;_R1;;_R2;$|,Backbone
X1872,CN[C@H](CCCCNC(=O)OCc1ccccc1Cl)C(C)=O,Clc1ccccc1COC(=O)NCCCC[C@@H](N[*])C([*])=O |$;;;;;;;;;;;;;;;;;;_R1;;_R2;$|,Backbone
X1879,CN[C@H](C(C)=O)c1cnc2ccccc2c1O,Oc1c(cnc2ccccc12)[C@H](N[*])C([*])=O |$;;;;;;;;;;;;;_R1;;_R2;$|,Backbone
X1672,CN[C@H](C(C)=O)[C@H](C)[C@@H](C)O,C[C@@H](O)[C@@H](C)[C@H](N[*])C([*])=O |$;;;;;;;_R1;;_R2;$|,Backbone
X1748,CC(=O)[C@@H]1C[C@@]2(CC=C(C)C)c3ccccc3N[C@H]2N1C,CC(C)=CC[C@@]12C[C@H](N([*])[C@@H]1Nc1ccccc21)C([*])=O |$;;;;;;;;;_R1;;;;;;;;;;_R2;$|,Backbone
X1738,CN[C@H](COCCC1OCCO1)C(C)=O,[*]N[C@H](COCCC1OCCO1)C([*])=O |$_R1;;;;;;;;;;;;;_R2;$|,Backbone
X1747,CC(=O)[C@@H]1C[C@@]2(CC=C(C)C)c3ccccc3N[C@@H]2N1C,CC(C)=CC[C@@]12C[C@H](N([*])[C@H]1Nc1ccccc21)C([*])=O |$;;;;;;;;;_R1;;;;;;;;;;_R2;$|,Backbone
X1898,CC(=O)[C@@H]1CCNCN1C,[*]N1CNCC[C@H]1C([*])=O |$_R1;;;;;;;;_R2;$|,Backbone
Hcy,CN[C@@H](CCSC)C(C)=O,[*]N[C@@H](CCS[*])C([*])=O |$_R1;;;;;;_R3;;_R2;$|,Backbone
X1730,CN[C@H](C(C)=O)c1cn(OC)c2ccccc2c1=O,COn1cc([C@H](N[*])C([*])=O)c(=O)c2ccccc12 |$;;;;;;;_R1;;_R2;;;;;;;;;$|,Backbone
X1733,CN[C@@](C(C)=O)(C(C)C)C(F)(F)F,CC(C)[C@@](N[*])(C([*])=O)C(F)(F)F |$;;;;;_R1;;_R2;;;;;$|,Backbone
Me_lalloI,CC[C@@H](C)[C@@H](C(C)=O)N(C)C,CC[C@@H](C)[C@H](N(C)[*])C([*])=O |$;;;;;;;_R1;;_R2;$|,Backbone
X17,CCN=C(NCC)NCCCC[C@H](NC)C(C)=O,"CCNC(NCCCC[C@H](N[*])C([*])=O)=NCC |w:15.15,2.1,$;;;;;;;;;;;_R1;;_R2;;;;$|",Backbone
dC,CN[C@H](CSC)C(C)=O,[*]N[C@H](CS[*])C([*])=O |$_R1;;;;;_R3;;_R2;$|,Backbone
X52,CC(=O)[C@H](Cc1ccc(O)cc1)NCc1ccccc1,Oc1ccc(C[C@H](NCc2ccccc2)C([*])=O)cc1 |$;;;;;;;;;;;;;;;;_R2;;;$|,Backbone
P_OMe,COC(=O)[C@@H]1CCCN1C,COC(=O)[C@@H]1CCCN1[*] |$;;;;;;;;;_R1$|,Backbone
X86,CC(=O)[C@H](Cc1cnc[nH]1)NC(=O)OCc1ccccc1,[*]C(=O)[C@H](Cc1cnc[nH]1)NC(=O)OCc1ccccc1 |$_R2;;;;;;;;;;;;;;;;;;;;$|,Backbone
X123,CCCCCCCC(=O)OC[C@H](NC)C(C)=O,CCCCCCCC(=O)OC[C@H](N[*])C([*])=O |$;;;;;;;;;;;;;_R1;;_R2;$|,Backbone
M_OMe,CN[C@@H](CCSC)C(=O)OC,COC(=O)[C@H](CCSC)N[*] |$;;;;;;;;;;_R1$|,Backbone
X302,CN[C@H](Cc1ccc(O)cc1C)C(C)=O,Cc1cc(O)ccc1C[C@@H](N[*])C([*])=O |$;;;;;;;;;;;_R1;;_R2;$|,Backbone
X305,CN[C@@H](C(C)=O)C(C(F)(F)F)C(F)(F)F,FC(F)(F)C([C@@H](N[*])C([*])=O)C(F)(F)F |$;;;;;;;_R1;;_R2;;;;;$|,Backbone
X431,CN[C@@H](CC1=CCC(=O)CC1)C(C)=O,"[*]N[C@@H](CC1=CCC(=O)CC1)C([*])=O |$_R1;;;;;;;;;;;;_R2;$,t:4|",Backbone
X96,CN[C@@H](Cc1ccc(OS(=O)(=O)O)cc1)C(C)=O,OS(=O)(=O)Oc1ccc(C[C@H](N[*])C([*])=O)cc1 |$;;;;;;;;;;;;_R1;;_R2;;;$|,Backbone
X215,CC(=O)CN(C)CCc1c[nH]c2ccccc12,[*]N(CCc1c[nH]c2ccccc12)CC([*])=O |$_R1;;;;;;;;;;;;;;;_R2;$|,Backbone
X358,CC(=O)CN(C)CCC(C)C,CC(C)CCN([*])CC([*])=O |$;;;;;;_R1;;;_R2;$|,Backbone
X148,CN[C@@H](Cc1c(C)cc(O)cc1C)C(C)=O,CN[C@@H](Cc1c(C)cc(O)cc1C)C([*])=O |$;;;;;;;;;;;;;;_R2;$|,Backbone
X419,CN[C@@H](CCCCNS(C)(=O)=O)C(C)=O,CS(=O)(=O)NCCCC[C@H](N[*])C([*])=O |$;;;;;;;;;;;_R1;;_R2;$|,Backbone
dV,CN[C@@H](C(C)=O)C(C)C,CC(C)[C@@H](N[*])C([*])=O |$;;;;;_R1;;_R2;$|,Backbone
X22,CC(=O)[C@@H]1CCCC(=O)N1,[*]C(=O)[C@@H]1CCCC(=O)N1 |$_R2;;;;;;;;;$|,Backbone
X2774,CSCC[C@H](NC(=O)NCc1ccccc1)C(C)=O,CSCC[C@H](NC(=O)NCc1ccccc1)C([*])=O |$;;;;;;;;;;;;;;;;;_R2;$|,Backbone
X2381,CC(=O)[C@H](Cc1ccccc1)NO[C@@H](N)Cc1ccc(O)cc1,N[C@@H](Cc1ccc(O)cc1)ON[C@@H](Cc1ccccc1)C([*])=O |$;;;;;;;;;;;;;;;;;;;;;_R2;$|,Backbone
X2491,CC(=O)[C@@H](NCCc1cnc[nH]1)C(C)(C)C,CC(C)(C)[C@H](NCCc1cnc[nH]1)C([*])=O |$;;;;;;;;;;;;;;_R2;$|,Backbone
X2410,CC[C@@]1(OC(=O)OCCSC)C(=O)OCc2c1cc1n(c2=O)Cc2cc3ccccc3nc2-1,CC[C@@]1(OC(=O)OCCS[*])C(=O)OCc2c1cc1-c3nc4ccccc4cc3Cn1c2=O |$;;;;;;;;;;_R3;;;;;;;;;;;;;;;;;;;;;;$|,Backbone
X2687,CN[C@@H](C(=O)C(F)(F)F)C(C)C,CC(C)[C@@H](N[*])C(=O)C(F)(F)F |$;;;;;_R1;;;;;;$|,Backbone
X2837,CN[C@@H](Cc1ccccc1)C(=O)COC(=O)c1c(F)cccc1F,Fc1cccc(F)c1C(=O)OCC(=O)[C@H](Cc1ccccc1)N[*] |$;;;;;;;;;;;;;;;;;;;;;;;_R1$|,Backbone
X2826,CC(=O)[C@H](CC(C)C)NC(=O)NC[C@H](COS(=O)(=O)O)OS(=O)(=O)O,CC(C)C[C@H](NC(=O)NC[C@H](COS(O)(=O)=O)OS(O)(=O)=O)C([*])=O |$;;;;;;;;;;;;;;;;;;;;;;;_R2;$|,Backbone
X2902,CC(=O)[C@@H](N)CCC(=O)OS(=O)(=O)c1ccc(C)cc1,Cc1ccc(cc1)S(=O)(=O)OC(=O)CC[C@H](N)C([*])=O |$;;;;;;;;;;;;;;;;;;_R2;$|,Backbone
X2775,CN[C@@H](CCCCNC(=O)Nc1ccccc1OC)C(C)=O,COc1ccccc1NC(=O)NCCCC[C@H](N[*])C([*])=O |$;;;;;;;;;;;;;;;;;;_R1;;_R2;$|,Backbone
EtCO_d1-Nal,CCOC(=O)N[C@H](Cc1cccc2ccccc12)C(C)=O,CCOC(=O)N[C@H](Cc1cccc2ccccc12)C([*])=O |$;;;;;;;;;;;;;;;;;;;_R2;$|,Backbone
X2707,CN1C[C@@H](Cc2ccccc2)NC(=O)[C@@H]1CC(=O)O,OC(=O)C[C@@H]1N([*])C[C@@H](Cc2ccccc2)NC1=O |$;;;;;;_R1;;;;;;;;;;;;$|,Backbone
X2097,CC(=O)[C@H](Cc1c[nH]c2ccccc12)NCc1ccccc1,[*]C(=O)[C@H](Cc1c[nH]c2ccccc12)NCc1ccccc1 |$_R2;;;;;;;;;;;;;;;;;;;;;$|,Backbone
F_ac,CN[C@@H](Cc1ccccc1)C(=O)OC(C)=O,CC(=O)OC(=O)[C@H](Cc1ccccc1)N[*] |$;;;;;;;;;;;;;;;_R1$|,Backbone
X2099,CC(=O)[C@@H]1C[C@@H](OC(N)=O)CN1C,NC(=O)O[C@@H]1C[C@H](N([*])C1)C([*])=O |$;;;;;;;;_R1;;;_R2;$|,Backbone
X2084,CC(=O)[C@@H]1C[C@@H](OC(=O)N2CCOCC2)CN1C,[*]N1C[C@@H](C[C@H]1C([*])=O)OC(=O)N1CCOCC1 |$_R1;;;;;;;_R2;;;;;;;;;;$|,Backbone
X1561,CN[C@H](C(C)=O)[C@@H](C)CC(=O)O,C[C@@H](CC(O)=O)[C@H](N[*])C([*])=O |$;;;;;;;;_R1;;_R2;$|,Backbone
X2195,CN[C@@H](CCCNC(=N)N)C(=O)c1nc2ccc(C(=O)OC)cc2s1,COC(=O)c1ccc2nc(sc2c1)C(=O)[C@H](CCCNC(N)=N)N[*] |$;;;;;;;;;;;;;;;;;;;;;;;;_R1$|,Backbone
X2114,CC(=O)[C@@H](CC1CCCCC1)NCC(=O)O,OC(=O)CN[C@H](CC1CCCCC1)C([*])=O |$;;;;;;;;;;;;;;_R2;$|,Backbone
X2116,CN[C@@]1(C(=O)O)C[C@@H]1CCc1ccccc1,OC(=O)[C@@]1(C[C@@H]1CCc1ccccc1)N[*] |$;;;;;;;;;;;;;;;_R1$|,Backbone
X2119,CN1[C@H](C(=O)OCc2ccccc2)[C@H]1C(=O)OCc1ccccc1,[*]N1[C@@H]([C@H]1C(=O)OCc1ccccc1)C(=O)OCc1ccccc1 |$_R1;;;;;;;;;;;;;;;;;;;;;;;$|,Backbone
X2121,CC(=O)[C@@H]1C[C@@H](n2nncc2-c2ccccc2)CN1C,[*]N1C[C@@H](C[C@H]1C([*])=O)n1nncc1-c1ccccc1 |$_R1;;;;;;;_R2;;;;;;;;;;;;$|,Backbone
X2134,CC(=O)CN(CCN(CCN(CC(=O)O)CC(=O)O)CC(=O)O)CC(=O)O,OC(=O)CN(CCN(CC(O)=O)CC(O)=O)CCN(CC(O)=O)CC([*])=O |$;;;;;;;;;;;;;;;;;;;;;;;;;_R2;$|,Backbone
X2185,CC(=O)[C@H](Cc1ccccc1)NNC(=O)Nc1ccccc1,[*]C(=O)[C@H](Cc1ccccc1)NNC(=O)Nc1ccccc1 |$_R2;;;;;;;;;;;;;;;;;;;;;$|,Backbone
X2231,CC(=O)[C@@H]1C[C@H](NC(=O)OC(C)(C)C)CN1C(=O)OC(C)(C)C,CC(C)(C)OC(=O)N[C@H]1C[C@H](N(C1)C(=O)OC(C)(C)C)C([*])=O |$;;;;;;;;;;;;;;;;;;;;;_R2;$|,Backbone
X2150,CC(=O)[C@H](CCN)NC(=O)O,NCC[C@H](NC(O)=O)C([*])=O |$;;;;;;;;;_R2;$|,Backbone
Me_meY,CC(=O)[C@H](Cc1ccc(O)cc1)N(C)C,CN(C)[C@@H](Cc1ccc(O)cc1)C([*])=O |$;;;;;;;;;;;;;_R2;$|,Backbone
X1193,CC(=O)[C@H](CCC(=O)O)NCCc1ccc2ccccc2c1,OC(=O)CC[C@H](NCCc1ccc2ccccc2c1)C([*])=O |$;;;;;;;;;;;;;;;;;;;;_R2;$|,Backbone
EtCO_dY,CCOC(=O)N[C@H](Cc1ccc(O)cc1)C(C)=O,CCOC(=O)N[C@H](Cc1ccc(O)cc1)C([*])=O |$;;;;;;;;;;;;;;;;_R2;$|,Backbone
X1487,CC(=O)[C@H](CCCBr)[N-][N+]#N,BrCCC[C@H]([N-][N+]#N)C([*])=O |$;;;;;;;;;_R2;$|,Backbone
X1373,CNC1(C(C)=O)CCCCCCC1,[*]NC1(CCCCCCC1)C([*])=O |$_R1;;;;;;;;;;;_R2;$|,Backbone
X1385,CN[C@@H](CCCCNC(=O)OCC1c2ccccc2-c2ccccc21)C(C)=O,[*]N[C@@H](CCCCNC(=O)OCC1c2ccccc2-c2ccccc12)C([*])=O |$_R1;;;;;;;;;;;;;;;;;;;;;;;;;;_R2;$|,Backbone
X1252,CC(=O)[C@@H](N)Cc1c(C)cc(O)c(C)c1C,Cc1cc(O)c(C)c(C)c1C[C@H](N)C([*])=O |$;;;;;;;;;;;;;;_R2;$|,Backbone
X1461,CC#CCN(C)CC(C)=O,CC#CCN([*])CC([*])=O |$;;;;;_R1;;;_R2;$|,Backbone
Fmoc_F,CC(=O)[C@H](Cc1ccccc1)NC(=O)OCC1c2ccccc2-c2ccccc21,[*]C(=O)[C@H](Cc1ccccc1)NC(=O)OCC1c2ccccc2-c2ccccc12 |$_R2;;;;;;;;;;;;;;;;;;;;;;;;;;;;$|,Backbone
X1341,CCCN1C(=O)C[C@@H](C(C)=O)NC1=O,CCCN1C(=O)C[C@H](NC1=O)C([*])=O |$;;;;;;;;;;;;_R2;$|,Backbone
X1344,CCOC(=O)[C@H](Cc1ccccc1)N(C)C,CCOC(=O)[C@H](Cc1ccccc1)N(C)[*] |$;;;;;;;;;;;;;;;_R1$|,Backbone
X1228,CC(=O)[C@@H](CCCCNC(=N)N)NC(=O)OC(C)(C)C,CC(C)(C)OC(=O)N[C@H](CCCCNC(N)=N)C([*])=O |$;;;;;;;;;;;;;;;;;;_R2;$|,Backbone
X1328,CN[C@@H](CC(O)O)C(C)=O,OC(O)C[C@H](N[*])C([*])=O |$;;;;;;_R1;;_R2;$|,Backbone
X1419,CC(=O)CNc1cccc2ccccc12,[*]C(=O)CNc1cccc2ccccc12 |$_R2;;;;;;;;;;;;;;$|,Backbone
X1304,CC(=O)[C@H](CCCNCc1ccc([N+](=O)[O-])cc1)NCc1ccccc1,[*]C(=O)[C@H](CCCNCc1ccc(cc1)N(=O)=O)NCc1ccccc1 |$_R2;;;;;;;;;;;;;;;;;;;;;;;;;$|,Backbone
X1203,COc1ccc(C=NO[C@@H]2C[C@@H](C(C)=O)N(C)C2)cc1OC,"COc1ccc(C=NO[C@@H]2C[C@H](N([*])C2)C([*])=O)cc1OC |w:7.7,$;;;;;;;;;;;;;_R1;;;_R2;;;;;$|",Backbone
Fmoc_L,CC(=O)[C@H](CC(C)C)NC(=O)OCC1c2ccccc2-c2ccccc21,CC(C)C[C@H](NC(=O)OCC1c2ccccc2-c2ccccc12)C([*])=O |$;;;;;;;;;;;;;;;;;;;;;;;;_R2;$|,Backbone
X245,CN[C@@H](Cc1ccc(Cl)c(Cl)c1)C(C)=O,Clc1ccc(C[C@H](N[*])C([*])=O)cc1Cl |$;;;;;;;;_R1;;_R2;;;;$|,Backbone
X321,CN[C@H](C=O)CCSC,CSCC[C@H](N[*])C=O |$;;;;;;_R1;;$|,Backbone
X692,CN[C@@](C)(CO)C(C)=O,C[C@@](CO)(N[*])C([*])=O |$;;;;;_R1;;_R2;$|,Backbone
X693,CN(C)[C@H](C=O)CC(=O)O,CN([*])[C@@H](CC(O)=O)C=O |$;;_R1;;;;;;;$|,Backbone
X515,CC(=O)[C@@H](NC(=N)N)C(C)C,CC(C)[C@H](NC(N)=N)C([*])=O |$;;;;;;;;;_R2;$|,Backbone
X194,CN[C@H](C=O)Cc1c[nH]c2ccccc12,[*]N[C@@H](Cc1c[nH]c2ccccc12)C=O |$_R1;;;;;;;;;;;;;;$|,Backbone
X204,CCN(C)CC(C)=O,CCN([*])CC([*])=O |$;;;_R1;;;_R2;$|,Backbone
X272,CC(=O)[C@@H]1CC(=O)N(C)C(=O)N1,CN1C(=O)C[C@H](NC1=O)C([*])=O |$;;;;;;;;;;_R2;$|,Backbone
X405,CC(=O)CN(C)C1CC1,[*]N(CC([*])=O)C1CC1 |$_R1;;;;_R2;;;;$|,Backbone
X212,CC(=O)[C@H](Cc1ccc(O)cc1)N(Cc1ccccc1)Cc1ccccc1,Oc1ccc(C[C@H](N(Cc2ccccc2)Cc2ccccc2)C([*])=O)cc1 |$;;;;;;;;;;;;;;;;;;;;;;;_R2;;;$|,Backbone
X630,CN[C@@H](CCCCN=C(NC#N)NCc1ccccn1)C(C)=O,"[*]N[C@@H](CCCCN=C(NCc1ccccn1)NC#N)C([*])=O |w:7.6,$_R1;;;;;;;;;;;;;;;;;;;;;_R2;$|",Backbone
X361,CCCN(C)CC(C)=O,CCCN([*])CC([*])=O |$;;;;_R1;;;_R2;$|,Backbone
X364,CN[C@@H](Cc1nc2c([nH]1)CCCC2)C(C)=O,[*]N[C@@H](Cc1nc2CCCCc2[nH]1)C([*])=O |$_R1;;;;;;;;;;;;;;_R2;$|,Backbone
Me_lalloT,CC(=O)[C@H]([C@H](C)O)N(C)C,C[C@H](O)[C@H](N(C)[*])C([*])=O |$;;;;;;_R1;;_R2;$|,Backbone
X369,CN[C@@H](C(=O)O)[C@@H](OC(C)=O)c1ccccc1,CC(=O)O[C@H]([C@@H](N[*])C(O)=O)c1ccccc1 |$;;;;;;;_R1;;;;;;;;;$|,Backbone
X1527,CC(=O)[C@H](CC(C)C)NC(=O)N1CCOCC1,CC(C)C[C@H](NC(=O)N1CCOCC1)C([*])=O |$;;;;;;;;;;;;;;;_R2;$|,Backbone
X1842,CC(=O)[C@@H](Cc1ccoc1)N(C)C,CN([*])[C@H](Cc1ccoc1)C([*])=O |$;;_R1;;;;;;;;;_R2;$|,Backbone
Me_Abu,CC[C@@H](C(C)=O)N(C)C,CC[C@H](N(C)[*])C([*])=O |$;;;;;_R1;;_R2;$|,Backbone
X1529,CN[C@@H](C)C(=O)C[C@H](Cc1ccccc1)C(=O)O,C[C@H](N[*])C(=O)C[C@H](Cc1ccccc1)C(O)=O |$;;;_R1;;;;;;;;;;;;;;$|,Backbone
X1591,CN[C@H](C(C)=O)[C@@H](O)[C@@H](C)O,C[C@@H](O)[C@H](O)[C@H](N[*])C([*])=O |$;;;;;;;_R1;;_R2;$|,Backbone
X529,CN[C@@H](Cc1ccc(NC(N)=O)cc1)C(C)=O,NC(=O)Nc1ccc(C[C@H](N[*])C([*])=O)cc1 |$;;;;;;;;;;;_R1;;_R2;;;$|,Backbone
X478,CC(=O)[C@@H]1C[C@@H](Oc2ccccc2)CN1C,[*]N1C[C@@H](C[C@H]1C([*])=O)Oc1ccccc1 |$_R1;;;;;;;_R2;;;;;;;;$|,Backbone
X543,CN[C@@H](Cc1cn(C)c2ccccc12)C(C)=O,Cn1cc(C[C@H](N[*])C([*])=O)c2ccccc12 |$;;;;;;;_R1;;_R2;;;;;;;$|,Backbone
X449,CC(=O)[C@@H]1C[C@@H](ON=Cc2ccc(-c3nc4ccccc4s3)o2)CN1C,"[*]N1C[C@@H](C[C@H]1C([*])=O)ON=Cc1ccc(o1)-c1nc2ccccc2s1 |w:10.10,$_R1;;;;;;;_R2;;;;;;;;;;;;;;;;;;$|",Backbone
X586,CN[C@@H](C=O)[C@H](O)[C@@H](O)[C@@H](O)CO,OC[C@H](O)[C@H](O)[C@@H](O)[C@@H](N[*])C=O |$;;;;;;;;;;_R1;;$|,Backbone
X1511,CN[C@@H](CC(=O)O)C(=O)CCCCc1ccccc1,OC(=O)C[C@H](N[*])C(=O)CCCCc1ccccc1 |$;;;;;;_R1;;;;;;;;;;;;$|,Backbone
X2571,CN[C@@H](CCCNC(=N)N)C(=O)COC(=O)c1c(C)cccc1C,Cc1cccc(C)c1C(=O)OCC(=O)[C@H](CCCNC(N)=N)N[*] |$;;;;;;;;;;;;;;;;;;;;;;;_R1$|,Backbone
X2598,COc1cccc(NCC(C)=O)c1,COc1cccc(NCC([*])=O)c1 |$;;;;;;;;;;_R2;;$|,Backbone
X2675,CC(=O)CN(C(=O)OCc1ccccc1)P(=O)(O)O,OP(O)(=O)N(CC([*])=O)C(=O)OCc1ccccc1 |$;;;;;;;_R2;;;;;;;;;;;$|,Backbone
X2661,CC(=O)[C@H](CCCC(=O)O)NC(=O)OCC1c2ccccc2-c2ccccc21,OC(=O)CCC[C@H](NC(=O)OCC1c2ccccc2-c2ccccc12)C([*])=O |$;;;;;;;;;;;;;;;;;;;;;;;;;;_R2;$|,Backbone
X2612,CN1C[C@H](Cc2ccccc2)NC(=O)[C@H]1CC(=O)O,OC(=O)C[C@H]1N([*])C[C@H](Cc2ccccc2)NC1=O |$;;;;;;_R1;;;;;;;;;;;;$|,Backbone
X2662,CCCC(=O)CCCCC[C@H](NC)C(C)=O,CCCC(=O)CCCCC[C@H](N[*])C([*])=O |$;;;;;;;;;;;;_R1;;_R2;$|,Backbone
X2694,CN[C@H](C=O)CN1CCCC1=O,[*]N[C@@H](CN1CCCC1=O)C=O |$_R1;;;;;;;;;;;$|,Backbone
X2657,CCCCc1ccc(-c2ccc(C[C@H](NC)C(C)=O)cc2)cc1,CCCCc1ccc(cc1)-c1ccc(C[C@H](N[*])C([*])=O)cc1 |$;;;;;;;;;;;;;;;;;_R1;;_R2;;;$|,Backbone
X2709,CCOCCOCCNC(=O)Nc1ccc(C[C@@H](NC)C(C)=O)cc1,CCOCCOCCNC(=O)Nc1ccc(C[C@@H](N[*])C([*])=O)cc1 |$;;;;;;;;;;;;;;;;;;;_R1;;_R2;;;$|,Backbone
X2328,CN[C@@H](Cc1ccc(-c2ccc3ccccc3c2)cc1)C(C)=O,[*]N[C@@H](Cc1ccc(cc1)-c1ccc2ccccc2c1)C([*])=O |$_R1;;;;;;;;;;;;;;;;;;;;;_R2;$|,Backbone
X2310,CSC1(CC(=O)[C@H](Cc2ccc(O)cc2)N[C@@H](Cc2ccccc2)C(C)=O)CCC(c2ccccc2)CC1,Oc1ccc(C[C@H](N[C@@H](Cc2ccccc2)C([*])=O)C(=O)CC2(CCC(CC2)c2ccccc2)S[*])cc1 |$;;;;;;;;;;;;;;;;;_R2;;;;;;;;;;;;;;;;;;_R3;;$|,Backbone
X2390,CN[C@@H](COC(C)=O)C(=O)c1nc2ccccc2[nH]1,CC(=O)OC[C@H](N[*])C(=O)c1nc2ccccc2[nH]1 |$;;;;;;;_R1;;;;;;;;;;;$|,Backbone
X2444,CC(=O)[C@H](Cc1c[nH]c2ccccc12)NC(=O)NC(C)(C)C,CC(C)(C)NC(=O)N[C@@H](Cc1c[nH]c2ccccc12)C([*])=O |$;;;;;;;;;;;;;;;;;;;;_R2;$|,Backbone
X2359,CC(=O)[C@@H](Cc1ccc(O)cc1)NN(C)CC(=O)O,OC(=O)CN([*])N[C@H](Cc1ccc(O)cc1)C([*])=O |$;;;;;_R1;;;;;;;;;;;;_R2;$|,Backbone
X2500,CN[C@H](C[C@H]1CCCN(C(=N)N)C1)C(=O)c1nc2ccccc2s1,NC(=N)N1CCC[C@H](C[C@@H](N[*])C(=O)c2nc3ccccc3s2)C1 |$;;;;;;;;;;;_R1;;;;;;;;;;;;$|,Backbone
X2481,CN[C@H](CCCNC(=N)N)C(=O)CN[C@@H](C)C(C)=O,C[C@H](NCC(=O)[C@@H](CCCNC(N)=N)N[*])C([*])=O |$;;;;;;;;;;;;;;;_R1;;_R2;$|,Backbone
X2374,CN[C@@H](C(C)=O)c1ccc(NC(=N)N)cc1,NC(=N)Nc1ccc(cc1)[C@@H](N[*])C([*])=O |$;;;;;;;;;;;;_R1;;_R2;$|,Backbone
X2355,CC(=O)[C@]1(Cc2ccsc2C(=O)O)Cc2ccccc2N1,OC(=O)c1sccc1C[C@]1(Cc2ccccc2N1)C([*])=O |$;;;;;;;;;;;;;;;;;;;_R2;$|,Backbone
X2406,CN[C@H](C(=O)CN1CCC[C@H]1C(C)=O)[C@@H](C)O,C[C@@H](O)[C@H](N[*])C(=O)CN1CCC[C@H]1C([*])=O |$;;;;;_R1;;;;;;;;;;_R2;$|,Backbone
X2346,CC(=O)[C@@H](NC[C@@H]1COCCCCCN(C)[C@@H](C)C(=O)N1)C(C)C,CC(C)[C@H](NC[C@@H]1COCCCCCN([*])[C@@H](C)C(=O)N1)C([*])=O |$;;;;;;;;;;;;;;;_R1;;;;;;;_R2;$|,Backbone
X2453,CCOC(=O)[C@H](Cc1cccc2ccccc12)NC,CCOC(=O)[C@H](Cc1cccc2ccccc12)N[*] |$;;;;;;;;;;;;;;;;;;_R1$|,Backbone
X2443,CSCC[C@H](NC(=O)Nc1ccc(C)cc1)C(C)=O,CSCC[C@H](NC(=O)Nc1ccc(C)cc1)C([*])=O |$;;;;;;;;;;;;;;;;;_R2;$|,Backbone
X2393,CN[C@@H](CC(=O)O)C(=O)COC(=O)CC(c1ccccc1)c1ccccc1,OC(=O)C[C@H](N[*])C(=O)COC(=O)CC(c1ccccc1)c1ccccc1 |$;;;;;;_R1;;;;;;;;;;;;;;;;;;;;$|,Backbone
EtCO_W,CCOC(=O)N[C@@H](Cc1c[nH]c2ccccc12)C(C)=O,CCOC(=O)N[C@@H](Cc1c[nH]c2ccccc12)C([*])=O |$;;;;;;;;;;;;;;;;;;_R2;$|,Backbone
X2286,CCOC(=O)[C@@H]1[C@@H](C(=O)OCC)N1C,CCOC(=O)[C@@H]1[C@H](N1[*])C(=O)OCC |$;;;;;;;;_R1;;;;;$|,Backbone
X2322,CC(=O)[C@H](Cc1ccccc1)NC(=O)OCc1cc(=O)c(O)co1,Oc1coc(COC(=O)N[C@@H](Cc2ccccc2)C([*])=O)cc1=O |$;;;;;;;;;;;;;;;;;;;_R2;;;;$|,Backbone
X2336,CC(=O)[C@@](C)(CCCC(=O)O)NC(=O)OCC1c2ccccc2-c2ccccc21,C[C@](CCCC(O)=O)(NC(=O)OCC1c2ccccc2-c2ccccc12)C([*])=O |$;;;;;;;;;;;;;;;;;;;;;;;;;;;_R2;$|,Backbone
Fmoc_V,CC(=O)[C@@H](NC(=O)OCC1c2ccccc2-c2ccccc21)C(C)C,CC(C)[C@H](NC(=O)OCC1c2ccccc2-c2ccccc12)C([*])=O |$;;;;;;;;;;;;;;;;;;;;;;;_R2;$|,Backbone
X2260,CN[C@H](C(=O)c1nc2cc(C#N)ccc2o1)C(C)C,CC(C)[C@H](N[*])C(=O)c1nc2cc(ccc2o1)C#N |$;;;;;_R1;;;;;;;;;;;;;$|,Backbone
X445,CCCCC[C@H](NC)C(C)=O,CCCCC[C@H](N[*])C([*])=O |$;;;;;;;_R1;;_R2;$|,Backbone
X459,CCCS[C@H]1CCN(C)[C@@H]1C(C)=O,CCCS[C@H]1CCN([*])[C@@H]1C([*])=O |$;;;;;;;;_R1;;;_R2;$|,Backbone
X469,CC(=O)[C@@H](NCCc1cnc[nH]1)C(C)C,CC(C)[C@H](NCCc1cnc[nH]1)C([*])=O |$;;;;;;;;;;;;;_R2;$|,Backbone
X470,CC(=O)[C@H](CO)NC(=O)Nc1ccccc1,OC[C@H](NC(=O)Nc1ccccc1)C([*])=O |$;;;;;;;;;;;;;;_R2;$|,Backbone
X661,CN(C)[C@@H](Cc1c[nH]c2ccccc12)C(=O)OC(C)(C)C,CN([*])[C@@H](Cc1c[nH]c2ccccc12)C(=O)OC(C)(C)C |$;;_R1;;;;;;;;;;;;;;;;;;$|,Backbone
X477,CN[C@@H](CCCCN)C(=O)C=O,NCCCC[C@H](N[*])C(=O)C=O |$;;;;;;;_R1;;;;$|,Backbone
X702,CN[C@@H](Cc1ccc(C(F)(C(=O)O)C(=O)O)cc1)C(C)=O,OC(=O)C(F)(C(O)=O)c1ccc(C[C@H](N[*])C([*])=O)cc1 |$;;;;;;;;;;;;;;;_R1;;_R2;;;$|,Backbone
X833,CC(=O)[C@H](CCCCN)NC[C@@H](N)CCCNC(=N)N,NCCCC[C@H](NC[C@@H](N)CCCNC(N)=N)C([*])=O |$;;;;;;;;;;;;;;;;;;_R2;$|,Backbone
X546,CN[C@@H](Cc1ccc(NC(=O)NO)cc1)C(C)=O,ONC(=O)Nc1ccc(C[C@H](N[*])C([*])=O)cc1 |$;;;;;;;;;;;;_R1;;_R2;;;$|,Backbone
X666,CC(=O)[C@H](CCCNC(=N)N[N+](=O)[O-])NC(=O)OC(C)(C)C,CC(C)(C)OC(=O)N[C@@H](CCCNC(=N)NN(=O)=O)C([*])=O |$;;;;;;;;;;;;;;;;;;;;_R2;$|,Backbone
X497,CC(=O)[C@@H]1C[C@@H]([N-][N+]#N)CN1C,[*]N1C[C@@H](C[C@H]1C([*])=O)[N-][N+]#N |$_R1;;;;;;;_R2;;;;$|,Backbone
X549,CCCCC(CCCC)NCCCC[C@H](NC)C(C)=O,CCCCC(CCCC)NCCCC[C@H](N[*])C([*])=O |$;;;;;;;;;;;;;;;;_R1;;_R2;$|,Backbone
X894,CC(=O)[C@H](Cc1ccccc1)n1c(=O)[nH]c2ccccc2c1=O,[*]C(=O)[C@H](Cc1ccccc1)n1c(=O)[nH]c2ccccc2c1=O |$_R2;;;;;;;;;;;;;;;;;;;;;;$|,Backbone
Me_dI,CC[C@@H](C)[C@H](C(C)=O)N(C)C,CC[C@@H](C)[C@@H](N(C)[*])C([*])=O |$;;;;;;;_R1;;_R2;$|,Backbone
X845,CC(=O)CN(C)Cc1ccc2c(c1)OCO2,[*]N(CC([*])=O)Cc1ccc2OCOc2c1 |$_R1;;;;_R2;;;;;;;;;;;$|,Backbone
X650,CC(=O)[C@H](CCC(=O)O)N(CCN(CCC(=O)O)CCC(=O)O)CCN(CCC(=O)O)CCC(=O)O,OC(=O)CC[C@H](N(CCN(CCC(O)=O)CCC(O)=O)CCN(CCC(O)=O)CCC(O)=O)C([*])=O |$;;;;;;;;;;;;;;;;;;;;;;;;;;;;;;;;;;_R2;$|,Backbone
X578,CC(=O)C1(NCCCC2CCCCC2)CCCC1,[*]C(=O)C1(CCCC1)NCCCC1CCCCC1 |$_R2;;;;;;;;;;;;;;;;;$|,Backbone
X643,CN[C@@H](Cc1ccccc1)C(=O)[C@]1(C)CO1,C[C@]1(CO1)C(=O)[C@H](Cc1ccccc1)N[*] |$;;;;;;;;;;;;;;;_R1$|,Backbone
X3002,CN[C@H](Cc1cc(F)c(F)c(F)c1)C(C)=O,Fc1cc(C[C@@H](N[*])C([*])=O)cc(F)c1F |$;;;;;;;_R1;;_R2;;;;;;$|,Backbone
X3016,CC(=O)[C@@H]1C[Si](C)(C)CN1C,C[Si]1(C)C[C@H](N([*])C1)C([*])=O |$;;;;;;_R1;;;_R2;$|,Backbone
X3032,CC(=O)[C@H](CC(=O)OC(C)(C)C)NC(=O)OCc1ccccc1,CC(C)(C)OC(=O)C[C@H](NC(=O)OCc1ccccc1)C([*])=O |$;;;;;;;;;;;;;;;;;;;;;_R2;$|,Backbone
X2888,CCCC[C@H](NC)C(=O)C=CS(=O)(=O)c1ccccc1,"CCCC[C@H](N[*])C(=O)C=CS(=O)(=O)c1ccccc1 |w:9.8,$;;;;;;_R1;;;;;;;;;;;;;$|",Backbone
X2496,CC(=O)[C@H](NC(=O)OC(C)(C)C)c1ccc2ccccc2c1,CC(C)(C)OC(=O)N[C@@H](C([*])=O)c1ccc2ccccc2c1 |$;;;;;;;;;;_R2;;;;;;;;;;;$|,Backbone
X1654,CC(=O)[C@@H]([N-][N+]#N)c1ccc(O)cc1,Oc1ccc(cc1)[C@H]([N-][N+]#N)C([*])=O |$;;;;;;;;;;;;_R2;$|,Backbone
X1655,CC(=O)[C@@H](CCCNC(N)=O)NC(=O)OC(C)(C)C,CC(C)(C)OC(=O)N[C@H](CCCNC(N)=O)C([*])=O |$;;;;;;;;;;;;;;;;;_R2;$|,Backbone
X574,CN[C@H](CCCCNC1CCCC1)C(C)=O,[*]N[C@H](CCCCNC1CCCC1)C([*])=O |$_R1;;;;;;;;;;;;;;_R2;$|,Backbone
Boc_dF,CC(=O)[C@@H](Cc1ccccc1)N(C)C(=O)OC(C)(C)C,CC(C)(C)OC(=O)N([*])[C@H](Cc1ccccc1)C([*])=O |$;;;;;;;;_R1;;;;;;;;;;_R2;$|,Backbone
X1573,CN[C@@H](Cc1cccc(OC(C)=O)c1)C(=O)OC,COC(=O)[C@H](Cc1cccc(OC(C)=O)c1)N[*] |$;;;;;;;;;;;;;;;;;_R1$|,Backbone
X51,CC(=O)CN(C)CCCCNC(=N)N,NC(=N)NCCCCN([*])CC([*])=O |$;;;;;;;;;_R1;;;_R2;$|,Backbone
X85,CCCCCCCCN(CCCCCCCC)[C@@H](Cc1ccc(O)cc1)C(C)=O,CCCCCCCCN(CCCCCCCC)[C@@H](Cc1ccc(O)cc1)C([*])=O |$;;;;;;;;;;;;;;;;;;;;;;;;;;;_R2;$|,Backbone
X2216,CN[C@H](C(C)=O)[C@@H](Oc1ccc(C=O)cc1)c1ccccc1,[*]N[C@@H]([C@@H](Oc1ccc(C=O)cc1)c1ccccc1)C([*])=O |$_R1;;;;;;;;;;;;;;;;;;;;_R2;$|,Backbone
X2219,CN[C@H](C(=O)c1cc2ccccc2s1)C(C)C,CC(C)[C@H](N[*])C(=O)c1cc2ccccc2s1 |$;;;;;_R1;;;;;;;;;;;$|,Backbone
X2220,CNC(=O)N[C@@H](Cc1ccc(Cl)cc1)C(C)=O,CNC(=O)N[C@@H](Cc1ccc(Cl)cc1)C([*])=O |$;;;;;;;;;;;;;;;_R2;$|,Backbone
X2221,CN[C@@H](Cc1c[nH]c2c(-c3ccc(C[C@H](NC(=O)OC(C)(C)C)C(C)=O)cc3OC)cccc12)C(=O)OC,COC(=O)[C@H](Cc1c[nH]c2c(cccc12)-c1ccc(C[C@H](NC(=O)OC(C)(C)C)C([*])=O)cc1OC)N[*] |$;;;;;;;;;;;;;;;;;;;;;;;;;;;;;;_R2;;;;;;;_R1$|,Backbone
meY,CC(=O)[C@H](Cc1ccc(O)cc1)N(C)C,CN([*])[C@@H](Cc1ccc(O)cc1)C([*])=O |$;;_R1;;;;;;;;;;;_R2;$|,Backbone
C,CN[C@@H](CSC)C(C)=O,[*]N[C@@H](CS[*])C([*])=O |$_R1;;;;;_R3;;_R2;$|,Backbone
dS,CN[C@H](CO)C(C)=O,OC[C@@H](N[*])C([*])=O |$;;;;_R1;;_R2;$|,Backbone
Nle,CCCC[C@H](NC)C(C)=O,CCCC[C@H](N[*])C([*])=O |$;;;;;;_R1;;_R2;$|,Backbone
X724,CC(=O)[C@@H]1Cc2c([nH]c3ccccc23)[C@@H](c2ccccc2O)N1,Oc1ccccc1[C@H]1N[C@@H](Cc2c1[nH]c1ccccc21)C([*])=O |$;;;;;;;;;;;;;;;;;;;;;_R2;$|,Backbone
X725,CC(=O)CN(C)CCNC(=N)N,NC(=N)NCCN([*])CC([*])=O |$;;;;;;;_R1;;;_R2;$|,Backbone
X1045,CN[C@H](C=O)CCC#N,[*]N[C@@H](CCC#N)C=O |$_R1;;;;;;;;$|,Backbone
X1106,CC(=O)[C@H](Cc1cnc[nH]1)Nc1c([N+](=O)[O-])cc([N+](=O)[O-])cc1[N+](=O)[O-],[*]C(=O)[C@H](Cc1cnc[nH]1)Nc1c(cc(cc1N(=O)=O)N(=O)=O)N(=O)=O |$_R2;;;;;;;;;;;;;;;;;;;;;;;;;$|,Backbone
X815,CN[C@@H](CCCCN)C(=O)C(=O)O,NCCCC[C@H](N[*])C(=O)C(O)=O |$;;;;;;;_R1;;;;;$|,Backbone
A_MeCl,CN[C@@H](C)C(=O)CCl,C[C@H](N[*])C(=O)CCl |$;;;_R1;;;;$|,Backbone
X1186,CN[C@@H](Cc1cccc(C)c1)C(C)=O,Cc1cccc(C[C@H](N[*])C([*])=O)c1 |$;;;;;;;;;_R1;;_R2;;$|,Backbone
X997,CN[C@@H](CC(=O)OC)C(=O)CF,COC(=O)C[C@H](N[*])C(=O)CF |$;;;;;;;_R1;;;;$|,Backbone
X1096,CC(=O)[C@@H]1NCC[C@@H]2CCCC[C@@H]21,[*]C(=O)[C@@H]1NCC[C@@H]2CCCC[C@H]12 |$_R2;;;;;;;;;;;;$|,Backbone
X750,CCC[C@H](NC)C(=O)C(F)(F)F,CCC[C@H](N[*])C(=O)C(F)(F)F |$;;;;;_R1;;;;;;$|,Backbone
X1026,C[C@@H](O)[C@H](OC(=O)[C@@H]1CCCN1C)C(=O)O,C[C@@H](O)[C@H](OC(=O)[C@@H]1CCCN1[*])C(O)=O |$;;;;;;;;;;;;_R1;;;$|,Backbone
X991,CCC#CCN(C)CC(C)=O,CCC#CCN([*])CC([*])=O |$;;;;;;_R1;;;_R2;$|,Backbone
X1030,CCCCN(C)CC(C)=O,CCCCN([*])CC([*])=O |$;;;;;_R1;;;_R2;$|,Backbone
X1095,CC(=O)[C@H](Cc1ccc(ON)cc1)NN,NN[C@@H](Cc1ccc(ON)cc1)C([*])=O |$;;;;;;;;;;;;;_R2;$|,Backbone
X986,CC(=O)[C@H](CCCCCBr)[N-][N+]#N,BrCCCCC[C@H]([N-][N+]#N)C([*])=O |$;;;;;;;;;;;_R2;$|,Backbone
X786,CN[C@H](CCCCNc1nnc(N)[nH]1)C(C)=O,Nc1nnc(NCCCC[C@@H](N[*])C([*])=O)[nH]1 |$;;;;;;;;;;;;_R1;;_R2;;$|,Backbone
X933,CN[C@H](Cc1ccc(C(F)(F)F)cc1)C(C)=O,FC(F)(F)c1ccc(C[C@@H](N[*])C([*])=O)cc1 |$;;;;;;;;;;;_R1;;_R2;;;$|,Backbone
X932,CN[C@@H](Cc1ccc(C(C)(C)C)cc1)C(C)=O,CC(C)(C)c1ccc(C[C@H](N[*])C([*])=O)cc1 |$;;;;;;;;;;;_R1;;_R2;;;$|,Backbone
X1772,CN[C@@H](Cc1c(Br)[nH]c2ccccc12)C(C)=O,Brc1[nH]c2ccccc2c1C[C@H](N[*])C([*])=O |$;;;;;;;;;;;;;_R1;;_R2;$|,Backbone
Tyr(tBu),CN[C@@H](Cc1ccc(OC(C)(C)C)cc1)C(C)=O,CC(C)(C)Oc1ccc(C[C@H](N[*])C([*])=O)cc1 |$;;;;;;;;;;;;_R1;;_R2;;;$|,Backbone
X1972,CC(=O)[C@@H](Cc1ccccc1)NC(N)=O,NC(=O)N[C@H](Cc1ccccc1)C([*])=O |$;;;;;;;;;;;;;_R2;$|,Backbone
X2003,CN[C@H](C(C)=O)c1ccccc1F,Fc1ccccc1[C@H](N[*])C([*])=O |$;;;;;;;;;_R1;;_R2;$|,Backbone
X1976,CCCNCCC[C@H](NC)C(C)=O,CCCNCCC[C@H](N[*])C([*])=O |$;;;;;;;;;_R1;;_R2;$|,Backbone
X1959,CN[C@H](C(C)=O)c1ccccc1Cl,Clc1ccccc1[C@H](N[*])C([*])=O |$;;;;;;;;;_R1;;_R2;$|,Backbone
X2031,CN[C@H](Cc1cnccn1)C(C)=O,[*]N[C@H](Cc1cnccn1)C([*])=O |$_R1;;;;;;;;;;;_R2;$|,Backbone
X2071,CCCCNC(=O)N[C@H](CSC)C(C)=O,CCCCNC(=O)N[C@H](CS[*])C([*])=O |$;;;;;;;;;;;_R3;;_R2;$|,Backbone
X1837,CN[C@H](COCC=CCOC(C)=O)C(C)=O,"CC(=O)OCC=CCOC[C@@H](N[*])C([*])=O |w:6.6,$;;;;;;;;;;;;_R1;;_R2;$|",Backbone
X1905,CN[C@H](COCCN)C(C)=O,NCCOC[C@@H](N[*])C([*])=O |$;;;;;;;_R1;;_R2;$|,Backbone
X1870,CN[C@@H](Cn1ccc2ccccc21)C(C)=O,[*]N[C@@H](Cn1ccc2ccccc12)C([*])=O |$_R1;;;;;;;;;;;;;;_R2;$|,Backbone
X1664,CN[C@H](C(C)=O)[C@H](O)[C@@H]1CN=C(N)N1,"NC1=NC[C@H](N1)[C@@H](O)[C@H](N[*])C([*])=O |$;;;;;;;;;;_R1;;_R2;$,t:1|",Backbone
X1736,CN[C@H](COCC=CCBr)C(C)=O,"BrCC=CCOC[C@@H](N[*])C([*])=O |w:3.3,$;;;;;;;;;_R1;;_R2;$|",Backbone
X1669,CC=CC[C@@H](C)[C@@H](O)[C@H](C(C)=O)N(C)C,"CC=CC[C@@H](C)[C@@H](O)[C@@H](N(C)[*])C([*])=O |w:1.0,$;;;;;;;;;;;_R1;;_R2;$|",Backbone
X1818,CN[C@H](CCCN(C)C)C(C)=O,CN(C)CCC[C@@H](N[*])C([*])=O |$;;;;;;;;_R1;;_R2;$|,Backbone
X1893,CN[C@H](C(C)=O)c1cn(C)c2ccccc2c1=O,Cn1cc([C@H](N[*])C([*])=O)c(=O)c2ccccc12 |$;;;;;;_R1;;_R2;;;;;;;;;$|,Backbone
X1781,CC(=O)[C@H]([C@H](O)[C@H](C)CC1=NCc2ccccc2N1)N(C)C,"C[C@H](CC1=NCc2ccccc2N1)[C@@H](O)[C@H](N(C)[*])C([*])=O |$;;;;;;;;;;;;;;;;;;_R1;;_R2;$,t:3|",Backbone
X1852,CN[C@@H](CCCCCC(=O)CCl)C(C)=O,ClCC(=O)CCCCC[C@H](N[*])C([*])=O |$;;;;;;;;;;;_R1;;_R2;$|,Backbone
X1787,CN[C@@H](C(C)=O)c1cnc2ccccc2c1O,Oc1c(cnc2ccccc12)[C@@H](N[*])C([*])=O |$;;;;;;;;;;;;;_R1;;_R2;$|,Backbone
X33,CN[C@@H](Cc1ccc([N+](=O)[O-])cc1)C(C)=O,[*]N[C@@H](Cc1ccc(cc1)N(=O)=O)C([*])=O |$_R1;;;;;;;;;;;;;;_R2;$|,Backbone
X71,CC(=O)CN(C)Cc1ccc(O)cc1,Oc1ccc(CN([*])CC([*])=O)cc1 |$;;;;;;;_R1;;;_R2;;;$|,Backbone
X130,CN[C@H]1CCCNC1=O,[*]N[C@H]1CCCNC1=O |$_R1;;;;;;;;$|,Backbone
X165,CN[C@H](C(C)=O)[C@@H](C)c1ccccc1,C[C@H]([C@H](N[*])C([*])=O)c1ccccc1 |$;;;;_R1;;_R2;;;;;;;$|,Backbone
X132,CN[C@@H](Cc1cn(CCNS(=O)(=O)c2cccc3c(N(C)C)cccc23)nn1)C(C)=O,CN(C)c1cccc2c(cccc12)S(=O)(=O)NCCn1cc(C[C@H](N[*])C([*])=O)nn1 |$;;;;;;;;;;;;;;;;;;;;;;;;;_R1;;_R2;;;$|,Backbone
X127,CN[C@@H](Cc1ccc(OP(=O)(O)O)cc1)C(C)=O,OP(O)(=O)Oc1ccc(C[C@H](N[*])C([*])=O)cc1 |$;;;;;;;;;;;;_R1;;_R2;;;$|,Backbone
X154,CN[C@@H](CCCCNC(=O)OCc1ccccc1[N+](=O)[O-])C(C)=O,[*]N[C@@H](CCCCNC(=O)OCc1ccccc1N(=O)=O)C([*])=O |$_R1;;;;;;;;;;;;;;;;;;;;;;_R2;$|,Backbone
X359,CC(=O)[C@@H](NCc1ccc(O)cc1)C(C)C,CC(C)[C@H](NCc1ccc(O)cc1)C([*])=O |$;;;;;;;;;;;;;;_R2;$|,Backbone
X115,CN[C@H](Cc1cn(Cc2ccccc2)cn1)C(C)=O,[*]N[C@H](Cc1cn(Cc2ccccc2)cn1)C([*])=O |$_R1;;;;;;;;;;;;;;;;;_R2;$|,Backbone
4-Pal,CN[C@@H](Cc1ccncc1)C(C)=O,[*]N[C@@H](Cc1ccncc1)C([*])=O |$_R1;;;;;;;;;;;_R2;$|,Backbone
X13,CN[C@]1(C(=O)O)C[C@H]1C,C[C@@H]1C[C@]1(N[*])C(O)=O |$;;;;;_R1;;;$|,Backbone
X29,CN[C@@H](CCCCNC(=NC(C)C)NC#N)C(C)=O,"CC(C)N=C(NCCCC[C@H](N[*])C([*])=O)NC#N |w:3.2,$;;;;;;;;;;;;_R1;;_R2;;;;$|",Backbone
X2771,CN[C@@H](CC(=O)O)C(=O)[C@H](CC(=O)O)NC(=O)N1CCC[C@@H]1C(C)=O,OC(=O)C[C@H](N[*])C(=O)[C@H](CC(O)=O)NC(=O)N1CCC[C@@H]1C([*])=O |$;;;;;;_R1;;;;;;;;;;;;;;;;;_R2;$|,Backbone
X2790,CC(=O)[C@@H](Cc1ccccc1)NC(=S)Nc1ccc2c(c1)C(=O)OC21c2ccc(O)cc2Oc2cc(O)ccc21,Oc1ccc2c(Oc3cc(O)ccc3C22OC(=O)c3cc(NC(=S)N[C@H](Cc4ccccc4)C([*])=O)ccc23)c1 |$;;;;;;;;;;;;;;;;;;;;;;;;;;;;;;;;;;_R2;;;;;$|,Backbone
X2436,CN[C@@H](CSC)C(=O)NC(=O)C[C@H](N)C(C)=O,N[C@@H](CC(=O)NC(=O)[C@H](CS[*])N[*])C([*])=O |$;;;;;;;;;;;_R3;;_R1;;_R2;$|,Backbone
X2445,CN(C)[C@H](Cc1c[nH]c2ccccc12)C(=O)OC(C)(C)C,CN([*])[C@H](Cc1c[nH]c2ccccc12)C(=O)OC(C)(C)C |$;;_R1;;;;;;;;;;;;;;;;;;$|,Backbone
X2883,CN[C@H](CCCN=C(N(C)C)N(C)C)C(C)=O,CN(C)C(=NCCC[C@@H](N[*])C([*])=O)N(C)C |$;;;;;;;;;;_R1;;_R2;;;;$|,Backbone
X2283,CC(=O)[C@@H]1C[C@@H](Oc2cc(-c3ccccc3)nc3cc(F)ccc23)CN1C,Fc1ccc2c(O[C@@H]3C[C@H](N([*])C3)C([*])=O)cc(nc2c1)-c1ccccc1 |$;;;;;;;;;;;_R1;;;_R2;;;;;;;;;;;;$|,Backbone
X2489,CN[C@@H](CCCNC(=N)N)C(=O)CN[C@@H](C)C(C)=O,C[C@H](NCC(=O)[C@H](CCCNC(N)=N)N[*])C([*])=O |$;;;;;;;;;;;;;;;_R1;;_R2;$|,Backbone
X2584,CN[C@@H](CCCCCSC)C(C)=O,CSCCCCC[C@H](N[*])C([*])=O |$;;;;;;;;;_R1;;_R2;$|,Backbone
X2604,CC(=O)[C@H](NC(=O)OC(C)(C)C)c1cccc(C(F)(F)F)c1,CC(C)(C)OC(=O)N[C@@H](C([*])=O)c1cccc(c1)C(F)(F)F |$;;;;;;;;;;_R2;;;;;;;;;;;$|,Backbone
X2591,CC(=O)[C@H](COCc1ccccc1C)NS(=O)(=O)c1ccc(C)cc1,Cc1ccc(cc1)S(=O)(=O)N[C@@H](COCc1ccccc1C)C([*])=O |$;;;;;;;;;;;;;;;;;;;;;;;_R2;$|,Backbone
X2754,CN[C@@H](Cc1ccc(Oc2cc(C[C@H](NC(=O)OCc3ccccc3)C(C)=O)ccc2OC)cc1)C(=O)O,COc1ccc(C[C@H](NC(=O)OCc2ccccc2)C([*])=O)cc1Oc1ccc(C[C@H](N[*])C(O)=O)cc1 |$;;;;;;;;;;;;;;;;;;;;_R2;;;;;;;;;;;;_R1;;;;;$|,Backbone
X2799,CC(=O)[C@H](CC(=O)O)NC(=S)Nc1ccc(-c2c3ccc(=O)cc-3oc3cc(O)ccc23)c(C(=O)O)c1,OC(=O)C[C@H](NC(=S)Nc1ccc(c(c1)C(O)=O)-c1c2ccc(O)cc2oc2cc(=O)ccc12)C([*])=O |$;;;;;;;;;;;;;;;;;;;;;;;;;;;;;;;;;;;_R2;$|,Backbone
X2451,CC(=O)C[N+]1=C(C=CC=CC=CC=C2N(CCC(=O)O)c3ccc4ccccc4c3C2(C)C)C(C)(C)c2c1ccc1ccccc21,"CC1(C)C(=CC=CC=CC=CC2=[N+](CC([*])=O)c3ccc4ccccc4c3C2(C)C)N(CCC(O)=O)c2ccc3ccccc3c12 |w:4.4,6.6,8.8,10.10,$;;;;;;;;;;;;;;;_R2;;;;;;;;;;;;;;;;;;;;;;;;;;;;;;$,c:11|",Backbone
X2800,CC(=O)[C@H](CCCCOS(=O)(=O)O)NC(=O)OC(C)(C)C,CC(C)(C)OC(=O)N[C@@H](CCCCOS(O)(=O)=O)C([*])=O |$;;;;;;;;;;;;;;;;;;;_R2;$|,Backbone
X2664,CC(=O)CNNc1c(OCc2ccccc2)c(=O)c1=O,[*]C(=O)CNNc1c(OCc2ccccc2)c(=O)c1=O |$_R2;;;;;;;;;;;;;;;;;;;$|,Backbone
X2782,CNCCCC[C@H](NC)C(=O)c1nc2ccccc2s1,CNCCCC[C@H](N[*])C(=O)c1nc2ccccc2s1 |$;;;;;;;;_R1;;;;;;;;;;;$|,Backbone
X2200,CC(=O)[C@@H](CCCNC(=N)N)NS(=O)(=O)Cc1ccccc1,NC(=N)NCCC[C@@H](NS(=O)(=O)Cc1ccccc1)C([*])=O |$;;;;;;;;;;;;;;;;;;;;_R2;$|,Backbone
X2170,CC(=O)[C@@H](N)CCC(=O)NC(=O)[C@@H](N)CCC(=O)O,N[C@@H](CCC(=O)NC(=O)[C@@H](N)CCC(O)=O)C([*])=O |$;;;;;;;;;;;;;;;;;_R2;$|,Backbone
X2175,CCCCCCCn1cc(C[C@H](NC)C(C)=O)[n+](CCCCCCC)c1,CCCCCCCn1cc(C[C@H](N[*])C([*])=O)[n+](CCCCCCC)c1 |$;;;;;;;;;;;;;_R1;;_R2;;;;;;;;;;$|,Backbone
X2156,CC[C@H](C)[C@H](NC)C(=O)CN1CCCC[C@@H]1C(C)=O,CC[C@H](C)[C@H](N[*])C(=O)CN1CCCC[C@@H]1C([*])=O |$;;;;;;_R1;;;;;;;;;;;_R2;$|,Backbone
X2111,CC(=O)[C@H](Cc1ccc(OP(=O)(O)O)cc1)NC(=O)OCc1cccc(N)c1,Nc1cccc(COC(=O)N[C@@H](Cc2ccc(OP(O)(O)=O)cc2)C([*])=O)c1 |$;;;;;;;;;;;;;;;;;;;;;;;;;_R2;;$|,Backbone
X2196,CC(=O)[C@@H](Cc1cnc[nH]1)NC(=O)OC1CCC1,[*]C(=O)[C@@H](Cc1cnc[nH]1)NC(=O)OC1CCC1 |$_R2;;;;;;;;;;;;;;;;;$|,Backbone
X2240,CN[C@@H](C(C)=O)C(=O)c1ccc2c(ccn2C)c1,Cn1ccc2cc(ccc12)C(=O)[C@@H](N[*])C([*])=O |$;;;;;;;;;;;;;;_R1;;_R2;$|,Backbone
X2197,CC(=O)[C@H](CC(C)C)NC[C@H](Cc1c[nH]c2ccccc12)NC(=O)OC(C)(C)C,CC(C)C[C@H](NC[C@H](Cc1c[nH]c2ccccc12)NC(=O)OC(C)(C)C)C([*])=O |$;;;;;;;;;;;;;;;;;;;;;;;;;;;_R2;$|,Backbone
X2118,CN[C@H](C(=O)c1nc2cc(CC(=O)OC)ccc2o1)C(C)C,COC(=O)Cc1ccc2oc(nc2c1)C(=O)[C@@H](N[*])C(C)C |$;;;;;;;;;;;;;;;;;;_R1;;;$|,Backbone
X2161,CN[C@@H](CCC(=O)O)C(=O)c1nc2ccccc2[nH]1,OC(=O)CC[C@H](N[*])C(=O)c1nc2ccccc2[nH]1 |$;;;;;;;_R1;;;;;;;;;;;$|,Backbone
X1124,CN[C@H](Cc1ccc([N+](=O)[O-])cc1)C(C)=O,[*]N[C@H](Cc1ccc(cc1)N(=O)=O)C([*])=O |$_R1;;;;;;;;;;;;;;_R2;$|,Backbone
X1131,CCN(CC)[C@@H](Cc1ccccc1)C(C)=O,CCN(CC)[C@@H](Cc1ccccc1)C([*])=O |$;;;;;;;;;;;;;;_R2;$|,Backbone
Ser(Bzl),CN[C@@H](COCc1ccccc1)C(C)=O,[*]N[C@@H](COCc1ccccc1)C([*])=O |$_R1;;;;;;;;;;;;;_R2;$|,Backbone
X1452,CN[C@@H](Cc1cc(Cl)c(O)c(Cl)c1)C(C)=O,Oc1c(Cl)cc(C[C@H](N[*])C([*])=O)cc1Cl |$;;;;;;;;;_R1;;_R2;;;;$|,Backbone
X1393,CN[C@@H](Cc1cnn[nH]1)C(C)=O,[*]N[C@@H](Cc1cnn[nH]1)C([*])=O |$_R1;;;;;;;;;;_R2;$|,Backbone
X1420,CN[C@@H](CC(=O)O)C(=O)COC(=O)c1c(C)cccc1C,Cc1cccc(C)c1C(=O)OCC(=O)[C@H](CC(O)=O)N[*] |$;;;;;;;;;;;;;;;;;;;;_R1$|,Backbone
X1324,CN[C@@H](CCN=C(N(C)C)N(C)C)C(C)=O,CN(C)C(=NCC[C@H](N[*])C([*])=O)N(C)C |$;;;;;;;;;_R1;;_R2;;;;$|,Backbone
X1377,CN[C@@H](CSCCS(=O)(=O)O)C(C)=O,OS(=O)(=O)CCSC[C@H](N[*])C([*])=O |$;;;;;;;;;;_R1;;_R2;$|,Backbone
X1303,CN1CCC[C@H]1C(=O)ON,NOC(=O)[C@@H]1CCCN1[*] |$;;;;;;;;;_R1$|,Backbone
X1237,CN[C@@H](CC(=O)O)C(=O)c1ccccn1,OC(=O)C[C@H](N[*])C(=O)c1ccccn1 |$;;;;;;_R1;;;;;;;;$|,Backbone
X1007,CCOP(=O)(Cc1ccc(C[C@H](NC)C(C)=O)cc1)OCC,CCOP(=O)(Cc1ccc(C[C@H](N[*])C([*])=O)cc1)OCC |$;;;;;;;;;;;;;_R1;;_R2;;;;;;$|,Backbone
Tza,CN[C@@H](Cc1cscn1)C(C)=O,[*]N[C@@H](Cc1cscn1)C([*])=O |$_R1;;;;;;;;;;_R2;$|,Backbone
X173,CCCN=C(NCCC)NCCCC[C@@H](NC)C(C)=O,"CCCNC(NCCCC[C@@H](N[*])C([*])=O)=NCCC |w:16.16,3.2,$;;;;;;;;;;;;_R1;;_R2;;;;;$|",Backbone
X322,COC1=CC(=O)N(C(=O)[C@@H](OC(=O)[C@@H]2CCCN2C)C(C)C)[C@@H]1Cc1ccccc1,"COC1=CC(=O)N([C@@H]1Cc1ccccc1)C(=O)[C@@H](OC(=O)[C@@H]1CCCN1[*])C(C)C |$;;;;;;;;;;;;;;;;;;;;;;;;;;_R1;;;$,t:2|",Backbone
X187,CN[C@@H](CCNC(=N)N)C(C)=O,NC(=N)NCC[C@H](N[*])C([*])=O |$;;;;;;;;_R1;;_R2;$|,Backbone
X338,CN[C@H](Cc1ccc(NC(=O)NOC)cc1)C(C)=O,CONC(=O)Nc1ccc(C[C@@H](N[*])C([*])=O)cc1 |$;;;;;;;;;;;;;_R1;;_R2;;;$|,Backbone
X249,CN[C@@H](C)C=O,C[C@H](N[*])C=O |$;;;_R1;;$|,Backbone
X328,CC(=O)[C@@H](N)[C@H](C)c1c(C)cc(O)cc1C,C[C@@H]([C@H](N)C([*])=O)c1c(C)cc(O)cc1C |$;;;;;_R2;;;;;;;;;;$|,Backbone
R_OMe,CN[C@@H](CCCNC(=N)N)C(=O)OC,COC(=O)[C@H](CCCNC(N)=N)N[*] |$;;;;;;;;;;;;;_R1$|,Backbone
X561,CON[C@@H](Cc1cccc(O)c1)C(C)=O,CON[C@@H](Cc1cccc(O)c1)C([*])=O |$;;;;;;;;;;;;;_R2;$|,Backbone
X506,CCNC(=O)Nc1ccc(C[C@H](NC)C(C)=O)cc1,CCNC(=O)Nc1ccc(C[C@H](N[*])C([*])=O)cc1 |$;;;;;;;;;;;;;_R1;;_R2;;;$|,Backbone
H_OMe,CN[C@@H](Cc1cnc[nH]1)C(=O)OC,COC(=O)[C@H](Cc1cnc[nH]1)N[*] |$;;;;;;;;;;;;_R1$|,Backbone
X345,CN[C@H](C(C)=O)C1Cc2ccccc2C1,[*]N[C@@H](C1Cc2ccccc2C1)C([*])=O |$_R1;;;;;;;;;;;;;_R2;$|,Backbone
A_OMe,CN[C@@H](C)C(=O)OC,COC(=O)[C@H](C)N[*] |$;;;;;;;_R1$|,Backbone
EtCO_d3-Pal,CCOC(=O)N[C@H](Cc1cccnc1)C(C)=O,CCOC(=O)N[C@H](Cc1cccnc1)C([*])=O |$;;;;;;;;;;;;;;;_R2;$|,Backbone
X373,CN[C@H](CSCc1ccccc1)C(C)=O,[*]N[C@H](CSCc1ccccc1)C([*])=O |$_R1;;;;;;;;;;;;;_R2;$|,Backbone
X385,CC(=O)CN(C)CCCc1ccccc1,[*]N(CCCc1ccccc1)CC([*])=O |$_R1;;;;;;;;;;;;;_R2;$|,Backbone
X1601,CCCCCCCCC[C@H](NC)C(C)=O,CCCCCCCCC[C@H](N[*])C([*])=O |$;;;;;;;;;;;_R1;;_R2;$|,Backbone
X1524,CC(=O)[C@H](CCCC[N+](C)(C)C)[N-][N+]#N,C[N+](C)(C)CCCC[C@H]([N-][N+]#N)C([*])=O |$;;;;;;;;;;;;;_R2;$|,Backbone
dP_OBzl,CN1CCC[C@@H]1C(=O)OCc1ccccc1,[*]N1CCC[C@@H]1C(=O)OCc1ccccc1 |$_R1;;;;;;;;;;;;;;;$|,Backbone
X1563,C=CCCCC[C@](C)(NC)C(C)=O,C[C@@](CCCCC=C)(N[*])C([*])=O |$;;;;;;;;;_R1;;_R2;$|,Backbone
X1698,CC(=O)[C@@H]1C[C@@H](OC(=O)NCCCCCN)CN1C,NCCCCCNC(=O)O[C@@H]1C[C@H](N([*])C1)C([*])=O |$;;;;;;;;;;;;;;_R1;;;_R2;$|,Backbone
X603,C#CC[C@@H](NC)C(C)=O,[*]N[C@H](CC#C)C([*])=O |$_R1;;;;;;;_R2;$|,Backbone
Boc_I,CC[C@H](C)[C@H](NC(=O)OC(C)(C)C)C(C)=O,CC[C@H](C)[C@H](NC(=O)OC(C)(C)C)C([*])=O |$;;;;;;;;;;;;;;_R2;$|,Backbone
dNva_OMe,CCC[C@@H](NC)C(=O)OC,CCC[C@@H](N[*])C(=O)OC |$;;;;;_R1;;;;$|,Backbone
X1520,CN[C@H](CCC(=O)[CH-][N+]#N)C(=O)O,OC(=O)[C@@H](CCC(=O)[CH-][N+]#N)N[*] |$;;;;;;;;;;;;_R1$|,Backbone
X1605,CC(=O)[C@H](C)NC(=N)N,C[C@H](NC(N)=N)C([*])=O |$;;;;;;;_R2;$|,Backbone
X2595,CN[C@@H](CCCCNC(=N)N)C(=O)c1nc2ccccc2s1,NC(=N)NCCCC[C@H](N[*])C(=O)c1nc2ccccc2s1 |$;;;;;;;;;;_R1;;;;;;;;;;;$|,Backbone
X2608,CN[C@H](C(=O)c1nc2cc(OC)ccc2o1)C(C)C,COc1ccc2oc(nc2c1)C(=O)[C@@H](N[*])C(C)C |$;;;;;;;;;;;;;;;_R1;;;$|,Backbone
X2606,COc1ccc(C[C@H](N[C@@H](Cc2ccccc2)C(C)=O)C(=O)CC2(SC)CCC(c3ccccc3)CC2)cc1,COc1ccc(C[C@H](N[C@@H](Cc2ccccc2)C([*])=O)C(=O)CC2(CCC(CC2)c2ccccc2)S[*])cc1 |$;;;;;;;;;;;;;;;;;;_R2;;;;;;;;;;;;;;;;;;_R3;;$|,Backbone
X2712,COc1ccc2cc1Oc1ccc(cc1)C[C@H](N(C)C)C(=O)N(C)[C@H](C(=S)N[C@H](C)C(C)=O)C2,COc1ccc2C[C@H](N(C)C(=O)[C@H](Cc3ccc(Oc1c2)cc3)N(C)[*])C(=S)N[C@H](C)C([*])=O |$;;;;;;;;;;;;;;;;;;;;;;;;;_R1;;;;;;;_R2;$|,Backbone
X2732,CC(=O)[C@H](Cc1ccc(O)cc1)NNCC(=O)[C@@H]1CCCN1C,Oc1ccc(C[C@H](NNCC(=O)[C@@H]2CCCN2[*])C([*])=O)cc1 |$;;;;;;;;;;;;;;;;;_R1;;_R2;;;$|,Backbone
Cbz_Thr(tBu),CC(=O)[C@@H](NC(=O)OCc1ccccc1)[C@@H](C)OC(C)(C)C,C[C@@H](OC(C)(C)C)[C@H](NC(=O)OCc1ccccc1)C([*])=O |$;;;;;;;;;;;;;;;;;;;;_R2;$|,Backbone
X2729,CC(=O)CNCCCO,OCCCNCC([*])=O |$;;;;;;;_R2;$|,Backbone
X2311,CC(=O)[C@H](CC(C)C)NC(=O)N1CCC[C@H]1C(C)=O,CC(C)C[C@H](NC(=O)N1CCC[C@H]1C(C)=O)C([*])=O |$;;;;;;;;;;;;;;;;;_R2;$|,Backbone
X2330,CNCC(=O)NC(=O)[C@H](C)NC(=O)N1CCC[C@H]1C(C)=O,C[C@H](NC(=O)N1CCC[C@H]1C([*])=O)C(=O)NC(=O)CN[*] |$;;;;;;;;;;;_R2;;;;;;;;;_R1$|,Backbone
X2447,CN[C@H](C(=O)c1ccc(C(F)(F)F)cc1)C(C)C,CC(C)[C@H](N[*])C(=O)c1ccc(cc1)C(F)(F)F |$;;;;;_R1;;;;;;;;;;;;$|,Backbone
X2387,CN[C@H](Cc1c(Br)[nH]c2ccccc12)C(C)=O,Brc1[nH]c2ccccc2c1C[C@@H](N[*])C([*])=O |$;;;;;;;;;;;;;_R1;;_R2;$|,Backbone
X2400,CN[C@@H](CSCCc1cccc(N[C@@H](C(C)=O)[C@H](C)O)c1)C(=O)O,C[C@H](O)[C@@H](Nc1cccc(CCSC[C@H](N[*])C(O)=O)c1)C([*])=O |$;;;;;;;;;;;;;;;;_R1;;;;;;_R2;$|,Backbone
X2407,CSC[C@H](NCC(=O)c1ccccc1)C(C)=O,[*]C(=O)[C@H](CS[*])NCC(=O)c1ccccc1 |$_R2;;;;;;_R3;;;;;;;;;;$|,Backbone
X2440,CC(=O)[C@H]1CSCCN1C,[*]N1CCSC[C@@H]1C([*])=O |$_R1;;;;;;;;_R2;$|,Backbone
X2288,CC(=O)[C@H](NC(=O)OCC1c2ccccc2-c2ccccc21)[C@@H](C)O,C[C@@H](O)[C@@H](NC(=O)OCC1c2ccccc2-c2ccccc12)C([*])=O |$;;;;;;;;;;;;;;;;;;;;;;;_R2;$|,Backbone
X2340,CN[C@@H](C(=O)CN[C@@H](C)C(C)=O)[C@H](C)O,C[C@H](O)[C@@H](N[*])C(=O)CN[C@@H](C)C([*])=O |$;;;;;_R1;;;;;;;;_R2;$|,Backbone
X641,CC(=O)[C@@H]1C[C@H](N)CN1C,N[C@H]1C[C@H](N([*])C1)C([*])=O |$;;;;;_R1;;;_R2;$|,Backbone
X451,CN[C@H](C(C)=O)[C@@H](C)OS(=O)(=O)O,C[C@@H](OS(O)(=O)=O)[C@H](N[*])C([*])=O |$;;;;;;;;;_R1;;_R2;$|,Backbone
X466,CC(=O)[C@H](Cc1ccccc1)NS(=O)(=O)c1ccc(C)cc1,Cc1ccc(cc1)S(=O)(=O)N[C@@H](Cc1ccccc1)C([*])=O |$;;;;;;;;;;;;;;;;;;;;_R2;$|,Backbone
X593,CN[C@@H](CC1CCCNC1)C(C)=O,[*]N[C@@H](CC1CCCNC1)C([*])=O |$_R1;;;;;;;;;;;_R2;$|,Backbone
X657,CN[C@@H](CCc1nnn[nH]1)C(C)=O,[*]N[C@@H](CCc1nnn[nH]1)C([*])=O |$_R1;;;;;;;;;;;_R2;$|,Backbone
X539,CN[C@@H](Cc1ccc(S(N)(=O)=O)cc1)C(C)=O,NS(=O)(=O)c1ccc(C[C@H](N[*])C([*])=O)cc1 |$;;;;;;;;;;;_R1;;_R2;;;$|,Backbone
X485,CCOC(=O)[C@H](CCCc1ccccc1)NC,CCOC(=O)[C@H](CCCc1ccccc1)N[*] |$;;;;;;;;;;;;;;;;_R1$|,Backbone
X761,CN[C@@H](C(C)=O)C1Cc2ccccc2C1,[*]N[C@H](C1Cc2ccccc2C1)C([*])=O |$_R1;;;;;;;;;;;;;_R2;$|,Backbone
X490,CC(=O)C12CCC(CC1)N2C,[*]N1C2CCC1(CC2)C([*])=O |$_R1;;;;;;;;;_R2;$|,Backbone
X764,CC(=O)[C@H](Cc1ccccc1)NS(=O)(=O)O,OS(=O)(=O)N[C@@H](Cc1ccccc1)C([*])=O |$;;;;;;;;;;;;;;_R2;$|,Backbone
L_Me,CN[C@@H](CC(C)C)C(C)=O,CC(C)C[C@H](N[*])C(C)=O |$;;;;;;_R1;;;$|,Backbone
X612,CN[C@@H](Cc1ccc(CC(=O)O)c(O)c1)C(C)=O,OC(=O)Cc1ccc(C[C@H](N[*])C([*])=O)cc1O |$;;;;;;;;;;;_R1;;_R2;;;;$|,Backbone
X446,CN[C@@H](CC[C@H]1C[C@@H]1N)C(C)=O,N[C@H]1C[C@@H]1CC[C@H](N[*])C([*])=O |$;;;;;;;;_R1;;_R2;$|,Backbone
X524,CN[C@@H](Cc1cccc(OC)c1)C(C)=O,COc1cccc(C[C@H](N[*])C([*])=O)c1 |$;;;;;;;;;;_R1;;_R2;;$|,Backbone
X649,CC(=O)[C@@H](NC(=O)OC1CCCC1)C(C)C,CC(C)[C@H](NC(=O)OC1CCCC1)C([*])=O |$;;;;;;;;;;;;;;_R2;$|,Backbone
X2860,CCC[C@@H]1CCN(C)[C@@H]1C(C)=O,CCC[C@@H]1CCN([*])[C@@H]1C([*])=O |$;;;;;;;_R1;;;_R2;$|,Backbone
X3003,CC(=O)[C@H]1C[C@@H](n2cc(CCc3ccccc3)nn2)CN1C,[*]N1C[C@@H](C[C@@H]1C([*])=O)n1cc(CCc2ccccc2)nn1 |$_R1;;;;;;;_R2;;;;;;;;;;;;;;$|,Backbone
X3018,CN[C@@H](Cc1ccc(F)cc1F)C(C)=O,Fc1ccc(C[C@H](N[*])C([*])=O)c(F)c1 |$;;;;;;;;_R1;;_R2;;;;$|,Backbone
X3015,CCCCCCCCCCCCCCCC(=O)NC(=O)CC[C@H](N)C(C)=O,CCCCCCCCCCCCCCCC(=O)NC(=O)CC[C@H](N)C([*])=O |$;;;;;;;;;;;;;;;;;;;;;;;;;_R2;$|,Backbone
X3009,CC(=O)[C@@H]1C[C@H]2C[C@H]2N1C,[*]N1[C@@H]2C[C@@H]2C[C@H]1C([*])=O |$_R1;;;;;;;;_R2;$|,Backbone
X3005,CN[C@@H](C[Si](C)(C)C)C(C)=O,C[Si](C)(C)C[C@H](N[*])C([*])=O |$;;;;;;;_R1;;_R2;$|,Backbone
X3028,CCNC(=S)NCCCC[C@H](NC)C(C)=O,CCNC(=S)NCCCC[C@H](N[*])C([*])=O |$;;;;;;;;;;;;_R1;;_R2;$|,Backbone
dPhe(3-CN),CN[C@H](Cc1cccc(C#N)c1)C(C)=O,[*]N[C@H](Cc1cccc(c1)C#N)C([*])=O |$_R1;;;;;;;;;;;;;_R2;$|,Backbone
X2863,CC(=O)[C@H](Cc1ccccc1)NS(=O)(=O)c1ccc(C(=O)O)cc1,OC(=O)c1ccc(cc1)S(=O)(=O)N[C@@H](Cc1ccccc1)C([*])=O |$;;;;;;;;;;;;;;;;;;;;;;_R2;$|,Backbone
X2881,CC(=O)[C@H](CC(C)C)NC(=O)NC[C@H](O)CO,CC(C)C[C@H](NC(=O)NC[C@H](O)CO)C([*])=O |$;;;;;;;;;;;;;;;_R2;$|,Backbone
X2878,CN[C@H](Cc1cc(C)c(O)c(C)c1)C(C)=O,Cc1cc(C[C@@H](N[*])C([*])=O)cc(C)c1O |$;;;;;;;_R1;;_R2;;;;;;$|,Backbone
X2875,CC(=O)CNS(=O)(=O)c1ccc(C)cc1,Cc1ccc(cc1)S(=O)(=O)NCC([*])=O |$;;;;;;;;;;;;;_R2;$|,Backbone
X2543,CN[C@@H](Cc1ccc(Oc2cc(C[C@H](N)C(C)=O)ccc2O)cc1)C(=O)O,N[C@@H](Cc1ccc(O)c(Oc2ccc(C[C@H](N[*])C(O)=O)cc2)c1)C([*])=O |$;;;;;;;;;;;;;;;;;_R1;;;;;;;;_R2;$|,Backbone
X2497,CC(=O)[C@@H](CC1CCN(C(=N)N)CC1)NS(=O)(=O)Cc1ccccc1,NC(=N)N1CCC(C[C@@H](NS(=O)(=O)Cc2ccccc2)C([*])=O)CC1 |$;;;;;;;;;;;;;;;;;;;;;_R2;;;$|,Backbone
Hph_OBzl,CN[C@@H](CCc1ccccc1)C(=O)OCc1ccccc1,[*]N[C@@H](CCc1ccccc1)C(=O)OCc1ccccc1 |$_R1;;;;;;;;;;;;;;;;;;;;$|,Backbone
X2508,CN[C@@H](Cc1cn(CC(=O)OC)c2ccccc12)C(C)=O,COC(=O)Cn1cc(C[C@H](N[*])C([*])=O)c2ccccc12 |$;;;;;;;;;;;_R1;;_R2;;;;;;;$|,Backbone
X1582,CN[C@@H](C)C(=O)OCCCCc1ccccc1,C[C@H](N[*])C(=O)OCCCCc1ccccc1 |$;;;_R1;;;;;;;;;;;;;$|,Backbone
X629,CCCCNC(=N)NCCCC[C@@H](NC)C(C)=O,CCCCNC(=N)NCCCC[C@@H](N[*])C([*])=O |$;;;;;;;;;;;;;;_R1;;_R2;$|,Backbone
X1354,CCCN(CCC)[C@@H](Cc1ccc(O)cc1)C(C)=O,CCCN(CCC)[C@@H](Cc1ccc(O)cc1)C([*])=O |$;;;;;;;;;;;;;;;;;_R2;$|,Backbone
X43,CC(=O)[C@@H]1C[C@@H](Oc2cccc(-c3ccccc3)c2)CN1C,[*]N1C[C@@H](C[C@H]1C([*])=O)Oc1cccc(c1)-c1ccccc1 |$_R1;;;;;;;_R2;;;;;;;;;;;;;;$|,Backbone
X2215,CN[C@@H](Cc1cccc(C(=N)N)c1)C(=O)c1nc2ccccc2s1,NC(=N)c1cccc(C[C@H](N[*])C(=O)c2nc3ccccc3s2)c1 |$;;;;;;;;;;;_R1;;;;;;;;;;;;$|,Backbone
X2234,CN[C@@H](CCCNC(=N)N)C(=O)c1cc2ccccc2s1,NC(=N)NCCC[C@H](N[*])C(=O)c1cc2ccccc2s1 |$;;;;;;;;;_R1;;;;;;;;;;;$|,Backbone
X6,CN=C(NC#N)NCCCC[C@H](NC)C(C)=O,"CN=C(NCCCC[C@H](N[*])C([*])=O)NC#N |w:1.0,$;;;;;;;;;;_R1;;_R2;;;;$|",Backbone
dH,CN[C@H](Cc1cnc[nH]1)C(C)=O,[*]N[C@H](Cc1cnc[nH]1)C([*])=O |$_R1;;;;;;;;;;_R2;$|,Backbone
K,CNCCCC[C@H](NC)C(C)=O,[*]N[C@@H](CCCCN[*])C([*])=O |$_R1;;;;;;;;_R3;;_R2;$|,Backbone
L,CN[C@@H](CC(C)C)C(C)=O,CC(C)C[C@H](N[*])C([*])=O |$;;;;;;_R1;;_R2;$|,Backbone
X716,CN[C@H](C(=O)O)c1csc2ccccc12,OC(=O)[C@@H](N[*])c1csc2ccccc12 |$;;;;;_R1;;;;;;;;;$|,Backbone
X878,CC(=O)[C@@H]1C[C@@H](CCCc2ccccc2)CN1C,[*]N1C[C@H](CCCc2ccccc2)C[C@H]1C([*])=O |$_R1;;;;;;;;;;;;;;;;_R2;$|,Backbone
X743,CN[C@]1(C(C)=O)CCCC[C@@H]1O,O[C@H]1CCCC[C@]1(N[*])C([*])=O |$;;;;;;;;_R1;;_R2;$|,Backbone
X811,CN[C@H](C=O)[C@H](O)[C@H](O)[C@@H](O)CO,OC[C@H](O)[C@@H](O)[C@@H](O)[C@H](N[*])C=O |$;;;;;;;;;;_R1;;$|,Backbone
X1114,CCOC(=O)[C@@H](CCCc1ccccc1)NC,CCOC(=O)[C@@H](CCCc1ccccc1)N[*] |$;;;;;;;;;;;;;;;;_R1$|,Backbone
X1091,CN[C@H](Cc1ccc(O)c(O)c1)C(=O)O,OC(=O)[C@@H](Cc1ccc(O)c(O)c1)N[*] |$;;;;;;;;;;;;;;_R1$|,Backbone
X1118,CN[C@H](C(=O)O)[C@H](OC(C)=O)c1ccccc1,CC(=O)O[C@@H]([C@H](N[*])C(O)=O)c1ccccc1 |$;;;;;;;_R1;;;;;;;;;$|,Backbone
EtCO_dPhe(4-Cl),CCOC(=O)N[C@H](Cc1ccc(Cl)cc1)C(C)=O,CCOC(=O)N[C@H](Cc1ccc(Cl)cc1)C([*])=O |$;;;;;;;;;;;;;;;;_R2;$|,Backbone
X1156,CN[C@@H](CC(=O)O)C(=O)C1CCCCC1,OC(=O)C[C@H](N[*])C(=O)C1CCCCC1 |$;;;;;;_R1;;;;;;;;$|,Backbone
X1221,CCN[C@@H](CCC(=O)O)C(C)=O,CCN[C@@H](CCC(O)=O)C([*])=O |$;;;;;;;;;;_R2;$|,Backbone
X1028,CC(=O)[C@H](CCCCCN(C)C)[N-][N+]#N,CN(C)CCCCC[C@H]([N-][N+]#N)C([*])=O |$;;;;;;;;;;;;;_R2;$|,Backbone
X938,CC(=O)[C@H](N)CCCCC(=N)N,N[C@H](CCCCC(N)=N)C([*])=O |$;;;;;;;;;;_R2;$|,Backbone
X856,CC(=O)[C@@H](N)CCOCN,NCOCC[C@H](N)C([*])=O |$;;;;;;;;_R2;$|,Backbone
X729,CN[C@H](C=O)C(C)(C)C,CC(C)(C)[C@H](N[*])C=O |$;;;;;;_R1;;$|,Backbone
X924,CN1CCC[C@H]1C(=O)C[C@@H](CCCNC(=N)N)C(=O)O,NC(=N)NCCC[C@H](CC(=O)[C@@H]1CCCN1[*])C(O)=O |$;;;;;;;;;;;;;;;;_R1;;;$|,Backbone
X931,CN[C@H](Cc1ccc(CP(=O)(O)O)cc1)C(C)=O,OP(O)(=O)Cc1ccc(C[C@@H](N[*])C([*])=O)cc1 |$;;;;;;;;;;;;_R1;;_R2;;;$|,Backbone
X1907,C=C(COC[C@@H](NC)C(C)=O)C(=O)OC,COC(=O)C(=C)COC[C@@H](N[*])C([*])=O |$;;;;;;;;;;;_R1;;_R2;$|,Backbone
X1909,CN[C@@H](CCCCC(C)=O)C(C)=O,CC(=O)CCCC[C@H](N[*])C([*])=O |$;;;;;;;;;_R1;;_R2;$|,Backbone
X2073,CN[C@@H](CCNC(C)C)C(C)=O,CC(C)NCC[C@H](N[*])C([*])=O |$;;;;;;;;_R1;;_R2;$|,Backbone
X1964,CC(=O)[C@H]1NCC[C@@H]1c1ccc(O)cc1,Oc1ccc(cc1)[C@H]1CCN[C@@H]1C([*])=O |$;;;;;;;;;;;;;_R2;$|,Backbone
X2045,CSC[C@@H](NCc1ccc(C(F)(F)F)cc1)C(C)=O,FC(F)(F)c1ccc(CN[C@H](CS[*])C([*])=O)cc1 |$;;;;;;;;;;;;;_R3;;_R2;;;$|,Backbone
X2029,CSC[C@@H](NC(=O)Nc1ccc(C(F)(F)F)cc1)C(C)=O,FC(F)(F)c1ccc(NC(=O)N[C@H](CS[*])C([*])=O)cc1 |$;;;;;;;;;;;;;;;_R3;;_R2;;;$|,Backbone
X2049,CC(=O)[C@H](C)NCc1cccc2ccccc12,C[C@H](NCc1cccc2ccccc12)C([*])=O |$;;;;;;;;;;;;;;;_R2;$|,Backbone
X2024,CC(=O)C1=CSCC=N1,"[*]C(=O)C1=CSCC=N1 |$_R2;;;;;;;;$,c:7,t:3|",Backbone
X2064,COc1ccc(C=Cc2cc(OC)c(OC)c(OC)c2)cc1OC(=O)N(CCN)CC(C)=O,"COc1ccc(C=Cc2cc(OC)c(OC)c(OC)c2)cc1OC(=O)N(CCN)CC([*])=O |w:6.5,$;;;;;;;;;;;;;;;;;;;;;;;;;;;;;;;_R2;$|",Backbone
X2068,CC[C@@]1(OC(=O)N(CCO)CC(C)=O)C(=O)OCc2c1cc1n(c2=O)Cc2cc3ccccc3nc2-1,CC[C@@]1(OC(=O)N(CCO)CC([*])=O)C(=O)OCc2c1cc1-c3nc4ccccc4cc3Cn1c2=O |$;;;;;;;;;;;;_R2;;;;;;;;;;;;;;;;;;;;;;;$|,Backbone
X2034,CN[C@@H](Cc1cnccn1)C(C)=O,[*]N[C@@H](Cc1cnccn1)C([*])=O |$_R1;;;;;;;;;;;_R2;$|,Backbone
X1758,CC=CC[C@@H](C)C[C@@H](C(C)=O)N(C)C,"CC=CC[C@@H](C)C[C@H](N(C)[*])C([*])=O |w:1.0,$;;;;;;;;;;_R1;;_R2;$|",Backbone
X1851,CN[C@@H](CCCCCC(=O)[CH-][N+]#N)C(C)=O,[*]N[C@@H](CCCCCC(=O)[CH-][N+]#N)C([*])=O |$_R1;;;;;;;;;;;;;;_R2;$|,Backbone
X1707,CN[C@H](CCC#N)C(C)=O,[*]N[C@H](CCC#N)C([*])=O |$_R1;;;;;;;;_R2;$|,Backbone
X1756,CC(=O)[C@H]([C@H](O)[C@H](C)COc1ccccc1)N(C)C,C[C@H](COc1ccccc1)[C@@H](O)[C@H](N(C)[*])C([*])=O |$;;;;;;;;;;;;;;;_R1;;_R2;$|,Backbone
X1824,CC(=O)[C@H](CSCCCN1CCOCC1)N(C)C,CN([*])[C@@H](CSCCCN1CCOCC1)C([*])=O |$;;_R1;;;;;;;;;;;;;;_R2;$|,Backbone
X1875,CC=CCC[C@@H](O)[C@@H](C(C)=O)N(C)C,"CC=CCC[C@@H](O)[C@H](N(C)[*])C([*])=O |w:1.0,$;;;;;;;;;;_R1;;_R2;$|",Backbone
X1901,CN[C@@H](C(C)=O)[C@@H](O)[C@@H]1CN=C(N)N1,"NC1=NC[C@H](N1)[C@H](O)[C@@H](N[*])C([*])=O |$;;;;;;;;;;_R1;;_R2;$,t:1|",Backbone
X1731,CC(=O)[C@@H](SCCN(C)C(C)(C)C)N(C)C,CN([*])[C@H](SCCN(C)C(C)(C)C)C([*])=O |$;;_R1;;;;;;;;;;;;_R2;$|,Backbone
X1858,CC(=O)[C@H]([C@H](O)[C@H](C)Cc1nc2ccc(C(=O)O)cc2[nH]1)N(C)C,C[C@H](Cc1nc2ccc(cc2[nH]1)C(O)=O)[C@@H](O)[C@H](N(C)[*])C([*])=O |$;;;;;;;;;;;;;;;;;;;;_R1;;_R2;$|,Backbone
dIva,CC[C@@](C)(NC)C(C)=O,CC[C@@](C)(N[*])C([*])=O |$;;;;;_R1;;_R2;$|,Backbone
Lys(BrAc)2,CN[C@H](CCCCN(C(=O)CBr)C(=O)CBr)C(C)=O,BrCC(=O)N(CCCC[C@@H](N[*])C([*])=O)C(=O)CBr |$;;;;;;;;;;;_R1;;_R2;;;;;$|,Backbone
X54,CN[C@@H](C=CCS(C)(=O)=O)C(=O)O,"CS(=O)(=O)CC=C[C@H](N[*])C(O)=O |w:5.4,$;;;;;;;;;_R1;;;$|",Backbone
X67,CN[C@@H](CCCNC(=N)N[N+](=O)[O-])C(C)=O,[*]N[C@@H](CCCNC(=N)NN(=O)=O)C([*])=O |$_R1;;;;;;;;;;;;;;_R2;$|,Backbone
X218,CN[C@@H](CSCC=C(C)CCC=C(C)COCc1cccc(C(=O)c2ccccc2)c1)C(=O)OC,"COC(=O)[C@H](CSCC=C(C)CCC=C(C)COCc1cccc(c1)C(=O)c1ccccc1)N[*] |w:8.7,13.12,$;;;;;;;;;;;;;;;;;;;;;;;;;;;;;;;;;;_R1$|",Backbone
X303,CN[C@H](Cc1ccc(O)c(C)c1C)C(C)=O,Cc1c(O)ccc(C[C@@H](N[*])C([*])=O)c1C |$;;;;;;;;;;_R1;;_R2;;;$|,Backbone
Hse,CN[C@@H](CCO)C(C)=O,OCC[C@H](N[*])C([*])=O |$;;;;;_R1;;_R2;$|,Backbone
X98,CN[C@H](C=O)CCS(C)(=O)=O,CS(=O)(=O)CC[C@H](N[*])C=O |$;;;;;;;;_R1;;$|,Backbone
X101,CNC1(C(C)=O)Cc2ccccc2C1,[*]NC1(Cc2ccccc2C1)C([*])=O |$_R1;;;;;;;;;;;;_R2;$|,Backbone
X97,COCCN(C)CC(C)=O,COCCN([*])CC([*])=O |$;;;;;_R1;;;_R2;$|,Backbone
L_MeCl,CN[C@@H](CC(C)C)C(=O)CCl,CC(C)C[C@H](N[*])C(=O)CCl |$;;;;;;_R1;;;;$|,Backbone
X106,CN[C@@H](Cc1ccc(C2(C(F)(F)F)N=N2)cc1)C(C)=O,"FC(F)(F)C1(N=N1)c1ccc(C[C@H](N[*])C([*])=O)cc1 |$;;;;;;;;;;;;;;_R1;;_R2;;;$,c:5|",Backbone
X151,CCCCN[C@@H](CCC(=O)O)C(C)=O,CCCCN[C@@H](CCC(O)=O)C([*])=O |$;;;;;;;;;;;;_R2;$|,Backbone
X153,CC(=O)CN(C)C1CCCCC1,[*]N(CC([*])=O)C1CCCCC1 |$_R1;;;;_R2;;;;;;;$|,Backbone
X102,CC(=O)[C@H](CCCCCN)[N-][N+]#N,NCCCCC[C@H]([N-][N+]#N)C([*])=O |$;;;;;;;;;;;_R2;$|,Backbone
Hph,CN[C@@H](CCc1ccccc1)C(C)=O,[*]N[C@@H](CCc1ccccc1)C([*])=O |$_R1;;;;;;;;;;;;_R2;$|,Backbone
Spg,CNC1(C(C)=O)CCCC1,[*]NC1(CCCC1)C([*])=O |$_R1;;;;;;;;_R2;$|,Backbone
X1777,CN[C@@H](CC(Cl)Cl)C(C)=O,ClC(Cl)C[C@H](N[*])C([*])=O |$;;;;;;_R1;;_R2;$|,Backbone
X2785,CC(=O)[C@H](NC(=O)OC(C)(C)C)c1cccc2ccccc12,CC(C)(C)OC(=O)N[C@@H](C([*])=O)c1cccc2ccccc12 |$;;;;;;;;;;_R2;;;;;;;;;;;$|,Backbone
X2120,CN1[C@H](C(=O)O)[C@H]1C(=O)O,OC(=O)[C@@H]1[C@H](N1[*])C(O)=O |$;;;;;;_R1;;;$|,Backbone
X2681,CN[C@H](C(=O)c1noc(Cc2cccc(C)c2)n1)C(C)C,CC(C)[C@H](N[*])C(=O)c1noc(Cc2cccc(C)c2)n1 |$;;;;;_R1;;;;;;;;;;;;;;;$|,Backbone
X2816,CN[C@H](Cc1ncc[nH]1)C(C)=O,[*]N[C@H](Cc1ncc[nH]1)C([*])=O |$_R1;;;;;;;;;;_R2;$|,Backbone
X2795,CC(=O)[C@H](Cc1ccc(F)cc1)N(C(C)=O)C(=O)C=Cc1ccc(C)cc1,"CC(=O)N([C@@H](Cc1ccc(F)cc1)C([*])=O)C(=O)C=Cc1ccc(C)cc1 |w:18.18,$;;;;;;;;;;;;;;_R2;;;;;;;;;;;;$|",Backbone
X2210,CC(=O)Cn1c(=O)ccn(CC(=O)O)c1=O,OC(=O)Cn1ccc(=O)n(CC([*])=O)c1=O |$;;;;;;;;;;;;_R2;;;$|,Backbone
am,CN,N[*] |$;_R1$|,Backbone
X2100,CC(=O)[C@@H]1C[C@@H](OC(=O)N2CCCCC2)CN1C,[*]N1C[C@@H](C[C@H]1C([*])=O)OC(=O)N1CCCCC1 |$_R1;;;;;;;_R2;;;;;;;;;;$|,Backbone
X2088,CN[C@@H](CSCC(=O)O[C@H]1CC[C@@]2(C)C(=CC[C@H]3[C@@H]4CC[C@H]([C@H](C)CCCC(C)C)[C@@]4(C)CC[C@@H]32)C1)C(C)=O,"CC(C)CCC[C@@H](C)[C@H]1CC[C@H]2[C@@H]3CC=C4C[C@H](CC[C@]4(C)[C@H]3CC[C@]12C)OC(=O)CSC[C@H](N[*])C([*])=O |$;;;;;;;;;;;;;;;;;;;;;;;;;;;;;;;;;;;_R1;;_R2;$,t:14|",Backbone
X2082,CCOC(=O)C=CCC[C@H](NC(=O)OCc1ccccc1)C(C)=O,"CCOC(=O)C=CCC[C@H](NC(=O)OCc1ccccc1)C([*])=O |w:6.6,$;;;;;;;;;;;;;;;;;;;;;;_R2;$|",Backbone
X2154,CN[C@H](C(C)=O)N1Cc2ccccc2C[C@H]1C(=O)O,OC(=O)[C@@H]1Cc2ccccc2CN1[C@H](N[*])C([*])=O |$;;;;;;;;;;;;;;;_R1;;_R2;$|,Backbone
X2141,CC(=O)[C@H](C)N[C@@H](Cc1cnc[nH]1)C(=O)O,C[C@H](N[C@@H](Cc1cnc[nH]1)C(O)=O)C([*])=O |$;;;;;;;;;;;;;;_R2;$|,Backbone
X2131,CCCCCCCCCCN[C@@H](CCCNC(=N)N)C(C)=O,CCCCCCCCCCN[C@@H](CCCNC(N)=N)C([*])=O |$;;;;;;;;;;;;;;;;;;;;_R2;$|,Backbone
X2191,CC(=O)[C@@H](NC(=O)N[C@H](C=O)CC(C)C)[C@@H]1CCN=C(N)N1,"CC(C)C[C@H](NC(=O)N[C@@H]([C@@H]1CCN=C(N)N1)C([*])=O)C=O |$;;;;;;;;;;;;;;;;;;_R2;;;$,t:13|",Backbone
X2139,CC(=O)CN(C)CCCCC#N,[*]N(CCCCC#N)CC([*])=O |$_R1;;;;;;;;;;_R2;$|,Backbone
X2152,COc1cccc2nc(-c3ccccc3)cc(O[C@@H]3C[C@@H](C(C)=O)N(C)C3)c12,COc1cccc2nc(cc(O[C@@H]3C[C@H](N([*])C3)C([*])=O)c12)-c1ccccc1 |$;;;;;;;;;;;;;;;;_R1;;;_R2;;;;;;;;$|,Backbone
X1843,CCCn1cc([C@H](NC)C(C)=O)c(=O)c2ccccc21,CCCn1cc([C@H](N[*])C([*])=O)c(=O)c2ccccc12 |$;;;;;;;;_R1;;_R2;;;;;;;;;$|,Backbone
X1058,CN[C@@H](CCCCNS(=O)(=O)C(F)(F)F)C(C)=O,FC(F)(F)S(=O)(=O)NCCCC[C@H](N[*])C([*])=O |$;;;;;;;;;;;;;;_R1;;_R2;$|,Backbone
X1358,CC(=O)[C@H](NC(=N)N)C(C)C,CC(C)[C@@H](NC(N)=N)C([*])=O |$;;;;;;;;;_R2;$|,Backbone
X1363,CC(=O)[C@@H]1Cc2ccccc2N1C,[*]N1[C@@H](Cc2ccccc12)C([*])=O |$_R1;;;;;;;;;;;_R2;$|,Backbone
G_Me,CNCC(C)=O,CC(=O)CN[*] |$;;;;;_R1$|,Backbone
X1291,CC(=O)CN(C)CCO,OCCN([*])CC([*])=O |$;;;;_R1;;;_R2;$|,Backbone
X1498,CN[C@@H](CC#N)C(C)=O,[*]N[C@@H](CC#N)C([*])=O |$_R1;;;;;;;_R2;$|,Backbone
X1460,CN[C@H](C=O)CS,SC[C@H](N[*])C=O |$;;;;_R1;;$|,Backbone
X1483,CN[C@@H](Cc1ccc(OC(C)=O)cc1)C(=O)OC,COC(=O)[C@H](Cc1ccc(OC(C)=O)cc1)N[*] |$;;;;;;;;;;;;;;;;;_R1$|,Backbone
X1310,CC(=O)[C@H](CCC(=O)O)[N-][N+]#N,OC(=O)CC[C@H]([N-][N+]#N)C([*])=O |$;;;;;;;;;;_R2;$|,Backbone
X1313,CN[C@@H](CC(=O)OCc1ccccc1[N+](=O)[O-])C(C)=O,[*]N[C@@H](CC(=O)OCc1ccccc1N(=O)=O)C([*])=O |$_R1;;;;;;;;;;;;;;;;;;_R2;$|,Backbone
X1410,CN[C@H](CCC[NH+]=C(N)N)C(C)=O,NC(N)=[NH+]CCC[C@@H](N[*])C([*])=O |$;;;;;;;;;_R1;;_R2;$|,Backbone
X1226,CCN(CC)C(=N)NCCCC[C@H](NC)C(C)=O,CCN(CC)C(=N)NCCCC[C@H](N[*])C([*])=O |$;;;;;;;;;;;;;;_R1;;_R2;$|,Backbone
X1455,CC(=O)[C@H](CCCNC(=N)N)NC(=O)OCC1c2ccccc2-c2ccccc21,NC(=N)NCCC[C@H](NC(=O)OCC1c2ccccc2-c2ccccc12)C([*])=O |$;;;;;;;;;;;;;;;;;;;;;;;;;;;_R2;$|,Backbone
X1302,CNCC(=O)OCC(=O)O,OC(=O)COC(=O)CN[*] |$;;;;;;;;;_R1$|,Backbone
X1231,CC(=O)[C@H]1[C@@H](C)c2ccccc2CN1C,C[C@@H]1[C@@H](N([*])Cc2ccccc12)C([*])=O |$;;;;_R1;;;;;;;;;_R2;$|,Backbone
X1006,CN[C@@H](CCCCNC1CCCCC1)C(C)=O,[*]N[C@@H](CCCCNC1CCCCC1)C([*])=O |$_R1;;;;;;;;;;;;;;;_R2;$|,Backbone
X1079,CC(=O)[C@@H](Cc1cnc[nH]1)NC(=O)OCc1ccccc1,[*]C(=O)[C@@H](Cc1cnc[nH]1)NC(=O)OCc1ccccc1 |$_R2;;;;;;;;;;;;;;;;;;;;$|,Backbone
X998,CN[C@@H](Cc1ccc(S(=O)(=O)O)cc1)C(C)=O,OS(=O)(=O)c1ccc(C[C@H](N[*])C([*])=O)cc1 |$;;;;;;;;;;;_R1;;_R2;;;$|,Backbone
X1127,CN[C@H](Cc1ccc(OC)cc1)C(C)=O,COc1ccc(C[C@@H](N[*])C([*])=O)cc1 |$;;;;;;;;;_R1;;_R2;;;$|,Backbone
X232,CC(=O)[C@@H]1Cc2c([nH]c3ccccc23)CN1C,[*]N1Cc2[nH]c3ccccc3c2C[C@H]1C([*])=O |$_R1;;;;;;;;;;;;;;;_R2;$|,Backbone
X179,CN[C@@H](CCc1ncc[nH]1)C(C)=O,[*]N[C@@H](CCc1ncc[nH]1)C([*])=O |$_R1;;;;;;;;;;;_R2;$|,Backbone
X186,CN[C@@H](CN=C(N(C)C)N(C)C)C(C)=O,CN(C)C(=NC[C@H](N[*])C([*])=O)N(C)C |$;;;;;;;;_R1;;_R2;;;;$|,Backbone
X392,CN[C@@H](CCCNC(=N)N)C(=O)c1nccs1,NC(=N)NCCC[C@H](N[*])C(=O)c1nccs1 |$;;;;;;;;;_R1;;;;;;;$|,Backbone
Boc_dPhg,CC(=O)[C@H](NC(=O)OC(C)(C)C)c1ccccc1,CC(C)(C)OC(=O)N[C@@H](C([*])=O)c1ccccc1 |$;;;;;;;;;;_R2;;;;;;;$|,Backbone
X327,CC(=O)[C@@H]1C[C@@H](OCc2ccccc2)CN1C,[*]N1C[C@@H](C[C@H]1C([*])=O)OCc1ccccc1 |$_R1;;;;;;;_R2;;;;;;;;;$|,Backbone
X264,CN[C@@H](COC(=O)c1ccccc1)C(=O)OC,COC(=O)[C@H](COC(=O)c1ccccc1)N[*] |$;;;;;;;;;;;;;;;;_R1$|,Backbone
X278,CC(C)C[C@H]1C(=O)NCN1C,CC(C)C[C@@H]1N([*])CNC1=O |$;;;;;;_R1;;;;$|,Backbone
X632,CNC(C)(C)C(=O)C(F)(F)C(F)(F)F,CC(C)(N[*])C(=O)C(F)(F)C(F)(F)F |$;;;;_R1;;;;;;;;;$|,Backbone
X396,CC(=O)[C@@H]1c2ccccc2CCN1C,[*]N1CCc2ccccc2[C@H]1C([*])=O |$_R1;;;;;;;;;;;;_R2;$|,Backbone
X341,CN[C@@H](Cc1cccc(C#N)c1)C(C)=O,[*]N[C@@H](Cc1cccc(c1)C#N)C([*])=O |$_R1;;;;;;;;;;;;;_R2;$|,Backbone
dSer(tBu),CN[C@H](COC(C)(C)C)C(C)=O,CC(C)(C)OC[C@@H](N[*])C([*])=O |$;;;;;;;;_R1;;_R2;$|,Backbone
X510,CN[C@H](C(C)=O)[C@@H](C)OC(C)(C)C,C[C@@H](OC(C)(C)C)[C@H](N[*])C([*])=O |$;;;;;;;;;_R1;;_R2;$|,Backbone
X503,CN[C@@H](CCCSC)C(C)=O,CSCCC[C@H](N[*])C([*])=O |$;;;;;;;_R1;;_R2;$|,Backbone
X406,CN[C@@H](CCCCN)C(=O)c1nccs1,NCCCC[C@H](N[*])C(=O)c1nccs1 |$;;;;;;;_R1;;;;;;;$|,Backbone
Me_meL,CC(=O)[C@H](CC(C)C)N(C)C,CC(C)C[C@H](N(C)C)C([*])=O |$;;;;;;;;;_R2;$|,Backbone
X631,CN[C@H](CCCCN=C(NC#N)NCc1ccccn1)C(C)=O,"[*]N[C@H](CCCCN=C(NCc1ccccn1)NC#N)C([*])=O |w:7.6,$_R1;;;;;;;;;;;;;;;;;;;;;_R2;$|",Backbone
X312,CN[C@@H](Cc1ccc(S)cc1)C(C)=O,Sc1ccc(C[C@H](N[*])C([*])=O)cc1 |$;;;;;;;;_R1;;_R2;;;$|,Backbone
X375,CCc1cccc(C)c1C[C@H](NC)C(C)=O,CCc1cccc(C)c1C[C@H](N[*])C([*])=O |$;;;;;;;;;;;;_R1;;_R2;$|,Backbone
X384,CN[C@@H](Cc1c(C)c(C)c(C)c(C)c1C)C(C)=O,Cc1c(C)c(C)c(C[C@H](N[*])C([*])=O)c(C)c1C |$;;;;;;;;;;_R1;;_R2;;;;;$|,Backbone
X1597,CC(=O)[C@H](Cc1ccccc1)[N+](C)(C)C,C[N+](C)(C)[C@@H](Cc1ccccc1)C([*])=O |$;;;;;;;;;;;;;_R2;$|,Backbone
X671,CN[C@H](C(C)=O)c1cccs1,[*]N[C@H](C([*])=O)c1cccs1 |$_R1;;;;_R2;;;;;;$|,Backbone
X1619,CN[C@@H](CSCC=C(C)COCc1cccc(C(=O)c2ccccc2)c1)C(=O)OC,"COC(=O)[C@H](CSCC=C(C)COCc1cccc(c1)C(=O)c1ccccc1)N[*] |w:8.7,$;;;;;;;;;;;;;;;;;;;;;;;;;;;;;_R1$|",Backbone
X775,C[C@H](OC(=O)[C@@H]1CCCN1C)C(=O)O,C[C@H](OC(=O)[C@@H]1CCCN1[*])C(O)=O |$;;;;;;;;;;_R1;;;$|,Backbone
V_OMe,CN[C@H](C(=O)OC)C(C)C,COC(=O)[C@@H](N[*])C(C)C |$;;;;;;_R1;;;$|,Backbone
X914,CN[C@@H](CC[C@H]1C[C@H]1N)C(C)=O,N[C@@H]1C[C@@H]1CC[C@H](N[*])C([*])=O |$;;;;;;;;_R1;;_R2;$|,Backbone
X1925,CO[C@H](C(C)=O)N(C)C,CO[C@@H](N(C)[*])C([*])=O |$;;;;;_R1;;_R2;$|,Backbone
X1555,CO[C@H]1C[C@@H](C(C)=O)N(C)C1,CO[C@H]1C[C@H](N([*])C1)C([*])=O |$;;;;;;_R1;;;_R2;$|,Backbone
X534,CN[C@@H](CCC(=O)c1ccc(OC)cc1)C(C)=O,COc1ccc(cc1)C(=O)CC[C@H](N[*])C([*])=O |$;;;;;;;;;;;;;;_R1;;_R2;$|,Backbone
X2572,CN[C@H](CS)C(=O)N(C(C)=O)[C@H]1CCc2cc(OC)c(OC)c(OC)c2-c2ccc(OC)c(=O)cc21,COc1cc2CC[C@H](N(C(C)=O)C(=O)[C@@H](CS)N[*])c3cc(=O)c(OC)ccc3-c2c(OC)c1OC |$;;;;;;;;;;;;;;;;;;_R1;;;;;;;;;;;;;;;;;$|,Backbone
X2573,CC(=O)[C@H](CN)NC(=O)O,NC[C@H](NC(O)=O)C([*])=O |$;;;;;;;;_R2;$|,Backbone
X2614,CC(=O)[C@H](Cc1ccc(Cl)cc1)Nc1ccco1,Clc1ccc(C[C@H](Nc2ccco2)C([*])=O)cc1 |$;;;;;;;;;;;;;;_R2;;;$|,Backbone
X2615,CCOC(=O)[C@H]1[C@H](C(=O)OCC)N1C,CCOC(=O)[C@H]1[C@@H](N1[*])C(=O)OCC |$;;;;;;;;_R1;;;;;$|,Backbone
X2745,CC(=O)[C@H]1SCCN1C,[*]N1CCS[C@@H]1C([*])=O |$_R1;;;;;;;_R2;$|,Backbone
X2692,CC(=O)[C@](C)(CCCC(=O)O)NC(=O)OCC1c2ccccc2-c2ccccc21,C[C@@](CCCC(O)=O)(NC(=O)OCC1c2ccccc2-c2ccccc12)C([*])=O |$;;;;;;;;;;;;;;;;;;;;;;;;;;;_R2;$|,Backbone
X2683,CN[C@@H](CC(=O)O)C(=O)OCCc1ccc(F)cc1,OC(=O)C[C@H](N[*])C(=O)OCCc1ccc(F)cc1 |$;;;;;;_R1;;;;;;;;;;;;$|,Backbone
X2622,CC(=O)[C@H](Cc1c(C)cc(O)cc1C)NC(=N)N,Cc1cc(O)cc(C)c1C[C@H](NC(N)=N)C([*])=O |$;;;;;;;;;;;;;;;;_R2;$|,Backbone
X2695,CC(=O)[C@H](Cc1c[nH]c2ccccc12)NC(=O)OC(C)C,CC(C)OC(=O)N[C@@H](Cc1c[nH]c2ccccc12)C([*])=O |$;;;;;;;;;;;;;;;;;;;_R2;$|,Backbone
X2734,CN[C@H](C=O)Cc1ccc2ccccc2c1,[*]N[C@@H](Cc1ccc2ccccc2c1)C=O |$_R1;;;;;;;;;;;;;;;$|,Backbone
X2626,CC(=O)[C@H](CCN)NS(=O)(=O)c1cccc(-c2ccccc2)c1,NCC[C@H](NS(=O)(=O)c1cccc(c1)-c1ccccc1)C([*])=O |$;;;;;;;;;;;;;;;;;;;;;_R2;$|,Backbone
I_OBzl,CC[C@H](C)[C@H](NC)C(=O)OCc1ccccc1,CC[C@H](C)[C@H](N[*])C(=O)OCc1ccccc1 |$;;;;;;_R1;;;;;;;;;;$|,Backbone
X2539,CN1C[C@H](Cc2ccccc2)NC(=O)[C@@H]1CC(=O)O,OC(=O)C[C@@H]1N([*])C[C@H](Cc2ccccc2)NC1=O |$;;;;;;_R1;;;;;;;;;;;;$|,Backbone
X2522,CC(=O)Cn1cc(C)c(=O)n(CC(=O)O)c1=O,Cc1cn(CC([*])=O)c(=O)n(CC(O)=O)c1=O |$;;;;;;_R2;;;;;;;;;;$|,Backbone
X2558,CN[C@@H](CC(F)F)C(=O)c1nc2ccccc2o1,FC(F)C[C@H](N[*])C(=O)c1nc2ccccc2o1 |$;;;;;;_R1;;;;;;;;;;;$|,Backbone
X2292,COCCOCOc1ccc(Cl)cc1CN[C@H](C(C)=O)C(C)C,COCCOCOc1ccc(Cl)cc1CN[C@@H](C(C)C)C([*])=O |$;;;;;;;;;;;;;;;;;;;;;_R2;$|,Backbone
X2293,COc1ccc(O)c(CN[C@H](C(C)=O)C(C)C)c1,COc1ccc(O)c(CN[C@@H](C(C)C)C([*])=O)c1 |$;;;;;;;;;;;;;;;_R2;;$|,Backbone
X2296,CC(=O)[C@@H](CCc1ccccc1)NC(=O)OCc1ccccc1,[*]C(=O)[C@@H](CCc1ccccc1)NC(=O)OCc1ccccc1 |$_R2;;;;;;;;;;;;;;;;;;;;;;$|,Backbone
X2353,CC(=O)[C@H](C)NCC(=O)OC(C)(C)C,C[C@H](NCC(=O)OC(C)(C)C)C([*])=O |$;;;;;;;;;;;;_R2;$|,Backbone
X2373,CC(=O)[C@H](CCCCN)Nc1cccnc1,NCCCC[C@H](Nc1cccnc1)C([*])=O |$;;;;;;;;;;;;;;_R2;$|,Backbone
X2405,CC(=O)[C@@H]1CC(=O)N(CC(=O)O)C(=O)N1,OC(=O)CN1C(=O)C[C@H](NC1=O)C([*])=O |$;;;;;;;;;;;;;_R2;$|,Backbone
X2452,CN[C@@H](CCC1CCN(C(=N)N)CC1)C(C)=O,NC(=N)N1CCC(CC[C@H](N[*])C([*])=O)CC1 |$;;;;;;;;;;;_R1;;_R2;;;$|,Backbone
X2348,CC(=O)[C@@H](NC(=O)OCC(C)(C)C)C(C)C,CC(C)[C@H](NC(=O)OCC(C)(C)C)C([*])=O |$;;;;;;;;;;;;;;_R2;$|,Backbone
X2370,CC(=O)[C@H](CC(C)C)NC(=O)N1CCCCCC1,CC(C)C[C@H](NC(=O)N1CCCCCC1)C([*])=O |$;;;;;;;;;;;;;;;;_R2;$|,Backbone
X2351,CC(=O)[C@H](Cc1ccccc1)NC(=O)N[C@@H](CC(=O)O)C(=O)O,OC(=O)C[C@H](NC(=O)N[C@@H](Cc1ccccc1)C([*])=O)C(O)=O |$;;;;;;;;;;;;;;;;;;_R2;;;;$|,Backbone
X2334,CC(=O)[C@@H]1CCCCN1CC(=O)c1ccc2ccccc2c1,[*]C(=O)[C@@H]1CCCCN1CC(=O)c1ccc2ccccc2c1 |$_R2;;;;;;;;;;;;;;;;;;;;;$|,Backbone
X2270,CC(=O)[C@@H]1CCCN1S(=O)(=O)c1cccc2c(N(C)C)cccc12,CN(C)c1cccc2c(cccc12)S(=O)(=O)N1CCC[C@H]1C([*])=O |$;;;;;;;;;;;;;;;;;;;;;;_R2;$|,Backbone
X535,CC(=O)[C@H](Cc1ccc(OS(=O)(=O)O)cc1)N(C)C,CN([*])[C@@H](Cc1ccc(OS(O)(=O)=O)cc1)C([*])=O |$;;_R1;;;;;;;;;;;;;;;_R2;$|,Backbone
X600,CC(=O)[C@@H](CC(C)C)NC(=O)OCc1ccccc1,CC(C)C[C@@H](NC(=O)OCc1ccccc1)C([*])=O |$;;;;;;;;;;;;;;;;;_R2;$|,Backbone
X757,CN[C@@H](Cc1ccc([N+]#N)cc1)C(C)=O,[*]N[C@@H](Cc1ccc(cc1)[N+]#N)C([*])=O |$_R1;;;;;;;;;;;;;_R2;$|,Backbone
X758,CC(=O)[C@H](CCC(=O)O)NCCCc1ccccc1,OC(=O)CC[C@H](NCCCc1ccccc1)C([*])=O |$;;;;;;;;;;;;;;;;;_R2;$|,Backbone
X545,CN[C@@H](CCCCNCC(C)(C)C)C(C)=O,CC(C)(C)CNCCCC[C@H](N[*])C([*])=O |$;;;;;;;;;;;;_R1;;_R2;$|,Backbone
X973,CCn1cnc(C[C@H](NC)C(C)=O)c1,CCn1cnc(C[C@H](N[*])C([*])=O)c1 |$;;;;;;;;;_R1;;_R2;;$|,Backbone
X547,CN[C@H](Cc1ccc(NC(N)=O)cc1)C(C)=O,NC(=O)Nc1ccc(C[C@@H](N[*])C([*])=O)cc1 |$;;;;;;;;;;;_R1;;_R2;;;$|,Backbone
X611,CC(=O)[C@@H]1C[C@@H](Oc2ccnc3ccccc23)CN1C,[*]N1C[C@@H](C[C@H]1C([*])=O)Oc1ccnc2ccccc12 |$_R1;;;;;;;_R2;;;;;;;;;;;;$|,Backbone
lalloHyp,CC(=O)[C@@H]1C[C@H](O)CN1C,O[C@H]1C[C@H](N([*])C1)C([*])=O |$;;;;;_R1;;;_R2;$|,Backbone
X964,CN[C@@H](CC(=O)O)C(=O)c1nccs1,OC(=O)C[C@H](N[*])C(=O)c1nccs1 |$;;;;;;_R1;;;;;;;$|,Backbone
X965,CN[C@@H](C)C(=O)C(=O)O,C[C@H](N[*])C(=O)C(O)=O |$;;;_R1;;;;;$|,Backbone
X770,CC(=O)[C@@H](N)[C@H](C)c1ccc(O)cc1,C[C@@H]([C@H](N)C([*])=O)c1ccc(O)cc1 |$;;;;;_R2;;;;;;;;$|,Backbone
X584,CN[C@@H](Cc1ccc(C(=O)O)c(O)c1)C(C)=O,OC(=O)c1ccc(C[C@H](N[*])C([*])=O)cc1O |$;;;;;;;;;;_R1;;_R2;;;;$|,Backbone
dPhe(2-F),CN[C@H](Cc1ccccc1F)C(C)=O,Fc1ccccc1C[C@@H](N[*])C([*])=O |$;;;;;;;;;;_R1;;_R2;$|,Backbone
X3035,CN[C@@H](CCCCNC(=S)NC(C)C)C(C)=O,CC(C)NC(=S)NCCCC[C@H](N[*])C([*])=O |$;;;;;;;;;;;;;_R1;;_R2;$|,Backbone
X2872,CC(=O)[C@H](CC(C)C)NC(=O)NCCCCOS(=O)(=O)O,CC(C)C[C@H](NC(=O)NCCCCOS(O)(=O)=O)C([*])=O |$;;;;;;;;;;;;;;;;;;;_R2;$|,Backbone
X2519,CN[C@@H](Cc1c(C(C)(C)C)[nH]c2c(C(C)(C)C)cc(C(C)(C)C)cc12)C(C)=O,CC(C)(C)c1[nH]c2c(cc(cc2c1C[C@H](N[*])C([*])=O)C(C)(C)C)C(C)(C)C |$;;;;;;;;;;;;;;;;_R1;;_R2;;;;;;;;;$|,Backbone
X2534,CN[C@H](CC(=O)OCCc1ccc(F)cc1)C(=O)O,OC(=O)[C@@H](CC(=O)OCCc1ccc(F)cc1)N[*] |$;;;;;;;;;;;;;;;;;;_R1$|,Backbone
X2485,CC(=O)Cn1cc(F)c(=O)[nH]c1=O,Fc1cn(CC([*])=O)c(=O)[nH]c1=O |$;;;;;;_R2;;;;;;$|,Backbone
X2506,CC(=O)[C@H](Cc1ccc(OP(=O)(O)O)cc1)N=CCc1ccc(O)c(O)c1,"Oc1ccc(CC=N[C@@H](Cc2ccc(OP(O)(O)=O)cc2)C([*])=O)cc1O |w:6.5,$;;;;;;;;;;;;;;;;;;;;;;_R2;;;;$|",Backbone
X1579,CC(=O)[C@H](N)[C@H](C)c1c(C)cc(O)cc1C,C[C@@H]([C@@H](N)C([*])=O)c1c(C)cc(O)cc1C |$;;;;;_R2;;;;;;;;;;$|,Backbone
X1653,CN[C@@H](C[C@@H]1CCNC1=O)C(=O)OC,COC(=O)[C@H](C[C@@H]1CCNC1=O)N[*] |$;;;;;;;;;;;;;_R1$|,Backbone
X511,CC(=O)[C@H]1CC[C@@H](c2ccccc2)N1C,[*]N1[C@H](CC[C@H]1c1ccccc1)C([*])=O |$_R1;;;;;;;;;;;;;_R2;$|,Backbone
X687,CCCS[C@@H]1CCN(C)[C@@H]1C(C)=O,CCCS[C@@H]1CCN([*])[C@@H]1C([*])=O |$;;;;;;;;_R1;;;_R2;$|,Backbone
X1484,CN[C@@H](Cc1nc2cc(C)c(C)cc2[nH]1)C(C)=O,Cc1cc2nc(C[C@H](N[*])C([*])=O)[nH]c2cc1C |$;;;;;;;;;_R1;;_R2;;;;;;$|,Backbone
X1279,CN[C@@H](Cc1cn(-c2cccc3ccccc23)nn1)C(C)=O,[*]N[C@@H](Cc1cn(nn1)-c1cccc2ccccc12)C([*])=O |$_R1;;;;;;;;;;;;;;;;;;;;_R2;$|,Backbone
X1353,CC(=O)CN(C)CCOCc1ccccc1,[*]N(CCOCc1ccccc1)CC([*])=O |$_R1;;;;;;;;;;;;;;_R2;$|,Backbone
X2226,CN[C@@H](Cn1c(=O)[nH]c2ccccc2c1=O)C(C)=O,[*]N[C@@H](Cn1c(=O)[nH]c2ccccc2c1=O)C([*])=O |$_R1;;;;;;;;;;;;;;;;;_R2;$|,Backbone
Nal,CN[C@@H](Cc1ccc2ccccc2c1)C(C)=O,[*]N[C@@H](Cc1ccc2ccccc2c1)C([*])=O |$_R1;;;;;;;;;;;;;;;_R2;$|,Backbone
dY,CN[C@H](Cc1ccc(O)cc1)C(C)=O,Oc1ccc(C[C@@H](N[*])C([*])=O)cc1 |$;;;;;;;;_R1;;_R2;;;$|,Backbone
X12,CC(=O)[C@H](CCCCN)NC[C@@H](N)CCCCN,NCCCC[C@H](N)CN[C@@H](CCCCN)C([*])=O |$;;;;;;;;;;;;;;;;_R2;$|,Backbone
3-Pal,CN[C@@H](Cc1cccnc1)C(C)=O,[*]N[C@@H](Cc1cccnc1)C([*])=O |$_R1;;;;;;;;;;;_R2;$|,Backbone
X2,CC(=O)[C@H](Cc1ccc(OS(=O)(=O)O)cc1)NC(=O)OC(C)(C)C,CC(C)(C)OC(=O)N[C@@H](Cc1ccc(OS(O)(=O)=O)cc1)C([*])=O |$;;;;;;;;;;;;;;;;;;;;;;_R2;$|,Backbone
Aib,CNC(C)(C)C(C)=O,CC(C)(N[*])C([*])=O |$;;;;_R1;;_R2;$|,Backbone
X929,CN[C@H](CCCNC(=N)N)C(=O)c1nc2ccccc2s1,NC(=N)NCCC[C@@H](N[*])C(=O)c1nc2ccccc2s1 |$;;;;;;;;;_R1;;;;;;;;;;;$|,Backbone
X715,CN[C@]1(C(C)=O)CCc2cc(O)ccc2C1,Oc1ccc2C[C@@](CCc2c1)(N[*])C([*])=O |$;;;;;;;;;;;;_R1;;_R2;$|,Backbone
X798,CN[C@@H](Cc1cncn1CCCCCCCCc1ccccc1)C(C)=O,[*]N[C@@H](Cc1cncn1CCCCCCCCc1ccccc1)C([*])=O |$_R1;;;;;;;;;;;;;;;;;;;;;;;;_R2;$|,Backbone
X736,CC(=O)[C@@H]1CC(=O)N1,[*]C(=O)[C@@H]1CC(=O)N1 |$_R2;;;;;;;$|,Backbone
X748,CN[C@@H](Cc1ccccc1)C(=O)OCC(=O)O,OC(=O)COC(=O)[C@H](Cc1ccccc1)N[*] |$;;;;;;;;;;;;;;;;_R1$|,Backbone
X977,CN[C@@H](CCCCNCc1ccc2ccccc2c1)C(C)=O,[*]N[C@@H](CCCCNCc1ccc2ccccc2c1)C([*])=O |$_R1;;;;;;;;;;;;;;;;;;;;_R2;$|,Backbone
X1152,CN[C@H](Cc1ccc(NC(=S)c2ccccc2)cc1)C(C)=O,[*]N[C@H](Cc1ccc(NC(=S)c2ccccc2)cc1)C([*])=O |$_R1;;;;;;;;;;;;;;;;;;;;_R2;$|,Backbone
X1153,CN[C@@]1(C(C)=O)CCc2ccccc2C1,[*]N[C@]1(CCc2ccccc2C1)C([*])=O |$_R1;;;;;;;;;;;;;_R2;$|,Backbone
S_OBzl,CN[C@@H](CO)C(=O)OCc1ccccc1,OC[C@H](N[*])C(=O)OCc1ccccc1 |$;;;;_R1;;;;;;;;;;$|,Backbone
X892,CC(=O)[C@@H]1CSC(N)=N1,"NC1=N[C@@H](CS1)C([*])=O |$;;;;;;;_R2;$,t:1|",Backbone
X1048,CCOC(=O)N[C@H](Cc1ccc([N+](=O)[O-])cc1)C(C)=O,CCOC(=O)N[C@H](Cc1ccc(cc1)N(=O)=O)C([*])=O |$;;;;;;;;;;;;;;;;;;_R2;$|,Backbone
X1171,CC(=O)C[N+](C)(C)C,C[N+](C)(C)CC([*])=O |$;;;;;;_R2;$|,Backbone
X727,CN[C@@H](CCCCNCC=CCl)C(C)=O,"ClC=CCNCCCC[C@H](N[*])C([*])=O |w:1.0,$;;;;;;;;;;;_R1;;_R2;$|",Backbone
X804,CN[C@@H](Cc1ccc(OC(=O)CC(C)C)cc1)C(=O)OC,COC(=O)[C@H](Cc1ccc(OC(=O)CC(C)C)cc1)N[*] |$;;;;;;;;;;;;;;;;;;;;_R1$|,Backbone
X1692,CN[C@@H](CCCCCCC(=O)[C@@H]1CO1)C(C)=O,[*]N[C@@H](CCCCCCC(=O)[C@@H]1CO1)C([*])=O |$_R1;;;;;;;;;;;;;;;_R2;$|,Backbone
meE,CC(=O)CC[C@@H](C(C)=O)N(C)C,CN([*])[C@@H](CCC([*])=O)C([*])=O |$;;_R1;;;;;_R3;;;_R2;$|,Backbone
X2074,CC(=O)[C@@H]1C[C@@H](c2ccccc2)CN1C,[*]N1C[C@@H](C[C@H]1C([*])=O)c1ccccc1 |$_R1;;;;;;;_R2;;;;;;;$|,Backbone
X2017,CN[C@@H](CCc1ccc([N+](=O)[O-])cc1)C(C)=O,[*]N[C@@H](CCc1ccc(cc1)N(=O)=O)C([*])=O |$_R1;;;;;;;;;;;;;;;_R2;$|,Backbone
X2018,COC(=O)c1ccc(NC(=O)N[C@H](CSC)C(C)=O)cc1,COC(=O)c1ccc(NC(=O)N[C@H](CS[*])C([*])=O)cc1 |$;;;;;;;;;;;;;;;_R3;;_R2;;;$|,Backbone
X1960,CC(=O)[C@H](C)NCc1ccccc1OC(F)(F)F,C[C@H](NCc1ccccc1OC(F)(F)F)C([*])=O |$;;;;;;;;;;;;;;;;_R2;$|,Backbone
Me_dK,CC(=O)[C@@H](CCCCN)N(C)C,CN([*])[C@H](CCCCN)C([*])=O |$;;_R1;;;;;;;;_R2;$|,Backbone
X2048,CC(=O)[C@@H](CCCNC(=N)N)N(C)Cc1ccccc1,NC(=N)NCCC[C@@H](N([*])Cc1ccccc1)C([*])=O |$;;;;;;;;;_R1;;;;;;;;;_R2;$|,Backbone
X2062,CN[C@H](C(C)=O)c1cc(F)cc(F)c1,Fc1cc(F)cc(c1)[C@H](N[*])C([*])=O |$;;;;;;;;;;_R1;;_R2;$|,Backbone
X2032,CSC[C@@H](NCc1ccc(F)c(F)c1)C(C)=O,Fc1ccc(CN[C@H](CS[*])C([*])=O)cc1F |$;;;;;;;;;;_R3;;_R2;;;;$|,Backbone
X1982,CC(=O)[C@@H](Cc1ccc(O)cc1)NC(N)=O,NC(=O)N[C@H](Cc1ccc(O)cc1)C([*])=O |$;;;;;;;;;;;;;;_R2;$|,Backbone
X1868,CC(=O)[C@@H]1C[C@@]2(O)c3ccc(Cl)cc3N[C@H]2N1C,O[C@@]12C[C@H](N([*])[C@@H]1Nc1cc(Cl)ccc21)C([*])=O |$;;;;;_R1;;;;;;;;;;;_R2;$|,Backbone
X1745,CCCCCC[C@@H](C(C)=O)N(C)C,CCCCCC[C@H](N(C)[*])C([*])=O |$;;;;;;;;;_R1;;_R2;$|,Backbone
X1712,CC(=O)[C@H]1CCC=NN1C,"[*]N1N=CCC[C@@H]1C([*])=O |$_R1;;;;;;;;_R2;$,c:2|",Backbone
X1714,CC(=O)[C@@H](CC(=O)OC(C)(C)C)N(C)C,CN([*])[C@H](CC(=O)OC(C)(C)C)C([*])=O |$;;_R1;;;;;;;;;;;_R2;$|,Backbone
X1863,CN[C@@H](CCSOC)C(C)=O,COSCC[C@H](N[*])C([*])=O |$;;;;;;;_R1;;_R2;$|,Backbone
X50,CC(=O)[C@@H]1C[C@H](n2cc(-c3ccc(N)cc3)nn2)CN1C,Nc1ccc(cc1)-c1cn(nn1)[C@H]1C[C@H](N([*])C1)C([*])=O |$;;;;;;;;;;;;;;;;_R1;;;_R2;$|,Backbone
Lys(Ac)2,CN[C@H](CCCN(C(C)=O)C(C)=O)C(C)=O,CC(=O)N(CCC[C@@H](N[*])C([*])=O)C(C)=O |$;;;;;;;;;_R1;;_R2;;;;$|,Backbone
X216,CCC[C@@]1(C(C)=O)CCCN1C,CCC[C@]1(CCCN1[*])C([*])=O |$;;;;;;;;_R1;;_R2;$|,Backbone
X135,CC(=O)[C@@H]1N(C)CSC1(C)C,CC1(C)SCN([*])[C@H]1C([*])=O |$;;;;;;_R1;;;_R2;$|,Backbone
X142,CCC[C@@H]1CCN(C)[C@H]1C(C)=O,CCC[C@@H]1CCN([*])[C@H]1C([*])=O |$;;;;;;;_R1;;;_R2;$|,Backbone
X158,CC(=O)[C@@H](CCCNC(=N)N)NC(=O)OC(C)(C)C,CC(C)(C)OC(=O)N[C@H](CCCNC(N)=N)C([*])=O |$;;;;;;;;;;;;;;;;;_R2;$|,Backbone
X159,CC(=O)[C@H](Cc1ccccc1)NS(C)(=O)=O,CS(=O)(=O)N[C@@H](Cc1ccccc1)C([*])=O |$;;;;;;;;;;;;;;_R2;$|,Backbone
X162,CN[C@@H](Cc1ccc(NC(=N)N)cc1)C(C)=O,NC(=N)Nc1ccc(C[C@H](N[*])C([*])=O)cc1 |$;;;;;;;;;;;_R1;;_R2;;;$|,Backbone
dChg,CN[C@@H](C(C)=O)C1CCCCC1,[*]N[C@H](C1CCCCC1)C([*])=O |$_R1;;;;;;;;;;_R2;$|,Backbone
X108,CC(=O)[C@@H](NC(=O)OC(C)C)C(C)C,CC(C)OC(=O)N[C@@H](C(C)C)C([*])=O |$;;;;;;;;;;;;_R2;$|,Backbone
X146,CN[C@@H](Cc1ccc(CP(=O)(O)O)cc1)C(C)=O,OP(O)(=O)Cc1ccc(C[C@H](N[*])C([*])=O)cc1 |$;;;;;;;;;;;;_R1;;_R2;;;$|,Backbone
X213,CN[C@@H](Cc1ccc(OC(=O)C(C)C)cc1)C(=O)OC,COC(=O)[C@H](Cc1ccc(OC(=O)C(C)C)cc1)N[*] |$;;;;;;;;;;;;;;;;;;;_R1$|,Backbone
lalloT,CN[C@H](C(C)=O)[C@H](C)O,C[C@H](O)[C@H](N[*])C([*])=O |$;;;;;_R1;;_R2;$|,Backbone
dPhe(4-Me),CN[C@H](Cc1ccc(C)cc1)C(C)=O,Cc1ccc(C[C@@H](N[*])C([*])=O)cc1 |$;;;;;;;;_R1;;_R2;;;$|,Backbone
X2802,CN[C@@H](C)C(=O)NC(=O)CCC(=O)O,C[C@H](N[*])C(=O)NC(=O)CCC(O)=O |$;;;_R1;;;;;;;;;;$|,Backbone
X2882,CC[C@H](C)[C@H](NC)C(=O)C[C@H](Cc1ccccc1)C(=O)O,CC[C@H](C)[C@H](N[*])C(=O)C[C@H](Cc1ccccc1)C(O)=O |$;;;;;;_R1;;;;;;;;;;;;;;$|,Backbone
X2408,CSc1ncccc1[N+](=O)[O-],[*]Sc1ncccc1N(=O)=O |$_R3;;;;;;;;;;$|,Backbone
X2794,CC(=O)[C@H](Cc1ccc(F)cc1)N(C(C)=O)C(=O)C=Cc1ccccc1,"CC(=O)N([C@@H](Cc1ccc(F)cc1)C([*])=O)C(=O)C=Cc1ccccc1 |w:18.18,$;;;;;;;;;;;;;;_R2;;;;;;;;;;;$|",Backbone
X2797,CC(=O)[C@@H](Cc1cccnc1)N(C(C)=O)C(=O)C=Cc1ccccc1,"CC(=O)N([C@H](Cc1cccnc1)C([*])=O)C(=O)C=Cc1ccccc1 |w:17.17,$;;;;;;;;;;;;;_R2;;;;;;;;;;;$|",Backbone
Apm,CN[C@@H](CCCCC(C)=O)C(C)=O,[*]N[C@@H](CCCCC([*])=O)C([*])=O |$_R1;;;;;;;;_R3;;;_R2;$|,Backbone
X2836,CC(=O)[C@H](Cc1ccc(OCc2ccccc2)cc1)NC(=O)OCc1ccccc1,[*]C(=O)[C@H](Cc1ccc(OCc2ccccc2)cc1)NC(=O)OCc1ccccc1 |$_R2;;;;;;;;;;;;;;;;;;;;;;;;;;;;;$|,Backbone
X2847,CC(=O)[C@H](CC(=O)O)NC(=S)Nc1ccc(-c2c3ccc(=[N+](C)C)cc-3oc3cc(N(C)C)ccc23)cc1,"CN(C)c1ccc2c(-c3ccc(NC(=S)N[C@@H](CC(O)=O)C([*])=O)cc3)c3ccc(cc3oc2c1)=[N+](C)C |w:35.39,$;;;;;;;;;;;;;;;;;;;;;;_R2;;;;;;;;;;;;;;;$|",Backbone
X2739,CC(=O)[C@H](Cc1ccc(OS(=O)(=O)O)cc1)NS(=O)(=O)O,OS(=O)(=O)N[C@@H](Cc1ccc(OS(O)(=O)=O)cc1)C([*])=O |$;;;;;;;;;;;;;;;;;;;_R2;$|,Backbone
X2740,CN[C@@H](C(C)=O)C(=O)c1c[nH]c2ccccc12,[*]N[C@@H](C([*])=O)C(=O)c1c[nH]c2ccccc12 |$_R1;;;;_R2;;;;;;;;;;;;$|,Backbone
X2093,CC(=O)[C@H]1Cc2c([nH]c3ccccc23)CN1C,[*]N1Cc2[nH]c3ccccc3c2C[C@@H]1C([*])=O |$_R1;;;;;;;;;;;;;;;_R2;$|,Backbone
X2180,CC(=O)[C@H]1NCCC1=O,[*]C(=O)[C@H]1NCCC1=O |$_R2;;;;;;;;$|,Backbone
X2112,CN[C@@H](CC(=O)O)C(=O)COC(=O)c1c(Cl)cccc1Cl,OC(=O)C[C@H](N[*])C(=O)COC(=O)c1c(Cl)cccc1Cl |$;;;;;;_R1;;;;;;;;;;;;;;$|,Backbone
X2130,CN[C@@H](CCCNC(=N)N)C(=O)CNCC(C)=O,NC(=N)NCCC[C@H](N[*])C(=O)CNCC([*])=O |$;;;;;;;;;_R1;;;;;;;_R2;$|,Backbone
X2193,CN[C@@H](CC(=O)O)C(=O)c1nc2ccccc2[nH]1,OC(=O)C[C@H](N[*])C(=O)c1nc2ccccc2[nH]1 |$;;;;;;_R1;;;;;;;;;;;$|,Backbone
X2169,CN[C@H](C(=O)c1nc2cc(C(=O)OC)ccc2o1)C(C)C,COC(=O)c1ccc2oc(nc2c1)C(=O)[C@@H](N[*])C(C)C |$;;;;;;;;;;;;;;;;;_R1;;;$|,Backbone
X2230,CC(=O)[C@H](CCCCN)N(C)S(=O)(=O)c1ccc(C)cc1,Cc1ccc(cc1)S(=O)(=O)N([*])[C@@H](CCCCN)C([*])=O |$;;;;;;;;;;;_R1;;;;;;;;_R2;$|,Backbone
X2227,CN[C@H](C(=O)Cc1ccccc1)C(C)C,CC(C)[C@H](N[*])C(=O)Cc1ccccc1 |$;;;;;_R1;;;;;;;;;$|,Backbone
Pen_OMe,CN[C@H](C(=O)OC)C(C)(C)SC,COC(=O)[C@@H](N[*])C(C)(C)S[*] |$;;;;;;_R1;;;;;_R3$|,Backbone
X1997,CC[C@@]1(OC(=O)N(CCN(C)C)CC(C)=O)C(=O)OCc2c1cc1n(c2=O)Cc2cc3ccccc3nc2-1,CC[C@@]1(OC(=O)N(CCN(C)C)CC([*])=O)C(=O)OCc2c1cc1-c3nc4ccccc4cc3Cn1c2=O |$;;;;;;;;;;;;;;_R2;;;;;;;;;;;;;;;;;;;;;;;$|,Backbone
Boc_dGlu(OBzl),CC(=O)[C@@H](CCC(=O)OCc1ccccc1)NC(=O)OC(C)(C)C,CC(C)(C)OC(=O)N[C@H](CCC(=O)OCc1ccccc1)C([*])=O |$;;;;;;;;;;;;;;;;;;;;;;_R2;$|,Backbone
X1497,CC(=O)[C@@H]1C[C@H](n2cc(-c3cc(C)ccc3C)nn2)CN1C,Cc1ccc(C)c(c1)-c1cn(nn1)[C@H]1C[C@H](N([*])C1)C([*])=O |$;;;;;;;;;;;;;;;;;_R1;;;_R2;$|,Backbone
X1294,CN[C@@H](Cc1ccccc1Br)C(C)=O,Brc1ccccc1C[C@H](N[*])C([*])=O |$;;;;;;;;;;_R1;;_R2;$|,Backbone
X1421,CN[C@@H](CC(=O)O)C(=O)c1ncco1,OC(=O)C[C@H](N[*])C(=O)c1ncco1 |$;;;;;;_R1;;;;;;;$|,Backbone
X1404,CC(=O)[C@@H]1C[C@]2(CC=C(C)CCC=C(C)CCC=C(C)C)c3ccccc3N[C@@H]2N1C,"CC(C)=CCCC(C)=CCCC(C)=CC[C@]12C[C@H](N([*])[C@H]1Nc1ccccc21)C([*])=O |w:8.8,13.13,$;;;;;;;;;;;;;;;;;;;_R1;;;;;;;;;;_R2;$|",Backbone
X1470,CCOC(=O)N[C@H](Cc1ccc(OC)cc1)C(C)=O,CCOC(=O)N[C@H](Cc1ccc(OC)cc1)C([*])=O |$;;;;;;;;;;;;;;;;;_R2;$|,Backbone
X1504,CN[C@@H](Cc1ccc(-c2cccc(OC)c2)cc1)C(C)=O,COc1cccc(c1)-c1ccc(C[C@H](N[*])C([*])=O)cc1 |$;;;;;;;;;;;;;;;_R1;;_R2;;;$|,Backbone
X1262,CC(=O)CNCCCc1ccc(O)cc1,Oc1ccc(CCCNCC([*])=O)cc1 |$;;;;;;;;;;;_R2;;;$|,Backbone
X1278,CN[C@@H](Cc1cn(-c2ccc3c(C)cc(=O)[nH]c3c2)nn1)C(C)=O,Cc1cc(=O)[nH]c2cc(ccc12)-n1cc(C[C@H](N[*])C([*])=O)nn1 |$;;;;;;;;;;;;;;;;;;_R1;;_R2;;;$|,Backbone
X1123,CN[C@H](C(C)=O)c1cccnc1,[*]N[C@H](C([*])=O)c1cccnc1 |$_R1;;;;_R2;;;;;;;$|,Backbone
X1010,CN[C@H](C(C)=O)C(C(F)(F)F)C(F)(F)F,FC(F)(F)C([C@H](N[*])C([*])=O)C(F)(F)F |$;;;;;;;_R1;;_R2;;;;;$|,Backbone
R_MeCl,CN[C@@H](CCCNC(=N)N)C(=O)CCl,NC(=N)NCCC[C@H](N[*])C(=O)CCl |$;;;;;;;;;_R1;;;;$|,Backbone
X184,CN[C@H](C(=O)C[C@H](Cc1ccccc1)C(=O)O)C(C)C,CC(C)[C@H](N[*])C(=O)C[C@H](Cc1ccccc1)C(O)=O |$;;;;;_R1;;;;;;;;;;;;;;$|,Backbone
X246,CC(=O)CN(C)CCCCCCN,NCCCCCCN([*])CC([*])=O |$;;;;;;;;_R1;;;_R2;$|,Backbone
X261,CC(=O)[C@H]1C=CCN1C,"[*]N1CC=C[C@@H]1C([*])=O |$_R1;;;;;;;_R2;$,c:3|",Backbone
X559,CNC(=O)NC(=N)NCCC[C@H](NC)C(C)=O,CNC(=O)NC(=N)NCCC[C@H](N[*])C([*])=O |$;;;;;;;;;;;;;_R1;;_R2;$|,Backbone
Me_meA,CC(=O)[C@H](C)N(C)C,C[C@H](N(C)C)C([*])=O |$;;;;;;_R2;$|,Backbone
X413,CC(=O)[C@@H](N)CN1C(=O)c2ccc(N(C)C)cc2C1=O,CN(C)c1ccc2C(=O)N(C[C@H](N)C([*])=O)C(=O)c2c1 |$;;;;;;;;;;;;;;_R2;;;;;$|,Backbone
X207,CCOC(=O)CNC,CCOC(=O)CN[*] |$;;;;;;;_R1$|,Backbone
X208,CN[C@@H](CCCCNC(=O)OC)C(C)=O,COC(=O)NCCCC[C@H](N[*])C([*])=O |$;;;;;;;;;;;_R1;;_R2;$|,Backbone
X309,CN[C@H](Cc1c(F)c(F)c(F)c(F)c1F)C(C)=O,Fc1c(F)c(F)c(C[C@@H](N[*])C([*])=O)c(F)c1F |$;;;;;;;;;;_R1;;_R2;;;;;$|,Backbone
meT,CC(=O)[C@H]([C@@H](C)O)N(C)C,C[C@@H](O)[C@H](N(C)[*])C([*])=O |$;;;;;;_R1;;_R2;$|,Backbone
X217,CN[C@@H](CSCC=C(C)CCC=C(C)CCC=C(C)C)C(=O)OC,"COC(=O)[C@H](CSCC=C(C)CCC=C(C)CCC=C(C)C)N[*] |w:8.7,13.12,$;;;;;;;;;;;;;;;;;;;;;;;_R1$|",Backbone
X613,CN[C@@H](Cc1csc2ccccc12)C(C)=O,[*]N[C@@H](Cc1csc2ccccc12)C([*])=O |$_R1;;;;;;;;;;;;;;_R2;$|,Backbone
X621,CC(=O)[C@H](NC(=O)OC(C)(C)C)c1ccc(F)cc1,CC(C)(C)OC(=O)N[C@@H](C([*])=O)c1ccc(F)cc1 |$;;;;;;;;;;_R2;;;;;;;;$|,Backbone
X1538,COC(=O)[C@H](C)N(C)C,COC(=O)[C@H](C)N(C)[*] |$;;;;;;;;_R1$|,Backbone
X1547,CC(=O)[C@@H](NC(=O)Nc1ccccc1)C(C)C,CC(C)[C@H](NC(=O)Nc1ccccc1)C([*])=O |$;;;;;;;;;;;;;;;_R2;$|,Backbone
X1638,CC(=O)[C@H](CS)N(C)C(C)(C)C,CC(C)(C)N([*])[C@@H](CS)C([*])=O |$;;;;;_R1;;;;;_R2;$|,Backbone
X1122,CC(=O)CNCc1ccc(C)cc1,Cc1ccc(CNCC([*])=O)cc1 |$;;;;;;;;;_R2;;;$|,Backbone
X1592,CCCCCCN=C(NCCCCCC)NCCCC[C@@H](NC)C(C)=O,"CCCCCCNC(NCCCC[C@@H](N[*])C([*])=O)=NCCCCCC |w:19.19,6.5,$;;;;;;;;;;;;;;;_R1;;_R2;;;;;;;;$|",Backbone
X587,CC(=O)[C@@H]1C[C@H](n2cc(C3(N)CCCCC3)nn2)CN1C,NC1(CCCCC1)c1cn(nn1)[C@H]1C[C@H](N([*])C1)C([*])=O |$;;;;;;;;;;;;;;;;_R1;;;_R2;$|,Backbone
X1516,CCS[C@H]1CCN(C)[C@@H]1C(C)=O,CCS[C@H]1CCN([*])[C@@H]1C([*])=O |$;;;;;;;_R1;;;_R2;$|,Backbone
Boc_Y,CC(=O)[C@H](Cc1ccc(O)cc1)NC(=O)OC(C)(C)C,CC(C)(C)OC(=O)N[C@@H](Cc1ccc(O)cc1)C([*])=O |$;;;;;;;;;;;;;;;;;;_R2;$|,Backbone
X2524,CN[C@@H](CCCCCC(=O)c1ccccc1)C(C)=O,[*]N[C@@H](CCCCCC(=O)c1ccccc1)C([*])=O |$_R1;;;;;;;;;;;;;;;;;_R2;$|,Backbone
Me_meNle,CCCC[C@@H](C(C)=O)N(C)C,CCCC[C@H](N(C)C)C([*])=O |$;;;;;;;;;_R2;$|,Backbone
X2564,CN[C@](C)(Cc1ccc(CC(=O)O)cc1)C(C)=O,C[C@](Cc1ccc(CC(O)=O)cc1)(N[*])C([*])=O |$;;;;;;;;;;;;;;_R1;;_R2;$|,Backbone
K_OBzl,CN[C@@H](CCCCN)C(=O)OCc1ccccc1,NCCCC[C@H](N[*])C(=O)OCc1ccccc1 |$;;;;;;;_R1;;;;;;;;;;$|,Backbone
X2602,COc1ccc(C[C@H](N[C@@H](Cc2ccccc2)C(C)=O)C(=O)CC2(SC)CCC(C(C)(C)C)CC2)cc1,COc1ccc(C[C@H](N[C@@H](Cc2ccccc2)C([*])=O)C(=O)CC2(CCC(CC2)C(C)(C)C)S[*])cc1 |$;;;;;;;;;;;;;;;;;;_R2;;;;;;;;;;;;;;;;_R3;;$|,Backbone
X2593,CN[C@@H](CCNCc1ccccc1)C(C)=O,[*]N[C@@H](CCNCc1ccccc1)C([*])=O |$_R1;;;;;;;;;;;;;;_R2;$|,Backbone
X2710,CC(=O)CN(C)CCCC(F)(F)F,FC(F)(F)CCCN([*])CC([*])=O |$;;;;;;;;_R1;;;_R2;$|,Backbone
X2676,CC(=O)[C@@H]1C[C@@H](n2cc(-c3ccccn3)nn2)CN1C,[*]N1C[C@@H](C[C@H]1C([*])=O)n1cc(nn1)-c1ccccn1 |$_R1;;;;;;;_R2;;;;;;;;;;;;$|,Backbone
X2654,CN[C@H](CCCCN)C(=O)c1nc2ccccc2s1,NCCCC[C@@H](N[*])C(=O)c1nc2ccccc2s1 |$;;;;;;;_R1;;;;;;;;;;;$|,Backbone
X2648,CN[C@H](C(=O)c1nccs1)C(C)C,CC(C)[C@H](N[*])C(=O)c1nccs1 |$;;;;;_R1;;;;;;;$|,Backbone
X2649,CN[C@H](C(=O)c1nnnn1C)C(C)C,CC(C)[C@H](N[*])C(=O)c1nnnn1C |$;;;;;_R1;;;;;;;;$|,Backbone
X2551,CC(=O)[C@H](Cc1c[nH]c2ccccc12)NS(C)(=O)=O,CS(=O)(=O)N[C@@H](Cc1c[nH]c2ccccc12)C([*])=O |$;;;;;;;;;;;;;;;;;_R2;$|,Backbone
X2521,CC(=O)CN1CCC(=O)N(CC(=O)O)C1=O,OC(=O)CN1C(=O)CCN(CC([*])=O)C1=O |$;;;;;;;;;;;;_R2;;;$|,Backbone
X2553,COCCOCOc1ccc(C(F)(F)F)cc1CN[C@H](C(C)=O)C(C)C,COCCOCOc1ccc(cc1CN[C@@H](C(C)C)C([*])=O)C(F)(F)F |$;;;;;;;;;;;;;;;;;;;;_R2;;;;;$|,Backbone
X2576,CN[C@@H](Cc1ccc(O)cc1)C(=O)C=O,Oc1ccc(C[C@H](N[*])C(=O)C=O)cc1 |$;;;;;;;;_R1;;;;;;$|,Backbone
X2561,CC(=O)[C@H](CCC(=O)O)NS(=O)(=O)c1cccc2c(N(C)C)cccc12,CN(C)c1cccc2c(cccc12)S(=O)(=O)N[C@@H](CCC(O)=O)C([*])=O |$;;;;;;;;;;;;;;;;;;;;;;;;_R2;$|,Backbone
X2575,CN[C@H](C(C)=O)c1cn(CC(=O)O)c2ccccc2c1=O,OC(=O)Cn1cc([C@H](N[*])C([*])=O)c(=O)c2ccccc12 |$;;;;;;;;;_R1;;_R2;;;;;;;;;$|,Backbone
X2306,CN[C@@H](CCCCNC(=S)Nc1ccc(CN2CCN3CCN(CC2)CC(=O)[O][Al]([F])[O]C(=O)C3)cc1)C(C)=O,F[Al]1OC(=O)CN2CCN(Cc3ccc(NC(=S)NCCCC[C@H](N[*])C([*])=O)cc3)CCN(CC2)CC(=O)O1 |$;;;;;;;;;;;;;;;;;;;;;;;;;_R1;;_R2;;;;;;;;;;;;$|,Backbone
X2298,CC(=O)[C@@H](NCc1cc(O)ccc1O)C(C)C,CC(C)[C@H](NCc1cc(O)ccc1O)C([*])=O |$;;;;;;;;;;;;;;;_R2;$|,Backbone
X2357,CC(=O)[C@@H]1C[C@@H](OC(=O)N2Cc3cccc(F)c3C2)CN1C,Fc1cccc2CN(Cc12)C(=O)O[C@@H]1C[C@H](N([*])C1)C([*])=O |$;;;;;;;;;;;;;;;;;_R1;;;_R2;$|,Backbone
X2389,CCCCCCN(C)CC(C)=O,CCCCCCN([*])CC([*])=O |$;;;;;;;_R1;;;_R2;$|,Backbone
X2395,CN[C@@H](Cc1ccc(Oc2cc(C[C@H](N)C(C)=O)ccc2OC)cc1)C(=O)O,COc1ccc(C[C@H](N)C([*])=O)cc1Oc1ccc(C[C@H](N[*])C(O)=O)cc1 |$;;;;;;;;;;_R2;;;;;;;;;;;;_R1;;;;;$|,Backbone
X2423,CN[C@@H](Cc1ccc(O)cc1)C(=O)NC(=O)C=Cc1ccccc1OC(=O)N[C@H](CC(C)C)C(C)=O,"CC(C)C[C@@H](NC(=O)Oc1ccccc1C=CC(=O)NC(=O)[C@H](Cc1ccc(O)cc1)N[*])C([*])=O |w:16.17,$;;;;;;;;;;;;;;;;;;;;;;;;;;;;;;;;_R1;;_R2;$|",Backbone
X2490,CN[C@H](CC(=O)O)C(=O)OC(=O)c1c(Cl)cccc1Cl,OC(=O)C[C@@H](N[*])C(=O)OC(=O)c1c(Cl)cccc1Cl |$;;;;;;_R1;;;;;;;;;;;;;$|,Backbone
X2342,CN[C@@H](CSCc1c[nH]c(=O)[nH]c1=O)C(C)=O,[*]N[C@@H](CSCc1c[nH]c(=O)[nH]c1=O)C([*])=O |$_R1;;;;;;;;;;;;;;;_R2;$|,Backbone
Boc_dW,CC(=O)[C@@H](Cc1c[nH]c2ccccc12)NC(=O)OC(C)(C)C,CC(C)(C)OC(=O)N[C@H](Cc1c[nH]c2ccccc12)C([*])=O |$;;;;;;;;;;;;;;;;;;;;_R2;$|,Backbone
X2434,C=CCCCCN(C)CC(C)=O,[*]N(CCCCC=C)CC([*])=O |$_R1;;;;;;;;;;_R2;$|,Backbone
Cbz_Lys(Cbz),CC(=O)[C@H](CCCCNC(=O)OCc1ccccc1)NC(=O)OCc1ccccc1,[*]C(=O)[C@H](CCCCNC(=O)OCc1ccccc1)NC(=O)OCc1ccccc1 |$_R2;;;;;;;;;;;;;;;;;;;;;;;;;;;;;$|,Backbone
X2382,CC(=O)CNO[C@@H](N)Cc1ccc(O)cc1,N[C@@H](Cc1ccc(O)cc1)ONCC([*])=O |$;;;;;;;;;;;;;;_R2;$|,Backbone
X2422,CCOC(=O)N[C@H](CN[C@@H](CCCNC(=N)N)C(C)=O)Cc1ccccc1,CCOC(=O)N[C@H](CN[C@@H](CCCNC(N)=N)C([*])=O)Cc1ccccc1 |$;;;;;;;;;;;;;;;;;;_R2;;;;;;;;$|,Backbone
X2265,CC(=O)[C@H](COCc1ccc(C)cc1)NS(=O)(=O)c1ccc(C)cc1,Cc1ccc(COC[C@H](NS(=O)(=O)c2ccc(C)cc2)C([*])=O)cc1 |$;;;;;;;;;;;;;;;;;;;;;_R2;;;$|,Backbone
X2321,CC(=O)[C@H](Cc1ccc2ccccc2c1)NC(=O)OCc1ccccc1,[*]C(=O)[C@H](Cc1ccc2ccccc2c1)NC(=O)OCc1ccccc1 |$_R2;;;;;;;;;;;;;;;;;;;;;;;;;$|,Backbone
X2323,CN[C@@H](C[C@@H]1CCNC1=O)C(=O)Cn1nnc(C(=O)OC)c1C(=O)OC,COC(=O)c1nnn(CC(=O)[C@H](C[C@@H]2CCNC2=O)N[*])c1C(=O)OC |$;;;;;;;;;;;;;;;;;;;;_R1;;;;;$|,Backbone
X2337,CC(=O)[C@@H](Cc1ccc(O)cc1)NS(=O)(=O)c1cccc2c(N(C)C)cccc12,CN(C)c1cccc2c(cccc12)S(=O)(=O)N[C@H](Cc1ccc(O)cc1)C([*])=O |$;;;;;;;;;;;;;;;;;;;;;;;;;;;_R2;$|,Backbone
X2281,CC(=O)[C@@H](Cc1c[nH]c2ccccc12)NC(=O)OCc1ccccc1,[*]C(=O)[C@@H](Cc1c[nH]c2ccccc12)NC(=O)OCc1ccccc1 |$_R2;;;;;;;;;;;;;;;;;;;;;;;;$|,Backbone
X582,CONC(=O)Nc1ccc(C[C@@H](C(C)=O)N(C)C)cc1,CONC(=O)Nc1ccc(C[C@H](N(C)[*])C([*])=O)cc1 |$;;;;;;;;;;;;;;_R1;;_R2;;;$|,Backbone
X596,CC(=O)[C@H](CCC(=O)O)NS(=O)(=O)c1ccccc1,OC(=O)CC[C@H](NS(=O)(=O)c1ccccc1)C([*])=O |$;;;;;;;;;;;;;;;;;_R2;$|,Backbone
X658,CN[C@@H](CCC(=O)[O-])C(C)=O,[O-]C(=O)CC[C@H](N[*])C([*])=O |$;;;;;;;_R1;;_R2;$|,Backbone
X479,CC(=O)[C@H](CCCCN)[N-][N+]#N,NCCCC[C@H]([N-][N+]#N)C([*])=O |$;;;;;;;;;;_R2;$|,Backbone
X759,CCCN[C@@H](CCC(=O)O)C(C)=O,CCCN[C@@H](CCC(O)=O)C([*])=O |$;;;;;;;;;;;_R2;$|,Backbone
X618,C=CC[C@@H](C=O)NC,[*]N[C@@H](CC=C)C=O |$_R1;;;;;;;$|,Backbone
X773,CN[C@H](C(C)=O)[C@@H](O)CO,OC[C@H](O)[C@H](N[*])C([*])=O |$;;;;;;_R1;;_R2;$|,Backbone
X489,CN[C@@H](Cc1ccc(O)c(C)c1C)C(C)=O,Cc1c(O)ccc(C[C@H](N[*])C([*])=O)c1C |$;;;;;;;;;;_R1;;_R2;;;$|,Backbone
X491,CN[C@H](C(C)=O)[C@H](C)OP(=O)(O)O,C[C@H](OP(O)(O)=O)[C@H](N[*])C([*])=O |$;;;;;;;;;_R1;;_R2;$|,Backbone
X766,CC(=O)[C@](C)(NC(=O)OC(C)(C)C)c1ccccc1,CC(C)(C)OC(=O)N[C@@](C)(C([*])=O)c1ccccc1 |$;;;;;;;;;;;_R2;;;;;;;$|,Backbone
X781,CCCCN=C(NCCCC)NCCCC[C@@H](NC)C(C)=O,"CCCCNC(NCCCC[C@@H](N[*])C([*])=O)=NCCCC |w:17.17,4.3,$;;;;;;;;;;;;;_R1;;_R2;;;;;;$|",Backbone
X962,CN[C@@H](CCCNC(=N)N)C(=O)C[n+]1ccccc1,NC(=N)NCCC[C@H](N[*])C(=O)C[n+]1ccccc1 |$;;;;;;;;;_R1;;;;;;;;;$|,Backbone
X769,CC(=O)[C@@H]1CC(=O)N(CCN)C(=O)N1,NCCN1C(=O)C[C@H](NC1=O)C([*])=O |$;;;;;;;;;;;;_R2;$|,Backbone
X913,CN[C@@H](CCCCNN)C(C)=O,NNCCCC[C@H](N[*])C([*])=O |$;;;;;;;;_R1;;_R2;$|,Backbone
Me_1-Nal,CC(=O)[C@H](Cc1cccc2ccccc12)N(C)C,CN([*])[C@@H](Cc1cccc2ccccc12)C([*])=O |$;;_R1;;;;;;;;;;;;;;_R2;$|,Backbone
X636,CN[C@@H](CCS(C)(=O)=O)C(C)=O,CS(=O)(=O)CC[C@H](N[*])C([*])=O |$;;;;;;;;_R1;;_R2;$|,Backbone
X520,CN[C@H](C(C)=O)C(C)(C)c1ccccc1,CN[C@H](C([*])=O)C(C)(C)c1ccccc1 |$;;;;_R2;;;;;;;;;;$|,Backbone
X522,CN[C@H](C=O)CC1CCCCC1,[*]N[C@@H](CC1CCCCC1)C=O |$_R1;;;;;;;;;;;$|,Backbone
X645,CN[C@H](CSC)C(=O)NC(C)=O,CC(=O)NC(=O)[C@@H](CS[*])N[*] |$;;;;;;;;;_R3;;_R1$|,Backbone
X457,CN[C@@H](COC(=O)c1ccc(OC)cc1)C(=O)OC,COC(=O)[C@H](COC(=O)c1ccc(OC)cc1)N[*] |$;;;;;;;;;;;;;;;;;;_R1$|,Backbone
X2898,CC(=O)[C@H](CC(=O)O)NC(=S)Nc1ccc(S(N)(=O)=O)cc1,NS(=O)(=O)c1ccc(NC(=S)N[C@@H](CC(O)=O)C([*])=O)cc1 |$;;;;;;;;;;;;;;;;;;_R2;;;$|,Backbone
X3020,CC(=O)[C@@H]1C[C@@H](Cc2ccc(Cl)cc2)CN1C,Clc1ccc(C[C@@H]2C[C@H](N([*])C2)C([*])=O)cc1 |$;;;;;;;;;;_R1;;;_R2;;;$|,Backbone
X3010,CN[C@H](Cc1ccc(F)c(F)c1)C(C)=O,Fc1ccc(C[C@@H](N[*])C([*])=O)cc1F |$;;;;;;;;_R1;;_R2;;;;$|,Backbone
X2894,CN[C@@H](CCCNC(=N)NCc1ccccc1)C(C)=O,"[*]N[C@@H](CCCNC(=N)NCc1ccccc1)C([*])=O |w:9.9,$_R1;;;;;;;;;;;;;;;;;;_R2;$|",Backbone
X2874,CC(=O)[C@H](CC(C)C)NC(=O)OC[C@@H](COS(=O)(=O)O)OS(=O)(=O)O,CC(C)C[C@H](NC(=O)OC[C@@H](COS(O)(=O)=O)OS(O)(=O)=O)C([*])=O |$;;;;;;;;;;;;;;;;;;;;;;;_R2;$|,Backbone
X2502,CC(=O)[C@H](Cc1ccccc1)N[C@@H](Cc1c[nH]c2ccccc12)C(C)=O,CC(=O)[C@H](Cc1c[nH]c2ccccc12)N[C@@H](Cc1ccccc1)C([*])=O |$;;;;;;;;;;;;;;;;;;;;;;;;_R2;$|,Backbone
X2545,CN[C@@H](Cc1ccc(O)c(C(C)(C)C)c1)C(C)=O,CC(C)(C)c1cc(C[C@H](N[*])C([*])=O)ccc1O |$;;;;;;;;;;_R1;;_R2;;;;;$|,Backbone
X2504,CC(=O)[C@@H]1C[C@H](n2cc(C)c(=O)[nH]c2=O)CN1C,Cc1cn([C@H]2C[C@H](N([*])C2)C([*])=O)c(=O)[nH]c1=O |$;;;;;;;;_R1;;;_R2;;;;;;$|,Backbone
X749,COc1ccc(S(=O)(=O)N(C)CC(C)=O)cc1,COc1ccc(cc1)S(=O)(=O)N([*])CC([*])=O |$;;;;;;;;;;;;_R1;;;_R2;$|,Backbone
E_OMe,CN[C@@H](CCC(=O)O)C(=O)OC,COC(=O)[C@H](CCC(O)=O)N[*] |$;;;;;;;;;;;_R1$|,Backbone
L_OBzl,CN[C@@H](CC(C)C)C(=O)OCc1ccccc1,CC(C)C[C@H](N[*])C(=O)OCc1ccccc1 |$;;;;;;_R1;;;;;;;;;;$|,Backbone
X2248,CN[C@@H](Cc1c[nH]c2ccccc12)C(=O)c1nc2ccccc2[nH]1,[*]N[C@@H](Cc1c[nH]c2ccccc12)C(=O)c1nc2ccccc2[nH]1 |$_R1;;;;;;;;;;;;;;;;;;;;;;;$|,Backbone
dE,CN[C@H](CCC(C)=O)C(C)=O,[*]N[C@H](CCC([*])=O)C([*])=O |$_R1;;;;;;_R3;;;_R2;$|,Backbone
N,CN[C@@H](CC(N)=O)C(C)=O,NC(=O)C[C@H](N[*])C([*])=O |$;;;;;;_R1;;_R2;$|,Backbone
E,CN[C@@H](CCC(C)=O)C(C)=O,[*]N[C@@H](CCC([*])=O)C([*])=O |$_R1;;;;;;_R3;;;_R2;$|,Backbone
X876,CC(=O)[C@H](Cc1ccccc1)NC(=O)Nc1ccccc1,[*]C(=O)[C@H](Cc1ccccc1)NC(=O)Nc1ccccc1 |$_R2;;;;;;;;;;;;;;;;;;;;$|,Backbone
dTyr(Bzl),CN[C@H](Cc1ccc(OCc2ccccc2)cc1)C(C)=O,[*]N[C@H](Cc1ccc(OCc2ccccc2)cc1)C([*])=O |$_R1;;;;;;;;;;;;;;;;;;;_R2;$|,Backbone
X742,CC(=O)CN1CCNCC1,[*]C(=O)CN1CCNCC1 |$_R2;;;;;;;;;$|,Backbone
Me_dR,CC(=O)[C@@H](CCCNC(=N)N)N(C)C,CN([*])[C@H](CCCNC(N)=N)C([*])=O |$;;_R1;;;;;;;;;;_R2;$|,Backbone
X960,CC(=O)[C@@H]1C[C@@H](Cc2ccccc2)CN1C,[*]N1C[C@H](Cc2ccccc2)C[C@H]1C([*])=O |$_R1;;;;;;;;;;;;;;_R2;$|,Backbone
X1207,CN[C@H](CCCCNC(N)=O)C(C)=O,NC(=O)NCCCC[C@@H](N[*])C([*])=O |$;;;;;;;;;;_R1;;_R2;$|,Backbone
X1093,CN[C@H](C(=O)C(F)(F)CN)C(C)C,CC(C)[C@H](N[*])C(=O)C(F)(F)CN |$;;;;;_R1;;;;;;;$|,Backbone
X717,CCOC(=O)N[C@H](CC(=O)c1ccccc1)C(C)=O,CCOC(=O)N[C@H](CC(=O)c1ccccc1)C([*])=O |$;;;;;;;;;;;;;;;;;_R2;$|,Backbone
X864,CC(=O)[C@H](CCC(=O)O)NCC1CCCCCC1,OC(=O)CC[C@H](NCC1CCCCCC1)C([*])=O |$;;;;;;;;;;;;;;;;_R2;$|,Backbone
X806,CC(=O)[C@H](Cc1ccc(O)cc1)NCc1cccc(Oc2ccccc2)c1,Oc1ccc(C[C@H](NCc2cccc(Oc3ccccc3)c2)C([*])=O)cc1 |$;;;;;;;;;;;;;;;;;;;;;;;_R2;;;$|,Backbone
X1917,CCCCCC[C@H](C(C)=O)N(C)C,CCCCCC[C@@H](N(C)[*])C([*])=O |$;;;;;;;;;_R1;;_R2;$|,Backbone
X2044,CN[C@H](Cc1ccc(Br)cc1)C(C)=O,Brc1ccc(C[C@@H](N[*])C([*])=O)cc1 |$;;;;;;;;_R1;;_R2;;;$|,Backbone
C_OMe,CN[C@@H](CSC)C(=O)OC,COC(=O)[C@H](CS[*])N[*] |$;;;;;;;_R3;;_R1$|,Backbone
X2014,CN[C@H](C(C)=O)c1cccc([N+](=O)[O-])c1,[*]N[C@H](C([*])=O)c1cccc(c1)N(=O)=O |$_R1;;;;_R2;;;;;;;;;;$|,Backbone
X2050,CCN(C)[C@H](CCCNC(=N)N)C(C)=O,CCN([*])[C@H](CCCNC(N)=N)C([*])=O |$;;;_R1;;;;;;;;;;_R2;$|,Backbone
X1953,CC(=O)[C@H](Cc1ccc(O)cc1)NC(N)=O,NC(=O)N[C@@H](Cc1ccc(O)cc1)C([*])=O |$;;;;;;;;;;;;;;_R2;$|,Backbone
Pen,CN[C@H](C(C)=O)C(C)(C)SC,CC(C)(S[*])[C@H](N[*])C([*])=O |$;;;;_R3;;;_R1;;_R2;$|,Backbone
X2036,CCCCOc1ccc(C[C@H](NC)C(C)=O)cc1,CCCCOc1ccc(C[C@H](N[*])C([*])=O)cc1 |$;;;;;;;;;;;;_R1;;_R2;;;$|,Backbone
X2051,CN[C@H](C(C)=O)c1ccc(F)cc1,Fc1ccc(cc1)[C@H](N[*])C([*])=O |$;;;;;;;;;_R1;;_R2;$|,Backbone
X2052,CSC[C@@H](NCc1ccc(N(C)C)cc1)C(C)=O,CN(C)c1ccc(CN[C@H](CS[*])C([*])=O)cc1 |$;;;;;;;;;;;;_R3;;_R2;;;$|,Backbone
X2027,CC(=O)[C@H](C)N(C)Cc1ccccc1,C[C@H](N([*])Cc1ccccc1)C([*])=O |$;;;_R1;;;;;;;;;_R2;$|,Backbone
X1832,C=CCOC[C@@H](NC)C(C)=O,[*]N[C@H](COCC=C)C([*])=O |$_R1;;;;;;;;;_R2;$|,Backbone
X1788,CC(=O)[C@@H]1COCCN1C,[*]N1CCOC[C@H]1C([*])=O |$_R1;;;;;;;;_R2;$|,Backbone
X1722,C=C(CCl)COC[C@@H](NC)C(C)=O,ClCC(=C)COC[C@@H](N[*])C([*])=O |$;;;;;;;;;_R1;;_R2;$|,Backbone
X1723,CC(=O)[C@H]1COCCN1C,[*]N1CCOC[C@@H]1C([*])=O |$_R1;;;;;;;;_R2;$|,Backbone
Me_dOrn,CC(=O)[C@@H](CCCN)N(C)C,CN([*])[C@H](CCCN)C([*])=O |$;;_R1;;;;;;;_R2;$|,Backbone
X1881,CN[C@H](COCCCO)C(C)=O,OCCCOC[C@@H](N[*])C([*])=O |$;;;;;;;;_R1;;_R2;$|,Backbone
X1803,CN[C@@H](C(C)=O)C1CC1,[*]N[C@H](C1CC1)C([*])=O |$_R1;;;;;;;_R2;$|,Backbone
X1746,CN[C@@H](Cc1ccc(OCC=C(C)C)cc1)C(C)=O,CC(C)=CCOc1ccc(C[C@H](N[*])C([*])=O)cc1 |$;;;;;;;;;;;;;_R1;;_R2;;;$|,Backbone
X1817,CN[C@@H](CCCCNC(=O)OCc1ccc(Cl)cc1)C(C)=O,Clc1ccc(COC(=O)NCCCC[C@H](N[*])C([*])=O)cc1 |$;;;;;;;;;;;;;;;;_R1;;_R2;;;$|,Backbone
X1821,CCCC=C(C)[C@@H](O)[C@@H](C(C)=O)N(C)C,"CCCC=C(C)[C@@H](O)[C@H](N(C)[*])C([*])=O |w:3.2,$;;;;;;;;;;;_R1;;_R2;$|",Backbone
X1709,CCN(CC)CC[C@@H](NC)C(C)=O,CCN(CC)CC[C@@H](N[*])C([*])=O |$;;;;;;;;;_R1;;_R2;$|,Backbone
Phg,CN[C@H](C(C)=O)c1ccccc1,[*]N[C@H](C([*])=O)c1ccccc1 |$_R1;;;;_R2;;;;;;;$|,Backbone
X92,CN[C@H](C(C)=O)C(C)(C)CO,CC(C)(CO)[C@H](N[*])C([*])=O |$;;;;;;;_R1;;_R2;$|,Backbone
meS,CC(=O)[C@H](CO)N(C)C,CN([*])[C@@H](CO)C([*])=O |$;;_R1;;;;;_R2;$|,Backbone
X91,CSCC[C@H](NC(=O)NC(C)(C)C)C(C)=O,CSCC[C@H](NC(=O)NC(C)(C)C)C([*])=O |$;;;;;;;;;;;;;;_R2;$|,Backbone
X143,CC(=O)[C@@H]1Cc2cc(O)ccc2CN1C,Oc1ccc2CN([*])[C@@H](Cc2c1)C([*])=O |$;;;;;;;_R1;;;;;;_R2;$|,Backbone
X356,CNCCC[C@H](NC)C(C)=O,CNCCC[C@H](N[*])C([*])=O |$;;;;;;;_R1;;_R2;$|,Backbone
X107,CN[C@H](C(=O)C(F)(F)F)C(C)C,CC(C)[C@H](N[*])C(=O)C(F)(F)F |$;;;;;_R1;;;;;;$|,Backbone
Cbz_L,CC(=O)[C@H](CC(C)C)NC(=O)OCc1ccccc1,CC(C)C[C@H](NC(=O)OCc1ccccc1)C([*])=O |$;;;;;;;;;;;;;;;;;_R2;$|,Backbone
X116,CN[C@H](C=O)CC(=O)O,OC(=O)C[C@H](N[*])C=O |$;;;;;;_R1;;$|,Backbone
X104,CNC1(C(C)=O)CC1,[*]NC1(CC1)C([*])=O |$_R1;;;;;;_R2;$|,Backbone
Sar,CC(=O)CN(C)C,CN([*])CC([*])=O |$;;_R1;;;_R2;$|,Backbone
X9,CC(=O)[C@H](C)NC(=S)Nc1ccc2c(c1)C(=O)OC21c2ccc(O)cc2Oc2cc(O)ccc21,C[C@H](NC(=S)Nc1ccc2c(c1)C(=O)OC21c2ccc(O)cc2Oc2cc(O)ccc12)C([*])=O |$;;;;;;;;;;;;;;;;;;;;;;;;;;;;;;;;_R2;$|,Backbone
X28,CN[C@H](C(C)=O)C(c1ccccc1)c1ccccc1,[*]N[C@@H](C(c1ccccc1)c1ccccc1)C([*])=O |$_R1;;;;;;;;;;;;;;;;;_R2;$|,Backbone
X2726,CN[C@@H](Cc1cn(CC(=O)O)c2ccccc12)C(C)=O,OC(=O)Cn1cc(C[C@H](N[*])C([*])=O)c2ccccc12 |$;;;;;;;;;;_R1;;_R2;;;;;;;$|,Backbone
X2371,CN[C@@H](C[C@@H]1CCNC1=O)C(=O)c1ccccn1,[*]N[C@@H](C[C@@H]1CCNC1=O)C(=O)c1ccccn1 |$_R1;;;;;;;;;;;;;;;;;$|,Backbone
X2812,CC(=O)[C@@H](Cc1cccs1)N(C(C)=O)C(=O)C=Cc1ccccc1,"CC(=O)N([C@H](Cc1cccs1)C([*])=O)C(=O)C=Cc1ccccc1 |w:16.16,$;;;;;;;;;;;;_R2;;;;;;;;;;;$|",Backbone
X2886,CN[C@@H](Cc1cnc(-c2ccc(C(C)(C)C)cc2)[nH]1)C(C)=O,CC(C)(C)c1ccc(cc1)-c1ncc(C[C@H](N[*])C([*])=O)[nH]1 |$;;;;;;;;;;;;;;;;;_R1;;_R2;;$|,Backbone
X2865,CC[C@H](C)[C@H](NC(=O)OCCCCCn1cnc2c(N(C)C)ncnc21)C(C)=O,CC[C@H](C)[C@H](NC(=O)OCCCCCn1cnc2c(ncnc12)N(C)C)C([*])=O |$;;;;;;;;;;;;;;;;;;;;;;;;;;;_R2;$|,Backbone
X2720,CC(=O)[C@H](Cc1ccc(-c2ccccc2)cc1)NC(=O)OCc1ccccc1,[*]C(=O)[C@H](Cc1ccc(cc1)-c1ccccc1)NC(=O)OCc1ccccc1 |$_R2;;;;;;;;;;;;;;;;;;;;;;;;;;;$|,Backbone
X2833,CCOC(=O)[C@H](C)OC(=O)[C@H](C)OC(=O)[C@@H]1CCCN1C,CCOC(=O)[C@H](C)OC(=O)[C@H](C)OC(=O)[C@@H]1CCCN1[*] |$;;;;;;;;;;;;;;;;;;;;_R1$|,Backbone
X2426,CN[C@@H](CCCNC(=N)N)C(=O)CN[C@@H](C)C(=O)OC,COC(=O)[C@H](C)NCC(=O)[C@H](CCCNC(N)=N)N[*] |$;;;;;;;;;;;;;;;;;;;_R1$|,Backbone
X2824,CC(=O)[C@H](CC(C)C)NC(=O)OCC(CO)CO,CC(C)C[C@H](NC(=O)OCC(CO)CO)C([*])=O |$;;;;;;;;;;;;;;;;_R2;$|,Backbone
X2825,CC(=O)[C@H](CC(C)C)NC(=O)NCCCOS(=O)(=O)O,CC(C)C[C@H](NC(=O)NCCCOS(O)(=O)=O)C([*])=O |$;;;;;;;;;;;;;;;;;;_R2;$|,Backbone
X2905,CC(=O)[C@@H](CC1CCCCC1)N(C(C)=O)C(=O)C=Cc1ccccc1,"CC(=O)N([C@H](CC1CCCCC1)C([*])=O)C(=O)C=Cc1ccccc1 |w:17.17,$;;;;;;;;;;;;;_R2;;;;;;;;;;;$|",Backbone
X2750,CNCC(=O)CN[C@@H](Cc1ccc(O)cc1)C(C)=O,Oc1ccc(C[C@H](NCC(=O)CN[*])C([*])=O)cc1 |$;;;;;;;;;;;;;_R1;;_R2;;;$|,Backbone
X2113,CN[C@H](C(C)=O)C(=O)O,OC(=O)[C@H](N[*])C([*])=O |$;;;;;_R1;;_R2;$|,Backbone
X2741,CC(=O)[C@H](CC(C)C)NCCCCCCCCNC(=S)Nc1cccc2c1C(=O)OC21c2ccc(O)cc2Oc2cc(O)ccc21,CC(C)C[C@H](NCCCCCCCCNC(=S)Nc1cccc2c1C(=O)OC21c2ccc(O)cc2Oc2cc(O)ccc12)C([*])=O |$;;;;;;;;;;;;;;;;;;;;;;;;;;;;;;;;;;;;;;;;;;;;_R2;$|,Backbone
X2007,CN[C@@H](C(C)=O)C1(SC)CCCCC1,[*]N[C@@H](C([*])=O)C1(CCCCC1)S[*] |$_R1;;;;_R2;;;;;;;;;_R3$|,Backbone
X2102,CC=CC[C@@H](C)C(=O)[C@@H](C(C)=O)N(C)C,"CC=CC[C@@H](C)C(=O)[C@H](N(C)[*])C([*])=O |w:1.0,$;;;;;;;;;;;_R1;;_R2;$|",Backbone
X166,CC(=O)[C@@H]1CNC(=O)N1C,[*]N1[C@@H](CNC1=O)C([*])=O |$_R1;;;;;;;;_R2;$|,Backbone
X2203,CNCC(=O)OC[C@H](N)C(C)=O,N[C@@H](COC(=O)CN[*])C([*])=O |$;;;;;;;;_R1;;_R2;$|,Backbone
Cbz_dA,CC(=O)[C@@H](C)NC(=O)OCc1ccccc1,C[C@@H](NC(=O)OCc1ccccc1)C([*])=O |$;;;;;;;;;;;;;;_R2;$|,Backbone
X2117,CN[C@@H](CCCCNC(=O)Nc1c(C)cccc1C)C(C)=O,Cc1cccc(C)c1NC(=O)NCCCC[C@H](N[*])C([*])=O |$;;;;;;;;;;;;;;;;;;_R1;;_R2;$|,Backbone
X2125,CN[C@H](C=O)CNC(=O)N(C)C,CN(C)C(=O)NC[C@H](N[*])C=O |$;;;;;;;;;_R1;;$|,Backbone
X1361,CN[C@H](C=O)CCC1CCCCC1,[*]N[C@@H](CCC1CCCCC1)C=O |$_R1;;;;;;;;;;;;$|,Backbone
X1248,CN[C@@H](CC(=O)O)C(=O)C[C@H](C)C(=O)O,C[C@@H](CC(=O)[C@H](CC(O)=O)N[*])C(O)=O |$;;;;;;;;;;;_R1;;;$|,Backbone
X1451,CN[C@@H](COC(=O)C=C(C)C)C(=O)OC,COC(=O)[C@H](COC(=O)C=C(C)C)N[*] |$;;;;;;;;;;;;;;_R1$|,Backbone
X1251,CN[C@H](C=O)CCCN,NCCC[C@H](N[*])C=O |$;;;;;;_R1;;$|,Backbone
X1423,CC(=O)[C@H](Cc1cccc(O)c1)N(C)C,CN(C)[C@@H](Cc1cccc(O)c1)C([*])=O |$;;;;;;;;;;;;;_R2;$|,Backbone
X1405,CC(=O)CN=C(N(C)C)N(C)C,"CN(C)C(=NCC([*])=O)N(C)C |w:4.4,$;;;;;;;_R2;;;;$|",Backbone
X1315,CNC1(C(=O)OC)CC1,COC(=O)C1(CC1)N[*] |$;;;;;;;;_R1$|,Backbone
X1390,CN[C@@H](Cc1ccc(OC)c(OC)c1)C(C)=O,COc1ccc(C[C@H](N[*])C([*])=O)cc1OC |$;;;;;;;;;_R1;;_R2;;;;;$|,Backbone
X1329,CCc1cc(O)cc(CC)c1C[C@H](N)C(C)=O,CCc1cc(O)cc(CC)c1C[C@H](N)C([*])=O |$;;;;;;;;;;;;;;;_R2;$|,Backbone
X1418,CC(=O)CN(C)C(=N)N,CN(CC([*])=O)C(N)=N |$;;;;_R2;;;;$|,Backbone
X1230,CC(=O)[C@@H]1C[C@@H]2CCCC[C@@H]2CN1,[*]C(=O)[C@@H]1C[C@@H]2CCCC[C@@H]2CN1 |$_R2;;;;;;;;;;;;$|,Backbone
X1469,CN[C@@H](CC(=O)O)C(=O)c1ccccc1,OC(=O)C[C@H](N[*])C(=O)c1ccccc1 |$;;;;;;_R1;;;;;;;;$|,Backbone
Boc_C,CC(=O)[C@H](CS)NC(=O)OC(C)(C)C,CC(C)(C)OC(=O)N[C@@H](CS)C([*])=O |$;;;;;;;;;;;;_R2;$|,Backbone
X1202,CN[C@H](CCCN(C(=O)CBr)C(=O)CBr)C(C)=O,BrCC(=O)N(CCC[C@@H](N[*])C([*])=O)C(=O)CBr |$;;;;;;;;;;_R1;;_R2;;;;;$|,Backbone
X1003,C=CCN(CC=C)[C@@H](Cc1ccccc1)C(C)=O,[*]C(=O)[C@H](Cc1ccccc1)N(CC=C)CC=C |$_R2;;;;;;;;;;;;;;;;;$|,Backbone
X1008,CN[C@@H](CCC1CCCCC1)C(C)=O,[*]N[C@@H](CCC1CCCCC1)C([*])=O |$_R1;;;;;;;;;;;;_R2;$|,Backbone
X185,CN[C@@H](CCCN=C(N(C)C)N(C)C)C(C)=O,CN(C)C(=NCCC[C@H](N[*])C([*])=O)N(C)C |$;;;;;;;;;;_R1;;_R2;;;;$|,Backbone
F_Me,CN[C@@H](Cc1ccccc1)C(C)=O,CC(=O)[C@H](Cc1ccccc1)N[*] |$;;;;;;;;;;;;_R1$|,Backbone
X691,COC1=CC(=O)N(C(=O)[C@@H](OC(=O)[C@@H]2CCCN2C)C(C)C)[C@H]1Cc1ccccc1,"COC1=CC(=O)N([C@H]1Cc1ccccc1)C(=O)[C@@H](OC(=O)[C@@H]1CCCN1[*])C(C)C |$;;;;;;;;;;;;;;;;;;;;;;;;;;_R1;;;$,t:2|",Backbone
X399,CC(=O)[C@@H](N)[C@@H](C)c1c(C)cc(O)cc1C,C[C@H]([C@H](N)C([*])=O)c1c(C)cc(O)cc1C |$;;;;;_R2;;;;;;;;;;$|,Backbone
X253,CC(=O)CN1CCCNCCCNCCC1,[*]C(=O)CN1CCCNCCCNCCC1 |$_R2;;;;;;;;;;;;;;;$|,Backbone
X558,C=CCOC(=O)C[C@H](NC)C(=O)O,OC(=O)[C@H](CC(=O)OCC=C)N[*] |$;;;;;;;;;;;;_R1$|,Backbone
X334,CN[C@@H](Cc1cccc(O)c1)C(C)=O,Oc1cccc(C[C@H](N[*])C([*])=O)c1 |$;;;;;;;;;_R1;;_R2;;$|,Backbone
dNle,CCCC[C@@H](NC)C(C)=O,CCCC[C@@H](N[*])C([*])=O |$;;;;;;_R1;;_R2;$|,Backbone
X260,C=CCN(CC=C)[C@@H](Cc1ccc(O)cc1)C(C)=O,Oc1ccc(C[C@H](N(CC=C)CC=C)C([*])=O)cc1 |$;;;;;;;;;;;;;;;_R2;;;$|,Backbone
X404,CCCCCCCCCCCCCCCC(=O)Oc1ccc(C[C@H](NC)C(C)=O)cc1,CCCCCCCCCCCCCCCC(=O)Oc1ccc(C[C@H](N[*])C([*])=O)cc1 |$;;;;;;;;;;;;;;;;;;;;;;;;;_R1;;_R2;;;$|,Backbone
X274,CN[C@@H](CC(C)(C)C)C(C)=O,CC(C)(C)C[C@H](N[*])C([*])=O |$;;;;;;;_R1;;_R2;$|,Backbone
Cbz_G,CC(=O)CNC(=O)OCc1ccccc1,[*]C(=O)CNC(=O)OCc1ccccc1 |$_R2;;;;;;;;;;;;;;$|,Backbone
X228,CC(=O)CN(C)CCc1ccccn1,[*]N(CCc1ccccn1)CC([*])=O |$_R1;;;;;;;;;;;;_R2;$|,Backbone
X1613,CC(=O)[C@@H](N)CN1C(=O)c2cc3ccc(N(C)C)cc3cc2C1=O,CN(C)c1ccc2cc3C(=O)N(C[C@H](N)C([*])=O)C(=O)c3cc2c1 |$;;;;;;;;;;;;;;;;_R2;;;;;;;$|,Backbone
X1535,CN[C@@H](Cc1ccc(NCCl)cc1)C(C)=O,ClCNc1ccc(C[C@H](N[*])C([*])=O)cc1 |$;;;;;;;;;;_R1;;_R2;;;$|,Backbone
X709,CN[C@@H](Cc1ccc(N(CCCl)CCCl)cc1)C(C)=O,ClCCN(CCCl)c1ccc(C[C@H](N[*])C([*])=O)cc1 |$;;;;;;;;;;;;;;_R1;;_R2;;;$|,Backbone
X917,CN[C@@H](CC(C)C)C(=O)[O-],CC(C)C[C@H](N[*])C([O-])=O |$;;;;;;_R1;;;$|,Backbone
X1919,CCOCC[C@@H](C)[C@@H](O)[C@@H](C(C)=O)N(C)C,CCOCC[C@@H](C)[C@@H](O)[C@H](N(C)[*])C([*])=O |$;;;;;;;;;;;;_R1;;_R2;$|,Backbone
X1174,CC(=O)CNC[C@H](N)Cc1ccccc1,N[C@@H](CNCC([*])=O)Cc1ccccc1 |$;;;;;;_R2;;;;;;;;$|,Backbone
X1369,CC(=O)[C@@H](N)Cc1ccc(O)c(CCO)c1,N[C@@H](Cc1ccc(O)c(CCO)c1)C([*])=O |$;;;;;;;;;;;;;;_R2;$|,Backbone
X1590,CSCC[C@H](NC(=O)N=C(C)C)C(C)=O,CSCC[C@H](NC(=O)N=C(C)C)C([*])=O |$;;;;;;;;;;;;;_R2;$|,Backbone
X105,CN[C@@H](CC(C)C)C(=O)[C@@]1(C)CO1,CC(C)C[C@H](N[*])C(=O)[C@@]1(C)CO1 |$;;;;;;_R1;;;;;;$|,Backbone
Me_meS,CC(=O)[C@H](CO)N(C)C,CN(C)[C@@H](CO)C([*])=O |$;;;;;;;_R2;$|,Backbone
X2601,COc1ccc2c(O[C@@H]3C[C@@H](C(C)=O)N(C)C3)nccc2c1,COc1ccc2c(O[C@@H]3C[C@H](N([*])C3)C([*])=O)nccc2c1 |$;;;;;;;;;;;;_R1;;;_R2;;;;;;$|,Backbone
Y_MeF,CN[C@@H](Cc1ccc(O)cc1)C(=O)CF,Oc1ccc(C[C@H](N[*])C(=O)CF)cc1 |$;;;;;;;;_R1;;;;;;$|,Backbone
X2617,CN[C@H](Cc1ccc(C#N)cc1)C(C)=O,[*]N[C@H](Cc1ccc(cc1)C#N)C([*])=O |$_R1;;;;;;;;;;;;;_R2;$|,Backbone
X2618,CN[C@@H](Cc1ccccc1)C(=O)CN[C@@H](CC(C)C)C(C)=O,CC(C)C[C@H](NCC(=O)[C@H](Cc1ccccc1)N[*])C([*])=O |$;;;;;;;;;;;;;;;;;;_R1;;_R2;$|,Backbone
X2713,COc1ccc(SC)cc1,COc1ccc(S[*])cc1 |$;;;;;;;_R3;;$|,Backbone
X2658,CC(=O)[C@@H]1C[C@@H](n2cc(-c3ccc4c(c3)CCO4)nn2)CN1C,[*]N1C[C@@H](C[C@H]1C([*])=O)n1cc(nn1)-c1ccc2OCCc2c1 |$_R1;;;;;;;_R2;;;;;;;;;;;;;;;$|,Backbone
X2655,CC(=O)[C@@H]1C[C@@H](n2cc(C)c(=O)[nH]c2=O)CN1C,Cc1cn([C@@H]2C[C@H](N([*])C2)C([*])=O)c(=O)[nH]c1=O |$;;;;;;;;_R1;;;_R2;;;;;;$|,Backbone
X2730,CCCCCCCC(=O)[C@H](CCCCN)N[C@H]1C[C@@H](C(C)=O)N(C)C1,CCCCCCCC(=O)[C@H](CCCCN)N[C@H]1C[C@H](N([*])C1)C([*])=O |$;;;;;;;;;;;;;;;;;;;;_R1;;;_R2;$|,Backbone
X2696,CC(=O)Cn1c(-c2ccccc2)nc2ccccc21,[*]C(=O)Cn1c(nc2ccccc12)-c1ccccc1 |$_R2;;;;;;;;;;;;;;;;;;$|,Backbone
X2697,CN1C[C@H](c2ccccc2)NC(=O)[C@@H]1CC(=O)O,OC(=O)C[C@@H]1N([*])C[C@@H](NC1=O)c1ccccc1 |$;;;;;;_R1;;;;;;;;;;;$|,Backbone
X2670,COc1ccc(C[C@H](N[C@@H](Cc2ccccc2)C(C)=O)C(=O)CC2(SC)CCCCC2)cc1,COc1ccc(C[C@H](N[C@@H](Cc2ccccc2)C([*])=O)C(=O)CC2(CCCCC2)S[*])cc1 |$;;;;;;;;;;;;;;;;;;_R2;;;;;;;;;;;;_R3;;$|,Backbone
X2523,CCCCCCCC(=O)[C@H](CCCCN)N[C@@H]1C[C@@H](C(C)=O)N(C)C1,CCCCCCCC(=O)[C@H](CCCCN)N[C@@H]1C[C@H](N([*])C1)C([*])=O |$;;;;;;;;;;;;;;;;;;;;_R1;;;_R2;$|,Backbone
X2332,CC(=O)[C@H](CC(C)C)NC(=O)O,CC(C)C[C@H](NC(O)=O)C([*])=O |$;;;;;;;;;;_R2;$|,Backbone
X2403,COc1ccc2nc(-c3ccccc3)cc(O[C@@H]3C[C@@H](C(C)=O)N(C)C3)c2c1,COc1ccc2nc(cc(O[C@@H]3C[C@H](N([*])C3)C([*])=O)c2c1)-c1ccccc1 |$;;;;;;;;;;;;;;;_R1;;;_R2;;;;;;;;;$|,Backbone
X2477,CN[C@@H](Cc1ccccc1)C(=O)CN1CCC[C@H]1C(C)=O,[*]N[C@@H](Cc1ccccc1)C(=O)CN1CCC[C@H]1C([*])=O |$_R1;;;;;;;;;;;;;;;;;;;_R2;$|,Backbone
X2437,CC(=O)[C@@H](NCc1cccc(F)c1O)C(C)C,CC(C)[C@H](NCc1cccc(F)c1O)C([*])=O |$;;;;;;;;;;;;;;;_R2;$|,Backbone
X2367,CN[C@H](C(=O)c1nnc(Cc2cccc(C)c2)o1)C(C)C,CC(C)[C@H](N[*])C(=O)c1nnc(Cc2cccc(C)c2)o1 |$;;;;;_R1;;;;;;;;;;;;;;;$|,Backbone
X2472,CN[C@H](C(=O)c1nccn1C)C(C)C,CC(C)[C@H](N[*])C(=O)c1nccn1C |$;;;;;_R1;;;;;;;;$|,Backbone
X2256,CCNOC(=O)[C@@H]1CCCN1C,CCNOC(=O)[C@@H]1CCCN1[*] |$;;;;;;;;;;;_R1$|,Backbone
X2276,CN[C@H](CCS(C)(=O)=O)C(=O)O,CS(=O)(=O)CC[C@@H](N[*])C(O)=O |$;;;;;;;;_R1;;;$|,Backbone
X465,CC(=O)[C@@H]1CC=CCN1C,"[*]N1CC=CC[C@H]1C([*])=O |$_R1;;;;;;;;_R2;$,c:3|",Backbone
X533,CN[C@H](Cc1ccc(B(O)O)cc1)C(=O)O,OB(O)c1ccc(C[C@@H](N[*])C(O)=O)cc1 |$;;;;;;;;;;_R1;;;;;$|,Backbone
dThr(Bzl),CN[C@@H](C(C)=O)[C@H](C)OCc1ccccc1,C[C@H](OCc1ccccc1)[C@@H](N[*])C([*])=O |$;;;;;;;;;;;;_R1;;_R2;$|,Backbone
X601,CN[C@H](Cc1cccc(C(F)(F)S(=O)(=O)O)c1)C(C)=O,OS(=O)(=O)C(F)(F)c1cccc(C[C@@H](N[*])C([*])=O)c1 |$;;;;;;;;;;;;;;;_R1;;_R2;;$|,Backbone
X602,CC(=O)[C@@H](NCc1cccc(O)c1)C(C)C,CC(C)[C@H](NCc1cccc(O)c1)C([*])=O |$;;;;;;;;;;;;;;_R2;$|,Backbone
Glu(OtBu),CN[C@@H](CCC(=O)OC(C)(C)C)C(C)=O,CC(C)(C)OC(=O)CC[C@H](N[*])C([*])=O |$;;;;;;;;;;;_R1;;_R2;$|,Backbone
X614,CC(=O)[C@H](CC#Cc1ccc(F)cc1F)NCP(=O)(O)O,OP(O)(=O)CN[C@@H](CC#Cc1ccc(F)cc1F)C([*])=O |$;;;;;;;;;;;;;;;;;;;_R2;$|,Backbone
Y_OMe,CN[C@@H](Cc1ccc(O)cc1)C(=O)OC,COC(=O)[C@H](Cc1ccc(O)cc1)N[*] |$;;;;;;;;;;;;;;_R1$|,Backbone
dGlu(OBzl),CC(=O)[C@H](N)CCC(=O)OCc1ccccc1,N[C@H](CCC(=O)OCc1ccccc1)C([*])=O |$;;;;;;;;;;;;;;;_R2;$|,Backbone
X763,CCC(CC)(NC)C(=O)OC,CCC(CC)(N[*])C(=O)OC |$;;;;;;_R1;;;;$|,Backbone
X548,CC(=O)[C@@H]1C[C@@H](OC(=O)Nc2cccc3ccccc23)CN1C,[*]N1C[C@@H](C[C@H]1C([*])=O)OC(=O)Nc1cccc2ccccc12 |$_R1;;;;;;;_R2;;;;;;;;;;;;;;;$|,Backbone
X667,CNCC(=O)ON,NOC(=O)CN[*] |$;;;;;;_R1$|,Backbone
X442,CCOC(=O)C1(NC)CCCC1,CCOC(=O)C1(CCCC1)N[*] |$;;;;;;;;;;;_R1$|,Backbone
X2861,CC(=O)[C@H](Cc1ccc(F)cc1)N(C(C)=O)C(=O)C=Cc1ccc(N)cc1,"CC(=O)N([C@@H](Cc1ccc(F)cc1)C([*])=O)C(=O)C=Cc1ccc(N)cc1 |w:18.18,$;;;;;;;;;;;;;;_R2;;;;;;;;;;;;$|",Backbone
X3008,CC(=O)Cn1nc(C(C)=O)c2cccnc21,CC(=O)c1nn(CC([*])=O)c2ncccc12 |$;;;;;;;;_R2;;;;;;;$|,Backbone
Phe(2-I),CN[C@@H](Cc1ccccc1I)C(C)=O,Ic1ccccc1C[C@H](N[*])C([*])=O |$;;;;;;;;;;_R1;;_R2;$|,Backbone
X3011,CN[C@H](Cc1ccccc1C(F)(F)F)C(C)=O,FC(F)(F)c1ccccc1C[C@@H](N[*])C([*])=O |$;;;;;;;;;;;;;_R1;;_R2;$|,Backbone
X3033,CN[C@@H](CCCCNC(=S)NCC(=O)O)C(C)=O,OC(=O)CNC(=S)NCCCC[C@H](N[*])C([*])=O |$;;;;;;;;;;;;;;_R1;;_R2;$|,Backbone
X266,CN[C@H](Cc1cccc(F)c1)C(C)=O,Fc1cccc(C[C@@H](N[*])C([*])=O)c1 |$;;;;;;;;;_R1;;_R2;;$|,Backbone
X3037,CC(=O)[C@@H](NC(=O)O)C(C)C,CC(C)[C@H](NC(O)=O)C([*])=O |$;;;;;;;;;_R2;$|,Backbone
X3025,CC(=O)[C@@H](OCCN1CCOCC1)N(C)C,CN([*])[C@H](OCCN1CCOCC1)C([*])=O |$;;_R1;;;;;;;;;;;;_R2;$|,Backbone
dPhe(3-OMe),CN[C@H](Cc1cccc(OC)c1)C(C)=O,COc1cccc(C[C@@H](N[*])C([*])=O)c1 |$;;;;;;;;;;_R1;;_R2;;$|,Backbone
X2868,CN[C@@H](CCSC)C(=O)C=CS(=O)(=O)c1ccccc1,"CSCC[C@H](N[*])C(=O)C=CS(=O)(=O)c1ccccc1 |w:9.8,$;;;;;;_R1;;;;;;;;;;;;;$|",Backbone
X2517,CC[C@H](C)[C@H](NC)C(=O)c1ccco1,CC[C@H](C)[C@H](N[*])C(=O)c1ccco1 |$;;;;;;_R1;;;;;;;$|,Backbone
X2478,CN[C@@H](Cn1cnc2c(N)ncnc21)C(C)=O,Nc1ncnc2n(C[C@H](N[*])C([*])=O)cnc12 |$;;;;;;;;;;_R1;;_R2;;;;$|,Backbone
X2486,CC(=O)[C@H](Cc1cccnc1)NC(=O)N[C@@H](C)c1ccc(F)cc1,C[C@H](NC(=O)N[C@@H](Cc1cccnc1)C([*])=O)c1ccc(F)cc1 |$;;;;;;;;;;;;;;;_R2;;;;;;;;$|,Backbone
X2542,CC(=O)c1cc(=O)[nH]c(=O)[nH]1,[*]C(=O)c1cc(=O)[nH]c(=O)[nH]1 |$_R2;;;;;;;;;;$|,Backbone
X887,CC(=O)[C@@H]1C[C@H](n2cc(-c3ccc(F)c(C)c3)nn2)CN1C,Cc1cc(ccc1F)-c1cn(nn1)[C@H]1C[C@H](N([*])C1)C([*])=O |$;;;;;;;;;;;;;;;;;_R1;;;_R2;$|,Backbone
EtCO_V,CCOC(=O)N[C@H](C(C)=O)C(C)C,CCOC(=O)N[C@@H](C(C)C)C([*])=O |$;;;;;;;;;;;_R2;$|,Backbone
X624,CN[C@@H](CCCCNCc1ccc(Cl)cc1)C(C)=O,Clc1ccc(CNCCCC[C@H](N[*])C([*])=O)cc1 |$;;;;;;;;;;;;;_R1;;_R2;;;$|,Backbone
X699,CN[C@@H](Cc1ccc(OC(C(=O)O)C(=O)O)cc1)C(C)=O,OC(=O)C(Oc1ccc(C[C@H](N[*])C([*])=O)cc1)C(O)=O |$;;;;;;;;;;;;_R1;;_R2;;;;;;$|,Backbone
X48,CC(=O)[C@@H](Cc1ccc(OS(=O)(=O)O)cc1)NC(=O)OC(C)(C)C,CC(C)(C)OC(=O)N[C@H](Cc1ccc(OS(O)(=O)=O)cc1)C([*])=O |$;;;;;;;;;;;;;;;;;;;;;;_R2;$|,Backbone
Cha,CN[C@@H](CC1CCCCC1)C(C)=O,[*]N[C@@H](CC1CCCCC1)C([*])=O |$_R1;;;;;;;;;;;_R2;$|,Backbone
X73,C#CC[C@H](NC)C(C)=O,[*]N[C@@H](CC#C)C([*])=O |$_R1;;;;;;;_R2;$|,Backbone
X68,CN[C@@H](CCC(C)C)C(C)=O,CC(C)CC[C@H](N[*])C([*])=O |$;;;;;;;_R1;;_R2;$|,Backbone
X2237,CN[C@@H](CCCCNC(=O)Nc1cccc(C)c1)C(C)=O,Cc1cccc(NC(=O)NCCCC[C@H](N[*])C([*])=O)c1 |$;;;;;;;;;;;;;;;;_R1;;_R2;;$|,Backbone
Phe(4-NH2),CN[C@@H](Cc1ccc(N)cc1)C(C)=O,Nc1ccc(C[C@H](N[*])C([*])=O)cc1 |$;;;;;;;;_R1;;_R2;;;$|,Backbone
Phe(4-Cl),CN[C@@H](Cc1ccc(Cl)cc1)C(C)=O,Clc1ccc(C[C@H](N[*])C([*])=O)cc1 |$;;;;;;;;_R1;;_R2;;;$|,Backbone
P,CC(=O)[C@@H]1CCCN1C,[*]N1CCC[C@H]1C([*])=O |$_R1;;;;;;;_R2;$|,Backbone
X808,CN[C@@H](CCCNC(=N)N)C(=O)Cc1ccccc1,NC(=N)NCCC[C@H](N[*])C(=O)Cc1ccccc1 |$;;;;;;;;;_R1;;;;;;;;;$|,Backbone
X949,CN[C@@H](Cc1cc(I)c(N)c(I)c1)C(C)=O,Nc1c(I)cc(C[C@H](N[*])C([*])=O)cc1I |$;;;;;;;;;_R1;;_R2;;;;$|,Backbone
X745,CN[C@]1(C(C)=O)CCCC[C@H]1O,O[C@@H]1CCCC[C@]1(N[*])C([*])=O |$;;;;;;;;_R1;;_R2;$|,Backbone
X950,CC(=O)[C@H](CCC(=O)O)NCC1CCCCC1,OC(=O)CC[C@H](NCC1CCCCC1)C([*])=O |$;;;;;;;;;;;;;;;_R2;$|,Backbone
X816,CC(=O)[C@H](CCCCBr)[N-][N+]#N,BrCCCC[C@H]([N-][N+]#N)C([*])=O |$;;;;;;;;;;_R2;$|,Backbone
X976,CN[C@@H](Sc1ccccc1)C(C)=O,[*]N[C@@H](Sc1ccccc1)C([*])=O |$_R1;;;;;;;;;;;_R2;$|,Backbone
X1085,CC(=O)[C@H]1N[C@H](C[N-][N+]#N)C[C@@H]1C[N-][N+]#N,[*]C(=O)[C@H]1N[C@H](C[N-][N+]#N)C[C@@H]1C[N-][N+]#N |$_R2;;;;;;;;;;;;;;;$|,Backbone
X978,CC(=O)CNC[C@@H](N)CC(C)C,CC(C)C[C@H](N)CNCC([*])=O |$;;;;;;;;;;_R2;$|,Backbone
X1057,CC(=O)[C@@H]1C[C@@H](NC(=N)N)CN1C,NC(=N)N[C@@H]1C[C@H](N([*])C1)C([*])=O |$;;;;;;;;_R1;;;_R2;$|,Backbone
Boc_Glu(OtBu),CC(=O)[C@H](CCC(=O)OC(C)(C)C)NC(=O)OC(C)(C)C,CC(C)(C)OC(=O)CC[C@H](NC(=O)OC(C)(C)C)C([*])=O |$;;;;;;;;;;;;;;;;;;;_R2;$|,Backbone
am_F,CC(=O)[C@H](Cc1ccccc1)N(C)N,NN([*])[C@@H](Cc1ccccc1)C([*])=O |$;;_R1;;;;;;;;;;_R2;$|,Backbone
X1180,CN[C@@H](Cc1ccc(O)c(Cl)c1)C(C)=O,Oc1ccc(C[C@H](N[*])C([*])=O)cc1Cl |$;;;;;;;;_R1;;_R2;;;;$|,Backbone
X1090,C=CCN1C(=O)C[C@@H](C(C)=O)NC1=O,[*]C(=O)[C@@H]1CC(=O)N(CC=C)C(=O)N1 |$_R2;;;;;;;;;;;;;$|,Backbone
X1222,CC(=O)[C@H](CCC(=O)O)NCCc1ccc(F)c(F)c1,OC(=O)CC[C@H](NCCc1ccc(F)c(F)c1)C([*])=O |$;;;;;;;;;;;;;;;;;;_R2;$|,Backbone
X1037,CC(=O)[C@@H]1CC(=O)N(C(C)C)C(=O)N1,CC(C)N1C(=O)C[C@H](NC1=O)C([*])=O |$;;;;;;;;;;;;_R2;$|,Backbone
X1038,CC(=O)[C@@H]1C[C@H](n2cc(-c3ccccc3N)nn2)CN1C,Nc1ccccc1-c1cn(nn1)[C@H]1C[C@H](N([*])C1)C([*])=O |$;;;;;;;;;;;;;;;;_R1;;;_R2;$|,Backbone
X1172,CCC(CC)NCCCC[C@H](NC)C(C)=O,CCC(CC)NCCCC[C@H](N[*])C([*])=O |$;;;;;;;;;;;;_R1;;_R2;$|,Backbone
X1162,CN[C@H](CC(F)F)C(=O)O,OC(=O)[C@@H](CC(F)F)N[*] |$;;;;;;;;;_R1$|,Backbone
Glu(OBzl),CN[C@@H](CCC(=O)OCc1ccccc1)C(C)=O,[*]N[C@@H](CCC(=O)OCc1ccccc1)C([*])=O |$_R1;;;;;;;;;;;;;;;;_R2;$|,Backbone
X790,CC(=O)[C@@H](N)Cc1c(C(C)C)cc(O)cc1C(C)C,CC(C)c1cc(O)cc(C(C)C)c1C[C@H](N)C([*])=O |$;;;;;;;;;;;;;;;;;_R2;$|,Backbone
X802,CSCC[C@H](NC(=O)NC(C)C)C(C)=O,CSCC[C@H](NC(=O)NC(C)C)C([*])=O |$;;;;;;;;;;;;;_R2;$|,Backbone
X930,CN[C@H](C(C)=O)[C@H]1CCc2ccccc21,[*]N[C@@H]([C@H]1CCc2ccccc12)C([*])=O |$_R1;;;;;;;;;;;;;_R2;$|,Backbone
X805,CN[C@@H](Cc1cn(C)cn1)C(C)=O,Cn1cnc(C[C@H](N[*])C([*])=O)c1 |$;;;;;;;;_R1;;_R2;;$|,Backbone
X1763,CC(=O)[C@H](CSCCN1CCOCC1)N(C)C,CN([*])[C@@H](CSCCN1CCOCC1)C([*])=O |$;;_R1;;;;;;;;;;;;;_R2;$|,Backbone
X1764,CN[C@H](C(C)=O)[C@@H](C)OC(C)=O,C[C@@H](OC(C)=O)[C@H](N[*])C([*])=O |$;;;;;;;;_R1;;_R2;$|,Backbone
X487,CN[C@@H](Cc1ccco1)C(C)=O,[*]N[C@@H](Cc1ccco1)C([*])=O |$_R1;;;;;;;;;;_R2;$|,Backbone
X2028,CN[C@H](Cc1ccc(OC)c(OC)c1)C(C)=O,COc1ccc(C[C@@H](N[*])C([*])=O)cc1OC |$;;;;;;;;;_R1;;_R2;;;;;$|,Backbone
X1977,CN[C@@H](CC1CCCC1)C(C)=O,[*]N[C@@H](CC1CCCC1)C([*])=O |$_R1;;;;;;;;;;_R2;$|,Backbone
X2004,CSC[C@](N)(CO)C(C)=O,N[C@](CO)(CS[*])C([*])=O |$;;;;;;_R3;;_R2;$|,Backbone
X2011,CC(=O)[C@H](C)NC(=O)Nc1ccc(Cl)cc1,C[C@H](NC(=O)Nc1ccc(Cl)cc1)C([*])=O |$;;;;;;;;;;;;;;_R2;$|,Backbone
X1958,CSC[C@@H](NCC1CCCCC1)C(C)=O,[*]C(=O)[C@@H](CS[*])NCC1CCCCC1 |$_R2;;;;;;_R3;;;;;;;;$|,Backbone
X1956,CN[C@H](SC)C(C)=O,[*]N[C@H](S[*])C([*])=O |$_R1;;;;_R3;;_R2;$|,Backbone
X2077,CN[C@@H](CCCN=C(C)C)C(C)=O,CC(C)=NCCC[C@H](N[*])C([*])=O |$;;;;;;;;;_R1;;_R2;$|,Backbone
X1947,CN[C@@H](Cc1ccc(CNC(C)C)cc1)C(C)=O,CC(C)NCc1ccc(C[C@H](N[*])C([*])=O)cc1 |$;;;;;;;;;;;;_R1;;_R2;;;$|,Backbone
X1988,CN[C@H](Cc1c[nH]c2ccc(F)cc12)C(C)=O,Fc1ccc2[nH]cc(C[C@@H](N[*])C([*])=O)c2c1 |$;;;;;;;;;;;_R1;;_R2;;;$|,Backbone
X947,CC(=O)[C@H]1c2ccccc2CCN1C,[*]N1CCc2ccccc2[C@@H]1C([*])=O |$_R1;;;;;;;;;;;;_R2;$|,Backbone
X1761,COCCCC=C(C)[C@@H](O)[C@@H](C(C)=O)N(C)C,"COCCCC=C(C)[C@@H](O)[C@H](N(C)[*])C([*])=O |w:5.4,$;;;;;;;;;;;;;_R1;;_R2;$|",Backbone
X1789,CN[C@@H](Cc1ccc([N+](C)(C)C)cc1)C(C)=O,C[N+](C)(C)c1ccc(C[C@H](N[*])C([*])=O)cc1 |$;;;;;;;;;;;_R1;;_R2;;;$|,Backbone
X1866,CN[C@@H](CC(=O)Cc1ccccc1)C(C)=O,[*]N[C@@H](CC(=O)Cc1ccccc1)C([*])=O |$_R1;;;;;;;;;;;;;;_R2;$|,Backbone
X1873,CC#CC[C@@H](C)[C@@H](O)[C@@H](C(C)=O)N(C)C,CC#CC[C@@H](C)[C@@H](O)[C@H](N(C)[*])C([*])=O |$;;;;;;;;;;;_R1;;_R2;$|,Backbone
X1805,CN[C@H](Cc1ccc(OP(=O)(O)O)cc1)C(C)=O,OP(O)(=O)Oc1ccc(C[C@@H](N[*])C([*])=O)cc1 |$;;;;;;;;;;;;_R1;;_R2;;;$|,Backbone
X518,CSCCN(C)CC(C)=O,[*]N(CCS[*])CC([*])=O |$_R1;;;;;_R3;;;_R2;$|,Backbone
X1681,CC(=O)[C@H]1C[C@H](C)CN1C,C[C@H]1C[C@@H](N([*])C1)C([*])=O |$;;;;;_R1;;;_R2;$|,Backbone
X1783,CN[C@H](COCCNS(=O)(=O)c1cccc2c(N(C)C)cccc12)C(C)=O,CN(C)c1cccc2c(cccc12)S(=O)(=O)NCCOC[C@@H](N[*])C([*])=O |$;;;;;;;;;;;;;;;;;;;;;;;_R1;;_R2;$|,Backbone
X1786,CN[C@H](Cc1ccc(COP(=O)(O)O)cc1)C(C)=O,OP(O)(=O)OCc1ccc(C[C@@H](N[*])C([*])=O)cc1 |$;;;;;;;;;;;;;_R1;;_R2;;;$|,Backbone
X30,CN[C@H](CCCCNC(=NC(C)C)NC#N)C(C)=O,"CC(C)N=C(NCCCC[C@@H](N[*])C([*])=O)NC#N |w:3.2,$;;;;;;;;;;;;_R1;;_R2;;;;$|",Backbone
d2-Pal,CN[C@H](Cc1ccccn1)C(C)=O,[*]N[C@H](Cc1ccccn1)C([*])=O |$_R1;;;;;;;;;;;_R2;$|,Backbone
X141,CC(=O)[C@@H]1Cc2c[nH]c3cccc(c23)CC(=O)N1,[*]C(=O)[C@@H]1Cc2c[nH]c3cccc(CC(=O)N1)c23 |$_R2;;;;;;;;;;;;;;;;;$|,Backbone
X134,CN[C@@H](COP(=O)(O)O)C(C)=O,OP(O)(=O)OC[C@H](N[*])C([*])=O |$;;;;;;;;_R1;;_R2;$|,Backbone
X224,C=CCCCC[C@@H](NC)C(C)=O,[*]N[C@H](CCCCC=C)C([*])=O |$_R1;;;;;;;;;;_R2;$|,Backbone
Boc_dL,CC(=O)[C@@H](CC(C)C)NC(=O)OC(C)(C)C,CC(C)C[C@@H](NC(=O)OC(C)(C)C)C([*])=O |$;;;;;;;;;;;;;;_R2;$|,Backbone
X156,CN[C@@H](Cc1ccc(-c2nnc(N)[nH]2)cc1)C(C)=O,Nc1nnc([nH]1)-c1ccc(C[C@H](N[*])C([*])=O)cc1 |$;;;;;;;;;;;;;_R1;;_R2;;;$|,Backbone
X225,CC(=O)[C@H](CCC(=O)O)NCCc1ccc(Cl)c(Cl)c1,OC(=O)CC[C@H](NCCc1ccc(Cl)c(Cl)c1)C([*])=O |$;;;;;;;;;;;;;;;;;;_R2;$|,Backbone
Thi,CN[C@@H](Cc1cccs1)C(C)=O,[*]N[C@@H](Cc1cccs1)C([*])=O |$_R1;;;;;;;;;;_R2;$|,Backbone
X352,CCc1ccccc1-c1ccc(C[C@H](NC)C(C)=O)cc1,CCc1ccccc1-c1ccc(C[C@H](N[*])C([*])=O)cc1 |$;;;;;;;;;;;;;;;_R1;;_R2;;;$|,Backbone
X23,CN[C@@H](Cc1cnc(C2CCCCC2)[nH]1)C(C)=O,[*]N[C@@H](Cc1cnc([nH]1)C1CCCCC1)C([*])=O |$_R1;;;;;;;;;;;;;;;;_R2;$|,Backbone
Hpr,CC(=O)[C@H]1CCCCN1C,[*]N1CCCC[C@@H]1C([*])=O |$_R1;;;;;;;;_R2;$|,Backbone
X2379,CN[C@@H](CCCC[C@H](N)C(C)=O)C(=O)O,N[C@@H](CCCC[C@H](N[*])C(O)=O)C([*])=O |$;;;;;;;;_R1;;;;;_R2;$|,Backbone
X2471,CN1C[C@@H](Cc2ccccc2)NC(=O)[C@H]1CC(=O)O,OC(=O)C[C@H]1N([*])C[C@@H](Cc2ccccc2)NC1=O |$;;;;;;_R1;;;;;;;;;;;;$|,Backbone
X2638,CC(=O)[C@@H](NCc1cc(Cl)ccc1O)C(C)C,CC(C)[C@H](NCc1cc(Cl)ccc1O)C([*])=O |$;;;;;;;;;;;;;;;_R2;$|,Backbone
X2813,CN[C@@H](CCCCNC(=O)N(CCCl)N=O)C(C)=O,ClCCN(N=O)C(=O)NCCCC[C@H](N[*])C([*])=O |$;;;;;;;;;;;;;;;_R1;;_R2;$|,Backbone
X2669,CN[C@@H](CCc1ccnc(N)n1)C(C)=O,Nc1nccc(CC[C@H](N[*])C([*])=O)n1 |$;;;;;;;;;;_R1;;_R2;;$|,Backbone
X2803,COc1cc2c(c(OC)c1OC)-c1ccc(OC)c(=O)cc1[C@@H](N[C@H](C(C)=O)C(C)C)CC2,COc1cc2CC[C@H](N[C@@H](C(C)C)C([*])=O)c3cc(=O)c(OC)ccc3-c2c(OC)c1OC |$;;;;;;;;;;;;;;_R2;;;;;;;;;;;;;;;;;;$|,Backbone
X2178,CC(=O)[C@@H](N)Cc1ccc(-c2ccc(C[C@H](N)C(=O)O)cc2)cc1,N[C@@H](Cc1ccc(cc1)-c1ccc(C[C@H](N)C([*])=O)cc1)C(O)=O |$;;;;;;;;;;;;;;;;;_R2;;;;;;$|,Backbone
X2711,CC(=O)[C@H](Cc1cnc[nH]1)NC(=O)OCc1ccc([N+](=O)[O-])cc1,[*]C(=O)[C@H](Cc1cnc[nH]1)NC(=O)OCc1ccc(cc1)N(=O)=O |$_R2;;;;;;;;;;;;;;;;;;;;;;;$|,Backbone
X2884,CN[C@H](CCN=C(N(C)C)N(C)C)C(C)=O,CN(C)C(=NCC[C@@H](N[*])C([*])=O)N(C)C |$;;;;;;;;;_R1;;_R2;;;;$|,Backbone
X2834,CN[C@@H](Cc1cnc(-c2ccc(OC)cc2)[nH]1)C(C)=O,COc1ccc(cc1)-c1ncc(C[C@H](N[*])C([*])=O)[nH]1 |$;;;;;;;;;;;;;;;_R1;;_R2;;$|,Backbone
X2821,CC(=O)[C@H](CCN1CCCCC1)N(C)C,CN([*])[C@@H](CCN1CCCCC1)C([*])=O |$;;_R1;;;;;;;;;;;_R2;$|,Backbone
Dab,CNCC[C@H](NC)C(C)=O,[*]N[C@@H](CCN[*])C([*])=O |$_R1;;;;;;_R3;;_R2;$|,Backbone
X2849,CN[C@@H](CC1=CCC=CC1)C(C)=O,"[*]N[C@@H](CC1=CCC=CC1)C([*])=O |$_R1;;;;;;;;;;;_R2;$,c:7,t:4|",Backbone
X2906,CC(=O)[C@H](COS(=O)(=O)O)NC(=O)OC(C)(C)C,CC(C)(C)OC(=O)N[C@@H](COS(O)(=O)=O)C([*])=O |$;;;;;;;;;;;;;;;;_R2;$|,Backbone
X2430,CN[C@@H](Cc1ccc(-c2ccc(-c3ccccc3)cc2)cc1)C(C)=O,[*]N[C@@H](Cc1ccc(cc1)-c1ccc(cc1)-c1ccccc1)C([*])=O |$_R1;;;;;;;;;;;;;;;;;;;;;;;_R2;$|,Backbone
X2903,CC(=O)[C@H](Cc1ccc(F)cc1)N(C(C)=O)C(=O)CSc1ccccc1,CC(=O)N([C@@H](Cc1ccc(F)cc1)C([*])=O)C(=O)CSc1ccccc1 |$;;;;;;;;;;;;;;_R2;;;;;;;;;;;$|,Backbone
X2756,CC(=O)[C@@H](CC1CCCCC1)NS(=O)(=O)Cc1ccccc1,[*]C(=O)[C@@H](CC1CCCCC1)NS(=O)(=O)Cc1ccccc1 |$_R2;;;;;;;;;;;;;;;;;;;;;$|,Backbone
X2723,CC(=O)[C@@H](Nc1ccc(O)c2c1C(=O)c1ccccc1C2=O)[C@@H](C)O,C[C@@H](O)[C@H](Nc1ccc(O)c2C(=O)c3ccccc3C(=O)c12)C([*])=O |$;;;;;;;;;;;;;;;;;;;;;;;_R2;$|,Backbone
X2779,CCOC(=O)C(=O)C(=O)[C@H](CC(C)C)NC,CCOC(=O)C(=O)C(=O)[C@H](CC(C)C)N[*] |$;;;;;;;;;;;;;;;_R1$|,Backbone
X2043,CC(=O)[C@@H](Cc1ccc(Cl)cc1)NC(N)=O,NC(=O)N[C@H](Cc1ccc(Cl)cc1)C([*])=O |$;;;;;;;;;;;;;;_R2;$|,Backbone
X1999,CNc1ccc(C[C@H](NC)C(C)=O)cc1,CNc1ccc(C[C@H](N[*])C([*])=O)cc1 |$;;;;;;;;;_R1;;_R2;;;$|,Backbone
X2089,CC(=O)[C@@H]1C[C@@H](OC(=O)N2CCc3ccccc32)CN1C,[*]N1C[C@@H](C[C@H]1C([*])=O)OC(=O)N1CCc2ccccc12 |$_R1;;;;;;;_R2;;;;;;;;;;;;;$|,Backbone
X2128,COc1cccc(C(=O)CN2CCCC[C@H]2C(C)=O)c1,COc1cccc(c1)C(=O)CN1CCCC[C@H]1C([*])=O |$;;;;;;;;;;;;;;;;;;_R2;$|,Backbone
Me_meT,CC(=O)[C@H]([C@@H](C)O)N(C)C,C[C@@H](O)[C@H](N(C)C)C([*])=O |$;;;;;;;;_R2;$|,Backbone
X2207,CN[C@@H](CCC(=O)O)C(=O)C(F)(F)F,OC(=O)CC[C@H](N[*])C(=O)C(F)(F)F |$;;;;;;;_R1;;;;;;$|,Backbone
X2214,CN[C@@H](O)C(C)=O,O[C@H](N[*])C([*])=O |$;;;_R1;;_R2;$|,Backbone
X2194,CC(=O)[C@@H](Cc1ccc(O)cc1)NC(=O)OCc1ccccc1,Oc1ccc(C[C@@H](NC(=O)OCc2ccccc2)C([*])=O)cc1 |$;;;;;;;;;;;;;;;;;;;_R2;;;$|,Backbone
X2172,COc1ccc(C[C@H](N[C@@H](Cc2ccccc2)C(C)=O)C(=O)CC2(SC)CCC(C)CC2)cc1,COc1ccc(C[C@H](N[C@@H](Cc2ccccc2)C([*])=O)C(=O)CC2(CCC(C)CC2)S[*])cc1 |$;;;;;;;;;;;;;;;;;;_R2;;;;;;;;;;;;;_R3;;$|,Backbone
X2142,CC(=O)[C@H](CO)N[C@@H](Cc1cnc[nH]1)C(=O)O,OC[C@H](N[C@@H](Cc1cnc[nH]1)C(O)=O)C([*])=O |$;;;;;;;;;;;;;;;_R2;$|,Backbone
X2213,CC(=O)[C@H](CCCCN)N1Cc2[nH]c3ccccc3c2C[C@H]1C(=O)O,NCCCC[C@H](N1Cc2[nH]c3ccccc3c2C[C@H]1C(O)=O)C([*])=O |$;;;;;;;;;;;;;;;;;;;;;;;_R2;$|,Backbone
X2143,CN1CCC[C@H]1C(=O)c1nc2ccccc2s1,[*]N1CCC[C@H]1C(=O)c1nc2ccccc2s1 |$_R1;;;;;;;;;;;;;;;;$|,Backbone
X2122,CC(=O)[C@@H](NC(=O)OC1CCCC1)C(C)(C)C,CC(C)(C)[C@H](NC(=O)OC1CCCC1)C([*])=O |$;;;;;;;;;;;;;;;_R2;$|,Backbone
Me_Tic,CC(=O)[C@@H]1Cc2ccccc2CN1C,CN1Cc2ccccc2C[C@H]1C([*])=O |$;;;;;;;;;;;;_R2;$|,Backbone
V_OBzl,CN[C@H](C(=O)OCc1ccccc1)C(C)C,CC(C)[C@H](N[*])C(=O)OCc1ccccc1 |$;;;;;_R1;;;;;;;;;;$|,Backbone
X1365,CN[C@H](C(=O)c1nnc(C(C)(C)C)o1)C(C)C,CC(C)[C@H](N[*])C(=O)c1nnc(o1)C(C)(C)C |$;;;;;_R1;;;;;;;;;;;$|,Backbone
X1299,CN[C@H](C(=O)OC)C(c1ccccc1)c1ccccc1,COC(=O)[C@@H](N[*])C(c1ccccc1)c1ccccc1 |$;;;;;;_R1;;;;;;;;;;;;;$|,Backbone
X1300,CN[C@@H](CCCNC(=N)N(C)C)C(C)=O,CN(C)C(=N)NCCC[C@H](N[*])C([*])=O |$;;;;;;;;;;;_R1;;_R2;$|,Backbone
X1443,CC(=O)[C@@H](NC(=O)OC(C)(C)C)C1CCCC1,CC(C)(C)OC(=O)N[C@@H](C1CCCC1)C([*])=O |$;;;;;;;;;;;;;;;_R2;$|,Backbone
X1409,CN[C@@H](CC[C@H]1C[C@@H]1N(C)C)C(C)=O,CN(C)[C@H]1C[C@@H]1CC[C@H](N[*])C([*])=O |$;;;;;;;;;;_R1;;_R2;$|,Backbone
X1326,CN[C@H](Cc1ccc2ccccc2c1Br)C(C)=O,Brc1c(C[C@@H](N[*])C([*])=O)ccc2ccccc12 |$;;;;;;_R1;;_R2;;;;;;;;;$|,Backbone
X1381,CN[C@@H](Cc1c(C)cccc1C(C)C)C(C)=O,CC(C)c1cccc(C)c1C[C@H](N[*])C([*])=O |$;;;;;;;;;;;;;_R1;;_R2;$|,Backbone
X1476,CN[C@@H](Cc1ccc(C)cc1C)C(C)=O,Cc1ccc(C[C@H](N[*])C([*])=O)c(C)c1 |$;;;;;;;;_R1;;_R2;;;;$|,Backbone
X1234,CN[C@H](C(C)=O)[C@@H](O)C(C)(C)O,CC(C)(O)[C@H](O)[C@H](N[*])C([*])=O |$;;;;;;;;_R1;;_R2;$|,Backbone
X1004,CN[C@@H](CCC(=O)OC)C(C)=O,COC(=O)CC[C@H](N[*])C([*])=O |$;;;;;;;;_R1;;_R2;$|,Backbone
X999,CN[C@@H](CCS(=O)(=O)O)C(C)=O,OS(=O)(=O)CC[C@H](N[*])C([*])=O |$;;;;;;;;_R1;;_R2;$|,Backbone
Boc_K,CC(=O)[C@H](CCCCN)NC(=O)OC(C)(C)C,CC(C)(C)OC(=O)N[C@@H](CCCCN)C([*])=O |$;;;;;;;;;;;;;;;_R2;$|,Backbone
X230,CN[C@H](C=O)C(C)C,CC(C)[C@H](N[*])C=O |$;;;;;_R1;;$|,Backbone
Boc_F,CC(=O)[C@H](Cc1ccccc1)N(C)C(=O)OC(C)(C)C,CC(C)(C)OC(=O)N([*])[C@@H](Cc1ccccc1)C([*])=O |$;;;;;;;;_R1;;;;;;;;;;_R2;$|,Backbone
X178,CC[C@H](C)[C@H](NC[C@@H](N)CS)C(C)=O,CC[C@H](C)[C@H](NC[C@@H](N)CS)C([*])=O |$;;;;;;;;;;;;_R2;$|,Backbone
X317,CN[C@@H](CCCNC(=N)N)C(=O)c1nccn1C,Cn1ccnc1C(=O)[C@H](CCCNC(N)=N)N[*] |$;;;;;;;;;;;;;;;;;_R1$|,Backbone
X320,CNC1(C(C)=O)CCNCC1,[*]NC1(CCNCC1)C([*])=O |$_R1;;;;;;;;;_R2;$|,Backbone
X326,CC[C@H](C)[C@H](NC[C@@H](N)Cc1ccc(O)cc1)C(C)=O,CC[C@H](C)[C@H](NC[C@@H](N)Cc1ccc(O)cc1)C([*])=O |$;;;;;;;;;;;;;;;;;;_R2;$|,Backbone
X262,CC(=O)CN(C)CCCNC(=N)N,NC(=N)NCCCN([*])CC([*])=O |$;;;;;;;;_R1;;;_R2;$|,Backbone
D_Me,CN[C@@H](CC(=O)O)C(C)=O,CC(=O)[C@H](CC(O)=O)N[*] |$;;;;;;;;;_R1$|,Backbone
X698,CN[C@@H](C)C(=O)C(=O)OC,COC(=O)C(=O)[C@H](C)N[*] |$;;;;;;;;;_R1$|,Backbone
X507,CN[C@@H](Cc1cc2ccccc2[nH]1)C(C)=O,[*]N[C@@H](Cc1cc2ccccc2[nH]1)C([*])=O |$_R1;;;;;;;;;;;;;;_R2;$|,Backbone
X504,CN[C@@H](CCCCNC1=NCCCN1)C(C)=O,"[*]N[C@@H](CCCCNC1=NCCCN1)C([*])=O |$_R1;;;;;;;;;;;;;;;_R2;$,t:8|",Backbone
X329,CCOC(=O)[C@@H](CCc1ccccc1)NC,CCOC(=O)[C@@H](CCc1ccccc1)N[*] |$;;;;;;;;;;;;;;;_R1$|,Backbone
X270,CC(=O)[C@@H]1CC(=O)N(C)C(=O)N1C,CN1[C@@H](CC(=O)N(C)C1=O)C([*])=O |$;;;;;;;;;;;_R2;$|,Backbone
X570,CN[C@H](Cc1ccc(Nc2nnc(N)[nH]2)cc1)C(C)=O,Nc1nnc(Nc2ccc(C[C@@H](N[*])C([*])=O)cc2)[nH]1 |$;;;;;;;;;;;;;_R1;;_R2;;;;$|,Backbone
X344,C=CCn1cnc(C[C@H](NC)C(C)=O)c1,[*]N[C@@H](Cc1cn(CC=C)cn1)C([*])=O |$_R1;;;;;;;;;;;;;_R2;$|,Backbone
X206,CC(=O)Cn1ccc2ccccc2c1=O,[*]C(=O)Cn1ccc2ccccc2c1=O |$_R2;;;;;;;;;;;;;;$|,Backbone
dP_OMe,COC(=O)[C@H]1CCCN1C,COC(=O)[C@H]1CCCN1[*] |$;;;;;;;;;_R1$|,Backbone
X170,CN[C@@H](CCCCNOC(=O)C(C)(C)C)C(C)=O,CC(C)(C)C(=O)ONCCCC[C@H](N[*])C([*])=O |$;;;;;;;;;;;;;;_R1;;_R2;$|,Backbone
X235,CN[C@H](C(C)=O)[C@@H](C)OC,CO[C@H](C)[C@H](N[*])C([*])=O |$;;;;;;_R1;;_R2;$|,Backbone
X307,CCCCNC(=O)N[C@@H](CCSC)C(C)=O,CCCCNC(=O)N[C@@H](CCSC)C([*])=O |$;;;;;;;;;;;;;;_R2;$|,Backbone
X1532,CN[C@H](Cc1c(C)cc(O)cc1C)C(C)=O,CN[C@H](Cc1c(C)cc(O)cc1C)C([*])=O |$;;;;;;;;;;;;;;_R2;$|,Backbone
X1533,CC(=O)[C@@H](Cc1c(C)cc(O)cc1C)N(C)C,CN(C)[C@H](Cc1c(C)cc(O)cc1C)C([*])=O |$;;;;;;;;;;;;;;;_R2;$|,Backbone
X1540,CN[C@@H](CCC#N)C(C)=O,[*]N[C@@H](CCC#N)C([*])=O |$_R1;;;;;;;;_R2;$|,Backbone
X389,CC(=O)[C@H](CO)NC(=O)NC1CCCCC1,OC[C@H](NC(=O)NC1CCCCC1)C([*])=O |$;;;;;;;;;;;;;;_R2;$|,Backbone
X1776,CC(=O)[C@@H]1C[C@@H](OC(=O)NCCN)CN1C,NCCNC(=O)O[C@@H]1C[C@H](N([*])C1)C([*])=O |$;;;;;;;;;;;_R1;;;_R2;$|,Backbone
X921,CC(=O)CNCCNS(=O)(=O)c1cccc2cnccc12,[*]C(=O)CNCCNS(=O)(=O)c1cccc2cnccc12 |$_R2;;;;;;;;;;;;;;;;;;;;$|,Backbone
X1845,CN[C@@H](Cc1c(-c2cc(OC)cc(OC)c2)[nH]c2ccccc12)C(C)=O,COc1cc(OC)cc(c1)-c1[nH]c2ccccc2c1C[C@H](N[*])C([*])=O |$;;;;;;;;;;;;;;;;;;;;;;_R1;;_R2;$|,Backbone
X1285,CC(=O)[C@H](CO)NCCCCCC[N-][N+]#N,OC[C@H](NCCCCCC[N-][N+]#N)C([*])=O |$;;;;;;;;;;;;;;_R2;$|,Backbone
X983,CC(=O)[C@H](Cc1ccc(OP(=O)(O)O)cc1)NC(=O)OCc1ccccc1,OP(O)(=O)Oc1ccc(C[C@H](NC(=O)OCc2ccccc2)C([*])=O)cc1 |$;;;;;;;;;;;;;;;;;;;;;;;_R2;;;$|,Backbone
X196,CN[C@H](Cc1ccc(NC(=N)N)cc1)C(C)=O,NC(=N)Nc1ccc(C[C@@H](N[*])C([*])=O)cc1 |$;;;;;;;;;;;_R1;;_R2;;;$|,Backbone
X1840,CC(=O)[C@@H]1CNCCN1C,[*]N1CCNC[C@H]1C([*])=O |$_R1;;;;;;;;_R2;$|,Backbone
X412,CC(=O)[C@H](N)[C@@H](O)c1ccc([N+](=O)[O-])cc1,N[C@H]([C@@H](O)c1ccc(cc1)N(=O)=O)C([*])=O |$;;;;;;;;;;;;;;_R2;$|,Backbone
P_MeO,CN1CCC[C@H]1C(=O)CO,OCC(=O)[C@@H]1CCCN1[*] |$;;;;;;;;;_R1$|,Backbone
R_OBzl,CN[C@@H](CCCNC(=N)N)C(=O)OCc1ccccc1,NC(=N)NCCC[C@H](N[*])C(=O)OCc1ccccc1 |$;;;;;;;;;_R1;;;;;;;;;;$|,Backbone
X2557,CC(=O)Cn1nc(-c2ccccc2)c2ccccc2c1=O,[*]C(=O)Cn1nc(-c2ccccc2)c2ccccc2c1=O |$_R2;;;;;;;;;;;;;;;;;;;;$|,Backbone
X2610,CN[C@H](C(=O)c1nc2cc(C(=O)ON)ccc2o1)C(C)C,CC(C)[C@H](N[*])C(=O)c1nc2cc(ccc2o1)C(=O)ON |$;;;;;_R1;;;;;;;;;;;;;;;$|,Backbone
X2660,CN[C@@H](Cc1ccc(O)c(CCC(=O)O)c1)C(C)=O,OC(=O)CCc1cc(C[C@H](N[*])C([*])=O)ccc1O |$;;;;;;;;;;;_R1;;_R2;;;;;$|,Backbone
X2605,CN[C@H](C(=O)c1ccccc1)N(C)C(=O)N[C@@H](Cc1c[nH]c2ccccc12)C(C)=O,CN([C@H](N[*])C(=O)c1ccccc1)C(=O)N[C@@H](Cc1c[nH]c2ccccc12)C([*])=O |$;;;;_R1;;;;;;;;;;;;;;;;;;;;;;;;_R2;$|,Backbone
X2620,CC(=O)[C@H](CO)NS(=O)(=O)c1cccc2ccccc12,OC[C@H](NS(=O)(=O)c1cccc2ccccc12)C([*])=O |$;;;;;;;;;;;;;;;;;;_R2;$|,Backbone
X2666,CN[C@@H](Cc1ccccc1)C(=O)O[C@H](C)c1ccccc1,C[C@@H](OC(=O)[C@H](Cc1ccccc1)N[*])c1ccccc1 |$;;;;;;;;;;;;;;_R1;;;;;;$|,Backbone
X2699,CN[C@@H](CC(F)F)C(=O)c1nc2ccccc2s1,FC(F)C[C@H](N[*])C(=O)c1nc2ccccc2s1 |$;;;;;;_R1;;;;;;;;;;;$|,Backbone
X2633,CCOC(=O)c1csc(C(=O)[C@H](CCCNC(=N)N)NC)n1,CCOC(=O)c1csc(n1)C(=O)[C@H](CCCNC(N)=N)N[*] |$;;;;;;;;;;;;;;;;;;;;;_R1$|,Backbone
X2536,CC(=O)[C@H](CCN)NC(=O)OCC1c2ccccc2-c2ccccc21,NCC[C@H](NC(=O)OCC1c2ccccc2-c2ccccc12)C([*])=O |$;;;;;;;;;;;;;;;;;;;;;;;_R2;$|,Backbone
X2309,CSC1(CC(=O)[C@H](Cc2ccc(O)cc2)N[C@@H](Cc2ccccc2)C(C)=O)CCC(C(C)(C)C)CC1,CC(C)(C)C1CCC(CC(=O)[C@H](Cc2ccc(O)cc2)N[C@@H](Cc2ccccc2)C([*])=O)(CC1)S[*] |$;;;;;;;;;;;;;;;;;;;;;;;;;;;;;;_R2;;;;;_R3$|,Backbone
X2304,CC[C@H](C)[C@@H](N)C1=N[C@@H](C(C)=O)CS1,"CC[C@H](C)[C@@H](N)C1=N[C@H](CS1)C([*])=O |$;;;;;;;;;;;;_R2;$,t:6|",Backbone
X2391,CN[C@@H](Cc1cc(C(F)(F)F)cc(C(F)(F)F)c1)C(C)=O,FC(F)(F)c1cc(C[C@H](N[*])C([*])=O)cc(c1)C(F)(F)F |$;;;;;;;;;;_R1;;_R2;;;;;;;;$|,Backbone
X2386,CC(=O)[C@@H](NC(=O)N1[C@H](C)CCC[C@@H]1C)C1CC1,C[C@H]1CCC[C@@H](C)N1C(=O)N[C@@H](C1CC1)C([*])=O |$;;;;;;;;;;;;;;;;_R2;$|,Backbone
X2364,CN[C@@H](Cc1ccccc1)C(=O)CCCCN[C@@H](Cc1ccc(O)cc1)C(C)=O,Oc1ccc(C[C@H](NCCCCC(=O)[C@H](Cc2ccccc2)N[*])C([*])=O)cc1 |$;;;;;;;;;;;;;;;;;;;;;;;_R1;;_R2;;;$|,Backbone
X2427,CN[C@@H](Cc1ccccc1)C(=O)c1nc2ccccc2s1,[*]N[C@@H](Cc1ccccc1)C(=O)c1nc2ccccc2s1 |$_R1;;;;;;;;;;;;;;;;;;;;$|,Backbone
X2366,COc1c(O)cc2c(c1O)CN(C)[C@H](C(C)=O)C2,COc1c(O)cc2C[C@H](N([*])Cc2c1O)C([*])=O |$;;;;;;;;;;_R1;;;;;;_R2;$|,Backbone
X2399,CC(=O)[C@@H](NCCCCCCCCOC(=O)[C@@H](N)Cc1ccc(O)cc1)C(C)C,CC(C)[C@H](NCCCCCCCCOC(=O)[C@@H](N)Cc1ccc(O)cc1)C([*])=O |$;;;;;;;;;;;;;;;;;;;;;;;;;;;_R2;$|,Backbone
X2466,CN[C@H](C=O)CNS(C)(=O)=O,CS(=O)(=O)NC[C@H](N[*])C=O |$;;;;;;;;_R1;;$|,Backbone
X2450,CN[C@@]1(Cc2ccccc2)CNC1=O,[*]N[C@@]1(Cc2ccccc2)CNC1=O |$_R1;;;;;;;;;;;;;$|,Backbone
X2266,CN[C@@H](CC(C)C)C(=O)c1nnc(-c2ccccc2)o1,CC(C)C[C@H](N[*])C(=O)c1nnc(o1)-c1ccccc1 |$;;;;;;_R1;;;;;;;;;;;;;$|,Backbone
X2282,CC(=O)[C@H](Cc1ccc(Cl)cc1)NS(=O)(=O)C(F)(F)F,FC(F)(F)S(=O)(=O)N[C@@H](Cc1ccc(Cl)cc1)C([*])=O |$;;;;;;;;;;;;;;;;;;_R2;$|,Backbone
X2290,CN[C@@H](CC(=N)N)C(C)=O,NC(=N)C[C@H](N[*])C([*])=O |$;;;;;;_R1;;_R2;$|,Backbone
X542,CN[C@@H](Cc1c[nH]c2ccc(F)cc12)C(C)=O,Fc1ccc2[nH]cc(C[C@H](N[*])C([*])=O)c2c1 |$;;;;;;;;;;;_R1;;_R2;;;$|,Backbone
X708,CC(=O)[C@H]1CCC(C)(C)N1C,CC1(C)CC[C@@H](N1[*])C([*])=O |$;;;;;;;_R1;;_R2;$|,Backbone
S_OMe,CN[C@@H](CO)C(=O)OC,COC(=O)[C@H](CO)N[*] |$;;;;;;;;_R1$|,Backbone
X972,CC(=O)[C@@H]1CSC(C)(C)N1C,CC1(C)SC[C@H](N1[*])C([*])=O |$;;;;;;;_R1;;_R2;$|,Backbone
X620,CN[C@@H](C(C)=O)c1ccc(O)cc1,Oc1ccc(cc1)[C@@H](N[*])C([*])=O |$;;;;;;;;;_R1;;_R2;$|,Backbone
X961,CS[C@@H]1CCN(C)[C@H]1C(C)=O,CS[C@@H]1CCN([*])[C@H]1C([*])=O |$;;;;;;_R1;;;_R2;$|,Backbone
X836,CN[C@H](CCOC)C(=O)O,COCC[C@@H](N[*])C(O)=O |$;;;;;;_R1;;;$|,Backbone
X837,CNC(=O)N[C@H](C(C)=O)C(c1ccccc1)c1ccccc1,CNC(=O)N[C@@H](C(c1ccccc1)c1ccccc1)C([*])=O |$;;;;;;;;;;;;;;;;;;;;_R2;$|,Backbone
EtCO_dW,CCOC(=O)N[C@H](Cc1c[nH]c2ccccc12)C(C)=O,CCOC(=O)N[C@H](Cc1c[nH]c2ccccc12)C([*])=O |$;;;;;;;;;;;;;;;;;;_R2;$|,Backbone
X782,CC(=O)[C@@H](NC(=O)Oc1ccc(F)cc1)C(C)C,CC(C)[C@H](NC(=O)Oc1ccc(F)cc1)C([*])=O |$;;;;;;;;;;;;;;;;_R2;$|,Backbone
X576,CN[C@@H](Cc1nc2ccccc2[nH]1)C(C)=O,[*]N[C@@H](Cc1nc2ccccc2[nH]1)C([*])=O |$_R1;;;;;;;;;;;;;;_R2;$|,Backbone
X526,COc1ccc(C[C@H](NC(=N)N)C(C)=O)cc1,COc1ccc(C[C@H](NC(N)=N)C([*])=O)cc1 |$;;;;;;;;;;;;;_R2;;;$|,Backbone
X454,CCOC(=O)[C@H](CC(C)C)NC,CCOC(=O)[C@H](CC(C)C)N[*] |$;;;;;;;;;;;_R1$|,Backbone
X463,CCOC(=O)N[C@H](Cc1ccc(OCC)cc1)C(C)=O,CCOC(=O)N[C@H](Cc1ccc(OCC)cc1)C([*])=O |$;;;;;;;;;;;;;;;;;;_R2;$|,Backbone
X2855,CN[C@@H](Cc1cnc(-c2ccc(-c3ccccc3)cc2)[nH]1)C(C)=O,[*]N[C@@H](Cc1cnc([nH]1)-c1ccc(cc1)-c1ccccc1)C([*])=O |$_R1;;;;;;;;;;;;;;;;;;;;;;_R2;$|,Backbone
X2877,CC(=O)CN(C(C)=O)C(=O)C=Cc1ccccc1,"CC(=O)N(CC([*])=O)C(=O)C=Cc1ccccc1 |w:10.9,$;;;;;;_R2;;;;;;;;;;;$|",Backbone
X3001,CN[C@H]1CC=C[C@H](C2CCCCC2)N(C)C1=O,"CN1[C@H](C=CC[C@H](N[*])C1=O)C1CCCCC1 |$;;;;;;;;_R1;;;;;;;;$,c:3|",Backbone
X3014,CN[C@@H](CCCCNC(=S)Nc1ccccc1)C(C)=O,[*]N[C@@H](CCCCNC(=S)Nc1ccccc1)C([*])=O |$_R1;;;;;;;;;;;;;;;;;;_R2;$|,Backbone
X3026,CCOC(=O)[C@H](CC1CCCCC1)NC,CCOC(=O)[C@H](CC1CCCCC1)N[*] |$;;;;;;;;;;;;;;_R1$|,Backbone
X3034,CC(=O)[C@@H](CCN)NC(=O)OCC1c2ccccc2-c2ccccc21,NCC[C@@H](NC(=O)OCC1c2ccccc2-c2ccccc12)C([*])=O |$;;;;;;;;;;;;;;;;;;;;;;;_R2;$|,Backbone
X2503,CC(=O)[C@H]1C[C@H](NC(=N)N)CN1C,NC(=N)N[C@H]1C[C@@H](N([*])C1)C([*])=O |$;;;;;;;;_R1;;;_R2;$|,Backbone
X2494,CN[C@@H](C[C@H]1CCNC1=O)C(=O)c1nccs1,[*]N[C@@H](C[C@H]1CCNC1=O)C(=O)c1nccs1 |$_R1;;;;;;;;;;;;;;;;$|,Backbone
X2513,CN[C@@H](CC(=O)O)C(=O)CON1C(=O)C[C@@H]2CCC[C@H](CC(=O)OC)[C@@H]21,COC(=O)C[C@H]1CCC[C@H]2CC(=O)N(OCC(=O)[C@H](CC(O)=O)N[*])[C@@H]12 |$;;;;;;;;;;;;;;;;;;;;;;;;_R1;$|,Backbone
X2525,CC(=O)OCCOCCOCCOCCOCCOCCOCCOCCN[C@@H](CC(C)C)C(C)=O,CC(C)C[C@H](NCCOCCOCCOCCOCCOCCOCCOCCOC(C)=O)C([*])=O |$;;;;;;;;;;;;;;;;;;;;;;;;;;;;;;;;;;_R2;$|,Backbone
X954,COC(=O)CN(C)C,COC(=O)CN(C)[*] |$;;;;;;;_R1$|,Backbone
X1657,CC(=O)[C@@H](CCCNC(=N)N)NC(=O)NCc1ccccc1,NC(=N)NCCC[C@@H](NC(=O)NCc1ccccc1)C([*])=O |$;;;;;;;;;;;;;;;;;;;;_R2;$|,Backbone
X577,CN[C@@H](Cc1ccc(C(F)(F)P(=O)(O)O)cc1)C(C)=O,OP(O)(=O)C(F)(F)c1ccc(C[C@H](N[*])C([*])=O)cc1 |$;;;;;;;;;;;;;;_R1;;_R2;;;$|,Backbone
X1569,CCCCCN(CCCCC)[C@@H](Cc1ccc(O)cc1)C(C)=O,CCCCCN(CCCCC)[C@@H](Cc1ccc(O)cc1)C([*])=O |$;;;;;;;;;;;;;;;;;;;;;_R2;$|,Backbone
X1571,CCCCCC(=O)Oc1ccc(C[C@H](NC)C(=O)OC)cc1,CCCCCC(=O)Oc1ccc(C[C@H](N[*])C(=O)OC)cc1 |$;;;;;;;;;;;;;;;_R1;;;;;;$|,Backbone
X36,C=CCCCN(C)CC(C)=O,[*]N(CCCC=C)CC([*])=O |$_R1;;;;;;;;;_R2;$|,Backbone
X37,CN[C@@H](CCCCNC(=N)N)C(C)=O,NC(=N)NCCCC[C@H](N[*])C([*])=O |$;;;;;;;;;;_R1;;_R2;$|,Backbone
X1578,CC(=O)[C@@H]1CCCN1C(=N)N,NC(=N)N1CCC[C@H]1C([*])=O |$;;;;;;;;;_R2;$|,Backbone
A_COEt,CCOC(=O)C(=O)[C@H](C)NC,CCOC(=O)C(=O)[C@H](C)N[*] |$;;;;;;;;;;_R1$|,Backbone
X2272,CN[C@@H](CCCCNC(=N)N)C(=O)Cc1ccccc1,NC(=N)NCCCC[C@H](N[*])C(=O)Cc1ccccc1 |$;;;;;;;;;;_R1;;;;;;;;;$|,Backbone
Me_meI,CC[C@H](C)[C@@H](C(C)=O)N(C)C,CC[C@H](C)[C@H](N(C)C)C([*])=O |$;;;;;;;;;_R2;$|,Backbone
X2285,CC(=O)[C@@H]1CN1C,[*]N1C[C@H]1C([*])=O |$_R1;;;;;_R2;$|,Backbone
X2218,CC(=O)[C@H](Cc1ccccc1)N1C(=O)c2ccccc2C1=O,[*]C(=O)[C@H](Cc1ccccc1)N1C(=O)c2ccccc2C1=O |$_R2;;;;;;;;;;;;;;;;;;;;;$|,Backbone
X2223,CN[C@H](CSC[C@H](N)C(C)=O)C(=O)O,N[C@@H](CSC[C@@H](N[*])C(O)=O)C([*])=O |$;;;;;;;_R1;;;;;_R2;$|,Backbone
X2224,CN[C@@H](CC1CCCCC1)C(=O)[C@H](C=O)CC(F)F,FC(F)C[C@@H](C=O)C(=O)[C@H](CC1CCCCC1)N[*] |$;;;;;;;;;;;;;;;;;;_R1$|,Backbone
X5,CN=C(NC#N)NCCCC[C@@H](NC)C(C)=O,"CN=C(NCCCC[C@@H](N[*])C([*])=O)NC#N |w:1.0,$;;;;;;;;;;_R1;;_R2;;;;$|",Backbone
R,CN[C@@H](CCCNC(=N)N)C(C)=O,NC(=N)NCCC[C@H](N[*])C([*])=O |$;;;;;;;;;_R1;;_R2;$|,Backbone
dF,CN[C@H](Cc1ccccc1)C(C)=O,[*]N[C@H](Cc1ccccc1)C([*])=O |$_R1;;;;;;;;;;;_R2;$|,Backbone
I,CC[C@H](C)[C@H](NC)C(C)=O,CC[C@H](C)[C@H](N[*])C([*])=O |$;;;;;;_R1;;_R2;$|,Backbone
meNle,CCCC[C@@H](C(C)=O)N(C)C,CCCC[C@H](N(C)[*])C([*])=O |$;;;;;;;_R1;;_R2;$|,Backbone
X943,CC(=O)[C@H](CCCNCc1ccccc1)NCc1ccccc1,[*]C(=O)[C@H](CCCNCc1ccccc1)NCc1ccccc1 |$_R2;;;;;;;;;;;;;;;;;;;;;;$|,Backbone
X740,CC(=O)[C@H](CCCCC[N+](C)(C)C)[N-][N+]#N,C[N+](C)(C)CCCCC[C@H]([N-][N+]#N)C([*])=O |$;;;;;;;;;;;;;;_R2;$|,Backbone
Fmoc_I,CC[C@H](C)[C@H](NC(=O)OCC1c2ccccc2-c2ccccc21)C(C)=O,CC[C@H](C)[C@H](NC(=O)OCC1c2ccccc2-c2ccccc12)C([*])=O |$;;;;;;;;;;;;;;;;;;;;;;;;_R2;$|,Backbone
X959,CC(=O)[C@H](Cc1ccc(O)cc1)N(CCc1ccccc1)CCc1ccccc1,Oc1ccc(C[C@H](N(CCc2ccccc2)CCc2ccccc2)C([*])=O)cc1 |$;;;;;;;;;;;;;;;;;;;;;;;;;_R2;;;$|,Backbone
X1216,CC(=O)[C@@H](CCCNC(=N)N)NC(=O)OCc1ccccc1,NC(=N)NCCC[C@@H](NC(=O)OCc1ccccc1)C([*])=O |$;;;;;;;;;;;;;;;;;;;;_R2;$|,Backbone
X1098,CC(=O)[C@H](CCCNCCCN)[N-][N+]#N,NCCCNCCC[C@H]([N-][N+]#N)C([*])=O |$;;;;;;;;;;;;;_R2;$|,Backbone
X1177,CC(=O)[C@@H]1C[C@@H](OCc2ccc3ccccc3c2)CN1C,[*]N1C[C@@H](C[C@H]1C([*])=O)OCc1ccc2ccccc2c1 |$_R1;;;;;;;_R2;;;;;;;;;;;;;$|,Backbone
X751,CC(=O)[C@@H]1CS[C@H](C)C(=O)N1,C[C@H]1SC[C@H](NC1=O)C([*])=O |$;;;;;;;;;_R2;$|,Backbone
Cbz_dF,CC(=O)[C@@H](Cc1ccccc1)NC(=O)OCc1ccccc1,[*]C(=O)[C@@H](Cc1ccccc1)NC(=O)OCc1ccccc1 |$_R2;;;;;;;;;;;;;;;;;;;;;$|,Backbone
X984,CC(=O)[C@H](Cc1ccc2ccccc2c1)N(C)F,FN([*])[C@@H](Cc1ccc2ccccc2c1)C([*])=O |$;;_R1;;;;;;;;;;;;;;_R2;$|,Backbone
X889,CN[C@@H](CCCCN1CC1)C(C)=O,[*]N[C@@H](CCCCN1CC1)C([*])=O |$_R1;;;;;;;;;;;_R2;$|,Backbone
X1223,CN[C@H](C(=O)OCc1ccccc1)C(C(F)(F)F)C(F)(F)F,FC(F)(F)C([C@H](N[*])C(=O)OCc1ccccc1)C(F)(F)F |$;;;;;;;_R1;;;;;;;;;;;;;;$|,Backbone
X1027,CC(=O)[C@H](Cc1ccc(O)cc1)NOC(=O)[C@@H](C)Cc1c(C)cc(O)cc1C,C[C@@H](Cc1c(C)cc(O)cc1C)C(=O)ON[C@@H](Cc1ccc(O)cc1)C([*])=O |$;;;;;;;;;;;;;;;;;;;;;;;;;;_R2;$|,Backbone
am_G,CC(=O)CN(C)N,NN([*])CC([*])=O |$;;_R1;;;_R2;$|,Backbone
X1160,CNCCCCC[C@H]([N-][N+]#N)C(C)=O,CNCCCCC[C@H]([N-][N+]#N)C([*])=O |$;;;;;;;;;;;;_R2;$|,Backbone
Cbz_P,CC(=O)[C@@H]1CCCN1C(=O)OCc1ccccc1,[*]C(=O)[C@@H]1CCCN1C(=O)OCc1ccccc1 |$_R2;;;;;;;;;;;;;;;;;$|,Backbone
X940,CCCCCCCCCCC(=O)OC[C@H](NC)C(C)=O,CCCCCCCCCCC(=O)OC[C@H](N[*])C([*])=O |$;;;;;;;;;;;;;;;;_R1;;_R2;$|,Backbone
X934,CCNC(=N)NCCC[C@H](NC)C(C)=O,CCNC(=N)NCCC[C@H](N[*])C([*])=O |$;;;;;;;;;;;_R1;;_R2;$|,Backbone
X1721,CN[C@H](COCCOCC(=O)OC(C)C)C(C)=O,CC(C)OC(=O)COCCOC[C@@H](N[*])C([*])=O |$;;;;;;;;;;;;;;_R1;;_R2;$|,Backbone
X2047,COc1ccc(NC(=O)N[C@H](CSC)C(C)=O)cc1OC,COc1ccc(NC(=O)N[C@H](CS[*])C([*])=O)cc1OC |$;;;;;;;;;;;;;_R3;;_R2;;;;;$|,Backbone
X1978,CN[C@H](C(=O)O)[C@H](SC)c1ccccc1,OC(=O)[C@@H](N[*])[C@H](S[*])c1ccccc1 |$;;;;;_R1;;;_R3;;;;;;$|,Backbone
X1990,CNCc1ccc(C[C@H](NC)C(C)=O)cc1,CNCc1ccc(C[C@H](N[*])C([*])=O)cc1 |$;;;;;;;;;;_R1;;_R2;;;$|,Backbone
X1979,CSC[C@H](NC[C@@H](N)Cc1ccccc1)C(C)=O,N[C@H](CN[C@@H](CS[*])C([*])=O)Cc1ccccc1 |$;;;;;;;_R3;;_R2;;;;;;;;$|,Backbone
meC,CSC[C@@H](C(C)=O)N(C)C,CN([*])[C@@H](CS[*])C([*])=O |$;;_R1;;;;_R3;;_R2;$|,Backbone
X2022,CC(=O)[C@@H](C)N(C)C1CCCCC1,C[C@@H](N([*])C1CCCCC1)C([*])=O |$;;;_R1;;;;;;;;_R2;$|,Backbone
X1986,CS[C@@H]1C[C@@H](C(C)=O)N(C)C1,[*]N1C[C@@H](C[C@H]1C([*])=O)S[*] |$_R1;;;;;;;_R2;;;_R3$|,Backbone
X1961,CS[C@@H]1C[C@H](C(C)=O)N(C)C1,[*]N1C[C@@H](C[C@@H]1C([*])=O)S[*] |$_R1;;;;;;;_R2;;;_R3$|,Backbone
X2015,CSC[C@@H](NCc1cccc([N+](=O)[O-])c1)C(C)=O,[*]C(=O)[C@@H](CS[*])NCc1cccc(c1)N(=O)=O |$_R2;;;;;;_R3;;;;;;;;;;;$|,Backbone
X1687,CN[C@@H](CC=CCCC(=O)O)C(C)=O,"OC(=O)CCC=CC[C@H](N[*])C([*])=O |w:6.6,$;;;;;;;;;;_R1;;_R2;$|",Backbone
X1759,CCC=CC[C@@H](C)[C@@H](O)[C@@H](C(C)=O)N(C)C,"CCC=CC[C@@H](C)[C@@H](O)[C@H](N(C)[*])C([*])=O |w:3.3,$;;;;;;;;;;;;_R1;;_R2;$|",Backbone
dalloHyp,CC(=O)[C@H]1C[C@@H](O)CN1C,O[C@@H]1C[C@@H](N([*])C1)C([*])=O |$;;;;;_R1;;;_R2;$|,Backbone
X1894,CN[C@@H](Cc1c(-c2ccc3c(ccn3C)c2)[nH]c2ccccc12)C(C)=O,Cn1ccc2cc(ccc12)-c1[nH]c2ccccc2c1C[C@H](N[*])C([*])=O |$;;;;;;;;;;;;;;;;;;;;;;_R1;;_R2;$|,Backbone
X1716,CC(=O)[C@H]([C@H](O)[C@H](C)CCCC(=O)OCCF)N(C)C,C[C@H](CCCC(=O)OCCF)[C@@H](O)[C@H](N(C)[*])C([*])=O |$;;;;;;;;;;;;;;;;_R1;;_R2;$|,Backbone
X1867,CC[C@@H](C)[C@@H](C(C)=O)N(C)O,CC[C@@H](C)[C@H](N(O)[*])C([*])=O |$;;;;;;;_R1;;_R2;$|,Backbone
X1726,CN[C@@H](CCCNC(=O)OCc1ccccc1)C(C)=O,[*]N[C@@H](CCCNC(=O)OCc1ccccc1)C([*])=O |$_R1;;;;;;;;;;;;;;;;;;_R2;$|,Backbone
X1890,CN[C@H](CC#N)C(C)=O,[*]N[C@H](CC#N)C([*])=O |$_R1;;;;;;;_R2;$|,Backbone
X1750,CN[C@H](COCC(=O)OC(C)C)C(C)=O,CC(C)OC(=O)COC[C@@H](N[*])C([*])=O |$;;;;;;;;;;;_R1;;_R2;$|,Backbone
X1800,CN[C@H](Cc1ccc(O)c(I)c1)C(C)=O,Oc1ccc(C[C@@H](N[*])C([*])=O)cc1I |$;;;;;;;;_R1;;_R2;;;;$|,Backbone
X1679,COC(=O)C=CC[C@@H](C)[C@@H](O)[C@@H](C(C)=O)N(C)C,"COC(=O)C=CC[C@@H](C)[C@@H](O)[C@H](N(C)[*])C([*])=O |w:5.5,$;;;;;;;;;;;;;;_R1;;_R2;$|",Backbone
X1900,CN[C@H](Cc1ccc2nc(-c3ccccc3)oc2c1)C(C)=O,[*]N[C@H](Cc1ccc2nc(oc2c1)-c1ccccc1)C([*])=O |$_R1;;;;;;;;;;;;;;;;;;;;_R2;$|,Backbone
X1876,CN[C@@H](C[C@@H](C)O)C(C)=O,C[C@@H](O)C[C@H](N[*])C([*])=O |$;;;;;;_R1;;_R2;$|,Backbone
X1878,CCN(CC)CCS[C@H](C(C)=O)N(C)C,CCN(CC)CCS[C@@H](N(C)[*])C([*])=O |$;;;;;;;;;;;_R1;;_R2;$|,Backbone
X1394,CC(=O)[C@H](CCC(C)C)N(C)C,CC(C)CC[C@H](N(C)[*])C([*])=O |$;;;;;;;;_R1;;_R2;$|,Backbone
X1711,CN[C@@H](CCOc1ccccc1)C(C)=O,[*]N[C@@H](CCOc1ccccc1)C([*])=O |$_R1;;;;;;;;;;;;;_R2;$|,Backbone
X72,CC(=O)[C@@H](NCc1ncccc1O)C(C)C,CC(C)[C@H](NCc1ncccc1O)C([*])=O |$;;;;;;;;;;;;;;_R2;$|,Backbone
X80,CCOC(=O)N[C@H](Cc1ccc(OC(C)=O)cc1)C(C)=O,CCOC(=O)N[C@H](Cc1ccc(OC(C)=O)cc1)C([*])=O |$;;;;;;;;;;;;;;;;;;;_R2;$|,Backbone
W_OBzl,CN[C@@H](Cc1c[nH]c2ccccc12)C(=O)OCc1ccccc1,[*]N[C@@H](Cc1c[nH]c2ccccc12)C(=O)OCc1ccccc1 |$_R1;;;;;;;;;;;;;;;;;;;;;;$|,Backbone
X131,CN[C@H]1CCCCNC1=O,[*]N[C@H]1CCCCNC1=O |$_R1;;;;;;;;;$|,Backbone
dM_OMe,CN[C@H](CCSC)C(=O)OC,COC(=O)[C@@H](CCSC)N[*] |$;;;;;;;;;;_R1$|,Backbone
X95,CC(=O)[C@@H](CCC(=O)O)NC(=O)OC(C)(C)C,CC(C)(C)OC(=O)N[C@H](CCC(O)=O)C([*])=O |$;;;;;;;;;;;;;;;_R2;$|,Backbone
X285,CC(=O)[C@@H]1C[C@@H](OC(=O)Nc2ccccc2)CN1C,[*]N1C[C@@H](C[C@H]1C([*])=O)OC(=O)Nc1ccccc1 |$_R1;;;;;;;_R2;;;;;;;;;;;$|,Backbone
X100,CN[C@@H](C=O)CC(C)C,CC(C)C[C@@H](N[*])C=O |$;;;;;;_R1;;$|,Backbone
X144,CC(=O)[C@@H]1CC(=O)NC(=O)N1,[*]C(=O)[C@@H]1CC(=O)NC(=O)N1 |$_R2;;;;;;;;;;$|,Backbone
X157,CN[C@@H](CCS(C)=O)C(C)=O,CS(=O)CC[C@H](N[*])C([*])=O |$;;;;;;;_R1;;_R2;$|,Backbone
X109,CN[C@H](C(=O)c1nc2ccccc2o1)C(C)C,CC(C)[C@H](N[*])C(=O)c1nc2ccccc2o1 |$;;;;;_R1;;;;;;;;;;;$|,Backbone
X300,CC(=O)CN(C)Cc1c[nH]c2ccccc12,[*]N(CC([*])=O)Cc1c[nH]c2ccccc12 |$_R1;;;;_R2;;;;;;;;;;;$|,Backbone
X147,CN[C@@H](Cc1c[nH]c2cc(C)ccc12)C(C)=O,Cc1ccc2c(C[C@H](N[*])C([*])=O)c[nH]c2c1 |$;;;;;;;;;_R1;;_R2;;;;;$|,Backbone
X428,CC(=O)[C@H](C)NCCc1ccc(Cl)c(Cl)c1,C[C@H](NCCc1ccc(Cl)c(Cl)c1)C([*])=O |$;;;;;;;;;;;;;;_R2;$|,Backbone
Me_meF,CC(=O)[C@H](Cc1ccccc1)N(C)C,CN(C)[C@@H](Cc1ccccc1)C([*])=O |$;;;;;;;;;;;;_R2;$|,Backbone
X20,CN[C@@H](CCCCNC(=NC1CCCCC1)NC#N)C(C)=O,"[*]N[C@@H](CCCCNC(NC#N)=NC1CCCCC1)C([*])=O |w:12.12,$_R1;;;;;;;;;;;;;;;;;;;;_R2;$|",Backbone
X32,CN[C@@H](C=Cc1ccccc1)C(C)=O,"[*]N[C@@H](C=Cc1ccccc1)C([*])=O |w:4.4,$_R1;;;;;;;;;;;;_R2;$|",Backbone
X46,CN[C@@H](Cc1ccc(C#N)cc1)C(C)=O,[*]N[C@@H](Cc1ccc(cc1)C#N)C([*])=O |$_R1;;;;;;;;;;;;;_R2;$|,Backbone
meF,CC(=O)[C@H](Cc1ccccc1)N(C)C,CN([*])[C@@H](Cc1ccccc1)C([*])=O |$;;_R1;;;;;;;;;;_R2;$|,Backbone
X15,CN[C@H](C(=O)C[C@@H](Cc1ccccc1)C(=O)O)C(C)C,CC(C)[C@H](N[*])C(=O)C[C@@H](Cc1ccccc1)C(O)=O |$;;;;;_R1;;;;;;;;;;;;;;$|,Backbone
X2301,CN[C@H](Cc1ccccc1)C(=O)CN(CC(C)C)S(=O)(=O)c1cccc(N)c1,CC(C)CN(CC(=O)[C@@H](Cc1ccccc1)N[*])S(=O)(=O)c1cccc(N)c1 |$;;;;;;;;;;;;;;;;;_R1;;;;;;;;;;$|,Backbone
X1103,CN[C@@H](Cc1cc(C)c(O)c(C)c1)C(C)=O,Cc1cc(C[C@H](N[*])C([*])=O)cc(C)c1O |$;;;;;;;_R1;;_R2;;;;;;$|,Backbone
X2432,CN[C@@H](C#N)C(C)=O,[*]N[C@@H](C#N)C([*])=O |$_R1;;;;;;_R2;$|,Backbone
X2743,CC(=O)[C@H](Cc1cccnc1)NC(=O)N[C@H](C)c1ccc(F)cc1,C[C@@H](NC(=O)N[C@@H](Cc1cccnc1)C([*])=O)c1ccc(F)cc1 |$;;;;;;;;;;;;;;;_R2;;;;;;;;$|,Backbone
X2807,CC(=O)[C@H](CC(C)C)NC(=O)OC[C@H](COS(=O)(=O)O)OS(=O)(=O)O,CC(C)C[C@H](NC(=O)OC[C@H](COS(O)(=O)=O)OS(O)(=O)=O)C([*])=O |$;;;;;;;;;;;;;;;;;;;;;;;_R2;$|,Backbone
X2822,COC(=O)C[C@H](NC(=O)OC(C)(C)C)C(C)=O,COC(=O)C[C@H](NC(=O)OC(C)(C)C)C([*])=O |$;;;;;;;;;;;;;;;_R2;$|,Backbone
X2738,CC(=O)[C@H](CC1CCCCC1)N(C)C,CN(C)[C@@H](CC1CCCCC1)C([*])=O |$;;;;;;;;;;;;_R2;$|,Backbone
X2780,CN[C@H](C=O)C(c1ccccc1)c1ccccc1,[*]N[C@H](C=O)C(c1ccccc1)c1ccccc1 |$_R1;;;;;;;;;;;;;;;;;$|,Backbone
X2763,CC=C[C@H](NC)C(C)=O,"CC=C[C@H](N[*])C([*])=O |w:1.0,$;;;;;_R1;;_R2;$|",Backbone
ac,CC(C)=O,CC([*])=O |$;;_R2;$|,Backbone
X2098,CC(=O)[C@H](Cc1c[nH]c2ccccc12)NS(=O)(=O)c1ccc(C)cc1,Cc1ccc(cc1)S(=O)(=O)N[C@@H](Cc1c[nH]c2ccccc12)C([*])=O |$;;;;;;;;;;;;;;;;;;;;;;;_R2;$|,Backbone
X2146,CN[C@@H](CCCCN)C(=O)c1nc2ccccc2o1,NCCCC[C@H](N[*])C(=O)c1nc2ccccc2o1 |$;;;;;;;_R1;;;;;;;;;;;$|,Backbone
X2166,CC(=O)[C@@H]1CSCCN1C,[*]N1CCSC[C@H]1C([*])=O |$_R1;;;;;;;;_R2;$|,Backbone
X2192,CN[C@@H](CCCNC(=N)N)C(=O)CN(C)CC(C)=O,CN(CC([*])=O)CC(=O)[C@H](CCCNC(N)=N)N[*] |$;;;;_R2;;;;;;;;;;;;;;_R1$|,Backbone
X2136,CN[C@H](C(C)=O)C1CCN(C(=N)N)CC1,NC(=N)N1CCC(CC1)[C@H](N[*])C([*])=O |$;;;;;;;;;;;_R1;;_R2;$|,Backbone
X2188,CN[C@@H](Cc1ccccc1)C(=O)CCN[C@@H](Cc1ccc(O)cc1)C(C)=O,Oc1ccc(C[C@H](NCCC(=O)[C@H](Cc2ccccc2)N[*])C([*])=O)cc1 |$;;;;;;;;;;;;;;;;;;;;;_R1;;_R2;;;$|,Backbone
X2228,CN[C@@H](CC1CCCCC1)C(=O)C(F)(F)F,FC(F)(F)C(=O)[C@H](CC1CCCCC1)N[*] |$;;;;;;;;;;;;;;;_R1$|,Backbone
X2164,CN[C@H](C(=O)c1nc2cc(CC(=O)O)ccc2o1)C(C)C,CC(C)[C@H](N[*])C(=O)c1nc2cc(CC(O)=O)ccc2o1 |$;;;;;_R1;;;;;;;;;;;;;;;$|,Backbone
X1066,CC(=N)NCCC[C@@H](NC(=O)OC(C)(C)C)C(C)=O,CC(=N)NCCC[C@@H](NC(=O)OC(C)(C)C)C([*])=O |$;;;;;;;;;;;;;;;;;_R2;$|,Backbone
F_OBzl,CN[C@@H](Cc1ccccc1)C(=O)OCc1ccccc1,[*]N[C@@H](Cc1ccccc1)C(=O)OCc1ccccc1 |$_R1;;;;;;;;;;;;;;;;;;;$|,Backbone
X1307,CN[C@@H](Cc1c[nH]c2cc(F)ccc12)C(C)=O,Fc1ccc2c(C[C@H](N[*])C([*])=O)c[nH]c2c1 |$;;;;;;;;;_R1;;_R2;;;;;$|,Backbone
X1308,CC(=O)[C@@H]1CSC(=O)N1,[*]C(=O)[C@@H]1CSC(=O)N1 |$_R2;;;;;;;;$|,Backbone
X1372,CC(=O)[C@@]1(C)COC(c2cn(C)c3cc(Cl)c(C)c(O)c23)=N1,"Cc1c(Cl)cc2n(C)cc(C3=N[C@](C)(CO3)C([*])=O)c2c1O |$;;;;;;;;;;;;;;;;;_R2;;;;$,t:10|",Backbone
X1386,CN[C@@H](CCCCNC(C)=N)C(C)=O,CC(=N)NCCCC[C@H](N[*])C([*])=O |$;;;;;;;;;;_R1;;_R2;$|,Backbone
X1392,CCOC(=O)N[C@H](CSCc1ccccc1)C(C)=O,CCOC(=O)N[C@H](CSCc1ccccc1)C([*])=O |$;;;;;;;;;;;;;;;;;_R2;$|,Backbone
X1254,CC[C@H](C)[C@@H](NC)C(=O)O[C@@H]([C@H](O)[C@H](O)CO)[C@H](O)CO,CC[C@H](C)[C@@H](N[*])C(=O)O[C@H]([C@H](O)CO)[C@H](O)[C@H](O)CO |$;;;;;;_R1;;;;;;;;;;;;;;$|,Backbone
X1312,CN[C@@H](Cc1c(F)c(F)c(O)c(F)c1F)C(C)=O,Oc1c(F)c(F)c(C[C@H](N[*])C([*])=O)c(F)c1F |$;;;;;;;;;;_R1;;_R2;;;;;$|,Backbone
X1395,CN[C@@H](Cc1cn(-c2ccc3ccc4cccc5ccc2c3c45)nn1)C(C)=O,[*]N[C@@H](Cc1cn(nn1)-c1ccc2ccc3cccc4ccc1c2c34)C([*])=O |$_R1;;;;;;;;;;;;;;;;;;;;;;;;;;_R2;$|,Backbone
X1414,CN[C@@H](CC(=O)O)C(=O)CCCCCc1ccccc1,OC(=O)C[C@H](N[*])C(=O)CCCCCc1ccccc1 |$;;;;;;_R1;;;;;;;;;;;;;$|,Backbone
X1444,CC(=O)[C@H](CCCNCCN)[N-][N+]#N,NCCNCCC[C@H]([N-][N+]#N)C([*])=O |$;;;;;;;;;;;;_R2;$|,Backbone
X1349,CCCCN=C(NC#N)NCCC[C@@H](NC)C(C)=O,"CCCCN=C(NCCC[C@@H](N[*])C([*])=O)NC#N |w:4.3,$;;;;;;;;;;;;_R1;;_R2;;;;$|",Backbone
X1380,CC(=O)[C@@H](CC(=O)O)NC(=O)OC(C)(C)C,CC(C)(C)OC(=O)N[C@H](CC(O)=O)C([*])=O |$;;;;;;;;;;;;;;_R2;$|,Backbone
Me_dY,CC(=O)[C@@H](Cc1ccc(O)cc1)N(C)C,CN([*])[C@H](Cc1ccc(O)cc1)C([*])=O |$;;_R1;;;;;;;;;;;_R2;$|,Backbone
T_MeCl,CN[C@H](C(=O)CCl)[C@@H](C)O,C[C@@H](O)[C@H](N[*])C(=O)CCl |$;;;;;_R1;;;;$|,Backbone
X240,COc1ccc([C@H]2N[C@H](C(C)=O)Cc3c2[nH]c2ccccc32)cc1,COc1ccc(cc1)[C@H]1N[C@@H](Cc2c1[nH]c1ccccc21)C([*])=O |$;;;;;;;;;;;;;;;;;;;;;;_R2;$|,Backbone
X318,CN[C@@H](CCCCC(C)(C)C)C(C)=O,CC(C)(C)CCCC[C@H](N[*])C([*])=O |$;;;;;;;;;;_R1;;_R2;$|,Backbone
X182,CCCCN(C#N)c1ccc(C[C@@H](NC)C(C)=O)cc1,CCCCN(C#N)c1ccc(C[C@@H](N[*])C([*])=O)cc1 |$;;;;;;;;;;;;;;_R1;;_R2;;;$|,Backbone
Boc_A,CC(=O)[C@H](C)NC(=O)OC(C)(C)C,C[C@H](NC(=O)OC(C)(C)C)C([*])=O |$;;;;;;;;;;;_R2;$|,Backbone
X393,CN[C@@H](CCCc1ccccc1)C(C)=O,[*]N[C@@H](CCCc1ccccc1)C([*])=O |$_R1;;;;;;;;;;;;;_R2;$|,Backbone
X695,CCOC(=O)N[C@@H](CCSCc1ccccc1)C(C)=O,CCOC(=O)N[C@@H](CCSCc1ccccc1)C([*])=O |$;;;;;;;;;;;;;;;;;;_R2;$|,Backbone
X395,CC(=O)CN(C)C(C)C,CC(C)N([*])CC([*])=O |$;;;;_R1;;;_R2;$|,Backbone
X339,CN[C@@H](Cc1ccc(NC(=O)NOC)cc1)C(C)=O,CONC(=O)Nc1ccc(C[C@H](N[*])C([*])=O)cc1 |$;;;;;;;;;;;;;_R1;;_R2;;;$|,Backbone
X677,CN[C@@H](Cc1ccsc1)C(C)=O,[*]N[C@@H](Cc1ccsc1)C([*])=O |$_R1;;;;;;;;;;_R2;$|,Backbone
G_OMe,CNCC(=O)OC,COC(=O)CN[*] |$;;;;;;_R1$|,Backbone
X679,CN[C@@H](Cc1ccccc1)C(=O)C(F)(F)F,FC(F)(F)C(=O)[C@H](Cc1ccccc1)N[*] |$;;;;;;;;;;;;;;;_R1$|,Backbone
dNva,CCC[C@@H](NC)C(C)=O,CCC[C@@H](N[*])C([*])=O |$;;;;;_R1;;_R2;$|,Backbone
X502,CNC(=O)Nc1ccc(C[C@H](NC)C(C)=O)cc1,CNC(=O)Nc1ccc(C[C@H](N[*])C([*])=O)cc1 |$;;;;;;;;;;;;_R1;;_R2;;;$|,Backbone
X622,CC(=O)[C@@H]1C[C@H]([N-][N+]#N)CN1C,[*]N1C[C@H](C[C@H]1C([*])=O)[N-][N+]#N |$_R1;;;;;;;_R2;;;;$|,Backbone
X571,CN[C@@H](C=O)[C@H](C)O,C[C@H](O)[C@@H](N[*])C=O |$;;;;;_R1;;$|,Backbone
X195,CN[C@@H](C(C)=O)C(c1ccccc1)c1ccccc1,[*]N[C@H](C(c1ccccc1)c1ccccc1)C([*])=O |$_R1;;;;;;;;;;;;;;;;;_R2;$|,Backbone
X685,CN[C@@H](Cc1ccc(OC(=O)c2ccccc2)cc1)C(=O)OC,COC(=O)[C@H](Cc1ccc(OC(=O)c2ccccc2)cc1)N[*] |$;;;;;;;;;;;;;;;;;;;;;;_R1$|,Backbone
X198,CN[C@@H](C(C)=O)[C@@H](O)c1ccccc1,O[C@H]([C@@H](N[*])C([*])=O)c1ccccc1 |$;;;;_R1;;_R2;;;;;;;$|,Backbone
X573,CN[C@@H](CCC(=O)NC(=N)N)C(C)=O,NC(=N)NC(=O)CC[C@H](N[*])C([*])=O |$;;;;;;;;;;_R1;;_R2;$|,Backbone
X233,CCC(=NC)C(C)=O,"CCC(=N[*])C([*])=O |w:3.3,$;;;;_R1;;_R2;$|",Backbone
X229,CC(=O)[C@@H]1Cc2[nH]cnc2CN1C,[*]N1Cc2nc[nH]c2C[C@H]1C([*])=O |$_R1;;;;;;;;;;;_R2;$|,Backbone
meW,CC(=O)[C@H](Cc1c[nH]c2ccccc12)N(C)C,CN([*])[C@@H](Cc1c[nH]c2ccccc12)C([*])=O |$;;_R1;;;;;;;;;;;;;_R2;$|,Backbone
Boc_S,CC(=O)[C@H](CO)NC(=O)OC(C)(C)C,CC(C)(C)OC(=O)N[C@@H](CO)C([*])=O |$;;;;;;;;;;;;_R2;$|,Backbone
X311,CC(=O)[C@@H](N)C(c1ccccc1)(c1ccccc1)c1ccccc1,N[C@H](C([*])=O)C(c1ccccc1)(c1ccccc1)c1ccccc1 |$;;;_R2;;;;;;;;;;;;;;;;;;;;$|,Backbone
X172,CN[C@@H](Cc1ccc(OC)cc1)C(C)=O,COc1ccc(C[C@H](N[*])C([*])=O)cc1 |$;;;;;;;;;_R1;;_R2;;;$|,Backbone
Boc_dP,CC(=O)[C@H]1CCCN1C(=O)OC(C)(C)C,CC(C)(C)OC(=O)N1CCC[C@@H]1C([*])=O |$;;;;;;;;;;;;;_R2;$|,Backbone
X1595,CCOC(=O)CC[C@H](N)C(C)=O,CCOC(=O)CC[C@H](N)C([*])=O |$;;;;;;;;;;_R2;$|,Backbone
X550,CCCCC(CCCC)NCCCC[C@@H](NC)C(C)=O,CCCCC(CCCC)NCCCC[C@@H](N[*])C([*])=O |$;;;;;;;;;;;;;;;;_R1;;_R2;$|,Backbone
X832,CN[C@@H](CCCCNCc1ccc(O)cc1)C(C)=O,Oc1ccc(CNCCCC[C@H](N[*])C([*])=O)cc1 |$;;;;;;;;;;;;;_R1;;_R2;;;$|,Backbone
X904,CN[C@@H](Cc1c[nH]c2ccc(C)cc12)C(C)=O,Cc1ccc2[nH]cc(C[C@H](N[*])C([*])=O)c2c1 |$;;;;;;;;;;;_R1;;_R2;;;$|,Backbone
X1620,CCNC(=O)N[C@@H](Cc1ccccc1)C(C)=O,CCNC(=O)N[C@@H](Cc1ccccc1)C([*])=O |$;;;;;;;;;;;;;;;_R2;$|,Backbone
X1621,CN[C@H](CC(C)C)C(=O)O[C@H]1CC[C@H]2[C@@H]3CCc4cc(O)ccc4[C@H]3CC[C@]12C,CC(C)C[C@@H](N[*])C(=O)O[C@H]1CC[C@H]2[C@@H]3CCc4cc(O)ccc4[C@H]3CC[C@]12C |$;;;;;;_R1;;;;;;;;;;;;;;;;;;;;;;$|,Backbone
X1639,CN[C@@H](Cc1cc(I)c(O)cc1I)C(C)=O,Oc1cc(I)c(C[C@H](N[*])C([*])=O)cc1I |$;;;;;;;;;_R1;;_R2;;;;$|,Backbone
X1305,CC(=O)[C@@H](NC(=O)OC(C)(C)C)c1ccc(F)cc1,CC(C)(C)OC(=O)N[C@H](C([*])=O)c1ccc(F)cc1 |$;;;;;;;;;;_R2;;;;;;;;$|,Backbone
X1635,CC(=O)[C@@H]1C[C@@H](ON=Cc2ccc(OC(=O)c3ccc4c(c3)OCO4)cc2)CN1C,"[*]N1C[C@@H](C[C@H]1C([*])=O)ON=Cc1ccc(OC(=O)c2ccc3OCOc3c2)cc1 |w:10.10,$_R1;;;;;;;_R2;;;;;;;;;;;;;;;;;;;;;;$|",Backbone
X1841,CC(=O)[C@H](Cc1ccoc1)N(C)C,CN([*])[C@@H](Cc1ccoc1)C([*])=O |$;;_R1;;;;;;;;;_R2;$|,Backbone
X1775,CC(=O)[C@H](CC(=O)OC(C)(C)C)N(C)C,CN([*])[C@@H](CC(=O)OC(C)(C)C)C([*])=O |$;;_R1;;;;;;;;;;;_R2;$|,Backbone
X1658,CN[C@@H](CC[CH+]NC(=N)N)C(=O)O,NC(=N)N[CH+]CC[C@H](N[*])C(O)=O |$;;;;;;;;;_R1;;;$|,Backbone
X1513,CN[C@@]1(C(C)=O)Cc2ccc(O)cc2C1,Oc1ccc2C[C@@](Cc2c1)(N[*])C([*])=O |$;;;;;;;;;;;_R1;;_R2;$|,Backbone
X2588,CN[C@H](C(=O)CN[C@@H](Cc1ccccc1)C(C)=O)[C@@H](C)O,C[C@@H](O)[C@H](N[*])C(=O)CN[C@@H](Cc1ccccc1)C([*])=O |$;;;;;_R1;;;;;;;;;;;;;;_R2;$|,Backbone
X2590,CCCCCCCCCCCCCCCCCCN1C(=O)C[C@@H](C(C)=O)NC1=O,CCCCCCCCCCCCCCCCCCN1C(=O)C[C@H](NC1=O)C([*])=O |$;;;;;;;;;;;;;;;;;;;;;;;;;;;_R2;$|,Backbone
X2609,CN[C@@H](CC(=O)O)C(=O)c1ncc(-c2ccccc2)o1,OC(=O)C[C@H](N[*])C(=O)c1ncc(o1)-c1ccccc1 |$;;;;;;_R1;;;;;;;;;;;;;$|,Backbone
X2677,COc1ccc(C=C2SC(=S)N([C@@H](Cc3ccccc3)C(C)=O)C2=O)cc1OC,"COc1ccc(C=C2SC(=S)N([C@@H](Cc3ccccc3)C([*])=O)C2=O)cc1OC |w:6.5,$;;;;;;;;;;;;;;;;;;;;;_R2;;;;;;;$|",Backbone
X2678,CN[C@H](C(=O)c1nc2ccccc2s1)[C@H]1CC[C@H](CN)CC1,NC[C@H]1CC[C@@H](CC1)[C@H](N[*])C(=O)c1nc2ccccc2s1 |$;;;;;;;;;;_R1;;;;;;;;;;;$|,Backbone
X2744,CN[C@@H](C[C@H]1CCNC1=O)C(=O)c1ccccn1,[*]N[C@@H](C[C@H]1CCNC1=O)C(=O)c1ccccn1 |$_R1;;;;;;;;;;;;;;;;;$|,Backbone
X2619,CC(=O)[C@@H](NC(=O)N[C@H](C)C(=O)O)C(C)C,CC(C)[C@H](NC(=O)N[C@H](C)C(O)=O)C([*])=O |$;;;;;;;;;;;;;;_R2;$|,Backbone
X2721,CNCC(=O)c1ccccc1,[*]NCC(=O)c1ccccc1 |$_R1;;;;;;;;;;$|,Backbone
X2647,CN[C@H](Cc1cccc(C(=N)N)c1)C(=O)c1nc2ccccc2s1,NC(=N)c1cccc(C[C@@H](N[*])C(=O)c2nc3ccccc3s2)c1 |$;;;;;;;;;;;_R1;;;;;;;;;;;;$|,Backbone
X2650,CN[C@H](C(=O)c1nnn(C)n1)C(C)C,CC(C)[C@H](N[*])C(=O)c1nnn(C)n1 |$;;;;;_R1;;;;;;;;$|,Backbone
X2652,CC(=O)[C@H](Cc1ccc(Cl)cc1)NS(C)(=O)=O,CS(=O)(=O)N[C@@H](Cc1ccc(Cl)cc1)C([*])=O |$;;;;;;;;;;;;;;;_R2;$|,Backbone
X2653,CCC(=O)OC(=O)N[C@@H](Cc1ccc(Cl)cc1)C(C)=O,CCC(=O)OC(=O)N[C@@H](Cc1ccc(Cl)cc1)C([*])=O |$;;;;;;;;;;;;;;;;;;_R2;$|,Backbone
X2549,CN[C@@H](Cc1ccccc1)C(=O)C(F)(F)CCc1ccccc1,FC(F)(CCc1ccccc1)C(=O)[C@H](Cc1ccccc1)N[*] |$;;;;;;;;;;;;;;;;;;;;;;_R1$|,Backbone
X2565,CN[C@]1(C(=O)O)C[C@H]1Cc1ccccc1,OC(=O)[C@]1(C[C@H]1Cc1ccccc1)N[*] |$;;;;;;;;;;;;;;_R1$|,Backbone
X2567,CC(=O)[C@@H](CC1CCCCC1)NC(=N)N,NC(=N)N[C@H](CC1CCCCC1)C([*])=O |$;;;;;;;;;;;;;_R2;$|,Backbone
X2300,CC(=O)CNCc1cccc(F)c1,Fc1cccc(CNCC([*])=O)c1 |$;;;;;;;;;;_R2;;$|,Backbone
X2467,CC(=O)CN(C)c1ccc(-c2ccccc2)cc1,[*]N(CC([*])=O)c1ccc(cc1)-c1ccccc1 |$_R1;;;;_R2;;;;;;;;;;;;;$|,Backbone
X2476,CCN(CC)CCCCCNCC(C)=O,CCN(CC)CCCCCNCC([*])=O |$;;;;;;;;;;;;;_R2;$|,Backbone
X2392,CC(=O)[C@@H](NCc1cc(C(F)(F)F)ccc1O)C(C)C,CC(C)[C@H](NCc1cc(ccc1O)C(F)(F)F)C([*])=O |$;;;;;;;;;;;;;;;;;;_R2;$|,Backbone
X2414,CC(=O)[C@@H]1C[C@@H](n2cc(-c3ccc(Cl)cc3)nn2)CN1C,Clc1ccc(cc1)-c1cn(nn1)[C@@H]1C[C@H](N([*])C1)C([*])=O |$;;;;;;;;;;;;;;;;_R1;;;_R2;$|,Backbone
X2365,CN[C@@H](CC(CO)CO)C(=O)O,OCC(CO)C[C@H](N[*])C(O)=O |$;;;;;;;;_R1;;;$|,Backbone
X2509,CN[C@@H](CCCCCP(=O)(OC)OC)C(C)=O,COP(=O)(CCCCC[C@H](N[*])C([*])=O)OC |$;;;;;;;;;;;_R1;;_R2;;;$|,Backbone
X2442,CC(=O)[C@@H]1C[C@@H](n2cc(-c3cccc4ccccc34)nn2)CN1C,[*]N1C[C@@H](C[C@H]1C([*])=O)n1cc(nn1)-c1cccc2ccccc12 |$_R1;;;;;;;_R2;;;;;;;;;;;;;;;;$|,Backbone
X2499,CC(=O)[C@@H](NCc1cc(C(=O)O)ccc1O)C(C)C,CC(C)[C@H](NCc1cc(ccc1O)C(O)=O)C([*])=O |$;;;;;;;;;;;;;;;;;_R2;$|,Backbone
X2369,CC(=O)[C@@H]1C[C@@H](Oc2cccc(-c3cccc([N+](=O)[O-])c3)c2)CN1C,[*]N1C[C@@H](C[C@H]1C([*])=O)Oc1cccc(c1)-c1cccc(c1)N(=O)=O |$_R1;;;;;;;_R2;;;;;;;;;;;;;;;;;$|,Backbone
X2409,CCSC,CCS[*] |$;;;_R3$|,Backbone
X2468,CN[C@@H](CC(=O)O)C(=O)Oc1cc(C(F)(F)F)nn1-c1ccccc1,OC(=O)C[C@H](N[*])C(=O)Oc1cc(nn1-c1ccccc1)C(F)(F)F |$;;;;;;_R1;;;;;;;;;;;;;;;;;;$|,Backbone
X2384,CC(=O)[C@H]1COC(=O)CN1C,[*]N1CC(=O)OC[C@@H]1C([*])=O |$_R1;;;;;;;;;_R2;$|,Backbone
X2335,CC(=O)CN(C)C1Cc2ccccc2C1,[*]N(CC([*])=O)C1Cc2ccccc2C1 |$_R1;;;;_R2;;;;;;;;;;$|,Backbone
X2325,CN[C@@H](CC(=O)O)C(=O)COc1cc(C(F)(F)F)nn1-c1ccccc1,OC(=O)C[C@H](N[*])C(=O)COc1cc(nn1-c1ccccc1)C(F)(F)F |$;;;;;;_R1;;;;;;;;;;;;;;;;;;;$|,Backbone
X2318,CC(=O)CNCC(c1ccccc1)c1ccccc1,[*]C(=O)CNCC(c1ccccc1)c1ccccc1 |$_R2;;;;;;;;;;;;;;;;;;$|,Backbone
X450,C=CCCC[C@](C)(NC)C(C)=O,C[C@@](CCCC=C)(N[*])C([*])=O |$;;;;;;;;_R1;;_R2;$|,Backbone
X527,CN[C@@H](CCCNC(=N)N)C(=O)c1ccccn1,NC(=N)NCCC[C@H](N[*])C(=O)c1ccccn1 |$;;;;;;;;;_R1;;;;;;;;$|,Backbone
X654,CN[C@@H](CSc1ccc([N+](=O)[O-])cc1[N+](=O)[O-])C(C)=O,[*]N[C@@H](CSc1ccc(cc1N(=O)=O)N(=O)=O)C([*])=O |$_R1;;;;;;;;;;;;;;;;;;_R2;$|,Backbone
X468,CC(=O)[C@@H](NS(C)(=O)=O)C(c1ccccc1)c1ccccc1,CS(=O)(=O)N[C@@H](C(c1ccccc1)c1ccccc1)C([*])=O |$;;;;;;;;;;;;;;;;;;;;_R2;$|,Backbone
X834,CN[C@H](C(C)=O)C1c2ccccc2-c2ccccc21,[*]N[C@@H](C1c2ccccc2-c2ccccc12)C([*])=O |$_R1;;;;;;;;;;;;;;;;;_R2;$|,Backbone
X544,CN[C@@H](CCCCNCc1ccc(C)cc1)C(C)=O,Cc1ccc(CNCCCC[C@H](N[*])C([*])=O)cc1 |$;;;;;;;;;;;;;_R1;;_R2;;;$|,Backbone
X771,CNC1(C(=O)OC)CCCCC1,COC(=O)C1(CCCCC1)N[*] |$;;;;;;;;;;;_R1$|,Backbone
D_MeF,CN[C@@H](CC(=O)O)C(=O)CF,OC(=O)C[C@H](N[*])C(=O)CF |$;;;;;;_R1;;;;$|,Backbone
X963,CN[C@@H](COC(=O)c1ccc(C)cc1)C(=O)OC,COC(=O)[C@H](COC(=O)c1ccc(C)cc1)N[*] |$;;;;;;;;;;;;;;;;;_R1$|,Backbone
X840,CCOC(=O)C(F)(F)C(=O)[C@@H](NC)C(C)C,CCOC(=O)C(F)(F)C(=O)[C@@H](N[*])C(C)C |$;;;;;;;;;;;;_R1;;;$|,Backbone
X966,CN[C@@H](Cc1ccc(CN)cc1)C(C)=O,NCc1ccc(C[C@H](N[*])C([*])=O)cc1 |$;;;;;;;;;_R1;;_R2;;;$|,Backbone
X672,CCCO[C@@H]1C[C@@H](C(C)=O)N(C)C1,CCCO[C@@H]1C[C@H](N([*])C1)C([*])=O |$;;;;;;;;_R1;;;_R2;$|,Backbone
X453,CC(=O)[C@@H]1C[C@@H](OS(=O)(=O)O)CN1C,OS(=O)(=O)O[C@@H]1C[C@H](N([*])C1)C([*])=O |$;;;;;;;;;_R1;;;_R2;$|,Backbone
X530,CCCC(CCC)NCCCC[C@H](NC)C(C)=O,CCCC(CCC)NCCCC[C@H](N[*])C([*])=O |$;;;;;;;;;;;;;;_R1;;_R2;$|,Backbone
X581,CN[C@@H](Cc1ccc(C(F)(F)C(=O)O)cc1)C(C)=O,OC(=O)C(F)(F)c1ccc(C[C@H](N[*])C([*])=O)cc1 |$;;;;;;;;;;;;;_R1;;_R2;;;$|,Backbone
X456,CSCC[C@H](NC(N)=O)C(C)=O,CSCC[C@H](NC(N)=O)C([*])=O |$;;;;;;;;;;_R2;$|,Backbone
X653,CC(=O)[C@H](CCC(=O)O)NCc1ccccc1,OC(=O)CC[C@H](NCc1ccccc1)C([*])=O |$;;;;;;;;;;;;;;;_R2;$|,Backbone
dPhe(2-CN),CN[C@H](Cc1ccccc1C#N)C(C)=O,[*]N[C@H](Cc1ccccc1C#N)C([*])=O |$_R1;;;;;;;;;;;;;_R2;$|,Backbone
X3030,CN[C@@H](CCCCNC(=S)NCCCC(=O)O)C(C)=O,OC(=O)CCCNC(=S)NCCCC[C@H](N[*])C([*])=O |$;;;;;;;;;;;;;;;;_R1;;_R2;$|,Backbone
X2844,CCC(C)(C)OC(=O)N[C@@H](Cc1c[nH]c2ccccc12)C(C)=O,CCC(C)(C)OC(=O)N[C@@H](Cc1c[nH]c2ccccc12)C([*])=O |$;;;;;;;;;;;;;;;;;;;;;_R2;$|,Backbone
X2518,CC(=O)[C@@H]1CCCN1[C@@H](CO)C(=O)O,OC[C@H](N1CCC[C@H]1C([*])=O)C(O)=O |$;;;;;;;;;_R2;;;;$|,Backbone
X2056,CN[C@H](C=O)[C@H](C)O,C[C@H](O)[C@H](N[*])C=O |$;;;;;_R1;;$|,Backbone
X1580,CNCCCC[C@H]([N-][N+]#N)C(C)=O,CNCCCC[C@H]([N-][N+]#N)C([*])=O |$;;;;;;;;;;;_R2;$|,Backbone
X1431,CCOC(=O)[C@H](CCc1ccccc1)N(C)C,CCOC(=O)[C@H](CCc1ccccc1)N(C)[*] |$;;;;;;;;;;;;;;;;_R1$|,Backbone
X1647,CN[C@@H](Cc1ccc(CN)cc1)C(=O)[C@@]1(C)CO1,C[C@@]1(CO1)C(=O)[C@H](Cc1ccc(CN)cc1)N[*] |$;;;;;;;;;;;;;;;;;_R1$|,Backbone
Cbz_W,CC(=O)[C@H](Cc1c[nH]c2ccccc12)NC(=O)OCc1ccccc1,[*]C(=O)[C@H](Cc1c[nH]c2ccccc12)NC(=O)OCc1ccccc1 |$_R2;;;;;;;;;;;;;;;;;;;;;;;;$|,Backbone
X2242,CN[C@@H](C(=O)c1ccccc1)N(C)C(=O)N[C@H](Cc1c[nH]c2ccccc12)C(C)=O,CN([C@@H](N[*])C(=O)c1ccccc1)C(=O)N[C@H](Cc1c[nH]c2ccccc12)C([*])=O |$;;;;_R1;;;;;;;;;;;;;;;;;;;;;;;;_R2;$|,Backbone
Wil,CN[C@@H](Cn1ccc(=O)[nH]c1=O)C(C)=O,[*]N[C@@H](Cn1ccc(=O)[nH]c1=O)C([*])=O |$_R1;;;;;;;;;;;;;_R2;$|,Backbone
dW,CN[C@H](Cc1c[nH]c2ccccc12)C(C)=O,[*]N[C@H](Cc1c[nH]c2ccccc12)C([*])=O |$_R1;;;;;;;;;;;;;;_R2;$|,Backbone
dP,CC(=O)[C@H]1CCCN1C,[*]N1CCC[C@@H]1C([*])=O |$_R1;;;;;;;_R2;$|,Backbone
X801,CC(=O)[C@H](CCCCN)NC(=O)N(CCCl)N=O,NCCCC[C@H](NC(=O)N(CCCl)N=O)C([*])=O |$;;;;;;;;;;;;;;;;_R2;$|,Backbone
X869,CC(=O)[C@H](C)NC(=S)[C@H](C)NC(=O)OC(C)(C)C,C[C@H](NC(=S)[C@H](C)NC(=O)OC(C)(C)C)C([*])=O |$;;;;;;;;;;;;;;;;_R2;$|,Backbone
Me_Aib,CNC(C)(C)C(C)=O,CNC(C)(C)C([*])=O |$;;;;;;_R2;$|,Backbone
X1108,CC(=O)[C@H](Cc1ccc(O)cc1)Nc1ccc(-c2ccccc2)cc1,Oc1ccc(C[C@H](Nc2ccc(cc2)-c2ccccc2)C([*])=O)cc1 |$;;;;;;;;;;;;;;;;;;;;;_R2;;;$|,Backbone
X1109,CS[C@@H]1CCN(C)[C@@H]1C(C)=O,CS[C@@H]1CCN([*])[C@@H]1C([*])=O |$;;;;;;_R1;;;_R2;$|,Backbone
X1166,CC(=O)[C@H](CCC(=O)O)NC(=O)OCc1ccccc1,OC(=O)CC[C@H](NC(=O)OCc1ccccc1)C([*])=O |$;;;;;;;;;;;;;;;;;;_R2;$|,Backbone
dThi,CN[C@H](Cc1cccs1)C(C)=O,[*]N[C@H](Cc1cccs1)C([*])=O |$_R1;;;;;;;;;;_R2;$|,Backbone
X752,CN[C@@](C)(CC(C)C)C(C)=O,CC(C)C[C@](C)(N[*])C([*])=O |$;;;;;;;_R1;;_R2;$|,Backbone
Me_Dpr,CC(=O)[C@H](CN)N(C)C,CN([*])[C@@H](CN)C([*])=O |$;;_R1;;;;;_R2;$|,Backbone
X1050,COc1ccccc1-c1cn([C@H]2C[C@@H](C(C)=O)N(C)C2)nn1,COc1ccccc1-c1cn(nn1)[C@H]1C[C@H](N([*])C1)C([*])=O |$;;;;;;;;;;;;;;;;;_R1;;;_R2;$|,Backbone
X891,CN[C@H]1CC(=O)NC1=O,[*]N[C@H]1CC(=O)NC1=O |$_R1;;;;;;;;$|,Backbone
X1208,CC[C@@H](O)[C@H](NC)C(C)=O,CC[C@@H](O)[C@H](N[*])C([*])=O |$;;;;;;_R1;;_R2;$|,Backbone
X1104,CC(=O)CN(N)CCCNC(=N)N,NN(CCCNC(N)=N)CC([*])=O |$;;;;;;;;;;;_R2;$|,Backbone
K_ac,CN[C@@H](CCCCN)C(=O)OC(C)=O,CC(=O)OC(=O)[C@H](CCCCN)N[*] |$;;;;;;;;;;;;;_R1$|,Backbone
X987,CC(=O)[C@H](Cc1c[nH]c2ccccc12)NC(=O)O,OC(=O)N[C@@H](Cc1c[nH]c2ccccc12)C([*])=O |$;;;;;;;;;;;;;;;;_R2;$|,Backbone
X712,CN[C@@H](Cc1ccc(B(O)O)cc1)C(C)=O,OB(O)c1ccc(C[C@H](N[*])C([*])=O)cc1 |$;;;;;;;;;;_R1;;_R2;;;$|,Backbone
X713,CN[C@H](CCC(C)C)C(C)=O,CC(C)CC[C@@H](N[*])C([*])=O |$;;;;;;;_R1;;_R2;$|,Backbone
X867,CCOc1ccc(C[C@H](NC)C(C)=O)cc1,CCOc1ccc(C[C@H](N[*])C([*])=O)cc1 |$;;;;;;;;;;_R1;;_R2;;;$|,Backbone
X861,CC(=O)[C@H](C)NCCc1ccc2ccccc2c1,C[C@H](NCCc1ccc2ccccc2c1)C([*])=O |$;;;;;;;;;;;;;;;;_R2;$|,Backbone
X1695,CN[C@@H](Cc1ccc2[nH]ccc2c1)C(C)=O,[*]N[C@@H](Cc1ccc2[nH]ccc2c1)C([*])=O |$_R1;;;;;;;;;;;;;;_R2;$|,Backbone
X1769,CC(=O)[C@@H]1CCC(=O)NN1C,[*]N1NC(=O)CC[C@H]1C([*])=O |$_R1;;;;;;;;;_R2;$|,Backbone
X1973,CC(=O)[C@H](Cc1ccc(O)c(I)c1)NC(N)=O,NC(=O)N[C@@H](Cc1ccc(O)c(I)c1)C([*])=O |$;;;;;;;;;;;;;;;_R2;$|,Backbone
X2042,CC[C@@]1(OC(=O)N(CCCN)CC(C)=O)C(=O)OCc2c1cc1n(c2=O)Cc2cc3ccccc3nc2-1,CC[C@@]1(OC(=O)N(CCCN)CC([*])=O)C(=O)OCc2c1cc1-c3nc4ccccc4cc3Cn1c2=O |$;;;;;;;;;;;;;_R2;;;;;;;;;;;;;;;;;;;;;;;$|,Backbone
X2046,CN[C@H](C(C)=O)c1cccc(F)c1,Fc1cccc(c1)[C@H](N[*])C([*])=O |$;;;;;;;;;_R1;;_R2;$|,Backbone
X2020,CSC[C@@H](NCC(C)C)C(C)=O,CC(C)CN[C@H](CS[*])C([*])=O |$;;;;;;;;_R3;;_R2;$|,Backbone
X1963,CC(=O)[C@@H]1NCC[C@@H]1c1ccc(O)cc1,Oc1ccc(cc1)[C@H]1CCN[C@H]1C([*])=O |$;;;;;;;;;;;;;_R2;$|,Backbone
X2021,CSC[C@@H](NC(=O)Nc1ccccc1)C(C)=O,[*]C(=O)[C@@H](CS[*])NC(=O)Nc1ccccc1 |$_R2;;;;;;_R3;;;;;;;;;;$|,Backbone
X2012,CC(=O)[C@H](C)NC(=O)Nc1cccc(C)c1,C[C@H](NC(=O)Nc1cccc(C)c1)C([*])=O |$;;;;;;;;;;;;;;_R2;$|,Backbone
X2013,CC(=O)[C@H](C)NS(=O)(=O)c1c(C)cc(C)cc1C,C[C@H](NS(=O)(=O)c1c(C)cc(C)cc1C)C([*])=O |$;;;;;;;;;;;;;;;;_R2;$|,Backbone
X2026,CN[C@H](Cc1cc(I)c(O)c(I)c1)C(C)=O,Oc1c(I)cc(C[C@@H](N[*])C([*])=O)cc1I |$;;;;;;;;;_R1;;_R2;;;;$|,Backbone
X1760,CC=CC[C@@H](C)[C@H](O)[C@@H](C(C)=O)N(C)C,"CC=CC[C@@H](C)[C@H](O)[C@H](N(C)[*])C([*])=O |w:1.0,$;;;;;;;;;;;_R1;;_R2;$|",Backbone
X1691,CNC1(C(C)=O)CCN(C(=N)N)CC1,NC(=N)N1CCC(CC1)(N[*])C([*])=O |$;;;;;;;;;;_R1;;_R2;$|,Backbone
X1928,CN[C@H](COCC(C)(C)O)C(C)=O,CC(C)(O)COC[C@@H](N[*])C([*])=O |$;;;;;;;;;_R1;;_R2;$|,Backbone
X1945,CCOC[C@@H](C)[C@@H](O)[C@@H](C(C)=O)N(C)C,CCOC[C@@H](C)[C@@H](O)[C@H](N(C)[*])C([*])=O |$;;;;;;;;;;;_R1;;_R2;$|,Backbone
X1940,CN[C@@H](Cc1cn(CCN)c2ccccc12)C(C)=O,NCCn1cc(C[C@H](N[*])C([*])=O)c2ccccc12 |$;;;;;;;;;_R1;;_R2;;;;;;;$|,Backbone
X1798,CN[C@@H](CCCCCC(=O)C(F)(F)F)C(C)=O,FC(F)(F)C(=O)CCCCC[C@H](N[*])C([*])=O |$;;;;;;;;;;;;;_R1;;_R2;$|,Backbone
Me_dHcy,CC(=O)[C@@H](CCS)N(C)C,CN([*])[C@H](CCS)C([*])=O |$;;_R1;;;;;;_R2;$|,Backbone
X1807,C=C(CO)COC[C@@H](NC)C(C)=O,OCC(=C)COC[C@@H](N[*])C([*])=O |$;;;;;;;;;_R1;;_R2;$|,Backbone
X1728,CN[C@@H](C(C)=O)[C@@H](OCc1ccccc1)c1ccccc1,[*]N[C@H]([C@@H](OCc1ccccc1)c1ccccc1)C([*])=O |$_R1;;;;;;;;;;;;;;;;;;;_R2;$|,Backbone
dLys(Me)2,CN[C@H](CCCCN(C)C)C(C)=O,CN(C)CCCC[C@@H](N[*])C([*])=O |$;;;;;;;;;_R1;;_R2;$|,Backbone
X1754,CN[C@@H](CCCCCSC(C)=O)C(C)=O,CC(=O)SCCCCC[C@H](N[*])C([*])=O |$;;;;;;;;;;;_R1;;_R2;$|,Backbone
X1670,CC=CC[C@@H](C)[C@@H](O)[C@@H](C(C)=O)N(C)C,"CC=CC[C@@H](C)[C@@H](O)[C@H](N(C)[*])C([*])=O |w:1.0,$;;;;;;;;;;;_R1;;_R2;$|",Backbone
Lys(Tac),CN[C@@H](CCCCNC(C)=S)C(C)=O,CC(=S)NCCCC[C@H](N[*])C([*])=O |$;;;;;;;;;;_R1;;_R2;$|,Backbone
X45,CN[C@@H](COC)C(C)=O,COC[C@H](N[*])C([*])=O |$;;;;;_R1;;_R2;$|,Backbone
Boc_G,CC(=O)CNC(=O)OC(C)(C)C,CC(C)(C)OC(=O)NCC([*])=O |$;;;;;;;;;;_R2;$|,Backbone
Me_dNal,CC(=O)[C@@H](Cc1ccc2ccccc2c1)N(C)C,CN([*])[C@H](Cc1ccc2ccccc2c1)C([*])=O |$;;_R1;;;;;;;;;;;;;;_R2;$|,Backbone
X94,CC(=O)[C@@H](N)CC(=O)NC(=O)c1ccccc1N,N[C@@H](CC(=O)NC(=O)c1ccccc1N)C([*])=O |$;;;;;;;;;;;;;;;;_R2;$|,Backbone
X287,CCC(CC)NC(=O)N[C@H](C(C)=O)C(C)(C)C,CCC(CC)NC(=O)N[C@H](C([*])=O)C(C)(C)C |$;;;;;;;;;;;_R2;;;;;$|,Backbone
X167,CNC1(C(=O)OC)CCC1,COC(=O)C1(CCC1)N[*] |$;;;;;;;;;_R1$|,Backbone
X163,CC(=O)[C@@H]1CCCN1C(=S)Nc1ccc(S(N)(=O)=O)cc1,NS(=O)(=O)c1ccc(NC(=S)N2CCC[C@H]2C([*])=O)cc1 |$;;;;;;;;;;;;;;;;;_R2;;;$|,Backbone
X294,CN[C@@H](C)C(=O)OCCc1ccccc1,C[C@H](N[*])C(=O)OCCc1ccccc1 |$;;;_R1;;;;;;;;;;;$|,Backbone
F_OMe,CN[C@@H](Cc1ccccc1)C(=O)OC,COC(=O)[C@H](Cc1ccccc1)N[*] |$;;;;;;;;;;;;;_R1$|,Backbone
X354,CC(=O)[C@@]1(C)COC(c2cn(C)c3cc(Cl)cc(O)c23)=N1,"Cn1cc(C2=N[C@](C)(CO2)C([*])=O)c2c(O)cc(Cl)cc12 |$;;;;;;;;;;;_R2;;;;;;;;;$,t:4|",Backbone
Me_dF,CC(=O)[C@@H](Cc1ccccc1)N(C)C,CN([*])[C@H](Cc1ccccc1)C([*])=O |$;;_R1;;;;;;;;;;_R2;$|,Backbone
X117,CNCC=O,[*]NCC=O |$_R1;;;;$|,Backbone
dHyp,CC(=O)[C@H]1C[C@H](O)CN1C,O[C@H]1C[C@@H](N([*])C1)C([*])=O |$;;;;;_R1;;;_R2;$|,Backbone
X282,CN[C@@H](C)C(=O)C(F)(F)F,C[C@H](N[*])C(=O)C(F)(F)F |$;;;_R1;;;;;;$|,Backbone
Chg,CN[C@H](C(C)=O)C1CCCCC1,[*]N[C@@H](C1CCCCC1)C([*])=O |$_R1;;;;;;;;;;_R2;$|,Backbone
Orn,CNCCC[C@H](NC)C(C)=O,[*]N[C@@H](CCCN[*])C([*])=O |$_R1;;;;;;;_R3;;_R2;$|,Backbone
X24,CN[C@@H](CCCNc1nnc(N)[nH]1)C(C)=O,Nc1nnc(NCCC[C@H](N[*])C([*])=O)[nH]1 |$;;;;;;;;;;;_R1;;_R2;;$|,Backbone
X26,CCCC(CCC)(NC)C(C)=O,CCCC(CCC)(N[*])C([*])=O |$;;;;;;;;_R1;;_R2;$|,Backbone
X2765,CC(=O)[C@H](C(C)C)N(C)OC(=O)[C@H](C(C)C)N(C)C,CC(C)[C@H](N(C)[*])C(=O)ON(C)[C@@H](C(C)C)C([*])=O |$;;;;;;_R1;;;;;;;;;;;_R2;$|,Backbone
X2786,CN[C@@H](CCCCN(C)C(=O)Nc1ccccc1C)C(C)=O,CN(CCCC[C@H](N[*])C([*])=O)C(=O)Nc1ccccc1C |$;;;;;;;;_R1;;_R2;;;;;;;;;;;$|,Backbone
X2352,CCOC(=O)[C@H]1[C@H](C(C)=O)N1C,CCOC(=O)[C@H]1[C@@H](N1[*])C([*])=O |$;;;;;;;;_R1;;_R2;$|,Backbone
X2835,CN[C@@H](Cc1cnc(-c2ccccc2)[nH]1)C(C)=O,[*]N[C@@H](Cc1cnc([nH]1)-c1ccccc1)C([*])=O |$_R1;;;;;;;;;;;;;;;;_R2;$|,Backbone
X2828,CN[C@@H](CCCCNC(=O)NC1CCCCC1)C(C)=O,[*]N[C@@H](CCCCNC(=O)NC1CCCCC1)C([*])=O |$_R1;;;;;;;;;;;;;;;;;;_R2;$|,Backbone
X2554,CN[C@H](Cc1ccc(Cc2ccccc2)cc1)C(C)=O,[*]N[C@H](Cc1ccc(Cc2ccccc2)cc1)C([*])=O |$_R1;;;;;;;;;;;;;;;;;;_R2;$|,Backbone
X2736,CN[C@@H](C[C@@H]1CCNC1=O)C(=O)Oc1cncc(Cl)c1,Clc1cncc(OC(=O)[C@H](C[C@@H]2CCNC2=O)N[*])c1 |$;;;;;;;;;;;;;;;;;;_R1;$|,Backbone
X2742,CNCC(=O)c1nc2ccccc2[nH]1,[*]NCC(=O)c1nc2ccccc2[nH]1 |$_R1;;;;;;;;;;;;;$|,Backbone
X1847,CNC1(C(C)=O)[C@@H](c2ccccc2)[C@@H]1c1ccccc1,[*]NC1([C@H]([C@@H]1c1ccccc1)c1ccccc1)C([*])=O |$_R1;;;;;;;;;;;;;;;;;;_R2;$|,Backbone
X2091,CC[C@H](C)[C@H](N)C1=N[C@H](C(C)=O)CS1,"CC[C@H](C)[C@H](N)C1=N[C@@H](CS1)C([*])=O |$;;;;;;;;;;;;_R2;$,t:6|",Backbone
X2083,CC(=O)[C@@H]1C[C@@H](OC(=O)NCc2ccccc2)CN1C,[*]N1C[C@@H](C[C@H]1C([*])=O)OC(=O)NCc1ccccc1 |$_R1;;;;;;;_R2;;;;;;;;;;;;$|,Backbone
X2251,CN[C@H](C(=O)NC(=O)N[C@H](C(C)=O)C(C)C)C(C)C,CC(C)[C@H](NC(=O)NC(=O)[C@@H](N[*])C(C)C)C([*])=O |$;;;;;;;;;;;;_R1;;;;;_R2;$|,Backbone
X2109,CCCCCCCC(=O)Oc1ccc(C[C@H](NC)C(=O)OC)cc1,CCCCCCCC(=O)Oc1ccc(C[C@H](N[*])C(=O)OC)cc1 |$;;;;;;;;;;;;;;;;;_R1;;;;;;$|,Backbone
X2181,CC(=O)[C@@H]1C[C@@H](OC(=O)N2Cc3ccc(F)cc3C2)CN1C,Fc1ccc2CN(Cc2c1)C(=O)O[C@@H]1C[C@H](N([*])C1)C([*])=O |$;;;;;;;;;;;;;;;;;_R1;;;_R2;$|,Backbone
X2182,CC(=O)[C@H](Cc1ccccc1)NS(=O)(=O)N1CCOCC1,[*]C(=O)[C@H](Cc1ccccc1)NS(=O)(=O)N1CCOCC1 |$_R2;;;;;;;;;;;;;;;;;;;;$|,Backbone
X2229,CN[C@@H](CC(=O)O)C(=O)COC1=C(Cc2ccccc2)C(=O)OC1,"OC(=O)C[C@H](N[*])C(=O)COC1=C(Cc2ccccc2)C(=O)OC1 |$;;;;;;_R1;;;;;;;;;;;;;;;;;$,c:11|",Backbone
Me_meR,CC(=O)[C@H](CCCNC(=N)N)N(C)C,CN(C)[C@@H](CCCNC(N)=N)C([*])=O |$;;;;;;;;;;;;_R2;$|,Backbone
X2208,CN[C@@H](CCCCN)C(=O)c1nc2ccccc2[nH]1,NCCCC[C@H](N[*])C(=O)c1nc2ccccc2[nH]1 |$;;;;;;;_R1;;;;;;;;;;;$|,Backbone
X2144,CC(=O)[C@H](Cc1ccc(O)cc1)NS(=O)(=O)c1cccc2c(N(C)C)cccc12,CN(C)c1cccc2c(cccc12)S(=O)(=O)N[C@@H](Cc1ccc(O)cc1)C([*])=O |$;;;;;;;;;;;;;;;;;;;;;;;;;;;_R2;$|,Backbone
X2245,CC(=O)Cn1ncc(=O)n(CC(=O)O)c1=O,OC(=O)Cn1c(=O)cnn(CC([*])=O)c1=O |$;;;;;;;;;;;;_R2;;;$|,Backbone
X2204,CN[C@H](C=O)CSCCCCOc1ccc(C[C@H](NS(=O)(=O)c2ccc(F)cc2)C(C)=O)cc1,Fc1ccc(cc1)S(=O)(=O)N[C@@H](Cc1ccc(OCCCCSC[C@H](N[*])C=O)cc1)C([*])=O |$;;;;;;;;;;;;;;;;;;;;;;;;;;_R1;;;;;;_R2;$|,Backbone
X2037,CN[C@@H](Cc1cc(Br)c(O)c(Br)c1)C(C)=O,Oc1c(Br)cc(C[C@H](N[*])C([*])=O)cc1Br |$;;;;;;;;;_R1;;_R2;;;;$|,Backbone
X2001,CN[C@H](C(C)=O)c1ccc(C(F)(F)F)cc1,FC(F)(F)c1ccc(cc1)[C@H](N[*])C([*])=O |$;;;;;;;;;;;;_R1;;_R2;$|,Backbone
X1064,CC(=O)[C@H](CC(C)C)NS(=O)(=O)CCN(C)C,CC(C)C[C@H](NS(=O)(=O)CCN(C)C)C([*])=O |$;;;;;;;;;;;;;;;_R2;$|,Backbone
X1015,CN[C@@H](Cc1cc[nH]c1)C(C)=O,[*]N[C@@H](Cc1cc[nH]c1)C([*])=O |$_R1;;;;;;;;;;_R2;$|,Backbone
X1495,CC(=O)[C@H]1[C@H](c2ccccc2)CN1C,[*]N1C[C@H]([C@@H]1C([*])=O)c1ccccc1 |$_R1;;;;;;_R2;;;;;;;$|,Backbone
X1364,CCCCCCOC(=O)N[C@@H](Cc1ccccc1)C(C)=O,CCCCCCOC(=O)N[C@@H](Cc1ccccc1)C([*])=O |$;;;;;;;;;;;;;;;;;;;_R2;$|,Backbone
X1439,CCCNC(=O)N[C@@H](CCSC)C(C)=O,CCCNC(=O)N[C@@H](CCSC)C([*])=O |$;;;;;;;;;;;;;_R2;$|,Backbone
X1296,CN[C@@H](CCCC[NH3+])C(C)=O,[NH3+]CCCC[C@H](N[*])C([*])=O |$;;;;;;;_R1;;_R2;$|,Backbone
X1384,CCC(CC)C[C@@H](NC)C(C)=O,CCC(CC)C[C@@H](N[*])C([*])=O |$;;;;;;;;_R1;;_R2;$|,Backbone
X1273,CN[C@@H](CCCCNC(=S)CC(C)C)C(C)=O,CC(C)CC(=S)NCCCC[C@H](N[*])C([*])=O |$;;;;;;;;;;;;;_R1;;_R2;$|,Backbone
X1342,CCC[C@H]1C[C@@]1(NC)C(=O)O,CCC[C@H]1C[C@@]1(N[*])C(O)=O |$;;;;;;;_R1;;;$|,Backbone
X1343,CN[C@H](CCCNC(=N)N)C(=O)c1nccs1,NC(=N)NCCC[C@@H](N[*])C(=O)c1nccs1 |$;;;;;;;;;_R1;;;;;;;$|,Backbone
X1379,CN[C@H](C(C)=O)C(C)(C)S(C)(=O)=O,CC(C)([C@H](N[*])C([*])=O)S(C)(=O)=O |$;;;;;_R1;;_R2;;;;;$|,Backbone
X1348,CC(=O)[C@@H](N)CC1=NCN(C)C1,"CN1CN=C(C[C@H](N)C([*])=O)C1 |$;;;;;;;;;_R2;;$,t:3|",Backbone
X1457,CN[C@]1(C(C)=O)Cc2ccc(O)cc2C1,Oc1ccc2C[C@](Cc2c1)(N[*])C([*])=O |$;;;;;;;;;;;_R1;;_R2;$|,Backbone
X1458,CC(=O)[C@@H]1[C@H](C)CCN1C,C[C@@H]1CCN([*])[C@@H]1C([*])=O |$;;;;;_R1;;;_R2;$|,Backbone
Cys(tBu),CN[C@@H](CSC(C)(C)C)C(C)=O,CC(C)(C)SC[C@H](N[*])C([*])=O |$;;;;;;;;_R1;;_R2;$|,Backbone
X1412,CS[C@H]1CCN(C)[C@@H]1C(C)=O,CS[C@H]1CCN([*])[C@@H]1C([*])=O |$;;;;;;_R1;;;_R2;$|,Backbone
X1411,CN[C@H](C=O)Cc1cccs1,[*]N[C@@H](Cc1cccs1)C=O |$_R1;;;;;;;;;;$|,Backbone
X1188,CC(=O)[C@@H]1C[C@@H](n2cc(-c3ccccc3)nn2)CN1C,[*]N1C[C@@H](C[C@H]1C([*])=O)n1cc(nn1)-c1ccccc1 |$_R1;;;;;;;_R2;;;;;;;;;;;;$|,Backbone
X1013,CN[C@@H](COC(=O)CCCCCCCBr)C(C)=O,BrCCCCCCCC(=O)OC[C@H](N[*])C([*])=O |$;;;;;;;;;;;;;;_R1;;_R2;$|,Backbone
meR,CC(=O)[C@H](CCCNC(=N)N)N(C)C,CN([*])[C@@H](CCCNC(N)=N)C([*])=O |$;;_R1;;;;;;;;;;_R2;$|,Backbone
X176,CN[C@H](CCC(=O)c1ccc(OC)cc1)C(C)=O,COc1ccc(cc1)C(=O)CC[C@@H](N[*])C([*])=O |$;;;;;;;;;;;;;;_R1;;_R2;$|,Backbone
Me_meV,CC(=O)[C@H](C(C)C)N(C)C,CC(C)[C@H](N(C)C)C([*])=O |$;;;;;;;;_R2;$|,Backbone
X188,CN[C@H](Cc1c2ccccc2cc2ccccc12)C(C)=O,[*]N[C@H](Cc1c2ccccc2cc2ccccc12)C([*])=O |$_R1;;;;;;;;;;;;;;;;;;;_R2;$|,Backbone
X348,CCCCNC(=N)NCCCC[C@H](NC)C(C)=O,CCCCNC(=N)NCCCC[C@H](N[*])C([*])=O |$;;;;;;;;;;;;;;_R1;;_R2;$|,Backbone
X190,CNCC(=O)NC(=O)CC[N+]1=C(C=CC=CC=CC=C2N(CCC(=O)O)c3ccc4ccccc4c3C2(C)C)C(C)(C)c2c1ccc1ccccc21,"CC1(C)C(=CC=CC=CC=CC2=[N+](CCC(=O)NC(=O)CN[*])c3ccc4ccccc4c3C2(C)C)N(CCC(O)=O)c2ccc3ccccc3c12 |w:4.4,6.6,8.8,10.10,$;;;;;;;;;;;;;;;;;;;;;;_R1;;;;;;;;;;;;;;;;;;;;;;;;;;;;;$,c:11|",Backbone
X410,C=CCN[C@@H](Cc1c(C)cc(O)cc1C)C(C)=O,Cc1cc(O)cc(C)c1C[C@H](NCC=C)C([*])=O |$;;;;;;;;;;;;;;;;_R2;$|,Backbone
X202,CN[C@@H](CSC)C(C)=O,CSC[C@H](N[*])C([*])=O |$;;;;;_R1;;_R2;$|,Backbone
A_OBzl,CN[C@@H](C)C(=O)OCc1ccccc1,C[C@H](N[*])C(=O)OCc1ccccc1 |$;;;_R1;;;;;;;;;;$|,Backbone
X371,CCN(CC)[C@@H](Cc1ccc2ccccc2c1)C(C)=O,CCN(CC)[C@@H](Cc1ccc2ccccc2c1)C([*])=O |$;;;;;;;;;;;;;;;;;;_R2;$|,Backbone
X316,CN[C@@]1(C(C)=O)CCc2cc(O)ccc2C1,Oc1ccc2C[C@](CCc2c1)(N[*])C([*])=O |$;;;;;;;;;;;;_R1;;_R2;$|,Backbone
X378,CN[C@@H](Cc1ccc(C(C(=O)O)C(=O)O)cc1)C(C)=O,OC(=O)C(C(O)=O)c1ccc(C[C@H](N[*])C([*])=O)cc1 |$;;;;;;;;;;;;;;_R1;;_R2;;;$|,Backbone
X1507,C#CCNCCCC[C@H](NC)C(C)=O,[*]N[C@@H](CCCCNCC#C)C([*])=O |$_R1;;;;;;;;;;;;_R2;$|,Backbone
X1521,CN[C@@H](CCC(=O)[CH-][N+]#N)C(C)=O,[*]N[C@@H](CCC(=O)[CH-][N+]#N)C([*])=O |$_R1;;;;;;;;;;;_R2;$|,Backbone
X1539,CC(=O)[C@@H]1[C@H](C)c2ccccc2CN1C,C[C@H]1[C@H](N([*])Cc2ccccc12)C([*])=O |$;;;;_R1;;;;;;;;;_R2;$|,Backbone
X1627,CC(=O)[C@H](CCC(=O)O)NCCC1CCCCCC1,OC(=O)CC[C@H](NCCC1CCCCCC1)C([*])=O |$;;;;;;;;;;;;;;;;;_R2;$|,Backbone
X1640,CC(=O)[C@H](CC(C)(C)C)N(C)C,CN(C)[C@@H](CC(C)(C)C)C([*])=O |$;;;;;;;;;;_R2;$|,Backbone
X1662,CC(=O)[C@@H]1CC[C@H](C(C)(C)C)N1C,CC(C)(C)[C@H]1CC[C@H](N1[*])C([*])=O |$;;;;;;;;;_R1;;_R2;$|,Backbone
X1179,CN[C@@H](C=O)CCCNC(=N)N,NC(=N)NCCC[C@@H](N[*])C=O |$;;;;;;;;;_R1;;$|,Backbone
X1855,C=C[C@H](C)[C@@H](C(C)=O)N(C)C,C[C@@H](C=C)[C@H](N(C)[*])C([*])=O |$;;;;;;;_R1;;_R2;$|,Backbone
X1075,CN[C@@H](Cc1ccccc1O)C(=O)O,OC(=O)[C@H](Cc1ccccc1O)N[*] |$;;;;;;;;;;;;;_R1$|,Backbone
X640,CN[C@H](Cc1c[nH]c2cc(F)ccc12)C(C)=O,Fc1ccc2c(C[C@@H](N[*])C([*])=O)c[nH]c2c1 |$;;;;;;;;;_R1;;_R2;;;;;$|,Backbone
X464,CC(=O)[C@H](NC[C@H](N)CS)C(C)C,CC(C)[C@@H](NC[C@H](N)CS)C([*])=O |$;;;;;;;;;;;_R2;$|,Backbone
X2532,CC(=O)[C@H](Cc1c[nH]c2ccccc12)NS(=O)(=O)Cc1ccccc1,[*]C(=O)[C@H](Cc1c[nH]c2ccccc12)NS(=O)(=O)Cc1ccccc1 |$_R2;;;;;;;;;;;;;;;;;;;;;;;;$|,Backbone
M_OBzl,CN[C@@H](CCSC)C(=O)OCc1ccccc1,CSCC[C@H](N[*])C(=O)OCc1ccccc1 |$;;;;;;_R1;;;;;;;;;;$|,Backbone
X2600,COc1ccc(C=C2SC(=S)N(CC(C)=O)C2=O)cc1OC,"COc1ccc(C=C2SC(=S)N(CC([*])=O)C2=O)cc1OC |w:6.5,$;;;;;;;;;;;;;;_R2;;;;;;;$|",Backbone
X2596,CN[C@@H](C)C(=O)c1nc2ccccc2[nH]1,C[C@H](N[*])C(=O)c1nc2ccccc2[nH]1 |$;;;_R1;;;;;;;;;;;$|,Backbone
X2684,CC(=O)[C@@H]1C[C@@H](Oc2ccnc3cc(C(F)(F)F)ccc23)CN1C,FC(F)(F)c1ccc2c(O[C@@H]3C[C@H](N([*])C3)C([*])=O)ccnc2c1 |$;;;;;;;;;;;;;;_R1;;;_R2;;;;;;$|,Backbone
X2639,CC(=O)[C@@H](NC(=O)N[C@@H](Cc1ccccc1)C(=O)O)[C@H]1CCN=C(N)N1,"NC1=NCC[C@@H](N1)[C@H](NC(=O)N[C@@H](Cc1ccccc1)C(O)=O)C([*])=O |$;;;;;;;;;;;;;;;;;;;;;;;;_R2;$,t:1|",Backbone
X2667,COC(=O)C[C@H](NC(=O)N[C@@H](Cc1ccccc1)C(C)=O)C(=O)O,COC(=O)C[C@H](NC(=O)N[C@@H](Cc1ccccc1)C([*])=O)C(O)=O |$;;;;;;;;;;;;;;;;;;;_R2;;;;$|,Backbone
X2693,CN[C@@H](CC(C)C)C(=O)c1nc2ccccc2[nH]1,CC(C)C[C@H](N[*])C(=O)c1nc2ccccc2[nH]1 |$;;;;;;_R1;;;;;;;;;;;$|,Backbone
X2728,CC(=O)[C@H](CO)NC(=O)O,OC[C@H](NC(O)=O)C([*])=O |$;;;;;;;;_R2;$|,Backbone
X2642,CC(=O)[C@H](C)NS(=O)(=O)c1ccc2ccc3cccc4ccc1c2c34,C[C@H](NS(=O)(=O)c1ccc2ccc3cccc4ccc1c2c34)C([*])=O |$;;;;;;;;;;;;;;;;;;;;;;;_R2;$|,Backbone
X2548,CN[C@@H](Cc1ccc(-c2ccc(C(C)(C)C)cc2)cc1)C(C)=O,CC(C)(C)c1ccc(cc1)-c1ccc(C[C@H](N[*])C([*])=O)cc1 |$;;;;;;;;;;;;;;;;;_R1;;_R2;;;$|,Backbone
X2529,CN[C@H](C=O)CCS(C)=O,CS(=O)CC[C@H](N[*])C=O |$;;;;;;;_R1;;$|,Backbone
X2339,CN[C@@H](Cc1cn(-c2cc3ccc(O)cc3oc2=O)nn1)C(C)=O,Oc1ccc2cc(-n3cc(C[C@H](N[*])C([*])=O)nn3)c(=O)oc2c1 |$;;;;;;;;;;;;;_R1;;_R2;;;;;;;;$|,Backbone
X2303,CC(=O)[C@H](CSC(=O)OCc1ccccc1)NC(=O)OCc1ccccc1,[*]C(=O)[C@H](CSC(=O)OCc1ccccc1)NC(=O)OCc1ccccc1 |$_R2;;;;;;;;;;;;;;;;;;;;;;;;;;$|,Backbone
X2448,CC(=O)[C@H](Cc1ccccc1)NNC(=O)NCc1ccc(F)cc1,Fc1ccc(CNC(=O)NN[C@@H](Cc2ccccc2)C([*])=O)cc1 |$;;;;;;;;;;;;;;;;;;;;_R2;;;$|,Backbone
X2397,CC(=O)[C@H](CCCNC(=N)N)NC(=O)O,NC(=N)NCCC[C@H](NC(O)=O)C([*])=O |$;;;;;;;;;;;;;_R2;$|,Backbone
X2347,CN[C@@H](Cc1cnc[nH]1)C(=O)c1nccs1,[*]N[C@@H](Cc1cnc[nH]1)C(=O)c1nccs1 |$_R1;;;;;;;;;;;;;;;$|,Backbone
X2462,CN[C@H](CCS(N)(=O)=O)C(=O)O,NS(=O)(=O)CC[C@@H](N[*])C(O)=O |$;;;;;;;;_R1;;;$|,Backbone
X2380,CN[C@H](C(=O)c1nc2cc(CO)ccc2o1)C(C)C,CC(C)[C@H](N[*])C(=O)c1nc2cc(CO)ccc2o1 |$;;;;;_R1;;;;;;;;;;;;;$|,Backbone
X2411,CN[C@@H](C[C@@H]1CCCN(C(=N)N)C1)C(=O)c1nc2ccccc2s1,NC(=N)N1CCC[C@@H](C[C@H](N[*])C(=O)c2nc3ccccc3s2)C1 |$;;;;;;;;;;;_R1;;;;;;;;;;;;$|,Backbone
X2465,CN[C@H](C(C)=O)c1ccc(OP(=O)(O)O)cc1,OP(O)(=O)Oc1ccc(cc1)[C@H](N[*])C([*])=O |$;;;;;;;;;;;;;_R1;;_R2;$|,Backbone
X2435,CN[C@@H](CCC(=O)c1nccs1)C(=O)c1nccs1,[*]N[C@@H](CCC(=O)c1nccs1)C(=O)c1nccs1 |$_R1;;;;;;;;;;;;;;;;;;$|,Backbone
X2469,CN[C@@H](Cc1ccccc1)C(=O)c1nccs1,[*]N[C@@H](Cc1ccccc1)C(=O)c1nccs1 |$_R1;;;;;;;;;;;;;;;;$|,Backbone
X2258,CN[C@@H](N)C(C)=O,N[C@H](N[*])C([*])=O |$;;;_R1;;_R2;$|,Backbone
X2327,CN[C@@H](Cc1ccc(O)c(Cc2ccccc2)c1)C(C)=O,Oc1ccc(C[C@H](N[*])C([*])=O)cc1Cc1ccccc1 |$;;;;;;;;_R1;;_R2;;;;;;;;;;$|,Backbone
X444,CC(=O)CN(C)CCN,NCCN([*])CC([*])=O |$;;;;_R1;;;_R2;$|,Backbone
X528,CC(=O)CNC[C@@H](N)Cc1ccc(C)cc1,Cc1ccc(C[C@H](N)CNCC([*])=O)cc1 |$;;;;;;;;;;;;_R2;;;$|,Backbone
X655,CNC1(C(=O)OC)CCCCCCC1,COC(=O)C1(CCCCCCC1)N[*] |$;;;;;;;;;;;;;_R1$|,Backbone
X541,CCOC(=O)[C@H]1CCCN1C,CCOC(=O)[C@H]1CCCN1[*] |$;;;;;;;;;;_R1$|,Backbone
X664,CN[C@H](C(=O)C[C@H](C(=O)O)C(C)C)C(C)C,CC(C)[C@H](CC(=O)[C@@H](N[*])C(C)C)C(O)=O |$;;;;;;;;;_R1;;;;;;$|,Backbone
X916,CN[C@@H](CCC[NH+]=C(N)N)C(C)=O,NC(N)=[NH+]CCC[C@H](N[*])C([*])=O |$;;;;;;;;;_R1;;_R2;$|,Backbone
X846,CC(=O)[C@H](CCCNCCCCN)[N-][N+]#N,NCCCCNCCC[C@H]([N-][N+]#N)C([*])=O |$;;;;;;;;;;;;;;_R2;$|,Backbone
X776,CC(=O)[C@@H](N)Cc1ccc(OP(=O)(O)O)c(N)c1,N[C@@H](Cc1ccc(OP(O)(O)=O)c(N)c1)C([*])=O |$;;;;;;;;;;;;;;;;_R2;$|,Backbone
X784,CCOC(=O)N[C@H](CCSCc1ccccc1)C(C)=O,CCOC(=O)N[C@H](CCSCc1ccccc1)C([*])=O |$;;;;;;;;;;;;;;;;;;_R2;$|,Backbone
X828,CC(=O)CNC(=O)O,OC(=O)NCC([*])=O |$;;;;;;_R2;$|,Backbone
X848,CCCc1ccccc1-c1ccc(C[C@H](NC)C(C)=O)cc1,CCCc1ccccc1-c1ccc(C[C@H](N[*])C([*])=O)cc1 |$;;;;;;;;;;;;;;;;_R1;;_R2;;;$|,Backbone
X968,CN[C@@H](Cc1cccc(O)c1)C(C)=O,CN[C@@H](Cc1cccc(O)c1)C([*])=O |$;;;;;;;;;;;;_R2;$|,Backbone
dAbu,CC[C@@H](NC)C(C)=O,CC[C@@H](N[*])C([*])=O |$;;;;_R1;;_R2;$|,Backbone
X461,CC(=O)[C@@H]1CC(=O)NC(=O)N1C,CN1[C@@H](CC(=O)NC1=O)C([*])=O |$;;;;;;;;;;_R2;$|,Backbone
X3031,CN[C@@H](Cn1cc(CCCCc2ccccc2)nn1)C(C)=O,[*]N[C@@H](Cn1cc(CCCCc2ccccc2)nn1)C([*])=O |$_R1;;;;;;;;;;;;;;;;;;;;_R2;$|,Backbone
X2851,CN[C@@H](CCCNC(=O)Nc1ccccc1C)C(C)=O,Cc1ccccc1NC(=O)NCCC[C@H](N[*])C([*])=O |$;;;;;;;;;;;;;;;;_R1;;_R2;$|,Backbone
Ala(tBu),CN[C@@H](CC(C)(C)C)C(C)=O,CC(C)(C)C[C@H](N[*])C([*])=O |$;;;;;;;_R1;;_R2;$|,Backbone
Ala(indol-2-yl),CN[C@@H](Cc1cc2ccccc2[nH]1)C(C)=O,[*]N[C@@H](Cc1cc2ccccc2[nH]1)C([*])=O |$_R1;;;;;;;;;;;;;;_R2;$|,Backbone
dAla(indol-2-yl),CN[C@H](Cc1cc2ccccc2[nH]1)C(C)=O,[*]N[C@H](Cc1cc2ccccc2[nH]1)C([*])=O |$_R1;;;;;;;;;;;;;;_R2;$|,Backbone
Me_Ala(indol-2-yl),CC(=O)[C@H](Cc1cc2ccccc2[nH]1)N(C)C,CN([*])[C@@H](Cc1cc2ccccc2[nH]1)C([*])=O |$;;_R1;;;;;;;;;;;;;_R2;$|,Backbone
Ala(5-Tet),CN[C@@H](Cc1nnn[nH]1)C(C)=O,[*]N[C@@H](Cc1nnn[nH]1)C([*])=O |$_R1;;;;;;;;;;_R2;$|,Backbone
Me_dAbu,CC[C@H](C(C)=O)N(C)C,CC[C@H](C([*])=O)N(C)[*] |$;;;;_R2;;;;_R1$|,Backbone
Me_Abu(morpholino),CC(=O)[C@H](CCN1CCOCC1)N(C)C,CN([*])[C@@H](CCN1CCOCC1)C([*])=O |$;;_R1;;;;;;;;;;;_R2;$|,Backbone
2Abz,CNc1ccccc1C(C)=O,[*]Nc1ccccc1C([*])=O |$_R1;;;;;;;;;_R2;$|,Backbone
Aoc(2),CCCCCC[C@H](NC)C(C)=O,CCCCCC[C@H](N[*])C([*])=O |$;;;;;;;;_R1;;_R2;$|,Backbone
5-Ava,CNCCCCC(C)=O,[*]NCCCCC([*])=O |$_R1;;;;;;;_R2;$|,Backbone
Bal,CNCCC(C)=O,[*]NCCC([*])=O |$_R1;;;;;_R2;$|,Backbone
Me_Bal,CC(=O)CCN(C)C,CN([*])CCC([*])=O |$;;_R1;;;;_R2;$|,Backbone
HOCOCH2_Bal,CC(=O)CN(C)CCC(=O)O,[*]N(CCC(=O)O)CC([*])=O |$_R1;;;;;;;;;_R2;$|,Backbone
Cys(EtO2H)_NH2,CN[C@@H](CSCC(C)=O)C(N)=O,[*]N[C@@H](CSCC([*])=O)C(N)=O |$_R1;;;;;;;_R2;;;;$|,Backbone
Asp_piperidide,CN[C@@H](CC(C)=O)C(=O)N1CCCCC1,[*]N[C@@H](CC([*])=O)C(=O)N1CCCCC1 |$_R1;;;;;_R2;;;;;;;;;$|,Backbone
Asp(OMe),CN[C@@H](CC(=O)OC)C(C)=O,COC(=O)C[C@H](N[*])C([*])=O |$;;;;;;;_R1;;_R2;$|,Backbone
Asp(Ph(2-NH2)),CN[C@@H](CC(=O)c1ccccc1N)C(C)=O,[*]N[C@@H](CC(=O)c1ccccc1N)C([*])=O |$_R1;;;;;;;;;;;;;;_R2;$|,Backbone
dAsp(pyrrol-1-yl),CN[C@H](CC(=O)N1CCCC1)C(C)=O,[*]N[C@H](CC(=O)N1CCCC1)C([*])=O |$_R1;;;;;;;;;;;;_R2;$|,Backbone
Glu_NH2,CN[C@@H](CCC(C)=O)C(N)=O,[*]N[C@@H](CCC([*])=O)C(N)=O |$_R1;;;;;;_R2;;;;$|,Backbone
Glu(3R-Me),CN[C@H](C(C)=O)[C@H](C)CC(=O)O,C[C@H](CC(=O)O)[C@H](N[*])C([*])=O |$;;;;;;;;_R1;;_R2;$|,Backbone
Glu(OMe),CN[C@@H](CCC(=O)OC)C(C)=O,COC(=O)CC[C@H](N[*])C([*])=O |$;;;;;;;;_R1;;_R2;$|,Backbone
dGlu(OMe),CN[C@H](CCC(=O)OC)C(C)=O,COC(=O)CC[C@@H](N[*])C([*])=O |$;;;;;;;;_R1;;_R2;$|,Backbone
Phe(4-F),CN[C@@H](Cc1ccc(F)cc1)C(C)=O,Fc1ccc(C[C@H](N[*])C([*])=O)cc1 |$;;;;;;;;_R1;;_R2;;;$|,Backbone
dPhe(4-F),CN[C@H](Cc1ccc(F)cc1)C(C)=O,Fc1ccc(C[C@@H](N[*])C([*])=O)cc1 |$;;;;;;;;_R1;;_R2;;;$|,Backbone
Phe(4-CF3),CN[C@@H](Cc1ccc(C(F)(F)F)cc1)C(C)=O,FC(F)(F)c1ccc(C[C@H](N[*])C([*])=O)cc1 |$;;;;;;;;;;;_R1;;_R2;;;$|,Backbone
Phe(4-NO2),CN[C@@H](Cc1ccc([N+](=O)[O-])cc1)C(C)=O,[*]N[C@@H](Cc1ccc(cc1)N(=O)=O)C([*])=O |$_R1;;;;;;;;;;;;;;_R2;$|,Backbone
Phe(CHF2),CN[C@@H](Cc1ccc(C(F)F)cc1)C(C)=O,[*]N[C@@H](Cc1ccc(C(F)F)cc1)C([*])=O |$_R1;;;;;;;;;;;;;;_R2;$|,Backbone
"dPhe(3,4-diF)",CN[C@H](Cc1ccc(F)c(F)c1)C(C)=O,Fc1ccc(C[C@@H](N[*])C([*])=O)cc1F |$;;;;;;;;_R1;;_R2;;;;$|,Backbone
Et_Phe,CCN(C)[C@@H](Cc1ccccc1)C(C)=O,CCN([*])[C@@H](Cc1ccccc1)C([*])=O |$;;;_R1;;;;;;;;;;_R2;$|,Backbone
H2NEt_Phe,CNCCN[C@@H](Cc1ccccc1)C(C)=O,[*]NCCN[C@@H](Cc1ccccc1)C([*])=O |$_R1;;;;;;;;;;;;;;_R2;$|,Backbone
Me_Phe(3-Cl),CC(=O)[C@H](Cc1cccc(Cl)c1)N(C)C,CN([*])[C@@H](Cc1cccc(Cl)c1)C([*])=O |$;;_R1;;;;;;;;;;;_R2;$|,Backbone
Me_Phe(4-Cl),CC(=O)[C@H](Cc1ccc(Cl)cc1)N(C)C,CN([*])[C@@H](Cc1ccc(Cl)cc1)C([*])=O |$;;_R1;;;;;;;;;;;_R2;$|,Backbone
"Me_Phe(a,b-dehydro)",CC(=O)/C(=C/c1ccccc1)N(C)C,CN([*])/C(=C\c1ccccc1)C([*])=O |$;;_R1;;;;;;;;;;_R2;$|,Backbone
Bn_Gly,CC(=O)CN(C)Cc1ccccc1,[*]N(CC([*])=O)Cc1ccccc1 |$_R1;;;;_R2;;;;;;;;$|,Backbone
Bn(4-Cl)_Gly,CC(=O)CN(C)Cc1ccc(Cl)cc1,[*]N(CC([*])=O)Cc1ccc(Cl)cc1 |$_R1;;;;_R2;;;;;;;;;$|,Backbone
Bn(4-OH)_Gly,CC(=O)CN(C)Cc1ccc(O)cc1,Oc1ccc(CN([*])CC([*])=O)cc1 |$;;;;;;;_R1;;;_R2;;;$|,Backbone
Bu_Gly,CCCCN(C)CC(C)=O,CCCCN([*])CC([*])=O |$;;;;;_R1;;;_R2;$|,Backbone
iBu_Gly,CC(=O)CN(C)CC(C)C,CC(C)CN([*])CC([*])=O |$;;;;;_R1;;;_R2;$|,Backbone
Et_Gly,CCN(C)CC(C)=O,CCN([*])CC([*])=O |$;;;_R1;;;_R2;$|,Backbone
EtOEt_Gly,CCOCCN(C)CC(C)=O,CCOCCN([*])CC([*])=O |$;;;;;;_R1;;;_R2;$|,Backbone
HOCOCH2_Gly_ol,CC(=O)CN(C)CCO,[*]N(CCO)CC([*])=O |$_R1;;;;;;;_R2;$|,Backbone
MeOEt_Gly,COCCN(C)CC(C)=O,COCCN([*])CC([*])=O |$;;;;;_R1;;;_R2;$|,Backbone
NH2Bu_Gly,CC(=O)CN(C)CCCCN,[*]N(CCCCN)CC([*])=O |$_R1;;;;;;;;;_R2;$|,Backbone
Pr_Gly,CCCN(C)CC(C)=O,CCCN([*])CC([*])=O |$;;;;_R1;;;_R2;$|,Backbone
PhEt_Gly,CC(=O)CN(C)CCc1ccccc1,[*]N(CCc1ccccc1)CC([*])=O |$_R1;;;;;;;;;;;;_R2;$|,Backbone
PhPr_Gly,CC(=O)CN(C)CCCc1ccccc1,[*]N(CCCc1ccccc1)CC([*])=O |$_R1;;;;;;;;;;;;;_R2;$|,Backbone
cHexCH2_Gly,CC(=O)CN(C)CC1CCCCC1,[*]N(CC1CCCCC1)CC([*])=O |$_R1;;;;;;;;;;;_R2;$|,Backbone
isoamyl_Gly,CC(=O)CN(C)CCC(C)C,CC(C)CCN([*])CC([*])=O |$;;;;;;_R1;;;_R2;$|,Backbone
pentyl_Gly,CCCCCN(C)CC(C)=O,CCCCCN([*])CC([*])=O |$;;;;;;_R1;;;_R2;$|,Backbone
3-pyridylethyl_Gly,CC(=O)CN(C)CCc1cccnc1,[*]N(CCc1cccnc1)CC([*])=O |$_R1;;;;;;;;;;;;_R2;$|,Backbone
2-pyridylmethyl_Gly,CC(=O)CN(C)Cc1ccccn1,[*]N(CC([*])=O)Cc1ccccn1 |$_R1;;;;_R2;;;;;;;;$|,Backbone
d(N->O)Gly(allyl),C=CC[C@@H](OC)C(C)=O,C=CC[C@@H](O[*])C([*])=O |$;;;;;_R1;;_R2;$|,Backbone
GABA,CNCCCC(C)=O,[*]NCCCC([*])=O |$_R1;;;;;;_R2;$|,Backbone
bHph,CN[C@H](CC(C)=O)Cc1ccccc1,[*]N[C@H](CC([*])=O)Cc1ccccc1 |$_R1;;;;;_R2;;;;;;;;$|,Backbone
Hph(2-Cl),CN[C@@H](CCc1ccccc1Cl)C(C)=O,[*]N[C@@H](CCc1ccccc1Cl)C([*])=O |$_R1;;;;;;;;;;;;;_R2;$|,Backbone
Hph(3-Cl),CN[C@@H](CCc1cccc(Cl)c1)C(C)=O,[*]N[C@@H](CCc1cccc(Cl)c1)C([*])=O |$_R1;;;;;;;;;;;;;_R2;$|,Backbone
Hph(4-Cl),CN[C@@H](CCc1ccc(Cl)cc1)C(C)=O,[*]N[C@@H](CCc1ccc(Cl)cc1)C([*])=O |$_R1;;;;;;;;;;;;;_R2;$|,Backbone
Hse(Et),CCOCC[C@H](NC)C(C)=O,CCOCC[C@H](N[*])C([*])=O |$;;;;;;;_R1;;_R2;$|,Backbone
Hyp(Et),CCO[C@@H]1C[C@@H](C(C)=O)N(C)C1,CCO[C@@H]1C[C@@H](C([*])=O)N([*])C1 |$;;;;;;;_R2;;;_R1;$|,Backbone
(N->O)xiIle,CCC(C)[C@H](OC)C(C)=O,CCC(C)[C@H](O[*])C([*])=O |$;;;;;;_R1;;_R2;$|,Backbone
d(N->O)aIle,CC[C@H](C)[C@@H](OC)C(C)=O,CC[C@H](C)[C@@H](O[*])C([*])=O |$;;;;;;_R1;;_R2;$|,Backbone
Lys(Ac),CN[C@@H](CCCCNC(C)=O)C(C)=O,CC(=O)NCCCC[C@H](N[*])C([*])=O |$;;;;;;;;;;_R1;;_R2;$|,Backbone
Lys(iPr),CN[C@@H](CCCCNC(C)C)C(C)=O,CC(C)NCCCC[C@H](N[*])C([*])=O |$;;;;;;;;;;_R1;;_R2;$|,Backbone
Lys(Me2),CN[C@@H](CCCCN(C)C)C(C)=O,CN(C)CCCC[C@H](N[*])C([*])=O |$;;;;;;;;;_R1;;_R2;$|,Backbone
Lys(Tfa),CN[C@@H](CCCCNC(=O)C(F)(F)F)C(C)=O,[*]N[C@@H](CCCCNC(=O)C(F)(F)F)C([*])=O |$_R1;;;;;;;;;;;;;;;_R2;$|,Backbone
aMeLeu,CN[C@@](C)(CC(C)C)C(C)=O,CC(C)C[C@](C)(N[*])C([*])=O |$;;;;;;;_R1;;_R2;$|,Backbone
dLeu(3R-OH),CN[C@@H](C(C)=O)[C@H](OC)C(C)C,CC(C)[C@@H](O[*])[C@@H](N[*])C([*])=O |$;;;;;_R3;;;_R1;;_R2;$|,Backbone
(N->O)Leu,CO[C@@H](CC(C)C)C(C)=O,CC(C)C[C@H](O[*])C([*])=O |$;;;;;;_R1;;_R2;$|,Backbone
d(N->O)Leu,CO[C@H](CC(C)C)C(C)=O,CC(C)C[C@@H](O[*])C([*])=O |$;;;;;;_R1;;_R2;$|,Backbone
Met(O2),CN[C@@H](CCS(C)(=O)=O)C(C)=O,CS(=O)(=O)CC[C@H](N[*])C([*])=O |$;;;;;;;;_R1;;_R2;$|,Backbone
meN,CC(=O)[C@H](CC(N)=O)N(C)C,CN([*])[C@@H](CC(N)=O)C([*])=O |$;;_R1;;;;;;;_R2;$|,Backbone
dAsn(Me2),CN[C@H](CC(=O)N(C)C)C(C)=O,CN(C)C(=O)C[C@@H](N[*])C([*])=O |$;;;;;;;;_R1;;_R2;$|,Backbone
Me_Nle,CCCC[C@@H](C(C)=O)N(C)C,CCCC[C@H](N(C)[*])C([*])=O |$;;;;;;;_R1;;_R2;$|,Backbone
Me_dNle,CCCC[C@H](C(C)=O)N(C)C,CCCC[C@H](C([*])=O)N(C)[*] |$;;;;;;_R2;;;;_R1$|,Backbone
Nle(CHF2),CN[C@@H](CCCCC(F)F)C(C)=O,[*]N[C@@H](CCCCC(F)F)C([*])=O |$_R1;;;;;;;;;;;_R2;$|,Backbone
Nle(OH),CN[C@@H](CCCCO)C(C)=O,[*]N[C@@H](CCCCO)C([*])=O |$_R1;;;;;;;;;_R2;$|,Backbone
Me_dNva,CCC[C@H](C(C)=O)N(C)C,CCC[C@@H](N(C)[*])C([*])=O |$;;;;;;_R1;;_R2;$|,Backbone
Nva(Ph),CN[C@@H](CCCc1ccccc1)C(C)=O,[*]N[C@@H](CCCc1ccccc1)C([*])=O |$_R1;;;;;;;;;;;;;_R2;$|,Backbone
3Pal,CN[C@@H](Cc1cccnc1)C(C)=O,[*]N[C@@H](Cc1cccnc1)C([*])=O |$_R1;;;;;;;;;;;_R2;$|,Backbone
4Pal,CN[C@@H](Cc1ccncc1)C(C)=O,[*]N[C@@H](Cc1ccncc1)C([*])=O |$_R1;;;;;;;;;;;_R2;$|,Backbone
Pip,CC(=O)[C@@H]1CCCCN1C,[*]N1CCCC[C@H]1C([*])=O |$_R1;;;;;;;;_R2;$|,Backbone
dPip,CC(=O)[C@H]1CCCCN1C,[*]N1CCCC[C@@H]1C([*])=O |$_R1;;;;;;;;_R2;$|,Backbone
Pye,CN[C@@H](CCC(=O)N1CCCC1)C(C)=O,[*]N[C@@H](CCC(=O)N1CCCC1)C([*])=O |$_R1;;;;;;;;;;;;;_R2;$|,Backbone
dPye,CN[C@H](CCC(=O)N1CCCC1)C(C)=O,[*]N[C@H](CCC(=O)N1CCCC1)C([*])=O |$_R1;;;;;;;;;;;;;_R2;$|,Backbone
meQ,CC(=O)[C@H](CCC(N)=O)N(C)C,CN([*])[C@@H](CCC(N)=O)C([*])=O |$;;_R1;;;;;;;;_R2;$|,Backbone
Gln(Me),CNC(=O)CC[C@H](NC)C(C)=O,CNC(=O)CC[C@H](N[*])C([*])=O |$;;;;;;;;_R1;;_R2;$|,Backbone
Gln(Me2),CN[C@@H](CCC(=O)N(C)C)C(C)=O,CN(C)C(=O)CC[C@H](N[*])C([*])=O |$;;;;;;;;;_R1;;_R2;$|,Backbone
dGln(Me2),CN[C@H](CCC(=O)N(C)C)C(C)=O,CN(C)C(=O)CC[C@@H](N[*])C([*])=O |$;;;;;;;;;_R1;;_R2;$|,Backbone
Gln(Mes),CN[C@@H](CCC(=O)NS(C)(=O)=O)C(C)=O,CS(=O)(=O)NC(=O)CC[C@H](N[*])C([*])=O |$;;;;;;;;;;;_R1;;_R2;$|,Backbone
"Arg(Me,Me)",C/N=C(\NC)NCCC[C@H](NC)C(C)=O,C/N=C(\NC)NCCC[C@H](N[*])C([*])=O |$;;;;;;;;;;;_R1;;_R2;$|,Backbone
Ser(Ac),CN[C@@H](COC(C)=O)C(C)=O,CC(=O)OC[C@H](N[*])C([*])=O |$;;;;;;;_R1;;_R2;$|,Backbone
Ser(Bn),CN[C@@H](COCc1ccccc1)C(C)=O,[*]N[C@@H](COCc1ccccc1)C([*])=O |$_R1;;;;;;;;;;;;;_R2;$|,Backbone
Ser(EtNMe2),CN[C@@H](COCCN(C)C)C(C)=O,CN(C)CCOC[C@H](N[*])C([*])=O |$;;;;;;;;;_R1;;_R2;$|,Backbone
Ser(EtOH),CN[C@@H](COCCO)C(C)=O,[*]N[C@@H](COCCO)C([*])=O |$_R1;;;;;;;;;_R2;$|,Backbone
Ser(isoamyl),CN[C@@H](COCCC(C)C)C(C)=O,CC(C)CCOC[C@H](N[*])C([*])=O |$;;;;;;;;;_R1;;_R2;$|,Backbone
Ser(Me),CN[C@@H](COC)C(C)=O,COC[C@H](N[*])C([*])=O |$;;;;;_R1;;_R2;$|,Backbone
dSer(Me),CN[C@H](COC)C(C)=O,COC[C@@H](N[*])C([*])=O |$;;;;;_R1;;_R2;$|,Backbone
Ser(Ph(2-Cl)),CN[C@@H](COc1ccccc1Cl)C(C)=O,[*]N[C@@H](COc1ccccc1Cl)C([*])=O |$_R1;;;;;;;;;;;;;_R2;$|,Backbone
Ser(Ph(3-Cl)),CN[C@@H](COc1cccc(Cl)c1)C(C)=O,[*]N[C@@H](COc1cccc(Cl)c1)C([*])=O |$_R1;;;;;;;;;;;;;_R2;$|,Backbone
Ser(Pr),CCCOC[C@H](NC)C(C)=O,CCCOC[C@H](N[*])C([*])=O |$;;;;;;;_R1;;_R2;$|,Backbone
Me_Ser(isoamyl),CC(=O)[C@H](COCCC(C)C)N(C)C,CC(C)CCOC[C@@H](C([*])=O)N(C)[*] |$;;;;;;;;;_R2;;;;_R1$|,Backbone
Me_Ser(Pr),CCCOC[C@@H](C(C)=O)N(C)C,CCCOC[C@@H](C([*])=O)N(C)[*] |$;;;;;;;_R2;;;;_R1$|,Backbone
Sta,CN[C@@H](CC(C)C)[C@@H](O)CC(C)=O,CC(C)C[C@H](N[*])[C@@H](O)CC([*])=O |$;;;;;;_R1;;;;;_R2;$|,Backbone
"Sta(3R,4R)",CN[C@H](CC(C)C)[C@H](O)CC(C)=O,CC(C)C[C@@H](N[*])[C@H](O)CC([*])=O |$;;;;;;_R1;;;;;_R2;$|,Backbone
T,CN[C@H](C(C)=O)[C@@H](C)OC,C[C@@H](O[*])[C@H](N[*])C([*])=O |$;;;_R3;;;_R1;;_R2;$|,Backbone
Me_Bmt(E),C/C=C/C[C@@H](C)[C@@H](OC)[C@@H](C(C)=O)N(C)C,C/C=C/C[C@@H](C)[C@@H](O[*])[C@@H](C([*])=O)N(C)[*] |$;;;;;;;;_R3;;;_R2;;;;_R1$|,Backbone
Me_Tza,CC(=O)[C@H](Cc1cscn1)N(C)C,CN([*])[C@@H](Cc1cscn1)C([*])=O |$;;_R1;;;;;;;;;_R2;$|,Backbone
(N->O)Val,CO[C@H](C(C)=O)C(C)C,CC(C)[C@H](O[*])C([*])=O |$;;;;;_R1;;_R2;$|,Backbone
d(N->O)Val,CO[C@@H](C(C)=O)C(C)C,CC(C)[C@@H](O[*])C([*])=O |$;;;;;_R1;;_R2;$|,Backbone
(N->O)Val(3-OH),CO[C@H](C(C)=O)C(C)(C)O,CC(C)(O)[C@H](O[*])C([*])=O |$;;;;;;_R1;;_R2;$|,Backbone
Trp(5-Br),CN[C@@H](Cc1c[nH]c2ccc(Br)cc12)C(C)=O,[*]N[C@@H](Cc1c[nH]c2ccc(Br)cc12)C([*])=O |$_R1;;;;;;;;;;;;;;;_R2;$|,Backbone
Trp(6-Br),CN[C@@H](Cc1c[nH]c2cc(Br)ccc12)C(C)=O,[*]N[C@@H](Cc1c[nH]c2cc(Br)ccc12)C([*])=O |$_R1;;;;;;;;;;;;;;;_R2;$|,Backbone
Trp(7-Br),CN[C@@H](Cc1c[nH]c2c(Br)cccc12)C(C)=O,[*]N[C@@H](Cc1c[nH]c2c(Br)cccc12)C([*])=O |$_R1;;;;;;;;;;;;;;;_R2;$|,Backbone
Tyr(3-F),CN[C@@H](Cc1ccc(O)c(F)c1)C(C)=O,[*]N[C@@H](Cc1ccc(O)c(F)c1)C([*])=O |$_R1;;;;;;;;;;;;;_R2;$|,Backbone
Tyr(CHF2),CN[C@@H](Cc1ccc(OC(F)F)cc1)C(C)=O,[*]N[C@@H](Cc1ccc(OC(F)F)cc1)C([*])=O |$_R1;;;;;;;;;;;;;;;_R2;$|,Backbone
Tyr(Me),CN[C@@H](Cc1ccc(OC)cc1)C(C)=O,COc1ccc(C[C@H](N[*])C([*])=O)cc1 |$;;;;;;;;;_R1;;_R2;;;$|,Backbone
Me_Tyr(Me),COc1ccc(C[C@@H](C(C)=O)N(C)C)cc1,COc1ccc(C[C@H](N(C)[*])C([*])=O)cc1 |$;;;;;;;;;;_R1;;_R2;;;$|,Backbone
dTyr(bR-OMe),CN[C@@H](C(C)=O)[C@H](OC)c1ccc(O)cc1,CO[C@H](c1ccc(O)cc1)[C@@H](N[*])C([*])=O |$;;;;;;;;;;;;_R1;;_R2;$|,Backbone
(N->O)Tyr,CO[C@@H](Cc1ccc(O)cc1)C(C)=O,[*]O[C@@H](Cc1ccc(O)cc1)C([*])=O |$_R1;;;;;;;;;;;;_R2;$|,Backbone
Mono1,CC(=O)CN(C)Cc1ccc2c(c1)OCO2,[*]N(CC([*])=O)Cc1ccc2OCOc2c1 |$_R1;;;;_R2;;;;;;;;;;;$|,Backbone
Mono2,CC(=O)[C@@H]1[C@@H](C)CCN1C,C[C@H]1CCN([*])[C@@H]1C([*])=O |$;;;;;_R1;;;_R2;$|,Backbone
Mono3,CC(=O)[C@H](CCN1CCCCC1)N(C)C,CN([*])[C@@H](CCN1CCCCC1)C([*])=O |$;;_R1;;;;;;;;;;;_R2;$|,Backbone
Mono4,CC(=O)[C@H](CC(=O)N1CCCCC1)N(C)C,CN([*])[C@@H](CC(=O)N1CCCCC1)C([*])=O |$;;_R1;;;;;;;;;;;;_R2;$|,Backbone
Mono5,CC(=O)[C@H](CC(=O)N1CCOCC1)N(C)C,CN([*])[C@@H](CC(=O)N1CCOCC1)C([*])=O |$;;_R1;;;;;;;;;;;;_R2;$|,Backbone
Mono6,CC(=O)CCCN(C)C,CN([*])CCCC([*])=O |$;;_R1;;;;;_R2;$|,Backbone
Mono7,CN[C@@H](C)CC(C)=O,C[C@@H](CC([*])=O)N[*] |$;;;;_R2;;;_R1$|,Backbone
Mono8,CN[C@@H](CC(C)=O)C(F)(F)F,[*]N[C@@H](CC([*])=O)C(F)(F)F |$_R1;;;;;_R2;;;;;$|,Backbone
Mono9,C=C(CCC(C)=O)c1ccc(C[C@H](NC)C(C)=O)cc1,C=C(CCC([*])=O)c1ccc(C[C@H](N[*])C([*])=O)cc1 |$;;;;;_R3;;;;;;;;;_R1;;_R2;;;$|,Backbone
Mono10,C=C(CCC(C)=O)c1cccc(C[C@H](NC)C(C)=O)c1,C=C(CCC([*])=O)c1cccc(C[C@H](N[*])C([*])=O)c1 |$;;;;;_R3;;;;;;;;;;_R1;;_R2;;$|,Backbone
Mono11,CN[C@@H](Cc1ccc(CCCCCC(C)=O)cc1)C(C)=O,[*]N[C@@H](Cc1ccc(CCCCCC([*])=O)cc1)C([*])=O |$_R1;;;;;;;;;;;;;;_R3;;;;;_R2;$|,Backbone
Mono12,CN[C@@H](Cc1cccc(CCCCC(C)=O)c1)C(C)=O,[*]N[C@@H](Cc1cccc(CCCCC([*])=O)c1)C([*])=O |$_R1;;;;;;;;;;;;;;_R3;;;;_R2;$|,Backbone
Mono13,CN[C@@H](C)[C@@H](C(=O)NC(C)(C)C)N1CCC[C@H]1C(C)=O,C[C@H](N[*])[C@@H](C(=O)NC(C)(C)C)N1CCC[C@H]1C([*])=O |$;;;_R1;;;;;;;;;;;;;;;_R2;$|,Backbone
Mono14,CC[C@@H](C)[C@H](NC)c1nc(C(C)=O)cs1,CC[C@@H](C)[C@H](N[*])c1nc(C([*])=O)cs1 |$;;;;;;_R1;;;;;_R2;;;$|,Backbone
Mono15,C/C=C/C[C@@H](C)[C@@H](OC(C)=O)[C@@H](C(C)=O)N(C)C,C/C=C/C[C@@H](C)[C@@H](OC(C)=O)[C@@H](C([*])=O)N(C)[*] |$;;;;;;;;;;;;;_R2;;;;_R1$|,Backbone
Mono16,CO[C@H](CC(O)CCl)C(C)=O,[*]O[C@H](CC(O)CCl)C([*])=O |$_R1;;;;;;;;;_R2;$|,Backbone
Mono17,CN[C@H](C)c1nc(C(C)=O)cs1,C[C@@H](N[*])c1nc(C([*])=O)cs1 |$;;;_R1;;;;;_R2;;;$|,Backbone
Mono18,CC[C@H](C)[C@H](NC)C1=N[C@H](C(C)=O)[C@@H](C)O1,CC[C@H](C)[C@H](N[*])C1=N[C@H](C([*])=O)[C@@H](C)O1 |$;;;;;;_R1;;;;;_R2;;;;$|,Backbone
Mono19,CN[C@H](Cc1ccccc1)c1nc(C(C)=O)cs1,[*]N[C@H](Cc1ccccc1)c1nc(C([*])=O)cs1 |$_R1;;;;;;;;;;;;;;_R2;;;$|,Backbone
Mono20,CN[C@H](C1=N[C@H](C(C)=O)[C@@H](C)O1)C(C)C,CC(C)[C@H](N[*])C1=N[C@H](C([*])=O)[C@@H](C)O1 |$;;;;;_R1;;;;;_R2;;;;$|,Backbone
Mono23,CN[C@H](C(C)=O)[C@@H](C)N,C[C@@H](N)[C@H](N[*])C([*])=O |$;;;;;_R1;;_R2;$|,Backbone
Mono24,CN[C@H](C(C)=O)[C@@H](C)[C@@H](C)C(N)=O,C[C@H]([C@H](N[*])C([*])=O)[C@@H](C)C(N)=O |$;;;;_R1;;_R2;;;;;;$|,Backbone
Mono25,CC(=O)[C@@H]1C[C@@H](Cl)CCN1C,[*]N1CC[C@H](Cl)C[C@H]1C([*])=O |$_R1;;;;;;;;;_R2;$|,Backbone
Mono26,CC[C@H](C)[C@@H](NC)[C@@H](O)CC(C)=O,CC[C@H](C)[C@@H](N[*])[C@@H](O)CC([*])=O |$;;;;;;_R1;;;;;_R2;$|,Backbone
Mono27,CO[C@H](C(=O)[C@H](C)C(C)=O)C(C)C,CC(C)[C@H](O[*])C(=O)[C@H](C)C([*])=O |$;;;;;_R1;;;;;;_R2;$|,Backbone
Mono28,CN[C@H](/C=C(\C)C(C)=O)CC(C)C,C/C(=C\[C@H](CC(C)C)N[*])C([*])=O |$;;;;;;;;;_R1;;_R2;$|,Backbone
Mono29,CN[C@@H](/C=C(\C)C(C)=O)CC(C)C,C/C(=C\[C@@H](CC(C)C)N[*])C([*])=O |$;;;;;;;;;_R1;;_R2;$|,Backbone
Mono30,CN[C@@H](CC(C)C)c1nc(C(C)=O)cs1,CC(C)C[C@H](N[*])c1nc(C([*])=O)cs1 |$;;;;;;_R1;;;;;_R2;;;$|,Backbone
Mono31,CN[C@H](c1nc(C(C)=O)cs1)C(C)C,CC(C)[C@H](N[*])c1nc(C([*])=O)cs1 |$;;;;;_R1;;;;;_R2;;;$|,Backbone
Mono32,CC(=O)CN(C)Cc1cccc(C(F)(F)F)c1,[*]N(CC([*])=O)Cc1cccc(C(F)(F)F)c1 |$_R1;;;;_R2;;;;;;;;;;;;$|,Backbone
Mono33,CC(=O)CN(C)CN1CCOCC1,[*]N(CC([*])=O)CN1CCOCC1 |$_R1;;;;_R2;;;;;;;;$|,Backbone
Mono34,CC(=O)CN(C)CCCOC(C)C,CC(C)OCCCN([*])CC([*])=O |$;;;;;;;;_R1;;;_R2;$|,Backbone
Mono35,CC[C@H](c1nnc([C@H](Cc2ccccc2)NC)o1)N1CCC[C@H]1C(C)=O,CC[C@H](c1nnc([C@H](Cc2ccccc2)N[*])o1)N1CCC[C@H]1C([*])=O |$;;;;;;;;;;;;;;;;_R1;;;;;;;;_R2;$|,Backbone
Mono36,CN[C@@H](Cc1ccccc1)c1nnc([C@@H](Cc2ccccc2)N2CCC[C@H]2C(C)=O)o1,[*]N[C@@H](Cc1ccccc1)c1nnc([C@@H](Cc2ccccc2)N2CCC[C@H]2C([*])=O)o1 |$_R1;;;;;;;;;;;;;;;;;;;;;;;;;;;;_R2;;$|,Backbone
Mono37,CN[C@@H](Cc1ccccc1)c1nnc([C@@H](CC(C)C)N2CCC[C@H]2C(C)=O)o1,CC(C)C[C@H](c1nnc([C@H](Cc2ccccc2)N[*])o1)N1CCC[C@H]1C([*])=O |$;;;;;;;;;;;;;;;;;;_R1;;;;;;;;_R2;$|,Backbone
Mono38,CC(=O)CN(C)CC1CCOCC1,[*]N(CC([*])=O)CC1CCOCC1 |$_R1;;;;_R2;;;;;;;;$|,Backbone
Mono39,CC(=O)CN(C)CCOc1ccccc1,[*]N(CCOc1ccccc1)CC([*])=O |$_R1;;;;;;;;;;;;;_R2;$|,Backbone
Mono40,CC(=O)CN(C)CCCc1cnn(C)c1,Cn1cc(CCCN([*])CC([*])=O)cn1 |$;;;;;;;;_R1;;;_R2;;;$|,Backbone
Mono41,CC(=O)CN(C)CCCN1CCCC1=O,[*]N(CCCN1CCCC1=O)CC([*])=O |$_R1;;;;;;;;;;;;;_R2;$|,Backbone
Mono42,CC(=O)CN(C)CCN1CCOCC1,[*]N(CCN1CCOCC1)CC([*])=O |$_R1;;;;;;;;;;;;_R2;$|,Backbone
Mono43,CC(=O)CN(C)CCCCc1ccccc1,[*]N(CCCCc1ccccc1)CC([*])=O |$_R1;;;;;;;;;;;;;;_R2;$|,Backbone
Mono44,CC(=O)CN(C)Cc1cc(CC(C)C)on1,CC(C)Cc1cc(CN([*])CC([*])=O)no1 |$;;;;;;;;;_R1;;;_R2;;;$|,Backbone
Mono45,CC(=O)CN(C)Cc1ccccc1Cn1cccn1,[*]N(CC([*])=O)Cc1ccccc1Cn1cccn1 |$_R1;;;;_R2;;;;;;;;;;;;;;$|,Backbone
Mono46,CN[C@@H](CSc1ccccc1)[C@@H](C(=O)NC(C)(C)C)N1CCC[C@H]1C(C)=O,CC(C)(C)NC(=O)[C@H]([C@H](CSc1ccccc1)N[*])N1CCC[C@H]1C([*])=O |$;;;;;;;;;;;;;;;;;;_R1;;;;;;;_R2;$|,Backbone
Mono47,CC(=O)[C@@H]1CCCN1[C@H](C(=O)NC(C)(C)C)[C@@H]1CN1C,CC(C)(C)NC(=O)[C@H]([C@@H]1CN1[*])N1CCC[C@H]1C([*])=O |$;;;;;;;;;;;_R1;;;;;;;_R2;$|,Backbone
Mono48,CC(=O)CN(C)CCCc1ccc(F)cc1F,[*]N(CCCc1ccc(F)cc1F)CC([*])=O |$_R1;;;;;;;;;;;;;;;_R2;$|,Backbone
Mono49,CN[C@@H](COCc1cncc(F)c1)C(C)=O,[*]N[C@@H](COCc1cncc(F)c1)C([*])=O |$_R1;;;;;;;;;;;;;;_R2;$|,Backbone
Mono50,CN[C@@H](COCC(F)(F)C(F)F)C(C)=O,[*]N[C@@H](COCC(F)(F)C(F)F)C([*])=O |$_R1;;;;;;;;;;;;;_R2;$|,Backbone
Mono51,CC(=O)[C@H](CCC1CCCC(F)(F)C1)N(C)C,CN([*])[C@@H](CCC1CCCC(F)(F)C1)C([*])=O |$;;_R1;;;;;;;;;;;;;_R2;$|,Backbone
Mono52,CC(=O)[C@H](CCC1CCC(F)(F)CC1)N(C)C,CN([*])[C@@H](CCC1CCC(F)(F)CC1)C([*])=O |$;;_R1;;;;;;;;;;;;;_R2;$|,Backbone
Mono53,CN[C@@H](Cc1ccc(N(C)C)nc1)C(C)=O,CN(C)c1ccc(C[C@H](N[*])C([*])=O)cn1 |$;;;;;;;;;;_R1;;_R2;;;$|,Backbone
Mono54,CN[C@@H](COC[C@H](C)O)C(C)=O,C[C@H](O)COC[C@H](N[*])C([*])=O |$;;;;;;;;_R1;;_R2;$|,Backbone
Mono55,CN[C@@H](COCC(C)(C)O)C(C)=O,CC(C)(O)COC[C@H](N[*])C([*])=O |$;;;;;;;;;_R1;;_R2;$|,Backbone
Mono56,CN[C@@H](COCCC(C)(C)O)C(C)=O,CC(C)(O)CCOC[C@H](N[*])C([*])=O |$;;;;;;;;;;_R1;;_R2;$|,Backbone
Mono57,CN[C@@H](COCC(=O)NC(C)(C)C)C(C)=O,CC(C)(C)NC(=O)COC[C@H](N[*])C([*])=O |$;;;;;;;;;;;;_R1;;_R2;$|,Backbone
Mono58,CC(=O)CN(C)CCN1CCC(F)(F)CC1,[*]N(CCN1CCC(F)(F)CC1)CC([*])=O |$_R1;;;;;;;;;;;;;;_R2;$|,Backbone
Mono59,CC(=O)[C@@H]1C[C@@H](N2CCC(F)(F)CC2)CN1C,[*]N1C[C@H](N2CCC(F)(F)CC2)C[C@H]1C([*])=O |$_R1;;;;;;;;;;;;;;;_R2;$|,Backbone
Mono60,CC(=O)[C@@H]1C[C@H](N2CCC(F)(F)CC2)CN1C,[*]N1C[C@@H](N2CCC(F)(F)CC2)C[C@H]1C([*])=O |$_R1;;;;;;;;;;;;;;;_R2;$|,Backbone
Mono61,CCCC[C@@H](O)[C@H](NC)C(C)=O,CCCC[C@@H](O)[C@H](N[*])C([*])=O |$;;;;;;;;_R1;;_R2;$|,Backbone
Mono62,CN[C@@H](COCCN1CCOCC1)C(C)=O,[*]N[C@@H](COCCN1CCOCC1)C([*])=O |$_R1;;;;;;;;;;;;;;_R2;$|,Backbone
Mono63,CN[C@@H](CCc1noc(=O)[nH]1)C(C)=O,[*]N[C@@H](CCc1noc(=O)[nH]1)C([*])=O |$_R1;;;;;;;;;;;;_R2;$|,Backbone
Mono64,CN[C@@H](COC[C@@H](C)O)C(C)=O,C[C@@H](O)COC[C@H](N[*])C([*])=O |$;;;;;;;;_R1;;_R2;$|,Backbone
Mono65,CN[C@@H](CCCC(O)C(F)(F)F)C(C)=O,[*]N[C@@H](CCCC(O)C(F)(F)F)C([*])=O |$_R1;;;;;;;;;;;;;_R2;$|,Backbone
Mono66,CN[C@@H](COCC(O)C(F)(F)F)C(C)=O,[*]N[C@@H](COCC(O)C(F)(F)F)C([*])=O |$_R1;;;;;;;;;;;;;_R2;$|,Backbone
Mono67,CCC[C@H](C)[C@@H](OC)[C@@H](C)[C@@H](O)C/C=C(\C)C(C)=O,CCC[C@H](C)[C@@H](O[*])[C@@H](C)[C@@H](O)C/C=C(\C)C([*])=O |$;;;;;;;_R1;;;;;;;;;;_R2;$|,Backbone
Mono68,CCC[C@H](C)[C@@H](OC)[C@@H](C)[C@H](C/C=C(\C)C(C)=O)OC,CCC[C@H](C)[C@@H](O[*])[C@@H](C)[C@H](C/C=C(\C)C([*])=O)OC |$;;;;;;;_R1;;;;;;;;;_R2;;;$|,Backbone
Mono69,CCC[C@H](C)[C@@H](OC)[C@@H](C)[C@H](C/C=C(\C)C(C)=O)OC,CCC[C@H](C)[C@@H](OC)[C@@H](C)[C@H](C/C=C(\C)C([*])=O)O[*] |$;;;;;;;;;;;;;;;;_R2;;;_R1$|,Backbone
Mono70,C/C=C/C[C@@H](C)C(=O)[C@@H](C(C)=O)N(C)C,C/C=C/C[C@@H](C)C(=O)[C@@H](C([*])=O)N(C)[*] |$;;;;;;;;;;_R2;;;;_R1$|,Backbone
Mono71,CCOC(=O)n1cnc(C[C@H](NC)C(C)=O)c1,CCOC(=O)n1cnc(C[C@H](N[*])C([*])=O)c1 |$;;;;;;;;;;;;_R1;;_R2;;$|,Backbone
Mono72,CCOC(=O)N(C(=O)CC[C@H](NC)C(C)=O)C(=O)OCC,CCOC(=O)N(C(=O)CC[C@H](N[*])C([*])=O)C(=O)OCC |$;;;;;;;;;;;;_R1;;_R2;;;;;;$|,Backbone
Mono73,CCOC(=O)N(C(=O)C[C@H](NC)C(C)=O)C(=O)OCC,CCOC(=O)N(C(=O)C[C@H](N[*])C([*])=O)C(=O)OCC |$;;;;;;;;;;;_R1;;_R2;;;;;;$|,Backbone
Mono74,CCOC(=O)/N=C(/NCCC[C@H](NC)C(C)=O)NC(=O)OCC,CCOC(=O)/N=C(/NCCC[C@H](N[*])C([*])=O)NC(=O)OCC |$;;;;;;;;;;;;;_R1;;_R2;;;;;;;$|,Backbone
Mono75,CNCCCN[C@@H](Cc1ccccc1)C(C)=O,[*]NCCCN[C@@H](Cc1ccccc1)C([*])=O |$_R1;;;;;;;;;;;;;;;_R2;$|,Backbone
Mono76,CNCCCCN[C@@H](Cc1ccccc1)C(C)=O,[*]NCCCCN[C@@H](Cc1ccccc1)C([*])=O |$_R1;;;;;;;;;;;;;;;;_R2;$|,Backbone
Mono77,CNCCCCCN[C@@H](Cc1ccccc1)C(C)=O,[*]NCCCCCN[C@@H](Cc1ccccc1)C([*])=O |$_R1;;;;;;;;;;;;;;;;;_R2;$|,Backbone
Mono78,CNCCCCCCN[C@@H](Cc1ccccc1)C(C)=O,[*]NCCCCCCN[C@@H](Cc1ccccc1)C([*])=O |$_R1;;;;;;;;;;;;;;;;;;_R2;$|,Backbone
Mono79,CNCCCCCCCN[C@@H](Cc1ccccc1)C(C)=O,[*]NCCCCCCCN[C@@H](Cc1ccccc1)C([*])=O |$_R1;;;;;;;;;;;;;;;;;;;_R2;$|,Backbone
Mono80,CNCCCCCCCCN[C@@H](Cc1ccccc1)C(C)=O,[*]NCCCCCCCCN[C@@H](Cc1ccccc1)C([*])=O |$_R1;;;;;;;;;;;;;;;;;;;;_R2;$|,Backbone
Mono81,CNCCCCCCCCCN[C@@H](Cc1ccccc1)C(C)=O,[*]NCCCCCCCCCN[C@@H](Cc1ccccc1)C([*])=O |$_R1;;;;;;;;;;;;;;;;;;;;;_R2;$|,Backbone
Mono82,CNCCCCCCCCCCN[C@@H](Cc1ccccc1)C(C)=O,[*]NCCCCCCCCCCN[C@@H](Cc1ccccc1)C([*])=O |$_R1;;;;;;;;;;;;;;;;;;;;;;_R2;$|,Backbone
Mono83,CNCCCCCCNCC(C)=O,[*]NCCCCCCNCC([*])=O |$_R1;;;;;;;;;;;_R2;$|,Backbone
Mono84,CNCCCCCCN[C@@H](C)C(C)=O,C[C@H](NCCCCCCN[*])C([*])=O |$;;;;;;;;;;_R1;;_R2;$|,Backbone
Mono85,CNCCCCCCN[C@H](C)C(C)=O,C[C@@H](NCCCCCCN[*])C([*])=O |$;;;;;;;;;;_R1;;_R2;$|,Backbone
Mono86,CNCCCCCCN[C@@H](CC(C)C)C(C)=O,CC(C)C[C@H](NCCCCCCN[*])C([*])=O |$;;;;;;;;;;;;;_R1;;_R2;$|,Backbone
Mono87,CNCCCCCCN[C@H](Cc1ccccc1)C(C)=O,[*]NCCCCCCN[C@H](Cc1ccccc1)C([*])=O |$_R1;;;;;;;;;;;;;;;;;;_R2;$|,Backbone
Mono88,CNCCCCCCN(C)[C@@H](Cc1ccccc1)C(C)=O,CN(CCCCCCN[*])[C@@H](Cc1ccccc1)C([*])=O |$;;;;;;;;;_R1;;;;;;;;;;_R2;$|,Backbone
Mono89,CNCCCCCCN(CC(C)=O)Cc1ccccc1,[*]NCCCCCCN(CC([*])=O)Cc1ccccc1 |$_R1;;;;;;;;;;;_R2;;;;;;;;$|,Backbone
Mono90,CC(=O)[C@H](Cc1ccccc1)NCCCCCCN(C)C,CN([*])CCCCCCN[C@@H](Cc1ccccc1)C([*])=O |$;;_R1;;;;;;;;;;;;;;;;;_R2;$|,Backbone
Mono91,CNCCCCCCN(C(C)=O)[C@@H](Cc1ccccc1)C(C)=O,CC(=O)N(CCCCCCN[*])[C@@H](Cc1ccccc1)C([*])=O |$;;;;;;;;;;;_R1;;;;;;;;;;_R2;$|,Backbone
Mono92,CNCCC[C@@H](C)C(C)=O,C[C@H](CCCN[*])C([*])=O |$;;;;;;_R1;;_R2;$|,Backbone
Mono93,CNCCC[C@H](C)C(C)=O,C[C@@H](CCCN[*])C([*])=O |$;;;;;;_R1;;_R2;$|,Backbone
Mono94,CNCC[C@@H](C)CC(C)=O,C[C@H](CCN[*])CC([*])=O |$;;;;;_R1;;;_R2;$|,Backbone
Mono95,CNCC[C@H](C)CC(C)=O,C[C@@H](CCN[*])CC([*])=O |$;;;;;_R1;;;_R2;$|,Backbone
Mono96,CNC[C@H](C)CCC(C)=O,C[C@H](CCC([*])=O)CN[*] |$;;;;;_R2;;;;_R1$|,Backbone
Mono97,CNC[C@@H](C)CCC(C)=O,C[C@@H](CCC([*])=O)CN[*] |$;;;;;_R2;;;;_R1$|,Backbone
Mono98,CN[C@H](C)CCCC(C)=O,C[C@H](CCCC([*])=O)N[*] |$;;;;;;_R2;;;_R1$|,Backbone
Mono99,CN[C@@H](C)CCCC(C)=O,C[C@@H](CCCC([*])=O)N[*] |$;;;;;;_R2;;;_R1$|,Backbone
Mono100,CNC(=O)[C@H](CSCC(C)=O)NC,CNC(=O)[C@H](CSCC([*])=O)N[*] |$;;;;;;;;;_R2;;;_R1$|,Backbone
Mono101,CNC(=O)[C@H](CSCC(C)=O)N(C)C,CNC(=O)[C@H](CSCC([*])=O)N(C)[*] |$;;;;;;;;;_R2;;;;_R1$|,Backbone
Mono102,CC(=O)c1csc([C@@H]2CCCN2C)n1,[*]N1CCC[C@H]1c1nc(C([*])=O)cs1 |$_R1;;;;;;;;;;_R2;;;$|,Backbone
Mono103,CC[C@H](c1nnc([C@H](Cc2ccccc2)NC)o1)N1CCC[C@H]1c1nc(C(C)=O)cs1,CC[C@H](c1nnc([C@H](Cc2ccccc2)N[*])o1)N1CCC[C@H]1c1nc(C([*])=O)cs1 |$;;;;;;;;;;;;;;;;_R1;;;;;;;;;;;_R2;;;$|,Backbone
Mono104,CN[C@@H](CC(C)C)c1nc(C(C)=O)co1,CC(C)C[C@H](N[*])c1nc(C([*])=O)co1 |$;;;;;;_R1;;;;;_R2;;;$|,Backbone
Mono105,CC[C@H](c1nnc([C@H](Cc2ccc(O)cc2)NC)o1)N1CCC[C@H]1c1nc(C(C)=O)cs1,CC[C@H](c1nnc([C@H](Cc2ccc(O)cc2)N[*])o1)N1CCC[C@H]1c1nc(C([*])=O)cs1 |$;;;;;;;;;;;;;;;;;_R1;;;;;;;;;;;_R2;;;$|,Backbone
Mono106,CN[C@@H](Cc1ccccc1)c1nc(C(C)=O)co1,[*]N[C@@H](Cc1ccccc1)c1nc(C([*])=O)co1 |$_R1;;;;;;;;;;;;;;_R2;;;$|,Backbone
Mono107,CC[C@@H](N[C@H](c1nc(C(C)=O)cs1)C(C)C)c1nnc([C@H](Cc2ccccc2)NC)o1,CC[C@@H](N[C@H](c1nc(C([*])=O)cs1)C(C)C)c1nnc([C@H](Cc2ccccc2)N[*])o1 |$;;;;;;;;;_R2;;;;;;;;;;;;;;;;;;;;_R1;$|,Backbone
Mono108,CN[C@@H](Cc1csc(C2=N[C@H](C(C)=O)CS2)c1)C(N)=O,[*]N[C@@H](Cc1csc(C2=N[C@H](C([*])=O)CS2)c1)C(N)=O |$_R1;;;;;;;;;;;;_R2;;;;;;;$|,Backbone
Mono109,CN[C@@H](Cc1cc(C2=N[C@H](C(C)=O)CS2)cs1)C(N)=O,[*]N[C@@H](Cc1cc(C2=N[C@H](C([*])=O)CS2)cs1)C(N)=O |$_R1;;;;;;;;;;;_R2;;;;;;;;$|,Backbone
Mono110,CN[C@@H](Cc1cccc(C2=N[C@H](C(C)=O)CS2)c1)C(N)=O,[*]N[C@@H](Cc1cccc(C2=N[C@H](C([*])=O)CS2)c1)C(N)=O |$_R1;;;;;;;;;;;;;_R2;;;;;;;$|,Backbone
Mono111,CN[C@@H](Cc1cncc(C2=N[C@H](C(C)=O)CS2)c1)C(N)=O,[*]N[C@@H](Cc1cncc(C2=N[C@H](C([*])=O)CS2)c1)C(N)=O |$_R1;;;;;;;;;;;;;_R2;;;;;;;$|,Backbone
Mono112,CN[C@@H](CC1=N[C@H](C(C)=O)CS1)C(N)=O,[*]N[C@@H](CC1=N[C@H](C([*])=O)CS1)C(N)=O |$_R1;;;;;;;;_R2;;;;;;$|,Backbone
ac-,CC(C)=O,CC([*])=O |$;;_R2;$|,Terminal
deca-,CCCCCCCCCC(C)=O,CCCCCCCCCC([*])=O |$;;;;;;;;;;_R2;$|,Terminal
glyco-,CC(=O)CO,[*]C(=O)CO |$_R2;;;;$|,Terminal
medl-,CN[C@H](CC(C)C)C(C)=O,CN[C@H](CC(C)C)C([*])=O |$;;;;;;;;_R2;$|,Terminal
-pip,CN1CCCCC1,[*]N1CCCCC1 |$_R1;;;;;;$|,Terminal
Mono21-,CC(=O)/C=C/C=C/C=O,[*]C(=O)/C=C/C=C/C=O |$_R2;;;;;;;;$|,Terminal
Mono22-,CCC(C)/C=C(C)/C=C\C(O)C(C)(O)C(C)=O,CCC(C)/C=C(C)/C=C\C(O)C(C)(O)C([*])=O |$;;;;;;;;;;;;;;;_R2;$|,Terminal
-NH2,CN,[*]N |$_R1;$|,Terminal
Me_Chg,CC(=O)[C@H](C1CCCCC1)N(C)C,CN([*])[C@@H](C1CCCCC1)C([*])=O |$;_R1;;;;;;;;;;_R2;$|,Backbone
NMe_Gly_cPent,CC(=O)[C@H](C1CCCC1)N(C)C,CN([*])[C@@H](C1CCCC1)C([*])=O |$;;_R1;;;;;;;;_R2;$|,Backbone
homoPhe_4CF3_3Cl,CN[C@@H](CCc1ccc(C(F)(F)F)c(Cl)c1)C(C)=O,FC(F)(F)c1c(Cl)cc(CC[C@H](N[*])C([*])=O)cc1 |$;;;;;;;;;;;;;_R1;;_R2;;;$|,Backbone
D_3Abu,CN[C@H](C)CC(C)=O,C[C@@H](N[*])CC([*])=O |$;;;_R1;;;_R2;$|,Backbone
Me_Phe(4-Me),CC(=O)[C@H](Cc1ccc(C)cc1)N(C)C,CN([*])[C@@H](Cc1ccc(C)cc1)C([*])=O |$;;_R1;;;;;;;;;;;_R2;$|,Backbone
cVal,CNC1(C(C)=O)CCC1,C1CC(C1)(N[*])C(=O)[*] |$;;;;;_R1;;;_R2$|,Backbone
nPr-Phe(4-CF3),CCCN(C)[C@@H](Cc1ccc(C(F)(F)F)cc1)C(C)=O,CCCN([*])[C@@H](Cc1ccc(C(F)(F)F)cc1)C(=O)[*] |$;;;;_R1;;;;;;;;;;;;;;;_R2$|,Backbone
Me-Asp(Morpholine),CC(=O)[C@H](CC(=O)N1CCOCC1)N(C)C,CN([*])[C@@H](CC(N1CCOCC1)=O)C([*])=O |$;;_R1;;;;;;;;;;;;;_R2;$|,Backbone
Et-Gly,CCN(C)CC(C)=O,CCN([*])CC([*])=O |$;;;_R1;;;_R2;$|,Backbone
Me-Asp(HNMe2),CC(=O)C(N(C)C)N(C)C,CN([*])[C@@H](N(C)C)C([*])=O |$;;_R1;;;;;;_R2;$|,Backbone
Asp(Morpholine),CN[C@@H](CC(=O)N1CCOCC1)C(C)=O,[*]N[C@@H](CC(N1CCOCC1)=O)C([*])=O |$_R1;;;;;;;;;;;;;_R2;$|,Backbone
Asp(HNMe2),CN[C@H](C(C)=O)N(C)C,[*]N[C@@H](N(C)C)C([*])=O |$_R1;;;;;;;_R2;$|,Backbone
"homoPhe(4-CF3-3,5-F2)",CN[C@@H](CCc1cc(F)c(C(F)(F)F)c(F)c1)C(C)=O,FC(F)(F)c1c(F)cc(CC[C@H](N[*])C([*])=O)cc1(F) |$;;;;;;;;;;;;;_R1;;_R2;;;;$|,Backbone
Pro(4-F2),CC(=O)[C@@H]1CC(F)(F)CN1C,C1[C@H](N([*])CC1(F)F)C([*])=O |$;;;_R1;;;;;;_R2;$|,Backbone
Et-Phe(4-Me),CCN(C)[C@@H](Cc1ccc(C)cc1)C(C)=O,CCN([*])[C@@H](Cc1ccc(C)cc1)C([*])=O |$;;;_R1;;;;;;;;;;;_R2;$|,Backbone
Et-Phe(4-CF3),CCN(C)[C@@H](Cc1ccc(C(F)(F)F)cc1)C(C)=O,CCN([*])[C@@H](Cc1ccc(C(F)(F)F)cc1)C([*])=O |$;;;_R1;;;;;;;;;;;;;;_R2;$|,Backbone
nPr-Gly,CCCN(C)CC(C)=O,CCCN([*])CC([*])=O |$;;;;_R1;;;_R2;$|,Backbone
Me-Nva,CCC[C@@H](C(C)=O)N(C)C,CCC[C@H](N([*])C)C([*])=O |$;;;;;_R1;;;_R2;$|,Backbone
