helm,permeability
"PEPTIDE1{Me_dA.dV.Me_dA.Me_Bal.meL.Mono6.Me_dA}$PEPTIDE1,PEPTIDE1,1:R1-7:R2$$$",-5.85486575
"PEPTIDE1{Me_dA.Pr_Gly.T.meL.meL.meL.meL}$PEPTIDE1,PEPTIDE1,1:R1-7:R2$$$",-4.98995534
"PEPTIDE1{meA.meL.Sar.dL.Mono34.Mono34.meL}$PEPTIDE1,PEPTIDE1,1:R1-7:R2$$$",-5.51698516
"PEPTIDE1{Me_dA.T.meL.T.T.meL.meL}$PEPTIDE1,PEPTIDE1,1:R1-7:R2$$$",-5.66256798
"PEPTIDE1{meA.Me_dA.P.T.meL.meL.Mono34}$PEPTIDE1,PEPTIDE1,1:R1-7:R2$$$",-5.26557959
"PEPTIDE1{meA.meA.meA.meA.P.dV.Sar}$PEPTIDE1,PEPTIDE1,1:R1-7:R2$$$",-6.15993829
"PEPTIDE1{meA.Me_dA.T.Me_dA.meL.meL.meL}$PEPTIDE1,PEPTIDE1,1:R1-7:R2$$$",-5.16009924
"PEPTIDE1{meA.Me_dA.Me_dA.dP.Pr_Gly.Me_dA.dV}$PEPTIDE1,PEPTIDE1,1:R1-7:R2$$$",-5.59741361
"PEPTIDE1{Me_dA.Pr_Gly.G.G.G.meL.meV}$PEPTIDE1,PEPTIDE1,1:R1-7:R2$$$",-5.81267824
"PEPTIDE1{meA.meF.V.meF.meL.meL.Me_dA}$PEPTIDE1,PEPTIDE1,1:R1-7:R2$$$",-4.96264724
"PEPTIDE1{meA.meL.meA.meF.Me_Bal.Mono34.T}$PEPTIDE1,PEPTIDE1,1:R1-7:R2$$$",-5.42686938
"PEPTIDE1{meA.meF.meL.meL.meL.Sar.Mono34}$PEPTIDE1,PEPTIDE1,1:R1-7:R2$$$",-5.17655053
"PEPTIDE1{meA.meF.V.meA.V.meL.P}$PEPTIDE1,PEPTIDE1,1:R1-7:R2$$$",-5.35209534
"PEPTIDE1{Me_dA.Pr_Gly.meL.meL.dF.meL.meL}$PEPTIDE1,PEPTIDE1,1:R1-7:R2$$$",-5.12358005
"PEPTIDE1{meA.meA.Me_dA.dV.meL.P.meL}$PEPTIDE1,PEPTIDE1,1:R1-7:R2$$$",-5.20563182
"PEPTIDE1{Me_dA.F.G.meL.meL.meL.Sar}$PEPTIDE1,PEPTIDE1,1:R1-7:R2$$$",-5.46638684
"PEPTIDE1{meA.meL.Me_Bal.meF.meL.meL.Sar}$PEPTIDE1,PEPTIDE1,1:R1-7:R2$$$",-5.28782839
"PEPTIDE1{Me_dA.Pr_Gly.meL.meL.meL.meL.meL}$PEPTIDE1,PEPTIDE1,1:R1-7:R2$$$",-5.19279747
"PEPTIDE1{Me_dA.Pr_Gly.meL.dA.L.Me_dA.T}$PEPTIDE1,PEPTIDE1,1:R1-7:R2$$$",-5.56577438
"PEPTIDE1{Me_dA.Pr_Gly.P.Me_dA.Me_dA.dL.meL}$PEPTIDE1,PEPTIDE1,1:R1-7:R2$$$",-5.19696168
"PEPTIDE1{Me_dA.Pr_Gly.meL.P.meL.meL.meA}$PEPTIDE1,PEPTIDE1,1:R1-7:R2$$$",-5.04817730
"PEPTIDE1{meA.Pr_Gly.meL.G.G.meL.Sar}$PEPTIDE1,PEPTIDE1,1:R1-7:R2$$$",-5.75829598
"PEPTIDE1{Me_dA.meL.Me_dL.meL.meL.Me_dA.Me_dA}$PEPTIDE1,PEPTIDE1,1:R1-7:R2$$$",-5.15707152
"PEPTIDE1{Me_dA.Pr_Gly.P.meL.meL.T.meL}$PEPTIDE1,PEPTIDE1,1:R1-7:R2$$$",-5.01461798
"PEPTIDE1{Me_dA.Pr_Gly.meL.meL.meL.T.Me_dA}$PEPTIDE1,PEPTIDE1,1:R1-7:R2$$$",-5.07544223
"PEPTIDE1{meA.Me_dA.meL.meL.meL.Sar.Mono34}$PEPTIDE1,PEPTIDE1,1:R1-7:R2$$$",-5.26758885
"PEPTIDE1{meA.meF.meF.Me_Phe(3-Cl).P.meF.meF}$PEPTIDE1,PEPTIDE1,1:R1-7:R2$$$",-7.08703174
"PEPTIDE1{meA.meA.T.P.P.P.Mono34}$PEPTIDE1,PEPTIDE1,1:R1-7:R2$$$",-6.46880040
"PEPTIDE1{meA.meA.Me_Bal.Me_Bal.meL.Me_Bal.Mono1}$PEPTIDE1,PEPTIDE1,1:R1-7:R2$$$",-6.04060808
"PEPTIDE1{meA.meL.meF.meA.meF.Pr_Gly.meF}$PEPTIDE1,PEPTIDE1,1:R1-7:R2$$$",-5.11196105
"PEPTIDE1{Me_dA.Pr_Gly.meL.meL.P.meL.meA}$PEPTIDE1,PEPTIDE1,1:R1-7:R2$$$",-5.06174516
"PEPTIDE1{meA.Me_dL.meF.P.T.T.meA}$PEPTIDE1,PEPTIDE1,1:R1-7:R2$$$",-5.37797946
"PEPTIDE1{meA.Me_dL.P.P.Mono34.Me_dA.P}$PEPTIDE1,PEPTIDE1,1:R1-7:R2$$$",-5.94828829
"PEPTIDE1{Me_dA.Pr_Gly.L.L.meF.dP.meF}$PEPTIDE1,PEPTIDE1,1:R1-7:R2$$$",-5.31007803
"PEPTIDE1{meA.Me_dA.meL.meA.dP.meA.Me_dA}$PEPTIDE1,PEPTIDE1,1:R1-7:R2$$$",-5.70194648
"PEPTIDE1{meA.Me_dA.meV.T.meL.meA.Me_dA}$PEPTIDE1,PEPTIDE1,1:R1-7:R2$$$",-5.80731772
"PEPTIDE1{Me_dA.F.P.meL.meL.meL.meL}$PEPTIDE1,PEPTIDE1,1:R1-7:R2$$$",-5.35971644
"PEPTIDE1{meA.Me_dL.meL.P.Sar.meF.Mono34}$PEPTIDE1,PEPTIDE1,1:R1-7:R2$$$",-5.45037228
"PEPTIDE1{meA.meF.meF.Me_dL.meL.P.Mono34}$PEPTIDE1,PEPTIDE1,1:R1-7:R2$$$",-5.24771138
"PEPTIDE1{Me_dA.Pr_Gly.T.meL.meL.T.meL}$PEPTIDE1,PEPTIDE1,1:R1-7:R2$$$",-5.27454488
"PEPTIDE1{Me_dA.Pr_Gly.Pr_Gly.meL.meL.meL.dF}$PEPTIDE1,PEPTIDE1,1:R1-7:R2$$$",-5.11672061
"PEPTIDE1{meA.dV.dV.dL.meL.meL.meA}$PEPTIDE1,PEPTIDE1,1:R1-7:R2$$$",-5.15071052
"PEPTIDE1{meA.Me_dL.P.P.Mono34.dL.meA}$PEPTIDE1,PEPTIDE1,1:R1-7:R2$$$",-5.61889894
"PEPTIDE1{meA.Me_dA.meL.dP.meF.Me_dA.meF}$PEPTIDE1,PEPTIDE1,1:R1-7:R2$$$",-5.43960362
"PEPTIDE1{meA.Me_dL.Me_dL.Sar.meA.meL.meL}$PEPTIDE1,PEPTIDE1,1:R1-7:R2$$$",-5.23292940
"PEPTIDE1{meA.Me_dA.V.Me_dA.meV.P.Mono34}$PEPTIDE1,PEPTIDE1,1:R1-7:R2$$$",-5.52019110
"PEPTIDE1{meA.meL.meL.P.dL.Mono34.Mono34}$PEPTIDE1,PEPTIDE1,1:R1-7:R2$$$",-5.41156277
"PEPTIDE1{meA.meL.V.P.meL.dL.Mono34}$PEPTIDE1,PEPTIDE1,1:R1-7:R2$$$",-5.24898789
"PEPTIDE1{Me_dA.Pr_Gly.meL.G.Me_dA.T.meL}$PEPTIDE1,PEPTIDE1,1:R1-7:R2$$$",-5.45418095
"PEPTIDE1{meA.Me_dA.meV.meV.Me_dA.meV.meA}$PEPTIDE1,PEPTIDE1,1:R1-7:R2$$$",-5.88624468
"PEPTIDE1{meA.meA.Sar.meA.meL.meA.meA}$PEPTIDE1,PEPTIDE1,1:R1-7:R2$$$",-5.89362575
"PEPTIDE1{Me_dA.meL.meL.dP.meL.meA.T}$PEPTIDE1,PEPTIDE1,1:R1-7:R2$$$",-5.15952519
"PEPTIDE1{Me_dA.Pr_Gly.meL.Me_dL.I.meA.Me_dL}$PEPTIDE1,PEPTIDE1,1:R1-7:R2$$$",-5.03630473
"PEPTIDE1{meA.L.meA.meF.P.Mono34.Mono34}$PEPTIDE1,PEPTIDE1,1:R1-7:R2$$$",-5.48273806
"PEPTIDE1{meA.F.Me_dA.V.meL.meV.Me_dA}$PEPTIDE1,PEPTIDE1,1:R1-7:R2$$$",-5.24622094
"PEPTIDE1{meA.Me_dA.P.V.Sar.Me_dA.Mono34}$PEPTIDE1,PEPTIDE1,1:R1-7:R2$$$",-5.87369890
"PEPTIDE1{Me_dA.Pr_Gly.meL.T.L.Me_dA.meL}$PEPTIDE1,PEPTIDE1,1:R1-7:R2$$$",-5.18064758
"PEPTIDE1{meA.meL.meV.dP.L.L.Mono34}$PEPTIDE1,PEPTIDE1,1:R1-7:R2$$$",-5.46688711
"PEPTIDE1{meA.meL.meF.T.L.meA.V}$PEPTIDE1,PEPTIDE1,1:R1-7:R2$$$",-5.04931580
"PEPTIDE1{Me_dA.P.A.T.A.meL.meL}$PEPTIDE1,PEPTIDE1,1:R1-7:R2$$$",-5.62703194
"PEPTIDE1{Me_dA.F.meL.meL.meL.meL.T}$PEPTIDE1,PEPTIDE1,1:R1-7:R2$$$",-4.93435440
"PEPTIDE1{meA.meA.meL.meA.Me_Bal.meA.Mono34}$PEPTIDE1,PEPTIDE1,1:R1-7:R2$$$",-5.82292777
"PEPTIDE1{Me_dA.Pr_Gly.meL.meL.meL.P.Me_dA}$PEPTIDE1,PEPTIDE1,1:R1-7:R2$$$",-5.05420404
"PEPTIDE1{Me_dA.Pr_Gly.meL.G.meL.meL.meL}$PEPTIDE1,PEPTIDE1,1:R1-7:R2$$$",-5.06993554
"PEPTIDE1{Me_dA.meL.G.dP.dP.meL.meL}$PEPTIDE1,PEPTIDE1,1:R1-7:R2$$$",-5.34061223
"PEPTIDE1{Me_dA.Pr_Gly.Phe(4-CF3).P.meL.meL.meL}$PEPTIDE1,PEPTIDE1,1:R1-7:R2$$$",-5.25114244
"PEPTIDE1{meA.meL.V.P.P.meA.meA}$PEPTIDE1,PEPTIDE1,1:R1-7:R2$$$",-5.59672990
"PEPTIDE1{Me_dA.meL.meL.meL.meL.T.meL}$PEPTIDE1,PEPTIDE1,1:R1-7:R2$$$",-5.01098143
"PEPTIDE1{Me_dA.Pr_Gly.Pr_Gly.meL.meL.meL.Me_dL}$PEPTIDE1,PEPTIDE1,1:R1-7:R2$$$",-5.07450605
"PEPTIDE1{meA.Me_dA.T.Me_dL.Sar.meL.Me_dA}$PEPTIDE1,PEPTIDE1,1:R1-7:R2$$$",-5.59791218
"PEPTIDE1{Me_dA.Pr_Gly.P.meL.Sar.meL.meL}$PEPTIDE1,PEPTIDE1,1:R1-7:R2$$$",-5.01812203
"PEPTIDE1{meA.Me_dL.Me_dL.Mono34.Mono34.Sar.Mono34}$PEPTIDE1,PEPTIDE1,1:R1-7:R2$$$",-5.56147857
"PEPTIDE1{meA.meF.L.meL.meA.Mono34.Mono34}$PEPTIDE1,PEPTIDE1,1:R1-7:R2$$$",-5.23571616
"PEPTIDE1{Me_dA.Pr_Gly.meL.Pr_Gly.Pr_Gly.dF.T}$PEPTIDE1,PEPTIDE1,1:R1-7:R2$$$",-5.61385100
"PEPTIDE1{meA.Me_dA.meL.meA.meA.meL.Mono34}$PEPTIDE1,PEPTIDE1,1:R1-7:R2$$$",-5.44192321
"PEPTIDE1{Me_dA.Pr_Gly.T.meL.T.T.meL}$PEPTIDE1,PEPTIDE1,1:R1-7:R2$$$",-5.68146083
"PEPTIDE1{meA.meA.meA.Me_Bal.meL.T.dV}$PEPTIDE1,PEPTIDE1,1:R1-7:R2$$$",-5.53275736
"PEPTIDE1{Me_dA.Pr_Gly.meL.T.L.meA.meL}$PEPTIDE1,PEPTIDE1,1:R1-7:R2$$$",-5.18064758
"PEPTIDE1{meA.Me_dL.Me_dA.meL.Mono78.P.Mono34}$PEPTIDE1,PEPTIDE1,1:R1-7:R2$$$",-5.45518002
"PEPTIDE1{meA.meL.Mono6.meF.P.meA.meA}$PEPTIDE1,PEPTIDE1,1:R1-7:R2$$$",-5.12387652
"PEPTIDE1{meA.Me_dL.Me_dAbu.meA.T.P.meV}$PEPTIDE1,PEPTIDE1,1:R1-7:R2$$$",-5.51714728
"PEPTIDE1{Me_dA.Pr_Gly.meL.T.Me_dA.meA.meL}$PEPTIDE1,PEPTIDE1,1:R1-7:R2$$$",-5.37478813
"PEPTIDE1{Me_dA.F.meL.F.P.meL.meL}$PEPTIDE1,PEPTIDE1,1:R1-7:R2$$$",-5.36883431
"PEPTIDE1{meA.Me_dL.Me_dAbu.T.meA.meF.meA}$PEPTIDE1,PEPTIDE1,1:R1-7:R2$$$",-5.26135425
"PEPTIDE1{meA.meF.meL.P.meL.L.Sar}$PEPTIDE1,PEPTIDE1,1:R1-7:R2$$$",-5.28476130
"PEPTIDE1{meA.Me_dL.P.Mono34.meA.Me_dA.Mono34}$PEPTIDE1,PEPTIDE1,1:R1-7:R2$$$",-5.44916694
"PEPTIDE1{Me_dA.Pr_Gly.meL.meL.meL.Mono7.Mono34}$PEPTIDE1,PEPTIDE1,1:R1-7:R2$$$",-5.07536344
"PEPTIDE1{meA.meL.meL.Sar.meF.L.meA}$PEPTIDE1,PEPTIDE1,1:R1-7:R2$$$",-5.33716574
"PEPTIDE1{Me_dA.Pr_Gly.G.meL.meL.meL.meL}$PEPTIDE1,PEPTIDE1,1:R1-7:R2$$$",-5.08295173
"PEPTIDE1{Me_dA.Me_dA.Me_dA.Me_dA.Me_Bal.Me_dA.T}$PEPTIDE1,PEPTIDE1,1:R1-7:R2$$$",-5.91918182
"PEPTIDE1{Me_dA.Pr_Gly.meL.meL.meL.meL.dF}$PEPTIDE1,PEPTIDE1,1:R1-7:R2$$$",-5.04917119
"PEPTIDE1{Me_dA.T.P.meL.meA.meL.meL}$PEPTIDE1,PEPTIDE1,1:R1-7:R2$$$",-5.16865036
"PEPTIDE1{meA.Me_dL.Me_dAbu.T.L.Me_dA.meV}$PEPTIDE1,PEPTIDE1,1:R1-7:R2$$$",-5.25820783
"PEPTIDE1{meA.Me_dL.Me_dA.meA.P.meA.meA}$PEPTIDE1,PEPTIDE1,1:R1-7:R2$$$",-5.70194648
"PEPTIDE1{meA.meA.F.F.Sar.meA.Pr_Gly}$PEPTIDE1,PEPTIDE1,1:R1-7:R2$$$",-5.49776933
"PEPTIDE1{meA.meA.meA.Mono6.Mono6.Me_dA.T}$PEPTIDE1,PEPTIDE1,1:R1-7:R2$$$",-5.77383333
"PEPTIDE1{Me_dA.Pr_Gly.P.meI.meI.meL.meL}$PEPTIDE1,PEPTIDE1,1:R1-7:R2$$$",-5.20374259
"PEPTIDE1{meA.meA.Mono6.Mono6.Mono6.Sar.Sar}$PEPTIDE1,PEPTIDE1,1:R1-7:R2$$$",-6.30323458
"PEPTIDE1{Me_dA.Pr_Gly.meL.meL.meL.meL.meL}$PEPTIDE1,PEPTIDE1,1:R1-7:R2$$$",-5.19279747
"PEPTIDE1{meA.Me_dA.Mono7.meL.meF.Me_dA.Mono34}$PEPTIDE1,PEPTIDE1,1:R1-7:R2$$$",-5.11520612
"PEPTIDE1{meA.Me_dL.meL.meF.meF.Mono34.Mono34}$PEPTIDE1,PEPTIDE1,1:R1-7:R2$$$",-5.54857580
"PEPTIDE1{Me_dA.Pr_Gly.meL.G.meL.T.meL}$PEPTIDE1,PEPTIDE1,1:R1-7:R2$$$",-5.28593822
"PEPTIDE1{meA.P.V.meV.V.meL.meF}$PEPTIDE1,PEPTIDE1,1:R1-7:R2$$$",-5.07122906
"PEPTIDE1{Me_dA.Pr_Gly.meL.meL.meL.meL.meL}$PEPTIDE1,PEPTIDE1,1:R1-7:R2$$$",-5.19279747
"PEPTIDE1{Me_dA.Pr_Gly.Pr_Gly.T.P.meL.meL}$PEPTIDE1,PEPTIDE1,1:R1-7:R2$$$",-5.28712520
"PEPTIDE1{Me_dA.meL.meL.meL.dP.meA.Mono34}$PEPTIDE1,PEPTIDE1,1:R1-7:R2$$$",-5.33328236
"PEPTIDE1{Me_dA.F.meL.P.meL.T.meL}$PEPTIDE1,PEPTIDE1,1:R1-7:R2$$$",-5.02591316
"PEPTIDE1{meA.P.Pr_Gly.L.P.V.P}$PEPTIDE1,PEPTIDE1,1:R1-7:R2$$$",-7.24973452
"PEPTIDE1{Me_dA.Me_dA.Pr_Gly.dV.T.meL.meL}$PEPTIDE1,PEPTIDE1,1:R1-7:R2$$$",-5.23086197
"PEPTIDE1{Me_dA.dV.Mono6.Mono6.Me_dA.meL.meA}$PEPTIDE1,PEPTIDE1,1:R1-7:R2$$$",-5.72417875
"PEPTIDE1{Me_dA.Pr_Gly.meL.meL.P.meL.meL}$PEPTIDE1,PEPTIDE1,1:R1-7:R2$$$",-5.18612584
"PEPTIDE1{meA.Me_dL.Me_dAbu.Mono34.Mono34.meA.Mono34}$PEPTIDE1,PEPTIDE1,1:R1-7:R2$$$",-5.49615048
"PEPTIDE1{Me_dA.Pr_Gly.meL.L.meA.Me_dA.P}$PEPTIDE1,PEPTIDE1,1:R1-7:R2$$$",-5.18173360
"PEPTIDE1{Me_dA.meL.meL.meL.G.meL.Me_dA}$PEPTIDE1,PEPTIDE1,1:R1-7:R2$$$",-5.16244254
"PEPTIDE1{meA.T.P.meL.Sar.P.meL}$PEPTIDE1,PEPTIDE1,1:R1-7:R2$$$",-5.83460618
"PEPTIDE1{Me_dA.Me_dA.Me_dA.dV.T.Mono6.Me_dA}$PEPTIDE1,PEPTIDE1,1:R1-7:R2$$$",-5.66515249
"PEPTIDE1{Me_dA.Pr_Gly.P.P.meL.P.meL}$PEPTIDE1,PEPTIDE1,1:R1-7:R2$$$",-5.39888664
"PEPTIDE1{Me_dA.Pr_Gly.meL.meL.meL.meL.T}$PEPTIDE1,PEPTIDE1,1:R1-7:R2$$$",-4.96814325
"PEPTIDE1{meA.Pr_Gly.Pr_Gly.meL.meL.meL.T}$PEPTIDE1,PEPTIDE1,1:R1-7:R2$$$",-5.10317381
"PEPTIDE1{Me_dA.meA.Me_dA.meL.meL.P.meL}$PEPTIDE1,PEPTIDE1,1:R1-7:R2$$$",-5.09780451
"PEPTIDE1{Me_dA.Pr_Gly.meL.meL.meL.Me_dL.meL}$PEPTIDE1,PEPTIDE1,1:R1-7:R2$$$",-5.19279747
"PEPTIDE1{meA.Me_dA.Pr_Gly.meL.meL.meL.meL}$PEPTIDE1,PEPTIDE1,1:R1-7:R2$$$",-5.11323111
"PEPTIDE1{Me_dA.Pr_Gly.T.P.meL.T.meL}$PEPTIDE1,PEPTIDE1,1:R1-7:R2$$$",-5.39804079
"PEPTIDE1{meA.T.V.meA.meA.meA.meA}$PEPTIDE1,PEPTIDE1,1:R1-7:R2$$$",-5.98270682
"PEPTIDE1{meA.Pr_Gly.P.meL.meL.meL.meL}$PEPTIDE1,PEPTIDE1,1:R1-7:R2$$$",-5.23120585
"PEPTIDE1{meA.meL.meL.meL.meA.Mono34.L}$PEPTIDE1,PEPTIDE1,1:R1-7:R2$$$",-5.19691767
"PEPTIDE1{meA.Me_dA.T.meL.meL.meA.meL}$PEPTIDE1,PEPTIDE1,1:R1-7:R2$$$",-5.19385813
"PEPTIDE1{meA.Me_dL.meL.meL.Sar.Mono34.Mono34}$PEPTIDE1,PEPTIDE1,1:R1-7:R2$$$",-5.34930709
"PEPTIDE1{Me_dA.meL.G.meL.G.meL.P}$PEPTIDE1,PEPTIDE1,1:R1-7:R2$$$",-5.57274176
"PEPTIDE1{meA.Me_dA.T.meA.meL.meA.meA}$PEPTIDE1,PEPTIDE1,1:R1-7:R2$$$",-5.82306772
"PEPTIDE1{meA.Me_dA.meL.T.Me_dA.meA.meL}$PEPTIDE1,PEPTIDE1,1:R1-7:R2$$$",-5.58268598
"PEPTIDE1{meA.meL.V.L.meA.dL.Mono34}$PEPTIDE1,PEPTIDE1,1:R1-7:R2$$$",-5.43225755
"PEPTIDE1{meA.Pr_Gly.P.meL.Sar.meL.meA}$PEPTIDE1,PEPTIDE1,1:R1-7:R2$$$",-5.20704702
"PEPTIDE1{meA.meA.T.Pr_Gly.T.P.meL}$PEPTIDE1,PEPTIDE1,1:R1-7:R2$$$",-5.64964869
"PEPTIDE1{Me_dA.Pr_Gly.meL.P.meL.meL.Me_dA}$PEPTIDE1,PEPTIDE1,1:R1-7:R2$$$",-5.04817730
"PEPTIDE1{meA.meL.V.dA.meA.meL.meL}$PEPTIDE1,PEPTIDE1,1:R1-7:R2$$$",-5.25312222
"PEPTIDE1{meA.Pr_Gly.Pr_Gly.meL.meL.meL.meL}$PEPTIDE1,PEPTIDE1,1:R1-7:R2$$$",-5.07450605
"PEPTIDE1{Me_dA.Pr_Gly.meL.T.meL.meL.T}$PEPTIDE1,PEPTIDE1,1:R1-7:R2$$$",-5.25959488
"PEPTIDE1{meA.Me_dL.Me_dAbu.T.meA.meA.meV}$PEPTIDE1,PEPTIDE1,1:R1-7:R2$$$",-5.55858249
"PEPTIDE1{Me_dA.meL.meL.meL.Sar.Mono78.Mono34}$PEPTIDE1,PEPTIDE1,1:R1-7:R2$$$",-5.37865360
"PEPTIDE1{Me_dA.Pr_Gly.meL.P.meL.meL.meL}$PEPTIDE1,PEPTIDE1,1:R1-7:R2$$$",-5.18133991
"PEPTIDE1{Me_dA.V.meL.T.T.T.Me_dL}$PEPTIDE1,PEPTIDE1,1:R1-7:R2$$$",-5.75730979
"PEPTIDE1{meA.meF.meL.Mono6.Mono12.P.Mono34}$PEPTIDE1,PEPTIDE1,1:R1-7:R2$$$",-5.60989187
"PEPTIDE1{meA.meL.meF.Sar.Mono12.meF.Mono34}$PEPTIDE1,PEPTIDE1,1:R1-7:R2$$$",-5.74231513
"PEPTIDE1{Me_dA.Pr_Gly.meL.meL.meL.G.meL}$PEPTIDE1,PEPTIDE1,1:R1-7:R2$$$",-5.12369253
"PEPTIDE1{meA.Me_dL.meF.P.meF.P.Mono34}$PEPTIDE1,PEPTIDE1,1:R1-7:R2$$$",-5.51405411
"PEPTIDE1{meA.meL.meL.meL.T.meL.P}$PEPTIDE1,PEPTIDE1,1:R1-7:R2$$$",-5.03534087
"PEPTIDE1{meA.meF.meL.P.P.meF.meA}$PEPTIDE1,PEPTIDE1,1:R1-7:R2$$$",-5.61521771
"PEPTIDE1{meA.Me_dA.meV.meL.Sar.meL.meV}$PEPTIDE1,PEPTIDE1,1:R1-7:R2$$$",-5.28357313
"PEPTIDE1{meA.meF.dL.Me_dL.meL.Sar.Mono34}$PEPTIDE1,PEPTIDE1,1:R1-7:R2$$$",-5.24568920
"PEPTIDE1{meA.meL.meF.meV.L.meA.meA}$PEPTIDE1,PEPTIDE1,1:R1-7:R2$$$",-5.12847860
"PEPTIDE1{meA.meF.T.V.Sar.meA.meV}$PEPTIDE1,PEPTIDE1,1:R1-7:R2$$$",-5.56292425
"PEPTIDE1{meA.meF.meL.dP.dP.meF.Mono6}$PEPTIDE1,PEPTIDE1,1:R1-7:R2$$$",-5.89837862
"PEPTIDE1{meA.meL.Me_Bal.V.L.meL.Me_dA}$PEPTIDE1,PEPTIDE1,1:R1-7:R2$$$",-5.17132090
"PEPTIDE1{meA.meL.V.meA.meA.meA.Mono34}$PEPTIDE1,PEPTIDE1,1:R1-7:R2$$$",-5.61401466
"PEPTIDE1{Me_dA.Pr_Gly.meL.meL.T.T.meL}$PEPTIDE1,PEPTIDE1,1:R1-7:R2$$$",-5.31816000
"PEPTIDE1{Me_dA.Pr_Gly.meL.T.meL.meL.meL}$PEPTIDE1,PEPTIDE1,1:R1-7:R2$$$",-5.00620841
"PEPTIDE1{meA.Me_dA.T.Sar.Me_dA.meV.meV}$PEPTIDE1,PEPTIDE1,1:R1-7:R2$$$",-5.86473765
"PEPTIDE1{meA.Me_dL.meL.P.D.P.T}$PEPTIDE1,PEPTIDE1,1:R1-7:R2$$$",-5.81149638
"PEPTIDE1{meA.Me_dA.meL.meL.meL.meA.L}$PEPTIDE1,PEPTIDE1,1:R1-7:R2$$$",-5.09570367
"PEPTIDE1{meA.meF.meL.meL.meF.Me_dAbu.meL}$PEPTIDE1,PEPTIDE1,1:R1-7:R2$$$",-5.60850452
"PEPTIDE1{Me_dA.Me_dA.T.meL.T.meL.Me_dL}$PEPTIDE1,PEPTIDE1,1:R1-7:R2$$$",-5.44989661
"PEPTIDE1{Me_dA.Pr_Gly.meL.Pr_Gly.meL.L.meL}$PEPTIDE1,PEPTIDE1,1:R1-7:R2$$$",-5.20319658
"PEPTIDE1{Me_dA.T.T.meL.P.Me_dA.Me_dA}$PEPTIDE1,PEPTIDE1,1:R1-7:R2$$$",-5.65437804
"PEPTIDE1{meA.Me_dL.P.T.meL.meA.Mono34}$PEPTIDE1,PEPTIDE1,1:R1-7:R2$$$",-5.29528681
"PEPTIDE1{meA.meA.Sar.Pr_Gly.P.meA.Mono34}$PEPTIDE1,PEPTIDE1,1:R1-7:R2$$$",-5.91668822
"PEPTIDE1{meA.Me_dL.meL.P.Me_dAbu.Mono34.Mono34}$PEPTIDE1,PEPTIDE1,1:R1-7:R2$$$",-5.32508902
"PEPTIDE1{Me_dA.Pr_Gly.Pr_Gly.T.P.meL.meL}$PEPTIDE1,PEPTIDE1,1:R1-7:R2$$$",-5.28712520
"PEPTIDE1{Me_dA.Pr_Gly.T.P.meL.meL.meA}$PEPTIDE1,PEPTIDE1,1:R1-7:R2$$$",-5.37091820
"PEPTIDE1{Me_dA.Pr_Gly.meL.T.L.T.meL}$PEPTIDE1,PEPTIDE1,1:R1-7:R2$$$",-5.49380495
"PEPTIDE1{Me_dA.Pr_Gly.meL.T.meL.meL.meL}$PEPTIDE1,PEPTIDE1,1:R1-7:R2$$$",-5.00620841
"PEPTIDE1{Me_dA.T.G.G.meI.meI.meI}$PEPTIDE1,PEPTIDE1,1:R1-7:R2$$$",-5.67734266
"PEPTIDE1{Me_dA.Pr_Gly.T.P.P.Me_dA.meL}$PEPTIDE1,PEPTIDE1,1:R1-7:R2$$$",-6.07241897
"PEPTIDE1{Me_dA.meL.T.T.T.G.meL}$PEPTIDE1,PEPTIDE1,1:R1-7:R2$$$",-5.71051851
"PEPTIDE1{meA.Me_dL.P.P.Sar.Sar.Mono34}$PEPTIDE1,PEPTIDE1,1:R1-7:R2$$$",-6.07302478
"PEPTIDE1{meA.Me_dA.meA.Me_dA.Me_dNva.Mono34.meV}$PEPTIDE1,PEPTIDE1,1:R1-7:R2$$$",-5.73334058
"PEPTIDE1{Me_dA.Pr_Gly.meL.meL.Me_dL.meL.Me_dL}$PEPTIDE1,PEPTIDE1,1:R1-7:R2$$$",-5.19279747
"PEPTIDE1{meA.L.meA.meA.meL.P.Mono34}$PEPTIDE1,PEPTIDE1,1:R1-7:R2$$$",-5.33618589
"PEPTIDE1{meA.meL.T.meA.meV.meA.meV}$PEPTIDE1,PEPTIDE1,1:R1-7:R2$$$",-5.68288249
"PEPTIDE1{meA.meL.Me_Bal.Mono7.T.meL.L}$PEPTIDE1,PEPTIDE1,1:R1-7:R2$$$",-5.20361822
"PEPTIDE1{Me_dA.meL.T.meL.meL.T.T}$PEPTIDE1,PEPTIDE1,1:R1-7:R2$$$",-5.65362750
"PEPTIDE1{Me_dA.Pr_Gly.F.T.T.T.meL}$PEPTIDE1,PEPTIDE1,1:R1-7:R2$$$",-5.74958342
"PEPTIDE1{Me_dA.Pr_Gly.meL.meL.meL.Me_dA.meL}$PEPTIDE1,PEPTIDE1,1:R1-7:R2$$$",-5.09973259
"PEPTIDE1{meA.Me_dL.Me_dL.P.meA.dP.P}$PEPTIDE1,PEPTIDE1,1:R1-7:R2$$$",-5.64415361
"PEPTIDE1{meA.meA.meL.Mono6.Mono7.Sar.meF}$PEPTIDE1,PEPTIDE1,1:R1-7:R2$$$",-5.58948844
"PEPTIDE1{meA.meL.Sar.meL.meL.meA.dV}$PEPTIDE1,PEPTIDE1,1:R1-7:R2$$$",-5.23491127
"PEPTIDE1{Me_dA.meA.meA.Mono6.dP.dP.T}$PEPTIDE1,PEPTIDE1,1:R1-7:R2$$$",-5.83066463
"PEPTIDE1{meA.Me_dL.Me_dA.P.P.P.meA}$PEPTIDE1,PEPTIDE1,1:R1-7:R2$$$",-5.82212002
"PEPTIDE1{meA.Me_dA.meV.T.Sar.P.meV}$PEPTIDE1,PEPTIDE1,1:R1-7:R2$$$",-5.75914403
"PEPTIDE1{Me_dA.Pr_Gly.meL.meL.P.meL.meL}$PEPTIDE1,PEPTIDE1,1:R1-7:R2$$$",-5.18612584
"PEPTIDE1{Me_dA.T.Sar.meL.meL.meL.meL}$PEPTIDE1,PEPTIDE1,1:R1-7:R2$$$",-5.08318644
"PEPTIDE1{Me_dA.T.T.P.meL.meL.meL}$PEPTIDE1,PEPTIDE1,1:R1-7:R2$$$",-5.46246505
"PEPTIDE1{Me_dA.Pr_Gly.T.G.meL.meL.meL}$PEPTIDE1,PEPTIDE1,1:R1-7:R2$$$",-5.25325244
"PEPTIDE1{meA.meL.meF.Mono34.Mono34.Sar.meA}$PEPTIDE1,PEPTIDE1,1:R1-7:R2$$$",-5.42491824
"PEPTIDE1{meA.Sar.meL.meA.meA.Sar.meA}$PEPTIDE1,PEPTIDE1,1:R1-7:R2$$$",-5.89499243
"PEPTIDE1{meA.Pr_Gly.dF.meL.meL.meL.meA}$PEPTIDE1,PEPTIDE1,1:R1-7:R2$$$",-5.08029386
"PEPTIDE1{Me_dA.Pr_Gly.T.P.meL.meA.meL}$PEPTIDE1,PEPTIDE1,1:R1-7:R2$$$",-5.35556333
"PEPTIDE1{meA.Me_dA.V.Me_dA.meA.meV.Me_dA}$PEPTIDE1,PEPTIDE1,1:R1-7:R2$$$",-6.00961394
"PEPTIDE1{meA.Me_dL.Me_dA.meL.P.Me_dA.Mono34}$PEPTIDE1,PEPTIDE1,1:R1-7:R2$$$",-5.33538426
"PEPTIDE1{meA.Me_dA.meL.P.Sar.L.L}$PEPTIDE1,PEPTIDE1,1:R1-7:R2$$$",-5.43548977
"PEPTIDE1{meA.meF.meF.Mono78.meL.meA.meA}$PEPTIDE1,PEPTIDE1,1:R1-7:R2$$$",-5.31614954
"PEPTIDE1{meA.Me_dA.dV.meL.dF.Me_dA.T}$PEPTIDE1,PEPTIDE1,1:R1-7:R2$$$",-5.32740720
"PEPTIDE1{Me_dA.Pr_Gly.P.meL.meL.meL.meL}$PEPTIDE1,PEPTIDE1,1:R1-7:R2$$$",-5.23120585
"PEPTIDE1{Me_dA.Pr_Gly.meL.meL.meL.T.meL}$PEPTIDE1,PEPTIDE1,1:R1-7:R2$$$",-5.01070841
"PEPTIDE1{meA.meL.Mono6.meA.Sar.Mono7.Mono34}$PEPTIDE1,PEPTIDE1,1:R1-7:R2$$$",-5.92622891
"PEPTIDE1{meA.Me_dL.P.Mono34.meA.Sar.meA}$PEPTIDE1,PEPTIDE1,1:R1-7:R2$$$",-5.76518861
"PEPTIDE1{meA.Me_dA.meV.meL.L.meA.meA}$PEPTIDE1,PEPTIDE1,1:R1-7:R2$$$",-5.26700270
"PEPTIDE1{meA.meF.Me_dA.meA.Me_dA.meA.Me_dA}$PEPTIDE1,PEPTIDE1,1:R1-7:R2$$$",-5.98674724
"PEPTIDE1{meA.meL.V.meL.Mono34.meL.meL}$PEPTIDE1,PEPTIDE1,1:R1-7:R2$$$",-5.20621300
"PEPTIDE1{Me_dA.Pr_Gly.Pr_Gly.meL.T.meL.L}$PEPTIDE1,PEPTIDE1,1:R1-7:R2$$$",-5.28822322
"PEPTIDE1{Me_dA.meL.T.T.T.P.meL}$PEPTIDE1,PEPTIDE1,1:R1-7:R2$$$",-5.62058420
"PEPTIDE1{Me_dA.meL.Mono1.P.meL.meL.L}$PEPTIDE1,PEPTIDE1,1:R1-7:R2$$$",-5.61445919
"PEPTIDE1{meA.meF.dL.meF.L.L.Mono34}$PEPTIDE1,PEPTIDE1,1:R1-7:R2$$$",-5.48812580
"PEPTIDE1{Me_dA.Pr_Gly.meL.meL.G.P.meL}$PEPTIDE1,PEPTIDE1,1:R1-7:R2$$$",-5.09593903
"PEPTIDE1{Me_dA.meL.meL.meL.meL.Mono6.Mono6}$PEPTIDE1,PEPTIDE1,1:R1-7:R2$$$",-5.43888463
"PEPTIDE1{meA.meA.Mono6.T.Sar.Pr_Gly.meV}$PEPTIDE1,PEPTIDE1,1:R1-7:R2$$$",-5.72203379
"PEPTIDE1{meA.Me_Bal.Mono6.Me_Bal.T.L.T}$PEPTIDE1,PEPTIDE1,1:R1-7:R2$$$",-5.62512642
"PEPTIDE1{Me_dA.Pr_Gly.meL.Me_dL.meL.meL.meL}$PEPTIDE1,PEPTIDE1,1:R1-7:R2$$$",-5.19279747
"PEPTIDE1{meA.dV.Sar.T.Mono34.Sar.Mono34}$PEPTIDE1,PEPTIDE1,1:R1-7:R2$$$",-5.70385313
"PEPTIDE1{Me_dA.meL.meL.meL.Me_dA.meL.meL}$PEPTIDE1,PEPTIDE1,1:R1-7:R2$$$",-5.18194152
"PEPTIDE1{Me_dA.Pr_Gly.meL.meL.dF.meL.dL}$PEPTIDE1,PEPTIDE1,1:R1-7:R2$$$",-5.11573797
"PEPTIDE1{meA.Me_dA.meL.meA.meA.meL.Mono34}$PEPTIDE1,PEPTIDE1,1:R1-7:R2$$$",-5.44192321
"PEPTIDE1{meA.meL.T.meL.meA.meA.meL}$PEPTIDE1,PEPTIDE1,1:R1-7:R2$$$",-5.20809164
"PEPTIDE1{meA.meA.dA.meL.L.Me_dA.Me_dA}$PEPTIDE1,PEPTIDE1,1:R1-7:R2$$$",-5.69434167
"PEPTIDE1{meA.meL.meL.meL.meL.meL.meA}$PEPTIDE1,PEPTIDE1,1:R1-7:R2$$$",-5.20396643
"PEPTIDE1{meA.meL.meL.meA.meA.meA.meF}$PEPTIDE1,PEPTIDE1,1:R1-7:R2$$$",-5.35936510
"PEPTIDE1{Me_dA.Pr_Gly.meL.T.meL.meL.meL}$PEPTIDE1,PEPTIDE1,1:R1-7:R2$$$",-5.00620841
"PEPTIDE1{Me_dA.meL.T.P.meL.meA.meL}$PEPTIDE1,PEPTIDE1,1:R1-7:R2$$$",-5.17752251
"PEPTIDE1{Me_dA.Pr_Gly.P.T.meL.meL.meL}$PEPTIDE1,PEPTIDE1,1:R1-7:R2$$$",-4.96284723
"PEPTIDE1{meA.Me_dL.meL.meL.T.Mono34.Mono34}$PEPTIDE1,PEPTIDE1,1:R1-7:R2$$$",-5.25978230
"PEPTIDE1{meA.meL.Pr_Gly.dL.meA.Mono34.meA}$PEPTIDE1,PEPTIDE1,1:R1-7:R2$$$",-5.32341017
"PEPTIDE1{meA.P.P.P.P.P.P}$PEPTIDE1,PEPTIDE1,1:R1-7:R2$$$",-6.55303526
"PEPTIDE1{meA.meF.V.meL.V.meA.I}$PEPTIDE1,PEPTIDE1,1:R1-7:R2$$$",-5.16904720
"PEPTIDE1{meA.Me_dL.Sar.meF.Mono34.Sar.Mono34}$PEPTIDE1,PEPTIDE1,1:R1-7:R2$$$",-5.51303589
"PEPTIDE1{meA.meL.meF.T.Mono34.meA.meV}$PEPTIDE1,PEPTIDE1,1:R1-7:R2$$$",-5.14363096
"PEPTIDE1{meA.Me_dL.P.Me_dA.Mono34.Me_dA.Mono78}$PEPTIDE1,PEPTIDE1,1:R1-7:R2$$$",-5.55239648
"PEPTIDE1{meA.Me_dL.meL.meF.meF.I.Mono34}$PEPTIDE1,PEPTIDE1,1:R1-7:R2$$$",-5.27051088
"PEPTIDE1{meA.meL.Pr_Gly.Pr_Gly.meA.meL.Mono34}$PEPTIDE1,PEPTIDE1,1:R1-7:R2$$$",-5.46803337
"PEPTIDE1{meA.Me_dL.Me_dA.meV.meL.L.Me_dA}$PEPTIDE1,PEPTIDE1,1:R1-7:R2$$$",-5.13557013
"PEPTIDE1{meA.meL.V.Sar.meA.Mono34.meL}$PEPTIDE1,PEPTIDE1,1:R1-7:R2$$$",-5.41474987
"PEPTIDE1{meA.Me_dL.Me_Bal.meL.Sar.Mono34.Mono34}$PEPTIDE1,PEPTIDE1,1:R1-7:R2$$$",-5.55676015
"PEPTIDE1{meA.T.Pr_Gly.T.meL.T.Sar}$PEPTIDE1,PEPTIDE1,1:R1-7:R2$$$",-5.49618125
"PEPTIDE1{meA.meL.Me_Bal.P.Pr_Gly.Sar.Me_dL}$PEPTIDE1,PEPTIDE1,1:R1-7:R2$$$",-5.35904211
"PEPTIDE1{Me_dA.meL.G.meL.P.Me_dA.Me_dA}$PEPTIDE1,PEPTIDE1,1:R1-7:R2$$$",-5.75037046
"PEPTIDE1{meA.Me_dA.T.meL.meL.meA.meF}$PEPTIDE1,PEPTIDE1,1:R1-7:R2$$$",-5.07300819
"PEPTIDE1{Me_dA.Pr_Gly.meL.meL.T.meL.G}$PEPTIDE1,PEPTIDE1,1:R1-7:R2$$$",-5.21172268
"PEPTIDE1{Me_dA.meL.T.meL.G.meL.Me_dL}$PEPTIDE1,PEPTIDE1,1:R1-7:R2$$$",-5.10454119
"PEPTIDE1{Me_dA.Pr_Gly.P.P.meL.meA.meA}$PEPTIDE1,PEPTIDE1,1:R1-7:R2$$$",-5.62811475
"PEPTIDE1{Me_dA.Pr_Gly.T.T.meL.meL.meL}$PEPTIDE1,PEPTIDE1,1:R1-7:R2$$$",-5.29238502
"PEPTIDE1{Me_dA.meL.G.P.Mono7.Mono7.Mono34}$PEPTIDE1,PEPTIDE1,1:R1-7:R2$$$",-6.49444687
"PEPTIDE1{meA.Sar.Pr_Gly.V.dL.Pr_Gly.meL}$PEPTIDE1,PEPTIDE1,1:R1-7:R2$$$",-5.40546739
"PEPTIDE1{meA.meA.V.Sar.V.meL.meL}$PEPTIDE1,PEPTIDE1,1:R1-7:R2$$$",-5.36710201
"PEPTIDE1{meA.meS.meF.meF.meA.meA.T}$PEPTIDE1,PEPTIDE1,1:R1-7:R2$$$",-5.74107543
"PEPTIDE1{meA.Me_dL.P.Mono34.Mono34.meA.meV}$PEPTIDE1,PEPTIDE1,1:R1-7:R2$$$",-5.39930411
"PEPTIDE1{meA.meA.meL.dF.L.Pr_Gly.Me_dL}$PEPTIDE1,PEPTIDE1,1:R1-7:R2$$$",-5.23216798
"PEPTIDE1{meA.meF.Sar.Mono12.meF.Mono34.Mono34}$PEPTIDE1,PEPTIDE1,1:R1-7:R2$$$",-5.90441296
"PEPTIDE1{Me_dA.Pr_Gly.meL.G.meL.meL.meL}$PEPTIDE1,PEPTIDE1,1:R1-7:R2$$$",-5.06993554
"PEPTIDE1{meA.meA.dV.Mono6.meF.meA.Mono34}$PEPTIDE1,PEPTIDE1,1:R1-7:R2$$$",-5.40070515
"PEPTIDE1{meA.Me_dA.meA.meL.meA.Mono7.Mono34}$PEPTIDE1,PEPTIDE1,1:R1-7:R2$$$",-5.69756770
"PEPTIDE1{meA.meL.Me_Bal.Me_Bal.V.L.Mono34}$PEPTIDE1,PEPTIDE1,1:R1-7:R2$$$",-5.50824678
"PEPTIDE1{meA.Me_dA.V.Sar.P.P.Sar}$PEPTIDE1,PEPTIDE1,1:R1-7:R2$$$",-6.08931496
"PEPTIDE1{meA.Pr_Gly.meL.G.meL.T.P}$PEPTIDE1,PEPTIDE1,1:R1-7:R2$$$",-5.56274698
"PEPTIDE1{meA.Me_dL.meL.Sar.Sar.Sar.Mono34}$PEPTIDE1,PEPTIDE1,1:R1-7:R2$$$",-5.84808207
"PEPTIDE1{Me_dA.dV.meL.P.Me_dL.Me_dL.F}$PEPTIDE1,PEPTIDE1,1:R1-7:R2$$$",-5.38721819
"PEPTIDE1{Me_dA.Pr_Gly.meL.T.meL.meL.meL}$PEPTIDE1,PEPTIDE1,1:R1-7:R2$$$",-5.00620841
"PEPTIDE1{meA.Me_dA.T.meL.Me_dA.Mono34.meV}$PEPTIDE1,PEPTIDE1,1:R1-7:R2$$$",-5.46790018
"PEPTIDE1{meA.Me_dL.Me_dA.meL.L.meA.Me_dA}$PEPTIDE1,PEPTIDE1,1:R1-7:R2$$$",-5.23126597
"PEPTIDE1{meA.meL.meL.dP.Mono6.Sar.Sar}$PEPTIDE1,PEPTIDE1,1:R1-7:R2$$$",-5.59509699
"PEPTIDE1{meA.Me_dL.D.Sar.meA.Me_dA.Me_dA}$PEPTIDE1,PEPTIDE1,1:R1-7:R2$$$",-6.44290649
"PEPTIDE1{meA.Me_dL.P.Sar.Mono34.meA.Mono34}$PEPTIDE1,PEPTIDE1,1:R1-7:R2$$$",-5.75788457
"PEPTIDE1{meA.meA.Mono6.Mono6.Mono6.meL.Mono6}$PEPTIDE1,PEPTIDE1,1:R1-7:R2$$$",-5.79062906
"PEPTIDE1{Me_dA.meL.meL.meL.dP.meL.meL}$PEPTIDE1,PEPTIDE1,1:R1-7:R2$$$",-5.40882833
"PEPTIDE1{meA.meA.meF.meF.meF.Mono34.Mono34}$PEPTIDE1,PEPTIDE1,1:R1-7:R2$$$",-5.43024907
"PEPTIDE1{Me_dA.Pr_Gly.P.meL.meL.meL.meL}$PEPTIDE1,PEPTIDE1,1:R1-7:R2$$$",-5.23120585
"PEPTIDE1{meA.meL.meF.meL.Me_dA.P.meA}$PEPTIDE1,PEPTIDE1,1:R1-7:R2$$$",-5.31658341
"PEPTIDE1{meA.meF.meF.Sar.P.Mono34.Mono34}$PEPTIDE1,PEPTIDE1,1:R1-7:R2$$$",-5.34808767
"PEPTIDE1{meA.Sar.meA.Me_Nle.Mono12.Sar.Sar}$PEPTIDE1,PEPTIDE1,1:R1-7:R2$$$",-6.04213423
"PEPTIDE1{meA.Me_dA.meL.meA.Sar.P.Mono34}$PEPTIDE1,PEPTIDE1,1:R1-7:R2$$$",-5.76442356
"PEPTIDE1{meA.meL.Pr_Gly.meA.Mono34.Mono34.Mono34}$PEPTIDE1,PEPTIDE1,1:R1-7:R2$$$",-5.86143106
"PEPTIDE1{Me_dA.Pr_Gly.P.meL.meL.Sar.meL}$PEPTIDE1,PEPTIDE1,1:R1-7:R2$$$",-5.02025300
"PEPTIDE1{Me_dA.Pr_Gly.P.meL.G.meL.meL}$PEPTIDE1,PEPTIDE1,1:R1-7:R2$$$",-5.03844078
"PEPTIDE1{Me_dA.Me_dA.dP.P.Sar.meL.Asp_piperidide}$PEPTIDE1,PEPTIDE1,1:R1-7:R2$$$",-6.21364823
"PEPTIDE1{meA.meL.meL.Mono34.meL.meL.Sar}$PEPTIDE1,PEPTIDE1,1:R1-7:R2$$$",-5.37431405
"PEPTIDE1{meA.meL.meF.T.Sar.meA.meA}$PEPTIDE1,PEPTIDE1,1:R1-7:R2$$$",-5.40903354
"PEPTIDE1{Me_dA.meL.P.T.meL.meL.meL}$PEPTIDE1,PEPTIDE1,1:R1-7:R2$$$",-4.98976278
"PEPTIDE1{meA.Me_dA.T.T.meL.P.Me_dA}$PEPTIDE1,PEPTIDE1,1:R1-7:R2$$$",-5.65437804
"PEPTIDE1{meA.Me_dL.Me_dA.meV.T.meL.Me_dA}$PEPTIDE1,PEPTIDE1,1:R1-7:R2$$$",-5.30775429
"PEPTIDE1{meA.F.Me_dL.meL.Sar.Mono34.Mono34}$PEPTIDE1,PEPTIDE1,1:R1-7:R2$$$",-5.32674983
"PEPTIDE1{Me_dA.meL.meL.meL.meA.dP.T}$PEPTIDE1,PEPTIDE1,1:R1-7:R2$$$",-5.15342770
"PEPTIDE1{Me_dA.Pr_Gly.P.meL.T.meL.meL}$PEPTIDE1,PEPTIDE1,1:R1-7:R2$$$",-4.91426355
"PEPTIDE1{Me_dA.Pr_Gly.meL.meL.T.F.L}$PEPTIDE1,PEPTIDE1,1:R1-7:R2$$$",-5.15999664
"PEPTIDE1{Me_dA.meL.meL.Me_dA.Mono78.Me_dA.meL}$PEPTIDE1,PEPTIDE1,1:R1-7:R2$$$",-5.37122320
"PEPTIDE1{Me_dA.Pr_Gly.meL.meL.meL.meA.T}$PEPTIDE1,PEPTIDE1,1:R1-7:R2$$$",-5.01727854
"PEPTIDE1{meA.Me_dL.meL.Mono78.Mono34.Sar.Mono34}$PEPTIDE1,PEPTIDE1,1:R1-7:R2$$$",-5.59973657
"PEPTIDE1{Me_dA.Pr_Gly.meL.P.P.meL.meL}$PEPTIDE1,PEPTIDE1,1:R1-7:R2$$$",-5.26215680
"PEPTIDE1{Me_dA.meL.P.meL.meL.Me_dA.meL}$PEPTIDE1,PEPTIDE1,1:R1-7:R2$$$",-5.16650169
"PEPTIDE1{Me_dA.Pr_Gly.meL.dF.L.meL.T}$PEPTIDE1,PEPTIDE1,1:R1-7:R2$$$",-5.20272467
"PEPTIDE1{Me_dA.Pr_Gly.T.T.T.T.T}$PEPTIDE1,PEPTIDE1,1:R1-7:R2$$$",-6.68078236
"PEPTIDE1{meA.meF.T.meL.P.Sar.meF}$PEPTIDE1,PEPTIDE1,1:R1-7:R2$$$",-5.05591326
"PEPTIDE1{Me_dA.Pr_Gly.meL.meL.Me_dL.meL.G}$PEPTIDE1,PEPTIDE1,1:R1-7:R2$$$",-5.03256443
"PEPTIDE1{meA.Me_dL.Me_dL.Me_dL.Me_dAbu.P.T}$PEPTIDE1,PEPTIDE1,1:R1-7:R2$$$",-5.00650881
"PEPTIDE1{Me_dA.meL.meL.meL.meL.Me_dA.dL}$PEPTIDE1,PEPTIDE1,1:R1-7:R2$$$",-5.15166245
"PEPTIDE1{Me_dA.Pr_Gly.T.P.meL.meL.meL}$PEPTIDE1,PEPTIDE1,1:R1-7:R2$$$",-5.06793040
"PEPTIDE1{meA.meL.dL.Mono34.meA.P.meA}$PEPTIDE1,PEPTIDE1,1:R1-7:R2$$$",-5.35082077
"PEPTIDE1{Me_dA.Pr_Gly.T.meL.meL.meL.T}$PEPTIDE1,PEPTIDE1,1:R1-7:R2$$$",-5.23655202
"PEPTIDE1{meA.meA.Me_Bal.dV.G.Me_dA.T}$PEPTIDE1,PEPTIDE1,1:R1-7:R2$$$",-5.76830515
"PEPTIDE1{Me_dA.Pr_Gly.meL.meL.G.meL.meL}$PEPTIDE1,PEPTIDE1,1:R1-7:R2$$$",-5.20274108
"PEPTIDE1{meA.meF.meL.meF.Mono34.Sar.Mono34}$PEPTIDE1,PEPTIDE1,1:R1-7:R2$$$",-5.23151619
"PEPTIDE1{Me_dA.meL.T.meL.G.Sar.T}$PEPTIDE1,PEPTIDE1,1:R1-7:R2$$$",-5.51471307
"PEPTIDE1{Me_dA.meL.meL.meL.G.meL.Me_dA}$PEPTIDE1,PEPTIDE1,1:R1-7:R2$$$",-5.16244254
"PEPTIDE1{meA.meL.V.dL.meA.meA.meA}$PEPTIDE1,PEPTIDE1,1:R1-7:R2$$$",-5.44168006
"PEPTIDE1{meA.meF.meL.meL.meL.P.meF}$PEPTIDE1,PEPTIDE1,1:R1-7:R2$$$",-5.31159858
"PEPTIDE1{Me_dA.Me_dA.T.Pr_Gly.meL.P.F}$PEPTIDE1,PEPTIDE1,1:R1-7:R2$$$",-5.45667504
"PEPTIDE1{Me_dA.F.meL.dF.dF.L.L}$PEPTIDE1,PEPTIDE1,1:R1-7:R2$$$",-5.66980657
"PEPTIDE1{meA.Me_dA.meL.Sar.Sar.Sar.meA}$PEPTIDE1,PEPTIDE1,1:R1-7:R2$$$",-5.95571624
"PEPTIDE1{meA.meL.V.meL.Sar.meA.meV}$PEPTIDE1,PEPTIDE1,1:R1-7:R2$$$",-5.30771002
"PEPTIDE1{Me_dA.meL.meL.meL.G.meL.meL}$PEPTIDE1,PEPTIDE1,1:R1-7:R2$$$",-5.22185539
"PEPTIDE1{Me_dA.Pr_Gly.Pr_Gly.T.meL.meL.meL}$PEPTIDE1,PEPTIDE1,1:R1-7:R2$$$",-5.06479278
"PEPTIDE1{Me_dA.Pr_Gly.P.meL.meL.meL.meL}$PEPTIDE1,PEPTIDE1,1:R1-7:R2$$$",-5.23120585
"PEPTIDE1{meA.Me_dA.meL.Me_dA.meA.meA.meA}$PEPTIDE1,PEPTIDE1,1:R1-7:R2$$$",-5.83242385
"PEPTIDE1{meA.Me_dA.meV.meL.meA.meA.Mono34}$PEPTIDE1,PEPTIDE1,1:R1-7:R2$$$",-5.55197148
"PEPTIDE1{Me_dA.Pr_Gly.Pr_Gly.P.meL.meL.Me_dL}$PEPTIDE1,PEPTIDE1,1:R1-7:R2$$$",-5.20258006
"PEPTIDE1{meA.Me_dL.P.Mono34.meA.Sar.Mono34}$PEPTIDE1,PEPTIDE1,1:R1-7:R2$$$",-5.63160791
"PEPTIDE1{Me_dA.Pr_Gly.meL.T.G.P.meL}$PEPTIDE1,PEPTIDE1,1:R1-7:R2$$$",-5.50789104
"PEPTIDE1{meA.meL.meL.P.Sar.Sar.Mono34}$PEPTIDE1,PEPTIDE1,1:R1-7:R2$$$",-5.52054737
"PEPTIDE1{Me_dA.meL.meL.P.Me_dA.Me_dA.meL}$PEPTIDE1,PEPTIDE1,1:R1-7:R2$$$",-5.09289651
"PEPTIDE1{meA.Me_dAbu.meA.V.meL.meA.meF}$PEPTIDE1,PEPTIDE1,1:R1-7:R2$$$",-5.23007999
"PEPTIDE1{Me_dA.F.meL.meL.Me_dA.meL.meL}$PEPTIDE1,PEPTIDE1,1:R1-7:R2$$$",-5.10085730
"PEPTIDE1{meA.meS.meL.meL.meL.meL.dL}$PEPTIDE1,PEPTIDE1,1:R1-7:R2$$$",-5.10160141
"PEPTIDE1{meA.meL.Mono6.Me_Bal.V.dL.meA}$PEPTIDE1,PEPTIDE1,1:R1-7:R2$$$",-5.53897894
"PEPTIDE1{Me_dA.Pr_Gly.P.meL.meL.meA.meL}$PEPTIDE1,PEPTIDE1,1:R1-7:R2$$$",-5.02850317
"PEPTIDE1{meA.Me_dA.meV.meL.Me_dA.meA.Mono34}$PEPTIDE1,PEPTIDE1,1:R1-7:R2$$$",-5.55197148
"PEPTIDE1{meA.Me_dA.V.V.V.Sar.meL}$PEPTIDE1,PEPTIDE1,1:R1-7:R2$$$",-5.64271677
"PEPTIDE1{meA.meF.meA.meA.Mono34.Mono34.meL}$PEPTIDE1,PEPTIDE1,1:R1-7:R2$$$",-5.43303060
"PEPTIDE1{Me_dA.F.meL.G.P.meL.meL}$PEPTIDE1,PEPTIDE1,1:R1-7:R2$$$",-5.27988486
"PEPTIDE1{meA.Me_dL.P.P.T.P.Mono34}$PEPTIDE1,PEPTIDE1,1:R1-7:R2$$$",-6.21785976
"PEPTIDE1{Me_dA.Pr_Gly.Pr_Gly.T.meL.meL.L}$PEPTIDE1,PEPTIDE1,1:R1-7:R2$$$",-5.24559966
"PEPTIDE1{meA.Me_dL.Sar.meF.Sar.P.Mono34}$PEPTIDE1,PEPTIDE1,1:R1-7:R2$$$",-5.62046783
"PEPTIDE1{Me_dA.Pr_Gly.meL.meL.meL.meL.T}$PEPTIDE1,PEPTIDE1,1:R1-7:R2$$$",-4.96814325
"PEPTIDE1{Me_dA.Pr_Gly.P.T.meL.meL.meL}$PEPTIDE1,PEPTIDE1,1:R1-7:R2$$$",-4.96284723
"PEPTIDE1{meA.meL.meA.Sar.dL.Mono34.meL}$PEPTIDE1,PEPTIDE1,1:R1-7:R2$$$",-5.48473161
"PEPTIDE1{Me_dA.Pr_Gly.F.Pr_Gly.P.meL.meL}$PEPTIDE1,PEPTIDE1,1:R1-7:R2$$$",-5.05178140
"PEPTIDE1{meA.Me_dAbu.P.meL.meA.meA.Mono34}$PEPTIDE1,PEPTIDE1,1:R1-7:R2$$$",-5.50471558
"PEPTIDE1{Me_dA.meL.T.P.Me_dL.meL.meL}$PEPTIDE1,PEPTIDE1,1:R1-7:R2$$$",-5.00434423
"PEPTIDE1{meA.Me_dL.Me_dA.meV.Me_dA.P.meA}$PEPTIDE1,PEPTIDE1,1:R1-7:R2$$$",-5.59494940
"PEPTIDE1{Me_dA.Pr_Gly.meL.meL.meL.dL.meL}$PEPTIDE1,PEPTIDE1,1:R1-7:R2$$$",-5.11407442
"PEPTIDE1{meA.Me_dL.meL.meA.meL.Me_dA.Mono34}$PEPTIDE1,PEPTIDE1,1:R1-7:R2$$$",-5.26489258
"PEPTIDE1{Me_dA.meL.G.meL.Sar.meL.T}$PEPTIDE1,PEPTIDE1,1:R1-7:R2$$$",-5.51097682
"PEPTIDE1{Me_dA.Pr_Gly.T.P.meL.Me_dA.meL}$PEPTIDE1,PEPTIDE1,1:R1-7:R2$$$",-5.35556333
"PEPTIDE1{meA.meA.meA.Mono6.Mono6.Me_Bal.Pr_Gly}$PEPTIDE1,PEPTIDE1,1:R1-7:R2$$$",-6.05234201
"PEPTIDE1{meA.Me_dA.P.meA.T.Me_dA.P}$PEPTIDE1,PEPTIDE1,1:R1-7:R2$$$",-6.13106337
"PEPTIDE1{Me_dA.Pr_Gly.meL.T.meL.Sar.meL}$PEPTIDE1,PEPTIDE1,1:R1-7:R2$$$",-5.19203186
"PEPTIDE1{meA.Sar.L.L.dL.T.P}$PEPTIDE1,PEPTIDE1,1:R1-7:R2$$$",-5.87154693
"PEPTIDE1{meA.meL.V.meL.Sar.meA.Mono34}$PEPTIDE1,PEPTIDE1,1:R1-7:R2$$$",-5.43785100
"PEPTIDE1{meA.meL.meF.meF.Me_dAbu.Mono34.T}$PEPTIDE1,PEPTIDE1,1:R1-7:R2$$$",-5.18428480
"PEPTIDE1{meA.meL.meA.Mono6.meA.Me_Bal.Mono6}$PEPTIDE1,PEPTIDE1,1:R1-7:R2$$$",-5.87956059
"PEPTIDE1{meA.meL.meL.Sar.meA.Me_Bal.meF}$PEPTIDE1,PEPTIDE1,1:R1-7:R2$$$",-5.42034884
"PEPTIDE1{meA.meF.meF.meV.Sar.L.meA}$PEPTIDE1,PEPTIDE1,1:R1-7:R2$$$",-5.28731036
"PEPTIDE1{Me_dA.Pr_Gly.Pr_Gly.G.meL.meL.meL}$PEPTIDE1,PEPTIDE1,1:R1-7:R2$$$",-5.12317660
"PEPTIDE1{Me_dA.meL.meL.T.T.meL.F}$PEPTIDE1,PEPTIDE1,1:R1-7:R2$$$",-5.05912439
"PEPTIDE1{meA.meF.meA.T.meA.meA.meL}$PEPTIDE1,PEPTIDE1,1:R1-7:R2$$$",-5.40797243
"PEPTIDE1{meA.meL.V.V.L.P.meA}$PEPTIDE1,PEPTIDE1,1:R1-7:R2$$$",-5.39886590
"PEPTIDE1{meA.meL.meL.P.meF.L.Mono34}$PEPTIDE1,PEPTIDE1,1:R1-7:R2$$$",-5.45545930
"PEPTIDE1{Me_dA.Pr_Gly.T.P.meL.meL.Sar}$PEPTIDE1,PEPTIDE1,1:R1-7:R2$$$",-5.52689932
"PEPTIDE1{meA.Sar.Sar.Pr_Gly.I.meL.meL}$PEPTIDE1,PEPTIDE1,1:R1-7:R2$$$",-5.23766623
"PEPTIDE1{Me_dA.meL.T.P.Me_dA.meL.T}$PEPTIDE1,PEPTIDE1,1:R1-7:R2$$$",-5.57665000
"PEPTIDE1{meA.meL.meA.L.P.meA.meA}$PEPTIDE1,PEPTIDE1,1:R1-7:R2$$$",-5.57004364
"PEPTIDE1{Me_dA.Pr_Gly.T.P.meL.meA.Me_dA}$PEPTIDE1,PEPTIDE1,1:R1-7:R2$$$",-5.62235286
"PEPTIDE1{Me_dA.meL.F.meL.meL.G.meL}$PEPTIDE1,PEPTIDE1,1:R1-7:R2$$$",-5.24072825
"PEPTIDE1{meA.Me_dA.meV.meV.Me_dA.Me_dA.meV}$PEPTIDE1,PEPTIDE1,1:R1-7:R2$$$",-5.87529690
"PEPTIDE1{meA.Me_dL.meL.Sar.P.Mono34.Mono34}$PEPTIDE1,PEPTIDE1,1:R1-7:R2$$$",-5.34003956
"PEPTIDE1{Me_dA.Pr_Gly.P.P.meL.T.meL}$PEPTIDE1,PEPTIDE1,1:R1-7:R2$$$",-5.85708108
"PEPTIDE1{Me_dA.Me_dA.dV.T.meL.dF.T}$PEPTIDE1,PEPTIDE1,1:R1-7:R2$$$",-5.34338256
"PEPTIDE1{Me_dA.Pr_Gly.Pr_Gly.T.P.meL.meL}$PEPTIDE1,PEPTIDE1,1:R1-7:R2$$$",-5.28712520
"PEPTIDE1{meA.Me_dL.P.Mono34.meL.Mono6.Mono34}$PEPTIDE1,PEPTIDE1,1:R1-7:R2$$$",-5.43131890
"PEPTIDE1{Me_dA.Pr_Gly.meL.dL.meL.meL.meL}$PEPTIDE1,PEPTIDE1,1:R1-7:R2$$$",-5.08753760
"PEPTIDE1{Me_dA.meL.T.T.T.meL.meL}$PEPTIDE1,PEPTIDE1,1:R1-7:R2$$$",-5.73316798
"PEPTIDE1{meA.Me_dL.Me_dA.meL.Sar.Sar.Mono34}$PEPTIDE1,PEPTIDE1,1:R1-7:R2$$$",-5.78903312
"PEPTIDE1{meA.Me_dA.meL.meL.meA.meA.meF}$PEPTIDE1,PEPTIDE1,1:R1-7:R2$$$",-5.42344250
"PEPTIDE1{Me_dA.Pr_Gly.meL.meL.meL.meL.meL}$PEPTIDE1,PEPTIDE1,1:R1-7:R2$$$",-5.19279747
"PEPTIDE1{meA.T.meL.meL.meL.G.meL}$PEPTIDE1,PEPTIDE1,1:R1-7:R2$$$",-5.07503249
"PEPTIDE1{Me_dA.F.T.meL.Pr_Gly.Sar.Me_dA}$PEPTIDE1,PEPTIDE1,1:R1-7:R2$$$",-5.41323017
"PEPTIDE1{Me_dA.F.T.P.meL.Sar.meL}$PEPTIDE1,PEPTIDE1,1:R1-7:R2$$$",-5.26878463
"PEPTIDE1{Me_dA.Pr_Gly.meL.P.P.meL.Me_dA}$PEPTIDE1,PEPTIDE1,1:R1-7:R2$$$",-5.36405270
"PEPTIDE1{meA.meA.Me_dA.Mono6.Mono6.Me_dA.Me_dA}$PEPTIDE1,PEPTIDE1,1:R1-7:R2$$$",-6.04813692
"PEPTIDE1{meA.meL.V.meL.meA.Mono34.meA}$PEPTIDE1,PEPTIDE1,1:R1-7:R2$$$",-5.21386393
"PEPTIDE1{Me_dA.Pr_Gly.meL.dF.dF.A.dL}$PEPTIDE1,PEPTIDE1,1:R1-7:R2$$$",-5.76820159
"PEPTIDE1{Me_dA.Pr_Gly.P.T.meL.P.Pr_Gly}$PEPTIDE1,PEPTIDE1,1:R1-7:R2$$$",-6.22280161
"PEPTIDE1{meA.Me_dA.meL.Sar.Mono34.Mono12.Mono34}$PEPTIDE1,PEPTIDE1,1:R1-7:R2$$$",-5.78696725
"PEPTIDE1{Me_dA.Pr_Gly.Pr_Gly.T.T.G.meL}$PEPTIDE1,PEPTIDE1,1:R1-7:R2$$$",-5.93275768
"PEPTIDE1{Me_dA.Pr_Gly.meL.T.meL.Me_dL.meL}$PEPTIDE1,PEPTIDE1,1:R1-7:R2$$$",-5.00620841
"PEPTIDE1{Me_dA.meL.meL.Me_Bal.dA.dA.dV}$PEPTIDE1,PEPTIDE1,1:R1-7:R2$$$",-5.62675406
"PEPTIDE1{meA.Me_dL.Me_dAbu.T.Sar.meL.meA}$PEPTIDE1,PEPTIDE1,1:R1-7:R2$$$",-5.51337769
"PEPTIDE1{meA.meL.Me_Bal.Sar.Asp_piperidide.meA.Mono34}$PEPTIDE1,PEPTIDE1,1:R1-7:R2$$$",-5.83639284
"PEPTIDE1{meA.Me_dL.T.Mono34.L.P.Mono34}$PEPTIDE1,PEPTIDE1,1:R1-7:R2$$$",-5.80285628
"PEPTIDE1{meA.Me_dL.Mono6.Sar.meA.dL.meA}$PEPTIDE1,PEPTIDE1,1:R1-7:R2$$$",-5.73794439
"PEPTIDE1{Me_dA.Pr_Gly.Pr_Gly.meL.meL.Me_dL.meL}$PEPTIDE1,PEPTIDE1,1:R1-7:R2$$$",-5.07450605
"PEPTIDE1{Me_dA.P.P.meV.P.P.Mono34}$PEPTIDE1,PEPTIDE1,1:R1-7:R2$$$",-6.12346856
"PEPTIDE1{meA.meL.V.meL.meL.meA.meL}$PEPTIDE1,PEPTIDE1,1:R1-7:R2$$$",-5.11904047
"PEPTIDE1{Me_dA.Pr_Gly.meL.G.meL.meL.dP}$PEPTIDE1,PEPTIDE1,1:R1-7:R2$$$",-5.09829530
"PEPTIDE1{Me_dA.Pr_Gly.meL.G.meL.G.meL}$PEPTIDE1,PEPTIDE1,1:R1-7:R2$$$",-5.42979897
"PEPTIDE1{meA.Me_dL.meL.Sar.Mono34.Mono34.Mono34}$PEPTIDE1,PEPTIDE1,1:R1-7:R2$$$",-5.52619286
"PEPTIDE1{meA.meF.Pr_Gly.meL.G.meL.meL}$PEPTIDE1,PEPTIDE1,1:R1-7:R2$$$",-5.15751228
"PEPTIDE1{Me_dA.meL.G.meL.Sar.meL.P}$PEPTIDE1,PEPTIDE1,1:R1-7:R2$$$",-5.46314917
"PEPTIDE1{meA.Me_dL.P.meA.meL.P.Mono34}$PEPTIDE1,PEPTIDE1,1:R1-7:R2$$$",-5.47989964
"PEPTIDE1{Me_dA.Me_dA.T.P.meL.meL.P}$PEPTIDE1,PEPTIDE1,1:R1-7:R2$$$",-5.79566243
"PEPTIDE1{meA.meA.Mono6.meF.Mono6.P.Sar}$PEPTIDE1,PEPTIDE1,1:R1-7:R2$$$",-5.75871226
"PEPTIDE1{meA.Me_dL.Me_Bal.Sar.Mono6.Me_Bal.Mono34}$PEPTIDE1,PEPTIDE1,1:R1-7:R2$$$",-6.01112336
"PEPTIDE1{Me_dA.Pr_Gly.Pr_Gly.meL.meL.meL.T}$PEPTIDE1,PEPTIDE1,1:R1-7:R2$$$",-5.10317381
"PEPTIDE1{Me_dA.Pr_Gly.meL.T.meL.meL.meL}$PEPTIDE1,PEPTIDE1,1:R1-7:R2$$$",-5.00620841
"PEPTIDE1{Me_dA.Pr_Gly.meL.T.meL.meL.meL}$PEPTIDE1,PEPTIDE1,1:R1-7:R2$$$",-5.00620841
"PEPTIDE1{meA.meS.meL.meF.dP.P.Mono34}$PEPTIDE1,PEPTIDE1,1:R1-7:R2$$$",-5.79493452
"PEPTIDE1{meA.meL.meL.meF.L.P.Mono34}$PEPTIDE1,PEPTIDE1,1:R1-7:R2$$$",-5.29538094
"PEPTIDE1{meA.meL.meF.P.Mono34.meA.meA}$PEPTIDE1,PEPTIDE1,1:R1-7:R2$$$",-5.35177006
"PEPTIDE1{Me_dA.Pr_Gly.meL.T.meL.T.meL}$PEPTIDE1,PEPTIDE1,1:R1-7:R2$$$",-5.30421041
"PEPTIDE1{meA.Me_dA.meA.T.meL.meA.Me_dA}$PEPTIDE1,PEPTIDE1,1:R1-7:R2$$$",-5.84356772
"PEPTIDE1{meA.Pr_Gly.T.meI.meL.meL.meL}$PEPTIDE1,PEPTIDE1,1:R1-7:R2$$$",-5.02284765
"PEPTIDE1{Me_dA.Pr_Gly.G.meL.I.meL.meL}$PEPTIDE1,PEPTIDE1,1:R1-7:R2$$$",-4.98782002
"PEPTIDE1{meA.meL.V.G.meI.meI.meL}$PEPTIDE1,PEPTIDE1,1:R1-7:R2$$$",-5.12897491
"PEPTIDE1{meA.Me_dA.Pr_Gly.P.P.Pr_Gly.meL}$PEPTIDE1,PEPTIDE1,1:R1-7:R2$$$",-5.63876920
"PEPTIDE1{meA.Me_dL.P.Me_dAbu.Mono34.meA.Mono34}$PEPTIDE1,PEPTIDE1,1:R1-7:R2$$$",-5.43839966
"PEPTIDE1{Me_dA.Pr_Gly.meL.meL.meL.meL.meL}$PEPTIDE1,PEPTIDE1,1:R1-7:R2$$$",-5.19279747
"PEPTIDE1{meA.Me_dA.meL.meA.meA.meA.meA}$PEPTIDE1,PEPTIDE1,1:R1-7:R2$$$",-5.83242385
"PEPTIDE1{meA.Me_dA.meA.meL.meA.meA.meA}$PEPTIDE1,PEPTIDE1,1:R1-7:R2$$$",-5.83242385
"PEPTIDE1{meA.Me_dAbu.meV.meA.meA.meA.meA}$PEPTIDE1,PEPTIDE1,1:R1-7:R2$$$",-6.01663787
"PEPTIDE1{meA.Me_dA.meV.Me_dA.meL.meA.meA}$PEPTIDE1,PEPTIDE1,1:R1-7:R2$$$",-5.59462245
"PEPTIDE1{meA.meL.meL.Pr_Gly.Me_Bal.Me_dAbu.Mono1}$PEPTIDE1,PEPTIDE1,1:R1-7:R2$$$",-5.46648199
"PEPTIDE1{Me_dA.Pr_Gly.G.P.meL.G.meL}$PEPTIDE1,PEPTIDE1,1:R1-7:R2$$$",-5.69301829
"PEPTIDE1{Me_dA.Pr_Gly.F.meL.Me_dL.meL.meL}$PEPTIDE1,PEPTIDE1,1:R1-7:R2$$$",-5.06857255
"PEPTIDE1{Me_dA.Pr_Gly.T.P.meL.meL.meL}$PEPTIDE1,PEPTIDE1,1:R1-7:R2$$$",-5.06793040
"PEPTIDE1{meA.meF.Sar.meF.meF.Mono34.Mono34}$PEPTIDE1,PEPTIDE1,1:R1-7:R2$$$",-5.62375379
"PEPTIDE1{meA.meL.meA.P.meF.meL.meF}$PEPTIDE1,PEPTIDE1,1:R1-7:R2$$$",-5.30050243
"PEPTIDE1{meA.Me_dA.V.Sar.Me_dA.meV.Me_dA}$PEPTIDE1,PEPTIDE1,1:R1-7:R2$$$",-6.14335518
"PEPTIDE1{meA.meL.Mono6.Sar.meA.Mono34.L}$PEPTIDE1,PEPTIDE1,1:R1-7:R2$$$",-5.81851704
"PEPTIDE1{meA.Me_dA.meL.P.meA.meA.meV}$PEPTIDE1,PEPTIDE1,1:R1-7:R2$$$",-5.54361158
"PEPTIDE1{Me_dA.Pr_Gly.T.P.meL.Me_dA.meL}$PEPTIDE1,PEPTIDE1,1:R1-7:R2$$$",-5.35556333
"PEPTIDE1{meA.Sar.V.Pr_Gly.P.meL.Pr_Gly}$PEPTIDE1,PEPTIDE1,1:R1-7:R2$$$",-5.45779154
"PEPTIDE1{meA.Me_dL.meL.meL.Sar.Sar.meL}$PEPTIDE1,PEPTIDE1,1:R1-7:R2$$$",-5.21536255
"PEPTIDE1{meA.Me_Bal.dV.Mono6.Mono7.meA.Mono6}$PEPTIDE1,PEPTIDE1,1:R1-7:R2$$$",-6.06222917
"PEPTIDE1{meA.Me_dL.meL.Sar.Sar.Mono34.Mono34}$PEPTIDE1,PEPTIDE1,1:R1-7:R2$$$",-5.57295126
"PEPTIDE1{Me_dA.Pr_Gly.meL.meL.meL.meL.meL}$PEPTIDE1,PEPTIDE1,1:R1-7:R2$$$",-5.19279747
"PEPTIDE1{meA.meL.meL.V.meA.meA.Mono34}$PEPTIDE1,PEPTIDE1,1:R1-7:R2$$$",-5.24488893
"PEPTIDE1{meA.meL.meL.meL.meL.dL.meL}$PEPTIDE1,PEPTIDE1,1:R1-7:R2$$$",-5.47844144
"PEPTIDE1{meA.Pr_Gly.meL.meL.T.meL.T}$PEPTIDE1,PEPTIDE1,1:R1-7:R2$$$",-5.26919280
"PEPTIDE1{meA.Me_dL.meL.P.P.Sar.Mono34}$PEPTIDE1,PEPTIDE1,1:R1-7:R2$$$",-5.50665398
"PEPTIDE1{meA.meL.meA.meL.meL.meL.Mono34}$PEPTIDE1,PEPTIDE1,1:R1-7:R2$$$",-5.21296517
"PEPTIDE1{Me_dA.meL.T.meL.meL.meL.Me_dA}$PEPTIDE1,PEPTIDE1,1:R1-7:R2$$$",-4.99186056
"PEPTIDE1{meA.Me_dL.Me_dA.meL.meL.P.Mono34}$PEPTIDE1,PEPTIDE1,1:R1-7:R2$$$",-5.28372878
"PEPTIDE1{Me_dA.Pr_Gly.Pr_Gly.P.P.meL.meL}$PEPTIDE1,PEPTIDE1,1:R1-7:R2$$$",-5.34918680
"PEPTIDE1{meA.Me_dL.Me_dA.meL.Sar.Et_Gly.Mono34}$PEPTIDE1,PEPTIDE1,1:R1-7:R2$$$",-5.64906031
"PEPTIDE1{meA.F.meL.Nle.meL.meL.Mono34}$PEPTIDE1,PEPTIDE1,1:R1-7:R2$$$",-5.41023886
"PEPTIDE1{meA.Me_dL.Me_dAbu.T.meL.meA.meA}$PEPTIDE1,PEPTIDE1,1:R1-7:R2$$$",-5.51451932
"PEPTIDE1{Me_dA.Pr_Gly.G.meL.meL.meL.meL}$PEPTIDE1,PEPTIDE1,1:R1-7:R2$$$",-5.08295173
"PEPTIDE1{Me_dA.Pr_Gly.Pr_Gly.meL.T.T.meL}$PEPTIDE1,PEPTIDE1,1:R1-7:R2$$$",-5.50319187
"PEPTIDE1{meA.Me_dA.Pr_Gly.L.meL.meL.Me_dA}$PEPTIDE1,PEPTIDE1,1:R1-7:R2$$$",-5.04849655
"PEPTIDE1{meA.Me_dL.meF.meL.dP.Mono34.Mono34}$PEPTIDE1,PEPTIDE1,1:R1-7:R2$$$",-5.29170311
"PEPTIDE1{Me_dA.Pr_Gly.P.meL.meL.meL.meL}$PEPTIDE1,PEPTIDE1,1:R1-7:R2$$$",-5.23120585
"PEPTIDE1{meA.meL.meA.meL.meA.P.Mono34}$PEPTIDE1,PEPTIDE1,1:R1-7:R2$$$",-5.27564386
"PEPTIDE1{Me_dA.Pr_Gly.meL.meL.meL.meL.meL}$PEPTIDE1,PEPTIDE1,1:R1-7:R2$$$",-5.19279747
"PEPTIDE1{meA.P.P.P.T.T.meL}$PEPTIDE1,PEPTIDE1,1:R1-7:R2$$$",-6.14876492
"PEPTIDE1{meA.meL.meF.meL.meL.Et_Gly.Mono34}$PEPTIDE1,PEPTIDE1,1:R1-7:R2$$$",-5.16072380
"PEPTIDE1{meA.Me_dA.meV.Sar.meL.meA.Mono34}$PEPTIDE1,PEPTIDE1,1:R1-7:R2$$$",-5.76637510
"PEPTIDE1{meA.Me_dAbu.V.Sar.Sar.meV.meV}$PEPTIDE1,PEPTIDE1,1:R1-7:R2$$$",-5.88914792
"PEPTIDE1{meA.meA.Me_dA.meA.Mono6.P.meA}$PEPTIDE1,PEPTIDE1,1:R1-7:R2$$$",-5.96823427
"PEPTIDE1{Me_dA.Pr_Gly.meL.T.G.P.meL}$PEPTIDE1,PEPTIDE1,1:R1-7:R2$$$",-5.50789104
"PEPTIDE1{Me_dA.Pr_Gly.meL.dL.P.meL.meL}$PEPTIDE1,PEPTIDE1,1:R1-7:R2$$$",-5.16611856
"PEPTIDE1{meA.Me_dL.Me_dAbu.meF.Mono34.Mono34.meL}$PEPTIDE1,PEPTIDE1,1:R1-7:R2$$$",-5.32070686
"PEPTIDE1{meA.Me_dA.meL.meL.meL.Me_dAbu.Mono34}$PEPTIDE1,PEPTIDE1,1:R1-7:R2$$$",-5.24862733
"PEPTIDE1{meA.meL.meF.meA.V.A.meV}$PEPTIDE1,PEPTIDE1,1:R1-7:R2$$$",-5.30034855
"PEPTIDE1{Me_dA.Pr_Gly.meL.meL.T.meL.meL}$PEPTIDE1,PEPTIDE1,1:R1-7:R2$$$",-4.98820841
"PEPTIDE1{Me_dA.Pr_Gly.meL.meL.meL.meL.meL}$PEPTIDE1,PEPTIDE1,1:R1-7:R2$$$",-5.19279747
"PEPTIDE1{Me_dA.Pr_Gly.P.T.P.meL.meL}$PEPTIDE1,PEPTIDE1,1:R1-7:R2$$$",-5.75702066
"PEPTIDE1{meA.meA.meL.meL.T.meV.Mono34}$PEPTIDE1,PEPTIDE1,1:R1-7:R2$$$",-5.18604217
"PEPTIDE1{Me_dA.Pr_Gly.T.meL.meL.meL.meL}$PEPTIDE1,PEPTIDE1,1:R1-7:R2$$$",-4.98995534
"PEPTIDE1{meA.meF.pentyl_Gly.L.L.Mono34.dV}$PEPTIDE1,PEPTIDE1,1:R1-7:R2$$$",-5.82493380
"PEPTIDE1{meA.Me_dA.T.T.Me_dA.Me_dA.meL}$PEPTIDE1,PEPTIDE1,1:R1-7:R2$$$",-5.85693259
"PEPTIDE1{Me_dA.Pr_Gly.meL.meL.T.meL.T}$PEPTIDE1,PEPTIDE1,1:R1-7:R2$$$",-5.26919280
"PEPTIDE1{meA.meF.meL.T.L.meA.Mono34}$PEPTIDE1,PEPTIDE1,1:R1-7:R2$$$",-5.16408372
"PEPTIDE1{Me_dA.Me_dA.dV.T.P.meL.Me_dA}$PEPTIDE1,PEPTIDE1,1:R1-7:R2$$$",-5.57264672
"PEPTIDE1{meA.meF.meF.Sar.Sar.meF.Mono34}$PEPTIDE1,PEPTIDE1,1:R1-7:R2$$$",-5.49365960
"PEPTIDE1{meA.Me_dA.Me_dL.meL.Sar.Mono34.T}$PEPTIDE1,PEPTIDE1,1:R1-7:R2$$$",-5.54448828
"PEPTIDE1{Me_dA.Pr_Gly.F.G.meL.meL.meL}$PEPTIDE1,PEPTIDE1,1:R1-7:R2$$$",-5.13178462
"PEPTIDE1{meA.Me_dL.T.T.Pr_Gly.Sar.meL}$PEPTIDE1,PEPTIDE1,1:R1-7:R2$$$",-5.46836848
"PEPTIDE1{Me_dA.Pr_Gly.meL.meL.meL.T.F}$PEPTIDE1,PEPTIDE1,1:R1-7:R2$$$",-4.89371106
"PEPTIDE1{meA.meL.Me_dL.Me_dA.meL.Sar.meA}$PEPTIDE1,PEPTIDE1,1:R1-7:R2$$$",-5.31734694
"PEPTIDE1{Me_dA.Pr_Gly.P.L.Me_dA.Me_dA.meL}$PEPTIDE1,PEPTIDE1,1:R1-7:R2$$$",-5.19793091
"PEPTIDE1{meA.meS.meL.meL.meA.meL.meA}$PEPTIDE1,PEPTIDE1,1:R1-7:R2$$$",-5.59160240
"PEPTIDE1{meA.Me_dA.meL.Me_dA.Mono34.meA.Mono34}$PEPTIDE1,PEPTIDE1,1:R1-7:R2$$$",-5.56598337
"PEPTIDE1{Me_dA.T.T.meL.meL.meL.meL}$PEPTIDE1,PEPTIDE1,1:R1-7:R2$$$",-5.07899574
"PEPTIDE1{Me_dA.T.meL.meL.meL.meL.meL}$PEPTIDE1,PEPTIDE1,1:R1-7:R2$$$",-5.09229229
"PEPTIDE1{Me_dA.Pr_Gly.T.P.Me_dA.T.meL}$PEPTIDE1,PEPTIDE1,1:R1-7:R2$$$",-5.67033274
"PEPTIDE1{Me_dA.dV.Me_Bal.Me_dA.meL.T.Me_dA}$PEPTIDE1,PEPTIDE1,1:R1-7:R2$$$",-5.48471870
"PEPTIDE1{Me_dA.Pr_Gly.meL.meL.meL.meL.meL}$PEPTIDE1,PEPTIDE1,1:R1-7:R2$$$",-5.19279747
"PEPTIDE1{Me_dA.F.T.meL.meL.P.meL}$PEPTIDE1,PEPTIDE1,1:R1-7:R2$$$",-4.96759955
"PEPTIDE1{meA.meL.Mono6.Sar.Mono6.Mono34.Mono34}$PEPTIDE1,PEPTIDE1,1:R1-7:R2$$$",-5.53803027
"PEPTIDE1{meA.meF.meL.Sar.Sar.Sar.P}$PEPTIDE1,PEPTIDE1,1:R1-7:R2$$$",-5.66827993
"PEPTIDE1{Me_dA.Pr_Gly.meL.meL.P.meL.meL}$PEPTIDE1,PEPTIDE1,1:R1-7:R2$$$",-5.18612584
"PEPTIDE1{Me_dA.Pr_Gly.P.meL.meL.meL.meL}$PEPTIDE1,PEPTIDE1,1:R1-7:R2$$$",-5.23120585
"PEPTIDE1{meA.meF.meL.meF.Me_dAbu.Me_dAbu.Mono34}$PEPTIDE1,PEPTIDE1,1:R1-7:R2$$$",-4.98760533
"PEPTIDE1{Me_dA.dV.Mono6.Mono6.Mono7.Mono1.meL}$PEPTIDE1,PEPTIDE1,1:R1-7:R2$$$",-5.58838348
"PEPTIDE1{meA.Me_dL.meL.Sar.Pr_Gly.Sar.Mono34}$PEPTIDE1,PEPTIDE1,1:R1-7:R2$$$",-5.56595427
"PEPTIDE1{Me_dA.Pr_Gly.P.P.meL.meL.meL}$PEPTIDE1,PEPTIDE1,1:R1-7:R2$$$",-5.26731791
"PEPTIDE1{meA.Me_dA.meL.meA.meA.meA.Mono34}$PEPTIDE1,PEPTIDE1,1:R1-7:R2$$$",-5.77412941
"PEPTIDE1{meA.Sar.V.Asp_piperidide.V.meL.Mono34}$PEPTIDE1,PEPTIDE1,1:R1-7:R2$$$",-5.52081694
"PEPTIDE1{meA.meL.Sar.Me_Bal.meL.meL.Mono34}$PEPTIDE1,PEPTIDE1,1:R1-7:R2$$$",-5.38797248
"PEPTIDE1{meA.Me_dL.T.T.meL.Sar.meL}$PEPTIDE1,PEPTIDE1,1:R1-7:R2$$$",-5.47610182
"PEPTIDE1{Me_dA.Pr_Gly.T.P.meI.meL.meL}$PEPTIDE1,PEPTIDE1,1:R1-7:R2$$$",-5.10096449
"PEPTIDE1{Me_dA.Pr_Gly.meL.meL.meL.meL.Me_dA}$PEPTIDE1,PEPTIDE1,1:R1-7:R2$$$",-5.11323111
"PEPTIDE1{meA.Me_dL.Me_dAbu.T.T.meA.meV}$PEPTIDE1,PEPTIDE1,1:R1-7:R2$$$",-5.54552000
"PEPTIDE1{Me_dA.Pr_Gly.T.meL.meL.P.G}$PEPTIDE1,PEPTIDE1,1:R1-7:R2$$$",-5.43057965
"PEPTIDE1{meA.Me_dA.T.meL.Me_dA.Mono34.meL}$PEPTIDE1,PEPTIDE1,1:R1-7:R2$$$",-5.33497724
"PEPTIDE1{meA.P.meA.Sar.Sar.Mono34.meA}$PEPTIDE1,PEPTIDE1,1:R1-7:R2$$$",-6.00242863
"PEPTIDE1{Me_dA.Pr_Gly.Pr_Gly.meL.meL.F.Me_dA}$PEPTIDE1,PEPTIDE1,1:R1-7:R2$$$",-5.20716838
"PEPTIDE1{meA.Me_dA.P.Sar.meF.P.Mono34}$PEPTIDE1,PEPTIDE1,1:R1-7:R2$$$",-5.98639641
"PEPTIDE1{meA.meL.V.V.meA.P.meV}$PEPTIDE1,PEPTIDE1,1:R1-7:R2$$$",-5.19261908
"PEPTIDE1{Me_dA.Pr_Gly.P.P.meL.meL.meA}$PEPTIDE1,PEPTIDE1,1:R1-7:R2$$$",-5.32900858
"PEPTIDE1{meA.Me_dL.Me_dA.meL.Me_dA.meL.meL}$PEPTIDE1,PEPTIDE1,1:R1-7:R2$$$",-5.15406501
"PEPTIDE1{Me_dA.Pr_Gly.meL.meL.meL.dL.meL}$PEPTIDE1,PEPTIDE1,1:R1-7:R2$$$",-5.11407442
"PEPTIDE1{meA.meL.Sar.H.P.Sar.meF}$PEPTIDE1,PEPTIDE1,1:R1-7:R2$$$",-5.91922765
"PEPTIDE1{Me_dA.Pr_Gly.meL.meL.G.Me_dA.meL}$PEPTIDE1,PEPTIDE1,1:R1-7:R2$$$",-5.21844747
"PEPTIDE1{meA.P.T.Sar.meV.meA.meL}$PEPTIDE1,PEPTIDE1,1:R1-7:R2$$$",-5.61130984
"PEPTIDE1{Me_dA.Mono6.Me_dA.Sar.dF.L.L}$PEPTIDE1,PEPTIDE1,1:R1-7:R2$$$",-5.50002785
"PEPTIDE1{meA.Me_dL.Me_dA.meL.meL.Sar.Mono34}$PEPTIDE1,PEPTIDE1,1:R1-7:R2$$$",-5.35037664
"PEPTIDE1{meA.Me_dAbu.V.meL.meA.meA.meV}$PEPTIDE1,PEPTIDE1,1:R1-7:R2$$$",-5.33936562
"PEPTIDE1{Me_dA.meL.T.T.meL.P.P}$PEPTIDE1,PEPTIDE1,1:R1-7:R2$$$",-5.87592207
"PEPTIDE1{meA.meL.meF.L.dP.dF.Asp_piperidide}$PEPTIDE1,PEPTIDE1,1:R1-7:R2$$$",-5.64369401
"PEPTIDE1{meA.Me_dA.V.meL.T.meL.Pr_Gly}$PEPTIDE1,PEPTIDE1,1:R1-7:R2$$$",-5.15643069
"PEPTIDE1{meA.Me_dL.meL.meL.Sar.meA.Mono34}$PEPTIDE1,PEPTIDE1,1:R1-7:R2$$$",-5.36587251
"PEPTIDE1{meA.Me_dL.Me_dAbu.meL.meL.Sar.Mono34}$PEPTIDE1,PEPTIDE1,1:R1-7:R2$$$",-5.25963619
"PEPTIDE1{meA.Me_dL.Me_dL.Me_dL.meL.Sar.L}$PEPTIDE1,PEPTIDE1,1:R1-7:R2$$$",-5.07112446
"PEPTIDE1{meA.meF.V.L.meA.meA.Me_dA}$PEPTIDE1,PEPTIDE1,1:R1-7:R2$$$",-5.40379920
"PEPTIDE1{Me_dA.Pr_Gly.T.T.meL.meL.meL}$PEPTIDE1,PEPTIDE1,1:R1-7:R2$$$",-5.29238502
"PEPTIDE1{Me_dA.Pr_Gly.meL.G.meL.meL.meL}$PEPTIDE1,PEPTIDE1,1:R1-7:R2$$$",-5.06993554
"PEPTIDE1{meA.Me_dL.T.P.meL.Me_dA.L}$PEPTIDE1,PEPTIDE1,1:R1-7:R2$$$",-5.27825721
"PEPTIDE1{meA.Me_dA.T.Me_dA.meL.meL.meA}$PEPTIDE1,PEPTIDE1,1:R1-7:R2$$$",-5.56852486
"PEPTIDE1{Me_dA.Me_dA.meL.meL.T.T.T}$PEPTIDE1,PEPTIDE1,1:R1-7:R2$$$",-5.69260265
"PEPTIDE1{Me_dA.Pr_Gly.meL.meL.P.meL.meL}$PEPTIDE1,PEPTIDE1,1:R1-7:R2$$$",-5.18612584
"PEPTIDE1{meA.Me_dA.meV.Sar.Me_dA.meL.Mono34}$PEPTIDE1,PEPTIDE1,1:R1-7:R2$$$",-5.78674869
"PEPTIDE1{meA.Me_dL.Me_dL.meL.L.L.Mono34}$PEPTIDE1,PEPTIDE1,1:R1-7:R2$$$",-5.30051557
"PEPTIDE1{Me_dA.Pr_Gly.meL.T.T.T.Me_dA}$PEPTIDE1,PEPTIDE1,1:R1-7:R2$$$",-5.74955265
"PEPTIDE1{meA.meL.Me_Bal.Me_Bal.Pr_Gly.Mono6.Mono34}$PEPTIDE1,PEPTIDE1,1:R1-7:R2$$$",-5.66288400
"PEPTIDE1{meA.meL.meF.meL.meL.P.Mono34}$PEPTIDE1,PEPTIDE1,1:R1-7:R2$$$",-5.19621525
"PEPTIDE1{Me_dA.Pr_Gly.P.Me_dA.T.meL.meL}$PEPTIDE1,PEPTIDE1,1:R1-7:R2$$$",-5.17365670
"PEPTIDE1{meA.Me_dL.Me_dAbu.T.L.meA.meV}$PEPTIDE1,PEPTIDE1,1:R1-7:R2$$$",-5.25820783
"PEPTIDE1{Me_dA.Pr_Gly.Pr_Gly.T.P.meL.meL}$PEPTIDE1,PEPTIDE1,1:R1-7:R2$$$",-5.28712520
"PEPTIDE1{Me_dA.Me_dA.P.Me_dA.meL.meL.meL}$PEPTIDE1,PEPTIDE1,1:R1-7:R2$$$",-5.24827821
"PEPTIDE1{Me_dA.Pr_Gly.P.meL.meL.T.F}$PEPTIDE1,PEPTIDE1,1:R1-7:R2$$$",-5.02726061
"PEPTIDE1{Me_dA.Me_dA.Mono6.Me_dA.T.meL.Sar}$PEPTIDE1,PEPTIDE1,1:R1-7:R2$$$",-5.66114801
"PEPTIDE1{Me_dA.Pr_Gly.meL.meL.meL.meL.T}$PEPTIDE1,PEPTIDE1,1:R1-7:R2$$$",-4.96814325
"PEPTIDE1{Me_dA.Me_dA.T.meL.T.meL.meL}$PEPTIDE1,PEPTIDE1,1:R1-7:R2$$$",-5.44989661
"PEPTIDE1{meA.meL.meF.P.T.meL.Mono34}$PEPTIDE1,PEPTIDE1,1:R1-7:R2$$$",-5.18266868
"PEPTIDE1{meA.T.meL.meL.meL.Sar.meL}$PEPTIDE1,PEPTIDE1,1:R1-7:R2$$$",-5.06326637
"PEPTIDE1{Me_dA.Pr_Gly.F.Me_dL.P.meL.meL}$PEPTIDE1,PEPTIDE1,1:R1-7:R2$$$",-5.23639960
"PEPTIDE1{meA.Me_dL.Me_dAbu.meL.meF.Me_dAbu.Mono34}$PEPTIDE1,PEPTIDE1,1:R1-7:R2$$$",-5.16145652
"PEPTIDE1{Me_dA.Pr_Gly.T.T.P.meV.meL}$PEPTIDE1,PEPTIDE1,1:R1-7:R2$$$",-5.49587281
"PEPTIDE1{meA.meF.meF.Mono6.Sar.Mono6.meF}$PEPTIDE1,PEPTIDE1,1:R1-7:R2$$$",-5.53540334
"PEPTIDE1{meA.meF.meF.P.Me_dAbu.P.Mono34}$PEPTIDE1,PEPTIDE1,1:R1-7:R2$$$",-5.65479549
"PEPTIDE1{Me_dA.Pr_Gly.T.meL.meL.meA.meL}$PEPTIDE1,PEPTIDE1,1:R1-7:R2$$$",-5.05284479
"PEPTIDE1{Me_dA.Pr_Gly.P.meL.Sar.meV.meL}$PEPTIDE1,PEPTIDE1,1:R1-7:R2$$$",-5.08793457
"PEPTIDE1{meA.meL.meF.meF.meF.meF.Mono34}$PEPTIDE1,PEPTIDE1,1:R1-7:R2$$$",-6.02894558
"PEPTIDE1{meA.L.dV.L.Sar.T.P}$PEPTIDE1,PEPTIDE1,1:R1-7:R2$$$",-5.74609397
"PEPTIDE1{meA.meF.Sar.Mono6.Mono6.Me_Bal.Mono34}$PEPTIDE1,PEPTIDE1,1:R1-7:R2$$$",-5.76652963
"PEPTIDE1{Me_dA.Pr_Gly.meL.meL.Me_dL.meL.meL}$PEPTIDE1,PEPTIDE1,1:R1-7:R2$$$",-5.19279747
"PEPTIDE1{meA.T.meL.dA.meL.T.T}$PEPTIDE1,PEPTIDE1,1:R1-7:R2$$$",-5.59667646
"PEPTIDE1{meA.Me_dL.Me_dA.T.meL.meA.meA}$PEPTIDE1,PEPTIDE1,1:R1-7:R2$$$",-5.58865522
"PEPTIDE1{Me_dA.Pr_Gly.P.meL.meL.Me_dL.meL}$PEPTIDE1,PEPTIDE1,1:R1-7:R2$$$",-5.23120585
"PEPTIDE1{meA.Me_dA.meL.T.Me_dA.meL.meA}$PEPTIDE1,PEPTIDE1,1:R1-7:R2$$$",-5.58268598
"PEPTIDE1{Me_dA.meA.Mono6.P.meL.A.Me_dA}$PEPTIDE1,PEPTIDE1,1:R1-7:R2$$$",-5.90584537
"PEPTIDE1{meA.meL.meL.V.meL.Mono34.V}$PEPTIDE1,PEPTIDE1,1:R1-7:R2$$$",-5.17208450
"PEPTIDE1{meA.meA.meL.Me_Bal.meF.meL.T}$PEPTIDE1,PEPTIDE1,1:R1-7:R2$$$",-5.15854848
"PEPTIDE1{Me_dA.Pr_Gly.meL.T.G.P.meL}$PEPTIDE1,PEPTIDE1,1:R1-7:R2$$$",-5.50789104
"PEPTIDE1{Me_dA.T.Pr_Gly.meL.meL.P.meL}$PEPTIDE1,PEPTIDE1,1:R1-7:R2$$$",-5.14835614
"PEPTIDE1{Me_dA.Pr_Gly.meL.meL.meL.meL.G}$PEPTIDE1,PEPTIDE1,1:R1-7:R2$$$",-5.03256443
"PEPTIDE1{Me_dA.Pr_Gly.meL.meL.G.meL.meL}$PEPTIDE1,PEPTIDE1,1:R1-7:R2$$$",-5.20274108
"PEPTIDE1{meA.meL.P.P.T.meL.meA}$PEPTIDE1,PEPTIDE1,1:R1-7:R2$$$",-5.83861161
"PEPTIDE1{Me_dA.meL.G.T.Sar.Mono7.meL}$PEPTIDE1,PEPTIDE1,1:R1-7:R2$$$",-5.51217610
"PEPTIDE1{meA.meL.V.meL.meA.P.meF}$PEPTIDE1,PEPTIDE1,1:R1-7:R2$$$",-5.20001029
"PEPTIDE1{meA.Me_dA.T.Me_dA.Me_dA.meV.meV}$PEPTIDE1,PEPTIDE1,1:R1-7:R2$$$",-5.85703765
"PEPTIDE1{Me_dA.Pr_Gly.meL.T.meL.meL.meL}$PEPTIDE1,PEPTIDE1,1:R1-7:R2$$$",-5.00620841
"PEPTIDE1{meA.meL.V.dL.meA.meL.meL}$PEPTIDE1,PEPTIDE1,1:R1-7:R2$$$",-5.15561049
"PEPTIDE1{Me_dA.V.T.V.V.Mono7.S}$PEPTIDE1,PEPTIDE1,1:R1-7:R2$$$",-6.55160156
"PEPTIDE1{meA.meL.Sar.Sar.Sar.P.meL}$PEPTIDE1,PEPTIDE1,1:R1-7:R2$$$",-5.64329709
"PEPTIDE1{Me_dA.Pr_Gly.meL.meL.G.P.meL}$PEPTIDE1,PEPTIDE1,1:R1-7:R2$$$",-5.09593903
"PEPTIDE1{meA.Me_dA.T.meL.P.meA.meA}$PEPTIDE1,PEPTIDE1,1:R1-7:R2$$$",-5.71125584
"PEPTIDE1{meA.Me_dA.T.meL.meA.meA.Mono34}$PEPTIDE1,PEPTIDE1,1:R1-7:R2$$$",-5.59595522
"PEPTIDE1{meA.meL.V.V.meA.meL.meL}$PEPTIDE1,PEPTIDE1,1:R1-7:R2$$$",-5.20871467
"PEPTIDE1{Me_dA.Pr_Gly.meL.meL.meL.meL.L}$PEPTIDE1,PEPTIDE1,1:R1-7:R2$$$",-5.05955590
"PEPTIDE1{meA.pentyl_Gly.Me_Nle.Mono84.Mono84.Mono34.Asp_piperidide}$PEPTIDE1,PEPTIDE1,1:R1-7:R2$$$",-5.69068925
"PEPTIDE1{meA.Me_dA.I.meL.meL.meA.meL}$PEPTIDE1,PEPTIDE1,1:R1-7:R2$$$",-5.05865670
"PEPTIDE1{Me_dA.Pr_Gly.T.meL.meL.meL.meL}$PEPTIDE1,PEPTIDE1,1:R1-7:R2$$$",-4.98995534
"PEPTIDE1{meA.Me_dA.meL.meL.meL.Me_dA.Mono34}$PEPTIDE1,PEPTIDE1,1:R1-7:R2$$$",-5.29411258
"PEPTIDE1{meA.meL.dL.Me_dNva.P.P.Mono34}$PEPTIDE1,PEPTIDE1,1:R1-7:R2$$$",-5.57798088
"PEPTIDE1{meA.Pr_Gly.T.meL.meL.meL.T}$PEPTIDE1,PEPTIDE1,1:R1-7:R2$$$",-5.23655202
"PEPTIDE1{meA.dV.V.Mono7.T.Mono7.meF}$PEPTIDE1,PEPTIDE1,1:R1-7:R2$$$",-5.70383901
"PEPTIDE1{Me_dA.meA.Mono6.Mono6.Mono6.Pr_Gly.L}$PEPTIDE1,PEPTIDE1,1:R1-7:R2$$$",-5.70584796
"PEPTIDE1{Me_dA.Pr_Gly.meL.meL.meL.T.meL}$PEPTIDE1,PEPTIDE1,1:R1-7:R2$$$",-5.01070841
"PEPTIDE1{Me_dA.Pr_Gly.meL.meL.meA.Me_dA.meA}$PEPTIDE1,PEPTIDE1,1:R1-7:R2$$$",-5.22540995
"PEPTIDE1{meA.meL.Me_Bal.Me_Bal.dV.Me_dA.meA}$PEPTIDE1,PEPTIDE1,1:R1-7:R2$$$",-5.97776173
"PEPTIDE1{meA.meL.meF.meL.meF.Mono78.Mono34}$PEPTIDE1,PEPTIDE1,1:R1-7:R2$$$",-5.68380740
"PEPTIDE1{meA.Me_dA.V.meL.meV.Sar.meA}$PEPTIDE1,PEPTIDE1,1:R1-7:R2$$$",-5.47033242
"PEPTIDE1{meA.Me_dA.meV.Me_dA.meV.Me_dA.meL}$PEPTIDE1,PEPTIDE1,1:R1-7:R2$$$",-5.48312518
"PEPTIDE1{meA.meL.Mono34.P.Sar.Pr_Gly.P}$PEPTIDE1,PEPTIDE1,1:R1-7:R2$$$",-5.92228713
"PEPTIDE1{Me_dA.Pr_Gly.P.Pr_Gly.P.meL.meL}$PEPTIDE1,PEPTIDE1,1:R1-7:R2$$$",-5.30370004
"PEPTIDE1{meA.Me_dA.T.meL.P.meA.T}$PEPTIDE1,PEPTIDE1,1:R1-7:R2$$$",-5.67825833
"PEPTIDE1{Me_dA.meL.T.meL.Me_dL.T.meL}$PEPTIDE1,PEPTIDE1,1:R1-7:R2$$$",-5.09061700
"PEPTIDE1{meA.Mono34.T.meA.meA.Mono34.meV}$PEPTIDE1,PEPTIDE1,1:R1-7:R2$$$",-5.68423046
"PEPTIDE1{Me_dA.Pr_Gly.meL.meL.meL.meL.meL}$PEPTIDE1,PEPTIDE1,1:R1-7:R2$$$",-5.19279747
"PEPTIDE1{Me_dA.meL.P.meL.meL.T.P}$PEPTIDE1,PEPTIDE1,1:R1-7:R2$$$",-5.58421725
"PEPTIDE1{Me_dA.Pr_Gly.T.meL.T.meV.meL}$PEPTIDE1,PEPTIDE1,1:R1-7:R2$$$",-5.32582613
"PEPTIDE1{Me_dA.Pr_Gly.T.T.meL.meL.meL}$PEPTIDE1,PEPTIDE1,1:R1-7:R2$$$",-5.29238502
"PEPTIDE1{meA.Me_dA.V.Me_dA.meV.Sar.meL}$PEPTIDE1,PEPTIDE1,1:R1-7:R2$$$",-5.56272454
"PEPTIDE1{Me_dA.meA.Me_dA.dA.Me_Bal.C.L}$PEPTIDE1,PEPTIDE1,1:R1-7:R2$$$",-5.95607682
"PEPTIDE1{meA.meA.dV.Pr_Gly.Sar.Sar.Me_dA}$PEPTIDE1,PEPTIDE1,1:R1-7:R2$$$",-5.91370682
"PEPTIDE1{meA.meL.Pr_Gly.V.meL.meL.Pr_Gly}$PEPTIDE1,PEPTIDE1,1:R1-7:R2$$$",-5.10043365
"PEPTIDE1{Me_dA.Pr_Gly.meL.meL.meL.meL.meL}$PEPTIDE1,PEPTIDE1,1:R1-7:R2$$$",-5.19279747
"PEPTIDE1{meA.Me_dL.meL.meF.meL.meA.Mono34}$PEPTIDE1,PEPTIDE1,1:R1-7:R2$$$",-5.09040809
"PEPTIDE1{meA.meL.meA.meA.Mono6.Me_dA.Pr_Gly}$PEPTIDE1,PEPTIDE1,1:R1-7:R2$$$",-5.68589170
"PEPTIDE1{meA.meL.meF.meF.meL.meL.Mono78}$PEPTIDE1,PEPTIDE1,1:R1-7:R2$$$",-5.65781668
"PEPTIDE1{meA.meL.V.V.meL.meL.meL}$PEPTIDE1,PEPTIDE1,1:R1-7:R2$$$",-5.24578850
"PEPTIDE1{meA.meL.meL.meL.meF.meF.meF}$PEPTIDE1,PEPTIDE1,1:R1-7:R2$$$",-5.92986956
"PEPTIDE1{Me_dA.meL.G.meL.meL.Me_dA.meL}$PEPTIDE1,PEPTIDE1,1:R1-7:R2$$$",-5.19092090
"PEPTIDE1{meA.meF.Me_dAbu.meL.Sar.Mono34.Mono34}$PEPTIDE1,PEPTIDE1,1:R1-7:R2$$$",-5.34523269
"PEPTIDE1{meA.Sar.meA.Mono6.meA.meL.Mono6}$PEPTIDE1,PEPTIDE1,1:R1-7:R2$$$",-6.01271656
"PEPTIDE1{meA.meF.meL.meL.V.L.meA}$PEPTIDE1,PEPTIDE1,1:R1-7:R2$$$",-5.07022168
"PEPTIDE1{meA.meL.V.Asp_piperidide.meA.P.meF}$PEPTIDE1,PEPTIDE1,1:R1-7:R2$$$",-5.69375202
"PEPTIDE1{meA.meL.Sar.meL.P.meA.Mono34}$PEPTIDE1,PEPTIDE1,1:R1-7:R2$$$",-5.43618128
"PEPTIDE1{Me_dA.Pr_Gly.T.P.P.meL.meA}$PEPTIDE1,PEPTIDE1,1:R1-7:R2$$$",-6.04542978
"PEPTIDE1{meA.Me_dL.meL.T.meL.meA.Mono34}$PEPTIDE1,PEPTIDE1,1:R1-7:R2$$$",-5.25325717
"PEPTIDE1{meA.meA.meA.Pr_Gly.meL.meA.Me_dA}$PEPTIDE1,PEPTIDE1,1:R1-7:R2$$$",-5.65347184
"PEPTIDE1{meA.meS.meL.meL.meL.meL.Mono7}$PEPTIDE1,PEPTIDE1,1:R1-7:R2$$$",-4.94613206
"PEPTIDE1{Me_dA.Me_dA.Mono6.Me_dA.dA.Me_dA.meL}$PEPTIDE1,PEPTIDE1,1:R1-7:R2$$$",-5.86370436
"PEPTIDE1{meA.meL.meL.meA.Sar.Mono34.Mono34}$PEPTIDE1,PEPTIDE1,1:R1-7:R2$$$",-5.43376597
"PEPTIDE1{Me_dA.Pr_Gly.meL.T.Me_dL.meL.L}$PEPTIDE1,PEPTIDE1,1:R1-7:R2$$$",-5.09905450
"PEPTIDE1{meA.meL.Me_Bal.Pr_Gly.meL.Me_dA.Pr_Gly}$PEPTIDE1,PEPTIDE1,1:R1-7:R2$$$",-5.30632051
"PEPTIDE1{meA.meL.meF.meL.meF.Sar.Mono34}$PEPTIDE1,PEPTIDE1,1:R1-7:R2$$$",-5.13801592
"PEPTIDE1{Me_dA.Pr_Gly.T.P.P.meL.meL}$PEPTIDE1,PEPTIDE1,1:R1-7:R2$$$",-5.72052055
"PEPTIDE1{Me_dA.Pr_Gly.Pr_Gly.meL.meL.meL.L}$PEPTIDE1,PEPTIDE1,1:R1-7:R2$$$",-5.07345084
"PEPTIDE1{meA.meL.V.meL.meL.Me_dA.Me_dA}$PEPTIDE1,PEPTIDE1,1:R1-7:R2$$$",-5.09380700
"PEPTIDE1{Me_dA.Me_Bal.meA.Mono6.meA.Sar.T}$PEPTIDE1,PEPTIDE1,1:R1-7:R2$$$",-5.85024640
"PEPTIDE1{meA.meL.V.Pr_Gly.meL.meL.meL}$PEPTIDE1,PEPTIDE1,1:R1-7:R2$$$",-5.06188671
"PEPTIDE1{meA.meL.V.V.L.Pr_Gly.P}$PEPTIDE1,PEPTIDE1,1:R1-7:R2$$$",-5.40130025
"PEPTIDE1{meA.meL.meL.meA.meA.meL.Mono34}$PEPTIDE1,PEPTIDE1,1:R1-7:R2$$$",-5.23402565
"PEPTIDE1{meA.meL.meF.Pr_Gly.T.meL.P}$PEPTIDE1,PEPTIDE1,1:R1-7:R2$$$",-5.07862476
"PEPTIDE1{meA.Me_dA.V.Me_dA.meV.Me_dA.Mono34}$PEPTIDE1,PEPTIDE1,1:R1-7:R2$$$",-5.69225729
"PEPTIDE1{Me_dA.Pr_Gly.meL.G.P.P.meL}$PEPTIDE1,PEPTIDE1,1:R1-7:R2$$$",-5.65738141
"PEPTIDE1{meA.Me_dL.Me_dA.meL.meA.meL.Mono78}$PEPTIDE1,PEPTIDE1,1:R1-7:R2$$$",-5.25434854
"PEPTIDE1{meA.meA.meF.Mono34.dA.L.meA}$PEPTIDE1,PEPTIDE1,1:R1-7:R2$$$",-5.59002966
"PEPTIDE1{meA.Sar.Sar.meA.meL.meL.Me_dL}$PEPTIDE1,PEPTIDE1,1:R1-7:R2$$$",-5.43046026
"PEPTIDE1{Me_dA.Pr_Gly.meL.meL.Me_dL.meL.meL}$PEPTIDE1,PEPTIDE1,1:R1-7:R2$$$",-5.19279747
"PEPTIDE1{meA.Me_dA.meV.meL.L.meA.meA}$PEPTIDE1,PEPTIDE1,1:R1-7:R2$$$",-5.26700270
"PEPTIDE1{meA.meF.Sar.meF.meA.P.Mono34}$PEPTIDE1,PEPTIDE1,1:R1-7:R2$$$",-5.46111361
"PEPTIDE1{meA.meA.Mono6.meA.meL.dV.T}$PEPTIDE1,PEPTIDE1,1:R1-7:R2$$$",-5.43728652
"PEPTIDE1{meA.Me_dL.meF.Me_dA.P.dP.Mono34}$PEPTIDE1,PEPTIDE1,1:R1-7:R2$$$",-5.63771609
"PEPTIDE1{meA.meF.meF.meL.meL.Me_dA.Mono34}$PEPTIDE1,PEPTIDE1,1:R1-7:R2$$$",-5.07038915
"PEPTIDE1{meA.meA.meL.meF.Sar.Mono34.T}$PEPTIDE1,PEPTIDE1,1:R1-7:R2$$$",-5.44397510
"PEPTIDE1{meA.Me_dL.Me_dL.T.Me_dA.meV.Mono34}$PEPTIDE1,PEPTIDE1,1:R1-7:R2$$$",-5.19159789
"PEPTIDE1{Me_dA.Pr_Gly.meL.G.P.meL.meL}$PEPTIDE1,PEPTIDE1,1:R1-7:R2$$$",-5.04204494
"PEPTIDE1{meA.meA.Pr_Gly.Sar.Mono6.Mono34.Mono34}$PEPTIDE1,PEPTIDE1,1:R1-7:R2$$$",-5.82666538
"PEPTIDE1{meA.meF.P.Mono34.meA.meA.Mono34}$PEPTIDE1,PEPTIDE1,1:R1-7:R2$$$",-5.36514070
"PEPTIDE1{meA.meA.Sar.Mono6.Me_Bal.Me_Bal.dL}$PEPTIDE1,PEPTIDE1,1:R1-7:R2$$$",-6.12354121
"PEPTIDE1{meA.meF.F.Me_dNva.T.meA.Mono34}$PEPTIDE1,PEPTIDE1,1:R1-7:R2$$$",-5.21164704
"PEPTIDE1{meA.meL.P.Mono34.Mono34.dV.Mono34}$PEPTIDE1,PEPTIDE1,1:R1-7:R2$$$",-5.83321384
"PEPTIDE1{meA.Me_dAbu.T.meA.P.meA.meF}$PEPTIDE1,PEPTIDE1,1:R1-7:R2$$$",-5.55300294
"PEPTIDE1{Me_dA.Pr_Gly.P.P.meL.T.meL}$PEPTIDE1,PEPTIDE1,1:R1-7:R2$$$",-5.85708108
"PEPTIDE1{meA.meL.V.meA.V.meL.T}$PEPTIDE1,PEPTIDE1,1:R1-7:R2$$$",-5.21222137
"PEPTIDE1{meA.Me_dL.T.Me_dA.meV.meL.meL}$PEPTIDE1,PEPTIDE1,1:R1-7:R2$$$",-5.05210342
"PEPTIDE1{Me_dA.Pr_Gly.meL.meL.meL.dL.meA}$PEPTIDE1,PEPTIDE1,1:R1-7:R2$$$",-5.06190842
"PEPTIDE1{meA.Me_dA.meL.P.meF.meA.Mono34}$PEPTIDE1,PEPTIDE1,1:R1-7:R2$$$",-5.46192356
"PEPTIDE1{Me_dA.Pr_Gly.meL.P.T.Pr_Gly.meL}$PEPTIDE1,PEPTIDE1,1:R1-7:R2$$$",-5.24054547
"PEPTIDE1{Me_dA.F.G.meL.Pr_Gly.T.Sar}$PEPTIDE1,PEPTIDE1,1:R1-7:R2$$$",-5.56139585
"PEPTIDE1{meA.Me_dA.T.P.meL.Sar.T}$PEPTIDE1,PEPTIDE1,1:R1-7:R2$$$",-5.58803333
"PEPTIDE1{Me_dA.Pr_Gly.T.meL.meA.meA.meL}$PEPTIDE1,PEPTIDE1,1:R1-7:R2$$$",-5.42994307
"PEPTIDE1{Me_dA.Pr_Gly.meL.G.P.Me_dA.T}$PEPTIDE1,PEPTIDE1,1:R1-7:R2$$$",-5.69483991
"PEPTIDE1{meA.meL.meF.meF.meL.Me_dAbu.Mono34}$PEPTIDE1,PEPTIDE1,1:R1-7:R2$$$",-5.15430377
"PEPTIDE1{Me_dA.Pr_Gly.T.meL.Sar.meL.meL}$PEPTIDE1,PEPTIDE1,1:R1-7:R2$$$",-5.16636692
"PEPTIDE1{meA.P.meL.Mono6.Mono6.Mono6.Mono34}$PEPTIDE1,PEPTIDE1,1:R1-7:R2$$$",-5.60898465
"PEPTIDE1{meA.meA.meL.Mono7.meL.meL.meL}$PEPTIDE1,PEPTIDE1,1:R1-7:R2$$$",-5.06788104
"PEPTIDE1{meA.meA.meF.Mono6.Me_Bal.Me_Bal.Pr_Gly}$PEPTIDE1,PEPTIDE1,1:R1-7:R2$$$",-5.71325024
"PEPTIDE1{Me_dA.Pr_Gly.meL.meL.meL.T.meL}$PEPTIDE1,PEPTIDE1,1:R1-7:R2$$$",-5.01070841
"PEPTIDE1{meA.meL.V.meL.meA.meL.Asp_piperidide}$PEPTIDE1,PEPTIDE1,1:R1-7:R2$$$",-4.99640176
"PEPTIDE1{Me_dA.Pr_Gly.P.meL.Sar.Sar.Me_dA}$PEPTIDE1,PEPTIDE1,1:R1-7:R2$$$",-5.65720307
"PEPTIDE1{Me_dA.meL.P.Me_dA.F.T.meL}$PEPTIDE1,PEPTIDE1,1:R1-7:R2$$$",-5.13752796
"PEPTIDE1{meA.Me_dL.Sar.meL.Sar.Mono34.Sar}$PEPTIDE1,PEPTIDE1,1:R1-7:R2$$$",-5.97278240
"PEPTIDE1{Me_dA.Pr_Gly.P.meL.T.meL.meL}$PEPTIDE1,PEPTIDE1,1:R1-7:R2$$$",-4.91426355
"PEPTIDE1{Me_dA.Pr_Gly.P.Me_dA.T.I.I}$PEPTIDE1,PEPTIDE1,1:R1-7:R2$$$",-5.77493875
"PEPTIDE1{meA.Me_dL.meL.meL.meL.Sar.meF}$PEPTIDE1,PEPTIDE1,1:R1-7:R2$$$",-5.32157577
"PEPTIDE1{meA.Me_dA.meL.Mono10.Me_dA.Mono34.meA}$PEPTIDE1,PEPTIDE1,1:R1-7:R2$$$",-5.49213376
"PEPTIDE1{meA.meL.Sar.V.V.dL.meA}$PEPTIDE1,PEPTIDE1,1:R1-7:R2$$$",-5.50471950
"PEPTIDE1{meA.meL.meF.meF.meL.meF.Mono34}$PEPTIDE1,PEPTIDE1,1:R1-7:R2$$$",-5.77480908
"PEPTIDE1{Me_dA.meL.meL.T.L.Me_dA.Me_dA}$PEPTIDE1,PEPTIDE1,1:R1-7:R2$$$",-5.31762989
"PEPTIDE1{meA.meF.meF.meV.meL.meL.meL}$PEPTIDE1,PEPTIDE1,1:R1-7:R2$$$",-5.75533512
"PEPTIDE1{meA.meA.V.Asp_piperidide.Asp_piperidide.meA.meL}$PEPTIDE1,PEPTIDE1,1:R1-7:R2$$$",-5.75764403
"PEPTIDE1{meA.meL.Mono34.Mono6.L.Mono7.Mono34}$PEPTIDE1,PEPTIDE1,1:R1-7:R2$$$",-5.49151209
"PEPTIDE1{meA.Me_dL.Me_dA.meL.Me_dA.meA.meA}$PEPTIDE1,PEPTIDE1,1:R1-7:R2$$$",-5.55560362
"PEPTIDE1{meA.Me_dA.meA.T.L.Me_dA.meL}$PEPTIDE1,PEPTIDE1,1:R1-7:R2$$$",-5.58610598
"PEPTIDE1{meA.meL.meL.meF.Mono7.meF.Mono34}$PEPTIDE1,PEPTIDE1,1:R1-7:R2$$$",-5.00480548
"PEPTIDE1{Me_dA.Pr_Gly.T.P.P.P.meL}$PEPTIDE1,PEPTIDE1,1:R1-7:R2$$$",-6.11832182
"PEPTIDE1{Me_dA.Pr_Gly.meL.Pr_Gly.meL.dL.meL}$PEPTIDE1,PEPTIDE1,1:R1-7:R2$$$",-5.20319658
"PEPTIDE1{meA.meA.Pr_Gly.meA.meL.meA.meA}$PEPTIDE1,PEPTIDE1,1:R1-7:R2$$$",-5.63564266
"PEPTIDE1{Me_dA.Pr_Gly.meL.meL.meL.L.T}$PEPTIDE1,PEPTIDE1,1:R1-7:R2$$$",-5.09711188
"PEPTIDE1{meA.Me_dA.meL.meA.T.meA.meV}$PEPTIDE1,PEPTIDE1,1:R1-7:R2$$$",-5.74585105
"PEPTIDE1{meA.meF.meF.meL.Mono34.Sar.Mono34}$PEPTIDE1,PEPTIDE1,1:R1-7:R2$$$",-5.21907968
"PEPTIDE1{Me_dA.Pr_Gly.meL.meL.T.meL.meA}$PEPTIDE1,PEPTIDE1,1:R1-7:R2$$$",-5.10630000
"PEPTIDE1{Me_dA.Pr_Gly.P.P.meL.meL.meL}$PEPTIDE1,PEPTIDE1,1:R1-7:R2$$$",-5.26731791
"PEPTIDE1{meA.meL.meF.V.meL.P.meA}$PEPTIDE1,PEPTIDE1,1:R1-7:R2$$$",-5.37961508
"PEPTIDE1{meA.meL.meF.meF.Mono34.P.Mono34}$PEPTIDE1,PEPTIDE1,1:R1-7:R2$$$",-5.24193695
"PEPTIDE1{meA.meL.T.L.T.Sar.meV}$PEPTIDE1,PEPTIDE1,1:R1-7:R2$$$",-5.36152755
"PEPTIDE1{Me_dA.T.meL.meL.A.dL.meL}$PEPTIDE1,PEPTIDE1,1:R1-7:R2$$$",-5.16923153
"PEPTIDE1{Me_dA.Pr_Gly.T.meL.meL.meL.meL}$PEPTIDE1,PEPTIDE1,1:R1-7:R2$$$",-4.98995534
"PEPTIDE1{Me_dA.Pr_Gly.meL.meL.meL.meL.meL}$PEPTIDE1,PEPTIDE1,1:R1-7:R2$$$",-5.19279747
"PEPTIDE1{meA.Me_dL.P.Mono34.L.Mono34.Mono34}$PEPTIDE1,PEPTIDE1,1:R1-7:R2$$$",-5.69589528
"PEPTIDE1{Me_dA.meL.meL.P.Me_dL.meL.L}$PEPTIDE1,PEPTIDE1,1:R1-7:R2$$$",-5.16263208
"PEPTIDE1{meA.Me_dA.meL.meA.Sar.Me_dA.meV}$PEPTIDE1,PEPTIDE1,1:R1-7:R2$$$",-5.69566318
"PEPTIDE1{meA.Me_dL.meL.Mono6.Mono78.Sar.Mono34}$PEPTIDE1,PEPTIDE1,1:R1-7:R2$$$",-5.55890534
"PEPTIDE1{meA.Me_dAbu.P.L.Sar.Mono34.P}$PEPTIDE1,PEPTIDE1,1:R1-7:R2$$$",-5.98308658
"PEPTIDE1{Me_dA.Pr_Gly.meL.meL.T.Me_dA.Me_dA}$PEPTIDE1,PEPTIDE1,1:R1-7:R2$$$",-5.33690483
"PEPTIDE1{meA.Me_dL.Me_dA.meL.Sar.Me_dA.Me_dA}$PEPTIDE1,PEPTIDE1,1:R1-7:R2$$$",-5.70182929
"PEPTIDE1{Me_dA.Pr_Gly.G.meL.meL.meL.meL}$PEPTIDE1,PEPTIDE1,1:R1-7:R2$$$",-5.08295173
"PEPTIDE1{meA.P.V.meL.meF.meL.Me_dA}$PEPTIDE1,PEPTIDE1,1:R1-7:R2$$$",-5.14465595
"PEPTIDE1{meA.meL.meL.Sar.Mono12.Mono6.meA}$PEPTIDE1,PEPTIDE1,1:R1-7:R2$$$",-5.64194732
"PEPTIDE1{Me_dA.meL.L.P.meL.P.Me_dA}$PEPTIDE1,PEPTIDE1,1:R1-7:R2$$$",-5.29756359
"PEPTIDE1{meA.Me_dL.meF.meL.meF.meL.Mono34}$PEPTIDE1,PEPTIDE1,1:R1-7:R2$$$",-5.60299980
"PEPTIDE1{meA.Me_dA.dV.P.Me_dA.Me_dA.Pr_Gly}$PEPTIDE1,PEPTIDE1,1:R1-7:R2$$$",-5.61661704
"PEPTIDE1{meA.meA.Sar.meA.L.P.P}$PEPTIDE1,PEPTIDE1,1:R1-7:R2$$$",-5.91904840
"PEPTIDE1{meA.meF.Sar.Sar.meA.P.meA}$PEPTIDE1,PEPTIDE1,1:R1-7:R2$$$",-5.92254986
"PEPTIDE1{meA.Me_dL.P.meL.Me_dA.Mono34.Mono34}$PEPTIDE1,PEPTIDE1,1:R1-7:R2$$$",-5.48742487
"PEPTIDE1{Me_dA.T.meL.meL.G.meL.meL}$PEPTIDE1,PEPTIDE1,1:R1-7:R2$$$",-5.09960279
"PEPTIDE1{Me_dA.meL.T.T.T.G.meL}$PEPTIDE1,PEPTIDE1,1:R1-7:R2$$$",-5.71051851
"PEPTIDE1{meA.Me_dA.meV.T.meL.meA.meV}$PEPTIDE1,PEPTIDE1,1:R1-7:R2$$$",-5.74865172
"PEPTIDE1{Me_dA.Pr_Gly.meL.G.G.meL.meL}$PEPTIDE1,PEPTIDE1,1:R1-7:R2$$$",-5.39733695
"PEPTIDE1{Me_dA.Pr_Gly.P.meL.meL.meL.meL}$PEPTIDE1,PEPTIDE1,1:R1-7:R2$$$",-5.23120585
"PEPTIDE1{Me_dA.meL.F.T.meL.meL.meL}$PEPTIDE1,PEPTIDE1,1:R1-7:R2$$$",-4.90182365
"PEPTIDE1{meA.meL.V.meL.meA.meA.meV}$PEPTIDE1,PEPTIDE1,1:R1-7:R2$$$",-5.10176405
"PEPTIDE1{Me_dA.dV.T.meL.T.T.meL}$PEPTIDE1,PEPTIDE1,1:R1-7:R2$$$",-5.64896083
"PEPTIDE1{meA.Me_dA.meA.meL.meA.Sar.Mono34}$PEPTIDE1,PEPTIDE1,1:R1-7:R2$$$",-6.01189669
"PEPTIDE1{meA.Me_dA.meV.meV.Sar.meL.meL}$PEPTIDE1,PEPTIDE1,1:R1-7:R2$$$",-5.25485203
"PEPTIDE1{Me_dA.Pr_Gly.meL.P.G.P.P}$PEPTIDE1,PEPTIDE1,1:R1-7:R2$$$",-6.18107726
"PEPTIDE1{meA.meL.meL.Sar.meF.T.Mono34}$PEPTIDE1,PEPTIDE1,1:R1-7:R2$$$",-5.17897194
"PEPTIDE1{meA.meF.P.T.meF.meV.Me_dA}$PEPTIDE1,PEPTIDE1,1:R1-7:R2$$$",-5.07150940
"PEPTIDE1{meA.Me_dA.meV.Sar.Me_dA.meA.meV}$PEPTIDE1,PEPTIDE1,1:R1-7:R2$$$",-6.09985425
"PEPTIDE1{Me_dA.Pr_Gly.P.V.meL.meL.T}$PEPTIDE1,PEPTIDE1,1:R1-7:R2$$$",-5.24840940
"PEPTIDE1{Me_dA.Pr_Gly.T.T.P.Me_dA.meL}$PEPTIDE1,PEPTIDE1,1:R1-7:R2$$$",-5.67807324
"PEPTIDE1{meA.meL.meA.meF.Mono78.meF.Mono34}$PEPTIDE1,PEPTIDE1,1:R1-7:R2$$$",-5.70191481
"PEPTIDE1{meA.meL.Me_Bal.meA.Pr_Gly.dL.T}$PEPTIDE1,PEPTIDE1,1:R1-7:R2$$$",-5.54297409
"PEPTIDE1{meA.meL.meV.Sar.meV.meA.meL}$PEPTIDE1,PEPTIDE1,1:R1-7:R2$$$",-5.27182627
"PEPTIDE1{meA.Me_dA.T.Me_dA.meV.T.meV}$PEPTIDE1,PEPTIDE1,1:R1-7:R2$$$",-5.83670000
"PEPTIDE1{meA.T.meA.meA.P.meA.meA}$PEPTIDE1,PEPTIDE1,1:R1-7:R2$$$",-5.96441000
"PEPTIDE1{meA.Me_dL.Sar.meF.P.T.meA}$PEPTIDE1,PEPTIDE1,1:R1-7:R2$$$",-5.50329945
"PEPTIDE1{meA.Sar.V.P.meA.meA.Mono34}$PEPTIDE1,PEPTIDE1,1:R1-7:R2$$$",-5.86977360
"PEPTIDE1{Me_dA.Pr_Gly.meL.P.Me_dA.T.Me_dA}$PEPTIDE1,PEPTIDE1,1:R1-7:R2$$$",-5.56716310
"PEPTIDE1{meA.Me_dL.meL.T.meL.meA.meA}$PEPTIDE1,PEPTIDE1,1:R1-7:R2$$$",-5.19904842
"PEPTIDE1{meA.Me_dL.meL.meF.Me_dA.meA.meA}$PEPTIDE1,PEPTIDE1,1:R1-7:R2$$$",-5.25912168
"PEPTIDE1{meA.meL.V.meL.meL.meL.meA}$PEPTIDE1,PEPTIDE1,1:R1-7:R2$$$",-5.16627824
"PEPTIDE1{Me_dA.Pr_Gly.G.T.meL.meL.meL}$PEPTIDE1,PEPTIDE1,1:R1-7:R2$$$",-5.21322459
"PEPTIDE1{Me_dA.Pr_Gly.P.meL.meL.meL.meL}$PEPTIDE1,PEPTIDE1,1:R1-7:R2$$$",-5.23120585
"PEPTIDE1{Me_dA.meL.Mono6.dP.Mono7.dP.Mono34}$PEPTIDE1,PEPTIDE1,1:R1-7:R2$$$",-5.94258611
"PEPTIDE1{Me_dA.meL.Pr_Gly.P.Me_dL.Me_dL.Me_dL}$PEPTIDE1,PEPTIDE1,1:R1-7:R2$$$",-5.21729045
"PEPTIDE1{meA.Me_dA.meL.Sar.meA.Mono34.meA}$PEPTIDE1,PEPTIDE1,1:R1-7:R2$$$",-6.03148503
"PEPTIDE1{Me_dA.Pr_Gly.P.meL.meL.meL.meL}$PEPTIDE1,PEPTIDE1,1:R1-7:R2$$$",-5.23120585
"PEPTIDE1{meA.Me_dA.P.T.meL.Me_dA.Mono34}$PEPTIDE1,PEPTIDE1,1:R1-7:R2$$$",-5.58644438
"PEPTIDE1{meA.Me_dA.T.meL.meL.meA.Me_dA}$PEPTIDE1,PEPTIDE1,1:R1-7:R2$$$",-5.58737661
"PEPTIDE1{Me_dA.Pr_Gly.meL.P.meL.L.L}$PEPTIDE1,PEPTIDE1,1:R1-7:R2$$$",-5.17917414
"PEPTIDE1{Me_dA.F.meL.meL.dF.dF.T}$PEPTIDE1,PEPTIDE1,1:R1-7:R2$$$",-4.98373532
"PEPTIDE1{Me_dA.meL.P.meL.dP.dL.meL}$PEPTIDE1,PEPTIDE1,1:R1-7:R2$$$",-5.36968701
"PEPTIDE1{meA.meL.dL.meF.meL.dL.Mono34}$PEPTIDE1,PEPTIDE1,1:R1-7:R2$$$",-5.22369291
"PEPTIDE1{meA.meL.meF.meF.Mono34.P.T}$PEPTIDE1,PEPTIDE1,1:R1-7:R2$$$",-5.13074770
"PEPTIDE1{meA.meL.meL.Sar.meA.V.meA}$PEPTIDE1,PEPTIDE1,1:R1-7:R2$$$",-5.51896113
"PEPTIDE1{Me_dA.Pr_Gly.meL.meL.meL.P.meL}$PEPTIDE1,PEPTIDE1,1:R1-7:R2$$$",-5.16020241
"PEPTIDE1{meA.meL.V.V.dL.meA.meA}$PEPTIDE1,PEPTIDE1,1:R1-7:R2$$$",-5.39311417
"PEPTIDE1{Me_dA.Pr_Gly.T.P.meL.meL.meL}$PEPTIDE1,PEPTIDE1,1:R1-7:R2$$$",-5.06793040
"PEPTIDE1{Me_dA.P.A.meA.G.Y.dP}$PEPTIDE1,PEPTIDE1,1:R1-7:R2$$$",-6.36434537
"PEPTIDE1{meA.Sar.Me_dL.Me_dL.meL.Sar.T}$PEPTIDE1,PEPTIDE1,1:R1-7:R2$$$",-5.47908233
"PEPTIDE1{meA.Me_dA.meL.meL.meA.Mono34.Mono34}$PEPTIDE1,PEPTIDE1,1:R1-7:R2$$$",-5.38488355
"PEPTIDE1{Me_dA.meL.T.T.T.meL.meL}$PEPTIDE1,PEPTIDE1,1:R1-7:R2$$$",-5.73316798
"PEPTIDE1{meA.meL.V.meA.meA.meL.meL}$PEPTIDE1,PEPTIDE1,1:R1-7:R2$$$",-5.14293956
"PEPTIDE1{meA.meL.meF.P.meL.meA.meA}$PEPTIDE1,PEPTIDE1,1:R1-7:R2$$$",-5.30745526
"PEPTIDE1{meA.meL.meF.meA.L.Sar.Mono34}$PEPTIDE1,PEPTIDE1,1:R1-7:R2$$$",-5.31790045
"PEPTIDE1{meA.Me_dL.meL.Mono34.Mono12.meL.Mono34}$PEPTIDE1,PEPTIDE1,1:R1-7:R2$$$",-6.01855421
"PEPTIDE1{Me_dA.meL.meL.T.P.meL.F}$PEPTIDE1,PEPTIDE1,1:R1-7:R2$$$",-4.90377326
"PEPTIDE1{Me_dA.F.Pr_Gly.P.meL.meL.meL}$PEPTIDE1,PEPTIDE1,1:R1-7:R2$$$",-5.19886934
"PEPTIDE1{meA.Me_dL.meL.Mono34.P.Me_dAbu.Mono34}$PEPTIDE1,PEPTIDE1,1:R1-7:R2$$$",-5.36016432
"PEPTIDE1{Me_dA.Pr_Gly.P.meL.meL.meL.meL}$PEPTIDE1,PEPTIDE1,1:R1-7:R2$$$",-5.23120585
"PEPTIDE1{meA.meL.Sar.Asp_piperidide.meI.meA.Mono34}$PEPTIDE1,PEPTIDE1,1:R1-7:R2$$$",-5.46935902
"PEPTIDE1{Me_dA.Me_dA.Pr_Gly.P.Me_dA.Pr_Gly.P}$PEPTIDE1,PEPTIDE1,1:R1-7:R2$$$",-5.94271190
"PEPTIDE1{meA.Me_dAbu.P.Sar.meA.meA.Sar}$PEPTIDE1,PEPTIDE1,1:R1-7:R2$$$",-6.09943756
"PEPTIDE1{Me_dA.meL.P.Me_dA.T.T.meL}$PEPTIDE1,PEPTIDE1,1:R1-7:R2$$$",-5.57900727
"PEPTIDE1{meA.meL.Sar.V.meL.meA.Mono7}$PEPTIDE1,PEPTIDE1,1:R1-7:R2$$$",-5.40654032
"PEPTIDE1{Me_dA.Pr_Gly.meL.meL.meL.meL.meL}$PEPTIDE1,PEPTIDE1,1:R1-7:R2$$$",-5.19279747
"PEPTIDE1{meA.Me_dL.P.Mono12.Mono12.meA.Mono34}$PEPTIDE1,PEPTIDE1,1:R1-7:R2$$$",-5.99904322
"PEPTIDE1{meA.meF.meF.T.Sar.meA.Mono34}$PEPTIDE1,PEPTIDE1,1:R1-7:R2$$$",-5.26457391
"PEPTIDE1{meA.Me_dL.P.Me_dA.Mono34.Mono34.Mono34}$PEPTIDE1,PEPTIDE1,1:R1-7:R2$$$",-5.63506144
"PEPTIDE1{meA.meF.P.A.V.L.meL}$PEPTIDE1,PEPTIDE1,1:R1-7:R2$$$",-5.54140236
"PEPTIDE1{Me_dA.Pr_Gly.P.T.T.T.meL}$PEPTIDE1,PEPTIDE1,1:R1-7:R2$$$",-5.97007155
"PEPTIDE1{meA.meL.V.V.meL.meA.P}$PEPTIDE1,PEPTIDE1,1:R1-7:R2$$$",-5.09226547
"PEPTIDE1{meA.meA.V.meV.V.Me_dL.Me_dA}$PEPTIDE1,PEPTIDE1,1:R1-7:R2$$$",-5.29597052
"PEPTIDE1{Me_dA.meL.meL.meL.dP.dP.Me_dL}$PEPTIDE1,PEPTIDE1,1:R1-7:R2$$$",-5.43666370
"PEPTIDE1{Me_dA.Me_Bal.P.Pr_Gly.Pr_Gly.meL.Me_dA}$PEPTIDE1,PEPTIDE1,1:R1-7:R2$$$",-5.62883922
"PEPTIDE1{meA.Me_dL.meL.meL.meL.Me_dA.Mono34}$PEPTIDE1,PEPTIDE1,1:R1-7:R2$$$",-5.24815231
"PEPTIDE1{meA.meA.T.V.Sar.meA.meL}$PEPTIDE1,PEPTIDE1,1:R1-7:R2$$$",-5.71103259
"PEPTIDE1{Me_dA.Pr_Gly.P.meL.Me_dA.meL.meL}$PEPTIDE1,PEPTIDE1,1:R1-7:R2$$$",-5.00840317
"PEPTIDE1{Me_dA.Pr_Gly.meL.meL.meL.meL.meL}$PEPTIDE1,PEPTIDE1,1:R1-7:R2$$$",-5.19279747
"PEPTIDE1{Me_dA.meL.F.meL.G.Me_dA.meL}$PEPTIDE1,PEPTIDE1,1:R1-7:R2$$$",-5.33497942
"PEPTIDE1{Me_dA.meL.T.T.P.meL.meL}$PEPTIDE1,PEPTIDE1,1:R1-7:R2$$$",-5.47841703
"PEPTIDE1{meA.meL.V.Sar.dL.meA.meA}$PEPTIDE1,PEPTIDE1,1:R1-7:R2$$$",-5.56334857
"PEPTIDE1{meA.Me_dL.meL.L.meF.P.meF}$PEPTIDE1,PEPTIDE1,1:R1-7:R2$$$",-5.31340621
"PEPTIDE1{Me_dA.Pr_Gly.meL.meL.meL.meL.meA}$PEPTIDE1,PEPTIDE1,1:R1-7:R2$$$",-5.11323111
"PEPTIDE1{Me_dA.Pr_Gly.meL.meL.P.Me_dA.meL}$PEPTIDE1,PEPTIDE1,1:R1-7:R2$$$",-5.09752413
"PEPTIDE1{meA.meF.meA.meA.Mono34.meL.meA}$PEPTIDE1,PEPTIDE1,1:R1-7:R2$$$",-5.34344281
"PEPTIDE1{meA.meL.V.T.T.meL.meL}$PEPTIDE1,PEPTIDE1,1:R1-7:R2$$$",-5.42469000
"PEPTIDE1{meA.meL.meL.meA.meA.meA.T}$PEPTIDE1,PEPTIDE1,1:R1-7:R2$$$",-5.56852486
"PEPTIDE1{meA.Me_dL.Me_dA.meV.T.L.meV}$PEPTIDE1,PEPTIDE1,1:R1-7:R2$$$",-5.17021235
"PEPTIDE1{Me_dA.meL.G.G.Mono7.meL.meL}$PEPTIDE1,PEPTIDE1,1:R1-7:R2$$$",-5.58303550
"PEPTIDE1{meA.meL.meF.V.meL.Sar.Mono34}$PEPTIDE1,PEPTIDE1,1:R1-7:R2$$$",-5.27768100
"PEPTIDE1{Me_dA.Pr_Gly.P.meL.meL.meA.meL}$PEPTIDE1,PEPTIDE1,1:R1-7:R2$$$",-5.02850317
"PEPTIDE1{Me_dA.Pr_Gly.Pr_Gly.T.P.T.meL}$PEPTIDE1,PEPTIDE1,1:R1-7:R2$$$",-5.87028900
"PEPTIDE1{meA.Me_dL.meF.meL.meL.P.meF}$PEPTIDE1,PEPTIDE1,1:R1-7:R2$$$",-5.34405057
"PEPTIDE1{meA.Me_dA.T.meL.meA.meL.meA}$PEPTIDE1,PEPTIDE1,1:R1-7:R2$$$",-5.58935522
"PEPTIDE1{meA.Sar.meL.Mono78.Sar.Mono34.meA}$PEPTIDE1,PEPTIDE1,1:R1-7:R2$$$",-5.52206477
"PEPTIDE1{am_G.X2258.L.X314.X2432.P.P}$PEPTIDE1,PEPTIDE1,1:R1-7:R2$$$",-6.78666684
"PEPTIDE1{Q.G.dHpr.Mono19.Q.X1664.P}$PEPTIDE1,PEPTIDE1,1:R1-7:R2$$$",-6.75722462
"PEPTIDE1{F.X261.G.F.P.X956.G}$PEPTIDE1,PEPTIDE1,1:R1-7:R2$$$",-7.24069990
"PEPTIDE1{X930.P.X2577.X2432.X1393.Q.Y}$PEPTIDE1,PEPTIDE1,1:R1-7:R2$$$",-6.48074331
"PEPTIDE1{L.X3004.L.G.X2328.F.G}$PEPTIDE1,PEPTIDE1,1:R1-7:R2$$$",-7.17499832
"PEPTIDE1{X591.Q.Y.G.Q.Q.Q}$PEPTIDE1,PEPTIDE1,1:R1-7:R2$$$",-7.45681089
"PEPTIDE1{Q.X1811.G.F.P.G.G}$PEPTIDE1,PEPTIDE1,1:R1-7:R2$$$",-7.71567000
"PEPTIDE1{Y.X1540.dK.F.X1800.L.P}$PEPTIDE1,PEPTIDE1,1:R1-7:R2$$$",-6.70896417
"PEPTIDE1{X529.X2031.dHpr.X504.X261.P.G}$PEPTIDE1,PEPTIDE1,1:R1-7:R2$$$",-6.61494579
"PEPTIDE1{Q.R.Y.X7.X2432.F.X591}$PEPTIDE1,PEPTIDE1,1:R1-7:R2$$$",-7.30967110
"PEPTIDE1{Aze.L.X956.X577.Mono66.F.X1004}$PEPTIDE1,PEPTIDE1,1:R1-7:R2$$$",-6.55562485
"PEPTIDE1{Y.dHpr.X612.G.X1811.Mono106.X569}$PEPTIDE1,PEPTIDE1,1:R1-7:R2$$$",-7.60412739
"PEPTIDE1{Y.L.P.P.Mono19.(N->O)Val.dP}$PEPTIDE1,PEPTIDE1,1:R1-7:R2$$$",-6.35474081
"PEPTIDE1{F.dD.Hph(2-Cl).X601.P.Q.G}$PEPTIDE1,PEPTIDE1,1:R1-7:R2$$$",-7.10253746
"PEPTIDE1{Q.A.Q.Q.dS.R.P}$PEPTIDE1,PEPTIDE1,1:R1-7:R2$$$",-7.41841301
"PEPTIDE1{G.R.Q.A.X1457.G.G}$PEPTIDE1,PEPTIDE1,1:R1-7:R2$$$",-7.12130949
"PEPTIDE1{Mono50.R.A.L.Q.X1038.Q}$PEPTIDE1,PEPTIDE1,1:R1-7:R2$$$",-7.55666202
"PEPTIDE1{(N->O)Tyr.G.F.G.X2432.Y.P}$PEPTIDE1,PEPTIDE1,1:R1-7:R2$$$",-7.28232472
"PEPTIDE1{R.F.X233.X956.X1395.X2258.X2432}$PEPTIDE1,PEPTIDE1,1:R1-7:R2$$$",-7.17571845
"PEPTIDE1{X956.X2669.X2432.X315.Q.A.Q}$PEPTIDE1,PEPTIDE1,1:R1-7:R2$$$",-7.53400368
"PEPTIDE1{P.F.G.Q.P.X956.lalloHyp}$PEPTIDE1,PEPTIDE1,1:R1-7:R2$$$",-6.89324843
"PEPTIDE1{F.G.F.X2461.lalloHyp.Y.X2329}$PEPTIDE1,PEPTIDE1,1:R1-7:R2$$$",-6.73426676
"PEPTIDE1{dNle.G.Q.dP.d3-Pal.L.P}$PEPTIDE1,PEPTIDE1,1:R1-7:R2$$$",-7.09706606
"PEPTIDE1{G.Y.X196.X2432.X3004.P.P}$PEPTIDE1,PEPTIDE1,1:R1-7:R2$$$",-6.66300719
"PEPTIDE1{G.X946.X1918.X2432.Y.L.X11}$PEPTIDE1,PEPTIDE1,1:R1-7:R2$$$",-6.69411116
"PEPTIDE1{P.F.Y.X2747.dP.R.X1004}$PEPTIDE1,PEPTIDE1,1:R1-7:R2$$$",-6.55740466
"PEPTIDE1{P.G.Y.Y.Q.X2754.P}$PEPTIDE1,PEPTIDE1,1:R1-7:R2$$$",-6.80064475
"PEPTIDE1{X3004.X425.dY.R.X232.Trp(7-Br).X1956}$PEPTIDE1,PEPTIDE1,1:R1-7:R2$$$",-7.22210359
"PEPTIDE1{Mono107.X631.F.X2432.Q.Mono107.X1004}$PEPTIDE1,PEPTIDE1,1:R1-7:R2$$$",-7.21990023
"PEPTIDE1{Y.Y.L.X1811.X490.R.P}$PEPTIDE1,PEPTIDE1,1:R1-7:R2$$$",-8.14748236
"PEPTIDE1{G.A.(N->O)Tyr.P.G.X2217.X6}$PEPTIDE1,PEPTIDE1,1:R1-7:R2$$$",-7.37419844
"PEPTIDE1{X1206.Y.G.X956.X631.R.P}$PEPTIDE1,PEPTIDE1,1:R1-7:R2$$$",-7.07966222
"PEPTIDE1{F.Y.X956.Y.X956.dP.Q}$PEPTIDE1,PEPTIDE1,1:R1-7:R2$$$",-6.95086928
"PEPTIDE1{R.L.X2527.Y.dHpr.Y.G}$PEPTIDE1,PEPTIDE1,1:R1-7:R2$$$",-6.39298178
"PEPTIDE1{G.G.X2403.Aze.G.X2432.(N->O)Tyr}$PEPTIDE1,PEPTIDE1,1:R1-7:R2$$$",-6.97711167
"PEPTIDE1{X3004.G.X1895.X1918.Y.X343.X1661}$PEPTIDE1,PEPTIDE1,1:R1-7:R2$$$",-6.67962862
"PEPTIDE1{X375.X1918.X233.Q.X2403.Aze.X946}$PEPTIDE1,PEPTIDE1,1:R1-7:R2$$$",-6.67151656
"PEPTIDE1{P.G.X49.dR.X49.X785.Q}$PEPTIDE1,PEPTIDE1,1:R1-7:R2$$$",-7.10440894
"PEPTIDE1{Q.Y.G.Q.Q.X391.Q}$PEPTIDE1,PEPTIDE1,1:R1-7:R2$$$",-7.28743058
"PEPTIDE1{X2217.dHpr.Y.X6.Y.A.X232}$PEPTIDE1,PEPTIDE1,1:R1-7:R2$$$",-6.88944719
"PEPTIDE1{dP.R.Mono107.Mono19.X2432.G.G}$PEPTIDE1,PEPTIDE1,1:R1-7:R2$$$",-7.07780739
"PEPTIDE1{X490.X3004.Mono106.L.dHpr.X2391.Y}$PEPTIDE1,PEPTIDE1,1:R1-7:R2$$$",-6.44666105
"PEPTIDE1{P.Q.P.G.G.X956.P}$PEPTIDE1,PEPTIDE1,1:R1-7:R2$$$",-7.04284833
"PEPTIDE1{F.X2113.X1661.L.R.P.X1918}$PEPTIDE1,PEPTIDE1,1:R1-7:R2$$$",-6.30317816
"PEPTIDE1{F.X1956.L.R.F.Q.G}$PEPTIDE1,PEPTIDE1,1:R1-7:R2$$$",-6.92966270
"PEPTIDE1{dNle.X1038.X490.F.X2327.R.G}$PEPTIDE1,PEPTIDE1,1:R1-7:R2$$$",-6.63112189
"PEPTIDE1{Q.P.R.X1918.F.X1457.X946}$PEPTIDE1,PEPTIDE1,1:R1-7:R2$$$",-6.44680637
"PEPTIDE1{G.G.P.Q.X490.G.Q}$PEPTIDE1,PEPTIDE1,1:R1-7:R2$$$",-6.75454946
"PEPTIDE1{Q.X1004.Q.X2432.A.X504.X196}$PEPTIDE1,PEPTIDE1,1:R1-7:R2$$$",-7.14233153
"PEPTIDE1{F.G.G.X1707.X255.d(N->O)Gly(allyl).X2461}$PEPTIDE1,PEPTIDE1,1:R1-7:R2$$$",-6.56088754
"PEPTIDE1{P.P.X946.G.am_G.X785.X1393}$PEPTIDE1,PEPTIDE1,1:R1-7:R2$$$",-7.12234611
"PEPTIDE1{Y.Q.F.R.Y.G.Y}$PEPTIDE1,PEPTIDE1,1:R1-7:R2$$$",-7.67081215
"PEPTIDE1{X946.L.Y.Q.A.X981.P}$PEPTIDE1,PEPTIDE1,1:R1-7:R2$$$",-6.51413328
"PEPTIDE1{F.X786.G.X683.Q.X1895.Y}$PEPTIDE1,PEPTIDE1,1:R1-7:R2$$$",-7.72749198
"PEPTIDE1{X2432.X2461.Y.X2329.Aze.G.X1410}$PEPTIDE1,PEPTIDE1,1:R1-7:R2$$$",-6.94406278
"PEPTIDE1{X2432.dCit.G.dNle.A.X1811.Q}$PEPTIDE1,PEPTIDE1,1:R1-7:R2$$$",-7.81466505
"PEPTIDE1{F.X1811.G.X1895.X1895.G.X1004}$PEPTIDE1,PEPTIDE1,1:R1-7:R2$$$",-7.79531030
"PEPTIDE1{X1813.X956.Y.F.(N->O)Val.X1004.X631}$PEPTIDE1,PEPTIDE1,1:R1-7:R2$$$",-7.36210301
"PEPTIDE1{G.R.G.X1004.P.X956.G}$PEPTIDE1,PEPTIDE1,1:R1-7:R2$$$",-7.07351890
"PEPTIDE1{X504.X2432.X946.R.dP.Y.G}$PEPTIDE1,PEPTIDE1,1:R1-7:R2$$$",-7.10544782
"PEPTIDE1{F.X1813.P.Bal.S.X265.G}$PEPTIDE1,PEPTIDE1,1:R1-7:R2$$$",-6.90341205
"PEPTIDE1{F.X591.G.A.dP.Trp(7-Br).am_G}$PEPTIDE1,PEPTIDE1,1:R1-7:R2$$$",-6.97931638
"PEPTIDE1{P.X2432.X2432.A.dHpr.R.G}$PEPTIDE1,PEPTIDE1,1:R1-7:R2$$$",-7.09454317
"PEPTIDE1{L.G.dHpr.X2432.Y.G.X569}$PEPTIDE1,PEPTIDE1,1:R1-7:R2$$$",-6.76136643
"PEPTIDE1{X1707.Y.G.F.Q.L.Y}$PEPTIDE1,PEPTIDE1,1:R1-7:R2$$$",-7.27367280
"PEPTIDE1{F.Q.G.X11.X591.X81.X1029}$PEPTIDE1,PEPTIDE1,1:R1-7:R2$$$",-7.34244628
"PEPTIDE1{A.am_G.X2432.X2791.F.F.X1802}$PEPTIDE1,PEPTIDE1,1:R1-7:R2$$$",-7.22111167
"PEPTIDE1{L.X711.Y.Y.G.X375.Y}$PEPTIDE1,PEPTIDE1,1:R1-7:R2$$$",-6.89413000
"PEPTIDE1{X2432.X3004.F.R.X255.G.P}$PEPTIDE1,PEPTIDE1,1:R1-7:R2$$$",-7.10448141
"PEPTIDE1{P.X233.X420.Y.X490.Q.G}$PEPTIDE1,PEPTIDE1,1:R1-7:R2$$$",-6.35356583
"PEPTIDE1{G.X1699.X946.Aze.X1432.G.P}$PEPTIDE1,PEPTIDE1,1:R1-7:R2$$$",-6.64559188
"PEPTIDE1{G.X946.Q.R.F.G.X956}$PEPTIDE1,PEPTIDE1,1:R1-7:R2$$$",-6.92216879
"PEPTIDE1{R.X375.d(N->O)aIle.homoPhe_4CF3_3Cl.G.X537.Q}$PEPTIDE1,PEPTIDE1,1:R1-7:R2$$$",-7.25798147
"PEPTIDE1{Y.R.X2432.X2432.Y.X2432.X2403}$PEPTIDE1,PEPTIDE1,1:R1-7:R2$$$",-7.23334238
"PEPTIDE1{X786.Q.X3004.Q.X6.X2432.X187}$PEPTIDE1,PEPTIDE1,1:R1-7:R2$$$",-7.38200602
"PEPTIDE1{X1811.P.X7.X425.X2432.X2327.Q}$PEPTIDE1,PEPTIDE1,1:R1-7:R2$$$",-7.64899012
"PEPTIDE1{X785.F.X2113.X2461.A.Q.Mono60}$PEPTIDE1,PEPTIDE1,1:R1-7:R2$$$",-6.77383103
"PEPTIDE1{F.X11.X1811.F.X1029.X375.X956}$PEPTIDE1,PEPTIDE1,1:R1-7:R2$$$",-7.19133378
"PEPTIDE1{P.Q.X375.dHpr.X7.X2432.G}$PEPTIDE1,PEPTIDE1,1:R1-7:R2$$$",-6.61097469
"PEPTIDE1{P.X1837.d(N->O)Gly(allyl).X6.X11.X305.X1777}$PEPTIDE1,PEPTIDE1,1:R1-7:R2$$$",-6.47150545
"PEPTIDE1{Y.Q.L.Mono50.X1029.Y.G}$PEPTIDE1,PEPTIDE1,1:R1-7:R2$$$",-6.98978649
"PEPTIDE1{dHpr.G.L.X233.L.X2432.X1921}$PEPTIDE1,PEPTIDE1,1:R1-7:R2$$$",-6.71919889
"PEPTIDE1{X1038.L.X1395.X255.L.A.Y}$PEPTIDE1,PEPTIDE1,1:R1-7:R2$$$",-7.31672795
"PEPTIDE1{L.G.G.Q.Y.X1664.P}$PEPTIDE1,PEPTIDE1,1:R1-7:R2$$$",-7.03275993
"PEPTIDE1{G.Y.X490.Q.A.X233.Y}$PEPTIDE1,PEPTIDE1,1:R1-7:R2$$$",-6.57513718
"PEPTIDE1{G.dP.Q.Y.X2258.P.X786}$PEPTIDE1,PEPTIDE1,1:R1-7:R2$$$",-7.16091059
"PEPTIDE1{Q.X956.F.P.X631.P.P}$PEPTIDE1,PEPTIDE1,1:R1-7:R2$$$",-6.54497391
"PEPTIDE1{P.R.P.R.Q.X11.Q}$PEPTIDE1,PEPTIDE1,1:R1-7:R2$$$",-7.09934517
"PEPTIDE1{G.Hpr.X2432.P.G.Q.Y}$PEPTIDE1,PEPTIDE1,1:R1-7:R2$$$",-6.95069882
"PEPTIDE1{G.R.Bal.X1811.X569.G.G}$PEPTIDE1,PEPTIDE1,1:R1-7:R2$$$",-7.67517429
"PEPTIDE1{X1432.X1918.P.X81.X1802.X631.P}$PEPTIDE1,PEPTIDE1,1:R1-7:R2$$$",-7.13786599
"PEPTIDE1{Y.G.X1004.X204.X7.G.Q}$PEPTIDE1,PEPTIDE1,1:R1-7:R2$$$",-7.34472320
"PEPTIDE1{G.R.L.G.L.F.Q}$PEPTIDE1,PEPTIDE1,1:R1-7:R2$$$",-7.02271905
"PEPTIDE1{X2432.G.X683.X305.Y.X956.X981}$PEPTIDE1,PEPTIDE1,1:R1-7:R2$$$",-6.80884211
"PEPTIDE1{G.G.X1989.X591.X302.X1393.G}$PEPTIDE1,PEPTIDE1,1:R1-7:R2$$$",-7.58000837
"PEPTIDE1{P.X591.Me_dOrn.G.G.G.X1749}$PEPTIDE1,PEPTIDE1,1:R1-7:R2$$$",-6.90080302
"PEPTIDE1{Y.X261.Y.Y.F.Aze.G}$PEPTIDE1,PEPTIDE1,1:R1-7:R2$$$",-6.41636240
"PEPTIDE1{G.X956.Y.F.Y.G.P}$PEPTIDE1,PEPTIDE1,1:R1-7:R2$$$",-6.97357432
"PEPTIDE1{X523.G.R.Q.P.X956.X737}$PEPTIDE1,PEPTIDE1,1:R1-7:R2$$$",-7.14061057
"PEPTIDE1{X2669.X930.G.L.X2258.Q.Q}$PEPTIDE1,PEPTIDE1,1:R1-7:R2$$$",-7.09233310
"PEPTIDE1{X612.X870.X425.X255.Y.dHpr.P}$PEPTIDE1,PEPTIDE1,1:R1-7:R2$$$",-6.48068285
"PEPTIDE1{X2754.Y.X1895.F.dP.Q.X1788}$PEPTIDE1,PEPTIDE1,1:R1-7:R2$$$",-7.34323235
"PEPTIDE1{F.X395.G.X201.X2432.X2432.Q}$PEPTIDE1,PEPTIDE1,1:R1-7:R2$$$",-6.91578342
"PEPTIDE1{F.L.P.dL.F.P.X1410}$PEPTIDE1,PEPTIDE1,1:R1-7:R2$$$",-7.12054693
"PEPTIDE1{A.X956.G.F.X255.X2791.P}$PEPTIDE1,PEPTIDE1,1:R1-7:R2$$$",-7.17011577
"PEPTIDE1{X1206.X2391.G.Q.G.dP.G}$PEPTIDE1,PEPTIDE1,1:R1-7:R2$$$",-6.99118453
"PEPTIDE1{L.Mono107.Q.L.X822.F.Q}$PEPTIDE1,PEPTIDE1,1:R1-7:R2$$$",-7.05640394
"PEPTIDE1{R.X1410.X261.X255.Y.R.Q}$PEPTIDE1,PEPTIDE1,1:R1-7:R2$$$",-6.78413086
"PEPTIDE1{P.R.Y.L.X2432.P.Y}$PEPTIDE1,PEPTIDE1,1:R1-7:R2$$$",-6.61135739
"PEPTIDE1{L.Q.P.Q.Q.F.X1664}$PEPTIDE1,PEPTIDE1,1:R1-7:R2$$$",-6.73837795
"PEPTIDE1{X1206.X981.P.F.Mono106.X1811.Y}$PEPTIDE1,PEPTIDE1,1:R1-7:R2$$$",-6.55299075
"PEPTIDE1{P.X956.X179.X2432.X1457.dP.Y}$PEPTIDE1,PEPTIDE1,1:R1-7:R2$$$",-6.29587146
"PEPTIDE1{F.Q.R.F.X683.X2327.Y}$PEPTIDE1,PEPTIDE1,1:R1-7:R2$$$",-7.48701444
"PEPTIDE1{X569.X2328.lalloHyp.Q.X3011.P.Q}$PEPTIDE1,PEPTIDE1,1:R1-7:R2$$$",-7.58554556
"PEPTIDE1{Y.R.X1457.X946.F.X255.A}$PEPTIDE1,PEPTIDE1,1:R1-7:R2$$$",-6.59224338
"PEPTIDE1{X1588.G.Trp(6-Br).P.G.X591.Q}$PEPTIDE1,PEPTIDE1,1:R1-7:R2$$$",-7.21839127
"PEPTIDE1{Y.F.G.X204.L.X683.Y}$PEPTIDE1,PEPTIDE1,1:R1-7:R2$$$",-7.30334964
"PEPTIDE1{F.F.X981.Y.X786.Y.X2258}$PEPTIDE1,PEPTIDE1,1:R1-7:R2$$$",-6.57327951
"PEPTIDE1{X1829.Y.A.Q.R.X2339.X930}$PEPTIDE1,PEPTIDE1,1:R1-7:R2$$$",-6.77904149
"PEPTIDE1{X1811.dNle.Q.Q.G.X2749.G}$PEPTIDE1,PEPTIDE1,1:R1-7:R2$$$",-8.95130000
"PEPTIDE1{X1294.X11.X1010.X261.F.X1410.G}$PEPTIDE1,PEPTIDE1,1:R1-7:R2$$$",-6.73254348
"PEPTIDE1{X946.G.L.G.Y.X49.P}$PEPTIDE1,PEPTIDE1,1:R1-7:R2$$$",-6.52895407
"PEPTIDE1{Q.X1989.P.R.R.R.Y}$PEPTIDE1,PEPTIDE1,1:R1-7:R2$$$",-7.22306216
"PEPTIDE1{G.P.Q.A.X2432.X1918.X1350}$PEPTIDE1,PEPTIDE1,1:R1-7:R2$$$",-7.49034158
"PEPTIDE1{L.F.X1548.F.X255.X1956.A}$PEPTIDE1,PEPTIDE1,1:R1-7:R2$$$",-7.19597716
"PEPTIDE1{G.G.X7.Q.X889.Y.G}$PEPTIDE1,PEPTIDE1,1:R1-7:R2$$$",-7.23374114
"PEPTIDE1{Y.G.Mono8.F.P.X591.P}$PEPTIDE1,PEPTIDE1,1:R1-7:R2$$$",-6.75272552
"PEPTIDE1{X1457.R.X1693.X631.P.L.X956}$PEPTIDE1,PEPTIDE1,1:R1-7:R2$$$",-6.64231574
"PEPTIDE1{P.X101.X1432.X201.R.P.X1788}$PEPTIDE1,PEPTIDE1,1:R1-7:R2$$$",-6.84996684
"PEPTIDE1{P.Y.P.L.A.L.Q}$PEPTIDE1,PEPTIDE1,1:R1-7:R2$$$",-6.58222867
"PEPTIDE1{Y.P.Y.P.R.G.Y}$PEPTIDE1,PEPTIDE1,1:R1-7:R2$$$",-6.64722157
"PEPTIDE1{F.X1918.P.G.X425.X2465.Y}$PEPTIDE1,PEPTIDE1,1:R1-7:R2$$$",-7.27885815
"PEPTIDE1{dP.X1004.A.Q.X81.dP.X1918}$PEPTIDE1,PEPTIDE1,1:R1-7:R2$$$",-6.53515995
"PEPTIDE1{L.dHpr.G.G.Q.R.X6}$PEPTIDE1,PEPTIDE1,1:R1-7:R2$$$",-6.99583353
"PEPTIDE1{X6.G.G.Q.F.X1956.Y}$PEPTIDE1,PEPTIDE1,1:R1-7:R2$$$",-6.92778944
"PEPTIDE1{P.X1895.Q.X1457.Y.X2432.Y}$PEPTIDE1,PEPTIDE1,1:R1-7:R2$$$",-6.88276297
"PEPTIDE1{G.X1010.X946.P.X49.G.Q}$PEPTIDE1,PEPTIDE1,1:R1-7:R2$$$",-6.52559310
"PEPTIDE1{Y.Y.X1231.X187.X1788.P.P}$PEPTIDE1,PEPTIDE1,1:R1-7:R2$$$",-6.56559466
"PEPTIDE1{Q.R.X375.Q.Q.P.G}$PEPTIDE1,PEPTIDE1,1:R1-7:R2$$$",-7.27171113
"PEPTIDE1{L.X204.R.X1956.X11.X1895.X905}$PEPTIDE1,PEPTIDE1,1:R1-7:R2$$$",-7.56913419
"PEPTIDE1{X631.dH.L.Y.Mono66.X1395.dA}$PEPTIDE1,PEPTIDE1,1:R1-7:R2$$$",-7.62316235
"PEPTIDE1{R.Y.X2432.X2461.L.P.P}$PEPTIDE1,PEPTIDE1,1:R1-7:R2$$$",-6.35061130
"PEPTIDE1{Q.X233.X3004.G.L.G.P}$PEPTIDE1,PEPTIDE1,1:R1-7:R2$$$",-6.86320785
"PEPTIDE1{X2791.Q.Y.Y.R.Q.P}$PEPTIDE1,PEPTIDE1,1:R1-7:R2$$$",-7.39790886
"PEPTIDE1{X574.R.X683.P.Aze.X1872.P}$PEPTIDE1,PEPTIDE1,1:R1-7:R2$$$",-6.81837443
"PEPTIDE1{G.X1702.F.Cha.Mono106.G.X1432}$PEPTIDE1,PEPTIDE1,1:R1-7:R2$$$",-6.86650965
"PEPTIDE1{Y.X870.G.Q.G.X1393.Y}$PEPTIDE1,PEPTIDE1,1:R1-7:R2$$$",-6.65256798
"PEPTIDE1{Y.Q.R.G.G.Aze.X1664}$PEPTIDE1,PEPTIDE1,1:R1-7:R2$$$",-7.00227307
"PEPTIDE1{Q.X1956.F.X232.X2403.R.P}$PEPTIDE1,PEPTIDE1,1:R1-7:R2$$$",-7.03083712
"PEPTIDE1{Q.dP.X255.X956.G.X201.Bal}$PEPTIDE1,PEPTIDE1,1:R1-7:R2$$$",-7.14789564
"PEPTIDE1{R.X786.Y.X49.X2432.P.G}$PEPTIDE1,PEPTIDE1,1:R1-7:R2$$$",-7.13387410
"PEPTIDE1{X255.X946.G.X1664.X946.Y.X1800}$PEPTIDE1,PEPTIDE1,1:R1-7:R2$$$",-6.56725154
"PEPTIDE1{G.X305.Q.P.L.Y.P}$PEPTIDE1,PEPTIDE1,1:R1-7:R2$$$",-6.53659122
"PEPTIDE1{R.X569.X1004.Q.Q.X1829.P}$PEPTIDE1,PEPTIDE1,1:R1-7:R2$$$",-6.84022561
"PEPTIDE1{G.R.G.F.X2432.Q.G}$PEPTIDE1,PEPTIDE1,1:R1-7:R2$$$",-7.06751586
"PEPTIDE1{X1395.G.X1811.R.L.X175.X255}$PEPTIDE1,PEPTIDE1,1:R1-7:R2$$$",-8.14674231
"PEPTIDE1{X2132.X956.L.Q.Q.Y.Q}$PEPTIDE1,PEPTIDE1,1:R1-7:R2$$$",-7.06082828
"PEPTIDE1{F.X956.Q.F.d(N->O)Gly(allyl).G.X6}$PEPTIDE1,PEPTIDE1,1:R1-7:R2$$$",-7.12511193
"PEPTIDE1{P.G.G.Y.X6.F.G}$PEPTIDE1,PEPTIDE1,1:R1-7:R2$$$",-6.97594702
"PEPTIDE1{R.Q.F.X2258.L.Q.X375}$PEPTIDE1,PEPTIDE1,1:R1-7:R2$$$",-7.11414988
"PEPTIDE1{Trp(6-Br).A.X1989.Q.R.Q.Q}$PEPTIDE1,PEPTIDE1,1:R1-7:R2$$$",-7.57126953
"PEPTIDE1{Q.X1661.X1720.P.X1038.R.G}$PEPTIDE1,PEPTIDE1,1:R1-7:R2$$$",-7.08682945
"PEPTIDE1{X1811.F.X126.P.X663.F.Q}$PEPTIDE1,PEPTIDE1,1:R1-7:R2$$$",-7.68475847
"PEPTIDE1{G.G.P.Q.Phe(CHF2).X631.Y}$PEPTIDE1,PEPTIDE1,1:R1-7:R2$$$",-7.03537413
"PEPTIDE1{Y.P.Q.Mono19.Q.Y.X1004}$PEPTIDE1,PEPTIDE1,1:R1-7:R2$$$",-7.26472516
"PEPTIDE1{Y.X2830.X612.Q.A.X2132.X3004}$PEPTIDE1,PEPTIDE1,1:R1-7:R2$$$",-7.76162325
"PEPTIDE1{P.F.X2432.A.P.X1811.Y}$PEPTIDE1,PEPTIDE1,1:R1-7:R2$$$",-6.13820734
"PEPTIDE1{F.Y.P.L.R.X2403.Y}$PEPTIDE1,PEPTIDE1,1:R1-7:R2$$$",-7.43261339
"PEPTIDE1{A.X1004.G.dP.X2432.X1811.Q}$PEPTIDE1,PEPTIDE1,1:R1-7:R2$$$",-8.11253095
"PEPTIDE1{P.X314.X1038.F.L.X3011.Y}$PEPTIDE1,PEPTIDE1,1:R1-7:R2$$$",-6.76126030
"PEPTIDE1{F.X591.R.G.Q.X2754.G}$PEPTIDE1,PEPTIDE1,1:R1-7:R2$$$",-7.66830207
"PEPTIDE1{X297.Y.X2577.Y.G.X2527.X1664}$PEPTIDE1,PEPTIDE1,1:R1-7:R2$$$",-6.49578954
"PEPTIDE1{Hpr.L.Q.P.G.Mono19.Q}$PEPTIDE1,PEPTIDE1,1:R1-7:R2$$$",-6.37690578
"PEPTIDE1{G.X956.Q.X126.R.F.G}$PEPTIDE1,PEPTIDE1,1:R1-7:R2$$$",-6.70327927
"PEPTIDE1{Y.X1800.Bal.X2432.dPhe(2-F).P.Y}$PEPTIDE1,PEPTIDE1,1:R1-7:R2$$$",-7.38591813
"PEPTIDE1{Q.Q.HOCOCH2_Bal.Q.A.Y.Mono50}$PEPTIDE1,PEPTIDE1,1:R1-7:R2$$$",-7.56186955
"PEPTIDE1{G.X792.X1004.Y.R.G.X1918}$PEPTIDE1,PEPTIDE1,1:R1-7:R2$$$",-7.13791805
"PEPTIDE1{X1956.Q.Y.lalloHyp.Q.P.G}$PEPTIDE1,PEPTIDE1,1:R1-7:R2$$$",-6.95239095
"PEPTIDE1{X1004.F.Y.X591.G.X1829.X981}$PEPTIDE1,PEPTIDE1,1:R1-7:R2$$$",-6.49192970
"PEPTIDE1{G.X232.Q.F.G.X1457.P}$PEPTIDE1,PEPTIDE1,1:R1-7:R2$$$",-6.65004203
"PEPTIDE1{G.X277.X1702.X3004.dP.Mono107.Y}$PEPTIDE1,PEPTIDE1,1:R1-7:R2$$$",-6.62402551
"PEPTIDE1{F.X277.F.P.X1004.X2391.Y}$PEPTIDE1,PEPTIDE1,1:R1-7:R2$$$",-7.12999899
"PEPTIDE1{P.X670.X49.Q.G.G.P}$PEPTIDE1,PEPTIDE1,1:R1-7:R2$$$",-6.77985118
"PEPTIDE1{dP.X2432.X1588.P.Mono16.G.Mono50}$PEPTIDE1,PEPTIDE1,1:R1-7:R2$$$",-7.24852937
"PEPTIDE1{R.F.X2391.X305.X175.X2791.X2327}$PEPTIDE1,PEPTIDE1,1:R1-7:R2$$$",-8.25360167
"PEPTIDE1{X946.Y.L.Q.X1941.X1664.P}$PEPTIDE1,PEPTIDE1,1:R1-7:R2$$$",-6.63646784
"PEPTIDE1{X2577.R.F.L.dP.X2461.meL}$PEPTIDE1,PEPTIDE1,1:R1-7:R2$$$",-6.20804915
"PEPTIDE1{Q.G.X2403.Y.P.Q.G}$PEPTIDE1,PEPTIDE1,1:R1-7:R2$$$",-7.34614277
"PEPTIDE1{G.G.X2329.F.R.L.Y}$PEPTIDE1,PEPTIDE1,1:R1-7:R2$$$",-7.35905684
"PEPTIDE1{X6.P.L.X534.Y.R.G}$PEPTIDE1,PEPTIDE1,1:R1-7:R2$$$",-6.90347921
"PEPTIDE1{L.G.Q.Q.L.G.X1004}$PEPTIDE1,PEPTIDE1,1:R1-7:R2$$$",-7.08390610
"PEPTIDE1{G.Y.X1010.L.Y.X2461.G}$PEPTIDE1,PEPTIDE1,1:R1-7:R2$$$",-6.47712241
"PEPTIDE1{X1895.X136.F.X2793.X1802.P.G}$PEPTIDE1,PEPTIDE1,1:R1-7:R2$$$",-7.49936967
"PEPTIDE1{X905.X981.X2432.Q.R.dHpr.X233}$PEPTIDE1,PEPTIDE1,1:R1-7:R2$$$",-6.55228552
"PEPTIDE1{L.X2432.G.X315.F.Mono107.X3004}$PEPTIDE1,PEPTIDE1,1:R1-7:R2$$$",-7.05272159
"PEPTIDE1{Q.G.P.A.G.X786.Y}$PEPTIDE1,PEPTIDE1,1:R1-7:R2$$$",-7.34924836
"PEPTIDE1{R.X880.X1004.G.X880.X3004.X2329}$PEPTIDE1,PEPTIDE1,1:R1-7:R2$$$",-7.84180952
"PEPTIDE1{A.X1956.P.am_G.X1349.R.X3004}$PEPTIDE1,PEPTIDE1,1:R1-7:R2$$$",-7.44421880
"PEPTIDE1{Q.dP.Q.X1588.A.X255.G}$PEPTIDE1,PEPTIDE1,1:R1-7:R2$$$",-7.33267706
"PEPTIDE1{X2830.dS.X2403.X529.Y.X786.X315}$PEPTIDE1,PEPTIDE1,1:R1-7:R2$$$",-7.54882985
"PEPTIDE1{Y.X956.A.X1956.X233.G.P}$PEPTIDE1,PEPTIDE1,1:R1-7:R2$$$",-6.87102529
"PEPTIDE1{L.G.X1811.X1895.L.F.Mono107}$PEPTIDE1,PEPTIDE1,1:R1-7:R2$$$",-7.64173333
"PEPTIDE1{P.L.X1664.F.P.X1811.X956}$PEPTIDE1,PEPTIDE1,1:R1-7:R2$$$",-7.55668131
"PEPTIDE1{X232.G.X981.P.Q.Q.G}$PEPTIDE1,PEPTIDE1,1:R1-7:R2$$$",-6.92370046
"PEPTIDE1{L.X786.L.L.X255.dNle.G}$PEPTIDE1,PEPTIDE1,1:R1-7:R2$$$",-6.65568267
"PEPTIDE1{F.X946.Y.G.dPhe(2-F).X591.P}$PEPTIDE1,PEPTIDE1,1:R1-7:R2$$$",-7.43183632
"PEPTIDE1{Y.P.G.R.Q.X6.P}$PEPTIDE1,PEPTIDE1,1:R1-7:R2$$$",-7.07678723
"PEPTIDE1{X916.X179.X2791.P.X2328.F.X2461}$PEPTIDE1,PEPTIDE1,1:R1-7:R2$$$",-7.10385462
"PEPTIDE1{L.X1941.X305.G.Y.X683.Y}$PEPTIDE1,PEPTIDE1,1:R1-7:R2$$$",-7.48247314
"PEPTIDE1{X529.X2432.P.X255.X3004.G.Y}$PEPTIDE1,PEPTIDE1,1:R1-7:R2$$$",-7.03370526
"PEPTIDE1{G.R.P.G.G.X3004.dP}$PEPTIDE1,PEPTIDE1,1:R1-7:R2$$$",-7.43798105
"PEPTIDE1{X956.X601.F.P.X255.P.P}$PEPTIDE1,PEPTIDE1,1:R1-7:R2$$$",-6.77493950
"PEPTIDE1{Q.X49.X1206.G.G.F.X1457}$PEPTIDE1,PEPTIDE1,1:R1-7:R2$$$",-6.47629043
"PEPTIDE1{P.Cit.X2432.X1699.X612.G.P}$PEPTIDE1,PEPTIDE1,1:R1-7:R2$$$",-6.64815453
"PEPTIDE1{G.X798.X196.X1989.X1989.X1004.Y}$PEPTIDE1,PEPTIDE1,1:R1-7:R2$$$",-7.23735696
"PEPTIDE1{X1513.G.Y.X179.X261.L.Y}$PEPTIDE1,PEPTIDE1,1:R1-7:R2$$$",-6.49515534
"PEPTIDE1{G.A.Y.P.X1811.X1664.X2465}$PEPTIDE1,PEPTIDE1,1:R1-7:R2$$$",-7.01200970
"PEPTIDE1{R.G.Y.X1004.F.X2432.G}$PEPTIDE1,PEPTIDE1,1:R1-7:R2$$$",-7.11571870
"PEPTIDE1{F.L.X956.G.L.G.Y}$PEPTIDE1,PEPTIDE1,1:R1-7:R2$$$",-6.77974123
"PEPTIDE1{P.X1811.Y.A.L.lalloHyp.Pro(4-F2)}$PEPTIDE1,PEPTIDE1,1:R1-7:R2$$$",-6.38855371
"PEPTIDE1{Q.G.P.X956.P.Y.X2432}$PEPTIDE1,PEPTIDE1,1:R1-7:R2$$$",-6.97699802
"PEPTIDE1{L.G.Y.P.G.R.X1038}$PEPTIDE1,PEPTIDE1,1:R1-7:R2$$$",-6.86301138
"PEPTIDE1{P.Q.Mono50.Y.X1010.X2432.Y}$PEPTIDE1,PEPTIDE1,1:R1-7:R2$$$",-6.67980798
"PEPTIDE1{X1004.Y.G.G.L.G.X187}$PEPTIDE1,PEPTIDE1,1:R1-7:R2$$$",-7.35065372
"PEPTIDE1{G.X1918.X1829.Y.Q.Y.G}$PEPTIDE1,PEPTIDE1,1:R1-7:R2$$$",-6.90050898
"PEPTIDE1{Q.X2432.G.R.dR.G.X2432}$PEPTIDE1,PEPTIDE1,1:R1-7:R2$$$",-7.31248243
"PEPTIDE1{X255.Q.F.X136.X2577.Aze.X490}$PEPTIDE1,PEPTIDE1,1:R1-7:R2$$$",-6.43872945
"PEPTIDE1{G.X534.F.G.X2432.F.X591}$PEPTIDE1,PEPTIDE1,1:R1-7:R2$$$",-7.27300995
"PEPTIDE1{Q.A.G.Q.Hph(3-Cl).P.X233}$PEPTIDE1,PEPTIDE1,1:R1-7:R2$$$",-7.10217346
"PEPTIDE1{G.Y.G.X946.dP.Y.P}$PEPTIDE1,PEPTIDE1,1:R1-7:R2$$$",-6.77085794
"PEPTIDE1{X1829.X2432.F.G.X1813.X2364.X1898}$PEPTIDE1,PEPTIDE1,1:R1-7:R2$$$",-6.60538763
"PEPTIDE1{X1895.Q.X663.L.Q.P.dP}$PEPTIDE1,PEPTIDE1,1:R1-7:R2$$$",-6.75172131
"PEPTIDE1{Q.X2719.X1811.G.dP.F.Y}$PEPTIDE1,PEPTIDE1,1:R1-7:R2$$$",-7.96464870
"PEPTIDE1{L.X305.L.X2432.F.Y.X786}$PEPTIDE1,PEPTIDE1,1:R1-7:R2$$$",-6.62708680
"PEPTIDE1{L.X490.X2577.dSer(Bzl).R.Y.P}$PEPTIDE1,PEPTIDE1,1:R1-7:R2$$$",-6.33635995
"PEPTIDE1{L.X49.Y.L.G.X305.G}$PEPTIDE1,PEPTIDE1,1:R1-7:R2$$$",-6.77271572
"PEPTIDE1{X101.X1457.X2432.X305.L.G.X1802}$PEPTIDE1,PEPTIDE1,1:R1-7:R2$$$",-7.00489278
"PEPTIDE1{G.P.X601.dP.P.R.Q}$PEPTIDE1,PEPTIDE1,1:R1-7:R2$$$",-6.89842081
"PEPTIDE1{P.dN.X1664.Y.G.F.X233}$PEPTIDE1,PEPTIDE1,1:R1-7:R2$$$",-6.81476353
"PEPTIDE1{P.Q.X1010.X1661.G.G.X946}$PEPTIDE1,PEPTIDE1,1:R1-7:R2$$$",-6.70842678
"PEPTIDE1{R.X946.X3004.X7.X46.Hph(2-Cl).Q}$PEPTIDE1,PEPTIDE1,1:R1-7:R2$$$",-7.22215562
"PEPTIDE1{P.X1800.X1777.Mono80.X2577.X956.X1432}$PEPTIDE1,PEPTIDE1,1:R1-7:R2$$$",-7.04196875
"PEPTIDE1{G.R.P.Y.X1664.Q.Q}$PEPTIDE1,PEPTIDE1,1:R1-7:R2$$$",-7.31627658
"PEPTIDE1{L.X2432.F.X2432.X101.X233.X179}$PEPTIDE1,PEPTIDE1,1:R1-7:R2$$$",-6.87180558
"PEPTIDE1{L.G.G.X7.X1393.Q.X2669}$PEPTIDE1,PEPTIDE1,1:R1-7:R2$$$",-7.50880994
"PEPTIDE1{G.Y.X490.Y.dP.Q.(N->O)Tyr}$PEPTIDE1,PEPTIDE1,1:R1-7:R2$$$",-6.45690173
"PEPTIDE1{X683.X255.Q.Q.G.P.lalloHyp}$PEPTIDE1,PEPTIDE1,1:R1-7:R2$$$",-7.09859720
"PEPTIDE1{P.A.R.X1410.X573.X2432.X1800}$PEPTIDE1,PEPTIDE1,1:R1-7:R2$$$",-7.28921105
"PEPTIDE1{L.Y.Q.G.X1895.G.A}$PEPTIDE1,PEPTIDE1,1:R1-7:R2$$$",-7.24277040
"PEPTIDE1{Q.G.F.F.F.Y.P}$PEPTIDE1,PEPTIDE1,1:R1-7:R2$$$",-7.22964707
"PEPTIDE1{G.X2403.G.X7.X7.Mono107.Q}$PEPTIDE1,PEPTIDE1,1:R1-7:R2$$$",-7.42436827
"PEPTIDE1{X523.P.X1811.F.R.Q.G}$PEPTIDE1,PEPTIDE1,1:R1-7:R2$$$",-7.75795597
"PEPTIDE1{Q.X1432.X1020.L.dHpr.A.P}$PEPTIDE1,PEPTIDE1,1:R1-7:R2$$$",-6.67433694
"PEPTIDE1{R.X126.X255.X2432.X2577.X2258.P}$PEPTIDE1,PEPTIDE1,1:R1-7:R2$$$",-6.94793648
"PEPTIDE1{R.X785.P.Q.X305.X1457.A}$PEPTIDE1,PEPTIDE1,1:R1-7:R2$$$",-7.04104302
"PEPTIDE1{R.Y.X1004.(N->O)Tyr.R.P.X1661}$PEPTIDE1,PEPTIDE1,1:R1-7:R2$$$",-6.65131338
"PEPTIDE1{G.X956.L.X1540.R.P.Q}$PEPTIDE1,PEPTIDE1,1:R1-7:R2$$$",-6.88749365
"PEPTIDE1{Q.X1811.X1788.L.G.X822.Q}$PEPTIDE1,PEPTIDE1,1:R1-7:R2$$$",-8.60589401
"PEPTIDE1{P.F.X6.dHpr.X1410.X6.X946}$PEPTIDE1,PEPTIDE1,1:R1-7:R2$$$",-6.56258327
"PEPTIDE1{Y.X1010.A.Q.X297.L.X577}$PEPTIDE1,PEPTIDE1,1:R1-7:R2$$$",-6.23547280
"PEPTIDE1{Y.Trp(7-Br).Y.F.P.X1813.X233}$PEPTIDE1,PEPTIDE1,1:R1-7:R2$$$",-7.46614878
"PEPTIDE1{G.X1989.X2412.X204.R.F.X255}$PEPTIDE1,PEPTIDE1,1:R1-7:R2$$$",-7.60879060
"PEPTIDE1{X2432.dHpr.X1811.X1038.R.R.X255}$PEPTIDE1,PEPTIDE1,1:R1-7:R2$$$",-8.21125948
"PEPTIDE1{X2258.am_G.X1004.G.Y.X2747.Q}$PEPTIDE1,PEPTIDE1,1:R1-7:R2$$$",-7.66801202
"PEPTIDE1{X3004.G.X1813.Q.Q.Pro(4-F2).X946}$PEPTIDE1,PEPTIDE1,1:R1-7:R2$$$",-6.92857268
"PEPTIDE1{L.Q.X179.dP.Q.Q.Q}$PEPTIDE1,PEPTIDE1,1:R1-7:R2$$$",-7.17955102
"PEPTIDE1{X1811.F.dP.X1956.G.Q.X305}$PEPTIDE1,PEPTIDE1,1:R1-7:R2$$$",-8.55115723
"PEPTIDE1{dHpr.X1661.Aze.P.X591.X233.G}$PEPTIDE1,PEPTIDE1,1:R1-7:R2$$$",-6.59027997
"PEPTIDE1{Q.dP.dP.F.X490.Y.Q}$PEPTIDE1,PEPTIDE1,1:R1-7:R2$$$",-6.45940405
"PEPTIDE1{X2258.X956.Q.G.Q.R.Aze}$PEPTIDE1,PEPTIDE1,1:R1-7:R2$$$",-6.88313809
"PEPTIDE1{X2461.X1777.Y.X1702.X302.X453.Q}$PEPTIDE1,PEPTIDE1,1:R1-7:R2$$$",-6.41812489
"PEPTIDE1{X577.Q.G.P.Y.P.G}$PEPTIDE1,PEPTIDE1,1:R1-7:R2$$$",-7.12538388
"PEPTIDE1{X652.dP.F.G.X2329.P.X1664}$PEPTIDE1,PEPTIDE1,1:R1-7:R2$$$",-6.75575000
"PEPTIDE1{G.P.Trp(7-Br).X2432.Hpr.R.X956}$PEPTIDE1,PEPTIDE1,1:R1-7:R2$$$",-6.82599640
"PEPTIDE1{X956.Mono16.Q.A.Me_dW.X255.Y}$PEPTIDE1,PEPTIDE1,1:R1-7:R2$$$",-7.10076585
"PEPTIDE1{X1956.Q.Y.A.dP.dHpr.P}$PEPTIDE1,PEPTIDE1,1:R1-7:R2$$$",-6.65685958
"PEPTIDE1{X1664.X612.X946.G.Y.Y.G}$PEPTIDE1,PEPTIDE1,1:R1-7:R2$$$",-7.19980434
"PEPTIDE1{Y.P.Q.X233.G.X2432.X2791}$PEPTIDE1,PEPTIDE1,1:R1-7:R2$$$",-7.08652589
"PEPTIDE1{P.Q.X46.meD.P.X1432.G}$PEPTIDE1,PEPTIDE1,1:R1-7:R2$$$",-6.64150182
"PEPTIDE1{Y.Y.Q.Y.Y.G.Y}$PEPTIDE1,PEPTIDE1,1:R1-7:R2$$$",-7.62890922
"PEPTIDE1{X2432.X1811.F.X299.G.R.G}$PEPTIDE1,PEPTIDE1,1:R1-7:R2$$$",-7.60929251
"PEPTIDE1{X11.Y.Q.R.Q.Y.G}$PEPTIDE1,PEPTIDE1,1:R1-7:R2$$$",-7.41811446
"PEPTIDE1{meD.X930.X30.X2432.Q.Y.X2328}$PEPTIDE1,PEPTIDE1,1:R1-7:R2$$$",-6.68577446
"PEPTIDE1{X2754.X2577.G.Y.X81.dP.P}$PEPTIDE1,PEPTIDE1,1:R1-7:R2$$$",-6.82041789
"PEPTIDE1{Q.L.X2432.X2501.G.X2745.G}$PEPTIDE1,PEPTIDE1,1:R1-7:R2$$$",-7.24488532
"PEPTIDE1{X2432.X2745.Y.X375.X2804.X261.G}$PEPTIDE1,PEPTIDE1,1:R1-7:R2$$$",-6.51792923
"PEPTIDE1{dP.L.dNal.R.Y.Y.X945}$PEPTIDE1,PEPTIDE1,1:R1-7:R2$$$",-6.41376707
"PEPTIDE1{F.G.X569.X2442.L.Q.X7}$PEPTIDE1,PEPTIDE1,1:R1-7:R2$$$",-7.58383471
"PEPTIDE1{Q.X2461.L.Q.G.F.G}$PEPTIDE1,PEPTIDE1,1:R1-7:R2$$$",-6.22447197
"PEPTIDE1{R.F.X2113.P.X683.X305.X1813}$PEPTIDE1,PEPTIDE1,1:R1-7:R2$$$",-7.46438694
"PEPTIDE1{dHpr.X1588.Q.X255.G.R.Y}$PEPTIDE1,PEPTIDE1,1:R1-7:R2$$$",-6.60797777
"PEPTIDE1{X975.X612.Mono50.L.d3-Pal.X233.G}$PEPTIDE1,PEPTIDE1,1:R1-7:R2$$$",-7.33811480
"PEPTIDE1{Q.dHpr.X233.X425.X2403.L.Y}$PEPTIDE1,PEPTIDE1,1:R1-7:R2$$$",-6.67379227
"PEPTIDE1{F.G.X956.X1777.G.F.G}$PEPTIDE1,PEPTIDE1,1:R1-7:R2$$$",-6.95669919
"PEPTIDE1{G.X1004.Q.X1004.Mono19.P.P}$PEPTIDE1,PEPTIDE1,1:R1-7:R2$$$",-7.57836060
"PEPTIDE1{X1004.G.G.L.Q.P.X7}$PEPTIDE1,PEPTIDE1,1:R1-7:R2$$$",-7.35617798
"PEPTIDE1{G.X2432.R.X2327.G.F.Q}$PEPTIDE1,PEPTIDE1,1:R1-7:R2$$$",-7.12612495
"PEPTIDE1{P.dPhe(2-F).dPhe(2-F).Y.X591.(N->O)Val.Q}$PEPTIDE1,PEPTIDE1,1:R1-7:R2$$$",-7.65836671
"PEPTIDE1{X1788.X126.P.X81.F.X3004.Q}$PEPTIDE1,PEPTIDE1,1:R1-7:R2$$$",-6.52176212
"PEPTIDE1{Q.X1813.X946.X1004.L.P.A}$PEPTIDE1,PEPTIDE1,1:R1-7:R2$$$",-7.04955590
"PEPTIDE1{G.R.A.X2830.F.X878.G}$PEPTIDE1,PEPTIDE1,1:R1-7:R2$$$",-7.21272157
"PEPTIDE1{G.R.X1457.L.X1664.X569.P}$PEPTIDE1,PEPTIDE1,1:R1-7:R2$$$",-6.67249835
"PEPTIDE1{G.P.dHpr.F.G.X375.Q}$PEPTIDE1,PEPTIDE1,1:R1-7:R2$$$",-6.60227387
"PEPTIDE1{G.P.L.Q.dP.Y.P}$PEPTIDE1,PEPTIDE1,1:R1-7:R2$$$",-6.94090192
"PEPTIDE1{G.X2432.R.Y.Q.X2577.Q}$PEPTIDE1,PEPTIDE1,1:R1-7:R2$$$",-7.02434597
"PEPTIDE1{X1004.X49.dR.X956.R.Q.G}$PEPTIDE1,PEPTIDE1,1:R1-7:R2$$$",-7.04607432
"PEPTIDE1{L.G.P.X2432.X2327.P.Y}$PEPTIDE1,PEPTIDE1,1:R1-7:R2$$$",-6.59395070
"PEPTIDE1{X612.R.Cha.Q.G.G.X261}$PEPTIDE1,PEPTIDE1,1:R1-7:R2$$$",-6.98786837
"PEPTIDE1{X2258.Trp(5-Br).Q.X786.Q.L.Q}$PEPTIDE1,PEPTIDE1,1:R1-7:R2$$$",-7.33913640
"PEPTIDE1{X3004.F.X1895.X2671.X1693.Mono19.G}$PEPTIDE1,PEPTIDE1,1:R1-7:R2$$$",-7.22385807
"PEPTIDE1{F.X1294.Trp(7-Br).X2432.X2432.A.Q}$PEPTIDE1,PEPTIDE1,1:R1-7:R2$$$",-7.26972978
"PEPTIDE1{X786.Y.X2432.R.X1895.Q.P}$PEPTIDE1,PEPTIDE1,1:R1-7:R2$$$",-7.49882634
"PEPTIDE1{X1004.L.X11.X1796.X2432.X670.X612}$PEPTIDE1,PEPTIDE1,1:R1-7:R2$$$",-6.84357764
"PEPTIDE1{F.Q.Q.G.Q.G.P}$PEPTIDE1,PEPTIDE1,1:R1-7:R2$$$",-7.23286947
"PEPTIDE1{L.F.G.P.X1777.G.P}$PEPTIDE1,PEPTIDE1,1:R1-7:R2$$$",-6.88651766
"PEPTIDE1{Mono60.X7.P.X2432.X204.Y.X956}$PEPTIDE1,PEPTIDE1,1:R1-7:R2$$$",-6.64279259
"PEPTIDE1{X785.dP.R.G.P.L.P}$PEPTIDE1,PEPTIDE1,1:R1-7:R2$$$",-6.99695487
"PEPTIDE1{X619.Y.R.X822.X2432.X400.Q}$PEPTIDE1,PEPTIDE1,1:R1-7:R2$$$",-6.87147957
"PEPTIDE1{X956.X11.L.R.F.P.G}$PEPTIDE1,PEPTIDE1,1:R1-7:R2$$$",-6.85916173
"PEPTIDE1{G.X314.X2432.L.X2258.R.X1457}$PEPTIDE1,PEPTIDE1,1:R1-7:R2$$$",-6.82174972
"PEPTIDE1{Q.X631.Q.G.R.Q.dR}$PEPTIDE1,PEPTIDE1,1:R1-7:R2$$$",-7.42820647
"PEPTIDE1{Q.F.G.X1664.L.P.Y}$PEPTIDE1,PEPTIDE1,1:R1-7:R2$$$",-6.85850826
"PEPTIDE1{G.X1989.R.P.G.X2432.Y}$PEPTIDE1,PEPTIDE1,1:R1-7:R2$$$",-7.61881793
"PEPTIDE1{X2577.F.G.Y.G.Q.X1035}$PEPTIDE1,PEPTIDE1,1:R1-7:R2$$$",-6.16660409
"PEPTIDE1{F.X1020.X2501.G.G.P.Q}$PEPTIDE1,PEPTIDE1,1:R1-7:R2$$$",-7.60739029
"PEPTIDE1{F.X2432.Y.X956.X956.L.G}$PEPTIDE1,PEPTIDE1,1:R1-7:R2$$$",-6.76845814
"PEPTIDE1{Q.Q.dHpr.dR.F.dS.G}$PEPTIDE1,PEPTIDE1,1:R1-7:R2$$$",-6.91140192
"PEPTIDE1{X786.Y.X2432.F.X1004.L.G}$PEPTIDE1,PEPTIDE1,1:R1-7:R2$$$",-7.04986446
"PEPTIDE1{Y.Aze.X490.X946.R.X2432.Q}$PEPTIDE1,PEPTIDE1,1:R1-7:R2$$$",-6.50402682
"PEPTIDE1{Y.G.X930.am_G.G.Y.X490}$PEPTIDE1,PEPTIDE1,1:R1-7:R2$$$",-6.72063168
"PEPTIDE1{Q.dP.G.X2791.F.X305.Q}$PEPTIDE1,PEPTIDE1,1:R1-7:R2$$$",-6.83182324
"PEPTIDE1{X232.Y.P.dP.P.X2285.P}$PEPTIDE1,PEPTIDE1,1:R1-7:R2$$$",-6.83730257
"PEPTIDE1{Q.P.G.X425.Aze.X2577.Y}$PEPTIDE1,PEPTIDE1,1:R1-7:R2$$$",-6.42644366
"PEPTIDE1{X277.X2328.G.dP.X2501.X1395.Q}$PEPTIDE1,PEPTIDE1,1:R1-7:R2$$$",-7.38584070
"PEPTIDE1{X1664.Q.X683.P.X725.X2432.X1811}$PEPTIDE1,PEPTIDE1,1:R1-7:R2$$$",-7.05358411
"PEPTIDE1{G.X822.P.R.R.F.X1720}$PEPTIDE1,PEPTIDE1,1:R1-7:R2$$$",-7.60754448
"PEPTIDE1{G.dH.X1004.X1813.P.A.X612}$PEPTIDE1,PEPTIDE1,1:R1-7:R2$$$",-7.29981022
"PEPTIDE1{dP.F.P.X49.dHpr.X640.G}$PEPTIDE1,PEPTIDE1,1:R1-7:R2$$$",-6.58065554
"PEPTIDE1{Q.G.X792.X2432.X824.Q.d(N->O)aIle}$PEPTIDE1,PEPTIDE1,1:R1-7:R2$$$",-6.55822674
"PEPTIDE1{L.X315.X916.P.X569.Y.G}$PEPTIDE1,PEPTIDE1,1:R1-7:R2$$$",-7.47898097
"PEPTIDE1{Q.d(N->O)Gly(allyl).R.X2432.X946.d(N->O)Gly(allyl).Aze}$PEPTIDE1,PEPTIDE1,1:R1-7:R2$$$",-6.88815977
"PEPTIDE1{G.X490.G.A.Y.dP.Y}$PEPTIDE1,PEPTIDE1,1:R1-7:R2$$$",-6.56890794
"PEPTIDE1{R.P.X299.X1712.X2258.d3-Pal.X1350}$PEPTIDE1,PEPTIDE1,1:R1-7:R2$$$",-6.79800715
"PEPTIDE1{Y.X946.P.R.Q.G.Trp(7-Br)}$PEPTIDE1,PEPTIDE1,1:R1-7:R2$$$",-6.70243764
"PEPTIDE1{X189.Q.X1811.L.X2662.Y.P}$PEPTIDE1,PEPTIDE1,1:R1-7:R2$$$",-7.48177477
"PEPTIDE1{Q.G.X7.P.Y.R.G}$PEPTIDE1,PEPTIDE1,1:R1-7:R2$$$",-7.34408437
"PEPTIDE1{Q.P.X683.G.Y.X2044.X1206}$PEPTIDE1,PEPTIDE1,1:R1-7:R2$$$",-7.33520108
"PEPTIDE1{F.X946.Y.Q.R.X81.X1802}$PEPTIDE1,PEPTIDE1,1:R1-7:R2$$$",-7.29246525
"PEPTIDE1{Q.P.P.Q.R.Y.X195}$PEPTIDE1,PEPTIDE1,1:R1-7:R2$$$",-6.28017566
"PEPTIDE1{G.X46.X786.L.X1504.G.X2577}$PEPTIDE1,PEPTIDE1,1:R1-7:R2$$$",-7.29248638
"PEPTIDE1{L.L.X956.P.X1540.X1004.G}$PEPTIDE1,PEPTIDE1,1:R1-7:R2$$$",-6.97761684
"PEPTIDE1{F.X2432.Q.G.A.X1457.Y}$PEPTIDE1,PEPTIDE1,1:R1-7:R2$$$",-6.58658458
"PEPTIDE1{R.X1956.R.G.A.Y.Y}$PEPTIDE1,PEPTIDE1,1:R1-7:R2$$$",-7.39098678
"PEPTIDE1{Cha.X2432.L.R.X1811.X1813.G}$PEPTIDE1,PEPTIDE1,1:R1-7:R2$$$",-7.76128636
"PEPTIDE1{G.X1004.Q.P.X11.P.Q}$PEPTIDE1,PEPTIDE1,1:R1-7:R2$$$",-7.03472448
"PEPTIDE1{X1829.Y.P.(N->O)Val.L.X2745.Q}$PEPTIDE1,PEPTIDE1,1:R1-7:R2$$$",-6.70947102
"PEPTIDE1{Y.G.X2432.X786.X1811.G.P}$PEPTIDE1,PEPTIDE1,1:R1-7:R2$$$",-7.80179166
"PEPTIDE1{P.R.L.Mono16.G.Mono106.P}$PEPTIDE1,PEPTIDE1,1:R1-7:R2$$$",-6.65878502
"PEPTIDE1{X1788.R.X425.Y.P.F.X786}$PEPTIDE1,PEPTIDE1,1:R1-7:R2$$$",-6.82658131
"PEPTIDE1{Mono107.dP.Y.X2432.Mono107.X1895.X1788}$PEPTIDE1,PEPTIDE1,1:R1-7:R2$$$",-7.50416825
"PEPTIDE1{Q.X255.G.Q.dR.Q.X1410}$PEPTIDE1,PEPTIDE1,1:R1-7:R2$$$",-7.42108693
"PEPTIDE1{X1829.X391.Q.P.(N->O)Tyr.P.Q}$PEPTIDE1,PEPTIDE1,1:R1-7:R2$$$",-6.99539115
"PEPTIDE1{P.G.Q.F.X946.X2432.X1035}$PEPTIDE1,PEPTIDE1,1:R1-7:R2$$$",-6.51716769
"PEPTIDE1{Q.dHpr.dP.G.G.X671.Y}$PEPTIDE1,PEPTIDE1,1:R1-7:R2$$$",-6.59704733
"PEPTIDE1{Q.P.A.X11.Q.X822.dHpr}$PEPTIDE1,PEPTIDE1,1:R1-7:R2$$$",-6.74627908
"PEPTIDE1{P.A.Mono31.Q.X1956.P.A}$PEPTIDE1,PEPTIDE1,1:R1-7:R2$$$",-6.96212392
"PEPTIDE1{Q.Mono107.Mono50.dHpr.X2432.Q.X490}$PEPTIDE1,PEPTIDE1,1:R1-7:R2$$$",-6.40728382
"PEPTIDE1{G.G.F.dD.F.X1777.X1294}$PEPTIDE1,PEPTIDE1,1:R1-7:R2$$$",-7.12730895
"PEPTIDE1{X2791.L.L.R.Y.X2432.P}$PEPTIDE1,PEPTIDE1,1:R1-7:R2$$$",-6.96909119
"PEPTIDE1{P.L.P.G.G.G.Q}$PEPTIDE1,PEPTIDE1,1:R1-7:R2$$$",-7.48914139
"PEPTIDE1{P.X49.P.(N->O)Val.P.P.G}$PEPTIDE1,PEPTIDE1,1:R1-7:R2$$$",-6.70854911
"PEPTIDE1{X255.F.F.F.L.L.X490}$PEPTIDE1,PEPTIDE1,1:R1-7:R2$$$",-6.06440820
"PEPTIDE1{X497.dHpr.X1661.X2577.G.G.G}$PEPTIDE1,PEPTIDE1,1:R1-7:R2$$$",-6.47598103
"PEPTIDE1{X375.G.G.X2432.X946.X2432.Q}$PEPTIDE1,PEPTIDE1,1:R1-7:R2$$$",-6.55028087
"PEPTIDE1{X569.X897.Q.G.dHpr.L.P}$PEPTIDE1,PEPTIDE1,1:R1-7:R2$$$",-6.91322748
"PEPTIDE1{lalloHyp.X11.Y.R.X3004.G.X956}$PEPTIDE1,PEPTIDE1,1:R1-7:R2$$$",-7.04135198
"PEPTIDE1{X1800.Y.Q.P.L.P.Y}$PEPTIDE1,PEPTIDE1,1:R1-7:R2$$$",-6.30458309
"PEPTIDE1{X2577.X2432.G.X870.G.Aze.Y}$PEPTIDE1,PEPTIDE1,1:R1-7:R2$$$",-6.27762170
"PEPTIDE1{X2403.dNle.Y.G.X299.Mono106.P}$PEPTIDE1,PEPTIDE1,1:R1-7:R2$$$",-7.21883333
"PEPTIDE1{X569.X2432.dHpr.G.L.Y.Q}$PEPTIDE1,PEPTIDE1,1:R1-7:R2$$$",-6.72972801
"PEPTIDE1{Q.P.X1393.R.Q.X1038.Q}$PEPTIDE1,PEPTIDE1,1:R1-7:R2$$$",-7.24476628
"PEPTIDE1{X2226.X2432.Q.Q.Bal.X601.G}$PEPTIDE1,PEPTIDE1,1:R1-7:R2$$$",-7.44372905
"PEPTIDE1{G.F.Y.G.X3004.X232.X136}$PEPTIDE1,PEPTIDE1,1:R1-7:R2$$$",-6.65380777
"PEPTIDE1{X1004.X998.L.Mono107.X785.Q.A}$PEPTIDE1,PEPTIDE1,1:R1-7:R2$$$",-7.35450955
"PEPTIDE1{G.lalloHyp.Q.L.F.X233.G}$PEPTIDE1,PEPTIDE1,1:R1-7:R2$$$",-6.69049100
"PEPTIDE1{F.Q.R.P.Q.P.X297}$PEPTIDE1,PEPTIDE1,1:R1-7:R2$$$",-6.42125642
"PEPTIDE1{X2747.Q.Y.Pro(4-F2).L.X591.X1980}$PEPTIDE1,PEPTIDE1,1:R1-7:R2$$$",-6.93500718
"PEPTIDE1{Aze.Y.X2432.Y.G.(N->O)Val.dP}$PEPTIDE1,PEPTIDE1,1:R1-7:R2$$$",-6.60268326
"PEPTIDE1{F.Q.Y.Y.R.X956.Y}$PEPTIDE1,PEPTIDE1,1:R1-7:R2$$$",-7.46146370
"PEPTIDE1{X255.Y.Mono19.X683.Y.X1410.Q}$PEPTIDE1,PEPTIDE1,1:R1-7:R2$$$",-7.62691035
"PEPTIDE1{meD.F.R.F.G.X2442.X49}$PEPTIDE1,PEPTIDE1,1:R1-7:R2$$$",-6.52259056
"PEPTIDE1{Q.P.R.Q.Y.G.G}$PEPTIDE1,PEPTIDE1,1:R1-7:R2$$$",-7.30340582
"PEPTIDE1{X1457.(N->O)Val.X2669.dNle.Q.R.G}$PEPTIDE1,PEPTIDE1,1:R1-7:R2$$$",-6.91014099
"PEPTIDE1{R.Q.Y.X187.Q.P.dP}$PEPTIDE1,PEPTIDE1,1:R1-7:R2$$$",-6.78536314
"PEPTIDE1{L.X2432.X2432.Y.Y.Q.Q}$PEPTIDE1,PEPTIDE1,1:R1-7:R2$$$",-6.89029281
"PEPTIDE1{X916.G.dHpr.Y.X683.Y.dP}$PEPTIDE1,PEPTIDE1,1:R1-7:R2$$$",-7.14175974
"PEPTIDE1{Mono50.X2577.X255.dHpr.dP.Y.X2710}$PEPTIDE1,PEPTIDE1,1:R1-7:R2$$$",-6.65950394
"PEPTIDE1{X1491.X2258.dP.X395.G.A.Trp(7-Br)}$PEPTIDE1,PEPTIDE1,1:R1-7:R2$$$",-6.92789216
"PEPTIDE1{X824.F.F.X1811.G.X1457.am_G}$PEPTIDE1,PEPTIDE1,1:R1-7:R2$$$",-6.62510968
"PEPTIDE1{R.R.Q.G.F.P.G}$PEPTIDE1,PEPTIDE1,1:R1-7:R2$$$",-7.44956093
"PEPTIDE1{Y.X375.G.G.G.L.X7}$PEPTIDE1,PEPTIDE1,1:R1-7:R2$$$",-7.04671775
"PEPTIDE1{R.R.X305.G.L.G.P}$PEPTIDE1,PEPTIDE1,1:R1-7:R2$$$",-6.92683885
"PEPTIDE1{X2465.X785.X2791.Y.X1457.X2432.Q}$PEPTIDE1,PEPTIDE1,1:R1-7:R2$$$",-6.92757973
"PEPTIDE1{Q.L.G.X2432.Y.L.Q}$PEPTIDE1,PEPTIDE1,1:R1-7:R2$$$",-6.97474255
"PEPTIDE1{P.A.X232.am_G.F.A.Q}$PEPTIDE1,PEPTIDE1,1:R1-7:R2$$$",-6.71271719
"PEPTIDE1{R.L.X1004.P.X1811.P.G}$PEPTIDE1,PEPTIDE1,1:R1-7:R2$$$",-8.22533167
"PEPTIDE1{P.G.X2432.Y.Y.L.Y}$PEPTIDE1,PEPTIDE1,1:R1-7:R2$$$",-7.17502364
"PEPTIDE1{X299.G.A.L.X1777.X1752.Q}$PEPTIDE1,PEPTIDE1,1:R1-7:R2$$$",-6.58793743
"PEPTIDE1{Y.R.A.X1004.X1004.X1004.Q}$PEPTIDE1,PEPTIDE1,1:R1-7:R2$$$",-7.70980000
"PEPTIDE1{L.X930.G.G.F.Y.X1918}$PEPTIDE1,PEPTIDE1,1:R1-7:R2$$$",-6.84630125
"PEPTIDE1{X612.G.X2432.X822.Q.Y.X2577}$PEPTIDE1,PEPTIDE1,1:R1-7:R2$$$",-7.56664038
"PEPTIDE1{P.X2432.L.F.Q.X1010.Y}$PEPTIDE1,PEPTIDE1,1:R1-7:R2$$$",-6.45434082
"PEPTIDE1{Y.X1811.P.X2432.Q.G.X1004}$PEPTIDE1,PEPTIDE1,1:R1-7:R2$$$",-8.24761095
"PEPTIDE1{X1004.L.P.P.F.X2432.X956}$PEPTIDE1,PEPTIDE1,1:R1-7:R2$$$",-6.40503099
"PEPTIDE1{G.X1800.X1788.X1664.R.dA.Y}$PEPTIDE1,PEPTIDE1,1:R1-7:R2$$$",-7.30401622
"PEPTIDE1{Q.dNle.dS.P.Y.A.Mono51}$PEPTIDE1,PEPTIDE1,1:R1-7:R2$$$",-6.43530361
"PEPTIDE1{Y.Y.G.Cit.Y.X2432.Y}$PEPTIDE1,PEPTIDE1,1:R1-7:R2$$$",-7.22186639
"PEPTIDE1{X683.F.F.X1410.X1693.X946.Q}$PEPTIDE1,PEPTIDE1,1:R1-7:R2$$$",-6.52750784
"PEPTIDE1{P.P.F.P.L.X2461.Q}$PEPTIDE1,PEPTIDE1,1:R1-7:R2$$$",-6.18823751
"PEPTIDE1{X1895.X1788.X1432.R.R.Y.P}$PEPTIDE1,PEPTIDE1,1:R1-7:R2$$$",-6.93089634
"PEPTIDE1{F.P.X2461.X2432.G.X255.G}$PEPTIDE1,PEPTIDE1,1:R1-7:R2$$$",-6.81332775
"PEPTIDE1{F.L.X1777.dP.F.R.X1350}$PEPTIDE1,PEPTIDE1,1:R1-7:R2$$$",-6.74072969
"PEPTIDE1{dP.Lys(2-MP).P.R.R.R.G}$PEPTIDE1,PEPTIDE1,1:R1-7:R2$$$",-7.47933200
"PEPTIDE1{P.X809.G.Y.X3004.R.P}$PEPTIDE1,PEPTIDE1,1:R1-7:R2$$$",-6.84832559
"PEPTIDE1{A.X2258.X631.X1777.X255.X956.dS}$PEPTIDE1,PEPTIDE1,1:R1-7:R2$$$",-7.24102302
"PEPTIDE1{Q.G.dD.X2461.X302.X425.X631}$PEPTIDE1,PEPTIDE1,1:R1-7:R2$$$",-6.91991234
"PEPTIDE1{G.lalloHyp.Y.X2258.X2574.X2588.G}$PEPTIDE1,PEPTIDE1,1:R1-7:R2$$$",-6.36374183
"PEPTIDE1{F.P.X6.G.L.X946.Q}$PEPTIDE1,PEPTIDE1,1:R1-7:R2$$$",-7.01615029
"PEPTIDE1{G.Q.Q.Y.X591.X822.Y}$PEPTIDE1,PEPTIDE1,1:R1-7:R2$$$",-7.72437245
"PEPTIDE1{dP.X7.L.P.P.P.dS}$PEPTIDE1,PEPTIDE1,1:R1-7:R2$$$",-6.56900643
"PEPTIDE1{R.dHpr.Q.F.Q.X1410.Aze}$PEPTIDE1,PEPTIDE1,1:R1-7:R2$$$",-6.69398839
"PEPTIDE1{G.R.Q.L.Q.F.dP}$PEPTIDE1,PEPTIDE1,1:R1-7:R2$$$",-7.08986843
"PEPTIDE1{X1956.Mono51.F.X1704.am_G.G.P}$PEPTIDE1,PEPTIDE1,1:R1-7:R2$$$",-6.45857744
"PEPTIDE1{X1664.G.X591.X164.Y.P.P}$PEPTIDE1,PEPTIDE1,1:R1-7:R2$$$",-6.43282795
"PEPTIDE1{X1664.Q.P.Q.F.X3004.P}$PEPTIDE1,PEPTIDE1,1:R1-7:R2$$$",-6.72643057
"PEPTIDE1{X591.R.G.P.X233.Mono51.X946}$PEPTIDE1,PEPTIDE1,1:R1-7:R2$$$",-6.46371824
"PEPTIDE1{P.X683.X1395.Bal.X1956.P.Q}$PEPTIDE1,PEPTIDE1,1:R1-7:R2$$$",-7.40880113
"PEPTIDE1{lalloHyp.Y.A.G.G.X375.Q}$PEPTIDE1,PEPTIDE1,1:R1-7:R2$$$",-7.23845285
"PEPTIDE1{Y.G.G.G.R.G.meL}$PEPTIDE1,PEPTIDE1,1:R1-7:R2$$$",-6.81148891
"PEPTIDE1{X2432.Q.F.Y.R.P.X1800}$PEPTIDE1,PEPTIDE1,1:R1-7:R2$$$",-6.85345972
"PEPTIDE1{X2432.Hph(2-Cl).X822.Y.X2432.X2132.G}$PEPTIDE1,PEPTIDE1,1:R1-7:R2$$$",-7.18341376
"PEPTIDE1{X725.Q.Q.X683.dP.Q.dR}$PEPTIDE1,PEPTIDE1,1:R1-7:R2$$$",-7.34001465
"PEPTIDE1{meW.Y.P.X1777.X11.R.Q}$PEPTIDE1,PEPTIDE1,1:R1-7:R2$$$",-7.12533387
"PEPTIDE1{G.X1664.dH.Q.Q.Y.Q}$PEPTIDE1,PEPTIDE1,1:R1-7:R2$$$",-7.26755892
"PEPTIDE1{X786.X783.L.X529.dP.G.d(N->O)aIle}$PEPTIDE1,PEPTIDE1,1:R1-7:R2$$$",-6.89335485
"PEPTIDE1{G.Apm.F.Q.X1811.X6.X956}$PEPTIDE1,PEPTIDE1,1:R1-7:R2$$$",-8.08185507
"PEPTIDE1{G.L.X314.G.Q.X1457.X956}$PEPTIDE1,PEPTIDE1,1:R1-7:R2$$$",-6.87956217
"PEPTIDE1{G.(N->O)Tyr.Y.Y.dP.P.Q}$PEPTIDE1,PEPTIDE1,1:R1-7:R2$$$",-6.67444305
"PEPTIDE1{P.X2403.X1004.Y.X2432.X591.X612}$PEPTIDE1,PEPTIDE1,1:R1-7:R2$$$",-7.06254770
"PEPTIDE1{Q.F.X2432.X1777.X956.X1029.Y}$PEPTIDE1,PEPTIDE1,1:R1-7:R2$$$",-6.49836183
"PEPTIDE1{X255.Q.G.Mono19.X956.F.X945}$PEPTIDE1,PEPTIDE1,1:R1-7:R2$$$",-6.29419876
"PEPTIDE1{X786.X822.X1811.X2432.Y.F.Q}$PEPTIDE1,PEPTIDE1,1:R1-7:R2$$$",-7.85917954
"PEPTIDE1{X1206.(N->O)Val.Q.Y.P.F.G}$PEPTIDE1,PEPTIDE1,1:R1-7:R2$$$",-7.04111743
"PEPTIDE1{Q.P.Q.L.R.X956.G}$PEPTIDE1,PEPTIDE1,1:R1-7:R2$$$",-7.07782140
"PEPTIDE1{L.Mono19.X956.G.d(N->O)Gly(allyl).Pro(4-F2).P}$PEPTIDE1,PEPTIDE1,1:R1-7:R2$$$",-6.60587711
"PEPTIDE1{G.G.X261.P.X1395.X3011.G}$PEPTIDE1,PEPTIDE1,1:R1-7:R2$$$",-7.25195532
"PEPTIDE1{P.Y.X1004.F.X2432.P.X1918}$PEPTIDE1,PEPTIDE1,1:R1-7:R2$$$",-6.41182614
"PEPTIDE1{G.X5.G.G.Y.X2226.X1393}$PEPTIDE1,PEPTIDE1,1:R1-7:R2$$$",-7.23894996
"PEPTIDE1{Y.Q.Y.Q.X2432.F.Q}$PEPTIDE1,PEPTIDE1,1:R1-7:R2$$$",-7.19472145
"PEPTIDE1{G.X1788.G.G.X946.R.P}$PEPTIDE1,PEPTIDE1,1:R1-7:R2$$$",-6.93157257
"PEPTIDE1{X786.L.G.F.F.Y.X1971}$PEPTIDE1,PEPTIDE1,1:R1-7:R2$$$",-6.50909616
"PEPTIDE1{X1127.X188.P.P.dP.G.Y}$PEPTIDE1,PEPTIDE1,1:R1-7:R2$$$",-6.70581403
"PEPTIDE1{R.X683.X981.X946.G.A.P}$PEPTIDE1,PEPTIDE1,1:R1-7:R2$$$",-6.82711483
"PEPTIDE1{G.F.X1664.P.X591.X233.P}$PEPTIDE1,PEPTIDE1,1:R1-7:R2$$$",-6.64928057
"PEPTIDE1{X1004.X612.Q.Q.X2791.G.X612}$PEPTIDE1,PEPTIDE1,1:R1-7:R2$$$",-7.44730527
"PEPTIDE1{Y.X1661.G.dP.X2432.G.X1457}$PEPTIDE1,PEPTIDE1,1:R1-7:R2$$$",-6.50581248
"PEPTIDE1{R.Q.Q.X1811.F.Q.Y}$PEPTIDE1,PEPTIDE1,1:R1-7:R2$$$",-7.67956941
"PEPTIDE1{dHpr.Q.dNle.A.X1837.X2432.X2754}$PEPTIDE1,PEPTIDE1,1:R1-7:R2$$$",-6.75891273
"PEPTIDE1{X1813.X2432.X956.P.R.X179.Q}$PEPTIDE1,PEPTIDE1,1:R1-7:R2$$$",-7.19130250
"PEPTIDE1{Q.X136.P.Y.X1800.G.Y}$PEPTIDE1,PEPTIDE1,1:R1-7:R2$$$",-7.02548466
"PEPTIDE1{X1918.X2461.X631.Y.G.F.Y}$PEPTIDE1,PEPTIDE1,1:R1-7:R2$$$",-6.37840651
"PEPTIDE1{R.F.G.X946.R.Y.X1004}$PEPTIDE1,PEPTIDE1,1:R1-7:R2$$$",-7.18920651
"PEPTIDE1{A.Q.X2432.Trp(7-Br).Q.X569.X1941}$PEPTIDE1,PEPTIDE1,1:R1-7:R2$$$",-7.80316752
"PEPTIDE1{X930.P.X233.X2432.X1038.X2432.X1788}$PEPTIDE1,PEPTIDE1,1:R1-7:R2$$$",-6.30933410
"PEPTIDE1{X1004.X683.L.X1800.G.Y.(N->O)Tyr}$PEPTIDE1,PEPTIDE1,1:R1-7:R2$$$",-7.31532829
"PEPTIDE1{L.Q.R.G.X981.Q.X2793}$PEPTIDE1,PEPTIDE1,1:R1-7:R2$$$",-6.42737076
"PEPTIDE1{Cha.X1664.X490.(N->O)Val.F.Y.P}$PEPTIDE1,PEPTIDE1,1:R1-7:R2$$$",-6.50940358
"PEPTIDE1{L.Y.Q.X956.X2432.X2329.X1664}$PEPTIDE1,PEPTIDE1,1:R1-7:R2$$$",-7.08197215
"PEPTIDE1{X255.R.F.X3004.A.X2403.G}$PEPTIDE1,PEPTIDE1,1:R1-7:R2$$$",-6.97389666
"PEPTIDE1{X785.X612.X255.Y.X277.Q.G}$PEPTIDE1,PEPTIDE1,1:R1-7:R2$$$",-7.14257338
"PEPTIDE1{G.P.L.X946.F.R.X1457}$PEPTIDE1,PEPTIDE1,1:R1-7:R2$$$",-6.56699006
"PEPTIDE1{P.X2461.2-Pal.F.Y.F.Q}$PEPTIDE1,PEPTIDE1,1:R1-7:R2$$$",-6.35114697
"PEPTIDE1{X2432.X7.R.G.Y.R.X1457}$PEPTIDE1,PEPTIDE1,1:R1-7:R2$$$",-6.65035408
"PEPTIDE1{X591.R.L.dHpr.X2258.X11.Y}$PEPTIDE1,PEPTIDE1,1:R1-7:R2$$$",-6.80836250
"PEPTIDE1{X425.X2034.Y.Y.F.Aze.dS}$PEPTIDE1,PEPTIDE1,1:R1-7:R2$$$",-6.62296114
"PEPTIDE1{F.dPhe(2-F).Y.Q.X1004.P.Q}$PEPTIDE1,PEPTIDE1,1:R1-7:R2$$$",-7.37227907
"PEPTIDE1{G.Q.G.P.X1432.F.X233}$PEPTIDE1,PEPTIDE1,1:R1-7:R2$$$",-7.02927829
"PEPTIDE1{G.Y.X2432.X1798.G.X2391.dHpr}$PEPTIDE1,PEPTIDE1,1:R1-7:R2$$$",-6.60130582
"PEPTIDE1{P.R.L.dP.R.X425.P}$PEPTIDE1,PEPTIDE1,1:R1-7:R2$$$",-6.69743199
"PEPTIDE1{G.X2577.L.X2432.G.X255.Q}$PEPTIDE1,PEPTIDE1,1:R1-7:R2$$$",-6.54721563
"PEPTIDE1{Q.P.G.L.F.X2577.X261}$PEPTIDE1,PEPTIDE1,1:R1-7:R2$$$",-6.39579037
"PEPTIDE1{F.Q.X2432.G.G.lalloHyp.P}$PEPTIDE1,PEPTIDE1,1:R1-7:R2$$$",-6.92937681
"PEPTIDE1{Q.X2432.F.Q.F.L.P}$PEPTIDE1,PEPTIDE1,1:R1-7:R2$$$",-6.92463774
"PEPTIDE1{Q.X1989.G.Y.L.F.X916}$PEPTIDE1,PEPTIDE1,1:R1-7:R2$$$",-7.35618006
"PEPTIDE1{L.G.X1661.F.Q.X1829.X1004}$PEPTIDE1,PEPTIDE1,1:R1-7:R2$$$",-6.41922483
"PEPTIDE1{lalloHyp.L.G.am_G.Y.L.Y}$PEPTIDE1,PEPTIDE1,1:R1-7:R2$$$",-6.97042239
"PEPTIDE1{Y.G.A.X7.P.P.G}$PEPTIDE1,PEPTIDE1,1:R1-7:R2$$$",-7.00238555
"PEPTIDE1{X2328.dP.Q.Q.X631.Q.P}$PEPTIDE1,PEPTIDE1,1:R1-7:R2$$$",-6.95134714
"PEPTIDE1{dP.F.X1457.R.Y.Mono106.Y}$PEPTIDE1,PEPTIDE1,1:R1-7:R2$$$",-6.76503211
"PEPTIDE1{L.dHpr.X1707.X1989.Q.X204.G}$PEPTIDE1,PEPTIDE1,1:R1-7:R2$$$",-6.51360135
"PEPTIDE1{Q.R.X534.F.F.(N->O)Val.X1004}$PEPTIDE1,PEPTIDE1,1:R1-7:R2$$$",-8.26857334
"PEPTIDE1{X1895.Trp(7-Br).X946.F.X1457.A.X945}$PEPTIDE1,PEPTIDE1,1:R1-7:R2$$$",-6.96959364
"PEPTIDE1{X1004.G.X1788.F.X1457.G.G}$PEPTIDE1,PEPTIDE1,1:R1-7:R2$$$",-6.52214582
"PEPTIDE1{G.X3004.G.G.R.X305.G}$PEPTIDE1,PEPTIDE1,1:R1-7:R2$$$",-6.98819814
"PEPTIDE1{F.G.G.A.Mono66.Y.G}$PEPTIDE1,PEPTIDE1,1:R1-7:R2$$$",-7.05956292
"PEPTIDE1{Q.P.G.Y.G.X277.X179}$PEPTIDE1,PEPTIDE1,1:R1-7:R2$$$",-7.03334211
"PEPTIDE1{L.R.R.Y.X255.R.Y}$PEPTIDE1,PEPTIDE1,1:R1-7:R2$$$",-6.96047692
"PEPTIDE1{Y.X1661.R.P.X785.R.G}$PEPTIDE1,PEPTIDE1,1:R1-7:R2$$$",-6.97464767
"PEPTIDE1{L.X490.F.G.R.P.Q}$PEPTIDE1,PEPTIDE1,1:R1-7:R2$$$",-6.30266622
"PEPTIDE1{L.(N->O)Tyr.R.X1777.L.G.Y}$PEPTIDE1,PEPTIDE1,1:R1-7:R2$$$",-6.76647189
"PEPTIDE1{G.X1350.L.X2432.X981.X233.d(N->O)aIle}$PEPTIDE1,PEPTIDE1,1:R1-7:R2$$$",-6.26911913
"PEPTIDE1{P.X956.G.dHpr.F.X2432.Mono50}$PEPTIDE1,PEPTIDE1,1:R1-7:R2$$$",-6.68627695
"PEPTIDE1{R.F.R.Y.X1777.Y.X956}$PEPTIDE1,PEPTIDE1,1:R1-7:R2$$$",-7.16125768
"PEPTIDE1{Me_dW.R.X2719.X1410.P.Q.Q}$PEPTIDE1,PEPTIDE1,1:R1-7:R2$$$",-7.78209348
"PEPTIDE1{Q.Y.A.P.X1788.G.Q}$PEPTIDE1,PEPTIDE1,1:R1-7:R2$$$",-6.94602500
"PEPTIDE1{X946.Y.X1058.L.G.Q.X2113}$PEPTIDE1,PEPTIDE1,1:R1-7:R2$$$",-7.05482811
"PEPTIDE1{Q.X490.G.R.F.G.X1004}$PEPTIDE1,PEPTIDE1,1:R1-7:R2$$$",-6.59186385
"PEPTIDE1{Y.Q.X2432.L.Mono19.G.Y}$PEPTIDE1,PEPTIDE1,1:R1-7:R2$$$",-7.37620815
"PEPTIDE1{R.X631.F.X305.L.Q.A}$PEPTIDE1,PEPTIDE1,1:R1-7:R2$$$",-6.57799856
"PEPTIDE1{L.Y.X2432.F.X786.G.Q}$PEPTIDE1,PEPTIDE1,1:R1-7:R2$$$",-6.86611381
"PEPTIDE1{L.Y.R.X946.X1918.L.Q}$PEPTIDE1,PEPTIDE1,1:R1-7:R2$$$",-6.67865504
"PEPTIDE1{X1004.P.F.R.meW.A.G}$PEPTIDE1,PEPTIDE1,1:R1-7:R2$$$",-7.40236188
"PEPTIDE1{G.P.P.L.dHpr.Y.Y}$PEPTIDE1,PEPTIDE1,1:R1-7:R2$$$",-6.36420871
"PEPTIDE1{G.G.meL.Y.Y.d(N->O)Gly(allyl).X261}$PEPTIDE1,PEPTIDE1,1:R1-7:R2$$$",-7.01224833
"PEPTIDE1{Y.X2432.Q.X946.X2465.Y.X3004}$PEPTIDE1,PEPTIDE1,1:R1-7:R2$$$",-7.29717185
"PEPTIDE1{X1038.Y.P.X233.X612.X2328.G}$PEPTIDE1,PEPTIDE1,1:R1-7:R2$$$",-7.57070143
"PEPTIDE1{P.Q.X1918.P.Q.P.Q}$PEPTIDE1,PEPTIDE1,1:R1-7:R2$$$",-6.89284698
"PEPTIDE1{X232.F.Q.R.F.Y.G}$PEPTIDE1,PEPTIDE1,1:R1-7:R2$$$",-6.91778851
"PEPTIDE1{G.G.Q.Q.P.Q.P}$PEPTIDE1,PEPTIDE1,1:R1-7:R2$$$",-7.35005167
"PEPTIDE1{X2328.X1743.X798.R.X6.X232.A}$PEPTIDE1,PEPTIDE1,1:R1-7:R2$$$",-7.36225530
"PEPTIDE1{F.P.X785.G.G.F.Y}$PEPTIDE1,PEPTIDE1,1:R1-7:R2$$$",-7.30089072
"PEPTIDE1{R.P.Q.X1119.X1457.X7.X1004}$PEPTIDE1,PEPTIDE1,1:R1-7:R2$$$",-7.01511605
"PEPTIDE1{Q.Aze.R.X425.Y.X1770.X956}$PEPTIDE1,PEPTIDE1,1:R1-7:R2$$$",-6.82723311
"PEPTIDE1{G.X956.X2432.R.Q.P.P}$PEPTIDE1,PEPTIDE1,1:R1-7:R2$$$",-6.75814744
"PEPTIDE1{L.F.X1463.X375.G.Y.X305}$PEPTIDE1,PEPTIDE1,1:R1-7:R2$$$",-6.51377741
"PEPTIDE1{G.Q.G.L.X591.X824.X956}$PEPTIDE1,PEPTIDE1,1:R1-7:R2$$$",-7.05255445
"PEPTIDE1{G.X956.X2754.X591.Y.L.X1813}$PEPTIDE1,PEPTIDE1,1:R1-7:R2$$$",-7.22317488
"PEPTIDE1{dP.Mono30.X1693.F.G.F.X3004}$PEPTIDE1,PEPTIDE1,1:R1-7:R2$$$",-7.24572872
"PEPTIDE1{Y.F.P.Q.Q.G.X786}$PEPTIDE1,PEPTIDE1,1:R1-7:R2$$$",-6.96450185
"PEPTIDE1{G.X1457.X1989.X1010.L.Q.X591}$PEPTIDE1,PEPTIDE1,1:R1-7:R2$$$",-6.81281012
"PEPTIDE1{R.dHpr.Q.X1004.X956.P.X49}$PEPTIDE1,PEPTIDE1,1:R1-7:R2$$$",-6.68041160
"PEPTIDE1{F.X1206.Q.G.R.A.G}$PEPTIDE1,PEPTIDE1,1:R1-7:R2$$$",-7.40991500
"PEPTIDE1{X232.X946.X2225.L.Q.P.X1921}$PEPTIDE1,PEPTIDE1,1:R1-7:R2$$$",-6.83141789
"PEPTIDE1{Q.X2791.dD.L.X1956.dHpr.Y}$PEPTIDE1,PEPTIDE1,1:R1-7:R2$$$",-6.67948139
"PEPTIDE1{L.X233.X490.G.X1004.Q.X946}$PEPTIDE1,PEPTIDE1,1:R1-7:R2$$$",-6.54799092
"PEPTIDE1{X1811.P.G.F.L.X1918.Y}$PEPTIDE1,PEPTIDE1,1:R1-7:R2$$$",-6.21608443
"PEPTIDE1{X1918.R.A.G.dHpr.P.X946}$PEPTIDE1,PEPTIDE1,1:R1-7:R2$$$",-6.75211620
"PEPTIDE1{Y.d(N->O)aIle.G.G.F.X204.G}$PEPTIDE1,PEPTIDE1,1:R1-7:R2$$$",-7.04760992
"PEPTIDE1{X2432.G.G.X1956.G.L.A}$PEPTIDE1,PEPTIDE1,1:R1-7:R2$$$",-6.74281951
"PEPTIDE1{P.Q.Y.X956.X6.X49.P}$PEPTIDE1,PEPTIDE1,1:R1-7:R2$$$",-6.63074316
"PEPTIDE1{X1588.R.G.F.G.Y.X305}$PEPTIDE1,PEPTIDE1,1:R1-7:R2$$$",-6.67135154
"PEPTIDE1{A.X683.X302.Q.X786.X2791.X1004}$PEPTIDE1,PEPTIDE1,1:R1-7:R2$$$",-7.53215647
"PEPTIDE1{G.dP.A.dP.X11.X822.Y}$PEPTIDE1,PEPTIDE1,1:R1-7:R2$$$",-7.00254636
"PEPTIDE1{X1004.dP.X1874.X49.Q.Q.X233}$PEPTIDE1,PEPTIDE1,1:R1-7:R2$$$",-7.93457824
"PEPTIDE1{Q.P.Aze.P.R.L.X1788}$PEPTIDE1,PEPTIDE1,1:R1-7:R2$$$",-6.55526603
"PEPTIDE1{X1004.R.G.X255.X375.R.dHpr}$PEPTIDE1,PEPTIDE1,1:R1-7:R2$$$",-6.63568141
"PEPTIDE1{G.P.Y.L.F.X1895.lalloHyp}$PEPTIDE1,PEPTIDE1,1:R1-7:R2$$$",-7.35296678
"PEPTIDE1{Y.Trp(7-Br).X1004.F.X2432.X1457.Q}$PEPTIDE1,PEPTIDE1,1:R1-7:R2$$$",-6.36998461
"PEPTIDE1{dS.G.R.Q.X490.L.Q}$PEPTIDE1,PEPTIDE1,1:R1-7:R2$$$",-6.56895214
"PEPTIDE1{X2577.G.X490.X233.L.Q.Y}$PEPTIDE1,PEPTIDE1,1:R1-7:R2$$$",-6.15721079
"PEPTIDE1{F.R.R.X1588.X49.G.X1350}$PEPTIDE1,PEPTIDE1,1:R1-7:R2$$$",-7.15937117
"PEPTIDE1{G.Q.G.Q.P.X2113.Q}$PEPTIDE1,PEPTIDE1,1:R1-7:R2$$$",-7.13089526
"PEPTIDE1{X315.G.Q.P.P.X1393.G}$PEPTIDE1,PEPTIDE1,1:R1-7:R2$$$",-6.90159565
"PEPTIDE1{L.R.P.G.X1038.dS.Q}$PEPTIDE1,PEPTIDE1,1:R1-7:R2$$$",-7.19739285
"PEPTIDE1{P.Mono107.X870.G.X7.Mono19.X786}$PEPTIDE1,PEPTIDE1,1:R1-7:R2$$$",-7.23871732
"PEPTIDE1{Cha.X255.F.Y.F.F.X1664}$PEPTIDE1,PEPTIDE1,1:R1-7:R2$$$",-6.36514470
"PEPTIDE1{X786.P.Y.Aze.G.X2432.X1918}$PEPTIDE1,PEPTIDE1,1:R1-7:R2$$$",-6.68193767
"PEPTIDE1{Q.X391.X2203.X1004.G.X2432.G}$PEPTIDE1,PEPTIDE1,1:R1-7:R2$$$",-7.22978936
"PEPTIDE1{Cha.G.Q.X956.Q.G.Y}$PEPTIDE1,PEPTIDE1,1:R1-7:R2$$$",-6.63925935
"PEPTIDE1{G.X1829.X2461.X946.X2391.P.G}$PEPTIDE1,PEPTIDE1,1:R1-7:R2$$$",-6.52736602
"PEPTIDE1{Y.Q.G.A.X2432.F.X1004}$PEPTIDE1,PEPTIDE1,1:R1-7:R2$$$",-7.32748895
"PEPTIDE1{Q.P.L.X1562.P.X2432.G}$PEPTIDE1,PEPTIDE1,1:R1-7:R2$$$",-6.58032441
"PEPTIDE1{Y.Q.L.Q.F.L.(N->O)Val}$PEPTIDE1,PEPTIDE1,1:R1-7:R2$$$",-6.95348386
"PEPTIDE1{X490.X822.Y.P.X255.X1004.X1004}$PEPTIDE1,PEPTIDE1,1:R1-7:R2$$$",-6.42079516
"PEPTIDE1{X534.Y.Y.F.R.X2432.dHpr}$PEPTIDE1,PEPTIDE1,1:R1-7:R2$$$",-6.49969281
"PEPTIDE1{G.(N->O)Val.X946.X1206.Y.F.P}$PEPTIDE1,PEPTIDE1,1:R1-7:R2$$$",-6.94399370
"PEPTIDE1{R.P.X946.Q.G.L.P}$PEPTIDE1,PEPTIDE1,1:R1-7:R2$$$",-6.67339855
"PEPTIDE1{X2432.X619.G.R.P.P.P}$PEPTIDE1,PEPTIDE1,1:R1-7:R2$$$",-6.53957936
"PEPTIDE1{Q.X2574.Aze.X1800.G.G.Q}$PEPTIDE1,PEPTIDE1,1:R1-7:R2$$$",-6.53755145
"PEPTIDE1{P.Mono31.R.L.X956.R.Q}$PEPTIDE1,PEPTIDE1,1:R1-7:R2$$$",-7.04362464
"PEPTIDE1{G.X569.L.P.F.X1895.X2671}$PEPTIDE1,PEPTIDE1,1:R1-7:R2$$$",-7.32877786
"PEPTIDE1{G.Q.X187.X1294.X786.G.X956}$PEPTIDE1,PEPTIDE1,1:R1-7:R2$$$",-7.11670163
"PEPTIDE1{G.X2432.R.X2461.P.P.Mono50}$PEPTIDE1,PEPTIDE1,1:R1-7:R2$$$",-6.98941903
"PEPTIDE1{P.L.Y.R.X2258.A.lalloHyp}$PEPTIDE1,PEPTIDE1,1:R1-7:R2$$$",-6.75025658
"PEPTIDE1{X490.P.F.Q.P.Q.X2577}$PEPTIDE1,PEPTIDE1,1:R1-7:R2$$$",-6.39954227
"PEPTIDE1{G.X1811.G.F.Q.X683.G}$PEPTIDE1,PEPTIDE1,1:R1-7:R2$$$",-7.28724985
"PEPTIDE1{Q.G.X1432.G.G.F.Y}$PEPTIDE1,PEPTIDE1,1:R1-7:R2$$$",-7.42216267
"PEPTIDE1{F.Mono30.X1918.G.meQ.Q.Y}$PEPTIDE1,PEPTIDE1,1:R1-7:R2$$$",-6.79869885
"PEPTIDE1{R.X1811.G.P.dHpr.X113.G}$PEPTIDE1,PEPTIDE1,1:R1-7:R2$$$",-7.81909203
"PEPTIDE1{X1811.Y.Q.F.X591.G.A}$PEPTIDE1,PEPTIDE1,1:R1-7:R2$$$",-7.84856502
"PEPTIDE1{L.G.Y.X1393.X956.X683.X1661}$PEPTIDE1,PEPTIDE1,1:R1-7:R2$$$",-6.68918206
"PEPTIDE1{Y.X2432.X2461.X880.X2830.X232.X2328}$PEPTIDE1,PEPTIDE1,1:R1-7:R2$$$",-7.10976172
"PEPTIDE1{X1811.X1249.R.X126.G.F.X2669}$PEPTIDE1,PEPTIDE1,1:R1-7:R2$$$",-7.55387101
"PEPTIDE1{X1918.G.G.X1798.G.X930.Phe(CHF2)}$PEPTIDE1,PEPTIDE1,1:R1-7:R2$$$",-6.83606465
"PEPTIDE1{X1664.L.L.X7.Q.X822.P}$PEPTIDE1,PEPTIDE1,1:R1-7:R2$$$",-6.88293192
"PEPTIDE1{R.G.Q.G.R.L.Q}$PEPTIDE1,PEPTIDE1,1:R1-7:R2$$$",-7.24981422
"PEPTIDE1{P.X1127.X683.X2007.A.X591.P}$PEPTIDE1,PEPTIDE1,1:R1-7:R2$$$",-6.40533477
"PEPTIDE1{G.Y.G.G.L.X1004.P}$PEPTIDE1,PEPTIDE1,1:R1-7:R2$$$",-7.02214381
"PEPTIDE1{dHpr.X946.G.Q.G.P.G}$PEPTIDE1,PEPTIDE1,1:R1-7:R2$$$",-6.78789484
"PEPTIDE1{X1410.dHpr.P.F.Q.F.G}$PEPTIDE1,PEPTIDE1,1:R1-7:R2$$$",-6.82090988
"PEPTIDE1{R.X2328.G.X2432.Q.X1410.Y}$PEPTIDE1,PEPTIDE1,1:R1-7:R2$$$",-7.56646471
"PEPTIDE1{X1664.G.X946.G.P.X2258.X1788}$PEPTIDE1,PEPTIDE1,1:R1-7:R2$$$",-6.78352492
"PEPTIDE1{F.F.X1010.Y.X786.Q.X1895}$PEPTIDE1,PEPTIDE1,1:R1-7:R2$$$",-7.03803002
"PEPTIDE1{Y.X1004.F.X1811.lalloHyp.X670.X1004}$PEPTIDE1,PEPTIDE1,1:R1-7:R2$$$",-6.14558509
"PEPTIDE1{R.X2442.Q.X375.X631.X46.X956}$PEPTIDE1,PEPTIDE1,1:R1-7:R2$$$",-7.66504964
"PEPTIDE1{Y.G.R.G.G.R.G}$PEPTIDE1,PEPTIDE1,1:R1-7:R2$$$",-7.13667656
"PEPTIDE1{Q.dPhe(3-CN).Y.P.G.G.P}$PEPTIDE1,PEPTIDE1,1:R1-7:R2$$$",-6.94244578
"PEPTIDE1{Q.G.G.L.R.(N->O)Val.X786}$PEPTIDE1,PEPTIDE1,1:R1-7:R2$$$",-7.00355497
"PEPTIDE1{P.X314.P.X2329.dHpr.Y.G}$PEPTIDE1,PEPTIDE1,1:R1-7:R2$$$",-6.90665609
"PEPTIDE1{Q.Y.X1918.Cit.X2364.X2432.G}$PEPTIDE1,PEPTIDE1,1:R1-7:R2$$$",-6.55984217
"PEPTIDE1{X1004.X1457.X916.X2258.X375.P.X1707}$PEPTIDE1,PEPTIDE1,1:R1-7:R2$$$",-6.92343540
"PEPTIDE1{F.R.L.Y.P.P.dHpr}$PEPTIDE1,PEPTIDE1,1:R1-7:R2$$$",-6.32452973
"PEPTIDE1{Y.X1004.L.Q.Y.Q.Phe(CHF2)}$PEPTIDE1,PEPTIDE1,1:R1-7:R2$$$",-7.10006257
"PEPTIDE1{Y.F.Y.X2432.X2793.dHpr.Q}$PEPTIDE1,PEPTIDE1,1:R1-7:R2$$$",-6.62071298
"PEPTIDE1{G.Y.P.Q.X786.L.P}$PEPTIDE1,PEPTIDE1,1:R1-7:R2$$$",-7.17049188
"PEPTIDE1{X1811.X175.X1038.X2432.L.P.P}$PEPTIDE1,PEPTIDE1,1:R1-7:R2$$$",-8.22672407
"PEPTIDE1{X425.X2745.Q.Y.A.X232.X1777}$PEPTIDE1,PEPTIDE1,1:R1-7:R2$$$",-6.92306279
"PEPTIDE1{F.Q.X233.X504.X233.X1802.Y}$PEPTIDE1,PEPTIDE1,1:R1-7:R2$$$",-7.18457981
"PEPTIDE1{dPhe(2-F).X1004.P.X2403.P.X880.Y}$PEPTIDE1,PEPTIDE1,1:R1-7:R2$$$",-7.12304373
"PEPTIDE1{P.L.L.X2432.Y.Y.G}$PEPTIDE1,PEPTIDE1,1:R1-7:R2$$$",-6.82945714
"PEPTIDE1{G.F.P.R.X314.Y.X956}$PEPTIDE1,PEPTIDE1,1:R1-7:R2$$$",-7.21756214
"PEPTIDE1{G.P.Q.F.R.G.P}$PEPTIDE1,PEPTIDE1,1:R1-7:R2$$$",-7.33236144
"PEPTIDE1{P.P.F.X956.dP.X1699.Y}$PEPTIDE1,PEPTIDE1,1:R1-7:R2$$$",-6.42323316
"PEPTIDE1{G.X1798.X7.Mono51.Y.X2662.G}$PEPTIDE1,PEPTIDE1,1:R1-7:R2$$$",-6.98046460
"PEPTIDE1{A.Cha.X3011.Y.am_G.X265.X809}$PEPTIDE1,PEPTIDE1,1:R1-7:R2$$$",-6.58441017
"PEPTIDE1{dHpr.X11.G.G.L.G.Q}$PEPTIDE1,PEPTIDE1,1:R1-7:R2$$$",-6.86644406
"PEPTIDE1{P.Q.G.P.X946.dD.X6}$PEPTIDE1,PEPTIDE1,1:R1-7:R2$$$",-7.19116394
"PEPTIDE1{R.P.X1206.Q.Y.(N->O)Val.G}$PEPTIDE1,PEPTIDE1,1:R1-7:R2$$$",-7.20548872
"PEPTIDE1{G.F.Q.L.G.X1811.P}$PEPTIDE1,PEPTIDE1,1:R1-7:R2$$$",-7.87091346
"PEPTIDE1{L.F.Q.X113.Y.R.X7}$PEPTIDE1,PEPTIDE1,1:R1-7:R2$$$",-6.99852530
"PEPTIDE1{F.X305.Y.X822.X179.X315.Y}$PEPTIDE1,PEPTIDE1,1:R1-7:R2$$$",-6.62256569
"PEPTIDE1{R.X2432.P.G.G.R.A}$PEPTIDE1,PEPTIDE1,1:R1-7:R2$$$",-7.38151345
"PEPTIDE1{G.Y.G.X1834.X2432.P.P}$PEPTIDE1,PEPTIDE1,1:R1-7:R2$$$",-6.70886118
"PEPTIDE1{P.X1350.P.G.X255.F.G}$PEPTIDE1,PEPTIDE1,1:R1-7:R2$$$",-7.28430127
"PEPTIDE1{Q.X905.Aze.Y.Mono16.Y.Cit}$PEPTIDE1,PEPTIDE1,1:R1-7:R2$$$",-6.86014729
"PEPTIDE1{R.X956.X573.X299.X2258.G.(N->O)Val}$PEPTIDE1,PEPTIDE1,1:R1-7:R2$$$",-6.56716750
"PEPTIDE1{meQ.Mono50.F.X233.L.X2432.Q}$PEPTIDE1,PEPTIDE1,1:R1-7:R2$$$",-6.69923625
"PEPTIDE1{X2391.R.G.R.X2432.X233.P}$PEPTIDE1,PEPTIDE1,1:R1-7:R2$$$",-6.95963497
"PEPTIDE1{P.F.Q.X255.Q.F.Mono107}$PEPTIDE1,PEPTIDE1,1:R1-7:R2$$$",-6.92882401
"PEPTIDE1{X2403.L.X1004.R.L.G.G}$PEPTIDE1,PEPTIDE1,1:R1-7:R2$$$",-7.42717637
"PEPTIDE1{Y.Q.dA.X490.G.L.(N->O)Val}$PEPTIDE1,PEPTIDE1,1:R1-7:R2$$$",-6.43828799
"PEPTIDE1{X490.Q.X2745.Y.F.L.X1664}$PEPTIDE1,PEPTIDE1,1:R1-7:R2$$$",-6.48183620
"PEPTIDE1{Y.X113.G.P.L.A.Q}$PEPTIDE1,PEPTIDE1,1:R1-7:R2$$$",-7.14713638
"PEPTIDE1{X204.X1212.X2113.X1395.X1004.R.G}$PEPTIDE1,PEPTIDE1,1:R1-7:R2$$$",-7.47168740
"PEPTIDE1{X7.G.X822.R.Mono19.X591.X1432}$PEPTIDE1,PEPTIDE1,1:R1-7:R2$$$",-7.62127180
"PEPTIDE1{F.A.P.(N->O)Val.Phe(CHF2).X204.P}$PEPTIDE1,PEPTIDE1,1:R1-7:R2$$$",-6.81226240
"PEPTIDE1{X537.Y.G.X1661.Q.L.X612}$PEPTIDE1,PEPTIDE1,1:R1-7:R2$$$",-6.73030606
"PEPTIDE1{F.X2432.X1457.L.X1004.F.G}$PEPTIDE1,PEPTIDE1,1:R1-7:R2$$$",-6.06714437
"PEPTIDE1{X1702.Q.Y.X490.X2432.X2432.X956}$PEPTIDE1,PEPTIDE1,1:R1-7:R2$$$",-6.45930590
"PEPTIDE1{G.X916.L.X2432.G.Y.Q}$PEPTIDE1,PEPTIDE1,1:R1-7:R2$$$",-7.18980509
"PEPTIDE1{X1961.L.Mono19.X1004.Y.Q.Y}$PEPTIDE1,PEPTIDE1,1:R1-7:R2$$$",-7.23166844
"PEPTIDE1{X1811.G.P.X2285.X305.X2328.X1811}$PEPTIDE1,PEPTIDE1,1:R1-7:R2$$$",-6.44758265
"PEPTIDE1{R.X981.G.P.X1811.dP.Y}$PEPTIDE1,PEPTIDE1,1:R1-7:R2$$$",-7.91868476
"PEPTIDE1{X2132.X786.X1393.X591.X2432.R.G}$PEPTIDE1,PEPTIDE1,1:R1-7:R2$$$",-7.49682331
"PEPTIDE1{R.F.X1895.X981.Q.Q.Y}$PEPTIDE1,PEPTIDE1,1:R1-7:R2$$$",-6.91960572
"PEPTIDE1{Q.P.X11.X2432.Mono19.G.X1004}$PEPTIDE1,PEPTIDE1,1:R1-7:R2$$$",-7.22269902
"PEPTIDE1{Q.X315.G.X2793.X1918.X1010.d(N->O)Gly(allyl)}$PEPTIDE1,PEPTIDE1,1:R1-7:R2$$$",-6.53945492
"PEPTIDE1{X1813.Aze.F.P.P.R.X956}$PEPTIDE1,PEPTIDE1,1:R1-7:R2$$$",-6.72203433
"PEPTIDE1{P.X2719.G.G.X2749.L.X878}$PEPTIDE1,PEPTIDE1,1:R1-7:R2$$$",-6.80732927
"PEPTIDE1{L.X1802.X2432.Q.X1004.Q.X314}$PEPTIDE1,PEPTIDE1,1:R1-7:R2$$$",-7.31665278
"PEPTIDE1{R.X375.X577.Y.X1004.X2577.dS}$PEPTIDE1,PEPTIDE1,1:R1-7:R2$$$",-7.31688141
"PEPTIDE1{F.X2328.Q.X956.Q.R.X2285}$PEPTIDE1,PEPTIDE1,1:R1-7:R2$$$",-7.32494410
"PEPTIDE1{F.X1437.R.X956.X1664.G.Y}$PEPTIDE1,PEPTIDE1,1:R1-7:R2$$$",-7.19590674
"PEPTIDE1{X2432.Q.G.X2432.Y.P.X7}$PEPTIDE1,PEPTIDE1,1:R1-7:R2$$$",-7.18412518
"PEPTIDE1{X1029.L.X1992.F.X1956.G.X2328}$PEPTIDE1,PEPTIDE1,1:R1-7:R2$$$",-6.49179327
"PEPTIDE1{Q.P.P.Q.X946.X1811.P}$PEPTIDE1,PEPTIDE1,1:R1-7:R2$$$",-7.04257154
"PEPTIDE1{F.X2432.L.R.G.X3004.G}$PEPTIDE1,PEPTIDE1,1:R1-7:R2$$$",-6.91647851
"PEPTIDE1{P.F.F.Q.F.X305.G}$PEPTIDE1,PEPTIDE1,1:R1-7:R2$$$",-6.92908053
"PEPTIDE1{dN.G.X683.G.X2577.P.X179}$PEPTIDE1,PEPTIDE1,1:R1-7:R2$$$",-6.64078645
"PEPTIDE1{L.R.dHpr.P.G.Q.X314}$PEPTIDE1,PEPTIDE1,1:R1-7:R2$$$",-6.62316189
"PEPTIDE1{Y.X232.G.A.P.F.Y}$PEPTIDE1,PEPTIDE1,1:R1-7:R2$$$",-6.64270263
"PEPTIDE1{P.X1004.X2432.X305.X201.X1664.X2285}$PEPTIDE1,PEPTIDE1,1:R1-7:R2$$$",-6.92397457
"PEPTIDE1{Q.X878.X1811.Y.Mono19.X1004.G}$PEPTIDE1,PEPTIDE1,1:R1-7:R2$$$",-8.29414231
"PEPTIDE1{R.Q.X425.Y.X1956.X905.dHpr}$PEPTIDE1,PEPTIDE1,1:R1-7:R2$$$",-7.01297524
"PEPTIDE1{P.d(N->O)Gly(allyl).X946.G.Q.G.meL}$PEPTIDE1,PEPTIDE1,1:R1-7:R2$$$",-6.77092027
"PEPTIDE1{Y.P.Y.X786.HOCOCH2_Bal.Q.G}$PEPTIDE1,PEPTIDE1,1:R1-7:R2$$$",-7.47467839
"PEPTIDE1{P.(N->O)Val.X601.R.F.X2359.G}$PEPTIDE1,PEPTIDE1,1:R1-7:R2$$$",-6.94267098
"PEPTIDE1{X612.G.R.X314.P.R.G}$PEPTIDE1,PEPTIDE1,1:R1-7:R2$$$",-7.24783363
"PEPTIDE1{R.F.Q.G.P.Y.A}$PEPTIDE1,PEPTIDE1,1:R1-7:R2$$$",-7.17921286
"PEPTIDE1{Y.G.(N->O)Tyr.dP.X2465.L.G}$PEPTIDE1,PEPTIDE1,1:R1-7:R2$$$",-7.24302601
"PEPTIDE1{G.Q.Q.X612.Y.P.X3004}$PEPTIDE1,PEPTIDE1,1:R1-7:R2$$$",-7.00176514
"PEPTIDE1{G.F.Q.X612.X956.G.X3004}$PEPTIDE1,PEPTIDE1,1:R1-7:R2$$$",-7.05345820
"PEPTIDE1{X7.G.L.L.G.X305.dHpr}$PEPTIDE1,PEPTIDE1,1:R1-7:R2$$$",-6.37750021
"PEPTIDE1{G.F.X2843.X1395.Y.X2754.A}$PEPTIDE1,PEPTIDE1,1:R1-7:R2$$$",-7.45480571
"PEPTIDE1{dHpr.G.G.Q.F.dP.X1693}$PEPTIDE1,PEPTIDE1,1:R1-7:R2$$$",-6.63949624
"PEPTIDE1{X2432.G.Q.Y.Q.F.X1004}$PEPTIDE1,PEPTIDE1,1:R1-7:R2$$$",-6.91210000
"PEPTIDE1{P.Q.Q.Q.F.X46.G}$PEPTIDE1,PEPTIDE1,1:R1-7:R2$$$",-7.00295760
"PEPTIDE1{X1913.X1004.Q.Y.L.G.X1802}$PEPTIDE1,PEPTIDE1,1:R1-7:R2$$$",-6.80320496
"PEPTIDE1{G.F.X2432.Y.X822.X683.Q}$PEPTIDE1,PEPTIDE1,1:R1-7:R2$$$",-7.68979713
"PEPTIDE1{A.X783.R.X2669.P.P.Y}$PEPTIDE1,PEPTIDE1,1:R1-7:R2$$$",-6.98614029
"PEPTIDE1{G.X11.X1664.R.Q.L.Q}$PEPTIDE1,PEPTIDE1,1:R1-7:R2$$$",-6.99776403
"PEPTIDE1{P.Y.L.X1393.F.X204.X3004}$PEPTIDE1,PEPTIDE1,1:R1-7:R2$$$",-6.93266530
"PEPTIDE1{P.X2432.P.G.X2432.X956.X305}$PEPTIDE1,PEPTIDE1,1:R1-7:R2$$$",-6.56501368
"PEPTIDE1{R.X1393.am_G.X3004.Q.X2258.P}$PEPTIDE1,PEPTIDE1,1:R1-7:R2$$$",-7.51049494
"PEPTIDE1{F.Q.dP.X375.Q.G.Q}$PEPTIDE1,PEPTIDE1,1:R1-7:R2$$$",-6.89769276
"PEPTIDE1{X1788.Q.Q.G.Mono19.Q.Q}$PEPTIDE1,PEPTIDE1,1:R1-7:R2$$$",-6.94648435
"PEPTIDE1{Q.X1004.X1798.G.R.G.X1664}$PEPTIDE1,PEPTIDE1,1:R1-7:R2$$$",-7.57056892
"PEPTIDE1{P.Q.F.P.R.P.P}$PEPTIDE1,PEPTIDE1,1:R1-7:R2$$$",-6.47801452
"PEPTIDE1{X1811.X232.dP.X956.G.Mono51.X1410}$PEPTIDE1,PEPTIDE1,1:R1-7:R2$$$",-9.03854231
"PEPTIDE1{L.X1788.L.X956.L.Y.G}$PEPTIDE1,PEPTIDE1,1:R1-7:R2$$$",-6.46868297
"PEPTIDE1{P.X946.X1956.X2432.Y.Y.G}$PEPTIDE1,PEPTIDE1,1:R1-7:R2$$$",-6.97412501
"PEPTIDE1{G.X2461.Y.dSer(Bzl).X425.G.G}$PEPTIDE1,PEPTIDE1,1:R1-7:R2$$$",-6.55829154
"PEPTIDE1{X49.X591.X581.X1788.G.Q.P}$PEPTIDE1,PEPTIDE1,1:R1-7:R2$$$",-6.62386253
"PEPTIDE1{X232.Y.X880.dD.Q.L.X1664}$PEPTIDE1,PEPTIDE1,1:R1-7:R2$$$",-6.93081986
"PEPTIDE1{G.R.G.X2577.Q.P.G}$PEPTIDE1,PEPTIDE1,1:R1-7:R2$$$",-7.31575881
"PEPTIDE1{X1811.Q.Mono106.G.Y.dP.G}$PEPTIDE1,PEPTIDE1,1:R1-7:R2$$$",-7.76619155
"PEPTIDE1{L.R.(N->O)Val.G.X305.P.Y}$PEPTIDE1,PEPTIDE1,1:R1-7:R2$$$",-6.59513393
"PEPTIDE1{dHpr.X233.X652.Q.X3004.F.X2577}$PEPTIDE1,PEPTIDE1,1:R1-7:R2$$$",-6.24435194
"PEPTIDE1{X204.G.F.Y.F.Q.X1913}$PEPTIDE1,PEPTIDE1,1:R1-7:R2$$$",-6.81252022
"PEPTIDE1{X101.P.dR.Q.G.X3004.P}$PEPTIDE1,PEPTIDE1,1:R1-7:R2$$$",-6.79845226
"PEPTIDE1{X3004.X1661.X956.X299.R.L.Y}$PEPTIDE1,PEPTIDE1,1:R1-7:R2$$$",-6.55244437
"PEPTIDE1{F.Y.Y.X232.Aze.X204.G}$PEPTIDE1,PEPTIDE1,1:R1-7:R2$$$",-6.69824456
"PEPTIDE1{Q.Q.X1035.X7.R.G.X2329}$PEPTIDE1,PEPTIDE1,1:R1-7:R2$$$",-6.97518702
"PEPTIDE1{R.Mono107.R.Mono107.G.G.X1941}$PEPTIDE1,PEPTIDE1,1:R1-7:R2$$$",-7.20403621
"PEPTIDE1{Y.X1777.X1811.Q.F.P.G}$PEPTIDE1,PEPTIDE1,1:R1-7:R2$$$",-7.76249676
"PEPTIDE1{dP.X2432.G.X783.homoPhe_4CF3_3Cl.X1393.X2501}$PEPTIDE1,PEPTIDE1,1:R1-7:R2$$$",-7.56483686
"PEPTIDE1{X2258.Y.X490.X1811.X683.X702.X1664}$PEPTIDE1,PEPTIDE1,1:R1-7:R2$$$",-6.92838419
"PEPTIDE1{X1540.F.X6.X946.F.X1294.G}$PEPTIDE1,PEPTIDE1,1:R1-7:R2$$$",-6.91847618
"PEPTIDE1{Q.X1918.X1206.P.X956.X1769.Q}$PEPTIDE1,PEPTIDE1,1:R1-7:R2$$$",-6.81168149
"PEPTIDE1{X591.X2577.Cha.P.Y.Y.G}$PEPTIDE1,PEPTIDE1,1:R1-7:R2$$$",-6.49746930
"PEPTIDE1{P.Q.P.X1693.G.Mono107.P}$PEPTIDE1,PEPTIDE1,1:R1-7:R2$$$",-6.44029967
"PEPTIDE1{X1918.F.Phe(CHF2).Hpr.Q.X523.Aze}$PEPTIDE1,PEPTIDE1,1:R1-7:R2$$$",-6.14071574
"PEPTIDE1{P.X425.F.L.P.Q.P}$PEPTIDE1,PEPTIDE1,1:R1-7:R2$$$",-6.35610430
"PEPTIDE1{Y.X569.P.X956.Q.P.Y}$PEPTIDE1,PEPTIDE1,1:R1-7:R2$$$",-6.91838617
"PEPTIDE1{Y.L.R.R.G.Mono19.homoPhe_4CF3_3Cl}$PEPTIDE1,PEPTIDE1,1:R1-7:R2$$$",-7.12507181
"PEPTIDE1{F.X2461.meH.R.P.Y.Y}$PEPTIDE1,PEPTIDE1,1:R1-7:R2$$$",-6.42867794
"PEPTIDE1{X277.F.X1811.X573.X3011.G.X2258}$PEPTIDE1,PEPTIDE1,1:R1-7:R2$$$",-7.52794047
"PEPTIDE1{X612.Q.P.X2328.X946.R.P}$PEPTIDE1,PEPTIDE1,1:R1-7:R2$$$",-6.96997160
"PEPTIDE1{X798.G.X2328.dHpr.X1004.F.X2339}$PEPTIDE1,PEPTIDE1,1:R1-7:R2$$$",-7.03082775
"PEPTIDE1{X1038.F.Y.Q.F.L.X49}$PEPTIDE1,PEPTIDE1,1:R1-7:R2$$$",-6.67990609
"PEPTIDE1{Y.Q.X612.X640.X1004.Mono107.X204}$PEPTIDE1,PEPTIDE1,1:R1-7:R2$$$",-7.27070157
"PEPTIDE1{R.Aze.X2327.G.Y.G.X11}$PEPTIDE1,PEPTIDE1,1:R1-7:R2$$$",-6.50379601
"PEPTIDE1{X490.X1811.X1989.L.Q.Y.G}$PEPTIDE1,PEPTIDE1,1:R1-7:R2$$$",-6.59842484
"PEPTIDE1{P.X255.dD.G.L.R.Q}$PEPTIDE1,PEPTIDE1,1:R1-7:R2$$$",-6.72921599
"PEPTIDE1{L.L.P.Y.Trp(5-Br).G.A}$PEPTIDE1,PEPTIDE1,1:R1-7:R2$$$",-6.98040554
"PEPTIDE1{Q.Q.P.P.X905.P.X981}$PEPTIDE1,PEPTIDE1,1:R1-7:R2$$$",-6.38735068
"PEPTIDE1{Hpr.Y.P.X2432.F.Y.X956}$PEPTIDE1,PEPTIDE1,1:R1-7:R2$$$",-6.54246527
"PEPTIDE1{G.L.G.G.Y.Y.P}$PEPTIDE1,PEPTIDE1,1:R1-7:R2$$$",-6.91658375
"PEPTIDE1{F.G.Y.A.Y.X2432.X956}$PEPTIDE1,PEPTIDE1,1:R1-7:R2$$$",-7.37247408
"PEPTIDE1{L.X233.Q.dP.X3004.X946.G}$PEPTIDE1,PEPTIDE1,1:R1-7:R2$$$",-6.83578355
"PEPTIDE1{Q.A.Q.X1294.X880.X2432.Y}$PEPTIDE1,PEPTIDE1,1:R1-7:R2$$$",-7.55855365
"PEPTIDE1{P.F.G.R.X1693.X631.Q}$PEPTIDE1,PEPTIDE1,1:R1-7:R2$$$",-6.95212779
"PEPTIDE1{G.X425.G.Y.X725.P.X233}$PEPTIDE1,PEPTIDE1,1:R1-7:R2$$$",-7.13603833
"PEPTIDE1{G.F.X2745.A.X1457.G.X2328}$PEPTIDE1,PEPTIDE1,1:R1-7:R2$$$",-7.18961266
"PEPTIDE1{lalloHyp.G.G.P.X786.Hpr.G}$PEPTIDE1,PEPTIDE1,1:R1-7:R2$$$",-7.18464218
"PEPTIDE1{Y.dHpr.R.X233.Q.Y.X1919}$PEPTIDE1,PEPTIDE1,1:R1-7:R2$$$",-6.47570845
"PEPTIDE1{X2328.G.X11.R.P.X640.X1206}$PEPTIDE1,PEPTIDE1,1:R1-7:R2$$$",-7.33819857
"PEPTIDE1{X981.L.Q.X798.R.P.X956}$PEPTIDE1,PEPTIDE1,1:R1-7:R2$$$",-6.88463282
"PEPTIDE1{Y.F.Q.X612.G.X2432.X1693}$PEPTIDE1,PEPTIDE1,1:R1-7:R2$$$",-6.97892254
"PEPTIDE1{A.X946.X822.L.Y.Y.X2403}$PEPTIDE1,PEPTIDE1,1:R1-7:R2$$$",-7.46379240
"PEPTIDE1{Mono107.L.X2830.Y.X1720.G.P}$PEPTIDE1,PEPTIDE1,1:R1-7:R2$$$",-7.28712869
"PEPTIDE1{lalloHyp.X1207.X255.X305.X1206.F.Q}$PEPTIDE1,PEPTIDE1,1:R1-7:R2$$$",-6.46956386
"PEPTIDE1{Y.Q.Y.d(N->O)Gly(allyl).X2432.meW.Q}$PEPTIDE1,PEPTIDE1,1:R1-7:R2$$$",-7.55935214
"PEPTIDE1{Y.F.R.X2432.X591.X277.X1811}$PEPTIDE1,PEPTIDE1,1:R1-7:R2$$$",-7.53996631
"PEPTIDE1{dHpr.Q.X631.G.F.X640.X1800}$PEPTIDE1,PEPTIDE1,1:R1-7:R2$$$",-6.72406204
"PEPTIDE1{Q.X822.X490.Y.X981.P.P}$PEPTIDE1,PEPTIDE1,1:R1-7:R2$$$",-6.43990660
"PEPTIDE1{Q.X1206.X2328.Y.X2432.G.X1004}$PEPTIDE1,PEPTIDE1,1:R1-7:R2$$$",-7.23672180
"PEPTIDE1{X1788.X11.Q.R.G.Y.G}$PEPTIDE1,PEPTIDE1,1:R1-7:R2$$$",-6.96195049
"PEPTIDE1{F.G.X1004.Q.P.P.A}$PEPTIDE1,PEPTIDE1,1:R1-7:R2$$$",-6.76899135
"PEPTIDE1{X786.Q.X1213.G.X2432.X1010.G}$PEPTIDE1,PEPTIDE1,1:R1-7:R2$$$",-7.19119587
"PEPTIDE1{G.X126.X375.R.A.G.Mono107}$PEPTIDE1,PEPTIDE1,1:R1-7:R2$$$",-6.98536161
"PEPTIDE1{Q.G.G.X2577.Q.Y.Q}$PEPTIDE1,PEPTIDE1,1:R1-7:R2$$$",-7.10610192
"PEPTIDE1{d(N->O)aIle.Phe(CHF2).R.X956.R.G.dP}$PEPTIDE1,PEPTIDE1,1:R1-7:R2$$$",-6.83776111
"PEPTIDE1{X2432.X956.L.dP.X1457.A.P}$PEPTIDE1,PEPTIDE1,1:R1-7:R2$$$",-6.56262080
"PEPTIDE1{X425.dHpr.X591.Q.Q.X1796.X981}$PEPTIDE1,PEPTIDE1,1:R1-7:R2$$$",-6.79693433
"PEPTIDE1{G.X1802.F.P.R.L.X195}$PEPTIDE1,PEPTIDE1,1:R1-7:R2$$$",-7.20447259
"PEPTIDE1{Q.X1010.X305.X956.X956.G.Y}$PEPTIDE1,PEPTIDE1,1:R1-7:R2$$$",-6.54158850
"PEPTIDE1{X1038.Q.X3011.X2577.X305.P.G}$PEPTIDE1,PEPTIDE1,1:R1-7:R2$$$",-6.70429865
"PEPTIDE1{X946.lalloHyp.G.X305.X2327.Cha.X786}$PEPTIDE1,PEPTIDE1,1:R1-7:R2$$$",-6.47901989
"PEPTIDE1{X1004.G.G.X2461.am_G.P.Q}$PEPTIDE1,PEPTIDE1,1:R1-7:R2$$$",-7.04547006
"PEPTIDE1{X591.X708.Aze.X1811.R.G.P}$PEPTIDE1,PEPTIDE1,1:R1-7:R2$$$",-8.25813081
"PEPTIDE1{F.L.X956.X2432.X1664.Y.P}$PEPTIDE1,PEPTIDE1,1:R1-7:R2$$$",-6.54765491
"PEPTIDE1{G.X490.G.G.X1811.R.X956}$PEPTIDE1,PEPTIDE1,1:R1-7:R2$$$",-7.44356882
"PEPTIDE1{X255.Y.G.dHpr.X1874.Y.meH}$PEPTIDE1,PEPTIDE1,1:R1-7:R2$$$",-6.15974576
"PEPTIDE1{R.G.X2339.Y.dP.Q.X1457}$PEPTIDE1,PEPTIDE1,1:R1-7:R2$$$",-7.01543124
"PEPTIDE1{X640.G.X956.X956.Y.Aze.P}$PEPTIDE1,PEPTIDE1,1:R1-7:R2$$$",-6.82664920
"PEPTIDE1{Aze.P.G.X916.X946.X126.G}$PEPTIDE1,PEPTIDE1,1:R1-7:R2$$$",-6.95252491
"PEPTIDE1{F.G.X3004.F.P.R.X1004}$PEPTIDE1,PEPTIDE1,1:R1-7:R2$$$",-7.13647346
"PEPTIDE1{G.L.S.G.G.X3004.Q}$PEPTIDE1,PEPTIDE1,1:R1-7:R2$$$",-6.89458424
"PEPTIDE1{d(N->O)aIle.L.X255.X1350.G.X956.Y}$PEPTIDE1,PEPTIDE1,1:R1-7:R2$$$",-6.58779841
"PEPTIDE1{Q.(N->O)Val.X3004.F.F.L.Q}$PEPTIDE1,PEPTIDE1,1:R1-7:R2$$$",-7.13620589
"PEPTIDE1{Y.G.X1004.R.F.L.dS}$PEPTIDE1,PEPTIDE1,1:R1-7:R2$$$",-7.03182923
"PEPTIDE1{R.X1010.X786.P.F.Q.Mono19}$PEPTIDE1,PEPTIDE1,1:R1-7:R2$$$",-6.67847138
"PEPTIDE1{dP.Q.X315.X1956.X1004.X2830.Q}$PEPTIDE1,PEPTIDE1,1:R1-7:R2$$$",-7.22541969
"PEPTIDE1{Y.X2461.F.L.X1029.G.Y}$PEPTIDE1,PEPTIDE1,1:R1-7:R2$$$",-6.27755946
"PEPTIDE1{X1921.X1811.Q.G.Y.X2804.G}$PEPTIDE1,PEPTIDE1,1:R1-7:R2$$$",-8.26150000
"PEPTIDE1{Q.Y.P.P.G.P.G}$PEPTIDE1,PEPTIDE1,1:R1-7:R2$$$",-6.64598081
"PEPTIDE1{F.Q.dP.Q.X2432.G.G}$PEPTIDE1,PEPTIDE1,1:R1-7:R2$$$",-7.17868186
"PEPTIDE1{X2830.Y.X2258.Mono80.F.F.X956}$PEPTIDE1,PEPTIDE1,1:R1-7:R2$$$",-6.76247726
"PEPTIDE1{P.Y.G.Y.X1788.Q.X6}$PEPTIDE1,PEPTIDE1,1:R1-7:R2$$$",-6.96707091
"PEPTIDE1{Q.P.X1664.G.A.(N->O)Tyr.P}$PEPTIDE1,PEPTIDE1,1:R1-7:R2$$$",-7.01292522
"PEPTIDE1{X683.Mono50.G.P.X1004.P.G}$PEPTIDE1,PEPTIDE1,1:R1-7:R2$$$",-7.63627772
"PEPTIDE1{X725.X490.X798.Y.X11.X2328.Q}$PEPTIDE1,PEPTIDE1,1:R1-7:R2$$$",-7.23959429
"PEPTIDE1{Q.L.Y.dPhe(2-F).Q.F.G}$PEPTIDE1,PEPTIDE1,1:R1-7:R2$$$",-7.37041301
"PEPTIDE1{Q.(N->O)Val.X1989.Q.Q.X71.Y}$PEPTIDE1,PEPTIDE1,1:R1-7:R2$$$",-7.45918436
"PEPTIDE1{X1004.X175.X683.G.L.Q.G}$PEPTIDE1,PEPTIDE1,1:R1-7:R2$$$",-7.24762912
"PEPTIDE1{Y.X2432.dP.Mono50.G.X946.X1989}$PEPTIDE1,PEPTIDE1,1:R1-7:R2$$$",-7.15192359
"PEPTIDE1{G.P.X956.Y.X1010.P.Q}$PEPTIDE1,PEPTIDE1,1:R1-7:R2$$$",-6.75265144
"PEPTIDE1{Q.Y.X1811.X1918.Y.X956.X1910}$PEPTIDE1,PEPTIDE1,1:R1-7:R2$$$",-7.78732821
"PEPTIDE1{F.G.X188.R.X233.P.X2543}$PEPTIDE1,PEPTIDE1,1:R1-7:R2$$$",-7.42854686
"PEPTIDE1{Y.Q.G.P.G.X601.X7}$PEPTIDE1,PEPTIDE1,1:R1-7:R2$$$",-7.35572710
"PEPTIDE1{X683.X49.(N->O)Tyr.P.X946.Y.G}$PEPTIDE1,PEPTIDE1,1:R1-7:R2$$$",-6.73674226
"PEPTIDE1{Y.P.P.Q.X2328.G.dHpr}$PEPTIDE1,PEPTIDE1,1:R1-7:R2$$$",-6.73543720
"PEPTIDE1{X785.Q.X49.Y.X2461.X2461.X1457}$PEPTIDE1,PEPTIDE1,1:R1-7:R2$$$",-6.95730772
"PEPTIDE1{Q.meW.X956.L.G.F.Y}$PEPTIDE1,PEPTIDE1,1:R1-7:R2$$$",-7.46523128
"PEPTIDE1{F.X1004.Mono19.L.dP.F.P}$PEPTIDE1,PEPTIDE1,1:R1-7:R2$$$",-6.50364276
"PEPTIDE1{Q.G.X1813.X2329.X577.X49.X49}$PEPTIDE1,PEPTIDE1,1:R1-7:R2$$$",-7.54061220
"PEPTIDE1{F.X591.X1004.X2432.X233.dP.G}$PEPTIDE1,PEPTIDE1,1:R1-7:R2$$$",-6.94649997
"PEPTIDE1{G.Y.G.P.F.Q.Q}$PEPTIDE1,PEPTIDE1,1:R1-7:R2$$$",-7.15733396
"PEPTIDE1{X261.Y.G.G.G.X2258.X591}$PEPTIDE1,PEPTIDE1,1:R1-7:R2$$$",-7.20395758
"PEPTIDE1{Aze.Q.X255.Q.X297.X1457.X2132}$PEPTIDE1,PEPTIDE1,1:R1-7:R2$$$",-6.80909550
"PEPTIDE1{X1702.G.X2283.X238.X425.P.Y}$PEPTIDE1,PEPTIDE1,1:R1-7:R2$$$",-6.95007750
"PEPTIDE1{X255.R.Q.Q.Q.G.X139}$PEPTIDE1,PEPTIDE1,1:R1-7:R2$$$",-6.80133532
"PEPTIDE1{X956.dS.G.F.Q.dV.Y}$PEPTIDE1,PEPTIDE1,1:R1-7:R2$$$",-6.73461771
"PEPTIDE1{G.A.G.Q.Cha.P.G}$PEPTIDE1,PEPTIDE1,1:R1-7:R2$$$",-6.87725869
"PEPTIDE1{Mono107.X1989.G.X255.dS.G.P}$PEPTIDE1,PEPTIDE1,1:R1-7:R2$$$",-7.30173756
"PEPTIDE1{G.L.P.G.L.P.X375}$PEPTIDE1,PEPTIDE1,1:R1-7:R2$$$",-6.94650734
"PEPTIDE1{R.G.dHpr.Y.L.P.X233}$PEPTIDE1,PEPTIDE1,1:R1-7:R2$$$",-6.56038977
"PEPTIDE1{2-Pal.G.L.X1058.G.X175.X1004}$PEPTIDE1,PEPTIDE1,1:R1-7:R2$$$",-6.92960127
"PEPTIDE1{X2669.dHpr.L.X1971.dP.X1720.X2461}$PEPTIDE1,PEPTIDE1,1:R1-7:R2$$$",-6.89931092
"PEPTIDE1{G.X1811.X870.X1410.R.X2432.Y}$PEPTIDE1,PEPTIDE1,1:R1-7:R2$$$",-8.34894758
"PEPTIDE1{X2432.X683.X785.P.X2461.Y.(N->O)Val}$PEPTIDE1,PEPTIDE1,1:R1-7:R2$$$",-6.97050432
"PEPTIDE1{Phe(CHF2).X2432.X187.X1212.X573.Q.G}$PEPTIDE1,PEPTIDE1,1:R1-7:R2$$$",-7.14357717
"PEPTIDE1{L.X1457.G.L.dP.X711.Q}$PEPTIDE1,PEPTIDE1,1:R1-7:R2$$$",-6.53342580
"PEPTIDE1{dHpr.P.G.X946.G.G.X1004}$PEPTIDE1,PEPTIDE1,1:R1-7:R2$$$",-6.60573886
"PEPTIDE1{R.L.X126.X956.X880.X1540.G}$PEPTIDE1,PEPTIDE1,1:R1-7:R2$$$",-7.12338857
"PEPTIDE1{X255.X164.Y.X2432.Y.X425.P}$PEPTIDE1,PEPTIDE1,1:R1-7:R2$$$",-6.40229454
"PEPTIDE1{X2432.X1699.G.Y.X956.X1457.X577}$PEPTIDE1,PEPTIDE1,1:R1-7:R2$$$",-6.61158216
"PEPTIDE1{F.X204.L.X1664.Cha.F.Q}$PEPTIDE1,PEPTIDE1,1:R1-7:R2$$$",-6.20318523
"PEPTIDE1{L.F.G.G.F.X179.G}$PEPTIDE1,PEPTIDE1,1:R1-7:R2$$$",-6.98481045
"PEPTIDE1{G.X3004.X255.X946.F.lalloHyp.Y}$PEPTIDE1,PEPTIDE1,1:R1-7:R2$$$",-6.64946196
"PEPTIDE1{Mono107.F.dNle.G.Y.R.X1777}$PEPTIDE1,PEPTIDE1,1:R1-7:R2$$$",-7.05153222
"PEPTIDE1{X425.P.G.Sar.G.X982.G}$PEPTIDE1,PEPTIDE1,1:R1-7:R2$$$",-7.07719686
"PEPTIDE1{X956.Y.A.G.X1395.G.X255}$PEPTIDE1,PEPTIDE1,1:R1-7:R2$$$",-7.18398440
"PEPTIDE1{P.Y.L.X1811.Aze.Y.Q}$PEPTIDE1,PEPTIDE1,1:R1-7:R2$$$",-8.34393695
"PEPTIDE1{X1720.X305.G.X1410.Q.Y.X577}$PEPTIDE1,PEPTIDE1,1:R1-7:R2$$$",-7.49365000
"PEPTIDE1{Y.G.G.(N->O)Val.X1811.L.Q}$PEPTIDE1,PEPTIDE1,1:R1-7:R2$$$",-8.21968071
"PEPTIDE1{P.X2432.G.Y.Q.Q.X261}$PEPTIDE1,PEPTIDE1,1:R1-7:R2$$$",-6.86013743
"PEPTIDE1{Y.Y.P.dNle.Y.G.P}$PEPTIDE1,PEPTIDE1,1:R1-7:R2$$$",-7.05733106
"PEPTIDE1{F.X204.G.X299.X537.G.Cit}$PEPTIDE1,PEPTIDE1,1:R1-7:R2$$$",-6.48688437
"PEPTIDE1{dP.G.dHpr.Y.X612.X391.P}$PEPTIDE1,PEPTIDE1,1:R1-7:R2$$$",-6.68201679
"PEPTIDE1{X2432.X1817.R.P.L.P.G}$PEPTIDE1,PEPTIDE1,1:R1-7:R2$$$",-6.77738227
"PEPTIDE1{F.dHpr.Q.G.A.X2516.Y}$PEPTIDE1,PEPTIDE1,1:R1-7:R2$$$",-6.46441293
"PEPTIDE1{X1811.X233.G.G.R.G.Q}$PEPTIDE1,PEPTIDE1,1:R1-7:R2$$$",-7.66000960
"PEPTIDE1{Q.P.X1921.X2329.X1395.dP.X1813}$PEPTIDE1,PEPTIDE1,1:R1-7:R2$$$",-6.98977081
"PEPTIDE1{G.G.Mono106.Q.Y.Y.P}$PEPTIDE1,PEPTIDE1,1:R1-7:R2$$$",-7.22333727
"PEPTIDE1{F.X1010.R.X1294.F.G.X2432}$PEPTIDE1,PEPTIDE1,1:R1-7:R2$$$",-6.63852272
"PEPTIDE1{R.dHpr.F.G.X1410.X1788.G}$PEPTIDE1,PEPTIDE1,1:R1-7:R2$$$",-7.07159138
"PEPTIDE1{F.G.Y.X425.X1004.X699.X2791}$PEPTIDE1,PEPTIDE1,1:R1-7:R2$$$",-7.64553390
"PEPTIDE1{meW.F.X1410.X591.Y.X1813.G}$PEPTIDE1,PEPTIDE1,1:R1-7:R2$$$",-8.00039295
"PEPTIDE1{Y.Q.X49.Y.F.X425.P}$PEPTIDE1,PEPTIDE1,1:R1-7:R2$$$",-7.03590249
"PEPTIDE1{Q.Q.Q.Q.P.X1661.G}$PEPTIDE1,PEPTIDE1,1:R1-7:R2$$$",-6.52694841
"PEPTIDE1{G.X946.F.X1004.Mono36.dNle.X1004}$PEPTIDE1,PEPTIDE1,1:R1-7:R2$$$",-7.00382154
"PEPTIDE1{Y.X786.R.X314.meD.X1989.X1800}$PEPTIDE1,PEPTIDE1,1:R1-7:R2$$$",-7.21777233
"PEPTIDE1{dP.P.R.R.X2461.P.X2403}$PEPTIDE1,PEPTIDE1,1:R1-7:R2$$$",-7.09382100
"PEPTIDE1{X2188.dHpr.Q.Y.G.X1004.Y}$PEPTIDE1,PEPTIDE1,1:R1-7:R2$$$",-6.27990611
"PEPTIDE1{Y.X404.X612.Y.X2461.Y.X1457}$PEPTIDE1,PEPTIDE1,1:R1-7:R2$$$",-7.21211857
"PEPTIDE1{F.X2791.P.Q.Q.F.X1035}$PEPTIDE1,PEPTIDE1,1:R1-7:R2$$$",-6.75538273
"PEPTIDE1{Q.G.Q.Q.G.Q.X2577}$PEPTIDE1,PEPTIDE1,1:R1-7:R2$$$",-7.12341790
"PEPTIDE1{X2048.Q.Q.P.G.G.G}$PEPTIDE1,PEPTIDE1,1:R1-7:R2$$$",-7.05354390
"PEPTIDE1{X1956.X232.A.X2432.P.X2749.G}$PEPTIDE1,PEPTIDE1,1:R1-7:R2$$$",-7.00012176
"PEPTIDE1{X1038.P.X956.X277.G.X1877.X2403}$PEPTIDE1,PEPTIDE1,1:R1-7:R2$$$",-7.95007000
"PEPTIDE1{L.G.X946.Cit.X2669.X2432.G}$PEPTIDE1,PEPTIDE1,1:R1-7:R2$$$",-7.18156054
"PEPTIDE1{P.X1752.dNle.L.X3004.F.X1457}$PEPTIDE1,PEPTIDE1,1:R1-7:R2$$$",-6.45550642
"PEPTIDE1{Q.Q.Mono50.X2830.X1777.X3004.Q}$PEPTIDE1,PEPTIDE1,1:R1-7:R2$$$",-7.45672042
"PEPTIDE1{Q.F.F.F.F.L.Q}$PEPTIDE1,PEPTIDE1,1:R1-7:R2$$$",-7.31292397
"PEPTIDE1{F.L.X2461.G.X490.L.Q}$PEPTIDE1,PEPTIDE1,1:R1-7:R2$$$",-6.06259409
"PEPTIDE1{F.X2432.X946.X375.X612.G.P}$PEPTIDE1,PEPTIDE1,1:R1-7:R2$$$",-6.70239971
"PEPTIDE1{F.X612.X81.G.L.X1989.Aze}$PEPTIDE1,PEPTIDE1,1:R1-7:R2$$$",-6.43686109
"PEPTIDE1{X798.G.Y.Y.X2432.G.X2461}$PEPTIDE1,PEPTIDE1,1:R1-7:R2$$$",-7.02193289
"PEPTIDE1{R.Y.Q.X956.Q.X46.G}$PEPTIDE1,PEPTIDE1,1:R1-7:R2$$$",-7.35093301
"PEPTIDE1{X1956.P.Y.X2516.G.Q.G}$PEPTIDE1,PEPTIDE1,1:R1-7:R2$$$",-7.02247920
"PEPTIDE1{X7.X1410.Q.L.X1004.P.G}$PEPTIDE1,PEPTIDE1,1:R1-7:R2$$$",-7.51100549
"PEPTIDE1{X2258.Q.F.G.X1918.G.X1004}$PEPTIDE1,PEPTIDE1,1:R1-7:R2$$$",-7.16198738
"PEPTIDE1{G.P.X2403.X725.G.X425.G}$PEPTIDE1,PEPTIDE1,1:R1-7:R2$$$",-7.03912751
"PEPTIDE1{Y.F.X2387.G.G.X6.Phe(CHF2)}$PEPTIDE1,PEPTIDE1,1:R1-7:R2$$$",-7.47284430
"PEPTIDE1{X1941.P.L.X49.X1895.R.A}$PEPTIDE1,PEPTIDE1,1:R1-7:R2$$$",-7.69825964
"PEPTIDE1{X1350.Y.X1811.L.X2328.X490.G}$PEPTIDE1,PEPTIDE1,1:R1-7:R2$$$",-6.21903263
"PEPTIDE1{Y.G.Y.am_G.Q.L.X2671}$PEPTIDE1,PEPTIDE1,1:R1-7:R2$$$",-7.10456997
"PEPTIDE1{X1004.F.P.Y.Mono8.A.Mono60}$PEPTIDE1,PEPTIDE1,1:R1-7:R2$$$",-6.62453903
"PEPTIDE1{L.X591.X49.P.R.dP.P}$PEPTIDE1,PEPTIDE1,1:R1-7:R2$$$",-6.53011172
"PEPTIDE1{G.X1919.X1918.G.P.X1004.X2113}$PEPTIDE1,PEPTIDE1,1:R1-7:R2$$$",-6.27199449
"PEPTIDE1{dP.G.X786.X1004.G.X2461.Y}$PEPTIDE1,PEPTIDE1,1:R1-7:R2$$$",-6.72983786
"PEPTIDE1{R.X2830.Q.Y.X2258.Mono50.X537}$PEPTIDE1,PEPTIDE1,1:R1-7:R2$$$",-7.49437968
"PEPTIDE1{X11.X2432.R.X786.F.X2432.X956}$PEPTIDE1,PEPTIDE1,1:R1-7:R2$$$",-7.26738451
"PEPTIDE1{meW.F.Q.G.Q.dPhe(2-F).Q}$PEPTIDE1,PEPTIDE1,1:R1-7:R2$$$",-7.13198589
"PEPTIDE1{Q.Q.L.R.Y.X2432.X1802}$PEPTIDE1,PEPTIDE1,1:R1-7:R2$$$",-7.15420936
"PEPTIDE1{Q.Mono107.R.P.Y.Mono107.Y}$PEPTIDE1,PEPTIDE1,1:R1-7:R2$$$",-7.33166290
"PEPTIDE1{X375.X2719.dS.Q.X683.X946.X1661}$PEPTIDE1,PEPTIDE1,1:R1-7:R2$$$",-6.81310686
"PEPTIDE1{X1811.G.Q.Aze.G.Y.G}$PEPTIDE1,PEPTIDE1,1:R1-7:R2$$$",-8.04911170
"PEPTIDE1{X1004.L.Y.R.X601.X1498.Mono60}$PEPTIDE1,PEPTIDE1,1:R1-7:R2$$$",-6.76946487
"PEPTIDE1{F.X1498.X2432.Y.X1661.Q.Mono50}$PEPTIDE1,PEPTIDE1,1:R1-7:R2$$$",-6.55481613
"PEPTIDE1{Q.Q.P.R.Aze.X1811.Y}$PEPTIDE1,PEPTIDE1,1:R1-7:R2$$$",-8.26561008
"PEPTIDE1{G.Y.am_G.G.X2745.X233.X956}$PEPTIDE1,PEPTIDE1,1:R1-7:R2$$$",-7.54323641
"PEPTIDE1{P.X1911.Q.X1010.L.Q.Q}$PEPTIDE1,PEPTIDE1,1:R1-7:R2$$$",-6.62342190
"PEPTIDE1{F.Q.X566.X255.X956.A.G}$PEPTIDE1,PEPTIDE1,1:R1-7:R2$$$",-7.41089433
"PEPTIDE1{L.X425.G.F.Q.X1811.X573}$PEPTIDE1,PEPTIDE1,1:R1-7:R2$$$",-7.49635152
"PEPTIDE1{Y.R.X1895.dP.Y.L.Y}$PEPTIDE1,PEPTIDE1,1:R1-7:R2$$$",-7.56004971
"PEPTIDE1{X1895.X315.P.P.P.X2577.P}$PEPTIDE1,PEPTIDE1,1:R1-7:R2$$$",-6.74216354
"PEPTIDE1{L.Q.X956.G.F.G.Y}$PEPTIDE1,PEPTIDE1,1:R1-7:R2$$$",-6.71935814
"PEPTIDE1{F.X2461.R.R.Aze.G.X2745}$PEPTIDE1,PEPTIDE1,1:R1-7:R2$$$",-6.83467880
"PEPTIDE1{Y.Y.X1350.X1432.F.G.X2791}$PEPTIDE1,PEPTIDE1,1:R1-7:R2$$$",-7.30649929
"PEPTIDE1{R.X2432.X1798.X956.X1664.Q.meW}$PEPTIDE1,PEPTIDE1,1:R1-7:R2$$$",-7.26092419
"PEPTIDE1{X2432.X2747.X2461.R.X1811.Q.X2328}$PEPTIDE1,PEPTIDE1,1:R1-7:R2$$$",-7.81728038
"PEPTIDE1{Q.X1540.Q.X305.X490.X49.X930}$PEPTIDE1,PEPTIDE1,1:R1-7:R2$$$",-6.40444258
"PEPTIDE1{F.X391.G.X1702.L.dHpr.Q}$PEPTIDE1,PEPTIDE1,1:R1-7:R2$$$",-6.39920093
"PEPTIDE1{R.G.P.X1918.Q.X1038.Q}$PEPTIDE1,PEPTIDE1,1:R1-7:R2$$$",-7.29005709
"PEPTIDE1{G.L.X956.R.X956.A.dP}$PEPTIDE1,PEPTIDE1,1:R1-7:R2$$$",-7.16886026
"PEPTIDE1{G.G.F.P.Q.X2403.S}$PEPTIDE1,PEPTIDE1,1:R1-7:R2$$$",-7.49794819
"PEPTIDE1{G.G.R.X1004.P.Y.Y}$PEPTIDE1,PEPTIDE1,1:R1-7:R2$$$",-7.17370547
"PEPTIDE1{X1393.Y.dHpr.X930.X255.G.Y}$PEPTIDE1,PEPTIDE1,1:R1-7:R2$$$",-6.45215932
"PEPTIDE1{R.X1788.Y.X946.L.Mono31.Bal}$PEPTIDE1,PEPTIDE1,1:R1-7:R2$$$",-6.64033311
"PEPTIDE1{X2577.P.X2501.G.X2432.Q.X1432}$PEPTIDE1,PEPTIDE1,1:R1-7:R2$$$",-7.25271592
"PEPTIDE1{Q.X542.meL.X786.Q.P.G}$PEPTIDE1,PEPTIDE1,1:R1-7:R2$$$",-7.10769278
"PEPTIDE1{X2830.F.G.G.X792.X2432.X49}$PEPTIDE1,PEPTIDE1,1:R1-7:R2$$$",-6.60372180
"PEPTIDE1{Aze.X1004.Q.G.P.R.Q}$PEPTIDE1,PEPTIDE1,1:R1-7:R2$$$",-7.10818040
"PEPTIDE1{Y.X1432.G.X2432.X1661.Y.X3004}$PEPTIDE1,PEPTIDE1,1:R1-7:R2$$$",-6.55977700
"PEPTIDE1{G.G.P.X1956.Mono107.L.P}$PEPTIDE1,PEPTIDE1,1:R1-7:R2$$$",-6.81302915
"PEPTIDE1{G.G.X3004.L.X179.Mono106.Y}$PEPTIDE1,PEPTIDE1,1:R1-7:R2$$$",-7.15227484
"PEPTIDE1{F.Y.dR.G.Y.Q.Y}$PEPTIDE1,PEPTIDE1,1:R1-7:R2$$$",-7.66415715
"PEPTIDE1{Y.Q.G.L.X255.Y.(N->O)Val}$PEPTIDE1,PEPTIDE1,1:R1-7:R2$$$",-6.76223526
"PEPTIDE1{F.X187.G.R.P.P.dS}$PEPTIDE1,PEPTIDE1,1:R1-7:R2$$$",-6.91974779
"PEPTIDE1{G.F.F.Q.X683.X1410.Q}$PEPTIDE1,PEPTIDE1,1:R1-7:R2$$$",-7.53376800
"PEPTIDE1{Mono19.G.X2328.X2339.X255.P.X1802}$PEPTIDE1,PEPTIDE1,1:R1-7:R2$$$",-7.55076619
"PEPTIDE1{Y.Q.G.L.P.G.P}$PEPTIDE1,PEPTIDE1,1:R1-7:R2$$$",-7.12621209
"PEPTIDE1{F.R.F.X1811.X2055.R.X164}$PEPTIDE1,PEPTIDE1,1:R1-7:R2$$$",-7.43656941
"PEPTIDE1{X2527.L.X786.F.Y.Y.X956}$PEPTIDE1,PEPTIDE1,1:R1-7:R2$$$",-7.18322311
"PEPTIDE1{Q.P.F.P.X255.Q.X233}$PEPTIDE1,PEPTIDE1,1:R1-7:R2$$$",-6.59808983
"PEPTIDE1{G.G.F.Y.Y.R.X1788}$PEPTIDE1,PEPTIDE1,1:R1-7:R2$$$",-6.93557315
"PEPTIDE1{X2669.F.L.R.Trp(7-Br).X612.Q}$PEPTIDE1,PEPTIDE1,1:R1-7:R2$$$",-7.36305210
"PEPTIDE1{X956.X204.L.X956.G.X299.Cit}$PEPTIDE1,PEPTIDE1,1:R1-7:R2$$$",-6.51418828
"PEPTIDE1{G.L.Q.X233.X1664.X2432.X3004}$PEPTIDE1,PEPTIDE1,1:R1-7:R2$$$",-7.10643847
"PEPTIDE1{Q.F.G.dHpr.X46.G.P}$PEPTIDE1,PEPTIDE1,1:R1-7:R2$$$",-7.04351071
"PEPTIDE1{P.X785.X189.G.Q.G.Q}$PEPTIDE1,PEPTIDE1,1:R1-7:R2$$$",-7.33957448
"PEPTIDE1{Q.Q.Y.Q.F.X2577.X1664}$PEPTIDE1,PEPTIDE1,1:R1-7:R2$$$",-6.88041000
"PEPTIDE1{F.G.X640.Y.G.G.G}$PEPTIDE1,PEPTIDE1,1:R1-7:R2$$$",-7.28314555
"PEPTIDE1{G.X1004.X956.X946.G.R.P}$PEPTIDE1,PEPTIDE1,1:R1-7:R2$$$",-7.21204098
"PEPTIDE1{Q.X956.(N->O)Val.L.X1004.X956.Cit}$PEPTIDE1,PEPTIDE1,1:R1-7:R2$$$",-7.04657527
"PEPTIDE1{G.G.P.dS.F.Q.P}$PEPTIDE1,PEPTIDE1,1:R1-7:R2$$$",-7.17381834
"PEPTIDE1{Y.Y.X2432.R.dS.Mono107.X375}$PEPTIDE1,PEPTIDE1,1:R1-7:R2$$$",-7.00117288
"PEPTIDE1{F.Me_dOrn.P.X2432.X5.F.G}$PEPTIDE1,PEPTIDE1,1:R1-7:R2$$$",-7.14738099
"PEPTIDE1{Q.L.G.R.F.L.G}$PEPTIDE1,PEPTIDE1,1:R1-7:R2$$$",-7.01175103
"PEPTIDE1{Q.F.X786.F.P.P.X233}$PEPTIDE1,PEPTIDE1,1:R1-7:R2$$$",-6.75449057
"PEPTIDE1{R.X3011.G.G.X255.G.X3011}$PEPTIDE1,PEPTIDE1,1:R1-7:R2$$$",-6.99326421
"PEPTIDE1{P.X1395.Y.F.G.Mono106.X315}$PEPTIDE1,PEPTIDE1,1:R1-7:R2$$$",-7.18424624
"PEPTIDE1{X946.am_G.G.am_G.X1777.X2432.P}$PEPTIDE1,PEPTIDE1,1:R1-7:R2$$$",-7.35077879
"PEPTIDE1{R.X612.Q.F.X2432.R.P}$PEPTIDE1,PEPTIDE1,1:R1-7:R2$$$",-7.15099554
"PEPTIDE1{Q.X612.X299.X1004.G.L.Y}$PEPTIDE1,PEPTIDE1,1:R1-7:R2$$$",-6.46851900
"PEPTIDE1{R.R.G.G.Q.Y.X946}$PEPTIDE1,PEPTIDE1,1:R1-7:R2$$$",-7.07691981
"PEPTIDE1{X2745.G.X2258.F.R.X1813.Q}$PEPTIDE1,PEPTIDE1,1:R1-7:R2$$$",-7.01474341
"PEPTIDE1{R.F.X3004.G.X2037.Y.X809}$PEPTIDE1,PEPTIDE1,1:R1-7:R2$$$",-6.86660629
"PEPTIDE1{Y.X2432.Q.X314.X1989.X2669.G}$PEPTIDE1,PEPTIDE1,1:R1-7:R2$$$",-7.51879540
"PEPTIDE1{G.Q.R.X2516.X1294.X11.X3004}$PEPTIDE1,PEPTIDE1,1:R1-7:R2$$$",-7.22715125
"PEPTIDE1{X1249.X1294.X6.dD.Phe(CHF2).X1777.Y}$PEPTIDE1,PEPTIDE1,1:R1-7:R2$$$",-7.12385360
"PEPTIDE1{d3-Pal.X798.X2258.R.X2432.P.G}$PEPTIDE1,PEPTIDE1,1:R1-7:R2$$$",-7.47666500
"PEPTIDE1{X1432.X2669.L.X2432.X11.(N->O)Tyr.G}$PEPTIDE1,PEPTIDE1,1:R1-7:R2$$$",-7.45712329
"PEPTIDE1{Y.L.X2577.(N->O)Tyr.G.L.G}$PEPTIDE1,PEPTIDE1,1:R1-7:R2$$$",-6.92168233
"PEPTIDE1{X255.X232.P.Mono19.Q.Q.G}$PEPTIDE1,PEPTIDE1,1:R1-7:R2$$$",-7.00216328
"PEPTIDE1{P.G.Y.Y.X2461.A.Mono107}$PEPTIDE1,PEPTIDE1,1:R1-7:R2$$$",-6.30768215
"PEPTIDE1{X2432.Q.P.R.X1004.X1811.A}$PEPTIDE1,PEPTIDE1,1:R1-7:R2$$$",-8.11355507
"PEPTIDE1{X1895.X305.Q.G.Y.X2577.X1802}$PEPTIDE1,PEPTIDE1,1:R1-7:R2$$$",-6.99242004
"PEPTIDE1{lalloHyp.X261.X1029.P.P.G.X956}$PEPTIDE1,PEPTIDE1,1:R1-7:R2$$$",-6.52781665
"PEPTIDE1{Q.Q.X2669.R.Y.X11.Y}$PEPTIDE1,PEPTIDE1,1:R1-7:R2$$$",-7.20015965
"PEPTIDE1{L.L.R.X2432.X2804.X2432.P}$PEPTIDE1,PEPTIDE1,1:R1-7:R2$$$",-7.02657909
"PEPTIDE1{X569.X663.Q.Q.Q.X946.X2403}$PEPTIDE1,PEPTIDE1,1:R1-7:R2$$$",-6.86958872
"PEPTIDE1{R.dP.F.G.P.X822.P}$PEPTIDE1,PEPTIDE1,1:R1-7:R2$$$",-6.70415183
"PEPTIDE1{X1664.X1038.G.(N->O)Val.X1699.Bal.Y}$PEPTIDE1,PEPTIDE1,1:R1-7:R2$$$",-6.71135655
"PEPTIDE1{R.X1004.Q.X1004.L.Q.X1457}$PEPTIDE1,PEPTIDE1,1:R1-7:R2$$$",-7.55042663
"PEPTIDE1{P.lalloHyp.dHpr.P.Y.G.Q}$PEPTIDE1,PEPTIDE1,1:R1-7:R2$$$",-6.80221226
"PEPTIDE1{G.L.X2526.X490.X277.X956.X2432}$PEPTIDE1,PEPTIDE1,1:R1-7:R2$$$",-6.95520732
"PEPTIDE1{X1004.Q.L.Y.Q.Y.P}$PEPTIDE1,PEPTIDE1,1:R1-7:R2$$$",-6.87153018
"PEPTIDE1{G.Aze.Y.X233.X956.X671.X956}$PEPTIDE1,PEPTIDE1,1:R1-7:R2$$$",-6.77479824
"PEPTIDE1{Q.X1393.X7.Y.G.G.G}$PEPTIDE1,PEPTIDE1,1:R1-7:R2$$$",-7.35037284
"PEPTIDE1{X1004.F.P.Q.X196.G.X822}$PEPTIDE1,PEPTIDE1,1:R1-7:R2$$$",-7.20922420
"PEPTIDE1{P.X136.X2188.P.X786.Y.Y}$PEPTIDE1,PEPTIDE1,1:R1-7:R2$$$",-7.34924432
"PEPTIDE1{Q.F.X255.X956.G.A.Q}$PEPTIDE1,PEPTIDE1,1:R1-7:R2$$$",-7.05956303
"PEPTIDE1{Y.R.X2258.Y.G.X946.X1004}$PEPTIDE1,PEPTIDE1,1:R1-7:R2$$$",-7.31252632
"PEPTIDE1{Y.Y.P.Q.G.Q.X1788}$PEPTIDE1,PEPTIDE1,1:R1-7:R2$$$",-6.78996379
"PEPTIDE1{X7.X956.Y.P.X1457.X946.X946}$PEPTIDE1,PEPTIDE1,1:R1-7:R2$$$",-6.49729568
"PEPTIDE1{L.X1004.X956.F.X1004.A.Y}$PEPTIDE1,PEPTIDE1,1:R1-7:R2$$$",-5.94440514
"PEPTIDE1{Y.X529.F.X375.X1811.Y.X1004}$PEPTIDE1,PEPTIDE1,1:R1-7:R2$$$",-7.99856364
"PEPTIDE1{Y.L.X880.Mono106.G.X261.Q}$PEPTIDE1,PEPTIDE1,1:R1-7:R2$$$",-7.30641455
"PEPTIDE1{G.Y.Q.X425.X1992.G.G}$PEPTIDE1,PEPTIDE1,1:R1-7:R2$$$",-6.58750631
"PEPTIDE1{X946.R.R.Y.X1432.X786.Y}$PEPTIDE1,PEPTIDE1,1:R1-7:R2$$$",-7.45905376
"PEPTIDE1{Q.X786.Y.G.Q.G.Me_1-Nal}$PEPTIDE1,PEPTIDE1,1:R1-7:R2$$$",-7.18172856
"PEPTIDE1{X542.X1989.Q.G.L.X1813.P}$PEPTIDE1,PEPTIDE1,1:R1-7:R2$$$",-7.62191662
"PEPTIDE1{P.X631.G.G.G.G.P}$PEPTIDE1,PEPTIDE1,1:R1-7:R2$$$",-7.27777255
"PEPTIDE1{X3004.F.X612.X956.Y.X2432.X375}$PEPTIDE1,PEPTIDE1,1:R1-7:R2$$$",-6.81178158
"PEPTIDE1{G.Y.G.Q.X1813.dS.G}$PEPTIDE1,PEPTIDE1,1:R1-7:R2$$$",-7.23973617
"PEPTIDE1{Q.dNle.X232.X1004.X180.X785.Q}$PEPTIDE1,PEPTIDE1,1:R1-7:R2$$$",-7.19724229
"PEPTIDE1{Q.G.dHpr.X1212.d(N->O)Gly(allyl).L.X1813}$PEPTIDE1,PEPTIDE1,1:R1-7:R2$$$",-6.77168043
"PEPTIDE1{X1921.X1817.P.F.X1813.X49.G}$PEPTIDE1,PEPTIDE1,1:R1-7:R2$$$",-6.84871741
"PEPTIDE1{meW.Q.Q.P.G.Q.(N->O)Val}$PEPTIDE1,PEPTIDE1,1:R1-7:R2$$$",-7.12295141
"PEPTIDE1{Q.G.X1956.X233.R.G.Y}$PEPTIDE1,PEPTIDE1,1:R1-7:R2$$$",-7.14014567
"PEPTIDE1{X1768.X1777.Y.Q.P.G.G}$PEPTIDE1,PEPTIDE1,1:R1-7:R2$$$",-7.11751797
"PEPTIDE1{Q.X1395.G.Q.X1795.X233.X1588}$PEPTIDE1,PEPTIDE1,1:R1-7:R2$$$",-6.82368899
"PEPTIDE1{L.Q.Q.Q.F.Aze.Y}$PEPTIDE1,PEPTIDE1,1:R1-7:R2$$$",-6.16750062
"PEPTIDE1{L.P.G.Q.Y.X49.X946}$PEPTIDE1,PEPTIDE1,1:R1-7:R2$$$",-6.46203111
"PEPTIDE1{P.X2432.X2791.Y.F.X1956.X2719}$PEPTIDE1,PEPTIDE1,1:R1-7:R2$$$",-6.78808513
"PEPTIDE1{R.Y.Q.Q.2-Pal.Mono19.X2577}$PEPTIDE1,PEPTIDE1,1:R1-7:R2$$$",-7.06550004
"PEPTIDE1{Y.Y.G.X2669.X2391.F.dHpr}$PEPTIDE1,PEPTIDE1,1:R1-7:R2$$$",-6.48585901
"PEPTIDE1{G.Q.Y.Q.X425.Q.Q}$PEPTIDE1,PEPTIDE1,1:R1-7:R2$$$",-7.31933525
"PEPTIDE1{X6.L.Q.(N->O)Val.P.L.Q}$PEPTIDE1,PEPTIDE1,1:R1-7:R2$$$",-6.95007576
"PEPTIDE1{G.F.X1743.G.X2577.X946.G}$PEPTIDE1,PEPTIDE1,1:R1-7:R2$$$",-6.60721733
"PEPTIDE1{X204.X2432.X201.Q.X1393.X1777.Y}$PEPTIDE1,PEPTIDE1,1:R1-7:R2$$$",-7.29280882
"PEPTIDE1{Q.F.X7.X956.Y.X425.G}$PEPTIDE1,PEPTIDE1,1:R1-7:R2$$$",-7.29007250
"PEPTIDE1{X1720.dHpr.F.Q.F.L.Q}$PEPTIDE1,PEPTIDE1,1:R1-7:R2$$$",-6.36777511
"PEPTIDE1{Mono106.X569.X683.X277.R.F.Y}$PEPTIDE1,PEPTIDE1,1:R1-7:R2$$$",-7.49327371
"PEPTIDE1{G.X2432.X2432.X81.dA.X1004.X1119}$PEPTIDE1,PEPTIDE1,1:R1-7:R2$$$",-7.05479834
"PEPTIDE1{X126.F.Q.G.X1393.homoPhe_4CF3_3Cl.X1609}$PEPTIDE1,PEPTIDE1,1:R1-7:R2$$$",-7.35047232
"PEPTIDE1{F.dHpr.X2328.X11.F.X1811.G}$PEPTIDE1,PEPTIDE1,1:R1-7:R2$$$",-7.23635576
"PEPTIDE1{L.R.L.X2258.X542.X1432.(N->O)Val}$PEPTIDE1,PEPTIDE1,1:R1-7:R2$$$",-7.50707111
"PEPTIDE1{P.X2432.X2432.Y.X255.P.Aze}$PEPTIDE1,PEPTIDE1,1:R1-7:R2$$$",-6.53683604
"PEPTIDE1{F.Y.Q.X1253.F.X1004.G}$PEPTIDE1,PEPTIDE1,1:R1-7:R2$$$",-7.50533629
"PEPTIDE1{X3004.X195.X49.Y.G.X822.G}$PEPTIDE1,PEPTIDE1,1:R1-7:R2$$$",-6.81474705
"PEPTIDE1{G.Q.Q.X2461.Aze.P.X233}$PEPTIDE1,PEPTIDE1,1:R1-7:R2$$$",-6.57148851
"PEPTIDE1{Hpr.F.X188.A.X1206.G.A}$PEPTIDE1,PEPTIDE1,1:R1-7:R2$$$",-6.78830733
"PEPTIDE1{X981.G.Q.Y.Y.L.Q}$PEPTIDE1,PEPTIDE1,1:R1-7:R2$$$",-6.27131669
"PEPTIDE1{G.Y.X3004.X305.dS.P.G}$PEPTIDE1,PEPTIDE1,1:R1-7:R2$$$",-6.68092753
"PEPTIDE1{P.X1801.dP.F.Q.P.Q}$PEPTIDE1,PEPTIDE1,1:R1-7:R2$$$",-6.72513457
"PEPTIDE1{G.X1989.Y.d(N->O)Gly(allyl).dP.Phe(CHF2).X956}$PEPTIDE1,PEPTIDE1,1:R1-7:R2$$$",-7.27279336
"PEPTIDE1{L.Cha.G.L.X2432.X255.X1206}$PEPTIDE1,PEPTIDE1,1:R1-7:R2$$$",-6.47831378
"PEPTIDE1{X1393.A.R.Y.X1294.G.Y}$PEPTIDE1,PEPTIDE1,1:R1-7:R2$$$",-7.60294903
"PEPTIDE1{Q.Y.X49.G.X1029.F.X232}$PEPTIDE1,PEPTIDE1,1:R1-7:R2$$$",-6.70632340
"PEPTIDE1{G.G.P.X863.L.G.X315}$PEPTIDE1,PEPTIDE1,1:R1-7:R2$$$",-6.79794930
"PEPTIDE1{Q.Q.A.X49.Y.Q.X1707}$PEPTIDE1,PEPTIDE1,1:R1-7:R2$$$",-7.13162098
"PEPTIDE1{G.R.X1895.G.P.L.Y}$PEPTIDE1,PEPTIDE1,1:R1-7:R2$$$",-7.24897516
"PEPTIDE1{Q.Q.P.R.Y.Y.X2577}$PEPTIDE1,PEPTIDE1,1:R1-7:R2$$$",-7.02340960
"PEPTIDE1{X7.Q.L.L.R.X490.P}$PEPTIDE1,PEPTIDE1,1:R1-7:R2$$$",-6.68652347
"PEPTIDE1{Mono107.L.dP.Y.Aze.dR.Q}$PEPTIDE1,PEPTIDE1,1:R1-7:R2$$$",-6.56694932
"PEPTIDE1{X786.X737.Mono51.X2461.F.P.X2328}$PEPTIDE1,PEPTIDE1,1:R1-7:R2$$$",-7.39153378
"PEPTIDE1{X2516.G.X2432.X1004.Q.X1004.Y}$PEPTIDE1,PEPTIDE1,1:R1-7:R2$$$",-7.52318077
"PEPTIDE1{F.P.G.G.L.Q.P}$PEPTIDE1,PEPTIDE1,1:R1-7:R2$$$",-7.28729094
"PEPTIDE1{G.X581.L.R.A.P.G}$PEPTIDE1,PEPTIDE1,1:R1-7:R2$$$",-7.36963678
"PEPTIDE1{G.Q.X1410.Y.X2432.Y.Y}$PEPTIDE1,PEPTIDE1,1:R1-7:R2$$$",-7.48481806
"PEPTIDE1{Mono107.X946.A.Q.meL.Y.X375}$PEPTIDE1,PEPTIDE1,1:R1-7:R2$$$",-6.38751862
"PEPTIDE1{am_G.Q.dP.G.P.X2432.d(N->O)Gly(allyl)}$PEPTIDE1,PEPTIDE1,1:R1-7:R2$$$",-7.38752796
"PEPTIDE1{G.Y.P.P.Q.R.X2461}$PEPTIDE1,PEPTIDE1,1:R1-7:R2$$$",-6.52726515
"PEPTIDE1{R.X1811.Q.X305.L.G.P}$PEPTIDE1,PEPTIDE1,1:R1-7:R2$$$",-8.44234938
"PEPTIDE1{Q.X3004.F.P.A.Y.Q}$PEPTIDE1,PEPTIDE1,1:R1-7:R2$$$",-7.12728489
"PEPTIDE1{Y.Y.Y.A.R.F.Q}$PEPTIDE1,PEPTIDE1,1:R1-7:R2$$$",-7.51481293
"PEPTIDE1{G.L.F.X945.F.G.X956}$PEPTIDE1,PEPTIDE1,1:R1-7:R2$$$",-6.74098459
"PEPTIDE1{X2258.L.X3004.A.A.G.G}$PEPTIDE1,PEPTIDE1,1:R1-7:R2$$$",-7.16918200
"PEPTIDE1{X299.G.Y.L.Y.P.X1813}$PEPTIDE1,PEPTIDE1,1:R1-7:R2$$$",-6.37749743
"PEPTIDE1{F.R.(N->O)Tyr.Y.X255.L.G}$PEPTIDE1,PEPTIDE1,1:R1-7:R2$$$",-7.01358042
"PEPTIDE1{X1813.Q.S.G.R.L.X786}$PEPTIDE1,PEPTIDE1,1:R1-7:R2$$$",-6.97812921
"PEPTIDE1{Cha.X1956.G.Y.L.F.X946}$PEPTIDE1,PEPTIDE1,1:R1-7:R2$$$",-6.49635758
"PEPTIDE1{L.X2432.X2516.P.G.R.P}$PEPTIDE1,PEPTIDE1,1:R1-7:R2$$$",-7.44853010
"PEPTIDE1{X1004.X2432.G.Y.X2403.(N->O)Tyr.X1393}$PEPTIDE1,PEPTIDE1,1:R1-7:R2$$$",-6.68024080
"PEPTIDE1{X786.Q.X1035.X255.X143.X1813.G}$PEPTIDE1,PEPTIDE1,1:R1-7:R2$$$",-6.81855685
"PEPTIDE1{L.X1213.lalloHyp.F.Me_3-Pal.A.X1457}$PEPTIDE1,PEPTIDE1,1:R1-7:R2$$$",-6.19850915
"PEPTIDE1{Y.G.Mono60.X2329.R.X956.X232}$PEPTIDE1,PEPTIDE1,1:R1-7:R2$$$",-7.28595853
"PEPTIDE1{X1913.G.X786.X126.R.X1829.Q}$PEPTIDE1,PEPTIDE1,1:R1-7:R2$$$",-7.00534650
"PEPTIDE1{X1918.X255.Y.Y.F.Q.X2577}$PEPTIDE1,PEPTIDE1,1:R1-7:R2$$$",-6.22199846
"PEPTIDE1{R.X2754.Q.X255.X2432.X2050.G}$PEPTIDE1,PEPTIDE1,1:R1-7:R2$$$",-7.04134062
"PEPTIDE1{Mono19.X683.G.G.X2432.X1956.A}$PEPTIDE1,PEPTIDE1,1:R1-7:R2$$$",-7.42815419
"PEPTIDE1{G.X2258.Y.P.Q.G.X2328}$PEPTIDE1,PEPTIDE1,1:R1-7:R2$$$",-7.31999839
"PEPTIDE1{Y.X956.X261.G.Lys(2-MP).Q.Y}$PEPTIDE1,PEPTIDE1,1:R1-7:R2$$$",-6.83880607
"PEPTIDE1{A.L.Mono19.X956.R.X663.dPhe(2-F)}$PEPTIDE1,PEPTIDE1,1:R1-7:R2$$$",-7.06391244
"PEPTIDE1{X683.X49.X232.Q.X179.X2358.A}$PEPTIDE1,PEPTIDE1,1:R1-7:R2$$$",-7.02134637
"PEPTIDE1{G.G.L.P.Q.Mono16.P}$PEPTIDE1,PEPTIDE1,1:R1-7:R2$$$",-7.20125473
"PEPTIDE1{L.Y.dP.F.X255.X1004.Q}$PEPTIDE1,PEPTIDE1,1:R1-7:R2$$$",-6.43197814
"PEPTIDE1{P.G.Q.X3004.Q.X1811.X889}$PEPTIDE1,PEPTIDE1,1:R1-7:R2$$$",-7.74779554
"PEPTIDE1{X255.Y.Q.X1004.X1813.G.G}$PEPTIDE1,PEPTIDE1,1:R1-7:R2$$$",-7.13591373
"PEPTIDE1{d3-Pal.A.dHpr.X652.X956.X3004.X1004}$PEPTIDE1,PEPTIDE1,1:R1-7:R2$$$",-6.91933774
"PEPTIDE1{P.P.Aze.G.(N->O)Tyr.R.G}$PEPTIDE1,PEPTIDE1,1:R1-7:R2$$$",-6.80589113
"PEPTIDE1{Q.Q.F.G.Mono19.Q.Y}$PEPTIDE1,PEPTIDE1,1:R1-7:R2$$$",-7.49073059
"PEPTIDE1{Y.X2432.R.(N->O)Val.Q.A.X1664}$PEPTIDE1,PEPTIDE1,1:R1-7:R2$$$",-7.40255512
"PEPTIDE1{R.X305.G.G.P.X1918.G}$PEPTIDE1,PEPTIDE1,1:R1-7:R2$$$",-7.06356954
"PEPTIDE1{X612.X2328.X2403.Q.X2432.Y.X1800}$PEPTIDE1,PEPTIDE1,1:R1-7:R2$$$",-7.51491417
"PEPTIDE1{G.Q.L.X2432.X2432.G.Q}$PEPTIDE1,PEPTIDE1,1:R1-7:R2$$$",-7.01090465
"PEPTIDE1{F.G.(N->O)Val.Y.A.X1410.X569}$PEPTIDE1,PEPTIDE1,1:R1-7:R2$$$",-7.59566509
"PEPTIDE1{X1788.dP.X255.X1707.Y.F.G}$PEPTIDE1,PEPTIDE1,1:R1-7:R2$$$",-6.46038098
"PEPTIDE1{Y.X1432.X786.R.X2461.dCit.X1038}$PEPTIDE1,PEPTIDE1,1:R1-7:R2$$$",-6.97951125
"PEPTIDE1{Q.R.P.Mono60.L.L.G}$PEPTIDE1,PEPTIDE1,1:R1-7:R2$$$",-6.79000089
"PEPTIDE1{X946.R.X6.X529.P.X2461.X1704}$PEPTIDE1,PEPTIDE1,1:R1-7:R2$$$",-6.77793559
"PEPTIDE1{Y.F.Y.Y.X612.Phi.G}$PEPTIDE1,PEPTIDE1,1:R1-7:R2$$$",-6.41748118
"PEPTIDE1{Q.F.R.X1811.F.R.Y}$PEPTIDE1,PEPTIDE1,1:R1-7:R2$$$",-7.63235084
"PEPTIDE1{Y.X1829.X2328.X2432.Q.meL.Y}$PEPTIDE1,PEPTIDE1,1:R1-7:R2$$$",-6.74496200
"PEPTIDE1{Y.X946.X2432.X375.X1837.X46.P}$PEPTIDE1,PEPTIDE1,1:R1-7:R2$$$",-6.69360925
"PEPTIDE1{P.X1393.X956.X631.Sar.L.Y}$PEPTIDE1,PEPTIDE1,1:R1-7:R2$$$",-6.89334549
"PEPTIDE1{X1661.X786.R.P.Aze.P.X1788}$PEPTIDE1,PEPTIDE1,1:R1-7:R2$$$",-6.90516185
"PEPTIDE1{G.Q.Q.X2328.R.Q.Y}$PEPTIDE1,PEPTIDE1,1:R1-7:R2$$$",-7.65935620
"PEPTIDE1{G.X233.Y.G.X956.P.Q}$PEPTIDE1,PEPTIDE1,1:R1-7:R2$$$",-6.86842867
"PEPTIDE1{L.(N->O)Val.Q.R.G.P.X232}$PEPTIDE1,PEPTIDE1,1:R1-7:R2$$$",-6.72264146
"PEPTIDE1{P.R.X822.P.Q.X1956.Trp(7-Br)}$PEPTIDE1,PEPTIDE1,1:R1-7:R2$$$",-7.12152172
"PEPTIDE1{X2328.X683.(N->O)Tyr.X2403.G.X2432.X640}$PEPTIDE1,PEPTIDE1,1:R1-7:R2$$$",-7.68547686
"PEPTIDE1{G.X1989.X233.X1498.G.Aze.X1035}$PEPTIDE1,PEPTIDE1,1:R1-7:R2$$$",-6.83100013
"PEPTIDE1{G.X375.Bal.G.X945.G.P}$PEPTIDE1,PEPTIDE1,1:R1-7:R2$$$",-6.85109534
"PEPTIDE1{X232.dH.G.Y.X946.G.G}$PEPTIDE1,PEPTIDE1,1:R1-7:R2$$$",-7.02382030
"PEPTIDE1{Phe(CHF2).F.X1811.Y.L.Y.X1206}$PEPTIDE1,PEPTIDE1,1:R1-7:R2$$$",-6.33727282
"PEPTIDE1{F.Y.meW.X1813.X956.Q.X232}$PEPTIDE1,PEPTIDE1,1:R1-7:R2$$$",-7.19512170
"PEPTIDE1{G.X785.Q.X1119.X956.Y.Q}$PEPTIDE1,PEPTIDE1,1:R1-7:R2$$$",-7.29762578
"PEPTIDE1{P.Q.Q.X2577.X11.Q.X683}$PEPTIDE1,PEPTIDE1,1:R1-7:R2$$$",-7.30220091
"PEPTIDE1{G.X2461.G.F.Y.X1777.X1294}$PEPTIDE1,PEPTIDE1,1:R1-7:R2$$$",-7.01882781
"PEPTIDE1{X2577.X946.X786.X1661.X1588.X1898.Y}$PEPTIDE1,PEPTIDE1,1:R1-7:R2$$$",-6.82424187
"PEPTIDE1{P.P.G.X1457.Y.X11.P}$PEPTIDE1,PEPTIDE1,1:R1-7:R2$$$",-6.32985404
"PEPTIDE1{F.G.G.Q.G.X1010.X1004}$PEPTIDE1,PEPTIDE1,1:R1-7:R2$$$",-6.89405004
"PEPTIDE1{Trp(5-Br).P.G.X786.X1918.L.G}$PEPTIDE1,PEPTIDE1,1:R1-7:R2$$$",-7.12982997
"PEPTIDE1{F.F.R.P.GABA.X956.P}$PEPTIDE1,PEPTIDE1,1:R1-7:R2$$$",-7.06304889
"PEPTIDE1{L.F.L.X2432.Q.X612.Y}$PEPTIDE1,PEPTIDE1,1:R1-7:R2$$$",-6.62108829
"PEPTIDE1{Y.Y.Y.R.F.dP.Aze}$PEPTIDE1,PEPTIDE1,1:R1-7:R2$$$",-6.43300774
"PEPTIDE1{F.X1811.R.F.G.A.G}$PEPTIDE1,PEPTIDE1,1:R1-7:R2$$$",-7.67267879
"PEPTIDE1{Q.X956.F.X2328.X255.X1811.P}$PEPTIDE1,PEPTIDE1,1:R1-7:R2$$$",-8.09430162
"PEPTIDE1{dHpr.R.Q.Q.X1777.L.G}$PEPTIDE1,PEPTIDE1,1:R1-7:R2$$$",-6.92752785
"PEPTIDE1{G.L.A.Y.G.G.G}$PEPTIDE1,PEPTIDE1,1:R1-7:R2$$$",-6.91180314
"PEPTIDE1{P.Q.Q.G.X1029.G.P}$PEPTIDE1,PEPTIDE1,1:R1-7:R2$$$",-6.88120876
"PEPTIDE1{L.Aze.X2432.G.G.dP.G}$PEPTIDE1,PEPTIDE1,1:R1-7:R2$$$",-6.90402268
"PEPTIDE1{L.Y.Q.G.G.dHpr.X981}$PEPTIDE1,PEPTIDE1,1:R1-7:R2$$$",-6.44937762
"PEPTIDE1{Phe(CHF2).X1457.P.F.X1811.X591.P}$PEPTIDE1,PEPTIDE1,1:R1-7:R2$$$",-6.21685196
"PEPTIDE1{P.L.Y.X3004.X956.X2747.X1206}$PEPTIDE1,PEPTIDE1,1:R1-7:R2$$$",-6.94104998
"PEPTIDE1{dPhe(2-F).X2258.X956.X2432.X2432.L.X2791}$PEPTIDE1,PEPTIDE1,1:R1-7:R2$$$",-7.00244107
"PEPTIDE1{Q.X956.F.X490.R.Q.(N->O)Val}$PEPTIDE1,PEPTIDE1,1:R1-7:R2$$$",-6.40193064
"PEPTIDE1{X1956.P.A.G.P.P.X1432}$PEPTIDE1,PEPTIDE1,1:R1-7:R2$$$",-7.10432929
"PEPTIDE1{Q.X1457.X387.G.X2432.F.A}$PEPTIDE1,PEPTIDE1,1:R1-7:R2$$$",-6.38297789
"PEPTIDE1{Y.Y.Q.X255.Y.Q.X798}$PEPTIDE1,PEPTIDE1,1:R1-7:R2$$$",-7.40298163
"PEPTIDE1{X136.Y.X916.X2432.Q.G.X261}$PEPTIDE1,PEPTIDE1,1:R1-7:R2$$$",-7.43017346
"PEPTIDE1{P.homoPhe_4CF3_3Cl.P.X2461.R.X566.G}$PEPTIDE1,PEPTIDE1,1:R1-7:R2$$$",-6.84268633
"PEPTIDE1{G.X956.R.dP.Q.Q.Y}$PEPTIDE1,PEPTIDE1,1:R1-7:R2$$$",-7.17712131
"PEPTIDE1{dHpr.X1971.X1720.X305.X504.L.Q}$PEPTIDE1,PEPTIDE1,1:R1-7:R2$$$",-6.85096071
"PEPTIDE1{Y.X49.Q.X1457.L.Q.X314}$PEPTIDE1,PEPTIDE1,1:R1-7:R2$$$",-6.61013802
"PEPTIDE1{dS.X1004.G.G.F.X2132.X2791}$PEPTIDE1,PEPTIDE1,1:R1-7:R2$$$",-7.72074023
"PEPTIDE1{X1895.Mono50.A.G.X1895.Q.Q}$PEPTIDE1,PEPTIDE1,1:R1-7:R2$$$",-7.85262283
"PEPTIDE1{F.Y.Y.Mono107.F.am_G.X1956}$PEPTIDE1,PEPTIDE1,1:R1-7:R2$$$",-6.98982540
"PEPTIDE1{X2432.X81.L.X297.Y.X1004.Y}$PEPTIDE1,PEPTIDE1,1:R1-7:R2$$$",-5.91946335
"PEPTIDE1{X785.X305.P.X2432.P.Mono107.X196}$PEPTIDE1,PEPTIDE1,1:R1-7:R2$$$",-6.80518790
"PEPTIDE1{Y.P.X880.X2432.X2432.Q.Q}$PEPTIDE1,PEPTIDE1,1:R1-7:R2$$$",-7.07302565
"PEPTIDE1{G.Q.Y.X1811.X2432.Y.P}$PEPTIDE1,PEPTIDE1,1:R1-7:R2$$$",-7.78406609
"PEPTIDE1{R.L.L.G.d(N->O)Gly(allyl).F.G}$PEPTIDE1,PEPTIDE1,1:R1-7:R2$$$",-6.86032333
"PEPTIDE1{X946.X1393.X1038.F.Y.Q.Y}$PEPTIDE1,PEPTIDE1,1:R1-7:R2$$$",-7.60165047
"PEPTIDE1{A.Y.G.L.X612.G.X1788}$PEPTIDE1,PEPTIDE1,1:R1-7:R2$$$",-6.97346751
"PEPTIDE1{P.Q.Y.Mono106.A.P.X1410}$PEPTIDE1,PEPTIDE1,1:R1-7:R2$$$",-7.14808217
"PEPTIDE1{X2791.G.L.X946.X2432.Y.(N->O)Tyr}$PEPTIDE1,PEPTIDE1,1:R1-7:R2$$$",-7.15525065
"PEPTIDE1{Q.X179.X785.R.X1788.R.X1004}$PEPTIDE1,PEPTIDE1,1:R1-7:R2$$$",-7.23986788
"PEPTIDE1{G.X1253.X299.G.G.X299.P}$PEPTIDE1,PEPTIDE1,1:R1-7:R2$$$",-7.33530142
"PEPTIDE1{P.F.G.G.Y.R.Y}$PEPTIDE1,PEPTIDE1,1:R1-7:R2$$$",-7.10948625
"PEPTIDE1{Y.X981.Hpr.X1004.Q.X1811.Y}$PEPTIDE1,PEPTIDE1,1:R1-7:R2$$$",-8.64024231
"PEPTIDE1{G.X663.L.X196.Q.X956.G}$PEPTIDE1,PEPTIDE1,1:R1-7:R2$$$",-6.84398941
"PEPTIDE1{G.X981.F.L.Y.X2577.X2465}$PEPTIDE1,PEPTIDE1,1:R1-7:R2$$$",-6.36090146
"PEPTIDE1{G.F.F.Mono107.X2203.P.X11}$PEPTIDE1,PEPTIDE1,1:R1-7:R2$$$",-7.35040560
"PEPTIDE1{Y.P.X255.Q.Y.X7.Q}$PEPTIDE1,PEPTIDE1,1:R1-7:R2$$$",-6.73280394
"PEPTIDE1{F.X785.P.X2432.X314.Y.P}$PEPTIDE1,PEPTIDE1,1:R1-7:R2$$$",-6.97413885
"PEPTIDE1{X786.X2258.dS.F.R.G.Mono107}$PEPTIDE1,PEPTIDE1,1:R1-7:R2$$$",-7.38377938
"PEPTIDE1{P.G.X1004.X6.Q.Y.Q}$PEPTIDE1,PEPTIDE1,1:R1-7:R2$$$",-7.62062196
"PEPTIDE1{Q.X1035.X2432.X1350.Q.G.X1777}$PEPTIDE1,PEPTIDE1,1:R1-7:R2$$$",-6.56808472
"PEPTIDE1{G.X49.Y.L.L.X1777.Y}$PEPTIDE1,PEPTIDE1,1:R1-7:R2$$$",-6.70577290
"PEPTIDE1{Y.F.X1004.Mono47.L.X2461.P}$PEPTIDE1,PEPTIDE1,1:R1-7:R2$$$",-6.20026962
"PEPTIDE1{P.X916.R.Aze.G.Aze.Y}$PEPTIDE1,PEPTIDE1,1:R1-7:R2$$$",-6.81778132
"PEPTIDE1{Q.X824.G.dR.F.P.Q}$PEPTIDE1,PEPTIDE1,1:R1-7:R2$$$",-6.52170022
"PEPTIDE1{L.G.X2432.Y.X314.X591.X233}$PEPTIDE1,PEPTIDE1,1:R1-7:R2$$$",-7.07896080
"PEPTIDE1{F.L.R.Cha.X786.X1004.G}$PEPTIDE1,PEPTIDE1,1:R1-7:R2$$$",-6.63260537
"PEPTIDE1{F.X1811.G.F.X6.R.X2804}$PEPTIDE1,PEPTIDE1,1:R1-7:R2$$$",-7.90256982
"PEPTIDE1{X981.X7.G.X1187.X631.X255.X179}$PEPTIDE1,PEPTIDE1,1:R1-7:R2$$$",-7.07299627
"PEPTIDE1{G.L.F.X1829.P.X2113.Y}$PEPTIDE1,PEPTIDE1,1:R1-7:R2$$$",-6.65056007
"PEPTIDE1{F.L.Y.R.X1811.G.G}$PEPTIDE1,PEPTIDE1,1:R1-7:R2$$$",-7.57768514
"PEPTIDE1{Q.Q.G.X299.F.X946.X1457}$PEPTIDE1,PEPTIDE1,1:R1-7:R2$$$",-6.31520303
"PEPTIDE1{F.X425.Q.G.X2048.X956.X2669}$PEPTIDE1,PEPTIDE1,1:R1-7:R2$$$",-7.41224653
"PEPTIDE1{L.X1707.X1010.A.Mono19.X1664.P}$PEPTIDE1,PEPTIDE1,1:R1-7:R2$$$",-6.63878369
"PEPTIDE1{X2328.Bal.Q.A.R.Y.Q}$PEPTIDE1,PEPTIDE1,1:R1-7:R2$$$",-7.70843457
"PEPTIDE1{L.G.Y.X981.am_G.X956.X786}$PEPTIDE1,PEPTIDE1,1:R1-7:R2$$$",-6.75215794
"PEPTIDE1{A.P.Me_3-Pal.X1010.Q.G.G}$PEPTIDE1,PEPTIDE1,1:R1-7:R2$$$",-6.62787205
"PEPTIDE1{Mono107.X1813.F.R.P.X2432.P}$PEPTIDE1,PEPTIDE1,1:R1-7:R2$$$",-7.05043667
"PEPTIDE1{G.G.X2577.R.R.Q.X956}$PEPTIDE1,PEPTIDE1,1:R1-7:R2$$$",-6.98771688
"PEPTIDE1{X2465.X956.R.P.X46.X663.Q}$PEPTIDE1,PEPTIDE1,1:R1-7:R2$$$",-7.11301340
"PEPTIDE1{G.P.P.X1811.L.Aze.G}$PEPTIDE1,PEPTIDE1,1:R1-7:R2$$$",-6.32995573
"PEPTIDE1{F.P.X3004.Y.X255.G.X3004}$PEPTIDE1,PEPTIDE1,1:R1-7:R2$$$",-7.14833997
"PEPTIDE1{X1004.L.X612.P.X1004.Aze.X2113}$PEPTIDE1,PEPTIDE1,1:R1-7:R2$$$",-6.22326497
"PEPTIDE1{R.F.X2432.Q.F.G.G}$PEPTIDE1,PEPTIDE1,1:R1-7:R2$$$",-7.16287663
"PEPTIDE1{P.F.X314.dNle.G.G.d3-Pal}$PEPTIDE1,PEPTIDE1,1:R1-7:R2$$$",-7.10479769
"PEPTIDE1{X1457.G.F.X786.Q.A.dP}$PEPTIDE1,PEPTIDE1,1:R1-7:R2$$$",-6.76994014
"PEPTIDE1{X786.X2432.Y.X1811.Q.Q.Q}$PEPTIDE1,PEPTIDE1,1:R1-7:R2$$$",-7.81811084
"PEPTIDE1{Q.X956.Mono50.L.F.P.Q}$PEPTIDE1,PEPTIDE1,1:R1-7:R2$$$",-6.79031243
"PEPTIDE1{dP.X956.meL.R.X1918.Q.Q}$PEPTIDE1,PEPTIDE1,1:R1-7:R2$$$",-7.11750986
"PEPTIDE1{Y.X1811.X255.G.G.X233.Y}$PEPTIDE1,PEPTIDE1,1:R1-7:R2$$$",-6.27477837
"PEPTIDE1{X702.L.X2258.X946.G.Y.Y}$PEPTIDE1,PEPTIDE1,1:R1-7:R2$$$",-7.49984597
"PEPTIDE1{R.X2747.G.R.X1813.Y.Q}$PEPTIDE1,PEPTIDE1,1:R1-7:R2$$$",-7.12298334
"PEPTIDE1{P.X824.Q.Y.G.R.Q}$PEPTIDE1,PEPTIDE1,1:R1-7:R2$$$",-6.78009631
"PEPTIDE1{Q.L.X233.R.X7.G.Q}$PEPTIDE1,PEPTIDE1,1:R1-7:R2$$$",-7.33075617
"PEPTIDE1{X1540.G.Trp(7-Br).Cha.G.F.X1811}$PEPTIDE1,PEPTIDE1,1:R1-7:R2$$$",-6.58877664
"PEPTIDE1{P.Q.L.X1004.X822.X1661.HOCOCH2_Bal}$PEPTIDE1,PEPTIDE1,1:R1-7:R2$$$",-6.54097973
"PEPTIDE1{R.(N->O)Tyr.Y.P.F.X490.X1004}$PEPTIDE1,PEPTIDE1,1:R1-7:R2$$$",-6.48604981
"PEPTIDE1{R.F.X907.Y.X946.X1548.X1813}$PEPTIDE1,PEPTIDE1,1:R1-7:R2$$$",-6.98205127
"PEPTIDE1{X1004.G.Q.X1457.X2461.G.X956}$PEPTIDE1,PEPTIDE1,1:R1-7:R2$$$",-6.55506339
"PEPTIDE1{G.X2432.X233.R.X981.Q.X2328}$PEPTIDE1,PEPTIDE1,1:R1-7:R2$$$",-7.04514340
"PEPTIDE1{G.Q.X1693.X1788.P.Q.X577}$PEPTIDE1,PEPTIDE1,1:R1-7:R2$$$",-6.66152609
"PEPTIDE1{P.G.Q.(N->O)Val.Y.F.X277}$PEPTIDE1,PEPTIDE1,1:R1-7:R2$$$",-6.79913152
"PEPTIDE1{X1895.dP.Y.X3011.R.Q.dPhe(2-F)}$PEPTIDE1,PEPTIDE1,1:R1-7:R2$$$",-7.73556148
"PEPTIDE1{F.P.Q.R.Q.Y.X612}$PEPTIDE1,PEPTIDE1,1:R1-7:R2$$$",-7.02463084
"PEPTIDE1{G.dCit.G.dS.X1788.X956.Q}$PEPTIDE1,PEPTIDE1,1:R1-7:R2$$$",-6.79917877
"PEPTIDE1{Q.X1788.X1393.G.F.X2432.Y}$PEPTIDE1,PEPTIDE1,1:R1-7:R2$$$",-6.75930678
"PEPTIDE1{Q.X2113.G.Y.X1457.P.G}$PEPTIDE1,PEPTIDE1,1:R1-7:R2$$$",-6.45096373
"PEPTIDE1{X2258.Y.Y.dHpr.Q.Q.X1457}$PEPTIDE1,PEPTIDE1,1:R1-7:R2$$$",-6.48093052
"PEPTIDE1{P.X196.Y.R.P.Y.G}$PEPTIDE1,PEPTIDE1,1:R1-7:R2$$$",-7.12253477
"PEPTIDE1{P.G.Q.L.dHpr.L.Y}$PEPTIDE1,PEPTIDE1,1:R1-7:R2$$$",-6.47435306
"PEPTIDE1{Y.X1769.L.R.Y.P.P}$PEPTIDE1,PEPTIDE1,1:R1-7:R2$$$",-6.37712423
"PEPTIDE1{R.X233.Mono19.X1294.X2432.R.X2327}$PEPTIDE1,PEPTIDE1,1:R1-7:R2$$$",-7.21509938
"PEPTIDE1{Y.P.G.F.P.Aze.G}$PEPTIDE1,PEPTIDE1,1:R1-7:R2$$$",-6.86076050
"PEPTIDE1{X255.Y.P.Q.X786.X314.Q}$PEPTIDE1,PEPTIDE1,1:R1-7:R2$$$",-7.00444600
"PEPTIDE1{R.X786.X1811.L.X2669.G.Q}$PEPTIDE1,PEPTIDE1,1:R1-7:R2$$$",-7.80308563
"PEPTIDE1{G.F.P.G.Mono107.L.X1800}$PEPTIDE1,PEPTIDE1,1:R1-7:R2$$$",-7.06127895
"PEPTIDE1{X956.G.Q.Me_dW.R.G.A}$PEPTIDE1,PEPTIDE1,1:R1-7:R2$$$",-7.46019213
"PEPTIDE1{P.F.X946.G.dNle.Y.X201}$PEPTIDE1,PEPTIDE1,1:R1-7:R2$$$",-7.24694722
"PEPTIDE1{G.F.Mono106.R.G.Y.Y}$PEPTIDE1,PEPTIDE1,1:R1-7:R2$$$",-7.45021900
"PEPTIDE1{P.P.Q.X1749.X1813.Q.G}$PEPTIDE1,PEPTIDE1,1:R1-7:R2$$$",-6.95502228
"PEPTIDE1{X725.L.X1457.X255.X2432.X2432.Q}$PEPTIDE1,PEPTIDE1,1:R1-7:R2$$$",-6.59831526
"PEPTIDE1{X2754.Y.Q.X2328.X569.X591.X314}$PEPTIDE1,PEPTIDE1,1:R1-7:R2$$$",-7.67926369
"PEPTIDE1{F.(N->O)Val.Q.X1395.F.Y.X956}$PEPTIDE1,PEPTIDE1,1:R1-7:R2$$$",-7.33801400
"PEPTIDE1{A.X956.X1813.X6.R.Mono50.X490}$PEPTIDE1,PEPTIDE1,1:R1-7:R2$$$",-6.91152580
"PEPTIDE1{X1004.X1004.X1811.X786.G.G.Y}$PEPTIDE1,PEPTIDE1,1:R1-7:R2$$$",-7.73310000
"PEPTIDE1{Y.G.Y.R.X425.P.Y}$PEPTIDE1,PEPTIDE1,1:R1-7:R2$$$",-7.53145435
"PEPTIDE1{Q.P.L.A.(N->O)Tyr.X1004.Y}$PEPTIDE1,PEPTIDE1,1:R1-7:R2$$$",-7.33104604
"PEPTIDE1{R.G.R.L.X1038.Q.X956}$PEPTIDE1,PEPTIDE1,1:R1-7:R2$$$",-7.29889217
"PEPTIDE1{X2432.X2285.Y.X2432.X2719.Y.X1410}$PEPTIDE1,PEPTIDE1,1:R1-7:R2$$$",-7.62876627
"PEPTIDE1{G.L.A.G.dNle.X2432.P}$PEPTIDE1,PEPTIDE1,1:R1-7:R2$$$",-7.07741300
"PEPTIDE1{Q.G.X1004.Y.G.X946.X1798}$PEPTIDE1,PEPTIDE1,1:R1-7:R2$$$",-7.36662017
"PEPTIDE1{Y.P.P.X1004.P.Mono16.G}$PEPTIDE1,PEPTIDE1,1:R1-7:R2$$$",-6.92585250
"PEPTIDE1{Q.R.Y.X2339.G.G.Y}$PEPTIDE1,PEPTIDE1,1:R1-7:R2$$$",-7.76433279
"PEPTIDE1{F.X2461.X601.G.X2432.G.P}$PEPTIDE1,PEPTIDE1,1:R1-7:R2$$$",-6.72706441
"PEPTIDE1{L.G.Q.G.F.X956.P}$PEPTIDE1,PEPTIDE1,1:R1-7:R2$$$",-6.86627549
"PEPTIDE1{X255.L.dP.F.P.Q.Y}$PEPTIDE1,PEPTIDE1,1:R1-7:R2$$$",-6.39279543
"PEPTIDE1{G.R.Q.X1811.R.Me_dW.P}$PEPTIDE1,PEPTIDE1,1:R1-7:R2$$$",-8.35250000
"PEPTIDE1{Y.X11.X1393.P.G.P.G}$PEPTIDE1,PEPTIDE1,1:R1-7:R2$$$",-6.60199071
"PEPTIDE1{R.X1788.X1811.X233.X2432.Y.G}$PEPTIDE1,PEPTIDE1,1:R1-7:R2$$$",-8.25263055
"PEPTIDE1{Q.X2432.Q.Q.Y.G.Q}$PEPTIDE1,PEPTIDE1,1:R1-7:R2$$$",-6.93500000
"PEPTIDE1{X2461.Q.R.X1798.G.Q.Q}$PEPTIDE1,PEPTIDE1,1:R1-7:R2$$$",-6.82597681
"PEPTIDE1{L.X2432.L.L.X1393.dK.X2258}$PEPTIDE1,PEPTIDE1,1:R1-7:R2$$$",-6.74427385
"PEPTIDE1{Mono106.X1956.G.Q.G.Y.G}$PEPTIDE1,PEPTIDE1,1:R1-7:R2$$$",-7.29989978
"PEPTIDE1{X1004.Q.P.X1895.X631.X1664.Y}$PEPTIDE1,PEPTIDE1,1:R1-7:R2$$$",-7.47677752
"PEPTIDE1{F.X1020.dPhe(2-F).Y.G.X566.G}$PEPTIDE1,PEPTIDE1,1:R1-7:R2$$$",-8.02111327
"PEPTIDE1{Y.X1802.G.F.G.L.Y}$PEPTIDE1,PEPTIDE1,1:R1-7:R2$$$",-7.49319523
"PEPTIDE1{P.X2577.Y.F.Q.P.Q}$PEPTIDE1,PEPTIDE1,1:R1-7:R2$$$",-6.14825775
"PEPTIDE1{P.Mono107.Q.G.Q.X1038.X2577}$PEPTIDE1,PEPTIDE1,1:R1-7:R2$$$",-6.94887747
"PEPTIDE1{X3004.Q.X2577.X956.P.Q.X3004}$PEPTIDE1,PEPTIDE1,1:R1-7:R2$$$",-7.02871914
"PEPTIDE1{P.G.X3004.P.G.F.Mono50}$PEPTIDE1,PEPTIDE1,1:R1-7:R2$$$",-7.18776033
"PEPTIDE1{G.R.R.G.Bal.Y.X591}$PEPTIDE1,PEPTIDE1,1:R1-7:R2$$$",-7.38142093
"PEPTIDE1{L.(N->O)Tyr.G.P.G.P.X49}$PEPTIDE1,PEPTIDE1,1:R1-7:R2$$$",-6.87607451
"PEPTIDE1{Q.Mono106.Q.Cha.X2258.X1457.G}$PEPTIDE1,PEPTIDE1,1:R1-7:R2$$$",-6.95687200
"PEPTIDE1{X261.R.X2113.P.X314.G.G}$PEPTIDE1,PEPTIDE1,1:R1-7:R2$$$",-7.32524560
"PEPTIDE1{X1811.X631.Q.A.Y.L.Q}$PEPTIDE1,PEPTIDE1,1:R1-7:R2$$$",-7.54939576
"PEPTIDE1{G.F.X2432.X1004.X2391.F.Q}$PEPTIDE1,PEPTIDE1,1:R1-7:R2$$$",-7.04682664
"PEPTIDE1{X2461.Y.X2432.P.X2791.G.Y}$PEPTIDE1,PEPTIDE1,1:R1-7:R2$$$",-6.88018188
"PEPTIDE1{Y.A.X49.L.X2113.L.P}$PEPTIDE1,PEPTIDE1,1:R1-7:R2$$$",-6.86474304
"PEPTIDE1{Q.P.L.Q.G.Y.Q}$PEPTIDE1,PEPTIDE1,1:R1-7:R2$$$",-7.12033188
"PEPTIDE1{Q.F.Y.G.F.X683.X1664}$PEPTIDE1,PEPTIDE1,1:R1-7:R2$$$",-7.66848542
"PEPTIDE1{X1004.G.X2285.X534.R.G.Q}$PEPTIDE1,PEPTIDE1,1:R1-7:R2$$$",-7.70570524
"PEPTIDE1{X164.R.F.X1457.Q.Q.Q}$PEPTIDE1,PEPTIDE1,1:R1-7:R2$$$",-6.35633703
"PEPTIDE1{G.G.R.F.X1393.Mono107.X1035}$PEPTIDE1,PEPTIDE1,1:R1-7:R2$$$",-6.93924837
"PEPTIDE1{X504.(N->O)Val.G.Q.X1410.G.G}$PEPTIDE1,PEPTIDE1,1:R1-7:R2$$$",-7.27494534
"PEPTIDE1{G.Y.X1294.F.G.G.X591}$PEPTIDE1,PEPTIDE1,1:R1-7:R2$$$",-7.46015665
"PEPTIDE1{L.X2432.Cit.P.Q.X1190.dP}$PEPTIDE1,PEPTIDE1,1:R1-7:R2$$$",-6.88307916
"PEPTIDE1{P.X233.F.X946.Y.P.(N->O)Val}$PEPTIDE1,PEPTIDE1,1:R1-7:R2$$$",-6.32571390
"PEPTIDE1{Q.F.X1004.P.dHpr.X3004.P}$PEPTIDE1,PEPTIDE1,1:R1-7:R2$$$",-6.64041268
"PEPTIDE1{X1457.G.F.R.G.A.Y}$PEPTIDE1,PEPTIDE1,1:R1-7:R2$$$",-6.91366867
"PEPTIDE1{P.F.F.X49.2-Pal.X591.P}$PEPTIDE1,PEPTIDE1,1:R1-7:R2$$$",-6.49948741
"PEPTIDE1{Q.F.G.X1410.X6.X2754.Cit}$PEPTIDE1,PEPTIDE1,1:R1-7:R2$$$",-8.50738143
"PEPTIDE1{L.L.L.X631.F.P.G}$PEPTIDE1,PEPTIDE1,1:R1-7:R2$$$",-7.01898815
"PEPTIDE1{Y.Q.X179.(N->O)Tyr.G.Mono106.X2328}$PEPTIDE1,PEPTIDE1,1:R1-7:R2$$$",-7.63070171
"PEPTIDE1{F.X1798.X2791.X2754.Q.P.A}$PEPTIDE1,PEPTIDE1,1:R1-7:R2$$$",-7.59825800
"PEPTIDE1{X1749.Q.Y.am_G.G.(N->O)Tyr.A}$PEPTIDE1,PEPTIDE1,1:R1-7:R2$$$",-7.54515929
"PEPTIDE1{Q.Aze.P.Y.R.R.P}$PEPTIDE1,PEPTIDE1,1:R1-7:R2$$$",-6.69962818
"PEPTIDE1{R.G.Q.L.X2577.G.P}$PEPTIDE1,PEPTIDE1,1:R1-7:R2$$$",-7.12806262
"PEPTIDE1{Q.A.G.Y.G.R.X1004}$PEPTIDE1,PEPTIDE1,1:R1-7:R2$$$",-7.59941845
"PEPTIDE1{Q.Mono50.X1004.X314.X569.X49.X1895}$PEPTIDE1,PEPTIDE1,1:R1-7:R2$$$",-7.54609555
"PEPTIDE1{G.Q.X1004.X297.X916.Y.G}$PEPTIDE1,PEPTIDE1,1:R1-7:R2$$$",-6.92328724
"PEPTIDE1{X1664.Y.R.Q.X2258.L.X552}$PEPTIDE1,PEPTIDE1,1:R1-7:R2$$$",-7.12738118
"PEPTIDE1{P.dHpr.Q.(N->O)Val.Q.X1664.X1206}$PEPTIDE1,PEPTIDE1,1:R1-7:R2$$$",-6.72430023
"PEPTIDE1{Phe(CHF2).Mono50.X671.P.R.X11.G}$PEPTIDE1,PEPTIDE1,1:R1-7:R2$$$",-7.06250688
"PEPTIDE1{X2432.G.X2432.G.L.X863.X233}$PEPTIDE1,PEPTIDE1,1:R1-7:R2$$$",-6.54887776
"PEPTIDE1{P.X956.Q.X981.F.X2432.X490}$PEPTIDE1,PEPTIDE1,1:R1-7:R2$$$",-6.48981447
"PEPTIDE1{X1058.X425.X233.X2113.P.F.Q}$PEPTIDE1,PEPTIDE1,1:R1-7:R2$$$",-7.17241488
"PEPTIDE1{Q.G.G.R.X1395.R.X1661}$PEPTIDE1,PEPTIDE1,1:R1-7:R2$$$",-6.90497520
"PEPTIDE1{X425.F.G.X946.X2577.X1661.Q}$PEPTIDE1,PEPTIDE1,1:R1-7:R2$$$",-6.53989443
"PEPTIDE1{X1410.R.G.F.Y.Y.P}$PEPTIDE1,PEPTIDE1,1:R1-7:R2$$$",-7.23678719
"PEPTIDE1{X1294.P.X1498.L.Q.Q.G}$PEPTIDE1,PEPTIDE1,1:R1-7:R2$$$",-7.00897327
"PEPTIDE1{X1395.X1918.P.F.X2432.Q.G}$PEPTIDE1,PEPTIDE1,1:R1-7:R2$$$",-7.29774663
"PEPTIDE1{X3004.P.X956.P.Y.X255.X233}$PEPTIDE1,PEPTIDE1,1:R1-7:R2$$$",-7.01123330
"PEPTIDE1{X255.X49.Q.G.G.X305.P}$PEPTIDE1,PEPTIDE1,1:R1-7:R2$$$",-6.52314628
"PEPTIDE1{Q.X566.X1395.F.A.Y.Q}$PEPTIDE1,PEPTIDE1,1:R1-7:R2$$$",-7.80549361
"PEPTIDE1{Q.X2432.Y.am_G.Q.X1720.X196}$PEPTIDE1,PEPTIDE1,1:R1-7:R2$$$",-7.44711514
"PEPTIDE1{X1811.Q.G.P.dHpr.G.Mono16}$PEPTIDE1,PEPTIDE1,1:R1-7:R2$$$",-8.40068024
"PEPTIDE1{Q.X232.Y.R.G.X2577.Q}$PEPTIDE1,PEPTIDE1,1:R1-7:R2$$$",-6.70143214
"PEPTIDE1{F.X2432.Y.L.X577.L.dS}$PEPTIDE1,PEPTIDE1,1:R1-7:R2$$$",-6.83266429
"PEPTIDE1{X1788.Y.Q.X255.P.R.X1294}$PEPTIDE1,PEPTIDE1,1:R1-7:R2$$$",-6.69340867
"PEPTIDE1{X180.R.F.Q.am_G.P.Y}$PEPTIDE1,PEPTIDE1,1:R1-7:R2$$$",-7.14225962
"PEPTIDE1{L.Mono19.G.F.X1811.L.P}$PEPTIDE1,PEPTIDE1,1:R1-7:R2$$$",-6.29881848
"PEPTIDE1{Q.X1004.X663.L.F.X956.Mono51}$PEPTIDE1,PEPTIDE1,1:R1-7:R2$$$",-6.96375748
"PEPTIDE1{Q.Q.G.Aze.R.G.Q}$PEPTIDE1,PEPTIDE1,1:R1-7:R2$$$",-7.28067183
"PEPTIDE1{Q.X2669.X916.X2432.X2403.G.G}$PEPTIDE1,PEPTIDE1,1:R1-7:R2$$$",-7.54855701
"PEPTIDE1{X2432.Bal.X2432.F.Y.X1457.X2432}$PEPTIDE1,PEPTIDE1,1:R1-7:R2$$$",-6.30516975
"PEPTIDE1{X573.P.X956.X187.F.X1253.X2258}$PEPTIDE1,PEPTIDE1,1:R1-7:R2$$$",-6.86777139
"PEPTIDE1{X529.P.X1895.X233.G.P.dHpr}$PEPTIDE1,PEPTIDE1,1:R1-7:R2$$$",-6.91326633
"PEPTIDE1{dP.F.P.G.Y.X916.G}$PEPTIDE1,PEPTIDE1,1:R1-7:R2$$$",-7.39115419
"PEPTIDE1{X2791.P.A.Q.R.Y.G}$PEPTIDE1,PEPTIDE1,1:R1-7:R2$$$",-7.54095469
"PEPTIDE1{X425.X3004.G.Q.dP.X101.G}$PEPTIDE1,PEPTIDE1,1:R1-7:R2$$$",-6.66110547
"PEPTIDE1{Q.X305.Q.Q.A.X1720.X956}$PEPTIDE1,PEPTIDE1,1:R1-7:R2$$$",-6.59678265
"PEPTIDE1{Q.X490.R.X2432.X1777.L.X786}$PEPTIDE1,PEPTIDE1,1:R1-7:R2$$$",-6.70621150
"PEPTIDE1{R.X2501.Q.Q.X1432.F.dS}$PEPTIDE1,PEPTIDE1,1:R1-7:R2$$$",-7.68205112
"PEPTIDE1{X2577.F.Y.F.Q.X1664.X946}$PEPTIDE1,PEPTIDE1,1:R1-7:R2$$$",-6.44967235
"PEPTIDE1{X2577.(N->O)Val.F.X956.X1768.Bal.X786}$PEPTIDE1,PEPTIDE1,1:R1-7:R2$$$",-7.20293425
"PEPTIDE1{Y.R.G.F.Q.X981.G}$PEPTIDE1,PEPTIDE1,1:R1-7:R2$$$",-6.45928282
"PEPTIDE1{P.P.am_G.P.R.R.X2461}$PEPTIDE1,PEPTIDE1,1:R1-7:R2$$$",-7.33757748
"PEPTIDE1{X2719.X786.X2804.P.X299.Mono19.Y}$PEPTIDE1,PEPTIDE1,1:R1-7:R2$$$",-7.08420671
"PEPTIDE1{X1802.G.Aze.Mono19.X822.P.Q}$PEPTIDE1,PEPTIDE1,1:R1-7:R2$$$",-7.27144158
"PEPTIDE1{Y.X2132.X956.G.Q.X2461.X2217}$PEPTIDE1,PEPTIDE1,1:R1-7:R2$$$",-6.86052527
"PEPTIDE1{X786.Q.G.X1811.Mono106.G.dHpr}$PEPTIDE1,PEPTIDE1,1:R1-7:R2$$$",-7.85212189
"PEPTIDE1{dHpr.X255.F.X265.R.X956.X1457}$PEPTIDE1,PEPTIDE1,1:R1-7:R2$$$",-6.52188181
"PEPTIDE1{X2432.X11.dP.X591.L.G.G}$PEPTIDE1,PEPTIDE1,1:R1-7:R2$$$",-7.26202543
"PEPTIDE1{dHpr.G.Q.Q.X2327.G.X591}$PEPTIDE1,PEPTIDE1,1:R1-7:R2$$$",-7.09477561
"PEPTIDE1{F.L.Q.F.X2328.Y.X2461}$PEPTIDE1,PEPTIDE1,1:R1-7:R2$$$",-6.96879129
"PEPTIDE1{Cha.X2577.Y.X1813.R.G.X956}$PEPTIDE1,PEPTIDE1,1:R1-7:R2$$$",-6.78360571
"PEPTIDE1{G.X1004.X233.Y.X1707.F.X11}$PEPTIDE1,PEPTIDE1,1:R1-7:R2$$$",-7.23510976
"PEPTIDE1{G.P.P.G.G.dHpr.X612}$PEPTIDE1,PEPTIDE1,1:R1-7:R2$$$",-6.88524428
"PEPTIDE1{G.A.X2432.X1004.X1918.R.Q}$PEPTIDE1,PEPTIDE1,1:R1-7:R2$$$",-7.67161142
"PEPTIDE1{L.X425.X946.Y.Q.L.P}$PEPTIDE1,PEPTIDE1,1:R1-7:R2$$$",-7.00501600
"PEPTIDE1{G.X1004.G.G.X798.Q.P}$PEPTIDE1,PEPTIDE1,1:R1-7:R2$$$",-7.28958834
"PEPTIDE1{Q.Bal.R.X1664.X2432.Y.X1811}$PEPTIDE1,PEPTIDE1,1:R1-7:R2$$$",-7.88291949
"PEPTIDE1{X612.P.P.G.F.Y.Y}$PEPTIDE1,PEPTIDE1,1:R1-7:R2$$$",-6.55365577
"PEPTIDE1{X1588.Trp(7-Br).Y.Q.Q.X631.G}$PEPTIDE1,PEPTIDE1,1:R1-7:R2$$$",-7.33319024
"PEPTIDE1{X1035.F.Y.G.P.G.Y}$PEPTIDE1,PEPTIDE1,1:R1-7:R2$$$",-6.26969238
"PEPTIDE1{R.X204.X11.X956.F.G.Y}$PEPTIDE1,PEPTIDE1,1:R1-7:R2$$$",-7.18542473
"PEPTIDE1{P.Y.Q.F.P.P.X1817}$PEPTIDE1,PEPTIDE1,1:R1-7:R2$$$",-6.53498508
"PEPTIDE1{X299.G.P.X1457.X569.Y.X956}$PEPTIDE1,PEPTIDE1,1:R1-7:R2$$$",-6.73289642
"PEPTIDE1{X2669.Q.G.R.G.F.X786}$PEPTIDE1,PEPTIDE1,1:R1-7:R2$$$",-7.38314786
"PEPTIDE1{G.Y.F.X2432.L.X870.Y}$PEPTIDE1,PEPTIDE1,1:R1-7:R2$$$",-6.24954362
"PEPTIDE1{P.Y.dR.F.X2754.G.Y}$PEPTIDE1,PEPTIDE1,1:R1-7:R2$$$",-7.51546054
"PEPTIDE1{Q.Q.Y.G.X930.Q.Q}$PEPTIDE1,PEPTIDE1,1:R1-7:R2$$$",-6.88381855
"PEPTIDE1{P.X3004.X2740.L.X631.Q.X3004}$PEPTIDE1,PEPTIDE1,1:R1-7:R2$$$",-7.39986252
"PEPTIDE1{X1294.X1956.X233.X2258.Mono63.L.G}$PEPTIDE1,PEPTIDE1,1:R1-7:R2$$$",-7.06570427
"PEPTIDE1{Hpr.Trp(7-Br).G.X1457.Y.G.Q}$PEPTIDE1,PEPTIDE1,1:R1-7:R2$$$",-6.83052420
"PEPTIDE1{G.X529.A.X2577.P.X2432.A}$PEPTIDE1,PEPTIDE1,1:R1-7:R2$$$",-6.75480397
"PEPTIDE1{G.Mono50.F.X631.X569.X2465.Q}$PEPTIDE1,PEPTIDE1,1:R1-7:R2$$$",-7.67376680
"PEPTIDE1{F.Y.dPhe(2-F).G.X2432.X1395.X1918}$PEPTIDE1,PEPTIDE1,1:R1-7:R2$$$",-7.31565622
"PEPTIDE1{G.X612.F.G.Q.X126.X822}$PEPTIDE1,PEPTIDE1,1:R1-7:R2$$$",-7.27060667
"PEPTIDE1{dR.Q.R.G.F.X569.P}$PEPTIDE1,PEPTIDE1,1:R1-7:R2$$$",-7.23546681
"PEPTIDE1{X916.X2432.Q.X1811.X1829.G.(N->O)Val}$PEPTIDE1,PEPTIDE1,1:R1-7:R2$$$",-8.46947198
"PEPTIDE1{X946.X2516.P.G.P.Mono19.G}$PEPTIDE1,PEPTIDE1,1:R1-7:R2$$$",-7.05017040
"PEPTIDE1{P.X946.F.R.F.G.X11}$PEPTIDE1,PEPTIDE1,1:R1-7:R2$$$",-6.82646191
"PEPTIDE1{L.P.Y.X2258.X1712.R.dP}$PEPTIDE1,PEPTIDE1,1:R1-7:R2$$$",-6.52241846
"PEPTIDE1{Y.P.X2258.Q.X1773.dP.G}$PEPTIDE1,PEPTIDE1,1:R1-7:R2$$$",-6.82177026
"PEPTIDE1{Y.R.X175.X1540.P.X956.X1913}$PEPTIDE1,PEPTIDE1,1:R1-7:R2$$$",-8.25742731
"PEPTIDE1{G.F.R.F.L.X261.P}$PEPTIDE1,PEPTIDE1,1:R1-7:R2$$$",-6.72703648
"PEPTIDE1{P.X11.G.P.Q.Trp(7-Br).Y}$PEPTIDE1,PEPTIDE1,1:R1-7:R2$$$",-7.39028444
"PEPTIDE1{G.X504.X11.G.(N->O)Val.X1788.Y}$PEPTIDE1,PEPTIDE1,1:R1-7:R2$$$",-6.87774851
"PEPTIDE1{Q.G.Mono19.Mono16.X490.Mono19.X1393}$PEPTIDE1,PEPTIDE1,1:R1-7:R2$$$",-6.60539706
"PEPTIDE1{F.X305.X2432.L.X1811.L.Lys(2-MP)}$PEPTIDE1,PEPTIDE1,1:R1-7:R2$$$",-6.25926239
"PEPTIDE1{G.Mono51.X1811.P.Y.R.X2258}$PEPTIDE1,PEPTIDE1,1:R1-7:R2$$$",-8.47784805
"PEPTIDE1{G.A.G.P.Y.F.X1802}$PEPTIDE1,PEPTIDE1,1:R1-7:R2$$$",-7.30101019
"PEPTIDE1{L.A.Q.X2432.G.X1777.Q}$PEPTIDE1,PEPTIDE1,1:R1-7:R2$$$",-6.86112854
"PEPTIDE1{Y.L.G.R.Q.L.Q}$PEPTIDE1,PEPTIDE1,1:R1-7:R2$$$",-7.24344354
"PEPTIDE1{Y.F.P.X946.X591.X1788.Q}$PEPTIDE1,PEPTIDE1,1:R1-7:R2$$$",-6.82471553
"PEPTIDE1{lalloHyp.Y.X179.Q.X956.Q.G}$PEPTIDE1,PEPTIDE1,1:R1-7:R2$$$",-7.00479197
"PEPTIDE1{Q.Q.F.G.Mono19.X1004.Y}$PEPTIDE1,PEPTIDE1,1:R1-7:R2$$$",-7.57384845
"PEPTIDE1{F.X1038.P.Q.Y.X2432.G}$PEPTIDE1,PEPTIDE1,1:R1-7:R2$$$",-7.13015013
"PEPTIDE1{L.X631.dD.X956.X2461.Q.Y}$PEPTIDE1,PEPTIDE1,1:R1-7:R2$$$",-6.55939712
"PEPTIDE1{X1395.Y.Y.X1800.G.X1817.P}$PEPTIDE1,PEPTIDE1,1:R1-7:R2$$$",-7.54632667
"PEPTIDE1{L.F.L.G.X2577.F.X1294}$PEPTIDE1,PEPTIDE1,1:R1-7:R2$$$",-6.89880345
"PEPTIDE1{G.G.G.R.Mono50.X1004.Y}$PEPTIDE1,PEPTIDE1,1:R1-7:R2$$$",-7.41564181
"PEPTIDE1{G.X1801.P.G.G.X1788.Q}$PEPTIDE1,PEPTIDE1,1:R1-7:R2$$$",-7.08977646
"PEPTIDE1{Y.Y.Q.Q.X1004.F.dS}$PEPTIDE1,PEPTIDE1,1:R1-7:R2$$$",-7.21362796
"PEPTIDE1{dP.X2577.X2574.X2403.R.P.G}$PEPTIDE1,PEPTIDE1,1:R1-7:R2$$$",-6.94328207
"PEPTIDE1{P.X2432.X1127.X2432.G.G.X1788}$PEPTIDE1,PEPTIDE1,1:R1-7:R2$$$",-6.87337918
"PEPTIDE1{G.L.X1395.G.Q.X196.X2719}$PEPTIDE1,PEPTIDE1,1:R1-7:R2$$$",-7.28544619
"PEPTIDE1{Y.X136.F.L.G.R.X786}$PEPTIDE1,PEPTIDE1,1:R1-7:R2$$$",-7.23471816
"PEPTIDE1{P.Y.X652.Y.X315.R.P}$PEPTIDE1,PEPTIDE1,1:R1-7:R2$$$",-6.80714965
"PEPTIDE1{A.X534.P.Q.(N->O)Val.P.X2432}$PEPTIDE1,PEPTIDE1,1:R1-7:R2$$$",-6.90841441
"PEPTIDE1{dHpr.X1249.P.Y.A.G.Q}$PEPTIDE1,PEPTIDE1,1:R1-7:R2$$$",-6.42147513
"PEPTIDE1{P.lalloHyp.X1410.P.Y.Y.X1206}$PEPTIDE1,PEPTIDE1,1:R1-7:R2$$$",-6.77323095
"PEPTIDE1{Y.X1664.X3004.R.F.Q.X315}$PEPTIDE1,PEPTIDE1,1:R1-7:R2$$$",-7.43334508
"PEPTIDE1{Y.G.Q.F.X1720.X1020.dHpr}$PEPTIDE1,PEPTIDE1,1:R1-7:R2$$$",-6.52621792
"PEPTIDE1{R.X2328.X1004.L.X49.Y.P}$PEPTIDE1,PEPTIDE1,1:R1-7:R2$$$",-7.12907346
"PEPTIDE1{X81.R.G.X1788.(N->O)Val.G.(N->O)Val}$PEPTIDE1,PEPTIDE1,1:R1-7:R2$$$",-6.53587269
"PEPTIDE1{X375.P.Y.X305.F.X255.X490}$PEPTIDE1,PEPTIDE1,1:R1-7:R2$$$",-6.62271752
"PEPTIDE1{G.X2432.X683.X1989.X946.Y.P}$PEPTIDE1,PEPTIDE1,1:R1-7:R2$$$",-7.77291667
"PEPTIDE1{A.Q.Q.X2754.Y.Q.X1410}$PEPTIDE1,PEPTIDE1,1:R1-7:R2$$$",-7.86508743
"PEPTIDE1{P.P.P.P.G.X946.G}$PEPTIDE1,PEPTIDE1,1:R1-7:R2$$$",-6.94611353
"PEPTIDE1{X255.Q.X2432.Q.R.G.X1432}$PEPTIDE1,PEPTIDE1,1:R1-7:R2$$$",-7.40137091
"PEPTIDE1{dHpr.L.Q.X490.X1350.meL.Aze}$PEPTIDE1,PEPTIDE1,1:R1-7:R2$$$",-6.49240692
"PEPTIDE1{F.R.F.X2108.G.X305.Mono50}$PEPTIDE1,PEPTIDE1,1:R1-7:R2$$$",-7.26156988
"PEPTIDE1{Y.X1004.Y.R.Q.R.Y}$PEPTIDE1,PEPTIDE1,1:R1-7:R2$$$",-7.38466252
"PEPTIDE1{Q.P.R.Q.L.Q.X1811}$PEPTIDE1,PEPTIDE1,1:R1-7:R2$$$",-7.71204621
"PEPTIDE1{X981.R.Q.L.X305.R.P}$PEPTIDE1,PEPTIDE1,1:R1-7:R2$$$",-6.88483139
"PEPTIDE1{F.X305.G.meL.P.X631.X1457}$PEPTIDE1,PEPTIDE1,1:R1-7:R2$$$",-6.40228876
"PEPTIDE1{F.X2791.X1004.X1395.Q.X786.X490}$PEPTIDE1,PEPTIDE1,1:R1-7:R2$$$",-7.25375979
"PEPTIDE1{Q.dP.Y.F.P.F.X1457}$PEPTIDE1,PEPTIDE1,1:R1-7:R2$$$",-6.30337586
"PEPTIDE1{Q.L.Y.P.F.L.X956}$PEPTIDE1,PEPTIDE1,1:R1-7:R2$$$",-6.60315733
"PEPTIDE1{X1457.dP.X591.Mono106.X956.G.Q}$PEPTIDE1,PEPTIDE1,1:R1-7:R2$$$",-6.76529693
"PEPTIDE1{X1038.X1540.X956.X2432.X822.Q.G}$PEPTIDE1,PEPTIDE1,1:R1-7:R2$$$",-7.39908843
"PEPTIDE1{X2258.X1813.G.Mono107.X136.X822.G}$PEPTIDE1,PEPTIDE1,1:R1-7:R2$$$",-7.33838419
"PEPTIDE1{F.X1811.P.F.G.P.Y}$PEPTIDE1,PEPTIDE1,1:R1-7:R2$$$",-6.25949986
"PEPTIDE1{L.F.G.Q.F.G.Bal}$PEPTIDE1,PEPTIDE1,1:R1-7:R2$$$",-6.92027086
"PEPTIDE1{G.F.Y.P.Y.Q.Q}$PEPTIDE1,PEPTIDE1,1:R1-7:R2$$$",-7.04962040
"PEPTIDE1{P.L.X2432.am_G.X2329.X305.Q}$PEPTIDE1,PEPTIDE1,1:R1-7:R2$$$",-6.46023265
"PEPTIDE1{Y.F.G.F.X1004.X232.X232}$PEPTIDE1,PEPTIDE1,1:R1-7:R2$$$",-7.28383274
"PEPTIDE1{Q.F.Q.X2285.F.Q.G}$PEPTIDE1,PEPTIDE1,1:R1-7:R2$$$",-6.91311444
"PEPTIDE1{X702.X1811.Y.X7.P.Q.(N->O)Tyr}$PEPTIDE1,PEPTIDE1,1:R1-7:R2$$$",-6.80827363
"PEPTIDE1{X255.X1004.X1813.X2432.Q.Y.Y}$PEPTIDE1,PEPTIDE1,1:R1-7:R2$$$",-7.20210056
"PEPTIDE1{L.Q.Q.Q.R.X2432.X1813}$PEPTIDE1,PEPTIDE1,1:R1-7:R2$$$",-7.19863742
"PEPTIDE1{F.G.R.P.L.G.Mono50}$PEPTIDE1,PEPTIDE1,1:R1-7:R2$$$",-7.10750725
"PEPTIDE1{X196.X725.X1004.Y.L.L.X1956}$PEPTIDE1,PEPTIDE1,1:R1-7:R2$$$",-6.85016379
"PEPTIDE1{X619.G.Q.X233.G.A.G}$PEPTIDE1,PEPTIDE1,1:R1-7:R2$$$",-6.93084548
"PEPTIDE1{X1811.Q.X2577.Y.X1811.X822.Y}$PEPTIDE1,PEPTIDE1,1:R1-7:R2$$$",-7.94435000
"PEPTIDE1{lalloHyp.X2188.G.X569.F.Mono106.X956}$PEPTIDE1,PEPTIDE1,1:R1-7:R2$$$",-7.26554633
"PEPTIDE1{G.X1294.L.Y.G.G.G}$PEPTIDE1,PEPTIDE1,1:R1-7:R2$$$",-6.96241321
"PEPTIDE1{G.G.G.G.G.G.Q}$PEPTIDE1,PEPTIDE1,1:R1-7:R2$$$",-7.07183184
"PEPTIDE1{Q.R.X534.X1038.X126.Q.X945}$PEPTIDE1,PEPTIDE1,1:R1-7:R2$$$",-7.12264511
"PEPTIDE1{X1811.Y.Mono19.Y.P.Y.P}$PEPTIDE1,PEPTIDE1,1:R1-7:R2$$$",-6.38667657
"PEPTIDE1{G.dP.Y.F.R.Y.X663}$PEPTIDE1,PEPTIDE1,1:R1-7:R2$$$",-6.98996227
"PEPTIDE1{G.X946.G.Y.L.Q.Aze}$PEPTIDE1,PEPTIDE1,1:R1-7:R2$$$",-6.66082413
"PEPTIDE1{G.X878.Q.R.Y.Q.X1921}$PEPTIDE1,PEPTIDE1,1:R1-7:R2$$$",-6.90747968
"PEPTIDE1{Y.(N->O)Val.X1811.R.X1004.F.Q}$PEPTIDE1,PEPTIDE1,1:R1-7:R2$$$",-8.84010000
"PEPTIDE1{R.Mono19.X2432.G.R.P.X11}$PEPTIDE1,PEPTIDE1,1:R1-7:R2$$$",-7.43436500
"PEPTIDE1{X591.Q.X612.X6.Q.X1693.Q}$PEPTIDE1,PEPTIDE1,1:R1-7:R2$$$",-6.84601165
"PEPTIDE1{F.G.X1457.A.dHpr.X1038.X81}$PEPTIDE1,PEPTIDE1,1:R1-7:R2$$$",-6.58249704
"PEPTIDE1{F.X2328.R.P.X1294.L.G}$PEPTIDE1,PEPTIDE1,1:R1-7:R2$$$",-7.43051724
"PEPTIDE1{Q.P.R.X1432.P.Q.X425}$PEPTIDE1,PEPTIDE1,1:R1-7:R2$$$",-7.14190583
"PEPTIDE1{L.X1788.P.X2791.Q.P.Q}$PEPTIDE1,PEPTIDE1,1:R1-7:R2$$$",-6.43612823
"PEPTIDE1{X1811.X2432.Y.X255.X2403.G.X1811}$PEPTIDE1,PEPTIDE1,1:R1-7:R2$$$",-6.07509425
"PEPTIDE1{F.X255.P.G.R.A.Q}$PEPTIDE1,PEPTIDE1,1:R1-7:R2$$$",-6.79723869
"PEPTIDE1{Y.P.X2225.A.F.L.dP}$PEPTIDE1,PEPTIDE1,1:R1-7:R2$$$",-6.40114120
"PEPTIDE1{Y.Y.X2329.P.X2577.P.Mono107}$PEPTIDE1,PEPTIDE1,1:R1-7:R2$$$",-7.20839228
"PEPTIDE1{Y.G.G.X490.Y.X786.Mono107}$PEPTIDE1,PEPTIDE1,1:R1-7:R2$$$",-6.70569699
"PEPTIDE1{Q.Bal.Y.L.F.X11.P}$PEPTIDE1,PEPTIDE1,1:R1-7:R2$$$",-6.80532458
"PEPTIDE1{X573.dP.X2432.X1788.X591.X946.G}$PEPTIDE1,PEPTIDE1,1:R1-7:R2$$$",-6.83689148
"PEPTIDE1{G.G.Y.P.G.P.G}$PEPTIDE1,PEPTIDE1,1:R1-7:R2$$$",-7.04960221
"PEPTIDE1{X1811.dHpr.X956.F.L.L.P}$PEPTIDE1,PEPTIDE1,1:R1-7:R2$$$",-6.22801070
"PEPTIDE1{Mono50.G.P.X255.X233.L.P}$PEPTIDE1,PEPTIDE1,1:R1-7:R2$$$",-6.98922046
"PEPTIDE1{dP.X1664.Q.Q.X1350.P.X2745}$PEPTIDE1,PEPTIDE1,1:R1-7:R2$$$",-6.93471036
"PEPTIDE1{G.F.Q.Q.X195.X1811.X1206}$PEPTIDE1,PEPTIDE1,1:R1-7:R2$$$",-7.79544483
"PEPTIDE1{X187.R.G.Q.X425.Y.G}$PEPTIDE1,PEPTIDE1,1:R1-7:R2$$$",-7.28285043
"PEPTIDE1{Mono107.L.G.P.Y.G.X1800}$PEPTIDE1,PEPTIDE1,1:R1-7:R2$$$",-6.98110105
"PEPTIDE1{G.X2403.X631.X1393.X2328.Y.X1788}$PEPTIDE1,PEPTIDE1,1:R1-7:R2$$$",-7.05905806
"PEPTIDE1{P.Y.G.F.Q.X2364.Q}$PEPTIDE1,PEPTIDE1,1:R1-7:R2$$$",-6.80715985
"PEPTIDE1{R.X1895.R.G.A.P.X49}$PEPTIDE1,PEPTIDE1,1:R1-7:R2$$$",-6.99428246
"PEPTIDE1{L.X1989.A.L.Mono107.X1004.X1798}$PEPTIDE1,PEPTIDE1,1:R1-7:R2$$$",-7.29796351
"PEPTIDE1{dPhe(2-F).G.X2432.G.X1713.X6.G}$PEPTIDE1,PEPTIDE1,1:R1-7:R2$$$",-7.05148854
"PEPTIDE1{P.X956.dHpr.X11.G.P.P}$PEPTIDE1,PEPTIDE1,1:R1-7:R2$$$",-6.95867373
"PEPTIDE1{X1038.X1777.Q.G.Bal.L.Y}$PEPTIDE1,PEPTIDE1,1:R1-7:R2$$$",-6.85393220
"PEPTIDE1{X1788.G.X2037.L.X956.A.X232}$PEPTIDE1,PEPTIDE1,1:R1-7:R2$$$",-6.61798119
"PEPTIDE1{G.X601.X956.P.X277.X314.Q}$PEPTIDE1,PEPTIDE1,1:R1-7:R2$$$",-7.10635582
"PEPTIDE1{P.Y.X49.A.G.d3-Pal.Y}$PEPTIDE1,PEPTIDE1,1:R1-7:R2$$$",-7.14141812
"PEPTIDE1{X490.X930.F.G.G.Mono19.P}$PEPTIDE1,PEPTIDE1,1:R1-7:R2$$$",-6.48116821
"PEPTIDE1{X591.R.X674.F.meW.P.X1038}$PEPTIDE1,PEPTIDE1,1:R1-7:R2$$$",-7.25717534
"PEPTIDE1{Q.dP.X490.G.X956.dHpr.G}$PEPTIDE1,PEPTIDE1,1:R1-7:R2$$$",-6.64016211
"PEPTIDE1{P.dP.X591.G.Q.F.Q}$PEPTIDE1,PEPTIDE1,1:R1-7:R2$$$",-6.70027498
"PEPTIDE1{P.X233.Cha.G.G.X946.G}$PEPTIDE1,PEPTIDE1,1:R1-7:R2$$$",-6.46162785
"PEPTIDE1{G.X2747.F.L.Q.G.X400}$PEPTIDE1,PEPTIDE1,1:R1-7:R2$$$",-6.95093178
"PEPTIDE1{Q.Q.G.P.Q.R.X1004}$PEPTIDE1,PEPTIDE1,1:R1-7:R2$$$",-7.43191514
"PEPTIDE1{Q.G.X1004.Q.P.G.P}$PEPTIDE1,PEPTIDE1,1:R1-7:R2$$$",-7.45574562
"PEPTIDE1{Y.G.X255.X786.F.Q.X683}$PEPTIDE1,PEPTIDE1,1:R1-7:R2$$$",-7.22488882
"PEPTIDE1{Cit.X2747.G.G.R.Mono60.X2113}$PEPTIDE1,PEPTIDE1,1:R1-7:R2$$$",-7.00314904
"PEPTIDE1{Y.R.X2108.G.dP.P.G}$PEPTIDE1,PEPTIDE1,1:R1-7:R2$$$",-7.47795096
"PEPTIDE1{G.dP.X569.R.G.G.X2432}$PEPTIDE1,PEPTIDE1,1:R1-7:R2$$$",-7.19967773
"PEPTIDE1{Q.G.Y.R.P.Q.P}$PEPTIDE1,PEPTIDE1,1:R1-7:R2$$$",-7.22778790
"PEPTIDE1{X81.X11.X1813.G.Q.X916.Y}$PEPTIDE1,PEPTIDE1,1:R1-7:R2$$$",-7.51081071
"PEPTIDE1{P.Y.F.X981.G.G.X2791}$PEPTIDE1,PEPTIDE1,1:R1-7:R2$$$",-6.97881304
"PEPTIDE1{X946.Y.Mono19.X1845.X824.G.G}$PEPTIDE1,PEPTIDE1,1:R1-7:R2$$$",-7.06065716
"PEPTIDE1{L.Q.A.P.F.X1004.X2813}$PEPTIDE1,PEPTIDE1,1:R1-7:R2$$$",-7.14355470
"PEPTIDE1{R.X1811.G.X2432.Mono107.X956.P}$PEPTIDE1,PEPTIDE1,1:R1-7:R2$$$",-7.73311000
"PEPTIDE1{Q.L.X2391.X601.G.P.X946}$PEPTIDE1,PEPTIDE1,1:R1-7:R2$$$",-7.04429756
"PEPTIDE1{Q.F.Aze.Y.Q.R.P}$PEPTIDE1,PEPTIDE1,1:R1-7:R2$$$",-6.41457700
"PEPTIDE1{X1395.L.P.L.Aze.R.X2258}$PEPTIDE1,PEPTIDE1,1:R1-7:R2$$$",-6.75955961
"PEPTIDE1{G.G.Y.P.X2461.F.X822}$PEPTIDE1,PEPTIDE1,1:R1-7:R2$$$",-6.67186187
"PEPTIDE1{Y.G.G.G.X1035.F.Q}$PEPTIDE1,PEPTIDE1,1:R1-7:R2$$$",-6.68586997
"PEPTIDE1{X2403.Y.G.dHpr.G.X3011.Y}$PEPTIDE1,PEPTIDE1,1:R1-7:R2$$$",-7.01978050
"PEPTIDE1{Q.X956.X187.F.X2432.Y.G}$PEPTIDE1,PEPTIDE1,1:R1-7:R2$$$",-7.10568637
"PEPTIDE1{X2258.F.G.F.X930.P.X2432}$PEPTIDE1,PEPTIDE1,1:R1-7:R2$$$",-6.26739656
"PEPTIDE1{G.P.Y.X956.F.X196.G}$PEPTIDE1,PEPTIDE1,1:R1-7:R2$$$",-6.87610556
"PEPTIDE1{X7.R.Y.X1777.F.X305.X1664}$PEPTIDE1,PEPTIDE1,1:R1-7:R2$$$",-6.77249796
"PEPTIDE1{F.X1004.Mono107.Q.G.G.Y}$PEPTIDE1,PEPTIDE1,1:R1-7:R2$$$",-6.97943495
"PEPTIDE1{Q.X1811.Y.F.X7.P.X1004}$PEPTIDE1,PEPTIDE1,1:R1-7:R2$$$",-8.00862000
"PEPTIDE1{Q.X956.X1813.dCit.X946.X1895.Q}$PEPTIDE1,PEPTIDE1,1:R1-7:R2$$$",-7.48258045
"PEPTIDE1{F.X2432.X2577.Y.Y.X2791.X1004}$PEPTIDE1,PEPTIDE1,1:R1-7:R2$$$",-7.36863289
"PEPTIDE1{Q.dP.Q.X786.F.X11.X591}$PEPTIDE1,PEPTIDE1,1:R1-7:R2$$$",-7.79569334
"PEPTIDE1{L.G.L.X2329.R.G.Q}$PEPTIDE1,PEPTIDE1,1:R1-7:R2$$$",-7.28341516
"PEPTIDE1{Q.X2461.X1918.R.X2037.X196.Phe(CHF2)}$PEPTIDE1,PEPTIDE1,1:R1-7:R2$$$",-6.65314913
"PEPTIDE1{X3004.A.G.G.X2328.Q.G}$PEPTIDE1,PEPTIDE1,1:R1-7:R2$$$",-7.43674870
"PEPTIDE1{X1432.F.G.G.Cha.Q.X1004}$PEPTIDE1,PEPTIDE1,1:R1-7:R2$$$",-6.85149911
"PEPTIDE1{X2258.X683.Trp(7-Br).X1029.X233.Cit.Y}$PEPTIDE1,PEPTIDE1,1:R1-7:R2$$$",-7.23437587
"PEPTIDE1{G.dR.X975.X1989.G.Mono63.Q}$PEPTIDE1,PEPTIDE1,1:R1-7:R2$$$",-7.80766861
"PEPTIDE1{X1004.X233.R.P.X2258.X905.X1029}$PEPTIDE1,PEPTIDE1,1:R1-7:R2$$$",-6.69008240
"PEPTIDE1{G.Bal.F.X946.R.X2113.Q}$PEPTIDE1,PEPTIDE1,1:R1-7:R2$$$",-7.10931772
"PEPTIDE1{G.dH.Y.F.P.R.X1800}$PEPTIDE1,PEPTIDE1,1:R1-7:R2$$$",-7.27065036
"PEPTIDE1{G.R.L.X2432.X1004.F.X956}$PEPTIDE1,PEPTIDE1,1:R1-7:R2$$$",-6.73615864
"PEPTIDE1{X1918.dP.(N->O)Val.F.A.X1664.X956}$PEPTIDE1,PEPTIDE1,1:R1-7:R2$$$",-6.83524629
"PEPTIDE1{X591.dP.G.G.X233.F.Q}$PEPTIDE1,PEPTIDE1,1:R1-7:R2$$$",-7.23276190
"PEPTIDE1{X1029.X1004.X1004.L.X1004.X11.Y}$PEPTIDE1,PEPTIDE1,1:R1-7:R2$$$",-5.53509617
"PEPTIDE1{G.Y.X946.X49.Hpr.Q.P}$PEPTIDE1,PEPTIDE1,1:R1-7:R2$$$",-6.76150706
"PEPTIDE1{P.G.G.G.X956.P.X1918}$PEPTIDE1,PEPTIDE1,1:R1-7:R2$$$",-6.98855673
"PEPTIDE1{X1432.X2034.dPhe(2-F).Q.Q.X2791.X2113}$PEPTIDE1,PEPTIDE1,1:R1-7:R2$$$",-7.68858958
"PEPTIDE1{R.Q.R.X1918.G.X232.G}$PEPTIDE1,PEPTIDE1,1:R1-7:R2$$$",-7.01441591
"PEPTIDE1{G.F.(N->O)Tyr.G.X683.Y.G}$PEPTIDE1,PEPTIDE1,1:R1-7:R2$$$",-7.62150399
"PEPTIDE1{X1918.am_G.L.X233.X786.X870.G}$PEPTIDE1,PEPTIDE1,1:R1-7:R2$$$",-7.05220494
"PEPTIDE1{X2258.X233.Y.X946.G.P.G}$PEPTIDE1,PEPTIDE1,1:R1-7:R2$$$",-7.17036935
"PEPTIDE1{P.X1038.G.R.X1834.X671.Phe(CHF2)}$PEPTIDE1,PEPTIDE1,1:R1-7:R2$$$",-6.95846486
"PEPTIDE1{G.R.X1410.G.X601.P.X2791}$PEPTIDE1,PEPTIDE1,1:R1-7:R2$$$",-7.74421670
"PEPTIDE1{X683.G.Y.G.X1989.R.P}$PEPTIDE1,PEPTIDE1,1:R1-7:R2$$$",-7.85795986
"PEPTIDE1{dP.X1777.X2432.X255.L.X956.X663}$PEPTIDE1,PEPTIDE1,1:R1-7:R2$$$",-6.73480057
"PEPTIDE1{P.G.dP.Q.Q.X2432.Y}$PEPTIDE1,PEPTIDE1,1:R1-7:R2$$$",-7.06219651
"PEPTIDE1{Q.Y.X1004.R.X956.X425.P}$PEPTIDE1,PEPTIDE1,1:R1-7:R2$$$",-7.29702170
"PEPTIDE1{X946.P.G.R.X2432.G.G}$PEPTIDE1,PEPTIDE1,1:R1-7:R2$$$",-7.08277889
"PEPTIDE1{Q.Cha.lalloHyp.X1038.X187.A.G}$PEPTIDE1,PEPTIDE1,1:R1-7:R2$$$",-7.02118058
"PEPTIDE1{Aze.Q.P.X2791.X2740.Y.X11}$PEPTIDE1,PEPTIDE1,1:R1-7:R2$$$",-7.16354565
"PEPTIDE1{X2516.Mono107.X2258.X981.P.G.G}$PEPTIDE1,PEPTIDE1,1:R1-7:R2$$$",-6.51057319
"PEPTIDE1{dP.X2745.Y.X2432.dP.R.X204}$PEPTIDE1,PEPTIDE1,1:R1-7:R2$$$",-6.66604575
"PEPTIDE1{F.R.R.X2225.Mono50.dHpr.G}$PEPTIDE1,PEPTIDE1,1:R1-7:R2$$$",-7.02992026
"PEPTIDE1{X786.X956.Q.Y.Mono106.R.P}$PEPTIDE1,PEPTIDE1,1:R1-7:R2$$$",-7.04986497
"PEPTIDE1{X1457.L.X1206.X1918.L.G.X179}$PEPTIDE1,PEPTIDE1,1:R1-7:R2$$$",-6.21728941
"PEPTIDE1{R.X956.G.X2432.P.X2432.X1020}$PEPTIDE1,PEPTIDE1,1:R1-7:R2$$$",-7.03269773
"PEPTIDE1{Q.G.Q.G.X2432.X375.Y}$PEPTIDE1,PEPTIDE1,1:R1-7:R2$$$",-6.93225980
"PEPTIDE1{L.R.X2217.X1350.Mono107.(N->O)Tyr.G}$PEPTIDE1,PEPTIDE1,1:R1-7:R2$$$",-7.08327517
"PEPTIDE1{R.X956.X2830.F.X1513.Mono16.X490}$PEPTIDE1,PEPTIDE1,1:R1-7:R2$$$",-6.58637844
"PEPTIDE1{G.X663.X946.P.X786.Y.X1004}$PEPTIDE1,PEPTIDE1,1:R1-7:R2$$$",-6.78112397
"PEPTIDE1{G.X946.L.X1693.L.X1004.P}$PEPTIDE1,PEPTIDE1,1:R1-7:R2$$$",-6.46448957
"PEPTIDE1{X2328.X2461.G.X255.G.Q.P}$PEPTIDE1,PEPTIDE1,1:R1-7:R2$$$",-6.64573424
"PEPTIDE1{Aze.G.dP.F.X591.X3011.Q}$PEPTIDE1,PEPTIDE1,1:R1-7:R2$$$",-6.52126297
"PEPTIDE1{Y.X2669.G.X255.Aze.F.X490}$PEPTIDE1,PEPTIDE1,1:R1-7:R2$$$",-6.50849221
"PEPTIDE1{F.X683.X2432.X1004.P.G.X612}$PEPTIDE1,PEPTIDE1,1:R1-7:R2$$$",-7.62567628
"PEPTIDE1{F.X956.P.Y.Y.G.X6}$PEPTIDE1,PEPTIDE1,1:R1-7:R2$$$",-7.02283150
"PEPTIDE1{P.F.G.X2461.P.X2432.P}$PEPTIDE1,PEPTIDE1,1:R1-7:R2$$$",-6.26225802
"PEPTIDE1{X786.P.dHpr.X2432.X1811.X11.Y}$PEPTIDE1,PEPTIDE1,1:R1-7:R2$$$",-7.82244489
"PEPTIDE1{R.P.X2432.G.Q.X302.Y}$PEPTIDE1,PEPTIDE1,1:R1-7:R2$$$",-6.77851033
"PEPTIDE1{Q.L.R.A.Y.G.A}$PEPTIDE1,PEPTIDE1,1:R1-7:R2$$$",-7.33538943
"PEPTIDE1{Mono106.G.X2113.X255.Y.X2577.Q}$PEPTIDE1,PEPTIDE1,1:R1-7:R2$$$",-6.90517338
"PEPTIDE1{F.G.X956.X126.X1395.Y.dR}$PEPTIDE1,PEPTIDE1,1:R1-7:R2$$$",-7.25343606
"PEPTIDE1{X2747.X2328.X946.X2897.P.dP.A}$PEPTIDE1,PEPTIDE1,1:R1-7:R2$$$",-6.51069483
"PEPTIDE1{Q.Mono50.Mono19.dNle.X1895.G.dP}$PEPTIDE1,PEPTIDE1,1:R1-7:R2$$$",-7.35255949
"PEPTIDE1{X299.P.G.X786.X1661.P.Q}$PEPTIDE1,PEPTIDE1,1:R1-7:R2$$$",-6.68499660
"PEPTIDE1{X1956.X490.G.X2461.G.R.G}$PEPTIDE1,PEPTIDE1,1:R1-7:R2$$$",-6.68126578
"PEPTIDE1{Mono107.Q.L.X7.X1457.Q.X490}$PEPTIDE1,PEPTIDE1,1:R1-7:R2$$$",-6.62001134
"PEPTIDE1{X179.R.Trp(7-Br).(N->O)Tyr.X2432.G.G}$PEPTIDE1,PEPTIDE1,1:R1-7:R2$$$",-7.46953425
"PEPTIDE1{X255.X2747.L.R.G.X2432.X1004}$PEPTIDE1,PEPTIDE1,1:R1-7:R2$$$",-6.82334925
"PEPTIDE1{X2433.X1004.F.X956.Q.L.P}$PEPTIDE1,PEPTIDE1,1:R1-7:R2$$$",-6.73116194
"PEPTIDE1{Mono19.X255.X11.G.Y.G.P}$PEPTIDE1,PEPTIDE1,1:R1-7:R2$$$",-7.13898860
"PEPTIDE1{X490.G.X2745.X1777.Y.Q.X375}$PEPTIDE1,PEPTIDE1,1:R1-7:R2$$$",-6.41331910
"PEPTIDE1{X1811.X11.Phe(CHF2).Mono106.R.X956.X699}$PEPTIDE1,PEPTIDE1,1:R1-7:R2$$$",-8.22178012
"PEPTIDE1{G.X425.X255.X1038.X375.X2432.P}$PEPTIDE1,PEPTIDE1,1:R1-7:R2$$$",-6.69793128
"PEPTIDE1{d2-Pal.X46.X1664.X2327.P.P.X946}$PEPTIDE1,PEPTIDE1,1:R1-7:R2$$$",-6.48966364
"PEPTIDE1{P.P.X391.X1432.X1802.F.P}$PEPTIDE1,PEPTIDE1,1:R1-7:R2$$$",-6.64168837
"PEPTIDE1{F.G.lalloHyp.F.X785.X1895.X1895}$PEPTIDE1,PEPTIDE1,1:R1-7:R2$$$",-7.61417381
"PEPTIDE1{X725.Y.Q.R.X956.Y.G}$PEPTIDE1,PEPTIDE1,1:R1-7:R2$$$",-7.18843969
"PEPTIDE1{dP.Y.X387.P.X2432.P.G}$PEPTIDE1,PEPTIDE1,1:R1-7:R2$$$",-6.32877072
"PEPTIDE1{R.P.P.R.Mono106.Y.P}$PEPTIDE1,PEPTIDE1,1:R1-7:R2$$$",-6.60877724
"PEPTIDE1{P.Trp(6-Br).X1540.X786.X601.X1004.X375}$PEPTIDE1,PEPTIDE1,1:R1-7:R2$$$",-7.36349025
"PEPTIDE1{R.Q.X233.L.X305.Y.X490}$PEPTIDE1,PEPTIDE1,1:R1-7:R2$$$",-6.70830623
"PEPTIDE1{P.G.X1811.Q.F.G.X981}$PEPTIDE1,PEPTIDE1,1:R1-7:R2$$$",-7.94598457
"PEPTIDE1{Q.X391.P.X956.Y.P.P}$PEPTIDE1,PEPTIDE1,1:R1-7:R2$$$",-6.63732008
"PEPTIDE1{X6.Q.P.X2432.2-Pal.R.X3004}$PEPTIDE1,PEPTIDE1,1:R1-7:R2$$$",-7.22919007
"PEPTIDE1{X2258.X179.G.X956.X523.X2432.dP}$PEPTIDE1,PEPTIDE1,1:R1-7:R2$$$",-6.91859170
"PEPTIDE1{X534.F.Y.X1588.Y.X1004.X1004}$PEPTIDE1,PEPTIDE1,1:R1-7:R2$$$",-5.92708357
"PEPTIDE1{Y.X11.Q.X49.G.A.P}$PEPTIDE1,PEPTIDE1,1:R1-7:R2$$$",-6.98813327
"PEPTIDE1{F.F.(N->O)Val.P.X1813.G.X956}$PEPTIDE1,PEPTIDE1,1:R1-7:R2$$$",-7.02328384
"PEPTIDE1{F.Q.Aze.Q.X2577.Y.X2403}$PEPTIDE1,PEPTIDE1,1:R1-7:R2$$$",-6.93806191
"PEPTIDE1{X1664.P.G.L.X490.P.X640}$PEPTIDE1,PEPTIDE1,1:R1-7:R2$$$",-6.62737409
"PEPTIDE1{L.X1811.Q.Mono106.X2793.G.G}$PEPTIDE1,PEPTIDE1,1:R1-7:R2$$$",-7.77805870
"PEPTIDE1{F.G.F.X46.X1004.G.X1918}$PEPTIDE1,PEPTIDE1,1:R1-7:R2$$$",-7.26172084
"PEPTIDE1{dHpr.X1800.X1004.A.X591.Y.Y}$PEPTIDE1,PEPTIDE1,1:R1-7:R2$$$",-6.64664637
"PEPTIDE1{dP.P.X2258.G.Q.G.Q}$PEPTIDE1,PEPTIDE1,1:R1-7:R2$$$",-6.98479663
"PEPTIDE1{L.X2327.R.L.R.Y.G}$PEPTIDE1,PEPTIDE1,1:R1-7:R2$$$",-7.20595272
"PEPTIDE1{G.G.Y.F.X1010.X683.P}$PEPTIDE1,PEPTIDE1,1:R1-7:R2$$$",-6.57015291
"PEPTIDE1{F.F.G.X233.R.P.Q}$PEPTIDE1,PEPTIDE1,1:R1-7:R2$$$",-7.03355458
"PEPTIDE1{X504.X2432.X591.P.Y.G.A}$PEPTIDE1,PEPTIDE1,1:R1-7:R2$$$",-7.02805201
"PEPTIDE1{X2501.X2577.L.Y.X1548.X2577.X591}$PEPTIDE1,PEPTIDE1,1:R1-7:R2$$$",-7.47334738
"PEPTIDE1{X2442.X1004.X946.X232.R.L.Q}$PEPTIDE1,PEPTIDE1,1:R1-7:R2$$$",-6.97586889
"PEPTIDE1{X1393.X822.X3004.X648.X880.Y.X1004}$PEPTIDE1,PEPTIDE1,1:R1-7:R2$$$",-7.94171362
"PEPTIDE1{X1956.X1004.F.Y.A.G.P}$PEPTIDE1,PEPTIDE1,1:R1-7:R2$$$",-7.13445771
"PEPTIDE1{Q.X1395.F.R.Y.G.X2328}$PEPTIDE1,PEPTIDE1,1:R1-7:R2$$$",-7.55232996
"PEPTIDE1{X11.F.P.P.G.L.Y}$PEPTIDE1,PEPTIDE1,1:R1-7:R2$$$",-6.55729542
"PEPTIDE1{X1811.Y.Hpr.Q.R.dPhe(2-F).P}$PEPTIDE1,PEPTIDE1,1:R1-7:R2$$$",-7.69283366
"PEPTIDE1{Y.Q.X683.X2432.X822.G.X631}$PEPTIDE1,PEPTIDE1,1:R1-7:R2$$$",-7.69869576
"PEPTIDE1{X6.X1661.X490.X1918.X2432.G.G}$PEPTIDE1,PEPTIDE1,1:R1-7:R2$$$",-6.57746206
"PEPTIDE1{X2432.F.L.Q.L.G.Q}$PEPTIDE1,PEPTIDE1,1:R1-7:R2$$$",-6.77952635
"PEPTIDE1{P.L.G.F.P.A.X1206}$PEPTIDE1,PEPTIDE1,1:R1-7:R2$$$",-7.16200356
"PEPTIDE1{X2225.Q.Y.X2258.(N->O)Val.R.Q}$PEPTIDE1,PEPTIDE1,1:R1-7:R2$$$",-7.38504954
"PEPTIDE1{X2577.Y.G.F.F.d(N->O)aIle.G}$PEPTIDE1,PEPTIDE1,1:R1-7:R2$$$",-6.92946043
"PEPTIDE1{G.G.R.Mono19.X671.X1664.Y}$PEPTIDE1,PEPTIDE1,1:R1-7:R2$$$",-7.39746693
"PEPTIDE1{P.dD.Q.X233.X1777.G.G}$PEPTIDE1,PEPTIDE1,1:R1-7:R2$$$",-7.01128681
"PEPTIDE1{F.X233.F.P.L.X2285.Q}$PEPTIDE1,PEPTIDE1,1:R1-7:R2$$$",-6.59161069
"PEPTIDE1{X1720.X1395.G.Q.G.Q.Q}$PEPTIDE1,PEPTIDE1,1:R1-7:R2$$$",-7.62634326
"PEPTIDE1{X314.G.Y.Y.X1432.F.Y}$PEPTIDE1,PEPTIDE1,1:R1-7:R2$$$",-7.36071745
"PEPTIDE1{Y.Q.dD.(N->O)Tyr.X1004.F.X2574}$PEPTIDE1,PEPTIDE1,1:R1-7:R2$$$",-6.29630538
"PEPTIDE1{Mono50.X683.dHpr.X7.P.X2339.P}$PEPTIDE1,PEPTIDE1,1:R1-7:R2$$$",-7.20268225
"PEPTIDE1{X2791.G.G.Q.R.Phe(CHF2).Q}$PEPTIDE1,PEPTIDE1,1:R1-7:R2$$$",-7.44165889
"PEPTIDE1{P.G.R.Q.Q.A.G}$PEPTIDE1,PEPTIDE1,1:R1-7:R2$$$",-7.53093873
"PEPTIDE1{X640.G.X2577.X2671.X11.G.X3004}$PEPTIDE1,PEPTIDE1,1:R1-7:R2$$$",-7.14561089
"PEPTIDE1{F.X1004.lalloHyp.F.X956.P.G}$PEPTIDE1,PEPTIDE1,1:R1-7:R2$$$",-6.91793541
"PEPTIDE1{G.dR.Y.Cit.X1918.X1395.Q}$PEPTIDE1,PEPTIDE1,1:R1-7:R2$$$",-7.38846152
"PEPTIDE1{L.X1004.X1457.Y.G.G.G}$PEPTIDE1,PEPTIDE1,1:R1-7:R2$$$",-6.44474719
"PEPTIDE1{F.X2793.X2432.X956.X261.X2432.X1119}$PEPTIDE1,PEPTIDE1,1:R1-7:R2$$$",-7.09056930
"PEPTIDE1{am_G.G.X683.R.X1395.X49.Q}$PEPTIDE1,PEPTIDE1,1:R1-7:R2$$$",-7.32958738
"PEPTIDE1{Y.dK.Y.X49.X1895.Y.Q}$PEPTIDE1,PEPTIDE1,1:R1-7:R2$$$",-7.62765529
"PEPTIDE1{G.X1918.X1588.G.X1911.Q.X946}$PEPTIDE1,PEPTIDE1,1:R1-7:R2$$$",-6.92950248
"PEPTIDE1{Y.X1811.Y.F.L.Y.G}$PEPTIDE1,PEPTIDE1,1:R1-7:R2$$$",-6.55257489
"PEPTIDE1{Y.Mono19.Q.Q.P.R.G}$PEPTIDE1,PEPTIDE1,1:R1-7:R2$$$",-7.05724659
"PEPTIDE1{A.Y.Q.Y.X1811.X529.G}$PEPTIDE1,PEPTIDE1,1:R1-7:R2$$$",-7.68667693
"PEPTIDE1{G.X2432.X2327.X2432.Mono50.Q.X1206}$PEPTIDE1,PEPTIDE1,1:R1-7:R2$$$",-7.09036636
"PEPTIDE1{X631.X2188.Aze.Y.X1457.X375.X956}$PEPTIDE1,PEPTIDE1,1:R1-7:R2$$$",-6.82326286
"PEPTIDE1{R.Q.dS.R.d(N->O)Gly(allyl).X2432.Q}$PEPTIDE1,PEPTIDE1,1:R1-7:R2$$$",-7.48115655
"PEPTIDE1{X981.F.P.L.X946.X1294.Y}$PEPTIDE1,PEPTIDE1,1:R1-7:R2$$$",-6.48136293
"PEPTIDE1{G.X1811.X956.X232.G.X425.Y}$PEPTIDE1,PEPTIDE1,1:R1-7:R2$$$",-7.64836095
"PEPTIDE1{X490.G.lalloHyp.X425.X1010.G.X490}$PEPTIDE1,PEPTIDE1,1:R1-7:R2$$$",-6.55361026
"PEPTIDE1{P.P.Mono106.Q.X2432.P.G}$PEPTIDE1,PEPTIDE1,1:R1-7:R2$$$",-6.85427885
"PEPTIDE1{X2461.G.X591.Y.G.X2461.G}$PEPTIDE1,PEPTIDE1,1:R1-7:R2$$$",-7.14941781
"PEPTIDE1{Q.X391.Q.G.F.G.G}$PEPTIDE1,PEPTIDE1,1:R1-7:R2$$$",-7.02500034
"PEPTIDE1{G.G.Y.F.R.Aze.G}$PEPTIDE1,PEPTIDE1,1:R1-7:R2$$$",-6.68103452
"PEPTIDE1{X2403.R.X591.G.Y.A.A}$PEPTIDE1,PEPTIDE1,1:R1-7:R2$$$",-7.50189716
"PEPTIDE1{R.X622.X255.R.X1010.X523.dHpr}$PEPTIDE1,PEPTIDE1,1:R1-7:R2$$$",-6.93411000
"PEPTIDE1{X1768.F.F.R.Mono19.X956.Y}$PEPTIDE1,PEPTIDE1,1:R1-7:R2$$$",-7.37920240
"PEPTIDE1{X1004.X298.G.X2577.X2188.F.X3004}$PEPTIDE1,PEPTIDE1,1:R1-7:R2$$$",-6.24642413
"PEPTIDE1{X1813.(N->O)Val.X175.Hpr.X2432.X824.P}$PEPTIDE1,PEPTIDE1,1:R1-7:R2$$$",-6.21306182
"PEPTIDE1{X2432.L.X2226.P.Mono107.G.dHpr}$PEPTIDE1,PEPTIDE1,1:R1-7:R2$$$",-6.95850413
"PEPTIDE1{R.Y.P.X255.F.dP.P}$PEPTIDE1,PEPTIDE1,1:R1-7:R2$$$",-6.23142804
"PEPTIDE1{L.X1956.X631.R.X1004.Q.Y}$PEPTIDE1,PEPTIDE1,1:R1-7:R2$$$",-7.07996350
"PEPTIDE1{R.dPhe(4-Cl).G.X1811.X2793.Q.dP}$PEPTIDE1,PEPTIDE1,1:R1-7:R2$$$",-7.87296510
"PEPTIDE1{(N->O)Tyr.Q.P.P.Mono106.X233.G}$PEPTIDE1,PEPTIDE1,1:R1-7:R2$$$",-6.58370881
"PEPTIDE1{A.Q.F.Y.G.R.Y}$PEPTIDE1,PEPTIDE1,1:R1-7:R2$$$",-7.53747599
"PEPTIDE1{Y.G.X1004.G.X1829.F.Y}$PEPTIDE1,PEPTIDE1,1:R1-7:R2$$$",-6.74392332
"PEPTIDE1{X1004.Q.X7.G.dP.R.X529}$PEPTIDE1,PEPTIDE1,1:R1-7:R2$$$",-7.32124823
"PEPTIDE1{Y.A.R.X49.X204.G.G}$PEPTIDE1,PEPTIDE1,1:R1-7:R2$$$",-7.23924997
"PEPTIDE1{Aze.X81.Q.X204.F.X2432.Q}$PEPTIDE1,PEPTIDE1,1:R1-7:R2$$$",-6.39050086
"PEPTIDE1{L.X1004.A.Q.L.X7.G}$PEPTIDE1,PEPTIDE1,1:R1-7:R2$$$",-7.49515920
"PEPTIDE1{X3004.G.G.P.L.X946.X2328}$PEPTIDE1,PEPTIDE1,1:R1-7:R2$$$",-6.98527994
"PEPTIDE1{G.G.dR.G.Q.X81.X1004}$PEPTIDE1,PEPTIDE1,1:R1-7:R2$$$",-7.09112970
"PEPTIDE1{P.P.X930.X49.meW.L.G}$PEPTIDE1,PEPTIDE1,1:R1-7:R2$$$",-6.51935581
"PEPTIDE1{R.X233.X1777.A.Trp(7-Br).X1004.Y}$PEPTIDE1,PEPTIDE1,1:R1-7:R2$$$",-7.38830716
"PEPTIDE1{L.Q.G.X49.S.P.X612}$PEPTIDE1,PEPTIDE1,1:R1-7:R2$$$",-6.98430826
"PEPTIDE1{R.P.X1540.F.R.X956.Y}$PEPTIDE1,PEPTIDE1,1:R1-7:R2$$$",-6.96236315
"PEPTIDE1{X640.Q.Q.L.X2461.G.A}$PEPTIDE1,PEPTIDE1,1:R1-7:R2$$$",-6.73004749
"PEPTIDE1{L.A.R.P.Y.Y.G}$PEPTIDE1,PEPTIDE1,1:R1-7:R2$$$",-7.13368896
"PEPTIDE1{X946.Q.Aze.Dab.L.R.X233}$PEPTIDE1,PEPTIDE1,1:R1-7:R2$$$",-6.73009001
"PEPTIDE1{X1395.G.G.X824.X2830.Y.Y}$PEPTIDE1,PEPTIDE1,1:R1-7:R2$$$",-6.71264440
"PEPTIDE1{G.G.Q.X1206.R.X529.G}$PEPTIDE1,PEPTIDE1,1:R1-7:R2$$$",-7.26034930
"PEPTIDE1{P.Q.X2754.Q.G.X1350.G}$PEPTIDE1,PEPTIDE1,1:R1-7:R2$$$",-7.32825751
"PEPTIDE1{dCit.L.R.meL.X1788.G.P}$PEPTIDE1,PEPTIDE1,1:R1-7:R2$$$",-6.91097078
"PEPTIDE1{L.Q.X1004.Y.X631.G.dP}$PEPTIDE1,PEPTIDE1,1:R1-7:R2$$$",-7.16076777
"PEPTIDE1{R.X196.P.X2132.X2339.X391.P}$PEPTIDE1,PEPTIDE1,1:R1-7:R2$$$",-7.86068303
"PEPTIDE1{A.L.X233.X2669.X946.P.X1004}$PEPTIDE1,PEPTIDE1,1:R1-7:R2$$$",-6.88687192
"PEPTIDE1{A.X612.Y.Y.L.Y.P}$PEPTIDE1,PEPTIDE1,1:R1-7:R2$$$",-7.15364733
"PEPTIDE1{X1811.Q.X233.G.Y.R.Y}$PEPTIDE1,PEPTIDE1,1:R1-7:R2$$$",-7.76710359
"PEPTIDE1{Q.R.G.X2461.R.F.d(N->O)Gly(allyl)}$PEPTIDE1,PEPTIDE1,1:R1-7:R2$$$",-6.77315912
"PEPTIDE1{Q.R.X956.(N->O)Val.X2327.F.dP}$PEPTIDE1,PEPTIDE1,1:R1-7:R2$$$",-6.91764656
"PEPTIDE1{G.P.Mono50.R.G.L.P}$PEPTIDE1,PEPTIDE1,1:R1-7:R2$$$",-7.30879238
"PEPTIDE1{R.Y.G.Y.R.X1895.X786}$PEPTIDE1,PEPTIDE1,1:R1-7:R2$$$",-7.57957165
"PEPTIDE1{A.X305.X1540.R.X49.X255.X956}$PEPTIDE1,PEPTIDE1,1:R1-7:R2$$$",-6.63590671
"PEPTIDE1{R.Y.Y.P.F.X1702.G}$PEPTIDE1,PEPTIDE1,1:R1-7:R2$$$",-6.64275379
"PEPTIDE1{Q.F.X305.X187.X1731.G.X1058}$PEPTIDE1,PEPTIDE1,1:R1-7:R2$$$",-6.66234673
"PEPTIDE1{dS.R.X1588.F.Y.R.Y}$PEPTIDE1,PEPTIDE1,1:R1-7:R2$$$",-7.16031982
"PEPTIDE1{G.X946.X425.Aze.L.Mono19.P}$PEPTIDE1,PEPTIDE1,1:R1-7:R2$$$",-6.73479867
"PEPTIDE1{P.meL.X305.P.X1699.X2432.G}$PEPTIDE1,PEPTIDE1,1:R1-7:R2$$$",-6.61409950
"PEPTIDE1{X631.Y.Q.X702.L.F.X798}$PEPTIDE1,PEPTIDE1,1:R1-7:R2$$$",-7.15857477
"PEPTIDE1{Y.F.X233.P.X1588.Y.Q}$PEPTIDE1,PEPTIDE1,1:R1-7:R2$$$",-6.75084299
"PEPTIDE1{Q.G.L.X391.X46.L.Q}$PEPTIDE1,PEPTIDE1,1:R1-7:R2$$$",-7.11306760
"PEPTIDE1{Q.X2432.Q.X255.Mono50.X956.X591}$PEPTIDE1,PEPTIDE1,1:R1-7:R2$$$",-7.15166558
"PEPTIDE1{Y.X261.meQ.F.F.X7.X1410}$PEPTIDE1,PEPTIDE1,1:R1-7:R2$$$",-6.81742231
"PEPTIDE1{X2442.P.X2577.Q.Q.P.X11}$PEPTIDE1,PEPTIDE1,1:R1-7:R2$$$",-7.34611569
"PEPTIDE1{F.Y.P.Y.R.X2577.X297}$PEPTIDE1,PEPTIDE1,1:R1-7:R2$$$",-6.29414365
"PEPTIDE1{L.X648.X305.G.X490.P.G}$PEPTIDE1,PEPTIDE1,1:R1-7:R2$$$",-6.40000626
"PEPTIDE1{X1004.Q.Me_dNva.X1911.X1540.X1664.Y}$PEPTIDE1,PEPTIDE1,1:R1-7:R2$$$",-8.52285092
"PEPTIDE1{G.X946.Mono16.Y.X305.X233.G}$PEPTIDE1,PEPTIDE1,1:R1-7:R2$$$",-6.75958961
"PEPTIDE1{X1811.X2328.F.Y.X233.Q.G}$PEPTIDE1,PEPTIDE1,1:R1-7:R2$$$",-7.96039056
"PEPTIDE1{P.X2461.d3-Pal.Q.G.R.A}$PEPTIDE1,PEPTIDE1,1:R1-7:R2$$$",-6.72934294
"PEPTIDE1{L.P.P.dNle.Y.X1811.X11}$PEPTIDE1,PEPTIDE1,1:R1-7:R2$$$",-6.26889440
"PEPTIDE1{X1777.X542.X1941.X2391.L.G.X822}$PEPTIDE1,PEPTIDE1,1:R1-7:R2$$$",-7.36993627
"PEPTIDE1{dH.P.Q.Q.Y.R.X569}$PEPTIDE1,PEPTIDE1,1:R1-7:R2$$$",-7.12727795
"PEPTIDE1{A.P.X1038.X1029.X1038.X956.Q}$PEPTIDE1,PEPTIDE1,1:R1-7:R2$$$",-6.81390079
"PEPTIDE1{R.X2669.X2754.P.F.X1699.X631}$PEPTIDE1,PEPTIDE1,1:R1-7:R2$$$",-6.90183811
"PEPTIDE1{Y.F.dP.X1664.L.X299.G}$PEPTIDE1,PEPTIDE1,1:R1-7:R2$$$",-6.34009003
"PEPTIDE1{P.X956.X1004.Y.G.G.A}$PEPTIDE1,PEPTIDE1,1:R1-7:R2$$$",-7.30682358
"PEPTIDE1{dP.HOCOCH2_Bal.L.X946.Trp(7-Br).X1035.P}$PEPTIDE1,PEPTIDE1,1:R1-7:R2$$$",-6.36362778
"PEPTIDE1{X1895.dHpr.Q.F.Y.X299.G}$PEPTIDE1,PEPTIDE1,1:R1-7:R2$$$",-6.94778601
"PEPTIDE1{Y.X232.G.L.G.R.P}$PEPTIDE1,PEPTIDE1,1:R1-7:R2$$$",-6.75019998
"PEPTIDE1{Me_dOrn.X956.Mono50.P.X490.R.Y}$PEPTIDE1,PEPTIDE1,1:R1-7:R2$$$",-6.50453791
"PEPTIDE1{G.Q.Mono50.Y.X81.X612.Q}$PEPTIDE1,PEPTIDE1,1:R1-7:R2$$$",-7.31080467
"PEPTIDE1{X2432.X375.dHpr.Q.Q.Y.Q}$PEPTIDE1,PEPTIDE1,1:R1-7:R2$$$",-6.43694499
"PEPTIDE1{X297.G.P.G.P.X1918.X7}$PEPTIDE1,PEPTIDE1,1:R1-7:R2$$$",-6.63906919
"PEPTIDE1{X1294.X956.X201.G.L.G.X1895}$PEPTIDE1,PEPTIDE1,1:R1-7:R2$$$",-7.53206869
"PEPTIDE1{Y.X2328.F.Y.G.P.am_F}$PEPTIDE1,PEPTIDE1,1:R1-7:R2$$$",-6.94036079
"PEPTIDE1{Q.dP.X1811.X2461.G.X946.X956}$PEPTIDE1,PEPTIDE1,1:R1-7:R2$$$",-6.88605632
"PEPTIDE1{X1813.X1802.G.X204.X956.G.X375}$PEPTIDE1,PEPTIDE1,1:R1-7:R2$$$",-7.03145676
"PEPTIDE1{G.X591.G.P.Y.X1699.X1834}$PEPTIDE1,PEPTIDE1,1:R1-7:R2$$$",-6.75862733
"PEPTIDE1{G.R.L.G.G.P.P}$PEPTIDE1,PEPTIDE1,1:R1-7:R2$$$",-7.44164830
"PEPTIDE1{X1004.Q.P.G.X905.X255.X1664}$PEPTIDE1,PEPTIDE1,1:R1-7:R2$$$",-6.89118419
"PEPTIDE1{X1664.X3004.P.F.X490.dPhe(2-F).G}$PEPTIDE1,PEPTIDE1,1:R1-7:R2$$$",-6.51816549
"PEPTIDE1{R.X2327.G.Mono106.G.X2747.Y}$PEPTIDE1,PEPTIDE1,1:R1-7:R2$$$",-7.21926977
"PEPTIDE1{P.Q.X1813.X3004.dP.G.Q}$PEPTIDE1,PEPTIDE1,1:R1-7:R2$$$",-7.19140536
"PEPTIDE1{X1664.R.F.Mono19.Mono107.X2387.G}$PEPTIDE1,PEPTIDE1,1:R1-7:R2$$$",-7.76305017
"PEPTIDE1{F.X2543.X824.Y.X1874.G.X3004}$PEPTIDE1,PEPTIDE1,1:R1-7:R2$$$",-6.46700105
"PEPTIDE1{X1702.Y.G.Cit.X2432.X1811.P}$PEPTIDE1,PEPTIDE1,1:R1-7:R2$$$",-8.43761222
"PEPTIDE1{Y.G.F.X1918.L.R.Y}$PEPTIDE1,PEPTIDE1,1:R1-7:R2$$$",-7.28260326
"PEPTIDE1{Mono107.R.Y.G.P.Y.dP}$PEPTIDE1,PEPTIDE1,1:R1-7:R2$$$",-7.20207733
"PEPTIDE1{L.G.X232.Q.G.Q.X2258}$PEPTIDE1,PEPTIDE1,1:R1-7:R2$$$",-7.05254320
"PEPTIDE1{W.A.L.X1837.G.(N->O)Val.X1664}$PEPTIDE1,PEPTIDE1,1:R1-7:R2$$$",-7.83821404
"PEPTIDE1{Aze.X1004.Y.R.X233.L.P}$PEPTIDE1,PEPTIDE1,1:R1-7:R2$$$",-6.76093085
"PEPTIDE1{X232.Cha.L.X1457.Q.Q.G}$PEPTIDE1,PEPTIDE1,1:R1-7:R2$$$",-6.80600109
"PEPTIDE1{L.L.X3004.G.F.F.Q}$PEPTIDE1,PEPTIDE1,1:R1-7:R2$$$",-6.73940700
"PEPTIDE1{X1811.F.X2461.X1004.(N->O)Tyr.X1588.G}$PEPTIDE1,PEPTIDE1,1:R1-7:R2$$$",-6.13720977
"PEPTIDE1{G.L.dS.L.Q.lalloHyp.X1004}$PEPTIDE1,PEPTIDE1,1:R1-7:R2$$$",-6.99851249
"PEPTIDE1{Y.Q.F.Q.G.Mono50.Q}$PEPTIDE1,PEPTIDE1,1:R1-7:R2$$$",-7.18499405
"PEPTIDE1{F.X261.R.G.X1562.X2432.X1918}$PEPTIDE1,PEPTIDE1,1:R1-7:R2$$$",-6.58724721
"PEPTIDE1{A.A.X1038.G.L.F.X612}$PEPTIDE1,PEPTIDE1,1:R1-7:R2$$$",-6.87257888
"PEPTIDE1{R.F.X1004.Q.Q.X670.dHpr}$PEPTIDE1,PEPTIDE1,1:R1-7:R2$$$",-6.72488294
"PEPTIDE1{G.X1004.R.dP.L.G.Y}$PEPTIDE1,PEPTIDE1,1:R1-7:R2$$$",-7.38002374
"PEPTIDE1{Q.X2403.X420.P.X490.G.P}$PEPTIDE1,PEPTIDE1,1:R1-7:R2$$$",-6.98186627
"PEPTIDE1{dHpr.Y.G.dHpr.X2328.H.dP}$PEPTIDE1,PEPTIDE1,1:R1-7:R2$$$",-6.73407331
"PEPTIDE1{Q.X2432.X867.F.X671.G.G}$PEPTIDE1,PEPTIDE1,1:R1-7:R2$$$",-6.57693127
"PEPTIDE1{X1004.X490.L.G.X622.G.G}$PEPTIDE1,PEPTIDE1,1:R1-7:R2$$$",-6.59393655
"PEPTIDE1{G.P.L.Q.R.F.X6}$PEPTIDE1,PEPTIDE1,1:R1-7:R2$$$",-7.04149109
"PEPTIDE1{P.X2432.X1811.Q.dCit.X425.X490}$PEPTIDE1,PEPTIDE1,1:R1-7:R2$$$",-8.43180742
"PEPTIDE1{G.X1004.Q.X601.Phe(CHF2).R.G}$PEPTIDE1,PEPTIDE1,1:R1-7:R2$$$",-7.38921870
"PEPTIDE1{Q.X1004.P.Y.P.Cha.G}$PEPTIDE1,PEPTIDE1,1:R1-7:R2$$$",-6.37049612
"PEPTIDE1{X255.R.Y.R.X2113.meL.P}$PEPTIDE1,PEPTIDE1,1:R1-7:R2$$$",-6.71471992
"PEPTIDE1{X11.R.G.A.Y.R.P}$PEPTIDE1,PEPTIDE1,1:R1-7:R2$$$",-7.11507605
"PEPTIDE1{G.X2203.R.X2285.F.X956.G}$PEPTIDE1,PEPTIDE1,1:R1-7:R2$$$",-6.97704058
"PEPTIDE1{R.R.X2745.Q.Y.Y.Aze}$PEPTIDE1,PEPTIDE1,1:R1-7:R2$$$",-6.52175313
"PEPTIDE1{G.dQ.X2328.P.X1457.Y.G}$PEPTIDE1,PEPTIDE1,1:R1-7:R2$$$",-6.60708803
"PEPTIDE1{F.dPhe(2-F).Y.X1956.Q.R.X49}$PEPTIDE1,PEPTIDE1,1:R1-7:R2$$$",-7.25661801
"PEPTIDE1{X7.X2516.dR.Y.X1813.F.Y}$PEPTIDE1,PEPTIDE1,1:R1-7:R2$$$",-7.44216090
"PEPTIDE1{P.Q.Q.Q.L.G.dHpr}$PEPTIDE1,PEPTIDE1,1:R1-7:R2$$$",-6.88786808
"PEPTIDE1{Mono107.X2328.R.A.R.X786.X1206}$PEPTIDE1,PEPTIDE1,1:R1-7:R2$$$",-7.22431429
"PEPTIDE1{P.X1942.X1980.X946.P.dHpr.G}$PEPTIDE1,PEPTIDE1,1:R1-7:R2$$$",-6.66815239
"PEPTIDE1{F.L.X1035.G.R.X2461.G}$PEPTIDE1,PEPTIDE1,1:R1-7:R2$$$",-6.24953015
"PEPTIDE1{dHpr.X2432.X824.R.dD.F.P}$PEPTIDE1,PEPTIDE1,1:R1-7:R2$$$",-6.34636577
"PEPTIDE1{G.Q.Y.X2432.F.X956.X1206}$PEPTIDE1,PEPTIDE1,1:R1-7:R2$$$",-7.24099611
"PEPTIDE1{X946.Q.Y.X11.Q.Q.G}$PEPTIDE1,PEPTIDE1,1:R1-7:R2$$$",-6.95860948
"PEPTIDE1{G.X425.X490.X6.F.Q.X1788}$PEPTIDE1,PEPTIDE1,1:R1-7:R2$$$",-6.52765252
"PEPTIDE1{P.G.X2432.X1457.Y.R.Y}$PEPTIDE1,PEPTIDE1,1:R1-7:R2$$$",-6.46820168
"PEPTIDE1{X7.X566.lalloHyp.F.P.R.G}$PEPTIDE1,PEPTIDE1,1:R1-7:R2$$$",-6.89127876
"PEPTIDE1{F.G.S.X2432.G.Aze.dP}$PEPTIDE1,PEPTIDE1,1:R1-7:R2$$$",-6.59357437
"PEPTIDE1{Y.R.R.X2432.Q.X1811.G}$PEPTIDE1,PEPTIDE1,1:R1-7:R2$$$",-7.83317234
"PEPTIDE1{P.L.G.Mono51.A.Y.X1432}$PEPTIDE1,PEPTIDE1,1:R1-7:R2$$$",-6.32475597
"PEPTIDE1{Y.P.X1811.X195.Y.(N->O)Tyr.Mono107}$PEPTIDE1,PEPTIDE1,1:R1-7:R2$$$",-7.39531304
"PEPTIDE1{G.G.Mono106.Bal.X591.X1004.Y}$PEPTIDE1,PEPTIDE1,1:R1-7:R2$$$",-7.68056507
"PEPTIDE1{X232.Mono47.P.P.X956.X179.X375}$PEPTIDE1,PEPTIDE1,1:R1-7:R2$$$",-6.74275338
"PEPTIDE1{X375.X2328.Y.Q.X277.Q.X204}$PEPTIDE1,PEPTIDE1,1:R1-7:R2$$$",-7.44722104
"PEPTIDE1{F.G.P.Q.Mono50.X591.Y}$PEPTIDE1,PEPTIDE1,1:R1-7:R2$$$",-7.39099138
"PEPTIDE1{Y.P.dHpr.X2432.X1895.Y.X1895}$PEPTIDE1,PEPTIDE1,1:R1-7:R2$$$",-7.36340265
"PEPTIDE1{X490.F.Y.G.A.X1393.Y}$PEPTIDE1,PEPTIDE1,1:R1-7:R2$$$",-6.33612989
"PEPTIDE1{X196.X1813.X305.X126.F.X1457.G}$PEPTIDE1,PEPTIDE1,1:R1-7:R2$$$",-6.97540231
"PEPTIDE1{Q.dHpr.L.F.R.P.X786}$PEPTIDE1,PEPTIDE1,1:R1-7:R2$$$",-6.58905789
"PEPTIDE1{X204.F.P.L.G.X233.Q}$PEPTIDE1,PEPTIDE1,1:R1-7:R2$$$",-6.82155434
"PEPTIDE1{R.G.Y.X2577.X1918.X1393.Y}$PEPTIDE1,PEPTIDE1,1:R1-7:R2$$$",-7.07369057
"PEPTIDE1{X490.X956.X1457.(N->O)Tyr.X2432.F.P}$PEPTIDE1,PEPTIDE1,1:R1-7:R2$$$",-6.41196752
"PEPTIDE1{X2577.Mono106.X1395.Y.(N->O)Val.Trp(7-Br).X612}$PEPTIDE1,PEPTIDE1,1:R1-7:R2$$$",-7.53858964
"PEPTIDE1{am_G.X2328.X566.X233.X981.X577.A}$PEPTIDE1,PEPTIDE1,1:R1-7:R2$$$",-6.93245051
"PEPTIDE1{Q.Q.X981.Y.G.Q.A}$PEPTIDE1,PEPTIDE1,1:R1-7:R2$$$",-6.63520934
"PEPTIDE1{L.R.Q.Q.G.Q.G}$PEPTIDE1,PEPTIDE1,1:R1-7:R2$$$",-7.35408781
"PEPTIDE1{F.X2432.X1661.X305.F.Q.P}$PEPTIDE1,PEPTIDE1,1:R1-7:R2$$$",-6.57848819
"PEPTIDE1{X683.X2830.X6.L.R.G.P}$PEPTIDE1,PEPTIDE1,1:R1-7:R2$$$",-7.47349984
"PEPTIDE1{Y.lalloHyp.Y.Mono107.X490.Mono50.lalloHyp}$PEPTIDE1,PEPTIDE1,1:R1-7:R2$$$",-6.59198397
"PEPTIDE1{Q.Y.dP.P.Q.Cit.Y}$PEPTIDE1,PEPTIDE1,1:R1-7:R2$$$",-6.41111495
"PEPTIDE1{R.X1921.F.G.Q.Q.G}$PEPTIDE1,PEPTIDE1,1:R1-7:R2$$$",-6.96413196
"PEPTIDE1{F.X196.G.P.P.X1664.Y}$PEPTIDE1,PEPTIDE1,1:R1-7:R2$$$",-6.49979175
"PEPTIDE1{F.X1811.X2501.G.dP.X569.X956}$PEPTIDE1,PEPTIDE1,1:R1-7:R2$$$",-7.89497143
"PEPTIDE1{Q.Y.Y.dP.Q.X612.X1513}$PEPTIDE1,PEPTIDE1,1:R1-7:R2$$$",-6.56182315
"PEPTIDE1{R.Y.Y.Mono51.Q.F.X2432}$PEPTIDE1,PEPTIDE1,1:R1-7:R2$$$",-6.32808689
"PEPTIDE1{X2037.X255.R.A.Q.X2329.X49}$PEPTIDE1,PEPTIDE1,1:R1-7:R2$$$",-7.62531348
"PEPTIDE1{G.X1395.X2745.Y.X3004.R.P}$PEPTIDE1,PEPTIDE1,1:R1-7:R2$$$",-7.61003885
"PEPTIDE1{R.G.X566.X1561.R.X1699.A}$PEPTIDE1,PEPTIDE1,1:R1-7:R2$$$",-6.76772654
"PEPTIDE1{P.X2403.G.A.X1004.X2329.P}$PEPTIDE1,PEPTIDE1,1:R1-7:R2$$$",-7.60760675
"PEPTIDE1{Y.P.F.X314.Q.X189.Y}$PEPTIDE1,PEPTIDE1,1:R1-7:R2$$$",-7.34557365
"PEPTIDE1{X2432.Aze.X2432.X612.X2432.Q.X956}$PEPTIDE1,PEPTIDE1,1:R1-7:R2$$$",-6.76111201
"PEPTIDE1{dP.F.G.X1664.X683.Q.X1393}$PEPTIDE1,PEPTIDE1,1:R1-7:R2$$$",-7.35868508
"PEPTIDE1{dP.F.X3004.X2432.F.F.X956}$PEPTIDE1,PEPTIDE1,1:R1-7:R2$$$",-7.03387658
"PEPTIDE1{G.L.X2391.Mono107.Mono63.F.Q}$PEPTIDE1,PEPTIDE1,1:R1-7:R2$$$",-6.80495147
"PEPTIDE1{G.R.X1895.X391.F.X233.X946}$PEPTIDE1,PEPTIDE1,1:R1-7:R2$$$",-7.22474077
"PEPTIDE1{P.G.X1664.X577.X1664.Q.G}$PEPTIDE1,PEPTIDE1,1:R1-7:R2$$$",-6.98980259
"PEPTIDE1{L.F.X1699.R.X11.X2432.G}$PEPTIDE1,PEPTIDE1,1:R1-7:R2$$$",-6.62662216
"PEPTIDE1{X1661.G.Q.G.L.X6.G}$PEPTIDE1,PEPTIDE1,1:R1-7:R2$$$",-6.76613240
"PEPTIDE1{dP.Q.Aze.G.X261.X956.P}$PEPTIDE1,PEPTIDE1,1:R1-7:R2$$$",-6.79189678
"PEPTIDE1{Y.Mono19.P.Y.G.G.P}$PEPTIDE1,PEPTIDE1,1:R1-7:R2$$$",-7.13522901
"PEPTIDE1{X878.X2432.X2432.X49.F.X577.X2019}$PEPTIDE1,PEPTIDE1,1:R1-7:R2$$$",-7.26446572
"PEPTIDE1{dP.R.Q.X1777.X3004.X1777.P}$PEPTIDE1,PEPTIDE1,1:R1-7:R2$$$",-6.74952162
"PEPTIDE1{X956.X1811.P.X1004.Y.X1395.P}$PEPTIDE1,PEPTIDE1,1:R1-7:R2$$$",-6.30675069
"PEPTIDE1{Y.X2432.Y.X2461.X2327.X1004.X2403}$PEPTIDE1,PEPTIDE1,1:R1-7:R2$$$",-6.85630000
"PEPTIDE1{X1664.L.F.Q.Q.Q.G}$PEPTIDE1,PEPTIDE1,1:R1-7:R2$$$",-6.81145985
"PEPTIDE1{R.Mono50.P.Cha.G.L.X179}$PEPTIDE1,PEPTIDE1,1:R1-7:R2$$$",-7.00180606
"PEPTIDE1{X1699.L.X956.X387.P.L.dP}$PEPTIDE1,PEPTIDE1,1:R1-7:R2$$$",-6.20732549
"PEPTIDE1{X1038.X2791.P.Q.G.R.G}$PEPTIDE1,PEPTIDE1,1:R1-7:R2$$$",-7.72628624
"PEPTIDE1{F.Y.X945.G.X1813.Q.X375}$PEPTIDE1,PEPTIDE1,1:R1-7:R2$$$",-7.18427957
"PEPTIDE1{P.(N->O)Tyr.dD.X824.X1004.G.X302}$PEPTIDE1,PEPTIDE1,1:R1-7:R2$$$",-6.89451069
"PEPTIDE1{X255.Y.F.X1811.Q.dHpr.Q}$PEPTIDE1,PEPTIDE1,1:R1-7:R2$$$",-7.64533496
"PEPTIDE1{X126.F.X2791.G.X1811.R.Y}$PEPTIDE1,PEPTIDE1,1:R1-7:R2$$$",-7.83854896
"PEPTIDE1{G.X2432.lalloHyp.L.P.X1811.X2432}$PEPTIDE1,PEPTIDE1,1:R1-7:R2$$$",-6.26391270
"PEPTIDE1{G.X956.Y.Q.X232.Q.Q}$PEPTIDE1,PEPTIDE1,1:R1-7:R2$$$",-6.90629969
"PEPTIDE1{A.F.X683.F.Y.Q.G}$PEPTIDE1,PEPTIDE1,1:R1-7:R2$$$",-7.48629606
"PEPTIDE1{X2403.Y.X1989.X1004.P.Q.Q}$PEPTIDE1,PEPTIDE1,1:R1-7:R2$$$",-7.51315272
"PEPTIDE1{dP.L.G.X1813.G.X2432.P}$PEPTIDE1,PEPTIDE1,1:R1-7:R2$$$",-6.92680160
"PEPTIDE1{X946.A.G.Mono106.R.Y.Y}$PEPTIDE1,PEPTIDE1,1:R1-7:R2$$$",-7.42329644
"PEPTIDE1{L.G.F.X7.X425.G.Q}$PEPTIDE1,PEPTIDE1,1:R1-7:R2$$$",-7.11493613
"PEPTIDE1{X867.G.F.Q.G.dHpr.X1035}$PEPTIDE1,PEPTIDE1,1:R1-7:R2$$$",-6.26320250
"PEPTIDE1{G.(N->O)Val.A.G.Q.Y.P}$PEPTIDE1,PEPTIDE1,1:R1-7:R2$$$",-7.19629976
"PEPTIDE1{dP.R.X2432.L.G.X1918.Y}$PEPTIDE1,PEPTIDE1,1:R1-7:R2$$$",-7.10731337
"PEPTIDE1{P.R.P.G.F.X1004.Y}$PEPTIDE1,PEPTIDE1,1:R1-7:R2$$$",-6.86142664
"PEPTIDE1{Y.X490.P.X1395.R.F.X1213}$PEPTIDE1,PEPTIDE1,1:R1-7:R2$$$",-6.69464507
"PEPTIDE1{X490.X683.X619.P.X2516.F.X2327}$PEPTIDE1,PEPTIDE1,1:R1-7:R2$$$",-6.87297396
"PEPTIDE1{L.X2285.X1811.X725.X2432.(N->O)Tyr.P}$PEPTIDE1,PEPTIDE1,1:R1-7:R2$$$",-8.09449027
"PEPTIDE1{X2203.Aze.G.Trp(5-Br).X725.Glp.Q}$PEPTIDE1,PEPTIDE1,1:R1-7:R2$$$",-6.84734713
"PEPTIDE1{G.P.2-Pal.Y.dNle.P.P}$PEPTIDE1,PEPTIDE1,1:R1-7:R2$$$",-6.59871412
"PEPTIDE1{X534.G.Q.L.Mono19.X2328.X956}$PEPTIDE1,PEPTIDE1,1:R1-7:R2$$$",-6.93939573
"PEPTIDE1{X1350.R.dP.Q.X314.Q.G}$PEPTIDE1,PEPTIDE1,1:R1-7:R2$$$",-7.14396974
"PEPTIDE1{G.X233.X822.R.X2577.X725.Q}$PEPTIDE1,PEPTIDE1,1:R1-7:R2$$$",-6.86263724
"PEPTIDE1{F.F.(N->O)Tyr.G.X2113.G.P}$PEPTIDE1,PEPTIDE1,1:R1-7:R2$$$",-7.28597336
"PEPTIDE1{X1029.L.G.R.X1811.P.Q}$PEPTIDE1,PEPTIDE1,1:R1-7:R2$$$",-7.80279394
"PEPTIDE1{P.dP.X7.X1813.dHpr.X2432.A}$PEPTIDE1,PEPTIDE1,1:R1-7:R2$$$",-6.93771052
"PEPTIDE1{X490.Aze.X1777.Q.F.G.Q}$PEPTIDE1,PEPTIDE1,1:R1-7:R2$$$",-6.45629576
"PEPTIDE1{Y.Mono19.R.X2285.X2793.Mono19.Q}$PEPTIDE1,PEPTIDE1,1:R1-7:R2$$$",-7.30372324
"PEPTIDE1{Q.X2461.G.F.G.Hpr.P}$PEPTIDE1,PEPTIDE1,1:R1-7:R2$$$",-6.39626860
"PEPTIDE1{P.X1918.G.X1393.Mono106.X2432.X1004}$PEPTIDE1,PEPTIDE1,1:R1-7:R2$$$",-7.06212034
"PEPTIDE1{G.X2329.X1457.Y.Aze.F.Q}$PEPTIDE1,PEPTIDE1,1:R1-7:R2$$$",-6.92064012
"PEPTIDE1{X196.G.X905.G.Y.R.G}$PEPTIDE1,PEPTIDE1,1:R1-7:R2$$$",-7.28978741
"PEPTIDE1{Y.X7.Y.Q.F.X2258.Q}$PEPTIDE1,PEPTIDE1,1:R1-7:R2$$$",-7.28720151
"PEPTIDE1{A.X6.Pro(4-F2).G.R.X1498.G}$PEPTIDE1,PEPTIDE1,1:R1-7:R2$$$",-7.43190475
"PEPTIDE1{X3004.Y.Q.R.X1817.X1811.G}$PEPTIDE1,PEPTIDE1,1:R1-7:R2$$$",-7.76444470
"PEPTIDE1{Y.X2432.dHpr.Y.R.L.G}$PEPTIDE1,PEPTIDE1,1:R1-7:R2$$$",-6.65878836
"PEPTIDE1{X490.X1609.X631.Y.X2403.X2432.Q}$PEPTIDE1,PEPTIDE1,1:R1-7:R2$$$",-6.79332166
"PEPTIDE1{G.X11.X113.A.R.X7.G}$PEPTIDE1,PEPTIDE1,1:R1-7:R2$$$",-7.62023823
"PEPTIDE1{X1895.X591.dHpr.X2432.X232.Q.X1393}$PEPTIDE1,PEPTIDE1,1:R1-7:R2$$$",-7.12381199
"PEPTIDE1{Q.Q.X255.F.A.G.P}$PEPTIDE1,PEPTIDE1,1:R1-7:R2$$$",-7.29721443
"PEPTIDE1{dHpr.X2432.X81.X956.X315.G.X2339}$PEPTIDE1,PEPTIDE1,1:R1-7:R2$$$",-6.88619017
"PEPTIDE1{Q.X1956.X255.G.X946.Q.G}$PEPTIDE1,PEPTIDE1,1:R1-7:R2$$$",-7.10545050
"PEPTIDE1{G.dP.X1768.Q.L.X126.X261}$PEPTIDE1,PEPTIDE1,1:R1-7:R2$$$",-7.21318325
"PEPTIDE1{L.X1874.X1918.F.X956.X1206.X569}$PEPTIDE1,PEPTIDE1,1:R1-7:R2$$$",-7.00808116
"PEPTIDE1{X786.X2442.X1829.F.G.P.X305}$PEPTIDE1,PEPTIDE1,1:R1-7:R2$$$",-7.03703869
"PEPTIDE1{L.X255.X2364.X822.X1004.G.G}$PEPTIDE1,PEPTIDE1,1:R1-7:R2$$$",-6.77968745
"PEPTIDE1{X956.Q.P.X1989.Y.F.G}$PEPTIDE1,PEPTIDE1,1:R1-7:R2$$$",-7.34525357
"PEPTIDE1{X591.X126.Mono19.Y.Q.G.G}$PEPTIDE1,PEPTIDE1,1:R1-7:R2$$$",-7.58594549
"PEPTIDE1{P.G.G.X3004.Y.X1720.A}$PEPTIDE1,PEPTIDE1,1:R1-7:R2$$$",-7.13732546
"PEPTIDE1{Q.X946.P.X2432.X255.P.X956}$PEPTIDE1,PEPTIDE1,1:R1-7:R2$$$",-6.87097325
"PEPTIDE1{Q.X1813.Me_dW.X1707.X569.Q.dHpr}$PEPTIDE1,PEPTIDE1,1:R1-7:R2$$$",-7.13517304
"PEPTIDE1{X2432.X425.G.X956.Y.Mono50.lalloHyp}$PEPTIDE1,PEPTIDE1,1:R1-7:R2$$$",-7.03247594
"PEPTIDE1{X1432.Y.X3004.Y.A.X683.X956}$PEPTIDE1,PEPTIDE1,1:R1-7:R2$$$",-7.75092120
"PEPTIDE1{X1661.R.G.Q.X233.P.X1432}$PEPTIDE1,PEPTIDE1,1:R1-7:R2$$$",-6.80647419
"PEPTIDE1{X591.Q.X255.G.G.X2432.Aze}$PEPTIDE1,PEPTIDE1,1:R1-7:R2$$$",-6.73159178
"PEPTIDE1{P.X956.X1038.Q.X1004.X49.Q}$PEPTIDE1,PEPTIDE1,1:R1-7:R2$$$",-7.26871389
"PEPTIDE1{P.Y.L.X631.Y.L.X612}$PEPTIDE1,PEPTIDE1,1:R1-7:R2$$$",-6.88019867
"PEPTIDE1{Y.G.Y.G.P.X824.X1004}$PEPTIDE1,PEPTIDE1,1:R1-7:R2$$$",-6.62848353
"PEPTIDE1{F.Q.X3004.X956.X946.d(N->O)Gly(allyl).dS}$PEPTIDE1,PEPTIDE1,1:R1-7:R2$$$",-6.98494139
"PEPTIDE1{X2461.X1699.Y.Q.R.dHpr.dPhe(2-F)}$PEPTIDE1,PEPTIDE1,1:R1-7:R2$$$",-6.79388691
"PEPTIDE1{L.X1004.X1498.X1956.F.X591.G}$PEPTIDE1,PEPTIDE1,1:R1-7:R2$$$",-7.05968958
"PEPTIDE1{meW.R.dS.X786.X2577.X1921.G}$PEPTIDE1,PEPTIDE1,1:R1-7:R2$$$",-7.16613677
"PEPTIDE1{R.Y.Q.X49.Y.F.G}$PEPTIDE1,PEPTIDE1,1:R1-7:R2$$$",-7.08801770
"PEPTIDE1{Y.X1548.X1457.P.X1432.Q.P}$PEPTIDE1,PEPTIDE1,1:R1-7:R2$$$",-6.66253088
"PEPTIDE1{G.G.R.(N->O)Val.dH.P.G}$PEPTIDE1,PEPTIDE1,1:R1-7:R2$$$",-7.11102464
"PEPTIDE1{X591.X343.X314.X1834.R.L.Y}$PEPTIDE1,PEPTIDE1,1:R1-7:R2$$$",-6.82646612
"PEPTIDE1{Q.A.X2048.G.G.R.Q}$PEPTIDE1,PEPTIDE1,1:R1-7:R2$$$",-7.19654371
"PEPTIDE1{Q.X2432.G.X529.X1540.Q.G}$PEPTIDE1,PEPTIDE1,1:R1-7:R2$$$",-7.21797442
"PEPTIDE1{X798.X1127.R.G.Q.X2432.G}$PEPTIDE1,PEPTIDE1,1:R1-7:R2$$$",-7.05370098
"PEPTIDE1{P.Q.G.L.X261.R.Q}$PEPTIDE1,PEPTIDE1,1:R1-7:R2$$$",-7.20507440
"PEPTIDE1{Y.am_G.X2574.meL.G.P.Q}$PEPTIDE1,PEPTIDE1,1:R1-7:R2$$$",-6.53657706
"PEPTIDE1{R.G.G.X2329.X1664.F.X946}$PEPTIDE1,PEPTIDE1,1:R1-7:R2$$$",-7.15959596
"PEPTIDE1{X577.X7.G.X1861.X956.X2669.Lys(2-MP)}$PEPTIDE1,PEPTIDE1,1:R1-7:R2$$$",-7.18328402
"PEPTIDE1{L.X196.X2432.Mono19.d(N->O)Gly(allyl).F.dS}$PEPTIDE1,PEPTIDE1,1:R1-7:R2$$$",-7.34749155
"PEPTIDE1{X2577.G.X1294.X956.G.G.P}$PEPTIDE1,PEPTIDE1,1:R1-7:R2$$$",-7.02698133
"PEPTIDE1{P.L.L.Y.X204.d(N->O)Gly(allyl).X786}$PEPTIDE1,PEPTIDE1,1:R1-7:R2$$$",-6.73758847
"PEPTIDE1{P.Pro(4-F2).Y.dR.Q.R.G}$PEPTIDE1,PEPTIDE1,1:R1-7:R2$$$",-7.30431960
"PEPTIDE1{Y.X956.G.R.P.L.X302}$PEPTIDE1,PEPTIDE1,1:R1-7:R2$$$",-6.66132431
"PEPTIDE1{P.F.X956.X785.dHpr.X46.Q}$PEPTIDE1,PEPTIDE1,1:R1-7:R2$$$",-6.86722221
"PEPTIDE1{X1395.X1498.X1294.Q.Y.G.X1457}$PEPTIDE1,PEPTIDE1,1:R1-7:R2$$$",-7.62592045
"PEPTIDE1{G.G.X1661.Y.X956.F.X1918}$PEPTIDE1,PEPTIDE1,1:R1-7:R2$$$",-6.66780543
"PEPTIDE1{X255.G.X1811.P.X956.Y.lalloHyp}$PEPTIDE1,PEPTIDE1,1:R1-7:R2$$$",-6.26168037
"PEPTIDE1{Q.X946.X1004.P.Q.G.P}$PEPTIDE1,PEPTIDE1,1:R1-7:R2$$$",-7.11798009
"PEPTIDE1{F.X233.X1010.Y.X299.R.Y}$PEPTIDE1,PEPTIDE1,1:R1-7:R2$$$",-6.51095764
"PEPTIDE1{L.R.G.dNle.X2328.X2577.Cit}$PEPTIDE1,PEPTIDE1,1:R1-7:R2$$$",-7.38957889
"PEPTIDE1{Q.X956.L.X1800.dP.F.G}$PEPTIDE1,PEPTIDE1,1:R1-7:R2$$$",-6.56145532
"PEPTIDE1{X2225.G.P.X2432.X2745.Q.G}$PEPTIDE1,PEPTIDE1,1:R1-7:R2$$$",-7.17109037
"PEPTIDE1{Y.X1004.X1457.X126.P.meL.X577}$PEPTIDE1,PEPTIDE1,1:R1-7:R2$$$",-6.39022754
"PEPTIDE1{L.Q.L.X3004.X591.X7.Mono50}$PEPTIDE1,PEPTIDE1,1:R1-7:R2$$$",-7.33184305
"PEPTIDE1{X612.G.X277.Q.G.G.P}$PEPTIDE1,PEPTIDE1,1:R1-7:R2$$$",-7.04501155
"PEPTIDE1{Q.Aze.F.F.X233.Q.X2432}$PEPTIDE1,PEPTIDE1,1:R1-7:R2$$$",-6.70532170
"PEPTIDE1{Y.Y.F.dP.X2432.G.X11}$PEPTIDE1,PEPTIDE1,1:R1-7:R2$$$",-7.16310935
"PEPTIDE1{F.(N->O)Val.G.X1207.Mono50.X2830.X786}$PEPTIDE1,PEPTIDE1,1:R1-7:R2$$$",-7.32856723
"PEPTIDE1{dHpr.P.G.L.P.G.Q}$PEPTIDE1,PEPTIDE1,1:R1-7:R2$$$",-6.77885545
"PEPTIDE1{A.X956.G.Aze.dHpr.F.G}$PEPTIDE1,PEPTIDE1,1:R1-7:R2$$$",-6.73684545
"PEPTIDE1{G.X1829.G.X946.X2432.X391.X3004}$PEPTIDE1,PEPTIDE1,1:R1-7:R2$$$",-6.98385416
"PEPTIDE1{F.X612.L.F.X1918.Y.P}$PEPTIDE1,PEPTIDE1,1:R1-7:R2$$$",-6.77831042
"PEPTIDE1{Me_lalloI.G.X2432.Q.Y.P.X1213}$PEPTIDE1,PEPTIDE1,1:R1-7:R2$$$",-6.22069529
"PEPTIDE1{X1895.X1664.P.G.Q.Y.Y}$PEPTIDE1,PEPTIDE1,1:R1-7:R2$$$",-6.82751683
"PEPTIDE1{P.Y.dHpr.G.Q.Y.X1661}$PEPTIDE1,PEPTIDE1,1:R1-7:R2$$$",-6.41022985
"PEPTIDE1{G.Q.R.R.Q.X1395.X1004}$PEPTIDE1,PEPTIDE1,1:R1-7:R2$$$",-7.25422298
"PEPTIDE1{X2669.X569.F.X232.Y.X1707.X3004}$PEPTIDE1,PEPTIDE1,1:R1-7:R2$$$",-6.68530118
"PEPTIDE1{dHpr.X671.X1058.dHpr.G.P.G}$PEPTIDE1,PEPTIDE1,1:R1-7:R2$$$",-6.60038815
"PEPTIDE1{X577.Y.F.Mono51.G.Q.G}$PEPTIDE1,PEPTIDE1,1:R1-7:R2$$$",-6.23991100
"PEPTIDE1{G.R.X591.P.G.X798.X956}$PEPTIDE1,PEPTIDE1,1:R1-7:R2$$$",-7.75490243
"PEPTIDE1{L.dD.X81.am_G.X946.R.X591}$PEPTIDE1,PEPTIDE1,1:R1-7:R2$$$",-7.09848662
"PEPTIDE1{Q.A.G.Mono60.G.X232.X569}$PEPTIDE1,PEPTIDE1,1:R1-7:R2$$$",-6.81366351
"PEPTIDE1{X631.X786.X490.Q.X1393.dP.X302}$PEPTIDE1,PEPTIDE1,1:R1-7:R2$$$",-6.91892868
"PEPTIDE1{Q.X1800.X302.Q.Y.Mono19.Y}$PEPTIDE1,PEPTIDE1,1:R1-7:R2$$$",-7.27959781
"PEPTIDE1{Mono107.G.P.Mono106.F.G.A}$PEPTIDE1,PEPTIDE1,1:R1-7:R2$$$",-6.98578941
"PEPTIDE1{dHpr.X880.G.X946.Y.G.X975}$PEPTIDE1,PEPTIDE1,1:R1-7:R2$$$",-6.81972524
"PEPTIDE1{X1029.X956.X946.Y.R.X534.G}$PEPTIDE1,PEPTIDE1,1:R1-7:R2$$$",-6.70591565
"PEPTIDE1{X255.Q.Y.F.X2432.X2432.X956}$PEPTIDE1,PEPTIDE1,1:R1-7:R2$$$",-7.17841898
"PEPTIDE1{Q.Y.X2432.P.Mono19.G.X1913}$PEPTIDE1,PEPTIDE1,1:R1-7:R2$$$",-6.88472946
"PEPTIDE1{F.X1811.X1004.X2432.Q.G.X956}$PEPTIDE1,PEPTIDE1,1:R1-7:R2$$$",-8.14520000
"PEPTIDE1{G.Q.Q.X2791.G.X1664.X2793}$PEPTIDE1,PEPTIDE1,1:R1-7:R2$$$",-7.50475991
"PEPTIDE1{P.X1004.X1212.P.G.X1038.A}$PEPTIDE1,PEPTIDE1,1:R1-7:R2$$$",-6.88354739
"PEPTIDE1{P.X2669.G.X391.G.P.P}$PEPTIDE1,PEPTIDE1,1:R1-7:R2$$$",-6.96956458
"PEPTIDE1{X2403.X255.X233.A.L.Q.Q}$PEPTIDE1,PEPTIDE1,1:R1-7:R2$$$",-6.84436165
"PEPTIDE1{X196.R.Y.P.F.P.G}$PEPTIDE1,PEPTIDE1,1:R1-7:R2$$$",-7.02703453
"PEPTIDE1{Y.F.G.G.X2258.Mono16.G}$PEPTIDE1,PEPTIDE1,1:R1-7:R2$$$",-6.92217319
"PEPTIDE1{X1971.R.Mono50.P.X233.Q.X2671}$PEPTIDE1,PEPTIDE1,1:R1-7:R2$$$",-6.98255277
"PEPTIDE1{X880.X49.X2791.Q.G.G.G}$PEPTIDE1,PEPTIDE1,1:R1-7:R2$$$",-7.31553258
"PEPTIDE1{dHpr.X569.F.Q.F.X1457.G}$PEPTIDE1,PEPTIDE1,1:R1-7:R2$$$",-6.50103378
"PEPTIDE1{X2577.L.Q.Y.G.P.Q}$PEPTIDE1,PEPTIDE1,1:R1-7:R2$$$",-7.04126047
"PEPTIDE1{X195.P.Q.G.P.Q.X1004}$PEPTIDE1,PEPTIDE1,1:R1-7:R2$$$",-6.45446001
"PEPTIDE1{Q.X573.P.X375.X126.Q.Mono66}$PEPTIDE1,PEPTIDE1,1:R1-7:R2$$$",-7.04868728
"PEPTIDE1{L.Y.dD.P.X1811.X2791.dS}$PEPTIDE1,PEPTIDE1,1:R1-7:R2$$$",-7.38594763
"PEPTIDE1{lalloHyp.X1127.G.G.R.P.Q}$PEPTIDE1,PEPTIDE1,1:R1-7:R2$$$",-7.29934330
"PEPTIDE1{R.G.X2432.R.P.Q.X1410}$PEPTIDE1,PEPTIDE1,1:R1-7:R2$$$",-7.47685505
"PEPTIDE1{R.X81.G.X946.X2226.X786.Q}$PEPTIDE1,PEPTIDE1,1:R1-7:R2$$$",-7.18073693
"PEPTIDE1{X2465.R.P.Q.G.Q.Y}$PEPTIDE1,PEPTIDE1,1:R1-7:R2$$$",-7.22017006
"PEPTIDE1{Phe(CHF2).L.X1664.L.R.F.X187}$PEPTIDE1,PEPTIDE1,1:R1-7:R2$$$",-6.69432277
"PEPTIDE1{G.X612.L.G.G.X1956.X2432}$PEPTIDE1,PEPTIDE1,1:R1-7:R2$$$",-6.84762344
"PEPTIDE1{X2577.X233.X982.F.X1829.R.G}$PEPTIDE1,PEPTIDE1,1:R1-7:R2$$$",-6.52525298
"PEPTIDE1{Q.G.G.Y.X2403.G.Y}$PEPTIDE1,PEPTIDE1,1:R1-7:R2$$$",-7.52073531
"PEPTIDE1{X314.X1800.F.R.X2329.X577.X870}$PEPTIDE1,PEPTIDE1,1:R1-7:R2$$$",-7.17767942
"PEPTIDE1{lalloHyp.G.X126.L.G.P.P}$PEPTIDE1,PEPTIDE1,1:R1-7:R2$$$",-6.78876079
"PEPTIDE1{X946.Y.X956.R.F.Y.Q}$PEPTIDE1,PEPTIDE1,1:R1-7:R2$$$",-7.12470935
"PEPTIDE1{G.G.Y.Y.Aze.X1777.(N->O)Val}$PEPTIDE1,PEPTIDE1,1:R1-7:R2$$$",-6.45704076
"PEPTIDE1{R.G.X2432.Y.G.Y.Y}$PEPTIDE1,PEPTIDE1,1:R1-7:R2$$$",-7.47247808
"PEPTIDE1{Y.G.dNle.Q.Y.X822.Q}$PEPTIDE1,PEPTIDE1,1:R1-7:R2$$$",-7.30843456
"PEPTIDE1{F.F.Y.F.Y.Mono19.X1004}$PEPTIDE1,PEPTIDE1,1:R1-7:R2$$$",-7.56453083
"PEPTIDE1{X1918.Mono19.X956.X1918.X2432.X2432.X490}$PEPTIDE1,PEPTIDE1,1:R1-7:R2$$$",-6.41530023
"PEPTIDE1{G.Y.X1004.R.Q.X1010.X233}$PEPTIDE1,PEPTIDE1,1:R1-7:R2$$$",-7.05275451
"PEPTIDE1{P.A.G.X490.X233.X11.G}$PEPTIDE1,PEPTIDE1,1:R1-7:R2$$$",-6.93102833
"PEPTIDE1{G.X2577.G.Mono107.X1004.X2791.X232}$PEPTIDE1,PEPTIDE1,1:R1-7:R2$$$",-7.14915902
"PEPTIDE1{X1788.Y.X255.G.G.P.X725}$PEPTIDE1,PEPTIDE1,1:R1-7:R2$$$",-6.83835111
"PEPTIDE1{X683.X425.X1010.Q.X956.Y.P}$PEPTIDE1,PEPTIDE1,1:R1-7:R2$$$",-6.93420903
"PEPTIDE1{X2432.X2225.Y.X1004.Q.Mono19.P}$PEPTIDE1,PEPTIDE1,1:R1-7:R2$$$",-7.44046146
"PEPTIDE1{X255.F.G.G.dP.X1811.G}$PEPTIDE1,PEPTIDE1,1:R1-7:R2$$$",-6.34990910
"PEPTIDE1{R.F.X1393.X1834.P.P.P}$PEPTIDE1,PEPTIDE1,1:R1-7:R2$$$",-6.41598263
"PEPTIDE1{G.P.F.dR.X1707.Q.X2048}$PEPTIDE1,PEPTIDE1,1:R1-7:R2$$$",-6.97544198
"PEPTIDE1{L.R.Q.X2432.X612.X2577.X2113}$PEPTIDE1,PEPTIDE1,1:R1-7:R2$$$",-7.00863293
"PEPTIDE1{Phe(CHF2).Aze.Mono19.am_G.dHpr.G.P}$PEPTIDE1,PEPTIDE1,1:R1-7:R2$$$",-6.09375835
"PEPTIDE1{G.Q.Q.dHpr.X1913.G.Q}$PEPTIDE1,PEPTIDE1,1:R1-7:R2$$$",-6.67876047
"PEPTIDE1{Q.X867.P.G.Y.R.Q}$PEPTIDE1,PEPTIDE1,1:R1-7:R2$$$",-7.01564652
"PEPTIDE1{X2791.X11.R.X1038.A.Q.Y}$PEPTIDE1,PEPTIDE1,1:R1-7:R2$$$",-7.38646899
"PEPTIDE1{X612.X1693.G.R.X1788.F.dS}$PEPTIDE1,PEPTIDE1,1:R1-7:R2$$$",-6.55194816
"PEPTIDE1{F.G.X233.Y.P.Q.Q}$PEPTIDE1,PEPTIDE1,1:R1-7:R2$$$",-6.69409078
"PEPTIDE1{X490.F.X391.X2501.X2432.F.G}$PEPTIDE1,PEPTIDE1,1:R1-7:R2$$$",-6.44766690
"PEPTIDE1{R.X1989.G.Cha.A.F.X314}$PEPTIDE1,PEPTIDE1,1:R1-7:R2$$$",-6.75823585
"PEPTIDE1{G.X1813.X1699.lalloHyp.Q.Q.X425}$PEPTIDE1,PEPTIDE1,1:R1-7:R2$$$",-6.71855234
"PEPTIDE1{L.Y.X2432.X11.X1432.F.X1989}$PEPTIDE1,PEPTIDE1,1:R1-7:R2$$$",-7.38666501
"PEPTIDE1{L.R.F.F.Q.Y.G}$PEPTIDE1,PEPTIDE1,1:R1-7:R2$$$",-7.45025802
"PEPTIDE1{L.Q.G.dD.F.X1038.X1918}$PEPTIDE1,PEPTIDE1,1:R1-7:R2$$$",-6.69548440
"PEPTIDE1{P.am_G.P.X1811.X305.X981.G}$PEPTIDE1,PEPTIDE1,1:R1-7:R2$$$",-6.74627401
"PEPTIDE1{X204.G.Y.X2203.X1989.dP.G}$PEPTIDE1,PEPTIDE1,1:R1-7:R2$$$",-7.53910198
"PEPTIDE1{X946.X956.X2432.Y.X1457.lalloHyp.dP}$PEPTIDE1,PEPTIDE1,1:R1-7:R2$$$",-6.58979291
"PEPTIDE1{P.R.Mono51.X2669.X305.G.X136}$PEPTIDE1,PEPTIDE1,1:R1-7:R2$$$",-6.85892081
"PEPTIDE1{G.X2747.Y.A.G.X2258.P}$PEPTIDE1,PEPTIDE1,1:R1-7:R2$$$",-7.07529754
"PEPTIDE1{Y.L.R.G.G.X490.Y}$PEPTIDE1,PEPTIDE1,1:R1-7:R2$$$",-6.33820577
"PEPTIDE1{G.X2113.F.X1410.L.X1038.X195}$PEPTIDE1,PEPTIDE1,1:R1-7:R2$$$",-6.76536341
"PEPTIDE1{R.R.Y.P.Q.Y.P}$PEPTIDE1,PEPTIDE1,1:R1-7:R2$$$",-6.83590698
"PEPTIDE1{G.L.X663.Y.X2329.X255.P}$PEPTIDE1,PEPTIDE1,1:R1-7:R2$$$",-6.41329729
"PEPTIDE1{Q.P.R.X425.X956.X1004.G}$PEPTIDE1,PEPTIDE1,1:R1-7:R2$$$",-7.45160052
"PEPTIDE1{G.G.L.F.R.X946.G}$PEPTIDE1,PEPTIDE1,1:R1-7:R2$$$",-6.83559798
"PEPTIDE1{P.X905.P.G.P.F.Q}$PEPTIDE1,PEPTIDE1,1:R1-7:R2$$$",-6.66658542
"PEPTIDE1{P.Y.G.Q.G.Q.X785}$PEPTIDE1,PEPTIDE1,1:R1-7:R2$$$",-7.18264861
"PEPTIDE1{Q.L.G.G.(N->O)Val.G.X2328}$PEPTIDE1,PEPTIDE1,1:R1-7:R2$$$",-7.12715642
"PEPTIDE1{G.F.Q.X1294.G.L.X11}$PEPTIDE1,PEPTIDE1,1:R1-7:R2$$$",-7.14465354
"PEPTIDE1{Q.d2-Pal.Y.G.Q.F.X1548}$PEPTIDE1,PEPTIDE1,1:R1-7:R2$$$",-7.37374729
"PEPTIDE1{G.X195.am_G.X956.G.X2432.G}$PEPTIDE1,PEPTIDE1,1:R1-7:R2$$$",-6.76585867
"PEPTIDE1{G.F.A.Y.Y.X1769.Q}$PEPTIDE1,PEPTIDE1,1:R1-7:R2$$$",-6.85537940
"PEPTIDE1{X255.X6.X81.X7.X277.L.Q}$PEPTIDE1,PEPTIDE1,1:R1-7:R2$$$",-7.07671062
"PEPTIDE1{F.G.G.G.X946.L.X3004}$PEPTIDE1,PEPTIDE1,1:R1-7:R2$$$",-6.71129948
"PEPTIDE1{F.X490.F.X1350.X1720.dS.Y}$PEPTIDE1,PEPTIDE1,1:R1-7:R2$$$",-6.43460296
"PEPTIDE1{R.Q.P.X2577.R.L.P}$PEPTIDE1,PEPTIDE1,1:R1-7:R2$$$",-6.50025562
"PEPTIDE1{Q.G.dP.dR.X2113.G.dV}$PEPTIDE1,PEPTIDE1,1:R1-7:R2$$$",-7.00454871
"PEPTIDE1{F.X1588.X2461.X2432.X1004.X981.X542}$PEPTIDE1,PEPTIDE1,1:R1-7:R2$$$",-6.69572402
"PEPTIDE1{Cit.X1788.L.X786.X1004.P.P}$PEPTIDE1,PEPTIDE1,1:R1-7:R2$$$",-6.96493229
"PEPTIDE1{G.X2432.X1350.Y.F.X46.Y}$PEPTIDE1,PEPTIDE1,1:R1-7:R2$$$",-7.34595616
"PEPTIDE1{Q.dHpr.P.X1664.X2258.R.X255}$PEPTIDE1,PEPTIDE1,1:R1-7:R2$$$",-6.74067172
"PEPTIDE1{X1004.X1664.R.X2465.X233.Y.G}$PEPTIDE1,PEPTIDE1,1:R1-7:R2$$$",-7.63154200
"PEPTIDE1{L.X1918.Q.X785.F.X1004.Q}$PEPTIDE1,PEPTIDE1,1:R1-7:R2$$$",-7.08916006
"PEPTIDE1{F.X1457.X2432.F.Q.Q.X7}$PEPTIDE1,PEPTIDE1,1:R1-7:R2$$$",-6.52329035
"PEPTIDE1{P.L.meW.P.Y.X822.Y}$PEPTIDE1,PEPTIDE1,1:R1-7:R2$$$",-6.95703888
"PEPTIDE1{Q.X2745.Phe(CHF2).P.L.Aze.X956}$PEPTIDE1,PEPTIDE1,1:R1-7:R2$$$",-6.47428027
"PEPTIDE1{A.F.Me_3-Pal.Q.F.G.X975}$PEPTIDE1,PEPTIDE1,1:R1-7:R2$$$",-7.03219671
"PEPTIDE1{L.Q.G.R.G.X1798.G}$PEPTIDE1,PEPTIDE1,1:R1-7:R2$$$",-7.18034975
"PEPTIDE1{X786.F.Y.Mono19.Q.Q.Y}$PEPTIDE1,PEPTIDE1,1:R1-7:R2$$$",-7.48669961
"PEPTIDE1{L.X2461.X2328.dP.X956.F.Y}$PEPTIDE1,PEPTIDE1,1:R1-7:R2$$$",-7.15289711
"PEPTIDE1{X822.dR.P.Mono107.L.Y.G}$PEPTIDE1,PEPTIDE1,1:R1-7:R2$$$",-7.24011591
"PEPTIDE1{P.X577.X1127.Y.A.X255.P}$PEPTIDE1,PEPTIDE1,1:R1-7:R2$$$",-6.37304234
"PEPTIDE1{Q.X956.G.Aze.X981.P.X867}$PEPTIDE1,PEPTIDE1,1:R1-7:R2$$$",-6.47428402
"PEPTIDE1{G.G.G.X566.P.Q.X1004}$PEPTIDE1,PEPTIDE1,1:R1-7:R2$$$",-7.43983272
"PEPTIDE1{X1813.X537.X946.F.G.X946.dHpr}$PEPTIDE1,PEPTIDE1,1:R1-7:R2$$$",-6.93492818
"PEPTIDE1{Y.G.P.G.X490.Q.dR}$PEPTIDE1,PEPTIDE1,1:R1-7:R2$$$",-6.55899261
"PEPTIDE1{dHpr.Q.Q.X2432.X49.G.Y}$PEPTIDE1,PEPTIDE1,1:R1-7:R2$$$",-6.64795055
"PEPTIDE1{L.X232.X232.X1035.Y.X305.X822}$PEPTIDE1,PEPTIDE1,1:R1-7:R2$$$",-7.40768453
"PEPTIDE1{Y.X1777.X2432.Q.Q.G.Y}$PEPTIDE1,PEPTIDE1,1:R1-7:R2$$$",-6.87877041
"PEPTIDE1{Phe(CHF2).X1410.X136.homoPhe_4CF3_3Cl.X1813.X425.G}$PEPTIDE1,PEPTIDE1,1:R1-7:R2$$$",-7.82353889
"PEPTIDE1{P.G.(N->O)Val.F.X1457.Phe(CHF2).Q}$PEPTIDE1,PEPTIDE1,1:R1-7:R2$$$",-6.33692164
"PEPTIDE1{P.Cit.dA.G.G.P.Q}$PEPTIDE1,PEPTIDE1,1:R1-7:R2$$$",-7.53678399
"PEPTIDE1{X1664.Y.Q.X2577.A.G.X956}$PEPTIDE1,PEPTIDE1,1:R1-7:R2$$$",-6.92223008
"PEPTIDE1{Q.X2432.L.Y.G.X981.X2791}$PEPTIDE1,PEPTIDE1,1:R1-7:R2$$$",-6.83884327
"PEPTIDE1{P.F.Q.Y.X956.X490.P}$PEPTIDE1,PEPTIDE1,1:R1-7:R2$$$",-6.24302980
"PEPTIDE1{Q.P.Q.R.Y.G.G}$PEPTIDE1,PEPTIDE1,1:R1-7:R2$$$",-7.30340582
"PEPTIDE1{P.G.L.X425.Q.Q.Q}$PEPTIDE1,PEPTIDE1,1:R1-7:R2$$$",-7.29156654
"PEPTIDE1{G.Mono60.X1845.X1664.X49.X1004.Q}$PEPTIDE1,PEPTIDE1,1:R1-7:R2$$$",-8.40870000
"PEPTIDE1{G.L.L.dP.Y.dHpr.Q}$PEPTIDE1,PEPTIDE1,1:R1-7:R2$$$",-6.56856750
"PEPTIDE1{X1213.X956.Q.L.X3004.X3004.X956}$PEPTIDE1,PEPTIDE1,1:R1-7:R2$$$",-6.80307088
"PEPTIDE1{G.Q.X2577.L.F.Q.Q}$PEPTIDE1,PEPTIDE1,1:R1-7:R2$$$",-7.23413287
"PEPTIDE1{Q.A.X1020.R.F.X1457.P}$PEPTIDE1,PEPTIDE1,1:R1-7:R2$$$",-6.78756280
"PEPTIDE1{F.Y.Q.L.G.Cit.G}$PEPTIDE1,PEPTIDE1,1:R1-7:R2$$$",-7.02507371
"PEPTIDE1{X1004.X1918.Q.X1811.L.G.P}$PEPTIDE1,PEPTIDE1,1:R1-7:R2$$$",-8.11365507
"PEPTIDE1{G.Cha.X2258.F.X1989.X569.P}$PEPTIDE1,PEPTIDE1,1:R1-7:R2$$$",-7.19422548
"PEPTIDE1{G.X2432.X786.X2432.Y.F.Y}$PEPTIDE1,PEPTIDE1,1:R1-7:R2$$$",-7.00522405
"PEPTIDE1{X490.X1811.X981.X1811.Q.G.Q}$PEPTIDE1,PEPTIDE1,1:R1-7:R2$$$",-8.92155000
"PEPTIDE1{P.dP.G.A.G.X1829.G}$PEPTIDE1,PEPTIDE1,1:R1-7:R2$$$",-7.33075747
"PEPTIDE1{G.X1457.X261.X956.Q.X702.Y}$PEPTIDE1,PEPTIDE1,1:R1-7:R2$$$",-7.03651562
"PEPTIDE1{Hpr.Y.G.X1895.F.Mono50.A}$PEPTIDE1,PEPTIDE1,1:R1-7:R2$$$",-6.94327988
"PEPTIDE1{Trp(7-Br).X1829.X2554.X49.X786.Q.Y}$PEPTIDE1,PEPTIDE1,1:R1-7:R2$$$",-6.77779079
"PEPTIDE1{X905.G.Asp(OtBu).Aze.Y.Y.Aze}$PEPTIDE1,PEPTIDE1,1:R1-7:R2$$$",-6.34774020
"PEPTIDE1{X2328.X1811.G.dR.L.P.G}$PEPTIDE1,PEPTIDE1,1:R1-7:R2$$$",-7.97740673
"PEPTIDE1{Y.G.G.P.Q.P.P}$PEPTIDE1,PEPTIDE1,1:R1-7:R2$$$",-6.85198258
"PEPTIDE1{G.X1213.X1410.G.Y.P.X49}$PEPTIDE1,PEPTIDE1,1:R1-7:R2$$$",-7.16957321
"PEPTIDE1{F.G.X232.dP.L.X2577.G}$PEPTIDE1,PEPTIDE1,1:R1-7:R2$$$",-6.63066951
"PEPTIDE1{Y.Y.Q.X2577.Q.X591.X981}$PEPTIDE1,PEPTIDE1,1:R1-7:R2$$$",-6.58362570
"PEPTIDE1{X834.G.G.X1918.P.Mono19.G}$PEPTIDE1,PEPTIDE1,1:R1-7:R2$$$",-6.83417300
"PEPTIDE1{G.R.G.R.G.X1004.G}$PEPTIDE1,PEPTIDE1,1:R1-7:R2$$$",-7.17256345
"PEPTIDE1{G.P.R.G.Q.Y.G}$PEPTIDE1,PEPTIDE1,1:R1-7:R2$$$",-7.30805303
"PEPTIDE1{Y.dHpr.Y.X569.G.F.G}$PEPTIDE1,PEPTIDE1,1:R1-7:R2$$$",-6.96280255
"PEPTIDE1{Cha.X49.X391.X2745.R.L.G}$PEPTIDE1,PEPTIDE1,1:R1-7:R2$$$",-6.78612236
"PEPTIDE1{Q.G.R.L.X2461.Y.X1294}$PEPTIDE1,PEPTIDE1,1:R1-7:R2$$$",-6.71544036
"PEPTIDE1{X2432.R.G.Aze.G.Q.G}$PEPTIDE1,PEPTIDE1,1:R1-7:R2$$$",-6.87027043
"PEPTIDE1{Q.X1457.X946.L.F.P.G}$PEPTIDE1,PEPTIDE1,1:R1-7:R2$$$",-6.50409808
"PEPTIDE1{L.L.X2501.Mono51.X786.G.X314}$PEPTIDE1,PEPTIDE1,1:R1-7:R2$$$",-7.82488333
"PEPTIDE1{F.X867.Q.X1127.Trp(7-Br).G.Q}$PEPTIDE1,PEPTIDE1,1:R1-7:R2$$$",-7.61094375
"PEPTIDE1{X612.Mono107.G.Q.X490.P.X1004}$PEPTIDE1,PEPTIDE1,1:R1-7:R2$$$",-6.62351985
"PEPTIDE1{X255.Q.X1213.Q.G.Y.X1432}$PEPTIDE1,PEPTIDE1,1:R1-7:R2$$$",-7.00761216
"PEPTIDE1{Mono60.A.F.Q.F.X946.X1788}$PEPTIDE1,PEPTIDE1,1:R1-7:R2$$$",-6.47183787
"PEPTIDE1{G.X1956.A.P.L.dNle.P}$PEPTIDE1,PEPTIDE1,1:R1-7:R2$$$",-7.02458154
"PEPTIDE1{X956.P.X11.X1004.Y.(N->O)Val.X490}$PEPTIDE1,PEPTIDE1,1:R1-7:R2$$$",-6.40504893
"PEPTIDE1{Y.dP.X786.Y.L.Q.Q}$PEPTIDE1,PEPTIDE1,1:R1-7:R2$$$",-6.82981346
"PEPTIDE1{G.Y.A.G.Q.X11.Y}$PEPTIDE1,PEPTIDE1,1:R1-7:R2$$$",-7.43764731
"PEPTIDE1{G.(N->O)Val.X2432.G.Q.X2432.X569}$PEPTIDE1,PEPTIDE1,1:R1-7:R2$$$",-7.10900039
"PEPTIDE1{Y.Y.R.Q.Q.P.Y}$PEPTIDE1,PEPTIDE1,1:R1-7:R2$$$",-7.14213211
"PEPTIDE1{Q.X375.R.Q.X946.X2432.Q}$PEPTIDE1,PEPTIDE1,1:R1-7:R2$$$",-6.88883112
"PEPTIDE1{P.G.F.Q.G.X2791.Hph(3-Cl)}$PEPTIDE1,PEPTIDE1,1:R1-7:R2$$$",-7.16813649
"PEPTIDE1{F.X2258.G.A.G.F.(N->O)Tyr}$PEPTIDE1,PEPTIDE1,1:R1-7:R2$$$",-7.33170832
"PEPTIDE1{X946.P.R.G.G.X956.P}$PEPTIDE1,PEPTIDE1,1:R1-7:R2$$$",-6.66318921
"PEPTIDE1{F.P.P.Mono50.F.(N->O)Val.Y}$PEPTIDE1,PEPTIDE1,1:R1-7:R2$$$",-6.45049607
"PEPTIDE1{Q.2-Pal.X1038.Q.X2401.X2432.(N->O)Val}$PEPTIDE1,PEPTIDE1,1:R1-7:R2$$$",-7.20944946
"PEPTIDE1{G.X529.G.X822.G.Q.Bal}$PEPTIDE1,PEPTIDE1,1:R1-7:R2$$$",-7.41815576
"PEPTIDE1{A.P.F.L.G.Q.Mono60}$PEPTIDE1,PEPTIDE1,1:R1-7:R2$$$",-6.74218886
"PEPTIDE1{X956.Y.X2432.R.G.G.dP}$PEPTIDE1,PEPTIDE1,1:R1-7:R2$$$",-6.85607325
"PEPTIDE1{L.X2283.X1004.X1811.Y.X2461.P}$PEPTIDE1,PEPTIDE1,1:R1-7:R2$$$",-6.19744994
"PEPTIDE1{P.Y.X2432.X785.X2285.(N->O)Val.X1457}$PEPTIDE1,PEPTIDE1,1:R1-7:R2$$$",-6.76562448
"PEPTIDE1{X1956.X1956.R.F.lalloHyp.X870.X314}$PEPTIDE1,PEPTIDE1,1:R1-7:R2$$$",-6.28104971
"PEPTIDE1{X2328.L.G.X1010.G.X956.P}$PEPTIDE1,PEPTIDE1,1:R1-7:R2$$$",-6.94776617
"PEPTIDE1{G.G.X1811.X1004.Q.F.X7}$PEPTIDE1,PEPTIDE1,1:R1-7:R2$$$",-8.10095507
"PEPTIDE1{X3004.X1918.Q.X232.X1664.A.P}$PEPTIDE1,PEPTIDE1,1:R1-7:R2$$$",-6.85904772
"PEPTIDE1{X1004.P.Q.Q.G.R.Y}$PEPTIDE1,PEPTIDE1,1:R1-7:R2$$$",-7.30416942
"PEPTIDE1{X1540.X1004.X1004.R.X2501.Q.X233}$PEPTIDE1,PEPTIDE1,1:R1-7:R2$$$",-8.11370000
"PEPTIDE1{X671.P.P.F.Y.X3004.Q}$PEPTIDE1,PEPTIDE1,1:R1-7:R2$$$",-6.26554412
"PEPTIDE1{G.F.X1811.G.X1768.X956.X956}$PEPTIDE1,PEPTIDE1,1:R1-7:R2$$$",-6.49702361
"PEPTIDE1{Q.X1004.X1540.G.X1004.X2461.G}$PEPTIDE1,PEPTIDE1,1:R1-7:R2$$$",-7.12753988
"PEPTIDE1{F.P.R.G.P.A.P}$PEPTIDE1,PEPTIDE1,1:R1-7:R2$$$",-7.17589502
"PEPTIDE1{F.X2048.R.X233.G.X1918.Q}$PEPTIDE1,PEPTIDE1,1:R1-7:R2$$$",-6.85039603
"PEPTIDE1{P.X1811.dH.X956.X1702.X737.Y}$PEPTIDE1,PEPTIDE1,1:R1-7:R2$$$",-6.21777790
"PEPTIDE1{F.Q.X49.G.L.L.X786}$PEPTIDE1,PEPTIDE1,1:R1-7:R2$$$",-7.03449074
"PEPTIDE1{P.X255.X945.dP.Q.P.G}$PEPTIDE1,PEPTIDE1,1:R1-7:R2$$$",-6.64685881
"PEPTIDE1{L.X1588.G.F.X2577.Q.P}$PEPTIDE1,PEPTIDE1,1:R1-7:R2$$$",-6.85432669
"PEPTIDE1{Q.X1498.Q.X2203.F.Y.X569}$PEPTIDE1,PEPTIDE1,1:R1-7:R2$$$",-7.37279325
"PEPTIDE1{X2328.Y.X1811.X1720.R.F.Q}$PEPTIDE1,PEPTIDE1,1:R1-7:R2$$$",-7.71424003
"PEPTIDE1{G.G.R.Cha.dS.Q.P}$PEPTIDE1,PEPTIDE1,1:R1-7:R2$$$",-7.12605916
"PEPTIDE1{X3004.X2403.Q.Q.X1989.X671.X1956}$PEPTIDE1,PEPTIDE1,1:R1-7:R2$$$",-7.56142827
"PEPTIDE1{X195.X1004.X425.Q.L.Trp(7-Br).X916}$PEPTIDE1,PEPTIDE1,1:R1-7:R2$$$",-7.34057324
"PEPTIDE1{X946.G.P.P.X196.dHpr.X7}$PEPTIDE1,PEPTIDE1,1:R1-7:R2$$$",-6.49090588
"PEPTIDE1{X786.R.P.P.F.X49.X490}$PEPTIDE1,PEPTIDE1,1:R1-7:R2$$$",-6.75841789
"PEPTIDE1{X2387.X2830.Y.Q.G.X2442.G}$PEPTIDE1,PEPTIDE1,1:R1-7:R2$$$",-7.87810618
"PEPTIDE1{Q.G.P.L.X2461.L.X612}$PEPTIDE1,PEPTIDE1,1:R1-7:R2$$$",-6.24529263
"PEPTIDE1{P.am_F.Q.G.X1020.Q.Q}$PEPTIDE1,PEPTIDE1,1:R1-7:R2$$$",-7.27288088
"PEPTIDE1{X529.Y.X305.A.F.Q.Q}$PEPTIDE1,PEPTIDE1,1:R1-7:R2$$$",-6.59570625
"PEPTIDE1{P.F.X956.L.X946.X1038.Y}$PEPTIDE1,PEPTIDE1,1:R1-7:R2$$$",-6.82270221
"PEPTIDE1{L.X1800.G.X956.F.X453.G}$PEPTIDE1,PEPTIDE1,1:R1-7:R2$$$",-6.87389904
"PEPTIDE1{G.X956.X204.X1393.P.X425.(N->O)Val}$PEPTIDE1,PEPTIDE1,1:R1-7:R2$$$",-7.01122404
"PEPTIDE1{R.Y.P.G.dHpr.X1004.Q}$PEPTIDE1,PEPTIDE1,1:R1-7:R2$$$",-6.81687357
"PEPTIDE1{X126.G.G.X786.G.X7.X2432}$PEPTIDE1,PEPTIDE1,1:R1-7:R2$$$",-7.27677439
"PEPTIDE1{Q.L.X956.X946.Y.X11.(N->O)Tyr}$PEPTIDE1,PEPTIDE1,1:R1-7:R2$$$",-7.05858538
"PEPTIDE1{X2577.X1811.G.G.R.G.Q}$PEPTIDE1,PEPTIDE1,1:R1-7:R2$$$",-7.79891048
"PEPTIDE1{F.L.P.X1350.X1811.X232.Aze}$PEPTIDE1,PEPTIDE1,1:R1-7:R2$$$",-6.53210666
"PEPTIDE1{X255.P.R.am_G.X946.X1918.G}$PEPTIDE1,PEPTIDE1,1:R1-7:R2$$$",-7.45767495
"PEPTIDE1{X2328.X956.G.X1004.X1777.Q.dHpr}$PEPTIDE1,PEPTIDE1,1:R1-7:R2$$$",-6.38019724
"PEPTIDE1{dS.G.X1206.X981.G.Y.Q}$PEPTIDE1,PEPTIDE1,1:R1-7:R2$$$",-6.32245926
"PEPTIDE1{Q.X786.L.Q.F.X1457.P}$PEPTIDE1,PEPTIDE1,1:R1-7:R2$$$",-6.41189055
"PEPTIDE1{dHpr.X233.X2793.X233.X2328.X255.X49}$PEPTIDE1,PEPTIDE1,1:R1-7:R2$$$",-7.40083608
"PEPTIDE1{F.dP.A.X2577.Aze.P.dS}$PEPTIDE1,PEPTIDE1,1:R1-7:R2$$$",-6.35912480
"PEPTIDE1{Y.Cha.Q.P.X3011.P.Q}$PEPTIDE1,PEPTIDE1,1:R1-7:R2$$$",-6.32623550
"PEPTIDE1{G.G.X956.P.X2432.G.X2328}$PEPTIDE1,PEPTIDE1,1:R1-7:R2$$$",-7.01037171
"PEPTIDE1{G.Y.X2329.X2754.Bal.G.G}$PEPTIDE1,PEPTIDE1,1:R1-7:R2$$$",-7.30445885
"PEPTIDE1{Mono107.F.X497.L.X785.X2432.X1004}$PEPTIDE1,PEPTIDE1,1:R1-7:R2$$$",-7.08869483
"PEPTIDE1{L.P.R.G.X1813.X1712.Q}$PEPTIDE1,PEPTIDE1,1:R1-7:R2$$$",-7.08390107
"PEPTIDE1{X195.P.X1980.L.Q.X375.X569}$PEPTIDE1,PEPTIDE1,1:R1-7:R2$$$",-6.54331287
"PEPTIDE1{G.Q.dHpr.L.P.G.X1029}$PEPTIDE1,PEPTIDE1,1:R1-7:R2$$$",-6.75870365
"PEPTIDE1{X490.F.X2432.G.X2432.Q.Q}$PEPTIDE1,PEPTIDE1,1:R1-7:R2$$$",-6.48379610
"PEPTIDE1{Q.F.Y.X2258.L.X302.Y}$PEPTIDE1,PEPTIDE1,1:R1-7:R2$$$",-6.87002976
"PEPTIDE1{R.F.F.Y.L.L.G}$PEPTIDE1,PEPTIDE1,1:R1-7:R2$$$",-7.05990386
"PEPTIDE1{dP.X314.dP.G.X425.Hpr.Q}$PEPTIDE1,PEPTIDE1,1:R1-7:R2$$$",-6.82399541
"PEPTIDE1{X1811.X255.Y.X2577.X956.X1913.G}$PEPTIDE1,PEPTIDE1,1:R1-7:R2$$$",-7.60813596
"PEPTIDE1{Mono19.G.Q.G.dP.Q.X1811}$PEPTIDE1,PEPTIDE1,1:R1-7:R2$$$",-7.88644675
"PEPTIDE1{L.X1913.P.X6.G.X956.X1918}$PEPTIDE1,PEPTIDE1,1:R1-7:R2$$$",-6.77370117
"PEPTIDE1{X1918.X49.R.Q.X232.R.P}$PEPTIDE1,PEPTIDE1,1:R1-7:R2$$$",-7.01843863
"PEPTIDE1{X956.Y.X1410.X1956.L.X2258.dP}$PEPTIDE1,PEPTIDE1,1:R1-7:R2$$$",-6.87835881
"PEPTIDE1{G.Q.X11.F.Q.P.Q}$PEPTIDE1,PEPTIDE1,1:R1-7:R2$$$",-7.02211460
"PEPTIDE1{Q.P.X2113.X1811.R.X7.dP}$PEPTIDE1,PEPTIDE1,1:R1-7:R2$$$",-8.31842958
"PEPTIDE1{Q.G.P.Q.Y.F.X3011}$PEPTIDE1,PEPTIDE1,1:R1-7:R2$$$",-7.16885594
"PEPTIDE1{P.X1777.G.Mono106.Mono106.X569.P}$PEPTIDE1,PEPTIDE1,1:R1-7:R2$$$",-6.91928193
"PEPTIDE1{R.X2432.X2113.Q.P.G.Q}$PEPTIDE1,PEPTIDE1,1:R1-7:R2$$$",-7.31548838
"PEPTIDE1{X255.X1119.G.G.X3011.G.X956}$PEPTIDE1,PEPTIDE1,1:R1-7:R2$$$",-7.34836181
"PEPTIDE1{X255.Y.F.R.P.Q.P}$PEPTIDE1,PEPTIDE1,1:R1-7:R2$$$",-6.35971587
"PEPTIDE1{Mono107.X305.Y.P.R.X1004.dHpr}$PEPTIDE1,PEPTIDE1,1:R1-7:R2$$$",-6.51866856
"PEPTIDE1{X2048.Q.X315.Q.G.X375.(N->O)Tyr}$PEPTIDE1,PEPTIDE1,1:R1-7:R2$$$",-6.69922836
"PEPTIDE1{X946.F.F.P.Mono92.G.X233}$PEPTIDE1,PEPTIDE1,1:R1-7:R2$$$",-6.81824210
"PEPTIDE1{Y.F.(N->O)Val.meW.G.Y.G}$PEPTIDE1,PEPTIDE1,1:R1-7:R2$$$",-6.87629720
"PEPTIDE1{G.X2658.X1249.X204.X2669.L.X1811}$PEPTIDE1,PEPTIDE1,1:R1-7:R2$$$",-7.74497967
"PEPTIDE1{X1664.Mono66.lalloHyp.X204.G.Y.G}$PEPTIDE1,PEPTIDE1,1:R1-7:R2$$$",-6.98826859
"PEPTIDE1{Q.P.X391.Y.X2329.X314.P}$PEPTIDE1,PEPTIDE1,1:R1-7:R2$$$",-6.92573221
"PEPTIDE1{Y.L.dP.X490.R.Y.Q}$PEPTIDE1,PEPTIDE1,1:R1-7:R2$$$",-6.42428743
"PEPTIDE1{G.Q.X314.Y.G.G.P}$PEPTIDE1,PEPTIDE1,1:R1-7:R2$$$",-7.16358271
"PEPTIDE1{F.X261.X1811.G.P.X2403.dHpr}$PEPTIDE1,PEPTIDE1,1:R1-7:R2$$$",-6.20721200
"PEPTIDE1{G.dNle.G.G.X591.F.A}$PEPTIDE1,PEPTIDE1,1:R1-7:R2$$$",-7.17217736
"PEPTIDE1{Q.dHpr.F.Y.X956.F.X1004}$PEPTIDE1,PEPTIDE1,1:R1-7:R2$$$",-6.21607033
"PEPTIDE1{L.X1918.Q.P.X786.Y.X956}$PEPTIDE1,PEPTIDE1,1:R1-7:R2$$$",-6.93499230
"PEPTIDE1{Y.G.X2432.Q.L.X573.X2577}$PEPTIDE1,PEPTIDE1,1:R1-7:R2$$$",-7.04042406
"PEPTIDE1{F.X2461.F.X709.A.F.X956}$PEPTIDE1,PEPTIDE1,1:R1-7:R2$$$",-6.55469211
"PEPTIDE1{R.X46.dHpr.X946.X1811.G.X981}$PEPTIDE1,PEPTIDE1,1:R1-7:R2$$$",-6.56438240
"PEPTIDE1{X1664.Y.X232.Q.P.G.G}$PEPTIDE1,PEPTIDE1,1:R1-7:R2$$$",-6.95587072
"PEPTIDE1{P.X2432.G.G.X1829.P.meH}$PEPTIDE1,PEPTIDE1,1:R1-7:R2$$$",-6.81653344
"PEPTIDE1{G.X2432.Q.X956.A.X956.G}$PEPTIDE1,PEPTIDE1,1:R1-7:R2$$$",-6.95608571
"PEPTIDE1{F.Y.X2328.R.Y.X1004.X101}$PEPTIDE1,PEPTIDE1,1:R1-7:R2$$$",-6.87563206
"PEPTIDE1{X2577.G.L.X956.Y.Q.Q}$PEPTIDE1,PEPTIDE1,1:R1-7:R2$$$",-6.90601188
"PEPTIDE1{G.G.X490.X2432.L.Y.P}$PEPTIDE1,PEPTIDE1,1:R1-7:R2$$$",-6.56169986
"PEPTIDE1{dS.dPhe(2-F).dHpr.X196.Q.G.X1212}$PEPTIDE1,PEPTIDE1,1:R1-7:R2$$$",-6.99182525
"PEPTIDE1{G.X1811.P.F.X1004.Y.X640}$PEPTIDE1,PEPTIDE1,1:R1-7:R2$$$",-6.41177285
"PEPTIDE1{R.X1693.Q.X1918.L.Y.G}$PEPTIDE1,PEPTIDE1,1:R1-7:R2$$$",-6.65132751
"PEPTIDE1{X870.Y.Y.G.G.X2754.A}$PEPTIDE1,PEPTIDE1,1:R1-7:R2$$$",-6.81661095
"PEPTIDE1{G.X49.F.G.X1004.Q.X786}$PEPTIDE1,PEPTIDE1,1:R1-7:R2$$$",-7.22148359
"PEPTIDE1{L.lalloHyp.R.G.G.A.Q}$PEPTIDE1,PEPTIDE1,1:R1-7:R2$$$",-6.92617262
"PEPTIDE1{R.Q.A.Me_dW.X1004.X1004.dP}$PEPTIDE1,PEPTIDE1,1:R1-7:R2$$$",-8.16380000
"PEPTIDE1{G.Y.X956.L.L.X302.G}$PEPTIDE1,PEPTIDE1,1:R1-7:R2$$$",-6.69277332
"PEPTIDE1{R.G.G.R.X612.X2432.G}$PEPTIDE1,PEPTIDE1,1:R1-7:R2$$$",-7.32478595
"PEPTIDE1{P.Y.P.F.G.X2432.dHpr}$PEPTIDE1,PEPTIDE1,1:R1-7:R2$$$",-6.35502277
"PEPTIDE1{L.X1661.L.am_G.X1038.X2516.X566}$PEPTIDE1,PEPTIDE1,1:R1-7:R2$$$",-6.75951835
"PEPTIDE1{P.G.G.Q.X683.dNle.Q}$PEPTIDE1,PEPTIDE1,1:R1-7:R2$$$",-7.18690985
"PEPTIDE1{X2719.L.X2432.X1788.G.Q.X179}$PEPTIDE1,PEPTIDE1,1:R1-7:R2$$$",-7.15892058
"PEPTIDE1{P.X1811.X6.R.X504.X1798.Y}$PEPTIDE1,PEPTIDE1,1:R1-7:R2$$$",-8.60100000
"PEPTIDE1{G.Y.X956.G.Y.L.X2327}$PEPTIDE1,PEPTIDE1,1:R1-7:R2$$$",-7.04890440
"PEPTIDE1{R.X49.G.X2710.L.F.Trp(5-Br)}$PEPTIDE1,PEPTIDE1,1:R1-7:R2$$$",-7.09842868
"PEPTIDE1{X204.X1813.R.X946.X1811.P.Y}$PEPTIDE1,PEPTIDE1,1:R1-7:R2$$$",-6.93750430
"PEPTIDE1{R.F.G.X1004.X204.G.Q}$PEPTIDE1,PEPTIDE1,1:R1-7:R2$$$",-7.12044523
"PEPTIDE1{Y.X631.G.X1350.Bal.R.G}$PEPTIDE1,PEPTIDE1,1:R1-7:R2$$$",-7.02642903
"PEPTIDE1{R.(N->O)Val.X2432.X591.G.Q.X147}$PEPTIDE1,PEPTIDE1,1:R1-7:R2$$$",-7.40653452
"PEPTIDE1{F.X2432.L.X11.Y.X1802.X425}$PEPTIDE1,PEPTIDE1,1:R1-7:R2$$$",-7.45541622
"PEPTIDE1{A.X2432.X2432.X1004.dHpr.G.Q}$PEPTIDE1,PEPTIDE1,1:R1-7:R2$$$",-6.79613729
"PEPTIDE1{X1350.Mono107.Y.Y.R.X2669.X2461}$PEPTIDE1,PEPTIDE1,1:R1-7:R2$$$",-6.57615675
"PEPTIDE1{Y.Y.X255.X1004.X2432.F.X591}$PEPTIDE1,PEPTIDE1,1:R1-7:R2$$$",-7.38359854
"PEPTIDE1{G.G.dP.X1772.X2203.G.Y}$PEPTIDE1,PEPTIDE1,1:R1-7:R2$$$",-7.54882821
"PEPTIDE1{X671.G.Q.P.G.R.X11}$PEPTIDE1,PEPTIDE1,1:R1-7:R2$$$",-6.92956292
"PEPTIDE1{X343.Mono19.R.Aze.X2113.X1004.P}$PEPTIDE1,PEPTIDE1,1:R1-7:R2$$$",-6.84570406
"PEPTIDE1{X1702.X1661.L.P.R.Mono16.P}$PEPTIDE1,PEPTIDE1,1:R1-7:R2$$$",-6.74933811
"PEPTIDE1{Q.Q.X591.X956.X49.Q.P}$PEPTIDE1,PEPTIDE1,1:R1-7:R2$$$",-7.06443098
"PEPTIDE1{F.Aze.P.dP.P.Q.lalloHyp}$PEPTIDE1,PEPTIDE1,1:R1-7:R2$$$",-6.64858527
"PEPTIDE1{X3004.P.R.F.Q.X905.X1918}$PEPTIDE1,PEPTIDE1,1:R1-7:R2$$$",-6.82313405
"PEPTIDE1{R.G.Q.X3004.F.Y.Mono82}$PEPTIDE1,PEPTIDE1,1:R1-7:R2$$$",-6.75881521
"PEPTIDE1{Y.X1664.X1664.G.X2791.X1457.G}$PEPTIDE1,PEPTIDE1,1:R1-7:R2$$$",-6.89475927
"PEPTIDE1{P.Q.X3004.X1811.L.G.Y}$PEPTIDE1,PEPTIDE1,1:R1-7:R2$$$",-7.74449624
"PEPTIDE1{P.X1213.X1004.P.P.X305.X897}$PEPTIDE1,PEPTIDE1,1:R1-7:R2$$$",-6.24369892
"PEPTIDE1{R.X1020.Y.X1918.P.Mono30.dD}$PEPTIDE1,PEPTIDE1,1:R1-7:R2$$$",-6.64647114
"PEPTIDE1{Q.R.X1004.G.P.R.Q}$PEPTIDE1,PEPTIDE1,1:R1-7:R2$$$",-7.43047360
"PEPTIDE1{F.A.L.X786.Q.Q.Q}$PEPTIDE1,PEPTIDE1,1:R1-7:R2$$$",-7.28783543
"PEPTIDE1{Y.G.P.X2432.X2791.Cha.G}$PEPTIDE1,PEPTIDE1,1:R1-7:R2$$$",-7.07990233
"PEPTIDE1{Q.P.Mono50.R.G.X640.X2791}$PEPTIDE1,PEPTIDE1,1:R1-7:R2$$$",-7.59324362
"PEPTIDE1{G.G.X2432.G.L.F.dS}$PEPTIDE1,PEPTIDE1,1:R1-7:R2$$$",-6.43627603
"PEPTIDE1{P.Q.F.X2432.P.X956.(N->O)Val}$PEPTIDE1,PEPTIDE1,1:R1-7:R2$$$",-6.78494409
"PEPTIDE1{A.am_G.X297.G.G.Q.G}$PEPTIDE1,PEPTIDE1,1:R1-7:R2$$$",-7.04232895
"PEPTIDE1{F.X232.Q.X1752.P.Q.X2328}$PEPTIDE1,PEPTIDE1,1:R1-7:R2$$$",-7.19838633
"PEPTIDE1{X569.dHpr.Mono50.F.X297.A.Q}$PEPTIDE1,PEPTIDE1,1:R1-7:R2$$$",-6.65705541
"PEPTIDE1{Y.X2432.X1971.Y.G.Q.X425}$PEPTIDE1,PEPTIDE1,1:R1-7:R2$$$",-6.82540109
"PEPTIDE1{X946.X1664.F.L.L.G.Y}$PEPTIDE1,PEPTIDE1,1:R1-7:R2$$$",-6.73446969
"PEPTIDE1{Y.Y.Mono106.X981.G.Me_1-Nal.X49}$PEPTIDE1,PEPTIDE1,1:R1-7:R2$$$",-7.26668929
"PEPTIDE1{P.X1811.P.L.G.X956.G}$PEPTIDE1,PEPTIDE1,1:R1-7:R2$$$",-6.37484134
"PEPTIDE1{L.X1811.X2432.Q.dD.F.Y}$PEPTIDE1,PEPTIDE1,1:R1-7:R2$$$",-7.57538245
"PEPTIDE1{G.Q.X2465.X2432.X946.X2669.Y}$PEPTIDE1,PEPTIDE1,1:R1-7:R2$$$",-7.46874915
"PEPTIDE1{X2432.Q.R.lalloHyp.Mono19.X1811.Q}$PEPTIDE1,PEPTIDE1,1:R1-7:R2$$$",-7.91059782
"PEPTIDE1{G.X49.meW.G.Q.X652.P}$PEPTIDE1,PEPTIDE1,1:R1-7:R2$$$",-6.84660107
"PEPTIDE1{R.P.Q.Y.G.Q.G}$PEPTIDE1,PEPTIDE1,1:R1-7:R2$$$",-7.31205582
"PEPTIDE1{P.Y.X674.X2432.R.A.G}$PEPTIDE1,PEPTIDE1,1:R1-7:R2$$$",-7.44599296
"PEPTIDE1{X261.Q.X6.Y.X956.G.G}$PEPTIDE1,PEPTIDE1,1:R1-7:R2$$$",-6.90233788
"PEPTIDE1{P.G.X1811.F.Q.Q.P}$PEPTIDE1,PEPTIDE1,1:R1-7:R2$$$",-7.75029557
"PEPTIDE1{X1664.X233.meW.R.X101.X2577.G}$PEPTIDE1,PEPTIDE1,1:R1-7:R2$$$",-7.02952487
"PEPTIDE1{X490.G.X314.Q.Hpr.X786.X1010}$PEPTIDE1,PEPTIDE1,1:R1-7:R2$$$",-6.87114822
"PEPTIDE1{dNle.G.X3011.X81.X956.L.X612}$PEPTIDE1,PEPTIDE1,1:R1-7:R2$$$",-7.01364263
"PEPTIDE1{X126.P.G.X956.L.Q.lalloHyp}$PEPTIDE1,PEPTIDE1,1:R1-7:R2$$$",-6.82496791
"PEPTIDE1{F.A.Q.Y.G.Cha.X822}$PEPTIDE1,PEPTIDE1,1:R1-7:R2$$$",-6.84938906
"PEPTIDE1{Q.G.Q.X299.X870.G.d(N->O)aIle}$PEPTIDE1,PEPTIDE1,1:R1-7:R2$$$",-6.58368707
"PEPTIDE1{X2432.F.G.X2283.am_G.L.Y}$PEPTIDE1,PEPTIDE1,1:R1-7:R2$$$",-6.92364296
"PEPTIDE1{L.X1802.G.F.F.X2749.X1004}$PEPTIDE1,PEPTIDE1,1:R1-7:R2$$$",-6.91409506
"PEPTIDE1{Q.G.X233.G.X1038.Mono106.Mono106}$PEPTIDE1,PEPTIDE1,1:R1-7:R2$$$",-7.42204048
"PEPTIDE1{R.P.Y.G.F.R.X822}$PEPTIDE1,PEPTIDE1,1:R1-7:R2$$$",-7.14939124
"PEPTIDE1{Y.X1253.Q.Q.X233.R.A}$PEPTIDE1,PEPTIDE1,1:R1-7:R2$$$",-7.34364361
"PEPTIDE1{L.Y.F.Y.P.X612.Y}$PEPTIDE1,PEPTIDE1,1:R1-7:R2$$$",-7.05177857
"PEPTIDE1{G.X1811.X946.P.X591.X2791.Y}$PEPTIDE1,PEPTIDE1,1:R1-7:R2$$$",-6.72779315
"PEPTIDE1{X2745.R.Q.X1664.X1813.Q.X261}$PEPTIDE1,PEPTIDE1,1:R1-7:R2$$$",-7.01594498
"PEPTIDE1{P.G.G.X2432.X2745.X683.Mono107}$PEPTIDE1,PEPTIDE1,1:R1-7:R2$$$",-6.99559383
"PEPTIDE1{X6.R.Y.P.R.L.Y}$PEPTIDE1,PEPTIDE1,1:R1-7:R2$$$",-6.84259978
"PEPTIDE1{G.Y.Y.X2432.Y.X204.P}$PEPTIDE1,PEPTIDE1,1:R1-7:R2$$$",-7.24303576
"PEPTIDE1{L.X2113.L.X233.X2432.P.G}$PEPTIDE1,PEPTIDE1,1:R1-7:R2$$$",-6.78332566
"PEPTIDE1{R.Q.X2749.X631.R.G.Q}$PEPTIDE1,PEPTIDE1,1:R1-7:R2$$$",-7.60380148
"PEPTIDE1{Q.R.Y.P.X233.G.G}$PEPTIDE1,PEPTIDE1,1:R1-7:R2$$$",-6.99693088
"PEPTIDE1{R.X1410.G.X2745.Y.L.Q}$PEPTIDE1,PEPTIDE1,1:R1-7:R2$$$",-7.22049149
"PEPTIDE1{Q.dHpr.R.X11.Y.P.X232}$PEPTIDE1,PEPTIDE1,1:R1-7:R2$$$",-6.88011616
"PEPTIDE1{X2432.F.F.X2432.G.L.Y}$PEPTIDE1,PEPTIDE1,1:R1-7:R2$$$",-7.05292947
"PEPTIDE1{F.A.G.Cha.X569.X529.X490}$PEPTIDE1,PEPTIDE1,1:R1-7:R2$$$",-6.29484546
"PEPTIDE1{X612.Y.Q.X2432.X2037.F.X2258}$PEPTIDE1,PEPTIDE1,1:R1-7:R2$$$",-7.39409136
"PEPTIDE1{P.X1029.Y.X6.P.(N->O)Val.Q}$PEPTIDE1,PEPTIDE1,1:R1-7:R2$$$",-6.71397798
"PEPTIDE1{X1699.X2432.G.Q.G.X232.X956}$PEPTIDE1,PEPTIDE1,1:R1-7:R2$$$",-6.92097371
"PEPTIDE1{R.X1004.G.X1693.dS.R.Y}$PEPTIDE1,PEPTIDE1,1:R1-7:R2$$$",-7.27716818
"PEPTIDE1{F.Q.Y.R.X1004.X49.G}$PEPTIDE1,PEPTIDE1,1:R1-7:R2$$$",-7.00232758
"PEPTIDE1{Y.Pro(4-F2).G.Q.Y.Y.G}$PEPTIDE1,PEPTIDE1,1:R1-7:R2$$$",-7.50324786
"PEPTIDE1{X204.X501.Q.G.Phe(CHF2).G.X1800}$PEPTIDE1,PEPTIDE1,1:R1-7:R2$$$",-7.04880629
"PEPTIDE1{X569.A.P.X1811.A.G.X612}$PEPTIDE1,PEPTIDE1,1:R1-7:R2$$$",-7.68173131
"PEPTIDE1{Q.L.X7.F.X2285.dHpr.P}$PEPTIDE1,PEPTIDE1,1:R1-7:R2$$$",-6.54710303
"PEPTIDE1{Q.G.X1038.X1020.X2432.Mono19.G}$PEPTIDE1,PEPTIDE1,1:R1-7:R2$$$",-7.41152925
"PEPTIDE1{X188.X2432.X490.am_G.A.Q.A}$PEPTIDE1,PEPTIDE1,1:R1-7:R2$$$",-6.63289187
"PEPTIDE1{L.R.Q.Y.Q.R.P}$PEPTIDE1,PEPTIDE1,1:R1-7:R2$$$",-7.06284967
"PEPTIDE1{X2577.P.R.Q.dHpr.d3-Pal.P}$PEPTIDE1,PEPTIDE1,1:R1-7:R2$$$",-6.60393816
"PEPTIDE1{P.L.Y.G.P.Q.X1829}$PEPTIDE1,PEPTIDE1,1:R1-7:R2$$$",-6.90677007
"PEPTIDE1{X2432.X425.A.A.Y.dR.G}$PEPTIDE1,PEPTIDE1,1:R1-7:R2$$$",-7.27975273
"PEPTIDE1{X2403.X2432.F.X946.G.Y.P}$PEPTIDE1,PEPTIDE1,1:R1-7:R2$$$",-7.10946934
"PEPTIDE1{G.dS.Q.X956.P.Phe(CHF2).X591}$PEPTIDE1,PEPTIDE1,1:R1-7:R2$$$",-6.83293904
"PEPTIDE1{Mono107.Q.X6.X1777.G.X569.Y}$PEPTIDE1,PEPTIDE1,1:R1-7:R2$$$",-7.17835502
"PEPTIDE1{Q.X786.G.L.A.X2217.G}$PEPTIDE1,PEPTIDE1,1:R1-7:R2$$$",-7.22722967
"PEPTIDE1{X1811.Y.Y.X255.Q.Y.P}$PEPTIDE1,PEPTIDE1,1:R1-7:R2$$$",-7.54697941
"PEPTIDE1{G.X2442.X305.P.X1661.X490.X49}$PEPTIDE1,PEPTIDE1,1:R1-7:R2$$$",-7.15196119
"PEPTIDE1{G.Mono106.X1811.X1004.P.Y.P}$PEPTIDE1,PEPTIDE1,1:R1-7:R2$$$",-5.94248555
"PEPTIDE1{Me_dOrn.X490.X1213.Q.G.G.X956}$PEPTIDE1,PEPTIDE1,1:R1-7:R2$$$",-6.43965810
"PEPTIDE1{X1588.G.X1815.R.Y.Mono8.G}$PEPTIDE1,PEPTIDE1,1:R1-7:R2$$$",-7.23891756
"PEPTIDE1{Y.Q.Y.G.X1895.R.Y}$PEPTIDE1,PEPTIDE1,1:R1-7:R2$$$",-7.76829391
"PEPTIDE1{Y.Y.X2461.F.Q.Y.X2461}$PEPTIDE1,PEPTIDE1,1:R1-7:R2$$$",-6.57124785
"PEPTIDE1{Q.G.X1811.G.G.A.P}$PEPTIDE1,PEPTIDE1,1:R1-7:R2$$$",-7.77986595
"PEPTIDE1{Hph(3-Cl).Mono50.Y.G.G.X2432.G}$PEPTIDE1,PEPTIDE1,1:R1-7:R2$$$",-6.88094233
"PEPTIDE1{P.X1811.X1010.dP.R.P.X822}$PEPTIDE1,PEPTIDE1,1:R1-7:R2$$$",-8.42339701
"PEPTIDE1{meW.X2432.X591.F.R.X49.Y}$PEPTIDE1,PEPTIDE1,1:R1-7:R2$$$",-6.83314887
"PEPTIDE1{Q.X490.L.G.G.L.A}$PEPTIDE1,PEPTIDE1,1:R1-7:R2$$$",-6.86851488
"PEPTIDE1{A.X1693.Y.G.X1664.Mono106.Q}$PEPTIDE1,PEPTIDE1,1:R1-7:R2$$$",-7.13805891
"PEPTIDE1{Y.G.L.Y.X7.X786.Q}$PEPTIDE1,PEPTIDE1,1:R1-7:R2$$$",-7.29724574
"PEPTIDE1{d3-Pal.Q.R.Y.Aze.Q.Y}$PEPTIDE1,PEPTIDE1,1:R1-7:R2$$$",-6.58486405
"PEPTIDE1{X824.X2791.A.Q.Mono50.G.G}$PEPTIDE1,PEPTIDE1,1:R1-7:R2$$$",-6.64866387
"PEPTIDE1{F.P.X2577.Mono63.X81.R.Q}$PEPTIDE1,PEPTIDE1,1:R1-7:R2$$$",-6.93764847
"PEPTIDE1{L.Y.P.G.F.dP.lalloHyp}$PEPTIDE1,PEPTIDE1,1:R1-7:R2$$$",-6.55714975
"PEPTIDE1{Hpr.X1540.R.dHpr.G.Y.P}$PEPTIDE1,PEPTIDE1,1:R1-7:R2$$$",-6.70747343
"PEPTIDE1{X1811.R.F.X6.X946.G.G}$PEPTIDE1,PEPTIDE1,1:R1-7:R2$$$",-7.64512251
"PEPTIDE1{G.G.X233.X49.X3004.F.P}$PEPTIDE1,PEPTIDE1,1:R1-7:R2$$$",-6.71868114
"PEPTIDE1{X569.A.G.Aze.X2113.P.G}$PEPTIDE1,PEPTIDE1,1:R1-7:R2$$$",-6.89290216
"PEPTIDE1{Q.X1956.X375.Q.dR.Mono106.dP}$PEPTIDE1,PEPTIDE1,1:R1-7:R2$$$",-6.79793710
"PEPTIDE1{G.G.G.P.X3004.F.X375}$PEPTIDE1,PEPTIDE1,1:R1-7:R2$$$",-6.73882154
"PEPTIDE1{X1350.X2258.X305.Y.R.Q.Y}$PEPTIDE1,PEPTIDE1,1:R1-7:R2$$$",-6.78205676
"PEPTIDE1{Q.G.X1895.G.Y.L.P}$PEPTIDE1,PEPTIDE1,1:R1-7:R2$$$",-7.11736086
"PEPTIDE1{F.L.R.P.X1895.G.G}$PEPTIDE1,PEPTIDE1,1:R1-7:R2$$$",-7.16967060
"PEPTIDE1{(N->O)Tyr.P.G.X956.X2465.F.P}$PEPTIDE1,PEPTIDE1,1:R1-7:R2$$$",-7.07220588
"PEPTIDE1{G.R.Y.X591.Aze.P.Y}$PEPTIDE1,PEPTIDE1,1:R1-7:R2$$$",-6.71598758
"PEPTIDE1{R.X956.dHpr.X1956.X2132.X640.Q}$PEPTIDE1,PEPTIDE1,1:R1-7:R2$$$",-6.99872933
"PEPTIDE1{X7.X2432.X233.X2391.X1004.X822.G}$PEPTIDE1,PEPTIDE1,1:R1-7:R2$$$",-7.03195020
"PEPTIDE1{dS.R.dP.G.X7.X81.Y}$PEPTIDE1,PEPTIDE1,1:R1-7:R2$$$",-6.89601376
"PEPTIDE1{X534.d2-Pal.R.P.X2432.X3004.Q}$PEPTIDE1,PEPTIDE1,1:R1-7:R2$$$",-7.25999861
"PEPTIDE1{L.A.X233.X2432.G.X786.X2516}$PEPTIDE1,PEPTIDE1,1:R1-7:R2$$$",-7.20807808
"PEPTIDE1{Y.Y.P.X785.X1457.G.P}$PEPTIDE1,PEPTIDE1,1:R1-7:R2$$$",-6.54049498
"PEPTIDE1{X1457.dPhe(2-F).Mono19.X81.G.Y.Y}$PEPTIDE1,PEPTIDE1,1:R1-7:R2$$$",-6.88040444
"PEPTIDE1{P.P.F.X7.Y.G.A}$PEPTIDE1,PEPTIDE1,1:R1-7:R2$$$",-6.81347943
"PEPTIDE1{X2432.G.Y.F.X1777.X2432.Q}$PEPTIDE1,PEPTIDE1,1:R1-7:R2$$$",-6.92833357
"PEPTIDE1{X1038.X1664.Y.Y.P.P.A}$PEPTIDE1,PEPTIDE1,1:R1-7:R2$$$",-6.78277021
"PEPTIDE1{Q.X2258.F.P.X315.X2113.P}$PEPTIDE1,PEPTIDE1,1:R1-7:R2$$$",-7.38373937
"PEPTIDE1{Y.F.Mono19.Q.G.P.dP}$PEPTIDE1,PEPTIDE1,1:R1-7:R2$$$",-7.17324090
"PEPTIDE1{G.X577.X956.X315.Y.L.G}$PEPTIDE1,PEPTIDE1,1:R1-7:R2$$$",-7.01873277
"PEPTIDE1{G.R.L.G.Y.X232.X1004}$PEPTIDE1,PEPTIDE1,1:R1-7:R2$$$",-6.99243289
"PEPTIDE1{P.X1956.Y.X1004.X1777.X81.P}$PEPTIDE1,PEPTIDE1,1:R1-7:R2$$$",-6.14876632
"PEPTIDE1{dS.X2403.X2433.F.X2432.P.Q}$PEPTIDE1,PEPTIDE1,1:R1-7:R2$$$",-8.05125377
"PEPTIDE1{R.P.Y.Sar.A.X2391.Q}$PEPTIDE1,PEPTIDE1,1:R1-7:R2$$$",-7.28292025
"PEPTIDE1{P.G.G.L.Y.X946.S}$PEPTIDE1,PEPTIDE1,1:R1-7:R2$$$",-6.90883718
"PEPTIDE1{P.A.Q.X1249.X981.Q.Q}$PEPTIDE1,PEPTIDE1,1:R1-7:R2$$$",-6.68419235
"PEPTIDE1{G.X375.X2432.L.Q.X391.G}$PEPTIDE1,PEPTIDE1,1:R1-7:R2$$$",-6.72279905
"PEPTIDE1{X490.X631.G.X1004.R.G.X798}$PEPTIDE1,PEPTIDE1,1:R1-7:R2$$$",-6.74820688
"PEPTIDE1{Y.G.Me_3-Pal.R.G.Mono107.Trp(7-Br)}$PEPTIDE1,PEPTIDE1,1:R1-7:R2$$$",-7.33377948
"PEPTIDE1{X2719.F.X591.Q.Y.X2577.G}$PEPTIDE1,PEPTIDE1,1:R1-7:R2$$$",-7.08559249
"PEPTIDE1{F.X2432.X786.dHpr.Hpr.Y.P}$PEPTIDE1,PEPTIDE1,1:R1-7:R2$$$",-6.25982149
"PEPTIDE1{P.X2432.dHpr.F.X1811.X1395.X1213}$PEPTIDE1,PEPTIDE1,1:R1-7:R2$$$",-6.13027503
"PEPTIDE1{Y.L.Q.dS.F.meW.P}$PEPTIDE1,PEPTIDE1,1:R1-7:R2$$$",-6.89371908
"PEPTIDE1{dP.P.X1113.Aze.G.G.Y}$PEPTIDE1,PEPTIDE1,1:R1-7:R2$$$",-6.69545871
"PEPTIDE1{dP.X956.G.G.X46.G.X2791}$PEPTIDE1,PEPTIDE1,1:R1-7:R2$$$",-7.15352229
"PEPTIDE1{X1811.X1829.X2327.P.dD.X1777.G}$PEPTIDE1,PEPTIDE1,1:R1-7:R2$$$",-6.37525298
"PEPTIDE1{P.Y.G.Y.X2669.am_G.X179}$PEPTIDE1,PEPTIDE1,1:R1-7:R2$$$",-7.47803960
"PEPTIDE1{R.X1004.dR.G.L.Bal.P}$PEPTIDE1,PEPTIDE1,1:R1-7:R2$$$",-7.21714503
"PEPTIDE1{X1811.G.Q.G.Y.dS.Aze}$PEPTIDE1,PEPTIDE1,1:R1-7:R2$$$",-8.32784761
"PEPTIDE1{X2577.P.Q.L.G.Aze.A}$PEPTIDE1,PEPTIDE1,1:R1-7:R2$$$",-6.65660384
"PEPTIDE1{F.dHpr.Q.X2432.Q.G.P}$PEPTIDE1,PEPTIDE1,1:R1-7:R2$$$",-6.53352255
"PEPTIDE1{A.A.X3004.X391.R.X2328.Q}$PEPTIDE1,PEPTIDE1,1:R1-7:R2$$$",-7.29973068
"PEPTIDE1{X946.X2403.P.X1457.G.Q.G}$PEPTIDE1,PEPTIDE1,1:R1-7:R2$$$",-6.80821755
"PEPTIDE1{X640.R.Y.X126.Y.X1664.Y}$PEPTIDE1,PEPTIDE1,1:R1-7:R2$$$",-7.55555137
"PEPTIDE1{Y.Y.X1664.R.G.P.X1664}$PEPTIDE1,PEPTIDE1,1:R1-7:R2$$$",-7.26061759
"PEPTIDE1{G.G.X956.G.F.X2432.G}$PEPTIDE1,PEPTIDE1,1:R1-7:R2$$$",-6.91826767
"PEPTIDE1{X297.F.X490.F.X2577.Q.X2285}$PEPTIDE1,PEPTIDE1,1:R1-7:R2$$$",-6.03906881
"PEPTIDE1{G.Bal.dS.X785.R.Q.dS}$PEPTIDE1,PEPTIDE1,1:R1-7:R2$$$",-7.25541907
"PEPTIDE1{P.X233.Q.X2432.X1393.X2432.Y}$PEPTIDE1,PEPTIDE1,1:R1-7:R2$$$",-7.04219601
"PEPTIDE1{L.P.X2461.Q.X255.R.X2793}$PEPTIDE1,PEPTIDE1,1:R1-7:R2$$$",-6.80527272
"PEPTIDE1{X204.X2669.P.X2461.X1980.L.Cit}$PEPTIDE1,PEPTIDE1,1:R1-7:R2$$$",-6.70352589
"PEPTIDE1{L.X490.P.X2403.L.Y.Y}$PEPTIDE1,PEPTIDE1,1:R1-7:R2$$$",-7.05804106
"PEPTIDE1{L.dP.Mono50.Y.X2432.X232.G}$PEPTIDE1,PEPTIDE1,1:R1-7:R2$$$",-6.65030928
"PEPTIDE1{X946.P.X1811.X7.Y.G.G}$PEPTIDE1,PEPTIDE1,1:R1-7:R2$$$",-6.95065555
"PEPTIDE1{Y.X2432.Cit.G.X2432.P.Q}$PEPTIDE1,PEPTIDE1,1:R1-7:R2$$$",-6.91892004
"PEPTIDE1{dP.P.Q.X297.GABA.X1811.Q}$PEPTIDE1,PEPTIDE1,1:R1-7:R2$$$",-8.12843726
"PEPTIDE1{X786.G.Mono106.X2329.X956.Q.Q}$PEPTIDE1,PEPTIDE1,1:R1-7:R2$$$",-7.22271868
"PEPTIDE1{G.X683.R.L.R.am_G.X305}$PEPTIDE1,PEPTIDE1,1:R1-7:R2$$$",-7.11228764
"PEPTIDE1{X1004.R.G.X1004.Y.X490.(N->O)Val}$PEPTIDE1,PEPTIDE1,1:R1-7:R2$$$",-7.77497425
"PEPTIDE1{G.X1410.Mono16.X2432.X1004.Mono107.X314}$PEPTIDE1,PEPTIDE1,1:R1-7:R2$$$",-7.42751171
"PEPTIDE1{X375.L.X1989.X786.R.X1811.X737}$PEPTIDE1,PEPTIDE1,1:R1-7:R2$$$",-7.61327043
"PEPTIDE1{G.X786.P.X2339.R.R.X786}$PEPTIDE1,PEPTIDE1,1:R1-7:R2$$$",-7.60340764
"PEPTIDE1{X255.Y.X975.Mono106.X7.G.X529}$PEPTIDE1,PEPTIDE1,1:R1-7:R2$$$",-7.77450919
"PEPTIDE1{Q.X49.X1699.X3004.Y.X1918.P}$PEPTIDE1,PEPTIDE1,1:R1-7:R2$$$",-6.55574332
"PEPTIDE1{X2577.G.G.P.R.Y.Y}$PEPTIDE1,PEPTIDE1,1:R1-7:R2$$$",-7.23227531
"PEPTIDE1{Y.X2577.Y.X49.X2461.X867.G}$PEPTIDE1,PEPTIDE1,1:R1-7:R2$$$",-6.70356007
"PEPTIDE1{Y.G.Q.Y.Q.dS.dP}$PEPTIDE1,PEPTIDE1,1:R1-7:R2$$$",-7.27323522
"PEPTIDE1{R.Q.X956.Q.P.P.Q}$PEPTIDE1,PEPTIDE1,1:R1-7:R2$$$",-6.70867005
"PEPTIDE1{L.X1798.X2258.F.Q.P.G}$PEPTIDE1,PEPTIDE1,1:R1-7:R2$$$",-7.19481452
"PEPTIDE1{dP.L.R.L.X2432.Cha.Y}$PEPTIDE1,PEPTIDE1,1:R1-7:R2$$$",-6.27815413
"PEPTIDE1{Y.Q.Y.Y.dHpr.A.dP}$PEPTIDE1,PEPTIDE1,1:R1-7:R2$$$",-6.45726858
"PEPTIDE1{R.A.G.Q.Y.Q.Q}$PEPTIDE1,PEPTIDE1,1:R1-7:R2$$$",-7.52020754
"PEPTIDE1{X1410.X1811.G.P.X1829.X946.P}$PEPTIDE1,PEPTIDE1,1:R1-7:R2$$$",-7.11078057
"PEPTIDE1{Y.X870.G.X946.L.X299.P}$PEPTIDE1,PEPTIDE1,1:R1-7:R2$$$",-6.22574958
"PEPTIDE1{Mono106.G.G.X261.L.Y.G}$PEPTIDE1,PEPTIDE1,1:R1-7:R2$$$",-7.12872950
"PEPTIDE1{G.X504.L.X1699.R.G.dP}$PEPTIDE1,PEPTIDE1,1:R1-7:R2$$$",-6.92268389
"PEPTIDE1{Y.A.Y.F.F.X7.Y}$PEPTIDE1,PEPTIDE1,1:R1-7:R2$$$",-7.57839197
"PEPTIDE1{G.Y.P.L.Aze.Y.X956}$PEPTIDE1,PEPTIDE1,1:R1-7:R2$$$",-6.69755207
"PEPTIDE1{Y.L.X2327.X956.P.X2461.Q}$PEPTIDE1,PEPTIDE1,1:R1-7:R2$$$",-6.40361277
"PEPTIDE1{Y.X255.X1004.F.X2745.Y.X577}$PEPTIDE1,PEPTIDE1,1:R1-7:R2$$$",-7.53762700
"PEPTIDE1{X2328.X2432.Y.P.P.Y.Y}$PEPTIDE1,PEPTIDE1,1:R1-7:R2$$$",-6.73627170
"PEPTIDE1{X2364.X233.L.X1811.X1004.G.G}$PEPTIDE1,PEPTIDE1,1:R1-7:R2$$$",-6.18356679
"PEPTIDE1{G.G.F.Y.X2432.Y.A}$PEPTIDE1,PEPTIDE1,1:R1-7:R2$$$",-7.44722839
"PEPTIDE1{X1457.dP.R.Mono60.P.dP.G}$PEPTIDE1,PEPTIDE1,1:R1-7:R2$$$",-6.82090847
"PEPTIDE1{dHpr.X1253.F.G.P.Q.X136}$PEPTIDE1,PEPTIDE1,1:R1-7:R2$$$",-6.56144395
"PEPTIDE1{X1813.Q.Q.X1777.L.homoPhe_4CF3_3Cl.Q}$PEPTIDE1,PEPTIDE1,1:R1-7:R2$$$",-7.03791118
"PEPTIDE1{Q.G.R.X1119.P.F.X375}$PEPTIDE1,PEPTIDE1,1:R1-7:R2$$$",-6.99787124
"PEPTIDE1{X1004.Aze.X7.L.Q.G.X2577}$PEPTIDE1,PEPTIDE1,1:R1-7:R2$$$",-6.58619201
"PEPTIDE1{P.X1004.dS.Y.X956.X2432.G}$PEPTIDE1,PEPTIDE1,1:R1-7:R2$$$",-7.06900698
"PEPTIDE1{X1004.G.X255.X2258.G.X1918.G}$PEPTIDE1,PEPTIDE1,1:R1-7:R2$$$",-7.11604190
"PEPTIDE1{P.F.X1213.Sar.G.Q.X2719}$PEPTIDE1,PEPTIDE1,1:R1-7:R2$$$",-7.02982944
"PEPTIDE1{Q.X577.X261.L.X196.Q.(N->O)Val}$PEPTIDE1,PEPTIDE1,1:R1-7:R2$$$",-7.10336988
"PEPTIDE1{X1788.G.R.F.Q.X490.P}$PEPTIDE1,PEPTIDE1,1:R1-7:R2$$$",-6.48324966
"PEPTIDE1{P.G.P.P.X425.G.Y}$PEPTIDE1,PEPTIDE1,1:R1-7:R2$$$",-7.10975315
"PEPTIDE1{L.G.Q.Q.Q.G.X1004}$PEPTIDE1,PEPTIDE1,1:R1-7:R2$$$",-7.16006551
"PEPTIDE1{Mono92.Q.G.P.X956.A.X956}$PEPTIDE1,PEPTIDE1,1:R1-7:R2$$$",-7.04182717
"PEPTIDE1{Y.lalloHyp.Hpr.X956.X2432.Mono50.X612}$PEPTIDE1,PEPTIDE1,1:R1-7:R2$$$",-6.73837839
"PEPTIDE1{R.Hpr.X1038.dHpr.X1918.G.Y}$PEPTIDE1,PEPTIDE1,1:R1-7:R2$$$",-6.83858063
"PEPTIDE1{X255.Q.Q.Q.(N->O)Val.X2432.X1004}$PEPTIDE1,PEPTIDE1,1:R1-7:R2$$$",-7.07175117
"PEPTIDE1{G.X1010.Q.G.G.F.G}$PEPTIDE1,PEPTIDE1,1:R1-7:R2$$$",-6.84358996
"PEPTIDE1{R.G.P.R.X591.X1661.Y}$PEPTIDE1,PEPTIDE1,1:R1-7:R2$$$",-6.92638714
"PEPTIDE1{R.Q.Q.R.P.P.dP}$PEPTIDE1,PEPTIDE1,1:R1-7:R2$$$",-6.81374470
"PEPTIDE1{G.G.R.G.X537.Q.X1127}$PEPTIDE1,PEPTIDE1,1:R1-7:R2$$$",-7.36592747
"PEPTIDE1{X683.X1788.X1811.Y.X2328.X1989.X261}$PEPTIDE1,PEPTIDE1,1:R1-7:R2$$$",-6.65966321
"PEPTIDE1{Q.F.dP.X1956.Q.dP.X725}$PEPTIDE1,PEPTIDE1,1:R1-7:R2$$$",-6.82811158
"PEPTIDE1{X2093.X956.X391.G.X314.L.Q}$PEPTIDE1,PEPTIDE1,1:R1-7:R2$$$",-6.98201990
"PEPTIDE1{X1395.X490.P.X2364.X956.X302.X2113}$PEPTIDE1,PEPTIDE1,1:R1-7:R2$$$",-7.16520810
"PEPTIDE1{Q.R.X425.X255.Y.L.P}$PEPTIDE1,PEPTIDE1,1:R1-7:R2$$$",-6.96113129
"PEPTIDE1{Y.G.P.F.P.dS.Y}$PEPTIDE1,PEPTIDE1,1:R1-7:R2$$$",-7.28728200
"PEPTIDE1{X1895.G.X956.X490.P.F.G}$PEPTIDE1,PEPTIDE1,1:R1-7:R2$$$",-6.81409944
"PEPTIDE1{L.L.X1707.dR.X2442.X1004.P}$PEPTIDE1,PEPTIDE1,1:R1-7:R2$$$",-7.11086267
"PEPTIDE1{G.X2432.Q.X2225.G.dNle.(N->O)Tyr}$PEPTIDE1,PEPTIDE1,1:R1-7:R2$$$",-7.25612873
"PEPTIDE1{G.A.P.X375.P.G.lalloHyp}$PEPTIDE1,PEPTIDE1,1:R1-7:R2$$$",-6.99149656
"PEPTIDE1{dHpr.F.X2432.X1004.X2432.Mono50.X1004}$PEPTIDE1,PEPTIDE1,1:R1-7:R2$$$",-6.02197491
"PEPTIDE1{X537.Aze.Y.X956.X1811.X233.X3004}$PEPTIDE1,PEPTIDE1,1:R1-7:R2$$$",-8.04242859
"PEPTIDE1{G.dHpr.G.G.Q.X425.G}$PEPTIDE1,PEPTIDE1,1:R1-7:R2$$$",-6.96399598
"PEPTIDE1{Y.X299.X1989.Y.dP.Y.X3004}$PEPTIDE1,PEPTIDE1,1:R1-7:R2$$$",-6.76498156
"PEPTIDE1{G.X1664.X2432.X1395.X233.X2432.X573}$PEPTIDE1,PEPTIDE1,1:R1-7:R2$$$",-7.42112301
"PEPTIDE1{X2830.Q.dHpr.G.R.X1664.Y}$PEPTIDE1,PEPTIDE1,1:R1-7:R2$$$",-7.00876717
"PEPTIDE1{P.dR.G.X126.Mono50.F.X1989}$PEPTIDE1,PEPTIDE1,1:R1-7:R2$$$",-7.23610296
"PEPTIDE1{X785.G.X490.X1664.X956.R.X1773}$PEPTIDE1,PEPTIDE1,1:R1-7:R2$$$",-6.80010436
"PEPTIDE1{F.R.Mono60.Q.G.X2403.G}$PEPTIDE1,PEPTIDE1,1:R1-7:R2$$$",-7.01694058
"PEPTIDE1{P.F.X2719.F.X946.F.Q}$PEPTIDE1,PEPTIDE1,1:R1-7:R2$$$",-7.11043238
"PEPTIDE1{Y.X255.X2328.P.dP.Q.G}$PEPTIDE1,PEPTIDE1,1:R1-7:R2$$$",-7.01652652
"PEPTIDE1{X1661.Y.dHpr.R.P.L.X1004}$PEPTIDE1,PEPTIDE1,1:R1-7:R2$$$",-6.60387944
"PEPTIDE1{G.X591.G.X6.G.Y.G}$PEPTIDE1,PEPTIDE1,1:R1-7:R2$$$",-7.34805904
"PEPTIDE1{P.X299.G.X204.X46.X2577.X956}$PEPTIDE1,PEPTIDE1,1:R1-7:R2$$$",-6.46318591
"PEPTIDE1{G.F.P.Aze.R.F.Q}$PEPTIDE1,PEPTIDE1,1:R1-7:R2$$$",-6.69038082
"PEPTIDE1{Q.X702.Q.(N->O)Tyr.P.X1802.Q}$PEPTIDE1,PEPTIDE1,1:R1-7:R2$$$",-7.70312486
"PEPTIDE1{X2432.G.Q.L.X1811.F.Q}$PEPTIDE1,PEPTIDE1,1:R1-7:R2$$$",-7.60434245
"PEPTIDE1{P.X1350.X1029.R.F.X2432.P}$PEPTIDE1,PEPTIDE1,1:R1-7:R2$$$",-6.47320637
"PEPTIDE1{X299.F.Q.G.Q.X1913.A}$PEPTIDE1,PEPTIDE1,1:R1-7:R2$$$",-6.62073112
"PEPTIDE1{Q.X1729.P.G.X3004.Y.G}$PEPTIDE1,PEPTIDE1,1:R1-7:R2$$$",-7.05600686
"PEPTIDE1{Q.P.X1664.X7.G.dP.X591}$PEPTIDE1,PEPTIDE1,1:R1-7:R2$$$",-7.04410187
"PEPTIDE1{L.X1895.Q.Y.X981.L.Q}$PEPTIDE1,PEPTIDE1,1:R1-7:R2$$$",-6.76323686
"PEPTIDE1{P.X946.Mono19.Q.L.X956.X2113}$PEPTIDE1,PEPTIDE1,1:R1-7:R2$$$",-6.69309219
"PEPTIDE1{R.G.P.Q.Y.L.X2113}$PEPTIDE1,PEPTIDE1,1:R1-7:R2$$$",-7.19508097
"PEPTIDE1{Q.X1777.X2432.L.L.Y.X7}$PEPTIDE1,PEPTIDE1,1:R1-7:R2$$$",-6.84533931
"PEPTIDE1{X2432.G.Q.Y.X255.Q.(N->O)Val}$PEPTIDE1,PEPTIDE1,1:R1-7:R2$$$",-6.95111509
"PEPTIDE1{P.X1038.G.G.Y.dP.Aze}$PEPTIDE1,PEPTIDE1,1:R1-7:R2$$$",-6.82993976
"PEPTIDE1{X1004.Q.X956.X956.G.F.X956}$PEPTIDE1,PEPTIDE1,1:R1-7:R2$$$",-6.85192151
"PEPTIDE1{Mono50.Q.Mono51.X255.R.X2285.X2461}$PEPTIDE1,PEPTIDE1,1:R1-7:R2$$$",-6.76228819
"PEPTIDE1{lalloHyp.F.X725.R.F.P.Y}$PEPTIDE1,PEPTIDE1,1:R1-7:R2$$$",-6.75845204
"PEPTIDE1{X2328.F.P.X1813.X425.X1956.Q}$PEPTIDE1,PEPTIDE1,1:R1-7:R2$$$",-7.49482238
"PEPTIDE1{X1811.G.Q.X2577.X6.dHpr.dHpr}$PEPTIDE1,PEPTIDE1,1:R1-7:R2$$$",-8.96906731
"PEPTIDE1{G.X1432.Mono16.G.Q.P.G}$PEPTIDE1,PEPTIDE1,1:R1-7:R2$$$",-7.37740385
"PEPTIDE1{Y.Q.G.X46.X136.X255.X2432}$PEPTIDE1,PEPTIDE1,1:R1-7:R2$$$",-7.17321908
"PEPTIDE1{HOCOCH2_Bal.F.Mono31.R.G.X2745.Q}$PEPTIDE1,PEPTIDE1,1:R1-7:R2$$$",-7.09069883
"PEPTIDE1{P.Q.Y.X2432.Y.G.X233}$PEPTIDE1,PEPTIDE1,1:R1-7:R2$$$",-6.88757231
"PEPTIDE1{Y.X981.F.P.Q.G.G}$PEPTIDE1,PEPTIDE1,1:R1-7:R2$$$",-6.49272235
"PEPTIDE1{P.X956.R.Y.G.Mono107.P}$PEPTIDE1,PEPTIDE1,1:R1-7:R2$$$",-6.78946061
"PEPTIDE1{dP.P.P.X2432.L.X298.Q}$PEPTIDE1,PEPTIDE1,1:R1-7:R2$$$",-6.39408692
"PEPTIDE1{G.G.Q.dR.F.G.X1834}$PEPTIDE1,PEPTIDE1,1:R1-7:R2$$$",-6.78804098
"PEPTIDE1{Y.Q.X49.Y.G.F.Y}$PEPTIDE1,PEPTIDE1,1:R1-7:R2$$$",-7.33294542
"PEPTIDE1{2-Pal.G.R.X946.X683.L.Y}$PEPTIDE1,PEPTIDE1,1:R1-7:R2$$$",-7.25397063
"PEPTIDE1{X255.R.Q.Q.R.P.X1004}$PEPTIDE1,PEPTIDE1,1:R1-7:R2$$$",-7.31573071
"PEPTIDE1{X1457.X232.X2432.R.(N->O)Val.X7.G}$PEPTIDE1,PEPTIDE1,1:R1-7:R2$$$",-6.95516456
"PEPTIDE1{Mono50.X1004.R.G.G.X1800.Y}$PEPTIDE1,PEPTIDE1,1:R1-7:R2$$$",-7.43851947
"PEPTIDE1{Q.P.P.X2432.P.X299.Y}$PEPTIDE1,PEPTIDE1,1:R1-7:R2$$$",-6.45647168
"PEPTIDE1{X785.X1113.L.G.P.X1777.G}$PEPTIDE1,PEPTIDE1,1:R1-7:R2$$$",-7.13191626
"PEPTIDE1{Y.F.Phe(CHF2).X1918.F.X255.X956}$PEPTIDE1,PEPTIDE1,1:R1-7:R2$$$",-6.97298191
"PEPTIDE1{Y.Q.dS.L.Y.P.X1918}$PEPTIDE1,PEPTIDE1,1:R1-7:R2$$$",-6.29772910
"PEPTIDE1{Mono106.F.Y.Pro(4-F2).X1004.X956.Q}$PEPTIDE1,PEPTIDE1,1:R1-7:R2$$$",-7.20108643
"PEPTIDE1{X2328.Y.X126.Abu.X1004.X1921.P}$PEPTIDE1,PEPTIDE1,1:R1-7:R2$$$",-7.09036554
"PEPTIDE1{L.Q.L.Q.X2432.P.X1664}$PEPTIDE1,PEPTIDE1,1:R1-7:R2$$$",-6.70689920
"PEPTIDE1{G.G.Y.Y.R.X2154.X870}$PEPTIDE1,PEPTIDE1,1:R1-7:R2$$$",-6.59284386
"PEPTIDE1{G.Q.X786.X375.X2432.L.X786}$PEPTIDE1,PEPTIDE1,1:R1-7:R2$$$",-7.05324410
"PEPTIDE1{Mono107.F.X1956.P.L.dHpr.X261}$PEPTIDE1,PEPTIDE1,1:R1-7:R2$$$",-6.15188906
"PEPTIDE1{X2258.G.P.X1457.(N->O)Val.Y.Q}$PEPTIDE1,PEPTIDE1,1:R1-7:R2$$$",-6.71263278
"PEPTIDE1{L.X2793.dP.F.X2669.dS.P}$PEPTIDE1,PEPTIDE1,1:R1-7:R2$$$",-6.91246681
"PEPTIDE1{X786.X375.F.X2432.Q.X905.Q}$PEPTIDE1,PEPTIDE1,1:R1-7:R2$$$",-7.01075605
"PEPTIDE1{R.X786.R.A.G.dP.dHpr}$PEPTIDE1,PEPTIDE1,1:R1-7:R2$$$",-7.28295891
"PEPTIDE1{Q.F.Y.X786.dHpr.Q.X1895}$PEPTIDE1,PEPTIDE1,1:R1-7:R2$$$",-6.81721863
"PEPTIDE1{X534.P.P.Y.Q.X302.Q}$PEPTIDE1,PEPTIDE1,1:R1-7:R2$$$",-6.32948054
"PEPTIDE1{X786.X1010.G.X956.Y.X1395.G}$PEPTIDE1,PEPTIDE1,1:R1-7:R2$$$",-7.56475883
"PEPTIDE1{F.Q.X255.G.R.G.G}$PEPTIDE1,PEPTIDE1,1:R1-7:R2$$$",-6.89539150
"PEPTIDE1{X1829.Y.X2432.Q.R.L.Y}$PEPTIDE1,PEPTIDE1,1:R1-7:R2$$$",-6.42667650
"PEPTIDE1{G.G.X49.G.Q.X2432.Q}$PEPTIDE1,PEPTIDE1,1:R1-7:R2$$$",-6.79637046
"PEPTIDE1{X11.X490.G.F.Y.dR.P}$PEPTIDE1,PEPTIDE1,1:R1-7:R2$$$",-6.04844273
"PEPTIDE1{L.dP.X1811.X612.X631.L.X504}$PEPTIDE1,PEPTIDE1,1:R1-7:R2$$$",-6.38000640
"PEPTIDE1{X2048.X1811.X2432.X1393.R.X1811.X956}$PEPTIDE1,PEPTIDE1,1:R1-7:R2$$$",-8.06430000
"PEPTIDE1{L.P.X1664.X1004.X1004.P.G}$PEPTIDE1,PEPTIDE1,1:R1-7:R2$$$",-7.17568922
"PEPTIDE1{R.X49.F.X591.R.X2328.X196}$PEPTIDE1,PEPTIDE1,1:R1-7:R2$$$",-7.63533363
"PEPTIDE1{P.G.F.R.G.G.X867}$PEPTIDE1,PEPTIDE1,1:R1-7:R2$$$",-7.03585614
"PEPTIDE1{G.P.X1989.Q.X81.P.X1802}$PEPTIDE1,PEPTIDE1,1:R1-7:R2$$$",-6.96022020
"PEPTIDE1{X946.X822.X1664.X569.P.X2432.Y}$PEPTIDE1,PEPTIDE1,1:R1-7:R2$$$",-7.03242962
"PEPTIDE1{X1457.Mono50.X956.R.X786.X7.Y}$PEPTIDE1,PEPTIDE1,1:R1-7:R2$$$",-7.09935045
"PEPTIDE1{X2465.Hpr.X631.X1811.F.Trp(7-Br).X6}$PEPTIDE1,PEPTIDE1,1:R1-7:R2$$$",-6.55960946
"PEPTIDE1{F.L.X1777.Q.X1811.X1038.Y}$PEPTIDE1,PEPTIDE1,1:R1-7:R2$$$",-7.61626786
"PEPTIDE1{dP.X2432.X1035.Q.P.dP.Y}$PEPTIDE1,PEPTIDE1,1:R1-7:R2$$$",-6.14208240
"PEPTIDE1{Y.F.meH.Y.X612.X601.P}$PEPTIDE1,PEPTIDE1,1:R1-7:R2$$$",-6.93790723
"PEPTIDE1{R.X1956.G.X725.L.X490.X2577}$PEPTIDE1,PEPTIDE1,1:R1-7:R2$$$",-6.26745990
"PEPTIDE1{G.X2475.X2258.L.X2327.dHpr.P}$PEPTIDE1,PEPTIDE1,1:R1-7:R2$$$",-6.47619638
"PEPTIDE1{X2403.R.X1119.Q.X1004.dP.X981}$PEPTIDE1,PEPTIDE1,1:R1-7:R2$$$",-7.62418745
"PEPTIDE1{G.dP.X1811.X2461.X1395.Y.X822}$PEPTIDE1,PEPTIDE1,1:R1-7:R2$$$",-6.48914756
"PEPTIDE1{F.F.X3011.X786.F.L.X2523}$PEPTIDE1,PEPTIDE1,1:R1-7:R2$$$",-7.06771115
"PEPTIDE1{X1004.G.X490.X1811.F.Q.Q}$PEPTIDE1,PEPTIDE1,1:R1-7:R2$$$",-8.98799326
"PEPTIDE1{X1410.Aze.F.X179.Y.X786.Y}$PEPTIDE1,PEPTIDE1,1:R1-7:R2$$$",-6.65656396
"PEPTIDE1{X490.L.X255.X232.X255.Q.G}$PEPTIDE1,PEPTIDE1,1:R1-7:R2$$$",-6.71494756
"PEPTIDE1{X1749.Q.X233.X2432.Y.F.Q}$PEPTIDE1,PEPTIDE1,1:R1-7:R2$$$",-7.17323322
"PEPTIDE1{F.X601.F.G.X425.G.Q}$PEPTIDE1,PEPTIDE1,1:R1-7:R2$$$",-7.34687737
"PEPTIDE1{X1213.G.G.G.P.X7.Q}$PEPTIDE1,PEPTIDE1,1:R1-7:R2$$$",-7.43142165
"PEPTIDE1{Q.Q.X1752.X683.Y.P.G}$PEPTIDE1,PEPTIDE1,1:R1-7:R2$$$",-7.50198799
"PEPTIDE1{Y.A.X299.G.Y.X1811.Q}$PEPTIDE1,PEPTIDE1,1:R1-7:R2$$$",-7.79016303
"PEPTIDE1{F.Y.X315.X2226.L.L.A}$PEPTIDE1,PEPTIDE1,1:R1-7:R2$$$",-7.25171710
"PEPTIDE1{L.Q.X2432.Y.F.F.X725}$PEPTIDE1,PEPTIDE1,1:R1-7:R2$$$",-7.07522776
"PEPTIDE1{L.Y.Q.L.Y.L.X956}$PEPTIDE1,PEPTIDE1,1:R1-7:R2$$$",-6.89259113
"PEPTIDE1{G.G.Bal.X126.X956.X2401.P}$PEPTIDE1,PEPTIDE1,1:R1-7:R2$$$",-6.89761576
"PEPTIDE1{P.dP.R.X305.X786.Aze.G}$PEPTIDE1,PEPTIDE1,1:R1-7:R2$$$",-6.91120159
"PEPTIDE1{X880.d(N->O)Gly(allyl).P.Y.F.X916.G}$PEPTIDE1,PEPTIDE1,1:R1-7:R2$$$",-7.48846609
"PEPTIDE1{L.X7.X136.F.Y.F.X956}$PEPTIDE1,PEPTIDE1,1:R1-7:R2$$$",-7.06671475
"PEPTIDE1{A.Q.X1395.X2745.X2432.X1693.X2048}$PEPTIDE1,PEPTIDE1,1:R1-7:R2$$$",-7.11796979
"PEPTIDE1{L.X6.X1393.X2432.X3004.G.Q}$PEPTIDE1,PEPTIDE1,1:R1-7:R2$$$",-7.24722694
"PEPTIDE1{G.F.X375.P.X1029.X946.Q}$PEPTIDE1,PEPTIDE1,1:R1-7:R2$$$",-6.13413307
"PEPTIDE1{lalloHyp.X591.G.Y.P.P.Y}$PEPTIDE1,PEPTIDE1,1:R1-7:R2$$$",-6.99952171
"PEPTIDE1{Y.L.A.X2432.X1989.Y.Phe(CHF2)}$PEPTIDE1,PEPTIDE1,1:R1-7:R2$$$",-7.50345338
"PEPTIDE1{meL.X2258.A.Y.X233.X824.X1913}$PEPTIDE1,PEPTIDE1,1:R1-7:R2$$$",-6.50555578
"PEPTIDE1{Q.Q.Y.X400.X1664.G.Y}$PEPTIDE1,PEPTIDE1,1:R1-7:R2$$$",-7.45268279
"PEPTIDE1{A.P.X1713.F.Q.X179.P}$PEPTIDE1,PEPTIDE1,1:R1-7:R2$$$",-6.70030983
"PEPTIDE1{X946.X1845.P.Y.X1895.Y.Y}$PEPTIDE1,PEPTIDE1,1:R1-7:R2$$$",-7.54245081
"PEPTIDE1{X1410.X2791.X1004.Y.X2188.X1811.Q}$PEPTIDE1,PEPTIDE1,1:R1-7:R2$$$",-8.87080000
"PEPTIDE1{L.dCit.G.P.F.L.P}$PEPTIDE1,PEPTIDE1,1:R1-7:R2$$$",-7.07470364
"PEPTIDE1{X1895.Y.G.X981.L.X534.dP}$PEPTIDE1,PEPTIDE1,1:R1-7:R2$$$",-7.01510582
"PEPTIDE1{X1213.A.Y.Y.X126.R.G}$PEPTIDE1,PEPTIDE1,1:R1-7:R2$$$",-7.63829101
"PEPTIDE1{F.P.G.F.d(N->O)Gly(allyl).P.G}$PEPTIDE1,PEPTIDE1,1:R1-7:R2$$$",-7.35804128
"PEPTIDE1{Y.G.X1956.Y.X1004.P.A}$PEPTIDE1,PEPTIDE1,1:R1-7:R2$$$",-7.52108879
"PEPTIDE1{Q.Mono50.R.G.G.X2432.G}$PEPTIDE1,PEPTIDE1,1:R1-7:R2$$$",-7.15672672
"PEPTIDE1{Q.X490.X3004.Y.X255.Q.Q}$PEPTIDE1,PEPTIDE1,1:R1-7:R2$$$",-6.39734651
"PEPTIDE1{R.dP.R.X315.X1038.Y.G}$PEPTIDE1,PEPTIDE1,1:R1-7:R2$$$",-7.27151198
"PEPTIDE1{Q.G.L.G.P.G.X1457}$PEPTIDE1,PEPTIDE1,1:R1-7:R2$$$",-6.81180516
"PEPTIDE1{A.R.dP.G.X420.Q.Q}$PEPTIDE1,PEPTIDE1,1:R1-7:R2$$$",-7.41378184
"PEPTIDE1{Q.dHpr.Q.G.X338.X1004.Q}$PEPTIDE1,PEPTIDE1,1:R1-7:R2$$$",-7.76499032
"PEPTIDE1{Q.G.X2328.Q.(N->O)Val.X2432.Y}$PEPTIDE1,PEPTIDE1,1:R1-7:R2$$$",-7.37636763
"PEPTIDE1{L.G.Y.P.X1432.A.(N->O)Val}$PEPTIDE1,PEPTIDE1,1:R1-7:R2$$$",-7.16206198
"PEPTIDE1{R.Mono50.X946.Y.meL.G.X2403}$PEPTIDE1,PEPTIDE1,1:R1-7:R2$$$",-6.78994259
"PEPTIDE1{X591.R.X1989.L.X2432.R.X490}$PEPTIDE1,PEPTIDE1,1:R1-7:R2$$$",-6.65054597
"PEPTIDE1{X785.Q.P.Y.G.X3004.G}$PEPTIDE1,PEPTIDE1,1:R1-7:R2$$$",-7.22104231
"PEPTIDE1{X631.X1811.P.X277.Y.F.X2577}$PEPTIDE1,PEPTIDE1,1:R1-7:R2$$$",-7.40290470
"PEPTIDE1{Y.X3004.X2432.Y.R.X1540.meW}$PEPTIDE1,PEPTIDE1,1:R1-7:R2$$$",-7.17753657
"PEPTIDE1{Y.X375.G.P.X1661.X1811.Q}$PEPTIDE1,PEPTIDE1,1:R1-7:R2$$$",-8.36413116
"PEPTIDE1{X425.X946.X1811.X2719.X2432.Bal.Hpr}$PEPTIDE1,PEPTIDE1,1:R1-7:R2$$$",-7.35788954
"PEPTIDE1{X1457.Y.Q.Q.Y.X195.X2285}$PEPTIDE1,PEPTIDE1,1:R1-7:R2$$$",-6.78999003
"PEPTIDE1{G.X1395.R.X956.P.G.X1004}$PEPTIDE1,PEPTIDE1,1:R1-7:R2$$$",-7.28243914
"PEPTIDE1{G.P.X577.F.G.Y.P}$PEPTIDE1,PEPTIDE1,1:R1-7:R2$$$",-7.15299194
"PEPTIDE1{R.G.lalloHyp.Q.G.X2403.X1609}$PEPTIDE1,PEPTIDE1,1:R1-7:R2$$$",-7.41316102
"PEPTIDE1{R.R.X1813.X1895.P.Q.G}$PEPTIDE1,PEPTIDE1,1:R1-7:R2$$$",-7.80361199
"PEPTIDE1{X1811.F.R.G.L.G.P}$PEPTIDE1,PEPTIDE1,1:R1-7:R2$$$",-7.67661383
"PEPTIDE1{Y.X1010.G.X6.X2432.L.X1918}$PEPTIDE1,PEPTIDE1,1:R1-7:R2$$$",-6.91804034
"PEPTIDE1{Y.P.Mono50.G.X2432.X2432.X1004}$PEPTIDE1,PEPTIDE1,1:R1-7:R2$$$",-7.17806166
"PEPTIDE1{G.X1811.G.X946.Mono31.X7.Mono60}$PEPTIDE1,PEPTIDE1,1:R1-7:R2$$$",-7.03022807
"PEPTIDE1{L.F.dP.X619.X1777.Y.Y}$PEPTIDE1,PEPTIDE1,1:R1-7:R2$$$",-6.23425650
"PEPTIDE1{G.F.X1664.X3011.X1058.F.G}$PEPTIDE1,PEPTIDE1,1:R1-7:R2$$$",-7.16439999
"PEPTIDE1{F.L.P.R.Q.G.G}$PEPTIDE1,PEPTIDE1,1:R1-7:R2$$$",-7.11520768
"PEPTIDE1{P.X1393.G.X2432.L.R.X1798}$PEPTIDE1,PEPTIDE1,1:R1-7:R2$$$",-7.21937746
"PEPTIDE1{Y.P.L.X1811.X725.X1811.Q}$PEPTIDE1,PEPTIDE1,1:R1-7:R2$$$",-8.51368750
"PEPTIDE1{dHpr.P.Aze.X591.dR.X1895.P}$PEPTIDE1,PEPTIDE1,1:R1-7:R2$$$",-7.22300182
"PEPTIDE1{X1457.Q.X2577.G.P.X2113.X1707}$PEPTIDE1,PEPTIDE1,1:R1-7:R2$$$",-6.49380865
"PEPTIDE1{X375.P.F.X261.F.G.Q}$PEPTIDE1,PEPTIDE1,1:R1-7:R2$$$",-6.31849520
"PEPTIDE1{X1004.P.dR.X1895.G.G.X3004}$PEPTIDE1,PEPTIDE1,1:R1-7:R2$$$",-7.46534691
"PEPTIDE1{dHpr.Q.F.Y.Q.X1664.P}$PEPTIDE1,PEPTIDE1,1:R1-7:R2$$$",-6.37904930
"PEPTIDE1{X1699.Mono106.X425.Mono107.dHpr.X786.P}$PEPTIDE1,PEPTIDE1,1:R1-7:R2$$$",-6.57217386
"PEPTIDE1{meW.X1811.G.Q.F.Y.Q}$PEPTIDE1,PEPTIDE1,1:R1-7:R2$$$",-8.21952000
"PEPTIDE1{Y.(N->O)Val.G.L.P.X2745.G}$PEPTIDE1,PEPTIDE1,1:R1-7:R2$$$",-6.70846854
"PEPTIDE1{F.Q.P.P.Y.G.G}$PEPTIDE1,PEPTIDE1,1:R1-7:R2$$$",-6.79175222
"PEPTIDE1{Q.dP.Q.P.X663.Q.G}$PEPTIDE1,PEPTIDE1,1:R1-7:R2$$$",-6.87575572
"PEPTIDE1{X7.G.X1004.G.G.A.P}$PEPTIDE1,PEPTIDE1,1:R1-7:R2$$$",-7.39861807
"PEPTIDE1{R.P.X2577.Q.Q.dP.P}$PEPTIDE1,PEPTIDE1,1:R1-7:R2$$$",-6.57708188
"PEPTIDE1{G.Q.Y.G.Y.X490.G}$PEPTIDE1,PEPTIDE1,1:R1-7:R2$$$",-6.50938115
"PEPTIDE1{P.R.X2432.X297.Q.Y.X101}$PEPTIDE1,PEPTIDE1,1:R1-7:R2$$$",-6.36992893
"PEPTIDE1{G.R.X1432.Q.X195.X2432.Q}$PEPTIDE1,PEPTIDE1,1:R1-7:R2$$$",-7.07775479
"PEPTIDE1{dR.Y.G.G.R.G.Y}$PEPTIDE1,PEPTIDE1,1:R1-7:R2$$$",-7.26504603
"PEPTIDE1{X1410.R.X2328.X201.A.X2432.X1664}$PEPTIDE1,PEPTIDE1,1:R1-7:R2$$$",-8.04005109
"PEPTIDE1{X2432.F.X2432.X232.Y.G.A}$PEPTIDE1,PEPTIDE1,1:R1-7:R2$$$",-6.58655774
"PEPTIDE1{L.X786.X2432.L.X2432.R.G}$PEPTIDE1,PEPTIDE1,1:R1-7:R2$$$",-7.02453561
"PEPTIDE1{Q.Q.dHpr.Mono50.P.G.A}$PEPTIDE1,PEPTIDE1,1:R1-7:R2$$$",-6.91915762
"PEPTIDE1{Y.L.P.R.P.Mono107.Y}$PEPTIDE1,PEPTIDE1,1:R1-7:R2$$$",-6.63512123
"PEPTIDE1{Q.X2432.P.X233.X1004.G.Y}$PEPTIDE1,PEPTIDE1,1:R1-7:R2$$$",-7.15734853
"PEPTIDE1{X591.X232.X1395.P.Q.X196.P}$PEPTIDE1,PEPTIDE1,1:R1-7:R2$$$",-7.36505394
"PEPTIDE1{X2432.P.X2461.X1811.R.X956.X631}$PEPTIDE1,PEPTIDE1,1:R1-7:R2$$$",-7.53154807
"PEPTIDE1{G.X2432.X1548.P.X425.X1813.X631}$PEPTIDE1,PEPTIDE1,1:R1-7:R2$$$",-7.60139421
"PEPTIDE1{P.G.R.G.Q.G.G}$PEPTIDE1,PEPTIDE1,1:R1-7:R2$$$",-7.16153343
"PEPTIDE1{X946.F.X255.X577.Mono60.F.Y}$PEPTIDE1,PEPTIDE1,1:R1-7:R2$$$",-6.77642488
"PEPTIDE1{Y.X1004.F.X3004.X1004.X233.Q}$PEPTIDE1,PEPTIDE1,1:R1-7:R2$$$",-7.22369482
"PEPTIDE1{Trp(7-Br).G.X1664.X2432.L.Y.X1035}$PEPTIDE1,PEPTIDE1,1:R1-7:R2$$$",-6.75798169
"PEPTIDE1{Q.P.A.X233.X2203.L.X2403}$PEPTIDE1,PEPTIDE1,1:R1-7:R2$$$",-7.03848472
"PEPTIDE1{P.X233.X1664.Q.G.X1212.X1693}$PEPTIDE1,PEPTIDE1,1:R1-7:R2$$$",-6.98913333
"PEPTIDE1{X702.G.R.P.Q.L.X3004}$PEPTIDE1,PEPTIDE1,1:R1-7:R2$$$",-7.05607785
"PEPTIDE1{G.X591.X2669.L.G.G.G}$PEPTIDE1,PEPTIDE1,1:R1-7:R2$$$",-7.27954809
"PEPTIDE1{X2432.X975.Me_3-Pal.G.Y.X1811.Y}$PEPTIDE1,PEPTIDE1,1:R1-7:R2$$$",-7.88010000
"PEPTIDE1{P.Mono66.X490.G.X2432.L.P}$PEPTIDE1,PEPTIDE1,1:R1-7:R2$$$",-6.59113936
"PEPTIDE1{G.X46.P.Q.Q.Q.P}$PEPTIDE1,PEPTIDE1,1:R1-7:R2$$$",-7.09821254
"PEPTIDE1{Q.X1918.Q.X2669.X956.X2327.lalloHyp}$PEPTIDE1,PEPTIDE1,1:R1-7:R2$$$",-7.01981428
"PEPTIDE1{Y.G.X490.L.X2258.P.P}$PEPTIDE1,PEPTIDE1,1:R1-7:R2$$$",-6.43231458
"PEPTIDE1{Q.L.Y.X786.d(N->O)Gly(allyl).X1004.X1004}$PEPTIDE1,PEPTIDE1,1:R1-7:R2$$$",-8.11342389
"PEPTIDE1{X956.X2432.F.X375.X179.dS.X591}$PEPTIDE1,PEPTIDE1,1:R1-7:R2$$$",-6.92146522
"PEPTIDE1{X1788.P.Q.F.X5.X2403.G}$PEPTIDE1,PEPTIDE1,1:R1-7:R2$$$",-7.86002723
"PEPTIDE1{R.F.X1004.Mono27.Q.Q.G}$PEPTIDE1,PEPTIDE1,1:R1-7:R2$$$",-6.92428680
"PEPTIDE1{G.Y.G.X1004.Q.P.X490}$PEPTIDE1,PEPTIDE1,1:R1-7:R2$$$",-6.40719622
"PEPTIDE1{F.X1895.X11.P.R.X956.P}$PEPTIDE1,PEPTIDE1,1:R1-7:R2$$$",-7.93263081
"PEPTIDE1{X569.X1895.P.L.X2669.P.A}$PEPTIDE1,PEPTIDE1,1:R1-7:R2$$$",-7.62974871
"PEPTIDE1{L.Y.X863.P.X233.A.(N->O)Val}$PEPTIDE1,PEPTIDE1,1:R1-7:R2$$$",-6.87930286
"PEPTIDE1{L.G.A.Y.X956.X2432.X956}$PEPTIDE1,PEPTIDE1,1:R1-7:R2$$$",-6.66280661
"PEPTIDE1{Hpr.G.G.X946.G.G.X1004}$PEPTIDE1,PEPTIDE1,1:R1-7:R2$$$",-6.82889403
"PEPTIDE1{L.X2432.Y.P.L.X956.X232}$PEPTIDE1,PEPTIDE1,1:R1-7:R2$$$",-6.37903382
"PEPTIDE1{X663.A.G.Y.F.X2432.Y}$PEPTIDE1,PEPTIDE1,1:R1-7:R2$$$",-7.14513445
"PEPTIDE1{X255.X1410.X1720.X7.Y.F.P}$PEPTIDE1,PEPTIDE1,1:R1-7:R2$$$",-6.72208557
"PEPTIDE1{R.Mono16.(N->O)Val.G.L.G.Q}$PEPTIDE1,PEPTIDE1,1:R1-7:R2$$$",-7.11726190
"PEPTIDE1{X2327.P.A.X2432.Q.X1294.Hpr}$PEPTIDE1,PEPTIDE1,1:R1-7:R2$$$",-6.53711444
"PEPTIDE1{X315.X786.X229.X1813.X2403.Q.Q}$PEPTIDE1,PEPTIDE1,1:R1-7:R2$$$",-7.13047720
"PEPTIDE1{Q.Y.dP.G.L.X490.X2745}$PEPTIDE1,PEPTIDE1,1:R1-7:R2$$$",-6.43505178
"PEPTIDE1{X2188.Q.X2328.dR.X3011.homoPhe_4CF3_3Cl.P}$PEPTIDE1,PEPTIDE1,1:R1-7:R2$$$",-7.78977539
"PEPTIDE1{P.R.F.Q.d3-Pal.am_G.dP}$PEPTIDE1,PEPTIDE1,1:R1-7:R2$$$",-6.93920044
"PEPTIDE1{dNal.X1010.G.G.G.A.Cit}$PEPTIDE1,PEPTIDE1,1:R1-7:R2$$$",-7.04802697
"PEPTIDE1{Q.dP.X255.G.G.X2432.G}$PEPTIDE1,PEPTIDE1,1:R1-7:R2$$$",-6.81217048
"PEPTIDE1{Q.X956.X1813.L.G.X378.X591}$PEPTIDE1,PEPTIDE1,1:R1-7:R2$$$",-7.13680467
"PEPTIDE1{dHpr.Mono107.G.Q.X2432.G.X1798}$PEPTIDE1,PEPTIDE1,1:R1-7:R2$$$",-6.52653187
"PEPTIDE1{X2403.X2403.A.G.X1811.X946.P}$PEPTIDE1,PEPTIDE1,1:R1-7:R2$$$",-7.49069264
"PEPTIDE1{X3004.X1829.G.Q.G.X2432.Y}$PEPTIDE1,PEPTIDE1,1:R1-7:R2$$$",-6.74437441
"PEPTIDE1{Y.G.X2432.R.P.X490.Aze}$PEPTIDE1,PEPTIDE1,1:R1-7:R2$$$",-6.52258967
"PEPTIDE1{Q.L.R.X2710.X2793.Mono19.X1895}$PEPTIDE1,PEPTIDE1,1:R1-7:R2$$$",-7.71888087
"PEPTIDE1{Y.P.P.Mono50.Bal.dHpr.X3004}$PEPTIDE1,PEPTIDE1,1:R1-7:R2$$$",-6.80522252
"PEPTIDE1{L.X1918.G.X2432.P.X2285.Y}$PEPTIDE1,PEPTIDE1,1:R1-7:R2$$$",-6.97072133
"PEPTIDE1{X1664.X1457.Q.L.G.Cha.X956}$PEPTIDE1,PEPTIDE1,1:R1-7:R2$$$",-6.45016818
"PEPTIDE1{P.G.X1004.X233.R.X2516.P}$PEPTIDE1,PEPTIDE1,1:R1-7:R2$$$",-6.82289301
"PEPTIDE1{X2403.Trp(7-Br).Aze.X2791.Y.X786.Y}$PEPTIDE1,PEPTIDE1,1:R1-7:R2$$$",-7.41581595
"PEPTIDE1{F.dP.X2432.G.P.X683.Y}$PEPTIDE1,PEPTIDE1,1:R1-7:R2$$$",-7.38586530
"PEPTIDE1{Q.Q.X946.X1956.X2577.X2403.Y}$PEPTIDE1,PEPTIDE1,1:R1-7:R2$$$",-6.57127298
"PEPTIDE1{X2747.X1811.lalloHyp.Y.X299.dP.Y}$PEPTIDE1,PEPTIDE1,1:R1-7:R2$$$",-6.39725665
"PEPTIDE1{Y.G.G.F.X391.Y.Q}$PEPTIDE1,PEPTIDE1,1:R1-7:R2$$$",-7.44885054
"PEPTIDE1{L.dP.G.Y.Y.G.Q}$PEPTIDE1,PEPTIDE1,1:R1-7:R2$$$",-6.98447549
"PEPTIDE1{R.G.dH.P.W.Q.A}$PEPTIDE1,PEPTIDE1,1:R1-7:R2$$$",-7.75287099
"PEPTIDE1{X2432.Q.G.X725.X2669.Q.X956}$PEPTIDE1,PEPTIDE1,1:R1-7:R2$$$",-7.55286129
"PEPTIDE1{X2328.dP.X490.Phe(CHF2).G.dHpr.G}$PEPTIDE1,PEPTIDE1,1:R1-7:R2$$$",-6.59546455
"PEPTIDE1{F.Q.Mono7.X2465.X786.X1811.P}$PEPTIDE1,PEPTIDE1,1:R1-7:R2$$$",-6.96157270
"PEPTIDE1{F.Y.Bal.R.X2432.Q.dS}$PEPTIDE1,PEPTIDE1,1:R1-7:R2$$$",-7.06340704
"PEPTIDE1{G.R.X490.am_G.Q.Y.X640}$PEPTIDE1,PEPTIDE1,1:R1-7:R2$$$",-7.09851905
"PEPTIDE1{Y.X2671.R.Y.Y.X2793.G}$PEPTIDE1,PEPTIDE1,1:R1-7:R2$$$",-7.17698575
"PEPTIDE1{X2747.G.G.X1895.X1811.X490.X786}$PEPTIDE1,PEPTIDE1,1:R1-7:R2$$$",-8.16514598
"PEPTIDE1{F.F.Q.X7.X2328.G.Y}$PEPTIDE1,PEPTIDE1,1:R1-7:R2$$$",-7.64027152
"PEPTIDE1{F.P.X2339.L.X956.X1811.X878}$PEPTIDE1,PEPTIDE1,1:R1-7:R2$$$",-6.34807776
"PEPTIDE1{G.G.G.X1457.F.X1432.Q}$PEPTIDE1,PEPTIDE1,1:R1-7:R2$$$",-6.86561330
"PEPTIDE1{X946.Y.F.Y.A.P.P}$PEPTIDE1,PEPTIDE1,1:R1-7:R2$$$",-6.47112295
"PEPTIDE1{Q.X233.G.P.Y.G.X956}$PEPTIDE1,PEPTIDE1,1:R1-7:R2$$$",-6.89388792
"PEPTIDE1{R.Trp(7-Br).X2432.Q.G.F.X2327}$PEPTIDE1,PEPTIDE1,1:R1-7:R2$$$",-7.29551460
"PEPTIDE1{X3004.X757.F.G.X1664.X1813.X786}$PEPTIDE1,PEPTIDE1,1:R1-7:R2$$$",-7.44391226
"PEPTIDE1{X1664.X1813.X2461.dP.X2432.P.P}$PEPTIDE1,PEPTIDE1,1:R1-7:R2$$$",-6.58628220
"PEPTIDE1{L.G.X375.Mono107.X1956.dP.X946}$PEPTIDE1,PEPTIDE1,1:R1-7:R2$$$",-6.71072558
"PEPTIDE1{Q.X1918.L.X785.A.X1004.X232}$PEPTIDE1,PEPTIDE1,1:R1-7:R2$$$",-6.93529673
"PEPTIDE1{X232.X7.X956.G.X2432.X2328.Mono107}$PEPTIDE1,PEPTIDE1,1:R1-7:R2$$$",-7.30428081
"PEPTIDE1{L.G.dP.L.X1813.Mono16.Q}$PEPTIDE1,PEPTIDE1,1:R1-7:R2$$$",-7.04036660
"PEPTIDE1{Q.X786.Q.R.X1004.G.Q}$PEPTIDE1,PEPTIDE1,1:R1-7:R2$$$",-7.50187231
"PEPTIDE1{P.F.X2432.G.G.P.Mono51}$PEPTIDE1,PEPTIDE1,1:R1-7:R2$$$",-6.38751502
"PEPTIDE1{P.X1004.Aze.X46.X956.X683.X1829}$PEPTIDE1,PEPTIDE1,1:R1-7:R2$$$",-6.52360297
"PEPTIDE1{R.Y.R.G.G.G.Q}$PEPTIDE1,PEPTIDE1,1:R1-7:R2$$$",-7.30129365
"PEPTIDE1{G.G.Y.Y.P.R.G}$PEPTIDE1,PEPTIDE1,1:R1-7:R2$$$",-6.96046204
"PEPTIDE1{Mono50.dHpr.Y.F.X2461.Y.Y}$PEPTIDE1,PEPTIDE1,1:R1-7:R2$$$",-6.58985575
"PEPTIDE1{P.R.X2432.X1038.(N->O)Val.dP.Y}$PEPTIDE1,PEPTIDE1,1:R1-7:R2$$$",-6.95291158
"PEPTIDE1{X2432.P.G.P.A.Aze.dHpr}$PEPTIDE1,PEPTIDE1,1:R1-7:R2$$$",-6.52618816
"PEPTIDE1{X1004.F.A.G.lalloHyp.L.X2432}$PEPTIDE1,PEPTIDE1,1:R1-7:R2$$$",-6.88667366
"PEPTIDE1{X956.P.X305.Q.Q.Y.X1913}$PEPTIDE1,PEPTIDE1,1:R1-7:R2$$$",-6.96355739
"PEPTIDE1{F.X126.Q.Q.G.L.Y}$PEPTIDE1,PEPTIDE1,1:R1-7:R2$$$",-6.83339485
"PEPTIDE1{Q.Q.R.G.X786.G.P}$PEPTIDE1,PEPTIDE1,1:R1-7:R2$$$",-7.55567157
"PEPTIDE1{X975.P.L.G.X956.G.X261}$PEPTIDE1,PEPTIDE1,1:R1-7:R2$$$",-7.00084625
"PEPTIDE1{F.G.P.X956.Y.Q.G}$PEPTIDE1,PEPTIDE1,1:R1-7:R2$$$",-6.95596140
"PEPTIDE1{Q.Hph(2-Cl).X786.X981.X255.F.X981}$PEPTIDE1,PEPTIDE1,1:R1-7:R2$$$",-6.81363995
"PEPTIDE1{Y.X1038.Y.Y.G.Y.G}$PEPTIDE1,PEPTIDE1,1:R1-7:R2$$$",-7.36770067
"PEPTIDE1{L.X1004.dHpr.L.X3004.F.Q}$PEPTIDE1,PEPTIDE1,1:R1-7:R2$$$",-6.35884035
"PEPTIDE1{R.X1811.Q.X490.Q.X1004.X425}$PEPTIDE1,PEPTIDE1,1:R1-7:R2$$$",-8.25720397
"PEPTIDE1{X2432.X1540.R.X11.Cha.dHpr.Y}$PEPTIDE1,PEPTIDE1,1:R1-7:R2$$$",-6.23108382
"PEPTIDE1{X1918.Y.Q.X2719.F.P.G}$PEPTIDE1,PEPTIDE1,1:R1-7:R2$$$",-7.32926948
"PEPTIDE1{X2432.Aze.G.Y.G.P.X798}$PEPTIDE1,PEPTIDE1,1:R1-7:R2$$$",-6.94839606
"PEPTIDE1{G.G.X683.Q.X1393.P.A}$PEPTIDE1,PEPTIDE1,1:R1-7:R2$$$",-7.36399983
"PEPTIDE1{Q.X7.X126.meW.meL.X2432.P}$PEPTIDE1,PEPTIDE1,1:R1-7:R2$$$",-7.58630143
"PEPTIDE1{meA.meL.meF.T.meF.meF.Mono34}$PEPTIDE1,PEPTIDE1,1:R1-7:R2$$$",-5.01067980
"PEPTIDE1{meA.Me_dA.meV.V.P.Me_dA.meL}$PEPTIDE1,PEPTIDE1,1:R1-7:R2$$$",-5.50212665
"PEPTIDE1{meA.meL.V.V.meL.meA.Me_dA}$PEPTIDE1,PEPTIDE1,1:R1-7:R2$$$",-5.21570769
"PEPTIDE1{meA.Me_dAbu.meA.meA.Me_dA.Mono34.Mono34}$PEPTIDE1,PEPTIDE1,1:R1-7:R2$$$",-5.76736513
"PEPTIDE1{meA.meL.meF.meF.meF.meF.meA}$PEPTIDE1,PEPTIDE1,1:R1-7:R2$$$",-5.81241878
"PEPTIDE1{Me_dA.Pr_Gly.meL.meL.meL.meL.meL}$PEPTIDE1,PEPTIDE1,1:R1-7:R2$$$",-5.19279747
"PEPTIDE1{meA.Me_dL.meL.meL.V.L.P}$PEPTIDE1,PEPTIDE1,1:R1-7:R2$$$",-5.03779867
"PEPTIDE1{meA.meF.meL.P.T.P.meA}$PEPTIDE1,PEPTIDE1,1:R1-7:R2$$$",-5.70784034
"PEPTIDE1{meA.meL.V.meL.meL.meA.meA}$PEPTIDE1,PEPTIDE1,1:R1-7:R2$$$",-5.09380700
"PEPTIDE1{Me_dA.Pr_Gly.T.meL.meL.meL.meL}$PEPTIDE1,PEPTIDE1,1:R1-7:R2$$$",-4.98995534
"PEPTIDE1{meA.meL.meF.meF.P.Me_dAbu.T}$PEPTIDE1,PEPTIDE1,1:R1-7:R2$$$",-4.99947918
"PEPTIDE1{meA.Me_dA.meL.meA.meA.dL.meF}$PEPTIDE1,PEPTIDE1,1:R1-7:R2$$$",-5.27439611
"PEPTIDE1{meA.meA.Mono6.meA.meL.Sar.Me_dA}$PEPTIDE1,PEPTIDE1,1:R1-7:R2$$$",-5.95958818
"PEPTIDE1{meA.Me_dA.meL.meL.Mono34.Sar.meA}$PEPTIDE1,PEPTIDE1,1:R1-7:R2$$$",-5.66677570
"PEPTIDE1{meA.Me_dAbu.V.Me_dA.V.meV.meL}$PEPTIDE1,PEPTIDE1,1:R1-7:R2$$$",-5.15999882
"PEPTIDE1{meA.Me_dA.meA.meL.Me_dA.meA.meA}$PEPTIDE1,PEPTIDE1,1:R1-7:R2$$$",-5.83242385
"PEPTIDE1{Me_dA.Pr_Gly.P.meL.meA.Me_dA.meL}$PEPTIDE1,PEPTIDE1,1:R1-7:R2$$$",-5.14252720
"PEPTIDE1{meA.meL.V.meA.meA.meL.meV}$PEPTIDE1,PEPTIDE1,1:R1-7:R2$$$",-5.12974921
"PEPTIDE1{meA.meL.meF.meF.meF.meF.Mono34}$PEPTIDE1,PEPTIDE1,1:R1-7:R2$$$",-6.02894558
"PEPTIDE1{Me_dA.Pr_Gly.T.T.meL.meL.meL}$PEPTIDE1,PEPTIDE1,1:R1-7:R2$$$",-5.29238502
"PEPTIDE1{Me_dA.Pr_Gly.meL.meL.meL.meL.meL}$PEPTIDE1,PEPTIDE1,1:R1-7:R2$$$",-5.19279747
"PEPTIDE1{meA.meL.Me_Bal.Me_Bal.dV.Mono34.meA}$PEPTIDE1,PEPTIDE1,1:R1-7:R2$$$",-5.83626857
"PEPTIDE1{meA.meL.Me_dA.V.P.meA.Pr_Gly}$PEPTIDE1,PEPTIDE1,1:R1-7:R2$$$",-5.31646350
"PEPTIDE1{meA.F.T.meL.Pr_Gly.meA.meL}$PEPTIDE1,PEPTIDE1,1:R1-7:R2$$$",-5.05059833
"PEPTIDE1{meA.Me_dL.Sar.meA.meL.meA.meA}$PEPTIDE1,PEPTIDE1,1:R1-7:R2$$$",-5.66317604
"PEPTIDE1{meA.meL.V.Sar.meA.meA.Mono34}$PEPTIDE1,PEPTIDE1,1:R1-7:R2$$$",-5.73804933
"PEPTIDE1{meA.meL.meL.meA.Sar.meA.meL}$PEPTIDE1,PEPTIDE1,1:R1-7:R2$$$",-5.32792694
"PEPTIDE1{meA.Me_dL.meL.meL.Mono34.meL.Mono34}$PEPTIDE1,PEPTIDE1,1:R1-7:R2$$$",-5.49498491
"PEPTIDE1{Me_dA.Me_dA.T.L.meL.meL.meL}$PEPTIDE1,PEPTIDE1,1:R1-7:R2$$$",-4.97389541
"PEPTIDE1{meA.meL.Sar.Sar.Mono34.Mono34.Mono34}$PEPTIDE1,PEPTIDE1,1:R1-7:R2$$$",-5.69935803
"PEPTIDE1{meA.Me_dA.dV.P.Pr_Gly.meL.meL}$PEPTIDE1,PEPTIDE1,1:R1-7:R2$$$",-5.01380575
"PEPTIDE1{meA.meL.dL.dL.L.Sar.Mono34}$PEPTIDE1,PEPTIDE1,1:R1-7:R2$$$",-5.54046048
"PEPTIDE1{meA.meA.meF.Sar.meF.Mono34.Mono34}$PEPTIDE1,PEPTIDE1,1:R1-7:R2$$$",-5.54842541
"PEPTIDE1{meA.meA.Mono6.Mono6.Sar.dA.Mono34}$PEPTIDE1,PEPTIDE1,1:R1-7:R2$$$",-6.21369667
"PEPTIDE1{Me_dA.Pr_Gly.Pr_Gly.T.meL.meL.meL}$PEPTIDE1,PEPTIDE1,1:R1-7:R2$$$",-5.06479278
"PEPTIDE1{meA.Me_dA.meL.meL.dL.P.Sar}$PEPTIDE1,PEPTIDE1,1:R1-7:R2$$$",-5.24243588
"PEPTIDE1{Me_dA.T.meL.meL.meL.meL.meL}$PEPTIDE1,PEPTIDE1,1:R1-7:R2$$$",-5.09229229
"PEPTIDE1{Me_dA.Pr_Gly.Pr_Gly.meL.T.meL.meL}$PEPTIDE1,PEPTIDE1,1:R1-7:R2$$$",-5.10582381
"PEPTIDE1{Me_dA.Pr_Gly.Pr_Gly.T.P.Me_dA.meL}$PEPTIDE1,PEPTIDE1,1:R1-7:R2$$$",-5.66412047
"PEPTIDE1{Me_dA.Pr_Gly.Pr_Gly.meL.P.meL.meL}$PEPTIDE1,PEPTIDE1,1:R1-7:R2$$$",-5.20788797
"PEPTIDE1{meA.meL.meL.Sar.meL.meF.Mono34}$PEPTIDE1,PEPTIDE1,1:R1-7:R2$$$",-5.28256815
"PEPTIDE1{meA.meL.meL.meF.meL.meA.dP}$PEPTIDE1,PEPTIDE1,1:R1-7:R2$$$",-5.27805006
"PEPTIDE1{meA.meL.Me_Bal.Sar.Sar.Mono34.meL}$PEPTIDE1,PEPTIDE1,1:R1-7:R2$$$",-5.90354081
"PEPTIDE1{meA.Me_dL.L.Sar.T.meA.meA}$PEPTIDE1,PEPTIDE1,1:R1-7:R2$$$",-5.47194801
"PEPTIDE1{Me_dA.Pr_Gly.meL.meL.Me_dL.dL.Me_dL}$PEPTIDE1,PEPTIDE1,1:R1-7:R2$$$",-5.11407442
"PEPTIDE1{meA.meF.meL.Sar.Mono34.Sar.Mono34}$PEPTIDE1,PEPTIDE1,1:R1-7:R2$$$",-5.39285954
"PEPTIDE1{Me_dA.T.meL.meL.T.meL.dF}$PEPTIDE1,PEPTIDE1,1:R1-7:R2$$$",-5.05000594
"PEPTIDE1{meA.meF.meV.meV.meA.meA.meA}$PEPTIDE1,PEPTIDE1,1:R1-7:R2$$$",-5.60831627
"PEPTIDE1{Me_dA.Pr_Gly.P.meL.Sar.Sar.meL}$PEPTIDE1,PEPTIDE1,1:R1-7:R2$$$",-5.41377771
"PEPTIDE1{meA.Me_dA.meV.meL.P.meA.meA}$PEPTIDE1,PEPTIDE1,1:R1-7:R2$$$",-5.52762665
"PEPTIDE1{meA.Me_dL.meL.meL.meL.Sar.Mono34}$PEPTIDE1,PEPTIDE1,1:R1-7:R2$$$",-5.26886926
"PEPTIDE1{Me_dA.Pr_Gly.P.meL.meL.meL.meL}$PEPTIDE1,PEPTIDE1,1:R1-7:R2$$$",-5.23120585
"PEPTIDE1{Me_dA.Pr_Gly.P.meL.meL.Me_dL.meL}$PEPTIDE1,PEPTIDE1,1:R1-7:R2$$$",-5.23120585
"PEPTIDE1{meA.meL.meL.meL.Sar.Mono34.D}$PEPTIDE1,PEPTIDE1,1:R1-7:R2$$$",-5.43935740
"PEPTIDE1{meA.meL.T.meA.T.meA.meL}$PEPTIDE1,PEPTIDE1,1:R1-7:R2$$$",-5.53288182
"PEPTIDE1{meA.meL.V.meA.meA.meA.meA}$PEPTIDE1,PEPTIDE1,1:R1-7:R2$$$",-5.79310614
"PEPTIDE1{meA.Me_dAbu.V.meL.meL.meA.Mono34}$PEPTIDE1,PEPTIDE1,1:R1-7:R2$$$",-5.09575451
"PEPTIDE1{meA.meA.T.T.F.meL.3Pal}$PEPTIDE1,PEPTIDE1,1:R1-7:R2$$$",-5.30050148
"PEPTIDE1{meA.L.meL.dV.F.meV.Mono34}$PEPTIDE1,PEPTIDE1,1:R1-7:R2$$$",-5.39300344
"PEPTIDE1{meA.meA.meA.meL.meL.Mono6.T}$PEPTIDE1,PEPTIDE1,1:R1-7:R2$$$",-5.41725619
"PEPTIDE1{Me_dA.meL.meL.T.Mono6.Sar.dP}$PEPTIDE1,PEPTIDE1,1:R1-7:R2$$$",-5.46644474
"PEPTIDE1{Me_dA.Pr_Gly.Pr_Gly.meL.meL.meL.meL}$PEPTIDE1,PEPTIDE1,1:R1-7:R2$$$",-5.07450605
"PEPTIDE1{meA.meL.meF.P.meF.meF.Mono34}$PEPTIDE1,PEPTIDE1,1:R1-7:R2$$$",-5.58130972
"PEPTIDE1{meA.Me_dAbu.meL.Mono34.meL.meA.Mono34}$PEPTIDE1,PEPTIDE1,1:R1-7:R2$$$",-5.35247799
"PEPTIDE1{Me_dA.Pr_Gly.dL.meL.Me_dL.meL.meL}$PEPTIDE1,PEPTIDE1,1:R1-7:R2$$$",-5.09060403
"PEPTIDE1{Me_dA.Pr_Gly.T.meL.meL.Sar.meL}$PEPTIDE1,PEPTIDE1,1:R1-7:R2$$$",-5.16595445
"PEPTIDE1{meA.meF.meL.Sar.Sar.Mono34.Mono34}$PEPTIDE1,PEPTIDE1,1:R1-7:R2$$$",-5.39192775
"PEPTIDE1{meA.Pr_Gly.meL.P.V.meL.T}$PEPTIDE1,PEPTIDE1,1:R1-7:R2$$$",-5.26010059
"PEPTIDE1{meA.Me_dA.meA.P.dP.meA.meA}$PEPTIDE1,PEPTIDE1,1:R1-7:R2$$$",-6.01791529
"PEPTIDE1{meA.S.dR.P.T.Pr_Gly.L}$PEPTIDE1,PEPTIDE1,1:R1-7:R2$$$",-6.89392407
"PEPTIDE1{meA.Me_dL.L.meA.Sar.meA.meA}$PEPTIDE1,PEPTIDE1,1:R1-7:R2$$$",-5.68483877
"PEPTIDE1{meA.meL.V.V.meA.V.V}$PEPTIDE1,PEPTIDE1,1:R1-7:R2$$$",-5.64515049
"PEPTIDE1{Me_dA.Pr_Gly.meL.meL.meL.Me_dA.Me_dA}$PEPTIDE1,PEPTIDE1,1:R1-7:R2$$$",-5.04738185
"PEPTIDE1{Me_dA.meL.T.G.P.meL.meL}$PEPTIDE1,PEPTIDE1,1:R1-7:R2$$$",-5.34826855
"PEPTIDE1{meA.meL.F.meL.meA.T.meA}$PEPTIDE1,PEPTIDE1,1:R1-7:R2$$$",-5.16662705
"PEPTIDE1{Me_dA.Pr_Gly.P.meV.meL.meL.meL}$PEPTIDE1,PEPTIDE1,1:R1-7:R2$$$",-5.04022712
"PEPTIDE1{Me_dA.Pr_Gly.meL.meL.Me_dL.meL.meL}$PEPTIDE1,PEPTIDE1,1:R1-7:R2$$$",-5.19279747
"PEPTIDE1{Me_dA.dV.meL.P.P.Mono6.meL}$PEPTIDE1,PEPTIDE1,1:R1-7:R2$$$",-5.45404399
"PEPTIDE1{meA.Me_dL.meL.Sar.Mono78.Mono34.Mono34}$PEPTIDE1,PEPTIDE1,1:R1-7:R2$$$",-5.55562196
"PEPTIDE1{Me_dA.Pr_Gly.Pr_Gly.T.meL.meL.meL}$PEPTIDE1,PEPTIDE1,1:R1-7:R2$$$",-5.06479278
"PEPTIDE1{meA.meA.T.Asp_piperidide.meL.P.Mono34}$PEPTIDE1,PEPTIDE1,1:R1-7:R2$$$",-5.88138915
"PEPTIDE1{Me_dA.Pr_Gly.meL.meL.Me_dA.meL.meL}$PEPTIDE1,PEPTIDE1,1:R1-7:R2$$$",-5.08762068
"PEPTIDE1{meA.meF.meA.meL.meA.Mono34.meA}$PEPTIDE1,PEPTIDE1,1:R1-7:R2$$$",-5.32743656
"PEPTIDE1{meA.meS.Mono6.meL.Me_Bal.Me_Bal.Mono6}$PEPTIDE1,PEPTIDE1,1:R1-7:R2$$$",-6.12344333
"PEPTIDE1{Me_dA.F.Me_dL.P.meL.T.meL}$PEPTIDE1,PEPTIDE1,1:R1-7:R2$$$",-5.02591316
"PEPTIDE1{Me_dA.Pr_Gly.meL.meL.meL.meL.meL}$PEPTIDE1,PEPTIDE1,1:R1-7:R2$$$",-5.19279747
"PEPTIDE1{Me_dA.Pr_Gly.meL.T.meL.meL.Me_dL}$PEPTIDE1,PEPTIDE1,1:R1-7:R2$$$",-5.00620841
"PEPTIDE1{meA.meF.meF.P.Mono34.Sar.Me_dA}$PEPTIDE1,PEPTIDE1,1:R1-7:R2$$$",-5.38893583
"PEPTIDE1{Me_dA.Pr_Gly.meL.Me_dL.meL.meL.meL}$PEPTIDE1,PEPTIDE1,1:R1-7:R2$$$",-5.19279747
"PEPTIDE1{Me_dA.Pr_Gly.T.meL.meL.meL.P}$PEPTIDE1,PEPTIDE1,1:R1-7:R2$$$",-5.06313353
"PEPTIDE1{Me_dA.Pr_Gly.Pr_Gly.meL.G.meL.meL}$PEPTIDE1,PEPTIDE1,1:R1-7:R2$$$",-5.20971660
"PEPTIDE1{meA.meF.meF.dL.T.L.Mono34}$PEPTIDE1,PEPTIDE1,1:R1-7:R2$$$",-5.20311737
"PEPTIDE1{meA.Me_dL.meV.T.meL.meL.meA}$PEPTIDE1,PEPTIDE1,1:R1-7:R2$$$",-4.96324342
"PEPTIDE1{Me_dA.Pr_Gly.meL.meL.meL.meL.meL}$PEPTIDE1,PEPTIDE1,1:R1-7:R2$$$",-5.19279747
"PEPTIDE1{Me_dA.meL.meL.meL.Me_dA.meL.Me_dL}$PEPTIDE1,PEPTIDE1,1:R1-7:R2$$$",-5.18194152
"PEPTIDE1{Me_dA.Pr_Gly.T.P.P.P.P}$PEPTIDE1,PEPTIDE1,1:R1-7:R2$$$",-7.27247696
"PEPTIDE1{Me_dA.Pr_Gly.G.meL.meL.meL.meL}$PEPTIDE1,PEPTIDE1,1:R1-7:R2$$$",-5.08295173
"PEPTIDE1{meA.meL.Sar.meL.Mono7.Mono34.Sar}$PEPTIDE1,PEPTIDE1,1:R1-7:R2$$$",-5.72889797
"PEPTIDE1{meA.meL.V.meL.meA.meA.Mono34}$PEPTIDE1,PEPTIDE1,1:R1-7:R2$$$",-5.19305679
"PEPTIDE1{meA.meA.Me_dA.Pr_Gly.L.meA.T}$PEPTIDE1,PEPTIDE1,1:R1-7:R2$$$",-5.60160544
"PEPTIDE1{Me_dA.Pr_Gly.G.P.P.meF.Me_dA}$PEPTIDE1,PEPTIDE1,1:R1-7:R2$$$",-5.94821365
"PEPTIDE1{meA.Me_dL.Me_dA.meL.meA.meA.Mono34}$PEPTIDE1,PEPTIDE1,1:R1-7:R2$$$",-5.43874631
"PEPTIDE1{meA.Me_dL.P.Me_Bal.Sar.Me_Bal.Mono34}$PEPTIDE1,PEPTIDE1,1:R1-7:R2$$$",-5.92247167
"PEPTIDE1{meA.Me_dA.Pr_Gly.L.meL.P.meA}$PEPTIDE1,PEPTIDE1,1:R1-7:R2$$$",-5.13320146
"PEPTIDE1{meA.meL.meL.meL.T.T.meL}$PEPTIDE1,PEPTIDE1,1:R1-7:R2$$$",-5.07126801
"PEPTIDE1{meA.Me_dL.P.meF.Mono34.Sar.dP}$PEPTIDE1,PEPTIDE1,1:R1-7:R2$$$",-5.72046101
"PEPTIDE1{Me_dA.Me_Bal.T.T.G.P.P}$PEPTIDE1,PEPTIDE1,1:R1-7:R2$$$",-6.24998428
"PEPTIDE1{meA.meA.meL.meA.L.Sar.Mono34}$PEPTIDE1,PEPTIDE1,1:R1-7:R2$$$",-5.65709581
"PEPTIDE1{meA.Me_dA.meL.meL.L.meA.meA}$PEPTIDE1,PEPTIDE1,1:R1-7:R2$$$",-5.18621304
"PEPTIDE1{Me_dA.Pr_Gly.meL.meL.meL.meL.meL}$PEPTIDE1,PEPTIDE1,1:R1-7:R2$$$",-5.19279747
"PEPTIDE1{Me_dA.Pr_Gly.meL.meL.meL.meL.meL}$PEPTIDE1,PEPTIDE1,1:R1-7:R2$$$",-5.19279747
"PEPTIDE1{meA.Sar.L.P.Sar.P.P}$PEPTIDE1,PEPTIDE1,1:R1-7:R2$$$",-6.11517523
"PEPTIDE1{Me_dA.Pr_Gly.meL.P.meL.L.meL}$PEPTIDE1,PEPTIDE1,1:R1-7:R2$$$",-5.19498804
"PEPTIDE1{meA.meF.meF.P.P.Sar.Mono34}$PEPTIDE1,PEPTIDE1,1:R1-7:R2$$$",-5.79722709
"PEPTIDE1{Me_dA.Pr_Gly.P.meL.meL.Sar.meL}$PEPTIDE1,PEPTIDE1,1:R1-7:R2$$$",-5.02025300
"PEPTIDE1{meA.meL.V.V.meL.T.meL}$PEPTIDE1,PEPTIDE1,1:R1-7:R2$$$",-5.01511024
"PEPTIDE1{meA.meL.Me_Bal.meA.meL.dL.Mono34}$PEPTIDE1,PEPTIDE1,1:R1-7:R2$$$",-5.45940143
"PEPTIDE1{Me_dA.Pr_Gly.P.meL.meA.meL.Me_dA}$PEPTIDE1,PEPTIDE1,1:R1-7:R2$$$",-5.13512720
"PEPTIDE1{meA.Me_dA.meV.meV.V.Me_dA.P}$PEPTIDE1,PEPTIDE1,1:R1-7:R2$$$",-5.91287680
"PEPTIDE1{Me_dA.Pr_Gly.Pr_Gly.P.meL.meL.L}$PEPTIDE1,PEPTIDE1,1:R1-7:R2$$$",-5.22077278
"PEPTIDE1{dA.L.meL.A.T.meA.meA}$PEPTIDE1,PEPTIDE1,1:R1-7:R2$$$",-5.59348387
"PEPTIDE1{meA.P.T.T.meL.L.Me_dL}$PEPTIDE1,PEPTIDE1,1:R1-7:R2$$$",-5.29650077
"PEPTIDE1{meA.Me_dL.Me_dAbu.P.Mono34.P.Mono34}$PEPTIDE1,PEPTIDE1,1:R1-7:R2$$$",-5.52537080
"PEPTIDE1{meA.Me_dL.P.Mono34.L.Me_dA.meF}$PEPTIDE1,PEPTIDE1,1:R1-7:R2$$$",-5.40247160
"PEPTIDE1{meA.Me_dA.meL.meL.meL.meL.Mono34}$PEPTIDE1,PEPTIDE1,1:R1-7:R2$$$",-5.22454850
"PEPTIDE1{Me_dA.meL.G.meL.Sar.meL.meL}$PEPTIDE1,PEPTIDE1,1:R1-7:R2$$$",-5.40562031
"PEPTIDE1{Me_dA.Pr_Gly.meL.P.P.P.meL}$PEPTIDE1,PEPTIDE1,1:R1-7:R2$$$",-5.40295535
"PEPTIDE1{meA.Me_dAbu.meL.Sar.L.meA.meA}$PEPTIDE1,PEPTIDE1,1:R1-7:R2$$$",-5.50366918
"PEPTIDE1{Me_dA.Pr_Gly.Me_dL.P.G.G.meL}$PEPTIDE1,PEPTIDE1,1:R1-7:R2$$$",-5.68876332
"PEPTIDE1{meA.Me_dA.meL.Me_dA.Me_dA.Mono34.meA}$PEPTIDE1,PEPTIDE1,1:R1-7:R2$$$",-5.78300719
"PEPTIDE1{meA.meL.V.Sar.meA.meA.meA}$PEPTIDE1,PEPTIDE1,1:R1-7:R2$$$",-5.84223689
"PEPTIDE1{Me_dA.Pr_Gly.meL.Me_dL.meL.meL.meL}$PEPTIDE1,PEPTIDE1,1:R1-7:R2$$$",-5.19279747
"PEPTIDE1{meA.Me_dL.P.T.T.L.meA}$PEPTIDE1,PEPTIDE1,1:R1-7:R2$$$",-5.56050920
"PEPTIDE1{meA.meF.meA.F.meA.F.meV}$PEPTIDE1,PEPTIDE1,1:R1-7:R2$$$",-5.46079824
"PEPTIDE1{Me_dA.Pr_Gly.T.Pr_Gly.T.meL.meL}$PEPTIDE1,PEPTIDE1,1:R1-7:R2$$$",-5.46439809
"PEPTIDE1{meA.Me_dL.P.meL.L.meA.Mono34}$PEPTIDE1,PEPTIDE1,1:R1-7:R2$$$",-5.25198855
"PEPTIDE1{Me_dA.Pr_Gly.Pr_Gly.meL.T.meL.F}$PEPTIDE1,PEPTIDE1,1:R1-7:R2$$$",-5.26337421
"PEPTIDE1{meA.Sar.meF.meF.Mono34.Sar.Mono34}$PEPTIDE1,PEPTIDE1,1:R1-7:R2$$$",-5.49000252
"PEPTIDE1{Me_dA.meL.G.P.meL.Sar.meL}$PEPTIDE1,PEPTIDE1,1:R1-7:R2$$$",-5.49410791
"PEPTIDE1{meA.meL.meA.meA.meF.meA.meA}$PEPTIDE1,PEPTIDE1,1:R1-7:R2$$$",-5.61234010
"PEPTIDE1{meA.meF.meL.meA.meA.meA.Mono34}$PEPTIDE1,PEPTIDE1,1:R1-7:R2$$$",-5.30628156
"PEPTIDE1{Me_dA.Pr_Gly.meL.meL.dF.T.L}$PEPTIDE1,PEPTIDE1,1:R1-7:R2$$$",-5.15449498
"PEPTIDE1{Me_dA.Pr_Gly.meL.meL.meL.Me_dA.meL}$PEPTIDE1,PEPTIDE1,1:R1-7:R2$$$",-5.09973259
"PEPTIDE1{Me_dA.Pr_Gly.meL.meL.meL.dF.Me_dL}$PEPTIDE1,PEPTIDE1,1:R1-7:R2$$$",-5.10581304
"PEPTIDE1{Me_dA.Me_dL.meL.T.P.meL.meL}$PEPTIDE1,PEPTIDE1,1:R1-7:R2$$$",-5.04055703
"PEPTIDE1{Me_dA.meA.meL.meA.Pr_Gly.A.meL}$PEPTIDE1,PEPTIDE1,1:R1-7:R2$$$",-5.32795518
"PEPTIDE1{meA.Me_dL.Me_dL.Me_dL.Me_dA.Me_dA.Me_dNva}$PEPTIDE1,PEPTIDE1,1:R1-7:R2$$$",-5.26890936
"PEPTIDE1{Me_dA.Pr_Gly.T.meL.meL.meL.meL}$PEPTIDE1,PEPTIDE1,1:R1-7:R2$$$",-4.98995534
"PEPTIDE1{Me_dA.F.P.meL.Sar.meL.meL}$PEPTIDE1,PEPTIDE1,1:R1-7:R2$$$",-5.31534324
"PEPTIDE1{Me_dA.Pr_Gly.Me_dL.meA.Me_dA.Me_dL.meA}$PEPTIDE1,PEPTIDE1,1:R1-7:R2$$$",-5.25319537
"PEPTIDE1{Me_dA.Pr_Gly.meL.T.meL.meL.meL}$PEPTIDE1,PEPTIDE1,1:R1-7:R2$$$",-5.00620841
"PEPTIDE1{Me_dA.Pr_Gly.P.P.meL.T.meL}$PEPTIDE1,PEPTIDE1,1:R1-7:R2$$$",-5.85708108
"PEPTIDE1{Me_dA.Pr_Gly.meL.P.meL.meL.meL}$PEPTIDE1,PEPTIDE1,1:R1-7:R2$$$",-5.18133991
"PEPTIDE1{meA.Me_dAbu.Me_Bal.meA.L.meA.Mono34}$PEPTIDE1,PEPTIDE1,1:R1-7:R2$$$",-5.87969358
"PEPTIDE1{Me_dA.meF.meA.meA.meL.meA.meL}$PEPTIDE1,PEPTIDE1,1:R1-7:R2$$$",-5.23305542
"PEPTIDE1{meA.Me_dL.P.meA.dP.dP.Me_dA}$PEPTIDE1,PEPTIDE1,1:R1-7:R2$$$",-5.81757978
"PEPTIDE1{Me_dA.Pr_Gly.T.P.P.meL.meL}$PEPTIDE1,PEPTIDE1,1:R1-7:R2$$$",-5.72052055
"PEPTIDE1{Me_dA.Pr_Gly.T.T.T.meL.meL}$PEPTIDE1,PEPTIDE1,1:R1-7:R2$$$",-5.78320265
"PEPTIDE1{meA.F.T.T.Sar.meV.meV}$PEPTIDE1,PEPTIDE1,1:R1-7:R2$$$",-5.57730191
"PEPTIDE1{Me_dA.T.meL.meL.meL.meL.meA}$PEPTIDE1,PEPTIDE1,1:R1-7:R2$$$",-5.02379390
"PEPTIDE1{meA.Me_dA.T.Me_dA.meV.meA.meA}$PEPTIDE1,PEPTIDE1,1:R1-7:R2$$$",-5.96555105
"PEPTIDE1{Me_dA.Pr_Gly.G.Sar.P.meL.meL}$PEPTIDE1,PEPTIDE1,1:R1-7:R2$$$",-5.49320368
"PEPTIDE1{Me_dA.Pr_Gly.T.P.meL.P.meL}$PEPTIDE1,PEPTIDE1,1:R1-7:R2$$$",-5.75723239
"PEPTIDE1{meA.meL.meA.meF.meL.Mono34.Mono34}$PEPTIDE1,PEPTIDE1,1:R1-7:R2$$$",-5.25300201
"PEPTIDE1{Me_dA.Pr_Gly.P.meL.meL.meL.meL}$PEPTIDE1,PEPTIDE1,1:R1-7:R2$$$",-5.23120585
"PEPTIDE1{Me_dA.Pr_Gly.G.meL.meL.Mono7.meL}$PEPTIDE1,PEPTIDE1,1:R1-7:R2$$$",-4.98281919
"PEPTIDE1{Me_dA.meL.meL.G.meL.meL.meL}$PEPTIDE1,PEPTIDE1,1:R1-7:R2$$$",-5.21904373
"PEPTIDE1{Me_dA.Pr_Gly.meL.meL.meL.meL.dL}$PEPTIDE1,PEPTIDE1,1:R1-7:R2$$$",-5.05955590
"PEPTIDE1{meA.Me_dA.V.meL.meV.Me_dA.Mono34}$PEPTIDE1,PEPTIDE1,1:R1-7:R2$$$",-5.21715013
"PEPTIDE1{meA.meL.meF.L.meA.meL.L}$PEPTIDE1,PEPTIDE1,1:R1-7:R2$$$",-5.15377067
"PEPTIDE1{meA.meL.meL.meA.V.L.meA}$PEPTIDE1,PEPTIDE1,1:R1-7:R2$$$",-5.11294846
"PEPTIDE1{meA.meL.Me_Bal.dV.meA.dL.Mono34}$PEPTIDE1,PEPTIDE1,1:R1-7:R2$$$",-5.48122595
"PEPTIDE1{Me_dA.Pr_Gly.Pr_Gly.meL.T.T.meL}$PEPTIDE1,PEPTIDE1,1:R1-7:R2$$$",-5.50319187
"PEPTIDE1{meA.meL.T.meL.meL.meA.meL}$PEPTIDE1,PEPTIDE1,1:R1-7:R2$$$",-4.97336056
"PEPTIDE1{Me_dA.Pr_Gly.meL.meL.P.meL.meL}$PEPTIDE1,PEPTIDE1,1:R1-7:R2$$$",-5.18612584
"PEPTIDE1{meA.Pr_Gly.L.meL.meL.meL.Mono34}$PEPTIDE1,PEPTIDE1,1:R1-7:R2$$$",-5.07032063
"PEPTIDE1{Me_dA.Pr_Gly.meL.meL.T.meL.meL}$PEPTIDE1,PEPTIDE1,1:R1-7:R2$$$",-4.98820841
"PEPTIDE1{meA.Me_dA.meL.L.meA.L.Mono34}$PEPTIDE1,PEPTIDE1,1:R1-7:R2$$$",-5.35956061
"PEPTIDE1{meA.Me_dA.Me_Bal.V.I.L.Me_dL}$PEPTIDE1,PEPTIDE1,1:R1-7:R2$$$",-5.35692958
"PEPTIDE1{meA.meL.meL.Sar.Mono6.Sar.Mono6}$PEPTIDE1,PEPTIDE1,1:R1-7:R2$$$",-5.70082997
"PEPTIDE1{meA.Me_dA.meL.meL.meA.meA.meA}$PEPTIDE1,PEPTIDE1,1:R1-7:R2$$$",-5.53339356
"PEPTIDE1{Me_dA.Pr_Gly.T.meL.meL.Sar.meL}$PEPTIDE1,PEPTIDE1,1:R1-7:R2$$$",-5.16595445
"PEPTIDE1{Me_dA.meA.Me_Bal.Me_Bal.Me_Bal.meL.Mono6}$PEPTIDE1,PEPTIDE1,1:R1-7:R2$$$",-6.07458335
"PEPTIDE1{Me_dA.Pr_Gly.meL.T.Me_dA.meL.meL}$PEPTIDE1,PEPTIDE1,1:R1-7:R2$$$",-5.06197381
"PEPTIDE1{meA.Me_dL.meL.Mono34.Mono34.Mono34.Mono34}$PEPTIDE1,PEPTIDE1,1:R1-7:R2$$$",-5.84360194
"PEPTIDE1{meA.Me_dA.meV.meL.meL.meL.T}$PEPTIDE1,PEPTIDE1,1:R1-7:R2$$$",-5.03407168
"PEPTIDE1{Me_dA.Sar.P.Mono34.Sar.Sar.Sar}$PEPTIDE1,PEPTIDE1,1:R1-7:R2$$$",-6.19177390
"PEPTIDE1{Me_dA.Me_Bal.Sar.Me_dA.Sar.Sar.Me_dA}$PEPTIDE1,PEPTIDE1,1:R1-7:R2$$$",-6.29306427
"PEPTIDE1{Me_dA.Pr_Gly.meL.meL.meL.P.Mono34}$PEPTIDE1,PEPTIDE1,1:R1-7:R2$$$",-5.29954609
"PEPTIDE1{Me_dA.Pr_Gly.meL.T.F.meL.meL}$PEPTIDE1,PEPTIDE1,1:R1-7:R2$$$",-4.89658439
"PEPTIDE1{meA.meL.meF.meF.Me_dAbu.P.Mono34}$PEPTIDE1,PEPTIDE1,1:R1-7:R2$$$",-5.27964302
"PEPTIDE1{Me_dA.G.T.T.T.P.meL}$PEPTIDE1,PEPTIDE1,1:R1-7:R2$$$",-5.89396608
"PEPTIDE1{meA.meL.Mono34.Mono6.Mono34.Sar.T}$PEPTIDE1,PEPTIDE1,1:R1-7:R2$$$",-5.70223453
"PEPTIDE1{meA.meL.Sar.P.Sar.V.meA}$PEPTIDE1,PEPTIDE1,1:R1-7:R2$$$",-5.78238558
"PEPTIDE1{meA.meL.meL.meF.meL.meA.meA}$PEPTIDE1,PEPTIDE1,1:R1-7:R2$$$",-5.18004558
"PEPTIDE1{Me_dA.Pr_Gly.meL.meL.meL.meL.meL}$PEPTIDE1,PEPTIDE1,1:R1-7:R2$$$",-5.19279747
"PEPTIDE1{meA.Sar.V.meL.meL.meL.Mono34}$PEPTIDE1,PEPTIDE1,1:R1-7:R2$$$",-5.14664060
"PEPTIDE1{meA.Me_dA.meL.Sar.Mono34.Sar.meA}$PEPTIDE1,PEPTIDE1,1:R1-7:R2$$$",-6.08119413
"PEPTIDE1{Me_dA.Pr_Gly.T.P.meL.T.meL}$PEPTIDE1,PEPTIDE1,1:R1-7:R2$$$",-5.39804079
"PEPTIDE1{Me_dA.meL.meL.G.P.Me_dA.meL}$PEPTIDE1,PEPTIDE1,1:R1-7:R2$$$",-5.32459283
"PEPTIDE1{Me_dA.Pr_Gly.T.P.meL.meL.meL}$PEPTIDE1,PEPTIDE1,1:R1-7:R2$$$",-5.06793040
"PEPTIDE1{Me_dA.Pr_Gly.F.T.P.meL.meL}$PEPTIDE1,PEPTIDE1,1:R1-7:R2$$$",-5.01186080
"PEPTIDE1{Me_dA.Pr_Gly.Pr_Gly.P.T.L.Me_dA}$PEPTIDE1,PEPTIDE1,1:R1-7:R2$$$",-6.03913339
"PEPTIDE1{meA.meL.meL.Sar.Sar.P.Mono34}$PEPTIDE1,PEPTIDE1,1:R1-7:R2$$$",-5.63939812
"PEPTIDE1{meA.Me_dAbu.Me_dL.L.L.Me_dAbu.meL}$PEPTIDE1,PEPTIDE1,1:R1-7:R2$$$",-5.26572779
"PEPTIDE1{meA.meL.meF.meA.dA.meA.meA}$PEPTIDE1,PEPTIDE1,1:R1-7:R2$$$",-5.60073545
"PEPTIDE1{meA.Me_dA.T.Sar.Me_dA.meL.Me_dA}$PEPTIDE1,PEPTIDE1,1:R1-7:R2$$$",-5.85185105
"PEPTIDE1{meA.Me_dA.P.T.L.P.Mono34}$PEPTIDE1,PEPTIDE1,1:R1-7:R2$$$",-6.17703911
"PEPTIDE1{Me_dA.meL.meL.P.meL.meA.meL}$PEPTIDE1,PEPTIDE1,1:R1-7:R2$$$",-5.11711289
"PEPTIDE1{meA.meF.meF.meL.Mono34.Sar.Mono34}$PEPTIDE1,PEPTIDE1,1:R1-7:R2$$$",-5.21907968
"PEPTIDE1{Me_dA.Pr_Gly.T.meL.meL.meL.T}$PEPTIDE1,PEPTIDE1,1:R1-7:R2$$$",-5.23655202
"PEPTIDE1{Me_dA.Pr_Gly.meL.dF.L.meL.T}$PEPTIDE1,PEPTIDE1,1:R1-7:R2$$$",-5.20272467
"PEPTIDE1{meA.meS.Pr_Gly.Pr_Gly.meL.meL.meL}$PEPTIDE1,PEPTIDE1,1:R1-7:R2$$$",-5.22798472
"PEPTIDE1{meA.Me_dL.meL.Sar.Mono34.dL.Mono34}$PEPTIDE1,PEPTIDE1,1:R1-7:R2$$$",-5.44245119
"PEPTIDE1{meA.meF.Mono6.G.meA.meL.dP}$PEPTIDE1,PEPTIDE1,1:R1-7:R2$$$",-5.45221499
"PEPTIDE1{Me_dA.Pr_Gly.T.meL.T.Me_dA.meL}$PEPTIDE1,PEPTIDE1,1:R1-7:R2$$$",-5.48109795
"PEPTIDE1{meA.meL.meF.meL.meL.meA.meA}$PEPTIDE1,PEPTIDE1,1:R1-7:R2$$$",-5.18004558
"PEPTIDE1{meA.meA.meA.meL.G.meL.Mono34}$PEPTIDE1,PEPTIDE1,1:R1-7:R2$$$",-5.69068904
"PEPTIDE1{Me_dA.T.P.P.P.meL.meL}$PEPTIDE1,PEPTIDE1,1:R1-7:R2$$$",-5.87191506
"PEPTIDE1{Me_dA.Pr_Gly.meL.meL.meL.P.meL}$PEPTIDE1,PEPTIDE1,1:R1-7:R2$$$",-5.16020241
"PEPTIDE1{meA.meL.meF.meF.meF.Mono34.Mono34}$PEPTIDE1,PEPTIDE1,1:R1-7:R2$$$",-5.76639282
"PEPTIDE1{Me_dA.Pr_Gly.T.P.Me_dA.meL.meL}$PEPTIDE1,PEPTIDE1,1:R1-7:R2$$$",-5.28538116
"PEPTIDE1{meA.meL.meL.meA.Sar.dL.meF}$PEPTIDE1,PEPTIDE1,1:R1-7:R2$$$",-5.21300009
"PEPTIDE1{meA.Sar.meA.T.Pr_Gly.meL.meL}$PEPTIDE1,PEPTIDE1,1:R1-7:R2$$$",-5.49259391
"PEPTIDE1{meA.Me_dL.Mono6.Mono6.Sar.Mono34.Mono34}$PEPTIDE1,PEPTIDE1,1:R1-7:R2$$$",-5.71778698
"PEPTIDE1{meA.meA.Mono6.meA.L.Mono6.T}$PEPTIDE1,PEPTIDE1,1:R1-7:R2$$$",-5.63752172
"PEPTIDE1{Me_dA.meL.meL.meL.meL.meL.Me_dA}$PEPTIDE1,PEPTIDE1,1:R1-7:R2$$$",-5.20396643
"PEPTIDE1{meA.Me_dL.Me_dAbu.Me_dAbu.meF.Mono34.T}$PEPTIDE1,PEPTIDE1,1:R1-7:R2$$$",-5.15540185
"PEPTIDE1{meA.Me_dAbu.meL.dP.dP.Mono34.Mono34}$PEPTIDE1,PEPTIDE1,1:R1-7:R2$$$",-5.53603232
"PEPTIDE1{meA.meS.meL.meL.Asp_piperidide.meL.Mono34}$PEPTIDE1,PEPTIDE1,1:R1-7:R2$$$",-5.09335082
"PEPTIDE1{meA.Me_dL.Me_dA.meL.meL.meA.meA}$PEPTIDE1,PEPTIDE1,1:R1-7:R2$$$",-5.31029451
"PEPTIDE1{Me_dA.Me_dA.T.Me_dL.meL.Aib.Pr_Gly}$PEPTIDE1,PEPTIDE1,1:R1-7:R2$$$",-5.20935520
"PEPTIDE1{Me_dA.Pr_Gly.Pr_Gly.Pr_Gly.meL.meL.T}$PEPTIDE1,PEPTIDE1,1:R1-7:R2$$$",-5.27941846
"PEPTIDE1{Me_dA.Pr_Gly.meL.T.meL.G.meL}$PEPTIDE1,PEPTIDE1,1:R1-7:R2$$$",-5.30044263
"PEPTIDE1{Me_dA.Me_Nle.L.P.Me_dL.Me_dA.meV}$PEPTIDE1,PEPTIDE1,1:R1-7:R2$$$",-5.18724034
"PEPTIDE1{meA.meA.meL.P.Mono34.meA.Mono34}$PEPTIDE1,PEPTIDE1,1:R1-7:R2$$$",-5.45634168
"PEPTIDE1{Me_dA.meA.Me_Bal.Pr_Gly.meL.meF.Mono34}$PEPTIDE1,PEPTIDE1,1:R1-7:R2$$$",-5.26017219
"PEPTIDE1{Me_dA.Me_dA.Pr_Gly.T.T.meL.T}$PEPTIDE1,PEPTIDE1,1:R1-7:R2$$$",-5.55092750
"PEPTIDE1{meA.meL.meL.P.meF.meL.Mono34}$PEPTIDE1,PEPTIDE1,1:R1-7:R2$$$",-5.35069702
"PEPTIDE1{meA.meA.Me_dA.Pr_Gly.Pr_Gly.P.meA}$PEPTIDE1,PEPTIDE1,1:R1-7:R2$$$",-5.80000071
"PEPTIDE1{Me_dA.Pr_Gly.meL.meL.meL.meL.Me_dA}$PEPTIDE1,PEPTIDE1,1:R1-7:R2$$$",-5.11323111
"PEPTIDE1{meA.meL.Sar.meF.meA.Sar.Mono34}$PEPTIDE1,PEPTIDE1,1:R1-7:R2$$$",-5.68809878
"PEPTIDE1{Me_dA.Pr_Gly.P.P.P.meL.meA}$PEPTIDE1,PEPTIDE1,1:R1-7:R2$$$",-5.69258898
"PEPTIDE1{meA.P.P.T.dP.Mono12.Mono34}$PEPTIDE1,PEPTIDE1,1:R1-7:R2$$$",-6.93481637
"PEPTIDE1{Me_dA.T.Pr_Gly.meL.dF.meL.dL}$PEPTIDE1,PEPTIDE1,1:R1-7:R2$$$",-5.23246011
"PEPTIDE1{Me_dA.Pr_Gly.T.P.P.meF.meL}$PEPTIDE1,PEPTIDE1,1:R1-7:R2$$$",-5.69089492
"PEPTIDE1{meA.Me_dA.dV.meL.meL.meL.meL}$PEPTIDE1,PEPTIDE1,1:R1-7:R2$$$",-5.18704733
"PEPTIDE1{meA.Me_dAbu.Sar.Sar.Mono34.Sar.Mono34}$PEPTIDE1,PEPTIDE1,1:R1-7:R2$$$",-6.23017336
"PEPTIDE1{meA.Me_dA.Me_dA.P.Mono6.Mono6.T}$PEPTIDE1,PEPTIDE1,1:R1-7:R2$$$",-5.69690167
"PEPTIDE1{meA.meF.meL.meL.meF.T.meA}$PEPTIDE1,PEPTIDE1,1:R1-7:R2$$$",-4.76164747
"PEPTIDE1{meA.P.V.Sar.Sar.Sar.meL}$PEPTIDE1,PEPTIDE1,1:R1-7:R2$$$",-5.77777945
"PEPTIDE1{meA.Me_dA.T.meL.meV.meA.Me_dA}$PEPTIDE1,PEPTIDE1,1:R1-7:R2$$$",-5.75151947
"PEPTIDE1{meA.P.meA.meL.meA.meA.meA}$PEPTIDE1,PEPTIDE1,1:R1-7:R2$$$",-5.70194648
"PEPTIDE1{meA.Me_dA.meL.Sar.meA.Mono34.Mono34}$PEPTIDE1,PEPTIDE1,1:R1-7:R2$$$",-5.82978229
"PEPTIDE1{meA.meL.meA.V.meL.Sar.meL}$PEPTIDE1,PEPTIDE1,1:R1-7:R2$$$",-5.26463419
"PEPTIDE1{Me_dA.Pr_Gly.meL.P.meL.L.meL}$PEPTIDE1,PEPTIDE1,1:R1-7:R2$$$",-5.19498804
"PEPTIDE1{Me_dA.Pr_Gly.meL.meL.dF.meL.T}$PEPTIDE1,PEPTIDE1,1:R1-7:R2$$$",-5.05513946
"PEPTIDE1{Me_dA.Pr_Gly.Pr_Gly.T.P.P.meL}$PEPTIDE1,PEPTIDE1,1:R1-7:R2$$$",-6.17280827
"PEPTIDE1{meA.Me_dA.dV.G.meL.T.meL}$PEPTIDE1,PEPTIDE1,1:R1-7:R2$$$",-5.51421239
"PEPTIDE1{meA.meS.meL.meL.meL.T.meL}$PEPTIDE1,PEPTIDE1,1:R1-7:R2$$$",-5.15180325
"PEPTIDE1{meA.Me_dA.dV.T.L.L.meL}$PEPTIDE1,PEPTIDE1,1:R1-7:R2$$$",-5.48452402
"PEPTIDE1{meA.Me_dL.Me_dL.Me_dAbu.meL.Sar.Mono34}$PEPTIDE1,PEPTIDE1,1:R1-7:R2$$$",-5.23319096
"PEPTIDE1{meA.meA.Mono78.T.meL.meL.meL}$PEPTIDE1,PEPTIDE1,1:R1-7:R2$$$",-5.05494557
"PEPTIDE1{meA.meA.meL.Sar.meL.meF.meA}$PEPTIDE1,PEPTIDE1,1:R1-7:R2$$$",-5.39455504
"PEPTIDE1{meA.Me_dA.T.meL.Sar.meV.meV}$PEPTIDE1,PEPTIDE1,1:R1-7:R2$$$",-5.46216923
"PEPTIDE1{Me_dA.Pr_Gly.P.Me_dA.T.meL.Me_dA}$PEPTIDE1,PEPTIDE1,1:R1-7:R2$$$",-5.57093795
"PEPTIDE1{meA.Me_dA.meA.meA.Mono34.meL.meL}$PEPTIDE1,PEPTIDE1,1:R1-7:R2$$$",-5.40453685
"PEPTIDE1{meA.meL.meF.meF.Mono34.L.Mono34}$PEPTIDE1,PEPTIDE1,1:R1-7:R2$$$",-5.41364964
"PEPTIDE1{meA.meL.meL.Mono6.Mono34.meL.meL}$PEPTIDE1,PEPTIDE1,1:R1-7:R2$$$",-5.39286555
"PEPTIDE1{meA.meL.V.meL.dV.meA.Me_dA}$PEPTIDE1,PEPTIDE1,1:R1-7:R2$$$",-5.16410694
"PEPTIDE1{Me_dA.meL.T.T.meL.Me_dL.meL}$PEPTIDE1,PEPTIDE1,1:R1-7:R2$$$",-5.08896801
"PEPTIDE1{meA.meA.meA.Me_Bal.Mono6.meF.T}$PEPTIDE1,PEPTIDE1,1:R1-7:R2$$$",-5.55364640
"PEPTIDE1{Me_dA.meL.meL.meL.meL.meL.T}$PEPTIDE1,PEPTIDE1,1:R1-7:R2$$$",-5.02102266
"PEPTIDE1{Me_dA.meL.meL.G.P.meL.P}$PEPTIDE1,PEPTIDE1,1:R1-7:R2$$$",-5.34531508
"PEPTIDE1{meA.meF.meF.meL.Me_dA.meV.meV}$PEPTIDE1,PEPTIDE1,1:R1-7:R2$$$",-5.19359816
"PEPTIDE1{meA.Me_dA.meA.meL.meA.meA.Mono34}$PEPTIDE1,PEPTIDE1,1:R1-7:R2$$$",-5.78300719
