helm,permeability
"PEPTIDE1{X1004.X1457.Q.G.X2258.X2432.G}$PEPTIDE1,PEPTIDE1,1:R1-7:R2$$$",-6.61077233
"PEPTIDE1{P.Y.X2328.X786.Y.F.Y}$PEPTIDE1,PEPTIDE1,1:R1-7:R2$$$",-7.20240743
"PEPTIDE1{G.am_G.X277.R.G.L.A}$PEPTIDE1,PEPTIDE1,1:R1-7:R2$$$",-7.30156960
"PEPTIDE1{A.Y.X1956.P.X1004.Q.X1829}$PEPTIDE1,PEPTIDE1,1:R1-7:R2$$$",-6.93052914
"PEPTIDE1{X2793.X490.Y.A.Mono50.(N->O)Val.P}$PEPTIDE1,PEPTIDE1,1:R1-7:R2$$$",-6.76754235
"PEPTIDE1{X204.Y.(N->O)Val.X824.X2432.F.G}$PEPTIDE1,PEPTIDE1,1:R1-7:R2$$$",-6.58052939
"PEPTIDE1{X786.X305.G.Mono16.X1393.X683.Y}$PEPTIDE1,PEPTIDE1,1:R1-7:R2$$$",-7.64647467
"PEPTIDE1{X277.X956.R.X314.Mono50.X164.X2328}$PEPTIDE1,PEPTIDE1,1:R1-7:R2$$$",-7.55065748
"PEPTIDE1{G.G.X2329.G.X1029.L.G}$PEPTIDE1,PEPTIDE1,1:R1-7:R2$$$",-7.08664189
"PEPTIDE1{P.lalloHyp.X2461.Bal.dP.X683.G}$PEPTIDE1,PEPTIDE1,1:R1-7:R2$$$",-6.80553082
"PEPTIDE1{X2671.X425.R.X2432.G.X956.X2258}$PEPTIDE1,PEPTIDE1,1:R1-7:R2$$$",-7.43054617
"PEPTIDE1{G.P.Q.L.X2791.dP.Q}$PEPTIDE1,PEPTIDE1,1:R1-7:R2$$$",-6.93453363
"PEPTIDE1{Mono107.Y.dHpr.X566.Y.X1010.X1004}$PEPTIDE1,PEPTIDE1,1:R1-7:R2$$$",-7.02571821
"PEPTIDE1{G.X195.G.X1004.X490.F.Y}$PEPTIDE1,PEPTIDE1,1:R1-7:R2$$$",-6.29390546
"PEPTIDE1{X1788.P.X822.G.X179.Y.Y}$PEPTIDE1,PEPTIDE1,1:R1-7:R2$$$",-6.85710573
"PEPTIDE1{R.X1800.P.G.G.X204.G}$PEPTIDE1,PEPTIDE1,1:R1-7:R2$$$",-6.86068604
"PEPTIDE1{P.Y.L.R.G.F.X1707}$PEPTIDE1,PEPTIDE1,1:R1-7:R2$$$",-6.87693927
"PEPTIDE1{R.X725.A.R.F.X2328.X956}$PEPTIDE1,PEPTIDE1,1:R1-7:R2$$$",-7.45804424
"PEPTIDE1{X1294.Q.P.X2432.X956.X3016.X631}$PEPTIDE1,PEPTIDE1,1:R1-7:R2$$$",-10.00000000
"PEPTIDE1{Y.X2442.P.X1811.P.G.X702}$PEPTIDE1,PEPTIDE1,1:R1-7:R2$$$",-6.50610824
"PEPTIDE1{Q.X2442.X2516.G.X1989.G.X2791}$PEPTIDE1,PEPTIDE1,1:R1-7:R2$$$",-7.64122167
"PEPTIDE1{F.R.Q.Q.P.P.Q}$PEPTIDE1,PEPTIDE1,1:R1-7:R2$$$",-6.62095429
"PEPTIDE1{P.d(N->O)Gly(allyl).X255.L.X1811.X2577.X1491}$PEPTIDE1,PEPTIDE1,1:R1-7:R2$$$",-7.79002274
"PEPTIDE1{X1029.dP.dP.P.X2328.X956.P}$PEPTIDE1,PEPTIDE1,1:R1-7:R2$$$",-6.16553662
"PEPTIDE1{P.Q.am_G.L.Y.X1956.X1895}$PEPTIDE1,PEPTIDE1,1:R1-7:R2$$$",-7.22378140
"PEPTIDE1{X981.dP.X1811.P.X490.R.X49}$PEPTIDE1,PEPTIDE1,1:R1-7:R2$$$",-6.77941001
"PEPTIDE1{G.Q.P.X1004.X1457.X232.Q}$PEPTIDE1,PEPTIDE1,1:R1-7:R2$$$",-6.87122249
"PEPTIDE1{P.R.X631.Q.P.Q.dR}$PEPTIDE1,PEPTIDE1,1:R1-7:R2$$$",-7.12505036
"PEPTIDE1{G.P.Q.Mono60.dD.F.G}$PEPTIDE1,PEPTIDE1,1:R1-7:R2$$$",-6.83964257
"PEPTIDE1{G.L.R.X1918.Q.R.Q}$PEPTIDE1,PEPTIDE1,1:R1-7:R2$$$",-7.39865089
"PEPTIDE1{X905.X916.Y.P.Hpr.G.X261}$PEPTIDE1,PEPTIDE1,1:R1-7:R2$$$",-6.85901564
"PEPTIDE1{Q.Q.L.X2432.Y.X956.Y}$PEPTIDE1,PEPTIDE1,1:R1-7:R2$$$",-6.87769458
"PEPTIDE1{X302.d3-Pal.X569.Q.X343.X946.Q}$PEPTIDE1,PEPTIDE1,1:R1-7:R2$$$",-7.06508583
"PEPTIDE1{X824.X11.Q.Y.X683.F.X981}$PEPTIDE1,PEPTIDE1,1:R1-7:R2$$$",-6.59017103
"PEPTIDE1{Y.X81.G.dHpr.X946.P.Q}$PEPTIDE1,PEPTIDE1,1:R1-7:R2$$$",-6.44791549
"PEPTIDE1{L.X786.Q.X490.X2391.R.G}$PEPTIDE1,PEPTIDE1,1:R1-7:R2$$$",-6.89349365
"PEPTIDE1{F.Q.Q.X101.Mono107.P.G}$PEPTIDE1,PEPTIDE1,1:R1-7:R2$$$",-6.27930860
"PEPTIDE1{Q.G.X956.P.Y.X314.G}$PEPTIDE1,PEPTIDE1,1:R1-7:R2$$$",-6.85730134
"PEPTIDE1{X1664.X49.R.Mono50.G.G.X1004}$PEPTIDE1,PEPTIDE1,1:R1-7:R2$$$",-6.77841371
"PEPTIDE1{Y.R.X305.P.G.G.Q}$PEPTIDE1,PEPTIDE1,1:R1-7:R2$$$",-6.75923876
"PEPTIDE1{X612.X1895.X1777.G.G.G.P}$PEPTIDE1,PEPTIDE1,1:R1-7:R2$$$",-7.35036815
"PEPTIDE1{X255.G.F.G.d(N->O)Gly(allyl).Y.Q}$PEPTIDE1,PEPTIDE1,1:R1-7:R2$$$",-7.15093657
"PEPTIDE1{Q.X375.X786.X956.G.X569.Y}$PEPTIDE1,PEPTIDE1,1:R1-7:R2$$$",-7.03868143
"PEPTIDE1{X1410.P.P.L.Y.G.G}$PEPTIDE1,PEPTIDE1,1:R1-7:R2$$$",-6.81216966
"PEPTIDE1{G.F.R.X1601.X2754.X233.G}$PEPTIDE1,PEPTIDE1,1:R1-7:R2$$$",-7.28863012
"PEPTIDE1{G.dP.G.X1457.X1664.F.dP}$PEPTIDE1,PEPTIDE1,1:R1-7:R2$$$",-6.59769162
"PEPTIDE1{L.F.L.A.Y.X591.Q}$PEPTIDE1,PEPTIDE1,1:R1-7:R2$$$",-7.19927067
"PEPTIDE1{P.Mono50.X420.dHpr.R.Y.Y}$PEPTIDE1,PEPTIDE1,1:R1-7:R2$$$",-6.80922976
"PEPTIDE1{X2432.X946.X683.dHpr.X3004.P.dP}$PEPTIDE1,PEPTIDE1,1:R1-7:R2$$$",-6.70637959
"PEPTIDE1{F.R.X315.X2258.G.X2432.G}$PEPTIDE1,PEPTIDE1,1:R1-7:R2$$$",-7.12948577
"PEPTIDE1{P.X786.G.X255.Q.F.Y}$PEPTIDE1,PEPTIDE1,1:R1-7:R2$$$",-6.74210694
"PEPTIDE1{dP.X375.X1664.P.F.F.dP}$PEPTIDE1,PEPTIDE1,1:R1-7:R2$$$",-6.33323966
"PEPTIDE1{P.Hpr.P.dHpr.R.P.Y}$PEPTIDE1,PEPTIDE1,1:R1-7:R2$$$",-6.76979038
"PEPTIDE1{F.Q.F.Q.Y.(N->O)Val.X1029}$PEPTIDE1,PEPTIDE1,1:R1-7:R2$$$",-6.96365268
"PEPTIDE1{Y.L.Y.P.F.R.P}$PEPTIDE1,PEPTIDE1,1:R1-7:R2$$$",-6.78934326
"PEPTIDE1{Q.X2432.G.X956.X1410.dNle.G}$PEPTIDE1,PEPTIDE1,1:R1-7:R2$$$",-7.24455288
"PEPTIDE1{G.lalloHyp.Q.P.G.X783.Q}$PEPTIDE1,PEPTIDE1,1:R1-7:R2$$$",-7.42417890
"PEPTIDE1{Mono106.X2577.2-Pal.X2432.P.Y.Q}$PEPTIDE1,PEPTIDE1,1:R1-7:R2$$$",-6.80691097
"PEPTIDE1{G.X1588.Y.F.X2710.F.lalloHyp}$PEPTIDE1,PEPTIDE1,1:R1-7:R2$$$",-7.23874916
"PEPTIDE1{P.Y.X1918.X1956.L.G.X956}$PEPTIDE1,PEPTIDE1,1:R1-7:R2$$$",-7.05132698
"PEPTIDE1{X1918.dP.G.X2465.G.dHpr.Q}$PEPTIDE1,PEPTIDE1,1:R1-7:R2$$$",-7.00487120
"PEPTIDE1{Y.Aze.X631.Q.X2432.G.P}$PEPTIDE1,PEPTIDE1,1:R1-7:R2$$$",-6.53972592
"PEPTIDE1{X297.X1811.P.X786.X2285.X537.dHpr}$PEPTIDE1,PEPTIDE1,1:R1-7:R2$$$",-8.10952794
"PEPTIDE1{P.L.X1777.X569.X956.X391.Q}$PEPTIDE1,PEPTIDE1,1:R1-7:R2$$$",-7.15796024
"PEPTIDE1{G.R.F.P.X175.G.G}$PEPTIDE1,PEPTIDE1,1:R1-7:R2$$$",-6.81733329
"PEPTIDE1{Q.X946.X591.G.X1294.X425.P}$PEPTIDE1,PEPTIDE1,1:R1-7:R2$$$",-7.11324675
"PEPTIDE1{X1661.X490.R.X786.X1004.X573.Y}$PEPTIDE1,PEPTIDE1,1:R1-7:R2$$$",-6.68847235
"PEPTIDE1{X591.F.X1895.Q.G.R.X1410}$PEPTIDE1,PEPTIDE1,1:R1-7:R2$$$",-8.07154859
"PEPTIDE1{Y.X956.X1038.Q.G.X1004.P}$PEPTIDE1,PEPTIDE1,1:R1-7:R2$$$",-7.08342626
"PEPTIDE1{P.L.X1393.X305.G.G.X786}$PEPTIDE1,PEPTIDE1,1:R1-7:R2$$$",-7.01662835
"PEPTIDE1{X277.X622.G.Bal.X2432.X2432.X1956}$PEPTIDE1,PEPTIDE1,1:R1-7:R2$$$",-6.70051685
"PEPTIDE1{Q.G.Y.X2432.G.G.P}$PEPTIDE1,PEPTIDE1,1:R1-7:R2$$$",-7.04880489
"PEPTIDE1{Q.X7.Y.G.X261.F.Y}$PEPTIDE1,PEPTIDE1,1:R1-7:R2$$$",-7.22948599
"PEPTIDE1{X2339.P.R.Bal.X3004.R.Q}$PEPTIDE1,PEPTIDE1,1:R1-7:R2$$$",-7.76793809
"PEPTIDE1{L.Y.F.P.G.F.Y}$PEPTIDE1,PEPTIDE1,1:R1-7:R2$$$",-7.00448144
"PEPTIDE1{P.dP.Y.X2432.G.R.X956}$PEPTIDE1,PEPTIDE1,1:R1-7:R2$$$",-6.87603416
"PEPTIDE1{X956.Mono106.F.F.L.X2432.G}$PEPTIDE1,PEPTIDE1,1:R1-7:R2$$$",-7.15416195
"PEPTIDE1{F.X395.G.X1029.X867.P.dHpr}$PEPTIDE1,PEPTIDE1,1:R1-7:R2$$$",-5.98398853
"PEPTIDE1{X2432.X2432.G.X49.X824.X1004.X7}$PEPTIDE1,PEPTIDE1,1:R1-7:R2$$$",-6.52706447
"PEPTIDE1{P.P.P.P.P.P.G}$PEPTIDE1,PEPTIDE1,1:R1-7:R2$$$",-7.44880060
"PEPTIDE1{F.X1811.X786.R.G.L.Q}$PEPTIDE1,PEPTIDE1,1:R1-7:R2$$$",-7.66462959
"PEPTIDE1{L.X2461.X1956.Y.X2432.X2432.X1457}$PEPTIDE1,PEPTIDE1,1:R1-7:R2$$$",-6.47796165
"PEPTIDE1{X1664.Y.X299.G.Aze.L.P}$PEPTIDE1,PEPTIDE1,1:R1-7:R2$$$",-6.58044189
"PEPTIDE1{X2791.X6.X2135.Q.Q.am_G.A}$PEPTIDE1,PEPTIDE1,1:R1-7:R2$$$",-6.86085983
"PEPTIDE1{dP.X2432.Y.X956.P.R.P}$PEPTIDE1,PEPTIDE1,1:R1-7:R2$$$",-6.73188758
"PEPTIDE1{G.Y.X1811.X683.dHpr.dS.G}$PEPTIDE1,PEPTIDE1,1:R1-7:R2$$$",-7.07087565
"PEPTIDE1{G.L.P.Q.dP.F.G}$PEPTIDE1,PEPTIDE1,1:R1-7:R2$$$",-7.04590892
"PEPTIDE1{F.Q.X315.Mono51.X2258.2-Pal.Mono30}$PEPTIDE1,PEPTIDE1,1:R1-7:R2$$$",-6.27422897
"PEPTIDE1{Q.X725.X425.meW.am_G.Q.X425}$PEPTIDE1,PEPTIDE1,1:R1-7:R2$$$",-7.10010022
"PEPTIDE1{Y.F.Aze.X1395.R.G.X6}$PEPTIDE1,PEPTIDE1,1:R1-7:R2$$$",-6.91885397
"PEPTIDE1{X1811.G.Q.G.X490.Q.P}$PEPTIDE1,PEPTIDE1,1:R1-7:R2$$$",-8.02535809
"PEPTIDE1{F.X1980.X612.P.d2-Pal.Y.P}$PEPTIDE1,PEPTIDE1,1:R1-7:R2$$$",-7.32776106
"PEPTIDE1{X1645.X529.dNle.G.G.R.Q}$PEPTIDE1,PEPTIDE1,1:R1-7:R2$$$",-6.98213481
"PEPTIDE1{F.X652.Q.Q.F.X1913.(N->O)Tyr}$PEPTIDE1,PEPTIDE1,1:R1-7:R2$$$",-7.26672019
"PEPTIDE1{L.G.G.F.X1410.X1788.X870}$PEPTIDE1,PEPTIDE1,1:R1-7:R2$$$",-6.43671699
"PEPTIDE1{Y.G.Y.A.G.Q.dP}$PEPTIDE1,PEPTIDE1,1:R1-7:R2$$$",-7.20073989
"PEPTIDE1{F.Q.Q.X683.X1802.X534.Pro(4-F2)}$PEPTIDE1,PEPTIDE1,1:R1-7:R2$$$",-7.66039566
"PEPTIDE1{Q.F.X2719.G.Y.G.P}$PEPTIDE1,PEPTIDE1,1:R1-7:R2$$$",-7.12044380
"PEPTIDE1{X2754.X1540.Q.X2577.(N->O)Val.Mono51.G}$PEPTIDE1,PEPTIDE1,1:R1-7:R2$$$",-8.10379960
"PEPTIDE1{X1410.X2258.Y.P.R.X2403.Y}$PEPTIDE1,PEPTIDE1,1:R1-7:R2$$$",-7.23336720
"PEPTIDE1{Mono106.X7.X786.X2719.X3004.Y.Y}$PEPTIDE1,PEPTIDE1,1:R1-7:R2$$$",-7.64413156
"PEPTIDE1{X1457.Aze.G.X1395.Y.Q.X3004}$PEPTIDE1,PEPTIDE1,1:R1-7:R2$$$",-6.78196653
"PEPTIDE1{G.P.F.Mono106.G.X2791.X2132}$PEPTIDE1,PEPTIDE1,1:R1-7:R2$$$",-7.18276255
"PEPTIDE1{Q.X175.X601.X305.X3004.X255.G}$PEPTIDE1,PEPTIDE1,1:R1-7:R2$$$",-6.94872716
"PEPTIDE1{P.dS.L.X591.Q.X1004.X612}$PEPTIDE1,PEPTIDE1,1:R1-7:R2$$$",-7.04877186
"PEPTIDE1{X2669.Q.L.R.P.X956.X490}$PEPTIDE1,PEPTIDE1,1:R1-7:R2$$$",-6.76014644
"PEPTIDE1{F.Y.Q.R.L.Q.X3004}$PEPTIDE1,PEPTIDE1,1:R1-7:R2$$$",-6.82856075
"PEPTIDE1{X255.Y.G.G.dHpr.Y.X3004}$PEPTIDE1,PEPTIDE1,1:R1-7:R2$$$",-6.82153749
"PEPTIDE1{P.X2432.F.X1989.X591.G.Y}$PEPTIDE1,PEPTIDE1,1:R1-7:R2$$$",-7.31422759
"PEPTIDE1{P.X2327.P.Q.L.A.X1895}$PEPTIDE1,PEPTIDE1,1:R1-7:R2$$$",-6.80577148
"PEPTIDE1{X302.P.X277.X2432.P.X425.dP}$PEPTIDE1,PEPTIDE1,1:R1-7:R2$$$",-6.22412114
"PEPTIDE1{G.am_G.X946.Y.Q.X504.X136}$PEPTIDE1,PEPTIDE1,1:R1-7:R2$$$",-7.63075410
"PEPTIDE1{X3004.X7.X49.G.X2403.G.P}$PEPTIDE1,PEPTIDE1,1:R1-7:R2$$$",-7.23339396
"PEPTIDE1{F.P.X631.X2432.X1661.Aze.(N->O)Tyr}$PEPTIDE1,PEPTIDE1,1:R1-7:R2$$$",-6.65875193
"PEPTIDE1{G.G.R.L.Q.Y.X1432}$PEPTIDE1,PEPTIDE1,1:R1-7:R2$$$",-7.19233107
"PEPTIDE1{X2108.X569.G.X261.X1410.X1720.P}$PEPTIDE1,PEPTIDE1,1:R1-7:R2$$$",-7.45386427
"PEPTIDE1{R.Y.P.X2403.P.Y.X671}$PEPTIDE1,PEPTIDE1,1:R1-7:R2$$$",-7.15004485
"PEPTIDE1{A.Q.X2432.X425.L.Mono50.X2577}$PEPTIDE1,PEPTIDE1,1:R1-7:R2$$$",-6.89677800
"PEPTIDE1{L.Q.X49.X6.Q.dP.Y}$PEPTIDE1,PEPTIDE1,1:R1-7:R2$$$",-6.89204837
"PEPTIDE1{L.X1869.G.X2432.P.Y.X1800}$PEPTIDE1,PEPTIDE1,1:R1-7:R2$$$",-7.24207944
"PEPTIDE1{G.Q.Y.X2501.G.X425.Q}$PEPTIDE1,PEPTIDE1,1:R1-7:R2$$$",-7.54980296
"PEPTIDE1{dR.X2791.X2669.X612.X1788.Pro(4-F2).P}$PEPTIDE1,PEPTIDE1,1:R1-7:R2$$$",-6.79738749
"PEPTIDE1{G.X1720.dNle.R.X1004.Aze.X981}$PEPTIDE1,PEPTIDE1,1:R1-7:R2$$$",-6.43650518
"PEPTIDE1{R.X1829.Mono50.R.X1038.R.d(N->O)aIle}$PEPTIDE1,PEPTIDE1,1:R1-7:R2$$$",-7.15261986
"PEPTIDE1{F.L.Y.dHpr.dHpr.R.X2669}$PEPTIDE1,PEPTIDE1,1:R1-7:R2$$$",-6.27493459
"PEPTIDE1{X652.X2258.X683.Y.G.X1811.X577}$PEPTIDE1,PEPTIDE1,1:R1-7:R2$$$",-7.56351858
"PEPTIDE1{X1395.Q.Q.Aze.dP.G.P}$PEPTIDE1,PEPTIDE1,1:R1-7:R2$$$",-6.75532213
"PEPTIDE1{P.X2747.Q.X577.G.Q.G}$PEPTIDE1,PEPTIDE1,1:R1-7:R2$$$",-7.27072883
"PEPTIDE1{X2577.X1720.G.X1895.R.d(N->O)Gly(allyl).G}$PEPTIDE1,PEPTIDE1,1:R1-7:R2$$$",-7.65763254
"PEPTIDE1{F.A.Q.F.Y.G.G}$PEPTIDE1,PEPTIDE1,1:R1-7:R2$$$",-7.52443326
"PEPTIDE1{Q.X1788.R.Q.F.X1743.X2465}$PEPTIDE1,PEPTIDE1,1:R1-7:R2$$$",-6.92349735
"PEPTIDE1{Y.Y.X946.X2577.P.X2461.G}$PEPTIDE1,PEPTIDE1,1:R1-7:R2$$$",-6.12980278
"PEPTIDE1{F.G.X1788.Y.X1811.X2791.Q}$PEPTIDE1,PEPTIDE1,1:R1-7:R2$$$",-7.97979172
"PEPTIDE1{Y.X2432.Bal.Phi.X671.L.Y}$PEPTIDE1,PEPTIDE1,1:R1-7:R2$$$",-6.18518716
"PEPTIDE1{P.X1720.d(N->O)Gly(allyl).R.Q.L.G}$PEPTIDE1,PEPTIDE1,1:R1-7:R2$$$",-7.16339277
"PEPTIDE1{Hpr.X2791.X232.X1038.Q.Mono19.Y}$PEPTIDE1,PEPTIDE1,1:R1-7:R2$$$",-7.61064524
"PEPTIDE1{X1664.X305.L.F.X1811.X2577.X1661}$PEPTIDE1,PEPTIDE1,1:R1-7:R2$$$",-8.17489065
"PEPTIDE1{Y.dD.L.Q.F.L.G}$PEPTIDE1,PEPTIDE1,1:R1-7:R2$$$",-6.81266228
"PEPTIDE1{X2747.G.P.Y.Y.X204.P}$PEPTIDE1,PEPTIDE1,1:R1-7:R2$$$",-6.61428843
"PEPTIDE1{G.Q.Q.A.X7.X1004.X2203}$PEPTIDE1,PEPTIDE1,1:R1-7:R2$$$",-7.73213492
"PEPTIDE1{F.R.Q.Q.dS.Q.X1004}$PEPTIDE1,PEPTIDE1,1:R1-7:R2$$$",-7.17746745
"PEPTIDE1{Q.L.X1811.Q.X612.X49.Mono50}$PEPTIDE1,PEPTIDE1,1:R1-7:R2$$$",-8.19828049
"PEPTIDE1{L.G.G.X2432.X2328.X196.G}$PEPTIDE1,PEPTIDE1,1:R1-7:R2$$$",-7.22544829
"PEPTIDE1{Q.G.X822.P.F.L.X715}$PEPTIDE1,PEPTIDE1,1:R1-7:R2$$$",-6.43059432
"PEPTIDE1{Y.X2113.X126.X11.G.X640.P}$PEPTIDE1,PEPTIDE1,1:R1-7:R2$$$",-7.38305184
"PEPTIDE1{G.G.X232.P.Q.Y.P}$PEPTIDE1,PEPTIDE1,1:R1-7:R2$$$",-6.66228312
"PEPTIDE1{R.X1004.F.F.R.X490.P}$PEPTIDE1,PEPTIDE1,1:R1-7:R2$$$",-6.54216333
"PEPTIDE1{F.Q.X956.Q.P.P.P}$PEPTIDE1,PEPTIDE1,1:R1-7:R2$$$",-6.72579690
"PEPTIDE1{R.P.X569.X1038.X1813.G.X6}$PEPTIDE1,PEPTIDE1,1:R1-7:R2$$$",-7.39592902
"PEPTIDE1{Y.X1393.X255.G.X2364.X2745.X1800}$PEPTIDE1,PEPTIDE1,1:R1-7:R2$$$",-7.21041326
"PEPTIDE1{R.X1788.Aze.X591.L.X2225.Q}$PEPTIDE1,PEPTIDE1,1:R1-7:R2$$$",-6.82803573
"PEPTIDE1{G.G.L.G.X255.X1956.P}$PEPTIDE1,PEPTIDE1,1:R1-7:R2$$$",-6.87571182
"PEPTIDE1{Q.X2432.R.X956.L.Mono16.G}$PEPTIDE1,PEPTIDE1,1:R1-7:R2$$$",-6.92790222
"PEPTIDE1{Q.X2364.F.Me_lalloI.G.X81.A}$PEPTIDE1,PEPTIDE1,1:R1-7:R2$$$",-6.25947429
"PEPTIDE1{G.P.Q.X302.X2432.P.X2465}$PEPTIDE1,PEPTIDE1,1:R1-7:R2$$$",-6.95065676
"PEPTIDE1{Q.G.L.G.Y.X204.X233}$PEPTIDE1,PEPTIDE1,1:R1-7:R2$$$",-6.94663714
"PEPTIDE1{F.Mono19.F.Y.X2328.Y.Mono106}$PEPTIDE1,PEPTIDE1,1:R1-7:R2$$$",-7.43795351
"PEPTIDE1{L.X81.G.P.am_G.Q.Q}$PEPTIDE1,PEPTIDE1,1:R1-7:R2$$$",-7.33121234
"PEPTIDE1{Y.G.X1004.X175.(N->O)Tyr.Aze.Phe(CHF2)}$PEPTIDE1,PEPTIDE1,1:R1-7:R2$$$",-6.08406475
"PEPTIDE1{X2432.(N->O)Tyr.R.X7.Y.P.X956}$PEPTIDE1,PEPTIDE1,1:R1-7:R2$$$",-7.08437254
"PEPTIDE1{Q.G.X601.X391.dHpr.Q.Q}$PEPTIDE1,PEPTIDE1,1:R1-7:R2$$$",-6.89929868
"PEPTIDE1{G.G.P.X490.Mono50.G.Q}$PEPTIDE1,PEPTIDE1,1:R1-7:R2$$$",-6.68919291
"PEPTIDE1{L.G.Y.G.Y.R.G}$PEPTIDE1,PEPTIDE1,1:R1-7:R2$$$",-7.10711133
"PEPTIDE1{Q.R.P.L.X573.R.X375}$PEPTIDE1,PEPTIDE1,1:R1-7:R2$$$",-6.79617601
"PEPTIDE1{X956.G.X1038.R.F.Y.X1813}$PEPTIDE1,PEPTIDE1,1:R1-7:R2$$$",-7.09668573
"PEPTIDE1{G.G.Q.Q.G.Y.X2403}$PEPTIDE1,PEPTIDE1,1:R1-7:R2$$$",-7.67865197
"PEPTIDE1{P.G.P.L.X375.X1895.Q}$PEPTIDE1,PEPTIDE1,1:R1-7:R2$$$",-7.58412545
"PEPTIDE1{Q.X631.X490.Y.R.X2432.Q}$PEPTIDE1,PEPTIDE1,1:R1-7:R2$$$",-6.57367118
"PEPTIDE1{Y.Bal.X343.G.X956.P.P}$PEPTIDE1,PEPTIDE1,1:R1-7:R2$$$",-6.81610586
"PEPTIDE1{R.X1798.X1961.Q.P.Y.A}$PEPTIDE1,PEPTIDE1,1:R1-7:R2$$$",-7.16818094
"PEPTIDE1{F.L.Q.X49.G.X2432.G}$PEPTIDE1,PEPTIDE1,1:R1-7:R2$$$",-6.57872302
"PEPTIDE1{G.Mono31.G.Y.X1020.Y.Q}$PEPTIDE1,PEPTIDE1,1:R1-7:R2$$$",-7.05291754
"PEPTIDE1{Q.X1664.X2577.Mono107.Mono50.R.Y}$PEPTIDE1,PEPTIDE1,1:R1-7:R2$$$",-7.26367109
"PEPTIDE1{F.G.X391.Y.F.X2501.G}$PEPTIDE1,PEPTIDE1,1:R1-7:R2$$$",-7.34522733
"PEPTIDE1{P.X683.P.X1513.Y.G.A}$PEPTIDE1,PEPTIDE1,1:R1-7:R2$$$",-6.40616761
"PEPTIDE1{X1942.R.Y.P.G.Y.Q}$PEPTIDE1,PEPTIDE1,1:R1-7:R2$$$",-7.03504636
"PEPTIDE1{dP.G.F.G.R.G.X49}$PEPTIDE1,PEPTIDE1,1:R1-7:R2$$$",-7.07734207
"PEPTIDE1{dP.P.dP.X1393.X504.X2403.Y}$PEPTIDE1,PEPTIDE1,1:R1-7:R2$$$",-7.05046922
"PEPTIDE1{R.F.Y.X305.F.G.G}$PEPTIDE1,PEPTIDE1,1:R1-7:R2$$$",-6.75402865
"PEPTIDE1{G.X2432.X956.P.X786.F.G}$PEPTIDE1,PEPTIDE1,1:R1-7:R2$$$",-7.20313225
"PEPTIDE1{Y.X1956.X2461.X1811.Q.Q.G}$PEPTIDE1,PEPTIDE1,1:R1-7:R2$$$",-7.98553925
"PEPTIDE1{X1035.Y.dHpr.X3004.F.X786.G}$PEPTIDE1,PEPTIDE1,1:R1-7:R2$$$",-6.47547454
"PEPTIDE1{am_G.X822.X2461.dS.P.Q.X822}$PEPTIDE1,PEPTIDE1,1:R1-7:R2$$$",-6.53676261
"PEPTIDE1{L.L.Y.P.Q.P.X2577}$PEPTIDE1,PEPTIDE1,1:R1-7:R2$$$",-6.32511339
"PEPTIDE1{Y.P.Y.Mono50.G.X946.Y}$PEPTIDE1,PEPTIDE1,1:R1-7:R2$$$",-7.08828995
"PEPTIDE1{P.P.A.R.X233.G.X1457}$PEPTIDE1,PEPTIDE1,1:R1-7:R2$$$",-6.51682891
"PEPTIDE1{X204.Q.X1664.X2577.X1035.Q.Q}$PEPTIDE1,PEPTIDE1,1:R1-7:R2$$$",-6.49385955
"PEPTIDE1{X2465.X11.G.X2432.X956.L.Y}$PEPTIDE1,PEPTIDE1,1:R1-7:R2$$$",-7.15447435
"PEPTIDE1{G.Q.G.A.X956.Q.X1918}$PEPTIDE1,PEPTIDE1,1:R1-7:R2$$$",-7.14717344
"PEPTIDE1{X255.P.Q.Mono16.X1294.Q.G}$PEPTIDE1,PEPTIDE1,1:R1-7:R2$$$",-7.12076280
"PEPTIDE1{F.P.G.X425.X49.Q.P}$PEPTIDE1,PEPTIDE1,1:R1-7:R2$$$",-6.75500194
"PEPTIDE1{P.Y.P.G.d(N->O)Gly(allyl).Q.Q}$PEPTIDE1,PEPTIDE1,1:R1-7:R2$$$",-7.20235229
"PEPTIDE1{X425.L.Q.Mono106.X946.X956.G}$PEPTIDE1,PEPTIDE1,1:R1-7:R2$$$",-6.93904702
"PEPTIDE1{X591.R.dP.X1811.Y.X1664.Q}$PEPTIDE1,PEPTIDE1,1:R1-7:R2$$$",-7.81587775
"PEPTIDE1{X3004.L.G.X195.X1895.Q.Y}$PEPTIDE1,PEPTIDE1,1:R1-7:R2$$$",-7.32819533
"PEPTIDE1{Y.Q.G.Y.F.L.G}$PEPTIDE1,PEPTIDE1,1:R1-7:R2$$$",-7.27814841
"PEPTIDE1{G.Y.G.dP.P.Y.Q}$PEPTIDE1,PEPTIDE1,1:R1-7:R2$$$",-6.93388265
"PEPTIDE1{X2328.P.G.X1811.Aze.(N->O)Tyr.X867}$PEPTIDE1,PEPTIDE1,1:R1-7:R2$$$",-7.67574244
"PEPTIDE1{G.G.X2432.X1707.L.Y.P}$PEPTIDE1,PEPTIDE1,1:R1-7:R2$$$",-6.74683031
"PEPTIDE1{Y.Q.Y.X2403.G.Y.P}$PEPTIDE1,PEPTIDE1,1:R1-7:R2$$$",-7.60637280
"PEPTIDE1{X375.X1661.R.X569.X232.X233.G}$PEPTIDE1,PEPTIDE1,1:R1-7:R2$$$",-7.15416330
"PEPTIDE1{L.L.R.X1004.X725.X1457.P}$PEPTIDE1,PEPTIDE1,1:R1-7:R2$$$",-6.76605221
"PEPTIDE1{X631.Y.F.X233.lalloHyp.P.P}$PEPTIDE1,PEPTIDE1,1:R1-7:R2$$$",-6.50569500
"PEPTIDE1{L.X1432.P.Q.G.X1811.G}$PEPTIDE1,PEPTIDE1,1:R1-7:R2$$$",-7.81441944
"PEPTIDE1{L.Q.X2577.X490.X232.X1004.Q}$PEPTIDE1,PEPTIDE1,1:R1-7:R2$$$",-6.52893147
"PEPTIDE1{X946.X1410.X2328.Y.P.Y.A}$PEPTIDE1,PEPTIDE1,1:R1-7:R2$$$",-7.56636931
"PEPTIDE1{R.Q.G.X30.Y.L.Y}$PEPTIDE1,PEPTIDE1,1:R1-7:R2$$$",-7.09526059
"PEPTIDE1{X6.L.X2577.F.X3004.G.Q}$PEPTIDE1,PEPTIDE1,1:R1-7:R2$$$",-6.72170303
"PEPTIDE1{Y.Y.Y.X2328.am_F.G.G}$PEPTIDE1,PEPTIDE1,1:R1-7:R2$$$",-7.20126042
"PEPTIDE1{L.X683.R.Y.R.X1432.X1038}$PEPTIDE1,PEPTIDE1,1:R1-7:R2$$$",-7.70263087
"PEPTIDE1{G.X3004.X233.X490.G.X2461.P}$PEPTIDE1,PEPTIDE1,1:R1-7:R2$$$",-6.62040492
"PEPTIDE1{P.X2461.R.F.X916.Y.Q}$PEPTIDE1,PEPTIDE1,1:R1-7:R2$$$",-6.76923972
"PEPTIDE1{Q.P.G.X786.X946.X2432.X591}$PEPTIDE1,PEPTIDE1,1:R1-7:R2$$$",-7.04309785
"PEPTIDE1{X591.G.G.G.F.G.X945}$PEPTIDE1,PEPTIDE1,1:R1-7:R2$$$",-7.26104712
"PEPTIDE1{G.Q.X2432.Q.X2432.X1811.Y}$PEPTIDE1,PEPTIDE1,1:R1-7:R2$$$",-7.79476727
"PEPTIDE1{F.Trp(7-Br).X946.P.L.F.Trp(5-Br)}$PEPTIDE1,PEPTIDE1,1:R1-7:R2$$$",-6.96452962
"PEPTIDE1{G.X591.P.Q.dHpr.X956.X375}$PEPTIDE1,PEPTIDE1,1:R1-7:R2$$$",-6.77626157
"PEPTIDE1{P.A.G.F.X1504.Y.dR}$PEPTIDE1,PEPTIDE1,1:R1-7:R2$$$",-7.04365595
"PEPTIDE1{Y.F.Q.R.F.Y.Cit}$PEPTIDE1,PEPTIDE1,1:R1-7:R2$$$",-7.36770299
"PEPTIDE1{X2258.Aze.F.(N->O)Tyr.X2258.F.P}$PEPTIDE1,PEPTIDE1,1:R1-7:R2$$$",-6.61202837
"PEPTIDE1{dHpr.P.X1395.X2432.Y.P.P}$PEPTIDE1,PEPTIDE1,1:R1-7:R2$$$",-6.44444401
"PEPTIDE1{Y.X1004.dP.L.X822.G.Q}$PEPTIDE1,PEPTIDE1,1:R1-7:R2$$$",-7.26071020
"PEPTIDE1{X1813.L.Mono51.X255.Q.L.P}$PEPTIDE1,PEPTIDE1,1:R1-7:R2$$$",-6.44575585
"PEPTIDE1{G.X2747.R.Q.X956.F.P}$PEPTIDE1,PEPTIDE1,1:R1-7:R2$$$",-7.05296725
"PEPTIDE1{P.X255.Mono107.Y.X1395.X1777.P}$PEPTIDE1,PEPTIDE1,1:R1-7:R2$$$",-7.00983175
"PEPTIDE1{G.Q.Q.X1010.Y.Mono107.(N->O)Tyr}$PEPTIDE1,PEPTIDE1,1:R1-7:R2$$$",-6.40756568
"PEPTIDE1{L.X619.X1813.Mono107.Q.X2432.Y}$PEPTIDE1,PEPTIDE1,1:R1-7:R2$$$",-7.14447193
"PEPTIDE1{X786.X1874.G.G.P.X1038.P}$PEPTIDE1,PEPTIDE1,1:R1-7:R2$$$",-7.14053997
"PEPTIDE1{R.G.X1989.X786.F.Q.P}$PEPTIDE1,PEPTIDE1,1:R1-7:R2$$$",-7.35745212
"PEPTIDE1{X497.dNle.R.X946.Y.X204.P}$PEPTIDE1,PEPTIDE1,1:R1-7:R2$$$",-6.62040170
"PEPTIDE1{P.G.G.X2432.Hpr.X1802.Q}$PEPTIDE1,PEPTIDE1,1:R1-7:R2$$$",-6.78864660
"PEPTIDE1{X905.X504.Q.G.dP.X2577.G}$PEPTIDE1,PEPTIDE1,1:R1-7:R2$$$",-7.05481959
"PEPTIDE1{G.Y.F.dP.dP.L.G}$PEPTIDE1,PEPTIDE1,1:R1-7:R2$$$",-6.74985182
"PEPTIDE1{F.Q.F.Q.Y.P.G}$PEPTIDE1,PEPTIDE1,1:R1-7:R2$$$",-7.17137379
"PEPTIDE1{F.Q.X2258.Q.X1811.Q.G}$PEPTIDE1,PEPTIDE1,1:R1-7:R2$$$",-7.82105727
"PEPTIDE1{X255.X179.X375.G.Y.R.P}$PEPTIDE1,PEPTIDE1,1:R1-7:R2$$$",-6.43505918
"PEPTIDE1{R.Y.Q.P.X956.Y.Aze}$PEPTIDE1,PEPTIDE1,1:R1-7:R2$$$",-6.56811818
"PEPTIDE1{X1004.Y.G.Mono50.Q.G.X2285}$PEPTIDE1,PEPTIDE1,1:R1-7:R2$$$",-7.37481366
"PEPTIDE1{R.X1540.dS.X956.Q.X1393.Mono50}$PEPTIDE1,PEPTIDE1,1:R1-7:R2$$$",-7.39781531
"PEPTIDE1{Q.Q.Mono51.X2328.Mono106.X391.dP}$PEPTIDE1,PEPTIDE1,1:R1-7:R2$$$",-6.68470039
"PEPTIDE1{Q.X233.L.F.F.L.Y}$PEPTIDE1,PEPTIDE1,1:R1-7:R2$$$",-6.84187084
"PEPTIDE1{F.Aze.Q.P.L.X1004.G}$PEPTIDE1,PEPTIDE1,1:R1-7:R2$$$",-6.68584031
"PEPTIDE1{Q.Y.P.X1457.A.R.dHpr}$PEPTIDE1,PEPTIDE1,1:R1-7:R2$$$",-6.41568289
"PEPTIDE1{G.X1664.Q.X1004.F.X1294.Y}$PEPTIDE1,PEPTIDE1,1:R1-7:R2$$$",-7.32484012
"PEPTIDE1{L.P.G.Y.R.F.X2791}$PEPTIDE1,PEPTIDE1,1:R1-7:R2$$$",-7.25087112
"PEPTIDE1{R.G.Mono19.R.L.X683.G}$PEPTIDE1,PEPTIDE1,1:R1-7:R2$$$",-7.33030375
"PEPTIDE1{G.X233.X2328.F.G.G.G}$PEPTIDE1,PEPTIDE1,1:R1-7:R2$$$",-7.23024038
"PEPTIDE1{Q.X1664.Y.Y.G.G.G}$PEPTIDE1,PEPTIDE1,1:R1-7:R2$$$",-7.41122175
"PEPTIDE1{Mono19.Y.Aze.Y.R.L.X302}$PEPTIDE1,PEPTIDE1,1:R1-7:R2$$$",-6.50886587
"PEPTIDE1{Q.X1393.L.Phi.X1693.dR.G}$PEPTIDE1,PEPTIDE1,1:R1-7:R2$$$",-6.94236472
"PEPTIDE1{Y.R.X387.X1004.Y.X1410.Y}$PEPTIDE1,PEPTIDE1,1:R1-7:R2$$$",-7.31626738
"PEPTIDE1{G.dHpr.X2258.R.P.F.X1664}$PEPTIDE1,PEPTIDE1,1:R1-7:R2$$$",-7.10495505
"PEPTIDE1{F.X956.X233.X1664.P.Aze.Q}$PEPTIDE1,PEPTIDE1,1:R1-7:R2$$$",-6.68602314
"PEPTIDE1{P.F.X2432.F.X3004.X1798.Q}$PEPTIDE1,PEPTIDE1,1:R1-7:R2$$$",-7.26583733
"PEPTIDE1{dS.dS.X946.Y.A.Y.Y}$PEPTIDE1,PEPTIDE1,1:R1-7:R2$$$",-7.43889159
"PEPTIDE1{F.X880.L.P.Y.Y.(N->O)Val}$PEPTIDE1,PEPTIDE1,1:R1-7:R2$$$",-7.00085565
"PEPTIDE1{X786.X981.G.X946.X490.P.P}$PEPTIDE1,PEPTIDE1,1:R1-7:R2$$$",-6.71190925
"PEPTIDE1{P.X1004.Q.R.X2432.G.X1895}$PEPTIDE1,PEPTIDE1,1:R1-7:R2$$$",-7.36480524
"PEPTIDE1{X1699.A.Q.G.X2432.X946.X490}$PEPTIDE1,PEPTIDE1,1:R1-7:R2$$$",-6.61065312
"PEPTIDE1{Y.G.Hpr.A.P.X1010.dHpr}$PEPTIDE1,PEPTIDE1,1:R1-7:R2$$$",-6.70693902
"PEPTIDE1{P.X7.Q.P.Y.dV.X1020}$PEPTIDE1,PEPTIDE1,1:R1-7:R2$$$",-6.72995975
"PEPTIDE1{F.X255.Q.G.Q.R.Y}$PEPTIDE1,PEPTIDE1,1:R1-7:R2$$$",-7.03836826
"PEPTIDE1{G.L.G.X1395.Q.X786.P}$PEPTIDE1,PEPTIDE1,1:R1-7:R2$$$",-7.45595156
"PEPTIDE1{Mono106.Q.A.G.L.F.G}$PEPTIDE1,PEPTIDE1,1:R1-7:R2$$$",-7.07434127
"PEPTIDE1{Q.Mono106.am_G.L.L.X2391.meL}$PEPTIDE1,PEPTIDE1,1:R1-7:R2$$$",-6.24907616
"PEPTIDE1{Mono31.Q.G.X867.G.P.Q}$PEPTIDE1,PEPTIDE1,1:R1-7:R2$$$",-6.83984482
"PEPTIDE1{L.Y.Y.G.P.G.X6}$PEPTIDE1,PEPTIDE1,1:R1-7:R2$$$",-7.16613501
"PEPTIDE1{G.Y.G.X305.X2403.X2432.Y}$PEPTIDE1,PEPTIDE1,1:R1-7:R2$$$",-6.91176595
"PEPTIDE1{P.Y.X232.G.R.P.Y}$PEPTIDE1,PEPTIDE1,1:R1-7:R2$$$",-6.90979543
"PEPTIDE1{Y.P.dHpr.G.G.X1004.X1004}$PEPTIDE1,PEPTIDE1,1:R1-7:R2$$$",-6.42756099
"PEPTIDE1{F.P.X2461.X946.F.Q.dP}$PEPTIDE1,PEPTIDE1,1:R1-7:R2$$$",-6.13815507
"PEPTIDE1{R.G.X975.G.dP.dP.X1664}$PEPTIDE1,PEPTIDE1,1:R1-7:R2$$$",-6.90860846
"PEPTIDE1{P.dNle.Q.X591.G.F.X1213}$PEPTIDE1,PEPTIDE1,1:R1-7:R2$$$",-7.15591882
"PEPTIDE1{P.Y.X2577.P.P.X425.Aze}$PEPTIDE1,PEPTIDE1,1:R1-7:R2$$$",-6.36688815
"PEPTIDE1{F.P.Q.X2432.G.A.G}$PEPTIDE1,PEPTIDE1,1:R1-7:R2$$$",-7.38141637
"PEPTIDE1{Y.Y.X1004.P.X255.dP.P}$PEPTIDE1,PEPTIDE1,1:R1-7:R2$$$",-6.54899298
"PEPTIDE1{Y.X101.G.F.X1004.dS.G}$PEPTIDE1,PEPTIDE1,1:R1-7:R2$$$",-6.79839672
"PEPTIDE1{X3004.G.G.L.d(N->O)Gly(allyl).G.X49}$PEPTIDE1,PEPTIDE1,1:R1-7:R2$$$",-6.83194807
"PEPTIDE1{Q.G.X126.X1798.X569.X1720.G}$PEPTIDE1,PEPTIDE1,1:R1-7:R2$$$",-7.24707472
"PEPTIDE1{Q.G.Y.X2577.X956.Q.X591}$PEPTIDE1,PEPTIDE1,1:R1-7:R2$$$",-7.21562232
"PEPTIDE1{Q.R.Q.L.Y.G.Q}$PEPTIDE1,PEPTIDE1,1:R1-7:R2$$$",-7.28596821
"PEPTIDE1{P.G.X529.X1035.X113.R.Y}$PEPTIDE1,PEPTIDE1,1:R1-7:R2$$$",-6.30537879
"PEPTIDE1{P.X1457.X1802.X255.X2671.X2188.X956}$PEPTIDE1,PEPTIDE1,1:R1-7:R2$$$",-7.06343317
"PEPTIDE1{X786.G.dP.X233.X175.Q.G}$PEPTIDE1,PEPTIDE1,1:R1-7:R2$$$",-7.78537333
"PEPTIDE1{X930.dP.P.X631.X640.X2432.G}$PEPTIDE1,PEPTIDE1,1:R1-7:R2$$$",-6.55177884
"PEPTIDE1{R.Hpr.X1800.X49.Q.G.X981}$PEPTIDE1,PEPTIDE1,1:R1-7:R2$$$",-6.84625436
"PEPTIDE1{R.X204.Y.X1817.X2432.Mono19.G}$PEPTIDE1,PEPTIDE1,1:R1-7:R2$$$",-7.66172179
"PEPTIDE1{L.X956.X1010.R.Y.G.P}$PEPTIDE1,PEPTIDE1,1:R1-7:R2$$$",-6.99126852
"PEPTIDE1{F.Y.X425.Q.X2432.X671.X297}$PEPTIDE1,PEPTIDE1,1:R1-7:R2$$$",-6.25816116
"PEPTIDE1{Q.Q.G.X956.P.G.X232}$PEPTIDE1,PEPTIDE1,1:R1-7:R2$$$",-6.92699502
"PEPTIDE1{P.Aze.L.G.Q.X2745.meW}$PEPTIDE1,PEPTIDE1,1:R1-7:R2$$$",-6.71607132
"PEPTIDE1{Y.G.R.Aze.Q.lalloHyp.Y}$PEPTIDE1,PEPTIDE1,1:R1-7:R2$$$",-6.81406051
"PEPTIDE1{R.P.X1777.P.X1350.L.X569}$PEPTIDE1,PEPTIDE1,1:R1-7:R2$$$",-6.74433868
"PEPTIDE1{F.X1788.X798.Y.dPhe(2-F).Q.G}$PEPTIDE1,PEPTIDE1,1:R1-7:R2$$$",-7.01479151
"PEPTIDE1{X375.lalloHyp.X1058.dHpr.P.Q.X975}$PEPTIDE1,PEPTIDE1,1:R1-7:R2$$$",-6.62467760
"PEPTIDE1{(N->O)Tyr.Q.Q.G.G.Mono60.Q}$PEPTIDE1,PEPTIDE1,1:R1-7:R2$$$",-6.79131738
"PEPTIDE1{X2403.meL.G.X49.X612.X880.X490}$PEPTIDE1,PEPTIDE1,1:R1-7:R2$$$",-6.90354794
"PEPTIDE1{Y.G.G.X2791.Q.L.P}$PEPTIDE1,PEPTIDE1,1:R1-7:R2$$$",-7.21977573
"PEPTIDE1{X2328.Y.F.X2526.X2465.G.X2432}$PEPTIDE1,PEPTIDE1,1:R1-7:R2$$$",-7.46210655
"PEPTIDE1{F.G.L.X2403.P.X11.X261}$PEPTIDE1,PEPTIDE1,1:R1-7:R2$$$",-7.11648648
"PEPTIDE1{Q.A.L.G.X2574.X1811.X956}$PEPTIDE1,PEPTIDE1,1:R1-7:R2$$$",-7.94961413
"PEPTIDE1{Mono31.Y.X975.L.meL.G.P}$PEPTIDE1,PEPTIDE1,1:R1-7:R2$$$",-6.24969072
"PEPTIDE1{Q.F.X1895.X683.F.F.Y}$PEPTIDE1,PEPTIDE1,1:R1-7:R2$$$",-7.56354588
"PEPTIDE1{X2432.Y.X233.X946.R.R.X2432}$PEPTIDE1,PEPTIDE1,1:R1-7:R2$$$",-6.84231140
"PEPTIDE1{P.Y.Q.X1811.G.2-Pal.meW}$PEPTIDE1,PEPTIDE1,1:R1-7:R2$$$",-8.21480000
"PEPTIDE1{G.Q.X569.P.Q.Mono106.X1457}$PEPTIDE1,PEPTIDE1,1:R1-7:R2$$$",-6.94492392
"PEPTIDE1{Q.X2461.X956.Y.F.R.P}$PEPTIDE1,PEPTIDE1,1:R1-7:R2$$$",-6.58141166
"PEPTIDE1{P.Mono107.R.Q.X2669.F.dD}$PEPTIDE1,PEPTIDE1,1:R1-7:R2$$$",-7.19643636
"PEPTIDE1{X1213.G.Q.G.Y.F.X1004}$PEPTIDE1,PEPTIDE1,1:R1-7:R2$$$",-7.06737759
"PEPTIDE1{R.P.X737.F.Q.F.Mono50}$PEPTIDE1,PEPTIDE1,1:R1-7:R2$$$",-7.17663477
"PEPTIDE1{X2432.R.X305.X683.X1004.X2432.dHpr}$PEPTIDE1,PEPTIDE1,1:R1-7:R2$$$",-6.79850409
"PEPTIDE1{R.dHpr.X2258.A.X2328.X591.Y}$PEPTIDE1,PEPTIDE1,1:R1-7:R2$$$",-7.04691892
"PEPTIDE1{Q.X946.X1004.R.R.G.G}$PEPTIDE1,PEPTIDE1,1:R1-7:R2$$$",-7.27391369
"PEPTIDE1{G.G.X2432.Q.Y.X956.Y}$PEPTIDE1,PEPTIDE1,1:R1-7:R2$$$",-7.16730135
"PEPTIDE1{P.P.R.X2432.X1813.Q.X305}$PEPTIDE1,PEPTIDE1,1:R1-7:R2$$$",-6.60028407
"PEPTIDE1{dHpr.Y.Q.P.Y.X2433.Q}$PEPTIDE1,PEPTIDE1,1:R1-7:R2$$$",-6.63258047
"PEPTIDE1{P.Q.X2258.P.G.G.X11}$PEPTIDE1,PEPTIDE1,1:R1-7:R2$$$",-7.23492952
"PEPTIDE1{Q.X1206.Y.Y.F.G.X1720}$PEPTIDE1,PEPTIDE1,1:R1-7:R2$$$",-7.49730027
"PEPTIDE1{X2791.F.X1956.X1811.R.L.P}$PEPTIDE1,PEPTIDE1,1:R1-7:R2$$$",-7.66747266
"PEPTIDE1{Q.G.X490.R.P.X956.G}$PEPTIDE1,PEPTIDE1,1:R1-7:R2$$$",-6.87689199
"PEPTIDE1{dP.G.F.L.X1829.X1918.Q}$PEPTIDE1,PEPTIDE1,1:R1-7:R2$$$",-6.64375171
"PEPTIDE1{X975.Mono16.Q.Q.G.G.G}$PEPTIDE1,PEPTIDE1,1:R1-7:R2$$$",-7.21789213
"PEPTIDE1{P.X261.Mono60.G.X302.X809.Phe(CHF2)}$PEPTIDE1,PEPTIDE1,1:R1-7:R2$$$",-6.12577427
"PEPTIDE1{X1113.X2258.X1395.F.X1004.Y.X683}$PEPTIDE1,PEPTIDE1,1:R1-7:R2$$$",-6.95136056
"PEPTIDE1{L.X255.G.Q.G.dD.Aze}$PEPTIDE1,PEPTIDE1,1:R1-7:R2$$$",-6.78349232
"PEPTIDE1{X946.G.X822.F.X956.X1004.A}$PEPTIDE1,PEPTIDE1,1:R1-7:R2$$$",-7.29342073
"PEPTIDE1{P.am_G.Y.G.F.X136.X2328}$PEPTIDE1,PEPTIDE1,1:R1-7:R2$$$",-7.12586700
"PEPTIDE1{F.G.dHpr.R.dD.G.Y}$PEPTIDE1,PEPTIDE1,1:R1-7:R2$$$",-6.75768606
"PEPTIDE1{dHpr.L.L.X2669.X786.dHpr.Mono51}$PEPTIDE1,PEPTIDE1,1:R1-7:R2$$$",-6.68305636
"PEPTIDE1{G.X1213.X786.X233.X2791.X232.X233}$PEPTIDE1,PEPTIDE1,1:R1-7:R2$$$",-7.23437714
"PEPTIDE1{Hpr.G.P.A.Q.Y.Q}$PEPTIDE1,PEPTIDE1,1:R1-7:R2$$$",-6.76855612
"PEPTIDE1{P.L.G.X1410.X1811.L.P}$PEPTIDE1,PEPTIDE1,1:R1-7:R2$$$",-8.12162971
"PEPTIDE1{X946.L.Y.X2745.G.dHpr.G}$PEPTIDE1,PEPTIDE1,1:R1-7:R2$$$",-6.74956806
"PEPTIDE1{F.P.Trp(5-Br).X3004.G.P.X2465}$PEPTIDE1,PEPTIDE1,1:R1-7:R2$$$",-7.59006951
"PEPTIDE1{P.X1811.X1004.X946.P.F.X1813}$PEPTIDE1,PEPTIDE1,1:R1-7:R2$$$",-6.27245197
"PEPTIDE1{G.X2432.R.P.X2432.P.G}$PEPTIDE1,PEPTIDE1,1:R1-7:R2$$$",-7.22983472
"PEPTIDE1{G.Q.X1004.R.X375.Q.Y}$PEPTIDE1,PEPTIDE1,1:R1-7:R2$$$",-6.96604857
"PEPTIDE1{G.X591.X305.R.G.Y.G}$PEPTIDE1,PEPTIDE1,1:R1-7:R2$$$",-6.93601446
"PEPTIDE1{G.Y.X631.P.X2432.X956.X1788}$PEPTIDE1,PEPTIDE1,1:R1-7:R2$$$",-6.80239161
"PEPTIDE1{L.L.P.Q.Mono50.X2364.P}$PEPTIDE1,PEPTIDE1,1:R1-7:R2$$$",-6.42359275
"PEPTIDE1{X956.F.X2432.X671.G.L.G}$PEPTIDE1,PEPTIDE1,1:R1-7:R2$$$",-6.84876140
"PEPTIDE1{Hpr.G.Q.P.X2432.dHpr.X375}$PEPTIDE1,PEPTIDE1,1:R1-7:R2$$$",-6.44972805
"PEPTIDE1{G.L.R.Y.X577.X956.X261}$PEPTIDE1,PEPTIDE1,1:R1-7:R2$$$",-7.28210745
"PEPTIDE1{X204.P.Q.X1004.Q.X2501.X1457}$PEPTIDE1,PEPTIDE1,1:R1-7:R2$$$",-7.69019937
"PEPTIDE1{X196.A.X2132.Q.X946.dS.X2328}$PEPTIDE1,PEPTIDE1,1:R1-7:R2$$$",-7.79906474
"PEPTIDE1{Q.X683.X1811.X375.X3011.G.G}$PEPTIDE1,PEPTIDE1,1:R1-7:R2$$$",-6.66440888
"PEPTIDE1{X631.X1811.F.P.X204.Y.dD}$PEPTIDE1,PEPTIDE1,1:R1-7:R2$$$",-6.35613573
"PEPTIDE1{G.G.G.Y.Q.R.dS}$PEPTIDE1,PEPTIDE1,1:R1-7:R2$$$",-7.12007774
"PEPTIDE1{G.R.X591.X113.Y.L.G}$PEPTIDE1,PEPTIDE1,1:R1-7:R2$$$",-7.40376147
"PEPTIDE1{F.Q.G.Y.L.X1788.G}$PEPTIDE1,PEPTIDE1,1:R1-7:R2$$$",-6.69467665
"PEPTIDE1{dP.L.G.Y.meQ.P.X2285}$PEPTIDE1,PEPTIDE1,1:R1-7:R2$$$",-6.83879399
"PEPTIDE1{R.X2747.Y.A.Q.X1918.G}$PEPTIDE1,PEPTIDE1,1:R1-7:R2$$$",-7.45730064
"PEPTIDE1{Q.G.G.F.X1956.X956.Y}$PEPTIDE1,PEPTIDE1,1:R1-7:R2$$$",-7.15310034
"PEPTIDE1{G.X1898.P.X3004.X2328.A.Y}$PEPTIDE1,PEPTIDE1,1:R1-7:R2$$$",-6.83690738
"PEPTIDE1{P.P.X1457.X2432.L.A.P}$PEPTIDE1,PEPTIDE1,1:R1-7:R2$$$",-6.36640321
"PEPTIDE1{Y.L.X956.Y.X2432.X2791.X1788}$PEPTIDE1,PEPTIDE1,1:R1-7:R2$$$",-6.65101645
"PEPTIDE1{X1956.X233.X1777.dHpr.Hph(2-Cl).X196.X1491}$PEPTIDE1,PEPTIDE1,1:R1-7:R2$$$",-6.39394291
"PEPTIDE1{Q.am_G.P.X2432.X946.R.G}$PEPTIDE1,PEPTIDE1,1:R1-7:R2$$$",-7.29624783
"PEPTIDE1{Y.Mono106.Q.X46.Y.X1661.G}$PEPTIDE1,PEPTIDE1,1:R1-7:R2$$$",-6.30795793
"PEPTIDE1{Y.Q.X6.X2432.Y.R.P}$PEPTIDE1,PEPTIDE1,1:R1-7:R2$$$",-7.01862935
"PEPTIDE1{L.R.Y.P.X1811.Q.Y}$PEPTIDE1,PEPTIDE1,1:R1-7:R2$$$",-7.68749835
"PEPTIDE1{G.X2113.X3004.G.P.X187.G}$PEPTIDE1,PEPTIDE1,1:R1-7:R2$$$",-7.24262668
"PEPTIDE1{F.G.X1913.F.X1769.P.Y}$PEPTIDE1,PEPTIDE1,1:R1-7:R2$$$",-6.74924110
"PEPTIDE1{Q.Q.R.X956.G.L.dHpr}$PEPTIDE1,PEPTIDE1,1:R1-7:R2$$$",-6.78140503
"PEPTIDE1{R.X671.Y.P.Mono107.R.P}$PEPTIDE1,PEPTIDE1,1:R1-7:R2$$$",-7.14476692
"PEPTIDE1{F.X255.Q.Q.P.Q.X375}$PEPTIDE1,PEPTIDE1,1:R1-7:R2$$$",-6.63801457
"PEPTIDE1{F.Q.dD.F.X305.Q.X2258}$PEPTIDE1,PEPTIDE1,1:R1-7:R2$$$",-6.62898577
"PEPTIDE1{G.F.dP.Y.X1004.F.X612}$PEPTIDE1,PEPTIDE1,1:R1-7:R2$$$",-7.43681419
"PEPTIDE1{P.R.P.Q.R.X1393.X2403}$PEPTIDE1,PEPTIDE1,1:R1-7:R2$$$",-7.27981774
"PEPTIDE1{G.X1813.F.X490.X1457.X1004.Y}$PEPTIDE1,PEPTIDE1,1:R1-7:R2$$$",-6.46727225
"PEPTIDE1{Q.X2432.X232.X305.G.P.Y}$PEPTIDE1,PEPTIDE1,1:R1-7:R2$$$",-6.91781553
"PEPTIDE1{X261.Q.(N->O)Val.Y.F.Mono107.X956}$PEPTIDE1,PEPTIDE1,1:R1-7:R2$$$",-7.05543798
"PEPTIDE1{dS.X490.X798.A.G.R.Y}$PEPTIDE1,PEPTIDE1,1:R1-7:R2$$$",-6.46478990
"PEPTIDE1{X136.X232.X946.Q.X2432.G.Aze}$PEPTIDE1,PEPTIDE1,1:R1-7:R2$$$",-6.81690673
"PEPTIDE1{X946.X2432.F.Y.G.X2328.G}$PEPTIDE1,PEPTIDE1,1:R1-7:R2$$$",-7.17183083
"PEPTIDE1{X255.P.X196.Q.R.G.Dab}$PEPTIDE1,PEPTIDE1,1:R1-7:R2$$$",-6.78827804
"PEPTIDE1{Q.L.X785.X2432.F.X822.X905}$PEPTIDE1,PEPTIDE1,1:R1-7:R2$$$",-6.94766204
"PEPTIDE1{G.X1350.dHpr.X1432.dHpr.G.X233}$PEPTIDE1,PEPTIDE1,1:R1-7:R2$$$",-6.49439006
"PEPTIDE1{X956.R.F.X1350.X1213.L.Q}$PEPTIDE1,PEPTIDE1,1:R1-7:R2$$$",-6.75375214
"PEPTIDE1{am_G.P.G.G.dP.X1811.X346}$PEPTIDE1,PEPTIDE1,1:R1-7:R2$$$",-6.72640729
"PEPTIDE1{Q.X945.dH.X136.Q.X2203.Q}$PEPTIDE1,PEPTIDE1,1:R1-7:R2$$$",-7.21662865
"PEPTIDE1{P.X785.R.X1788.X2432.X201.P}$PEPTIDE1,PEPTIDE1,1:R1-7:R2$$$",-7.20262410
"PEPTIDE1{G.A.G.dR.F.X1038.Y}$PEPTIDE1,PEPTIDE1,1:R1-7:R2$$$",-7.68354840
"PEPTIDE1{X1294.G.G.X2328.X916.R.X786}$PEPTIDE1,PEPTIDE1,1:R1-7:R2$$$",-7.58021317
"PEPTIDE1{Mono19.R.GABA.F.R.X1971.X946}$PEPTIDE1,PEPTIDE1,1:R1-7:R2$$$",-6.66161835
"PEPTIDE1{X946.Y.A.F.X2577.X1004.Q}$PEPTIDE1,PEPTIDE1,1:R1-7:R2$$$",-6.73549491
"PEPTIDE1{G.X1811.X946.G.Y.X2527.X6}$PEPTIDE1,PEPTIDE1,1:R1-7:R2$$$",-6.51518889
"PEPTIDE1{F.R.X11.P.R.Mono106.G}$PEPTIDE1,PEPTIDE1,1:R1-7:R2$$$",-7.54883329
"PEPTIDE1{P.G.dD.X2328.G.X1457.Q}$PEPTIDE1,PEPTIDE1,1:R1-7:R2$$$",-6.68729288
"PEPTIDE1{X1058.G.L.G.X255.Y.Y}$PEPTIDE1,PEPTIDE1,1:R1-7:R2$$$",-6.86350389
"PEPTIDE1{X2048.P.R.X2577.G.F.X591}$PEPTIDE1,PEPTIDE1,1:R1-7:R2$$$",-6.71798280
"PEPTIDE1{X2328.X956.X2432.R.Y.G.X702}$PEPTIDE1,PEPTIDE1,1:R1-7:R2$$$",-7.64268139
"PEPTIDE1{X255.P.homoPhe_4CF3_3Cl.X1811.R.R.P}$PEPTIDE1,PEPTIDE1,1:R1-7:R2$$$",-7.77172914
"PEPTIDE1{P.Q.X1190.d(N->O)aIle.P.G.P}$PEPTIDE1,PEPTIDE1,1:R1-7:R2$$$",-6.85762068
"PEPTIDE1{L.G.Mono106.G.dCit.X2328.Y}$PEPTIDE1,PEPTIDE1,1:R1-7:R2$$$",-7.41382659
"PEPTIDE1{R.X2433.X1664.X956.F.X315.Y}$PEPTIDE1,PEPTIDE1,1:R1-7:R2$$$",-7.47888811
"PEPTIDE1{G.R.X1395.Q.X577.X2432.Q}$PEPTIDE1,PEPTIDE1,1:R1-7:R2$$$",-7.64876379
"PEPTIDE1{L.G.X1294.G.L.F.X946}$PEPTIDE1,PEPTIDE1,1:R1-7:R2$$$",-6.74442764
"PEPTIDE1{dHpr.X3004.P.dHpr.X7.Q.P}$PEPTIDE1,PEPTIDE1,1:R1-7:R2$$$",-6.82856893
"PEPTIDE1{X2432.F.Q.X2791.P.Mono19.X1788}$PEPTIDE1,PEPTIDE1,1:R1-7:R2$$$",-6.70821484
"PEPTIDE1{R.X631.X2749.L.P.X1811.X670}$PEPTIDE1,PEPTIDE1,1:R1-7:R2$$$",-6.90595104
"PEPTIDE1{Y.X2791.Q.G.X981.X1817.X2461}$PEPTIDE1,PEPTIDE1,1:R1-7:R2$$$",-7.29562607
"PEPTIDE1{P.X1777.L.am_G.X2461.F.X2577}$PEPTIDE1,PEPTIDE1,1:R1-7:R2$$$",-6.24172141
"PEPTIDE1{Y.X315.G.R.G.lalloHyp.P}$PEPTIDE1,PEPTIDE1,1:R1-7:R2$$$",-7.04297165
"PEPTIDE1{G.X1895.X956.F.Q.G.G}$PEPTIDE1,PEPTIDE1,1:R1-7:R2$$$",-7.37242844
"PEPTIDE1{F.F.G.P.F.X1801.S}$PEPTIDE1,PEPTIDE1,1:R1-7:R2$$$",-7.38474175
"PEPTIDE1{L.X946.X956.Y.A.G.Y}$PEPTIDE1,PEPTIDE1,1:R1-7:R2$$$",-6.93310939
"PEPTIDE1{P.G.G.Q.Q.X2285.X2461}$PEPTIDE1,PEPTIDE1,1:R1-7:R2$$$",-6.57082277
"PEPTIDE1{X2432.G.Q.X2432.Q.X6.Hpr}$PEPTIDE1,PEPTIDE1,1:R1-7:R2$$$",-6.86413611
"PEPTIDE1{G.G.Cha.X2442.Q.P.Y}$PEPTIDE1,PEPTIDE1,1:R1-7:R2$$$",-6.68589580
"PEPTIDE1{(N->O)Val.X233.R.Q.G.F.Q}$PEPTIDE1,PEPTIDE1,1:R1-7:R2$$$",-6.93059356
"PEPTIDE1{R.Y.Y.Y.X1350.P.G}$PEPTIDE1,PEPTIDE1,1:R1-7:R2$$$",-7.34798852
"PEPTIDE1{Q.P.X2328.X255.P.F.X956}$PEPTIDE1,PEPTIDE1,1:R1-7:R2$$$",-6.92667159
"PEPTIDE1{L.Y.X683.X2432.G.F.P}$PEPTIDE1,PEPTIDE1,1:R1-7:R2$$$",-7.32593383
"PEPTIDE1{F.Y.L.G.Q.P.P}$PEPTIDE1,PEPTIDE1,1:R1-7:R2$$$",-6.63556360
"PEPTIDE1{R.X1989.R.R.X305.Cit.G}$PEPTIDE1,PEPTIDE1,1:R1-7:R2$$$",-6.99762968
"PEPTIDE1{G.X2432.X2339.L.G.F.(N->O)Val}$PEPTIDE1,PEPTIDE1,1:R1-7:R2$$$",-7.39886051
"PEPTIDE1{X1206.G.Y.L.X305.R.G}$PEPTIDE1,PEPTIDE1,1:R1-7:R2$$$",-6.54281096
"PEPTIDE1{Y.Y.L.L.Q.dD.P}$PEPTIDE1,PEPTIDE1,1:R1-7:R2$$$",-6.48874565
"PEPTIDE1{Q.G.G.G.G.F.G}$PEPTIDE1,PEPTIDE1,1:R1-7:R2$$$",-6.98312878
"PEPTIDE1{G.X2749.X49.L.X1813.Aze.X2328}$PEPTIDE1,PEPTIDE1,1:R1-7:R2$$$",-7.02979835
"PEPTIDE1{P.X1942.Y.G.F.X786.X683}$PEPTIDE1,PEPTIDE1,1:R1-7:R2$$$",-7.72219138
"PEPTIDE1{X1664.P.X1664.G.F.Y.dP}$PEPTIDE1,PEPTIDE1,1:R1-7:R2$$$",-6.46567526
"PEPTIDE1{X114.Y.X1811.X2328.dS.Q.X1294}$PEPTIDE1,PEPTIDE1,1:R1-7:R2$$$",-8.00344529
"PEPTIDE1{L.F.X1813.X1294.Y.X490.X2516}$PEPTIDE1,PEPTIDE1,1:R1-7:R2$$$",-6.43609051
"PEPTIDE1{R.Q.X2432.Y.X49.G.G}$PEPTIDE1,PEPTIDE1,1:R1-7:R2$$$",-6.95494607
"PEPTIDE1{G.X7.Y.X1395.P.dR.X255}$PEPTIDE1,PEPTIDE1,1:R1-7:R2$$$",-7.51459269
"PEPTIDE1{F.Q.Q.Q.Y.F.X2278}$PEPTIDE1,PEPTIDE1,1:R1-7:R2$$$",-7.24958575
"PEPTIDE1{P.P.X1038.X1004.dP.Q.X612}$PEPTIDE1,PEPTIDE1,1:R1-7:R2$$$",-7.01763276
"PEPTIDE1{X1004.X534.L.Y.Q.X1837.G}$PEPTIDE1,PEPTIDE1,1:R1-7:R2$$$",-7.49632887
"PEPTIDE1{P.G.P.Q.X822.Y.X2754}$PEPTIDE1,PEPTIDE1,1:R1-7:R2$$$",-7.32508955
"PEPTIDE1{L.X315.X822.F.F.X233.P}$PEPTIDE1,PEPTIDE1,1:R1-7:R2$$$",-6.85951881
"PEPTIDE1{G.Phe(CHF2).G.L.Y.P.dP}$PEPTIDE1,PEPTIDE1,1:R1-7:R2$$$",-6.59662824
"PEPTIDE1{Mono106.P.P.X786.Y.X2364.Q}$PEPTIDE1,PEPTIDE1,1:R1-7:R2$$$",-6.96579879
"PEPTIDE1{L.Y.dP.X946.Y.X1004.dP}$PEPTIDE1,PEPTIDE1,1:R1-7:R2$$$",-6.28083223
"PEPTIDE1{P.G.X542.Q.X2791.X7.A}$PEPTIDE1,PEPTIDE1,1:R1-7:R2$$$",-7.53092579
"PEPTIDE1{P.X956.X1777.G.dP.X529.X314}$PEPTIDE1,PEPTIDE1,1:R1-7:R2$$$",-6.92315336
"PEPTIDE1{F.X956.G.L.L.G.Aze}$PEPTIDE1,PEPTIDE1,1:R1-7:R2$$$",-6.78818024
"PEPTIDE1{L.L.Y.G.X786.G.Y}$PEPTIDE1,PEPTIDE1,1:R1-7:R2$$$",-6.83023867
"PEPTIDE1{X2327.G.X1457.P.G.P.X1004}$PEPTIDE1,PEPTIDE1,1:R1-7:R2$$$",-6.42848438
"PEPTIDE1{R.R.X1768.X591.Y.L.X956}$PEPTIDE1,PEPTIDE1,1:R1-7:R2$$$",-7.37575196
"PEPTIDE1{X523.dD.X1457.R.F.X233.Q}$PEPTIDE1,PEPTIDE1,1:R1-7:R2$$$",-6.54343488
"PEPTIDE1{X2432.P.Y.X232.T.F.am_F}$PEPTIDE1,PEPTIDE1,1:R1-7:R2$$$",-6.68154612
"PEPTIDE1{Mono50.G.P.F.X11.R.G}$PEPTIDE1,PEPTIDE1,1:R1-7:R2$$$",-7.27308692
"PEPTIDE1{P.X425.G.Q.P.X255.X981}$PEPTIDE1,PEPTIDE1,1:R1-7:R2$$$",-6.78533186
"PEPTIDE1{Mono106.R.Y.F.G.dP.G}$PEPTIDE1,PEPTIDE1,1:R1-7:R2$$$",-7.29949369
"PEPTIDE1{X785.G.G.G.R.X6.X2791}$PEPTIDE1,PEPTIDE1,1:R1-7:R2$$$",-7.30077787
"PEPTIDE1{Y.Q.X375.L.X786.X2285.G}$PEPTIDE1,PEPTIDE1,1:R1-7:R2$$$",-6.90497621
"PEPTIDE1{Mono19.X2432.Y.R.X2258.R.X946}$PEPTIDE1,PEPTIDE1,1:R1-7:R2$$$",-7.26823705
"PEPTIDE1{Y.Q.X1004.P.X1837.Y.P}$PEPTIDE1,PEPTIDE1,1:R1-7:R2$$$",-6.92726129
"PEPTIDE1{Y.L.Q.L.X1432.X601.Y}$PEPTIDE1,PEPTIDE1,1:R1-7:R2$$$",-7.20620872
"PEPTIDE1{P.F.Q.F.X2432.1-Nal.X490}$PEPTIDE1,PEPTIDE1,1:R1-7:R2$$$",-6.49240024
"PEPTIDE1{F.G.Y.P.Y.R.X916}$PEPTIDE1,PEPTIDE1,1:R1-7:R2$$$",-7.44878728
"PEPTIDE1{X2719.G.Y.Y.A.L.X3011}$PEPTIDE1,PEPTIDE1,1:R1-7:R2$$$",-7.01222283
"PEPTIDE1{X46.Y.Q.X2432.L.Q.X1895}$PEPTIDE1,PEPTIDE1,1:R1-7:R2$$$",-7.22828351
"PEPTIDE1{P.P.Mono50.X1664.X425.G.X2403}$PEPTIDE1,PEPTIDE1,1:R1-7:R2$$$",-7.24994077
"PEPTIDE1{Y.X233.X2258.X946.Y.F.G}$PEPTIDE1,PEPTIDE1,1:R1-7:R2$$$",-7.30869958
"PEPTIDE1{Hpr.G.X1811.X1004.Q.L.Y}$PEPTIDE1,PEPTIDE1,1:R1-7:R2$$$",-8.33155595
"PEPTIDE1{G.Q.G.F.P.L.X1004}$PEPTIDE1,PEPTIDE1,1:R1-7:R2$$$",-7.24172660
"PEPTIDE1{G.G.Y.F.Q.A.Q}$PEPTIDE1,PEPTIDE1,1:R1-7:R2$$$",-7.21574271
"PEPTIDE1{Mono107.G.dP.Q.Y.X822.lalloHyp}$PEPTIDE1,PEPTIDE1,1:R1-7:R2$$$",-7.12568438
"PEPTIDE1{X2719.Y.X786.X1720.G.L.P}$PEPTIDE1,PEPTIDE1,1:R1-7:R2$$$",-7.23510174
"PEPTIDE1{Q.X196.S.X1811.X1004.L.P}$PEPTIDE1,PEPTIDE1,1:R1-7:R2$$$",-8.16760000
"PEPTIDE1{X1664.P.Y.G.X2432.X612.X2258}$PEPTIDE1,PEPTIDE1,1:R1-7:R2$$$",-6.86044213
"PEPTIDE1{X2285.A.Y.X981.G.X946.Q}$PEPTIDE1,PEPTIDE1,1:R1-7:R2$$$",-6.70558481
"PEPTIDE1{X1664.F.F.L.P.G.Q}$PEPTIDE1,PEPTIDE1,1:R1-7:R2$$$",-6.77261091
"PEPTIDE1{Q.X1921.X2749.G.X2188.Y.P}$PEPTIDE1,PEPTIDE1,1:R1-7:R2$$$",-6.80056507
"PEPTIDE1{dA.R.L.X1989.X2432.X425.X798}$PEPTIDE1,PEPTIDE1,1:R1-7:R2$$$",-7.67013989
"PEPTIDE1{X1004.Q.Me_3-Pal.P.G.X683.Y}$PEPTIDE1,PEPTIDE1,1:R1-7:R2$$$",-6.94671582
"PEPTIDE1{X490.X631.X2328.F.X1540.F.X2516}$PEPTIDE1,PEPTIDE1,1:R1-7:R2$$$",-6.87789225
"PEPTIDE1{X2328.Q.Mono106.Q.X981.R.X2465}$PEPTIDE1,PEPTIDE1,1:R1-7:R2$$$",-7.10901981
"PEPTIDE1{Aze.X537.G.X1038.X2432.X2258.dP}$PEPTIDE1,PEPTIDE1,1:R1-7:R2$$$",-6.61868033
"PEPTIDE1{Y.Y.L.X2527.X1895.G.Mono19}$PEPTIDE1,PEPTIDE1,1:R1-7:R2$$$",-7.47978240
"PEPTIDE1{F.X1004.X1004.Q.G.P.P}$PEPTIDE1,PEPTIDE1,1:R1-7:R2$$$",-7.42333381
"PEPTIDE1{G.P.Pro(4-F2).G.d3-Pal.X1393.A}$PEPTIDE1,PEPTIDE1,1:R1-7:R2$$$",-7.21227774
"PEPTIDE1{X2432.R.X2328.P.F.R.G}$PEPTIDE1,PEPTIDE1,1:R1-7:R2$$$",-7.67750680
"PEPTIDE1{Y.G.P.G.X956.Y.P}$PEPTIDE1,PEPTIDE1,1:R1-7:R2$$$",-6.99337686
"PEPTIDE1{R.X1895.P.G.G.X425.A}$PEPTIDE1,PEPTIDE1,1:R1-7:R2$$$",-7.45866079
"PEPTIDE1{L.X956.Y.X2461.dP.F.P}$PEPTIDE1,PEPTIDE1,1:R1-7:R2$$$",-6.10607627
"PEPTIDE1{G.Y.R.X1395.X1813.Y.X2791}$PEPTIDE1,PEPTIDE1,1:R1-7:R2$$$",-7.36330238
"PEPTIDE1{X981.F.X2339.X1004.Y.Y.Y}$PEPTIDE1,PEPTIDE1,1:R1-7:R2$$$",-7.00347734
"PEPTIDE1{G.X2432.X490.Y.Y.G.G}$PEPTIDE1,PEPTIDE1,1:R1-7:R2$$$",-6.45842465
"PEPTIDE1{X1699.G.X786.GABA.X946.G.Q}$PEPTIDE1,PEPTIDE1,1:R1-7:R2$$$",-6.75935037
"PEPTIDE1{X2501.X1895.G.X2432.X1811.Q.Y}$PEPTIDE1,PEPTIDE1,1:R1-7:R2$$$",-8.21800000
"PEPTIDE1{X1004.X375.X2432.G.X1720.X622.X305}$PEPTIDE1,PEPTIDE1,1:R1-7:R2$$$",-6.65281742
"PEPTIDE1{R.F.X981.X1813.R.X1956.X490}$PEPTIDE1,PEPTIDE1,1:R1-7:R2$$$",-6.63418910
"PEPTIDE1{X2577.Aze.X1457.X725.G.X956.Q}$PEPTIDE1,PEPTIDE1,1:R1-7:R2$$$",-6.68574307
"PEPTIDE1{F.X1913.G.F.P.dW.A}$PEPTIDE1,PEPTIDE1,1:R1-7:R2$$$",-7.09326297
"PEPTIDE1{G.X11.X956.P.X2754.G.X314}$PEPTIDE1,PEPTIDE1,1:R1-7:R2$$$",-7.29481688
"PEPTIDE1{X2403.R.L.X196.R.X261.X1004}$PEPTIDE1,PEPTIDE1,1:R1-7:R2$$$",-7.38916456
"PEPTIDE1{X1540.X420.X2258.d(N->O)Gly(allyl).X2328.Mono107.Y}$PEPTIDE1,PEPTIDE1,1:R1-7:R2$$$",-7.62108736
"PEPTIDE1{G.dD.L.R.Q.X1609.am_G}$PEPTIDE1,PEPTIDE1,1:R1-7:R2$$$",-6.97292194
"PEPTIDE1{F.Y.F.X822.G.F.G}$PEPTIDE1,PEPTIDE1,1:R1-7:R2$$$",-7.45415027
"PEPTIDE1{L.X612.Y.X1432.P.X956.Y}$PEPTIDE1,PEPTIDE1,1:R1-7:R2$$$",-7.32430821
"PEPTIDE1{P.Aze.X981.Bal.Q.X2432.G}$PEPTIDE1,PEPTIDE1,1:R1-7:R2$$$",-6.72205984
"PEPTIDE1{F.F.F.Y.L.Q.Y}$PEPTIDE1,PEPTIDE1,1:R1-7:R2$$$",-7.48559194
"PEPTIDE1{X425.X2804.Y.L.Me_1-Nal.X425.Cit}$PEPTIDE1,PEPTIDE1,1:R1-7:R2$$$",-6.41975624
"PEPTIDE1{X6.R.X1918.F.dP.A.A}$PEPTIDE1,PEPTIDE1,1:R1-7:R2$$$",-7.13476192
"PEPTIDE1{X46.G.X591.Q.Y.F.Y}$PEPTIDE1,PEPTIDE1,1:R1-7:R2$$$",-7.31005154
"PEPTIDE1{Y.P.Y.P.P.Q.dHpr}$PEPTIDE1,PEPTIDE1,1:R1-7:R2$$$",-6.32317320
"PEPTIDE1{Q.Y.X1213.X1788.X2048.X1777.Q}$PEPTIDE1,PEPTIDE1,1:R1-7:R2$$$",-6.57081534
"PEPTIDE1{X375.X1119.X2285.P.Q.G.X786}$PEPTIDE1,PEPTIDE1,1:R1-7:R2$$$",-7.05187424
"PEPTIDE1{X1918.X956.X956.Y.F.Y.G}$PEPTIDE1,PEPTIDE1,1:R1-7:R2$$$",-7.16846453
"PEPTIDE1{L.Q.G.X2048.R.am_G.X315}$PEPTIDE1,PEPTIDE1,1:R1-7:R2$$$",-6.62356694
"PEPTIDE1{X2328.X1504.d3-Pal.G.X822.L.X232}$PEPTIDE1,PEPTIDE1,1:R1-7:R2$$$",-7.87710000
"PEPTIDE1{G.Mono107.X1811.dHpr.X391.X425.(N->O)Tyr}$PEPTIDE1,PEPTIDE1,1:R1-7:R2$$$",-6.72160258
"PEPTIDE1{G.X255.G.G.X2432.Y.X1004}$PEPTIDE1,PEPTIDE1,1:R1-7:R2$$$",-7.03444653
"PEPTIDE1{X2577.X1956.P.G.Mono107.X2432.Y}$PEPTIDE1,PEPTIDE1,1:R1-7:R2$$$",-6.91784850
"PEPTIDE1{X1457.G.X631.G.Mono106.F.X196}$PEPTIDE1,PEPTIDE1,1:R1-7:R2$$$",-7.23876347
"PEPTIDE1{L.G.R.R.dHpr.X798.X956}$PEPTIDE1,PEPTIDE1,1:R1-7:R2$$$",-6.75802102
"PEPTIDE1{X375.X2719.X956.X786.Mono16.P.Mono51}$PEPTIDE1,PEPTIDE1,1:R1-7:R2$$$",-6.92333098
"PEPTIDE1{G.X709.X956.G.Q.X490.X1004}$PEPTIDE1,PEPTIDE1,1:R1-7:R2$$$",-6.67537104
"PEPTIDE1{Y.R.X1829.Q.G.G.X195}$PEPTIDE1,PEPTIDE1,1:R1-7:R2$$$",-6.72121649
"PEPTIDE1{X785.G.P.R.G.P.X490}$PEPTIDE1,PEPTIDE1,1:R1-7:R2$$$",-6.75122991
"PEPTIDE1{F.F.L.X542.L.X956.X1004}$PEPTIDE1,PEPTIDE1,1:R1-7:R2$$$",-7.20250538
"PEPTIDE1{X2433.R.X1206.P.X1664.X1432.X1393}$PEPTIDE1,PEPTIDE1,1:R1-7:R2$$$",-7.10681950
"PEPTIDE1{X490.P.G.X2432.P.X612.G}$PEPTIDE1,PEPTIDE1,1:R1-7:R2$$$",-6.46529688
"PEPTIDE1{Y.G.Y.Y.Y.X232.Q}$PEPTIDE1,PEPTIDE1,1:R1-7:R2$$$",-6.58535285
"PEPTIDE1{dS.X981.Q.X1004.G.G.Y}$PEPTIDE1,PEPTIDE1,1:R1-7:R2$$$",-6.36648093
"PEPTIDE1{Q.G.G.X1800.G.G.Aze}$PEPTIDE1,PEPTIDE1,1:R1-7:R2$$$",-6.83859146
"PEPTIDE1{X2328.X490.G.X11.X2432.F.Aze}$PEPTIDE1,PEPTIDE1,1:R1-7:R2$$$",-7.04920957
"PEPTIDE1{R.Y.Mono19.G.X2432.X1294.X196}$PEPTIDE1,PEPTIDE1,1:R1-7:R2$$$",-7.56207769
"PEPTIDE1{dP.X956.G.Q.P.Y.X591}$PEPTIDE1,PEPTIDE1,1:R1-7:R2$$$",-6.91503758
"PEPTIDE1{X1029.X1956.X1207.X126.Q.Y.X946}$PEPTIDE1,PEPTIDE1,1:R1-7:R2$$$",-6.70732733
"PEPTIDE1{R.X2669.X946.X1432.G.Q.dHpr}$PEPTIDE1,PEPTIDE1,1:R1-7:R2$$$",-6.78702743
"PEPTIDE1{Q.G.X946.G.X2432.X2577.P}$PEPTIDE1,PEPTIDE1,1:R1-7:R2$$$",-6.69266415
"PEPTIDE1{R.X1811.G.X1035.P.X1410.Q}$PEPTIDE1,PEPTIDE1,1:R1-7:R2$$$",-8.53961037
"PEPTIDE1{X916.F.X2577.Q.G.X2432.G}$PEPTIDE1,PEPTIDE1,1:R1-7:R2$$$",-7.02257784
"PEPTIDE1{Q.Q.R.G.dHpr.Y.P}$PEPTIDE1,PEPTIDE1,1:R1-7:R2$$$",-6.87280917
"PEPTIDE1{X591.X1664.X2285.X2432.X786.P.X981}$PEPTIDE1,PEPTIDE1,1:R1-7:R2$$$",-6.93759985
"PEPTIDE1{G.Q.X1956.X2577.G.X2516.P}$PEPTIDE1,PEPTIDE1,1:R1-7:R2$$$",-7.14379392
"PEPTIDE1{Y.Mono50.X49.X2669.P.Y.G}$PEPTIDE1,PEPTIDE1,1:R1-7:R2$$$",-7.09521046
"PEPTIDE1{L.F.G.X1699.G.X2432.Q}$PEPTIDE1,PEPTIDE1,1:R1-7:R2$$$",-6.51734669
"PEPTIDE1{X299.dD.L.Y.X3004.A.X591}$PEPTIDE1,PEPTIDE1,1:R1-7:R2$$$",-6.80593965
"PEPTIDE1{L.X786.Q.Y.Q.X2432.X863}$PEPTIDE1,PEPTIDE1,1:R1-7:R2$$$",-7.06136785
"PEPTIDE1{F.Mono106.L.X1206.X49.G.P}$PEPTIDE1,PEPTIDE1,1:R1-7:R2$$$",-6.86812818
"PEPTIDE1{Q.Y.X314.R.X1410.am_G.P}$PEPTIDE1,PEPTIDE1,1:R1-7:R2$$$",-7.51330401
"PEPTIDE1{R.Q.X2432.X387.X1895.L.am_F}$PEPTIDE1,PEPTIDE1,1:R1-7:R2$$$",-6.74459620
"PEPTIDE1{G.X490.L.HOCOCH2_Bal.X822.R.X2132}$PEPTIDE1,PEPTIDE1,1:R1-7:R2$$$",-6.41726386
"PEPTIDE1{X1895.F.Y.X490.X1004.X232.(N->O)Val}$PEPTIDE1,PEPTIDE1,1:R1-7:R2$$$",-7.30101282
"PEPTIDE1{Mono107.X196.X2403.F.X2432.X2328.Q}$PEPTIDE1,PEPTIDE1,1:R1-7:R2$$$",-7.38762351
"PEPTIDE1{G.G.F.dP.P.X314.P}$PEPTIDE1,PEPTIDE1,1:R1-7:R2$$$",-6.80417664
"PEPTIDE1{Y.X1004.d(N->O)Gly(allyl).R.X956.R.G}$PEPTIDE1,PEPTIDE1,1:R1-7:R2$$$",-7.26324881
"PEPTIDE1{F.G.L.dHpr.X1788.Q.X11}$PEPTIDE1,PEPTIDE1,1:R1-7:R2$$$",-6.55241256
"PEPTIDE1{G.X956.R.G.X2432.X2577.G}$PEPTIDE1,PEPTIDE1,1:R1-7:R2$$$",-6.93119451
"PEPTIDE1{A.P.Trp(7-Br).R.X631.P.X232}$PEPTIDE1,PEPTIDE1,1:R1-7:R2$$$",-7.06114561
"PEPTIDE1{X46.R.G.G.X232.X261.P}$PEPTIDE1,PEPTIDE1,1:R1-7:R2$$$",-6.69698124
"PEPTIDE1{X2813.X956.X113.Mono60.Q.Q.Q}$PEPTIDE1,PEPTIDE1,1:R1-7:R2$$$",-6.72654906
"PEPTIDE1{X1004.X683.A.L.X1895.Y.A}$PEPTIDE1,PEPTIDE1,1:R1-7:R2$$$",-7.44594912
"PEPTIDE1{R.Y.X591.F.P.P.X786}$PEPTIDE1,PEPTIDE1,1:R1-7:R2$$$",-6.91036559
"PEPTIDE1{P.X7.P.X255.X956.G.G}$PEPTIDE1,PEPTIDE1,1:R1-7:R2$$$",-6.95861280
"PEPTIDE1{X1004.X956.X2432.X6.F.X867.G}$PEPTIDE1,PEPTIDE1,1:R1-7:R2$$$",-6.44123331
"PEPTIDE1{R.F.X7.F.dNle.X2432.P}$PEPTIDE1,PEPTIDE1,1:R1-7:R2$$$",-7.11283312
"PEPTIDE1{G.X946.R.R.Y.Mono50.P}$PEPTIDE1,PEPTIDE1,1:R1-7:R2$$$",-7.27288808
"PEPTIDE1{Q.Q.F.Y.X1540.P.Q}$PEPTIDE1,PEPTIDE1,1:R1-7:R2$$$",-6.89963080
"PEPTIDE1{X7.P.X1004.X2577.dR.Q.Q}$PEPTIDE1,PEPTIDE1,1:R1-7:R2$$$",-7.11994773
"PEPTIDE1{F.X2588.P.P.X956.L.X490}$PEPTIDE1,PEPTIDE1,1:R1-7:R2$$$",-6.18222458
"PEPTIDE1{Y.X591.X1956.G.Y.P.Aze}$PEPTIDE1,PEPTIDE1,1:R1-7:R2$$$",-6.81515403
"PEPTIDE1{dL.X1777.L.Q.R.dS.X1664}$PEPTIDE1,PEPTIDE1,1:R1-7:R2$$$",-6.92886733
"PEPTIDE1{X1769.Y.F.L.X1119.X1699.Q}$PEPTIDE1,PEPTIDE1,1:R1-7:R2$$$",-6.52179283
"PEPTIDE1{Q.Y.G.Q.X11.X3004.A}$PEPTIDE1,PEPTIDE1,1:R1-7:R2$$$",-7.13007835
"PEPTIDE1{P.X2188.P.X946.Q.P.G}$PEPTIDE1,PEPTIDE1,1:R1-7:R2$$$",-6.63583207
"PEPTIDE1{X6.R.Y.X3004.X1918.L.X305}$PEPTIDE1,PEPTIDE1,1:R1-7:R2$$$",-6.74418900
"PEPTIDE1{G.Mono51.G.G.d(N->O)Gly(allyl).X2432.Q}$PEPTIDE1,PEPTIDE1,1:R1-7:R2$$$",-6.84970354
"PEPTIDE1{X2830.P.Q.A.R.L.X261}$PEPTIDE1,PEPTIDE1,1:R1-7:R2$$$",-6.92874399
"PEPTIDE1{Y.am_G.Y.F.G.X1693.X2671}$PEPTIDE1,PEPTIDE1,1:R1-7:R2$$$",-6.85639789
"PEPTIDE1{X946.Y.Q.X314.P.meL.Y}$PEPTIDE1,PEPTIDE1,1:R1-7:R2$$$",-6.44165932
"PEPTIDE1{X196.G.X956.Y.R.Aze.P}$PEPTIDE1,PEPTIDE1,1:R1-7:R2$$$",-6.65487035
"PEPTIDE1{L.P.dHpr.X232.X2113.X2432.X3004}$PEPTIDE1,PEPTIDE1,1:R1-7:R2$$$",-6.53264476
"PEPTIDE1{Q.P.dHpr.X1395.P.X175.X725}$PEPTIDE1,PEPTIDE1,1:R1-7:R2$$$",-8.08470731
"PEPTIDE1{Y.X1457.X2432.X375.G.X1702.X631}$PEPTIDE1,PEPTIDE1,1:R1-7:R2$$$",-6.39629302
"PEPTIDE1{G.P.Mono19.X297.F.Mono60.Y}$PEPTIDE1,PEPTIDE1,1:R1-7:R2$$$",-6.67398131
"PEPTIDE1{Q.X1035.Bal.X1664.A.X2791.Phe(CHF2)}$PEPTIDE1,PEPTIDE1,1:R1-7:R2$$$",-6.78126404
"PEPTIDE1{Q.X1664.X2188.G.X1770.X1393.G}$PEPTIDE1,PEPTIDE1,1:R1-7:R2$$$",-6.91277720
"PEPTIDE1{R.P.P.X3004.X2432.X425.P}$PEPTIDE1,PEPTIDE1,1:R1-7:R2$$$",-6.99012374
"PEPTIDE1{G.Y.F.G.X297.Q.X1393}$PEPTIDE1,PEPTIDE1,1:R1-7:R2$$$",-6.27864238
"PEPTIDE1{F.X2258.X2461.A.Y.Q.G}$PEPTIDE1,PEPTIDE1,1:R1-7:R2$$$",-6.41597748
"PEPTIDE1{dR.F.X1829.G.L.Y.Y}$PEPTIDE1,PEPTIDE1,1:R1-7:R2$$$",-6.50293360
"PEPTIDE1{X2501.X314.Mono16.G.X631.am_G.Y}$PEPTIDE1,PEPTIDE1,1:R1-7:R2$$$",-7.13576070
"PEPTIDE1{Y.Y.Y.Y.Q.X1704.X2113}$PEPTIDE1,PEPTIDE1,1:R1-7:R2$$$",-6.52223696
"PEPTIDE1{X179.F.P.G.X1788.P.Q}$PEPTIDE1,PEPTIDE1,1:R1-7:R2$$$",-6.64506224
"PEPTIDE1{F.X233.Q.G.X798.X2791.Mono106}$PEPTIDE1,PEPTIDE1,1:R1-7:R2$$$",-7.38392050
"PEPTIDE1{X136.G.X375.R.Mono107.R.X2461}$PEPTIDE1,PEPTIDE1,1:R1-7:R2$$$",-6.42839344
"PEPTIDE1{X1004.X981.X2432.dNle.X2432.P.dSer(Bzl)}$PEPTIDE1,PEPTIDE1,1:R1-7:R2$$$",-6.07806506
"PEPTIDE1{R.X1811.X2203.P.P.X1029.P}$PEPTIDE1,PEPTIDE1,1:R1-7:R2$$$",-7.83242409
"PEPTIDE1{dHpr.X1350.P.Y.dHpr.Q.P}$PEPTIDE1,PEPTIDE1,1:R1-7:R2$$$",-6.52870508
"PEPTIDE1{Y.L.A.P.G.Q.G}$PEPTIDE1,PEPTIDE1,1:R1-7:R2$$$",-7.01446358
"PEPTIDE1{Mono107.X2225.X1664.X946.X7.X591.Q}$PEPTIDE1,PEPTIDE1,1:R1-7:R2$$$",-6.98809300
"PEPTIDE1{Q.(N->O)Val.G.X2461.X46.Mono50.Y}$PEPTIDE1,PEPTIDE1,1:R1-7:R2$$$",-6.76441161
"PEPTIDE1{Q.X870.X2432.X425.X2328.X663.G}$PEPTIDE1,PEPTIDE1,1:R1-7:R2$$$",-6.66911057
"PEPTIDE1{X2432.X1813.Q.X1038.G.G.X577}$PEPTIDE1,PEPTIDE1,1:R1-7:R2$$$",-7.40375428
"PEPTIDE1{R.Cit.P.P.X1971.F.X612}$PEPTIDE1,PEPTIDE1,1:R1-7:R2$$$",-6.47563831
"PEPTIDE1{R.X1294.X233.X956.G.dHpr.G}$PEPTIDE1,PEPTIDE1,1:R1-7:R2$$$",-6.59951315
"PEPTIDE1{Y.Q.R.Y.G.G.P}$PEPTIDE1,PEPTIDE1,1:R1-7:R2$$$",-7.33867439
"PEPTIDE1{G.L.X612.X1661.dP.X1432.G}$PEPTIDE1,PEPTIDE1,1:R1-7:R2$$$",-6.53951285
"PEPTIDE1{L.Y.R.X981.Y.X2327.G}$PEPTIDE1,PEPTIDE1,1:R1-7:R2$$$",-6.45950252
"PEPTIDE1{Y.Q.R.L.X1693.dP.Q}$PEPTIDE1,PEPTIDE1,1:R1-7:R2$$$",-6.62477885
"PEPTIDE1{X946.Q.X2364.P.P.P.G}$PEPTIDE1,PEPTIDE1,1:R1-7:R2$$$",-6.41597024
"PEPTIDE1{F.G.Q.lalloHyp.L.X2258.Bal}$PEPTIDE1,PEPTIDE1,1:R1-7:R2$$$",-6.76033763
"PEPTIDE1{X490.R.R.X1004.R.Q.X822}$PEPTIDE1,PEPTIDE1,1:R1-7:R2$$$",-6.71841325
"PEPTIDE1{Y.P.X2432.X2432.X1010.X1004.P}$PEPTIDE1,PEPTIDE1,1:R1-7:R2$$$",-6.60991507
"PEPTIDE1{Y.G.L.L.Q.X1895.dR}$PEPTIDE1,PEPTIDE1,1:R1-7:R2$$$",-7.47437849
"PEPTIDE1{R.X2669.(N->O)Val.L.Q.X1811.G}$PEPTIDE1,PEPTIDE1,1:R1-7:R2$$$",-8.49122548
"PEPTIDE1{Q.Aze.Q.Y.Y.Q.Y}$PEPTIDE1,PEPTIDE1,1:R1-7:R2$$$",-6.66114247
"PEPTIDE1{dP.Q.X956.X81.Q.Y.Q}$PEPTIDE1,PEPTIDE1,1:R1-7:R2$$$",-6.70658924
"PEPTIDE1{R.X683.X956.G.G.X2188.X631}$PEPTIDE1,PEPTIDE1,1:R1-7:R2$$$",-7.38984689
"PEPTIDE1{Y.X956.Y.Y.P.X2258.Mono106}$PEPTIDE1,PEPTIDE1,1:R1-7:R2$$$",-6.93283503
"PEPTIDE1{Y.Y.G.G.A.Y.P}$PEPTIDE1,PEPTIDE1,1:R1-7:R2$$$",-7.38344760
"PEPTIDE1{Q.H.G.X2671.G.R.P}$PEPTIDE1,PEPTIDE1,1:R1-7:R2$$$",-7.35526167
"PEPTIDE1{Q.Y.Q.X2403.F.Y.Q}$PEPTIDE1,PEPTIDE1,1:R1-7:R2$$$",-7.37611710
"PEPTIDE1{P.X46.Q.X179.F.G.X573}$PEPTIDE1,PEPTIDE1,1:R1-7:R2$$$",-7.23330086
"PEPTIDE1{F.G.X2432.F.Cha.G.Y}$PEPTIDE1,PEPTIDE1,1:R1-7:R2$$$",-6.77900775
"PEPTIDE1{A.L.X2432.X792.(N->O)Tyr.X315.X196}$PEPTIDE1,PEPTIDE1,1:R1-7:R2$$$",-6.90176657
"PEPTIDE1{G.lalloHyp.F.Q.Mono107.R.A}$PEPTIDE1,PEPTIDE1,1:R1-7:R2$$$",-6.91620180
"PEPTIDE1{G.P.Q.X49.X956.G.X1788}$PEPTIDE1,PEPTIDE1,1:R1-7:R2$$$",-6.73993216
"PEPTIDE1{R.Y.P.G.Y.Mono19.X1661}$PEPTIDE1,PEPTIDE1,1:R1-7:R2$$$",-6.84621406
"PEPTIDE1{Y.X1395.F.G.G.G.meW}$PEPTIDE1,PEPTIDE1,1:R1-7:R2$$$",-7.48795736
"PEPTIDE1{F.X2432.Mono107.R.Mono16.Q.Q}$PEPTIDE1,PEPTIDE1,1:R1-7:R2$$$",-7.01884817
"PEPTIDE1{G.X2258.L.X652.X2461.X537.X1504}$PEPTIDE1,PEPTIDE1,1:R1-7:R2$$$",-6.92424780
"PEPTIDE1{X1956.(N->O)Val.Aze.P.R.Q.(N->O)Tyr}$PEPTIDE1,PEPTIDE1,1:R1-7:R2$$$",-6.64715028
"PEPTIDE1{G.G.F.F.G.P.Y}$PEPTIDE1,PEPTIDE1,1:R1-7:R2$$$",-7.44750522
"PEPTIDE1{X534.Q.X2432.G.X297.F.A}$PEPTIDE1,PEPTIDE1,1:R1-7:R2$$$",-6.16954206
"PEPTIDE1{G.X567.X2432.Y.P.L.G}$PEPTIDE1,PEPTIDE1,1:R1-7:R2$$$",-7.10707341
"PEPTIDE1{A.Q.X981.Q.X2432.L.X3004}$PEPTIDE1,PEPTIDE1,1:R1-7:R2$$$",-6.43296346
"PEPTIDE1{F.G.Y.X1811.X3004.G.G}$PEPTIDE1,PEPTIDE1,1:R1-7:R2$$$",-7.61548216
"PEPTIDE1{X567.R.G.G.dHpr.F.G}$PEPTIDE1,PEPTIDE1,1:R1-7:R2$$$",-7.10266397
"PEPTIDE1{G.X1457.X956.X2577.X1206.Q.X981}$PEPTIDE1,PEPTIDE1,1:R1-7:R2$$$",-6.23970499
"PEPTIDE1{P.Y.R.R.X2554.P.Q}$PEPTIDE1,PEPTIDE1,1:R1-7:R2$$$",-6.74991190
"PEPTIDE1{Y.R.X2329.X232.X956.F.dP}$PEPTIDE1,PEPTIDE1,1:R1-7:R2$$$",-7.04940888
"PEPTIDE1{F.L.Y.L.R.X956.P}$PEPTIDE1,PEPTIDE1,1:R1-7:R2$$$",-6.63337889
"PEPTIDE1{Y.X2113.G.P.L.F.X591}$PEPTIDE1,PEPTIDE1,1:R1-7:R2$$$",-7.28694686
"PEPTIDE1{G.Y.X2830.dS.X305.X1837.X2432}$PEPTIDE1,PEPTIDE1,1:R1-7:R2$$$",-6.79964882
"PEPTIDE1{G.G.X1498.G.X1588.G.X2327}$PEPTIDE1,PEPTIDE1,1:R1-7:R2$$$",-6.96697608
"PEPTIDE1{P.X490.G.Y.X7.X956.G}$PEPTIDE1,PEPTIDE1,1:R1-7:R2$$$",-6.59080280
"PEPTIDE1{Q.X3004.L.L.F.Y.Q}$PEPTIDE1,PEPTIDE1,1:R1-7:R2$$$",-6.60865214
"PEPTIDE1{X663.G.X1004.Mono51.Y.Y.X1956}$PEPTIDE1,PEPTIDE1,1:R1-7:R2$$$",-6.07824032
"PEPTIDE1{G.Mono107.2-Pal.G.X1801.R.Q}$PEPTIDE1,PEPTIDE1,1:R1-7:R2$$$",-7.47341749
"PEPTIDE1{Q.Q.X6.G.R.X2328.X1695}$PEPTIDE1,PEPTIDE1,1:R1-7:R2$$$",-7.89750756
"PEPTIDE1{X1895.X956.X49.Q.F.X956.X1829}$PEPTIDE1,PEPTIDE1,1:R1-7:R2$$$",-6.71773143
"PEPTIDE1{P.X233.X1777.G.X196.X2432.G}$PEPTIDE1,PEPTIDE1,1:R1-7:R2$$$",-6.74361649
"PEPTIDE1{F.A.X1004.P.d(N->O)Gly(allyl).G.X49}$PEPTIDE1,PEPTIDE1,1:R1-7:R2$$$",-7.07958693
"PEPTIDE1{G.L.X2577.R.Q.X2432.P}$PEPTIDE1,PEPTIDE1,1:R1-7:R2$$$",-7.04394121
"PEPTIDE1{Mono107.Mono107.X299.X1749.G.G.G}$PEPTIDE1,PEPTIDE1,1:R1-7:R2$$$",-7.04073756
"PEPTIDE1{G.P.L.P.F.P.Bal}$PEPTIDE1,PEPTIDE1,1:R1-7:R2$$$",-7.18943431
"PEPTIDE1{F.X824.dHpr.L.X2432.X1395.P}$PEPTIDE1,PEPTIDE1,1:R1-7:R2$$$",-6.28241753
"PEPTIDE1{P.Q.X956.R.G.X2577.Q}$PEPTIDE1,PEPTIDE1,1:R1-7:R2$$$",-6.89899730
"PEPTIDE1{G.Y.X612.R.L.Q.Q}$PEPTIDE1,PEPTIDE1,1:R1-7:R2$$$",-7.04174354
"PEPTIDE1{L.Mono19.P.F.R.X1393.X529}$PEPTIDE1,PEPTIDE1,1:R1-7:R2$$$",-7.10969350
"PEPTIDE1{R.X956.G.G.G.P.X1432}$PEPTIDE1,PEPTIDE1,1:R1-7:R2$$$",-7.07074260
"PEPTIDE1{Y.X591.X1811.X1918.Q.X3004.X1941}$PEPTIDE1,PEPTIDE1,1:R1-7:R2$$$",-7.82708012
"PEPTIDE1{X490.G.G.P.X956.X956.Y}$PEPTIDE1,PEPTIDE1,1:R1-7:R2$$$",-6.65866298
"PEPTIDE1{G.Q.X302.X2432.X1772.X1811.P}$PEPTIDE1,PEPTIDE1,1:R1-7:R2$$$",-7.80261113
"PEPTIDE1{X11.P.X2432.X946.X652.Q.G}$PEPTIDE1,PEPTIDE1,1:R1-7:R2$$$",-6.88059818
"PEPTIDE1{A.G.R.G.Bal.Y.G}$PEPTIDE1,PEPTIDE1,1:R1-7:R2$$$",-7.06482317
"PEPTIDE1{X737.X2432.L.X233.G.F.Q}$PEPTIDE1,PEPTIDE1,1:R1-7:R2$$$",-6.86271869
"PEPTIDE1{X1457.L.X956.G.A.G.P}$PEPTIDE1,PEPTIDE1,1:R1-7:R2$$$",-6.80400023
"PEPTIDE1{F.P.P.R.G.2-Pal.Q}$PEPTIDE1,PEPTIDE1,1:R1-7:R2$$$",-6.72924141
"PEPTIDE1{X619.X956.X1664.X640.X1004.X1956.G}$PEPTIDE1,PEPTIDE1,1:R1-7:R2$$$",-7.20585484
"PEPTIDE1{Y.P.Mono19.G.Q.Q.X956}$PEPTIDE1,PEPTIDE1,1:R1-7:R2$$$",-6.92679816
"PEPTIDE1{L.G.P.P.X699.X2461.G}$PEPTIDE1,PEPTIDE1,1:R1-7:R2$$$",-6.36828176
"PEPTIDE1{A.Q.Y.(N->O)Val.X956.Aze.G}$PEPTIDE1,PEPTIDE1,1:R1-7:R2$$$",-6.77544538
"PEPTIDE1{P.X425.R.X113.(N->O)Val.P.X824}$PEPTIDE1,PEPTIDE1,1:R1-7:R2$$$",-6.61574926
"PEPTIDE1{X1664.Q.X2461.G.X49.Q.Y}$PEPTIDE1,PEPTIDE1,1:R1-7:R2$$$",-6.83974012
"PEPTIDE1{G.Aze.X591.X956.F.G.X305}$PEPTIDE1,PEPTIDE1,1:R1-7:R2$$$",-6.61894708
"PEPTIDE1{R.X1811.Y.Me_dW.A.R.X1942}$PEPTIDE1,PEPTIDE1,1:R1-7:R2$$$",-8.02070000
"PEPTIDE1{Me_dOrn.X956.Q.Q.Mono63.X981.P}$PEPTIDE1,PEPTIDE1,1:R1-7:R2$$$",-6.78581969
"PEPTIDE1{P.Y.Y.R.dP.L.Q}$PEPTIDE1,PEPTIDE1,1:R1-7:R2$$$",-6.84221830
"PEPTIDE1{P.X1294.X6.F.X1811.R.G}$PEPTIDE1,PEPTIDE1,1:R1-7:R2$$$",-7.96360000
"PEPTIDE1{R.Q.X233.G.Q.L.X314}$PEPTIDE1,PEPTIDE1,1:R1-7:R2$$$",-7.07417063
"PEPTIDE1{F.Y.Q.X1942.Y.G.P}$PEPTIDE1,PEPTIDE1,1:R1-7:R2$$$",-7.05953225
"PEPTIDE1{F.F.A.G.Y.X1410.Phi}$PEPTIDE1,PEPTIDE1,1:R1-7:R2$$$",-6.58212799
"PEPTIDE1{X2188.Aze.Y.X956.P.P.Q}$PEPTIDE1,PEPTIDE1,1:R1-7:R2$$$",-6.36076991
"PEPTIDE1{A.X956.X1989.L.Q.L.Q}$PEPTIDE1,PEPTIDE1,1:R1-7:R2$$$",-6.94756065
"PEPTIDE1{R.X1918.Mono51.F.X2516.P.X612}$PEPTIDE1,PEPTIDE1,1:R1-7:R2$$$",-6.53926512
"PEPTIDE1{Y.GABA.X1811.G.Y.R.G}$PEPTIDE1,PEPTIDE1,1:R1-7:R2$$$",-7.61502429
"PEPTIDE1{X683.L.L.Q.Y.L.Q}$PEPTIDE1,PEPTIDE1,1:R1-7:R2$$$",-6.71677391
"PEPTIDE1{P.G.Q.X956.P.P.G}$PEPTIDE1,PEPTIDE1,1:R1-7:R2$$$",-7.32081814
"PEPTIDE1{R.Q.A.L.Mono106.Q.Q}$PEPTIDE1,PEPTIDE1,1:R1-7:R2$$$",-7.12496062
"PEPTIDE1{Y.F.G.dL.Q.G.X786}$PEPTIDE1,PEPTIDE1,1:R1-7:R2$$$",-7.06326009
"PEPTIDE1{Q.X930.P.F.L.X2432.X1971}$PEPTIDE1,PEPTIDE1,1:R1-7:R2$$$",-6.39660428
"PEPTIDE1{G.Y.X1811.L.X2548.X490.G}$PEPTIDE1,PEPTIDE1,1:R1-7:R2$$$",-6.05753933
"PEPTIDE1{P.F.L.X683.X2432.G.G}$PEPTIDE1,PEPTIDE1,1:R1-7:R2$$$",-7.01773439
"PEPTIDE1{Q.G.Y.Q.A.G.X1918}$PEPTIDE1,PEPTIDE1,1:R1-7:R2$$$",-7.27911178
"PEPTIDE1{X1811.Q.X2432.G.L.Y.X2403}$PEPTIDE1,PEPTIDE1,1:R1-7:R2$$$",-8.01471538
"PEPTIDE1{dS.Q.G.X1788.P.R.X136}$PEPTIDE1,PEPTIDE1,1:R1-7:R2$$$",-6.97963747
"PEPTIDE1{G.X1010.P.L.R.X956.P}$PEPTIDE1,PEPTIDE1,1:R1-7:R2$$$",-6.56026600
"PEPTIDE1{Me_3-Pal.A.X277.X2432.G.A.G}$PEPTIDE1,PEPTIDE1,1:R1-7:R2$$$",-6.88822053
"PEPTIDE1{Y.F.Q.X2433.P.G.X1918}$PEPTIDE1,PEPTIDE1,1:R1-7:R2$$$",-7.25726406
"PEPTIDE1{F.X946.P.Q.A.Y.X1956}$PEPTIDE1,PEPTIDE1,1:R1-7:R2$$$",-6.66920238
"PEPTIDE1{X1861.X233.X6.X1720.P.G.X822}$PEPTIDE1,PEPTIDE1,1:R1-7:R2$$$",-6.53078604
"PEPTIDE1{X2258.X809.Y.G.G.L.A}$PEPTIDE1,PEPTIDE1,1:R1-7:R2$$$",-6.85089476
"PEPTIDE1{X612.G.P.R.X2328.X261.Y}$PEPTIDE1,PEPTIDE1,1:R1-7:R2$$$",-7.65171305
"PEPTIDE1{X2328.G.G.G.F.Q.X204}$PEPTIDE1,PEPTIDE1,1:R1-7:R2$$$",-7.36087380
"PEPTIDE1{X1004.X601.X305.X671.X305.X425.X1457}$PEPTIDE1,PEPTIDE1,1:R1-7:R2$$$",-7.00302007
"PEPTIDE1{X1457.X956.Mono106.dP.G.Y.G}$PEPTIDE1,PEPTIDE1,1:R1-7:R2$$$",-6.98651060
"PEPTIDE1{Q.P.G.X175.X2432.dP.am_G}$PEPTIDE1,PEPTIDE1,1:R1-7:R2$$$",-7.38408227
"PEPTIDE1{Me_dOrn.P.F.G.X1802.X2577.X2669}$PEPTIDE1,PEPTIDE1,1:R1-7:R2$$$",-6.73546668
"PEPTIDE1{Q.X126.Y.X956.P.L.G}$PEPTIDE1,PEPTIDE1,1:R1-7:R2$$$",-7.03362182
"PEPTIDE1{Q.Y.X2432.Y.Cit.R.X956}$PEPTIDE1,PEPTIDE1,1:R1-7:R2$$$",-7.08461353
"PEPTIDE1{X2258.Q.Y.X1004.R.X1661.G}$PEPTIDE1,PEPTIDE1,1:R1-7:R2$$$",-6.72345417
"PEPTIDE1{F.G.X725.L.Y.P.X232}$PEPTIDE1,PEPTIDE1,1:R1-7:R2$$$",-6.73122562
"PEPTIDE1{L.F.R.Y.X956.X233.Q}$PEPTIDE1,PEPTIDE1,1:R1-7:R2$$$",-6.88821066
"PEPTIDE1{G.Y.X1913.X2432.X956.X255.X375}$PEPTIDE1,PEPTIDE1,1:R1-7:R2$$$",-6.84465489
"PEPTIDE1{A.X1609.P.F.Q.G.A}$PEPTIDE1,PEPTIDE1,1:R1-7:R2$$$",-6.84576421
"PEPTIDE1{G.X1811.P.X232.L.X6.P}$PEPTIDE1,PEPTIDE1,1:R1-7:R2$$$",-6.21187300
"PEPTIDE1{X981.G.G.X375.X490.Q.Q}$PEPTIDE1,PEPTIDE1,1:R1-7:R2$$$",-6.57083093
"PEPTIDE1{G.dP.P.F.Y.G.X956}$PEPTIDE1,PEPTIDE1,1:R1-7:R2$$$",-6.85767934
"PEPTIDE1{F.Q.X1811.Mono16.Aze.P.P}$PEPTIDE1,PEPTIDE1,1:R1-7:R2$$$",-8.37999656
"PEPTIDE1{L.X1777.X1895.G.Y.G.P}$PEPTIDE1,PEPTIDE1,1:R1-7:R2$$$",-7.02849253
"PEPTIDE1{G.Q.P.Q.X1956.Q.X233}$PEPTIDE1,PEPTIDE1,1:R1-7:R2$$$",-6.99602008
"PEPTIDE1{P.G.X233.Y.G.X1813.G}$PEPTIDE1,PEPTIDE1,1:R1-7:R2$$$",-7.07208655
"PEPTIDE1{Q.X3004.L.F.X3004.X652.X1004}$PEPTIDE1,PEPTIDE1,1:R1-7:R2$$$",-7.06609209
"PEPTIDE1{X1432.Mono51.Q.F.(N->O)Tyr.G.X1393}$PEPTIDE1,PEPTIDE1,1:R1-7:R2$$$",-6.44080803
"PEPTIDE1{Q.X1829.dP.X591.X2577.F.Q}$PEPTIDE1,PEPTIDE1,1:R1-7:R2$$$",-6.34638108
"PEPTIDE1{G.X2432.Y.G.Q.X1349.X305}$PEPTIDE1,PEPTIDE1,1:R1-7:R2$$$",-7.13975873
"PEPTIDE1{P.X1895.X2432.X233.G.G.(N->O)Val}$PEPTIDE1,PEPTIDE1,1:R1-7:R2$$$",-6.89066543
"PEPTIDE1{Q.P.X255.P.X1661.P.X2432}$PEPTIDE1,PEPTIDE1,1:R1-7:R2$$$",-6.57572207
"PEPTIDE1{G.G.G.F.Y.X786.Q}$PEPTIDE1,PEPTIDE1,1:R1-7:R2$$$",-6.99184264
"PEPTIDE1{F.X2461.G.X2432.X233.d(N->O)aIle.G}$PEPTIDE1,PEPTIDE1,1:R1-7:R2$$$",-6.69459818
"PEPTIDE1{X1813.R.G.Q.X2225.R.Y}$PEPTIDE1,PEPTIDE1,1:R1-7:R2$$$",-7.38961282
"PEPTIDE1{Q.X1664.X1457.X956.G.X683.Y}$PEPTIDE1,PEPTIDE1,1:R1-7:R2$$$",-6.91670887
"PEPTIDE1{X490.G.R.L.Y.Bal.dHpr}$PEPTIDE1,PEPTIDE1,1:R1-7:R2$$$",-6.42461587
"PEPTIDE1{F.X299.G.X490.Q.F.P}$PEPTIDE1,PEPTIDE1,1:R1-7:R2$$$",-6.30496188
"PEPTIDE1{R.P.Mono107.Y.P.X2432.G}$PEPTIDE1,PEPTIDE1,1:R1-7:R2$$$",-6.94018259
"PEPTIDE1{L.Y.Aze.R.L.X425.X1020}$PEPTIDE1,PEPTIDE1,1:R1-7:R2$$$",-6.41973786
"PEPTIDE1{Y.Y.R.Y.Y.G.Q}$PEPTIDE1,PEPTIDE1,1:R1-7:R2$$$",-7.57550942
"PEPTIDE1{Q.G.X2791.X7.X956.Q.Q}$PEPTIDE1,PEPTIDE1,1:R1-7:R2$$$",-7.41228437
"PEPTIDE1{X315.X1038.G.X425.X2327.X1664.Q}$PEPTIDE1,PEPTIDE1,1:R1-7:R2$$$",-7.39406590
"PEPTIDE1{G.X2432.Y.X299.Q.X113.Q}$PEPTIDE1,PEPTIDE1,1:R1-7:R2$$$",-6.45680302
"PEPTIDE1{X786.Y.X2658.R.P.X523.G}$PEPTIDE1,PEPTIDE1,1:R1-7:R2$$$",-7.28957884
"PEPTIDE1{G.X2432.dHpr.X631.Y.Y.Trp(7-Br)}$PEPTIDE1,PEPTIDE1,1:R1-7:R2$$$",-6.88667701
"PEPTIDE1{G.R.X233.X49.X2671.P.X1004}$PEPTIDE1,PEPTIDE1,1:R1-7:R2$$$",-7.14473351
"PEPTIDE1{X179.Q.G.Y.X1294.Q.Y}$PEPTIDE1,PEPTIDE1,1:R1-7:R2$$$",-7.61354834
"PEPTIDE1{X2577.L.F.X822.X1798.X1004.G}$PEPTIDE1,PEPTIDE1,1:R1-7:R2$$$",-7.01847442
"PEPTIDE1{X504.G.Q.X2432.X1874.X11.X1432}$PEPTIDE1,PEPTIDE1,1:R1-7:R2$$$",-7.33809339
"PEPTIDE1{L.G.F.Q.X2791.Y.d(N->O)aIle}$PEPTIDE1,PEPTIDE1,1:R1-7:R2$$$",-7.27939626
"PEPTIDE1{R.Y.L.X640.X956.X2432.X1918}$PEPTIDE1,PEPTIDE1,1:R1-7:R2$$$",-7.23746464
"PEPTIDE1{F.X255.X305.F.F.Y.Bal}$PEPTIDE1,PEPTIDE1,1:R1-7:R2$$$",-6.41860583
"PEPTIDE1{X683.X591.A.X1989.Q.dP.Q}$PEPTIDE1,PEPTIDE1,1:R1-7:R2$$$",-7.88425501
"PEPTIDE1{L.L.R.X2432.G.Y.G}$PEPTIDE1,PEPTIDE1,1:R1-7:R2$$$",-6.84253364
"PEPTIDE1{G.R.Y.G.X956.L.G}$PEPTIDE1,PEPTIDE1,1:R1-7:R2$$$",-6.72574933
"PEPTIDE1{X204.G.X425.X956.L.G.X529}$PEPTIDE1,PEPTIDE1,1:R1-7:R2$$$",-6.89470126
"PEPTIDE1{P.X7.R.Q.P.X1813.Q}$PEPTIDE1,PEPTIDE1,1:R1-7:R2$$$",-7.31555706
"PEPTIDE1{R.R.X2364.X2432.X1989.L.G}$PEPTIDE1,PEPTIDE1,1:R1-7:R2$$$",-7.07654448
"PEPTIDE1{X297.X946.P.X126.P.P.Y}$PEPTIDE1,PEPTIDE1,1:R1-7:R2$$$",-6.40963372
"PEPTIDE1{L.dHpr.X2526.P.F.X1395.P}$PEPTIDE1,PEPTIDE1,1:R1-7:R2$$$",-6.75101819
"PEPTIDE1{L.X946.F.X2432.X1802.L.X1004}$PEPTIDE1,PEPTIDE1,1:R1-7:R2$$$",-6.90823461
"PEPTIDE1{L.P.P.X1190.Y.X7.P}$PEPTIDE1,PEPTIDE1,1:R1-7:R2$$$",-7.09713468
"PEPTIDE1{G.L.X2327.Q.X305.X1768.X375}$PEPTIDE1,PEPTIDE1,1:R1-7:R2$$$",-6.39545739
"PEPTIDE1{X1035.X2745.X2461.G.Y.Q.Y}$PEPTIDE1,PEPTIDE1,1:R1-7:R2$$$",-6.69373150
"PEPTIDE1{G.X956.X786.dP.P.X1869.X1609}$PEPTIDE1,PEPTIDE1,1:R1-7:R2$$$",-6.94250180
"PEPTIDE1{X2432.Q.X956.X233.Y.Y.Mono107}$PEPTIDE1,PEPTIDE1,1:R1-7:R2$$$",-7.15048116
"PEPTIDE1{X2048.P.P.X2328.X3004.X2432.G}$PEPTIDE1,PEPTIDE1,1:R1-7:R2$$$",-6.80350278
"PEPTIDE1{Q.Y.X2465.X2285.X956.X49.X1004}$PEPTIDE1,PEPTIDE1,1:R1-7:R2$$$",-7.06068519
"PEPTIDE1{L.X113.G.X956.F.G.X946}$PEPTIDE1,PEPTIDE1,1:R1-7:R2$$$",-6.66839233
"PEPTIDE1{Y.P.dP.X2329.X1457.L.Y}$PEPTIDE1,PEPTIDE1,1:R1-7:R2$$$",-6.88289115
"PEPTIDE1{P.X277.X196.Y.G.R.G}$PEPTIDE1,PEPTIDE1,1:R1-7:R2$$$",-6.97173503
"PEPTIDE1{A.d(N->O)Gly(allyl).X956.X1918.Q.G.X1664}$PEPTIDE1,PEPTIDE1,1:R1-7:R2$$$",-7.47602108
"PEPTIDE1{Y.dHpr.Q.X179.F.X425.X786}$PEPTIDE1,PEPTIDE1,1:R1-7:R2$$$",-6.48041102
"PEPTIDE1{A.R.X537.X179.G.X2432.X6}$PEPTIDE1,PEPTIDE1,1:R1-7:R2$$$",-7.48055368
"PEPTIDE1{P.X1829.L.F.Mono8.X2432.P}$PEPTIDE1,PEPTIDE1,1:R1-7:R2$$$",-6.67288476
"PEPTIDE1{R.X375.Mono106.R.X375.X981.X1661}$PEPTIDE1,PEPTIDE1,1:R1-7:R2$$$",-6.91107656
"PEPTIDE1{X2258.Q.X1811.Cha.G.X49.Q}$PEPTIDE1,PEPTIDE1,1:R1-7:R2$$$",-8.40182857
"PEPTIDE1{X11.X2327.am_G.R.Y.L.P}$PEPTIDE1,PEPTIDE1,1:R1-7:R2$$$",-6.56959875
"PEPTIDE1{F.Q.X315.X956.Q.X2432.dHpr}$PEPTIDE1,PEPTIDE1,1:R1-7:R2$$$",-6.59752920
"PEPTIDE1{R.X1895.L.P.X1664.P.X1457}$PEPTIDE1,PEPTIDE1,1:R1-7:R2$$$",-6.96411327
"PEPTIDE1{d(N->O)Val.Y.X1918.G.X2432.Q.Q}$PEPTIDE1,PEPTIDE1,1:R1-7:R2$$$",-7.13256538
"PEPTIDE1{R.Y.X956.F.X569.A.X314}$PEPTIDE1,PEPTIDE1,1:R1-7:R2$$$",-7.15040306
"PEPTIDE1{Y.X945.Q.Q.F.G.Q}$PEPTIDE1,PEPTIDE1,1:R1-7:R2$$$",-7.12411226
"PEPTIDE1{P.A.X577.X867.Q.X2432.X6}$PEPTIDE1,PEPTIDE1,1:R1-7:R2$$$",-6.97692865
"PEPTIDE1{P.P.X2258.P.P.Q.G}$PEPTIDE1,PEPTIDE1,1:R1-7:R2$$$",-6.86836799
"PEPTIDE1{G.X786.X2432.X1029.X1664.G.P}$PEPTIDE1,PEPTIDE1,1:R1-7:R2$$$",-6.79883509
"PEPTIDE1{R.Q.G.X1004.X946.L.Q}$PEPTIDE1,PEPTIDE1,1:R1-7:R2$$$",-7.04902355
"PEPTIDE1{P.X2432.G.X1038.X2710.X2432.Y}$PEPTIDE1,PEPTIDE1,1:R1-7:R2$$$",-7.13668787
"PEPTIDE1{X11.X1769.G.X863.G.Mono19.Y}$PEPTIDE1,PEPTIDE1,1:R1-7:R2$$$",-6.87129381
"PEPTIDE1{X2669.Y.F.X2577.Y.Y.G}$PEPTIDE1,PEPTIDE1,1:R1-7:R2$$$",-7.24982938
"PEPTIDE1{L.X1661.X425.X956.X6.A.Q}$PEPTIDE1,PEPTIDE1,1:R1-7:R2$$$",-6.94686967
"PEPTIDE1{X1704.X1561.X2461.G.X612.P.X1004}$PEPTIDE1,PEPTIDE1,1:R1-7:R2$$$",-6.23884616
"PEPTIDE1{X46.X1004.Mono19.X1956.G.G.P}$PEPTIDE1,PEPTIDE1,1:R1-7:R2$$$",-7.04666263
"PEPTIDE1{G.G.Y.L.L.X1004.X2577}$PEPTIDE1,PEPTIDE1,1:R1-7:R2$$$",-6.95317254
"PEPTIDE1{Y.A.P.Y.X2432.P.Q}$PEPTIDE1,PEPTIDE1,1:R1-7:R2$$$",-6.97677698
"PEPTIDE1{G.Q.X490.Hpr.X3011.Y.Q}$PEPTIDE1,PEPTIDE1,1:R1-7:R2$$$",-6.60255557
"PEPTIDE1{X946.Y.Y.X1038.G.Cha.X1664}$PEPTIDE1,PEPTIDE1,1:R1-7:R2$$$",-6.58748835
"PEPTIDE1{G.G.X305.Cha.Hph(2-Cl).X2461.G}$PEPTIDE1,PEPTIDE1,1:R1-7:R2$$$",-6.28966006
"PEPTIDE1{P.G.X1207.F.X2391.L.X981}$PEPTIDE1,PEPTIDE1,1:R1-7:R2$$$",-6.30124030
"PEPTIDE1{dP.X946.P.Y.Q.X1777.X2432}$PEPTIDE1,PEPTIDE1,1:R1-7:R2$$$",-6.51976982
"PEPTIDE1{X1811.Aze.X1038.P.P.P.Y}$PEPTIDE1,PEPTIDE1,1:R1-7:R2$$$",-8.11537500
"PEPTIDE1{P.G.X233.P.A.R.X1035}$PEPTIDE1,PEPTIDE1,1:R1-7:R2$$$",-6.58411122
"PEPTIDE1{G.P.G.G.X490.X1777.Q}$PEPTIDE1,PEPTIDE1,1:R1-7:R2$$$",-6.54334582
"PEPTIDE1{G.Y.P.G.G.F.P}$PEPTIDE1,PEPTIDE1,1:R1-7:R2$$$",-7.14207394
"PEPTIDE1{X7.X1956.F.X1693.X305.X255.Y}$PEPTIDE1,PEPTIDE1,1:R1-7:R2$$$",-6.87185672
"PEPTIDE1{X11.lalloHyp.P.Y.G.dPhe(2-F).G}$PEPTIDE1,PEPTIDE1,1:R1-7:R2$$$",-7.09802793
"PEPTIDE1{X1664.G.Y.Y.X1206.Y.Q}$PEPTIDE1,PEPTIDE1,1:R1-7:R2$$$",-7.59248397
"PEPTIDE1{G.Y.X2403.X1457.dS.P.Y}$PEPTIDE1,PEPTIDE1,1:R1-7:R2$$$",-6.90312155
"PEPTIDE1{L.G.Q.(N->O)Val.X1664.R.dN}$PEPTIDE1,PEPTIDE1,1:R1-7:R2$$$",-7.34098656
"PEPTIDE1{G.G.R.Y.P.Q.X946}$PEPTIDE1,PEPTIDE1,1:R1-7:R2$$$",-7.00850006
"PEPTIDE1{X2432.P.F.X956.P.L.X49}$PEPTIDE1,PEPTIDE1,1:R1-7:R2$$$",-6.57106247
"PEPTIDE1{X175.G.Q.Q.Q.X232.Mono50}$PEPTIDE1,PEPTIDE1,1:R1-7:R2$$$",-9.03920481
"PEPTIDE1{X1004.X490.G.Y.Phe(CHF2).X1811.Q}$PEPTIDE1,PEPTIDE1,1:R1-7:R2$$$",-7.77060729
"PEPTIDE1{X2328.Y.L.R.X2328.X49.X956}$PEPTIDE1,PEPTIDE1,1:R1-7:R2$$$",-7.76215059
"PEPTIDE1{F.dP.Q.P.P.Q.X1956}$PEPTIDE1,PEPTIDE1,1:R1-7:R2$$$",-6.64977200
"PEPTIDE1{A.X2432.Mono106.Mono107.A.X956.G}$PEPTIDE1,PEPTIDE1,1:R1-7:R2$$$",-7.05647914
"PEPTIDE1{G.F.P.X1788.dNle.X956.Q}$PEPTIDE1,PEPTIDE1,1:R1-7:R2$$$",-6.78266119
"PEPTIDE1{X2669.L.P.X591.G.Q.G}$PEPTIDE1,PEPTIDE1,1:R1-7:R2$$$",-7.44528702
"PEPTIDE1{Q.dHpr.X2745.P.L.L.G}$PEPTIDE1,PEPTIDE1,1:R1-7:R2$$$",-6.57107984
"PEPTIDE1{Trp(7-Br).G.R.X233.F.X233.Q}$PEPTIDE1,PEPTIDE1,1:R1-7:R2$$$",-7.26518379
"PEPTIDE1{F.F.X2432.X2403.X2432.R.G}$PEPTIDE1,PEPTIDE1,1:R1-7:R2$$$",-7.12547411
"PEPTIDE1{R.Q.dW.X2432.X261.G.G}$PEPTIDE1,PEPTIDE1,1:R1-7:R2$$$",-7.34203165
"PEPTIDE1{X569.X2432.L.Y.R.X1811.Q}$PEPTIDE1,PEPTIDE1,1:R1-7:R2$$$",-7.52777775
"PEPTIDE1{X1811.X946.Q.X2745.X1777.Y.Q}$PEPTIDE1,PEPTIDE1,1:R1-7:R2$$$",-6.86207862
"PEPTIDE1{X6.Mono19.X2391.X956.Y.X2203.Q}$PEPTIDE1,PEPTIDE1,1:R1-7:R2$$$",-7.27630892
"PEPTIDE1{F.Bal.Cha.F.P.G.G}$PEPTIDE1,PEPTIDE1,1:R1-7:R2$$$",-6.63394701
"PEPTIDE1{F.G.Y.dP.X2577.X46.P}$PEPTIDE1,PEPTIDE1,1:R1-7:R2$$$",-6.98704162
"PEPTIDE1{G.X956.X490.X2432.X1798.Me_dW.X1350}$PEPTIDE1,PEPTIDE1,1:R1-7:R2$$$",-6.85867552
"PEPTIDE1{F.X2432.P.X822.X255.R.P}$PEPTIDE1,PEPTIDE1,1:R1-7:R2$$$",-6.65400497
"PEPTIDE1{X612.X2432.G.X946.lalloHyp.Aze.Y}$PEPTIDE1,PEPTIDE1,1:R1-7:R2$$$",-6.54983229
"PEPTIDE1{Y.Y.R.Q.X2432.L.G}$PEPTIDE1,PEPTIDE1,1:R1-7:R2$$$",-7.13524604
"PEPTIDE1{G.F.Q.X2432.X1038.Y.X3004}$PEPTIDE1,PEPTIDE1,1:R1-7:R2$$$",-7.19253727
"PEPTIDE1{R.(N->O)Val.dS.X3004.Q.Y.Q}$PEPTIDE1,PEPTIDE1,1:R1-7:R2$$$",-7.41218006
"PEPTIDE1{X2465.P.X2432.X255.G.X2329.X2283}$PEPTIDE1,PEPTIDE1,1:R1-7:R2$$$",-7.33346998
"PEPTIDE1{X232.G.L.G.A.L.G}$PEPTIDE1,PEPTIDE1,1:R1-7:R2$$$",-6.94094687
"PEPTIDE1{G.Y.L.P.P.X1895.P}$PEPTIDE1,PEPTIDE1,1:R1-7:R2$$$",-6.69040902
"PEPTIDE1{G.P.X1004.X233.X277.F.X490}$PEPTIDE1,PEPTIDE1,1:R1-7:R2$$$",-6.43838577
"PEPTIDE1{P.X1811.X2432.P.R.F.Y}$PEPTIDE1,PEPTIDE1,1:R1-7:R2$$$",-7.40831145
"PEPTIDE1{X201.P.X1989.X631.X3004.dPhe(2-F).X1956}$PEPTIDE1,PEPTIDE1,1:R1-7:R2$$$",-7.64959279
"PEPTIDE1{P.R.X956.Y.Q.G.P}$PEPTIDE1,PEPTIDE1,1:R1-7:R2$$$",-7.14253386
"PEPTIDE1{X2830.G.L.X612.L.G.G}$PEPTIDE1,PEPTIDE1,1:R1-7:R2$$$",-7.06807617
"PEPTIDE1{G.X1004.X1800.A.Q.X591.X1777}$PEPTIDE1,PEPTIDE1,1:R1-7:R2$$$",-7.40401593
"PEPTIDE1{P.R.Q.X2432.G.A.Q}$PEPTIDE1,PEPTIDE1,1:R1-7:R2$$$",-7.36159583
"PEPTIDE1{Q.Q.Y.X233.R.G.Q}$PEPTIDE1,PEPTIDE1,1:R1-7:R2$$$",-7.25859066
"PEPTIDE1{Mono106.L.R.Q.Q.X1004.X956}$PEPTIDE1,PEPTIDE1,1:R1-7:R2$$$",-6.89757566
"PEPTIDE1{Y.X490.Q.G.F.X1788.Y}$PEPTIDE1,PEPTIDE1,1:R1-7:R2$$$",-6.06995070
"PEPTIDE1{Y.meL.G.X49.G.G.Q}$PEPTIDE1,PEPTIDE1,1:R1-7:R2$$$",-6.46454157
"PEPTIDE1{X1956.G.F.X946.F.Mono63.Mono107}$PEPTIDE1,PEPTIDE1,1:R1-7:R2$$$",-7.25032874
"PEPTIDE1{X981.F.X601.am_G.G.G.X1004}$PEPTIDE1,PEPTIDE1,1:R1-7:R2$$$",-6.97876452
"PEPTIDE1{X601.G.R.dNle.Q.G.Y}$PEPTIDE1,PEPTIDE1,1:R1-7:R2$$$",-6.92332903
"PEPTIDE1{P.X956.X2432.L.X2226.X2461.dP}$PEPTIDE1,PEPTIDE1,1:R1-7:R2$$$",-6.68703422
"PEPTIDE1{L.R.R.X725.dP.Y.X591}$PEPTIDE1,PEPTIDE1,1:R1-7:R2$$$",-7.10889069
"PEPTIDE1{R.dP.Q.X233.X663.X1895.P}$PEPTIDE1,PEPTIDE1,1:R1-7:R2$$$",-7.17297087
"PEPTIDE1{Hpr.X1798.X2327.Y.G.lalloHyp.Y}$PEPTIDE1,PEPTIDE1,1:R1-7:R2$$$",-6.54487670
"PEPTIDE1{X490.Y.R.dHpr.Y.P.Y}$PEPTIDE1,PEPTIDE1,1:R1-7:R2$$$",-6.44562529
"PEPTIDE1{G.Y.G.X981.Q.X2465.X1664}$PEPTIDE1,PEPTIDE1,1:R1-7:R2$$$",-6.78917161
"PEPTIDE1{X534.G.Y.P.X822.X305.X1004}$PEPTIDE1,PEPTIDE1,1:R1-7:R2$$$",-6.42667542
"PEPTIDE1{X302.P.X2461.L.L.F.G}$PEPTIDE1,PEPTIDE1,1:R1-7:R2$$$",-6.01282876
"PEPTIDE1{X786.X232.R.F.Aze.F.G}$PEPTIDE1,PEPTIDE1,1:R1-7:R2$$$",-7.12736162
"PEPTIDE1{Q.X2432.R.G.X314.am_G.P}$PEPTIDE1,PEPTIDE1,1:R1-7:R2$$$",-7.25324329
"PEPTIDE1{X3011.X2432.Y.X233.P.R.X956}$PEPTIDE1,PEPTIDE1,1:R1-7:R2$$$",-6.84662539
"PEPTIDE1{R.G.P.Y.X1540.A.X1029}$PEPTIDE1,PEPTIDE1,1:R1-7:R2$$$",-7.00432541
"PEPTIDE1{Y.G.G.G.Y.dHph.P}$PEPTIDE1,PEPTIDE1,1:R1-7:R2$$$",-7.28052098
"PEPTIDE1{L.X612.Y.G.X2465.F.X490}$PEPTIDE1,PEPTIDE1,1:R1-7:R2$$$",-6.34735842
"PEPTIDE1{G.X1811.G.X956.L.R.G}$PEPTIDE1,PEPTIDE1,1:R1-7:R2$$$",-7.52874714
"PEPTIDE1{Q.R.P.P.Aze.Q.X956}$PEPTIDE1,PEPTIDE1,1:R1-7:R2$$$",-6.73888582
"PEPTIDE1{P.X2432.G.X631.Y.F.Y}$PEPTIDE1,PEPTIDE1,1:R1-7:R2$$$",-7.16968167
"PEPTIDE1{Y.G.X1989.Q.X956.X2432.Q}$PEPTIDE1,PEPTIDE1,1:R1-7:R2$$$",-7.34558210
"PEPTIDE1{X255.X2432.G.dP.X1004.G.G}$PEPTIDE1,PEPTIDE1,1:R1-7:R2$$$",-7.04063266
"PEPTIDE1{L.P.X880.G.R.F.Q}$PEPTIDE1,PEPTIDE1,1:R1-7:R2$$$",-7.21744050
"PEPTIDE1{P.Q.X314.X7.X1664.X822.X2327}$PEPTIDE1,PEPTIDE1,1:R1-7:R2$$$",-7.50374624
"PEPTIDE1{P.R.G.X233.F.G.X1693}$PEPTIDE1,PEPTIDE1,1:R1-7:R2$$$",-6.68738693
"PEPTIDE1{Aze.Q.G.X591.X201.X2258.Q}$PEPTIDE1,PEPTIDE1,1:R1-7:R2$$$",-7.01768569
"PEPTIDE1{Mono27.Q.F.X2830.Y.X1811.X6}$PEPTIDE1,PEPTIDE1,1:R1-7:R2$$$",-8.79545811
"PEPTIDE1{X946.X956.X2364.X425.P.Q.P}$PEPTIDE1,PEPTIDE1,1:R1-7:R2$$$",-6.34684746
"PEPTIDE1{G.X1777.Q.F.Y.X2432.(N->O)Tyr}$PEPTIDE1,PEPTIDE1,1:R1-7:R2$$$",-7.28384009
"PEPTIDE1{Y.A.R.dP.F.P.Q}$PEPTIDE1,PEPTIDE1,1:R1-7:R2$$$",-6.78020379
"PEPTIDE1{G.P.F.Q.X11.X1918.Q}$PEPTIDE1,PEPTIDE1,1:R1-7:R2$$$",-6.97821123
"PEPTIDE1{P.X11.X299.Trp(7-Br).G.X1457.G}$PEPTIDE1,PEPTIDE1,1:R1-7:R2$$$",-6.94327560
"PEPTIDE1{F.G.Q.L.d(N->O)aIle.X1941.X631}$PEPTIDE1,PEPTIDE1,1:R1-7:R2$$$",-7.02748646
"PEPTIDE1{G.G.Y.Q.X786.F.X2037}$PEPTIDE1,PEPTIDE1,1:R1-7:R2$$$",-7.47812222
"PEPTIDE1{R.Mono51.R.Y.X7.X946.P}$PEPTIDE1,PEPTIDE1,1:R1-7:R2$$$",-6.76337232
"PEPTIDE1{X277.X956.G.Y.X956.X2577.Bal}$PEPTIDE1,PEPTIDE1,1:R1-7:R2$$$",-6.90519374
"PEPTIDE1{G.X1811.R.X490.X671.X1699.X1588}$PEPTIDE1,PEPTIDE1,1:R1-7:R2$$$",-6.75954846
"PEPTIDE1{X534.X1913.Q.X195.X1788.F.Q}$PEPTIDE1,PEPTIDE1,1:R1-7:R2$$$",-6.66206757
"PEPTIDE1{G.X529.R.X1664.meW.Q.G}$PEPTIDE1,PEPTIDE1,1:R1-7:R2$$$",-7.22137779
"PEPTIDE1{X1004.X233.X2754.Q.X946.X1038.X2285}$PEPTIDE1,PEPTIDE1,1:R1-7:R2$$$",-7.10544738
"PEPTIDE1{X1457.Q.L.Q.Y.R.G}$PEPTIDE1,PEPTIDE1,1:R1-7:R2$$$",-6.92790060
"PEPTIDE1{Me_3-Pal.dHpr.F.X1918.P.X956.(N->O)Tyr}$PEPTIDE1,PEPTIDE1,1:R1-7:R2$$$",-6.52782133
"PEPTIDE1{X2258.X956.P.dP.R.X1004.dP}$PEPTIDE1,PEPTIDE1,1:R1-7:R2$$$",-7.00151512
"PEPTIDE1{P.L.Q.X7.Q.Y.Mono16}$PEPTIDE1,PEPTIDE1,1:R1-7:R2$$$",-7.12828459
"PEPTIDE1{R.G.R.dP.G.X1811.G}$PEPTIDE1,PEPTIDE1,1:R1-7:R2$$$",-7.73229444
"PEPTIDE1{Y.Y.X1699.X1837.X233.Y.Q}$PEPTIDE1,PEPTIDE1,1:R1-7:R2$$$",-6.49433369
"PEPTIDE1{Y.Q.X1877.G.X2283.X946.dD}$PEPTIDE1,PEPTIDE1,1:R1-7:R2$$$",-6.53767488
"PEPTIDE1{P.Q.Y.X2328.F.Q.P}$PEPTIDE1,PEPTIDE1,1:R1-7:R2$$$",-6.63536168
"PEPTIDE1{R.F.Q.P.L.Y.Y}$PEPTIDE1,PEPTIDE1,1:R1-7:R2$$$",-6.82663343
"PEPTIDE1{X2461.Q.G.G.Mono19.X956.Q}$PEPTIDE1,PEPTIDE1,1:R1-7:R2$$$",-6.51426967
"PEPTIDE1{R.R.A.G.G.F.X1548}$PEPTIDE1,PEPTIDE1,1:R1-7:R2$$$",-7.35788877
"PEPTIDE1{R.X7.X1432.X2432.Y.A.X2577}$PEPTIDE1,PEPTIDE1,1:R1-7:R2$$$",-7.43463427
"PEPTIDE1{lalloHyp.Y.Y.X2432.X375.L.Y}$PEPTIDE1,PEPTIDE1,1:R1-7:R2$$$",-6.76268501
"PEPTIDE1{Q.G.X46.Y.F.L.P}$PEPTIDE1,PEPTIDE1,1:R1-7:R2$$$",-7.03475088
"PEPTIDE1{G.F.P.X233.Y.X305.P}$PEPTIDE1,PEPTIDE1,1:R1-7:R2$$$",-6.61141591
"PEPTIDE1{X1664.X822.Mono50.G.Y.X2432.X785}$PEPTIDE1,PEPTIDE1,1:R1-7:R2$$$",-7.50881875
"PEPTIDE1{Q.X956.X591.F.P.X2432.X1661}$PEPTIDE1,PEPTIDE1,1:R1-7:R2$$$",-6.74871173
"PEPTIDE1{R.A.Y.Q.R.X1513.G}$PEPTIDE1,PEPTIDE1,1:R1-7:R2$$$",-7.12261708
"PEPTIDE1{X2432.Q.dHpr.A.X699.X2432.G}$PEPTIDE1,PEPTIDE1,1:R1-7:R2$$$",-6.87313301
"PEPTIDE1{G.Y.X2285.X956.Y.X7.Y}$PEPTIDE1,PEPTIDE1,1:R1-7:R2$$$",-7.28768616
"PEPTIDE1{F.P.Q.P.R.X1956.X1393}$PEPTIDE1,PEPTIDE1,1:R1-7:R2$$$",-6.79585512
"PEPTIDE1{G.X2461.G.R.P.Q.Q}$PEPTIDE1,PEPTIDE1,1:R1-7:R2$$$",-7.12432082
"PEPTIDE1{R.X631.Q.X785.Mono106.X305.G}$PEPTIDE1,PEPTIDE1,1:R1-7:R2$$$",-7.29163799
"PEPTIDE1{G.Mono50.L.X1788.X1664.G.X1811}$PEPTIDE1,PEPTIDE1,1:R1-7:R2$$$",-8.26871165
"PEPTIDE1{Q.X2432.F.X981.X956.X204.P}$PEPTIDE1,PEPTIDE1,1:R1-7:R2$$$",-6.49245334
"PEPTIDE1{G.X255.L.F.Q.Cha.G}$PEPTIDE1,PEPTIDE1,1:R1-7:R2$$$",-6.65666456
"PEPTIDE1{F.X255.X956.Q.X2432.X1395.Y}$PEPTIDE1,PEPTIDE1,1:R1-7:R2$$$",-7.39616194
"PEPTIDE1{Q.Y.F.F.R.Y.X1004}$PEPTIDE1,PEPTIDE1,1:R1-7:R2$$$",-7.37814356
"PEPTIDE1{Phe(CHF2).G.G.X1410.X49.X956.X2403}$PEPTIDE1,PEPTIDE1,1:R1-7:R2$$$",-7.14317091
"PEPTIDE1{Q.X2432.X375.X3004.G.Y.X302}$PEPTIDE1,PEPTIDE1,1:R1-7:R2$$$",-6.76465800
"PEPTIDE1{F.P.X2048.Mono19.P.Q.G}$PEPTIDE1,PEPTIDE1,1:R1-7:R2$$$",-7.04660528
"PEPTIDE1{Y.am_G.dP.X956.X945.F.G}$PEPTIDE1,PEPTIDE1,1:R1-7:R2$$$",-6.81129567
"PEPTIDE1{L.X897.X702.Q.X2432.F.G}$PEPTIDE1,PEPTIDE1,1:R1-7:R2$$$",-7.02503985
"PEPTIDE1{G.F.G.X232.X569.X1432.G}$PEPTIDE1,PEPTIDE1,1:R1-7:R2$$$",-7.04068577
"PEPTIDE1{X1811.G.dP.P.X49.Q.G}$PEPTIDE1,PEPTIDE1,1:R1-7:R2$$$",-8.14857817
"PEPTIDE1{L.Q.G.X1350.P.L.X591}$PEPTIDE1,PEPTIDE1,1:R1-7:R2$$$",-7.37799003
"PEPTIDE1{X956.G.Q.Q.G.G.G}$PEPTIDE1,PEPTIDE1,1:R1-7:R2$$$",-7.13853083
"PEPTIDE1{P.Y.Y.L.X1010.X930.meW}$PEPTIDE1,PEPTIDE1,1:R1-7:R2$$$",-7.05526191
"PEPTIDE1{X1811.dHpr.P.A.F.(N->O)Val.X1800}$PEPTIDE1,PEPTIDE1,1:R1-7:R2$$$",-6.38980890
"PEPTIDE1{G.P.Mono50.Q.X2432.F.P}$PEPTIDE1,PEPTIDE1,1:R1-7:R2$$$",-7.14186354
"PEPTIDE1{Q.Q.X233.X822.X2285.Y.X956}$PEPTIDE1,PEPTIDE1,1:R1-7:R2$$$",-7.21228163
"PEPTIDE1{Y.Aze.G.X2461.dHpr.dL.X930}$PEPTIDE1,PEPTIDE1,1:R1-7:R2$$$",-6.15619429
"PEPTIDE1{F.X905.X305.G.Y.R.Q}$PEPTIDE1,PEPTIDE1,1:R1-7:R2$$$",-6.60435257
"PEPTIDE1{G.X2461.Q.Q.X1004.G.G}$PEPTIDE1,PEPTIDE1,1:R1-7:R2$$$",-6.77549916
"PEPTIDE1{X786.Q.R.X683.Q.G.G}$PEPTIDE1,PEPTIDE1,1:R1-7:R2$$$",-7.64358213
"PEPTIDE1{G.X2432.Q.G.X46.G.X11}$PEPTIDE1,PEPTIDE1,1:R1-7:R2$$$",-6.94328652
"PEPTIDE1{A.X2577.Q.G.X946.Q.X2283}$PEPTIDE1,PEPTIDE1,1:R1-7:R2$$$",-6.95234810
"PEPTIDE1{X956.X534.X956.G.X1874.G.X577}$PEPTIDE1,PEPTIDE1,1:R1-7:R2$$$",-7.04755262
"PEPTIDE1{F.(N->O)Tyr.X2432.F.(N->O)Tyr.X255.X786}$PEPTIDE1,PEPTIDE1,1:R1-7:R2$$$",-7.52859081
"PEPTIDE1{G.X1395.Q.X261.(N->O)Tyr.X569.X1971}$PEPTIDE1,PEPTIDE1,1:R1-7:R2$$$",-7.80694480
"PEPTIDE1{X375.G.X1004.F.Q.X2258.A}$PEPTIDE1,PEPTIDE1,1:R1-7:R2$$$",-7.00718923
"PEPTIDE1{G.X2432.F.Q.G.F.dHpr}$PEPTIDE1,PEPTIDE1,1:R1-7:R2$$$",-6.96670366
"PEPTIDE1{Y.X1004.X2432.X1895.F.X1956.X6}$PEPTIDE1,PEPTIDE1,1:R1-7:R2$$$",-7.17973275
"PEPTIDE1{R.dR.Q.X2432.X2432.G.Q}$PEPTIDE1,PEPTIDE1,1:R1-7:R2$$$",-7.52956914
"PEPTIDE1{F.X702.P.G.X822.X2432.Q}$PEPTIDE1,PEPTIDE1,1:R1-7:R2$$$",-7.38159584
"PEPTIDE1{P.dHpr.X2577.Q.X1811.Q.G}$PEPTIDE1,PEPTIDE1,1:R1-7:R2$$$",-7.98076133
"PEPTIDE1{P.Y.G.P.X1457.F.G}$PEPTIDE1,PEPTIDE1,1:R1-7:R2$$$",-6.30836572
"PEPTIDE1{X1664.F.G.X233.Y.X49.G}$PEPTIDE1,PEPTIDE1,1:R1-7:R2$$$",-6.96858042
"PEPTIDE1{Q.L.X1213.Q.X391.G.G}$PEPTIDE1,PEPTIDE1,1:R1-7:R2$$$",-6.98890009
"PEPTIDE1{X204.F.meD.X670.F.F.A}$PEPTIDE1,PEPTIDE1,1:R1-7:R2$$$",-6.61534364
"PEPTIDE1{P.X683.G.R.Y.R.Phe(CHF2)}$PEPTIDE1,PEPTIDE1,1:R1-7:R2$$$",-7.49656144
"PEPTIDE1{X1664.X956.X2391.dP.dP.Y.(N->O)Val}$PEPTIDE1,PEPTIDE1,1:R1-7:R2$$$",-6.67530980
"PEPTIDE1{P.X1004.G.G.G.A.X375}$PEPTIDE1,PEPTIDE1,1:R1-7:R2$$$",-7.11681748
"PEPTIDE1{Y.X2432.Q.G.F.G.P}$PEPTIDE1,PEPTIDE1,1:R1-7:R2$$$",-7.01369797
"PEPTIDE1{Y.Aze.Q.X2432.Me_dOrn.X1777.G}$PEPTIDE1,PEPTIDE1,1:R1-7:R2$$$",-6.74667941
"PEPTIDE1{X591.X49.L.Q.G.Q.dD}$PEPTIDE1,PEPTIDE1,1:R1-7:R2$$$",-7.12546889
"PEPTIDE1{dP.X233.meL.dNle.L.X956.Q}$PEPTIDE1,PEPTIDE1,1:R1-7:R2$$$",-6.60452752
"PEPTIDE1{G.X1921.Q.dNle.dP.X1693.X1664}$PEPTIDE1,PEPTIDE1,1:R1-7:R2$$$",-6.43406277
"PEPTIDE1{X1664.P.dP.L.X490.A.Q}$PEPTIDE1,PEPTIDE1,1:R1-7:R2$$$",-6.64483767
"PEPTIDE1{G.X3011.P.HOCOCH2_Bal.X1395.dP.Q}$PEPTIDE1,PEPTIDE1,1:R1-7:R2$$$",-6.85461912
"PEPTIDE1{G.G.X591.G.X2669.Y.Y}$PEPTIDE1,PEPTIDE1,1:R1-7:R2$$$",-7.30921374
"PEPTIDE1{X2048.X3011.G.X2433.G.F.Y}$PEPTIDE1,PEPTIDE1,1:R1-7:R2$$$",-7.15207540
"PEPTIDE1{Q.P.Aze.Q.dP.P.dD}$PEPTIDE1,PEPTIDE1,1:R1-7:R2$$$",-6.61461956
"PEPTIDE1{Q.Y.X7.Q.P.Q.dHpr}$PEPTIDE1,PEPTIDE1,1:R1-7:R2$$$",-6.84832587
"PEPTIDE1{G.X255.Mono19.X2461.X2432.P.Q}$PEPTIDE1,PEPTIDE1,1:R1-7:R2$$$",-6.73802121
"PEPTIDE1{X1432.X981.X2432.G.R.Q.d(N->O)Gly(allyl)}$PEPTIDE1,PEPTIDE1,1:R1-7:R2$$$",-6.69275430
"PEPTIDE1{P.G.X1393.Q.X946.G.P}$PEPTIDE1,PEPTIDE1,1:R1-7:R2$$$",-7.11392324
"PEPTIDE1{Q.X2489.X956.X2432.L.X1004.G}$PEPTIDE1,PEPTIDE1,1:R1-7:R2$$$",-7.16223935
"PEPTIDE1{G.Q.Q.L.X956.R.Bal}$PEPTIDE1,PEPTIDE1,1:R1-7:R2$$$",-7.09916142
"PEPTIDE1{X1664.X878.X7.G.Mono106.F.X1206}$PEPTIDE1,PEPTIDE1,1:R1-7:R2$$$",-6.76095607
"PEPTIDE1{Q.Y.X2830.X1010.R.G.Y}$PEPTIDE1,PEPTIDE1,1:R1-7:R2$$$",-6.97231455
"PEPTIDE1{X2432.Y.dHpr.X683.Mono51.G.Y}$PEPTIDE1,PEPTIDE1,1:R1-7:R2$$$",-6.45579551
"PEPTIDE1{G.Mono50.X1895.Y.X375.A.Q}$PEPTIDE1,PEPTIDE1,1:R1-7:R2$$$",-7.44239891
"PEPTIDE1{Q.Mono106.X2432.G.P.Q.G}$PEPTIDE1,PEPTIDE1,1:R1-7:R2$$$",-7.15824593
"PEPTIDE1{Q.X652.A.R.X1395.L.G}$PEPTIDE1,PEPTIDE1,1:R1-7:R2$$$",-7.38632280
"PEPTIDE1{Q.Q.Q.P.X2328.X261.X1813}$PEPTIDE1,PEPTIDE1,1:R1-7:R2$$$",-7.56791100
"PEPTIDE1{Q.Y.G.Y.L.L.Q}$PEPTIDE1,PEPTIDE1,1:R1-7:R2$$$",-7.00893728
"PEPTIDE1{X490.P.2-Pal.Q.R.X136.P}$PEPTIDE1,PEPTIDE1,1:R1-7:R2$$$",-6.52766584
"PEPTIDE1{P.X425.F.G.Y.Q.P}$PEPTIDE1,PEPTIDE1,1:R1-7:R2$$$",-6.62022536
"PEPTIDE1{P.X425.Y.P.dP.X1540.Y}$PEPTIDE1,PEPTIDE1,1:R1-7:R2$$$",-6.35612277
"PEPTIDE1{F.Q.P.F.X956.X233.Y}$PEPTIDE1,PEPTIDE1,1:R1-7:R2$$$",-6.88147360
"PEPTIDE1{L.X255.Q.X591.F.G.Cit}$PEPTIDE1,PEPTIDE1,1:R1-7:R2$$$",-7.14833942
"PEPTIDE1{X2432.Y.L.X2432.X49.X1004.G}$PEPTIDE1,PEPTIDE1,1:R1-7:R2$$$",-6.79728413
"PEPTIDE1{G.X425.Q.X981.X7.X2432.dP}$PEPTIDE1,PEPTIDE1,1:R1-7:R2$$$",-6.85854090
"PEPTIDE1{dPhe(2-F).P.R.dP.X946.(N->O)Val.Q}$PEPTIDE1,PEPTIDE1,1:R1-7:R2$$$",-6.86500578
"PEPTIDE1{F.Q.X113.F.dNle.X2432.Q}$PEPTIDE1,PEPTIDE1,1:R1-7:R2$$$",-6.91093065
"PEPTIDE1{X255.A.L.Aze.X1664.P.P}$PEPTIDE1,PEPTIDE1,1:R1-7:R2$$$",-6.85657265
"PEPTIDE1{G.Cit.L.(N->O)Val.X1788.X956.G}$PEPTIDE1,PEPTIDE1,1:R1-7:R2$$$",-6.84293902
"PEPTIDE1{X3004.L.Q.X2328.F.X233.G}$PEPTIDE1,PEPTIDE1,1:R1-7:R2$$$",-7.06617098
"PEPTIDE1{Y.P.Y.P.G.X1010.Q}$PEPTIDE1,PEPTIDE1,1:R1-7:R2$$$",-6.65724648
"PEPTIDE1{F.G.L.Mono19.F.dP.G}$PEPTIDE1,PEPTIDE1,1:R1-7:R2$$$",-7.08840723
"PEPTIDE1{P.X2432.G.F.X490.F.Q}$PEPTIDE1,PEPTIDE1,1:R1-7:R2$$$",-6.30162990
"PEPTIDE1{X1004.G.X1798.Y.P.F.X1956}$PEPTIDE1,PEPTIDE1,1:R1-7:R2$$$",-7.10268724
"PEPTIDE1{Q.X1811.R.X659.X1004.P.Y}$PEPTIDE1,PEPTIDE1,1:R1-7:R2$$$",-8.20744231
"PEPTIDE1{G.X2577.X2432.X255.X7.X7.X2791}$PEPTIDE1,PEPTIDE1,1:R1-7:R2$$$",-7.19867429
"PEPTIDE1{X299.R.X612.X1664.R.X2328.G}$PEPTIDE1,PEPTIDE1,1:R1-7:R2$$$",-7.16125432
"PEPTIDE1{Y.Q.2-Pal.Q.X1020.X702.X577}$PEPTIDE1,PEPTIDE1,1:R1-7:R2$$$",-7.62520258
"PEPTIDE1{Cha.Y.F.G.X1811.Mono36.X591}$PEPTIDE1,PEPTIDE1,1:R1-7:R2$$$",-7.50194068
"PEPTIDE1{G.F.X1010.X1971.X1010.Q.Mono31}$PEPTIDE1,PEPTIDE1,1:R1-7:R2$$$",-6.53629688
"PEPTIDE1{P.X2285.Mono19.X425.Y.X956.Q}$PEPTIDE1,PEPTIDE1,1:R1-7:R2$$$",-7.01004465
"PEPTIDE1{X504.Mono106.R.X709.F.Aze.X2328}$PEPTIDE1,PEPTIDE1,1:R1-7:R2$$$",-7.29903745
"PEPTIDE1{Q.dP.Mono51.F.F.X425.Q}$PEPTIDE1,PEPTIDE1,1:R1-7:R2$$$",-6.19948429
"PEPTIDE1{R.R.L.Aze.R.R.Mono60}$PEPTIDE1,PEPTIDE1,1:R1-7:R2$$$",-6.87135999
"PEPTIDE1{F.R.G.L.A.Q.X1918}$PEPTIDE1,PEPTIDE1,1:R1-7:R2$$$",-7.20023790
"PEPTIDE1{Trp(7-Br).X1004.X305.L.X631.X255.G}$PEPTIDE1,PEPTIDE1,1:R1-7:R2$$$",-6.81836064
"PEPTIDE1{X2574.Cit.Y.P.X81.X425.G}$PEPTIDE1,PEPTIDE1,1:R1-7:R2$$$",-6.39445481
"PEPTIDE1{dPhe(2-F).R.dPhe(2-F).dHpr.P.P.Q}$PEPTIDE1,PEPTIDE1,1:R1-7:R2$$$",-6.63876577
"PEPTIDE1{G.Mono31.F.X189.P.G.Q}$PEPTIDE1,PEPTIDE1,1:R1-7:R2$$$",-7.23504457
"PEPTIDE1{dP.X425.X1918.Q.G.X956.Q}$PEPTIDE1,PEPTIDE1,1:R1-7:R2$$$",-7.15967818
"PEPTIDE1{Y.X1788.dP.Q.dP.Y.Q}$PEPTIDE1,PEPTIDE1,1:R1-7:R2$$$",-6.40361552
"PEPTIDE1{G.A.X2432.Q.G.X591.X591}$PEPTIDE1,PEPTIDE1,1:R1-7:R2$$$",-7.64684649
"PEPTIDE1{P.F.R.F.Q.Y.Q}$PEPTIDE1,PEPTIDE1,1:R1-7:R2$$$",-6.94146515
"PEPTIDE1{X7.P.X277.A.F.R.Q}$PEPTIDE1,PEPTIDE1,1:R1-7:R2$$$",-7.08327960
"PEPTIDE1{Y.F.X2258.X946.Q.Y.P}$PEPTIDE1,PEPTIDE1,1:R1-7:R2$$$",-6.74973190
"PEPTIDE1{F.X577.Q.G.R.P.Q}$PEPTIDE1,PEPTIDE1,1:R1-7:R2$$$",-7.04999484
"PEPTIDE1{G.X1802.X2432.L.P.X2432.X1788}$PEPTIDE1,PEPTIDE1,1:R1-7:R2$$$",-6.50770032
"PEPTIDE1{F.X2432.G.R.meW.X490.G}$PEPTIDE1,PEPTIDE1,1:R1-7:R2$$$",-6.53261117
"PEPTIDE1{Y.X591.X946.G.G.Mono105.Q}$PEPTIDE1,PEPTIDE1,1:R1-7:R2$$$",-7.19867295
"PEPTIDE1{X2203.X2501.Q.Mono50.Y.X956.P}$PEPTIDE1,PEPTIDE1,1:R1-7:R2$$$",-7.46603286
"PEPTIDE1{Mono107.Q.L.Mono19.G.R.G}$PEPTIDE1,PEPTIDE1,1:R1-7:R2$$$",-7.14137575
"PEPTIDE1{X709.R.G.Q.P.Y.G}$PEPTIDE1,PEPTIDE1,1:R1-7:R2$$$",-6.98601975
"PEPTIDE1{X6.P.X612.X375.Mono19.X49.G}$PEPTIDE1,PEPTIDE1,1:R1-7:R2$$$",-7.18667326
"PEPTIDE1{R.G.P.G.Mono50.F.G}$PEPTIDE1,PEPTIDE1,1:R1-7:R2$$$",-7.26282521
"PEPTIDE1{G.G.X2258.G.F.X1811.A}$PEPTIDE1,PEPTIDE1,1:R1-7:R2$$$",-7.48588730
"PEPTIDE1{Y.X2461.G.Q.Y.Q.G}$PEPTIDE1,PEPTIDE1,1:R1-7:R2$$$",-7.20326211
"PEPTIDE1{Cit.X905.X3004.Q.Q.Q.G}$PEPTIDE1,PEPTIDE1,1:R1-7:R2$$$",-7.37236598
"PEPTIDE1{X261.X490.G.F.Y.X46.P}$PEPTIDE1,PEPTIDE1,1:R1-7:R2$$$",-6.14595756
"PEPTIDE1{F.X1811.R.X786.X2328.L.G}$PEPTIDE1,PEPTIDE1,1:R1-7:R2$$$",-7.78579314
"PEPTIDE1{Y.A.P.F.G.Y.X2577}$PEPTIDE1,PEPTIDE1,1:R1-7:R2$$$",-7.02105041
"PEPTIDE1{Y.X1588.X1395.X7.X1010.X2577.X930}$PEPTIDE1,PEPTIDE1,1:R1-7:R2$$$",-7.23561557
"PEPTIDE1{G.Y.G.G.X2432.R.X569}$PEPTIDE1,PEPTIDE1,1:R1-7:R2$$$",-7.35081442
"PEPTIDE1{Q.X233.dP.X956.Mono19.Y.Y}$PEPTIDE1,PEPTIDE1,1:R1-7:R2$$$",-7.08040360
"PEPTIDE1{A.X1811.G.X577.X725.G.P}$PEPTIDE1,PEPTIDE1,1:R1-7:R2$$$",-7.36867868
"PEPTIDE1{P.d(N->O)aIle.Y.Y.G.X1811.P}$PEPTIDE1,PEPTIDE1,1:R1-7:R2$$$",-6.33595809
"PEPTIDE1{Hpr.P.Hpr.F.R.X6.X1664}$PEPTIDE1,PEPTIDE1,1:R1-7:R2$$$",-6.54466796
"PEPTIDE1{X314.X1004.Q.X956.F.X425.G}$PEPTIDE1,PEPTIDE1,1:R1-7:R2$$$",-7.28761385
"PEPTIDE1{G.Q.Q.Y.X255.d(N->O)Gly(allyl).P}$PEPTIDE1,PEPTIDE1,1:R1-7:R2$$$",-7.08788001
"PEPTIDE1{R.X2432.Q.X1895.X1004.X2793.G}$PEPTIDE1,PEPTIDE1,1:R1-7:R2$$$",-7.60077140
"PEPTIDE1{lalloHyp.dP.X2710.X1800.X305.Trp(7-Br).G}$PEPTIDE1,PEPTIDE1,1:R1-7:R2$$$",-6.55531075
"PEPTIDE1{G.G.R.X612.F.Q.dP}$PEPTIDE1,PEPTIDE1,1:R1-7:R2$$$",-7.19622064
"PEPTIDE1{G.F.Q.Y.L.X2432.X631}$PEPTIDE1,PEPTIDE1,1:R1-7:R2$$$",-7.07977664
"PEPTIDE1{Q.R.Q.G.am_G.L.X1004}$PEPTIDE1,PEPTIDE1,1:R1-7:R2$$$",-7.24074528
"PEPTIDE1{2-Pal.Q.X1956.X1918.P.R.P}$PEPTIDE1,PEPTIDE1,1:R1-7:R2$$$",-6.76523689
"PEPTIDE1{Y.F.dHpr.P.P.R.P}$PEPTIDE1,PEPTIDE1,1:R1-7:R2$$$",-6.22187097
"PEPTIDE1{Q.G.X2031.X204.d(N->O)Gly(allyl).dP.Pro(4-F2)}$PEPTIDE1,PEPTIDE1,1:R1-7:R2$$$",-7.06545466
"PEPTIDE1{X2166.G.(N->O)Val.P.G.A.Y}$PEPTIDE1,PEPTIDE1,1:R1-7:R2$$$",-6.93643595
"PEPTIDE1{F.X663.X297.Mono51.X11.R.X946}$PEPTIDE1,PEPTIDE1,1:R1-7:R2$$$",-6.51009556
"PEPTIDE1{R.X1869.L.X591.X11.X375.G}$PEPTIDE1,PEPTIDE1,1:R1-7:R2$$$",-7.34437545
"PEPTIDE1{G.dHpr.X2432.X375.X126.L.G}$PEPTIDE1,PEPTIDE1,1:R1-7:R2$$$",-6.57705423
"PEPTIDE1{R.R.X1350.X2432.meW.Y.Y}$PEPTIDE1,PEPTIDE1,1:R1-7:R2$$$",-7.59978339
"PEPTIDE1{P.A.L.X1895.X956.F.G}$PEPTIDE1,PEPTIDE1,1:R1-7:R2$$$",-6.99139015
"PEPTIDE1{R.X255.G.Q.G.X232.X302}$PEPTIDE1,PEPTIDE1,1:R1-7:R2$$$",-6.79428378
"PEPTIDE1{X824.X81.G.R.X619.X1029.P}$PEPTIDE1,PEPTIDE1,1:R1-7:R2$$$",-6.27505423
"PEPTIDE1{L.X2432.X490.F.A.Aze.G}$PEPTIDE1,PEPTIDE1,1:R1-7:R2$$$",-6.27858654
"PEPTIDE1{Q.Q.X612.L.P.Phe(CHF2).Y}$PEPTIDE1,PEPTIDE1,1:R1-7:R2$$$",-6.77527681
"PEPTIDE1{G.X1772.X591.Y.homoPhe_4CF3_3Cl.Q.dS}$PEPTIDE1,PEPTIDE1,1:R1-7:R2$$$",-7.97405490
"PEPTIDE1{Y.X2432.G.X2577.X2830.Q.Y}$PEPTIDE1,PEPTIDE1,1:R1-7:R2$$$",-7.16242804
"PEPTIDE1{P.X233.Mono19.L.Y.X2432.dP}$PEPTIDE1,PEPTIDE1,1:R1-7:R2$$$",-6.63757332
"PEPTIDE1{X612.Y.F.Lys(2-MP).F.G.P}$PEPTIDE1,PEPTIDE1,1:R1-7:R2$$$",-7.28936806
"PEPTIDE1{X425.F.X949.X956.Q.Y.X946}$PEPTIDE1,PEPTIDE1,1:R1-7:R2$$$",-7.12960535
"PEPTIDE1{Q.dP.R.F.X612.Q.G}$PEPTIDE1,PEPTIDE1,1:R1-7:R2$$$",-7.07786341
"PEPTIDE1{dHpr.Q.G.dHpr.P.X1004.G}$PEPTIDE1,PEPTIDE1,1:R1-7:R2$$$",-7.02419163
"PEPTIDE1{Y.X1811.X956.X2283.X2791.G.Y}$PEPTIDE1,PEPTIDE1,1:R1-7:R2$$$",-7.85276000
"PEPTIDE1{X1212.X946.X2432.Y.Q.X1777.X946}$PEPTIDE1,PEPTIDE1,1:R1-7:R2$$$",-6.56855427
"PEPTIDE1{G.X631.Mono50.Y.Q.P.P}$PEPTIDE1,PEPTIDE1,1:R1-7:R2$$$",-6.75155607
"PEPTIDE1{Y.X1004.dP.Y.G.G.Y}$PEPTIDE1,PEPTIDE1,1:R1-7:R2$$$",-7.31744613
"PEPTIDE1{X786.Y.Q.R.P.R.Y}$PEPTIDE1,PEPTIDE1,1:R1-7:R2$$$",-7.16277511
"PEPTIDE1{X1004.X591.Q.X2747.G.X1395.P}$PEPTIDE1,PEPTIDE1,1:R1-7:R2$$$",-7.55082576
"PEPTIDE1{X255.A.X1609.Q.G.R.X1788}$PEPTIDE1,PEPTIDE1,1:R1-7:R2$$$",-6.89811791
"PEPTIDE1{G.R.Y.X1393.X1768.Y.X956}$PEPTIDE1,PEPTIDE1,1:R1-7:R2$$$",-7.70968693
"PEPTIDE1{X683.R.Y.X1956.P.G.G}$PEPTIDE1,PEPTIDE1,1:R1-7:R2$$$",-7.43696466
"PEPTIDE1{Y.X232.X375.G.R.Y.X1004}$PEPTIDE1,PEPTIDE1,1:R1-7:R2$$$",-6.88747601
"PEPTIDE1{Y.R.X671.G.dP.X591.G}$PEPTIDE1,PEPTIDE1,1:R1-7:R2$$$",-7.20205353
"PEPTIDE1{Q.X601.P.Q.X631.Q.X6}$PEPTIDE1,PEPTIDE1,1:R1-7:R2$$$",-7.52858059
"PEPTIDE1{L.G.X2328.L.G.X1457.G}$PEPTIDE1,PEPTIDE1,1:R1-7:R2$$$",-7.13605287
"PEPTIDE1{Mono19.dP.X631.R.X591.G.G}$PEPTIDE1,PEPTIDE1,1:R1-7:R2$$$",-7.46079456
"PEPTIDE1{G.A.X946.Q.X11.G.G}$PEPTIDE1,PEPTIDE1,1:R1-7:R2$$$",-7.03512879
"PEPTIDE1{G.G.dP.Y.X1393.L.G}$PEPTIDE1,PEPTIDE1,1:R1-7:R2$$$",-7.01035063
"PEPTIDE1{Y.X1410.G.G.Q.X425.G}$PEPTIDE1,PEPTIDE1,1:R1-7:R2$$$",-7.30307592
"PEPTIDE1{P.X1800.X1777.G.G.X946.G}$PEPTIDE1,PEPTIDE1,1:R1-7:R2$$$",-7.14356568
"PEPTIDE1{L.Q.Y.G.Lys(2-MP).R.Y}$PEPTIDE1,PEPTIDE1,1:R1-7:R2$$$",-7.12705878
"PEPTIDE1{G.R.Q.Y.Y.am_G.G}$PEPTIDE1,PEPTIDE1,1:R1-7:R2$$$",-7.52539523
"PEPTIDE1{P.G.G.X305.X786.meL.Q}$PEPTIDE1,PEPTIDE1,1:R1-7:R2$$$",-6.70038276
"PEPTIDE1{L.am_G.R.G.Y.X3011.Y}$PEPTIDE1,PEPTIDE1,1:R1-7:R2$$$",-6.95994021
"PEPTIDE1{R.G.R.R.G.G.X315}$PEPTIDE1,PEPTIDE1,1:R1-7:R2$$$",-7.40325923
"PEPTIDE1{R.F.L.A.Y.G.2-Pal}$PEPTIDE1,PEPTIDE1,1:R1-7:R2$$$",-7.33486826
"PEPTIDE1{X2327.Q.G.Q.G.Q.X490}$PEPTIDE1,PEPTIDE1,1:R1-7:R2$$$",-6.22081266
"PEPTIDE1{G.X591.X49.F.R.Y.X2329}$PEPTIDE1,PEPTIDE1,1:R1-7:R2$$$",-7.56190970
"PEPTIDE1{Q.L.P.X652.dP.G.X233}$PEPTIDE1,PEPTIDE1,1:R1-7:R2$$$",-6.94628425
"PEPTIDE1{F.R.R.R.X7.X425.P}$PEPTIDE1,PEPTIDE1,1:R1-7:R2$$$",-7.27759002
"PEPTIDE1{L.L.G.X425.Aze.X956.Q}$PEPTIDE1,PEPTIDE1,1:R1-7:R2$$$",-6.85118139
"PEPTIDE1{Q.X1811.G.Q.R.X265.P}$PEPTIDE1,PEPTIDE1,1:R1-7:R2$$$",-7.94259054
"PEPTIDE1{Y.X946.Y.Trp(7-Br).X956.Q.X2432}$PEPTIDE1,PEPTIDE1,1:R1-7:R2$$$",-7.19809056
"PEPTIDE1{X1956.F.G.F.L.X1664.X591}$PEPTIDE1,PEPTIDE1,1:R1-7:R2$$$",-7.09955333
"PEPTIDE1{X1004.G.F.F.R.P.Q}$PEPTIDE1,PEPTIDE1,1:R1-7:R2$$$",-7.17027167
"PEPTIDE1{F.R.Q.Q.X1432.X81.X1895}$PEPTIDE1,PEPTIDE1,1:R1-7:R2$$$",-7.44850611
"PEPTIDE1{X2403.Y.G.G.X2432.X569.meL}$PEPTIDE1,PEPTIDE1,1:R1-7:R2$$$",-7.58641790
"PEPTIDE1{A.G.X1811.Q.X3004.Q.Q}$PEPTIDE1,PEPTIDE1,1:R1-7:R2$$$",-7.85070286
"PEPTIDE1{dH.Y.F.G.G.L.G}$PEPTIDE1,PEPTIDE1,1:R1-7:R2$$$",-7.12492060
"PEPTIDE1{L.Y.X2432.X1872.Y.Y.Y}$PEPTIDE1,PEPTIDE1,1:R1-7:R2$$$",-7.65015994
"PEPTIDE1{Q.X1058.X786.Mono106.G.P.X196}$PEPTIDE1,PEPTIDE1,1:R1-7:R2$$$",-7.01872266
"PEPTIDE1{X2669.P.Y.G.L.X2329.X1004}$PEPTIDE1,PEPTIDE1,1:R1-7:R2$$$",-7.49333231
"PEPTIDE1{X2364.Q.F.X663.Y.Y.X798}$PEPTIDE1,PEPTIDE1,1:R1-7:R2$$$",-7.11298571
"PEPTIDE1{X1410.L.X2328.X1294.G.X490.X425}$PEPTIDE1,PEPTIDE1,1:R1-7:R2$$$",-6.81023132
"PEPTIDE1{R.X2432.G.L.X255.d(N->O)Gly(allyl).(N->O)Tyr}$PEPTIDE1,PEPTIDE1,1:R1-7:R2$$$",-7.04610498
"PEPTIDE1{Mono107.Y.Y.G.F.R.Q}$PEPTIDE1,PEPTIDE1,1:R1-7:R2$$$",-7.02230117
"PEPTIDE1{Trp(7-Br).L.am_G.G.F.X2432.X1798}$PEPTIDE1,PEPTIDE1,1:R1-7:R2$$$",-7.05231878
"PEPTIDE1{L.dP.R.F.Y.X233.P}$PEPTIDE1,PEPTIDE1,1:R1-7:R2$$$",-6.62712646
"PEPTIDE1{(N->O)Tyr.X255.G.X1038.X425.am_G.X2791}$PEPTIDE1,PEPTIDE1,1:R1-7:R2$$$",-7.17751453
"PEPTIDE1{Q.R.Q.Q.am_G.Y.G}$PEPTIDE1,PEPTIDE1,1:R1-7:R2$$$",-7.49747374
"PEPTIDE1{X1845.Q.X1457.X1664.dP.X612.P}$PEPTIDE1,PEPTIDE1,1:R1-7:R2$$$",-7.49931442
"PEPTIDE1{dHpr.G.P.X591.G.meL.G}$PEPTIDE1,PEPTIDE1,1:R1-7:R2$$$",-7.21981053
"PEPTIDE1{X2387.Y.X305.X1811.X612.X1664.X573}$PEPTIDE1,PEPTIDE1,1:R1-7:R2$$$",-8.39265080
"PEPTIDE1{X981.X640.G.P.F.G.X302}$PEPTIDE1,PEPTIDE1,1:R1-7:R2$$$",-6.76152082
"PEPTIDE1{Q.G.A.X490.X946.X1956.Y}$PEPTIDE1,PEPTIDE1,1:R1-7:R2$$$",-6.54622464
"PEPTIDE1{P.F.X2461.G.Y.Q.X2793}$PEPTIDE1,PEPTIDE1,1:R1-7:R2$$$",-6.53875221
"PEPTIDE1{Mono106.Q.Q.Q.Q.G.X1956}$PEPTIDE1,PEPTIDE1,1:R1-7:R2$$$",-7.07548899
"PEPTIDE1{F.R.X822.F.G.L.Q}$PEPTIDE1,PEPTIDE1,1:R1-7:R2$$$",-7.42968614
"PEPTIDE1{X2432.Aze.(N->O)Tyr.Phe(CHF2).Aze.P.X425}$PEPTIDE1,PEPTIDE1,1:R1-7:R2$$$",-6.52770148
"PEPTIDE1{G.X785.X1788.L.Y.X785.Y}$PEPTIDE1,PEPTIDE1,1:R1-7:R2$$$",-7.06291451
"PEPTIDE1{P.F.G.G.X314.X2403.G}$PEPTIDE1,PEPTIDE1,1:R1-7:R2$$$",-7.24603881
"PEPTIDE1{X1918.F.L.X2669.Y.Q.Q}$PEPTIDE1,PEPTIDE1,1:R1-7:R2$$$",-7.03769545
"PEPTIDE1{X946.X400.F.G.Me_dW.X425.X1707}$PEPTIDE1,PEPTIDE1,1:R1-7:R2$$$",-7.01281025
"PEPTIDE1{Hpr.X233.Q.X1811.G.X1038.X2328}$PEPTIDE1,PEPTIDE1,1:R1-7:R2$$$",-7.84133993
"PEPTIDE1{Y.R.X46.Y.F.X277.A}$PEPTIDE1,PEPTIDE1,1:R1-7:R2$$$",-7.40050126
"PEPTIDE1{X2048.L.X946.X255.G.X1661.Q}$PEPTIDE1,PEPTIDE1,1:R1-7:R2$$$",-6.72788513
"PEPTIDE1{X956.X305.G.Q.Hph(3-Cl).Y.X314}$PEPTIDE1,PEPTIDE1,1:R1-7:R2$$$",-7.10736445
"PEPTIDE1{G.X822.G.X2577.G.R.Y}$PEPTIDE1,PEPTIDE1,1:R1-7:R2$$$",-7.32517366
"PEPTIDE1{L.dP.X2432.X683.X591.Y.X612}$PEPTIDE1,PEPTIDE1,1:R1-7:R2$$$",-7.23536617
"PEPTIDE1{L.G.X2745.X1813.G.A.G}$PEPTIDE1,PEPTIDE1,1:R1-7:R2$$$",-6.97702547
"PEPTIDE1{Y.X1513.X601.Q.X956.Y.A}$PEPTIDE1,PEPTIDE1,1:R1-7:R2$$$",-6.74278820
"PEPTIDE1{Q.dHpr.X946.P.P.Y.X261}$PEPTIDE1,PEPTIDE1,1:R1-7:R2$$$",-6.56744067
"PEPTIDE1{Q.X612.Y.G.X5.Q.Mono106}$PEPTIDE1,PEPTIDE1,1:R1-7:R2$$$",-7.34366087
"PEPTIDE1{X1664.L.P.X1918.X1004.P.X1004}$PEPTIDE1,PEPTIDE1,1:R1-7:R2$$$",-7.34024611
"PEPTIDE1{G.P.X3004.L.P.X233.X956}$PEPTIDE1,PEPTIDE1,1:R1-7:R2$$$",-6.97428287
"PEPTIDE1{am_G.Y.F.R.P.F.G}$PEPTIDE1,PEPTIDE1,1:R1-7:R2$$$",-6.91039023
"PEPTIDE1{F.X1004.G.X113.A.X375.X3}$PEPTIDE1,PEPTIDE1,1:R1-7:R2$$$",-7.06036248
"PEPTIDE1{X1664.X305.F.X591.X2432.G.Y}$PEPTIDE1,PEPTIDE1,1:R1-7:R2$$$",-6.80329553
"PEPTIDE1{G.Q.G.X2793.P.G.Y}$PEPTIDE1,PEPTIDE1,1:R1-7:R2$$$",-6.93676171
"PEPTIDE1{X11.X2432.P.Q.P.X1395.Q}$PEPTIDE1,PEPTIDE1,1:R1-7:R2$$$",-7.09419720
"PEPTIDE1{P.P.Mono106.X1004.dHpr.Q.P}$PEPTIDE1,PEPTIDE1,1:R1-7:R2$$$",-6.63415162
"PEPTIDE1{R.G.Me_dNva.L.F.Aze.X1035}$PEPTIDE1,PEPTIDE1,1:R1-7:R2$$$",-6.32558611
"PEPTIDE1{X255.G.F.Q.X1038.G.Q}$PEPTIDE1,PEPTIDE1,1:R1-7:R2$$$",-6.85114867
"PEPTIDE1{F.X375.X2830.Y.X1004.G.X1788}$PEPTIDE1,PEPTIDE1,1:R1-7:R2$$$",-6.42888882
"PEPTIDE1{F.P.X179.X233.Q.R.P}$PEPTIDE1,PEPTIDE1,1:R1-7:R2$$$",-6.88744348
"PEPTIDE1{X1664.X956.X299.X2754.X2791.X1395.X956}$PEPTIDE1,PEPTIDE1,1:R1-7:R2$$$",-7.34749302
"PEPTIDE1{Y.R.G.X702.A.X956.X2577}$PEPTIDE1,PEPTIDE1,1:R1-7:R2$$$",-7.38446885
"PEPTIDE1{X1395.X299.Y.X956.Y.F.Q}$PEPTIDE1,PEPTIDE1,1:R1-7:R2$$$",-6.67303761
"PEPTIDE1{G.F.G.P.X2669.R.X1029}$PEPTIDE1,PEPTIDE1,1:R1-7:R2$$$",-6.87393081
"PEPTIDE1{P.X1393.P.G.L.F.Mono107}$PEPTIDE1,PEPTIDE1,1:R1-7:R2$$$",-7.11280237
"PEPTIDE1{Y.P.Q.F.Y.R.Phe(CHF2)}$PEPTIDE1,PEPTIDE1,1:R1-7:R2$$$",-7.42444750
"PEPTIDE1{F.X671.Q.Y.X631.Y.dP}$PEPTIDE1,PEPTIDE1,1:R1-7:R2$$$",-7.26555154
"PEPTIDE1{X1004.Q.Q.X504.Y.G.X786}$PEPTIDE1,PEPTIDE1,1:R1-7:R2$$$",-7.41484745
"PEPTIDE1{L.P.X2432.X3011.G.X2791.G}$PEPTIDE1,PEPTIDE1,1:R1-7:R2$$$",-6.93524116
"PEPTIDE1{Mono106.X1813.X233.Y.X2577.X3004.P}$PEPTIDE1,PEPTIDE1,1:R1-7:R2$$$",-7.04519114
"PEPTIDE1{X956.P.dP.dS.G.X1811.X1004}$PEPTIDE1,PEPTIDE1,1:R1-7:R2$$$",-6.12449719
"PEPTIDE1{Y.X7.R.G.P.G.P}$PEPTIDE1,PEPTIDE1,1:R1-7:R2$$$",-7.38822770
"PEPTIDE1{Cha.X591.X956.A.X956.R.Q}$PEPTIDE1,PEPTIDE1,1:R1-7:R2$$$",-6.89027097
"PEPTIDE1{R.Q.P.X956.X1844.R.X1910}$PEPTIDE1,PEPTIDE1,1:R1-7:R2$$$",-7.06448636
"PEPTIDE1{X1788.X786.L.P.X1410.F.X232}$PEPTIDE1,PEPTIDE1,1:R1-7:R2$$$",-7.02392205
"PEPTIDE1{Y.R.R.G.Q.Y.X1004}$PEPTIDE1,PEPTIDE1,1:R1-7:R2$$$",-7.34921238
"PEPTIDE1{R.F.P.dalloHyp.R.P.P}$PEPTIDE1,PEPTIDE1,1:R1-7:R2$$$",-6.55625806
"PEPTIDE1{dP.dPhe(3-CN).X2432.X1035.Y.X1504.X164}$PEPTIDE1,PEPTIDE1,1:R1-7:R2$$$",-6.49001416
"PEPTIDE1{X786.X956.X1956.X49.G.Y.Q}$PEPTIDE1,PEPTIDE1,1:R1-7:R2$$$",-7.11424965
"PEPTIDE1{X591.Aze.L.X1294.X232.X2791.G}$PEPTIDE1,PEPTIDE1,1:R1-7:R2$$$",-7.60615800
"PEPTIDE1{Aze.G.R.Y.X1811.G.dHpr}$PEPTIDE1,PEPTIDE1,1:R1-7:R2$$$",-8.06556446
"PEPTIDE1{X425.G.Y.Y.X591.X2258.Q}$PEPTIDE1,PEPTIDE1,1:R1-7:R2$$$",-7.60369603
"PEPTIDE1{dHpr.X956.Y.G.X1802.Mono19.G}$PEPTIDE1,PEPTIDE1,1:R1-7:R2$$$",-7.13765458
"PEPTIDE1{L.X49.Q.X1895.Y.X1457.X930}$PEPTIDE1,PEPTIDE1,1:R1-7:R2$$$",-7.24240081
"PEPTIDE1{X640.X2754.R.G.X956.A.Y}$PEPTIDE1,PEPTIDE1,1:R1-7:R2$$$",-7.38162890
"PEPTIDE1{X1249.P.X1693.X1802.Q.P.X1457}$PEPTIDE1,PEPTIDE1,1:R1-7:R2$$$",-7.33208910
"PEPTIDE1{R.Y.X612.X1956.Q.Q.G}$PEPTIDE1,PEPTIDE1,1:R1-7:R2$$$",-7.33674540
"PEPTIDE1{P.Q.Q.X956.X1811.Y.X786}$PEPTIDE1,PEPTIDE1,1:R1-7:R2$$$",-7.66114889
"PEPTIDE1{F.X1813.X1802.P.X1989.P.Y}$PEPTIDE1,PEPTIDE1,1:R1-7:R2$$$",-7.25088965
"PEPTIDE1{X1664.X956.X946.P.R.R.Y}$PEPTIDE1,PEPTIDE1,1:R1-7:R2$$$",-7.13433299
"PEPTIDE1{X1457.F.Y.X551.dPhe(2-F).F.A}$PEPTIDE1,PEPTIDE1,1:R1-7:R2$$$",-6.87425966
"PEPTIDE1{Q.Q.L.X671.P.G.Q}$PEPTIDE1,PEPTIDE1,1:R1-7:R2$$$",-7.05662413
"PEPTIDE1{G.F.X1788.G.Q.Q.dP}$PEPTIDE1,PEPTIDE1,1:R1-7:R2$$$",-6.98448421
"PEPTIDE1{P.Q.Q.R.X261.G.Q}$PEPTIDE1,PEPTIDE1,1:R1-7:R2$$$",-7.35885486
"PEPTIDE1{G.Q.X956.X1811.A.X305.X49}$PEPTIDE1,PEPTIDE1,1:R1-7:R2$$$",-8.04837490
"PEPTIDE1{F.X1004.X946.X573.X1035.R.X956}$PEPTIDE1,PEPTIDE1,1:R1-7:R2$$$",-6.55330164
"PEPTIDE1{G.R.X2432.X2432.Y.Y.A}$PEPTIDE1,PEPTIDE1,1:R1-7:R2$$$",-7.25234886
"PEPTIDE1{Q.A.X1777.F.X945.Y.Mono16}$PEPTIDE1,PEPTIDE1,1:R1-7:R2$$$",-6.92132261
"PEPTIDE1{X981.G.meW.P.Q.L.X809}$PEPTIDE1,PEPTIDE1,1:R1-7:R2$$$",-6.76454938
"PEPTIDE1{G.R.G.G.X1661.X1213.Q}$PEPTIDE1,PEPTIDE1,1:R1-7:R2$$$",-6.73405145
"PEPTIDE1{X299.G.G.Y.X2225.dHpr.X1004}$PEPTIDE1,PEPTIDE1,1:R1-7:R2$$$",-6.81003700
"PEPTIDE1{F.X490.X395.F.G.F.dHpr}$PEPTIDE1,PEPTIDE1,1:R1-7:R2$$$",-6.25112419
"PEPTIDE1{X187.L.A.P.L.Y.dR}$PEPTIDE1,PEPTIDE1,1:R1-7:R2$$$",-7.15833657
"PEPTIDE1{Q.X1004.Q.Q.P.L.G}$PEPTIDE1,PEPTIDE1,1:R1-7:R2$$$",-7.17936243
"PEPTIDE1{F.X867.F.X1989.Q.X1119.P}$PEPTIDE1,PEPTIDE1,1:R1-7:R2$$$",-7.34428154
"PEPTIDE1{Q.X1004.X1410.X2577.am_G.G.X591}$PEPTIDE1,PEPTIDE1,1:R1-7:R2$$$",-7.22975238
"PEPTIDE1{A.X2432.X1796.Q.X1777.dP.X956}$PEPTIDE1,PEPTIDE1,1:R1-7:R2$$$",-6.80899424
"PEPTIDE1{F.Me_3-Pal.G.X946.F.Q.Q}$PEPTIDE1,PEPTIDE1,1:R1-7:R2$$$",-7.13789776
"PEPTIDE1{F.P.X631.G.Q.A.A}$PEPTIDE1,PEPTIDE1,1:R1-7:R2$$$",-7.33357545
"PEPTIDE1{G.F.P.X1811.X956.Y.Q}$PEPTIDE1,PEPTIDE1,1:R1-7:R2$$$",-7.70616465
"PEPTIDE1{Cha.F.Y.Mono51.Y.R.Y}$PEPTIDE1,PEPTIDE1,1:R1-7:R2$$$",-6.48572746
"PEPTIDE1{R.P.G.G.X1956.X297.X956}$PEPTIDE1,PEPTIDE1,1:R1-7:R2$$$",-6.71243224
"PEPTIDE1{X277.F.X2432.G.X2327.Y.Y}$PEPTIDE1,PEPTIDE1,1:R1-7:R2$$$",-6.99161182
"PEPTIDE1{G.Y.L.G.P.X2432.A}$PEPTIDE1,PEPTIDE1,1:R1-7:R2$$$",-6.92734543
"PEPTIDE1{Y.X1664.G.G.X930.X2329.Y}$PEPTIDE1,PEPTIDE1,1:R1-7:R2$$$",-7.27914085
"PEPTIDE1{X1457.(N->O)Val.X577.L.R.X46.Q}$PEPTIDE1,PEPTIDE1,1:R1-7:R2$$$",-6.66660832
"PEPTIDE1{X683.X490.G.R.dR.X1801.P}$PEPTIDE1,PEPTIDE1,1:R1-7:R2$$$",-6.98628780
"PEPTIDE1{Q.Y.Y.X1432.X1661.dP.P}$PEPTIDE1,PEPTIDE1,1:R1-7:R2$$$",-6.52540309
"PEPTIDE1{X1004.Q.P.G.X956.dD.X1895}$PEPTIDE1,PEPTIDE1,1:R1-7:R2$$$",-6.59200562
"PEPTIDE1{X956.R.P.G.X229.dP.Y}$PEPTIDE1,PEPTIDE1,1:R1-7:R2$$$",-6.51192742
"PEPTIDE1{P.G.X1004.X136.Q.Q.X786}$PEPTIDE1,PEPTIDE1,1:R1-7:R2$$$",-7.31332904
"PEPTIDE1{L.F.X2221.X233.R.X2432.P}$PEPTIDE1,PEPTIDE1,1:R1-7:R2$$$",-7.46117328
"PEPTIDE1{P.Y.X233.Y.Y.lalloHyp.X956}$PEPTIDE1,PEPTIDE1,1:R1-7:R2$$$",-6.73654056
"PEPTIDE1{Y.X1980.G.P.G.X946.P}$PEPTIDE1,PEPTIDE1,1:R1-7:R2$$$",-6.74818021
"PEPTIDE1{X1772.Y.(N->O)Val.X1811.G.X786.G}$PEPTIDE1,PEPTIDE1,1:R1-7:R2$$$",-8.28789370
"PEPTIDE1{dD.R.X956.dS.X1661.X946.Q}$PEPTIDE1,PEPTIDE1,1:R1-7:R2$$$",-6.45606105
"PEPTIDE1{Q.X1918.Y.Y.G.Y.Hph(3-Cl)}$PEPTIDE1,PEPTIDE1,1:R1-7:R2$$$",-7.23195806
"PEPTIDE1{G.Y.P.Q.Mono80.R.X1395}$PEPTIDE1,PEPTIDE1,1:R1-7:R2$$$",-7.28204705
"PEPTIDE1{R.X956.am_G.X299.X490.R.G}$PEPTIDE1,PEPTIDE1,1:R1-7:R2$$$",-6.92975425
"PEPTIDE1{X6.X46.R.Q.X233.X523.dP}$PEPTIDE1,PEPTIDE1,1:R1-7:R2$$$",-6.90039915
"PEPTIDE1{X179.Y.X946.dHpr.F.G.Q}$PEPTIDE1,PEPTIDE1,1:R1-7:R2$$$",-6.33881071
"PEPTIDE1{Trp(6-Br).X1432.F.(N->O)Val.P.Q.homoPhe_4CF3_3Cl}$PEPTIDE1,PEPTIDE1,1:R1-7:R2$$$",-7.65505030
"PEPTIDE1{X2432.Mono107.P.F.Y.Q.dP}$PEPTIDE1,PEPTIDE1,1:R1-7:R2$$$",-6.81504501
"PEPTIDE1{X2432.P.G.F.F.Aze.G}$PEPTIDE1,PEPTIDE1,1:R1-7:R2$$$",-6.60613559
"PEPTIDE1{X2791.dP.P.Y.Aze.Aze.X591}$PEPTIDE1,PEPTIDE1,1:R1-7:R2$$$",-6.98972674
"PEPTIDE1{P.X569.G.F.P.G.X261}$PEPTIDE1,PEPTIDE1,1:R1-7:R2$$$",-7.32789669
"PEPTIDE1{A.Q.G.R.L.P.G}$PEPTIDE1,PEPTIDE1,1:R1-7:R2$$$",-7.06567125
"PEPTIDE1{Y.Q.X1811.X1837.F.X2669.X905}$PEPTIDE1,PEPTIDE1,1:R1-7:R2$$$",-7.66734955
"PEPTIDE1{P.L.X2442.Y.X1004.X1010.X2328}$PEPTIDE1,PEPTIDE1,1:R1-7:R2$$$",-7.26979154
"PEPTIDE1{X946.X6.G.Q.X1664.Y.X1004}$PEPTIDE1,PEPTIDE1,1:R1-7:R2$$$",-7.18083827
"PEPTIDE1{X1702.G.Q.X683.G.Q.Q}$PEPTIDE1,PEPTIDE1,1:R1-7:R2$$$",-7.28171869
"PEPTIDE1{Y.X375.Y.X612.X1664.X1811.G}$PEPTIDE1,PEPTIDE1,1:R1-7:R2$$$",-7.68967880
"PEPTIDE1{R.G.X233.Y.X3004.Q.X5}$PEPTIDE1,PEPTIDE1,1:R1-7:R2$$$",-7.01490910
"PEPTIDE1{Y.X956.A.X2461.R.L.X652}$PEPTIDE1,PEPTIDE1,1:R1-7:R2$$$",-6.41146380
"PEPTIDE1{X591.Y.Q.X11.L.P.Q}$PEPTIDE1,PEPTIDE1,1:R1-7:R2$$$",-7.14451422
"PEPTIDE1{X297.G.Q.Q.A.X2432.G}$PEPTIDE1,PEPTIDE1,1:R1-7:R2$$$",-6.92242195
"PEPTIDE1{X1788.L.P.F.X305.G.meL}$PEPTIDE1,PEPTIDE1,1:R1-7:R2$$$",-6.41105105
"PEPTIDE1{X2461.X956.G.Y.(N->O)Val.X229.G}$PEPTIDE1,PEPTIDE1,1:R1-7:R2$$$",-6.75712631
"PEPTIDE1{Q.X1410.X2791.X981.X1664.Q.G}$PEPTIDE1,PEPTIDE1,1:R1-7:R2$$$",-7.09119461
"PEPTIDE1{d3-Pal.P.X1004.X305.X201.X255.X2719}$PEPTIDE1,PEPTIDE1,1:R1-7:R2$$$",-6.97224493
"PEPTIDE1{G.Q.X2432.G.G.G.X2577}$PEPTIDE1,PEPTIDE1,1:R1-7:R2$$$",-6.92784013
"PEPTIDE1{L.P.P.R.Q.G.P}$PEPTIDE1,PEPTIDE1,1:R1-7:R2$$$",-6.78423015
"PEPTIDE1{X1004.Q.L.P.X6.X1010.Y}$PEPTIDE1,PEPTIDE1,1:R1-7:R2$$$",-8.11048516
"PEPTIDE1{G.X1661.F.G.G.X233.Q}$PEPTIDE1,PEPTIDE1,1:R1-7:R2$$$",-6.60143860
"PEPTIDE1{X1813.L.Q.am_G.G.X702.G}$PEPTIDE1,PEPTIDE1,1:R1-7:R2$$$",-7.20130351
"PEPTIDE1{G.Bal.R.G.R.R.X981}$PEPTIDE1,PEPTIDE1,1:R1-7:R2$$$",-6.76936358
"PEPTIDE1{Q.X631.Mono107.R.X870.X233.X1004}$PEPTIDE1,PEPTIDE1,1:R1-7:R2$$$",-7.18635348
"PEPTIDE1{X126.X631.X1038.X1004.R.L.Y}$PEPTIDE1,PEPTIDE1,1:R1-7:R2$$$",-7.26716004
"PEPTIDE1{L.L.dHpr.P.X1393.X1788.X1207}$PEPTIDE1,PEPTIDE1,1:R1-7:R2$$$",-6.52446066
"PEPTIDE1{GABA.dP.Q.P.X2543.Mono106.meW}$PEPTIDE1,PEPTIDE1,1:R1-7:R2$$$",-7.55295419
"PEPTIDE1{Q.X1813.A.X1432.R.X956.X683}$PEPTIDE1,PEPTIDE1,1:R1-7:R2$$$",-7.80767510
"PEPTIDE1{P.G.X255.F.P.L.lalloHyp}$PEPTIDE1,PEPTIDE1,1:R1-7:R2$$$",-7.11418065
"PEPTIDE1{dR.L.X1813.X1004.X1918.X2403.Y}$PEPTIDE1,PEPTIDE1,1:R1-7:R2$$$",-7.61232955
"PEPTIDE1{X2432.P.Y.R.Q.Trp(7-Br).G}$PEPTIDE1,PEPTIDE1,1:R1-7:R2$$$",-7.22630226
"PEPTIDE1{P.X569.Y.X683.Q.X2432.X1664}$PEPTIDE1,PEPTIDE1,1:R1-7:R2$$$",-7.19954953
"PEPTIDE1{X631.X7.G.dP.R.X7.X233}$PEPTIDE1,PEPTIDE1,1:R1-7:R2$$$",-7.11490651
"PEPTIDE1{R.L.Y.G.F.G.X1918}$PEPTIDE1,PEPTIDE1,1:R1-7:R2$$$",-7.00241759
"PEPTIDE1{G.X956.Q.R.G.Q.P}$PEPTIDE1,PEPTIDE1,1:R1-7:R2$$$",-7.35204168
"PEPTIDE1{Y.Q.X2432.G.X1664.dD.G}$PEPTIDE1,PEPTIDE1,1:R1-7:R2$$$",-7.15146031
"PEPTIDE1{Q.P.X255.R.Y.X1664.Y}$PEPTIDE1,PEPTIDE1,1:R1-7:R2$$$",-6.72670658
"PEPTIDE1{X1956.Q.Y.G.X946.P.G}$PEPTIDE1,PEPTIDE1,1:R1-7:R2$$$",-7.12110190
"PEPTIDE1{Q.X2461.L.F.Q.Q.Y}$PEPTIDE1,PEPTIDE1,1:R1-7:R2$$$",-6.31220287
"PEPTIDE1{L.P.X1811.Y.Y.Mono106.Q}$PEPTIDE1,PEPTIDE1,1:R1-7:R2$$$",-7.64808845
"PEPTIDE1{dN.G.G.R.Y.Bal.X3004}$PEPTIDE1,PEPTIDE1,1:R1-7:R2$$$",-7.30654398
"PEPTIDE1{X640.Q.X1395.Q.Y.G.G}$PEPTIDE1,PEPTIDE1,1:R1-7:R2$$$",-7.61132778
"PEPTIDE1{Q.X1801.X255.Bal.X2328.X187.Y}$PEPTIDE1,PEPTIDE1,1:R1-7:R2$$$",-8.20407500
"PEPTIDE1{X277.G.G.X956.F.Q.P}$PEPTIDE1,PEPTIDE1,1:R1-7:R2$$$",-6.73152079
"PEPTIDE1{Q.G.Q.F.Y.L.Q}$PEPTIDE1,PEPTIDE1,1:R1-7:R2$$$",-7.18663002
"PEPTIDE1{L.Y.P.R.P.L.Y}$PEPTIDE1,PEPTIDE1,1:R1-7:R2$$$",-6.17293780
"PEPTIDE1{F.X490.R.P.X49.X1035.G}$PEPTIDE1,PEPTIDE1,1:R1-7:R2$$$",-6.44203846
"PEPTIDE1{Q.G.X1811.R.Y.X49.Q}$PEPTIDE1,PEPTIDE1,1:R1-7:R2$$$",-8.43075595
"PEPTIDE1{R.lalloHyp.X232.G.F.Q.G}$PEPTIDE1,PEPTIDE1,1:R1-7:R2$$$",-6.67182788
"PEPTIDE1{X652.dR.X1796.P.X7.G.Q}$PEPTIDE1,PEPTIDE1,1:R1-7:R2$$$",-6.90251806
"PEPTIDE1{G.X233.G.X261.Mono50.F.P}$PEPTIDE1,PEPTIDE1,1:R1-7:R2$$$",-6.87837125
"PEPTIDE1{X786.X1393.R.X2048.R.X822.X490}$PEPTIDE1,PEPTIDE1,1:R1-7:R2$$$",-6.78015432
"PEPTIDE1{G.X255.X612.Q.R.Q.Y}$PEPTIDE1,PEPTIDE1,1:R1-7:R2$$$",-7.30683903
"PEPTIDE1{X905.d(N->O)Gly(allyl).X956.G.F.Q.Y}$PEPTIDE1,PEPTIDE1,1:R1-7:R2$$$",-7.42527328
"PEPTIDE1{Mono50.dP.R.X670.Y.X265.Q}$PEPTIDE1,PEPTIDE1,1:R1-7:R2$$$",-6.90466447
"PEPTIDE1{P.X981.Q.X2327.Q.Q.X863}$PEPTIDE1,PEPTIDE1,1:R1-7:R2$$$",-6.37140437
"PEPTIDE1{P.X1918.Y.P.X956.Q.X1393}$PEPTIDE1,PEPTIDE1,1:R1-7:R2$$$",-6.60163476
"PEPTIDE1{F.G.Q.G.Y.L.X1895}$PEPTIDE1,PEPTIDE1,1:R1-7:R2$$$",-7.40591996
"PEPTIDE1{G.Y.Q.X113.X1661.G.Y}$PEPTIDE1,PEPTIDE1,1:R1-7:R2$$$",-6.58501189
"PEPTIDE1{P.P.A.X798.meL.Y.X1895}$PEPTIDE1,PEPTIDE1,1:R1-7:R2$$$",-6.82930070
"PEPTIDE1{F.F.Y.(N->O)Val.Trp(7-Br).X1813.P}$PEPTIDE1,PEPTIDE1,1:R1-7:R2$$$",-7.51356516
"PEPTIDE1{dP.X591.R.X1788.Q.Q.G}$PEPTIDE1,PEPTIDE1,1:R1-7:R2$$$",-7.27136553
"PEPTIDE1{Y.G.(N->O)Tyr.Q.dP.X11.X867}$PEPTIDE1,PEPTIDE1,1:R1-7:R2$$$",-7.21186136
"PEPTIDE1{X2432.X1457.L.G.X81.Y.dHpr}$PEPTIDE1,PEPTIDE1,1:R1-7:R2$$$",-5.96034423
"PEPTIDE1{Q.X785.G.X1457.R.F.X1004}$PEPTIDE1,PEPTIDE1,1:R1-7:R2$$$",-6.88521871
"PEPTIDE1{Q.X2747.Y.F.X2225.dHpr.G}$PEPTIDE1,PEPTIDE1,1:R1-7:R2$$$",-6.64438949
"PEPTIDE1{R.X2669.R.F.G.P.X1294}$PEPTIDE1,PEPTIDE1,1:R1-7:R2$$$",-7.41665623
"PEPTIDE1{X1035.P.X683.X1898.X232.dNle.P}$PEPTIDE1,PEPTIDE1,1:R1-7:R2$$$",-6.61888695
"PEPTIDE1{Q.Q.Y.Q.X1811.P.X255}$PEPTIDE1,PEPTIDE1,1:R1-7:R2$$$",-8.11098923
"PEPTIDE1{R.X725.Y.R.X2432.Aze.P}$PEPTIDE1,PEPTIDE1,1:R1-7:R2$$$",-6.82760052
"PEPTIDE1{X2328.G.X956.X1918.X255.P.G}$PEPTIDE1,PEPTIDE1,1:R1-7:R2$$$",-6.98070290
"PEPTIDE1{F.X2432.X6.am_G.X2754.F.X179}$PEPTIDE1,PEPTIDE1,1:R1-7:R2$$$",-6.65179502
"PEPTIDE1{X1410.L.X7.L.d3-Pal.X1410.X1004}$PEPTIDE1,PEPTIDE1,1:R1-7:R2$$$",-7.29349551
"PEPTIDE1{Q.Q.G.R.F.P.Q}$PEPTIDE1,PEPTIDE1,1:R1-7:R2$$$",-7.06339845
"PEPTIDE1{X737.P.Q.X786.Y.X529.A}$PEPTIDE1,PEPTIDE1,1:R1-7:R2$$$",-6.88698320
"PEPTIDE1{X569.Y.R.G.Q.F.G}$PEPTIDE1,PEPTIDE1,1:R1-7:R2$$$",-7.36499544
"PEPTIDE1{dP.X179.X2432.X2461.R.X2048.X314}$PEPTIDE1,PEPTIDE1,1:R1-7:R2$$$",-6.81171066
"PEPTIDE1{G.G.X956.Q.X2258.X956.X1664}$PEPTIDE1,PEPTIDE1,1:R1-7:R2$$$",-6.95682676
"PEPTIDE1{X1004.Q.L.F.Y.Y.H}$PEPTIDE1,PEPTIDE1,1:R1-7:R2$$$",-6.99953546
"PEPTIDE1{X1350.Y.L.F.G.X6.G}$PEPTIDE1,PEPTIDE1,1:R1-7:R2$$$",-6.77110682
"PEPTIDE1{G.L.Y.F.X1410.X786.Y}$PEPTIDE1,PEPTIDE1,1:R1-7:R2$$$",-7.28241072
"PEPTIDE1{Q.Q.G.X956.am_G.G.X1895}$PEPTIDE1,PEPTIDE1,1:R1-7:R2$$$",-7.13751068
"PEPTIDE1{P.(N->O)Val.X2328.X1921.X1895.F.P}$PEPTIDE1,PEPTIDE1,1:R1-7:R2$$$",-7.41156192
"PEPTIDE1{X870.G.L.X1004.X1918.L.X2432}$PEPTIDE1,PEPTIDE1,1:R1-7:R2$$$",-6.81254224
"PEPTIDE1{Q.Y.X1777.Hpr.X956.G.X2577}$PEPTIDE1,PEPTIDE1,1:R1-7:R2$$$",-6.20326847
"PEPTIDE1{Q.X1038.Q.X1798.G.P.Y}$PEPTIDE1,PEPTIDE1,1:R1-7:R2$$$",-7.38433290
"PEPTIDE1{G.X2285.X956.Q.X305.G.P}$PEPTIDE1,PEPTIDE1,1:R1-7:R2$$$",-6.97662665
"PEPTIDE1{dHpr.P.X7.X1004.Q.F.Y}$PEPTIDE1,PEPTIDE1,1:R1-7:R2$$$",-6.45057517
"PEPTIDE1{G.G.R.G.X1661.L.G}$PEPTIDE1,PEPTIDE1,1:R1-7:R2$$$",-6.83452387
"PEPTIDE1{F.dP.X1956.G.dNle.dPhe(2-F).P}$PEPTIDE1,PEPTIDE1,1:R1-7:R2$$$",-6.73239280
"PEPTIDE1{dS.dP.X631.Y.P.X1811.Q}$PEPTIDE1,PEPTIDE1,1:R1-7:R2$$$",-7.54775907
"PEPTIDE1{X1432.Q.X2432.P.L.G.Q}$PEPTIDE1,PEPTIDE1,1:R1-7:R2$$$",-6.97624934
"PEPTIDE1{X1895.Q.X2719.Y.X1038.X2432.A}$PEPTIDE1,PEPTIDE1,1:R1-7:R2$$$",-7.35716500
"PEPTIDE1{R.G.X822.P.G.Me_dW.P}$PEPTIDE1,PEPTIDE1,1:R1-7:R2$$$",-7.08920579
"PEPTIDE1{R.Q.R.X196.X1874.X1588.Y}$PEPTIDE1,PEPTIDE1,1:R1-7:R2$$$",-7.10868324
"PEPTIDE1{P.X3004.Q.X1410.Y.G.dHpr}$PEPTIDE1,PEPTIDE1,1:R1-7:R2$$$",-7.19170654
"PEPTIDE1{X196.G.Q.X11.R.R.Y}$PEPTIDE1,PEPTIDE1,1:R1-7:R2$$$",-7.22043687
"PEPTIDE1{R.P.F.Y.L.X233.X591}$PEPTIDE1,PEPTIDE1,1:R1-7:R2$$$",-7.15737554
"PEPTIDE1{X196.Q.X81.Bal.Q.L.X956}$PEPTIDE1,PEPTIDE1,1:R1-7:R2$$$",-6.93941160
"PEPTIDE1{Q.G.P.R.F.X49.G}$PEPTIDE1,PEPTIDE1,1:R1-7:R2$$$",-7.04974761
"PEPTIDE1{X375.L.F.Y.X1004.X956.dP}$PEPTIDE1,PEPTIDE1,1:R1-7:R2$$$",-6.47831665
"PEPTIDE1{X2577.G.Q.R.X2791.G.X1918}$PEPTIDE1,PEPTIDE1,1:R1-7:R2$$$",-7.26501319
"PEPTIDE1{A.dNle.F.Y.X2258.Y.X2327}$PEPTIDE1,PEPTIDE1,1:R1-7:R2$$$",-7.12749733
"PEPTIDE1{R.X2258.G.G.F.F.Y}$PEPTIDE1,PEPTIDE1,1:R1-7:R2$$$",-7.30401217
"PEPTIDE1{Y.Y.X1664.G.P.X2432.G}$PEPTIDE1,PEPTIDE1,1:R1-7:R2$$$",-7.01380252
"PEPTIDE1{P.X612.Y.G.A.X702.G}$PEPTIDE1,PEPTIDE1,1:R1-7:R2$$$",-7.47602145
"PEPTIDE1{Y.X2432.G.X1457.G.Q.G}$PEPTIDE1,PEPTIDE1,1:R1-7:R2$$$",-6.92256272
"PEPTIDE1{L.F.Y.Y.R.R.G}$PEPTIDE1,PEPTIDE1,1:R1-7:R2$$$",-7.39954592
"PEPTIDE1{Y.Mono82.Q.P.Q.X2329.P}$PEPTIDE1,PEPTIDE1,1:R1-7:R2$$$",-7.06405619
"PEPTIDE1{A.G.Y.dP.Q.X2432.Q}$PEPTIDE1,PEPTIDE1,1:R1-7:R2$$$",-7.26917565
"PEPTIDE1{Q.Y.L.R.dP.L.X1432}$PEPTIDE1,PEPTIDE1,1:R1-7:R2$$$",-6.82312154
"PEPTIDE1{R.Q.X569.Y.am_G.L.P}$PEPTIDE1,PEPTIDE1,1:R1-7:R2$$$",-7.43499413
"PEPTIDE1{Trp(7-Br).X956.G.F.X785.X2526.P}$PEPTIDE1,PEPTIDE1,1:R1-7:R2$$$",-7.46001253
"PEPTIDE1{L.X786.G.G.F.R.X490}$PEPTIDE1,PEPTIDE1,1:R1-7:R2$$$",-6.48809164
"PEPTIDE1{X3004.X2364.Q.Q.X786.L.Q}$PEPTIDE1,PEPTIDE1,1:R1-7:R2$$$",-6.86290582
"PEPTIDE1{G.Y.X2461.Q.Q.X375.X1918}$PEPTIDE1,PEPTIDE1,1:R1-7:R2$$$",-6.24200518
"PEPTIDE1{F.Cit.X2577.F.P.dHpr.Y}$PEPTIDE1,PEPTIDE1,1:R1-7:R2$$$",-6.34726668
"PEPTIDE1{dR.X702.Q.X6.P.G.X956}$PEPTIDE1,PEPTIDE1,1:R1-7:R2$$$",-7.21802480
"PEPTIDE1{P.L.dP.Y.X785.Y.X1035}$PEPTIDE1,PEPTIDE1,1:R1-7:R2$$$",-6.46903695
"PEPTIDE1{X2465.P.dR.X1498.X1410.X2327.X1498}$PEPTIDE1,PEPTIDE1,1:R1-7:R2$$$",-7.57064417
"PEPTIDE1{Q.X1811.P.G.Q.L.G}$PEPTIDE1,PEPTIDE1,1:R1-7:R2$$$",-7.79146185
"PEPTIDE1{X946.G.X981.Q.X1861.Q.P}$PEPTIDE1,PEPTIDE1,1:R1-7:R2$$$",-6.40998048
"PEPTIDE1{G.dP.G.Y.X956.L.X187}$PEPTIDE1,PEPTIDE1,1:R1-7:R2$$$",-6.74168484
"PEPTIDE1{X6.X2364.G.P.L.A.P}$PEPTIDE1,PEPTIDE1,1:R1-7:R2$$$",-6.82186227
"PEPTIDE1{F.X46.X1811.P.X1918.X2432.Mono50}$PEPTIDE1,PEPTIDE1,1:R1-7:R2$$$",-6.31467473
"PEPTIDE1{G.X2403.X786.G.X916.R.Q}$PEPTIDE1,PEPTIDE1,1:R1-7:R2$$$",-7.56350029
"PEPTIDE1{L.G.Q.X1664.F.Mono107.X573}$PEPTIDE1,PEPTIDE1,1:R1-7:R2$$$",-7.25840279
"PEPTIDE1{G.dP.Y.X1961.R.X2432.Q}$PEPTIDE1,PEPTIDE1,1:R1-7:R2$$$",-7.05083469
"PEPTIDE1{X1918.L.G.X640.X1777.G.Bal}$PEPTIDE1,PEPTIDE1,1:R1-7:R2$$$",-7.14772648
"PEPTIDE1{X1661.Q.Y.X601.X1811.G.Q}$PEPTIDE1,PEPTIDE1,1:R1-7:R2$$$",-6.67015688
"PEPTIDE1{dHpr.Aze.X822.X1127.L.Q.X1811}$PEPTIDE1,PEPTIDE1,1:R1-7:R2$$$",-8.95522397
"PEPTIDE1{P.P.X2710.homoPhe_4CF3_3Cl.Phe(CHF2).G.(N->O)Tyr}$PEPTIDE1,PEPTIDE1,1:R1-7:R2$$$",-7.16248207
"PEPTIDE1{R.X956.X2327.G.F.X1350.X1410}$PEPTIDE1,PEPTIDE1,1:R1-7:R2$$$",-7.02125344
"PEPTIDE1{X1921.Y.X1699.X305.Y.R.(N->O)Val}$PEPTIDE1,PEPTIDE1,1:R1-7:R2$$$",-6.21502465
"PEPTIDE1{X663.G.X867.Y.L.P.X956}$PEPTIDE1,PEPTIDE1,1:R1-7:R2$$$",-6.36662412
"PEPTIDE1{X798.X2577.Q.X233.X2258.X916.X1004}$PEPTIDE1,PEPTIDE1,1:R1-7:R2$$$",-7.23409582
"PEPTIDE1{P.dR.X1395.dP.Q.X201.(N->O)Val}$PEPTIDE1,PEPTIDE1,1:R1-7:R2$$$",-7.51764169
"PEPTIDE1{Q.X981.Y.Y.L.dHpr.Y}$PEPTIDE1,PEPTIDE1,1:R1-7:R2$$$",-6.26022590
"PEPTIDE1{R.P.Y.X2432.L.Y.G}$PEPTIDE1,PEPTIDE1,1:R1-7:R2$$$",-6.90469114
"PEPTIDE1{X2577.X1811.F.X663.L.Q.Q}$PEPTIDE1,PEPTIDE1,1:R1-7:R2$$$",-7.52768503
"PEPTIDE1{X2577.F.F.F.X126.L.G}$PEPTIDE1,PEPTIDE1,1:R1-7:R2$$$",-6.76915479
"PEPTIDE1{Y.X1895.G.L.X683.L.X1004}$PEPTIDE1,PEPTIDE1,1:R1-7:R2$$$",-7.42755294
"PEPTIDE1{X7.X1921.X2403.Q.X786.X612.G}$PEPTIDE1,PEPTIDE1,1:R1-7:R2$$$",-7.64799737
"PEPTIDE1{R.X1020.G.F.X2432.Trp(7-Br).Mono50}$PEPTIDE1,PEPTIDE1,1:R1-7:R2$$$",-7.16280242
"PEPTIDE1{(N->O)Tyr.Y.X1395.dP.X2432.X3004.Q}$PEPTIDE1,PEPTIDE1,1:R1-7:R2$$$",-7.63291550
"PEPTIDE1{G.L.P.R.Q.G.X2719}$PEPTIDE1,PEPTIDE1,1:R1-7:R2$$$",-7.57919071
"PEPTIDE1{L.X1457.G.X490.L.X946.G}$PEPTIDE1,PEPTIDE1,1:R1-7:R2$$$",-6.30924045
"PEPTIDE1{X956.Mono19.X1004.X631.X1777.Mono19.X956}$PEPTIDE1,PEPTIDE1,1:R1-7:R2$$$",-7.28947064
"PEPTIDE1{L.X233.F.G.R.X1811.P}$PEPTIDE1,PEPTIDE1,1:R1-7:R2$$$",-7.54407786
"PEPTIDE1{Q.X601.G.G.G.Y.X946}$PEPTIDE1,PEPTIDE1,1:R1-7:R2$$$",-6.97015186
"PEPTIDE1{F.Y.G.X1874.X1817.Q.dS}$PEPTIDE1,PEPTIDE1,1:R1-7:R2$$$",-7.33604161
"PEPTIDE1{X956.L.A.F.Y.Mono51.X956}$PEPTIDE1,PEPTIDE1,1:R1-7:R2$$$",-6.19858181
"PEPTIDE1{G.X1811.P.Q.X1548.Y.X1004}$PEPTIDE1,PEPTIDE1,1:R1-7:R2$$$",-8.29124231
"PEPTIDE1{P.X2442.X2432.Y.L.X1393.Q}$PEPTIDE1,PEPTIDE1,1:R1-7:R2$$$",-6.83015102
"PEPTIDE1{L.R.Q.Aze.X2432.F.P}$PEPTIDE1,PEPTIDE1,1:R1-7:R2$$$",-6.52576969
"PEPTIDE1{dHpr.Q.P.X164.F.G.X1707}$PEPTIDE1,PEPTIDE1,1:R1-7:R2$$$",-6.33716820
"PEPTIDE1{X1895.Y.dP.F.X46.X2328.X302}$PEPTIDE1,PEPTIDE1,1:R1-7:R2$$$",-7.43717807
"PEPTIDE1{Q.G.X2432.L.X1004.P.X201}$PEPTIDE1,PEPTIDE1,1:R1-7:R2$$$",-7.13288274
"PEPTIDE1{X255.X387.Mono106.Q.X946.Mono80.P}$PEPTIDE1,PEPTIDE1,1:R1-7:R2$$$",-6.30603398
"PEPTIDE1{X652.X1004.P.Q.R.P.A}$PEPTIDE1,PEPTIDE1,1:R1-7:R2$$$",-7.32621959
"PEPTIDE1{P.Q.P.R.R.Q.G}$PEPTIDE1,PEPTIDE1,1:R1-7:R2$$$",-7.52427637
"PEPTIDE1{Q.Q.X956.L.F.G.X1004}$PEPTIDE1,PEPTIDE1,1:R1-7:R2$$$",-6.70958724
"PEPTIDE1{X1410.X737.R.L.Y.X1800.Q}$PEPTIDE1,PEPTIDE1,1:R1-7:R2$$$",-7.62397610
"PEPTIDE1{P.X946.G.X1918.P.X2577.X2403}$PEPTIDE1,PEPTIDE1,1:R1-7:R2$$$",-6.81112786
"PEPTIDE1{X591.R.P.X1707.X2577.R.Q}$PEPTIDE1,PEPTIDE1,1:R1-7:R2$$$",-7.02183724
"PEPTIDE1{Q.G.R.Q.X277.F.Y}$PEPTIDE1,PEPTIDE1,1:R1-7:R2$$$",-7.40069858
"PEPTIDE1{G.G.Y.Q.dP.R.Q}$PEPTIDE1,PEPTIDE1,1:R1-7:R2$$$",-7.31410687
"PEPTIDE1{F.Q.G.G.X233.X233.dD}$PEPTIDE1,PEPTIDE1,1:R1-7:R2$$$",-6.55453957
"PEPTIDE1{L.X916.Y.X1861.F.L.Y}$PEPTIDE1,PEPTIDE1,1:R1-7:R2$$$",-6.81166486
"PEPTIDE1{X1029.Y.G.Y.X2432.Q.X1004}$PEPTIDE1,PEPTIDE1,1:R1-7:R2$$$",-6.61209107
"PEPTIDE1{P.X6.Y.Mono60.am_G.G.X1664}$PEPTIDE1,PEPTIDE1,1:R1-7:R2$$$",-7.07099158
"PEPTIDE1{X2432.Mono63.X2203.X375.X1664.X2364.X1004}$PEPTIDE1,PEPTIDE1,1:R1-7:R2$$$",-7.17068398
"PEPTIDE1{Q.X1432.d2-Pal.Y.Y.Y.X1020}$PEPTIDE1,PEPTIDE1,1:R1-7:R2$$$",-7.47607994
"PEPTIDE1{R.X1038.(N->O)Val.Q.Q.R.Y}$PEPTIDE1,PEPTIDE1,1:R1-7:R2$$$",-7.32934170
"PEPTIDE1{F.F.X1798.X1004.L.G.X1895}$PEPTIDE1,PEPTIDE1,1:R1-7:R2$$$",-7.53932455
"PEPTIDE1{G.F.Cit.Y.dHpr.X2258.X49}$PEPTIDE1,PEPTIDE1,1:R1-7:R2$$$",-6.49126858
"PEPTIDE1{L.F.dHpr.Q.L.X2791.Y}$PEPTIDE1,PEPTIDE1,1:R1-7:R2$$$",-6.68999060
"PEPTIDE1{Y.X671.X255.L.P.G.X1004}$PEPTIDE1,PEPTIDE1,1:R1-7:R2$$$",-6.74212484
"PEPTIDE1{G.X1699.L.R.G.G.P}$PEPTIDE1,PEPTIDE1,1:R1-7:R2$$$",-6.89167500
"PEPTIDE1{G.G.G.G.R.dNle.G}$PEPTIDE1,PEPTIDE1,1:R1-7:R2$$$",-7.13245551
"PEPTIDE1{Y.P.G.G.X566.G.P}$PEPTIDE1,PEPTIDE1,1:R1-7:R2$$$",-7.21185489
"PEPTIDE1{G.(N->O)Tyr.Q.F.G.X305.P}$PEPTIDE1,PEPTIDE1,1:R1-7:R2$$$",-6.77593719
"PEPTIDE1{Y.am_F.Y.G.G.Q.G}$PEPTIDE1,PEPTIDE1,1:R1-7:R2$$$",-7.33326723
"PEPTIDE1{L.Q.X7.H.P.X1010.X981}$PEPTIDE1,PEPTIDE1,1:R1-7:R2$$$",-6.63193645
"PEPTIDE1{P.X375.Y.P.L.L.P}$PEPTIDE1,PEPTIDE1,1:R1-7:R2$$$",-5.99581198
"PEPTIDE1{Mono106.L.X956.X975.L.Y.X1918}$PEPTIDE1,PEPTIDE1,1:R1-7:R2$$$",-7.27145761
"PEPTIDE1{Q.G.X126.Q.X2830.X956.P}$PEPTIDE1,PEPTIDE1,1:R1-7:R2$$$",-7.12387196
"PEPTIDE1{P.Q.Q.R.R.F.G}$PEPTIDE1,PEPTIDE1,1:R1-7:R2$$$",-7.37599856
"PEPTIDE1{X1829.dP.Cha.R.P.G.Q}$PEPTIDE1,PEPTIDE1,1:R1-7:R2$$$",-6.68454500
"PEPTIDE1{dHpr.X1004.Bal.dHpr.Q.dNle.X683}$PEPTIDE1,PEPTIDE1,1:R1-7:R2$$$",-6.82494277
"PEPTIDE1{F.X2432.X2432.X2461.X1813.Aze.G}$PEPTIDE1,PEPTIDE1,1:R1-7:R2$$$",-6.63407095
"PEPTIDE1{F.Q.G.P.G.X1513.P}$PEPTIDE1,PEPTIDE1,1:R1-7:R2$$$",-6.56603981
"PEPTIDE1{X2432.G.G.A.X2432.F.X2328}$PEPTIDE1,PEPTIDE1,1:R1-7:R2$$$",-7.45592597
"PEPTIDE1{G.G.X2432.Q.F.X2364.X1457}$PEPTIDE1,PEPTIDE1,1:R1-7:R2$$$",-6.71690591
"PEPTIDE1{Q.F.dS.dP.X822.Y.Q}$PEPTIDE1,PEPTIDE1,1:R1-7:R2$$$",-7.10335063
"PEPTIDE1{P.L.R.Mono107.F.X1749.Y}$PEPTIDE1,PEPTIDE1,1:R1-7:R2$$$",-7.04865281
"PEPTIDE1{G.Q.Q.Q.X1004.L.Q}$PEPTIDE1,PEPTIDE1,1:R1-7:R2$$$",-7.14474498
"PEPTIDE1{X946.X591.G.G.G.Y.G}$PEPTIDE1,PEPTIDE1,1:R1-7:R2$$$",-7.30007482
"PEPTIDE1{L.X1895.X2432.Q.R.R.Y}$PEPTIDE1,PEPTIDE1,1:R1-7:R2$$$",-7.29866833
"PEPTIDE1{X2432.Y.Y.X233.L.X956.Q}$PEPTIDE1,PEPTIDE1,1:R1-7:R2$$$",-6.73801754
"PEPTIDE1{X591.G.Mono50.Mono51.P.Mono106.Y}$PEPTIDE1,PEPTIDE1,1:R1-7:R2$$$",-6.84763011
"PEPTIDE1{X870.Cit.X232.P.Y.X232.dA}$PEPTIDE1,PEPTIDE1,1:R1-7:R2$$$",-6.87506519
"PEPTIDE1{X2432.G.L.P.F.Mono106.P}$PEPTIDE1,PEPTIDE1,1:R1-7:R2$$$",-6.78094644
"PEPTIDE1{Y.am_G.X2328.X490.X2188.X490.X2432}$PEPTIDE1,PEPTIDE1,1:R1-7:R2$$$",-6.84342616
"PEPTIDE1{L.X702.R.P.Y.X640.dP}$PEPTIDE1,PEPTIDE1,1:R1-7:R2$$$",-6.96943491
"PEPTIDE1{G.R.Aze.X3004.P.Y.P}$PEPTIDE1,PEPTIDE1,1:R1-7:R2$$$",-6.84958343
"PEPTIDE1{dR.Y.Y.G.X2216.Q.Phe(CHF2)}$PEPTIDE1,PEPTIDE1,1:R1-7:R2$$$",-7.69408810
"PEPTIDE1{L.L.dHpr.G.dS.Y.dP}$PEPTIDE1,PEPTIDE1,1:R1-7:R2$$$",-6.68070745
"PEPTIDE1{X1038.X2432.Mono50.X101.dR.G.G}$PEPTIDE1,PEPTIDE1,1:R1-7:R2$$$",-6.69931978
"PEPTIDE1{dHpr.R.Q.dHpr.X612.X878.X945}$PEPTIDE1,PEPTIDE1,1:R1-7:R2$$$",-6.60086194
"PEPTIDE1{P.Y.Y.Q.X1540.G.X2432}$PEPTIDE1,PEPTIDE1,1:R1-7:R2$$$",-7.02722530
"PEPTIDE1{G.G.Q.Q.X2432.Q.X981}$PEPTIDE1,PEPTIDE1,1:R1-7:R2$$$",-6.62282010
"PEPTIDE1{X612.Q.F.P.X785.dHpr.dS}$PEPTIDE1,PEPTIDE1,1:R1-7:R2$$$",-6.58263093
"PEPTIDE1{Y.G.G.X1829.Q.X305.G}$PEPTIDE1,PEPTIDE1,1:R1-7:R2$$$",-6.69440490
"PEPTIDE1{G.X566.X946.G.G.P.Y}$PEPTIDE1,PEPTIDE1,1:R1-7:R2$$$",-7.30739707
"PEPTIDE1{F.X7.F.G.Aze.Mono16.P}$PEPTIDE1,PEPTIDE1,1:R1-7:R2$$$",-6.86741337
"PEPTIDE1{G.F.X2432.Mono107.F.P.X569}$PEPTIDE1,PEPTIDE1,1:R1-7:R2$$$",-7.34284529
"PEPTIDE1{P.dHpr.G.X785.Mono107.X683.P}$PEPTIDE1,PEPTIDE1,1:R1-7:R2$$$",-7.05256444
"PEPTIDE1{Mono106.F.X956.Y.L.G.X1829}$PEPTIDE1,PEPTIDE1,1:R1-7:R2$$$",-6.84962014
"PEPTIDE1{G.G.Q.Y.Q.L.X1004}$PEPTIDE1,PEPTIDE1,1:R1-7:R2$$$",-7.17118699
"PEPTIDE1{A.Y.R.L.P.G.X1457}$PEPTIDE1,PEPTIDE1,1:R1-7:R2$$$",-6.74096391
"PEPTIDE1{G.X255.X786.X2432.dS.X1921.Mono50}$PEPTIDE1,PEPTIDE1,1:R1-7:R2$$$",-7.20557874
"PEPTIDE1{P.X889.X786.G.(N->O)Tyr.Q.P}$PEPTIDE1,PEPTIDE1,1:R1-7:R2$$$",-7.15722147
"PEPTIDE1{X631.X601.G.X2432.X136.X2432.X2461}$PEPTIDE1,PEPTIDE1,1:R1-7:R2$$$",-6.95952080
"PEPTIDE1{Y.G.X671.R.Q.X2791.X1661}$PEPTIDE1,PEPTIDE1,1:R1-7:R2$$$",-7.02970361
"PEPTIDE1{Y.Hpr.F.X1010.X956.dP.X297}$PEPTIDE1,PEPTIDE1,1:R1-7:R2$$$",-6.46246243
"PEPTIDE1{Q.X261.X809.G.P.L.G}$PEPTIDE1,PEPTIDE1,1:R1-7:R2$$$",-6.93487485
"PEPTIDE1{dP.X737.X305.X591.Q.Y.Y}$PEPTIDE1,PEPTIDE1,1:R1-7:R2$$$",-7.22352564
"PEPTIDE1{Q.Q.X2577.X2432.R.Y.dHpr}$PEPTIDE1,PEPTIDE1,1:R1-7:R2$$$",-6.32799840
"PEPTIDE1{Q.X2403.X956.L.X425.Y.X1212}$PEPTIDE1,PEPTIDE1,1:R1-7:R2$$$",-7.38243256
"PEPTIDE1{R.X2432.G.Cit.R.G.P}$PEPTIDE1,PEPTIDE1,1:R1-7:R2$$$",-7.41722301
"PEPTIDE1{Q.Q.G.Y.R.Q.Y}$PEPTIDE1,PEPTIDE1,1:R1-7:R2$$$",-7.47151583
"PEPTIDE1{A.X946.X255.P.Y.Y.X2577}$PEPTIDE1,PEPTIDE1,1:R1-7:R2$$$",-6.22046769
"PEPTIDE1{X255.Q.X255.G.L.G.X6}$PEPTIDE1,PEPTIDE1,1:R1-7:R2$$$",-7.13025812
"PEPTIDE1{G.G.X569.Y.X2745.G.P}$PEPTIDE1,PEPTIDE1,1:R1-7:R2$$$",-6.78079045
"PEPTIDE1{X175.G.G.Pro(4-F2).G.Q.Q}$PEPTIDE1,PEPTIDE1,1:R1-7:R2$$$",-7.61410000
"PEPTIDE1{X490.Q.R.Y.F.R.X1788}$PEPTIDE1,PEPTIDE1,1:R1-7:R2$$$",-6.35620305
"PEPTIDE1{G.G.X2432.X1498.X2432.Q.X233}$PEPTIDE1,PEPTIDE1,1:R1-7:R2$$$",-6.84032292
"PEPTIDE1{X786.P.P.L.P.X1350.X652}$PEPTIDE1,PEPTIDE1,1:R1-7:R2$$$",-6.72650611
"PEPTIDE1{Q.X1457.Q.Mono19.R.X2214.G}$PEPTIDE1,PEPTIDE1,1:R1-7:R2$$$",-6.67943201
"PEPTIDE1{G.G.X946.X2669.G.X2719.P}$PEPTIDE1,PEPTIDE1,1:R1-7:R2$$$",-7.56683373
"PEPTIDE1{Y.L.X946.X1895.L.R.X1956}$PEPTIDE1,PEPTIDE1,1:R1-7:R2$$$",-7.16590587
"PEPTIDE1{Mono107.X11.G.X1350.X1788.X683.dP}$PEPTIDE1,PEPTIDE1,1:R1-7:R2$$$",-6.94561930
"PEPTIDE1{Q.X1664.Y.X2403.X785.P.(N->O)Val}$PEPTIDE1,PEPTIDE1,1:R1-7:R2$$$",-7.12660116
"PEPTIDE1{Q.Y.dHpr.Q.P.F.Y}$PEPTIDE1,PEPTIDE1,1:R1-7:R2$$$",-6.23412123
"PEPTIDE1{Mono106.X233.Y.X1206.X2432.G.X981}$PEPTIDE1,PEPTIDE1,1:R1-7:R2$$$",-6.65098938
"PEPTIDE1{Y.P.G.X1788.X375.Q.X699}$PEPTIDE1,PEPTIDE1,1:R1-7:R2$$$",-6.40635461
"PEPTIDE1{X956.X946.G.X375.X2442.F.G}$PEPTIDE1,PEPTIDE1,1:R1-7:R2$$$",-7.50251611
"PEPTIDE1{X2791.F.X2747.F.X297.P.Y}$PEPTIDE1,PEPTIDE1,1:R1-7:R2$$$",-6.87085762
"PEPTIDE1{X232.X1004.Q.R.X2461.L.P}$PEPTIDE1,PEPTIDE1,1:R1-7:R2$$$",-7.08501465
"PEPTIDE1{Q.X1777.X907.Y.Q.Bal.X652}$PEPTIDE1,PEPTIDE1,1:R1-7:R2$$$",-7.05363028
"PEPTIDE1{Y.G.L.P.X1731.P.Q}$PEPTIDE1,PEPTIDE1,1:R1-7:R2$$$",-8.01801905
"PEPTIDE1{Y.G.X305.G.Y.Y.Mono60}$PEPTIDE1,PEPTIDE1,1:R1-7:R2$$$",-6.69061606
"PEPTIDE1{G.Q.X905.Q.X1004.F.X577}$PEPTIDE1,PEPTIDE1,1:R1-7:R2$$$",-7.12172983
"PEPTIDE1{P.R.X255.X2461.X375.Q.Y}$PEPTIDE1,PEPTIDE1,1:R1-7:R2$$$",-6.42004092
"PEPTIDE1{G.Q.Mono16.X1811.Cit.Q.P}$PEPTIDE1,PEPTIDE1,1:R1-7:R2$$$",-8.52261478
"PEPTIDE1{P.P.Q.L.R.G.Mono51}$PEPTIDE1,PEPTIDE1,1:R1-7:R2$$$",-6.61248391
"PEPTIDE1{X1004.Q.G.X1004.Y.X1811.(N->O)Val}$PEPTIDE1,PEPTIDE1,1:R1-7:R2$$$",-8.80940000
"PEPTIDE1{X1004.F.P.X1010.X2669.F.Y}$PEPTIDE1,PEPTIDE1,1:R1-7:R2$$$",-6.54132181
"PEPTIDE1{X1350.X1811.P.Trp(7-Br).F.G.Q}$PEPTIDE1,PEPTIDE1,1:R1-7:R2$$$",-7.76401513
"PEPTIDE1{Q.Y.G.X601.G.G.Y}$PEPTIDE1,PEPTIDE1,1:R1-7:R2$$$",-7.26519369
"PEPTIDE1{X490.P.F.R.Y.P.Y}$PEPTIDE1,PEPTIDE1,1:R1-7:R2$$$",-6.35430904
"PEPTIDE1{R.Q.P.L.X956.G.P}$PEPTIDE1,PEPTIDE1,1:R1-7:R2$$$",-7.16062286
"PEPTIDE1{R.L.Y.X6.X11.X1811.X956}$PEPTIDE1,PEPTIDE1,1:R1-7:R2$$$",-7.66891538
"PEPTIDE1{A.G.R.Q.Me_3-Pal.G.G}$PEPTIDE1,PEPTIDE1,1:R1-7:R2$$$",-7.21522164
"PEPTIDE1{X652.Y.dHpr.Q.X2432.A.G}$PEPTIDE1,PEPTIDE1,1:R1-7:R2$$$",-6.73578125
"PEPTIDE1{X196.L.Y.G.X905.G.Q}$PEPTIDE1,PEPTIDE1,1:R1-7:R2$$$",-6.94033824
"PEPTIDE1{P.X232.Q.X612.Aze.G.G}$PEPTIDE1,PEPTIDE1,1:R1-7:R2$$$",-6.69296222
"PEPTIDE1{Q.X2791.F.F.X387.Q.X683}$PEPTIDE1,PEPTIDE1,1:R1-7:R2$$$",-7.59238075
"PEPTIDE1{R.X3004.X1837.P.F.Y.Y}$PEPTIDE1,PEPTIDE1,1:R1-7:R2$$$",-7.48016317
"PEPTIDE1{F.Q.G.L.X975.Q.P}$PEPTIDE1,PEPTIDE1,1:R1-7:R2$$$",-6.92928640
"PEPTIDE1{A.dHpr.L.X1393.Y.F.A}$PEPTIDE1,PEPTIDE1,1:R1-7:R2$$$",-6.62748788
"PEPTIDE1{X612.G.X1410.X981.X1212.X663.Y}$PEPTIDE1,PEPTIDE1,1:R1-7:R2$$$",-7.28814724
"PEPTIDE1{G.G.X1395.X1811.X671.X2577.P}$PEPTIDE1,PEPTIDE1,1:R1-7:R2$$$",-7.70460837
"PEPTIDE1{X631.X255.P.Q.(N->O)Val.X946.X946}$PEPTIDE1,PEPTIDE1,1:R1-7:R2$$$",-6.56985907
"PEPTIDE1{P.G.G.G.X663.Hpr.Trp(6-Br)}$PEPTIDE1,PEPTIDE1,1:R1-7:R2$$$",-6.56483105
"PEPTIDE1{G.Q.Y.Cit.X261.X863.dHpr}$PEPTIDE1,PEPTIDE1,1:R1-7:R2$$$",-6.93803061
"PEPTIDE1{X1395.Q.L.G.Y.Y.Y}$PEPTIDE1,PEPTIDE1,1:R1-7:R2$$$",-7.40155808
"PEPTIDE1{Q.G.X1004.Trp(7-Br).Q.Phe(CHF2).P}$PEPTIDE1,PEPTIDE1,1:R1-7:R2$$$",-7.13913339
"PEPTIDE1{L.X1010.P.X3004.G.R.X1664}$PEPTIDE1,PEPTIDE1,1:R1-7:R2$$$",-6.83713048
"PEPTIDE1{Cit.am_G.Y.G.Y.X490.P}$PEPTIDE1,PEPTIDE1,1:R1-7:R2$$$",-7.06732120
"PEPTIDE1{X2577.F.R.X2749.L.X2432.Q}$PEPTIDE1,PEPTIDE1,1:R1-7:R2$$$",-7.31796382
"PEPTIDE1{G.X2432.X1004.Y.F.L.Mono82}$PEPTIDE1,PEPTIDE1,1:R1-7:R2$$$",-6.80575418
"PEPTIDE1{X631.X786.X490.X591.F.L.X114}$PEPTIDE1,PEPTIDE1,1:R1-7:R2$$$",-6.94182000
"PEPTIDE1{X2432.X1829.X11.P.Q.X255.P}$PEPTIDE1,PEPTIDE1,1:R1-7:R2$$$",-6.72722752
"PEPTIDE1{Q.Aze.A.X1956.R.X255.G}$PEPTIDE1,PEPTIDE1,1:R1-7:R2$$$",-6.88069692
"PEPTIDE1{G.X255.X591.X391.X7.X232.Y}$PEPTIDE1,PEPTIDE1,1:R1-7:R2$$$",-6.99504006
"PEPTIDE1{X1664.am_G.P.X1956.X1010.X189.X2577}$PEPTIDE1,PEPTIDE1,1:R1-7:R2$$$",-6.71193182
"PEPTIDE1{G.X2461.X2669.X233.d3-Pal.X101.Q}$PEPTIDE1,PEPTIDE1,1:R1-7:R2$$$",-6.50906241
"PEPTIDE1{G.Y.X2432.X232.P.G.G}$PEPTIDE1,PEPTIDE1,1:R1-7:R2$$$",-6.66964481
"PEPTIDE1{Q.Y.X785.Q.F.X49.G}$PEPTIDE1,PEPTIDE1,1:R1-7:R2$$$",-7.32188510
"PEPTIDE1{G.R.P.G.P.A.G}$PEPTIDE1,PEPTIDE1,1:R1-7:R2$$$",-7.48921802
"PEPTIDE1{X631.Q.X490.Y.R.Y.Q}$PEPTIDE1,PEPTIDE1,1:R1-7:R2$$$",-6.53255240
"PEPTIDE1{R.R.X1798.X631.G.G.X822}$PEPTIDE1,PEPTIDE1,1:R1-7:R2$$$",-7.40098556
"PEPTIDE1{F.(N->O)Tyr.Y.X2669.X1956.X1004.X490}$PEPTIDE1,PEPTIDE1,1:R1-7:R2$$$",-6.38273751
"PEPTIDE1{L.Mono107.P.G.X2432.F.Q}$PEPTIDE1,PEPTIDE1,1:R1-7:R2$$$",-6.65785072
"PEPTIDE1{A.X2432.P.R.lalloHyp.A.P}$PEPTIDE1,PEPTIDE1,1:R1-7:R2$$$",-6.97532421
"PEPTIDE1{R.P.(N->O)Val.P.G.X956.X1837}$PEPTIDE1,PEPTIDE1,1:R1-7:R2$$$",-6.93910346
"PEPTIDE1{A.Y.X255.X1457.R.Mono50.Y}$PEPTIDE1,PEPTIDE1,1:R1-7:R2$$$",-6.95271621
"PEPTIDE1{X1811.Y.X233.G.P.X305.A}$PEPTIDE1,PEPTIDE1,1:R1-7:R2$$$",-6.44331782
"PEPTIDE1{X1395.R.F.G.Y.X1004.Y}$PEPTIDE1,PEPTIDE1,1:R1-7:R2$$$",-7.46502807
"PEPTIDE1{Q.P.X1004.Y.X1777.X1004.X1457}$PEPTIDE1,PEPTIDE1,1:R1-7:R2$$$",-7.50381598
"PEPTIDE1{P.Q.X1777.Q.G.X956.Y}$PEPTIDE1,PEPTIDE1,1:R1-7:R2$$$",-7.02983387
"PEPTIDE1{X2432.dN.G.dCit.P.G.G}$PEPTIDE1,PEPTIDE1,1:R1-7:R2$$$",-7.25128780
"PEPTIDE1{Y.X261.R.F.P.X1588.X3004}$PEPTIDE1,PEPTIDE1,1:R1-7:R2$$$",-7.14473365
"PEPTIDE1{Q.X946.Q.Y.L.Mono82.Y}$PEPTIDE1,PEPTIDE1,1:R1-7:R2$$$",-6.55115402
"PEPTIDE1{Q.X946.X822.R.Bal.R.G}$PEPTIDE1,PEPTIDE1,1:R1-7:R2$$$",-7.24599635
"PEPTIDE1{X683.Aze.G.X6.X2669.X2258.P}$PEPTIDE1,PEPTIDE1,1:R1-7:R2$$$",-6.95816806
"PEPTIDE1{dP.Y.X1989.G.P.X956.dS}$PEPTIDE1,PEPTIDE1,1:R1-7:R2$$$",-7.10857196
"PEPTIDE1{2-Pal.F.Q.X490.G.X822.X591}$PEPTIDE1,PEPTIDE1,1:R1-7:R2$$$",-6.42126418
"PEPTIDE1{Q.X501.G.X956.Q.X2432.X1004}$PEPTIDE1,PEPTIDE1,1:R1-7:R2$$$",-7.44750690
"PEPTIDE1{Q.meL.Y.F.X2432.F.G}$PEPTIDE1,PEPTIDE1,1:R1-7:R2$$$",-6.46242678
"PEPTIDE1{X3004.X946.P.Q.X425.dHpr.G}$PEPTIDE1,PEPTIDE1,1:R1-7:R2$$$",-6.60120741
"PEPTIDE1{dHpr.G.F.A.P.X946.X2791}$PEPTIDE1,PEPTIDE1,1:R1-7:R2$$$",-6.66978891
"PEPTIDE1{X2501.X1004.G.X1004.Y.Mono107.G}$PEPTIDE1,PEPTIDE1,1:R1-7:R2$$$",-6.51716686
"PEPTIDE1{X880.Q.G.X1029.dH.L.X2327}$PEPTIDE1,PEPTIDE1,1:R1-7:R2$$$",-6.94431360
"PEPTIDE1{dH.Y.Aze.meL.Q.X2432.X956}$PEPTIDE1,PEPTIDE1,1:R1-7:R2$$$",-6.58796191
"PEPTIDE1{G.dP.P.L.X591.dHpr.G}$PEPTIDE1,PEPTIDE1,1:R1-7:R2$$$",-6.84376992
"PEPTIDE1{L.Aze.X956.Y.Q.dHpr.P}$PEPTIDE1,PEPTIDE1,1:R1-7:R2$$$",-6.56374364
"PEPTIDE1{L.X179.X490.X2432.S.G.Y}$PEPTIDE1,PEPTIDE1,1:R1-7:R2$$$",-6.55564440
"PEPTIDE1{Y.Q.Q.X671.G.X956.X1768}$PEPTIDE1,PEPTIDE1,1:R1-7:R2$$$",-7.14627256
"PEPTIDE1{L.dP.X2830.F.(N->O)Val.X2461.X233}$PEPTIDE1,PEPTIDE1,1:R1-7:R2$$$",-6.55192805
"PEPTIDE1{X946.X1035.dPhe(2-F).Y.Y.R.X387}$PEPTIDE1,PEPTIDE1,1:R1-7:R2$$$",-6.46513720
"PEPTIDE1{X490.Mono50.X529.F.L.Q.Mono106}$PEPTIDE1,PEPTIDE1,1:R1-7:R2$$$",-6.52188574
"PEPTIDE1{G.dHpr.X1588.R.R.R.X1432}$PEPTIDE1,PEPTIDE1,1:R1-7:R2$$$",-7.03246626
"PEPTIDE1{Q.X537.X2432.X946.Y.X2791.X11}$PEPTIDE1,PEPTIDE1,1:R1-7:R2$$$",-7.42186009
"PEPTIDE1{L.X1971.X387.Q.Y.F.G}$PEPTIDE1,PEPTIDE1,1:R1-7:R2$$$",-6.22182411
"PEPTIDE1{X2328.Q.Q.G.P.X2791.G}$PEPTIDE1,PEPTIDE1,1:R1-7:R2$$$",-7.50642718
"PEPTIDE1{dR.F.G.G.Y.X1457.G}$PEPTIDE1,PEPTIDE1,1:R1-7:R2$$$",-6.78071337
"PEPTIDE1{Trp(7-Br).X2577.F.P.X391.L.Y}$PEPTIDE1,PEPTIDE1,1:R1-7:R2$$$",-7.16988557
"PEPTIDE1{A.L.X1918.P.X277.Y.homoPhe_4CF3_3Cl}$PEPTIDE1,PEPTIDE1,1:R1-7:R2$$$",-6.21401550
"PEPTIDE1{X375.G.X1829.Q.L.L.P}$PEPTIDE1,PEPTIDE1,1:R1-7:R2$$$",-6.63446075
"PEPTIDE1{Y.X785.G.G.X1004.X7.Q}$PEPTIDE1,PEPTIDE1,1:R1-7:R2$$$",-7.43309913
"PEPTIDE1{X1800.L.dHpr.X1004.F.X11.Q}$PEPTIDE1,PEPTIDE1,1:R1-7:R2$$$",-6.26777752
"PEPTIDE1{Q.X7.X1699.Y.X956.Y.X1498}$PEPTIDE1,PEPTIDE1,1:R1-7:R2$$$",-6.58257483
"PEPTIDE1{P.G.R.X233.Y.Q.X2327}$PEPTIDE1,PEPTIDE1,1:R1-7:R2$$$",-6.92284284
"PEPTIDE1{Y.X49.R.Y.Mono107.P.Q}$PEPTIDE1,PEPTIDE1,1:R1-7:R2$$$",-7.08711574
"PEPTIDE1{G.X2432.X315.R.L.X2461.dP}$PEPTIDE1,PEPTIDE1,1:R1-7:R2$$$",-6.61614180
"PEPTIDE1{X1664.Bal.dP.X975.Q.Y.X204}$PEPTIDE1,PEPTIDE1,1:R1-7:R2$$$",-7.00122019
"PEPTIDE1{Y.X1720.F.G.Q.X11.X1777}$PEPTIDE1,PEPTIDE1,1:R1-7:R2$$$",-7.48454617
"PEPTIDE1{L.R.L.X786.Y.Y.X1829}$PEPTIDE1,PEPTIDE1,1:R1-7:R2$$$",-6.91285715
"PEPTIDE1{X946.Y.Y.L.F.Me_3-Pal.X956}$PEPTIDE1,PEPTIDE1,1:R1-7:R2$$$",-7.01754867
"PEPTIDE1{Y.X490.X164.X946.Q.G.X930}$PEPTIDE1,PEPTIDE1,1:R1-7:R2$$$",-6.38375071
"PEPTIDE1{X2403.X1206.(N->O)Tyr.G.F.X956.Y}$PEPTIDE1,PEPTIDE1,1:R1-7:R2$$$",-7.69406869
"PEPTIDE1{G.G.X2791.P.X1895.G.A}$PEPTIDE1,PEPTIDE1,1:R1-7:R2$$$",-7.46337235
"PEPTIDE1{Q.X49.Q.Q.X1811.X232.X1253}$PEPTIDE1,PEPTIDE1,1:R1-7:R2$$$",-8.52250329
"PEPTIDE1{X946.P.X1801.A.P.F.G}$PEPTIDE1,PEPTIDE1,1:R1-7:R2$$$",-6.92752282
"PEPTIDE1{Q.(N->O)Tyr.G.F.R.G.X1410}$PEPTIDE1,PEPTIDE1,1:R1-7:R2$$$",-7.41704837
"PEPTIDE1{Mono19.A.R.X233.P.X1895.G}$PEPTIDE1,PEPTIDE1,1:R1-7:R2$$$",-7.45812529
"PEPTIDE1{Y.R.A.F.X2113.X1777.Y}$PEPTIDE1,PEPTIDE1,1:R1-7:R2$$$",-7.30489688
"PEPTIDE1{Y.X1294.G.P.X2432.Y.X956}$PEPTIDE1,PEPTIDE1,1:R1-7:R2$$$",-7.13049970
"PEPTIDE1{X490.G.X1664.X542.X255.Q.X2674}$PEPTIDE1,PEPTIDE1,1:R1-7:R2$$$",-7.05707198
"PEPTIDE1{G.R.X1811.X601.X196.X1720.Q}$PEPTIDE1,PEPTIDE1,1:R1-7:R2$$$",-7.14871519
"PEPTIDE1{L.X591.G.P.Y.R.X2461}$PEPTIDE1,PEPTIDE1,1:R1-7:R2$$$",-6.70072209
"PEPTIDE1{X2328.X255.X2745.Q.R.X2432.X785}$PEPTIDE1,PEPTIDE1,1:R1-7:R2$$$",-7.04089308
"PEPTIDE1{X2328.F.L.G.dPhe(2-F).Y.X2132}$PEPTIDE1,PEPTIDE1,1:R1-7:R2$$$",-7.43762627
"PEPTIDE1{X6.Y.G.X2432.X1432.F.P}$PEPTIDE1,PEPTIDE1,1:R1-7:R2$$$",-7.11560395
"PEPTIDE1{Q.Q.F.X1410.F.P.X3011}$PEPTIDE1,PEPTIDE1,1:R1-7:R2$$$",-7.17415118
"PEPTIDE1{dP.A.L.F.Y.X1813.X81}$PEPTIDE1,PEPTIDE1,1:R1-7:R2$$$",-7.04408558
"PEPTIDE1{X1777.X2791.Mono107.G.F.Y.Q}$PEPTIDE1,PEPTIDE1,1:R1-7:R2$$$",-7.39767414
"PEPTIDE1{X2432.P.Q.G.X232.F.P}$PEPTIDE1,PEPTIDE1,1:R1-7:R2$$$",-6.48192449
"PEPTIDE1{L.A.Y.G.P.Q.X786}$PEPTIDE1,PEPTIDE1,1:R1-7:R2$$$",-7.34585643
"PEPTIDE1{Q.X2793.L.G.Q.Y.X3004}$PEPTIDE1,PEPTIDE1,1:R1-7:R2$$$",-6.92351525
"PEPTIDE1{F.G.Y.A.G.X49.Q}$PEPTIDE1,PEPTIDE1,1:R1-7:R2$$$",-6.90759276
"PEPTIDE1{F.X2754.P.R.X956.X2113.Q}$PEPTIDE1,PEPTIDE1,1:R1-7:R2$$$",-7.51066124
"PEPTIDE1{Q.P.P.X956.X233.X2432.Q}$PEPTIDE1,PEPTIDE1,1:R1-7:R2$$$",-6.87045906
"PEPTIDE1{R.L.G.homoPhe_4CF3_3Cl.Y.X612.G}$PEPTIDE1,PEPTIDE1,1:R1-7:R2$$$",-7.28260935
"PEPTIDE1{X663.X1777.P.P.P.X2432.Y}$PEPTIDE1,PEPTIDE1,1:R1-7:R2$$$",-6.31597530
"PEPTIDE1{L.X7.Q.X1777.dHpr.X683.X2669}$PEPTIDE1,PEPTIDE1,1:R1-7:R2$$$",-6.79731782
"PEPTIDE1{A.X1895.X196.X2285.X11.Y.Y}$PEPTIDE1,PEPTIDE1,1:R1-7:R2$$$",-7.71994766
"PEPTIDE1{G.X1661.P.X1811.X2403.G.G}$PEPTIDE1,PEPTIDE1,1:R1-7:R2$$$",-7.48229992
"PEPTIDE1{X255.X2258.dP.P.X1190.X425.P}$PEPTIDE1,PEPTIDE1,1:R1-7:R2$$$",-6.88803682
"PEPTIDE1{X343.R.G.Mono106.L.X1956.Q}$PEPTIDE1,PEPTIDE1,1:R1-7:R2$$$",-7.03903772
"PEPTIDE1{Q.Y.dP.P.F.X946.X375}$PEPTIDE1,PEPTIDE1,1:R1-7:R2$$$",-6.23084269
"PEPTIDE1{P.(N->O)Val.X1004.G.X683.G.P}$PEPTIDE1,PEPTIDE1,1:R1-7:R2$$$",-7.27083204
"PEPTIDE1{G.X612.X232.Q.X2432.X3004.Y}$PEPTIDE1,PEPTIDE1,1:R1-7:R2$$$",-7.16009139
"PEPTIDE1{G.dHpr.G.G.Mono19.X3004.Mono50}$PEPTIDE1,PEPTIDE1,1:R1-7:R2$$$",-6.94677912
"PEPTIDE1{R.L.Aze.X1010.X1699.X1004.X1004}$PEPTIDE1,PEPTIDE1,1:R1-7:R2$$$",-6.62190119
"PEPTIDE1{Y.Q.X490.X391.X2577.dP.(N->O)Val}$PEPTIDE1,PEPTIDE1,1:R1-7:R2$$$",-6.53690236
"PEPTIDE1{X956.F.L.G.Y.R.G}$PEPTIDE1,PEPTIDE1,1:R1-7:R2$$$",-6.61410424
"PEPTIDE1{Q.Q.P.R.Y.X2432.X2327}$PEPTIDE1,PEPTIDE1,1:R1-7:R2$$$",-6.74561636
"PEPTIDE1{P.X1989.X305.Q.P.Cha.Q}$PEPTIDE1,PEPTIDE1,1:R1-7:R2$$$",-6.65586088
"PEPTIDE1{X2432.X497.X2432.G.X11.Y.dP}$PEPTIDE1,PEPTIDE1,1:R1-7:R2$$$",-6.63373232
"PEPTIDE1{X196.X2328.P.Y.X1813.Q.P}$PEPTIDE1,PEPTIDE1,1:R1-7:R2$$$",-7.44977233
"PEPTIDE1{L.Y.F.G.F.X956.X537}$PEPTIDE1,PEPTIDE1,1:R1-7:R2$$$",-7.20712575
"PEPTIDE1{X946.Q.X305.dP.Aze.G.X663}$PEPTIDE1,PEPTIDE1,1:R1-7:R2$$$",-6.57661092
"PEPTIDE1{Y.X147.dP.P.A.X930.P}$PEPTIDE1,PEPTIDE1,1:R1-7:R2$$$",-6.66204755
"PEPTIDE1{Q.G.Y.P.dHpr.X305.G}$PEPTIDE1,PEPTIDE1,1:R1-7:R2$$$",-6.87396186
"PEPTIDE1{L.X425.X2791.Q.G.R.P}$PEPTIDE1,PEPTIDE1,1:R1-7:R2$$$",-7.24133948
"PEPTIDE1{X1058.G.P.Q.X946.G.G}$PEPTIDE1,PEPTIDE1,1:R1-7:R2$$$",-7.24752569
"PEPTIDE1{F.X809.G.G.X956.G.X490}$PEPTIDE1,PEPTIDE1,1:R1-7:R2$$$",-6.46413694
"PEPTIDE1{X2791.X1918.X671.P.Q.G.P}$PEPTIDE1,PEPTIDE1,1:R1-7:R2$$$",-7.02355638
"PEPTIDE1{X1004.X622.Y.P.X343.X7.G}$PEPTIDE1,PEPTIDE1,1:R1-7:R2$$$",-7.06299042
"PEPTIDE1{F.Q.R.X490.F.X497.X534}$PEPTIDE1,PEPTIDE1,1:R1-7:R2$$$",-6.30663962
"PEPTIDE1{P.R.R.Y.L.X2577.X2432}$PEPTIDE1,PEPTIDE1,1:R1-7:R2$$$",-6.78105453
"PEPTIDE1{X1664.Q.X1664.X1010.G.X956.X305}$PEPTIDE1,PEPTIDE1,1:R1-7:R2$$$",-6.61448855
"PEPTIDE1{Aze.X569.X1010.G.dS.Mono16.Q}$PEPTIDE1,PEPTIDE1,1:R1-7:R2$$$",-6.80664812
"PEPTIDE1{G.G.X1956.G.X1393.G.G}$PEPTIDE1,PEPTIDE1,1:R1-7:R2$$$",-6.84284986
"PEPTIDE1{X375.X1811.X1395.Q.G.P.X786}$PEPTIDE1,PEPTIDE1,1:R1-7:R2$$$",-7.86572718
"PEPTIDE1{meL.L.X1010.X2432.P.P.P}$PEPTIDE1,PEPTIDE1,1:R1-7:R2$$$",-6.41088788
"PEPTIDE1{P.X612.X1350.G.X569.Q.Y}$PEPTIDE1,PEPTIDE1,1:R1-7:R2$$$",-7.40304134
"PEPTIDE1{F.X2432.Q.X2432.Y.G.G}$PEPTIDE1,PEPTIDE1,1:R1-7:R2$$$",-6.90002431
"PEPTIDE1{Y.Y.G.X2719.X2432.F.X490}$PEPTIDE1,PEPTIDE1,1:R1-7:R2$$$",-6.66355491
"PEPTIDE1{X786.X136.F.X391.F.G.X2754}$PEPTIDE1,PEPTIDE1,1:R1-7:R2$$$",-7.47528518
"PEPTIDE1{X1749.X2432.G.F.X956.G.G}$PEPTIDE1,PEPTIDE1,1:R1-7:R2$$$",-6.74733721
"PEPTIDE1{Q.L.X956.Y.X2433.P.dP}$PEPTIDE1,PEPTIDE1,1:R1-7:R2$$$",-6.81017072
"PEPTIDE1{L.Q.R.Q.Q.X2577.G}$PEPTIDE1,PEPTIDE1,1:R1-7:R2$$$",-7.24931671
"PEPTIDE1{Q.R.X1811.F.Q.X1190.G}$PEPTIDE1,PEPTIDE1,1:R1-7:R2$$$",-7.75519944
"PEPTIDE1{X2577.G.dP.P.X2465.X1918.G}$PEPTIDE1,PEPTIDE1,1:R1-7:R2$$$",-6.70530914
"PEPTIDE1{F.G.X1393.G.L.X255.Mono60}$PEPTIDE1,PEPTIDE1,1:R1-7:R2$$$",-6.62976286
"PEPTIDE1{Y.X3011.X2285.P.R.F.G}$PEPTIDE1,PEPTIDE1,1:R1-7:R2$$$",-6.98003098
"PEPTIDE1{X1410.Mono50.X504.X229.Q.X1029.Q}$PEPTIDE1,PEPTIDE1,1:R1-7:R2$$$",-7.06892078
"PEPTIDE1{G.A.(N->O)Tyr.P.P.X1918.X7}$PEPTIDE1,PEPTIDE1,1:R1-7:R2$$$",-7.08620422
"PEPTIDE1{X2403.dHpr.X1777.X7.Y.A.Q}$PEPTIDE1,PEPTIDE1,1:R1-7:R2$$$",-6.83565425
"PEPTIDE1{R.X1029.G.F.G.X233.G}$PEPTIDE1,PEPTIDE1,1:R1-7:R2$$$",-6.61648888
"PEPTIDE1{G.X2461.X1895.Q.X786.X2461.Y}$PEPTIDE1,PEPTIDE1,1:R1-7:R2$$$",-6.93226748
"PEPTIDE1{P.R.X1609.Q.G.G.X7}$PEPTIDE1,PEPTIDE1,1:R1-7:R2$$$",-7.21803562
"PEPTIDE1{R.X425.X591.X490.Q.G.Y}$PEPTIDE1,PEPTIDE1,1:R1-7:R2$$$",-6.57483005
"PEPTIDE1{X187.Q.X2461.X1811.X2328.R.lalloHyp}$PEPTIDE1,PEPTIDE1,1:R1-7:R2$$$",-8.01989950
"PEPTIDE1{G.Y.G.P.P.X702.X2671}$PEPTIDE1,PEPTIDE1,1:R1-7:R2$$$",-7.16510604
"PEPTIDE1{X2791.G.X824.X591.G.X809.X7}$PEPTIDE1,PEPTIDE1,1:R1-7:R2$$$",-6.93482842
"PEPTIDE1{P.X233.P.G.X46.Cit.Y}$PEPTIDE1,PEPTIDE1,1:R1-7:R2$$$",-6.47645746
"PEPTIDE1{F.Y.X1956.P.P.L.G}$PEPTIDE1,PEPTIDE1,1:R1-7:R2$$$",-6.55579204
"PEPTIDE1{Y.Y.X2048.G.R.Q.Q}$PEPTIDE1,PEPTIDE1,1:R1-7:R2$$$",-6.95111048
"PEPTIDE1{dHpr.G.F.X2432.R.X2113.G}$PEPTIDE1,PEPTIDE1,1:R1-7:R2$$$",-6.82112423
"PEPTIDE1{F.X956.G.G.X255.Q.dHpr}$PEPTIDE1,PEPTIDE1,1:R1-7:R2$$$",-6.69197937
"PEPTIDE1{R.F.G.F.F.Q.Q}$PEPTIDE1,PEPTIDE1,1:R1-7:R2$$$",-7.46445333
"PEPTIDE1{F.R.X786.Q.P.G.X1720}$PEPTIDE1,PEPTIDE1,1:R1-7:R2$$$",-7.36519291
"PEPTIDE1{X1895.X1350.R.X2113.G.G.X1664}$PEPTIDE1,PEPTIDE1,1:R1-7:R2$$$",-7.50509315
"PEPTIDE1{R.X683.Y.Y.Q.R.A}$PEPTIDE1,PEPTIDE1,1:R1-7:R2$$$",-7.35805931
"PEPTIDE1{X631.L.R.X2465.X2461.L.G}$PEPTIDE1,PEPTIDE1,1:R1-7:R2$$$",-6.45424788
"PEPTIDE1{X2203.X2432.X1918.X425.X824.Q.G}$PEPTIDE1,PEPTIDE1,1:R1-7:R2$$$",-6.88451848
"PEPTIDE1{X946.G.Q.X956.P.P.G}$PEPTIDE1,PEPTIDE1,1:R1-7:R2$$$",-7.01783777
"PEPTIDE1{Y.G.X400.X1895.X1788.Q.X2461}$PEPTIDE1,PEPTIDE1,1:R1-7:R2$$$",-6.68222048
"PEPTIDE1{P.P.X1834.Aze.X786.X314.X612}$PEPTIDE1,PEPTIDE1,1:R1-7:R2$$$",-6.92996627
"PEPTIDE1{X1813.G.Q.G.Q.X1609.X2719}$PEPTIDE1,PEPTIDE1,1:R1-7:R2$$$",-7.55413149
"PEPTIDE1{X591.X1895.L.Y.X1777.G.X956}$PEPTIDE1,PEPTIDE1,1:R1-7:R2$$$",-7.68871106
"PEPTIDE1{G.X1813.Q.A.Y.Y.Q}$PEPTIDE1,PEPTIDE1,1:R1-7:R2$$$",-7.53759084
"PEPTIDE1{P.X2113.G.X945.L.X1661.Q}$PEPTIDE1,PEPTIDE1,1:R1-7:R2$$$",-6.39017916
"PEPTIDE1{R.dP.Y.X7.X591.X233.X1989}$PEPTIDE1,PEPTIDE1,1:R1-7:R2$$$",-7.34117718
"PEPTIDE1{P.P.R.X1798.F.Mono19.Y}$PEPTIDE1,PEPTIDE1,1:R1-7:R2$$$",-6.53470589
"PEPTIDE1{X2669.X1811.G.L.R.X2754.X1802}$PEPTIDE1,PEPTIDE1,1:R1-7:R2$$$",-7.94380476
"PEPTIDE1{F.Mono50.F.X2577.X569.G.Y}$PEPTIDE1,PEPTIDE1,1:R1-7:R2$$$",-7.26681902
"PEPTIDE1{G.X2258.F.X956.X946.P.Y}$PEPTIDE1,PEPTIDE1,1:R1-7:R2$$$",-6.74842579
"PEPTIDE1{L.F.G.Q.X490.G.P}$PEPTIDE1,PEPTIDE1,1:R1-7:R2$$$",-6.55683107
"PEPTIDE1{Q.X981.X233.X3011.X490.R.X1393}$PEPTIDE1,PEPTIDE1,1:R1-7:R2$$$",-6.71145915
"PEPTIDE1{G.Aze.G.A.R.Q.X934}$PEPTIDE1,PEPTIDE1,1:R1-7:R2$$$",-7.03319815
"PEPTIDE1{L.R.X11.R.L.X1777.Q}$PEPTIDE1,PEPTIDE1,1:R1-7:R2$$$",-6.92732244
"PEPTIDE1{Q.L.Mono51.Y.X2432.X2465.G}$PEPTIDE1,PEPTIDE1,1:R1-7:R2$$$",-6.16924552
"PEPTIDE1{X1800.G.X232.X1811.G.P.Q}$PEPTIDE1,PEPTIDE1,1:R1-7:R2$$$",-8.07718333
"PEPTIDE1{X277.X305.F.X1004.P.X1664.Y}$PEPTIDE1,PEPTIDE1,1:R1-7:R2$$$",-6.55601329
"PEPTIDE1{P.L.X1004.X46.P.L.X196}$PEPTIDE1,PEPTIDE1,1:R1-7:R2$$$",-6.49851196
"PEPTIDE1{Q.R.Q.am_G.G.dNle.Q}$PEPTIDE1,PEPTIDE1,1:R1-7:R2$$$",-7.43985514
"PEPTIDE1{X375.X2745.X1895.Y.X824.L.G}$PEPTIDE1,PEPTIDE1,1:R1-7:R2$$$",-6.81339226
"PEPTIDE1{Q.X179.R.X956.X1777.G.X11}$PEPTIDE1,PEPTIDE1,1:R1-7:R2$$$",-7.22051676
"PEPTIDE1{L.G.G.X956.X425.Trp(7-Br).P}$PEPTIDE1,PEPTIDE1,1:R1-7:R2$$$",-7.28678141
"PEPTIDE1{L.Q.P.G.X1004.Mono63.Q}$PEPTIDE1,PEPTIDE1,1:R1-7:R2$$$",-7.34377181
"PEPTIDE1{P.Y.R.X569.X956.G.P}$PEPTIDE1,PEPTIDE1,1:R1-7:R2$$$",-6.93895786
"PEPTIDE1{P.X956.X314.L.G.X1813.X11}$PEPTIDE1,PEPTIDE1,1:R1-7:R2$$$",-6.68343561
"PEPTIDE1{P.Y.dP.F.Y.X1004.X1895}$PEPTIDE1,PEPTIDE1,1:R1-7:R2$$$",-6.95534613
"PEPTIDE1{X1457.Q.Y.L.X1004.L.X956}$PEPTIDE1,PEPTIDE1,1:R1-7:R2$$$",-6.54931804
"PEPTIDE1{X1004.G.Q.X786.Y.F.Q}$PEPTIDE1,PEPTIDE1,1:R1-7:R2$$$",-7.27766867
"PEPTIDE1{X425.G.Q.X1038.am_G.P.P}$PEPTIDE1,PEPTIDE1,1:R1-7:R2$$$",-7.25079854
"PEPTIDE1{A.d3-Pal.Hpr.G.Mono16.R.X2339}$PEPTIDE1,PEPTIDE1,1:R1-7:R2$$$",-6.93168192
"PEPTIDE1{X179.Y.Q.P.P.X1777.X233}$PEPTIDE1,PEPTIDE1,1:R1-7:R2$$$",-6.49867425
"PEPTIDE1{G.X1811.X1004.X11.Mono106.X3004.Y}$PEPTIDE1,PEPTIDE1,1:R1-7:R2$$$",-7.93830000
"PEPTIDE1{G.X1811.G.A.X1010.X1664.X2719}$PEPTIDE1,PEPTIDE1,1:R1-7:R2$$$",-8.27158621
"PEPTIDE1{P.X7.F.G.X1788.Q.Q}$PEPTIDE1,PEPTIDE1,1:R1-7:R2$$$",-7.09984481
"PEPTIDE1{G.G.lalloHyp.F.X2432.P.Q}$PEPTIDE1,PEPTIDE1,1:R1-7:R2$$$",-7.10898654
"PEPTIDE1{X946.X2432.L.P.X946.G.P}$PEPTIDE1,PEPTIDE1,1:R1-7:R2$$$",-6.75809650
"PEPTIDE1{X255.X822.Q.R.dS.L.X1895}$PEPTIDE1,PEPTIDE1,1:R1-7:R2$$$",-7.49041882
"PEPTIDE1{P.X2432.P.G.F.G.Y}$PEPTIDE1,PEPTIDE1,1:R1-7:R2$$$",-7.08834439
"PEPTIDE1{P.Y.F.Y.X1942.X1895.Y}$PEPTIDE1,PEPTIDE1,1:R1-7:R2$$$",-7.33228957
"PEPTIDE1{R.X1350.G.R.X1004.X3004.P}$PEPTIDE1,PEPTIDE1,1:R1-7:R2$$$",-7.34309529
"PEPTIDE1{R.X2432.X113.Mono107.Y.R.X2258}$PEPTIDE1,PEPTIDE1,1:R1-7:R2$$$",-7.17445119
"PEPTIDE1{P.Mono106.Q.X2113.G.X2203.G}$PEPTIDE1,PEPTIDE1,1:R1-7:R2$$$",-7.16866567
"PEPTIDE1{X1798.dP.A.Q.G.X612.X3004}$PEPTIDE1,PEPTIDE1,1:R1-7:R2$$$",-7.47575845
"PEPTIDE1{X1918.R.Q.Aze.Q.dP.Mono107}$PEPTIDE1,PEPTIDE1,1:R1-7:R2$$$",-6.81501763
"PEPTIDE1{F.Q.G.R.X2791.am_G.X1989}$PEPTIDE1,PEPTIDE1,1:R1-7:R2$$$",-7.58384523
"PEPTIDE1{X2516.P.(N->O)Val.G.(N->O)Val.X1918.X1004}$PEPTIDE1,PEPTIDE1,1:R1-7:R2$$$",-7.03434548
"PEPTIDE1{A.G.Q.Hpr.Y.X2432.G}$PEPTIDE1,PEPTIDE1,1:R1-7:R2$$$",-6.89267767
"PEPTIDE1{X1811.Q.G.A.G.P.dP}$PEPTIDE1,PEPTIDE1,1:R1-7:R2$$$",-7.94278593
"PEPTIDE1{X1004.A.R.F.X2283.X49.G}$PEPTIDE1,PEPTIDE1,1:R1-7:R2$$$",-7.54930768
"PEPTIDE1{P.X255.X233.P.G.X956.Y}$PEPTIDE1,PEPTIDE1,1:R1-7:R2$$$",-6.81967182
"PEPTIDE1{L.X2391.X612.X591.Mono50.R.Q}$PEPTIDE1,PEPTIDE1,1:R1-7:R2$$$",-7.43041017
"PEPTIDE1{Y.G.X537.Bal.Q.X1457.Q}$PEPTIDE1,PEPTIDE1,1:R1-7:R2$$$",-6.80553778
"PEPTIDE1{X683.G.am_G.Aze.G.X1010.dP}$PEPTIDE1,PEPTIDE1,1:R1-7:R2$$$",-6.82183710
"PEPTIDE1{L.G.X566.R.X956.G.X3011}$PEPTIDE1,PEPTIDE1,1:R1-7:R2$$$",-7.12402160
"PEPTIDE1{X981.dNle.P.X305.homoPhe_4CF3_3Cl.G.X11}$PEPTIDE1,PEPTIDE1,1:R1-7:R2$$$",-7.55700543
"PEPTIDE1{X956.X2432.X490.G.G.X261.G}$PEPTIDE1,PEPTIDE1,1:R1-7:R2$$$",-6.76638403
"PEPTIDE1{Y.Q.G.dS.Y.Y.X930}$PEPTIDE1,PEPTIDE1,1:R1-7:R2$$$",-7.14836157
"PEPTIDE1{Q.(N->O)Tyr.X1989.X2577.F.A.Q}$PEPTIDE1,PEPTIDE1,1:R1-7:R2$$$",-7.38714192
"PEPTIDE1{G.G.Bal.P.X1664.X1457.X619}$PEPTIDE1,PEPTIDE1,1:R1-7:R2$$$",-6.73680685
"PEPTIDE1{F.G.L.X2442.A.dP.X1798}$PEPTIDE1,PEPTIDE1,1:R1-7:R2$$$",-7.18423449
"PEPTIDE1{X2719.P.Y.X11.X2113.P.X2461}$PEPTIDE1,PEPTIDE1,1:R1-7:R2$$$",-6.67685901
"PEPTIDE1{Q.A.Q.X1004.G.Y.X1004}$PEPTIDE1,PEPTIDE1,1:R1-7:R2$$$",-7.53305714
"PEPTIDE1{P.G.X1720.Mono60.L.F.(N->O)Tyr}$PEPTIDE1,PEPTIDE1,1:R1-7:R2$$$",-6.88879891
"PEPTIDE1{X631.am_G.X2328.G.Q.X1811.P}$PEPTIDE1,PEPTIDE1,1:R1-7:R2$$$",-8.04005969
"PEPTIDE1{dP.X490.Mono8.G.G.dS.P}$PEPTIDE1,PEPTIDE1,1:R1-7:R2$$$",-6.65130326
"PEPTIDE1{F.X375.X577.G.X2328.X529.G}$PEPTIDE1,PEPTIDE1,1:R1-7:R2$$$",-7.26567036
"PEPTIDE1{dP.Y.F.F.L.F.X981}$PEPTIDE1,PEPTIDE1,1:R1-7:R2$$$",-6.45127256
"PEPTIDE1{Q.X2403.X204.Q.G.X1989.dP}$PEPTIDE1,PEPTIDE1,1:R1-7:R2$$$",-7.09840875
"PEPTIDE1{P.Y.X261.X1664.Q.Q.G}$PEPTIDE1,PEPTIDE1,1:R1-7:R2$$$",-6.76671512
"PEPTIDE1{G.Q.X2432.X196.X1910.dHpr.X1829}$PEPTIDE1,PEPTIDE1,1:R1-7:R2$$$",-6.57528004
"PEPTIDE1{Q.P.Y.X1971.Bal.Y.X490}$PEPTIDE1,PEPTIDE1,1:R1-7:R2$$$",-6.50968553
"PEPTIDE1{Mono107.X261.X1777.dP.dR.X126.G}$PEPTIDE1,PEPTIDE1,1:R1-7:R2$$$",-6.80140952
"PEPTIDE1{dHpr.X2432.F.X126.R.G.Q}$PEPTIDE1,PEPTIDE1,1:R1-7:R2$$$",-6.72463968
"PEPTIDE1{X196.G.X7.L.X1664.X1038.Q}$PEPTIDE1,PEPTIDE1,1:R1-7:R2$$$",-6.78150659
"PEPTIDE1{X490.Y.R.R.Y.X786.X490}$PEPTIDE1,PEPTIDE1,1:R1-7:R2$$$",-6.95488195
"PEPTIDE1{G.P.P.X1811.R.P.Q}$PEPTIDE1,PEPTIDE1,1:R1-7:R2$$$",-8.02914007
"PEPTIDE1{G.X2791.F.X1664.R.Mono107.X529}$PEPTIDE1,PEPTIDE1,1:R1-7:R2$$$",-7.37874059
"PEPTIDE1{X2461.G.X1457.F.L.X143.X591}$PEPTIDE1,PEPTIDE1,1:R1-7:R2$$$",-6.77341614
"PEPTIDE1{L.X1969.Q.X663.X946.G.Q}$PEPTIDE1,PEPTIDE1,1:R1-7:R2$$$",-6.75598255
"PEPTIDE1{X46.Q.P.P.X529.Y.Y}$PEPTIDE1,PEPTIDE1,1:R1-7:R2$$$",-6.60038088
"PEPTIDE1{Q.P.X3011.X179.X6.X233.dP}$PEPTIDE1,PEPTIDE1,1:R1-7:R2$$$",-7.02315896
"PEPTIDE1{R.X204.dHpr.X497.dP.F.lalloHyp}$PEPTIDE1,PEPTIDE1,1:R1-7:R2$$$",-6.79456685
"PEPTIDE1{X490.Y.F.d2-Pal.Q.Y.P}$PEPTIDE1,PEPTIDE1,1:R1-7:R2$$$",-6.11095321
"PEPTIDE1{G.Y.X1190.Y.X1393.X2188.P}$PEPTIDE1,PEPTIDE1,1:R1-7:R2$$$",-7.66715312
"PEPTIDE1{X2432.X490.L.G.Y.R.Q}$PEPTIDE1,PEPTIDE1,1:R1-7:R2$$$",-6.69314273
"PEPTIDE1{X1829.Y.X1918.Q.Mono107.X49.Q}$PEPTIDE1,PEPTIDE1,1:R1-7:R2$$$",-6.49128210
"PEPTIDE1{X569.P.F.X233.X591.G.G}$PEPTIDE1,PEPTIDE1,1:R1-7:R2$$$",-7.58235490
"PEPTIDE1{G.R.Bal.X2577.Mono19.G.Q}$PEPTIDE1,PEPTIDE1,1:R1-7:R2$$$",-7.01520170
"PEPTIDE1{Q.Y.X1811.X2328.G.R.Q}$PEPTIDE1,PEPTIDE1,1:R1-7:R2$$$",-7.88104964
"PEPTIDE1{X577.G.Cit.X601.G.X534.P}$PEPTIDE1,PEPTIDE1,1:R1-7:R2$$$",-7.52865251
"PEPTIDE1{X46.X2658.dP.X2432.P.F.G}$PEPTIDE1,PEPTIDE1,1:R1-7:R2$$$",-6.86851032
"PEPTIDE1{Q.P.P.X2432.Q.R.P}$PEPTIDE1,PEPTIDE1,1:R1-7:R2$$$",-6.76438461
"PEPTIDE1{G.Y.L.X1811.Q.Q.X375}$PEPTIDE1,PEPTIDE1,1:R1-7:R2$$$",-7.85840887
"PEPTIDE1{R.P.X1798.Q.X2791.F.X490}$PEPTIDE1,PEPTIDE1,1:R1-7:R2$$$",-6.84775772
"PEPTIDE1{Q.X1350.X981.Q.X670.X663.G}$PEPTIDE1,PEPTIDE1,1:R1-7:R2$$$",-6.78423311
"PEPTIDE1{X3004.P.(N->O)Val.dP.Q.Y.Q}$PEPTIDE1,PEPTIDE1,1:R1-7:R2$$$",-6.70777224
"PEPTIDE1{P.X1004.X1004.P.Y.R.X786}$PEPTIDE1,PEPTIDE1,1:R1-7:R2$$$",-7.56217400
"PEPTIDE1{X1788.X2432.P.G.X490.G.Y}$PEPTIDE1,PEPTIDE1,1:R1-7:R2$$$",-6.63117730
"PEPTIDE1{X2791.Q.X305.L.Q.P.Q}$PEPTIDE1,PEPTIDE1,1:R1-7:R2$$$",-6.41299037
"PEPTIDE1{Q.(N->O)Val.G.X1010.Q.G.X305}$PEPTIDE1,PEPTIDE1,1:R1-7:R2$$$",-6.94334883
"PEPTIDE1{R.Y.Trp(7-Br).X1895.Y.P.X128}$PEPTIDE1,PEPTIDE1,1:R1-7:R2$$$",-7.27215475
"PEPTIDE1{Q.L.X1410.X3004.Mono82.L.Y}$PEPTIDE1,PEPTIDE1,1:R1-7:R2$$$",-7.06562696
"PEPTIDE1{G.Q.G.Aze.P.X255.Y}$PEPTIDE1,PEPTIDE1,1:R1-7:R2$$$",-6.68715461
"PEPTIDE1{Q.X2526.X233.R.P.X1788.X537}$PEPTIDE1,PEPTIDE1,1:R1-7:R2$$$",-7.16689876
"PEPTIDE1{dP.X1813.X2432.F.R.(N->O)Val.X2328}$PEPTIDE1,PEPTIDE1,1:R1-7:R2$$$",-7.37792943
"PEPTIDE1{X299.P.L.A.R.P.Y}$PEPTIDE1,PEPTIDE1,1:R1-7:R2$$$",-6.55276611
"PEPTIDE1{X537.Y.F.X1004.Mono82.Q.X569}$PEPTIDE1,PEPTIDE1,1:R1-7:R2$$$",-7.48170403
"PEPTIDE1{X786.X2432.X956.X11.X1811.X2830.G}$PEPTIDE1,PEPTIDE1,1:R1-7:R2$$$",-7.49196512
"PEPTIDE1{G.X1989.Y.X299.Trp(7-Br).Mono60.Y}$PEPTIDE1,PEPTIDE1,1:R1-7:R2$$$",-6.87018523
"PEPTIDE1{X2258.lalloHyp.R.X3011.X2258.Y.X1664}$PEPTIDE1,PEPTIDE1,1:R1-7:R2$$$",-7.15888378
"PEPTIDE1{G.G.X786.X631.X7.P.X785}$PEPTIDE1,PEPTIDE1,1:R1-7:R2$$$",-7.30016717
"PEPTIDE1{Q.P.(N->O)Val.R.dP.P.P}$PEPTIDE1,PEPTIDE1,1:R1-7:R2$$$",-6.80543872
"PEPTIDE1{Q.Me_3-Pal.X233.Cit.R.Y.X255}$PEPTIDE1,PEPTIDE1,1:R1-7:R2$$$",-6.86421293
"PEPTIDE1{dHpr.G.R.A.F.X2328.Mono51}$PEPTIDE1,PEPTIDE1,1:R1-7:R2$$$",-6.64946191
"PEPTIDE1{G.X2329.P.G.dR.F.Q}$PEPTIDE1,PEPTIDE1,1:R1-7:R2$$$",-7.43084292
"PEPTIDE1{G.X946.X1664.Y.Q.P.X2403}$PEPTIDE1,PEPTIDE1,1:R1-7:R2$$$",-7.02279784
"PEPTIDE1{R.meL.X1004.X1004.X425.X1664.G}$PEPTIDE1,PEPTIDE1,1:R1-7:R2$$$",-7.81915507
"PEPTIDE1{P.X956.Y.Cha.X956.X946.dD}$PEPTIDE1,PEPTIDE1,1:R1-7:R2$$$",-6.53872490
"PEPTIDE1{Q.G.Q.X1029.Q.A.meW}$PEPTIDE1,PEPTIDE1,1:R1-7:R2$$$",-7.36978917
"PEPTIDE1{Y.A.P.X956.Q.X1035.X1895}$PEPTIDE1,PEPTIDE1,1:R1-7:R2$$$",-6.48980013
"PEPTIDE1{dHpr.G.F.Q.G.G.X1788}$PEPTIDE1,PEPTIDE1,1:R1-7:R2$$$",-6.89788760
"PEPTIDE1{Y.P.Y.dP.F.dS.G}$PEPTIDE1,PEPTIDE1,1:R1-7:R2$$$",-7.07713552
"PEPTIDE1{G.X1980.Q.A.X998.X136.X136}$PEPTIDE1,PEPTIDE1,1:R1-7:R2$$$",-7.59941264
"PEPTIDE1{(N->O)Tyr.X6.X204.Q.L.X2037.X631}$PEPTIDE1,PEPTIDE1,1:R1-7:R2$$$",-6.89769842
"PEPTIDE1{X1813.G.HOCOCH2_Bal.X2745.Y.X2364.dP}$PEPTIDE1,PEPTIDE1,1:R1-7:R2$$$",-6.85101827
"PEPTIDE1{X2461.L.Y.G.Cha.R.Y}$PEPTIDE1,PEPTIDE1,1:R1-7:R2$$$",-6.43783133
"PEPTIDE1{L.G.G.X2432.X2745.X1956.G}$PEPTIDE1,PEPTIDE1,1:R1-7:R2$$$",-6.60232305
"PEPTIDE1{X2791.Q.R.L.F.F.G}$PEPTIDE1,PEPTIDE1,1:R1-7:R2$$$",-7.44821374
"PEPTIDE1{Q.am_G.X612.Q.P.X1457.G}$PEPTIDE1,PEPTIDE1,1:R1-7:R2$$$",-6.54995572
"PEPTIDE1{G.G.L.(N->O)Val.X2577.X2432.X2132}$PEPTIDE1,PEPTIDE1,1:R1-7:R2$$$",-6.99126609
"PEPTIDE1{X1811.P.G.F.Q.Mono50.G}$PEPTIDE1,PEPTIDE1,1:R1-7:R2$$$",-8.42198191
"PEPTIDE1{G.F.P.am_G.dHpr.Q.G}$PEPTIDE1,PEPTIDE1,1:R1-7:R2$$$",-7.54171328
"PEPTIDE1{Y.X2747.X569.X2328.X1802.Y.Y}$PEPTIDE1,PEPTIDE1,1:R1-7:R2$$$",-7.58414616
"PEPTIDE1{X956.Q.X1895.L.X956.G.Q}$PEPTIDE1,PEPTIDE1,1:R1-7:R2$$$",-7.15376883
"PEPTIDE1{L.R.X2791.R.L.X956.Q}$PEPTIDE1,PEPTIDE1,1:R1-7:R2$$$",-7.29061220
"PEPTIDE1{dHpr.X581.X612.X1432.X1877.G.X1004}$PEPTIDE1,PEPTIDE1,1:R1-7:R2$$$",-6.41272393
"PEPTIDE1{P.Y.Q.X233.F.X261.A}$PEPTIDE1,PEPTIDE1,1:R1-7:R2$$$",-6.96180112
"PEPTIDE1{G.G.Y.G.Mono8.Y.G}$PEPTIDE1,PEPTIDE1,1:R1-7:R2$$$",-7.18186088
"PEPTIDE1{Q.P.X619.Y.X1707.G.P}$PEPTIDE1,PEPTIDE1,1:R1-7:R2$$$",-6.43714227
"PEPTIDE1{G.X1798.X2577.G.(N->O)Val.G.X956}$PEPTIDE1,PEPTIDE1,1:R1-7:R2$$$",-7.13176330
"PEPTIDE1{L.X6.G.P.R.X232.(N->O)Tyr}$PEPTIDE1,PEPTIDE1,1:R1-7:R2$$$",-7.02352766
"PEPTIDE1{X3004.G.X946.L.dP.X175.P}$PEPTIDE1,PEPTIDE1,1:R1-7:R2$$$",-7.28142254
"PEPTIDE1{F.P.Mono107.Y.Y.G.A}$PEPTIDE1,PEPTIDE1,1:R1-7:R2$$$",-7.08708136
"PEPTIDE1{F.G.X2432.G.P.dP.Q}$PEPTIDE1,PEPTIDE1,1:R1-7:R2$$$",-7.10184982
"PEPTIDE1{Q.F.Q.X1457.X1956.F.X1921}$PEPTIDE1,PEPTIDE1,1:R1-7:R2$$$",-6.31772650
"PEPTIDE1{X1004.F.X1956.R.X956.Q.P}$PEPTIDE1,PEPTIDE1,1:R1-7:R2$$$",-6.98263749
"PEPTIDE1{G.G.X1393.G.Q.Y.G}$PEPTIDE1,PEPTIDE1,1:R1-7:R2$$$",-7.27824777
"PEPTIDE1{Y.F.G.Q.P.Q.A}$PEPTIDE1,PEPTIDE1,1:R1-7:R2$$$",-7.08266772
"PEPTIDE1{G.G.G.X956.X956.dR.G}$PEPTIDE1,PEPTIDE1,1:R1-7:R2$$$",-7.07753920
"PEPTIDE1{R.P.P.L.X6.Y.G}$PEPTIDE1,PEPTIDE1,1:R1-7:R2$$$",-6.86909176
"PEPTIDE1{R.(N->O)Tyr.R.Q.G.F.X3004}$PEPTIDE1,PEPTIDE1,1:R1-7:R2$$$",-7.09097978
"PEPTIDE1{F.X956.X1837.Y.G.L.X569}$PEPTIDE1,PEPTIDE1,1:R1-7:R2$$$",-7.30831122
"PEPTIDE1{X569.F.X1664.Y.X1212.Mono107.G}$PEPTIDE1,PEPTIDE1,1:R1-7:R2$$$",-7.39390952
"PEPTIDE1{dHpr.L.P.X1699.X1213.X233.X956}$PEPTIDE1,PEPTIDE1,1:R1-7:R2$$$",-6.35306724
"PEPTIDE1{R.X2328.Q.X1664.Q.P.X1004}$PEPTIDE1,PEPTIDE1,1:R1-7:R2$$$",-6.89912535
"PEPTIDE1{Q.X425.R.G.X232.P.X1798}$PEPTIDE1,PEPTIDE1,1:R1-7:R2$$$",-7.22847949
"PEPTIDE1{R.X1119.X1004.am_G.Y.F.G}$PEPTIDE1,PEPTIDE1,1:R1-7:R2$$$",-7.49926623
"PEPTIDE1{G.Y.X49.X196.G.X3004.Q}$PEPTIDE1,PEPTIDE1,1:R1-7:R2$$$",-6.96983424
"PEPTIDE1{F.X233.dHpr.G.P.P.P}$PEPTIDE1,PEPTIDE1,1:R1-7:R2$$$",-6.65390881
"PEPTIDE1{X2258.F.G.P.X945.X305.G}$PEPTIDE1,PEPTIDE1,1:R1-7:R2$$$",-6.61333709
"PEPTIDE1{X946.X1350.X2577.F.X49.Y.Y}$PEPTIDE1,PEPTIDE1,1:R1-7:R2$$$",-7.15704305
"PEPTIDE1{X299.X233.G.G.R.X261.P}$PEPTIDE1,PEPTIDE1,1:R1-7:R2$$$",-6.44870509
"PEPTIDE1{dD.X2432.Y.X2364.F.Q.Y}$PEPTIDE1,PEPTIDE1,1:R1-7:R2$$$",-6.85137448
"PEPTIDE1{F.Q.X1811.X1029.A.G.G}$PEPTIDE1,PEPTIDE1,1:R1-7:R2$$$",-7.60507632
"PEPTIDE1{G.Y.X946.F.X946.Q.A}$PEPTIDE1,PEPTIDE1,1:R1-7:R2$$$",-7.06369676
"PEPTIDE1{X1540.X233.Y.X1410.X1661.X2258.dPhe(2-F)}$PEPTIDE1,PEPTIDE1,1:R1-7:R2$$$",-6.97796855
"PEPTIDE1{Y.Y.G.Q.P.P.P}$PEPTIDE1,PEPTIDE1,1:R1-7:R2$$$",-6.76113332
"PEPTIDE1{F.X880.Q.Y.X916.G.X2501}$PEPTIDE1,PEPTIDE1,1:R1-7:R2$$$",-7.62335840
"PEPTIDE1{dH.X1664.X785.P.X1038.X1798.X2387}$PEPTIDE1,PEPTIDE1,1:R1-7:R2$$$",-7.41208202
"PEPTIDE1{P.X946.X305.X956.X1410.X1664.dP}$PEPTIDE1,PEPTIDE1,1:R1-7:R2$$$",-6.74537120
"PEPTIDE1{Y.Q.d(N->O)aIle.A.X601.Y.G}$PEPTIDE1,PEPTIDE1,1:R1-7:R2$$$",-7.32340894
"PEPTIDE1{G.F.Y.Y.X425.X1004.X233}$PEPTIDE1,PEPTIDE1,1:R1-7:R2$$$",-7.56345820
"PEPTIDE1{R.P.G.Y.L.X1113.Y}$PEPTIDE1,PEPTIDE1,1:R1-7:R2$$$",-6.73881044
"PEPTIDE1{R.R.dHpr.A.Mono106.R.Aze}$PEPTIDE1,PEPTIDE1,1:R1-7:R2$$$",-6.79170363
"PEPTIDE1{R.X786.A.Mono50.P.Y.X1918}$PEPTIDE1,PEPTIDE1,1:R1-7:R2$$$",-7.35228733
"PEPTIDE1{X490.X2432.R.G.d2-Pal.X2403.P}$PEPTIDE1,PEPTIDE1,1:R1-7:R2$$$",-7.03278765
"PEPTIDE1{X1432.Y.Aze.G.P.X1004.X2328}$PEPTIDE1,PEPTIDE1,1:R1-7:R2$$$",-6.66617031
"PEPTIDE1{X2403.X612.X1918.X2432.G.G.X946}$PEPTIDE1,PEPTIDE1,1:R1-7:R2$$$",-7.55029939
"PEPTIDE1{P.X1004.X2328.A.G.X490.X569}$PEPTIDE1,PEPTIDE1,1:R1-7:R2$$$",-6.69961105
"PEPTIDE1{F.Y.R.X490.F.L.Y}$PEPTIDE1,PEPTIDE1,1:R1-7:R2$$$",-6.28764501
"PEPTIDE1{P.Q.Y.X652.Q.Y.X1004}$PEPTIDE1,PEPTIDE1,1:R1-7:R2$$$",-7.33323011
"PEPTIDE1{X425.X1395.G.X1829.P.X711.X916}$PEPTIDE1,PEPTIDE1,1:R1-7:R2$$$",-7.06221928
"PEPTIDE1{Mono50.X1432.P.F.F.F.dN}$PEPTIDE1,PEPTIDE1,1:R1-7:R2$$$",-7.38284386
"PEPTIDE1{X11.Q.Q.G.X1004.Y.Phe(CHF2)}$PEPTIDE1,PEPTIDE1,1:R1-7:R2$$$",-7.60501816
"PEPTIDE1{X1457.G.P.R.Y.X1540.X1788}$PEPTIDE1,PEPTIDE1,1:R1-7:R2$$$",-6.60708185
"PEPTIDE1{L.G.F.L.X6.Bal.X786}$PEPTIDE1,PEPTIDE1,1:R1-7:R2$$$",-7.03778656
"PEPTIDE1{R.Hpr.X1432.X2432.L.G.X1004}$PEPTIDE1,PEPTIDE1,1:R1-7:R2$$$",-6.51411356
"PEPTIDE1{Q.X261.d(N->O)Gly(allyl).P.X2577.Y.Q}$PEPTIDE1,PEPTIDE1,1:R1-7:R2$$$",-7.02315365
"PEPTIDE1{L.P.X1548.Me_3-Pal.P.F.G}$PEPTIDE1,PEPTIDE1,1:R1-7:R2$$$",-6.56961280
"PEPTIDE1{R.G.P.X2669.P.X1918.Y}$PEPTIDE1,PEPTIDE1,1:R1-7:R2$$$",-6.89630342
"PEPTIDE1{X591.Q.P.G.Y.Y.Q}$PEPTIDE1,PEPTIDE1,1:R1-7:R2$$$",-7.40361222
"PEPTIDE1{X1588.X1294.P.X1010.G.P.X1004}$PEPTIDE1,PEPTIDE1,1:R1-7:R2$$$",-6.50885712
"PEPTIDE1{X1811.Q.X2432.X1895.F.X305.X490}$PEPTIDE1,PEPTIDE1,1:R1-7:R2$$$",-8.03085969
"PEPTIDE1{Y.X1895.X81.R.X1038.F.X640}$PEPTIDE1,PEPTIDE1,1:R1-7:R2$$$",-7.42505750
"PEPTIDE1{X277.F.X1918.P.R.Y.X2132}$PEPTIDE1,PEPTIDE1,1:R1-7:R2$$$",-6.33362193
"PEPTIDE1{L.Y.F.X11.X2432.(N->O)Tyr.X2132}$PEPTIDE1,PEPTIDE1,1:R1-7:R2$$$",-7.59250579
"PEPTIDE1{G.F.Y.Bal.R.X1294.X2588}$PEPTIDE1,PEPTIDE1,1:R1-7:R2$$$",-7.23272600
"PEPTIDE1{R.F.X1956.X2329.X375.F.P}$PEPTIDE1,PEPTIDE1,1:R1-7:R2$$$",-7.12686810
"PEPTIDE1{F.X2432.dP.X1956.X889.X2432.G}$PEPTIDE1,PEPTIDE1,1:R1-7:R2$$$",-6.65820211
"PEPTIDE1{Y.X725.X1350.Mono50.X2577.G.G}$PEPTIDE1,PEPTIDE1,1:R1-7:R2$$$",-7.23082185
"PEPTIDE1{G.X1004.dP.G.X2432.X11.Y}$PEPTIDE1,PEPTIDE1,1:R1-7:R2$$$",-7.37952613
"PEPTIDE1{R.Q.X785.X956.F.X2432.P}$PEPTIDE1,PEPTIDE1,1:R1-7:R2$$$",-7.31931219
"PEPTIDE1{G.Y.X1788.Y.P.X2258.X7}$PEPTIDE1,PEPTIDE1,1:R1-7:R2$$$",-7.07054625
"PEPTIDE1{L.X2577.G.G.dHpr.Q.A}$PEPTIDE1,PEPTIDE1,1:R1-7:R2$$$",-6.66900656
"PEPTIDE1{G.F.R.G.Y.G.Y}$PEPTIDE1,PEPTIDE1,1:R1-7:R2$$$",-7.30680842
"PEPTIDE1{L.L.F.X2669.F.L.P}$PEPTIDE1,PEPTIDE1,1:R1-7:R2$$$",-6.84737837
"PEPTIDE1{X2226.Y.G.Mono51.X1432.G.X981}$PEPTIDE1,PEPTIDE1,1:R1-7:R2$$$",-6.68874013
"PEPTIDE1{X1457.Q.X1811.R.G.X2461.P}$PEPTIDE1,PEPTIDE1,1:R1-7:R2$$$",-7.95494021
"PEPTIDE1{P.G.G.X946.X1004.X1004.X2328}$PEPTIDE1,PEPTIDE1,1:R1-7:R2$$$",-7.16509497
"PEPTIDE1{R.X1811.Y.Mono19.X2432.L.P}$PEPTIDE1,PEPTIDE1,1:R1-7:R2$$$",-7.53561235
"PEPTIDE1{Q.X2432.X1513.G.Y.X1811.X956}$PEPTIDE1,PEPTIDE1,1:R1-7:R2$$$",-7.65519107
"PEPTIDE1{G.X1548.P.G.X1395.X1004.Y}$PEPTIDE1,PEPTIDE1,1:R1-7:R2$$$",-7.56977425
"PEPTIDE1{Q.G.X2813.2-Pal.X2432.Aze.X1206}$PEPTIDE1,PEPTIDE1,1:R1-7:R2$$$",-6.81782162
"PEPTIDE1{X1020.G.X2577.P.F.X1811.Y}$PEPTIDE1,PEPTIDE1,1:R1-7:R2$$$",-7.44445359
"PEPTIDE1{L.X305.Y.G.R.R.Y}$PEPTIDE1,PEPTIDE1,1:R1-7:R2$$$",-6.71152482
"PEPTIDE1{Q.G.X255.F.(N->O)Val.X305.X3004}$PEPTIDE1,PEPTIDE1,1:R1-7:R2$$$",-6.42947330
"PEPTIDE1{Y.A.Mono106.R.dNle.X1664.G}$PEPTIDE1,PEPTIDE1,1:R1-7:R2$$$",-7.38834820
"PEPTIDE1{dP.X822.Q.Y.Aze.X1956.Y}$PEPTIDE1,PEPTIDE1,1:R1-7:R2$$$",-6.46410995
"PEPTIDE1{Q.P.G.G.Q.(N->O)Val.G}$PEPTIDE1,PEPTIDE1,1:R1-7:R2$$$",-6.99861971
"PEPTIDE1{X2432.X255.Q.X956.X786.X391.X631}$PEPTIDE1,PEPTIDE1,1:R1-7:R2$$$",-7.42529564
"PEPTIDE1{X1004.lalloHyp.X204.R.P.X2719.X2577}$PEPTIDE1,PEPTIDE1,1:R1-7:R2$$$",-7.31458429
"PEPTIDE1{Y.Q.A.X2113.X1989.P.P}$PEPTIDE1,PEPTIDE1,1:R1-7:R2$$$",-6.69687745
"PEPTIDE1{X2432.Cha.Y.X956.X375.X1895.G}$PEPTIDE1,PEPTIDE1,1:R1-7:R2$$$",-7.27409814
"PEPTIDE1{Q.F.X2432.X49.Y.A.X101}$PEPTIDE1,PEPTIDE1,1:R1-7:R2$$$",-6.47645378
"PEPTIDE1{G.A.X946.Trp(7-Br).X233.X2258.X1788}$PEPTIDE1,PEPTIDE1,1:R1-7:R2$$$",-6.98976217
"PEPTIDE1{(N->O)Tyr.X956.L.F.X1004.X1777.d(N->O)aIle}$PEPTIDE1,PEPTIDE1,1:R1-7:R2$$$",-6.83650745
"PEPTIDE1{X1699.Y.Y.X375.R.P.X2329}$PEPTIDE1,PEPTIDE1,1:R1-7:R2$$$",-7.04259131
"PEPTIDE1{R.L.X786.Aze.P.Q.P}$PEPTIDE1,PEPTIDE1,1:R1-7:R2$$$",-6.65298901
"PEPTIDE1{R.F.X2432.X2327.X46.P.A}$PEPTIDE1,PEPTIDE1,1:R1-7:R2$$$",-7.10048337
"PEPTIDE1{P.Q.L.Mono107.X2432.X1004.A}$PEPTIDE1,PEPTIDE1,1:R1-7:R2$$$",-6.90168380
"PEPTIDE1{Q.Y.F.P.X1811.X204.X1004}$PEPTIDE1,PEPTIDE1,1:R1-7:R2$$$",-8.57190000
"PEPTIDE1{X631.Y.G.Q.X233.X232.X1004}$PEPTIDE1,PEPTIDE1,1:R1-7:R2$$$",-6.84558857
"PEPTIDE1{d2-Pal.G.R.G.d(N->O)Gly(allyl).R.G}$PEPTIDE1,PEPTIDE1,1:R1-7:R2$$$",-7.01942902
"PEPTIDE1{X425.X2461.Y.R.P.G.G}$PEPTIDE1,PEPTIDE1,1:R1-7:R2$$$",-6.63115766
"PEPTIDE1{R.X956.Q.F.Q.X683.P}$PEPTIDE1,PEPTIDE1,1:R1-7:R2$$$",-7.16920044
"PEPTIDE1{Y.F.(N->O)Val.Mono50.Q.L.Q}$PEPTIDE1,PEPTIDE1,1:R1-7:R2$$$",-7.23795888
"PEPTIDE1{G.Y.G.Q.Q.L.Y}$PEPTIDE1,PEPTIDE1,1:R1-7:R2$$$",-7.14841748
"PEPTIDE1{Mono50.X233.X1834.G.X1004.(N->O)Val.X786}$PEPTIDE1,PEPTIDE1,1:R1-7:R2$$$",-7.00060907
"PEPTIDE1{P.X1956.G.X3004.R.X1395.G}$PEPTIDE1,PEPTIDE1,1:R1-7:R2$$$",-7.37783511
"PEPTIDE1{X2577.X2577.G.X1788.X2432.P.X425}$PEPTIDE1,PEPTIDE1,1:R1-7:R2$$$",-6.41609416
"PEPTIDE1{P.G.Y.dHpr.Q.A.G}$PEPTIDE1,PEPTIDE1,1:R1-7:R2$$$",-6.82179030
"PEPTIDE1{X1206.Q.X6.R.A.Q.G}$PEPTIDE1,PEPTIDE1,1:R1-7:R2$$$",-7.69920863
"PEPTIDE1{X1410.X569.X1788.Q.X1035.Q.X981}$PEPTIDE1,PEPTIDE1,1:R1-7:R2$$$",-6.73858125
"PEPTIDE1{F.X1661.F.X577.X2577.X1004.Mono50}$PEPTIDE1,PEPTIDE1,1:R1-7:R2$$$",-6.53072522
"PEPTIDE1{A.Y.P.G.X255.X1410.Q}$PEPTIDE1,PEPTIDE1,1:R1-7:R2$$$",-7.52249765
"PEPTIDE1{P.G.G.G.Y.P.X1004}$PEPTIDE1,PEPTIDE1,1:R1-7:R2$$$",-7.22382603
"PEPTIDE1{F.P.L.(N->O)Tyr.Q.Q.A}$PEPTIDE1,PEPTIDE1,1:R1-7:R2$$$",-6.84271261
"PEPTIDE1{dS.X822.X1891.X946.Y.X1693.X822}$PEPTIDE1,PEPTIDE1,1:R1-7:R2$$$",-6.42278920
"PEPTIDE1{X179.Q.X297.G.Y.P.X232}$PEPTIDE1,PEPTIDE1,1:R1-7:R2$$$",-6.64517320
"PEPTIDE1{F.G.G.F.R.G.dHpr}$PEPTIDE1,PEPTIDE1,1:R1-7:R2$$$",-7.02019762
"PEPTIDE1{X569.F.d(N->O)Gly(allyl).X946.L.G.Q}$PEPTIDE1,PEPTIDE1,1:R1-7:R2$$$",-7.10060932
"PEPTIDE1{Y.F.G.Q.X305.Q.Y}$PEPTIDE1,PEPTIDE1,1:R1-7:R2$$$",-6.77709301
"PEPTIDE1{G.F.X2432.X956.X490.Y.X956}$PEPTIDE1,PEPTIDE1,1:R1-7:R2$$$",-6.37915808
"PEPTIDE1{G.P.X534.X2669.Trp(7-Br).G.dP}$PEPTIDE1,PEPTIDE1,1:R1-7:R2$$$",-7.33591899
"PEPTIDE1{X946.Y.G.G.X2461.G.Y}$PEPTIDE1,PEPTIDE1,1:R1-7:R2$$$",-7.18784626
"PEPTIDE1{F.X1004.Mono106.X1918.Q.X1350.Q}$PEPTIDE1,PEPTIDE1,1:R1-7:R2$$$",-7.12564879
"PEPTIDE1{Y.G.X956.P.dP.F.G}$PEPTIDE1,PEPTIDE1,1:R1-7:R2$$$",-6.86951918
"PEPTIDE1{X2403.R.X2577.X930.X261.Mono50.dP}$PEPTIDE1,PEPTIDE1,1:R1-7:R2$$$",-6.87480970
"PEPTIDE1{F.X255.X2328.X534.G.X785.X569}$PEPTIDE1,PEPTIDE1,1:R1-7:R2$$$",-7.67925982
"PEPTIDE1{X1253.X3016.P.G.X1811.dP.X1895}$PEPTIDE1,PEPTIDE1,1:R1-7:R2$$$",-10.00000000
"PEPTIDE1{Q.Q.X1393.Aze.lalloHyp.X299.Y}$PEPTIDE1,PEPTIDE1,1:R1-7:R2$$$",-6.36194463
"PEPTIDE1{Q.P.P.R.Y.Y.Mono8}$PEPTIDE1,PEPTIDE1,1:R1-7:R2$$$",-6.77104313
"PEPTIDE1{Y.X6.G.G.X612.dHpr.X3004}$PEPTIDE1,PEPTIDE1,1:R1-7:R2$$$",-6.96073772
"PEPTIDE1{Y.Y.dPhe(2-F).X975.Y.Q.G}$PEPTIDE1,PEPTIDE1,1:R1-7:R2$$$",-8.00825444
"PEPTIDE1{L.Y.Q.F.X2577.R.lalloHyp}$PEPTIDE1,PEPTIDE1,1:R1-7:R2$$$",-6.69299321
"PEPTIDE1{A.X2577.G.Q.X2328.G.P}$PEPTIDE1,PEPTIDE1,1:R1-7:R2$$$",-7.17315745
"PEPTIDE1{Hpr.Aze.P.G.X683.Q.G}$PEPTIDE1,PEPTIDE1,1:R1-7:R2$$$",-6.72820568
"PEPTIDE1{F.X946.X490.X2225.R.X1004.X3011}$PEPTIDE1,PEPTIDE1,1:R1-7:R2$$$",-6.55203118
"PEPTIDE1{G.G.G.Y.X425.F.Q}$PEPTIDE1,PEPTIDE1,1:R1-7:R2$$$",-7.33236059
"PEPTIDE1{X255.X786.G.P.dHpr.X702.Y}$PEPTIDE1,PEPTIDE1,1:R1-7:R2$$$",-6.78433725
"PEPTIDE1{R.Y.X2465.R.Q.Q.Y}$PEPTIDE1,PEPTIDE1,1:R1-7:R2$$$",-7.50597635
"PEPTIDE1{X2577.G.Q.L.R.X2327.X1432}$PEPTIDE1,PEPTIDE1,1:R1-7:R2$$$",-7.29037065
"PEPTIDE1{X1798.X2432.lalloHyp.X569.X305.Q.P}$PEPTIDE1,PEPTIDE1,1:R1-7:R2$$$",-6.69741089
"PEPTIDE1{P.P.G.X6.X2791.R.X2221}$PEPTIDE1,PEPTIDE1,1:R1-7:R2$$$",-8.00664231
"PEPTIDE1{X2188.dHpr.X2432.G.G.X1504.P}$PEPTIDE1,PEPTIDE1,1:R1-7:R2$$$",-6.82986633
"PEPTIDE1{L.X1010.P.F.Y.L.Q}$PEPTIDE1,PEPTIDE1,1:R1-7:R2$$$",-6.27469072
"PEPTIDE1{P.P.X2432.X1393.Y.X2577.P}$PEPTIDE1,PEPTIDE1,1:R1-7:R2$$$",-6.43696186
"PEPTIDE1{Gln(Me).X299.G.X1206.Y.R.Y}$PEPTIDE1,PEPTIDE1,1:R1-7:R2$$$",-6.66983471
"PEPTIDE1{Mono106.G.lalloHyp.F.X261.dNle.G}$PEPTIDE1,PEPTIDE1,1:R1-7:R2$$$",-6.79127530
"PEPTIDE1{G.lalloHyp.Y.F.L.G.G}$PEPTIDE1,PEPTIDE1,1:R1-7:R2$$$",-6.91352857
"PEPTIDE1{Q.A.G.L.X1004.Q.Q}$PEPTIDE1,PEPTIDE1,1:R1-7:R2$$$",-7.15058513
"PEPTIDE1{X315.Q.Q.X534.Y.F.P}$PEPTIDE1,PEPTIDE1,1:R1-7:R2$$$",-7.23975773
"PEPTIDE1{X1664.Mono106.G.L.X809.F.Q}$PEPTIDE1,PEPTIDE1,1:R1-7:R2$$$",-6.47543914
"PEPTIDE1{X2225.X725.X425.X2328.L.X2403.Q}$PEPTIDE1,PEPTIDE1,1:R1-7:R2$$$",-7.67948256
"PEPTIDE1{Q.G.F.X956.Q.R.X798}$PEPTIDE1,PEPTIDE1,1:R1-7:R2$$$",-7.55864248
"PEPTIDE1{X1004.X631.X956.P.X1693.X2432.dP}$PEPTIDE1,PEPTIDE1,1:R1-7:R2$$$",-6.31633430
"PEPTIDE1{X1004.X2671.Mono106.P.R.G.X640}$PEPTIDE1,PEPTIDE1,1:R1-7:R2$$$",-7.43039272
"PEPTIDE1{X3004.G.L.P.X204.X2461.Y}$PEPTIDE1,PEPTIDE1,1:R1-7:R2$$$",-6.29669425
"PEPTIDE1{G.X277.G.Q.G.X2258.X981}$PEPTIDE1,PEPTIDE1,1:R1-7:R2$$$",-6.60974157
"PEPTIDE1{F.P.L.Phe(CHF2).R.L.A}$PEPTIDE1,PEPTIDE1,1:R1-7:R2$$$",-7.06876155
"PEPTIDE1{Q.X591.X2791.X1010.L.X2328.Y}$PEPTIDE1,PEPTIDE1,1:R1-7:R2$$$",-7.47484524
"PEPTIDE1{F.X1788.Mono8.X1811.X1788.X1410.P}$PEPTIDE1,PEPTIDE1,1:R1-7:R2$$$",-8.38290189
"PEPTIDE1{X683.R.X2432.X490.X490.X2432.Y}$PEPTIDE1,PEPTIDE1,1:R1-7:R2$$$",-6.79336794
"PEPTIDE1{G.X3016.G.X824.Mono107.X1661.X809}$PEPTIDE1,PEPTIDE1,1:R1-7:R2$$$",-10.00000000
"PEPTIDE1{Y.X1395.G.X425.Y.(N->O)Tyr.Q}$PEPTIDE1,PEPTIDE1,1:R1-7:R2$$$",-7.60100379
"PEPTIDE1{R.X302.X7.R.Q.Q.P}$PEPTIDE1,PEPTIDE1,1:R1-7:R2$$$",-7.12277920
"PEPTIDE1{dHpr.G.G.X2258.L.Q.X2403}$PEPTIDE1,PEPTIDE1,1:R1-7:R2$$$",-6.95583103
"PEPTIDE1{X916.X375.P.L.P.G.X504}$PEPTIDE1,PEPTIDE1,1:R1-7:R2$$$",-7.08452010
"PEPTIDE1{L.X591.meL.Y.F.R.dD}$PEPTIDE1,PEPTIDE1,1:R1-7:R2$$$",-6.34964830
"PEPTIDE1{X529.F.Y.X175.dP.Q.G}$PEPTIDE1,PEPTIDE1,1:R1-7:R2$$$",-8.05260000
"PEPTIDE1{Y.X232.G.Q.X683.X880.Aze}$PEPTIDE1,PEPTIDE1,1:R1-7:R2$$$",-7.21806363
"PEPTIDE1{L.P.R.X946.P.X7.Q}$PEPTIDE1,PEPTIDE1,1:R1-7:R2$$$",-6.63967820
"PEPTIDE1{Trp(7-Br).F.X2339.X2432.S.G.X425}$PEPTIDE1,PEPTIDE1,1:R1-7:R2$$$",-7.71105339
"PEPTIDE1{Q.P.X2188.P.F.P.Q}$PEPTIDE1,PEPTIDE1,1:R1-7:R2$$$",-6.56693066
"PEPTIDE1{Q.X2432.L.X956.X1811.Y.X1294}$PEPTIDE1,PEPTIDE1,1:R1-7:R2$$$",-7.72684645
"PEPTIDE1{F.X1004.Q.dP.L.X2432.Y}$PEPTIDE1,PEPTIDE1,1:R1-7:R2$$$",-6.85302355
"PEPTIDE1{F.Y.G.Q.Y.G.G}$PEPTIDE1,PEPTIDE1,1:R1-7:R2$$$",-7.19115134
"PEPTIDE1{R.X2432.Y.R.X2258.X529.Y}$PEPTIDE1,PEPTIDE1,1:R1-7:R2$$$",-7.30002695
"PEPTIDE1{G.P.G.X1395.X2432.L.G}$PEPTIDE1,PEPTIDE1,1:R1-7:R2$$$",-7.23353713
"PEPTIDE1{Q.F.X1513.X2432.X591.X314.P}$PEPTIDE1,PEPTIDE1,1:R1-7:R2$$$",-6.56554865
"PEPTIDE1{X2433.am_G.X2432.Y.X619.F.X255}$PEPTIDE1,PEPTIDE1,1:R1-7:R2$$$",-6.65141365
"PEPTIDE1{(N->O)Tyr.X867.Q.X946.Q.L.X387}$PEPTIDE1,PEPTIDE1,1:R1-7:R2$$$",-6.64145707
"PEPTIDE1{X261.G.dP.F.G.F.P}$PEPTIDE1,PEPTIDE1,1:R1-7:R2$$$",-6.96735901
"PEPTIDE1{Y.Q.dHpr.Aze.X981.P.Q}$PEPTIDE1,PEPTIDE1,1:R1-7:R2$$$",-6.44302137
"PEPTIDE1{Q.R.A.X956.L.X1699.X1004}$PEPTIDE1,PEPTIDE1,1:R1-7:R2$$$",-6.61899286
"PEPTIDE1{G.G.X395.X490.X49.Q.P}$PEPTIDE1,PEPTIDE1,1:R1-7:R2$$$",-6.67054597
"PEPTIDE1{A.Mono16.X1004.Y.G.X1811.Q}$PEPTIDE1,PEPTIDE1,1:R1-7:R2$$$",-8.81000000
"PEPTIDE1{Q.X1895.X2432.R.Y.X49.G}$PEPTIDE1,PEPTIDE1,1:R1-7:R2$$$",-7.24406257
"PEPTIDE1{P.F.R.X946.L.G.A}$PEPTIDE1,PEPTIDE1,1:R1-7:R2$$$",-7.04749847
"PEPTIDE1{X2791.Y.X2577.Q.dHpr.G.Y}$PEPTIDE1,PEPTIDE1,1:R1-7:R2$$$",-6.72309485
"PEPTIDE1{L.Y.X2432.G.Y.X2461.X663}$PEPTIDE1,PEPTIDE1,1:R1-7:R2$$$",-6.33950185
"PEPTIDE1{Y.dP.X490.F.d(N->O)Gly(allyl).X305.Y}$PEPTIDE1,PEPTIDE1,1:R1-7:R2$$$",-6.47421730
"PEPTIDE1{X569.X2432.Y.X1798.G.G.X232}$PEPTIDE1,PEPTIDE1,1:R1-7:R2$$$",-6.92278286
"PEPTIDE1{P.X1410.X425.homoPhe_4CF3_3Cl.G.Q.X2412}$PEPTIDE1,PEPTIDE1,1:R1-7:R2$$$",-7.86730743
"PEPTIDE1{X196.X1410.L.X2432.G.X2432.Q}$PEPTIDE1,PEPTIDE1,1:R1-7:R2$$$",-7.13803698
"PEPTIDE1{Y.X136.F.X255.X956.Y.dHpr}$PEPTIDE1,PEPTIDE1,1:R1-7:R2$$$",-6.38511992
"PEPTIDE1{X612.X975.Y.Q.X956.R.meL}$PEPTIDE1,PEPTIDE1,1:R1-7:R2$$$",-6.70710612
"PEPTIDE1{L.G.Phe(CHF2).X786.G.X631.P}$PEPTIDE1,PEPTIDE1,1:R1-7:R2$$$",-6.99227674
"PEPTIDE1{Q.Mono106.am_G.L.X1811.F.G}$PEPTIDE1,PEPTIDE1,1:R1-7:R2$$$",-7.80896405
"PEPTIDE1{X1788.(N->O)Val.X1410.G.L.R.G}$PEPTIDE1,PEPTIDE1,1:R1-7:R2$$$",-7.02229178
"PEPTIDE1{X1029.X946.R.X640.lalloHyp.X2283.dP}$PEPTIDE1,PEPTIDE1,1:R1-7:R2$$$",-6.68327652
"PEPTIDE1{X136.F.R.Y.dPhe(2-F).Q.Y}$PEPTIDE1,PEPTIDE1,1:R1-7:R2$$$",-7.66943773
"PEPTIDE1{P.X187.X233.dR.R.X1410.X1664}$PEPTIDE1,PEPTIDE1,1:R1-7:R2$$$",-7.00619014
"PEPTIDE1{F.R.Y.A.P.P.dD}$PEPTIDE1,PEPTIDE1,1:R1-7:R2$$$",-6.34875377
"PEPTIDE1{X2669.X233.Q.X786.L.L.X2055}$PEPTIDE1,PEPTIDE1,1:R1-7:R2$$$",-7.06262855
"PEPTIDE1{F.G.X798.G.Q.X1788.Y}$PEPTIDE1,PEPTIDE1,1:R1-7:R2$$$",-6.91209773
"PEPTIDE1{X822.P.X591.P.R.Y.Q}$PEPTIDE1,PEPTIDE1,1:R1-7:R2$$$",-6.84007338
"PEPTIDE1{Y.X2432.F.L.dP.L.P}$PEPTIDE1,PEPTIDE1,1:R1-7:R2$$$",-6.25101810
"PEPTIDE1{X1004.X956.X375.S.Y.dR.X49}$PEPTIDE1,PEPTIDE1,1:R1-7:R2$$$",-6.91681412
"PEPTIDE1{dP.Mono19.dR.X981.Q.(N->O)Val.P}$PEPTIDE1,PEPTIDE1,1:R1-7:R2$$$",-6.51977503
"PEPTIDE1{Y.L.G.P.G.Q.Q}$PEPTIDE1,PEPTIDE1,1:R1-7:R2$$$",-7.27334621
"PEPTIDE1{X537.F.Q.X490.R.Y.X591}$PEPTIDE1,PEPTIDE1,1:R1-7:R2$$$",-6.88490619
"PEPTIDE1{X2432.R.Mono106.X1004.F.Q.A}$PEPTIDE1,PEPTIDE1,1:R1-7:R2$$$",-7.25710570
"PEPTIDE1{R.X2791.X49.X1693.G.Y.Q}$PEPTIDE1,PEPTIDE1,1:R1-7:R2$$$",-7.12270969
"PEPTIDE1{X2432.F.X1664.Bal.X946.G.Q}$PEPTIDE1,PEPTIDE1,1:R1-7:R2$$$",-7.07914859
"PEPTIDE1{R.G.R.P.Y.X956.Y}$PEPTIDE1,PEPTIDE1,1:R1-7:R2$$$",-7.25118077
"PEPTIDE1{X1811.(N->O)Val.(N->O)Val.X1777.F.Y.X1834}$PEPTIDE1,PEPTIDE1,1:R1-7:R2$$$",-6.22409409
"PEPTIDE1{Q.Q.G.G.P.P.P}$PEPTIDE1,PEPTIDE1,1:R1-7:R2$$$",-6.97309176
"PEPTIDE1{Y.X11.G.X305.d(N->O)Gly(allyl).L.G}$PEPTIDE1,PEPTIDE1,1:R1-7:R2$$$",-6.79690752
"PEPTIDE1{X2461.P.G.X946.X2432.X2745.Y}$PEPTIDE1,PEPTIDE1,1:R1-7:R2$$$",-6.62627858
"PEPTIDE1{dP.F.X179.P.X113.X2113.Y}$PEPTIDE1,PEPTIDE1,1:R1-7:R2$$$",-6.79288484
"PEPTIDE1{dHpr.Mono16.L.Q.R.X2432.G}$PEPTIDE1,PEPTIDE1,1:R1-7:R2$$$",-6.78080858
"PEPTIDE1{P.P.P.X591.Q.F.Q}$PEPTIDE1,PEPTIDE1,1:R1-7:R2$$$",-6.50739910
"PEPTIDE1{X1720.dP.Q.Aze.G.X601.Q}$PEPTIDE1,PEPTIDE1,1:R1-7:R2$$$",-6.88763716
"PEPTIDE1{X683.P.X233.dNle.Y.G.A}$PEPTIDE1,PEPTIDE1,1:R1-7:R2$$$",-7.13223178
"PEPTIDE1{R.X255.Y.X2113.L.X683.Y}$PEPTIDE1,PEPTIDE1,1:R1-7:R2$$$",-7.30393115
"PEPTIDE1{X1811.L.A.Q.X1811.X956.Y}$PEPTIDE1,PEPTIDE1,1:R1-7:R2$$$",-8.08653333
"PEPTIDE1{X425.L.X3004.P.Y.X1777.dS}$PEPTIDE1,PEPTIDE1,1:R1-7:R2$$$",-7.04788572
"PEPTIDE1{X2328.F.F.R.X305.Y.X297}$PEPTIDE1,PEPTIDE1,1:R1-7:R2$$$",-7.07563762
"PEPTIDE1{Y.G.Y.P.G.F.Q}$PEPTIDE1,PEPTIDE1,1:R1-7:R2$$$",-7.23827832
"PEPTIDE1{X1410.X1664.dNle.X1038.Y.A.Y}$PEPTIDE1,PEPTIDE1,1:R1-7:R2$$$",-6.84725048
"PEPTIDE1{Y.L.dP.G.Mono50.X299.X196}$PEPTIDE1,PEPTIDE1,1:R1-7:R2$$$",-6.45813358
"PEPTIDE1{Y.X49.L.F.Q.X2432.X946}$PEPTIDE1,PEPTIDE1,1:R1-7:R2$$$",-6.78573656
"PEPTIDE1{R.Y.L.Q.Me_dW.P.Q}$PEPTIDE1,PEPTIDE1,1:R1-7:R2$$$",-7.07506912
"PEPTIDE1{Q.Q.P.X1004.X2432.G.G}$PEPTIDE1,PEPTIDE1,1:R1-7:R2$$$",-7.18293055
"PEPTIDE1{R.X956.dP.P.F.H.X2113}$PEPTIDE1,PEPTIDE1,1:R1-7:R2$$$",-6.97706753
"PEPTIDE1{Y.X1777.X1004.X1038.Q.Q.G}$PEPTIDE1,PEPTIDE1,1:R1-7:R2$$$",-7.25844910
"PEPTIDE1{F.X11.L.X956.F.X1294.Q}$PEPTIDE1,PEPTIDE1,1:R1-7:R2$$$",-7.26517589
"PEPTIDE1{Q.X2403.L.meL.G.G.G}$PEPTIDE1,PEPTIDE1,1:R1-7:R2$$$",-6.69865187
"PEPTIDE1{G.X1777.lalloHyp.X1989.P.F.X490}$PEPTIDE1,PEPTIDE1,1:R1-7:R2$$$",-6.35461344
"PEPTIDE1{X591.X299.X2432.homoPhe_4CF3_3Cl.G.d(N->O)aIle.X1004}$PEPTIDE1,PEPTIDE1,1:R1-7:R2$$$",-6.82546953
"PEPTIDE1{X2432.F.G.X1811.Q.Y.Q}$PEPTIDE1,PEPTIDE1,1:R1-7:R2$$$",-7.70271012
"PEPTIDE1{X255.F.X233.X956.G.X824.X3011}$PEPTIDE1,PEPTIDE1,1:R1-7:R2$$$",-6.46534089
"PEPTIDE1{G.L.F.Y.X2432.Y.Q}$PEPTIDE1,PEPTIDE1,1:R1-7:R2$$$",-7.10421612
"PEPTIDE1{L.Q.G.P.F.Mono50.X1664}$PEPTIDE1,PEPTIDE1,1:R1-7:R2$$$",-6.94161243
"PEPTIDE1{Y.X277.Bal.P.G.G.Q}$PEPTIDE1,PEPTIDE1,1:R1-7:R2$$$",-6.98500547
"PEPTIDE1{Y.L.X1777.X702.Y.X1811.X2791}$PEPTIDE1,PEPTIDE1,1:R1-7:R2$$$",-6.47238110
"PEPTIDE1{Y.dP.P.X683.P.Mono16.G}$PEPTIDE1,PEPTIDE1,1:R1-7:R2$$$",-6.94836139
"PEPTIDE1{P.P.X425.Y.Mono19.P.Y}$PEPTIDE1,PEPTIDE1,1:R1-7:R2$$$",-6.61320365
"PEPTIDE1{F.Aze.Y.X956.G.Q.X1004}$PEPTIDE1,PEPTIDE1,1:R1-7:R2$$$",-6.40591214
"PEPTIDE1{Mono50.dP.X2217.R.Aze.F.X946}$PEPTIDE1,PEPTIDE1,1:R1-7:R2$$$",-6.67732301
"PEPTIDE1{Q.G.X2258.dP.dP.A.P}$PEPTIDE1,PEPTIDE1,1:R1-7:R2$$$",-6.88369673
"PEPTIDE1{P.G.(N->O)Val.X591.G.G.X49}$PEPTIDE1,PEPTIDE1,1:R1-7:R2$$$",-7.09196385
"PEPTIDE1{X1185.Q.X1811.Trp(7-Br).X1457.X956.Q}$PEPTIDE1,PEPTIDE1,1:R1-7:R2$$$",-8.18803846
"PEPTIDE1{X1004.G.X233.X946.G.Q.P}$PEPTIDE1,PEPTIDE1,1:R1-7:R2$$$",-7.15203924
"PEPTIDE1{R.X1813.X490.X1813.L.X1777.Y}$PEPTIDE1,PEPTIDE1,1:R1-7:R2$$$",-6.54223490
"PEPTIDE1{F.L.Q.R.X277.X255.P}$PEPTIDE1,PEPTIDE1,1:R1-7:R2$$$",-6.19979134
"PEPTIDE1{X2577.Y.Y.A.Mono16.A.X1664}$PEPTIDE1,PEPTIDE1,1:R1-7:R2$$$",-7.04410617
"PEPTIDE1{G.X1004.am_G.X2432.dHpr.X2577.Q}$PEPTIDE1,PEPTIDE1,1:R1-7:R2$$$",-6.93518660
"PEPTIDE1{X2432.X792.Q.P.F.Q.X81}$PEPTIDE1,PEPTIDE1,1:R1-7:R2$$$",-6.58156617
"PEPTIDE1{Q.X314.X11.Q.Q.X261.dP}$PEPTIDE1,PEPTIDE1,1:R1-7:R2$$$",-6.78749992
"PEPTIDE1{Q.Bal.X956.X2432.P.X2577.P}$PEPTIDE1,PEPTIDE1,1:R1-7:R2$$$",-6.57778235
"PEPTIDE1{G.F.X2501.lalloHyp.Mono60.dPhe(2-F).Q}$PEPTIDE1,PEPTIDE1,1:R1-7:R2$$$",-6.87158094
"PEPTIDE1{F.X1837.P.X2258.X956.X425.Trp(7-Br)}$PEPTIDE1,PEPTIDE1,1:R1-7:R2$$$",-7.36309864
"PEPTIDE1{X1801.F.F.X612.G.X1811.Y}$PEPTIDE1,PEPTIDE1,1:R1-7:R2$$$",-7.34561614
"PEPTIDE1{R.X2048.Mono50.X956.F.R.G}$PEPTIDE1,PEPTIDE1,1:R1-7:R2$$$",-6.82583012
"PEPTIDE1{F.F.Y.X1895.X1038.Q.G}$PEPTIDE1,PEPTIDE1,1:R1-7:R2$$$",-7.65430760
"PEPTIDE1{G.X2432.L.L.L.X1918.X956}$PEPTIDE1,PEPTIDE1,1:R1-7:R2$$$",-6.37988643
"PEPTIDE1{X1432.G.L.G.X11.X261.X11}$PEPTIDE1,PEPTIDE1,1:R1-7:R2$$$",-7.23329550
"PEPTIDE1{X1432.R.Mono50.P.X1811.Mono51.Q}$PEPTIDE1,PEPTIDE1,1:R1-7:R2$$$",-8.91877051
"PEPTIDE1{R.X946.Y.L.dHpr.X1895.Y}$PEPTIDE1,PEPTIDE1,1:R1-7:R2$$$",-6.80895970
"PEPTIDE1{R.X1811.Q.G.R.X1961.X1664}$PEPTIDE1,PEPTIDE1,1:R1-7:R2$$$",-7.87825797
"PEPTIDE1{P.L.Q.Y.X1010.X946.X1788}$PEPTIDE1,PEPTIDE1,1:R1-7:R2$$$",-6.61569704
"PEPTIDE1{G.R.G.S.G.X612.G}$PEPTIDE1,PEPTIDE1,1:R1-7:R2$$$",-7.28996830
"PEPTIDE1{L.G.Q.X683.A.X786.Q}$PEPTIDE1,PEPTIDE1,1:R1-7:R2$$$",-7.60119549
"PEPTIDE1{X375.X591.X166.L.P.Q.X2048}$PEPTIDE1,PEPTIDE1,1:R1-7:R2$$$",-6.69472715
"PEPTIDE1{X2669.X702.Q.X490.X201.Cha.Q}$PEPTIDE1,PEPTIDE1,1:R1-7:R2$$$",-6.85334123
"PEPTIDE1{R.L.G.Y.G.X305.X1350}$PEPTIDE1,PEPTIDE1,1:R1-7:R2$$$",-6.95977009
"PEPTIDE1{F.R.dHpr.X2432.Y.Y.X956}$PEPTIDE1,PEPTIDE1,1:R1-7:R2$$$",-6.44276696
"PEPTIDE1{Y.G.Y.X1004.X201.Mono19.P}$PEPTIDE1,PEPTIDE1,1:R1-7:R2$$$",-7.56004224
"PEPTIDE1{X261.L.Q.Y.L.X2328.X631}$PEPTIDE1,PEPTIDE1,1:R1-7:R2$$$",-7.26164426
"PEPTIDE1{F.G.Aze.X1811.L.X824.X3004}$PEPTIDE1,PEPTIDE1,1:R1-7:R2$$$",-8.08526673
"PEPTIDE1{G.R.F.G.Y.Y.Y}$PEPTIDE1,PEPTIDE1,1:R1-7:R2$$$",-7.58113326
"PEPTIDE1{R.Q.Q.X809.G.X305.X255}$PEPTIDE1,PEPTIDE1,1:R1-7:R2$$$",-6.66593903
"PEPTIDE1{R.L.G.(N->O)Val.Q.F.lalloHyp}$PEPTIDE1,PEPTIDE1,1:R1-7:R2$$$",-6.83715272
"PEPTIDE1{G.G.R.F.X49.Mono19.G}$PEPTIDE1,PEPTIDE1,1:R1-7:R2$$$",-6.86080097
"PEPTIDE1{P.Q.X956.X946.L.Q.G}$PEPTIDE1,PEPTIDE1,1:R1-7:R2$$$",-6.94686846
"PEPTIDE1{G.G.X490.X534.R.X702.Q}$PEPTIDE1,PEPTIDE1,1:R1-7:R2$$$",-6.87023754
"PEPTIDE1{G.Y.Q.L.L.Mono107.dD}$PEPTIDE1,PEPTIDE1,1:R1-7:R2$$$",-6.98608979
"PEPTIDE1{R.Q.X1980.G.Y.Q.X1811}$PEPTIDE1,PEPTIDE1,1:R1-7:R2$$$",-7.82013362
"PEPTIDE1{Mono107.Y.G.G.X7.Q.X956}$PEPTIDE1,PEPTIDE1,1:R1-7:R2$$$",-7.20027895
"PEPTIDE1{X577.Y.X786.Mono106.X946.R.X1206}$PEPTIDE1,PEPTIDE1,1:R1-7:R2$$$",-7.64523770
"PEPTIDE1{G.Mono50.L.L.P.X255.X1004}$PEPTIDE1,PEPTIDE1,1:R1-7:R2$$$",-6.63355734
"PEPTIDE1{G.X49.L.P.Y.L.P}$PEPTIDE1,PEPTIDE1,1:R1-7:R2$$$",-6.47044889
"PEPTIDE1{Q.X591.R.P.Y.G.dP}$PEPTIDE1,PEPTIDE1,1:R1-7:R2$$$",-7.29901680
"PEPTIDE1{dP.X2203.dHpr.G.X2465.X2669.X786}$PEPTIDE1,PEPTIDE1,1:R1-7:R2$$$",-7.21613670
"PEPTIDE1{G.Y.Q.Q.P.Mono19.Q}$PEPTIDE1,PEPTIDE1,1:R1-7:R2$$$",-6.98863019
"PEPTIDE1{X930.Y.X946.X81.X1693.G.X1989}$PEPTIDE1,PEPTIDE1,1:R1-7:R2$$$",-6.62981551
"PEPTIDE1{Q.X6.dP.G.X2745.G.dS}$PEPTIDE1,PEPTIDE1,1:R1-7:R2$$$",-7.04037441
"PEPTIDE1{Mono106.Y.G.Y.R.Q.lalloHyp}$PEPTIDE1,PEPTIDE1,1:R1-7:R2$$$",-7.36061565
"PEPTIDE1{am_G.G.X956.Mono60.R.G.X1004}$PEPTIDE1,PEPTIDE1,1:R1-7:R2$$$",-6.69950207
"PEPTIDE1{X786.Y.Q.X671.Q.X2329.Y}$PEPTIDE1,PEPTIDE1,1:R1-7:R2$$$",-7.54328856
"PEPTIDE1{Y.L.dNle.R.X204.X101.Y}$PEPTIDE1,PEPTIDE1,1:R1-7:R2$$$",-6.29727491
"PEPTIDE1{L.X1004.X136.F.G.L.X1213}$PEPTIDE1,PEPTIDE1,1:R1-7:R2$$$",-6.89123162
"PEPTIDE1{Q.F.Q.P.dD.R.X2328}$PEPTIDE1,PEPTIDE1,1:R1-7:R2$$$",-7.21824860
"PEPTIDE1{X956.X2432.F.R.X233.(N->O)Tyr.X956}$PEPTIDE1,PEPTIDE1,1:R1-7:R2$$$",-7.05325899
"PEPTIDE1{Aze.dHpr.F.Q.G.X569.P}$PEPTIDE1,PEPTIDE1,1:R1-7:R2$$$",-6.69232670
"PEPTIDE1{Q.P.L.L.P.X956.G}$PEPTIDE1,PEPTIDE1,1:R1-7:R2$$$",-7.13428685
"PEPTIDE1{P.G.Q.X786.R.Mono50.P}$PEPTIDE1,PEPTIDE1,1:R1-7:R2$$$",-7.03821357
"PEPTIDE1{dP.X956.Phe(CHF2).Phe(CHF2).X11.X786.X956}$PEPTIDE1,PEPTIDE1,1:R1-7:R2$$$",-7.13800998
"PEPTIDE1{Q.Y.L.L.X490.X905.X1702}$PEPTIDE1,PEPTIDE1,1:R1-7:R2$$$",-6.15176487
"PEPTIDE1{Y.X233.P.Trp(5-Br).lalloHyp.X1038.Q}$PEPTIDE1,PEPTIDE1,1:R1-7:R2$$$",-7.02477741
"PEPTIDE1{G.A.P.X2577.L.F.P}$PEPTIDE1,PEPTIDE1,1:R1-7:R2$$$",-6.89302385
"PEPTIDE1{G.G.G.Mono107.Q.X3004.X1038}$PEPTIDE1,PEPTIDE1,1:R1-7:R2$$$",-7.30606502
"PEPTIDE1{X1752.dR.Y.X375.F.R.Q}$PEPTIDE1,PEPTIDE1,1:R1-7:R2$$$",-7.52189296
"PEPTIDE1{L.P.Q.X1004.dP.X1206.lalloHyp}$PEPTIDE1,PEPTIDE1,1:R1-7:R2$$$",-6.55637502
"PEPTIDE1{X187.R.Y.X1231.Y.Q.dS}$PEPTIDE1,PEPTIDE1,1:R1-7:R2$$$",-6.48792154
"PEPTIDE1{L.Q.F.X956.Q.X196.X591}$PEPTIDE1,PEPTIDE1,1:R1-7:R2$$$",-7.52002826
"PEPTIDE1{F.X49.X305.Q.Trp(7-Br).am_G.P}$PEPTIDE1,PEPTIDE1,1:R1-7:R2$$$",-6.53807798
"PEPTIDE1{X1802.X2225.meW.Aze.P.P.G}$PEPTIDE1,PEPTIDE1,1:R1-7:R2$$$",-6.94466938
"PEPTIDE1{Q.P.X1800.dHpr.P.P.Q}$PEPTIDE1,PEPTIDE1,1:R1-7:R2$$$",-6.57222416
"PEPTIDE1{L.G.P.P.G.X2669.Q}$PEPTIDE1,PEPTIDE1,1:R1-7:R2$$$",-7.37881444
"PEPTIDE1{Gln(Me).Q.X1811.A.P.X956.G}$PEPTIDE1,PEPTIDE1,1:R1-7:R2$$$",-7.91245507
"PEPTIDE1{L.R.Q.Mono19.X2793.X1410.X569}$PEPTIDE1,PEPTIDE1,1:R1-7:R2$$$",-7.22073769
"PEPTIDE1{G.X1457.Y.dP.Y.Y.G}$PEPTIDE1,PEPTIDE1,1:R1-7:R2$$$",-6.45021173
"PEPTIDE1{X1802.Y.X2791.X2791.X1020.Q.Q}$PEPTIDE1,PEPTIDE1,1:R1-7:R2$$$",-7.52594845
"PEPTIDE1{Mono106.X2432.Y.G.R.X6.Y}$PEPTIDE1,PEPTIDE1,1:R1-7:R2$$$",-7.03870314
"PEPTIDE1{dHpr.G.G.X1004.G.X591.(N->O)Tyr}$PEPTIDE1,PEPTIDE1,1:R1-7:R2$$$",-7.17459240
"PEPTIDE1{F.F.F.Q.Y.Q.X232}$PEPTIDE1,PEPTIDE1,1:R1-7:R2$$$",-6.62722012
"PEPTIDE1{Q.Aze.Q.Q.L.X577.Y}$PEPTIDE1,PEPTIDE1,1:R1-7:R2$$$",-6.59352010
"PEPTIDE1{Q.X2285.Mono106.F.X946.X2258.dP}$PEPTIDE1,PEPTIDE1,1:R1-7:R2$$$",-6.92997432
"PEPTIDE1{Q.X1350.P.G.X2432.G.P}$PEPTIDE1,PEPTIDE1,1:R1-7:R2$$$",-7.48640887
"PEPTIDE1{L.X946.X612.Y.R.X2391.Q}$PEPTIDE1,PEPTIDE1,1:R1-7:R2$$$",-7.02643595
"PEPTIDE1{Y.X956.G.P.R.Y.Y}$PEPTIDE1,PEPTIDE1,1:R1-7:R2$$$",-7.28198917
"PEPTIDE1{X3004.G.(N->O)Val.Y.G.X2432.X490}$PEPTIDE1,PEPTIDE1,1:R1-7:R2$$$",-6.58167989
"PEPTIDE1{X2258.X2461.Y.G.G.X1004.G}$PEPTIDE1,PEPTIDE1,1:R1-7:R2$$$",-6.78771470
"PEPTIDE1{L.X305.Mono50.X1004.Phe(CHF2).P.Q}$PEPTIDE1,PEPTIDE1,1:R1-7:R2$$$",-6.36511790
"PEPTIDE1{X7.G.dP.X2432.Q.X1004.X1029}$PEPTIDE1,PEPTIDE1,1:R1-7:R2$$$",-7.10665654
"PEPTIDE1{R.L.X261.G.X785.Q.A}$PEPTIDE1,PEPTIDE1,1:R1-7:R2$$$",-7.40195466
"PEPTIDE1{F.A.Q.L.X2461.Q.G}$PEPTIDE1,PEPTIDE1,1:R1-7:R2$$$",-6.24089006
"PEPTIDE1{R.X786.F.G.X956.X1811.Q}$PEPTIDE1,PEPTIDE1,1:R1-7:R2$$$",-7.87203815
"PEPTIDE1{X905.X299.F.X305.X946.X946.G}$PEPTIDE1,PEPTIDE1,1:R1-7:R2$$$",-6.36178701
"PEPTIDE1{G.Q.G.L.G.F.G}$PEPTIDE1,PEPTIDE1,1:R1-7:R2$$$",-6.90311259
"PEPTIDE1{X2432.Mono63.X1457.X2432.X956.G.X255}$PEPTIDE1,PEPTIDE1,1:R1-7:R2$$$",-7.03576892
"PEPTIDE1{G.Q.X375.G.X786.G.Y}$PEPTIDE1,PEPTIDE1,1:R1-7:R2$$$",-7.23278705
"PEPTIDE1{G.Q.d(N->O)Gly(allyl).F.Mono106.G.P}$PEPTIDE1,PEPTIDE1,1:R1-7:R2$$$",-7.39387249
"PEPTIDE1{F.F.Q.X2285.Q.X314.X2432}$PEPTIDE1,PEPTIDE1,1:R1-7:R2$$$",-7.13358534
"PEPTIDE1{F.G.L.Q.G.P.dP}$PEPTIDE1,PEPTIDE1,1:R1-7:R2$$$",-7.10385392
"PEPTIDE1{X1004.(N->O)Tyr.X1800.L.L.P.X652}$PEPTIDE1,PEPTIDE1,1:R1-7:R2$$$",-6.87471108
"PEPTIDE1{dHpr.X1029.L.L.X2258.X822.Me_3-Pal}$PEPTIDE1,PEPTIDE1,1:R1-7:R2$$$",-6.25513048
"PEPTIDE1{F.X201.X2461.G.Aze.G.Y}$PEPTIDE1,PEPTIDE1,1:R1-7:R2$$$",-6.78639091
"PEPTIDE1{G.Bal.G.Q.Y.Q.X577}$PEPTIDE1,PEPTIDE1,1:R1-7:R2$$$",-7.02006454
"PEPTIDE1{X229.X2432.dPhe(2-F).L.P.X1788.meL}$PEPTIDE1,PEPTIDE1,1:R1-7:R2$$$",-6.43126858
"PEPTIDE1{Q.R.X1813.X946.P.R.G}$PEPTIDE1,PEPTIDE1,1:R1-7:R2$$$",-7.15204739
"PEPTIDE1{Y.Q.Q.G.X1895.X2501.(N->O)Tyr}$PEPTIDE1,PEPTIDE1,1:R1-7:R2$$$",-7.68048132
"PEPTIDE1{Hph(3-Cl).Q.X1829.G.X2461.A.G}$PEPTIDE1,PEPTIDE1,1:R1-7:R2$$$",-6.65364435
"PEPTIDE1{Q.Aze.L.Q.A.P.Mono106}$PEPTIDE1,PEPTIDE1,1:R1-7:R2$$$",-6.69326316
"PEPTIDE1{X916.R.G.dP.R.X49.Q}$PEPTIDE1,PEPTIDE1,1:R1-7:R2$$$",-7.11358118
"PEPTIDE1{L.G.P.X2461.d(N->O)Gly(allyl).R.G}$PEPTIDE1,PEPTIDE1,1:R1-7:R2$$$",-6.74874539
"PEPTIDE1{dHpr.A.X490.Q.L.Y.P}$PEPTIDE1,PEPTIDE1,1:R1-7:R2$$$",-6.25745143
"PEPTIDE1{P.A.G.Y.(N->O)Val.Q.X255}$PEPTIDE1,PEPTIDE1,1:R1-7:R2$$$",-6.90502659
"PEPTIDE1{X1788.G.L.Mono51.Y.X2328.d(N->O)aIle}$PEPTIDE1,PEPTIDE1,1:R1-7:R2$$$",-7.25533711
"PEPTIDE1{Q.X111.Q.L.G.Y.G}$PEPTIDE1,PEPTIDE1,1:R1-7:R2$$$",-6.67844000
"PEPTIDE1{G.X1395.Q.X1207.X1190.G.Q}$PEPTIDE1,PEPTIDE1,1:R1-7:R2$$$",-7.76247734
"PEPTIDE1{G.P.dNle.Aze.X1004.Q.Y}$PEPTIDE1,PEPTIDE1,1:R1-7:R2$$$",-6.81903234
"PEPTIDE1{X2432.L.X1788.X2432.X261.Mono50.X1029}$PEPTIDE1,PEPTIDE1,1:R1-7:R2$$$",-6.33643917
"PEPTIDE1{G.X1661.X786.R.L.X297.Q}$PEPTIDE1,PEPTIDE1,1:R1-7:R2$$$",-6.62879426
"PEPTIDE1{G.X314.X305.X569.F.X1038.Q}$PEPTIDE1,PEPTIDE1,1:R1-7:R2$$$",-6.82897023
"PEPTIDE1{L.Q.X2461.X11.G.X46.X232}$PEPTIDE1,PEPTIDE1,1:R1-7:R2$$$",-6.82304108
"PEPTIDE1{L.dR.L.Q.R.X81.X946}$PEPTIDE1,PEPTIDE1,1:R1-7:R2$$$",-6.96752192
"PEPTIDE1{G.Y.X946.X315.F.X2432.P}$PEPTIDE1,PEPTIDE1,1:R1-7:R2$$$",-7.12677273
"PEPTIDE1{X1895.G.X2527.G.G.X1004.Q}$PEPTIDE1,PEPTIDE1,1:R1-7:R2$$$",-7.37288085
"PEPTIDE1{Q.X305.R.Q.Q.Q.meL}$PEPTIDE1,PEPTIDE1,1:R1-7:R2$$$",-6.62185262
"PEPTIDE1{Q.X255.Mono51.A.d(N->O)Gly(allyl).X2432.X2432}$PEPTIDE1,PEPTIDE1,1:R1-7:R2$$$",-6.57407977
"PEPTIDE1{X569.Mono50.Mono106.P.G.X255.X591}$PEPTIDE1,PEPTIDE1,1:R1-7:R2$$$",-7.35548847
"PEPTIDE1{Y.Q.G.P.(N->O)Tyr.Q.X305}$PEPTIDE1,PEPTIDE1,1:R1-7:R2$$$",-6.74167310
"PEPTIDE1{Y.L.X1664.Y.L.X233.X537}$PEPTIDE1,PEPTIDE1,1:R1-7:R2$$$",-6.86021975
"PEPTIDE1{Q.X232.lalloHyp.X956.X46.Y.X956}$PEPTIDE1,PEPTIDE1,1:R1-7:R2$$$",-6.88562163
"PEPTIDE1{X196.X2719.dPhe(2-F).L.Q.Cha.X255}$PEPTIDE1,PEPTIDE1,1:R1-7:R2$$$",-6.48464334
"PEPTIDE1{G.meL.X2432.P.X1393.Q.X49}$PEPTIDE1,PEPTIDE1,1:R1-7:R2$$$",-6.85583364
"PEPTIDE1{Y.Q.X956.P.P.X1395.X1918}$PEPTIDE1,PEPTIDE1,1:R1-7:R2$$$",-6.85297017
"PEPTIDE1{X6.P.X683.G.R.Y.X1664}$PEPTIDE1,PEPTIDE1,1:R1-7:R2$$$",-7.17644186
"PEPTIDE1{G.G.L.L.P.X1010.am_G}$PEPTIDE1,PEPTIDE1,1:R1-7:R2$$$",-6.42123342
"PEPTIDE1{X2432.G.F.L.Q.X1010.X3011}$PEPTIDE1,PEPTIDE1,1:R1-7:R2$$$",-6.36674022
"PEPTIDE1{L.X1395.P.R.X233.X956.meW}$PEPTIDE1,PEPTIDE1,1:R1-7:R2$$$",-7.91024424
"PEPTIDE1{X490.X1010.X2327.X232.dNle.R.Y}$PEPTIDE1,PEPTIDE1,1:R1-7:R2$$$",-7.04032002
"PEPTIDE1{dP.F.Trp(7-Br).G.X2461.G.P}$PEPTIDE1,PEPTIDE1,1:R1-7:R2$$$",-6.56758448
"PEPTIDE1{Q.dR.X1010.X1457.X3004.P.Q}$PEPTIDE1,PEPTIDE1,1:R1-7:R2$$$",-7.06694780
"PEPTIDE1{Q.Q.R.Q.G.X956.Y}$PEPTIDE1,PEPTIDE1,1:R1-7:R2$$$",-7.32751296
"PEPTIDE1{R.P.F.Y.F.Y.Q}$PEPTIDE1,PEPTIDE1,1:R1-7:R2$$$",-7.19007779
"PEPTIDE1{X2432.R.X1811.Y.G.L.Q}$PEPTIDE1,PEPTIDE1,1:R1-7:R2$$$",-7.80738949
"PEPTIDE1{R.Y.X1749.X2577.Cha.Q.Y}$PEPTIDE1,PEPTIDE1,1:R1-7:R2$$$",-7.44905548
"PEPTIDE1{X504.am_G.X956.A.(N->O)Tyr.X612.Y}$PEPTIDE1,PEPTIDE1,1:R1-7:R2$$$",-7.79369609
"PEPTIDE1{Q.X591.A.L.X1004.G.X2285}$PEPTIDE1,PEPTIDE1,1:R1-7:R2$$$",-7.26456915
"PEPTIDE1{Q.X2403.X591.Q.X1895.X2328.dHpr}$PEPTIDE1,PEPTIDE1,1:R1-7:R2$$$",-7.34498309
"PEPTIDE1{X945.G.dR.R.F.Mono19.Q}$PEPTIDE1,PEPTIDE1,1:R1-7:R2$$$",-7.08106076
"PEPTIDE1{Y.G.Q.L.X504.Y.Y}$PEPTIDE1,PEPTIDE1,1:R1-7:R2$$$",-7.07435977
"PEPTIDE1{G.X233.G.X3004.G.R.G}$PEPTIDE1,PEPTIDE1,1:R1-7:R2$$$",-7.39372493
"PEPTIDE1{X2327.Mono16.G.X2432.Cha.X425.Y}$PEPTIDE1,PEPTIDE1,1:R1-7:R2$$$",-7.03907907
"PEPTIDE1{L.G.A.P.G.X1829.X1004}$PEPTIDE1,PEPTIDE1,1:R1-7:R2$$$",-6.93968517
"PEPTIDE1{X1707.X277.Y.am_G.X1058.X305.dP}$PEPTIDE1,PEPTIDE1,1:R1-7:R2$$$",-6.46270029
"PEPTIDE1{X2442.X956.lalloHyp.P.X2328.X49.Q}$PEPTIDE1,PEPTIDE1,1:R1-7:R2$$$",-7.45219245
"PEPTIDE1{G.Y.HOCOCH2_Bal.X981.X2432.dP.P}$PEPTIDE1,PEPTIDE1,1:R1-7:R2$$$",-6.53821837
"PEPTIDE1{HOCOCH2_Bal.(N->O)Tyr.L.G.G.X956.X1206}$PEPTIDE1,PEPTIDE1,1:R1-7:R2$$$",-7.13076053
"PEPTIDE1{Q.X1457.L.X2432.G.R.X1004}$PEPTIDE1,PEPTIDE1,1:R1-7:R2$$$",-6.62121024
"PEPTIDE1{Q.X1811.L.Q.X2329.X305.X956}$PEPTIDE1,PEPTIDE1,1:R1-7:R2$$$",-8.54735359
"PEPTIDE1{R.P.Y.dHpr.F.X175.Y}$PEPTIDE1,PEPTIDE1,1:R1-7:R2$$$",-7.33202111
"PEPTIDE1{dHpr.Y.X164.P.X1811.X956.X573}$PEPTIDE1,PEPTIDE1,1:R1-7:R2$$$",-7.71484309
"PEPTIDE1{P.lalloHyp.X11.R.X2391.A.Q}$PEPTIDE1,PEPTIDE1,1:R1-7:R2$$$",-6.86333436
"PEPTIDE1{G.dP.P.F.Q.X1941.Y}$PEPTIDE1,PEPTIDE1,1:R1-7:R2$$$",-7.07778582
"PEPTIDE1{Q.L.Y.X1918.X2113.X946.X11}$PEPTIDE1,PEPTIDE1,1:R1-7:R2$$$",-6.77821755
"PEPTIDE1{G.X425.Q.Q.F.R.G}$PEPTIDE1,PEPTIDE1,1:R1-7:R2$$$",-7.38244661
"PEPTIDE1{Mono106.X1664.X1004.Mono106.Q.Mono50.Y}$PEPTIDE1,PEPTIDE1,1:R1-7:R2$$$",-7.53585007
"PEPTIDE1{Q.G.Q.Q.X233.X1956.X1829}$PEPTIDE1,PEPTIDE1,1:R1-7:R2$$$",-6.84173483
"PEPTIDE1{Mono19.P.X2577.X233.Ala(5-Tet).X905.Q}$PEPTIDE1,PEPTIDE1,1:R1-7:R2$$$",-6.97757269
"PEPTIDE1{Phe(CHF2).X1588.L.X786.Q.X1796.Q}$PEPTIDE1,PEPTIDE1,1:R1-7:R2$$$",-6.84997098
"PEPTIDE1{P.G.F.A.G.G.G}$PEPTIDE1,PEPTIDE1,1:R1-7:R2$$$",-7.11385627
"PEPTIDE1{X1393.G.X2432.L.G.Q.Y}$PEPTIDE1,PEPTIDE1,1:R1-7:R2$$$",-6.96604559
"PEPTIDE1{X591.X255.X255.X233.P.X1004.dA}$PEPTIDE1,PEPTIDE1,1:R1-7:R2$$$",-7.09070420
"PEPTIDE1{G.X2285.X956.Y.Mono16.Q.Y}$PEPTIDE1,PEPTIDE1,1:R1-7:R2$$$",-7.18910867
"PEPTIDE1{X3004.G.Y.X2258.Q.Q.Q}$PEPTIDE1,PEPTIDE1,1:R1-7:R2$$$",-7.16835943
"PEPTIDE1{R.G.Q.L.G.Q.G}$PEPTIDE1,PEPTIDE1,1:R1-7:R2$$$",-7.27886630
"PEPTIDE1{L.P.X11.X391.R.dP.P}$PEPTIDE1,PEPTIDE1,1:R1-7:R2$$$",-6.68114566
"PEPTIDE1{F.dR.X2432.X569.Q.X786.dP}$PEPTIDE1,PEPTIDE1,1:R1-7:R2$$$",-7.27612167
"PEPTIDE1{X2432.X1989.F.X255.G.Y.G}$PEPTIDE1,PEPTIDE1,1:R1-7:R2$$$",-7.34668724
"PEPTIDE1{L.Q.G.X1768.meL.Y.G}$PEPTIDE1,PEPTIDE1,1:R1-7:R2$$$",-6.65046244
"PEPTIDE1{X1004.d3-Pal.P.Y.X490.X1664.Q}$PEPTIDE1,PEPTIDE1,1:R1-7:R2$$$",-6.57236271
"PEPTIDE1{X785.dHpr.X1811.R.L.R.X2217}$PEPTIDE1,PEPTIDE1,1:R1-7:R2$$$",-8.11138278
"PEPTIDE1{X1664.G.L.Mono107.Q.Q.P}$PEPTIDE1,PEPTIDE1,1:R1-7:R2$$$",-7.16492843
"PEPTIDE1{Q.Q.X195.P.X2432.X1811.X490}$PEPTIDE1,PEPTIDE1,1:R1-7:R2$$$",-8.10680571
"PEPTIDE1{G.Q.F.X1661.Y.Aze.X981}$PEPTIDE1,PEPTIDE1,1:R1-7:R2$$$",-6.65588849
"PEPTIDE1{X232.L.Mono50.Y.X2662.Y.X233}$PEPTIDE1,PEPTIDE1,1:R1-7:R2$$$",-6.92368810
"PEPTIDE1{P.G.X204.Y.Y.X2432.X2432}$PEPTIDE1,PEPTIDE1,1:R1-7:R2$$$",-6.88258530
"PEPTIDE1{G.dPhe(2-F).G.Y.Q.X946.X2461}$PEPTIDE1,PEPTIDE1,1:R1-7:R2$$$",-6.60210070
"PEPTIDE1{X315.G.Q.Q.Y.X1720.Trp(7-Br)}$PEPTIDE1,PEPTIDE1,1:R1-7:R2$$$",-7.64401801
"PEPTIDE1{G.L.Y.X1393.L.F.X725}$PEPTIDE1,PEPTIDE1,1:R1-7:R2$$$",-7.16448455
"PEPTIDE1{X1664.Y.X3004.Q.X786.Y.X233}$PEPTIDE1,PEPTIDE1,1:R1-7:R2$$$",-7.40463279
"PEPTIDE1{Y.Mono51.G.X916.X2793.G.G}$PEPTIDE1,PEPTIDE1,1:R1-7:R2$$$",-6.69517570
"PEPTIDE1{X1664.X2328.Bal.L.G.X1457.G}$PEPTIDE1,PEPTIDE1,1:R1-7:R2$$$",-7.41212804
"PEPTIDE1{X2258.X1393.R.X3004.X822.G.P}$PEPTIDE1,PEPTIDE1,1:R1-7:R2$$$",-7.52787087
"PEPTIDE1{Y.R.(N->O)Val.G.Q.G.G}$PEPTIDE1,PEPTIDE1,1:R1-7:R2$$$",-7.09349353
"PEPTIDE1{Q.G.G.X1540.G.X1457.X261}$PEPTIDE1,PEPTIDE1,1:R1-7:R2$$$",-6.55535284
"PEPTIDE1{Y.X785.L.L.X2339.R.P}$PEPTIDE1,PEPTIDE1,1:R1-7:R2$$$",-7.22029086
"PEPTIDE1{G.F.L.L.G.A.X261}$PEPTIDE1,PEPTIDE1,1:R1-7:R2$$$",-6.95463816
"PEPTIDE1{F.X2747.Q.Y.G.R.X490}$PEPTIDE1,PEPTIDE1,1:R1-7:R2$$$",-6.51205730
"PEPTIDE1{Q.L.G.Y.L.F.Q}$PEPTIDE1,PEPTIDE1,1:R1-7:R2$$$",-7.18204004
"PEPTIDE1{G.X591.X1004.A.Q.L.X2403}$PEPTIDE1,PEPTIDE1,1:R1-7:R2$$$",-7.36917516
"PEPTIDE1{X2432.X2432.G.F.R.X2432.lalloHyp}$PEPTIDE1,PEPTIDE1,1:R1-7:R2$$$",-6.64376042
"PEPTIDE1{L.A.R.R.X2258.Q.Y}$PEPTIDE1,PEPTIDE1,1:R1-7:R2$$$",-7.21551021
"PEPTIDE1{G.X1004.Q.G.X2577.X1004.G}$PEPTIDE1,PEPTIDE1,1:R1-7:R2$$$",-7.38895101
"PEPTIDE1{X375.Y.L.F.X2432.X1788.X956}$PEPTIDE1,PEPTIDE1,1:R1-7:R2$$$",-6.01639025
"PEPTIDE1{Y.Q.Y.G.am_G.P.dHpr}$PEPTIDE1,PEPTIDE1,1:R1-7:R2$$$",-7.04515034
"PEPTIDE1{G.R.X534.X1743.Y.dPhe(2-F).Q}$PEPTIDE1,PEPTIDE1,1:R1-7:R2$$$",-7.03068000
"PEPTIDE1{Y.P.X299.P.X1294.Y.Q}$PEPTIDE1,PEPTIDE1,1:R1-7:R2$$$",-6.41581286
"PEPTIDE1{R.Q.X1956.Q.Q.dP.Y}$PEPTIDE1,PEPTIDE1,1:R1-7:R2$$$",-7.13860096
"PEPTIDE1{G.am_G.Y.F.P.meW.G}$PEPTIDE1,PEPTIDE1,1:R1-7:R2$$$",-7.05947015
"PEPTIDE1{X1004.Q.X786.X255.(N->O)Val.R.X1664}$PEPTIDE1,PEPTIDE1,1:R1-7:R2$$$",-7.33782158
"PEPTIDE1{L.X956.G.X2432.X375.Y.X956}$PEPTIDE1,PEPTIDE1,1:R1-7:R2$$$",-6.39862107
"PEPTIDE1{P.Y.P.Mono51.F.X3004.X490}$PEPTIDE1,PEPTIDE1,1:R1-7:R2$$$",-6.56887541
"PEPTIDE1{G.P.X1457.X1777.Cit.G.G}$PEPTIDE1,PEPTIDE1,1:R1-7:R2$$$",-6.76252964
"PEPTIDE1{A.P.X2577.G.X785.G.Y}$PEPTIDE1,PEPTIDE1,1:R1-7:R2$$$",-7.10466991
"PEPTIDE1{Q.Q.Mono107.X946.Q.G.Aze}$PEPTIDE1,PEPTIDE1,1:R1-7:R2$$$",-6.62999385
"PEPTIDE1{X49.X824.dS.X2048.F.Y.Mono107}$PEPTIDE1,PEPTIDE1,1:R1-7:R2$$$",-7.09754131
"PEPTIDE1{Q.X786.X2432.Y.X956.L.P}$PEPTIDE1,PEPTIDE1,1:R1-7:R2$$$",-6.87993989
"PEPTIDE1{P.Q.Y.X2432.G.Mono106.Y}$PEPTIDE1,PEPTIDE1,1:R1-7:R2$$$",-7.02763375
"PEPTIDE1{R.X2432.X2577.G.F.X956.X2391}$PEPTIDE1,PEPTIDE1,1:R1-7:R2$$$",-6.95215117
"PEPTIDE1{X1811.X1837.Q.F.X1206.R.X946}$PEPTIDE1,PEPTIDE1,1:R1-7:R2$$$",-6.78689582
"PEPTIDE1{P.X946.G.P.G.X233.Y}$PEPTIDE1,PEPTIDE1,1:R1-7:R2$$$",-6.76544448
"PEPTIDE1{X1206.Y.G.X1777.A.dHpr.X2391}$PEPTIDE1,PEPTIDE1,1:R1-7:R2$$$",-6.29065714
"PEPTIDE1{X591.A.Y.P.R.X1294.X1811}$PEPTIDE1,PEPTIDE1,1:R1-7:R2$$$",-7.49629830
"PEPTIDE1{G.dP.Y.L.X196.X255.X1004}$PEPTIDE1,PEPTIDE1,1:R1-7:R2$$$",-6.89664466
"PEPTIDE1{G.Y.X2747.P.X956.X1707.X2461}$PEPTIDE1,PEPTIDE1,1:R1-7:R2$$$",-6.65179728
"PEPTIDE1{Q.L.L.X1410.Q.X490.X3011}$PEPTIDE1,PEPTIDE1,1:R1-7:R2$$$",-6.73977268
"PEPTIDE1{X612.X277.X2432.Y.R.X612.Q}$PEPTIDE1,PEPTIDE1,1:R1-7:R2$$$",-7.13767441
"PEPTIDE1{X11.Y.X1004.F.X3004.P.G}$PEPTIDE1,PEPTIDE1,1:R1-7:R2$$$",-7.41989377
"PEPTIDE1{Q.dP.X1811.Mono106.L.P.X233}$PEPTIDE1,PEPTIDE1,1:R1-7:R2$$$",-7.82135453
"PEPTIDE1{X1661.G.Q.Hpr.X2327.Y.Y}$PEPTIDE1,PEPTIDE1,1:R1-7:R2$$$",-6.67789753
"PEPTIDE1{P.P.Y.X1395.F.X1693.G}$PEPTIDE1,PEPTIDE1,1:R1-7:R2$$$",-6.83247436
"PEPTIDE1{dS.dHpr.Q.X126.F.X2403.Y}$PEPTIDE1,PEPTIDE1,1:R1-7:R2$$$",-6.81583485
"PEPTIDE1{Y.Y.G.F.G.Q.G}$PEPTIDE1,PEPTIDE1,1:R1-7:R2$$$",-7.19115134
"PEPTIDE1{Q.X591.X49.dP.L.P.dP}$PEPTIDE1,PEPTIDE1,1:R1-7:R2$$$",-6.34033185
"PEPTIDE1{Q.X1004.X81.X1231.G.X2432.Y}$PEPTIDE1,PEPTIDE1,1:R1-7:R2$$$",-6.48136127
"PEPTIDE1{Y.X2830.L.X2461.P.Y.Q}$PEPTIDE1,PEPTIDE1,1:R1-7:R2$$$",-6.32290792
"PEPTIDE1{Me_dW.G.P.X7.G.Mono107.G}$PEPTIDE1,PEPTIDE1,1:R1-7:R2$$$",-7.36573955
"PEPTIDE1{X573.Cha.X1800.R.Aze.F.X981}$PEPTIDE1,PEPTIDE1,1:R1-7:R2$$$",-6.63351678
"PEPTIDE1{X195.X2113.X946.Q.G.X49.X905}$PEPTIDE1,PEPTIDE1,1:R1-7:R2$$$",-6.37177234
"PEPTIDE1{dD.X956.X2669.X1777.X946.X195.X204}$PEPTIDE1,PEPTIDE1,1:R1-7:R2$$$",-6.65737441
"PEPTIDE1{R.lalloHyp.A.Q.X1813.X1029.Mono51}$PEPTIDE1,PEPTIDE1,1:R1-7:R2$$$",-6.82944081
"PEPTIDE1{dP.X1989.Q.F.G.G.dHpr}$PEPTIDE1,PEPTIDE1,1:R1-7:R2$$$",-6.81926835
"PEPTIDE1{Q.F.P.X1895.X2328.Q.X905}$PEPTIDE1,PEPTIDE1,1:R1-7:R2$$$",-7.78718841
"PEPTIDE1{F.G.F.X49.X232.X3011.X1457}$PEPTIDE1,PEPTIDE1,1:R1-7:R2$$$",-6.99756926
"PEPTIDE1{X2401.Y.P.(N->O)Val.Y.L.G}$PEPTIDE1,PEPTIDE1,1:R1-7:R2$$$",-6.79138369
"PEPTIDE1{X577.L.dP.X2432.F.P.G}$PEPTIDE1,PEPTIDE1,1:R1-7:R2$$$",-6.92080947
"PEPTIDE1{Y.A.G.X2391.X2328.P.X2403}$PEPTIDE1,PEPTIDE1,1:R1-7:R2$$$",-6.99543728
"PEPTIDE1{X946.P.X631.F.X1811.G.Y}$PEPTIDE1,PEPTIDE1,1:R1-7:R2$$$",-6.89220517
"PEPTIDE1{L.X2432.G.F.Y.X867.dHpr}$PEPTIDE1,PEPTIDE1,1:R1-7:R2$$$",-6.11916516
"PEPTIDE1{X425.Q.L.G.Mono60.R.G}$PEPTIDE1,PEPTIDE1,1:R1-7:R2$$$",-6.77412711
"PEPTIDE1{P.X2285.F.Y.Q.X1004.P}$PEPTIDE1,PEPTIDE1,1:R1-7:R2$$$",-6.45038913
"PEPTIDE1{X1004.G.F.X1457.F.P.Q}$PEPTIDE1,PEPTIDE1,1:R1-7:R2$$$",-6.21732793
"PEPTIDE1{Y.Q.G.X1410.Y.Q.X1004}$PEPTIDE1,PEPTIDE1,1:R1-7:R2$$$",-7.45926872
"PEPTIDE1{R.Aze.G.F.X255.L.G}$PEPTIDE1,PEPTIDE1,1:R1-7:R2$$$",-6.84376988
"PEPTIDE1{Y.F.d(N->O)aIle.X2432.Q.Q.G}$PEPTIDE1,PEPTIDE1,1:R1-7:R2$$$",-7.05680159
"PEPTIDE1{P.G.Y.X2432.R.X1989.P}$PEPTIDE1,PEPTIDE1,1:R1-7:R2$$$",-6.93501914
"PEPTIDE1{X3004.Aze.X375.F.Q.Y.Y}$PEPTIDE1,PEPTIDE1,1:R1-7:R2$$$",-6.40559521
"PEPTIDE1{F.P.Q.G.X2461.X2745.X1206}$PEPTIDE1,PEPTIDE1,1:R1-7:R2$$$",-6.32519858
"PEPTIDE1{X1004.P.X2113.X2432.X569.X1811.lalloHyp}$PEPTIDE1,PEPTIDE1,1:R1-7:R2$$$",-7.98122407
"PEPTIDE1{F.dS.Mono8.Q.Y.X2432.Q}$PEPTIDE1,PEPTIDE1,1:R1-7:R2$$$",-6.88579773
"PEPTIDE1{G.X786.X930.P.Y.Mono105.dR}$PEPTIDE1,PEPTIDE1,1:R1-7:R2$$$",-6.88042693
"PEPTIDE1{G.G.X1956.G.X569.F.G}$PEPTIDE1,PEPTIDE1,1:R1-7:R2$$$",-6.82830121
"PEPTIDE1{Q.Q.X7.G.X1294.X946.X1910}$PEPTIDE1,PEPTIDE1,1:R1-7:R2$$$",-6.51255964
"PEPTIDE1{Q.dHpr.X3004.G.G.G.P}$PEPTIDE1,PEPTIDE1,1:R1-7:R2$$$",-6.95373022
"PEPTIDE1{Y.G.L.X1918.X2543.Q.Mono50}$PEPTIDE1,PEPTIDE1,1:R1-7:R2$$$",-7.10561304
"PEPTIDE1{X1693.X956.X2113.G.X798.X2364.G}$PEPTIDE1,PEPTIDE1,1:R1-7:R2$$$",-7.13204429
"PEPTIDE1{L.F.Y.Y.X2432.Mono19.Q}$PEPTIDE1,PEPTIDE1,1:R1-7:R2$$$",-7.09648970
"PEPTIDE1{P.G.X1004.X305.X201.X232.G}$PEPTIDE1,PEPTIDE1,1:R1-7:R2$$$",-6.92000048
"PEPTIDE1{G.Y.P.Q.X2432.X1989.X956}$PEPTIDE1,PEPTIDE1,1:R1-7:R2$$$",-7.49232605
"PEPTIDE1{P.G.X2258.F.dHpr.X1393.Q}$PEPTIDE1,PEPTIDE1,1:R1-7:R2$$$",-6.76485023
"PEPTIDE1{L.F.X1457.X425.X2432.P.X232}$PEPTIDE1,PEPTIDE1,1:R1-7:R2$$$",-6.52660616
"PEPTIDE1{X612.P.Y.X2432.X1393.X1664.Y}$PEPTIDE1,PEPTIDE1,1:R1-7:R2$$$",-7.25017725
"PEPTIDE1{P.X1788.Q.X49.P.G.P}$PEPTIDE1,PEPTIDE1,1:R1-7:R2$$$",-6.85302442
"PEPTIDE1{P.R.X425.L.F.Q.Y}$PEPTIDE1,PEPTIDE1,1:R1-7:R2$$$",-6.83495323
"PEPTIDE1{X255.G.Q.G.X2432.Y.X1664}$PEPTIDE1,PEPTIDE1,1:R1-7:R2$$$",-6.94059120
"PEPTIDE1{R.X1800.Q.Aze.R.X1802.Y}$PEPTIDE1,PEPTIDE1,1:R1-7:R2$$$",-6.97280687
"PEPTIDE1{A.P.X591.L.X232.dP.P}$PEPTIDE1,PEPTIDE1,1:R1-7:R2$$$",-6.68770795
"PEPTIDE1{Y.X2432.Q.F.P.L.Y}$PEPTIDE1,PEPTIDE1,1:R1-7:R2$$$",-6.79069212
"PEPTIDE1{P.X1457.Q.X1895.X1213.P.G}$PEPTIDE1,PEPTIDE1,1:R1-7:R2$$$",-6.73396367
"PEPTIDE1{X375.G.Q.(N->O)Val.Y.L.G}$PEPTIDE1,PEPTIDE1,1:R1-7:R2$$$",-6.82137762
"PEPTIDE1{Q.X2432.Mono107.X612.F.G.X946}$PEPTIDE1,PEPTIDE1,1:R1-7:R2$$$",-6.88227625
"PEPTIDE1{X1768.F.X1872.Q.X2258.G.G}$PEPTIDE1,PEPTIDE1,1:R1-7:R2$$$",-7.64511759
"PEPTIDE1{P.P.X375.X1800.d(N->O)Gly(allyl).G.P}$PEPTIDE1,PEPTIDE1,1:R1-7:R2$$$",-6.34197074
"PEPTIDE1{P.G.X956.A.F.P.Y}$PEPTIDE1,PEPTIDE1,1:R1-7:R2$$$",-6.91158793
"PEPTIDE1{Y.Aze.X956.Q.X612.P.G}$PEPTIDE1,PEPTIDE1,1:R1-7:R2$$$",-6.64379787
"PEPTIDE1{L.F.X2391.X2214.G.G.G}$PEPTIDE1,PEPTIDE1,1:R1-7:R2$$$",-6.63878374
"PEPTIDE1{X490.Q.X490.X1829.dP.X1811.Y}$PEPTIDE1,PEPTIDE1,1:R1-7:R2$$$",-7.98286209
"PEPTIDE1{X277.X233.Q.X2432.X612.lalloHyp.X233}$PEPTIDE1,PEPTIDE1,1:R1-7:R2$$$",-6.51994368
"PEPTIDE1{P.X126.X1004.Y.X1702.R.G}$PEPTIDE1,PEPTIDE1,1:R1-7:R2$$$",-7.26809238
"PEPTIDE1{X2403.dHpr.Q.G.X683.X956.X956}$PEPTIDE1,PEPTIDE1,1:R1-7:R2$$$",-7.11592147
"PEPTIDE1{X2461.Y.X305.X671.Q.X2403.G}$PEPTIDE1,PEPTIDE1,1:R1-7:R2$$$",-6.89507067
"PEPTIDE1{Y.Q.Q.Q.Y.Q.Y}$PEPTIDE1,PEPTIDE1,1:R1-7:R2$$$",-7.57137302
"PEPTIDE1{X981.P.X1777.Y.X946.P.lalloHyp}$PEPTIDE1,PEPTIDE1,1:R1-7:R2$$$",-6.44516535
"PEPTIDE1{G.X956.lalloHyp.Q.L.X1393.X3004}$PEPTIDE1,PEPTIDE1,1:R1-7:R2$$$",-7.00678634
"PEPTIDE1{L.X2432.X6.X1811.P.P.lalloHyp}$PEPTIDE1,PEPTIDE1,1:R1-7:R2$$$",-6.25593495
"PEPTIDE1{X1457.G.P.Q.X233.X2339.Q}$PEPTIDE1,PEPTIDE1,1:R1-7:R2$$$",-7.14180116
"PEPTIDE1{L.X577.F.F.Y.Y.G}$PEPTIDE1,PEPTIDE1,1:R1-7:R2$$$",-7.35126412
"PEPTIDE1{P.X1004.Mono107.P.dHpr.dP.X375}$PEPTIDE1,PEPTIDE1,1:R1-7:R2$$$",-6.74483300
"PEPTIDE1{X490.G.F.G.P.Y.Q}$PEPTIDE1,PEPTIDE1,1:R1-7:R2$$$",-6.43465901
"PEPTIDE1{dA.G.P.R.F.Q.G}$PEPTIDE1,PEPTIDE1,1:R1-7:R2$$$",-7.12732816
"PEPTIDE1{R.G.Q.R.X956.X916.G}$PEPTIDE1,PEPTIDE1,1:R1-7:R2$$$",-7.48797845
"PEPTIDE1{G.Y.X46.Y.Y.L.X878}$PEPTIDE1,PEPTIDE1,1:R1-7:R2$$$",-7.12461069
"PEPTIDE1{Y.Q.X2432.Q.X2432.X1004.P}$PEPTIDE1,PEPTIDE1,1:R1-7:R2$$$",-7.05143370
"PEPTIDE1{G.X946.Y.Y.X49.R.G}$PEPTIDE1,PEPTIDE1,1:R1-7:R2$$$",-7.09099120
"PEPTIDE1{F.X785.Y.Q.X490.G.A}$PEPTIDE1,PEPTIDE1,1:R1-7:R2$$$",-6.45014792
"PEPTIDE1{Mono19.X2403.G.P.Y.L.X1918}$PEPTIDE1,PEPTIDE1,1:R1-7:R2$$$",-7.30036064
"PEPTIDE1{A.X232.X175.G.L.G.G}$PEPTIDE1,PEPTIDE1,1:R1-7:R2$$$",-6.25200491
"PEPTIDE1{F.X981.G.G.X1432.Y.G}$PEPTIDE1,PEPTIDE1,1:R1-7:R2$$$",-6.53186649
"PEPTIDE1{X1661.X956.P.X1811.X233.L.P}$PEPTIDE1,PEPTIDE1,1:R1-7:R2$$$",-6.21735090
"PEPTIDE1{R.F.Y.X683.Y.Y.G}$PEPTIDE1,PEPTIDE1,1:R1-7:R2$$$",-7.78577202
"PEPTIDE1{Y.Q.Mono66.(N->O)Val.R.X2432.X1918}$PEPTIDE1,PEPTIDE1,1:R1-7:R2$$$",-7.25011716
"PEPTIDE1{X725.L.X305.L.F.P.P}$PEPTIDE1,PEPTIDE1,1:R1-7:R2$$$",-6.29526029
"PEPTIDE1{X5.X255.X391.Q.X1693.Y.P}$PEPTIDE1,PEPTIDE1,1:R1-7:R2$$$",-6.69622171
"PEPTIDE1{X314.Aze.Y.L.Q.F.Q}$PEPTIDE1,PEPTIDE1,1:R1-7:R2$$$",-6.17487668
"PEPTIDE1{Q.X1811.Q.Q.X204.Y.Y}$PEPTIDE1,PEPTIDE1,1:R1-7:R2$$$",-7.80930548
"PEPTIDE1{L.X1432.F.P.G.X2328.Y}$PEPTIDE1,PEPTIDE1,1:R1-7:R2$$$",-7.44408023
"PEPTIDE1{X2577.L.X233.X2577.G.R.Lys(2-MP)}$PEPTIDE1,PEPTIDE1,1:R1-7:R2$$$",-6.58658631
"PEPTIDE1{G.X2432.X1004.L.G.Aze.G}$PEPTIDE1,PEPTIDE1,1:R1-7:R2$$$",-6.69140139
"PEPTIDE1{P.F.X809.Y.dR.Y.G}$PEPTIDE1,PEPTIDE1,1:R1-7:R2$$$",-6.35623735
"PEPTIDE1{X1004.F.R.F.X2432.X425.G}$PEPTIDE1,PEPTIDE1,1:R1-7:R2$$$",-7.04675649
"PEPTIDE1{G.X683.X2461.G.X786.A.G}$PEPTIDE1,PEPTIDE1,1:R1-7:R2$$$",-7.37005692
"PEPTIDE1{Q.X1699.F.X136.G.X683.Q}$PEPTIDE1,PEPTIDE1,1:R1-7:R2$$$",-6.59220993
"PEPTIDE1{X375.X1811.Y.X956.G.X2328.Mono51}$PEPTIDE1,PEPTIDE1,1:R1-7:R2$$$",-7.74510000
"PEPTIDE1{Y.G.dHpr.L.dP.G.P}$PEPTIDE1,PEPTIDE1,1:R1-7:R2$$$",-6.76705525
"PEPTIDE1{L.Q.X2403.Y.A.Mono19.X785}$PEPTIDE1,PEPTIDE1,1:R1-7:R2$$$",-7.42529011
"PEPTIDE1{Mono106.L.F.X391.R.X6.X1127}$PEPTIDE1,PEPTIDE1,1:R1-7:R2$$$",-7.35558841
"PEPTIDE1{R.X425.X1798.Q.X956.F.Y}$PEPTIDE1,PEPTIDE1,1:R1-7:R2$$$",-7.32564850
"PEPTIDE1{F.Q.dHpr.X956.X2432.X956.X1004}$PEPTIDE1,PEPTIDE1,1:R1-7:R2$$$",-6.73306404
"PEPTIDE1{G.L.G.X2791.G.X2258.P}$PEPTIDE1,PEPTIDE1,1:R1-7:R2$$$",-7.12059208
"PEPTIDE1{X2432.X2328.G.X591.R.Q.P}$PEPTIDE1,PEPTIDE1,1:R1-7:R2$$$",-7.69895354
"PEPTIDE1{F.P.dP.R.X1457.X956.X824}$PEPTIDE1,PEPTIDE1,1:R1-7:R2$$$",-6.23224135
"PEPTIDE1{Y.R.X2577.X1813.X2432.X46.X2113}$PEPTIDE1,PEPTIDE1,1:R1-7:R2$$$",-7.50824527
"PEPTIDE1{Y.X179.Q.G.G.X233.P}$PEPTIDE1,PEPTIDE1,1:R1-7:R2$$$",-6.96803937
"PEPTIDE1{P.P.R.Mono106.X1788.G.X542}$PEPTIDE1,PEPTIDE1,1:R1-7:R2$$$",-7.00575675
"PEPTIDE1{dR.P.G.X2037.Y.G.G}$PEPTIDE1,PEPTIDE1,1:R1-7:R2$$$",-6.77562032
"PEPTIDE1{Mono107.X2754.G.X946.(N->O)Val.R.Y}$PEPTIDE1,PEPTIDE1,1:R1-7:R2$$$",-7.28498253
"PEPTIDE1{G.X1038.X2432.Q.L.Y.Q}$PEPTIDE1,PEPTIDE1,1:R1-7:R2$$$",-6.87244329
"PEPTIDE1{F.dP.lalloHyp.Mono107.Y.X2669.X201}$PEPTIDE1,PEPTIDE1,1:R1-7:R2$$$",-6.96362712
"PEPTIDE1{A.L.X2432.X2432.R.X179.G}$PEPTIDE1,PEPTIDE1,1:R1-7:R2$$$",-7.20092154
"PEPTIDE1{L.G.X2329.P.G.A.X956}$PEPTIDE1,PEPTIDE1,1:R1-7:R2$$$",-6.97775699
"PEPTIDE1{X619.X315.A.Y.X2461.X2432.P}$PEPTIDE1,PEPTIDE1,1:R1-7:R2$$$",-6.54086423
"PEPTIDE1{L.G.X2432.X1350.R.G.X1457}$PEPTIDE1,PEPTIDE1,1:R1-7:R2$$$",-6.89132303
"PEPTIDE1{dP.Y.Hpr.X2461.G.F.G}$PEPTIDE1,PEPTIDE1,1:R1-7:R2$$$",-6.33181776
"PEPTIDE1{R.X2432.Q.X3004.X1457.G.Q}$PEPTIDE1,PEPTIDE1,1:R1-7:R2$$$",-6.95330472
"PEPTIDE1{G.am_G.P.X1432.X2432.X956.X3004}$PEPTIDE1,PEPTIDE1,1:R1-7:R2$$$",-7.11449868
"PEPTIDE1{R.F.X670.R.Q.Q.P}$PEPTIDE1,PEPTIDE1,1:R1-7:R2$$$",-7.00572133
"PEPTIDE1{X1231.F.X946.L.X232.P.X255}$PEPTIDE1,PEPTIDE1,1:R1-7:R2$$$",-6.58123774
"PEPTIDE1{dHpr.G.Y.R.P.X2432.P}$PEPTIDE1,PEPTIDE1,1:R1-7:R2$$$",-6.52508785
"PEPTIDE1{X1588.Y.Y.F.(N->O)Val.X1249.Y}$PEPTIDE1,PEPTIDE1,1:R1-7:R2$$$",-7.18460240
"PEPTIDE1{X1457.Q.Mono106.P.Q.Mono19.Y}$PEPTIDE1,PEPTIDE1,1:R1-7:R2$$$",-6.61025867
"PEPTIDE1{P.Q.L.X1457.X46.Q.X569}$PEPTIDE1,PEPTIDE1,1:R1-7:R2$$$",-6.31817550
"PEPTIDE1{Y.X204.R.Y.L.Mono19.P}$PEPTIDE1,PEPTIDE1,1:R1-7:R2$$$",-7.04913464
"PEPTIDE1{Y.X1664.Q.dP.R.X255.X905}$PEPTIDE1,PEPTIDE1,1:R1-7:R2$$$",-6.92740270
"PEPTIDE1{A.X255.G.F.G.X2403.G}$PEPTIDE1,PEPTIDE1,1:R1-7:R2$$$",-7.24735157
"PEPTIDE1{Q.X863.G.G.Y.X11.G}$PEPTIDE1,PEPTIDE1,1:R1-7:R2$$$",-7.10285128
"PEPTIDE1{L.X2432.X1457.L.G.X1004.Q}$PEPTIDE1,PEPTIDE1,1:R1-7:R2$$$",-6.39862424
"PEPTIDE1{F.G.X2432.P.Y.L.G}$PEPTIDE1,PEPTIDE1,1:R1-7:R2$$$",-6.87139880
"PEPTIDE1{X786.X2577.L.X2791.G.X233.X1837}$PEPTIDE1,PEPTIDE1,1:R1-7:R2$$$",-7.12671641
"PEPTIDE1{Q.G.X1777.G.G.P.G}$PEPTIDE1,PEPTIDE1,1:R1-7:R2$$$",-6.87522163
"PEPTIDE1{F.Mono50.P.X2754.X490.R.G}$PEPTIDE1,PEPTIDE1,1:R1-7:R2$$$",-6.74405681
"PEPTIDE1{Q.Q.F.P.P.X1395.P}$PEPTIDE1,PEPTIDE1,1:R1-7:R2$$$",-6.53392591
"PEPTIDE1{Y.R.(N->O)Val.P.P.Y.X232}$PEPTIDE1,PEPTIDE1,1:R1-7:R2$$$",-6.75737173
"PEPTIDE1{G.P.X683.X1788.L.X785.X786}$PEPTIDE1,PEPTIDE1,1:R1-7:R2$$$",-7.36301738
"PEPTIDE1{X2432.Q.X1956.Y.Q.G.Q}$PEPTIDE1,PEPTIDE1,1:R1-7:R2$$$",-7.00448693
"PEPTIDE1{X425.Y.X425.X1811.X233.L.P}$PEPTIDE1,PEPTIDE1,1:R1-7:R2$$$",-7.72086075
"PEPTIDE1{Y.X2432.X391.X683.F.am_G.G}$PEPTIDE1,PEPTIDE1,1:R1-7:R2$$$",-7.66498836
"PEPTIDE1{L.A.X2403.X1811.R.G.Y}$PEPTIDE1,PEPTIDE1,1:R1-7:R2$$$",-7.87591538
"PEPTIDE1{L.X2432.L.X1749.G.G.X1393}$PEPTIDE1,PEPTIDE1,1:R1-7:R2$$$",-6.82600299
"PEPTIDE1{Y.G.G.L.X2662.Y.X1212}$PEPTIDE1,PEPTIDE1,1:R1-7:R2$$$",-7.25405108
"PEPTIDE1{F.(N->O)Val.R.A.X2258.X946.G}$PEPTIDE1,PEPTIDE1,1:R1-7:R2$$$",-7.06334362
"PEPTIDE1{dHpr.X2432.P.X49.G.lalloHyp.X1548}$PEPTIDE1,PEPTIDE1,1:R1-7:R2$$$",-6.60315805
"PEPTIDE1{X2403.F.L.X1918.G.dN.X3004}$PEPTIDE1,PEPTIDE1,1:R1-7:R2$$$",-7.07663036
"PEPTIDE1{Q.Aze.F.Q.P.L.X1004}$PEPTIDE1,PEPTIDE1,1:R1-7:R2$$$",-6.41502708
"PEPTIDE1{dP.R.G.X822.X2461.G.X1004}$PEPTIDE1,PEPTIDE1,1:R1-7:R2$$$",-7.10022476
"PEPTIDE1{P.X1038.X671.G.dPhe(2-F).G.G}$PEPTIDE1,PEPTIDE1,1:R1-7:R2$$$",-7.15207042
"PEPTIDE1{R.X786.F.X2432.Q.F.Q}$PEPTIDE1,PEPTIDE1,1:R1-7:R2$$$",-7.48851363
"PEPTIDE1{X2432.X255.Mono106.X786.R.F.Y}$PEPTIDE1,PEPTIDE1,1:R1-7:R2$$$",-7.40893698
"PEPTIDE1{F.X786.L.Q.F.X2465.X11}$PEPTIDE1,PEPTIDE1,1:R1-7:R2$$$",-7.38483675
"PEPTIDE1{G.X187.d(N->O)Gly(allyl).X956.X1004.L.X2113}$PEPTIDE1,PEPTIDE1,1:R1-7:R2$$$",-7.17816277
"PEPTIDE1{dHpr.X2527.X305.Y.Y.L.A}$PEPTIDE1,PEPTIDE1,1:R1-7:R2$$$",-6.63351530
"PEPTIDE1{G.X1004.Y.P.Mono107.G.X822}$PEPTIDE1,PEPTIDE1,1:R1-7:R2$$$",-7.12243444
"PEPTIDE1{G.L.Y.X786.F.X233.am_G}$PEPTIDE1,PEPTIDE1,1:R1-7:R2$$$",-6.93234386
"PEPTIDE1{Y.S.G.L.Q.G.X946}$PEPTIDE1,PEPTIDE1,1:R1-7:R2$$$",-6.83059094
"PEPTIDE1{P.X196.Y.X1393.G.F.X1798}$PEPTIDE1,PEPTIDE1,1:R1-7:R2$$$",-7.41182514
"PEPTIDE1{Q.Mono31.X2432.Y.X1004.G.A}$PEPTIDE1,PEPTIDE1,1:R1-7:R2$$$",-7.05061847
"PEPTIDE1{Y.X490.Q.Y.Y.G.X612}$PEPTIDE1,PEPTIDE1,1:R1-7:R2$$$",-6.19871679
"PEPTIDE1{Q.dN.X2432.L.Y.R.X2461}$PEPTIDE1,PEPTIDE1,1:R1-7:R2$$$",-6.36418224
"PEPTIDE1{F.X2577.Q.d(N->O)Gly(allyl).L.G.P}$PEPTIDE1,PEPTIDE1,1:R1-7:R2$$$",-6.70559685
"PEPTIDE1{dP.dHpr.P.Q.dP.X569.(N->O)Val}$PEPTIDE1,PEPTIDE1,1:R1-7:R2$$$",-6.70634502
"PEPTIDE1{G.A.F.R.G.X1004.X1837}$PEPTIDE1,PEPTIDE1,1:R1-7:R2$$$",-7.61727109
"PEPTIDE1{P.X671.L.X314.G.R.G}$PEPTIDE1,PEPTIDE1,1:R1-7:R2$$$",-6.83698570
"PEPTIDE1{X1038.P.G.R.Y.X1813.G}$PEPTIDE1,PEPTIDE1,1:R1-7:R2$$$",-7.05988558
"PEPTIDE1{X946.G.P.R.F.X867.X785}$PEPTIDE1,PEPTIDE1,1:R1-7:R2$$$",-6.90796868
"PEPTIDE1{Mono107.G.Cha.G.G.X2432.X2113}$PEPTIDE1,PEPTIDE1,1:R1-7:R2$$$",-6.53485480
"PEPTIDE1{P.(N->O)Val.Q.X7.X1829.G.A}$PEPTIDE1,PEPTIDE1,1:R1-7:R2$$$",-7.06307808
"PEPTIDE1{X11.G.X201.X1395.X1811.X2757.Aze}$PEPTIDE1,PEPTIDE1,1:R1-7:R2$$$",-6.99337319
"PEPTIDE1{F.Q.Q.X2791.X1664.F.Y}$PEPTIDE1,PEPTIDE1,1:R1-7:R2$$$",-7.41889687
"PEPTIDE1{Q.dD.X1004.P.X1811.P.Y}$PEPTIDE1,PEPTIDE1,1:R1-7:R2$$$",-8.62839197
"PEPTIDE1{X1038.X946.X49.R.X577.X1956.G}$PEPTIDE1,PEPTIDE1,1:R1-7:R2$$$",-7.07195354
"PEPTIDE1{Q.G.Q.X1895.X956.G.Y}$PEPTIDE1,PEPTIDE1,1:R1-7:R2$$$",-7.25960054
"PEPTIDE1{R.X1918.P.lalloHyp.Q.G.Q}$PEPTIDE1,PEPTIDE1,1:R1-7:R2$$$",-6.80341967
"PEPTIDE1{X2327.Y.F.P.F.P.Q}$PEPTIDE1,PEPTIDE1,1:R1-7:R2$$$",-6.63810910
"PEPTIDE1{X314.X1895.X824.X1918.F.G.Y}$PEPTIDE1,PEPTIDE1,1:R1-7:R2$$$",-6.69865435
"PEPTIDE1{G.X1410.Q.dPhe(3-Cl).Q.dR.Y}$PEPTIDE1,PEPTIDE1,1:R1-7:R2$$$",-7.21319564
"PEPTIDE1{X946.dP.A.X946.X6.Mono19.G}$PEPTIDE1,PEPTIDE1,1:R1-7:R2$$$",-7.00209622
"PEPTIDE1{L.Q.F.F.Q.Y.G}$PEPTIDE1,PEPTIDE1,1:R1-7:R2$$$",-7.41304393
"PEPTIDE1{L.G.G.X956.X2432.Bal.G}$PEPTIDE1,PEPTIDE1,1:R1-7:R2$$$",-6.85587698
"PEPTIDE1{X1788.X2225.F.X3011.F.X1664.G}$PEPTIDE1,PEPTIDE1,1:R1-7:R2$$$",-6.78215720
"PEPTIDE1{Q.R.S.F.R.Q.X1004}$PEPTIDE1,PEPTIDE1,1:R1-7:R2$$$",-7.22995495
"PEPTIDE1{F.X179.R.P.X2577.X2749.X2258}$PEPTIDE1,PEPTIDE1,1:R1-7:R2$$$",-7.26996940
"PEPTIDE1{Mono107.Q.Q.X905.Y.d(N->O)aIle.X255}$PEPTIDE1,PEPTIDE1,1:R1-7:R2$$$",-6.77399341
"PEPTIDE1{F.Y.G.(N->O)Val.A.Q.P}$PEPTIDE1,PEPTIDE1,1:R1-7:R2$$$",-7.09461067
"PEPTIDE1{Y.F.X305.Q.X1664.X11.Q}$PEPTIDE1,PEPTIDE1,1:R1-7:R2$$$",-6.71760597
"PEPTIDE1{lalloHyp.A.X1811.G.X956.Y.G}$PEPTIDE1,PEPTIDE1,1:R1-7:R2$$$",-6.54905635
"PEPTIDE1{G.G.X375.Q.Mono106.L.G}$PEPTIDE1,PEPTIDE1,1:R1-7:R2$$$",-7.02256932
"PEPTIDE1{X591.P.P.X2432.Q.F.Q}$PEPTIDE1,PEPTIDE1,1:R1-7:R2$$$",-6.54318077
"PEPTIDE1{F.Q.Y.G.X1010.L.Mono8}$PEPTIDE1,PEPTIDE1,1:R1-7:R2$$$",-6.58696924
"PEPTIDE1{R.X233.L.X2432.X233.Aze.P}$PEPTIDE1,PEPTIDE1,1:R1-7:R2$$$",-6.56694029
"PEPTIDE1{Y.X504.Q.L.X1010.Q.Q}$PEPTIDE1,PEPTIDE1,1:R1-7:R2$$$",-6.73072141
"PEPTIDE1{L.P.G.meW.G.X11.X490}$PEPTIDE1,PEPTIDE1,1:R1-7:R2$$$",-6.62047581
"PEPTIDE1{F.R.dR.P.X683.Y.G}$PEPTIDE1,PEPTIDE1,1:R1-7:R2$$$",-7.19816960
"PEPTIDE1{Q.R.Mono107.X1811.G.Y.Q}$PEPTIDE1,PEPTIDE1,1:R1-7:R2$$$",-7.85505203
"PEPTIDE1{Y.X1004.R.X2432.G.H.X1004}$PEPTIDE1,PEPTIDE1,1:R1-7:R2$$$",-7.30826827
"PEPTIDE1{Y.R.G.P.X2432.P.G}$PEPTIDE1,PEPTIDE1,1:R1-7:R2$$$",-6.87224545
"PEPTIDE1{X1457.X1989.Y.F.F.A.X2793}$PEPTIDE1,PEPTIDE1,1:R1-7:R2$$$",-6.75756333
"PEPTIDE1{G.X2719.Y.L.X1707.Y.Q}$PEPTIDE1,PEPTIDE1,1:R1-7:R2$$$",-7.49327277
"PEPTIDE1{Y.X956.R.X956.Cit.X956.P}$PEPTIDE1,PEPTIDE1,1:R1-7:R2$$$",-6.98155918
"PEPTIDE1{dHpr.P.X1457.G.G.X1768.Q}$PEPTIDE1,PEPTIDE1,1:R1-7:R2$$$",-6.70611714
"PEPTIDE1{G.L.P.P.X1457.Y.P}$PEPTIDE1,PEPTIDE1,1:R1-7:R2$$$",-6.27287140
"PEPTIDE1{F.P.d(N->O)Gly(allyl).X2432.X1664.L.dCit}$PEPTIDE1,PEPTIDE1,1:R1-7:R2$$$",-6.80606044
"PEPTIDE1{X946.X786.Q.lalloHyp.R.F.X1029}$PEPTIDE1,PEPTIDE1,1:R1-7:R2$$$",-6.40050412
"PEPTIDE1{X2432.X305.Mono50.Y.F.X1038.G}$PEPTIDE1,PEPTIDE1,1:R1-7:R2$$$",-6.78522855
"PEPTIDE1{G.R.X6.X946.R.L.A}$PEPTIDE1,PEPTIDE1,1:R1-7:R2$$$",-7.19951331
"PEPTIDE1{X1699.Y.Y.P.Y.R.Q}$PEPTIDE1,PEPTIDE1,1:R1-7:R2$$$",-6.45991606
"PEPTIDE1{X2432.L.X1010.Q.X2669.Q.A}$PEPTIDE1,PEPTIDE1,1:R1-7:R2$$$",-6.75608202
"PEPTIDE1{G.X261.X1777.X1800.R.Q.P}$PEPTIDE1,PEPTIDE1,1:R1-7:R2$$$",-7.02919667
"PEPTIDE1{X1813.dD.X601.G.F.Q.G}$PEPTIDE1,PEPTIDE1,1:R1-7:R2$$$",-7.30776661
"PEPTIDE1{Y.Q.G.F.X1801.L.X619}$PEPTIDE1,PEPTIDE1,1:R1-7:R2$$$",-6.67285936
"PEPTIDE1{X2432.Me_dOrn.Q.L.L.P.Q}$PEPTIDE1,PEPTIDE1,1:R1-7:R2$$$",-6.66814575
"PEPTIDE1{dP.X233.Q.Q.Y.X1004.Y}$PEPTIDE1,PEPTIDE1,1:R1-7:R2$$$",-6.99014845
"PEPTIDE1{R.Y.R.P.Y.Y.P}$PEPTIDE1,PEPTIDE1,1:R1-7:R2$$$",-7.13240972
"PEPTIDE1{Y.X126.X46.Q.Q.X1895.G}$PEPTIDE1,PEPTIDE1,1:R1-7:R2$$$",-7.15471133
"PEPTIDE1{X2791.R.X2432.L.X6.X2432.Y}$PEPTIDE1,PEPTIDE1,1:R1-7:R2$$$",-7.19275409
"PEPTIDE1{X255.Q.G.X1811.X1206.L.G}$PEPTIDE1,PEPTIDE1,1:R1-7:R2$$$",-7.97419847
"PEPTIDE1{G.F.G.P.X956.X591.Mono106}$PEPTIDE1,PEPTIDE1,1:R1-7:R2$$$",-7.41453243
"PEPTIDE1{X1664.R.Y.X1811.P.Trp(7-Br).X7}$PEPTIDE1,PEPTIDE1,1:R1-7:R2$$$",-7.71556675
"PEPTIDE1{R.G.X2577.P.X2432.P.P}$PEPTIDE1,PEPTIDE1,1:R1-7:R2$$$",-6.47466752
"PEPTIDE1{Mono50.X1918.X1004.L.X425.X612.Aze}$PEPTIDE1,PEPTIDE1,1:R1-7:R2$$$",-6.61019010
"PEPTIDE1{Mono19.X725.P.L.X2432.P.Y}$PEPTIDE1,PEPTIDE1,1:R1-7:R2$$$",-6.71959467
"PEPTIDE1{L.dP.G.X1004.Y.Q.P}$PEPTIDE1,PEPTIDE1,1:R1-7:R2$$$",-6.81558624
"PEPTIDE1{G.F.X956.X2328.L.L.G}$PEPTIDE1,PEPTIDE1,1:R1-7:R2$$$",-7.03516472
"PEPTIDE1{Q.X1895.G.X1699.Q.F.P}$PEPTIDE1,PEPTIDE1,1:R1-7:R2$$$",-6.62144487
"PEPTIDE1{P.X786.Mono92.G.X1609.X1432.X1410}$PEPTIDE1,PEPTIDE1,1:R1-7:R2$$$",-7.34625874
"PEPTIDE1{L.Q.G.X1918.X233.F.Q}$PEPTIDE1,PEPTIDE1,1:R1-7:R2$$$",-6.66457811
"PEPTIDE1{P.G.L.X233.Q.dHpr.Q}$PEPTIDE1,PEPTIDE1,1:R1-7:R2$$$",-6.72415083
"PEPTIDE1{A.dPhe(2-F).G.L.Q.X1788.X1004}$PEPTIDE1,PEPTIDE1,1:R1-7:R2$$$",-6.91459620
"PEPTIDE1{Y.X1294.X956.Q.dHpr.X2432.Q}$PEPTIDE1,PEPTIDE1,1:R1-7:R2$$$",-6.42131293
"PEPTIDE1{Y.G.X1811.Q.dP.X1457.X1004}$PEPTIDE1,PEPTIDE1,1:R1-7:R2$$$",-8.19114231
"PEPTIDE1{A.X1004.X81.R.A.L.P}$PEPTIDE1,PEPTIDE1,1:R1-7:R2$$$",-6.99722465
"PEPTIDE1{Q.R.Y.X2432.P.X375.Mono107}$PEPTIDE1,PEPTIDE1,1:R1-7:R2$$$",-7.11421890
"PEPTIDE1{X136.am_G.R.X1206.X956.R.Y}$PEPTIDE1,PEPTIDE1,1:R1-7:R2$$$",-7.22677182
"PEPTIDE1{P.G.dHpr.Q.L.X233.(N->O)Tyr}$PEPTIDE1,PEPTIDE1,1:R1-7:R2$$$",-6.65758448
"PEPTIDE1{Q.F.X956.R.P.P.X2403}$PEPTIDE1,PEPTIDE1,1:R1-7:R2$$$",-6.96537866
"PEPTIDE1{X1895.Y.X2754.X255.Q.Q.X233}$PEPTIDE1,PEPTIDE1,1:R1-7:R2$$$",-7.62091047
"PEPTIDE1{L.F.R.L.X542.X1661.P}$PEPTIDE1,PEPTIDE1,1:R1-7:R2$$$",-6.68133513
"PEPTIDE1{P.Y.Y.X2117.Q.P.G}$PEPTIDE1,PEPTIDE1,1:R1-7:R2$$$",-7.08505940
"PEPTIDE1{L.Y.Y.X2432.X683.X631.Y}$PEPTIDE1,PEPTIDE1,1:R1-7:R2$$$",-7.50748079
"PEPTIDE1{P.F.L.X1393.X255.Q.Me_3-Pal}$PEPTIDE1,PEPTIDE1,1:R1-7:R2$$$",-6.44893134
"PEPTIDE1{X591.Y.G.G.X1956.X425.X1457}$PEPTIDE1,PEPTIDE1,1:R1-7:R2$$$",-7.10760462
"PEPTIDE1{G.G.Q.R.Y.G.G}$PEPTIDE1,PEPTIDE1,1:R1-7:R2$$$",-7.19185949
"PEPTIDE1{P.dHpr.X1956.G.G.X1801.Me_dW}$PEPTIDE1,PEPTIDE1,1:R1-7:R2$$$",-7.09087212
"PEPTIDE1{X490.X7.X916.X2432.X1393.P.P}$PEPTIDE1,PEPTIDE1,1:R1-7:R2$$$",-6.78249750
"PEPTIDE1{P.P.L.Q.X49.G.meL}$PEPTIDE1,PEPTIDE1,1:R1-7:R2$$$",-6.64144800
"PEPTIDE1{X1971.X302.X6.X2152.dP.P.G}$PEPTIDE1,PEPTIDE1,1:R1-7:R2$$$",-7.36470982
"PEPTIDE1{Y.X683.X49.Q.R.G.dS}$PEPTIDE1,PEPTIDE1,1:R1-7:R2$$$",-7.20108979
"PEPTIDE1{Q.L.dP.X1157.F.X956.G}$PEPTIDE1,PEPTIDE1,1:R1-7:R2$$$",-6.63817171
"PEPTIDE1{X314.R.Y.Y.X1895.Y.Y}$PEPTIDE1,PEPTIDE1,1:R1-7:R2$$$",-7.60449956
"PEPTIDE1{X490.G.Q.G.F.Q.Y}$PEPTIDE1,PEPTIDE1,1:R1-7:R2$$$",-6.16141745
"PEPTIDE1{Aze.Y.X1918.X2669.X2432.R.Q}$PEPTIDE1,PEPTIDE1,1:R1-7:R2$$$",-6.70308396
"PEPTIDE1{X3004.X1811.G.X3011.G.G.X3004}$PEPTIDE1,PEPTIDE1,1:R1-7:R2$$$",-7.68724727
"PEPTIDE1{X1294.G.X824.P.X956.homoPhe_4CF3_3Cl.X375}$PEPTIDE1,PEPTIDE1,1:R1-7:R2$$$",-6.96980835
"PEPTIDE1{P.G.L.Y.P.X1813.Q}$PEPTIDE1,PEPTIDE1,1:R1-7:R2$$$",-6.94165452
"PEPTIDE1{X591.Q.X7.X188.X1788.F.(N->O)Tyr}$PEPTIDE1,PEPTIDE1,1:R1-7:R2$$$",-7.03853607
"PEPTIDE1{Q.X1457.X2432.X1029.F.F.G}$PEPTIDE1,PEPTIDE1,1:R1-7:R2$$$",-6.27352851
"PEPTIDE1{G.L.X1038.Q.Pro(4-F2).L.X683}$PEPTIDE1,PEPTIDE1,1:R1-7:R2$$$",-7.23450419
"PEPTIDE1{X916.P.X255.G.Q.Q.X49}$PEPTIDE1,PEPTIDE1,1:R1-7:R2$$$",-6.68905422
"PEPTIDE1{L.X1035.X1918.Mono51.X956.(N->O)Tyr.Q}$PEPTIDE1,PEPTIDE1,1:R1-7:R2$$$",-6.24070253
"PEPTIDE1{Y.R.G.Q.X1777.X2432.dS}$PEPTIDE1,PEPTIDE1,1:R1-7:R2$$$",-7.09421017
"PEPTIDE1{L.dHpr.G.X2258.X880.Q.P}$PEPTIDE1,PEPTIDE1,1:R1-7:R2$$$",-6.56526667
"PEPTIDE1{X2432.Q.X916.L.A.G.G}$PEPTIDE1,PEPTIDE1,1:R1-7:R2$$$",-7.31670291
"PEPTIDE1{X591.Mono50.P.G.Y.dP.G}$PEPTIDE1,PEPTIDE1,1:R1-7:R2$$$",-6.98085361
"PEPTIDE1{L.X2577.X6.X956.G.Y.P}$PEPTIDE1,PEPTIDE1,1:R1-7:R2$$$",-6.89594273
"PEPTIDE1{Mono19.Y.G.X2432.P.F.Y}$PEPTIDE1,PEPTIDE1,1:R1-7:R2$$$",-7.01363667
"PEPTIDE1{P.L.dS.X2328.Q.X591.G}$PEPTIDE1,PEPTIDE1,1:R1-7:R2$$$",-7.47230814
"PEPTIDE1{Q.G.Q.P.R.X232.X1895}$PEPTIDE1,PEPTIDE1,1:R1-7:R2$$$",-7.36800768
"PEPTIDE1{X425.P.Y.Q.X2432.P.X2461}$PEPTIDE1,PEPTIDE1,1:R1-7:R2$$$",-6.51127930
"PEPTIDE1{R.X2465.F.Q.X1811.X2432.X1004}$PEPTIDE1,PEPTIDE1,1:R1-7:R2$$$",-7.15567236
"PEPTIDE1{R.X2432.X683.Aze.P.Aze.G}$PEPTIDE1,PEPTIDE1,1:R1-7:R2$$$",-6.86876854
"PEPTIDE1{L.X2432.X1895.P.F.L.P}$PEPTIDE1,PEPTIDE1,1:R1-7:R2$$$",-7.32272408
"PEPTIDE1{G.F.F.L.F.dHpr.Q}$PEPTIDE1,PEPTIDE1,1:R1-7:R2$$$",-6.32853695
"PEPTIDE1{G.(N->O)Tyr.Y.F.X1395.Q.X591}$PEPTIDE1,PEPTIDE1,1:R1-7:R2$$$",-7.53336817
"PEPTIDE1{L.X1699.X136.X1829.G.X671.X2329}$PEPTIDE1,PEPTIDE1,1:R1-7:R2$$$",-6.65666127
"PEPTIDE1{X1777.G.X255.X2432.X956.Y.X2461}$PEPTIDE1,PEPTIDE1,1:R1-7:R2$$$",-6.78016374
"PEPTIDE1{Y.F.X2432.X2577.dP.F.Q}$PEPTIDE1,PEPTIDE1,1:R1-7:R2$$$",-6.13845110
"PEPTIDE1{L.F.R.G.Q.G.X1707}$PEPTIDE1,PEPTIDE1,1:R1-7:R2$$$",-6.97678017
"PEPTIDE1{Q.X2749.L.X233.A.G.Y}$PEPTIDE1,PEPTIDE1,1:R1-7:R2$$$",-7.10051923
"PEPTIDE1{X1457.P.P.X1004.P.X2432.X956}$PEPTIDE1,PEPTIDE1,1:R1-7:R2$$$",-6.46041931
"PEPTIDE1{Q.F.P.Y.L.F.X956}$PEPTIDE1,PEPTIDE1,1:R1-7:R2$$$",-6.67637000
"PEPTIDE1{X591.X7.dPhe(2-F).A.R.Y.Q}$PEPTIDE1,PEPTIDE1,1:R1-7:R2$$$",-7.62049503
"PEPTIDE1{Y.L.dHpr.A.X1895.L.Y}$PEPTIDE1,PEPTIDE1,1:R1-7:R2$$$",-6.75461817
"PEPTIDE1{R.Y.X956.Trp(7-Br).F.G.Y}$PEPTIDE1,PEPTIDE1,1:R1-7:R2$$$",-7.55780392
"PEPTIDE1{Y.X189.X2433.L.P.X1956.Q}$PEPTIDE1,PEPTIDE1,1:R1-7:R2$$$",-7.29887335
"PEPTIDE1{X1212.L.Q.G.A.X2461.X233}$PEPTIDE1,PEPTIDE1,1:R1-7:R2$$$",-6.78525758
"PEPTIDE1{Y.X946.G.Y.X7.dHpr.G}$PEPTIDE1,PEPTIDE1,1:R1-7:R2$$$",-6.64561082
"PEPTIDE1{R.X1432.G.X956.X1350.Q.G}$PEPTIDE1,PEPTIDE1,1:R1-7:R2$$$",-7.26998347
"PEPTIDE1{X2432.L.G.X2432.X305.R.X49}$PEPTIDE1,PEPTIDE1,1:R1-7:R2$$$",-6.55116460
"PEPTIDE1{Mono51.X2577.F.Q.G.G.Q}$PEPTIDE1,PEPTIDE1,1:R1-7:R2$$$",-6.05661716
"PEPTIDE1{F.G.A.Y.X3004.X196.P}$PEPTIDE1,PEPTIDE1,1:R1-7:R2$$$",-7.27415742
"PEPTIDE1{P.X1811.R.X1989.G.G.X822}$PEPTIDE1,PEPTIDE1,1:R1-7:R2$$$",-7.26652984
"PEPTIDE1{dHpr.X981.G.Q.Cit.R.G}$PEPTIDE1,PEPTIDE1,1:R1-7:R2$$$",-6.81020622
"PEPTIDE1{Q.X3011.X11.X2432.X2113.Q.dD}$PEPTIDE1,PEPTIDE1,1:R1-7:R2$$$",-7.26026541
"PEPTIDE1{X2791.dHpr.R.G.G.G.Y}$PEPTIDE1,PEPTIDE1,1:R1-7:R2$$$",-7.02449584
"PEPTIDE1{X1813.dY.X1811.X631.F.P.Q}$PEPTIDE1,PEPTIDE1,1:R1-7:R2$$$",-7.66861302
"PEPTIDE1{F.G.X1004.X1895.L.Q.Q}$PEPTIDE1,PEPTIDE1,1:R1-7:R2$$$",-7.15830799
"PEPTIDE1{X1004.Y.X591.G.A.G.X1918}$PEPTIDE1,PEPTIDE1,1:R1-7:R2$$$",-7.62202377
"PEPTIDE1{lalloHyp.G.L.R.X2432.L.Bal}$PEPTIDE1,PEPTIDE1,1:R1-7:R2$$$",-6.88923021
"PEPTIDE1{X1813.F.Q.P.X1540.Q.P}$PEPTIDE1,PEPTIDE1,1:R1-7:R2$$$",-6.79545106
"PEPTIDE1{F.X196.G.Cha.X2391.G.dP}$PEPTIDE1,PEPTIDE1,1:R1-7:R2$$$",-6.95982269
"PEPTIDE1{G.G.P.G.X3004.F.dP}$PEPTIDE1,PEPTIDE1,1:R1-7:R2$$$",-6.83517584
"PEPTIDE1{Q.P.X1004.X956.dP.G.Mono50}$PEPTIDE1,PEPTIDE1,1:R1-7:R2$$$",-7.23769764
"PEPTIDE1{Q.Q.X905.P.X299.L.G}$PEPTIDE1,PEPTIDE1,1:R1-7:R2$$$",-6.62127783
"PEPTIDE1{Q.F.dP.G.R.X946.X1457}$PEPTIDE1,PEPTIDE1,1:R1-7:R2$$$",-6.35575868
"PEPTIDE1{P.X3011.(N->O)Val.G.X956.Y.X1432}$PEPTIDE1,PEPTIDE1,1:R1-7:R2$$$",-7.01735472
"PEPTIDE1{X504.P.G.X1410.R.P.X1004}$PEPTIDE1,PEPTIDE1,1:R1-7:R2$$$",-7.63311719
"PEPTIDE1{Y.F.X2830.P.Q.X2203.X11}$PEPTIDE1,PEPTIDE1,1:R1-7:R2$$$",-7.27382626
"PEPTIDE1{X2258.F.F.X187.X956.Q.G}$PEPTIDE1,PEPTIDE1,1:R1-7:R2$$$",-7.04335739
"PEPTIDE1{Y.P.R.X1956.X1813.Aze.G}$PEPTIDE1,PEPTIDE1,1:R1-7:R2$$$",-7.03135613
"PEPTIDE1{X1350.Mono50.X981.X956.G.dP.X6}$PEPTIDE1,PEPTIDE1,1:R1-7:R2$$$",-6.64727151
"PEPTIDE1{R.X2577.Q.X1206.P.G.Y}$PEPTIDE1,PEPTIDE1,1:R1-7:R2$$$",-7.08459108
"PEPTIDE1{P.X1190.Y.P.G.G.P}$PEPTIDE1,PEPTIDE1,1:R1-7:R2$$$",-6.73191646
"PEPTIDE1{A.G.X2329.X2791.F.X2577.G}$PEPTIDE1,PEPTIDE1,1:R1-7:R2$$$",-7.41082753
"PEPTIDE1{X612.X2432.G.X187.Q.X1837.G}$PEPTIDE1,PEPTIDE1,1:R1-7:R2$$$",-7.50503792
"PEPTIDE1{G.L.X1664.Q.X255.G.dS}$PEPTIDE1,PEPTIDE1,1:R1-7:R2$$$",-6.95276695
"PEPTIDE1{Q.P.Mono19.Q.X1457.X2258.G}$PEPTIDE1,PEPTIDE1,1:R1-7:R2$$$",-6.76644896
"PEPTIDE1{G.R.Bal.Y.L.X1699.X956}$PEPTIDE1,PEPTIDE1,1:R1-7:R2$$$",-6.39667561
"PEPTIDE1{X534.L.X1010.R.Q.Q.X573}$PEPTIDE1,PEPTIDE1,1:R1-7:R2$$$",-6.77710194
"PEPTIDE1{X1895.X425.G.X956.A.P.Q}$PEPTIDE1,PEPTIDE1,1:R1-7:R2$$$",-7.08909423
"PEPTIDE1{Y.X2461.X2577.L.F.Q.P}$PEPTIDE1,PEPTIDE1,1:R1-7:R2$$$",-5.97539914
"PEPTIDE1{X297.X577.F.Y.X2754.dPhe(2-F).Q}$PEPTIDE1,PEPTIDE1,1:R1-7:R2$$$",-7.31438159
"PEPTIDE1{Q.X1004.X233.X1609.Mono31.X164.X981}$PEPTIDE1,PEPTIDE1,1:R1-7:R2$$$",-6.37467670
"PEPTIDE1{P.X305.Q.X490.P.Q.X1813}$PEPTIDE1,PEPTIDE1,1:R1-7:R2$$$",-6.57241665
"PEPTIDE1{L.Q.P.P.X11.X425.Q}$PEPTIDE1,PEPTIDE1,1:R1-7:R2$$$",-6.50721310
"PEPTIDE1{Mono50.R.Q.G.Y.X2432.Y}$PEPTIDE1,PEPTIDE1,1:R1-7:R2$$$",-7.36842098
"PEPTIDE1{Y.F.F.R.L.X945.G}$PEPTIDE1,PEPTIDE1,1:R1-7:R2$$$",-7.14003282
"PEPTIDE1{L.X956.R.X2432.R.Q.Q}$PEPTIDE1,PEPTIDE1,1:R1-7:R2$$$",-7.18231694
"PEPTIDE1{F.X1350.X2432.Q.X1777.X1395.X1919}$PEPTIDE1,PEPTIDE1,1:R1-7:R2$$$",-6.68705975
"PEPTIDE1{X2432.X591.P.X1664.Q.G.A}$PEPTIDE1,PEPTIDE1,1:R1-7:R2$$$",-7.11575902
"PEPTIDE1{dP.X2258.Q.Q.X261.X956.Q}$PEPTIDE1,PEPTIDE1,1:R1-7:R2$$$",-7.09978266
"PEPTIDE1{R.Trp(7-Br).P.X975.X631.G.Y}$PEPTIDE1,PEPTIDE1,1:R1-7:R2$$$",-7.56217847
"PEPTIDE1{F.X1811.X2432.X1540.G.dP.(N->O)Val}$PEPTIDE1,PEPTIDE1,1:R1-7:R2$$$",-6.05404330
"PEPTIDE1{Y.X136.dPhe(2-F).L.R.Y.Y}$PEPTIDE1,PEPTIDE1,1:R1-7:R2$$$",-7.67379739
"PEPTIDE1{X504.F.X2432.X2432.X261.Q.X1798}$PEPTIDE1,PEPTIDE1,1:R1-7:R2$$$",-7.13766973
"PEPTIDE1{F.X315.X1457.L.Y.G.Y}$PEPTIDE1,PEPTIDE1,1:R1-7:R2$$$",-6.31272650
"PEPTIDE1{G.G.X822.X2754.X232.L.G}$PEPTIDE1,PEPTIDE1,1:R1-7:R2$$$",-7.17460964
"PEPTIDE1{X946.X3004.R.G.L.Y.P}$PEPTIDE1,PEPTIDE1,1:R1-7:R2$$$",-6.62895220
"PEPTIDE1{Q.X2577.X1457.X2461.X490.X425.X204}$PEPTIDE1,PEPTIDE1,1:R1-7:R2$$$",-6.37728490
"PEPTIDE1{Y.F.X798.G.Q.P.X1004}$PEPTIDE1,PEPTIDE1,1:R1-7:R2$$$",-7.14189538
"PEPTIDE1{R.X2432.Y.X7.G.G.P}$PEPTIDE1,PEPTIDE1,1:R1-7:R2$$$",-7.21700522
"PEPTIDE1{Q.X305.Q.X824.X1811.X1548.X2791}$PEPTIDE1,PEPTIDE1,1:R1-7:R2$$$",-8.47361071
"PEPTIDE1{Y.X2432.G.F.Cha.X1707.Y}$PEPTIDE1,PEPTIDE1,1:R1-7:R2$$$",-6.72005071
"PEPTIDE1{X2432.Q.X2412.P.X1457.L.X956}$PEPTIDE1,PEPTIDE1,1:R1-7:R2$$$",-6.44782754
"PEPTIDE1{Y.L.Q.L.X2461.L.G}$PEPTIDE1,PEPTIDE1,1:R1-7:R2$$$",-6.19948847
"PEPTIDE1{G.Y.F.dR.D_3Abu.X946.P}$PEPTIDE1,PEPTIDE1,1:R1-7:R2$$$",-6.90168190
"PEPTIDE1{X1664.G.Y.Y.X956.X490.Q}$PEPTIDE1,PEPTIDE1,1:R1-7:R2$$$",-6.33751912
"PEPTIDE1{X1004.G.R.R.F.R.P}$PEPTIDE1,PEPTIDE1,1:R1-7:R2$$$",-7.24587886
"PEPTIDE1{F.F.Aze.Q.Y.Q.G}$PEPTIDE1,PEPTIDE1,1:R1-7:R2$$$",-6.38979796
"PEPTIDE1{G.G.L.P.G.Y.G}$PEPTIDE1,PEPTIDE1,1:R1-7:R2$$$",-6.75973806
"PEPTIDE1{Q.P.P.X956.F.Y.G}$PEPTIDE1,PEPTIDE1,1:R1-7:R2$$$",-6.52310685
"PEPTIDE1{R.X956.X1038.X2577.G.X569.G}$PEPTIDE1,PEPTIDE1,1:R1-7:R2$$$",-7.27703679
"PEPTIDE1{P.R.G.F.X956.X981.Mono107}$PEPTIDE1,PEPTIDE1,1:R1-7:R2$$$",-6.39429755
"PEPTIDE1{X905.Q.F.X1206.F.X601.X956}$PEPTIDE1,PEPTIDE1,1:R1-7:R2$$$",-7.43942903
"PEPTIDE1{F.X1704.R.X49.G.X2719.X956}$PEPTIDE1,PEPTIDE1,1:R1-7:R2$$$",-6.53861217
"PEPTIDE1{R.X1913.P.Q.G.G.G}$PEPTIDE1,PEPTIDE1,1:R1-7:R2$$$",-7.06903192
"PEPTIDE1{X1768.Q.L.Q.Y.Y.P}$PEPTIDE1,PEPTIDE1,1:R1-7:R2$$$",-6.84022431
"PEPTIDE1{Y.X2432.X1004.X2432.X1956.P.Y}$PEPTIDE1,PEPTIDE1,1:R1-7:R2$$$",-6.98216206
"PEPTIDE1{X786.Q.X946.F.P.G.P}$PEPTIDE1,PEPTIDE1,1:R1-7:R2$$$",-7.09544393
"PEPTIDE1{X490.G.X838.R.F.X946.Aze}$PEPTIDE1,PEPTIDE1,1:R1-7:R2$$$",-6.33310650
"PEPTIDE1{P.Me_dW.X1777.X204.G.F.X786}$PEPTIDE1,PEPTIDE1,1:R1-7:R2$$$",-6.94973276
"PEPTIDE1{X11.X1956.X956.X11.R.Q.G}$PEPTIDE1,PEPTIDE1,1:R1-7:R2$$$",-7.28231512
"PEPTIDE1{Q.X2328.X2432.G.G.Y.G}$PEPTIDE1,PEPTIDE1,1:R1-7:R2$$$",-7.35731801
"PEPTIDE1{Y.Q.Y.Q.P.G.G}$PEPTIDE1,PEPTIDE1,1:R1-7:R2$$$",-7.27659037
"PEPTIDE1{Q.Y.P.G.L.F.Y}$PEPTIDE1,PEPTIDE1,1:R1-7:R2$$$",-7.06229417
"PEPTIDE1{Y.Y.P.X1874.Q.Y.X2577}$PEPTIDE1,PEPTIDE1,1:R1-7:R2$$$",-6.98513072
"PEPTIDE1{Q.Cha.R.A.R.X1661.Q}$PEPTIDE1,PEPTIDE1,1:R1-7:R2$$$",-6.64513190
"PEPTIDE1{X204.P.G.X1294.X1811.X179.X1895}$PEPTIDE1,PEPTIDE1,1:R1-7:R2$$$",-7.26956543
"PEPTIDE1{A.X1004.P.P.G.G.Pro(4-F2)}$PEPTIDE1,PEPTIDE1,1:R1-7:R2$$$",-6.88658415
"PEPTIDE1{P.X2791.Q.dP.G.G.A}$PEPTIDE1,PEPTIDE1,1:R1-7:R2$$$",-7.26900759
"PEPTIDE1{X670.X785.G.X1457.Q.X1829.X591}$PEPTIDE1,PEPTIDE1,1:R1-7:R2$$$",-6.96300343
"PEPTIDE1{Y.R.R.Q.A.X683.Q}$PEPTIDE1,PEPTIDE1,1:R1-7:R2$$$",-7.38377907
"PEPTIDE1{Q.X2391.R.X569.R.Y.P}$PEPTIDE1,PEPTIDE1,1:R1-7:R2$$$",-7.10191138
"PEPTIDE1{X3004.Q.X956.R.Hpr.dP.Q}$PEPTIDE1,PEPTIDE1,1:R1-7:R2$$$",-6.69761511
"PEPTIDE1{X375.Y.P.Y.Q.X187.X49}$PEPTIDE1,PEPTIDE1,1:R1-7:R2$$$",-7.02222384
"PEPTIDE1{(N->O)Tyr.X2432.R.Y.Y.F.X956}$PEPTIDE1,PEPTIDE1,1:R1-7:R2$$$",-7.45736736
"PEPTIDE1{dPhe(4-Cl).L.G.X946.P.X1699.Q}$PEPTIDE1,PEPTIDE1,1:R1-7:R2$$$",-6.49537702
"PEPTIDE1{Q.P.G.(N->O)Tyr.F.X2328.Y}$PEPTIDE1,PEPTIDE1,1:R1-7:R2$$$",-7.77676957
"PEPTIDE1{R.Y.R.Q.X1956.X305.G}$PEPTIDE1,PEPTIDE1,1:R1-7:R2$$$",-7.03271420
"PEPTIDE1{dP.Mono50.G.F.X2432.X1010.Q}$PEPTIDE1,PEPTIDE1,1:R1-7:R2$$$",-6.49493194
"PEPTIDE1{Q.P.X305.X2432.X1811.Y.X1004}$PEPTIDE1,PEPTIDE1,1:R1-7:R2$$$",-8.88540231
"PEPTIDE1{Q.X1038.Q.Y.F.X2432.G}$PEPTIDE1,PEPTIDE1,1:R1-7:R2$$$",-7.18620957
"PEPTIDE1{Q.X612.X956.G.X11.Q.dP}$PEPTIDE1,PEPTIDE1,1:R1-7:R2$$$",-6.76270004
"PEPTIDE1{X1910.G.Y.G.X425.X1813.G}$PEPTIDE1,PEPTIDE1,1:R1-7:R2$$$",-6.87816662
"PEPTIDE1{G.R.X314.X305.X233.L.X956}$PEPTIDE1,PEPTIDE1,1:R1-7:R2$$$",-6.82220014
"PEPTIDE1{X504.P.F.Q.X1829.X490.Y}$PEPTIDE1,PEPTIDE1,1:R1-7:R2$$$",-6.55798516
"PEPTIDE1{F.X956.L.Y.X1800.X692.Y}$PEPTIDE1,PEPTIDE1,1:R1-7:R2$$$",-6.52183689
"PEPTIDE1{L.X2432.X1811.X2113.X1038.Mono31.Q}$PEPTIDE1,PEPTIDE1,1:R1-7:R2$$$",-8.50050441
"PEPTIDE1{P.A.G.F.G.G.Y}$PEPTIDE1,PEPTIDE1,1:R1-7:R2$$$",-7.04874371
"PEPTIDE1{Y.F.X11.F.X2432.Q.X956}$PEPTIDE1,PEPTIDE1,1:R1-7:R2$$$",-7.12154574
"PEPTIDE1{X1410.X232.X1457.L.Y.X2432.dPhe(2-Me)}$PEPTIDE1,PEPTIDE1,1:R1-7:R2$$$",-6.97548417
"PEPTIDE1{X255.G.X1777.Y.Q.X1004.X11}$PEPTIDE1,PEPTIDE1,1:R1-7:R2$$$",-6.92925724
"PEPTIDE1{F.G.R.X490.dP.Q.G}$PEPTIDE1,PEPTIDE1,1:R1-7:R2$$$",-6.47309125
"PEPTIDE1{Q.X2328.G.X7.F.dP.X1004}$PEPTIDE1,PEPTIDE1,1:R1-7:R2$$$",-7.28009918
"PEPTIDE1{R.P.L.G.X1457.Mono19.Q}$PEPTIDE1,PEPTIDE1,1:R1-7:R2$$$",-6.83756164
"PEPTIDE1{Q.Mono19.X2432.F.X2432.X1661.X233}$PEPTIDE1,PEPTIDE1,1:R1-7:R2$$$",-6.27025469
"PEPTIDE1{Y.Y.L.X591.am_G.X2432.Q}$PEPTIDE1,PEPTIDE1,1:R1-7:R2$$$",-7.03293876
"PEPTIDE1{G.X232.G.X189.Y.Q.Phe(CHF2)}$PEPTIDE1,PEPTIDE1,1:R1-7:R2$$$",-7.13146114
"PEPTIDE1{G.X1664.Y.X2577.X2577.X2442.X238}$PEPTIDE1,PEPTIDE1,1:R1-7:R2$$$",-7.26283932
"PEPTIDE1{L.X786.X1410.G.L.X136.dP}$PEPTIDE1,PEPTIDE1,1:R1-7:R2$$$",-7.41308520
"PEPTIDE1{R.X425.X2669.Q.R.X1004.X314}$PEPTIDE1,PEPTIDE1,1:R1-7:R2$$$",-7.51582983
"PEPTIDE1{G.R.Q.Y.R.X1829.G}$PEPTIDE1,PEPTIDE1,1:R1-7:R2$$$",-6.92695243
"PEPTIDE1{meW.X126.G.X785.G.X490.Y}$PEPTIDE1,PEPTIDE1,1:R1-7:R2$$$",-6.75577427
"PEPTIDE1{L.Q.A.X2391.P.G.Q}$PEPTIDE1,PEPTIDE1,1:R1-7:R2$$$",-7.16014429
"PEPTIDE1{G.R.Y.X822.R.X255.Cit}$PEPTIDE1,PEPTIDE1,1:R1-7:R2$$$",-7.38030129
"PEPTIDE1{Q.(N->O)Tyr.G.P.A.X255.Q}$PEPTIDE1,PEPTIDE1,1:R1-7:R2$$$",-7.39358816
"PEPTIDE1{Hpr.Mono107.F.X1777.R.X956.G}$PEPTIDE1,PEPTIDE1,1:R1-7:R2$$$",-6.65760589
"PEPTIDE1{Y.X2113.L.dHpr.X2432.X577.X981}$PEPTIDE1,PEPTIDE1,1:R1-7:R2$$$",-6.38954791
"PEPTIDE1{G.Y.P.F.G.G.dP}$PEPTIDE1,PEPTIDE1,1:R1-7:R2$$$",-7.13800091
"PEPTIDE1{Y.X49.X1664.X2329.P.A.X946}$PEPTIDE1,PEPTIDE1,1:R1-7:R2$$$",-6.55126561
"PEPTIDE1{X786.X391.Q.Q.X2403.d(N->O)Gly(allyl).X302}$PEPTIDE1,PEPTIDE1,1:R1-7:R2$$$",-7.54397724
"PEPTIDE1{R.X956.G.X2432.X945.L.Y}$PEPTIDE1,PEPTIDE1,1:R1-7:R2$$$",-6.50858898
"PEPTIDE1{G.X683.Y.X2432.G.X1432.X233}$PEPTIDE1,PEPTIDE1,1:R1-7:R2$$$",-7.63959099
"PEPTIDE1{Q.X956.d(N->O)Gly(allyl).X1813.X1802.X671.G}$PEPTIDE1,PEPTIDE1,1:R1-7:R2$$$",-7.42354904
"PEPTIDE1{(N->O)Tyr.X2577.X1895.meW.dD.X2432.X785}$PEPTIDE1,PEPTIDE1,1:R1-7:R2$$$",-7.26883618
"PEPTIDE1{P.dP.X956.L.Q.dS.X162}$PEPTIDE1,PEPTIDE1,1:R1-7:R2$$$",-6.29729329
"PEPTIDE1{X2327.P.G.X2285.lalloHyp.X1020.X425}$PEPTIDE1,PEPTIDE1,1:R1-7:R2$$$",-6.73508636
"PEPTIDE1{Y.G.F.G.X1918.X2432.Y}$PEPTIDE1,PEPTIDE1,1:R1-7:R2$$$",-7.41770887
"PEPTIDE1{G.G.A.X2745.L.Y.Mono19}$PEPTIDE1,PEPTIDE1,1:R1-7:R2$$$",-6.88360201
