HELM,cano_smi,permeability,kras_kd
"PEPTIDE1{[meA].F.[meL].L.[meI].G.[meL].T.P.F.D.[-pip]}$PEPTIDE1,PEPTIDE1,1:R1-11:R3$$$",CC[C@H](C)[C@H]1C(=O)NCC(=O)N(C)[C@@H](CC(C)C)C(=O)N[C@@H]([C@@H](C)O)C(=O)N2CCC[C@H]2C(=O)N[C@@H](Cc2ccccc2)C(=O)N[C@H](C(=O)N2CCCCC2)CC(=O)N(C)[C@@H](C)C(=O)N[C@@H](Cc2ccccc2)C(=O)N(C)[C@@H](CC(C)C)C(=O)N[C@@H](CC(C)C)C(=O)N1C,-4.244099999999994,1.6022030115127563
"PEPTIDE1{[dV].[meL].[meA].[meF].[meF].[meL].[meA].T.I.D.[-pip]}$PEPTIDE1,PEPTIDE1,1:R1-10:R3$$$",CC[C@H](C)[C@@H]1NC(=O)[C@H]([C@@H](C)O)NC(=O)[C@H](C)N(C)C(=O)[C@H](CC(C)C)N(C)C(=O)[C@H](Cc2ccccc2)N(C)C(=O)[C@H](Cc2ccccc2)N(C)C(=O)[C@H](C)N(C)C(=O)[C@H](CC(C)C)N(C)C(=O)[C@@H](C(C)C)NC(=O)C[C@@H](C(=O)N2CCCCC2)NC1=O,-4.309573076923072,1.5368322134017944
"PEPTIDE1{[Me_dA].[meA].[meL].L.[meF].[meV].[meL].F.[Sar].T.D.[-pip]}$PEPTIDE1,PEPTIDE1,1:R1-11:R3$$$",CC(C)C[C@@H]1NC(=O)[C@H](CC(C)C)N(C)C(=O)[C@H](C)N(C)C(=O)[C@@H](C)N(C)C(=O)C[C@@H](C(=O)N2CCCCC2)NC(=O)[C@H]([C@@H](C)O)NC(=O)CN(C)C(=O)[C@H](Cc2ccccc2)NC(=O)[C@H](CC(C)C)N(C)C(=O)[C@H](C(C)C)N(C)C(=O)[C@H](Cc2ccccc2)N(C)C1=O,-4.3423,1.546431541442871
"PEPTIDE1{[Me_Bal].[meA].I.[meF].[meF].T.[meA].[meL].[meL].D.[-pip]}$PEPTIDE1,PEPTIDE1,1:R1-10:R3$$$",CC[C@H](C)[C@@H]1NC(=O)[C@H](C)N(C)C(=O)CCN(C)C(=O)C[C@@H](C(=O)N2CCCCC2)NC(=O)[C@H](CC(C)C)N(C)C(=O)[C@H](CC(C)C)N(C)C(=O)[C@H](C)N(C)C(=O)[C@H]([C@@H](C)O)NC(=O)[C@H](Cc2ccccc2)N(C)C(=O)[C@H](Cc2ccccc2)N(C)C1=O,-4.343299999999996,2.0312676429748535
"PEPTIDE1{[meA].T.[Sar].[meL].I.[meL].[meF].[meL].D.A.[-pip]}$PEPTIDE1,PEPTIDE1,1:R1-9:R3$$$",CC[C@H](C)[C@@H]1NC(=O)[C@H](CC(C)C)N(C)C(=O)CN(C)C(=O)[C@H]([C@@H](C)O)NC(=O)[C@H](C)N(C)C(=O)C[C@@H](C(=O)N[C@@H](C)C(=O)N2CCCCC2)NC(=O)[C@H](CC(C)C)N(C)C(=O)[C@H](Cc2ccccc2)N(C)C(=O)[C@H](CC(C)C)N(C)C1=O,-4.346999999999997,1.4829702377319336
"PEPTIDE1{[meA].[meF].[meL].T.[Sar].[meL].[Ser(tBu)].[meL].[Mono11].[-pip]}$PEPTIDE1,PEPTIDE1,1:R1-9:R3$$$",CC(C)C[C@H]1C(=O)N[C@@H](COC(C)(C)C)C(=O)N(C)[C@@H](CC(C)C)C(=O)N[C@H](C(=O)N2CCCCC2)Cc2ccc(cc2)CCCCCC(=O)N(C)[C@@H](C)C(=O)N(C)[C@@H](Cc2ccccc2)C(=O)N(C)[C@@H](CC(C)C)C(=O)N[C@@H]([C@@H](C)O)C(=O)N(C)CC(=O)N1C,-4.355700000000005,1.338409423828125
"PEPTIDE1{[Me_dA].F.[meL].T.G.[meF].[meL].L.[Ser(tBu)].D.[-pip]}$PEPTIDE1,PEPTIDE1,1:R1-10:R3$$$",CC(C)C[C@@H]1NC(=O)[C@H](CC(C)C)N(C)C(=O)[C@H](Cc2ccccc2)N(C)C(=O)CNC(=O)[C@H]([C@@H](C)O)NC(=O)[C@H](CC(C)C)N(C)C(=O)[C@H](Cc2ccccc2)NC(=O)[C@@H](C)N(C)C(=O)C[C@@H](C(=O)N2CCCCC2)NC(=O)[C@H](COC(C)(C)C)NC1=O,-4.357200000000006,1.302524447441101
"PEPTIDE1{[meA].L.[meL].[meF].A.[meF].[meI].T.[Sar].[meL].D.[-pip]}$PEPTIDE1,PEPTIDE1,1:R1-11:R3$$$",CC[C@H](C)[C@H]1C(=O)N[C@@H]([C@@H](C)O)C(=O)N(C)CC(=O)N(C)[C@@H](CC(C)C)C(=O)N[C@H](C(=O)N2CCCCC2)CC(=O)N(C)[C@@H](C)C(=O)N[C@@H](CC(C)C)C(=O)N(C)[C@@H](CC(C)C)C(=O)N(C)[C@@H](Cc2ccccc2)C(=O)N[C@@H](C)C(=O)N(C)[C@@H](Cc2ccccc2)C(=O)N1C,-4.359454761904764,1.4130723476409912
"PEPTIDE1{[Me_dA].L.[meL].[meF].A.[meF].[meI].T.[Sar].[meL].D.[-pip]}$PEPTIDE1,PEPTIDE1,1:R1-11:R3$$$",CC[C@H](C)[C@H]1C(=O)N[C@@H]([C@@H](C)O)C(=O)N(C)CC(=O)N(C)[C@@H](CC(C)C)C(=O)N[C@H](C(=O)N2CCCCC2)CC(=O)N(C)[C@H](C)C(=O)N[C@@H](CC(C)C)C(=O)N(C)[C@@H](CC(C)C)C(=O)N(C)[C@@H](Cc2ccccc2)C(=O)N[C@@H](C)C(=O)N(C)[C@@H](Cc2ccccc2)C(=O)N1C,-4.359454761904764,1.4130723476409912
"PEPTIDE1{[dV].[meF].[meL].I.[meA].[meF].T.[meA].[meL].D.[-pip]}$PEPTIDE1,PEPTIDE1,1:R1-10:R3$$$",CC[C@H](C)[C@@H]1NC(=O)[C@H](CC(C)C)N(C)C(=O)[C@H](Cc2ccccc2)N(C)C(=O)[C@@H](C(C)C)NC(=O)C[C@@H](C(=O)N2CCCCC2)NC(=O)[C@H](CC(C)C)N(C)C(=O)[C@H](C)N(C)C(=O)[C@H]([C@@H](C)O)NC(=O)[C@H](Cc2ccccc2)N(C)C(=O)[C@H](C)N(C)C1=O,-4.369649999999997,1.5507198572158811
"PEPTIDE1{[Me_dA].[meL].L.[meV].T.[meA].I.[meF].A.F.[Mono7]}$PEPTIDE1,PEPTIDE1,1:R1-11:R2$$$",CC[C@H](C)[C@@H]1NC(=O)[C@H](C)N(C)C(=O)[C@H]([C@@H](C)O)NC(=O)[C@H](C(C)C)N(C)C(=O)[C@H](CC(C)C)NC(=O)[C@H](CC(C)C)N(C)C(=O)[C@@H](C)N(C)C(=O)C[C@H](C)NC(=O)[C@H](Cc2ccccc2)NC(=O)[C@H](C)NC(=O)[C@H](Cc2ccccc2)N(C)C1=O,-4.3716999999999935,1.624683856964111
"PEPTIDE1{[meA].T.[meA].L.[meF].[meF].L.[meL].D.[-pip]}$PEPTIDE1,PEPTIDE1,1:R1-9:R3$$$",CC(C)C[C@@H]1NC(=O)[C@H](Cc2ccccc2)N(C)C(=O)[C@H](Cc2ccccc2)N(C)C(=O)[C@H](CC(C)C)NC(=O)[C@H](C)N(C)C(=O)[C@H]([C@@H](C)O)NC(=O)[C@H](C)N(C)C(=O)C[C@@H](C(=O)N2CCCCC2)NC(=O)[C@H](CC(C)C)N(C)C1=O,-4.373699999999997,1.3016752004623413
"PEPTIDE1{[Me_Bal].[meF].L.[meF].[meL].T.[meA].[meL].D.[-pip]}$PEPTIDE1,PEPTIDE1,1:R1-9:R3$$$",CC(C)C[C@@H]1NC(=O)[C@H](Cc2ccccc2)N(C)C(=O)CCN(C)C(=O)C[C@@H](C(=O)N2CCCCC2)NC(=O)[C@H](CC(C)C)N(C)C(=O)[C@H](C)N(C)C(=O)[C@H]([C@@H](C)O)NC(=O)[C@H](CC(C)C)N(C)C(=O)[C@H](Cc2ccccc2)N(C)C1=O,-4.373700000000004,1.611347198486328
"PEPTIDE1{[Me_dA].[Ser(tBu)].[meL].T.[meF].[meL].G.[meV].F.D.[-pip]}$PEPTIDE1,PEPTIDE1,1:R1-10:R3$$$",CC(C)C[C@H]1C(=O)N[C@@H]([C@@H](C)O)C(=O)N(C)[C@@H](Cc2ccccc2)C(=O)N(C)[C@@H](CC(C)C)C(=O)NCC(=O)N(C)[C@@H](C(C)C)C(=O)N[C@@H](Cc2ccccc2)C(=O)N[C@H](C(=O)N2CCCCC2)CC(=O)N(C)[C@H](C)C(=O)N[C@@H](COC(C)(C)C)C(=O)N1C,-4.376100000000008,1.1636664867401123
"PEPTIDE1{[meA].[meF].L.[meL].T.[Sar].[meI].[Ser(tBu)].[meF].[meV].[Mono7]}$PEPTIDE1,PEPTIDE1,1:R1-11:R2$$$",CC[C@H](C)[C@H]1C(=O)N[C@@H](COC(C)(C)C)C(=O)N(C)[C@@H](Cc2ccccc2)C(=O)N(C)[C@@H](C(C)C)C(=O)N[C@@H](C)CC(=O)N(C)[C@@H](C)C(=O)N(C)[C@@H](Cc2ccccc2)C(=O)N[C@@H](CC(C)C)C(=O)N(C)[C@@H](CC(C)C)C(=O)N[C@@H]([C@@H](C)O)C(=O)N(C)CC(=O)N1C,-4.3824499999999995,1.2495132684707642
"PEPTIDE1{[Me_Bal].[meF].[meL].T.[Sar].[meL].[Ser(tBu)].[meI].D.[-pip]}$PEPTIDE1,PEPTIDE1,1:R1-9:R3$$$",CC[C@H](C)[C@H]1C(=O)N[C@H](C(=O)N2CCCCC2)CC(=O)N(C)CCC(=O)N(C)[C@@H](Cc2ccccc2)C(=O)N(C)[C@@H](CC(C)C)C(=O)N[C@@H]([C@@H](C)O)C(=O)N(C)CC(=O)N(C)[C@@H](CC(C)C)C(=O)N[C@@H](COC(C)(C)C)C(=O)N1C,-4.384499999999999,1.0668251514434814
"PEPTIDE1{[dV].[Ser(tBu)].[meL].T.[meF].G.[meL].[meV].F.D.[-pip]}$PEPTIDE1,PEPTIDE1,1:R1-10:R3$$$",CC(C)C[C@H]1C(=O)N(C)[C@@H](C(C)C)C(=O)N[C@@H](Cc2ccccc2)C(=O)N[C@H](C(=O)N2CCCCC2)CC(=O)N[C@H](C(C)C)C(=O)N[C@@H](COC(C)(C)C)C(=O)N(C)[C@@H](CC(C)C)C(=O)N[C@@H]([C@@H](C)O)C(=O)N(C)[C@@H](Cc2ccccc2)C(=O)NCC(=O)N1C,-4.387600000000007,1.351715922355652
"PEPTIDE1{A.L.[meL].[meF].A.[meL].[meF].[Mono7]}$PEPTIDE1,PEPTIDE1,1:R1-8:R2$$$",CC(C)C[C@@H]1NC(=O)[C@H](C)NC(=O)C[C@H](C)NC(=O)[C@H](Cc2ccccc2)N(C)C(=O)[C@H](CC(C)C)N(C)C(=O)[C@H](C)NC(=O)[C@H](Cc2ccccc2)N(C)C(=O)[C@H](CC(C)C)N(C)C1=O,-4.390578731875898,1.6084343194961548
"PEPTIDE1{[meA].[meF].L.[meL].[meL].F.[meL].T.D.[-pip]}$PEPTIDE1,PEPTIDE1,1:R1-9:R3$$$",CC(C)C[C@@H]1NC(=O)[C@H](Cc2ccccc2)N(C)C(=O)[C@H](C)N(C)C(=O)C[C@@H](C(=O)N2CCCCC2)NC(=O)[C@H]([C@@H](C)O)NC(=O)[C@H](CC(C)C)N(C)C(=O)[C@H](Cc2ccccc2)NC(=O)[C@H](CC(C)C)N(C)C(=O)[C@H](CC(C)C)N(C)C1=O,-4.400949999999996,1.785625696182251
"PEPTIDE1{[meL].[Abu].[dA].[meL].[meL].[meL].[meS].[Aoc(2)].[Sar].[meL].[Mono7]}$PEPTIDE1,PEPTIDE1,1:R1-11:R2$$$",CCCCCC[C@@H]1NC(=O)[C@H](CO)N(C)C(=O)[C@H](CC(C)C)N(C)C(=O)[C@H](CC(C)C)N(C)C(=O)[C@H](CC(C)C)N(C)C(=O)[C@@H](C)NC(=O)[C@H](CC)NC(=O)[C@H](CC(C)C)N(C)C(=O)C[C@H](C)NC(=O)[C@H](CC(C)C)N(C)C(=O)CN(C)C1=O,-4.401200000000002,1.4610685110092163
"PEPTIDE1{[Mono6].[meF].T.[Sar].[Ser(tBu)].[meL].[meL].[meI].D.[-pip]}$PEPTIDE1,PEPTIDE1,1:R1-9:R3$$$",CC[C@H](C)[C@H]1C(=O)N[C@H](C(=O)N2CCCCC2)CC(=O)N(C)CCCC(=O)N(C)[C@@H](Cc2ccccc2)C(=O)N[C@@H]([C@@H](C)O)C(=O)N(C)CC(=O)N[C@@H](COC(C)(C)C)C(=O)N(C)[C@@H](CC(C)C)C(=O)N(C)[C@@H](CC(C)C)C(=O)N1C,-4.4026000000000005,1.5219488143920898
"PEPTIDE1{[meF].[Sar].[meL].T.[meA].[meL].[meI].[Ser(tBu)].[Mono10].[-pip]}$PEPTIDE1,PEPTIDE1,1:R1-9:R3$$$",C=C1CCC(=O)N(C)[C@@H](Cc2ccccc2)C(=O)N(C)CC(=O)N(C)[C@@H](CC(C)C)C(=O)N[C@@H]([C@@H](C)O)C(=O)N(C)[C@@H](C)C(=O)N(C)[C@@H](CC(C)C)C(=O)N(C)[C@@H]([C@@H](C)CC)C(=O)N[C@@H](COC(C)(C)C)C(=O)N[C@H](C(=O)N2CCCCC2)Cc2cccc1c2,-4.40399264150943,1.6703128814697266
"PEPTIDE1{[Me_dA].F.[meL].F.L.L.T.G.[meF].[Mono7]}$PEPTIDE1,PEPTIDE1,1:R1-10:R2$$$",CC(C)C[C@@H]1NC(=O)[C@H](Cc2ccccc2)NC(=O)[C@H](CC(C)C)N(C)C(=O)[C@H](Cc2ccccc2)NC(=O)[C@@H](C)N(C)C(=O)C[C@H](C)NC(=O)[C@H](Cc2ccccc2)N(C)C(=O)CNC(=O)[C@H]([C@@H](C)O)NC(=O)[C@H](CC(C)C)NC1=O,-4.404399999999996,1.1792495250701904
"PEPTIDE1{[Sar].T.[meA].[meF].G.[meF].[meL].[meL].[meL].D.[-pip]}$PEPTIDE1,PEPTIDE1,1:R1-10:R3$$$",CC(C)C[C@H]1C(=O)N[C@H](C(=O)N2CCCCC2)CC(=O)N(C)CC(=O)N[C@@H]([C@@H](C)O)C(=O)N(C)[C@@H](C)C(=O)N(C)[C@@H](Cc2ccccc2)C(=O)NCC(=O)N(C)[C@@H](Cc2ccccc2)C(=O)N(C)[C@@H](CC(C)C)C(=O)N(C)[C@@H](CC(C)C)C(=O)N1C,-4.406499999999997,1.6001330614089966
"PEPTIDE1{L.P.T.[Sar].F.[meV].[meA].L.[meL].[Mono10].[-pip]}$PEPTIDE1,PEPTIDE1,1:R1-10:R3$$$",C=C1CCC(=O)N[C@@H](CC(C)C)C(=O)N2CCC[C@H]2C(=O)N[C@@H]([C@@H](C)O)C(=O)N(C)CC(=O)N[C@@H](Cc2ccccc2)C(=O)N(C)[C@@H](C(C)C)C(=O)N(C)[C@@H](C)C(=O)N[C@@H](CC(C)C)C(=O)N(C)[C@@H](CC(C)C)C(=O)N[C@H](C(=O)N2CCCCC2)Cc2cccc1c2,-4.412275000000005,1.4408234357833862
"PEPTIDE1{[meA].[meL].F.[meL].T.A.[meF].D.[-pip]}$PEPTIDE1,PEPTIDE1,1:R1-8:R3$$$",CC(C)C[C@H]1C(=O)N[C@@H]([C@@H](C)O)C(=O)N[C@@H](C)C(=O)N(C)[C@@H](Cc2ccccc2)C(=O)N[C@H](C(=O)N2CCCCC2)CC(=O)N(C)[C@@H](C)C(=O)N(C)[C@@H](CC(C)C)C(=O)N[C@@H](Cc2ccccc2)C(=O)N1C,-4.413100000000003,1.8147945404052737
"PEPTIDE1{[meA].[Ser(tBu)].[meL].T.G.[meF].L.[meL].F.D.[-pip]}$PEPTIDE1,PEPTIDE1,1:R1-10:R3$$$",CC(C)C[C@@H]1NC(=O)[C@H](Cc2ccccc2)N(C)C(=O)CNC(=O)[C@H]([C@@H](C)O)NC(=O)[C@H](CC(C)C)N(C)C(=O)[C@H](COC(C)(C)C)NC(=O)[C@H](C)N(C)C(=O)C[C@@H](C(=O)N2CCCCC2)NC(=O)[C@H](Cc2ccccc2)NC(=O)[C@H](CC(C)C)N(C)C1=O,-4.415200000000004,1.3918966054916382
"PEPTIDE1{[meA].[meF].[meL].T.[Sar].[meL].[Ser(tBu)].[meL].[Mono12].[-pip]}$PEPTIDE1,PEPTIDE1,1:R1-9:R3$$$",CC(C)C[C@H]1C(=O)N[C@@H](COC(C)(C)C)C(=O)N(C)[C@@H](CC(C)C)C(=O)N[C@H](C(=O)N2CCCCC2)Cc2cccc(c2)CCCCC(=O)N(C)[C@@H](C)C(=O)N(C)[C@@H](Cc2ccccc2)C(=O)N(C)[C@@H](CC(C)C)C(=O)N[C@@H]([C@@H](C)O)C(=O)N(C)CC(=O)N1C,-4.416149999999997,1.3398991823196411
"PEPTIDE1{[meF].[Sar].[meL].T.[meA].[meL].[meI].[Ser(tBu)].[Mono9].[-pip]}$PEPTIDE1,PEPTIDE1,1:R1-9:R3$$$",C=C1CCC(=O)N(C)[C@@H](Cc2ccccc2)C(=O)N(C)CC(=O)N(C)[C@@H](CC(C)C)C(=O)N[C@@H]([C@@H](C)O)C(=O)N(C)[C@@H](C)C(=O)N(C)[C@@H](CC(C)C)C(=O)N(C)[C@@H]([C@@H](C)CC)C(=O)N[C@@H](COC(C)(C)C)C(=O)N[C@H](C(=O)N2CCCCC2)Cc2ccc1cc2,-4.418622641509429,1.652766466140747
"PEPTIDE1{[Me_dA].[meL].[meF].L.[meF].T.[meF].[meL].[Mono7]}$PEPTIDE1,PEPTIDE1,1:R1-9:R2$$$",CC(C)C[C@@H]1NC(=O)[C@H](Cc2ccccc2)N(C)C(=O)[C@H](CC(C)C)N(C)C(=O)[C@@H](C)N(C)C(=O)C[C@H](C)NC(=O)[C@H](CC(C)C)N(C)C(=O)[C@H](Cc2ccccc2)N(C)C(=O)[C@H]([C@@H](C)O)NC(=O)[C@H](Cc2ccccc2)N(C)C1=O,-4.4239999999999915,1.230165719985962
"PEPTIDE1{[dV].[meF].[meL].T.[Sar].[meL].[Ser(tBu)].[meI].D.[-pip]}$PEPTIDE1,PEPTIDE1,1:R1-9:R3$$$",CC[C@H](C)[C@H]1C(=O)N[C@H](C(=O)N2CCCCC2)CC(=O)N[C@H](C(C)C)C(=O)N(C)[C@@H](Cc2ccccc2)C(=O)N(C)[C@@H](CC(C)C)C(=O)N[C@@H]([C@@H](C)O)C(=O)N(C)CC(=O)N(C)[C@@H](CC(C)C)C(=O)N[C@@H](COC(C)(C)C)C(=O)N1C,-4.426250000000001,1.202542424201965
"PEPTIDE1{[dV].[meF].[meL].I.[meA].[meF].T.[meA].[meL].[Mono7]}$PEPTIDE1,PEPTIDE1,1:R1-10:R2$$$",CC[C@H](C)[C@@H]1NC(=O)[C@H](CC(C)C)N(C)C(=O)[C@H](Cc2ccccc2)N(C)C(=O)[C@@H](C(C)C)NC(=O)C[C@H](C)NC(=O)[C@H](CC(C)C)N(C)C(=O)[C@H](C)N(C)C(=O)[C@H]([C@@H](C)O)NC(=O)[C@H](Cc2ccccc2)N(C)C(=O)[C@H](C)N(C)C1=O,-4.427800000000001,1.3759965896606443
"PEPTIDE1{[Mono6].T.[meA].[meF].[meF].[meL].G.[meI].[meL].D.[-pip]}$PEPTIDE1,PEPTIDE1,1:R1-10:R3$$$",CC[C@H](C)[C@H]1C(=O)N(C)[C@@H](CC(C)C)C(=O)N[C@H](C(=O)N2CCCCC2)CC(=O)N(C)CCCC(=O)N[C@@H]([C@@H](C)O)C(=O)N(C)[C@@H](C)C(=O)N(C)[C@@H](Cc2ccccc2)C(=O)N(C)[C@@H](Cc2ccccc2)C(=O)N(C)[C@@H](CC(C)C)C(=O)NCC(=O)N1C,-4.429800000000003,1.607146978378296
"PEPTIDE1{[Me_dA].[meA].I.[meL].[Me_Phe(3-Cl)].T.[Me_Phe(3-Cl)].[meA].[meL].[Mono7]}$PEPTIDE1,PEPTIDE1,1:R1-10:R2$$$",CC[C@H](C)[C@@H]1NC(=O)[C@H](C)N(C)C(=O)[C@@H](C)N(C)C(=O)C[C@H](C)NC(=O)[C@H](CC(C)C)N(C)C(=O)[C@H](C)N(C)C(=O)[C@H](Cc2cccc(Cl)c2)N(C)C(=O)[C@H]([C@@H](C)O)NC(=O)[C@H](Cc2cccc(Cl)c2)N(C)C(=O)[C@H](CC(C)C)N(C)C1=O,-4.431649999999995,1.6799870729446411
"PEPTIDE1{[meA].[meA].I.[meL].[meF].T.[meA].[meF].[meL].D.[-pip]}$PEPTIDE1,PEPTIDE1,1:R1-10:R3$$$",CC[C@H](C)[C@@H]1NC(=O)[C@H](C)N(C)C(=O)[C@H](C)N(C)C(=O)C[C@@H](C(=O)N2CCCCC2)NC(=O)[C@H](CC(C)C)N(C)C(=O)[C@H](Cc2ccccc2)N(C)C(=O)[C@H](C)N(C)C(=O)[C@H]([C@@H](C)O)NC(=O)[C@H](Cc2ccccc2)N(C)C(=O)[C@H](CC(C)C)N(C)C1=O,-4.433733333333333,1.917003154754639
"PEPTIDE1{[Me_dA].F.[meL].[Ser(tBu)].F.P.T.L.[meI].G.[Mono7]}$PEPTIDE1,PEPTIDE1,1:R1-11:R2$$$",CC[C@H](C)[C@H]1C(=O)NCC(=O)N[C@@H](C)CC(=O)N(C)[C@H](C)C(=O)N[C@@H](Cc2ccccc2)C(=O)N(C)[C@@H](CC(C)C)C(=O)N[C@@H](COC(C)(C)C)C(=O)N[C@@H](Cc2ccccc2)C(=O)N2CCC[C@H]2C(=O)N[C@@H]([C@@H](C)O)C(=O)N[C@@H](CC(C)C)C(=O)N1C,-4.437099999999998,0.936294436454773
"PEPTIDE1{[dV].[meL].[meF].[meA].T.[Sar].[meL].[Ser(tBu)].[meI].D.[-pip]}$PEPTIDE1,PEPTIDE1,1:R1-10:R3$$$",CC[C@H](C)[C@H]1C(=O)N[C@H](C(=O)N2CCCCC2)CC(=O)N[C@H](C(C)C)C(=O)N(C)[C@@H](CC(C)C)C(=O)N(C)[C@@H](Cc2ccccc2)C(=O)N(C)[C@@H](C)C(=O)N[C@@H]([C@@H](C)O)C(=O)N(C)CC(=O)N(C)[C@@H](CC(C)C)C(=O)N[C@@H](COC(C)(C)C)C(=O)N1C,-4.437200000000002,1.1771705150604248
"PEPTIDE1{[dV].[meL].L.[meF].T.[meA].[meF].[meL].D.[-pip]}$PEPTIDE1,PEPTIDE1,1:R1-9:R3$$$",CC(C)C[C@@H]1NC(=O)[C@H](CC(C)C)N(C)C(=O)[C@@H](C(C)C)NC(=O)C[C@@H](C(=O)N2CCCCC2)NC(=O)[C@H](CC(C)C)N(C)C(=O)[C@H](Cc2ccccc2)N(C)C(=O)[C@H](C)N(C)C(=O)[C@H]([C@@H](C)O)NC(=O)[C@H](Cc2ccccc2)N(C)C1=O,-4.440300000000004,1.4833441972732544
"PEPTIDE1{[Me_Bal].[Ser(tBu)].[meL].[meL].T.[meF].G.[meV].F.[Mono7]}$PEPTIDE1,PEPTIDE1,1:R1-10:R2$$$",CC(C)C[C@H]1C(=O)N(C)[C@@H](CC(C)C)C(=O)N[C@@H]([C@@H](C)O)C(=O)N(C)[C@@H](Cc2ccccc2)C(=O)NCC(=O)N(C)[C@@H](C(C)C)C(=O)N[C@@H](Cc2ccccc2)C(=O)N[C@@H](C)CC(=O)N(C)CCC(=O)N[C@@H](COC(C)(C)C)C(=O)N1C,-4.442800000000006,1.358374834060669
"PEPTIDE1{[meA].[meF].L.[meL].[meL].F.[meL].T.[Mono7]}$PEPTIDE1,PEPTIDE1,1:R1-9:R2$$$",CC(C)C[C@@H]1NC(=O)[C@H](Cc2ccccc2)N(C)C(=O)[C@H](C)N(C)C(=O)C[C@H](C)NC(=O)[C@H]([C@@H](C)O)NC(=O)[C@H](CC(C)C)N(C)C(=O)[C@H](Cc2ccccc2)NC(=O)[C@H](CC(C)C)N(C)C(=O)[C@H](CC(C)C)N(C)C1=O,-4.4430249999999925,1.548763632774353
"PEPTIDE1{[meS].[Aoc(2)].[Sar].[meL].V.[meL].[Abu].[dL].[meL].[meL].[Mono7]}$PEPTIDE1,PEPTIDE1,1:R1-11:R2$$$",CCCCCC[C@@H]1NC(=O)[C@H](CO)N(C)C(=O)C[C@H](C)NC(=O)[C@H](CC(C)C)N(C)C(=O)[C@H](CC(C)C)N(C)C(=O)[C@@H](CC(C)C)NC(=O)[C@H](CC)NC(=O)[C@H](CC(C)C)N(C)C(=O)[C@H](C(C)C)NC(=O)[C@H](CC(C)C)N(C)C(=O)CN(C)C1=O,-4.445699999999993,1.2205078601837158
"PEPTIDE1{[meA].[meL].[meF].T.[Sar].[meL].[Ser(tBu)].[meI].D.[-pip]}$PEPTIDE1,PEPTIDE1,1:R1-9:R3$$$",CC[C@H](C)[C@H]1C(=O)N[C@H](C(=O)N2CCCCC2)CC(=O)N(C)[C@@H](C)C(=O)N(C)[C@@H](CC(C)C)C(=O)N(C)[C@@H](Cc2ccccc2)C(=O)N[C@@H]([C@@H](C)O)C(=O)N(C)CC(=O)N(C)[C@@H](CC(C)C)C(=O)N[C@@H](COC(C)(C)C)C(=O)N1C,-4.446300000000003,1.4247777462005615
"PEPTIDE1{[Me_Bal].[meF].G.[meL].F.[Ser(tBu)].[meL].[meL].T.D.[-pip]}$PEPTIDE1,PEPTIDE1,1:R1-10:R3$$$",CC(C)C[C@H]1C(=O)N[C@@H](Cc2ccccc2)C(=O)N[C@@H](COC(C)(C)C)C(=O)N(C)[C@@H](CC(C)C)C(=O)N(C)[C@@H](CC(C)C)C(=O)N[C@@H]([C@@H](C)O)C(=O)N[C@H](C(=O)N2CCCCC2)CC(=O)N(C)CCC(=O)N(C)[C@@H](Cc2ccccc2)C(=O)NCC(=O)N1C,-4.4481,1.4754834175109863
"PEPTIDE1{[Me_Bal].V.[meL].T.[meF].[meL].G.[meV].F.D.[meF].A.[-pip]}$PEPTIDE1,PEPTIDE1,1:R1-10:R3$$$",CC(C)C[C@H]1C(=O)N[C@@H]([C@@H](C)O)C(=O)N(C)[C@@H](Cc2ccccc2)C(=O)N(C)[C@@H](CC(C)C)C(=O)NCC(=O)N(C)[C@@H](C(C)C)C(=O)N[C@@H](Cc2ccccc2)C(=O)N[C@H](C(=O)N(C)[C@@H](Cc2ccccc2)C(=O)N[C@@H](C)C(=O)N2CCCCC2)CC(=O)N(C)CCC(=O)N[C@@H](C(C)C)C(=O)N1C,-4.449524999999995,1.7612515687942505
"PEPTIDE1{[Mono6].[Ser(tBu)].[meL].[meF].T.G.[meL].[meV].F.D.[-pip]}$PEPTIDE1,PEPTIDE1,1:R1-10:R3$$$",CC(C)C[C@H]1C(=O)N(C)[C@@H](C(C)C)C(=O)N[C@@H](Cc2ccccc2)C(=O)N[C@H](C(=O)N2CCCCC2)CC(=O)N(C)CCCC(=O)N[C@@H](COC(C)(C)C)C(=O)N(C)[C@@H](CC(C)C)C(=O)N(C)[C@@H](Cc2ccccc2)C(=O)N[C@@H]([C@@H](C)O)C(=O)NCC(=O)N1C,-4.4501000000000035,1.453109622001648
"PEPTIDE1{[Mono6].A.[meL].I.[meF].[meL].[meV].F.T.D.[-pip]}$PEPTIDE1,PEPTIDE1,1:R1-10:R3$$$",CC[C@H](C)[C@@H]1NC(=O)[C@H](CC(C)C)N(C)C(=O)[C@H](C)NC(=O)CCCN(C)C(=O)C[C@@H](C(=O)N2CCCCC2)NC(=O)[C@H]([C@@H](C)O)NC(=O)[C@H](Cc2ccccc2)NC(=O)[C@H](C(C)C)N(C)C(=O)[C@H](CC(C)C)N(C)C(=O)[C@H](Cc2ccccc2)N(C)C1=O,-4.450899999999995,2.2563986778259277
"PEPTIDE1{[dA].[meA].[meL].I.[meF].[meF].T.[meA].[meL].D.[-pip]}$PEPTIDE1,PEPTIDE1,1:R1-10:R3$$$",CC[C@H](C)[C@@H]1NC(=O)[C@H](CC(C)C)N(C)C(=O)[C@H](C)N(C)C(=O)[C@@H](C)NC(=O)C[C@@H](C(=O)N2CCCCC2)NC(=O)[C@H](CC(C)C)N(C)C(=O)[C@H](C)N(C)C(=O)[C@H]([C@@H](C)O)NC(=O)[C@H](Cc2ccccc2)N(C)C(=O)[C@H](Cc2ccccc2)N(C)C1=O,-4.4515,1.8943017721176147
"PEPTIDE1{[dV].T.[meA].[meI].[meF].G.[meF].[meL].[meL].D.[-pip]}$PEPTIDE1,PEPTIDE1,1:R1-10:R3$$$",CC[C@H](C)[C@H]1C(=O)N(C)[C@@H](Cc2ccccc2)C(=O)NCC(=O)N(C)[C@@H](Cc2ccccc2)C(=O)N(C)[C@@H](CC(C)C)C(=O)N(C)[C@@H](CC(C)C)C(=O)N[C@H](C(=O)N2CCCCC2)CC(=O)N[C@H](C(C)C)C(=O)N[C@@H]([C@@H](C)O)C(=O)N(C)[C@@H](C)C(=O)N1C,-4.4570000000000025,1.3657654523849487
"PEPTIDE1{A.[Me_dL].[Mono90]}$PEPTIDE1,PEPTIDE1,1:R1-3:R2$$$",CC(C)C[C@@H]1C(=O)N(C)CCCCCCN[C@@H](Cc2ccccc2)C(=O)N[C@@H](C)C(=O)N1C,-4.46153333333333,1.9278477430343628
"PEPTIDE1{[dA].[meL].[Mono90]}$PEPTIDE1,PEPTIDE1,1:R1-3:R2$$$",CC(C)C[C@H]1C(=O)N(C)CCCCCCN[C@@H](Cc2ccccc2)C(=O)N[C@H](C)C(=O)N1C,-4.46153333333333,1.9278477430343628
"PEPTIDE1{[Me_dA].[meA].I.[meL].[meF].T.[meF].[meA].[meL].D.[-pip]}$PEPTIDE1,PEPTIDE1,1:R1-10:R3$$$",CC[C@H](C)[C@@H]1NC(=O)[C@H](C)N(C)C(=O)[C@@H](C)N(C)C(=O)C[C@@H](C(=O)N2CCCCC2)NC(=O)[C@H](CC(C)C)N(C)C(=O)[C@H](C)N(C)C(=O)[C@H](Cc2ccccc2)N(C)C(=O)[C@H]([C@@H](C)O)NC(=O)[C@H](Cc2ccccc2)N(C)C(=O)[C@H](CC(C)C)N(C)C1=O,-4.464589743589742,1.863560438156128
"PEPTIDE1{[meA].T.[meA].[meL].F.[meF].[meV].I.[meL].D.[-pip]}$PEPTIDE1,PEPTIDE1,1:R1-10:R3$$$",CC[C@H](C)[C@@H]1NC(=O)[C@H](C(C)C)N(C)C(=O)[C@H](Cc2ccccc2)N(C)C(=O)[C@H](Cc2ccccc2)NC(=O)[C@H](CC(C)C)N(C)C(=O)[C@H](C)N(C)C(=O)[C@H]([C@@H](C)O)NC(=O)[C@H](C)N(C)C(=O)C[C@@H](C(=O)N2CCCCC2)NC(=O)[C@H](CC(C)C)N(C)C1=O,-4.465200000000002,1.8743133544921875
"PEPTIDE1{[Me_Bal].V.[meL].[meF].G.[meF].[meA].T.D.[meF].[meF].A.[-pip]}$PEPTIDE1,PEPTIDE1,1:R1-9:R3$$$",CC(C)C[C@H]1C(=O)N(C)[C@@H](Cc2ccccc2)C(=O)NCC(=O)N(C)[C@@H](Cc2ccccc2)C(=O)N(C)[C@@H](C)C(=O)N[C@@H]([C@@H](C)O)C(=O)N[C@H](C(=O)N(C)[C@@H](Cc2ccccc2)C(=O)N(C)[C@@H](Cc2ccccc2)C(=O)N[C@@H](C)C(=O)N2CCCCC2)CC(=O)N(C)CCC(=O)N[C@@H](C(C)C)C(=O)N1C,-4.465899999999998,1.8015990257263184
"PEPTIDE1{[Me_Bal].[meL].L.[meF].G.[meL].F.T.[meA].D.[meF].A.[-pip]}$PEPTIDE1,PEPTIDE1,1:R1-10:R3$$$",CC(C)C[C@@H]1NC(=O)[C@H](CC(C)C)N(C)C(=O)CCN(C)C(=O)C[C@@H](C(=O)N(C)[C@@H](Cc2ccccc2)C(=O)N[C@@H](C)C(=O)N2CCCCC2)NC(=O)[C@H](C)N(C)C(=O)[C@H]([C@@H](C)O)NC(=O)[C@H](Cc2ccccc2)NC(=O)[C@H](CC(C)C)N(C)C(=O)CNC(=O)[C@H](Cc2ccccc2)N(C)C1=O,-4.4679999999999955,1.543803095817566
"PEPTIDE1{[dA].T.[meA].[meF].[meL].V.[meF].G.D.[meF].[meF].A.[-pip]}$PEPTIDE1,PEPTIDE1,1:R1-9:R3$$$",CC(C)C[C@H]1C(=O)N[C@@H](C(C)C)C(=O)N(C)[C@@H](Cc2ccccc2)C(=O)NCC(=O)N[C@H](C(=O)N(C)[C@@H](Cc2ccccc2)C(=O)N(C)[C@@H](Cc2ccccc2)C(=O)N[C@@H](C)C(=O)N2CCCCC2)CC(=O)N[C@H](C)C(=O)N[C@@H]([C@@H](C)O)C(=O)N(C)[C@@H](C)C(=O)N(C)[C@@H](Cc2ccccc2)C(=O)N1C,-4.470199999999998,1.922313928604126
"PEPTIDE1{[dA].[meL].[meA].[meA].[meF].[meL].[meF].T.L.D.[-pip]}$PEPTIDE1,PEPTIDE1,1:R1-10:R3$$$",CC(C)C[C@@H]1NC(=O)[C@H]([C@@H](C)O)NC(=O)[C@H](Cc2ccccc2)N(C)C(=O)[C@H](CC(C)C)N(C)C(=O)[C@H](Cc2ccccc2)N(C)C(=O)[C@H](C)N(C)C(=O)[C@H](C)N(C)C(=O)[C@H](CC(C)C)N(C)C(=O)[C@@H](C)NC(=O)C[C@@H](C(=O)N2CCCCC2)NC1=O,-4.471799999999999,1.671852707862854
"PEPTIDE1{[Me_Bal].[meL].F.[meF].[meA].[meL].T.L.[meL].D.[meF].A.[-pip]}$PEPTIDE1,PEPTIDE1,1:R1-10:R3$$$",CC(C)C[C@@H]1NC(=O)[C@H]([C@@H](C)O)NC(=O)[C@H](CC(C)C)N(C)C(=O)[C@H](C)N(C)C(=O)[C@H](Cc2ccccc2)N(C)C(=O)[C@H](Cc2ccccc2)NC(=O)[C@H](CC(C)C)N(C)C(=O)CCN(C)C(=O)C[C@@H](C(=O)N(C)[C@@H](Cc2ccccc2)C(=O)N[C@@H](C)C(=O)N2CCCCC2)NC(=O)[C@H](CC(C)C)N(C)C1=O,-4.472161290322577,1.4855327606201172
"PEPTIDE1{[Me_Bal].T.[meA].F.[meL].[meF].I.[meV].[meL].D.[-pip]}$PEPTIDE1,PEPTIDE1,1:R1-10:R3$$$",CC[C@H](C)[C@@H]1NC(=O)[C@H](Cc2ccccc2)N(C)C(=O)[C@H](CC(C)C)N(C)C(=O)[C@H](Cc2ccccc2)NC(=O)[C@H](C)N(C)C(=O)[C@H]([C@@H](C)O)NC(=O)CCN(C)C(=O)C[C@@H](C(=O)N2CCCCC2)NC(=O)[C@H](CC(C)C)N(C)C(=O)[C@H](C(C)C)N(C)C1=O,-4.472300000000003,2.083706855773926
"PEPTIDE1{[meA].[meF].L.[meL].T.[Sar].[meI].[Ser(tBu)].[meV].[Mono7]}$PEPTIDE1,PEPTIDE1,1:R1-10:R2$$$",CC[C@H](C)[C@H]1C(=O)N[C@@H](COC(C)(C)C)C(=O)N(C)[C@@H](C(C)C)C(=O)N[C@@H](C)CC(=O)N(C)[C@@H](C)C(=O)N(C)[C@@H](Cc2ccccc2)C(=O)N[C@@H](CC(C)C)C(=O)N(C)[C@@H](CC(C)C)C(=O)N[C@@H]([C@@H](C)O)C(=O)N(C)CC(=O)N1C,-4.473376470588237,1.30407977104187
"PEPTIDE1{[Me_Bal].L.[meL].[meI].A.[meF].T.[Sar].[meF].[meL].D.[-pip]}$PEPTIDE1,PEPTIDE1,1:R1-11:R3$$$",CC[C@H](C)[C@H]1C(=O)N[C@@H](C)C(=O)N(C)[C@@H](Cc2ccccc2)C(=O)N[C@@H]([C@@H](C)O)C(=O)N(C)CC(=O)N(C)[C@@H](Cc2ccccc2)C(=O)N(C)[C@@H](CC(C)C)C(=O)N[C@H](C(=O)N2CCCCC2)CC(=O)N(C)CCC(=O)N[C@@H](CC(C)C)C(=O)N(C)[C@@H](CC(C)C)C(=O)N1C,-4.474600000000004,1.400957703590393
"PEPTIDE1{[Me_Bal].L.[meA].T.F.L.[meL].F.[meL].I.D.[-pip]}$PEPTIDE1,PEPTIDE1,1:R1-11:R3$$$",CC[C@H](C)[C@@H]1NC(=O)[C@H](CC(C)C)N(C)C(=O)[C@H](Cc2ccccc2)NC(=O)[C@H](CC(C)C)N(C)C(=O)[C@H](CC(C)C)NC(=O)[C@H](Cc2ccccc2)NC(=O)[C@H]([C@@H](C)O)NC(=O)[C@H](C)N(C)C(=O)[C@H](CC(C)C)NC(=O)CCN(C)C(=O)C[C@@H](C(=O)N2CCCCC2)NC1=O,-4.474630769230775,1.7939658164978027
"PEPTIDE1{[meA].[meF].[meL].T.L.[meL].[Ser(tBu)].D.[-pip]}$PEPTIDE1,PEPTIDE1,1:R1-8:R3$$$",CC(C)C[C@@H]1NC(=O)[C@H]([C@@H](C)O)NC(=O)[C@H](CC(C)C)N(C)C(=O)[C@H](Cc2ccccc2)N(C)C(=O)[C@H](C)N(C)C(=O)C[C@@H](C(=O)N2CCCCC2)NC(=O)[C@H](COC(C)(C)C)NC(=O)[C@H](CC(C)C)N(C)C1=O,-4.475000000000003,1.523127198219299
"PEPTIDE1{[Me_Bal].[Ser(tBu)].[meL].[meL].T.[meF].G.[meV].F.D.[-pip]}$PEPTIDE1,PEPTIDE1,1:R1-10:R3$$$",CC(C)C[C@H]1C(=O)N(C)[C@@H](CC(C)C)C(=O)N[C@@H]([C@@H](C)O)C(=O)N(C)[C@@H](Cc2ccccc2)C(=O)NCC(=O)N(C)[C@@H](C(C)C)C(=O)N[C@@H](Cc2ccccc2)C(=O)N[C@H](C(=O)N2CCCCC2)CC(=O)N(C)CCC(=O)N[C@@H](COC(C)(C)C)C(=O)N1C,-4.475149999999999,1.5792630910873413
"PEPTIDE1{[Me_dA].F.[meL].F.L.L.T.G.[meF].D.[-pip]}$PEPTIDE1,PEPTIDE1,1:R1-10:R3$$$",CC(C)C[C@@H]1NC(=O)[C@H](Cc2ccccc2)NC(=O)[C@H](CC(C)C)N(C)C(=O)[C@H](Cc2ccccc2)NC(=O)[C@@H](C)N(C)C(=O)C[C@@H](C(=O)N2CCCCC2)NC(=O)[C@H](Cc2ccccc2)N(C)C(=O)CNC(=O)[C@H]([C@@H](C)O)NC(=O)[C@H](CC(C)C)NC1=O,-4.4768500000000016,1.4238046407699585
"PEPTIDE1{[Me_dA].[meV].T.[Sar].I.[meA].[meL].[meF].L.D.[-pip]}$PEPTIDE1,PEPTIDE1,1:R1-10:R3$$$",CC[C@H](C)[C@@H]1NC(=O)CN(C)C(=O)[C@H]([C@@H](C)O)NC(=O)[C@H](C(C)C)N(C)C(=O)[C@@H](C)N(C)C(=O)C[C@@H](C(=O)N2CCCCC2)NC(=O)[C@H](CC(C)C)NC(=O)[C@H](Cc2ccccc2)N(C)C(=O)[C@H](CC(C)C)N(C)C(=O)[C@H](C)N(C)C1=O,-4.476900000000006,1.6540579795837402
"PEPTIDE1{[dA].F.[meL].L.[meI].T.F.P.G.[meL].D.[-pip]}$PEPTIDE1,PEPTIDE1,1:R1-11:R3$$$",CC[C@H](C)[C@H]1C(=O)N[C@@H]([C@@H](C)O)C(=O)N[C@@H](Cc2ccccc2)C(=O)N2CCC[C@H]2C(=O)NCC(=O)N(C)[C@@H](CC(C)C)C(=O)N[C@H](C(=O)N2CCCCC2)CC(=O)N[C@H](C)C(=O)N[C@@H](Cc2ccccc2)C(=O)N(C)[C@@H](CC(C)C)C(=O)N[C@@H](CC(C)C)C(=O)N1C,-4.477000000000003,1.6440644264221191
"PEPTIDE1{[Me_dA].T.[meA].F.[meL].[meF].I.[meV].[meL].D.[-pip]}$PEPTIDE1,PEPTIDE1,1:R1-10:R3$$$",CC[C@H](C)[C@@H]1NC(=O)[C@H](Cc2ccccc2)N(C)C(=O)[C@H](CC(C)C)N(C)C(=O)[C@H](Cc2ccccc2)NC(=O)[C@H](C)N(C)C(=O)[C@H]([C@@H](C)O)NC(=O)[C@@H](C)N(C)C(=O)C[C@@H](C(=O)N2CCCCC2)NC(=O)[C@H](CC(C)C)N(C)C(=O)[C@H](C(C)C)N(C)C1=O,-4.479100000000003,1.650000810623169
"PEPTIDE1{[Me_dA].F.[meL].I.[meL].G.[meL].P.T.F.D.[-pip]}$PEPTIDE1,PEPTIDE1,1:R1-11:R3$$$",CC[C@H](C)[C@@H]1NC(=O)[C@H](CC(C)C)N(C)C(=O)[C@H](Cc2ccccc2)NC(=O)[C@@H](C)N(C)C(=O)C[C@@H](C(=O)N2CCCCC2)NC(=O)[C@H](Cc2ccccc2)NC(=O)[C@H]([C@@H](C)O)NC(=O)[C@@H]2CCCN2C(=O)[C@H](CC(C)C)N(C)C(=O)CNC(=O)[C@H](CC(C)C)N(C)C1=O,-4.482299999999996,2.340867519378662
"PEPTIDE1{[dV].L.[meL].F.[meV].[meF].I.[meA].A.T.D.[-pip]}$PEPTIDE1,PEPTIDE1,1:R1-11:R3$$$",CC[C@H](C)[C@@H]1NC(=O)[C@H](Cc2ccccc2)N(C)C(=O)[C@H](C(C)C)N(C)C(=O)[C@H](Cc2ccccc2)NC(=O)[C@H](CC(C)C)N(C)C(=O)[C@H](CC(C)C)NC(=O)[C@@H](C(C)C)NC(=O)C[C@@H](C(=O)N2CCCCC2)NC(=O)[C@H]([C@@H](C)O)NC(=O)[C@H](C)NC(=O)[C@H](C)N(C)C1=O,-4.483962267080751,1.678200364112854
"PEPTIDE1{[Mono6].A.[meL].[meL].I.[meF].T.[Sar].[meF].[meL].D.[-pip]}$PEPTIDE1,PEPTIDE1,1:R1-11:R3$$$",CC[C@H](C)[C@@H]1NC(=O)[C@H](CC(C)C)N(C)C(=O)[C@H](CC(C)C)N(C)C(=O)[C@H](C)NC(=O)CCCN(C)C(=O)C[C@@H](C(=O)N2CCCCC2)NC(=O)[C@H](CC(C)C)N(C)C(=O)[C@H](Cc2ccccc2)N(C)C(=O)CN(C)C(=O)[C@H]([C@@H](C)O)NC(=O)[C@H](Cc2ccccc2)N(C)C1=O,-4.487904545454543,2.0273497104644775
"PEPTIDE1{V.[meF].[Sar].T.[meL].[meL].[Ser(tBu)].D.[-pip]}$PEPTIDE1,PEPTIDE1,1:R1-8:R3$$$",CC(C)C[C@H]1C(=O)N(C)[C@@H](CC(C)C)C(=O)N[C@@H](COC(C)(C)C)C(=O)N[C@H](C(=O)N2CCCCC2)CC(=O)N[C@@H](C(C)C)C(=O)N(C)[C@@H](Cc2ccccc2)C(=O)N(C)CC(=O)N[C@@H]([C@@H](C)O)C(=O)N1C,-4.488000000000003,1.4470044374465942
"PEPTIDE1{G.[meL].[meI].[meA].[meF].T.[meF].[meL].P.[Mono12].[-pip]}$PEPTIDE1,PEPTIDE1,1:R1-10:R3$$$",CC[C@H](C)[C@H]1C(=O)N(C)[C@@H](C)C(=O)N(C)[C@@H](Cc2ccccc2)C(=O)N[C@@H]([C@@H](C)O)C(=O)N(C)[C@@H](Cc2ccccc2)C(=O)N(C)[C@@H](CC(C)C)C(=O)N2CCC[C@H]2C(=O)N[C@H](C(=O)N2CCCCC2)Cc2cccc(c2)CCCCC(=O)NCC(=O)N(C)[C@@H](CC(C)C)C(=O)N1C,-4.488499999999997,1.816926121711731
"PEPTIDE1{[Me_dA].[meF].[meL].T.[Sar].[Ser(tBu)].[meL].[meI].D.[-pip]}$PEPTIDE1,PEPTIDE1,1:R1-9:R3$$$",CC[C@H](C)[C@H]1C(=O)N[C@H](C(=O)N2CCCCC2)CC(=O)N(C)[C@H](C)C(=O)N(C)[C@@H](Cc2ccccc2)C(=O)N(C)[C@@H](CC(C)C)C(=O)N[C@@H]([C@@H](C)O)C(=O)N(C)CC(=O)N[C@@H](COC(C)(C)C)C(=O)N(C)[C@@H](CC(C)C)C(=O)N1C,-4.48915701754386,1.4021997451782229
"PEPTIDE1{A.[meF].[meL].T.[Sar].[meL].[Ser(tBu)].[meI].D.[-pip]}$PEPTIDE1,PEPTIDE1,1:R1-9:R3$$$",CC[C@H](C)[C@H]1C(=O)N[C@H](C(=O)N2CCCCC2)CC(=O)N[C@@H](C)C(=O)N(C)[C@@H](Cc2ccccc2)C(=O)N(C)[C@@H](CC(C)C)C(=O)N[C@@H]([C@@H](C)O)C(=O)N(C)CC(=O)N(C)[C@@H](CC(C)C)C(=O)N[C@@H](COC(C)(C)C)C(=O)N1C,-4.4910000000000005,1.3649704456329346
"PEPTIDE1{[dA].[meF].[meL].T.[Sar].[meL].[Ser(tBu)].[meI].D.[-pip]}$PEPTIDE1,PEPTIDE1,1:R1-9:R3$$$",CC[C@H](C)[C@H]1C(=O)N[C@H](C(=O)N2CCCCC2)CC(=O)N[C@H](C)C(=O)N(C)[C@@H](Cc2ccccc2)C(=O)N(C)[C@@H](CC(C)C)C(=O)N[C@@H]([C@@H](C)O)C(=O)N(C)CC(=O)N(C)[C@@H](CC(C)C)C(=O)N[C@@H](COC(C)(C)C)C(=O)N1C,-4.4910000000000005,1.3649704456329346
"PEPTIDE1{[Me_dA].L.T.[meA].[meF].L.[meF].[meL].D.[-pip]}$PEPTIDE1,PEPTIDE1,1:R1-9:R3$$$",CC(C)C[C@@H]1NC(=O)[C@@H](C)N(C)C(=O)C[C@@H](C(=O)N2CCCCC2)NC(=O)[C@H](CC(C)C)N(C)C(=O)[C@H](Cc2ccccc2)N(C)C(=O)[C@H](CC(C)C)NC(=O)[C@H](Cc2ccccc2)N(C)C(=O)[C@H](C)N(C)C(=O)[C@H]([C@@H](C)O)NC1=O,-4.491535714285716,1.3443763256072998
"PEPTIDE1{A.F.[meL].T.[meF].G.[meL].[meV].V.D.[meF].A.[-pip]}$PEPTIDE1,PEPTIDE1,1:R1-10:R3$$$",CC(C)C[C@H]1C(=O)N(C)[C@@H](C(C)C)C(=O)N[C@@H](C(C)C)C(=O)N[C@H](C(=O)N(C)[C@@H](Cc2ccccc2)C(=O)N[C@@H](C)C(=O)N2CCCCC2)CC(=O)N[C@@H](C)C(=O)N[C@@H](Cc2ccccc2)C(=O)N(C)[C@@H](CC(C)C)C(=O)N[C@@H]([C@@H](C)O)C(=O)N(C)[C@@H](Cc2ccccc2)C(=O)NCC(=O)N1C,-4.494850000000002,1.917141675949097
"PEPTIDE1{[meL].[meL].[meS].L.[Sar].[meL].V.[meL].L.[dL].[Mono7]}$PEPTIDE1,PEPTIDE1,1:R1-11:R2$$$",CC(C)C[C@@H]1NC(=O)[C@H](CC(C)C)N(C)C(=O)[C@H](C(C)C)NC(=O)[C@H](CC(C)C)N(C)C(=O)CN(C)C(=O)[C@H](CC(C)C)NC(=O)[C@H](CO)N(C)C(=O)[C@H](CC(C)C)N(C)C(=O)[C@H](CC(C)C)N(C)C(=O)C[C@H](C)NC(=O)[C@@H](CC(C)C)NC1=O,-4.4959142857142895,1.1383953094482422
"PEPTIDE1{[Sar].[meL].F.L.G.[meI].[meL].T.P.F.D.[-pip]}$PEPTIDE1,PEPTIDE1,1:R1-11:R3$$$",CC[C@H](C)[C@H]1C(=O)N(C)[C@@H](CC(C)C)C(=O)N[C@@H]([C@@H](C)O)C(=O)N2CCC[C@H]2C(=O)N[C@@H](Cc2ccccc2)C(=O)N[C@H](C(=O)N2CCCCC2)CC(=O)N(C)CC(=O)N(C)[C@@H](CC(C)C)C(=O)N[C@@H](Cc2ccccc2)C(=O)N[C@@H](CC(C)C)C(=O)NCC(=O)N1C,-4.496700000000007,1.827765703201294
"PEPTIDE1{A.T.[meA].[meF].V.[meF].[meL].G.D.[meF].[meF].A.[-pip]}$PEPTIDE1,PEPTIDE1,1:R1-9:R3$$$",CC(C)C[C@H]1C(=O)NCC(=O)N[C@H](C(=O)N(C)[C@@H](Cc2ccccc2)C(=O)N(C)[C@@H](Cc2ccccc2)C(=O)N[C@@H](C)C(=O)N2CCCCC2)CC(=O)N[C@@H](C)C(=O)N[C@@H]([C@@H](C)O)C(=O)N(C)[C@@H](C)C(=O)N(C)[C@@H](Cc2ccccc2)C(=O)N[C@@H](C(C)C)C(=O)N(C)[C@@H](Cc2ccccc2)C(=O)N1C,-4.4971,1.8021233081817627
"PEPTIDE1{[meL].[meF].[meL].T.[Sar].[Ser(tBu)].[meL].D.[-pip]}$PEPTIDE1,PEPTIDE1,1:R1-8:R3$$$",CC(C)C[C@H]1C(=O)N(C)[C@@H](Cc2ccccc2)C(=O)N(C)[C@@H](CC(C)C)C(=O)N[C@@H]([C@@H](C)O)C(=O)N(C)CC(=O)N[C@@H](COC(C)(C)C)C(=O)N(C)[C@@H](CC(C)C)C(=O)N[C@H](C(=O)N2CCCCC2)CC(=O)N1C,-4.4991000000000065,1.4706289768218994
"PEPTIDE1{V.[meF].T.[Sar].[Ser(tBu)].[meL].[meL].D.[-pip]}$PEPTIDE1,PEPTIDE1,1:R1-8:R3$$$",CC(C)C[C@H]1C(=O)N(C)[C@@H](CC(C)C)C(=O)N[C@H](C(=O)N2CCCCC2)CC(=O)N[C@@H](C(C)C)C(=O)N(C)[C@@H](Cc2ccccc2)C(=O)N[C@@H]([C@@H](C)O)C(=O)N(C)CC(=O)N[C@@H](COC(C)(C)C)C(=O)N1C,-4.499699999999997,1.50945246219635
"PEPTIDE1{V.[meF].[meL].T.[meL].[Sar].L.D.[-pip]}$PEPTIDE1,PEPTIDE1,1:R1-8:R3$$$",CC(C)C[C@@H]1NC(=O)CN(C)C(=O)[C@H](CC(C)C)N(C)C(=O)[C@H]([C@@H](C)O)NC(=O)[C@H](CC(C)C)N(C)C(=O)[C@H](Cc2ccccc2)N(C)C(=O)[C@H](C(C)C)NC(=O)C[C@@H](C(=O)N2CCCCC2)NC1=O,-4.501000000000004,1.503151774406433
"PEPTIDE1{[Me_Bal].[Ser(tBu)].[meL].[meL].T.[Me_Phe(3-Cl)].G.[meV].[Phe(4-CF3)].[Mono7]}$PEPTIDE1,PEPTIDE1,1:R1-10:R2$$$",CC(C)C[C@H]1C(=O)N(C)[C@@H](CC(C)C)C(=O)N[C@@H]([C@@H](C)O)C(=O)N(C)[C@@H](Cc2cccc(Cl)c2)C(=O)NCC(=O)N(C)[C@@H](C(C)C)C(=O)N[C@@H](Cc2ccc(C(F)(F)F)cc2)C(=O)N[C@@H](C)CC(=O)N(C)CCC(=O)N[C@@H](COC(C)(C)C)C(=O)N1C,-4.501399999999997,1.4895060062408447
"PEPTIDE1{[Me_Bal].[meL].T.[meA].[meF].A.[meF].L.[meI].[meL].D.[-pip]}$PEPTIDE1,PEPTIDE1,1:R1-11:R3$$$",CC[C@H](C)[C@H]1C(=O)N(C)[C@@H](CC(C)C)C(=O)N[C@H](C(=O)N2CCCCC2)CC(=O)N(C)CCC(=O)N(C)[C@@H](CC(C)C)C(=O)N[C@@H]([C@@H](C)O)C(=O)N(C)[C@@H](C)C(=O)N(C)[C@@H](Cc2ccccc2)C(=O)N[C@@H](C)C(=O)N(C)[C@@H](Cc2ccccc2)C(=O)N[C@@H](CC(C)C)C(=O)N1C,-4.503066666666669,1.7861449718475342
"PEPTIDE1{[Sar].[Sar].T.[meF].[meL].[Ser(tBu)].[meL].[meI].D.[-pip]}$PEPTIDE1,PEPTIDE1,1:R1-9:R3$$$",CC[C@H](C)[C@H]1C(=O)N[C@H](C(=O)N2CCCCC2)CC(=O)N(C)CC(=O)N(C)CC(=O)N[C@@H]([C@@H](C)O)C(=O)N(C)[C@@H](Cc2ccccc2)C(=O)N(C)[C@@H](CC(C)C)C(=O)N[C@@H](COC(C)(C)C)C(=O)N(C)[C@@H](CC(C)C)C(=O)N1C,-4.503107017543857,1.501057267189026
"PEPTIDE1{[meA].[meL].L.[meF].T.[meA].[meF].[meL].D.[-pip]}$PEPTIDE1,PEPTIDE1,1:R1-9:R3$$$",CC(C)C[C@@H]1NC(=O)[C@H](CC(C)C)N(C)C(=O)[C@H](C)N(C)C(=O)C[C@@H](C(=O)N2CCCCC2)NC(=O)[C@H](CC(C)C)N(C)C(=O)[C@H](Cc2ccccc2)N(C)C(=O)[C@H](C)N(C)C(=O)[C@H]([C@@H](C)O)NC(=O)[C@H](Cc2ccccc2)N(C)C1=O,-4.503800000000006,1.4768877029418943
"PEPTIDE1{[Me_Bal].[meF].[meV].V.[meL].T.[meA].[meL].D.[meF].A.[-pip]}$PEPTIDE1,PEPTIDE1,1:R1-9:R3$$$",CC(C)C[C@H]1C(=O)N[C@@H]([C@@H](C)O)C(=O)N(C)[C@@H](C)C(=O)N(C)[C@@H](CC(C)C)C(=O)N[C@H](C(=O)N(C)[C@@H](Cc2ccccc2)C(=O)N[C@@H](C)C(=O)N2CCCCC2)CC(=O)N(C)CCC(=O)N(C)[C@@H](Cc2ccccc2)C(=O)N(C)[C@@H](C(C)C)C(=O)N[C@@H](C(C)C)C(=O)N1C,-4.504100000000003,1.7648791074752808
"PEPTIDE1{L.[meF].[meL].T.[Sar].[meL].[Ser(tBu)].D.[-pip]}$PEPTIDE1,PEPTIDE1,1:R1-8:R3$$$",CC(C)C[C@@H]1NC(=O)C[C@@H](C(=O)N2CCCCC2)NC(=O)[C@H](COC(C)(C)C)NC(=O)[C@H](CC(C)C)N(C)C(=O)CN(C)C(=O)[C@H]([C@@H](C)O)NC(=O)[C@H](CC(C)C)N(C)C(=O)[C@H](Cc2ccccc2)N(C)C1=O,-4.505400000000005,1.0443271398544312
"PEPTIDE1{[meA].[meF].[Ser(tBu)].[meL].L.T.[meL].D.[-pip]}$PEPTIDE1,PEPTIDE1,1:R1-8:R3$$$",CC(C)C[C@@H]1NC(=O)[C@H](CC(C)C)N(C)C(=O)[C@H](COC(C)(C)C)NC(=O)[C@H](Cc2ccccc2)N(C)C(=O)[C@H](C)N(C)C(=O)C[C@@H](C(=O)N2CCCCC2)NC(=O)[C@H](CC(C)C)N(C)C(=O)[C@H]([C@@H](C)O)NC1=O,-4.505999999999997,1.3637595176696775
"PEPTIDE1{[meA].[meF].A.[meL].T.[meI].[meA].[meL].[Ser(tBu)].[meL].[Mono7]}$PEPTIDE1,PEPTIDE1,1:R1-11:R2$$$",CC[C@H](C)[C@H]1C(=O)N(C)[C@@H](C)C(=O)N(C)[C@@H](CC(C)C)C(=O)N[C@@H](COC(C)(C)C)C(=O)N(C)[C@@H](CC(C)C)C(=O)N[C@@H](C)CC(=O)N(C)[C@@H](C)C(=O)N(C)[C@@H](Cc2ccccc2)C(=O)N[C@@H](C)C(=O)N(C)[C@@H](CC(C)C)C(=O)N[C@@H]([C@@H](C)O)C(=O)N1C,-4.506200000000004,1.4190115928649902
"PEPTIDE1{[dV].[meF].L.[meL].T.[meL].F.D.[-pip]}$PEPTIDE1,PEPTIDE1,1:R1-8:R3$$$",CC(C)C[C@@H]1NC(=O)[C@H](Cc2ccccc2)N(C)C(=O)[C@@H](C(C)C)NC(=O)C[C@@H](C(=O)N2CCCCC2)NC(=O)[C@H](Cc2ccccc2)NC(=O)[C@H](CC(C)C)N(C)C(=O)[C@H]([C@@H](C)O)NC(=O)[C@H](CC(C)C)N(C)C1=O,-4.506666666666673,1.679165601730347
"PEPTIDE1{[dV].[meL].I.[meA].[Me_Phe(3-Cl)].T.[meA].[meL].[Mono7]}$PEPTIDE1,PEPTIDE1,1:R1-9:R2$$$",CC[C@H](C)[C@@H]1NC(=O)[C@H](CC(C)C)N(C)C(=O)[C@@H](C(C)C)NC(=O)C[C@H](C)NC(=O)[C@H](CC(C)C)N(C)C(=O)[C@H](C)N(C)C(=O)[C@H]([C@@H](C)O)NC(=O)[C@H](Cc2cccc(Cl)c2)N(C)C(=O)[C@H](C)N(C)C1=O,-4.506799999999998,1.648781180381775
"PEPTIDE1{[dV].[meL].[Sar].[meF].T.[meL].L.D.[-pip]}$PEPTIDE1,PEPTIDE1,1:R1-8:R3$$$",CC(C)C[C@@H]1NC(=O)[C@H](CC(C)C)N(C)C(=O)[C@H]([C@@H](C)O)NC(=O)[C@H](Cc2ccccc2)N(C)C(=O)CN(C)C(=O)[C@H](CC(C)C)N(C)C(=O)[C@@H](C(C)C)NC(=O)C[C@@H](C(=O)N2CCCCC2)NC1=O,-4.5079999999999965,1.5014768838882446
"PEPTIDE1{V.[meF].[Sar].[meL].T.L.[meL].D.[-pip]}$PEPTIDE1,PEPTIDE1,1:R1-8:R3$$$",CC(C)C[C@@H]1NC(=O)[C@H]([C@@H](C)O)NC(=O)[C@H](CC(C)C)N(C)C(=O)CN(C)C(=O)[C@H](Cc2ccccc2)N(C)C(=O)[C@H](C(C)C)NC(=O)C[C@@H](C(=O)N2CCCCC2)NC(=O)[C@H](CC(C)C)N(C)C1=O,-4.508700000000004,1.3837614059448242
"PEPTIDE1{[dA].L.[meL].[meV].F.[meF].I.[meA].A.T.D.[-pip]}$PEPTIDE1,PEPTIDE1,1:R1-11:R3$$$",CC[C@H](C)[C@@H]1NC(=O)[C@H](Cc2ccccc2)N(C)C(=O)[C@H](Cc2ccccc2)NC(=O)[C@H](C(C)C)N(C)C(=O)[C@H](CC(C)C)N(C)C(=O)[C@H](CC(C)C)NC(=O)[C@@H](C)NC(=O)C[C@@H](C(=O)N2CCCCC2)NC(=O)[C@H]([C@@H](C)O)NC(=O)[C@H](C)NC(=O)[C@H](C)N(C)C1=O,-4.509259340659344,1.6653306484222412
"PEPTIDE1{[dA].A.[meI].[meL].F.T.L.[meF].[meV].D.[-pip]}$PEPTIDE1,PEPTIDE1,1:R1-10:R3$$$",CC[C@H](C)[C@H]1C(=O)N(C)[C@@H](CC(C)C)C(=O)N[C@@H](Cc2ccccc2)C(=O)N[C@@H]([C@@H](C)O)C(=O)N[C@@H](CC(C)C)C(=O)N(C)[C@@H](Cc2ccccc2)C(=O)N(C)[C@@H](C(C)C)C(=O)N[C@H](C(=O)N2CCCCC2)CC(=O)N[C@H](C)C(=O)N[C@@H](C)C(=O)N1C,-4.5097000000000005,1.5194162130355835
"PEPTIDE1{[meA].[meL].[meL].T.F.[meA].A.[meV].[meL].I.[Mono7]}$PEPTIDE1,PEPTIDE1,1:R1-11:R2$$$",CC[C@H](C)[C@@H]1NC(=O)[C@H](CC(C)C)N(C)C(=O)[C@H](C(C)C)N(C)C(=O)[C@H](C)NC(=O)[C@H](C)N(C)C(=O)[C@H](Cc2ccccc2)NC(=O)[C@H]([C@@H](C)O)NC(=O)[C@H](CC(C)C)N(C)C(=O)[C@H](CC(C)C)N(C)C(=O)[C@H](C)N(C)C(=O)C[C@H](C)NC1=O,-4.5108,1.6148350238800049
"PEPTIDE1{[dV].[meA].[meL].L.[meF].F.[meI].[Sar].[meV].T.D.[-pip]}$PEPTIDE1,PEPTIDE1,1:R1-11:R3$$$",CC[C@H](C)[C@H]1C(=O)N(C)CC(=O)N(C)[C@@H](C(C)C)C(=O)N[C@@H]([C@@H](C)O)C(=O)N[C@H](C(=O)N2CCCCC2)CC(=O)N[C@H](C(C)C)C(=O)N(C)[C@@H](C)C(=O)N(C)[C@@H](CC(C)C)C(=O)N[C@@H](CC(C)C)C(=O)N(C)[C@@H](Cc2ccccc2)C(=O)N[C@@H](Cc2ccccc2)C(=O)N1C,-4.511166666666666,1.4044886827468872
"PEPTIDE1{[dA].V.[meL].T.[meF].G.[meL].[meV].F.D.[meF].A.[-pip]}$PEPTIDE1,PEPTIDE1,1:R1-10:R3$$$",CC(C)C[C@H]1C(=O)N(C)[C@@H](C(C)C)C(=O)N[C@@H](Cc2ccccc2)C(=O)N[C@H](C(=O)N(C)[C@@H](Cc2ccccc2)C(=O)N[C@@H](C)C(=O)N2CCCCC2)CC(=O)N[C@H](C)C(=O)N[C@@H](C(C)C)C(=O)N(C)[C@@H](CC(C)C)C(=O)N[C@@H]([C@@H](C)O)C(=O)N(C)[C@@H](Cc2ccccc2)C(=O)NCC(=O)N1C,-4.512690000000003,1.9252943992614744
"PEPTIDE1{[Me_dA].[meL].L.[meV].T.[meA].I.[meF].A.F.D.[-pip]}$PEPTIDE1,PEPTIDE1,1:R1-11:R3$$$",CC[C@H](C)[C@@H]1NC(=O)[C@H](C)N(C)C(=O)[C@H]([C@@H](C)O)NC(=O)[C@H](C(C)C)N(C)C(=O)[C@H](CC(C)C)NC(=O)[C@H](CC(C)C)N(C)C(=O)[C@@H](C)N(C)C(=O)C[C@@H](C(=O)N2CCCCC2)NC(=O)[C@H](Cc2ccccc2)NC(=O)[C@H](C)NC(=O)[C@H](Cc2ccccc2)N(C)C1=O,-4.512800000000006,2.0444724559783936
"PEPTIDE1{[dA].L.[meL].[meV].[Hph].[meF].I.[meA].A.T.D.[-pip]}$PEPTIDE1,PEPTIDE1,1:R1-11:R3$$$",CC[C@H](C)[C@@H]1NC(=O)[C@H](Cc2ccccc2)N(C)C(=O)[C@H](CCc2ccccc2)NC(=O)[C@H](C(C)C)N(C)C(=O)[C@H](CC(C)C)N(C)C(=O)[C@H](CC(C)C)NC(=O)[C@@H](C)NC(=O)C[C@@H](C(=O)N2CCCCC2)NC(=O)[C@H]([C@@H](C)O)NC(=O)[C@H](C)NC(=O)[C@H](C)N(C)C1=O,-4.512900000000002,1.7135058641433716
"PEPTIDE1{[Me_dA].T.[meA].[meI].G.[meF].[meF].[meL].[meL].D.[-pip]}$PEPTIDE1,PEPTIDE1,1:R1-10:R3$$$",CC[C@H](C)[C@H]1C(=O)NCC(=O)N(C)[C@@H](Cc2ccccc2)C(=O)N(C)[C@@H](Cc2ccccc2)C(=O)N(C)[C@@H](CC(C)C)C(=O)N(C)[C@@H](CC(C)C)C(=O)N[C@H](C(=O)N2CCCCC2)CC(=O)N(C)[C@H](C)C(=O)N[C@@H]([C@@H](C)O)C(=O)N(C)[C@@H](C)C(=O)N1C,-4.513400000000007,1.4270331859588623
"PEPTIDE1{[Aib].F.[meF].F.L.[Mono2].[meL]}$PEPTIDE1,PEPTIDE1,1:R1-7:R2$$$",CC(C)C[C@@H]1NC(=O)[C@H](Cc2ccccc2)NC(=O)[C@H](Cc2ccccc2)N(C)C(=O)[C@H](Cc2ccccc2)NC(=O)C(C)(C)NC(=O)[C@H](CC(C)C)N(C)C(=O)[C@@H]2[C@@H](C)CCN2C1=O,-4.514894418110492,1.6421531438827517
"PEPTIDE1{[Me_dA].[meF].[meL].T.[meL].[Ser(tBu)].[meL].D.[-pip]}$PEPTIDE1,PEPTIDE1,1:R1-8:R3$$$",CC(C)C[C@H]1C(=O)N[C@H](C(=O)N2CCCCC2)CC(=O)N(C)[C@H](C)C(=O)N(C)[C@@H](Cc2ccccc2)C(=O)N(C)[C@@H](CC(C)C)C(=O)N[C@@H]([C@@H](C)O)C(=O)N(C)[C@@H](CC(C)C)C(=O)N[C@@H](COC(C)(C)C)C(=O)N1C,-4.515000000000004,1.4034790992736816
"PEPTIDE1{[dV].[meA].[meL].[meL].[Sar].[meF].A.[meF].[meL].T.D.[-pip]}$PEPTIDE1,PEPTIDE1,1:R1-11:R3$$$",CC(C)C[C@H]1C(=O)N(C)[C@@H](CC(C)C)C(=O)N(C)CC(=O)N(C)[C@@H](Cc2ccccc2)C(=O)N[C@@H](C)C(=O)N(C)[C@@H](Cc2ccccc2)C(=O)N(C)[C@@H](CC(C)C)C(=O)N[C@@H]([C@@H](C)O)C(=O)N[C@H](C(=O)N2CCCCC2)CC(=O)N[C@H](C(C)C)C(=O)N(C)[C@@H](C)C(=O)N1C,-4.5153,1.7232791185379028
"PEPTIDE1{A.G.[meL].[meI].[meA].[meF].T.[meF].[meL].P.[Mono7]}$PEPTIDE1,PEPTIDE1,1:R1-11:R2$$$",CC[C@H](C)[C@H]1C(=O)N(C)[C@@H](C)C(=O)N(C)[C@@H](Cc2ccccc2)C(=O)N[C@@H]([C@@H](C)O)C(=O)N(C)[C@@H](Cc2ccccc2)C(=O)N(C)[C@@H](CC(C)C)C(=O)N2CCC[C@H]2C(=O)N[C@@H](C)CC(=O)N[C@@H](C)C(=O)NCC(=O)N(C)[C@@H](CC(C)C)C(=O)N1C,-4.518499999999995,1.7920738458633425
"PEPTIDE1{[Sar].A.[meI].L.[meF].[meL].T.F.[meV].D.[-pip]}$PEPTIDE1,PEPTIDE1,1:R1-10:R3$$$",CC[C@H](C)[C@H]1C(=O)N[C@@H](CC(C)C)C(=O)N(C)[C@@H](Cc2ccccc2)C(=O)N(C)[C@@H](CC(C)C)C(=O)N[C@@H]([C@@H](C)O)C(=O)N[C@@H](Cc2ccccc2)C(=O)N(C)[C@@H](C(C)C)C(=O)N[C@H](C(=O)N2CCCCC2)CC(=O)N(C)CC(=O)N[C@@H](C)C(=O)N1C,-4.5186285714285725,1.6920591592788696
"PEPTIDE1{[Mono6].A.[meL].I.[meL].[meV].F.T.[Mono7]}$PEPTIDE1,PEPTIDE1,1:R1-9:R2$$$",CC[C@H](C)[C@@H]1NC(=O)[C@H](CC(C)C)N(C)C(=O)[C@H](C)NC(=O)CCCN(C)C(=O)C[C@H](C)NC(=O)[C@H]([C@@H](C)O)NC(=O)[C@H](Cc2ccccc2)NC(=O)[C@H](C(C)C)N(C)C(=O)[C@H](CC(C)C)N(C)C1=O,-4.518874074074072,1.7817645072937012
"PEPTIDE1{[Me_dA].[meA].F.[meL].V.[meI].G.[meF].T.[meA].L.[Mono7]}$PEPTIDE1,PEPTIDE1,1:R1-12:R2$$$",CC[C@H](C)[C@H]1C(=O)NCC(=O)N(C)[C@@H](Cc2ccccc2)C(=O)N[C@@H]([C@@H](C)O)C(=O)N(C)[C@@H](C)C(=O)N[C@@H](CC(C)C)C(=O)N[C@@H](C)CC(=O)N(C)[C@H](C)C(=O)N(C)[C@@H](C)C(=O)N[C@@H](Cc2ccccc2)C(=O)N(C)[C@@H](CC(C)C)C(=O)N[C@@H](C(C)C)C(=O)N1C,-4.51914,1.3079919815063477
"PEPTIDE1{[meL].[meF].L.[meL].T.[Sar].[meI].[Ser(tBu)].[meV].[Mono7]}$PEPTIDE1,PEPTIDE1,1:R1-10:R2$$$",CC[C@H](C)[C@H]1C(=O)N[C@@H](COC(C)(C)C)C(=O)N(C)[C@@H](C(C)C)C(=O)N[C@@H](C)CC(=O)N(C)[C@@H](CC(C)C)C(=O)N(C)[C@@H](Cc2ccccc2)C(=O)N[C@@H](CC(C)C)C(=O)N(C)[C@@H](CC(C)C)C(=O)N[C@@H]([C@@H](C)O)C(=O)N(C)CC(=O)N1C,-4.5193285714285745,1.1249648332595823
"PEPTIDE1{[Sar].[meL].L.[meL].[Abu].[dL].[meL].[meL].[meL].[meS].[Mono7]}$PEPTIDE1,PEPTIDE1,1:R1-11:R2$$$",CC[C@@H]1NC(=O)[C@H](CC(C)C)N(C)C(=O)[C@H](CC(C)C)NC(=O)[C@H](CC(C)C)N(C)C(=O)CN(C)C(=O)C[C@H](C)NC(=O)[C@H](CO)N(C)C(=O)[C@H](CC(C)C)N(C)C(=O)[C@H](CC(C)C)N(C)C(=O)[C@H](CC(C)C)N(C)C(=O)[C@@H](CC(C)C)NC1=O,-4.519515384615382,1.2823628187179563
"PEPTIDE1{[meA].A.[meF].[meL].F.[meL].T.[meA].D.[-pip]}$PEPTIDE1,PEPTIDE1,1:R1-9:R3$$$",CC(C)C[C@H]1C(=O)N[C@@H]([C@@H](C)O)C(=O)N(C)[C@@H](C)C(=O)N[C@H](C(=O)N2CCCCC2)CC(=O)N(C)[C@@H](C)C(=O)N[C@@H](C)C(=O)N(C)[C@@H](Cc2ccccc2)C(=O)N(C)[C@@H](CC(C)C)C(=O)N[C@@H](Cc2ccccc2)C(=O)N1C,-4.520500000000004,1.7758564949035645
"PEPTIDE1{A.L.[meI].[meA].F.T.L.[meF].[meV].D.[-pip]}$PEPTIDE1,PEPTIDE1,1:R1-10:R3$$$",CC[C@H](C)[C@H]1C(=O)N(C)[C@@H](C)C(=O)N[C@@H](Cc2ccccc2)C(=O)N[C@@H]([C@@H](C)O)C(=O)N[C@@H](CC(C)C)C(=O)N(C)[C@@H](Cc2ccccc2)C(=O)N(C)[C@@H](C(C)C)C(=O)N[C@H](C(=O)N2CCCCC2)CC(=O)N[C@@H](C)C(=O)N[C@@H](CC(C)C)C(=O)N1C,-4.5211000000000015,1.3568257093429563
"PEPTIDE1{L.[dL].[meL].[meL].[meL].[meS].L.[Sar].[meL].V.[Mono7]}$PEPTIDE1,PEPTIDE1,1:R1-11:R2$$$",CC(C)C[C@@H]1NC(=O)C[C@H](C)NC(=O)[C@H](C(C)C)NC(=O)[C@H](CC(C)C)N(C)C(=O)CN(C)C(=O)[C@H](CC(C)C)NC(=O)[C@H](CO)N(C)C(=O)[C@H](CC(C)C)N(C)C(=O)[C@H](CC(C)C)N(C)C(=O)[C@H](CC(C)C)N(C)C(=O)[C@@H](CC(C)C)NC1=O,-4.521560000000005,1.5015802383422852
"PEPTIDE1{[meA].[meL].[meF].T.[Sar].[meL].I.[meL].D.[-pip]}$PEPTIDE1,PEPTIDE1,1:R1-9:R3$$$",CC[C@H](C)[C@@H]1NC(=O)[C@H](CC(C)C)N(C)C(=O)CN(C)C(=O)[C@H]([C@@H](C)O)NC(=O)[C@H](Cc2ccccc2)N(C)C(=O)[C@H](CC(C)C)N(C)C(=O)[C@H](C)N(C)C(=O)C[C@@H](C(=O)N2CCCCC2)NC(=O)[C@H](CC(C)C)N(C)C1=O,-4.5218,1.941801905632019
"PEPTIDE1{[meA].[meF].[Aoc(2)].[meL].T.[Sar].[meA].[Ser(tBu)].[meF].[meV].[Mono7]}$PEPTIDE1,PEPTIDE1,1:R1-11:R2$$$",CCCCCC[C@@H]1NC(=O)[C@H](Cc2ccccc2)N(C)C(=O)[C@H](C)N(C)C(=O)C[C@H](C)NC(=O)[C@H](C(C)C)N(C)C(=O)[C@H](Cc2ccccc2)N(C)C(=O)[C@H](COC(C)(C)C)NC(=O)[C@H](C)N(C)C(=O)CN(C)C(=O)[C@H]([C@@H](C)O)NC(=O)[C@H](CC(C)C)N(C)C1=O,-4.522200000000003,1.0920190811157229
"PEPTIDE1{[Me_dA].L.[meF].[meL].F.[meL].[meL].T.D.[-pip]}$PEPTIDE1,PEPTIDE1,1:R1-9:R3$$$",CC(C)C[C@@H]1NC(=O)[C@@H](C)N(C)C(=O)C[C@@H](C(=O)N2CCCCC2)NC(=O)[C@H]([C@@H](C)O)NC(=O)[C@H](CC(C)C)N(C)C(=O)[C@H](CC(C)C)N(C)C(=O)[C@H](Cc2ccccc2)NC(=O)[C@H](CC(C)C)N(C)C(=O)[C@H](Cc2ccccc2)N(C)C1=O,-4.524299999999998,1.592288851737976
"PEPTIDE1{[Mono6].[Ser(tBu)].[Sar].[meL].[meF].T.[meA].[meL].[meL].D.[-pip]}$PEPTIDE1,PEPTIDE1,1:R1-10:R3$$$",CC(C)C[C@H]1C(=O)N(C)[C@@H](Cc2ccccc2)C(=O)N[C@@H]([C@@H](C)O)C(=O)N(C)[C@@H](C)C(=O)N(C)[C@@H](CC(C)C)C(=O)N(C)[C@@H](CC(C)C)C(=O)N[C@H](C(=O)N2CCCCC2)CC(=O)N(C)CCCC(=O)N[C@@H](COC(C)(C)C)C(=O)N(C)CC(=O)N1C,-4.524600000000004,1.6293604373931885
"PEPTIDE1{[meA].[meF].[Sar].[meL].T.[meA].[meL].[meI].[Ser(tBu)].D.[-pip]}$PEPTIDE1,PEPTIDE1,1:R1-10:R3$$$",CC[C@H](C)[C@H]1C(=O)N[C@@H](COC(C)(C)C)C(=O)N[C@H](C(=O)N2CCCCC2)CC(=O)N(C)[C@@H](C)C(=O)N(C)[C@@H](Cc2ccccc2)C(=O)N(C)CC(=O)N(C)[C@@H](CC(C)C)C(=O)N[C@@H]([C@@H](C)O)C(=O)N(C)[C@@H](C)C(=O)N(C)[C@@H](CC(C)C)C(=O)N1C,-4.527000000000002,1.5427871942520142
"PEPTIDE1{[meL].[meS].V.[Sar].[meL].V.[meL].L.[dA].[meL].[Mono7]}$PEPTIDE1,PEPTIDE1,1:R1-11:R2$$$",CC(C)C[C@@H]1NC(=O)[C@H](CC(C)C)N(C)C(=O)[C@H](C(C)C)NC(=O)[C@H](CC(C)C)N(C)C(=O)CN(C)C(=O)[C@H](C(C)C)NC(=O)[C@H](CO)N(C)C(=O)[C@H](CC(C)C)N(C)C(=O)C[C@H](C)NC(=O)[C@H](CC(C)C)N(C)C(=O)[C@@H](C)NC1=O,-4.527225000000001,1.0900694131851196
"PEPTIDE1{[Sar].[meL].L.[meV].T.[meA].I.[meF].F.A.D.[-pip]}$PEPTIDE1,PEPTIDE1,1:R1-11:R3$$$",CC[C@H](C)[C@@H]1NC(=O)[C@H](C)N(C)C(=O)[C@H]([C@@H](C)O)NC(=O)[C@H](C(C)C)N(C)C(=O)[C@H](CC(C)C)NC(=O)[C@H](CC(C)C)N(C)C(=O)CN(C)C(=O)C[C@@H](C(=O)N2CCCCC2)NC(=O)[C@H](C)NC(=O)[C@H](Cc2ccccc2)NC(=O)[C@H](Cc2ccccc2)N(C)C1=O,-4.527399999999998,2.0110599994659424
"PEPTIDE1{[Me_Bal].[meL].T.[Phe(4-CF3)].[Sar].A.[meL].I.[meL].[meL].[Mono7]}$PEPTIDE1,PEPTIDE1,1:R1-11:R2$$$",CC[C@H](C)[C@@H]1NC(=O)[C@H](CC(C)C)N(C)C(=O)[C@H](C)NC(=O)CN(C)C(=O)[C@H](Cc2ccc(C(F)(F)F)cc2)NC(=O)[C@H]([C@@H](C)O)NC(=O)[C@H](CC(C)C)N(C)C(=O)CCN(C)C(=O)C[C@H](C)NC(=O)[C@H](CC(C)C)N(C)C(=O)[C@H](CC(C)C)N(C)C1=O,-4.528299999999994,1.4904155731201172
"PEPTIDE1{[Mono6].[meA].I.[meL].[meF].[meF].T.[meA].[meL].D.[-pip]}$PEPTIDE1,PEPTIDE1,1:R1-10:R3$$$",CC[C@H](C)[C@@H]1NC(=O)[C@H](C)N(C)C(=O)CCCN(C)C(=O)C[C@@H](C(=O)N2CCCCC2)NC(=O)[C@H](CC(C)C)N(C)C(=O)[C@H](C)N(C)C(=O)[C@H]([C@@H](C)O)NC(=O)[C@H](Cc2ccccc2)N(C)C(=O)[C@H](Cc2ccccc2)N(C)C(=O)[C@H](CC(C)C)N(C)C1=O,-4.528599999999996,2.0860435962677
"PEPTIDE1{[Me_Bal].[meL].[meL].T.[meF].[Ser(tBu)].[meL].D.[-pip]}$PEPTIDE1,PEPTIDE1,1:R1-8:R3$$$",CC(C)C[C@H]1C(=O)N(C)[C@@H](CC(C)C)C(=O)N[C@@H]([C@@H](C)O)C(=O)N(C)[C@@H](Cc2ccccc2)C(=O)N[C@@H](COC(C)(C)C)C(=O)N(C)[C@@H](CC(C)C)C(=O)N[C@H](C(=O)N2CCCCC2)CC(=O)N(C)CCC(=O)N1C,-4.5306,1.580935001373291
"PEPTIDE1{[meA].A.[meL].I.F.[meL].T.[meF].[meV].D.[-pip]}$PEPTIDE1,PEPTIDE1,1:R1-10:R3$$$",CC[C@H](C)[C@@H]1NC(=O)[C@H](CC(C)C)N(C)C(=O)[C@H](C)NC(=O)[C@H](C)N(C)C(=O)C[C@@H](C(=O)N2CCCCC2)NC(=O)[C@H](C(C)C)N(C)C(=O)[C@H](Cc2ccccc2)N(C)C(=O)[C@H]([C@@H](C)O)NC(=O)[C@H](CC(C)C)N(C)C(=O)[C@H](Cc2ccccc2)NC1=O,-4.530600000000003,1.6345967054367063
"PEPTIDE1{[Phg].T.[meA].[meF].[meF].[Ser(tBu)].[meL].G.D.[-pip]}$PEPTIDE1,PEPTIDE1,1:R1-9:R3$$$",CC(C)C[C@H]1C(=O)NCC(=O)N[C@H](C(=O)N2CCCCC2)CC(=O)N[C@@H](c2ccccc2)C(=O)N[C@@H]([C@@H](C)O)C(=O)N(C)[C@@H](C)C(=O)N(C)[C@@H](Cc2ccccc2)C(=O)N(C)[C@@H](Cc2ccccc2)C(=O)N[C@@H](COC(C)(C)C)C(=O)N1C,-4.530888888888885,1.4102541208267212
"PEPTIDE1{A.[meA].[meF].[meL].T.[Sar].[meL].[Ser(tBu)].[meI].D.[-pip]}$PEPTIDE1,PEPTIDE1,1:R1-10:R3$$$",CC[C@H](C)[C@H]1C(=O)N[C@H](C(=O)N2CCCCC2)CC(=O)N[C@@H](C)C(=O)N(C)[C@@H](C)C(=O)N(C)[C@@H](Cc2ccccc2)C(=O)N(C)[C@@H](CC(C)C)C(=O)N[C@@H]([C@@H](C)O)C(=O)N(C)CC(=O)N(C)[C@@H](CC(C)C)C(=O)N[C@@H](COC(C)(C)C)C(=O)N1C,-4.531200000000001,1.4393455982208252
"PEPTIDE1{[dA].[meL].[meL].[meL].[meS].L.[Sar].[meL].L.[meL].[Mono7]}$PEPTIDE1,PEPTIDE1,1:R1-11:R2$$$",CC(C)C[C@@H]1NC(=O)[C@H](CO)N(C)C(=O)[C@H](CC(C)C)N(C)C(=O)[C@H](CC(C)C)N(C)C(=O)[C@H](CC(C)C)N(C)C(=O)[C@@H](C)NC(=O)C[C@H](C)NC(=O)[C@H](CC(C)C)N(C)C(=O)[C@H](CC(C)C)NC(=O)[C@H](CC(C)C)N(C)C(=O)CN(C)C1=O,-4.531200000000005,1.595934510231018
"PEPTIDE1{[Me_dA].[meV].F.[meF].[meA].[meL].T.G.V.D.[meF].A.[-pip]}$PEPTIDE1,PEPTIDE1,1:R1-10:R3$$$",CC(C)C[C@H]1C(=O)N[C@@H]([C@@H](C)O)C(=O)NCC(=O)N[C@@H](C(C)C)C(=O)N[C@H](C(=O)N(C)[C@@H](Cc2ccccc2)C(=O)N[C@@H](C)C(=O)N2CCCCC2)CC(=O)N(C)[C@H](C)C(=O)N(C)[C@@H](C(C)C)C(=O)N[C@@H](Cc2ccccc2)C(=O)N(C)[C@@H](Cc2ccccc2)C(=O)N(C)[C@@H](C)C(=O)N1C,-4.531400000000008,1.495036244392395
"PEPTIDE1{[meL].[Aoc(2)].[meL].A.[dA].[meL].[meL].[meL].[meS].[Abu].[Mono7]}$PEPTIDE1,PEPTIDE1,1:R1-11:R2$$$",CCCCCC[C@@H]1NC(=O)[C@H](CC(C)C)N(C)C(=O)C[C@H](C)NC(=O)[C@H](CC)NC(=O)[C@H](CO)N(C)C(=O)[C@H](CC(C)C)N(C)C(=O)[C@H](CC(C)C)N(C)C(=O)[C@H](CC(C)C)N(C)C(=O)[C@@H](C)NC(=O)[C@H](C)NC(=O)[C@H](CC(C)C)N(C)C1=O,-4.532400000000004,1.790011644363403
"PEPTIDE1{[Me_dA].V.[meL].T.[meF].[meL].G.[meV].F.D.[meF].A.[-pip]}$PEPTIDE1,PEPTIDE1,1:R1-10:R3$$$",CC(C)C[C@H]1C(=O)N[C@@H]([C@@H](C)O)C(=O)N(C)[C@@H](Cc2ccccc2)C(=O)N(C)[C@@H](CC(C)C)C(=O)NCC(=O)N(C)[C@@H](C(C)C)C(=O)N[C@@H](Cc2ccccc2)C(=O)N[C@H](C(=O)N(C)[C@@H](Cc2ccccc2)C(=O)N[C@@H](C)C(=O)N2CCCCC2)CC(=O)N(C)[C@H](C)C(=O)N[C@@H](C(C)C)C(=O)N1C,-4.53249,1.2777255773544312
"PEPTIDE1{[dA].L.[meL].[meF].A.[meF].[meL].[meI].T.[Sar].D.[-pip]}$PEPTIDE1,PEPTIDE1,1:R1-11:R3$$$",CC[C@H](C)[C@H]1C(=O)N[C@@H]([C@@H](C)O)C(=O)N(C)CC(=O)N[C@H](C(=O)N2CCCCC2)CC(=O)N[C@H](C)C(=O)N[C@@H](CC(C)C)C(=O)N(C)[C@@H](CC(C)C)C(=O)N(C)[C@@H](Cc2ccccc2)C(=O)N[C@@H](C)C(=O)N(C)[C@@H](Cc2ccccc2)C(=O)N(C)[C@@H](CC(C)C)C(=O)N1C,-4.5331499999999965,1.720164179801941
"PEPTIDE1{[Sar].V.[meL].T.[meF].[meL].G.[meV].F.D.[meF].A.[-pip]}$PEPTIDE1,PEPTIDE1,1:R1-10:R3$$$",CC(C)C[C@H]1C(=O)N[C@@H]([C@@H](C)O)C(=O)N(C)[C@@H](Cc2ccccc2)C(=O)N(C)[C@@H](CC(C)C)C(=O)NCC(=O)N(C)[C@@H](C(C)C)C(=O)N[C@@H](Cc2ccccc2)C(=O)N[C@H](C(=O)N(C)[C@@H](Cc2ccccc2)C(=O)N[C@@H](C)C(=O)N2CCCCC2)CC(=O)N(C)CC(=O)N[C@@H](C(C)C)C(=O)N1C,-4.533350000000001,1.6741893291473389
"PEPTIDE1{[meL].[meL].[meL].[meS].L.[Sar].[meL].L.[meL].A.[Mono7]}$PEPTIDE1,PEPTIDE1,1:R1-11:R2$$$",CC(C)C[C@@H]1NC(=O)[C@H](CO)N(C)C(=O)[C@H](CC(C)C)N(C)C(=O)[C@H](CC(C)C)N(C)C(=O)[C@H](CC(C)C)N(C)C(=O)C[C@H](C)NC(=O)[C@H](C)NC(=O)[C@H](CC(C)C)N(C)C(=O)[C@H](CC(C)C)NC(=O)[C@H](CC(C)C)N(C)C(=O)CN(C)C1=O,-4.534200000000003,1.5864715576171875
"PEPTIDE1{I.[meF].[meV].A.[meL].[meF].T.[Sar].[meL].[meA].[Mono12].[-pip]}$PEPTIDE1,PEPTIDE1,1:R1-11:R3$$$",CC[C@H](C)[C@@H]1NC(=O)CCCCc2cccc(c2)C[C@@H](C(=O)N2CCCCC2)NC(=O)[C@H](C)N(C)C(=O)[C@H](CC(C)C)N(C)C(=O)CN(C)C(=O)[C@H]([C@@H](C)O)NC(=O)[C@H](Cc2ccccc2)N(C)C(=O)[C@H](CC(C)C)N(C)C(=O)[C@H](C)NC(=O)[C@H](C(C)C)N(C)C(=O)[C@H](Cc2ccccc2)N(C)C1=O,-4.534699999999997,1.5784862041473389
"PEPTIDE1{[meA].I.[meL].[meA].[meF].T.[meA].[meV].[meL].F.D.[-pip]}$PEPTIDE1,PEPTIDE1,1:R1-11:R3$$$",CC[C@H](C)[C@@H]1NC(=O)[C@H](C)N(C)C(=O)C[C@@H](C(=O)N2CCCCC2)NC(=O)[C@H](Cc2ccccc2)NC(=O)[C@H](CC(C)C)N(C)C(=O)[C@H](C(C)C)N(C)C(=O)[C@H](C)N(C)C(=O)[C@H]([C@@H](C)O)NC(=O)[C@H](Cc2ccccc2)N(C)C(=O)[C@H](C)N(C)C(=O)[C@H](CC(C)C)N(C)C1=O,-4.535599999999996,1.9351810216903689
"PEPTIDE1{[Me_dA].[meA].I.[meL].[meF].T.[meF].[meA].[meL].[Mono7]}$PEPTIDE1,PEPTIDE1,1:R1-10:R2$$$",CC[C@H](C)[C@@H]1NC(=O)[C@H](C)N(C)C(=O)[C@@H](C)N(C)C(=O)C[C@H](C)NC(=O)[C@H](CC(C)C)N(C)C(=O)[C@H](C)N(C)C(=O)[C@H](Cc2ccccc2)N(C)C(=O)[C@H]([C@@H](C)O)NC(=O)[C@H](Cc2ccccc2)N(C)C(=O)[C@H](CC(C)C)N(C)C1=O,-4.536799999999998,1.451493740081787
"PEPTIDE1{A.[meL].T.[Sar].[meF].L.D.[meF].I.[-pip]}$PEPTIDE1,PEPTIDE1,1:R1-7:R3$$$",CC[C@H](C)[C@H](NC(=O)[C@H](Cc1ccccc1)N(C)C(=O)[C@@H]1CC(=O)N[C@@H](C)C(=O)N(C)[C@@H](CC(C)C)C(=O)N[C@@H]([C@@H](C)O)C(=O)N(C)CC(=O)N(C)[C@@H](Cc2ccccc2)C(=O)N[C@@H](CC(C)C)C(=O)N1)C(=O)N1CCCCC1,-4.538299999999997,1.9200619459152224
"PEPTIDE1{[Me_Bal].[meF].[meL].T.[Sar].I.[meL].[meL].D.[-pip]}$PEPTIDE1,PEPTIDE1,1:R1-9:R3$$$",CC[C@H](C)[C@@H]1NC(=O)CN(C)C(=O)[C@H]([C@@H](C)O)NC(=O)[C@H](CC(C)C)N(C)C(=O)[C@H](Cc2ccccc2)N(C)C(=O)CCN(C)C(=O)C[C@@H](C(=O)N2CCCCC2)NC(=O)[C@H](CC(C)C)N(C)C(=O)[C@H](CC(C)C)N(C)C1=O,-4.538800000000004,2.042039394378662
"PEPTIDE1{[dA].[meA].[meL].L.[meF].F.[meI].[meV].[Sar].T.D.[-pip]}$PEPTIDE1,PEPTIDE1,1:R1-11:R3$$$",CC[C@H](C)[C@H]1C(=O)N(C)[C@@H](C(C)C)C(=O)N(C)CC(=O)N[C@@H]([C@@H](C)O)C(=O)N[C@H](C(=O)N2CCCCC2)CC(=O)N[C@H](C)C(=O)N(C)[C@@H](C)C(=O)N(C)[C@@H](CC(C)C)C(=O)N[C@@H](CC(C)C)C(=O)N(C)[C@@H](Cc2ccccc2)C(=O)N[C@@H](Cc2ccccc2)C(=O)N1C,-4.539000000000001,1.835426926612854
"PEPTIDE1{[dA].L.[Mono90]}$PEPTIDE1,PEPTIDE1,1:R1-3:R2$$$",CC(C)C[C@@H]1NC(=O)[C@@H](C)NC(=O)[C@H](Cc2ccccc2)NCCCCCCN(C)C1=O,-4.53985595238095,1.8426445722579956
"PEPTIDE1{A.L.[Mono90]}$PEPTIDE1,PEPTIDE1,1:R1-3:R2$$$",CC(C)C[C@@H]1NC(=O)[C@H](C)NC(=O)[C@H](Cc2ccccc2)NCCCCCCN(C)C1=O,-4.53985595238095,1.8426445722579956
"PEPTIDE1{A.[dL].[Mono90]}$PEPTIDE1,PEPTIDE1,1:R1-3:R2$$$",CC(C)C[C@H]1NC(=O)[C@H](C)NC(=O)[C@H](Cc2ccccc2)NCCCCCCN(C)C1=O,-4.53985595238095,1.8426445722579956
"PEPTIDE1{T.[meA].[meF].[meF].[meL].G.[meI].[meL].[Mono12].[-pip]}$PEPTIDE1,PEPTIDE1,1:R1-9:R3$$$",CC[C@H](C)[C@H]1C(=O)N(C)[C@@H](CC(C)C)C(=O)N[C@H](C(=O)N2CCCCC2)Cc2cccc(c2)CCCCC(=O)N[C@@H]([C@@H](C)O)C(=O)N(C)[C@@H](C)C(=O)N(C)[C@@H](Cc2ccccc2)C(=O)N(C)[C@@H](Cc2ccccc2)C(=O)N(C)[C@@H](CC(C)C)C(=O)NCC(=O)N1C,-4.540491666666665,1.534830927848816
"PEPTIDE1{[meA].[meF].[Pr_Gly].[meL].T.[meA].[meL].[meI].[Ser(tBu)].D.[-pip]}$PEPTIDE1,PEPTIDE1,1:R1-10:R3$$$",CCCN1CC(=O)N(C)[C@@H](CC(C)C)C(=O)N[C@@H]([C@@H](C)O)C(=O)N(C)[C@@H](C)C(=O)N(C)[C@@H](CC(C)C)C(=O)N(C)[C@@H]([C@@H](C)CC)C(=O)N[C@@H](COC(C)(C)C)C(=O)N[C@H](C(=O)N2CCCCC2)CC(=O)N(C)[C@@H](C)C(=O)N(C)[C@@H](Cc2ccccc2)C1=O,-4.541180327868854,1.708978295326233
"PEPTIDE1{[Me_Bal].[meV].[meL].L.T.[meA].F.[meI].[Sar].[meF].D.[-pip]}$PEPTIDE1,PEPTIDE1,1:R1-11:R3$$$",CC[C@H](C)[C@H]1C(=O)N(C)CC(=O)N(C)[C@@H](Cc2ccccc2)C(=O)N[C@H](C(=O)N2CCCCC2)CC(=O)N(C)CCC(=O)N(C)[C@@H](C(C)C)C(=O)N(C)[C@@H](CC(C)C)C(=O)N[C@@H](CC(C)C)C(=O)N[C@@H]([C@@H](C)O)C(=O)N(C)[C@@H](C)C(=O)N[C@@H](Cc2ccccc2)C(=O)N1C,-4.5420051282051235,1.2266278266906738
"PEPTIDE1{[Me_dA].F.[meL].[Ser(tBu)].F.P.T.L.[meA].[meI].G.[Mono7]}$PEPTIDE1,PEPTIDE1,1:R1-12:R2$$$",CC[C@H](C)[C@H]1C(=O)NCC(=O)N[C@@H](C)CC(=O)N(C)[C@H](C)C(=O)N[C@@H](Cc2ccccc2)C(=O)N(C)[C@@H](CC(C)C)C(=O)N[C@@H](COC(C)(C)C)C(=O)N[C@@H](Cc2ccccc2)C(=O)N2CCC[C@H]2C(=O)N[C@@H]([C@@H](C)O)C(=O)N[C@@H](CC(C)C)C(=O)N(C)[C@@H](C)C(=O)N1C,-4.543000000000004,1.1225379705429075
"PEPTIDE1{[dV].[meV].G.[meL].[meI].A.F.[meF].T.[meA].L.D.[-pip]}$PEPTIDE1,PEPTIDE1,1:R1-12:R3$$$",CC[C@H](C)[C@H]1C(=O)N[C@@H](C)C(=O)N[C@@H](Cc2ccccc2)C(=O)N(C)[C@@H](Cc2ccccc2)C(=O)N[C@@H]([C@@H](C)O)C(=O)N(C)[C@@H](C)C(=O)N[C@@H](CC(C)C)C(=O)N[C@H](C(=O)N2CCCCC2)CC(=O)N[C@H](C(C)C)C(=O)N(C)[C@@H](C(C)C)C(=O)NCC(=O)N(C)[C@@H](CC(C)C)C(=O)N1C,-4.5444833333333365,1.389571189880371
"PEPTIDE1{[dV].[meF].[meA].[meL].T.[Sar].[meL].V.D.[meF].A.[-pip]}$PEPTIDE1,PEPTIDE1,1:R1-9:R3$$$",CC(C)C[C@H]1C(=O)N[C@@H](C(C)C)C(=O)N[C@H](C(=O)N(C)[C@@H](Cc2ccccc2)C(=O)N[C@@H](C)C(=O)N2CCCCC2)CC(=O)N[C@H](C(C)C)C(=O)N(C)[C@@H](Cc2ccccc2)C(=O)N(C)[C@@H](C)C(=O)N(C)[C@@H](CC(C)C)C(=O)N[C@@H]([C@@H](C)O)C(=O)N(C)CC(=O)N1C,-4.547466666666668,1.9004637002944944
"PEPTIDE1{[dV].[meL].[meL].I.[meA].[meL].T.[meA].[meL].[Mono7]}$PEPTIDE1,PEPTIDE1,1:R1-10:R2$$$",CC[C@H](C)[C@@H]1NC(=O)[C@H](CC(C)C)N(C)C(=O)[C@H](CC(C)C)N(C)C(=O)[C@@H](C(C)C)NC(=O)C[C@H](C)NC(=O)[C@H](CC(C)C)N(C)C(=O)[C@H](C)N(C)C(=O)[C@H]([C@@H](C)O)NC(=O)[C@H](CC(C)C)N(C)C(=O)[C@H](C)N(C)C1=O,-4.5478666666666685,1.5456949472427368
"PEPTIDE1{[meF].[meL].T.[meA].G.[meL].[meL].[meL].[Mono9].[-pip]}$PEPTIDE1,PEPTIDE1,1:R1-9:R3$$$",C=C1CCC(=O)N(C)[C@@H](Cc2ccccc2)C(=O)N(C)[C@@H](CC(C)C)C(=O)N[C@@H]([C@@H](C)O)C(=O)N(C)[C@@H](C)C(=O)NCC(=O)N(C)[C@@H](CC(C)C)C(=O)N(C)[C@@H](CC(C)C)C(=O)N(C)[C@@H](CC(C)C)C(=O)N[C@H](C(=O)N2CCCCC2)Cc2ccc1cc2,-4.547900000000005,1.654818415641785
"PEPTIDE1{[Sar].V.[meL].[meF].G.[meF].[meA].T.D.[meF].[meF].A.[-pip]}$PEPTIDE1,PEPTIDE1,1:R1-9:R3$$$",CC(C)C[C@H]1C(=O)N(C)[C@@H](Cc2ccccc2)C(=O)NCC(=O)N(C)[C@@H](Cc2ccccc2)C(=O)N(C)[C@@H](C)C(=O)N[C@@H]([C@@H](C)O)C(=O)N[C@H](C(=O)N(C)[C@@H](Cc2ccccc2)C(=O)N(C)[C@@H](Cc2ccccc2)C(=O)N[C@@H](C)C(=O)N2CCCCC2)CC(=O)N(C)CC(=O)N[C@@H](C(C)C)C(=O)N1C,-4.548799999999999,1.7239104509353638
"PEPTIDE1{[Me_Bal].[meL].T.F.[Sar].A.[meL].I.[meL].[meL].D.[-pip]}$PEPTIDE1,PEPTIDE1,1:R1-11:R3$$$",CC[C@H](C)[C@@H]1NC(=O)[C@H](CC(C)C)N(C)C(=O)[C@H](C)NC(=O)CN(C)C(=O)[C@H](Cc2ccccc2)NC(=O)[C@H]([C@@H](C)O)NC(=O)[C@H](CC(C)C)N(C)C(=O)CCN(C)C(=O)C[C@@H](C(=O)N2CCCCC2)NC(=O)[C@H](CC(C)C)N(C)C(=O)[C@H](CC(C)C)N(C)C1=O,-4.549000000000006,2.3595499992370605
"PEPTIDE1{[Mono6].A.[meL].I.[meF].[meV].F.T.[Mono7]}$PEPTIDE1,PEPTIDE1,1:R1-9:R2$$$",CC[C@H](C)[C@@H]1NC(=O)[C@H](CC(C)C)N(C)C(=O)[C@H](C)NC(=O)CCCN(C)C(=O)C[C@H](C)NC(=O)[C@H]([C@@H](C)O)NC(=O)[C@H](Cc2ccccc2)NC(=O)[C@H](C(C)C)N(C)C(=O)[C@H](Cc2ccccc2)N(C)C1=O,-4.549200000000004,1.7716463804244995
"PEPTIDE1{[Mono6].[meF].T.[meL].[Ser(tBu)].[meL].[meL].D.[-pip]}$PEPTIDE1,PEPTIDE1,1:R1-8:R3$$$",CC(C)C[C@H]1C(=O)N(C)[C@@H](CC(C)C)C(=O)N[C@H](C(=O)N2CCCCC2)CC(=O)N(C)CCCC(=O)N(C)[C@@H](Cc2ccccc2)C(=O)N[C@@H]([C@@H](C)O)C(=O)N(C)[C@@H](CC(C)C)C(=O)N[C@@H](COC(C)(C)C)C(=O)N1C,-4.5497000000000005,1.6856683492660522
"PEPTIDE1{[meA].V.[meL].T.G.[meL].[meF].[meV].F.D.[meF].A.[-pip]}$PEPTIDE1,PEPTIDE1,1:R1-10:R3$$$",CC(C)C[C@H]1C(=O)N(C)[C@@H](Cc2ccccc2)C(=O)N(C)[C@@H](C(C)C)C(=O)N[C@@H](Cc2ccccc2)C(=O)N[C@H](C(=O)N(C)[C@@H](Cc2ccccc2)C(=O)N[C@@H](C)C(=O)N2CCCCC2)CC(=O)N(C)[C@@H](C)C(=O)N[C@@H](C(C)C)C(=O)N(C)[C@@H](CC(C)C)C(=O)N[C@@H]([C@@H](C)O)C(=O)NCC(=O)N1C,-4.549703636363644,1.347609519958496
"PEPTIDE1{[meA].L.[meA].T.P.[meF].F.[meI].G.[meL].L.D.[-pip]}$PEPTIDE1,PEPTIDE1,1:R1-12:R3$$$",CC[C@H](C)[C@H]1C(=O)NCC(=O)N(C)[C@@H](CC(C)C)C(=O)N[C@@H](CC(C)C)C(=O)N[C@H](C(=O)N2CCCCC2)CC(=O)N(C)[C@@H](C)C(=O)N[C@@H](CC(C)C)C(=O)N(C)[C@@H](C)C(=O)N[C@@H]([C@@H](C)O)C(=O)N2CCC[C@H]2C(=O)N(C)[C@@H](Cc2ccccc2)C(=O)N[C@@H](Cc2ccccc2)C(=O)N1C,-4.55086666666667,1.378414750099182
"PEPTIDE1{[Me_dA].[meF].[meL].T.[Sar].[Ser(tBu)].[meL].[meI].[Mono7]}$PEPTIDE1,PEPTIDE1,1:R1-9:R2$$$",CC[C@H](C)[C@H]1C(=O)N[C@@H](C)CC(=O)N(C)[C@H](C)C(=O)N(C)[C@@H](Cc2ccccc2)C(=O)N(C)[C@@H](CC(C)C)C(=O)N[C@@H]([C@@H](C)O)C(=O)N(C)CC(=O)N[C@@H](COC(C)(C)C)C(=O)N(C)[C@@H](CC(C)C)C(=O)N1C,-4.5552,1.3367384672164917
"PEPTIDE1{[Mono6].A.[meL].I.[meF].[meA].[meV].F.T.[Mono7]}$PEPTIDE1,PEPTIDE1,1:R1-10:R2$$$",CC[C@H](C)[C@@H]1NC(=O)[C@H](CC(C)C)N(C)C(=O)[C@H](C)NC(=O)CCCN(C)C(=O)C[C@H](C)NC(=O)[C@H]([C@@H](C)O)NC(=O)[C@H](Cc2ccccc2)NC(=O)[C@H](C(C)C)N(C)C(=O)[C@H](C)N(C)C(=O)[C@H](Cc2ccccc2)N(C)C1=O,-4.556999999999995,1.896395206451416
"PEPTIDE1{[Me_Bal].I.[meV].F.T.L.[meL].L.[meF].D.[-pip]}$PEPTIDE1,PEPTIDE1,1:R1-10:R3$$$",CC[C@H](C)[C@@H]1NC(=O)CCN(C)C(=O)C[C@@H](C(=O)N2CCCCC2)NC(=O)[C@H](Cc2ccccc2)N(C)C(=O)[C@H](CC(C)C)NC(=O)[C@H](CC(C)C)N(C)C(=O)[C@H](CC(C)C)NC(=O)[C@H]([C@@H](C)O)NC(=O)[C@H](Cc2ccccc2)NC(=O)[C@H](C(C)C)N(C)C1=O,-4.556999999999997,1.914017915725708
"PEPTIDE1{[dA].A.[meL].[meL].[meF].T.[meA].[meV].[meI].F.D.[-pip]}$PEPTIDE1,PEPTIDE1,1:R1-11:R3$$$",CC[C@H](C)[C@H]1C(=O)N[C@@H](Cc2ccccc2)C(=O)N[C@H](C(=O)N2CCCCC2)CC(=O)N[C@H](C)C(=O)N[C@@H](C)C(=O)N(C)[C@@H](CC(C)C)C(=O)N(C)[C@@H](CC(C)C)C(=O)N(C)[C@@H](Cc2ccccc2)C(=O)N[C@@H]([C@@H](C)O)C(=O)N(C)[C@@H](C)C(=O)N(C)[C@@H](C(C)C)C(=O)N1C,-4.559000000000003,1.7050821781158447
"PEPTIDE1{[Mono6].[meL].T.[meA].A.[meF].[meF].[meI].L.[meL].D.[-pip]}$PEPTIDE1,PEPTIDE1,1:R1-11:R3$$$",CC[C@H](C)[C@H]1C(=O)N[C@@H](CC(C)C)C(=O)N(C)[C@@H](CC(C)C)C(=O)N[C@H](C(=O)N2CCCCC2)CC(=O)N(C)CCCC(=O)N(C)[C@@H](CC(C)C)C(=O)N[C@@H]([C@@H](C)O)C(=O)N(C)[C@@H](C)C(=O)N[C@@H](C)C(=O)N(C)[C@@H](Cc2ccccc2)C(=O)N(C)[C@@H](Cc2ccccc2)C(=O)N1C,-4.559000000000009,2.093099355697632
"PEPTIDE1{[dA].V.[meF].[meL].[meA].T.F.D.[meF].L.A.[-pip]}$PEPTIDE1,PEPTIDE1,1:R1-8:R3$$$",CC(C)C[C@H](NC(=O)[C@H](Cc1ccccc1)N(C)C(=O)[C@@H]1CC(=O)N[C@H](C)C(=O)N[C@@H](C(C)C)C(=O)N(C)[C@@H](Cc2ccccc2)C(=O)N(C)[C@@H](CC(C)C)C(=O)N(C)[C@@H](C)C(=O)N[C@@H]([C@@H](C)O)C(=O)N[C@@H](Cc2ccccc2)C(=O)N1)C(=O)N[C@@H](C)C(=O)N1CCCCC1,-4.560840000000004,1.90339195728302
"PEPTIDE1{[Me_Bal].[meV].[meL].I.[meV].L.[meA].[meF].T.D.[meF].A.[-pip]}$PEPTIDE1,PEPTIDE1,1:R1-10:R3$$$",CC[C@H](C)[C@@H]1NC(=O)[C@H](CC(C)C)N(C)C(=O)[C@H](C(C)C)N(C)C(=O)CCN(C)C(=O)C[C@@H](C(=O)N(C)[C@@H](Cc2ccccc2)C(=O)N[C@@H](C)C(=O)N2CCCCC2)NC(=O)[C@H]([C@@H](C)O)NC(=O)[C@H](Cc2ccccc2)N(C)C(=O)[C@H](C)N(C)C(=O)[C@H](CC(C)C)NC(=O)[C@H](C(C)C)N(C)C1=O,-4.562066666666669,1.9329038858413696
"PEPTIDE1{[Me_Bal].[meL].[meF].T.[meA].V.[meL].[meL].D.[meF].A.[-pip]}$PEPTIDE1,PEPTIDE1,1:R1-9:R3$$$",CC(C)C[C@H]1C(=O)N(C)[C@@H](Cc2ccccc2)C(=O)N[C@@H]([C@@H](C)O)C(=O)N(C)[C@@H](C)C(=O)N[C@@H](C(C)C)C(=O)N(C)[C@@H](CC(C)C)C(=O)N(C)[C@@H](CC(C)C)C(=O)N[C@H](C(=O)N(C)[C@@H](Cc2ccccc2)C(=O)N[C@@H](C)C(=O)N2CCCCC2)CC(=O)N(C)CCC(=O)N1C,-4.562949999999996,1.9059675931930544
"PEPTIDE1{[meS].L.[Sar].[meL].V.[meL].V.[dA].[meL].[meL].[Mono7]}$PEPTIDE1,PEPTIDE1,1:R1-11:R2$$$",CC(C)C[C@@H]1NC(=O)[C@H](CO)N(C)C(=O)C[C@H](C)NC(=O)[C@H](CC(C)C)N(C)C(=O)[C@H](CC(C)C)N(C)C(=O)[C@@H](C)NC(=O)[C@H](C(C)C)NC(=O)[C@H](CC(C)C)N(C)C(=O)[C@H](C(C)C)NC(=O)[C@H](CC(C)C)N(C)C(=O)CN(C)C1=O,-4.563522222222219,1.2705450057983398
"PEPTIDE1{[Me_Bal].[meL].T.F.G.[meF].L.[meL].[Ser(tBu)].D.[-pip]}$PEPTIDE1,PEPTIDE1,1:R1-10:R3$$$",CC(C)C[C@@H]1NC(=O)[C@H](Cc2ccccc2)N(C)C(=O)CNC(=O)[C@H](Cc2ccccc2)NC(=O)[C@H]([C@@H](C)O)NC(=O)[C@H](CC(C)C)N(C)C(=O)CCN(C)C(=O)C[C@@H](C(=O)N2CCCCC2)NC(=O)[C@H](COC(C)(C)C)NC(=O)[C@H](CC(C)C)N(C)C1=O,-4.563600000000007,1.4438061714172363
"PEPTIDE1{[meA].F.T.G.L.F.I.[meL].F.D.[-pip]}$PEPTIDE1,PEPTIDE1,1:R1-10:R3$$$",CC[C@H](C)[C@@H]1NC(=O)[C@H](Cc2ccccc2)NC(=O)[C@H](CC(C)C)NC(=O)CNC(=O)[C@H]([C@@H](C)O)NC(=O)[C@H](Cc2ccccc2)NC(=O)[C@H](C)N(C)C(=O)C[C@@H](C(=O)N2CCCCC2)NC(=O)[C@H](Cc2ccccc2)NC(=O)[C@H](CC(C)C)N(C)C1=O,-4.565000000000006,1.9193845987319944
"PEPTIDE1{[Me_dA].A.[meL].[meF].F.[meL].T.[meA].D.[-pip]}$PEPTIDE1,PEPTIDE1,1:R1-9:R3$$$",CC(C)C[C@H]1C(=O)N(C)[C@@H](Cc2ccccc2)C(=O)N[C@@H](Cc2ccccc2)C(=O)N(C)[C@@H](CC(C)C)C(=O)N[C@@H]([C@@H](C)O)C(=O)N(C)[C@@H](C)C(=O)N[C@H](C(=O)N2CCCCC2)CC(=O)N(C)[C@H](C)C(=O)N[C@@H](C)C(=O)N1C,-4.565199999999997,1.834513545036316
"PEPTIDE1{L.[dA].[meL].[meL].[meL].[meS].[Abu].[Sar].[meL].V.[Mono8]}$PEPTIDE1,PEPTIDE1,1:R1-11:R2$$$",CC[C@@H]1NC(=O)[C@H](CO)N(C)C(=O)[C@H](CC(C)C)N(C)C(=O)[C@H](CC(C)C)N(C)C(=O)[C@H](CC(C)C)N(C)C(=O)[C@@H](C)NC(=O)[C@H](CC(C)C)NC(=O)C[C@@H](C(F)(F)F)NC(=O)[C@H](C(C)C)NC(=O)[C@H](CC(C)C)N(C)C(=O)CN(C)C1=O,-4.5656636363636345,1.2633507251739502
"PEPTIDE1{[meA].[meF].[Sar].[meL].T.[meA].[meL].[meI].[Ser(tBu)].[Mono7]}$PEPTIDE1,PEPTIDE1,1:R1-10:R2$$$",CC[C@H](C)[C@H]1C(=O)N[C@@H](COC(C)(C)C)C(=O)N[C@@H](C)CC(=O)N(C)[C@@H](C)C(=O)N(C)[C@@H](Cc2ccccc2)C(=O)N(C)CC(=O)N(C)[C@@H](CC(C)C)C(=O)N[C@@H]([C@@H](C)O)C(=O)N(C)[C@@H](C)C(=O)N(C)[C@@H](CC(C)C)C(=O)N1C,-4.5657,1.3253217935562134
"PEPTIDE1{[Me_dA].F.T.F.L.[meL].I.F.G.D.[-pip]}$PEPTIDE1,PEPTIDE1,1:R1-10:R3$$$",CC[C@H](C)[C@@H]1NC(=O)[C@H](CC(C)C)N(C)C(=O)[C@H](CC(C)C)NC(=O)[C@H](Cc2ccccc2)NC(=O)[C@H]([C@@H](C)O)NC(=O)[C@H](Cc2ccccc2)NC(=O)[C@@H](C)N(C)C(=O)C[C@@H](C(=O)N2CCCCC2)NC(=O)CNC(=O)[C@H](Cc2ccccc2)NC1=O,-4.567300000000006,1.9273947477340696
"PEPTIDE1{[Sar].T.[meA].[meF].[meF].[meL].[Ser(tBu)].D.[-pip]}$PEPTIDE1,PEPTIDE1,1:R1-8:R3$$$",CC(C)C[C@H]1C(=O)N[C@@H](COC(C)(C)C)C(=O)N[C@H](C(=O)N2CCCCC2)CC(=O)N(C)CC(=O)N[C@@H]([C@@H](C)O)C(=O)N(C)[C@@H](C)C(=O)N(C)[C@@H](Cc2ccccc2)C(=O)N(C)[C@@H](Cc2ccccc2)C(=O)N1C,-4.568799999999997,1.7476915121078491
"PEPTIDE1{[Me_dA].T.G.[meL].[Ser(tBu)].[meF].[meA].F.[meV].D.[-pip]}$PEPTIDE1,PEPTIDE1,1:R1-10:R3$$$",CC(C)C[C@H]1C(=O)N[C@@H](COC(C)(C)C)C(=O)N(C)[C@@H](Cc2ccccc2)C(=O)N(C)[C@@H](C)C(=O)N[C@@H](Cc2ccccc2)C(=O)N(C)[C@@H](C(C)C)C(=O)N[C@H](C(=O)N2CCCCC2)CC(=O)N(C)[C@H](C)C(=O)N[C@@H]([C@@H](C)O)C(=O)NCC(=O)N1C,-4.5689999999999955,1.1757586002349854
"PEPTIDE1{[meA].[meL].[Sar].[meL].T.[meA].[meL].[meI].[Ser(tBu)].[Mono7]}$PEPTIDE1,PEPTIDE1,1:R1-10:R2$$$",CC[C@H](C)[C@H]1C(=O)N[C@@H](COC(C)(C)C)C(=O)N[C@@H](C)CC(=O)N(C)[C@@H](C)C(=O)N(C)[C@@H](CC(C)C)C(=O)N(C)CC(=O)N(C)[C@@H](CC(C)C)C(=O)N[C@@H]([C@@H](C)O)C(=O)N(C)[C@@H](C)C(=O)N(C)[C@@H](CC(C)C)C(=O)N1C,-4.569100000000003,1.309390664100647
"PEPTIDE1{[dV].[meL].[meA].[meL].T.[meA].[meL].[Ser(tBu)].[Mono7]}$PEPTIDE1,PEPTIDE1,1:R1-9:R2$$$",CC(C)C[C@H]1C(=O)N(C)[C@@H](C)C(=O)N(C)[C@@H](CC(C)C)C(=O)N[C@@H]([C@@H](C)O)C(=O)N(C)[C@@H](C)C(=O)N(C)[C@@H](CC(C)C)C(=O)N[C@@H](COC(C)(C)C)C(=O)N[C@@H](C)CC(=O)N[C@H](C(C)C)C(=O)N1C,-4.570000000000005,1.5397682189941406
"PEPTIDE1{[meA].I.[meL].[meF].[meF].T.[meA].[meL].[Mono12].[-pip]}$PEPTIDE1,PEPTIDE1,1:R1-9:R3$$$",CC[C@H](C)[C@@H]1NC(=O)[C@H](C)N(C)C(=O)CCCCc2cccc(c2)C[C@@H](C(=O)N2CCCCC2)NC(=O)[C@H](CC(C)C)N(C)C(=O)[C@H](C)N(C)C(=O)[C@H]([C@@H](C)O)NC(=O)[C@H](Cc2ccccc2)N(C)C(=O)[C@H](Cc2ccccc2)N(C)C(=O)[C@H](CC(C)C)N(C)C1=O,-4.570999999999994,1.9483288526535032
"PEPTIDE1{[Me_Bal].I.[meL].[meA].[meL].T.[meF].[meA].[meL].[meF].D.[-pip]}$PEPTIDE1,PEPTIDE1,1:R1-11:R3$$$",CC[C@H](C)[C@@H]1NC(=O)CCN(C)C(=O)C[C@@H](C(=O)N2CCCCC2)NC(=O)[C@H](Cc2ccccc2)N(C)C(=O)[C@H](CC(C)C)N(C)C(=O)[C@H](C)N(C)C(=O)[C@H](Cc2ccccc2)N(C)C(=O)[C@H]([C@@H](C)O)NC(=O)[C@H](CC(C)C)N(C)C(=O)[C@H](C)N(C)C(=O)[C@H](CC(C)C)N(C)C1=O,-4.571100000000007,1.9517745971679688
"PEPTIDE1{L.[Me_dAbu].[Me_Abu].L.[dP].[meF]}$PEPTIDE1,PEPTIDE1,1:R1-6:R2$$$",CC[C@@H]1C(=O)N(C)[C@@H](CC)C(=O)N[C@@H](CC(C)C)C(=O)N2CCC[C@@H]2C(=O)N(C)[C@@H](Cc2ccccc2)C(=O)N[C@@H](CC(C)C)C(=O)N1C,-4.571459722222226,1.2515413761138916
"PEPTIDE1{[dA].L.[meL].[meV].[Nva(Ph)].[meF].I.[meA].A.T.D.[-pip]}$PEPTIDE1,PEPTIDE1,1:R1-11:R3$$$",CC[C@H](C)[C@@H]1NC(=O)[C@H](Cc2ccccc2)N(C)C(=O)[C@H](CCCc2ccccc2)NC(=O)[C@H](C(C)C)N(C)C(=O)[C@H](CC(C)C)N(C)C(=O)[C@H](CC(C)C)NC(=O)[C@@H](C)NC(=O)C[C@@H](C(=O)N2CCCCC2)NC(=O)[C@H]([C@@H](C)O)NC(=O)[C@H](C)NC(=O)[C@H](C)N(C)C1=O,-4.573399999999998,1.9146689176559448
"PEPTIDE1{[meA].L.[meF].[meL].A.[meV].[meA].T.[Sar].[meL].[meF].D.[-pip]}$PEPTIDE1,PEPTIDE1,1:R1-12:R3$$$",CC(C)C[C@@H]1NC(=O)[C@H](C)N(C)C(=O)C[C@@H](C(=O)N2CCCCC2)NC(=O)[C@H](Cc2ccccc2)N(C)C(=O)[C@H](CC(C)C)N(C)C(=O)CN(C)C(=O)[C@H]([C@@H](C)O)NC(=O)[C@H](C)N(C)C(=O)[C@H](C(C)C)N(C)C(=O)[C@H](C)NC(=O)[C@H](CC(C)C)N(C)C(=O)[C@H](Cc2ccccc2)N(C)C1=O,-4.573499999999996,1.2401124238967896
"PEPTIDE1{[Mono6].F.[meL].[meA].[meF].A.[meI].[meV].[meL].T.D.[-pip]}$PEPTIDE1,PEPTIDE1,1:R1-11:R3$$$",CC[C@H](C)[C@H]1C(=O)N(C)[C@@H](C(C)C)C(=O)N(C)[C@@H](CC(C)C)C(=O)N[C@@H]([C@@H](C)O)C(=O)N[C@H](C(=O)N2CCCCC2)CC(=O)N(C)CCCC(=O)N[C@@H](Cc2ccccc2)C(=O)N(C)[C@@H](CC(C)C)C(=O)N(C)[C@@H](C)C(=O)N(C)[C@@H](Cc2ccccc2)C(=O)N[C@@H](C)C(=O)N1C,-4.575233333333339,1.9116812944412231
"PEPTIDE1{[Sar].[meL].[meF].T.[meA].[meL].V.[meL].D.[meF].A.[-pip]}$PEPTIDE1,PEPTIDE1,1:R1-9:R3$$$",CC(C)C[C@H]1C(=O)N(C)[C@@H](Cc2ccccc2)C(=O)N[C@@H]([C@@H](C)O)C(=O)N(C)[C@@H](C)C(=O)N(C)[C@@H](CC(C)C)C(=O)N[C@@H](C(C)C)C(=O)N(C)[C@@H](CC(C)C)C(=O)N[C@H](C(=O)N(C)[C@@H](Cc2ccccc2)C(=O)N[C@@H](C)C(=O)N2CCCCC2)CC(=O)N(C)CC(=O)N1C,-4.575833333333336,1.7925827503204346
"PEPTIDE1{[Me_dA].[meL].[meL].T.[Sar].[Ser(tBu)].[meL].[meI].[Mono7]}$PEPTIDE1,PEPTIDE1,1:R1-9:R2$$$",CC[C@H](C)[C@H]1C(=O)N[C@@H](C)CC(=O)N(C)[C@H](C)C(=O)N(C)[C@@H](CC(C)C)C(=O)N(C)[C@@H](CC(C)C)C(=O)N[C@@H]([C@@H](C)O)C(=O)N(C)CC(=O)N[C@@H](COC(C)(C)C)C(=O)N(C)[C@@H](CC(C)C)C(=O)N1C,-4.5765000000000065,1.3664113283157349
"PEPTIDE1{L.[Me_dA].[meL].L.[dP].[meF]}$PEPTIDE1,PEPTIDE1,1:R1-6:R2$$$",CC(C)C[C@@H]1NC(=O)[C@H](Cc2ccccc2)N(C)C(=O)[C@H]2CCCN2C(=O)[C@H](CC(C)C)NC(=O)[C@H](CC(C)C)N(C)C(=O)[C@@H](C)N(C)C1=O,-4.576769499683112,1.4874523878097534
"PEPTIDE1{[dV].[meF].[meA].[meL].T.[meA].[meL].[Ser(tBu)].D.[-pip]}$PEPTIDE1,PEPTIDE1,1:R1-9:R3$$$",CC(C)C[C@H]1C(=O)N[C@@H](COC(C)(C)C)C(=O)N[C@H](C(=O)N2CCCCC2)CC(=O)N[C@H](C(C)C)C(=O)N(C)[C@@H](Cc2ccccc2)C(=O)N(C)[C@@H](C)C(=O)N(C)[C@@H](CC(C)C)C(=O)N[C@@H]([C@@H](C)O)C(=O)N(C)[C@@H](C)C(=O)N1C,-4.576900000000002,1.437063694000244
"PEPTIDE1{[Mono6].[meL].[meA].I.[meL].[meF].T.[meF].[meA].D.[-pip]}$PEPTIDE1,PEPTIDE1,1:R1-10:R3$$$",CC[C@H](C)[C@@H]1NC(=O)[C@H](C)N(C)C(=O)[C@H](CC(C)C)N(C)C(=O)CCCN(C)C(=O)C[C@@H](C(=O)N2CCCCC2)NC(=O)[C@H](C)N(C)C(=O)[C@H](Cc2ccccc2)N(C)C(=O)[C@H]([C@@H](C)O)NC(=O)[C@H](Cc2ccccc2)N(C)C(=O)[C@H](CC(C)C)N(C)C1=O,-4.577800000000002,2.0623528957366943
"PEPTIDE1{[Mono6].[meL].[meF].T.[meA].I.[meL].[meV].D.[meF].A.[-pip]}$PEPTIDE1,PEPTIDE1,1:R1-9:R3$$$",CC[C@H](C)[C@@H]1NC(=O)[C@H](C)N(C)C(=O)[C@H]([C@@H](C)O)NC(=O)[C@H](Cc2ccccc2)N(C)C(=O)[C@H](CC(C)C)N(C)C(=O)CCCN(C)C(=O)C[C@@H](C(=O)N(C)[C@@H](Cc2ccccc2)C(=O)N[C@@H](C)C(=O)N2CCCCC2)NC(=O)[C@H](C(C)C)N(C)C(=O)[C@H](CC(C)C)N(C)C1=O,-4.578099999999995,2.1498498916625977
"PEPTIDE1{[Me_Bal].A.[meI].[meL].[meF].L.[meV].F.T.D.[-pip]}$PEPTIDE1,PEPTIDE1,1:R1-10:R3$$$",CC[C@H](C)[C@H]1C(=O)N(C)[C@@H](CC(C)C)C(=O)N(C)[C@@H](Cc2ccccc2)C(=O)N[C@@H](CC(C)C)C(=O)N(C)[C@@H](C(C)C)C(=O)N[C@@H](Cc2ccccc2)C(=O)N[C@@H]([C@@H](C)O)C(=O)N[C@H](C(=O)N2CCCCC2)CC(=O)N(C)CCC(=O)N[C@@H](C)C(=O)N1C,-4.578200000000005,1.863425850868225
"PEPTIDE1{A.L.[Mono81]}$PEPTIDE1,PEPTIDE1,1:R1-3:R2$$$",CC(C)C[C@@H]1NC(=O)[C@H](C)NC(=O)[C@H](Cc2ccccc2)NCCCCCCCCCNC1=O,-4.579964935064935,1.9039523601531985
"PEPTIDE1{[Me_dA].[meL].F.[meL].T.[meA].[meV].I.[meL].A.D.[-pip]}$PEPTIDE1,PEPTIDE1,1:R1-11:R3$$$",CC[C@H](C)[C@@H]1NC(=O)[C@H](C(C)C)N(C)C(=O)[C@H](C)N(C)C(=O)[C@H]([C@@H](C)O)NC(=O)[C@H](CC(C)C)N(C)C(=O)[C@H](Cc2ccccc2)NC(=O)[C@H](CC(C)C)N(C)C(=O)[C@@H](C)N(C)C(=O)C[C@@H](C(=O)N2CCCCC2)NC(=O)[C@H](C)NC(=O)[C@H](CC(C)C)N(C)C1=O,-4.580500000000002,2.278714895248413
"PEPTIDE1{[dV].L.T.[meA].[Phe(4-CF3)].[meL].[meL].[Mono7]}$PEPTIDE1,PEPTIDE1,1:R1-8:R2$$$",CC(C)C[C@@H]1NC(=O)[C@@H](C(C)C)NC(=O)C[C@H](C)NC(=O)[C@H](CC(C)C)N(C)C(=O)[C@H](CC(C)C)N(C)C(=O)[C@H](Cc2ccc(C(F)(F)F)cc2)NC(=O)[C@H](C)N(C)C(=O)[C@H]([C@@H](C)O)NC1=O,-4.580962718253974,1.359811544418335
"PEPTIDE1{[Mono6].[meA].[meL].L.T.[Sar].[meF].I.[meV].[meF].D.[-pip]}$PEPTIDE1,PEPTIDE1,1:R1-11:R3$$$",CC[C@H](C)[C@@H]1NC(=O)[C@H](Cc2ccccc2)N(C)C(=O)CN(C)C(=O)[C@H]([C@@H](C)O)NC(=O)[C@H](CC(C)C)NC(=O)[C@H](CC(C)C)N(C)C(=O)[C@H](C)N(C)C(=O)CCCN(C)C(=O)C[C@@H](C(=O)N2CCCCC2)NC(=O)[C@H](Cc2ccccc2)N(C)C(=O)[C@H](C(C)C)N(C)C1=O,-4.583500000000004,1.7819929122924805
"PEPTIDE1{[Sar].[meL].T.[meA].A.[meF].[meF].[meI].L.[meL].D.[-pip]}$PEPTIDE1,PEPTIDE1,1:R1-11:R3$$$",CC[C@H](C)[C@H]1C(=O)N[C@@H](CC(C)C)C(=O)N(C)[C@@H](CC(C)C)C(=O)N[C@H](C(=O)N2CCCCC2)CC(=O)N(C)CC(=O)N(C)[C@@H](CC(C)C)C(=O)N[C@@H]([C@@H](C)O)C(=O)N(C)[C@@H](C)C(=O)N[C@@H](C)C(=O)N(C)[C@@H](Cc2ccccc2)C(=O)N(C)[C@@H](Cc2ccccc2)C(=O)N1C,-4.583566666666668,1.8680551052093504
"PEPTIDE1{[Me_Bal].L.F.L.[meL].F.T.G.[meF].D.[-pip]}$PEPTIDE1,PEPTIDE1,1:R1-10:R3$$$",CC(C)C[C@@H]1NC(=O)CCN(C)C(=O)C[C@@H](C(=O)N2CCCCC2)NC(=O)[C@H](Cc2ccccc2)N(C)C(=O)CNC(=O)[C@H]([C@@H](C)O)NC(=O)[C@H](Cc2ccccc2)NC(=O)[C@H](CC(C)C)N(C)C(=O)[C@H](CC(C)C)NC(=O)[C@H](Cc2ccccc2)NC1=O,-4.583900000000005,1.5717297792434692
"PEPTIDE1{[Me_Bal].[meV].F.L.[meA].T.L.[meL].G.[meI].F.D.[-pip]}$PEPTIDE1,PEPTIDE1,1:R1-12:R3$$$",CC[C@H](C)[C@H]1C(=O)N[C@@H](Cc2ccccc2)C(=O)N[C@H](C(=O)N2CCCCC2)CC(=O)N(C)CCC(=O)N(C)[C@@H](C(C)C)C(=O)N[C@@H](Cc2ccccc2)C(=O)N[C@@H](CC(C)C)C(=O)N(C)[C@@H](C)C(=O)N[C@@H]([C@@H](C)O)C(=O)N[C@@H](CC(C)C)C(=O)N(C)[C@@H](CC(C)C)C(=O)NCC(=O)N1C,-4.584666666666663,1.7151951789855957
"PEPTIDE1{[Me_dA].[meV].F.[meL].T.[meA].I.[meL].[meA].D.[meF].A.[-pip]}$PEPTIDE1,PEPTIDE1,1:R1-10:R3$$$",CC[C@H](C)[C@@H]1NC(=O)[C@H](C)N(C)C(=O)[C@H]([C@@H](C)O)NC(=O)[C@H](CC(C)C)N(C)C(=O)[C@H](Cc2ccccc2)NC(=O)[C@H](C(C)C)N(C)C(=O)[C@@H](C)N(C)C(=O)C[C@@H](C(=O)N(C)[C@@H](Cc2ccccc2)C(=O)N[C@@H](C)C(=O)N2CCCCC2)NC(=O)[C@H](C)N(C)C(=O)[C@H](CC(C)C)N(C)C1=O,-4.584966666666666,2.131190538406372
"PEPTIDE1{[meL].[Abu].[meL].A.[dA].[meL].[meL].[meL].[meS].[Abu].[Mono8]}$PEPTIDE1,PEPTIDE1,1:R1-11:R2$$$",CC[C@@H]1NC(=O)[C@H](CO)N(C)C(=O)[C@H](CC(C)C)N(C)C(=O)[C@H](CC(C)C)N(C)C(=O)[C@H](CC(C)C)N(C)C(=O)[C@@H](C)NC(=O)[C@H](C)NC(=O)[C@H](CC(C)C)N(C)C(=O)[C@H](CC)NC(=O)[C@H](CC(C)C)N(C)C(=O)C[C@@H](C(F)(F)F)NC1=O,-4.585600000000005,1.4505151510238647
"PEPTIDE1{[Me_dA].[meA].[Sar].[meL].T.[meF].[meL].[Ser(tBu)].[meI].D.[-pip]}$PEPTIDE1,PEPTIDE1,1:R1-10:R3$$$",CC[C@H](C)[C@H]1C(=O)N[C@H](C(=O)N2CCCCC2)CC(=O)N(C)[C@H](C)C(=O)N(C)[C@@H](C)C(=O)N(C)CC(=O)N(C)[C@@H](CC(C)C)C(=O)N[C@@H]([C@@H](C)O)C(=O)N(C)[C@@H](Cc2ccccc2)C(=O)N(C)[C@@H](CC(C)C)C(=O)N[C@@H](COC(C)(C)C)C(=O)N1C,-4.586683333333333,1.2752339839935305
"PEPTIDE1{[Me_Bal].[meF].[meL].T.[meA].G.[meL].[meL].[meL].D.[-pip]}$PEPTIDE1,PEPTIDE1,1:R1-10:R3$$$",CC(C)C[C@H]1C(=O)N(C)[C@@H](CC(C)C)C(=O)N(C)[C@@H](CC(C)C)C(=O)N[C@H](C(=O)N2CCCCC2)CC(=O)N(C)CCC(=O)N(C)[C@@H](Cc2ccccc2)C(=O)N(C)[C@@H](CC(C)C)C(=O)N[C@@H]([C@@H](C)O)C(=O)N(C)[C@@H](C)C(=O)NCC(=O)N1C,-4.587999999999995,1.725031495094299
"PEPTIDE1{[Me_Bal].[meL].[meL].L.G.[meI].F.T.P.F.D.[-pip]}$PEPTIDE1,PEPTIDE1,1:R1-11:R3$$$",CC[C@H](C)[C@H]1C(=O)N[C@@H](Cc2ccccc2)C(=O)N[C@@H]([C@@H](C)O)C(=O)N2CCC[C@H]2C(=O)N[C@@H](Cc2ccccc2)C(=O)N[C@H](C(=O)N2CCCCC2)CC(=O)N(C)CCC(=O)N(C)[C@@H](CC(C)C)C(=O)N(C)[C@@H](CC(C)C)C(=O)N[C@@H](CC(C)C)C(=O)NCC(=O)N1C,-4.589292857142862,2.0609147548675537
"PEPTIDE1{[dV].T.[meA].[meF].V.[meF].[meL].G.D.[meF].A.[-pip]}$PEPTIDE1,PEPTIDE1,1:R1-9:R3$$$",CC(C)C[C@H]1C(=O)NCC(=O)N[C@H](C(=O)N(C)[C@@H](Cc2ccccc2)C(=O)N[C@@H](C)C(=O)N2CCCCC2)CC(=O)N[C@H](C(C)C)C(=O)N[C@@H]([C@@H](C)O)C(=O)N(C)[C@@H](C)C(=O)N(C)[C@@H](Cc2ccccc2)C(=O)N[C@@H](C(C)C)C(=O)N(C)[C@@H](Cc2ccccc2)C(=O)N1C,-4.589340000000003,1.7616004943847656
"PEPTIDE1{[meA].F.F.[meL].L.T.L.G.[meF].D.[-pip]}$PEPTIDE1,PEPTIDE1,1:R1-10:R3$$$",CC(C)C[C@@H]1NC(=O)[C@H]([C@@H](C)O)NC(=O)[C@H](CC(C)C)NC(=O)[C@H](CC(C)C)N(C)C(=O)[C@H](Cc2ccccc2)NC(=O)[C@H](Cc2ccccc2)NC(=O)[C@H](C)N(C)C(=O)C[C@@H](C(=O)N2CCCCC2)NC(=O)[C@H](Cc2ccccc2)N(C)C(=O)CNC1=O,-4.590149999999995,1.53681218624115
"PEPTIDE1{[Sar].A.[meF].[meL].[meL].F.T.[meA].D.[-pip]}$PEPTIDE1,PEPTIDE1,1:R1-9:R3$$$",CC(C)C[C@H]1C(=O)N[C@@H](Cc2ccccc2)C(=O)N[C@@H]([C@@H](C)O)C(=O)N(C)[C@@H](C)C(=O)N[C@H](C(=O)N2CCCCC2)CC(=O)N(C)CC(=O)N[C@@H](C)C(=O)N(C)[C@@H](Cc2ccccc2)C(=O)N(C)[C@@H](CC(C)C)C(=O)N1C,-4.590399999999992,1.828652620315552
"PEPTIDE1{[Me_Bal].L.[meL].T.F.[meL].[meF].I.[meL].D.[-pip]}$PEPTIDE1,PEPTIDE1,1:R1-10:R3$$$",CC[C@H](C)[C@@H]1NC(=O)[C@H](Cc2ccccc2)N(C)C(=O)[C@H](CC(C)C)N(C)C(=O)[C@H](Cc2ccccc2)NC(=O)[C@H]([C@@H](C)O)NC(=O)[C@H](CC(C)C)N(C)C(=O)[C@H](CC(C)C)NC(=O)CCN(C)C(=O)C[C@@H](C(=O)N2CCCCC2)NC(=O)[C@H](CC(C)C)N(C)C1=O,-4.591399999999996,2.2725212574005127
"PEPTIDE1{[dV].T.[meA].[meF].[meF].[Ser(tBu)].[meL].G.D.[meL].A.[-pip]}$PEPTIDE1,PEPTIDE1,1:R1-9:R3$$$",CC(C)C[C@@H](C(=O)N[C@@H](C)C(=O)N1CCCCC1)N(C)C(=O)[C@@H]1CC(=O)N[C@H](C(C)C)C(=O)N[C@@H]([C@@H](C)O)C(=O)N(C)[C@@H](C)C(=O)N(C)[C@@H](Cc2ccccc2)C(=O)N(C)[C@@H](Cc2ccccc2)C(=O)N[C@@H](COC(C)(C)C)C(=O)N(C)[C@@H](CC(C)C)C(=O)NCC(=O)N1,-4.591500000000006,1.7340826988220217
"PEPTIDE1{[Me_Bal].T.[meA].[meL].V.[meF].F.[meL].D.[meF].A.[-pip]}$PEPTIDE1,PEPTIDE1,1:R1-9:R3$$$",CC(C)C[C@H]1C(=O)N[C@H](C(=O)N(C)[C@@H](Cc2ccccc2)C(=O)N[C@@H](C)C(=O)N2CCCCC2)CC(=O)N(C)CCC(=O)N[C@@H]([C@@H](C)O)C(=O)N(C)[C@@H](C)C(=O)N(C)[C@@H](CC(C)C)C(=O)N[C@@H](C(C)C)C(=O)N(C)[C@@H](Cc2ccccc2)C(=O)N[C@@H](Cc2ccccc2)C(=O)N1C,-4.592364623655908,1.943213939666748
"PEPTIDE1{[Me_Bal].F.[meF].[meL].T.[meA].[meI].A.[meL].[Ser(tBu)].[meL].[Mono7]}$PEPTIDE1,PEPTIDE1,1:R1-12:R2$$$",CC[C@H](C)[C@H]1C(=O)N[C@@H](C)C(=O)N(C)[C@@H](CC(C)C)C(=O)N[C@@H](COC(C)(C)C)C(=O)N(C)[C@@H](CC(C)C)C(=O)N[C@@H](C)CC(=O)N(C)CCC(=O)N[C@@H](Cc2ccccc2)C(=O)N(C)[C@@H](Cc2ccccc2)C(=O)N(C)[C@@H](CC(C)C)C(=O)N[C@@H]([C@@H](C)O)C(=O)N(C)[C@@H](C)C(=O)N1C,-4.592399999999997,1.6624484062194824
"PEPTIDE1{[dV].T.[Sar].L.P.[meV].F.[meF].[meL].A.[meI].D.[-pip]}$PEPTIDE1,PEPTIDE1,1:R1-12:R3$$$",CC[C@H](C)[C@H]1C(=O)N[C@H](C(=O)N2CCCCC2)CC(=O)N[C@H](C(C)C)C(=O)N[C@@H]([C@@H](C)O)C(=O)N(C)CC(=O)N[C@@H](CC(C)C)C(=O)N2CCC[C@H]2C(=O)N(C)[C@@H](C(C)C)C(=O)N[C@@H](Cc2ccccc2)C(=O)N(C)[C@@H](Cc2ccccc2)C(=O)N(C)[C@@H](CC(C)C)C(=O)N[C@@H](C)C(=O)N1C,-4.592599999999997,1.90719473361969
"PEPTIDE1{[meA].[meL].T.F.[Sar].A.[meV].[meL].L.[meL].D.[-pip]}$PEPTIDE1,PEPTIDE1,1:R1-11:R3$$$",CC(C)C[C@@H]1NC(=O)[C@H](CC(C)C)N(C)C(=O)[C@H](C(C)C)N(C)C(=O)[C@H](C)NC(=O)CN(C)C(=O)[C@H](Cc2ccccc2)NC(=O)[C@H]([C@@H](C)O)NC(=O)[C@H](CC(C)C)N(C)C(=O)[C@H](C)N(C)C(=O)C[C@@H](C(=O)N2CCCCC2)NC(=O)[C@H](CC(C)C)N(C)C1=O,-4.593066666666667,1.9147859811782837
"PEPTIDE1{[Mono6].[meF].T.[meA].[Ser(tBu)].[meL].[meL].D.[-pip]}$PEPTIDE1,PEPTIDE1,1:R1-8:R3$$$",CC(C)C[C@H]1C(=O)N(C)[C@@H](CC(C)C)C(=O)N[C@H](C(=O)N2CCCCC2)CC(=O)N(C)CCCC(=O)N(C)[C@@H](Cc2ccccc2)C(=O)N[C@@H]([C@@H](C)O)C(=O)N(C)[C@@H](C)C(=O)N[C@@H](COC(C)(C)C)C(=O)N1C,-4.593400000000001,1.6589860916137695
"PEPTIDE1{[Me_dA].[meL].[meL].L.T.A.[meF].F.[meL].D.[meF].A.[-pip]}$PEPTIDE1,PEPTIDE1,1:R1-10:R3$$$",CC(C)C[C@@H]1NC(=O)[C@H](CC(C)C)N(C)C(=O)[C@H](CC(C)C)N(C)C(=O)[C@@H](C)N(C)C(=O)C[C@@H](C(=O)N(C)[C@@H](Cc2ccccc2)C(=O)N[C@@H](C)C(=O)N2CCCCC2)NC(=O)[C@H](CC(C)C)N(C)C(=O)[C@H](Cc2ccccc2)NC(=O)[C@H](Cc2ccccc2)N(C)C(=O)[C@H](C)NC(=O)[C@H]([C@@H](C)O)NC1=O,-4.594799999999993,1.6643060445785522
"PEPTIDE1{[meL].L.[meF].T.[meL].[meA].D.[-pip]}$PEPTIDE1,PEPTIDE1,1:R1-7:R3$$$",CC(C)C[C@@H]1NC(=O)[C@H](CC(C)C)N(C)C(=O)C[C@@H](C(=O)N2CCCCC2)NC(=O)[C@H](C)N(C)C(=O)[C@H](CC(C)C)N(C)C(=O)[C@H]([C@@H](C)O)NC(=O)[C@H](Cc2ccccc2)N(C)C1=O,-4.594933333333333,1.626987099647522
"PEPTIDE1{[Me_Bal].F.V.L.[Sar].T.L.[meV].L.[meL].D.[-pip]}$PEPTIDE1,PEPTIDE1,1:R1-11:R3$$$",CC(C)C[C@@H]1NC(=O)[C@H](C(C)C)NC(=O)[C@H](Cc2ccccc2)NC(=O)CCN(C)C(=O)C[C@@H](C(=O)N2CCCCC2)NC(=O)[C@H](CC(C)C)N(C)C(=O)[C@H](CC(C)C)NC(=O)[C@H](C(C)C)N(C)C(=O)[C@H](CC(C)C)NC(=O)[C@H]([C@@H](C)O)NC(=O)CN(C)C1=O,-4.595200000000002,1.7802455425262451
"PEPTIDE1{[Me_Bal].A.[meL].[meF].[meL].F.T.[meA].D.[-pip]}$PEPTIDE1,PEPTIDE1,1:R1-9:R3$$$",CC(C)C[C@H]1C(=O)N(C)[C@@H](Cc2ccccc2)C(=O)N(C)[C@@H](CC(C)C)C(=O)N[C@@H](Cc2ccccc2)C(=O)N[C@@H]([C@@H](C)O)C(=O)N(C)[C@@H](C)C(=O)N[C@H](C(=O)N2CCCCC2)CC(=O)N(C)CCC(=O)N[C@@H](C)C(=O)N1C,-4.595499999999994,2.0115365982055664
"PEPTIDE1{[dV].[Me_Phe(3-Cl)].[meA].[meL].T.[meA].[meL].[Ser(tBu)].[Mono7]}$PEPTIDE1,PEPTIDE1,1:R1-9:R2$$$",CC(C)C[C@H]1C(=O)N[C@@H](COC(C)(C)C)C(=O)N[C@@H](C)CC(=O)N[C@H](C(C)C)C(=O)N(C)[C@@H](Cc2cccc(Cl)c2)C(=O)N(C)[C@@H](C)C(=O)N(C)[C@@H](CC(C)C)C(=O)N[C@@H]([C@@H](C)O)C(=O)N(C)[C@@H](C)C(=O)N1C,-4.597800000000001,1.582415223121643
"PEPTIDE1{[Mono6].I.[meF].[meL].A.[meV].[meA].T.[Sar].[meL].[meF].D.[-pip]}$PEPTIDE1,PEPTIDE1,1:R1-12:R3$$$",CC[C@H](C)[C@@H]1NC(=O)CCCN(C)C(=O)C[C@@H](C(=O)N2CCCCC2)NC(=O)[C@H](Cc2ccccc2)N(C)C(=O)[C@H](CC(C)C)N(C)C(=O)CN(C)C(=O)[C@H]([C@@H](C)O)NC(=O)[C@H](C)N(C)C(=O)[C@H](C(C)C)N(C)C(=O)[C@H](C)NC(=O)[C@H](CC(C)C)N(C)C(=O)[C@H](Cc2ccccc2)N(C)C1=O,-4.5981999999999985,1.5806119441986084
"PEPTIDE1{[Mono6].[Sar].[meL].T.[meF].[meL].L.D.[-pip]}$PEPTIDE1,PEPTIDE1,1:R1-8:R3$$$",CC(C)C[C@@H]1NC(=O)[C@H](CC(C)C)N(C)C(=O)[C@H](Cc2ccccc2)N(C)C(=O)[C@H]([C@@H](C)O)NC(=O)[C@H](CC(C)C)N(C)C(=O)CN(C)C(=O)CCCN(C)C(=O)C[C@@H](C(=O)N2CCCCC2)NC1=O,-4.599499999999996,1.6373685598373413
"PEPTIDE1{[Sar].[meV].F.I.[meA].L.G.[meL].F.[meL].T.D.[-pip]}$PEPTIDE1,PEPTIDE1,1:R1-12:R3$$$",CC[C@H](C)[C@@H]1NC(=O)[C@H](Cc2ccccc2)NC(=O)[C@H](C(C)C)N(C)C(=O)CN(C)C(=O)C[C@@H](C(=O)N2CCCCC2)NC(=O)[C@H]([C@@H](C)O)NC(=O)[C@H](CC(C)C)N(C)C(=O)[C@H](Cc2ccccc2)NC(=O)[C@H](CC(C)C)N(C)C(=O)CNC(=O)[C@H](CC(C)C)NC(=O)[C@H](C)N(C)C1=O,-4.599600000000005,1.950652837753296
"PEPTIDE1{A.[Me_dL].[Mono78]}$PEPTIDE1,PEPTIDE1,1:R1-3:R2$$$",CC(C)C[C@@H]1C(=O)NCCCCCCN[C@@H](Cc2ccccc2)C(=O)N[C@@H](C)C(=O)N1C,-4.600000000000008,1.917030692100525
"PEPTIDE1{A.[meL].[Mono78]}$PEPTIDE1,PEPTIDE1,1:R1-3:R2$$$",CC(C)C[C@H]1C(=O)NCCCCCCN[C@@H](Cc2ccccc2)C(=O)N[C@@H](C)C(=O)N1C,-4.600000000000008,1.917030692100525
"PEPTIDE1{[dA].[meL].[Mono78]}$PEPTIDE1,PEPTIDE1,1:R1-3:R2$$$",CC(C)C[C@H]1C(=O)NCCCCCCN[C@@H](Cc2ccccc2)C(=O)N[C@H](C)C(=O)N1C,-4.600000000000008,1.917030692100525
"PEPTIDE1{[dV].T.[meA].[meF].[meF].[Ser(tBu)].[meL].G.D.[-pip]}$PEPTIDE1,PEPTIDE1,1:R1-9:R3$$$",CC(C)C[C@H]1C(=O)NCC(=O)N[C@H](C(=O)N2CCCCC2)CC(=O)N[C@H](C(C)C)C(=O)N[C@@H]([C@@H](C)O)C(=O)N(C)[C@@H](C)C(=O)N(C)[C@@H](Cc2ccccc2)C(=O)N(C)[C@@H](Cc2ccccc2)C(=O)N[C@@H](COC(C)(C)C)C(=O)N1C,-4.601052173913049,1.5443230867385864
"PEPTIDE1{[meA].T.[Sar].[meL].I.[meL].[meF].[meL].D.[meL].A.[-pip]}$PEPTIDE1,PEPTIDE1,1:R1-9:R3$$$",CC[C@H](C)[C@@H]1NC(=O)[C@H](CC(C)C)N(C)C(=O)CN(C)C(=O)[C@H]([C@@H](C)O)NC(=O)[C@H](C)N(C)C(=O)C[C@@H](C(=O)N(C)[C@@H](CC(C)C)C(=O)N[C@@H](C)C(=O)N2CCCCC2)NC(=O)[C@H](CC(C)C)N(C)C(=O)[C@H](Cc2ccccc2)N(C)C(=O)[C@H](CC(C)C)N(C)C1=O,-4.601320000000003,1.4267337322235107
"PEPTIDE1{[dA].[meA].[meF].[meL].T.[Sar].[meL].I.[meV].D.[meF].A.[-pip]}$PEPTIDE1,PEPTIDE1,1:R1-10:R3$$$",CC[C@H](C)[C@@H]1NC(=O)[C@H](CC(C)C)N(C)C(=O)CN(C)C(=O)[C@H]([C@@H](C)O)NC(=O)[C@H](CC(C)C)N(C)C(=O)[C@H](Cc2ccccc2)N(C)C(=O)[C@H](C)N(C)C(=O)[C@@H](C)NC(=O)C[C@@H](C(=O)N(C)[C@@H](Cc2ccccc2)C(=O)N[C@@H](C)C(=O)N2CCCCC2)NC(=O)[C@H](C(C)C)N(C)C1=O,-4.601400000000002,1.8843276500701904
"PEPTIDE1{[meA].[Sar].F.[meV].T.[meA].[meL].[meL].I.D.[-pip]}$PEPTIDE1,PEPTIDE1,1:R1-10:R3$$$",CC[C@H](C)[C@@H]1NC(=O)[C@H](CC(C)C)N(C)C(=O)[C@H](CC(C)C)N(C)C(=O)[C@H](C)N(C)C(=O)[C@H]([C@@H](C)O)NC(=O)[C@H](C(C)C)N(C)C(=O)[C@H](Cc2ccccc2)NC(=O)CN(C)C(=O)[C@H](C)N(C)C(=O)C[C@@H](C(=O)N2CCCCC2)NC1=O,-4.602133333333336,1.7693819999694824
"PEPTIDE1{[Me_dA].[meL].[Mono90]}$PEPTIDE1,PEPTIDE1,1:R1-3:R2$$$",CC(C)C[C@H]1C(=O)N(C)CCCCCCN[C@@H](Cc2ccccc2)C(=O)N(C)[C@H](C)C(=O)N1C,-4.602339130434783,1.94071102142334
"PEPTIDE1{[Mono6].[meL].L.[meV].T.F.[meF].I.[meA].A.D.[-pip]}$PEPTIDE1,PEPTIDE1,1:R1-11:R3$$$",CC[C@H](C)[C@@H]1NC(=O)[C@H](Cc2ccccc2)N(C)C(=O)[C@H](Cc2ccccc2)NC(=O)[C@H]([C@@H](C)O)NC(=O)[C@H](C(C)C)N(C)C(=O)[C@H](CC(C)C)NC(=O)[C@H](CC(C)C)N(C)C(=O)CCCN(C)C(=O)C[C@@H](C(=O)N2CCCCC2)NC(=O)[C@H](C)NC(=O)[C@H](C)N(C)C1=O,-4.602650000000005,1.9604871273040771
"PEPTIDE1{[Me_dA].[meL].T.F.[Sar].[meV].A.[meL].L.[meL].D.[-pip]}$PEPTIDE1,PEPTIDE1,1:R1-11:R3$$$",CC(C)C[C@@H]1NC(=O)[C@H](CC(C)C)N(C)C(=O)[C@H](C)NC(=O)[C@H](C(C)C)N(C)C(=O)CN(C)C(=O)[C@H](Cc2ccccc2)NC(=O)[C@H]([C@@H](C)O)NC(=O)[C@H](CC(C)C)N(C)C(=O)[C@@H](C)N(C)C(=O)C[C@@H](C(=O)N2CCCCC2)NC(=O)[C@H](CC(C)C)N(C)C1=O,-4.603266666666666,1.8781359195709229
"PEPTIDE1{[Aib].F.[meF].F.L.P.[meL]}$PEPTIDE1,PEPTIDE1,1:R1-7:R2$$$",CC(C)C[C@@H]1NC(=O)[C@H](Cc2ccccc2)NC(=O)[C@H](Cc2ccccc2)N(C)C(=O)[C@H](Cc2ccccc2)NC(=O)C(C)(C)NC(=O)[C@H](CC(C)C)N(C)C(=O)[C@@H]2CCCN2C1=O,-4.603360285087718,1.6677885055541992
"PEPTIDE1{A.[meF].[meL].T.[meA].V.[meL].[meI].D.[meF].A.[-pip]}$PEPTIDE1,PEPTIDE1,1:R1-9:R3$$$",CC[C@H](C)[C@H]1C(=O)N[C@H](C(=O)N(C)[C@@H](Cc2ccccc2)C(=O)N[C@@H](C)C(=O)N2CCCCC2)CC(=O)N[C@@H](C)C(=O)N(C)[C@@H](Cc2ccccc2)C(=O)N(C)[C@@H](CC(C)C)C(=O)N[C@@H]([C@@H](C)O)C(=O)N(C)[C@@H](C)C(=O)N[C@@H](C(C)C)C(=O)N(C)[C@@H](CC(C)C)C(=O)N1C,-4.603733333333335,2.2408699989318848
"PEPTIDE1{[dA].[meA].[meF].[meL].T.[Sar].[meL].V.D.[meF].[meF].A.[-pip]}$PEPTIDE1,PEPTIDE1,1:R1-9:R3$$$",CC(C)C[C@H]1C(=O)N[C@@H](C(C)C)C(=O)N[C@H](C(=O)N(C)[C@@H](Cc2ccccc2)C(=O)N(C)[C@@H](Cc2ccccc2)C(=O)N[C@@H](C)C(=O)N2CCCCC2)CC(=O)N[C@H](C)C(=O)N(C)[C@@H](C)C(=O)N(C)[C@@H](Cc2ccccc2)C(=O)N(C)[C@@H](CC(C)C)C(=O)N[C@@H]([C@@H](C)O)C(=O)N(C)CC(=O)N1C,-4.604433333333335,1.9747838973999023
"PEPTIDE1{[Me_dA].[meV].F.L.[meA].T.F.[meL].L.G.[meI].D.[-pip]}$PEPTIDE1,PEPTIDE1,1:R1-12:R3$$$",CC[C@H](C)[C@H]1C(=O)N[C@H](C(=O)N2CCCCC2)CC(=O)N(C)[C@H](C)C(=O)N(C)[C@@H](C(C)C)C(=O)N[C@@H](Cc2ccccc2)C(=O)N[C@@H](CC(C)C)C(=O)N(C)[C@@H](C)C(=O)N[C@@H]([C@@H](C)O)C(=O)N[C@@H](Cc2ccccc2)C(=O)N(C)[C@@H](CC(C)C)C(=O)N[C@@H](CC(C)C)C(=O)NCC(=O)N1C,-4.6045,1.7017061710357666
"PEPTIDE1{[Me_Bal].[meA].[meF].T.[Sar].[meL].[meL].V.D.[meF].[meF].A.[-pip]}$PEPTIDE1,PEPTIDE1,1:R1-9:R3$$$",CC(C)C[C@H]1C(=O)N(C)[C@@H](CC(C)C)C(=O)N[C@@H](C(C)C)C(=O)N[C@H](C(=O)N(C)[C@@H](Cc2ccccc2)C(=O)N(C)[C@@H](Cc2ccccc2)C(=O)N[C@@H](C)C(=O)N2CCCCC2)CC(=O)N(C)CCC(=O)N(C)[C@@H](C)C(=O)N(C)[C@@H](Cc2ccccc2)C(=O)N[C@@H]([C@@H](C)O)C(=O)N(C)CC(=O)N1C,-4.605533333333338,1.6208313703536987
"PEPTIDE1{L.[Me_dAbu].[meL].L.[dP].[meF]}$PEPTIDE1,PEPTIDE1,1:R1-6:R2$$$",CC[C@@H]1C(=O)N(C)[C@@H](CC(C)C)C(=O)N[C@@H](CC(C)C)C(=O)N2CCC[C@@H]2C(=O)N(C)[C@@H](Cc2ccccc2)C(=O)N[C@@H](CC(C)C)C(=O)N1C,-4.605726578510378,1.314055562019348
"PEPTIDE1{[dA].[meF].[meL].T.[meL].[Ser(tBu)].[meL].D.[-pip]}$PEPTIDE1,PEPTIDE1,1:R1-8:R3$$$",CC(C)C[C@H]1C(=O)N[C@H](C(=O)N2CCCCC2)CC(=O)N[C@H](C)C(=O)N(C)[C@@H](Cc2ccccc2)C(=O)N(C)[C@@H](CC(C)C)C(=O)N[C@@H]([C@@H](C)O)C(=O)N(C)[C@@H](CC(C)C)C(=O)N[C@@H](COC(C)(C)C)C(=O)N1C,-4.607899999999995,1.525386095046997
"PEPTIDE1{[Mono6].T.[meA].[meF].[Ser(tBu)].[meL].[meF].G.[Mono7]}$PEPTIDE1,PEPTIDE1,1:R1-9:R2$$$",CC(C)C[C@H]1C(=O)N(C)[C@@H](Cc2ccccc2)C(=O)NCC(=O)N[C@@H](C)CC(=O)N(C)CCCC(=O)N[C@@H]([C@@H](C)O)C(=O)N(C)[C@@H](C)C(=O)N(C)[C@@H](Cc2ccccc2)C(=O)N[C@@H](COC(C)(C)C)C(=O)N1C,-4.608700000000005,1.332760453224182
"PEPTIDE1{[meA].[meF].[meL].T.[meA].[meL].[Ser(tBu)].D.[-pip]}$PEPTIDE1,PEPTIDE1,1:R1-8:R3$$$",CC(C)C[C@H]1C(=O)N[C@@H](COC(C)(C)C)C(=O)N[C@H](C(=O)N2CCCCC2)CC(=O)N(C)[C@@H](C)C(=O)N(C)[C@@H](Cc2ccccc2)C(=O)N(C)[C@@H](CC(C)C)C(=O)N[C@@H]([C@@H](C)O)C(=O)N(C)[C@@H](C)C(=O)N1C,-4.608900000000002,1.515742540359497
"PEPTIDE1{[Sar].L.[meF].[meL].A.[meV].[meA].T.[Sar].[meI].[meF].D.[-pip]}$PEPTIDE1,PEPTIDE1,1:R1-12:R3$$$",CC[C@H](C)[C@H]1C(=O)N(C)[C@@H](Cc2ccccc2)C(=O)N[C@H](C(=O)N2CCCCC2)CC(=O)N(C)CC(=O)N[C@@H](CC(C)C)C(=O)N(C)[C@@H](Cc2ccccc2)C(=O)N(C)[C@@H](CC(C)C)C(=O)N[C@@H](C)C(=O)N(C)[C@@H](C(C)C)C(=O)N(C)[C@@H](C)C(=O)N[C@@H]([C@@H](C)O)C(=O)N(C)CC(=O)N1C,-4.609100000000003,1.21746826171875
"PEPTIDE1{L.[Me_dL].[meL].A.[dP].[meF]}$PEPTIDE1,PEPTIDE1,1:R1-6:R2$$$",CC(C)C[C@@H]1NC(=O)[C@H](Cc2ccccc2)N(C)C(=O)[C@H]2CCCN2C(=O)[C@H](C)NC(=O)[C@H](CC(C)C)N(C)C(=O)[C@@H](CC(C)C)N(C)C1=O,-4.609420833333327,1.7357178926467896
"PEPTIDE1{[meA].F.[meV].L.[meI].L.G.[meL].F.T.[meA].D.[-pip]}$PEPTIDE1,PEPTIDE1,1:R1-12:R3$$$",CC[C@H](C)[C@H]1C(=O)N[C@@H](CC(C)C)C(=O)NCC(=O)N(C)[C@@H](CC(C)C)C(=O)N[C@@H](Cc2ccccc2)C(=O)N[C@@H]([C@@H](C)O)C(=O)N(C)[C@@H](C)C(=O)N[C@H](C(=O)N2CCCCC2)CC(=O)N(C)[C@@H](C)C(=O)N[C@@H](Cc2ccccc2)C(=O)N(C)[C@@H](C(C)C)C(=O)N[C@@H](CC(C)C)C(=O)N1C,-4.610899999999994,1.369713544845581
"PEPTIDE1{[Me_Bal].L.T.F.I.L.F.[meF].L.D.[-pip]}$PEPTIDE1,PEPTIDE1,1:R1-10:R3$$$",CC[C@H](C)[C@@H]1NC(=O)[C@H](Cc2ccccc2)NC(=O)[C@H]([C@@H](C)O)NC(=O)[C@H](CC(C)C)NC(=O)CCN(C)C(=O)C[C@@H](C(=O)N2CCCCC2)NC(=O)[C@H](CC(C)C)NC(=O)[C@H](Cc2ccccc2)N(C)C(=O)[C@H](Cc2ccccc2)NC(=O)[C@H](CC(C)C)NC1=O,-4.610974999999994,1.4479843378067017
"PEPTIDE1{[Sar].L.T.[Sar].[meF].A.[meF].[meL].[meI].[meL].D.[-pip]}$PEPTIDE1,PEPTIDE1,1:R1-11:R3$$$",CC[C@H](C)[C@H]1C(=O)N(C)[C@@H](CC(C)C)C(=O)N[C@H](C(=O)N2CCCCC2)CC(=O)N(C)CC(=O)N[C@@H](CC(C)C)C(=O)N[C@@H]([C@@H](C)O)C(=O)N(C)CC(=O)N(C)[C@@H](Cc2ccccc2)C(=O)N[C@@H](C)C(=O)N(C)[C@@H](Cc2ccccc2)C(=O)N(C)[C@@H](CC(C)C)C(=O)N1C,-4.61155,1.3541207313537598
"PEPTIDE1{[Me_Bal].[meF].L.[meL].[meV].A.[meV].[Sar].T.[meA].[meF].D.[-pip]}$PEPTIDE1,PEPTIDE1,1:R1-12:R3$$$",CC(C)C[C@@H]1NC(=O)[C@H](Cc2ccccc2)N(C)C(=O)CCN(C)C(=O)C[C@@H](C(=O)N2CCCCC2)NC(=O)[C@H](Cc2ccccc2)N(C)C(=O)[C@H](C)N(C)C(=O)[C@H]([C@@H](C)O)NC(=O)CN(C)C(=O)[C@H](C(C)C)N(C)C(=O)[C@H](C)NC(=O)[C@H](C(C)C)N(C)C(=O)[C@H](CC(C)C)N(C)C1=O,-4.611999999999994,2.025409698486328
"PEPTIDE1{[meA].[meA].V.[meF].G.[meL].F.[meV].T.D.[meF].[meF].A.[-pip]}$PEPTIDE1,PEPTIDE1,1:R1-10:R3$$$",CC(C)C[C@H]1C(=O)N[C@@H](Cc2ccccc2)C(=O)N(C)[C@@H](C(C)C)C(=O)N[C@@H]([C@@H](C)O)C(=O)N[C@H](C(=O)N(C)[C@@H](Cc2ccccc2)C(=O)N(C)[C@@H](Cc2ccccc2)C(=O)N[C@@H](C)C(=O)N2CCCCC2)CC(=O)N(C)[C@@H](C)C(=O)N(C)[C@@H](C)C(=O)N[C@@H](C(C)C)C(=O)N(C)[C@@H](Cc2ccccc2)C(=O)NCC(=O)N1C,-4.612683333333328,1.7741702795028689
"PEPTIDE1{[Me_Bal].T.[meA].[meF].[meF].G.[meL].[meL].[meL].D.[-pip]}$PEPTIDE1,PEPTIDE1,1:R1-10:R3$$$",CC(C)C[C@H]1C(=O)N(C)[C@@H](CC(C)C)C(=O)N(C)[C@@H](CC(C)C)C(=O)N[C@H](C(=O)N2CCCCC2)CC(=O)N(C)CCC(=O)N[C@@H]([C@@H](C)O)C(=O)N(C)[C@@H](C)C(=O)N(C)[C@@H](Cc2ccccc2)C(=O)N(C)[C@@H](Cc2ccccc2)C(=O)NCC(=O)N1C,-4.612700000000006,1.7024884223937988
"PEPTIDE1{[Me_dA].[meF].[meL].T.[Sar].[Ser(tBu)].[meL].[Mono7]}$PEPTIDE1,PEPTIDE1,1:R1-8:R2$$$",CC(C)C[C@H]1C(=O)N[C@@H](C)CC(=O)N(C)[C@H](C)C(=O)N(C)[C@@H](Cc2ccccc2)C(=O)N(C)[C@@H](CC(C)C)C(=O)N[C@@H]([C@@H](C)O)C(=O)N(C)CC(=O)N[C@@H](COC(C)(C)C)C(=O)N1C,-4.613249999999993,1.285691499710083
"PEPTIDE1{A.[meF].[Sar].[meF].T.[meL].[Ser(tBu)].D.[-pip]}$PEPTIDE1,PEPTIDE1,1:R1-8:R3$$$",CC(C)C[C@H]1C(=O)N[C@@H](COC(C)(C)C)C(=O)N[C@H](C(=O)N2CCCCC2)CC(=O)N[C@@H](C)C(=O)N(C)[C@@H](Cc2ccccc2)C(=O)N(C)CC(=O)N(C)[C@@H](Cc2ccccc2)C(=O)N[C@@H]([C@@H](C)O)C(=O)N1C,-4.615400000000003,1.3647648096084597
"PEPTIDE1{A.L.[Mono79]}$PEPTIDE1,PEPTIDE1,1:R1-3:R2$$$",CC(C)C[C@@H]1NC(=O)[C@H](C)NC(=O)[C@H](Cc2ccccc2)NCCCCCCCNC1=O,-4.615424025974031,1.9039523601531985
"PEPTIDE1{A.[meA].[meF].[meL].T.[Sar].V.[meL].[meL].D.[meF].A.[-pip]}$PEPTIDE1,PEPTIDE1,1:R1-10:R3$$$",CC(C)C[C@H]1C(=O)N(C)[C@@H](CC(C)C)C(=O)N[C@H](C(=O)N(C)[C@@H](Cc2ccccc2)C(=O)N[C@@H](C)C(=O)N2CCCCC2)CC(=O)N[C@@H](C)C(=O)N(C)[C@@H](C)C(=O)N(C)[C@@H](Cc2ccccc2)C(=O)N(C)[C@@H](CC(C)C)C(=O)N[C@@H]([C@@H](C)O)C(=O)N(C)CC(=O)N[C@@H](C(C)C)C(=O)N1C,-4.6162,2.37691068649292
"PEPTIDE1{[meA].T.[meA].[meF].[Ser(tBu)].[meF].[meL].G.D.[-pip]}$PEPTIDE1,PEPTIDE1,1:R1-9:R3$$$",CC(C)C[C@H]1C(=O)NCC(=O)N[C@H](C(=O)N2CCCCC2)CC(=O)N(C)[C@@H](C)C(=O)N[C@@H]([C@@H](C)O)C(=O)N(C)[C@@H](C)C(=O)N(C)[C@@H](Cc2ccccc2)C(=O)N[C@@H](COC(C)(C)C)C(=O)N(C)[C@@H](Cc2ccccc2)C(=O)N1C,-4.617258666666673,1.318744659423828
"PEPTIDE1{[meL].A.[meL].A.[dL].[meL].[meL].[meL].[meS].[Abu].[Mono7]}$PEPTIDE1,PEPTIDE1,1:R1-11:R2$$$",CC[C@@H]1NC(=O)[C@H](CO)N(C)C(=O)[C@H](CC(C)C)N(C)C(=O)[C@H](CC(C)C)N(C)C(=O)[C@H](CC(C)C)N(C)C(=O)[C@@H](CC(C)C)NC(=O)[C@H](C)NC(=O)[C@H](CC(C)C)N(C)C(=O)[C@H](C)NC(=O)[C@H](CC(C)C)N(C)C(=O)C[C@H](C)NC1=O,-4.617672413793096,1.4664256572723389
"PEPTIDE1{[meL].A.[dA].[meL].[meL].[meL].[meS].L.[Sar].[meL].[Mono7]}$PEPTIDE1,PEPTIDE1,1:R1-11:R2$$$",CC(C)C[C@@H]1NC(=O)[C@H](CO)N(C)C(=O)[C@H](CC(C)C)N(C)C(=O)[C@H](CC(C)C)N(C)C(=O)[C@H](CC(C)C)N(C)C(=O)[C@@H](C)NC(=O)[C@H](C)NC(=O)[C@H](CC(C)C)N(C)C(=O)C[C@H](C)NC(=O)[C@H](CC(C)C)N(C)C(=O)CN(C)C1=O,-4.618000000000004,1.5213375091552734
"PEPTIDE1{[Sar].[meL].[meF].T.[meA].[Sar].[meL].V.D.[meF].[meF].A.[-pip]}$PEPTIDE1,PEPTIDE1,1:R1-9:R3$$$",CC(C)C[C@H]1C(=O)N[C@@H](C(C)C)C(=O)N[C@H](C(=O)N(C)[C@@H](Cc2ccccc2)C(=O)N(C)[C@@H](Cc2ccccc2)C(=O)N[C@@H](C)C(=O)N2CCCCC2)CC(=O)N(C)CC(=O)N(C)[C@@H](CC(C)C)C(=O)N(C)[C@@H](Cc2ccccc2)C(=O)N[C@@H]([C@@H](C)O)C(=O)N(C)[C@@H](C)C(=O)N(C)CC(=O)N1C,-4.618750000000001,1.823999285697937
"PEPTIDE1{[Me_dA].F.G.[meA].T.[meA].[meF].V.[meV].D.[meF].[meF].A.[-pip]}$PEPTIDE1,PEPTIDE1,1:R1-10:R3$$$",CC(C)[C@@H]1NC(=O)[C@H](Cc2ccccc2)N(C)C(=O)[C@H](C)N(C)C(=O)[C@H]([C@@H](C)O)NC(=O)[C@H](C)N(C)C(=O)CNC(=O)[C@H](Cc2ccccc2)NC(=O)[C@@H](C)N(C)C(=O)C[C@@H](C(=O)N(C)[C@@H](Cc2ccccc2)C(=O)N(C)[C@@H](Cc2ccccc2)C(=O)N[C@@H](C)C(=O)N2CCCCC2)NC(=O)[C@H](C(C)C)N(C)C1=O,-4.618899999999997,1.3817253112792969
"PEPTIDE1{[dA].[meA].[meF].[meL].T.[Sar].[meL].[Ser(tBu)].[meL].D.[-pip]}$PEPTIDE1,PEPTIDE1,1:R1-10:R3$$$",CC(C)C[C@H]1C(=O)N[C@@H](COC(C)(C)C)C(=O)N(C)[C@@H](CC(C)C)C(=O)N[C@H](C(=O)N2CCCCC2)CC(=O)N[C@H](C)C(=O)N(C)[C@@H](C)C(=O)N(C)[C@@H](Cc2ccccc2)C(=O)N(C)[C@@H](CC(C)C)C(=O)N[C@@H]([C@@H](C)O)C(=O)N(C)CC(=O)N1C,-4.620000000000003,1.5490338802337646
"PEPTIDE1{[meA].[meL].T.[meA].[meF].I.[Sar].[meL].[meV].D.[meF].A.[-pip]}$PEPTIDE1,PEPTIDE1,1:R1-10:R3$$$",CC[C@H](C)[C@@H]1NC(=O)[C@H](Cc2ccccc2)N(C)C(=O)[C@H](C)N(C)C(=O)[C@H]([C@@H](C)O)NC(=O)[C@H](CC(C)C)N(C)C(=O)[C@H](C)N(C)C(=O)C[C@@H](C(=O)N(C)[C@@H](Cc2ccccc2)C(=O)N[C@@H](C)C(=O)N2CCCCC2)NC(=O)[C@H](C(C)C)N(C)C(=O)[C@H](CC(C)C)N(C)C(=O)CN(C)C1=O,-4.62026666666667,1.3526122570037842
"PEPTIDE1{V.[meL].L.[dL].[meL].[meL].[meL].[meS].L.[Sar].[Mono7]}$PEPTIDE1,PEPTIDE1,1:R1-11:R2$$$",CC(C)C[C@@H]1NC(=O)[C@H](CC(C)C)N(C)C(=O)[C@H](C(C)C)NC(=O)C[C@H](C)NC(=O)CN(C)C(=O)[C@H](CC(C)C)NC(=O)[C@H](CO)N(C)C(=O)[C@H](CC(C)C)N(C)C(=O)[C@H](CC(C)C)N(C)C(=O)[C@H](CC(C)C)N(C)C(=O)[C@@H](CC(C)C)NC1=O,-4.620460000000006,1.3931654691696167
"PEPTIDE1{[meA].[meF].L.[meL].T.[Sar].[meI].[Ser(tBu)].[meF].[meV].D.[-pip]}$PEPTIDE1,PEPTIDE1,1:R1-11:R3$$$",CC[C@H](C)[C@H]1C(=O)N[C@@H](COC(C)(C)C)C(=O)N(C)[C@@H](Cc2ccccc2)C(=O)N(C)[C@@H](C(C)C)C(=O)N[C@H](C(=O)N2CCCCC2)CC(=O)N(C)[C@@H](C)C(=O)N(C)[C@@H](Cc2ccccc2)C(=O)N[C@@H](CC(C)C)C(=O)N(C)[C@@H](CC(C)C)C(=O)N[C@@H]([C@@H](C)O)C(=O)N(C)CC(=O)N1C,-4.622500000000005,1.3921931982040403
"PEPTIDE1{T.[meA].[meF].G.[meF].[meL].[meL].[meL].[Mono12].[-pip]}$PEPTIDE1,PEPTIDE1,1:R1-9:R3$$$",CC(C)C[C@H]1C(=O)N[C@H](C(=O)N2CCCCC2)Cc2cccc(c2)CCCCC(=O)N[C@@H]([C@@H](C)O)C(=O)N(C)[C@@H](C)C(=O)N(C)[C@@H](Cc2ccccc2)C(=O)NCC(=O)N(C)[C@@H](Cc2ccccc2)C(=O)N(C)[C@@H](CC(C)C)C(=O)N(C)[C@@H](CC(C)C)C(=O)N1C,-4.622999999999996,1.5640082359313965
"PEPTIDE1{[dV].L.[meI].L.[meA].[meF].G.T.F.[meL].P.D.[-pip]}$PEPTIDE1,PEPTIDE1,1:R1-12:R3$$$",CC[C@H](C)[C@H]1C(=O)N[C@@H](CC(C)C)C(=O)N(C)[C@@H](C)C(=O)N(C)[C@@H](Cc2ccccc2)C(=O)NCC(=O)N[C@@H]([C@@H](C)O)C(=O)N[C@@H](Cc2ccccc2)C(=O)N(C)[C@@H](CC(C)C)C(=O)N2CCC[C@H]2C(=O)N[C@H](C(=O)N2CCCCC2)CC(=O)N[C@H](C(C)C)C(=O)N[C@@H](CC(C)C)C(=O)N1C,-4.623278947368423,2.102062940597534
"PEPTIDE1{[meA].[meF].L.[meL].T.[meI].[meA].[meL].[Ser(tBu)].[meL].[Mono7]}$PEPTIDE1,PEPTIDE1,1:R1-11:R2$$$",CC[C@H](C)[C@H]1C(=O)N(C)[C@@H](C)C(=O)N(C)[C@@H](CC(C)C)C(=O)N[C@@H](COC(C)(C)C)C(=O)N(C)[C@@H](CC(C)C)C(=O)N[C@@H](C)CC(=O)N(C)[C@@H](C)C(=O)N(C)[C@@H](Cc2ccccc2)C(=O)N[C@@H](CC(C)C)C(=O)N(C)[C@@H](CC(C)C)C(=O)N[C@@H]([C@@H](C)O)C(=O)N1C,-4.624401298701303,1.345507025718689
"PEPTIDE1{[Me_Bal].[meL].L.[meL].[meF].F.[meL].T.D.[meF].A.[-pip]}$PEPTIDE1,PEPTIDE1,1:R1-9:R3$$$",CC(C)C[C@@H]1NC(=O)[C@H](CC(C)C)N(C)C(=O)CCN(C)C(=O)C[C@@H](C(=O)N(C)[C@@H](Cc2ccccc2)C(=O)N[C@@H](C)C(=O)N2CCCCC2)NC(=O)[C@H]([C@@H](C)O)NC(=O)[C@H](CC(C)C)N(C)C(=O)[C@H](Cc2ccccc2)NC(=O)[C@H](Cc2ccccc2)N(C)C(=O)[C@H](CC(C)C)N(C)C1=O,-4.624900000000003,1.5677118301391602
"PEPTIDE1{[dA].[meF].[meL].T.[meA].[meL].V.[meL].D.[meF].A.[-pip]}$PEPTIDE1,PEPTIDE1,1:R1-9:R3$$$",CC(C)C[C@H]1C(=O)N[C@H](C(=O)N(C)[C@@H](Cc2ccccc2)C(=O)N[C@@H](C)C(=O)N2CCCCC2)CC(=O)N[C@H](C)C(=O)N(C)[C@@H](Cc2ccccc2)C(=O)N(C)[C@@H](CC(C)C)C(=O)N[C@@H]([C@@H](C)O)C(=O)N(C)[C@@H](C)C(=O)N(C)[C@@H](CC(C)C)C(=O)N[C@@H](C(C)C)C(=O)N1C,-4.625233333333335,2.240506887435913
"PEPTIDE1{L.[meA].L.[dP].[meV].L.[meA].L.[Me_dA].[meV]}$PEPTIDE1,PEPTIDE1,1:R1-10:R2$$$",CC(C)C[C@@H]1NC(=O)[C@H](C)N(C)C(=O)[C@H](CC(C)C)NC(=O)[C@H](C(C)C)N(C)C(=O)[C@H]2CCCN2C(=O)[C@H](CC(C)C)NC(=O)[C@H](C)N(C)C(=O)[C@H](CC(C)C)NC(=O)[C@H](C(C)C)N(C)C(=O)[C@@H](C)N(C)C1=O,-4.625441666666672,1.4970914125442505
"PEPTIDE1{A.[Me_dL].[meL].L.[dP].[meF]}$PEPTIDE1,PEPTIDE1,1:R1-6:R2$$$",CC(C)C[C@@H]1NC(=O)[C@H](CC(C)C)N(C)C(=O)[C@@H](CC(C)C)N(C)C(=O)[C@H](C)NC(=O)[C@H](Cc2ccccc2)N(C)C(=O)[C@H]2CCCN2C1=O,-4.62659734725775,1.6624571084976196
"PEPTIDE1{[Me_Bal].[Sar].[meF].A.[meL].[meL].T.[meA].D.[meF].[meF].A.[-pip]}$PEPTIDE1,PEPTIDE1,1:R1-9:R3$$$",CC(C)C[C@H]1C(=O)N(C)[C@@H](CC(C)C)C(=O)N[C@@H]([C@@H](C)O)C(=O)N(C)[C@@H](C)C(=O)N[C@H](C(=O)N(C)[C@@H](Cc2ccccc2)C(=O)N(C)[C@@H](Cc2ccccc2)C(=O)N[C@@H](C)C(=O)N2CCCCC2)CC(=O)N(C)CCC(=O)N(C)CC(=O)N(C)[C@@H](Cc2ccccc2)C(=O)N[C@@H](C)C(=O)N1C,-4.628800000000003,1.906971096992493
"PEPTIDE1{[dA].[meA].[meF].[meL].T.[meA].[meL].[Ser(tBu)].[Mono7]}$PEPTIDE1,PEPTIDE1,1:R1-9:R2$$$",CC(C)C[C@H]1C(=O)N[C@@H](COC(C)(C)C)C(=O)N[C@@H](C)CC(=O)N[C@H](C)C(=O)N(C)[C@@H](C)C(=O)N(C)[C@@H](Cc2ccccc2)C(=O)N(C)[C@@H](CC(C)C)C(=O)N[C@@H]([C@@H](C)O)C(=O)N(C)[C@@H](C)C(=O)N1C,-4.629600000000005,1.580802083015442
"PEPTIDE1{[Mono6].[meA].[meL].T.[meF].[Sar].I.[meL].[meV].D.[meF].A.[-pip]}$PEPTIDE1,PEPTIDE1,1:R1-10:R3$$$",CC[C@H](C)[C@@H]1NC(=O)CN(C)C(=O)[C@H](Cc2ccccc2)N(C)C(=O)[C@H]([C@@H](C)O)NC(=O)[C@H](CC(C)C)N(C)C(=O)[C@H](C)N(C)C(=O)CCCN(C)C(=O)C[C@@H](C(=O)N(C)[C@@H](Cc2ccccc2)C(=O)N[C@@H](C)C(=O)N2CCCCC2)NC(=O)[C@H](C(C)C)N(C)C(=O)[C@H](CC(C)C)N(C)C1=O,-4.629633333333335,2.033738613128662
"PEPTIDE1{[Mono6].A.[meF].F.[meL].T.[meA].[meL].D.[-pip]}$PEPTIDE1,PEPTIDE1,1:R1-9:R3$$$",CC(C)C[C@H]1C(=O)N[C@@H]([C@@H](C)O)C(=O)N(C)[C@@H](C)C(=O)N(C)[C@@H](CC(C)C)C(=O)N[C@H](C(=O)N2CCCCC2)CC(=O)N(C)CCCC(=O)N[C@@H](C)C(=O)N(C)[C@@H](Cc2ccccc2)C(=O)N[C@@H](Cc2ccccc2)C(=O)N1C,-4.629899999999995,1.8124732971191408
"PEPTIDE1{[dV].[meI].[meL].A.[meL].[meF].T.[meF].[meL].[meA].[Mono7]}$PEPTIDE1,PEPTIDE1,1:R1-11:R2$$$",CC[C@H](C)[C@H]1C(=O)N(C)[C@@H](CC(C)C)C(=O)N[C@@H](C)C(=O)N(C)[C@@H](CC(C)C)C(=O)N(C)[C@@H](Cc2ccccc2)C(=O)N[C@@H]([C@@H](C)O)C(=O)N(C)[C@@H](Cc2ccccc2)C(=O)N(C)[C@@H](CC(C)C)C(=O)N(C)[C@@H](C)C(=O)N[C@@H](C)CC(=O)N[C@H](C(C)C)C(=O)N1C,-4.629944444444439,1.4950040578842163
"PEPTIDE1{[Me_dA].L.[meF].[meL].G.[meV].[meF].[meA].T.[meA].[meI].D.[-pip]}$PEPTIDE1,PEPTIDE1,1:R1-12:R3$$$",CC[C@H](C)[C@H]1C(=O)N[C@H](C(=O)N2CCCCC2)CC(=O)N(C)[C@H](C)C(=O)N[C@@H](CC(C)C)C(=O)N(C)[C@@H](Cc2ccccc2)C(=O)N(C)[C@@H](CC(C)C)C(=O)NCC(=O)N(C)[C@@H](C(C)C)C(=O)N(C)[C@@H](Cc2ccccc2)C(=O)N(C)[C@@H](C)C(=O)N[C@@H]([C@@H](C)O)C(=O)N(C)[C@@H](C)C(=O)N1C,-4.629999999999998,1.2057840824127195
"PEPTIDE1{[meA].V.[meF].[Sar].T.[meA].[meL].[meL].D.[meF].A.[-pip]}$PEPTIDE1,PEPTIDE1,1:R1-9:R3$$$",CC(C)C[C@H]1C(=O)N(C)[C@@H](CC(C)C)C(=O)N[C@H](C(=O)N(C)[C@@H](Cc2ccccc2)C(=O)N[C@@H](C)C(=O)N2CCCCC2)CC(=O)N(C)[C@@H](C)C(=O)N[C@@H](C(C)C)C(=O)N(C)[C@@H](Cc2ccccc2)C(=O)N(C)CC(=O)N[C@@H]([C@@H](C)O)C(=O)N(C)[C@@H](C)C(=O)N1C,-4.630920000000004,1.6661981344223022
"PEPTIDE1{[dV].T.[meA].[meF].P.L.[meV].F.[meA].[meL].D.[-pip]}$PEPTIDE1,PEPTIDE1,1:R1-11:R3$$$",CC(C)C[C@@H]1NC(=O)[C@@H]2CCCN2C(=O)[C@H](Cc2ccccc2)N(C)C(=O)[C@H](C)N(C)C(=O)[C@H]([C@@H](C)O)NC(=O)[C@@H](C(C)C)NC(=O)C[C@@H](C(=O)N2CCCCC2)NC(=O)[C@H](CC(C)C)N(C)C(=O)[C@H](C)N(C)C(=O)[C@H](Cc2ccccc2)NC(=O)[C@H](C(C)C)N(C)C1=O,-4.63219999999999,1.9430153369903564
"PEPTIDE1{[meA].[Me_Phe(3-Cl)].[Sar].[meL].T.[meA].[meL].[meI].[Ser(tBu)].[Mono7]}$PEPTIDE1,PEPTIDE1,1:R1-10:R2$$$",CC[C@H](C)[C@H]1C(=O)N[C@@H](COC(C)(C)C)C(=O)N[C@@H](C)CC(=O)N(C)[C@@H](C)C(=O)N(C)[C@@H](Cc2cccc(Cl)c2)C(=O)N(C)CC(=O)N(C)[C@@H](CC(C)C)C(=O)N[C@@H]([C@@H](C)O)C(=O)N(C)[C@@H](C)C(=O)N(C)[C@@H](CC(C)C)C(=O)N1C,-4.632400000000002,1.3240537643432615
"PEPTIDE1{[meA].[meL].[meL].T.F.[meA].A.[meV].[meL].I.D.[-pip]}$PEPTIDE1,PEPTIDE1,1:R1-11:R3$$$",CC[C@H](C)[C@@H]1NC(=O)[C@H](CC(C)C)N(C)C(=O)[C@H](C(C)C)N(C)C(=O)[C@H](C)NC(=O)[C@H](C)N(C)C(=O)[C@H](Cc2ccccc2)NC(=O)[C@H]([C@@H](C)O)NC(=O)[C@H](CC(C)C)N(C)C(=O)[C@H](CC(C)C)N(C)C(=O)[C@H](C)N(C)C(=O)C[C@@H](C(=O)N2CCCCC2)NC1=O,-4.633700000000001,2.065380334854126
"PEPTIDE1{[meA].V.[meL].[meF].[meF].G.[meA].T.D.[meF].[meF].A.[-pip]}$PEPTIDE1,PEPTIDE1,1:R1-9:R3$$$",CC(C)C[C@H]1C(=O)N(C)[C@@H](Cc2ccccc2)C(=O)N(C)[C@@H](Cc2ccccc2)C(=O)NCC(=O)N(C)[C@@H](C)C(=O)N[C@@H]([C@@H](C)O)C(=O)N[C@H](C(=O)N(C)[C@@H](Cc2ccccc2)C(=O)N(C)[C@@H](Cc2ccccc2)C(=O)N[C@@H](C)C(=O)N2CCCCC2)CC(=O)N(C)[C@@H](C)C(=O)N[C@@H](C(C)C)C(=O)N1C,-4.633799999999995,1.5160305500030518
"PEPTIDE1{[dA].[meA].[meF].[meL].T.[Pr_Gly].[meL].[Ser(tBu)].[meL].D.[-pip]}$PEPTIDE1,PEPTIDE1,1:R1-10:R3$$$",CCCN1CC(=O)N(C)[C@@H](CC(C)C)C(=O)N[C@@H](COC(C)(C)C)C(=O)N(C)[C@@H](CC(C)C)C(=O)N[C@H](C(=O)N2CCCCC2)CC(=O)N[C@H](C)C(=O)N(C)[C@@H](C)C(=O)N(C)[C@@H](Cc2ccccc2)C(=O)N(C)[C@@H](CC(C)C)C(=O)N[C@@H]([C@@H](C)O)C1=O,-4.6339999999999995,1.7934603691101074
"PEPTIDE1{[Me_dA].L.[Mono90]}$PEPTIDE1,PEPTIDE1,1:R1-3:R2$$$",CC(C)C[C@@H]1NC(=O)[C@@H](C)N(C)C(=O)[C@H](Cc2ccccc2)NCCCCCCN(C)C1=O,-4.6356000000000055,1.6499335765838623
"PEPTIDE1{A.L.[Mono82]}$PEPTIDE1,PEPTIDE1,1:R1-3:R2$$$",CC(C)C[C@@H]1NC(=O)[C@H](C)NC(=O)[C@H](Cc2ccccc2)NCCCCCCCCCCNC1=O,-4.635853015873016,1.9039523601531985
"PEPTIDE1{[Me_Bal].[meF].[meL].[meA].V.[meL].[meA].T.[meA].D.[meF].[meF].A.[-pip]}$PEPTIDE1,PEPTIDE1,1:R1-10:R3$$$",CC(C)C[C@H]1C(=O)N(C)[C@@H](C)C(=O)N[C@@H]([C@@H](C)O)C(=O)N(C)[C@@H](C)C(=O)N[C@H](C(=O)N(C)[C@@H](Cc2ccccc2)C(=O)N(C)[C@@H](Cc2ccccc2)C(=O)N[C@@H](C)C(=O)N2CCCCC2)CC(=O)N(C)CCC(=O)N(C)[C@@H](Cc2ccccc2)C(=O)N(C)[C@@H](CC(C)C)C(=O)N(C)[C@@H](C)C(=O)N[C@@H](C(C)C)C(=O)N1C,-4.6367999999999965,1.924626350402832
"PEPTIDE1{[meA].[meF].A.[meL].T.F.[meI].[meA].[meL].[Ser(tBu)].[meL].[Mono7]}$PEPTIDE1,PEPTIDE1,1:R1-12:R2$$$",CC[C@H](C)[C@H]1C(=O)N(C)[C@@H](C)C(=O)N(C)[C@@H](CC(C)C)C(=O)N[C@@H](COC(C)(C)C)C(=O)N(C)[C@@H](CC(C)C)C(=O)N[C@@H](C)CC(=O)N(C)[C@@H](C)C(=O)N(C)[C@@H](Cc2ccccc2)C(=O)N[C@@H](C)C(=O)N(C)[C@@H](CC(C)C)C(=O)N[C@@H]([C@@H](C)O)C(=O)N[C@@H](Cc2ccccc2)C(=O)N1C,-4.636999999999998,1.5431396961212158
"PEPTIDE1{[Sar].L.T.[Sar].[Et_Phe].A.[meF].[meL].[meI].[meL].D.[-pip]}$PEPTIDE1,PEPTIDE1,1:R1-11:R3$$$",CC[C@H](C)[C@H]1C(=O)N(C)[C@@H](CC(C)C)C(=O)N[C@H](C(=O)N2CCCCC2)CC(=O)N(C)CC(=O)N[C@@H](CC(C)C)C(=O)N[C@@H]([C@@H](C)O)C(=O)N(C)CC(=O)N(CC)[C@@H](Cc2ccccc2)C(=O)N[C@@H](C)C(=O)N(C)[C@@H](Cc2ccccc2)C(=O)N(C)[C@@H](CC(C)C)C(=O)N1C,-4.6370000000000005,1.522707462310791
"PEPTIDE1{A.L.[Mono89]}$PEPTIDE1,PEPTIDE1,1:R1-3:R2$$$",CC(C)C[C@@H]1NC(=O)[C@H](C)NC(=O)CN(Cc2ccccc2)CCCCCCNC1=O,-4.637550897170459,1.6866774559020996
"PEPTIDE1{[Me_Bal].[meV].[meF].[meF].A.[meA].[meL].T.[meA].D.[meF].A.[-pip]}$PEPTIDE1,PEPTIDE1,1:R1-10:R3$$$",CC(C)C[C@H]1C(=O)N[C@@H]([C@@H](C)O)C(=O)N(C)[C@@H](C)C(=O)N[C@H](C(=O)N(C)[C@@H](Cc2ccccc2)C(=O)N[C@@H](C)C(=O)N2CCCCC2)CC(=O)N(C)CCC(=O)N(C)[C@@H](C(C)C)C(=O)N(C)[C@@H](Cc2ccccc2)C(=O)N(C)[C@@H](Cc2ccccc2)C(=O)N[C@@H](C)C(=O)N(C)[C@@H](C)C(=O)N1C,-4.637700000000006,1.844751238822937
"PEPTIDE1{A.I.[meA].[meF].T.[meF].L.P.D.[meA].I.[-pip]}$PEPTIDE1,PEPTIDE1,1:R1-9:R3$$$",CC[C@H](C)[C@H](NC(=O)[C@H](C)N(C)C(=O)[C@@H]1CC(=O)N[C@@H](C)C(=O)N[C@@H]([C@@H](C)CC)C(=O)N(C)[C@@H](C)C(=O)N(C)[C@@H](Cc2ccccc2)C(=O)N[C@@H]([C@@H](C)O)C(=O)N(C)[C@@H](Cc2ccccc2)C(=O)N[C@@H](CC(C)C)C(=O)N2CCC[C@H]2C(=O)N1)C(=O)N1CCCCC1,-4.637899999999992,2.1423943042755127
"PEPTIDE1{A.L.[meA].[meL].G.[meA].[Phe(4-CF3)].T.[meL].[Phe(4-CF3)].[meV].[Mono7]}$PEPTIDE1,PEPTIDE1,1:R1-12:R2$$$",CC(C)C[C@@H]1NC(=O)[C@H](C)NC(=O)C[C@H](C)NC(=O)[C@H](C(C)C)N(C)C(=O)[C@H](Cc2ccc(C(F)(F)F)cc2)NC(=O)[C@H](CC(C)C)N(C)C(=O)[C@H]([C@@H](C)O)NC(=O)[C@H](Cc2ccc(C(F)(F)F)cc2)NC(=O)[C@H](C)N(C)C(=O)CNC(=O)[C@H](CC(C)C)N(C)C(=O)[C@H](C)N(C)C1=O,-4.638100000000003,1.1603344678878784
"PEPTIDE1{[Me_Bal].[meL].T.L.[Sar].A.[meL].I.[meL].[meL].[Mono7]}$PEPTIDE1,PEPTIDE1,1:R1-11:R2$$$",CC[C@H](C)[C@@H]1NC(=O)[C@H](CC(C)C)N(C)C(=O)[C@H](C)NC(=O)CN(C)C(=O)[C@H](CC(C)C)NC(=O)[C@H]([C@@H](C)O)NC(=O)[C@H](CC(C)C)N(C)C(=O)CCN(C)C(=O)C[C@H](C)NC(=O)[C@H](CC(C)C)N(C)C(=O)[C@H](CC(C)C)N(C)C1=O,-4.6382999999999965,1.6296569108963013
"PEPTIDE1{[meA].T.[Sar].[Ser(tBu)].[meF].[meL].[meF].D.[-pip]}$PEPTIDE1,PEPTIDE1,1:R1-8:R3$$$",CC(C)C[C@H]1C(=O)N(C)[C@@H](Cc2ccccc2)C(=O)N[C@H](C(=O)N2CCCCC2)CC(=O)N(C)[C@@H](C)C(=O)N[C@@H]([C@@H](C)O)C(=O)N(C)CC(=O)N[C@@H](COC(C)(C)C)C(=O)N(C)[C@@H](Cc2ccccc2)C(=O)N1C,-4.638800000000001,1.2449908256530762
"PEPTIDE1{[Mono6].[meA].L.T.P.[meF].I.[meF].G.[meL].L.D.[-pip]}$PEPTIDE1,PEPTIDE1,1:R1-12:R3$$$",CC[C@H](C)[C@@H]1NC(=O)[C@H](Cc2ccccc2)N(C)C(=O)[C@@H]2CCCN2C(=O)[C@H]([C@@H](C)O)NC(=O)[C@H](CC(C)C)NC(=O)[C@H](C)N(C)C(=O)CCCN(C)C(=O)C[C@@H](C(=O)N2CCCCC2)NC(=O)[C@H](CC(C)C)NC(=O)[C@H](CC(C)C)N(C)C(=O)CNC(=O)[C@H](Cc2ccccc2)N(C)C1=O,-4.638818840579708,2.1443934440612793
"PEPTIDE1{L.[Me_dL].[meA].L.[dP].[meF]}$PEPTIDE1,PEPTIDE1,1:R1-6:R2$$$",CC(C)C[C@@H]1NC(=O)[C@H](Cc2ccccc2)N(C)C(=O)[C@H]2CCCN2C(=O)[C@H](CC(C)C)NC(=O)[C@H](C)N(C)C(=O)[C@@H](CC(C)C)N(C)C1=O,-4.639028668730645,1.3394559621810913
"PEPTIDE1{[Mono6].[meL].I.[meF].[meF].[Ser(tBu)].[meL].T.[meA].[meL].D.[-pip]}$PEPTIDE1,PEPTIDE1,1:R1-11:R3$$$",CC[C@H](C)[C@@H]1NC(=O)[C@H](CC(C)C)N(C)C(=O)CCCN(C)C(=O)C[C@@H](C(=O)N2CCCCC2)NC(=O)[C@H](CC(C)C)N(C)C(=O)[C@H](C)N(C)C(=O)[C@H]([C@@H](C)O)NC(=O)[C@H](CC(C)C)N(C)C(=O)[C@H](COC(C)(C)C)NC(=O)[C@H](Cc2ccccc2)N(C)C(=O)[C@H](Cc2ccccc2)N(C)C1=O,-4.639200000000009,1.8563346862792969
"PEPTIDE1{[dA].L.T.[meF].A.[meF].[meL].[meL].[meA].[meL].D.[-pip]}$PEPTIDE1,PEPTIDE1,1:R1-11:R3$$$",CC(C)C[C@@H]1NC(=O)[C@@H](C)NC(=O)C[C@@H](C(=O)N2CCCCC2)NC(=O)[C@H](CC(C)C)N(C)C(=O)[C@H](C)N(C)C(=O)[C@H](CC(C)C)N(C)C(=O)[C@H](CC(C)C)N(C)C(=O)[C@H](Cc2ccccc2)N(C)C(=O)[C@H](C)NC(=O)[C@H](Cc2ccccc2)N(C)C(=O)[C@H]([C@@H](C)O)NC1=O,-4.640199999999996,1.4209078550338743
"PEPTIDE1{A.A.[meL].L.[meI].F.F.P.T.[meL].D.[-pip]}$PEPTIDE1,PEPTIDE1,1:R1-11:R3$$$",CC[C@H](C)[C@H]1C(=O)N[C@@H](Cc2ccccc2)C(=O)N[C@@H](Cc2ccccc2)C(=O)N2CCC[C@H]2C(=O)N[C@@H]([C@@H](C)O)C(=O)N(C)[C@@H](CC(C)C)C(=O)N[C@H](C(=O)N2CCCCC2)CC(=O)N[C@@H](C)C(=O)N[C@@H](C)C(=O)N(C)[C@@H](CC(C)C)C(=O)N[C@@H](CC(C)C)C(=O)N1C,-4.640647474747471,1.7020061016082764
"PEPTIDE1{[dV].[meL].[meA].T.[Sar].[Nva(Ph)].[meV].L.[meL].A.D.[-pip]}$PEPTIDE1,PEPTIDE1,1:R1-11:R3$$$",CC(C)C[C@@H]1NC(=O)[C@H](C(C)C)N(C)C(=O)[C@H](CCCc2ccccc2)NC(=O)CN(C)C(=O)[C@H]([C@@H](C)O)NC(=O)[C@H](C)N(C)C(=O)[C@H](CC(C)C)N(C)C(=O)[C@@H](C(C)C)NC(=O)C[C@@H](C(=O)N2CCCCC2)NC(=O)[C@H](C)NC(=O)[C@H](CC(C)C)N(C)C1=O,-4.641399999999994,1.8755329847335815
"PEPTIDE1{A.L.[Mono80]}$PEPTIDE1,PEPTIDE1,1:R1-3:R2$$$",CC(C)C[C@@H]1NC(=O)[C@H](C)NC(=O)[C@H](Cc2ccccc2)NCCCCCCCCNC1=O,-4.641428571428568,1.9039523601531985
"PEPTIDE1{[dA].T.[meF].L.[meA].V.F.[meL].L.G.[meI].D.[-pip]}$PEPTIDE1,PEPTIDE1,1:R1-12:R3$$$",CC[C@H](C)[C@H]1C(=O)N[C@H](C(=O)N2CCCCC2)CC(=O)N[C@H](C)C(=O)N[C@@H]([C@@H](C)O)C(=O)N(C)[C@@H](Cc2ccccc2)C(=O)N[C@@H](CC(C)C)C(=O)N(C)[C@@H](C)C(=O)N[C@@H](C(C)C)C(=O)N[C@@H](Cc2ccccc2)C(=O)N(C)[C@@H](CC(C)C)C(=O)N[C@@H](CC(C)C)C(=O)NCC(=O)N1C,-4.642499999999998,1.344576120376587
"PEPTIDE1{[Me_Bal].V.[meL].F.[meV].T.[meA].G.[meF].D.[meF].A.[-pip]}$PEPTIDE1,PEPTIDE1,1:R1-10:R3$$$",CC(C)C[C@H]1C(=O)N[C@@H](Cc2ccccc2)C(=O)N(C)[C@@H](C(C)C)C(=O)N[C@@H]([C@@H](C)O)C(=O)N(C)[C@@H](C)C(=O)NCC(=O)N(C)[C@@H](Cc2ccccc2)C(=O)N[C@H](C(=O)N(C)[C@@H](Cc2ccccc2)C(=O)N[C@@H](C)C(=O)N2CCCCC2)CC(=O)N(C)CCC(=O)N[C@@H](C(C)C)C(=O)N1C,-4.643050000000006,1.73518967628479
"PEPTIDE1{[Me_Bal].F.[meL].[meI].[meF].T.[meA].[meV].[meL].A.D.[-pip]}$PEPTIDE1,PEPTIDE1,1:R1-11:R3$$$",CC[C@H](C)[C@H]1C(=O)N(C)[C@@H](Cc2ccccc2)C(=O)N[C@@H]([C@@H](C)O)C(=O)N(C)[C@@H](C)C(=O)N(C)[C@@H](C(C)C)C(=O)N(C)[C@@H](CC(C)C)C(=O)N[C@@H](C)C(=O)N[C@H](C(=O)N2CCCCC2)CC(=O)N(C)CCC(=O)N[C@@H](Cc2ccccc2)C(=O)N(C)[C@@H](CC(C)C)C(=O)N1C,-4.645237499999994,1.7930177450180054
"PEPTIDE1{[dA].[meF].I.[meL].T.[Sar].[meL].[Ser(tBu)].[meF].[meV].D.[-pip]}$PEPTIDE1,PEPTIDE1,1:R1-11:R3$$$",CC[C@H](C)[C@@H]1NC(=O)[C@H](Cc2ccccc2)N(C)C(=O)[C@@H](C)NC(=O)C[C@@H](C(=O)N2CCCCC2)NC(=O)[C@H](C(C)C)N(C)C(=O)[C@H](Cc2ccccc2)N(C)C(=O)[C@H](COC(C)(C)C)NC(=O)[C@H](CC(C)C)N(C)C(=O)CN(C)C(=O)[C@H]([C@@H](C)O)NC(=O)[C@H](CC(C)C)N(C)C1=O,-4.648899999999997,1.4504382610321045
"PEPTIDE1{[Me_dA].T.[meA].[meF].I.P.[meV].F.[meA].[meL].D.[-pip]}$PEPTIDE1,PEPTIDE1,1:R1-11:R3$$$",CC[C@H](C)[C@@H]1NC(=O)[C@H](Cc2ccccc2)N(C)C(=O)[C@H](C)N(C)C(=O)[C@H]([C@@H](C)O)NC(=O)[C@@H](C)N(C)C(=O)C[C@@H](C(=O)N2CCCCC2)NC(=O)[C@H](CC(C)C)N(C)C(=O)[C@H](C)N(C)C(=O)[C@H](Cc2ccccc2)NC(=O)[C@H](C(C)C)N(C)C(=O)[C@@H]2CCCN2C1=O,-4.649949038461535,1.492335081100464
"PEPTIDE1{[dV].[meF].[meL].I.[meL].[meF].T.[meA].[meL].[Mono7]}$PEPTIDE1,PEPTIDE1,1:R1-10:R2$$$",CC[C@H](C)[C@@H]1NC(=O)[C@H](CC(C)C)N(C)C(=O)[C@H](Cc2ccccc2)N(C)C(=O)[C@@H](C(C)C)NC(=O)C[C@H](C)NC(=O)[C@H](CC(C)C)N(C)C(=O)[C@H](C)N(C)C(=O)[C@H]([C@@H](C)O)NC(=O)[C@H](Cc2ccccc2)N(C)C(=O)[C@H](CC(C)C)N(C)C1=O,-4.650733333333333,1.6937100887298584
"PEPTIDE1{[Mono6].[meA].F.[meL].V.[meL].G.[meF].T.[meA].I.D.[-pip]}$PEPTIDE1,PEPTIDE1,1:R1-12:R3$$$",CC[C@H](C)[C@@H]1NC(=O)[C@H](C)N(C)C(=O)[C@H]([C@@H](C)O)NC(=O)[C@H](Cc2ccccc2)N(C)C(=O)CNC(=O)[C@H](CC(C)C)N(C)C(=O)[C@H](C(C)C)NC(=O)[C@H](CC(C)C)N(C)C(=O)[C@H](Cc2ccccc2)NC(=O)[C@H](C)N(C)C(=O)CCCN(C)C(=O)C[C@@H](C(=O)N2CCCCC2)NC1=O,-4.650900000000007,1.739312767982483
"PEPTIDE1{[dV].[meA].[meF].[meL].T.[Sar].V.[meL].[meL].D.[meF].A.[-pip]}$PEPTIDE1,PEPTIDE1,1:R1-10:R3$$$",CC(C)C[C@H]1C(=O)N(C)[C@@H](CC(C)C)C(=O)N[C@H](C(=O)N(C)[C@@H](Cc2ccccc2)C(=O)N[C@@H](C)C(=O)N2CCCCC2)CC(=O)N[C@H](C(C)C)C(=O)N(C)[C@@H](C)C(=O)N(C)[C@@H](Cc2ccccc2)C(=O)N(C)[C@@H](CC(C)C)C(=O)N[C@@H]([C@@H](C)O)C(=O)N(C)CC(=O)N[C@@H](C(C)C)C(=O)N1C,-4.651166666666667,2.1332292556762695
"PEPTIDE1{[Me_dA].[meL].T.[Sar].[Ser(tBu)].[meL].[meI].[Mono7]}$PEPTIDE1,PEPTIDE1,1:R1-8:R2$$$",CC[C@H](C)[C@H]1C(=O)N[C@@H](C)CC(=O)N(C)[C@H](C)C(=O)N(C)[C@@H](CC(C)C)C(=O)N[C@@H]([C@@H](C)O)C(=O)N(C)CC(=O)N[C@@H](COC(C)(C)C)C(=O)N(C)[C@@H](CC(C)C)C(=O)N1C,-4.651171428571425,1.3061753511428833
"PEPTIDE1{[Et_Phe].A.[meF].[meL].T.[Sar].[meL].[Mono12].[-pip]}$PEPTIDE1,PEPTIDE1,1:R1-8:R3$$$",CCN1C(=O)CCCCc2cccc(c2)C[C@@H](C(=O)N2CCCCC2)NC(=O)[C@H](CC(C)C)N(C)C(=O)CN(C)C(=O)[C@H]([C@@H](C)O)NC(=O)[C@H](CC(C)C)N(C)C(=O)[C@H](Cc2ccccc2)N(C)C(=O)[C@H](C)NC(=O)[C@@H]1Cc1ccccc1,-4.653143956043952,1.5309545993804932
"PEPTIDE1{A.[Me_dL].[meL].A.[dP].[meF]}$PEPTIDE1,PEPTIDE1,1:R1-6:R2$$$",CC(C)C[C@@H]1C(=O)N(C)[C@@H](CC(C)C)C(=O)N[C@@H](C)C(=O)N2CCC[C@@H]2C(=O)N(C)[C@@H](Cc2ccccc2)C(=O)N[C@@H](C)C(=O)N1C,-4.653700314747282,1.743830680847168
"PEPTIDE1{[dV].I.[meF].[meV].A.[meL].[meF].T.[Sar].[meL].[meA].D.[-pip]}$PEPTIDE1,PEPTIDE1,1:R1-12:R3$$$",CC[C@H](C)[C@@H]1NC(=O)[C@@H](C(C)C)NC(=O)C[C@@H](C(=O)N2CCCCC2)NC(=O)[C@H](C)N(C)C(=O)[C@H](CC(C)C)N(C)C(=O)CN(C)C(=O)[C@H]([C@@H](C)O)NC(=O)[C@H](Cc2ccccc2)N(C)C(=O)[C@H](CC(C)C)N(C)C(=O)[C@H](C)NC(=O)[C@H](C(C)C)N(C)C(=O)[C@H](Cc2ccccc2)N(C)C1=O,-4.653866666666669,1.5035977363586426
"PEPTIDE1{[Me_dA].[Me_Phe(3-Cl)].[meL].T.[Sar].[Ser(tBu)].[meL].[meI].[Mono7]}$PEPTIDE1,PEPTIDE1,1:R1-9:R2$$$",CC[C@H](C)[C@H]1C(=O)N[C@@H](C)CC(=O)N(C)[C@H](C)C(=O)N(C)[C@@H](Cc2cccc(Cl)c2)C(=O)N(C)[C@@H](CC(C)C)C(=O)N[C@@H]([C@@H](C)O)C(=O)N(C)CC(=O)N[C@@H](COC(C)(C)C)C(=O)N(C)[C@@H](CC(C)C)C(=O)N1C,-4.654233333333334,1.4561203718185425
"PEPTIDE1{[Me_dA].[meV].T.[meA].I.[meF].A.F.[Mono7]}$PEPTIDE1,PEPTIDE1,1:R1-9:R2$$$",CC[C@H](C)[C@@H]1NC(=O)[C@H](C)N(C)C(=O)[C@H]([C@@H](C)O)NC(=O)[C@H](C(C)C)N(C)C(=O)[C@@H](C)N(C)C(=O)C[C@H](C)NC(=O)[C@H](Cc2ccccc2)NC(=O)[C@H](C)NC(=O)[C@H](Cc2ccccc2)N(C)C1=O,-4.655799999999994,1.608797311782837
"PEPTIDE1{[Me_dA].[meA].F.[meL].V.[meI].G.[meF].T.[meA].L.D.[-pip]}$PEPTIDE1,PEPTIDE1,1:R1-12:R3$$$",CC[C@H](C)[C@H]1C(=O)NCC(=O)N(C)[C@@H](Cc2ccccc2)C(=O)N[C@@H]([C@@H](C)O)C(=O)N(C)[C@@H](C)C(=O)N[C@@H](CC(C)C)C(=O)N[C@H](C(=O)N2CCCCC2)CC(=O)N(C)[C@H](C)C(=O)N(C)[C@@H](C)C(=O)N[C@@H](Cc2ccccc2)C(=O)N(C)[C@@H](CC(C)C)C(=O)N[C@@H](C(C)C)C(=O)N1C,-4.655940000000006,1.5396372079849243
"PEPTIDE1{[meA].[Ser(tBu)].G.[meL].[meF].F.[meA].[meV].T.D.[-pip]}$PEPTIDE1,PEPTIDE1,1:R1-10:R3$$$",CC(C)C[C@H]1C(=O)N(C)[C@@H](Cc2ccccc2)C(=O)N[C@@H](Cc2ccccc2)C(=O)N(C)[C@@H](C)C(=O)N(C)[C@@H](C(C)C)C(=O)N[C@@H]([C@@H](C)O)C(=O)N[C@H](C(=O)N2CCCCC2)CC(=O)N(C)[C@@H](C)C(=O)N[C@@H](COC(C)(C)C)C(=O)NCC(=O)N1C,-4.657900000000001,1.544559121131897
"PEPTIDE1{[meL].[meL].L.[meF].T.P.[meF].D.[-pip]}$PEPTIDE1,PEPTIDE1,1:R1-8:R3$$$",CC(C)C[C@@H]1NC(=O)[C@H](CC(C)C)N(C)C(=O)[C@H](CC(C)C)N(C)C(=O)C[C@@H](C(=O)N2CCCCC2)NC(=O)[C@H](Cc2ccccc2)N(C)C(=O)[C@@H]2CCCN2C(=O)[C@H]([C@@H](C)O)NC(=O)[C@H](Cc2ccccc2)N(C)C1=O,-4.658234039682537,1.9520976543426511
"PEPTIDE1{[dA].[meF].[meL].T.[meL].[meL].D.[-pip]}$PEPTIDE1,PEPTIDE1,1:R1-7:R3$$$",CC(C)C[C@H]1C(=O)N(C)[C@@H](CC(C)C)C(=O)N[C@H](C(=O)N2CCCCC2)CC(=O)N[C@H](C)C(=O)N(C)[C@@H](Cc2ccccc2)C(=O)N(C)[C@@H](CC(C)C)C(=O)N[C@@H]([C@@H](C)O)C(=O)N1C,-4.6589949999999964,1.744455099105835
"PEPTIDE1{[Sar].[meF].T.[meA].[meA].L.[meF].[meV].[meL].I.D.[meF].A.[-pip]}$PEPTIDE1,PEPTIDE1,1:R1-11:R3$$$",CC[C@H](C)[C@@H]1NC(=O)[C@H](CC(C)C)N(C)C(=O)[C@H](C(C)C)N(C)C(=O)[C@H](Cc2ccccc2)N(C)C(=O)[C@H](CC(C)C)NC(=O)[C@H](C)N(C)C(=O)[C@H](C)N(C)C(=O)[C@H]([C@@H](C)O)NC(=O)[C@H](Cc2ccccc2)N(C)C(=O)CN(C)C(=O)C[C@@H](C(=O)N(C)[C@@H](Cc2ccccc2)C(=O)N[C@@H](C)C(=O)N2CCCCC2)NC1=O,-4.659600000000003,1.6788772344589231
"PEPTIDE1{[Mono6].V.[meL].G.[meF].[meF].T.[meA].D.[meF].[meF].A.[-pip]}$PEPTIDE1,PEPTIDE1,1:R1-9:R3$$$",CC(C)C[C@H]1C(=O)NCC(=O)N(C)[C@@H](Cc2ccccc2)C(=O)N(C)[C@@H](Cc2ccccc2)C(=O)N[C@@H]([C@@H](C)O)C(=O)N(C)[C@@H](C)C(=O)N[C@H](C(=O)N(C)[C@@H](Cc2ccccc2)C(=O)N(C)[C@@H](Cc2ccccc2)C(=O)N[C@@H](C)C(=O)N2CCCCC2)CC(=O)N(C)CCCC(=O)N[C@@H](C(C)C)C(=O)N1C,-4.660650000000001,1.7381157875061035
"PEPTIDE1{[Me_Bal].[meA].[meL].T.[meF].V.[Sar].[meL].[meL].D.[meF].A.[-pip]}$PEPTIDE1,PEPTIDE1,1:R1-10:R3$$$",CC(C)C[C@H]1C(=O)N(C)[C@@H](CC(C)C)C(=O)N[C@H](C(=O)N(C)[C@@H](Cc2ccccc2)C(=O)N[C@@H](C)C(=O)N2CCCCC2)CC(=O)N(C)CCC(=O)N(C)[C@@H](C)C(=O)N(C)[C@@H](CC(C)C)C(=O)N[C@@H]([C@@H](C)O)C(=O)N(C)[C@@H](Cc2ccccc2)C(=O)N[C@@H](C(C)C)C(=O)N(C)CC(=O)N1C,-4.661333333333341,1.5783432722091677
"PEPTIDE1{A.L.[meA].[meL].G.[meA].[Phe(4-CF3)].T.[meL].[meV].[Mono7]}$PEPTIDE1,PEPTIDE1,1:R1-11:R2$$$",CC(C)C[C@@H]1NC(=O)[C@H](C)NC(=O)C[C@H](C)NC(=O)[C@H](C(C)C)N(C)C(=O)[C@H](CC(C)C)N(C)C(=O)[C@H]([C@@H](C)O)NC(=O)[C@H](Cc2ccc(C(F)(F)F)cc2)NC(=O)[C@H](C)N(C)C(=O)CNC(=O)[C@H](CC(C)C)N(C)C(=O)[C@H](C)N(C)C1=O,-4.661720000000003,1.273901104927063
"PEPTIDE1{A.I.[meA].[meF].T.[meF].L.P.D.I.[-pip]}$PEPTIDE1,PEPTIDE1,1:R1-9:R3$$$",CC[C@H](C)[C@H](NC(=O)[C@@H]1CC(=O)N[C@@H](C)C(=O)N[C@@H]([C@@H](C)CC)C(=O)N(C)[C@@H](C)C(=O)N(C)[C@@H](Cc2ccccc2)C(=O)N[C@@H]([C@@H](C)O)C(=O)N(C)[C@@H](Cc2ccccc2)C(=O)N[C@@H](CC(C)C)C(=O)N2CCC[C@H]2C(=O)N1)C(=O)N1CCCCC1,-4.662600000000005,1.8917925357818604
"PEPTIDE1{[meA].[meF].[meL].T.[meA].V.[meA].[meA].D.[meF].[meF].A.[-pip]}$PEPTIDE1,PEPTIDE1,1:R1-9:R3$$$",CC(C)C[C@H]1C(=O)N[C@@H]([C@@H](C)O)C(=O)N(C)[C@@H](C)C(=O)N[C@@H](C(C)C)C(=O)N(C)[C@@H](C)C(=O)N(C)[C@@H](C)C(=O)N[C@H](C(=O)N(C)[C@@H](Cc2ccccc2)C(=O)N(C)[C@@H](Cc2ccccc2)C(=O)N[C@@H](C)C(=O)N2CCCCC2)CC(=O)N(C)[C@@H](C)C(=O)N(C)[C@@H](Cc2ccccc2)C(=O)N1C,-4.663960000000003,1.888816475868225
"PEPTIDE1{[Mono6].[meV].F.I.L.T.[meA].[meL].G.[meL].F.D.[-pip]}$PEPTIDE1,PEPTIDE1,1:R1-12:R3$$$",CC[C@H](C)[C@@H]1NC(=O)[C@H](Cc2ccccc2)NC(=O)[C@H](C(C)C)N(C)C(=O)CCCN(C)C(=O)C[C@@H](C(=O)N2CCCCC2)NC(=O)[C@H](Cc2ccccc2)NC(=O)[C@H](CC(C)C)N(C)C(=O)CNC(=O)[C@H](CC(C)C)N(C)C(=O)[C@H](C)N(C)C(=O)[C@H]([C@@H](C)O)NC(=O)[C@H](CC(C)C)NC1=O,-4.664600000000004,1.8314779996871948
"PEPTIDE1{[dV].A.T.[meA].F.[meL].[meF].[meL].D.[-pip]}$PEPTIDE1,PEPTIDE1,1:R1-9:R3$$$",CC(C)C[C@H]1C(=O)N(C)[C@@H](Cc2ccccc2)C(=O)N(C)[C@@H](CC(C)C)C(=O)N[C@H](C(=O)N2CCCCC2)CC(=O)N[C@H](C(C)C)C(=O)N[C@@H](C)C(=O)N[C@@H]([C@@H](C)O)C(=O)N(C)[C@@H](C)C(=O)N[C@@H](Cc2ccccc2)C(=O)N1C,-4.665491666666667,1.5221222639083862
"PEPTIDE1{[Me_dA].[meL].[Mono78]}$PEPTIDE1,PEPTIDE1,1:R1-3:R2$$$",CC(C)C[C@H]1C(=O)NCCCCCCN[C@@H](Cc2ccccc2)C(=O)N(C)[C@H](C)C(=O)N1C,-4.66609333333334,1.8506171703338623
"PEPTIDE1{[dV].T.[meA].[meF].V.[meF].[meL].G.D.[meF].[meF].A.[-pip]}$PEPTIDE1,PEPTIDE1,1:R1-9:R3$$$",CC(C)C[C@H]1C(=O)NCC(=O)N[C@H](C(=O)N(C)[C@@H](Cc2ccccc2)C(=O)N(C)[C@@H](Cc2ccccc2)C(=O)N[C@@H](C)C(=O)N2CCCCC2)CC(=O)N[C@H](C(C)C)C(=O)N[C@@H]([C@@H](C)O)C(=O)N(C)[C@@H](C)C(=O)N(C)[C@@H](Cc2ccccc2)C(=O)N[C@@H](C(C)C)C(=O)N(C)[C@@H](Cc2ccccc2)C(=O)N1C,-4.667696666666666,1.8806833028793335
"PEPTIDE1{[dV].[meI].A.[meL].T.F.[meF].[meL].[Ser(tBu)].[meL].[meA].[Mono7]}$PEPTIDE1,PEPTIDE1,1:R1-12:R2$$$",CC[C@H](C)[C@H]1C(=O)N[C@@H](C)C(=O)N(C)[C@@H](CC(C)C)C(=O)N[C@@H]([C@@H](C)O)C(=O)N[C@@H](Cc2ccccc2)C(=O)N(C)[C@@H](Cc2ccccc2)C(=O)N(C)[C@@H](CC(C)C)C(=O)N[C@@H](COC(C)(C)C)C(=O)N(C)[C@@H](CC(C)C)C(=O)N(C)[C@@H](C)C(=O)N[C@@H](C)CC(=O)N[C@H](C(C)C)C(=O)N1C,-4.667900000000004,1.4998655319213867
"PEPTIDE1{[dA].[meF].[meL].T.[meA].[meL].[Ser(tBu)].D.[-pip]}$PEPTIDE1,PEPTIDE1,1:R1-8:R3$$$",CC(C)C[C@H]1C(=O)N[C@@H](COC(C)(C)C)C(=O)N[C@H](C(=O)N2CCCCC2)CC(=O)N[C@H](C)C(=O)N(C)[C@@H](Cc2ccccc2)C(=O)N(C)[C@@H](CC(C)C)C(=O)N[C@@H]([C@@H](C)O)C(=O)N(C)[C@@H](C)C(=O)N1C,-4.669099999999995,1.6724082231521606
"PEPTIDE1{[Me_dA].[meF].[meL].V.[meA].[meA].T.[meA].D.[meF].[meF].A.[-pip]}$PEPTIDE1,PEPTIDE1,1:R1-9:R3$$$",CC(C)C[C@H]1C(=O)N[C@@H](C(C)C)C(=O)N(C)[C@@H](C)C(=O)N(C)[C@@H](C)C(=O)N[C@@H]([C@@H](C)O)C(=O)N(C)[C@@H](C)C(=O)N[C@H](C(=O)N(C)[C@@H](Cc2ccccc2)C(=O)N(C)[C@@H](Cc2ccccc2)C(=O)N[C@@H](C)C(=O)N2CCCCC2)CC(=O)N(C)[C@H](C)C(=O)N(C)[C@@H](Cc2ccccc2)C(=O)N1C,-4.669700000000002,1.749200463294983
"PEPTIDE1{[Sar].T.[meA].[Ser(tBu)].[meF].[meL].[meF].D.[-pip]}$PEPTIDE1,PEPTIDE1,1:R1-8:R3$$$",CC(C)C[C@H]1C(=O)N(C)[C@@H](Cc2ccccc2)C(=O)N[C@H](C(=O)N2CCCCC2)CC(=O)N(C)CC(=O)N[C@@H]([C@@H](C)O)C(=O)N(C)[C@@H](C)C(=O)N[C@@H](COC(C)(C)C)C(=O)N(C)[C@@H](Cc2ccccc2)C(=O)N1C,-4.670600000000001,1.4539501667022705
"PEPTIDE1{[Me_Bal].[meA].[meA].[meL].I.[meA].[meF].T.[meA].[meF].D.[meF].A.[-pip]}$PEPTIDE1,PEPTIDE1,1:R1-11:R3$$$",CC[C@H](C)[C@@H]1NC(=O)[C@H](CC(C)C)N(C)C(=O)[C@H](C)N(C)C(=O)[C@H](C)N(C)C(=O)CCN(C)C(=O)C[C@@H](C(=O)N(C)[C@@H](Cc2ccccc2)C(=O)N[C@@H](C)C(=O)N2CCCCC2)NC(=O)[C@H](Cc2ccccc2)N(C)C(=O)[C@H](C)N(C)C(=O)[C@H]([C@@H](C)O)NC(=O)[C@H](Cc2ccccc2)N(C)C(=O)[C@H](C)N(C)C1=O,-4.671199999999996,2.031794548034668
"PEPTIDE1{[dV].[meL].[meA].T.[Sar].[Hph].[meV].L.[meL].A.D.[-pip]}$PEPTIDE1,PEPTIDE1,1:R1-11:R3$$$",CC(C)C[C@@H]1NC(=O)[C@H](C(C)C)N(C)C(=O)[C@H](CCc2ccccc2)NC(=O)CN(C)C(=O)[C@H]([C@@H](C)O)NC(=O)[C@H](C)N(C)C(=O)[C@H](CC(C)C)N(C)C(=O)[C@@H](C(C)C)NC(=O)C[C@@H](C(=O)N2CCCCC2)NC(=O)[C@H](C)NC(=O)[C@H](CC(C)C)N(C)C1=O,-4.673099999999997,1.7158482074737549
"PEPTIDE1{A.L.[Mono77]}$PEPTIDE1,PEPTIDE1,1:R1-3:R2$$$",CC(C)C[C@@H]1NC(=O)[C@H](C)NC(=O)[C@H](Cc2ccccc2)NCCCCCNC1=O,-4.673328571428576,1.905404806137085
"PEPTIDE1{[meA].[meF].[Sar].[meL].T.[meA].[meL].V.D.[meF].[meF].A.[-pip]}$PEPTIDE1,PEPTIDE1,1:R1-9:R3$$$",CC(C)C[C@H]1C(=O)N[C@@H]([C@@H](C)O)C(=O)N(C)[C@@H](C)C(=O)N(C)[C@@H](CC(C)C)C(=O)N[C@@H](C(C)C)C(=O)N[C@H](C(=O)N(C)[C@@H](Cc2ccccc2)C(=O)N(C)[C@@H](Cc2ccccc2)C(=O)N[C@@H](C)C(=O)N2CCCCC2)CC(=O)N(C)[C@@H](C)C(=O)N(C)[C@@H](Cc2ccccc2)C(=O)N(C)CC(=O)N1C,-4.673433333333334,1.6309280395507812
"PEPTIDE1{[Me_dA].[meF].[Sar].[meL].T.[meA].[meL].V.D.[meF].[meF].A.[-pip]}$PEPTIDE1,PEPTIDE1,1:R1-9:R3$$$",CC(C)C[C@H]1C(=O)N[C@@H]([C@@H](C)O)C(=O)N(C)[C@@H](C)C(=O)N(C)[C@@H](CC(C)C)C(=O)N[C@@H](C(C)C)C(=O)N[C@H](C(=O)N(C)[C@@H](Cc2ccccc2)C(=O)N(C)[C@@H](Cc2ccccc2)C(=O)N[C@@H](C)C(=O)N2CCCCC2)CC(=O)N(C)[C@H](C)C(=O)N(C)[C@@H](Cc2ccccc2)C(=O)N(C)CC(=O)N1C,-4.673433333333334,1.6309280395507812
"PEPTIDE1{[Me_Bal].[meA].F.V.[meL].[meI].G.[meF].T.[meA].L.D.[-pip]}$PEPTIDE1,PEPTIDE1,1:R1-12:R3$$$",CC[C@H](C)[C@H]1C(=O)NCC(=O)N(C)[C@@H](Cc2ccccc2)C(=O)N[C@@H]([C@@H](C)O)C(=O)N(C)[C@@H](C)C(=O)N[C@@H](CC(C)C)C(=O)N[C@H](C(=O)N2CCCCC2)CC(=O)N(C)CCC(=O)N(C)[C@@H](C)C(=O)N[C@@H](Cc2ccccc2)C(=O)N[C@@H](C(C)C)C(=O)N(C)[C@@H](CC(C)C)C(=O)N1C,-4.674300000000005,1.6278793811798096
"PEPTIDE1{V.[Sar].T.[meL].[meL].[meF].D.[-pip]}$PEPTIDE1,PEPTIDE1,1:R1-7:R3$$$",CC(C)C[C@H]1C(=O)N(C)[C@@H](CC(C)C)C(=O)N(C)[C@@H](Cc2ccccc2)C(=O)N[C@H](C(=O)N2CCCCC2)CC(=O)N[C@@H](C(C)C)C(=O)N(C)CC(=O)N[C@@H]([C@@H](C)O)C(=O)N1C,-4.675938461538454,1.648525595664978
"PEPTIDE1{[Me_dA].[meL].T.[meA].[meF].[Sar].I.[meL].[meV].D.[meF].A.[-pip]}$PEPTIDE1,PEPTIDE1,1:R1-10:R3$$$",CC[C@H](C)[C@@H]1NC(=O)CN(C)C(=O)[C@H](Cc2ccccc2)N(C)C(=O)[C@H](C)N(C)C(=O)[C@H]([C@@H](C)O)NC(=O)[C@H](CC(C)C)N(C)C(=O)[C@@H](C)N(C)C(=O)C[C@@H](C(=O)N(C)[C@@H](Cc2ccccc2)C(=O)N[C@@H](C)C(=O)N2CCCCC2)NC(=O)[C@H](C(C)C)N(C)C(=O)[C@H](CC(C)C)N(C)C1=O,-4.6762000000000015,1.779378056526184
"PEPTIDE1{[Sar].[meL].V.[meL].A.[dA].[meL].[meL].[meL].[meS].[Mono8]}$PEPTIDE1,PEPTIDE1,1:R1-11:R2$$$",CC(C)C[C@H]1C(=O)N[C@@H](C(C)C)C(=O)N(C)[C@@H](CC(C)C)C(=O)N[C@@H](C)C(=O)N[C@H](C)C(=O)N(C)[C@@H](CC(C)C)C(=O)N(C)[C@@H](CC(C)C)C(=O)N(C)[C@@H](CC(C)C)C(=O)N(C)[C@@H](CO)C(=O)N[C@H](C(F)(F)F)CC(=O)N(C)CC(=O)N1C,-4.679563636363632,1.3132518529891968
"PEPTIDE1{[Mono6].[meL].[meL].L.[meF].G.F.T.P.I.D.[-pip]}$PEPTIDE1,PEPTIDE1,1:R1-11:R3$$$",CC[C@H](C)[C@@H]1NC(=O)[C@@H]2CCCN2C(=O)[C@H]([C@@H](C)O)NC(=O)[C@H](Cc2ccccc2)NC(=O)CNC(=O)[C@H](Cc2ccccc2)N(C)C(=O)[C@H](CC(C)C)NC(=O)[C@H](CC(C)C)N(C)C(=O)[C@H](CC(C)C)N(C)C(=O)CCCN(C)C(=O)C[C@@H](C(=O)N2CCCCC2)NC1=O,-4.679605000000006,2.060800790786743
"PEPTIDE1{[dV].A.T.[meA].F.[meL].[meF].[meL].[Mono7]}$PEPTIDE1,PEPTIDE1,1:R1-9:R2$$$",CC(C)C[C@H]1C(=O)N(C)[C@@H](Cc2ccccc2)C(=O)N(C)[C@@H](CC(C)C)C(=O)N[C@@H](C)CC(=O)N[C@H](C(C)C)C(=O)N[C@@H](C)C(=O)N[C@@H]([C@@H](C)O)C(=O)N(C)[C@@H](C)C(=O)N[C@@H](Cc2ccccc2)C(=O)N1C,-4.680133333333334,1.4679818153381348
"PEPTIDE1{A.G.[meL].[meI].[meA].[meF].T.[meF].[meL].P.D.[-pip]}$PEPTIDE1,PEPTIDE1,1:R1-11:R3$$$",CC[C@H](C)[C@H]1C(=O)N(C)[C@@H](C)C(=O)N(C)[C@@H](Cc2ccccc2)C(=O)N[C@@H]([C@@H](C)O)C(=O)N(C)[C@@H](Cc2ccccc2)C(=O)N(C)[C@@H](CC(C)C)C(=O)N2CCC[C@H]2C(=O)N[C@H](C(=O)N2CCCCC2)CC(=O)N[C@@H](C)C(=O)NCC(=O)N(C)[C@@H](CC(C)C)C(=O)N1C,-4.681616666666664,1.898751735687256
"PEPTIDE1{[meA].F.[meL].[Ser(tBu)].G.[meI].L.P.T.[meA].F.D.[-pip]}$PEPTIDE1,PEPTIDE1,1:R1-12:R3$$$",CC[C@H](C)[C@H]1C(=O)N[C@@H](CC(C)C)C(=O)N2CCC[C@H]2C(=O)N[C@@H]([C@@H](C)O)C(=O)N(C)[C@@H](C)C(=O)N[C@@H](Cc2ccccc2)C(=O)N[C@H](C(=O)N2CCCCC2)CC(=O)N(C)[C@@H](C)C(=O)N[C@@H](Cc2ccccc2)C(=O)N(C)[C@@H](CC(C)C)C(=O)N[C@@H](COC(C)(C)C)C(=O)NCC(=O)N1C,-4.6819999999999915,1.4757808446884155
"PEPTIDE1{[meS].L.[Sar].[meL].L.[meL].A.[dA].[meL].[meL].[Mono8]}$PEPTIDE1,PEPTIDE1,1:R1-11:R2$$$",CC(C)C[C@@H]1NC(=O)[C@H](CO)N(C)C(=O)C[C@@H](C(F)(F)F)NC(=O)[C@H](CC(C)C)N(C)C(=O)[C@H](CC(C)C)N(C)C(=O)[C@@H](C)NC(=O)[C@H](C)NC(=O)[C@H](CC(C)C)N(C)C(=O)[C@H](CC(C)C)NC(=O)[C@H](CC(C)C)N(C)C(=O)CN(C)C1=O,-4.682255555555557,1.3616769313812256
"PEPTIDE1{[meA].[Me_dL].[Me_dL].P.[Me_dL].F}$PEPTIDE1,PEPTIDE1,1:R1-6:R2$$$",CC(C)C[C@@H]1C(=O)N2CCC[C@H]2C(=O)N(C)[C@H](CC(C)C)C(=O)N[C@@H](Cc2ccccc2)C(=O)N(C)[C@@H](C)C(=O)N(C)[C@H](CC(C)C)C(=O)N1C,-4.683334882501575,2.122689962387085
"PEPTIDE1{[meA].[meL].[Me_dL].[dP].[Me_dL].F}$PEPTIDE1,PEPTIDE1,1:R1-6:R2$$$",CC(C)C[C@@H]1C(=O)N[C@@H](Cc2ccccc2)C(=O)N(C)[C@@H](C)C(=O)N(C)[C@@H](CC(C)C)C(=O)N(C)[C@H](CC(C)C)C(=O)N2CCC[C@@H]2C(=O)N1C,-4.683334882501575,2.122689962387085
"PEPTIDE1{[Me_dA].[meL].[Me_dL].[dP].[meL].F}$PEPTIDE1,PEPTIDE1,1:R1-6:R2$$$",CC(C)C[C@@H]1C(=O)N2CCC[C@@H]2C(=O)N(C)[C@@H](CC(C)C)C(=O)N[C@@H](Cc2ccccc2)C(=O)N(C)[C@H](C)C(=O)N(C)[C@@H](CC(C)C)C(=O)N1C,-4.683334882501575,2.122689962387085
"PEPTIDE1{[Me_dA].[Me_dL].[meL].[dP].[Me_dL].F}$PEPTIDE1,PEPTIDE1,1:R1-6:R2$$$",CC(C)C[C@@H]1C(=O)N(C)[C@@H](CC(C)C)C(=O)N2CCC[C@@H]2C(=O)N(C)[C@H](CC(C)C)C(=O)N[C@@H](Cc2ccccc2)C(=O)N(C)[C@H](C)C(=O)N1C,-4.683334882501575,2.122689962387085
"PEPTIDE1{[Me_dA].[meL].[Me_dL].[dP].[Me_dL].F}$PEPTIDE1,PEPTIDE1,1:R1-6:R2$$$",CC(C)C[C@@H]1C(=O)N[C@@H](Cc2ccccc2)C(=O)N(C)[C@H](C)C(=O)N(C)[C@@H](CC(C)C)C(=O)N(C)[C@H](CC(C)C)C(=O)N2CCC[C@@H]2C(=O)N1C,-4.683334882501575,2.122689962387085
"PEPTIDE1{[meA].[Me_dL].[meL].[dP].[meL].F}$PEPTIDE1,PEPTIDE1,1:R1-6:R2$$$",CC(C)C[C@@H]1C(=O)N(C)[C@@H](CC(C)C)C(=O)N2CCC[C@@H]2C(=O)N(C)[C@@H](CC(C)C)C(=O)N[C@@H](Cc2ccccc2)C(=O)N(C)[C@@H](C)C(=O)N1C,-4.683334882501575,2.122689962387085
"PEPTIDE1{[meA].[meL].[meL].P.[Me_dL].F}$PEPTIDE1,PEPTIDE1,1:R1-6:R2$$$",CC(C)C[C@@H]1C(=O)N[C@@H](Cc2ccccc2)C(=O)N(C)[C@@H](C)C(=O)N(C)[C@@H](CC(C)C)C(=O)N(C)[C@@H](CC(C)C)C(=O)N2CCC[C@H]2C(=O)N1C,-4.683334882501575,2.122689962387085
"PEPTIDE1{[meA].[meL].[Me_dL].P.[Me_dL].F}$PEPTIDE1,PEPTIDE1,1:R1-6:R2$$$",CC(C)C[C@@H]1C(=O)N2CCC[C@H]2C(=O)N(C)[C@H](CC(C)C)C(=O)N[C@@H](Cc2ccccc2)C(=O)N(C)[C@@H](C)C(=O)N(C)[C@@H](CC(C)C)C(=O)N1C,-4.683334882501575,2.122689962387085
"PEPTIDE1{[meA].[Me_dL].[meL].[dP].[Me_dL].F}$PEPTIDE1,PEPTIDE1,1:R1-6:R2$$$",CC(C)C[C@@H]1C(=O)N[C@@H](Cc2ccccc2)C(=O)N(C)[C@@H](C)C(=O)N(C)[C@H](CC(C)C)C(=O)N(C)[C@@H](CC(C)C)C(=O)N2CCC[C@@H]2C(=O)N1C,-4.683334882501575,2.122689962387085
"PEPTIDE1{[meA].[Me_dL].[Me_dL].[dP].[Me_dL].F}$PEPTIDE1,PEPTIDE1,1:R1-6:R2$$$",CC(C)C[C@@H]1C(=O)N2CCC[C@@H]2C(=O)N(C)[C@H](CC(C)C)C(=O)N[C@@H](Cc2ccccc2)C(=O)N(C)[C@@H](C)C(=O)N(C)[C@H](CC(C)C)C(=O)N1C,-4.683334882501575,2.122689962387085
"PEPTIDE1{[meA].[Me_dL].[Me_dL].P.[meL].F}$PEPTIDE1,PEPTIDE1,1:R1-6:R2$$$",CC(C)C[C@@H]1C(=O)N2CCC[C@H]2C(=O)N(C)[C@@H](CC(C)C)C(=O)N[C@@H](Cc2ccccc2)C(=O)N(C)[C@@H](C)C(=O)N(C)[C@H](CC(C)C)C(=O)N1C,-4.683334882501575,2.122689962387085
"PEPTIDE1{[meA].[Me_dL].[meL].P.[Me_dL].F}$PEPTIDE1,PEPTIDE1,1:R1-6:R2$$$",CC(C)C[C@@H]1C(=O)N(C)[C@@H](CC(C)C)C(=O)N2CCC[C@H]2C(=O)N(C)[C@H](CC(C)C)C(=O)N[C@@H](Cc2ccccc2)C(=O)N(C)[C@@H](C)C(=O)N1C,-4.683334882501575,2.122689962387085
"PEPTIDE1{[Me_dA].[Me_dL].[meL].[dP].[meL].F}$PEPTIDE1,PEPTIDE1,1:R1-6:R2$$$",CC(C)C[C@@H]1C(=O)N(C)[C@@H](CC(C)C)C(=O)N2CCC[C@@H]2C(=O)N(C)[C@@H](CC(C)C)C(=O)N[C@@H](Cc2ccccc2)C(=O)N(C)[C@H](C)C(=O)N1C,-4.683334882501575,2.122689962387085
"PEPTIDE1{[Me_dA].[meL].[meL].P.[meL].F}$PEPTIDE1,PEPTIDE1,1:R1-6:R2$$$",CC(C)C[C@H]1C(=O)N(C)[C@@H](CC(C)C)C(=O)N2CCC[C@H]2C(=O)N(C)[C@@H](CC(C)C)C(=O)N[C@@H](Cc2ccccc2)C(=O)N(C)[C@H](C)C(=O)N1C,-4.683334882501575,2.122689962387085
"PEPTIDE1{[Me_dA].[meL].[Me_dL].P.[meL].F}$PEPTIDE1,PEPTIDE1,1:R1-6:R2$$$",CC(C)C[C@@H]1C(=O)N2CCC[C@H]2C(=O)N(C)[C@@H](CC(C)C)C(=O)N[C@@H](Cc2ccccc2)C(=O)N(C)[C@H](C)C(=O)N(C)[C@@H](CC(C)C)C(=O)N1C,-4.683334882501575,2.122689962387085
"PEPTIDE1{[Me_dA].[Me_dL].[meL].P.[meL].F}$PEPTIDE1,PEPTIDE1,1:R1-6:R2$$$",CC(C)C[C@@H]1C(=O)N(C)[C@@H](CC(C)C)C(=O)N2CCC[C@H]2C(=O)N(C)[C@@H](CC(C)C)C(=O)N[C@@H](Cc2ccccc2)C(=O)N(C)[C@H](C)C(=O)N1C,-4.683334882501575,2.122689962387085
"PEPTIDE1{[Me_dA].[meL].[Me_dL].P.[Me_dL].F}$PEPTIDE1,PEPTIDE1,1:R1-6:R2$$$",CC(C)C[C@@H]1C(=O)N2CCC[C@H]2C(=O)N(C)[C@H](CC(C)C)C(=O)N[C@@H](Cc2ccccc2)C(=O)N(C)[C@H](C)C(=O)N(C)[C@@H](CC(C)C)C(=O)N1C,-4.683334882501575,2.122689962387085
"PEPTIDE1{[Me_dA].[Me_dL].[meL].P.[Me_dL].F}$PEPTIDE1,PEPTIDE1,1:R1-6:R2$$$",CC(C)C[C@@H]1C(=O)N(C)[C@@H](CC(C)C)C(=O)N2CCC[C@H]2C(=O)N(C)[C@H](CC(C)C)C(=O)N[C@@H](Cc2ccccc2)C(=O)N(C)[C@H](C)C(=O)N1C,-4.683334882501575,2.122689962387085
"PEPTIDE1{[Me_dA].[meL].[meL].[dP].[meL].F}$PEPTIDE1,PEPTIDE1,1:R1-6:R2$$$",CC(C)C[C@H]1C(=O)N(C)[C@@H](CC(C)C)C(=O)N2CCC[C@@H]2C(=O)N(C)[C@@H](CC(C)C)C(=O)N[C@@H](Cc2ccccc2)C(=O)N(C)[C@H](C)C(=O)N1C,-4.683334882501575,2.122689962387085
"PEPTIDE1{[meA].[meL].[Me_dL].P.[meL].F}$PEPTIDE1,PEPTIDE1,1:R1-6:R2$$$",CC(C)C[C@@H]1C(=O)N2CCC[C@H]2C(=O)N(C)[C@@H](CC(C)C)C(=O)N[C@@H](Cc2ccccc2)C(=O)N(C)[C@@H](C)C(=O)N(C)[C@@H](CC(C)C)C(=O)N1C,-4.683334882501575,2.122689962387085
"PEPTIDE1{[meA].[Me_dL].[meL].P.[meL].F}$PEPTIDE1,PEPTIDE1,1:R1-6:R2$$$",CC(C)C[C@@H]1C(=O)N(C)[C@@H](CC(C)C)C(=O)N2CCC[C@H]2C(=O)N(C)[C@@H](CC(C)C)C(=O)N[C@@H](Cc2ccccc2)C(=O)N(C)[C@@H](C)C(=O)N1C,-4.683334882501575,2.122689962387085
"PEPTIDE1{[dV].T.[meA].[meF].P.L.[meV].[Hph].[meA].[meL].D.[-pip]}$PEPTIDE1,PEPTIDE1,1:R1-11:R3$$$",CC(C)C[C@@H]1NC(=O)[C@@H]2CCCN2C(=O)[C@H](Cc2ccccc2)N(C)C(=O)[C@H](C)N(C)C(=O)[C@H]([C@@H](C)O)NC(=O)[C@@H](C(C)C)NC(=O)C[C@@H](C(=O)N2CCCCC2)NC(=O)[C@H](CC(C)C)N(C)C(=O)[C@H](C)N(C)C(=O)[C@H](CCc2ccccc2)NC(=O)[C@H](C(C)C)N(C)C1=O,-4.68439999999999,1.9790780544281008
"PEPTIDE1{[meF].[Sar].[meL].T.[meA].[meL].[meI].[Ser(tBu)].[Mono11].[-pip]}$PEPTIDE1,PEPTIDE1,1:R1-9:R3$$$",CC[C@H](C)[C@H]1C(=O)N[C@@H](COC(C)(C)C)C(=O)N[C@H](C(=O)N2CCCCC2)Cc2ccc(cc2)CCCCCC(=O)N(C)[C@@H](Cc2ccccc2)C(=O)N(C)CC(=O)N(C)[C@@H](CC(C)C)C(=O)N[C@@H]([C@@H](C)O)C(=O)N(C)[C@@H](C)C(=O)N(C)[C@@H](CC(C)C)C(=O)N1C,-4.6844500000000036,1.705235719680786
"PEPTIDE1{[meA].[meA].[meF].[meL].T.[meA].[meL].[Ser(tBu)].D.[-pip]}$PEPTIDE1,PEPTIDE1,1:R1-9:R3$$$",CC(C)C[C@H]1C(=O)N[C@@H](COC(C)(C)C)C(=O)N[C@H](C(=O)N2CCCCC2)CC(=O)N(C)[C@@H](C)C(=O)N(C)[C@@H](C)C(=O)N(C)[C@@H](Cc2ccccc2)C(=O)N(C)[C@@H](CC(C)C)C(=O)N[C@@H]([C@@H](C)O)C(=O)N(C)[C@@H](C)C(=O)N1C,-4.685033333333333,1.515742540359497
"PEPTIDE1{[Me_dA].[meA].[meF].[meL].T.[meA].[meL].[Ser(tBu)].D.[-pip]}$PEPTIDE1,PEPTIDE1,1:R1-9:R3$$$",CC(C)C[C@H]1C(=O)N[C@@H](COC(C)(C)C)C(=O)N[C@H](C(=O)N2CCCCC2)CC(=O)N(C)[C@H](C)C(=O)N(C)[C@@H](C)C(=O)N(C)[C@@H](Cc2ccccc2)C(=O)N(C)[C@@H](CC(C)C)C(=O)N[C@@H]([C@@H](C)O)C(=O)N(C)[C@@H](C)C(=O)N1C,-4.685033333333333,1.515742540359497
"PEPTIDE1{[Mono6].[meA].T.[meA].[meV].G.[meL].L.[meL].F.D.[meF].A.[-pip]}$PEPTIDE1,PEPTIDE1,1:R1-11:R3$$$",CC(C)C[C@@H]1NC(=O)[C@H](CC(C)C)N(C)C(=O)CNC(=O)[C@H](C(C)C)N(C)C(=O)[C@H](C)N(C)C(=O)[C@H]([C@@H](C)O)NC(=O)[C@H](C)N(C)C(=O)CCCN(C)C(=O)C[C@@H](C(=O)N(C)[C@@H](Cc2ccccc2)C(=O)N[C@@H](C)C(=O)N2CCCCC2)NC(=O)[C@H](Cc2ccccc2)NC(=O)[C@H](CC(C)C)N(C)C1=O,-4.685299999999995,1.7586939334869385
"PEPTIDE1{[dA].[meF].I.T.[Sar].V.D.[meF].[meF].A.[-pip]}$PEPTIDE1,PEPTIDE1,1:R1-7:R3$$$",CC[C@H](C)[C@@H]1NC(=O)[C@H](Cc2ccccc2)N(C)C(=O)[C@@H](C)NC(=O)C[C@@H](C(=O)N(C)[C@@H](Cc2ccccc2)C(=O)N(C)[C@@H](Cc2ccccc2)C(=O)N[C@@H](C)C(=O)N2CCCCC2)NC(=O)[C@H](C(C)C)NC(=O)CN(C)C(=O)[C@H]([C@@H](C)O)NC1=O,-4.685700000000003,2.1319549083709717
"PEPTIDE1{L.[Me_dA].[Me_Abu].L.[dP].[meF]}$PEPTIDE1,PEPTIDE1,1:R1-6:R2$$$",CC[C@H]1C(=O)N[C@@H](CC(C)C)C(=O)N2CCC[C@@H]2C(=O)N(C)[C@@H](Cc2ccccc2)C(=O)N[C@@H](CC(C)C)C(=O)N(C)[C@H](C)C(=O)N1C,-4.687001390276393,1.4671519994735718
"PEPTIDE1{A.[iBu_Gly].[Mono90]}$PEPTIDE1,PEPTIDE1,1:R1-3:R2$$$",CC(C)CN1CC(=O)N(C)CCCCCCN[C@@H](Cc2ccccc2)C(=O)N[C@@H](C)C1=O,-4.68775,1.7713050842285156
"PEPTIDE1{[meA].A.T.[meL].F.[meL].[meF].D.[-pip]}$PEPTIDE1,PEPTIDE1,1:R1-8:R3$$$",CC(C)C[C@H]1C(=O)N(C)[C@@H](Cc2ccccc2)C(=O)N[C@H](C(=O)N2CCCCC2)CC(=O)N(C)[C@@H](C)C(=O)N[C@@H](C)C(=O)N[C@@H]([C@@H](C)O)C(=O)N(C)[C@@H](CC(C)C)C(=O)N[C@@H](Cc2ccccc2)C(=O)N1C,-4.687896428571427,1.6792429685592651
"PEPTIDE1{[Mono6].V.[meF].[meL].T.[meA].[Sar].[meL].D.[meF].A.[-pip]}$PEPTIDE1,PEPTIDE1,1:R1-9:R3$$$",CC(C)C[C@H]1C(=O)N[C@H](C(=O)N(C)[C@@H](Cc2ccccc2)C(=O)N[C@@H](C)C(=O)N2CCCCC2)CC(=O)N(C)CCCC(=O)N[C@@H](C(C)C)C(=O)N(C)[C@@H](Cc2ccccc2)C(=O)N(C)[C@@H](CC(C)C)C(=O)N[C@@H]([C@@H](C)O)C(=O)N(C)[C@@H](C)C(=O)N(C)CC(=O)N1C,-4.688166666666672,1.817306399345398
"PEPTIDE1{[Me_Bal].[meA].[meL].T.[Sar].[meF].[meL].[meF].[meL].A.D.[-pip]}$PEPTIDE1,PEPTIDE1,1:R1-11:R3$$$",CC(C)C[C@H]1C(=O)N[C@@H]([C@@H](C)O)C(=O)N(C)CC(=O)N(C)[C@@H](Cc2ccccc2)C(=O)N(C)[C@@H](CC(C)C)C(=O)N(C)[C@@H](Cc2ccccc2)C(=O)N(C)[C@@H](CC(C)C)C(=O)N[C@@H](C)C(=O)N[C@H](C(=O)N2CCCCC2)CC(=O)N(C)CCC(=O)N(C)[C@@H](C)C(=O)N1C,-4.6901000000000055,1.84779691696167
"PEPTIDE1{[dA].[dL].[Mono87]}$PEPTIDE1,PEPTIDE1,1:R1-3:R2$$$",CC(C)C[C@H]1NC(=O)[C@@H](C)NC(=O)[C@@H](Cc2ccccc2)NCCCCCCNC1=O,-4.690869996669997,1.9494283199310305
"PEPTIDE1{A.L.[Mono78]}$PEPTIDE1,PEPTIDE1,1:R1-3:R2$$$",CC(C)C[C@@H]1NC(=O)[C@H](C)NC(=O)[C@H](Cc2ccccc2)NCCCCCCNC1=O,-4.690869996669997,1.9494283199310305
"PEPTIDE1{A.[dL].[Mono78]}$PEPTIDE1,PEPTIDE1,1:R1-3:R2$$$",CC(C)C[C@H]1NC(=O)[C@H](C)NC(=O)[C@H](Cc2ccccc2)NCCCCCCNC1=O,-4.690869996669997,1.9494283199310305
"PEPTIDE1{[dA].L.[Mono78]}$PEPTIDE1,PEPTIDE1,1:R1-3:R2$$$",CC(C)C[C@@H]1NC(=O)[C@@H](C)NC(=O)[C@H](Cc2ccccc2)NCCCCCCNC1=O,-4.690869996669997,1.9494283199310305
"PEPTIDE1{[dA].L.[Mono87]}$PEPTIDE1,PEPTIDE1,1:R1-3:R2$$$",CC(C)C[C@@H]1NC(=O)[C@@H](C)NC(=O)[C@@H](Cc2ccccc2)NCCCCCCNC1=O,-4.690869996669997,1.9494283199310305
"PEPTIDE1{A.[dL].[Mono87]}$PEPTIDE1,PEPTIDE1,1:R1-3:R2$$$",CC(C)C[C@H]1NC(=O)[C@H](C)NC(=O)[C@@H](Cc2ccccc2)NCCCCCCNC1=O,-4.690869996669997,1.9494283199310305
"PEPTIDE1{[dA].[dL].[Mono78]}$PEPTIDE1,PEPTIDE1,1:R1-3:R2$$$",CC(C)C[C@H]1NC(=O)[C@@H](C)NC(=O)[C@H](Cc2ccccc2)NCCCCCCNC1=O,-4.690869996669997,1.9494283199310305
"PEPTIDE1{A.L.[Mono87]}$PEPTIDE1,PEPTIDE1,1:R1-3:R2$$$",CC(C)C[C@@H]1NC(=O)[C@H](C)NC(=O)[C@@H](Cc2ccccc2)NCCCCCCNC1=O,-4.690869996669997,1.9494283199310305
"PEPTIDE1{[Me_dA].T.[meA].[meF].[Ser(tBu)].G.[meL].[meF].D.[-pip]}$PEPTIDE1,PEPTIDE1,1:R1-9:R3$$$",CC(C)C[C@H]1C(=O)N(C)[C@@H](Cc2ccccc2)C(=O)N[C@H](C(=O)N2CCCCC2)CC(=O)N(C)[C@H](C)C(=O)N[C@@H]([C@@H](C)O)C(=O)N(C)[C@@H](C)C(=O)N(C)[C@@H](Cc2ccccc2)C(=O)N[C@@H](COC(C)(C)C)C(=O)NCC(=O)N1C,-4.691900000000007,1.447008728981018
"PEPTIDE1{[Sar].[Ser(tBu)].[Pr_Gly].[meL].T.[meF].[meL].[meI].[meA].D.[-pip]}$PEPTIDE1,PEPTIDE1,1:R1-10:R3$$$",CCCN1CC(=O)N(C)[C@@H](CC(C)C)C(=O)N[C@@H]([C@@H](C)O)C(=O)N(C)[C@@H](Cc2ccccc2)C(=O)N(C)[C@@H](CC(C)C)C(=O)N(C)[C@@H]([C@@H](C)CC)C(=O)N(C)[C@@H](C)C(=O)N[C@H](C(=O)N2CCCCC2)CC(=O)N(C)CC(=O)N[C@@H](COC(C)(C)C)C1=O,-4.692000000000001,1.349056839942932
"PEPTIDE1{[Me_dA].V.[meL].[meF].G.[meF].[meA].T.D.[meF].[meF].A.[-pip]}$PEPTIDE1,PEPTIDE1,1:R1-9:R3$$$",CC(C)C[C@H]1C(=O)N(C)[C@@H](Cc2ccccc2)C(=O)NCC(=O)N(C)[C@@H](Cc2ccccc2)C(=O)N(C)[C@@H](C)C(=O)N[C@@H]([C@@H](C)O)C(=O)N[C@H](C(=O)N(C)[C@@H](Cc2ccccc2)C(=O)N(C)[C@@H](Cc2ccccc2)C(=O)N[C@@H](C)C(=O)N2CCCCC2)CC(=O)N(C)[C@H](C)C(=O)N[C@@H](C(C)C)C(=O)N1C,-4.692049999999998,1.4604157209396362
"PEPTIDE1{T.G.[meL].[Ser(tBu)].[meF].[meA].F.[meV].[Mono11].[-pip]}$PEPTIDE1,PEPTIDE1,1:R1-9:R3$$$",CC(C)C[C@H]1C(=O)N[C@@H](COC(C)(C)C)C(=O)N(C)[C@@H](Cc2ccccc2)C(=O)N(C)[C@@H](C)C(=O)N[C@@H](Cc2ccccc2)C(=O)N(C)[C@@H](C(C)C)C(=O)N[C@H](C(=O)N2CCCCC2)Cc2ccc(cc2)CCCCCC(=O)N[C@@H]([C@@H](C)O)C(=O)NCC(=O)N1C,-4.692699999999995,1.1232260465621948
"PEPTIDE1{L.A.[Mono78]}$PEPTIDE1,PEPTIDE1,1:R1-3:R2$$$",CC(C)C[C@@H]1NC(=O)[C@H](Cc2ccccc2)NCCCCCCNC(=O)[C@H](C)NC1=O,-4.693416883116884,1.671697020530701
"PEPTIDE1{L.[Me_dL].[meL].L.[dP].[meA]}$PEPTIDE1,PEPTIDE1,1:R1-6:R2$$$",CC(C)C[C@@H]1NC(=O)[C@H](C)N(C)C(=O)[C@H]2CCCN2C(=O)[C@H](CC(C)C)NC(=O)[C@H](CC(C)C)N(C)C(=O)[C@@H](CC(C)C)N(C)C1=O,-4.697526387322479,1.2533259391784668
"PEPTIDE1{[dV].I.[meV].[meA].T.[meA].[meL].A.[meF].D.[meF].A.[-pip]}$PEPTIDE1,PEPTIDE1,1:R1-10:R3$$$",CC[C@H](C)[C@@H]1NC(=O)[C@@H](C(C)C)NC(=O)C[C@@H](C(=O)N(C)[C@@H](Cc2ccccc2)C(=O)N[C@@H](C)C(=O)N2CCCCC2)NC(=O)[C@H](Cc2ccccc2)N(C)C(=O)[C@H](C)NC(=O)[C@H](CC(C)C)N(C)C(=O)[C@H](C)N(C)C(=O)[C@H]([C@@H](C)O)NC(=O)[C@H](C)N(C)C(=O)[C@H](C(C)C)N(C)C1=O,-4.697833333333337,2.0605685710906982
"PEPTIDE1{[dV].[meA].[meF].[meL].T.[Sar].[meL].V.D.[meF].[meF].A.[-pip]}$PEPTIDE1,PEPTIDE1,1:R1-9:R3$$$",CC(C)C[C@H]1C(=O)N[C@@H](C(C)C)C(=O)N[C@H](C(=O)N(C)[C@@H](Cc2ccccc2)C(=O)N(C)[C@@H](Cc2ccccc2)C(=O)N[C@@H](C)C(=O)N2CCCCC2)CC(=O)N[C@H](C(C)C)C(=O)N(C)[C@@H](C)C(=O)N(C)[C@@H](Cc2ccccc2)C(=O)N(C)[C@@H](CC(C)C)C(=O)N[C@@H]([C@@H](C)O)C(=O)N(C)CC(=O)N1C,-4.698188888888888,2.0547595024108887
"PEPTIDE1{[dA].T.[meF].L.P.[meV].F.[Sar].[meL].A.[meI].D.[-pip]}$PEPTIDE1,PEPTIDE1,1:R1-12:R3$$$",CC[C@H](C)[C@H]1C(=O)N[C@H](C(=O)N2CCCCC2)CC(=O)N[C@H](C)C(=O)N[C@@H]([C@@H](C)O)C(=O)N(C)[C@@H](Cc2ccccc2)C(=O)N[C@@H](CC(C)C)C(=O)N2CCC[C@H]2C(=O)N(C)[C@@H](C(C)C)C(=O)N[C@@H](Cc2ccccc2)C(=O)N(C)CC(=O)N(C)[C@@H](CC(C)C)C(=O)N[C@@H](C)C(=O)N1C,-4.699000000000001,1.3312454223632812
"PEPTIDE1{[Me_Bal].T.[Sar].[meL].V.[meF].[meA].F.D.[meF].A.[-pip]}$PEPTIDE1,PEPTIDE1,1:R1-9:R3$$$",CC(C)C[C@H]1C(=O)N[C@@H](C(C)C)C(=O)N(C)[C@@H](Cc2ccccc2)C(=O)N(C)[C@@H](C)C(=O)N[C@@H](Cc2ccccc2)C(=O)N[C@H](C(=O)N(C)[C@@H](Cc2ccccc2)C(=O)N[C@@H](C)C(=O)N2CCCCC2)CC(=O)N(C)CCC(=O)N[C@@H]([C@@H](C)O)C(=O)N(C)CC(=O)N1C,-4.699300000000005,1.7924193143844604
"PEPTIDE1{[meA].[meF].[meL].T.[meL].[meL].D.[-pip]}$PEPTIDE1,PEPTIDE1,1:R1-7:R3$$$",CC(C)C[C@H]1C(=O)N(C)[C@@H](CC(C)C)C(=O)N[C@H](C(=O)N2CCCCC2)CC(=O)N(C)[C@@H](C)C(=O)N(C)[C@@H](Cc2ccccc2)C(=O)N(C)[C@@H](CC(C)C)C(=O)N[C@@H]([C@@H](C)O)C(=O)N1C,-4.700733333333331,1.6446528434753418
"PEPTIDE1{[Sar].[Ser(tBu)].[Sar].[meL].T.[meF].[meL].[meI].[meA].D.[-pip]}$PEPTIDE1,PEPTIDE1,1:R1-10:R3$$$",CC[C@H](C)[C@H]1C(=O)N(C)[C@@H](C)C(=O)N[C@H](C(=O)N2CCCCC2)CC(=O)N(C)CC(=O)N[C@@H](COC(C)(C)C)C(=O)N(C)CC(=O)N(C)[C@@H](CC(C)C)C(=O)N[C@@H]([C@@H](C)O)C(=O)N(C)[C@@H](Cc2ccccc2)C(=O)N(C)[C@@H](CC(C)C)C(=O)N1C,-4.7008,1.136934757232666
"PEPTIDE1{[meA].[meF].[meL].T.[Sar].[meL].[Ser(tBu)].D.[-pip]}$PEPTIDE1,PEPTIDE1,1:R1-8:R3$$$",CC(C)C[C@H]1C(=O)N[C@@H](COC(C)(C)C)C(=O)N[C@H](C(=O)N2CCCCC2)CC(=O)N(C)[C@@H](C)C(=O)N(C)[C@@H](Cc2ccccc2)C(=O)N(C)[C@@H](CC(C)C)C(=O)N[C@@H]([C@@H](C)O)C(=O)N(C)CC(=O)N1C,-4.700899999999994,1.329193949699402
"PEPTIDE1{[Me_Bal].F.[meF].[meL].T.[meA].[meI].L.[meL].[Ser(tBu)].[meL].[Mono7]}$PEPTIDE1,PEPTIDE1,1:R1-12:R2$$$",CC[C@H](C)[C@H]1C(=O)N[C@@H](CC(C)C)C(=O)N(C)[C@@H](CC(C)C)C(=O)N[C@@H](COC(C)(C)C)C(=O)N(C)[C@@H](CC(C)C)C(=O)N[C@@H](C)CC(=O)N(C)CCC(=O)N[C@@H](Cc2ccccc2)C(=O)N(C)[C@@H](Cc2ccccc2)C(=O)N(C)[C@@H](CC(C)C)C(=O)N[C@@H]([C@@H](C)O)C(=O)N(C)[C@@H](C)C(=O)N1C,-4.7009500000000015,1.6554486751556396
"PEPTIDE1{[Mono6].[meA].[meL].T.[meA].[meL].[meF].[Ser(tBu)].D.[-pip]}$PEPTIDE1,PEPTIDE1,1:R1-9:R3$$$",CC(C)C[C@H]1C(=O)N[C@@H]([C@@H](C)O)C(=O)N(C)[C@@H](C)C(=O)N(C)[C@@H](CC(C)C)C(=O)N(C)[C@@H](Cc2ccccc2)C(=O)N[C@@H](COC(C)(C)C)C(=O)N[C@H](C(=O)N2CCCCC2)CC(=O)N(C)CCCC(=O)N(C)[C@@H](C)C(=O)N1C,-4.702100000000003,1.874685764312744
"PEPTIDE1{[meA].[meL].[meL].T.F.[meL].A.[meL].[meL].I.[Mono7]}$PEPTIDE1,PEPTIDE1,1:R1-11:R2$$$",CC[C@H](C)[C@@H]1NC(=O)[C@H](CC(C)C)N(C)C(=O)[C@H](CC(C)C)N(C)C(=O)[C@H](C)NC(=O)[C@H](CC(C)C)N(C)C(=O)[C@H](Cc2ccccc2)NC(=O)[C@H]([C@@H](C)O)NC(=O)[C@H](CC(C)C)N(C)C(=O)[C@H](CC(C)C)N(C)C(=O)[C@H](C)N(C)C(=O)C[C@H](C)NC1=O,-4.7027,1.833815336227417
"PEPTIDE1{[Mono6].[meA].[meF].V.[meL].[Sar].[meL].T.D.[meF].[meF].A.[-pip]}$PEPTIDE1,PEPTIDE1,1:R1-9:R3$$$",CC(C)C[C@H]1C(=O)N[C@@H]([C@@H](C)O)C(=O)N[C@H](C(=O)N(C)[C@@H](Cc2ccccc2)C(=O)N(C)[C@@H](Cc2ccccc2)C(=O)N[C@@H](C)C(=O)N2CCCCC2)CC(=O)N(C)CCCC(=O)N(C)[C@@H](C)C(=O)N(C)[C@@H](Cc2ccccc2)C(=O)N[C@@H](C(C)C)C(=O)N(C)[C@@H](CC(C)C)C(=O)N(C)CC(=O)N1C,-4.704024999999995,2.1022751331329346
"PEPTIDE1{[Mono6].[meL].A.[meL].[meF].[meL].T.[meA].[meF].[meI].D.[-pip]}$PEPTIDE1,PEPTIDE1,1:R1-11:R3$$$",CC[C@H](C)[C@H]1C(=O)N[C@H](C(=O)N2CCCCC2)CC(=O)N(C)CCCC(=O)N(C)[C@@H](CC(C)C)C(=O)N[C@@H](C)C(=O)N(C)[C@@H](CC(C)C)C(=O)N(C)[C@@H](Cc2ccccc2)C(=O)N(C)[C@@H](CC(C)C)C(=O)N[C@@H]([C@@H](C)O)C(=O)N(C)[C@@H](C)C(=O)N(C)[C@@H](Cc2ccccc2)C(=O)N1C,-4.704033333333337,2.107125997543335
"PEPTIDE1{[Me_Bal].[meV].L.F.T.L.L.V.[meL].I.D.[-pip]}$PEPTIDE1,PEPTIDE1,1:R1-11:R3$$$",CC[C@H](C)[C@@H]1NC(=O)[C@H](CC(C)C)N(C)C(=O)[C@H](C(C)C)NC(=O)[C@H](CC(C)C)NC(=O)[C@H](CC(C)C)NC(=O)[C@H]([C@@H](C)O)NC(=O)[C@H](Cc2ccccc2)NC(=O)[C@H](CC(C)C)NC(=O)[C@H](C(C)C)N(C)C(=O)CCN(C)C(=O)C[C@@H](C(=O)N2CCCCC2)NC1=O,-4.704167272727267,1.841981053352356
"PEPTIDE1{[Me_Bal].[meL].L.[meL].T.A.[meF].F.[meL].D.[meF].A.[-pip]}$PEPTIDE1,PEPTIDE1,1:R1-10:R3$$$",CC(C)C[C@@H]1NC(=O)[C@H](CC(C)C)N(C)C(=O)CCN(C)C(=O)C[C@@H](C(=O)N(C)[C@@H](Cc2ccccc2)C(=O)N[C@@H](C)C(=O)N2CCCCC2)NC(=O)[C@H](CC(C)C)N(C)C(=O)[C@H](Cc2ccccc2)NC(=O)[C@H](Cc2ccccc2)N(C)C(=O)[C@H](C)NC(=O)[C@H]([C@@H](C)O)NC(=O)[C@H](CC(C)C)N(C)C1=O,-4.705499999999993,1.6080173254013062
"PEPTIDE1{[meA].L.L.[Phg].L.[Sar].T.F.L.[meV].D.[-pip]}$PEPTIDE1,PEPTIDE1,1:R1-11:R3$$$",CC(C)C[C@@H]1NC(=O)[C@H](CC(C)C)NC(=O)[C@H](C)N(C)C(=O)C[C@@H](C(=O)N2CCCCC2)NC(=O)[C@H](C(C)C)N(C)C(=O)[C@H](CC(C)C)NC(=O)[C@H](Cc2ccccc2)NC(=O)[C@H]([C@@H](C)O)NC(=O)CN(C)C(=O)[C@H](CC(C)C)NC(=O)[C@H](c2ccccc2)NC1=O,-4.7056416666666685,1.6337065696716309
"PEPTIDE1{[meA].F.[meL].I.[Sar].T.[meA].[meA].[meV].D.[meF].[meF].A.[-pip]}$PEPTIDE1,PEPTIDE1,1:R1-10:R3$$$",CC[C@H](C)[C@@H]1NC(=O)[C@H](CC(C)C)N(C)C(=O)[C@H](Cc2ccccc2)NC(=O)[C@H](C)N(C)C(=O)C[C@@H](C(=O)N(C)[C@@H](Cc2ccccc2)C(=O)N(C)[C@@H](Cc2ccccc2)C(=O)N[C@@H](C)C(=O)N2CCCCC2)NC(=O)[C@H](C(C)C)N(C)C(=O)[C@H](C)N(C)C(=O)[C@H](C)N(C)C(=O)[C@H]([C@@H](C)O)NC(=O)CN(C)C1=O,-4.706999999999999,1.8546552658081057
"PEPTIDE1{[dV].[meF].[meL].I.[meL].[Me_Phe(3-Cl)].T.[meA].[meL].[Mono7]}$PEPTIDE1,PEPTIDE1,1:R1-10:R2$$$",CC[C@H](C)[C@@H]1NC(=O)[C@H](CC(C)C)N(C)C(=O)[C@H](Cc2ccccc2)N(C)C(=O)[C@@H](C(C)C)NC(=O)C[C@H](C)NC(=O)[C@H](CC(C)C)N(C)C(=O)[C@H](C)N(C)C(=O)[C@H]([C@@H](C)O)NC(=O)[C@H](Cc2cccc(Cl)c2)N(C)C(=O)[C@H](CC(C)C)N(C)C1=O,-4.707214625621293,1.855892539024353
"PEPTIDE1{[Me_dA].[meA].[meL].T.[meA].[meL].A.[meF].[meA].[meF].D.[meF].A.[-pip]}$PEPTIDE1,PEPTIDE1,1:R1-11:R3$$$",CC(C)C[C@H]1C(=O)N[C@@H](C)C(=O)N(C)[C@@H](Cc2ccccc2)C(=O)N(C)[C@@H](C)C(=O)N(C)[C@@H](Cc2ccccc2)C(=O)N[C@H](C(=O)N(C)[C@@H](Cc2ccccc2)C(=O)N[C@@H](C)C(=O)N2CCCCC2)CC(=O)N(C)[C@H](C)C(=O)N(C)[C@@H](C)C(=O)N(C)[C@@H](CC(C)C)C(=O)N[C@@H]([C@@H](C)O)C(=O)N(C)[C@@H](C)C(=O)N1C,-4.708200000000006,1.7254672050476074
"PEPTIDE1{[dV].T.[meA].[meF].P.L.[meV].[Nva(Ph)].[meA].[meL].D.[-pip]}$PEPTIDE1,PEPTIDE1,1:R1-11:R3$$$",CC(C)C[C@@H]1NC(=O)[C@@H]2CCCN2C(=O)[C@H](Cc2ccccc2)N(C)C(=O)[C@H](C)N(C)C(=O)[C@H]([C@@H](C)O)NC(=O)[C@@H](C(C)C)NC(=O)C[C@@H](C(=O)N2CCCCC2)NC(=O)[C@H](CC(C)C)N(C)C(=O)[C@H](C)N(C)C(=O)[C@H](CCCc2ccccc2)NC(=O)[C@H](C(C)C)N(C)C1=O,-4.708888949275353,2.1350810527801514
"PEPTIDE1{[Me_Bal].[meA].L.T.P.F.[meF].[meI].G.[meL].L.D.[-pip]}$PEPTIDE1,PEPTIDE1,1:R1-12:R3$$$",CC[C@H](C)[C@H]1C(=O)NCC(=O)N(C)[C@@H](CC(C)C)C(=O)N[C@@H](CC(C)C)C(=O)N[C@H](C(=O)N2CCCCC2)CC(=O)N(C)CCC(=O)N(C)[C@@H](C)C(=O)N[C@@H](CC(C)C)C(=O)N[C@@H]([C@@H](C)O)C(=O)N2CCC[C@H]2C(=O)N[C@@H](Cc2ccccc2)C(=O)N(C)[C@@H](Cc2ccccc2)C(=O)N1C,-4.70925405405405,1.6085669994354248
"PEPTIDE1{[meA].T.[meA].A.[meF].[meL].[meV].[meA].[Nva(Ph)].[meA].D.[-pip]}$PEPTIDE1,PEPTIDE1,1:R1-11:R3$$$",CC(C)C[C@H]1C(=O)N(C)[C@@H](C(C)C)C(=O)N(C)[C@@H](C)C(=O)N[C@@H](CCCc2ccccc2)C(=O)N(C)[C@@H](C)C(=O)N[C@H](C(=O)N2CCCCC2)CC(=O)N(C)[C@@H](C)C(=O)N[C@@H]([C@@H](C)O)C(=O)N(C)[C@@H](C)C(=O)N[C@@H](C)C(=O)N(C)[C@@H](Cc2ccccc2)C(=O)N1C,-4.710091666666671,1.8782613277435305
"PEPTIDE1{[meA].[meF].[meL].T.[meA].V.[meL].[meL].D.[meF].A.[-pip]}$PEPTIDE1,PEPTIDE1,1:R1-9:R3$$$",CC(C)C[C@H]1C(=O)N(C)[C@@H](CC(C)C)C(=O)N[C@H](C(=O)N(C)[C@@H](Cc2ccccc2)C(=O)N[C@@H](C)C(=O)N2CCCCC2)CC(=O)N(C)[C@@H](C)C(=O)N(C)[C@@H](Cc2ccccc2)C(=O)N(C)[C@@H](CC(C)C)C(=O)N[C@@H]([C@@H](C)O)C(=O)N(C)[C@@H](C)C(=O)N[C@@H](C(C)C)C(=O)N1C,-4.711359523809523,1.751453876495361
"PEPTIDE1{[meA].F.[meL].L.[meI].G.[meL].T.P.[Aib].D.[-pip]}$PEPTIDE1,PEPTIDE1,1:R1-11:R3$$$",CC[C@H](C)[C@H]1C(=O)NCC(=O)N(C)[C@@H](CC(C)C)C(=O)N[C@@H]([C@@H](C)O)C(=O)N2CCC[C@H]2C(=O)NC(C)(C)C(=O)N[C@H](C(=O)N2CCCCC2)CC(=O)N(C)[C@@H](C)C(=O)N[C@@H](Cc2ccccc2)C(=O)N(C)[C@@H](CC(C)C)C(=O)N[C@@H](CC(C)C)C(=O)N1C,-4.712999999999997,2.0008037090301514
"PEPTIDE1{[Me_Bal].L.[meF].[meL].[meV].A.[meA].T.[Sar].[meI].[meF].D.[-pip]}$PEPTIDE1,PEPTIDE1,1:R1-12:R3$$$",CC[C@H](C)[C@H]1C(=O)N(C)[C@@H](Cc2ccccc2)C(=O)N[C@H](C(=O)N2CCCCC2)CC(=O)N(C)CCC(=O)N[C@@H](CC(C)C)C(=O)N(C)[C@@H](Cc2ccccc2)C(=O)N(C)[C@@H](CC(C)C)C(=O)N(C)[C@@H](C(C)C)C(=O)N[C@@H](C)C(=O)N(C)[C@@H](C)C(=O)N[C@@H]([C@@H](C)O)C(=O)N(C)CC(=O)N1C,-4.715500000000005,1.3828855752944946
"PEPTIDE1{[meL].[meF].[meL].T.L.[meL].D.[-pip]}$PEPTIDE1,PEPTIDE1,1:R1-7:R3$$$",CC(C)C[C@@H]1NC(=O)[C@H]([C@@H](C)O)NC(=O)[C@H](CC(C)C)N(C)C(=O)[C@H](Cc2ccccc2)N(C)C(=O)[C@H](CC(C)C)N(C)C(=O)C[C@@H](C(=O)N2CCCCC2)NC(=O)[C@H](CC(C)C)N(C)C1=O,-4.716017490842489,1.6596076488494873
"PEPTIDE1{[meA].[meA].[meL].A.[meL].[meA].[meF].T.[meA].[meF].D.[meF].A.[-pip]}$PEPTIDE1,PEPTIDE1,1:R1-11:R3$$$",CC(C)C[C@H]1C(=O)N(C)[C@@H](C)C(=O)N(C)[C@@H](Cc2ccccc2)C(=O)N[C@@H]([C@@H](C)O)C(=O)N(C)[C@@H](C)C(=O)N(C)[C@@H](Cc2ccccc2)C(=O)N[C@H](C(=O)N(C)[C@@H](Cc2ccccc2)C(=O)N[C@@H](C)C(=O)N2CCCCC2)CC(=O)N(C)[C@@H](C)C(=O)N(C)[C@@H](C)C(=O)N(C)[C@@H](CC(C)C)C(=O)N[C@@H](C)C(=O)N1C,-4.716400000000006,1.7746689319610596
"PEPTIDE1{A.[iBu_Gly].[Mono78]}$PEPTIDE1,PEPTIDE1,1:R1-3:R2$$$",CC(C)CN1CC(=O)NCCCCCCN[C@@H](Cc2ccccc2)C(=O)N[C@@H](C)C1=O,-4.717250793650798,1.9525448083877563
"PEPTIDE1{[Mono6].[meF].T.[meL].[Ser(tBu)].[meL].D.[-pip]}$PEPTIDE1,PEPTIDE1,1:R1-7:R3$$$",CC(C)C[C@H]1C(=O)N[C@H](C(=O)N2CCCCC2)CC(=O)N(C)CCCC(=O)N(C)[C@@H](Cc2ccccc2)C(=O)N[C@@H]([C@@H](C)O)C(=O)N(C)[C@@H](CC(C)C)C(=O)N[C@@H](COC(C)(C)C)C(=O)N1C,-4.717333461538461,1.6503239870071411
"PEPTIDE1{[Mono6].[meF].T.[Sar].[Ser(tBu)].[meL].[meL].D.[-pip]}$PEPTIDE1,PEPTIDE1,1:R1-8:R3$$$",CC(C)C[C@H]1C(=O)N(C)[C@@H](CC(C)C)C(=O)N[C@H](C(=O)N2CCCCC2)CC(=O)N(C)CCCC(=O)N(C)[C@@H](Cc2ccccc2)C(=O)N[C@@H]([C@@H](C)O)C(=O)N(C)CC(=O)N[C@@H](COC(C)(C)C)C(=O)N1C,-4.717800000000001,1.6143224239349363
"PEPTIDE1{[dA].F.[meA].[meV].T.[Sar].[meL].[meA].I.D.[meF].[meF].A.[-pip]}$PEPTIDE1,PEPTIDE1,1:R1-10:R3$$$",CC[C@H](C)[C@@H]1NC(=O)[C@H](C)N(C)C(=O)[C@H](CC(C)C)N(C)C(=O)CN(C)C(=O)[C@H]([C@@H](C)O)NC(=O)[C@H](C(C)C)N(C)C(=O)[C@H](C)N(C)C(=O)[C@H](Cc2ccccc2)NC(=O)[C@@H](C)NC(=O)C[C@@H](C(=O)N(C)[C@@H](Cc2ccccc2)C(=O)N(C)[C@@H](Cc2ccccc2)C(=O)N[C@@H](C)C(=O)N2CCCCC2)NC1=O,-4.718333333333335,1.9217830896377563
"PEPTIDE1{[dA].[meF].L.[meL].T.[meA].[meA].I.[meF].[meV].D.[meF].A.[-pip]}$PEPTIDE1,PEPTIDE1,1:R1-11:R3$$$",CC[C@H](C)[C@@H]1NC(=O)[C@H](C)N(C)C(=O)[C@H](C)N(C)C(=O)[C@H]([C@@H](C)O)NC(=O)[C@H](CC(C)C)N(C)C(=O)[C@H](CC(C)C)NC(=O)[C@H](Cc2ccccc2)N(C)C(=O)[C@@H](C)NC(=O)C[C@@H](C(=O)N(C)[C@@H](Cc2ccccc2)C(=O)N[C@@H](C)C(=O)N2CCCCC2)NC(=O)[C@H](C(C)C)N(C)C(=O)[C@H](Cc2ccccc2)N(C)C1=O,-4.718399999999994,2.165290355682373
"PEPTIDE1{[Mono6].[meF].T.[Sar].[meL].[meL].[Ser(tBu)].D.[-pip]}$PEPTIDE1,PEPTIDE1,1:R1-8:R3$$$",CC(C)C[C@H]1C(=O)N(C)[C@@H](CC(C)C)C(=O)N[C@@H](COC(C)(C)C)C(=O)N[C@H](C(=O)N2CCCCC2)CC(=O)N(C)CCCC(=O)N(C)[C@@H](Cc2ccccc2)C(=O)N[C@@H]([C@@H](C)O)C(=O)N(C)CC(=O)N1C,-4.718500000000001,1.474191665649414
"PEPTIDE1{A.T.L.P.F.[meF].[meV].A.[meL].D.I.[-pip]}$PEPTIDE1,PEPTIDE1,1:R1-10:R3$$$",CC[C@H](C)[C@H](NC(=O)[C@@H]1CC(=O)N[C@@H](C)C(=O)N[C@@H]([C@@H](C)O)C(=O)N[C@@H](CC(C)C)C(=O)N2CCC[C@H]2C(=O)N[C@@H](Cc2ccccc2)C(=O)N(C)[C@@H](Cc2ccccc2)C(=O)N(C)[C@@H](C(C)C)C(=O)N[C@@H](C)C(=O)N(C)[C@@H](CC(C)C)C(=O)N1)C(=O)N1CCCCC1,-4.718610909090905,1.664068579673767
"PEPTIDE1{[dA].[meA].[meF].[meL].T.[meA].[meL].[Ser(tBu)].D.[-pip]}$PEPTIDE1,PEPTIDE1,1:R1-9:R3$$$",CC(C)C[C@H]1C(=O)N[C@@H](COC(C)(C)C)C(=O)N[C@H](C(=O)N2CCCCC2)CC(=O)N[C@H](C)C(=O)N(C)[C@@H](C)C(=O)N(C)[C@@H](Cc2ccccc2)C(=O)N(C)[C@@H](CC(C)C)C(=O)N[C@@H]([C@@H](C)O)C(=O)N(C)[C@@H](C)C(=O)N1C,-4.719199999999998,1.6974517107009888
"PEPTIDE1{[Me_dA].[meF].[meL].T.[meA].[meL].V.[meL].D.[meF].A.[-pip]}$PEPTIDE1,PEPTIDE1,1:R1-9:R3$$$",CC(C)C[C@H]1C(=O)N[C@H](C(=O)N(C)[C@@H](Cc2ccccc2)C(=O)N[C@@H](C)C(=O)N2CCCCC2)CC(=O)N(C)[C@H](C)C(=O)N(C)[C@@H](Cc2ccccc2)C(=O)N(C)[C@@H](CC(C)C)C(=O)N[C@@H]([C@@H](C)O)C(=O)N(C)[C@@H](C)C(=O)N(C)[C@@H](CC(C)C)C(=O)N[C@@H](C(C)C)C(=O)N1C,-4.721976190476191,1.5960813760757446
"PEPTIDE1{[dV].F.[meL].L.[meI].G.T.P.F.[meL].D.[-pip]}$PEPTIDE1,PEPTIDE1,1:R1-11:R3$$$",CC[C@H](C)[C@H]1C(=O)NCC(=O)N[C@@H]([C@@H](C)O)C(=O)N2CCC[C@H]2C(=O)N[C@@H](Cc2ccccc2)C(=O)N(C)[C@@H](CC(C)C)C(=O)N[C@H](C(=O)N2CCCCC2)CC(=O)N[C@H](C(C)C)C(=O)N[C@@H](Cc2ccccc2)C(=O)N(C)[C@@H](CC(C)C)C(=O)N[C@@H](CC(C)C)C(=O)N1C,-4.72202307692308,1.7187772989273071
"PEPTIDE1{[dA].T.[meA].[meF].[Ser(tBu)].[meF].[meL].G.D.[-pip]}$PEPTIDE1,PEPTIDE1,1:R1-9:R3$$$",CC(C)C[C@H]1C(=O)NCC(=O)N[C@H](C(=O)N2CCCCC2)CC(=O)N[C@H](C)C(=O)N[C@@H]([C@@H](C)O)C(=O)N(C)[C@@H](C)C(=O)N(C)[C@@H](Cc2ccccc2)C(=O)N[C@@H](COC(C)(C)C)C(=O)N(C)[C@@H](Cc2ccccc2)C(=O)N1C,-4.724399999999994,1.5351835489273071
"PEPTIDE1{[meA].[meL].[meA].T.G.[meV].F.[meA].[meL].L.D.[meF].A.[-pip]}$PEPTIDE1,PEPTIDE1,1:R1-11:R3$$$",CC(C)C[C@@H]1NC(=O)[C@H](CC(C)C)N(C)C(=O)[C@H](C)N(C)C(=O)[C@H](Cc2ccccc2)NC(=O)[C@H](C(C)C)N(C)C(=O)CNC(=O)[C@H]([C@@H](C)O)NC(=O)[C@H](C)N(C)C(=O)[C@H](CC(C)C)N(C)C(=O)[C@H](C)N(C)C(=O)C[C@@H](C(=O)N(C)[C@@H](Cc2ccccc2)C(=O)N[C@@H](C)C(=O)N2CCCCC2)NC1=O,-4.724600000000004,1.492161989212036
"PEPTIDE1{[meA].[meF].[meL].T.[Sar].[Ser(tBu)].[meL].D.[-pip]}$PEPTIDE1,PEPTIDE1,1:R1-8:R3$$$",CC(C)C[C@H]1C(=O)N[C@H](C(=O)N2CCCCC2)CC(=O)N(C)[C@@H](C)C(=O)N(C)[C@@H](Cc2ccccc2)C(=O)N(C)[C@@H](CC(C)C)C(=O)N[C@@H]([C@@H](C)O)C(=O)N(C)CC(=O)N[C@@H](COC(C)(C)C)C(=O)N1C,-4.726533333333327,1.4687105417251587
"PEPTIDE1{[Me_dA].[meF].[meL].T.[Sar].[Ser(tBu)].[meL].D.[-pip]}$PEPTIDE1,PEPTIDE1,1:R1-8:R3$$$",CC(C)C[C@H]1C(=O)N[C@H](C(=O)N2CCCCC2)CC(=O)N(C)[C@H](C)C(=O)N(C)[C@@H](Cc2ccccc2)C(=O)N(C)[C@@H](CC(C)C)C(=O)N[C@@H]([C@@H](C)O)C(=O)N(C)CC(=O)N[C@@H](COC(C)(C)C)C(=O)N1C,-4.726533333333327,1.4687105417251587
"PEPTIDE1{[meA].T.[Sar].[meF].[meF].[meL].P.[meL].A.[meV].[Mono7]}$PEPTIDE1,PEPTIDE1,1:R1-11:R2$$$",CC(C)C[C@H]1C(=O)N2CCC[C@H]2C(=O)N(C)[C@@H](CC(C)C)C(=O)N[C@@H](C)C(=O)N(C)[C@@H](C(C)C)C(=O)N[C@@H](C)CC(=O)N(C)[C@@H](C)C(=O)N[C@@H]([C@@H](C)O)C(=O)N(C)CC(=O)N(C)[C@@H](Cc2ccccc2)C(=O)N(C)[C@@H](Cc2ccccc2)C(=O)N1C,-4.7268088831168855,1.5790010690689087
"PEPTIDE1{[dA].[meA].[meF].[meL].T.[Sar].[meL].V.D.[meF].A.[-pip]}$PEPTIDE1,PEPTIDE1,1:R1-9:R3$$$",CC(C)C[C@H]1C(=O)N[C@@H](C(C)C)C(=O)N[C@H](C(=O)N(C)[C@@H](Cc2ccccc2)C(=O)N[C@@H](C)C(=O)N2CCCCC2)CC(=O)N[C@H](C)C(=O)N(C)[C@@H](C)C(=O)N(C)[C@@H](Cc2ccccc2)C(=O)N(C)[C@@H](CC(C)C)C(=O)N[C@@H]([C@@H](C)O)C(=O)N(C)CC(=O)N1C,-4.7271,1.936166286468506
"PEPTIDE1{[dA].V.[meF].[meL].[meA].T.F.D.[Sar].L.[-pip]}$PEPTIDE1,PEPTIDE1,1:R1-8:R3$$$",CC(C)C[C@H](NC(=O)CN(C)C(=O)[C@@H]1CC(=O)N[C@H](C)C(=O)N[C@@H](C(C)C)C(=O)N(C)[C@@H](Cc2ccccc2)C(=O)N(C)[C@@H](CC(C)C)C(=O)N(C)[C@@H](C)C(=O)N[C@@H]([C@@H](C)O)C(=O)N[C@@H](Cc2ccccc2)C(=O)N1)C(=O)N1CCCCC1,-4.7286333333333275,1.9558650255203247
"PEPTIDE1{[meA].[meA].[meF].T.[meA].[meF].A.[meL].[meA].D.[meF].A.[-pip]}$PEPTIDE1,PEPTIDE1,1:R1-10:R3$$$",CC(C)C[C@H]1C(=O)N(C)[C@@H](C)C(=O)N[C@H](C(=O)N(C)[C@@H](Cc2ccccc2)C(=O)N[C@@H](C)C(=O)N2CCCCC2)CC(=O)N(C)[C@@H](C)C(=O)N(C)[C@@H](C)C(=O)N(C)[C@@H](Cc2ccccc2)C(=O)N[C@@H]([C@@H](C)O)C(=O)N(C)[C@@H](C)C(=O)N(C)[C@@H](Cc2ccccc2)C(=O)N[C@@H](C)C(=O)N1C,-4.729499999999994,1.748111128807068
"PEPTIDE1{A.I.[meF].[meV].T.[Sar].[meL].[meA].A.D.[meF].[meF].A.[-pip]}$PEPTIDE1,PEPTIDE1,1:R1-10:R3$$$",CC[C@H](C)[C@@H]1NC(=O)[C@H](C)NC(=O)C[C@@H](C(=O)N(C)[C@@H](Cc2ccccc2)C(=O)N(C)[C@@H](Cc2ccccc2)C(=O)N[C@@H](C)C(=O)N2CCCCC2)NC(=O)[C@H](C)NC(=O)[C@H](C)N(C)C(=O)[C@H](CC(C)C)N(C)C(=O)CN(C)C(=O)[C@H]([C@@H](C)O)NC(=O)[C@H](C(C)C)N(C)C(=O)[C@H](Cc2ccccc2)N(C)C1=O,-4.729933333333334,2.0533668994903564
"PEPTIDE1{[dA].A.T.[meA].F.[meL].[meF].[meL].D.[-pip]}$PEPTIDE1,PEPTIDE1,1:R1-9:R3$$$",CC(C)C[C@H]1C(=O)N(C)[C@@H](Cc2ccccc2)C(=O)N(C)[C@@H](CC(C)C)C(=O)N[C@H](C(=O)N2CCCCC2)CC(=O)N[C@H](C)C(=O)N[C@@H](C)C(=O)N[C@@H]([C@@H](C)O)C(=O)N(C)[C@@H](C)C(=O)N[C@@H](Cc2ccccc2)C(=O)N1C,-4.729943333333333,1.5161607265472412
"PEPTIDE1{I.[meF].[meL].A.[meV].[meA].T.[Sar].[meL].[meF].[Mono12].[-pip]}$PEPTIDE1,PEPTIDE1,1:R1-11:R3$$$",CC[C@H](C)[C@@H]1NC(=O)CCCCc2cccc(c2)C[C@@H](C(=O)N2CCCCC2)NC(=O)[C@H](Cc2ccccc2)N(C)C(=O)[C@H](CC(C)C)N(C)C(=O)CN(C)C(=O)[C@H]([C@@H](C)O)NC(=O)[C@H](C)N(C)C(=O)[C@H](C(C)C)N(C)C(=O)[C@H](C)NC(=O)[C@H](CC(C)C)N(C)C(=O)[C@H](Cc2ccccc2)N(C)C1=O,-4.730200000000004,1.5260902643203735
"PEPTIDE1{[Me_dL].[meA].[Me_dL].[Me_dA].[meL].[Me_dL].[dP].[meY]}$PEPTIDE1,PEPTIDE1,1:R1-8:R2$$$",CC(C)C[C@@H]1C(=O)N(C)[C@H](C)C(=O)N(C)[C@@H](CC(C)C)C(=O)N(C)[C@H](CC(C)C)C(=O)N2CCC[C@@H]2C(=O)N(C)[C@@H](Cc2ccc(O)cc2)C(=O)N(C)[C@H](CC(C)C)C(=O)N(C)[C@@H](C)C(=O)N1C,-4.730800000000005,1.813804626464844
"PEPTIDE1{A.L.[meL].[meF].A.[meL].[meF].D.[-pip]}$PEPTIDE1,PEPTIDE1,1:R1-8:R3$$$",CC(C)C[C@@H]1NC(=O)[C@H](C)NC(=O)C[C@@H](C(=O)N2CCCCC2)NC(=O)[C@H](Cc2ccccc2)N(C)C(=O)[C@H](CC(C)C)N(C)C(=O)[C@H](C)NC(=O)[C@H](Cc2ccccc2)N(C)C(=O)[C@H](CC(C)C)N(C)C1=O,-4.732306342364529,1.7745369672775269
"PEPTIDE1{[Mono6].F.[meL].P.I.[meL].G.[meF].L.T.D.[meF].A.[-pip]}$PEPTIDE1,PEPTIDE1,1:R1-11:R3$$$",CC[C@H](C)[C@@H]1NC(=O)[C@@H]2CCCN2C(=O)[C@H](CC(C)C)N(C)C(=O)[C@H](Cc2ccccc2)NC(=O)CCCN(C)C(=O)C[C@@H](C(=O)N(C)[C@@H](Cc2ccccc2)C(=O)N[C@@H](C)C(=O)N2CCCCC2)NC(=O)[C@H]([C@@H](C)O)NC(=O)[C@H](CC(C)C)NC(=O)[C@H](Cc2ccccc2)N(C)C(=O)CNC(=O)[C@H](CC(C)C)N(C)C1=O,-4.732306428571434,2.5217061042785645
"PEPTIDE1{[Ser(tBu)].[Pr_Gly].[meL].T.[meF].[meL].[meI].[meA].[Mono9].[-pip]}$PEPTIDE1,PEPTIDE1,1:R1-9:R3$$$",C=C1CCC(=O)N[C@@H](COC(C)(C)C)C(=O)N(CCC)CC(=O)N(C)[C@@H](CC(C)C)C(=O)N[C@@H]([C@@H](C)O)C(=O)N(C)[C@@H](Cc2ccccc2)C(=O)N(C)[C@@H](CC(C)C)C(=O)N(C)[C@@H]([C@@H](C)CC)C(=O)N(C)[C@@H](C)C(=O)N[C@H](C(=O)N2CCCCC2)Cc2ccc1cc2,-4.732523684210527,1.3579407930374146
"PEPTIDE1{[Me_Bal].F.[meF].[meL].T.[meA].[meI].A.[meL].[Ser(tBu)].[meL].D.[-pip]}$PEPTIDE1,PEPTIDE1,1:R1-12:R3$$$",CC[C@H](C)[C@H]1C(=O)N[C@@H](C)C(=O)N(C)[C@@H](CC(C)C)C(=O)N[C@@H](COC(C)(C)C)C(=O)N(C)[C@@H](CC(C)C)C(=O)N[C@H](C(=O)N2CCCCC2)CC(=O)N(C)CCC(=O)N[C@@H](Cc2ccccc2)C(=O)N(C)[C@@H](Cc2ccccc2)C(=O)N(C)[C@@H](CC(C)C)C(=O)N[C@@H]([C@@H](C)O)C(=O)N(C)[C@@H](C)C(=O)N1C,-4.7352999999999925,1.9366947412490845
"PEPTIDE1{[meA].T.[meF].L.P.[meV].F.[Sar].[meL].[meI].A.D.[-pip]}$PEPTIDE1,PEPTIDE1,1:R1-12:R3$$$",CC[C@H](C)[C@H]1C(=O)N[C@@H](C)C(=O)N[C@H](C(=O)N2CCCCC2)CC(=O)N(C)[C@@H](C)C(=O)N[C@@H]([C@@H](C)O)C(=O)N(C)[C@@H](Cc2ccccc2)C(=O)N[C@@H](CC(C)C)C(=O)N2CCC[C@H]2C(=O)N(C)[C@@H](C(C)C)C(=O)N[C@@H](Cc2ccccc2)C(=O)N(C)CC(=O)N(C)[C@@H](CC(C)C)C(=O)N1C,-4.735579999999995,1.350373148918152
"PEPTIDE1{[Me_Bal].T.A.[meA].[meF].[meL].F.[meL].[meV].[meA].D.[-pip]}$PEPTIDE1,PEPTIDE1,1:R1-11:R3$$$",CC(C)C[C@H]1C(=O)N(C)[C@@H](C(C)C)C(=O)N(C)[C@@H](C)C(=O)N[C@H](C(=O)N2CCCCC2)CC(=O)N(C)CCC(=O)N[C@@H]([C@@H](C)O)C(=O)N[C@@H](C)C(=O)N(C)[C@@H](C)C(=O)N(C)[C@@H](Cc2ccccc2)C(=O)N(C)[C@@H](CC(C)C)C(=O)N[C@@H](Cc2ccccc2)C(=O)N1C,-4.735933333333339,2.0278470516204834
"PEPTIDE1{[Mono6].T.[meL].L.[meF].[Ser(tBu)].D.[-pip]}$PEPTIDE1,PEPTIDE1,1:R1-7:R3$$$",CC(C)C[C@@H]1NC(=O)[C@H](CC(C)C)N(C)C(=O)[C@H]([C@@H](C)O)NC(=O)CCCN(C)C(=O)C[C@@H](C(=O)N2CCCCC2)NC(=O)[C@H](COC(C)(C)C)NC(=O)[C@H](Cc2ccccc2)N(C)C1=O,-4.736435000000001,1.6630587577819824
"PEPTIDE1{[Mono6].I.[meA].[meF].T.[Sar].A.[meL].[meV].D.[meF].[meF].A.[-pip]}$PEPTIDE1,PEPTIDE1,1:R1-10:R3$$$",CC[C@H](C)[C@@H]1NC(=O)CCCN(C)C(=O)C[C@@H](C(=O)N(C)[C@@H](Cc2ccccc2)C(=O)N(C)[C@@H](Cc2ccccc2)C(=O)N[C@@H](C)C(=O)N2CCCCC2)NC(=O)[C@H](C(C)C)N(C)C(=O)[C@H](CC(C)C)N(C)C(=O)[C@H](C)NC(=O)CN(C)C(=O)[C@H]([C@@H](C)O)NC(=O)[C@H](Cc2ccccc2)N(C)C(=O)[C@H](C)N(C)C1=O,-4.73683333333333,2.1621079444885254
"PEPTIDE1{[Sar].T.[meL].[Ser(tBu)].[meF].[meL].D.[-pip]}$PEPTIDE1,PEPTIDE1,1:R1-7:R3$$$",CC(C)C[C@H]1C(=O)N[C@@H](COC(C)(C)C)C(=O)N(C)[C@@H](Cc2ccccc2)C(=O)N(C)[C@@H](CC(C)C)C(=O)N[C@H](C(=O)N2CCCCC2)CC(=O)N(C)CC(=O)N[C@@H]([C@@H](C)O)C(=O)N1C,-4.739599331103677,1.5085047483444214
"PEPTIDE1{[Sar].[meI].A.[meL].[meF].T.[meF].[meL].[meL].D.[-pip]}$PEPTIDE1,PEPTIDE1,1:R1-10:R3$$$",CC[C@H](C)[C@H]1C(=O)N[C@@H](C)C(=O)N(C)[C@@H](CC(C)C)C(=O)N(C)[C@@H](Cc2ccccc2)C(=O)N[C@@H]([C@@H](C)O)C(=O)N(C)[C@@H](Cc2ccccc2)C(=O)N(C)[C@@H](CC(C)C)C(=O)N(C)[C@@H](CC(C)C)C(=O)N[C@H](C(=O)N2CCCCC2)CC(=O)N(C)CC(=O)N1C,-4.740106410256412,1.7780495882034302
"PEPTIDE1{[dV].[meF].[meL].T.[meA].[meL].I.[meV].D.[meF].A.[-pip]}$PEPTIDE1,PEPTIDE1,1:R1-9:R3$$$",CC[C@H](C)[C@@H]1NC(=O)[C@H](CC(C)C)N(C)C(=O)[C@H](C)N(C)C(=O)[C@H]([C@@H](C)O)NC(=O)[C@H](CC(C)C)N(C)C(=O)[C@H](Cc2ccccc2)N(C)C(=O)[C@@H](C(C)C)NC(=O)C[C@@H](C(=O)N(C)[C@@H](Cc2ccccc2)C(=O)N[C@@H](C)C(=O)N2CCCCC2)NC(=O)[C@H](C(C)C)N(C)C1=O,-4.740399999999999,2.1664342880249023
"PEPTIDE1{[Me_dA].T.[Sar].[meL].I.[meL].[meF].[meL].D.[-pip]}$PEPTIDE1,PEPTIDE1,1:R1-9:R3$$$",CC[C@H](C)[C@@H]1NC(=O)[C@H](CC(C)C)N(C)C(=O)CN(C)C(=O)[C@H]([C@@H](C)O)NC(=O)[C@@H](C)N(C)C(=O)C[C@@H](C(=O)N2CCCCC2)NC(=O)[C@H](CC(C)C)N(C)C(=O)[C@H](Cc2ccccc2)N(C)C(=O)[C@H](CC(C)C)N(C)C1=O,-4.740816964285717,1.5492593050003052
"PEPTIDE1{[dV].L.T.[meA].F.[meL].[meF].D.[-pip]}$PEPTIDE1,PEPTIDE1,1:R1-8:R3$$$",CC(C)C[C@@H]1NC(=O)[C@@H](C(C)C)NC(=O)C[C@@H](C(=O)N2CCCCC2)NC(=O)[C@H](Cc2ccccc2)N(C)C(=O)[C@H](CC(C)C)N(C)C(=O)[C@H](Cc2ccccc2)NC(=O)[C@H](C)N(C)C(=O)[C@H]([C@@H](C)O)NC1=O,-4.740899047619049,1.4758446216583252
"PEPTIDE1{[dA].L.[meF].[meL].I.[meV].[meF].T.[Sar].[meA].[meA].D.[-pip]}$PEPTIDE1,PEPTIDE1,1:R1-12:R3$$$",CC[C@H](C)[C@@H]1NC(=O)[C@H](CC(C)C)N(C)C(=O)[C@H](Cc2ccccc2)N(C)C(=O)[C@H](CC(C)C)NC(=O)[C@@H](C)NC(=O)C[C@@H](C(=O)N2CCCCC2)NC(=O)[C@H](C)N(C)C(=O)[C@H](C)N(C)C(=O)CN(C)C(=O)[C@H]([C@@H](C)O)NC(=O)[C@H](Cc2ccccc2)N(C)C(=O)[C@H](C(C)C)N(C)C1=O,-4.741040000000002,1.512952208518982
"PEPTIDE1{[dV].[meA].[meL].[meL].[Sar].[meF].A.[meF].[meL].T.D.[meA].I.[-pip]}$PEPTIDE1,PEPTIDE1,1:R1-11:R3$$$",CC[C@H](C)[C@H](NC(=O)[C@H](C)N(C)C(=O)[C@@H]1CC(=O)N[C@H](C(C)C)C(=O)N(C)[C@@H](C)C(=O)N(C)[C@@H](CC(C)C)C(=O)N(C)[C@@H](CC(C)C)C(=O)N(C)CC(=O)N(C)[C@@H](Cc2ccccc2)C(=O)N[C@@H](C)C(=O)N(C)[C@@H](Cc2ccccc2)C(=O)N(C)[C@@H](CC(C)C)C(=O)N[C@@H]([C@@H](C)O)C(=O)N1)C(=O)N1CCCCC1,-4.743300000000004,2.2726364135742188
"PEPTIDE1{[dV].T.[Sar].[meL].[meF].A.P.[meL].[meF].[meV].D.[-pip]}$PEPTIDE1,PEPTIDE1,1:R1-11:R3$$$",CC(C)C[C@H]1C(=O)N(C)[C@@H](Cc2ccccc2)C(=O)N[C@@H](C)C(=O)N2CCC[C@H]2C(=O)N(C)[C@@H](CC(C)C)C(=O)N(C)[C@@H](Cc2ccccc2)C(=O)N(C)[C@@H](C(C)C)C(=O)N[C@H](C(=O)N2CCCCC2)CC(=O)N[C@H](C(C)C)C(=O)N[C@@H]([C@@H](C)O)C(=O)N(C)CC(=O)N1C,-4.743300000000008,1.7758796215057373
"PEPTIDE1{L.[Sar].[meL].[Aoc(2)].[meL].S.[dA].[meL].[meL].[meL].[Mono7]}$PEPTIDE1,PEPTIDE1,1:R1-11:R2$$$",CCCCCC[C@@H]1NC(=O)[C@H](CC(C)C)N(C)C(=O)CN(C)C(=O)[C@H](CC(C)C)NC(=O)C[C@H](C)NC(=O)[C@H](CC(C)C)N(C)C(=O)[C@H](CC(C)C)N(C)C(=O)[C@H](CC(C)C)N(C)C(=O)[C@@H](C)NC(=O)[C@H](CO)NC(=O)[C@H](CC(C)C)N(C)C1=O,-4.744150000000004,1.784688115119934
"PEPTIDE1{[Me_dA].[meL].F.T.[Sar].[meA].[meV].A.[meL].L.D.[meI].F.[-pip]}$PEPTIDE1,PEPTIDE1,1:R1-11:R3$$$",CC[C@H](C)[C@@H](C(=O)N[C@@H](Cc1ccccc1)C(=O)N1CCCCC1)N(C)C(=O)[C@@H]1CC(=O)N(C)[C@H](C)C(=O)N(C)[C@@H](CC(C)C)C(=O)N[C@@H](Cc2ccccc2)C(=O)N[C@@H]([C@@H](C)O)C(=O)N(C)CC(=O)N(C)[C@@H](C)C(=O)N(C)[C@@H](C(C)C)C(=O)N[C@@H](C)C(=O)N(C)[C@@H](CC(C)C)C(=O)N[C@@H](CC(C)C)C(=O)N1,-4.744933333333339,1.7970223426818848
"PEPTIDE1{[meA].T.[meA].V.[Sar].[meF].[meL].F.D.[meF].A.[-pip]}$PEPTIDE1,PEPTIDE1,1:R1-9:R3$$$",CC(C)C[C@H]1C(=O)N[C@@H](Cc2ccccc2)C(=O)N[C@H](C(=O)N(C)[C@@H](Cc2ccccc2)C(=O)N[C@@H](C)C(=O)N2CCCCC2)CC(=O)N(C)[C@@H](C)C(=O)N[C@@H]([C@@H](C)O)C(=O)N(C)[C@@H](C)C(=O)N[C@@H](C(C)C)C(=O)N(C)CC(=O)N(C)[C@@H](Cc2ccccc2)C(=O)N1C,-4.745213333333334,1.1902865171432495
"PEPTIDE1{[Me_Bal].[meF].[meL].[meL].T.[Ser(tBu)].D.[-pip]}$PEPTIDE1,PEPTIDE1,1:R1-7:R3$$$",CC(C)C[C@H]1C(=O)N[C@@H]([C@@H](C)O)C(=O)N[C@@H](COC(C)(C)C)C(=O)N[C@H](C(=O)N2CCCCC2)CC(=O)N(C)CCC(=O)N(C)[C@@H](Cc2ccccc2)C(=O)N(C)[C@@H](CC(C)C)C(=O)N1C,-4.746774999999996,1.455089449882507
"PEPTIDE1{[dV].[Sar].[meA].[meV].T.F.[meL].[meA].I.D.[meF].[meF].A.[-pip]}$PEPTIDE1,PEPTIDE1,1:R1-10:R3$$$",CC[C@H](C)[C@@H]1NC(=O)[C@H](C)N(C)C(=O)[C@H](CC(C)C)N(C)C(=O)[C@H](Cc2ccccc2)NC(=O)[C@H]([C@@H](C)O)NC(=O)[C@H](C(C)C)N(C)C(=O)[C@H](C)N(C)C(=O)CN(C)C(=O)[C@@H](C(C)C)NC(=O)C[C@@H](C(=O)N(C)[C@@H](Cc2ccccc2)C(=O)N(C)[C@@H](Cc2ccccc2)C(=O)N[C@@H](C)C(=O)N2CCCCC2)NC1=O,-4.746966666666666,2.182236671447754
"PEPTIDE1{[meA].[meF].[Aoc(2)].[meL].T.[Sar].[meA].[Ser(tBu)].[meV].[Mono7]}$PEPTIDE1,PEPTIDE1,1:R1-10:R2$$$",CCCCCC[C@@H]1NC(=O)[C@H](Cc2ccccc2)N(C)C(=O)[C@H](C)N(C)C(=O)C[C@H](C)NC(=O)[C@H](C(C)C)N(C)C(=O)[C@H](COC(C)(C)C)NC(=O)[C@H](C)N(C)C(=O)CN(C)C(=O)[C@H]([C@@H](C)O)NC(=O)[C@H](CC(C)C)N(C)C1=O,-4.747076470588235,1.154329776763916
"PEPTIDE1{[dV].L.T.[meA].[meF].[meL].F.D.[-pip]}$PEPTIDE1,PEPTIDE1,1:R1-8:R3$$$",CC(C)C[C@@H]1NC(=O)[C@@H](C(C)C)NC(=O)C[C@@H](C(=O)N2CCCCC2)NC(=O)[C@H](Cc2ccccc2)NC(=O)[C@H](CC(C)C)N(C)C(=O)[C@H](Cc2ccccc2)N(C)C(=O)[C@H](C)N(C)C(=O)[C@H]([C@@H](C)O)NC1=O,-4.747340907681081,1.4201362133026123
"PEPTIDE1{A.T.[meA].[meF].V.[meF].[meL].G.D.[meF].A.[-pip]}$PEPTIDE1,PEPTIDE1,1:R1-9:R3$$$",CC(C)C[C@H]1C(=O)NCC(=O)N[C@H](C(=O)N(C)[C@@H](Cc2ccccc2)C(=O)N[C@@H](C)C(=O)N2CCCCC2)CC(=O)N[C@@H](C)C(=O)N[C@@H]([C@@H](C)O)C(=O)N(C)[C@@H](C)C(=O)N(C)[C@@H](Cc2ccccc2)C(=O)N[C@@H](C(C)C)C(=O)N(C)[C@@H](Cc2ccccc2)C(=O)N1C,-4.747649999999999,1.651594638824463
"PEPTIDE1{[dA].T.[meA].[meF].V.[meF].[meL].G.D.[meF].A.[-pip]}$PEPTIDE1,PEPTIDE1,1:R1-9:R3$$$",CC(C)C[C@H]1C(=O)NCC(=O)N[C@H](C(=O)N(C)[C@@H](Cc2ccccc2)C(=O)N[C@@H](C)C(=O)N2CCCCC2)CC(=O)N[C@H](C)C(=O)N[C@@H]([C@@H](C)O)C(=O)N(C)[C@@H](C)C(=O)N(C)[C@@H](Cc2ccccc2)C(=O)N[C@@H](C(C)C)C(=O)N(C)[C@@H](Cc2ccccc2)C(=O)N1C,-4.747649999999999,1.651594638824463
"PEPTIDE1{A.[meL].[meA].T.[Sar].[meV].A.F.[meL].L.D.[meF].A.[-pip]}$PEPTIDE1,PEPTIDE1,1:R1-11:R3$$$",CC(C)C[C@@H]1NC(=O)[C@H](CC(C)C)N(C)C(=O)[C@H](Cc2ccccc2)NC(=O)[C@H](C)NC(=O)[C@H](C(C)C)N(C)C(=O)CN(C)C(=O)[C@H]([C@@H](C)O)NC(=O)[C@H](C)N(C)C(=O)[C@H](CC(C)C)N(C)C(=O)[C@H](C)NC(=O)C[C@@H](C(=O)N(C)[C@@H](Cc2ccccc2)C(=O)N[C@@H](C)C(=O)N2CCCCC2)NC1=O,-4.7477999999999945,1.9498193264007568
"PEPTIDE1{[Me_dA].[meF].[meL].T.[meA].[Ser(tBu)].[meL].D.[-pip]}$PEPTIDE1,PEPTIDE1,1:R1-8:R3$$$",CC(C)C[C@H]1C(=O)N[C@H](C(=O)N2CCCCC2)CC(=O)N(C)[C@H](C)C(=O)N(C)[C@@H](Cc2ccccc2)C(=O)N(C)[C@@H](CC(C)C)C(=O)N[C@@H]([C@@H](C)O)C(=O)N(C)[C@@H](C)C(=O)N[C@@H](COC(C)(C)C)C(=O)N1C,-4.748099999999995,1.389391303062439
"PEPTIDE1{[Me_dA].[meA].V.[meF].[meL].G.T.[meV].F.D.[meF].[meF].A.[-pip]}$PEPTIDE1,PEPTIDE1,1:R1-10:R3$$$",CC(C)C[C@H]1C(=O)NCC(=O)N[C@@H]([C@@H](C)O)C(=O)N(C)[C@@H](C(C)C)C(=O)N[C@@H](Cc2ccccc2)C(=O)N[C@H](C(=O)N(C)[C@@H](Cc2ccccc2)C(=O)N(C)[C@@H](Cc2ccccc2)C(=O)N[C@@H](C)C(=O)N2CCCCC2)CC(=O)N(C)[C@H](C)C(=O)N(C)[C@@H](C)C(=O)N[C@@H](C(C)C)C(=O)N(C)[C@@H](Cc2ccccc2)C(=O)N1C,-4.748378947368426,1.7740916013717651
"PEPTIDE1{[Mono6].L.[Ser(tBu)].[meL].T.[meF].D.[-pip]}$PEPTIDE1,PEPTIDE1,1:R1-7:R3$$$",CC(C)C[C@@H]1NC(=O)CCCN(C)C(=O)C[C@@H](C(=O)N2CCCCC2)NC(=O)[C@H](Cc2ccccc2)N(C)C(=O)[C@H]([C@@H](C)O)NC(=O)[C@H](CC(C)C)N(C)C(=O)[C@H](COC(C)(C)C)NC1=O,-4.748779333333336,1.5266611576080322
"PEPTIDE1{[Mono6].F.[meL].[Ser(tBu)].P.G.T.L.[meA].I.[meF].D.[-pip]}$PEPTIDE1,PEPTIDE1,1:R1-12:R3$$$",CC[C@H](C)[C@@H]1NC(=O)[C@H](C)N(C)C(=O)[C@H](CC(C)C)NC(=O)[C@H]([C@@H](C)O)NC(=O)CNC(=O)[C@@H]2CCCN2C(=O)[C@H](COC(C)(C)C)NC(=O)[C@H](CC(C)C)N(C)C(=O)[C@H](Cc2ccccc2)NC(=O)CCCN(C)C(=O)C[C@@H](C(=O)N2CCCCC2)NC(=O)[C@H](Cc2ccccc2)N(C)C1=O,-4.751499999999995,1.8572986125946045
"PEPTIDE1{[Sar].[meL].A.[meL].[meF].[meL].[meF].T.[meA].[meI].D.[-pip]}$PEPTIDE1,PEPTIDE1,1:R1-11:R3$$$",CC[C@H](C)[C@H]1C(=O)N[C@H](C(=O)N2CCCCC2)CC(=O)N(C)CC(=O)N(C)[C@@H](CC(C)C)C(=O)N[C@@H](C)C(=O)N(C)[C@@H](CC(C)C)C(=O)N(C)[C@@H](Cc2ccccc2)C(=O)N(C)[C@@H](CC(C)C)C(=O)N(C)[C@@H](Cc2ccccc2)C(=O)N[C@@H]([C@@H](C)O)C(=O)N(C)[C@@H](C)C(=O)N1C,-4.751800000000003,1.7553305625915527
"PEPTIDE1{[dV].L.[meF].T.[meA].V.F.[meL].L.G.[meI].D.[-pip]}$PEPTIDE1,PEPTIDE1,1:R1-12:R3$$$",CC[C@H](C)[C@H]1C(=O)N[C@H](C(=O)N2CCCCC2)CC(=O)N[C@H](C(C)C)C(=O)N[C@@H](CC(C)C)C(=O)N(C)[C@@H](Cc2ccccc2)C(=O)N[C@@H]([C@@H](C)O)C(=O)N(C)[C@@H](C)C(=O)N[C@@H](C(C)C)C(=O)N[C@@H](Cc2ccccc2)C(=O)N(C)[C@@H](CC(C)C)C(=O)N[C@@H](CC(C)C)C(=O)NCC(=O)N1C,-4.751866666666665,1.4996379613876345
"PEPTIDE1{A.L.[meL].F.[meF].I.P.T.L.D.[-pip]}$PEPTIDE1,PEPTIDE1,1:R1-10:R3$$$",CC[C@H](C)[C@@H]1NC(=O)[C@H](Cc2ccccc2)N(C)C(=O)[C@H](Cc2ccccc2)NC(=O)[C@H](CC(C)C)N(C)C(=O)[C@H](CC(C)C)NC(=O)[C@H](C)NC(=O)C[C@@H](C(=O)N2CCCCC2)NC(=O)[C@H](CC(C)C)NC(=O)[C@H]([C@@H](C)O)NC(=O)[C@@H]2CCCN2C1=O,-4.751906900844946,1.5943984985351562
"PEPTIDE1{L.[Me_dA].[meA].L.[dP].[meF]}$PEPTIDE1,PEPTIDE1,1:R1-6:R2$$$",CC(C)C[C@@H]1NC(=O)[C@H](Cc2ccccc2)N(C)C(=O)[C@H]2CCCN2C(=O)[C@H](CC(C)C)NC(=O)[C@H](C)N(C)C(=O)[C@@H](C)N(C)C1=O,-4.751920277777781,1.5085731744766235
"PEPTIDE1{[dA].[meF].[meL].T.[meA].[Ser(tBu)].[meL].D.[-pip]}$PEPTIDE1,PEPTIDE1,1:R1-8:R3$$$",CC(C)C[C@H]1C(=O)N[C@H](C(=O)N2CCCCC2)CC(=O)N[C@H](C)C(=O)N(C)[C@@H](Cc2ccccc2)C(=O)N(C)[C@@H](CC(C)C)C(=O)N[C@@H]([C@@H](C)O)C(=O)N(C)[C@@H](C)C(=O)N[C@@H](COC(C)(C)C)C(=O)N1C,-4.75196666666667,1.4581981897354126
"PEPTIDE1{[meA].T.[Sar].[meF].[meF].[meA].P.[meL].[Aoc(2)].[meV].[Mono7]}$PEPTIDE1,PEPTIDE1,1:R1-11:R2$$$",CCCCCC[C@@H]1NC(=O)[C@H](CC(C)C)N(C)C(=O)[C@@H]2CCCN2C(=O)[C@H](C)N(C)C(=O)[C@H](Cc2ccccc2)N(C)C(=O)[C@H](Cc2ccccc2)N(C)C(=O)CN(C)C(=O)[C@H]([C@@H](C)O)NC(=O)[C@H](C)N(C)C(=O)C[C@H](C)NC(=O)[C@H](C(C)C)N(C)C1=O,-4.751977380952382,1.0145617723464966
"PEPTIDE1{[Me_Bal].[meA].F.[meV].F.G.[meL].L.[meL].[meA].D.[meF].A.[-pip]}$PEPTIDE1,PEPTIDE1,1:R1-11:R3$$$",CC(C)C[C@@H]1NC(=O)[C@H](CC(C)C)N(C)C(=O)CNC(=O)[C@H](Cc2ccccc2)NC(=O)[C@H](C(C)C)N(C)C(=O)[C@H](Cc2ccccc2)NC(=O)[C@H](C)N(C)C(=O)CCN(C)C(=O)C[C@@H](C(=O)N(C)[C@@H](Cc2ccccc2)C(=O)N[C@@H](C)C(=O)N2CCCCC2)NC(=O)[C@H](C)N(C)C(=O)[C@H](CC(C)C)N(C)C1=O,-4.753100000000003,1.5327486991882324
"PEPTIDE1{[Sar].[meF].I.[meL].T.[Sar].[meF].[meL].[Ser(tBu)].[meV].D.[-pip]}$PEPTIDE1,PEPTIDE1,1:R1-11:R3$$$",CC[C@H](C)[C@@H]1NC(=O)[C@H](Cc2ccccc2)N(C)C(=O)CN(C)C(=O)C[C@@H](C(=O)N2CCCCC2)NC(=O)[C@H](C(C)C)N(C)C(=O)[C@H](COC(C)(C)C)NC(=O)[C@H](CC(C)C)N(C)C(=O)[C@H](Cc2ccccc2)N(C)C(=O)CN(C)C(=O)[C@H]([C@@H](C)O)NC(=O)[C@H](CC(C)C)N(C)C1=O,-4.753299999999994,1.5508606433868408
"PEPTIDE1{[Mono6].T.[meA].[meF].[Ser(tBu)].[meL].[meF].G.D.[-pip]}$PEPTIDE1,PEPTIDE1,1:R1-9:R3$$$",CC(C)C[C@H]1C(=O)N(C)[C@@H](Cc2ccccc2)C(=O)NCC(=O)N[C@H](C(=O)N2CCCCC2)CC(=O)N(C)CCCC(=O)N[C@@H]([C@@H](C)O)C(=O)N(C)[C@@H](C)C(=O)N(C)[C@@H](Cc2ccccc2)C(=O)N[C@@H](COC(C)(C)C)C(=O)N1C,-4.753399999999996,1.826522707939148
"PEPTIDE1{[meL].T.[meL].[Sar].[meF].[Ser(tBu)].D.[-pip]}$PEPTIDE1,PEPTIDE1,1:R1-7:R3$$$",CC(C)C[C@H]1C(=O)N[C@@H]([C@@H](C)O)C(=O)N(C)[C@@H](CC(C)C)C(=O)N(C)CC(=O)N(C)[C@@H](Cc2ccccc2)C(=O)N[C@@H](COC(C)(C)C)C(=O)N[C@H](C(=O)N2CCCCC2)CC(=O)N1C,-4.753805128205125,1.3861514329910278
"PEPTIDE1{[meA].[meA].[meF].[meL].T.[Sar].[meL].[Ser(tBu)].D.[-pip]}$PEPTIDE1,PEPTIDE1,1:R1-9:R3$$$",CC(C)C[C@H]1C(=O)N[C@@H](COC(C)(C)C)C(=O)N[C@H](C(=O)N2CCCCC2)CC(=O)N(C)[C@@H](C)C(=O)N(C)[C@@H](C)C(=O)N(C)[C@@H](Cc2ccccc2)C(=O)N(C)[C@@H](CC(C)C)C(=O)N[C@@H]([C@@H](C)O)C(=O)N(C)CC(=O)N1C,-4.754100000000001,1.3798950910568235
"PEPTIDE1{[Me_dA].F.[meL].[Ser(tBu)].F.P.T.L.[meA].[meI].G.D.[-pip]}$PEPTIDE1,PEPTIDE1,1:R1-12:R3$$$",CC[C@H](C)[C@H]1C(=O)NCC(=O)N[C@H](C(=O)N2CCCCC2)CC(=O)N(C)[C@H](C)C(=O)N[C@@H](Cc2ccccc2)C(=O)N(C)[C@@H](CC(C)C)C(=O)N[C@@H](COC(C)(C)C)C(=O)N[C@@H](Cc2ccccc2)C(=O)N2CCC[C@H]2C(=O)N[C@@H]([C@@H](C)O)C(=O)N[C@@H](CC(C)C)C(=O)N(C)[C@@H](C)C(=O)N1C,-4.757428571428569,1.6654536724090576
"PEPTIDE1{[dA].[meL].[meF].[meL].T.[meL].D.[-pip]}$PEPTIDE1,PEPTIDE1,1:R1-7:R3$$$",CC(C)C[C@H]1C(=O)N[C@H](C(=O)N2CCCCC2)CC(=O)N[C@H](C)C(=O)N(C)[C@@H](CC(C)C)C(=O)N(C)[C@@H](Cc2ccccc2)C(=O)N(C)[C@@H](CC(C)C)C(=O)N[C@@H]([C@@H](C)O)C(=O)N1C,-4.75770833333333,1.768965244293213
"PEPTIDE1{V.[meL].[Ser(tBu)].T.[meF].[meL].D.[-pip]}$PEPTIDE1,PEPTIDE1,1:R1-7:R3$$$",CC(C)C[C@H]1C(=O)N[C@@H](COC(C)(C)C)C(=O)N[C@@H]([C@@H](C)O)C(=O)N(C)[C@@H](Cc2ccccc2)C(=O)N(C)[C@@H](CC(C)C)C(=O)N[C@H](C(=O)N2CCCCC2)CC(=O)N[C@@H](C(C)C)C(=O)N1C,-4.759543347953217,1.3455291986465454
"PEPTIDE1{[Me_dA].L.[meA].P.T.[meF].G.[meI].F.[meL].L.D.[-pip]}$PEPTIDE1,PEPTIDE1,1:R1-12:R3$$$",CC[C@H](C)[C@H]1C(=O)N[C@@H](Cc2ccccc2)C(=O)N(C)[C@@H](CC(C)C)C(=O)N[C@@H](CC(C)C)C(=O)N[C@H](C(=O)N2CCCCC2)CC(=O)N(C)[C@H](C)C(=O)N[C@@H](CC(C)C)C(=O)N(C)[C@@H](C)C(=O)N2CCC[C@H]2C(=O)N[C@@H]([C@@H](C)O)C(=O)N(C)[C@@H](Cc2ccccc2)C(=O)NCC(=O)N1C,-4.759566666666671,1.5130919218063354
"PEPTIDE1{[dV].[meL].[meA].T.[Sar].F.[meV].L.[meL].A.D.[-pip]}$PEPTIDE1,PEPTIDE1,1:R1-11:R3$$$",CC(C)C[C@@H]1NC(=O)[C@H](C(C)C)N(C)C(=O)[C@H](Cc2ccccc2)NC(=O)CN(C)C(=O)[C@H]([C@@H](C)O)NC(=O)[C@H](C)N(C)C(=O)[C@H](CC(C)C)N(C)C(=O)[C@@H](C(C)C)NC(=O)C[C@@H](C(=O)N2CCCCC2)NC(=O)[C@H](C)NC(=O)[C@H](CC(C)C)N(C)C1=O,-4.761299999999997,1.4689351320266724
"PEPTIDE1{[Me_Bal].[meL].L.[meV].T.[meF].I.F.[meA].A.D.[-pip]}$PEPTIDE1,PEPTIDE1,1:R1-11:R3$$$",CC[C@H](C)[C@@H]1NC(=O)[C@H](Cc2ccccc2)N(C)C(=O)[C@H]([C@@H](C)O)NC(=O)[C@H](C(C)C)N(C)C(=O)[C@H](CC(C)C)NC(=O)[C@H](CC(C)C)N(C)C(=O)CCN(C)C(=O)C[C@@H](C(=O)N2CCCCC2)NC(=O)[C@H](C)NC(=O)[C@H](C)N(C)C(=O)[C@H](Cc2ccccc2)NC1=O,-4.761775000000007,1.6584036350250244
"PEPTIDE1{[meA].F.[meA].G.T.[meA].[meF].V.[meV].D.[meF].[meF].A.[-pip]}$PEPTIDE1,PEPTIDE1,1:R1-10:R3$$$",CC(C)[C@@H]1NC(=O)[C@H](Cc2ccccc2)N(C)C(=O)[C@H](C)N(C)C(=O)[C@H]([C@@H](C)O)NC(=O)CNC(=O)[C@H](C)N(C)C(=O)[C@H](Cc2ccccc2)NC(=O)[C@H](C)N(C)C(=O)C[C@@H](C(=O)N(C)[C@@H](Cc2ccccc2)C(=O)N(C)[C@@H](Cc2ccccc2)C(=O)N[C@@H](C)C(=O)N2CCCCC2)NC(=O)[C@H](C(C)C)N(C)C1=O,-4.761778947368424,1.3915935754776
"PEPTIDE1{[Mono6].[meA].[meL].T.[meA].[meL].[meF].D.[-pip]}$PEPTIDE1,PEPTIDE1,1:R1-8:R3$$$",CC(C)C[C@H]1C(=O)N[C@@H]([C@@H](C)O)C(=O)N(C)[C@@H](C)C(=O)N(C)[C@@H](CC(C)C)C(=O)N(C)[C@@H](Cc2ccccc2)C(=O)N[C@H](C(=O)N2CCCCC2)CC(=O)N(C)CCCC(=O)N(C)[C@@H](C)C(=O)N1C,-4.762076190476196,2.0207018852233887
"PEPTIDE1{[Mono6].[meF].T.[Sar].[Ser(tBu)].[meL].[meL].[Mono7]}$PEPTIDE1,PEPTIDE1,1:R1-8:R2$$$",CC(C)C[C@H]1C(=O)N(C)[C@@H](CC(C)C)C(=O)N[C@@H](C)CC(=O)N(C)CCCC(=O)N(C)[C@@H](Cc2ccccc2)C(=O)N[C@@H]([C@@H](C)O)C(=O)N(C)CC(=O)N[C@@H](COC(C)(C)C)C(=O)N1C,-4.7621666666666735,1.389585018157959
"PEPTIDE1{[Me_dA].[meL].[meF].T.[meA].A.[meF].A.[meV].[meA].D.[meF].A.[-pip]}$PEPTIDE1,PEPTIDE1,1:R1-11:R3$$$",CC(C)C[C@H]1C(=O)N(C)[C@@H](Cc2ccccc2)C(=O)N[C@@H]([C@@H](C)O)C(=O)N(C)[C@@H](C)C(=O)N[C@@H](C)C(=O)N(C)[C@@H](Cc2ccccc2)C(=O)N[C@@H](C)C(=O)N(C)[C@@H](C(C)C)C(=O)N(C)[C@@H](C)C(=O)N[C@H](C(=O)N(C)[C@@H](Cc2ccccc2)C(=O)N[C@@H](C)C(=O)N2CCCCC2)CC(=O)N(C)[C@H](C)C(=O)N1C,-4.7632000000000065,1.618917465209961
"PEPTIDE1{[meA].L.[Mono78]}$PEPTIDE1,PEPTIDE1,1:R1-3:R2$$$",CC(C)C[C@@H]1NC(=O)[C@H](C)N(C)C(=O)[C@H](Cc2ccccc2)NCCCCCCNC1=O,-4.764629999999996,1.7815817594528198
"PEPTIDE1{A.I.[meL].[meL].[meF].T.[Sar].[meV].[meA].F.D.[meF].A.[-pip]}$PEPTIDE1,PEPTIDE1,1:R1-11:R3$$$",CC[C@H](C)[C@@H]1NC(=O)[C@H](C)NC(=O)C[C@@H](C(=O)N(C)[C@@H](Cc2ccccc2)C(=O)N[C@@H](C)C(=O)N2CCCCC2)NC(=O)[C@H](Cc2ccccc2)NC(=O)[C@H](C)N(C)C(=O)[C@H](C(C)C)N(C)C(=O)CN(C)C(=O)[C@H]([C@@H](C)O)NC(=O)[C@H](Cc2ccccc2)N(C)C(=O)[C@H](CC(C)C)N(C)C(=O)[C@H](CC(C)C)N(C)C1=O,-4.768233333333332,2.209195137023926
"PEPTIDE1{[Me_Bal].I.[meF].[meA].T.[Sar].[meL].A.[meV].D.[meF].[meF].A.[-pip]}$PEPTIDE1,PEPTIDE1,1:R1-10:R3$$$",CC[C@H](C)[C@@H]1NC(=O)CCN(C)C(=O)C[C@@H](C(=O)N(C)[C@@H](Cc2ccccc2)C(=O)N(C)[C@@H](Cc2ccccc2)C(=O)N[C@@H](C)C(=O)N2CCCCC2)NC(=O)[C@H](C(C)C)N(C)C(=O)[C@H](C)NC(=O)[C@H](CC(C)C)N(C)C(=O)CN(C)C(=O)[C@H]([C@@H](C)O)NC(=O)[C@H](C)N(C)C(=O)[C@H](Cc2ccccc2)N(C)C1=O,-4.7683333333333335,1.9722955226898191
"PEPTIDE1{[dV].L.[meL].[meF].A.[meF].[meL].[meI].T.[Sar].D.[-pip]}$PEPTIDE1,PEPTIDE1,1:R1-11:R3$$$",CC[C@H](C)[C@H]1C(=O)N[C@@H]([C@@H](C)O)C(=O)N(C)CC(=O)N[C@H](C(=O)N2CCCCC2)CC(=O)N[C@H](C(C)C)C(=O)N[C@@H](CC(C)C)C(=O)N(C)[C@@H](CC(C)C)C(=O)N(C)[C@@H](Cc2ccccc2)C(=O)N[C@@H](C)C(=O)N(C)[C@@H](Cc2ccccc2)C(=O)N(C)[C@@H](CC(C)C)C(=O)N1C,-4.770100000000005,1.9062843322753904
"PEPTIDE1{[Me_Bal].T.[meL].[Ser(tBu)].[meF].[meL].D.[-pip]}$PEPTIDE1,PEPTIDE1,1:R1-7:R3$$$",CC(C)C[C@H]1C(=O)N[C@@H](COC(C)(C)C)C(=O)N(C)[C@@H](Cc2ccccc2)C(=O)N(C)[C@@H](CC(C)C)C(=O)N[C@H](C(=O)N2CCCCC2)CC(=O)N(C)CCC(=O)N[C@@H]([C@@H](C)O)C(=O)N1C,-4.770874331103679,1.6061888933181765
"PEPTIDE1{[meA].[meF].[meL].T.[meA].[meL].D.[-pip]}$PEPTIDE1,PEPTIDE1,1:R1-7:R3$$$",CC(C)C[C@H]1C(=O)N[C@H](C(=O)N2CCCCC2)CC(=O)N(C)[C@@H](C)C(=O)N(C)[C@@H](Cc2ccccc2)C(=O)N(C)[C@@H](CC(C)C)C(=O)N[C@@H]([C@@H](C)O)C(=O)N(C)[C@@H](C)C(=O)N1C,-4.771647471264366,1.5776283740997314
"PEPTIDE1{[meF].[meL].I.[meA].[meF].T.[meA].[meL].[Mono12].[-pip]}$PEPTIDE1,PEPTIDE1,1:R1-9:R3$$$",CC[C@H](C)[C@@H]1NC(=O)[C@H](CC(C)C)N(C)C(=O)[C@H](Cc2ccccc2)N(C)C(=O)CCCCc2cccc(c2)C[C@@H](C(=O)N2CCCCC2)NC(=O)[C@H](CC(C)C)N(C)C(=O)[C@H](C)N(C)C(=O)[C@H]([C@@H](C)O)NC(=O)[C@H](Cc2ccccc2)N(C)C(=O)[C@H](C)N(C)C1=O,-4.772050000000004,1.7544656991958618
"PEPTIDE1{[meA].T.[Sar].[meL].I.[meL].[meF].[meL].D.[meA].P.A.[-pip]}$PEPTIDE1,PEPTIDE1,1:R1-9:R3$$$",CC[C@H](C)[C@@H]1NC(=O)[C@H](CC(C)C)N(C)C(=O)CN(C)C(=O)[C@H]([C@@H](C)O)NC(=O)[C@H](C)N(C)C(=O)C[C@@H](C(=O)N(C)[C@@H](C)C(=O)N2CCC[C@H]2C(=O)N[C@@H](C)C(=O)N2CCCCC2)NC(=O)[C@H](CC(C)C)N(C)C(=O)[C@H](Cc2ccccc2)N(C)C(=O)[C@H](CC(C)C)N(C)C1=O,-4.772665413533843,1.5618233680725098
"PEPTIDE1{[dV].[meA].[meL].L.[meF].[Tza].[meL].[meA].[meF].T.D.[-pip]}$PEPTIDE1,PEPTIDE1,1:R1-11:R3$$$",CC(C)C[C@@H]1NC(=O)[C@H](CC(C)C)N(C)C(=O)[C@H](C)N(C)C(=O)[C@@H](C(C)C)NC(=O)C[C@@H](C(=O)N2CCCCC2)NC(=O)[C@H]([C@@H](C)O)NC(=O)[C@H](Cc2ccccc2)N(C)C(=O)[C@H](C)N(C)C(=O)[C@H](CC(C)C)N(C)C(=O)[C@H](Cc2cscn2)NC(=O)[C@H](Cc2ccccc2)N(C)C1=O,-4.773319999999992,1.7144681215286257
"PEPTIDE1{A.[meF].[meA].[meL].T.[Sar].[meL].V.D.[meF].A.[-pip]}$PEPTIDE1,PEPTIDE1,1:R1-9:R3$$$",CC(C)C[C@H]1C(=O)N[C@@H](C(C)C)C(=O)N[C@H](C(=O)N(C)[C@@H](Cc2ccccc2)C(=O)N[C@@H](C)C(=O)N2CCCCC2)CC(=O)N[C@@H](C)C(=O)N(C)[C@@H](Cc2ccccc2)C(=O)N(C)[C@@H](C)C(=O)N(C)[C@@H](CC(C)C)C(=O)N[C@@H]([C@@H](C)O)C(=O)N(C)CC(=O)N1C,-4.7739400000000005,2.026423454284668
"PEPTIDE1{[Me_Bal].[meL].L.[meF].[Ser(tBu)].[meF].[meI].T.[meA].[meL].D.[-pip]}$PEPTIDE1,PEPTIDE1,1:R1-11:R3$$$",CC[C@H](C)[C@H]1C(=O)N[C@@H]([C@@H](C)O)C(=O)N(C)[C@@H](C)C(=O)N(C)[C@@H](CC(C)C)C(=O)N[C@H](C(=O)N2CCCCC2)CC(=O)N(C)CCC(=O)N(C)[C@@H](CC(C)C)C(=O)N[C@@H](CC(C)C)C(=O)N(C)[C@@H](Cc2ccccc2)C(=O)N[C@@H](COC(C)(C)C)C(=O)N(C)[C@@H](Cc2ccccc2)C(=O)N1C,-4.774464285714295,1.351920247077942
"PEPTIDE1{[Me_dA].[meF].[meA].I.[meA].[meL].[meA].T.[meA].D.[meF].[meF].A.[-pip]}$PEPTIDE1,PEPTIDE1,1:R1-10:R3$$$",CC[C@H](C)[C@@H]1NC(=O)[C@H](C)N(C)C(=O)[C@H](Cc2ccccc2)N(C)C(=O)[C@@H](C)N(C)C(=O)C[C@@H](C(=O)N(C)[C@@H](Cc2ccccc2)C(=O)N(C)[C@@H](Cc2ccccc2)C(=O)N[C@@H](C)C(=O)N2CCCCC2)NC(=O)[C@H](C)N(C)C(=O)[C@H]([C@@H](C)O)NC(=O)[C@H](C)N(C)C(=O)[C@H](CC(C)C)N(C)C(=O)[C@H](C)N(C)C1=O,-4.777800000000002,1.710245132446289
"PEPTIDE1{[meA].[meF].[meA].I.[meA].T.[meA].[meL].[meA].D.[meF].[meF].A.[-pip]}$PEPTIDE1,PEPTIDE1,1:R1-10:R3$$$",CC[C@H](C)[C@@H]1NC(=O)[C@H](C)N(C)C(=O)[C@H](Cc2ccccc2)N(C)C(=O)[C@H](C)N(C)C(=O)C[C@@H](C(=O)N(C)[C@@H](Cc2ccccc2)C(=O)N(C)[C@@H](Cc2ccccc2)C(=O)N[C@@H](C)C(=O)N2CCCCC2)NC(=O)[C@H](C)N(C)C(=O)[C@H](CC(C)C)N(C)C(=O)[C@H](C)N(C)C(=O)[C@H]([C@@H](C)O)NC(=O)[C@H](C)N(C)C1=O,-4.7779,1.710245132446289
"PEPTIDE1{[Sar].V.[meF].[meL].T.[Sar].[meL].[meA].D.[meF].A.[-pip]}$PEPTIDE1,PEPTIDE1,1:R1-9:R3$$$",CC(C)C[C@H]1C(=O)N(C)[C@@H](C)C(=O)N[C@H](C(=O)N(C)[C@@H](Cc2ccccc2)C(=O)N[C@@H](C)C(=O)N2CCCCC2)CC(=O)N(C)CC(=O)N[C@@H](C(C)C)C(=O)N(C)[C@@H](Cc2ccccc2)C(=O)N(C)[C@@H](CC(C)C)C(=O)N[C@@H]([C@@H](C)O)C(=O)N(C)CC(=O)N1C,-4.7784,1.6123032569885254
"PEPTIDE1{[Me_Bal].T.[meA].[Ser(tBu)].[meF].[meL].[meL].D.[-pip]}$PEPTIDE1,PEPTIDE1,1:R1-8:R3$$$",CC(C)C[C@H]1C(=O)N[C@H](C(=O)N2CCCCC2)CC(=O)N(C)CCC(=O)N[C@@H]([C@@H](C)O)C(=O)N(C)[C@@H](C)C(=O)N[C@@H](COC(C)(C)C)C(=O)N(C)[C@@H](Cc2ccccc2)C(=O)N(C)[C@@H](CC(C)C)C(=O)N1C,-4.7800222222222235,1.645786166191101
"PEPTIDE1{[dV].L.T.[meA].[Phe(4-CF3)].[meL].[meF].[meL].[Mono7]}$PEPTIDE1,PEPTIDE1,1:R1-9:R2$$$",CC(C)C[C@@H]1NC(=O)[C@@H](C(C)C)NC(=O)C[C@H](C)NC(=O)[C@H](CC(C)C)N(C)C(=O)[C@H](Cc2ccccc2)N(C)C(=O)[C@H](CC(C)C)N(C)C(=O)[C@H](Cc2ccc(C(F)(F)F)cc2)NC(=O)[C@H](C)N(C)C(=O)[C@H]([C@@H](C)O)NC1=O,-4.780943021092382,1.4044572114944458
"PEPTIDE1{[Me_dA].F.[meL].[meV].[Sar].T.[meA].[meA].I.D.[meF].[meF].A.[-pip]}$PEPTIDE1,PEPTIDE1,1:R1-10:R3$$$",CC[C@H](C)[C@@H]1NC(=O)[C@H](C)N(C)C(=O)[C@H](C)N(C)C(=O)[C@H]([C@@H](C)O)NC(=O)CN(C)C(=O)[C@H](C(C)C)N(C)C(=O)[C@H](CC(C)C)N(C)C(=O)[C@H](Cc2ccccc2)NC(=O)[C@@H](C)N(C)C(=O)C[C@@H](C(=O)N(C)[C@@H](Cc2ccccc2)C(=O)N(C)[C@@H](Cc2ccccc2)C(=O)N[C@@H](C)C(=O)N2CCCCC2)NC1=O,-4.781299999999999,1.9794836044311523
"PEPTIDE1{[Me_Bal].F.[meL].I.T.L.[meF].F.L.D.[-pip]}$PEPTIDE1,PEPTIDE1,1:R1-10:R3$$$",CC[C@H](C)[C@@H]1NC(=O)[C@H](CC(C)C)N(C)C(=O)[C@H](Cc2ccccc2)NC(=O)CCN(C)C(=O)C[C@@H](C(=O)N2CCCCC2)NC(=O)[C@H](CC(C)C)NC(=O)[C@H](Cc2ccccc2)NC(=O)[C@H](Cc2ccccc2)N(C)C(=O)[C@H](CC(C)C)NC(=O)[C@H]([C@@H](C)O)NC1=O,-4.782619999999995,1.6398531198501587
"PEPTIDE1{[Me_dL].[meA].[Me_dL].[Me_dL].[meA].[Me_dL].[dP].[meY]}$PEPTIDE1,PEPTIDE1,1:R1-8:R2$$$",CC(C)C[C@@H]1C(=O)N(C)[C@@H](C)C(=O)N(C)[C@H](CC(C)C)C(=O)N2CCC[C@@H]2C(=O)N(C)[C@@H](Cc2ccc(O)cc2)C(=O)N(C)[C@H](CC(C)C)C(=O)N(C)[C@@H](C)C(=O)N(C)[C@H](CC(C)C)C(=O)N1C,-4.785000000000008,1.813804626464844
"PEPTIDE1{[Sar].T.[Sar].V.[meL].[meF].[meA].F.D.[meF].A.[-pip]}$PEPTIDE1,PEPTIDE1,1:R1-9:R3$$$",CC(C)C[C@H]1C(=O)N(C)[C@@H](Cc2ccccc2)C(=O)N(C)[C@@H](C)C(=O)N[C@@H](Cc2ccccc2)C(=O)N[C@H](C(=O)N(C)[C@@H](Cc2ccccc2)C(=O)N[C@@H](C)C(=O)N2CCCCC2)CC(=O)N(C)CC(=O)N[C@@H]([C@@H](C)O)C(=O)N(C)CC(=O)N[C@@H](C(C)C)C(=O)N1C,-4.7865,1.9210606813430784
"PEPTIDE1{[meA].A.[meL].F.[meV].[meA].[meF].T.G.D.[meF].A.[-pip]}$PEPTIDE1,PEPTIDE1,1:R1-10:R3$$$",CC(C)C[C@H]1C(=O)N[C@@H](Cc2ccccc2)C(=O)N(C)[C@@H](C(C)C)C(=O)N(C)[C@@H](C)C(=O)N(C)[C@@H](Cc2ccccc2)C(=O)N[C@@H]([C@@H](C)O)C(=O)NCC(=O)N[C@H](C(=O)N(C)[C@@H](Cc2ccccc2)C(=O)N[C@@H](C)C(=O)N2CCCCC2)CC(=O)N(C)[C@@H](C)C(=O)N[C@@H](C)C(=O)N1C,-4.786500000000005,1.5155740976333618
"PEPTIDE1{[Me_dA].T.A.[Sar].L.F.L.[meV].L.[meL].D.[-pip]}$PEPTIDE1,PEPTIDE1,1:R1-11:R3$$$",CC(C)C[C@@H]1NC(=O)CN(C)C(=O)[C@H](C)NC(=O)[C@H]([C@@H](C)O)NC(=O)[C@@H](C)N(C)C(=O)C[C@@H](C(=O)N2CCCCC2)NC(=O)[C@H](CC(C)C)N(C)C(=O)[C@H](CC(C)C)NC(=O)[C@H](C(C)C)N(C)C(=O)[C@H](CC(C)C)NC(=O)[C@H](Cc2ccccc2)NC1=O,-4.7875000000000005,1.846440315246582
"PEPTIDE1{[Me_dA].[meL].L.P.[Me_dL].F}$PEPTIDE1,PEPTIDE1,1:R1-6:R2$$$",CC(C)C[C@@H]1NC(=O)[C@H](CC(C)C)N(C)C(=O)[C@@H](C)N(C)C(=O)[C@H](Cc2ccccc2)NC(=O)[C@@H](CC(C)C)N(C)C(=O)[C@@H]2CCCN2C1=O,-4.787760576526858,1.5378789901733398
"PEPTIDE1{[Me_dA].[meL].L.[dP].[meL].F}$PEPTIDE1,PEPTIDE1,1:R1-6:R2$$$",CC(C)C[C@@H]1NC(=O)[C@H](CC(C)C)N(C)C(=O)[C@@H](C)N(C)C(=O)[C@H](Cc2ccccc2)NC(=O)[C@H](CC(C)C)N(C)C(=O)[C@H]2CCCN2C1=O,-4.787760576526858,1.5378789901733398
"PEPTIDE1{[Me_dA].[Me_dL].[dL].P.[Me_dL].F}$PEPTIDE1,PEPTIDE1,1:R1-6:R2$$$",CC(C)C[C@@H]1C(=O)N[C@H](CC(C)C)C(=O)N2CCC[C@H]2C(=O)N(C)[C@H](CC(C)C)C(=O)N[C@@H](Cc2ccccc2)C(=O)N(C)[C@H](C)C(=O)N1C,-4.787760576526858,1.5378789901733398
"PEPTIDE1{[Me_dA].[Me_dL].L.[dP].[meL].F}$PEPTIDE1,PEPTIDE1,1:R1-6:R2$$$",CC(C)C[C@@H]1NC(=O)[C@@H](CC(C)C)N(C)C(=O)[C@@H](C)N(C)C(=O)[C@H](Cc2ccccc2)NC(=O)[C@H](CC(C)C)N(C)C(=O)[C@H]2CCCN2C1=O,-4.787760576526858,1.5378789901733398
"PEPTIDE1{[Me_dA].[meL].L.[dP].[Me_dL].F}$PEPTIDE1,PEPTIDE1,1:R1-6:R2$$$",CC(C)C[C@@H]1NC(=O)[C@H](CC(C)C)N(C)C(=O)[C@@H](C)N(C)C(=O)[C@H](Cc2ccccc2)NC(=O)[C@@H](CC(C)C)N(C)C(=O)[C@H]2CCCN2C1=O,-4.787760576526858,1.5378789901733398
"PEPTIDE1{[Me_dA].[meL].[dL].P.[Me_dL].F}$PEPTIDE1,PEPTIDE1,1:R1-6:R2$$$",CC(C)C[C@@H]1C(=O)N[C@@H](Cc2ccccc2)C(=O)N(C)[C@H](C)C(=O)N(C)[C@@H](CC(C)C)C(=O)N[C@H](CC(C)C)C(=O)N2CCC[C@H]2C(=O)N1C,-4.787760576526858,1.5378789901733398
"PEPTIDE1{[Me_dA].[Me_dL].[dL].P.[meL].F}$PEPTIDE1,PEPTIDE1,1:R1-6:R2$$$",CC(C)C[C@@H]1C(=O)N[C@H](CC(C)C)C(=O)N2CCC[C@H]2C(=O)N(C)[C@@H](CC(C)C)C(=O)N[C@@H](Cc2ccccc2)C(=O)N(C)[C@H](C)C(=O)N1C,-4.787760576526858,1.5378789901733398
"PEPTIDE1{[meA].[meL].L.P.[meL].F}$PEPTIDE1,PEPTIDE1,1:R1-6:R2$$$",CC(C)C[C@@H]1NC(=O)[C@H](CC(C)C)N(C)C(=O)[C@H](C)N(C)C(=O)[C@H](Cc2ccccc2)NC(=O)[C@H](CC(C)C)N(C)C(=O)[C@@H]2CCCN2C1=O,-4.787760576526858,1.5378789901733398
"PEPTIDE1{[meA].[meL].[dL].P.[meL].F}$PEPTIDE1,PEPTIDE1,1:R1-6:R2$$$",CC(C)C[C@H]1NC(=O)[C@H](CC(C)C)N(C)C(=O)[C@H](C)N(C)C(=O)[C@H](Cc2ccccc2)NC(=O)[C@H](CC(C)C)N(C)C(=O)[C@@H]2CCCN2C1=O,-4.787760576526858,1.5378789901733398
"PEPTIDE1{[meA].[Me_dL].L.P.[meL].F}$PEPTIDE1,PEPTIDE1,1:R1-6:R2$$$",CC(C)C[C@@H]1NC(=O)[C@@H](CC(C)C)N(C)C(=O)[C@H](C)N(C)C(=O)[C@H](Cc2ccccc2)NC(=O)[C@H](CC(C)C)N(C)C(=O)[C@@H]2CCCN2C1=O,-4.787760576526858,1.5378789901733398
"PEPTIDE1{[Me_dA].[meL].[dL].P.[meL].F}$PEPTIDE1,PEPTIDE1,1:R1-6:R2$$$",CC(C)C[C@H]1NC(=O)[C@H](CC(C)C)N(C)C(=O)[C@@H](C)N(C)C(=O)[C@H](Cc2ccccc2)NC(=O)[C@H](CC(C)C)N(C)C(=O)[C@@H]2CCCN2C1=O,-4.787760576526858,1.5378789901733398
"PEPTIDE1{[Me_dA].[Me_dL].L.P.[meL].F}$PEPTIDE1,PEPTIDE1,1:R1-6:R2$$$",CC(C)C[C@@H]1NC(=O)[C@@H](CC(C)C)N(C)C(=O)[C@@H](C)N(C)C(=O)[C@H](Cc2ccccc2)NC(=O)[C@H](CC(C)C)N(C)C(=O)[C@@H]2CCCN2C1=O,-4.787760576526858,1.5378789901733398
"PEPTIDE1{[meA].[Me_dL].L.P.[Me_dL].F}$PEPTIDE1,PEPTIDE1,1:R1-6:R2$$$",CC(C)C[C@@H]1NC(=O)[C@@H](CC(C)C)N(C)C(=O)[C@H](C)N(C)C(=O)[C@H](Cc2ccccc2)NC(=O)[C@@H](CC(C)C)N(C)C(=O)[C@@H]2CCCN2C1=O,-4.787760576526858,1.5378789901733398
"PEPTIDE1{[Me_dA].[meL].L.P.[meL].F}$PEPTIDE1,PEPTIDE1,1:R1-6:R2$$$",CC(C)C[C@@H]1NC(=O)[C@H](CC(C)C)N(C)C(=O)[C@@H](C)N(C)C(=O)[C@H](Cc2ccccc2)NC(=O)[C@H](CC(C)C)N(C)C(=O)[C@@H]2CCCN2C1=O,-4.787760576526858,1.5378789901733398
"PEPTIDE1{[meA].[Me_dL].L.[dP].[meL].F}$PEPTIDE1,PEPTIDE1,1:R1-6:R2$$$",CC(C)C[C@@H]1NC(=O)[C@@H](CC(C)C)N(C)C(=O)[C@H](C)N(C)C(=O)[C@H](Cc2ccccc2)NC(=O)[C@H](CC(C)C)N(C)C(=O)[C@H]2CCCN2C1=O,-4.787760576526858,1.5378789901733398
"PEPTIDE1{[meA].[meL].[dL].P.[Me_dL].F}$PEPTIDE1,PEPTIDE1,1:R1-6:R2$$$",CC(C)C[C@@H]1C(=O)N[C@@H](Cc2ccccc2)C(=O)N(C)[C@@H](C)C(=O)N(C)[C@@H](CC(C)C)C(=O)N[C@H](CC(C)C)C(=O)N2CCC[C@H]2C(=O)N1C,-4.787760576526858,1.5378789901733398
"PEPTIDE1{[meA].[Me_dL].[dL].P.[meL].F}$PEPTIDE1,PEPTIDE1,1:R1-6:R2$$$",CC(C)C[C@@H]1C(=O)N[C@H](CC(C)C)C(=O)N2CCC[C@H]2C(=O)N(C)[C@@H](CC(C)C)C(=O)N[C@@H](Cc2ccccc2)C(=O)N(C)[C@@H](C)C(=O)N1C,-4.787760576526858,1.5378789901733398
"PEPTIDE1{[Me_dA].[meL].[dL].[dP].[meL].F}$PEPTIDE1,PEPTIDE1,1:R1-6:R2$$$",CC(C)C[C@H]1NC(=O)[C@H](CC(C)C)N(C)C(=O)[C@@H](C)N(C)C(=O)[C@H](Cc2ccccc2)NC(=O)[C@H](CC(C)C)N(C)C(=O)[C@H]2CCCN2C1=O,-4.787760576526858,1.5378789901733398
"PEPTIDE1{[meA].[Me_dL].[dL].P.[Me_dL].F}$PEPTIDE1,PEPTIDE1,1:R1-6:R2$$$",CC(C)C[C@@H]1C(=O)N[C@H](CC(C)C)C(=O)N2CCC[C@H]2C(=O)N(C)[C@H](CC(C)C)C(=O)N[C@@H](Cc2ccccc2)C(=O)N(C)[C@@H](C)C(=O)N1C,-4.787760576526858,1.5378789901733398
"PEPTIDE1{[Me_dA].[meL].[dL].[dP].[Me_dL].F}$PEPTIDE1,PEPTIDE1,1:R1-6:R2$$$",CC(C)C[C@@H]1C(=O)N[C@@H](Cc2ccccc2)C(=O)N(C)[C@H](C)C(=O)N(C)[C@@H](CC(C)C)C(=O)N[C@H](CC(C)C)C(=O)N2CCC[C@@H]2C(=O)N1C,-4.787760576526858,1.5378789901733398
"PEPTIDE1{[meA].[Me_dL].[dL].[dP].[Me_dL].F}$PEPTIDE1,PEPTIDE1,1:R1-6:R2$$$",CC(C)C[C@@H]1C(=O)N[C@@H](Cc2ccccc2)C(=O)N(C)[C@@H](C)C(=O)N(C)[C@H](CC(C)C)C(=O)N[C@H](CC(C)C)C(=O)N2CCC[C@@H]2C(=O)N1C,-4.787760576526858,1.5378789901733398
"PEPTIDE1{[meA].[Me_dL].[dL].[dP].[meL].F}$PEPTIDE1,PEPTIDE1,1:R1-6:R2$$$",CC(C)C[C@@H]1C(=O)N[C@H](CC(C)C)C(=O)N2CCC[C@@H]2C(=O)N(C)[C@@H](CC(C)C)C(=O)N[C@@H](Cc2ccccc2)C(=O)N(C)[C@@H](C)C(=O)N1C,-4.787760576526858,1.5378789901733398
"PEPTIDE1{[meA].[meL].[dL].[dP].[meL].F}$PEPTIDE1,PEPTIDE1,1:R1-6:R2$$$",CC(C)C[C@H]1NC(=O)[C@H](CC(C)C)N(C)C(=O)[C@H](C)N(C)C(=O)[C@H](Cc2ccccc2)NC(=O)[C@H](CC(C)C)N(C)C(=O)[C@H]2CCCN2C1=O,-4.787760576526858,1.5378789901733398
"PEPTIDE1{[Me_dA].[Me_dL].[dL].[dP].[Me_dL].F}$PEPTIDE1,PEPTIDE1,1:R1-6:R2$$$",CC(C)C[C@@H]1C(=O)N[C@H](CC(C)C)C(=O)N2CCC[C@@H]2C(=O)N(C)[C@H](CC(C)C)C(=O)N[C@@H](Cc2ccccc2)C(=O)N(C)[C@H](C)C(=O)N1C,-4.787760576526858,1.5378789901733398
"PEPTIDE1{[meA].[meL].L.[dP].[meL].F}$PEPTIDE1,PEPTIDE1,1:R1-6:R2$$$",CC(C)C[C@@H]1NC(=O)[C@H](CC(C)C)N(C)C(=O)[C@H](C)N(C)C(=O)[C@H](Cc2ccccc2)NC(=O)[C@H](CC(C)C)N(C)C(=O)[C@H]2CCCN2C1=O,-4.787760576526858,1.5378789901733398
"PEPTIDE1{[meA].[meL].L.[dP].[Me_dL].F}$PEPTIDE1,PEPTIDE1,1:R1-6:R2$$$",CC(C)C[C@@H]1NC(=O)[C@H](CC(C)C)N(C)C(=O)[C@H](C)N(C)C(=O)[C@H](Cc2ccccc2)NC(=O)[C@@H](CC(C)C)N(C)C(=O)[C@H]2CCCN2C1=O,-4.787760576526858,1.5378789901733398
"PEPTIDE1{[Me_dA].[Me_dL].L.[dP].[Me_dL].F}$PEPTIDE1,PEPTIDE1,1:R1-6:R2$$$",CC(C)C[C@@H]1NC(=O)[C@@H](CC(C)C)N(C)C(=O)[C@@H](C)N(C)C(=O)[C@H](Cc2ccccc2)NC(=O)[C@@H](CC(C)C)N(C)C(=O)[C@H]2CCCN2C1=O,-4.787760576526858,1.5378789901733398
"PEPTIDE1{[dV].[meA].[meF].[meL].[3Pal].[Sar].A.[meL].[meL].D.[meF].A.[-pip]}$PEPTIDE1,PEPTIDE1,1:R1-10:R3$$$",CC(C)C[C@H]1C(=O)N(C)[C@@H](CC(C)C)C(=O)N[C@H](C(=O)N(C)[C@@H](Cc2ccccc2)C(=O)N[C@@H](C)C(=O)N2CCCCC2)CC(=O)N[C@H](C(C)C)C(=O)N(C)[C@@H](C)C(=O)N(C)[C@@H](Cc2ccccc2)C(=O)N(C)[C@@H](CC(C)C)C(=O)N[C@@H](Cc2cccnc2)C(=O)N(C)CC(=O)N[C@@H](C)C(=O)N1C,-4.7934326190476115,2.1625609397888184
"PEPTIDE1{[Me_Bal].T.F.I.L.[meL].G.F.F.D.[-pip]}$PEPTIDE1,PEPTIDE1,1:R1-10:R3$$$",CC[C@H](C)[C@@H]1NC(=O)[C@H](Cc2ccccc2)NC(=O)[C@H]([C@@H](C)O)NC(=O)CCN(C)C(=O)C[C@@H](C(=O)N2CCCCC2)NC(=O)[C@H](Cc2ccccc2)NC(=O)[C@H](Cc2ccccc2)NC(=O)CNC(=O)[C@H](CC(C)C)N(C)C(=O)[C@H](CC(C)C)NC1=O,-4.795399999999998,1.844611644744873
"PEPTIDE1{[dA].T.[meA].[meF].P.A.[meV].F.[meI].[meL].D.[-pip]}$PEPTIDE1,PEPTIDE1,1:R1-11:R3$$$",CC[C@H](C)[C@H]1C(=O)N(C)[C@@H](CC(C)C)C(=O)N[C@H](C(=O)N2CCCCC2)CC(=O)N[C@H](C)C(=O)N[C@@H]([C@@H](C)O)C(=O)N(C)[C@@H](C)C(=O)N(C)[C@@H](Cc2ccccc2)C(=O)N2CCC[C@H]2C(=O)N[C@@H](C)C(=O)N(C)[C@@H](C(C)C)C(=O)N[C@@H](Cc2ccccc2)C(=O)N1C,-4.796300000000001,1.8419426679611208
"PEPTIDE1{[meA].[dL].[Me_dL].[dP].[meL].F}$PEPTIDE1,PEPTIDE1,1:R1-6:R2$$$",CC(C)C[C@@H]1C(=O)N2CCC[C@@H]2C(=O)N(C)[C@@H](CC(C)C)C(=O)N[C@@H](Cc2ccccc2)C(=O)N(C)[C@@H](C)C(=O)N[C@H](CC(C)C)C(=O)N1C,-4.798129776790515,1.8013932704925537
"PEPTIDE1{[Me_dA].L.[meL].[dP].[Me_dL].F}$PEPTIDE1,PEPTIDE1,1:R1-6:R2$$$",CC(C)C[C@@H]1NC(=O)[C@@H](C)N(C)C(=O)[C@H](Cc2ccccc2)NC(=O)[C@@H](CC(C)C)N(C)C(=O)[C@H]2CCCN2C(=O)[C@H](CC(C)C)N(C)C1=O,-4.798129776790515,1.8013932704925537
"PEPTIDE1{[Me_dA].L.[Me_dL].[dP].[meL].F}$PEPTIDE1,PEPTIDE1,1:R1-6:R2$$$",CC(C)C[C@@H]1NC(=O)[C@@H](C)N(C)C(=O)[C@H](Cc2ccccc2)NC(=O)[C@H](CC(C)C)N(C)C(=O)[C@H]2CCCN2C(=O)[C@@H](CC(C)C)N(C)C1=O,-4.798129776790515,1.8013932704925537
"PEPTIDE1{[meA].[dL].[Me_dL].P.[Me_dL].F}$PEPTIDE1,PEPTIDE1,1:R1-6:R2$$$",CC(C)C[C@@H]1C(=O)N2CCC[C@H]2C(=O)N(C)[C@H](CC(C)C)C(=O)N[C@@H](Cc2ccccc2)C(=O)N(C)[C@@H](C)C(=O)N[C@H](CC(C)C)C(=O)N1C,-4.798129776790515,1.8013932704925537
"PEPTIDE1{[Me_dA].L.[meL].[dP].[meL].F}$PEPTIDE1,PEPTIDE1,1:R1-6:R2$$$",CC(C)C[C@@H]1NC(=O)[C@@H](C)N(C)C(=O)[C@H](Cc2ccccc2)NC(=O)[C@H](CC(C)C)N(C)C(=O)[C@H]2CCCN2C(=O)[C@H](CC(C)C)N(C)C1=O,-4.798129776790515,1.8013932704925537
"PEPTIDE1{[Me_dA].[dL].[meL].[dP].[meL].F}$PEPTIDE1,PEPTIDE1,1:R1-6:R2$$$",CC(C)C[C@H]1NC(=O)[C@@H](C)N(C)C(=O)[C@H](Cc2ccccc2)NC(=O)[C@H](CC(C)C)N(C)C(=O)[C@H]2CCCN2C(=O)[C@H](CC(C)C)N(C)C1=O,-4.798129776790515,1.8013932704925537
"PEPTIDE1{[Me_dA].[dL].[meL].P.[Me_dL].F}$PEPTIDE1,PEPTIDE1,1:R1-6:R2$$$",CC(C)C[C@@H]1C(=O)N[C@@H](Cc2ccccc2)C(=O)N(C)[C@H](C)C(=O)N[C@H](CC(C)C)C(=O)N(C)[C@@H](CC(C)C)C(=O)N2CCC[C@H]2C(=O)N1C,-4.798129776790515,1.8013932704925537
"PEPTIDE1{[Me_dA].L.[Me_dL].P.[Me_dL].F}$PEPTIDE1,PEPTIDE1,1:R1-6:R2$$$",CC(C)C[C@@H]1NC(=O)[C@@H](C)N(C)C(=O)[C@H](Cc2ccccc2)NC(=O)[C@@H](CC(C)C)N(C)C(=O)[C@@H]2CCCN2C(=O)[C@@H](CC(C)C)N(C)C1=O,-4.798129776790515,1.8013932704925537
"PEPTIDE1{[Me_dA].L.[Me_dL].[dP].[Me_dL].F}$PEPTIDE1,PEPTIDE1,1:R1-6:R2$$$",CC(C)C[C@@H]1NC(=O)[C@@H](C)N(C)C(=O)[C@H](Cc2ccccc2)NC(=O)[C@@H](CC(C)C)N(C)C(=O)[C@H]2CCCN2C(=O)[C@@H](CC(C)C)N(C)C1=O,-4.798129776790515,1.8013932704925537
"PEPTIDE1{[meA].[dL].[meL].[dP].[meL].F}$PEPTIDE1,PEPTIDE1,1:R1-6:R2$$$",CC(C)C[C@H]1NC(=O)[C@H](C)N(C)C(=O)[C@H](Cc2ccccc2)NC(=O)[C@H](CC(C)C)N(C)C(=O)[C@H]2CCCN2C(=O)[C@H](CC(C)C)N(C)C1=O,-4.798129776790515,1.8013932704925537
"PEPTIDE1{[meA].[dL].[meL].P.[Me_dL].F}$PEPTIDE1,PEPTIDE1,1:R1-6:R2$$$",CC(C)C[C@@H]1C(=O)N[C@@H](Cc2ccccc2)C(=O)N(C)[C@@H](C)C(=O)N[C@H](CC(C)C)C(=O)N(C)[C@@H](CC(C)C)C(=O)N2CCC[C@H]2C(=O)N1C,-4.798129776790515,1.8013932704925537
"PEPTIDE1{[Me_dA].[dL].[meL].P.[meL].F}$PEPTIDE1,PEPTIDE1,1:R1-6:R2$$$",CC(C)C[C@H]1NC(=O)[C@@H](C)N(C)C(=O)[C@H](Cc2ccccc2)NC(=O)[C@H](CC(C)C)N(C)C(=O)[C@@H]2CCCN2C(=O)[C@H](CC(C)C)N(C)C1=O,-4.798129776790515,1.8013932704925537
"PEPTIDE1{[Me_dA].[dL].[Me_dL].[dP].[meL].F}$PEPTIDE1,PEPTIDE1,1:R1-6:R2$$$",CC(C)C[C@@H]1C(=O)N2CCC[C@@H]2C(=O)N(C)[C@@H](CC(C)C)C(=O)N[C@@H](Cc2ccccc2)C(=O)N(C)[C@H](C)C(=O)N[C@H](CC(C)C)C(=O)N1C,-4.798129776790515,1.8013932704925537
"PEPTIDE1{[meA].[dL].[Me_dL].P.[meL].F}$PEPTIDE1,PEPTIDE1,1:R1-6:R2$$$",CC(C)C[C@@H]1C(=O)N2CCC[C@H]2C(=O)N(C)[C@@H](CC(C)C)C(=O)N[C@@H](Cc2ccccc2)C(=O)N(C)[C@@H](C)C(=O)N[C@H](CC(C)C)C(=O)N1C,-4.798129776790515,1.8013932704925537
"PEPTIDE1{[meA].L.[Me_dL].P.[Me_dL].F}$PEPTIDE1,PEPTIDE1,1:R1-6:R2$$$",CC(C)C[C@@H]1NC(=O)[C@H](C)N(C)C(=O)[C@H](Cc2ccccc2)NC(=O)[C@@H](CC(C)C)N(C)C(=O)[C@@H]2CCCN2C(=O)[C@@H](CC(C)C)N(C)C1=O,-4.798129776790515,1.8013932704925537
"PEPTIDE1{[meA].L.[Me_dL].P.[meL].F}$PEPTIDE1,PEPTIDE1,1:R1-6:R2$$$",CC(C)C[C@@H]1NC(=O)[C@H](C)N(C)C(=O)[C@H](Cc2ccccc2)NC(=O)[C@H](CC(C)C)N(C)C(=O)[C@@H]2CCCN2C(=O)[C@@H](CC(C)C)N(C)C1=O,-4.798129776790515,1.8013932704925537
"PEPTIDE1{[Me_dA].L.[Me_dL].P.[meL].F}$PEPTIDE1,PEPTIDE1,1:R1-6:R2$$$",CC(C)C[C@@H]1NC(=O)[C@@H](C)N(C)C(=O)[C@H](Cc2ccccc2)NC(=O)[C@H](CC(C)C)N(C)C(=O)[C@@H]2CCCN2C(=O)[C@@H](CC(C)C)N(C)C1=O,-4.798129776790515,1.8013932704925537
"PEPTIDE1{[Me_dA].L.[meL].P.[Me_dL].F}$PEPTIDE1,PEPTIDE1,1:R1-6:R2$$$",CC(C)C[C@@H]1NC(=O)[C@@H](C)N(C)C(=O)[C@H](Cc2ccccc2)NC(=O)[C@@H](CC(C)C)N(C)C(=O)[C@@H]2CCCN2C(=O)[C@H](CC(C)C)N(C)C1=O,-4.798129776790515,1.8013932704925537
"PEPTIDE1{[meA].[dL].[meL].P.[meL].F}$PEPTIDE1,PEPTIDE1,1:R1-6:R2$$$",CC(C)C[C@H]1NC(=O)[C@H](C)N(C)C(=O)[C@H](Cc2ccccc2)NC(=O)[C@H](CC(C)C)N(C)C(=O)[C@@H]2CCCN2C(=O)[C@H](CC(C)C)N(C)C1=O,-4.798129776790515,1.8013932704925537
"PEPTIDE1{[Me_dA].[meL].F.[meL].V.[meI].G.[meF].T.[meL].L.[Mono7]}$PEPTIDE1,PEPTIDE1,1:R1-12:R2$$$",CC[C@H](C)[C@H]1C(=O)NCC(=O)N(C)[C@@H](Cc2ccccc2)C(=O)N[C@@H]([C@@H](C)O)C(=O)N(C)[C@@H](CC(C)C)C(=O)N[C@@H](CC(C)C)C(=O)N[C@@H](C)CC(=O)N(C)[C@H](C)C(=O)N(C)[C@@H](CC(C)C)C(=O)N[C@@H](Cc2ccccc2)C(=O)N(C)[C@@H](CC(C)C)C(=O)N[C@@H](C(C)C)C(=O)N1C,-4.798183333333332,1.2398830652236938
"PEPTIDE1{[dA].T.[meL].I.[meL].L.D.[Sar].[meL].L.I.[-pip]}$PEPTIDE1,PEPTIDE1,1:R1-7:R3$$$",CC[C@H](C)[C@H](NC(=O)[C@H](CC(C)C)NC(=O)[C@H](CC(C)C)N(C)C(=O)CN(C)C(=O)[C@@H]1CC(=O)N[C@H](C)C(=O)N[C@@H]([C@@H](C)O)C(=O)N(C)[C@@H](CC(C)C)C(=O)N[C@@H]([C@@H](C)CC)C(=O)N(C)[C@@H](CC(C)C)C(=O)N[C@@H](CC(C)C)C(=O)N1)C(=O)N1CCCCC1,-4.798574999999996,2.028703451156616
"PEPTIDE1{[Abu].[Sar].[meL].L.[meL].S.[dA].[meL].[meL].[meL].[Mono7]}$PEPTIDE1,PEPTIDE1,1:R1-11:R2$$$",CC[C@@H]1NC(=O)C[C@H](C)NC(=O)[C@H](CC(C)C)N(C)C(=O)[C@H](CC(C)C)N(C)C(=O)[C@H](CC(C)C)N(C)C(=O)[C@@H](C)NC(=O)[C@H](CO)NC(=O)[C@H](CC(C)C)N(C)C(=O)[C@H](CC(C)C)NC(=O)[C@H](CC(C)C)N(C)C(=O)CN(C)C1=O,-4.799200000000003,1.5490641593933103
"PEPTIDE1{[Me_dL].[meA].[Me_dL].[Me_dL].[meL].[Me_dA].[dP].[meY]}$PEPTIDE1,PEPTIDE1,1:R1-8:R2$$$",CC(C)C[C@@H]1C(=O)N(C)[C@@H](CC(C)C)C(=O)N(C)[C@H](C)C(=O)N2CCC[C@@H]2C(=O)N(C)[C@@H](Cc2ccc(O)cc2)C(=O)N(C)[C@H](CC(C)C)C(=O)N(C)[C@@H](C)C(=O)N(C)[C@H](CC(C)C)C(=O)N1C,-4.800800000000011,1.240964412689209
"PEPTIDE1{[meA].[meL].[meV].F.[meL].T.[meA].I.[meL].D.[meF].A.[-pip]}$PEPTIDE1,PEPTIDE1,1:R1-10:R3$$$",CC[C@H](C)[C@@H]1NC(=O)[C@H](C)N(C)C(=O)[C@H]([C@@H](C)O)NC(=O)[C@H](CC(C)C)N(C)C(=O)[C@H](Cc2ccccc2)NC(=O)[C@H](C(C)C)N(C)C(=O)[C@H](CC(C)C)N(C)C(=O)[C@H](C)N(C)C(=O)C[C@@H](C(=O)N(C)[C@@H](Cc2ccccc2)C(=O)N[C@@H](C)C(=O)N2CCCCC2)NC(=O)[C@H](CC(C)C)N(C)C1=O,-4.803166666666671,2.164815664291382
"PEPTIDE1{[Me_Bal].[meL].I.[meV].[meA].T.[Sar].L.[meF].D.[-pip]}$PEPTIDE1,PEPTIDE1,1:R1-10:R3$$$",CC[C@H](C)[C@@H]1NC(=O)[C@H](CC(C)C)N(C)C(=O)CCN(C)C(=O)C[C@@H](C(=O)N2CCCCC2)NC(=O)[C@H](Cc2ccccc2)N(C)C(=O)[C@H](CC(C)C)NC(=O)CN(C)C(=O)[C@H]([C@@H](C)O)NC(=O)[C@H](C)N(C)C(=O)[C@H](C(C)C)N(C)C1=O,-4.804700000000006,1.625563621520996
"PEPTIDE1{[Me_Bal].[meV].A.[meL].[meF].T.[meA].[meF].[meA].D.[-pip]}$PEPTIDE1,PEPTIDE1,1:R1-10:R3$$$",CC(C)C[C@H]1C(=O)N(C)[C@@H](Cc2ccccc2)C(=O)N[C@@H]([C@@H](C)O)C(=O)N(C)[C@@H](C)C(=O)N(C)[C@@H](Cc2ccccc2)C(=O)N(C)[C@@H](C)C(=O)N[C@H](C(=O)N2CCCCC2)CC(=O)N(C)CCC(=O)N(C)[C@@H](C(C)C)C(=O)N[C@@H](C)C(=O)N1C,-4.805399999999997,1.8344740867614744
"PEPTIDE1{[Sar].[meF].[meA].[meL].T.[meA].[meL].[Ser(tBu)].D.[-pip]}$PEPTIDE1,PEPTIDE1,1:R1-9:R3$$$",CC(C)C[C@H]1C(=O)N[C@@H](COC(C)(C)C)C(=O)N[C@H](C(=O)N2CCCCC2)CC(=O)N(C)CC(=O)N(C)[C@@H](Cc2ccccc2)C(=O)N(C)[C@@H](C)C(=O)N(C)[C@@H](CC(C)C)C(=O)N[C@@H]([C@@H](C)O)C(=O)N(C)[C@@H](C)C(=O)N1C,-4.805706666666669,1.5855653285980225
"PEPTIDE1{L.[Me_dL].[meL].L.[dP].[meF]}$PEPTIDE1,PEPTIDE1,1:R1-6:R2$$$",CC(C)C[C@@H]1NC(=O)[C@H](Cc2ccccc2)N(C)C(=O)[C@H]2CCCN2C(=O)[C@H](CC(C)C)NC(=O)[C@H](CC(C)C)N(C)C(=O)[C@@H](CC(C)C)N(C)C1=O,-4.805993344735281,1.432931900024414
"PEPTIDE1{[Me_dA].A.[meL].F.T.[meA].[meF].[meV].G.D.[meF].A.[-pip]}$PEPTIDE1,PEPTIDE1,1:R1-10:R3$$$",CC(C)C[C@H]1C(=O)N[C@@H](Cc2ccccc2)C(=O)N[C@@H]([C@@H](C)O)C(=O)N(C)[C@@H](C)C(=O)N(C)[C@@H](Cc2ccccc2)C(=O)N(C)[C@@H](C(C)C)C(=O)NCC(=O)N[C@H](C(=O)N(C)[C@@H](Cc2ccccc2)C(=O)N[C@@H](C)C(=O)N2CCCCC2)CC(=O)N(C)[C@H](C)C(=O)N[C@@H](C)C(=O)N1C,-4.8061,1.4784488677978516
"PEPTIDE1{[Sar].[meL].T.F.[meV].G.[meA].L.[meL].[meA].D.[meF].A.[-pip]}$PEPTIDE1,PEPTIDE1,1:R1-11:R3$$$",CC(C)C[C@@H]1NC(=O)[C@H](C)N(C)C(=O)CNC(=O)[C@H](C(C)C)N(C)C(=O)[C@H](Cc2ccccc2)NC(=O)[C@H]([C@@H](C)O)NC(=O)[C@H](CC(C)C)N(C)C(=O)CN(C)C(=O)C[C@@H](C(=O)N(C)[C@@H](Cc2ccccc2)C(=O)N[C@@H](C)C(=O)N2CCCCC2)NC(=O)[C@H](C)N(C)C(=O)[C@H](CC(C)C)N(C)C1=O,-4.8068000000000035,1.201701045036316
"PEPTIDE1{[Mono6].T.[Sar].[meA].V.[meF].[meL].F.D.[meF].A.[-pip]}$PEPTIDE1,PEPTIDE1,1:R1-9:R3$$$",CC(C)C[C@H]1C(=O)N[C@@H](Cc2ccccc2)C(=O)N[C@H](C(=O)N(C)[C@@H](Cc2ccccc2)C(=O)N[C@@H](C)C(=O)N2CCCCC2)CC(=O)N(C)CCCC(=O)N[C@@H]([C@@H](C)O)C(=O)N(C)CC(=O)N(C)[C@@H](C)C(=O)N[C@@H](C(C)C)C(=O)N(C)[C@@H](Cc2ccccc2)C(=O)N1C,-4.808200000000005,1.7081295251846311
"PEPTIDE1{[dA].L.[meA].L.[meI].[meF].G.T.F.[meL].P.D.[-pip]}$PEPTIDE1,PEPTIDE1,1:R1-12:R3$$$",CC[C@H](C)[C@H]1C(=O)N(C)[C@@H](Cc2ccccc2)C(=O)NCC(=O)N[C@@H]([C@@H](C)O)C(=O)N[C@@H](Cc2ccccc2)C(=O)N(C)[C@@H](CC(C)C)C(=O)N2CCC[C@H]2C(=O)N[C@H](C(=O)N2CCCCC2)CC(=O)N[C@H](C)C(=O)N[C@@H](CC(C)C)C(=O)N(C)[C@@H](C)C(=O)N[C@@H](CC(C)C)C(=O)N1C,-4.809095076400677,2.052797317504883
"PEPTIDE1{[Me_dA].[meV].[meL].T.F.[meL].I.[meF].L.D.[-pip]}$PEPTIDE1,PEPTIDE1,1:R1-10:R3$$$",CC[C@H](C)[C@@H]1NC(=O)[C@H](CC(C)C)N(C)C(=O)[C@H](Cc2ccccc2)NC(=O)[C@H]([C@@H](C)O)NC(=O)[C@H](CC(C)C)N(C)C(=O)[C@H](C(C)C)N(C)C(=O)[C@@H](C)N(C)C(=O)C[C@@H](C(=O)N2CCCCC2)NC(=O)[C@H](CC(C)C)NC(=O)[C@H](Cc2ccccc2)N(C)C1=O,-4.811780000000001,1.9680882692337036
"PEPTIDE1{[dV].[Me_Phe(3-Cl)].[meL].I.[meA].[Me_Phe(3-Cl)].T.[meA].[meL].[Mono7]}$PEPTIDE1,PEPTIDE1,1:R1-10:R2$$$",CC[C@H](C)[C@@H]1NC(=O)[C@H](CC(C)C)N(C)C(=O)[C@H](Cc2cccc(Cl)c2)N(C)C(=O)[C@@H](C(C)C)NC(=O)C[C@H](C)NC(=O)[C@H](CC(C)C)N(C)C(=O)[C@H](C)N(C)C(=O)[C@H]([C@@H](C)O)NC(=O)[C@H](Cc2cccc(Cl)c2)N(C)C(=O)[C@H](C)N(C)C1=O,-4.81245238095238,1.6131535768508911
"PEPTIDE1{[dV].[meA].[meL].L.[meF].F.[meA].[meA].[meA].[Tza].D.[-pip]}$PEPTIDE1,PEPTIDE1,1:R1-11:R3$$$",CC(C)C[C@@H]1NC(=O)[C@H](CC(C)C)N(C)C(=O)[C@H](C)N(C)C(=O)[C@@H](C(C)C)NC(=O)C[C@@H](C(=O)N2CCCCC2)NC(=O)[C@H](Cc2cscn2)NC(=O)[C@H](C)N(C)C(=O)[C@H](C)N(C)C(=O)[C@H](C)N(C)C(=O)[C@H](Cc2ccccc2)NC(=O)[C@H](Cc2ccccc2)N(C)C1=O,-4.8133250000000025,1.5960274934768677
"PEPTIDE1{[Me_dA].[meV].I.L.T.F.[meL].[meF].L.D.[-pip]}$PEPTIDE1,PEPTIDE1,1:R1-10:R3$$$",CC[C@H](C)[C@@H]1NC(=O)[C@H](C(C)C)N(C)C(=O)[C@@H](C)N(C)C(=O)C[C@@H](C(=O)N2CCCCC2)NC(=O)[C@H](CC(C)C)NC(=O)[C@H](Cc2ccccc2)N(C)C(=O)[C@H](CC(C)C)N(C)C(=O)[C@H](Cc2ccccc2)NC(=O)[C@H]([C@@H](C)O)NC(=O)[C@H](CC(C)C)NC1=O,-4.813380769230772,1.6433815956115725
"PEPTIDE1{A.F.[Mono86]}$PEPTIDE1,PEPTIDE1,1:R1-3:R2$$$",CC(C)C[C@@H]1NCCCCCCNC(=O)[C@H](Cc2ccccc2)NC(=O)[C@H](C)NC1=O,-4.814856391675956,1.9632694721221924
"PEPTIDE1{[Me_dA].[meL].[meA].T.F.[meF].V.[meL].D.[meF].A.[-pip]}$PEPTIDE1,PEPTIDE1,1:R1-9:R3$$$",CC(C)C[C@H]1C(=O)N[C@H](C(=O)N(C)[C@@H](Cc2ccccc2)C(=O)N[C@@H](C)C(=O)N2CCCCC2)CC(=O)N(C)[C@H](C)C(=O)N(C)[C@@H](CC(C)C)C(=O)N(C)[C@@H](C)C(=O)N[C@@H]([C@@H](C)O)C(=O)N[C@@H](Cc2ccccc2)C(=O)N(C)[C@@H](Cc2ccccc2)C(=O)N[C@@H](C(C)C)C(=O)N1C,-4.816513333333336,1.6535454988479614
"PEPTIDE1{[meA].T.[Sar].[meL].I.[meL].[meF].[meL].D.A.P.A.[-pip]}$PEPTIDE1,PEPTIDE1,1:R1-9:R3$$$",CC[C@H](C)[C@@H]1NC(=O)[C@H](CC(C)C)N(C)C(=O)CN(C)C(=O)[C@H]([C@@H](C)O)NC(=O)[C@H](C)N(C)C(=O)C[C@@H](C(=O)N[C@@H](C)C(=O)N2CCC[C@H]2C(=O)N[C@@H](C)C(=O)N2CCCCC2)NC(=O)[C@H](CC(C)C)N(C)C(=O)[C@H](Cc2ccccc2)N(C)C(=O)[C@H](CC(C)C)N(C)C1=O,-4.817100000000006,1.5809035301208496
"PEPTIDE1{[Me_Bal].[meF].T.[meA].[meL].[meV].I.[meL].[meA].D.[meF].[meF].A.[-pip]}$PEPTIDE1,PEPTIDE1,1:R1-10:R3$$$",CC[C@H](C)[C@@H]1NC(=O)[C@H](C(C)C)N(C)C(=O)[C@H](CC(C)C)N(C)C(=O)[C@H](C)N(C)C(=O)[C@H]([C@@H](C)O)NC(=O)[C@H](Cc2ccccc2)N(C)C(=O)CCN(C)C(=O)C[C@@H](C(=O)N(C)[C@@H](Cc2ccccc2)C(=O)N(C)[C@@H](Cc2ccccc2)C(=O)N[C@@H](C)C(=O)N2CCCCC2)NC(=O)[C@H](C)N(C)C(=O)[C@H](CC(C)C)N(C)C1=O,-4.818400000000007,2.1751468181610107
"PEPTIDE1{[Me_Bal].F.[meL].[Ser(tBu)].G.P.T.L.[meA].F.[meI].D.[-pip]}$PEPTIDE1,PEPTIDE1,1:R1-12:R3$$$",CC[C@H](C)[C@H]1C(=O)N[C@H](C(=O)N2CCCCC2)CC(=O)N(C)CCC(=O)N[C@@H](Cc2ccccc2)C(=O)N(C)[C@@H](CC(C)C)C(=O)N[C@@H](COC(C)(C)C)C(=O)NCC(=O)N2CCC[C@H]2C(=O)N[C@@H]([C@@H](C)O)C(=O)N[C@@H](CC(C)C)C(=O)N(C)[C@@H](C)C(=O)N[C@@H](Cc2ccccc2)C(=O)N1C,-4.81848666666667,1.5569990873336792
"PEPTIDE1{[meA].T.A.L.[Sar].F.L.[meV].L.[meL].D.[-pip]}$PEPTIDE1,PEPTIDE1,1:R1-11:R3$$$",CC(C)C[C@@H]1NC(=O)[C@H](C)NC(=O)[C@H]([C@@H](C)O)NC(=O)[C@H](C)N(C)C(=O)C[C@@H](C(=O)N2CCCCC2)NC(=O)[C@H](CC(C)C)N(C)C(=O)[C@H](CC(C)C)NC(=O)[C@H](C(C)C)N(C)C(=O)[C@H](CC(C)C)NC(=O)[C@H](Cc2ccccc2)NC(=O)CN(C)C1=O,-4.8187875,1.9815093278884888
"PEPTIDE1{[meA].I.[meF].[meF].T.[meA].[meL].[meL].[Mono11].[-pip]}$PEPTIDE1,PEPTIDE1,1:R1-9:R3$$$",CC[C@H](C)[C@@H]1NC(=O)[C@H](C)N(C)C(=O)CCCCCc2ccc(cc2)C[C@@H](C(=O)N2CCCCC2)NC(=O)[C@H](CC(C)C)N(C)C(=O)[C@H](CC(C)C)N(C)C(=O)[C@H](C)N(C)C(=O)[C@H]([C@@H](C)O)NC(=O)[C@H](Cc2ccccc2)N(C)C(=O)[C@H](Cc2ccccc2)N(C)C1=O,-4.820549999999996,1.9156923294067385
"PEPTIDE1{L.[Sar].[meL].[meF].T.[Ser(tBu)].D.[-pip]}$PEPTIDE1,PEPTIDE1,1:R1-7:R3$$$",CC(C)C[C@@H]1NC(=O)C[C@@H](C(=O)N2CCCCC2)NC(=O)[C@H](COC(C)(C)C)NC(=O)[C@H]([C@@H](C)O)NC(=O)[C@H](Cc2ccccc2)N(C)C(=O)[C@H](CC(C)C)N(C)C(=O)CN(C)C1=O,-4.821161111111106,1.210399508476257
"PEPTIDE1{[meA].T.[meA].A.[meF].[meL].[meV].[meA].[Hph].[meA].D.[-pip]}$PEPTIDE1,PEPTIDE1,1:R1-11:R3$$$",CC(C)C[C@H]1C(=O)N(C)[C@@H](C(C)C)C(=O)N(C)[C@@H](C)C(=O)N[C@@H](CCc2ccccc2)C(=O)N(C)[C@@H](C)C(=O)N[C@H](C(=O)N2CCCCC2)CC(=O)N(C)[C@@H](C)C(=O)N[C@@H]([C@@H](C)O)C(=O)N(C)[C@@H](C)C(=O)N[C@@H](C)C(=O)N(C)[C@@H](Cc2ccccc2)C(=O)N1C,-4.821900000000006,1.7089955806732178
"PEPTIDE1{[dA].A.[meI].[meL].F.T.L.[meF].[meV].D.[Sar].A.[-pip]}$PEPTIDE1,PEPTIDE1,1:R1-10:R3$$$",CC[C@H](C)[C@H]1C(=O)N(C)[C@@H](CC(C)C)C(=O)N[C@@H](Cc2ccccc2)C(=O)N[C@@H]([C@@H](C)O)C(=O)N[C@@H](CC(C)C)C(=O)N(C)[C@@H](Cc2ccccc2)C(=O)N(C)[C@@H](C(C)C)C(=O)N[C@H](C(=O)N(C)CC(=O)N[C@@H](C)C(=O)N2CCCCC2)CC(=O)N[C@H](C)C(=O)N[C@@H](C)C(=O)N1C,-4.823999999999995,1.9563586711883545
"PEPTIDE1{[Sar].[meL].L.[meF].[Ser(tBu)].[meF].[meI].T.[meA].[meL].D.[-pip]}$PEPTIDE1,PEPTIDE1,1:R1-11:R3$$$",CC[C@H](C)[C@H]1C(=O)N[C@@H]([C@@H](C)O)C(=O)N(C)[C@@H](C)C(=O)N(C)[C@@H](CC(C)C)C(=O)N[C@H](C(=O)N2CCCCC2)CC(=O)N(C)CC(=O)N(C)[C@@H](CC(C)C)C(=O)N[C@@H](CC(C)C)C(=O)N(C)[C@@H](Cc2ccccc2)C(=O)N[C@@H](COC(C)(C)C)C(=O)N(C)[C@@H](Cc2ccccc2)C(=O)N1C,-4.825833333333338,1.45268452167511
"PEPTIDE1{L.[dF].[dP].L.[dL].L}$PEPTIDE1,PEPTIDE1,1:R1-6:R2$$$",CC(C)C[C@@H]1NC(=O)[C@H](CC(C)C)NC(=O)[C@@H](CC(C)C)NC(=O)[C@H](CC(C)C)NC(=O)[C@H]2CCCN2C(=O)[C@@H](Cc2ccccc2)NC1=O,-4.829969091847271,1.1291111707687378
"PEPTIDE1{L.[dF].P.L.[dL].L}$PEPTIDE1,PEPTIDE1,1:R1-6:R2$$$",CC(C)C[C@@H]1NC(=O)[C@H](CC(C)C)NC(=O)[C@@H](CC(C)C)NC(=O)[C@H](CC(C)C)NC(=O)[C@@H]2CCCN2C(=O)[C@@H](Cc2ccccc2)NC1=O,-4.829969091847271,1.1291111707687378
"PEPTIDE1{L.[Me_dL].[meA].L.[dP].[meA]}$PEPTIDE1,PEPTIDE1,1:R1-6:R2$$$",CC(C)C[C@@H]1NC(=O)[C@H](C)N(C)C(=O)[C@H]2CCCN2C(=O)[C@H](CC(C)C)NC(=O)[C@H](C)N(C)C(=O)[C@@H](CC(C)C)N(C)C1=O,-4.832066243633279,1.129759430885315
"PEPTIDE1{[Me_dA].[meF].[meA].A.[meA].[meF].[meL].T.[meA].D.[meF].A.[-pip]}$PEPTIDE1,PEPTIDE1,1:R1-10:R3$$$",CC(C)C[C@H]1C(=O)N[C@@H]([C@@H](C)O)C(=O)N(C)[C@@H](C)C(=O)N[C@H](C(=O)N(C)[C@@H](Cc2ccccc2)C(=O)N[C@@H](C)C(=O)N2CCCCC2)CC(=O)N(C)[C@H](C)C(=O)N(C)[C@@H](Cc2ccccc2)C(=O)N(C)[C@@H](C)C(=O)N[C@@H](C)C(=O)N(C)[C@@H](C)C(=O)N(C)[C@@H](Cc2ccccc2)C(=O)N1C,-4.8342000000000045,1.806782841682434
"PEPTIDE1{[Me_dA].[meL].T.[meL].[Ser(tBu)].[meL].D.[-pip]}$PEPTIDE1,PEPTIDE1,1:R1-7:R3$$$",CC(C)C[C@H]1C(=O)N[C@H](C(=O)N2CCCCC2)CC(=O)N(C)[C@H](C)C(=O)N(C)[C@@H](CC(C)C)C(=O)N[C@@H]([C@@H](C)O)C(=O)N(C)[C@@H](CC(C)C)C(=O)N[C@@H](COC(C)(C)C)C(=O)N1C,-4.834394999999998,1.5269670486450195
"PEPTIDE1{A.[meA].[meF].T.[meF].L.D.[-pip]}$PEPTIDE1,PEPTIDE1,1:R1-7:R3$$$",CC(C)C[C@@H]1NC(=O)[C@H](Cc2ccccc2)N(C)C(=O)[C@H]([C@@H](C)O)NC(=O)[C@H](Cc2ccccc2)N(C)C(=O)[C@H](C)N(C)C(=O)[C@H](C)NC(=O)C[C@@H](C(=O)N2CCCCC2)NC1=O,-4.839532460317455,1.583298921585083
"PEPTIDE1{[Me_dA].I.[meL].[meL].F.[meV].[meA].T.[Sar].[meF].D.[meF].A.[-pip]}$PEPTIDE1,PEPTIDE1,1:R1-11:R3$$$",CC[C@H](C)[C@@H]1NC(=O)[C@@H](C)N(C)C(=O)C[C@@H](C(=O)N(C)[C@@H](Cc2ccccc2)C(=O)N[C@@H](C)C(=O)N2CCCCC2)NC(=O)[C@H](Cc2ccccc2)N(C)C(=O)CN(C)C(=O)[C@H]([C@@H](C)O)NC(=O)[C@H](C)N(C)C(=O)[C@H](C(C)C)N(C)C(=O)[C@H](Cc2ccccc2)NC(=O)[C@H](CC(C)C)N(C)C(=O)[C@H](CC(C)C)N(C)C1=O,-4.845199999999997,1.3489781618118286
"PEPTIDE1{[meA].[meF].A.[meA].F.T.[meA].[meL].[meA].[Ser(tBu)].[meV].D.[-pip]}$PEPTIDE1,PEPTIDE1,1:R1-12:R3$$$",CC(C)C[C@H]1C(=O)N(C)[C@@H](C)C(=O)N[C@@H](COC(C)(C)C)C(=O)N(C)[C@@H](C(C)C)C(=O)N[C@H](C(=O)N2CCCCC2)CC(=O)N(C)[C@@H](C)C(=O)N(C)[C@@H](Cc2ccccc2)C(=O)N[C@@H](C)C(=O)N(C)[C@@H](C)C(=O)N[C@@H](Cc2ccccc2)C(=O)N[C@@H]([C@@H](C)O)C(=O)N(C)[C@@H](C)C(=O)N1C,-4.8452999999999955,1.7612159252166748
"PEPTIDE1{[meA].I.[meL].F.[meL].[meV].[meA].T.[Sar].[meF].D.[meF].A.[-pip]}$PEPTIDE1,PEPTIDE1,1:R1-11:R3$$$",CC[C@H](C)[C@@H]1NC(=O)[C@H](C)N(C)C(=O)C[C@@H](C(=O)N(C)[C@@H](Cc2ccccc2)C(=O)N[C@@H](C)C(=O)N2CCCCC2)NC(=O)[C@H](Cc2ccccc2)N(C)C(=O)CN(C)C(=O)[C@H]([C@@H](C)O)NC(=O)[C@H](C)N(C)C(=O)[C@H](C(C)C)N(C)C(=O)[C@H](CC(C)C)N(C)C(=O)[C@H](Cc2ccccc2)NC(=O)[C@H](CC(C)C)N(C)C1=O,-4.845899999999998,1.364227533340454
"PEPTIDE1{[dA].[meL].[meA].T.[Sar].F.[meV].A.[meL].L.D.[meF].A.[-pip]}$PEPTIDE1,PEPTIDE1,1:R1-11:R3$$$",CC(C)C[C@@H]1NC(=O)[C@H](CC(C)C)N(C)C(=O)[C@H](C)NC(=O)[C@H](C(C)C)N(C)C(=O)[C@H](Cc2ccccc2)NC(=O)CN(C)C(=O)[C@H]([C@@H](C)O)NC(=O)[C@H](C)N(C)C(=O)[C@H](CC(C)C)N(C)C(=O)[C@@H](C)NC(=O)C[C@@H](C(=O)N(C)[C@@H](Cc2ccccc2)C(=O)N[C@@H](C)C(=O)N2CCCCC2)NC1=O,-4.84648333333333,1.9170576333999632
"PEPTIDE1{[Me_dA].F.[meL].[meV].I.[Sar].[meL].T.[meA].D.[meF].[meF].A.[-pip]}$PEPTIDE1,PEPTIDE1,1:R1-10:R3$$$",CC[C@H](C)[C@@H]1NC(=O)[C@H](C(C)C)N(C)C(=O)[C@H](CC(C)C)N(C)C(=O)[C@H](Cc2ccccc2)NC(=O)[C@@H](C)N(C)C(=O)C[C@@H](C(=O)N(C)[C@@H](Cc2ccccc2)C(=O)N(C)[C@@H](Cc2ccccc2)C(=O)N[C@@H](C)C(=O)N2CCCCC2)NC(=O)[C@H](C)N(C)C(=O)[C@H]([C@@H](C)O)NC(=O)[C@H](CC(C)C)N(C)C(=O)CN(C)C1=O,-4.847449999999997,1.4170536994934082
"PEPTIDE1{[dA].[meA].[meF].[meL].T.[meL].D.[-pip]}$PEPTIDE1,PEPTIDE1,1:R1-7:R3$$$",CC(C)C[C@H]1C(=O)N[C@H](C(=O)N2CCCCC2)CC(=O)N[C@H](C)C(=O)N(C)[C@@H](C)C(=O)N(C)[C@@H](Cc2ccccc2)C(=O)N(C)[C@@H](CC(C)C)C(=O)N[C@@H]([C@@H](C)O)C(=O)N1C,-4.847671904761903,1.7759284973144531
"PEPTIDE1{[dV].A.T.[meA].F.[meL].[meF].[Mono7]}$PEPTIDE1,PEPTIDE1,1:R1-8:R2$$$",CC(C)C[C@H]1C(=O)N(C)[C@@H](Cc2ccccc2)C(=O)N[C@@H](C)CC(=O)N[C@H](C(C)C)C(=O)N[C@@H](C)C(=O)N[C@@H]([C@@H](C)O)C(=O)N(C)[C@@H](C)C(=O)N[C@@H](Cc2ccccc2)C(=O)N1C,-4.849166818181813,1.5135687589645386
"PEPTIDE1{[meF].[meL].I.[meA].[meF].T.[meA].[meL].[Mono10].[-pip]}$PEPTIDE1,PEPTIDE1,1:R1-9:R3$$$",C=C1CCC(=O)N(C)[C@@H](Cc2ccccc2)C(=O)N(C)[C@@H](CC(C)C)C(=O)N[C@@H]([C@@H](C)CC)C(=O)N(C)[C@@H](C)C(=O)N(C)[C@@H](Cc2ccccc2)C(=O)N[C@@H]([C@@H](C)O)C(=O)N(C)[C@@H](C)C(=O)N(C)[C@@H](CC(C)C)C(=O)N[C@H](C(=O)N2CCCCC2)Cc2cccc1c2,-4.849800000000005,1.7232072353363037
"PEPTIDE1{[Mono6].T.[meL].[meA].[meF].[Ser(tBu)].D.[-pip]}$PEPTIDE1,PEPTIDE1,1:R1-7:R3$$$",CC(C)C[C@H]1C(=O)N(C)[C@@H](C)C(=O)N(C)[C@@H](Cc2ccccc2)C(=O)N[C@@H](COC(C)(C)C)C(=O)N[C@H](C(=O)N2CCCCC2)CC(=O)N(C)CCCC(=O)N[C@@H]([C@@H](C)O)C(=O)N1C,-4.8504003663003665,1.6790035963058472
"PEPTIDE1{[Me_dA].[meF].[meL].L.[meV].T.[meA].[Sar].A.[meA].[meF].D.[-pip]}$PEPTIDE1,PEPTIDE1,1:R1-12:R3$$$",CC(C)C[C@@H]1NC(=O)[C@H](CC(C)C)N(C)C(=O)[C@H](Cc2ccccc2)N(C)C(=O)[C@@H](C)N(C)C(=O)C[C@@H](C(=O)N2CCCCC2)NC(=O)[C@H](Cc2ccccc2)N(C)C(=O)[C@H](C)N(C)C(=O)[C@H](C)NC(=O)CN(C)C(=O)[C@H](C)N(C)C(=O)[C@H]([C@@H](C)O)NC(=O)[C@H](C(C)C)N(C)C1=O,-4.851099999999997,1.8324227333068848
"PEPTIDE1{G.[meV].[meL].A.[meI].F.[meF].T.P.L.[Mono12].[-pip]}$PEPTIDE1,PEPTIDE1,1:R1-11:R3$$$",CC[C@H](C)[C@H]1C(=O)N[C@@H](Cc2ccccc2)C(=O)N(C)[C@@H](Cc2ccccc2)C(=O)N[C@@H]([C@@H](C)O)C(=O)N2CCC[C@H]2C(=O)N[C@@H](CC(C)C)C(=O)N[C@H](C(=O)N2CCCCC2)Cc2cccc(c2)CCCCC(=O)NCC(=O)N(C)[C@@H](C(C)C)C(=O)N(C)[C@@H](CC(C)C)C(=O)N[C@@H](C)C(=O)N1C,-4.854199999999995,1.8330378532409668
"PEPTIDE1{[meA].T.[Sar].[meF].[meF].[meL].P.[meL].A.[meV].D.[-pip]}$PEPTIDE1,PEPTIDE1,1:R1-11:R3$$$",CC(C)C[C@H]1C(=O)N2CCC[C@H]2C(=O)N(C)[C@@H](CC(C)C)C(=O)N[C@@H](C)C(=O)N(C)[C@@H](C(C)C)C(=O)N[C@H](C(=O)N2CCCCC2)CC(=O)N(C)[C@@H](C)C(=O)N[C@@H]([C@@H](C)O)C(=O)N(C)CC(=O)N(C)[C@@H](Cc2ccccc2)C(=O)N(C)[C@@H](Cc2ccccc2)C(=O)N1C,-4.8543920000000025,1.935977816581726
"PEPTIDE1{[dA].A.[meI].[meL].F.T.L.[meF].[meV].D.P.V.A.[-pip]}$PEPTIDE1,PEPTIDE1,1:R1-10:R3$$$",CC[C@H](C)[C@H]1C(=O)N(C)[C@@H](CC(C)C)C(=O)N[C@@H](Cc2ccccc2)C(=O)N[C@@H]([C@@H](C)O)C(=O)N[C@@H](CC(C)C)C(=O)N(C)[C@@H](Cc2ccccc2)C(=O)N(C)[C@@H](C(C)C)C(=O)N[C@H](C(=O)N2CCC[C@H]2C(=O)N[C@H](C(=O)N[C@@H](C)C(=O)N2CCCCC2)C(C)C)CC(=O)N[C@H](C)C(=O)N[C@@H](C)C(=O)N1C,-4.854620000000006,1.808237075805664
"PEPTIDE1{[meA].[meF].L.[meL].[meV].A.[meA].[Sar].T.[meA].[meF].D.[-pip]}$PEPTIDE1,PEPTIDE1,1:R1-12:R3$$$",CC(C)C[C@@H]1NC(=O)[C@H](Cc2ccccc2)N(C)C(=O)[C@H](C)N(C)C(=O)C[C@@H](C(=O)N2CCCCC2)NC(=O)[C@H](Cc2ccccc2)N(C)C(=O)[C@H](C)N(C)C(=O)[C@H]([C@@H](C)O)NC(=O)CN(C)C(=O)[C@H](C)N(C)C(=O)[C@H](C)NC(=O)[C@H](C(C)C)N(C)C(=O)[C@H](CC(C)C)N(C)C1=O,-4.858400000000006,1.9026631116867063
"PEPTIDE1{[Me_Bal].[meL].I.[meV].F.T.[Sar].[meL].[meV].D.[meF].[meF].A.[-pip]}$PEPTIDE1,PEPTIDE1,1:R1-10:R3$$$",CC[C@H](C)[C@@H]1NC(=O)[C@H](CC(C)C)N(C)C(=O)CCN(C)C(=O)C[C@@H](C(=O)N(C)[C@@H](Cc2ccccc2)C(=O)N(C)[C@@H](Cc2ccccc2)C(=O)N[C@@H](C)C(=O)N2CCCCC2)NC(=O)[C@H](C(C)C)N(C)C(=O)[C@H](CC(C)C)N(C)C(=O)CN(C)C(=O)[C@H]([C@@H](C)O)NC(=O)[C@H](Cc2ccccc2)NC(=O)[C@H](C(C)C)N(C)C1=O,-4.859299999999993,1.5678595304489136
"PEPTIDE1{[Me_Bal].F.[meL].G.F.[meL].P.[meL].L.T.D.[meF].A.[-pip]}$PEPTIDE1,PEPTIDE1,1:R1-11:R3$$$",CC(C)C[C@@H]1NC(=O)[C@H](CC(C)C)N(C)C(=O)[C@@H]2CCCN2C(=O)[C@H](CC(C)C)N(C)C(=O)[C@H](Cc2ccccc2)NC(=O)CNC(=O)[C@H](CC(C)C)N(C)C(=O)[C@H](Cc2ccccc2)NC(=O)CCN(C)C(=O)C[C@@H](C(=O)N(C)[C@@H](Cc2ccccc2)C(=O)N[C@@H](C)C(=O)N2CCCCC2)NC(=O)[C@H]([C@@H](C)O)NC1=O,-4.859399999999992,2.172757625579834
"PEPTIDE1{A.L.[Mono76]}$PEPTIDE1,PEPTIDE1,1:R1-3:R2$$$",CC(C)C[C@@H]1NC(=O)[C@H](C)NC(=O)[C@H](Cc2ccccc2)NCCCCNC1=O,-4.859778571428566,1.44322669506073
"PEPTIDE1{[meA].T.[Sar].[meL].I.[meL].[meF].[meL].D.[meF].[meA].V.A.[-pip]}$PEPTIDE1,PEPTIDE1,1:R1-9:R3$$$",CC[C@H](C)[C@@H]1NC(=O)[C@H](CC(C)C)N(C)C(=O)CN(C)C(=O)[C@H]([C@@H](C)O)NC(=O)[C@H](C)N(C)C(=O)C[C@@H](C(=O)N(C)[C@@H](Cc2ccccc2)C(=O)N(C)[C@@H](C)C(=O)N[C@H](C(=O)N[C@@H](C)C(=O)N2CCCCC2)C(C)C)NC(=O)[C@H](CC(C)C)N(C)C(=O)[C@H](Cc2ccccc2)N(C)C(=O)[C@H](CC(C)C)N(C)C1=O,-4.861499999999995,1.615243673324585
"PEPTIDE1{L.[dP].[meL].L.[dP].[meF]}$PEPTIDE1,PEPTIDE1,1:R1-6:R2$$$",CC(C)C[C@@H]1NC(=O)[C@H](CC(C)C)N(C)C(=O)[C@H]2CCCN2C(=O)[C@H](CC(C)C)NC(=O)[C@H](Cc2ccccc2)N(C)C(=O)[C@H]2CCCN2C1=O,-4.865383859193435,1.3602049350738523
"PEPTIDE1{[dA].[meF].[meL].T.[Sar].[meL].[Ser(tBu)].D.[-pip]}$PEPTIDE1,PEPTIDE1,1:R1-8:R3$$$",CC(C)C[C@H]1C(=O)N[C@@H](COC(C)(C)C)C(=O)N[C@H](C(=O)N2CCCCC2)CC(=O)N[C@H](C)C(=O)N(C)[C@@H](Cc2ccccc2)C(=O)N(C)[C@@H](CC(C)C)C(=O)N[C@@H]([C@@H](C)O)C(=O)N(C)CC(=O)N1C,-4.866899999999994,1.4422974586486816
"PEPTIDE1{[Me_dA].[meF].A.[meA].F.[meL].[meA].T.[meA].[meV].[Ser(tBu)].D.[-pip]}$PEPTIDE1,PEPTIDE1,1:R1-12:R3$$$",CC(C)C[C@H]1C(=O)N(C)[C@@H](C)C(=O)N[C@@H]([C@@H](C)O)C(=O)N(C)[C@@H](C)C(=O)N(C)[C@@H](C(C)C)C(=O)N[C@@H](COC(C)(C)C)C(=O)N[C@H](C(=O)N2CCCCC2)CC(=O)N(C)[C@H](C)C(=O)N(C)[C@@H](Cc2ccccc2)C(=O)N[C@@H](C)C(=O)N(C)[C@@H](C)C(=O)N[C@@H](Cc2ccccc2)C(=O)N1C,-4.867599999999993,1.700353503227234
"PEPTIDE1{[meA].[meF].T.[meA].[meL].A.[meF].[meV].A.[meA].D.[meF].A.[-pip]}$PEPTIDE1,PEPTIDE1,1:R1-11:R3$$$",CC(C)C[C@H]1C(=O)N[C@@H](C)C(=O)N(C)[C@@H](Cc2ccccc2)C(=O)N(C)[C@@H](C(C)C)C(=O)N[C@@H](C)C(=O)N(C)[C@@H](C)C(=O)N[C@H](C(=O)N(C)[C@@H](Cc2ccccc2)C(=O)N[C@@H](C)C(=O)N2CCCCC2)CC(=O)N(C)[C@@H](C)C(=O)N(C)[C@@H](Cc2ccccc2)C(=O)N[C@@H]([C@@H](C)O)C(=O)N(C)[C@@H](C)C(=O)N1C,-4.867800000000003,1.4232604503631592
"PEPTIDE1{[Me_dA].I.[meA].[meV].T.[meA].[meL].A.[meF].D.[meF].A.[-pip]}$PEPTIDE1,PEPTIDE1,1:R1-10:R3$$$",CC[C@H](C)[C@@H]1NC(=O)[C@@H](C)N(C)C(=O)C[C@@H](C(=O)N(C)[C@@H](Cc2ccccc2)C(=O)N[C@@H](C)C(=O)N2CCCCC2)NC(=O)[C@H](Cc2ccccc2)N(C)C(=O)[C@H](C)NC(=O)[C@H](CC(C)C)N(C)C(=O)[C@H](C)N(C)C(=O)[C@H]([C@@H](C)O)NC(=O)[C@H](C(C)C)N(C)C(=O)[C@H](C)N(C)C1=O,-4.868399999999999,1.6296303272247314
"PEPTIDE1{[meA].[meL].F.[meA].T.[Sar].[meL].I.[meV].D.[meF].[meF].A.[-pip]}$PEPTIDE1,PEPTIDE1,1:R1-10:R3$$$",CC[C@H](C)[C@@H]1NC(=O)[C@H](CC(C)C)N(C)C(=O)CN(C)C(=O)[C@H]([C@@H](C)O)NC(=O)[C@H](C)N(C)C(=O)[C@H](Cc2ccccc2)NC(=O)[C@H](CC(C)C)N(C)C(=O)[C@H](C)N(C)C(=O)C[C@@H](C(=O)N(C)[C@@H](Cc2ccccc2)C(=O)N(C)[C@@H](Cc2ccccc2)C(=O)N[C@@H](C)C(=O)N2CCCCC2)NC(=O)[C@H](C(C)C)N(C)C1=O,-4.868999999999997,1.5144972801208496
"PEPTIDE1{L.[meF].[meL].I.[meV].[meF].T.[Sar].[meA].[meA].[Mono11].[-pip]}$PEPTIDE1,PEPTIDE1,1:R1-11:R3$$$",CC[C@H](C)[C@@H]1NC(=O)[C@H](CC(C)C)N(C)C(=O)[C@H](Cc2ccccc2)N(C)C(=O)[C@H](CC(C)C)NC(=O)CCCCCc2ccc(cc2)C[C@@H](C(=O)N2CCCCC2)NC(=O)[C@H](C)N(C)C(=O)[C@H](C)N(C)C(=O)CN(C)C(=O)[C@H]([C@@H](C)O)NC(=O)[C@H](Cc2ccccc2)N(C)C(=O)[C@H](C(C)C)N(C)C1=O,-4.869900000000008,1.6415725946426392
"PEPTIDE1{[meA].[meL].T.[meA].A.[meF].L.[meL].[meF].[meL].D.[-pip]}$PEPTIDE1,PEPTIDE1,1:R1-11:R3$$$",CC(C)C[C@@H]1NC(=O)[C@H](Cc2ccccc2)N(C)C(=O)[C@H](C)NC(=O)[C@H](C)N(C)C(=O)[C@H]([C@@H](C)O)NC(=O)[C@H](CC(C)C)N(C)C(=O)[C@H](C)N(C)C(=O)C[C@@H](C(=O)N2CCCCC2)NC(=O)[C@H](CC(C)C)N(C)C(=O)[C@H](Cc2ccccc2)N(C)C(=O)[C@H](CC(C)C)N(C)C1=O,-4.870789743589744,1.587421178817749
"PEPTIDE1{A.I.P.[meL].[Sar].T.[meF].[meA].L.[meV].F.D.[-pip]}$PEPTIDE1,PEPTIDE1,1:R1-12:R3$$$",CC[C@H](C)[C@@H]1NC(=O)[C@H](C)NC(=O)C[C@@H](C(=O)N2CCCCC2)NC(=O)[C@H](Cc2ccccc2)NC(=O)[C@H](C(C)C)N(C)C(=O)[C@H](CC(C)C)NC(=O)[C@H](C)N(C)C(=O)[C@H](Cc2ccccc2)N(C)C(=O)[C@H]([C@@H](C)O)NC(=O)CN(C)C(=O)[C@H](CC(C)C)N(C)C(=O)[C@@H]2CCCN2C1=O,-4.871499999999994,1.686996340751648
"PEPTIDE1{[Mono6].[meF].F.P.L.[meV].T.[Sar].A.[meI].[meL].D.[-pip]}$PEPTIDE1,PEPTIDE1,1:R1-12:R3$$$",CC[C@H](C)[C@H]1C(=O)N(C)[C@@H](CC(C)C)C(=O)N[C@H](C(=O)N2CCCCC2)CC(=O)N(C)CCCC(=O)N(C)[C@@H](Cc2ccccc2)C(=O)N[C@@H](Cc2ccccc2)C(=O)N2CCC[C@H]2C(=O)N[C@@H](CC(C)C)C(=O)N(C)[C@@H](C(C)C)C(=O)N[C@@H]([C@@H](C)O)C(=O)N(C)CC(=O)N[C@@H](C)C(=O)N1C,-4.871735000000005,2.097177267074585
"PEPTIDE1{[Mono6].[meF].T.[meA].[Ser(tBu)].[meL].D.[-pip]}$PEPTIDE1,PEPTIDE1,1:R1-7:R3$$$",CC(C)C[C@H]1C(=O)N[C@H](C(=O)N2CCCCC2)CC(=O)N(C)CCCC(=O)N(C)[C@@H](Cc2ccccc2)C(=O)N[C@@H]([C@@H](C)O)C(=O)N(C)[C@@H](C)C(=O)N[C@@H](COC(C)(C)C)C(=O)N1C,-4.873083794871794,1.627161145210266
"PEPTIDE1{[Pr_Gly].[dL].[meL].P.[Me_dL].F}$PEPTIDE1,PEPTIDE1,1:R1-6:R2$$$",CCCN1CC(=O)N[C@H](CC(C)C)C(=O)N(C)[C@@H](CC(C)C)C(=O)N2CCC[C@H]2C(=O)N(C)[C@H](CC(C)C)C(=O)N[C@@H](Cc2ccccc2)C1=O,-4.87378721139971,1.9207303524017336
"PEPTIDE1{[Pr_Gly].[dL].[meL].P.[meL].F}$PEPTIDE1,PEPTIDE1,1:R1-6:R2$$$",CCCN1CC(=O)N[C@H](CC(C)C)C(=O)N(C)[C@@H](CC(C)C)C(=O)N2CCC[C@H]2C(=O)N(C)[C@@H](CC(C)C)C(=O)N[C@@H](Cc2ccccc2)C1=O,-4.87378721139971,1.9207303524017336
"PEPTIDE1{[Pr_Gly].L.[meL].[dP].[meL].F}$PEPTIDE1,PEPTIDE1,1:R1-6:R2$$$",CCCN1CC(=O)N[C@@H](CC(C)C)C(=O)N(C)[C@@H](CC(C)C)C(=O)N2CCC[C@@H]2C(=O)N(C)[C@@H](CC(C)C)C(=O)N[C@@H](Cc2ccccc2)C1=O,-4.87378721139971,1.9207303524017336
"PEPTIDE1{[Pr_Gly].[dL].[Me_dL].P.[Me_dL].F}$PEPTIDE1,PEPTIDE1,1:R1-6:R2$$$",CCCN1CC(=O)N[C@H](CC(C)C)C(=O)N(C)[C@H](CC(C)C)C(=O)N2CCC[C@H]2C(=O)N(C)[C@H](CC(C)C)C(=O)N[C@@H](Cc2ccccc2)C1=O,-4.87378721139971,1.9207303524017336
"PEPTIDE1{[Pr_Gly].L.[meL].[dP].[Me_dL].F}$PEPTIDE1,PEPTIDE1,1:R1-6:R2$$$",CCCN1CC(=O)N[C@@H](CC(C)C)C(=O)N(C)[C@@H](CC(C)C)C(=O)N2CCC[C@@H]2C(=O)N(C)[C@H](CC(C)C)C(=O)N[C@@H](Cc2ccccc2)C1=O,-4.87378721139971,1.9207303524017336
"PEPTIDE1{[Me_dA].[meL].T.[meA].A.[meF].L.[meI].[meF].[meL].D.[-pip]}$PEPTIDE1,PEPTIDE1,1:R1-11:R3$$$",CC[C@H](C)[C@H]1C(=O)N(C)[C@@H](Cc2ccccc2)C(=O)N(C)[C@@H](CC(C)C)C(=O)N[C@H](C(=O)N2CCCCC2)CC(=O)N(C)[C@H](C)C(=O)N(C)[C@@H](CC(C)C)C(=O)N[C@@H]([C@@H](C)O)C(=O)N(C)[C@@H](C)C(=O)N[C@@H](C)C(=O)N(C)[C@@H](Cc2ccccc2)C(=O)N[C@@H](CC(C)C)C(=O)N1C,-4.874482627118645,1.5001949071884155
"PEPTIDE1{[meL].[meA].[meF].T.[meF].L.P.D.[-pip]}$PEPTIDE1,PEPTIDE1,1:R1-8:R3$$$",CC(C)C[C@@H]1NC(=O)[C@H](Cc2ccccc2)N(C)C(=O)[C@H]([C@@H](C)O)NC(=O)[C@H](Cc2ccccc2)N(C)C(=O)[C@H](C)N(C)C(=O)[C@H](CC(C)C)N(C)C(=O)C[C@@H](C(=O)N2CCCCC2)NC(=O)[C@@H]2CCCN2C1=O,-4.87500449981792,1.720065951347351
"PEPTIDE1{[meA].L.[meA].T.F.L.[meL].V.L.I.D.[-pip]}$PEPTIDE1,PEPTIDE1,1:R1-11:R3$$$",CC[C@H](C)[C@@H]1NC(=O)[C@H](CC(C)C)NC(=O)[C@H](C(C)C)NC(=O)[C@H](CC(C)C)N(C)C(=O)[C@H](CC(C)C)NC(=O)[C@H](Cc2ccccc2)NC(=O)[C@H]([C@@H](C)O)NC(=O)[C@H](C)N(C)C(=O)[C@H](CC(C)C)NC(=O)[C@H](C)N(C)C(=O)C[C@@H](C(=O)N2CCCCC2)NC1=O,-4.877200000000002,1.6434438228607178
"PEPTIDE1{[dA].F.L.[Sar].F.L.I.F.T.D.[-pip]}$PEPTIDE1,PEPTIDE1,1:R1-10:R3$$$",CC[C@H](C)[C@@H]1NC(=O)[C@H](CC(C)C)NC(=O)[C@H](Cc2ccccc2)NC(=O)CN(C)C(=O)[C@H](CC(C)C)NC(=O)[C@H](Cc2ccccc2)NC(=O)[C@@H](C)NC(=O)C[C@@H](C(=O)N2CCCCC2)NC(=O)[C@H]([C@@H](C)O)NC(=O)[C@H](Cc2ccccc2)NC1=O,-4.877950000000003,1.6855859756469729
"PEPTIDE1{L.[meA].L.[dP].[meV].L.[meA].L.[dP].[meV]}$PEPTIDE1,PEPTIDE1,1:R1-10:R2$$$",CC(C)C[C@@H]1NC(=O)[C@H](C(C)C)N(C)C(=O)[C@H]2CCCN2C(=O)[C@H](CC(C)C)NC(=O)[C@H](C)N(C)C(=O)[C@H](CC(C)C)NC(=O)[C@H](C(C)C)N(C)C(=O)[C@H]2CCCN2C(=O)[C@H](CC(C)C)NC(=O)[C@H](C)N(C)C1=O,-4.878175000000002,1.2573096752166748
"PEPTIDE1{[Me_Bal].T.[meA].[Ser(tBu)].[meF].[meL].[meF].G.D.[-pip]}$PEPTIDE1,PEPTIDE1,1:R1-9:R3$$$",CC(C)C[C@H]1C(=O)N(C)[C@@H](Cc2ccccc2)C(=O)NCC(=O)N[C@H](C(=O)N2CCCCC2)CC(=O)N(C)CCC(=O)N[C@@H]([C@@H](C)O)C(=O)N(C)[C@@H](C)C(=O)N[C@@H](COC(C)(C)C)C(=O)N(C)[C@@H](Cc2ccccc2)C(=O)N1C,-4.879500000000003,1.6584935188293457
"PEPTIDE1{[dV].[meA].[meL].[meL].[Sar].[meF].A.[meF].[meL].T.D.[meA].[meL].A.[-pip]}$PEPTIDE1,PEPTIDE1,1:R1-11:R3$$$",CC(C)C[C@@H](C(=O)N[C@@H](C)C(=O)N1CCCCC1)N(C)C(=O)[C@H](C)N(C)C(=O)[C@@H]1CC(=O)N[C@H](C(C)C)C(=O)N(C)[C@@H](C)C(=O)N(C)[C@@H](CC(C)C)C(=O)N(C)[C@@H](CC(C)C)C(=O)N(C)CC(=O)N(C)[C@@H](Cc2ccccc2)C(=O)N[C@@H](C)C(=O)N(C)[C@@H](Cc2ccccc2)C(=O)N(C)[C@@H](CC(C)C)C(=O)N[C@@H]([C@@H](C)O)C(=O)N1,-4.880400000000003,2.3454835414886475
"PEPTIDE1{[Mono6].T.[Sar].[meF].[meL].A.[meF].P.[meL].[meV].D.[-pip]}$PEPTIDE1,PEPTIDE1,1:R1-11:R3$$$",CC(C)C[C@H]1C(=O)N[C@@H](C)C(=O)N(C)[C@@H](Cc2ccccc2)C(=O)N2CCC[C@H]2C(=O)N(C)[C@@H](CC(C)C)C(=O)N(C)[C@@H](C(C)C)C(=O)N[C@H](C(=O)N2CCCCC2)CC(=O)N(C)CCCC(=O)N[C@@H]([C@@H](C)O)C(=O)N(C)CC(=O)N(C)[C@@H](Cc2ccccc2)C(=O)N1C,-4.882100000000008,2.3516311645507812
"PEPTIDE1{A.I.[meA].[meF].T.[meF].L.P.D.[meL].[meA].[meF].A.[-pip]}$PEPTIDE1,PEPTIDE1,1:R1-9:R3$$$",CC[C@H](C)[C@@H]1NC(=O)[C@H](C)NC(=O)C[C@@H](C(=O)N(C)[C@@H](CC(C)C)C(=O)N(C)[C@@H](C)C(=O)N(C)[C@@H](Cc2ccccc2)C(=O)N[C@@H](C)C(=O)N2CCCCC2)NC(=O)[C@@H]2CCCN2C(=O)[C@H](CC(C)C)NC(=O)[C@H](Cc2ccccc2)N(C)C(=O)[C@H]([C@@H](C)O)NC(=O)[C@H](Cc2ccccc2)N(C)C(=O)[C@H](C)N(C)C1=O,-4.884218750000007,2.2698311805725098
"PEPTIDE1{[meA].F.[meV].[meA].T.[meA].[meL].A.[meL].D.[meF].A.[-pip]}$PEPTIDE1,PEPTIDE1,1:R1-10:R3$$$",CC(C)C[C@H]1C(=O)N[C@H](C(=O)N(C)[C@@H](Cc2ccccc2)C(=O)N[C@@H](C)C(=O)N2CCCCC2)CC(=O)N(C)[C@@H](C)C(=O)N[C@@H](Cc2ccccc2)C(=O)N(C)[C@@H](C(C)C)C(=O)N(C)[C@@H](C)C(=O)N[C@@H]([C@@H](C)O)C(=O)N(C)[C@@H](C)C(=O)N(C)[C@@H](CC(C)C)C(=O)N[C@@H](C)C(=O)N1C,-4.886233333333333,1.4552010297775269
"PEPTIDE1{[Me_Bal].[meF].F.I.P.[meV].T.[Sar].[meL].[meL].A.D.[-pip]}$PEPTIDE1,PEPTIDE1,1:R1-12:R3$$$",CC[C@H](C)[C@@H]1NC(=O)[C@H](Cc2ccccc2)NC(=O)[C@H](Cc2ccccc2)N(C)C(=O)CCN(C)C(=O)C[C@@H](C(=O)N2CCCCC2)NC(=O)[C@H](C)NC(=O)[C@H](CC(C)C)N(C)C(=O)[C@H](CC(C)C)N(C)C(=O)CN(C)C(=O)[C@H]([C@@H](C)O)NC(=O)[C@H](C(C)C)N(C)C(=O)[C@@H]2CCCN2C1=O,-4.887099999999993,1.8596645593643188
"PEPTIDE1{A.L.[meI].L.[Sar].T.F.A.[meL].F.V.D.[-pip]}$PEPTIDE1,PEPTIDE1,1:R1-12:R3$$$",CC[C@H](C)[C@H]1C(=O)N[C@@H](CC(C)C)C(=O)N(C)CC(=O)N[C@@H]([C@@H](C)O)C(=O)N[C@@H](Cc2ccccc2)C(=O)N[C@@H](C)C(=O)N(C)[C@@H](CC(C)C)C(=O)N[C@@H](Cc2ccccc2)C(=O)N[C@@H](C(C)C)C(=O)N[C@H](C(=O)N2CCCCC2)CC(=O)N[C@@H](C)C(=O)N[C@@H](CC(C)C)C(=O)N1C,-4.889200000000005,1.7845134735107422
"PEPTIDE1{[Me_dA].[meF].T.[meA].[meL].G.[meL].[meA].[meL].D.[-pip]}$PEPTIDE1,PEPTIDE1,1:R1-10:R3$$$",CC(C)C[C@H]1C(=O)N(C)[C@@H](C)C(=O)N(C)[C@@H](CC(C)C)C(=O)N[C@H](C(=O)N2CCCCC2)CC(=O)N(C)[C@H](C)C(=O)N(C)[C@@H](Cc2ccccc2)C(=O)N[C@@H]([C@@H](C)O)C(=O)N(C)[C@@H](C)C(=O)N(C)[C@@H](CC(C)C)C(=O)NCC(=O)N1C,-4.890499999999999,1.4530411958694458
"PEPTIDE1{[meA].[meF].T.[meA].[meL].G.[meL].[meA].[meL].D.[-pip]}$PEPTIDE1,PEPTIDE1,1:R1-10:R3$$$",CC(C)C[C@H]1C(=O)N(C)[C@@H](C)C(=O)N(C)[C@@H](CC(C)C)C(=O)N[C@H](C(=O)N2CCCCC2)CC(=O)N(C)[C@@H](C)C(=O)N(C)[C@@H](Cc2ccccc2)C(=O)N[C@@H]([C@@H](C)O)C(=O)N(C)[C@@H](C)C(=O)N(C)[C@@H](CC(C)C)C(=O)NCC(=O)N1C,-4.890499999999999,1.4530411958694458
"PEPTIDE1{[dA].[meA].[meF].[meL].T.[Sar].[meL].[Ser(tBu)].[meL].D.P.V.L.[-pip]}$PEPTIDE1,PEPTIDE1,1:R1-10:R3$$$",CC(C)C[C@H](NC(=O)[C@@H](NC(=O)[C@@H]1CCCN1C(=O)[C@@H]1CC(=O)N[C@H](C)C(=O)N(C)[C@@H](C)C(=O)N(C)[C@@H](Cc2ccccc2)C(=O)N(C)[C@@H](CC(C)C)C(=O)N[C@@H]([C@@H](C)O)C(=O)N(C)CC(=O)N(C)[C@@H](CC(C)C)C(=O)N[C@@H](COC(C)(C)C)C(=O)N(C)[C@@H](CC(C)C)C(=O)N1)C(C)C)C(=O)N1CCCCC1,-4.890758333333335,1.8680684566497805
"PEPTIDE1{T.[meF].L.P.V.F.[Sar].L.A.[meI].[Mono11].[-pip]}$PEPTIDE1,PEPTIDE1,1:R1-11:R3$$$",CC[C@H](C)[C@H]1C(=O)N[C@H](C(=O)N2CCCCC2)Cc2ccc(cc2)CCCCCC(=O)N[C@@H]([C@@H](C)O)C(=O)N(C)[C@@H](Cc2ccccc2)C(=O)N[C@@H](CC(C)C)C(=O)N2CCC[C@H]2C(=O)N[C@@H](C(C)C)C(=O)N[C@@H](Cc2ccccc2)C(=O)N(C)CC(=O)N[C@@H](CC(C)C)C(=O)N[C@@H](C)C(=O)N1C,-4.891879999999994,1.8800088167190552
"PEPTIDE1{[Me_Bal].[meA].[meF].[meL].T.[meA].[meL].[Ser(tBu)].D.[-pip]}$PEPTIDE1,PEPTIDE1,1:R1-9:R3$$$",CC(C)C[C@H]1C(=O)N[C@@H](COC(C)(C)C)C(=O)N[C@H](C(=O)N2CCCCC2)CC(=O)N(C)CCC(=O)N(C)[C@@H](C)C(=O)N(C)[C@@H](Cc2ccccc2)C(=O)N(C)[C@@H](CC(C)C)C(=O)N[C@@H]([C@@H](C)O)C(=O)N(C)[C@@H](C)C(=O)N1C,-4.893399999999994,1.641698122024536
"PEPTIDE1{[dV].A.T.[meA].F.[meL].[meF].D.[-pip]}$PEPTIDE1,PEPTIDE1,1:R1-8:R3$$$",CC(C)C[C@H]1C(=O)N(C)[C@@H](Cc2ccccc2)C(=O)N[C@H](C(=O)N2CCCCC2)CC(=O)N[C@H](C(C)C)C(=O)N[C@@H](C)C(=O)N[C@@H]([C@@H](C)O)C(=O)N(C)[C@@H](C)C(=O)N[C@@H](Cc2ccccc2)C(=O)N1C,-4.893781898496239,1.5861378908157349
"PEPTIDE1{L.P.[meV].F.[Sar].[meL].A.[meI].[Mono9].[-pip]}$PEPTIDE1,PEPTIDE1,1:R1-9:R3$$$",C=C1CCC(=O)N[C@@H](CC(C)C)C(=O)N2CCC[C@H]2C(=O)N(C)[C@@H](C(C)C)C(=O)N[C@@H](Cc2ccccc2)C(=O)N(C)CC(=O)N(C)[C@@H](CC(C)C)C(=O)N[C@@H](C)C(=O)N(C)[C@@H]([C@@H](C)CC)C(=O)N[C@H](C(=O)N2CCCCC2)Cc2ccc1cc2,-4.897957222222231,1.831143498420715
"PEPTIDE1{L.[Me_dL].[meL].L.[Me_dA].[meF]}$PEPTIDE1,PEPTIDE1,1:R1-6:R2$$$",CC(C)C[C@@H]1NC(=O)[C@H](CC(C)C)N(C)C(=O)[C@@H](CC(C)C)N(C)C(=O)[C@H](CC(C)C)NC(=O)[C@H](Cc2ccccc2)N(C)C(=O)[C@@H](C)N(C)C1=O,-4.899781650629533,1.5580971240997314
"PEPTIDE1{[meA].L.L.[Aib].L.[Sar].T.F.L.[meV].D.[-pip]}$PEPTIDE1,PEPTIDE1,1:R1-11:R3$$$",CC(C)C[C@@H]1NC(=O)[C@H](CC(C)C)NC(=O)[C@H](C)N(C)C(=O)C[C@@H](C(=O)N2CCCCC2)NC(=O)[C@H](C(C)C)N(C)C(=O)[C@H](CC(C)C)NC(=O)[C@H](Cc2ccccc2)NC(=O)[C@H]([C@@H](C)O)NC(=O)CN(C)C(=O)[C@H](CC(C)C)NC(=O)C(C)(C)NC1=O,-4.901475000000001,1.7237805128097534
"PEPTIDE1{L.[meA].L.[dP].P.L.[meA].L.[Me_dA].[meV]}$PEPTIDE1,PEPTIDE1,1:R1-10:R2$$$",CC(C)C[C@@H]1NC(=O)[C@H](C)N(C)C(=O)[C@H](CC(C)C)NC(=O)[C@@H]2CCCN2C(=O)[C@H]2CCCN2C(=O)[C@H](CC(C)C)NC(=O)[C@H](C)N(C)C(=O)[C@H](CC(C)C)NC(=O)[C@H](C(C)C)N(C)C(=O)[C@@H](C)N(C)C1=O,-4.904577137561027,1.4163951873779297
"PEPTIDE1{[Mono6].[meA].[meL].T.[Sar].[meL].[meF].D.[-pip]}$PEPTIDE1,PEPTIDE1,1:R1-8:R3$$$",CC(C)C[C@H]1C(=O)N(C)[C@@H](Cc2ccccc2)C(=O)N[C@H](C(=O)N2CCCCC2)CC(=O)N(C)CCCC(=O)N(C)[C@@H](C)C(=O)N(C)[C@@H](CC(C)C)C(=O)N[C@@H]([C@@H](C)O)C(=O)N(C)CC(=O)N1C,-4.9054928571428595,1.6387290954589844
"PEPTIDE1{[Sar].T.[meA].[Ser(tBu)].[meF].[meL].[meF].G.D.[-pip]}$PEPTIDE1,PEPTIDE1,1:R1-9:R3$$$",CC(C)C[C@H]1C(=O)N(C)[C@@H](Cc2ccccc2)C(=O)NCC(=O)N[C@H](C(=O)N2CCCCC2)CC(=O)N(C)CC(=O)N[C@@H]([C@@H](C)O)C(=O)N(C)[C@@H](C)C(=O)N[C@@H](COC(C)(C)C)C(=O)N(C)[C@@H](Cc2ccccc2)C(=O)N1C,-4.906500000000002,1.559714436531067
"PEPTIDE1{[dA].I.[meA].[meV].T.[meA].[meL].A.[meF].D.[meF].A.[-pip]}$PEPTIDE1,PEPTIDE1,1:R1-10:R3$$$",CC[C@H](C)[C@@H]1NC(=O)[C@@H](C)NC(=O)C[C@@H](C(=O)N(C)[C@@H](Cc2ccccc2)C(=O)N[C@@H](C)C(=O)N2CCCCC2)NC(=O)[C@H](Cc2ccccc2)N(C)C(=O)[C@H](C)NC(=O)[C@H](CC(C)C)N(C)C(=O)[C@H](C)N(C)C(=O)[C@H]([C@@H](C)O)NC(=O)[C@H](C(C)C)N(C)C(=O)[C@H](C)N(C)C1=O,-4.906799999999999,1.973641276359558
"PEPTIDE1{[Pr_Gly].[Me_dL].L.[dP].[meL].F}$PEPTIDE1,PEPTIDE1,1:R1-6:R2$$$",CCCN1CC(=O)N(C)[C@H](CC(C)C)C(=O)N[C@@H](CC(C)C)C(=O)N2CCC[C@@H]2C(=O)N(C)[C@@H](CC(C)C)C(=O)N[C@@H](Cc2ccccc2)C1=O,-4.909818928988111,1.4330735206604004
"PEPTIDE1{[Pr_Gly].[Me_dL].L.P.[Me_dL].F}$PEPTIDE1,PEPTIDE1,1:R1-6:R2$$$",CCCN1CC(=O)N(C)[C@H](CC(C)C)C(=O)N[C@@H](CC(C)C)C(=O)N2CCC[C@H]2C(=O)N(C)[C@H](CC(C)C)C(=O)N[C@@H](Cc2ccccc2)C1=O,-4.909818928988111,1.4330735206604004
"PEPTIDE1{[Pr_Gly].[meL].[dL].[dP].[Me_dL].F}$PEPTIDE1,PEPTIDE1,1:R1-6:R2$$$",CCCN1CC(=O)N(C)[C@@H](CC(C)C)C(=O)N[C@H](CC(C)C)C(=O)N2CCC[C@@H]2C(=O)N(C)[C@H](CC(C)C)C(=O)N[C@@H](Cc2ccccc2)C1=O,-4.909818928988111,1.4330735206604004
"PEPTIDE1{[Pr_Gly].[Me_dL].[dL].[dP].[meL].F}$PEPTIDE1,PEPTIDE1,1:R1-6:R2$$$",CCCN1CC(=O)N(C)[C@H](CC(C)C)C(=O)N[C@H](CC(C)C)C(=O)N2CCC[C@@H]2C(=O)N(C)[C@@H](CC(C)C)C(=O)N[C@@H](Cc2ccccc2)C1=O,-4.909818928988111,1.4330735206604004
"PEPTIDE1{[Pr_Gly].[meL].[dL].P.[Me_dL].F}$PEPTIDE1,PEPTIDE1,1:R1-6:R2$$$",CCCN1CC(=O)N(C)[C@@H](CC(C)C)C(=O)N[C@H](CC(C)C)C(=O)N2CCC[C@H]2C(=O)N(C)[C@H](CC(C)C)C(=O)N[C@@H](Cc2ccccc2)C1=O,-4.909818928988111,1.4330735206604004
"PEPTIDE1{[Pr_Gly].[Me_dL].L.[dP].[Me_dL].F}$PEPTIDE1,PEPTIDE1,1:R1-6:R2$$$",CCCN1CC(=O)N(C)[C@H](CC(C)C)C(=O)N[C@@H](CC(C)C)C(=O)N2CCC[C@@H]2C(=O)N(C)[C@H](CC(C)C)C(=O)N[C@@H](Cc2ccccc2)C1=O,-4.909818928988111,1.4330735206604004
"PEPTIDE1{[Pr_Gly].[meL].[dL].[dP].[meL].F}$PEPTIDE1,PEPTIDE1,1:R1-6:R2$$$",CCCN1CC(=O)N(C)[C@@H](CC(C)C)C(=O)N[C@H](CC(C)C)C(=O)N2CCC[C@@H]2C(=O)N(C)[C@@H](CC(C)C)C(=O)N[C@@H](Cc2ccccc2)C1=O,-4.909818928988111,1.4330735206604004
"PEPTIDE1{[Pr_Gly].[meL].L.[dP].[Me_dL].F}$PEPTIDE1,PEPTIDE1,1:R1-6:R2$$$",CCCN1CC(=O)N(C)[C@@H](CC(C)C)C(=O)N[C@@H](CC(C)C)C(=O)N2CCC[C@@H]2C(=O)N(C)[C@H](CC(C)C)C(=O)N[C@@H](Cc2ccccc2)C1=O,-4.909818928988111,1.4330735206604004
"PEPTIDE1{[Pr_Gly].[Me_dL].[dL].[dP].[Me_dL].F}$PEPTIDE1,PEPTIDE1,1:R1-6:R2$$$",CCCN1CC(=O)N(C)[C@H](CC(C)C)C(=O)N[C@H](CC(C)C)C(=O)N2CCC[C@@H]2C(=O)N(C)[C@H](CC(C)C)C(=O)N[C@@H](Cc2ccccc2)C1=O,-4.909818928988111,1.4330735206604004
"PEPTIDE1{[Pr_Gly].[Me_dL].L.P.[meL].F}$PEPTIDE1,PEPTIDE1,1:R1-6:R2$$$",CCCN1CC(=O)N(C)[C@H](CC(C)C)C(=O)N[C@@H](CC(C)C)C(=O)N2CCC[C@H]2C(=O)N(C)[C@@H](CC(C)C)C(=O)N[C@@H](Cc2ccccc2)C1=O,-4.909818928988111,1.4330735206604004
"PEPTIDE1{[Pr_Gly].[Me_dL].[dL].P.[Me_dL].F}$PEPTIDE1,PEPTIDE1,1:R1-6:R2$$$",CCCN1CC(=O)N(C)[C@H](CC(C)C)C(=O)N[C@H](CC(C)C)C(=O)N2CCC[C@H]2C(=O)N(C)[C@H](CC(C)C)C(=O)N[C@@H](Cc2ccccc2)C1=O,-4.909818928988111,1.4330735206604004
"PEPTIDE1{[Pr_Gly].[meL].L.P.[Me_dL].F}$PEPTIDE1,PEPTIDE1,1:R1-6:R2$$$",CCCN1CC(=O)N(C)[C@@H](CC(C)C)C(=O)N[C@@H](CC(C)C)C(=O)N2CCC[C@H]2C(=O)N(C)[C@H](CC(C)C)C(=O)N[C@@H](Cc2ccccc2)C1=O,-4.909818928988111,1.4330735206604004
"PEPTIDE1{[Pr_Gly].[meL].L.[dP].[meL].F}$PEPTIDE1,PEPTIDE1,1:R1-6:R2$$$",CCCN1CC(=O)N(C)[C@@H](CC(C)C)C(=O)N[C@@H](CC(C)C)C(=O)N2CCC[C@@H]2C(=O)N(C)[C@@H](CC(C)C)C(=O)N[C@@H](Cc2ccccc2)C1=O,-4.909818928988111,1.4330735206604004
"PEPTIDE1{[Pr_Gly].[meL].L.P.[meL].F}$PEPTIDE1,PEPTIDE1,1:R1-6:R2$$$",CCCN1CC(=O)N(C)[C@@H](CC(C)C)C(=O)N[C@@H](CC(C)C)C(=O)N2CCC[C@H]2C(=O)N(C)[C@@H](CC(C)C)C(=O)N[C@@H](Cc2ccccc2)C1=O,-4.909818928988111,1.4330735206604004
"PEPTIDE1{F.[pentyl_Gly].[dL].[Nle].[dP].[Mono34]}$PEPTIDE1,PEPTIDE1,1:R1-6:R2$$$",CCCCCN1CC(=O)N[C@H](CC(C)C)C(=O)N[C@@H](CCCC)C(=O)N2CCC[C@@H]2C(=O)N(CCCOC(C)C)CC(=O)N[C@@H](Cc2ccccc2)C1=O,-4.91046988095238,1.411678433418274
"PEPTIDE1{F.[pentyl_Gly].L.[Nle].P.[Mono34]}$PEPTIDE1,PEPTIDE1,1:R1-6:R2$$$",CCCCCN1CC(=O)N[C@@H](CC(C)C)C(=O)N[C@@H](CCCC)C(=O)N2CCC[C@H]2C(=O)N(CCCOC(C)C)CC(=O)N[C@@H](Cc2ccccc2)C1=O,-4.91046988095238,1.411678433418274
"PEPTIDE1{[dF].[pentyl_Gly].L.[Nle].[dP].[Mono34]}$PEPTIDE1,PEPTIDE1,1:R1-6:R2$$$",CCCCCN1CC(=O)N[C@@H](CC(C)C)C(=O)N[C@@H](CCCC)C(=O)N2CCC[C@@H]2C(=O)N(CCCOC(C)C)CC(=O)N[C@H](Cc2ccccc2)C1=O,-4.91046988095238,1.411678433418274
"PEPTIDE1{F.[pentyl_Gly].[dL].[Nle].P.[Mono34]}$PEPTIDE1,PEPTIDE1,1:R1-6:R2$$$",CCCCCN1CC(=O)N[C@H](CC(C)C)C(=O)N[C@@H](CCCC)C(=O)N2CCC[C@H]2C(=O)N(CCCOC(C)C)CC(=O)N[C@@H](Cc2ccccc2)C1=O,-4.91046988095238,1.411678433418274
"PEPTIDE1{F.[pentyl_Gly].L.[Nle].[dP].[Mono34]}$PEPTIDE1,PEPTIDE1,1:R1-6:R2$$$",CCCCCN1CC(=O)N[C@@H](CC(C)C)C(=O)N[C@@H](CCCC)C(=O)N2CCC[C@@H]2C(=O)N(CCCOC(C)C)CC(=O)N[C@@H](Cc2ccccc2)C1=O,-4.91046988095238,1.411678433418274
"PEPTIDE1{[dF].[pentyl_Gly].[dL].[Nle].[dP].[Mono34]}$PEPTIDE1,PEPTIDE1,1:R1-6:R2$$$",CCCCCN1CC(=O)N[C@H](CC(C)C)C(=O)N[C@@H](CCCC)C(=O)N2CCC[C@@H]2C(=O)N(CCCOC(C)C)CC(=O)N[C@H](Cc2ccccc2)C1=O,-4.91046988095238,1.411678433418274
"PEPTIDE1{[dF].[pentyl_Gly].L.[Nle].P.[Mono34]}$PEPTIDE1,PEPTIDE1,1:R1-6:R2$$$",CCCCCN1CC(=O)N[C@@H](CC(C)C)C(=O)N[C@@H](CCCC)C(=O)N2CCC[C@H]2C(=O)N(CCCOC(C)C)CC(=O)N[C@H](Cc2ccccc2)C1=O,-4.91046988095238,1.411678433418274
"PEPTIDE1{[dF].[pentyl_Gly].[dL].[Nle].P.[Mono34]}$PEPTIDE1,PEPTIDE1,1:R1-6:R2$$$",CCCCCN1CC(=O)N[C@H](CC(C)C)C(=O)N[C@@H](CCCC)C(=O)N2CCC[C@H]2C(=O)N(CCCOC(C)C)CC(=O)N[C@H](Cc2ccccc2)C1=O,-4.91046988095238,1.411678433418274
"PEPTIDE1{[dV].[meA].[meF].[meL].H.[Sar].V.[meL].[meL].D.[meF].A.[-pip]}$PEPTIDE1,PEPTIDE1,1:R1-10:R3$$$",CC(C)C[C@H]1C(=O)N(C)[C@@H](CC(C)C)C(=O)N[C@H](C(=O)N(C)[C@@H](Cc2ccccc2)C(=O)N[C@@H](C)C(=O)N2CCCCC2)CC(=O)N[C@H](C(C)C)C(=O)N(C)[C@@H](C)C(=O)N(C)[C@@H](Cc2ccccc2)C(=O)N(C)[C@@H](CC(C)C)C(=O)N[C@@H](Cc2cnc[nH]2)C(=O)N(C)CC(=O)N[C@@H](C(C)C)C(=O)N1C,-4.9107601190476124,2.4657866954803467
"PEPTIDE1{A.F.[meA].[meV].T.[meA].I.[meL].[meA].D.[meF].A.[-pip]}$PEPTIDE1,PEPTIDE1,1:R1-10:R3$$$",CC[C@H](C)[C@@H]1NC(=O)[C@H](C)N(C)C(=O)[C@H]([C@@H](C)O)NC(=O)[C@H](C(C)C)N(C)C(=O)[C@H](C)N(C)C(=O)[C@H](Cc2ccccc2)NC(=O)[C@H](C)NC(=O)C[C@@H](C(=O)N(C)[C@@H](Cc2ccccc2)C(=O)N[C@@H](C)C(=O)N2CCCCC2)NC(=O)[C@H](C)N(C)C(=O)[C@H](CC(C)C)N(C)C1=O,-4.912999999999998,2.4747490882873535
"PEPTIDE1{[dF].[cHexCH2_Gly].[dL].[Nle].[dP].[Et_Gly]}$PEPTIDE1,PEPTIDE1,1:R1-6:R2$$$",CCCC[C@@H]1NC(=O)[C@@H](CC(C)C)NC(=O)CN(CC2CCCCC2)C(=O)[C@@H](Cc2ccccc2)NC(=O)CN(CC)C(=O)[C@H]2CCCN2C1=O,-4.91369833333333,2.1670541763305664
"PEPTIDE1{F.[cHexCH2_Gly].L.[Nle].P.[Et_Gly]}$PEPTIDE1,PEPTIDE1,1:R1-6:R2$$$",CCCC[C@@H]1NC(=O)[C@H](CC(C)C)NC(=O)CN(CC2CCCCC2)C(=O)[C@H](Cc2ccccc2)NC(=O)CN(CC)C(=O)[C@@H]2CCCN2C1=O,-4.91369833333333,2.1670541763305664
"PEPTIDE1{[dF].[cHexCH2_Gly].[dL].[Nle].P.[Et_Gly]}$PEPTIDE1,PEPTIDE1,1:R1-6:R2$$$",CCCC[C@@H]1NC(=O)[C@@H](CC(C)C)NC(=O)CN(CC2CCCCC2)C(=O)[C@@H](Cc2ccccc2)NC(=O)CN(CC)C(=O)[C@@H]2CCCN2C1=O,-4.91369833333333,2.1670541763305664
"PEPTIDE1{[dF].[cHexCH2_Gly].L.[Nle].[dP].[Et_Gly]}$PEPTIDE1,PEPTIDE1,1:R1-6:R2$$$",CCCC[C@@H]1NC(=O)[C@H](CC(C)C)NC(=O)CN(CC2CCCCC2)C(=O)[C@@H](Cc2ccccc2)NC(=O)CN(CC)C(=O)[C@H]2CCCN2C1=O,-4.91369833333333,2.1670541763305664
"PEPTIDE1{F.[cHexCH2_Gly].[dL].[Nle].[dP].[Et_Gly]}$PEPTIDE1,PEPTIDE1,1:R1-6:R2$$$",CCCC[C@@H]1NC(=O)[C@@H](CC(C)C)NC(=O)CN(CC2CCCCC2)C(=O)[C@H](Cc2ccccc2)NC(=O)CN(CC)C(=O)[C@H]2CCCN2C1=O,-4.91369833333333,2.1670541763305664
"PEPTIDE1{[dF].[cHexCH2_Gly].L.[Nle].P.[Et_Gly]}$PEPTIDE1,PEPTIDE1,1:R1-6:R2$$$",CCCC[C@@H]1NC(=O)[C@H](CC(C)C)NC(=O)CN(CC2CCCCC2)C(=O)[C@@H](Cc2ccccc2)NC(=O)CN(CC)C(=O)[C@@H]2CCCN2C1=O,-4.91369833333333,2.1670541763305664
"PEPTIDE1{F.[cHexCH2_Gly].[dL].[Nle].P.[Et_Gly]}$PEPTIDE1,PEPTIDE1,1:R1-6:R2$$$",CCCC[C@@H]1NC(=O)[C@@H](CC(C)C)NC(=O)CN(CC2CCCCC2)C(=O)[C@H](Cc2ccccc2)NC(=O)CN(CC)C(=O)[C@@H]2CCCN2C1=O,-4.91369833333333,2.1670541763305664
"PEPTIDE1{F.[cHexCH2_Gly].L.[Nle].[dP].[Et_Gly]}$PEPTIDE1,PEPTIDE1,1:R1-6:R2$$$",CCCC[C@@H]1NC(=O)[C@H](CC(C)C)NC(=O)CN(CC2CCCCC2)C(=O)[C@H](Cc2ccccc2)NC(=O)CN(CC)C(=O)[C@H]2CCCN2C1=O,-4.91369833333333,2.1670541763305664
"PEPTIDE1{L.[Me_dL].[meL].L.[dP].[2-pyridylmethyl_Gly]}$PEPTIDE1,PEPTIDE1,1:R1-6:R2$$$",CC(C)C[C@@H]1NC(=O)CN(Cc2ccccn2)C(=O)[C@H]2CCCN2C(=O)[C@H](CC(C)C)NC(=O)[C@H](CC(C)C)N(C)C(=O)[C@@H](CC(C)C)N(C)C1=O,-4.915297883416246,1.5161330699920654
"PEPTIDE1{A.G.[meL].[meA].[meA].[meF].T.[meF].[meL].P.[Mono7]}$PEPTIDE1,PEPTIDE1,1:R1-11:R2$$$",CC(C)C[C@H]1C(=O)N(C)[C@@H](C)C(=O)N(C)[C@@H](C)C(=O)N(C)[C@@H](Cc2ccccc2)C(=O)N[C@@H]([C@@H](C)O)C(=O)N(C)[C@@H](Cc2ccccc2)C(=O)N(C)[C@@H](CC(C)C)C(=O)N2CCC[C@H]2C(=O)N[C@@H](C)CC(=O)N[C@@H](C)C(=O)NCC(=O)N1C,-4.916799999999995,1.9197784662246704
"PEPTIDE1{V.[meF].[meL].[Ser(tBu)].[Sar].T.D.[-pip]}$PEPTIDE1,PEPTIDE1,1:R1-7:R3$$$",CC(C)C[C@H]1C(=O)N[C@@H](COC(C)(C)C)C(=O)N(C)CC(=O)N[C@@H]([C@@H](C)O)C(=O)N[C@H](C(=O)N2CCCCC2)CC(=O)N[C@@H](C(C)C)C(=O)N(C)[C@@H](Cc2ccccc2)C(=O)N1C,-4.916823611111112,1.262374997138977
"PEPTIDE1{L.F.[dP].L.L.I}$PEPTIDE1,PEPTIDE1,1:R1-6:R2$$$",CC[C@H](C)[C@@H]1NC(=O)[C@H](CC(C)C)NC(=O)[C@H](CC(C)C)NC(=O)[C@H]2CCCN2C(=O)[C@H](Cc2ccccc2)NC(=O)[C@H](CC(C)C)NC1=O,-4.9183410683760656,1.0791255235671997
"PEPTIDE1{L.F.P.L.L.I}$PEPTIDE1,PEPTIDE1,1:R1-6:R2$$$",CC[C@H](C)[C@@H]1NC(=O)[C@H](CC(C)C)NC(=O)[C@H](CC(C)C)NC(=O)[C@@H]2CCCN2C(=O)[C@H](Cc2ccccc2)NC(=O)[C@H](CC(C)C)NC1=O,-4.9183410683760656,1.0791255235671997
"PEPTIDE1{[Me_Bal].[meL].[meA].I.[meL].T.[meA].[meF].[meF].[meL].D.[meF].A.[-pip]}$PEPTIDE1,PEPTIDE1,1:R1-11:R3$$$",CC[C@H](C)[C@@H]1NC(=O)[C@H](C)N(C)C(=O)[C@H](CC(C)C)N(C)C(=O)CCN(C)C(=O)C[C@@H](C(=O)N(C)[C@@H](Cc2ccccc2)C(=O)N[C@@H](C)C(=O)N2CCCCC2)NC(=O)[C@H](CC(C)C)N(C)C(=O)[C@H](Cc2ccccc2)N(C)C(=O)[C@H](Cc2ccccc2)N(C)C(=O)[C@H](C)N(C)C(=O)[C@H]([C@@H](C)O)NC(=O)[C@H](CC(C)C)N(C)C1=O,-4.919699999999997,2.1525886058807373
"PEPTIDE1{L.P.V.F.[Sar].L.A.[meI].[Mono11].[-pip]}$PEPTIDE1,PEPTIDE1,1:R1-9:R3$$$",CC[C@H](C)[C@H]1C(=O)N[C@H](C(=O)N2CCCCC2)Cc2ccc(cc2)CCCCCC(=O)N[C@@H](CC(C)C)C(=O)N2CCC[C@H]2C(=O)N[C@@H](C(C)C)C(=O)N[C@@H](Cc2ccccc2)C(=O)N(C)CC(=O)N[C@@H](CC(C)C)C(=O)N[C@@H](C)C(=O)N1C,-4.9207565981129235,1.848605990409851
"PEPTIDE1{[Mono6].V.[meL].T.[meF].G.[meL].[meV].F.D.[meF].A.[-pip]}$PEPTIDE1,PEPTIDE1,1:R1-10:R3$$$",CC(C)C[C@H]1C(=O)N(C)[C@@H](C(C)C)C(=O)N[C@@H](Cc2ccccc2)C(=O)N[C@H](C(=O)N(C)[C@@H](Cc2ccccc2)C(=O)N[C@@H](C)C(=O)N2CCCCC2)CC(=O)N(C)CCCC(=O)N[C@@H](C(C)C)C(=O)N(C)[C@@H](CC(C)C)C(=O)N[C@@H]([C@@H](C)O)C(=O)N(C)[C@@H](Cc2ccccc2)C(=O)NCC(=O)N1C,-4.921823333333333,1.7953351736068726
"PEPTIDE1{A.[meA].[meF].[meL].T.[Sar].[meL].[Ser(tBu)].D.[-pip]}$PEPTIDE1,PEPTIDE1,1:R1-9:R3$$$",CC(C)C[C@H]1C(=O)N[C@@H](COC(C)(C)C)C(=O)N[C@H](C(=O)N2CCCCC2)CC(=O)N[C@@H](C)C(=O)N(C)[C@@H](C)C(=O)N(C)[C@@H](Cc2ccccc2)C(=O)N(C)[C@@H](CC(C)C)C(=O)N[C@@H]([C@@H](C)O)C(=O)N(C)CC(=O)N1C,-4.922033333333332,1.5351454019546509
"PEPTIDE1{A.L.[Sar].L.[meI].[meA].F.T.F.[meL].P.D.[-pip]}$PEPTIDE1,PEPTIDE1,1:R1-12:R3$$$",CC[C@H](C)[C@H]1C(=O)N(C)[C@@H](C)C(=O)N[C@@H](Cc2ccccc2)C(=O)N[C@@H]([C@@H](C)O)C(=O)N[C@@H](Cc2ccccc2)C(=O)N(C)[C@@H](CC(C)C)C(=O)N2CCC[C@H]2C(=O)N[C@H](C(=O)N2CCCCC2)CC(=O)N[C@@H](C)C(=O)N[C@@H](CC(C)C)C(=O)N(C)CC(=O)N[C@@H](CC(C)C)C(=O)N1C,-4.922136962365591,2.01271915435791
"PEPTIDE1{[Me_Bal].F.[meV].[meA].T.[meA].[meL].I.[meA].D.[meF].A.[-pip]}$PEPTIDE1,PEPTIDE1,1:R1-10:R3$$$",CC[C@H](C)[C@@H]1NC(=O)[C@H](CC(C)C)N(C)C(=O)[C@H](C)N(C)C(=O)[C@H]([C@@H](C)O)NC(=O)[C@H](C)N(C)C(=O)[C@H](C(C)C)N(C)C(=O)[C@H](Cc2ccccc2)NC(=O)CCN(C)C(=O)C[C@@H](C(=O)N(C)[C@@H](Cc2ccccc2)C(=O)N[C@@H](C)C(=O)N2CCCCC2)NC(=O)[C@H](C)N(C)C1=O,-4.923399999999996,1.9972732067108152
"PEPTIDE1{[meL].[Ala(5-Tet)].[meL].V.[meF].[meF].L.[meL].D.[-pip]}$PEPTIDE1,PEPTIDE1,1:R1-9:R3$$$",CC(C)C[C@@H]1NC(=O)[C@H](Cc2ccccc2)N(C)C(=O)[C@H](Cc2ccccc2)N(C)C(=O)[C@H](C(C)C)NC(=O)[C@H](CC(C)C)N(C)C(=O)[C@H](Cc2nnn[nH]2)NC(=O)[C@H](CC(C)C)N(C)C(=O)C[C@@H](C(=O)N2CCCCC2)NC(=O)[C@H](CC(C)C)N(C)C1=O,-4.927870217391309,1.517227292060852
"PEPTIDE1{[Me_Bal].[Sar].T.F.[meV].A.[meL].[meV].[meA].D.[meF].[meF].A.[-pip]}$PEPTIDE1,PEPTIDE1,1:R1-10:R3$$$",CC(C)C[C@H]1C(=O)N(C)[C@@H](C(C)C)C(=O)N(C)[C@@H](C)C(=O)N[C@H](C(=O)N(C)[C@@H](Cc2ccccc2)C(=O)N(C)[C@@H](Cc2ccccc2)C(=O)N[C@@H](C)C(=O)N2CCCCC2)CC(=O)N(C)CCC(=O)N(C)CC(=O)N[C@@H]([C@@H](C)O)C(=O)N[C@@H](Cc2ccccc2)C(=O)N(C)[C@@H](C(C)C)C(=O)N[C@@H](C)C(=O)N1C,-4.928149999999991,1.8552806377410889
"PEPTIDE1{[Me_dA].[meF].A.[meL].T.F.[meI].[meA].[Ser(tBu)].[meL].[meL].D.[-pip]}$PEPTIDE1,PEPTIDE1,1:R1-12:R3$$$",CC[C@H](C)[C@H]1C(=O)N(C)[C@@H](C)C(=O)N[C@@H](COC(C)(C)C)C(=O)N(C)[C@@H](CC(C)C)C(=O)N(C)[C@@H](CC(C)C)C(=O)N[C@H](C(=O)N2CCCCC2)CC(=O)N(C)[C@H](C)C(=O)N(C)[C@@H](Cc2ccccc2)C(=O)N[C@@H](C)C(=O)N(C)[C@@H](CC(C)C)C(=O)N[C@@H]([C@@H](C)O)C(=O)N[C@@H](Cc2ccccc2)C(=O)N1C,-4.929999999999996,1.7966578006744385
"PEPTIDE1{F.A.[Mono86]}$PEPTIDE1,PEPTIDE1,1:R1-3:R2$$$",CC(C)C[C@@H]1NCCCCCCNC(=O)[C@H](C)NC(=O)[C@H](Cc2ccccc2)NC1=O,-4.931534963104528,1.7946816682815552
"PEPTIDE1{[meA].[meF].[meL].T.[Sar].[meL].D.[-pip]}$PEPTIDE1,PEPTIDE1,1:R1-7:R3$$$",CC(C)C[C@H]1C(=O)N[C@H](C(=O)N2CCCCC2)CC(=O)N(C)[C@@H](C)C(=O)N(C)[C@@H](Cc2ccccc2)C(=O)N(C)[C@@H](CC(C)C)C(=O)N[C@@H]([C@@H](C)O)C(=O)N(C)CC(=O)N1C,-4.93347774003774,1.4003466367721558
"PEPTIDE1{[Me_Bal].L.L.[Sar].L.T.A.F.L.[meL].D.[-pip]}$PEPTIDE1,PEPTIDE1,1:R1-11:R3$$$",CC(C)C[C@@H]1NC(=O)CCN(C)C(=O)C[C@@H](C(=O)N2CCCCC2)NC(=O)[C@H](CC(C)C)N(C)C(=O)[C@H](CC(C)C)NC(=O)[C@H](Cc2ccccc2)NC(=O)[C@H](C)NC(=O)[C@H]([C@@H](C)O)NC(=O)[C@H](CC(C)C)NC(=O)CN(C)C(=O)[C@H](CC(C)C)NC1=O,-4.936000000000007,2.026543617248535
"PEPTIDE1{L.[Me_dAbu].[Me_Abu].L.[dP].[meY]}$PEPTIDE1,PEPTIDE1,1:R1-6:R2$$$",CC[C@@H]1C(=O)N(C)[C@@H](CC)C(=O)N[C@@H](CC(C)C)C(=O)N2CCC[C@@H]2C(=O)N(C)[C@@H](Cc2ccc(O)cc2)C(=O)N[C@@H](CC(C)C)C(=O)N1C,-4.9370097527472465,1.1555017232894895
"PEPTIDE1{[Me_Bal].[meV].T.[meA].[meF].[meA].[Sar].[meF].[meL].I.D.[-pip]}$PEPTIDE1,PEPTIDE1,1:R1-11:R3$$$",CC[C@H](C)[C@@H]1NC(=O)[C@H](CC(C)C)N(C)C(=O)[C@H](Cc2ccccc2)N(C)C(=O)CN(C)C(=O)[C@H](C)N(C)C(=O)[C@H](Cc2ccccc2)N(C)C(=O)[C@H](C)N(C)C(=O)[C@H]([C@@H](C)O)NC(=O)[C@H](C(C)C)N(C)C(=O)CCN(C)C(=O)C[C@@H](C(=O)N2CCCCC2)NC1=O,-4.939800000000006,1.655658483505249
"PEPTIDE1{[meA].T.[Sar].[meL].I.[meL].[meF].[meL].D.[meA].L.V.[meA].A.[-pip]}$PEPTIDE1,PEPTIDE1,1:R1-9:R3$$$",CC[C@H](C)[C@@H]1NC(=O)[C@H](CC(C)C)N(C)C(=O)CN(C)C(=O)[C@H]([C@@H](C)O)NC(=O)[C@H](C)N(C)C(=O)C[C@@H](C(=O)N(C)[C@@H](C)C(=O)N[C@@H](CC(C)C)C(=O)N[C@H](C(=O)N(C)[C@@H](C)C(=O)N[C@@H](C)C(=O)N2CCCCC2)C(C)C)NC(=O)[C@H](CC(C)C)N(C)C(=O)[C@H](Cc2ccccc2)N(C)C(=O)[C@H](CC(C)C)N(C)C1=O,-4.940500000000005,1.4786903858184814
"PEPTIDE1{A.[Sar].T.[meF].[meF].L.D.[-pip]}$PEPTIDE1,PEPTIDE1,1:R1-7:R3$$$",CC(C)C[C@@H]1NC(=O)[C@H](Cc2ccccc2)N(C)C(=O)[C@H](Cc2ccccc2)N(C)C(=O)[C@H]([C@@H](C)O)NC(=O)CN(C)C(=O)[C@H](C)NC(=O)C[C@@H](C(=O)N2CCCCC2)NC1=O,-4.945380000000004,1.504480242729187
"PEPTIDE1{[meA].L.[meA].T.P.[Me_Phe(3-Cl)].[Phe(4-CF3)].[meI].G.[meA].L.[Mono7]}$PEPTIDE1,PEPTIDE1,1:R1-12:R2$$$",CC[C@H](C)[C@H]1C(=O)NCC(=O)N(C)[C@@H](C)C(=O)N[C@@H](CC(C)C)C(=O)N[C@@H](C)CC(=O)N(C)[C@@H](C)C(=O)N[C@@H](CC(C)C)C(=O)N(C)[C@@H](C)C(=O)N[C@@H]([C@@H](C)O)C(=O)N2CCC[C@H]2C(=O)N(C)[C@@H](Cc2cccc(Cl)c2)C(=O)N[C@@H](Cc2ccc(C(F)(F)F)cc2)C(=O)N1C,-4.946050000000005,1.108630895614624
"PEPTIDE1{[Sar].[meV].[Hph].[meL].T.[Sar].[meF].[meL].V.[meL].[Asp_piperidide]}$PEPTIDE1,PEPTIDE1,1:R1-11:R2$$$",CC(C)C[C@H]1C(=O)N[C@@H]([C@@H](C)O)C(=O)N(C)CC(=O)N(C)[C@@H](Cc2ccccc2)C(=O)N(C)[C@@H](CC(C)C)C(=O)N[C@@H](C(C)C)C(=O)N(C)[C@@H](CC(C)C)C(=O)N[C@H](C(=O)N2CCCCC2)CC(=O)N(C)CC(=O)N(C)[C@@H](C(C)C)C(=O)N[C@@H](CCc2ccccc2)C(=O)N1C,-4.946766666666669,1.4665062427520752
"PEPTIDE1{V.[Sar].[meL].T.[meF].[Ser(tBu)].D.[-pip]}$PEPTIDE1,PEPTIDE1,1:R1-7:R3$$$",CC(C)C[C@H]1C(=O)N[C@@H]([C@@H](C)O)C(=O)N(C)[C@@H](Cc2ccccc2)C(=O)N[C@@H](COC(C)(C)C)C(=O)N[C@H](C(=O)N2CCCCC2)CC(=O)N[C@@H](C(C)C)C(=O)N(C)CC(=O)N1C,-4.9483211111111105,1.278239607810974
"PEPTIDE1{[Me_Bal].A.[meF].[meV].G.T.[meA].V.[meL].D.[meF].[meF].A.[-pip]}$PEPTIDE1,PEPTIDE1,1:R1-10:R3$$$",CC(C)C[C@H]1C(=O)N[C@H](C(=O)N(C)[C@@H](Cc2ccccc2)C(=O)N(C)[C@@H](Cc2ccccc2)C(=O)N[C@@H](C)C(=O)N2CCCCC2)CC(=O)N(C)CCC(=O)N[C@@H](C)C(=O)N(C)[C@@H](Cc2ccccc2)C(=O)N(C)[C@@H](C(C)C)C(=O)NCC(=O)N[C@@H]([C@@H](C)O)C(=O)N(C)[C@@H](C)C(=O)N[C@@H](C(C)C)C(=O)N1C,-4.953733333333332,2.0972683429718018
"PEPTIDE1{G.[meL].[meI].A.[meF].T.[meL].F.[meV].[Mono11].[-pip]}$PEPTIDE1,PEPTIDE1,1:R1-10:R3$$$",CC[C@H](C)[C@H]1C(=O)N[C@@H](C)C(=O)N(C)[C@@H](Cc2ccccc2)C(=O)N[C@@H]([C@@H](C)O)C(=O)N(C)[C@@H](CC(C)C)C(=O)N[C@@H](Cc2ccccc2)C(=O)N(C)[C@@H](C(C)C)C(=O)N[C@H](C(=O)N2CCCCC2)Cc2ccc(cc2)CCCCCC(=O)NCC(=O)N(C)[C@@H](CC(C)C)C(=O)N1C,-4.956099999999997,1.4054362773895264
"PEPTIDE1{[dA].[meF].[meL].T.[Sar].[meL].D.[-pip]}$PEPTIDE1,PEPTIDE1,1:R1-7:R3$$$",CC(C)C[C@H]1C(=O)N[C@H](C(=O)N2CCCCC2)CC(=O)N[C@H](C)C(=O)N(C)[C@@H](Cc2ccccc2)C(=O)N(C)[C@@H](CC(C)C)C(=O)N[C@@H]([C@@H](C)O)C(=O)N(C)CC(=O)N1C,-4.956190279720282,1.5289483070373535
"PEPTIDE1{[Pr_Gly].[Me_dL].[Me_dL].[dP].[Me_dL].F}$PEPTIDE1,PEPTIDE1,1:R1-6:R2$$$",CCCN1CC(=O)N(C)[C@H](CC(C)C)C(=O)N(C)[C@H](CC(C)C)C(=O)N2CCC[C@@H]2C(=O)N(C)[C@H](CC(C)C)C(=O)N[C@@H](Cc2ccccc2)C1=O,-4.9562439742756395,1.831701159477234
"PEPTIDE1{[Pr_Gly].[Me_dL].[meL].P.[Me_dL].F}$PEPTIDE1,PEPTIDE1,1:R1-6:R2$$$",CCCN1CC(=O)N(C)[C@H](CC(C)C)C(=O)N(C)[C@@H](CC(C)C)C(=O)N2CCC[C@H]2C(=O)N(C)[C@H](CC(C)C)C(=O)N[C@@H](Cc2ccccc2)C1=O,-4.9562439742756395,1.831701159477234
"PEPTIDE1{[Pr_Gly].[Me_dL].[Me_dL].P.[Me_dL].F}$PEPTIDE1,PEPTIDE1,1:R1-6:R2$$$",CCCN1CC(=O)N(C)[C@H](CC(C)C)C(=O)N(C)[C@H](CC(C)C)C(=O)N2CCC[C@H]2C(=O)N(C)[C@H](CC(C)C)C(=O)N[C@@H](Cc2ccccc2)C1=O,-4.9562439742756395,1.831701159477234
"PEPTIDE1{[Pr_Gly].[meL].[Me_dL].P.[meL].F}$PEPTIDE1,PEPTIDE1,1:R1-6:R2$$$",CCCN1CC(=O)N(C)[C@@H](CC(C)C)C(=O)N(C)[C@H](CC(C)C)C(=O)N2CCC[C@H]2C(=O)N(C)[C@@H](CC(C)C)C(=O)N[C@@H](Cc2ccccc2)C1=O,-4.9562439742756395,1.831701159477234
"PEPTIDE1{[Pr_Gly].[Me_dL].[meL].P.[meL].F}$PEPTIDE1,PEPTIDE1,1:R1-6:R2$$$",CCCN1CC(=O)N(C)[C@H](CC(C)C)C(=O)N(C)[C@@H](CC(C)C)C(=O)N2CCC[C@H]2C(=O)N(C)[C@@H](CC(C)C)C(=O)N[C@@H](Cc2ccccc2)C1=O,-4.9562439742756395,1.831701159477234
"PEPTIDE1{[Pr_Gly].[Me_dL].[meL].[dP].[Me_dL].F}$PEPTIDE1,PEPTIDE1,1:R1-6:R2$$$",CCCN1CC(=O)N(C)[C@H](CC(C)C)C(=O)N(C)[C@@H](CC(C)C)C(=O)N2CCC[C@@H]2C(=O)N(C)[C@H](CC(C)C)C(=O)N[C@@H](Cc2ccccc2)C1=O,-4.9562439742756395,1.831701159477234
"PEPTIDE1{[Pr_Gly].[meL].[Me_dL].[dP].[Me_dL].F}$PEPTIDE1,PEPTIDE1,1:R1-6:R2$$$",CCCN1CC(=O)N(C)[C@@H](CC(C)C)C(=O)N(C)[C@H](CC(C)C)C(=O)N2CCC[C@@H]2C(=O)N(C)[C@H](CC(C)C)C(=O)N[C@@H](Cc2ccccc2)C1=O,-4.9562439742756395,1.831701159477234
"PEPTIDE1{[Pr_Gly].[meL].[Me_dL].P.[Me_dL].F}$PEPTIDE1,PEPTIDE1,1:R1-6:R2$$$",CCCN1CC(=O)N(C)[C@@H](CC(C)C)C(=O)N(C)[C@H](CC(C)C)C(=O)N2CCC[C@H]2C(=O)N(C)[C@H](CC(C)C)C(=O)N[C@@H](Cc2ccccc2)C1=O,-4.9562439742756395,1.831701159477234
"PEPTIDE1{[Pr_Gly].[meL].[Me_dL].[dP].[meL].F}$PEPTIDE1,PEPTIDE1,1:R1-6:R2$$$",CCCN1CC(=O)N(C)[C@@H](CC(C)C)C(=O)N(C)[C@H](CC(C)C)C(=O)N2CCC[C@@H]2C(=O)N(C)[C@@H](CC(C)C)C(=O)N[C@@H](Cc2ccccc2)C1=O,-4.9562439742756395,1.831701159477234
"PEPTIDE1{[Pr_Gly].[Me_dL].[meL].[dP].[meL].F}$PEPTIDE1,PEPTIDE1,1:R1-6:R2$$$",CCCN1CC(=O)N(C)[C@H](CC(C)C)C(=O)N(C)[C@@H](CC(C)C)C(=O)N2CCC[C@@H]2C(=O)N(C)[C@@H](CC(C)C)C(=O)N[C@@H](Cc2ccccc2)C1=O,-4.9562439742756395,1.831701159477234
"PEPTIDE1{[dV].L.T.[meA].[Phe(4-CF3)].[meL].[Me_Phe(3-Cl)].[meL].[Mono7]}$PEPTIDE1,PEPTIDE1,1:R1-9:R2$$$",CC(C)C[C@@H]1NC(=O)[C@@H](C(C)C)NC(=O)C[C@H](C)NC(=O)[C@H](CC(C)C)N(C)C(=O)[C@H](Cc2cccc(Cl)c2)N(C)C(=O)[C@H](CC(C)C)N(C)C(=O)[C@H](Cc2ccc(C(F)(F)F)cc2)NC(=O)[C@H](C)N(C)C(=O)[C@H]([C@@H](C)O)NC1=O,-4.957432358168146,1.4909015893936155
"PEPTIDE1{F.[Me_Nle].P.[meF].[Nle].[Me_Nle].[Mono100]}$PEPTIDE1,PEPTIDE1,1:R1-7:R2$$$",CCCC[C@@H]1NC(=O)[C@H](Cc2ccccc2)N(C)C(=O)[C@@H]2CCCN2C(=O)[C@H](CCCC)N(C)C(=O)[C@H](Cc2ccccc2)NC(=O)CSC[C@@H](C(=O)NC)NC(=O)[C@H](CCCC)N(C)C1=O,-4.960016666666662,2.0927159786224365
"PEPTIDE1{[Mono6].T.[meF].[meL].V.[meL].[meA].[meL].D.[meF].[meF].A.[-pip]}$PEPTIDE1,PEPTIDE1,1:R1-9:R3$$$",CC(C)C[C@H]1C(=O)N(C)[C@@H](C)C(=O)N(C)[C@@H](CC(C)C)C(=O)N[C@H](C(=O)N(C)[C@@H](Cc2ccccc2)C(=O)N(C)[C@@H](Cc2ccccc2)C(=O)N[C@@H](C)C(=O)N2CCCCC2)CC(=O)N(C)CCCC(=O)N[C@@H]([C@@H](C)O)C(=O)N(C)[C@@H](Cc2ccccc2)C(=O)N(C)[C@@H](CC(C)C)C(=O)N[C@@H](C(C)C)C(=O)N1C,-4.964500000000004,2.13793420791626
"PEPTIDE1{L.[Me_dNva].[meA].L.[dP].[meA]}$PEPTIDE1,PEPTIDE1,1:R1-6:R2$$$",CCC[C@@H]1C(=O)N(C)[C@@H](C)C(=O)N[C@@H](CC(C)C)C(=O)N2CCC[C@@H]2C(=O)N(C)[C@@H](C)C(=O)N[C@@H](CC(C)C)C(=O)N1C,-4.965752173913049,1.0851584672927856
"PEPTIDE1{[meA].F.[meL].[meA].F.[meL].A.P.[3Pal].L.D.[meF].A.[-pip]}$PEPTIDE1,PEPTIDE1,1:R1-11:R3$$$",CC(C)C[C@@H]1NC(=O)[C@H](Cc2cccnc2)NC(=O)[C@@H]2CCCN2C(=O)[C@H](C)NC(=O)[C@H](CC(C)C)N(C)C(=O)[C@H](Cc2ccccc2)NC(=O)[C@H](C)N(C)C(=O)[C@H](CC(C)C)N(C)C(=O)[C@H](Cc2ccccc2)NC(=O)[C@H](C)N(C)C(=O)C[C@@H](C(=O)N(C)[C@@H](Cc2ccccc2)C(=O)N[C@@H](C)C(=O)N2CCCCC2)NC1=O,-4.966587054309334,1.452520728111267
"PEPTIDE1{[Me_Bal].T.[meA].[meL].V.[meF].[meL].[meL].D.[meF].[meF].A.[-pip]}$PEPTIDE1,PEPTIDE1,1:R1-9:R3$$$",CC(C)C[C@H]1C(=O)N[C@@H](C(C)C)C(=O)N(C)[C@@H](Cc2ccccc2)C(=O)N(C)[C@@H](CC(C)C)C(=O)N(C)[C@@H](CC(C)C)C(=O)N[C@H](C(=O)N(C)[C@@H](Cc2ccccc2)C(=O)N(C)[C@@H](Cc2ccccc2)C(=O)N[C@@H](C)C(=O)N2CCCCC2)CC(=O)N(C)CCC(=O)N[C@@H]([C@@H](C)O)C(=O)N(C)[C@@H](C)C(=O)N1C,-4.966999999999996,2.2079806327819824
"PEPTIDE1{F.L.[Mono84]}$PEPTIDE1,PEPTIDE1,1:R1-3:R2$$$",CC(C)C[C@@H]1NC(=O)[C@H](Cc2ccccc2)NC(=O)[C@H](C)NCCCCCCNC1=O,-4.967704227173792,1.9888373613357544
"PEPTIDE1{[dV].A.T.[meA].F.[meL].[meF].[meL].D.[Sar].[meL].I.[-pip]}$PEPTIDE1,PEPTIDE1,1:R1-9:R3$$$",CC[C@H](C)[C@H](NC(=O)[C@H](CC(C)C)N(C)C(=O)CN(C)C(=O)[C@@H]1CC(=O)N[C@H](C(C)C)C(=O)N[C@@H](C)C(=O)N[C@@H]([C@@H](C)O)C(=O)N(C)[C@@H](C)C(=O)N[C@@H](Cc2ccccc2)C(=O)N(C)[C@@H](CC(C)C)C(=O)N(C)[C@@H](Cc2ccccc2)C(=O)N(C)[C@@H](CC(C)C)C(=O)N1)C(=O)N1CCCCC1,-4.968712121212118,1.8675012588500977
"PEPTIDE1{L.[Me_dAbu].[meL].L.[dP].[meY]}$PEPTIDE1,PEPTIDE1,1:R1-6:R2$$$",CC[C@@H]1C(=O)N(C)[C@@H](CC(C)C)C(=O)N[C@@H](CC(C)C)C(=O)N2CCC[C@@H]2C(=O)N(C)[C@@H](Cc2ccc(O)cc2)C(=O)N[C@@H](CC(C)C)C(=O)N1C,-4.97128713141015,1.2337956428527832
"PEPTIDE1{A.L.L.F.I.T.G.L.F.[meL].D.[-pip]}$PEPTIDE1,PEPTIDE1,1:R1-11:R3$$$",CC[C@H](C)[C@@H]1NC(=O)[C@H](Cc2ccccc2)NC(=O)[C@H](CC(C)C)NC(=O)[C@H](CC(C)C)NC(=O)[C@H](C)NC(=O)C[C@@H](C(=O)N2CCCCC2)NC(=O)[C@H](CC(C)C)N(C)C(=O)[C@H](Cc2ccccc2)NC(=O)[C@H](CC(C)C)NC(=O)CNC(=O)[C@H]([C@@H](C)O)NC1=O,-4.972401124031004,1.5891398191452026
"PEPTIDE1{[Sar].F.[meL].[meL].F.[meL].G.P.T.L.D.[meF].A.[-pip]}$PEPTIDE1,PEPTIDE1,1:R1-11:R3$$$",CC(C)C[C@@H]1NC(=O)[C@H]([C@@H](C)O)NC(=O)[C@@H]2CCCN2C(=O)CNC(=O)[C@H](CC(C)C)N(C)C(=O)[C@H](Cc2ccccc2)NC(=O)[C@H](CC(C)C)N(C)C(=O)[C@H](CC(C)C)N(C)C(=O)[C@H](Cc2ccccc2)NC(=O)CN(C)C(=O)C[C@@H](C(=O)N(C)[C@@H](Cc2ccccc2)C(=O)N[C@@H](C)C(=O)N2CCCCC2)NC1=O,-4.972572619047616,1.9377120733261108
"PEPTIDE1{[meA].I.T.F.[meF].[meL].G.P.L.[meL].D.[meF].A.[-pip]}$PEPTIDE1,PEPTIDE1,1:R1-11:R3$$$",CC[C@H](C)[C@@H]1NC(=O)[C@H](C)N(C)C(=O)C[C@@H](C(=O)N(C)[C@@H](Cc2ccccc2)C(=O)N[C@@H](C)C(=O)N2CCCCC2)NC(=O)[C@H](CC(C)C)N(C)C(=O)[C@H](CC(C)C)NC(=O)[C@@H]2CCCN2C(=O)CNC(=O)[C@H](CC(C)C)N(C)C(=O)[C@H](Cc2ccccc2)N(C)C(=O)[C@H](Cc2ccccc2)NC(=O)[C@H]([C@@H](C)O)NC1=O,-4.972710000000003,1.6080704927444458
"PEPTIDE1{[meA].T.[Sar].[Et_Phe].[meF].[meL].P.[meL].A.[meV].D.[-pip]}$PEPTIDE1,PEPTIDE1,1:R1-11:R3$$$",CCN1C(=O)CN(C)C(=O)[C@H]([C@@H](C)O)NC(=O)[C@H](C)N(C)C(=O)C[C@@H](C(=O)N2CCCCC2)NC(=O)[C@H](C(C)C)N(C)C(=O)[C@H](C)NC(=O)[C@H](CC(C)C)N(C)C(=O)[C@@H]2CCCN2C(=O)[C@H](CC(C)C)N(C)C(=O)[C@H](Cc2ccccc2)N(C)C(=O)[C@@H]1Cc1ccccc1,-4.973821004329007,2.057579040527344
"PEPTIDE1{[Me_dA].[Bn_Gly].[Me_dL].P.[Me_dL].F}$PEPTIDE1,PEPTIDE1,1:R1-6:R2$$$",CC(C)C[C@@H]1C(=O)N2CCC[C@H]2C(=O)N(C)[C@H](CC(C)C)C(=O)N[C@@H](Cc2ccccc2)C(=O)N(C)[C@H](C)C(=O)N(Cc2ccccc2)CC(=O)N1C,-4.97536555555556,1.8675037622451784
"PEPTIDE1{[Me_dA].[Bn_Gly].[meL].P.[meL].F}$PEPTIDE1,PEPTIDE1,1:R1-6:R2$$$",CC(C)C[C@H]1C(=O)N2CCC[C@H]2C(=O)N(C)[C@@H](CC(C)C)C(=O)N[C@@H](Cc2ccccc2)C(=O)N(C)[C@H](C)C(=O)N(Cc2ccccc2)CC(=O)N1C,-4.97536555555556,1.8675037622451784
"PEPTIDE1{[meA].[Bn_Gly].[meL].[dP].[meL].F}$PEPTIDE1,PEPTIDE1,1:R1-6:R2$$$",CC(C)C[C@H]1C(=O)N2CCC[C@@H]2C(=O)N(C)[C@@H](CC(C)C)C(=O)N[C@@H](Cc2ccccc2)C(=O)N(C)[C@@H](C)C(=O)N(Cc2ccccc2)CC(=O)N1C,-4.97536555555556,1.8675037622451784
"PEPTIDE1{L.[meA].L.[dP].[meA].L.[meA].L.[dP].[meA]}$PEPTIDE1,PEPTIDE1,1:R1-10:R2$$$",CC(C)C[C@@H]1NC(=O)[C@H](C)N(C)C(=O)[C@H]2CCCN2C(=O)[C@H](CC(C)C)NC(=O)[C@H](C)N(C)C(=O)[C@H](CC(C)C)NC(=O)[C@H](C)N(C)C(=O)[C@H]2CCCN2C(=O)[C@H](CC(C)C)NC(=O)[C@H](C)N(C)C1=O,-4.984621428571431,1.012029767036438
"PEPTIDE1{A.L.[meI].V.[meF].L.[meF].D.P.I.[-pip]}$PEPTIDE1,PEPTIDE1,1:R1-8:R3$$$",CC[C@H](C)[C@H](NC(=O)[C@@H]1CCCN1C(=O)[C@@H]1CC(=O)N[C@@H](C)C(=O)N[C@@H](CC(C)C)C(=O)N(C)[C@@H]([C@@H](C)CC)C(=O)N[C@@H](C(C)C)C(=O)N(C)[C@@H](Cc2ccccc2)C(=O)N[C@@H](CC(C)C)C(=O)N(C)[C@@H](Cc2ccccc2)C(=O)N1)C(=O)N1CCCCC1,-4.98481444599789,1.7472751140594482
"PEPTIDE1{[meA].[meV].I.F.T.L.[meL].[meF].L.D.[-pip]}$PEPTIDE1,PEPTIDE1,1:R1-10:R3$$$",CC[C@H](C)[C@@H]1NC(=O)[C@H](C(C)C)N(C)C(=O)[C@H](C)N(C)C(=O)C[C@@H](C(=O)N2CCCCC2)NC(=O)[C@H](CC(C)C)NC(=O)[C@H](Cc2ccccc2)N(C)C(=O)[C@H](CC(C)C)N(C)C(=O)[C@H](CC(C)C)NC(=O)[C@H]([C@@H](C)O)NC(=O)[C@H](Cc2ccccc2)NC1=O,-4.9873499999999975,1.6969263553619385
"PEPTIDE1{[meA].[meL].[meL].T.[Phe(4-CF3)].[meL].A.[meL].[meL].I.[Mono7]}$PEPTIDE1,PEPTIDE1,1:R1-11:R2$$$",CC[C@H](C)[C@@H]1NC(=O)[C@H](CC(C)C)N(C)C(=O)[C@H](CC(C)C)N(C)C(=O)[C@H](C)NC(=O)[C@H](CC(C)C)N(C)C(=O)[C@H](Cc2ccc(C(F)(F)F)cc2)NC(=O)[C@H]([C@@H](C)O)NC(=O)[C@H](CC(C)C)N(C)C(=O)[C@H](CC(C)C)N(C)C(=O)[C@H](C)N(C)C(=O)C[C@H](C)NC1=O,-4.987683333333334,1.7991650104522705
"PEPTIDE1{[Me_Bal].T.[meA].[Ser(tBu)].[meF].[meL].D.[-pip]}$PEPTIDE1,PEPTIDE1,1:R1-7:R3$$$",CC(C)C[C@H]1C(=O)N[C@H](C(=O)N2CCCCC2)CC(=O)N(C)CCC(=O)N[C@@H]([C@@H](C)O)C(=O)N(C)[C@@H](C)C(=O)N[C@@H](COC(C)(C)C)C(=O)N(C)[C@@H](Cc2ccccc2)C(=O)N1C,-4.987938461538463,1.5760105848312378
"PEPTIDE1{[Me_Bal].[meL].[meF].L.[meF].T.[meF].[meL].D.[-pip]}$PEPTIDE1,PEPTIDE1,1:R1-9:R3$$$",CC(C)C[C@@H]1NC(=O)[C@H](Cc2ccccc2)N(C)C(=O)[C@H](CC(C)C)N(C)C(=O)CCN(C)C(=O)C[C@@H](C(=O)N2CCCCC2)NC(=O)[C@H](CC(C)C)N(C)C(=O)[C@H](Cc2ccccc2)N(C)C(=O)[C@H]([C@@H](C)O)NC(=O)[C@H](Cc2ccccc2)N(C)C1=O,-4.98839102564102,1.6263617277145386
"PEPTIDE1{[meA].T.[Sar].[meL].L.[meF].D.[-pip]}$PEPTIDE1,PEPTIDE1,1:R1-7:R3$$$",CC(C)C[C@@H]1NC(=O)[C@H](CC(C)C)N(C)C(=O)CN(C)C(=O)[C@H]([C@@H](C)O)NC(=O)[C@H](C)N(C)C(=O)C[C@@H](C(=O)N2CCCCC2)NC(=O)[C@H](Cc2ccccc2)N(C)C1=O,-4.988738461538467,1.204814076423645
"PEPTIDE1{[Me_dA].F.I.L.T.L.F.[meF].L.D.[-pip]}$PEPTIDE1,PEPTIDE1,1:R1-10:R3$$$",CC[C@H](C)[C@@H]1NC(=O)[C@H](Cc2ccccc2)NC(=O)[C@@H](C)N(C)C(=O)C[C@@H](C(=O)N2CCCCC2)NC(=O)[C@H](CC(C)C)NC(=O)[C@H](Cc2ccccc2)N(C)C(=O)[C@H](Cc2ccccc2)NC(=O)[C@H](CC(C)C)NC(=O)[C@H]([C@@H](C)O)NC(=O)[C@H](CC(C)C)NC1=O,-4.989166666666673,1.391829013824463
"PEPTIDE1{L.[meF].[Sar].[meL].T.L.D.[-pip]}$PEPTIDE1,PEPTIDE1,1:R1-7:R3$$$",CC(C)C[C@@H]1NC(=O)[C@H]([C@@H](C)O)NC(=O)[C@H](CC(C)C)N(C)C(=O)CN(C)C(=O)[C@H](Cc2ccccc2)N(C)C(=O)[C@H](CC(C)C)NC(=O)C[C@@H](C(=O)N2CCCCC2)NC1=O,-4.990513649572646,1.1720813512802124
"PEPTIDE1{F.[pentyl_Gly].[Me_dL].[Nle].[dP].[Et_Gly]}$PEPTIDE1,PEPTIDE1,1:R1-6:R2$$$",CCCCCN1CC(=O)N(C)[C@H](CC(C)C)C(=O)N[C@@H](CCCC)C(=O)N2CCC[C@@H]2C(=O)N(CC)CC(=O)N[C@@H](Cc2ccccc2)C1=O,-4.992921424686426,1.4985949993133545
"PEPTIDE1{[dF].[pentyl_Gly].[meL].[Nle].P.[Et_Gly]}$PEPTIDE1,PEPTIDE1,1:R1-6:R2$$$",CCCCCN1CC(=O)N(C)[C@@H](CC(C)C)C(=O)N[C@@H](CCCC)C(=O)N2CCC[C@H]2C(=O)N(CC)CC(=O)N[C@H](Cc2ccccc2)C1=O,-4.992921424686426,1.4985949993133545
"PEPTIDE1{F.[pentyl_Gly].[meL].[Nle].[dP].[Et_Gly]}$PEPTIDE1,PEPTIDE1,1:R1-6:R2$$$",CCCCCN1CC(=O)N(C)[C@@H](CC(C)C)C(=O)N[C@@H](CCCC)C(=O)N2CCC[C@@H]2C(=O)N(CC)CC(=O)N[C@@H](Cc2ccccc2)C1=O,-4.992921424686426,1.4985949993133545
"PEPTIDE1{[dF].[pentyl_Gly].[Me_dL].[Nle].[dP].[Et_Gly]}$PEPTIDE1,PEPTIDE1,1:R1-6:R2$$$",CCCCCN1CC(=O)N(C)[C@H](CC(C)C)C(=O)N[C@@H](CCCC)C(=O)N2CCC[C@@H]2C(=O)N(CC)CC(=O)N[C@H](Cc2ccccc2)C1=O,-4.992921424686426,1.4985949993133545
"PEPTIDE1{F.[pentyl_Gly].[Me_dL].[Nle].P.[Et_Gly]}$PEPTIDE1,PEPTIDE1,1:R1-6:R2$$$",CCCCCN1CC(=O)N(C)[C@H](CC(C)C)C(=O)N[C@@H](CCCC)C(=O)N2CCC[C@H]2C(=O)N(CC)CC(=O)N[C@@H](Cc2ccccc2)C1=O,-4.992921424686426,1.4985949993133545
"PEPTIDE1{[dF].[pentyl_Gly].[meL].[Nle].[dP].[Et_Gly]}$PEPTIDE1,PEPTIDE1,1:R1-6:R2$$$",CCCCCN1CC(=O)N(C)[C@@H](CC(C)C)C(=O)N[C@@H](CCCC)C(=O)N2CCC[C@@H]2C(=O)N(CC)CC(=O)N[C@H](Cc2ccccc2)C1=O,-4.992921424686426,1.4985949993133545
"PEPTIDE1{F.[pentyl_Gly].[meL].[Nle].P.[Et_Gly]}$PEPTIDE1,PEPTIDE1,1:R1-6:R2$$$",CCCCCN1CC(=O)N(C)[C@@H](CC(C)C)C(=O)N[C@@H](CCCC)C(=O)N2CCC[C@H]2C(=O)N(CC)CC(=O)N[C@@H](Cc2ccccc2)C1=O,-4.992921424686426,1.4985949993133545
"PEPTIDE1{[dF].[pentyl_Gly].[Me_dL].[Nle].P.[Et_Gly]}$PEPTIDE1,PEPTIDE1,1:R1-6:R2$$$",CCCCCN1CC(=O)N(C)[C@H](CC(C)C)C(=O)N[C@@H](CCCC)C(=O)N2CCC[C@H]2C(=O)N(CC)CC(=O)N[C@H](Cc2ccccc2)C1=O,-4.992921424686426,1.4985949993133545
"PEPTIDE1{[dA].A.[meI].[meL].F.T.L.[meF].[meV].D.[Sar].[meA].[meL].A.[-pip]}$PEPTIDE1,PEPTIDE1,1:R1-10:R3$$$",CC[C@H](C)[C@H]1C(=O)N(C)[C@@H](CC(C)C)C(=O)N[C@@H](Cc2ccccc2)C(=O)N[C@@H]([C@@H](C)O)C(=O)N[C@@H](CC(C)C)C(=O)N(C)[C@@H](Cc2ccccc2)C(=O)N(C)[C@@H](C(C)C)C(=O)N[C@H](C(=O)N(C)CC(=O)N(C)[C@@H](C)C(=O)N(C)[C@@H](CC(C)C)C(=O)N[C@@H](C)C(=O)N2CCCCC2)CC(=O)N[C@H](C)C(=O)N[C@@H](C)C(=O)N1C,-4.993633333333337,1.92171049118042
"PEPTIDE1{[meA].[Phe(4-CF3)].[meL].[meF].A.[meL].[meI].T.[Sar].[meA].[Asp_piperidide]}$PEPTIDE1,PEPTIDE1,1:R1-11:R2$$$",CC[C@H](C)[C@H]1C(=O)N[C@@H]([C@@H](C)O)C(=O)N(C)CC(=O)N(C)[C@@H](C)C(=O)N[C@H](C(=O)N2CCCCC2)CC(=O)N(C)[C@@H](C)C(=O)N[C@@H](Cc2ccc(C(F)(F)F)cc2)C(=O)N(C)[C@@H](CC(C)C)C(=O)N(C)[C@@H](Cc2ccccc2)C(=O)N[C@@H](C)C(=O)N(C)[C@@H](CC(C)C)C(=O)N1C,-4.9939884057971025,1.743920087814331
"PEPTIDE1{A.[meL].T.[Sar].[meF].L.D.[meF].[meA].P.[meF].A.[-pip]}$PEPTIDE1,PEPTIDE1,1:R1-7:R3$$$",CC(C)C[C@@H]1NC(=O)[C@H](Cc2ccccc2)N(C)C(=O)CN(C)C(=O)[C@H]([C@@H](C)O)NC(=O)[C@H](CC(C)C)N(C)C(=O)[C@H](C)NC(=O)C[C@@H](C(=O)N(C)[C@@H](Cc2ccccc2)C(=O)N(C)[C@@H](C)C(=O)N2CCC[C@H]2C(=O)N(C)[C@@H](Cc2ccccc2)C(=O)N[C@@H](C)C(=O)N2CCCCC2)NC1=O,-4.994120952380956,2.163351535797119
"PEPTIDE1{[meA].T.[Pr_Gly].[meF].[meF].[meL].P.[meL].A.[meV].D.[-pip]}$PEPTIDE1,PEPTIDE1,1:R1-11:R3$$$",CCCN1CC(=O)N(C)[C@@H](Cc2ccccc2)C(=O)N(C)[C@@H](Cc2ccccc2)C(=O)N(C)[C@@H](CC(C)C)C(=O)N2CCC[C@H]2C(=O)N(C)[C@@H](CC(C)C)C(=O)N[C@@H](C)C(=O)N(C)[C@@H](C(C)C)C(=O)N[C@H](C(=O)N2CCCCC2)CC(=O)N(C)[C@@H](C)C(=O)N[C@@H]([C@@H](C)O)C1=O,-4.995718458935803,2.4155657291412354
"PEPTIDE1{A.[cHexCH2_Gly].[Me_dL].[Nle].P.[Mono34]}$PEPTIDE1,PEPTIDE1,1:R1-6:R2$$$",CCCC[C@@H]1NC(=O)[C@@H](CC(C)C)N(C)C(=O)CN(CC2CCCCC2)C(=O)[C@H](C)NC(=O)CN(CCCOC(C)C)C(=O)[C@@H]2CCCN2C1=O,-4.998026428571428,2.1238138675689697
"PEPTIDE1{A.[cHexCH2_Gly].[meL].[Nle].[dP].[Mono34]}$PEPTIDE1,PEPTIDE1,1:R1-6:R2$$$",CCCC[C@@H]1NC(=O)[C@H](CC(C)C)N(C)C(=O)CN(CC2CCCCC2)C(=O)[C@H](C)NC(=O)CN(CCCOC(C)C)C(=O)[C@H]2CCCN2C1=O,-4.998026428571428,2.1238138675689697
"PEPTIDE1{[dA].[cHexCH2_Gly].[Me_dL].[Nle].[dP].[Mono34]}$PEPTIDE1,PEPTIDE1,1:R1-6:R2$$$",CCCC[C@@H]1NC(=O)[C@@H](CC(C)C)N(C)C(=O)CN(CC2CCCCC2)C(=O)[C@@H](C)NC(=O)CN(CCCOC(C)C)C(=O)[C@H]2CCCN2C1=O,-4.998026428571428,2.1238138675689697
"PEPTIDE1{[dA].[cHexCH2_Gly].[meL].[Nle].P.[Mono34]}$PEPTIDE1,PEPTIDE1,1:R1-6:R2$$$",CCCC[C@@H]1NC(=O)[C@H](CC(C)C)N(C)C(=O)CN(CC2CCCCC2)C(=O)[C@@H](C)NC(=O)CN(CCCOC(C)C)C(=O)[C@@H]2CCCN2C1=O,-4.998026428571428,2.1238138675689697
"PEPTIDE1{[dA].[cHexCH2_Gly].[meL].[Nle].[dP].[Mono34]}$PEPTIDE1,PEPTIDE1,1:R1-6:R2$$$",CCCC[C@@H]1NC(=O)[C@H](CC(C)C)N(C)C(=O)CN(CC2CCCCC2)C(=O)[C@@H](C)NC(=O)CN(CCCOC(C)C)C(=O)[C@H]2CCCN2C1=O,-4.998026428571428,2.1238138675689697
"PEPTIDE1{A.[cHexCH2_Gly].[meL].[Nle].P.[Mono34]}$PEPTIDE1,PEPTIDE1,1:R1-6:R2$$$",CCCC[C@@H]1NC(=O)[C@H](CC(C)C)N(C)C(=O)CN(CC2CCCCC2)C(=O)[C@H](C)NC(=O)CN(CCCOC(C)C)C(=O)[C@@H]2CCCN2C1=O,-4.998026428571428,2.1238138675689697
"PEPTIDE1{[dA].[cHexCH2_Gly].[Me_dL].[Nle].P.[Mono34]}$PEPTIDE1,PEPTIDE1,1:R1-6:R2$$$",CCCC[C@@H]1NC(=O)[C@@H](CC(C)C)N(C)C(=O)CN(CC2CCCCC2)C(=O)[C@@H](C)NC(=O)CN(CCCOC(C)C)C(=O)[C@@H]2CCCN2C1=O,-4.998026428571428,2.1238138675689697
"PEPTIDE1{A.[cHexCH2_Gly].[Me_dL].[Nle].[dP].[Mono34]}$PEPTIDE1,PEPTIDE1,1:R1-6:R2$$$",CCCC[C@@H]1NC(=O)[C@@H](CC(C)C)N(C)C(=O)CN(CC2CCCCC2)C(=O)[C@H](C)NC(=O)CN(CCCOC(C)C)C(=O)[C@H]2CCCN2C1=O,-4.998026428571428,2.1238138675689697
"PEPTIDE1{[Pr_Gly].[meL].[Me_dL].P.L.F}$PEPTIDE1,PEPTIDE1,1:R1-6:R2$$$",CCCN1CC(=O)N(C)[C@@H](CC(C)C)C(=O)N(C)[C@H](CC(C)C)C(=O)N2CCC[C@H]2C(=O)N[C@@H](CC(C)C)C(=O)N[C@@H](Cc2ccccc2)C1=O,-5.000134662837162,1.8062763214111328
"PEPTIDE1{[Pr_Gly].[meL].[Me_dL].P.[dL].F}$PEPTIDE1,PEPTIDE1,1:R1-6:R2$$$",CCCN1CC(=O)N(C)[C@@H](CC(C)C)C(=O)N(C)[C@H](CC(C)C)C(=O)N2CCC[C@H]2C(=O)N[C@H](CC(C)C)C(=O)N[C@@H](Cc2ccccc2)C1=O,-5.000134662837162,1.8062763214111328
"PEPTIDE1{[Pr_Gly].[meL].[Me_dL].[dP].[dL].F}$PEPTIDE1,PEPTIDE1,1:R1-6:R2$$$",CCCN1CC(=O)N(C)[C@@H](CC(C)C)C(=O)N(C)[C@H](CC(C)C)C(=O)N2CCC[C@@H]2C(=O)N[C@H](CC(C)C)C(=O)N[C@@H](Cc2ccccc2)C1=O,-5.000134662837162,1.8062763214111328
"PEPTIDE1{[Pr_Gly].[Me_dL].[meL].[dP].[dL].F}$PEPTIDE1,PEPTIDE1,1:R1-6:R2$$$",CCCN1CC(=O)N(C)[C@H](CC(C)C)C(=O)N(C)[C@@H](CC(C)C)C(=O)N2CCC[C@@H]2C(=O)N[C@H](CC(C)C)C(=O)N[C@@H](Cc2ccccc2)C1=O,-5.000134662837162,1.8062763214111328
"PEPTIDE1{[Pr_Gly].[meL].[meL].[dP].[dL].F}$PEPTIDE1,PEPTIDE1,1:R1-6:R2$$$",CCCN1CC(=O)N(C)[C@@H](CC(C)C)C(=O)N(C)[C@@H](CC(C)C)C(=O)N2CCC[C@@H]2C(=O)N[C@H](CC(C)C)C(=O)N[C@@H](Cc2ccccc2)C1=O,-5.000134662837162,1.8062763214111328
"PEPTIDE1{[Pr_Gly].[Me_dL].[meL].[dP].L.F}$PEPTIDE1,PEPTIDE1,1:R1-6:R2$$$",CCCN1CC(=O)N(C)[C@H](CC(C)C)C(=O)N(C)[C@@H](CC(C)C)C(=O)N2CCC[C@@H]2C(=O)N[C@@H](CC(C)C)C(=O)N[C@@H](Cc2ccccc2)C1=O,-5.000134662837162,1.8062763214111328
"PEPTIDE1{[Pr_Gly].[Me_dL].[meL].P.[dL].F}$PEPTIDE1,PEPTIDE1,1:R1-6:R2$$$",CCCN1CC(=O)N(C)[C@H](CC(C)C)C(=O)N(C)[C@@H](CC(C)C)C(=O)N2CCC[C@H]2C(=O)N[C@H](CC(C)C)C(=O)N[C@@H](Cc2ccccc2)C1=O,-5.000134662837162,1.8062763214111328
"PEPTIDE1{[Pr_Gly].[Me_dL].[Me_dL].P.[dL].F}$PEPTIDE1,PEPTIDE1,1:R1-6:R2$$$",CCCN1CC(=O)N(C)[C@H](CC(C)C)C(=O)N(C)[C@H](CC(C)C)C(=O)N2CCC[C@H]2C(=O)N[C@H](CC(C)C)C(=O)N[C@@H](Cc2ccccc2)C1=O,-5.000134662837162,1.8062763214111328
"PEPTIDE1{[Me_dA].L.[meL].[meL].T.F.[meL].[meF].D.[meF].A.[-pip]}$PEPTIDE1,PEPTIDE1,1:R1-9:R3$$$",CC(C)C[C@@H]1NC(=O)[C@@H](C)N(C)C(=O)C[C@@H](C(=O)N(C)[C@@H](Cc2ccccc2)C(=O)N[C@@H](C)C(=O)N2CCCCC2)NC(=O)[C@H](Cc2ccccc2)N(C)C(=O)[C@H](CC(C)C)N(C)C(=O)[C@H](Cc2ccccc2)NC(=O)[C@H]([C@@H](C)O)NC(=O)[C@H](CC(C)C)N(C)C(=O)[C@H](CC(C)C)N(C)C1=O,-5.000179999999998,1.4240647554397583
"PEPTIDE1{[meA].A.[meA].[meL].[meA].[meF].T.[meA].[meF].[meA].D.[meF].A.[-pip]}$PEPTIDE1,PEPTIDE1,1:R1-11:R3$$$",CC(C)C[C@H]1C(=O)N(C)[C@@H](C)C(=O)N(C)[C@@H](Cc2ccccc2)C(=O)N[C@@H]([C@@H](C)O)C(=O)N(C)[C@@H](C)C(=O)N(C)[C@@H](Cc2ccccc2)C(=O)N(C)[C@@H](C)C(=O)N[C@H](C(=O)N(C)[C@@H](Cc2ccccc2)C(=O)N[C@@H](C)C(=O)N2CCCCC2)CC(=O)N(C)[C@@H](C)C(=O)N[C@@H](C)C(=O)N(C)[C@@H](C)C(=O)N1C,-5.000299999999996,1.6093875169754028
"PEPTIDE1{A.I.P.[meL].T.G.[Phe(4-CF3)].[meA].V.L.L.[Mono7]}$PEPTIDE1,PEPTIDE1,1:R1-12:R2$$$",CC[C@H](C)[C@@H]1NC(=O)[C@H](C)NC(=O)C[C@H](C)NC(=O)[C@H](CC(C)C)NC(=O)[C@H](CC(C)C)NC(=O)[C@H](C(C)C)NC(=O)[C@H](C)N(C)C(=O)[C@H](Cc2ccc(C(F)(F)F)cc2)NC(=O)CNC(=O)[C@H]([C@@H](C)O)NC(=O)[C@H](CC(C)C)N(C)C(=O)[C@@H]2CCCN2C1=O,-5.001620454545453,1.2106330394744873
"PEPTIDE1{[Mono6].[meF].T.[Sar].[Ser(tBu)].[meL].D.[-pip]}$PEPTIDE1,PEPTIDE1,1:R1-7:R3$$$",CC(C)C[C@H]1C(=O)N[C@H](C(=O)N2CCCCC2)CC(=O)N(C)CCCC(=O)N(C)[C@@H](Cc2ccccc2)C(=O)N[C@@H]([C@@H](C)O)C(=O)N(C)CC(=O)N[C@@H](COC(C)(C)C)C(=O)N1C,-5.002291794871796,1.5327317714691162
"PEPTIDE1{[meA].T.[meA].[meL].V.[meF].F.[meL].D.[meF].A.[-pip]}$PEPTIDE1,PEPTIDE1,1:R1-9:R3$$$",CC(C)C[C@H]1C(=O)N[C@H](C(=O)N(C)[C@@H](Cc2ccccc2)C(=O)N[C@@H](C)C(=O)N2CCCCC2)CC(=O)N(C)[C@@H](C)C(=O)N[C@@H]([C@@H](C)O)C(=O)N(C)[C@@H](C)C(=O)N(C)[C@@H](CC(C)C)C(=O)N[C@@H](C(C)C)C(=O)N(C)[C@@H](Cc2ccccc2)C(=O)N[C@@H](Cc2ccccc2)C(=O)N1C,-5.004303333333334,1.3186120986938477
"PEPTIDE1{[dA].[meL].L.[meF].[Ser(tBu)].[meF].T.[meA].[meI].[meL].D.[-pip]}$PEPTIDE1,PEPTIDE1,1:R1-11:R3$$$",CC[C@H](C)[C@H]1C(=O)N(C)[C@@H](CC(C)C)C(=O)N[C@H](C(=O)N2CCCCC2)CC(=O)N[C@H](C)C(=O)N(C)[C@@H](CC(C)C)C(=O)N[C@@H](CC(C)C)C(=O)N(C)[C@@H](Cc2ccccc2)C(=O)N[C@@H](COC(C)(C)C)C(=O)N(C)[C@@H](Cc2ccccc2)C(=O)N[C@@H]([C@@H](C)O)C(=O)N(C)[C@@H](C)C(=O)N1C,-5.006026666666661,1.646620750427246
"PEPTIDE1{L.[Sar].T.[meL].L.[meL].D.[-pip]}$PEPTIDE1,PEPTIDE1,1:R1-7:R3$$$",CC(C)C[C@@H]1NC(=O)C[C@@H](C(=O)N2CCCCC2)NC(=O)[C@H](CC(C)C)N(C)C(=O)[C@H](CC(C)C)NC(=O)[C@H](CC(C)C)N(C)C(=O)[C@H]([C@@H](C)O)NC(=O)CN(C)C1=O,-5.006495911764706,1.7235885858535769
"PEPTIDE1{[meA].[meL].[Bn_Gly].[dP].[Me_dL].F}$PEPTIDE1,PEPTIDE1,1:R1-6:R2$$$",CC(C)C[C@@H]1C(=O)N[C@@H](Cc2ccccc2)C(=O)N(C)[C@@H](C)C(=O)N(C)[C@@H](CC(C)C)C(=O)N(Cc2ccccc2)CC(=O)N2CCC[C@@H]2C(=O)N1C,-5.007094253619188,1.4650800228118896
"PEPTIDE1{[Me_dA].[Me_dL].[Bn_Gly].[dP].[meL].F}$PEPTIDE1,PEPTIDE1,1:R1-6:R2$$$",CC(C)C[C@@H]1C(=O)N(Cc2ccccc2)CC(=O)N2CCC[C@@H]2C(=O)N(C)[C@@H](CC(C)C)C(=O)N[C@@H](Cc2ccccc2)C(=O)N(C)[C@H](C)C(=O)N1C,-5.007094253619188,1.4650800228118896
"PEPTIDE1{[Me_dA].[meL].[Bn_Gly].[dP].[Me_dL].F}$PEPTIDE1,PEPTIDE1,1:R1-6:R2$$$",CC(C)C[C@@H]1C(=O)N[C@@H](Cc2ccccc2)C(=O)N(C)[C@H](C)C(=O)N(C)[C@@H](CC(C)C)C(=O)N(Cc2ccccc2)CC(=O)N2CCC[C@@H]2C(=O)N1C,-5.007094253619188,1.4650800228118896
"PEPTIDE1{[meA].[Me_dL].[Bn_Gly].[dP].[Me_dL].F}$PEPTIDE1,PEPTIDE1,1:R1-6:R2$$$",CC(C)C[C@@H]1C(=O)N[C@@H](Cc2ccccc2)C(=O)N(C)[C@@H](C)C(=O)N(C)[C@H](CC(C)C)C(=O)N(Cc2ccccc2)CC(=O)N2CCC[C@@H]2C(=O)N1C,-5.007094253619188,1.4650800228118896
"PEPTIDE1{[Me_dA].[meL].[Bn_Gly].P.[Me_dL].F}$PEPTIDE1,PEPTIDE1,1:R1-6:R2$$$",CC(C)C[C@@H]1C(=O)N[C@@H](Cc2ccccc2)C(=O)N(C)[C@H](C)C(=O)N(C)[C@@H](CC(C)C)C(=O)N(Cc2ccccc2)CC(=O)N2CCC[C@H]2C(=O)N1C,-5.007094253619188,1.4650800228118896
"PEPTIDE1{[meA].[meL].[Bn_Gly].P.[meL].F}$PEPTIDE1,PEPTIDE1,1:R1-6:R2$$$",CC(C)C[C@H]1C(=O)N(Cc2ccccc2)CC(=O)N2CCC[C@H]2C(=O)N(C)[C@@H](CC(C)C)C(=O)N[C@@H](Cc2ccccc2)C(=O)N(C)[C@@H](C)C(=O)N1C,-5.007094253619188,1.4650800228118896
"PEPTIDE1{[Me_dA].[meL].[Bn_Gly].P.[meL].F}$PEPTIDE1,PEPTIDE1,1:R1-6:R2$$$",CC(C)C[C@H]1C(=O)N(Cc2ccccc2)CC(=O)N2CCC[C@H]2C(=O)N(C)[C@@H](CC(C)C)C(=O)N[C@@H](Cc2ccccc2)C(=O)N(C)[C@H](C)C(=O)N1C,-5.007094253619188,1.4650800228118896
"PEPTIDE1{[meA].[Me_dL].[Bn_Gly].P.[meL].F}$PEPTIDE1,PEPTIDE1,1:R1-6:R2$$$",CC(C)C[C@@H]1C(=O)N(Cc2ccccc2)CC(=O)N2CCC[C@H]2C(=O)N(C)[C@@H](CC(C)C)C(=O)N[C@@H](Cc2ccccc2)C(=O)N(C)[C@@H](C)C(=O)N1C,-5.007094253619188,1.4650800228118896
"PEPTIDE1{[meA].[Me_dL].[Bn_Gly].[dP].[meL].F}$PEPTIDE1,PEPTIDE1,1:R1-6:R2$$$",CC(C)C[C@@H]1C(=O)N(Cc2ccccc2)CC(=O)N2CCC[C@@H]2C(=O)N(C)[C@@H](CC(C)C)C(=O)N[C@@H](Cc2ccccc2)C(=O)N(C)[C@@H](C)C(=O)N1C,-5.007094253619188,1.4650800228118896
"PEPTIDE1{[Me_dA].[Me_dL].[Bn_Gly].P.[Me_dL].F}$PEPTIDE1,PEPTIDE1,1:R1-6:R2$$$",CC(C)C[C@@H]1C(=O)N(Cc2ccccc2)CC(=O)N2CCC[C@H]2C(=O)N(C)[C@H](CC(C)C)C(=O)N[C@@H](Cc2ccccc2)C(=O)N(C)[C@H](C)C(=O)N1C,-5.007094253619188,1.4650800228118896
"PEPTIDE1{[meA].[Me_dL].[Bn_Gly].P.[Me_dL].F}$PEPTIDE1,PEPTIDE1,1:R1-6:R2$$$",CC(C)C[C@@H]1C(=O)N(Cc2ccccc2)CC(=O)N2CCC[C@H]2C(=O)N(C)[C@H](CC(C)C)C(=O)N[C@@H](Cc2ccccc2)C(=O)N(C)[C@@H](C)C(=O)N1C,-5.007094253619188,1.4650800228118896
"PEPTIDE1{[Me_Bal].[meL].[meL].I.[meF].T.[meF].[meL].[meL].D.[-pip]}$PEPTIDE1,PEPTIDE1,1:R1-10:R3$$$",CC[C@H](C)[C@@H]1NC(=O)[C@H](CC(C)C)N(C)C(=O)[C@H](CC(C)C)N(C)C(=O)CCN(C)C(=O)C[C@@H](C(=O)N2CCCCC2)NC(=O)[C@H](CC(C)C)N(C)C(=O)[C@H](CC(C)C)N(C)C(=O)[C@H](Cc2ccccc2)N(C)C(=O)[C@H]([C@@H](C)O)NC(=O)[C@H](Cc2ccccc2)N(C)C1=O,-5.0096416666666626,2.049058198928833
"PEPTIDE1{[meA].[meF].L.[meL].T.F.[meI].[meA].[meL].[Ser(tBu)].[meL].[Mono7]}$PEPTIDE1,PEPTIDE1,1:R1-12:R2$$$",CC[C@H](C)[C@H]1C(=O)N(C)[C@@H](C)C(=O)N(C)[C@@H](CC(C)C)C(=O)N[C@@H](COC(C)(C)C)C(=O)N(C)[C@@H](CC(C)C)C(=O)N[C@@H](C)CC(=O)N(C)[C@@H](C)C(=O)N(C)[C@@H](Cc2ccccc2)C(=O)N[C@@H](CC(C)C)C(=O)N(C)[C@@H](CC(C)C)C(=O)N[C@@H]([C@@H](C)O)C(=O)N[C@@H](Cc2ccccc2)C(=O)N1C,-5.010400000000006,1.3574721813201904
"PEPTIDE1{[Me_dA].[meA].A.[meF].[meA].[meF].T.[meA].[meL].[meA].D.[meF].A.[-pip]}$PEPTIDE1,PEPTIDE1,1:R1-11:R3$$$",CC(C)C[C@H]1C(=O)N(C)[C@@H](C)C(=O)N[C@H](C(=O)N(C)[C@@H](Cc2ccccc2)C(=O)N[C@@H](C)C(=O)N2CCCCC2)CC(=O)N(C)[C@H](C)C(=O)N(C)[C@@H](C)C(=O)N[C@@H](C)C(=O)N(C)[C@@H](Cc2ccccc2)C(=O)N(C)[C@@H](C)C(=O)N(C)[C@@H](Cc2ccccc2)C(=O)N[C@@H]([C@@H](C)O)C(=O)N(C)[C@@H](C)C(=O)N1C,-5.014500000000002,1.6973567008972168
"PEPTIDE1{[Me_dA].[meL].[Me_dL].[Me_dL].[meL].[Me_dA].[dP].[meY]}$PEPTIDE1,PEPTIDE1,1:R1-8:R2$$$",CC(C)C[C@@H]1C(=O)N(C)[C@@H](CC(C)C)C(=O)N(C)[C@H](C)C(=O)N2CCC[C@@H]2C(=O)N(C)[C@@H](Cc2ccc(O)cc2)C(=O)N(C)[C@H](C)C(=O)N(C)[C@@H](CC(C)C)C(=O)N(C)[C@H](CC(C)C)C(=O)N1C,-5.014998333333333,1.250389814376831
"PEPTIDE1{[Mono6].[meL].[meA].I.[meL].[meF].[meF].T.[meA].[meL].D.[meF].A.[-pip]}$PEPTIDE1,PEPTIDE1,1:R1-11:R3$$$",CC[C@H](C)[C@@H]1NC(=O)[C@H](C)N(C)C(=O)[C@H](CC(C)C)N(C)C(=O)CCCN(C)C(=O)C[C@@H](C(=O)N(C)[C@@H](Cc2ccccc2)C(=O)N[C@@H](C)C(=O)N2CCCCC2)NC(=O)[C@H](CC(C)C)N(C)C(=O)[C@H](C)N(C)C(=O)[C@H]([C@@H](C)O)NC(=O)[C@H](Cc2ccccc2)N(C)C(=O)[C@H](Cc2ccccc2)N(C)C(=O)[C@H](CC(C)C)N(C)C1=O,-5.0153333333333405,2.142141103744507
"PEPTIDE1{A.[meL].T.[Sar].[meF].L.D.[meL].V.[meA].A.[-pip]}$PEPTIDE1,PEPTIDE1,1:R1-7:R3$$$",CC(C)C[C@@H]1NC(=O)[C@H](Cc2ccccc2)N(C)C(=O)CN(C)C(=O)[C@H]([C@@H](C)O)NC(=O)[C@H](CC(C)C)N(C)C(=O)[C@H](C)NC(=O)C[C@@H](C(=O)N(C)[C@@H](CC(C)C)C(=O)N[C@H](C(=O)N(C)[C@@H](C)C(=O)N[C@@H](C)C(=O)N2CCCCC2)C(C)C)NC1=O,-5.017599999999993,1.913588523864746
"PEPTIDE1{V.[meF].[Sar].[meL].T.L.D.[-pip]}$PEPTIDE1,PEPTIDE1,1:R1-7:R3$$$",CC(C)C[C@@H]1NC(=O)[C@H]([C@@H](C)O)NC(=O)[C@H](CC(C)C)N(C)C(=O)CN(C)C(=O)[C@H](Cc2ccccc2)N(C)C(=O)[C@H](C(C)C)NC(=O)C[C@@H](C(=O)N2CCCCC2)NC1=O,-5.023896982905981,1.319812297821045
"PEPTIDE1{[Mono6].[meL].I.[meF].[meL].[Hph].[meL].T.[meA].[meL].[Asp_piperidide]}$PEPTIDE1,PEPTIDE1,1:R1-11:R2$$$",CC[C@H](C)[C@@H]1NC(=O)[C@H](CC(C)C)N(C)C(=O)CCCN(C)C(=O)C[C@@H](C(=O)N2CCCCC2)NC(=O)[C@H](CC(C)C)N(C)C(=O)[C@H](C)N(C)C(=O)[C@H]([C@@H](C)O)NC(=O)[C@H](CC(C)C)N(C)C(=O)[C@H](CCc2ccccc2)NC(=O)[C@H](CC(C)C)N(C)C(=O)[C@H](Cc2ccccc2)N(C)C1=O,-5.025900000000006,2.137094497680664
"PEPTIDE1{[Pr_Gly].[dL].[Bn_Gly].[dP].[meL].F}$PEPTIDE1,PEPTIDE1,1:R1-6:R2$$$",CCCN1CC(=O)N[C@H](CC(C)C)C(=O)N(Cc2ccccc2)CC(=O)N2CCC[C@@H]2C(=O)N(C)[C@@H](CC(C)C)C(=O)N[C@@H](Cc2ccccc2)C1=O,-5.028310950715951,1.4426157474517822
"PEPTIDE1{[Pr_Gly].L.[Bn_Gly].P.[Me_dL].F}$PEPTIDE1,PEPTIDE1,1:R1-6:R2$$$",CCCN1CC(=O)N[C@@H](CC(C)C)C(=O)N(Cc2ccccc2)CC(=O)N2CCC[C@H]2C(=O)N(C)[C@H](CC(C)C)C(=O)N[C@@H](Cc2ccccc2)C1=O,-5.028310950715951,1.4426157474517822
"PEPTIDE1{[Pr_Gly].[dL].[Bn_Gly].P.[meL].F}$PEPTIDE1,PEPTIDE1,1:R1-6:R2$$$",CCCN1CC(=O)N[C@H](CC(C)C)C(=O)N(Cc2ccccc2)CC(=O)N2CCC[C@H]2C(=O)N(C)[C@@H](CC(C)C)C(=O)N[C@@H](Cc2ccccc2)C1=O,-5.028310950715951,1.4426157474517822
"PEPTIDE1{[Pr_Gly].[dL].[Bn_Gly].[dP].[Me_dL].F}$PEPTIDE1,PEPTIDE1,1:R1-6:R2$$$",CCCN1CC(=O)N[C@H](CC(C)C)C(=O)N(Cc2ccccc2)CC(=O)N2CCC[C@@H]2C(=O)N(C)[C@H](CC(C)C)C(=O)N[C@@H](Cc2ccccc2)C1=O,-5.028310950715951,1.4426157474517822
"PEPTIDE1{[Pr_Gly].L.[Bn_Gly].P.[meL].F}$PEPTIDE1,PEPTIDE1,1:R1-6:R2$$$",CCCN1CC(=O)N[C@@H](CC(C)C)C(=O)N(Cc2ccccc2)CC(=O)N2CCC[C@H]2C(=O)N(C)[C@@H](CC(C)C)C(=O)N[C@@H](Cc2ccccc2)C1=O,-5.028310950715951,1.4426157474517822
"PEPTIDE1{[Pr_Gly].[dL].[Bn_Gly].P.[Me_dL].F}$PEPTIDE1,PEPTIDE1,1:R1-6:R2$$$",CCCN1CC(=O)N[C@H](CC(C)C)C(=O)N(Cc2ccccc2)CC(=O)N2CCC[C@H]2C(=O)N(C)[C@H](CC(C)C)C(=O)N[C@@H](Cc2ccccc2)C1=O,-5.028310950715951,1.4426157474517822
"PEPTIDE1{[Me_dA].[meL].F.[meL].V.[meI].G.[Me_Phe(3-Cl)].T.[meL].L.[Mono7]}$PEPTIDE1,PEPTIDE1,1:R1-12:R2$$$",CC[C@H](C)[C@H]1C(=O)NCC(=O)N(C)[C@@H](Cc2cccc(Cl)c2)C(=O)N[C@@H]([C@@H](C)O)C(=O)N(C)[C@@H](CC(C)C)C(=O)N[C@@H](CC(C)C)C(=O)N[C@@H](C)CC(=O)N(C)[C@H](C)C(=O)N(C)[C@@H](CC(C)C)C(=O)N[C@@H](Cc2ccccc2)C(=O)N(C)[C@@H](CC(C)C)C(=O)N[C@@H](C(C)C)C(=O)N1C,-5.0285,1.4518612623214722
PEPTIDE1{[X268].[Nva].L.[am]}$$$$,CCC[C@H](NC(=O)C(C)(C)NCCCC1CCCCC1)C(=O)N[C@@H](CC(C)C)C(N)=O,-5.028813567821069,1.3464763164520264
"PEPTIDE1{[dP].[meL].L.[Me_dL].[meL].Y}$PEPTIDE1,PEPTIDE1,1:R1-6:R2$$$",CC(C)C[C@@H]1NC(=O)[C@H](CC(C)C)N(C)C(=O)[C@H]2CCCN2C(=O)[C@H](Cc2ccc(O)cc2)NC(=O)[C@H](CC(C)C)N(C)C(=O)[C@@H](CC(C)C)N(C)C1=O,-5.033003804003009,1.3577697277069092
"PEPTIDE1{[Mono6].T.[meL].[Sar].[meF].[Ser(tBu)].D.[-pip]}$PEPTIDE1,PEPTIDE1,1:R1-7:R3$$$",CC(C)C[C@H]1C(=O)N(C)CC(=O)N(C)[C@@H](Cc2ccccc2)C(=O)N[C@@H](COC(C)(C)C)C(=O)N[C@H](C(=O)N2CCCCC2)CC(=O)N(C)CCCC(=O)N[C@@H]([C@@H](C)O)C(=O)N1C,-5.035600366300368,1.6310499906539917
"PEPTIDE1{[meF].[meL].I.[meA].[meF].T.[meA].[meL].[Mono11].[-pip]}$PEPTIDE1,PEPTIDE1,1:R1-9:R3$$$",CC[C@H](C)[C@@H]1NC(=O)[C@H](CC(C)C)N(C)C(=O)[C@H](Cc2ccccc2)N(C)C(=O)CCCCCc2ccc(cc2)C[C@@H](C(=O)N2CCCCC2)NC(=O)[C@H](CC(C)C)N(C)C(=O)[C@H](C)N(C)C(=O)[C@H]([C@@H](C)O)NC(=O)[C@H](Cc2ccccc2)N(C)C(=O)[C@H](C)N(C)C1=O,-5.037200000000006,1.7775851488113403
"PEPTIDE1{[meA].[meA].[meF].T.[meF].L.P.D.[-pip]}$PEPTIDE1,PEPTIDE1,1:R1-8:R3$$$",CC(C)C[C@@H]1NC(=O)[C@H](Cc2ccccc2)N(C)C(=O)[C@H]([C@@H](C)O)NC(=O)[C@H](Cc2ccccc2)N(C)C(=O)[C@H](C)N(C)C(=O)[C@H](C)N(C)C(=O)C[C@@H](C(=O)N2CCCCC2)NC(=O)[C@@H]2CCCN2C1=O,-5.039030182999681,1.6778004169464111
"PEPTIDE1{[dV].T.[meA].[meV].F.[meL].A.[Sar].[meI].D.[-pip]}$PEPTIDE1,PEPTIDE1,1:R1-10:R3$$$",CC[C@H](C)[C@H]1C(=O)N[C@H](C(=O)N2CCCCC2)CC(=O)N[C@H](C(C)C)C(=O)N[C@@H]([C@@H](C)O)C(=O)N(C)[C@@H](C)C(=O)N(C)[C@@H](C(C)C)C(=O)N[C@@H](Cc2ccccc2)C(=O)N(C)[C@@H](CC(C)C)C(=O)N[C@@H](C)C(=O)N(C)CC(=O)N1C,-5.0401,1.6010652780532837
"PEPTIDE1{A.[cHexCH2_Gly].[meL].[Nle].[dP].[iBu_Gly]}$PEPTIDE1,PEPTIDE1,1:R1-6:R2$$$",CCCC[C@@H]1NC(=O)[C@H](CC(C)C)N(C)C(=O)CN(CC2CCCCC2)C(=O)[C@H](C)NC(=O)CN(CC(C)C)C(=O)[C@H]2CCCN2C1=O,-5.040478267154297,2.294334650039673
"PEPTIDE1{[Me_dA].[meA].[meL].T.[meA].[meF].[Sar].A.[meF].[meL].D.[-pip]}$PEPTIDE1,PEPTIDE1,1:R1-11:R3$$$",CC(C)C[C@H]1C(=O)N[C@@H]([C@@H](C)O)C(=O)N(C)[C@@H](C)C(=O)N(C)[C@@H](Cc2ccccc2)C(=O)N(C)CC(=O)N[C@@H](C)C(=O)N(C)[C@@H](Cc2ccccc2)C(=O)N(C)[C@@H](CC(C)C)C(=O)N[C@H](C(=O)N2CCCCC2)CC(=O)N(C)[C@H](C)C(=O)N(C)[C@@H](C)C(=O)N1C,-5.0405000000000015,1.8689703941345217
"PEPTIDE1{A.[pentyl_Gly].[Me_dL].[Nle].P.[Mono1]}$PEPTIDE1,PEPTIDE1,1:R1-6:R2$$$",CCCCCN1CC(=O)N(C)[C@H](CC(C)C)C(=O)N[C@@H](CCCC)C(=O)N2CCC[C@H]2C(=O)N(Cc2ccc3c(c2)OCO3)CC(=O)N[C@@H](C)C1=O,-5.0420844289044275,1.597895622253418
"PEPTIDE1{[dA].[pentyl_Gly].[Me_dL].[Nle].[dP].[Mono1]}$PEPTIDE1,PEPTIDE1,1:R1-6:R2$$$",CCCCCN1CC(=O)N(C)[C@H](CC(C)C)C(=O)N[C@@H](CCCC)C(=O)N2CCC[C@@H]2C(=O)N(Cc2ccc3c(c2)OCO3)CC(=O)N[C@H](C)C1=O,-5.0420844289044275,1.597895622253418
"PEPTIDE1{[dA].[pentyl_Gly].[meL].[Nle].P.[Mono1]}$PEPTIDE1,PEPTIDE1,1:R1-6:R2$$$",CCCCCN1CC(=O)N(C)[C@@H](CC(C)C)C(=O)N[C@@H](CCCC)C(=O)N2CCC[C@H]2C(=O)N(Cc2ccc3c(c2)OCO3)CC(=O)N[C@H](C)C1=O,-5.0420844289044275,1.597895622253418
"PEPTIDE1{A.[pentyl_Gly].[Me_dL].[Nle].[dP].[Mono1]}$PEPTIDE1,PEPTIDE1,1:R1-6:R2$$$",CCCCCN1CC(=O)N(C)[C@H](CC(C)C)C(=O)N[C@@H](CCCC)C(=O)N2CCC[C@@H]2C(=O)N(Cc2ccc3c(c2)OCO3)CC(=O)N[C@@H](C)C1=O,-5.0420844289044275,1.597895622253418
"PEPTIDE1{A.[pentyl_Gly].[meL].[Nle].[dP].[Mono1]}$PEPTIDE1,PEPTIDE1,1:R1-6:R2$$$",CCCCCN1CC(=O)N(C)[C@@H](CC(C)C)C(=O)N[C@@H](CCCC)C(=O)N2CCC[C@@H]2C(=O)N(Cc2ccc3c(c2)OCO3)CC(=O)N[C@@H](C)C1=O,-5.0420844289044275,1.597895622253418
"PEPTIDE1{A.[pentyl_Gly].[meL].[Nle].P.[Mono1]}$PEPTIDE1,PEPTIDE1,1:R1-6:R2$$$",CCCCCN1CC(=O)N(C)[C@@H](CC(C)C)C(=O)N[C@@H](CCCC)C(=O)N2CCC[C@H]2C(=O)N(Cc2ccc3c(c2)OCO3)CC(=O)N[C@@H](C)C1=O,-5.0420844289044275,1.597895622253418
"PEPTIDE1{[dA].[pentyl_Gly].[meL].[Nle].[dP].[Mono1]}$PEPTIDE1,PEPTIDE1,1:R1-6:R2$$$",CCCCCN1CC(=O)N(C)[C@@H](CC(C)C)C(=O)N[C@@H](CCCC)C(=O)N2CCC[C@@H]2C(=O)N(Cc2ccc3c(c2)OCO3)CC(=O)N[C@H](C)C1=O,-5.0420844289044275,1.597895622253418
"PEPTIDE1{[dA].[pentyl_Gly].[Me_dL].[Nle].P.[Mono1]}$PEPTIDE1,PEPTIDE1,1:R1-6:R2$$$",CCCCCN1CC(=O)N(C)[C@H](CC(C)C)C(=O)N[C@@H](CCCC)C(=O)N2CCC[C@H]2C(=O)N(Cc2ccc3c(c2)OCO3)CC(=O)N[C@H](C)C1=O,-5.0420844289044275,1.597895622253418
"PEPTIDE1{L.[meV].[meL].F.[meL]}$PEPTIDE1,PEPTIDE1,5:R2-1:R1$$$",CC(C)C[C@@H]1NC(=O)[C@H](CC(C)C)N(C)C(=O)[C@H](Cc2ccccc2)NC(=O)[C@H](CC(C)C)N(C)C(=O)[C@H](C(C)C)N(C)C1=O,-5.042371004413715,1.365294098854065
"PEPTIDE1{L.[pentyl_Gly].[meL].[Nle].[dP].[Et_Gly]}$PEPTIDE1,PEPTIDE1,1:R1-6:R2$$$",CCCCCN1CC(=O)N(C)[C@@H](CC(C)C)C(=O)N[C@@H](CCCC)C(=O)N2CCC[C@@H]2C(=O)N(CC)CC(=O)N[C@@H](CC(C)C)C1=O,-5.043788239348371,1.4725738763809204
"PEPTIDE1{[Me_dA].[meL].[meL].P.[Bn_Gly].F}$PEPTIDE1,PEPTIDE1,1:R1-6:R2$$$",CC(C)C[C@H]1C(=O)N(C)[C@@H](CC(C)C)C(=O)N2CCC[C@H]2C(=O)N(Cc2ccccc2)CC(=O)N[C@@H](Cc2ccccc2)C(=O)N(C)[C@H](C)C(=O)N1C,-5.046291641969143,2.0596489906311035
"PEPTIDE1{[meA].[Me_dL].[Me_dL].P.[Bn_Gly].F}$PEPTIDE1,PEPTIDE1,1:R1-6:R2$$$",CC(C)C[C@@H]1C(=O)N2CCC[C@H]2C(=O)N(Cc2ccccc2)CC(=O)N[C@@H](Cc2ccccc2)C(=O)N(C)[C@@H](C)C(=O)N(C)[C@H](CC(C)C)C(=O)N1C,-5.046291641969143,2.0596489906311035
"PEPTIDE1{[meA].[Me_dL].[meL].[dP].[Bn_Gly].F}$PEPTIDE1,PEPTIDE1,1:R1-6:R2$$$",CC(C)C[C@@H]1C(=O)N(C)[C@@H](CC(C)C)C(=O)N2CCC[C@@H]2C(=O)N(Cc2ccccc2)CC(=O)N[C@@H](Cc2ccccc2)C(=O)N(C)[C@@H](C)C(=O)N1C,-5.046291641969143,2.0596489906311035
"PEPTIDE1{[Me_dA].[Me_dL].[meL].[dP].[Bn_Gly].F}$PEPTIDE1,PEPTIDE1,1:R1-6:R2$$$",CC(C)C[C@@H]1C(=O)N(C)[C@@H](CC(C)C)C(=O)N2CCC[C@@H]2C(=O)N(Cc2ccccc2)CC(=O)N[C@@H](Cc2ccccc2)C(=O)N(C)[C@H](C)C(=O)N1C,-5.046291641969143,2.0596489906311035
"PEPTIDE1{[Me_dA].[Me_dL].[meL].P.[Bn_Gly].F}$PEPTIDE1,PEPTIDE1,1:R1-6:R2$$$",CC(C)C[C@@H]1C(=O)N(C)[C@@H](CC(C)C)C(=O)N2CCC[C@H]2C(=O)N(Cc2ccccc2)CC(=O)N[C@@H](Cc2ccccc2)C(=O)N(C)[C@H](C)C(=O)N1C,-5.046291641969143,2.0596489906311035
"PEPTIDE1{[meA].[meL].[meL].P.[Bn_Gly].F}$PEPTIDE1,PEPTIDE1,1:R1-6:R2$$$",CC(C)C[C@H]1C(=O)N(C)[C@@H](CC(C)C)C(=O)N2CCC[C@H]2C(=O)N(Cc2ccccc2)CC(=O)N[C@@H](Cc2ccccc2)C(=O)N(C)[C@@H](C)C(=O)N1C,-5.046291641969143,2.0596489906311035
"PEPTIDE1{[meA].[meL].[Me_dL].P.[Bn_Gly].F}$PEPTIDE1,PEPTIDE1,1:R1-6:R2$$$",CC(C)C[C@@H]1C(=O)N2CCC[C@H]2C(=O)N(Cc2ccccc2)CC(=O)N[C@@H](Cc2ccccc2)C(=O)N(C)[C@@H](C)C(=O)N(C)[C@@H](CC(C)C)C(=O)N1C,-5.046291641969143,2.0596489906311035
"PEPTIDE1{[meA].[Me_dL].[meL].P.[Bn_Gly].F}$PEPTIDE1,PEPTIDE1,1:R1-6:R2$$$",CC(C)C[C@@H]1C(=O)N(C)[C@@H](CC(C)C)C(=O)N2CCC[C@H]2C(=O)N(Cc2ccccc2)CC(=O)N[C@@H](Cc2ccccc2)C(=O)N(C)[C@@H](C)C(=O)N1C,-5.046291641969143,2.0596489906311035
"PEPTIDE1{[Me_Bal].[meF].[meV].[meA].A.[meL].[meF].T.A.[meA].D.[meF].A.[-pip]}$PEPTIDE1,PEPTIDE1,1:R1-11:R3$$$",CC(C)C[C@H]1C(=O)N(C)[C@@H](Cc2ccccc2)C(=O)N[C@@H]([C@@H](C)O)C(=O)N[C@@H](C)C(=O)N(C)[C@@H](C)C(=O)N[C@H](C(=O)N(C)[C@@H](Cc2ccccc2)C(=O)N[C@@H](C)C(=O)N2CCCCC2)CC(=O)N(C)CCC(=O)N(C)[C@@H](Cc2ccccc2)C(=O)N(C)[C@@H](C(C)C)C(=O)N(C)[C@@H](C)C(=O)N[C@@H](C)C(=O)N1C,-5.046599999999994,1.6231094598770142
"PEPTIDE1{[Mono6].[meA].T.[meF].[meL].I.[meL].[meF].[meL].D.[meF].A.[-pip]}$PEPTIDE1,PEPTIDE1,1:R1-10:R3$$$",CC[C@H](C)[C@@H]1NC(=O)[C@H](CC(C)C)N(C)C(=O)[C@H](Cc2ccccc2)N(C)C(=O)[C@H]([C@@H](C)O)NC(=O)[C@H](C)N(C)C(=O)CCCN(C)C(=O)C[C@@H](C(=O)N(C)[C@@H](Cc2ccccc2)C(=O)N[C@@H](C)C(=O)N2CCCCC2)NC(=O)[C@H](CC(C)C)N(C)C(=O)[C@H](Cc2ccccc2)N(C)C(=O)[C@H](CC(C)C)N(C)C1=O,-5.046900000000007,2.112788200378418
"PEPTIDE1{L.[Me_dA].[meL].L.[dP].[meY]}$PEPTIDE1,PEPTIDE1,1:R1-6:R2$$$",CC(C)C[C@@H]1NC(=O)[C@H](Cc2ccc(O)cc2)N(C)C(=O)[C@H]2CCCN2C(=O)[C@H](CC(C)C)NC(=O)[C@H](CC(C)C)N(C)C(=O)[C@@H](C)N(C)C1=O,-5.04709754412255,1.4153859615325928
"PEPTIDE1{[dV].F.[Sar].L.F.P.T.[Ser(tBu)].[meL].[meI].A.D.[-pip]}$PEPTIDE1,PEPTIDE1,1:R1-12:R3$$$",CC[C@H](C)[C@H]1C(=O)N[C@@H](C)C(=O)N[C@H](C(=O)N2CCCCC2)CC(=O)N[C@H](C(C)C)C(=O)N[C@@H](Cc2ccccc2)C(=O)N(C)CC(=O)N[C@@H](CC(C)C)C(=O)N[C@@H](Cc2ccccc2)C(=O)N2CCC[C@H]2C(=O)N[C@@H]([C@@H](C)O)C(=O)N[C@@H](COC(C)(C)C)C(=O)N(C)[C@@H](CC(C)C)C(=O)N1C,-5.047623956295345,1.701099872589111
"PEPTIDE1{[dF].[cHexCH2_Gly].L.[Nle].[dP].[Mono34]}$PEPTIDE1,PEPTIDE1,1:R1-6:R2$$$",CCCC[C@@H]1NC(=O)[C@H](CC(C)C)NC(=O)CN(CC2CCCCC2)C(=O)[C@@H](Cc2ccccc2)NC(=O)CN(CCCOC(C)C)C(=O)[C@H]2CCCN2C1=O,-5.051836666666668,1.8915717601776123
"PEPTIDE1{F.[cHexCH2_Gly].[dL].[Nle].[dP].[Mono34]}$PEPTIDE1,PEPTIDE1,1:R1-6:R2$$$",CCCC[C@@H]1NC(=O)[C@@H](CC(C)C)NC(=O)CN(CC2CCCCC2)C(=O)[C@H](Cc2ccccc2)NC(=O)CN(CCCOC(C)C)C(=O)[C@H]2CCCN2C1=O,-5.051836666666668,1.8915717601776123
"PEPTIDE1{[dF].[cHexCH2_Gly].[dL].[Nle].[dP].[Mono34]}$PEPTIDE1,PEPTIDE1,1:R1-6:R2$$$",CCCC[C@@H]1NC(=O)[C@@H](CC(C)C)NC(=O)CN(CC2CCCCC2)C(=O)[C@@H](Cc2ccccc2)NC(=O)CN(CCCOC(C)C)C(=O)[C@H]2CCCN2C1=O,-5.051836666666668,1.8915717601776123
"PEPTIDE1{[dF].[cHexCH2_Gly].L.[Nle].P.[Mono34]}$PEPTIDE1,PEPTIDE1,1:R1-6:R2$$$",CCCC[C@@H]1NC(=O)[C@H](CC(C)C)NC(=O)CN(CC2CCCCC2)C(=O)[C@@H](Cc2ccccc2)NC(=O)CN(CCCOC(C)C)C(=O)[C@@H]2CCCN2C1=O,-5.051836666666668,1.8915717601776123
"PEPTIDE1{F.[cHexCH2_Gly].L.[Nle].P.[Mono34]}$PEPTIDE1,PEPTIDE1,1:R1-6:R2$$$",CCCC[C@@H]1NC(=O)[C@H](CC(C)C)NC(=O)CN(CC2CCCCC2)C(=O)[C@H](Cc2ccccc2)NC(=O)CN(CCCOC(C)C)C(=O)[C@@H]2CCCN2C1=O,-5.051836666666668,1.8915717601776123
"PEPTIDE1{[dF].[cHexCH2_Gly].[dL].[Nle].P.[Mono34]}$PEPTIDE1,PEPTIDE1,1:R1-6:R2$$$",CCCC[C@@H]1NC(=O)[C@@H](CC(C)C)NC(=O)CN(CC2CCCCC2)C(=O)[C@@H](Cc2ccccc2)NC(=O)CN(CCCOC(C)C)C(=O)[C@@H]2CCCN2C1=O,-5.051836666666668,1.8915717601776123
"PEPTIDE1{F.[cHexCH2_Gly].L.[Nle].[dP].[Mono34]}$PEPTIDE1,PEPTIDE1,1:R1-6:R2$$$",CCCC[C@@H]1NC(=O)[C@H](CC(C)C)NC(=O)CN(CC2CCCCC2)C(=O)[C@H](Cc2ccccc2)NC(=O)CN(CCCOC(C)C)C(=O)[C@H]2CCCN2C1=O,-5.051836666666668,1.8915717601776123
"PEPTIDE1{F.[cHexCH2_Gly].[dL].[Nle].P.[Mono34]}$PEPTIDE1,PEPTIDE1,1:R1-6:R2$$$",CCCC[C@@H]1NC(=O)[C@@H](CC(C)C)NC(=O)CN(CC2CCCCC2)C(=O)[C@H](Cc2ccccc2)NC(=O)CN(CCCOC(C)C)C(=O)[C@@H]2CCCN2C1=O,-5.051836666666668,1.8915717601776123
"PEPTIDE1{[dA].A.[meL].[meI].[meL].[meF].T.[meF].[meL].[meA].D.[-pip]}$PEPTIDE1,PEPTIDE1,1:R1-11:R3$$$",CC[C@H](C)[C@H]1C(=O)N(C)[C@@H](CC(C)C)C(=O)N(C)[C@@H](Cc2ccccc2)C(=O)N[C@@H]([C@@H](C)O)C(=O)N(C)[C@@H](Cc2ccccc2)C(=O)N(C)[C@@H](CC(C)C)C(=O)N(C)[C@@H](C)C(=O)N[C@H](C(=O)N2CCCCC2)CC(=O)N[C@H](C)C(=O)N[C@@H](C)C(=O)N(C)[C@@H](CC(C)C)C(=O)N1C,-5.052818738229754,1.392566204071045
"PEPTIDE1{F.[pentyl_Gly].L.[Nle].P.[Et_Gly]}$PEPTIDE1,PEPTIDE1,1:R1-6:R2$$$",CCCCCN1CC(=O)N[C@@H](CC(C)C)C(=O)N[C@@H](CCCC)C(=O)N2CCC[C@H]2C(=O)N(CC)CC(=O)N[C@@H](Cc2ccccc2)C1=O,-5.052984761904763,1.3968325853347778
"PEPTIDE1{F.[pentyl_Gly].[dL].[Nle].[dP].[Et_Gly]}$PEPTIDE1,PEPTIDE1,1:R1-6:R2$$$",CCCCCN1CC(=O)N[C@H](CC(C)C)C(=O)N[C@@H](CCCC)C(=O)N2CCC[C@@H]2C(=O)N(CC)CC(=O)N[C@@H](Cc2ccccc2)C1=O,-5.052984761904763,1.3968325853347778
"PEPTIDE1{[dF].[pentyl_Gly].L.[Nle].P.[Et_Gly]}$PEPTIDE1,PEPTIDE1,1:R1-6:R2$$$",CCCCCN1CC(=O)N[C@@H](CC(C)C)C(=O)N[C@@H](CCCC)C(=O)N2CCC[C@H]2C(=O)N(CC)CC(=O)N[C@H](Cc2ccccc2)C1=O,-5.052984761904763,1.3968325853347778
"PEPTIDE1{F.[pentyl_Gly].[dL].[Nle].P.[Et_Gly]}$PEPTIDE1,PEPTIDE1,1:R1-6:R2$$$",CCCCCN1CC(=O)N[C@H](CC(C)C)C(=O)N[C@@H](CCCC)C(=O)N2CCC[C@H]2C(=O)N(CC)CC(=O)N[C@@H](Cc2ccccc2)C1=O,-5.052984761904763,1.3968325853347778
"PEPTIDE1{[dF].[pentyl_Gly].[dL].[Nle].[dP].[Et_Gly]}$PEPTIDE1,PEPTIDE1,1:R1-6:R2$$$",CCCCCN1CC(=O)N[C@H](CC(C)C)C(=O)N[C@@H](CCCC)C(=O)N2CCC[C@@H]2C(=O)N(CC)CC(=O)N[C@H](Cc2ccccc2)C1=O,-5.052984761904763,1.3968325853347778
"PEPTIDE1{[dF].[pentyl_Gly].[dL].[Nle].P.[Et_Gly]}$PEPTIDE1,PEPTIDE1,1:R1-6:R2$$$",CCCCCN1CC(=O)N[C@H](CC(C)C)C(=O)N[C@@H](CCCC)C(=O)N2CCC[C@H]2C(=O)N(CC)CC(=O)N[C@H](Cc2ccccc2)C1=O,-5.052984761904763,1.3968325853347778
"PEPTIDE1{F.[pentyl_Gly].L.[Nle].[dP].[Et_Gly]}$PEPTIDE1,PEPTIDE1,1:R1-6:R2$$$",CCCCCN1CC(=O)N[C@@H](CC(C)C)C(=O)N[C@@H](CCCC)C(=O)N2CCC[C@@H]2C(=O)N(CC)CC(=O)N[C@@H](Cc2ccccc2)C1=O,-5.052984761904763,1.3968325853347778
"PEPTIDE1{[dF].[pentyl_Gly].L.[Nle].[dP].[Et_Gly]}$PEPTIDE1,PEPTIDE1,1:R1-6:R2$$$",CCCCCN1CC(=O)N[C@@H](CC(C)C)C(=O)N[C@@H](CCCC)C(=O)N2CCC[C@@H]2C(=O)N(CC)CC(=O)N[C@H](Cc2ccccc2)C1=O,-5.052984761904763,1.3968325853347778
"PEPTIDE1{[dV].F.[meV].[meA].T.[Sar].[meL].[meI].A.D.[-pip]}$PEPTIDE1,PEPTIDE1,1:R1-10:R3$$$",CC[C@H](C)[C@H]1C(=O)N[C@@H](C)C(=O)N[C@H](C(=O)N2CCCCC2)CC(=O)N[C@H](C(C)C)C(=O)N[C@@H](Cc2ccccc2)C(=O)N(C)[C@@H](C(C)C)C(=O)N(C)[C@@H](C)C(=O)N[C@@H]([C@@H](C)O)C(=O)N(C)CC(=O)N(C)[C@@H](CC(C)C)C(=O)N1C,-5.054600000000001,1.1966533660888672
"PEPTIDE1{T.[meF].[meL].V.P.[meF].L.[Sar].[meI].[meA].[Mono11].[-pip]}$PEPTIDE1,PEPTIDE1,1:R1-11:R3$$$",CC[C@H](C)[C@H]1C(=O)N(C)[C@@H](C)C(=O)N[C@H](C(=O)N2CCCCC2)Cc2ccc(cc2)CCCCCC(=O)N[C@@H]([C@@H](C)O)C(=O)N(C)[C@@H](Cc2ccccc2)C(=O)N(C)[C@@H](CC(C)C)C(=O)N[C@@H](C(C)C)C(=O)N2CCC[C@H]2C(=O)N(C)[C@@H](Cc2ccccc2)C(=O)N[C@@H](CC(C)C)C(=O)N(C)CC(=O)N1C,-5.055500000000006,1.5906250476837158
"PEPTIDE1{[meA].F.I.[meL].T.L.[meF].F.L.D.[-pip]}$PEPTIDE1,PEPTIDE1,1:R1-10:R3$$$",CC[C@H](C)[C@@H]1NC(=O)[C@H](Cc2ccccc2)NC(=O)[C@H](C)N(C)C(=O)C[C@@H](C(=O)N2CCCCC2)NC(=O)[C@H](CC(C)C)NC(=O)[C@H](Cc2ccccc2)NC(=O)[C@H](Cc2ccccc2)N(C)C(=O)[C@H](CC(C)C)NC(=O)[C@H]([C@@H](C)O)NC(=O)[C@H](CC(C)C)N(C)C1=O,-5.057200000000006,1.915336012840271
"PEPTIDE1{A.L.[Mono88]}$PEPTIDE1,PEPTIDE1,1:R1-3:R2$$$",CC(C)C[C@@H]1NC(=O)[C@H](C)NC(=O)[C@H](Cc2ccccc2)N(C)CCCCCCNC1=O,-5.059244999999994,1.636929273605347
"PEPTIDE1{[dV].[meA].[meL].[Met(O2)].[meF].F.[meL].[meF].[meL].T.D.[-pip]}$PEPTIDE1,PEPTIDE1,1:R1-11:R3$$$",CC(C)C[C@H]1C(=O)N(C)[C@@H](Cc2ccccc2)C(=O)N(C)[C@@H](CC(C)C)C(=O)N[C@@H]([C@@H](C)O)C(=O)N[C@H](C(=O)N2CCCCC2)CC(=O)N[C@H](C(C)C)C(=O)N(C)[C@@H](C)C(=O)N(C)[C@@H](CC(C)C)C(=O)N[C@@H](CCS(C)(=O)=O)C(=O)N(C)[C@@H](Cc2ccccc2)C(=O)N[C@@H](Cc2ccccc2)C(=O)N1C,-5.059550000000002,1.399804949760437
"PEPTIDE1{[dP].[Pr_Gly].[meL].[meL].[dP].[meL].F}$PEPTIDE1,PEPTIDE1,1:R1-7:R2$$$",CCCN1CC(=O)N(C)[C@@H](CC(C)C)C(=O)N(C)[C@@H](CC(C)C)C(=O)N2CCC[C@@H]2C(=O)N(C)[C@@H](CC(C)C)C(=O)N[C@@H](Cc2ccccc2)C(=O)N2CCC[C@@H]2C1=O,-5.060165937937259,1.9010164737701416
"PEPTIDE1{P.[Pr_Gly].[Me_dL].[meL].P.[Me_dL].F}$PEPTIDE1,PEPTIDE1,1:R1-7:R2$$$",CCCN1CC(=O)N(C)[C@H](CC(C)C)C(=O)N(C)[C@@H](CC(C)C)C(=O)N2CCC[C@H]2C(=O)N(C)[C@H](CC(C)C)C(=O)N[C@@H](Cc2ccccc2)C(=O)N2CCC[C@H]2C1=O,-5.060165937937259,1.9010164737701416
"PEPTIDE1{P.[Pr_Gly].[Me_dL].[Me_dL].P.[Me_dL].F}$PEPTIDE1,PEPTIDE1,1:R1-7:R2$$$",CCCN1CC(=O)N(C)[C@H](CC(C)C)C(=O)N(C)[C@H](CC(C)C)C(=O)N2CCC[C@H]2C(=O)N(C)[C@H](CC(C)C)C(=O)N[C@@H](Cc2ccccc2)C(=O)N2CCC[C@H]2C1=O,-5.060165937937259,1.9010164737701416
"PEPTIDE1{[dP].[Pr_Gly].[meL].[Me_dL].P.[Me_dL].F}$PEPTIDE1,PEPTIDE1,1:R1-7:R2$$$",CCCN1CC(=O)N(C)[C@@H](CC(C)C)C(=O)N(C)[C@H](CC(C)C)C(=O)N2CCC[C@H]2C(=O)N(C)[C@H](CC(C)C)C(=O)N[C@@H](Cc2ccccc2)C(=O)N2CCC[C@@H]2C1=O,-5.060165937937259,1.9010164737701416
"PEPTIDE1{[dP].[Pr_Gly].[Me_dL].[Me_dL].[dP].[Me_dL].F}$PEPTIDE1,PEPTIDE1,1:R1-7:R2$$$",CCCN1CC(=O)N(C)[C@H](CC(C)C)C(=O)N(C)[C@H](CC(C)C)C(=O)N2CCC[C@@H]2C(=O)N(C)[C@H](CC(C)C)C(=O)N[C@@H](Cc2ccccc2)C(=O)N2CCC[C@@H]2C1=O,-5.060165937937259,1.9010164737701416
"PEPTIDE1{P.[Pr_Gly].[meL].[Me_dL].P.[meL].F}$PEPTIDE1,PEPTIDE1,1:R1-7:R2$$$",CCCN1CC(=O)N(C)[C@@H](CC(C)C)C(=O)N(C)[C@H](CC(C)C)C(=O)N2CCC[C@H]2C(=O)N(C)[C@@H](CC(C)C)C(=O)N[C@@H](Cc2ccccc2)C(=O)N2CCC[C@H]2C1=O,-5.060165937937259,1.9010164737701416
"PEPTIDE1{[dP].[Pr_Gly].[Me_dL].[meL].[dP].[Me_dL].F}$PEPTIDE1,PEPTIDE1,1:R1-7:R2$$$",CCCN1CC(=O)N(C)[C@H](CC(C)C)C(=O)N(C)[C@@H](CC(C)C)C(=O)N2CCC[C@@H]2C(=O)N(C)[C@H](CC(C)C)C(=O)N[C@@H](Cc2ccccc2)C(=O)N2CCC[C@@H]2C1=O,-5.060165937937259,1.9010164737701416
"PEPTIDE1{P.[Pr_Gly].[meL].[Me_dL].P.[Me_dL].F}$PEPTIDE1,PEPTIDE1,1:R1-7:R2$$$",CCCN1CC(=O)N(C)[C@@H](CC(C)C)C(=O)N(C)[C@H](CC(C)C)C(=O)N2CCC[C@H]2C(=O)N(C)[C@H](CC(C)C)C(=O)N[C@@H](Cc2ccccc2)C(=O)N2CCC[C@H]2C1=O,-5.060165937937259,1.9010164737701416
"PEPTIDE1{[dP].[Pr_Gly].[meL].[Me_dL].[dP].[meL].F}$PEPTIDE1,PEPTIDE1,1:R1-7:R2$$$",CCCN1CC(=O)N(C)[C@@H](CC(C)C)C(=O)N(C)[C@H](CC(C)C)C(=O)N2CCC[C@@H]2C(=O)N(C)[C@@H](CC(C)C)C(=O)N[C@@H](Cc2ccccc2)C(=O)N2CCC[C@@H]2C1=O,-5.060165937937259,1.9010164737701416
"PEPTIDE1{[dP].[Pr_Gly].[Me_dL].[Me_dL].[dP].[meL].F}$PEPTIDE1,PEPTIDE1,1:R1-7:R2$$$",CCCN1CC(=O)N(C)[C@H](CC(C)C)C(=O)N(C)[C@H](CC(C)C)C(=O)N2CCC[C@@H]2C(=O)N(C)[C@@H](CC(C)C)C(=O)N[C@@H](Cc2ccccc2)C(=O)N2CCC[C@@H]2C1=O,-5.060165937937259,1.9010164737701416
"PEPTIDE1{[dP].[Pr_Gly].[meL].[Me_dL].[dP].[Me_dL].F}$PEPTIDE1,PEPTIDE1,1:R1-7:R2$$$",CCCN1CC(=O)N(C)[C@@H](CC(C)C)C(=O)N(C)[C@H](CC(C)C)C(=O)N2CCC[C@@H]2C(=O)N(C)[C@H](CC(C)C)C(=O)N[C@@H](Cc2ccccc2)C(=O)N2CCC[C@@H]2C1=O,-5.060165937937259,1.9010164737701416
"PEPTIDE1{P.[Pr_Gly].[Me_dL].[Me_dL].[dP].[meL].F}$PEPTIDE1,PEPTIDE1,1:R1-7:R2$$$",CCCN1CC(=O)N(C)[C@H](CC(C)C)C(=O)N(C)[C@H](CC(C)C)C(=O)N2CCC[C@@H]2C(=O)N(C)[C@@H](CC(C)C)C(=O)N[C@@H](Cc2ccccc2)C(=O)N2CCC[C@H]2C1=O,-5.060165937937259,1.9010164737701416
"PEPTIDE1{P.[Pr_Gly].[meL].[Me_dL].[dP].[Me_dL].F}$PEPTIDE1,PEPTIDE1,1:R1-7:R2$$$",CCCN1CC(=O)N(C)[C@@H](CC(C)C)C(=O)N(C)[C@H](CC(C)C)C(=O)N2CCC[C@@H]2C(=O)N(C)[C@H](CC(C)C)C(=O)N[C@@H](Cc2ccccc2)C(=O)N2CCC[C@H]2C1=O,-5.060165937937259,1.9010164737701416
"PEPTIDE1{[dP].[Pr_Gly].[Me_dL].[meL].P.[Me_dL].F}$PEPTIDE1,PEPTIDE1,1:R1-7:R2$$$",CCCN1CC(=O)N(C)[C@H](CC(C)C)C(=O)N(C)[C@@H](CC(C)C)C(=O)N2CCC[C@H]2C(=O)N(C)[C@H](CC(C)C)C(=O)N[C@@H](Cc2ccccc2)C(=O)N2CCC[C@@H]2C1=O,-5.060165937937259,1.9010164737701416
"PEPTIDE1{P.[Pr_Gly].[meL].[Me_dL].[dP].[meL].F}$PEPTIDE1,PEPTIDE1,1:R1-7:R2$$$",CCCN1CC(=O)N(C)[C@@H](CC(C)C)C(=O)N(C)[C@H](CC(C)C)C(=O)N2CCC[C@@H]2C(=O)N(C)[C@@H](CC(C)C)C(=O)N[C@@H](Cc2ccccc2)C(=O)N2CCC[C@H]2C1=O,-5.060165937937259,1.9010164737701416
"PEPTIDE1{[dP].[Pr_Gly].[Me_dL].[meL].[dP].[meL].F}$PEPTIDE1,PEPTIDE1,1:R1-7:R2$$$",CCCN1CC(=O)N(C)[C@H](CC(C)C)C(=O)N(C)[C@@H](CC(C)C)C(=O)N2CCC[C@@H]2C(=O)N(C)[C@@H](CC(C)C)C(=O)N[C@@H](Cc2ccccc2)C(=O)N2CCC[C@@H]2C1=O,-5.060165937937259,1.9010164737701416
"PEPTIDE1{P.[Pr_Gly].[Me_dL].[meL].P.[meL].F}$PEPTIDE1,PEPTIDE1,1:R1-7:R2$$$",CCCN1CC(=O)N(C)[C@H](CC(C)C)C(=O)N(C)[C@@H](CC(C)C)C(=O)N2CCC[C@H]2C(=O)N(C)[C@@H](CC(C)C)C(=O)N[C@@H](Cc2ccccc2)C(=O)N2CCC[C@H]2C1=O,-5.060165937937259,1.9010164737701416
"PEPTIDE1{[dP].[Pr_Gly].[Me_dL].[meL].P.[meL].F}$PEPTIDE1,PEPTIDE1,1:R1-7:R2$$$",CCCN1CC(=O)N(C)[C@H](CC(C)C)C(=O)N(C)[C@@H](CC(C)C)C(=O)N2CCC[C@H]2C(=O)N(C)[C@@H](CC(C)C)C(=O)N[C@@H](Cc2ccccc2)C(=O)N2CCC[C@@H]2C1=O,-5.060165937937259,1.9010164737701416
"PEPTIDE1{[dP].[Pr_Gly].[Me_dL].[Me_dL].P.[Me_dL].F}$PEPTIDE1,PEPTIDE1,1:R1-7:R2$$$",CCCN1CC(=O)N(C)[C@H](CC(C)C)C(=O)N(C)[C@H](CC(C)C)C(=O)N2CCC[C@H]2C(=O)N(C)[C@H](CC(C)C)C(=O)N[C@@H](Cc2ccccc2)C(=O)N2CCC[C@@H]2C1=O,-5.060165937937259,1.9010164737701416
"PEPTIDE1{P.[Pr_Gly].[Me_dL].[meL].[dP].[Me_dL].F}$PEPTIDE1,PEPTIDE1,1:R1-7:R2$$$",CCCN1CC(=O)N(C)[C@H](CC(C)C)C(=O)N(C)[C@@H](CC(C)C)C(=O)N2CCC[C@@H]2C(=O)N(C)[C@H](CC(C)C)C(=O)N[C@@H](Cc2ccccc2)C(=O)N2CCC[C@H]2C1=O,-5.060165937937259,1.9010164737701416
"PEPTIDE1{P.[Pr_Gly].[Me_dL].[meL].[dP].[meL].F}$PEPTIDE1,PEPTIDE1,1:R1-7:R2$$$",CCCN1CC(=O)N(C)[C@H](CC(C)C)C(=O)N(C)[C@@H](CC(C)C)C(=O)N2CCC[C@@H]2C(=O)N(C)[C@@H](CC(C)C)C(=O)N[C@@H](Cc2ccccc2)C(=O)N2CCC[C@H]2C1=O,-5.060165937937259,1.9010164737701416
"PEPTIDE1{P.[Pr_Gly].[meL].[meL].[dP].[Me_dL].F}$PEPTIDE1,PEPTIDE1,1:R1-7:R2$$$",CCCN1CC(=O)N(C)[C@@H](CC(C)C)C(=O)N(C)[C@@H](CC(C)C)C(=O)N2CCC[C@@H]2C(=O)N(C)[C@H](CC(C)C)C(=O)N[C@@H](Cc2ccccc2)C(=O)N2CCC[C@H]2C1=O,-5.060165937937259,1.9010164737701416
"PEPTIDE1{[dA].[meF].T.[meA].[meL].L.D.[-pip]}$PEPTIDE1,PEPTIDE1,1:R1-7:R3$$$",CC(C)C[C@@H]1NC(=O)[C@H](CC(C)C)N(C)C(=O)[C@H](C)N(C)C(=O)[C@H]([C@@H](C)O)NC(=O)[C@H](Cc2ccccc2)N(C)C(=O)[C@@H](C)NC(=O)C[C@@H](C(=O)N2CCCCC2)NC1=O,-5.060408927965414,1.5208189487457275
"PEPTIDE1{[Me_dA].[meA].[Me_dL].[Me_dL].[meL].[Me_dL].[dP].[meY]}$PEPTIDE1,PEPTIDE1,1:R1-8:R2$$$",CC(C)C[C@@H]1C(=O)N(C)[C@@H](CC(C)C)C(=O)N(C)[C@H](CC(C)C)C(=O)N2CCC[C@@H]2C(=O)N(C)[C@@H](Cc2ccc(O)cc2)C(=O)N(C)[C@H](C)C(=O)N(C)[C@@H](C)C(=O)N(C)[C@H](CC(C)C)C(=O)N1C,-5.061373333333339,1.867298603057861
"PEPTIDE1{[ac-].P.T.[Me_dL].[Me_dL].[Me_dL].[meL].[meA].L.[dP]}$PEPTIDE1,PEPTIDE1,3:R3-10:R2$$$",CC(=O)N1CCC[C@H]1C(=O)N[C@@H]1C(=O)N(C)[C@H](CC(C)C)C(=O)N(C)[C@H](CC(C)C)C(=O)N(C)[C@H](CC(C)C)C(=O)N(C)[C@@H](CC(C)C)C(=O)N(C)[C@@H](C)C(=O)N[C@@H](CC(C)C)C(=O)N2CCC[C@@H]2C(=O)O[C@@H]1C,-5.0619264105502335,1.2994282245635986
"PEPTIDE1{[ac-].P.T.[Me_dL].[meL].[meL].[Me_dL].[meA].L.[dP]}$PEPTIDE1,PEPTIDE1,3:R3-10:R2$$$",CC(=O)N1CCC[C@H]1C(=O)N[C@@H]1C(=O)N(C)[C@H](CC(C)C)C(=O)N(C)[C@@H](CC(C)C)C(=O)N(C)[C@@H](CC(C)C)C(=O)N(C)[C@H](CC(C)C)C(=O)N(C)[C@@H](C)C(=O)N[C@@H](CC(C)C)C(=O)N2CCC[C@@H]2C(=O)O[C@@H]1C,-5.0619264105502335,1.2994282245635986
"PEPTIDE1{[ac-].P.T.[Me_dL].[meL].[meL].[meL].[Me_dA].L.[dP]}$PEPTIDE1,PEPTIDE1,3:R3-10:R2$$$",CC(=O)N1CCC[C@H]1C(=O)N[C@@H]1C(=O)N(C)[C@H](CC(C)C)C(=O)N(C)[C@@H](CC(C)C)C(=O)N(C)[C@@H](CC(C)C)C(=O)N(C)[C@@H](CC(C)C)C(=O)N(C)[C@H](C)C(=O)N[C@@H](CC(C)C)C(=O)N2CCC[C@@H]2C(=O)O[C@@H]1C,-5.0619264105502335,1.2994282245635986
"PEPTIDE1{[ac-].P.T.[Me_dL].[Me_dL].[meL].[Me_dL].[Me_dA].L.[dP]}$PEPTIDE1,PEPTIDE1,3:R3-10:R2$$$",CC(=O)N1CCC[C@H]1C(=O)N[C@@H]1C(=O)N(C)[C@H](CC(C)C)C(=O)N(C)[C@H](CC(C)C)C(=O)N(C)[C@@H](CC(C)C)C(=O)N(C)[C@H](CC(C)C)C(=O)N(C)[C@H](C)C(=O)N[C@@H](CC(C)C)C(=O)N2CCC[C@@H]2C(=O)O[C@@H]1C,-5.0619264105502335,1.2994282245635986
"PEPTIDE1{[ac-].P.T.[Me_dL].[Me_dL].[meL].[Me_dL].[meA].L.[dP]}$PEPTIDE1,PEPTIDE1,3:R3-10:R2$$$",CC(=O)N1CCC[C@H]1C(=O)N[C@@H]1C(=O)N(C)[C@H](CC(C)C)C(=O)N(C)[C@H](CC(C)C)C(=O)N(C)[C@@H](CC(C)C)C(=O)N(C)[C@H](CC(C)C)C(=O)N(C)[C@@H](C)C(=O)N[C@@H](CC(C)C)C(=O)N2CCC[C@@H]2C(=O)O[C@@H]1C,-5.0619264105502335,1.2994282245635986
"PEPTIDE1{[ac-].P.T.[Me_dL].[Me_dL].[meL].[meL].[Me_dA].L.[dP]}$PEPTIDE1,PEPTIDE1,3:R3-10:R2$$$",CC(=O)N1CCC[C@H]1C(=O)N[C@@H]1C(=O)N(C)[C@H](CC(C)C)C(=O)N(C)[C@H](CC(C)C)C(=O)N(C)[C@@H](CC(C)C)C(=O)N(C)[C@@H](CC(C)C)C(=O)N(C)[C@H](C)C(=O)N[C@@H](CC(C)C)C(=O)N2CCC[C@@H]2C(=O)O[C@@H]1C,-5.0619264105502335,1.2994282245635986
"PEPTIDE1{[ac-].P.T.[Me_dL].[meL].[meL].[meL].[meA].L.[dP]}$PEPTIDE1,PEPTIDE1,3:R3-10:R2$$$",CC(=O)N1CCC[C@H]1C(=O)N[C@@H]1C(=O)N(C)[C@H](CC(C)C)C(=O)N(C)[C@@H](CC(C)C)C(=O)N(C)[C@@H](CC(C)C)C(=O)N(C)[C@@H](CC(C)C)C(=O)N(C)[C@@H](C)C(=O)N[C@@H](CC(C)C)C(=O)N2CCC[C@@H]2C(=O)O[C@@H]1C,-5.0619264105502335,1.2994282245635986
"PEPTIDE1{[ac-].P.T.[Me_dL].[meL].[Me_dL].[Me_dL].[Me_dA].L.[dP]}$PEPTIDE1,PEPTIDE1,3:R3-10:R2$$$",CC(=O)N1CCC[C@H]1C(=O)N[C@@H]1C(=O)N(C)[C@H](CC(C)C)C(=O)N(C)[C@@H](CC(C)C)C(=O)N(C)[C@H](CC(C)C)C(=O)N(C)[C@H](CC(C)C)C(=O)N(C)[C@H](C)C(=O)N[C@@H](CC(C)C)C(=O)N2CCC[C@@H]2C(=O)O[C@@H]1C,-5.0619264105502335,1.2994282245635986
"PEPTIDE1{[ac-].P.T.[Me_dL].[meL].[Me_dL].[meL].[Me_dA].L.[dP]}$PEPTIDE1,PEPTIDE1,3:R3-10:R2$$$",CC(=O)N1CCC[C@H]1C(=O)N[C@@H]1C(=O)N(C)[C@H](CC(C)C)C(=O)N(C)[C@@H](CC(C)C)C(=O)N(C)[C@H](CC(C)C)C(=O)N(C)[C@@H](CC(C)C)C(=O)N(C)[C@H](C)C(=O)N[C@@H](CC(C)C)C(=O)N2CCC[C@@H]2C(=O)O[C@@H]1C,-5.0619264105502335,1.2994282245635986
"PEPTIDE1{[ac-].P.T.[Me_dL].[meL].[Me_dL].[meL].[meA].L.[dP]}$PEPTIDE1,PEPTIDE1,3:R3-10:R2$$$",CC(=O)N1CCC[C@H]1C(=O)N[C@@H]1C(=O)N(C)[C@H](CC(C)C)C(=O)N(C)[C@@H](CC(C)C)C(=O)N(C)[C@H](CC(C)C)C(=O)N(C)[C@@H](CC(C)C)C(=O)N(C)[C@@H](C)C(=O)N[C@@H](CC(C)C)C(=O)N2CCC[C@@H]2C(=O)O[C@@H]1C,-5.0619264105502335,1.2994282245635986
"PEPTIDE1{[ac-].P.T.[Me_dL].[meL].[meL].[Me_dL].[Me_dA].L.[dP]}$PEPTIDE1,PEPTIDE1,3:R3-10:R2$$$",CC(=O)N1CCC[C@H]1C(=O)N[C@@H]1C(=O)N(C)[C@H](CC(C)C)C(=O)N(C)[C@@H](CC(C)C)C(=O)N(C)[C@@H](CC(C)C)C(=O)N(C)[C@H](CC(C)C)C(=O)N(C)[C@H](C)C(=O)N[C@@H](CC(C)C)C(=O)N2CCC[C@@H]2C(=O)O[C@@H]1C,-5.0619264105502335,1.2994282245635986
"PEPTIDE1{F.[Mono38].[Me_dL].[Nle].P.[Mono34]}$PEPTIDE1,PEPTIDE1,1:R1-6:R2$$$",CCCC[C@@H]1NC(=O)[C@@H](CC(C)C)N(C)C(=O)CN(CC2CCOCC2)C(=O)[C@H](Cc2ccccc2)NC(=O)CN(CCCOC(C)C)C(=O)[C@@H]2CCCN2C1=O,-5.065465952380952,1.984284281730652
"PEPTIDE1{[dF].[Mono38].[Me_dL].[Nle].[dP].[Mono34]}$PEPTIDE1,PEPTIDE1,1:R1-6:R2$$$",CCCC[C@@H]1NC(=O)[C@@H](CC(C)C)N(C)C(=O)CN(CC2CCOCC2)C(=O)[C@@H](Cc2ccccc2)NC(=O)CN(CCCOC(C)C)C(=O)[C@H]2CCCN2C1=O,-5.065465952380952,1.984284281730652
"PEPTIDE1{F.[Mono38].[Me_dL].[Nle].[dP].[Mono34]}$PEPTIDE1,PEPTIDE1,1:R1-6:R2$$$",CCCC[C@@H]1NC(=O)[C@@H](CC(C)C)N(C)C(=O)CN(CC2CCOCC2)C(=O)[C@H](Cc2ccccc2)NC(=O)CN(CCCOC(C)C)C(=O)[C@H]2CCCN2C1=O,-5.065465952380952,1.984284281730652
"PEPTIDE1{[dF].[Mono38].[Me_dL].[Nle].P.[Mono34]}$PEPTIDE1,PEPTIDE1,1:R1-6:R2$$$",CCCC[C@@H]1NC(=O)[C@@H](CC(C)C)N(C)C(=O)CN(CC2CCOCC2)C(=O)[C@@H](Cc2ccccc2)NC(=O)CN(CCCOC(C)C)C(=O)[C@@H]2CCCN2C1=O,-5.065465952380952,1.984284281730652
"PEPTIDE1{F.[Mono38].[meL].[Nle].P.[Mono34]}$PEPTIDE1,PEPTIDE1,1:R1-6:R2$$$",CCCC[C@@H]1NC(=O)[C@H](CC(C)C)N(C)C(=O)CN(CC2CCOCC2)C(=O)[C@H](Cc2ccccc2)NC(=O)CN(CCCOC(C)C)C(=O)[C@@H]2CCCN2C1=O,-5.065465952380952,1.984284281730652
"PEPTIDE1{[dF].[Mono38].[meL].[Nle].[dP].[Mono34]}$PEPTIDE1,PEPTIDE1,1:R1-6:R2$$$",CCCC[C@@H]1NC(=O)[C@H](CC(C)C)N(C)C(=O)CN(CC2CCOCC2)C(=O)[C@@H](Cc2ccccc2)NC(=O)CN(CCCOC(C)C)C(=O)[C@H]2CCCN2C1=O,-5.065465952380952,1.984284281730652
"PEPTIDE1{[dF].[Mono38].[meL].[Nle].P.[Mono34]}$PEPTIDE1,PEPTIDE1,1:R1-6:R2$$$",CCCC[C@@H]1NC(=O)[C@H](CC(C)C)N(C)C(=O)CN(CC2CCOCC2)C(=O)[C@@H](Cc2ccccc2)NC(=O)CN(CCCOC(C)C)C(=O)[C@@H]2CCCN2C1=O,-5.065465952380952,1.984284281730652
"PEPTIDE1{F.[Mono38].[meL].[Nle].[dP].[Mono34]}$PEPTIDE1,PEPTIDE1,1:R1-6:R2$$$",CCCC[C@@H]1NC(=O)[C@H](CC(C)C)N(C)C(=O)CN(CC2CCOCC2)C(=O)[C@H](Cc2ccccc2)NC(=O)CN(CCCOC(C)C)C(=O)[C@H]2CCCN2C1=O,-5.065465952380952,1.984284281730652
"PEPTIDE1{[Pr_Gly].L.[Me_dL].P.[Bn_Gly].F}$PEPTIDE1,PEPTIDE1,1:R1-6:R2$$$",CCCN1CC(=O)N[C@@H](CC(C)C)C(=O)N(C)[C@H](CC(C)C)C(=O)N2CCC[C@H]2C(=O)N(Cc2ccccc2)CC(=O)N[C@@H](Cc2ccccc2)C1=O,-5.067202936507937,1.7685372829437256
"PEPTIDE1{[Pr_Gly].L.[meL].[dP].[Bn_Gly].F}$PEPTIDE1,PEPTIDE1,1:R1-6:R2$$$",CCCN1CC(=O)N[C@@H](CC(C)C)C(=O)N(C)[C@@H](CC(C)C)C(=O)N2CCC[C@@H]2C(=O)N(Cc2ccccc2)CC(=O)N[C@@H](Cc2ccccc2)C1=O,-5.067202936507937,1.7685372829437256
"PEPTIDE1{[Pr_Gly].L.[meL].P.[Bn_Gly].F}$PEPTIDE1,PEPTIDE1,1:R1-6:R2$$$",CCCN1CC(=O)N[C@@H](CC(C)C)C(=O)N(C)[C@@H](CC(C)C)C(=O)N2CCC[C@H]2C(=O)N(Cc2ccccc2)CC(=O)N[C@@H](Cc2ccccc2)C1=O,-5.067202936507937,1.7685372829437256
"PEPTIDE1{[Pr_Gly].[dL].[meL].P.[Bn_Gly].F}$PEPTIDE1,PEPTIDE1,1:R1-6:R2$$$",CCCN1CC(=O)N[C@H](CC(C)C)C(=O)N(C)[C@@H](CC(C)C)C(=O)N2CCC[C@H]2C(=O)N(Cc2ccccc2)CC(=O)N[C@@H](Cc2ccccc2)C1=O,-5.067202936507937,1.7685372829437256
"PEPTIDE1{[Pr_Gly].L.[Me_dL].[dP].[Bn_Gly].F}$PEPTIDE1,PEPTIDE1,1:R1-6:R2$$$",CCCN1CC(=O)N[C@@H](CC(C)C)C(=O)N(C)[C@H](CC(C)C)C(=O)N2CCC[C@@H]2C(=O)N(Cc2ccccc2)CC(=O)N[C@@H](Cc2ccccc2)C1=O,-5.067202936507937,1.7685372829437256
"PEPTIDE1{[Sar].L.[Mono78]}$PEPTIDE1,PEPTIDE1,1:R1-3:R2$$$",CC(C)C[C@@H]1NC(=O)CN(C)C(=O)[C@H](Cc2ccccc2)NCCCCCCNC1=O,-5.0687199999999955,1.6977620124816897
"PEPTIDE1{[Mono6].[meL].I.[meF].[meF].[Ser(isoamyl)].[meL].T.[meA].[meL].[Asp_piperidide]}$PEPTIDE1,PEPTIDE1,1:R1-11:R2$$$",CC[C@H](C)[C@@H]1NC(=O)[C@H](CC(C)C)N(C)C(=O)CCCN(C)C(=O)C[C@@H](C(=O)N2CCCCC2)NC(=O)[C@H](CC(C)C)N(C)C(=O)[C@H](C)N(C)C(=O)[C@H]([C@@H](C)O)NC(=O)[C@H](CC(C)C)N(C)C(=O)[C@H](COCCC(C)C)NC(=O)[C@H](Cc2ccccc2)N(C)C(=O)[C@H](Cc2ccccc2)N(C)C1=O,-5.069600000000006,2.0239460468292236
"PEPTIDE1{A.[cHexCH2_Gly].[meL].[Nle].[dP].[Pr_Gly]}$PEPTIDE1,PEPTIDE1,1:R1-6:R2$$$",CCCC[C@@H]1NC(=O)[C@H](CC(C)C)N(C)C(=O)CN(CC2CCCCC2)C(=O)[C@H](C)NC(=O)CN(CCC)C(=O)[C@H]2CCCN2C1=O,-5.072388118686871,2.3020987510681152
"PEPTIDE1{[dV].[meF].L.[meL].T.[Sar].[meL].[Ser(tBu)].[meF].[meV].D.[-pip]}$PEPTIDE1,PEPTIDE1,1:R1-11:R3$$$",CC(C)C[C@@H]1NC(=O)[C@H](Cc2ccccc2)N(C)C(=O)[C@@H](C(C)C)NC(=O)C[C@@H](C(=O)N2CCCCC2)NC(=O)[C@H](C(C)C)N(C)C(=O)[C@H](Cc2ccccc2)N(C)C(=O)[C@H](COC(C)(C)C)NC(=O)[C@H](CC(C)C)N(C)C(=O)CN(C)C(=O)[C@H]([C@@H](C)O)NC(=O)[C@H](CC(C)C)N(C)C1=O,-5.072599999999998,1.1409461498260498
"PEPTIDE1{A.[pentyl_Gly].[meL].[Nle].[dP].[iBu_Gly]}$PEPTIDE1,PEPTIDE1,1:R1-6:R2$$$",CCCCCN1CC(=O)N(C)[C@@H](CC(C)C)C(=O)N[C@@H](CCCC)C(=O)N2CCC[C@@H]2C(=O)N(CC(C)C)CC(=O)N[C@@H](C)C1=O,-5.074364557664554,1.6273812055587769
PEPTIDE1{[X1387].[Nva].L.[am]}$$$$,CCC[C@H](NC(=O)[C@@H](CC)NCCCC1CCCCC1)C(=O)N[C@@H](CC(C)C)C(N)=O,-5.0748308297258315,1.0511481761932373
"PEPTIDE1{[Me_dA].L.I.A.[Sar].L.T.F.L.[meV].D.[-pip]}$PEPTIDE1,PEPTIDE1,1:R1-11:R3$$$",CC[C@H](C)[C@@H]1NC(=O)[C@H](CC(C)C)NC(=O)[C@@H](C)N(C)C(=O)C[C@@H](C(=O)N2CCCCC2)NC(=O)[C@H](C(C)C)N(C)C(=O)[C@H](CC(C)C)NC(=O)[C@H](Cc2ccccc2)NC(=O)[C@H]([C@@H](C)O)NC(=O)[C@H](CC(C)C)NC(=O)CN(C)C(=O)[C@H](C)NC1=O,-5.074999999999998,1.6745882034301758
"PEPTIDE1{[dV].A.[meL].[meL].[meF].T.[Sar].[meV].[meF].L.D.[meF].A.[-pip]}$PEPTIDE1,PEPTIDE1,1:R1-11:R3$$$",CC(C)C[C@@H]1NC(=O)[C@H](Cc2ccccc2)N(C)C(=O)[C@H](C(C)C)N(C)C(=O)CN(C)C(=O)[C@H]([C@@H](C)O)NC(=O)[C@H](Cc2ccccc2)N(C)C(=O)[C@H](CC(C)C)N(C)C(=O)[C@H](CC(C)C)N(C)C(=O)[C@H](C)NC(=O)[C@@H](C(C)C)NC(=O)C[C@@H](C(=O)N(C)[C@@H](Cc2ccccc2)C(=O)N[C@@H](C)C(=O)N2CCCCC2)NC1=O,-5.0766999999999936,2.0888991355895996
"PEPTIDE1{[Sar].F.[meL].[meV].[Sar].T.[meA].A.[meL].L.D.[-pip]}$PEPTIDE1,PEPTIDE1,1:R1-11:R3$$$",CC(C)C[C@@H]1NC(=O)[C@H](CC(C)C)N(C)C(=O)[C@H](C)NC(=O)[C@H](C)N(C)C(=O)[C@H]([C@@H](C)O)NC(=O)CN(C)C(=O)[C@H](C(C)C)N(C)C(=O)[C@H](CC(C)C)N(C)C(=O)[C@H](Cc2ccccc2)NC(=O)CN(C)C(=O)C[C@@H](C(=O)N2CCCCC2)NC1=O,-5.076799999999996,1.8321669101715088
PEPTIDE1{[X1033].[Nva].L.[am]}$$$$,CCC[C@H](NCCCC1CCCCC1)C(=O)N[C@@H](CCC)C(=O)N[C@@H](CC(C)C)C(N)=O,-5.077330829725831,1.156221628189087
"PEPTIDE1{A.L.[Mono75]}$PEPTIDE1,PEPTIDE1,1:R1-3:R2$$$",CC(C)C[C@@H]1NC(=O)[C@H](C)NC(=O)[C@H](Cc2ccccc2)NCCCNC1=O,-5.078585714285709,1.4207202196121216
"PEPTIDE1{[ac-].P.T.[Me_dL].[meL].[Me_dL].L.[meA].L.[dP]}$PEPTIDE1,PEPTIDE1,3:R3-10:R2$$$",CC(=O)N1CCC[C@H]1C(=O)N[C@@H]1C(=O)N(C)[C@H](CC(C)C)C(=O)N(C)[C@@H](CC(C)C)C(=O)N(C)[C@H](CC(C)C)C(=O)N[C@@H](CC(C)C)C(=O)N(C)[C@@H](C)C(=O)N[C@@H](CC(C)C)C(=O)N2CCC[C@@H]2C(=O)O[C@@H]1C,-5.080925235042737,1.4201092720031738
"PEPTIDE1{[ac-].P.T.[Me_dL].[meL].[Me_dL].L.[Me_dA].L.[dP]}$PEPTIDE1,PEPTIDE1,3:R3-10:R2$$$",CC(=O)N1CCC[C@H]1C(=O)N[C@@H]1C(=O)N(C)[C@H](CC(C)C)C(=O)N(C)[C@@H](CC(C)C)C(=O)N(C)[C@H](CC(C)C)C(=O)N[C@@H](CC(C)C)C(=O)N(C)[C@H](C)C(=O)N[C@@H](CC(C)C)C(=O)N2CCC[C@@H]2C(=O)O[C@@H]1C,-5.080925235042737,1.4201092720031738
"PEPTIDE1{[ac-].P.T.[Me_dL].[meL].[meL].L.[meA].L.[dP]}$PEPTIDE1,PEPTIDE1,3:R3-10:R2$$$",CC(=O)N1CCC[C@H]1C(=O)N[C@@H]1C(=O)N(C)[C@H](CC(C)C)C(=O)N(C)[C@@H](CC(C)C)C(=O)N(C)[C@@H](CC(C)C)C(=O)N[C@@H](CC(C)C)C(=O)N(C)[C@@H](C)C(=O)N[C@@H](CC(C)C)C(=O)N2CCC[C@@H]2C(=O)O[C@@H]1C,-5.080925235042737,1.4201092720031738
"PEPTIDE1{[ac-].P.T.[Me_dL].[Me_dL].[meL].L.[meA].L.[dP]}$PEPTIDE1,PEPTIDE1,3:R3-10:R2$$$",CC(=O)N1CCC[C@H]1C(=O)N[C@@H]1C(=O)N(C)[C@H](CC(C)C)C(=O)N(C)[C@H](CC(C)C)C(=O)N(C)[C@@H](CC(C)C)C(=O)N[C@@H](CC(C)C)C(=O)N(C)[C@@H](C)C(=O)N[C@@H](CC(C)C)C(=O)N2CCC[C@@H]2C(=O)O[C@@H]1C,-5.080925235042737,1.4201092720031738
"PEPTIDE1{[ac-].P.T.[Me_dL].[meL].[meL].L.[Me_dA].L.[dP]}$PEPTIDE1,PEPTIDE1,3:R3-10:R2$$$",CC(=O)N1CCC[C@H]1C(=O)N[C@@H]1C(=O)N(C)[C@H](CC(C)C)C(=O)N(C)[C@@H](CC(C)C)C(=O)N(C)[C@@H](CC(C)C)C(=O)N[C@@H](CC(C)C)C(=O)N(C)[C@H](C)C(=O)N[C@@H](CC(C)C)C(=O)N2CCC[C@@H]2C(=O)O[C@@H]1C,-5.080925235042737,1.4201092720031738
"PEPTIDE1{[ac-].P.T.[Me_dL].[Me_dL].[Me_dL].L.[meA].L.[dP]}$PEPTIDE1,PEPTIDE1,3:R3-10:R2$$$",CC(=O)N1CCC[C@H]1C(=O)N[C@@H]1C(=O)N(C)[C@H](CC(C)C)C(=O)N(C)[C@H](CC(C)C)C(=O)N(C)[C@H](CC(C)C)C(=O)N[C@@H](CC(C)C)C(=O)N(C)[C@@H](C)C(=O)N[C@@H](CC(C)C)C(=O)N2CCC[C@@H]2C(=O)O[C@@H]1C,-5.080925235042737,1.4201092720031738
"PEPTIDE1{[Sar].[meA].I.[meL].T.[Sar].[meF].[meL].[Phe(4-CF3)].[meV].[Asp_piperidide]}$PEPTIDE1,PEPTIDE1,1:R1-11:R2$$$",CC[C@H](C)[C@@H]1NC(=O)[C@H](C)N(C)C(=O)CN(C)C(=O)C[C@@H](C(=O)N2CCCCC2)NC(=O)[C@H](C(C)C)N(C)C(=O)[C@H](Cc2ccc(C(F)(F)F)cc2)NC(=O)[C@H](CC(C)C)N(C)C(=O)[C@H](Cc2ccccc2)N(C)C(=O)CN(C)C(=O)[C@H]([C@@H](C)O)NC(=O)[C@H](CC(C)C)N(C)C1=O,-5.081269999999999,1.5266493558883667
"PEPTIDE1{T.L.F.[meL].P.F.I.[Sar].L.[Mono12].[-pip]}$PEPTIDE1,PEPTIDE1,1:R1-10:R3$$$",CC[C@H](C)[C@@H]1NC(=O)[C@H](Cc2ccccc2)NC(=O)[C@@H]2CCCN2C(=O)[C@H](CC(C)C)N(C)C(=O)[C@H](Cc2ccccc2)NC(=O)[C@H](CC(C)C)NC(=O)[C@H]([C@@H](C)O)NC(=O)CCCCc2cccc(c2)C[C@@H](C(=O)N2CCCCC2)NC(=O)[C@H](CC(C)C)NC(=O)CN(C)C1=O,-5.0818365079365035,2.162773370742798
"PEPTIDE1{[meA].[meF].A.[meL].T.F.[meI].[meA].[meL].[Ser(tBu)].[meL].D.[-pip]}$PEPTIDE1,PEPTIDE1,1:R1-12:R3$$$",CC[C@H](C)[C@H]1C(=O)N(C)[C@@H](C)C(=O)N(C)[C@@H](CC(C)C)C(=O)N[C@@H](COC(C)(C)C)C(=O)N(C)[C@@H](CC(C)C)C(=O)N[C@H](C(=O)N2CCCCC2)CC(=O)N(C)[C@@H](C)C(=O)N(C)[C@@H](Cc2ccccc2)C(=O)N[C@@H](C)C(=O)N(C)[C@@H](CC(C)C)C(=O)N[C@@H]([C@@H](C)O)C(=O)N[C@@H](Cc2ccccc2)C(=O)N1C,-5.088300000000003,1.892042875289917
"PEPTIDE1{L.[meA].[meF].[Sar].[meL].T.D.[-pip]}$PEPTIDE1,PEPTIDE1,1:R1-7:R3$$$",CC(C)C[C@@H]1NC(=O)C[C@@H](C(=O)N2CCCCC2)NC(=O)[C@H]([C@@H](C)O)NC(=O)[C@H](CC(C)C)N(C)C(=O)CN(C)C(=O)[C@H](Cc2ccccc2)N(C)C(=O)[C@H](C)N(C)C1=O,-5.088959168609171,1.3296838998794556
"PEPTIDE1{[Me_Bal].L.I.[Sar].L.V.L.T.F.L.D.[-pip]}$PEPTIDE1,PEPTIDE1,1:R1-11:R3$$$",CC[C@H](C)[C@@H]1NC(=O)[C@H](CC(C)C)NC(=O)CCN(C)C(=O)C[C@@H](C(=O)N2CCCCC2)NC(=O)[C@H](CC(C)C)NC(=O)[C@H](Cc2ccccc2)NC(=O)[C@H]([C@@H](C)O)NC(=O)[C@H](CC(C)C)NC(=O)[C@H](C(C)C)NC(=O)[C@H](CC(C)C)NC(=O)CN(C)C1=O,-5.091849999999997,1.493274807929993
"PEPTIDE1{L.[Me_dA].[meL].L.[Me_dA].[meF]}$PEPTIDE1,PEPTIDE1,1:R1-6:R2$$$",CC(C)C[C@@H]1NC(=O)[C@H](CC(C)C)N(C)C(=O)[C@@H](C)N(C)C(=O)[C@H](CC(C)C)NC(=O)[C@H](Cc2ccccc2)N(C)C(=O)[C@@H](C)N(C)C1=O,-5.092569402063592,1.4375669956207275
"PEPTIDE1{A.I.P.[meL].T.G.F.[meA].V.L.L.D.[-pip]}$PEPTIDE1,PEPTIDE1,1:R1-12:R3$$$",CC[C@H](C)[C@@H]1NC(=O)[C@H](C)NC(=O)C[C@@H](C(=O)N2CCCCC2)NC(=O)[C@H](CC(C)C)NC(=O)[C@H](CC(C)C)NC(=O)[C@H](C(C)C)NC(=O)[C@H](C)N(C)C(=O)[C@H](Cc2ccccc2)NC(=O)CNC(=O)[C@H]([C@@H](C)O)NC(=O)[C@H](CC(C)C)N(C)C(=O)[C@@H]2CCCN2C1=O,-5.0951235641025585,1.7888062000274658
"PEPTIDE1{[ac-].P.T.[dL].[meL].[meL].[meL].[Me_dA].L.[dP]}$PEPTIDE1,PEPTIDE1,3:R3-10:R2$$$",CC(=O)N1CCC[C@H]1C(=O)N[C@@H]1C(=O)N[C@H](CC(C)C)C(=O)N(C)[C@@H](CC(C)C)C(=O)N(C)[C@@H](CC(C)C)C(=O)N(C)[C@@H](CC(C)C)C(=O)N(C)[C@H](C)C(=O)N[C@@H](CC(C)C)C(=O)N2CCC[C@@H]2C(=O)O[C@@H]1C,-5.095296980084759,1.3035876750946045
"PEPTIDE1{[ac-].P.T.[dL].[Me_dL].[meL].[Me_dL].[Me_dA].L.[dP]}$PEPTIDE1,PEPTIDE1,3:R3-10:R2$$$",CC(=O)N1CCC[C@H]1C(=O)N[C@@H]1C(=O)N[C@H](CC(C)C)C(=O)N(C)[C@H](CC(C)C)C(=O)N(C)[C@@H](CC(C)C)C(=O)N(C)[C@H](CC(C)C)C(=O)N(C)[C@H](C)C(=O)N[C@@H](CC(C)C)C(=O)N2CCC[C@@H]2C(=O)O[C@@H]1C,-5.095296980084759,1.3035876750946045
"PEPTIDE1{[ac-].P.T.[dL].[meL].[Me_dL].[Me_dL].[meA].L.[dP]}$PEPTIDE1,PEPTIDE1,3:R3-10:R2$$$",CC(=O)N1CCC[C@H]1C(=O)N[C@@H]1C(=O)N[C@H](CC(C)C)C(=O)N(C)[C@@H](CC(C)C)C(=O)N(C)[C@H](CC(C)C)C(=O)N(C)[C@H](CC(C)C)C(=O)N(C)[C@@H](C)C(=O)N[C@@H](CC(C)C)C(=O)N2CCC[C@@H]2C(=O)O[C@@H]1C,-5.095296980084759,1.3035876750946045
"PEPTIDE1{[ac-].P.T.[dL].[Me_dL].[Me_dL].[meL].[meA].L.[dP]}$PEPTIDE1,PEPTIDE1,3:R3-10:R2$$$",CC(=O)N1CCC[C@H]1C(=O)N[C@@H]1C(=O)N[C@H](CC(C)C)C(=O)N(C)[C@H](CC(C)C)C(=O)N(C)[C@H](CC(C)C)C(=O)N(C)[C@@H](CC(C)C)C(=O)N(C)[C@@H](C)C(=O)N[C@@H](CC(C)C)C(=O)N2CCC[C@@H]2C(=O)O[C@@H]1C,-5.095296980084759,1.3035876750946045
"PEPTIDE1{[ac-].P.T.[dL].[Me_dL].[Me_dL].[meL].[Me_dA].L.[dP]}$PEPTIDE1,PEPTIDE1,3:R3-10:R2$$$",CC(=O)N1CCC[C@H]1C(=O)N[C@@H]1C(=O)N[C@H](CC(C)C)C(=O)N(C)[C@H](CC(C)C)C(=O)N(C)[C@H](CC(C)C)C(=O)N(C)[C@@H](CC(C)C)C(=O)N(C)[C@H](C)C(=O)N[C@@H](CC(C)C)C(=O)N2CCC[C@@H]2C(=O)O[C@@H]1C,-5.095296980084759,1.3035876750946045
"PEPTIDE1{[ac-].P.T.[dL].[Me_dL].[meL].[Me_dL].[meA].L.[dP]}$PEPTIDE1,PEPTIDE1,3:R3-10:R2$$$",CC(=O)N1CCC[C@H]1C(=O)N[C@@H]1C(=O)N[C@H](CC(C)C)C(=O)N(C)[C@H](CC(C)C)C(=O)N(C)[C@@H](CC(C)C)C(=O)N(C)[C@H](CC(C)C)C(=O)N(C)[C@@H](C)C(=O)N[C@@H](CC(C)C)C(=O)N2CCC[C@@H]2C(=O)O[C@@H]1C,-5.095296980084759,1.3035876750946045
"PEPTIDE1{[ac-].P.T.[dL].[Me_dL].[meL].[meL].[meA].L.[dP]}$PEPTIDE1,PEPTIDE1,3:R3-10:R2$$$",CC(=O)N1CCC[C@H]1C(=O)N[C@@H]1C(=O)N[C@H](CC(C)C)C(=O)N(C)[C@H](CC(C)C)C(=O)N(C)[C@@H](CC(C)C)C(=O)N(C)[C@@H](CC(C)C)C(=O)N(C)[C@@H](C)C(=O)N[C@@H](CC(C)C)C(=O)N2CCC[C@@H]2C(=O)O[C@@H]1C,-5.095296980084759,1.3035876750946045
"PEPTIDE1{[ac-].P.T.[dL].[meL].[meL].[Me_dL].[meA].L.[dP]}$PEPTIDE1,PEPTIDE1,3:R3-10:R2$$$",CC(=O)N1CCC[C@H]1C(=O)N[C@@H]1C(=O)N[C@H](CC(C)C)C(=O)N(C)[C@@H](CC(C)C)C(=O)N(C)[C@@H](CC(C)C)C(=O)N(C)[C@H](CC(C)C)C(=O)N(C)[C@@H](C)C(=O)N[C@@H](CC(C)C)C(=O)N2CCC[C@@H]2C(=O)O[C@@H]1C,-5.095296980084759,1.3035876750946045
"PEPTIDE1{[ac-].P.T.[dL].[meL].[Me_dL].[meL].[meA].L.[dP]}$PEPTIDE1,PEPTIDE1,3:R3-10:R2$$$",CC(=O)N1CCC[C@H]1C(=O)N[C@@H]1C(=O)N[C@H](CC(C)C)C(=O)N(C)[C@@H](CC(C)C)C(=O)N(C)[C@H](CC(C)C)C(=O)N(C)[C@@H](CC(C)C)C(=O)N(C)[C@@H](C)C(=O)N[C@@H](CC(C)C)C(=O)N2CCC[C@@H]2C(=O)O[C@@H]1C,-5.095296980084759,1.3035876750946045
"PEPTIDE1{[ac-].P.T.[dL].[meL].[meL].[Me_dL].[Me_dA].L.[dP]}$PEPTIDE1,PEPTIDE1,3:R3-10:R2$$$",CC(=O)N1CCC[C@H]1C(=O)N[C@@H]1C(=O)N[C@H](CC(C)C)C(=O)N(C)[C@@H](CC(C)C)C(=O)N(C)[C@@H](CC(C)C)C(=O)N(C)[C@H](CC(C)C)C(=O)N(C)[C@H](C)C(=O)N[C@@H](CC(C)C)C(=O)N2CCC[C@@H]2C(=O)O[C@@H]1C,-5.095296980084759,1.3035876750946045
"PEPTIDE1{[Sar].F.[meV].[meA].T.[meA].I.[meL].[meA].D.[meF].A.[-pip]}$PEPTIDE1,PEPTIDE1,1:R1-10:R3$$$",CC[C@H](C)[C@@H]1NC(=O)[C@H](C)N(C)C(=O)[C@H]([C@@H](C)O)NC(=O)[C@H](C)N(C)C(=O)[C@H](C(C)C)N(C)C(=O)[C@H](Cc2ccccc2)NC(=O)CN(C)C(=O)C[C@@H](C(=O)N(C)[C@@H](Cc2ccccc2)C(=O)N[C@@H](C)C(=O)N2CCCCC2)NC(=O)[C@H](C)N(C)C(=O)[C@H](CC(C)C)N(C)C1=O,-5.0954,2.0152924060821533
"PEPTIDE1{V.L.[meL].[meL].[Sar].T.D.[-pip]}$PEPTIDE1,PEPTIDE1,1:R1-7:R3$$$",CC(C)C[C@@H]1NC(=O)[C@H](C(C)C)NC(=O)C[C@@H](C(=O)N2CCCCC2)NC(=O)[C@H]([C@@H](C)O)NC(=O)CN(C)C(=O)[C@H](CC(C)C)N(C)C(=O)[C@H](CC(C)C)N(C)C1=O,-5.096310213032581,1.7500215768814087
"PEPTIDE1{[meF].[meL].I.[meA].[meF].T.[meA].[meL].[Mono9].[-pip]}$PEPTIDE1,PEPTIDE1,1:R1-9:R3$$$",C=C1CCC(=O)N(C)[C@@H](Cc2ccccc2)C(=O)N(C)[C@@H](CC(C)C)C(=O)N[C@@H]([C@@H](C)CC)C(=O)N(C)[C@@H](C)C(=O)N(C)[C@@H](Cc2ccccc2)C(=O)N[C@@H]([C@@H](C)O)C(=O)N(C)[C@@H](C)C(=O)N(C)[C@@H](CC(C)C)C(=O)N[C@H](C(=O)N2CCCCC2)Cc2ccc1cc2,-5.0980000000000025,1.639512538909912
"PEPTIDE1{[Me_dA].[meA].[meF].T.[meA].[meL].I.[meL].[meV].D.[meF].[meF].A.[-pip]}$PEPTIDE1,PEPTIDE1,1:R1-10:R3$$$",CC[C@H](C)[C@@H]1NC(=O)[C@H](CC(C)C)N(C)C(=O)[C@H](C)N(C)C(=O)[C@H]([C@@H](C)O)NC(=O)[C@H](Cc2ccccc2)N(C)C(=O)[C@H](C)N(C)C(=O)[C@@H](C)N(C)C(=O)C[C@@H](C(=O)N(C)[C@@H](Cc2ccccc2)C(=O)N(C)[C@@H](Cc2ccccc2)C(=O)N[C@@H](C)C(=O)N2CCCCC2)NC(=O)[C@H](C(C)C)N(C)C(=O)[C@H](CC(C)C)N(C)C1=O,-5.099050000000004,2.036869525909424
"PEPTIDE1{[Sar].L.T.[Pr_Gly].[meF].A.[meF].[meL].[meI].[meL].D.[-pip]}$PEPTIDE1,PEPTIDE1,1:R1-11:R3$$$",CCCN1CC(=O)N(C)[C@@H](Cc2ccccc2)C(=O)N[C@@H](C)C(=O)N(C)[C@@H](Cc2ccccc2)C(=O)N(C)[C@@H](CC(C)C)C(=O)N(C)[C@@H]([C@@H](C)CC)C(=O)N(C)[C@@H](CC(C)C)C(=O)N[C@H](C(=O)N2CCCCC2)CC(=O)N(C)CC(=O)N[C@@H](CC(C)C)C(=O)N[C@@H]([C@@H](C)O)C1=O,-5.1012,1.6835708618164062
"PEPTIDE1{[Mono14].L.[meF].P.I.P}$PEPTIDE1,PEPTIDE1,1:R1-6:R2$$$",CC[C@@H](C)[C@@H]1NC(=O)[C@@H]2CCCN2C(=O)[C@H]([C@@H](C)CC)NC(=O)[C@@H]2CCCN2C(=O)[C@H](Cc2ccccc2)N(C)C(=O)[C@H](CC(C)C)NC(=O)c2csc1n2,-5.103085909090904,1.8603013753890991
"PEPTIDE1{[Mono35].F.L.L}$PEPTIDE1,PEPTIDE1,1:R1-4:R2$$$",CC[C@@H]1c2nnc(o2)[C@H](Cc2ccccc2)NC(=O)[C@H](CC(C)C)NC(=O)[C@H](CC(C)C)NC(=O)[C@H](Cc2ccccc2)NC(=O)[C@@H]2CCCN12,-5.104648988095231,1.2960597276687622
"PEPTIDE1{[meA].[meL].F.T.[Sar].[meA].[meV].A.[meL].L.D.[-pip]}$PEPTIDE1,PEPTIDE1,1:R1-11:R3$$$",CC(C)C[C@@H]1NC(=O)[C@H](CC(C)C)N(C)C(=O)[C@H](C)NC(=O)[C@H](C(C)C)N(C)C(=O)[C@H](C)N(C)C(=O)CN(C)C(=O)[C@H]([C@@H](C)O)NC(=O)[C@H](Cc2ccccc2)NC(=O)[C@H](CC(C)C)N(C)C(=O)[C@H](C)N(C)C(=O)C[C@@H](C(=O)N2CCCCC2)NC1=O,-5.106699999999999,1.8391863107681272
"PEPTIDE1{[Me_dA].[meL].F.T.[Sar].[meA].[meV].A.[meL].L.D.[-pip]}$PEPTIDE1,PEPTIDE1,1:R1-11:R3$$$",CC(C)C[C@@H]1NC(=O)[C@H](CC(C)C)N(C)C(=O)[C@H](C)NC(=O)[C@H](C(C)C)N(C)C(=O)[C@H](C)N(C)C(=O)CN(C)C(=O)[C@H]([C@@H](C)O)NC(=O)[C@H](Cc2ccccc2)NC(=O)[C@H](CC(C)C)N(C)C(=O)[C@@H](C)N(C)C(=O)C[C@@H](C(=O)N2CCCCC2)NC1=O,-5.106699999999999,1.8391863107681272
"PEPTIDE1{V.[meL].L.[meA].[Phe(4-CF3)].T.[meF].[meL].[Asp_piperidide]}$PEPTIDE1,PEPTIDE1,1:R1-9:R2$$$",CC(C)C[C@@H]1NC(=O)[C@H](CC(C)C)N(C)C(=O)[C@H](C(C)C)NC(=O)C[C@@H](C(=O)N2CCCCC2)NC(=O)[C@H](CC(C)C)N(C)C(=O)[C@H](Cc2ccccc2)N(C)C(=O)[C@H]([C@@H](C)O)NC(=O)[C@H](Cc2ccc(C(F)(F)F)cc2)NC(=O)[C@H](C)N(C)C1=O,-5.106812070376432,1.5607388019561768
"PEPTIDE1{[meV].L.[Me_Abu].[meF].A.[meF].[Me_Abu].T.[pentyl_Gly].[meL].[Asp_piperidide]}$PEPTIDE1,PEPTIDE1,1:R1-11:R2$$$",CCCCCN1CC(=O)N(C)[C@@H](CC(C)C)C(=O)N[C@H](C(=O)N2CCCCC2)CC(=O)N(C)[C@@H](C(C)C)C(=O)N[C@@H](CC(C)C)C(=O)N(C)[C@@H](CC)C(=O)N(C)[C@@H](Cc2ccccc2)C(=O)N[C@@H](C)C(=O)N(C)[C@@H](Cc2ccccc2)C(=O)N(C)[C@@H](CC)C(=O)N[C@@H]([C@@H](C)O)C1=O,-5.107100000000006,1.9030481576919556
"PEPTIDE1{[meA].[meF].[meA].T.[meA].V.[meL].[meA].D.[meF].A.[-pip]}$PEPTIDE1,PEPTIDE1,1:R1-9:R3$$$",CC(C)C[C@H]1C(=O)N(C)[C@@H](C)C(=O)N[C@H](C(=O)N(C)[C@@H](Cc2ccccc2)C(=O)N[C@@H](C)C(=O)N2CCCCC2)CC(=O)N(C)[C@@H](C)C(=O)N(C)[C@@H](Cc2ccccc2)C(=O)N(C)[C@@H](C)C(=O)N[C@@H]([C@@H](C)O)C(=O)N(C)[C@@H](C)C(=O)N[C@@H](C(C)C)C(=O)N1C,-5.108600000000002,1.6729869842529297
"PEPTIDE1{L.[Me_dL].[meL].L.[dP].[Mono34]}$PEPTIDE1,PEPTIDE1,1:R1-6:R2$$$",CC(C)C[C@@H]1NC(=O)CN(CCCOC(C)C)C(=O)[C@H]2CCCN2C(=O)[C@H](CC(C)C)NC(=O)[C@H](CC(C)C)N(C)C(=O)[C@@H](CC(C)C)N(C)C1=O,-5.109735307017548,1.5921012163162231
"PEPTIDE1{L.[meA].L.[dP].[meF].L.[meA].T.[dP].[meF]}$PEPTIDE1,PEPTIDE1,1:R1-10:R2$$$",CC(C)C[C@@H]1NC(=O)[C@H](Cc2ccccc2)N(C)C(=O)[C@H]2CCCN2C(=O)[C@H](CC(C)C)NC(=O)[C@H](C)N(C)C(=O)[C@H](CC(C)C)NC(=O)[C@H](Cc2ccccc2)N(C)C(=O)[C@H]2CCCN2C(=O)[C@H]([C@@H](C)O)NC(=O)[C@H](C)N(C)C1=O,-5.111112609890107,1.1764838695526123
"PEPTIDE1{[meA].[dL].[Me_dL].[dP].[Bn_Gly].F}$PEPTIDE1,PEPTIDE1,1:R1-6:R2$$$",CC(C)C[C@@H]1C(=O)N2CCC[C@@H]2C(=O)N(Cc2ccccc2)CC(=O)N[C@@H](Cc2ccccc2)C(=O)N(C)[C@@H](C)C(=O)N[C@H](CC(C)C)C(=O)N1C,-5.112877617333649,1.7605061531066897
"PEPTIDE1{[Me_dA].[dL].[Me_dL].P.[Bn_Gly].F}$PEPTIDE1,PEPTIDE1,1:R1-6:R2$$$",CC(C)C[C@@H]1C(=O)N2CCC[C@H]2C(=O)N(Cc2ccccc2)CC(=O)N[C@@H](Cc2ccccc2)C(=O)N(C)[C@H](C)C(=O)N[C@H](CC(C)C)C(=O)N1C,-5.112877617333649,1.7605061531066897
"PEPTIDE1{[meA].L.[meL].[dP].[Bn_Gly].F}$PEPTIDE1,PEPTIDE1,1:R1-6:R2$$$",CC(C)C[C@@H]1NC(=O)[C@H](C)N(C)C(=O)[C@H](Cc2ccccc2)NC(=O)CN(Cc2ccccc2)C(=O)[C@H]2CCCN2C(=O)[C@H](CC(C)C)N(C)C1=O,-5.112877617333649,1.7605061531066897
"PEPTIDE1{[Me_dA].L.[meL].[dP].[Bn_Gly].F}$PEPTIDE1,PEPTIDE1,1:R1-6:R2$$$",CC(C)C[C@@H]1NC(=O)[C@@H](C)N(C)C(=O)[C@H](Cc2ccccc2)NC(=O)CN(Cc2ccccc2)C(=O)[C@H]2CCCN2C(=O)[C@H](CC(C)C)N(C)C1=O,-5.112877617333649,1.7605061531066897
"PEPTIDE1{[meA].L.[Me_dL].P.[Bn_Gly].F}$PEPTIDE1,PEPTIDE1,1:R1-6:R2$$$",CC(C)C[C@@H]1NC(=O)[C@H](C)N(C)C(=O)[C@H](Cc2ccccc2)NC(=O)CN(Cc2ccccc2)C(=O)[C@@H]2CCCN2C(=O)[C@@H](CC(C)C)N(C)C1=O,-5.112877617333649,1.7605061531066897
"PEPTIDE1{[Me_dA].L.[Me_dL].[dP].[Bn_Gly].F}$PEPTIDE1,PEPTIDE1,1:R1-6:R2$$$",CC(C)C[C@@H]1NC(=O)[C@@H](C)N(C)C(=O)[C@H](Cc2ccccc2)NC(=O)CN(Cc2ccccc2)C(=O)[C@H]2CCCN2C(=O)[C@@H](CC(C)C)N(C)C1=O,-5.112877617333649,1.7605061531066897
"PEPTIDE1{[Me_dA].[dL].[meL].[dP].[Bn_Gly].F}$PEPTIDE1,PEPTIDE1,1:R1-6:R2$$$",CC(C)C[C@H]1NC(=O)[C@@H](C)N(C)C(=O)[C@H](Cc2ccccc2)NC(=O)CN(Cc2ccccc2)C(=O)[C@H]2CCCN2C(=O)[C@H](CC(C)C)N(C)C1=O,-5.112877617333649,1.7605061531066897
"PEPTIDE1{[Me_dA].L.[Me_dL].P.[Bn_Gly].F}$PEPTIDE1,PEPTIDE1,1:R1-6:R2$$$",CC(C)C[C@@H]1NC(=O)[C@@H](C)N(C)C(=O)[C@H](Cc2ccccc2)NC(=O)CN(Cc2ccccc2)C(=O)[C@@H]2CCCN2C(=O)[C@@H](CC(C)C)N(C)C1=O,-5.112877617333649,1.7605061531066897
"PEPTIDE1{[meA].[dL].[meL].P.[Bn_Gly].F}$PEPTIDE1,PEPTIDE1,1:R1-6:R2$$$",CC(C)C[C@H]1NC(=O)[C@H](C)N(C)C(=O)[C@H](Cc2ccccc2)NC(=O)CN(Cc2ccccc2)C(=O)[C@@H]2CCCN2C(=O)[C@H](CC(C)C)N(C)C1=O,-5.112877617333649,1.7605061531066897
"PEPTIDE1{[Me_dA].L.[meL].P.[Bn_Gly].F}$PEPTIDE1,PEPTIDE1,1:R1-6:R2$$$",CC(C)C[C@@H]1NC(=O)[C@@H](C)N(C)C(=O)[C@H](Cc2ccccc2)NC(=O)CN(Cc2ccccc2)C(=O)[C@@H]2CCCN2C(=O)[C@H](CC(C)C)N(C)C1=O,-5.112877617333649,1.7605061531066897
"PEPTIDE1{[Me_dA].[Me_dL].[dL].P.[Bn_Gly].F}$PEPTIDE1,PEPTIDE1,1:R1-6:R2$$$",CC(C)C[C@@H]1C(=O)N[C@H](CC(C)C)C(=O)N2CCC[C@H]2C(=O)N(Cc2ccccc2)CC(=O)N[C@@H](Cc2ccccc2)C(=O)N(C)[C@H](C)C(=O)N1C,-5.1143096187932295,1.4732372760772705
"PEPTIDE1{[Me_dA].[meL].[dL].P.[Bn_Gly].F}$PEPTIDE1,PEPTIDE1,1:R1-6:R2$$$",CC(C)C[C@H]1NC(=O)[C@H](CC(C)C)N(C)C(=O)[C@@H](C)N(C)C(=O)[C@H](Cc2ccccc2)NC(=O)CN(Cc2ccccc2)C(=O)[C@@H]2CCCN2C1=O,-5.1143096187932295,1.4732372760772705
"PEPTIDE1{[meA].[meL].L.P.[Bn_Gly].F}$PEPTIDE1,PEPTIDE1,1:R1-6:R2$$$",CC(C)C[C@@H]1NC(=O)[C@H](CC(C)C)N(C)C(=O)[C@H](C)N(C)C(=O)[C@H](Cc2ccccc2)NC(=O)CN(Cc2ccccc2)C(=O)[C@@H]2CCCN2C1=O,-5.1143096187932295,1.4732372760772705
"PEPTIDE1{[meA].[Me_dL].L.P.[Bn_Gly].F}$PEPTIDE1,PEPTIDE1,1:R1-6:R2$$$",CC(C)C[C@@H]1NC(=O)[C@@H](CC(C)C)N(C)C(=O)[C@H](C)N(C)C(=O)[C@H](Cc2ccccc2)NC(=O)CN(Cc2ccccc2)C(=O)[C@@H]2CCCN2C1=O,-5.1143096187932295,1.4732372760772705
"PEPTIDE1{[Me_dA].[Me_dL].L.P.[Bn_Gly].F}$PEPTIDE1,PEPTIDE1,1:R1-6:R2$$$",CC(C)C[C@@H]1NC(=O)[C@@H](CC(C)C)N(C)C(=O)[C@@H](C)N(C)C(=O)[C@H](Cc2ccccc2)NC(=O)CN(Cc2ccccc2)C(=O)[C@@H]2CCCN2C1=O,-5.1143096187932295,1.4732372760772705
"PEPTIDE1{[Me_dA].[meL].L.P.[Bn_Gly].F}$PEPTIDE1,PEPTIDE1,1:R1-6:R2$$$",CC(C)C[C@@H]1NC(=O)[C@H](CC(C)C)N(C)C(=O)[C@@H](C)N(C)C(=O)[C@H](Cc2ccccc2)NC(=O)CN(Cc2ccccc2)C(=O)[C@@H]2CCCN2C1=O,-5.1143096187932295,1.4732372760772705
"PEPTIDE1{[meA].[meL].[dL].[dP].[Bn_Gly].F}$PEPTIDE1,PEPTIDE1,1:R1-6:R2$$$",CC(C)C[C@H]1NC(=O)[C@H](CC(C)C)N(C)C(=O)[C@H](C)N(C)C(=O)[C@H](Cc2ccccc2)NC(=O)CN(Cc2ccccc2)C(=O)[C@H]2CCCN2C1=O,-5.1143096187932295,1.4732372760772705
"PEPTIDE1{[Me_dA].[Me_dL].L.[dP].[Bn_Gly].F}$PEPTIDE1,PEPTIDE1,1:R1-6:R2$$$",CC(C)C[C@@H]1NC(=O)[C@@H](CC(C)C)N(C)C(=O)[C@@H](C)N(C)C(=O)[C@H](Cc2ccccc2)NC(=O)CN(Cc2ccccc2)C(=O)[C@H]2CCCN2C1=O,-5.1143096187932295,1.4732372760772705
"PEPTIDE1{[meA].[meL].L.[dP].[Bn_Gly].F}$PEPTIDE1,PEPTIDE1,1:R1-6:R2$$$",CC(C)C[C@@H]1NC(=O)[C@H](CC(C)C)N(C)C(=O)[C@H](C)N(C)C(=O)[C@H](Cc2ccccc2)NC(=O)CN(Cc2ccccc2)C(=O)[C@H]2CCCN2C1=O,-5.1143096187932295,1.4732372760772705
"PEPTIDE1{[Me_dA].[meL].L.[dP].[Bn_Gly].F}$PEPTIDE1,PEPTIDE1,1:R1-6:R2$$$",CC(C)C[C@@H]1NC(=O)[C@H](CC(C)C)N(C)C(=O)[C@@H](C)N(C)C(=O)[C@H](Cc2ccccc2)NC(=O)CN(Cc2ccccc2)C(=O)[C@H]2CCCN2C1=O,-5.1143096187932295,1.4732372760772705
"PEPTIDE1{[meA].[Me_dL].[dL].P.[Bn_Gly].F}$PEPTIDE1,PEPTIDE1,1:R1-6:R2$$$",CC(C)C[C@@H]1C(=O)N[C@H](CC(C)C)C(=O)N2CCC[C@H]2C(=O)N(Cc2ccccc2)CC(=O)N[C@@H](Cc2ccccc2)C(=O)N(C)[C@@H](C)C(=O)N1C,-5.1143096187932295,1.4732372760772705
"PEPTIDE1{[meA].[meL].[dL].P.[Bn_Gly].F}$PEPTIDE1,PEPTIDE1,1:R1-6:R2$$$",CC(C)C[C@H]1NC(=O)[C@H](CC(C)C)N(C)C(=O)[C@H](C)N(C)C(=O)[C@H](Cc2ccccc2)NC(=O)CN(Cc2ccccc2)C(=O)[C@@H]2CCCN2C1=O,-5.1143096187932295,1.4732372760772705
"PEPTIDE1{[meA].[Me_dL].L.[dP].[Bn_Gly].F}$PEPTIDE1,PEPTIDE1,1:R1-6:R2$$$",CC(C)C[C@@H]1NC(=O)[C@@H](CC(C)C)N(C)C(=O)[C@H](C)N(C)C(=O)[C@H](Cc2ccccc2)NC(=O)CN(Cc2ccccc2)C(=O)[C@H]2CCCN2C1=O,-5.1143096187932295,1.4732372760772705
"PEPTIDE1{[Me_dA].[meF].[meA].V.[meL].[meA].T.[meA].D.[meF].A.[-pip]}$PEPTIDE1,PEPTIDE1,1:R1-9:R3$$$",CC(C)C[C@H]1C(=O)N(C)[C@@H](C)C(=O)N[C@@H]([C@@H](C)O)C(=O)N(C)[C@@H](C)C(=O)N[C@H](C(=O)N(C)[C@@H](Cc2ccccc2)C(=O)N[C@@H](C)C(=O)N2CCCCC2)CC(=O)N(C)[C@H](C)C(=O)N(C)[C@@H](Cc2ccccc2)C(=O)N(C)[C@@H](C)C(=O)N[C@@H](C(C)C)C(=O)N1C,-5.114600000000003,1.6729869842529297
"PEPTIDE1{[Me_dL].[meL].[Me_dL].[Me_dL].[meA].[Me_dA].[dP].[meY]}$PEPTIDE1,PEPTIDE1,1:R1-8:R2$$$",CC(C)C[C@@H]1C(=O)N(C)[C@@H](C)C(=O)N(C)[C@H](C)C(=O)N2CCC[C@@H]2C(=O)N(C)[C@@H](Cc2ccc(O)cc2)C(=O)N(C)[C@H](CC(C)C)C(=O)N(C)[C@@H](CC(C)C)C(=O)N(C)[C@H](CC(C)C)C(=O)N1C,-5.117790000000013,1.2940406799316406
"PEPTIDE1{[Pr_Gly].L.T.[Sar].[meF].A.[meF].[meL].[meI].[meL].D.[-pip]}$PEPTIDE1,PEPTIDE1,1:R1-11:R3$$$",CCCN1CC(=O)N[C@@H](CC(C)C)C(=O)N[C@@H]([C@@H](C)O)C(=O)N(C)CC(=O)N(C)[C@@H](Cc2ccccc2)C(=O)N[C@@H](C)C(=O)N(C)[C@@H](Cc2ccccc2)C(=O)N(C)[C@@H](CC(C)C)C(=O)N(C)[C@@H]([C@@H](C)CC)C(=O)N(C)[C@@H](CC(C)C)C(=O)N[C@H](C(=O)N2CCCCC2)CC1=O,-5.117791666666667,1.5996822118759155
"PEPTIDE1{[dP].[dPye].[Cha].[dL].[Hph].L}$PEPTIDE1,PEPTIDE1,1:R1-6:R2$$$",CC(C)C[C@@H]1NC(=O)[C@H](CCc2ccccc2)NC(=O)[C@@H](CC(C)C)NC(=O)[C@H](CC2CCCCC2)NC(=O)[C@@H](CCC(=O)N2CCCC2)NC(=O)[C@H]2CCCN2C1=O,-5.123199768909253,1.4014972448349
PEPTIDE1{[X1340].[Nva].L.[am]}$$$$,CCC[C@H](NC(=O)[C@](C)(CCC)NCCCC1CCCCC1)C(=O)N[C@@H](CC(C)C)C(N)=O,-5.123456663059166,1.3337944746017456
"PEPTIDE1{[meA].L.L.A.L.[Sar].T.F.L.[meV].D.[-pip]}$PEPTIDE1,PEPTIDE1,1:R1-11:R3$$$",CC(C)C[C@@H]1NC(=O)[C@H](CC(C)C)NC(=O)[C@H](C)N(C)C(=O)C[C@@H](C(=O)N2CCCCC2)NC(=O)[C@H](C(C)C)N(C)C(=O)[C@H](CC(C)C)NC(=O)[C@H](Cc2ccccc2)NC(=O)[C@H]([C@@H](C)O)NC(=O)CN(C)C(=O)[C@H](CC(C)C)NC(=O)[C@H](C)NC1=O,-5.125783850931676,1.7093589305877686
"PEPTIDE1{[dP].[Pr_Gly].[Me_dL].L.P.[meL].F}$PEPTIDE1,PEPTIDE1,1:R1-7:R2$$$",CCCN1CC(=O)N(C)[C@H](CC(C)C)C(=O)N[C@@H](CC(C)C)C(=O)N2CCC[C@H]2C(=O)N(C)[C@@H](CC(C)C)C(=O)N[C@@H](Cc2ccccc2)C(=O)N2CCC[C@@H]2C1=O,-5.127613009416581,1.5294994115829468
"PEPTIDE1{P.[Pr_Gly].[Me_dL].[dL].P.[meL].F}$PEPTIDE1,PEPTIDE1,1:R1-7:R2$$$",CCCN1CC(=O)N(C)[C@H](CC(C)C)C(=O)N[C@H](CC(C)C)C(=O)N2CCC[C@H]2C(=O)N(C)[C@@H](CC(C)C)C(=O)N[C@@H](Cc2ccccc2)C(=O)N2CCC[C@H]2C1=O,-5.127613009416581,1.5294994115829468
"PEPTIDE1{[dP].[Pr_Gly].[meL].[dL].[dP].[Me_dL].F}$PEPTIDE1,PEPTIDE1,1:R1-7:R2$$$",CCCN1CC(=O)N(C)[C@@H](CC(C)C)C(=O)N[C@H](CC(C)C)C(=O)N2CCC[C@@H]2C(=O)N(C)[C@H](CC(C)C)C(=O)N[C@@H](Cc2ccccc2)C(=O)N2CCC[C@@H]2C1=O,-5.127613009416581,1.5294994115829468
"PEPTIDE1{P.[Pr_Gly].[Me_dL].L.P.[Me_dL].F}$PEPTIDE1,PEPTIDE1,1:R1-7:R2$$$",CCCN1CC(=O)N(C)[C@H](CC(C)C)C(=O)N[C@@H](CC(C)C)C(=O)N2CCC[C@H]2C(=O)N(C)[C@H](CC(C)C)C(=O)N[C@@H](Cc2ccccc2)C(=O)N2CCC[C@H]2C1=O,-5.127613009416581,1.5294994115829468
"PEPTIDE1{P.[Pr_Gly].[Me_dL].L.[dP].[meL].F}$PEPTIDE1,PEPTIDE1,1:R1-7:R2$$$",CCCN1CC(=O)N(C)[C@H](CC(C)C)C(=O)N[C@@H](CC(C)C)C(=O)N2CCC[C@@H]2C(=O)N(C)[C@@H](CC(C)C)C(=O)N[C@@H](Cc2ccccc2)C(=O)N2CCC[C@H]2C1=O,-5.127613009416581,1.5294994115829468
"PEPTIDE1{[dP].[Pr_Gly].[meL].L.[dP].[meL].F}$PEPTIDE1,PEPTIDE1,1:R1-7:R2$$$",CCCN1CC(=O)N(C)[C@@H](CC(C)C)C(=O)N[C@@H](CC(C)C)C(=O)N2CCC[C@@H]2C(=O)N(C)[C@@H](CC(C)C)C(=O)N[C@@H](Cc2ccccc2)C(=O)N2CCC[C@@H]2C1=O,-5.127613009416581,1.5294994115829468
"PEPTIDE1{[dP].[Pr_Gly].[Me_dL].[dL].[dP].[Me_dL].F}$PEPTIDE1,PEPTIDE1,1:R1-7:R2$$$",CCCN1CC(=O)N(C)[C@H](CC(C)C)C(=O)N[C@H](CC(C)C)C(=O)N2CCC[C@@H]2C(=O)N(C)[C@H](CC(C)C)C(=O)N[C@@H](Cc2ccccc2)C(=O)N2CCC[C@@H]2C1=O,-5.127613009416581,1.5294994115829468
"PEPTIDE1{[dP].[Pr_Gly].[meL].L.[dP].[Me_dL].F}$PEPTIDE1,PEPTIDE1,1:R1-7:R2$$$",CCCN1CC(=O)N(C)[C@@H](CC(C)C)C(=O)N[C@@H](CC(C)C)C(=O)N2CCC[C@@H]2C(=O)N(C)[C@H](CC(C)C)C(=O)N[C@@H](Cc2ccccc2)C(=O)N2CCC[C@@H]2C1=O,-5.127613009416581,1.5294994115829468
"PEPTIDE1{[dP].[Pr_Gly].[meL].[dL].P.[Me_dL].F}$PEPTIDE1,PEPTIDE1,1:R1-7:R2$$$",CCCN1CC(=O)N(C)[C@@H](CC(C)C)C(=O)N[C@H](CC(C)C)C(=O)N2CCC[C@H]2C(=O)N(C)[C@H](CC(C)C)C(=O)N[C@@H](Cc2ccccc2)C(=O)N2CCC[C@@H]2C1=O,-5.127613009416581,1.5294994115829468
"PEPTIDE1{P.[Pr_Gly].[Me_dL].L.P.[meL].F}$PEPTIDE1,PEPTIDE1,1:R1-7:R2$$$",CCCN1CC(=O)N(C)[C@H](CC(C)C)C(=O)N[C@@H](CC(C)C)C(=O)N2CCC[C@H]2C(=O)N(C)[C@@H](CC(C)C)C(=O)N[C@@H](Cc2ccccc2)C(=O)N2CCC[C@H]2C1=O,-5.127613009416581,1.5294994115829468
"PEPTIDE1{P.[Pr_Gly].[Me_dL].[dL].P.[Me_dL].F}$PEPTIDE1,PEPTIDE1,1:R1-7:R2$$$",CCCN1CC(=O)N(C)[C@H](CC(C)C)C(=O)N[C@H](CC(C)C)C(=O)N2CCC[C@H]2C(=O)N(C)[C@H](CC(C)C)C(=O)N[C@@H](Cc2ccccc2)C(=O)N2CCC[C@H]2C1=O,-5.127613009416581,1.5294994115829468
"PEPTIDE1{P.[Pr_Gly].[meL].[dL].[dP].[meL].F}$PEPTIDE1,PEPTIDE1,1:R1-7:R2$$$",CCCN1CC(=O)N(C)[C@@H](CC(C)C)C(=O)N[C@H](CC(C)C)C(=O)N2CCC[C@@H]2C(=O)N(C)[C@@H](CC(C)C)C(=O)N[C@@H](Cc2ccccc2)C(=O)N2CCC[C@H]2C1=O,-5.127613009416581,1.5294994115829468
"PEPTIDE1{[dP].[Pr_Gly].[meL].L.P.[Me_dL].F}$PEPTIDE1,PEPTIDE1,1:R1-7:R2$$$",CCCN1CC(=O)N(C)[C@@H](CC(C)C)C(=O)N[C@@H](CC(C)C)C(=O)N2CCC[C@H]2C(=O)N(C)[C@H](CC(C)C)C(=O)N[C@@H](Cc2ccccc2)C(=O)N2CCC[C@@H]2C1=O,-5.127613009416581,1.5294994115829468
"PEPTIDE1{[dP].[Pr_Gly].[Me_dL].L.[dP].[meL].F}$PEPTIDE1,PEPTIDE1,1:R1-7:R2$$$",CCCN1CC(=O)N(C)[C@H](CC(C)C)C(=O)N[C@@H](CC(C)C)C(=O)N2CCC[C@@H]2C(=O)N(C)[C@@H](CC(C)C)C(=O)N[C@@H](Cc2ccccc2)C(=O)N2CCC[C@@H]2C1=O,-5.127613009416581,1.5294994115829468
"PEPTIDE1{[dP].[Pr_Gly].[Me_dL].L.P.[Me_dL].F}$PEPTIDE1,PEPTIDE1,1:R1-7:R2$$$",CCCN1CC(=O)N(C)[C@H](CC(C)C)C(=O)N[C@@H](CC(C)C)C(=O)N2CCC[C@H]2C(=O)N(C)[C@H](CC(C)C)C(=O)N[C@@H](Cc2ccccc2)C(=O)N2CCC[C@@H]2C1=O,-5.127613009416581,1.5294994115829468
"PEPTIDE1{P.[Pr_Gly].[Me_dL].L.[dP].[Me_dL].F}$PEPTIDE1,PEPTIDE1,1:R1-7:R2$$$",CCCN1CC(=O)N(C)[C@H](CC(C)C)C(=O)N[C@@H](CC(C)C)C(=O)N2CCC[C@@H]2C(=O)N(C)[C@H](CC(C)C)C(=O)N[C@@H](Cc2ccccc2)C(=O)N2CCC[C@H]2C1=O,-5.127613009416581,1.5294994115829468