helm,vina_score,status,detail,docking_mode
"PEPTIDE1{dA.Pr_Gly.meL.V.Me_dL.dL.T}$PEPTIDE1,PEPTIDE1,1:R1-7:R2$$$",-5.50600000,ok,,flexible
"PEPTIDE1{dF.meL.T.dP.G.V.dL}$PEPTIDE1,PEPTIDE1,1:R1-7:R2$$$",-6.25200000,ok,,flexible
"PEPTIDE1{Me_Bal.pentyl_Gly.I.dL.L.Ser(tBu).Me_Phe(3-Cl)}$PEPTIDE1,PEPTIDE1,1:R1-7:R2$$$",-5.38900000,ok,,flexible
"PEPTIDE1{Me_Bal.meL.T.Me_dL.Ala(5-Tet).meS.meF}$PEPTIDE1,PEPTIDE1,1:R1-7:R2$$$",-5.90900000,ok,,flexible
"PEPTIDE1{dV.T.A.dA.L.meA.meL}$PEPTIDE1,PEPTIDE1,1:R1-7:R2$$$",-5.45000000,ok,,flexible
"PEPTIDE1{F.P.P.L.I.T.Me_dL}$PEPTIDE1,PEPTIDE1,1:R1-7:R2$$$",-5.81800000,ok,,flexible
"PEPTIDE1{meA.T.Ser(tBu).F.L.Me_Phe(3-Cl).Abu}$PEPTIDE1,PEPTIDE1,1:R1-7:R2$$$",-5.62000000,ok,,flexible
"PEPTIDE1{Me_Bal.L.meL.meS.Me_dL.F.meF}$PEPTIDE1,PEPTIDE1,1:R1-7:R2$$$",-5.57900000,ok,,flexible
"PEPTIDE1{A.meA.F.Me_dL.P.meV.meI}$PEPTIDE1,PEPTIDE1,1:R1-7:R2$$$",-5.94500000,ok,,flexible
"PEPTIDE1{Me_dA.pentyl_Gly.G.dL.L.Me_dL.I}$PEPTIDE1,PEPTIDE1,1:R1-7:R2$$$",-4.94100000,ok,,flexible
"PEPTIDE1{meA.dP.Me_dL.dA.Me_dL.F.Me_dA}$PEPTIDE1,PEPTIDE1,1:R1-7:R2$$$",-6.66700000,ok,,flexible
"PEPTIDE1{dV.Me_dA.meL.Me_dL.F.L.T}$PEPTIDE1,PEPTIDE1,1:R1-7:R2$$$",-5.36400000,ok,,flexible
"PEPTIDE1{meA.L.I.G.Ser(tBu).meL.T}$PEPTIDE1,PEPTIDE1,1:R1-7:R2$$$",-5.03100000,ok,,flexible
"PEPTIDE1{F.L.cHexCH2_Gly.A.Aoc(2).Ser(tBu).Mono78}$PEPTIDE1,PEPTIDE1,1:R1-7:R2$$$",-5.59100000,ok,,flexible
"PEPTIDE1{dF.Mono38.T.dL.T.Ser(tBu).meI}$PEPTIDE1,PEPTIDE1,1:R1-7:R2$$$",-4.90300000,ok,,flexible
"PEPTIDE1{dF.Ala(5-Tet).meL.T.dL.Abu.meF}$PEPTIDE1,PEPTIDE1,1:R1-7:R2$$$",-6.40100000,ok,,flexible
"PEPTIDE1{dA.dP.meL.A.T.meF.meV}$PEPTIDE1,PEPTIDE1,1:R1-7:R2$$$",-6.82300000,ok,,flexible
"PEPTIDE1{A.F.T.G.meL.meA.L}$PEPTIDE1,PEPTIDE1,1:R1-7:R2$$$",-5.85000000,ok,,flexible
"PEPTIDE1{meA.meF.P.Abu.meS.meL.L}$PEPTIDE1,PEPTIDE1,1:R1-7:R2$$$",-6.37300000,ok,,flexible
"PEPTIDE1{dP.meA.V.A.F.dL.meL}$PEPTIDE1,PEPTIDE1,1:R1-7:R2$$$",-5.92400000,ok,,flexible
"PEPTIDE1{A.Aib.A.Pr_Gly.dL.L.F}$PEPTIDE1,PEPTIDE1,1:R1-7:R2$$$",4.63100000,ok,,flexible
"PEPTIDE1{meA.L.A.meF.P.dL.T}$PEPTIDE1,PEPTIDE1,1:R1-7:R2$$$",-6.45800000,ok,,flexible
"PEPTIDE1{Me_Bal.L.L.T.meL.meA.I}$PEPTIDE1,PEPTIDE1,1:R1-7:R2$$$",-5.20400000,ok,,flexible
"PEPTIDE1{dV.Pr_Gly.V.L.T.F.Me_Phe(3-Cl)}$PEPTIDE1,PEPTIDE1,1:R1-7:R2$$$",-5.38200000,ok,,flexible
"PEPTIDE1{Mono6.A.L.I.Me_dL.T.meL}$PEPTIDE1,PEPTIDE1,1:R1-7:R2$$$",-5.79800000,ok,,flexible
"PEPTIDE1{meA.A.meL.P.T.meL.I}$PEPTIDE1,PEPTIDE1,1:R1-7:R2$$$",-5.64100000,ok,,flexible
"PEPTIDE1{dV.dP.Me_dL.meA.V.L.F}$PEPTIDE1,PEPTIDE1,1:R1-7:R2$$$",-6.02700000,ok,,flexible
"PEPTIDE1{Me_dA.meA.dL.T.P.meV.Me_dL}$PEPTIDE1,PEPTIDE1,1:R1-7:R2$$$",-5.93500000,ok,,flexible
"PEPTIDE1{F.L.3Pal.A.L.Mono84.P}$PEPTIDE1,PEPTIDE1,1:R1-7:R2$$$",-5.61000000,ok,,flexible
"PEPTIDE1{Me_dA.T.meL.F.meA.meV.V}$PEPTIDE1,PEPTIDE1,1:R1-7:R2$$$",-6.13600000,ok,,flexible
"PEPTIDE1{dV.meS.meS.Aoc(2).A.meL.meA}$PEPTIDE1,PEPTIDE1,1:R1-7:R2$$$",-5.69300000,ok,,flexible
"PEPTIDE1{Pr_Gly.L.cHexCH2_Gly.I.G.A.dL}$PEPTIDE1,PEPTIDE1,1:R1-7:R2$$$",-5.77500000,ok,,flexible
"PEPTIDE1{A.dP.meL.Me_dA.Ser(tBu).meA.Me_dL}$PEPTIDE1,PEPTIDE1,1:R1-7:R2$$$",-5.65300000,ok,,flexible
"PEPTIDE1{meA.meL.Abu.A.L.dL.T}$PEPTIDE1,PEPTIDE1,1:R1-7:R2$$$",-6.02000000,ok,,flexible
"PEPTIDE1{F.Me_Phe(3-Cl).Pr_Gly.meA.V.meL.L}$PEPTIDE1,PEPTIDE1,1:R1-7:R2$$$",-6.02700000,ok,,flexible
"PEPTIDE1{Mono6.pentyl_Gly.V.T.dL.L.L}$PEPTIDE1,PEPTIDE1,1:R1-7:R2$$$",-5.70900000,ok,,flexible
"PEPTIDE1{Mono6.pentyl_Gly.meL.Ser(tBu).meA.L.Mono78}$PEPTIDE1,PEPTIDE1,1:R1-7:R2$$$",-5.32300000,ok,,flexible
"PEPTIDE1{A.meS.Abu.meF.I.dL.meA}$PEPTIDE1,PEPTIDE1,1:R1-7:R2$$$",-5.99700000,ok,,flexible
"PEPTIDE1{meA.meF.L.meL.V.T.Me_dL}$PEPTIDE1,PEPTIDE1,1:R1-7:R2$$$",-5.58700000,ok,,flexible
"PEPTIDE1{dF.meS.A.L.Abu.meS.Abu}$PEPTIDE1,PEPTIDE1,1:R1-7:R2$$$",-5.82500000,ok,,flexible
"PEPTIDE1{Me_Bal.Sar.pentyl_Gly.meA.V.meF.I}$PEPTIDE1,PEPTIDE1,1:R1-7:R2$$$",-5.67100000,ok,,flexible
"PEPTIDE1{meL.Me_dL.Abu.T.L.P.meA}$PEPTIDE1,PEPTIDE1,1:R1-7:R2$$$",-5.32000000,ok,,flexible
"PEPTIDE1{meA.F.P.T.Ser(tBu).Me_Phe(3-Cl).meL}$PEPTIDE1,PEPTIDE1,1:R1-7:R2$$$",-6.05300000,ok,,flexible
"PEPTIDE1{meL.Abu.T.T.V.Me_dL.meF}$PEPTIDE1,PEPTIDE1,1:R1-7:R2$$$",-5.29700000,ok,,flexible
"PEPTIDE1{P.Pr_Gly.Pr_Gly.meF.F.Me_Phe(3-Cl).meL}$PEPTIDE1,PEPTIDE1,1:R1-7:R2$$$",-5.84000000,ok,,flexible
"PEPTIDE1{dA.cHexCH2_Gly.L.Mono86.Mono84.L.Ser(tBu)}$PEPTIDE1,PEPTIDE1,1:R1-7:R2$$$",-6.29100000,ok,,flexible
"PEPTIDE1{dV.T.Sar.meL.Ser(tBu).meA.meV}$PEPTIDE1,PEPTIDE1,1:R1-7:R2$$$",-5.57300000,ok,,flexible
"PEPTIDE1{A.L.meL.Me_dL.V.dL.Ser(tBu)}$PEPTIDE1,PEPTIDE1,1:R1-7:R2$$$",-5.32100000,ok,,flexible
"PEPTIDE1{F.L.meL.meL.T.A.Ser(tBu)}$PEPTIDE1,PEPTIDE1,1:R1-7:R2$$$",-5.25600000,ok,,flexible
"PEPTIDE1{meA.T.Me_dL.dL.T.P.meL}$PEPTIDE1,PEPTIDE1,1:R1-7:R2$$$",-5.74200000,ok,,flexible
"PEPTIDE1{dA.meV.F.I.L.A.V}$PEPTIDE1,PEPTIDE1,1:R1-7:R2$$$",-6.22300000,ok,,flexible
"PEPTIDE1{Me_dA.F.dP.Abu.T.meS.A}$PEPTIDE1,PEPTIDE1,1:R1-7:R2$$$",-6.63200000,ok,,flexible
"PEPTIDE1{Me_Bal.meV.Me_dL.I.A.F.dV}$PEPTIDE1,PEPTIDE1,1:R1-7:R2$$$",-6.36500000,ok,,flexible
"PEPTIDE1{Me_dA.T.meL.meS.A.L.Sar}$PEPTIDE1,PEPTIDE1,1:R1-7:R2$$$",-5.69800000,ok,,flexible
"PEPTIDE1{Mono6.meA.Me_dA.Me_dL.meY.meF.T}$PEPTIDE1,PEPTIDE1,1:R1-7:R2$$$",-6.90500000,ok,,flexible
"PEPTIDE1{Pr_Gly.A.I.Mono84.L.Ser(tBu).meL}$PEPTIDE1,PEPTIDE1,1:R1-7:R2$$$",-4.97700000,ok,,flexible
"PEPTIDE1{A.Abu.meS.Sar.L.dL.T}$PEPTIDE1,PEPTIDE1,1:R1-7:R2$$$",-6.18200000,ok,,flexible
"PEPTIDE1{dV.meL.A.T.Me_dL.meS.dP}$PEPTIDE1,PEPTIDE1,1:R1-7:R2$$$",-5.76900000,ok,,flexible
"PEPTIDE1{meA.Ser(tBu).T.L.meL.Me_dL.meF}$PEPTIDE1,PEPTIDE1,1:R1-7:R2$$$",-5.33000000,ok,,flexible
"PEPTIDE1{dA.T.Me_dL.L.F.meA.V}$PEPTIDE1,PEPTIDE1,1:R1-7:R2$$$",-5.83000000,ok,,flexible
"PEPTIDE1{Me_Bal.cHexCH2_Gly.Mono84.L.dP.Abu.L}$PEPTIDE1,PEPTIDE1,1:R1-7:R2$$$",-7.28300000,ok,,flexible
"PEPTIDE1{dA.Me_Nle.P.L.meL.L.Ser(tBu)}$PEPTIDE1,PEPTIDE1,1:R1-7:R2$$$",-5.92600000,ok,,flexible
"PEPTIDE1{Me_Bal.I.A.G.Ser(tBu).L.meS}$PEPTIDE1,PEPTIDE1,1:R1-7:R2$$$",-5.34500000,ok,,flexible
"PEPTIDE1{Me_dA.L.Abu.T.dL.Aoc(2).meL}$PEPTIDE1,PEPTIDE1,1:R1-7:R2$$$",-5.01300000,ok,,flexible
"PEPTIDE1{meL.meA.Ala(5-Tet).A.meL.Me_dA.Me_dL}$PEPTIDE1,PEPTIDE1,1:R1-7:R2$$$",-6.16400000,ok,,flexible
"PEPTIDE1{dA.dP.L.meL.T.V.dL}$PEPTIDE1,PEPTIDE1,1:R1-7:R2$$$",-5.77800000,ok,,flexible
"PEPTIDE1{dA.Abu.meL.Aoc(2).Ala(5-Tet).meF.meS}$PEPTIDE1,PEPTIDE1,1:R1-7:R2$$$",-5.26200000,ok,,flexible
"PEPTIDE1{Mono6.meA.T.Abu.V.meF.A}$PEPTIDE1,PEPTIDE1,1:R1-7:R2$$$",-6.17500000,ok,,flexible
"PEPTIDE1{F.L.meF.Ser(tBu).T.I.P}$PEPTIDE1,PEPTIDE1,1:R1-7:R2$$$",-6.06200000,ok,,flexible
"PEPTIDE1{dA.meL.A.V.meA.A.meL}$PEPTIDE1,PEPTIDE1,1:R1-7:R2$$$",-5.71500000,ok,,flexible
"PEPTIDE1{Me_dA.dP.T.L.meA.meL.dV}$PEPTIDE1,PEPTIDE1,1:R1-7:R2$$$",-5.83200000,ok,,flexible
"PEPTIDE1{Sar.V.meA.L.Me_dL.meL.T}$PEPTIDE1,PEPTIDE1,1:R1-7:R2$$$",-5.60300000,ok,,flexible
"PEPTIDE1{Mono6.T.meL.dL.meA.L.meL}$PEPTIDE1,PEPTIDE1,1:R1-7:R2$$$",-5.51800000,ok,,flexible
"PEPTIDE1{F.Me_dA.P.meA.dP.meS.A}$PEPTIDE1,PEPTIDE1,1:R1-7:R2$$$",-6.64900000,ok,,flexible
"PEPTIDE1{Sar.pentyl_Gly.dP.Me_dL.I.Aib.dL}$PEPTIDE1,PEPTIDE1,1:R1-7:R2$$$",-4.97400000,ok,,flexible
"PEPTIDE1{dV.P.dL.Me_dL.meL.meF.F}$PEPTIDE1,PEPTIDE1,1:R1-7:R2$$$",-5.00800000,ok,,flexible
"PEPTIDE1{dA.pentyl_Gly.dP.meL.L.T.I}$PEPTIDE1,PEPTIDE1,1:R1-7:R2$$$",-5.22200000,ok,,flexible
"PEPTIDE1{P.dPye.meL.T.Me_dA.meA.dP}$PEPTIDE1,PEPTIDE1,1:R1-7:R2$$$",-6.65800000,ok,,flexible
"PEPTIDE1{meL.meF.meA.dL.T.meS.L}$PEPTIDE1,PEPTIDE1,1:R1-7:R2$$$",-6.19000000,ok,,flexible
"PEPTIDE1{F.L.P.meA.Me_dA.Me_dL.F}$PEPTIDE1,PEPTIDE1,1:R1-7:R2$$$",-5.71800000,ok,,flexible
"PEPTIDE1{F.L.dL.Ser(tBu).Mono78.P.T}$PEPTIDE1,PEPTIDE1,1:R1-7:R2$$$",-5.37300000,ok,,flexible
"PEPTIDE1{dF.Aoc(2).L.Ser(tBu).meL.dL.T}$PEPTIDE1,PEPTIDE1,1:R1-7:R2$$$",-4.92900000,ok,,flexible
"PEPTIDE1{F.pentyl_Gly.Ser(tBu).meV.V.A.P}$PEPTIDE1,PEPTIDE1,1:R1-7:R2$$$",-5.57200000,ok,,flexible
"PEPTIDE1{Me_dA.meL.P.Me_dL.Me_dL.T.meI}$PEPTIDE1,PEPTIDE1,1:R1-7:R2$$$",-5.52600000,ok,,flexible
"PEPTIDE1{F.Me_Nle.pentyl_Gly.T.P.pentyl_Gly.Ser(tBu)}$PEPTIDE1,PEPTIDE1,1:R1-7:R2$$$",-5.01500000,ok,,flexible
"PEPTIDE1{Mono6.Ala(5-Tet).L.A.meF.meA.Me_dA}$PEPTIDE1,PEPTIDE1,1:R1-7:R2$$$",-7.15300000,ok,,flexible
"PEPTIDE1{meA.F.meL.T.meS.meL.L}$PEPTIDE1,PEPTIDE1,1:R1-7:R2$$$",-6.09600000,ok,,flexible
"PEPTIDE1{F.meS.Abu.meS.T.meA.dL}$PEPTIDE1,PEPTIDE1,1:R1-7:R2$$$",-6.15000000,ok,,flexible
"PEPTIDE1{meL.meS.Abu.Ala(5-Tet).dL.A.meA}$PEPTIDE1,PEPTIDE1,1:R1-7:R2$$$",-6.77600000,ok,,flexible
"PEPTIDE1{dF.Me_dA.T.Me_dL.meL.L.P}$PEPTIDE1,PEPTIDE1,1:R1-7:R2$$$",-5.94000000,ok,,flexible
"PEPTIDE1{Me_dA.meS.L.Ala(5-Tet).A.meS.meL}$PEPTIDE1,PEPTIDE1,1:R1-7:R2$$$",-5.51800000,ok,,flexible
"PEPTIDE1{Mono6.meS.L.I.meL.meA.Abu}$PEPTIDE1,PEPTIDE1,1:R1-7:R2$$$",-5.54000000,ok,,flexible
"PEPTIDE1{meA.T.F.meL.meF.meA.Sar}$PEPTIDE1,PEPTIDE1,1:R1-7:R2$$$",-6.07300000,ok,,flexible
"PEPTIDE1{P.I.dL.meL.T.Et_Gly.L}$PEPTIDE1,PEPTIDE1,1:R1-7:R2$$$",-5.51300000,ok,,flexible
"PEPTIDE1{Mono6.meF.meA.L.T.V.T}$PEPTIDE1,PEPTIDE1,1:R1-7:R2$$$",-5.72900000,ok,,flexible
"PEPTIDE1{Me_Bal.P.L.meL.L.T.V}$PEPTIDE1,PEPTIDE1,1:R1-7:R2$$$",-6.44600000,ok,,flexible
"PEPTIDE1{meA.L.A.Mono84.Ser(tBu).dL.meF}$PEPTIDE1,PEPTIDE1,1:R1-7:R2$$$",-5.91600000,ok,,flexible
"PEPTIDE1{dV.meA.Pr_Gly.dL.Ser(tBu).L.F}$PEPTIDE1,PEPTIDE1,1:R1-7:R2$$$",-5.20400000,ok,,flexible
"PEPTIDE1{L.dL.T.Mono84.Mono86.I.L}$PEPTIDE1,PEPTIDE1,1:R1-7:R2$$$",-5.40600000,ok,,flexible
"PEPTIDE1{L.meL.Ser(tBu).Me_dL.Me_dL.P.meA}$PEPTIDE1,PEPTIDE1,1:R1-7:R2$$$",-5.55900000,ok,,flexible
"PEPTIDE1{meA.T.T.L.Sar.Aoc(2).P}$PEPTIDE1,PEPTIDE1,1:R1-7:R2$$$",-6.12800000,ok,,flexible
"PEPTIDE1{A.Pr_Gly.L.F.meA.P.T}$PEPTIDE1,PEPTIDE1,1:R1-7:R2$$$",-5.93200000,ok,,flexible
"PEPTIDE1{dV.meF.Abu.meL.Ala(5-Tet).Sar.L}$PEPTIDE1,PEPTIDE1,1:R1-7:R2$$$",-6.46300000,ok,,flexible
"PEPTIDE1{F.Mono38.pentyl_Gly.dP.P.Ser(tBu).A}$PEPTIDE1,PEPTIDE1,1:R1-7:R2$$$",-6.45900000,ok,,flexible
"PEPTIDE1{Me_dA.meA.F.I.Ser(tBu).V.dP}$PEPTIDE1,PEPTIDE1,1:R1-7:R2$$$",-5.15200000,ok,,flexible
"PEPTIDE1{dF.L.meS.meA.T.dP.Abu}$PEPTIDE1,PEPTIDE1,1:R1-7:R2$$$",-5.90000000,ok,,flexible
"PEPTIDE1{dA.dP.dL.meF.meA.Sar.meL}$PEPTIDE1,PEPTIDE1,1:R1-7:R2$$$",-6.46400000,ok,,flexible
"PEPTIDE1{dA.L.meA.A.Me_dA.T.Sar}$PEPTIDE1,PEPTIDE1,1:R1-7:R2$$$",-6.57500000,ok,,flexible
"PEPTIDE1{meA.meV.L.I.Me_dL.G.meL}$PEPTIDE1,PEPTIDE1,1:R1-7:R2$$$",-5.60600000,ok,,flexible
"PEPTIDE1{dF.Abu.meS.meA.meF.A.Me_dL}$PEPTIDE1,PEPTIDE1,1:R1-7:R2$$$",-6.44100000,ok,,flexible
"PEPTIDE1{A.meF.T.Ser(tBu).dV.meA.meS}$PEPTIDE1,PEPTIDE1,1:R1-7:R2$$$",-5.88300000,ok,,flexible
"PEPTIDE1{dV.Ala(5-Tet).meA.A.V.Me_dL.T}$PEPTIDE1,PEPTIDE1,1:R1-7:R2$$$",-5.82200000,ok,,flexible
"PEPTIDE1{dA.dP.Ser(tBu).meA.V.meL.I}$PEPTIDE1,PEPTIDE1,1:R1-7:R2$$$",-6.16400000,ok,,flexible
"PEPTIDE1{A.meL.meF.meL.Me_dA.Me_dL.Pr_Gly}$PEPTIDE1,PEPTIDE1,1:R1-7:R2$$$",-5.41200000,ok,,flexible
"PEPTIDE1{dA.A.Ser(tBu).L.Me_dL.meS.F}$PEPTIDE1,PEPTIDE1,1:R1-7:R2$$$",-5.61400000,ok,,flexible
"PEPTIDE1{Me_dA.Me_dL.Pr_Gly.L.A.Ser(tBu).T}$PEPTIDE1,PEPTIDE1,1:R1-7:R2$$$",-5.24800000,ok,,flexible
"PEPTIDE1{A.L.meA.P.L.I.T}$PEPTIDE1,PEPTIDE1,1:R1-7:R2$$$",-5.84400000,ok,,flexible
"PEPTIDE1{meA.meL.Aoc(2).T.A.dL.I}$PEPTIDE1,PEPTIDE1,1:R1-7:R2$$$",-5.35400000,ok,,flexible
"PEPTIDE1{Me_dA.A.F.Sar.dL.L.dV}$PEPTIDE1,PEPTIDE1,1:R1-7:R2$$$",-6.06800000,ok,,flexible
"PEPTIDE1{Me_dA.T.meL.T.L.G.meA}$PEPTIDE1,PEPTIDE1,1:R1-7:R2$$$",-5.80000000,ok,,flexible
"PEPTIDE1{meA.F.Pr_Gly.Me_dL.Me_dL.L.A}$PEPTIDE1,PEPTIDE1,1:R1-7:R2$$$",-5.49300000,ok,,flexible
"PEPTIDE1{meL.Ala(5-Tet).A.meF.T.meA.L}$PEPTIDE1,PEPTIDE1,1:R1-7:R2$$$",-6.01200000,ok,,flexible
"PEPTIDE1{P.meL.F.meA.A.meL.Me_dL}$PEPTIDE1,PEPTIDE1,1:R1-7:R2$$$",-5.79200000,ok,,flexible
"PEPTIDE1{meA.Abu.meS.L.Ala(5-Tet).meF.A}$PEPTIDE1,PEPTIDE1,1:R1-7:R2$$$",-6.43600000,ok,,flexible
"PEPTIDE1{dV.L.Ala(5-Tet).meF.meL.meL.meS}$PEPTIDE1,PEPTIDE1,1:R1-7:R2$$$",-5.59800000,ok,,flexible
"PEPTIDE1{dF.meS.L.dP.meA.L.V}$PEPTIDE1,PEPTIDE1,1:R1-7:R2$$$",-6.35200000,ok,,flexible
"PEPTIDE1{Me_Bal.P.Me_dL.A.meL.Me_dA.L}$PEPTIDE1,PEPTIDE1,1:R1-7:R2$$$",-6.33600000,ok,,flexible
"PEPTIDE1{dV.meA.meL.L.T.Me_dL.A}$PEPTIDE1,PEPTIDE1,1:R1-7:R2$$$",-5.33100000,ok,,flexible
"PEPTIDE1{dV.P.I.A.Cha.meL.meF}$PEPTIDE1,PEPTIDE1,1:R1-7:R2$$$",-6.03500000,ok,,flexible
"PEPTIDE1{Me_Bal.L.Ser(tBu).meL.Mono84.P.A}$PEPTIDE1,PEPTIDE1,1:R1-7:R2$$$",-5.78500000,ok,,flexible
"PEPTIDE1{meA.L.V.Abu.meS.A.Me_dA}$PEPTIDE1,PEPTIDE1,1:R1-7:R2$$$",-5.48600000,ok,,flexible
"PEPTIDE1{Pr_Gly.V.meL.Me_dL.I.Bn_Gly.meL}$PEPTIDE1,PEPTIDE1,1:R1-7:R2$$$",-4.87900000,ok,,flexible
"PEPTIDE1{Mono6.A.meS.L.meA.P.Me_dL}$PEPTIDE1,PEPTIDE1,1:R1-7:R2$$$",-6.60700000,ok,,flexible
"PEPTIDE1{F.P.meS.meS.dL.Abu.L}$PEPTIDE1,PEPTIDE1,1:R1-7:R2$$$",-5.59900000,ok,,flexible
"PEPTIDE1{dF.Aoc(2).A.L.I.L.Ser(tBu)}$PEPTIDE1,PEPTIDE1,1:R1-7:R2$$$",-4.49600000,ok,,flexible
"PEPTIDE1{dA.L.meA.V.P.dL.F}$PEPTIDE1,PEPTIDE1,1:R1-7:R2$$$",-6.63000000,ok,,flexible
"PEPTIDE1{Mono6.cHexCH2_Gly.P.meF.meL.dL.Ser(tBu)}$PEPTIDE1,PEPTIDE1,1:R1-7:R2$$$",-5.64900000,ok,,flexible
"PEPTIDE1{dA.Me_dL.meL.Aoc(2).A.T.meS}$PEPTIDE1,PEPTIDE1,1:R1-7:R2$$$",-6.11900000,ok,,flexible
"PEPTIDE1{Me_Bal.Me_dL.F.meL.L.L.I}$PEPTIDE1,PEPTIDE1,1:R1-7:R2$$$",-5.02700000,ok,,flexible
"PEPTIDE1{dV.T.meV.V.L.meA.meL}$PEPTIDE1,PEPTIDE1,1:R1-7:R2$$$",-5.38300000,ok,,flexible
"PEPTIDE1{A.Me_dL.T.L.meF.meS.Me_dA}$PEPTIDE1,PEPTIDE1,1:R1-7:R2$$$",-5.99200000,ok,,flexible
"PEPTIDE1{A.Me_dA.V.meA.L.Me_dL.dA}$PEPTIDE1,PEPTIDE1,1:R1-7:R2$$$",-6.05400000,ok,,flexible
"PEPTIDE1{Me_dA.Me_dL.meA.D.Sar.meL.meF}$PEPTIDE1,PEPTIDE1,1:R1-7:R2$$$",-6.04100000,ok,,flexible
"PEPTIDE1{A.meL.Me_dL.L.T.T.meF}$PEPTIDE1,PEPTIDE1,1:R1-7:R2$$$",-5.76200000,ok,,flexible
"PEPTIDE1{dV.cHexCH2_Gly.P.Ser(tBu).Nle.T.dL}$PEPTIDE1,PEPTIDE1,1:R1-7:R2$$$",-5.23900000,ok,,flexible
"PEPTIDE1{A.Aoc(2).meL.dP.P.Me_dA.P}$PEPTIDE1,PEPTIDE1,1:R1-7:R2$$$",-6.30300000,ok,,flexible
"PEPTIDE1{F.meL.Mono38.T.meF.L.A}$PEPTIDE1,PEPTIDE1,1:R1-7:R2$$$",-5.78900000,ok,,flexible
"PEPTIDE1{meA.Mono38.L.T.Aoc(2).dL.A}$PEPTIDE1,PEPTIDE1,1:R1-7:R2$$$",-5.84800000,ok,,flexible
"PEPTIDE1{meA.meL.dA.meF.I.T.P}$PEPTIDE1,PEPTIDE1,1:R1-7:R2$$$",-6.43900000,ok,,flexible
"PEPTIDE1{A.T.P.meL.meS.meA.T}$PEPTIDE1,PEPTIDE1,1:R1-7:R2$$$",-5.92300000,ok,,flexible
"PEPTIDE1{Me_Bal.Me_dL.V.Pr_Gly.G.T.dF}$PEPTIDE1,PEPTIDE1,1:R1-7:R2$$$",-6.15100000,ok,,flexible
"PEPTIDE1{Mono6.A.Ser(tBu).T.meA.meL.I}$PEPTIDE1,PEPTIDE1,1:R1-7:R2$$$",-6.21800000,ok,,flexible
"PEPTIDE1{meA.dP.meS.L.meL.Me_dA.Abu}$PEPTIDE1,PEPTIDE1,1:R1-7:R2$$$",-5.63000000,ok,,flexible
"PEPTIDE1{meA.T.meF.L.meS.Abu.A}$PEPTIDE1,PEPTIDE1,1:R1-7:R2$$$",-6.31000000,ok,,flexible
"PEPTIDE1{F.meL.L.Ser(tBu).L.T.Abu}$PEPTIDE1,PEPTIDE1,1:R1-7:R2$$$",-5.72800000,ok,,flexible
"PEPTIDE1{Me_Bal.meL.meA.L.meL.P.T}$PEPTIDE1,PEPTIDE1,1:R1-7:R2$$$",-6.16300000,ok,,flexible
"PEPTIDE1{Pr_Gly.T.Me_dL.P.dP.dP.meA}$PEPTIDE1,PEPTIDE1,1:R1-7:R2$$$",-6.33100000,ok,,flexible
"PEPTIDE1{meL.Ala(5-Tet).T.meL.meF.L.A}$PEPTIDE1,PEPTIDE1,1:R1-7:R2$$$",-5.71100000,ok,,flexible
"PEPTIDE1{Me_dA.meL.Me_dL.meF.dL.L.meA}$PEPTIDE1,PEPTIDE1,1:R1-7:R2$$$",-5.17600000,ok,,flexible
"PEPTIDE1{Pr_Gly.L.meA.T.meS.P.Me_dL}$PEPTIDE1,PEPTIDE1,1:R1-7:R2$$$",-5.61500000,ok,,flexible
"PEPTIDE1{Me_Bal.cHexCH2_Gly.pentyl_Gly.Ser(tBu).Mono86.L.Me_Nle}$PEPTIDE1,PEPTIDE1,1:R1-7:R2$$$",-4.52700000,ok,,flexible
"PEPTIDE1{meA.A.meL.dL.L.Me_Phe(3-Cl).V}$PEPTIDE1,PEPTIDE1,1:R1-7:R2$$$",-6.06900000,ok,,flexible
"PEPTIDE1{Me_dA.Abu.A.I.meL.A.dL}$PEPTIDE1,PEPTIDE1,1:R1-7:R2$$$",-6.17000000,ok,,flexible
"PEPTIDE1{Me_dA.T.meA.dP.F.I.meV}$PEPTIDE1,PEPTIDE1,1:R1-7:R2$$$",-5.71100000,ok,,flexible
"PEPTIDE1{dV.P.meL.L.T.meF.Me_dL}$PEPTIDE1,PEPTIDE1,1:R1-7:R2$$$",-6.45000000,ok,,flexible
"PEPTIDE1{L.Sar.meA.dL.L.meS.meL}$PEPTIDE1,PEPTIDE1,1:R1-7:R2$$$",-5.06600000,ok,,flexible
"PEPTIDE1{dA.meL.Ser(tBu).L.A.meA.T}$PEPTIDE1,PEPTIDE1,1:R1-7:R2$$$",-5.51300000,ok,,flexible
"PEPTIDE1{meL.Ala(5-Tet).Me_dL.meA.F.meF.dL}$PEPTIDE1,PEPTIDE1,1:R1-7:R2$$$",-5.48800000,ok,,flexible
"PEPTIDE1{dP.meA.meF.V.Me_dA.Me_dL.L}$PEPTIDE1,PEPTIDE1,1:R1-7:R2$$$",-6.19400000,ok,,flexible
"PEPTIDE1{meL.Abu.T.Me_dA.meL.V.Pr_Gly}$PEPTIDE1,PEPTIDE1,1:R1-7:R2$$$",-5.71700000,ok,,flexible
"PEPTIDE1{Me_dA.L.meF.meL.meA.T.Me_dL}$PEPTIDE1,PEPTIDE1,1:R1-7:R2$$$",-5.47300000,ok,,flexible
"PEPTIDE1{dV.Abu.meA.Me_dL.meS.T.A}$PEPTIDE1,PEPTIDE1,1:R1-7:R2$$$",-5.42900000,ok,,flexible
"PEPTIDE1{Me_Bal.Me_dA.Pr_Gly.meL.meA.meF.L}$PEPTIDE1,PEPTIDE1,1:R1-7:R2$$$",-5.96100000,ok,,flexible
"PEPTIDE1{Me_dA.dP.L.dL.T.A.meS}$PEPTIDE1,PEPTIDE1,1:R1-7:R2$$$",-6.00400000,ok,,flexible
"PEPTIDE1{F.A.P.dL.Me_dL.meL.Ser(tBu)}$PEPTIDE1,PEPTIDE1,1:R1-7:R2$$$",-5.65800000,ok,,flexible
"PEPTIDE1{meA.V.meL.L.T.dP.Ser(tBu)}$PEPTIDE1,PEPTIDE1,1:R1-7:R2$$$",-5.37600000,ok,,flexible
"PEPTIDE1{dV.P.meF.P.meA.Me_dA.meA}$PEPTIDE1,PEPTIDE1,1:R1-7:R2$$$",-7.86300000,ok,,flexible
"PEPTIDE1{F.meL.meA.Abu.A.meS.Me_dA}$PEPTIDE1,PEPTIDE1,1:R1-7:R2$$$",-6.39500000,ok,,flexible
"PEPTIDE1{Me_dA.cHexCH2_Gly.Ser(tBu).A.L.Abu.dL}$PEPTIDE1,PEPTIDE1,1:R1-7:R2$$$",-5.23100000,ok,,flexible
"PEPTIDE1{dV.P.L.Me_dL.A.meV.L}$PEPTIDE1,PEPTIDE1,1:R1-7:R2$$$",-6.30200000,ok,,flexible
"PEPTIDE1{Me_dA.meL.L.A.meS.Abu.Aoc(2)}$PEPTIDE1,PEPTIDE1,1:R1-7:R2$$$",-5.90600000,ok,,flexible
"PEPTIDE1{dP.Me_dL.P.T.meL.meF.meL}$PEPTIDE1,PEPTIDE1,1:R1-7:R2$$$",-5.78600000,ok,,flexible
"PEPTIDE1{meL.Ala(5-Tet).dA.meL.Me_dA.Abu.Sar}$PEPTIDE1,PEPTIDE1,1:R1-7:R2$$$",-6.05700000,ok,,flexible
"PEPTIDE1{Me_dA.V.P.meF.meL.P.meL}$PEPTIDE1,PEPTIDE1,1:R1-7:R2$$$",-6.10200000,ok,,flexible
"PEPTIDE1{Me_dA.cHexCH2_Gly.A.P.dL.F.Ser(tBu)}$PEPTIDE1,PEPTIDE1,1:R1-7:R2$$$",-6.70600000,ok,,flexible
"PEPTIDE1{meA.dP.meL.L.Abu.Me_dA.T}$PEPTIDE1,PEPTIDE1,1:R1-7:R2$$$",-5.86100000,ok,,flexible
"PEPTIDE1{dA.Abu.meL.A.Ala(5-Tet).Aoc(2).Sar}$PEPTIDE1,PEPTIDE1,1:R1-7:R2$$$",-6.12900000,ok,,flexible
"PEPTIDE1{dA.Pr_Gly.meL.V.L.meA.T}$PEPTIDE1,PEPTIDE1,1:R1-7:R2$$$",-6.03000000,ok,,flexible
"PEPTIDE1{Me_Bal.T.Me_dL.meA.T.V.A}$PEPTIDE1,PEPTIDE1,1:R1-7:R2$$$",-6.94000000,ok,,flexible
"PEPTIDE1{A.meL.L.Mono86.Mono38.I.Ser(tBu)}$PEPTIDE1,PEPTIDE1,1:R1-7:R2$$$",-5.22000000,ok,,flexible
"PEPTIDE1{Mono6.meL.meA.meS.L.Me_dA.Me_dL}$PEPTIDE1,PEPTIDE1,1:R1-7:R2$$$",-5.74600000,ok,,flexible
"PEPTIDE1{meA.meL.P.meL.Ala(5-Tet).meF.L}$PEPTIDE1,PEPTIDE1,1:R1-7:R2$$$",-6.21500000,ok,,flexible
"PEPTIDE1{meA.A.L.meL.dL.T.Me_dL}$PEPTIDE1,PEPTIDE1,1:R1-7:R2$$$",-5.89800000,ok,,flexible
"PEPTIDE1{Me_dA.Pr_Gly.Me_dL.L.T.meL.Ser(tBu)}$PEPTIDE1,PEPTIDE1,1:R1-7:R2$$$",-5.20800000,ok,,flexible
"PEPTIDE1{A.Aoc(2).T.Me_dL.meA.Abu.Ala(5-Tet)}$PEPTIDE1,PEPTIDE1,1:R1-7:R2$$$",-5.26700000,ok,,flexible
"PEPTIDE1{L.Me_dL.V.meA.meF.Sar.T}$PEPTIDE1,PEPTIDE1,1:R1-7:R2$$$",-5.87100000,ok,,flexible
"PEPTIDE1{F.Mono38.cHexCH2_Gly.Ser(tBu).Mono84.T.I}$PEPTIDE1,PEPTIDE1,1:R1-7:R2$$$",-5.63000000,ok,,flexible
"PEPTIDE1{meA.cHexCH2_Gly.A.T.Mono86.dL.meL}$PEPTIDE1,PEPTIDE1,1:R1-7:R2$$$",-5.62300000,ok,,flexible
"PEPTIDE1{F.Me_Nle.G.P.T.meL.F}$PEPTIDE1,PEPTIDE1,1:R1-7:R2$$$",-6.48800000,ok,,flexible
"PEPTIDE1{dV.F.V.L.meF.T.L}$PEPTIDE1,PEPTIDE1,1:R1-7:R2$$$",-5.74300000,ok,,flexible
"PEPTIDE1{F.pentyl_Gly.Ser(tBu).L.I.meA.meL}$PEPTIDE1,PEPTIDE1,1:R1-7:R2$$$",-5.26500000,ok,,flexible
"PEPTIDE1{Me_dA.P.meF.T.L.meA.V}$PEPTIDE1,PEPTIDE1,1:R1-7:R2$$$",-6.58400000,ok,,flexible
"PEPTIDE1{Me_Bal.meF.I.dL.T.L.meL}$PEPTIDE1,PEPTIDE1,1:R1-7:R2$$$",-5.69200000,ok,,flexible
"PEPTIDE1{Me_dA.Ser(tBu).meA.dP.meL.Me_dL.T}$PEPTIDE1,PEPTIDE1,1:R1-7:R2$$$",-5.31100000,ok,,flexible
"PEPTIDE1{Pr_Gly.P.meF.dL.L.Ser(tBu).meA}$PEPTIDE1,PEPTIDE1,1:R1-7:R2$$$",-5.30900000,ok,,flexible
"PEPTIDE1{meL.L.meF.T.A.meS.meA}$PEPTIDE1,PEPTIDE1,1:R1-7:R2$$$",-5.85800000,ok,,flexible
"PEPTIDE1{A.T.Me_dL.T.Ser(tBu).meA.meF}$PEPTIDE1,PEPTIDE1,1:R1-7:R2$$$",-5.59600000,ok,,flexible
"PEPTIDE1{F.A.Ser(tBu).V.meA.Me_Phe(3-Cl).dL}$PEPTIDE1,PEPTIDE1,1:R1-7:R2$$$",-6.04500000,ok,,flexible
"PEPTIDE1{Mono6.T.L.dP.Me_dL.meF.meL}$PEPTIDE1,PEPTIDE1,1:R1-7:R2$$$",-5.52600000,ok,,flexible
"PEPTIDE1{dV.Me_dA.A.Pr_Gly.L.Me_dL.meL}$PEPTIDE1,PEPTIDE1,1:R1-7:R2$$$",-5.44400000,ok,,flexible
"PEPTIDE1{Pr_Gly.meA.dP.Me_dL.Ser(tBu).meL.dL}$PEPTIDE1,PEPTIDE1,1:R1-7:R2$$$",-5.67300000,ok,,flexible
"PEPTIDE1{L.Pr_Gly.meL.dL.F.meA.A}$PEPTIDE1,PEPTIDE1,1:R1-7:R2$$$",-5.09800000,ok,,flexible
"PEPTIDE1{Me_Bal.Pr_Gly.meF.L.meL.L.T}$PEPTIDE1,PEPTIDE1,1:R1-7:R2$$$",-5.17100000,ok,,flexible
"PEPTIDE1{A.T.dL.meA.L.T.Me_dL}$PEPTIDE1,PEPTIDE1,1:R1-7:R2$$$",-5.77500000,ok,,flexible
"PEPTIDE1{Me_Bal.G.meF.dL.L.Me_dL.L}$PEPTIDE1,PEPTIDE1,1:R1-7:R2$$$",-5.30800000,ok,,flexible
"PEPTIDE1{meL.Ala(5-Tet).L.T.A.Sar.Abu}$PEPTIDE1,PEPTIDE1,1:R1-7:R2$$$",-5.71500000,ok,,flexible
"PEPTIDE1{A.meF.L.meA.dL.meV.Me_dL}$PEPTIDE1,PEPTIDE1,1:R1-7:R2$$$",-5.74500000,ok,,flexible
"PEPTIDE1{Me_Bal.A.meL.P.Me_dL.V.T}$PEPTIDE1,PEPTIDE1,1:R1-7:R2$$$",-5.94900000,ok,,flexible
"PEPTIDE1{Me_dA.A.Pr_Gly.F.P.Me_dL.meL}$PEPTIDE1,PEPTIDE1,1:R1-7:R2$$$",-5.68900000,ok,,flexible
"PEPTIDE1{Me_Bal.A.Me_dL.T.L.meL.Me_dA}$PEPTIDE1,PEPTIDE1,1:R1-7:R2$$$",-6.15800000,ok,,flexible
"PEPTIDE1{dV.A.meS.meF.Ala(5-Tet).meA.meL}$PEPTIDE1,PEPTIDE1,1:R1-7:R2$$$",-6.39600000,ok,,flexible
"PEPTIDE1{Me_dA.meS.L.F.Ser(tBu).L.Me_Phe(3-Cl)}$PEPTIDE1,PEPTIDE1,1:R1-7:R2$$$",-5.32900000,ok,,flexible
"PEPTIDE1{F.P.dP.meL.meA.dP.meL}$PEPTIDE1,PEPTIDE1,1:R1-7:R2$$$",-6.72500000,ok,,flexible
"PEPTIDE1{meA.F.T.L.meL.V.dL}$PEPTIDE1,PEPTIDE1,1:R1-7:R2$$$",-5.37800000,ok,,flexible
"PEPTIDE1{meL.meS.A.T.dA.meF.P}$PEPTIDE1,PEPTIDE1,1:R1-7:R2$$$",-5.90300000,ok,,flexible
"PEPTIDE1{A.T.Abu.meS.meS.meF.meA}$PEPTIDE1,PEPTIDE1,1:R1-7:R2$$$",-6.67700000,ok,,flexible
"PEPTIDE1{meA.dP.Me_dL.dL.P.Me_dA.dP}$PEPTIDE1,PEPTIDE1,1:R1-7:R2$$$",-6.44300000,ok,,flexible
"PEPTIDE1{A.meS.meL.Abu.meA.Ala(5-Tet).meF}$PEPTIDE1,PEPTIDE1,1:R1-7:R2$$$",-6.16000000,ok,,flexible
"PEPTIDE1{Me_Bal.Me_dA.S.meS.meY.Me_dL.meF}$PEPTIDE1,PEPTIDE1,1:R1-7:R2$$$",-5.85300000,ok,,flexible
"PEPTIDE1{Me_Bal.meA.T.Me_dL.meL.dL.T}$PEPTIDE1,PEPTIDE1,1:R1-7:R2$$$",-5.58400000,ok,,flexible
"PEPTIDE1{dA.Abu.meS.meA.meL.meL.meF}$PEPTIDE1,PEPTIDE1,1:R1-7:R2$$$",-6.08100000,ok,,flexible
"PEPTIDE1{Pr_Gly.dP.L.V.dL.L.G}$PEPTIDE1,PEPTIDE1,1:R1-7:R2$$$",-5.12800000,ok,,flexible
"PEPTIDE1{meA.meL.Pr_Gly.F.Ser(tBu).V.dF}$PEPTIDE1,PEPTIDE1,1:R1-7:R2$$$",-5.59800000,ok,,flexible
"PEPTIDE1{Sar.L.meL.meF.Me_dL.dP.T}$PEPTIDE1,PEPTIDE1,1:R1-7:R2$$$",-5.49800000,ok,,flexible
"PEPTIDE1{Pr_Gly.dL.Ser(tBu).F.T.meI.Ala(5-Tet)}$PEPTIDE1,PEPTIDE1,1:R1-7:R2$$$",-5.41600000,ok,,flexible
"PEPTIDE1{Me_Bal.meL.meA.T.T.meF.dP}$PEPTIDE1,PEPTIDE1,1:R1-7:R2$$$",-6.63000000,ok,,flexible
"PEPTIDE1{Me_dA.F.L.meL.V.Ser(tBu).meL}$PEPTIDE1,PEPTIDE1,1:R1-7:R2$$$",-5.11300000,ok,,flexible
"PEPTIDE1{Me_dA.Abu.meS.meA.L.T.meS}$PEPTIDE1,PEPTIDE1,1:R1-7:R2$$$",-5.70400000,ok,,flexible
"PEPTIDE1{Me_dA.Mono38.Mono84.T.dP.meL.Me_dL}$PEPTIDE1,PEPTIDE1,1:R1-7:R2$$$",-6.04300000,ok,,flexible
"PEPTIDE1{dV.dP.A.meL.meL.meS.L}$PEPTIDE1,PEPTIDE1,1:R1-7:R2$$$",-5.09900000,ok,,flexible
"PEPTIDE1{Me_Bal.L.P.meL.cHexCH2_Gly.Ser(tBu).meA}$PEPTIDE1,PEPTIDE1,1:R1-7:R2$$$",-6.04400000,ok,,flexible
"PEPTIDE1{Me_dA.Abu.meL.meS.meF.Phe(4-CF3).A}$PEPTIDE1,PEPTIDE1,1:R1-7:R2$$$",-6.48700000,ok,,flexible
"PEPTIDE1{dA.A.meF.meL.Sar.meA.meL}$PEPTIDE1,PEPTIDE1,1:R1-7:R2$$$",-6.91200000,ok,,flexible
"PEPTIDE1{Me_Bal.A.cHexCH2_Gly.meA.T.L.V}$PEPTIDE1,PEPTIDE1,1:R1-7:R2$$$",-6.42000000,ok,,flexible
"PEPTIDE1{Pr_Gly.meA.V.L.P.Ser(tBu).A}$PEPTIDE1,PEPTIDE1,1:R1-7:R2$$$",-5.97400000,ok,,flexible
"PEPTIDE1{F.pentyl_Gly.A.Mono84.I.dL.meF}$PEPTIDE1,PEPTIDE1,1:R1-7:R2$$$",-5.71000000,ok,,flexible
"PEPTIDE1{Me_Bal.meL.dPye.dL.Me_Phe(3-Cl).T.F}$PEPTIDE1,PEPTIDE1,1:R1-7:R2$$$",-4.99100000,ok,,flexible
"PEPTIDE1{meA.dL.T.Me_dL.V.I.Sar}$PEPTIDE1,PEPTIDE1,1:R1-7:R2$$$",-5.02000000,ok,,flexible
"PEPTIDE1{dV.T.Pr_Gly.meL.G.Me_dA.V}$PEPTIDE1,PEPTIDE1,1:R1-7:R2$$$",-5.60500000,ok,,flexible
"PEPTIDE1{A.Sar.Me_dL.Me_dA.F.L.dL}$PEPTIDE1,PEPTIDE1,1:R1-7:R2$$$",-6.31000000,ok,,flexible
"PEPTIDE1{P.meA.L.A.V.I.meL}$PEPTIDE1,PEPTIDE1,1:R1-7:R2$$$",-5.70900000,ok,,flexible
"PEPTIDE1{dF.P.P.cHexCH2_Gly.I.L.Ser(tBu)}$PEPTIDE1,PEPTIDE1,1:R1-7:R2$$$",-5.66000000,ok,,flexible
"PEPTIDE1{A.L.meL.P.meA.T.dP}$PEPTIDE1,PEPTIDE1,1:R1-7:R2$$$",-6.01400000,ok,,flexible
"PEPTIDE1{Me_dA.pentyl_Gly.meF.T.meL.T.L}$PEPTIDE1,PEPTIDE1,1:R1-7:R2$$$",-5.45700000,ok,,flexible
"PEPTIDE1{Me_dA.meA.meL.T.A.Ser(tBu).V}$PEPTIDE1,PEPTIDE1,1:R1-7:R2$$$",-5.49600000,ok,,flexible
"PEPTIDE1{meL.meS.Abu.Me_dL.T.Pr_Gly.meA}$PEPTIDE1,PEPTIDE1,1:R1-7:R2$$$",-5.32600000,ok,,flexible
"PEPTIDE1{Me_dA.meL.meA.A.T.L.meF}$PEPTIDE1,PEPTIDE1,1:R1-7:R2$$$",-5.92500000,ok,,flexible
"PEPTIDE1{meA.L.T.Me_dL.meF.dL.Bn_Gly}$PEPTIDE1,PEPTIDE1,1:R1-7:R2$$$",-6.17400000,ok,,flexible
"PEPTIDE1{A.Me_dL.meA.L.T.Me_dA.F}$PEPTIDE1,PEPTIDE1,1:R1-7:R2$$$",-6.17600000,ok,,flexible
"PEPTIDE1{dA.Pr_Gly.dPye.Me_dA.Me_dL.A.L}$PEPTIDE1,PEPTIDE1,1:R1-7:R2$$$",-5.93400000,ok,,flexible
"PEPTIDE1{dA.meL.Me_dL.meA.meV.V.meL}$PEPTIDE1,PEPTIDE1,1:R1-7:R2$$$",-5.46900000,ok,,flexible
"PEPTIDE1{dV.meA.meS.T.L.I.meA}$PEPTIDE1,PEPTIDE1,1:R1-7:R2$$$",-6.29400000,ok,,flexible
"PEPTIDE1{dV.Abu.P.Ala(5-Tet).T.A.meA}$PEPTIDE1,PEPTIDE1,1:R1-7:R2$$$",-6.96900000,ok,,flexible
"PEPTIDE1{dV.dP.L.Me_dA.Abu.meL.meA}$PEPTIDE1,PEPTIDE1,1:R1-7:R2$$$",-6.42700000,ok,,flexible
"PEPTIDE1{meA.T.meV.I.G.meF.meI}$PEPTIDE1,PEPTIDE1,1:R1-7:R2$$$",-5.77000000,ok,,flexible
"PEPTIDE1{dF.meA.T.L.meY.meL.meS}$PEPTIDE1,PEPTIDE1,1:R1-7:R2$$$",-5.91600000,ok,,flexible
"PEPTIDE1{Me_dA.P.dP.dL.Me_dL.meL.T}$PEPTIDE1,PEPTIDE1,1:R1-7:R2$$$",-6.03100000,ok,,flexible
"PEPTIDE1{F.L.cHexCH2_Gly.T.L.meL.meA}$PEPTIDE1,PEPTIDE1,1:R1-7:R2$$$",-5.42500000,ok,,flexible
"PEPTIDE1{meA.meL.Ser(tBu).dA.meY.Me_dL.dL}$PEPTIDE1,PEPTIDE1,1:R1-7:R2$$$",-5.31600000,ok,,flexible
"PEPTIDE1{Pr_Gly.T.meA.meV.meS.meL.Me_dL}$PEPTIDE1,PEPTIDE1,1:R1-7:R2$$$",-5.39200000,ok,,flexible
"PEPTIDE1{Me_Bal.P.Me_dL.meL.L.dL.T}$PEPTIDE1,PEPTIDE1,1:R1-7:R2$$$",-5.88400000,ok,,flexible
"PEPTIDE1{Me_dA.P.T.Me_dL.L.A.T}$PEPTIDE1,PEPTIDE1,1:R1-7:R2$$$",-5.68600000,ok,,flexible
"PEPTIDE1{dV.G.Me_dL.Pr_Gly.dA.meL.L}$PEPTIDE1,PEPTIDE1,1:R1-7:R2$$$",-5.14000000,ok,,flexible
"PEPTIDE1{Me_Bal.L.G.meA.T.A.Me_dL}$PEPTIDE1,PEPTIDE1,1:R1-7:R2$$$",-6.08800000,ok,,flexible
"PEPTIDE1{meA.dL.L.meL.L.Me_dL.V}$PEPTIDE1,PEPTIDE1,1:R1-7:R2$$$",-4.97700000,ok,,flexible
"PEPTIDE1{dV.meL.A.Abu.Me_dA.meS.meF}$PEPTIDE1,PEPTIDE1,1:R1-7:R2$$$",-6.03200000,ok,,flexible
"PEPTIDE1{dA.G.A.meL.dP.T.L}$PEPTIDE1,PEPTIDE1,1:R1-7:R2$$$",-6.16600000,ok,,flexible
"PEPTIDE1{F.pentyl_Gly.meL.Mono86.L.P.meA}$PEPTIDE1,PEPTIDE1,1:R1-7:R2$$$",-4.94900000,ok,,flexible
"PEPTIDE1{Me_dA.meL.Me_Nle.L.pentyl_Gly.T.F}$PEPTIDE1,PEPTIDE1,1:R1-7:R2$$$",-5.06400000,ok,,flexible
"PEPTIDE1{dV.A.T.meS.Me_dL.dL.L}$PEPTIDE1,PEPTIDE1,1:R1-7:R2$$$",-5.41500000,ok,,flexible
"PEPTIDE1{dA.T.A.meL.V.dP.meA}$PEPTIDE1,PEPTIDE1,1:R1-7:R2$$$",-6.45600000,ok,,flexible
"PEPTIDE1{meA.T.meL.A.Abu.Ala(5-Tet).L}$PEPTIDE1,PEPTIDE1,1:R1-7:R2$$$",-6.26700000,ok,,flexible
"PEPTIDE1{Me_Bal.F.meV.V.meA.I.T}$PEPTIDE1,PEPTIDE1,1:R1-7:R2$$$",-5.14700000,ok,,flexible
"PEPTIDE1{Me_dA.P.T.meA.L.dL.meL}$PEPTIDE1,PEPTIDE1,1:R1-7:R2$$$",-6.28700000,ok,,flexible
"PEPTIDE1{dV.meF.L.A.dA.T.Me_dL}$PEPTIDE1,PEPTIDE1,1:R1-7:R2$$$",-5.78800000,ok,,flexible
"PEPTIDE1{L.meF.T.Sar.Aoc(2).dA.dL}$PEPTIDE1,PEPTIDE1,1:R1-7:R2$$$",-4.97800000,ok,,flexible
"PEPTIDE1{Pr_Gly.meF.L.Me_dL.P.dP.A}$PEPTIDE1,PEPTIDE1,1:R1-7:R2$$$",-5.78900000,ok,,flexible
"PEPTIDE1{dA.Pr_Gly.meL.T.meF.meA.dL}$PEPTIDE1,PEPTIDE1,1:R1-7:R2$$$",-5.69800000,ok,,flexible
"PEPTIDE1{meL.pentyl_Gly.dL.Ser(tBu).L.meA.Me_Phe(3-Cl)}$PEPTIDE1,PEPTIDE1,1:R1-7:R2$$$",-5.18300000,ok,,flexible
"PEPTIDE1{dA.L.T.meS.dP.A.Me_dL}$PEPTIDE1,PEPTIDE1,1:R1-7:R2$$$",-5.63800000,ok,,flexible
"PEPTIDE1{dV.meS.A.T.L.meL.Abu}$PEPTIDE1,PEPTIDE1,1:R1-7:R2$$$",-6.04700000,ok,,flexible
"PEPTIDE1{F.A.Ser(tBu).Me_dL.P.Me_dL.dL}$PEPTIDE1,PEPTIDE1,1:R1-7:R2$$$",-6.23900000,ok,,flexible
"PEPTIDE1{dV.V.meL.L.meV.meA.Me_dL}$PEPTIDE1,PEPTIDE1,1:R1-7:R2$$$",-5.38700000,ok,,flexible
"PEPTIDE1{dA.T.V.A.dV.L.Ser(tBu)}$PEPTIDE1,PEPTIDE1,1:R1-7:R2$$$",-5.89100000,ok,,flexible
"PEPTIDE1{dA.dL.T.L.meA.V.Me_dL}$PEPTIDE1,PEPTIDE1,1:R1-7:R2$$$",-5.84200000,ok,,flexible
"PEPTIDE1{Me_dA.Abu.A.meA.P.meL.Ala(5-Tet)}$PEPTIDE1,PEPTIDE1,1:R1-7:R2$$$",-5.82300000,ok,,flexible
"PEPTIDE1{F.L.dL.V.meL.I.Ser(tBu)}$PEPTIDE1,PEPTIDE1,1:R1-7:R2$$$",-5.09600000,ok,,flexible
"PEPTIDE1{dV.P.meF.T.dL.L.Bn_Gly}$PEPTIDE1,PEPTIDE1,1:R1-7:R2$$$",-6.01900000,ok,,flexible
"PEPTIDE1{L.T.Mono78.Me_dL.V.G.Bn_Gly}$PEPTIDE1,PEPTIDE1,1:R1-7:R2$$$",-6.10000000,ok,,flexible
"PEPTIDE1{Mono6.cHexCH2_Gly.Ser(tBu).P.dP.L.dL}$PEPTIDE1,PEPTIDE1,1:R1-7:R2$$$",-6.05900000,ok,,flexible
"PEPTIDE1{A.L.G.P.V.Ser(tBu).V}$PEPTIDE1,PEPTIDE1,1:R1-7:R2$$$",-6.10400000,ok,,flexible
"PEPTIDE1{Me_Bal.cHexCH2_Gly.Ser(tBu).meL.Abu.dL.I}$PEPTIDE1,PEPTIDE1,1:R1-7:R2$$$",-5.07200000,ok,,flexible
"PEPTIDE1{P.dPye.L.A.meL.dL.Ser(tBu)}$PEPTIDE1,PEPTIDE1,1:R1-7:R2$$$",-5.63200000,ok,,flexible
"PEPTIDE1{meA.dL.L.T.A.meL.V}$PEPTIDE1,PEPTIDE1,1:R1-7:R2$$$",-5.33300000,ok,,flexible
"PEPTIDE1{P.Pr_Gly.dL.meA.meL.F.T}$PEPTIDE1,PEPTIDE1,1:R1-7:R2$$$",-5.94900000,ok,,flexible
"PEPTIDE1{dA.Me_dL.meA.G.L.Sar.Ser(tBu)}$PEPTIDE1,PEPTIDE1,1:R1-7:R2$$$",-6.50400000,ok,,flexible
"PEPTIDE1{Me_dA.Abu.meL.meS.A.L.dL}$PEPTIDE1,PEPTIDE1,1:R1-7:R2$$$",-6.47200000,ok,,flexible
"PEPTIDE1{dA.meL.meA.meS.meL.L.T}$PEPTIDE1,PEPTIDE1,1:R1-7:R2$$$",-5.15200000,ok,,flexible
"PEPTIDE1{meA.T.Me_dL.meL.A.P.T}$PEPTIDE1,PEPTIDE1,1:R1-7:R2$$$",-6.21300000,ok,,flexible
"PEPTIDE1{dF.dP.dP.P.L.dL.T}$PEPTIDE1,PEPTIDE1,1:R1-7:R2$$$",-6.00900000,ok,,flexible
"PEPTIDE1{dV.A.meA.Phe(4-CF3).Me_dL.meL.meS}$PEPTIDE1,PEPTIDE1,1:R1-7:R2$$$",-6.42000000,ok,,flexible
"PEPTIDE1{Me_dA.A.meF.V.L.Me_dL.meA}$PEPTIDE1,PEPTIDE1,1:R1-7:R2$$$",-5.82900000,ok,,flexible
"PEPTIDE1{meA.meL.L.T.dL.V.A}$PEPTIDE1,PEPTIDE1,1:R1-7:R2$$$",-5.98700000,ok,,flexible
"PEPTIDE1{Me_Bal.I.meL.T.T.dP.meV}$PEPTIDE1,PEPTIDE1,1:R1-7:R2$$$",-5.09900000,ok,,flexible
"PEPTIDE1{Me_Bal.meL.F.dL.Ser(tBu).meA.Me_Phe(3-Cl)}$PEPTIDE1,PEPTIDE1,1:R1-7:R2$$$",-6.15700000,ok,,flexible
"PEPTIDE1{meA.Abu.A.T.L.Me_dL.meL}$PEPTIDE1,PEPTIDE1,1:R1-7:R2$$$",-6.19000000,ok,,flexible
"PEPTIDE1{Me_Bal.T.Me_dL.I.meL.L.meA}$PEPTIDE1,PEPTIDE1,1:R1-7:R2$$$",-5.48200000,ok,,flexible
"PEPTIDE1{Pr_Gly.L.meL.T.meF.P.T}$PEPTIDE1,PEPTIDE1,1:R1-7:R2$$$",-5.78000000,ok,,flexible
"PEPTIDE1{meA.Sar.L.cHexCH2_Gly.A.Me_dL.V}$PEPTIDE1,PEPTIDE1,1:R1-7:R2$$$",-6.21900000,ok,,flexible
"PEPTIDE1{dA.Me_dL.L.T.dL.T.Sar}$PEPTIDE1,PEPTIDE1,1:R1-7:R2$$$",-5.91900000,ok,,flexible
"PEPTIDE1{Mono6.Ala(5-Tet).P.L.Aoc(2).A.dL}$PEPTIDE1,PEPTIDE1,1:R1-7:R2$$$",-6.26700000,ok,,flexible
"PEPTIDE1{dA.meA.meF.meS.L.T.Abu}$PEPTIDE1,PEPTIDE1,1:R1-7:R2$$$",-6.19600000,ok,,flexible
"PEPTIDE1{A.Pr_Gly.meA.L.meF.L.Ser(tBu)}$PEPTIDE1,PEPTIDE1,1:R1-7:R2$$$",-5.61000000,ok,,flexible
"PEPTIDE1{A.dL.Me_dL.L.meA.meL.dA}$PEPTIDE1,PEPTIDE1,1:R1-7:R2$$$",-5.77900000,ok,,flexible
"PEPTIDE1{dA.L.L.meF.T.pentyl_Gly.meL}$PEPTIDE1,PEPTIDE1,1:R1-7:R2$$$",-5.05900000,ok,,flexible
"PEPTIDE1{dF.meF.L.L.meS.A.I}$PEPTIDE1,PEPTIDE1,1:R1-7:R2$$$",-5.25400000,ok,,flexible
"PEPTIDE1{Me_dA.T.P.meS.dP.Me_dL.meA}$PEPTIDE1,PEPTIDE1,1:R1-7:R2$$$",-6.25000000,ok,,flexible
"PEPTIDE1{meA.meV.T.meF.Me_dL.Me_Phe(3-Cl).A}$PEPTIDE1,PEPTIDE1,1:R1-7:R2$$$",-6.96000000,ok,,flexible
"PEPTIDE1{Me_Bal.meL.T.P.V.Me_dL.meL}$PEPTIDE1,PEPTIDE1,1:R1-7:R2$$$",-5.51200000,ok,,flexible
"PEPTIDE1{L.T.Me_dL.dL.meL.T.L}$PEPTIDE1,PEPTIDE1,1:R1-7:R2$$$",-5.11700000,ok,,flexible
"PEPTIDE1{Mono6.meA.meL.P.pentyl_Gly.G.dPye}$PEPTIDE1,PEPTIDE1,1:R1-7:R2$$$",-6.27900000,ok,,flexible
"PEPTIDE1{dF.meL.L.meL.dP.pentyl_Gly.L}$PEPTIDE1,PEPTIDE1,1:R1-7:R2$$$",-4.56300000,ok,,flexible
"PEPTIDE1{L.T.V.F.meA.meL.meF}$PEPTIDE1,PEPTIDE1,1:R1-7:R2$$$",-5.40900000,ok,,flexible
"PEPTIDE1{Me_dA.Pr_Gly.meL.L.Me_dL.Me_dL.F}$PEPTIDE1,PEPTIDE1,1:R1-7:R2$$$",-5.11600000,ok,,flexible
"PEPTIDE1{Me_Bal.dP.V.L.meA.T.F}$PEPTIDE1,PEPTIDE1,1:R1-7:R2$$$",-6.46300000,ok,,flexible
"PEPTIDE1{Me_Bal.Me_dL.meS.meF.Abu.meA.Sar}$PEPTIDE1,PEPTIDE1,1:R1-7:R2$$$",-6.40000000,ok,,flexible
"PEPTIDE1{Me_dA.Pr_Gly.meA.Me_Phe(3-Cl).dL.Me_dL.dF}$PEPTIDE1,PEPTIDE1,1:R1-7:R2$$$",-5.63600000,ok,,flexible
"PEPTIDE1{P.meA.Me_dA.meL.meF.F.V}$PEPTIDE1,PEPTIDE1,1:R1-7:R2$$$",-6.88100000,ok,,flexible
"PEPTIDE1{Me_dA.Pr_Gly.Pr_Gly.meA.meL.dA.dL}$PEPTIDE1,PEPTIDE1,1:R1-7:R2$$$",-5.50000000,ok,,flexible
"PEPTIDE1{meA.Me_dL.A.F.dP.I.dA}$PEPTIDE1,PEPTIDE1,1:R1-7:R2$$$",-6.14300000,ok,,flexible
"PEPTIDE1{F.L.meL.Sar.Abu.meL.A}$PEPTIDE1,PEPTIDE1,1:R1-7:R2$$$",-5.74100000,ok,,flexible
"PEPTIDE1{A.P.L.T.I.meA.V}$PEPTIDE1,PEPTIDE1,1:R1-7:R2$$$",-6.02700000,ok,,flexible
"PEPTIDE1{dA.meL.F.V.Ser(tBu).T.Me_Phe(3-Cl)}$PEPTIDE1,PEPTIDE1,1:R1-7:R2$$$",-6.48500000,ok,,flexible
"PEPTIDE1{P.Pr_Gly.G.dF.meL.A.Aib}$PEPTIDE1,PEPTIDE1,1:R1-7:R2$$$",-6.45300000,ok,,flexible
"PEPTIDE1{Sar.dP.P.V.Me_dL.F.meA}$PEPTIDE1,PEPTIDE1,1:R1-7:R2$$$",-7.02200000,ok,,flexible
"PEPTIDE1{meA.A.A.Ser(tBu).I.T.dL}$PEPTIDE1,PEPTIDE1,1:R1-7:R2$$$",-5.48900000,ok,,flexible
"PEPTIDE1{L.P.dP.meF.Me_dL.T.meA}$PEPTIDE1,PEPTIDE1,1:R1-7:R2$$$",-6.24100000,ok,,flexible
"PEPTIDE1{Pr_Gly.cHexCH2_Gly.A.Mono38.meL.T.P}$PEPTIDE1,PEPTIDE1,1:R1-7:R2$$$",-5.38100000,ok,,flexible
"PEPTIDE1{dA.A.meF.L.meS.P.V}$PEPTIDE1,PEPTIDE1,1:R1-7:R2$$$",-6.29200000,ok,,flexible
"PEPTIDE1{Me_dA.meA.A.meF.meV.Ser(tBu).V}$PEPTIDE1,PEPTIDE1,1:R1-7:R2$$$",-5.98100000,ok,,flexible
"PEPTIDE1{meA.meS.Abu.Me_dL.V.meL.P}$PEPTIDE1,PEPTIDE1,1:R1-7:R2$$$",-5.72400000,ok,,flexible
"PEPTIDE1{meA.T.L.dL.Me_dL.meI.T}$PEPTIDE1,PEPTIDE1,1:R1-7:R2$$$",-5.67400000,ok,,flexible
"PEPTIDE1{Me_Bal.pentyl_Gly.pentyl_Gly.L.Ser(tBu).I.meL}$PEPTIDE1,PEPTIDE1,1:R1-7:R2$$$",-4.70700000,ok,,flexible
"PEPTIDE1{Me_dA.meA.meF.Me_dL.meL.T.A}$PEPTIDE1,PEPTIDE1,1:R1-7:R2$$$",-6.21800000,ok,,flexible
"PEPTIDE1{dV.meL.T.P.dL.T.meL}$PEPTIDE1,PEPTIDE1,1:R1-7:R2$$$",-5.63500000,ok,,flexible
"PEPTIDE1{meL.meL.L.meS.T.Ala(5-Tet).meF}$PEPTIDE1,PEPTIDE1,1:R1-7:R2$$$",-5.07200000,ok,,flexible
"PEPTIDE1{F.A.T.meS.Abu.L.Me_dA}$PEPTIDE1,PEPTIDE1,1:R1-7:R2$$$",-5.72000000,ok,,flexible
"PEPTIDE1{Me_dA.L.meL.Abu.A.Ala(5-Tet).dL}$PEPTIDE1,PEPTIDE1,1:R1-7:R2$$$",-5.72400000,ok,,flexible
"PEPTIDE1{A.meA.L.meA.meF.T.Me_dA}$PEPTIDE1,PEPTIDE1,1:R1-7:R2$$$",-6.59200000,ok,,flexible
"PEPTIDE1{F.T.meS.Me_dL.meL.L.dP}$PEPTIDE1,PEPTIDE1,1:R1-7:R2$$$",-5.88600000,ok,,flexible
"PEPTIDE1{A.L.P.meA.T.meF.F}$PEPTIDE1,PEPTIDE1,1:R1-7:R2$$$",-6.62300000,ok,,flexible
"PEPTIDE1{dV.meS.Abu.Me_dA.meA.T.meL}$PEPTIDE1,PEPTIDE1,1:R1-7:R2$$$",-5.93000000,ok,,flexible
"PEPTIDE1{Me_Bal.L.P.L.T.meL.Ser(tBu)}$PEPTIDE1,PEPTIDE1,1:R1-7:R2$$$",-5.04200000,ok,,flexible
"PEPTIDE1{dA.A.meA.meS.A.P.L}$PEPTIDE1,PEPTIDE1,1:R1-7:R2$$$",-6.37300000,ok,,flexible
"PEPTIDE1{Me_dA.Mono38.A.A.L.L.meL}$PEPTIDE1,PEPTIDE1,1:R1-7:R2$$$",-5.87100000,ok,,flexible
"PEPTIDE1{dA.meL.T.Abu.meS.dP.meF}$PEPTIDE1,PEPTIDE1,1:R1-7:R2$$$",-5.69100000,ok,,flexible
"PEPTIDE1{meA.Me_dA.F.I.meL.Ser(tBu).Me_dL}$PEPTIDE1,PEPTIDE1,1:R1-7:R2$$$",-5.34100000,ok,,flexible
"PEPTIDE1{meA.meL.T.Sar.L.meF.Aoc(2)}$PEPTIDE1,PEPTIDE1,1:R1-7:R2$$$",-5.83800000,ok,,flexible
"PEPTIDE1{dV.A.dL.meA.meL.L.V}$PEPTIDE1,PEPTIDE1,1:R1-7:R2$$$",-6.15200000,ok,,flexible
"PEPTIDE1{dV.Me_dL.L.meL.A.meA.meL}$PEPTIDE1,PEPTIDE1,1:R1-7:R2$$$",-5.36000000,ok,,flexible
"PEPTIDE1{meA.Me_dL.L.P.T.meL.Me_dA}$PEPTIDE1,PEPTIDE1,1:R1-7:R2$$$",-6.01500000,ok,,flexible
"PEPTIDE1{Me_dA.P.A.Mono84.I.L.Et_Gly}$PEPTIDE1,PEPTIDE1,1:R1-7:R2$$$",-6.34000000,ok,,flexible
"PEPTIDE1{Me_dA.pentyl_Gly.meL.A.L.P.F}$PEPTIDE1,PEPTIDE1,1:R1-7:R2$$$",-5.60100000,ok,,flexible
"PEPTIDE1{Mono6.A.dL.A.Mono84.Me_Phe(3-Cl).L}$PEPTIDE1,PEPTIDE1,1:R1-7:R2$$$",-6.34800000,ok,,flexible
"PEPTIDE1{P.meA.L.F.I.V.A}$PEPTIDE1,PEPTIDE1,1:R1-7:R2$$$",-6.12600000,ok,,flexible
"PEPTIDE1{A.meL.T.F.Sar.meV.P}$PEPTIDE1,PEPTIDE1,1:R1-7:R2$$$",-6.30600000,ok,,flexible
"PEPTIDE1{A.Me_dL.meS.F.Ser(tBu).I.dL}$PEPTIDE1,PEPTIDE1,1:R1-7:R2$$$",-5.13000000,ok,,flexible
"PEPTIDE1{meA.G.T.A.meL.Me_dL.meV}$PEPTIDE1,PEPTIDE1,1:R1-7:R2$$$",-6.20400000,ok,,flexible
"PEPTIDE1{Me_dA.Me_Phe(3-Cl).V.meL.A.meL.Ser(tBu)}$PEPTIDE1,PEPTIDE1,1:R1-7:R2$$$",-5.60700000,ok,,flexible
"PEPTIDE1{L.T.I.G.dL.meL.meL}$PEPTIDE1,PEPTIDE1,1:R1-7:R2$$$",-5.48000000,ok,,flexible
"PEPTIDE1{dV.Pr_Gly.dP.V.dL.meF.F}$PEPTIDE1,PEPTIDE1,1:R1-7:R2$$$",-6.36000000,ok,,flexible
"PEPTIDE1{dF.A.Et_Gly.L.T.meL.L}$PEPTIDE1,PEPTIDE1,1:R1-7:R2$$$",-5.83300000,ok,,flexible
"PEPTIDE1{Mono6.meL.meA.Me_dL.T.Me_dA.A}$PEPTIDE1,PEPTIDE1,1:R1-7:R2$$$",-5.87200000,ok,,flexible
"PEPTIDE1{A.Mono38.I.A.Mono84.T.V}$PEPTIDE1,PEPTIDE1,1:R1-7:R2$$$",-5.93700000,ok,,flexible
"PEPTIDE1{meL.Pr_Gly.L.Me_dL.meA.Abu.meF}$PEPTIDE1,PEPTIDE1,1:R1-7:R2$$$",-5.51000000,ok,,flexible
"PEPTIDE1{L.meS.meL.Ala(5-Tet).L.A.Abu}$PEPTIDE1,PEPTIDE1,1:R1-7:R2$$$",-5.40800000,ok,,flexible
"PEPTIDE1{Me_Bal.L.pentyl_Gly.Mono86.meL.I.P}$PEPTIDE1,PEPTIDE1,1:R1-7:R2$$$",-4.98500000,ok,,flexible
"PEPTIDE1{meA.Me_dL.dP.P.dL.meL.A}$PEPTIDE1,PEPTIDE1,1:R1-7:R2$$$",-6.20400000,ok,,flexible
"PEPTIDE1{Me_dA.F.dPye.L.L.I.meA}$PEPTIDE1,PEPTIDE1,1:R1-7:R2$$$",-5.24300000,ok,,flexible
"PEPTIDE1{meA.pentyl_Gly.Ser(tBu).P.L.meL.T}$PEPTIDE1,PEPTIDE1,1:R1-7:R2$$$",-4.87600000,ok,,flexible
"PEPTIDE1{dA.P.Me_dL.meL.meA.Me_dA.Sar}$PEPTIDE1,PEPTIDE1,1:R1-7:R2$$$",-6.82100000,ok,,flexible
"PEPTIDE1{Me_Bal.V.meL.meA.F.T.F}$PEPTIDE1,PEPTIDE1,1:R1-7:R2$$$",-6.30500000,ok,,flexible
"PEPTIDE1{dA.T.meV.meL.F.meA.V}$PEPTIDE1,PEPTIDE1,1:R1-7:R2$$$",-6.05400000,ok,,flexible
"PEPTIDE1{Me_Bal.P.A.meL.Mono78.meF.dL}$PEPTIDE1,PEPTIDE1,1:R1-7:R2$$$",-6.50900000,ok,,flexible
"PEPTIDE1{L.meL.V.dL.T.meA.A}$PEPTIDE1,PEPTIDE1,1:R1-7:R2$$$",-6.07400000,ok,,flexible
"PEPTIDE1{dA.L.meA.V.T.Sar.meV}$PEPTIDE1,PEPTIDE1,1:R1-7:R2$$$",-6.80000000,ok,,flexible
"PEPTIDE1{Me_Bal.cHexCH2_Gly.L.meS.L.meF.Abu}$PEPTIDE1,PEPTIDE1,1:R1-7:R2$$$",-5.48400000,ok,,flexible
"PEPTIDE1{Pr_Gly.Me_Nle.A.L.I.meA.meF}$PEPTIDE1,PEPTIDE1,1:R1-7:R2$$$",-5.48000000,ok,,flexible
"PEPTIDE1{meA.dPye.Me_dL.L.Me_dA.P.T}$PEPTIDE1,PEPTIDE1,1:R1-7:R2$$$",-5.95000000,ok,,flexible
"PEPTIDE1{Me_dA.T.L.dL.meS.Ala(5-Tet).Abu}$PEPTIDE1,PEPTIDE1,1:R1-7:R2$$$",-5.51300000,ok,,flexible
"PEPTIDE1{A.meL.T.meA.Ala(5-Tet).meS.Abu}$PEPTIDE1,PEPTIDE1,1:R1-7:R2$$$",-6.15900000,ok,,flexible
"PEPTIDE1{Mono6.A.meS.L.meL.meA.dV}$PEPTIDE1,PEPTIDE1,1:R1-7:R2$$$",-6.19100000,ok,,flexible
"PEPTIDE1{Pr_Gly.Ala(5-Tet).meL.L.Abu.Aoc(2).meF}$PEPTIDE1,PEPTIDE1,1:R1-7:R2$$$",-4.62900000,ok,,flexible
"PEPTIDE1{dV.Abu.meS.T.Me_dL.P.T}$PEPTIDE1,PEPTIDE1,1:R1-7:R2$$$",-5.75600000,ok,,flexible
"PEPTIDE1{dV.Ala(5-Tet).T.meS.meL.meF.F}$PEPTIDE1,PEPTIDE1,1:R1-7:R2$$$",-5.92700000,ok,,flexible
"PEPTIDE1{dV.meS.Abu.Aoc(2).meF.T.Me_dA}$PEPTIDE1,PEPTIDE1,1:R1-7:R2$$$",-5.72700000,ok,,flexible
"PEPTIDE1{L.Ala(5-Tet).Sar.meA.T.Me_dL.T}$PEPTIDE1,PEPTIDE1,1:R1-7:R2$$$",-6.19600000,ok,,flexible
"PEPTIDE1{F.A.A.Me_Phe(3-Cl).L.Me_dL.dL}$PEPTIDE1,PEPTIDE1,1:R1-7:R2$$$",-7.09100000,ok,,flexible
"PEPTIDE1{F.cHexCH2_Gly.dP.dL.Et_Gly.I.A}$PEPTIDE1,PEPTIDE1,1:R1-7:R2$$$",-6.02200000,ok,,flexible
"PEPTIDE1{Me_dA.A.meS.meL.L.T.Ala(5-Tet)}$PEPTIDE1,PEPTIDE1,1:R1-7:R2$$$",-5.67300000,ok,,flexible
"PEPTIDE1{dV.meS.Abu.meS.L.Sar.Me_dA}$PEPTIDE1,PEPTIDE1,1:R1-7:R2$$$",-6.09700000,ok,,flexible
"PEPTIDE1{Me_Bal.Ser(tBu).L.L.meL.T.cHexCH2_Gly}$PEPTIDE1,PEPTIDE1,1:R1-7:R2$$$",-5.58200000,ok,,flexible
"PEPTIDE1{dA.Pr_Gly.A.Me_dL.meA.V.I}$PEPTIDE1,PEPTIDE1,1:R1-7:R2$$$",-5.58800000,ok,,flexible
"PEPTIDE1{Mono6.cHexCH2_Gly.Ser(tBu).dL.P.L.dP}$PEPTIDE1,PEPTIDE1,1:R1-7:R2$$$",-5.57800000,ok,,flexible
"PEPTIDE1{meL.meA.L.Me_dL.A.T.Ala(5-Tet)}$PEPTIDE1,PEPTIDE1,1:R1-7:R2$$$",-5.29200000,ok,,flexible
"PEPTIDE1{Me_Bal.P.P.L.T.meL.P}$PEPTIDE1,PEPTIDE1,1:R1-7:R2$$$",-6.02200000,ok,,flexible
"PEPTIDE1{Me_dA.T.L.3Pal.meL.meA.Ser(tBu)}$PEPTIDE1,PEPTIDE1,1:R1-7:R2$$$",-5.02900000,ok,,flexible
"PEPTIDE1{L.meS.Pr_Gly.Me_dL.P.I.meA}$PEPTIDE1,PEPTIDE1,1:R1-7:R2$$$",-6.36000000,ok,,flexible
"PEPTIDE1{meL.T.Abu.Me_dA.A.T.meS}$PEPTIDE1,PEPTIDE1,1:R1-7:R2$$$",-5.88600000,ok,,flexible
"PEPTIDE1{A.L.T.T.meA.meS.meF}$PEPTIDE1,PEPTIDE1,1:R1-7:R2$$$",-5.83700000,ok,,flexible
"PEPTIDE1{dA.meL.F.A.V.Me_dL.meL}$PEPTIDE1,PEPTIDE1,1:R1-7:R2$$$",-5.59700000,ok,,flexible
"PEPTIDE1{A.P.meF.meL.Ser(tBu).I.F}$PEPTIDE1,PEPTIDE1,1:R1-7:R2$$$",-5.51400000,ok,,flexible
"PEPTIDE1{A.Me_dA.dP.meA.P.dL.meS}$PEPTIDE1,PEPTIDE1,1:R1-7:R2$$$",-6.36500000,ok,,flexible
"PEPTIDE1{Me_dA.cHexCH2_Gly.cHexCH2_Gly.Mono38.L.dL.I}$PEPTIDE1,PEPTIDE1,1:R1-7:R2$$$",-5.67900000,ok,,flexible
"PEPTIDE1{A.Pr_Gly.dL.meA.F.meL.meF}$PEPTIDE1,PEPTIDE1,1:R1-7:R2$$$",-5.73700000,ok,,flexible
"PEPTIDE1{meF.L.I.Mono78.L.meL.Me_dL}$PEPTIDE1,PEPTIDE1,1:R1-7:R2$$$",-5.10700000,ok,,flexible
"PEPTIDE1{Me_dA.Pr_Gly.L.G.dL.Me_dL.I}$PEPTIDE1,PEPTIDE1,1:R1-7:R2$$$",-5.48400000,ok,,flexible
"PEPTIDE1{Me_dA.Me_dL.dP.T.A.Me_dL.meF}$PEPTIDE1,PEPTIDE1,1:R1-7:R2$$$",-7.03600000,ok,,flexible
"PEPTIDE1{Mono6.T.meS.meA.Abu.dA.Me_dL}$PEPTIDE1,PEPTIDE1,1:R1-7:R2$$$",-5.73800000,ok,,flexible
"PEPTIDE1{Sar.Mono86.L.meA.P.dL.I}$PEPTIDE1,PEPTIDE1,1:R1-7:R2$$$",-5.83200000,ok,,flexible
"PEPTIDE1{Me_Bal.A.Me_dL.P.T.Abu.meL}$PEPTIDE1,PEPTIDE1,1:R1-7:R2$$$",-6.20800000,ok,,flexible
"PEPTIDE1{A.meL.L.meL.Me_dL.V.dA}$PEPTIDE1,PEPTIDE1,1:R1-7:R2$$$",-5.40200000,ok,,flexible
"PEPTIDE1{dV.L.P.meA.Me_dA.dP.T}$PEPTIDE1,PEPTIDE1,1:R1-7:R2$$$",-6.80200000,ok,,flexible
"PEPTIDE1{dF.cHexCH2_Gly.A.Mono84.Mono86.P.L}$PEPTIDE1,PEPTIDE1,1:R1-7:R2$$$",-6.08300000,ok,,flexible
"PEPTIDE1{Me_Bal.A.meA.Me_dA.Me_dL.F.Me_dL}$PEPTIDE1,PEPTIDE1,1:R1-7:R2$$$",-5.96000000,ok,,flexible
"PEPTIDE1{F.meL.L.meL.A.T.meS}$PEPTIDE1,PEPTIDE1,1:R1-7:R2$$$",-5.65500000,ok,,flexible
"PEPTIDE1{A.L.L.I.A.T.Mono84}$PEPTIDE1,PEPTIDE1,1:R1-7:R2$$$",-5.60100000,ok,,flexible
"PEPTIDE1{Me_Bal.T.meF.V.meA.meV.meL}$PEPTIDE1,PEPTIDE1,1:R1-7:R2$$$",-6.30200000,ok,,flexible
"PEPTIDE1{Mono6.Me_dA.dA.P.P.pentyl_Gly.L}$PEPTIDE1,PEPTIDE1,1:R1-7:R2$$$",-6.59000000,ok,,flexible
"PEPTIDE1{F.L.meF.D.A.P.T}$PEPTIDE1,PEPTIDE1,1:R1-7:R2$$$",-6.08200000,ok,,flexible
"PEPTIDE1{meA.T.meS.meL.meL.Me_dA.L}$PEPTIDE1,PEPTIDE1,1:R1-7:R2$$$",-5.71800000,ok,,flexible
"PEPTIDE1{Me_dA.meS.meA.meS.meL.A.Abu}$PEPTIDE1,PEPTIDE1,1:R1-7:R2$$$",-7.01300000,ok,,flexible
"PEPTIDE1{dV.meL.meA.L.meF.Me_Abu.Me_dA}$PEPTIDE1,PEPTIDE1,1:R1-7:R2$$$",-5.87600000,ok,,flexible
"PEPTIDE1{dF.T.Abu.meL.meL.Me_dA.dV}$PEPTIDE1,PEPTIDE1,1:R1-7:R2$$$",-6.04400000,ok,,flexible
"PEPTIDE1{Sar.T.P.T.Abu.Me_dA.dL}$PEPTIDE1,PEPTIDE1,1:R1-7:R2$$$",-6.69400000,ok,,flexible
"PEPTIDE1{meA.A.meL.L.V.T.Me_dL}$PEPTIDE1,PEPTIDE1,1:R1-7:R2$$$",-5.96700000,ok,,flexible
"PEPTIDE1{meA.Abu.meL.meF.meL.Ala(5-Tet).L}$PEPTIDE1,PEPTIDE1,1:R1-7:R2$$$",-5.51200000,ok,,flexible
"PEPTIDE1{meL.L.Abu.T.meF.T.meA}$PEPTIDE1,PEPTIDE1,1:R1-7:R2$$$",-5.79800000,ok,,flexible
"PEPTIDE1{Me_dA.I.Ser(tBu).dP.dL.meF.A}$PEPTIDE1,PEPTIDE1,1:R1-7:R2$$$",-6.64800000,ok,,flexible
"PEPTIDE1{Sar.L.dL.meL.A.P.meL}$PEPTIDE1,PEPTIDE1,1:R1-7:R2$$$",-5.60300000,ok,,flexible
"PEPTIDE1{A.L.meL.F.I.G.Me_Phe(3-Cl)}$PEPTIDE1,PEPTIDE1,1:R1-7:R2$$$",-5.47100000,ok,,flexible
"PEPTIDE1{Me_Bal.A.meA.P.V.L.F}$PEPTIDE1,PEPTIDE1,1:R1-7:R2$$$",-7.12000000,ok,,flexible
"PEPTIDE1{Mono6.A.dL.I.meA.L.dP}$PEPTIDE1,PEPTIDE1,1:R1-7:R2$$$",-6.02300000,ok,,flexible
"PEPTIDE1{dF.Me_Nle.T.meL.P.meL.A}$PEPTIDE1,PEPTIDE1,1:R1-7:R2$$$",-5.86300000,ok,,flexible
"PEPTIDE1{Mono6.F.A.meA.meS.T.Abu}$PEPTIDE1,PEPTIDE1,1:R1-7:R2$$$",-6.56300000,ok,,flexible
"PEPTIDE1{dF.pentyl_Gly.Ser(tBu).T.meA.I.Et_Gly}$PEPTIDE1,PEPTIDE1,1:R1-7:R2$$$",-5.38900000,ok,,flexible
"PEPTIDE1{dV.T.Ala(5-Tet).meA.meS.meL.L}$PEPTIDE1,PEPTIDE1,1:R1-7:R2$$$",-5.72000000,ok,,flexible
"PEPTIDE1{Pr_Gly.P.L.dL.Mono86.I.A}$PEPTIDE1,PEPTIDE1,1:R1-7:R2$$$",-5.22500000,ok,,flexible
"PEPTIDE1{Sar.T.meL.pentyl_Gly.meA.Ser(tBu).Mono84}$PEPTIDE1,PEPTIDE1,1:R1-7:R2$$$",-5.26700000,ok,,flexible
"PEPTIDE1{Me_dA.meS.T.L.Me_dL.meS.A}$PEPTIDE1,PEPTIDE1,1:R1-7:R2$$$",-5.14600000,ok,,flexible
"PEPTIDE1{Mono6.L.Mono84.L.meA.P.T}$PEPTIDE1,PEPTIDE1,1:R1-7:R2$$$",-6.32400000,ok,,flexible
"PEPTIDE1{meA.Me_Phe(3-Cl).L.dL.meL.L.T}$PEPTIDE1,PEPTIDE1,1:R1-7:R2$$$",-5.64800000,ok,,flexible
"PEPTIDE1{Me_Bal.Me_dA.Pr_Gly.Me_dL.F.dL.meA}$PEPTIDE1,PEPTIDE1,1:R1-7:R2$$$",-5.46800000,ok,,flexible
"PEPTIDE1{A.Me_dL.Sar.meA.V.T.meV}$PEPTIDE1,PEPTIDE1,1:R1-7:R2$$$",-5.91600000,ok,,flexible
"PEPTIDE1{meA.A.meF.T.T.meS.Me_dL}$PEPTIDE1,PEPTIDE1,1:R1-7:R2$$$",-5.48800000,ok,,flexible
"PEPTIDE1{Me_dA.Me_dL.meL.meL.dL.V.L}$PEPTIDE1,PEPTIDE1,1:R1-7:R2$$$",-5.24100000,ok,,flexible
"PEPTIDE1{Me_dA.dA.L.meL.G.Mono78.F}$PEPTIDE1,PEPTIDE1,1:R1-7:R2$$$",-7.15600000,ok,,flexible
"PEPTIDE1{dV.meL.meS.meA.Abu.L.Sar}$PEPTIDE1,PEPTIDE1,1:R1-7:R2$$$",-5.24600000,ok,,flexible
"PEPTIDE1{meL.P.meA.L.Ser(tBu).F.meF}$PEPTIDE1,PEPTIDE1,1:R1-7:R2$$$",-5.62200000,ok,,flexible
"PEPTIDE1{dA.pentyl_Gly.F.P.V.T.A}$PEPTIDE1,PEPTIDE1,1:R1-7:R2$$$",-6.40400000,ok,,flexible
"PEPTIDE1{dV.P.Me_dAbu.T.meA.meL.V}$PEPTIDE1,PEPTIDE1,1:R1-7:R2$$$",-5.75600000,ok,,flexible
"PEPTIDE1{meA.Ser(tBu).meL.L.Mono84.Me_dL.V}$PEPTIDE1,PEPTIDE1,1:R1-7:R2$$$",-6.13400000,ok,,flexible
"PEPTIDE1{dA.Me_dA.Me_dL.Ser(tBu).L.V.meL}$PEPTIDE1,PEPTIDE1,1:R1-7:R2$$$",-5.37800000,ok,,flexible
"PEPTIDE1{Pr_Gly.pentyl_Gly.pentyl_Gly.Ser(tBu).L.A.I}$PEPTIDE1,PEPTIDE1,1:R1-7:R2$$$",-4.22800000,ok,,flexible
"PEPTIDE1{meA.cHexCH2_Gly.F.Me_dL.T.Me_dL.meA}$PEPTIDE1,PEPTIDE1,1:R1-7:R2$$$",-5.61700000,ok,,flexible
"PEPTIDE1{Me_dA.T.meL.L.meS.meF.dL}$PEPTIDE1,PEPTIDE1,1:R1-7:R2$$$",-5.45900000,ok,,flexible
"PEPTIDE1{Me_dA.A.meA.meL.P.Ser(tBu).Me_dL}$PEPTIDE1,PEPTIDE1,1:R1-7:R2$$$",-6.11900000,ok,,flexible
"PEPTIDE1{meA.Me_dL.meA.Me_dA.F.L.Ser(tBu)}$PEPTIDE1,PEPTIDE1,1:R1-7:R2$$$",-6.43200000,ok,,flexible
"PEPTIDE1{dA.A.meL.meS.L.meS.I}$PEPTIDE1,PEPTIDE1,1:R1-7:R2$$$",-6.09600000,ok,,flexible
"PEPTIDE1{Me_Bal.meL.meV.T.L.I.meA}$PEPTIDE1,PEPTIDE1,1:R1-7:R2$$$",-5.70000000,ok,,flexible
"PEPTIDE1{Me_Bal.pentyl_Gly.meL.dL.I.A.Me_Phe(3-Cl)}$PEPTIDE1,PEPTIDE1,1:R1-7:R2$$$",-5.39700000,ok,,flexible
"PEPTIDE1{A.meV.meA.P.T.L.meF}$PEPTIDE1,PEPTIDE1,1:R1-7:R2$$$",-6.57500000,ok,,flexible
"PEPTIDE1{dV.Ala(5-Tet).Abu.dL.Me_dL.F.Sar}$PEPTIDE1,PEPTIDE1,1:R1-7:R2$$$",-6.04500000,ok,,flexible
"PEPTIDE1{meA.cHexCH2_Gly.P.F.L.meL.V}$PEPTIDE1,PEPTIDE1,1:R1-7:R2$$$",-6.20600000,ok,,flexible
"PEPTIDE1{dA.A.G.Me_dL.T.meF.L}$PEPTIDE1,PEPTIDE1,1:R1-7:R2$$$",-5.87900000,ok,,flexible
"PEPTIDE1{dV.meF.F.L.A.Me_dL.T}$PEPTIDE1,PEPTIDE1,1:R1-7:R2$$$",-6.07400000,ok,,flexible
"PEPTIDE1{Pr_Gly.F.meL.Me_dA.A.T.Ser(tBu)}$PEPTIDE1,PEPTIDE1,1:R1-7:R2$$$",-6.11800000,ok,,flexible
"PEPTIDE1{Sar.dP.dL.T.T.F.meL}$PEPTIDE1,PEPTIDE1,1:R1-7:R2$$$",-6.06200000,ok,,flexible
"PEPTIDE1{meA.Pr_Gly.T.dL.Me_dL.Me_dA.P}$PEPTIDE1,PEPTIDE1,1:R1-7:R2$$$",-5.63500000,ok,,flexible
"PEPTIDE1{L.Pr_Gly.dP.T.dL.meF.Me_dL}$PEPTIDE1,PEPTIDE1,1:R1-7:R2$$$",-5.22600000,ok,,flexible
"PEPTIDE1{meL.Abu.L.I.Aoc(2).dL.Sar}$PEPTIDE1,PEPTIDE1,1:R1-7:R2$$$",-5.07800000,ok,,flexible
"PEPTIDE1{meA.L.meL.Me_dL.F.T.dA}$PEPTIDE1,PEPTIDE1,1:R1-7:R2$$$",-5.66400000,ok,,flexible
"PEPTIDE1{Pr_Gly.Abu.meF.meA.Me_dL.T.P}$PEPTIDE1,PEPTIDE1,1:R1-7:R2$$$",-1.48200000,ok,,flexible
"PEPTIDE1{meA.meL.L.Me_dA.Me_dL.Me_dL.A}$PEPTIDE1,PEPTIDE1,1:R1-7:R2$$$",-6.00100000,ok,,flexible
"PEPTIDE1{dA.G.Me_Phe(3-Cl).dL.F.Me_dL.V}$PEPTIDE1,PEPTIDE1,1:R1-7:R2$$$",-6.03400000,ok,,flexible
"PEPTIDE1{meA.Pr_Gly.meL.F.A.L.meI}$PEPTIDE1,PEPTIDE1,1:R1-7:R2$$$",-5.34600000,ok,,flexible
"PEPTIDE1{Me_Bal.A.P.meL.dL.V.Ser(tBu)}$PEPTIDE1,PEPTIDE1,1:R1-7:R2$$$",-5.34100000,ok,,flexible
"PEPTIDE1{meA.dPye.Me_dL.Ser(tBu).L.T.A}$PEPTIDE1,PEPTIDE1,1:R1-7:R2$$$",-6.17500000,ok,,flexible
"PEPTIDE1{dV.P.meS.T.L.dL.Me_dL}$PEPTIDE1,PEPTIDE1,1:R1-7:R2$$$",-5.93900000,ok,,flexible
"PEPTIDE1{meA.T.meL.T.meF.meL.Me_dL}$PEPTIDE1,PEPTIDE1,1:R1-7:R2$$$",-5.09400000,ok,,flexible
"PEPTIDE1{Me_dA.Pr_Gly.F.L.V.meA.F}$PEPTIDE1,PEPTIDE1,1:R1-7:R2$$$",-6.40900000,ok,,flexible
"PEPTIDE1{Sar.L.F.T.V.I.meL}$PEPTIDE1,PEPTIDE1,1:R1-7:R2$$$",-5.31900000,ok,,flexible
"PEPTIDE1{A.L.T.meF.meS.Me_dL.meL}$PEPTIDE1,PEPTIDE1,1:R1-7:R2$$$",-5.49700000,ok,,flexible
"PEPTIDE1{Me_dA.cHexCH2_Gly.L.T.meA.P.meL}$PEPTIDE1,PEPTIDE1,1:R1-7:R2$$$",-5.79600000,ok,,flexible
"PEPTIDE1{A.T.meA.L.F.meL.T}$PEPTIDE1,PEPTIDE1,1:R1-7:R2$$$",-6.07000000,ok,,flexible
"PEPTIDE1{Me_dA.T.meF.P.meS.L.Me_dL}$PEPTIDE1,PEPTIDE1,1:R1-7:R2$$$",-6.25700000,ok,,flexible
"PEPTIDE1{dA.Me_dA.L.Abu.meF.meL.T}$PEPTIDE1,PEPTIDE1,1:R1-7:R2$$$",-5.73900000,ok,,flexible
"PEPTIDE1{A.meL.meS.Me_dL.T.Abu.L}$PEPTIDE1,PEPTIDE1,1:R1-7:R2$$$",-5.96600000,ok,,flexible
"PEPTIDE1{Me_Bal.dL.meL.Me_dA.T.F.L}$PEPTIDE1,PEPTIDE1,1:R1-7:R2$$$",-6.18100000,ok,,flexible
"PEPTIDE1{Me_dA.Me_dAbu.T.meL.meI.meL.meA}$PEPTIDE1,PEPTIDE1,1:R1-7:R2$$$",-5.25700000,ok,,flexible
"PEPTIDE1{Sar.Mono38.meF.A.dL.L.T}$PEPTIDE1,PEPTIDE1,1:R1-7:R2$$$",-5.86900000,ok,,flexible
"PEPTIDE1{Me_Bal.meL.Me_dL.Abu.meF.meA.T}$PEPTIDE1,PEPTIDE1,1:R1-7:R2$$$",-5.81000000,ok,,flexible
"PEPTIDE1{Mono6.meL.A.Me_dL.meF.dL.I}$PEPTIDE1,PEPTIDE1,1:R1-7:R2$$$",-5.54400000,ok,,flexible
"PEPTIDE1{dV.dP.T.I.dL.L.Me_dL}$PEPTIDE1,PEPTIDE1,1:R1-7:R2$$$",-5.34200000,ok,,flexible
"PEPTIDE1{dP.Me_dL.L.meL.meA.V.Me_dA}$PEPTIDE1,PEPTIDE1,1:R1-7:R2$$$",-6.29200000,ok,,flexible
"PEPTIDE1{F.T.meF.dL.G.Sar.A}$PEPTIDE1,PEPTIDE1,1:R1-7:R2$$$",-6.33100000,ok,,flexible
"PEPTIDE1{A.P.dL.T.I.T.meL}$PEPTIDE1,PEPTIDE1,1:R1-7:R2$$$",-5.43800000,ok,,flexible
"PEPTIDE1{meA.Me_dL.A.meS.meL.T.Sar}$PEPTIDE1,PEPTIDE1,1:R1-7:R2$$$",-5.73800000,ok,,flexible
"PEPTIDE1{dV.dP.meL.T.P.Me_dL.meS}$PEPTIDE1,PEPTIDE1,1:R1-7:R2$$$",-5.48600000,ok,,flexible
"PEPTIDE1{dA.meL.P.V.meV.Me_dL.meA}$PEPTIDE1,PEPTIDE1,1:R1-7:R2$$$",-6.37700000,ok,,flexible
"PEPTIDE1{Me_dA.dP.Ser(tBu).meL.L.T.P}$PEPTIDE1,PEPTIDE1,1:R1-7:R2$$$",-6.14700000,ok,,flexible
"PEPTIDE1{A.meA.T.V.T.dP.I}$PEPTIDE1,PEPTIDE1,1:R1-7:R2$$$",-6.48800000,ok,,flexible
"PEPTIDE1{Me_Bal.meA.L.meL.meY.T.meL}$PEPTIDE1,PEPTIDE1,1:R1-7:R2$$$",-6.08100000,ok,,flexible
"PEPTIDE1{dF.T.L.3Pal.dL.L.meF}$PEPTIDE1,PEPTIDE1,1:R1-7:R2$$$",-5.29400000,ok,,flexible
"PEPTIDE1{Me_dA.meA.A.meL.Me_dL.T.P}$PEPTIDE1,PEPTIDE1,1:R1-7:R2$$$",-6.18200000,ok,,flexible
"PEPTIDE1{Mono6.meA.T.I.P.A.L}$PEPTIDE1,PEPTIDE1,1:R1-7:R2$$$",-6.36300000,ok,,flexible
"PEPTIDE1{F.Mono38.L.I.A.L.Mono86}$PEPTIDE1,PEPTIDE1,1:R1-7:R2$$$",-5.34800000,ok,,flexible
"PEPTIDE1{A.meL.T.meS.L.T.Me_dL}$PEPTIDE1,PEPTIDE1,1:R1-7:R2$$$",-5.38800000,ok,,flexible
"PEPTIDE1{Me_Bal.P.T.meL.A.meF.V}$PEPTIDE1,PEPTIDE1,1:R1-7:R2$$$",-6.43400000,ok,,flexible
"PEPTIDE1{Mono6.3Pal.I.meS.T.A.dL}$PEPTIDE1,PEPTIDE1,1:R1-7:R2$$$",-5.79200000,ok,,flexible
"PEPTIDE1{Pr_Gly.dL.T.P.L.meL.L}$PEPTIDE1,PEPTIDE1,1:R1-7:R2$$$",-5.53000000,ok,,flexible
"PEPTIDE1{dV.A.meL.L.meL.Abu.meF}$PEPTIDE1,PEPTIDE1,1:R1-7:R2$$$",-5.81700000,ok,,flexible
"PEPTIDE1{Me_dA.dP.meF.T.L.Ser(tBu).A}$PEPTIDE1,PEPTIDE1,1:R1-7:R2$$$",-6.42300000,ok,,flexible
"PEPTIDE1{Me_dA.meF.meL.Aoc(2).meA.T.dV}$PEPTIDE1,PEPTIDE1,1:R1-7:R2$$$",-5.91600000,ok,,flexible
"PEPTIDE1{A.Pr_Gly.meL.dL.meA.T.L}$PEPTIDE1,PEPTIDE1,1:R1-7:R2$$$",-5.40300000,ok,,flexible
"PEPTIDE1{P.dPye.A.meA.L.F.meL}$PEPTIDE1,PEPTIDE1,1:R1-7:R2$$$",-5.47400000,ok,,flexible
"PEPTIDE1{Me_dA.L.meL.meL.meS.meA.dA}$PEPTIDE1,PEPTIDE1,1:R1-7:R2$$$",-5.78500000,ok,,flexible
"PEPTIDE1{meA.F.A.P.G.I.L}$PEPTIDE1,PEPTIDE1,1:R1-7:R2$$$",-6.70700000,ok,,flexible
"PEPTIDE1{Me_dA.meL.T.Ser(tBu).T.Me_dL.dF}$PEPTIDE1,PEPTIDE1,1:R1-7:R2$$$",-5.77600000,ok,,flexible
"PEPTIDE1{dA.T.A.meS.meA.Me_dA.meL}$PEPTIDE1,PEPTIDE1,1:R1-7:R2$$$",-6.61100000,ok,,flexible
"PEPTIDE1{Mono6.meA.T.T.Sar.dP.dL}$PEPTIDE1,PEPTIDE1,1:R1-7:R2$$$",-5.84800000,ok,,flexible
"PEPTIDE1{dA.T.Me_dL.A.meA.P.V}$PEPTIDE1,PEPTIDE1,1:R1-7:R2$$$",-6.18600000,ok,,flexible
"PEPTIDE1{A.meS.Aoc(2).T.dL.L.meA}$PEPTIDE1,PEPTIDE1,1:R1-7:R2$$$",-5.35300000,ok,,flexible
"PEPTIDE1{dA.dL.meL.pentyl_Gly.T.Mono84.Ser(tBu)}$PEPTIDE1,PEPTIDE1,1:R1-7:R2$$$",-4.77400000,ok,,flexible
"PEPTIDE1{dA.meA.I.Me_dL.L.G.F}$PEPTIDE1,PEPTIDE1,1:R1-7:R2$$$",-6.03200000,ok,,flexible
"PEPTIDE1{Sar.V.T.Me_dL.meL.L.pentyl_Gly}$PEPTIDE1,PEPTIDE1,1:R1-7:R2$$$",-5.49900000,ok,,flexible
"PEPTIDE1{Me_Bal.Me_dA.P.F.dP.P.meF}$PEPTIDE1,PEPTIDE1,1:R1-7:R2$$$",-6.85200000,ok,,flexible
"PEPTIDE1{A.P.meL.V.L.meA.meV}$PEPTIDE1,PEPTIDE1,1:R1-7:R2$$$",-5.85100000,ok,,flexible
"PEPTIDE1{Mono6.meF.T.Ser(tBu).dL.F.L}$PEPTIDE1,PEPTIDE1,1:R1-7:R2$$$",-5.90900000,ok,,flexible
"PEPTIDE1{Me_dA.meL.Me_dL.Ser(tBu).meA.I.L}$PEPTIDE1,PEPTIDE1,1:R1-7:R2$$$",-5.69000000,ok,,flexible
"PEPTIDE1{meA.I.T.Sar.L.P.meL}$PEPTIDE1,PEPTIDE1,1:R1-7:R2$$$",-5.77100000,ok,,flexible
"PEPTIDE1{meA.meL.L.meL.T.P.dL}$PEPTIDE1,PEPTIDE1,1:R1-7:R2$$$",-5.64800000,ok,,flexible
"PEPTIDE1{meA.meF.meL.F.meL.T.dP}$PEPTIDE1,PEPTIDE1,1:R1-7:R2$$$",-6.92200000,ok,,flexible
"PEPTIDE1{Pr_Gly.A.meS.Me_dL.dL.meF.Abu}$PEPTIDE1,PEPTIDE1,1:R1-7:R2$$$",-5.40300000,ok,,flexible
"PEPTIDE1{dV.Pr_Gly.Me_dA.meA.dL.A.Me_dL}$PEPTIDE1,PEPTIDE1,1:R1-7:R2$$$",-5.47900000,ok,,flexible
"PEPTIDE1{Me_dA.meA.meF.L.P.A.Me_dL}$PEPTIDE1,PEPTIDE1,1:R1-7:R2$$$",-6.69800000,ok,,flexible
"PEPTIDE1{Me_dA.meL.V.meA.F.T.L}$PEPTIDE1,PEPTIDE1,1:R1-7:R2$$$",-6.03900000,ok,,flexible
"PEPTIDE1{Me_dA.F.L.Me_dL.G.T.meF}$PEPTIDE1,PEPTIDE1,1:R1-7:R2$$$",-5.75000000,ok,,flexible
"PEPTIDE1{meA.Me_dA.V.A.F.A.Me_dL}$PEPTIDE1,PEPTIDE1,1:R1-7:R2$$$",-6.67900000,ok,,flexible
"PEPTIDE1{A.Me_dA.L.dP.V.meF.meL}$PEPTIDE1,PEPTIDE1,1:R1-7:R2$$$",-6.23200000,ok,,flexible
"PEPTIDE1{F.meL.Mono38.pentyl_Gly.A.I.dP}$PEPTIDE1,PEPTIDE1,1:R1-7:R2$$$",-5.05900000,ok,,flexible
"PEPTIDE1{dA.L.T.meA.Sar.A.meS}$PEPTIDE1,PEPTIDE1,1:R1-7:R2$$$",-6.71600000,ok,,flexible
"PEPTIDE1{dF.Ser(tBu).T.Me_dL.A.F.P}$PEPTIDE1,PEPTIDE1,1:R1-7:R2$$$",-6.83800000,ok,,flexible
"PEPTIDE1{Me_dA.A.meL.Ser(tBu).I.P.dP}$PEPTIDE1,PEPTIDE1,1:R1-7:R2$$$",-5.78100000,ok,,flexible
"PEPTIDE1{Me_dA.A.V.L.meL.Me_Phe(3-Cl).Ser(tBu)}$PEPTIDE1,PEPTIDE1,1:R1-7:R2$$$",-5.75400000,ok,,flexible
"PEPTIDE1{meL.Me_dL.L.A.meF.Sar.dL}$PEPTIDE1,PEPTIDE1,1:R1-7:R2$$$",-6.09600000,ok,,flexible
"PEPTIDE1{meA.Aoc(2).Abu.meL.Ala(5-Tet).T.P}$PEPTIDE1,PEPTIDE1,1:R1-7:R2$$$",-5.74600000,ok,,flexible
"PEPTIDE1{L.meA.P.dP.T.T.Me_dA}$PEPTIDE1,PEPTIDE1,1:R1-7:R2$$$",-6.79300000,ok,,flexible
"PEPTIDE1{meA.T.meF.V.F.dL.Sar}$PEPTIDE1,PEPTIDE1,1:R1-7:R2$$$",-5.75000000,ok,,flexible
"PEPTIDE1{dA.P.L.meL.A.I.dP}$PEPTIDE1,PEPTIDE1,1:R1-7:R2$$$",-6.17600000,ok,,flexible
"PEPTIDE1{F.Me_dA.meL.meA.T.L.meS}$PEPTIDE1,PEPTIDE1,1:R1-7:R2$$$",-6.51300000,ok,,flexible
"PEPTIDE1{Pr_Gly.L.dL.meL.meI.A.Ser(tBu)}$PEPTIDE1,PEPTIDE1,1:R1-7:R2$$$",-5.42900000,ok,,flexible
"PEPTIDE1{meA.V.Sar.P.L.meV.P}$PEPTIDE1,PEPTIDE1,1:R1-7:R2$$$",-6.60500000,ok,,flexible
"PEPTIDE1{Me_Bal.dP.L.Ser(tBu).I.T.L}$PEPTIDE1,PEPTIDE1,1:R1-7:R2$$$",-5.47200000,ok,,flexible
"PEPTIDE1{dV.I.A.Abu.L.dL.L}$PEPTIDE1,PEPTIDE1,1:R1-7:R2$$$",-5.55700000,ok,,flexible
"PEPTIDE1{dF.pentyl_Gly.meF.T.Ser(tBu).meL.dL}$PEPTIDE1,PEPTIDE1,1:R1-7:R2$$$",-5.42000000,ok,,flexible
"PEPTIDE1{A.meS.meS.meF.meA.Me_dA.meL}$PEPTIDE1,PEPTIDE1,1:R1-7:R2$$$",-5.76500000,ok,,flexible
"PEPTIDE1{meL.meS.meL.meS.L.T.Sar}$PEPTIDE1,PEPTIDE1,1:R1-7:R2$$$",-5.66700000,ok,,flexible
"PEPTIDE1{dF.A.L.P.Et_Gly.meL.meI}$PEPTIDE1,PEPTIDE1,1:R1-7:R2$$$",-5.74800000,ok,,flexible
"PEPTIDE1{L.A.dP.Ala(5-Tet).T.T.I}$PEPTIDE1,PEPTIDE1,1:R1-7:R2$$$",-6.07800000,ok,,flexible
"PEPTIDE1{F.I.A.L.T.Abu.meL}$PEPTIDE1,PEPTIDE1,1:R1-7:R2$$$",-5.56500000,ok,,flexible
"PEPTIDE1{dV.meS.T.meL.meL.Ala(5-Tet).Abu}$PEPTIDE1,PEPTIDE1,1:R1-7:R2$$$",-5.41300000,ok,,flexible
"PEPTIDE1{Sar.I.Mono84.L.L.Ser(tBu).T}$PEPTIDE1,PEPTIDE1,1:R1-7:R2$$$",-5.63100000,ok,,flexible
"PEPTIDE1{meL.T.L.meS.Me_dL.V.meL}$PEPTIDE1,PEPTIDE1,1:R1-7:R2$$$",-5.13800000,ok,,flexible
"PEPTIDE1{Me_Bal.dP.dL.A.P.meF.Me_dL}$PEPTIDE1,PEPTIDE1,1:R1-7:R2$$$",-6.59600000,ok,,flexible
"PEPTIDE1{Pr_Gly.A.dA.meL.T.meF.Me_dL}$PEPTIDE1,PEPTIDE1,1:R1-7:R2$$$",-5.71600000,ok,,flexible
"PEPTIDE1{meA.cHexCH2_Gly.meL.I.L.Ser(tBu).T}$PEPTIDE1,PEPTIDE1,1:R1-7:R2$$$",-5.27300000,ok,,flexible
"PEPTIDE1{dV.meL.meA.Sar.T.F.P}$PEPTIDE1,PEPTIDE1,1:R1-7:R2$$$",-6.27300000,ok,,flexible
"PEPTIDE1{Me_dA.Me_Phe(3-Cl).T.Ser(tBu).A.L.L}$PEPTIDE1,PEPTIDE1,1:R1-7:R2$$$",-5.87200000,ok,,flexible
"PEPTIDE1{Me_dA.meA.dP.T.Me_dA.P.Me_dL}$PEPTIDE1,PEPTIDE1,1:R1-7:R2$$$",-7.50400000,ok,,flexible
"PEPTIDE1{Me_dA.meA.V.meL.dL.T.meV}$PEPTIDE1,PEPTIDE1,1:R1-7:R2$$$",-6.91700000,ok,,flexible
"PEPTIDE1{dA.meA.dL.L.T.Me_dL.V}$PEPTIDE1,PEPTIDE1,1:R1-7:R2$$$",-5.89000000,ok,,flexible
"PEPTIDE1{meL.meS.Abu.Aoc(2).meF.Me_dA.dA}$PEPTIDE1,PEPTIDE1,1:R1-7:R2$$$",-5.34400000,ok,,flexible
"PEPTIDE1{Me_Bal.A.L.dP.meA.P.meL}$PEPTIDE1,PEPTIDE1,1:R1-7:R2$$$",-6.35800000,ok,,flexible
"PEPTIDE1{dV.T.meL.Mono78.I.Mono84.dP}$PEPTIDE1,PEPTIDE1,1:R1-7:R2$$$",-5.96700000,ok,,flexible
"PEPTIDE1{A.meL.V.L.F.I.meF}$PEPTIDE1,PEPTIDE1,1:R1-7:R2$$$",-5.38800000,ok,,flexible
"PEPTIDE1{A.Pr_Gly.G.Me_dA.dL.V.P}$PEPTIDE1,PEPTIDE1,1:R1-7:R2$$$",-6.05200000,ok,,flexible
"PEPTIDE1{Me_dA.Pr_Gly.V.P.meL.meF.meA}$PEPTIDE1,PEPTIDE1,1:R1-7:R2$$$",-6.68900000,ok,,flexible
"PEPTIDE1{Mono6.pentyl_Gly.Me_Phe(3-Cl).L.meL.T.G}$PEPTIDE1,PEPTIDE1,1:R1-7:R2$$$",-4.75500000,ok,,flexible
"PEPTIDE1{meA.Me_dA.dV.Me_dL.T.meL.dL}$PEPTIDE1,PEPTIDE1,1:R1-7:R2$$$",-5.48600000,ok,,flexible
"PEPTIDE1{meA.V.T.F.meL.G.Me_dL}$PEPTIDE1,PEPTIDE1,1:R1-7:R2$$$",-5.94100000,ok,,flexible
"PEPTIDE1{Sar.Ser(tBu).I.cHexCH2_Gly.dL.I.P}$PEPTIDE1,PEPTIDE1,1:R1-7:R2$$$",-5.36500000,ok,,flexible
"PEPTIDE1{dV.meS.T.A.meF.meL.Ala(5-Tet)}$PEPTIDE1,PEPTIDE1,1:R1-7:R2$$$",-6.07900000,ok,,flexible
"PEPTIDE1{meA.meL.A.Me_dA.T.L.Abu}$PEPTIDE1,PEPTIDE1,1:R1-7:R2$$$",-5.82900000,ok,,flexible
"PEPTIDE1{meA.meL.meF.Me_dA.T.A.meL}$PEPTIDE1,PEPTIDE1,1:R1-7:R2$$$",-5.97900000,ok,,flexible
"PEPTIDE1{Me_dA.meL.meF.L.F.Me_dL.meA}$PEPTIDE1,PEPTIDE1,1:R1-7:R2$$$",-6.08000000,ok,,flexible
"PEPTIDE1{A.Me_dL.meA.P.T.F.Ser(tBu)}$PEPTIDE1,PEPTIDE1,1:R1-7:R2$$$",-6.28700000,ok,,flexible
"PEPTIDE1{meA.meS.meL.Me_dL.T.F.T}$PEPTIDE1,PEPTIDE1,1:R1-7:R2$$$",-5.93300000,ok,,flexible
"PEPTIDE1{A.meA.dA.Me_dL.L.T.Me_dA}$PEPTIDE1,PEPTIDE1,1:R1-7:R2$$$",-6.09100000,ok,,flexible
"PEPTIDE1{meA.meF.meL.meS.Me_dL.V.T}$PEPTIDE1,PEPTIDE1,1:R1-7:R2$$$",-5.67800000,ok,,flexible
"PEPTIDE1{Me_dA.T.L.Me_dL.A.meS.Me_dA}$PEPTIDE1,PEPTIDE1,1:R1-7:R2$$$",-5.91600000,ok,,flexible
"PEPTIDE1{Me_Bal.A.V.L.T.T.F}$PEPTIDE1,PEPTIDE1,1:R1-7:R2$$$",-6.84200000,ok,,flexible
"PEPTIDE1{Me_dA.dL.Pr_Gly.L.meL.meA.P}$PEPTIDE1,PEPTIDE1,1:R1-7:R2$$$",-6.07000000,ok,,flexible
"PEPTIDE1{dP.F.meA.A.Sar.dP.meF}$PEPTIDE1,PEPTIDE1,1:R1-7:R2$$$",-7.64100000,ok,,flexible
"PEPTIDE1{Me_dA.Me_dL.meA.meF.V.Ser(tBu).T}$PEPTIDE1,PEPTIDE1,1:R1-7:R2$$$",-5.80400000,ok,,flexible
"PEPTIDE1{Me_Bal.A.meL.meA.I.T.Me_dL}$PEPTIDE1,PEPTIDE1,1:R1-7:R2$$$",-6.06000000,ok,,flexible
"PEPTIDE1{dA.A.meF.meA.V.Me_dL.dV}$PEPTIDE1,PEPTIDE1,1:R1-7:R2$$$",-6.51600000,ok,,flexible
"PEPTIDE1{dA.meL.A.T.Abu.Abu.meS}$PEPTIDE1,PEPTIDE1,1:R1-7:R2$$$",-6.10300000,ok,,flexible
"PEPTIDE1{Me_Bal.dP.P.G.meL.T.T}$PEPTIDE1,PEPTIDE1,1:R1-7:R2$$$",-6.19300000,ok,,flexible
"PEPTIDE1{A.meV.meF.meA.meL.dL.T}$PEPTIDE1,PEPTIDE1,1:R1-7:R2$$$",-7.05400000,ok,,flexible
"PEPTIDE1{Me_Bal.meA.Me_dL.L.dP.F.V}$PEPTIDE1,PEPTIDE1,1:R1-7:R2$$$",-5.71900000,ok,,flexible
"PEPTIDE1{Me_Bal.A.G.T.meA.meL.dL}$PEPTIDE1,PEPTIDE1,1:R1-7:R2$$$",-6.28600000,ok,,flexible
"PEPTIDE1{dV.T.meF.Ala(5-Tet).P.A.T}$PEPTIDE1,PEPTIDE1,1:R1-7:R2$$$",-6.64400000,ok,,flexible
"PEPTIDE1{meA.meL.V.V.Ser(tBu).A.I}$PEPTIDE1,PEPTIDE1,1:R1-7:R2$$$",-5.19400000,ok,,flexible
"PEPTIDE1{P.Pr_Gly.Me_dL.F.L.dV.Me_dA}$PEPTIDE1,PEPTIDE1,1:R1-7:R2$$$",-6.08900000,ok,,flexible
"PEPTIDE1{A.G.T.L.P.Me_dL.I}$PEPTIDE1,PEPTIDE1,1:R1-7:R2$$$",-6.34100000,ok,,flexible
"PEPTIDE1{meA.cHexCH2_Gly.A.I.L.L.dL}$PEPTIDE1,PEPTIDE1,1:R1-7:R2$$$",-5.77700000,ok,,flexible
"PEPTIDE1{meA.L.A.F.meL.dP.meL}$PEPTIDE1,PEPTIDE1,1:R1-7:R2$$$",-6.28800000,ok,,flexible
"PEPTIDE1{Me_Bal.dP.P.dP.L.meL.meF}$PEPTIDE1,PEPTIDE1,1:R1-7:R2$$$",-6.43300000,ok,,flexible
"PEPTIDE1{Me_dA.A.meL.Ser(tBu).T.meF.L}$PEPTIDE1,PEPTIDE1,1:R1-7:R2$$$",-5.82500000,ok,,flexible
"PEPTIDE1{A.L.meF.F.meA.Ser(tBu).dV}$PEPTIDE1,PEPTIDE1,1:R1-7:R2$$$",-6.59600000,ok,,flexible
"PEPTIDE1{meL.L.L.I.Me_dL.dL.F}$PEPTIDE1,PEPTIDE1,1:R1-7:R2$$$",-5.24500000,ok,,flexible
"PEPTIDE1{dV.P.meL.V.Me_dL.meF.meI}$PEPTIDE1,PEPTIDE1,1:R1-7:R2$$$",-5.25500000,ok,,flexible
"PEPTIDE1{dV.meL.Sar.L.meF.T.meL}$PEPTIDE1,PEPTIDE1,1:R1-7:R2$$$",-5.59500000,ok,,flexible
"PEPTIDE1{dA.I.G.F.Pr_Gly.meA.Me_dA}$PEPTIDE1,PEPTIDE1,1:R1-7:R2$$$",-6.16400000,ok,,flexible
"PEPTIDE1{Pr_Gly.meL.dL.L.meA.dV.Me_dL}$PEPTIDE1,PEPTIDE1,1:R1-7:R2$$$",-5.21600000,ok,,flexible
"PEPTIDE1{Me_Bal.I.A.meF.meA.G.dL}$PEPTIDE1,PEPTIDE1,1:R1-7:R2$$$",-5.87600000,ok,,flexible
"PEPTIDE1{Me_dA.A.Pr_Gly.meL.Me_dL.meA.Pr_Gly}$PEPTIDE1,PEPTIDE1,1:R1-7:R2$$$",-5.61600000,ok,,flexible
"PEPTIDE1{F.Ala(5-Tet).meS.L.T.meL.meL}$PEPTIDE1,PEPTIDE1,1:R1-7:R2$$$",-5.20500000,ok,,flexible
"PEPTIDE1{Me_Bal.pentyl_Gly.A.meL.T.I.dL}$PEPTIDE1,PEPTIDE1,1:R1-7:R2$$$",-5.18900000,ok,,flexible
"PEPTIDE1{dV.T.meF.meS.T.V.meA}$PEPTIDE1,PEPTIDE1,1:R1-7:R2$$$",-6.49500000,ok,,flexible
"PEPTIDE1{Me_dA.V.L.meV.A.meL.dL}$PEPTIDE1,PEPTIDE1,1:R1-7:R2$$$",-5.61800000,ok,,flexible
"PEPTIDE1{meA.L.meL.Sar.meI.Me_dL.dL}$PEPTIDE1,PEPTIDE1,1:R1-7:R2$$$",-4.91200000,ok,,flexible
"PEPTIDE1{Me_Bal.meA.T.meF.meL.V.Sar}$PEPTIDE1,PEPTIDE1,1:R1-7:R2$$$",-6.12500000,ok,,flexible
"PEPTIDE1{Me_dA.meL.meF.meL.meA.dA.P}$PEPTIDE1,PEPTIDE1,1:R1-7:R2$$$",-6.39900000,ok,,flexible
"PEPTIDE1{L.meL.meS.Ala(5-Tet).meF.Sar.meL}$PEPTIDE1,PEPTIDE1,1:R1-7:R2$$$",-5.47000000,ok,,flexible
"PEPTIDE1{meA.meF.T.A.L.T.meL}$PEPTIDE1,PEPTIDE1,1:R1-7:R2$$$",-6.41500000,ok,,flexible
"PEPTIDE1{P.P.T.F.Me_dL.meL.meF}$PEPTIDE1,PEPTIDE1,1:R1-7:R2$$$",-5.52200000,ok,,flexible
"PEPTIDE1{meL.T.meL.Ala(5-Tet).T.meS.Abu}$PEPTIDE1,PEPTIDE1,1:R1-7:R2$$$",-5.30400000,ok,,flexible
"PEPTIDE1{F.L.I.meL.Ser(tBu).V.P}$PEPTIDE1,PEPTIDE1,1:R1-7:R2$$$",-5.97200000,ok,,flexible
"PEPTIDE1{meL.Abu.L.meF.T.T.Sar}$PEPTIDE1,PEPTIDE1,1:R1-7:R2$$$",-5.94300000,ok,,flexible
"PEPTIDE1{Me_Bal.L.pentyl_Gly.dL.A.meL.T}$PEPTIDE1,PEPTIDE1,1:R1-7:R2$$$",-5.36500000,ok,,flexible
"PEPTIDE1{L.Mono38.Me_Nle.cHexCH2_Gly.L.Mono84.dL}$PEPTIDE1,PEPTIDE1,1:R1-7:R2$$$",-5.54800000,ok,,flexible
"PEPTIDE1{meA.meL.Sar.meF.meL.F.T}$PEPTIDE1,PEPTIDE1,1:R1-7:R2$$$",-6.57000000,ok,,flexible
"PEPTIDE1{Sar.meA.Ser(tBu).P.dL.V.G}$PEPTIDE1,PEPTIDE1,1:R1-7:R2$$$",-5.59400000,ok,,flexible
"PEPTIDE1{meA.I.meL.A.dP.dL.T}$PEPTIDE1,PEPTIDE1,1:R1-7:R2$$$",-5.84200000,ok,,flexible
"PEPTIDE1{Me_dA.Me_dL.Ser(tBu).P.meL.dL.Me_dL}$PEPTIDE1,PEPTIDE1,1:R1-7:R2$$$",-5.34700000,ok,,flexible
"PEPTIDE1{Sar.P.meL.L.T.meF.I}$PEPTIDE1,PEPTIDE1,1:R1-7:R2$$$",-5.99900000,ok,,flexible
"PEPTIDE1{Me_Bal.G.meL.meA.meF.F.Me_dA}$PEPTIDE1,PEPTIDE1,1:R1-7:R2$$$",-6.58200000,ok,,flexible
"PEPTIDE1{Sar.T.meF.Me_dL.V.L.I}$PEPTIDE1,PEPTIDE1,1:R1-7:R2$$$",-5.94600000,ok,,flexible
"PEPTIDE1{meA.L.A.meL.Ala(5-Tet).meS.T}$PEPTIDE1,PEPTIDE1,1:R1-7:R2$$$",-5.82600000,ok,,flexible
"PEPTIDE1{A.meA.P.T.meL.F.meV}$PEPTIDE1,PEPTIDE1,1:R1-7:R2$$$",-6.21500000,ok,,flexible
"PEPTIDE1{Sar.T.meA.Me_dL.L.meL.meI}$PEPTIDE1,PEPTIDE1,1:R1-7:R2$$$",-6.00700000,ok,,flexible
"PEPTIDE1{dV.A.meL.T.meA.L.meL}$PEPTIDE1,PEPTIDE1,1:R1-7:R2$$$",-5.28200000,ok,,flexible
"PEPTIDE1{A.Mono38.meL.L.Me_dL.meF.P}$PEPTIDE1,PEPTIDE1,1:R1-7:R2$$$",-5.77900000,ok,,flexible
"PEPTIDE1{Me_Bal.Mono38.Ser(tBu).A.L.Me_dL.dL}$PEPTIDE1,PEPTIDE1,1:R1-7:R2$$$",-5.44100000,ok,,flexible
"PEPTIDE1{dA.L.Sar.Abu.A.meA.meL}$PEPTIDE1,PEPTIDE1,1:R1-7:R2$$$",-5.58600000,ok,,flexible
"PEPTIDE1{dV.pentyl_Gly.T.L.A.dL.meA}$PEPTIDE1,PEPTIDE1,1:R1-7:R2$$$",-5.19400000,ok,,flexible
"PEPTIDE1{Me_dA.Sar.meL.Me_Abu.Abu.meL.meA}$PEPTIDE1,PEPTIDE1,1:R1-7:R2$$$",-5.71000000,ok,,flexible
"PEPTIDE1{dA.Sar.F.Me_dL.L.Ser(tBu).T}$PEPTIDE1,PEPTIDE1,1:R1-7:R2$$$",-5.27100000,ok,,flexible
"PEPTIDE1{dV.T.L.meL.F.A.Me_dA}$PEPTIDE1,PEPTIDE1,1:R1-7:R2$$$",-6.42000000,ok,,flexible
"PEPTIDE1{dV.A.dL.meL.meF.T.Ser(tBu)}$PEPTIDE1,PEPTIDE1,1:R1-7:R2$$$",-5.33400000,ok,,flexible
"PEPTIDE1{F.A.dL.Phe(4-CF3).T.meS.L}$PEPTIDE1,PEPTIDE1,1:R1-7:R2$$$",-5.65000000,ok,,flexible
"PEPTIDE1{A.dL.dF.meA.Aoc(2).Ser(tBu).dP}$PEPTIDE1,PEPTIDE1,1:R1-7:R2$$$",-6.19200000,ok,,flexible
"PEPTIDE1{Mono6.T.F.meF.L.A.meL}$PEPTIDE1,PEPTIDE1,1:R1-7:R2$$$",-5.93000000,ok,,flexible
"PEPTIDE1{F.meA.A.V.meL.I.dP}$PEPTIDE1,PEPTIDE1,1:R1-7:R2$$$",-5.91200000,ok,,flexible
"PEPTIDE1{dA.meA.A.T.F.Me_dL.V}$PEPTIDE1,PEPTIDE1,1:R1-7:R2$$$",-6.97100000,ok,,flexible
"PEPTIDE1{A.meA.Abu.T.meY.dP.meL}$PEPTIDE1,PEPTIDE1,1:R1-7:R2$$$",-6.01600000,ok,,flexible
"PEPTIDE1{meA.P.pentyl_Gly.L.Mono84.P.Ser(tBu)}$PEPTIDE1,PEPTIDE1,1:R1-7:R2$$$",-7.03800000,ok,,flexible
"PEPTIDE1{Me_dA.Me_dAbu.meL.Me_dL.meL.P.P}$PEPTIDE1,PEPTIDE1,1:R1-7:R2$$$",-5.93600000,ok,,flexible
"PEPTIDE1{Me_Bal.dP.L.V.P.Me_Phe(3-Cl).A}$PEPTIDE1,PEPTIDE1,1:R1-7:R2$$$",-6.99300000,ok,,flexible
"PEPTIDE1{Me_Bal.Pr_Gly.dL.meL.L.Me_dL.P}$PEPTIDE1,PEPTIDE1,1:R1-7:R2$$$",-5.51300000,ok,,flexible
"PEPTIDE1{A.meA.Me_dL.Me_dA.L.meL.F}$PEPTIDE1,PEPTIDE1,1:R1-7:R2$$$",-5.84500000,ok,,flexible
"PEPTIDE1{Me_dA.dA.meA.L.L.meI.A}$PEPTIDE1,PEPTIDE1,1:R1-7:R2$$$",-6.22700000,ok,,flexible
"PEPTIDE1{dP.Pr_Gly.A.L.F.meA.P}$PEPTIDE1,PEPTIDE1,1:R1-7:R2$$$",-6.17500000,ok,,flexible
"PEPTIDE1{dA.V.G.A.meA.F.dV}$PEPTIDE1,PEPTIDE1,1:R1-7:R2$$$",-7.08700000,ok,,flexible
"PEPTIDE1{dF.Mono38.pentyl_Gly.A.meL.L.Et_Gly}$PEPTIDE1,PEPTIDE1,1:R1-7:R2$$$",-5.24100000,ok,,flexible
"PEPTIDE1{dF.A.meA.Me_dL.dL.Ser(tBu).dV}$PEPTIDE1,PEPTIDE1,1:R1-7:R2$$$",-5.20500000,ok,,flexible
"PEPTIDE1{dA.L.pentyl_Gly.meL.dL.Ser(tBu).Me_Phe(3-Cl)}$PEPTIDE1,PEPTIDE1,1:R1-7:R2$$$",-5.05200000,ok,,flexible
"PEPTIDE1{Me_dA.P.meA.meL.meL.dL.P}$PEPTIDE1,PEPTIDE1,1:R1-7:R2$$$",-6.99700000,ok,,flexible
"PEPTIDE1{dA.Pr_Gly.P.Me_dA.F.dL.Ser(tBu)}$PEPTIDE1,PEPTIDE1,1:R1-7:R2$$$",-5.84200000,ok,,flexible
"PEPTIDE1{Me_dA.meL.T.Me_dL.meA.meV.meF}$PEPTIDE1,PEPTIDE1,1:R1-7:R2$$$",-5.70400000,ok,,flexible
"PEPTIDE1{meL.T.Me_dA.meS.T.meS.Me_dL}$PEPTIDE1,PEPTIDE1,1:R1-7:R2$$$",-5.60600000,ok,,flexible
"PEPTIDE1{meA.L.Me_dL.A.V.dA.meA}$PEPTIDE1,PEPTIDE1,1:R1-7:R2$$$",-6.17800000,ok,,flexible
"PEPTIDE1{Pr_Gly.dL.L.A.meA.meL.I}$PEPTIDE1,PEPTIDE1,1:R1-7:R2$$$",-5.35000000,ok,,flexible
"PEPTIDE1{dV.meS.meL.meS.Me_dA.Me_dL.Abu}$PEPTIDE1,PEPTIDE1,1:R1-7:R2$$$",-5.52900000,ok,,flexible
"PEPTIDE1{Pr_Gly.P.meL.L.Me_dL.Me_Abu.meF}$PEPTIDE1,PEPTIDE1,1:R1-7:R2$$$",-6.17100000,ok,,flexible
"PEPTIDE1{meA.P.A.Me_dL.meL.dP.meF}$PEPTIDE1,PEPTIDE1,1:R1-7:R2$$$",-6.86600000,ok,,flexible
"PEPTIDE1{Mono6.L.T.V.meA.meF.dL}$PEPTIDE1,PEPTIDE1,1:R1-7:R2$$$",-6.79500000,ok,,flexible
"PEPTIDE1{Pr_Gly.Me_dL.Me_dA.meL.meA.P.Me_dA}$PEPTIDE1,PEPTIDE1,1:R1-7:R2$$$",-6.15500000,ok,,flexible
"PEPTIDE1{Me_dA.Mono38.Nle.dP.dP.L.meA}$PEPTIDE1,PEPTIDE1,1:R1-7:R2$$$",-6.41500000,ok,,flexible
"PEPTIDE1{dA.Abu.L.meL.T.meA.A}$PEPTIDE1,PEPTIDE1,1:R1-7:R2$$$",-6.38700000,ok,,flexible
"PEPTIDE1{Me_Bal.meA.Me_dL.A.dV.V.L}$PEPTIDE1,PEPTIDE1,1:R1-7:R2$$$",-6.00900000,ok,,flexible
"PEPTIDE1{dV.T.V.P.L.A.L}$PEPTIDE1,PEPTIDE1,1:R1-7:R2$$$",-6.30000000,ok,,flexible
"PEPTIDE1{dF.A.Mono86.Et_Gly.P.L.meL}$PEPTIDE1,PEPTIDE1,1:R1-7:R2$$$",-5.41100000,ok,,flexible
"PEPTIDE1{A.P.meA.Me_dL.T.meL.Me_dA}$PEPTIDE1,PEPTIDE1,1:R1-7:R2$$$",-6.16500000,ok,,flexible
"PEPTIDE1{dV.meS.L.T.meS.meL.Abu}$PEPTIDE1,PEPTIDE1,1:R1-7:R2$$$",-5.31600000,ok,,flexible
"PEPTIDE1{Pr_Gly.meS.T.Me_dL.A.L.meL}$PEPTIDE1,PEPTIDE1,1:R1-7:R2$$$",-5.34300000,ok,,flexible
"PEPTIDE1{Sar.meL.dL.dP.meL.P.L}$PEPTIDE1,PEPTIDE1,1:R1-7:R2$$$",-5.75200000,ok,,flexible
"PEPTIDE1{Me_Bal.I.V.P.I.meL.dL}$PEPTIDE1,PEPTIDE1,1:R1-7:R2$$$",-5.31400000,ok,,flexible
"PEPTIDE1{Pr_Gly.P.Mono38.I.Mono84.A.L}$PEPTIDE1,PEPTIDE1,1:R1-7:R2$$$",-5.72700000,ok,,flexible
"PEPTIDE1{Mono6.A.cHexCH2_Gly.I.V.Ser(tBu).L}$PEPTIDE1,PEPTIDE1,1:R1-7:R2$$$",-5.84200000,ok,,flexible
"PEPTIDE1{meA.T.L.meA.Me_dL.V.I}$PEPTIDE1,PEPTIDE1,1:R1-7:R2$$$",-5.27300000,ok,,flexible
"PEPTIDE1{Me_Bal.Pr_Gly.F.Phe(4-CF3).L.Me_dL.V}$PEPTIDE1,PEPTIDE1,1:R1-7:R2$$$",-6.75100000,ok,,flexible
"PEPTIDE1{meA.dP.dL.meL.Me_dA.meS.meS}$PEPTIDE1,PEPTIDE1,1:R1-7:R2$$$",-5.68400000,ok,,flexible
"PEPTIDE1{meA.P.dL.meL.F.Me_dL.I}$PEPTIDE1,PEPTIDE1,1:R1-7:R2$$$",-5.99600000,ok,,flexible
"PEPTIDE1{meL.meS.Aoc(2).meF.T.Ala(5-Tet).L}$PEPTIDE1,PEPTIDE1,1:R1-7:R2$$$",-5.45800000,ok,,flexible
"PEPTIDE1{meL.T.L.meS.I.L.F}$PEPTIDE1,PEPTIDE1,1:R1-7:R2$$$",-5.50100000,ok,,flexible
"PEPTIDE1{Me_Bal.meL.A.Aoc(2).F.L.Ser(tBu)}$PEPTIDE1,PEPTIDE1,1:R1-7:R2$$$",-5.52500000,ok,,flexible
"PEPTIDE1{meA.meS.meS.L.Aoc(2).Sar.meL}$PEPTIDE1,PEPTIDE1,1:R1-7:R2$$$",-5.60000000,ok,,flexible
"PEPTIDE1{Me_Bal.A.meL.Me_dL.Me_dA.meA.T}$PEPTIDE1,PEPTIDE1,1:R1-7:R2$$$",-5.88400000,ok,,flexible
"PEPTIDE1{meA.dP.Ser(tBu).A.meF.L.P}$PEPTIDE1,PEPTIDE1,1:R1-7:R2$$$",-6.87100000,ok,,flexible
"PEPTIDE1{Me_Bal.Pr_Gly.meA.Aib.dPye.I.meF}$PEPTIDE1,PEPTIDE1,1:R1-7:R2$$$",-6.20500000,ok,,flexible
"PEPTIDE1{Me_dA.dL.meL.T.L.F.Ser(tBu)}$PEPTIDE1,PEPTIDE1,1:R1-7:R2$$$",-5.06300000,ok,,flexible
"PEPTIDE1{dA.T.A.V.L.Me_dL.Me_dA}$PEPTIDE1,PEPTIDE1,1:R1-7:R2$$$",-6.01300000,ok,,flexible
"PEPTIDE1{meA.P.I.L.V.T.meL}$PEPTIDE1,PEPTIDE1,1:R1-7:R2$$$",-5.78200000,ok,,flexible
"PEPTIDE1{A.meF.meA.meL.T.L.Abu}$PEPTIDE1,PEPTIDE1,1:R1-7:R2$$$",-6.29900000,ok,,flexible
"PEPTIDE1{Me_Bal.dP.T.meL.T.dL.meA}$PEPTIDE1,PEPTIDE1,1:R1-7:R2$$$",-5.93500000,ok,,flexible
"PEPTIDE1{meA.L.Mono38.meF.D.L.iBu_Gly}$PEPTIDE1,PEPTIDE1,1:R1-7:R2$$$",-5.16800000,ok,,flexible
"PEPTIDE1{Mono6.Me_dL.T.meL.Me_dA.dL.L}$PEPTIDE1,PEPTIDE1,1:R1-7:R2$$$",-5.33300000,ok,,flexible
"PEPTIDE1{Me_Bal.A.P.Mono86.Ser(tBu).I.Ser(tBu)}$PEPTIDE1,PEPTIDE1,1:R1-7:R2$$$",-5.47100000,ok,,flexible
"PEPTIDE1{dF.I.3Pal.A.meL.dL.V}$PEPTIDE1,PEPTIDE1,1:R1-7:R2$$$",-5.75300000,ok,,flexible
"PEPTIDE1{dF.pentyl_Gly.L.I.A.Bn_Gly.Ser(tBu)}$PEPTIDE1,PEPTIDE1,1:R1-7:R2$$$",-6.07200000,ok,,flexible
"PEPTIDE1{Me_dA.meL.meA.V.T.F.meL}$PEPTIDE1,PEPTIDE1,1:R1-7:R2$$$",-6.80500000,ok,,flexible
"PEPTIDE1{Me_dA.meF.Me_dL.I.L.dL.meL}$PEPTIDE1,PEPTIDE1,1:R1-7:R2$$$",-5.07600000,ok,,flexible
"PEPTIDE1{Me_dA.meA.Abu.meL.meS.dL.P}$PEPTIDE1,PEPTIDE1,1:R1-7:R2$$$",-5.72900000,ok,,flexible
"PEPTIDE1{Me_dA.meL.Me_dL.T.meA.L.meF}$PEPTIDE1,PEPTIDE1,1:R1-7:R2$$$",-5.59200000,ok,,flexible
"PEPTIDE1{meA.Ser(tBu).A.dP.F.P.T}$PEPTIDE1,PEPTIDE1,1:R1-7:R2$$$",-6.65500000,ok,,flexible
"PEPTIDE1{Mono6.A.meF.dP.Me_dA.meA.L}$PEPTIDE1,PEPTIDE1,1:R1-7:R2$$$",-7.14400000,ok,,flexible
"PEPTIDE1{dV.dP.meF.meA.T.L.Me_dL}$PEPTIDE1,PEPTIDE1,1:R1-7:R2$$$",-6.04500000,ok,,flexible
"PEPTIDE1{Me_dA.P.A.T.meF.Me_dL.F}$PEPTIDE1,PEPTIDE1,1:R1-7:R2$$$",-6.99300000,ok,,flexible
"PEPTIDE1{Me_dA.L.meS.meL.meS.Abu.Ala(5-Tet)}$PEPTIDE1,PEPTIDE1,1:R1-7:R2$$$",-6.03300000,ok,,flexible
"PEPTIDE1{meA.I.V.F.meA.L.meI}$PEPTIDE1,PEPTIDE1,1:R1-7:R2$$$",-5.46700000,ok,,flexible
"PEPTIDE1{dA.meS.meF.T.Me_dL.A.dV}$PEPTIDE1,PEPTIDE1,1:R1-7:R2$$$",-5.89200000,ok,,flexible
"PEPTIDE1{meA.meL.meL.dL.T.P.Me_dA}$PEPTIDE1,PEPTIDE1,1:R1-7:R2$$$",-6.26800000,ok,,flexible
"PEPTIDE1{A.Sar.meL.meA.T.Aoc(2).V}$PEPTIDE1,PEPTIDE1,1:R1-7:R2$$$",-5.42500000,ok,,flexible
"PEPTIDE1{Mono6.meA.meL.meL.Me_dA.A.dP}$PEPTIDE1,PEPTIDE1,1:R1-7:R2$$$",-6.38000000,ok,,flexible
"PEPTIDE1{Me_dA.meS.meL.T.T.Sar.L}$PEPTIDE1,PEPTIDE1,1:R1-7:R2$$$",-5.44700000,ok,,flexible
"PEPTIDE1{Me_dA.meS.meL.L.Abu.F.meL}$PEPTIDE1,PEPTIDE1,1:R1-7:R2$$$",-6.06500000,ok,,flexible
"PEPTIDE1{Sar.pentyl_Gly.A.L.dL.cHexCH2_Gly.Mono86}$PEPTIDE1,PEPTIDE1,1:R1-7:R2$$$",-5.53600000,ok,,flexible
"PEPTIDE1{dV.A.Aoc(2).T.L.Me_dL.dL}$PEPTIDE1,PEPTIDE1,1:R1-7:R2$$$",-5.21800000,ok,,flexible
"PEPTIDE1{Me_Bal.meA.T.L.P.dL.meL}$PEPTIDE1,PEPTIDE1,1:R1-7:R2$$$",-5.56400000,ok,,flexible
"PEPTIDE1{meA.A.Pr_Gly.V.Ser(tBu).Me_Phe(3-Cl).T}$PEPTIDE1,PEPTIDE1,1:R1-7:R2$$$",-5.47300000,ok,,flexible
"PEPTIDE1{A.V.T.Me_dL.L.dP.Sar}$PEPTIDE1,PEPTIDE1,1:R1-7:R2$$$",-6.37500000,ok,,flexible
"PEPTIDE1{Me_dA.T.Me_dL.Pr_Gly.A.meF.dF}$PEPTIDE1,PEPTIDE1,1:R1-7:R2$$$",-5.85900000,ok,,flexible
"PEPTIDE1{Me_Bal.A.P.L.meL.T.dL}$PEPTIDE1,PEPTIDE1,1:R1-7:R2$$$",-6.25900000,ok,,flexible
"PEPTIDE1{dF.dP.L.V.Ser(tBu).meL.meL}$PEPTIDE1,PEPTIDE1,1:R1-7:R2$$$",-5.73600000,ok,,flexible
"PEPTIDE1{dA.Me_dA.meF.dL.meA.Sar.meL}$PEPTIDE1,PEPTIDE1,1:R1-7:R2$$$",-5.54800000,ok,,flexible
"PEPTIDE1{Mono6.F.L.P.meA.Me_Abu.L}$PEPTIDE1,PEPTIDE1,1:R1-7:R2$$$",-6.10400000,ok,,flexible
"PEPTIDE1{dF.meL.meA.meF.A.Me_dL.L}$PEPTIDE1,PEPTIDE1,1:R1-7:R2$$$",-6.45600000,ok,,flexible
"PEPTIDE1{A.dP.meL.Abu.meL.dL.meF}$PEPTIDE1,PEPTIDE1,1:R1-7:R2$$$",-6.21900000,ok,,flexible
"PEPTIDE1{A.meS.F.T.meA.L.I}$PEPTIDE1,PEPTIDE1,1:R1-7:R2$$$",-5.65200000,ok,,flexible
"PEPTIDE1{dV.dL.L.meL.T.meL.meA}$PEPTIDE1,PEPTIDE1,1:R1-7:R2$$$",-4.85500000,ok,,flexible
"PEPTIDE1{Mono6.Mono38.meL.Ser(tBu).dL.L.3Pal}$PEPTIDE1,PEPTIDE1,1:R1-7:R2$$$",-5.28500000,ok,,flexible
"PEPTIDE1{Pr_Gly.dP.P.L.dL.I.L}$PEPTIDE1,PEPTIDE1,1:R1-7:R2$$$",-5.58100000,ok,,flexible
"PEPTIDE1{dV.T.dL.T.L.meA.Me_dL}$PEPTIDE1,PEPTIDE1,1:R1-7:R2$$$",-5.97900000,ok,,flexible
"PEPTIDE1{Pr_Gly.meF.meL.L.Ser(tBu).V.Me_Phe(3-Cl)}$PEPTIDE1,PEPTIDE1,1:R1-7:R2$$$",-5.92900000,ok,,flexible
"PEPTIDE1{dA.I.Me_dL.meA.meV.meF.meA}$PEPTIDE1,PEPTIDE1,1:R1-7:R2$$$",-5.87800000,ok,,flexible
"PEPTIDE1{F.meS.T.meL.meA.A.dL}$PEPTIDE1,PEPTIDE1,1:R1-7:R2$$$",-5.91300000,ok,,flexible
"PEPTIDE1{A.L.meS.V.meL.dL.T}$PEPTIDE1,PEPTIDE1,1:R1-7:R2$$$",-5.48200000,ok,,flexible
"PEPTIDE1{L.meA.T.Ala(5-Tet).meS.A.meS}$PEPTIDE1,PEPTIDE1,1:R1-7:R2$$$",-6.04400000,ok,,flexible
"PEPTIDE1{meA.L.A.Ser(tBu).dP.Me_dL.T}$PEPTIDE1,PEPTIDE1,1:R1-7:R2$$$",-5.98800000,ok,,flexible
"PEPTIDE1{F.I.L.meL.dL.Abu.Me_dA}$PEPTIDE1,PEPTIDE1,1:R1-7:R2$$$",-5.80700000,ok,,flexible
"PEPTIDE1{Me_dA.meA.meF.meL.meL.L.T}$PEPTIDE1,PEPTIDE1,1:R1-7:R2$$$",-5.41600000,ok,,flexible
"PEPTIDE1{meA.P.Abu.T.meL.Sar.A}$PEPTIDE1,PEPTIDE1,1:R1-7:R2$$$",-6.40400000,ok,,flexible
"PEPTIDE1{meA.Me_dL.T.T.L.dA.dL}$PEPTIDE1,PEPTIDE1,1:R1-7:R2$$$",-5.87000000,ok,,flexible
"PEPTIDE1{A.meS.T.meL.Me_dA.V.meL}$PEPTIDE1,PEPTIDE1,1:R1-7:R2$$$",-5.89500000,ok,,flexible
"PEPTIDE1{dA.V.G.L.A.Ser(tBu).I}$PEPTIDE1,PEPTIDE1,1:R1-7:R2$$$",-6.08900000,ok,,flexible
"PEPTIDE1{A.meL.L.meF.T.Me_dL.F}$PEPTIDE1,PEPTIDE1,1:R1-7:R2$$$",-5.54000000,ok,,flexible
"PEPTIDE1{A.dP.meL.F.T.L.Me_dL}$PEPTIDE1,PEPTIDE1,1:R1-7:R2$$$",-5.42500000,ok,,flexible
"PEPTIDE1{Sar.meA.meF.V.F.meL.Ser(tBu)}$PEPTIDE1,PEPTIDE1,1:R1-7:R2$$$",-5.64600000,ok,,flexible
"PEPTIDE1{Me_dA.A.dA.F.meL.dL.Ser(tBu)}$PEPTIDE1,PEPTIDE1,1:R1-7:R2$$$",-6.52800000,ok,,flexible
"PEPTIDE1{dA.meF.Me_dL.dP.dL.T.P}$PEPTIDE1,PEPTIDE1,1:R1-7:R2$$$",-6.30900000,ok,,flexible
"PEPTIDE1{Me_Bal.G.L.meF.I.A.Me_dL}$PEPTIDE1,PEPTIDE1,1:R1-7:R2$$$",-5.81400000,ok,,flexible
"PEPTIDE1{Mono6.Sar.meA.Ala(5-Tet).L.T.T}$PEPTIDE1,PEPTIDE1,1:R1-7:R2$$$",-5.49800000,ok,,flexible
"PEPTIDE1{Me_Bal.Pr_Gly.dPye.L.T.F.A}$PEPTIDE1,PEPTIDE1,1:R1-7:R2$$$",-6.35700000,ok,,flexible
"PEPTIDE1{A.meA.T.V.L.dP.dL}$PEPTIDE1,PEPTIDE1,1:R1-7:R2$$$",-5.35000000,ok,,flexible
"PEPTIDE1{Me_Bal.cHexCH2_Gly.Mono38.P.dP.I.A}$PEPTIDE1,PEPTIDE1,1:R1-7:R2$$$",-6.19200000,ok,,flexible
"PEPTIDE1{F.dP.dP.T.dL.Me_dA.Me_dL}$PEPTIDE1,PEPTIDE1,1:R1-7:R2$$$",-5.80200000,ok,,flexible
"PEPTIDE1{Mono6.Mono38.P.T.cHexCH2_Gly.dL.Et_Gly}$PEPTIDE1,PEPTIDE1,1:R1-7:R2$$$",-5.74800000,ok,,flexible
"PEPTIDE1{dV.meL.T.meS.Abu.meA.L}$PEPTIDE1,PEPTIDE1,1:R1-7:R2$$$",-5.59800000,ok,,flexible
"PEPTIDE1{dA.meA.F.meV.L.T.G}$PEPTIDE1,PEPTIDE1,1:R1-7:R2$$$",-6.35600000,ok,,flexible
"PEPTIDE1{dV.Me_dA.Me_dL.Pr_Gly.Pr_Gly.P.V}$PEPTIDE1,PEPTIDE1,1:R1-7:R2$$$",-5.23800000,ok,,flexible
"PEPTIDE1{Pr_Gly.L.Me_dL.A.Ser(tBu).Me_dL.dL}$PEPTIDE1,PEPTIDE1,1:R1-7:R2$$$",-5.41100000,ok,,flexible
"PEPTIDE1{dF.P.meF.meL.L.3Pal.dL}$PEPTIDE1,PEPTIDE1,1:R1-7:R2$$$",-6.39800000,ok,,flexible
"PEPTIDE1{dF.meL.Ser(tBu).dP.T.A.Aoc(2)}$PEPTIDE1,PEPTIDE1,1:R1-7:R2$$$",-5.60000000,ok,,flexible
"PEPTIDE1{Me_dA.pentyl_Gly.T.P.meA.dP.meL}$PEPTIDE1,PEPTIDE1,1:R1-7:R2$$$",-6.35400000,ok,,flexible
"PEPTIDE1{Me_dA.dP.I.meL.Aib.G.meA}$PEPTIDE1,PEPTIDE1,1:R1-7:R2$$$",-6.28900000,ok,,flexible
"PEPTIDE1{Me_dA.A.Mono86.Et_Gly.meL.T.meS}$PEPTIDE1,PEPTIDE1,1:R1-7:R2$$$",-5.98100000,ok,,flexible
"PEPTIDE1{Mono6.pentyl_Gly.I.T.Et_Gly.F.dL}$PEPTIDE1,PEPTIDE1,1:R1-7:R2$$$",-5.29200000,ok,,flexible
"PEPTIDE1{Pr_Gly.meS.meA.meL.dL.T.Me_dA}$PEPTIDE1,PEPTIDE1,1:R1-7:R2$$$",-5.80400000,ok,,flexible
"PEPTIDE1{A.meF.L.meA.F.dP.L}$PEPTIDE1,PEPTIDE1,1:R1-7:R2$$$",-6.69900000,ok,,flexible
"PEPTIDE1{L.meS.meL.Aoc(2).Ala(5-Tet).T.A}$PEPTIDE1,PEPTIDE1,1:R1-7:R2$$$",-5.49400000,ok,,flexible
"PEPTIDE1{meA.L.V.A.Ser(tBu).G.F}$PEPTIDE1,PEPTIDE1,1:R1-7:R2$$$",-6.03000000,ok,,flexible
"PEPTIDE1{A.Abu.meL.T.L.dP.meS}$PEPTIDE1,PEPTIDE1,1:R1-7:R2$$$",-5.42700000,ok,,flexible
"PEPTIDE1{dV.meF.meA.F.T.meL.dA}$PEPTIDE1,PEPTIDE1,1:R1-7:R2$$$",-5.99900000,ok,,flexible
"PEPTIDE1{dP.meL.Ser(tBu).Me_dL.L.meY.dL}$PEPTIDE1,PEPTIDE1,1:R1-7:R2$$$",-5.18300000,ok,,flexible
"PEPTIDE1{dV.meL.dL.meL.T.Me_dL.L}$PEPTIDE1,PEPTIDE1,1:R1-7:R2$$$",-4.93600000,ok,,flexible
"PEPTIDE1{L.I.A.meF.T.meA.Me_dL}$PEPTIDE1,PEPTIDE1,1:R1-7:R2$$$",-5.44400000,ok,,flexible
"PEPTIDE1{L.Aoc(2).L.A.meA.I.meF}$PEPTIDE1,PEPTIDE1,1:R1-7:R2$$$",-5.15000000,ok,,flexible
"PEPTIDE1{dV.meA.dP.meF.meS.L.Abu}$PEPTIDE1,PEPTIDE1,1:R1-7:R2$$$",-6.29900000,ok,,flexible
"PEPTIDE1{meA.I.G.dL.P.A.Mono78}$PEPTIDE1,PEPTIDE1,1:R1-7:R2$$$",-6.49800000,ok,,flexible
"PEPTIDE1{F.Mono38.L.T.P.3Pal.meF}$PEPTIDE1,PEPTIDE1,1:R1-7:R2$$$",-5.98100000,ok,,flexible
"PEPTIDE1{L.F.T.Sar.L.P.meL}$PEPTIDE1,PEPTIDE1,1:R1-7:R2$$$",-6.05200000,ok,,flexible
"PEPTIDE1{Mono6.A.P.L.T.Ser(tBu).meA}$PEPTIDE1,PEPTIDE1,1:R1-7:R2$$$",-6.73000000,ok,,flexible
"PEPTIDE1{A.Abu.meS.meL.T.L.Me_dL}$PEPTIDE1,PEPTIDE1,1:R1-7:R2$$$",-5.56100000,ok,,flexible
"PEPTIDE1{Mono6.pentyl_Gly.L.A.Mono84.meF.T}$PEPTIDE1,PEPTIDE1,1:R1-7:R2$$$",-5.42100000,ok,,flexible
"PEPTIDE1{Me_dA.meL.meF.A.L.dL.Ala(5-Tet)}$PEPTIDE1,PEPTIDE1,1:R1-7:R2$$$",-5.58300000,ok,,flexible
"PEPTIDE1{Me_dA.meA.T.meY.meL.meL.Me_dA}$PEPTIDE1,PEPTIDE1,1:R1-7:R2$$$",-5.89400000,ok,,flexible
"PEPTIDE1{Me_dA.L.meF.P.meL.T.meL}$PEPTIDE1,PEPTIDE1,1:R1-7:R2$$$",-6.02700000,ok,,flexible
"PEPTIDE1{Mono6.Abu.meF.dP.I.meL.L}$PEPTIDE1,PEPTIDE1,1:R1-7:R2$$$",-5.61200000,ok,,flexible
"PEPTIDE1{Me_Bal.P.Me_dA.meA.Me_dL.L.dP}$PEPTIDE1,PEPTIDE1,1:R1-7:R2$$$",-6.91500000,ok,,flexible
"PEPTIDE1{meL.L.meA.Abu.A.Me_dL.T}$PEPTIDE1,PEPTIDE1,1:R1-7:R2$$$",-5.44900000,ok,,flexible
"PEPTIDE1{Me_dA.meL.Ser(tBu).dL.meI.P.meF}$PEPTIDE1,PEPTIDE1,1:R1-7:R2$$$",-5.78700000,ok,,flexible
"PEPTIDE1{Me_Bal.pentyl_Gly.L.meV.P.T.Me_dL}$PEPTIDE1,PEPTIDE1,1:R1-7:R2$$$",-5.36500000,ok,,flexible
"PEPTIDE1{P.G.Pr_Gly.meL.Ser(tBu).dL.Mono38}$PEPTIDE1,PEPTIDE1,1:R1-7:R2$$$",-6.01900000,ok,,flexible
"PEPTIDE1{A.meL.meS.Ser(tBu).T.I.meF}$PEPTIDE1,PEPTIDE1,1:R1-7:R2$$$",-5.74100000,ok,,flexible
"PEPTIDE1{Me_dA.meA.V.meF.T.meV.L}$PEPTIDE1,PEPTIDE1,1:R1-7:R2$$$",-5.85600000,ok,,flexible
"PEPTIDE1{A.P.Me_dL.meL.Mono84.L.T}$PEPTIDE1,PEPTIDE1,1:R1-7:R2$$$",-5.54200000,ok,,flexible
"PEPTIDE1{Me_dA.A.Me_dAbu.meL.meV.Me_dL.P}$PEPTIDE1,PEPTIDE1,1:R1-7:R2$$$",-6.03600000,ok,,flexible
"PEPTIDE1{dV.meF.P.meL.G.Ser(tBu).I}$PEPTIDE1,PEPTIDE1,1:R1-7:R2$$$",-5.92500000,ok,,flexible
"PEPTIDE1{A.Mono38.L.meA.Me_dL.Abu.meF}$PEPTIDE1,PEPTIDE1,1:R1-7:R2$$$",-5.95100000,ok,,flexible
"PEPTIDE1{meA.dL.Mono84.I.T.G.T}$PEPTIDE1,PEPTIDE1,1:R1-7:R2$$$",-5.95700000,ok,,flexible
"PEPTIDE1{L.Ala(5-Tet).meF.meL.T.P.meL}$PEPTIDE1,PEPTIDE1,1:R1-7:R2$$$",-5.56300000,ok,,flexible
"PEPTIDE1{A.P.meS.L.Me_dA.T.Sar}$PEPTIDE1,PEPTIDE1,1:R1-7:R2$$$",-5.80500000,ok,,flexible
"PEPTIDE1{A.F.L.meV.Me_dL.V.meA}$PEPTIDE1,PEPTIDE1,1:R1-7:R2$$$",-5.97400000,ok,,flexible
"PEPTIDE1{Me_dA.meF.meA.A.meL.meY.Me_dL}$PEPTIDE1,PEPTIDE1,1:R1-7:R2$$$",-5.68800000,ok,,flexible
"PEPTIDE1{Me_dA.Pr_Gly.P.meL.dP.F.L}$PEPTIDE1,PEPTIDE1,1:R1-7:R2$$$",-6.12500000,ok,,flexible
"PEPTIDE1{Pr_Gly.meL.meL.T.dP.Me_dL.meA}$PEPTIDE1,PEPTIDE1,1:R1-7:R2$$$",-5.47300000,ok,,flexible
"PEPTIDE1{meA.A.L.T.meL.V.I}$PEPTIDE1,PEPTIDE1,1:R1-7:R2$$$",-5.84200000,ok,,flexible
"PEPTIDE1{dP.Me_dA.meF.T.Me_dL.L.meA}$PEPTIDE1,PEPTIDE1,1:R1-7:R2$$$",-6.52100000,ok,,flexible
"PEPTIDE1{dV.Me_dL.F.L.meA.meL.T}$PEPTIDE1,PEPTIDE1,1:R1-7:R2$$$",-5.65100000,ok,,flexible
"PEPTIDE1{A.meF.Me_dL.meS.T.T.meA}$PEPTIDE1,PEPTIDE1,1:R1-7:R2$$$",-6.48000000,ok,,flexible
"PEPTIDE1{meA.Pr_Gly.Me_dL.dF.Phe(4-CF3).T.I}$PEPTIDE1,PEPTIDE1,1:R1-7:R2$$$",-5.45700000,ok,,flexible
"PEPTIDE1{F.A.Me_Phe(3-Cl).meL.Ser(tBu).I.dL}$PEPTIDE1,PEPTIDE1,1:R1-7:R2$$$",-5.59900000,ok,,flexible
"PEPTIDE1{A.T.dL.L.Me_dL.meL.F}$PEPTIDE1,PEPTIDE1,1:R1-7:R2$$$",-5.92000000,ok,,flexible
"PEPTIDE1{A.meL.V.Pr_Gly.meA.meF.meL}$PEPTIDE1,PEPTIDE1,1:R1-7:R2$$$",-5.46800000,ok,,flexible
"PEPTIDE1{meA.meL.F.I.T.meL.L}$PEPTIDE1,PEPTIDE1,1:R1-7:R2$$$",-5.16300000,ok,,flexible
"PEPTIDE1{A.meF.meA.T.L.dL.meL}$PEPTIDE1,PEPTIDE1,1:R1-7:R2$$$",-6.21600000,ok,,flexible
"PEPTIDE1{F.Me_Nle.I.Mono84.V.L.meL}$PEPTIDE1,PEPTIDE1,1:R1-7:R2$$$",-5.72800000,ok,,flexible
"PEPTIDE1{dA.Me_dL.Me_Phe(3-Cl).Ser(tBu).meL.A.T}$PEPTIDE1,PEPTIDE1,1:R1-7:R2$$$",-5.62600000,ok,,flexible
"PEPTIDE1{Me_Bal.Pr_Gly.dP.I.meA.meL.F}$PEPTIDE1,PEPTIDE1,1:R1-7:R2$$$",-6.07900000,ok,,flexible
"PEPTIDE1{A.L.meA.meI.T.V.meL}$PEPTIDE1,PEPTIDE1,1:R1-7:R2$$$",-5.90400000,ok,,flexible
"PEPTIDE1{meL.meA.T.Me_dL.F.L.dA}$PEPTIDE1,PEPTIDE1,1:R1-7:R2$$$",-5.64700000,ok,,flexible
"PEPTIDE1{Sar.dP.V.meL.meF.F.T}$PEPTIDE1,PEPTIDE1,1:R1-7:R2$$$",-6.70800000,ok,,flexible
"PEPTIDE1{Me_dA.P.meF.Me_dL.meA.F.dL}$PEPTIDE1,PEPTIDE1,1:R1-7:R2$$$",-6.98900000,ok,,flexible
"PEPTIDE1{Mono6.cHexCH2_Gly.Me_dL.F.A.Me_Phe(3-Cl).L}$PEPTIDE1,PEPTIDE1,1:R1-7:R2$$$",-5.68300000,ok,,flexible
"PEPTIDE1{meL.meA.Me_dL.L.V.dL.meL}$PEPTIDE1,PEPTIDE1,1:R1-7:R2$$$",-5.37800000,ok,,flexible
"PEPTIDE1{A.Aoc(2).meF.Sar.I.Ser(tBu).meL}$PEPTIDE1,PEPTIDE1,1:R1-7:R2$$$",-5.07500000,ok,,flexible
"PEPTIDE1{Me_dA.dP.T.Me_dL.F.meL.meA}$PEPTIDE1,PEPTIDE1,1:R1-7:R2$$$",-6.35300000,ok,,flexible
"PEPTIDE1{Mono6.Me_dL.dL.meS.T.L.meL}$PEPTIDE1,PEPTIDE1,1:R1-7:R2$$$",-5.93200000,ok,,flexible
"PEPTIDE1{dF.T.meL.L.T.P.Me_dA}$PEPTIDE1,PEPTIDE1,1:R1-7:R2$$$",-6.57100000,ok,,flexible
"PEPTIDE1{dA.Ala(5-Tet).A.L.Phe(4-CF3).meF.P}$PEPTIDE1,PEPTIDE1,1:R1-7:R2$$$",-6.42100000,ok,,flexible
"PEPTIDE1{dV.meL.meS.Me_dA.T.Sar.L}$PEPTIDE1,PEPTIDE1,1:R1-7:R2$$$",-5.90100000,ok,,flexible
"PEPTIDE1{dV.Me_dL.meL.L.Mono6.Mono7.meS}$PEPTIDE1,PEPTIDE1,1:R1-7:R2$$$",-5.58600000,ok,,flexible
"PEPTIDE1{meA.Me_dA.L.meL.P.Ser(tBu).meL}$PEPTIDE1,PEPTIDE1,1:R1-7:R2$$$",-5.80400000,ok,,flexible
"PEPTIDE1{dV.P.T.F.Me_dL.meF.dL}$PEPTIDE1,PEPTIDE1,1:R1-7:R2$$$",-6.04000000,ok,,flexible
"PEPTIDE1{Mono6.Me_dA.Me_dL.meL.G.P.dL}$PEPTIDE1,PEPTIDE1,1:R1-7:R2$$$",-5.67500000,ok,,flexible
"PEPTIDE1{Me_dA.A.Pr_Gly.I.F.meL.Asp_piperidide}$PEPTIDE1,PEPTIDE1,1:R1-7:R2$$$",-5.34400000,ok,,flexible
"PEPTIDE1{Pr_Gly.Me_dL.meL.G.dL.meA.A}$PEPTIDE1,PEPTIDE1,1:R1-7:R2$$$",-6.14300000,ok,,flexible
"PEPTIDE1{F.Me_Phe(3-Cl).T.dP.Ser(tBu).dL.meS}$PEPTIDE1,PEPTIDE1,1:R1-7:R2$$$",-5.77800000,ok,,flexible
"PEPTIDE1{Me_Bal.dL.V.T.meA.G.Me_dL}$PEPTIDE1,PEPTIDE1,1:R1-7:R2$$$",-5.87500000,ok,,flexible
"PEPTIDE1{dA.T.meL.dP.A.L.P}$PEPTIDE1,PEPTIDE1,1:R1-7:R2$$$",-5.94800000,ok,,flexible
"PEPTIDE1{Me_Bal.F.meA.Aib.F.Me_dL.L}$PEPTIDE1,PEPTIDE1,1:R1-7:R2$$$",-6.81200000,ok,,flexible
"PEPTIDE1{Me_Bal.Pr_Gly.T.meL.Me_dL.P.meF}$PEPTIDE1,PEPTIDE1,1:R1-7:R2$$$",-5.68500000,ok,,flexible
"PEPTIDE1{Me_dA.meA.P.dL.V.F.Me_dL}$PEPTIDE1,PEPTIDE1,1:R1-7:R2$$$",-6.30100000,ok,,flexible
"PEPTIDE1{meA.Me_dL.P.A.Me_dA.L.meA}$PEPTIDE1,PEPTIDE1,1:R1-7:R2$$$",-5.91500000,ok,,flexible
"PEPTIDE1{meA.meS.L.T.A.meF.Aoc(2)}$PEPTIDE1,PEPTIDE1,1:R1-7:R2$$$",-5.51800000,ok,,flexible
"PEPTIDE1{Me_dA.meL.dA.bHph.G.L.F}$PEPTIDE1,PEPTIDE1,1:R1-7:R2$$$",-6.43600000,ok,,flexible
"PEPTIDE1{dV.T.dL.meA.L.meL.Me_dL}$PEPTIDE1,PEPTIDE1,1:R1-7:R2$$$",-5.30500000,ok,,flexible
"PEPTIDE1{meA.cHexCH2_Gly.dL.meL.Bn_Gly.F.Me_dL}$PEPTIDE1,PEPTIDE1,1:R1-7:R2$$$",-5.33600000,ok,,flexible
"PEPTIDE1{A.meL.dL.meA.L.meF.G}$PEPTIDE1,PEPTIDE1,1:R1-7:R2$$$",-5.98200000,ok,,flexible
"PEPTIDE1{meA.Me_dA.Me_dL.meL.dL.V.Ser(tBu)}$PEPTIDE1,PEPTIDE1,1:R1-7:R2$$$",-4.89600000,ok,,flexible
"PEPTIDE1{A.T.V.L.meA.meL.Ser(tBu)}$PEPTIDE1,PEPTIDE1,1:R1-7:R2$$$",-5.67700000,ok,,flexible
"PEPTIDE1{Pr_Gly.cHexCH2_Gly.L.dP.P.Ser(tBu).Ser(tBu)}$PEPTIDE1,PEPTIDE1,1:R1-7:R2$$$",-5.26000000,ok,,flexible
"PEPTIDE1{dF.meF.T.dL.meL.meL.meA}$PEPTIDE1,PEPTIDE1,1:R1-7:R2$$$",-5.55300000,ok,,flexible
"PEPTIDE1{dA.A.dL.Me_dL.L.I.V}$PEPTIDE1,PEPTIDE1,1:R1-7:R2$$$",-5.09600000,ok,,flexible
"PEPTIDE1{dV.F.dL.meF.meL.A.I}$PEPTIDE1,PEPTIDE1,1:R1-7:R2$$$",-5.96900000,ok,,flexible
"PEPTIDE1{P.Pr_Gly.dL.T.dA.Me_dL.meF}$PEPTIDE1,PEPTIDE1,1:R1-7:R2$$$",-5.48700000,ok,,flexible
"PEPTIDE1{A.meA.dL.dP.T.T.V}$PEPTIDE1,PEPTIDE1,1:R1-7:R2$$$",-6.40000000,ok,,flexible
"PEPTIDE1{A.Pr_Gly.Aib.F.A.meL.meA}$PEPTIDE1,PEPTIDE1,1:R1-7:R2$$$",-6.41500000,ok,,flexible
"PEPTIDE1{dA.cHexCH2_Gly.L.T.pentyl_Gly.A.Mono78}$PEPTIDE1,PEPTIDE1,1:R1-7:R2$$$",-5.53600000,ok,,flexible
"PEPTIDE1{Me_dA.Me_dL.meA.A.pentyl_Gly.L.P}$PEPTIDE1,PEPTIDE1,1:R1-7:R2$$$",-5.46400000,ok,,flexible
"PEPTIDE1{dA.A.V.P.Me_dL.T.meV}$PEPTIDE1,PEPTIDE1,1:R1-7:R2$$$",-6.11500000,ok,,flexible
"PEPTIDE1{meL.I.meF.T.dL.L.F}$PEPTIDE1,PEPTIDE1,1:R1-7:R2$$$",-5.54300000,ok,,flexible
"PEPTIDE1{Sar.A.meA.I.dL.V.L}$PEPTIDE1,PEPTIDE1,1:R1-7:R2$$$",-5.35000000,ok,,flexible
"PEPTIDE1{dA.meS.Me_dL.meV.Pr_Gly.A.T}$PEPTIDE1,PEPTIDE1,1:R1-7:R2$$$",-5.83800000,ok,,flexible
"PEPTIDE1{dF.T.P.Me_dA.A.dL.T}$PEPTIDE1,PEPTIDE1,1:R1-7:R2$$$",-7.14200000,ok,,flexible
"PEPTIDE1{Me_Bal.pentyl_Gly.A.L.P.3Pal.I}$PEPTIDE1,PEPTIDE1,1:R1-7:R2$$$",-5.76400000,ok,,flexible
"PEPTIDE1{Me_Bal.dP.L.V.V.Me_dL.I}$PEPTIDE1,PEPTIDE1,1:R1-7:R2$$$",-5.65800000,ok,,flexible
"PEPTIDE1{meA.dA.F.Me_dL.Pr_Gly.Me_dA.meL}$PEPTIDE1,PEPTIDE1,1:R1-7:R2$$$",-5.82200000,ok,,flexible
"PEPTIDE1{P.meA.Pr_Gly.V.Me_dL.F.T}$PEPTIDE1,PEPTIDE1,1:R1-7:R2$$$",-5.79400000,ok,,flexible
"PEPTIDE1{dV.meL.L.V.dL.Me_dA.Me_dL}$PEPTIDE1,PEPTIDE1,1:R1-7:R2$$$",-4.98200000,ok,,flexible
"PEPTIDE1{dA.meA.T.P.T.Me_dL.P}$PEPTIDE1,PEPTIDE1,1:R1-7:R2$$$",-6.67500000,ok,,flexible
"PEPTIDE1{meA.Pr_Gly.dL.meF.Phe(4-CF3).A.meL}$PEPTIDE1,PEPTIDE1,1:R1-7:R2$$$",-5.79700000,ok,,flexible
"PEPTIDE1{L.T.meS.Aoc(2).meL.L.Abu}$PEPTIDE1,PEPTIDE1,1:R1-7:R2$$$",-4.76800000,ok,,flexible
"PEPTIDE1{A.V.meA.dP.P.T.F}$PEPTIDE1,PEPTIDE1,1:R1-7:R2$$$",-6.49100000,ok,,flexible
"PEPTIDE1{Sar.P.pentyl_Gly.L.A.Ser(tBu).Mono78}$PEPTIDE1,PEPTIDE1,1:R1-7:R2$$$",-6.27000000,ok,,flexible
"PEPTIDE1{meA.Abu.meS.L.meS.T.dL}$PEPTIDE1,PEPTIDE1,1:R1-7:R2$$$",-6.38600000,ok,,flexible
"PEPTIDE1{L.meL.T.cHexCH2_Gly.dL.Mono78.dP}$PEPTIDE1,PEPTIDE1,1:R1-7:R2$$$",-5.84500000,ok,,flexible
"PEPTIDE1{Mono6.Me_dA.meL.meA.dL.A.Me_dL}$PEPTIDE1,PEPTIDE1,1:R1-7:R2$$$",-6.25000000,ok,,flexible
"PEPTIDE1{meA.F.L.Me_dL.meL.Ser(tBu).T}$PEPTIDE1,PEPTIDE1,1:R1-7:R2$$$",-6.06600000,ok,,flexible
"PEPTIDE1{F.G.Mono84.meL.Me_Phe(3-Cl).T.Me_dL}$PEPTIDE1,PEPTIDE1,1:R1-7:R2$$$",-5.86700000,ok,,flexible
"PEPTIDE1{meA.Me_dL.meL.L.meF.Ser(tBu).A}$PEPTIDE1,PEPTIDE1,1:R1-7:R2$$$",-5.23700000,ok,,flexible
"PEPTIDE1{A.meS.meA.meL.L.F.meF}$PEPTIDE1,PEPTIDE1,1:R1-7:R2$$$",-5.88900000,ok,,flexible
"PEPTIDE1{F.cHexCH2_Gly.Mono84.Mono86.A.Mono78.T}$PEPTIDE1,PEPTIDE1,1:R1-7:R2$$$",-7.30700000,ok,,flexible
"PEPTIDE1{meA.Aoc(2).T.meF.meL.L.dP}$PEPTIDE1,PEPTIDE1,1:R1-7:R2$$$",-5.59900000,ok,,flexible
"PEPTIDE1{meA.meL.Me_dA.Me_dL.A.L.meL}$PEPTIDE1,PEPTIDE1,1:R1-7:R2$$$",-5.73700000,ok,,flexible
"PEPTIDE1{Me_dA.A.dL.I.Mono86.Mono7.L}$PEPTIDE1,PEPTIDE1,1:R1-7:R2$$$",-5.84000000,ok,,flexible
"PEPTIDE1{Sar.I.L.P.V.F.L}$PEPTIDE1,PEPTIDE1,1:R1-7:R2$$$",-5.33500000,ok,,flexible
"PEPTIDE1{Me_Bal.A.Me_dA.meA.meL.dL.Me_dL}$PEPTIDE1,PEPTIDE1,1:R1-7:R2$$$",-5.92300000,ok,,flexible
"PEPTIDE1{meA.Me_dA.A.dL.G.L.I}$PEPTIDE1,PEPTIDE1,1:R1-7:R2$$$",-6.22300000,ok,,flexible
"PEPTIDE1{F.meL.A.meS.Abu.T.Ala(5-Tet)}$PEPTIDE1,PEPTIDE1,1:R1-7:R2$$$",-5.93900000,ok,,flexible
"PEPTIDE1{Me_Bal.L.P.V.meL.T.meV}$PEPTIDE1,PEPTIDE1,1:R1-7:R2$$$",-5.45800000,ok,,flexible
"PEPTIDE1{meA.T.meL.Abu.meL.meS.Ala(5-Tet)}$PEPTIDE1,PEPTIDE1,1:R1-7:R2$$$",-6.62900000,ok,,flexible
"PEPTIDE1{dA.Me_dL.L.meL.Ser(tBu).G.meA}$PEPTIDE1,PEPTIDE1,1:R1-7:R2$$$",-6.11600000,ok,,flexible
"PEPTIDE1{Me_dA.meA.F.T.I.L.F}$PEPTIDE1,PEPTIDE1,1:R1-7:R2$$$",-5.57900000,ok,,flexible
"PEPTIDE1{L.A.Et_Gly.dP.Mono11.meL.Ser(tBu)}$PEPTIDE1,PEPTIDE1,1:R1-7:R2$$$",-4.63400000,ok,,flexible
"PEPTIDE1{dF.pentyl_Gly.L.T.A.meF.Me_dL}$PEPTIDE1,PEPTIDE1,1:R1-7:R2$$$",-5.52700000,ok,,flexible
"PEPTIDE1{Me_dA.pentyl_Gly.Et_Gly.L.Me_Phe(3-Cl).meL.dL}$PEPTIDE1,PEPTIDE1,1:R1-7:R2$$$",-4.89800000,ok,,flexible
"PEPTIDE1{A.T.meA.F.dA.P.L}$PEPTIDE1,PEPTIDE1,1:R1-7:R2$$$",-6.49400000,ok,,flexible
"PEPTIDE1{Mono6.T.meS.Me_dL.L.dL.meA}$PEPTIDE1,PEPTIDE1,1:R1-7:R2$$$",-5.88400000,ok,,flexible
"PEPTIDE1{P.Pr_Gly.dL.meA.meL.meS.T}$PEPTIDE1,PEPTIDE1,1:R1-7:R2$$$",-4.88400000,ok,,flexible
"PEPTIDE1{A.meS.meF.T.V.meA.Aoc(2)}$PEPTIDE1,PEPTIDE1,1:R1-7:R2$$$",-5.76500000,ok,,flexible
"PEPTIDE1{meA.Me_dA.dF.Me_dL.Mono7.L.meS}$PEPTIDE1,PEPTIDE1,1:R1-7:R2$$$",-6.35400000,ok,,flexible
"PEPTIDE1{meA.L.T.P.V.Me_dL.meV}$PEPTIDE1,PEPTIDE1,1:R1-7:R2$$$",-5.69700000,ok,,flexible
"PEPTIDE1{Me_Bal.P.Mono38.meL.I.dL.Mono84}$PEPTIDE1,PEPTIDE1,1:R1-7:R2$$$",-6.43300000,ok,,flexible
"PEPTIDE1{Me_Bal.T.A.dP.meL.L.meS}$PEPTIDE1,PEPTIDE1,1:R1-7:R2$$$",-6.17500000,ok,,flexible
"PEPTIDE1{meL.Ala(5-Tet).dA.meL.L.P.dL}$PEPTIDE1,PEPTIDE1,1:R1-7:R2$$$",-5.70000000,ok,,flexible
"PEPTIDE1{dP.Me_dL.Pr_Gly.meF.Ser(tBu).meA.Ser(tBu)}$PEPTIDE1,PEPTIDE1,1:R1-7:R2$$$",-5.70300000,ok,,flexible
"PEPTIDE1{dA.meF.L.meL.A.G.meL}$PEPTIDE1,PEPTIDE1,1:R1-7:R2$$$",-5.85000000,ok,,flexible
"PEPTIDE1{Me_dA.I.F.3Pal.P.meA.V}$PEPTIDE1,PEPTIDE1,1:R1-7:R2$$$",-6.32400000,ok,,flexible
"PEPTIDE1{F.meA.A.meL.G.meL.Me_dL}$PEPTIDE1,PEPTIDE1,1:R1-7:R2$$$",-6.04100000,ok,,flexible
"PEPTIDE1{Me_Bal.A.meL.Ser(tBu).P.Me_Phe(3-Cl).G}$PEPTIDE1,PEPTIDE1,1:R1-7:R2$$$",-6.40200000,ok,,flexible
"PEPTIDE1{Me_Bal.A.V.meL.meI.meF.L}$PEPTIDE1,PEPTIDE1,1:R1-7:R2$$$",-5.88400000,ok,,flexible
"PEPTIDE1{meA.P.T.dL.L.meL.I}$PEPTIDE1,PEPTIDE1,1:R1-7:R2$$$",-5.52100000,ok,,flexible
"PEPTIDE1{dA.meL.Me_dL.meY.Me_dL.meA.T}$PEPTIDE1,PEPTIDE1,1:R1-7:R2$$$",-5.65800000,ok,,flexible
"PEPTIDE1{Me_dA.T.meL.meF.T.P.meL}$PEPTIDE1,PEPTIDE1,1:R1-7:R2$$$",-5.91500000,ok,,flexible
"PEPTIDE1{dV.Sar.meA.Me_dL.meF.T.Aoc(2)}$PEPTIDE1,PEPTIDE1,1:R1-7:R2$$$",-6.06000000,ok,,flexible
"PEPTIDE1{dA.meI.T.F.A.T.V}$PEPTIDE1,PEPTIDE1,1:R1-7:R2$$$",-5.69200000,ok,,flexible
"PEPTIDE1{F.meS.A.meL.dL.L.Me_dA}$PEPTIDE1,PEPTIDE1,1:R1-7:R2$$$",-5.88100000,ok,,flexible
"PEPTIDE1{meA.meF.meL.Ala(5-Tet).L.T.Ser(tBu)}$PEPTIDE1,PEPTIDE1,1:R1-7:R2$$$",-6.20700000,ok,,flexible
"PEPTIDE1{A.Me_dL.dP.P.F.T.P}$PEPTIDE1,PEPTIDE1,1:R1-7:R2$$$",-6.36500000,ok,,flexible
"PEPTIDE1{meA.Me_Phe(3-Cl).P.F.meL.meL.dL}$PEPTIDE1,PEPTIDE1,1:R1-7:R2$$$",-6.63800000,ok,,flexible
"PEPTIDE1{A.T.meF.F.meV.L.Sar}$PEPTIDE1,PEPTIDE1,1:R1-7:R2$$$",-7.43200000,ok,,flexible
"PEPTIDE1{meA.pentyl_Gly.A.dL.T.meL.Me_dA}$PEPTIDE1,PEPTIDE1,1:R1-7:R2$$$",-5.67500000,ok,,flexible
"PEPTIDE1{Mono6.A.T.P.Bn_Gly.I.dP}$PEPTIDE1,PEPTIDE1,1:R1-7:R2$$$",-7.24400000,ok,,flexible
"PEPTIDE1{Me_dA.meF.meS.T.T.A.L}$PEPTIDE1,PEPTIDE1,1:R1-7:R2$$$",-6.22600000,ok,,flexible
"PEPTIDE1{Me_Bal.L.meL.T.meL.Sar.dP}$PEPTIDE1,PEPTIDE1,1:R1-7:R2$$$",-6.74200000,ok,,flexible
"PEPTIDE1{dF.meS.Abu.L.Ala(5-Tet).meS.L}$PEPTIDE1,PEPTIDE1,1:R1-7:R2$$$",-5.62500000,ok,,flexible
"PEPTIDE1{dV.A.L.Bn_Gly.Mono86.I.A}$PEPTIDE1,PEPTIDE1,1:R1-7:R2$$$",-6.29400000,ok,,flexible
"PEPTIDE1{F.Ala(5-Tet).T.L.Me_dA.meS.A}$PEPTIDE1,PEPTIDE1,1:R1-7:R2$$$",-6.37500000,ok,,flexible
"PEPTIDE1{F.A.dL.Me_Phe(3-Cl).V.Ser(tBu).meL}$PEPTIDE1,PEPTIDE1,1:R1-7:R2$$$",-5.57400000,ok,,flexible
"PEPTIDE1{A.I.L.meL.G.meA.cHexCH2_Gly}$PEPTIDE1,PEPTIDE1,1:R1-7:R2$$$",-5.99400000,ok,,flexible
"PEPTIDE1{P.Me_dA.dA.F.Me_dL.meL.L}$PEPTIDE1,PEPTIDE1,1:R1-7:R2$$$",-6.48200000,ok,,flexible
"PEPTIDE1{meA.P.dL.dP.Me_dL.T.meF}$PEPTIDE1,PEPTIDE1,1:R1-7:R2$$$",-6.60800000,ok,,flexible
"PEPTIDE1{dA.F.meL.P.T.T.A}$PEPTIDE1,PEPTIDE1,1:R1-7:R2$$$",-6.77700000,ok,,flexible
"PEPTIDE1{A.meF.meL.L.meA.Me_dL.T}$PEPTIDE1,PEPTIDE1,1:R1-7:R2$$$",-5.68900000,ok,,flexible
"PEPTIDE1{F.Mono38.L.G.A.L.T}$PEPTIDE1,PEPTIDE1,1:R1-7:R2$$$",-5.71400000,ok,,flexible
"PEPTIDE1{meA.L.Me_dL.meS.meF.dL.dP}$PEPTIDE1,PEPTIDE1,1:R1-7:R2$$$",-5.35500000,ok,,flexible
"PEPTIDE1{meA.I.meL.T.G.L.meF}$PEPTIDE1,PEPTIDE1,1:R1-7:R2$$$",-6.06200000,ok,,flexible
"PEPTIDE1{Mono6.L.meL.T.dP.dL.A}$PEPTIDE1,PEPTIDE1,1:R1-7:R2$$$",-5.93700000,ok,,flexible
"PEPTIDE1{Me_Bal.meF.Mono38.A.meL.A.G}$PEPTIDE1,PEPTIDE1,1:R1-7:R2$$$",-6.57300000,ok,,flexible
"PEPTIDE1{Me_dA.meL.T.F.A.Me_dL.T}$PEPTIDE1,PEPTIDE1,1:R1-7:R2$$$",-5.68700000,ok,,flexible
"PEPTIDE1{F.meL.dL.meF.meI.P.Me_dL}$PEPTIDE1,PEPTIDE1,1:R1-7:R2$$$",-5.48500000,ok,,flexible
"PEPTIDE1{Mono6.Me_Nle.P.dL.L.meA.L}$PEPTIDE1,PEPTIDE1,1:R1-7:R2$$$",-5.41900000,ok,,flexible
"PEPTIDE1{Sar.T.P.Me_dA.dP.meA.A}$PEPTIDE1,PEPTIDE1,1:R1-7:R2$$$",-7.13700000,ok,,flexible
"PEPTIDE1{dA.L.I.meA.T.T.dP}$PEPTIDE1,PEPTIDE1,1:R1-7:R2$$$",-5.56000000,ok,,flexible
"PEPTIDE1{Me_dA.cHexCH2_Gly.I.L.Ser(tBu).dL.T}$PEPTIDE1,PEPTIDE1,1:R1-7:R2$$$",-4.96000000,ok,,flexible
"PEPTIDE1{Me_Bal.F.P.meA.T.Me_dA.T}$PEPTIDE1,PEPTIDE1,1:R1-7:R2$$$",-6.90000000,ok,,flexible
"PEPTIDE1{dA.meA.meL.Ser(tBu).G.dP.L}$PEPTIDE1,PEPTIDE1,1:R1-7:R2$$$",-5.67100000,ok,,flexible
"PEPTIDE1{dV.meL.Me_dL.L.T.Et_Gly.A}$PEPTIDE1,PEPTIDE1,1:R1-7:R2$$$",-5.47000000,ok,,flexible
"PEPTIDE1{Me_dA.Pr_Gly.dL.meL.T.P.Me_dL}$PEPTIDE1,PEPTIDE1,1:R1-7:R2$$$",-5.66300000,ok,,flexible
"PEPTIDE1{Mono6.meA.T.T.A.meL.Me_dA}$PEPTIDE1,PEPTIDE1,1:R1-7:R2$$$",-6.41300000,ok,,flexible
"PEPTIDE1{P.meA.meL.Me_dL.L.Ser(tBu).meF}$PEPTIDE1,PEPTIDE1,1:R1-7:R2$$$",-5.62500000,ok,,flexible
"PEPTIDE1{dV.A.meL.L.P.Me_dL.Sar}$PEPTIDE1,PEPTIDE1,1:R1-7:R2$$$",-6.75500000,ok,,flexible
"PEPTIDE1{P.dA.A.meA.V.meY.meL}$PEPTIDE1,PEPTIDE1,1:R1-7:R2$$$",-7.11400000,ok,,flexible
"PEPTIDE1{dA.Sar.meF.L.A.dP.T}$PEPTIDE1,PEPTIDE1,1:R1-7:R2$$$",-7.30200000,ok,,flexible
"PEPTIDE1{meL.A.meL.F.Ala(5-Tet).T.L}$PEPTIDE1,PEPTIDE1,1:R1-7:R2$$$",-5.43700000,ok,,flexible
"PEPTIDE1{meA.Me_dL.L.meL.I.A.dP}$PEPTIDE1,PEPTIDE1,1:R1-7:R2$$$",-5.56200000,ok,,flexible
"PEPTIDE1{F.Me_dA.T.dL.meA.P.meF}$PEPTIDE1,PEPTIDE1,1:R1-7:R2$$$",-7.28300000,ok,,flexible
"PEPTIDE1{dA.meL.L.meA.V.T.P}$PEPTIDE1,PEPTIDE1,1:R1-7:R2$$$",-5.74200000,ok,,flexible
"PEPTIDE1{L.L.meL.I.Met(O2).cHexCH2_Gly.Ser(tBu)}$PEPTIDE1,PEPTIDE1,1:R1-7:R2$$$",-4.67600000,ok,,flexible
"PEPTIDE1{F.T.P.dL.dP.P.meL}$PEPTIDE1,PEPTIDE1,1:R1-7:R2$$$",-6.55300000,ok,,flexible
"PEPTIDE1{dA.meL.T.meS.meF.Me_dL.A}$PEPTIDE1,PEPTIDE1,1:R1-7:R2$$$",-6.43100000,ok,,flexible
"PEPTIDE1{Me_Bal.meV.T.meL.meA.I.meF}$PEPTIDE1,PEPTIDE1,1:R1-7:R2$$$",-5.73900000,ok,,flexible
"PEPTIDE1{Sar.A.T.meL.meV.Ser(tBu).meA}$PEPTIDE1,PEPTIDE1,1:R1-7:R2$$$",-5.29100000,ok,,flexible
"PEPTIDE1{Me_Bal.Ser(tBu).A.F.meL.dL.T}$PEPTIDE1,PEPTIDE1,1:R1-7:R2$$$",-5.32700000,ok,,flexible
"PEPTIDE1{Mono6.dP.meL.Me_dA.L.P.Ala(5-Tet)}$PEPTIDE1,PEPTIDE1,1:R1-7:R2$$$",-5.93100000,ok,,flexible
"PEPTIDE1{L.meF.meA.T.Abu.A.D}$PEPTIDE1,PEPTIDE1,1:R1-7:R2$$$",-5.41000000,ok,,flexible
"PEPTIDE1{A.meL.V.meL.T.I.meA}$PEPTIDE1,PEPTIDE1,1:R1-7:R2$$$",-5.99900000,ok,,flexible
"PEPTIDE1{Mono6.meF.A.L.meS.Aoc(2).Abu}$PEPTIDE1,PEPTIDE1,1:R1-7:R2$$$",-6.34200000,ok,,flexible
"PEPTIDE1{Sar.I.meA.V.meV.meL.dL}$PEPTIDE1,PEPTIDE1,1:R1-7:R2$$$",-5.90600000,ok,,flexible
"PEPTIDE1{Me_dA.A.meV.meL.Ser(tBu).T.Me_dL}$PEPTIDE1,PEPTIDE1,1:R1-7:R2$$$",-5.17900000,ok,,flexible
"PEPTIDE1{meL.meS.Sar.Ala(5-Tet).L.Ser(tBu).T}$PEPTIDE1,PEPTIDE1,1:R1-7:R2$$$",-5.92700000,ok,,flexible
"PEPTIDE1{F.pentyl_Gly.P.A.V.G.meA}$PEPTIDE1,PEPTIDE1,1:R1-7:R2$$$",-5.73000000,ok,,flexible
"PEPTIDE1{Me_Bal.meL.A.P.I.pentyl_Gly.V}$PEPTIDE1,PEPTIDE1,1:R1-7:R2$$$",-5.49100000,ok,,flexible
"PEPTIDE1{meA.I.meL.T.Me_dA.T.Me_dL}$PEPTIDE1,PEPTIDE1,1:R1-7:R2$$$",-5.60100000,ok,,flexible
"PEPTIDE1{dV.A.T.Me_dA.meF.F.L}$PEPTIDE1,PEPTIDE1,1:R1-7:R2$$$",-6.87100000,ok,,flexible
"PEPTIDE1{Me_Bal.V.T.T.P.meL.meL}$PEPTIDE1,PEPTIDE1,1:R1-7:R2$$$",-6.04900000,ok,,flexible
"PEPTIDE1{meA.Me_dL.L.meL.dP.T.meS}$PEPTIDE1,PEPTIDE1,1:R1-7:R2$$$",-5.91600000,ok,,flexible
"PEPTIDE1{dA.meF.A.Aoc(2).meV.T.meS}$PEPTIDE1,PEPTIDE1,1:R1-7:R2$$$",-5.91900000,ok,,flexible
"PEPTIDE1{Me_dA.F.meF.Sar.meA.meL.meL}$PEPTIDE1,PEPTIDE1,1:R1-7:R2$$$",-5.99100000,ok,,flexible
"PEPTIDE1{Me_dA.meL.F.dL.I.T.P}$PEPTIDE1,PEPTIDE1,1:R1-7:R2$$$",-6.06900000,ok,,flexible
"PEPTIDE1{A.meL.Me_dL.F.meV.meA.dF}$PEPTIDE1,PEPTIDE1,1:R1-7:R2$$$",-6.03000000,ok,,flexible
"PEPTIDE1{A.meF.meL.Ala(5-Tet).T.Aoc(2).Ala(5-Tet)}$PEPTIDE1,PEPTIDE1,1:R1-7:R2$$$",-5.39300000,ok,,flexible
"PEPTIDE1{A.L.T.T.meL.G.meA}$PEPTIDE1,PEPTIDE1,1:R1-7:R2$$$",-5.81100000,ok,,flexible
"PEPTIDE1{A.L.meS.Abu.Sar.meA.T}$PEPTIDE1,PEPTIDE1,1:R1-7:R2$$$",-5.71900000,ok,,flexible
"PEPTIDE1{Me_dA.A.Et_Gly.Me_Phe(3-Cl).L.meL.T}$PEPTIDE1,PEPTIDE1,1:R1-7:R2$$$",-6.17900000,ok,,flexible
"PEPTIDE1{meA.Abu.Ala(5-Tet).L.Aoc(2).meF.A}$PEPTIDE1,PEPTIDE1,1:R1-7:R2$$$",-5.30800000,ok,,flexible
"PEPTIDE1{A.Me_dL.meL.meA.T.Ser(tBu).I}$PEPTIDE1,PEPTIDE1,1:R1-7:R2$$$",-5.28600000,ok,,flexible
"PEPTIDE1{Me_Bal.F.A.Sar.T.meA.dL}$PEPTIDE1,PEPTIDE1,1:R1-7:R2$$$",-6.44300000,ok,,flexible
"PEPTIDE1{A.P.T.L.meL.I.V}$PEPTIDE1,PEPTIDE1,1:R1-7:R2$$$",-5.45000000,ok,,flexible
"PEPTIDE1{Pr_Gly.dA.Me_Phe(3-Cl).meL.dL.meF.meA}$PEPTIDE1,PEPTIDE1,1:R1-7:R2$$$",-6.61000000,ok,,flexible
"PEPTIDE1{Pr_Gly.Me_dA.meL.Me_dL.meA.meF.dP}$PEPTIDE1,PEPTIDE1,1:R1-7:R2$$$",-5.64500000,ok,,flexible
"PEPTIDE1{A.Abu.L.meF.L.T.meS}$PEPTIDE1,PEPTIDE1,1:R1-7:R2$$$",-5.38000000,ok,,flexible
"PEPTIDE1{meA.meF.V.T.meL.T.meL}$PEPTIDE1,PEPTIDE1,1:R1-7:R2$$$",-5.32100000,ok,,flexible
"PEPTIDE1{Me_Bal.T.P.L.A.I.dA}$PEPTIDE1,PEPTIDE1,1:R1-7:R2$$$",-6.60100000,ok,,flexible
"PEPTIDE1{meA.meF.A.Aoc(2).L.meL.Sar}$PEPTIDE1,PEPTIDE1,1:R1-7:R2$$$",-5.82600000,ok,,flexible
"PEPTIDE1{dV.T.meL.A.L.F.meV}$PEPTIDE1,PEPTIDE1,1:R1-7:R2$$$",-5.54500000,ok,,flexible
"PEPTIDE1{Me_dA.meA.L.V.T.meF.F}$PEPTIDE1,PEPTIDE1,1:R1-7:R2$$$",-5.98700000,ok,,flexible
"PEPTIDE1{F.L.A.T.T.meL.dL}$PEPTIDE1,PEPTIDE1,1:R1-7:R2$$$",-6.34800000,ok,,flexible
"PEPTIDE1{dP.Pr_Gly.meA.dPye.Pr_Gly.V.A}$PEPTIDE1,PEPTIDE1,1:R1-7:R2$$$",-5.59600000,ok,,flexible
"PEPTIDE1{Me_dA.meS.Me_dL.meF.L.F.meL}$PEPTIDE1,PEPTIDE1,1:R1-7:R2$$$",-6.28100000,ok,,flexible
"PEPTIDE1{Me_dA.Pr_Gly.T.meA.P.meL.dP}$PEPTIDE1,PEPTIDE1,1:R1-7:R2$$$",-6.16600000,ok,,flexible
"PEPTIDE1{Mono6.A.Me_dL.dL.L.dV.F}$PEPTIDE1,PEPTIDE1,1:R1-7:R2$$$",-6.35600000,ok,,flexible
"PEPTIDE1{Me_Bal.meF.meL.T.I.V.L}$PEPTIDE1,PEPTIDE1,1:R1-7:R2$$$",-5.96100000,ok,,flexible
"PEPTIDE1{meA.I.meL.Ser(tBu).L.Sar.T}$PEPTIDE1,PEPTIDE1,1:R1-7:R2$$$",-5.07200000,ok,,flexible
"PEPTIDE1{dV.T.L.meA.T.dP.meL}$PEPTIDE1,PEPTIDE1,1:R1-7:R2$$$",-5.90500000,ok,,flexible
"PEPTIDE1{Me_dA.dP.T.meA.Me_dL.meL.L}$PEPTIDE1,PEPTIDE1,1:R1-7:R2$$$",-5.94900000,ok,,flexible
"PEPTIDE1{Me_dA.Me_Phe(3-Cl).A.F.meV.meA.meL}$PEPTIDE1,PEPTIDE1,1:R1-7:R2$$$",-6.55900000,ok,,flexible
"PEPTIDE1{Mono6.meA.meS.meL.T.Me_dL.Abu}$PEPTIDE1,PEPTIDE1,1:R1-7:R2$$$",-5.37200000,ok,,flexible
"PEPTIDE1{A.pentyl_Gly.meL.I.Ser(tBu).T.dL}$PEPTIDE1,PEPTIDE1,1:R1-7:R2$$$",-4.58400000,ok,,flexible
"PEPTIDE1{Me_Bal.pentyl_Gly.T.meL.meF.meL.L}$PEPTIDE1,PEPTIDE1,1:R1-7:R2$$$",-5.33800000,ok,,flexible
"PEPTIDE1{A.Me_dA.dL.meL.Me_Phe(3-Cl).Pr_Gly.dV}$PEPTIDE1,PEPTIDE1,1:R1-7:R2$$$",-5.52000000,ok,,flexible
"PEPTIDE1{dV.Me_dA.Me_dL.meA.meF.A.L}$PEPTIDE1,PEPTIDE1,1:R1-7:R2$$$",-6.29800000,ok,,flexible
"PEPTIDE1{A.T.Me_dA.L.dL.meS.meL}$PEPTIDE1,PEPTIDE1,1:R1-7:R2$$$",-5.96800000,ok,,flexible
"PEPTIDE1{dV.P.meS.meL.meS.A.Ala(5-Tet)}$PEPTIDE1,PEPTIDE1,1:R1-7:R2$$$",-5.93800000,ok,,flexible
"PEPTIDE1{Pr_Gly.pentyl_Gly.L.Me_Phe(3-Cl).Ser(tBu).dL.L}$PEPTIDE1,PEPTIDE1,1:R1-7:R2$$$",-5.01200000,ok,,flexible
"PEPTIDE1{dA.Me_dL.T.meF.A.meL.F}$PEPTIDE1,PEPTIDE1,1:R1-7:R2$$$",-6.38000000,ok,,flexible
"PEPTIDE1{P.dA.meL.meF.L.Sar.L}$PEPTIDE1,PEPTIDE1,1:R1-7:R2$$$",-5.93600000,ok,,flexible
"PEPTIDE1{meA.A.T.dL.T.Me_dL.I}$PEPTIDE1,PEPTIDE1,1:R1-7:R2$$$",-5.14200000,ok,,flexible
"PEPTIDE1{A.meL.meL.L.I.V.meF}$PEPTIDE1,PEPTIDE1,1:R1-7:R2$$$",-5.84400000,ok,,flexible
"PEPTIDE1{Me_dA.pentyl_Gly.A.L.I.L.Ser(tBu)}$PEPTIDE1,PEPTIDE1,1:R1-7:R2$$$",-4.92600000,ok,,flexible
"PEPTIDE1{dV.F.T.meL.L.I.A}$PEPTIDE1,PEPTIDE1,1:R1-7:R2$$$",-5.76100000,ok,,flexible
"PEPTIDE1{Me_Bal.A.meA.Me_dA.Me_dL.F.V}$PEPTIDE1,PEPTIDE1,1:R1-7:R2$$$",-6.07700000,ok,,flexible
"PEPTIDE1{Me_dA.T.meL.Mono38.L.dL.Me_dL}$PEPTIDE1,PEPTIDE1,1:R1-7:R2$$$",-5.25400000,ok,,flexible
"PEPTIDE1{dP.dA.Me_dA.dL.Pr_Gly.A.meL}$PEPTIDE1,PEPTIDE1,1:R1-7:R2$$$",-5.71700000,ok,,flexible
"PEPTIDE1{dF.L.Ala(5-Tet).Sar.meL.dL.A}$PEPTIDE1,PEPTIDE1,1:R1-7:R2$$$",-5.81900000,ok,,flexible
"PEPTIDE1{meA.3Pal.pentyl_Gly.cHexCH2_Gly.meL.Et_Gly.I}$PEPTIDE1,PEPTIDE1,1:R1-7:R2$$$",-5.58600000,ok,,flexible
"PEPTIDE1{A.dP.Me_dL.T.meL.meA.dL}$PEPTIDE1,PEPTIDE1,1:R1-7:R2$$$",-5.78000000,ok,,flexible
"PEPTIDE1{Me_Bal.Me_dL.meA.T.V.meF.dL}$PEPTIDE1,PEPTIDE1,1:R1-7:R2$$$",-5.72900000,ok,,flexible
"PEPTIDE1{Me_dA.pentyl_Gly.P.T.dP.I.V}$PEPTIDE1,PEPTIDE1,1:R1-7:R2$$$",-5.81000000,ok,,flexible
"PEPTIDE1{dA.pentyl_Gly.cHexCH2_Gly.meL.L.Ser(tBu).P}$PEPTIDE1,PEPTIDE1,1:R1-7:R2$$$",-5.91500000,ok,,flexible
"PEPTIDE1{meA.Me_dA.meS.A.Ala(5-Tet).meL.L}$PEPTIDE1,PEPTIDE1,1:R1-7:R2$$$",-6.57500000,ok,,flexible
"PEPTIDE1{dA.Pr_Gly.Me_dA.meA.V.L.A}$PEPTIDE1,PEPTIDE1,1:R1-7:R2$$$",-5.71700000,ok,,flexible
"PEPTIDE1{meA.meS.meS.Me_dL.A.L.dL}$PEPTIDE1,PEPTIDE1,1:R1-7:R2$$$",-5.80300000,ok,,flexible
"PEPTIDE1{Me_Bal.dPye.Me_dL.A.P.T.F}$PEPTIDE1,PEPTIDE1,1:R1-7:R2$$$",-6.62700000,ok,,flexible
"PEPTIDE1{meA.T.meF.dL.Me_dA.Me_dL.V}$PEPTIDE1,PEPTIDE1,1:R1-7:R2$$$",-6.26100000,ok,,flexible
"PEPTIDE1{Me_Bal.Me_dL.meL.L.meF.I.meV}$PEPTIDE1,PEPTIDE1,1:R1-7:R2$$$",-5.37000000,ok,,flexible
"PEPTIDE1{dA.meF.meA.meL.meA.T.dP}$PEPTIDE1,PEPTIDE1,1:R1-7:R2$$$",-5.99300000,ok,,flexible
"PEPTIDE1{Me_dA.meL.I.meF.meL.V.T}$PEPTIDE1,PEPTIDE1,1:R1-7:R2$$$",-6.07900000,ok,,flexible
"PEPTIDE1{dV.meF.P.L.meL.Ser(tBu).meL}$PEPTIDE1,PEPTIDE1,1:R1-7:R2$$$",-5.78900000,ok,,flexible
"PEPTIDE1{dA.dL.meA.Me_dL.F.L.P}$PEPTIDE1,PEPTIDE1,1:R1-7:R2$$$",-5.76200000,ok,,flexible
"PEPTIDE1{meL.meS.Aoc(2).meA.meL.V.I}$PEPTIDE1,PEPTIDE1,1:R1-7:R2$$$",-4.93700000,ok,,flexible
"PEPTIDE1{dV.meA.Me_dL.dP.V.Me_dA.P}$PEPTIDE1,PEPTIDE1,1:R1-7:R2$$$",-6.58700000,ok,,flexible
"PEPTIDE1{meA.Abu.V.F.dV.meL.I}$PEPTIDE1,PEPTIDE1,1:R1-7:R2$$$",-5.59300000,ok,,flexible
"PEPTIDE1{Me_dA.meL.A.T.L.T.V}$PEPTIDE1,PEPTIDE1,1:R1-7:R2$$$",-5.42900000,ok,,flexible
"PEPTIDE1{P.dA.Me_dL.L.meL.meF.T}$PEPTIDE1,PEPTIDE1,1:R1-7:R2$$$",-6.55900000,ok,,flexible
"PEPTIDE1{Sar.dP.L.meF.meA.dL.meL}$PEPTIDE1,PEPTIDE1,1:R1-7:R2$$$",-6.33900000,ok,,flexible
"PEPTIDE1{A.P.T.T.meA.Me_dL.F}$PEPTIDE1,PEPTIDE1,1:R1-7:R2$$$",-6.81800000,ok,,flexible
"PEPTIDE1{dA.Pr_Gly.A.Me_dL.F.meL.I}$PEPTIDE1,PEPTIDE1,1:R1-7:R2$$$",-5.78000000,ok,,flexible
"PEPTIDE1{Me_Bal.dL.T.I.L.V.A}$PEPTIDE1,PEPTIDE1,1:R1-7:R2$$$",-6.12200000,ok,,flexible
"PEPTIDE1{dA.Me_dL.F.meL.dL.A.meL}$PEPTIDE1,PEPTIDE1,1:R1-7:R2$$$",-5.18500000,ok,,flexible
"PEPTIDE1{Mono6.meL.P.Me_dL.dP.T.Me_dA}$PEPTIDE1,PEPTIDE1,1:R1-7:R2$$$",-5.88100000,ok,,flexible
"PEPTIDE1{Me_Bal.L.meL.G.T.dP.F}$PEPTIDE1,PEPTIDE1,1:R1-7:R2$$$",-5.93100000,ok,,flexible
"PEPTIDE1{dA.meL.G.L.Me_dL.F.A}$PEPTIDE1,PEPTIDE1,1:R1-7:R2$$$",-5.79500000,ok,,flexible
"PEPTIDE1{meA.Ser(tBu).Me_dL.Me_dA.dL.L.P}$PEPTIDE1,PEPTIDE1,1:R1-7:R2$$$",-5.44900000,ok,,flexible
"PEPTIDE1{Pr_Gly.F.Me_dL.L.meL.meF.meL}$PEPTIDE1,PEPTIDE1,1:R1-7:R2$$$",-5.49200000,ok,,flexible
"PEPTIDE1{dF.L.meL.T.meA.Ala(5-Tet).V}$PEPTIDE1,PEPTIDE1,1:R1-7:R2$$$",-5.51200000,ok,,flexible
"PEPTIDE1{A.L.meS.T.meL.Ala(5-Tet).I}$PEPTIDE1,PEPTIDE1,1:R1-7:R2$$$",-5.53200000,ok,,flexible
"PEPTIDE1{dA.meS.V.T.meL.meF.dP}$PEPTIDE1,PEPTIDE1,1:R1-7:R2$$$",-6.14300000,ok,,flexible
"PEPTIDE1{meL.L.meL.Mono86.I.T.Me_dL}$PEPTIDE1,PEPTIDE1,1:R1-7:R2$$$",-5.75700000,ok,,flexible
"PEPTIDE1{Me_dA.Abu.P.meL.L.Me_dL.meF}$PEPTIDE1,PEPTIDE1,1:R1-7:R2$$$",-6.00600000,ok,,flexible
"PEPTIDE1{dA.meF.T.meL.F.meA.V}$PEPTIDE1,PEPTIDE1,1:R1-7:R2$$$",-7.00000000,ok,,flexible
"PEPTIDE1{dV.L.meL.T.meS.meA.Abu}$PEPTIDE1,PEPTIDE1,1:R1-7:R2$$$",-6.11200000,ok,,flexible
"PEPTIDE1{dV.dP.I.meL.L.L.dL}$PEPTIDE1,PEPTIDE1,1:R1-7:R2$$$",-5.41100000,ok,,flexible
"PEPTIDE1{meA.Me_Phe(3-Cl).Me_dA.dL.L.L.meL}$PEPTIDE1,PEPTIDE1,1:R1-7:R2$$$",-5.95500000,ok,,flexible
"PEPTIDE1{F.A.meA.Ala(5-Tet).L.Me_dL.meF}$PEPTIDE1,PEPTIDE1,1:R1-7:R2$$$",-6.08700000,ok,,flexible
"PEPTIDE1{meA.meL.meF.dL.V.Me_dL.G}$PEPTIDE1,PEPTIDE1,1:R1-7:R2$$$",-5.40000000,ok,,flexible
"PEPTIDE1{dV.meF.T.meL.V.meS.Sar}$PEPTIDE1,PEPTIDE1,1:R1-7:R2$$$",-5.55600000,ok,,flexible
"PEPTIDE1{Sar.P.meA.V.dL.Me_dL.meL}$PEPTIDE1,PEPTIDE1,1:R1-7:R2$$$",-5.39000000,ok,,flexible
"PEPTIDE1{dF.Me_Nle.A.meL.dL.Ser(tBu).I}$PEPTIDE1,PEPTIDE1,1:R1-7:R2$$$",-5.16800000,ok,,flexible
"PEPTIDE1{Me_Bal.A.meA.dP.Me_dL.dL.meL}$PEPTIDE1,PEPTIDE1,1:R1-7:R2$$$",-5.82900000,ok,,flexible
"PEPTIDE1{dF.Me_Nle.pentyl_Gly.P.I.L.Ser(tBu)}$PEPTIDE1,PEPTIDE1,1:R1-7:R2$$$",-5.05200000,ok,,flexible
"PEPTIDE1{Me_Bal.cHexCH2_Gly.L.meL.Me_Phe(3-Cl).P.meL}$PEPTIDE1,PEPTIDE1,1:R1-7:R2$$$",-6.17800000,ok,,flexible
"PEPTIDE1{P.T.T.P.meL.dP.L}$PEPTIDE1,PEPTIDE1,1:R1-7:R2$$$",-6.33100000,ok,,flexible
"PEPTIDE1{Me_Bal.L.V.Me_dL.P.meL.meV}$PEPTIDE1,PEPTIDE1,1:R1-7:R2$$$",-6.24200000,ok,,flexible
"PEPTIDE1{dA.A.V.Me_dA.Me_dL.dP.dL}$PEPTIDE1,PEPTIDE1,1:R1-7:R2$$$",-6.10900000,ok,,flexible
"PEPTIDE1{Mono6.pentyl_Gly.A.dP.meL.I.Ser(tBu)}$PEPTIDE1,PEPTIDE1,1:R1-7:R2$$$",-6.18200000,ok,,flexible
"PEPTIDE1{Me_Bal.Mono38.pentyl_Gly.Me_Nle.cHexCH2_Gly.I.3Pal}$PEPTIDE1,PEPTIDE1,1:R1-7:R2$$$",-4.94200000,ok,,flexible
"PEPTIDE1{meL.Sar.T.Me_dL.F.A.meA}$PEPTIDE1,PEPTIDE1,1:R1-7:R2$$$",-6.82400000,ok,,flexible
"PEPTIDE1{Me_Bal.V.L.meA.meL.A.L}$PEPTIDE1,PEPTIDE1,1:R1-7:R2$$$",-6.29800000,ok,,flexible
"PEPTIDE1{dV.T.L.meL.dL.meA.meL}$PEPTIDE1,PEPTIDE1,1:R1-7:R2$$$",-5.36800000,ok,,flexible
"PEPTIDE1{Me_dA.meL.meA.Sar.meS.Abu.P}$PEPTIDE1,PEPTIDE1,1:R1-7:R2$$$",-5.90200000,ok,,flexible
"PEPTIDE1{F.dP.meL.Me_dA.L.meA.meS}$PEPTIDE1,PEPTIDE1,1:R1-7:R2$$$",-6.31300000,ok,,flexible
"PEPTIDE1{Me_dA.T.Sar.dL.meA.P.L}$PEPTIDE1,PEPTIDE1,1:R1-7:R2$$$",-6.36100000,ok,,flexible
"PEPTIDE1{meA.T.meL.meL.V.dL.F}$PEPTIDE1,PEPTIDE1,1:R1-7:R2$$$",-5.51000000,ok,,flexible
"PEPTIDE1{Mono6.Abu.meA.meS.Me_dL.meF.L}$PEPTIDE1,PEPTIDE1,1:R1-7:R2$$$",-5.65900000,ok,,flexible
"PEPTIDE1{F.A.dL.meF.T.L.meA}$PEPTIDE1,PEPTIDE1,1:R1-7:R2$$$",-5.99500000,ok,,flexible
"PEPTIDE1{Me_dA.meA.Me_dL.meL.Sar.F.meV}$PEPTIDE1,PEPTIDE1,1:R1-7:R2$$$",-6.39200000,ok,,flexible
"PEPTIDE1{dV.L.Aoc(2).T.dL.meS.A}$PEPTIDE1,PEPTIDE1,1:R1-7:R2$$$",-5.69100000,ok,,flexible
"PEPTIDE1{dA.cHexCH2_Gly.I.Ser(tBu).L.A.T}$PEPTIDE1,PEPTIDE1,1:R1-7:R2$$$",-5.52900000,ok,,flexible
"PEPTIDE1{dV.G.F.V.T.Ser(tBu).I}$PEPTIDE1,PEPTIDE1,1:R1-7:R2$$$",-5.10500000,ok,,flexible
"PEPTIDE1{Me_dA.meL.F.A.meA.I.meF}$PEPTIDE1,PEPTIDE1,1:R1-7:R2$$$",-7.16000000,ok,,flexible
"PEPTIDE1{dV.dL.A.dA.V.meL.meF}$PEPTIDE1,PEPTIDE1,1:R1-7:R2$$$",-6.50700000,ok,,flexible
"PEPTIDE1{Me_dA.meA.meL.meS.Phe(4-CF3).A.meS}$PEPTIDE1,PEPTIDE1,1:R1-7:R2$$$",-6.34600000,ok,,flexible
"PEPTIDE1{Me_Bal.pentyl_Gly.dL.Ser(tBu).dP.dL.F}$PEPTIDE1,PEPTIDE1,1:R1-7:R2$$$",-5.17900000,ok,,flexible
"PEPTIDE1{dA.A.dL.meF.Ser(tBu).meL.T}$PEPTIDE1,PEPTIDE1,1:R1-7:R2$$$",-5.49400000,ok,,flexible
"PEPTIDE1{dA.Me_dL.Me_dA.meL.V.P.F}$PEPTIDE1,PEPTIDE1,1:R1-7:R2$$$",-6.35800000,ok,,flexible
"PEPTIDE1{dV.meA.Pr_Gly.dL.meL.Me_dA.V}$PEPTIDE1,PEPTIDE1,1:R1-7:R2$$$",-5.31500000,ok,,flexible
"PEPTIDE1{A.meL.meL.T.Sar.meS.Me_dA}$PEPTIDE1,PEPTIDE1,1:R1-7:R2$$$",-6.16700000,ok,,flexible
"PEPTIDE1{Pr_Gly.meL.P.dP.T.Me_dL.P}$PEPTIDE1,PEPTIDE1,1:R1-7:R2$$$",-5.56300000,ok,,flexible
"PEPTIDE1{F.V.meL.meA.meF.L.Me_dL}$PEPTIDE1,PEPTIDE1,1:R1-7:R2$$$",-5.17300000,ok,,flexible
"PEPTIDE1{A.meL.meA.dP.V.meF.F}$PEPTIDE1,PEPTIDE1,1:R1-7:R2$$$",-6.70000000,ok,,flexible
"PEPTIDE1{dA.Pr_Gly.dPye.A.Me_dL.meF.L}$PEPTIDE1,PEPTIDE1,1:R1-7:R2$$$",-5.35100000,ok,,flexible
"PEPTIDE1{Mono6.T.P.meL.dL.Me_dL.L}$PEPTIDE1,PEPTIDE1,1:R1-7:R2$$$",-5.69200000,ok,,flexible
"PEPTIDE1{L.3Pal.cHexCH2_Gly.P.L.Ser(tBu).D}$PEPTIDE1,PEPTIDE1,1:R1-7:R2$$$",-5.63700000,ok,,flexible
"PEPTIDE1{meA.A.Abu.T.V.L.F}$PEPTIDE1,PEPTIDE1,1:R1-7:R2$$$",-6.10800000,ok,,flexible
"PEPTIDE1{dV.T.P.I.Me_dL.A.meA}$PEPTIDE1,PEPTIDE1,1:R1-7:R2$$$",-5.77300000,ok,,flexible
"PEPTIDE1{Me_dA.meA.A.Me_dL.Abu.meS.dL}$PEPTIDE1,PEPTIDE1,1:R1-7:R2$$$",-6.17600000,ok,,flexible
"PEPTIDE1{dF.dP.meL.A.T.L.meS}$PEPTIDE1,PEPTIDE1,1:R1-7:R2$$$",-5.88300000,ok,,flexible
"PEPTIDE1{dV.meL.A.meV.meA.Me_dL.dL}$PEPTIDE1,PEPTIDE1,1:R1-7:R2$$$",-5.66400000,ok,,flexible
"PEPTIDE1{L.T.A.Sar.meL.meF.V}$PEPTIDE1,PEPTIDE1,1:R1-7:R2$$$",-5.23800000,ok,,flexible
"PEPTIDE1{meA.T.Me_dL.A.meS.T.Me_dL}$PEPTIDE1,PEPTIDE1,1:R1-7:R2$$$",-5.53900000,ok,,flexible
"PEPTIDE1{dV.L.T.A.Aoc(2).meL.meS}$PEPTIDE1,PEPTIDE1,1:R1-7:R2$$$",-4.77300000,ok,,flexible
"PEPTIDE1{Me_Bal.meA.V.meF.F.dP.Me_dL}$PEPTIDE1,PEPTIDE1,1:R1-7:R2$$$",-6.22800000,ok,,flexible
"PEPTIDE1{dV.Pr_Gly.Ser(tBu).Me_dL.V.I.F}$PEPTIDE1,PEPTIDE1,1:R1-7:R2$$$",-5.99100000,ok,,flexible
"PEPTIDE1{Me_Bal.dA.F.I.L.Ser(tBu).T}$PEPTIDE1,PEPTIDE1,1:R1-7:R2$$$",-5.61300000,ok,,flexible
"PEPTIDE1{Me_Bal.A.cHexCH2_Gly.P.G.Me_dL.A}$PEPTIDE1,PEPTIDE1,1:R1-7:R2$$$",-6.55000000,ok,,flexible
"PEPTIDE1{Me_Bal.meL.Ser(tBu).L.A.T.dL}$PEPTIDE1,PEPTIDE1,1:R1-7:R2$$$",-5.47700000,ok,,flexible
"PEPTIDE1{Me_dA.meA.T.P.meF.meL.T}$PEPTIDE1,PEPTIDE1,1:R1-7:R2$$$",-6.29000000,ok,,flexible
"PEPTIDE1{Me_Bal.meA.T.L.meY.Ser(tBu).I}$PEPTIDE1,PEPTIDE1,1:R1-7:R2$$$",-5.68700000,ok,,flexible
"PEPTIDE1{meA.A.pentyl_Gly.meL.Me_dL.dL.I}$PEPTIDE1,PEPTIDE1,1:R1-7:R2$$$",-5.04500000,ok,,flexible
"PEPTIDE1{F.I.Ala(5-Tet).L.Sar.meL.meS}$PEPTIDE1,PEPTIDE1,1:R1-7:R2$$$",-5.75300000,ok,,flexible
"PEPTIDE1{dF.A.meS.L.dP.Me_dL.meF}$PEPTIDE1,PEPTIDE1,1:R1-7:R2$$$",-6.59500000,ok,,flexible
"PEPTIDE1{Me_dA.meA.Me_dL.meF.dV.dP.F}$PEPTIDE1,PEPTIDE1,1:R1-7:R2$$$",-6.52400000,ok,,flexible
"PEPTIDE1{Me_dA.F.meL.I.Me_dL.G.P}$PEPTIDE1,PEPTIDE1,1:R1-7:R2$$$",-6.07400000,ok,,flexible
"PEPTIDE1{dV.L.T.Me_dL.meS.dL.meL}$PEPTIDE1,PEPTIDE1,1:R1-7:R2$$$",-5.72800000,ok,,flexible
"PEPTIDE1{Me_Bal.pentyl_Gly.T.dP.L.A.Me_dL}$PEPTIDE1,PEPTIDE1,1:R1-7:R2$$$",-7.02600000,ok,,flexible
"PEPTIDE1{dV.G.Me_dL.T.meL.meL.F}$PEPTIDE1,PEPTIDE1,1:R1-7:R2$$$",-5.44800000,ok,,flexible
"PEPTIDE1{Me_dA.Me_Phe(3-Cl).L.L.meL.Ser(tBu).A}$PEPTIDE1,PEPTIDE1,1:R1-7:R2$$$",-5.58300000,ok,,flexible
"PEPTIDE1{meA.L.Ala(5-Tet).meL.T.A.dL}$PEPTIDE1,PEPTIDE1,1:R1-7:R2$$$",-6.24500000,ok,,flexible
"PEPTIDE1{meA.Pr_Gly.T.Me_dL.dV.P.L}$PEPTIDE1,PEPTIDE1,1:R1-7:R2$$$",-5.52200000,ok,,flexible
"PEPTIDE1{meA.A.meF.L.Abu.Ala(5-Tet).Aoc(2)}$PEPTIDE1,PEPTIDE1,1:R1-7:R2$$$",-5.89900000,ok,,flexible
"PEPTIDE1{F.meS.Ala(5-Tet).L.A.D.T}$PEPTIDE1,PEPTIDE1,1:R1-7:R2$$$",-6.29300000,ok,,flexible
"PEPTIDE1{dV.A.Me_dL.meF.V.L.T}$PEPTIDE1,PEPTIDE1,1:R1-7:R2$$$",-6.41100000,ok,,flexible
"PEPTIDE1{Me_dA.dA.Me_dL.F.meV.L.V}$PEPTIDE1,PEPTIDE1,1:R1-7:R2$$$",-6.49300000,ok,,flexible
"PEPTIDE1{Pr_Gly.meL.meA.meF.dP.I.Me_dL}$PEPTIDE1,PEPTIDE1,1:R1-7:R2$$$",-5.43300000,ok,,flexible
"PEPTIDE1{meA.meL.meF.dP.meL.P.T}$PEPTIDE1,PEPTIDE1,1:R1-7:R2$$$",-6.20000000,ok,,flexible
"PEPTIDE1{Me_dA.meL.T.Me_Phe(3-Cl).A.dL.meF}$PEPTIDE1,PEPTIDE1,1:R1-7:R2$$$",-6.89300000,ok,,flexible
"PEPTIDE1{A.meL.dL.Me_dA.Me_dL.V.Me_dL}$PEPTIDE1,PEPTIDE1,1:R1-7:R2$$$",-5.52900000,ok,,flexible
"PEPTIDE1{meA.meL.Me_dL.Me_dA.meA.meV.T}$PEPTIDE1,PEPTIDE1,1:R1-7:R2$$$",-6.04500000,ok,,flexible
"PEPTIDE1{dV.P.meS.meS.L.T.A}$PEPTIDE1,PEPTIDE1,1:R1-7:R2$$$",-6.05500000,ok,,flexible
"PEPTIDE1{meA.A.meL.Ser(tBu).F.meF.V}$PEPTIDE1,PEPTIDE1,1:R1-7:R2$$$",-5.97500000,ok,,flexible
"PEPTIDE1{dA.meL.meA.Me_dL.meF.meV.Ser(tBu)}$PEPTIDE1,PEPTIDE1,1:R1-7:R2$$$",-5.86800000,ok,,flexible
"PEPTIDE1{Pr_Gly.meL.meF.Sar.meL.Me_dL.V}$PEPTIDE1,PEPTIDE1,1:R1-7:R2$$$",-5.24600000,ok,,flexible
"PEPTIDE1{dV.meA.L.meS.meL.meL.A}$PEPTIDE1,PEPTIDE1,1:R1-7:R2$$$",-5.66900000,ok,,flexible
"PEPTIDE1{L.cHexCH2_Gly.A.dL.Me_dL.T.Mono78}$PEPTIDE1,PEPTIDE1,1:R1-7:R2$$$",-5.49400000,ok,,flexible
"PEPTIDE1{Sar.meL.dL.meL.T.L.T}$PEPTIDE1,PEPTIDE1,1:R1-7:R2$$$",-5.58500000,ok,,flexible
"PEPTIDE1{A.P.dL.L.T.T.Me_dA}$PEPTIDE1,PEPTIDE1,1:R1-7:R2$$$",-6.75300000,ok,,flexible
"PEPTIDE1{Mono6.P.Ser(tBu).T.L.Mono86.A}$PEPTIDE1,PEPTIDE1,1:R1-7:R2$$$",-5.76000000,ok,,flexible
"PEPTIDE1{meL.dP.dL.meA.P.T.meS}$PEPTIDE1,PEPTIDE1,1:R1-7:R2$$$",-5.76000000,ok,,flexible
"PEPTIDE1{Me_dA.meA.A.meL.Ser(tBu).meI.V}$PEPTIDE1,PEPTIDE1,1:R1-7:R2$$$",-5.91900000,ok,,flexible
"PEPTIDE1{meL.meL.Me_dL.L.V.meA.A}$PEPTIDE1,PEPTIDE1,1:R1-7:R2$$$",-5.45200000,ok,,flexible
"PEPTIDE1{Me_Bal.V.L.pentyl_Gly.meL.Ser(tBu).F}$PEPTIDE1,PEPTIDE1,1:R1-7:R2$$$",-4.92300000,ok,,flexible
"PEPTIDE1{L.G.meA.meV.T.V.A}$PEPTIDE1,PEPTIDE1,1:R1-7:R2$$$",-6.48500000,ok,,flexible
"PEPTIDE1{F.meL.T.meF.T.meA.meS}$PEPTIDE1,PEPTIDE1,1:R1-7:R2$$$",-5.48500000,ok,,flexible
"PEPTIDE1{dP.Me_dL.meL.meF.meA.Me_dL.V}$PEPTIDE1,PEPTIDE1,1:R1-7:R2$$$",-6.40900000,ok,,flexible
"PEPTIDE1{dA.T.Ala(5-Tet).meS.Abu.L.Sar}$PEPTIDE1,PEPTIDE1,1:R1-7:R2$$$",-6.21800000,ok,,flexible
"PEPTIDE1{dV.meS.T.A.meL.L.meF}$PEPTIDE1,PEPTIDE1,1:R1-7:R2$$$",-5.71200000,ok,,flexible
"PEPTIDE1{A.P.meF.meA.L.I.T}$PEPTIDE1,PEPTIDE1,1:R1-7:R2$$$",-5.74300000,ok,,flexible
"PEPTIDE1{Pr_Gly.dP.cHexCH2_Gly.L.Mono84.meL.P}$PEPTIDE1,PEPTIDE1,1:R1-7:R2$$$",-6.31500000,ok,,flexible
"PEPTIDE1{Mono6.meF.L.A.T.dL.meL}$PEPTIDE1,PEPTIDE1,1:R1-7:R2$$$",-5.55100000,ok,,flexible
"PEPTIDE1{Me_dA.cHexCH2_Gly.dL.L.meL.meA.meF}$PEPTIDE1,PEPTIDE1,1:R1-7:R2$$$",-5.97100000,ok,,flexible
"PEPTIDE1{Me_Bal.meL.T.P.Me_dL.L.Mono78}$PEPTIDE1,PEPTIDE1,1:R1-7:R2$$$",-6.52600000,ok,,flexible
"PEPTIDE1{dA.meA.meL.F.meI.Me_dL.V}$PEPTIDE1,PEPTIDE1,1:R1-7:R2$$$",-6.01200000,ok,,flexible
"PEPTIDE1{meA.F.meL.T.T.L.meF}$PEPTIDE1,PEPTIDE1,1:R1-7:R2$$$",-5.88400000,ok,,flexible
"PEPTIDE1{Me_dA.meL.T.meA.dL.F.P}$PEPTIDE1,PEPTIDE1,1:R1-7:R2$$$",-6.53000000,ok,,flexible
"PEPTIDE1{F.meA.P.L.meL.L.dL}$PEPTIDE1,PEPTIDE1,1:R1-7:R2$$$",-6.20400000,ok,,flexible
"PEPTIDE1{Me_dA.dPye.V.meA.G.Ser(tBu).L}$PEPTIDE1,PEPTIDE1,1:R1-7:R2$$$",-5.87900000,ok,,flexible
"PEPTIDE1{P.Me_Phe(3-Cl).cHexCH2_Gly.A.T.Mono84.dL}$PEPTIDE1,PEPTIDE1,1:R1-7:R2$$$",-7.18600000,ok,,flexible
"PEPTIDE1{Me_dA.dA.meL.meA.A.V.F}$PEPTIDE1,PEPTIDE1,1:R1-7:R2$$$",-7.01200000,ok,,flexible
"PEPTIDE1{A.meL.dL.V.Me_dL.meL.Bn_Gly}$PEPTIDE1,PEPTIDE1,1:R1-7:R2$$$",-5.81400000,ok,,flexible
"PEPTIDE1{Me_dA.A.L.V.Ser(tBu).dA.meL}$PEPTIDE1,PEPTIDE1,1:R1-7:R2$$$",-5.82900000,ok,,flexible
"PEPTIDE1{Me_Bal.Me_dL.meS.A.Me_dA.P.meA}$PEPTIDE1,PEPTIDE1,1:R1-7:R2$$$",-5.98500000,ok,,flexible
"PEPTIDE1{dA.Me_dAbu.A.T.L.T.meS}$PEPTIDE1,PEPTIDE1,1:R1-7:R2$$$",-5.91300000,ok,,flexible
"PEPTIDE1{Me_Bal.A.Ser(tBu).meL.F.dL.Me_dL}$PEPTIDE1,PEPTIDE1,1:R1-7:R2$$$",-6.04800000,ok,,flexible
"PEPTIDE1{Me_dA.Pr_Gly.meF.dL.meA.V.Me_dL}$PEPTIDE1,PEPTIDE1,1:R1-7:R2$$$",-5.89700000,ok,,flexible
"PEPTIDE1{A.T.V.meF.meA.T.dL}$PEPTIDE1,PEPTIDE1,1:R1-7:R2$$$",-6.07900000,ok,,flexible
"PEPTIDE1{meA.meF.L.Ser(tBu).V.T.meA}$PEPTIDE1,PEPTIDE1,1:R1-7:R2$$$",-5.99400000,ok,,flexible
"PEPTIDE1{dV.meL.meA.Ser(tBu).L.cHexCH2_Gly.T}$PEPTIDE1,PEPTIDE1,1:R1-7:R2$$$",-4.95100000,ok,,flexible
"PEPTIDE1{F.T.L.meL.T.dL.meL}$PEPTIDE1,PEPTIDE1,1:R1-7:R2$$$",-5.12800000,ok,,flexible
"PEPTIDE1{F.meA.Me_dL.meL.Me_dA.T.meS}$PEPTIDE1,PEPTIDE1,1:R1-7:R2$$$",-6.51400000,ok,,flexible
"PEPTIDE1{dV.pentyl_Gly.T.A.Me_dL.V.meV}$PEPTIDE1,PEPTIDE1,1:R1-7:R2$$$",-5.60000000,ok,,flexible
"PEPTIDE1{dV.meL.Pr_Gly.dL.Me_dL.meL.F}$PEPTIDE1,PEPTIDE1,1:R1-7:R2$$$",-5.04800000,ok,,flexible
"PEPTIDE1{F.A.meA.T.meS.Abu.meL}$PEPTIDE1,PEPTIDE1,1:R1-7:R2$$$",-5.91200000,ok,,flexible
"PEPTIDE1{meA.F.Me_dL.V.P.meL.dL}$PEPTIDE1,PEPTIDE1,1:R1-7:R2$$$",-5.80800000,ok,,flexible
"PEPTIDE1{dA.Ala(5-Tet).meS.I.L.L.meL}$PEPTIDE1,PEPTIDE1,1:R1-7:R2$$$",-5.12400000,ok,,flexible
"PEPTIDE1{Me_Bal.Pr_Gly.Me_Phe(3-Cl).L.F.T.dL}$PEPTIDE1,PEPTIDE1,1:R1-7:R2$$$",-5.45300000,ok,,flexible
"PEPTIDE1{Me_Bal.A.Me_dL.meL.L.Sar.T}$PEPTIDE1,PEPTIDE1,1:R1-7:R2$$$",-6.01900000,ok,,flexible
"PEPTIDE1{Pr_Gly.Ser(tBu).meF.meA.dP.L.T}$PEPTIDE1,PEPTIDE1,1:R1-7:R2$$$",-5.37600000,ok,,flexible
"PEPTIDE1{dA.Me_dL.Pr_Gly.V.L.meF.P}$PEPTIDE1,PEPTIDE1,1:R1-7:R2$$$",-5.92200000,ok,,flexible
"PEPTIDE1{meL.A.meS.A.L.T.Ala(5-Tet)}$PEPTIDE1,PEPTIDE1,1:R1-7:R2$$$",-5.57300000,ok,,flexible
"PEPTIDE1{dA.L.meL.V.A.dP.I}$PEPTIDE1,PEPTIDE1,1:R1-7:R2$$$",-5.40000000,ok,,flexible
"PEPTIDE1{meA.L.T.meL.Me_dL.V.T}$PEPTIDE1,PEPTIDE1,1:R1-7:R2$$$",-5.68000000,ok,,flexible
"PEPTIDE1{meL.L.meS.T.meS.A.A}$PEPTIDE1,PEPTIDE1,1:R1-7:R2$$$",-5.88400000,ok,,flexible
"PEPTIDE1{Me_dA.dL.T.meL.meA.Ser(tBu).A}$PEPTIDE1,PEPTIDE1,1:R1-7:R2$$$",-6.31500000,ok,,flexible
"PEPTIDE1{Pr_Gly.meF.meV.L.V.meA.T}$PEPTIDE1,PEPTIDE1,1:R1-7:R2$$$",-5.31300000,ok,,flexible
"PEPTIDE1{A.T.meL.V.dV.meA.meA}$PEPTIDE1,PEPTIDE1,1:R1-7:R2$$$",-6.06600000,ok,,flexible
"PEPTIDE1{meA.T.Me_dL.V.meF.meL.meL}$PEPTIDE1,PEPTIDE1,1:R1-7:R2$$$",-6.16000000,ok,,flexible
"PEPTIDE1{Me_dA.L.meF.meL.Sar.T.Me_dL}$PEPTIDE1,PEPTIDE1,1:R1-7:R2$$$",-6.40200000,ok,,flexible
"PEPTIDE1{Me_dA.dP.meL.P.Me_dL.meL.meF}$PEPTIDE1,PEPTIDE1,1:R1-7:R2$$$",-5.56800000,ok,,flexible
"PEPTIDE1{Me_dA.L.I.meA.L.T.Ala(5-Tet)}$PEPTIDE1,PEPTIDE1,1:R1-7:R2$$$",-6.00500000,ok,,flexible
"PEPTIDE1{meA.meF.V.Bn_Gly.meL.T.L}$PEPTIDE1,PEPTIDE1,1:R1-7:R2$$$",-5.56400000,ok,,flexible
"PEPTIDE1{meA.Ala(5-Tet).A.Abu.Aoc(2).L.meF}$PEPTIDE1,PEPTIDE1,1:R1-7:R2$$$",-5.46200000,ok,,flexible
"PEPTIDE1{L.meF.meF.L.meA.T.meL}$PEPTIDE1,PEPTIDE1,1:R1-7:R2$$$",-5.48900000,ok,,flexible
"PEPTIDE1{Me_dA.Me_dL.Me_dAbu.meA.meF.meS.Abu}$PEPTIDE1,PEPTIDE1,1:R1-7:R2$$$",-6.12700000,ok,,flexible
"PEPTIDE1{dA.L.meL.T.dP.V.meF}$PEPTIDE1,PEPTIDE1,1:R1-7:R2$$$",-5.36700000,ok,,flexible
"PEPTIDE1{meA.T.Aoc(2).Ser(tBu).Sar.I.L}$PEPTIDE1,PEPTIDE1,1:R1-7:R2$$$",-4.85800000,ok,,flexible
"PEPTIDE1{Me_dA.meS.A.P.Ser(tBu).meF.I}$PEPTIDE1,PEPTIDE1,1:R1-7:R2$$$",-6.32000000,ok,,flexible
"PEPTIDE1{L.meS.Abu.meL.meF.P.F}$PEPTIDE1,PEPTIDE1,1:R1-7:R2$$$",-5.85800000,ok,,flexible
"PEPTIDE1{meA.T.meF.A.dL.Abu.T}$PEPTIDE1,PEPTIDE1,1:R1-7:R2$$$",-5.93700000,ok,,flexible
"PEPTIDE1{Mono6.A.dL.meL.Me_dA.L.meS}$PEPTIDE1,PEPTIDE1,1:R1-7:R2$$$",-6.35200000,ok,,flexible
"PEPTIDE1{Pr_Gly.P.dP.V.T.meL.Ser(tBu)}$PEPTIDE1,PEPTIDE1,1:R1-7:R2$$$",-5.54900000,ok,,flexible
"PEPTIDE1{Me_dA.A.T.meF.pentyl_Gly.L.meL}$PEPTIDE1,PEPTIDE1,1:R1-7:R2$$$",-5.60500000,ok,,flexible
"PEPTIDE1{Sar.meA.I.A.L.T.Me_dL}$PEPTIDE1,PEPTIDE1,1:R1-7:R2$$$",-6.39200000,ok,,flexible
"PEPTIDE1{meA.L.F.meL.meV.V.Ser(tBu)}$PEPTIDE1,PEPTIDE1,1:R1-7:R2$$$",-5.70300000,ok,,flexible
"PEPTIDE1{Mono6.pentyl_Gly.G.meA.Mono86.T.L}$PEPTIDE1,PEPTIDE1,1:R1-7:R2$$$",-6.30200000,ok,,flexible
"PEPTIDE1{Me_dA.meA.dP.L.Me_dL.meY.meS}$PEPTIDE1,PEPTIDE1,1:R1-7:R2$$$",-6.45700000,ok,,flexible
"PEPTIDE1{meA.pentyl_Gly.L.Mono78.meL.meL.L}$PEPTIDE1,PEPTIDE1,1:R1-7:R2$$$",-5.42900000,ok,,flexible
"PEPTIDE1{dV.meA.Pr_Gly.A.meL.F.Ser(tBu)}$PEPTIDE1,PEPTIDE1,1:R1-7:R2$$$",-5.18900000,ok,,flexible
"PEPTIDE1{dF.Pr_Gly.L.L.meL.Me_Phe(3-Cl).Et_Gly}$PEPTIDE1,PEPTIDE1,1:R1-7:R2$$$",-5.12000000,ok,,flexible
"PEPTIDE1{Mono6.A.T.meS.T.meS.L}$PEPTIDE1,PEPTIDE1,1:R1-7:R2$$$",-5.76200000,ok,,flexible
"PEPTIDE1{A.P.meA.meL.Me_dL.Ser(tBu).T}$PEPTIDE1,PEPTIDE1,1:R1-7:R2$$$",-5.63100000,ok,,flexible
"PEPTIDE1{A.meS.meL.L.meL.Me_dA.T}$PEPTIDE1,PEPTIDE1,1:R1-7:R2$$$",-5.62400000,ok,,flexible
"PEPTIDE1{Me_dA.dP.A.dA.L.meF.dL}$PEPTIDE1,PEPTIDE1,1:R1-7:R2$$$",-6.56200000,ok,,flexible
"PEPTIDE1{meA.meL.A.L.dV.Me_dL.T}$PEPTIDE1,PEPTIDE1,1:R1-7:R2$$$",-6.12600000,ok,,flexible
"PEPTIDE1{meA.A.L.meF.Sar.F.T}$PEPTIDE1,PEPTIDE1,1:R1-7:R2$$$",-7.40000000,ok,,flexible
"PEPTIDE1{dA.T.L.Me_dL.meL.meA.Aoc(2)}$PEPTIDE1,PEPTIDE1,1:R1-7:R2$$$",-5.03700000,ok,,flexible
"PEPTIDE1{Me_dA.Pr_Gly.Me_dL.meA.meL.L.dL}$PEPTIDE1,PEPTIDE1,1:R1-7:R2$$$",-4.94900000,ok,,flexible
"PEPTIDE1{dV.meS.Abu.L.A.T.A}$PEPTIDE1,PEPTIDE1,1:R1-7:R2$$$",-5.53500000,ok,,flexible
"PEPTIDE1{Me_dA.cHexCH2_Gly.L.Ser(tBu).Mono38.L.pentyl_Gly}$PEPTIDE1,PEPTIDE1,1:R1-7:R2$$$",-5.32400000,ok,,flexible
"PEPTIDE1{meA.meL.L.T.A.dL.Ser(tBu)}$PEPTIDE1,PEPTIDE1,1:R1-7:R2$$$",-5.47300000,ok,,flexible
"PEPTIDE1{dF.P.meA.Ser(tBu).meL.L.L}$PEPTIDE1,PEPTIDE1,1:R1-7:R2$$$",-5.56600000,ok,,flexible
"PEPTIDE1{dA.T.A.Me_dL.P.meL.meA}$PEPTIDE1,PEPTIDE1,1:R1-7:R2$$$",-5.70500000,ok,,flexible
"PEPTIDE1{dF.meA.P.L.meL.meF.meY}$PEPTIDE1,PEPTIDE1,1:R1-7:R2$$$",-5.82000000,ok,,flexible
"PEPTIDE1{dP.meF.meA.A.meL.Me_dL.T}$PEPTIDE1,PEPTIDE1,1:R1-7:R2$$$",-6.68300000,ok,,flexible
"PEPTIDE1{P.Pr_Gly.meA.L.V.meL.Me_Phe(3-Cl)}$PEPTIDE1,PEPTIDE1,1:R1-7:R2$$$",-5.57700000,ok,,flexible
"PEPTIDE1{dF.A.dL.T.Ser(tBu).Me_Phe(3-Cl).F}$PEPTIDE1,PEPTIDE1,1:R1-7:R2$$$",-6.58700000,ok,,flexible
"PEPTIDE1{dF.A.F.L.Ser(tBu).L.Mono38}$PEPTIDE1,PEPTIDE1,1:R1-7:R2$$$",-5.47900000,ok,,flexible
"PEPTIDE1{dA.L.T.meA.Me_dL.meL.meL}$PEPTIDE1,PEPTIDE1,1:R1-7:R2$$$",-6.12900000,ok,,flexible
"PEPTIDE1{F.Mono38.Mono84.Ser(tBu).L.dL.meL}$PEPTIDE1,PEPTIDE1,1:R1-7:R2$$$",-6.07600000,ok,,flexible
"PEPTIDE1{Me_dA.meV.L.meA.dL.G.V}$PEPTIDE1,PEPTIDE1,1:R1-7:R2$$$",-5.59100000,ok,,flexible
"PEPTIDE1{dA.meS.L.meL.A.A.Sar}$PEPTIDE1,PEPTIDE1,1:R1-7:R2$$$",-5.87300000,ok,,flexible
"PEPTIDE1{A.meL.L.T.meF.D.meL}$PEPTIDE1,PEPTIDE1,1:R1-7:R2$$$",-5.41900000,ok,,flexible
"PEPTIDE1{Pr_Gly.cHexCH2_Gly.Mono86.L.Ser(tBu).V.L}$PEPTIDE1,PEPTIDE1,1:R1-7:R2$$$",-5.77200000,ok,,flexible
"PEPTIDE1{P.dA.L.P.dP.T.dL}$PEPTIDE1,PEPTIDE1,1:R1-7:R2$$$",-6.37900000,ok,,flexible
"PEPTIDE1{meA.T.meS.meL.meF.L.dL}$PEPTIDE1,PEPTIDE1,1:R1-7:R2$$$",-6.10700000,ok,,flexible
"PEPTIDE1{dF.pentyl_Gly.A.dP.L.Me_dL.I}$PEPTIDE1,PEPTIDE1,1:R1-7:R2$$$",-5.12700000,ok,,flexible
"PEPTIDE1{meL.A.Abu.meA.Bn_Gly.meL.F}$PEPTIDE1,PEPTIDE1,1:R1-7:R2$$$",-5.94200000,ok,,flexible
"PEPTIDE1{A.F.P.L.L.T.Abu}$PEPTIDE1,PEPTIDE1,1:R1-7:R2$$$",-6.16500000,ok,,flexible
"PEPTIDE1{meA.Me_dL.P.P.Me_dL.meL.meL}$PEPTIDE1,PEPTIDE1,1:R1-7:R2$$$",-6.00200000,ok,,flexible
"PEPTIDE1{Me_dA.meA.meF.T.meL.V.T}$PEPTIDE1,PEPTIDE1,1:R1-7:R2$$$",-6.67100000,ok,,flexible
"PEPTIDE1{Me_Bal.P.T.Me_dL.L.dL.Me_dA}$PEPTIDE1,PEPTIDE1,1:R1-7:R2$$$",-5.95800000,ok,,flexible
"PEPTIDE1{Me_dA.meA.P.T.L.meL.A}$PEPTIDE1,PEPTIDE1,1:R1-7:R2$$$",-5.96900000,ok,,flexible
"PEPTIDE1{Me_dA.F.meL.meA.Ser(tBu).Ala(5-Tet).meF}$PEPTIDE1,PEPTIDE1,1:R1-7:R2$$$",-6.06100000,ok,,flexible
"PEPTIDE1{Pr_Gly.V.T.Me_dL.Ser(tBu).L.dL}$PEPTIDE1,PEPTIDE1,1:R1-7:R2$$$",-5.02900000,ok,,flexible
"PEPTIDE1{meA.G.Me_Phe(3-Cl).Pr_Gly.V.F.meL}$PEPTIDE1,PEPTIDE1,1:R1-7:R2$$$",-5.86700000,ok,,flexible
"PEPTIDE1{meA.pentyl_Gly.meL.meL.I.Ser(tBu).L}$PEPTIDE1,PEPTIDE1,1:R1-7:R2$$$",-4.82100000,ok,,flexible
"PEPTIDE1{A.meA.V.Me_dA.dP.L.Ser(tBu)}$PEPTIDE1,PEPTIDE1,1:R1-7:R2$$$",-6.36400000,ok,,flexible
"PEPTIDE1{L.meA.meF.meS.meL.Abu.T}$PEPTIDE1,PEPTIDE1,1:R1-7:R2$$$",-5.76200000,ok,,flexible
"PEPTIDE1{Sar.F.A.V.meL.meA.G}$PEPTIDE1,PEPTIDE1,1:R1-7:R2$$$",-6.51800000,ok,,flexible
"PEPTIDE1{meL.Abu.Ala(5-Tet).meS.A.Me_dL.dL}$PEPTIDE1,PEPTIDE1,1:R1-7:R2$$$",-5.68100000,ok,,flexible
"PEPTIDE1{dV.A.Me_dA.meL.L.Ser(tBu).Me_dL}$PEPTIDE1,PEPTIDE1,1:R1-7:R2$$$",-4.97500000,ok,,flexible
"PEPTIDE1{dV.T.Me_dL.A.meA.L.dL}$PEPTIDE1,PEPTIDE1,1:R1-7:R2$$$",-5.74000000,ok,,flexible
"PEPTIDE1{Me_dA.meL.T.meA.Abu.meA.L}$PEPTIDE1,PEPTIDE1,1:R1-7:R2$$$",-5.85100000,ok,,flexible
"PEPTIDE1{meA.V.I.Ser(tBu).L.T.A}$PEPTIDE1,PEPTIDE1,1:R1-7:R2$$$",-5.63800000,ok,,flexible
"PEPTIDE1{dA.T.meS.Abu.Sar.Aoc(2).Ala(5-Tet)}$PEPTIDE1,PEPTIDE1,1:R1-7:R2$$$",-5.63500000,ok,,flexible
"PEPTIDE1{meA.F.T.T.meL.dL.L}$PEPTIDE1,PEPTIDE1,1:R1-7:R2$$$",-5.42300000,ok,,flexible
"PEPTIDE1{Mono6.meA.P.T.Abu.meS.L}$PEPTIDE1,PEPTIDE1,1:R1-7:R2$$$",-6.35400000,ok,,flexible
"PEPTIDE1{Mono6.A.L.Abu.Sar.meA.meL}$PEPTIDE1,PEPTIDE1,1:R1-7:R2$$$",-5.79900000,ok,,flexible
"PEPTIDE1{dA.pentyl_Gly.V.L.I.dP.meF}$PEPTIDE1,PEPTIDE1,1:R1-7:R2$$$",-5.77900000,ok,,flexible
"PEPTIDE1{Mono6.Me_dL.meA.G.dP.meL.V}$PEPTIDE1,PEPTIDE1,1:R1-7:R2$$$",-6.36400000,ok,,flexible
"PEPTIDE1{meA.meL.T.meL.meS.L.meS}$PEPTIDE1,PEPTIDE1,1:R1-7:R2$$$",-5.52100000,ok,,flexible
"PEPTIDE1{meA.Pr_Gly.dL.F.T.Ser(tBu).meL}$PEPTIDE1,PEPTIDE1,1:R1-7:R2$$$",-5.55700000,ok,,flexible
"PEPTIDE1{meL.meA.dL.Aoc(2).P.Me_dL.L}$PEPTIDE1,PEPTIDE1,1:R1-7:R2$$$",-5.25900000,ok,,flexible
"PEPTIDE1{Pr_Gly.Me_dL.T.F.V.meL.meV}$PEPTIDE1,PEPTIDE1,1:R1-7:R2$$$",-4.89600000,ok,,flexible
"PEPTIDE1{dV.T.Sar.dA.meL.meS.Me_dL}$PEPTIDE1,PEPTIDE1,1:R1-7:R2$$$",-5.94400000,ok,,flexible
"PEPTIDE1{A.meA.dP.meF.meL.T.T}$PEPTIDE1,PEPTIDE1,1:R1-7:R2$$$",-6.05900000,ok,,flexible
"PEPTIDE1{Me_Bal.dL.Me_dL.meL.A.V.L}$PEPTIDE1,PEPTIDE1,1:R1-7:R2$$$",-5.33700000,ok,,flexible
"PEPTIDE1{A.meL.dP.L.Me_dL.meF.Ser(tBu)}$PEPTIDE1,PEPTIDE1,1:R1-7:R2$$$",-5.60100000,ok,,flexible
"PEPTIDE1{dV.G.F.meF.Mono78.dP.dL}$PEPTIDE1,PEPTIDE1,1:R1-7:R2$$$",-6.53700000,ok,,flexible
"PEPTIDE1{A.T.dL.L.F.meF.meA}$PEPTIDE1,PEPTIDE1,1:R1-7:R2$$$",-6.41300000,ok,,flexible
"PEPTIDE1{L.Ala(5-Tet).meL.Ser(tBu).dP.Aoc(2).T}$PEPTIDE1,PEPTIDE1,1:R1-7:R2$$$",-5.57400000,ok,,flexible
"PEPTIDE1{Me_dA.Abu.P.T.Me_dL.T.A}$PEPTIDE1,PEPTIDE1,1:R1-7:R2$$$",-6.37800000,ok,,flexible
"PEPTIDE1{Me_Bal.V.L.I.meL.meA.G}$PEPTIDE1,PEPTIDE1,1:R1-7:R2$$$",-5.67900000,ok,,flexible
"PEPTIDE1{dA.T.meA.L.Sar.Me_dL.T}$PEPTIDE1,PEPTIDE1,1:R1-7:R2$$$",-6.53700000,ok,,flexible
"PEPTIDE1{meL.T.T.L.meS.Abu.Me_dL}$PEPTIDE1,PEPTIDE1,1:R1-7:R2$$$",-5.13400000,ok,,flexible
"PEPTIDE1{L.meS.A.meA.Me_dL.dL.P}$PEPTIDE1,PEPTIDE1,1:R1-7:R2$$$",-6.50400000,ok,,flexible
"PEPTIDE1{meF.P.L.meL.P.meA.Me_dA}$PEPTIDE1,PEPTIDE1,1:R1-7:R2$$$",-6.51300000,ok,,flexible
"PEPTIDE1{dV.dP.T.L.Me_dL.meL.A}$PEPTIDE1,PEPTIDE1,1:R1-7:R2$$$",-5.71400000,ok,,flexible
"PEPTIDE1{dF.dP.A.dP.meS.T.Me_dA}$PEPTIDE1,PEPTIDE1,1:R1-7:R2$$$",-6.87500000,ok,,flexible
"PEPTIDE1{meA.cHexCH2_Gly.Me_Nle.A.F.I.meL}$PEPTIDE1,PEPTIDE1,1:R1-7:R2$$$",-5.77200000,ok,,flexible
"PEPTIDE1{meF.dP.dP.P.meL.meA.L}$PEPTIDE1,PEPTIDE1,1:R1-7:R2$$$",-6.31900000,ok,,flexible
"PEPTIDE1{A.meA.Me_dL.T.dL.meF.L}$PEPTIDE1,PEPTIDE1,1:R1-7:R2$$$",-6.02000000,ok,,flexible
"PEPTIDE1{Mono6.P.dL.meF.meA.T.Me_dA}$PEPTIDE1,PEPTIDE1,1:R1-7:R2$$$",-7.72100000,ok,,flexible
"PEPTIDE1{dV.A.T.Sar.Ala(5-Tet).Abu.D}$PEPTIDE1,PEPTIDE1,1:R1-7:R2$$$",-6.21000000,ok,,flexible
"PEPTIDE1{dA.Abu.A.Sar.V.meF.I}$PEPTIDE1,PEPTIDE1,1:R1-7:R2$$$",-5.99000000,ok,,flexible
"PEPTIDE1{dF.L.L.meL.Ser(tBu).Mono84.dP}$PEPTIDE1,PEPTIDE1,1:R1-7:R2$$$",-5.50700000,ok,,flexible
"PEPTIDE1{Sar.Mono38.meL.L.I.A.L}$PEPTIDE1,PEPTIDE1,1:R1-7:R2$$$",-5.31100000,ok,,flexible
"PEPTIDE1{dF.A.L.F.dL.L.meL}$PEPTIDE1,PEPTIDE1,1:R1-7:R2$$$",-6.38400000,ok,,flexible
"PEPTIDE1{Me_Bal.dPye.A.meL.Me_dL.V.Me_dA}$PEPTIDE1,PEPTIDE1,1:R1-7:R2$$$",-6.17100000,ok,,flexible
"PEPTIDE1{Me_Bal.meL.Abu.meS.Me_dL.T.L}$PEPTIDE1,PEPTIDE1,1:R1-7:R2$$$",-5.26200000,ok,,flexible
"PEPTIDE1{dV.meA.dL.Me_dA.meL.A.dP}$PEPTIDE1,PEPTIDE1,1:R1-7:R2$$$",-6.12300000,ok,,flexible
"PEPTIDE1{dV.meL.A.meS.Sar.meL.meF}$PEPTIDE1,PEPTIDE1,1:R1-7:R2$$$",-6.52100000,ok,,flexible
"PEPTIDE1{L.meL.meS.meF.T.F.T}$PEPTIDE1,PEPTIDE1,1:R1-7:R2$$$",-6.39200000,ok,,flexible
"PEPTIDE1{A.pentyl_Gly.G.Me_dL.dP.T.meL}$PEPTIDE1,PEPTIDE1,1:R1-7:R2$$$",-5.64600000,ok,,flexible
"PEPTIDE1{meL.Me_Nle.Abu.meL.meS.Me_Phe(3-Cl).T}$PEPTIDE1,PEPTIDE1,1:R1-7:R2$$$",-5.91400000,ok,,flexible
"PEPTIDE1{L.T.meA.dP.meS.I.Abu}$PEPTIDE1,PEPTIDE1,1:R1-7:R2$$$",-5.62400000,ok,,flexible
"PEPTIDE1{Me_dA.Pr_Gly.V.L.Me_dL.T.dL}$PEPTIDE1,PEPTIDE1,1:R1-7:R2$$$",-5.71000000,ok,,flexible
"PEPTIDE1{meF.T.L.dL.dP.meL.meA}$PEPTIDE1,PEPTIDE1,1:R1-7:R2$$$",-6.07500000,ok,,flexible
"PEPTIDE1{Me_Bal.T.meA.meV.T.meF.F}$PEPTIDE1,PEPTIDE1,1:R1-7:R2$$$",-6.39200000,ok,,flexible
"PEPTIDE1{Me_dA.F.Pr_Gly.dL.T.Me_dL.V}$PEPTIDE1,PEPTIDE1,1:R1-7:R2$$$",-5.59100000,ok,,flexible
"PEPTIDE1{meA.pentyl_Gly.cHexCH2_Gly.L.A.T.meL}$PEPTIDE1,PEPTIDE1,1:R1-7:R2$$$",-5.60400000,ok,,flexible
"PEPTIDE1{Mono6.meA.L.Me_dA.meF.A.P}$PEPTIDE1,PEPTIDE1,1:R1-7:R2$$$",-6.80300000,ok,,flexible
"PEPTIDE1{meA.Pr_Gly.I.L.Ser(tBu).Me_dL.T}$PEPTIDE1,PEPTIDE1,1:R1-7:R2$$$",-5.75500000,ok,,flexible
"PEPTIDE1{A.L.V.meV.I.meF.F}$PEPTIDE1,PEPTIDE1,1:R1-7:R2$$$",-5.96100000,ok,,flexible
"PEPTIDE1{Me_dA.I.meA.dP.T.meL.dL}$PEPTIDE1,PEPTIDE1,1:R1-7:R2$$$",-5.29700000,ok,,flexible
"PEPTIDE1{P.cHexCH2_Gly.meA.Ser(tBu).V.dL.L}$PEPTIDE1,PEPTIDE1,1:R1-7:R2$$$",-5.96900000,ok,,flexible
"PEPTIDE1{dV.Abu.T.dL.meS.meF.V}$PEPTIDE1,PEPTIDE1,1:R1-7:R2$$$",-6.13400000,ok,,flexible
"PEPTIDE1{F.cHexCH2_Gly.meL.L.Mono86.P.Ser(tBu)}$PEPTIDE1,PEPTIDE1,1:R1-7:R2$$$",-5.53700000,ok,,flexible
"PEPTIDE1{meA.Sar.L.T.meL.dL.meL}$PEPTIDE1,PEPTIDE1,1:R1-7:R2$$$",-5.11800000,ok,,flexible
"PEPTIDE1{meA.L.T.V.meL.meL.Me_dL}$PEPTIDE1,PEPTIDE1,1:R1-7:R2$$$",-5.17000000,ok,,flexible
"PEPTIDE1{meA.meL.meS.L.T.Me_dA.meS}$PEPTIDE1,PEPTIDE1,1:R1-7:R2$$$",-5.24000000,ok,,flexible
"PEPTIDE1{Pr_Gly.T.meS.P.meA.Me_dA.meL}$PEPTIDE1,PEPTIDE1,1:R1-7:R2$$$",-5.61000000,ok,,flexible
"PEPTIDE1{meA.F.meL.dL.P.dP.meL}$PEPTIDE1,PEPTIDE1,1:R1-7:R2$$$",-6.38500000,ok,,flexible
"PEPTIDE1{meA.T.meF.D.meL.Ala(5-Tet).Mono7}$PEPTIDE1,PEPTIDE1,1:R1-7:R2$$$",-6.58100000,ok,,flexible
"PEPTIDE1{dA.meA.meL.Pr_Gly.meS.V.Me_dA}$PEPTIDE1,PEPTIDE1,1:R1-7:R2$$$",-6.23100000,ok,,flexible
"PEPTIDE1{A.meL.T.meS.dP.meA.L}$PEPTIDE1,PEPTIDE1,1:R1-7:R2$$$",-7.07300000,ok,,flexible
"PEPTIDE1{Me_Bal.F.I.meF.A.Me_dL.V}$PEPTIDE1,PEPTIDE1,1:R1-7:R2$$$",-6.08000000,ok,,flexible
"PEPTIDE1{A.Pr_Gly.meA.Ser(tBu).Me_dL.P.T}$PEPTIDE1,PEPTIDE1,1:R1-7:R2$$$",-6.03200000,ok,,flexible
"PEPTIDE1{dV.T.meL.Me_dL.meA.L.meA}$PEPTIDE1,PEPTIDE1,1:R1-7:R2$$$",-5.67200000,ok,,flexible
"PEPTIDE1{dA.meL.L.meV.P.meA.Ser(tBu)}$PEPTIDE1,PEPTIDE1,1:R1-7:R2$$$",-5.79800000,ok,,flexible
"PEPTIDE1{A.T.dL.Abu.Aoc(2).Sar.Ala(5-Tet)}$PEPTIDE1,PEPTIDE1,1:R1-7:R2$$$",-5.28400000,ok,,flexible
"PEPTIDE1{A.dV.meL.meA.V.Me_dL.T}$PEPTIDE1,PEPTIDE1,1:R1-7:R2$$$",-5.71800000,ok,,flexible
"PEPTIDE1{meA.Pr_Gly.Me_dL.meL.meL.V.L}$PEPTIDE1,PEPTIDE1,1:R1-7:R2$$$",-5.02400000,ok,,flexible
"PEPTIDE1{Sar.P.F.meF.meL.T.meA}$PEPTIDE1,PEPTIDE1,1:R1-7:R2$$$",-5.89800000,ok,,flexible
"PEPTIDE1{Me_Bal.Me_dL.meA.meL.Me_dA.V.meY}$PEPTIDE1,PEPTIDE1,1:R1-7:R2$$$",-6.52900000,ok,,flexible
"PEPTIDE1{dP.Pr_Gly.meL.F.G.V.L}$PEPTIDE1,PEPTIDE1,1:R1-7:R2$$$",-5.34900000,ok,,flexible
"PEPTIDE1{A.meL.V.T.F.I.T}$PEPTIDE1,PEPTIDE1,1:R1-7:R2$$$",-5.73500000,ok,,flexible
"PEPTIDE1{Me_dA.meL.meS.Me_dL.L.meF.dL}$PEPTIDE1,PEPTIDE1,1:R1-7:R2$$$",-5.80800000,ok,,flexible
"PEPTIDE1{Sar.I.P.Me_dL.A.dL.T}$PEPTIDE1,PEPTIDE1,1:R1-7:R2$$$",-5.48900000,ok,,flexible
"PEPTIDE1{L.F.T.Ala(5-Tet).A.meL.Aoc(2)}$PEPTIDE1,PEPTIDE1,1:R1-7:R2$$$",-5.08100000,ok,,flexible
"PEPTIDE1{dV.A.dL.meL.L.dP.L}$PEPTIDE1,PEPTIDE1,1:R1-7:R2$$$",-5.68400000,ok,,flexible
"PEPTIDE1{Me_Bal.F.meL.meL.L.T.meV}$PEPTIDE1,PEPTIDE1,1:R1-7:R2$$$",-6.25300000,ok,,flexible
"PEPTIDE1{F.L.Me_dA.dL.T.T.P}$PEPTIDE1,PEPTIDE1,1:R1-7:R2$$$",-6.25900000,ok,,flexible
"PEPTIDE1{dA.Sar.T.L.P.P.Me_dL}$PEPTIDE1,PEPTIDE1,1:R1-7:R2$$$",-6.39000000,ok,,flexible
"PEPTIDE1{dA.A.dL.F.L.meL.meS}$PEPTIDE1,PEPTIDE1,1:R1-7:R2$$$",-5.83500000,ok,,flexible
"PEPTIDE1{meL.T.Me_dL.F.meF.A.L}$PEPTIDE1,PEPTIDE1,1:R1-7:R2$$$",-5.36800000,ok,,flexible
"PEPTIDE1{dV.meL.Abu.T.meA.Sar.meS}$PEPTIDE1,PEPTIDE1,1:R1-7:R2$$$",-6.15200000,ok,,flexible
"PEPTIDE1{Pr_Gly.Me_dL.pentyl_Gly.meL.L.Ser(tBu).Mono100}$PEPTIDE1,PEPTIDE1,1:R1-7:R2$$$",-5.01500000,ok,,flexible
"PEPTIDE1{F.dV.meL.dP.dL.Me_dL.T}$PEPTIDE1,PEPTIDE1,1:R1-7:R2$$$",-5.31300000,ok,,flexible
"PEPTIDE1{F.L.Mono84.P.G.Ser(tBu).dP}$PEPTIDE1,PEPTIDE1,1:R1-7:R2$$$",-6.40000000,ok,,flexible
"PEPTIDE1{dP.L.Me_dL.Ser(tBu).T.V.meL}$PEPTIDE1,PEPTIDE1,1:R1-7:R2$$$",-5.35900000,ok,,flexible
"PEPTIDE1{dA.meL.T.I.L.Ser(tBu).A}$PEPTIDE1,PEPTIDE1,1:R1-7:R2$$$",-4.90700000,ok,,flexible
"PEPTIDE1{Me_dA.meL.T.F.T.Sar.V}$PEPTIDE1,PEPTIDE1,1:R1-7:R2$$$",-6.10600000,ok,,flexible
"PEPTIDE1{Me_dA.meF.Abu.L.meL.meA.T}$PEPTIDE1,PEPTIDE1,1:R1-7:R2$$$",-6.54900000,ok,,flexible
"PEPTIDE1{Me_Bal.L.meF.T.I.meI.meA}$PEPTIDE1,PEPTIDE1,1:R1-7:R2$$$",-6.12500000,ok,,flexible
"PEPTIDE1{L.T.dP.meF.meS.meA.dL}$PEPTIDE1,PEPTIDE1,1:R1-7:R2$$$",-6.10900000,ok,,flexible
"PEPTIDE1{dP.meL.F.Ser(tBu).Me_dL.P.meL}$PEPTIDE1,PEPTIDE1,1:R1-7:R2$$$",-5.58900000,ok,,flexible
"PEPTIDE1{Me_Bal.I.Sar.dP.meL.meA.P}$PEPTIDE1,PEPTIDE1,1:R1-7:R2$$$",-6.39200000,ok,,flexible
"PEPTIDE1{meA.Abu.T.meL.meS.meL.A}$PEPTIDE1,PEPTIDE1,1:R1-7:R2$$$",-5.63100000,ok,,flexible
"PEPTIDE1{dA.Me_dL.T.P.meL.L.meA}$PEPTIDE1,PEPTIDE1,1:R1-7:R2$$$",-6.48600000,ok,,flexible
"PEPTIDE1{Me_dA.meF.L.Aoc(2).meL.meA.A}$PEPTIDE1,PEPTIDE1,1:R1-7:R2$$$",-5.56600000,ok,,flexible
"PEPTIDE1{A.meS.meF.L.Ser(tBu).L.I}$PEPTIDE1,PEPTIDE1,1:R1-7:R2$$$",-5.19000000,ok,,flexible
"PEPTIDE1{Me_Bal.F.A.Ser(tBu).Me_dL.dL.dV}$PEPTIDE1,PEPTIDE1,1:R1-7:R2$$$",-6.61800000,ok,,flexible
"PEPTIDE1{Mono6.T.meL.meA.Ser(tBu).V.Me_dL}$PEPTIDE1,PEPTIDE1,1:R1-7:R2$$$",-6.13500000,ok,,flexible
"PEPTIDE1{meA.A.P.dL.meL.T.Me_dL}$PEPTIDE1,PEPTIDE1,1:R1-7:R2$$$",-5.80500000,ok,,flexible
"PEPTIDE1{meA.P.meL.V.Me_dL.dL.dV}$PEPTIDE1,PEPTIDE1,1:R1-7:R2$$$",-5.40000000,ok,,flexible
"PEPTIDE1{A.meV.L.T.meL.meA.Sar}$PEPTIDE1,PEPTIDE1,1:R1-7:R2$$$",-5.39900000,ok,,flexible
"PEPTIDE1{F.pentyl_Gly.L.dL.T.meL.T}$PEPTIDE1,PEPTIDE1,1:R1-7:R2$$$",-4.87100000,ok,,flexible
"PEPTIDE1{dA.T.meL.meA.L.A.meL}$PEPTIDE1,PEPTIDE1,1:R1-7:R2$$$",-5.91200000,ok,,flexible
"PEPTIDE1{dA.P.L.A.dL.dP.meL}$PEPTIDE1,PEPTIDE1,1:R1-7:R2$$$",-6.32000000,ok,,flexible
"PEPTIDE1{Pr_Gly.dP.dP.meL.T.P.L}$PEPTIDE1,PEPTIDE1,1:R1-7:R2$$$",-6.11800000,ok,,flexible
"PEPTIDE1{Pr_Gly.A.L.dL.meA.meL.meF}$PEPTIDE1,PEPTIDE1,1:R1-7:R2$$$",-5.60900000,ok,,flexible
"PEPTIDE1{dA.L.A.V.meA.meF.F}$PEPTIDE1,PEPTIDE1,1:R1-7:R2$$$",-6.41100000,ok,,flexible
"PEPTIDE1{Mono6.dL.T.V.L.meA.A}$PEPTIDE1,PEPTIDE1,1:R1-7:R2$$$",-6.37000000,ok,,flexible
"PEPTIDE1{dV.meS.T.dA.Sar.L.meF}$PEPTIDE1,PEPTIDE1,1:R1-7:R2$$$",-5.61700000,ok,,flexible
"PEPTIDE1{dF.P.dL.meI.L.T.meL}$PEPTIDE1,PEPTIDE1,1:R1-7:R2$$$",-5.46600000,ok,,flexible
"PEPTIDE1{dA.G.A.meF.meL.V.Sar}$PEPTIDE1,PEPTIDE1,1:R1-7:R2$$$",-6.36100000,ok,,flexible
"PEPTIDE1{meL.A.L.Ser(tBu).dL.L.Me_dL}$PEPTIDE1,PEPTIDE1,1:R1-7:R2$$$",-5.06500000,ok,,flexible
"PEPTIDE1{A.T.meF.F.meV.meL.meA}$PEPTIDE1,PEPTIDE1,1:R1-7:R2$$$",-6.34900000,ok,,flexible
"PEPTIDE1{Me_Bal.Bn_Gly.A.L.L.I.T}$PEPTIDE1,PEPTIDE1,1:R1-7:R2$$$",-5.80300000,ok,,flexible
"PEPTIDE1{dA.meA.A.Me_dL.F.L.T}$PEPTIDE1,PEPTIDE1,1:R1-7:R2$$$",-6.07700000,ok,,flexible
"PEPTIDE1{dV.meS.L.A.T.L.meF}$PEPTIDE1,PEPTIDE1,1:R1-7:R2$$$",-6.32600000,ok,,flexible
"PEPTIDE1{P.meA.V.T.V.Me_Phe(3-Cl).meF}$PEPTIDE1,PEPTIDE1,1:R1-7:R2$$$",-6.75400000,ok,,flexible
"PEPTIDE1{F.meL.meS.meS.L.meA.Sar}$PEPTIDE1,PEPTIDE1,1:R1-7:R2$$$",-5.46300000,ok,,flexible
"PEPTIDE1{meL.meA.meF.meV.L.Ser(tBu).dP}$PEPTIDE1,PEPTIDE1,1:R1-7:R2$$$",-6.07100000,ok,,flexible
"PEPTIDE1{A.G.F.V.Me_dL.meA.dP}$PEPTIDE1,PEPTIDE1,1:R1-7:R2$$$",-7.08000000,ok,,flexible
"PEPTIDE1{dF.cHexCH2_Gly.Mono84.dL.meL.3Pal.T}$PEPTIDE1,PEPTIDE1,1:R1-7:R2$$$",-6.08800000,ok,,flexible
"PEPTIDE1{Mono6.L.Ser(tBu).meL.T.G.meA}$PEPTIDE1,PEPTIDE1,1:R1-7:R2$$$",-5.20900000,ok,,flexible
"PEPTIDE1{dV.F.Pr_Gly.A.L.Me_Phe(3-Cl).meL}$PEPTIDE1,PEPTIDE1,1:R1-7:R2$$$",-5.50600000,ok,,flexible
"PEPTIDE1{P.Pr_Gly.A.G.L.I.meL}$PEPTIDE1,PEPTIDE1,1:R1-7:R2$$$",-6.40900000,ok,,flexible
"PEPTIDE1{dA.P.meA.meL.Me_dL.dP.meL}$PEPTIDE1,PEPTIDE1,1:R1-7:R2$$$",-6.07400000,ok,,flexible
"PEPTIDE1{dV.meL.meA.Me_dL.V.L.meL}$PEPTIDE1,PEPTIDE1,1:R1-7:R2$$$",-5.21500000,ok,,flexible
"PEPTIDE1{Mono6.A.meL.I.L.L.meA}$PEPTIDE1,PEPTIDE1,1:R1-7:R2$$$",-5.44700000,ok,,flexible
"PEPTIDE1{F.cHexCH2_Gly.A.T.Ser(tBu).meA.Me_dL}$PEPTIDE1,PEPTIDE1,1:R1-7:R2$$$",-6.19700000,ok,,flexible
"PEPTIDE1{A.L.meA.dL.dP.meL.Ser(tBu)}$PEPTIDE1,PEPTIDE1,1:R1-7:R2$$$",-5.86800000,ok,,flexible
"PEPTIDE1{Me_dA.T.meL.Me_dL.meF.Ala(5-Tet).meS}$PEPTIDE1,PEPTIDE1,1:R1-7:R2$$$",-6.04300000,ok,,flexible
"PEPTIDE1{Me_dA.Sar.L.I.Me_dL.meL.meI}$PEPTIDE1,PEPTIDE1,1:R1-7:R2$$$",-5.86800000,ok,,flexible
"PEPTIDE1{meA.meL.L.F.V.Me_dL.A}$PEPTIDE1,PEPTIDE1,1:R1-7:R2$$$",-5.76700000,ok,,flexible
"PEPTIDE1{L.meL.meF.meF.T.meA.Sar}$PEPTIDE1,PEPTIDE1,1:R1-7:R2$$$",-5.54500000,ok,,flexible
"PEPTIDE1{Me_Bal.dP.Me_dL.Me_dL.T.Me_dA.A}$PEPTIDE1,PEPTIDE1,1:R1-7:R2$$$",-6.43700000,ok,,flexible
"PEPTIDE1{meA.Abu.T.L.dL.T.A}$PEPTIDE1,PEPTIDE1,1:R1-7:R2$$$",-6.27200000,ok,,flexible
"PEPTIDE1{Mono6.I.Ser(tBu).A.cHexCH2_Gly.T.meL}$PEPTIDE1,PEPTIDE1,1:R1-7:R2$$$",-5.95000000,ok,,flexible
"PEPTIDE1{dV.meF.T.meL.Sar.Me_dA.meL}$PEPTIDE1,PEPTIDE1,1:R1-7:R2$$$",-5.88900000,ok,,flexible
"PEPTIDE1{F.A.meL.T.L.dL.meS}$PEPTIDE1,PEPTIDE1,1:R1-7:R2$$$",-5.61000000,ok,,flexible
"PEPTIDE1{A.Abu.A.Me_dL.T.L.meA}$PEPTIDE1,PEPTIDE1,1:R1-7:R2$$$",-5.70300000,ok,,flexible
"PEPTIDE1{A.Me_dL.meL.L.Sar.Abu.Ala(5-Tet)}$PEPTIDE1,PEPTIDE1,1:R1-7:R2$$$",-5.61600000,ok,,flexible
"PEPTIDE1{meA.pentyl_Gly.A.Me_dL.meL.T.I}$PEPTIDE1,PEPTIDE1,1:R1-7:R2$$$",-4.99600000,ok,,flexible
"PEPTIDE1{dA.A.T.L.Sar.Abu.T}$PEPTIDE1,PEPTIDE1,1:R1-7:R2$$$",-6.09100000,ok,,flexible
"PEPTIDE1{A.meL.I.G.meA.L.Me_dA}$PEPTIDE1,PEPTIDE1,1:R1-7:R2$$$",-5.75800000,ok,,flexible
"PEPTIDE1{Sar.A.Me_dL.V.dL.meF.I}$PEPTIDE1,PEPTIDE1,1:R1-7:R2$$$",-5.52000000,ok,,flexible
"PEPTIDE1{Me_Bal.dP.meA.L.meL.T.A}$PEPTIDE1,PEPTIDE1,1:R1-7:R2$$$",-6.09900000,ok,,flexible
"PEPTIDE1{dA.3Pal.I.Aoc(2).meS.T.L}$PEPTIDE1,PEPTIDE1,1:R1-7:R2$$$",-5.80200000,ok,,flexible
"PEPTIDE1{Mono6.dL.meL.meF.L.A.A}$PEPTIDE1,PEPTIDE1,1:R1-7:R2$$$",-5.38300000,ok,,flexible
"PEPTIDE1{meA.Abu.meF.meS.L.meL.I}$PEPTIDE1,PEPTIDE1,1:R1-7:R2$$$",-5.35000000,ok,,flexible
"PEPTIDE1{Me_Bal.G.Me_dL.A.V.V.Ser(tBu)}$PEPTIDE1,PEPTIDE1,1:R1-7:R2$$$",-5.65300000,ok,,flexible
"PEPTIDE1{dV.meL.L.V.F.Mono86.Ser(tBu)}$PEPTIDE1,PEPTIDE1,1:R1-7:R2$$$",-6.44000000,ok,,flexible
"PEPTIDE1{dA.L.A.meL.G.meL.F}$PEPTIDE1,PEPTIDE1,1:R1-7:R2$$$",-6.41600000,ok,,flexible
"PEPTIDE1{Pr_Gly.meA.meL.T.Ser(tBu).meL.P}$PEPTIDE1,PEPTIDE1,1:R1-7:R2$$$",-5.60100000,ok,,flexible
"PEPTIDE1{dA.Abu.meA.meS.meL.Ala(5-Tet).T}$PEPTIDE1,PEPTIDE1,1:R1-7:R2$$$",-5.49100000,ok,,flexible
"PEPTIDE1{meA.A.cHexCH2_Gly.L.meF.Aoc(2).dP}$PEPTIDE1,PEPTIDE1,1:R1-7:R2$$$",-6.27300000,ok,,flexible
"PEPTIDE1{dF.meL.A.dL.Ser(tBu).V.L}$PEPTIDE1,PEPTIDE1,1:R1-7:R2$$$",-5.28400000,ok,,flexible
"PEPTIDE1{meL.dL.L.Me_dL.T.meF.dP}$PEPTIDE1,PEPTIDE1,1:R1-7:R2$$$",-5.87400000,ok,,flexible
"PEPTIDE1{L.cHexCH2_Gly.A.I.dP.dL.meL}$PEPTIDE1,PEPTIDE1,1:R1-7:R2$$$",-5.40200000,ok,,flexible
"PEPTIDE1{dA.meL.T.meA.L.Me_dA.meA}$PEPTIDE1,PEPTIDE1,1:R1-7:R2$$$",-6.22300000,ok,,flexible
"PEPTIDE1{Mono6.Mono38.meS.L.Mono84.L.P}$PEPTIDE1,PEPTIDE1,1:R1-7:R2$$$",-6.95800000,ok,,flexible
"PEPTIDE1{Mono6.I.dP.Mono86.Mono84.meL.L}$PEPTIDE1,PEPTIDE1,1:R1-7:R2$$$",-5.51500000,ok,,flexible
"PEPTIDE1{Me_dA.cHexCH2_Gly.L.L.I.Mono86.V}$PEPTIDE1,PEPTIDE1,1:R1-7:R2$$$",-5.56400000,ok,,flexible
"PEPTIDE1{A.cHexCH2_Gly.V.meA.meL.L.L}$PEPTIDE1,PEPTIDE1,1:R1-7:R2$$$",-6.19500000,ok,,flexible
"PEPTIDE1{dF.P.L.A.meF.meS.Sar}$PEPTIDE1,PEPTIDE1,1:R1-7:R2$$$",-6.50100000,ok,,flexible
"PEPTIDE1{meL.A.T.T.meA.Ala(5-Tet).Aoc(2)}$PEPTIDE1,PEPTIDE1,1:R1-7:R2$$$",-5.41900000,ok,,flexible
"PEPTIDE1{meA.L.meL.P.T.meL.I}$PEPTIDE1,PEPTIDE1,1:R1-7:R2$$$",-5.65100000,ok,,flexible
"PEPTIDE1{L.meF.meS.T.L.meA.F}$PEPTIDE1,PEPTIDE1,1:R1-7:R2$$$",-5.83600000,ok,,flexible
"PEPTIDE1{A.L.meA.I.Ser(tBu).L.dL}$PEPTIDE1,PEPTIDE1,1:R1-7:R2$$$",-4.66600000,ok,,flexible
"PEPTIDE1{Me_Bal.T.Me_dL.T.A.dL.meL}$PEPTIDE1,PEPTIDE1,1:R1-7:R2$$$",-5.73900000,ok,,flexible
"PEPTIDE1{Me_dA.P.A.meL.dP.meS.L}$PEPTIDE1,PEPTIDE1,1:R1-7:R2$$$",-6.75600000,ok,,flexible
"PEPTIDE1{dA.meA.L.meL.Me_dL.A.T}$PEPTIDE1,PEPTIDE1,1:R1-7:R2$$$",-5.96800000,ok,,flexible
"PEPTIDE1{dF.Mono38.A.3Pal.L.meL.L}$PEPTIDE1,PEPTIDE1,1:R1-7:R2$$$",-6.01500000,ok,,flexible
"PEPTIDE1{dV.A.L.Me_Nle.meL.T.meA}$PEPTIDE1,PEPTIDE1,1:R1-7:R2$$$",-5.37400000,ok,,flexible
"PEPTIDE1{dV.Pr_Gly.dL.meF.L.T.L}$PEPTIDE1,PEPTIDE1,1:R1-7:R2$$$",-5.06500000,ok,,flexible
"PEPTIDE1{Me_Bal.meL.T.meA.Me_dL.meF.A}$PEPTIDE1,PEPTIDE1,1:R1-7:R2$$$",-5.74700000,ok,,flexible
"PEPTIDE1{Pr_Gly.meS.L.dP.Abu.T.meF}$PEPTIDE1,PEPTIDE1,1:R1-7:R2$$$",-6.01300000,ok,,flexible
"PEPTIDE1{dV.Me_dL.P.dL.meS.T.L}$PEPTIDE1,PEPTIDE1,1:R1-7:R2$$$",-5.38200000,ok,,flexible
"PEPTIDE1{meA.L.T.I.Ser(tBu).meL.Ser(tBu)}$PEPTIDE1,PEPTIDE1,1:R1-7:R2$$$",-4.98600000,ok,,flexible
"PEPTIDE1{dP.meL.Me_dL.T.A.meA.meA}$PEPTIDE1,PEPTIDE1,1:R1-7:R2$$$",-6.36800000,ok,,flexible
"PEPTIDE1{Me_dA.L.meL.F.V.T.meA}$PEPTIDE1,PEPTIDE1,1:R1-7:R2$$$",-6.14500000,ok,,flexible
"PEPTIDE1{Me_dA.dP.meA.Me_dL.P.A.meL}$PEPTIDE1,PEPTIDE1,1:R1-7:R2$$$",-6.08200000,ok,,flexible
"PEPTIDE1{A.meL.meL.T.meA.Me_dL.meF}$PEPTIDE1,PEPTIDE1,1:R1-7:R2$$$",-5.20500000,ok,,flexible
"PEPTIDE1{dV.meL.meS.Ala(5-Tet).L.Aoc(2).A}$PEPTIDE1,PEPTIDE1,1:R1-7:R2$$$",-5.78200000,ok,,flexible
"PEPTIDE1{Me_dA.F.Sar.meF.I.Aoc(2).P}$PEPTIDE1,PEPTIDE1,1:R1-7:R2$$$",-6.20200000,ok,,flexible
"PEPTIDE1{dA.L.meF.A.dL.meS.V}$PEPTIDE1,PEPTIDE1,1:R1-7:R2$$$",-5.60900000,ok,,flexible
"PEPTIDE1{A.P.T.meA.T.L.V}$PEPTIDE1,PEPTIDE1,1:R1-7:R2$$$",-6.13400000,ok,,flexible
"PEPTIDE1{A.Me_dL.dL.meV.T.T.meL}$PEPTIDE1,PEPTIDE1,1:R1-7:R2$$$",-5.75500000,ok,,flexible
"PEPTIDE1{dV.A.T.meF.A.L.P}$PEPTIDE1,PEPTIDE1,1:R1-7:R2$$$",-7.18000000,ok,,flexible
"PEPTIDE1{dV.L.P.Me_dL.meL.T.P}$PEPTIDE1,PEPTIDE1,1:R1-7:R2$$$",-5.69600000,ok,,flexible
"PEPTIDE1{Me_Bal.A.dL.meA.T.meF.L}$PEPTIDE1,PEPTIDE1,1:R1-7:R2$$$",-5.62400000,ok,,flexible
"PEPTIDE1{F.meS.L.meA.meF.meL.A}$PEPTIDE1,PEPTIDE1,1:R1-7:R2$$$",-5.72000000,ok,,flexible
"PEPTIDE1{dV.T.dL.dP.meF.T.G}$PEPTIDE1,PEPTIDE1,1:R1-7:R2$$$",-6.25800000,ok,,flexible
"PEPTIDE1{Me_dA.meF.meS.meA.meL.Sar.T}$PEPTIDE1,PEPTIDE1,1:R1-7:R2$$$",-6.10900000,ok,,flexible
"PEPTIDE1{Sar.meF.V.meV.L.I.dV}$PEPTIDE1,PEPTIDE1,1:R1-7:R2$$$",-5.67800000,ok,,flexible
"PEPTIDE1{dA.Pr_Gly.Me_Phe(3-Cl).meL.L.meA.T}$PEPTIDE1,PEPTIDE1,1:R1-7:R2$$$",-6.00200000,ok,,flexible
"PEPTIDE1{dA.A.meL.V.I.Ser(tBu).L}$PEPTIDE1,PEPTIDE1,1:R1-7:R2$$$",-6.06200000,ok,,flexible
"PEPTIDE1{F.Mono38.I.pentyl_Gly.L.dL.L}$PEPTIDE1,PEPTIDE1,1:R1-7:R2$$$",-4.30100000,ok,,flexible
"PEPTIDE1{dA.Me_dAbu.T.Abu.meA.meF.meS}$PEPTIDE1,PEPTIDE1,1:R1-7:R2$$$",-5.78600000,ok,,flexible
"PEPTIDE1{Me_dA.L.T.Abu.A.dL.meS}$PEPTIDE1,PEPTIDE1,1:R1-7:R2$$$",-5.79900000,ok,,flexible
"PEPTIDE1{dA.P.Me_dL.L.T.V.L}$PEPTIDE1,PEPTIDE1,1:R1-7:R2$$$",-5.85700000,ok,,flexible
"PEPTIDE1{A.Pr_Gly.Me_dL.meL.dA.meA.L}$PEPTIDE1,PEPTIDE1,1:R1-7:R2$$$",-5.66200000,ok,,flexible
"PEPTIDE1{Me_Bal.Me_dL.meL.meY.A.meS.meF}$PEPTIDE1,PEPTIDE1,1:R1-7:R2$$$",-5.65400000,ok,,flexible
"PEPTIDE1{dA.T.meL.T.meA.meF.meV}$PEPTIDE1,PEPTIDE1,1:R1-7:R2$$$",-6.17000000,ok,,flexible
"PEPTIDE1{Me_dA.meS.meA.meF.T.Me_dL.A}$PEPTIDE1,PEPTIDE1,1:R1-7:R2$$$",-6.56400000,ok,,flexible
"PEPTIDE1{Me_dA.meS.Abu.A.T.L.meF}$PEPTIDE1,PEPTIDE1,1:R1-7:R2$$$",-6.21900000,ok,,flexible
"PEPTIDE1{Pr_Gly.Me_dL.T.meY.Me_dA.L.meF}$PEPTIDE1,PEPTIDE1,1:R1-7:R2$$$",-5.85600000,ok,,flexible
"PEPTIDE1{meA.V.L.I.meL.G.P}$PEPTIDE1,PEPTIDE1,1:R1-7:R2$$$",-5.55900000,ok,,flexible
"PEPTIDE1{A.meA.T.P.meL.meL.meA}$PEPTIDE1,PEPTIDE1,1:R1-7:R2$$$",-6.17100000,ok,,flexible
"PEPTIDE1{meA.dP.P.T.A.meF.dL}$PEPTIDE1,PEPTIDE1,1:R1-7:R2$$$",-6.13100000,ok,,flexible
"PEPTIDE1{dV.meS.A.meF.T.meL.L}$PEPTIDE1,PEPTIDE1,1:R1-7:R2$$$",-5.97000000,ok,,flexible
"PEPTIDE1{F.Ser(tBu).Mono38.pentyl_Gly.I.L.Mono86}$PEPTIDE1,PEPTIDE1,1:R1-7:R2$$$",-5.22700000,ok,,flexible
"PEPTIDE1{dA.A.T.meL.meS.Abu.L}$PEPTIDE1,PEPTIDE1,1:R1-7:R2$$$",-6.28300000,ok,,flexible
"PEPTIDE1{meA.A.cHexCH2_Gly.Mono38.I.meF.V}$PEPTIDE1,PEPTIDE1,1:R1-7:R2$$$",-6.62200000,ok,,flexible
"PEPTIDE1{dV.P.meL.T.meA.meS.dP}$PEPTIDE1,PEPTIDE1,1:R1-7:R2$$$",-6.77900000,ok,,flexible
"PEPTIDE1{meA.A.L.T.meL.meL.meS}$PEPTIDE1,PEPTIDE1,1:R1-7:R2$$$",-5.27600000,ok,,flexible
"PEPTIDE1{dV.F.T.meA.P.A.T}$PEPTIDE1,PEPTIDE1,1:R1-7:R2$$$",-6.39200000,ok,,flexible
"PEPTIDE1{meL.A.Abu.meS.meF.L.meL}$PEPTIDE1,PEPTIDE1,1:R1-7:R2$$$",-6.34000000,ok,,flexible
"PEPTIDE1{F.Me_Nle.meL.Mono86.pentyl_Gly.L.A}$PEPTIDE1,PEPTIDE1,1:R1-7:R2$$$",-5.29900000,ok,,flexible
"PEPTIDE1{dP.meA.meL.A.meF.dL.meV}$PEPTIDE1,PEPTIDE1,1:R1-7:R2$$$",-6.43700000,ok,,flexible
"PEPTIDE1{meA.meL.T.T.A.L.I}$PEPTIDE1,PEPTIDE1,1:R1-7:R2$$$",-5.75800000,ok,,flexible
"PEPTIDE1{Pr_Gly.A.Abu.T.meL.meS.Aoc(2)}$PEPTIDE1,PEPTIDE1,1:R1-7:R2$$$",-4.99800000,ok,,flexible
"PEPTIDE1{Me_Bal.Me_dA.meL.A.meF.dL.T}$PEPTIDE1,PEPTIDE1,1:R1-7:R2$$$",-6.24500000,ok,,flexible
"PEPTIDE1{Pr_Gly.meF.A.L.V.L.T}$PEPTIDE1,PEPTIDE1,1:R1-7:R2$$$",-5.35900000,ok,,flexible
"PEPTIDE1{dA.L.dL.Me_dA.meL.T.Ser(tBu)}$PEPTIDE1,PEPTIDE1,1:R1-7:R2$$$",-6.22600000,ok,,flexible
"PEPTIDE1{dV.meS.L.meL.Sar.T.meF}$PEPTIDE1,PEPTIDE1,1:R1-7:R2$$$",-6.25500000,ok,,flexible
"PEPTIDE1{Me_dA.meL.meS.T.meA.A.T}$PEPTIDE1,PEPTIDE1,1:R1-7:R2$$$",-6.48300000,ok,,flexible
"PEPTIDE1{F.meL.Me_dL.G.Me_dL.dL.A}$PEPTIDE1,PEPTIDE1,1:R1-7:R2$$$",-5.44400000,ok,,flexible
"PEPTIDE1{dV.Abu.meS.meL.Ala(5-Tet).meA.T}$PEPTIDE1,PEPTIDE1,1:R1-7:R2$$$",-5.71700000,ok,,flexible
"PEPTIDE1{Pr_Gly.L.dA.Ser(tBu).Me_dL.meL.dL}$PEPTIDE1,PEPTIDE1,1:R1-7:R2$$$",-5.56700000,ok,,flexible
"PEPTIDE1{Me_Bal.Me_dA.meA.meL.L.F.L}$PEPTIDE1,PEPTIDE1,1:R1-7:R2$$$",-6.28700000,ok,,flexible
"PEPTIDE1{dA.pentyl_Gly.L.L.meL.I.I}$PEPTIDE1,PEPTIDE1,1:R1-7:R2$$$",-5.10800000,ok,,flexible
"PEPTIDE1{meL.L.meL.T.Sar.dL.Me_dL}$PEPTIDE1,PEPTIDE1,1:R1-7:R2$$$",-5.01500000,ok,,flexible
"PEPTIDE1{dA.meA.Me_dA.L.T.meL.dL}$PEPTIDE1,PEPTIDE1,1:R1-7:R2$$$",-6.39400000,ok,,flexible
"PEPTIDE1{L.meA.T.Me_dL.P.I.dL}$PEPTIDE1,PEPTIDE1,1:R1-7:R2$$$",-5.48000000,ok,,flexible
"PEPTIDE1{dF.Mono38.L.meL.P.dL.T}$PEPTIDE1,PEPTIDE1,1:R1-7:R2$$$",-5.80700000,ok,,flexible
"PEPTIDE1{A.dL.Pr_Gly.V.L.I.T}$PEPTIDE1,PEPTIDE1,1:R1-7:R2$$$",-5.35000000,ok,,flexible
"PEPTIDE1{meA.F.L.dL.meF.T.meL}$PEPTIDE1,PEPTIDE1,1:R1-7:R2$$$",-5.86300000,ok,,flexible
"PEPTIDE1{Me_dA.F.A.dP.dL.Me_dL.P}$PEPTIDE1,PEPTIDE1,1:R1-7:R2$$$",-6.29800000,ok,,flexible
"PEPTIDE1{A.Aoc(2).dP.T.meS.meL.Sar}$PEPTIDE1,PEPTIDE1,1:R1-7:R2$$$",-5.74200000,ok,,flexible
"PEPTIDE1{dV.meF.Me_dA.P.F.T.meA}$PEPTIDE1,PEPTIDE1,1:R1-7:R2$$$",-6.65600000,ok,,flexible
"PEPTIDE1{meA.L.meV.T.meL.F.meL}$PEPTIDE1,PEPTIDE1,1:R1-7:R2$$$",-5.18200000,ok,,flexible
"PEPTIDE1{dA.meL.Sar.P.V.meF.F}$PEPTIDE1,PEPTIDE1,1:R1-7:R2$$$",-7.66700000,ok,,flexible
"PEPTIDE1{Me_dA.meA.dL.Me_dL.Ser(tBu).Ser(tBu).I}$PEPTIDE1,PEPTIDE1,1:R1-7:R2$$$",-5.14000000,ok,,flexible
"PEPTIDE1{meL.L.dA.T.meL.A.Me_dL}$PEPTIDE1,PEPTIDE1,1:R1-7:R2$$$",-5.36100000,ok,,flexible
"PEPTIDE1{Pr_Gly.Me_Phe(3-Cl).A.L.Me_dL.Ser(tBu).meL}$PEPTIDE1,PEPTIDE1,1:R1-7:R2$$$",-5.08800000,ok,,flexible
"PEPTIDE1{dF.meL.T.meA.V.T.dL}$PEPTIDE1,PEPTIDE1,1:R1-7:R2$$$",-5.56100000,ok,,flexible
"PEPTIDE1{F.cHexCH2_Gly.L.L.T.dL.Ser(tBu)}$PEPTIDE1,PEPTIDE1,1:R1-7:R2$$$",-5.21900000,ok,,flexible
"PEPTIDE1{dV.meS.Abu.Me_dA.meL.meS.meA}$PEPTIDE1,PEPTIDE1,1:R1-7:R2$$$",-5.77800000,ok,,flexible
"PEPTIDE1{meA.Pr_Gly.T.F.V.G.A}$PEPTIDE1,PEPTIDE1,1:R1-7:R2$$$",-6.32200000,ok,,flexible
"PEPTIDE1{dA.T.A.meA.L.Me_dA.Me_dL}$PEPTIDE1,PEPTIDE1,1:R1-7:R2$$$",-5.92300000,ok,,flexible
"PEPTIDE1{Me_dA.P.P.Me_dL.Ser(tBu).T.dA}$PEPTIDE1,PEPTIDE1,1:R1-7:R2$$$",-6.28800000,ok,,flexible
"PEPTIDE1{dA.pentyl_Gly.L.Me_dL.T.dL.meL}$PEPTIDE1,PEPTIDE1,1:R1-7:R2$$$",-5.50800000,ok,,flexible
"PEPTIDE1{dV.Me_dA.meS.L.Sar.meA.meL}$PEPTIDE1,PEPTIDE1,1:R1-7:R2$$$",-5.89800000,ok,,flexible
"PEPTIDE1{Me_Bal.Me_Phe(3-Cl).G.V.I.meL.dP}$PEPTIDE1,PEPTIDE1,1:R1-7:R2$$$",-6.46300000,ok,,flexible
"PEPTIDE1{meA.L.Mono84.Et_Gly.Mono86.3Pal.Me_dL}$PEPTIDE1,PEPTIDE1,1:R1-7:R2$$$",-5.32300000,ok,,flexible
"PEPTIDE1{Me_dA.T.L.meL.dP.meA.dL}$PEPTIDE1,PEPTIDE1,1:R1-7:R2$$$",-5.72600000,ok,,flexible
"PEPTIDE1{Me_dA.dL.meL.Me_Phe(3-Cl).Me_dL.P.T}$PEPTIDE1,PEPTIDE1,1:R1-7:R2$$$",-5.89200000,ok,,flexible
"PEPTIDE1{P.A.G.meA.meL.F.L}$PEPTIDE1,PEPTIDE1,1:R1-7:R2$$$",-6.14900000,ok,,flexible
"PEPTIDE1{Me_dA.P.V.T.Mono78.meL.I}$PEPTIDE1,PEPTIDE1,1:R1-7:R2$$$",-5.63200000,ok,,flexible
"PEPTIDE1{L.P.meA.dL.A.dP.T}$PEPTIDE1,PEPTIDE1,1:R1-7:R2$$$",-7.41300000,ok,,flexible
"PEPTIDE1{Me_Bal.meL.meF.T.V.dL.F}$PEPTIDE1,PEPTIDE1,1:R1-7:R2$$$",-5.47500000,ok,,flexible
"PEPTIDE1{dV.Pr_Gly.I.A.G.meA.T}$PEPTIDE1,PEPTIDE1,1:R1-7:R2$$$",-6.04700000,ok,,flexible
"PEPTIDE1{Me_dA.Me_dL.dP.T.Abu.A.L}$PEPTIDE1,PEPTIDE1,1:R1-7:R2$$$",-5.87200000,ok,,flexible
"PEPTIDE1{dP.meL.V.Me_dL.meF.L.meL}$PEPTIDE1,PEPTIDE1,1:R1-7:R2$$$",-5.86400000,ok,,flexible
"PEPTIDE1{meA.dA.T.T.meL.meL.A}$PEPTIDE1,PEPTIDE1,1:R1-7:R2$$$",-5.65500000,ok,,flexible
"PEPTIDE1{meA.Me_dL.Me_dA.P.F.L.meF}$PEPTIDE1,PEPTIDE1,1:R1-7:R2$$$",-6.70900000,ok,,flexible
"PEPTIDE1{dV.meF.A.F.Abu.Me_dL.Me_dA}$PEPTIDE1,PEPTIDE1,1:R1-7:R2$$$",-6.40500000,ok,,flexible
"PEPTIDE1{Me_Bal.meL.dL.A.meS.meL.L}$PEPTIDE1,PEPTIDE1,1:R1-7:R2$$$",-4.90100000,ok,,flexible
"PEPTIDE1{dV.T.A.L.T.Sar.meF}$PEPTIDE1,PEPTIDE1,1:R1-7:R2$$$",-5.79100000,ok,,flexible
"PEPTIDE1{meA.A.Me_dL.Me_dA.meL.meL.T}$PEPTIDE1,PEPTIDE1,1:R1-7:R2$$$",-5.38100000,ok,,flexible
"PEPTIDE1{dA.dPye.meL.Me_dL.V.T.Ser(tBu)}$PEPTIDE1,PEPTIDE1,1:R1-7:R2$$$",-5.20000000,ok,,flexible
"PEPTIDE1{Pr_Gly.meL.dP.P.Me_dL.F.meA}$PEPTIDE1,PEPTIDE1,1:R1-7:R2$$$",-5.99300000,ok,,flexible
"PEPTIDE1{meA.pentyl_Gly.I.cHexCH2_Gly.Mono84.L.G}$PEPTIDE1,PEPTIDE1,1:R1-7:R2$$$",-5.46800000,ok,,flexible
"PEPTIDE1{dA.T.meF.Me_dL.L.dL.meV}$PEPTIDE1,PEPTIDE1,1:R1-7:R2$$$",-6.17000000,ok,,flexible
"PEPTIDE1{A.meA.L.meV.meL.Ser(tBu).V}$PEPTIDE1,PEPTIDE1,1:R1-7:R2$$$",-5.34600000,ok,,flexible
"PEPTIDE1{Me_dA.L.meF.T.meA.Abu.A}$PEPTIDE1,PEPTIDE1,1:R1-7:R2$$$",-6.03200000,ok,,flexible
"PEPTIDE1{dA.meS.meL.P.meA.A.Aoc(2)}$PEPTIDE1,PEPTIDE1,1:R1-7:R2$$$",-6.15200000,ok,,flexible
"PEPTIDE1{dA.meF.meA.meV.A.Me_dA.V}$PEPTIDE1,PEPTIDE1,1:R1-7:R2$$$",-6.79400000,ok,,flexible
"PEPTIDE1{Me_dA.L.L.meL.Abu.T.I}$PEPTIDE1,PEPTIDE1,1:R1-7:R2$$$",-5.31300000,ok,,flexible
"PEPTIDE1{dV.Me_Phe(3-Cl).G.Me_dL.meL.P.Ser(tBu)}$PEPTIDE1,PEPTIDE1,1:R1-7:R2$$$",-5.91000000,ok,,flexible
"PEPTIDE1{meA.L.Ser(tBu).meL.T.Me_dL.dL}$PEPTIDE1,PEPTIDE1,1:R1-7:R2$$$",-5.65300000,ok,,flexible
"PEPTIDE1{dP.Pr_Gly.F.pentyl_Gly.dL.meL.L}$PEPTIDE1,PEPTIDE1,1:R1-7:R2$$$",-5.07600000,ok,,flexible
"PEPTIDE1{Pr_Gly.Me_Nle.Ser(tBu).dP.P.T.T}$PEPTIDE1,PEPTIDE1,1:R1-7:R2$$$",-5.48000000,ok,,flexible
"PEPTIDE1{L.Abu.A.meS.Sar.dL.meA}$PEPTIDE1,PEPTIDE1,1:R1-7:R2$$$",-5.16500000,ok,,flexible
"PEPTIDE1{meL.T.Abu.meS.Aoc(2).meF.P}$PEPTIDE1,PEPTIDE1,1:R1-7:R2$$$",-5.18800000,ok,,flexible
"PEPTIDE1{Pr_Gly.Me_dL.Me_dA.meA.Sar.meL.T}$PEPTIDE1,PEPTIDE1,1:R1-7:R2$$$",-5.76700000,ok,,flexible
"PEPTIDE1{A.L.meL.meA.meV.meL.V}$PEPTIDE1,PEPTIDE1,1:R1-7:R2$$$",-5.66500000,ok,,flexible
"PEPTIDE1{meA.A.meL.T.V.Me_dL.Me_dL}$PEPTIDE1,PEPTIDE1,1:R1-7:R2$$$",-6.22200000,ok,,flexible
"PEPTIDE1{Mono6.L.Me_dL.meA.V.dL.T}$PEPTIDE1,PEPTIDE1,1:R1-7:R2$$$",-5.77900000,ok,,flexible
"PEPTIDE1{Me_dA.L.V.meA.meL.F.Ser(tBu)}$PEPTIDE1,PEPTIDE1,1:R1-7:R2$$$",-5.26800000,ok,,flexible
"PEPTIDE1{L.A.Me_dA.Me_dL.P.meL.Sar}$PEPTIDE1,PEPTIDE1,1:R1-7:R2$$$",-5.63500000,ok,,flexible
"PEPTIDE1{Sar.meA.T.meF.V.P.meL}$PEPTIDE1,PEPTIDE1,1:R1-7:R2$$$",-6.15300000,ok,,flexible
"PEPTIDE1{Pr_Gly.Me_dL.T.meF.meL.F.A}$PEPTIDE1,PEPTIDE1,1:R1-7:R2$$$",-5.26900000,ok,,flexible
"PEPTIDE1{dA.meA.V.F.meL.L.Ser(tBu)}$PEPTIDE1,PEPTIDE1,1:R1-7:R2$$$",-5.94900000,ok,,flexible
"PEPTIDE1{dV.A.V.Me_dA.Me_dL.Me_dL.meA}$PEPTIDE1,PEPTIDE1,1:R1-7:R2$$$",-6.04100000,ok,,flexible
"PEPTIDE1{Me_dA.meA.L.T.P.dA.meF}$PEPTIDE1,PEPTIDE1,1:R1-7:R2$$$",-6.80100000,ok,,flexible
"PEPTIDE1{Me_Bal.meL.Ser(tBu).P.P.meF.meA}$PEPTIDE1,PEPTIDE1,1:R1-7:R2$$$",-6.70000000,ok,,flexible
"PEPTIDE1{F.Mono38.Me_dL.meL.Ser(tBu).meF.L}$PEPTIDE1,PEPTIDE1,1:R1-7:R2$$$",-5.57400000,ok,,flexible
"PEPTIDE1{Me_dA.G.V.meA.dL.T.meL}$PEPTIDE1,PEPTIDE1,1:R1-7:R2$$$",-5.57500000,ok,,flexible
"PEPTIDE1{dP.meL.V.T.P.L.Ser(tBu)}$PEPTIDE1,PEPTIDE1,1:R1-7:R2$$$",-5.44800000,ok,,flexible
"PEPTIDE1{A.Me_dA.meA.A.dL.meL.Ser(tBu)}$PEPTIDE1,PEPTIDE1,1:R1-7:R2$$$",-6.25200000,ok,,flexible
"PEPTIDE1{dV.F.L.Me_dL.T.meA.meF}$PEPTIDE1,PEPTIDE1,1:R1-7:R2$$$",-6.03000000,ok,,flexible
"PEPTIDE1{Me_Bal.A.Ser(tBu).L.dL.3Pal.Et_Gly}$PEPTIDE1,PEPTIDE1,1:R1-7:R2$$$",-5.29500000,ok,,flexible
"PEPTIDE1{A.L.Me_dA.meF.T.T.dL}$PEPTIDE1,PEPTIDE1,1:R1-7:R2$$$",-5.97000000,ok,,flexible
"PEPTIDE1{Sar.A.meL.T.Me_dL.meA.L}$PEPTIDE1,PEPTIDE1,1:R1-7:R2$$$",-5.97100000,ok,,flexible
"PEPTIDE1{meA.T.L.dL.meL.V.F}$PEPTIDE1,PEPTIDE1,1:R1-7:R2$$$",-5.95500000,ok,,flexible
"PEPTIDE1{Pr_Gly.meL.Me_Phe(3-Cl).A.meL.L.meI}$PEPTIDE1,PEPTIDE1,1:R1-7:R2$$$",-5.27300000,ok,,flexible
"PEPTIDE1{L.A.Abu.meF.Me_dA.Sar.meL}$PEPTIDE1,PEPTIDE1,1:R1-7:R2$$$",-6.08400000,ok,,flexible
"PEPTIDE1{Me_dA.A.G.P.L.dP.dL}$PEPTIDE1,PEPTIDE1,1:R1-7:R2$$$",-6.38700000,ok,,flexible
"PEPTIDE1{Pr_Gly.A.Me_dA.dL.meA.meA.meL}$PEPTIDE1,PEPTIDE1,1:R1-7:R2$$$",-5.97600000,ok,,flexible
"PEPTIDE1{L.meV.V.T.meF.Me_dL.meA}$PEPTIDE1,PEPTIDE1,1:R1-7:R2$$$",-5.57900000,ok,,flexible
"PEPTIDE1{Sar.meF.A.T.meL.Ser(tBu).T}$PEPTIDE1,PEPTIDE1,1:R1-7:R2$$$",-6.73600000,ok,,flexible
"PEPTIDE1{dV.A.meS.T.meL.Abu.meS}$PEPTIDE1,PEPTIDE1,1:R1-7:R2$$$",-5.56900000,ok,,flexible
"PEPTIDE1{dA.Pr_Gly.A.Ser(tBu).Mono38.meL.meL}$PEPTIDE1,PEPTIDE1,1:R1-7:R2$$$",-5.05900000,ok,,flexible
"PEPTIDE1{F.Abu.T.L.Me_dL.meA.meL}$PEPTIDE1,PEPTIDE1,1:R1-7:R2$$$",-5.31200000,ok,,flexible
"PEPTIDE1{L.meL.meA.T.meL.F.A}$PEPTIDE1,PEPTIDE1,1:R1-7:R2$$$",-5.56600000,ok,,flexible
"PEPTIDE1{A.F.T.Ser(tBu).dL.L.meL}$PEPTIDE1,PEPTIDE1,1:R1-7:R2$$$",-5.48200000,ok,,flexible
"PEPTIDE1{meL.I.P.T.meL.T.V}$PEPTIDE1,PEPTIDE1,1:R1-7:R2$$$",-6.03400000,ok,,flexible
"PEPTIDE1{Me_dA.pentyl_Gly.T.L.Aoc(2).3Pal.I}$PEPTIDE1,PEPTIDE1,1:R1-7:R2$$$",-5.33200000,ok,,flexible
"PEPTIDE1{dA.meL.dP.meF.meS.V.Me_dL}$PEPTIDE1,PEPTIDE1,1:R1-7:R2$$$",-5.79800000,ok,,flexible
"PEPTIDE1{Me_Bal.meL.F.V.G.T.Ser(tBu)}$PEPTIDE1,PEPTIDE1,1:R1-7:R2$$$",-6.22900000,ok,,flexible
"PEPTIDE1{A.meS.meL.L.meA.T.T}$PEPTIDE1,PEPTIDE1,1:R1-7:R2$$$",-5.96600000,ok,,flexible
"PEPTIDE1{Me_dA.A.Me_dL.Abu.L.meF.Ala(5-Tet)}$PEPTIDE1,PEPTIDE1,1:R1-7:R2$$$",-6.01600000,ok,,flexible
"PEPTIDE1{meA.Me_dL.meL.L.meL.Me_dA.meF}$PEPTIDE1,PEPTIDE1,1:R1-7:R2$$$",-5.42100000,ok,,flexible
"PEPTIDE1{dA.Me_dA.T.P.meA.dL.A}$PEPTIDE1,PEPTIDE1,1:R1-7:R2$$$",-6.97000000,ok,,flexible
"PEPTIDE1{meA.Pr_Gly.meA.V.Ser(tBu).T.Me_dL}$PEPTIDE1,PEPTIDE1,1:R1-7:R2$$$",-5.28300000,ok,,flexible
"PEPTIDE1{F.V.Me_dA.Ser(tBu).T.meA.dP}$PEPTIDE1,PEPTIDE1,1:R1-7:R2$$$",-6.39900000,ok,,flexible
"PEPTIDE1{F.P.pentyl_Gly.meL.meL.meA.T}$PEPTIDE1,PEPTIDE1,1:R1-7:R2$$$",-5.82200000,ok,,flexible
"PEPTIDE1{A.meL.T.Ala(5-Tet).Abu.meF.L}$PEPTIDE1,PEPTIDE1,1:R1-7:R2$$$",-6.46100000,ok,,flexible
"PEPTIDE1{Me_Bal.P.L.dP.T.A.V}$PEPTIDE1,PEPTIDE1,1:R1-7:R2$$$",-6.04800000,ok,,flexible
"PEPTIDE1{Pr_Gly.pentyl_Gly.Aoc(2).P.L.dL.Me_dL}$PEPTIDE1,PEPTIDE1,1:R1-7:R2$$$",-5.02700000,ok,,flexible
"PEPTIDE1{meA.A.meL.dA.dL.L.meS}$PEPTIDE1,PEPTIDE1,1:R1-7:R2$$$",-5.91000000,ok,,flexible
"PEPTIDE1{dF.Me_dL.Ser(tBu).Mono38.meL.L.P}$PEPTIDE1,PEPTIDE1,1:R1-7:R2$$$",-6.06800000,ok,,flexible
"PEPTIDE1{L.meS.dL.Me_dL.meL.A.T}$PEPTIDE1,PEPTIDE1,1:R1-7:R2$$$",-5.67400000,ok,,flexible
"PEPTIDE1{Me_dA.pentyl_Gly.A.meF.F.Ser(tBu).meL}$PEPTIDE1,PEPTIDE1,1:R1-7:R2$$$",-5.31100000,ok,,flexible
"PEPTIDE1{dV.Abu.meS.Me_dL.meS.T.Aoc(2)}$PEPTIDE1,PEPTIDE1,1:R1-7:R2$$$",-5.30600000,ok,,flexible
"PEPTIDE1{Pr_Gly.meF.meA.T.T.meV.meL}$PEPTIDE1,PEPTIDE1,1:R1-7:R2$$$",-5.95600000,ok,,flexible
"PEPTIDE1{Pr_Gly.meL.A.dL.meF.F.Me_dL}$PEPTIDE1,PEPTIDE1,1:R1-7:R2$$$",-5.37400000,ok,,flexible
"PEPTIDE1{dF.Mono38.L.meF.pentyl_Gly.cHexCH2_Gly.Met(O2)}$PEPTIDE1,PEPTIDE1,1:R1-7:R2$$$",-5.71400000,ok,,flexible
"PEPTIDE1{A.meS.T.meL.Phe(4-CF3).V.dP}$PEPTIDE1,PEPTIDE1,1:R1-7:R2$$$",-6.05100000,ok,,flexible
"PEPTIDE1{Me_dA.meF.meA.T.L.meI.F}$PEPTIDE1,PEPTIDE1,1:R1-7:R2$$$",-5.56100000,ok,,flexible
"PEPTIDE1{A.F.T.meF.Me_dL.dL.L}$PEPTIDE1,PEPTIDE1,1:R1-7:R2$$$",-5.28000000,ok,,flexible
"PEPTIDE1{meA.V.L.Ser(tBu).F.Me_dL.I}$PEPTIDE1,PEPTIDE1,1:R1-7:R2$$$",-5.73700000,ok,,flexible
"PEPTIDE1{L.pentyl_Gly.I.Mono84.meL.T.P}$PEPTIDE1,PEPTIDE1,1:R1-7:R2$$$",-5.30500000,ok,,flexible
"PEPTIDE1{A.Pr_Gly.meL.Me_dL.Me_Phe(3-Cl).I.L}$PEPTIDE1,PEPTIDE1,1:R1-7:R2$$$",-5.02300000,ok,,flexible
"PEPTIDE1{dA.A.F.V.L.T.G}$PEPTIDE1,PEPTIDE1,1:R1-7:R2$$$",-6.41000000,ok,,flexible
"PEPTIDE1{Mono6.meL.A.dP.Me_dL.Me_dL.meY}$PEPTIDE1,PEPTIDE1,1:R1-7:R2$$$",-6.09200000,ok,,flexible
"PEPTIDE1{L.Mono38.Aoc(2).L.A.P.F}$PEPTIDE1,PEPTIDE1,1:R1-7:R2$$$",-6.01900000,ok,,flexible
"PEPTIDE1{L.meF.meL.I.G.Mono84.Me_Phe(3-Cl)}$PEPTIDE1,PEPTIDE1,1:R1-7:R2$$$",-6.20000000,ok,,flexible
"PEPTIDE1{dA.meF.meS.Phe(4-CF3).meA.Ser(tBu).T}$PEPTIDE1,PEPTIDE1,1:R1-7:R2$$$",-5.99700000,ok,,flexible
"PEPTIDE1{dF.L.A.Me_dL.dA.meL.P}$PEPTIDE1,PEPTIDE1,1:R1-7:R2$$$",-5.80700000,ok,,flexible
"PEPTIDE1{meA.T.meS.Mono7.Me_dL.D.Mono8}$PEPTIDE1,PEPTIDE1,1:R1-7:R2$$$",-6.16200000,ok,,flexible
"PEPTIDE1{dV.meS.A.T.meA.meL.Ala(5-Tet)}$PEPTIDE1,PEPTIDE1,1:R1-7:R2$$$",-6.43100000,ok,,flexible
"PEPTIDE1{meA.T.A.Me_dL.F.L.Ser(tBu)}$PEPTIDE1,PEPTIDE1,1:R1-7:R2$$$",-6.18900000,ok,,flexible
"PEPTIDE1{meA.T.dL.3Pal.Aoc(2).Mono84.P}$PEPTIDE1,PEPTIDE1,1:R1-7:R2$$$",-6.14700000,ok,,flexible
"PEPTIDE1{L.Abu.Ala(5-Tet).meS.V.meA.meF}$PEPTIDE1,PEPTIDE1,1:R1-7:R2$$$",-6.22200000,ok,,flexible
"PEPTIDE1{meA.T.L.dL.Ser(tBu).dP.Me_dA}$PEPTIDE1,PEPTIDE1,1:R1-7:R2$$$",-5.57300000,ok,,flexible
"PEPTIDE1{Me_Bal.V.F.P.T.A.Ser(tBu)}$PEPTIDE1,PEPTIDE1,1:R1-7:R2$$$",-6.47500000,ok,,flexible
"PEPTIDE1{F.dP.Me_dL.Me_dA.meL.Abu.dL}$PEPTIDE1,PEPTIDE1,1:R1-7:R2$$$",-6.68900000,ok,,flexible
"PEPTIDE1{P.Pr_Gly.Me_dA.meL.dL.meF.L}$PEPTIDE1,PEPTIDE1,1:R1-7:R2$$$",-6.00200000,ok,,flexible
"PEPTIDE1{Me_dA.L.T.A.Bn_Gly.I.meA}$PEPTIDE1,PEPTIDE1,1:R1-7:R2$$$",-5.70500000,ok,,flexible
"PEPTIDE1{Me_Bal.P.meF.meS.Me_dL.T.V}$PEPTIDE1,PEPTIDE1,1:R1-7:R2$$$",-5.74300000,ok,,flexible
"PEPTIDE1{meA.T.meF.meL.meS.dL.meL}$PEPTIDE1,PEPTIDE1,1:R1-7:R2$$$",-5.50900000,ok,,flexible
"PEPTIDE1{P.meA.Pr_Gly.A.G.I.A}$PEPTIDE1,PEPTIDE1,1:R1-7:R2$$$",-5.96500000,ok,,flexible
"PEPTIDE1{meA.Mono38.A.dP.T.meL.L}$PEPTIDE1,PEPTIDE1,1:R1-7:R2$$$",-5.96700000,ok,,flexible
"PEPTIDE1{dV.meL.Aoc(2).Sar.L.A.meA}$PEPTIDE1,PEPTIDE1,1:R1-7:R2$$$",-5.51100000,ok,,flexible
"PEPTIDE1{Mono6.T.Me_dL.meF.meL.P.meL}$PEPTIDE1,PEPTIDE1,1:R1-7:R2$$$",-5.76100000,ok,,flexible
"PEPTIDE1{Me_dA.L.meI.meF.meL.meA.meL}$PEPTIDE1,PEPTIDE1,1:R1-7:R2$$$",-5.63000000,ok,,flexible
"PEPTIDE1{L.T.Abu.meL.F.Me_dL.meS}$PEPTIDE1,PEPTIDE1,1:R1-7:R2$$$",-5.58300000,ok,,flexible
"PEPTIDE1{meA.Me_dL.meL.meS.A.Abu.L}$PEPTIDE1,PEPTIDE1,1:R1-7:R2$$$",-6.05000000,ok,,flexible
"PEPTIDE1{A.T.meL.L.dP.Me_dL.meA}$PEPTIDE1,PEPTIDE1,1:R1-7:R2$$$",-6.18600000,ok,,flexible
"PEPTIDE1{Pr_Gly.T.Me_dA.A.Me_dL.meS.Abu}$PEPTIDE1,PEPTIDE1,1:R1-7:R2$$$",-5.62400000,ok,,flexible
"PEPTIDE1{Pr_Gly.meA.Me_dL.meL.Ala(5-Tet).Me_dA.meF}$PEPTIDE1,PEPTIDE1,1:R1-7:R2$$$",-5.40500000,ok,,flexible
"PEPTIDE1{Pr_Gly.Aib.meL.F.A.Me_dA.meL}$PEPTIDE1,PEPTIDE1,1:R1-7:R2$$$",-6.59600000,ok,,flexible
"PEPTIDE1{Mono6.Ser(tBu).L.meA.Me_dL.A.Me_dA}$PEPTIDE1,PEPTIDE1,1:R1-7:R2$$$",-6.08700000,ok,,flexible
"PEPTIDE1{dF.P.L.dL.L.dP.meL}$PEPTIDE1,PEPTIDE1,1:R1-7:R2$$$",-5.42900000,ok,,flexible
"PEPTIDE1{meA.T.Me_dA.L.meL.A.meS}$PEPTIDE1,PEPTIDE1,1:R1-7:R2$$$",-6.21600000,ok,,flexible
"PEPTIDE1{meA.Me_dA.dL.meL.L.meL.Ser(tBu)}$PEPTIDE1,PEPTIDE1,1:R1-7:R2$$$",-5.41800000,ok,,flexible
"PEPTIDE1{meA.meV.G.L.meF.Me_dL.A}$PEPTIDE1,PEPTIDE1,1:R1-7:R2$$$",-6.49700000,ok,,flexible
"PEPTIDE1{Me_Bal.meL.V.V.meA.dP.dV}$PEPTIDE1,PEPTIDE1,1:R1-7:R2$$$",-6.04500000,ok,,flexible
"PEPTIDE1{meA.Me_dL.T.Sar.meL.L.L}$PEPTIDE1,PEPTIDE1,1:R1-7:R2$$$",-5.94200000,ok,,flexible
"PEPTIDE1{F.A.meL.Sar.meA.Aoc(2).Abu}$PEPTIDE1,PEPTIDE1,1:R1-7:R2$$$",-5.69300000,ok,,flexible
"PEPTIDE1{Me_dA.Sar.L.Me_dL.meL.Ser(tBu).G}$PEPTIDE1,PEPTIDE1,1:R1-7:R2$$$",-5.76200000,ok,,flexible
"PEPTIDE1{dP.dPye.Me_dA.meA.dL.meL.T}$PEPTIDE1,PEPTIDE1,1:R1-7:R2$$$",-5.52300000,ok,,flexible
"PEPTIDE1{meA.meF.F.meL.G.V.Sar}$PEPTIDE1,PEPTIDE1,1:R1-7:R2$$$",-6.36700000,ok,,flexible
"PEPTIDE1{Me_Bal.meL.Me_dL.meF.P.V.T}$PEPTIDE1,PEPTIDE1,1:R1-7:R2$$$",-6.85700000,ok,,flexible
"PEPTIDE1{A.meS.T.meA.Me_dL.Aoc(2).dL}$PEPTIDE1,PEPTIDE1,1:R1-7:R2$$$",-5.14600000,ok,,flexible
"PEPTIDE1{Me_Bal.A.T.F.dL.Ser(tBu).T}$PEPTIDE1,PEPTIDE1,1:R1-7:R2$$$",-5.82000000,ok,,flexible
"PEPTIDE1{meA.meL.meL.I.T.L.V}$PEPTIDE1,PEPTIDE1,1:R1-7:R2$$$",-5.52800000,ok,,flexible
"PEPTIDE1{meL.meS.T.meS.Abu.Me_dL.dL}$PEPTIDE1,PEPTIDE1,1:R1-7:R2$$$",-5.76400000,ok,,flexible
"PEPTIDE1{A.Me_dA.meS.T.meL.meA.L}$PEPTIDE1,PEPTIDE1,1:R1-7:R2$$$",-5.60200000,ok,,flexible
"PEPTIDE1{P.meA.A.L.Me_dL.F.meF}$PEPTIDE1,PEPTIDE1,1:R1-7:R2$$$",-6.32700000,ok,,flexible
"PEPTIDE1{meA.dP.L.meF.meL.Me_dL.meF}$PEPTIDE1,PEPTIDE1,1:R1-7:R2$$$",-5.62600000,ok,,flexible
"PEPTIDE1{Me_dA.pentyl_Gly.meL.dL.T.Ser(tBu).L}$PEPTIDE1,PEPTIDE1,1:R1-7:R2$$$",-5.06500000,ok,,flexible
"PEPTIDE1{meA.G.Ser(tBu).Me_dL.L.dV.dA}$PEPTIDE1,PEPTIDE1,1:R1-7:R2$$$",-6.22300000,ok,,flexible
"PEPTIDE1{L.meA.T.meS.meF.dP.L}$PEPTIDE1,PEPTIDE1,1:R1-7:R2$$$",-5.87100000,ok,,flexible
"PEPTIDE1{A.T.L.meA.meL.meF.Sar}$PEPTIDE1,PEPTIDE1,1:R1-7:R2$$$",-5.81100000,ok,,flexible
"PEPTIDE1{meA.A.Pr_Gly.meS.V.meL.Me_dL}$PEPTIDE1,PEPTIDE1,1:R1-7:R2$$$",-5.27700000,ok,,flexible
"PEPTIDE1{L.Abu.dP.T.Ala(5-Tet).Me_dL.meA}$PEPTIDE1,PEPTIDE1,1:R1-7:R2$$$",-5.80900000,ok,,flexible
"PEPTIDE1{dV.L.T.L.I.I.V}$PEPTIDE1,PEPTIDE1,1:R1-7:R2$$$",-5.47200000,ok,,flexible
"PEPTIDE1{L.meL.T.F.dL.I.V}$PEPTIDE1,PEPTIDE1,1:R1-7:R2$$$",-5.57200000,ok,,flexible
"PEPTIDE1{Me_Bal.A.L.Mono84.I.Ser(tBu).T}$PEPTIDE1,PEPTIDE1,1:R1-7:R2$$$",-5.60700000,ok,,flexible
"PEPTIDE1{dV.meF.meA.T.dA.V.meA}$PEPTIDE1,PEPTIDE1,1:R1-7:R2$$$",-6.62100000,ok,,flexible
"PEPTIDE1{A.T.meA.meF.meS.meS.L}$PEPTIDE1,PEPTIDE1,1:R1-7:R2$$$",-6.20800000,ok,,flexible
"PEPTIDE1{meA.meF.T.P.T.A.dL}$PEPTIDE1,PEPTIDE1,1:R1-7:R2$$$",-6.39700000,ok,,flexible
"PEPTIDE1{Pr_Gly.T.Me_dA.meL.Me_dL.dP.Me_dL}$PEPTIDE1,PEPTIDE1,1:R1-7:R2$$$",-5.84800000,ok,,flexible
"PEPTIDE1{A.meL.P.meA.dL.meS.L}$PEPTIDE1,PEPTIDE1,1:R1-7:R2$$$",-6.04700000,ok,,flexible
"PEPTIDE1{meL.Me_dL.meA.meF.Me_dA.dL.T}$PEPTIDE1,PEPTIDE1,1:R1-7:R2$$$",-5.26700000,ok,,flexible
"PEPTIDE1{Mono6.A.meA.meF.Me_dL.dL.T}$PEPTIDE1,PEPTIDE1,1:R1-7:R2$$$",-7.10800000,ok,,flexible
"PEPTIDE1{Me_Bal.Mono78.T.meY.meL.dP.L}$PEPTIDE1,PEPTIDE1,1:R1-7:R2$$$",-6.41500000,ok,,flexible
"PEPTIDE1{meA.T.L.meL.dP.Me_dL.L}$PEPTIDE1,PEPTIDE1,1:R1-7:R2$$$",-6.07000000,ok,,flexible
"PEPTIDE1{Me_Bal.A.meL.T.F.meL.Me_dL}$PEPTIDE1,PEPTIDE1,1:R1-7:R2$$$",-5.71700000,ok,,flexible
"PEPTIDE1{Mono6.pentyl_Gly.V.dL.T.meA.Me_dL}$PEPTIDE1,PEPTIDE1,1:R1-7:R2$$$",-5.46600000,ok,,flexible
"PEPTIDE1{A.L.Ala(5-Tet).meL.T.meS.Aoc(2)}$PEPTIDE1,PEPTIDE1,1:R1-7:R2$$$",-5.17500000,ok,,flexible
"PEPTIDE1{dV.cHexCH2_Gly.T.Me_dL.V.F.I}$PEPTIDE1,PEPTIDE1,1:R1-7:R2$$$",-5.47800000,ok,,flexible
"PEPTIDE1{P.A.meL.Ser(tBu).V.L.dP}$PEPTIDE1,PEPTIDE1,1:R1-7:R2$$$",-6.04600000,ok,,flexible
"PEPTIDE1{Me_dA.L.P.dP.dP.P.A}$PEPTIDE1,PEPTIDE1,1:R1-7:R2$$$",-7.68000000,ok,,flexible
"PEPTIDE1{Me_dA.F.V.Me_dL.A.meA.Ser(tBu)}$PEPTIDE1,PEPTIDE1,1:R1-7:R2$$$",-6.38500000,ok,,flexible
"PEPTIDE1{Me_Bal.A.dL.V.Me_dL.meL.meL}$PEPTIDE1,PEPTIDE1,1:R1-7:R2$$$",-5.90700000,ok,,flexible
"PEPTIDE1{dF.A.T.P.dP.meL.meS}$PEPTIDE1,PEPTIDE1,1:R1-7:R2$$$",-6.60900000,ok,,flexible
"PEPTIDE1{Me_dA.meF.Bn_Gly.A.L.T.V}$PEPTIDE1,PEPTIDE1,1:R1-7:R2$$$",-5.86900000,ok,,flexible
"PEPTIDE1{dV.Aoc(2).Abu.V.I.Me_dL.meF}$PEPTIDE1,PEPTIDE1,1:R1-7:R2$$$",-5.17800000,ok,,flexible
"PEPTIDE1{A.T.Me_dL.G.meL.dF.A}$PEPTIDE1,PEPTIDE1,1:R1-7:R2$$$",-6.79000000,ok,,flexible
"PEPTIDE1{dV.Sar.T.meS.dL.P.meF}$PEPTIDE1,PEPTIDE1,1:R1-7:R2$$$",-6.29800000,ok,,flexible
"PEPTIDE1{Sar.Me_dL.T.meA.meV.meF.L}$PEPTIDE1,PEPTIDE1,1:R1-7:R2$$$",-6.14000000,ok,,flexible
"PEPTIDE1{dA.Nle.F.L.Ser(tBu).L.A}$PEPTIDE1,PEPTIDE1,1:R1-7:R2$$$",-6.13800000,ok,,flexible
"PEPTIDE1{meA.meS.T.meF.meL.meS.Aoc(2)}$PEPTIDE1,PEPTIDE1,1:R1-7:R2$$$",-5.26900000,ok,,flexible
"PEPTIDE1{dV.Abu.L.meA.Me_dA.P.A}$PEPTIDE1,PEPTIDE1,1:R1-7:R2$$$",-6.31300000,ok,,flexible
"PEPTIDE1{dV.meL.meF.dL.T.meV.meA}$PEPTIDE1,PEPTIDE1,1:R1-7:R2$$$",-6.12000000,ok,,flexible
"PEPTIDE1{Pr_Gly.meF.L.meA.Me_Phe(3-Cl).meL.Me_dL}$PEPTIDE1,PEPTIDE1,1:R1-7:R2$$$",-5.50900000,ok,,flexible
"PEPTIDE1{dV.L.meL.meS.T.Abu.Me_dL}$PEPTIDE1,PEPTIDE1,1:R1-7:R2$$$",-4.90600000,ok,,flexible
"PEPTIDE1{A.dP.meF.V.P.L.meL}$PEPTIDE1,PEPTIDE1,1:R1-7:R2$$$",-6.01100000,ok,,flexible
"PEPTIDE1{F.meL.L.meS.Ala(5-Tet).T.meA}$PEPTIDE1,PEPTIDE1,1:R1-7:R2$$$",-6.43000000,ok,,flexible
"PEPTIDE1{F.L.G.L.T.dL.Aib}$PEPTIDE1,PEPTIDE1,1:R1-7:R2$$$",-6.24300000,ok,,flexible
"PEPTIDE1{Me_Bal.Pr_Gly.L.Ser(tBu).T.L.Et_Gly}$PEPTIDE1,PEPTIDE1,1:R1-7:R2$$$",-4.80500000,ok,,flexible
"PEPTIDE1{dV.A.Abu.meL.dL.V.meF}$PEPTIDE1,PEPTIDE1,1:R1-7:R2$$$",-5.75500000,ok,,flexible
"PEPTIDE1{Me_dA.L.A.meL.F.meA.meV}$PEPTIDE1,PEPTIDE1,1:R1-7:R2$$$",-6.57800000,ok,,flexible
"PEPTIDE1{meL.P.meF.dL.Ser(tBu).A.L}$PEPTIDE1,PEPTIDE1,1:R1-7:R2$$$",-6.33900000,ok,,flexible
"PEPTIDE1{A.meA.Pr_Gly.meL.T.Me_dL.F}$PEPTIDE1,PEPTIDE1,1:R1-7:R2$$$",-5.75000000,ok,,flexible
"PEPTIDE1{Pr_Gly.T.meL.meA.meF.Me_dL.dL}$PEPTIDE1,PEPTIDE1,1:R1-7:R2$$$",-5.22300000,ok,,flexible
"PEPTIDE1{dA.T.F.meA.A.Me_dL.meI}$PEPTIDE1,PEPTIDE1,1:R1-7:R2$$$",-5.72500000,ok,,flexible
"PEPTIDE1{Pr_Gly.T.dP.L.A.meL.Me_dA}$PEPTIDE1,PEPTIDE1,1:R1-7:R2$$$",-6.77500000,ok,,flexible
"PEPTIDE1{Me_dA.A.P.dP.meA.meS.T}$PEPTIDE1,PEPTIDE1,1:R1-7:R2$$$",-6.91600000,ok,,flexible
"PEPTIDE1{meA.dL.meL.L.Me_dA.Ser(tBu).T}$PEPTIDE1,PEPTIDE1,1:R1-7:R2$$$",-5.57700000,ok,,flexible
"PEPTIDE1{Me_dA.Me_dL.meL.meL.Mono6.T.dP}$PEPTIDE1,PEPTIDE1,1:R1-7:R2$$$",-5.97100000,ok,,flexible
"PEPTIDE1{Pr_Gly.Me_dA.F.meV.V.meL.G}$PEPTIDE1,PEPTIDE1,1:R1-7:R2$$$",-5.52200000,ok,,flexible
"PEPTIDE1{dA.F.Aoc(2).A.meL.dP.meS}$PEPTIDE1,PEPTIDE1,1:R1-7:R2$$$",-5.56700000,ok,,flexible
"PEPTIDE1{dA.P.L.dL.Me_dL.Ser(tBu).T}$PEPTIDE1,PEPTIDE1,1:R1-7:R2$$$",-6.01300000,ok,,flexible
"PEPTIDE1{Mono6.P.L.L.A.Ser(tBu).Mono86}$PEPTIDE1,PEPTIDE1,1:R1-7:R2$$$",-6.02400000,ok,,flexible
"PEPTIDE1{meA.T.P.I.T.Me_dL.A}$PEPTIDE1,PEPTIDE1,1:R1-7:R2$$$",-5.94100000,ok,,flexible
"PEPTIDE1{dV.meL.meF.T.P.F.I}$PEPTIDE1,PEPTIDE1,1:R1-7:R2$$$",-6.05600000,ok,,flexible
"PEPTIDE1{dA.dPye.P.F.Pr_Gly.dL.meA}$PEPTIDE1,PEPTIDE1,1:R1-7:R2$$$",-6.53000000,ok,,flexible
"PEPTIDE1{dA.meL.A.dP.Ala(5-Tet).meS.Abu}$PEPTIDE1,PEPTIDE1,1:R1-7:R2$$$",-6.48800000,ok,,flexible
"PEPTIDE1{dV.A.Sar.meA.T.meL.meF}$PEPTIDE1,PEPTIDE1,1:R1-7:R2$$$",-6.23800000,ok,,flexible
"PEPTIDE1{Me_dA.L.A.Abu.meA.I.3Pal}$PEPTIDE1,PEPTIDE1,1:R1-7:R2$$$",-6.85800000,ok,,flexible
"PEPTIDE1{L.meS.meL.meF.Sar.T.T}$PEPTIDE1,PEPTIDE1,1:R1-7:R2$$$",-5.55800000,ok,,flexible
"PEPTIDE1{meA.meL.T.Me_dL.meY.A.F}$PEPTIDE1,PEPTIDE1,1:R1-7:R2$$$",-5.78400000,ok,,flexible
"PEPTIDE1{A.G.meA.T.F.I.dP}$PEPTIDE1,PEPTIDE1,1:R1-7:R2$$$",-6.70400000,ok,,flexible
"PEPTIDE1{meL.P.A.Me_dL.meS.Aoc(2).Abu}$PEPTIDE1,PEPTIDE1,1:R1-7:R2$$$",-5.34900000,ok,,flexible
"PEPTIDE1{meL.meF.meS.Abu.A.meA.F}$PEPTIDE1,PEPTIDE1,1:R1-7:R2$$$",-6.30000000,ok,,flexible
"PEPTIDE1{F.Mono38.cHexCH2_Gly.L.Me_Phe(3-Cl).G.Ser(tBu)}$PEPTIDE1,PEPTIDE1,1:R1-7:R2$$$",-6.05200000,ok,,flexible
"PEPTIDE1{dA.meA.A.G.F.Ser(tBu).dL}$PEPTIDE1,PEPTIDE1,1:R1-7:R2$$$",-6.19200000,ok,,flexible
"PEPTIDE1{Me_Bal.Me_dL.meF.meL.Ser(tBu).I.G}$PEPTIDE1,PEPTIDE1,1:R1-7:R2$$$",-5.62500000,ok,,flexible
"PEPTIDE1{Pr_Gly.Sar.V.meL.Me_dL.G.A}$PEPTIDE1,PEPTIDE1,1:R1-7:R2$$$",-6.13700000,ok,,flexible
"PEPTIDE1{F.cHexCH2_Gly.pentyl_Gly.L.dL.Ser(tBu).T}$PEPTIDE1,PEPTIDE1,1:R1-7:R2$$$",-4.62900000,ok,,flexible
"PEPTIDE1{L.Sar.T.meA.Me_dL.A.I}$PEPTIDE1,PEPTIDE1,1:R1-7:R2$$$",-5.50500000,ok,,flexible
"PEPTIDE1{Pr_Gly.Me_dL.T.L.meS.Ala(5-Tet).Me_dA}$PEPTIDE1,PEPTIDE1,1:R1-7:R2$$$",-5.59600000,ok,,flexible
"PEPTIDE1{A.pentyl_Gly.meL.T.V.G.Me_dL}$PEPTIDE1,PEPTIDE1,1:R1-7:R2$$$",-5.44900000,ok,,flexible
"PEPTIDE1{A.meA.dL.F.Ser(tBu).I.L}$PEPTIDE1,PEPTIDE1,1:R1-7:R2$$$",-5.51300000,ok,,flexible
"PEPTIDE1{meA.P.T.meF.T.meL.L}$PEPTIDE1,PEPTIDE1,1:R1-7:R2$$$",-6.12600000,ok,,flexible
"PEPTIDE1{Pr_Gly.Me_dL.T.Me_dA.meS.meA.A}$PEPTIDE1,PEPTIDE1,1:R1-7:R2$$$",-5.66600000,ok,,flexible
"PEPTIDE1{Me_dA.pentyl_Gly.L.dL.A.meL.Et_Gly}$PEPTIDE1,PEPTIDE1,1:R1-7:R2$$$",-5.00800000,ok,,flexible
"PEPTIDE1{A.T.T.Mono86.L.meL.Ser(tBu)}$PEPTIDE1,PEPTIDE1,1:R1-7:R2$$$",-5.66900000,ok,,flexible
"PEPTIDE1{Me_Bal.V.T.meA.L.I.A}$PEPTIDE1,PEPTIDE1,1:R1-7:R2$$$",-5.88900000,ok,,flexible
"PEPTIDE1{meA.T.meF.A.meL.meL.dL}$PEPTIDE1,PEPTIDE1,1:R1-7:R2$$$",-5.62100000,ok,,flexible
"PEPTIDE1{Me_Bal.dP.L.T.meL.I.Mono78}$PEPTIDE1,PEPTIDE1,1:R1-7:R2$$$",-5.88800000,ok,,flexible
"PEPTIDE1{meA.T.T.meL.meF.Abu.I}$PEPTIDE1,PEPTIDE1,1:R1-7:R2$$$",-5.64800000,ok,,flexible
"PEPTIDE1{dA.F.meL.Bn_Gly.V.G.Me_Phe(3-Cl)}$PEPTIDE1,PEPTIDE1,1:R1-7:R2$$$",-6.61000000,ok,,flexible
"PEPTIDE1{meA.L.T.A.meL.I.I}$PEPTIDE1,PEPTIDE1,1:R1-7:R2$$$",-5.08700000,ok,,flexible
"PEPTIDE1{meL.Mono38.A.L.dL.dV.dP}$PEPTIDE1,PEPTIDE1,1:R1-7:R2$$$",-5.70100000,ok,,flexible
"PEPTIDE1{Me_dA.Me_dL.meL.L.meA.Sar.Ser(tBu)}$PEPTIDE1,PEPTIDE1,1:R1-7:R2$$$",-5.82100000,ok,,flexible
"PEPTIDE1{Mono6.meA.Ala(5-Tet).Sar.T.P.dL}$PEPTIDE1,PEPTIDE1,1:R1-7:R2$$$",-6.23900000,ok,,flexible
"PEPTIDE1{meL.T.dP.A.meS.Me_dL.meF}$PEPTIDE1,PEPTIDE1,1:R1-7:R2$$$",-5.75300000,ok,,flexible
"PEPTIDE1{Me_Bal.meA.V.dL.Me_dL.meV.L}$PEPTIDE1,PEPTIDE1,1:R1-7:R2$$$",-6.17100000,ok,,flexible
"PEPTIDE1{dF.Me_Nle.meL.dP.meS.A.Abu}$PEPTIDE1,PEPTIDE1,1:R1-7:R2$$$",-5.95900000,ok,,flexible
"PEPTIDE1{A.meL.Ser(tBu).L.F.dL.meF}$PEPTIDE1,PEPTIDE1,1:R1-7:R2$$$",-5.77100000,ok,,flexible
"PEPTIDE1{dV.V.T.T.L.I.F}$PEPTIDE1,PEPTIDE1,1:R1-7:R2$$$",-5.90200000,ok,,flexible
"PEPTIDE1{F.L.meL.A.meL.Sar.meF}$PEPTIDE1,PEPTIDE1,1:R1-7:R2$$$",-6.23200000,ok,,flexible
"PEPTIDE1{dV.meS.Sar.L.A.dL.meF}$PEPTIDE1,PEPTIDE1,1:R1-7:R2$$$",-6.42400000,ok,,flexible
"PEPTIDE1{A.pentyl_Gly.L.meL.Me_dL.meS.meA}$PEPTIDE1,PEPTIDE1,1:R1-7:R2$$$",-5.41700000,ok,,flexible
"PEPTIDE1{Mono6.T.dL.T.3Pal.Aoc(2).V}$PEPTIDE1,PEPTIDE1,1:R1-7:R2$$$",-5.86700000,ok,,flexible
"PEPTIDE1{meL.I.T.L.T.Aoc(2).meL}$PEPTIDE1,PEPTIDE1,1:R1-7:R2$$$",-5.38300000,ok,,flexible
"PEPTIDE1{F.T.meL.P.meS.Me_dA.dL}$PEPTIDE1,PEPTIDE1,1:R1-7:R2$$$",-5.48100000,ok,,flexible
"PEPTIDE1{dA.Mono38.A.Mono78.L.F.T}$PEPTIDE1,PEPTIDE1,1:R1-7:R2$$$",-6.32800000,ok,,flexible
"PEPTIDE1{dA.A.dL.meL.meS.F.meA}$PEPTIDE1,PEPTIDE1,1:R1-7:R2$$$",-6.27400000,ok,,flexible
"PEPTIDE1{dF.dP.Nle.meL.dL.A.I}$PEPTIDE1,PEPTIDE1,1:R1-7:R2$$$",-5.69400000,ok,,flexible
"PEPTIDE1{dA.dL.Mono38.L.dP.P.Me_Phe(3-Cl)}$PEPTIDE1,PEPTIDE1,1:R1-7:R2$$$",-5.45600000,ok,,flexible
"PEPTIDE1{meL.meS.Sar.T.Aoc(2).Ala(5-Tet).Abu}$PEPTIDE1,PEPTIDE1,1:R1-7:R2$$$",-5.59800000,ok,,flexible
"PEPTIDE1{Sar.V.T.meA.dV.meL.meV}$PEPTIDE1,PEPTIDE1,1:R1-7:R2$$$",-5.89700000,ok,,flexible
"PEPTIDE1{dA.T.dL.A.L.L.Me_dL}$PEPTIDE1,PEPTIDE1,1:R1-7:R2$$$",-5.42100000,ok,,flexible
"PEPTIDE1{F.Pr_Gly.meA.T.Me_dA.A.dL}$PEPTIDE1,PEPTIDE1,1:R1-7:R2$$$",-5.99100000,ok,,flexible
"PEPTIDE1{P.A.L.meF.dL.T.T}$PEPTIDE1,PEPTIDE1,1:R1-7:R2$$$",-6.02300000,ok,,flexible
"PEPTIDE1{L.Phe(4-CF3).A.meA.Abu.meS.meL}$PEPTIDE1,PEPTIDE1,1:R1-7:R2$$$",-5.79000000,ok,,flexible
"PEPTIDE1{A.Ala(5-Tet).T.meA.F.meL.meF}$PEPTIDE1,PEPTIDE1,1:R1-7:R2$$$",-5.91000000,ok,,flexible
"PEPTIDE1{F.L.T.Et_Gly.L.Mono84.meL}$PEPTIDE1,PEPTIDE1,1:R1-7:R2$$$",-5.67200000,ok,,flexible
"PEPTIDE1{dA.L.meV.F.Ser(tBu).meL.V}$PEPTIDE1,PEPTIDE1,1:R1-7:R2$$$",-5.35200000,ok,,flexible
"PEPTIDE1{meA.G.F.A.I.V.meF}$PEPTIDE1,PEPTIDE1,1:R1-7:R2$$$",-6.58300000,ok,,flexible
"PEPTIDE1{dA.cHexCH2_Gly.V.meF.F.T.P}$PEPTIDE1,PEPTIDE1,1:R1-7:R2$$$",-6.16000000,ok,,flexible
"PEPTIDE1{Me_dA.T.meA.meS.Me_dL.T.meL}$PEPTIDE1,PEPTIDE1,1:R1-7:R2$$$",-6.13200000,ok,,flexible
"PEPTIDE1{F.cHexCH2_Gly.Mono38.dL.L.meI.Mono84}$PEPTIDE1,PEPTIDE1,1:R1-7:R2$$$",-6.06000000,ok,,flexible
"PEPTIDE1{meA.P.pentyl_Gly.meL.meL.Me_dL.T}$PEPTIDE1,PEPTIDE1,1:R1-7:R2$$$",-5.46500000,ok,,flexible
"PEPTIDE1{dV.T.meS.Sar.meA.A.dL}$PEPTIDE1,PEPTIDE1,1:R1-7:R2$$$",-6.02700000,ok,,flexible
"PEPTIDE1{F.meL.A.T.meS.Ala(5-Tet).L}$PEPTIDE1,PEPTIDE1,1:R1-7:R2$$$",-5.52300000,ok,,flexible
"PEPTIDE1{Mono6.meA.Me_dL.Ser(tBu).V.L.Me_dL}$PEPTIDE1,PEPTIDE1,1:R1-7:R2$$$",-5.02900000,ok,,flexible
"PEPTIDE1{dA.T.meL.Me_dL.L.meF.Ser(tBu)}$PEPTIDE1,PEPTIDE1,1:R1-7:R2$$$",-5.96200000,ok,,flexible
"PEPTIDE1{A.Me_dAbu.V.F.T.meL.meF}$PEPTIDE1,PEPTIDE1,1:R1-7:R2$$$",-5.82000000,ok,,flexible
"PEPTIDE1{dV.Me_dL.L.A.meS.meF.meL}$PEPTIDE1,PEPTIDE1,1:R1-7:R2$$$",-5.61000000,ok,,flexible
"PEPTIDE1{L.meF.A.meV.dL.meL.T}$PEPTIDE1,PEPTIDE1,1:R1-7:R2$$$",-5.83000000,ok,,flexible
"PEPTIDE1{Pr_Gly.Me_dA.L.meS.Me_dL.meL.Abu}$PEPTIDE1,PEPTIDE1,1:R1-7:R2$$$",-5.21400000,ok,,flexible
"PEPTIDE1{Mono6.A.V.Me_dL.meA.F.meL}$PEPTIDE1,PEPTIDE1,1:R1-7:R2$$$",-5.86600000,ok,,flexible
"PEPTIDE1{meA.meV.V.dL.L.I.P}$PEPTIDE1,PEPTIDE1,1:R1-7:R2$$$",-5.46500000,ok,,flexible
"PEPTIDE1{dV.Pr_Gly.A.meL.meF.G.Ser(tBu)}$PEPTIDE1,PEPTIDE1,1:R1-7:R2$$$",-5.26000000,ok,,flexible
"PEPTIDE1{meA.V.dL.Me_dL.P.meL.T}$PEPTIDE1,PEPTIDE1,1:R1-7:R2$$$",-5.68100000,ok,,flexible
"PEPTIDE1{Me_dA.meA.L.F.T.Ser(tBu).dP}$PEPTIDE1,PEPTIDE1,1:R1-7:R2$$$",-6.11200000,ok,,flexible
"PEPTIDE1{meA.V.meL.A.Ser(tBu).F.meF}$PEPTIDE1,PEPTIDE1,1:R1-7:R2$$$",-5.35500000,ok,,flexible
"PEPTIDE1{meA.A.meS.meS.L.meL.T}$PEPTIDE1,PEPTIDE1,1:R1-7:R2$$$",-5.65400000,ok,,flexible
"PEPTIDE1{Me_Bal.meL.meL.meA.Me_dL.L.T}$PEPTIDE1,PEPTIDE1,1:R1-7:R2$$$",-5.39200000,ok,,flexible
"PEPTIDE1{P.meL.L.Ser(tBu).dL.A.Me_Phe(3-Cl)}$PEPTIDE1,PEPTIDE1,1:R1-7:R2$$$",-5.61800000,ok,,flexible
"PEPTIDE1{Pr_Gly.pentyl_Gly.P.Ser(tBu).Mono38.L.dL}$PEPTIDE1,PEPTIDE1,1:R1-7:R2$$$",-5.32900000,ok,,flexible
"PEPTIDE1{Me_Bal.L.cHexCH2_Gly.meL.Ser(tBu).meF.V}$PEPTIDE1,PEPTIDE1,1:R1-7:R2$$$",-5.25100000,ok,,flexible
"PEPTIDE1{Me_Bal.A.P.I.L.dL.meL}$PEPTIDE1,PEPTIDE1,1:R1-7:R2$$$",-5.76300000,ok,,flexible
"PEPTIDE1{F.L.Aoc(2).I.dP.L.P}$PEPTIDE1,PEPTIDE1,1:R1-7:R2$$$",-5.23600000,ok,,flexible
"PEPTIDE1{L.meF.V.meL.P.meY.meA}$PEPTIDE1,PEPTIDE1,1:R1-7:R2$$$",-6.32200000,ok,,flexible
"PEPTIDE1{A.T.Abu.Ala(5-Tet).meS.Sar.meA}$PEPTIDE1,PEPTIDE1,1:R1-7:R2$$$",-6.46700000,ok,,flexible
"PEPTIDE1{Me_dA.L.dP.dL.Me_dL.meL.meA}$PEPTIDE1,PEPTIDE1,1:R1-7:R2$$$",-5.78900000,ok,,flexible
"PEPTIDE1{dA.P.meL.A.Abu.L.Sar}$PEPTIDE1,PEPTIDE1,1:R1-7:R2$$$",-6.35200000,ok,,flexible
"PEPTIDE1{dF.L.A.I.meL.meF.meS}$PEPTIDE1,PEPTIDE1,1:R1-7:R2$$$",-5.47600000,ok,,flexible
"PEPTIDE1{L.meA.meS.meF.T.P.Me_dA}$PEPTIDE1,PEPTIDE1,1:R1-7:R2$$$",-6.72400000,ok,,flexible
"PEPTIDE1{meA.A.T.3Pal.pentyl_Gly.P.Me_dL}$PEPTIDE1,PEPTIDE1,1:R1-7:R2$$$",-5.21200000,ok,,flexible
"PEPTIDE1{F.dP.Abu.L.T.meA.meL}$PEPTIDE1,PEPTIDE1,1:R1-7:R2$$$",-6.22000000,ok,,flexible
"PEPTIDE1{dV.meF.meA.T.L.Aoc(2).meS}$PEPTIDE1,PEPTIDE1,1:R1-7:R2$$$",-5.40400000,ok,,flexible
"PEPTIDE1{dA.L.pentyl_Gly.I.cHexCH2_Gly.dL.L}$PEPTIDE1,PEPTIDE1,1:R1-7:R2$$$",-5.21600000,ok,,flexible
"PEPTIDE1{A.L.V.Pr_Gly.dV.meL.Me_dL}$PEPTIDE1,PEPTIDE1,1:R1-7:R2$$$",-5.20000000,ok,,flexible
"PEPTIDE1{dV.meS.Sar.T.dP.Abu.meS}$PEPTIDE1,PEPTIDE1,1:R1-7:R2$$$",-5.77600000,ok,,flexible
"PEPTIDE1{meA.meL.meV.G.dL.F.I}$PEPTIDE1,PEPTIDE1,1:R1-7:R2$$$",-5.65700000,ok,,flexible
"PEPTIDE1{meA.Me_dA.V.G.dL.F.T}$PEPTIDE1,PEPTIDE1,1:R1-7:R2$$$",-6.06000000,ok,,flexible
"PEPTIDE1{Me_dA.F.Mono84.G.pentyl_Gly.V.meL}$PEPTIDE1,PEPTIDE1,1:R1-7:R2$$$",-5.83200000,ok,,flexible
"PEPTIDE1{Me_Bal.P.meL.Me_dL.dA.L.A}$PEPTIDE1,PEPTIDE1,1:R1-7:R2$$$",-6.01500000,ok,,flexible
"PEPTIDE1{Pr_Gly.Aib.Me_dL.V.dL.L.Me_dA}$PEPTIDE1,PEPTIDE1,1:R1-7:R2$$$",-4.88700000,ok,,flexible
"PEPTIDE1{A.meA.L.meA.L.dP.T}$PEPTIDE1,PEPTIDE1,1:R1-7:R2$$$",-6.26400000,ok,,flexible
"PEPTIDE1{Me_Bal.Pr_Gly.meL.I.meA.L.Me_dL}$PEPTIDE1,PEPTIDE1,1:R1-7:R2$$$",-5.06100000,ok,,flexible
"PEPTIDE1{F.L.meL.meL.Me_dL.T.Me_dA}$PEPTIDE1,PEPTIDE1,1:R1-7:R2$$$",-5.31000000,ok,,flexible
"PEPTIDE1{Sar.meL.I.Mono84.T.Ser(tBu).3Pal}$PEPTIDE1,PEPTIDE1,1:R1-7:R2$$$",-5.89200000,ok,,flexible
"PEPTIDE1{meA.T.L.meL.Ser(tBu).L.G}$PEPTIDE1,PEPTIDE1,1:R1-7:R2$$$",-5.32600000,ok,,flexible
"PEPTIDE1{F.A.I.L.dL.Ser(tBu).meA}$PEPTIDE1,PEPTIDE1,1:R1-7:R2$$$",-6.39600000,ok,,flexible
"PEPTIDE1{meL.I.Me_dA.dL.Me_dL.meI.meA}$PEPTIDE1,PEPTIDE1,1:R1-7:R2$$$",-5.19500000,ok,,flexible
"PEPTIDE1{meA.Me_dA.L.meY.meL.meA.Me_dL}$PEPTIDE1,PEPTIDE1,1:R1-7:R2$$$",-5.88900000,ok,,flexible
"PEPTIDE1{meA.L.meS.V.meF.meL.meI}$PEPTIDE1,PEPTIDE1,1:R1-7:R2$$$",-5.48500000,ok,,flexible
"PEPTIDE1{dA.meF.Sar.Aoc(2).meS.meA.T}$PEPTIDE1,PEPTIDE1,1:R1-7:R2$$$",-5.50800000,ok,,flexible
"PEPTIDE1{dV.A.L.meA.Ser(tBu).G.L}$PEPTIDE1,PEPTIDE1,1:R1-7:R2$$$",-5.53900000,ok,,flexible
"PEPTIDE1{Me_dA.meY.A.Me_dL.dP.P.dL}$PEPTIDE1,PEPTIDE1,1:R1-7:R2$$$",-6.78900000,ok,,flexible
"PEPTIDE1{dV.P.L.meS.T.meA.meL}$PEPTIDE1,PEPTIDE1,1:R1-7:R2$$$",-6.14500000,ok,,flexible
"PEPTIDE1{Me_dA.cHexCH2_Gly.dL.meL.P.meF.I}$PEPTIDE1,PEPTIDE1,1:R1-7:R2$$$",-5.78100000,ok,,flexible
"PEPTIDE1{Me_dA.A.Abu.T.meS.meA.L}$PEPTIDE1,PEPTIDE1,1:R1-7:R2$$$",-5.89100000,ok,,flexible
"PEPTIDE1{Me_Bal.Pr_Gly.F.V.G.L.meV}$PEPTIDE1,PEPTIDE1,1:R1-7:R2$$$",-5.91800000,ok,,flexible
"PEPTIDE1{A.Me_Phe(3-Cl).F.V.Me_dL.T.dF}$PEPTIDE1,PEPTIDE1,1:R1-7:R2$$$",-6.69900000,ok,,flexible
"PEPTIDE1{Me_Bal.meL.V.A.L.T.meA}$PEPTIDE1,PEPTIDE1,1:R1-7:R2$$$",-5.75700000,ok,,flexible
"PEPTIDE1{A.meA.meL.Ser(tBu).meS.L.Me_dA}$PEPTIDE1,PEPTIDE1,1:R1-7:R2$$$",-5.78600000,ok,,flexible
"PEPTIDE1{A.meS.Aoc(2).L.T.meS.meA}$PEPTIDE1,PEPTIDE1,1:R1-7:R2$$$",-5.55300000,ok,,flexible
"PEPTIDE1{Me_Bal.pentyl_Gly.A.P.meL.Me_dL.meL}$PEPTIDE1,PEPTIDE1,1:R1-7:R2$$$",-5.27400000,ok,,flexible
"PEPTIDE1{dV.dA.dP.meL.Mono7.L.F}$PEPTIDE1,PEPTIDE1,1:R1-7:R2$$$",-6.96000000,ok,,flexible
"PEPTIDE1{L.meS.Me_dL.meA.Ala(5-Tet).T.dA}$PEPTIDE1,PEPTIDE1,1:R1-7:R2$$$",-6.05400000,ok,,flexible
"PEPTIDE1{dA.meA.L.Me_dL.meL.meY.T}$PEPTIDE1,PEPTIDE1,1:R1-7:R2$$$",-5.76800000,ok,,flexible
"PEPTIDE1{dA.pentyl_Gly.T.I.dP.L.Mono84}$PEPTIDE1,PEPTIDE1,1:R1-7:R2$$$",-5.19600000,ok,,flexible
"PEPTIDE1{Me_Bal.meA.V.G.meL.I.F}$PEPTIDE1,PEPTIDE1,1:R1-7:R2$$$",-6.64200000,ok,,flexible
"PEPTIDE1{dV.T.dA.dP.meA.L.meL}$PEPTIDE1,PEPTIDE1,1:R1-7:R2$$$",-6.58100000,ok,,flexible
"PEPTIDE1{dA.I.L.G.T.A.meL}$PEPTIDE1,PEPTIDE1,1:R1-7:R2$$$",-6.33500000,ok,,flexible
"PEPTIDE1{A.L.meA.T.Sar.V.meF}$PEPTIDE1,PEPTIDE1,1:R1-7:R2$$$",-6.42000000,ok,,flexible
"PEPTIDE1{dA.pentyl_Gly.dL.meA.L.Me_dL.I}$PEPTIDE1,PEPTIDE1,1:R1-7:R2$$$",-5.24700000,ok,,flexible
"PEPTIDE1{F.3Pal.cHexCH2_Gly.I.T.dL.Me_Phe(3-Cl)}$PEPTIDE1,PEPTIDE1,1:R1-7:R2$$$",-5.96900000,ok,,flexible
"PEPTIDE1{dA.V.F.A.Ser(tBu).meA.meL}$PEPTIDE1,PEPTIDE1,1:R1-7:R2$$$",-6.03300000,ok,,flexible
"PEPTIDE1{dA.A.Pr_Gly.Ser(tBu).meF.T.Me_Phe(3-Cl)}$PEPTIDE1,PEPTIDE1,1:R1-7:R2$$$",-6.31300000,ok,,flexible
"PEPTIDE1{A.Pr_Gly.meL.meF.meV.F.Me_dA}$PEPTIDE1,PEPTIDE1,1:R1-7:R2$$$",-5.51100000,ok,,flexible
"PEPTIDE1{dV.meA.meL.T.meL.A.P}$PEPTIDE1,PEPTIDE1,1:R1-7:R2$$$",-6.34700000,ok,,flexible
"PEPTIDE1{A.Ala(5-Tet).Abu.T.meS.meA.meF}$PEPTIDE1,PEPTIDE1,1:R1-7:R2$$$",-5.98800000,ok,,flexible
"PEPTIDE1{meA.T.dL.Me_dL.T.L.A}$PEPTIDE1,PEPTIDE1,1:R1-7:R2$$$",-5.42300000,ok,,flexible
"PEPTIDE1{Me_dA.Me_dL.dL.Me_dL.L.meL.dP}$PEPTIDE1,PEPTIDE1,1:R1-7:R2$$$",-5.13200000,ok,,flexible
"PEPTIDE1{dV.dPye.dP.P.F.T.V}$PEPTIDE1,PEPTIDE1,1:R1-7:R2$$$",-6.61600000,ok,,flexible
"PEPTIDE1{A.meL.meF.I.L.G.meA}$PEPTIDE1,PEPTIDE1,1:R1-7:R2$$$",-5.87600000,ok,,flexible
"PEPTIDE1{dF.L.I.A.Aoc(2).Ser(tBu).Me_Phe(3-Cl)}$PEPTIDE1,PEPTIDE1,1:R1-7:R2$$$",-5.20100000,ok,,flexible
"PEPTIDE1{dA.pentyl_Gly.T.A.T.dL.Aoc(2)}$PEPTIDE1,PEPTIDE1,1:R1-7:R2$$$",-5.29500000,ok,,flexible
"PEPTIDE1{dV.meS.meS.A.Me_dA.meF.dA}$PEPTIDE1,PEPTIDE1,1:R1-7:R2$$$",-6.81600000,ok,,flexible
"PEPTIDE1{F.dP.P.T.Me_dL.meA.V}$PEPTIDE1,PEPTIDE1,1:R1-7:R2$$$",-6.03600000,ok,,flexible
"PEPTIDE1{Me_Bal.Me_dL.L.A.meL.F.meI}$PEPTIDE1,PEPTIDE1,1:R1-7:R2$$$",-6.56700000,ok,,flexible
"PEPTIDE1{dV.meF.I.L.meA.L.meL}$PEPTIDE1,PEPTIDE1,1:R1-7:R2$$$",-5.85400000,ok,,flexible
"PEPTIDE1{dF.cHexCH2_Gly.F.I.L.dL.Abu}$PEPTIDE1,PEPTIDE1,1:R1-7:R2$$$",-5.90400000,ok,,flexible
"PEPTIDE1{Pr_Gly.meL.meS.L.A.Me_dL.meA}$PEPTIDE1,PEPTIDE1,1:R1-7:R2$$$",-5.71200000,ok,,flexible
"PEPTIDE1{Pr_Gly.P.pentyl_Gly.Ser(tBu).A.G.Mono86}$PEPTIDE1,PEPTIDE1,1:R1-7:R2$$$",-5.82000000,ok,,flexible
"PEPTIDE1{meA.Pr_Gly.Me_dA.G.Me_dL.P.Ser(tBu)}$PEPTIDE1,PEPTIDE1,1:R1-7:R2$$$",-6.29100000,ok,,flexible
"PEPTIDE1{Sar.P.meF.meA.L.L.A}$PEPTIDE1,PEPTIDE1,1:R1-7:R2$$$",-6.86100000,ok,,flexible
"PEPTIDE1{meA.T.meA.L.P.dL.A}$PEPTIDE1,PEPTIDE1,1:R1-7:R2$$$",-6.64800000,ok,,flexible
"PEPTIDE1{Me_dA.P.meL.Me_dL.L.meL.dP}$PEPTIDE1,PEPTIDE1,1:R1-7:R2$$$",-5.76400000,ok,,flexible
"PEPTIDE1{Mono6.P.Mono84.dL.meL.meA.Me_dL}$PEPTIDE1,PEPTIDE1,1:R1-7:R2$$$",-6.04300000,ok,,flexible
"PEPTIDE1{F.cHexCH2_Gly.L.Me_Nle.P.A.meL}$PEPTIDE1,PEPTIDE1,1:R1-7:R2$$$",-5.36100000,ok,,flexible
"PEPTIDE1{meA.T.L.T.A.I.meS}$PEPTIDE1,PEPTIDE1,1:R1-7:R2$$$",-5.24300000,ok,,flexible
"PEPTIDE1{Me_Bal.Pr_Gly.A.T.meL.dL.meL}$PEPTIDE1,PEPTIDE1,1:R1-7:R2$$$",-5.22300000,ok,,flexible
"PEPTIDE1{Me_Bal.Me_dL.meA.I.Me_dA.meL.T}$PEPTIDE1,PEPTIDE1,1:R1-7:R2$$$",-5.42800000,ok,,flexible
"PEPTIDE1{dP.meA.dA.dF.Me_dL.meL.A}$PEPTIDE1,PEPTIDE1,1:R1-7:R2$$$",-6.41100000,ok,,flexible
"PEPTIDE1{Me_Bal.pentyl_Gly.T.meL.Ser(tBu).meA.Me_Phe(3-Cl)}$PEPTIDE1,PEPTIDE1,1:R1-7:R2$$$",-5.36800000,ok,,flexible
"PEPTIDE1{dA.L.T.Me_dL.dV.meF.meL}$PEPTIDE1,PEPTIDE1,1:R1-7:R2$$$",-5.40100000,ok,,flexible
"PEPTIDE1{dV.T.meL.Me_dL.meL.meA.L}$PEPTIDE1,PEPTIDE1,1:R1-7:R2$$$",-5.54500000,ok,,flexible
"PEPTIDE1{Pr_Gly.Me_dL.G.I.A.meA.L}$PEPTIDE1,PEPTIDE1,1:R1-7:R2$$$",-5.57400000,ok,,flexible
"PEPTIDE1{Me_Bal.A.meL.dL.meA.Ser(tBu).Aoc(2)}$PEPTIDE1,PEPTIDE1,1:R1-7:R2$$$",-5.54900000,ok,,flexible
"PEPTIDE1{dF.meL.A.Ala(5-Tet).I.Ser(tBu).T}$PEPTIDE1,PEPTIDE1,1:R1-7:R2$$$",-5.82700000,ok,,flexible
"PEPTIDE1{A.meA.meF.dP.Sar.L.dL}$PEPTIDE1,PEPTIDE1,1:R1-7:R2$$$",-6.23900000,ok,,flexible
"PEPTIDE1{A.Abu.L.Sar.Me_dA.dL.meL}$PEPTIDE1,PEPTIDE1,1:R1-7:R2$$$",-5.52500000,ok,,flexible
"PEPTIDE1{meF.A.L.Ser(tBu).meA.T.meL}$PEPTIDE1,PEPTIDE1,1:R1-7:R2$$$",-6.08100000,ok,,flexible
"PEPTIDE1{Me_Bal.Mono38.dL.Mono78.T.Mono84.3Pal}$PEPTIDE1,PEPTIDE1,1:R1-7:R2$$$",-6.57200000,ok,,flexible
"PEPTIDE1{Me_Bal.L.T.dL.3Pal.cHexCH2_Gly.Aoc(2)}$PEPTIDE1,PEPTIDE1,1:R1-7:R2$$$",-5.22700000,ok,,flexible
"PEPTIDE1{dA.V.A.meL.F.I.L}$PEPTIDE1,PEPTIDE1,1:R1-7:R2$$$",-5.51400000,ok,,flexible
"PEPTIDE1{dV.L.cHexCH2_Gly.T.dP.meL.F}$PEPTIDE1,PEPTIDE1,1:R1-7:R2$$$",-5.89100000,ok,,flexible
"PEPTIDE1{Me_dA.L.meV.A.Sar.V.meL}$PEPTIDE1,PEPTIDE1,1:R1-7:R2$$$",-6.10900000,ok,,flexible
"PEPTIDE1{meL.meS.Me_dA.A.dP.dA.Me_dL}$PEPTIDE1,PEPTIDE1,1:R1-7:R2$$$",-5.82100000,ok,,flexible
"PEPTIDE1{A.dV.Me_dL.F.T.T.meV}$PEPTIDE1,PEPTIDE1,1:R1-7:R2$$$",-6.34000000,ok,,flexible
"PEPTIDE1{dF.A.T.meL.meA.L.Ser(tBu)}$PEPTIDE1,PEPTIDE1,1:R1-7:R2$$$",-5.75800000,ok,,flexible
"PEPTIDE1{Me_dA.meF.F.meL.T.meA.dL}$PEPTIDE1,PEPTIDE1,1:R1-7:R2$$$",-5.74900000,ok,,flexible
"PEPTIDE1{dV.A.meL.Me_dA.Me_dL.Me_dL.T}$PEPTIDE1,PEPTIDE1,1:R1-7:R2$$$",-5.40200000,ok,,flexible
"PEPTIDE1{dA.T.meA.P.T.dL.V}$PEPTIDE1,PEPTIDE1,1:R1-7:R2$$$",-6.43300000,ok,,flexible
"PEPTIDE1{dF.A.Mono86.meL.T.Me_dL.dL}$PEPTIDE1,PEPTIDE1,1:R1-7:R2$$$",-5.37100000,ok,,flexible
"PEPTIDE1{dV.meL.L.dP.Me_dL.T.V}$PEPTIDE1,PEPTIDE1,1:R1-7:R2$$$",-5.95200000,ok,,flexible
"PEPTIDE1{meA.L.cHexCH2_Gly.L.A.P.dP}$PEPTIDE1,PEPTIDE1,1:R1-7:R2$$$",-6.50500000,ok,,flexible
"PEPTIDE1{dA.meA.meS.meL.dP.Me_dA.L}$PEPTIDE1,PEPTIDE1,1:R1-7:R2$$$",-6.54100000,ok,,flexible
"PEPTIDE1{Mono6.Ser(tBu).dP.L.dP.meI.dL}$PEPTIDE1,PEPTIDE1,1:R1-7:R2$$$",-5.91700000,ok,,flexible
"PEPTIDE1{dV.Pr_Gly.L.meA.T.dL.meL}$PEPTIDE1,PEPTIDE1,1:R1-7:R2$$$",-5.76700000,ok,,flexible
"PEPTIDE1{dV.P.Me_dL.T.L.meL.V}$PEPTIDE1,PEPTIDE1,1:R1-7:R2$$$",-5.45300000,ok,,flexible
"PEPTIDE1{meA.Pr_Gly.meL.meL.P.Me_dL.meY}$PEPTIDE1,PEPTIDE1,1:R1-7:R2$$$",-5.15100000,ok,,flexible
"PEPTIDE1{dV.meS.T.Sar.meL.meA.F}$PEPTIDE1,PEPTIDE1,1:R1-7:R2$$$",-5.92300000,ok,,flexible
"PEPTIDE1{A.meA.Aoc(2).meL.L.D.I}$PEPTIDE1,PEPTIDE1,1:R1-7:R2$$$",-5.66500000,ok,,flexible
"PEPTIDE1{dV.meS.T.Aoc(2).Ser(tBu).meA.dL}$PEPTIDE1,PEPTIDE1,1:R1-7:R2$$$",-6.00100000,ok,,flexible
"PEPTIDE1{A.P.L.Me_dL.meA.meF.dL}$PEPTIDE1,PEPTIDE1,1:R1-7:R2$$$",-6.05300000,ok,,flexible
"PEPTIDE1{dF.Abu.meA.dP.P.F.Ala(5-Tet)}$PEPTIDE1,PEPTIDE1,1:R1-7:R2$$$",-6.62600000,ok,,flexible
"PEPTIDE1{meL.meS.F.V.Ser(tBu).T.meF}$PEPTIDE1,PEPTIDE1,1:R1-7:R2$$$",-6.08700000,ok,,flexible
"PEPTIDE1{A.meA.meF.meV.L.T.F}$PEPTIDE1,PEPTIDE1,1:R1-7:R2$$$",-7.08500000,ok,,flexible
"PEPTIDE1{meA.dP.dP.T.P.T.dL}$PEPTIDE1,PEPTIDE1,1:R1-7:R2$$$",-6.61800000,ok,,flexible
"PEPTIDE1{A.meF.L.meA.meA.meL.Abu}$PEPTIDE1,PEPTIDE1,1:R1-7:R2$$$",-5.87500000,ok,,flexible
"PEPTIDE1{Mono6.meL.P.meF.A.meS.L}$PEPTIDE1,PEPTIDE1,1:R1-7:R2$$$",-6.09600000,ok,,flexible
"PEPTIDE1{Me_Bal.A.P.Ser(tBu).meL.Me_dA.I}$PEPTIDE1,PEPTIDE1,1:R1-7:R2$$$",-5.84400000,ok,,flexible
"PEPTIDE1{L.P.T.V.I.G.I}$PEPTIDE1,PEPTIDE1,1:R1-7:R2$$$",-5.48200000,ok,,flexible
"PEPTIDE1{F.Ser(tBu).T.meA.P.pentyl_Gly.Ser(tBu)}$PEPTIDE1,PEPTIDE1,1:R1-7:R2$$$",-5.45800000,ok,,flexible
"PEPTIDE1{F.Mono38.pentyl_Gly.A.meL.dL.meI}$PEPTIDE1,PEPTIDE1,1:R1-7:R2$$$",-4.72000000,ok,,flexible
"PEPTIDE1{dA.T.meA.T.Me_dL.L.meL}$PEPTIDE1,PEPTIDE1,1:R1-7:R2$$$",-5.20400000,ok,,flexible
"PEPTIDE1{dV.F.dP.meL.V.dL.L}$PEPTIDE1,PEPTIDE1,1:R1-7:R2$$$",-5.66500000,ok,,flexible
"PEPTIDE1{dF.L.A.meA.P.P.meF}$PEPTIDE1,PEPTIDE1,1:R1-7:R2$$$",-6.77100000,ok,,flexible
"PEPTIDE1{P.Me_dL.dL.meA.Sar.F.V}$PEPTIDE1,PEPTIDE1,1:R1-7:R2$$$",-6.58200000,ok,,flexible
"PEPTIDE1{dV.Me_Nle.Mono86.dL.meA.Ser(tBu).V}$PEPTIDE1,PEPTIDE1,1:R1-7:R2$$$",-5.64700000,ok,,flexible
"PEPTIDE1{Pr_Gly.G.V.A.meL.Me_dL.L}$PEPTIDE1,PEPTIDE1,1:R1-7:R2$$$",-5.59300000,ok,,flexible
"PEPTIDE1{A.T.V.meA.L.T.meL}$PEPTIDE1,PEPTIDE1,1:R1-7:R2$$$",-5.49500000,ok,,flexible
"PEPTIDE1{dF.L.A.I.dL.meA.Ala(5-Tet)}$PEPTIDE1,PEPTIDE1,1:R1-7:R2$$$",-5.69300000,ok,,flexible
"PEPTIDE1{A.T.meA.dL.Me_dA.meL.dP}$PEPTIDE1,PEPTIDE1,1:R1-7:R2$$$",-6.31400000,ok,,flexible
"PEPTIDE1{Me_Bal.P.dL.T.Me_dL.L.meL}$PEPTIDE1,PEPTIDE1,1:R1-7:R2$$$",-5.88200000,ok,,flexible
"PEPTIDE1{Me_dA.meS.meL.meA.T.Sar.A}$PEPTIDE1,PEPTIDE1,1:R1-7:R2$$$",-6.34200000,ok,,flexible
"PEPTIDE1{dA.T.P.dP.Me_dL.dL.T}$PEPTIDE1,PEPTIDE1,1:R1-7:R2$$$",-6.32800000,ok,,flexible
"PEPTIDE1{Me_Bal.Me_dA.T.Me_dL.meL.V.L}$PEPTIDE1,PEPTIDE1,1:R1-7:R2$$$",-5.27900000,ok,,flexible
"PEPTIDE1{dF.A.L.meS.dA.L.dL}$PEPTIDE1,PEPTIDE1,1:R1-7:R2$$$",-6.08000000,ok,,flexible
"PEPTIDE1{meA.Aoc(2).meF.meS.L.Ala(5-Tet).L}$PEPTIDE1,PEPTIDE1,1:R1-7:R2$$$",-5.33300000,ok,,flexible
"PEPTIDE1{P.Me_dA.A.meL.F.L.meA}$PEPTIDE1,PEPTIDE1,1:R1-7:R2$$$",-6.69700000,ok,,flexible
"PEPTIDE1{dA.meA.F.meF.T.A.Me_dL}$PEPTIDE1,PEPTIDE1,1:R1-7:R2$$$",-7.28500000,ok,,flexible
"PEPTIDE1{Pr_Gly.V.T.Ser(tBu).A.dL.Me_dL}$PEPTIDE1,PEPTIDE1,1:R1-7:R2$$$",-5.54900000,ok,,flexible
"PEPTIDE1{dV.meS.T.Ala(5-Tet).meS.Sar.dA}$PEPTIDE1,PEPTIDE1,1:R1-7:R2$$$",-6.07400000,ok,,flexible
"PEPTIDE1{Me_dA.T.meL.F.Ser(tBu).meL.V}$PEPTIDE1,PEPTIDE1,1:R1-7:R2$$$",-5.31500000,ok,,flexible
"PEPTIDE1{meL.Me_dL.L.meA.A.P.dP}$PEPTIDE1,PEPTIDE1,1:R1-7:R2$$$",-5.77600000,ok,,flexible
"PEPTIDE1{meA.meL.meF.A.Me_dA.V.T}$PEPTIDE1,PEPTIDE1,1:R1-7:R2$$$",-6.52200000,ok,,flexible
"PEPTIDE1{Sar.L.T.Me_dL.V.V.Ser(tBu)}$PEPTIDE1,PEPTIDE1,1:R1-7:R2$$$",-5.33400000,ok,,flexible
"PEPTIDE1{Me_Bal.Me_dL.dA.meL.F.dL.A}$PEPTIDE1,PEPTIDE1,1:R1-7:R2$$$",-5.63900000,ok,,flexible
"PEPTIDE1{dF.P.meS.A.L.meA.Abu}$PEPTIDE1,PEPTIDE1,1:R1-7:R2$$$",-6.13400000,ok,,flexible
"PEPTIDE1{L.dP.A.I.T.Mono84.meL}$PEPTIDE1,PEPTIDE1,1:R1-7:R2$$$",-6.25200000,ok,,flexible
"PEPTIDE1{Me_Bal.dP.L.meL.T.Me_dL.meL}$PEPTIDE1,PEPTIDE1,1:R1-7:R2$$$",-5.78200000,ok,,flexible
"PEPTIDE1{Pr_Gly.meF.Me_Nle.pentyl_Gly.I.I.dP}$PEPTIDE1,PEPTIDE1,1:R1-7:R2$$$",-5.52300000,ok,,flexible
"PEPTIDE1{Me_dA.meL.T.L.meA.dP.P}$PEPTIDE1,PEPTIDE1,1:R1-7:R2$$$",-6.31400000,ok,,flexible
"PEPTIDE1{dA.P.meL.F.L.dL.I}$PEPTIDE1,PEPTIDE1,1:R1-7:R2$$$",-5.44500000,ok,,flexible
"PEPTIDE1{Me_dA.A.dL.Ser(tBu).I.P.meL}$PEPTIDE1,PEPTIDE1,1:R1-7:R2$$$",-5.70300000,ok,,flexible
"PEPTIDE1{dV.meA.V.cHexCH2_Gly.P.L.Me_dL}$PEPTIDE1,PEPTIDE1,1:R1-7:R2$$$",-6.29700000,ok,,flexible
"PEPTIDE1{dV.meF.T.meS.L.Sar.A}$PEPTIDE1,PEPTIDE1,1:R1-7:R2$$$",-6.07800000,ok,,flexible
"PEPTIDE1{A.I.Et_Gly.V.meA.Sar.T}$PEPTIDE1,PEPTIDE1,1:R1-7:R2$$$",-6.36300000,ok,,flexible
"PEPTIDE1{dA.meL.meL.Sar.Aoc(2).meA.Mono78}$PEPTIDE1,PEPTIDE1,1:R1-7:R2$$$",-5.76400000,ok,,flexible
"PEPTIDE1{dA.T.meL.meA.meF.I.V}$PEPTIDE1,PEPTIDE1,1:R1-7:R2$$$",-5.66900000,ok,,flexible
"PEPTIDE1{A.F.meA.G.meL.F.L}$PEPTIDE1,PEPTIDE1,1:R1-7:R2$$$",-6.03100000,ok,,flexible
"PEPTIDE1{Me_dA.Pr_Gly.Aib.F.Pr_Gly.P.V}$PEPTIDE1,PEPTIDE1,1:R1-7:R2$$$",-6.25900000,ok,,flexible
"PEPTIDE1{Me_dA.Abu.L.Aoc(2).Ala(5-Tet).meS.meL}$PEPTIDE1,PEPTIDE1,1:R1-7:R2$$$",-5.80800000,ok,,flexible
"PEPTIDE1{Me_dA.A.meA.Me_dL.Me_dAbu.meA.Me_dL}$PEPTIDE1,PEPTIDE1,1:R1-7:R2$$$",-5.83800000,ok,,flexible
"PEPTIDE1{meA.meS.T.L.meL.V.Aoc(2)}$PEPTIDE1,PEPTIDE1,1:R1-7:R2$$$",-5.24000000,ok,,flexible
"PEPTIDE1{meA.A.L.Sar.dL.meL.Me_dA}$PEPTIDE1,PEPTIDE1,1:R1-7:R2$$$",-6.47800000,ok,,flexible
"PEPTIDE1{dA.L.I.V.T.Sar.A}$PEPTIDE1,PEPTIDE1,1:R1-7:R2$$$",-6.20300000,ok,,flexible
"PEPTIDE1{A.L.T.meA.Aoc(2).meS.meL}$PEPTIDE1,PEPTIDE1,1:R1-7:R2$$$",-5.51200000,ok,,flexible
"PEPTIDE1{meA.meL.meV.L.T.T.V}$PEPTIDE1,PEPTIDE1,1:R1-7:R2$$$",-5.90900000,ok,,flexible
"PEPTIDE1{F.P.Me_dL.T.dP.Me_dA.meL}$PEPTIDE1,PEPTIDE1,1:R1-7:R2$$$",-6.62700000,ok,,flexible
"PEPTIDE1{F.P.dP.T.P.meL.meA}$PEPTIDE1,PEPTIDE1,1:R1-7:R2$$$",-6.61700000,ok,,flexible
"PEPTIDE1{A.Me_dL.meF.L.T.Ala(5-Tet).Abu}$PEPTIDE1,PEPTIDE1,1:R1-7:R2$$$",-6.39400000,ok,,flexible
"PEPTIDE1{meA.T.T.meL.P.meL.I}$PEPTIDE1,PEPTIDE1,1:R1-7:R2$$$",-5.75300000,ok,,flexible
"PEPTIDE1{dF.meL.D.I.L.P.Ser(tBu)}$PEPTIDE1,PEPTIDE1,1:R1-7:R2$$$",-5.52900000,ok,,flexible
"PEPTIDE1{Me_Bal.A.V.meA.L.P.meL}$PEPTIDE1,PEPTIDE1,1:R1-7:R2$$$",-6.36000000,ok,,flexible
"PEPTIDE1{dV.L.meA.A.meF.meL.T}$PEPTIDE1,PEPTIDE1,1:R1-7:R2$$$",-5.60000000,ok,,flexible
"PEPTIDE1{F.Et_Gly.meL.Ser(tBu).L.P.Me_dL}$PEPTIDE1,PEPTIDE1,1:R1-7:R2$$$",-5.41700000,ok,,flexible
"PEPTIDE1{meA.T.A.Me_dA.Ala(5-Tet).meL.L}$PEPTIDE1,PEPTIDE1,1:R1-7:R2$$$",-6.35500000,ok,,flexible
"PEPTIDE1{meL.dP.meA.Me_dA.dL.L.Me_dL}$PEPTIDE1,PEPTIDE1,1:R1-7:R2$$$",-5.41100000,ok,,flexible
"PEPTIDE1{dV.Me_Phe(3-Cl).A.Phe(4-CF3).I.meL.Ser(tBu)}$PEPTIDE1,PEPTIDE1,1:R1-7:R2$$$",-5.26300000,ok,,flexible
"PEPTIDE1{Me_dA.T.meL.Me_dL.dL.A.F}$PEPTIDE1,PEPTIDE1,1:R1-7:R2$$$",-5.71200000,ok,,flexible
"PEPTIDE1{meA.V.meL.T.F.G.A}$PEPTIDE1,PEPTIDE1,1:R1-7:R2$$$",-6.35900000,ok,,flexible
"PEPTIDE1{dA.G.V.meL.L.meA.meV}$PEPTIDE1,PEPTIDE1,1:R1-7:R2$$$",-5.89100000,ok,,flexible
"PEPTIDE1{A.Aoc(2).meS.L.T.meL.meA}$PEPTIDE1,PEPTIDE1,1:R1-7:R2$$$",-4.89300000,ok,,flexible
"PEPTIDE1{meA.V.I.L.Ser(tBu).pentyl_Gly.Mono86}$PEPTIDE1,PEPTIDE1,1:R1-7:R2$$$",-5.07300000,ok,,flexible
"PEPTIDE1{A.Me_dL.Mono86.T.Ser(tBu).L.meA}$PEPTIDE1,PEPTIDE1,1:R1-7:R2$$$",-5.10500000,ok,,flexible
"PEPTIDE1{Pr_Gly.A.L.cHexCH2_Gly.Mono84.Ser(tBu).meF}$PEPTIDE1,PEPTIDE1,1:R1-7:R2$$$",-6.06900000,ok,,flexible
"PEPTIDE1{A.meL.meV.meF.V.L.G}$PEPTIDE1,PEPTIDE1,1:R1-7:R2$$$",-5.95800000,ok,,flexible
"PEPTIDE1{Me_dA.F.Pr_Gly.Ser(tBu).P.P.dA}$PEPTIDE1,PEPTIDE1,1:R1-7:R2$$$",-5.75400000,ok,,flexible
"PEPTIDE1{dA.meV.meF.I.dL.Me_dL.Ser(tBu)}$PEPTIDE1,PEPTIDE1,1:R1-7:R2$$$",-5.82200000,ok,,flexible
"PEPTIDE1{dF.dA.pentyl_Gly.meA.L.Me_dL.meY}$PEPTIDE1,PEPTIDE1,1:R1-7:R2$$$",-6.03000000,ok,,flexible
"PEPTIDE1{Me_dA.Abu.meL.meA.dL.L.V}$PEPTIDE1,PEPTIDE1,1:R1-7:R2$$$",-6.33400000,ok,,flexible
"PEPTIDE1{meL.Me_dL.A.T.Me_dA.F.T}$PEPTIDE1,PEPTIDE1,1:R1-7:R2$$$",-6.20800000,ok,,flexible
"PEPTIDE1{Pr_Gly.A.T.Me_dA.Ala(5-Tet).meS.Abu}$PEPTIDE1,PEPTIDE1,1:R1-7:R2$$$",-5.54700000,ok,,flexible
"PEPTIDE1{Pr_Gly.meA.dP.meF.P.meA.F}$PEPTIDE1,PEPTIDE1,1:R1-7:R2$$$",-7.06700000,ok,,flexible
"PEPTIDE1{F.A.Me_Phe(3-Cl).cHexCH2_Gly.meL.Ser(tBu).Me_Nle}$PEPTIDE1,PEPTIDE1,1:R1-7:R2$$$",-5.10400000,ok,,flexible
"PEPTIDE1{dA.F.meF.Me_dL.meL.L.dL}$PEPTIDE1,PEPTIDE1,1:R1-7:R2$$$",-5.73400000,ok,,flexible
"PEPTIDE1{meL.A.Sar.Ala(5-Tet).meS.Me_dA.L}$PEPTIDE1,PEPTIDE1,1:R1-7:R2$$$",-5.80600000,ok,,flexible
"PEPTIDE1{L.pentyl_Gly.G.T.F.A.Ser(tBu)}$PEPTIDE1,PEPTIDE1,1:R1-7:R2$$$",-5.42100000,ok,,flexible
"PEPTIDE1{meL.Me_dA.Me_dL.meF.T.dL.meA}$PEPTIDE1,PEPTIDE1,1:R1-7:R2$$$",-5.70000000,ok,,flexible
"PEPTIDE1{Me_dA.P.meL.T.Me_dL.meS.meF}$PEPTIDE1,PEPTIDE1,1:R1-7:R2$$$",-6.14300000,ok,,flexible
"PEPTIDE1{A.meA.dL.T.meS.Me_dL.Abu}$PEPTIDE1,PEPTIDE1,1:R1-7:R2$$$",-6.24100000,ok,,flexible
"PEPTIDE1{A.I.Me_dL.V.G.Ser(tBu).Me_dA}$PEPTIDE1,PEPTIDE1,1:R1-7:R2$$$",-5.76300000,ok,,flexible
"PEPTIDE1{meL.P.meS.dP.Me_dL.T.Me_dA}$PEPTIDE1,PEPTIDE1,1:R1-7:R2$$$",-5.75500000,ok,,flexible
"PEPTIDE1{Sar.T.A.meF.meA.V.T}$PEPTIDE1,PEPTIDE1,1:R1-7:R2$$$",-6.40900000,ok,,flexible
"PEPTIDE1{Sar.L.V.Me_dL.meF.meI.meV}$PEPTIDE1,PEPTIDE1,1:R1-7:R2$$$",-5.71300000,ok,,flexible
"PEPTIDE1{A.L.Sar.Me_dL.meF.meL.I}$PEPTIDE1,PEPTIDE1,1:R1-7:R2$$$",-5.48600000,ok,,flexible
"PEPTIDE1{Sar.V.Me_dL.dL.meA.meF.meV}$PEPTIDE1,PEPTIDE1,1:R1-7:R2$$$",-5.81300000,ok,,flexible
"PEPTIDE1{Mono6.L.cHexCH2_Gly.L.Ser(tBu).P.dL}$PEPTIDE1,PEPTIDE1,1:R1-7:R2$$$",-5.12600000,ok,,flexible
"PEPTIDE1{meA.Me_dL.A.V.Me_dL.T.Pr_Gly}$PEPTIDE1,PEPTIDE1,1:R1-7:R2$$$",-6.15000000,ok,,flexible
"PEPTIDE1{A.meA.G.L.dL.T.F}$PEPTIDE1,PEPTIDE1,1:R1-7:R2$$$",-6.59500000,ok,,flexible
"PEPTIDE1{F.meF.A.L.T.V.Abu}$PEPTIDE1,PEPTIDE1,1:R1-7:R2$$$",-6.04600000,ok,,flexible
"PEPTIDE1{A.Me_dA.dP.meA.L.meL.meS}$PEPTIDE1,PEPTIDE1,1:R1-7:R2$$$",-5.91300000,ok,,flexible
"PEPTIDE1{dA.F.meA.Ser(tBu).meL.dL.meL}$PEPTIDE1,PEPTIDE1,1:R1-7:R2$$$",-6.42100000,ok,,flexible
"PEPTIDE1{dA.L.meV.V.Me_dL.Sar.dL}$PEPTIDE1,PEPTIDE1,1:R1-7:R2$$$",-5.77000000,ok,,flexible
"PEPTIDE1{F.L.Ser(tBu).T.L.meL.P}$PEPTIDE1,PEPTIDE1,1:R1-7:R2$$$",-5.81200000,ok,,flexible
"PEPTIDE1{Pr_Gly.Me_dA.A.L.Ser(tBu).meL.Me_Phe(3-Cl)}$PEPTIDE1,PEPTIDE1,1:R1-7:R2$$$",-4.80900000,ok,,flexible
"PEPTIDE1{dA.Me_dL.meL.A.meF.meA.T}$PEPTIDE1,PEPTIDE1,1:R1-7:R2$$$",-6.15800000,ok,,flexible
"PEPTIDE1{F.A.Ser(tBu).Mono86.G.cHexCH2_Gly.Me_dL}$PEPTIDE1,PEPTIDE1,1:R1-7:R2$$$",-5.73300000,ok,,flexible
"PEPTIDE1{F.L.meF.meL.A.G.Bn_Gly}$PEPTIDE1,PEPTIDE1,1:R1-7:R2$$$",-5.60600000,ok,,flexible
"PEPTIDE1{Mono6.cHexCH2_Gly.L.pentyl_Gly.Me_Nle.Mono84.I}$PEPTIDE1,PEPTIDE1,1:R1-7:R2$$$",-5.34600000,ok,,flexible
"PEPTIDE1{Me_Bal.G.meA.Me_dL.A.meF.Me_dA}$PEPTIDE1,PEPTIDE1,1:R1-7:R2$$$",-6.62400000,ok,,flexible
"PEPTIDE1{F.cHexCH2_Gly.I.T.meS.T.Aoc(2)}$PEPTIDE1,PEPTIDE1,1:R1-7:R2$$$",-5.29500000,ok,,flexible
"PEPTIDE1{meA.meL.L.Me_dL.V.meF.T}$PEPTIDE1,PEPTIDE1,1:R1-7:R2$$$",-5.68800000,ok,,flexible
"PEPTIDE1{dF.F.Mono38.cHexCH2_Gly.F.T.I}$PEPTIDE1,PEPTIDE1,1:R1-7:R2$$$",-5.81400000,ok,,flexible
"PEPTIDE1{Pr_Gly.V.I.Me_dL.P.meL.Ser(tBu)}$PEPTIDE1,PEPTIDE1,1:R1-7:R2$$$",-5.46300000,ok,,flexible
"PEPTIDE1{Me_Bal.Pr_Gly.L.L.meA.meV.A}$PEPTIDE1,PEPTIDE1,1:R1-7:R2$$$",-6.33200000,ok,,flexible
"PEPTIDE1{meA.F.meL.V.meL.dV.Me_dL}$PEPTIDE1,PEPTIDE1,1:R1-7:R2$$$",-5.69100000,ok,,flexible
"PEPTIDE1{Mono6.Me_dL.dP.Me_dL.Me_dA.Pr_Gly.meL}$PEPTIDE1,PEPTIDE1,1:R1-7:R2$$$",-5.65800000,ok,,flexible
"PEPTIDE1{Mono6.cHexCH2_Gly.pentyl_Gly.T.dL.Ser(tBu).meF}$PEPTIDE1,PEPTIDE1,1:R1-7:R2$$$",-5.59700000,ok,,flexible
"PEPTIDE1{Me_dA.P.Ser(tBu).P.meL.T.V}$PEPTIDE1,PEPTIDE1,1:R1-7:R2$$$",-5.42200000,ok,,flexible
"PEPTIDE1{dV.Pr_Gly.L.A.meA.dL.L}$PEPTIDE1,PEPTIDE1,1:R1-7:R2$$$",-6.07600000,ok,,flexible
"PEPTIDE1{dA.meL.L.meF.meV.meA.I}$PEPTIDE1,PEPTIDE1,1:R1-7:R2$$$",-6.03200000,ok,,flexible
"PEPTIDE1{Me_dA.meS.V.L.F.T.A}$PEPTIDE1,PEPTIDE1,1:R1-7:R2$$$",-6.81700000,ok,,flexible
"PEPTIDE1{meA.Me_dA.meL.L.T.F.meL}$PEPTIDE1,PEPTIDE1,1:R1-7:R2$$$",-6.28000000,ok,,flexible
"PEPTIDE1{F.I.pentyl_Gly.L.dL.Ser(tBu).meF}$PEPTIDE1,PEPTIDE1,1:R1-7:R2$$$",-4.80900000,ok,,flexible
"PEPTIDE1{Me_dA.cHexCH2_Gly.pentyl_Gly.Ser(tBu).G.Me_Phe(3-Cl).L}$PEPTIDE1,PEPTIDE1,1:R1-7:R2$$$",-4.98500000,ok,,flexible
"PEPTIDE1{F.P.dL.meS.L.meL.dP}$PEPTIDE1,PEPTIDE1,1:R1-7:R2$$$",-6.16900000,ok,,flexible
"PEPTIDE1{Me_dA.A.Me_dL.meL.T.L.dL}$PEPTIDE1,PEPTIDE1,1:R1-7:R2$$$",-5.60500000,ok,,flexible
"PEPTIDE1{meA.T.A.Me_dL.L.V.dP}$PEPTIDE1,PEPTIDE1,1:R1-7:R2$$$",-6.06900000,ok,,flexible
"PEPTIDE1{Me_Bal.meL.dP.Me_dL.dL.F.A}$PEPTIDE1,PEPTIDE1,1:R1-7:R2$$$",-5.59600000,ok,,flexible
"PEPTIDE1{dA.meL.L.meA.A.meS.F}$PEPTIDE1,PEPTIDE1,1:R1-7:R2$$$",-6.71000000,ok,,flexible
"PEPTIDE1{P.G.Pr_Gly.meA.L.meF.meL}$PEPTIDE1,PEPTIDE1,1:R1-7:R2$$$",-6.04700000,ok,,flexible
"PEPTIDE1{F.meS.Abu.T.meL.Ala(5-Tet).meA}$PEPTIDE1,PEPTIDE1,1:R1-7:R2$$$",-5.75900000,ok,,flexible
"PEPTIDE1{A.meL.meL.meA.Abu.L.Me_dL}$PEPTIDE1,PEPTIDE1,1:R1-7:R2$$$",-5.48200000,ok,,flexible
"PEPTIDE1{dF.A.L.T.dP.Me_Phe(3-Cl).Me_dL}$PEPTIDE1,PEPTIDE1,1:R1-7:R2$$$",-6.65700000,ok,,flexible
"PEPTIDE1{Me_Bal.Bn_Gly.Me_Nle.pentyl_Gly.A.L.I}$PEPTIDE1,PEPTIDE1,1:R1-7:R2$$$",-5.13100000,ok,,flexible
"PEPTIDE1{dA.meV.I.L.Ser(tBu).F.meL}$PEPTIDE1,PEPTIDE1,1:R1-7:R2$$$",-5.93100000,ok,,flexible
"PEPTIDE1{dV.meV.dP.P.meL.L.dL}$PEPTIDE1,PEPTIDE1,1:R1-7:R2$$$",-6.13500000,ok,,flexible
"PEPTIDE1{Me_dA.meA.meA.dL.dP.F.meL}$PEPTIDE1,PEPTIDE1,1:R1-7:R2$$$",-7.22000000,ok,,flexible
"PEPTIDE1{L.Bn_Gly.T.A.T.I.L}$PEPTIDE1,PEPTIDE1,1:R1-7:R2$$$",-5.69000000,ok,,flexible
"PEPTIDE1{dF.Ala(5-Tet).Sar.T.meL.L.meF}$PEPTIDE1,PEPTIDE1,1:R1-7:R2$$$",-5.56000000,ok,,flexible
"PEPTIDE1{Mono6.meS.meL.V.T.I.meL}$PEPTIDE1,PEPTIDE1,1:R1-7:R2$$$",-5.68300000,ok,,flexible
"PEPTIDE1{dA.meL.F.L.T.meF.P}$PEPTIDE1,PEPTIDE1,1:R1-7:R2$$$",-5.98900000,ok,,flexible
"PEPTIDE1{Sar.Me_dA.A.Me_dL.meL.T.L}$PEPTIDE1,PEPTIDE1,1:R1-7:R2$$$",-6.16500000,ok,,flexible
"PEPTIDE1{Me_dA.meL.meS.meF.V.L.Me_dL}$PEPTIDE1,PEPTIDE1,1:R1-7:R2$$$",-6.03800000,ok,,flexible
"PEPTIDE1{meL.meS.A.meF.Ala(5-Tet).Aoc(2).meA}$PEPTIDE1,PEPTIDE1,1:R1-7:R2$$$",-5.79600000,ok,,flexible
"PEPTIDE1{Me_Bal.T.Me_dL.meA.meF.Mono7.dP}$PEPTIDE1,PEPTIDE1,1:R1-7:R2$$$",-6.54000000,ok,,flexible
"PEPTIDE1{dV.L.F.Me_dL.Me_Phe(3-Cl).T.Ser(tBu)}$PEPTIDE1,PEPTIDE1,1:R1-7:R2$$$",-5.64100000,ok,,flexible
"PEPTIDE1{A.meL.T.L.meL.Ser(tBu).V}$PEPTIDE1,PEPTIDE1,1:R1-7:R2$$$",-5.16900000,ok,,flexible
"PEPTIDE1{meA.L.L.meL.A.F.Sar}$PEPTIDE1,PEPTIDE1,1:R1-7:R2$$$",-5.37100000,ok,,flexible
"PEPTIDE1{dF.meL.Mono84.T.T.3Pal.Ser(tBu)}$PEPTIDE1,PEPTIDE1,1:R1-7:R2$$$",-5.68100000,ok,,flexible
"PEPTIDE1{dV.P.Me_dL.L.meA.P.meL}$PEPTIDE1,PEPTIDE1,1:R1-7:R2$$$",-5.91600000,ok,,flexible
"PEPTIDE1{Mono6.pentyl_Gly.P.F.I.dP.T}$PEPTIDE1,PEPTIDE1,1:R1-7:R2$$$",-5.66200000,ok,,flexible
"PEPTIDE1{Pr_Gly.dP.dL.meL.meF.T.V}$PEPTIDE1,PEPTIDE1,1:R1-7:R2$$$",-5.86000000,ok,,flexible
"PEPTIDE1{F.meL.T.meF.meS.L.Abu}$PEPTIDE1,PEPTIDE1,1:R1-7:R2$$$",-5.18400000,ok,,flexible
"PEPTIDE1{meA.dPye.Me_dA.meV.Me_dL.Pr_Gly.meL}$PEPTIDE1,PEPTIDE1,1:R1-7:R2$$$",-5.46500000,ok,,flexible
"PEPTIDE1{Sar.L.T.meL.dA.Me_dL.A}$PEPTIDE1,PEPTIDE1,1:R1-7:R2$$$",-6.12900000,ok,,flexible
"PEPTIDE1{Me_dA.P.T.Ser(tBu).L.T.F}$PEPTIDE1,PEPTIDE1,1:R1-7:R2$$$",-6.16600000,ok,,flexible
"PEPTIDE1{dA.meS.meL.T.A.meS.A}$PEPTIDE1,PEPTIDE1,1:R1-7:R2$$$",-6.35200000,ok,,flexible
"PEPTIDE1{Me_dA.L.dL.Me_Phe(3-Cl).Me_dL.P.F}$PEPTIDE1,PEPTIDE1,1:R1-7:R2$$$",-6.35900000,ok,,flexible
"PEPTIDE1{Mono6.A.T.Aoc(2).meS.Me_dA.meF}$PEPTIDE1,PEPTIDE1,1:R1-7:R2$$$",-6.00600000,ok,,flexible
"PEPTIDE1{A.P.Mono84.meF.G.Sar.Abu}$PEPTIDE1,PEPTIDE1,1:R1-7:R2$$$",-7.18300000,ok,,flexible
"PEPTIDE1{Me_dA.dA.meL.L.A.Me_dL.V}$PEPTIDE1,PEPTIDE1,1:R1-7:R2$$$",-6.09700000,ok,,flexible
"PEPTIDE1{Me_Bal.Me_dL.Abu.F.meL.A.meL}$PEPTIDE1,PEPTIDE1,1:R1-7:R2$$$",-5.95700000,ok,,flexible
"PEPTIDE1{meL.L.Mono38.I.cHexCH2_Gly.Ser(tBu).P}$PEPTIDE1,PEPTIDE1,1:R1-7:R2$$$",-5.49000000,ok,,flexible
"PEPTIDE1{dV.A.dL.I.L.T.L}$PEPTIDE1,PEPTIDE1,1:R1-7:R2$$$",-5.17200000,ok,,flexible
"PEPTIDE1{Me_Bal.meV.meL.meA.Me_dL.L.V}$PEPTIDE1,PEPTIDE1,1:R1-7:R2$$$",-6.15900000,ok,,flexible
"PEPTIDE1{Mono6.A.T.L.I.Aoc(2).Abu}$PEPTIDE1,PEPTIDE1,1:R1-7:R2$$$",-5.54800000,ok,,flexible
"PEPTIDE1{A.meA.Me_dL.P.L.F.meF}$PEPTIDE1,PEPTIDE1,1:R1-7:R2$$$",-5.96600000,ok,,flexible
"PEPTIDE1{dF.meF.Aoc(2).L.Abu.meS.L}$PEPTIDE1,PEPTIDE1,1:R1-7:R2$$$",-5.42400000,ok,,flexible
"PEPTIDE1{Pr_Gly.A.V.dP.meL.meL.meA}$PEPTIDE1,PEPTIDE1,1:R1-7:R2$$$",-5.68400000,ok,,flexible
"PEPTIDE1{dA.A.Me_dL.dL.Me_dA.L.Ser(tBu)}$PEPTIDE1,PEPTIDE1,1:R1-7:R2$$$",-6.43300000,ok,,flexible
"PEPTIDE1{F.A.meL.I.L.dL.V}$PEPTIDE1,PEPTIDE1,1:R1-7:R2$$$",-5.80100000,ok,,flexible
"PEPTIDE1{Me_Bal.dP.Me_dL.meL.meA.meF.dL}$PEPTIDE1,PEPTIDE1,1:R1-7:R2$$$",-6.41300000,ok,,flexible
"PEPTIDE1{A.F.meA.meL.dL.T.meL}$PEPTIDE1,PEPTIDE1,1:R1-7:R2$$$",-5.95600000,ok,,flexible
"PEPTIDE1{Me_Bal.dP.A.meL.T.Ala(5-Tet).Abu}$PEPTIDE1,PEPTIDE1,1:R1-7:R2$$$",-6.10800000,ok,,flexible
"PEPTIDE1{meA.P.meL.V.meV.A.L}$PEPTIDE1,PEPTIDE1,1:R1-7:R2$$$",-6.04700000,ok,,flexible
"PEPTIDE1{Me_dA.A.F.T.V.meA.meF}$PEPTIDE1,PEPTIDE1,1:R1-7:R2$$$",-6.46000000,ok,,flexible
"PEPTIDE1{F.A.I.T.D.Ala(5-Tet).dL}$PEPTIDE1,PEPTIDE1,1:R1-7:R2$$$",-5.97400000,ok,,flexible
"PEPTIDE1{Me_Bal.A.cHexCH2_Gly.Mono84.I.P.meL}$PEPTIDE1,PEPTIDE1,1:R1-7:R2$$$",-5.67400000,ok,,flexible
"PEPTIDE1{Me_dA.Me_Nle.L.pentyl_Gly.Mono84.L.A}$PEPTIDE1,PEPTIDE1,1:R1-7:R2$$$",-4.90400000,ok,,flexible
"PEPTIDE1{dV.meL.T.meA.T.P.meF}$PEPTIDE1,PEPTIDE1,1:R1-7:R2$$$",-6.75000000,ok,,flexible
"PEPTIDE1{Me_dA.P.meA.A.dL.meL.V}$PEPTIDE1,PEPTIDE1,1:R1-7:R2$$$",-5.78600000,ok,,flexible
"PEPTIDE1{L.A.dL.Mono86.G.meL.V}$PEPTIDE1,PEPTIDE1,1:R1-7:R2$$$",-5.67300000,ok,,flexible
"PEPTIDE1{A.meA.T.F.meF.Me_dA.L}$PEPTIDE1,PEPTIDE1,1:R1-7:R2$$$",-6.96700000,ok,,flexible
"PEPTIDE1{Me_Bal.meL.A.V.dL.T.I}$PEPTIDE1,PEPTIDE1,1:R1-7:R2$$$",-5.86300000,ok,,flexible
"PEPTIDE1{F.L.dL.meA.I.A.Me_dL}$PEPTIDE1,PEPTIDE1,1:R1-7:R2$$$",-5.73600000,ok,,flexible
"PEPTIDE1{Me_dA.L.meL.meL.V.I.Me_dL}$PEPTIDE1,PEPTIDE1,1:R1-7:R2$$$",-5.59500000,ok,,flexible
"PEPTIDE1{L.meA.meF.T.A.T.F}$PEPTIDE1,PEPTIDE1,1:R1-7:R2$$$",-6.04300000,ok,,flexible
"PEPTIDE1{Pr_Gly.Phe(4-CF3).L.Ala(5-Tet).Abu.T.I}$PEPTIDE1,PEPTIDE1,1:R1-7:R2$$$",-6.17000000,ok,,flexible
"PEPTIDE1{Mono6.Me_dA.T.Me_dL.A.dL.T}$PEPTIDE1,PEPTIDE1,1:R1-7:R2$$$",-6.17500000,ok,,flexible
"PEPTIDE1{L.T.meL.Abu.meF.meS.Ala(5-Tet)}$PEPTIDE1,PEPTIDE1,1:R1-7:R2$$$",-5.54500000,ok,,flexible
"PEPTIDE1{dA.P.T.dL.V.G.meA}$PEPTIDE1,PEPTIDE1,1:R1-7:R2$$$",-6.50000000,ok,,flexible
"PEPTIDE1{dA.meV.Me_dA.L.Pr_Gly.F.meL}$PEPTIDE1,PEPTIDE1,1:R1-7:R2$$$",-6.04300000,ok,,flexible
"PEPTIDE1{Me_dA.meL.dA.F.Me_dL.meF.L}$PEPTIDE1,PEPTIDE1,1:R1-7:R2$$$",-6.04600000,ok,,flexible
"PEPTIDE1{A.P.L.meS.dL.T.meA}$PEPTIDE1,PEPTIDE1,1:R1-7:R2$$$",-5.91100000,ok,,flexible
"PEPTIDE1{Me_dA.meL.T.L.L.dL.V}$PEPTIDE1,PEPTIDE1,1:R1-7:R2$$$",-5.39300000,ok,,flexible
"PEPTIDE1{Me_dA.L.Me_dL.Mono6.dL.meA.Me_dL}$PEPTIDE1,PEPTIDE1,1:R1-7:R2$$$",-5.72100000,ok,,flexible
"PEPTIDE1{meA.dPye.Asp_piperidide.F.A.Ser(tBu).meL}$PEPTIDE1,PEPTIDE1,1:R1-7:R2$$$",-5.70200000,ok,,flexible
"PEPTIDE1{Me_Bal.dPye.meS.T.F.meL.meA}$PEPTIDE1,PEPTIDE1,1:R1-7:R2$$$",-6.38300000,ok,,flexible
"PEPTIDE1{dA.meL.meA.P.I.V.meV}$PEPTIDE1,PEPTIDE1,1:R1-7:R2$$$",-6.17900000,ok,,flexible
"PEPTIDE1{Me_Bal.T.dL.Ser(tBu).A.P.Me_dL}$PEPTIDE1,PEPTIDE1,1:R1-7:R2$$$",-5.78500000,ok,,flexible
"PEPTIDE1{dP.meL.Pr_Gly.A.Me_dL.I.meA}$PEPTIDE1,PEPTIDE1,1:R1-7:R2$$$",-5.88000000,ok,,flexible
"PEPTIDE1{meL.Abu.T.meA.Me_dA.F.A}$PEPTIDE1,PEPTIDE1,1:R1-7:R2$$$",-6.46800000,ok,,flexible
"PEPTIDE1{dV.L.T.T.meL.V.meA}$PEPTIDE1,PEPTIDE1,1:R1-7:R2$$$",-5.32400000,ok,,flexible
"PEPTIDE1{F.meA.L.meA.T.meF.meL}$PEPTIDE1,PEPTIDE1,1:R1-7:R2$$$",-5.36300000,ok,,flexible
"PEPTIDE1{meA.I.V.T.L.Ser(tBu).P}$PEPTIDE1,PEPTIDE1,1:R1-7:R2$$$",-5.80600000,ok,,flexible
"PEPTIDE1{F.Mono38.Mono86.Ser(tBu).meL.Me_dL.dL}$PEPTIDE1,PEPTIDE1,1:R1-7:R2$$$",-5.03100000,ok,,flexible
"PEPTIDE1{A.Bn_Gly.meA.P.Me_dA.Me_dL.Ser(tBu)}$PEPTIDE1,PEPTIDE1,1:R1-7:R2$$$",-5.75200000,ok,,flexible
"PEPTIDE1{Sar.P.meL.meA.T.meI.Ser(tBu)}$PEPTIDE1,PEPTIDE1,1:R1-7:R2$$$",-5.81300000,ok,,flexible
"PEPTIDE1{Sar.P.meF.meA.cHexCH2_Gly.Me_dL.L}$PEPTIDE1,PEPTIDE1,1:R1-7:R2$$$",-6.26600000,ok,,flexible
"PEPTIDE1{dV.P.meL.meL.L.meS.T}$PEPTIDE1,PEPTIDE1,1:R1-7:R2$$$",-5.22300000,ok,,flexible
"PEPTIDE1{Me_Bal.P.dP.A.dL.meL.V}$PEPTIDE1,PEPTIDE1,1:R1-7:R2$$$",-6.41300000,ok,,flexible
"PEPTIDE1{Mono6.pentyl_Gly.L.L.I.dP.A}$PEPTIDE1,PEPTIDE1,1:R1-7:R2$$$",-5.19300000,ok,,flexible
"PEPTIDE1{Me_dA.meA.A.P.T.T.meS}$PEPTIDE1,PEPTIDE1,1:R1-7:R2$$$",-6.50600000,ok,,flexible
"PEPTIDE1{F.T.meA.dP.A.T.dP}$PEPTIDE1,PEPTIDE1,1:R1-7:R2$$$",-7.27500000,ok,,flexible
"PEPTIDE1{Me_Bal.meA.L.Ser(tBu).dL.A.dP}$PEPTIDE1,PEPTIDE1,1:R1-7:R2$$$",-6.11700000,ok,,flexible
"PEPTIDE1{Me_dA.A.Aoc(2).meF.meL.Ser(tBu).L}$PEPTIDE1,PEPTIDE1,1:R1-7:R2$$$",-5.21500000,ok,,flexible
"PEPTIDE1{Me_Bal.Me_dL.dL.meL.meL.meA.T}$PEPTIDE1,PEPTIDE1,1:R1-7:R2$$$",-5.19300000,ok,,flexible
"PEPTIDE1{Pr_Gly.A.L.T.Abu.Me_dL.Ala(5-Tet)}$PEPTIDE1,PEPTIDE1,1:R1-7:R2$$$",-5.70800000,ok,,flexible
"PEPTIDE1{meA.L.I.Aoc(2).Ser(tBu).P.meF}$PEPTIDE1,PEPTIDE1,1:R1-7:R2$$$",-5.73500000,ok,,flexible
"PEPTIDE1{Me_Bal.pentyl_Gly.Mono38.I.L.Me_Phe(3-Cl).dL}$PEPTIDE1,PEPTIDE1,1:R1-7:R2$$$",-5.30600000,ok,,flexible
"PEPTIDE1{dV.cHexCH2_Gly.meS.Abu.A.meL.A}$PEPTIDE1,PEPTIDE1,1:R1-7:R2$$$",-6.58400000,ok,,flexible
"PEPTIDE1{meL.Ser(tBu).I.L.dP.dL.A}$PEPTIDE1,PEPTIDE1,1:R1-7:R2$$$",-5.45800000,ok,,flexible
"PEPTIDE1{dA.Pr_Gly.Me_dL.L.Ser(tBu).V.meA}$PEPTIDE1,PEPTIDE1,1:R1-7:R2$$$",-5.29200000,ok,,flexible
"PEPTIDE1{A.Me_dL.P.meA.meS.meL.T}$PEPTIDE1,PEPTIDE1,1:R1-7:R2$$$",-5.55000000,ok,,flexible
"PEPTIDE1{Sar.L.F.A.V.I.Me_dL}$PEPTIDE1,PEPTIDE1,1:R1-7:R2$$$",-6.10500000,ok,,flexible
"PEPTIDE1{F.meL.P.L.meF.Ser(tBu).Me_Phe(3-Cl)}$PEPTIDE1,PEPTIDE1,1:R1-7:R2$$$",-5.95400000,ok,,flexible
"PEPTIDE1{dV.cHexCH2_Gly.Mono84.L.I.T.A}$PEPTIDE1,PEPTIDE1,1:R1-7:R2$$$",-6.08500000,ok,,flexible
"PEPTIDE1{meA.L.meL.dP.I.A.L}$PEPTIDE1,PEPTIDE1,1:R1-7:R2$$$",-6.05600000,ok,,flexible
"PEPTIDE1{Me_dA.Sar.F.meL.L.L.T}$PEPTIDE1,PEPTIDE1,1:R1-7:R2$$$",-5.46800000,ok,,flexible
"PEPTIDE1{meA.Abu.meS.Ala(5-Tet).L.meS.L}$PEPTIDE1,PEPTIDE1,1:R1-7:R2$$$",-5.26200000,ok,,flexible
"PEPTIDE1{dV.meF.Abu.dP.meL.Aoc(2).Sar}$PEPTIDE1,PEPTIDE1,1:R1-7:R2$$$",-6.22200000,ok,,flexible
"PEPTIDE1{dV.A.L.Me_dL.meA.meL.meL}$PEPTIDE1,PEPTIDE1,1:R1-7:R2$$$",-5.87800000,ok,,flexible
"PEPTIDE1{dA.meS.dL.meA.A.Sar.Me_dA}$PEPTIDE1,PEPTIDE1,1:R1-7:R2$$$",-6.74600000,ok,,flexible
"PEPTIDE1{meL.T.meL.L.Me_dL.A.meA}$PEPTIDE1,PEPTIDE1,1:R1-7:R2$$$",-5.76000000,ok,,flexible
"PEPTIDE1{P.meA.Me_dA.A.Me_dL.meL.L}$PEPTIDE1,PEPTIDE1,1:R1-7:R2$$$",-6.48000000,ok,,flexible
"PEPTIDE1{dV.L.meA.meF.P.meL.I}$PEPTIDE1,PEPTIDE1,1:R1-7:R2$$$",-5.87400000,ok,,flexible
"PEPTIDE1{A.meL.meA.P.meL.Me_dL.meL}$PEPTIDE1,PEPTIDE1,1:R1-7:R2$$$",-5.46300000,ok,,flexible
"PEPTIDE1{A.L.V.P.meA.meF.meA}$PEPTIDE1,PEPTIDE1,1:R1-7:R2$$$",-6.28800000,ok,,flexible
"PEPTIDE1{A.I.Et_Gly.L.Me_Phe(3-Cl).meL.meA}$PEPTIDE1,PEPTIDE1,1:R1-7:R2$$$",-5.54000000,ok,,flexible
"PEPTIDE1{Me_dA.L.meF.meL.cHexCH2_Gly.Ser(tBu).L}$PEPTIDE1,PEPTIDE1,1:R1-7:R2$$$",-5.32100000,ok,,flexible
"PEPTIDE1{dA.A.meS.L.P.V.meL}$PEPTIDE1,PEPTIDE1,1:R1-7:R2$$$",-5.83300000,ok,,flexible
"PEPTIDE1{A.meF.Me_dL.meL.D.T.Sar}$PEPTIDE1,PEPTIDE1,1:R1-7:R2$$$",-5.84200000,ok,,flexible
"PEPTIDE1{dP.Pr_Gly.P.Me_dA.T.Me_dL.meF}$PEPTIDE1,PEPTIDE1,1:R1-7:R2$$$",-5.61500000,ok,,flexible
"PEPTIDE1{Mono6.L.meY.meL.P.meL.meA}$PEPTIDE1,PEPTIDE1,1:R1-7:R2$$$",-6.37000000,ok,,flexible
"PEPTIDE1{Me_dL.L.dP.T.Ala(5-Tet).P.dL}$PEPTIDE1,PEPTIDE1,1:R1-7:R2$$$",-5.53400000,ok,,flexible
"PEPTIDE1{A.L.Aoc(2).I.Sar.meL.L}$PEPTIDE1,PEPTIDE1,1:R1-7:R2$$$",-5.53200000,ok,,flexible
"PEPTIDE1{Me_Bal.L.Me_dL.meL.Ser(tBu).meA.T}$PEPTIDE1,PEPTIDE1,1:R1-7:R2$$$",-4.72200000,ok,,flexible
"PEPTIDE1{Me_dA.meF.V.F.Me_dL.P.meV}$PEPTIDE1,PEPTIDE1,1:R1-7:R2$$$",-7.40000000,ok,,flexible
"PEPTIDE1{meA.V.L.Ser(tBu).T.meL.dL}$PEPTIDE1,PEPTIDE1,1:R1-7:R2$$$",-5.64300000,ok,,flexible
"PEPTIDE1{A.Sar.meL.Me_dL.F.T.meI}$PEPTIDE1,PEPTIDE1,1:R1-7:R2$$$",-5.46100000,ok,,flexible
"PEPTIDE1{meA.meS.T.Me_dA.L.meL.Me_dL}$PEPTIDE1,PEPTIDE1,1:R1-7:R2$$$",-5.54100000,ok,,flexible
"PEPTIDE1{Me_dA.meF.I.meS.meL.D.Abu}$PEPTIDE1,PEPTIDE1,1:R1-7:R2$$$",-5.90700000,ok,,flexible
"PEPTIDE1{Sar.T.Me_dL.meL.meA.meF.A}$PEPTIDE1,PEPTIDE1,1:R1-7:R2$$$",-5.83900000,ok,,flexible
"PEPTIDE1{meA.Ser(tBu).T.P.meL.V.T}$PEPTIDE1,PEPTIDE1,1:R1-7:R2$$$",-5.45900000,ok,,flexible
"PEPTIDE1{dF.A.Mono84.I.T.Mono78.Ser(tBu)}$PEPTIDE1,PEPTIDE1,1:R1-7:R2$$$",-6.20500000,ok,,flexible
"PEPTIDE1{meA.meL.Abu.Sar.meS.T.Ala(5-Tet)}$PEPTIDE1,PEPTIDE1,1:R1-7:R2$$$",-5.86100000,ok,,flexible
"PEPTIDE1{Pr_Gly.Et_Gly.dL.A.I.meS.T}$PEPTIDE1,PEPTIDE1,1:R1-7:R2$$$",-5.31500000,ok,,flexible
"PEPTIDE1{A.meA.meS.T.meL.Sar.T}$PEPTIDE1,PEPTIDE1,1:R1-7:R2$$$",-5.92300000,ok,,flexible
"PEPTIDE1{meL.meS.T.A.L.meA.Me_dA}$PEPTIDE1,PEPTIDE1,1:R1-7:R2$$$",-6.70400000,ok,,flexible
"PEPTIDE1{Mono6.L.meL.pentyl_Gly.T.P.dV}$PEPTIDE1,PEPTIDE1,1:R1-7:R2$$$",-5.26200000,ok,,flexible
"PEPTIDE1{Mono6.dPye.meL.Ser(tBu).Me_dL.Me_dA.meS}$PEPTIDE1,PEPTIDE1,1:R1-7:R2$$$",-5.52000000,ok,,flexible
"PEPTIDE1{Me_Bal.A.meL.dP.meF.Ser(tBu).meS}$PEPTIDE1,PEPTIDE1,1:R1-7:R2$$$",-5.41700000,ok,,flexible
"PEPTIDE1{meA.F.P.L.I.dP.L}$PEPTIDE1,PEPTIDE1,1:R1-7:R2$$$",-5.92100000,ok,,flexible
"PEPTIDE1{A.meF.G.L.meL.T.L}$PEPTIDE1,PEPTIDE1,1:R1-7:R2$$$",-6.11000000,ok,,flexible
"PEPTIDE1{meA.Ser(tBu).meL.3Pal.I.dL.T}$PEPTIDE1,PEPTIDE1,1:R1-7:R2$$$",-5.97800000,ok,,flexible
"PEPTIDE1{Mono6.dL.pentyl_Gly.T.meL.L.P}$PEPTIDE1,PEPTIDE1,1:R1-7:R2$$$",-5.00100000,ok,,flexible
"PEPTIDE1{Me_Bal.Pr_Gly.Me_Phe(3-Cl).A.meL.I.pentyl_Gly}$PEPTIDE1,PEPTIDE1,1:R1-7:R2$$$",-6.15600000,ok,,flexible
"PEPTIDE1{dA.L.meS.meL.meL.Abu.I}$PEPTIDE1,PEPTIDE1,1:R1-7:R2$$$",-5.42100000,ok,,flexible
"PEPTIDE1{Pr_Gly.Me_dL.meL.T.meA.dP.Me_dA}$PEPTIDE1,PEPTIDE1,1:R1-7:R2$$$",-5.66900000,ok,,flexible
"PEPTIDE1{Me_Bal.L.T.dL.Ser(tBu).T.meL}$PEPTIDE1,PEPTIDE1,1:R1-7:R2$$$",-5.32700000,ok,,flexible
"PEPTIDE1{meA.meL.Me_dL.Sar.meF.A.dL}$PEPTIDE1,PEPTIDE1,1:R1-7:R2$$$",-5.49900000,ok,,flexible
"PEPTIDE1{meA.T.Me_dA.Me_dL.Sar.meL.L}$PEPTIDE1,PEPTIDE1,1:R1-7:R2$$$",-5.46000000,ok,,flexible
"PEPTIDE1{A.L.meS.meS.Me_dL.Sar.Ala(5-Tet)}$PEPTIDE1,PEPTIDE1,1:R1-7:R2$$$",-5.37900000,ok,,flexible
"PEPTIDE1{L.meL.Me_dL.Abu.Me_dA.Sar.A}$PEPTIDE1,PEPTIDE1,1:R1-7:R2$$$",-5.40600000,ok,,flexible
"PEPTIDE1{Me_Bal.P.L.meF.dL.Mono78.meV}$PEPTIDE1,PEPTIDE1,1:R1-7:R2$$$",-5.81000000,ok,,flexible
"PEPTIDE1{A.T.meL.meA.dL.Me_dL.L}$PEPTIDE1,PEPTIDE1,1:R1-7:R2$$$",-5.72000000,ok,,flexible
"PEPTIDE1{A.dP.T.meA.dL.L.meL}$PEPTIDE1,PEPTIDE1,1:R1-7:R2$$$",-5.55100000,ok,,flexible
"PEPTIDE1{L.A.meL.Abu.Ala(5-Tet).meF.Me_dL}$PEPTIDE1,PEPTIDE1,1:R1-7:R2$$$",-5.44700000,ok,,flexible
"PEPTIDE1{F.P.dL.Nle.L.A.dP}$PEPTIDE1,PEPTIDE1,1:R1-7:R2$$$",-5.85200000,ok,,flexible
"PEPTIDE1{dF.meL.L.I.I.T.P}$PEPTIDE1,PEPTIDE1,1:R1-7:R2$$$",-5.60900000,ok,,flexible
"PEPTIDE1{dA.L.meL.I.T.meA.V}$PEPTIDE1,PEPTIDE1,1:R1-7:R2$$$",-5.77500000,ok,,flexible
"PEPTIDE1{meA.Ser(tBu).T.dL.P.L.dV}$PEPTIDE1,PEPTIDE1,1:R1-7:R2$$$",-5.45700000,ok,,flexible
"PEPTIDE1{dV.L.A.dP.T.V.meF}$PEPTIDE1,PEPTIDE1,1:R1-7:R2$$$",-6.50600000,ok,,flexible
"PEPTIDE1{Mono6.pentyl_Gly.Ser(tBu).T.Mono84.L.Mono86}$PEPTIDE1,PEPTIDE1,1:R1-7:R2$$$",-5.79000000,ok,,flexible
"PEPTIDE1{Me_dA.meL.meA.P.dP.V.L}$PEPTIDE1,PEPTIDE1,1:R1-7:R2$$$",-6.03700000,ok,,flexible
"PEPTIDE1{P.meL.F.Me_dA.L.dL.meA}$PEPTIDE1,PEPTIDE1,1:R1-7:R2$$$",-6.12800000,ok,,flexible
"PEPTIDE1{A.meL.dF.meA.dL.F.L}$PEPTIDE1,PEPTIDE1,1:R1-7:R2$$$",-5.67200000,ok,,flexible
"PEPTIDE1{meA.meF.V.T.L.F.P}$PEPTIDE1,PEPTIDE1,1:R1-7:R2$$$",-5.68000000,ok,,flexible
"PEPTIDE1{dF.dP.L.dL.meL.meA.meA}$PEPTIDE1,PEPTIDE1,1:R1-7:R2$$$",-5.91700000,ok,,flexible
"PEPTIDE1{meL.Me_dA.T.A.meL.dP.Me_dL}$PEPTIDE1,PEPTIDE1,1:R1-7:R2$$$",-6.15500000,ok,,flexible
"PEPTIDE1{A.dP.I.V.dL.Ser(tBu).meL}$PEPTIDE1,PEPTIDE1,1:R1-7:R2$$$",-5.30100000,ok,,flexible
"PEPTIDE1{meA.G.meL.L.V.Ser(tBu).F}$PEPTIDE1,PEPTIDE1,1:R1-7:R2$$$",-5.93300000,ok,,flexible
"PEPTIDE1{dF.P.A.Sar.Abu.meA.meL}$PEPTIDE1,PEPTIDE1,1:R1-7:R2$$$",-6.32200000,ok,,flexible
"PEPTIDE1{dV.Ser(tBu).Me_dA.A.T.P.L}$PEPTIDE1,PEPTIDE1,1:R1-7:R2$$$",-6.01800000,ok,,flexible
"PEPTIDE1{Me_dA.dP.T.meL.L.meF.A}$PEPTIDE1,PEPTIDE1,1:R1-7:R2$$$",-6.70100000,ok,,flexible
"PEPTIDE1{Pr_Gly.meS.meS.A.L.meF.L}$PEPTIDE1,PEPTIDE1,1:R1-7:R2$$$",-6.05300000,ok,,flexible
"PEPTIDE1{L.meF.T.Sar.meS.Ala(5-Tet).meL}$PEPTIDE1,PEPTIDE1,1:R1-7:R2$$$",-6.16700000,ok,,flexible
"PEPTIDE1{A.F.meA.meF.meL.A.I}$PEPTIDE1,PEPTIDE1,1:R1-7:R2$$$",-6.03700000,ok,,flexible
"PEPTIDE1{meL.Me_dA.T.meS.A.L.meF}$PEPTIDE1,PEPTIDE1,1:R1-7:R2$$$",-5.97800000,ok,,flexible
"PEPTIDE1{Me_dA.meF.dP.meV.V.meL.Ser(tBu)}$PEPTIDE1,PEPTIDE1,1:R1-7:R2$$$",-5.98100000,ok,,flexible
"PEPTIDE1{Sar.meF.meL.A.T.meA.I}$PEPTIDE1,PEPTIDE1,1:R1-7:R2$$$",-6.47000000,ok,,flexible
"PEPTIDE1{dA.Me_dA.Me_dL.meF.meL.V.I}$PEPTIDE1,PEPTIDE1,1:R1-7:R2$$$",-5.50700000,ok,,flexible
"PEPTIDE1{meA.meS.Sar.meF.F.L.dL}$PEPTIDE1,PEPTIDE1,1:R1-7:R2$$$",-6.19600000,ok,,flexible
"PEPTIDE1{A.P.Me_dL.Me_dL.L.meL.meL}$PEPTIDE1,PEPTIDE1,1:R1-7:R2$$$",-5.58300000,ok,,flexible
"PEPTIDE1{Pr_Gly.L.T.Sar.dL.Ser(tBu).P}$PEPTIDE1,PEPTIDE1,1:R1-7:R2$$$",-5.22700000,ok,,flexible
"PEPTIDE1{F.T.A.L.meS.Abu.meA}$PEPTIDE1,PEPTIDE1,1:R1-7:R2$$$",-5.69500000,ok,,flexible
"PEPTIDE1{Me_Bal.F.I.Me_dL.Ser(tBu).meL.A}$PEPTIDE1,PEPTIDE1,1:R1-7:R2$$$",-6.01700000,ok,,flexible
"PEPTIDE1{dA.dL.I.Ser(tBu).A.Me_Phe(3-Cl).meL}$PEPTIDE1,PEPTIDE1,1:R1-7:R2$$$",-5.51800000,ok,,flexible
"PEPTIDE1{P.Mono38.A.Me_dL.F.Me_Phe(3-Cl).Ser(tBu)}$PEPTIDE1,PEPTIDE1,1:R1-7:R2$$$",-5.93100000,ok,,flexible
"PEPTIDE1{Me_dA.Abu.T.meA.L.F.A}$PEPTIDE1,PEPTIDE1,1:R1-7:R2$$$",-6.10600000,ok,,flexible
"PEPTIDE1{F.meL.Ser(tBu).I.A.L.dL}$PEPTIDE1,PEPTIDE1,1:R1-7:R2$$$",-5.62500000,ok,,flexible
"PEPTIDE1{dV.meS.V.meV.meF.meL.L}$PEPTIDE1,PEPTIDE1,1:R1-7:R2$$$",-5.31700000,ok,,flexible
"PEPTIDE1{dA.meF.A.V.T.dV.meL}$PEPTIDE1,PEPTIDE1,1:R1-7:R2$$$",-5.70600000,ok,,flexible
"PEPTIDE1{Me_dA.F.meL.T.V.I.dL}$PEPTIDE1,PEPTIDE1,1:R1-7:R2$$$",-5.36300000,ok,,flexible
"PEPTIDE1{A.Me_dA.A.meA.meL.L.T}$PEPTIDE1,PEPTIDE1,1:R1-7:R2$$$",-5.81600000,ok,,flexible
"PEPTIDE1{Me_Bal.meA.Ser(tBu).Mono84.L.dL.I}$PEPTIDE1,PEPTIDE1,1:R1-7:R2$$$",-6.15500000,ok,,flexible
"PEPTIDE1{P.Me_Phe(3-Cl).L.G.meA.meL.Ser(tBu)}$PEPTIDE1,PEPTIDE1,1:R1-7:R2$$$",-6.31800000,ok,,flexible
"PEPTIDE1{dA.meL.meL.T.dL.A.T}$PEPTIDE1,PEPTIDE1,1:R1-7:R2$$$",-6.00700000,ok,,flexible
"PEPTIDE1{meA.dF.meF.meV.meL.F.P}$PEPTIDE1,PEPTIDE1,1:R1-7:R2$$$",-6.61900000,ok,,flexible
"PEPTIDE1{dV.A.meL.Me_dL.meY.dP.meL}$PEPTIDE1,PEPTIDE1,1:R1-7:R2$$$",-5.82200000,ok,,flexible
"PEPTIDE1{meA.meF.meL.Abu.Ala(5-Tet).dL.A}$PEPTIDE1,PEPTIDE1,1:R1-7:R2$$$",-5.55100000,ok,,flexible
"PEPTIDE1{meA.dL.L.Abu.I.T.meF}$PEPTIDE1,PEPTIDE1,1:R1-7:R2$$$",-5.60700000,ok,,flexible
"PEPTIDE1{Me_Bal.V.Ser(tBu).L.meL.T.F}$PEPTIDE1,PEPTIDE1,1:R1-7:R2$$$",-5.97800000,ok,,flexible
"PEPTIDE1{meA.L.F.T.Sar.Phe(4-CF3).T}$PEPTIDE1,PEPTIDE1,1:R1-7:R2$$$",-6.25000000,ok,,flexible
"PEPTIDE1{meL.Abu.Me_dL.meS.V.meF.Me_dA}$PEPTIDE1,PEPTIDE1,1:R1-7:R2$$$",-5.69800000,ok,,flexible
"PEPTIDE1{Me_Bal.Me_dA.meA.Pr_Gly.F.dL.I}$PEPTIDE1,PEPTIDE1,1:R1-7:R2$$$",-5.70100000,ok,,flexible
"PEPTIDE1{Me_dA.Me_dL.T.meL.V.P.meL}$PEPTIDE1,PEPTIDE1,1:R1-7:R2$$$",-5.48400000,ok,,flexible
"PEPTIDE1{dF.pentyl_Gly.Me_Nle.A.Mono84.T.meL}$PEPTIDE1,PEPTIDE1,1:R1-7:R2$$$",-6.24100000,ok,,flexible
"PEPTIDE1{Me_dA.Pr_Gly.L.F.G.L.V}$PEPTIDE1,PEPTIDE1,1:R1-7:R2$$$",-5.66100000,ok,,flexible
"PEPTIDE1{dF.A.meS.L.L.Abu.T}$PEPTIDE1,PEPTIDE1,1:R1-7:R2$$$",-5.80500000,ok,,flexible
"PEPTIDE1{Me_Bal.meA.L.dL.I.meL.meS}$PEPTIDE1,PEPTIDE1,1:R1-7:R2$$$",-5.74800000,ok,,flexible
"PEPTIDE1{P.meA.L.Bn_Gly.T.A.Me_dL}$PEPTIDE1,PEPTIDE1,1:R1-7:R2$$$",-6.11100000,ok,,flexible
"PEPTIDE1{meL.L.Ala(5-Tet).meS.A.P.meF}$PEPTIDE1,PEPTIDE1,1:R1-7:R2$$$",-6.23800000,ok,,flexible
"PEPTIDE1{dA.Aoc(2).meL.meF.meS.dL.Me_dL}$PEPTIDE1,PEPTIDE1,1:R1-7:R2$$$",-5.20200000,ok,,flexible
"PEPTIDE1{meA.T.L.T.V.F.P}$PEPTIDE1,PEPTIDE1,1:R1-7:R2$$$",-6.41400000,ok,,flexible
"PEPTIDE1{Me_dA.T.Aoc(2).L.meL.meL.Me_dL}$PEPTIDE1,PEPTIDE1,1:R1-7:R2$$$",-5.10400000,ok,,flexible
"PEPTIDE1{Mono6.meL.P.meL.Me_dL.dP.T}$PEPTIDE1,PEPTIDE1,1:R1-7:R2$$$",-5.99100000,ok,,flexible
"PEPTIDE1{L.G.Pr_Gly.F.A.Me_dA.Me_dL}$PEPTIDE1,PEPTIDE1,1:R1-7:R2$$$",-5.38200000,ok,,flexible
"PEPTIDE1{meL.meA.Me_dL.Sar.dA.L.dL}$PEPTIDE1,PEPTIDE1,1:R1-7:R2$$$",-5.77800000,ok,,flexible
"PEPTIDE1{meA.T.V.meF.L.dL.Me_dL}$PEPTIDE1,PEPTIDE1,1:R1-7:R2$$$",-5.88600000,ok,,flexible
"PEPTIDE1{A.Me_dL.Me_dL.T.V.F.meL}$PEPTIDE1,PEPTIDE1,1:R1-7:R2$$$",-5.78400000,ok,,flexible
"PEPTIDE1{Pr_Gly.Mono38.P.P.meL.Me_dL.dP}$PEPTIDE1,PEPTIDE1,1:R1-7:R2$$$",-6.04500000,ok,,flexible
"PEPTIDE1{Me_dA.A.pentyl_Gly.L.cHexCH2_Gly.3Pal.Ser(tBu)}$PEPTIDE1,PEPTIDE1,1:R1-7:R2$$$",-5.24300000,ok,,flexible
"PEPTIDE1{Me_dA.T.Abu.meF.Aoc(2).meS.dL}$PEPTIDE1,PEPTIDE1,1:R1-7:R2$$$",-5.97500000,ok,,flexible
"PEPTIDE1{P.G.Aib.V.L.meA.F}$PEPTIDE1,PEPTIDE1,1:R1-7:R2$$$",-6.74200000,ok,,flexible
"PEPTIDE1{dV.meS.meF.meL.A.L.meL}$PEPTIDE1,PEPTIDE1,1:R1-7:R2$$$",-5.24000000,ok,,flexible
"PEPTIDE1{A.P.meL.T.meA.dP.I}$PEPTIDE1,PEPTIDE1,1:R1-7:R2$$$",-6.10500000,ok,,flexible
"PEPTIDE1{dA.V.meF.P.meA.T.Me_dL}$PEPTIDE1,PEPTIDE1,1:R1-7:R2$$$",-6.71800000,ok,,flexible
"PEPTIDE1{dV.T.T.meL.meS.L.Me_dL}$PEPTIDE1,PEPTIDE1,1:R1-7:R2$$$",-5.74700000,ok,,flexible
"PEPTIDE1{L.A.dP.Aoc(2).meL.T.meA}$PEPTIDE1,PEPTIDE1,1:R1-7:R2$$$",-6.12700000,ok,,flexible
"PEPTIDE1{F.L.T.Bn_Gly.dL.L.meL}$PEPTIDE1,PEPTIDE1,1:R1-7:R2$$$",-5.55300000,ok,,flexible
"PEPTIDE1{Me_dA.L.meL.Ser(tBu).meL.meA.Me_Phe(3-Cl)}$PEPTIDE1,PEPTIDE1,1:R1-7:R2$$$",-5.71700000,ok,,flexible
"PEPTIDE1{dV.meL.dP.T.I.P.meA}$PEPTIDE1,PEPTIDE1,1:R1-7:R2$$$",-5.71500000,ok,,flexible
"PEPTIDE1{dF.F.meL.Ala(5-Tet).meF.T.meS}$PEPTIDE1,PEPTIDE1,1:R1-7:R2$$$",-5.71600000,ok,,flexible
"PEPTIDE1{dP.dPye.A.Ser(tBu).L.Me_dA.Me_dL}$PEPTIDE1,PEPTIDE1,1:R1-7:R2$$$",-5.27200000,ok,,flexible
"PEPTIDE1{dF.meS.Me_dL.A.Sar.dA.meL}$PEPTIDE1,PEPTIDE1,1:R1-7:R2$$$",-6.20700000,ok,,flexible
"PEPTIDE1{meA.meA.V.dL.meL.Me_dL.Me_dA}$PEPTIDE1,PEPTIDE1,1:R1-7:R2$$$",-5.51600000,ok,,flexible
"PEPTIDE1{Me_dA.dPye.dA.Me_dL.Ser(tBu).L.P}$PEPTIDE1,PEPTIDE1,1:R1-7:R2$$$",-5.32000000,ok,,flexible
"PEPTIDE1{Pr_Gly.G.meL.A.L.Me_dL.meF}$PEPTIDE1,PEPTIDE1,1:R1-7:R2$$$",-5.22500000,ok,,flexible
"PEPTIDE1{F.A.Me_dA.dA.dL.T.I}$PEPTIDE1,PEPTIDE1,1:R1-7:R2$$$",-6.36200000,ok,,flexible
"PEPTIDE1{dV.dP.A.T.L.meA.meL}$PEPTIDE1,PEPTIDE1,1:R1-7:R2$$$",-6.32100000,ok,,flexible
"PEPTIDE1{A.meL.L.F.meF.meA.meL}$PEPTIDE1,PEPTIDE1,1:R1-7:R2$$$",-5.95300000,ok,,flexible
"PEPTIDE1{dA.dL.meL.Aoc(2).L.meF.Ser(tBu)}$PEPTIDE1,PEPTIDE1,1:R1-7:R2$$$",-5.22500000,ok,,flexible
"PEPTIDE1{dF.A.meL.Sar.meA.L.F}$PEPTIDE1,PEPTIDE1,1:R1-7:R2$$$",-6.14400000,ok,,flexible
"PEPTIDE1{dV.meA.Me_dA.meL.dP.V.meL}$PEPTIDE1,PEPTIDE1,1:R1-7:R2$$$",-5.92400000,ok,,flexible
"PEPTIDE1{A.V.dP.meA.T.meA.Me_dL}$PEPTIDE1,PEPTIDE1,1:R1-7:R2$$$",-6.50100000,ok,,flexible
"PEPTIDE1{dP.Me_dL.A.Me_dL.meL.dP.L}$PEPTIDE1,PEPTIDE1,1:R1-7:R2$$$",-6.09500000,ok,,flexible
"PEPTIDE1{meL.pentyl_Gly.Aoc(2).L.P.T.dL}$PEPTIDE1,PEPTIDE1,1:R1-7:R2$$$",-4.62800000,ok,,flexible
"PEPTIDE1{dV.meS.meA.Abu.Ala(5-Tet).L.meL}$PEPTIDE1,PEPTIDE1,1:R1-7:R2$$$",-5.74000000,ok,,flexible
"PEPTIDE1{Me_Bal.meL.Me_dL.meA.T.T.A}$PEPTIDE1,PEPTIDE1,1:R1-7:R2$$$",-6.07300000,ok,,flexible
"PEPTIDE1{F.G.L.V.Ser(tBu).T.Me_dL}$PEPTIDE1,PEPTIDE1,1:R1-7:R2$$$",-5.03800000,ok,,flexible
"PEPTIDE1{meA.meL.Me_dA.meS.Me_dL.dP.T}$PEPTIDE1,PEPTIDE1,1:R1-7:R2$$$",-5.76800000,ok,,flexible
"PEPTIDE1{dA.T.Ser(tBu).A.L.I.Aoc(2)}$PEPTIDE1,PEPTIDE1,1:R1-7:R2$$$",-5.04100000,ok,,flexible
"PEPTIDE1{Me_Bal.Pr_Gly.A.dL.L.L.Me_dL}$PEPTIDE1,PEPTIDE1,1:R1-7:R2$$$",-5.24200000,ok,,flexible
"PEPTIDE1{meA.F.T.V.meI.G.dL}$PEPTIDE1,PEPTIDE1,1:R1-7:R2$$$",-5.92100000,ok,,flexible
"PEPTIDE1{dV.T.A.meA.meL.L.dP}$PEPTIDE1,PEPTIDE1,1:R1-7:R2$$$",-6.26900000,ok,,flexible
"PEPTIDE1{meA.dPye.A.L.L.A.meL}$PEPTIDE1,PEPTIDE1,1:R1-7:R2$$$",-5.96000000,ok,,flexible
"PEPTIDE1{meA.T.meL.T.dP.A.meS}$PEPTIDE1,PEPTIDE1,1:R1-7:R2$$$",-6.20900000,ok,,flexible
"PEPTIDE1{dV.meL.Abu.dP.meS.T.meS}$PEPTIDE1,PEPTIDE1,1:R1-7:R2$$$",-5.59100000,ok,,flexible
"PEPTIDE1{dV.A.meF.meV.meA.V.meL}$PEPTIDE1,PEPTIDE1,1:R1-7:R2$$$",-5.67800000,ok,,flexible
"PEPTIDE1{meA.A.Me_dA.T.meL.P.T}$PEPTIDE1,PEPTIDE1,1:R1-7:R2$$$",-6.01700000,ok,,flexible
"PEPTIDE1{L.meS.meF.meA.meL.A.Me_dL}$PEPTIDE1,PEPTIDE1,1:R1-7:R2$$$",-5.51300000,ok,,flexible
"PEPTIDE1{Me_dA.A.T.P.F.Me_dL.Ser(tBu)}$PEPTIDE1,PEPTIDE1,1:R1-7:R2$$$",-6.67500000,ok,,flexible
"PEPTIDE1{dV.meA.V.L.meF.P.meL}$PEPTIDE1,PEPTIDE1,1:R1-7:R2$$$",-6.00500000,ok,,flexible
"PEPTIDE1{Me_dA.A.Me_dL.meA.meL.I.meI}$PEPTIDE1,PEPTIDE1,1:R1-7:R2$$$",-5.63200000,ok,,flexible
"PEPTIDE1{A.Mono38.L.dL.Ser(tBu).Et_Gly.meL}$PEPTIDE1,PEPTIDE1,1:R1-7:R2$$$",-5.40800000,ok,,flexible
"PEPTIDE1{Me_dA.L.I.G.P.A.Me_dL}$PEPTIDE1,PEPTIDE1,1:R1-7:R2$$$",-6.17000000,ok,,flexible
"PEPTIDE1{dA.meA.meA.Ser(tBu).Me_dA.meF.Me_dL}$PEPTIDE1,PEPTIDE1,1:R1-7:R2$$$",-6.36200000,ok,,flexible
"PEPTIDE1{Mono6.I.meL.A.meF.meA.meL}$PEPTIDE1,PEPTIDE1,1:R1-7:R2$$$",-5.58600000,ok,,flexible
"PEPTIDE1{P.Pr_Gly.Me_Phe(3-Cl).Aib.dL.F.dL}$PEPTIDE1,PEPTIDE1,1:R1-7:R2$$$",-6.63000000,ok,,flexible
"PEPTIDE1{dA.P.meA.V.dL.A.L}$PEPTIDE1,PEPTIDE1,1:R1-7:R2$$$",-6.11600000,ok,,flexible
"PEPTIDE1{A.meA.P.Ser(tBu).T.L.P}$PEPTIDE1,PEPTIDE1,1:R1-7:R2$$$",-6.44500000,ok,,flexible
"PEPTIDE1{meA.Me_dL.meF.Sar.P.Me_dA.L}$PEPTIDE1,PEPTIDE1,1:R1-7:R2$$$",-7.00800000,ok,,flexible
"PEPTIDE1{meA.Pr_Gly.F.T.L.Me_dA.A}$PEPTIDE1,PEPTIDE1,1:R1-7:R2$$$",-6.07300000,ok,,flexible
"PEPTIDE1{Me_dA.L.V.T.dL.P.Ser(tBu)}$PEPTIDE1,PEPTIDE1,1:R1-7:R2$$$",-5.47800000,ok,,flexible
"PEPTIDE1{Sar.Me_dA.P.meL.meF.meA.Me_dL}$PEPTIDE1,PEPTIDE1,1:R1-7:R2$$$",-6.18200000,ok,,flexible
"PEPTIDE1{dP.A.dV.F.meL.G.L}$PEPTIDE1,PEPTIDE1,1:R1-7:R2$$$",-6.54300000,ok,,flexible
"PEPTIDE1{Me_dA.L.meA.T.A.V.Sar}$PEPTIDE1,PEPTIDE1,1:R1-7:R2$$$",-5.69700000,ok,,flexible
"PEPTIDE1{Me_dA.meL.L.A.meA.dL.Me_dL}$PEPTIDE1,PEPTIDE1,1:R1-7:R2$$$",-5.57000000,ok,,flexible
"PEPTIDE1{A.T.Ser(tBu).P.Me_dA.Me_dL.dA}$PEPTIDE1,PEPTIDE1,1:R1-7:R2$$$",-6.00200000,ok,,flexible
"PEPTIDE1{meA.L.A.Me_dL.Me_Phe(3-Cl).F.T}$PEPTIDE1,PEPTIDE1,1:R1-7:R2$$$",-6.31900000,ok,,flexible
"PEPTIDE1{dA.dPye.meL.Me_dA.Me_dL.meF.meS}$PEPTIDE1,PEPTIDE1,1:R1-7:R2$$$",-6.11000000,ok,,flexible
"PEPTIDE1{meA.V.F.T.Sar.meL.dL}$PEPTIDE1,PEPTIDE1,1:R1-7:R2$$$",-5.84500000,ok,,flexible
"PEPTIDE1{L.dA.F.A.meF.T.I}$PEPTIDE1,PEPTIDE1,1:R1-7:R2$$$",-6.81700000,ok,,flexible
"PEPTIDE1{Pr_Gly.meL.V.meA.Me_dA.A.Me_dL}$PEPTIDE1,PEPTIDE1,1:R1-7:R2$$$",-6.02500000,ok,,flexible
"PEPTIDE1{meA.A.T.T.P.meL.Me_dA}$PEPTIDE1,PEPTIDE1,1:R1-7:R2$$$",-7.05400000,ok,,flexible
"PEPTIDE1{Me_dA.meA.meL.L.Me_dL.T.T}$PEPTIDE1,PEPTIDE1,1:R1-7:R2$$$",-6.64900000,ok,,flexible
"PEPTIDE1{dV.meL.L.Me_Nle.meA.Me_dL.Me_Phe(3-Cl)}$PEPTIDE1,PEPTIDE1,1:R1-7:R2$$$",-4.84200000,ok,,flexible
"PEPTIDE1{Me_dA.meL.Me_dL.V.Sar.meF.meL}$PEPTIDE1,PEPTIDE1,1:R1-7:R2$$$",-5.84600000,ok,,flexible
"PEPTIDE1{L.Sar.Me_dL.meS.T.A.meA}$PEPTIDE1,PEPTIDE1,1:R1-7:R2$$$",-5.86700000,ok,,flexible
"PEPTIDE1{dP.meA.meL.meV.F.T.Me_dL}$PEPTIDE1,PEPTIDE1,1:R1-7:R2$$$",-6.52100000,ok,,flexible
"PEPTIDE1{Mono6.meL.P.meS.Me_dL.meA.L}$PEPTIDE1,PEPTIDE1,1:R1-7:R2$$$",-6.49200000,ok,,flexible
"PEPTIDE1{dP.meF.meL.T.meA.G.L}$PEPTIDE1,PEPTIDE1,1:R1-7:R2$$$",-6.59100000,ok,,flexible
"PEPTIDE1{Mono6.meL.meS.Ala(5-Tet).Sar.meA.dL}$PEPTIDE1,PEPTIDE1,1:R1-7:R2$$$",-5.78400000,ok,,flexible
"PEPTIDE1{dV.L.Ser(tBu).P.T.L.Me_Phe(3-Cl)}$PEPTIDE1,PEPTIDE1,1:R1-7:R2$$$",-5.39200000,ok,,flexible
"PEPTIDE1{dV.meA.meL.A.G.Me_Phe(3-Cl).L}$PEPTIDE1,PEPTIDE1,1:R1-7:R2$$$",-6.44400000,ok,,flexible
"PEPTIDE1{dA.meA.F.dL.Me_dL.P.Me_dA}$PEPTIDE1,PEPTIDE1,1:R1-7:R2$$$",-6.68200000,ok,,flexible
"PEPTIDE1{Me_dA.F.L.dP.dL.meL.Me_dL}$PEPTIDE1,PEPTIDE1,1:R1-7:R2$$$",-5.51100000,ok,,flexible
"PEPTIDE1{Me_dA.Pr_Gly.meA.Me_dL.L.A.meL}$PEPTIDE1,PEPTIDE1,1:R1-7:R2$$$",-5.78400000,ok,,flexible
"PEPTIDE1{Pr_Gly.T.meL.Me_dL.L.Me_dA.meA}$PEPTIDE1,PEPTIDE1,1:R1-7:R2$$$",-5.02200000,ok,,flexible
"PEPTIDE1{L.meL.A.meA.Aoc(2).Me_dL.Abu}$PEPTIDE1,PEPTIDE1,1:R1-7:R2$$$",-5.31900000,ok,,flexible
"PEPTIDE1{Me_dA.Me_dL.V.meL.meL.dL.Ser(tBu)}$PEPTIDE1,PEPTIDE1,1:R1-7:R2$$$",-4.83800000,ok,,flexible
"PEPTIDE1{Me_Bal.meA.Me_dAbu.Me_dL.meF.meS.L}$PEPTIDE1,PEPTIDE1,1:R1-7:R2$$$",-6.38200000,ok,,flexible
"PEPTIDE1{Mono6.T.Abu.meF.meS.A.L}$PEPTIDE1,PEPTIDE1,1:R1-7:R2$$$",-6.27700000,ok,,flexible
"PEPTIDE1{Me_dA.P.meA.T.A.F.I}$PEPTIDE1,PEPTIDE1,1:R1-7:R2$$$",-6.52500000,ok,,flexible
"PEPTIDE1{meA.Mono38.P.dP.meL.T.A}$PEPTIDE1,PEPTIDE1,1:R1-7:R2$$$",-6.20500000,ok,,flexible
"PEPTIDE1{Me_Bal.A.meL.meF.L.T.meA}$PEPTIDE1,PEPTIDE1,1:R1-7:R2$$$",-5.62900000,ok,,flexible
"PEPTIDE1{A.G.meL.V.Pr_Gly.dL.meL}$PEPTIDE1,PEPTIDE1,1:R1-7:R2$$$",-5.34300000,ok,,flexible
"PEPTIDE1{Pr_Gly.pentyl_Gly.A.dL.dP.T.meL}$PEPTIDE1,PEPTIDE1,1:R1-7:R2$$$",-5.21000000,ok,,flexible
"PEPTIDE1{P.A.dA.Pr_Gly.Me_dA.T.Me_dL}$PEPTIDE1,PEPTIDE1,1:R1-7:R2$$$",-6.25500000,ok,,flexible
"PEPTIDE1{Me_dA.Pr_Gly.dA.V.A.F.meL}$PEPTIDE1,PEPTIDE1,1:R1-7:R2$$$",-6.17300000,ok,,flexible
"PEPTIDE1{meA.L.I.Ser(tBu).V.A.dL}$PEPTIDE1,PEPTIDE1,1:R1-7:R2$$$",-5.57000000,ok,,flexible
"PEPTIDE1{dV.Me_dL.T.Me_dA.meA.meF.Ala(5-Tet)}$PEPTIDE1,PEPTIDE1,1:R1-7:R2$$$",-6.40900000,ok,,flexible
"PEPTIDE1{meA.A.meL.Me_dL.Me_dA.meY.L}$PEPTIDE1,PEPTIDE1,1:R1-7:R2$$$",-6.01800000,ok,,flexible
"PEPTIDE1{Me_dA.L.Me_dL.T.meA.meL.Ser(tBu)}$PEPTIDE1,PEPTIDE1,1:R1-7:R2$$$",-5.63900000,ok,,flexible
"PEPTIDE1{A.F.Ser(tBu).Ala(indol-2-yl).meL.Et_Gly.G}$PEPTIDE1,PEPTIDE1,1:R1-7:R2$$$",-6.63000000,ok,,flexible
"PEPTIDE1{dA.T.meL.V.L.meA.meF}$PEPTIDE1,PEPTIDE1,1:R1-7:R2$$$",-5.89200000,ok,,flexible
"PEPTIDE1{Mono6.meF.Ser(tBu).Me_dL.P.L.V}$PEPTIDE1,PEPTIDE1,1:R1-7:R2$$$",-5.57500000,ok,,flexible
"PEPTIDE1{dV.meF.A.meS.meA.Sar.Abu}$PEPTIDE1,PEPTIDE1,1:R1-7:R2$$$",-6.71900000,ok,,flexible
"PEPTIDE1{L.Me_dL.meL.T.Sar.I.L}$PEPTIDE1,PEPTIDE1,1:R1-7:R2$$$",-5.47500000,ok,,flexible
"PEPTIDE1{dV.dP.meL.Abu.A.T.Me_dL}$PEPTIDE1,PEPTIDE1,1:R1-7:R2$$$",-5.89900000,ok,,flexible
"PEPTIDE1{meA.meL.L.Abu.Aoc(2).meS.Ala(5-Tet)}$PEPTIDE1,PEPTIDE1,1:R1-7:R2$$$",-5.31600000,ok,,flexible
"PEPTIDE1{A.meF.V.meL.meA.V.T}$PEPTIDE1,PEPTIDE1,1:R1-7:R2$$$",-7.35700000,ok,,flexible
"PEPTIDE1{A.Ala(5-Tet).T.meS.L.Me_dA.T}$PEPTIDE1,PEPTIDE1,1:R1-7:R2$$$",-5.71600000,ok,,flexible
"PEPTIDE1{Pr_Gly.meA.T.A.L.T.V}$PEPTIDE1,PEPTIDE1,1:R1-7:R2$$$",-6.07000000,ok,,flexible
"PEPTIDE1{dV.meF.meL.dL.Sar.L.meA}$PEPTIDE1,PEPTIDE1,1:R1-7:R2$$$",-5.85800000,ok,,flexible
"PEPTIDE1{L.cHexCH2_Gly.pentyl_Gly.Mono84.Ser(tBu).Me_dL.dP}$PEPTIDE1,PEPTIDE1,1:R1-7:R2$$$",-5.03900000,ok,,flexible
"PEPTIDE1{Me_Bal.meL.G.V.F.P.A}$PEPTIDE1,PEPTIDE1,1:R1-7:R2$$$",-7.02700000,ok,,flexible
"PEPTIDE1{meL.meS.T.A.Me_dA.Me_dL.meF}$PEPTIDE1,PEPTIDE1,1:R1-7:R2$$$",-5.60800000,ok,,flexible
"PEPTIDE1{F.A.Mono38.P.L.dL.3Pal}$PEPTIDE1,PEPTIDE1,1:R1-7:R2$$$",-6.40500000,ok,,flexible
"PEPTIDE1{F.L.Ser(tBu).meL.dL.dP.P}$PEPTIDE1,PEPTIDE1,1:R1-7:R2$$$",-5.45200000,ok,,flexible
"PEPTIDE1{A.Pr_Gly.P.T.L.V.dP}$PEPTIDE1,PEPTIDE1,1:R1-7:R2$$$",-5.70300000,ok,,flexible
"PEPTIDE1{Me_Bal.meL.P.V.meF.dL.meA}$PEPTIDE1,PEPTIDE1,1:R1-7:R2$$$",-5.98200000,ok,,flexible
"PEPTIDE1{meA.L.T.dL.A.meY.dA}$PEPTIDE1,PEPTIDE1,1:R1-7:R2$$$",-5.96600000,ok,,flexible
"PEPTIDE1{meA.T.meL.meF.Sar.Me_dL.Aoc(2)}$PEPTIDE1,PEPTIDE1,1:R1-7:R2$$$",-5.33500000,ok,,flexible
"PEPTIDE1{F.A.I.dL.P.meL.T}$PEPTIDE1,PEPTIDE1,1:R1-7:R2$$$",-6.36300000,ok,,flexible
"PEPTIDE1{Mono6.L.Me_dL.meF.Abu.meA.Aoc(2)}$PEPTIDE1,PEPTIDE1,1:R1-7:R2$$$",-5.20700000,ok,,flexible
"PEPTIDE1{F.T.meL.meF.T.P.T}$PEPTIDE1,PEPTIDE1,1:R1-7:R2$$$",-6.65600000,ok,,flexible
"PEPTIDE1{P.meA.T.dF.Ser(tBu).meL.F}$PEPTIDE1,PEPTIDE1,1:R1-7:R2$$$",-5.89000000,ok,,flexible
"PEPTIDE1{dA.L.meA.Me_dA.T.Me_dL.A}$PEPTIDE1,PEPTIDE1,1:R1-7:R2$$$",-5.71900000,ok,,flexible
"PEPTIDE1{Me_dA.V.L.A.meL.L.T}$PEPTIDE1,PEPTIDE1,1:R1-7:R2$$$",-5.58000000,ok,,flexible
"PEPTIDE1{Me_dA.T.A.Me_Phe(3-Cl).Ser(tBu).D.meF}$PEPTIDE1,PEPTIDE1,1:R1-7:R2$$$",-5.68400000,ok,,flexible
"PEPTIDE1{A.dPye.Me_dA.I.Bn_Gly.meL.T}$PEPTIDE1,PEPTIDE1,1:R1-7:R2$$$",-6.33700000,ok,,flexible
"PEPTIDE1{Pr_Gly.T.meF.L.meL.T.meL}$PEPTIDE1,PEPTIDE1,1:R1-7:R2$$$",-4.84700000,ok,,flexible
"PEPTIDE1{Mono6.Ser(tBu).P.dL.dP.Me_dL.T}$PEPTIDE1,PEPTIDE1,1:R1-7:R2$$$",-6.04400000,ok,,flexible
"PEPTIDE1{meA.meL.F.Me_dL.Ser(tBu).L.meL}$PEPTIDE1,PEPTIDE1,1:R1-7:R2$$$",-4.95500000,ok,,flexible
"PEPTIDE1{Me_Bal.Mono38.F.cHexCH2_Gly.Ser(tBu).meL.Me_dL}$PEPTIDE1,PEPTIDE1,1:R1-7:R2$$$",-5.25200000,ok,,flexible
"PEPTIDE1{Me_Bal.meA.L.Me_dL.meL.Ser(tBu).dPye}$PEPTIDE1,PEPTIDE1,1:R1-7:R2$$$",-4.99400000,ok,,flexible
"PEPTIDE1{dV.meL.meF.P.T.A.T}$PEPTIDE1,PEPTIDE1,1:R1-7:R2$$$",-6.31300000,ok,,flexible
"PEPTIDE1{meL.Abu.L.V.meL.T.meA}$PEPTIDE1,PEPTIDE1,1:R1-7:R2$$$",-5.28200000,ok,,flexible
"PEPTIDE1{meA.P.A.T.dL.Sar.T}$PEPTIDE1,PEPTIDE1,1:R1-7:R2$$$",-6.38000000,ok,,flexible
"PEPTIDE1{dV.A.V.dP.L.T.Me_dL}$PEPTIDE1,PEPTIDE1,1:R1-7:R2$$$",-6.07700000,ok,,flexible
"PEPTIDE1{meA.cHexCH2_Gly.meL.I.F.dL.P}$PEPTIDE1,PEPTIDE1,1:R1-7:R2$$$",-6.11700000,ok,,flexible
"PEPTIDE1{L.Sar.T.meL.A.dL.Me_dL}$PEPTIDE1,PEPTIDE1,1:R1-7:R2$$$",-5.45500000,ok,,flexible
"PEPTIDE1{Me_dA.Pr_Gly.meL.L.T.dA.Me_dL}$PEPTIDE1,PEPTIDE1,1:R1-7:R2$$$",-5.43800000,ok,,flexible
"PEPTIDE1{meA.Pr_Gly.F.dL.L.T.I}$PEPTIDE1,PEPTIDE1,1:R1-7:R2$$$",-5.26100000,ok,,flexible
"PEPTIDE1{dA.T.A.meL.meV.L.V}$PEPTIDE1,PEPTIDE1,1:R1-7:R2$$$",-5.78100000,ok,,flexible
"PEPTIDE1{dV.T.meL.meS.meA.Abu.L}$PEPTIDE1,PEPTIDE1,1:R1-7:R2$$$",-5.37900000,ok,,flexible
"PEPTIDE1{dV.Sar.T.F.V.Me_dL.meF}$PEPTIDE1,PEPTIDE1,1:R1-7:R2$$$",-6.12700000,ok,,flexible
"PEPTIDE1{Me_Bal.A.dL.meV.T.L.L}$PEPTIDE1,PEPTIDE1,1:R1-7:R2$$$",-6.07700000,ok,,flexible
"PEPTIDE1{dV.dP.P.T.Me_dL.T.meL}$PEPTIDE1,PEPTIDE1,1:R1-7:R2$$$",-5.61900000,ok,,flexible
"PEPTIDE1{Me_Bal.Sar.T.Abu.Sar.T.dP}$PEPTIDE1,PEPTIDE1,1:R1-7:R2$$$",-6.39700000,ok,,flexible
"PEPTIDE1{P.meL.V.Me_dL.meA.meS.T}$PEPTIDE1,PEPTIDE1,1:R1-7:R2$$$",-5.94100000,ok,,flexible
"PEPTIDE1{Me_Bal.Ser(tBu).I.T.cHexCH2_Gly.P.meL}$PEPTIDE1,PEPTIDE1,1:R1-7:R2$$$",-6.25000000,ok,,flexible
"PEPTIDE1{F.I.A.L.dL.Me_Phe(3-Cl).Ser(tBu)}$PEPTIDE1,PEPTIDE1,1:R1-7:R2$$$",-5.14100000,ok,,flexible
"PEPTIDE1{Mono6.meL.dPye.A.L.T.Ser(tBu)}$PEPTIDE1,PEPTIDE1,1:R1-7:R2$$$",-5.70000000,ok,,flexible
"PEPTIDE1{meA.P.T.meL.Me_dL.meL.L}$PEPTIDE1,PEPTIDE1,1:R1-7:R2$$$",-5.84400000,ok,,flexible
"PEPTIDE1{meA.V.L.dL.pentyl_Gly.meL.P}$PEPTIDE1,PEPTIDE1,1:R1-7:R2$$$",-5.41000000,ok,,flexible
"PEPTIDE1{dV.meL.Me_dL.L.Sar.T.I}$PEPTIDE1,PEPTIDE1,1:R1-7:R2$$$",-5.52900000,ok,,flexible
"PEPTIDE1{meA.Me_dL.meL.T.meY.dP.P}$PEPTIDE1,PEPTIDE1,1:R1-7:R2$$$",-6.35500000,ok,,flexible
"PEPTIDE1{F.P.cHexCH2_Gly.pentyl_Gly.Mono84.3Pal.dP}$PEPTIDE1,PEPTIDE1,1:R1-7:R2$$$",-6.52800000,ok,,flexible
"PEPTIDE1{Me_dA.P.A.dL.Me_dL.dA.meA}$PEPTIDE1,PEPTIDE1,1:R1-7:R2$$$",-6.12900000,ok,,flexible
"PEPTIDE1{Pr_Gly.meL.Me_dA.meA.meS.Me_dL.T}$PEPTIDE1,PEPTIDE1,1:R1-7:R2$$$",-5.58900000,ok,,flexible
"PEPTIDE1{dV.I.I.meS.meL.Ala(5-Tet).meA}$PEPTIDE1,PEPTIDE1,1:R1-7:R2$$$",-5.71500000,ok,,flexible
"PEPTIDE1{dF.D.L.Me_dL.meS.meL.dL}$PEPTIDE1,PEPTIDE1,1:R1-7:R2$$$",-5.82600000,ok,,flexible
"PEPTIDE1{F.P.meL.L.Me_dA.Abu.meF}$PEPTIDE1,PEPTIDE1,1:R1-7:R2$$$",-5.89100000,ok,,flexible
"PEPTIDE1{Pr_Gly.L.F.dF.Ser(tBu).I.meA}$PEPTIDE1,PEPTIDE1,1:R1-7:R2$$$",-5.76500000,ok,,flexible
"PEPTIDE1{dA.dPye.Me_dL.meL.V.meA.F}$PEPTIDE1,PEPTIDE1,1:R1-7:R2$$$",-5.70100000,ok,,flexible
"PEPTIDE1{Pr_Gly.A.meL.V.L.Ser(tBu).P}$PEPTIDE1,PEPTIDE1,1:R1-7:R2$$$",-5.27100000,ok,,flexible
"PEPTIDE1{L.A.Sar.meL.Me_dL.meS.T}$PEPTIDE1,PEPTIDE1,1:R1-7:R2$$$",-5.40500000,ok,,flexible
"PEPTIDE1{dF.T.L.Aoc(2).meL.F.I}$PEPTIDE1,PEPTIDE1,1:R1-7:R2$$$",-5.25500000,ok,,flexible
"PEPTIDE1{Me_dA.meA.P.meF.L.dL.meS}$PEPTIDE1,PEPTIDE1,1:R1-7:R2$$$",-6.23400000,ok,,flexible
"PEPTIDE1{meA.P.Me_dL.T.dA.P.A}$PEPTIDE1,PEPTIDE1,1:R1-7:R2$$$",-6.88000000,ok,,flexible
"PEPTIDE1{dV.dP.dL.Me_dL.A.meV.T}$PEPTIDE1,PEPTIDE1,1:R1-7:R2$$$",-5.88800000,ok,,flexible
"PEPTIDE1{Me_dA.A.F.T.meA.meV.meL}$PEPTIDE1,PEPTIDE1,1:R1-7:R2$$$",-5.71700000,ok,,flexible
"PEPTIDE1{Me_dA.cHexCH2_Gly.meL.Abu.A.T.L}$PEPTIDE1,PEPTIDE1,1:R1-7:R2$$$",-5.76200000,ok,,flexible
"PEPTIDE1{Me_Bal.pentyl_Gly.L.L.T.F.A}$PEPTIDE1,PEPTIDE1,1:R1-7:R2$$$",-5.47600000,ok,,flexible
"PEPTIDE1{A.L.Me_dL.meL.meF.T.Sar}$PEPTIDE1,PEPTIDE1,1:R1-7:R2$$$",-6.04500000,ok,,flexible
"PEPTIDE1{meA.F.L.A.Sar.P.T}$PEPTIDE1,PEPTIDE1,1:R1-7:R2$$$",-6.05500000,ok,,flexible
"PEPTIDE1{dA.meL.Me_dL.meA.meS.P.T}$PEPTIDE1,PEPTIDE1,1:R1-7:R2$$$",-5.80400000,ok,,flexible
"PEPTIDE1{A.meL.dL.meA.L.meA.T}$PEPTIDE1,PEPTIDE1,1:R1-7:R2$$$",-5.41600000,ok,,flexible
"PEPTIDE1{dA.Abu.meA.Me_dL.meF.L.I}$PEPTIDE1,PEPTIDE1,1:R1-7:R2$$$",-5.57900000,ok,,flexible
"PEPTIDE1{meA.meL.Sar.meF.L.Ala(5-Tet).Me_dL}$PEPTIDE1,PEPTIDE1,1:R1-7:R2$$$",-6.30300000,ok,,flexible
"PEPTIDE1{dV.T.L.V.F.Ser(tBu).dL}$PEPTIDE1,PEPTIDE1,1:R1-7:R2$$$",-5.47000000,ok,,flexible
"PEPTIDE1{F.cHexCH2_Gly.P.T.meA.meF.meF}$PEPTIDE1,PEPTIDE1,1:R1-7:R2$$$",-6.71800000,ok,,flexible
"PEPTIDE1{Me_dA.dP.A.meA.meF.meL.T}$PEPTIDE1,PEPTIDE1,1:R1-7:R2$$$",-6.62700000,ok,,flexible
"PEPTIDE1{dV.A.meF.meL.meA.I.L}$PEPTIDE1,PEPTIDE1,1:R1-7:R2$$$",-6.10500000,ok,,flexible
"PEPTIDE1{A.Sar.Me_dL.T.P.meV.dL}$PEPTIDE1,PEPTIDE1,1:R1-7:R2$$$",-5.92000000,ok,,flexible
"PEPTIDE1{meA.Me_dL.meF.meL.Me_dA.T.I}$PEPTIDE1,PEPTIDE1,1:R1-7:R2$$$",-6.21000000,ok,,flexible
"PEPTIDE1{Me_Bal.Abu.L.meA.meL.T.meS}$PEPTIDE1,PEPTIDE1,1:R1-7:R2$$$",-5.91200000,ok,,flexible
"PEPTIDE1{L.A.Abu.meL.meS.meA.meF}$PEPTIDE1,PEPTIDE1,1:R1-7:R2$$$",-5.82200000,ok,,flexible
"PEPTIDE1{P.A.T.meL.meL.L.meA}$PEPTIDE1,PEPTIDE1,1:R1-7:R2$$$",-5.60200000,ok,,flexible
"PEPTIDE1{meA.meS.L.Abu.meF.meS.T}$PEPTIDE1,PEPTIDE1,1:R1-7:R2$$$",-5.73100000,ok,,flexible
"PEPTIDE1{Sar.meL.P.Mono86.T.L.Aoc(2)}$PEPTIDE1,PEPTIDE1,1:R1-7:R2$$$",-5.54900000,ok,,flexible
"PEPTIDE1{meA.L.T.A.Ala(5-Tet).dL.meL}$PEPTIDE1,PEPTIDE1,1:R1-7:R2$$$",-5.76100000,ok,,flexible
"PEPTIDE1{meA.pentyl_Gly.I.Mono86.meL.A.P}$PEPTIDE1,PEPTIDE1,1:R1-7:R2$$$",-5.83400000,ok,,flexible
"PEPTIDE1{meA.P.V.meL.meV.L.Me_dL}$PEPTIDE1,PEPTIDE1,1:R1-7:R2$$$",-6.18700000,ok,,flexible
"PEPTIDE1{Me_Bal.meA.V.I.L.L.dL}$PEPTIDE1,PEPTIDE1,1:R1-7:R2$$$",-6.13500000,ok,,flexible
"PEPTIDE1{dA.L.V.F.T.meA.Ser(tBu)}$PEPTIDE1,PEPTIDE1,1:R1-7:R2$$$",-5.85600000,ok,,flexible
"PEPTIDE1{Me_Bal.dPye.L.L.T.3Pal.meF}$PEPTIDE1,PEPTIDE1,1:R1-7:R2$$$",-5.64400000,ok,,flexible
"PEPTIDE1{meA.dV.meL.L.meS.T.dL}$PEPTIDE1,PEPTIDE1,1:R1-7:R2$$$",-5.51800000,ok,,flexible
"PEPTIDE1{L.pentyl_Gly.meA.dL.A.meL.meL}$PEPTIDE1,PEPTIDE1,1:R1-7:R2$$$",-5.18500000,ok,,flexible
"PEPTIDE1{Me_Bal.Me_dL.F.Me_dL.V.T.I}$PEPTIDE1,PEPTIDE1,1:R1-7:R2$$$",-5.55300000,ok,,flexible
"PEPTIDE1{meA.A.dP.meL.T.L.meS}$PEPTIDE1,PEPTIDE1,1:R1-7:R2$$$",-6.14200000,ok,,flexible
"PEPTIDE1{meA.dP.meL.meL.dL.A.L}$PEPTIDE1,PEPTIDE1,1:R1-7:R2$$$",-5.88800000,ok,,flexible
"PEPTIDE1{dV.Me_dA.meA.V.meV.A.Me_dL}$PEPTIDE1,PEPTIDE1,1:R1-7:R2$$$",-5.77800000,ok,,flexible
"PEPTIDE1{Me_dA.meA.T.P.Me_dL.I.meL}$PEPTIDE1,PEPTIDE1,1:R1-7:R2$$$",-5.85800000,ok,,flexible
"PEPTIDE1{Me_dA.T.Abu.meL.T.meA.meF}$PEPTIDE1,PEPTIDE1,1:R1-7:R2$$$",-5.73000000,ok,,flexible
"PEPTIDE1{meA.Me_dL.dPye.meL.V.G.Me_dA}$PEPTIDE1,PEPTIDE1,1:R1-7:R2$$$",-6.07200000,ok,,flexible
"PEPTIDE1{dV.meA.meF.L.T.Abu.A}$PEPTIDE1,PEPTIDE1,1:R1-7:R2$$$",-6.35700000,ok,,flexible
"PEPTIDE1{Mono6.F.Me_dL.G.P.I.L}$PEPTIDE1,PEPTIDE1,1:R1-7:R2$$$",-5.60500000,ok,,flexible
"PEPTIDE1{Mono6.meA.dA.Sar.meL.L.T}$PEPTIDE1,PEPTIDE1,1:R1-7:R2$$$",-6.01000000,ok,,flexible
"PEPTIDE1{A.pentyl_Gly.meL.Ser(tBu).T.L.I}$PEPTIDE1,PEPTIDE1,1:R1-7:R2$$$",-4.69600000,ok,,flexible
"PEPTIDE1{Me_dA.Me_dL.V.meV.meA.T.dV}$PEPTIDE1,PEPTIDE1,1:R1-7:R2$$$",-5.85900000,ok,,flexible
"PEPTIDE1{dV.Mono38.G.dP.T.I.T}$PEPTIDE1,PEPTIDE1,1:R1-7:R2$$$",-6.23400000,ok,,flexible
"PEPTIDE1{dA.meL.T.meA.L.V.meA}$PEPTIDE1,PEPTIDE1,1:R1-7:R2$$$",-6.35200000,ok,,flexible
"PEPTIDE1{A.I.meL.L.V.T.Me_Phe(3-Cl)}$PEPTIDE1,PEPTIDE1,1:R1-7:R2$$$",-5.66600000,ok,,flexible
"PEPTIDE1{Me_dA.Pr_Gly.meL.meL.L.P.V}$PEPTIDE1,PEPTIDE1,1:R1-7:R2$$$",-5.45000000,ok,,flexible
"PEPTIDE1{L.T.meS.Sar.meF.V.I}$PEPTIDE1,PEPTIDE1,1:R1-7:R2$$$",-5.24800000,ok,,flexible
"PEPTIDE1{A.meF.meL.meL.meS.Abu.dA}$PEPTIDE1,PEPTIDE1,1:R1-7:R2$$$",-6.33500000,ok,,flexible
"PEPTIDE1{L.A.P.meL.Ser(tBu).T.dL}$PEPTIDE1,PEPTIDE1,1:R1-7:R2$$$",-5.59900000,ok,,flexible
"PEPTIDE1{dA.V.T.meA.A.dL.meF}$PEPTIDE1,PEPTIDE1,1:R1-7:R2$$$",-6.26500000,ok,,flexible
"PEPTIDE1{A.P.T.L.meL.dL.G}$PEPTIDE1,PEPTIDE1,1:R1-7:R2$$$",-5.96700000,ok,,flexible
"PEPTIDE1{dV.meA.Me_dA.dA.T.meL.P}$PEPTIDE1,PEPTIDE1,1:R1-7:R2$$$",-6.06400000,ok,,flexible
"PEPTIDE1{Me_dA.meL.Abu.meA.meS.A.Ala(5-Tet)}$PEPTIDE1,PEPTIDE1,1:R1-7:R2$$$",-5.74800000,ok,,flexible
"PEPTIDE1{meA.Me_dL.dA.Pr_Gly.meL.Me_Phe(3-Cl).A}$PEPTIDE1,PEPTIDE1,1:R1-7:R2$$$",-5.89700000,ok,,flexible
"PEPTIDE1{dV.pentyl_Gly.Me_dA.F.A.P.T}$PEPTIDE1,PEPTIDE1,1:R1-7:R2$$$",-6.60500000,ok,,flexible
"PEPTIDE1{Me_dA.Abu.meS.T.A.L.meL}$PEPTIDE1,PEPTIDE1,1:R1-7:R2$$$",-6.36600000,ok,,flexible
"PEPTIDE1{Me_Bal.Mono38.meF.P.L.T.T}$PEPTIDE1,PEPTIDE1,1:R1-7:R2$$$",-5.81600000,ok,,flexible
"PEPTIDE1{L.Me_dAbu.meA.T.Me_dA.T.Me_dL}$PEPTIDE1,PEPTIDE1,1:R1-7:R2$$$",-5.74500000,ok,,flexible
"PEPTIDE1{F.A.G.Me_Phe(3-Cl).Me_dL.meL.T}$PEPTIDE1,PEPTIDE1,1:R1-7:R2$$$",-6.45700000,ok,,flexible
"PEPTIDE1{A.A.L.dP.Ser(tBu).meL.I}$PEPTIDE1,PEPTIDE1,1:R1-7:R2$$$",-5.78200000,ok,,flexible
"PEPTIDE1{F.Me_Phe(3-Cl).meL.Ser(tBu).T.meL.meF}$PEPTIDE1,PEPTIDE1,1:R1-7:R2$$$",-4.84900000,ok,,flexible
"PEPTIDE1{F.Aoc(2).I.dL.meF.meL.Ala(5-Tet)}$PEPTIDE1,PEPTIDE1,1:R1-7:R2$$$",-6.06800000,ok,,flexible
"PEPTIDE1{A.Ala(5-Tet).meS.meA.L.meL.V}$PEPTIDE1,PEPTIDE1,1:R1-7:R2$$$",-6.22600000,ok,,flexible
"PEPTIDE1{A.dL.meA.T.meL.meF.L}$PEPTIDE1,PEPTIDE1,1:R1-7:R2$$$",-6.44900000,ok,,flexible
"PEPTIDE1{A.meA.meL.Ser(tBu).I.L.meL}$PEPTIDE1,PEPTIDE1,1:R1-7:R2$$$",-5.78100000,ok,,flexible
"PEPTIDE1{meA.T.meS.A.Abu.Ala(5-Tet).meL}$PEPTIDE1,PEPTIDE1,1:R1-7:R2$$$",-6.29700000,ok,,flexible
"PEPTIDE1{L.meL.meF.T.V.meL.Me_dL}$PEPTIDE1,PEPTIDE1,1:R1-7:R2$$$",-5.22500000,ok,,flexible
"PEPTIDE1{P.Pr_Gly.meL.meA.A.Me_dL.Me_dL}$PEPTIDE1,PEPTIDE1,1:R1-7:R2$$$",-5.48400000,ok,,flexible
"PEPTIDE1{dV.meF.Sar.V.P.T.T}$PEPTIDE1,PEPTIDE1,1:R1-7:R2$$$",-6.12200000,ok,,flexible
"PEPTIDE1{meA.V.T.Me_dL.Ser(tBu).G.meL}$PEPTIDE1,PEPTIDE1,1:R1-7:R2$$$",-5.19600000,ok,,flexible
"PEPTIDE1{A.T.F.meV.Sar.V.meL}$PEPTIDE1,PEPTIDE1,1:R1-7:R2$$$",-5.95600000,ok,,flexible
"PEPTIDE1{dV.meA.G.T.A.F.P}$PEPTIDE1,PEPTIDE1,1:R1-7:R2$$$",-6.32700000,ok,,flexible
"PEPTIDE1{meL.meA.A.meF.Me_dA.Me_dL.Abu}$PEPTIDE1,PEPTIDE1,1:R1-7:R2$$$",-5.98200000,ok,,flexible
"PEPTIDE1{meA.L.A.meL.meF.Me_dL.Me_dA}$PEPTIDE1,PEPTIDE1,1:R1-7:R2$$$",-5.78000000,ok,,flexible
"PEPTIDE1{meA.meL.meF.A.Ser(tBu).L.I}$PEPTIDE1,PEPTIDE1,1:R1-7:R2$$$",-6.09500000,ok,,flexible
"PEPTIDE1{dA.meL.L.meA.Sar.meF.A}$PEPTIDE1,PEPTIDE1,1:R1-7:R2$$$",-6.49600000,ok,,flexible
"PEPTIDE1{A.P.meL.meA.T.meF.F}$PEPTIDE1,PEPTIDE1,1:R1-7:R2$$$",-6.36600000,ok,,flexible
"PEPTIDE1{Pr_Gly.meL.V.Me_dL.L.Me_dL.meV}$PEPTIDE1,PEPTIDE1,1:R1-7:R2$$$",-5.10400000,ok,,flexible
"PEPTIDE1{Me_dA.Me_Nle.Nle.pentyl_Gly.T.P.meL}$PEPTIDE1,PEPTIDE1,1:R1-7:R2$$$",-5.41400000,ok,,flexible
"PEPTIDE1{dV.meV.meF.meL.A.Ser(tBu).F}$PEPTIDE1,PEPTIDE1,1:R1-7:R2$$$",-5.84700000,ok,,flexible
"PEPTIDE1{Mono6.meA.Ser(tBu).L.P.meL.Ser(tBu)}$PEPTIDE1,PEPTIDE1,1:R1-7:R2$$$",-5.96300000,ok,,flexible
"PEPTIDE1{meA.meY.V.A.meF.P.I}$PEPTIDE1,PEPTIDE1,1:R1-7:R2$$$",-6.46900000,ok,,flexible
"PEPTIDE1{meA.A.meL.meS.Me_dL.T.T}$PEPTIDE1,PEPTIDE1,1:R1-7:R2$$$",-5.73800000,ok,,flexible
"PEPTIDE1{dA.L.meF.meS.meS.meL.Abu}$PEPTIDE1,PEPTIDE1,1:R1-7:R2$$$",-5.43900000,ok,,flexible
"PEPTIDE1{Me_Bal.L.meF.meL.I.T.meA}$PEPTIDE1,PEPTIDE1,1:R1-7:R2$$$",-6.05500000,ok,,flexible
"PEPTIDE1{dV.meS.meA.meF.meL.dL.T}$PEPTIDE1,PEPTIDE1,1:R1-7:R2$$$",-6.13900000,ok,,flexible
"PEPTIDE1{Pr_Gly.T.meL.dL.Me_dA.meS.A}$PEPTIDE1,PEPTIDE1,1:R1-7:R2$$$",-5.36400000,ok,,flexible
"PEPTIDE1{A.Me_dL.V.L.dL.meF.T}$PEPTIDE1,PEPTIDE1,1:R1-7:R2$$$",-5.69700000,ok,,flexible
"PEPTIDE1{L.P.L.G.T.L.I}$PEPTIDE1,PEPTIDE1,1:R1-7:R2$$$",-5.68900000,ok,,flexible
"PEPTIDE1{Mono6.Ala(5-Tet).Me_dL.meA.T.Me_dA.L}$PEPTIDE1,PEPTIDE1,1:R1-7:R2$$$",-6.06600000,ok,,flexible
"PEPTIDE1{dF.pentyl_Gly.dP.L.meL.meA.T}$PEPTIDE1,PEPTIDE1,1:R1-7:R2$$$",-5.64100000,ok,,flexible
"PEPTIDE1{F.meL.meS.A.T.L.Abu}$PEPTIDE1,PEPTIDE1,1:R1-7:R2$$$",-5.82500000,ok,,flexible
"PEPTIDE1{meL.L.meA.T.Me_dL.meF.T}$PEPTIDE1,PEPTIDE1,1:R1-7:R2$$$",-5.77500000,ok,,flexible
"PEPTIDE1{meA.Me_Phe(3-Cl).Me_dL.F.meL.T.meA}$PEPTIDE1,PEPTIDE1,1:R1-7:R2$$$",-6.30300000,ok,,flexible
"PEPTIDE1{meL.A.meS.Ala(5-Tet).Sar.Aoc(2).meF}$PEPTIDE1,PEPTIDE1,1:R1-7:R2$$$",-5.14800000,ok,,flexible
"PEPTIDE1{Pr_Gly.A.meL.V.meF.meA.P}$PEPTIDE1,PEPTIDE1,1:R1-7:R2$$$",-6.03100000,ok,,flexible
"PEPTIDE1{Mono6.pentyl_Gly.I.L.Mono84.meL.T}$PEPTIDE1,PEPTIDE1,1:R1-7:R2$$$",-5.26900000,ok,,flexible
"PEPTIDE1{dA.meL.dL.T.F.meL.Ser(tBu)}$PEPTIDE1,PEPTIDE1,1:R1-7:R2$$$",-5.73700000,ok,,flexible
"PEPTIDE1{F.cHexCH2_Gly.L.Abu.meS.Ala(5-Tet).T}$PEPTIDE1,PEPTIDE1,1:R1-7:R2$$$",-5.89500000,ok,,flexible
"PEPTIDE1{dA.meL.L.V.dL.meF.Me_dL}$PEPTIDE1,PEPTIDE1,1:R1-7:R2$$$",-5.80300000,ok,,flexible
"PEPTIDE1{dV.T.meL.P.T.meA.meY}$PEPTIDE1,PEPTIDE1,1:R1-7:R2$$$",-6.34000000,ok,,flexible
"PEPTIDE1{A.L.T.Me_dA.meL.meL.Ser(tBu)}$PEPTIDE1,PEPTIDE1,1:R1-7:R2$$$",-5.21600000,ok,,flexible
"PEPTIDE1{dV.meA.L.T.dP.P.T}$PEPTIDE1,PEPTIDE1,1:R1-7:R2$$$",-6.24700000,ok,,flexible
"PEPTIDE1{A.meL.Me_dL.meF.V.meL.T}$PEPTIDE1,PEPTIDE1,1:R1-7:R2$$$",-6.40600000,ok,,flexible
"PEPTIDE1{Me_dA.dP.dL.T.P.L.F}$PEPTIDE1,PEPTIDE1,1:R1-7:R2$$$",-7.02700000,ok,,flexible
"PEPTIDE1{F.T.P.Me_dL.A.T.Me_dA}$PEPTIDE1,PEPTIDE1,1:R1-7:R2$$$",-6.22800000,ok,,flexible
"PEPTIDE1{A.meV.meL.F.P.meA.P}$PEPTIDE1,PEPTIDE1,1:R1-7:R2$$$",-6.55300000,ok,,flexible
"PEPTIDE1{dA.P.I.cHexCH2_Gly.dP.meL.A}$PEPTIDE1,PEPTIDE1,1:R1-7:R2$$$",-6.17800000,ok,,flexible
"PEPTIDE1{A.L.T.meL.T.F.Me_dL}$PEPTIDE1,PEPTIDE1,1:R1-7:R2$$$",-5.59600000,ok,,flexible
"PEPTIDE1{dA.meS.Sar.meA.L.dL.meL}$PEPTIDE1,PEPTIDE1,1:R1-7:R2$$$",-6.65300000,ok,,flexible
"PEPTIDE1{Sar.P.meL.F.meA.T.T}$PEPTIDE1,PEPTIDE1,1:R1-7:R2$$$",-5.99200000,ok,,flexible
"PEPTIDE1{dA.meL.T.Aoc(2).V.meA.Ser(tBu)}$PEPTIDE1,PEPTIDE1,1:R1-7:R2$$$",-4.65400000,ok,,flexible
"PEPTIDE1{Me_dA.T.T.A.meL.meS.meA}$PEPTIDE1,PEPTIDE1,1:R1-7:R2$$$",-5.77000000,ok,,flexible
"PEPTIDE1{F.A.T.Me_dL.T.dL.meL}$PEPTIDE1,PEPTIDE1,1:R1-7:R2$$$",-5.52600000,ok,,flexible
"PEPTIDE1{dA.meA.P.meL.L.meF.F}$PEPTIDE1,PEPTIDE1,1:R1-7:R2$$$",-6.18400000,ok,,flexible
"PEPTIDE1{L.Ala(5-Tet).meF.T.Me_dA.meS.Abu}$PEPTIDE1,PEPTIDE1,1:R1-7:R2$$$",-6.34500000,ok,,flexible
"PEPTIDE1{Me_dA.pentyl_Gly.Me_dL.A.L.V.Ser(tBu)}$PEPTIDE1,PEPTIDE1,1:R1-7:R2$$$",-4.92400000,ok,,flexible
"PEPTIDE1{dV.meA.meF.dF.meL.dP.P}$PEPTIDE1,PEPTIDE1,1:R1-7:R2$$$",-6.85200000,ok,,flexible
"PEPTIDE1{L.meL.meF.T.meA.meS.Sar}$PEPTIDE1,PEPTIDE1,1:R1-7:R2$$$",-5.71500000,ok,,flexible
"PEPTIDE1{F.meS.L.Abu.A.T.meA}$PEPTIDE1,PEPTIDE1,1:R1-7:R2$$$",-6.32000000,ok,,flexible
"PEPTIDE1{Me_dA.A.T.Sar.Ala(5-Tet).L.Abu}$PEPTIDE1,PEPTIDE1,1:R1-7:R2$$$",-5.96100000,ok,,flexible
"PEPTIDE1{dA.dL.G.meF.V.T.T}$PEPTIDE1,PEPTIDE1,1:R1-7:R2$$$",-5.92100000,ok,,flexible
"PEPTIDE1{Me_Bal.Me_dL.meF.meA.meL.meA.T}$PEPTIDE1,PEPTIDE1,1:R1-7:R2$$$",-5.90500000,ok,,flexible
"PEPTIDE1{A.dL.V.meL.I.Ser(tBu).Me_dL}$PEPTIDE1,PEPTIDE1,1:R1-7:R2$$$",-6.21200000,ok,,flexible
"PEPTIDE1{dA.T.F.Mono78.meA.meF.L}$PEPTIDE1,PEPTIDE1,1:R1-7:R2$$$",-6.09500000,ok,,flexible
"PEPTIDE1{P.A.I.Ser(tBu).3Pal.dL.G}$PEPTIDE1,PEPTIDE1,1:R1-7:R2$$$",-5.52100000,ok,,flexible
"PEPTIDE1{meL.Mono38.A.I.L.V.T}$PEPTIDE1,PEPTIDE1,1:R1-7:R2$$$",-5.32500000,ok,,flexible
"PEPTIDE1{meL.Ala(5-Tet).A.T.L.dA.P}$PEPTIDE1,PEPTIDE1,1:R1-7:R2$$$",-6.34500000,ok,,flexible
"PEPTIDE1{meA.F.pentyl_Gly.Ser(tBu).P.V.Mono84}$PEPTIDE1,PEPTIDE1,1:R1-7:R2$$$",-5.17200000,ok,,flexible
"PEPTIDE1{Me_Bal.T.meV.L.A.meA.V}$PEPTIDE1,PEPTIDE1,1:R1-7:R2$$$",-5.68200000,ok,,flexible
"PEPTIDE1{dA.Sar.L.T.V.meA.P}$PEPTIDE1,PEPTIDE1,1:R1-7:R2$$$",-6.47400000,ok,,flexible
"PEPTIDE1{meA.L.meL.meA.Me_dL.Me_dL.F}$PEPTIDE1,PEPTIDE1,1:R1-7:R2$$$",-5.79200000,ok,,flexible
"PEPTIDE1{A.dPye.L.L.Me_Phe(3-Cl).dL.T}$PEPTIDE1,PEPTIDE1,1:R1-7:R2$$$",-5.67100000,ok,,flexible
"PEPTIDE1{meA.meF.dP.meF.F.V.A}$PEPTIDE1,PEPTIDE1,1:R1-7:R2$$$",-6.56800000,ok,,flexible
"PEPTIDE1{dA.dP.T.Me_dL.L.meA.meL}$PEPTIDE1,PEPTIDE1,1:R1-7:R2$$$",-6.04000000,ok,,flexible
"PEPTIDE1{dV.Sar.A.Me_dA.meA.F.L}$PEPTIDE1,PEPTIDE1,1:R1-7:R2$$$",-6.89500000,ok,,flexible
"PEPTIDE1{dA.L.T.A.meS.Abu.meS}$PEPTIDE1,PEPTIDE1,1:R1-7:R2$$$",-5.62900000,ok,,flexible
"PEPTIDE1{Me_dA.meL.T.P.dP.A.Me_dL}$PEPTIDE1,PEPTIDE1,1:R1-7:R2$$$",-6.55000000,ok,,flexible
"PEPTIDE1{meA.P.meL.meL.dL.L.A}$PEPTIDE1,PEPTIDE1,1:R1-7:R2$$$",-5.97900000,ok,,flexible
"PEPTIDE1{Me_dA.meF.T.meL.meA.L.Me_dL}$PEPTIDE1,PEPTIDE1,1:R1-7:R2$$$",-5.83900000,ok,,flexible
"PEPTIDE1{Me_Bal.meI.L.T.meL.V.P}$PEPTIDE1,PEPTIDE1,1:R1-7:R2$$$",-5.36200000,ok,,flexible
"PEPTIDE1{A.L.T.Me_dL.meL.V.I}$PEPTIDE1,PEPTIDE1,1:R1-7:R2$$$",-5.31900000,ok,,flexible
"PEPTIDE1{meA.A.Pr_Gly.L.V.T.dL}$PEPTIDE1,PEPTIDE1,1:R1-7:R2$$$",-5.21400000,ok,,flexible
"PEPTIDE1{meL.Mono38.I.L.dL.meS.Abu}$PEPTIDE1,PEPTIDE1,1:R1-7:R2$$$",-5.28300000,ok,,flexible
"PEPTIDE1{Me_dA.L.A.Me_dL.meF.V.T}$PEPTIDE1,PEPTIDE1,1:R1-7:R2$$$",-5.63600000,ok,,flexible
"PEPTIDE1{A.T.Me_dA.T.dL.P.Abu}$PEPTIDE1,PEPTIDE1,1:R1-7:R2$$$",-6.15100000,ok,,flexible
"PEPTIDE1{dV.meF.meA.F.A.meL.L}$PEPTIDE1,PEPTIDE1,1:R1-7:R2$$$",-5.79200000,ok,,flexible
"PEPTIDE1{dV.L.A.I.meF.Sar.meS}$PEPTIDE1,PEPTIDE1,1:R1-7:R2$$$",-5.73800000,ok,,flexible
"PEPTIDE1{Me_Bal.V.L.Ser(tBu).meA.Ser(tBu).dP}$PEPTIDE1,PEPTIDE1,1:R1-7:R2$$$",-6.19300000,ok,,flexible
"PEPTIDE1{Mono6.meL.Me_dA.meY.Me_dL.meS.meF}$PEPTIDE1,PEPTIDE1,1:R1-7:R2$$$",-7.44900000,ok,,flexible
"PEPTIDE1{dV.dA.Me_dA.meL.meV.Me_dL.F}$PEPTIDE1,PEPTIDE1,1:R1-7:R2$$$",-5.80200000,ok,,flexible
"PEPTIDE1{dA.P.L.meA.meF.A.T}$PEPTIDE1,PEPTIDE1,1:R1-7:R2$$$",-6.48400000,ok,,flexible
"PEPTIDE1{dF.T.A.meA.meL.Me_dA.Me_dL}$PEPTIDE1,PEPTIDE1,1:R1-7:R2$$$",-6.25300000,ok,,flexible
"PEPTIDE1{dA.Aoc(2).L.T.dL.Mono78.A}$PEPTIDE1,PEPTIDE1,1:R1-7:R2$$$",-6.18100000,ok,,flexible
"PEPTIDE1{A.meF.meA.dV.L.Me_dA.meS}$PEPTIDE1,PEPTIDE1,1:R1-7:R2$$$",-5.98500000,ok,,flexible
"PEPTIDE1{Mono6.Aib.Me_Phe(3-Cl).A.L.Me_dL.dP}$PEPTIDE1,PEPTIDE1,1:R1-7:R2$$$",-6.78700000,ok,,flexible
"PEPTIDE1{A.dA.Ser(tBu).L.dP.Me_dL.dL}$PEPTIDE1,PEPTIDE1,1:R1-7:R2$$$",-6.09300000,ok,,flexible
"PEPTIDE1{F.T.dP.T.dV.Me_dA.meL}$PEPTIDE1,PEPTIDE1,1:R1-7:R2$$$",-6.71300000,ok,,flexible
"PEPTIDE1{Me_dA.L.F.P.meV.T.Mono78}$PEPTIDE1,PEPTIDE1,1:R1-7:R2$$$",-6.92400000,ok,,flexible
"PEPTIDE1{Me_dA.Pr_Gly.meL.L.A.Ala(5-Tet).S}$PEPTIDE1,PEPTIDE1,1:R1-7:R2$$$",-6.31000000,ok,,flexible
"PEPTIDE1{Pr_Gly.meA.dV.Me_dL.I.Sar.T}$PEPTIDE1,PEPTIDE1,1:R1-7:R2$$$",-4.84800000,ok,,flexible
"PEPTIDE1{dV.P.Abu.meL.Aoc(2).A.meS}$PEPTIDE1,PEPTIDE1,1:R1-7:R2$$$",-5.54800000,ok,,flexible
"PEPTIDE1{meA.T.F.V.meL.A.L}$PEPTIDE1,PEPTIDE1,1:R1-7:R2$$$",-5.77300000,ok,,flexible
"PEPTIDE1{dA.Me_dAbu.Me_dL.meL.Me_dL.meA.meF}$PEPTIDE1,PEPTIDE1,1:R1-7:R2$$$",-5.60300000,ok,,flexible
"PEPTIDE1{L.T.meS.Me_dL.A.Abu.L}$PEPTIDE1,PEPTIDE1,1:R1-7:R2$$$",-5.36600000,ok,,flexible
"PEPTIDE1{P.Pr_Gly.meA.A.Me_dA.meF.meL}$PEPTIDE1,PEPTIDE1,1:R1-7:R2$$$",-6.62700000,ok,,flexible
"PEPTIDE1{A.Me_dA.Pr_Gly.G.V.dV.Me_dL}$PEPTIDE1,PEPTIDE1,1:R1-7:R2$$$",-5.56900000,ok,,flexible
"PEPTIDE1{dF.meL.dP.P.dL.T.dP}$PEPTIDE1,PEPTIDE1,1:R1-7:R2$$$",-6.08400000,ok,,flexible
"PEPTIDE1{meA.L.A.dL.meL.Abu.T}$PEPTIDE1,PEPTIDE1,1:R1-7:R2$$$",-5.34400000,ok,,flexible
"PEPTIDE1{Me_dA.L.meA.meL.meI.Me_dL.L}$PEPTIDE1,PEPTIDE1,1:R1-7:R2$$$",-5.37500000,ok,,flexible
"PEPTIDE1{Sar.L.T.dL.meA.A.Me_dL}$PEPTIDE1,PEPTIDE1,1:R1-7:R2$$$",-5.87100000,ok,,flexible
"PEPTIDE1{Mono6.F.meA.meL.L.A.Ala(5-Tet)}$PEPTIDE1,PEPTIDE1,1:R1-7:R2$$$",-6.83900000,ok,,flexible
"PEPTIDE1{dF.meL.I.Ser(tBu).T.cHexCH2_Gly.P}$PEPTIDE1,PEPTIDE1,1:R1-7:R2$$$",-5.55100000,ok,,flexible
"PEPTIDE1{P.A.I.L.meL.F.Me_dA}$PEPTIDE1,PEPTIDE1,1:R1-7:R2$$$",-5.49700000,ok,,flexible
"PEPTIDE1{Me_dA.A.meY.T.meL.dL.V}$PEPTIDE1,PEPTIDE1,1:R1-7:R2$$$",-6.51100000,ok,,flexible
"PEPTIDE1{Me_Bal.T.dL.A.meL.Ser(tBu).V}$PEPTIDE1,PEPTIDE1,1:R1-7:R2$$$",-5.69300000,ok,,flexible
"PEPTIDE1{dV.A.T.meL.L.meI.meA}$PEPTIDE1,PEPTIDE1,1:R1-7:R2$$$",-5.99200000,ok,,flexible
"PEPTIDE1{dF.I.Et_Gly.A.L.meF.meA}$PEPTIDE1,PEPTIDE1,1:R1-7:R2$$$",-5.71400000,ok,,flexible
"PEPTIDE1{Me_dA.meA.meL.meF.meV.Sar.T}$PEPTIDE1,PEPTIDE1,1:R1-7:R2$$$",-6.24900000,ok,,flexible
"PEPTIDE1{dA.Ser(tBu).meF.meA.meI.L.meL}$PEPTIDE1,PEPTIDE1,1:R1-7:R2$$$",-5.58100000,ok,,flexible
"PEPTIDE1{meL.A.meA.meS.Abu.Me_dA.meL}$PEPTIDE1,PEPTIDE1,1:R1-7:R2$$$",-5.78700000,ok,,flexible
"PEPTIDE1{dF.cHexCH2_Gly.L.dP.I.I.A}$PEPTIDE1,PEPTIDE1,1:R1-7:R2$$$",-5.66900000,ok,,flexible
"PEPTIDE1{meA.Pr_Gly.Me_dL.P.meL.F.G}$PEPTIDE1,PEPTIDE1,1:R1-7:R2$$$",-6.45200000,ok,,flexible
"PEPTIDE1{Sar.T.meF.meL.Me_dL.V.meA}$PEPTIDE1,PEPTIDE1,1:R1-7:R2$$$",-5.67500000,ok,,flexible
"PEPTIDE1{dV.dA.Pr_Gly.Me_dA.dL.Me_dL.meL}$PEPTIDE1,PEPTIDE1,1:R1-7:R2$$$",-6.00500000,ok,,flexible
"PEPTIDE1{dA.Aoc(2).meL.meS.A.L.Sar}$PEPTIDE1,PEPTIDE1,1:R1-7:R2$$$",-5.39200000,ok,,flexible
"PEPTIDE1{Me_Bal.V.meA.T.Me_dL.meF.Sar}$PEPTIDE1,PEPTIDE1,1:R1-7:R2$$$",-6.83400000,ok,,flexible
"PEPTIDE1{dA.V.F.L.Me_dL.meL.meS}$PEPTIDE1,PEPTIDE1,1:R1-7:R2$$$",-5.65200000,ok,,flexible
"PEPTIDE1{Pr_Gly.L.P.dL.Me_dL.V.meF}$PEPTIDE1,PEPTIDE1,1:R1-7:R2$$$",-5.31600000,ok,,flexible
"PEPTIDE1{dA.meA.dF.G.Me_dL.V.L}$PEPTIDE1,PEPTIDE1,1:R1-7:R2$$$",-5.93600000,ok,,flexible
"PEPTIDE1{Pr_Gly.L.I.P.dL.Nle.meA}$PEPTIDE1,PEPTIDE1,1:R1-7:R2$$$",-6.12300000,ok,,flexible
"PEPTIDE1{P.A.Me_Phe(3-Cl).meL.dL.G.P}$PEPTIDE1,PEPTIDE1,1:R1-7:R2$$$",-6.38600000,ok,,flexible
"PEPTIDE1{A.T.L.meF.meL.P.T}$PEPTIDE1,PEPTIDE1,1:R1-7:R2$$$",-5.55400000,ok,,flexible
"PEPTIDE1{dA.Me_dL.meF.I.F.V.meY}$PEPTIDE1,PEPTIDE1,1:R1-7:R2$$$",-6.89600000,ok,,flexible
"PEPTIDE1{dV.A.meS.T.meA.meF.meL}$PEPTIDE1,PEPTIDE1,1:R1-7:R2$$$",-5.63100000,ok,,flexible
"PEPTIDE1{dA.meA.L.V.meL.T.Sar}$PEPTIDE1,PEPTIDE1,1:R1-7:R2$$$",-6.22200000,ok,,flexible
"PEPTIDE1{meL.T.Abu.Ala(5-Tet).meA.A.Aoc(2)}$PEPTIDE1,PEPTIDE1,1:R1-7:R2$$$",-4.94900000,ok,,flexible
"PEPTIDE1{Pr_Gly.dPye.P.T.dL.Me_dA.dA}$PEPTIDE1,PEPTIDE1,1:R1-7:R2$$$",-6.23300000,ok,,flexible
"PEPTIDE1{dA.Abu.T.meL.Aoc(2).meA.meS}$PEPTIDE1,PEPTIDE1,1:R1-7:R2$$$",-5.72900000,ok,,flexible
"PEPTIDE1{meA.Mono38.L.meL.T.cHexCH2_Gly.A}$PEPTIDE1,PEPTIDE1,1:R1-7:R2$$$",-5.71700000,ok,,flexible
"PEPTIDE1{dA.dP.T.V.F.dL.meA}$PEPTIDE1,PEPTIDE1,1:R1-7:R2$$$",-6.17000000,ok,,flexible
"PEPTIDE1{Mono6.Me_dL.meL.T.A.Me_dA.L}$PEPTIDE1,PEPTIDE1,1:R1-7:R2$$$",-5.61400000,ok,,flexible
"PEPTIDE1{Me_dA.pentyl_Gly.cHexCH2_Gly.T.L.meL.L}$PEPTIDE1,PEPTIDE1,1:R1-7:R2$$$",-5.73400000,ok,,flexible
"PEPTIDE1{P.meA.Me_dL.T.Me_dA.meL.Me_dL}$PEPTIDE1,PEPTIDE1,1:R1-7:R2$$$",-5.77800000,ok,,flexible
"PEPTIDE1{Me_dA.V.T.A.T.P.L}$PEPTIDE1,PEPTIDE1,1:R1-7:R2$$$",-5.75200000,ok,,flexible
"PEPTIDE1{dA.meF.Me_dL.V.I.T.Ser(tBu)}$PEPTIDE1,PEPTIDE1,1:R1-7:R2$$$",-5.84300000,ok,,flexible
"PEPTIDE1{Me_dA.Pr_Gly.meL.A.dL.T.Me_Phe(3-Cl)}$PEPTIDE1,PEPTIDE1,1:R1-7:R2$$$",-5.84800000,ok,,flexible
"PEPTIDE1{Me_dA.cHexCH2_Gly.cHexCH2_Gly.dP.dL.I.T}$PEPTIDE1,PEPTIDE1,1:R1-7:R2$$$",-5.94100000,ok,,flexible
"PEPTIDE1{L.meF.Me_dL.dL.meI.T.T}$PEPTIDE1,PEPTIDE1,1:R1-7:R2$$$",-6.01200000,ok,,flexible
"PEPTIDE1{Pr_Gly.pentyl_Gly.dP.A.Mono84.I.dL}$PEPTIDE1,PEPTIDE1,1:R1-7:R2$$$",-5.58000000,ok,,flexible
"PEPTIDE1{A.Me_dL.meA.L.Ser(tBu).V.I}$PEPTIDE1,PEPTIDE1,1:R1-7:R2$$$",-5.47100000,ok,,flexible
"PEPTIDE1{A.T.meL.F.T.meA.dL}$PEPTIDE1,PEPTIDE1,1:R1-7:R2$$$",-5.81300000,ok,,flexible
"PEPTIDE1{dV.A.L.meA.meV.T.P}$PEPTIDE1,PEPTIDE1,1:R1-7:R2$$$",-6.70100000,ok,,flexible
"PEPTIDE1{dV.meA.Sar.meL.Me_dL.L.meL}$PEPTIDE1,PEPTIDE1,1:R1-7:R2$$$",-5.77600000,ok,,flexible
"PEPTIDE1{meL.meA.T.L.Me_dL.meF.V}$PEPTIDE1,PEPTIDE1,1:R1-7:R2$$$",-5.68400000,ok,,flexible
"PEPTIDE1{meA.L.meL.Me_dL.meL.S.meF}$PEPTIDE1,PEPTIDE1,1:R1-7:R2$$$",-5.57000000,ok,,flexible
"PEPTIDE1{meA.L.meL.T.I.dL.meL}$PEPTIDE1,PEPTIDE1,1:R1-7:R2$$$",-5.44300000,ok,,flexible
"PEPTIDE1{Me_dA.Pr_Gly.meA.A.T.F.meF}$PEPTIDE1,PEPTIDE1,1:R1-7:R2$$$",-6.41200000,ok,,flexible
"PEPTIDE1{dF.pentyl_Gly.Me_Nle.Ser(tBu).A.Me_dL.meL}$PEPTIDE1,PEPTIDE1,1:R1-7:R2$$$",-5.07600000,ok,,flexible
"PEPTIDE1{Me_Bal.meL.T.meF.meA.L.P}$PEPTIDE1,PEPTIDE1,1:R1-7:R2$$$",-6.17200000,ok,,flexible
"PEPTIDE1{Me_Bal.meL.Ser(tBu).A.F.dL.T}$PEPTIDE1,PEPTIDE1,1:R1-7:R2$$$",-6.13900000,ok,,flexible
"PEPTIDE1{dA.P.meL.T.meA.L.F}$PEPTIDE1,PEPTIDE1,1:R1-7:R2$$$",-6.19100000,ok,,flexible
"PEPTIDE1{L.meL.F.meS.Ala(5-Tet).T.Mono7}$PEPTIDE1,PEPTIDE1,1:R1-7:R2$$$",-5.53300000,ok,,flexible
"PEPTIDE1{dA.P.Me_dA.meA.meF.meL.Abu}$PEPTIDE1,PEPTIDE1,1:R1-7:R2$$$",-6.43300000,ok,,flexible
"PEPTIDE1{A.dP.T.T.meA.meS.Me_dL}$PEPTIDE1,PEPTIDE1,1:R1-7:R2$$$",-6.10200000,ok,,flexible
"PEPTIDE1{meA.T.V.T.L.P.Sar}$PEPTIDE1,PEPTIDE1,1:R1-7:R2$$$",-6.45500000,ok,,flexible
"PEPTIDE1{dA.Pr_Gly.G.meL.L.meL.A}$PEPTIDE1,PEPTIDE1,1:R1-7:R2$$$",-6.16700000,ok,,flexible
"PEPTIDE1{F.A.G.Mono38.I.meL.L}$PEPTIDE1,PEPTIDE1,1:R1-7:R2$$$",-5.36700000,ok,,flexible
"PEPTIDE1{dA.meS.meL.meA.G.V.L}$PEPTIDE1,PEPTIDE1,1:R1-7:R2$$$",-5.88300000,ok,,flexible
"PEPTIDE1{dV.meF.meL.P.meL.T.Me_dL}$PEPTIDE1,PEPTIDE1,1:R1-7:R2$$$",-5.31000000,ok,,flexible
"PEPTIDE1{L.Me_dL.meL.G.I.V.F}$PEPTIDE1,PEPTIDE1,1:R1-7:R2$$$",-5.59600000,ok,,flexible
"PEPTIDE1{Pr_Gly.Me_dL.meA.meF.A.meL.meS}$PEPTIDE1,PEPTIDE1,1:R1-7:R2$$$",-6.22300000,ok,,flexible
"PEPTIDE1{meL.meS.meA.Ala(5-Tet).meL.L.P}$PEPTIDE1,PEPTIDE1,1:R1-7:R2$$$",-5.80900000,ok,,flexible
"PEPTIDE1{meA.meL.F.T.Me_dL.V.Me_dL}$PEPTIDE1,PEPTIDE1,1:R1-7:R2$$$",-5.57100000,ok,,flexible
"PEPTIDE1{meL.Me_dA.T.meA.Abu.dL.Sar}$PEPTIDE1,PEPTIDE1,1:R1-7:R2$$$",-5.99500000,ok,,flexible
"PEPTIDE1{dV.meL.meL.A.Ala(5-Tet).meF.L}$PEPTIDE1,PEPTIDE1,1:R1-7:R2$$$",-6.05000000,ok,,flexible
"PEPTIDE1{A.V.meL.P.F.meV.meA}$PEPTIDE1,PEPTIDE1,1:R1-7:R2$$$",-6.30400000,ok,,flexible
"PEPTIDE1{dP.A.meL.Me_dL.G.L.Ser(tBu)}$PEPTIDE1,PEPTIDE1,1:R1-7:R2$$$",-5.95000000,ok,,flexible
"PEPTIDE1{dV.meL.dL.T.meS.I.T}$PEPTIDE1,PEPTIDE1,1:R1-7:R2$$$",-5.19200000,ok,,flexible
"PEPTIDE1{Sar.meL.meF.I.meV.T.meI}$PEPTIDE1,PEPTIDE1,1:R1-7:R2$$$",-5.75300000,ok,,flexible
"PEPTIDE1{meL.A.L.Ala(5-Tet).meS.I.L}$PEPTIDE1,PEPTIDE1,1:R1-7:R2$$$",-5.19800000,ok,,flexible
"PEPTIDE1{meA.Me_dA.A.meF.meL.P.F}$PEPTIDE1,PEPTIDE1,1:R1-7:R2$$$",-6.63500000,ok,,flexible
"PEPTIDE1{A.P.meA.T.F.dL.meF}$PEPTIDE1,PEPTIDE1,1:R1-7:R2$$$",-6.24700000,ok,,flexible
"PEPTIDE1{L.A.T.Me_dA.meA.meV.dV}$PEPTIDE1,PEPTIDE1,1:R1-7:R2$$$",-6.10600000,ok,,flexible
"PEPTIDE1{dF.T.Abu.Me_dA.T.L.meL}$PEPTIDE1,PEPTIDE1,1:R1-7:R2$$$",-5.82900000,ok,,flexible
"PEPTIDE1{dA.A.L.meV.T.Me_dL.F}$PEPTIDE1,PEPTIDE1,1:R1-7:R2$$$",-5.64300000,ok,,flexible
"PEPTIDE1{dA.L.meF.I.L.meA.Sar}$PEPTIDE1,PEPTIDE1,1:R1-7:R2$$$",-6.25300000,ok,,flexible
"PEPTIDE1{meA.meL.Mono78.L.T.L.T}$PEPTIDE1,PEPTIDE1,1:R1-7:R2$$$",-5.61000000,ok,,flexible
"PEPTIDE1{Me_Bal.pentyl_Gly.dP.I.T.V.A}$PEPTIDE1,PEPTIDE1,1:R1-7:R2$$$",-5.43600000,ok,,flexible
"PEPTIDE1{meA.dL.meL.dP.P.meF.L}$PEPTIDE1,PEPTIDE1,1:R1-7:R2$$$",-5.54000000,ok,,flexible
"PEPTIDE1{A.meL.I.pentyl_Gly.Ser(tBu).Mono84.Et_Gly}$PEPTIDE1,PEPTIDE1,1:R1-7:R2$$$",-4.64200000,ok,,flexible
"PEPTIDE1{dA.meL.L.F.meA.Me_dL.P}$PEPTIDE1,PEPTIDE1,1:R1-7:R2$$$",-5.94500000,ok,,flexible
"PEPTIDE1{dV.Me_dA.P.F.meL.T.A}$PEPTIDE1,PEPTIDE1,1:R1-7:R2$$$",-6.52200000,ok,,flexible
"PEPTIDE1{dV.dF.dP.dL.Et_Gly.meL.meA}$PEPTIDE1,PEPTIDE1,1:R1-7:R2$$$",-5.83900000,ok,,flexible
"PEPTIDE1{F.meL.D.L.dL.L.Me_Phe(3-Cl)}$PEPTIDE1,PEPTIDE1,1:R1-7:R2$$$",-5.53400000,ok,,flexible
"PEPTIDE1{Sar.meF.meL.L.I.dL.A}$PEPTIDE1,PEPTIDE1,1:R1-7:R2$$$",-6.08900000,ok,,flexible
"PEPTIDE1{Sar.meL.cHexCH2_Gly.I.V.dL.F}$PEPTIDE1,PEPTIDE1,1:R1-7:R2$$$",-5.85700000,ok,,flexible
"PEPTIDE1{A.L.meS.meA.meF.Sar.Abu}$PEPTIDE1,PEPTIDE1,1:R1-7:R2$$$",-6.42200000,ok,,flexible
"PEPTIDE1{A.meA.meL.Me_dL.V.Me_dL.dL}$PEPTIDE1,PEPTIDE1,1:R1-7:R2$$$",-5.31300000,ok,,flexible
"PEPTIDE1{Me_dA.meL.meA.A.L.Aoc(2).D}$PEPTIDE1,PEPTIDE1,1:R1-7:R2$$$",-5.54300000,ok,,flexible
"PEPTIDE1{A.T.meA.Me_dL.Sar.meL.Me_dL}$PEPTIDE1,PEPTIDE1,1:R1-7:R2$$$",-5.43600000,ok,,flexible
"PEPTIDE1{dA.L.Sar.meF.I.meA.Me_dL}$PEPTIDE1,PEPTIDE1,1:R1-7:R2$$$",-6.18100000,ok,,flexible
"PEPTIDE1{A.meL.L.T.Me_dL.dP.P}$PEPTIDE1,PEPTIDE1,1:R1-7:R2$$$",-5.75800000,ok,,flexible
"PEPTIDE1{dA.A.F.L.dL.Me_Phe(3-Cl).V}$PEPTIDE1,PEPTIDE1,1:R1-7:R2$$$",-5.86700000,ok,,flexible
"PEPTIDE1{L.F.meV.dA.Me_dL.dV.T}$PEPTIDE1,PEPTIDE1,1:R1-7:R2$$$",-6.50200000,ok,,flexible
"PEPTIDE1{F.L.I.Mono38.dL.A.L}$PEPTIDE1,PEPTIDE1,1:R1-7:R2$$$",-5.30300000,ok,,flexible
"PEPTIDE1{L.G.Mono38.cHexCH2_Gly.pentyl_Gly.T.meL}$PEPTIDE1,PEPTIDE1,1:R1-7:R2$$$",-5.00200000,ok,,flexible
"PEPTIDE1{Mono6.Me_dA.L.meL.T.Me_dL.dL}$PEPTIDE1,PEPTIDE1,1:R1-7:R2$$$",-5.86000000,ok,,flexible
"PEPTIDE1{meA.P.Me_dL.dL.T.F.meV}$PEPTIDE1,PEPTIDE1,1:R1-7:R2$$$",-5.76200000,ok,,flexible
"PEPTIDE1{F.T.L.meL.Ser(tBu).meF.meF}$PEPTIDE1,PEPTIDE1,1:R1-7:R2$$$",-5.55600000,ok,,flexible
"PEPTIDE1{meA.dL.T.L.meF.meL.I}$PEPTIDE1,PEPTIDE1,1:R1-7:R2$$$",-5.16900000,ok,,flexible
"PEPTIDE1{L.F.V.Ser(tBu).T.meI.T}$PEPTIDE1,PEPTIDE1,1:R1-7:R2$$$",-5.68400000,ok,,flexible
"PEPTIDE1{meL.Me_dA.Me_dL.A.dV.L.dL}$PEPTIDE1,PEPTIDE1,1:R1-7:R2$$$",-5.81200000,ok,,flexible
"PEPTIDE1{Me_dA.L.Mono38.cHexCH2_Gly.meL.dL.dP}$PEPTIDE1,PEPTIDE1,1:R1-7:R2$$$",-5.57100000,ok,,flexible
"PEPTIDE1{L.meA.dP.T.V.meL.I}$PEPTIDE1,PEPTIDE1,1:R1-7:R2$$$",-5.73500000,ok,,flexible
"PEPTIDE1{Me_Bal.dPye.meL.dL.meA.Me_dL.L}$PEPTIDE1,PEPTIDE1,1:R1-7:R2$$$",-5.67000000,ok,,flexible
"PEPTIDE1{meA.meS.A.T.T.meF.dP}$PEPTIDE1,PEPTIDE1,1:R1-7:R2$$$",-6.36200000,ok,,flexible
"PEPTIDE1{dF.Pr_Gly.L.dL.T.Phe(4-CF3).meS}$PEPTIDE1,PEPTIDE1,1:R1-7:R2$$$",-5.27800000,ok,,flexible
"PEPTIDE1{Sar.meF.F.V.Ser(tBu).T.A}$PEPTIDE1,PEPTIDE1,1:R1-7:R2$$$",-6.44200000,ok,,flexible
"PEPTIDE1{P.Me_dL.L.meL.meF.T.I}$PEPTIDE1,PEPTIDE1,1:R1-7:R2$$$",-5.43300000,ok,,flexible
"PEPTIDE1{A.dL.L.dP.Sar.T.L}$PEPTIDE1,PEPTIDE1,1:R1-7:R2$$$",-5.65300000,ok,,flexible
"PEPTIDE1{dF.Me_dA.dP.Ser(tBu).A.Me_dL.meS}$PEPTIDE1,PEPTIDE1,1:R1-7:R2$$$",-5.87800000,ok,,flexible
"PEPTIDE1{A.meA.F.meL.V.A.dL}$PEPTIDE1,PEPTIDE1,1:R1-7:R2$$$",-5.35400000,ok,,flexible
"PEPTIDE1{Pr_Gly.Ser(tBu).dL.V.F.Me_Phe(3-Cl).L}$PEPTIDE1,PEPTIDE1,1:R1-7:R2$$$",-5.71800000,ok,,flexible
"PEPTIDE1{meL.L.A.Sar.Me_dA.T.meS}$PEPTIDE1,PEPTIDE1,1:R1-7:R2$$$",-5.77800000,ok,,flexible
"PEPTIDE1{dV.meV.A.meA.T.Me_dA.Ser(tBu)}$PEPTIDE1,PEPTIDE1,1:R1-7:R2$$$",-5.85600000,ok,,flexible
"PEPTIDE1{meA.A.L.dP.Ser(tBu).F.Mono86}$PEPTIDE1,PEPTIDE1,1:R1-7:R2$$$",-6.05000000,ok,,flexible
"PEPTIDE1{Me_dA.P.A.meA.L.meS.F}$PEPTIDE1,PEPTIDE1,1:R1-7:R2$$$",-6.33000000,ok,,flexible
"PEPTIDE1{L.Me_dA.meA.T.meL.A.T}$PEPTIDE1,PEPTIDE1,1:R1-7:R2$$$",-5.57700000,ok,,flexible
"PEPTIDE1{Pr_Gly.cHexCH2_Gly.Mono84.I.L.dP.T}$PEPTIDE1,PEPTIDE1,1:R1-7:R2$$$",-5.55300000,ok,,flexible
"PEPTIDE1{meL.L.Me_dL.meS.meA.meF.T}$PEPTIDE1,PEPTIDE1,1:R1-7:R2$$$",-5.64000000,ok,,flexible
"PEPTIDE1{meA.I.P.dP.F.P.meL}$PEPTIDE1,PEPTIDE1,1:R1-7:R2$$$",-6.86600000,ok,,flexible
"PEPTIDE1{dV.L.meL.T.Me_dA.A.Me_dL}$PEPTIDE1,PEPTIDE1,1:R1-7:R2$$$",-5.28100000,ok,,flexible
"PEPTIDE1{dA.V.L.T.dL.Ser(tBu).meI}$PEPTIDE1,PEPTIDE1,1:R1-7:R2$$$",-5.38300000,ok,,flexible
"PEPTIDE1{Me_dA.meA.meF.T.A.dL.P}$PEPTIDE1,PEPTIDE1,1:R1-7:R2$$$",-6.48900000,ok,,flexible
"PEPTIDE1{Me_Bal.meL.Me_dL.V.meA.L.Me_dL}$PEPTIDE1,PEPTIDE1,1:R1-7:R2$$$",-5.26600000,ok,,flexible
"PEPTIDE1{Me_dA.P.meF.meA.L.L.meL}$PEPTIDE1,PEPTIDE1,1:R1-7:R2$$$",-6.35500000,ok,,flexible
"PEPTIDE1{A.meF.meA.I.Ser(tBu).dP.G}$PEPTIDE1,PEPTIDE1,1:R1-7:R2$$$",-6.15900000,ok,,flexible
"PEPTIDE1{dA.T.meA.Sar.Me_dA.meS.meL}$PEPTIDE1,PEPTIDE1,1:R1-7:R2$$$",-6.24400000,ok,,flexible
"PEPTIDE1{meA.A.Me_dL.V.meL.meF.L}$PEPTIDE1,PEPTIDE1,1:R1-7:R2$$$",-5.58300000,ok,,flexible
"PEPTIDE1{Pr_Gly.meA.P.V.meF.T.dP}$PEPTIDE1,PEPTIDE1,1:R1-7:R2$$$",-6.45000000,ok,,flexible
"PEPTIDE1{Me_Bal.P.meF.meL.T.T.meA}$PEPTIDE1,PEPTIDE1,1:R1-7:R2$$$",-6.59500000,ok,,flexible
"PEPTIDE1{Me_dA.T.G.Me_dL.P.V.F}$PEPTIDE1,PEPTIDE1,1:R1-7:R2$$$",-6.31300000,ok,,flexible
"PEPTIDE1{meL.T.meA.Aoc(2).A.Me_dA.dL}$PEPTIDE1,PEPTIDE1,1:R1-7:R2$$$",-5.69900000,ok,,flexible
"PEPTIDE1{dV.meA.D.I.meF.Aoc(2).dP}$PEPTIDE1,PEPTIDE1,1:R1-7:R2$$$",-5.49100000,ok,,flexible
"PEPTIDE1{dA.Pr_Gly.Me_dA.F.Ser(tBu).meA.meL}$PEPTIDE1,PEPTIDE1,1:R1-7:R2$$$",-5.32200000,ok,,flexible
"PEPTIDE1{P.meL.meV.meA.Me_dL.Me_dA.meI}$PEPTIDE1,PEPTIDE1,1:R1-7:R2$$$",-5.77200000,ok,,flexible
"PEPTIDE1{dF.A.meS.meF.dL.meL.meS}$PEPTIDE1,PEPTIDE1,1:R1-7:R2$$$",-6.21500000,ok,,flexible
"PEPTIDE1{dV.meS.Abu.Ala(5-Tet).I.meL.T}$PEPTIDE1,PEPTIDE1,1:R1-7:R2$$$",-5.92000000,ok,,flexible
"PEPTIDE1{F.T.T.meL.Ala(5-Tet).L.dA}$PEPTIDE1,PEPTIDE1,1:R1-7:R2$$$",-5.71500000,ok,,flexible
"PEPTIDE1{Me_dA.G.Pr_Gly.Me_dL.meL.meL.L}$PEPTIDE1,PEPTIDE1,1:R1-7:R2$$$",-4.99300000,ok,,flexible
"PEPTIDE1{A.T.T.meA.Sar.meL.P}$PEPTIDE1,PEPTIDE1,1:R1-7:R2$$$",-6.10300000,ok,,flexible
"PEPTIDE1{meA.L.G.A.dL.meL.T}$PEPTIDE1,PEPTIDE1,1:R1-7:R2$$$",-5.73500000,ok,,flexible
"PEPTIDE1{Me_Bal.L.I.meL.meA.meF.V}$PEPTIDE1,PEPTIDE1,1:R1-7:R2$$$",-6.25800000,ok,,flexible
"PEPTIDE1{Me_dA.dA.dP.P.dF.meL.meA}$PEPTIDE1,PEPTIDE1,1:R1-7:R2$$$",-6.84900000,ok,,flexible
"PEPTIDE1{Mono6.T.P.meF.meL.dP.L}$PEPTIDE1,PEPTIDE1,1:R1-7:R2$$$",-6.36300000,ok,,flexible
"PEPTIDE1{meA.A.T.F.Abu.meS.meL}$PEPTIDE1,PEPTIDE1,1:R1-7:R2$$$",-6.36500000,ok,,flexible
"PEPTIDE1{Me_Bal.L.meA.T.dP.P.G}$PEPTIDE1,PEPTIDE1,1:R1-7:R2$$$",-6.10300000,ok,,flexible
"PEPTIDE1{F.L.A.I.meA.dA.dL}$PEPTIDE1,PEPTIDE1,1:R1-7:R2$$$",-6.65100000,ok,,flexible
"PEPTIDE1{F.pentyl_Gly.L.A.I.V.Mono38}$PEPTIDE1,PEPTIDE1,1:R1-7:R2$$$",-5.22200000,ok,,flexible
"PEPTIDE1{dA.Sar.L.T.Ser(tBu).L.I}$PEPTIDE1,PEPTIDE1,1:R1-7:R2$$$",-5.48300000,ok,,flexible
"PEPTIDE1{A.T.meL.G.meA.L.meL}$PEPTIDE1,PEPTIDE1,1:R1-7:R2$$$",-6.09100000,ok,,flexible
"PEPTIDE1{meA.Pr_Gly.meI.meL.L.V.P}$PEPTIDE1,PEPTIDE1,1:R1-7:R2$$$",-5.47200000,ok,,flexible
"PEPTIDE1{Me_Bal.L.P.dL.meS.Abu.T}$PEPTIDE1,PEPTIDE1,1:R1-7:R2$$$",-6.11200000,ok,,flexible
"PEPTIDE1{meA.meL.T.meS.L.meL.Me_dL}$PEPTIDE1,PEPTIDE1,1:R1-7:R2$$$",-5.31100000,ok,,flexible
"PEPTIDE1{meA.V.P.meL.T.T.meI}$PEPTIDE1,PEPTIDE1,1:R1-7:R2$$$",-5.91000000,ok,,flexible
"PEPTIDE1{dV.dA.T.meA.meL.dL.meF}$PEPTIDE1,PEPTIDE1,1:R1-7:R2$$$",-6.42100000,ok,,flexible
"PEPTIDE1{Mono6.A.I.meL.T.Aoc(2).dL}$PEPTIDE1,PEPTIDE1,1:R1-7:R2$$$",-5.24500000,ok,,flexible
"PEPTIDE1{meA.A.Phe(4-CF3).F.meS.Ser(tBu).dP}$PEPTIDE1,PEPTIDE1,1:R1-7:R2$$$",-6.87900000,ok,,flexible
"PEPTIDE1{dA.pentyl_Gly.P.meA.Me_dL.L.A}$PEPTIDE1,PEPTIDE1,1:R1-7:R2$$$",-5.83300000,ok,,flexible
"PEPTIDE1{Me_dA.meS.meL.Me_dL.Abu.dL.L}$PEPTIDE1,PEPTIDE1,1:R1-7:R2$$$",-5.37000000,ok,,flexible
"PEPTIDE1{Me_dA.meS.L.meF.I.T.F}$PEPTIDE1,PEPTIDE1,1:R1-7:R2$$$",-6.18100000,ok,,flexible
"PEPTIDE1{Me_Bal.meF.A.F.meL.T.meL}$PEPTIDE1,PEPTIDE1,1:R1-7:R2$$$",-5.95500000,ok,,flexible
"PEPTIDE1{meL.pentyl_Gly.Mono38.L.I.T.P}$PEPTIDE1,PEPTIDE1,1:R1-7:R2$$$",-4.84000000,ok,,flexible
"PEPTIDE1{Me_dA.meF.meV.meL.dP.F.meA}$PEPTIDE1,PEPTIDE1,1:R1-7:R2$$$",-6.10800000,ok,,flexible
"PEPTIDE1{Me_dA.G.F.meL.I.Me_Phe(3-Cl).P}$PEPTIDE1,PEPTIDE1,1:R1-7:R2$$$",-5.83900000,ok,,flexible
"PEPTIDE1{meA.L.A.Me_dL.F.meS.meS}$PEPTIDE1,PEPTIDE1,1:R1-7:R2$$$",-6.02200000,ok,,flexible
"PEPTIDE1{dA.P.meA.meL.Me_dL.dP.I}$PEPTIDE1,PEPTIDE1,1:R1-7:R2$$$",-6.08000000,ok,,flexible
"PEPTIDE1{Me_dA.A.dP.T.Ala(5-Tet).meA.Me_dL}$PEPTIDE1,PEPTIDE1,1:R1-7:R2$$$",-7.07700000,ok,,flexible
"PEPTIDE1{Sar.cHexCH2_Gly.Ser(tBu).I.dL.L.L}$PEPTIDE1,PEPTIDE1,1:R1-7:R2$$$",-5.56200000,ok,,flexible
"PEPTIDE1{Me_dA.F.dA.meA.Ser(tBu).V.meL}$PEPTIDE1,PEPTIDE1,1:R1-7:R2$$$",-5.65000000,ok,,flexible
"PEPTIDE1{Sar.Ser(tBu).meA.Me_dL.G.L.dL}$PEPTIDE1,PEPTIDE1,1:R1-7:R2$$$",-5.54400000,ok,,flexible
"PEPTIDE1{meL.meL.L.Abu.meA.Aoc(2).Me_dA}$PEPTIDE1,PEPTIDE1,1:R1-7:R2$$$",-5.12600000,ok,,flexible
"PEPTIDE1{A.A.meL.L.Sar.P.Ser(tBu)}$PEPTIDE1,PEPTIDE1,1:R1-7:R2$$$",-6.88000000,ok,,flexible
"PEPTIDE1{Me_Bal.Mono38.V.L.Me_dL.dL.F}$PEPTIDE1,PEPTIDE1,1:R1-7:R2$$$",-5.67500000,ok,,flexible
"PEPTIDE1{L.Sar.T.meL.3Pal.meA.Ser(tBu)}$PEPTIDE1,PEPTIDE1,1:R1-7:R2$$$",-5.43000000,ok,,flexible
"PEPTIDE1{meA.A.P.L.meL.T.Me_dA}$PEPTIDE1,PEPTIDE1,1:R1-7:R2$$$",-6.90600000,ok,,flexible
"PEPTIDE1{dV.P.L.pentyl_Gly.A.dL.Me_Phe(3-Cl)}$PEPTIDE1,PEPTIDE1,1:R1-7:R2$$$",-6.03700000,ok,,flexible
"PEPTIDE1{dA.L.A.V.meL.F.meA}$PEPTIDE1,PEPTIDE1,1:R1-7:R2$$$",-5.95000000,ok,,flexible
"PEPTIDE1{L.Me_dL.T.meV.meA.meF.dL}$PEPTIDE1,PEPTIDE1,1:R1-7:R2$$$",-5.99500000,ok,,flexible
"PEPTIDE1{dA.A.meV.T.F.meA.meA}$PEPTIDE1,PEPTIDE1,1:R1-7:R2$$$",-6.18600000,ok,,flexible
"PEPTIDE1{Me_dA.meA.V.F.meV.I.L}$PEPTIDE1,PEPTIDE1,1:R1-7:R2$$$",-6.18800000,ok,,flexible
"PEPTIDE1{dV.T.L.meS.meL.P.meA}$PEPTIDE1,PEPTIDE1,1:R1-7:R2$$$",-5.69100000,ok,,flexible
"PEPTIDE1{meA.F.A.Me_dL.dL.I.meL}$PEPTIDE1,PEPTIDE1,1:R1-7:R2$$$",-6.15600000,ok,,flexible
"PEPTIDE1{dF.A.L.Et_Gly.meL.Ser(tBu).L}$PEPTIDE1,PEPTIDE1,1:R1-7:R2$$$",-4.80700000,ok,,flexible
"PEPTIDE1{L.Abu.P.meF.A.P.T}$PEPTIDE1,PEPTIDE1,1:R1-7:R2$$$",-6.48800000,ok,,flexible
"PEPTIDE1{Pr_Gly.meA.meF.Me_dL.dA.F.V}$PEPTIDE1,PEPTIDE1,1:R1-7:R2$$$",-6.33100000,ok,,flexible
"PEPTIDE1{A.L.P.meV.Me_dL.meA.meF}$PEPTIDE1,PEPTIDE1,1:R1-7:R2$$$",-6.45400000,ok,,flexible
"PEPTIDE1{meA.A.I.Mono84.meL.L.P}$PEPTIDE1,PEPTIDE1,1:R1-7:R2$$$",-5.95900000,ok,,flexible
"PEPTIDE1{meA.A.Abu.Ala(5-Tet).L.Sar.Aoc(2)}$PEPTIDE1,PEPTIDE1,1:R1-7:R2$$$",-5.40900000,ok,,flexible
"PEPTIDE1{L.I.dP.dL.P.meA.meL}$PEPTIDE1,PEPTIDE1,1:R1-7:R2$$$",-5.88400000,ok,,flexible
"PEPTIDE1{dV.I.V.T.meL.3Pal.meF}$PEPTIDE1,PEPTIDE1,1:R1-7:R2$$$",-5.68000000,ok,,flexible
"PEPTIDE1{L.A.T.meL.Me_dL.meS.meA}$PEPTIDE1,PEPTIDE1,1:R1-7:R2$$$",-5.33200000,ok,,flexible
"PEPTIDE1{dF.Me_dL.Ala(5-Tet).meF.T.meL.meS}$PEPTIDE1,PEPTIDE1,1:R1-7:R2$$$",-5.80800000,ok,,flexible
"PEPTIDE1{A.Abu.T.meS.meL.Me_dL.meL}$PEPTIDE1,PEPTIDE1,1:R1-7:R2$$$",-5.39300000,ok,,flexible
"PEPTIDE1{dV.L.meL.A.meA.Sar.meI}$PEPTIDE1,PEPTIDE1,1:R1-7:R2$$$",-5.74000000,ok,,flexible
"PEPTIDE1{dA.dL.Ser(tBu).A.T.L.L}$PEPTIDE1,PEPTIDE1,1:R1-7:R2$$$",-5.12700000,ok,,flexible
"PEPTIDE1{Me_Bal.meA.meF.Abu.T.meL.Me_dL}$PEPTIDE1,PEPTIDE1,1:R1-7:R2$$$",-5.47300000,ok,,flexible
"PEPTIDE1{meL.T.L.Phe(4-CF3).F.V.T}$PEPTIDE1,PEPTIDE1,1:R1-7:R2$$$",-6.03800000,ok,,flexible
"PEPTIDE1{dV.T.Aoc(2).Abu.meL.T.L}$PEPTIDE1,PEPTIDE1,1:R1-7:R2$$$",-5.27100000,ok,,flexible
"PEPTIDE1{dF.Sar.Abu.Ala(5-Tet).dL.A.meL}$PEPTIDE1,PEPTIDE1,1:R1-7:R2$$$",-6.13900000,ok,,flexible
"PEPTIDE1{A.meL.V.meF.L.Me_dL.meA}$PEPTIDE1,PEPTIDE1,1:R1-7:R2$$$",-5.99800000,ok,,flexible
"PEPTIDE1{dA.Ser(tBu).L.T.dL.P.L}$PEPTIDE1,PEPTIDE1,1:R1-7:R2$$$",-5.91300000,ok,,flexible
"PEPTIDE1{Pr_Gly.meA.meV.Me_dL.L.meL.I}$PEPTIDE1,PEPTIDE1,1:R1-7:R2$$$",-4.98900000,ok,,flexible
"PEPTIDE1{dV.pentyl_Gly.Ser(tBu).P.dL.F.L}$PEPTIDE1,PEPTIDE1,1:R1-7:R2$$$",-5.04000000,ok,,flexible
"PEPTIDE1{meL.L.T.meL.dA.Abu.Sar}$PEPTIDE1,PEPTIDE1,1:R1-7:R2$$$",-6.53000000,ok,,flexible
"PEPTIDE1{Me_dA.dP.meS.P.T.meA.meF}$PEPTIDE1,PEPTIDE1,1:R1-7:R2$$$",-6.82700000,ok,,flexible
"PEPTIDE1{Me_Bal.T.Sar.L.dP.meL.dL}$PEPTIDE1,PEPTIDE1,1:R1-7:R2$$$",-5.94600000,ok,,flexible
"PEPTIDE1{meA.T.Abu.Sar.A.meF.meL}$PEPTIDE1,PEPTIDE1,1:R1-7:R2$$$",-6.12100000,ok,,flexible
"PEPTIDE1{dA.dP.meL.Aoc(2).meS.L.A}$PEPTIDE1,PEPTIDE1,1:R1-7:R2$$$",-5.82200000,ok,,flexible
"PEPTIDE1{dP.meA.meF.meL.Me_dL.Me_dA.meV}$PEPTIDE1,PEPTIDE1,1:R1-7:R2$$$",-6.13400000,ok,,flexible
"PEPTIDE1{dF.meL.T.Aoc(2).meA.Ala(5-Tet).A}$PEPTIDE1,PEPTIDE1,1:R1-7:R2$$$",-5.70900000,ok,,flexible
"PEPTIDE1{dA.A.L.meA.Me_dL.V.I}$PEPTIDE1,PEPTIDE1,1:R1-7:R2$$$",-6.36300000,ok,,flexible
"PEPTIDE1{meA.dP.A.L.Ala(5-Tet).meF.T}$PEPTIDE1,PEPTIDE1,1:R1-7:R2$$$",-6.72500000,ok,,flexible
"PEPTIDE1{Pr_Gly.A.V.meL.meA.T.Me_dA}$PEPTIDE1,PEPTIDE1,1:R1-7:R2$$$",-5.51500000,ok,,flexible
"PEPTIDE1{Me_dA.T.dP.T.P.meA.V}$PEPTIDE1,PEPTIDE1,1:R1-7:R2$$$",-6.81300000,ok,,flexible
"PEPTIDE1{Me_dA.meL.T.meL.Ala(5-Tet).Abu.L}$PEPTIDE1,PEPTIDE1,1:R1-7:R2$$$",-5.18900000,ok,,flexible
"PEPTIDE1{Pr_Gly.Me_dL.Me_dA.Me_dA.V.L.T}$PEPTIDE1,PEPTIDE1,1:R1-7:R2$$$",-6.22700000,ok,,flexible
"PEPTIDE1{Pr_Gly.L.A.meL.T.dA.Sar}$PEPTIDE1,PEPTIDE1,1:R1-7:R2$$$",-6.17900000,ok,,flexible
"PEPTIDE1{Me_dA.meV.cHexCH2_Gly.V.I.Ser(tBu).dL}$PEPTIDE1,PEPTIDE1,1:R1-7:R2$$$",-5.24100000,ok,,flexible
"PEPTIDE1{A.F.dL.L.T.G.meF}$PEPTIDE1,PEPTIDE1,1:R1-7:R2$$$",-6.06200000,ok,,flexible
"PEPTIDE1{A.dPye.F.L.meA.Pr_Gly.dV}$PEPTIDE1,PEPTIDE1,1:R1-7:R2$$$",-5.78800000,ok,,flexible
"PEPTIDE1{P.bHph.Pr_Gly.A.F.I.dL}$PEPTIDE1,PEPTIDE1,1:R1-7:R2$$$",-6.49000000,ok,,flexible
"PEPTIDE1{Mono6.P.meA.meL.L.A.Me_dA}$PEPTIDE1,PEPTIDE1,1:R1-7:R2$$$",-7.01300000,ok,,flexible
"PEPTIDE1{meL.meS.dL.L.T.meF.A}$PEPTIDE1,PEPTIDE1,1:R1-7:R2$$$",-5.68100000,ok,,flexible
"PEPTIDE1{Mono6.T.meL.T.Bn_Gly.meA.Sar}$PEPTIDE1,PEPTIDE1,1:R1-7:R2$$$",-6.41000000,ok,,flexible
"PEPTIDE1{Me_dA.meS.Ala(5-Tet).meA.Abu.Sar.P}$PEPTIDE1,PEPTIDE1,1:R1-7:R2$$$",-6.44200000,ok,,flexible
"PEPTIDE1{Me_dA.Me_dL.V.T.I.Ser(tBu).G}$PEPTIDE1,PEPTIDE1,1:R1-7:R2$$$",-6.36200000,ok,,flexible
"PEPTIDE1{Me_dA.meL.T.meF.meS.T.Abu}$PEPTIDE1,PEPTIDE1,1:R1-7:R2$$$",-6.42700000,ok,,flexible
"PEPTIDE1{dA.Sar.F.A.L.dL.meV}$PEPTIDE1,PEPTIDE1,1:R1-7:R2$$$",-5.78400000,ok,,flexible
"PEPTIDE1{Me_Bal.meF.Ser(tBu).T.dL.L.I}$PEPTIDE1,PEPTIDE1,1:R1-7:R2$$$",-5.08700000,ok,,flexible
"PEPTIDE1{dV.T.Me_dL.Me_dL.meF.P.L}$PEPTIDE1,PEPTIDE1,1:R1-7:R2$$$",-5.64700000,ok,,flexible
"PEPTIDE1{Me_dA.dP.T.T.Me_dL.L.meA}$PEPTIDE1,PEPTIDE1,1:R1-7:R2$$$",-5.97600000,ok,,flexible
"PEPTIDE1{Pr_Gly.meL.L.meY.Me_dA.meA.Me_dA}$PEPTIDE1,PEPTIDE1,1:R1-7:R2$$$",-5.80400000,ok,,flexible
"PEPTIDE1{dV.Pr_Gly.meL.Me_dL.F.L.T}$PEPTIDE1,PEPTIDE1,1:R1-7:R2$$$",-5.16000000,ok,,flexible
"PEPTIDE1{Pr_Gly.L.P.dP.meL.dL.Me_dL}$PEPTIDE1,PEPTIDE1,1:R1-7:R2$$$",-5.21700000,ok,,flexible
"PEPTIDE1{A.Me_Phe(3-Cl).meA.Aib.V.Pr_Gly.dA}$PEPTIDE1,PEPTIDE1,1:R1-7:R2$$$",-6.64300000,ok,,flexible
"PEPTIDE1{meL.meS.Ala(5-Tet).Abu.F.meA.A}$PEPTIDE1,PEPTIDE1,1:R1-7:R2$$$",-5.92100000,ok,,flexible
"PEPTIDE1{meA.meL.Ser(tBu).P.A.I.meV}$PEPTIDE1,PEPTIDE1,1:R1-7:R2$$$",-5.78200000,ok,,flexible
"PEPTIDE1{Me_dA.A.L.meL.Ser(tBu).dL.T}$PEPTIDE1,PEPTIDE1,1:R1-7:R2$$$",-6.91800000,ok,,flexible
"PEPTIDE1{Mono6.L.dP.Ala(5-Tet).A.meS.meA}$PEPTIDE1,PEPTIDE1,1:R1-7:R2$$$",-6.51700000,ok,,flexible
"PEPTIDE1{Me_Bal.A.meL.Me_dL.L.V.T}$PEPTIDE1,PEPTIDE1,1:R1-7:R2$$$",-5.60400000,ok,,flexible
"PEPTIDE1{Mono6.meV.L.A.I.T.V}$PEPTIDE1,PEPTIDE1,1:R1-7:R2$$$",-5.08600000,ok,,flexible
"PEPTIDE1{Me_dA.Pr_Gly.V.meL.L.T.A}$PEPTIDE1,PEPTIDE1,1:R1-7:R2$$$",-5.93900000,ok,,flexible
"PEPTIDE1{Me_Bal.T.meL.F.Ser(tBu).Aoc(2).Pr_Gly}$PEPTIDE1,PEPTIDE1,1:R1-7:R2$$$",-5.53600000,ok,,flexible
"PEPTIDE1{meA.dP.dL.meF.I.L.T}$PEPTIDE1,PEPTIDE1,1:R1-7:R2$$$",-5.83500000,ok,,flexible
"PEPTIDE1{L.Mono38.cHexCH2_Gly.pentyl_Gly.L.meF.dL}$PEPTIDE1,PEPTIDE1,1:R1-7:R2$$$",-4.94300000,ok,,flexible
"PEPTIDE1{A.dP.meL.T.L.Me_dA.meA}$PEPTIDE1,PEPTIDE1,1:R1-7:R2$$$",-6.23100000,ok,,flexible
"PEPTIDE1{dV.meL.dPye.meA.meF.V.Me_dL}$PEPTIDE1,PEPTIDE1,1:R1-7:R2$$$",-5.22400000,ok,,flexible
"PEPTIDE1{meA.A.Me_dL.meF.Ser(tBu).meL.V}$PEPTIDE1,PEPTIDE1,1:R1-7:R2$$$",-5.92300000,ok,,flexible
"PEPTIDE1{dV.T.A.meS.L.meA.Me_dA}$PEPTIDE1,PEPTIDE1,1:R1-7:R2$$$",-6.53800000,ok,,flexible
"PEPTIDE1{meL.Phe(4-CF3).T.dL.I.dA.A}$PEPTIDE1,PEPTIDE1,1:R1-7:R2$$$",-5.74900000,ok,,flexible
"PEPTIDE1{meA.Mono38.meL.L.dV.dL.Me_dA}$PEPTIDE1,PEPTIDE1,1:R1-7:R2$$$",-6.08300000,ok,,flexible
"PEPTIDE1{Me_dA.T.meS.Me_dL.Sar.dL.L}$PEPTIDE1,PEPTIDE1,1:R1-7:R2$$$",-6.31200000,ok,,flexible
"PEPTIDE1{Me_dA.meF.P.meL.Me_dL.meA.dP}$PEPTIDE1,PEPTIDE1,1:R1-7:R2$$$",-6.63300000,ok,,flexible
"PEPTIDE1{dP.Pr_Gly.meA.V.G.meF.T}$PEPTIDE1,PEPTIDE1,1:R1-7:R2$$$",-6.33400000,ok,,flexible
"PEPTIDE1{Me_Bal.F.L.dP.meF.meL.L}$PEPTIDE1,PEPTIDE1,1:R1-7:R2$$$",-5.83300000,ok,,flexible
"PEPTIDE1{meA.A.meS.Abu.Me_dA.dV.Aoc(2)}$PEPTIDE1,PEPTIDE1,1:R1-7:R2$$$",-6.37300000,ok,,flexible
"PEPTIDE1{Mono6.3Pal.Mono38.L.T.dL.meA}$PEPTIDE1,PEPTIDE1,1:R1-7:R2$$$",-5.68300000,ok,,flexible
"PEPTIDE1{dA.dP.meA.Me_dL.A.L.dL}$PEPTIDE1,PEPTIDE1,1:R1-7:R2$$$",-5.86800000,ok,,flexible
"PEPTIDE1{P.Pr_Gly.V.Ser(tBu).L.meI.Me_dL}$PEPTIDE1,PEPTIDE1,1:R1-7:R2$$$",-5.24500000,ok,,flexible
"PEPTIDE1{dA.F.Me_dL.T.T.L.dL}$PEPTIDE1,PEPTIDE1,1:R1-7:R2$$$",-5.65700000,ok,,flexible
"PEPTIDE1{dA.Aib.A.Me_dA.meA.V.T}$PEPTIDE1,PEPTIDE1,1:R1-7:R2$$$",-6.10900000,ok,,flexible
"PEPTIDE1{Me_Bal.A.A.meA.G.V.meL}$PEPTIDE1,PEPTIDE1,1:R1-7:R2$$$",-6.33500000,ok,,flexible
"PEPTIDE1{A.meA.meF.meL.L.Abu.meL}$PEPTIDE1,PEPTIDE1,1:R1-7:R2$$$",-6.24200000,ok,,flexible
"PEPTIDE1{Me_dA.Ala(5-Tet).T.meA.meS.Abu.Sar}$PEPTIDE1,PEPTIDE1,1:R1-7:R2$$$",-5.83400000,ok,,flexible
"PEPTIDE1{A.meL.Me_dL.dL.meS.Me_Phe(3-Cl).meA}$PEPTIDE1,PEPTIDE1,1:R1-7:R2$$$",-5.47300000,ok,,flexible
"PEPTIDE1{A.pentyl_Gly.I.dL.T.T.meA}$PEPTIDE1,PEPTIDE1,1:R1-7:R2$$$",-5.33800000,ok,,flexible
"PEPTIDE1{Mono6.T.F.meL.L.meL.Me_dL}$PEPTIDE1,PEPTIDE1,1:R1-7:R2$$$",-5.48400000,ok,,flexible
"PEPTIDE1{dV.A.pentyl_Gly.Mono84.P.3Pal.I}$PEPTIDE1,PEPTIDE1,1:R1-7:R2$$$",-7.02900000,ok,,flexible
"PEPTIDE1{F.dP.T.T.dL.meS.L}$PEPTIDE1,PEPTIDE1,1:R1-7:R2$$$",-5.94200000,ok,,flexible
"PEPTIDE1{A.meA.meF.I.T.F.meL}$PEPTIDE1,PEPTIDE1,1:R1-7:R2$$$",-6.09300000,ok,,flexible
"PEPTIDE1{Me_dA.dL.Pr_Gly.dPye.dP.Me_dL.P}$PEPTIDE1,PEPTIDE1,1:R1-7:R2$$$",-5.03700000,ok,,flexible
"PEPTIDE1{Me_dA.Abu.L.meS.Ala(5-Tet).meL.meF}$PEPTIDE1,PEPTIDE1,1:R1-7:R2$$$",-5.70900000,ok,,flexible
"PEPTIDE1{F.Me_Abu.Me_dL.dP.P.meL.Me_dA}$PEPTIDE1,PEPTIDE1,1:R1-7:R2$$$",-6.36000000,ok,,flexible
"PEPTIDE1{dA.meL.T.meF.Me_dL.L.dL}$PEPTIDE1,PEPTIDE1,1:R1-7:R2$$$",-5.35500000,ok,,flexible
"PEPTIDE1{Me_dA.L.V.meL.T.meL.meA}$PEPTIDE1,PEPTIDE1,1:R1-7:R2$$$",-5.42200000,ok,,flexible
"PEPTIDE1{dV.meA.A.Abu.L.Me_dL.T}$PEPTIDE1,PEPTIDE1,1:R1-7:R2$$$",-5.97100000,ok,,flexible
"PEPTIDE1{Mono6.dP.meA.Me_dL.meS.meL.meF}$PEPTIDE1,PEPTIDE1,1:R1-7:R2$$$",-6.29500000,ok,,flexible
"PEPTIDE1{dA.V.I.meA.Me_dL.T.F}$PEPTIDE1,PEPTIDE1,1:R1-7:R2$$$",-5.61100000,ok,,flexible
"PEPTIDE1{meA.A.L.meL.Me_dL.meF.F}$PEPTIDE1,PEPTIDE1,1:R1-7:R2$$$",-5.74100000,ok,,flexible
"PEPTIDE1{Me_Bal.A.Me_dA.Me_dL.meA.meL.T}$PEPTIDE1,PEPTIDE1,1:R1-7:R2$$$",-6.67000000,ok,,flexible
"PEPTIDE1{F.A.pentyl_Gly.cHexCH2_Gly.Ser(tBu).Mono84.V}$PEPTIDE1,PEPTIDE1,1:R1-7:R2$$$",-6.13600000,ok,,flexible
"PEPTIDE1{Pr_Gly.T.L.meA.A.T.meL}$PEPTIDE1,PEPTIDE1,1:R1-7:R2$$$",-5.38700000,ok,,flexible
"PEPTIDE1{dA.T.L.T.meL.L.meA}$PEPTIDE1,PEPTIDE1,1:R1-7:R2$$$",-5.60400000,ok,,flexible
"PEPTIDE1{A.meL.L.L.Me_dL.dL.T}$PEPTIDE1,PEPTIDE1,1:R1-7:R2$$$",-6.38900000,ok,,flexible
"PEPTIDE1{Mono6.L.meL.V.Sar.F.meL}$PEPTIDE1,PEPTIDE1,1:R1-7:R2$$$",-5.57200000,ok,,flexible
"PEPTIDE1{A.meL.Me_dL.pentyl_Gly.L.T.Ser(tBu)}$PEPTIDE1,PEPTIDE1,1:R1-7:R2$$$",-5.04500000,ok,,flexible
"PEPTIDE1{meA.Mono38.T.dL.L.G.Me_dL}$PEPTIDE1,PEPTIDE1,1:R1-7:R2$$$",-5.27700000,ok,,flexible
"PEPTIDE1{meL.Me_dL.meA.Ala(5-Tet).A.Me_dA.L}$PEPTIDE1,PEPTIDE1,1:R1-7:R2$$$",-6.00100000,ok,,flexible
"PEPTIDE1{A.meF.L.meL.V.meA.I}$PEPTIDE1,PEPTIDE1,1:R1-7:R2$$$",-5.62900000,ok,,flexible
"PEPTIDE1{meA.G.meL.A.meF.meL.I}$PEPTIDE1,PEPTIDE1,1:R1-7:R2$$$",-6.20500000,ok,,flexible
"PEPTIDE1{meA.Me_dL.meL.meA.T.V.L}$PEPTIDE1,PEPTIDE1,1:R1-7:R2$$$",-5.24700000,ok,,flexible
"PEPTIDE1{Me_Bal.I.Mono38.dL.Mono86.Ser(tBu).F}$PEPTIDE1,PEPTIDE1,1:R1-7:R2$$$",-5.58300000,ok,,flexible
"PEPTIDE1{meL.T.I.dL.meS.Me_dA.meS}$PEPTIDE1,PEPTIDE1,1:R1-7:R2$$$",-5.08800000,ok,,flexible
"PEPTIDE1{meL.Abu.meS.L.A.meF.T}$PEPTIDE1,PEPTIDE1,1:R1-7:R2$$$",-5.62300000,ok,,flexible
"PEPTIDE1{meA.Pr_Gly.F.L.dV.A.dL}$PEPTIDE1,PEPTIDE1,1:R1-7:R2$$$",-5.54100000,ok,,flexible
"PEPTIDE1{dF.L.meS.T.A.Me_dA.Abu}$PEPTIDE1,PEPTIDE1,1:R1-7:R2$$$",-6.39800000,ok,,flexible
"PEPTIDE1{Pr_Gly.Me_dA.P.meF.meA.Ser(tBu).L}$PEPTIDE1,PEPTIDE1,1:R1-7:R2$$$",-5.50700000,ok,,flexible
"PEPTIDE1{Mono6.dP.Me_dL.A.meL.Me_dA.T}$PEPTIDE1,PEPTIDE1,1:R1-7:R2$$$",-6.16300000,ok,,flexible
"PEPTIDE1{dV.meS.A.dA.meA.T.meA}$PEPTIDE1,PEPTIDE1,1:R1-7:R2$$$",-6.48500000,ok,,flexible
"PEPTIDE1{Me_dA.meA.meF.T.Me_dL.Me_Phe(3-Cl).dL}$PEPTIDE1,PEPTIDE1,1:R1-7:R2$$$",-6.71800000,ok,,flexible
"PEPTIDE1{P.meL.meA.Me_Phe(3-Cl).A.Me_dA.dL}$PEPTIDE1,PEPTIDE1,1:R1-7:R2$$$",-7.35900000,ok,,flexible
"PEPTIDE1{meA.L.V.G.meL.I.T}$PEPTIDE1,PEPTIDE1,1:R1-7:R2$$$",-5.35700000,ok,,flexible
"PEPTIDE1{Me_dA.Pr_Gly.dL.V.P.meL.I}$PEPTIDE1,PEPTIDE1,1:R1-7:R2$$$",-5.22600000,ok,,flexible
"PEPTIDE1{Me_Bal.Me_Phe(3-Cl).dL.A.L.dP.Ser(tBu)}$PEPTIDE1,PEPTIDE1,1:R1-7:R2$$$",-5.72200000,ok,,flexible
"PEPTIDE1{Me_Bal.Me_Phe(3-Cl).meL.dL.A.P.Me_dL}$PEPTIDE1,PEPTIDE1,1:R1-7:R2$$$",-6.22800000,ok,,flexible
"PEPTIDE1{Me_Bal.A.P.meL.Ser(tBu).meA.meA}$PEPTIDE1,PEPTIDE1,1:R1-7:R2$$$",-6.14500000,ok,,flexible
"PEPTIDE1{A.V.L.meA.dP.dL.T}$PEPTIDE1,PEPTIDE1,1:R1-7:R2$$$",-6.01600000,ok,,flexible
"PEPTIDE1{dV.A.meL.meA.Me_dA.meF.Me_dL}$PEPTIDE1,PEPTIDE1,1:R1-7:R2$$$",-6.26000000,ok,,flexible
"PEPTIDE1{Mono6.Bn_Gly.T.A.F.T.meF}$PEPTIDE1,PEPTIDE1,1:R1-7:R2$$$",-6.26200000,ok,,flexible
"PEPTIDE1{dF.Mono38.A.meL.L.Mono84.I}$PEPTIDE1,PEPTIDE1,1:R1-7:R2$$$",-6.11900000,ok,,flexible
"PEPTIDE1{dA.Mono38.A.I.T.dL.Aoc(2)}$PEPTIDE1,PEPTIDE1,1:R1-7:R2$$$",-5.66800000,ok,,flexible
"PEPTIDE1{A.T.T.meA.F.Me_dL.V}$PEPTIDE1,PEPTIDE1,1:R1-7:R2$$$",-6.18300000,ok,,flexible
"PEPTIDE1{Pr_Gly.dPye.Ser(tBu).meL.meL.meA.P}$PEPTIDE1,PEPTIDE1,1:R1-7:R2$$$",-4.99000000,ok,,flexible
"PEPTIDE1{F.cHexCH2_Gly.A.Mono84.meL.dL.I}$PEPTIDE1,PEPTIDE1,1:R1-7:R2$$$",-5.85400000,ok,,flexible
"PEPTIDE1{Me_dA.Sar.P.meL.T.Mono78.Ser(tBu)}$PEPTIDE1,PEPTIDE1,1:R1-7:R2$$$",-6.83400000,ok,,flexible
"PEPTIDE1{meA.A.Me_dA.L.dL.V.Me_dL}$PEPTIDE1,PEPTIDE1,1:R1-7:R2$$$",-5.80000000,ok,,flexible
"PEPTIDE1{Me_Bal.meL.V.G.A.A.L}$PEPTIDE1,PEPTIDE1,1:R1-7:R2$$$",-5.93300000,ok,,flexible
"PEPTIDE1{dA.meA.Me_dL.dP.T.meL.dL}$PEPTIDE1,PEPTIDE1,1:R1-7:R2$$$",-6.85200000,ok,,flexible
"PEPTIDE1{meA.cHexCH2_Gly.L.V.Ser(tBu).I.A}$PEPTIDE1,PEPTIDE1,1:R1-7:R2$$$",-5.56300000,ok,,flexible
"PEPTIDE1{Me_dA.meL.A.dP.dL.meF.meL}$PEPTIDE1,PEPTIDE1,1:R1-7:R2$$$",-5.98500000,ok,,flexible
"PEPTIDE1{dV.meA.V.T.dL.meV.A}$PEPTIDE1,PEPTIDE1,1:R1-7:R2$$$",-5.83100000,ok,,flexible
"PEPTIDE1{meL.meS.T.Sar.A.L.dA}$PEPTIDE1,PEPTIDE1,1:R1-7:R2$$$",-5.52200000,ok,,flexible
"PEPTIDE1{dV.P.T.V.F.meL.meL}$PEPTIDE1,PEPTIDE1,1:R1-7:R2$$$",-5.82500000,ok,,flexible
"PEPTIDE1{meA.meA.Me_dA.Me_dL.dP.meF.V}$PEPTIDE1,PEPTIDE1,1:R1-7:R2$$$",-6.30100000,ok,,flexible
"PEPTIDE1{meA.Pr_Gly.L.dL.V.Me_dL.meF}$PEPTIDE1,PEPTIDE1,1:R1-7:R2$$$",-5.25400000,ok,,flexible
"PEPTIDE1{dV.Me_dA.L.meV.V.Ser(tBu).meI}$PEPTIDE1,PEPTIDE1,1:R1-7:R2$$$",-5.80100000,ok,,flexible
"PEPTIDE1{A.L.meA.V.Ser(tBu).meL.meL}$PEPTIDE1,PEPTIDE1,1:R1-7:R2$$$",-5.38300000,ok,,flexible
"PEPTIDE1{dA.L.T.meA.T.meV.meF}$PEPTIDE1,PEPTIDE1,1:R1-7:R2$$$",-6.08100000,ok,,flexible
"PEPTIDE1{meA.meL.Me_dA.L.Me_dL.meS.meA}$PEPTIDE1,PEPTIDE1,1:R1-7:R2$$$",-5.79700000,ok,,flexible
"PEPTIDE1{Me_Bal.Me_dAbu.meF.meA.Abu.dP.Sar}$PEPTIDE1,PEPTIDE1,1:R1-7:R2$$$",-6.71100000,ok,,flexible
"PEPTIDE1{Me_Bal.Pr_Gly.dPye.Me_dL.dL.I.F}$PEPTIDE1,PEPTIDE1,1:R1-7:R2$$$",-5.27500000,ok,,flexible
"PEPTIDE1{dV.A.meL.L.Ala(5-Tet).Me_dA.meF}$PEPTIDE1,PEPTIDE1,1:R1-7:R2$$$",-6.71000000,ok,,flexible
"PEPTIDE1{meL.L.meS.L.Abu.dL.meS}$PEPTIDE1,PEPTIDE1,1:R1-7:R2$$$",-5.11000000,ok,,flexible
"PEPTIDE1{dF.meA.V.P.meL.L.meF}$PEPTIDE1,PEPTIDE1,1:R1-7:R2$$$",-6.09000000,ok,,flexible
"PEPTIDE1{Me_Bal.Me_dA.A.meL.L.Ser(tBu).meF}$PEPTIDE1,PEPTIDE1,1:R1-7:R2$$$",-6.51200000,ok,,flexible
"PEPTIDE1{meA.Me_dL.L.dL.meL.Me_dA.dP}$PEPTIDE1,PEPTIDE1,1:R1-7:R2$$$",-6.30000000,ok,,flexible
"PEPTIDE1{dF.Me_dA.meL.Me_dA.Me_dL.Me_Abu.P}$PEPTIDE1,PEPTIDE1,1:R1-7:R2$$$",-5.61900000,ok,,flexible
"PEPTIDE1{dA.pentyl_Gly.dL.L.P.dP.cHexCH2_Gly}$PEPTIDE1,PEPTIDE1,1:R1-7:R2$$$",-5.38000000,ok,,flexible
"PEPTIDE1{Me_dA.L.Abu.Me_dL.dP.meL.A}$PEPTIDE1,PEPTIDE1,1:R1-7:R2$$$",-5.77700000,ok,,flexible
"PEPTIDE1{dA.L.meF.F.V.dL.meA}$PEPTIDE1,PEPTIDE1,1:R1-7:R2$$$",-6.09800000,ok,,flexible
"PEPTIDE1{Pr_Gly.dL.meL.meA.L.P.Me_dL}$PEPTIDE1,PEPTIDE1,1:R1-7:R2$$$",-5.70500000,ok,,flexible
"PEPTIDE1{Me_dA.A.meA.L.Sar.meS.dL}$PEPTIDE1,PEPTIDE1,1:R1-7:R2$$$",-6.62400000,ok,,flexible
"PEPTIDE1{meA.L.I.T.dP.meF.meL}$PEPTIDE1,PEPTIDE1,1:R1-7:R2$$$",-6.24400000,ok,,flexible
"PEPTIDE1{dF.dP.meA.meL.dL.L.Me_dA}$PEPTIDE1,PEPTIDE1,1:R1-7:R2$$$",-6.47500000,ok,,flexible
"PEPTIDE1{L.meL.T.Abu.meF.meS.Aoc(2)}$PEPTIDE1,PEPTIDE1,1:R1-7:R2$$$",-5.67400000,ok,,flexible
"PEPTIDE1{dA.T.dL.meA.V.Me_dA.meA}$PEPTIDE1,PEPTIDE1,1:R1-7:R2$$$",-6.18800000,ok,,flexible
"PEPTIDE1{Me_dA.F.L.I.dL.Me_dL.T}$PEPTIDE1,PEPTIDE1,1:R1-7:R2$$$",-6.13200000,ok,,flexible
"PEPTIDE1{dA.Ala(5-Tet).Me_dL.Aoc(2).A.T.dL}$PEPTIDE1,PEPTIDE1,1:R1-7:R2$$$",-5.82800000,ok,,flexible
"PEPTIDE1{dA.cHexCH2_Gly.meV.I.Ser(tBu).Sar.V}$PEPTIDE1,PEPTIDE1,1:R1-7:R2$$$",-5.42300000,ok,,flexible
"PEPTIDE1{Me_dA.meL.meS.L.Me_dL.meA.T}$PEPTIDE1,PEPTIDE1,1:R1-7:R2$$$",-5.85700000,ok,,flexible
"PEPTIDE1{P.F.cHexCH2_Gly.Ser(tBu).A.L.dL}$PEPTIDE1,PEPTIDE1,1:R1-7:R2$$$",-5.61500000,ok,,flexible
"PEPTIDE1{A.Abu.meA.meL.meL.T.meS}$PEPTIDE1,PEPTIDE1,1:R1-7:R2$$$",-5.59800000,ok,,flexible
"PEPTIDE1{dA.Me_dL.dP.L.I.T.L}$PEPTIDE1,PEPTIDE1,1:R1-7:R2$$$",-5.56600000,ok,,flexible
"PEPTIDE1{A.F.Pr_Gly.V.G.dL.I}$PEPTIDE1,PEPTIDE1,1:R1-7:R2$$$",-6.07200000,ok,,flexible
"PEPTIDE1{dA.A.meA.meF.Ser(tBu).F.Me_dL}$PEPTIDE1,PEPTIDE1,1:R1-7:R2$$$",-6.33300000,ok,,flexible
"PEPTIDE1{Mono6.meL.meL.T.meF.L.A}$PEPTIDE1,PEPTIDE1,1:R1-7:R2$$$",-6.79700000,ok,,flexible
"PEPTIDE1{F.A.Abu.L.dL.meL.meA}$PEPTIDE1,PEPTIDE1,1:R1-7:R2$$$",-6.27100000,ok,,flexible
"PEPTIDE1{meA.P.V.T.meL.A.dP}$PEPTIDE1,PEPTIDE1,1:R1-7:R2$$$",-6.56700000,ok,,flexible
"PEPTIDE1{dV.meS.A.L.T.meL.meS}$PEPTIDE1,PEPTIDE1,1:R1-7:R2$$$",-5.71600000,ok,,flexible
"PEPTIDE1{F.P.Sar.T.L.meL.Me_dL}$PEPTIDE1,PEPTIDE1,1:R1-7:R2$$$",-6.08000000,ok,,flexible
"PEPTIDE1{Mono6.I.T.P.Ser(tBu).P.pentyl_Gly}$PEPTIDE1,PEPTIDE1,1:R1-7:R2$$$",-5.93800000,ok,,flexible
"PEPTIDE1{Mono6.Me_Nle.P.meF.L.Abu.meL}$PEPTIDE1,PEPTIDE1,1:R1-7:R2$$$",-6.08600000,ok,,flexible
"PEPTIDE1{L.dL.meL.Me_dL.F.Sar.L}$PEPTIDE1,PEPTIDE1,1:R1-7:R2$$$",-5.67200000,ok,,flexible
"PEPTIDE1{meA.meL.A.Abu.P.T.Me_dA}$PEPTIDE1,PEPTIDE1,1:R1-7:R2$$$",-6.21800000,ok,,flexible
"PEPTIDE1{F.L.Ala(5-Tet).A.Sar.meL.P}$PEPTIDE1,PEPTIDE1,1:R1-7:R2$$$",-6.67400000,ok,,flexible
"PEPTIDE1{meA.A.3Pal.Sar.L.meL.G}$PEPTIDE1,PEPTIDE1,1:R1-7:R2$$$",-5.75200000,ok,,flexible
"PEPTIDE1{meA.dP.meS.meL.meF.L.P}$PEPTIDE1,PEPTIDE1,1:R1-7:R2$$$",-5.84300000,ok,,flexible
"PEPTIDE1{F.A.dP.Ser(tBu).meL.L.meF}$PEPTIDE1,PEPTIDE1,1:R1-7:R2$$$",-5.81500000,ok,,flexible
"PEPTIDE1{meL.L.meF.Abu.meA.meS.Aoc(2)}$PEPTIDE1,PEPTIDE1,1:R1-7:R2$$$",-5.68600000,ok,,flexible
"PEPTIDE1{meA.Pr_Gly.meA.L.meL.P.Me_dA}$PEPTIDE1,PEPTIDE1,1:R1-7:R2$$$",-6.09200000,ok,,flexible
"PEPTIDE1{meL.L.Abu.A.meF.T.Aoc(2)}$PEPTIDE1,PEPTIDE1,1:R1-7:R2$$$",-5.61700000,ok,,flexible
"PEPTIDE1{dA.T.meA.A.meL.L.dP}$PEPTIDE1,PEPTIDE1,1:R1-7:R2$$$",-6.72900000,ok,,flexible
"PEPTIDE1{Mono6.V.L.meA.I.T.V}$PEPTIDE1,PEPTIDE1,1:R1-7:R2$$$",-6.42600000,ok,,flexible
"PEPTIDE1{F.dPye.meA.T.L.meF.meL}$PEPTIDE1,PEPTIDE1,1:R1-7:R2$$$",-5.01200000,ok,,flexible
"PEPTIDE1{dP.Me_dA.L.meA.L.meL.P}$PEPTIDE1,PEPTIDE1,1:R1-7:R2$$$",-6.21600000,ok,,flexible
"PEPTIDE1{dV.meL.meS.dP.meF.T.F}$PEPTIDE1,PEPTIDE1,1:R1-7:R2$$$",-6.01400000,ok,,flexible
"PEPTIDE1{A.Me_dA.meA.dL.meV.meL.Me_dL}$PEPTIDE1,PEPTIDE1,1:R1-7:R2$$$",-5.79900000,ok,,flexible
"PEPTIDE1{Mono6.meA.dP.dL.P.T.meA}$PEPTIDE1,PEPTIDE1,1:R1-7:R2$$$",-7.05900000,ok,,flexible
"PEPTIDE1{A.dA.Me_dL.F.meF.dP.P}$PEPTIDE1,PEPTIDE1,1:R1-7:R2$$$",-6.34400000,ok,,flexible
"PEPTIDE1{Pr_Gly.meL.I.T.meF.A.meI}$PEPTIDE1,PEPTIDE1,1:R1-7:R2$$$",-5.86200000,ok,,flexible
"PEPTIDE1{dV.Abu.meS.meL.meF.A.T}$PEPTIDE1,PEPTIDE1,1:R1-7:R2$$$",-6.09900000,ok,,flexible
"PEPTIDE1{Me_Bal.P.T.Me_dL.meA.L.V}$PEPTIDE1,PEPTIDE1,1:R1-7:R2$$$",-5.86800000,ok,,flexible
"PEPTIDE1{Me_dA.T.dP.P.Me_dL.meA.dL}$PEPTIDE1,PEPTIDE1,1:R1-7:R2$$$",-6.57500000,ok,,flexible
"PEPTIDE1{Mono6.dL.Me_dL.dP.T.F.A}$PEPTIDE1,PEPTIDE1,1:R1-7:R2$$$",-6.75800000,ok,,flexible
"PEPTIDE1{L.F.meS.meL.Ser(tBu).Aoc(2).Ala(5-Tet)}$PEPTIDE1,PEPTIDE1,1:R1-7:R2$$$",-4.88200000,ok,,flexible
"PEPTIDE1{Me_Bal.meA.Me_dL.meF.dL.T.F}$PEPTIDE1,PEPTIDE1,1:R1-7:R2$$$",-6.37800000,ok,,flexible
"PEPTIDE1{meL.P.meS.meA.Abu.A.T}$PEPTIDE1,PEPTIDE1,1:R1-7:R2$$$",-5.91400000,ok,,flexible
"PEPTIDE1{Mono6.Me_dL.dP.meA.L.meL.Abu}$PEPTIDE1,PEPTIDE1,1:R1-7:R2$$$",-5.76100000,ok,,flexible
"PEPTIDE1{Me_dA.meA.dP.V.L.I.dL}$PEPTIDE1,PEPTIDE1,1:R1-7:R2$$$",-6.03800000,ok,,flexible
"PEPTIDE1{Mono6.Ser(tBu).Me_dL.dP.L.T.P}$PEPTIDE1,PEPTIDE1,1:R1-7:R2$$$",-5.57900000,ok,,flexible
"PEPTIDE1{meA.Me_dL.dL.meL.Bn_Gly.F.P}$PEPTIDE1,PEPTIDE1,1:R1-7:R2$$$",-6.30700000,ok,,flexible
"PEPTIDE1{dA.meF.L.meA.V.T.meV}$PEPTIDE1,PEPTIDE1,1:R1-7:R2$$$",-6.07600000,ok,,flexible
"PEPTIDE1{F.pentyl_Gly.T.P.meL.Me_dL.Ser(tBu)}$PEPTIDE1,PEPTIDE1,1:R1-7:R2$$$",-4.90500000,ok,,flexible
"PEPTIDE1{dA.dP.meA.T.Ser(tBu).meI.A}$PEPTIDE1,PEPTIDE1,1:R1-7:R2$$$",-6.44300000,ok,,flexible
"PEPTIDE1{dF.cHexCH2_Gly.dL.T.A.Me_Phe(3-Cl).Aoc(2)}$PEPTIDE1,PEPTIDE1,1:R1-7:R2$$$",-5.83900000,ok,,flexible
"PEPTIDE1{L.meA.P.meL.T.L.F}$PEPTIDE1,PEPTIDE1,1:R1-7:R2$$$",-6.57600000,ok,,flexible
"PEPTIDE1{dV.T.Me_dL.L.A.meF.meL}$PEPTIDE1,PEPTIDE1,1:R1-7:R2$$$",-5.77300000,ok,,flexible
"PEPTIDE1{meA.A.A.meL.Pr_Gly.F.dA}$PEPTIDE1,PEPTIDE1,1:R1-7:R2$$$",-6.31300000,ok,,flexible
"PEPTIDE1{meA.Me_dL.meV.Me_dA.meA.Ser(tBu).L}$PEPTIDE1,PEPTIDE1,1:R1-7:R2$$$",-5.21800000,ok,,flexible
"PEPTIDE1{Me_Bal.A.T.pentyl_Gly.meL.dL.L}$PEPTIDE1,PEPTIDE1,1:R1-7:R2$$$",-5.36100000,ok,,flexible
"PEPTIDE1{meL.I.L.meS.Ala(5-Tet).dL.meF}$PEPTIDE1,PEPTIDE1,1:R1-7:R2$$$",-5.64800000,ok,,flexible
"PEPTIDE1{dA.Me_dL.Abu.meA.A.T.Ala(5-Tet)}$PEPTIDE1,PEPTIDE1,1:R1-7:R2$$$",-5.80600000,ok,,flexible
"PEPTIDE1{Mono6.pentyl_Gly.P.Et_Gly.A.L.Ser(tBu)}$PEPTIDE1,PEPTIDE1,1:R1-7:R2$$$",-6.01600000,ok,,flexible
"PEPTIDE1{meA.dL.meF.meL.T.Me_dL.meS}$PEPTIDE1,PEPTIDE1,1:R1-7:R2$$$",-5.64300000,ok,,flexible
"PEPTIDE1{Mono6.Me_dL.meS.Me_dA.dP.meS.meL}$PEPTIDE1,PEPTIDE1,1:R1-7:R2$$$",-6.19200000,ok,,flexible
"PEPTIDE1{dV.Aoc(2).meS.I.L.Ala(5-Tet).3Pal}$PEPTIDE1,PEPTIDE1,1:R1-7:R2$$$",-5.32400000,ok,,flexible
"PEPTIDE1{meA.Me_Nle.Mono84.L.dP.I.I}$PEPTIDE1,PEPTIDE1,1:R1-7:R2$$$",-5.34500000,ok,,flexible
"PEPTIDE1{A.L.P.meA.dP.meF.A}$PEPTIDE1,PEPTIDE1,1:R1-7:R2$$$",-6.50600000,ok,,flexible
"PEPTIDE1{Me_dA.L.T.V.dL.meL.T}$PEPTIDE1,PEPTIDE1,1:R1-7:R2$$$",-5.21300000,ok,,flexible
"PEPTIDE1{A.meA.meY.dL.meL.meF.L}$PEPTIDE1,PEPTIDE1,1:R1-7:R2$$$",-6.21000000,ok,,flexible
"PEPTIDE1{A.meA.Me_dL.meL.Ser(tBu).T.F}$PEPTIDE1,PEPTIDE1,1:R1-7:R2$$$",-5.78500000,ok,,flexible
"PEPTIDE1{Me_dA.A.meF.meL.T.I.Ser(tBu)}$PEPTIDE1,PEPTIDE1,1:R1-7:R2$$$",-5.67700000,ok,,flexible
"PEPTIDE1{A.meS.Ala(5-Tet).Sar.meA.Me_dL.dA}$PEPTIDE1,PEPTIDE1,1:R1-7:R2$$$",-6.22400000,ok,,flexible
"PEPTIDE1{Me_Bal.F.meA.V.T.dL.meF}$PEPTIDE1,PEPTIDE1,1:R1-7:R2$$$",-6.03800000,ok,,flexible
"PEPTIDE1{Me_dA.T.meA.F.Me_dL.T.L}$PEPTIDE1,PEPTIDE1,1:R1-7:R2$$$",-5.46700000,ok,,flexible
"PEPTIDE1{meA.A.meS.T.F.meF.Me_dA}$PEPTIDE1,PEPTIDE1,1:R1-7:R2$$$",-6.66600000,ok,,flexible
"PEPTIDE1{Pr_Gly.dA.T.P.meL.L.meA}$PEPTIDE1,PEPTIDE1,1:R1-7:R2$$$",-5.92400000,ok,,flexible
"PEPTIDE1{Me_Bal.T.V.meA.Me_dL.I.meA}$PEPTIDE1,PEPTIDE1,1:R1-7:R2$$$",-5.83500000,ok,,flexible
"PEPTIDE1{meL.Aoc(2).A.meL.T.Me_dL.L}$PEPTIDE1,PEPTIDE1,1:R1-7:R2$$$",-5.09600000,ok,,flexible
"PEPTIDE1{meA.L.P.I.T.P.V}$PEPTIDE1,PEPTIDE1,1:R1-7:R2$$$",-6.05100000,ok,,flexible
"PEPTIDE1{dV.pentyl_Gly.Mono38.dL.meL.A.L}$PEPTIDE1,PEPTIDE1,1:R1-7:R2$$$",-4.98000000,ok,,flexible
"PEPTIDE1{Mono6.I.A.meA.T.Me_dL.V}$PEPTIDE1,PEPTIDE1,1:R1-7:R2$$$",-5.85600000,ok,,flexible
"PEPTIDE1{dF.Ala(5-Tet).A.Aoc(2).Abu.dL.meS}$PEPTIDE1,PEPTIDE1,1:R1-7:R2$$$",-5.72700000,ok,,flexible
"PEPTIDE1{dA.Me_Nle.Me_Phe(3-Cl).meL.dL.Me_dL.T}$PEPTIDE1,PEPTIDE1,1:R1-7:R2$$$",-5.54500000,ok,,flexible
"PEPTIDE1{dV.Pr_Gly.Me_dL.meL.dL.L.A}$PEPTIDE1,PEPTIDE1,1:R1-7:R2$$$",-5.00500000,ok,,flexible
"PEPTIDE1{dV.Pr_Gly.Me_dA.dP.P.meV.dL}$PEPTIDE1,PEPTIDE1,1:R1-7:R2$$$",-5.89200000,ok,,flexible
"PEPTIDE1{meA.Sar.Aoc(2).dL.meS.meL.A}$PEPTIDE1,PEPTIDE1,1:R1-7:R2$$$",-5.64700000,ok,,flexible
"PEPTIDE1{meA.Pr_Gly.Me_dL.meL.dL.meV.dV}$PEPTIDE1,PEPTIDE1,1:R1-7:R2$$$",-5.13100000,ok,,flexible
"PEPTIDE1{dF.meL.Ala(5-Tet).meF.T.meS.T}$PEPTIDE1,PEPTIDE1,1:R1-7:R2$$$",-5.78700000,ok,,flexible
"PEPTIDE1{dA.meL.meF.meS.T.dL.dV}$PEPTIDE1,PEPTIDE1,1:R1-7:R2$$$",-5.27100000,ok,,flexible
"PEPTIDE1{F.dL.meA.meL.T.dP.Ser(tBu)}$PEPTIDE1,PEPTIDE1,1:R1-7:R2$$$",-6.01500000,ok,,flexible
"PEPTIDE1{L.Ala(5-Tet).meL.Abu.A.meA.meS}$PEPTIDE1,PEPTIDE1,1:R1-7:R2$$$",-5.75800000,ok,,flexible
"PEPTIDE1{dA.meF.Me_dL.dL.meL.T.A}$PEPTIDE1,PEPTIDE1,1:R1-7:R2$$$",-5.79100000,ok,,flexible
"PEPTIDE1{A.meF.T.L.Sar.meL.meL}$PEPTIDE1,PEPTIDE1,1:R1-7:R2$$$",-5.89500000,ok,,flexible
"PEPTIDE1{meL.meA.I.A.L.Aoc(2).T}$PEPTIDE1,PEPTIDE1,1:R1-7:R2$$$",-5.11000000,ok,,flexible
"PEPTIDE1{F.dL.L.Et_Gly.Me_Phe(3-Cl).I.meL}$PEPTIDE1,PEPTIDE1,1:R1-7:R2$$$",-5.61200000,ok,,flexible
"PEPTIDE1{F.meA.Me_dL.meL.L.meF.dL}$PEPTIDE1,PEPTIDE1,1:R1-7:R2$$$",-6.17500000,ok,,flexible
"PEPTIDE1{dV.L.Mono78.T.G.I.L}$PEPTIDE1,PEPTIDE1,1:R1-7:R2$$$",-5.92900000,ok,,flexible
"PEPTIDE1{Me_dA.meL.meA.Abu.A.Me_dL.dA}$PEPTIDE1,PEPTIDE1,1:R1-7:R2$$$",-6.02200000,ok,,flexible
"PEPTIDE1{F.pentyl_Gly.pentyl_Gly.P.Mono86.L.dL}$PEPTIDE1,PEPTIDE1,1:R1-7:R2$$$",-4.61800000,ok,,flexible
"PEPTIDE1{F.A.V.meL.T.meI.L}$PEPTIDE1,PEPTIDE1,1:R1-7:R2$$$",-5.35400000,ok,,flexible
"PEPTIDE1{Mono6.T.pentyl_Gly.L.P.Me_dL.dL}$PEPTIDE1,PEPTIDE1,1:R1-7:R2$$$",-5.10300000,ok,,flexible
"PEPTIDE1{L.Me_dA.meL.meA.T.meF.V}$PEPTIDE1,PEPTIDE1,1:R1-7:R2$$$",-5.78500000,ok,,flexible
"PEPTIDE1{meL.meS.T.L.A.T.meL}$PEPTIDE1,PEPTIDE1,1:R1-7:R2$$$",-5.90700000,ok,,flexible
"PEPTIDE1{meL.A.Abu.Me_dA.dA.L.Aoc(2)}$PEPTIDE1,PEPTIDE1,1:R1-7:R2$$$",-5.48400000,ok,,flexible
"PEPTIDE1{dF.Ala(5-Tet).T.L.A.V.L}$PEPTIDE1,PEPTIDE1,1:R1-7:R2$$$",-5.77800000,ok,,flexible
"PEPTIDE1{Me_dA.dP.dL.Me_dL.Ser(tBu).L.V}$PEPTIDE1,PEPTIDE1,1:R1-7:R2$$$",-5.45400000,ok,,flexible
"PEPTIDE1{meA.Ala(5-Tet).Aoc(2).meL.Abu.A.I}$PEPTIDE1,PEPTIDE1,1:R1-7:R2$$$",-5.21500000,ok,,flexible
"PEPTIDE1{dV.Me_dL.meL.Asp_piperidide.L.meA.meF}$PEPTIDE1,PEPTIDE1,1:R1-7:R2$$$",-5.81900000,ok,,flexible
"PEPTIDE1{L.meS.Sar.Me_dL.meF.meA.F}$PEPTIDE1,PEPTIDE1,1:R1-7:R2$$$",-5.40700000,ok,,flexible
"PEPTIDE1{meF.A.L.P.Et_Gly.T.L}$PEPTIDE1,PEPTIDE1,1:R1-7:R2$$$",-6.28800000,ok,,flexible
"PEPTIDE1{Me_dA.Pr_Gly.L.F.G.V.meA}$PEPTIDE1,PEPTIDE1,1:R1-7:R2$$$",-6.54100000,ok,,flexible
"PEPTIDE1{meL.A.T.Me_dA.L.Sar.meF}$PEPTIDE1,PEPTIDE1,1:R1-7:R2$$$",-5.73400000,ok,,flexible
"PEPTIDE1{Me_dA.meS.meL.T.Me_dL.meF.L}$PEPTIDE1,PEPTIDE1,1:R1-7:R2$$$",-5.92600000,ok,,flexible
"PEPTIDE1{Me_dA.Aoc(2).meF.A.T.meL.meA}$PEPTIDE1,PEPTIDE1,1:R1-7:R2$$$",-5.73200000,ok,,flexible
"PEPTIDE1{Me_dA.A.dP.T.meL.Me_dL.P}$PEPTIDE1,PEPTIDE1,1:R1-7:R2$$$",-6.17100000,ok,,flexible
"PEPTIDE1{F.Aoc(2).meL.meL.meS.L.I}$PEPTIDE1,PEPTIDE1,1:R1-7:R2$$$",-4.72600000,ok,,flexible
"PEPTIDE1{meA.A.meL.F.T.L.Sar}$PEPTIDE1,PEPTIDE1,1:R1-7:R2$$$",-6.40000000,ok,,flexible
"PEPTIDE1{Me_Bal.Sar.G.meL.L.meA.V}$PEPTIDE1,PEPTIDE1,1:R1-7:R2$$$",-6.14300000,ok,,flexible
"PEPTIDE1{Me_Bal.A.Me_dL.meA.F.dL.V}$PEPTIDE1,PEPTIDE1,1:R1-7:R2$$$",-6.24800000,ok,,flexible
"PEPTIDE1{meA.Pr_Gly.L.Sar.meI.meF.A}$PEPTIDE1,PEPTIDE1,1:R1-7:R2$$$",-5.65700000,ok,,flexible
"PEPTIDE1{dA.T.P.L.A.Me_dL.meL}$PEPTIDE1,PEPTIDE1,1:R1-7:R2$$$",-5.72600000,ok,,flexible
"PEPTIDE1{Me_Bal.P.meF.Me_dA.F.meS.meA}$PEPTIDE1,PEPTIDE1,1:R1-7:R2$$$",-6.39800000,ok,,flexible
"PEPTIDE1{dV.T.meS.dP.L.V.A}$PEPTIDE1,PEPTIDE1,1:R1-7:R2$$$",-6.04900000,ok,,flexible
"PEPTIDE1{Me_Bal.G.meL.I.meV.meF.V}$PEPTIDE1,PEPTIDE1,1:R1-7:R2$$$",-5.90800000,ok,,flexible
"PEPTIDE1{dA.meL.meF.L.meS.T.dL}$PEPTIDE1,PEPTIDE1,1:R1-7:R2$$$",-5.40700000,ok,,flexible
"PEPTIDE1{Me_dA.meF.T.meI.L.Ser(tBu).V}$PEPTIDE1,PEPTIDE1,1:R1-7:R2$$$",-5.27400000,ok,,flexible
"PEPTIDE1{A.meS.T.L.V.Me_dA.T}$PEPTIDE1,PEPTIDE1,1:R1-7:R2$$$",-5.58500000,ok,,flexible
"PEPTIDE1{dV.dF.meL.L.Mono86.G.Ser(tBu)}$PEPTIDE1,PEPTIDE1,1:R1-7:R2$$$",-6.28600000,ok,,flexible
"PEPTIDE1{Pr_Gly.meL.L.Me_dA.meS.Ala(5-Tet).dL}$PEPTIDE1,PEPTIDE1,1:R1-7:R2$$$",-5.76800000,ok,,flexible
"PEPTIDE1{meA.dV.T.V.meL.meV.T}$PEPTIDE1,PEPTIDE1,1:R1-7:R2$$$",-6.00800000,ok,,flexible
"PEPTIDE1{meA.Pr_Gly.Pr_Gly.Ser(tBu).T.Me_dL.V}$PEPTIDE1,PEPTIDE1,1:R1-7:R2$$$",-5.12500000,ok,,flexible
"PEPTIDE1{Me_dA.meL.T.meA.Me_dL.meL.V}$PEPTIDE1,PEPTIDE1,1:R1-7:R2$$$",-6.00900000,ok,,flexible
"PEPTIDE1{A.Me_dL.meF.meA.L.Sar.V}$PEPTIDE1,PEPTIDE1,1:R1-7:R2$$$",-5.72300000,ok,,flexible
"PEPTIDE1{dA.Ala(5-Tet).L.meL.Aoc(2).A.meS}$PEPTIDE1,PEPTIDE1,1:R1-7:R2$$$",-5.50800000,ok,,flexible
"PEPTIDE1{Me_dA.Me_dL.L.meF.I.F.V}$PEPTIDE1,PEPTIDE1,1:R1-7:R2$$$",-5.50700000,ok,,flexible
"PEPTIDE1{Pr_Gly.L.A.meL.dL.Nle.dP}$PEPTIDE1,PEPTIDE1,1:R1-7:R2$$$",-5.74800000,ok,,flexible
"PEPTIDE1{Me_Bal.Ser(tBu).meL.P.Me_dL.meA.meF}$PEPTIDE1,PEPTIDE1,1:R1-7:R2$$$",-5.50500000,ok,,flexible
"PEPTIDE1{Pr_Gly.Ser(tBu).P.meA.T.meL.L}$PEPTIDE1,PEPTIDE1,1:R1-7:R2$$$",-5.78400000,ok,,flexible
"PEPTIDE1{dA.A.F.meA.L.Me_dL.dL}$PEPTIDE1,PEPTIDE1,1:R1-7:R2$$$",-5.71200000,ok,,flexible
"PEPTIDE1{Sar.meA.meL.T.F.P.Me_dL}$PEPTIDE1,PEPTIDE1,1:R1-7:R2$$$",-6.37500000,ok,,flexible
"PEPTIDE1{dA.dP.P.T.T.meA.V}$PEPTIDE1,PEPTIDE1,1:R1-7:R2$$$",-6.83600000,ok,,flexible
"PEPTIDE1{dV.meS.Ala(5-Tet).Abu.F.pentyl_Gly.meL}$PEPTIDE1,PEPTIDE1,1:R1-7:R2$$$",-5.83700000,ok,,flexible
"PEPTIDE1{meA.meV.meL.Me_dL.I.V.meF}$PEPTIDE1,PEPTIDE1,1:R1-7:R2$$$",-5.32300000,ok,,flexible
"PEPTIDE1{Me_dA.meA.Ser(tBu).A.meL.meF.Me_dL}$PEPTIDE1,PEPTIDE1,1:R1-7:R2$$$",-5.91900000,ok,,flexible
"PEPTIDE1{Me_Bal.meL.T.L.meA.F.meF}$PEPTIDE1,PEPTIDE1,1:R1-7:R2$$$",-6.05000000,ok,,flexible
"PEPTIDE1{Pr_Gly.cHexCH2_Gly.Sar.meA.meL.Mono78.meV}$PEPTIDE1,PEPTIDE1,1:R1-7:R2$$$",-5.65300000,ok,,flexible
"PEPTIDE1{meA.A.P.T.dP.L.dF}$PEPTIDE1,PEPTIDE1,1:R1-7:R2$$$",-6.38600000,ok,,flexible
"PEPTIDE1{Me_dA.meS.T.meL.V.L.P}$PEPTIDE1,PEPTIDE1,1:R1-7:R2$$$",-5.82800000,ok,,flexible
"PEPTIDE1{meA.V.Sar.meV.F.Me_dL.dL}$PEPTIDE1,PEPTIDE1,1:R1-7:R2$$$",-5.82700000,ok,,flexible
"PEPTIDE1{dA.L.Me_dL.meS.I.V.A}$PEPTIDE1,PEPTIDE1,1:R1-7:R2$$$",-5.68600000,ok,,flexible
"PEPTIDE1{dA.P.L.T.T.Me_dL.L}$PEPTIDE1,PEPTIDE1,1:R1-7:R2$$$",-5.83900000,ok,,flexible
"PEPTIDE1{meA.meV.L.Ser(tBu).P.T.A}$PEPTIDE1,PEPTIDE1,1:R1-7:R2$$$",-6.21800000,ok,,flexible
"PEPTIDE1{Me_dA.Me_Phe(3-Cl).Me_dL.T.meL.dV.Ser(tBu)}$PEPTIDE1,PEPTIDE1,1:R1-7:R2$$$",-5.48100000,ok,,flexible
"PEPTIDE1{meA.P.meF.meS.T.A.dL}$PEPTIDE1,PEPTIDE1,1:R1-7:R2$$$",-6.06500000,ok,,flexible
"PEPTIDE1{Me_dA.L.Ala(5-Tet).meL.T.Abu.G}$PEPTIDE1,PEPTIDE1,1:R1-7:R2$$$",-5.91100000,ok,,flexible
"PEPTIDE1{dV.Pr_Gly.Sar.L.A.T.Me_dL}$PEPTIDE1,PEPTIDE1,1:R1-7:R2$$$",-5.57700000,ok,,flexible
"PEPTIDE1{A.pentyl_Gly.dL.I.Bn_Gly.L.Ser(tBu)}$PEPTIDE1,PEPTIDE1,1:R1-7:R2$$$",-5.20800000,ok,,flexible
"PEPTIDE1{meL.meF.T.L.Ala(5-Tet).dL.meS}$PEPTIDE1,PEPTIDE1,1:R1-7:R2$$$",-5.58900000,ok,,flexible
"PEPTIDE1{meA.meF.P.A.T.V.meA}$PEPTIDE1,PEPTIDE1,1:R1-7:R2$$$",-6.63700000,ok,,flexible
"PEPTIDE1{Me_Bal.L.A.F.P.cHexCH2_Gly.T}$PEPTIDE1,PEPTIDE1,1:R1-7:R2$$$",-6.47400000,ok,,flexible
"PEPTIDE1{F.cHexCH2_Gly.L.I.meA.P.dL}$PEPTIDE1,PEPTIDE1,1:R1-7:R2$$$",-5.81600000,ok,,flexible
"PEPTIDE1{A.meF.G.meL.L.dL.dP}$PEPTIDE1,PEPTIDE1,1:R1-7:R2$$$",-6.41400000,ok,,flexible
"PEPTIDE1{L.Ala(5-Tet).meL.Ser(tBu).meL.Me_dL.A}$PEPTIDE1,PEPTIDE1,1:R1-7:R2$$$",-5.23300000,ok,,flexible
"PEPTIDE1{Me_Bal.A.Mono84.I.Mono78.dL.L}$PEPTIDE1,PEPTIDE1,1:R1-7:R2$$$",-6.25300000,ok,,flexible
"PEPTIDE1{Me_dA.A.meA.meS.Me_dL.L.P}$PEPTIDE1,PEPTIDE1,1:R1-7:R2$$$",-6.07800000,ok,,flexible
"PEPTIDE1{F.meA.meL.meL.A.Aoc(2).dL}$PEPTIDE1,PEPTIDE1,1:R1-7:R2$$$",-5.23900000,ok,,flexible
"PEPTIDE1{dA.meA.A.V.meL.meF.T}$PEPTIDE1,PEPTIDE1,1:R1-7:R2$$$",-6.67300000,ok,,flexible
"PEPTIDE1{Me_dA.meF.meA.T.dP.meL.F}$PEPTIDE1,PEPTIDE1,1:R1-7:R2$$$",-6.76500000,ok,,flexible
"PEPTIDE1{P.Pr_Gly.pentyl_Gly.meL.L.I.Me_Nle}$PEPTIDE1,PEPTIDE1,1:R1-7:R2$$$",-4.80200000,ok,,flexible
"PEPTIDE1{Me_dA.T.Abu.dL.meS.Sar.meA}$PEPTIDE1,PEPTIDE1,1:R1-7:R2$$$",-6.07600000,ok,,flexible
"PEPTIDE1{A.Me_dL.Pr_Gly.F.I.V.Ser(tBu)}$PEPTIDE1,PEPTIDE1,1:R1-7:R2$$$",-4.87700000,ok,,flexible
"PEPTIDE1{dV.Me_dL.L.meS.A.meA.Me_dL}$PEPTIDE1,PEPTIDE1,1:R1-7:R2$$$",-5.56600000,ok,,flexible
"PEPTIDE1{meL.L.meL.meA.T.P.A}$PEPTIDE1,PEPTIDE1,1:R1-7:R2$$$",-6.46500000,ok,,flexible
"PEPTIDE1{meA.Me_dL.T.meL.L.T.Ser(tBu)}$PEPTIDE1,PEPTIDE1,1:R1-7:R2$$$",-5.40500000,ok,,flexible
"PEPTIDE1{L.meS.T.meL.dL.Abu.A}$PEPTIDE1,PEPTIDE1,1:R1-7:R2$$$",-5.50500000,ok,,flexible
"PEPTIDE1{meA.T.dL.Me_dL.V.A.dA}$PEPTIDE1,PEPTIDE1,1:R1-7:R2$$$",-5.90400000,ok,,flexible
"PEPTIDE1{Me_dA.T.dL.meL.Me_dL.T.dA}$PEPTIDE1,PEPTIDE1,1:R1-7:R2$$$",-5.42500000,ok,,flexible
"PEPTIDE1{Me_dA.meL.A.meV.Pr_Gly.dP.P}$PEPTIDE1,PEPTIDE1,1:R1-7:R2$$$",-6.01600000,ok,,flexible
"PEPTIDE1{dV.L.T.P.meL.P.meL}$PEPTIDE1,PEPTIDE1,1:R1-7:R2$$$",-5.96600000,ok,,flexible
"PEPTIDE1{meA.P.meL.Me_dL.A.dL.T}$PEPTIDE1,PEPTIDE1,1:R1-7:R2$$$",-6.03300000,ok,,flexible
"PEPTIDE1{meA.Ser(tBu).Mono84.meL.L.3Pal.Mono86}$PEPTIDE1,PEPTIDE1,1:R1-7:R2$$$",-6.29700000,ok,,flexible
"PEPTIDE1{dA.A.pentyl_Gly.I.F.T.L}$PEPTIDE1,PEPTIDE1,1:R1-7:R2$$$",-5.69200000,ok,,flexible
"PEPTIDE1{dA.T.A.meS.meL.Me_dL.V}$PEPTIDE1,PEPTIDE1,1:R1-7:R2$$$",-5.80500000,ok,,flexible
"PEPTIDE1{dV.T.meA.Sar.Me_dL.L.dL}$PEPTIDE1,PEPTIDE1,1:R1-7:R2$$$",-5.74500000,ok,,flexible
"PEPTIDE1{L.I.dL.V.dL.L.meF}$PEPTIDE1,PEPTIDE1,1:R1-7:R2$$$",-5.03300000,ok,,flexible
"PEPTIDE1{Mono6.T.P.meA.Me_dA.Me_dL.dP}$PEPTIDE1,PEPTIDE1,1:R1-7:R2$$$",-6.97700000,ok,,flexible
"PEPTIDE1{L.Abu.meA.meL.A.T.Me_dL}$PEPTIDE1,PEPTIDE1,1:R1-7:R2$$$",-5.50400000,ok,,flexible
"PEPTIDE1{Me_Bal.P.meL.T.dL.F.meL}$PEPTIDE1,PEPTIDE1,1:R1-7:R2$$$",-5.99500000,ok,,flexible
"PEPTIDE1{Me_Bal.P.T.meA.meF.meL.L}$PEPTIDE1,PEPTIDE1,1:R1-7:R2$$$",-5.95700000,ok,,flexible
"PEPTIDE1{A.P.Me_dAbu.meL.V.T.dP}$PEPTIDE1,PEPTIDE1,1:R1-7:R2$$$",-5.89400000,ok,,flexible
"PEPTIDE1{Me_dA.meL.P.meA.dP.A.L}$PEPTIDE1,PEPTIDE1,1:R1-7:R2$$$",-6.14700000,ok,,flexible
"PEPTIDE1{dV.T.P.meF.meL.Abu.meA}$PEPTIDE1,PEPTIDE1,1:R1-7:R2$$$",-6.39100000,ok,,flexible
"PEPTIDE1{P.A.Me_dL.Mono7.P.T.T}$PEPTIDE1,PEPTIDE1,1:R1-7:R2$$$",-6.34600000,ok,,flexible
"PEPTIDE1{dA.L.meS.Ala(5-Tet).T.meL.Sar}$PEPTIDE1,PEPTIDE1,1:R1-7:R2$$$",-5.94500000,ok,,flexible
"PEPTIDE1{A.Me_dA.F.dL.meL.meL.L}$PEPTIDE1,PEPTIDE1,1:R1-7:R2$$$",-5.74400000,ok,,flexible
"PEPTIDE1{meA.A.F.Pr_Gly.P.L.Me_dA}$PEPTIDE1,PEPTIDE1,1:R1-7:R2$$$",-6.55300000,ok,,flexible
"PEPTIDE1{meA.F.dL.T.A.dL.dP}$PEPTIDE1,PEPTIDE1,1:R1-7:R2$$$",-6.20400000,ok,,flexible
"PEPTIDE1{Me_Bal.G.L.Ser(tBu).T.A.Mono84}$PEPTIDE1,PEPTIDE1,1:R1-7:R2$$$",-6.60700000,ok,,flexible
"PEPTIDE1{Sar.F.Me_dL.dL.A.meL.meF}$PEPTIDE1,PEPTIDE1,1:R1-7:R2$$$",-5.71300000,ok,,flexible
"PEPTIDE1{F.L.Sar.dP.meL.Phe(4-CF3).T}$PEPTIDE1,PEPTIDE1,1:R1-7:R2$$$",-5.86500000,ok,,flexible
"PEPTIDE1{meL.T.meA.dV.L.Aoc(2).V}$PEPTIDE1,PEPTIDE1,1:R1-7:R2$$$",-5.03700000,ok,,flexible
"PEPTIDE1{Me_Bal.P.T.meL.L.T.Me_dL}$PEPTIDE1,PEPTIDE1,1:R1-7:R2$$$",-6.04700000,ok,,flexible
"PEPTIDE1{A.meL.meA.V.Me_dA.T.L}$PEPTIDE1,PEPTIDE1,1:R1-7:R2$$$",-5.29200000,ok,,flexible
"PEPTIDE1{meA.V.meL.P.L.meS.Sar}$PEPTIDE1,PEPTIDE1,1:R1-7:R2$$$",-5.96700000,ok,,flexible
"PEPTIDE1{dV.cHexCH2_Gly.cHexCH2_Gly.Et_Gly.L.dL.Ser(tBu)}$PEPTIDE1,PEPTIDE1,1:R1-7:R2$$$",-5.74300000,ok,,flexible
"PEPTIDE1{F.Mono38.I.L.Et_Gly.dL.Abu}$PEPTIDE1,PEPTIDE1,1:R1-7:R2$$$",-5.01900000,ok,,flexible
"PEPTIDE1{meA.meA.Me_dA.A.P.meL.Me_dL}$PEPTIDE1,PEPTIDE1,1:R1-7:R2$$$",-6.50500000,ok,,flexible
"PEPTIDE1{meA.T.L.A.Me_dL.Me_dA.Abu}$PEPTIDE1,PEPTIDE1,1:R1-7:R2$$$",-5.71100000,ok,,flexible
"PEPTIDE1{Me_Bal.L.A.I.T.G.dL}$PEPTIDE1,PEPTIDE1,1:R1-7:R2$$$",-5.61800000,ok,,flexible
"PEPTIDE1{dA.L.A.meS.Ala(5-Tet).meL.meA}$PEPTIDE1,PEPTIDE1,1:R1-7:R2$$$",-5.74100000,ok,,flexible
"PEPTIDE1{dV.Me_dL.Abu.A.meA.dP.dL}$PEPTIDE1,PEPTIDE1,1:R1-7:R2$$$",-6.01700000,ok,,flexible
"PEPTIDE1{Me_dA.G.L.Me_Phe(3-Cl).meL.A.meF}$PEPTIDE1,PEPTIDE1,1:R1-7:R2$$$",-5.90800000,ok,,flexible
"PEPTIDE1{Me_dA.dP.P.Me_dL.dL.V.L}$PEPTIDE1,PEPTIDE1,1:R1-7:R2$$$",-5.91800000,ok,,flexible
"PEPTIDE1{L.meA.Pr_Gly.F.meF.meL.I}$PEPTIDE1,PEPTIDE1,1:R1-7:R2$$$",-5.95900000,ok,,flexible
"PEPTIDE1{dV.meL.T.P.L.meA.V}$PEPTIDE1,PEPTIDE1,1:R1-7:R2$$$",-5.30500000,ok,,flexible
"PEPTIDE1{A.A.Me_dA.meL.L.F.V}$PEPTIDE1,PEPTIDE1,1:R1-7:R2$$$",-6.58800000,ok,,flexible
"PEPTIDE1{A.meL.meL.L.Me_dL.meA.Aoc(2)}$PEPTIDE1,PEPTIDE1,1:R1-7:R2$$$",-5.21400000,ok,,flexible
"PEPTIDE1{dV.meS.meA.dA.T.V.dL}$PEPTIDE1,PEPTIDE1,1:R1-7:R2$$$",-5.81700000,ok,,flexible
"PEPTIDE1{dF.Me_Nle.T.dP.T.Ser(tBu).meA}$PEPTIDE1,PEPTIDE1,1:R1-7:R2$$$",-5.79200000,ok,,flexible
"PEPTIDE1{meA.A.P.P.I.dL.Ser(tBu)}$PEPTIDE1,PEPTIDE1,1:R1-7:R2$$$",-5.88400000,ok,,flexible
"PEPTIDE1{L.T.meL.meA.T.meV.A}$PEPTIDE1,PEPTIDE1,1:R1-7:R2$$$",-5.85000000,ok,,flexible
"PEPTIDE1{Me_Bal.meA.dP.V.Pr_Gly.dV.meA}$PEPTIDE1,PEPTIDE1,1:R1-7:R2$$$",-6.14100000,ok,,flexible
"PEPTIDE1{dV.Me_dL.meA.meV.V.meL.F}$PEPTIDE1,PEPTIDE1,1:R1-7:R2$$$",-5.81700000,ok,,flexible
"PEPTIDE1{Pr_Gly.meL.Ser(tBu).meA.T.Me_dL.T}$PEPTIDE1,PEPTIDE1,1:R1-7:R2$$$",-5.69600000,ok,,flexible
"PEPTIDE1{dA.Abu.meL.Ala(5-Tet).meS.Me_dA.T}$PEPTIDE1,PEPTIDE1,1:R1-7:R2$$$",-5.91600000,ok,,flexible
"PEPTIDE1{Me_dA.meL.Sar.Ser(tBu).A.L.dL}$PEPTIDE1,PEPTIDE1,1:R1-7:R2$$$",-5.48300000,ok,,flexible
"PEPTIDE1{Me_Bal.meA.meL.A.T.meL.Me_dL}$PEPTIDE1,PEPTIDE1,1:R1-7:R2$$$",-5.83400000,ok,,flexible
"PEPTIDE1{meA.A.G.T.L.Me_dA.Me_dL}$PEPTIDE1,PEPTIDE1,1:R1-7:R2$$$",-6.96400000,ok,,flexible
"PEPTIDE1{dA.meA.Ser(tBu).P.A.dP.T}$PEPTIDE1,PEPTIDE1,1:R1-7:R2$$$",-6.20300000,ok,,flexible
"PEPTIDE1{A.L.meF.meS.meL.meL.Me_dL}$PEPTIDE1,PEPTIDE1,1:R1-7:R2$$$",-5.92200000,ok,,flexible
"PEPTIDE1{Pr_Gly.pentyl_Gly.Mono38.meA.Mono84.I.Ser(tBu)}$PEPTIDE1,PEPTIDE1,1:R1-7:R2$$$",-5.18200000,ok,,flexible
"PEPTIDE1{meL.A.T.meA.meY.meA.L}$PEPTIDE1,PEPTIDE1,1:R1-7:R2$$$",-5.69800000,ok,,flexible
"PEPTIDE1{dF.Me_Nle.L.Ser(tBu).L.P.Mono84}$PEPTIDE1,PEPTIDE1,1:R1-7:R2$$$",-5.97700000,ok,,flexible
"PEPTIDE1{dV.A.meL.T.dL.L.Me_dL}$PEPTIDE1,PEPTIDE1,1:R1-7:R2$$$",-5.92800000,ok,,flexible
"PEPTIDE1{meA.L.V.A.meL.Mono86.Sar}$PEPTIDE1,PEPTIDE1,1:R1-7:R2$$$",-5.89300000,ok,,flexible
"PEPTIDE1{Me_dA.P.Me_dL.T.A.dL.meA}$PEPTIDE1,PEPTIDE1,1:R1-7:R2$$$",-6.56200000,ok,,flexible
"PEPTIDE1{Me_Bal.meL.A.L.L.meA.P}$PEPTIDE1,PEPTIDE1,1:R1-7:R2$$$",-5.88300000,ok,,flexible
"PEPTIDE1{A.T.Sar.F.meL.meF.L}$PEPTIDE1,PEPTIDE1,1:R1-7:R2$$$",-5.83800000,ok,,flexible
"PEPTIDE1{Me_dA.Abu.T.meF.L.A.P}$PEPTIDE1,PEPTIDE1,1:R1-7:R2$$$",-6.49100000,ok,,flexible
"PEPTIDE1{meA.L.T.Ala(5-Tet).meS.T.meL}$PEPTIDE1,PEPTIDE1,1:R1-7:R2$$$",-5.54300000,ok,,flexible
"PEPTIDE1{Me_dA.pentyl_Gly.T.L.meL.P.meA}$PEPTIDE1,PEPTIDE1,1:R1-7:R2$$$",-5.04300000,ok,,flexible
"PEPTIDE1{Me_dA.pentyl_Gly.T.meL.Me_dL.Me_Phe(3-Cl).A}$PEPTIDE1,PEPTIDE1,1:R1-7:R2$$$",-5.31500000,ok,,flexible
"PEPTIDE1{dA.Pr_Gly.meF.L.meS.P.V}$PEPTIDE1,PEPTIDE1,1:R1-7:R2$$$",-5.77800000,ok,,flexible
"PEPTIDE1{meA.dP.P.T.Me_dL.A.V}$PEPTIDE1,PEPTIDE1,1:R1-7:R2$$$",-6.72800000,ok,,flexible
"PEPTIDE1{Sar.I.meA.T.A.Ser(tBu).dL}$PEPTIDE1,PEPTIDE1,1:R1-7:R2$$$",-5.39500000,ok,,flexible
"PEPTIDE1{Me_Bal.T.meF.meL.I.G.L}$PEPTIDE1,PEPTIDE1,1:R1-7:R2$$$",-5.38800000,ok,,flexible
"PEPTIDE1{dF.cHexCH2_Gly.Me_Phe(3-Cl).L.meL.dL.A}$PEPTIDE1,PEPTIDE1,1:R1-7:R2$$$",-5.40000000,ok,,flexible
"PEPTIDE1{Sar.meL.L.T.T.Ser(tBu).meA}$PEPTIDE1,PEPTIDE1,1:R1-7:R2$$$",-5.91400000,ok,,flexible
"PEPTIDE1{dP.Me_dA.L.T.dL.F.meL}$PEPTIDE1,PEPTIDE1,1:R1-7:R2$$$",-5.57700000,ok,,flexible
"PEPTIDE1{A.meL.T.P.meI.meA.dP}$PEPTIDE1,PEPTIDE1,1:R1-7:R2$$$",-6.69900000,ok,,flexible
"PEPTIDE1{Me_dA.T.Ala(5-Tet).meL.meS.A.L}$PEPTIDE1,PEPTIDE1,1:R1-7:R2$$$",-5.85500000,ok,,flexible
"PEPTIDE1{meF.Me_Nle.Bn_Gly.L.P.L.dL}$PEPTIDE1,PEPTIDE1,1:R1-7:R2$$$",-5.46300000,ok,,flexible
"PEPTIDE1{dA.Pr_Gly.meA.A.meL.T.L}$PEPTIDE1,PEPTIDE1,1:R1-7:R2$$$",-5.96800000,ok,,flexible
"PEPTIDE1{Me_Bal.Pr_Gly.T.F.meL.V.meA}$PEPTIDE1,PEPTIDE1,1:R1-7:R2$$$",-5.76700000,ok,,flexible
"PEPTIDE1{Me_Bal.Pr_Gly.Ser(tBu).meL.T.A.dF}$PEPTIDE1,PEPTIDE1,1:R1-7:R2$$$",-5.75700000,ok,,flexible
"PEPTIDE1{Pr_Gly.Me_dL.meA.P.A.Me_dA.L}$PEPTIDE1,PEPTIDE1,1:R1-7:R2$$$",-6.39300000,ok,,flexible
"PEPTIDE1{A.G.dF.meA.meF.I.L}$PEPTIDE1,PEPTIDE1,1:R1-7:R2$$$",-5.84900000,ok,,flexible
"PEPTIDE1{Me_Bal.A.T.Pr_Gly.L.meL.Me_dA}$PEPTIDE1,PEPTIDE1,1:R1-7:R2$$$",-5.60400000,ok,,flexible
"PEPTIDE1{F.A.dL.meF.meL.Mono7.meA}$PEPTIDE1,PEPTIDE1,1:R1-7:R2$$$",-6.04500000,ok,,flexible
"PEPTIDE1{F.Ser(tBu).A.Pr_Gly.L.I.Aib}$PEPTIDE1,PEPTIDE1,1:R1-7:R2$$$",-5.88900000,ok,,flexible
"PEPTIDE1{Sar.V.T.pentyl_Gly.F.Me_dL.G}$PEPTIDE1,PEPTIDE1,1:R1-7:R2$$$",-5.38400000,ok,,flexible
"PEPTIDE1{dV.Me_Nle.Ser(tBu).L.Me_Phe(3-Cl).meA.P}$PEPTIDE1,PEPTIDE1,1:R1-7:R2$$$",-6.21800000,ok,,flexible
"PEPTIDE1{dV.I.P.dP.dL.Ser(tBu).I}$PEPTIDE1,PEPTIDE1,1:R1-7:R2$$$",-5.58700000,ok,,flexible
"PEPTIDE1{A.T.Abu.L.I.Sar.meA}$PEPTIDE1,PEPTIDE1,1:R1-7:R2$$$",-6.01800000,ok,,flexible
"PEPTIDE1{dV.Pr_Gly.dP.meA.T.P.Me_dL}$PEPTIDE1,PEPTIDE1,1:R1-7:R2$$$",-6.12800000,ok,,flexible
"PEPTIDE1{P.Pr_Gly.G.dL.Me_Phe(3-Cl).Ser(tBu).L}$PEPTIDE1,PEPTIDE1,1:R1-7:R2$$$",-5.40000000,ok,,flexible
"PEPTIDE1{L.meL.T.V.Ser(tBu).I.Ser(tBu)}$PEPTIDE1,PEPTIDE1,1:R1-7:R2$$$",-5.03100000,ok,,flexible
"PEPTIDE1{Me_dA.A.G.Ser(tBu).dL.Bn_Gly.T}$PEPTIDE1,PEPTIDE1,1:R1-7:R2$$$",-6.35000000,ok,,flexible
"PEPTIDE1{Sar.P.A.P.I.meL.L}$PEPTIDE1,PEPTIDE1,1:R1-7:R2$$$",-6.04100000,ok,,flexible
"PEPTIDE1{meA.A.meL.L.T.meS.Ala(5-Tet)}$PEPTIDE1,PEPTIDE1,1:R1-7:R2$$$",-5.71000000,ok,,flexible
"PEPTIDE1{dV.meL.L.T.P.Me_dL.dA}$PEPTIDE1,PEPTIDE1,1:R1-7:R2$$$",-5.71900000,ok,,flexible
"PEPTIDE1{Me_Bal.pentyl_Gly.Mono86.dL.Me_dL.V.meL}$PEPTIDE1,PEPTIDE1,1:R1-7:R2$$$",-5.59300000,ok,,flexible
"PEPTIDE1{Me_dA.Pr_Gly.meL.V.meV.F.meA}$PEPTIDE1,PEPTIDE1,1:R1-7:R2$$$",-5.86000000,ok,,flexible
"PEPTIDE1{meA.P.meL.Me_dL.T.dL.pentyl_Gly}$PEPTIDE1,PEPTIDE1,1:R1-7:R2$$$",-4.94100000,ok,,flexible
"PEPTIDE1{dA.dP.meL.meA.L.L.A}$PEPTIDE1,PEPTIDE1,1:R1-7:R2$$$",-6.19300000,ok,,flexible
"PEPTIDE1{meA.meL.meF.meL.meA.A.meI}$PEPTIDE1,PEPTIDE1,1:R1-7:R2$$$",-6.02800000,ok,,flexible
"PEPTIDE1{meA.meL.meL.Ser(tBu).meS.meF.L}$PEPTIDE1,PEPTIDE1,1:R1-7:R2$$$",-5.03600000,ok,,flexible
"PEPTIDE1{meA.P.Me_dL.L.meF.T.dL}$PEPTIDE1,PEPTIDE1,1:R1-7:R2$$$",-5.70900000,ok,,flexible
"PEPTIDE1{meA.A.T.Abu.L.meF.meL}$PEPTIDE1,PEPTIDE1,1:R1-7:R2$$$",-5.86800000,ok,,flexible
"PEPTIDE1{Me_Bal.I.L.dL.meL.meL.V}$PEPTIDE1,PEPTIDE1,1:R1-7:R2$$$",-5.34100000,ok,,flexible
"PEPTIDE1{L.Abu.meL.Ala(5-Tet).A.dV.T}$PEPTIDE1,PEPTIDE1,1:R1-7:R2$$$",-5.65300000,ok,,flexible
"PEPTIDE1{A.P.meA.meL.T.P.dL}$PEPTIDE1,PEPTIDE1,1:R1-7:R2$$$",-6.63600000,ok,,flexible
"PEPTIDE1{Me_Bal.dA.Me_dL.meL.meA.meF.P}$PEPTIDE1,PEPTIDE1,1:R1-7:R2$$$",-5.88600000,ok,,flexible
"PEPTIDE1{dV.pentyl_Gly.L.dL.I.meL.V}$PEPTIDE1,PEPTIDE1,1:R1-7:R2$$$",-4.80500000,ok,,flexible
"PEPTIDE1{meL.dL.meL.meS.Me_dA.Me_dL.meY}$PEPTIDE1,PEPTIDE1,1:R1-7:R2$$$",-5.75500000,ok,,flexible
"PEPTIDE1{meL.P.Me_dL.Me_dA.meS.meA.T}$PEPTIDE1,PEPTIDE1,1:R1-7:R2$$$",-6.44300000,ok,,flexible
"PEPTIDE1{A.Abu.meA.T.I.G.meI}$PEPTIDE1,PEPTIDE1,1:R1-7:R2$$$",-5.62900000,ok,,flexible
"PEPTIDE1{dF.A.Ala(5-Tet).Sar.dA.meF.Abu}$PEPTIDE1,PEPTIDE1,1:R1-7:R2$$$",-6.97200000,ok,,flexible
"PEPTIDE1{dV.Pr_Gly.A.F.Me_dL.meS.meA}$PEPTIDE1,PEPTIDE1,1:R1-7:R2$$$",-5.99700000,ok,,flexible
"PEPTIDE1{dF.pentyl_Gly.Mono86.meL.Ser(tBu).Me_dL.dL}$PEPTIDE1,PEPTIDE1,1:R1-7:R2$$$",-5.23800000,ok,,flexible
"PEPTIDE1{meL.L.A.T.L.Ala(5-Tet).P}$PEPTIDE1,PEPTIDE1,1:R1-7:R2$$$",-5.84400000,ok,,flexible
"PEPTIDE1{L.dL.Sar.dP.meA.meL.F}$PEPTIDE1,PEPTIDE1,1:R1-7:R2$$$",-5.81700000,ok,,flexible
"PEPTIDE1{meF.L.Mono84.meL.T.meL.Me_dL}$PEPTIDE1,PEPTIDE1,1:R1-7:R2$$$",-6.00800000,ok,,flexible
"PEPTIDE1{Me_dA.A.Pr_Gly.Pr_Gly.dF.meL.V}$PEPTIDE1,PEPTIDE1,1:R1-7:R2$$$",-5.54800000,ok,,flexible
"PEPTIDE1{F.L.meL.meL.Ser(tBu).meF.meA}$PEPTIDE1,PEPTIDE1,1:R1-7:R2$$$",-5.67400000,ok,,flexible
"PEPTIDE1{A.meA.P.L.F.V.dL}$PEPTIDE1,PEPTIDE1,1:R1-7:R2$$$",-5.92700000,ok,,flexible
"PEPTIDE1{Mono6.meF.L.Me_dL.A.meA.P}$PEPTIDE1,PEPTIDE1,1:R1-7:R2$$$",-6.55600000,ok,,flexible
"PEPTIDE1{dV.P.Me_dL.meA.Me_Abu.P.meL}$PEPTIDE1,PEPTIDE1,1:R1-7:R2$$$",-6.36500000,ok,,flexible
"PEPTIDE1{meA.A.Me_dA.P.T.T.dA}$PEPTIDE1,PEPTIDE1,1:R1-7:R2$$$",-6.56000000,ok,,flexible
"PEPTIDE1{Me_Bal.Me_dA.Pr_Gly.dL.meA.dF.I}$PEPTIDE1,PEPTIDE1,1:R1-7:R2$$$",-6.62400000,ok,,flexible
"PEPTIDE1{meA.T.P.dP.meL.T.Me_dL}$PEPTIDE1,PEPTIDE1,1:R1-7:R2$$$",-6.36700000,ok,,flexible
"PEPTIDE1{Me_Bal.meL.V.Me_dA.meA.meF.meA}$PEPTIDE1,PEPTIDE1,1:R1-7:R2$$$",-6.07800000,ok,,flexible
"PEPTIDE1{dA.T.T.meL.L.meA.meS}$PEPTIDE1,PEPTIDE1,1:R1-7:R2$$$",-5.55400000,ok,,flexible
"PEPTIDE1{Me_Bal.T.L.Me_dL.dP.meA.Aoc(2)}$PEPTIDE1,PEPTIDE1,1:R1-7:R2$$$",-5.35600000,ok,,flexible
"PEPTIDE1{dA.A.P.meL.L.V.T}$PEPTIDE1,PEPTIDE1,1:R1-7:R2$$$",-6.19400000,ok,,flexible
"PEPTIDE1{Mono6.A.Me_dA.meF.meA.T.dL}$PEPTIDE1,PEPTIDE1,1:R1-7:R2$$$",-6.21100000,ok,,flexible
"PEPTIDE1{dA.V.T.meF.meS.meF.Me_dA}$PEPTIDE1,PEPTIDE1,1:R1-7:R2$$$",-6.16300000,ok,,flexible
"PEPTIDE1{dA.meL.Me_dL.I.Ser(tBu).L.A}$PEPTIDE1,PEPTIDE1,1:R1-7:R2$$$",-5.19400000,ok,,flexible
"PEPTIDE1{A.meS.meL.meA.meL.Me_dL.meY}$PEPTIDE1,PEPTIDE1,1:R1-7:R2$$$",-5.38800000,ok,,flexible
"PEPTIDE1{Pr_Gly.meL.T.Abu.A.meS.L}$PEPTIDE1,PEPTIDE1,1:R1-7:R2$$$",-5.51200000,ok,,flexible
"PEPTIDE1{A.meF.L.meA.meL.Sar.L}$PEPTIDE1,PEPTIDE1,1:R1-7:R2$$$",-6.79300000,ok,,flexible
"PEPTIDE1{Me_dA.meL.meA.V.meV.Me_dL.G}$PEPTIDE1,PEPTIDE1,1:R1-7:R2$$$",-6.01800000,ok,,flexible
"PEPTIDE1{meA.meL.A.Me_dL.Me_dL.L.meY}$PEPTIDE1,PEPTIDE1,1:R1-7:R2$$$",-6.18600000,ok,,flexible
"PEPTIDE1{A.cHexCH2_Gly.Mono84.P.I.L.dL}$PEPTIDE1,PEPTIDE1,1:R1-7:R2$$$",-5.70400000,ok,,flexible
"PEPTIDE1{meA.P.dL.meL.A.T.L}$PEPTIDE1,PEPTIDE1,1:R1-7:R2$$$",-6.51400000,ok,,flexible
"PEPTIDE1{meA.Pr_Gly.Me_dL.dPye.A.Me_dA.L}$PEPTIDE1,PEPTIDE1,1:R1-7:R2$$$",-5.61700000,ok,,flexible
"PEPTIDE1{meA.dP.Me_dAbu.Me_dL.L.P.T}$PEPTIDE1,PEPTIDE1,1:R1-7:R2$$$",-5.93100000,ok,,flexible
"PEPTIDE1{Me_dA.meA.meF.T.meV.meL.Sar}$PEPTIDE1,PEPTIDE1,1:R1-7:R2$$$",-6.22600000,ok,,flexible
"PEPTIDE1{A.meL.T.meF.T.L.dL}$PEPTIDE1,PEPTIDE1,1:R1-7:R2$$$",-5.76400000,ok,,flexible
"PEPTIDE1{L.meS.T.T.meL.L.L}$PEPTIDE1,PEPTIDE1,1:R1-7:R2$$$",-4.69800000,ok,,flexible
"PEPTIDE1{dA.meL.dP.L.L.Ala(5-Tet).T}$PEPTIDE1,PEPTIDE1,1:R1-7:R2$$$",-5.53000000,ok,,flexible
"PEPTIDE1{meA.F.T.meS.T.dL.Me_dA}$PEPTIDE1,PEPTIDE1,1:R1-7:R2$$$",-6.04100000,ok,,flexible
"PEPTIDE1{Pr_Gly.meS.Abu.meF.T.L.Me_dA}$PEPTIDE1,PEPTIDE1,1:R1-7:R2$$$",-5.13700000,ok,,flexible
"PEPTIDE1{F.meL.Aoc(2).meS.L.meA.Ala(5-Tet)}$PEPTIDE1,PEPTIDE1,1:R1-7:R2$$$",-5.44000000,ok,,flexible
"PEPTIDE1{meA.cHexCH2_Gly.meF.P.V.T.I}$PEPTIDE1,PEPTIDE1,1:R1-7:R2$$$",-6.29200000,ok,,flexible
"PEPTIDE1{dA.L.meV.V.dP.meL.meA}$PEPTIDE1,PEPTIDE1,1:R1-7:R2$$$",-6.46600000,ok,,flexible
"PEPTIDE1{Me_Bal.dP.dL.L.meL.meA.A}$PEPTIDE1,PEPTIDE1,1:R1-7:R2$$$",-6.06600000,ok,,flexible
"PEPTIDE1{L.meF.meL.I.A.Abu.dL}$PEPTIDE1,PEPTIDE1,1:R1-7:R2$$$",-5.66300000,ok,,flexible
"PEPTIDE1{dA.Sar.T.L.F.I.Abu}$PEPTIDE1,PEPTIDE1,1:R1-7:R2$$$",-6.14600000,ok,,flexible
"PEPTIDE1{meA.A.Me_dL.meL.G.Pr_Gly.P}$PEPTIDE1,PEPTIDE1,1:R1-7:R2$$$",-6.05100000,ok,,flexible
"PEPTIDE1{dA.L.V.T.meL.I.F}$PEPTIDE1,PEPTIDE1,1:R1-7:R2$$$",-6.04400000,ok,,flexible
"PEPTIDE1{meA.L.F.T.dL.A.Ser(tBu)}$PEPTIDE1,PEPTIDE1,1:R1-7:R2$$$",-6.27600000,ok,,flexible
"PEPTIDE1{dA.P.dL.meL.T.meA.meS}$PEPTIDE1,PEPTIDE1,1:R1-7:R2$$$",-5.88100000,ok,,flexible
"PEPTIDE1{Mono6.T.Abu.Sar.meF.T.L}$PEPTIDE1,PEPTIDE1,1:R1-7:R2$$$",-6.30100000,ok,,flexible
"PEPTIDE1{Me_Bal.F.V.A.Me_dL.meL.dL}$PEPTIDE1,PEPTIDE1,1:R1-7:R2$$$",-5.66700000,ok,,flexible
"PEPTIDE1{A.meL.I.dL.meA.dA.P}$PEPTIDE1,PEPTIDE1,1:R1-7:R2$$$",-6.32100000,ok,,flexible
"PEPTIDE1{Pr_Gly.L.T.Sar.A.T.meA}$PEPTIDE1,PEPTIDE1,1:R1-7:R2$$$",-5.41200000,ok,,flexible
"PEPTIDE1{meL.meS.L.T.dV.T.V}$PEPTIDE1,PEPTIDE1,1:R1-7:R2$$$",-5.27400000,ok,,flexible
"PEPTIDE1{F.pentyl_Gly.T.I.L.meL.L}$PEPTIDE1,PEPTIDE1,1:R1-7:R2$$$",-4.74400000,ok,,flexible
"PEPTIDE1{Me_Bal.dA.dL.V.meF.A.G}$PEPTIDE1,PEPTIDE1,1:R1-7:R2$$$",-6.57300000,ok,,flexible
"PEPTIDE1{A.pentyl_Gly.meL.meA.P.Aib.L}$PEPTIDE1,PEPTIDE1,1:R1-7:R2$$$",-5.49600000,ok,,flexible
"PEPTIDE1{Me_dA.meA.P.F.A.meL.Me_dL}$PEPTIDE1,PEPTIDE1,1:R1-7:R2$$$",-6.53100000,ok,,flexible
"PEPTIDE1{A.Me_dL.T.meL.dP.meL.L}$PEPTIDE1,PEPTIDE1,1:R1-7:R2$$$",-5.91500000,ok,,flexible
"PEPTIDE1{A.meL.dP.dL.meA.meV.L}$PEPTIDE1,PEPTIDE1,1:R1-7:R2$$$",-5.71700000,ok,,flexible
"PEPTIDE1{Me_dA.dP.meA.L.Me_dL.meL.meS}$PEPTIDE1,PEPTIDE1,1:R1-7:R2$$$",-5.44000000,ok,,flexible
"PEPTIDE1{Me_dA.meL.meS.V.meF.T.Me_dL}$PEPTIDE1,PEPTIDE1,1:R1-7:R2$$$",-5.10800000,ok,,flexible
"PEPTIDE1{meA.Me_dL.meF.meA.T.meL.dL}$PEPTIDE1,PEPTIDE1,1:R1-7:R2$$$",-5.82000000,ok,,flexible
"PEPTIDE1{Me_Bal.A.meL.Me_dL.F.Me_dL.dA}$PEPTIDE1,PEPTIDE1,1:R1-7:R2$$$",-6.06200000,ok,,flexible
"PEPTIDE1{Me_dA.L.meL.F.T.meL.F}$PEPTIDE1,PEPTIDE1,1:R1-7:R2$$$",-5.45000000,ok,,flexible
"PEPTIDE1{Mono6.pentyl_Gly.dL.P.T.dP.Bn_Gly}$PEPTIDE1,PEPTIDE1,1:R1-7:R2$$$",-5.34000000,ok,,flexible
"PEPTIDE1{F.A.A.Ser(tBu).meA.T.Me_Phe(3-Cl)}$PEPTIDE1,PEPTIDE1,1:R1-7:R2$$$",-5.65000000,ok,,flexible
"PEPTIDE1{Me_dA.meS.Abu.meA.L.meL.I}$PEPTIDE1,PEPTIDE1,1:R1-7:R2$$$",-6.01100000,ok,,flexible
"PEPTIDE1{Me_dA.T.L.dP.Me_dL.meA.Pr_Gly}$PEPTIDE1,PEPTIDE1,1:R1-7:R2$$$",-5.45500000,ok,,flexible
"PEPTIDE1{Me_Bal.meA.meF.Me_dA.meL.Sar.meL}$PEPTIDE1,PEPTIDE1,1:R1-7:R2$$$",-6.21800000,ok,,flexible
"PEPTIDE1{dF.T.meL.L.I.dL.T}$PEPTIDE1,PEPTIDE1,1:R1-7:R2$$$",-5.22000000,ok,,flexible
"PEPTIDE1{Pr_Gly.A.meA.Me_dA.meL.V.dP}$PEPTIDE1,PEPTIDE1,1:R1-7:R2$$$",-5.84800000,ok,,flexible
"PEPTIDE1{A.dP.Me_dL.I.T.T.meL}$PEPTIDE1,PEPTIDE1,1:R1-7:R2$$$",-5.39400000,ok,,flexible
"PEPTIDE1{meA.dA.F.meL.Pr_Gly.meF.dL}$PEPTIDE1,PEPTIDE1,1:R1-7:R2$$$",-5.43700000,ok,,flexible
"PEPTIDE1{dA.L.Aoc(2).V.A.meF.dL}$PEPTIDE1,PEPTIDE1,1:R1-7:R2$$$",-5.56000000,ok,,flexible
"PEPTIDE1{dA.cHexCH2_Gly.F.L.T.V.meA}$PEPTIDE1,PEPTIDE1,1:R1-7:R2$$$",-6.31000000,ok,,flexible
"PEPTIDE1{dA.dF.I.T.meI.Ser(tBu).L}$PEPTIDE1,PEPTIDE1,1:R1-7:R2$$$",-5.27700000,ok,,flexible
"PEPTIDE1{A.Me_dA.dPye.L.meF.T.Me_dL}$PEPTIDE1,PEPTIDE1,1:R1-7:R2$$$",-5.76800000,ok,,flexible
"PEPTIDE1{Me_dA.dPye.T.dL.meF.L.F}$PEPTIDE1,PEPTIDE1,1:R1-7:R2$$$",-5.32900000,ok,,flexible
"PEPTIDE1{meA.G.L.meL.dL.A.F}$PEPTIDE1,PEPTIDE1,1:R1-7:R2$$$",-5.71600000,ok,,flexible
"PEPTIDE1{Me_dA.T.A.meL.meF.L.meA}$PEPTIDE1,PEPTIDE1,1:R1-7:R2$$$",-5.82600000,ok,,flexible
"PEPTIDE1{dF.pentyl_Gly.Me_Nle.A.L.F.H}$PEPTIDE1,PEPTIDE1,1:R1-7:R2$$$",-5.26500000,ok,,flexible
"PEPTIDE1{meL.F.meL.Abu.P.T.dA}$PEPTIDE1,PEPTIDE1,1:R1-7:R2$$$",-6.35000000,ok,,flexible
"PEPTIDE1{Mono6.meL.cHexCH2_Gly.A.Ser(tBu).G.L}$PEPTIDE1,PEPTIDE1,1:R1-7:R2$$$",-6.48200000,ok,,flexible
"PEPTIDE1{meA.cHexCH2_Gly.T.I.L.A.meL}$PEPTIDE1,PEPTIDE1,1:R1-7:R2$$$",-5.58800000,ok,,flexible
"PEPTIDE1{meL.meS.meA.Abu.A.T.L}$PEPTIDE1,PEPTIDE1,1:R1-7:R2$$$",-5.47700000,ok,,flexible
"PEPTIDE1{Mono6.meA.meF.T.Me_dL.A.dP}$PEPTIDE1,PEPTIDE1,1:R1-7:R2$$$",-6.69000000,ok,,flexible
"PEPTIDE1{dV.dP.meL.Me_dL.L.meA.T}$PEPTIDE1,PEPTIDE1,1:R1-7:R2$$$",-5.73900000,ok,,flexible
"PEPTIDE1{dA.meA.meL.Me_dA.Me_dL.meY.meA}$PEPTIDE1,PEPTIDE1,1:R1-7:R2$$$",-6.28500000,ok,,flexible
"PEPTIDE1{L.meL.meF.Abu.A.meA.dP}$PEPTIDE1,PEPTIDE1,1:R1-7:R2$$$",-6.67900000,ok,,flexible
"PEPTIDE1{Me_dA.dV.P.dP.meA.A.meF}$PEPTIDE1,PEPTIDE1,1:R1-7:R2$$$",-7.32300000,ok,,flexible
"PEPTIDE1{Me_Bal.meA.V.meL.Me_dA.Ser(tBu).P}$PEPTIDE1,PEPTIDE1,1:R1-7:R2$$$",-5.72400000,ok,,flexible
"PEPTIDE1{Me_dA.A.L.D.T.Ser(tBu).meL}$PEPTIDE1,PEPTIDE1,1:R1-7:R2$$$",-6.14900000,ok,,flexible
"PEPTIDE1{Me_dA.Pr_Gly.A.meL.meA.dL.T}$PEPTIDE1,PEPTIDE1,1:R1-7:R2$$$",-6.07900000,ok,,flexible
"PEPTIDE1{Pr_Gly.Me_dA.Ser(tBu).I.meL.P.Me_dL}$PEPTIDE1,PEPTIDE1,1:R1-7:R2$$$",-5.12800000,ok,,flexible
"PEPTIDE1{Me_dA.meL.Me_dL.dV.meF.meS.dL}$PEPTIDE1,PEPTIDE1,1:R1-7:R2$$$",-5.82800000,ok,,flexible
"PEPTIDE1{dV.meA.V.F.meL.meL.T}$PEPTIDE1,PEPTIDE1,1:R1-7:R2$$$",-6.06900000,ok,,flexible
"PEPTIDE1{meA.G.L.Me_dL.dL.Me_dA.meL}$PEPTIDE1,PEPTIDE1,1:R1-7:R2$$$",-5.32100000,ok,,flexible
"PEPTIDE1{L.meS.T.meA.Me_dA.Me_dL.Me_dL}$PEPTIDE1,PEPTIDE1,1:R1-7:R2$$$",-5.22900000,ok,,flexible
"PEPTIDE1{meL.T.A.L.Me_dA.Sar.dL}$PEPTIDE1,PEPTIDE1,1:R1-7:R2$$$",-6.28100000,ok,,flexible
"PEPTIDE1{meA.dP.meF.meS.Bn_Gly.meA.Me_dA}$PEPTIDE1,PEPTIDE1,1:R1-7:R2$$$",-6.61300000,ok,,flexible
"PEPTIDE1{Mono6.pentyl_Gly.Mono38.L.T.cHexCH2_Gly.Me_dL}$PEPTIDE1,PEPTIDE1,1:R1-7:R2$$$",-5.04000000,ok,,flexible
"PEPTIDE1{Me_dA.Abu.meA.A.Me_dL.T.dL}$PEPTIDE1,PEPTIDE1,1:R1-7:R2$$$",-5.84400000,ok,,flexible
"PEPTIDE1{Me_dA.Me_dL.meL.meY.dP.P.L}$PEPTIDE1,PEPTIDE1,1:R1-7:R2$$$",-6.32800000,ok,,flexible
"PEPTIDE1{meA.Ser(tBu).L.Me_dL.Me_dL.A.dL}$PEPTIDE1,PEPTIDE1,1:R1-7:R2$$$",-5.38700000,ok,,flexible
"PEPTIDE1{dV.meL.meA.Me_dL.L.V.Sar}$PEPTIDE1,PEPTIDE1,1:R1-7:R2$$$",-6.09800000,ok,,flexible
"PEPTIDE1{dA.dPye.Me_dA.meF.Me_dL.A.meL}$PEPTIDE1,PEPTIDE1,1:R1-7:R2$$$",-5.85100000,ok,,flexible
"PEPTIDE1{dF.A.Aoc(2).I.T.T.Ser(tBu)}$PEPTIDE1,PEPTIDE1,1:R1-7:R2$$$",-6.16100000,ok,,flexible
"PEPTIDE1{Me_Bal.A.T.meA.L.dL.Me_dL}$PEPTIDE1,PEPTIDE1,1:R1-7:R2$$$",-5.93500000,ok,,flexible
"PEPTIDE1{A.T.Me_dA.meL.Me_dL.T.F}$PEPTIDE1,PEPTIDE1,1:R1-7:R2$$$",-5.68700000,ok,,flexible
"PEPTIDE1{Pr_Gly.T.meF.P.A.meL.meA}$PEPTIDE1,PEPTIDE1,1:R1-7:R2$$$",-6.71400000,ok,,flexible
"PEPTIDE1{F.Ala(5-Tet).meS.L.meS.A.dL}$PEPTIDE1,PEPTIDE1,1:R1-7:R2$$$",-5.87100000,ok,,flexible
"PEPTIDE1{meL.meS.L.Ala(5-Tet).T.A.meA}$PEPTIDE1,PEPTIDE1,1:R1-7:R2$$$",-6.02200000,ok,,flexible
"PEPTIDE1{Pr_Gly.Me_Nle.P.meL.meA.meS.dL}$PEPTIDE1,PEPTIDE1,1:R1-7:R2$$$",-5.39900000,ok,,flexible
"PEPTIDE1{meA.A.dP.Aoc(2).Me_dL.T.meF}$PEPTIDE1,PEPTIDE1,1:R1-7:R2$$$",-6.22900000,ok,,flexible
"PEPTIDE1{F.pentyl_Gly.Ser(tBu).meL.A.dL.meL}$PEPTIDE1,PEPTIDE1,1:R1-7:R2$$$",-4.42800000,ok,,flexible
"PEPTIDE1{A.F.L.V.G.A.dL}$PEPTIDE1,PEPTIDE1,1:R1-7:R2$$$",-6.27700000,ok,,flexible
"PEPTIDE1{dA.T.V.I.F.meL.A}$PEPTIDE1,PEPTIDE1,1:R1-7:R2$$$",-5.76800000,ok,,flexible
"PEPTIDE1{dA.Mono38.L.A.I.Ser(tBu).L}$PEPTIDE1,PEPTIDE1,1:R1-7:R2$$$",-4.99400000,ok,,flexible
"PEPTIDE1{meA.meL.T.meS.Aoc(2).A.Sar}$PEPTIDE1,PEPTIDE1,1:R1-7:R2$$$",-5.50000000,ok,,flexible
"PEPTIDE1{dA.dF.T.L.meL.V.meI}$PEPTIDE1,PEPTIDE1,1:R1-7:R2$$$",-5.19700000,ok,,flexible
"PEPTIDE1{meA.Sar.dA.meL.V.Aoc(2).L}$PEPTIDE1,PEPTIDE1,1:R1-7:R2$$$",-5.53800000,ok,,flexible
"PEPTIDE1{dV.A.T.meL.meA.P.L}$PEPTIDE1,PEPTIDE1,1:R1-7:R2$$$",-6.11000000,ok,,flexible
"PEPTIDE1{meA.V.meL.dP.T.L.dL}$PEPTIDE1,PEPTIDE1,1:R1-7:R2$$$",-5.89200000,ok,,flexible
"PEPTIDE1{dA.L.meF.A.meL.meS.T}$PEPTIDE1,PEPTIDE1,1:R1-7:R2$$$",-5.76200000,ok,,flexible
"PEPTIDE1{L.meF.Sar.meA.T.meL.T}$PEPTIDE1,PEPTIDE1,1:R1-7:R2$$$",-5.80100000,ok,,flexible
"PEPTIDE1{Me_dA.A.F.V.T.Me_dL.I}$PEPTIDE1,PEPTIDE1,1:R1-7:R2$$$",-6.40400000,ok,,flexible
"PEPTIDE1{dA.meL.meA.L.V.F.T}$PEPTIDE1,PEPTIDE1,1:R1-7:R2$$$",-6.08100000,ok,,flexible
"PEPTIDE1{F.dL.I.meF.meS.meL.Aoc(2)}$PEPTIDE1,PEPTIDE1,1:R1-7:R2$$$",-4.89000000,ok,,flexible
"PEPTIDE1{Me_dA.Pr_Gly.A.meL.Ser(tBu).dL.meA}$PEPTIDE1,PEPTIDE1,1:R1-7:R2$$$",-5.08000000,ok,,flexible
"PEPTIDE1{F.Ala(5-Tet).meL.T.Aoc(2).meF.Sar}$PEPTIDE1,PEPTIDE1,1:R1-7:R2$$$",-5.39600000,ok,,flexible
"PEPTIDE1{Me_Bal.meV.Me_dL.meA.G.meF.L}$PEPTIDE1,PEPTIDE1,1:R1-7:R2$$$",-5.88000000,ok,,flexible
"PEPTIDE1{F.cHexCH2_Gly.V.L.G.Me_Phe(3-Cl).I}$PEPTIDE1,PEPTIDE1,1:R1-7:R2$$$",-5.84300000,ok,,flexible
"PEPTIDE1{Pr_Gly.P.T.meL.L.Me_dL.G}$PEPTIDE1,PEPTIDE1,1:R1-7:R2$$$",-5.60600000,ok,,flexible
"PEPTIDE1{Me_dA.Mono84.T.I.A.L.dL}$PEPTIDE1,PEPTIDE1,1:R1-7:R2$$$",-5.81900000,ok,,flexible
"PEPTIDE1{Me_dA.A.G.meF.meS.dL.meL}$PEPTIDE1,PEPTIDE1,1:R1-7:R2$$$",-6.22300000,ok,,flexible
"PEPTIDE1{dV.meL.meA.F.T.Ser(tBu).P}$PEPTIDE1,PEPTIDE1,1:R1-7:R2$$$",-5.48100000,ok,,flexible
"PEPTIDE1{meL.L.meA.T.meS.Abu.Ala(5-Tet)}$PEPTIDE1,PEPTIDE1,1:R1-7:R2$$$",-5.31800000,ok,,flexible
"PEPTIDE1{dF.A.Me_dL.meL.T.meS.Me_dA}$PEPTIDE1,PEPTIDE1,1:R1-7:R2$$$",-6.05600000,ok,,flexible
"PEPTIDE1{F.Me_Nle.A.T.Mono84.I.meL}$PEPTIDE1,PEPTIDE1,1:R1-7:R2$$$",-5.52400000,ok,,flexible
"PEPTIDE1{A.T.F.meV.meL.meA.Mono78}$PEPTIDE1,PEPTIDE1,1:R1-7:R2$$$",-6.32300000,ok,,flexible
"PEPTIDE1{meA.pentyl_Gly.I.Ser(tBu).meL.meF.dL}$PEPTIDE1,PEPTIDE1,1:R1-7:R2$$$",-5.34400000,ok,,flexible
"PEPTIDE1{meA.meF.T.T.Ala(5-Tet).L.meS}$PEPTIDE1,PEPTIDE1,1:R1-7:R2$$$",-6.63700000,ok,,flexible
"PEPTIDE1{meL.A.Me_dL.dL.L.V.meL}$PEPTIDE1,PEPTIDE1,1:R1-7:R2$$$",-5.14300000,ok,,flexible
"PEPTIDE1{dA.dP.meL.L.meL.Me_dL.dL}$PEPTIDE1,PEPTIDE1,1:R1-7:R2$$$",-5.30800000,ok,,flexible
"PEPTIDE1{P.dA.dL.Ser(tBu).meL.F.V}$PEPTIDE1,PEPTIDE1,1:R1-7:R2$$$",-6.03600000,ok,,flexible
"PEPTIDE1{Sar.I.meA.L.Mono86.Ser(tBu).V}$PEPTIDE1,PEPTIDE1,1:R1-7:R2$$$",-6.04700000,ok,,flexible
"PEPTIDE1{L.Me_dL.T.meA.Me_dA.I.dP}$PEPTIDE1,PEPTIDE1,1:R1-7:R2$$$",-6.19900000,ok,,flexible
"PEPTIDE1{dV.meL.G.P.L.T.Me_dL}$PEPTIDE1,PEPTIDE1,1:R1-7:R2$$$",-5.81400000,ok,,flexible
"PEPTIDE1{Me_Bal.T.meL.V.F.L.L}$PEPTIDE1,PEPTIDE1,1:R1-7:R2$$$",-5.79500000,ok,,flexible
"PEPTIDE1{Me_dA.meL.meA.Me_dL.meS.V.P}$PEPTIDE1,PEPTIDE1,1:R1-7:R2$$$",-6.01000000,ok,,flexible
"PEPTIDE1{dA.Me_dL.meL.L.meF.meL.Ser(tBu)}$PEPTIDE1,PEPTIDE1,1:R1-7:R2$$$",-5.19800000,ok,,flexible
"PEPTIDE1{dA.dP.meF.L.A.P.Me_dL}$PEPTIDE1,PEPTIDE1,1:R1-7:R2$$$",-6.85300000,ok,,flexible
"PEPTIDE1{dA.Abu.meF.Aoc(2).meL.Ser(tBu).L}$PEPTIDE1,PEPTIDE1,1:R1-7:R2$$$",-5.42900000,ok,,flexible
"PEPTIDE1{A.Bn_Gly.meL.I.L.T.Me_dA}$PEPTIDE1,PEPTIDE1,1:R1-7:R2$$$",-5.55000000,ok,,flexible
"PEPTIDE1{Me_dA.T.T.A.meF.Sar.I}$PEPTIDE1,PEPTIDE1,1:R1-7:R2$$$",-5.76200000,ok,,flexible
"PEPTIDE1{Me_dA.L.Ala(5-Tet).L.Ser(tBu).T.Abu}$PEPTIDE1,PEPTIDE1,1:R1-7:R2$$$",-5.38700000,ok,,flexible
"PEPTIDE1{meA.T.meL.Me_dL.L.dP.Me_dA}$PEPTIDE1,PEPTIDE1,1:R1-7:R2$$$",-5.89000000,ok,,flexible
"PEPTIDE1{meA.meL.A.T.T.Sar.T}$PEPTIDE1,PEPTIDE1,1:R1-7:R2$$$",-5.98300000,ok,,flexible
"PEPTIDE1{A.P.Abu.Sar.meL.T.meF}$PEPTIDE1,PEPTIDE1,1:R1-7:R2$$$",-6.56000000,ok,,flexible
"PEPTIDE1{meA.P.L.dL.L.A.Bn_Gly}$PEPTIDE1,PEPTIDE1,1:R1-7:R2$$$",-5.62200000,ok,,flexible
"PEPTIDE1{Mono6.L.Me_dL.dL.meL.Me_dL.F}$PEPTIDE1,PEPTIDE1,1:R1-7:R2$$$",-5.28200000,ok,,flexible
"PEPTIDE1{dA.Mono86.pentyl_Gly.A.I.meL.Mono84}$PEPTIDE1,PEPTIDE1,1:R1-7:R2$$$",-5.28400000,ok,,flexible
"PEPTIDE1{Sar.Me_dL.T.Bn_Gly.I.cHexCH2_Gly.V}$PEPTIDE1,PEPTIDE1,1:R1-7:R2$$$",-4.88100000,ok,,flexible
"PEPTIDE1{meA.meL.meF.dL.Me_dL.Ser(tBu).dP}$PEPTIDE1,PEPTIDE1,1:R1-7:R2$$$",-5.90000000,ok,,flexible
"PEPTIDE1{A.F.meA.meL.Ser(tBu).I.L}$PEPTIDE1,PEPTIDE1,1:R1-7:R2$$$",-5.24700000,ok,,flexible
"PEPTIDE1{Me_dA.Me_dL.dPye.Pr_Gly.V.meA.L}$PEPTIDE1,PEPTIDE1,1:R1-7:R2$$$",-5.19900000,ok,,flexible
"PEPTIDE1{dV.P.P.dP.V.L.T}$PEPTIDE1,PEPTIDE1,1:R1-7:R2$$$",-6.68000000,ok,,flexible
"PEPTIDE1{Me_dA.P.meF.meL.T.L.Sar}$PEPTIDE1,PEPTIDE1,1:R1-7:R2$$$",-6.42500000,ok,,flexible
"PEPTIDE1{dV.meF.Ala(5-Tet).I.T.meL.D}$PEPTIDE1,PEPTIDE1,1:R1-7:R2$$$",-5.94700000,ok,,flexible
"PEPTIDE1{dV.meS.L.Aoc(2).meA.T.Abu}$PEPTIDE1,PEPTIDE1,1:R1-7:R2$$$",-6.06700000,ok,,flexible
"PEPTIDE1{Mono6.T.meL.L.Sar.meA.Aoc(2)}$PEPTIDE1,PEPTIDE1,1:R1-7:R2$$$",-5.54200000,ok,,flexible
"PEPTIDE1{P.Pr_Gly.meL.Me_dL.A.dV.meL}$PEPTIDE1,PEPTIDE1,1:R1-7:R2$$$",-5.43600000,ok,,flexible
"PEPTIDE1{dF.meL.L.I.pentyl_Gly.Mono84.L}$PEPTIDE1,PEPTIDE1,1:R1-7:R2$$$",-5.27600000,ok,,flexible
"PEPTIDE1{Me_Bal.pentyl_Gly.meL.V.A.L.Me_dL}$PEPTIDE1,PEPTIDE1,1:R1-7:R2$$$",-4.91300000,ok,,flexible
"PEPTIDE1{dA.F.meL.L.meL.I.A}$PEPTIDE1,PEPTIDE1,1:R1-7:R2$$$",-6.08300000,ok,,flexible
"PEPTIDE1{dV.A.Abu.L.meS.T.Sar}$PEPTIDE1,PEPTIDE1,1:R1-7:R2$$$",-6.04700000,ok,,flexible
"PEPTIDE1{L.meL.meS.meA.T.meS.Abu}$PEPTIDE1,PEPTIDE1,1:R1-7:R2$$$",-6.13200000,ok,,flexible
"PEPTIDE1{dA.G.F.Ser(tBu).I.meL.A}$PEPTIDE1,PEPTIDE1,1:R1-7:R2$$$",-6.39100000,ok,,flexible
"PEPTIDE1{Me_Bal.L.T.meI.meL.meV.A}$PEPTIDE1,PEPTIDE1,1:R1-7:R2$$$",-5.54100000,ok,,flexible
"PEPTIDE1{meA.meS.meF.L.Aoc(2).P.Ser(tBu)}$PEPTIDE1,PEPTIDE1,1:R1-7:R2$$$",-5.66200000,ok,,flexible
"PEPTIDE1{meL.meS.meF.meA.T.I.Sar}$PEPTIDE1,PEPTIDE1,1:R1-7:R2$$$",-5.71100000,ok,,flexible
"PEPTIDE1{Me_dA.A.L.Abu.dL.meA.L}$PEPTIDE1,PEPTIDE1,1:R1-7:R2$$$",-5.85000000,ok,,flexible
"PEPTIDE1{Me_Bal.Pr_Gly.V.meL.A.dL.meA}$PEPTIDE1,PEPTIDE1,1:R1-7:R2$$$",-5.88000000,ok,,flexible
"PEPTIDE1{A.dA.Me_dA.V.meA.Me_dL.F}$PEPTIDE1,PEPTIDE1,1:R1-7:R2$$$",-6.27900000,ok,,flexible
"PEPTIDE1{meA.L.A.T.meF.meL.meL}$PEPTIDE1,PEPTIDE1,1:R1-7:R2$$$",-5.88800000,ok,,flexible
"PEPTIDE1{meA.dA.meL.L.meF.A.I}$PEPTIDE1,PEPTIDE1,1:R1-7:R2$$$",-6.38900000,ok,,flexible
"PEPTIDE1{dV.Ser(tBu).A.T.meL.L.Me_dA}$PEPTIDE1,PEPTIDE1,1:R1-7:R2$$$",-5.92800000,ok,,flexible
"PEPTIDE1{A.meS.V.meL.Ser(tBu).F.L}$PEPTIDE1,PEPTIDE1,1:R1-7:R2$$$",-6.48000000,ok,,flexible
"PEPTIDE1{A.Me_dL.L.meA.meL.meF.T}$PEPTIDE1,PEPTIDE1,1:R1-7:R2$$$",-6.01100000,ok,,flexible
"PEPTIDE1{meA.Sar.Pr_Gly.dL.A.G.V}$PEPTIDE1,PEPTIDE1,1:R1-7:R2$$$",-6.25900000,ok,,flexible
"PEPTIDE1{dV.dP.meA.meL.dL.L.I}$PEPTIDE1,PEPTIDE1,1:R1-7:R2$$$",-5.38700000,ok,,flexible
"PEPTIDE1{meA.meL.L.meL.Ser(tBu).meF.meY}$PEPTIDE1,PEPTIDE1,1:R1-7:R2$$$",-5.84000000,ok,,flexible
"PEPTIDE1{dA.L.A.T.P.Aoc(2).Me_dA}$PEPTIDE1,PEPTIDE1,1:R1-7:R2$$$",-5.70800000,ok,,flexible
"PEPTIDE1{dV.Me_dL.L.meL.meF.A.dP}$PEPTIDE1,PEPTIDE1,1:R1-7:R2$$$",-5.41000000,ok,,flexible
"PEPTIDE1{Me_dA.L.A.meA.Me_dL.meL.dP}$PEPTIDE1,PEPTIDE1,1:R1-7:R2$$$",-5.56900000,ok,,flexible
"PEPTIDE1{Me_dA.meA.meL.A.meF.meS.L}$PEPTIDE1,PEPTIDE1,1:R1-7:R2$$$",-6.26300000,ok,,flexible
"PEPTIDE1{Pr_Gly.Me_Nle.P.I.I.A.Ser(tBu)}$PEPTIDE1,PEPTIDE1,1:R1-7:R2$$$",-5.18200000,ok,,flexible
"PEPTIDE1{Sar.L.I.Me_Nle.Ser(tBu).T.A}$PEPTIDE1,PEPTIDE1,1:R1-7:R2$$$",-5.60400000,ok,,flexible
"PEPTIDE1{meA.T.Me_dL.L.T.meF.F}$PEPTIDE1,PEPTIDE1,1:R1-7:R2$$$",-5.86800000,ok,,flexible
"PEPTIDE1{Me_dA.A.Me_dL.meA.Me_dL.dP.V}$PEPTIDE1,PEPTIDE1,1:R1-7:R2$$$",-6.37100000,ok,,flexible
"PEPTIDE1{dV.dPye.F.A.meA.Me_dL.dP}$PEPTIDE1,PEPTIDE1,1:R1-7:R2$$$",-6.10500000,ok,,flexible
"PEPTIDE1{Me_Bal.A.Pr_Gly.dL.G.F.T}$PEPTIDE1,PEPTIDE1,1:R1-7:R2$$$",-6.31300000,ok,,flexible
"PEPTIDE1{dA.meS.meF.T.L.L.meA}$PEPTIDE1,PEPTIDE1,1:R1-7:R2$$$",-6.05400000,ok,,flexible
"PEPTIDE1{L.Ala(5-Tet).meL.Aoc(2).Sar.meA.meS}$PEPTIDE1,PEPTIDE1,1:R1-7:R2$$$",-5.23200000,ok,,flexible
"PEPTIDE1{Me_dA.T.meL.L.meL.dL.meA}$PEPTIDE1,PEPTIDE1,1:R1-7:R2$$$",-5.41100000,ok,,flexible
"PEPTIDE1{F.cHexCH2_Gly.I.A.dL.P.meA}$PEPTIDE1,PEPTIDE1,1:R1-7:R2$$$",-5.42500000,ok,,flexible
"PEPTIDE1{meL.F.meF.T.meS.dL.T}$PEPTIDE1,PEPTIDE1,1:R1-7:R2$$$",-5.88800000,ok,,flexible
"PEPTIDE1{A.L.F.meL.V.Pr_Gly.I}$PEPTIDE1,PEPTIDE1,1:R1-7:R2$$$",-5.23200000,ok,,flexible
"PEPTIDE1{Me_Bal.T.L.A.meS.T.dL}$PEPTIDE1,PEPTIDE1,1:R1-7:R2$$$",-5.75100000,ok,,flexible
"PEPTIDE1{dV.meF.meS.L.meL.Ala(5-Tet).dL}$PEPTIDE1,PEPTIDE1,1:R1-7:R2$$$",-5.23200000,ok,,flexible
"PEPTIDE1{A.G.meL.meV.T.V.Me_dA}$PEPTIDE1,PEPTIDE1,1:R1-7:R2$$$",-6.03700000,ok,,flexible
"PEPTIDE1{Me_dA.P.dL.I.pentyl_Gly.Me_dL.Ser(tBu)}$PEPTIDE1,PEPTIDE1,1:R1-7:R2$$$",-5.35400000,ok,,flexible
"PEPTIDE1{meA.dP.Sar.P.meL.V.A}$PEPTIDE1,PEPTIDE1,1:R1-7:R2$$$",-6.54000000,ok,,flexible
"PEPTIDE1{meA.L.P.Ser(tBu).meF.T.dL}$PEPTIDE1,PEPTIDE1,1:R1-7:R2$$$",-6.69900000,ok,,flexible
"PEPTIDE1{meA.Me_dL.L.T.Me_dL.dL.meA}$PEPTIDE1,PEPTIDE1,1:R1-7:R2$$$",-5.42800000,ok,,flexible
"PEPTIDE1{Me_dA.A.dL.L.meA.Sar.T}$PEPTIDE1,PEPTIDE1,1:R1-7:R2$$$",-5.56000000,ok,,flexible
"PEPTIDE1{L.Abu.meL.Ala(5-Tet).meA.meF.meL}$PEPTIDE1,PEPTIDE1,1:R1-7:R2$$$",-5.65300000,ok,,flexible
"PEPTIDE1{F.meL.A.L.meS.dA.dV}$PEPTIDE1,PEPTIDE1,1:R1-7:R2$$$",-6.24700000,ok,,flexible
"PEPTIDE1{meA.A.meL.meL.Me_dL.meF.P}$PEPTIDE1,PEPTIDE1,1:R1-7:R2$$$",-6.04100000,ok,,flexible
"PEPTIDE1{F.Mono38.L.A.I.pentyl_Gly.dL}$PEPTIDE1,PEPTIDE1,1:R1-7:R2$$$",-5.51100000,ok,,flexible
"PEPTIDE1{meL.Me_dL.T.A.meL.Ala(5-Tet).Sar}$PEPTIDE1,PEPTIDE1,1:R1-7:R2$$$",-6.20300000,ok,,flexible
"PEPTIDE1{Me_Bal.meL.A.T.F.dL.L}$PEPTIDE1,PEPTIDE1,1:R1-7:R2$$$",-5.87600000,ok,,flexible
"PEPTIDE1{Me_dA.A.T.I.F.meA.meL}$PEPTIDE1,PEPTIDE1,1:R1-7:R2$$$",-6.78200000,ok,,flexible
"PEPTIDE1{Me_Bal.meA.A.T.Me_dL.meF.meF}$PEPTIDE1,PEPTIDE1,1:R1-7:R2$$$",-6.48800000,ok,,flexible
"PEPTIDE1{P.F.Pr_Gly.L.meF.meL.T}$PEPTIDE1,PEPTIDE1,1:R1-7:R2$$$",-5.41500000,ok,,flexible
"PEPTIDE1{meA.Me_dL.T.T.meL.dA.L}$PEPTIDE1,PEPTIDE1,1:R1-7:R2$$$",-5.68600000,ok,,flexible
"PEPTIDE1{Me_Bal.A.P.Mono84.T.F.P}$PEPTIDE1,PEPTIDE1,1:R1-7:R2$$$",-7.67000000,ok,,flexible
"PEPTIDE1{meA.G.P.Ser(tBu).T.V.dL}$PEPTIDE1,PEPTIDE1,1:R1-7:R2$$$",-5.64400000,ok,,flexible
"PEPTIDE1{dF.Me_dA.meL.dP.Me_dL.T.A}$PEPTIDE1,PEPTIDE1,1:R1-7:R2$$$",-6.00300000,ok,,flexible
"PEPTIDE1{A.pentyl_Gly.meA.T.I.L.Me_dL}$PEPTIDE1,PEPTIDE1,1:R1-7:R2$$$",-5.47800000,ok,,flexible
"PEPTIDE1{Me_Bal.T.Me_dL.L.meF.T.meA}$PEPTIDE1,PEPTIDE1,1:R1-7:R2$$$",-6.06600000,ok,,flexible
"PEPTIDE1{dA.Abu.A.T.meL.Me_dL.T}$PEPTIDE1,PEPTIDE1,1:R1-7:R2$$$",-6.04400000,ok,,flexible
"PEPTIDE1{meA.L.Me_dL.A.P.Me_dL.I}$PEPTIDE1,PEPTIDE1,1:R1-7:R2$$$",-5.65900000,ok,,flexible
"PEPTIDE1{F.meL.meA.dL.P.dP.meF}$PEPTIDE1,PEPTIDE1,1:R1-7:R2$$$",-6.54100000,ok,,flexible
"PEPTIDE1{dA.Abu.L.Sar.T.meA.meL}$PEPTIDE1,PEPTIDE1,1:R1-7:R2$$$",-5.93500000,ok,,flexible
"PEPTIDE1{meA.L.dL.L.Ser(tBu).A.meL}$PEPTIDE1,PEPTIDE1,1:R1-7:R2$$$",-5.07400000,ok,,flexible
"PEPTIDE1{dA.Ser(tBu).meF.L.dL.Me_dA.meL}$PEPTIDE1,PEPTIDE1,1:R1-7:R2$$$",-5.46300000,ok,,flexible
"PEPTIDE1{Sar.Me_dL.Me_dA.dP.T.dL.meA}$PEPTIDE1,PEPTIDE1,1:R1-7:R2$$$",-6.07200000,ok,,flexible
"PEPTIDE1{A.F.meL.I.L.meA.T}$PEPTIDE1,PEPTIDE1,1:R1-7:R2$$$",-6.16600000,ok,,flexible
"PEPTIDE1{P.Pr_Gly.L.meA.meF.Me_dA.Ser(tBu)}$PEPTIDE1,PEPTIDE1,1:R1-7:R2$$$",-5.86700000,ok,,flexible
"PEPTIDE1{Mono6.dL.Mono38.Et_Gly.meL.cHexCH2_Gly.L}$PEPTIDE1,PEPTIDE1,1:R1-7:R2$$$",-6.04100000,ok,,flexible
"PEPTIDE1{L.Abu.meS.F.T.Ala(5-Tet).meF}$PEPTIDE1,PEPTIDE1,1:R1-7:R2$$$",-5.35900000,ok,,flexible
"PEPTIDE1{dA.G.meA.Pr_Gly.V.A.Me_dL}$PEPTIDE1,PEPTIDE1,1:R1-7:R2$$$",-5.79900000,ok,,flexible
"PEPTIDE1{Me_Bal.F.cHexCH2_Gly.pentyl_Gly.dL.V.meA}$PEPTIDE1,PEPTIDE1,1:R1-7:R2$$$",-6.12500000,ok,,flexible
"PEPTIDE1{Mono6.meL.L.F.P.dP.cHexCH2_Gly}$PEPTIDE1,PEPTIDE1,1:R1-7:R2$$$",-7.24900000,ok,,flexible
"PEPTIDE1{meA.meF.T.L.A.meL.dL}$PEPTIDE1,PEPTIDE1,1:R1-7:R2$$$",-5.75500000,ok,,flexible
"PEPTIDE1{F.A.meF.T.A.meL.L}$PEPTIDE1,PEPTIDE1,1:R1-7:R2$$$",-5.91300000,ok,,flexible
"PEPTIDE1{A.T.meL.dA.G.meA.Me_dL}$PEPTIDE1,PEPTIDE1,1:R1-7:R2$$$",-5.95900000,ok,,flexible
"PEPTIDE1{A.meA.meF.meL.V.T.V}$PEPTIDE1,PEPTIDE1,1:R1-7:R2$$$",-5.87600000,ok,,flexible
"PEPTIDE1{A.meA.meL.T.3Pal.I.Aoc(2)}$PEPTIDE1,PEPTIDE1,1:R1-7:R2$$$",-6.06700000,ok,,flexible
"PEPTIDE1{Me_dA.L.dL.dA.Me_dL.meL.meS}$PEPTIDE1,PEPTIDE1,1:R1-7:R2$$$",-5.86400000,ok,,flexible
"PEPTIDE1{dV.L.T.I.A.Abu.L}$PEPTIDE1,PEPTIDE1,1:R1-7:R2$$$",-5.62100000,ok,,flexible
"PEPTIDE1{meL.L.Sar.meA.I.meF.T}$PEPTIDE1,PEPTIDE1,1:R1-7:R2$$$",-6.21300000,ok,,flexible
"PEPTIDE1{dA.dP.T.meA.V.Me_dL.meF}$PEPTIDE1,PEPTIDE1,1:R1-7:R2$$$",-6.53700000,ok,,flexible
"PEPTIDE1{dV.T.L.dL.V.I.T}$PEPTIDE1,PEPTIDE1,1:R1-7:R2$$$",-5.50800000,ok,,flexible
"PEPTIDE1{P.meL.F.A.dP.L.dL}$PEPTIDE1,PEPTIDE1,1:R1-7:R2$$$",-6.77600000,ok,,flexible
"PEPTIDE1{L.Abu.meF.meL.meS.Me_dA.T}$PEPTIDE1,PEPTIDE1,1:R1-7:R2$$$",-6.04200000,ok,,flexible
"PEPTIDE1{F.pentyl_Gly.I.meL.Et_Gly.meL.dL}$PEPTIDE1,PEPTIDE1,1:R1-7:R2$$$",-4.90500000,ok,,flexible
"PEPTIDE1{L.cHexCH2_Gly.dL.Mono86.Mono84.dP.Me_dL}$PEPTIDE1,PEPTIDE1,1:R1-7:R2$$$",-6.39500000,ok,,flexible
"PEPTIDE1{Mono6.T.meF.L.V.Sar.meL}$PEPTIDE1,PEPTIDE1,1:R1-7:R2$$$",-5.57900000,ok,,flexible
"PEPTIDE1{Pr_Gly.pentyl_Gly.T.I.L.P.dP}$PEPTIDE1,PEPTIDE1,1:R1-7:R2$$$",-5.95700000,ok,,flexible
"PEPTIDE1{dA.meF.meL.L.meS.Sar.meA}$PEPTIDE1,PEPTIDE1,1:R1-7:R2$$$",-5.66400000,ok,,flexible
"PEPTIDE1{Sar.Mono86.cHexCH2_Gly.I.L.meL.Mono84}$PEPTIDE1,PEPTIDE1,1:R1-7:R2$$$",-5.90300000,ok,,flexible
"PEPTIDE1{dA.F.Me_dL.Ser(tBu).dL.L.T}$PEPTIDE1,PEPTIDE1,1:R1-7:R2$$$",-5.39700000,ok,,flexible
"PEPTIDE1{Mono6.dL.meL.Me_dL.meA.T.Ser(tBu)}$PEPTIDE1,PEPTIDE1,1:R1-7:R2$$$",-5.41200000,ok,,flexible
"PEPTIDE1{dV.P.meS.dP.meA.L.Me_dA}$PEPTIDE1,PEPTIDE1,1:R1-7:R2$$$",-6.05900000,ok,,flexible
"PEPTIDE1{dA.A.meL.dL.Mono78.P.T}$PEPTIDE1,PEPTIDE1,1:R1-7:R2$$$",-5.69600000,ok,,flexible
"PEPTIDE1{A.Me_dL.Sar.meL.I.F.G}$PEPTIDE1,PEPTIDE1,1:R1-7:R2$$$",-5.72000000,ok,,flexible
"PEPTIDE1{L.meL.meA.dL.meL.meS.T}$PEPTIDE1,PEPTIDE1,1:R1-7:R2$$$",-4.97300000,ok,,flexible
"PEPTIDE1{meA.Pr_Gly.meL.A.L.dL.V}$PEPTIDE1,PEPTIDE1,1:R1-7:R2$$$",-6.11700000,ok,,flexible
"PEPTIDE1{A.Me_dL.L.Abu.T.meL.meF}$PEPTIDE1,PEPTIDE1,1:R1-7:R2$$$",-5.60500000,ok,,flexible
"PEPTIDE1{A.meA.meF.Ser(tBu).L.meS.dL}$PEPTIDE1,PEPTIDE1,1:R1-7:R2$$$",-5.51300000,ok,,flexible
"PEPTIDE1{dF.F.meA.L.Me_Phe(3-Cl).Ser(tBu).dL}$PEPTIDE1,PEPTIDE1,1:R1-7:R2$$$",-6.19600000,ok,,flexible
"PEPTIDE1{Pr_Gly.Me_dL.V.L.dP.meL.T}$PEPTIDE1,PEPTIDE1,1:R1-7:R2$$$",-5.65400000,ok,,flexible
"PEPTIDE1{meA.dL.meV.Me_dL.meV.L.meF}$PEPTIDE1,PEPTIDE1,1:R1-7:R2$$$",-5.90100000,ok,,flexible
"PEPTIDE1{A.P.L.meA.meL.dL.Me_dL}$PEPTIDE1,PEPTIDE1,1:R1-7:R2$$$",-5.40400000,ok,,flexible
"PEPTIDE1{dP.meA.L.T.dL.V.meF}$PEPTIDE1,PEPTIDE1,1:R1-7:R2$$$",-5.87800000,ok,,flexible
"PEPTIDE1{meA.dPye.dL.F.Me_dL.meL.V}$PEPTIDE1,PEPTIDE1,1:R1-7:R2$$$",-5.85900000,ok,,flexible
"PEPTIDE1{F.3Pal.cHexCH2_Gly.dP.A.meL.Ser(tBu)}$PEPTIDE1,PEPTIDE1,1:R1-7:R2$$$",-6.03100000,ok,,flexible
"PEPTIDE1{L.meL.meS.Me_dA.T.Abu.Ala(5-Tet)}$PEPTIDE1,PEPTIDE1,1:R1-7:R2$$$",-5.41200000,ok,,flexible
"PEPTIDE1{meA.Me_dL.L.meF.meL.dL.Mono7}$PEPTIDE1,PEPTIDE1,1:R1-7:R2$$$",-5.47900000,ok,,flexible
"PEPTIDE1{A.P.I.T.meS.T.meL}$PEPTIDE1,PEPTIDE1,1:R1-7:R2$$$",-5.67100000,ok,,flexible
"PEPTIDE1{Me_dA.A.G.I.T.F.L}$PEPTIDE1,PEPTIDE1,1:R1-7:R2$$$",-5.29500000,ok,,flexible
"PEPTIDE1{Me_Bal.A.meL.V.T.dA.dL}$PEPTIDE1,PEPTIDE1,1:R1-7:R2$$$",-5.58900000,ok,,flexible
"PEPTIDE1{dF.L.Me_dA.meA.dL.meL.L}$PEPTIDE1,PEPTIDE1,1:R1-7:R2$$$",-6.49600000,ok,,flexible
"PEPTIDE1{Pr_Gly.dA.Me_dL.V.Me_dA.meA.L}$PEPTIDE1,PEPTIDE1,1:R1-7:R2$$$",-6.28800000,ok,,flexible
"PEPTIDE1{dV.Abu.F.L.meF.meA.A}$PEPTIDE1,PEPTIDE1,1:R1-7:R2$$$",-6.64200000,ok,,flexible
"PEPTIDE1{Me_dA.Me_dL.meL.V.meA.dL.L}$PEPTIDE1,PEPTIDE1,1:R1-7:R2$$$",-5.01300000,ok,,flexible
"PEPTIDE1{dA.dPye.I.meL.meF.Me_dL.Ser(tBu)}$PEPTIDE1,PEPTIDE1,1:R1-7:R2$$$",-5.10800000,ok,,flexible
"PEPTIDE1{meA.L.Me_dA.F.meL.meF.dL}$PEPTIDE1,PEPTIDE1,1:R1-7:R2$$$",-5.65100000,ok,,flexible
"PEPTIDE1{meL.A.meA.Abu.meF.F.L}$PEPTIDE1,PEPTIDE1,1:R1-7:R2$$$",-5.67400000,ok,,flexible
"PEPTIDE1{meL.A.meA.Aoc(2).Abu.Ala(5-Tet).P}$PEPTIDE1,PEPTIDE1,1:R1-7:R2$$$",-5.76000000,ok,,flexible
"PEPTIDE1{Pr_Gly.meL.T.meA.Me_dA.L.Ala(5-Tet)}$PEPTIDE1,PEPTIDE1,1:R1-7:R2$$$",-6.03100000,ok,,flexible
"PEPTIDE1{Mono6.Me_Nle.L.Ser(tBu).T.dL.meF}$PEPTIDE1,PEPTIDE1,1:R1-7:R2$$$",-5.20800000,ok,,flexible
"PEPTIDE1{meA.A.L.meL.Abu.I.Ala(5-Tet)}$PEPTIDE1,PEPTIDE1,1:R1-7:R2$$$",-5.64800000,ok,,flexible
"PEPTIDE1{dP.dA.Me_dA.Pr_Gly.meA.dPye.Me_dL}$PEPTIDE1,PEPTIDE1,1:R1-7:R2$$$",-5.70100000,ok,,flexible
"PEPTIDE1{Me_Bal.T.meL.dP.L.P.V}$PEPTIDE1,PEPTIDE1,1:R1-7:R2$$$",-5.56200000,ok,,flexible
"PEPTIDE1{meA.meL.F.T.L.V.meL}$PEPTIDE1,PEPTIDE1,1:R1-7:R2$$$",-5.89400000,ok,,flexible
"PEPTIDE1{dP.meF.Me_dL.Me_Abu.L.meY.Me_dL}$PEPTIDE1,PEPTIDE1,1:R1-7:R2$$$",-6.74000000,ok,,flexible
"PEPTIDE1{Me_dA.A.meL.Ser(tBu).V.P.L}$PEPTIDE1,PEPTIDE1,1:R1-7:R2$$$",-5.04600000,ok,,flexible
"PEPTIDE1{meL.L.Me_dL.meV.T.dL.L}$PEPTIDE1,PEPTIDE1,1:R1-7:R2$$$",-5.17500000,ok,,flexible
"PEPTIDE1{meA.meL.V.meI.L.F.Ser(tBu)}$PEPTIDE1,PEPTIDE1,1:R1-7:R2$$$",-5.17400000,ok,,flexible
"PEPTIDE1{L.A.meF.Me_dA.T.dL.I}$PEPTIDE1,PEPTIDE1,1:R1-7:R2$$$",-5.79000000,ok,,flexible
"PEPTIDE1{Me_dA.P.A.meF.dL.Aoc(2).Ser(tBu)}$PEPTIDE1,PEPTIDE1,1:R1-7:R2$$$",-5.60100000,ok,,flexible
"PEPTIDE1{Me_dA.Mono38.P.Me_dL.L.meL.dP}$PEPTIDE1,PEPTIDE1,1:R1-7:R2$$$",-5.90900000,ok,,flexible
"PEPTIDE1{A.pentyl_Gly.Ser(tBu).meL.I.L.meF}$PEPTIDE1,PEPTIDE1,1:R1-7:R2$$$",-5.08200000,ok,,flexible
"PEPTIDE1{Mono6.Me_Nle.T.L.meL.P.dL}$PEPTIDE1,PEPTIDE1,1:R1-7:R2$$$",-5.14800000,ok,,flexible
"PEPTIDE1{Me_dA.A.P.T.F.V.dP}$PEPTIDE1,PEPTIDE1,1:R1-7:R2$$$",-6.63600000,ok,,flexible
"PEPTIDE1{dF.pentyl_Gly.I.dP.meF.A.dL}$PEPTIDE1,PEPTIDE1,1:R1-7:R2$$$",-5.26100000,ok,,flexible
"PEPTIDE1{meA.meL.I.dL.P.Me_dL.L}$PEPTIDE1,PEPTIDE1,1:R1-7:R2$$$",-5.09400000,ok,,flexible
"PEPTIDE1{dP.Me_Phe(3-Cl).V.Me_dL.L.I.Ser(tBu)}$PEPTIDE1,PEPTIDE1,1:R1-7:R2$$$",-5.78900000,ok,,flexible
"PEPTIDE1{dF.A.meS.T.meL.meL.L}$PEPTIDE1,PEPTIDE1,1:R1-7:R2$$$",-5.74900000,ok,,flexible
"PEPTIDE1{A.dL.pentyl_Gly.meI.L.Ser(tBu).meA}$PEPTIDE1,PEPTIDE1,1:R1-7:R2$$$",-4.89600000,ok,,flexible
"PEPTIDE1{A.T.T.dL.L.Me_dL.meA}$PEPTIDE1,PEPTIDE1,1:R1-7:R2$$$",-5.53000000,ok,,flexible
"PEPTIDE1{A.T.Me_dA.Me_dL.dP.meL.meL}$PEPTIDE1,PEPTIDE1,1:R1-7:R2$$$",-5.49100000,ok,,flexible
"PEPTIDE1{dA.meL.meF.Me_dL.V.meA.Ser(tBu)}$PEPTIDE1,PEPTIDE1,1:R1-7:R2$$$",-5.86000000,ok,,flexible
"PEPTIDE1{Me_Bal.L.Me_dL.Ser(tBu).meF.meI.meV}$PEPTIDE1,PEPTIDE1,1:R1-7:R2$$$",-4.97200000,ok,,flexible
"PEPTIDE1{Sar.P.Mono86.Me_dL.T.meL.L}$PEPTIDE1,PEPTIDE1,1:R1-7:R2$$$",-6.24500000,ok,,flexible
"PEPTIDE1{dA.Me_Nle.dL.P.dP.T.Ser(tBu)}$PEPTIDE1,PEPTIDE1,1:R1-7:R2$$$",-5.51200000,ok,,flexible
"PEPTIDE1{Me_dA.Pr_Gly.meA.A.G.V.L}$PEPTIDE1,PEPTIDE1,1:R1-7:R2$$$",-6.41200000,ok,,flexible
"PEPTIDE1{Me_Bal.L.meL.F.F.T.P}$PEPTIDE1,PEPTIDE1,1:R1-7:R2$$$",-5.94000000,ok,,flexible
"PEPTIDE1{dV.T.Me_dL.A.dL.Abu.L}$PEPTIDE1,PEPTIDE1,1:R1-7:R2$$$",-5.62900000,ok,,flexible
"PEPTIDE1{F.Ser(tBu).dP.I.meF.Me_dL.L}$PEPTIDE1,PEPTIDE1,1:R1-7:R2$$$",-5.38800000,ok,,flexible
"PEPTIDE1{dF.Mono38.cHexCH2_Gly.L.dP.Ser(tBu).P}$PEPTIDE1,PEPTIDE1,1:R1-7:R2$$$",-5.83500000,ok,,flexible
"PEPTIDE1{meA.G.dL.Me_dL.I.T.meL}$PEPTIDE1,PEPTIDE1,1:R1-7:R2$$$",-5.51500000,ok,,flexible
"PEPTIDE1{meA.L.meL.pentyl_Gly.V.T.T}$PEPTIDE1,PEPTIDE1,1:R1-7:R2$$$",-5.26700000,ok,,flexible
"PEPTIDE1{meA.cHexCH2_Gly.A.pentyl_Gly.I.meL.Mono84}$PEPTIDE1,PEPTIDE1,1:R1-7:R2$$$",-5.22100000,ok,,flexible
"PEPTIDE1{Me_Bal.Ser(tBu).meL.A.dL.dP.P}$PEPTIDE1,PEPTIDE1,1:R1-7:R2$$$",-6.17600000,ok,,flexible
"PEPTIDE1{Me_Bal.L.meF.Sar.meA.V.meL}$PEPTIDE1,PEPTIDE1,1:R1-7:R2$$$",-6.26000000,ok,,flexible
"PEPTIDE1{Me_dA.dA.F.T.V.dP.Me_dL}$PEPTIDE1,PEPTIDE1,1:R1-7:R2$$$",-6.37200000,ok,,flexible
"PEPTIDE1{Sar.T.T.dL.Me_dL.meA.P}$PEPTIDE1,PEPTIDE1,1:R1-7:R2$$$",-5.66200000,ok,,flexible
"PEPTIDE1{meA.V.P.meL.F.dL.G}$PEPTIDE1,PEPTIDE1,1:R1-7:R2$$$",-5.78700000,ok,,flexible
"PEPTIDE1{Me_dA.Me_Nle.L.F.dP.Ser(tBu).D}$PEPTIDE1,PEPTIDE1,1:R1-7:R2$$$",-5.58600000,ok,,flexible
"PEPTIDE1{A.L.meL.P.V.meA.dV}$PEPTIDE1,PEPTIDE1,1:R1-7:R2$$$",-6.08400000,ok,,flexible
"PEPTIDE1{Mono6.Me_dL.A.meA.T.meL.meF}$PEPTIDE1,PEPTIDE1,1:R1-7:R2$$$",-6.15900000,ok,,flexible
"PEPTIDE1{Me_Bal.meF.Me_dL.T.L.meL.Sar}$PEPTIDE1,PEPTIDE1,1:R1-7:R2$$$",-5.96600000,ok,,flexible
"PEPTIDE1{meA.V.Mono78.meL.P.I.L}$PEPTIDE1,PEPTIDE1,1:R1-7:R2$$$",-6.11800000,ok,,flexible
"PEPTIDE1{meA.G.Me_dL.meV.V.L.cHexCH2_Gly}$PEPTIDE1,PEPTIDE1,1:R1-7:R2$$$",-5.48400000,ok,,flexible
"PEPTIDE1{dV.T.meL.meA.Me_dL.Abu.L}$PEPTIDE1,PEPTIDE1,1:R1-7:R2$$$",-5.56100000,ok,,flexible
"PEPTIDE1{Me_Bal.T.T.F.meV.P.meL}$PEPTIDE1,PEPTIDE1,1:R1-7:R2$$$",-6.16400000,ok,,flexible
"PEPTIDE1{Pr_Gly.Mono38.A.dL.A.Ser(tBu).meA}$PEPTIDE1,PEPTIDE1,1:R1-7:R2$$$",-6.01900000,ok,,flexible
"PEPTIDE1{meA.A.dA.V.meL.Sar.T}$PEPTIDE1,PEPTIDE1,1:R1-7:R2$$$",-6.42800000,ok,,flexible
"PEPTIDE1{Me_dA.meL.meS.A.meL.T.Aoc(2)}$PEPTIDE1,PEPTIDE1,1:R1-7:R2$$$",-5.27400000,ok,,flexible
"PEPTIDE1{A.meL.meL.meF.I.Aoc(2).Me_dA}$PEPTIDE1,PEPTIDE1,1:R1-7:R2$$$",-5.31500000,ok,,flexible
"PEPTIDE1{meA.T.meS.P.T.A.Abu}$PEPTIDE1,PEPTIDE1,1:R1-7:R2$$$",-6.07800000,ok,,flexible
"PEPTIDE1{L.pentyl_Gly.Abu.D.T.meL.meS}$PEPTIDE1,PEPTIDE1,1:R1-7:R2$$$",-5.24200000,ok,,flexible
"PEPTIDE1{meA.Me_dL.Abu.L.F.meS.Me_dA}$PEPTIDE1,PEPTIDE1,1:R1-7:R2$$$",-6.13600000,ok,,flexible
"PEPTIDE1{L.meS.meA.A.meL.V.Me_dL}$PEPTIDE1,PEPTIDE1,1:R1-7:R2$$$",-5.58800000,ok,,flexible
"PEPTIDE1{Me_dA.Me_Nle.meL.I.Me_Phe(3-Cl).Et_Gly.dL}$PEPTIDE1,PEPTIDE1,1:R1-7:R2$$$",-5.02200000,ok,,flexible
"PEPTIDE1{Me_dA.P.meL.L.meA.L.V}$PEPTIDE1,PEPTIDE1,1:R1-7:R2$$$",-5.87700000,ok,,flexible
"PEPTIDE1{Pr_Gly.A.dF.F.dP.P.T}$PEPTIDE1,PEPTIDE1,1:R1-7:R2$$$",-6.25500000,ok,,flexible
"PEPTIDE1{Me_dA.dP.P.dL.T.meL.P}$PEPTIDE1,PEPTIDE1,1:R1-7:R2$$$",-6.74900000,ok,,flexible
"PEPTIDE1{meA.L.dL.L.meL.I.cHexCH2_Gly}$PEPTIDE1,PEPTIDE1,1:R1-7:R2$$$",-5.48900000,ok,,flexible
"PEPTIDE1{meL.Abu.L.meL.Aoc(2).meS.Ala(5-Tet)}$PEPTIDE1,PEPTIDE1,1:R1-7:R2$$$",-5.31700000,ok,,flexible
"PEPTIDE1{Me_dA.P.A.meA.meA.V.Me_dL}$PEPTIDE1,PEPTIDE1,1:R1-7:R2$$$",-6.23500000,ok,,flexible
"PEPTIDE1{dV.Sar.P.meF.T.A.T}$PEPTIDE1,PEPTIDE1,1:R1-7:R2$$$",-6.81900000,ok,,flexible
"PEPTIDE1{meA.Me_dA.meL.dL.Me_Phe(3-Cl).L.dL}$PEPTIDE1,PEPTIDE1,1:R1-7:R2$$$",-6.29300000,ok,,flexible
"PEPTIDE1{meA.dL.meF.Me_dL.meL.Abu.L}$PEPTIDE1,PEPTIDE1,1:R1-7:R2$$$",-5.17400000,ok,,flexible
"PEPTIDE1{meA.pentyl_Gly.A.Ser(tBu).L.dL.Me_Phe(3-Cl)}$PEPTIDE1,PEPTIDE1,1:R1-7:R2$$$",-5.41100000,ok,,flexible
"PEPTIDE1{Pr_Gly.dP.meF.Me_dL.Me_Abu.pentyl_Gly.T}$PEPTIDE1,PEPTIDE1,1:R1-7:R2$$$",-5.39300000,ok,,flexible
"PEPTIDE1{meA.A.L.meY.dL.L.I}$PEPTIDE1,PEPTIDE1,1:R1-7:R2$$$",-6.15100000,ok,,flexible
"PEPTIDE1{dV.I.T.meL.dL.L.P}$PEPTIDE1,PEPTIDE1,1:R1-7:R2$$$",-5.66900000,ok,,flexible
"PEPTIDE1{L.dL.P.T.meA.dV.V}$PEPTIDE1,PEPTIDE1,1:R1-7:R2$$$",-5.96300000,ok,,flexible
"PEPTIDE1{A.dA.Me_dA.dL.Me_dL.meV.meL}$PEPTIDE1,PEPTIDE1,1:R1-7:R2$$$",-5.97300000,ok,,flexible
"PEPTIDE1{Me_Bal.dP.meA.Me_dL.meF.V.A}$PEPTIDE1,PEPTIDE1,1:R1-7:R2$$$",-6.94600000,ok,,flexible
"PEPTIDE1{F.L.L.P.dP.Abu.meS}$PEPTIDE1,PEPTIDE1,1:R1-7:R2$$$",-5.96600000,ok,,flexible
"PEPTIDE1{F.pentyl_Gly.dL.meL.L.Me_Phe(3-Cl).A}$PEPTIDE1,PEPTIDE1,1:R1-7:R2$$$",-5.47800000,ok,,flexible
"PEPTIDE1{Me_dA.Me_Phe(3-Cl).L.F.meA.Me_dL.T}$PEPTIDE1,PEPTIDE1,1:R1-7:R2$$$",-6.98300000,ok,,flexible
"PEPTIDE1{dV.G.P.meL.dL.Me_dA.L}$PEPTIDE1,PEPTIDE1,1:R1-7:R2$$$",-6.28700000,ok,,flexible
"PEPTIDE1{Mono6.meL.T.dL.meL.A.L}$PEPTIDE1,PEPTIDE1,1:R1-7:R2$$$",-5.63800000,ok,,flexible
"PEPTIDE1{Pr_Gly.A.Me_dA.Me_dL.meA.meL.L}$PEPTIDE1,PEPTIDE1,1:R1-7:R2$$$",-5.10800000,ok,,flexible
"PEPTIDE1{Me_dA.dA.V.meA.meF.L.Me_dL}$PEPTIDE1,PEPTIDE1,1:R1-7:R2$$$",-5.92300000,ok,,flexible
"PEPTIDE1{A.meL.Abu.meS.meS.Me_dA.meL}$PEPTIDE1,PEPTIDE1,1:R1-7:R2$$$",-5.95300000,ok,,flexible
"PEPTIDE1{dA.meF.dL.meS.L.meL.Ala(5-Tet)}$PEPTIDE1,PEPTIDE1,1:R1-7:R2$$$",-6.09000000,ok,,flexible
"PEPTIDE1{P.Me_dA.G.L.Ser(tBu).Me_dL.F}$PEPTIDE1,PEPTIDE1,1:R1-7:R2$$$",-5.87500000,ok,,flexible
"PEPTIDE1{Me_Bal.pentyl_Gly.P.Ser(tBu).cHexCH2_Gly.dL.A}$PEPTIDE1,PEPTIDE1,1:R1-7:R2$$$",-5.66500000,ok,,flexible
"PEPTIDE1{Pr_Gly.Me_dAbu.Me_dL.meL.meA.Me_dA.P}$PEPTIDE1,PEPTIDE1,1:R1-7:R2$$$",-5.44800000,ok,,flexible
"PEPTIDE1{A.P.meA.Ser(tBu).Me_dL.T.I}$PEPTIDE1,PEPTIDE1,1:R1-7:R2$$$",-5.70400000,ok,,flexible
"PEPTIDE1{Pr_Gly.G.T.V.meL.I.L}$PEPTIDE1,PEPTIDE1,1:R1-7:R2$$$",-5.63200000,ok,,flexible
"PEPTIDE1{A.L.meA.L.dL.I.T}$PEPTIDE1,PEPTIDE1,1:R1-7:R2$$$",-5.68200000,ok,,flexible
"PEPTIDE1{meA.cHexCH2_Gly.dP.I.T.L.Mono84}$PEPTIDE1,PEPTIDE1,1:R1-7:R2$$$",-6.76300000,ok,,flexible
"PEPTIDE1{Me_Bal.Me_dA.meA.V.dV.Me_dL.meL}$PEPTIDE1,PEPTIDE1,1:R1-7:R2$$$",-6.01400000,ok,,flexible
"PEPTIDE1{meA.T.L.meF.V.meL.meV}$PEPTIDE1,PEPTIDE1,1:R1-7:R2$$$",-5.47100000,ok,,flexible
"PEPTIDE1{L.A.meL.Me_dL.meS.Sar.meA}$PEPTIDE1,PEPTIDE1,1:R1-7:R2$$$",-5.46300000,ok,,flexible
"PEPTIDE1{dV.meL.Abu.meL.meA.Me_dA.T}$PEPTIDE1,PEPTIDE1,1:R1-7:R2$$$",-5.57000000,ok,,flexible
"PEPTIDE1{meA.meV.Me_dL.V.I.T.V}$PEPTIDE1,PEPTIDE1,1:R1-7:R2$$$",-5.29700000,ok,,flexible
"PEPTIDE1{meA.A.P.Me_dL.meL.meF.I}$PEPTIDE1,PEPTIDE1,1:R1-7:R2$$$",-6.21700000,ok,,flexible
"PEPTIDE1{Me_Bal.Ser(tBu).meA.I.L.cHexCH2_Gly.A}$PEPTIDE1,PEPTIDE1,1:R1-7:R2$$$",-6.10700000,ok,,flexible
"PEPTIDE1{A.meL.dL.3Pal.L.Mono84.T}$PEPTIDE1,PEPTIDE1,1:R1-7:R2$$$",-5.88800000,ok,,flexible
"PEPTIDE1{meA.meL.A.P.dP.Mono86.T}$PEPTIDE1,PEPTIDE1,1:R1-7:R2$$$",-6.41700000,ok,,flexible
"PEPTIDE1{dP.G.Pr_Gly.meA.Me_dL.I.F}$PEPTIDE1,PEPTIDE1,1:R1-7:R2$$$",-6.27400000,ok,,flexible
"PEPTIDE1{Mono6.meL.P.meA.Me_dA.T.meL}$PEPTIDE1,PEPTIDE1,1:R1-7:R2$$$",-6.04600000,ok,,flexible
"PEPTIDE1{dV.Sar.meA.L.V.dL.meL}$PEPTIDE1,PEPTIDE1,1:R1-7:R2$$$",-5.56000000,ok,,flexible
"PEPTIDE1{F.L.Aoc(2).meS.Abu.meL.meL}$PEPTIDE1,PEPTIDE1,1:R1-7:R2$$$",-4.47400000,ok,,flexible
"PEPTIDE1{meA.meL.Me_dL.P.T.meL.dP}$PEPTIDE1,PEPTIDE1,1:R1-7:R2$$$",-5.49200000,ok,,flexible
"PEPTIDE1{F.Mono38.pentyl_Gly.dL.V.dP.I}$PEPTIDE1,PEPTIDE1,1:R1-7:R2$$$",-5.53400000,ok,,flexible
"PEPTIDE1{A.F.Me_dA.Me_dL.meA.meL.L}$PEPTIDE1,PEPTIDE1,1:R1-7:R2$$$",-5.91700000,ok,,flexible
"PEPTIDE1{Me_Bal.T.I.meL.Ser(tBu).A.Me_Phe(3-Cl)}$PEPTIDE1,PEPTIDE1,1:R1-7:R2$$$",-5.82000000,ok,,flexible
"PEPTIDE1{dA.L.T.meS.dP.meA.meL}$PEPTIDE1,PEPTIDE1,1:R1-7:R2$$$",-5.85400000,ok,,flexible
"PEPTIDE1{meL.A.F.meF.dL.T.cHexCH2_Gly}$PEPTIDE1,PEPTIDE1,1:R1-7:R2$$$",-5.91000000,ok,,flexible
"PEPTIDE1{Mono6.meA.Abu.Sar.Me_dL.T.L}$PEPTIDE1,PEPTIDE1,1:R1-7:R2$$$",-6.35400000,ok,,flexible
"PEPTIDE1{F.cHexCH2_Gly.pentyl_Gly.L.meF.L.P}$PEPTIDE1,PEPTIDE1,1:R1-7:R2$$$",-5.93200000,ok,,flexible
"PEPTIDE1{F.T.A.meA.A.meF.meL}$PEPTIDE1,PEPTIDE1,1:R1-7:R2$$$",-5.79700000,ok,,flexible
"PEPTIDE1{meA.meL.dP.T.Me_dL.P.L}$PEPTIDE1,PEPTIDE1,1:R1-7:R2$$$",-6.33200000,ok,,flexible
"PEPTIDE1{dA.Pr_Gly.T.meL.L.dL.dF}$PEPTIDE1,PEPTIDE1,1:R1-7:R2$$$",-5.97200000,ok,,flexible
"PEPTIDE1{Me_Bal.A.Pr_Gly.F.meL.L.meY}$PEPTIDE1,PEPTIDE1,1:R1-7:R2$$$",-5.98300000,ok,,flexible
"PEPTIDE1{L.T.meL.A.meF.I.Abu}$PEPTIDE1,PEPTIDE1,1:R1-7:R2$$$",-5.43800000,ok,,flexible
"PEPTIDE1{Me_Bal.A.dL.meA.V.L.meL}$PEPTIDE1,PEPTIDE1,1:R1-7:R2$$$",-5.64300000,ok,,flexible
"PEPTIDE1{meA.P.cHexCH2_Gly.pentyl_Gly.dP.T.meL}$PEPTIDE1,PEPTIDE1,1:R1-7:R2$$$",-5.40500000,ok,,flexible
"PEPTIDE1{Mono6.meL.dP.meL.Me_dA.T.meF}$PEPTIDE1,PEPTIDE1,1:R1-7:R2$$$",-5.42500000,ok,,flexible
"PEPTIDE1{meA.meL.A.Me_dL.F.dP.meA}$PEPTIDE1,PEPTIDE1,1:R1-7:R2$$$",-7.32400000,ok,,flexible
"PEPTIDE1{dV.meA.L.meL.T.Ala(5-Tet).A}$PEPTIDE1,PEPTIDE1,1:R1-7:R2$$$",-6.00600000,ok,,flexible
"PEPTIDE1{Me_dA.meL.dP.Me_dL.meL.T.dL}$PEPTIDE1,PEPTIDE1,1:R1-7:R2$$$",-5.40100000,ok,,flexible
"PEPTIDE1{meA.dA.L.Ser(tBu).Me_dL.P.V}$PEPTIDE1,PEPTIDE1,1:R1-7:R2$$$",-6.22400000,ok,,flexible
"PEPTIDE1{dA.meF.T.V.I.meA.L}$PEPTIDE1,PEPTIDE1,1:R1-7:R2$$$",-6.27700000,ok,,flexible
"PEPTIDE1{meA.A.dL.V.meL.F.Mono78}$PEPTIDE1,PEPTIDE1,1:R1-7:R2$$$",-6.58500000,ok,,flexible
"PEPTIDE1{P.Me_dA.Me_dL.L.meA.meL.F}$PEPTIDE1,PEPTIDE1,1:R1-7:R2$$$",-6.27900000,ok,,flexible
"PEPTIDE1{Me_Bal.L.meL.A.I.3Pal.A}$PEPTIDE1,PEPTIDE1,1:R1-7:R2$$$",-6.02000000,ok,,flexible
"PEPTIDE1{meL.Mono38.A.P.L.Et_Gly.dP}$PEPTIDE1,PEPTIDE1,1:R1-7:R2$$$",-6.77600000,ok,,flexible
"PEPTIDE1{L.Me_dA.Me_Phe(3-Cl).meA.dL.V.A}$PEPTIDE1,PEPTIDE1,1:R1-7:R2$$$",-6.74400000,ok,,flexible
"PEPTIDE1{meL.meA.L.meS.meF.A.meL}$PEPTIDE1,PEPTIDE1,1:R1-7:R2$$$",-6.03600000,ok,,flexible
"PEPTIDE1{P.Pr_Gly.Ser(tBu).F.dL.T.L}$PEPTIDE1,PEPTIDE1,1:R1-7:R2$$$",-5.30800000,ok,,flexible
"PEPTIDE1{Me_Bal.A.meA.I.I.meL.F}$PEPTIDE1,PEPTIDE1,1:R1-7:R2$$$",-6.39400000,ok,,flexible
"PEPTIDE1{meL.Abu.Me_dL.T.A.Sar.T}$PEPTIDE1,PEPTIDE1,1:R1-7:R2$$$",-5.61600000,ok,,flexible
"PEPTIDE1{Me_Bal.A.L.V.Ser(tBu).meL.dL}$PEPTIDE1,PEPTIDE1,1:R1-7:R2$$$",-5.09700000,ok,,flexible
"PEPTIDE1{dA.meL.L.P.Sar.meA.T}$PEPTIDE1,PEPTIDE1,1:R1-7:R2$$$",-5.87800000,ok,,flexible
"PEPTIDE1{Sar.T.meL.meL.meA.T.dV}$PEPTIDE1,PEPTIDE1,1:R1-7:R2$$$",-5.66100000,ok,,flexible
"PEPTIDE1{Me_dA.meA.T.A.P.T.T}$PEPTIDE1,PEPTIDE1,1:R1-7:R2$$$",-5.86300000,ok,,flexible
"PEPTIDE1{dV.P.L.Me_Phe(3-Cl).V.T.dL}$PEPTIDE1,PEPTIDE1,1:R1-7:R2$$$",-5.64400000,ok,,flexible
"PEPTIDE1{Me_Bal.Me_dL.Me_dA.F.L.meL.V}$PEPTIDE1,PEPTIDE1,1:R1-7:R2$$$",-5.85500000,ok,,flexible
"PEPTIDE1{meA.V.P.T.Me_dL.T.meV}$PEPTIDE1,PEPTIDE1,1:R1-7:R2$$$",-5.83900000,ok,,flexible
"PEPTIDE1{Mono6.Mono38.P.dL.T.Ser(tBu).meL}$PEPTIDE1,PEPTIDE1,1:R1-7:R2$$$",-5.07400000,ok,,flexible
"PEPTIDE1{Me_dA.F.Mono38.Pr_Gly.Ser(tBu).A.T}$PEPTIDE1,PEPTIDE1,1:R1-7:R2$$$",-5.62000000,ok,,flexible
"PEPTIDE1{meL.L.meS.T.A.meA.meL}$PEPTIDE1,PEPTIDE1,1:R1-7:R2$$$",-5.49000000,ok,,flexible
"PEPTIDE1{meL.meS.meS.L.meA.Abu.meF}$PEPTIDE1,PEPTIDE1,1:R1-7:R2$$$",-5.75700000,ok,,flexible
"PEPTIDE1{Me_Bal.meF.T.meA.P.L.meL}$PEPTIDE1,PEPTIDE1,1:R1-7:R2$$$",-6.26900000,ok,,flexible
"PEPTIDE1{meL.Sar.P.meA.dL.A.meL}$PEPTIDE1,PEPTIDE1,1:R1-7:R2$$$",-6.02800000,ok,,flexible
"PEPTIDE1{dV.Mono38.L.F.L.Aoc(2).pentyl_Gly}$PEPTIDE1,PEPTIDE1,1:R1-7:R2$$$",-4.28400000,ok,,flexible
"PEPTIDE1{Mono6.P.meA.meY.Me_dAbu.meY.dP}$PEPTIDE1,PEPTIDE1,1:R1-7:R2$$$",-7.65300000,ok,,flexible
"PEPTIDE1{Me_dA.A.Et_Gly.Mono86.meL.V.T}$PEPTIDE1,PEPTIDE1,1:R1-7:R2$$$",-5.72800000,ok,,flexible
"PEPTIDE1{Pr_Gly.meA.V.Me_dA.dV.meL.A}$PEPTIDE1,PEPTIDE1,1:R1-7:R2$$$",-5.77800000,ok,,flexible
"PEPTIDE1{Me_Bal.L.T.meF.dL.T.3Pal}$PEPTIDE1,PEPTIDE1,1:R1-7:R2$$$",-6.12000000,ok,,flexible
"PEPTIDE1{meA.Me_dA.A.Abu.Ala(5-Tet).Sar.T}$PEPTIDE1,PEPTIDE1,1:R1-7:R2$$$",-6.68400000,ok,,flexible
"PEPTIDE1{meA.T.G.A.meL.L.meL}$PEPTIDE1,PEPTIDE1,1:R1-7:R2$$$",-6.05600000,ok,,flexible
"PEPTIDE1{L.Mono38.P.Ser(tBu).pentyl_Gly.F.A}$PEPTIDE1,PEPTIDE1,1:R1-7:R2$$$",-5.66300000,ok,,flexible
"PEPTIDE1{dF.meL.Aoc(2).meS.Abu.Ala(5-Tet).A}$PEPTIDE1,PEPTIDE1,1:R1-7:R2$$$",-6.08100000,ok,,flexible
"PEPTIDE1{Pr_Gly.A.L.meF.T.meS.T}$PEPTIDE1,PEPTIDE1,1:R1-7:R2$$$",-5.59300000,ok,,flexible
"PEPTIDE1{meA.A.V.Me_dL.dP.meV.F}$PEPTIDE1,PEPTIDE1,1:R1-7:R2$$$",-6.51900000,ok,,flexible
"PEPTIDE1{Me_dA.L.Sar.meF.T.P.I}$PEPTIDE1,PEPTIDE1,1:R1-7:R2$$$",-6.12100000,ok,,flexible
"PEPTIDE1{meA.L.meL.dP.T.Me_dL.F}$PEPTIDE1,PEPTIDE1,1:R1-7:R2$$$",-5.91400000,ok,,flexible
"PEPTIDE1{Me_Bal.meA.meL.meF.F.L.meL}$PEPTIDE1,PEPTIDE1,1:R1-7:R2$$$",-6.01600000,ok,,flexible
"PEPTIDE1{meA.T.A.meL.Sar.dV.P}$PEPTIDE1,PEPTIDE1,1:R1-7:R2$$$",-6.44700000,ok,,flexible
"PEPTIDE1{meA.Me_dL.Me_dA.L.A.Sar.dA}$PEPTIDE1,PEPTIDE1,1:R1-7:R2$$$",-6.12700000,ok,,flexible
"PEPTIDE1{Sar.meL.T.A.I.meL.L}$PEPTIDE1,PEPTIDE1,1:R1-7:R2$$$",-6.34900000,ok,,flexible
"PEPTIDE1{dV.meL.Me_Nle.A.meF.T.Abu}$PEPTIDE1,PEPTIDE1,1:R1-7:R2$$$",-5.23200000,ok,,flexible
"PEPTIDE1{dV.dA.Me_Phe(3-Cl).L.I.T.T}$PEPTIDE1,PEPTIDE1,1:R1-7:R2$$$",-6.04300000,ok,,flexible
"PEPTIDE1{A.L.T.dL.meL.Me_dA.P}$PEPTIDE1,PEPTIDE1,1:R1-7:R2$$$",-5.70300000,ok,,flexible
"PEPTIDE1{Mono6.meA.meL.Me_dA.meS.A.Abu}$PEPTIDE1,PEPTIDE1,1:R1-7:R2$$$",-6.25700000,ok,,flexible
"PEPTIDE1{meA.I.meL.meV.T.L.T}$PEPTIDE1,PEPTIDE1,1:R1-7:R2$$$",-5.44000000,ok,,flexible
"PEPTIDE1{Me_Bal.L.I.T.F.meL.meF}$PEPTIDE1,PEPTIDE1,1:R1-7:R2$$$",-5.62700000,ok,,flexible
"PEPTIDE1{dP.meA.F.meL.dL.meF.Me_dL}$PEPTIDE1,PEPTIDE1,1:R1-7:R2$$$",-5.82900000,ok,,flexible
"PEPTIDE1{A.T.T.Ala(5-Tet).L.meL.dA}$PEPTIDE1,PEPTIDE1,1:R1-7:R2$$$",-5.99400000,ok,,flexible
"PEPTIDE1{dV.meS.meF.meA.dA.T.Phe(4-CF3)}$PEPTIDE1,PEPTIDE1,1:R1-7:R2$$$",-6.86300000,ok,,flexible
"PEPTIDE1{Mono6.dP.P.L.I.A.meA}$PEPTIDE1,PEPTIDE1,1:R1-7:R2$$$",-6.03500000,ok,,flexible
"PEPTIDE1{Pr_Gly.pentyl_Gly.I.L.meL.A.Ser(tBu)}$PEPTIDE1,PEPTIDE1,1:R1-7:R2$$$",-5.12900000,ok,,flexible
"PEPTIDE1{Pr_Gly.T.Me_dL.meA.meL.meY.dV}$PEPTIDE1,PEPTIDE1,1:R1-7:R2$$$",-5.87100000,ok,,flexible
"PEPTIDE1{dA.meF.T.Me_dL.V.meA.A}$PEPTIDE1,PEPTIDE1,1:R1-7:R2$$$",-6.32900000,ok,,flexible
"PEPTIDE1{Pr_Gly.meL.P.L.Me_dL.Me_dA.A}$PEPTIDE1,PEPTIDE1,1:R1-7:R2$$$",-5.45300000,ok,,flexible
"PEPTIDE1{P.A.L.Me_dL.I.V.T}$PEPTIDE1,PEPTIDE1,1:R1-7:R2$$$",-6.09400000,ok,,flexible
"PEPTIDE1{meA.dP.P.Me_dA.T.A.meL}$PEPTIDE1,PEPTIDE1,1:R1-7:R2$$$",-7.15900000,ok,,flexible
"PEPTIDE1{dV.F.L.dL.meA.A.meL}$PEPTIDE1,PEPTIDE1,1:R1-7:R2$$$",-6.25200000,ok,,flexible
"PEPTIDE1{A.T.dL.meF.Aoc(2).meL.L}$PEPTIDE1,PEPTIDE1,1:R1-7:R2$$$",-5.22900000,ok,,flexible
"PEPTIDE1{Pr_Gly.Abu.L.meL.meF.T.dA}$PEPTIDE1,PEPTIDE1,1:R1-7:R2$$$",-5.76200000,ok,,flexible
"PEPTIDE1{dF.meA.T.dP.L.Me_dA.meL}$PEPTIDE1,PEPTIDE1,1:R1-7:R2$$$",-6.71700000,ok,,flexible
"PEPTIDE1{Me_Bal.T.Sar.A.meS.meF.F}$PEPTIDE1,PEPTIDE1,1:R1-7:R2$$$",-7.17400000,ok,,flexible
"PEPTIDE1{meA.P.Me_dA.Me_dL.A.F.dL}$PEPTIDE1,PEPTIDE1,1:R1-7:R2$$$",-6.18500000,ok,,flexible
"PEPTIDE1{A.T.meF.dL.meF.meV.meL}$PEPTIDE1,PEPTIDE1,1:R1-7:R2$$$",-5.82100000,ok,,flexible
"PEPTIDE1{dF.meL.Abu.meL.meA.meS.T}$PEPTIDE1,PEPTIDE1,1:R1-7:R2$$$",-6.16500000,ok,,flexible
"PEPTIDE1{Me_Bal.meA.V.Ser(tBu).meL.Me_dL.meL}$PEPTIDE1,PEPTIDE1,1:R1-7:R2$$$",-5.43500000,ok,,flexible
"PEPTIDE1{P.Pr_Gly.Me_Phe(3-Cl).meL.dL.A.Ser(tBu)}$PEPTIDE1,PEPTIDE1,1:R1-7:R2$$$",-5.61200000,ok,,flexible
"PEPTIDE1{meA.meS.Abu.Me_dL.dL.meL.L}$PEPTIDE1,PEPTIDE1,1:R1-7:R2$$$",-5.62200000,ok,,flexible
"PEPTIDE1{Me_Bal.F.T.meL.T.dP.meS}$PEPTIDE1,PEPTIDE1,1:R1-7:R2$$$",-6.62700000,ok,,flexible
"PEPTIDE1{Me_dA.T.meS.A.Aoc(2).meA.meF}$PEPTIDE1,PEPTIDE1,1:R1-7:R2$$$",-5.89200000,ok,,flexible
"PEPTIDE1{dA.Me_dL.meA.L.Abu.meS.meL}$PEPTIDE1,PEPTIDE1,1:R1-7:R2$$$",-5.90400000,ok,,flexible
"PEPTIDE1{meA.T.T.L.meS.meF.A}$PEPTIDE1,PEPTIDE1,1:R1-7:R2$$$",-5.77300000,ok,,flexible
"PEPTIDE1{Me_dA.Bn_Gly.I.T.L.Mono86.meL}$PEPTIDE1,PEPTIDE1,1:R1-7:R2$$$",-5.38200000,ok,,flexible
"PEPTIDE1{A.P.meA.I.meA.dA.dP}$PEPTIDE1,PEPTIDE1,1:R1-7:R2$$$",-6.20700000,ok,,flexible
"PEPTIDE1{meA.T.meS.Me_dL.meS.Ala(5-Tet).Abu}$PEPTIDE1,PEPTIDE1,1:R1-7:R2$$$",-5.31100000,ok,,flexible
"PEPTIDE1{meA.F.T.meV.meF.Sar.L}$PEPTIDE1,PEPTIDE1,1:R1-7:R2$$$",-6.81000000,ok,,flexible
"PEPTIDE1{Me_Bal.dP.T.Me_dL.L.Me_dA.dL}$PEPTIDE1,PEPTIDE1,1:R1-7:R2$$$",-5.87200000,ok,,flexible
"PEPTIDE1{Me_dA.T.Me_dL.dL.Pr_Gly.A.F}$PEPTIDE1,PEPTIDE1,1:R1-7:R2$$$",-6.25800000,ok,,flexible
"PEPTIDE1{A.Me_dA.P.meL.Ser(tBu).L.meA}$PEPTIDE1,PEPTIDE1,1:R1-7:R2$$$",-6.12100000,ok,,flexible
"PEPTIDE1{meA.meL.T.Ser(tBu).meF.A.V}$PEPTIDE1,PEPTIDE1,1:R1-7:R2$$$",-5.56100000,ok,,flexible
"PEPTIDE1{Sar.P.dP.T.meL.A.dL}$PEPTIDE1,PEPTIDE1,1:R1-7:R2$$$",-6.20800000,ok,,flexible
"PEPTIDE1{dA.meF.A.meL.V.meL.T}$PEPTIDE1,PEPTIDE1,1:R1-7:R2$$$",-6.24700000,ok,,flexible
"PEPTIDE1{dV.meS.meL.meA.L.A.I}$PEPTIDE1,PEPTIDE1,1:R1-7:R2$$$",-6.34100000,ok,,flexible
"PEPTIDE1{Mono6.pentyl_Gly.dL.meA.L.Me_dL.Ser(tBu)}$PEPTIDE1,PEPTIDE1,1:R1-7:R2$$$",-5.40800000,ok,,flexible
"PEPTIDE1{dV.L.meL.dP.T.Abu.A}$PEPTIDE1,PEPTIDE1,1:R1-7:R2$$$",-5.58200000,ok,,flexible
"PEPTIDE1{A.T.Me_dL.meL.meF.Me_dL.meA}$PEPTIDE1,PEPTIDE1,1:R1-7:R2$$$",-5.98100000,ok,,flexible
"PEPTIDE1{meA.meL.Me_dL.L.dL.Me_dA.T}$PEPTIDE1,PEPTIDE1,1:R1-7:R2$$$",-5.35100000,ok,,flexible
"PEPTIDE1{meL.Ala(5-Tet).Abu.meL.A.Aoc(2).meS}$PEPTIDE1,PEPTIDE1,1:R1-7:R2$$$",-5.36400000,ok,,flexible
"PEPTIDE1{Me_dA.meL.A.Me_dL.meS.Abu.meA}$PEPTIDE1,PEPTIDE1,1:R1-7:R2$$$",-5.74500000,ok,,flexible
"PEPTIDE1{Me_dA.Pr_Gly.meA.meL.Me_Phe(3-Cl).F.Ser(tBu)}$PEPTIDE1,PEPTIDE1,1:R1-7:R2$$$",-5.70300000,ok,,flexible
"PEPTIDE1{meL.L.T.A.meS.meF.I}$PEPTIDE1,PEPTIDE1,1:R1-7:R2$$$",-5.27100000,ok,,flexible
"PEPTIDE1{dA.meL.T.Abu.Ala(5-Tet).A.L}$PEPTIDE1,PEPTIDE1,1:R1-7:R2$$$",-6.11400000,ok,,flexible
"PEPTIDE1{A.meA.Me_dL.P.T.T.Me_dA}$PEPTIDE1,PEPTIDE1,1:R1-7:R2$$$",-6.39200000,ok,,flexible
"PEPTIDE1{meA.cHexCH2_Gly.V.L.Mono86.meL.dP}$PEPTIDE1,PEPTIDE1,1:R1-7:R2$$$",-6.33000000,ok,,flexible
"PEPTIDE1{dA.A.L.meL.I.meA.L}$PEPTIDE1,PEPTIDE1,1:R1-7:R2$$$",-5.42500000,ok,,flexible
"PEPTIDE1{A.dL.F.Pr_Gly.Me_dA.meA.Pr_Gly}$PEPTIDE1,PEPTIDE1,1:R1-7:R2$$$",-6.11800000,ok,,flexible
"PEPTIDE1{F.L.dL.A.3Pal.pentyl_Gly.A}$PEPTIDE1,PEPTIDE1,1:R1-7:R2$$$",-5.18400000,ok,,flexible
"PEPTIDE1{dA.meL.Ser(tBu).L.I.meA.T}$PEPTIDE1,PEPTIDE1,1:R1-7:R2$$$",-5.18200000,ok,,flexible
"PEPTIDE1{dV.meF.L.meS.meL.A.Abu}$PEPTIDE1,PEPTIDE1,1:R1-7:R2$$$",-5.57900000,ok,,flexible
"PEPTIDE1{dA.F.L.Me_dL.dL.Ser(tBu).I}$PEPTIDE1,PEPTIDE1,1:R1-7:R2$$$",-5.50000000,ok,,flexible
"PEPTIDE1{A.Abu.Me_dA.T.meL.Ser(tBu).meF}$PEPTIDE1,PEPTIDE1,1:R1-7:R2$$$",-6.00800000,ok,,flexible
"PEPTIDE1{dV.T.Me_dA.meL.dL.Ala(5-Tet).A}$PEPTIDE1,PEPTIDE1,1:R1-7:R2$$$",-5.63000000,ok,,flexible
"PEPTIDE1{dA.dP.meL.F.Sar.T.meA}$PEPTIDE1,PEPTIDE1,1:R1-7:R2$$$",-6.32300000,ok,,flexible
"PEPTIDE1{dF.3Pal.meL.L.T.I.dV}$PEPTIDE1,PEPTIDE1,1:R1-7:R2$$$",-6.01300000,ok,,flexible
"PEPTIDE1{dF.meL.meA.T.A.Sar.Abu}$PEPTIDE1,PEPTIDE1,1:R1-7:R2$$$",-5.96000000,ok,,flexible
"PEPTIDE1{Me_Bal.L.I.V.meL.Sar.P}$PEPTIDE1,PEPTIDE1,1:R1-7:R2$$$",-5.77000000,ok,,flexible
"PEPTIDE1{meA.Pr_Gly.F.T.V.meF.G}$PEPTIDE1,PEPTIDE1,1:R1-7:R2$$$",-6.61700000,ok,,flexible
"PEPTIDE1{A.Aoc(2).T.L.I.meF.Abu}$PEPTIDE1,PEPTIDE1,1:R1-7:R2$$$",-5.86100000,ok,,flexible
"PEPTIDE1{Mono6.T.L.meF.T.meA.Me_dL}$PEPTIDE1,PEPTIDE1,1:R1-7:R2$$$",-5.96800000,ok,,flexible
"PEPTIDE1{Mono6.meF.meL.Abu.A.Aoc(2).meL}$PEPTIDE1,PEPTIDE1,1:R1-7:R2$$$",-5.66300000,ok,,flexible
"PEPTIDE1{Me_dA.meA.meL.I.G.P.T}$PEPTIDE1,PEPTIDE1,1:R1-7:R2$$$",-6.47500000,ok,,flexible
"PEPTIDE1{meA.V.meF.P.F.I.G}$PEPTIDE1,PEPTIDE1,1:R1-7:R2$$$",-6.35800000,ok,,flexible
"PEPTIDE1{dV.A.Et_Gly.Mono84.Mono78.dL.Me_dA}$PEPTIDE1,PEPTIDE1,1:R1-7:R2$$$",-7.00800000,ok,,flexible
"PEPTIDE1{Me_Bal.cHexCH2_Gly.dP.L.G.meL.meA}$PEPTIDE1,PEPTIDE1,1:R1-7:R2$$$",-6.24300000,ok,,flexible
"PEPTIDE1{Pr_Gly.meL.T.meF.meA.Me_dL.Me_dA}$PEPTIDE1,PEPTIDE1,1:R1-7:R2$$$",-5.69200000,ok,,flexible
"PEPTIDE1{Me_Bal.P.G.L.Mono84.meL.V}$PEPTIDE1,PEPTIDE1,1:R1-7:R2$$$",-6.14600000,ok,,flexible
"PEPTIDE1{Me_dA.I.meA.L.Mono78.T.V}$PEPTIDE1,PEPTIDE1,1:R1-7:R2$$$",-7.16900000,ok,,flexible
"PEPTIDE1{Pr_Gly.meS.T.meL.L.Abu.meS}$PEPTIDE1,PEPTIDE1,1:R1-7:R2$$$",-5.18800000,ok,,flexible
"PEPTIDE1{dV.Aoc(2).dP.meL.meF.dL.L}$PEPTIDE1,PEPTIDE1,1:R1-7:R2$$$",-5.34800000,ok,,flexible
"PEPTIDE1{dA.F.Mono38.dP.meL.L.A}$PEPTIDE1,PEPTIDE1,1:R1-7:R2$$$",-5.92000000,ok,,flexible
"PEPTIDE1{dA.L.A.meS.meL.T.Sar}$PEPTIDE1,PEPTIDE1,1:R1-7:R2$$$",-5.92900000,ok,,flexible
"PEPTIDE1{F.I.T.Ser(tBu).L.L.A}$PEPTIDE1,PEPTIDE1,1:R1-7:R2$$$",-5.53300000,ok,,flexible
"PEPTIDE1{F.meS.Abu.L.Ala(5-Tet).Aoc(2).Sar}$PEPTIDE1,PEPTIDE1,1:R1-7:R2$$$",-5.93700000,ok,,flexible
"PEPTIDE1{meF.cHexCH2_Gly.meL.meA.T.L.L}$PEPTIDE1,PEPTIDE1,1:R1-7:R2$$$",-6.22300000,ok,,flexible
"PEPTIDE1{Me_Bal.meA.dP.meL.L.G.I}$PEPTIDE1,PEPTIDE1,1:R1-7:R2$$$",-5.95200000,ok,,flexible
"PEPTIDE1{Pr_Gly.Pr_Gly.F.A.L.meA.I}$PEPTIDE1,PEPTIDE1,1:R1-7:R2$$$",-5.78700000,ok,,flexible
"PEPTIDE1{meA.meL.meF.L.P.T.I}$PEPTIDE1,PEPTIDE1,1:R1-7:R2$$$",-5.41800000,ok,,flexible
"PEPTIDE1{Sar.Me_dL.V.L.meA.A.meL}$PEPTIDE1,PEPTIDE1,1:R1-7:R2$$$",-5.63400000,ok,,flexible
"PEPTIDE1{Sar.meA.meL.Me_dA.meL.Me_dL.T}$PEPTIDE1,PEPTIDE1,1:R1-7:R2$$$",-5.38200000,ok,,flexible
"PEPTIDE1{dV.L.dP.meA.meL.Me_dL.T}$PEPTIDE1,PEPTIDE1,1:R1-7:R2$$$",-5.90700000,ok,,flexible
"PEPTIDE1{P.dPye.P.dP.meA.T.dL}$PEPTIDE1,PEPTIDE1,1:R1-7:R2$$$",-7.54900000,ok,,flexible
"PEPTIDE1{A.T.meL.L.meL.meA.meS}$PEPTIDE1,PEPTIDE1,1:R1-7:R2$$$",-6.10000000,ok,,flexible
"PEPTIDE1{F.Me_Abu.Ser(tBu).Me_dL.L.P.pentyl_Gly}$PEPTIDE1,PEPTIDE1,1:R1-7:R2$$$",-5.70000000,ok,,flexible
"PEPTIDE1{Me_dA.L.A.dP.Me_dL.meF.Sar}$PEPTIDE1,PEPTIDE1,1:R1-7:R2$$$",-6.02200000,ok,,flexible
"PEPTIDE1{A.Me_dA.F.P.T.T.Me_dL}$PEPTIDE1,PEPTIDE1,1:R1-7:R2$$$",-6.69700000,ok,,flexible
"PEPTIDE1{P.A.F.meA.meL.dL.T}$PEPTIDE1,PEPTIDE1,1:R1-7:R2$$$",-6.97700000,ok,,flexible
"PEPTIDE1{Me_dA.T.Ala(5-Tet).meS.meL.dV.Me_dL}$PEPTIDE1,PEPTIDE1,1:R1-7:R2$$$",-5.25300000,ok,,flexible
"PEPTIDE1{dF.I.meS.P.L.Et_Gly.T}$PEPTIDE1,PEPTIDE1,1:R1-7:R2$$$",-5.61800000,ok,,flexible
"PEPTIDE1{A.meS.meS.meA.Sar.T.meL}$PEPTIDE1,PEPTIDE1,1:R1-7:R2$$$",-5.94200000,ok,,flexible
"PEPTIDE1{Me_dA.meA.dL.A.P.L.T}$PEPTIDE1,PEPTIDE1,1:R1-7:R2$$$",-6.34300000,ok,,flexible
"PEPTIDE1{Me_Bal.Me_dL.meL.meF.dL.meA.I}$PEPTIDE1,PEPTIDE1,1:R1-7:R2$$$",-5.42900000,ok,,flexible
"PEPTIDE1{Me_dA.Me_dL.L.T.Sar.V.meA}$PEPTIDE1,PEPTIDE1,1:R1-7:R2$$$",-5.94900000,ok,,flexible
"PEPTIDE1{meA.meL.T.L.Me_dL.T.meS}$PEPTIDE1,PEPTIDE1,1:R1-7:R2$$$",-5.44800000,ok,,flexible
"PEPTIDE1{Me_Bal.P.Me_dL.T.meA.dL.meL}$PEPTIDE1,PEPTIDE1,1:R1-7:R2$$$",-5.65900000,ok,,flexible
"PEPTIDE1{F.cHexCH2_Gly.L.L.meL.Ser(tBu).Me_Nle}$PEPTIDE1,PEPTIDE1,1:R1-7:R2$$$",-4.95000000,ok,,flexible
"PEPTIDE1{F.Mono38.L.Ser(tBu).Me_dL.meA.meI}$PEPTIDE1,PEPTIDE1,1:R1-7:R2$$$",-5.34200000,ok,,flexible
"PEPTIDE1{meA.L.meF.Me_dL.meL.A.V}$PEPTIDE1,PEPTIDE1,1:R1-7:R2$$$",-5.68700000,ok,,flexible
"PEPTIDE1{meA.Pr_Gly.dL.V.meL.Me_dL.F}$PEPTIDE1,PEPTIDE1,1:R1-7:R2$$$",-6.07700000,ok,,flexible
"PEPTIDE1{L.Ala(5-Tet).meS.Me_dA.Aoc(2).Abu.meL}$PEPTIDE1,PEPTIDE1,1:R1-7:R2$$$",-5.58900000,ok,,flexible
"PEPTIDE1{dV.Me_dL.A.meL.meF.Ser(tBu).V}$PEPTIDE1,PEPTIDE1,1:R1-7:R2$$$",-5.55800000,ok,,flexible
"PEPTIDE1{A.Abu.meS.L.meA.dA.meF}$PEPTIDE1,PEPTIDE1,1:R1-7:R2$$$",-6.05300000,ok,,flexible
"PEPTIDE1{dF.Aoc(2).L.meF.meL.Ser(tBu).V}$PEPTIDE1,PEPTIDE1,1:R1-7:R2$$$",-5.12700000,ok,,flexible
"PEPTIDE1{dF.T.dL.meL.L.Me_dL.meL}$PEPTIDE1,PEPTIDE1,1:R1-7:R2$$$",-5.66900000,ok,,flexible
"PEPTIDE1{Me_Bal.Ser(tBu).L.cHexCH2_Gly.I.A.dP}$PEPTIDE1,PEPTIDE1,1:R1-7:R2$$$",-6.05900000,ok,,flexible
"PEPTIDE1{dA.L.dL.T.meL.Me_Phe(3-Cl).Sar}$PEPTIDE1,PEPTIDE1,1:R1-7:R2$$$",-5.38800000,ok,,flexible
"PEPTIDE1{Mono6.F.P.meA.A.meL.meS}$PEPTIDE1,PEPTIDE1,1:R1-7:R2$$$",-6.65900000,ok,,flexible
"PEPTIDE1{F.meL.L.T.Mono84.dL.A}$PEPTIDE1,PEPTIDE1,1:R1-7:R2$$$",-5.94900000,ok,,flexible
"PEPTIDE1{A.meL.meL.meS.meA.meF.Sar}$PEPTIDE1,PEPTIDE1,1:R1-7:R2$$$",-5.82700000,ok,,flexible
"PEPTIDE1{meA.meS.Abu.meS.meL.T.A}$PEPTIDE1,PEPTIDE1,1:R1-7:R2$$$",-6.06600000,ok,,flexible
"PEPTIDE1{dV.meF.T.P.I.meA.L}$PEPTIDE1,PEPTIDE1,1:R1-7:R2$$$",-5.95600000,ok,,flexible
"PEPTIDE1{A.T.F.meL.V.G.F}$PEPTIDE1,PEPTIDE1,1:R1-7:R2$$$",-6.27400000,ok,,flexible
"PEPTIDE1{Me_Bal.meL.I.A.meA.Me_dA.P}$PEPTIDE1,PEPTIDE1,1:R1-7:R2$$$",-6.31700000,ok,,flexible
"PEPTIDE1{dA.A.L.Me_dA.meL.meA.V}$PEPTIDE1,PEPTIDE1,1:R1-7:R2$$$",-6.07300000,ok,,flexible
"PEPTIDE1{meA.meL.I.L.meF.dP.Ser(tBu)}$PEPTIDE1,PEPTIDE1,1:R1-7:R2$$$",-5.21200000,ok,,flexible
"PEPTIDE1{meA.dA.Me_Phe(3-Cl).L.L.meL.Ser(tBu)}$PEPTIDE1,PEPTIDE1,1:R1-7:R2$$$",-5.88000000,ok,,flexible
"PEPTIDE1{Mono6.meS.meL.Ala(5-Tet).Aoc(2).T.L}$PEPTIDE1,PEPTIDE1,1:R1-7:R2$$$",-5.48000000,ok,,flexible
"PEPTIDE1{dA.F.meA.meL.P.L.V}$PEPTIDE1,PEPTIDE1,1:R1-7:R2$$$",-6.81400000,ok,,flexible
"PEPTIDE1{Me_Bal.meF.dP.P.meL.Ser(tBu).A}$PEPTIDE1,PEPTIDE1,1:R1-7:R2$$$",-6.37300000,ok,,flexible
"PEPTIDE1{meA.P.dP.A.meS.meF.Me_dL}$PEPTIDE1,PEPTIDE1,1:R1-7:R2$$$",-7.37700000,ok,,flexible
"PEPTIDE1{A.L.T.Ser(tBu).G.meL.meF}$PEPTIDE1,PEPTIDE1,1:R1-7:R2$$$",-6.04700000,ok,,flexible
"PEPTIDE1{dA.meA.T.P.Ser(tBu).dL.V}$PEPTIDE1,PEPTIDE1,1:R1-7:R2$$$",-5.54800000,ok,,flexible
"PEPTIDE1{Me_dA.meF.L.Me_dL.A.T.meL}$PEPTIDE1,PEPTIDE1,1:R1-7:R2$$$",-6.06800000,ok,,flexible
"PEPTIDE1{P.meA.Pr_Gly.V.meL.L.meL}$PEPTIDE1,PEPTIDE1,1:R1-7:R2$$$",-5.14000000,ok,,flexible
"PEPTIDE1{Me_Bal.A.meF.Me_dL.meA.L.Ser(tBu)}$PEPTIDE1,PEPTIDE1,1:R1-7:R2$$$",-5.74200000,ok,,flexible
"PEPTIDE1{Pr_Gly.meF.T.meA.meV.meL.meA}$PEPTIDE1,PEPTIDE1,1:R1-7:R2$$$",-5.82600000,ok,,flexible
"PEPTIDE1{dA.meV.meA.T.A.T.L}$PEPTIDE1,PEPTIDE1,1:R1-7:R2$$$",-5.95400000,ok,,flexible
"PEPTIDE1{meL.Sar.meF.V.T.I.L}$PEPTIDE1,PEPTIDE1,1:R1-7:R2$$$",-5.84100000,ok,,flexible
"PEPTIDE1{A.T.Me_dL.L.F.Me_dL.P}$PEPTIDE1,PEPTIDE1,1:R1-7:R2$$$",-6.62100000,ok,,flexible
"PEPTIDE1{Me_dA.dL.T.meA.P.meL.L}$PEPTIDE1,PEPTIDE1,1:R1-7:R2$$$",-5.68900000,ok,,flexible
"PEPTIDE1{Mono6.meL.T.Ser(tBu).I.meA.meA}$PEPTIDE1,PEPTIDE1,1:R1-7:R2$$$",-5.27500000,ok,,flexible
"PEPTIDE1{dV.Abu.L.A.meS.meL.meA}$PEPTIDE1,PEPTIDE1,1:R1-7:R2$$$",-5.32100000,ok,,flexible
"PEPTIDE1{Mono6.P.meL.meS.dP.L.meS}$PEPTIDE1,PEPTIDE1,1:R1-7:R2$$$",-6.42800000,ok,,flexible
"PEPTIDE1{L.meA.A.T.dA.T.Me_Phe(3-Cl)}$PEPTIDE1,PEPTIDE1,1:R1-7:R2$$$",-6.47600000,ok,,flexible
"PEPTIDE1{F.Me_Nle.cHexCH2_Gly.Mono78.Mono84.Ser(tBu).meL}$PEPTIDE1,PEPTIDE1,1:R1-7:R2$$$",-5.33500000,ok,,flexible
"PEPTIDE1{dV.Mono38.T.Mono86.meA.meL.L}$PEPTIDE1,PEPTIDE1,1:R1-7:R2$$$",-5.47100000,ok,,flexible
"PEPTIDE1{A.pentyl_Gly.meL.L.Me_dL.L.Ser(tBu)}$PEPTIDE1,PEPTIDE1,1:R1-7:R2$$$",-5.31200000,ok,,flexible
"PEPTIDE1{Me_dA.Abu.A.L.P.meL.Me_dL}$PEPTIDE1,PEPTIDE1,1:R1-7:R2$$$",-6.45100000,ok,,flexible
"PEPTIDE1{Me_Bal.dL.V.Me_dL.Me_dL.P.T}$PEPTIDE1,PEPTIDE1,1:R1-7:R2$$$",-5.37200000,ok,,flexible
"PEPTIDE1{F.T.Ser(tBu).Aoc(2).meA.T.P}$PEPTIDE1,PEPTIDE1,1:R1-7:R2$$$",-5.42300000,ok,,flexible
"PEPTIDE1{A.Mono38.dL.Me_dL.meL.I.T}$PEPTIDE1,PEPTIDE1,1:R1-7:R2$$$",-4.92500000,ok,,flexible
"PEPTIDE1{Me_dA.Abu.meL.meS.T.A.meA}$PEPTIDE1,PEPTIDE1,1:R1-7:R2$$$",-6.02000000,ok,,flexible
"PEPTIDE1{Me_Bal.pentyl_Gly.P.Mono84.L.meL.Ser(tBu)}$PEPTIDE1,PEPTIDE1,1:R1-7:R2$$$",-5.71900000,ok,,flexible
"PEPTIDE1{meA.Me_dL.meL.Sar.A.Abu.Ala(5-Tet)}$PEPTIDE1,PEPTIDE1,1:R1-7:R2$$$",-6.22500000,ok,,flexible
"PEPTIDE1{Me_dA.Me_dL.L.meA.A.Sar.Aoc(2)}$PEPTIDE1,PEPTIDE1,1:R1-7:R2$$$",-5.43000000,ok,,flexible
"PEPTIDE1{A.Aib.Pr_Gly.A.Me_dA.Me_dL.F}$PEPTIDE1,PEPTIDE1,1:R1-7:R2$$$",-6.30400000,ok,,flexible
"PEPTIDE1{F.P.dP.Ser(tBu).meA.meL.G}$PEPTIDE1,PEPTIDE1,1:R1-7:R2$$$",-7.66600000,ok,,flexible
"PEPTIDE1{Me_Bal.T.meF.T.dL.meA.meL}$PEPTIDE1,PEPTIDE1,1:R1-7:R2$$$",-6.67900000,ok,,flexible
"PEPTIDE1{Me_Bal.A.Me_dL.Me_dA.A.meA.L}$PEPTIDE1,PEPTIDE1,1:R1-7:R2$$$",-6.29700000,ok,,flexible
"PEPTIDE1{Me_Bal.pentyl_Gly.cHexCH2_Gly.dL.I.Aoc(2).T}$PEPTIDE1,PEPTIDE1,1:R1-7:R2$$$",-5.19300000,ok,,flexible
"PEPTIDE1{A.meS.meL.Abu.L.T.Ser(tBu)}$PEPTIDE1,PEPTIDE1,1:R1-7:R2$$$",-6.04900000,ok,,flexible
"PEPTIDE1{Me_dA.F.Ser(tBu).I.meA.meF.dP}$PEPTIDE1,PEPTIDE1,1:R1-7:R2$$$",-6.04700000,ok,,flexible
"PEPTIDE1{Me_Bal.meA.dPye.L.meF.meL.T}$PEPTIDE1,PEPTIDE1,1:R1-7:R2$$$",-6.38500000,ok,,flexible
"PEPTIDE1{dV.Me_dAbu.meL.P.dP.meA.dP}$PEPTIDE1,PEPTIDE1,1:R1-7:R2$$$",-6.70900000,ok,,flexible
"PEPTIDE1{Sar.L.F.Ser(tBu).P.meA.Me_dL}$PEPTIDE1,PEPTIDE1,1:R1-7:R2$$$",-6.32200000,ok,,flexible
"PEPTIDE1{dV.dPye.Ser(tBu).A.Me_dA.meA.dL}$PEPTIDE1,PEPTIDE1,1:R1-7:R2$$$",-5.51800000,ok,,flexible
"PEPTIDE1{meA.F.meF.Ser(tBu).I.dL.D}$PEPTIDE1,PEPTIDE1,1:R1-7:R2$$$",-5.48500000,ok,,flexible
"PEPTIDE1{Me_dA.Me_dL.meL.V.A.I.G}$PEPTIDE1,PEPTIDE1,1:R1-7:R2$$$",-6.17400000,ok,,flexible
"PEPTIDE1{Me_dA.Me_dAbu.meA.F.dP.meL.T}$PEPTIDE1,PEPTIDE1,1:R1-7:R2$$$",-5.91100000,ok,,flexible
"PEPTIDE1{meA.meL.V.Mono78.F.Sar.P}$PEPTIDE1,PEPTIDE1,1:R1-7:R2$$$",-6.68200000,ok,,flexible
"PEPTIDE1{meL.L.A.Mono84.dP.I.meA}$PEPTIDE1,PEPTIDE1,1:R1-7:R2$$$",-6.00600000,ok,,flexible
"PEPTIDE1{Sar.F.Mono78.dP.Sar.P.Ser(tBu)}$PEPTIDE1,PEPTIDE1,1:R1-7:R2$$$",-7.11800000,ok,,flexible
"PEPTIDE1{Me_Bal.P.T.L.F.meL.meA}$PEPTIDE1,PEPTIDE1,1:R1-7:R2$$$",-6.07700000,ok,,flexible
"PEPTIDE1{Me_dA.L.meL.T.V.Ser(tBu).meL}$PEPTIDE1,PEPTIDE1,1:R1-7:R2$$$",-4.86800000,ok,,flexible
"PEPTIDE1{dA.Me_Nle.L.dL.Ser(tBu).T.3Pal}$PEPTIDE1,PEPTIDE1,1:R1-7:R2$$$",-5.77800000,ok,,flexible
"PEPTIDE1{Me_dA.L.V.meY.dL.A.meL}$PEPTIDE1,PEPTIDE1,1:R1-7:R2$$$",-5.18900000,ok,,flexible
"PEPTIDE1{Me_Bal.I.T.meL.meL.V.P}$PEPTIDE1,PEPTIDE1,1:R1-7:R2$$$",-5.49400000,ok,,flexible
"PEPTIDE1{Me_Bal.G.dL.meL.F.L.meL}$PEPTIDE1,PEPTIDE1,1:R1-7:R2$$$",-5.41700000,ok,,flexible
"PEPTIDE1{Mono6.T.dL.meA.L.meS.Abu}$PEPTIDE1,PEPTIDE1,1:R1-7:R2$$$",-5.29800000,ok,,flexible
"PEPTIDE1{A.L.meF.F.I.G.Ser(tBu)}$PEPTIDE1,PEPTIDE1,1:R1-7:R2$$$",-5.57700000,ok,,flexible
"PEPTIDE1{meA.Abu.T.Me_dL.meL.A.L}$PEPTIDE1,PEPTIDE1,1:R1-7:R2$$$",-6.08900000,ok,,flexible
"PEPTIDE1{dA.A.meL.meL.Ser(tBu).V.P}$PEPTIDE1,PEPTIDE1,1:R1-7:R2$$$",-6.61900000,ok,,flexible
"PEPTIDE1{A.meA.Me_dL.meS.T.Sar.meF}$PEPTIDE1,PEPTIDE1,1:R1-7:R2$$$",-5.92800000,ok,,flexible
"PEPTIDE1{Me_dA.dV.T.meF.A.meA.T}$PEPTIDE1,PEPTIDE1,1:R1-7:R2$$$",-6.04200000,ok,,flexible
"PEPTIDE1{A.Me_dA.Pr_Gly.meL.T.Me_dL.L}$PEPTIDE1,PEPTIDE1,1:R1-7:R2$$$",-5.28000000,ok,,flexible
"PEPTIDE1{Me_dA.meA.meL.T.dP.P.meV}$PEPTIDE1,PEPTIDE1,1:R1-7:R2$$$",-6.73700000,ok,,flexible
"PEPTIDE1{dA.meS.meA.meL.Ala(5-Tet).dL.Ser(tBu)}$PEPTIDE1,PEPTIDE1,1:R1-7:R2$$$",-6.70200000,ok,,flexible
"PEPTIDE1{L.T.meS.T.meA.Me_dL.meS}$PEPTIDE1,PEPTIDE1,1:R1-7:R2$$$",-5.38400000,ok,,flexible
"PEPTIDE1{Me_dA.A.dL.dA.Pr_Gly.L.P}$PEPTIDE1,PEPTIDE1,1:R1-7:R2$$$",-5.99900000,ok,,flexible
"PEPTIDE1{Me_dA.dP.A.meF.Me_dL.T.V}$PEPTIDE1,PEPTIDE1,1:R1-7:R2$$$",-6.55900000,ok,,flexible
"PEPTIDE1{Me_dA.A.meA.V.T.Me_dL.L}$PEPTIDE1,PEPTIDE1,1:R1-7:R2$$$",-6.62900000,ok,,flexible
"PEPTIDE1{Me_dA.L.Me_dL.V.meA.Ser(tBu).meL}$PEPTIDE1,PEPTIDE1,1:R1-7:R2$$$",-5.46800000,ok,,flexible
"PEPTIDE1{F.L.L.A.I.T.Mono86}$PEPTIDE1,PEPTIDE1,1:R1-7:R2$$$",-5.56000000,ok,,flexible
"PEPTIDE1{Pr_Gly.Me_dL.T.V.meL.meA.meY}$PEPTIDE1,PEPTIDE1,1:R1-7:R2$$$",-5.35000000,ok,,flexible
"PEPTIDE1{Me_dA.Me_Phe(3-Cl).P.L.meF.F.A}$PEPTIDE1,PEPTIDE1,1:R1-7:R2$$$",-6.66400000,ok,,flexible
"PEPTIDE1{dV.Abu.L.meA.meF.Me_dL.T}$PEPTIDE1,PEPTIDE1,1:R1-7:R2$$$",-5.85700000,ok,,flexible
"PEPTIDE1{Mono6.meS.Abu.L.T.Ala(5-Tet).A}$PEPTIDE1,PEPTIDE1,1:R1-7:R2$$$",-6.72600000,ok,,flexible
"PEPTIDE1{meA.cHexCH2_Gly.I.A.Me_Phe(3-Cl).L.L}$PEPTIDE1,PEPTIDE1,1:R1-7:R2$$$",-6.72100000,ok,,flexible
"PEPTIDE1{dA.I.G.L.P.F.V}$PEPTIDE1,PEPTIDE1,1:R1-7:R2$$$",-6.30900000,ok,,flexible
"PEPTIDE1{Me_dA.P.meA.A.T.meF.meS}$PEPTIDE1,PEPTIDE1,1:R1-7:R2$$$",-7.05400000,ok,,flexible
"PEPTIDE1{dA.Pr_Gly.Me_dL.meL.L.P.Me_dA}$PEPTIDE1,PEPTIDE1,1:R1-7:R2$$$",-5.86100000,ok,,flexible
"PEPTIDE1{dA.T.A.T.meL.meA.Me_dL}$PEPTIDE1,PEPTIDE1,1:R1-7:R2$$$",-6.01600000,ok,,flexible
"PEPTIDE1{meA.A.G.L.meL.T.V}$PEPTIDE1,PEPTIDE1,1:R1-7:R2$$$",-6.00500000,ok,,flexible
"PEPTIDE1{dV.L.A.meL.Aoc(2).meS.dP}$PEPTIDE1,PEPTIDE1,1:R1-7:R2$$$",-5.57500000,ok,,flexible
"PEPTIDE1{dF.Mono38.L.P.dL.L.Bn_Gly}$PEPTIDE1,PEPTIDE1,1:R1-7:R2$$$",-5.48600000,ok,,flexible
"PEPTIDE1{meA.L.meV.T.Me_dA.Bn_Gly.P}$PEPTIDE1,PEPTIDE1,1:R1-7:R2$$$",-6.58300000,ok,,flexible
"PEPTIDE1{dA.L.meS.meA.Me_dA.Abu.T}$PEPTIDE1,PEPTIDE1,1:R1-7:R2$$$",-5.89600000,ok,,flexible
"PEPTIDE1{meA.Pr_Gly.dL.meL.3Pal.A.Ser(tBu)}$PEPTIDE1,PEPTIDE1,1:R1-7:R2$$$",-5.06900000,ok,,flexible
"PEPTIDE1{Me_Bal.L.meV.I.V.Ser(tBu).meL}$PEPTIDE1,PEPTIDE1,1:R1-7:R2$$$",-5.22400000,ok,,flexible
"PEPTIDE1{meL.Aoc(2).L.meL.Me_dL.meS.dL}$PEPTIDE1,PEPTIDE1,1:R1-7:R2$$$",-4.78200000,ok,,flexible
"PEPTIDE1{A.T.L.F.meA.Me_dL.Ser(tBu)}$PEPTIDE1,PEPTIDE1,1:R1-7:R2$$$",-6.44500000,ok,,flexible
"PEPTIDE1{meA.Pr_Gly.meL.dL.V.meF.F}$PEPTIDE1,PEPTIDE1,1:R1-7:R2$$$",-6.11100000,ok,,flexible
"PEPTIDE1{Me_Bal.Me_dL.T.L.V.dL.V}$PEPTIDE1,PEPTIDE1,1:R1-7:R2$$$",-5.83400000,ok,,flexible
"PEPTIDE1{Me_Bal.meA.A.meL.Me_dL.V.meI}$PEPTIDE1,PEPTIDE1,1:R1-7:R2$$$",-6.10300000,ok,,flexible
"PEPTIDE1{A.Me_dA.meL.Pr_Gly.L.Me_dL.F}$PEPTIDE1,PEPTIDE1,1:R1-7:R2$$$",-5.57400000,ok,,flexible
"PEPTIDE1{dA.L.meF.meL.Me_dL.A.V}$PEPTIDE1,PEPTIDE1,1:R1-7:R2$$$",-5.66600000,ok,,flexible
"PEPTIDE1{dA.P.dP.Me_dL.T.I.dL}$PEPTIDE1,PEPTIDE1,1:R1-7:R2$$$",-6.07400000,ok,,flexible
"PEPTIDE1{F.A.pentyl_Gly.Mono84.Ser(tBu).meL.Ser(tBu)}$PEPTIDE1,PEPTIDE1,1:R1-7:R2$$$",-5.21300000,ok,,flexible
"PEPTIDE1{A.meA.V.T.dL.meL.dP}$PEPTIDE1,PEPTIDE1,1:R1-7:R2$$$",-6.47300000,ok,,flexible
"PEPTIDE1{A.T.P.dP.meA.meS.L}$PEPTIDE1,PEPTIDE1,1:R1-7:R2$$$",-6.58300000,ok,,flexible
"PEPTIDE1{dA.A.T.meL.F.L.meF}$PEPTIDE1,PEPTIDE1,1:R1-7:R2$$$",-6.41300000,ok,,flexible
"PEPTIDE1{Me_dA.meA.L.meF.V.I.Me_dL}$PEPTIDE1,PEPTIDE1,1:R1-7:R2$$$",-5.88300000,ok,,flexible
"PEPTIDE1{dA.dP.Me_dL.dP.meA.meL.P}$PEPTIDE1,PEPTIDE1,1:R1-7:R2$$$",-5.84400000,ok,,flexible
"PEPTIDE1{Pr_Gly.Me_dL.meA.Me_dL.L.meS.dP}$PEPTIDE1,PEPTIDE1,1:R1-7:R2$$$",-5.37700000,ok,,flexible
"PEPTIDE1{Me_dA.meL.meL.I.L.Ser(tBu).A}$PEPTIDE1,PEPTIDE1,1:R1-7:R2$$$",-5.64600000,ok,,flexible
"PEPTIDE1{dV.A.F.V.L.L.meL}$PEPTIDE1,PEPTIDE1,1:R1-7:R2$$$",-5.55800000,ok,,flexible
"PEPTIDE1{dA.dP.L.meA.T.A.T}$PEPTIDE1,PEPTIDE1,1:R1-7:R2$$$",-6.23400000,ok,,flexible
"PEPTIDE1{L.Me_dL.meF.T.P.meS.meA}$PEPTIDE1,PEPTIDE1,1:R1-7:R2$$$",-6.35000000,ok,,flexible
"PEPTIDE1{meA.A.A.T.P.L.dP}$PEPTIDE1,PEPTIDE1,1:R1-7:R2$$$",-6.69400000,ok,,flexible
"PEPTIDE1{Me_dA.T.dP.L.meL.T.P}$PEPTIDE1,PEPTIDE1,1:R1-7:R2$$$",-5.76300000,ok,,flexible
"PEPTIDE1{Me_dA.meL.F.T.meF.A.L}$PEPTIDE1,PEPTIDE1,1:R1-7:R2$$$",-6.30100000,ok,,flexible
"PEPTIDE1{F.pentyl_Gly.I.Ser(tBu).Mono84.meL.Et_Gly}$PEPTIDE1,PEPTIDE1,1:R1-7:R2$$$",-4.60300000,ok,,flexible
"PEPTIDE1{Me_dA.meA.T.meS.Me_dL.meL.A}$PEPTIDE1,PEPTIDE1,1:R1-7:R2$$$",-6.56600000,ok,,flexible
"PEPTIDE1{dF.meF.Abu.L.Sar.Ala(5-Tet).dL}$PEPTIDE1,PEPTIDE1,1:R1-7:R2$$$",-6.14400000,ok,,flexible
"PEPTIDE1{Pr_Gly.Me_dA.Me_Phe(3-Cl).I.meA.P.L}$PEPTIDE1,PEPTIDE1,1:R1-7:R2$$$",-6.21500000,ok,,flexible
"PEPTIDE1{L.T.meF.meA.Abu.meS.Me_dA}$PEPTIDE1,PEPTIDE1,1:R1-7:R2$$$",-6.40800000,ok,,flexible
"PEPTIDE1{meA.Me_dL.meL.meF.I.L.T}$PEPTIDE1,PEPTIDE1,1:R1-7:R2$$$",-5.30700000,ok,,flexible
"PEPTIDE1{Me_Bal.G.meA.L.meL.A.F}$PEPTIDE1,PEPTIDE1,1:R1-7:R2$$$",-6.44100000,ok,,flexible
"PEPTIDE1{Me_Bal.pentyl_Gly.meL.meA.A.I.T}$PEPTIDE1,PEPTIDE1,1:R1-7:R2$$$",-5.64400000,ok,,flexible
"PEPTIDE1{Me_Bal.F.Pr_Gly.V.meL.A.L}$PEPTIDE1,PEPTIDE1,1:R1-7:R2$$$",-6.05500000,ok,,flexible
"PEPTIDE1{Me_Bal.A.T.F.Ser(tBu).L.P}$PEPTIDE1,PEPTIDE1,1:R1-7:R2$$$",-5.88300000,ok,,flexible
"PEPTIDE1{Me_dA.dP.P.dL.Ser(tBu).L.Me_dL}$PEPTIDE1,PEPTIDE1,1:R1-7:R2$$$",-5.80100000,ok,,flexible
"PEPTIDE1{Sar.meA.dL.meV.Me_dL.T.Me_dA}$PEPTIDE1,PEPTIDE1,1:R1-7:R2$$$",-6.18200000,ok,,flexible
"PEPTIDE1{meA.P.meL.meF.L.dA.Me_dL}$PEPTIDE1,PEPTIDE1,1:R1-7:R2$$$",-6.47800000,ok,,flexible
"PEPTIDE1{meA.A.pentyl_Gly.Me_dL.meL.meL.T}$PEPTIDE1,PEPTIDE1,1:R1-7:R2$$$",-5.22400000,ok,,flexible
"PEPTIDE1{dV.T.L.meA.meL.dL.F}$PEPTIDE1,PEPTIDE1,1:R1-7:R2$$$",-5.81300000,ok,,flexible
"PEPTIDE1{Me_Bal.meA.meL.L.meF.dP.T}$PEPTIDE1,PEPTIDE1,1:R1-7:R2$$$",-5.86900000,ok,,flexible
"PEPTIDE1{Pr_Gly.Me_dL.T.meS.meF.P.A}$PEPTIDE1,PEPTIDE1,1:R1-7:R2$$$",-5.71000000,ok,,flexible
"PEPTIDE1{Me_dA.F.meL.Me_dL.meV.A.meF}$PEPTIDE1,PEPTIDE1,1:R1-7:R2$$$",-5.97600000,ok,,flexible
"PEPTIDE1{F.Mono38.I.meF.A.dL.meL}$PEPTIDE1,PEPTIDE1,1:R1-7:R2$$$",-5.93400000,ok,,flexible
"PEPTIDE1{dF.T.meS.Ala(5-Tet).I.Aoc(2).L}$PEPTIDE1,PEPTIDE1,1:R1-7:R2$$$",-5.24400000,ok,,flexible
"PEPTIDE1{meA.T.A.dL.Me_dL.I.G}$PEPTIDE1,PEPTIDE1,1:R1-7:R2$$$",-5.96800000,ok,,flexible
"PEPTIDE1{A.L.meS.meL.dL.V.T}$PEPTIDE1,PEPTIDE1,1:R1-7:R2$$$",-4.97400000,ok,,flexible
"PEPTIDE1{Me_dA.I.meV.meA.V.L.A}$PEPTIDE1,PEPTIDE1,1:R1-7:R2$$$",-5.80900000,ok,,flexible
"PEPTIDE1{Sar.meL.Mono86.L.dP.T.I}$PEPTIDE1,PEPTIDE1,1:R1-7:R2$$$",-5.94800000,ok,,flexible
"PEPTIDE1{Me_dA.meA.T.meF.A.A.dA}$PEPTIDE1,PEPTIDE1,1:R1-7:R2$$$",-7.24900000,ok,,flexible
"PEPTIDE1{dA.A.T.L.G.Ser(tBu).meI}$PEPTIDE1,PEPTIDE1,1:R1-7:R2$$$",-5.50100000,ok,,flexible
"PEPTIDE1{Mono6.L.Abu.A.meS.meL.Ala(5-Tet)}$PEPTIDE1,PEPTIDE1,1:R1-7:R2$$$",-6.10800000,ok,,flexible
"PEPTIDE1{A.T.L.L.meL.meF.Abu}$PEPTIDE1,PEPTIDE1,1:R1-7:R2$$$",-5.77600000,ok,,flexible
"PEPTIDE1{F.L.I.T.L.P.Me_dL}$PEPTIDE1,PEPTIDE1,1:R1-7:R2$$$",-5.57800000,ok,,flexible
"PEPTIDE1{meA.A.G.V.T.Me_dA.Me_dL}$PEPTIDE1,PEPTIDE1,1:R1-7:R2$$$",-6.54900000,ok,,flexible
"PEPTIDE1{dA.meA.L.V.T.dL.meA}$PEPTIDE1,PEPTIDE1,1:R1-7:R2$$$",-6.01300000,ok,,flexible
"PEPTIDE1{dV.Me_dL.A.meA.Me_dA.dL.meL}$PEPTIDE1,PEPTIDE1,1:R1-7:R2$$$",-5.73300000,ok,,flexible
"PEPTIDE1{A.L.P.T.T.L.I}$PEPTIDE1,PEPTIDE1,1:R1-7:R2$$$",-5.60400000,ok,,flexible
"PEPTIDE1{Sar.Bn_Gly.meL.V.P.Me_dL.I}$PEPTIDE1,PEPTIDE1,1:R1-7:R2$$$",-6.07700000,ok,,flexible
"PEPTIDE1{Sar.meF.A.I.meA.P.L}$PEPTIDE1,PEPTIDE1,1:R1-7:R2$$$",-6.50800000,ok,,flexible
"PEPTIDE1{Me_Bal.A.Mono86.L.Sar.F.V}$PEPTIDE1,PEPTIDE1,1:R1-7:R2$$$",-6.87600000,ok,,flexible
"PEPTIDE1{F.meL.Abu.Ala(5-Tet).Aoc(2).L.dL}$PEPTIDE1,PEPTIDE1,1:R1-7:R2$$$",-5.46700000,ok,,flexible
"PEPTIDE1{dA.Ser(tBu).A.meL.meA.F.V}$PEPTIDE1,PEPTIDE1,1:R1-7:R2$$$",-5.74400000,ok,,flexible
"PEPTIDE1{Pr_Gly.meL.I.V.dP.pentyl_Gly.P}$PEPTIDE1,PEPTIDE1,1:R1-7:R2$$$",-4.76800000,ok,,flexible
"PEPTIDE1{Me_dA.dP.dP.meL.L.T.P}$PEPTIDE1,PEPTIDE1,1:R1-7:R2$$$",-7.31400000,ok,,flexible
"PEPTIDE1{L.Aoc(2).P.L.Ser(tBu).T.I}$PEPTIDE1,PEPTIDE1,1:R1-7:R2$$$",-4.69900000,ok,,flexible
"PEPTIDE1{meL.T.Ala(5-Tet).meA.meL.V.Sar}$PEPTIDE1,PEPTIDE1,1:R1-7:R2$$$",-6.27200000,ok,,flexible
"PEPTIDE1{meA.T.T.F.Me_dL.meL.dL}$PEPTIDE1,PEPTIDE1,1:R1-7:R2$$$",-5.60200000,ok,,flexible
"PEPTIDE1{dA.pentyl_Gly.cHexCH2_Gly.Mono38.dP.dL.A}$PEPTIDE1,PEPTIDE1,1:R1-7:R2$$$",-5.99500000,ok,,flexible
"PEPTIDE1{F.Me_Nle.P.Me_Phe(3-Cl).L.meA.Me_dA}$PEPTIDE1,PEPTIDE1,1:R1-7:R2$$$",-5.84400000,ok,,flexible
"PEPTIDE1{A.meA.Me_dL.T.meL.dL.F}$PEPTIDE1,PEPTIDE1,1:R1-7:R2$$$",-6.01200000,ok,,flexible
"PEPTIDE1{meA.L.Abu.meL.meF.Me_dA.meS}$PEPTIDE1,PEPTIDE1,1:R1-7:R2$$$",-6.13100000,ok,,flexible
"PEPTIDE1{F.Mono38.cHexCH2_Gly.T.dL.L.3Pal}$PEPTIDE1,PEPTIDE1,1:R1-7:R2$$$",-6.14900000,ok,,flexible
"PEPTIDE1{Sar.T.meA.L.dL.A.meL}$PEPTIDE1,PEPTIDE1,1:R1-7:R2$$$",-6.04300000,ok,,flexible
"PEPTIDE1{Pr_Gly.Me_dA.G.F.L.I.A}$PEPTIDE1,PEPTIDE1,1:R1-7:R2$$$",-6.05600000,ok,,flexible
"PEPTIDE1{A.I.V.T.Me_dL.meA.meL}$PEPTIDE1,PEPTIDE1,1:R1-7:R2$$$",-5.15700000,ok,,flexible
"PEPTIDE1{meA.I.meS.T.Ala(5-Tet).L.Sar}$PEPTIDE1,PEPTIDE1,1:R1-7:R2$$$",-5.79300000,ok,,flexible
"PEPTIDE1{meA.meL.dP.meF.meL.A.P}$PEPTIDE1,PEPTIDE1,1:R1-7:R2$$$",-6.21500000,ok,,flexible
"PEPTIDE1{dF.cHexCH2_Gly.L.dL.Me_dA.meA.dP}$PEPTIDE1,PEPTIDE1,1:R1-7:R2$$$",-6.05800000,ok,,flexible
"PEPTIDE1{meA.T.meL.V.L.meF.P}$PEPTIDE1,PEPTIDE1,1:R1-7:R2$$$",-6.52700000,ok,,flexible
"PEPTIDE1{Me_dA.meL.T.L.A.Me_dL.P}$PEPTIDE1,PEPTIDE1,1:R1-7:R2$$$",-5.36700000,ok,,flexible
"PEPTIDE1{L.A.meL.Aoc(2).meS.T.Me_dL}$PEPTIDE1,PEPTIDE1,1:R1-7:R2$$$",-5.16600000,ok,,flexible
"PEPTIDE1{dA.dP.meF.meL.T.I.Me_dL}$PEPTIDE1,PEPTIDE1,1:R1-7:R2$$$",-5.21500000,ok,,flexible
"PEPTIDE1{A.meL.Me_dL.Me_dA.meA.dL.L}$PEPTIDE1,PEPTIDE1,1:R1-7:R2$$$",-5.53400000,ok,,flexible
"PEPTIDE1{Sar.A.L.T.meA.F.I}$PEPTIDE1,PEPTIDE1,1:R1-7:R2$$$",-5.93300000,ok,,flexible
"PEPTIDE1{A.Sar.meL.V.L.Me_dL.V}$PEPTIDE1,PEPTIDE1,1:R1-7:R2$$$",-5.94300000,ok,,flexible
"PEPTIDE1{Mono6.dP.L.dL.meA.Me_dL.Ser(tBu)}$PEPTIDE1,PEPTIDE1,1:R1-7:R2$$$",-5.54300000,ok,,flexible
"PEPTIDE1{meA.Mono38.Bn_Gly.L.P.L.G}$PEPTIDE1,PEPTIDE1,1:R1-7:R2$$$",-6.55400000,ok,,flexible
"PEPTIDE1{Pr_Gly.Et_Gly.Mono7.F.Abu.meA.I}$PEPTIDE1,PEPTIDE1,1:R1-7:R2$$$",-6.36600000,ok,,flexible
"PEPTIDE1{Mono6.Ser(tBu).P.meS.meA.Me_dA.Abu}$PEPTIDE1,PEPTIDE1,1:R1-7:R2$$$",-6.46000000,ok,,flexible
"PEPTIDE1{dA.P.T.T.meL.meF.meS}$PEPTIDE1,PEPTIDE1,1:R1-7:R2$$$",-6.21500000,ok,,flexible
"PEPTIDE1{dA.meA.meL.T.meF.meS.T}$PEPTIDE1,PEPTIDE1,1:R1-7:R2$$$",-6.35900000,ok,,flexible
"PEPTIDE1{A.dA.dL.F.meV.meF.V}$PEPTIDE1,PEPTIDE1,1:R1-7:R2$$$",-5.62600000,ok,,flexible
"PEPTIDE1{dA.meA.P.P.meL.L.A}$PEPTIDE1,PEPTIDE1,1:R1-7:R2$$$",-6.37500000,ok,,flexible
"PEPTIDE1{dA.Ala(5-Tet).L.T.dP.meA.A}$PEPTIDE1,PEPTIDE1,1:R1-7:R2$$$",-6.61500000,ok,,flexible
"PEPTIDE1{L.Aoc(2).I.dL.meL.Sar.dP}$PEPTIDE1,PEPTIDE1,1:R1-7:R2$$$",-5.35000000,ok,,flexible
"PEPTIDE1{L.Ala(5-Tet).T.Abu.meS.meA.meF}$PEPTIDE1,PEPTIDE1,1:R1-7:R2$$$",-5.93800000,ok,,flexible
"PEPTIDE1{dV.meS.L.T.meS.Ala(5-Tet).Me_dL}$PEPTIDE1,PEPTIDE1,1:R1-7:R2$$$",-5.46700000,ok,,flexible
"PEPTIDE1{Mono6.P.Me_dL.dP.meA.T.T}$PEPTIDE1,PEPTIDE1,1:R1-7:R2$$$",-6.60600000,ok,,flexible
"PEPTIDE1{meA.pentyl_Gly.cHexCH2_Gly.meL.A.meL.T}$PEPTIDE1,PEPTIDE1,1:R1-7:R2$$$",-5.02800000,ok,,flexible
"PEPTIDE1{L.Mono38.A.Ser(tBu).Mono84.dL.dP}$PEPTIDE1,PEPTIDE1,1:R1-7:R2$$$",-6.50400000,ok,,flexible
"PEPTIDE1{meA.cHexCH2_Gly.T.meL.dL.G.meL}$PEPTIDE1,PEPTIDE1,1:R1-7:R2$$$",-6.25800000,ok,,flexible
"PEPTIDE1{P.Pr_Gly.meA.I.Me_Phe(3-Cl).Ser(tBu).L}$PEPTIDE1,PEPTIDE1,1:R1-7:R2$$$",-5.49500000,ok,,flexible
"PEPTIDE1{dV.F.V.A.Ser(tBu).T.meL}$PEPTIDE1,PEPTIDE1,1:R1-7:R2$$$",-6.15400000,ok,,flexible
"PEPTIDE1{dF.Abu.meF.L.P.A.meA}$PEPTIDE1,PEPTIDE1,1:R1-7:R2$$$",-6.64000000,ok,,flexible
"PEPTIDE1{Me_dA.cHexCH2_Gly.Me_Nle.Ser(tBu).L.I.A}$PEPTIDE1,PEPTIDE1,1:R1-7:R2$$$",-5.51000000,ok,,flexible
"PEPTIDE1{Me_dA.Mono38.meL.A.G.Sar.Me_Phe(3-Cl)}$PEPTIDE1,PEPTIDE1,1:R1-7:R2$$$",-6.64700000,ok,,flexible
"PEPTIDE1{dF.Abu.L.T.meA.Me_dL.meS}$PEPTIDE1,PEPTIDE1,1:R1-7:R2$$$",-5.73600000,ok,,flexible
"PEPTIDE1{dA.A.meA.meI.V.T.L}$PEPTIDE1,PEPTIDE1,1:R1-7:R2$$$",-5.80200000,ok,,flexible
"PEPTIDE1{dV.Me_dL.Sar.T.L.meA.A}$PEPTIDE1,PEPTIDE1,1:R1-7:R2$$$",-5.76100000,ok,,flexible
"PEPTIDE1{A.meA.meF.T.V.Me_dA.Ser(tBu)}$PEPTIDE1,PEPTIDE1,1:R1-7:R2$$$",-6.35800000,ok,,flexible
"PEPTIDE1{A.meA.T.V.I.Me_dA.Me_dL}$PEPTIDE1,PEPTIDE1,1:R1-7:R2$$$",-5.93200000,ok,,flexible
"PEPTIDE1{dA.pentyl_Gly.cHexCH2_Gly.A.dL.Me_Nle.Ser(tBu)}$PEPTIDE1,PEPTIDE1,1:R1-7:R2$$$",-5.06500000,ok,,flexible
"PEPTIDE1{Sar.meA.T.meL.L.meV.T}$PEPTIDE1,PEPTIDE1,1:R1-7:R2$$$",-5.51300000,ok,,flexible
"PEPTIDE1{Me_dA.Me_dL.L.Abu.A.meL.T}$PEPTIDE1,PEPTIDE1,1:R1-7:R2$$$",-5.80600000,ok,,flexible
"PEPTIDE1{Me_dA.pentyl_Gly.Bn_Gly.Ser(tBu).dL.I.Me_Nle}$PEPTIDE1,PEPTIDE1,1:R1-7:R2$$$",-4.89900000,ok,,flexible
"PEPTIDE1{A.Abu.Me_dL.T.dL.meL.meF}$PEPTIDE1,PEPTIDE1,1:R1-7:R2$$$",-5.65300000,ok,,flexible
"PEPTIDE1{meA.Pr_Gly.meL.L.V.G.T}$PEPTIDE1,PEPTIDE1,1:R1-7:R2$$$",-5.59500000,ok,,flexible
"PEPTIDE1{Me_dA.meF.dP.Me_dL.T.L.meI}$PEPTIDE1,PEPTIDE1,1:R1-7:R2$$$",-5.94600000,ok,,flexible
"PEPTIDE1{A.Ser(tBu).meL.dL.P.L.meF}$PEPTIDE1,PEPTIDE1,1:R1-7:R2$$$",-5.59900000,ok,,flexible
"PEPTIDE1{Pr_Gly.Pr_Gly.dL.F.Me_dL.A.meF}$PEPTIDE1,PEPTIDE1,1:R1-7:R2$$$",-5.55900000,ok,,flexible
"PEPTIDE1{dV.T.dP.P.meV.F.meL}$PEPTIDE1,PEPTIDE1,1:R1-7:R2$$$",-6.30500000,ok,,flexible
"PEPTIDE1{L.pentyl_Gly.dL.T.A.F.I}$PEPTIDE1,PEPTIDE1,1:R1-7:R2$$$",-5.12600000,ok,,flexible
"PEPTIDE1{Mono6.T.Abu.meL.L.meS.meS}$PEPTIDE1,PEPTIDE1,1:R1-7:R2$$$",-5.59400000,ok,,flexible
"PEPTIDE1{Me_Bal.Me_dL.Pr_Gly.meY.F.dP.Me_dA}$PEPTIDE1,PEPTIDE1,1:R1-7:R2$$$",-6.89400000,ok,,flexible
"PEPTIDE1{dA.A.Sar.T.meL.P.I}$PEPTIDE1,PEPTIDE1,1:R1-7:R2$$$",-6.29600000,ok,,flexible
"PEPTIDE1{dV.meL.T.meA.P.meL.dP}$PEPTIDE1,PEPTIDE1,1:R1-7:R2$$$",-6.65800000,ok,,flexible
"PEPTIDE1{F.Me_Nle.cHexCH2_Gly.A.pentyl_Gly.T.L}$PEPTIDE1,PEPTIDE1,1:R1-7:R2$$$",-5.63800000,ok,,flexible
"PEPTIDE1{A.Me_dA.Me_dL.meA.T.G.F}$PEPTIDE1,PEPTIDE1,1:R1-7:R2$$$",-6.29600000,ok,,flexible
"PEPTIDE1{dF.Me_dA.T.meF.meL.meS.A}$PEPTIDE1,PEPTIDE1,1:R1-7:R2$$$",-6.46400000,ok,,flexible
"PEPTIDE1{L.Aoc(2).Ala(5-Tet).meS.A.T.L}$PEPTIDE1,PEPTIDE1,1:R1-7:R2$$$",-5.32300000,ok,,flexible
"PEPTIDE1{dA.T.A.P.meA.meL.meF}$PEPTIDE1,PEPTIDE1,1:R1-7:R2$$$",-6.31100000,ok,,flexible
"PEPTIDE1{Me_Bal.dP.A.L.dL.meL.Me_dL}$PEPTIDE1,PEPTIDE1,1:R1-7:R2$$$",-5.58500000,ok,,flexible
"PEPTIDE1{Me_dA.L.A.Me_dL.V.dL.F}$PEPTIDE1,PEPTIDE1,1:R1-7:R2$$$",-5.60900000,ok,,flexible
"PEPTIDE1{L.dP.T.A.meL.Abu.meF}$PEPTIDE1,PEPTIDE1,1:R1-7:R2$$$",-5.90500000,ok,,flexible
"PEPTIDE1{Me_dA.A.cHexCH2_Gly.meF.pentyl_Gly.Me_Nle.P}$PEPTIDE1,PEPTIDE1,1:R1-7:R2$$$",-5.94100000,ok,,flexible
"PEPTIDE1{meA.meL.meL.Abu.T.P.dL}$PEPTIDE1,PEPTIDE1,1:R1-7:R2$$$",-5.37000000,ok,,flexible
"PEPTIDE1{meL.A.dP.meA.dL.T.dA}$PEPTIDE1,PEPTIDE1,1:R1-7:R2$$$",-5.84900000,ok,,flexible
"PEPTIDE1{A.meF.Abu.T.Ala(5-Tet).T.meS}$PEPTIDE1,PEPTIDE1,1:R1-7:R2$$$",-6.64600000,ok,,flexible
"PEPTIDE1{F.A.Abu.dA.Me_dA.meL.meF}$PEPTIDE1,PEPTIDE1,1:R1-7:R2$$$",-6.99100000,ok,,flexible
"PEPTIDE1{A.meL.T.meA.dL.Sar.L}$PEPTIDE1,PEPTIDE1,1:R1-7:R2$$$",-5.64400000,ok,,flexible
"PEPTIDE1{meA.P.L.Me_dL.V.meF.meL}$PEPTIDE1,PEPTIDE1,1:R1-7:R2$$$",-6.05500000,ok,,flexible
"PEPTIDE1{dA.meL.T.A.L.meS.Ala(5-Tet)}$PEPTIDE1,PEPTIDE1,1:R1-7:R2$$$",-5.97300000,ok,,flexible
"PEPTIDE1{meA.L.Abu.Aoc(2).meS.T.dL}$PEPTIDE1,PEPTIDE1,1:R1-7:R2$$$",-5.27000000,ok,,flexible
"PEPTIDE1{A.F.meA.dL.Me_dA.meF.T}$PEPTIDE1,PEPTIDE1,1:R1-7:R2$$$",-6.36500000,ok,,flexible
"PEPTIDE1{Me_Bal.Pr_Gly.meA.F.A.V.meL}$PEPTIDE1,PEPTIDE1,1:R1-7:R2$$$",-6.10300000,ok,,flexible
"PEPTIDE1{meA.Me_dAbu.meL.T.P.T.dP}$PEPTIDE1,PEPTIDE1,1:R1-7:R2$$$",-6.16800000,ok,,flexible
"PEPTIDE1{F.dP.pentyl_Gly.T.L.dL.meF}$PEPTIDE1,PEPTIDE1,1:R1-7:R2$$$",-5.41300000,ok,,flexible
"PEPTIDE1{A.P.Me_dL.dL.L.Ser(tBu).dV}$PEPTIDE1,PEPTIDE1,1:R1-7:R2$$$",-5.52800000,ok,,flexible
"PEPTIDE1{Me_dA.meA.Me_dL.meL.T.dV.dP}$PEPTIDE1,PEPTIDE1,1:R1-7:R2$$$",-6.20900000,ok,,flexible
"PEPTIDE1{L.meF.I.Ala(5-Tet).F.Me_dL.Pr_Gly}$PEPTIDE1,PEPTIDE1,1:R1-7:R2$$$",-4.95700000,ok,,flexible
"PEPTIDE1{Me_dA.A.P.meL.F.Me_dL.meF}$PEPTIDE1,PEPTIDE1,1:R1-7:R2$$$",-6.27700000,ok,,flexible
"PEPTIDE1{dV.F.T.Abu.Ala(5-Tet).meS.meS}$PEPTIDE1,PEPTIDE1,1:R1-7:R2$$$",-5.84000000,ok,,flexible
"PEPTIDE1{F.P.A.I.Mono86.Mono84.L}$PEPTIDE1,PEPTIDE1,1:R1-7:R2$$$",-5.93600000,ok,,flexible
"PEPTIDE1{meL.T.Sar.A.A.dA.Me_dA}$PEPTIDE1,PEPTIDE1,1:R1-7:R2$$$",-6.64000000,ok,,flexible
"PEPTIDE1{Me_dA.meL.meA.meL.V.meV.V}$PEPTIDE1,PEPTIDE1,1:R1-7:R2$$$",-5.92300000,ok,,flexible
"PEPTIDE1{Me_Bal.A.L.Me_dA.meL.V.Pr_Gly}$PEPTIDE1,PEPTIDE1,1:R1-7:R2$$$",-5.84300000,ok,,flexible
"PEPTIDE1{meA.P.dL.A.meL.Me_dL.T}$PEPTIDE1,PEPTIDE1,1:R1-7:R2$$$",-6.05600000,ok,,flexible
"PEPTIDE1{dV.meL.T.meL.meA.L.L}$PEPTIDE1,PEPTIDE1,1:R1-7:R2$$$",-5.44900000,ok,,flexible
"PEPTIDE1{dA.L.A.T.meS.meL.Aoc(2)}$PEPTIDE1,PEPTIDE1,1:R1-7:R2$$$",-5.45000000,ok,,flexible
"PEPTIDE1{Me_dA.Pr_Gly.T.V.Me_dL.dP.meF}$PEPTIDE1,PEPTIDE1,1:R1-7:R2$$$",-5.69300000,ok,,flexible
"PEPTIDE1{L.Sar.A.meL.dL.meS.meA}$PEPTIDE1,PEPTIDE1,1:R1-7:R2$$$",-5.56100000,ok,,flexible
"PEPTIDE1{L.Sar.A.meA.Abu.T.meF}$PEPTIDE1,PEPTIDE1,1:R1-7:R2$$$",-5.77400000,ok,,flexible
"PEPTIDE1{meA.meS.A.Sar.meF.meL.Ala(5-Tet)}$PEPTIDE1,PEPTIDE1,1:R1-7:R2$$$",-6.25200000,ok,,flexible
"PEPTIDE1{dV.A.meA.T.meL.meL.Me_dL}$PEPTIDE1,PEPTIDE1,1:R1-7:R2$$$",-5.61600000,ok,,flexible
"PEPTIDE1{F.A.Sar.meS.meL.Me_dL.meF}$PEPTIDE1,PEPTIDE1,1:R1-7:R2$$$",-6.09500000,ok,,flexible
"PEPTIDE1{Me_dA.Me_dL.meY.T.Ser(tBu).meL.dL}$PEPTIDE1,PEPTIDE1,1:R1-7:R2$$$",-4.82500000,ok,,flexible
"PEPTIDE1{Pr_Gly.meA.dP.meA.meL.L.Me_dA}$PEPTIDE1,PEPTIDE1,1:R1-7:R2$$$",-6.38600000,ok,,flexible
"PEPTIDE1{Mono6.L.meS.Me_dL.A.meA.meL}$PEPTIDE1,PEPTIDE1,1:R1-7:R2$$$",-6.68400000,ok,,flexible
"PEPTIDE1{Me_dA.meL.A.Ser(tBu).P.L.dL}$PEPTIDE1,PEPTIDE1,1:R1-7:R2$$$",-5.66400000,ok,,flexible
"PEPTIDE1{dF.Pr_Gly.L.A.F.Me_dL.V}$PEPTIDE1,PEPTIDE1,1:R1-7:R2$$$",-5.44200000,ok,,flexible
"PEPTIDE1{dF.L.L.P.Ser(tBu).dL.meL}$PEPTIDE1,PEPTIDE1,1:R1-7:R2$$$",-5.08000000,ok,,flexible
"PEPTIDE1{L.meF.Phe(4-CF3).Ser(tBu).I.meL.Me_dL}$PEPTIDE1,PEPTIDE1,1:R1-7:R2$$$",-5.13400000,ok,,flexible
"PEPTIDE1{Me_Bal.L.I.meL.dL.meL.meA}$PEPTIDE1,PEPTIDE1,1:R1-7:R2$$$",-5.50600000,ok,,flexible
"PEPTIDE1{dV.T.A.meL.meF.L.Me_dA}$PEPTIDE1,PEPTIDE1,1:R1-7:R2$$$",-5.75200000,ok,,flexible
"PEPTIDE1{A.Phe(4-CF3).meA.Aoc(2).T.Abu.L}$PEPTIDE1,PEPTIDE1,1:R1-7:R2$$$",-5.70700000,ok,,flexible
"PEPTIDE1{Me_Bal.A.meL.dL.Me_dA.T.meF}$PEPTIDE1,PEPTIDE1,1:R1-7:R2$$$",-5.66200000,ok,,flexible
"PEPTIDE1{meA.Me_dL.meF.dP.meL.T.L}$PEPTIDE1,PEPTIDE1,1:R1-7:R2$$$",-6.11600000,ok,,flexible
"PEPTIDE1{Sar.T.meF.dL.Me_dL.meL.L}$PEPTIDE1,PEPTIDE1,1:R1-7:R2$$$",-5.36200000,ok,,flexible
"PEPTIDE1{dF.Abu.meS.T.meL.Sar.meA}$PEPTIDE1,PEPTIDE1,1:R1-7:R2$$$",-6.05900000,ok,,flexible
"PEPTIDE1{Me_dA.meL.meS.T.A.meA.Me_dL}$PEPTIDE1,PEPTIDE1,1:R1-7:R2$$$",-5.88100000,ok,,flexible
"PEPTIDE1{dF.meS.Aoc(2).meF.meL.L.T}$PEPTIDE1,PEPTIDE1,1:R1-7:R2$$$",-5.58000000,ok,,flexible
"PEPTIDE1{A.meS.dP.meL.Me_dL.meA.meF}$PEPTIDE1,PEPTIDE1,1:R1-7:R2$$$",-5.90300000,ok,,flexible
"PEPTIDE1{Me_dA.Me_Nle.dP.I.P.L.Ser(tBu)}$PEPTIDE1,PEPTIDE1,1:R1-7:R2$$$",-5.52700000,ok,,flexible
"PEPTIDE1{dV.meS.Ala(5-Tet).L.A.dA.dL}$PEPTIDE1,PEPTIDE1,1:R1-7:R2$$$",-6.14900000,ok,,flexible
"PEPTIDE1{meA.P.T.meI.L.meF.Me_dA}$PEPTIDE1,PEPTIDE1,1:R1-7:R2$$$",-6.05700000,ok,,flexible
"PEPTIDE1{dA.pentyl_Gly.P.L.L.meL.A}$PEPTIDE1,PEPTIDE1,1:R1-7:R2$$$",-5.51500000,ok,,flexible
"PEPTIDE1{Me_dA.meA.meF.L.V.T.meL}$PEPTIDE1,PEPTIDE1,1:R1-7:R2$$$",-5.58700000,ok,,flexible
"PEPTIDE1{A.meS.Ala(5-Tet).Aoc(2).Phe(4-CF3).Abu.L}$PEPTIDE1,PEPTIDE1,1:R1-7:R2$$$",-5.50200000,ok,,flexible
"PEPTIDE1{Me_dA.A.meL.meA.dP.Me_dL.F}$PEPTIDE1,PEPTIDE1,1:R1-7:R2$$$",-6.54500000,ok,,flexible
"PEPTIDE1{meA.meL.Ser(tBu).V.T.Me_dL.F}$PEPTIDE1,PEPTIDE1,1:R1-7:R2$$$",-5.58700000,ok,,flexible
"PEPTIDE1{meA.L.V.Me_dL.L.Sar.P}$PEPTIDE1,PEPTIDE1,1:R1-7:R2$$$",-5.71100000,ok,,flexible
"PEPTIDE1{meL.meS.Me_dL.Abu.dL.Ala(5-Tet).meF}$PEPTIDE1,PEPTIDE1,1:R1-7:R2$$$",-5.33500000,ok,,flexible
"PEPTIDE1{Me_Bal.meA.T.meF.A.meL.L}$PEPTIDE1,PEPTIDE1,1:R1-7:R2$$$",-6.58300000,ok,,flexible
"PEPTIDE1{A.pentyl_Gly.V.meA.I.Mono86.Ser(tBu)}$PEPTIDE1,PEPTIDE1,1:R1-7:R2$$$",-5.26100000,ok,,flexible
"PEPTIDE1{dA.Aib.A.A.Me_Phe(3-Cl).meL.L}$PEPTIDE1,PEPTIDE1,1:R1-7:R2$$$",-5.88000000,ok,,flexible
"PEPTIDE1{A.meA.L.Me_dA.meF.meL.Me_dL}$PEPTIDE1,PEPTIDE1,1:R1-7:R2$$$",-5.55200000,ok,,flexible
"PEPTIDE1{meA.meF.A.meL.Ala(5-Tet).Aoc(2).L}$PEPTIDE1,PEPTIDE1,1:R1-7:R2$$$",-5.75800000,ok,,flexible
"PEPTIDE1{meL.Ala(5-Tet).meS.Me_dL.T.dL.F}$PEPTIDE1,PEPTIDE1,1:R1-7:R2$$$",-5.39100000,ok,,flexible
"PEPTIDE1{dA.L.Abu.T.Aoc(2).A.P}$PEPTIDE1,PEPTIDE1,1:R1-7:R2$$$",-5.74500000,ok,,flexible
"PEPTIDE1{meA.I.meL.P.L.Me_dL.V}$PEPTIDE1,PEPTIDE1,1:R1-7:R2$$$",-5.37000000,ok,,flexible
"PEPTIDE1{dF.A.cHexCH2_Gly.Ser(tBu).Sar.I.G}$PEPTIDE1,PEPTIDE1,1:R1-7:R2$$$",-6.43800000,ok,,flexible
"PEPTIDE1{Sar.P.P.meA.dL.A.meL}$PEPTIDE1,PEPTIDE1,1:R1-7:R2$$$",-6.23100000,ok,,flexible
"PEPTIDE1{meA.Abu.L.Ala(5-Tet).A.dL.meS}$PEPTIDE1,PEPTIDE1,1:R1-7:R2$$$",-5.69400000,ok,,flexible
"PEPTIDE1{meA.meL.T.L.meF.dL.L}$PEPTIDE1,PEPTIDE1,1:R1-7:R2$$$",-5.20700000,ok,,flexible
"PEPTIDE1{Me_Bal.T.L.meV.dL.Me_Phe(3-Cl).T}$PEPTIDE1,PEPTIDE1,1:R1-7:R2$$$",-6.43000000,ok,,flexible
"PEPTIDE1{dF.dP.Ala(5-Tet).T.meS.Me_dA.dL}$PEPTIDE1,PEPTIDE1,1:R1-7:R2$$$",-5.61900000,ok,,flexible
"PEPTIDE1{A.L.dL.Me_dL.Me_dA.dP.meA}$PEPTIDE1,PEPTIDE1,1:R1-7:R2$$$",-5.91600000,ok,,flexible
"PEPTIDE1{P.meA.dL.meL.Me_dL.V.I}$PEPTIDE1,PEPTIDE1,1:R1-7:R2$$$",-5.68200000,ok,,flexible
"PEPTIDE1{dP.meL.Me_dL.L.V.T.I}$PEPTIDE1,PEPTIDE1,1:R1-7:R2$$$",-5.64900000,ok,,flexible
"PEPTIDE1{meA.dP.dP.I.T.Ser(tBu).V}$PEPTIDE1,PEPTIDE1,1:R1-7:R2$$$",-5.74800000,ok,,flexible
"PEPTIDE1{A.Me_dL.P.L.T.dL.meL}$PEPTIDE1,PEPTIDE1,1:R1-7:R2$$$",-5.93000000,ok,,flexible
"PEPTIDE1{Me_Bal.A.Me_dL.Me_dA.meL.dP.meL}$PEPTIDE1,PEPTIDE1,1:R1-7:R2$$$",-6.13900000,ok,,flexible
"PEPTIDE1{P.Me_dA.Me_dL.L.A.I.meL}$PEPTIDE1,PEPTIDE1,1:R1-7:R2$$$",-6.26800000,ok,,flexible
"PEPTIDE1{Sar.meL.L.dL.I.T.G}$PEPTIDE1,PEPTIDE1,1:R1-7:R2$$$",-5.18500000,ok,,flexible
"PEPTIDE1{meA.meS.Ala(5-Tet).L.T.meL.A}$PEPTIDE1,PEPTIDE1,1:R1-7:R2$$$",-6.50100000,ok,,flexible
"PEPTIDE1{A.meL.T.L.dP.P.meY}$PEPTIDE1,PEPTIDE1,1:R1-7:R2$$$",-5.94100000,ok,,flexible
"PEPTIDE1{meL.Abu.A.Aoc(2).Ala(5-Tet).T.L}$PEPTIDE1,PEPTIDE1,1:R1-7:R2$$$",-5.01600000,ok,,flexible
"PEPTIDE1{Sar.Me_dL.L.dL.meV.Mono7.T}$PEPTIDE1,PEPTIDE1,1:R1-7:R2$$$",-5.98900000,ok,,flexible
"PEPTIDE1{dV.Me_dA.Me_dL.F.meA.I.L}$PEPTIDE1,PEPTIDE1,1:R1-7:R2$$$",-5.34400000,ok,,flexible
"PEPTIDE1{Me_dA.T.dL.meV.meA.I.A}$PEPTIDE1,PEPTIDE1,1:R1-7:R2$$$",-5.50100000,ok,,flexible
"PEPTIDE1{Me_dA.T.meL.meA.meF.Sar.meL}$PEPTIDE1,PEPTIDE1,1:R1-7:R2$$$",-5.66100000,ok,,flexible
"PEPTIDE1{Mono6.T.Me_dL.Me_dA.L.dP.F}$PEPTIDE1,PEPTIDE1,1:R1-7:R2$$$",-6.50700000,ok,,flexible
"PEPTIDE1{meA.L.cHexCH2_Gly.Ser(tBu).A.I.dL}$PEPTIDE1,PEPTIDE1,1:R1-7:R2$$$",-6.13100000,ok,,flexible
"PEPTIDE1{Me_Bal.dPye.dA.meL.Me_dL.dL.A}$PEPTIDE1,PEPTIDE1,1:R1-7:R2$$$",-5.77700000,ok,,flexible
"PEPTIDE1{A.Me_dL.F.dL.Pr_Gly.L.T}$PEPTIDE1,PEPTIDE1,1:R1-7:R2$$$",-5.58300000,ok,,flexible
"PEPTIDE1{Me_Bal.meA.meL.F.Me_dL.meL.T}$PEPTIDE1,PEPTIDE1,1:R1-7:R2$$$",-5.52800000,ok,,flexible
"PEPTIDE1{dV.L.Me_dL.I.G.V.3Pal}$PEPTIDE1,PEPTIDE1,1:R1-7:R2$$$",-5.68000000,ok,,flexible
"PEPTIDE1{dV.meL.A.Me_dL.T.meS.Me_dA}$PEPTIDE1,PEPTIDE1,1:R1-7:R2$$$",-5.51500000,ok,,flexible
"PEPTIDE1{Me_Bal.meV.T.meL.meL.L.V}$PEPTIDE1,PEPTIDE1,1:R1-7:R2$$$",-5.96000000,ok,,flexible
"PEPTIDE1{Me_dA.V.Me_dL.meL.T.meF.meL}$PEPTIDE1,PEPTIDE1,1:R1-7:R2$$$",-5.36000000,ok,,flexible
"PEPTIDE1{dF.pentyl_Gly.Cha.dL.Mono84.dP.V}$PEPTIDE1,PEPTIDE1,1:R1-7:R2$$$",-6.32000000,ok,,flexible
"PEPTIDE1{A.dP.meA.Me_dL.meL.L.meS}$PEPTIDE1,PEPTIDE1,1:R1-7:R2$$$",-5.65800000,ok,,flexible
"PEPTIDE1{Me_Bal.T.meL.V.Me_dL.G.Ser(tBu)}$PEPTIDE1,PEPTIDE1,1:R1-7:R2$$$",-6.25700000,ok,,flexible
"PEPTIDE1{A.L.P.I.meL.dP.meA}$PEPTIDE1,PEPTIDE1,1:R1-7:R2$$$",-5.89100000,ok,,flexible
"PEPTIDE1{Me_dA.Mono38.meF.P.L.meA.A}$PEPTIDE1,PEPTIDE1,1:R1-7:R2$$$",-6.29200000,ok,,flexible
"PEPTIDE1{meL.meF.Aoc(2).meA.Ala(5-Tet).T.Abu}$PEPTIDE1,PEPTIDE1,1:R1-7:R2$$$",-5.38300000,ok,,flexible
"PEPTIDE1{dA.meS.T.T.A.L.meL}$PEPTIDE1,PEPTIDE1,1:R1-7:R2$$$",-5.38500000,ok,,flexible
"PEPTIDE1{F.meL.I.meF.meS.meA.L}$PEPTIDE1,PEPTIDE1,1:R1-7:R2$$$",-5.68500000,ok,,flexible
"PEPTIDE1{Pr_Gly.meL.meY.Me_dL.L.P.meA}$PEPTIDE1,PEPTIDE1,1:R1-7:R2$$$",-6.11600000,ok,,flexible
"PEPTIDE1{meA.meL.Sar.Bn_Gly.L.G.T}$PEPTIDE1,PEPTIDE1,1:R1-7:R2$$$",-6.15700000,ok,,flexible
"PEPTIDE1{Pr_Gly.dP.cHexCH2_Gly.G.T.A.meL}$PEPTIDE1,PEPTIDE1,1:R1-7:R2$$$",-5.65600000,ok,,flexible
"PEPTIDE1{dF.I.T.L.meL.3Pal.P}$PEPTIDE1,PEPTIDE1,1:R1-7:R2$$$",-6.30300000,ok,,flexible
"PEPTIDE1{Pr_Gly.L.A.I.meS.dL.Abu}$PEPTIDE1,PEPTIDE1,1:R1-7:R2$$$",-5.29800000,ok,,flexible
"PEPTIDE1{Me_Bal.meL.F.L.dL.T.Me_dL}$PEPTIDE1,PEPTIDE1,1:R1-7:R2$$$",-5.66900000,ok,,flexible
"PEPTIDE1{Me_dA.T.P.T.A.dL.meS}$PEPTIDE1,PEPTIDE1,1:R1-7:R2$$$",-6.24900000,ok,,flexible
"PEPTIDE1{dV.dF.meA.Sar.L.L.meL}$PEPTIDE1,PEPTIDE1,1:R1-7:R2$$$",-5.99600000,ok,,flexible
"PEPTIDE1{Me_dA.I.F.T.L.meF.meL}$PEPTIDE1,PEPTIDE1,1:R1-7:R2$$$",-6.04300000,ok,,flexible
"PEPTIDE1{dF.L.meL.meS.meS.dL.Ala(5-Tet)}$PEPTIDE1,PEPTIDE1,1:R1-7:R2$$$",-5.54700000,ok,,flexible
"PEPTIDE1{dF.meL.T.P.P.meY.meA}$PEPTIDE1,PEPTIDE1,1:R1-7:R2$$$",-6.63100000,ok,,flexible
"PEPTIDE1{Sar.A.P.Me_dL.meL.I.T}$PEPTIDE1,PEPTIDE1,1:R1-7:R2$$$",-5.95200000,ok,,flexible
"PEPTIDE1{dP.L.dL.I.meL.Ser(tBu).Me_dL}$PEPTIDE1,PEPTIDE1,1:R1-7:R2$$$",-5.07000000,ok,,flexible
"PEPTIDE1{Me_dA.F.meF.meL.T.P.L}$PEPTIDE1,PEPTIDE1,1:R1-7:R2$$$",-5.83900000,ok,,flexible
"PEPTIDE1{P.Me_Phe(3-Cl).meL.meA.meF.F.Me_dL}$PEPTIDE1,PEPTIDE1,1:R1-7:R2$$$",-5.42800000,ok,,flexible
"PEPTIDE1{dA.T.A.L.meL.V.I}$PEPTIDE1,PEPTIDE1,1:R1-7:R2$$$",-5.81000000,ok,,flexible
"PEPTIDE1{Me_dA.dP.P.meF.A.T.L}$PEPTIDE1,PEPTIDE1,1:R1-7:R2$$$",-7.02100000,ok,,flexible
"PEPTIDE1{Pr_Gly.Mono38.P.meL.Me_Phe(3-Cl).Me_dL.dL}$PEPTIDE1,PEPTIDE1,1:R1-7:R2$$$",-5.51300000,ok,,flexible
"PEPTIDE1{F.meL.dP.P.Me_dA.meS.A}$PEPTIDE1,PEPTIDE1,1:R1-7:R2$$$",-7.19600000,ok,,flexible
"PEPTIDE1{dA.G.Me_dL.meF.meL.L.T}$PEPTIDE1,PEPTIDE1,1:R1-7:R2$$$",-6.50100000,ok,,flexible
"PEPTIDE1{L.P.meA.T.meL.P.meF}$PEPTIDE1,PEPTIDE1,1:R1-7:R2$$$",-6.33200000,ok,,flexible
"PEPTIDE1{dA.Ala(5-Tet).meS.F.meF.meL.A}$PEPTIDE1,PEPTIDE1,1:R1-7:R2$$$",-5.77200000,ok,,flexible
"PEPTIDE1{Sar.meL.P.A.dL.L.meA}$PEPTIDE1,PEPTIDE1,1:R1-7:R2$$$",-5.96800000,ok,,flexible
"PEPTIDE1{dA.dP.Me_dL.meA.F.T.G}$PEPTIDE1,PEPTIDE1,1:R1-7:R2$$$",-6.24900000,ok,,flexible
"PEPTIDE1{meA.meL.A.meF.dP.T.L}$PEPTIDE1,PEPTIDE1,1:R1-7:R2$$$",-5.60100000,ok,,flexible
"PEPTIDE1{F.dL.meS.A.Me_Phe(3-Cl).Me_dL.L}$PEPTIDE1,PEPTIDE1,1:R1-7:R2$$$",-5.73700000,ok,,flexible
"PEPTIDE1{dA.Me_dA.dL.A.T.meL.dP}$PEPTIDE1,PEPTIDE1,1:R1-7:R2$$$",-6.17600000,ok,,flexible
"PEPTIDE1{L.meF.meA.Sar.V.meL.T}$PEPTIDE1,PEPTIDE1,1:R1-7:R2$$$",-5.98700000,ok,,flexible
"PEPTIDE1{Me_dA.Me_dL.meA.V.meF.Ser(tBu).L}$PEPTIDE1,PEPTIDE1,1:R1-7:R2$$$",-5.83900000,ok,,flexible
"PEPTIDE1{A.meL.Me_dA.Ser(tBu).T.dL.Me_dL}$PEPTIDE1,PEPTIDE1,1:R1-7:R2$$$",-6.01400000,ok,,flexible
"PEPTIDE1{meA.A.T.L.dL.A.P}$PEPTIDE1,PEPTIDE1,1:R1-7:R2$$$",-6.44600000,ok,,flexible
"PEPTIDE1{A.Me_dA.Me_dL.meA.V.Ser(tBu).G}$PEPTIDE1,PEPTIDE1,1:R1-7:R2$$$",-6.02800000,ok,,flexible
"PEPTIDE1{Me_Bal.cHexCH2_Gly.V.L.I.Ser(tBu).F}$PEPTIDE1,PEPTIDE1,1:R1-7:R2$$$",-5.18800000,ok,,flexible
"PEPTIDE1{F.L.A.Et_Gly.T.meL.Me_dL}$PEPTIDE1,PEPTIDE1,1:R1-7:R2$$$",-5.49200000,ok,,flexible
"PEPTIDE1{Mono6.T.Abu.L.meS.dL.L}$PEPTIDE1,PEPTIDE1,1:R1-7:R2$$$",-5.84100000,ok,,flexible
"PEPTIDE1{dP.Me_Phe(3-Cl).meL.Ser(tBu).T.L.meF}$PEPTIDE1,PEPTIDE1,1:R1-7:R2$$$",-5.83200000,ok,,flexible
"PEPTIDE1{Pr_Gly.meF.L.L.Abu.meL.meS}$PEPTIDE1,PEPTIDE1,1:R1-7:R2$$$",-5.53000000,ok,,flexible
"PEPTIDE1{Me_Bal.T.L.meF.meL.T.L}$PEPTIDE1,PEPTIDE1,1:R1-7:R2$$$",-5.52400000,ok,,flexible
"PEPTIDE1{Sar.meL.meA.A.meL.P.Me_dL}$PEPTIDE1,PEPTIDE1,1:R1-7:R2$$$",-6.32300000,ok,,flexible
"PEPTIDE1{Pr_Gly.T.I.meA.V.meL.G}$PEPTIDE1,PEPTIDE1,1:R1-7:R2$$$",-6.11200000,ok,,flexible
"PEPTIDE1{L.meA.dP.meL.Sar.dA.meS}$PEPTIDE1,PEPTIDE1,1:R1-7:R2$$$",-6.00600000,ok,,flexible
"PEPTIDE1{Me_Bal.T.L.meF.Ser(tBu).G.F}$PEPTIDE1,PEPTIDE1,1:R1-7:R2$$$",-6.02200000,ok,,flexible
"PEPTIDE1{dV.Me_dL.L.meL.T.meF.F}$PEPTIDE1,PEPTIDE1,1:R1-7:R2$$$",-5.53000000,ok,,flexible
"PEPTIDE1{meA.meS.A.T.P.L.dL}$PEPTIDE1,PEPTIDE1,1:R1-7:R2$$$",-6.45500000,ok,,flexible
"PEPTIDE1{Me_Bal.meA.meL.Ser(tBu).V.T.dL}$PEPTIDE1,PEPTIDE1,1:R1-7:R2$$$",-5.14800000,ok,,flexible
"PEPTIDE1{dV.P.Me_dL.F.L.meL.G}$PEPTIDE1,PEPTIDE1,1:R1-7:R2$$$",-5.82100000,ok,,flexible
"PEPTIDE1{Sar.I.L.L.dP.meL.meF}$PEPTIDE1,PEPTIDE1,1:R1-7:R2$$$",-5.85900000,ok,,flexible
"PEPTIDE1{A.V.P.Me_dL.L.F.meL}$PEPTIDE1,PEPTIDE1,1:R1-7:R2$$$",-6.51000000,ok,,flexible
"PEPTIDE1{Sar.meA.meL.meV.meI.Ser(tBu).T}$PEPTIDE1,PEPTIDE1,1:R1-7:R2$$$",-5.52700000,ok,,flexible
"PEPTIDE1{Me_Bal.A.dL.L.Me_Phe(3-Cl).P.Me_dL}$PEPTIDE1,PEPTIDE1,1:R1-7:R2$$$",-5.56300000,ok,,flexible
"PEPTIDE1{meA.Me_dA.L.dL.F.meL.Mono7}$PEPTIDE1,PEPTIDE1,1:R1-7:R2$$$",-6.14400000,ok,,flexible
"PEPTIDE1{meA.P.T.Me_dA.meL.meS.Me_dL}$PEPTIDE1,PEPTIDE1,1:R1-7:R2$$$",-5.57800000,ok,,flexible
"PEPTIDE1{dV.L.meS.Aoc(2).dL.F.meA}$PEPTIDE1,PEPTIDE1,1:R1-7:R2$$$",-6.06500000,ok,,flexible
"PEPTIDE1{meA.T.meL.meF.dL.L.V}$PEPTIDE1,PEPTIDE1,1:R1-7:R2$$$",-5.79200000,ok,,flexible
"PEPTIDE1{meA.Me_Phe(3-Cl).cHexCH2_Gly.pentyl_Gly.Ser(tBu).T.F}$PEPTIDE1,PEPTIDE1,1:R1-7:R2$$$",-5.39400000,ok,,flexible
"PEPTIDE1{dA.T.meL.Abu.Me_dL.A.meS}$PEPTIDE1,PEPTIDE1,1:R1-7:R2$$$",-5.41500000,ok,,flexible
"PEPTIDE1{Me_dA.Ser(tBu).meA.A.T.Me_dL.F}$PEPTIDE1,PEPTIDE1,1:R1-7:R2$$$",-6.23700000,ok,,flexible
"PEPTIDE1{Me_dA.Pr_Gly.dPye.meA.L.F.V}$PEPTIDE1,PEPTIDE1,1:R1-7:R2$$$",-5.77200000,ok,,flexible
"PEPTIDE1{Pr_Gly.meA.P.L.Me_dL.T.meF}$PEPTIDE1,PEPTIDE1,1:R1-7:R2$$$",-5.18900000,ok,,flexible
"PEPTIDE1{meA.L.Aoc(2).I.T.A.meF}$PEPTIDE1,PEPTIDE1,1:R1-7:R2$$$",-5.18500000,ok,,flexible
"PEPTIDE1{dA.meF.L.Sar.Me_dL.Abu.F}$PEPTIDE1,PEPTIDE1,1:R1-7:R2$$$",-5.96100000,ok,,flexible
"PEPTIDE1{F.P.Me_dL.meL.Me_dL.T.A}$PEPTIDE1,PEPTIDE1,1:R1-7:R2$$$",-5.63700000,ok,,flexible
"PEPTIDE1{Me_dA.meA.A.L.Sar.meL.V}$PEPTIDE1,PEPTIDE1,1:R1-7:R2$$$",-6.25300000,ok,,flexible
"PEPTIDE1{Me_dA.L.Me_dL.A.Sar.P.Me_dL}$PEPTIDE1,PEPTIDE1,1:R1-7:R2$$$",-5.88600000,ok,,flexible
"PEPTIDE1{Me_dA.Mono38.L.meF.meL.A.G}$PEPTIDE1,PEPTIDE1,1:R1-7:R2$$$",-6.12200000,ok,,flexible
"PEPTIDE1{A.Ala(5-Tet).meL.meS.meL.Aoc(2).T}$PEPTIDE1,PEPTIDE1,1:R1-7:R2$$$",-5.69800000,ok,,flexible
"PEPTIDE1{dA.L.T.meA.meF.Sar.meL}$PEPTIDE1,PEPTIDE1,1:R1-7:R2$$$",-5.62300000,ok,,flexible
"PEPTIDE1{Pr_Gly.A.Me_dL.V.meL.L.meL}$PEPTIDE1,PEPTIDE1,1:R1-7:R2$$$",-5.14300000,ok,,flexible
"PEPTIDE1{meA.P.L.A.dL.Ser(tBu).T}$PEPTIDE1,PEPTIDE1,1:R1-7:R2$$$",-5.46600000,ok,,flexible
"PEPTIDE1{meA.dP.dL.meL.Me_dL.meL.meS}$PEPTIDE1,PEPTIDE1,1:R1-7:R2$$$",-5.76900000,ok,,flexible
"PEPTIDE1{Me_dA.meF.Me_dL.meV.L.F.meY}$PEPTIDE1,PEPTIDE1,1:R1-7:R2$$$",-6.14000000,ok,,flexible
"PEPTIDE1{dA.T.Ala(5-Tet).meL.A.Aoc(2).meS}$PEPTIDE1,PEPTIDE1,1:R1-7:R2$$$",-4.92800000,ok,,flexible
"PEPTIDE1{Me_Bal.cHexCH2_Gly.T.Ser(tBu).T.meF.meL}$PEPTIDE1,PEPTIDE1,1:R1-7:R2$$$",-5.37000000,ok,,flexible
"PEPTIDE1{Mono6.cHexCH2_Gly.A.Mono86.pentyl_Gly.I.L}$PEPTIDE1,PEPTIDE1,1:R1-7:R2$$$",-6.01700000,ok,,flexible
"PEPTIDE1{dF.A.meL.P.Abu.Me_dA.Me_dL}$PEPTIDE1,PEPTIDE1,1:R1-7:R2$$$",-5.99900000,ok,,flexible
"PEPTIDE1{A.P.dL.I.Me_Phe(3-Cl).meA.T}$PEPTIDE1,PEPTIDE1,1:R1-7:R2$$$",-6.09200000,ok,,flexible
"PEPTIDE1{meA.meF.V.meA.Ser(tBu).L.dP}$PEPTIDE1,PEPTIDE1,1:R1-7:R2$$$",-6.08400000,ok,,flexible
"PEPTIDE1{Me_Bal.P.dP.Me_dL.F.V.L}$PEPTIDE1,PEPTIDE1,1:R1-7:R2$$$",-5.97000000,ok,,flexible
"PEPTIDE1{meA.A.meL.F.T.meA.dL}$PEPTIDE1,PEPTIDE1,1:R1-7:R2$$$",-6.86600000,ok,,flexible
"PEPTIDE1{F.L.T.meF.meS.meL.meA}$PEPTIDE1,PEPTIDE1,1:R1-7:R2$$$",-5.62100000,ok,,flexible
"PEPTIDE1{F.Mono38.cHexCH2_Gly.pentyl_Gly.Ser(tBu).Me_dL.Ser(tBu)}$PEPTIDE1,PEPTIDE1,1:R1-7:R2$$$",-4.54200000,ok,,flexible
"PEPTIDE1{meL.Abu.meA.meF.Sar.Aoc(2).Ala(5-Tet)}$PEPTIDE1,PEPTIDE1,1:R1-7:R2$$$",-5.65100000,ok,,flexible
"PEPTIDE1{dF.pentyl_Gly.pentyl_Gly.cHexCH2_Gly.Me_Nle.Mono86.P}$PEPTIDE1,PEPTIDE1,1:R1-7:R2$$$",-4.74400000,ok,,flexible
"PEPTIDE1{dA.P.T.meL.meA.Me_dL.L}$PEPTIDE1,PEPTIDE1,1:R1-7:R2$$$",-6.20000000,ok,,flexible
"PEPTIDE1{Pr_Gly.A.Abu.Sar.F.Me_dL.T}$PEPTIDE1,PEPTIDE1,1:R1-7:R2$$$",-5.84600000,ok,,flexible
"PEPTIDE1{meA.G.meL.meF.Me_dL.L.T}$PEPTIDE1,PEPTIDE1,1:R1-7:R2$$$",-5.31300000,ok,,flexible
"PEPTIDE1{meA.Me_dL.I.meF.L.meA.T}$PEPTIDE1,PEPTIDE1,1:R1-7:R2$$$",-5.61200000,ok,,flexible
"PEPTIDE1{dA.T.Me_dA.Sar.Me_dL.L.A}$PEPTIDE1,PEPTIDE1,1:R1-7:R2$$$",-6.02200000,ok,,flexible
"PEPTIDE1{P.Me_Phe(3-Cl).P.L.meL.L.Ser(tBu)}$PEPTIDE1,PEPTIDE1,1:R1-7:R2$$$",-5.18400000,ok,,flexible
"PEPTIDE1{meL.T.L.A.T.meA.meF}$PEPTIDE1,PEPTIDE1,1:R1-7:R2$$$",-6.29700000,ok,,flexible
"PEPTIDE1{Me_Bal.Me_dL.G.dL.meL.A.L}$PEPTIDE1,PEPTIDE1,1:R1-7:R2$$$",-5.96400000,ok,,flexible
"PEPTIDE1{meA.meS.meL.Me_dA.Me_dL.T.Pr_Gly}$PEPTIDE1,PEPTIDE1,1:R1-7:R2$$$",-5.39800000,ok,,flexible
"PEPTIDE1{meA.meL.Ser(tBu).Me_dL.V.dP.dL}$PEPTIDE1,PEPTIDE1,1:R1-7:R2$$$",-5.44600000,ok,,flexible
"PEPTIDE1{L.dL.meA.F.V.meF.Ser(tBu)}$PEPTIDE1,PEPTIDE1,1:R1-7:R2$$$",-5.51700000,ok,,flexible
"PEPTIDE1{F.Pr_Gly.P.Me_dL.A.meA.meF}$PEPTIDE1,PEPTIDE1,1:R1-7:R2$$$",-6.73200000,ok,,flexible
"PEPTIDE1{dA.T.meS.meL.A.meA.F}$PEPTIDE1,PEPTIDE1,1:R1-7:R2$$$",-6.19400000,ok,,flexible
"PEPTIDE1{Me_Bal.meL.T.F.T.G.dL}$PEPTIDE1,PEPTIDE1,1:R1-7:R2$$$",-5.80600000,ok,,flexible
"PEPTIDE1{meA.dL.meS.Ala(5-Tet).T.A.meF}$PEPTIDE1,PEPTIDE1,1:R1-7:R2$$$",-6.35700000,ok,,flexible
"PEPTIDE1{A.L.meF.T.I.T.Sar}$PEPTIDE1,PEPTIDE1,1:R1-7:R2$$$",-5.84600000,ok,,flexible
"PEPTIDE1{Me_Bal.Me_Nle.meL.pentyl_Gly.meL.A.T}$PEPTIDE1,PEPTIDE1,1:R1-7:R2$$$",-4.92800000,ok,,flexible
"PEPTIDE1{dV.A.I.L.F.L.dL}$PEPTIDE1,PEPTIDE1,1:R1-7:R2$$$",-5.23200000,ok,,flexible
"PEPTIDE1{meA.I.meL.G.Ser(tBu).meF.T}$PEPTIDE1,PEPTIDE1,1:R1-7:R2$$$",-5.94800000,ok,,flexible
"PEPTIDE1{dV.meA.Pr_Gly.meF.I.L.meL}$PEPTIDE1,PEPTIDE1,1:R1-7:R2$$$",-6.46500000,ok,,flexible
"PEPTIDE1{Me_dA.Mono38.meL.L.A.meA.Abu}$PEPTIDE1,PEPTIDE1,1:R1-7:R2$$$",-5.47800000,ok,,flexible
"PEPTIDE1{dF.Mono38.T.L.A.I.meS}$PEPTIDE1,PEPTIDE1,1:R1-7:R2$$$",-5.48400000,ok,,flexible
"PEPTIDE1{A.dP.meA.T.dL.L.meF}$PEPTIDE1,PEPTIDE1,1:R1-7:R2$$$",-5.95800000,ok,,flexible
"PEPTIDE1{dV.Me_dL.A.P.meA.meL.Me_dL}$PEPTIDE1,PEPTIDE1,1:R1-7:R2$$$",-5.97200000,ok,,flexible
"PEPTIDE1{Pr_Gly.meS.meL.Abu.meS.T.A}$PEPTIDE1,PEPTIDE1,1:R1-7:R2$$$",-5.56800000,ok,,flexible
"PEPTIDE1{dV.meS.T.L.Abu.meF.Ser(tBu)}$PEPTIDE1,PEPTIDE1,1:R1-7:R2$$$",-5.37000000,ok,,flexible
"PEPTIDE1{dA.V.A.dP.Me_dL.dP.meA}$PEPTIDE1,PEPTIDE1,1:R1-7:R2$$$",-6.47500000,ok,,flexible
"PEPTIDE1{meA.P.L.meY.meF.T.Me_dL}$PEPTIDE1,PEPTIDE1,1:R1-7:R2$$$",-6.01900000,ok,,flexible
"PEPTIDE1{dF.meL.T.Ser(tBu).meF.dP.meL}$PEPTIDE1,PEPTIDE1,1:R1-7:R2$$$",-5.22000000,ok,,flexible
"PEPTIDE1{dF.Aoc(2).Ala(5-Tet).T.L.A.meS}$PEPTIDE1,PEPTIDE1,1:R1-7:R2$$$",-6.49600000,ok,,flexible
"PEPTIDE1{Me_Bal.F.Me_dL.L.Ser(tBu).meA.L}$PEPTIDE1,PEPTIDE1,1:R1-7:R2$$$",-5.07300000,ok,,flexible
"PEPTIDE1{Mono6.dP.Me_dL.meA.A.P.Me_dL}$PEPTIDE1,PEPTIDE1,1:R1-7:R2$$$",-6.24200000,ok,,flexible
"PEPTIDE1{F.Mono38.A.Me_dA.T.dL.meF}$PEPTIDE1,PEPTIDE1,1:R1-7:R2$$$",-5.77200000,ok,,flexible
"PEPTIDE1{Pr_Gly.A.L.Me_dL.dA.meA.meY}$PEPTIDE1,PEPTIDE1,1:R1-7:R2$$$",-5.53800000,ok,,flexible
"PEPTIDE1{meL.D.A.Abu.L.T.V}$PEPTIDE1,PEPTIDE1,1:R1-7:R2$$$",-5.30400000,ok,,flexible
"PEPTIDE1{meA.meF.Abu.meL.Aoc(2).A.L}$PEPTIDE1,PEPTIDE1,1:R1-7:R2$$$",-5.84400000,ok,,flexible
"PEPTIDE1{Me_dA.meL.L.A.meL.meA.F}$PEPTIDE1,PEPTIDE1,1:R1-7:R2$$$",-5.75700000,ok,,flexible
"PEPTIDE1{A.Abu.T.V.meA.A.meL}$PEPTIDE1,PEPTIDE1,1:R1-7:R2$$$",-5.84700000,ok,,flexible
"PEPTIDE1{Me_Bal.T.P.P.Me_dL.meA.Me_dA}$PEPTIDE1,PEPTIDE1,1:R1-7:R2$$$",-6.61600000,ok,,flexible
"PEPTIDE1{F.A.V.L.meA.T.Me_dA}$PEPTIDE1,PEPTIDE1,1:R1-7:R2$$$",-6.47800000,ok,,flexible
"PEPTIDE1{Me_dA.F.L.meL.meV.Mono86.Me_dL}$PEPTIDE1,PEPTIDE1,1:R1-7:R2$$$",-5.39600000,ok,,flexible
"PEPTIDE1{meA.Me_dA.L.meF.V.G.meI}$PEPTIDE1,PEPTIDE1,1:R1-7:R2$$$",-6.04200000,ok,,flexible
"PEPTIDE1{Me_Bal.T.pentyl_Gly.Ser(tBu).meL.L.P}$PEPTIDE1,PEPTIDE1,1:R1-7:R2$$$",-5.55600000,ok,,flexible
"PEPTIDE1{dA.A.F.T.Me_dA.meA.dP}$PEPTIDE1,PEPTIDE1,1:R1-7:R2$$$",-6.80200000,ok,,flexible
"PEPTIDE1{Me_dA.meL.I.L.Ser(tBu).meA.A}$PEPTIDE1,PEPTIDE1,1:R1-7:R2$$$",-5.68300000,ok,,flexible
"PEPTIDE1{dV.meL.L.meS.Me_dA.meA.dL}$PEPTIDE1,PEPTIDE1,1:R1-7:R2$$$",-5.94800000,ok,,flexible
"PEPTIDE1{Me_dA.cHexCH2_Gly.T.dP.L.meA.T}$PEPTIDE1,PEPTIDE1,1:R1-7:R2$$$",-6.09400000,ok,,flexible
"PEPTIDE1{Mono6.Me_dA.T.L.meL.Me_dL.meF}$PEPTIDE1,PEPTIDE1,1:R1-7:R2$$$",-5.87500000,ok,,flexible
"PEPTIDE1{meA.Mono38.A.T.Ser(tBu).dP.L}$PEPTIDE1,PEPTIDE1,1:R1-7:R2$$$",-5.99500000,ok,,flexible
"PEPTIDE1{meA.L.A.meF.meV.Me_dL.F}$PEPTIDE1,PEPTIDE1,1:R1-7:R2$$$",-6.24200000,ok,,flexible
"PEPTIDE1{A.meL.Mono84.cHexCH2_Gly.meA.Me_dL.dV}$PEPTIDE1,PEPTIDE1,1:R1-7:R2$$$",-6.05600000,ok,,flexible
"PEPTIDE1{A.meL.meA.T.L.P.Me_dA}$PEPTIDE1,PEPTIDE1,1:R1-7:R2$$$",-6.45100000,ok,,flexible
"PEPTIDE1{dV.meF.L.meL.meA.meS.Me_dL}$PEPTIDE1,PEPTIDE1,1:R1-7:R2$$$",-5.66100000,ok,,flexible
"PEPTIDE1{meL.T.L.A.Aoc(2).meA.Abu}$PEPTIDE1,PEPTIDE1,1:R1-7:R2$$$",-5.48100000,ok,,flexible
"PEPTIDE1{meA.T.I.dP.L.Mono86.P}$PEPTIDE1,PEPTIDE1,1:R1-7:R2$$$",-6.11000000,ok,,flexible
"PEPTIDE1{Pr_Gly.I.L.meA.meL.dL.A}$PEPTIDE1,PEPTIDE1,1:R1-7:R2$$$",-5.36500000,ok,,flexible
"PEPTIDE1{dV.Sar.V.T.T.meL.F}$PEPTIDE1,PEPTIDE1,1:R1-7:R2$$$",-6.77800000,ok,,flexible
"PEPTIDE1{dA.L.Ser(tBu).V.meL.meA.Me_dL}$PEPTIDE1,PEPTIDE1,1:R1-7:R2$$$",-5.28700000,ok,,flexible
"PEPTIDE1{A.meS.meS.L.dL.Me_dA.meL}$PEPTIDE1,PEPTIDE1,1:R1-7:R2$$$",-5.25700000,ok,,flexible
"PEPTIDE1{A.Me_dA.meL.Me_dL.F.meL.I}$PEPTIDE1,PEPTIDE1,1:R1-7:R2$$$",-5.66700000,ok,,flexible
"PEPTIDE1{Mono6.meS.meF.L.Ser(tBu).I.meA}$PEPTIDE1,PEPTIDE1,1:R1-7:R2$$$",-5.65700000,ok,,flexible
"PEPTIDE1{dA.Aib.A.Me_dL.F.dP.V}$PEPTIDE1,PEPTIDE1,1:R1-7:R2$$$",-6.43800000,ok,,flexible
"PEPTIDE1{meA.Me_dA.L.dL.Et_Gly.T.Mono100}$PEPTIDE1,PEPTIDE1,1:R1-7:R2$$$",-5.45900000,ok,,flexible
"PEPTIDE1{Me_dA.P.L.G.A.Ser(tBu).dL}$PEPTIDE1,PEPTIDE1,1:R1-7:R2$$$",-6.16100000,ok,,flexible
"PEPTIDE1{A.Abu.L.meL.meS.meA.T}$PEPTIDE1,PEPTIDE1,1:R1-7:R2$$$",-5.86400000,ok,,flexible
"PEPTIDE1{meL.L.A.Abu.F.meA.meF}$PEPTIDE1,PEPTIDE1,1:R1-7:R2$$$",-5.92700000,ok,,flexible
"PEPTIDE1{meA.Sar.V.Me_dL.L.T.P}$PEPTIDE1,PEPTIDE1,1:R1-7:R2$$$",-5.88500000,ok,,flexible
"PEPTIDE1{A.Abu.meS.meL.Sar.T.T}$PEPTIDE1,PEPTIDE1,1:R1-7:R2$$$",-5.75900000,ok,,flexible
"PEPTIDE1{dV.F.L.Ala(5-Tet).S.T.Aoc(2)}$PEPTIDE1,PEPTIDE1,1:R1-7:R2$$$",-5.48200000,ok,,flexible
"PEPTIDE1{meA.L.meL.T.A.I.Sar}$PEPTIDE1,PEPTIDE1,1:R1-7:R2$$$",-5.64000000,ok,,flexible
"PEPTIDE1{meA.L.meL.A.Sar.Ser(tBu).meF}$PEPTIDE1,PEPTIDE1,1:R1-7:R2$$$",-5.57100000,ok,,flexible
"PEPTIDE1{Me_dA.Pr_Gly.A.dL.Ser(tBu).meA.T}$PEPTIDE1,PEPTIDE1,1:R1-7:R2$$$",-5.22300000,ok,,flexible
"PEPTIDE1{meA.L.A.Ala(5-Tet).Me_dL.meF.meL}$PEPTIDE1,PEPTIDE1,1:R1-7:R2$$$",-5.62800000,ok,,flexible
"PEPTIDE1{Me_Bal.I.T.meL.P.meI.L}$PEPTIDE1,PEPTIDE1,1:R1-7:R2$$$",-5.05800000,ok,,flexible
"PEPTIDE1{Mono6.L.A.Me_dL.Ser(tBu).I.dL}$PEPTIDE1,PEPTIDE1,1:R1-7:R2$$$",-5.28200000,ok,,flexible
"PEPTIDE1{dV.meS.L.Me_dA.dA.I.Abu}$PEPTIDE1,PEPTIDE1,1:R1-7:R2$$$",-6.23400000,ok,,flexible
"PEPTIDE1{dA.meL.Me_dL.T.Me_dA.L.F}$PEPTIDE1,PEPTIDE1,1:R1-7:R2$$$",-5.83100000,ok,,flexible
"PEPTIDE1{dF.dA.dL.dV.Me_dL.P.meL}$PEPTIDE1,PEPTIDE1,1:R1-7:R2$$$",-5.72900000,ok,,flexible
"PEPTIDE1{dF.Abu.T.L.meS.Me_dA.dV}$PEPTIDE1,PEPTIDE1,1:R1-7:R2$$$",-5.44400000,ok,,flexible
"PEPTIDE1{dP.Pr_Gly.Bn_Gly.T.dL.L.Me_dA}$PEPTIDE1,PEPTIDE1,1:R1-7:R2$$$",-5.96300000,ok,,flexible
"PEPTIDE1{F.A.T.Ser(tBu).Ser(tBu).Me_Phe(3-Cl).meA}$PEPTIDE1,PEPTIDE1,1:R1-7:R2$$$",-6.56400000,ok,,flexible
"PEPTIDE1{Me_Bal.L.meF.meA.Me_dL.T.meV}$PEPTIDE1,PEPTIDE1,1:R1-7:R2$$$",-6.17700000,ok,,flexible
"PEPTIDE1{A.T.meL.dL.Sar.L.meA}$PEPTIDE1,PEPTIDE1,1:R1-7:R2$$$",-5.91400000,ok,,flexible
"PEPTIDE1{Pr_Gly.F.I.A.V.meL.T}$PEPTIDE1,PEPTIDE1,1:R1-7:R2$$$",-5.87500000,ok,,flexible
"PEPTIDE1{dA.A.L.Aoc(2).meL.meF.T}$PEPTIDE1,PEPTIDE1,1:R1-7:R2$$$",-5.80200000,ok,,flexible
"PEPTIDE1{L.Me_dL.V.Sar.L.Ser(tBu).T}$PEPTIDE1,PEPTIDE1,1:R1-7:R2$$$",-5.22000000,ok,,flexible
"PEPTIDE1{F.Me_dA.T.meS.dL.T.meL}$PEPTIDE1,PEPTIDE1,1:R1-7:R2$$$",-5.70700000,ok,,flexible
"PEPTIDE1{Me_dA.A.L.meL.V.dPye.Me_dL}$PEPTIDE1,PEPTIDE1,1:R1-7:R2$$$",-6.11400000,ok,,flexible
"PEPTIDE1{P.meA.Pr_Gly.L.Me_dA.meF.V}$PEPTIDE1,PEPTIDE1,1:R1-7:R2$$$",-6.33700000,ok,,flexible
"PEPTIDE1{dA.meF.Abu.T.Me_dA.Me_dL.meL}$PEPTIDE1,PEPTIDE1,1:R1-7:R2$$$",-5.77000000,ok,,flexible
"PEPTIDE1{dV.meA.Me_dL.meV.V.F.I}$PEPTIDE1,PEPTIDE1,1:R1-7:R2$$$",-5.48300000,ok,,flexible
"PEPTIDE1{L.L.dP.P.dL.meL.V}$PEPTIDE1,PEPTIDE1,1:R1-7:R2$$$",-5.30200000,ok,,flexible
"PEPTIDE1{dF.pentyl_Gly.Mono38.dL.I.Ser(tBu).F}$PEPTIDE1,PEPTIDE1,1:R1-7:R2$$$",-5.20900000,ok,,flexible
"PEPTIDE1{meL.dP.T.meA.meF.Me_dL.meL}$PEPTIDE1,PEPTIDE1,1:R1-7:R2$$$",-5.91700000,ok,,flexible
"PEPTIDE1{Me_dA.L.meF.dP.V.Me_dL.T}$PEPTIDE1,PEPTIDE1,1:R1-7:R2$$$",-6.01200000,ok,,flexible
"PEPTIDE1{A.meF.meL.I.meA.V.Ser(tBu)}$PEPTIDE1,PEPTIDE1,1:R1-7:R2$$$",-6.14100000,ok,,flexible
"PEPTIDE1{dA.F.A.L.dL.meL.Me_dL}$PEPTIDE1,PEPTIDE1,1:R1-7:R2$$$",-5.54400000,ok,,flexible
"PEPTIDE1{dP.Pr_Gly.I.meL.T.Ser(tBu).F}$PEPTIDE1,PEPTIDE1,1:R1-7:R2$$$",-5.40200000,ok,,flexible
"PEPTIDE1{meL.meA.T.meS.meS.A.meF}$PEPTIDE1,PEPTIDE1,1:R1-7:R2$$$",-6.35300000,ok,,flexible
"PEPTIDE1{Sar.L.Me_dA.meA.dL.P.dP}$PEPTIDE1,PEPTIDE1,1:R1-7:R2$$$",-6.67900000,ok,,flexible
"PEPTIDE1{Me_Bal.L.Me_dL.L.T.T.I}$PEPTIDE1,PEPTIDE1,1:R1-7:R2$$$",-5.29200000,ok,,flexible
"PEPTIDE1{dA.meL.L.F.A.meL.meF}$PEPTIDE1,PEPTIDE1,1:R1-7:R2$$$",-6.56500000,ok,,flexible
"PEPTIDE1{L.meV.dF.meA.Me_dL.Ser(tBu).T}$PEPTIDE1,PEPTIDE1,1:R1-7:R2$$$",-5.27000000,ok,,flexible
"PEPTIDE1{Mono6.meL.meS.Ala(5-Tet).meL.meS.L}$PEPTIDE1,PEPTIDE1,1:R1-7:R2$$$",-6.13100000,ok,,flexible
"PEPTIDE1{Me_dA.dP.T.L.meA.T.Me_dL}$PEPTIDE1,PEPTIDE1,1:R1-7:R2$$$",-5.52400000,ok,,flexible
"PEPTIDE1{P.Pr_Gly.A.G.Me_dL.meA.V}$PEPTIDE1,PEPTIDE1,1:R1-7:R2$$$",-6.05900000,ok,,flexible
"PEPTIDE1{P.Me_dA.dL.Me_dL.meL.L.meA}$PEPTIDE1,PEPTIDE1,1:R1-7:R2$$$",-5.68900000,ok,,flexible
"PEPTIDE1{Me_Bal.T.L.meF.meS.dP.T}$PEPTIDE1,PEPTIDE1,1:R1-7:R2$$$",-6.46000000,ok,,flexible
"PEPTIDE1{meA.P.L.I.dL.A.Me_dL}$PEPTIDE1,PEPTIDE1,1:R1-7:R2$$$",-5.78900000,ok,,flexible
"PEPTIDE1{Mono6.Mono38.Me_Nle.A.P.meL.dL}$PEPTIDE1,PEPTIDE1,1:R1-7:R2$$$",-5.19800000,ok,,flexible
"PEPTIDE1{Me_Bal.A.meF.meL.P.L.Me_dL}$PEPTIDE1,PEPTIDE1,1:R1-7:R2$$$",-5.83900000,ok,,flexible
"PEPTIDE1{meA.Abu.A.T.meS.L.F}$PEPTIDE1,PEPTIDE1,1:R1-7:R2$$$",-6.46100000,ok,,flexible
"PEPTIDE1{dA.dPye.F.V.dL.I.L}$PEPTIDE1,PEPTIDE1,1:R1-7:R2$$$",-6.13800000,ok,,flexible
"PEPTIDE1{dA.meA.meA.Sar.T.Me_dL.V}$PEPTIDE1,PEPTIDE1,1:R1-7:R2$$$",-6.17100000,ok,,flexible
"PEPTIDE1{Me_dA.Pr_Gly.meL.Ser(tBu).dL.meI.T}$PEPTIDE1,PEPTIDE1,1:R1-7:R2$$$",-5.11900000,ok,,flexible
"PEPTIDE1{Mono6.pentyl_Gly.meV.T.meF.L.V}$PEPTIDE1,PEPTIDE1,1:R1-7:R2$$$",-5.92800000,ok,,flexible
"PEPTIDE1{meA.P.meL.F.Pr_Gly.I.V}$PEPTIDE1,PEPTIDE1,1:R1-7:R2$$$",-5.72800000,ok,,flexible
"PEPTIDE1{meL.T.meL.I.A.meS.meA}$PEPTIDE1,PEPTIDE1,1:R1-7:R2$$$",-5.71800000,ok,,flexible
"PEPTIDE1{A.V.meA.Me_dL.T.G.F}$PEPTIDE1,PEPTIDE1,1:R1-7:R2$$$",-6.74900000,ok,,flexible
"PEPTIDE1{A.T.meA.Aoc(2).meS.Me_dL.L}$PEPTIDE1,PEPTIDE1,1:R1-7:R2$$$",-5.26000000,ok,,flexible
"PEPTIDE1{Mono6.L.Abu.meL.T.Me_dA.Sar}$PEPTIDE1,PEPTIDE1,1:R1-7:R2$$$",-6.36300000,ok,,flexible
"PEPTIDE1{dA.meL.meA.Abu.Aoc(2).meS.Me_dA}$PEPTIDE1,PEPTIDE1,1:R1-7:R2$$$",-5.54700000,ok,,flexible
"PEPTIDE1{A.meL.L.meS.L.meA.Me_dA}$PEPTIDE1,PEPTIDE1,1:R1-7:R2$$$",-5.44400000,ok,,flexible
"PEPTIDE1{L.Me_dA.meA.dA.meF.T.meV}$PEPTIDE1,PEPTIDE1,1:R1-7:R2$$$",-6.59200000,ok,,flexible
"PEPTIDE1{F.meF.A.meL.L.T.dP}$PEPTIDE1,PEPTIDE1,1:R1-7:R2$$$",-5.84000000,ok,,flexible
"PEPTIDE1{meA.V.P.meL.T.Me_dL.T}$PEPTIDE1,PEPTIDE1,1:R1-7:R2$$$",-5.89700000,ok,,flexible
"PEPTIDE1{dA.L.Me_dL.meA.meF.P.T}$PEPTIDE1,PEPTIDE1,1:R1-7:R2$$$",-5.79300000,ok,,flexible
"PEPTIDE1{meA.meF.Me_dL.Ala(5-Tet).T.meS.Abu}$PEPTIDE1,PEPTIDE1,1:R1-7:R2$$$",-5.72600000,ok,,flexible
"PEPTIDE1{Me_dA.meL.dP.L.T.A.Me_dL}$PEPTIDE1,PEPTIDE1,1:R1-7:R2$$$",-5.42200000,ok,,flexible
"PEPTIDE1{dF.Me_Nle.L.A.L.meF.Sar}$PEPTIDE1,PEPTIDE1,1:R1-7:R2$$$",-6.17400000,ok,,flexible
"PEPTIDE1{meA.Sar.P.F.meF.L.T}$PEPTIDE1,PEPTIDE1,1:R1-7:R2$$$",-5.97400000,ok,,flexible
"PEPTIDE1{A.Me_dA.meL.L.Abu.Ala(5-Tet).meA}$PEPTIDE1,PEPTIDE1,1:R1-7:R2$$$",-5.79600000,ok,,flexible
"PEPTIDE1{meA.Me_dA.P.meL.meF.dL.Ser(tBu)}$PEPTIDE1,PEPTIDE1,1:R1-7:R2$$$",-6.26100000,ok,,flexible
"PEPTIDE1{F.meL.I.G.Me_dL.dL.Me_dL}$PEPTIDE1,PEPTIDE1,1:R1-7:R2$$$",-5.32700000,ok,,flexible
"PEPTIDE1{A.T.meF.P.Me_dL.Me_dA.dP}$PEPTIDE1,PEPTIDE1,1:R1-7:R2$$$",-6.84900000,ok,,flexible
"PEPTIDE1{Pr_Gly.Me_dL.Me_dA.Ser(tBu).T.dL.P}$PEPTIDE1,PEPTIDE1,1:R1-7:R2$$$",-5.51500000,ok,,flexible
"PEPTIDE1{dV.A.dL.meA.Me_dL.Me_dL.L}$PEPTIDE1,PEPTIDE1,1:R1-7:R2$$$",-5.75300000,ok,,flexible
"PEPTIDE1{dA.meA.T.L.meL.Me_dL.dL}$PEPTIDE1,PEPTIDE1,1:R1-7:R2$$$",-5.16000000,ok,,flexible
"PEPTIDE1{Me_dA.meL.Abu.L.dP.A.dA}$PEPTIDE1,PEPTIDE1,1:R1-7:R2$$$",-5.90600000,ok,,flexible
"PEPTIDE1{dA.meL.A.F.Ser(tBu).L.meA}$PEPTIDE1,PEPTIDE1,1:R1-7:R2$$$",-6.63000000,ok,,flexible
"PEPTIDE1{L.F.T.P.meA.meF.dL}$PEPTIDE1,PEPTIDE1,1:R1-7:R2$$$",-6.45600000,ok,,flexible
"PEPTIDE1{Me_Bal.Me_dA.Me_dL.L.P.Me_dA.T}$PEPTIDE1,PEPTIDE1,1:R1-7:R2$$$",-7.16300000,ok,,flexible
"PEPTIDE1{Me_dA.F.meF.meL.Me_dL.L.dL}$PEPTIDE1,PEPTIDE1,1:R1-7:R2$$$",-5.53000000,ok,,flexible
"PEPTIDE1{L.meL.meL.meA.Ala(5-Tet).meS.Me_dL}$PEPTIDE1,PEPTIDE1,1:R1-7:R2$$$",-5.48100000,ok,,flexible
"PEPTIDE1{meA.meS.F.T.meL.A.Ala(5-Tet)}$PEPTIDE1,PEPTIDE1,1:R1-7:R2$$$",-6.41700000,ok,,flexible
"PEPTIDE1{dA.Me_dL.T.A.meS.Sar.L}$PEPTIDE1,PEPTIDE1,1:R1-7:R2$$$",-7.02600000,ok,,flexible
"PEPTIDE1{F.P.A.dL.V.L.G}$PEPTIDE1,PEPTIDE1,1:R1-7:R2$$$",-6.35100000,ok,,flexible
"PEPTIDE1{A.Pr_Gly.F.V.Ser(tBu).I.3Pal}$PEPTIDE1,PEPTIDE1,1:R1-7:R2$$$",-5.52300000,ok,,flexible
"PEPTIDE1{Me_Bal.Bn_Gly.dP.F.meF.A.dL}$PEPTIDE1,PEPTIDE1,1:R1-7:R2$$$",-6.97200000,ok,,flexible
"PEPTIDE1{F.3Pal.L.L.meL.Et_Gly.I}$PEPTIDE1,PEPTIDE1,1:R1-7:R2$$$",-4.83600000,ok,,flexible
"PEPTIDE1{meA.L.cHexCH2_Gly.A.T.dL.Ser(tBu)}$PEPTIDE1,PEPTIDE1,1:R1-7:R2$$$",-5.31200000,ok,,flexible
"PEPTIDE1{A.Sar.L.Me_dA.meL.T.dA}$PEPTIDE1,PEPTIDE1,1:R1-7:R2$$$",-5.85300000,ok,,flexible
"PEPTIDE1{dA.T.meS.meL.meF.meA.meL}$PEPTIDE1,PEPTIDE1,1:R1-7:R2$$$",-5.93400000,ok,,flexible
"PEPTIDE1{Me_Bal.meL.L.L.A.T.meA}$PEPTIDE1,PEPTIDE1,1:R1-7:R2$$$",-5.76800000,ok,,flexible
"PEPTIDE1{Me_Bal.meA.F.meF.dL.Ser(tBu).P}$PEPTIDE1,PEPTIDE1,1:R1-7:R2$$$",-6.25800000,ok,,flexible
"PEPTIDE1{dP.meF.meL.L.F.L.meA}$PEPTIDE1,PEPTIDE1,1:R1-7:R2$$$",-6.33400000,ok,,flexible
"PEPTIDE1{P.dL.Me_dL.L.I.meF.dP}$PEPTIDE1,PEPTIDE1,1:R1-7:R2$$$",-5.67000000,ok,,flexible
"PEPTIDE1{Me_Bal.meL.meF.meV.F.meA.meA}$PEPTIDE1,PEPTIDE1,1:R1-7:R2$$$",-6.29800000,ok,,flexible
"PEPTIDE1{Mono6.meL.P.Ala(5-Tet).meS.A.T}$PEPTIDE1,PEPTIDE1,1:R1-7:R2$$$",-5.87800000,ok,,flexible
"PEPTIDE1{dA.T.L.A.F.G.G}$PEPTIDE1,PEPTIDE1,1:R1-7:R2$$$",-6.00700000,ok,,flexible
"PEPTIDE1{meA.dPye.Pr_Gly.Ser(tBu).meL.Me_dA.T}$PEPTIDE1,PEPTIDE1,1:R1-7:R2$$$",-5.16800000,ok,,flexible
"PEPTIDE1{dV.Abu.meA.Sar.meL.L.meS}$PEPTIDE1,PEPTIDE1,1:R1-7:R2$$$",-5.82600000,ok,,flexible
"PEPTIDE1{Me_dA.meV.T.V.meL.meL.I}$PEPTIDE1,PEPTIDE1,1:R1-7:R2$$$",-5.16500000,ok,,flexible
"PEPTIDE1{meA.I.L.A.T.Me_dL.Ser(tBu)}$PEPTIDE1,PEPTIDE1,1:R1-7:R2$$$",-4.91900000,ok,,flexible
"PEPTIDE1{dF.L.L.cHexCH2_Gly.A.dP.I}$PEPTIDE1,PEPTIDE1,1:R1-7:R2$$$",-5.29700000,ok,,flexible
"PEPTIDE1{Me_dA.meL.P.dL.Me_dL.pentyl_Gly.L}$PEPTIDE1,PEPTIDE1,1:R1-7:R2$$$",-4.90500000,ok,,flexible
"PEPTIDE1{Me_Bal.meA.A.meF.T.V.T}$PEPTIDE1,PEPTIDE1,1:R1-7:R2$$$",-6.95100000,ok,,flexible
"PEPTIDE1{Me_dA.meL.I.meF.Ser(tBu).L.Me_Phe(3-Cl)}$PEPTIDE1,PEPTIDE1,1:R1-7:R2$$$",-5.82000000,ok,,flexible
"PEPTIDE1{A.meL.Pr_Gly.V.meF.F.Ser(tBu)}$PEPTIDE1,PEPTIDE1,1:R1-7:R2$$$",-5.24200000,ok,,flexible
"PEPTIDE1{L.dP.T.meF.meL.A.Abu}$PEPTIDE1,PEPTIDE1,1:R1-7:R2$$$",-5.77000000,ok,,flexible
"PEPTIDE1{Me_dA.L.meS.Me_dL.meF.T.L}$PEPTIDE1,PEPTIDE1,1:R1-7:R2$$$",-5.94000000,ok,,flexible
"PEPTIDE1{dA.meA.dL.L.Me_dL.A.P}$PEPTIDE1,PEPTIDE1,1:R1-7:R2$$$",-5.80800000,ok,,flexible
"PEPTIDE1{dF.pentyl_Gly.I.G.meL.V.Me_Phe(3-Cl)}$PEPTIDE1,PEPTIDE1,1:R1-7:R2$$$",-5.53700000,ok,,flexible
"PEPTIDE1{meA.T.meS.dP.A.meS.Me_dA}$PEPTIDE1,PEPTIDE1,1:R1-7:R2$$$",-6.56400000,ok,,flexible
"PEPTIDE1{Pr_Gly.meL.Me_dL.meS.T.P.Me_dA}$PEPTIDE1,PEPTIDE1,1:R1-7:R2$$$",-5.49400000,ok,,flexible
"PEPTIDE1{Me_Bal.Me_dL.F.meL.meA.meV.T}$PEPTIDE1,PEPTIDE1,1:R1-7:R2$$$",-5.80200000,ok,,flexible
"PEPTIDE1{Me_dA.meA.L.V.dL.A.dP}$PEPTIDE1,PEPTIDE1,1:R1-7:R2$$$",-6.42800000,ok,,flexible
"PEPTIDE1{Sar.meL.meA.L.dL.meF.V}$PEPTIDE1,PEPTIDE1,1:R1-7:R2$$$",-6.22400000,ok,,flexible
"PEPTIDE1{Me_dA.meA.F.T.T.meL.V}$PEPTIDE1,PEPTIDE1,1:R1-7:R2$$$",-6.23500000,ok,,flexible
"PEPTIDE1{A.P.Me_dL.meL.meI.Abu.meA}$PEPTIDE1,PEPTIDE1,1:R1-7:R2$$$",-5.55400000,ok,,flexible
"PEPTIDE1{A.meF.Me_dL.dP.Me_dA.meA.meS}$PEPTIDE1,PEPTIDE1,1:R1-7:R2$$$",-6.64600000,ok,,flexible
"PEPTIDE1{dV.V.meL.I.P.T.F}$PEPTIDE1,PEPTIDE1,1:R1-7:R2$$$",-5.50800000,ok,,flexible
"PEPTIDE1{Pr_Gly.V.meL.meA.T.Ser(tBu).meL}$PEPTIDE1,PEPTIDE1,1:R1-7:R2$$$",-5.30400000,ok,,flexible
"PEPTIDE1{A.T.F.dP.T.dL.meA}$PEPTIDE1,PEPTIDE1,1:R1-7:R2$$$",-6.52000000,ok,,flexible
"PEPTIDE1{dV.3Pal.L.L.T.A.meF}$PEPTIDE1,PEPTIDE1,1:R1-7:R2$$$",-6.09500000,ok,,flexible
"PEPTIDE1{meA.Ser(tBu).Me_dL.Me_dA.meL.A.dP}$PEPTIDE1,PEPTIDE1,1:R1-7:R2$$$",-5.89900000,ok,,flexible
"PEPTIDE1{dA.T.meA.A.L.T.meL}$PEPTIDE1,PEPTIDE1,1:R1-7:R2$$$",-5.54100000,ok,,flexible
"PEPTIDE1{dF.Aoc(2).dL.L.I.meF.T}$PEPTIDE1,PEPTIDE1,1:R1-7:R2$$$",-5.17300000,ok,,flexible
"PEPTIDE1{F.L.Ser(tBu).P.A.meL.dL}$PEPTIDE1,PEPTIDE1,1:R1-7:R2$$$",-5.63900000,ok,,flexible
"PEPTIDE1{Mono6.pentyl_Gly.Me_Nle.cHexCH2_Gly.T.Et_Gly.dP}$PEPTIDE1,PEPTIDE1,1:R1-7:R2$$$",-5.24300000,ok,,flexible
"PEPTIDE1{Pr_Gly.Abu.dL.L.meA.F.T}$PEPTIDE1,PEPTIDE1,1:R1-7:R2$$$",-6.41500000,ok,,flexible
"PEPTIDE1{Sar.pentyl_Gly.V.L.A.meL.meV}$PEPTIDE1,PEPTIDE1,1:R1-7:R2$$$",-5.52900000,ok,,flexible
"PEPTIDE1{meA.Me_dA.Me_dL.T.Me_Abu.meL.dP}$PEPTIDE1,PEPTIDE1,1:R1-7:R2$$$",-6.17900000,ok,,flexible
"PEPTIDE1{meA.dP.V.A.T.L.T}$PEPTIDE1,PEPTIDE1,1:R1-7:R2$$$",-6.06800000,ok,,flexible
"PEPTIDE1{Me_dA.A.L.Me_dL.meA.meS.meF}$PEPTIDE1,PEPTIDE1,1:R1-7:R2$$$",-6.13900000,ok,,flexible
"PEPTIDE1{Sar.dP.T.T.meA.dL.meF}$PEPTIDE1,PEPTIDE1,1:R1-7:R2$$$",-6.59400000,ok,,flexible
"PEPTIDE1{meA.A.meS.Abu.Me_dA.Ala(5-Tet).Me_dL}$PEPTIDE1,PEPTIDE1,1:R1-7:R2$$$",-5.45300000,ok,,flexible
"PEPTIDE1{meA.L.Me_dL.F.Ser(tBu).meL.I}$PEPTIDE1,PEPTIDE1,1:R1-7:R2$$$",-5.25700000,ok,,flexible
"PEPTIDE1{Pr_Gly.A.meF.L.meA.F.meS}$PEPTIDE1,PEPTIDE1,1:R1-7:R2$$$",-5.89700000,ok,,flexible
"PEPTIDE1{meA.A.Ser(tBu).T.meL.Mono78.L}$PEPTIDE1,PEPTIDE1,1:R1-7:R2$$$",-6.45000000,ok,,flexible
"PEPTIDE1{A.dA.Me_dA.T.L.dP.P}$PEPTIDE1,PEPTIDE1,1:R1-7:R2$$$",-6.68300000,ok,,flexible
"PEPTIDE1{L.meA.A.T.Ala(5-Tet).Abu.Me_dA}$PEPTIDE1,PEPTIDE1,1:R1-7:R2$$$",-6.48500000,ok,,flexible
"PEPTIDE1{meA.Ser(tBu).T.dL.Bn_Gly.L.L}$PEPTIDE1,PEPTIDE1,1:R1-7:R2$$$",-5.56600000,ok,,flexible
"PEPTIDE1{A.meL.Abu.meS.T.L.meF}$PEPTIDE1,PEPTIDE1,1:R1-7:R2$$$",-5.72600000,ok,,flexible
"PEPTIDE1{Me_dA.Pr_Gly.meL.Me_dL.meA.meF.T}$PEPTIDE1,PEPTIDE1,1:R1-7:R2$$$",-5.96900000,ok,,flexible
"PEPTIDE1{P.Pr_Gly.V.dL.Me_dL.I.F}$PEPTIDE1,PEPTIDE1,1:R1-7:R2$$$",-4.72300000,ok,,flexible
"PEPTIDE1{F.A.T.V.I.L.P}$PEPTIDE1,PEPTIDE1,1:R1-7:R2$$$",-5.63700000,ok,,flexible
"PEPTIDE1{Me_Bal.pentyl_Gly.Mono38.L.dV.meA.I}$PEPTIDE1,PEPTIDE1,1:R1-7:R2$$$",-5.40800000,ok,,flexible
"PEPTIDE1{A.Abu.T.Aoc(2).meS.meS.dL}$PEPTIDE1,PEPTIDE1,1:R1-7:R2$$$",-5.23000000,ok,,flexible
"PEPTIDE1{Pr_Gly.Me_dL.meL.meL.I.meF.V}$PEPTIDE1,PEPTIDE1,1:R1-7:R2$$$",-5.05500000,ok,,flexible
"PEPTIDE1{P.meL.dA.dL.Ser(tBu).Me_dL.meA}$PEPTIDE1,PEPTIDE1,1:R1-7:R2$$$",-5.37800000,ok,,flexible
"PEPTIDE1{Me_dA.dPye.L.meL.dL.V.Me_dL}$PEPTIDE1,PEPTIDE1,1:R1-7:R2$$$",-5.07500000,ok,,flexible
"PEPTIDE1{meA.pentyl_Gly.dP.Bn_Gly.T.Mono86.A}$PEPTIDE1,PEPTIDE1,1:R1-7:R2$$$",-6.03500000,ok,,flexible
"PEPTIDE1{Me_Bal.P.L.meL.dL.Me_dA.meL}$PEPTIDE1,PEPTIDE1,1:R1-7:R2$$$",-6.20800000,ok,,flexible
"PEPTIDE1{meA.Me_Phe(3-Cl).Pr_Gly.G.meF.Ser(tBu).L}$PEPTIDE1,PEPTIDE1,1:R1-7:R2$$$",-6.32400000,ok,,flexible
"PEPTIDE1{dV.Me_Phe(3-Cl).Me_dL.T.L.T.meS}$PEPTIDE1,PEPTIDE1,1:R1-7:R2$$$",-5.37000000,ok,,flexible
"PEPTIDE1{A.meL.F.I.T.meA.Ser(tBu)}$PEPTIDE1,PEPTIDE1,1:R1-7:R2$$$",-5.48800000,ok,,flexible
"PEPTIDE1{Pr_Gly.dL.meA.meS.T.L.Me_dA}$PEPTIDE1,PEPTIDE1,1:R1-7:R2$$$",-5.44700000,ok,,flexible
"PEPTIDE1{Me_Bal.Mono86.A.meL.Ser(tBu).L.P}$PEPTIDE1,PEPTIDE1,1:R1-7:R2$$$",-6.16500000,ok,,flexible
"PEPTIDE1{P.Pr_Gly.meA.Me_dL.V.meL.dL}$PEPTIDE1,PEPTIDE1,1:R1-7:R2$$$",-5.18700000,ok,,flexible
"PEPTIDE1{L.dP.F.Bn_Gly.dP.V.cHexCH2_Gly}$PEPTIDE1,PEPTIDE1,1:R1-7:R2$$$",-6.41400000,ok,,flexible
"PEPTIDE1{dA.A.T.Abu.Ala(5-Tet).dL.meL}$PEPTIDE1,PEPTIDE1,1:R1-7:R2$$$",-6.36900000,ok,,flexible
"PEPTIDE1{Sar.L.P.T.meA.dL.P}$PEPTIDE1,PEPTIDE1,1:R1-7:R2$$$",-6.47000000,ok,,flexible
"PEPTIDE1{Me_dA.meA.Me_dL.Mono78.T.Sar.T}$PEPTIDE1,PEPTIDE1,1:R1-7:R2$$$",-6.05800000,ok,,flexible
"PEPTIDE1{dV.meS.Me_dL.A.meL.Abu.meS}$PEPTIDE1,PEPTIDE1,1:R1-7:R2$$$",-5.76300000,ok,,flexible
"PEPTIDE1{dV.L.dL.Me_Phe(3-Cl).L.F.V}$PEPTIDE1,PEPTIDE1,1:R1-7:R2$$$",-6.25400000,ok,,flexible
"PEPTIDE1{meA.Abu.meL.dA.dL.meS.T}$PEPTIDE1,PEPTIDE1,1:R1-7:R2$$$",-5.84100000,ok,,flexible
"PEPTIDE1{dV.F.dF.P.meA.meL.Me_dL}$PEPTIDE1,PEPTIDE1,1:R1-7:R2$$$",-6.77200000,ok,,flexible
"PEPTIDE1{Me_Bal.T.meF.meA.Me_dL.meS.meY}$PEPTIDE1,PEPTIDE1,1:R1-7:R2$$$",-6.23000000,ok,,flexible
"PEPTIDE1{P.dA.P.meL.dL.meL.Ser(tBu)}$PEPTIDE1,PEPTIDE1,1:R1-7:R2$$$",-5.68100000,ok,,flexible
"PEPTIDE1{dV.F.V.meL.Me_dA.Ser(tBu).Me_dL}$PEPTIDE1,PEPTIDE1,1:R1-7:R2$$$",-5.96700000,ok,,flexible
"PEPTIDE1{meA.meS.A.meS.Abu.dP.Sar}$PEPTIDE1,PEPTIDE1,1:R1-7:R2$$$",-6.30800000,ok,,flexible
"PEPTIDE1{A.Pr_Gly.V.meL.T.L.T}$PEPTIDE1,PEPTIDE1,1:R1-7:R2$$$",-5.75500000,ok,,flexible
"PEPTIDE1{meA.V.meF.meV.G.meL.Me_dL}$PEPTIDE1,PEPTIDE1,1:R1-7:R2$$$",-6.05500000,ok,,flexible
"PEPTIDE1{meA.Abu.L.V.meL.Me_dL.T}$PEPTIDE1,PEPTIDE1,1:R1-7:R2$$$",-5.60900000,ok,,flexible
"PEPTIDE1{A.dP.meA.L.T.Me_dL.dA}$PEPTIDE1,PEPTIDE1,1:R1-7:R2$$$",-6.16600000,ok,,flexible
"PEPTIDE1{Me_Bal.dP.L.T.meL.meL.dL}$PEPTIDE1,PEPTIDE1,1:R1-7:R2$$$",-5.75300000,ok,,flexible
"PEPTIDE1{Pr_Gly.meF.meL.meA.Me_dL.Ala(5-Tet).Aoc(2)}$PEPTIDE1,PEPTIDE1,1:R1-7:R2$$$",-5.40500000,ok,,flexible
"PEPTIDE1{dV.Sar.Me_dAbu.L.V.T.Me_dL}$PEPTIDE1,PEPTIDE1,1:R1-7:R2$$$",-5.68300000,ok,,flexible
"PEPTIDE1{dV.L.V.Me_dA.Me_dL.meF.meL}$PEPTIDE1,PEPTIDE1,1:R1-7:R2$$$",-5.55900000,ok,,flexible
"PEPTIDE1{Me_dA.Pr_Gly.meA.meL.A.F.T}$PEPTIDE1,PEPTIDE1,1:R1-7:R2$$$",-5.82300000,ok,,flexible
"PEPTIDE1{meA.meL.meS.L.Aoc(2).meL.meS}$PEPTIDE1,PEPTIDE1,1:R1-7:R2$$$",-4.84600000,ok,,flexible
"PEPTIDE1{Pr_Gly.meA.F.T.V.dP.Me_dL}$PEPTIDE1,PEPTIDE1,1:R1-7:R2$$$",-6.07900000,ok,,flexible
"PEPTIDE1{meA.meL.L.meS.T.Abu.dL}$PEPTIDE1,PEPTIDE1,1:R1-7:R2$$$",-6.09700000,ok,,flexible
"PEPTIDE1{meA.T.V.F.meF.Me_dL.L}$PEPTIDE1,PEPTIDE1,1:R1-7:R2$$$",-6.31400000,ok,,flexible
"PEPTIDE1{meA.A.L.dV.meL.V.I}$PEPTIDE1,PEPTIDE1,1:R1-7:R2$$$",-5.97100000,ok,,flexible
"PEPTIDE1{meA.dP.meL.V.T.L.meL}$PEPTIDE1,PEPTIDE1,1:R1-7:R2$$$",-5.99800000,ok,,flexible
"PEPTIDE1{dF.meS.Ala(5-Tet).meL.L.Sar.meS}$PEPTIDE1,PEPTIDE1,1:R1-7:R2$$$",-5.67100000,ok,,flexible
"PEPTIDE1{Pr_Gly.L.meL.Me_dL.A.L.Mono7}$PEPTIDE1,PEPTIDE1,1:R1-7:R2$$$",-5.64700000,ok,,flexible
"PEPTIDE1{meA.A.I.G.T.F.L}$PEPTIDE1,PEPTIDE1,1:R1-7:R2$$$",-6.10200000,ok,,flexible
"PEPTIDE1{meA.meL.L.A.T.dP.Me_dA}$PEPTIDE1,PEPTIDE1,1:R1-7:R2$$$",-6.19800000,ok,,flexible
"PEPTIDE1{Me_Bal.meL.A.Mono38.Ser(tBu).L.meA}$PEPTIDE1,PEPTIDE1,1:R1-7:R2$$$",-5.78600000,ok,,flexible
"PEPTIDE1{dV.T.L.A.meS.meL.Me_dL}$PEPTIDE1,PEPTIDE1,1:R1-7:R2$$$",-5.54200000,ok,,flexible
"PEPTIDE1{dA.L.Ala(5-Tet).meL.T.A.dL}$PEPTIDE1,PEPTIDE1,1:R1-7:R2$$$",-5.54000000,ok,,flexible
"PEPTIDE1{Me_dA.meL.dL.G.Ser(tBu).pentyl_Gly.P}$PEPTIDE1,PEPTIDE1,1:R1-7:R2$$$",-5.70300000,ok,,flexible
"PEPTIDE1{L.F.T.T.I.Ala(5-Tet).meL}$PEPTIDE1,PEPTIDE1,1:R1-7:R2$$$",-5.21700000,ok,,flexible
"PEPTIDE1{dA.Me_dA.A.I.meA.meL.F}$PEPTIDE1,PEPTIDE1,1:R1-7:R2$$$",-5.92700000,ok,,flexible
"PEPTIDE1{meA.A.I.Met(O2).L.meS.T}$PEPTIDE1,PEPTIDE1,1:R1-7:R2$$$",-5.94100000,ok,,flexible
"PEPTIDE1{dV.meS.T.dL.meA.meF.Me_dL}$PEPTIDE1,PEPTIDE1,1:R1-7:R2$$$",-5.89000000,ok,,flexible
"PEPTIDE1{meA.meA.Ser(tBu).meL.L.I.meL}$PEPTIDE1,PEPTIDE1,1:R1-7:R2$$$",-5.34800000,ok,,flexible
"PEPTIDE1{meA.L.meL.Ser(tBu).F.A.meF}$PEPTIDE1,PEPTIDE1,1:R1-7:R2$$$",-6.26600000,ok,,flexible
"PEPTIDE1{Me_dA.T.meF.Ser(tBu).Me_dL.Sar.L}$PEPTIDE1,PEPTIDE1,1:R1-7:R2$$$",-5.77500000,ok,,flexible
"PEPTIDE1{meA.L.I.Ser(tBu).dP.P.meL}$PEPTIDE1,PEPTIDE1,1:R1-7:R2$$$",-5.64700000,ok,,flexible
"PEPTIDE1{A.dP.P.L.meA.P.meV}$PEPTIDE1,PEPTIDE1,1:R1-7:R2$$$",-6.59000000,ok,,flexible
"PEPTIDE1{Me_dA.meF.F.Mono38.A.L.Mono84}$PEPTIDE1,PEPTIDE1,1:R1-7:R2$$$",-6.80000000,ok,,flexible
"PEPTIDE1{P.Pr_Gly.meL.A.L.V.V}$PEPTIDE1,PEPTIDE1,1:R1-7:R2$$$",-5.81200000,ok,,flexible
"PEPTIDE1{F.meF.Ala(5-Tet).T.meL.Sar.meS}$PEPTIDE1,PEPTIDE1,1:R1-7:R2$$$",-6.65900000,ok,,flexible
"PEPTIDE1{Me_Bal.meF.L.F.meI.Me_dL.I}$PEPTIDE1,PEPTIDE1,1:R1-7:R2$$$",-5.43100000,ok,,flexible
"PEPTIDE1{Me_Bal.L.Me_dL.A.meY.T.T}$PEPTIDE1,PEPTIDE1,1:R1-7:R2$$$",-5.90900000,ok,,flexible
"PEPTIDE1{Me_dA.A.L.meA.V.Me_dL.meL}$PEPTIDE1,PEPTIDE1,1:R1-7:R2$$$",-6.16700000,ok,,flexible
"PEPTIDE1{meA.F.meL.meF.P.Sar.Me_dA}$PEPTIDE1,PEPTIDE1,1:R1-7:R2$$$",-6.85600000,ok,,flexible
"PEPTIDE1{A.V.pentyl_Gly.L.meV.I.Me_dL}$PEPTIDE1,PEPTIDE1,1:R1-7:R2$$$",-5.17400000,ok,,flexible
"PEPTIDE1{meA.meL.I.T.L.F.L}$PEPTIDE1,PEPTIDE1,1:R1-7:R2$$$",-5.81800000,ok,,flexible
"PEPTIDE1{Me_Bal.meA.meL.T.I.V.Ser(tBu)}$PEPTIDE1,PEPTIDE1,1:R1-7:R2$$$",-5.44300000,ok,,flexible
"PEPTIDE1{Me_Bal.meL.dP.meA.meS.T.dP}$PEPTIDE1,PEPTIDE1,1:R1-7:R2$$$",-6.52400000,ok,,flexible
"PEPTIDE1{meA.T.meL.meV.Bn_Gly.V.dL}$PEPTIDE1,PEPTIDE1,1:R1-7:R2$$$",-5.59300000,ok,,flexible
"PEPTIDE1{meA.Pr_Gly.A.V.I.G.dL}$PEPTIDE1,PEPTIDE1,1:R1-7:R2$$$",-5.54100000,ok,,flexible
"PEPTIDE1{Me_dA.meV.V.T.meL.meA.meF}$PEPTIDE1,PEPTIDE1,1:R1-7:R2$$$",-6.15400000,ok,,flexible
"PEPTIDE1{L.dP.T.meF.F.Abu.meA}$PEPTIDE1,PEPTIDE1,1:R1-7:R2$$$",-6.66500000,ok,,flexible
"PEPTIDE1{Me_Bal.dP.Me_dL.L.meL.meA.L}$PEPTIDE1,PEPTIDE1,1:R1-7:R2$$$",-5.82300000,ok,,flexible
"PEPTIDE1{Mono6.dP.L.Mono84.P.I.I}$PEPTIDE1,PEPTIDE1,1:R1-7:R2$$$",-6.02800000,ok,,flexible
"PEPTIDE1{dA.dL.A.meS.Ala(5-Tet).meF.T}$PEPTIDE1,PEPTIDE1,1:R1-7:R2$$$",-6.36600000,ok,,flexible
"PEPTIDE1{Me_dA.T.Ala(5-Tet).L.Abu.meF.Aoc(2)}$PEPTIDE1,PEPTIDE1,1:R1-7:R2$$$",-5.54700000,ok,,flexible
"PEPTIDE1{meA.Pr_Gly.meL.Me_dA.T.meV.meF}$PEPTIDE1,PEPTIDE1,1:R1-7:R2$$$",-5.96500000,ok,,flexible
"PEPTIDE1{A.Ala(5-Tet).meF.meL.dV.V.L}$PEPTIDE1,PEPTIDE1,1:R1-7:R2$$$",-5.77700000,ok,,flexible
"PEPTIDE1{Pr_Gly.T.Sar.meF.meL.meS.Abu}$PEPTIDE1,PEPTIDE1,1:R1-7:R2$$$",-5.21700000,ok,,flexible
"PEPTIDE1{A.meL.Me_dL.L.P.meA.meL}$PEPTIDE1,PEPTIDE1,1:R1-7:R2$$$",-5.82200000,ok,,flexible
"PEPTIDE1{L.T.F.meS.meF.meL.V}$PEPTIDE1,PEPTIDE1,1:R1-7:R2$$$",-5.64700000,ok,,flexible
"PEPTIDE1{meA.Me_Nle.meS.P.meF.P.dP}$PEPTIDE1,PEPTIDE1,1:R1-7:R2$$$",-6.58300000,ok,,flexible
"PEPTIDE1{Pr_Gly.T.Me_dL.meA.Me_dL.meL.dL}$PEPTIDE1,PEPTIDE1,1:R1-7:R2$$$",-5.79700000,ok,,flexible
"PEPTIDE1{dA.meA.Me_dL.meA.A.Me_dA.meL}$PEPTIDE1,PEPTIDE1,1:R1-7:R2$$$",-7.18700000,ok,,flexible
"PEPTIDE1{meA.Ser(tBu).meL.A.meF.T.T}$PEPTIDE1,PEPTIDE1,1:R1-7:R2$$$",-5.96300000,ok,,flexible
"PEPTIDE1{F.T.meL.Ala(5-Tet).L.A.Aoc(2)}$PEPTIDE1,PEPTIDE1,1:R1-7:R2$$$",-5.20300000,ok,,flexible
"PEPTIDE1{dA.Mono38.Mono86.F.P.dL.L}$PEPTIDE1,PEPTIDE1,1:R1-7:R2$$$",-6.24100000,ok,,flexible
"PEPTIDE1{A.meL.T.dL.meS.L.Aoc(2)}$PEPTIDE1,PEPTIDE1,1:R1-7:R2$$$",-5.50500000,ok,,flexible
"PEPTIDE1{Mono6.meL.P.T.dP.L.Ala(5-Tet)}$PEPTIDE1,PEPTIDE1,1:R1-7:R2$$$",-6.07600000,ok,,flexible
"PEPTIDE1{Me_dA.meL.meA.A.L.Ala(5-Tet).meS}$PEPTIDE1,PEPTIDE1,1:R1-7:R2$$$",-5.96700000,ok,,flexible
"PEPTIDE1{L.meA.meF.meL.I.A.T}$PEPTIDE1,PEPTIDE1,1:R1-7:R2$$$",-5.68700000,ok,,flexible
"PEPTIDE1{meA.L.meL.Me_dL.T.A.meA}$PEPTIDE1,PEPTIDE1,1:R1-7:R2$$$",-5.85900000,ok,,flexible
"PEPTIDE1{dA.meL.T.Abu.F.Ser(tBu).L}$PEPTIDE1,PEPTIDE1,1:R1-7:R2$$$",-6.11800000,ok,,flexible
"PEPTIDE1{Me_Bal.dL.L.meF.meL.T.meA}$PEPTIDE1,PEPTIDE1,1:R1-7:R2$$$",-5.73400000,ok,,flexible
"PEPTIDE1{A.meL.P.Abu.meS.I.L}$PEPTIDE1,PEPTIDE1,1:R1-7:R2$$$",-6.05900000,ok,,flexible
"PEPTIDE1{meA.Me_dA.Me_dA.meL.meA.A.meY}$PEPTIDE1,PEPTIDE1,1:R1-7:R2$$$",-7.21600000,ok,,flexible
"PEPTIDE1{F.Mono38.dP.Me_dL.V.T.Ser(tBu)}$PEPTIDE1,PEPTIDE1,1:R1-7:R2$$$",-5.60700000,ok,,flexible
"PEPTIDE1{Me_dA.L.meF.I.P.Ser(tBu).A}$PEPTIDE1,PEPTIDE1,1:R1-7:R2$$$",-6.16600000,ok,,flexible
"PEPTIDE1{Mono6.Et_Gly.Nle.dL.A.I.L}$PEPTIDE1,PEPTIDE1,1:R1-7:R2$$$",-5.33700000,ok,,flexible
"PEPTIDE1{Sar.T.L.meA.V.meF.A}$PEPTIDE1,PEPTIDE1,1:R1-7:R2$$$",-6.04700000,ok,,flexible
"PEPTIDE1{P.Pr_Gly.L.dL.meI.meL.Me_dL}$PEPTIDE1,PEPTIDE1,1:R1-7:R2$$$",-4.81400000,ok,,flexible
"PEPTIDE1{Pr_Gly.L.F.A.T.Ser(tBu).meL}$PEPTIDE1,PEPTIDE1,1:R1-7:R2$$$",-5.47000000,ok,,flexible
"PEPTIDE1{meA.L.Me_Nle.T.cHexCH2_Gly.G.L}$PEPTIDE1,PEPTIDE1,1:R1-7:R2$$$",-6.12900000,ok,,flexible
"PEPTIDE1{Me_dA.meL.L.Me_dL.A.meY.V}$PEPTIDE1,PEPTIDE1,1:R1-7:R2$$$",-6.05400000,ok,,flexible
"PEPTIDE1{Me_dA.A.cHexCH2_Gly.Ser(tBu).L.P.Sar}$PEPTIDE1,PEPTIDE1,1:R1-7:R2$$$",-6.93600000,ok,,flexible
"PEPTIDE1{Me_dA.A.I.3Pal.Et_Gly.Mono84.L}$PEPTIDE1,PEPTIDE1,1:R1-7:R2$$$",-6.68300000,ok,,flexible
"PEPTIDE1{dF.pentyl_Gly.meL.L.dP.meA.P}$PEPTIDE1,PEPTIDE1,1:R1-7:R2$$$",-5.45900000,ok,,flexible
"PEPTIDE1{dV.dP.L.T.Me_dA.meS.Abu}$PEPTIDE1,PEPTIDE1,1:R1-7:R2$$$",-5.87900000,ok,,flexible
"PEPTIDE1{Me_Bal.pentyl_Gly.Me_Abu.Me_dA.L.Abu.T}$PEPTIDE1,PEPTIDE1,1:R1-7:R2$$$",-5.03900000,ok,,flexible
"PEPTIDE1{dP.dA.dL.Pr_Gly.A.L.Me_dL}$PEPTIDE1,PEPTIDE1,1:R1-7:R2$$$",-5.53700000,ok,,flexible
"PEPTIDE1{Pr_Gly.meL.Me_dA.meA.T.P.meL}$PEPTIDE1,PEPTIDE1,1:R1-7:R2$$$",-5.58200000,ok,,flexible
"PEPTIDE1{Sar.dV.dL.P.Ser(tBu).V.Me_dL}$PEPTIDE1,PEPTIDE1,1:R1-7:R2$$$",-5.92600000,ok,,flexible
"PEPTIDE1{meA.Me_dL.T.F.T.V.meL}$PEPTIDE1,PEPTIDE1,1:R1-7:R2$$$",-5.94200000,ok,,flexible
"PEPTIDE1{F.Ala(5-Tet).A.T.meL.meA.L}$PEPTIDE1,PEPTIDE1,1:R1-7:R2$$$",-5.98100000,ok,,flexible
"PEPTIDE1{Me_Bal.A.meF.Ser(tBu).Me_dL.F.L}$PEPTIDE1,PEPTIDE1,1:R1-7:R2$$$",-5.78700000,ok,,flexible
"PEPTIDE1{Me_Bal.T.L.F.I.Ser(tBu).meL}$PEPTIDE1,PEPTIDE1,1:R1-7:R2$$$",-5.33000000,ok,,flexible
"PEPTIDE1{A.meL.Ala(5-Tet).meL.meF.T.meS}$PEPTIDE1,PEPTIDE1,1:R1-7:R2$$$",-6.29600000,ok,,flexible
"PEPTIDE1{Me_dA.Mono38.L.meF.V.P.meA}$PEPTIDE1,PEPTIDE1,1:R1-7:R2$$$",-6.33000000,ok,,flexible
"PEPTIDE1{dA.Me_dAbu.V.F.Me_dL.Sar.P}$PEPTIDE1,PEPTIDE1,1:R1-7:R2$$$",-6.56800000,ok,,flexible
"PEPTIDE1{dV.Pr_Gly.V.meL.meA.Me_dL.L}$PEPTIDE1,PEPTIDE1,1:R1-7:R2$$$",-5.18700000,ok,,flexible
"PEPTIDE1{dF.Ala(5-Tet).Aoc(2).Abu.L.T.meL}$PEPTIDE1,PEPTIDE1,1:R1-7:R2$$$",-5.44300000,ok,,flexible
"PEPTIDE1{Me_dA.dP.T.meV.meL.L.T}$PEPTIDE1,PEPTIDE1,1:R1-7:R2$$$",-5.84600000,ok,,flexible
"PEPTIDE1{A.meL.T.F.I.meL.G}$PEPTIDE1,PEPTIDE1,1:R1-7:R2$$$",-6.41500000,ok,,flexible
"PEPTIDE1{P.Pr_Gly.A.dL.Ser(tBu).Me_dL.I}$PEPTIDE1,PEPTIDE1,1:R1-7:R2$$$",-6.00300000,ok,,flexible
"PEPTIDE1{dA.F.T.meL.dV.I.meA}$PEPTIDE1,PEPTIDE1,1:R1-7:R2$$$",-5.43500000,ok,,flexible
"PEPTIDE1{A.Me_dL.F.meL.L.meL.Ser(tBu)}$PEPTIDE1,PEPTIDE1,1:R1-7:R2$$$",-4.89600000,ok,,flexible
"PEPTIDE1{meL.pentyl_Gly.L.P.V.F.L}$PEPTIDE1,PEPTIDE1,1:R1-7:R2$$$",-5.22400000,ok,,flexible
"PEPTIDE1{meA.Pr_Gly.meL.A.Me_dA.Me_dL.meF}$PEPTIDE1,PEPTIDE1,1:R1-7:R2$$$",-5.71600000,ok,,flexible
"PEPTIDE1{A.meF.meL.I.Sar.T.Bn_Gly}$PEPTIDE1,PEPTIDE1,1:R1-7:R2$$$",-6.01500000,ok,,flexible
"PEPTIDE1{dA.A.meA.Ser(tBu).T.Me_dL.meL}$PEPTIDE1,PEPTIDE1,1:R1-7:R2$$$",-5.56100000,ok,,flexible
"PEPTIDE1{meA.meF.Me_dL.A.Ser(tBu).dL.meL}$PEPTIDE1,PEPTIDE1,1:R1-7:R2$$$",-5.37100000,ok,,flexible
"PEPTIDE1{Mono6.P.Ser(tBu).A.L.dL.I}$PEPTIDE1,PEPTIDE1,1:R1-7:R2$$$",-5.51900000,ok,,flexible
"PEPTIDE1{meA.Me_dL.Me_dA.T.meL.meY.dP}$PEPTIDE1,PEPTIDE1,1:R1-7:R2$$$",-6.01800000,ok,,flexible
"PEPTIDE1{Me_Bal.L.A.meA.meF.meL.dL}$PEPTIDE1,PEPTIDE1,1:R1-7:R2$$$",-5.88200000,ok,,flexible
"PEPTIDE1{P.meA.Pr_Gly.V.A.Me_dL.T}$PEPTIDE1,PEPTIDE1,1:R1-7:R2$$$",-5.76100000,ok,,flexible
"PEPTIDE1{meA.dL.L.V.A.T.Ser(tBu)}$PEPTIDE1,PEPTIDE1,1:R1-7:R2$$$",-6.14500000,ok,,flexible
"PEPTIDE1{meA.Me_dL.G.I.P.V.T}$PEPTIDE1,PEPTIDE1,1:R1-7:R2$$$",-5.75900000,ok,,flexible
"PEPTIDE1{Pr_Gly.meL.meS.Me_dL.T.meA.meL}$PEPTIDE1,PEPTIDE1,1:R1-7:R2$$$",-5.00600000,ok,,flexible
"PEPTIDE1{dP.G.Me_dA.meL.Me_dL.L.Me_dL}$PEPTIDE1,PEPTIDE1,1:R1-7:R2$$$",-5.96100000,ok,,flexible
"PEPTIDE1{Me_Bal.Pr_Gly.Me_dL.V.meL.meA.meA}$PEPTIDE1,PEPTIDE1,1:R1-7:R2$$$",-5.39100000,ok,,flexible
"PEPTIDE1{meA.Me_dL.F.meL.G.Ser(tBu).V}$PEPTIDE1,PEPTIDE1,1:R1-7:R2$$$",-5.90200000,ok,,flexible
"PEPTIDE1{dV.meF.meA.meS.Me_dA.Abu.L}$PEPTIDE1,PEPTIDE1,1:R1-7:R2$$$",-6.32800000,ok,,flexible
"PEPTIDE1{dA.Sar.A.meA.Me_dL.meF.T}$PEPTIDE1,PEPTIDE1,1:R1-7:R2$$$",-6.39500000,ok,,flexible
"PEPTIDE1{A.Ser(tBu).meL.T.dL.Sar.Me_dA}$PEPTIDE1,PEPTIDE1,1:R1-7:R2$$$",-5.06900000,ok,,flexible
"PEPTIDE1{dP.A.Pr_Gly.F.meF.A.L}$PEPTIDE1,PEPTIDE1,1:R1-7:R2$$$",-6.23900000,ok,,flexible
"PEPTIDE1{dA.A.T.meF.Ala(5-Tet).Me_dA.meA}$PEPTIDE1,PEPTIDE1,1:R1-7:R2$$$",-7.58900000,ok,,flexible
"PEPTIDE1{A.Pr_Gly.meA.Me_dL.T.T.meF}$PEPTIDE1,PEPTIDE1,1:R1-7:R2$$$",-5.78700000,ok,,flexible
"PEPTIDE1{A.P.meL.Me_dL.dL.T.L}$PEPTIDE1,PEPTIDE1,1:R1-7:R2$$$",-5.60800000,ok,,flexible
"PEPTIDE1{dF.T.I.meA.meF.L.dL}$PEPTIDE1,PEPTIDE1,1:R1-7:R2$$$",-5.75800000,ok,,flexible
"PEPTIDE1{L.Me_Nle.dL.meL.Mono84.P.meL}$PEPTIDE1,PEPTIDE1,1:R1-7:R2$$$",-5.81700000,ok,,flexible
"PEPTIDE1{dA.L.Ser(tBu).T.meL.meA.meF}$PEPTIDE1,PEPTIDE1,1:R1-7:R2$$$",-6.28200000,ok,,flexible
"PEPTIDE1{A.P.meA.meL.T.dL.meL}$PEPTIDE1,PEPTIDE1,1:R1-7:R2$$$",-5.98800000,ok,,flexible
"PEPTIDE1{A.Pr_Gly.P.dL.Me_Phe(3-Cl).T.dL}$PEPTIDE1,PEPTIDE1,1:R1-7:R2$$$",-5.71600000,ok,,flexible
"PEPTIDE1{Sar.L.Bn_Gly.Ser(tBu).meF.T.meL}$PEPTIDE1,PEPTIDE1,1:R1-7:R2$$$",-5.75800000,ok,,flexible
"PEPTIDE1{Me_dA.meA.meF.T.meF.F.I}$PEPTIDE1,PEPTIDE1,1:R1-7:R2$$$",-6.71800000,ok,,flexible
"PEPTIDE1{F.L.T.meL.Ser(tBu).A.dP}$PEPTIDE1,PEPTIDE1,1:R1-7:R2$$$",-5.72000000,ok,,flexible
"PEPTIDE1{meA.dA.A.Me_dL.F.Me_dA.meI}$PEPTIDE1,PEPTIDE1,1:R1-7:R2$$$",-6.54700000,ok,,flexible
"PEPTIDE1{dV.Pr_Gly.meF.meV.V.V.Ser(tBu)}$PEPTIDE1,PEPTIDE1,1:R1-7:R2$$$",-5.53500000,ok,,flexible
"PEPTIDE1{Me_Bal.dA.A.V.F.Me_dL.Pr_Gly}$PEPTIDE1,PEPTIDE1,1:R1-7:R2$$$",-6.11400000,ok,,flexible
"PEPTIDE1{Me_dA.Me_dL.A.I.meA.L.T}$PEPTIDE1,PEPTIDE1,1:R1-7:R2$$$",-5.49800000,ok,,flexible
"PEPTIDE1{Me_dA.cHexCH2_Gly.L.Me_Phe(3-Cl).Me_dL.P.Et_Gly}$PEPTIDE1,PEPTIDE1,1:R1-7:R2$$$",-5.55700000,ok,,flexible
"PEPTIDE1{dV.A.dA.L.G.F.Me_Phe(3-Cl)}$PEPTIDE1,PEPTIDE1,1:R1-7:R2$$$",-7.27700000,ok,,flexible
"PEPTIDE1{meA.T.A.dL.pentyl_Gly.meL.Abu}$PEPTIDE1,PEPTIDE1,1:R1-7:R2$$$",-5.33800000,ok,,flexible
"PEPTIDE1{L.meS.T.meL.meL.meF.T}$PEPTIDE1,PEPTIDE1,1:R1-7:R2$$$",-5.68100000,ok,,flexible
"PEPTIDE1{Me_dA.Mono38.A.L.T.meL.V}$PEPTIDE1,PEPTIDE1,1:R1-7:R2$$$",-5.59400000,ok,,flexible
"PEPTIDE1{Sar.Me_dL.meL.meV.V.P.I}$PEPTIDE1,PEPTIDE1,1:R1-7:R2$$$",-6.39400000,ok,,flexible
"PEPTIDE1{Sar.T.Me_dL.meF.meA.meL.A}$PEPTIDE1,PEPTIDE1,1:R1-7:R2$$$",-6.26900000,ok,,flexible
"PEPTIDE1{meA.Pr_Gly.Pr_Gly.A.Me_Phe(3-Cl).Aib.V}$PEPTIDE1,PEPTIDE1,1:R1-7:R2$$$",-6.03600000,ok,,flexible
"PEPTIDE1{meA.meS.meL.meF.T.V.meL}$PEPTIDE1,PEPTIDE1,1:R1-7:R2$$$",-5.41500000,ok,,flexible
"PEPTIDE1{meL.meS.dL.Abu.A.Aoc(2).meA}$PEPTIDE1,PEPTIDE1,1:R1-7:R2$$$",-5.54000000,ok,,flexible
"PEPTIDE1{meA.T.G.meL.I.meV.meI}$PEPTIDE1,PEPTIDE1,1:R1-7:R2$$$",-5.88000000,ok,,flexible
"PEPTIDE1{Me_dA.dP.T.Me_dL.meA.A.meY}$PEPTIDE1,PEPTIDE1,1:R1-7:R2$$$",-6.51100000,ok,,flexible
"PEPTIDE1{F.A.T.Mono84.dL.Me_dL.meL}$PEPTIDE1,PEPTIDE1,1:R1-7:R2$$$",-5.33500000,ok,,flexible
"PEPTIDE1{Pr_Gly.meV.F.L.meL.V.Me_dA}$PEPTIDE1,PEPTIDE1,1:R1-7:R2$$$",-5.49200000,ok,,flexible
"PEPTIDE1{dV.meA.T.meL.L.Ser(tBu).meF}$PEPTIDE1,PEPTIDE1,1:R1-7:R2$$$",-5.17700000,ok,,flexible
"PEPTIDE1{meL.Ser(tBu).A.P.I.L.meL}$PEPTIDE1,PEPTIDE1,1:R1-7:R2$$$",-5.28000000,ok,,flexible
"PEPTIDE1{meA.T.dL.meL.Me_dL.P.A}$PEPTIDE1,PEPTIDE1,1:R1-7:R2$$$",-6.05300000,ok,,flexible
"PEPTIDE1{dV.A.V.T.meL.dL.Me_dA}$PEPTIDE1,PEPTIDE1,1:R1-7:R2$$$",-5.57000000,ok,,flexible
"PEPTIDE1{A.F.L.meV.P.P.meL}$PEPTIDE1,PEPTIDE1,1:R1-7:R2$$$",-6.73100000,ok,,flexible
"PEPTIDE1{meA.meL.meS.T.meF.A.L}$PEPTIDE1,PEPTIDE1,1:R1-7:R2$$$",-6.16500000,ok,,flexible
"PEPTIDE1{meA.meL.cHexCH2_Gly.dL.L.I.L}$PEPTIDE1,PEPTIDE1,1:R1-7:R2$$$",-5.03100000,ok,,flexible
"PEPTIDE1{F.T.P.Sar.L.T.I}$PEPTIDE1,PEPTIDE1,1:R1-7:R2$$$",-6.35300000,ok,,flexible
"PEPTIDE1{meA.cHexCH2_Gly.Aoc(2).L.P.Et_Gly.meL}$PEPTIDE1,PEPTIDE1,1:R1-7:R2$$$",-5.55300000,ok,,flexible
"PEPTIDE1{Me_dA.F.meL.T.meA.G.V}$PEPTIDE1,PEPTIDE1,1:R1-7:R2$$$",-6.43400000,ok,,flexible
"PEPTIDE1{Me_Bal.Me_dL.meL.L.A.F.P}$PEPTIDE1,PEPTIDE1,1:R1-7:R2$$$",-7.12300000,ok,,flexible
"PEPTIDE1{meA.Pr_Gly.V.A.Me_dL.meI.F}$PEPTIDE1,PEPTIDE1,1:R1-7:R2$$$",-5.73900000,ok,,flexible
"PEPTIDE1{Me_Bal.meA.I.meV.dL.meL.A}$PEPTIDE1,PEPTIDE1,1:R1-7:R2$$$",-5.96200000,ok,,flexible
"PEPTIDE1{dF.A.meL.L.Abu.meS.Aoc(2)}$PEPTIDE1,PEPTIDE1,1:R1-7:R2$$$",-5.48800000,ok,,flexible
"PEPTIDE1{Me_dA.meL.L.meL.A.dP.meS}$PEPTIDE1,PEPTIDE1,1:R1-7:R2$$$",-5.89800000,ok,,flexible
"PEPTIDE1{meL.A.Sar.Me_dL.meA.dL.V}$PEPTIDE1,PEPTIDE1,1:R1-7:R2$$$",-5.90000000,ok,,flexible
"PEPTIDE1{F.Ser(tBu).Ser(tBu).T.P.I.meL}$PEPTIDE1,PEPTIDE1,1:R1-7:R2$$$",-5.76100000,ok,,flexible
"PEPTIDE1{P.Me_dL.Me_dA.Pr_Gly.dA.A.L}$PEPTIDE1,PEPTIDE1,1:R1-7:R2$$$",-5.86100000,ok,,flexible
"PEPTIDE1{Me_dA.meL.meF.T.V.Me_dL.meA}$PEPTIDE1,PEPTIDE1,1:R1-7:R2$$$",-5.49700000,ok,,flexible
"PEPTIDE1{meA.A.I.V.dL.pentyl_Gly.L}$PEPTIDE1,PEPTIDE1,1:R1-7:R2$$$",-5.95500000,ok,,flexible
"PEPTIDE1{L.A.L.T.meA.dL.Sar}$PEPTIDE1,PEPTIDE1,1:R1-7:R2$$$",-5.76600000,ok,,flexible
"PEPTIDE1{Me_dA.T.meA.meL.A.meS.meS}$PEPTIDE1,PEPTIDE1,1:R1-7:R2$$$",-5.59800000,ok,,flexible
"PEPTIDE1{meA.V.L.F.T.meL.I}$PEPTIDE1,PEPTIDE1,1:R1-7:R2$$$",-5.44100000,ok,,flexible
"PEPTIDE1{Mono6.Mono38.Me_dL.Ser(tBu).meL.Me_Phe(3-Cl).T}$PEPTIDE1,PEPTIDE1,1:R1-7:R2$$$",-5.60200000,ok,,flexible
"PEPTIDE1{Me_dA.Me_Nle.dL.Ser(tBu).A.meL.I}$PEPTIDE1,PEPTIDE1,1:R1-7:R2$$$",-5.59800000,ok,,flexible
"PEPTIDE1{meL.P.Me_dL.Me_dA.A.Ala(5-Tet).L}$PEPTIDE1,PEPTIDE1,1:R1-7:R2$$$",-5.74600000,ok,,flexible
"PEPTIDE1{Me_Bal.Me_Abu.P.T.dL.Me_dL.meL}$PEPTIDE1,PEPTIDE1,1:R1-7:R2$$$",-5.95600000,ok,,flexible
"PEPTIDE1{P.meA.L.V.F.meF.dL}$PEPTIDE1,PEPTIDE1,1:R1-7:R2$$$",-6.25200000,ok,,flexible
"PEPTIDE1{meA.Pr_Gly.A.L.F.meL.Me_dL}$PEPTIDE1,PEPTIDE1,1:R1-7:R2$$$",-5.12100000,ok,,flexible
"PEPTIDE1{Me_dA.meL.L.P.meA.dL.T}$PEPTIDE1,PEPTIDE1,1:R1-7:R2$$$",-5.91400000,ok,,flexible
"PEPTIDE1{F.I.pentyl_Gly.Ser(tBu).Mono100.dP.dL}$PEPTIDE1,PEPTIDE1,1:R1-7:R2$$$",-5.87700000,ok,,flexible
"PEPTIDE1{Me_dA.Pr_Gly.A.T.meL.L.L}$PEPTIDE1,PEPTIDE1,1:R1-7:R2$$$",-5.60300000,ok,,flexible
"PEPTIDE1{Mono6.Me_dA.dP.A.meA.meV.I}$PEPTIDE1,PEPTIDE1,1:R1-7:R2$$$",-6.50200000,ok,,flexible
"PEPTIDE1{dA.Abu.Sar.meL.A.meS.meF}$PEPTIDE1,PEPTIDE1,1:R1-7:R2$$$",-6.00400000,ok,,flexible
"PEPTIDE1{dP.Me_Phe(3-Cl).F.meA.V.L.P}$PEPTIDE1,PEPTIDE1,1:R1-7:R2$$$",-6.00300000,ok,,flexible
"PEPTIDE1{L.A.Me_dL.meA.meL.T.dV}$PEPTIDE1,PEPTIDE1,1:R1-7:R2$$$",-5.46600000,ok,,flexible
"PEPTIDE1{A.L.meL.Me_dL.F.I.T}$PEPTIDE1,PEPTIDE1,1:R1-7:R2$$$",-5.15900000,ok,,flexible
"PEPTIDE1{meA.Me_dL.L.T.I.dP.dL}$PEPTIDE1,PEPTIDE1,1:R1-7:R2$$$",-5.70300000,ok,,flexible
"PEPTIDE1{dV.T.A.meS.Ala(5-Tet).meF.L}$PEPTIDE1,PEPTIDE1,1:R1-7:R2$$$",-5.90200000,ok,,flexible
"PEPTIDE1{Me_Bal.F.I.T.A.meL.meA}$PEPTIDE1,PEPTIDE1,1:R1-7:R2$$$",-6.17900000,ok,,flexible
"PEPTIDE1{A.Pr_Gly.dL.meA.T.Me_dL.meF}$PEPTIDE1,PEPTIDE1,1:R1-7:R2$$$",-5.68800000,ok,,flexible
"PEPTIDE1{dA.pentyl_Gly.D.Ser(tBu).Aoc(2).L.T}$PEPTIDE1,PEPTIDE1,1:R1-7:R2$$$",-5.08200000,ok,,flexible
"PEPTIDE1{Me_dA.L.A.meA.meF.meL.Abu}$PEPTIDE1,PEPTIDE1,1:R1-7:R2$$$",-6.30400000,ok,,flexible
"PEPTIDE1{dV.L.T.meL.Me_dL.F.A}$PEPTIDE1,PEPTIDE1,1:R1-7:R2$$$",-5.78200000,ok,,flexible
"PEPTIDE1{Me_dA.P.Me_dL.dL.meA.F.L}$PEPTIDE1,PEPTIDE1,1:R1-7:R2$$$",-5.84800000,ok,,flexible
"PEPTIDE1{Sar.V.meV.meF.meL.T.meA}$PEPTIDE1,PEPTIDE1,1:R1-7:R2$$$",-5.44800000,ok,,flexible
"PEPTIDE1{dA.P.dL.meL.L.Me_dL.Bn_Gly}$PEPTIDE1,PEPTIDE1,1:R1-7:R2$$$",-5.96900000,ok,,flexible
"PEPTIDE1{Pr_Gly.Me_dL.meF.A.Ser(tBu).meA.Me_dA}$PEPTIDE1,PEPTIDE1,1:R1-7:R2$$$",-5.90200000,ok,,flexible
"PEPTIDE1{dA.Pr_Gly.F.meA.Sar.meF.T}$PEPTIDE1,PEPTIDE1,1:R1-7:R2$$$",-5.92000000,ok,,flexible
"PEPTIDE1{A.meA.V.meV.I.T.Me_dA}$PEPTIDE1,PEPTIDE1,1:R1-7:R2$$$",-6.03400000,ok,,flexible
"PEPTIDE1{Pr_Gly.meA.A.P.meL.meA.meY}$PEPTIDE1,PEPTIDE1,1:R1-7:R2$$$",-6.06500000,ok,,flexible
"PEPTIDE1{dF.meF.T.dP.Me_dL.A.Me_dA}$PEPTIDE1,PEPTIDE1,1:R1-7:R2$$$",-6.81400000,ok,,flexible
"PEPTIDE1{dV.dL.Pr_Gly.Ser(tBu).A.meF.meL}$PEPTIDE1,PEPTIDE1,1:R1-7:R2$$$",-5.30500000,ok,,flexible
"PEPTIDE1{dA.Mono38.meL.L.dP.A.Me_dL}$PEPTIDE1,PEPTIDE1,1:R1-7:R2$$$",-5.97000000,ok,,flexible
"PEPTIDE1{Me_dA.Abu.L.Aoc(2).Ala(5-Tet).meA.A}$PEPTIDE1,PEPTIDE1,1:R1-7:R2$$$",-6.01000000,ok,,flexible
"PEPTIDE1{dA.T.L.T.P.I.F}$PEPTIDE1,PEPTIDE1,1:R1-7:R2$$$",-6.51900000,ok,,flexible
"PEPTIDE1{dA.V.meF.P.T.A.meL}$PEPTIDE1,PEPTIDE1,1:R1-7:R2$$$",-6.85700000,ok,,flexible
"PEPTIDE1{A.pentyl_Gly.L.dP.P.meL.Me_dL}$PEPTIDE1,PEPTIDE1,1:R1-7:R2$$$",-5.53700000,ok,,flexible
"PEPTIDE1{Pr_Gly.A.P.F.meL.T.L}$PEPTIDE1,PEPTIDE1,1:R1-7:R2$$$",-6.21400000,ok,,flexible
"PEPTIDE1{Me_Bal.L.meL.V.G.dL.meL}$PEPTIDE1,PEPTIDE1,1:R1-7:R2$$$",-5.37500000,ok,,flexible
"PEPTIDE1{Me_dA.T.meS.L.meL.meA.Abu}$PEPTIDE1,PEPTIDE1,1:R1-7:R2$$$",-5.98900000,ok,,flexible
"PEPTIDE1{Me_dA.cHexCH2_Gly.Ser(tBu).L.meA.T.meF}$PEPTIDE1,PEPTIDE1,1:R1-7:R2$$$",-6.35300000,ok,,flexible
"PEPTIDE1{Sar.T.meA.Me_dL.meV.A.dV}$PEPTIDE1,PEPTIDE1,1:R1-7:R2$$$",-6.12600000,ok,,flexible
"PEPTIDE1{F.A.Mono38.T.I.Mono84.T}$PEPTIDE1,PEPTIDE1,1:R1-7:R2$$$",-6.41500000,ok,,flexible
"PEPTIDE1{dV.L.L.T.dL.I.Mono84}$PEPTIDE1,PEPTIDE1,1:R1-7:R2$$$",-5.30800000,ok,,flexible
"PEPTIDE1{Me_Bal.meA.F.A.P.Me_dL.meL}$PEPTIDE1,PEPTIDE1,1:R1-7:R2$$$",-6.39800000,ok,,flexible
"PEPTIDE1{Me_dA.G.Pr_Gly.meA.meL.meL.V}$PEPTIDE1,PEPTIDE1,1:R1-7:R2$$$",-5.21500000,ok,,flexible
"PEPTIDE1{Me_dA.pentyl_Gly.meL.V.F.L.I}$PEPTIDE1,PEPTIDE1,1:R1-7:R2$$$",-4.79700000,ok,,flexible
"PEPTIDE1{dA.Mono84.I.P.T.Me_dL.meA}$PEPTIDE1,PEPTIDE1,1:R1-7:R2$$$",-6.49000000,ok,,flexible
"PEPTIDE1{dV.A.Abu.L.meL.T.meA}$PEPTIDE1,PEPTIDE1,1:R1-7:R2$$$",-5.38200000,ok,,flexible
"PEPTIDE1{meA.meL.T.G.A.Me_dL.L}$PEPTIDE1,PEPTIDE1,1:R1-7:R2$$$",-5.48900000,ok,,flexible
"PEPTIDE1{meL.Me_dA.P.dP.T.A.L}$PEPTIDE1,PEPTIDE1,1:R1-7:R2$$$",-6.74100000,ok,,flexible
"PEPTIDE1{Me_dA.meL.meA.A.T.dP.L}$PEPTIDE1,PEPTIDE1,1:R1-7:R2$$$",-6.16200000,ok,,flexible
"PEPTIDE1{A.dP.T.F.Me_dL.meS.L}$PEPTIDE1,PEPTIDE1,1:R1-7:R2$$$",-6.34100000,ok,,flexible
"PEPTIDE1{meA.dL.dA.G.V.meL.Me_dL}$PEPTIDE1,PEPTIDE1,1:R1-7:R2$$$",-5.52300000,ok,,flexible
"PEPTIDE1{meA.T.F.V.Sar.meV.dL}$PEPTIDE1,PEPTIDE1,1:R1-7:R2$$$",-5.84300000,ok,,flexible
"PEPTIDE1{meL.A.dP.meA.Me_dL.L.P}$PEPTIDE1,PEPTIDE1,1:R1-7:R2$$$",-6.55500000,ok,,flexible
"PEPTIDE1{Me_dA.meF.meL.meY.meS.F.dP}$PEPTIDE1,PEPTIDE1,1:R1-7:R2$$$",-5.98800000,ok,,flexible
"PEPTIDE1{F.Me_Phe(3-Cl).P.L.Ser(tBu).Aib.dL}$PEPTIDE1,PEPTIDE1,1:R1-7:R2$$$",-6.52900000,ok,,flexible
"PEPTIDE1{Pr_Gly.L.Abu.Ala(5-Tet).meA.meL.Me_dL}$PEPTIDE1,PEPTIDE1,1:R1-7:R2$$$",-5.73700000,ok,,flexible
"PEPTIDE1{A.Me_dL.Me_dL.dL.meL.Me_dA.dP}$PEPTIDE1,PEPTIDE1,1:R1-7:R2$$$",-5.85400000,ok,,flexible
"PEPTIDE1{meA.Me_dA.T.L.A.L.Me_dL}$PEPTIDE1,PEPTIDE1,1:R1-7:R2$$$",-5.83100000,ok,,flexible
"PEPTIDE1{Mono6.Me_dL.meA.dL.Me_dA.P.A}$PEPTIDE1,PEPTIDE1,1:R1-7:R2$$$",-6.71300000,ok,,flexible
"PEPTIDE1{dA.Me_dL.meS.Abu.dP.meA.L}$PEPTIDE1,PEPTIDE1,1:R1-7:R2$$$",-6.30400000,ok,,flexible
"PEPTIDE1{F.Mono38.I.A.L.T.dL}$PEPTIDE1,PEPTIDE1,1:R1-7:R2$$$",-5.55500000,ok,,flexible
"PEPTIDE1{meA.Me_dAbu.meL.meS.Me_dL.F.T}$PEPTIDE1,PEPTIDE1,1:R1-7:R2$$$",-5.76300000,ok,,flexible
"PEPTIDE1{dA.P.meL.V.meA.F.Ser(tBu)}$PEPTIDE1,PEPTIDE1,1:R1-7:R2$$$",-6.65900000,ok,,flexible
"PEPTIDE1{dV.meA.meL.A.I.I.G}$PEPTIDE1,PEPTIDE1,1:R1-7:R2$$$",-5.84700000,ok,,flexible
"PEPTIDE1{Me_Bal.A.T.meV.L.dL.meL}$PEPTIDE1,PEPTIDE1,1:R1-7:R2$$$",-5.33100000,ok,,flexible
"PEPTIDE1{meA.A.Sar.meS.dL.L.Abu}$PEPTIDE1,PEPTIDE1,1:R1-7:R2$$$",-5.62900000,ok,,flexible
"PEPTIDE1{Me_Bal.dL.L.Abu.L.T.T}$PEPTIDE1,PEPTIDE1,1:R1-7:R2$$$",-5.58300000,ok,,flexible
"PEPTIDE1{meL.Abu.T.L.meF.A.meA}$PEPTIDE1,PEPTIDE1,1:R1-7:R2$$$",-5.83200000,ok,,flexible
"PEPTIDE1{meA.cHexCH2_Gly.P.I.V.Sar.L}$PEPTIDE1,PEPTIDE1,1:R1-7:R2$$$",-5.81100000,ok,,flexible
"PEPTIDE1{P.Pr_Gly.F.P.Me_dL.V.T}$PEPTIDE1,PEPTIDE1,1:R1-7:R2$$$",-5.90000000,ok,,flexible
"PEPTIDE1{P.A.Me_Phe(3-Cl).meL.G.dP.T}$PEPTIDE1,PEPTIDE1,1:R1-7:R2$$$",-7.60500000,ok,,flexible
"PEPTIDE1{dA.dP.L.T.P.Me_dL.meA}$PEPTIDE1,PEPTIDE1,1:R1-7:R2$$$",-6.14800000,ok,,flexible
"PEPTIDE1{Me_dA.Abu.L.meL.P.A.dA}$PEPTIDE1,PEPTIDE1,1:R1-7:R2$$$",-6.33200000,ok,,flexible
"PEPTIDE1{meA.Abu.meS.meF.P.T.meL}$PEPTIDE1,PEPTIDE1,1:R1-7:R2$$$",-5.58900000,ok,,flexible
"PEPTIDE1{meL.F.dL.L.A.P.T}$PEPTIDE1,PEPTIDE1,1:R1-7:R2$$$",-6.01800000,ok,,flexible
"PEPTIDE1{Pr_Gly.meL.Mono84.P.I.dP.I}$PEPTIDE1,PEPTIDE1,1:R1-7:R2$$$",-5.87000000,ok,,flexible
"PEPTIDE1{dA.meL.meA.meF.Me_dA.T.dL}$PEPTIDE1,PEPTIDE1,1:R1-7:R2$$$",-6.14600000,ok,,flexible
"PEPTIDE1{Sar.V.Me_dL.meV.F.A.meA}$PEPTIDE1,PEPTIDE1,1:R1-7:R2$$$",-6.10000000,ok,,flexible
"PEPTIDE1{A.meA.T.Abu.meL.Sar.meF}$PEPTIDE1,PEPTIDE1,1:R1-7:R2$$$",-5.96600000,ok,,flexible
"PEPTIDE1{meA.meV.T.meL.P.A.P}$PEPTIDE1,PEPTIDE1,1:R1-7:R2$$$",-6.48200000,ok,,flexible
"PEPTIDE1{A.dPye.meL.Ser(tBu).L.meL.meV}$PEPTIDE1,PEPTIDE1,1:R1-7:R2$$$",-5.61900000,ok,,flexible
"PEPTIDE1{meL.Ala(5-Tet).L.Me_dA.A.T.Sar}$PEPTIDE1,PEPTIDE1,1:R1-7:R2$$$",-5.45800000,ok,,flexible
"PEPTIDE1{A.T.Pr_Gly.meL.V.dL.Me_Phe(3-Cl)}$PEPTIDE1,PEPTIDE1,1:R1-7:R2$$$",-5.73300000,ok,,flexible
"PEPTIDE1{dV.meA.T.meF.meS.I.A}$PEPTIDE1,PEPTIDE1,1:R1-7:R2$$$",-5.55200000,ok,,flexible
"PEPTIDE1{dA.meL.A.meS.Aoc(2).dL.Ala(5-Tet)}$PEPTIDE1,PEPTIDE1,1:R1-7:R2$$$",-5.37800000,ok,,flexible
"PEPTIDE1{Pr_Gly.cHexCH2_Gly.A.dL.L.dP.Abu}$PEPTIDE1,PEPTIDE1,1:R1-7:R2$$$",-5.89300000,ok,,flexible
"PEPTIDE1{dA.L.meA.dP.P.V.dL}$PEPTIDE1,PEPTIDE1,1:R1-7:R2$$$",-6.41100000,ok,,flexible
"PEPTIDE1{dV.meF.Me_dA.L.meA.T.meA}$PEPTIDE1,PEPTIDE1,1:R1-7:R2$$$",-6.05100000,ok,,flexible
"PEPTIDE1{dF.Abu.meF.Aoc(2).meS.meS.L}$PEPTIDE1,PEPTIDE1,1:R1-7:R2$$$",-5.73200000,ok,,flexible
"PEPTIDE1{meA.A.Pr_Gly.Me_dA.meL.F.dL}$PEPTIDE1,PEPTIDE1,1:R1-7:R2$$$",-5.71100000,ok,,flexible
"PEPTIDE1{meA.dL.dP.L.A.meL.L}$PEPTIDE1,PEPTIDE1,1:R1-7:R2$$$",-5.78600000,ok,,flexible
"PEPTIDE1{Me_dA.meA.L.A.F.T.Me_dL}$PEPTIDE1,PEPTIDE1,1:R1-7:R2$$$",-6.10900000,ok,,flexible
"PEPTIDE1{dA.meA.T.L.meL.meS.meS}$PEPTIDE1,PEPTIDE1,1:R1-7:R2$$$",-6.18100000,ok,,flexible
"PEPTIDE1{Me_dA.A.dL.I.T.meL.Mono84}$PEPTIDE1,PEPTIDE1,1:R1-7:R2$$$",-6.04400000,ok,,flexible
"PEPTIDE1{dV.T.meL.V.Me_dL.L.meF}$PEPTIDE1,PEPTIDE1,1:R1-7:R2$$$",-5.60400000,ok,,flexible
"PEPTIDE1{dV.meA.T.Me_dA.meF.Me_Phe(3-Cl).V}$PEPTIDE1,PEPTIDE1,1:R1-7:R2$$$",-7.00900000,ok,,flexible
"PEPTIDE1{Me_dA.P.L.Me_dL.meL.A.L}$PEPTIDE1,PEPTIDE1,1:R1-7:R2$$$",-5.88400000,ok,,flexible
"PEPTIDE1{A.Me_Nle.meA.F.L.meL.I}$PEPTIDE1,PEPTIDE1,1:R1-7:R2$$$",-5.61700000,ok,,flexible
"PEPTIDE1{L.meF.meS.A.Asp_piperidide.Et_Gly.L}$PEPTIDE1,PEPTIDE1,1:R1-7:R2$$$",-5.76000000,ok,,flexible
"PEPTIDE1{dA.F.P.L.meS.Ala(5-Tet).dL}$PEPTIDE1,PEPTIDE1,1:R1-7:R2$$$",-6.64400000,ok,,flexible
"PEPTIDE1{dV.meS.meL.A.Me_dL.meL.dL}$PEPTIDE1,PEPTIDE1,1:R1-7:R2$$$",-5.55300000,ok,,flexible
"PEPTIDE1{A.meL.Me_dA.L.V.T.F}$PEPTIDE1,PEPTIDE1,1:R1-7:R2$$$",-6.71100000,ok,,flexible
"PEPTIDE1{A.F.I.meA.meL.T.G}$PEPTIDE1,PEPTIDE1,1:R1-7:R2$$$",-5.80400000,ok,,flexible
"PEPTIDE1{meA.L.meL.A.I.F.meV}$PEPTIDE1,PEPTIDE1,1:R1-7:R2$$$",-5.98600000,ok,,flexible
"PEPTIDE1{dV.T.meA.F.meI.L.A}$PEPTIDE1,PEPTIDE1,1:R1-7:R2$$$",-5.58500000,ok,,flexible
"PEPTIDE1{dF.meS.A.meL.meS.Me_dA.Abu}$PEPTIDE1,PEPTIDE1,1:R1-7:R2$$$",-6.41200000,ok,,flexible
"PEPTIDE1{Mono6.meA.meL.Ala(5-Tet).meL.L.meS}$PEPTIDE1,PEPTIDE1,1:R1-7:R2$$$",-5.76200000,ok,,flexible
"PEPTIDE1{Me_dA.I.meL.A.dL.meL.meA}$PEPTIDE1,PEPTIDE1,1:R1-7:R2$$$",-5.27900000,ok,,flexible
"PEPTIDE1{Me_Bal.T.dL.meL.V.Me_dA.Ser(tBu)}$PEPTIDE1,PEPTIDE1,1:R1-7:R2$$$",-5.74000000,ok,,flexible
"PEPTIDE1{Sar.Ser(tBu).dP.meL.P.meF.L}$PEPTIDE1,PEPTIDE1,1:R1-7:R2$$$",-6.46500000,ok,,flexible
"PEPTIDE1{Me_dA.V.Me_dL.meL.dV.meF.T}$PEPTIDE1,PEPTIDE1,1:R1-7:R2$$$",-6.26200000,ok,,flexible
"PEPTIDE1{meA.meF.meL.L.Ala(5-Tet).Sar.Abu}$PEPTIDE1,PEPTIDE1,1:R1-7:R2$$$",-6.06700000,ok,,flexible
"PEPTIDE1{dA.Aoc(2).L.Ser(tBu).I.A.meL}$PEPTIDE1,PEPTIDE1,1:R1-7:R2$$$",-5.81000000,ok,,flexible
"PEPTIDE1{dA.meL.V.A.G.I.Ser(tBu)}$PEPTIDE1,PEPTIDE1,1:R1-7:R2$$$",-5.49800000,ok,,flexible
"PEPTIDE1{meA.F.Abu.meF.Sar.Sar.Aoc(2)}$PEPTIDE1,PEPTIDE1,1:R1-7:R2$$$",-5.73300000,ok,,flexible
"PEPTIDE1{A.T.Me_dL.meF.meL.V.L}$PEPTIDE1,PEPTIDE1,1:R1-7:R2$$$",-5.69000000,ok,,flexible
"PEPTIDE1{A.P.T.dL.Me_dA.meA.L}$PEPTIDE1,PEPTIDE1,1:R1-7:R2$$$",-6.23800000,ok,,flexible
"PEPTIDE1{meL.L.meF.dP.Ala(5-Tet).meS.T}$PEPTIDE1,PEPTIDE1,1:R1-7:R2$$$",-5.57700000,ok,,flexible
"PEPTIDE1{F.pentyl_Gly.I.L.T.Ser(tBu).dL}$PEPTIDE1,PEPTIDE1,1:R1-7:R2$$$",-4.96400000,ok,,flexible
"PEPTIDE1{meA.pentyl_Gly.meL.L.L.P.Sar}$PEPTIDE1,PEPTIDE1,1:R1-7:R2$$$",-5.63200000,ok,,flexible
"PEPTIDE1{Mono6.Aoc(2).L.Abu.meL.A.T}$PEPTIDE1,PEPTIDE1,1:R1-7:R2$$$",-5.69300000,ok,,flexible
"PEPTIDE1{Me_dA.Me_Phe(3-Cl).Et_Gly.L.P.dP.T}$PEPTIDE1,PEPTIDE1,1:R1-7:R2$$$",-6.38700000,ok,,flexible
"PEPTIDE1{L.Ser(tBu).Sar.Me_dL.V.meA.T}$PEPTIDE1,PEPTIDE1,1:R1-7:R2$$$",-5.69700000,ok,,flexible
"PEPTIDE1{A.Bn_Gly.P.cHexCH2_Gly.dL.F.Me_dL}$PEPTIDE1,PEPTIDE1,1:R1-7:R2$$$",-5.70600000,ok,,flexible
"PEPTIDE1{Me_Bal.T.L.meF.A.meL.meL}$PEPTIDE1,PEPTIDE1,1:R1-7:R2$$$",-6.30500000,ok,,flexible
"PEPTIDE1{A.meF.meS.meA.dP.L.T}$PEPTIDE1,PEPTIDE1,1:R1-7:R2$$$",-6.29600000,ok,,flexible
"PEPTIDE1{dA.A.meA.T.meL.P.meF}$PEPTIDE1,PEPTIDE1,1:R1-7:R2$$$",-7.08500000,ok,,flexible
"PEPTIDE1{L.dP.meL.Me_dL.dL.meA.Ala(5-Tet)}$PEPTIDE1,PEPTIDE1,1:R1-7:R2$$$",-5.64900000,ok,,flexible
"PEPTIDE1{dA.meA.L.T.A.meL.dL}$PEPTIDE1,PEPTIDE1,1:R1-7:R2$$$",-5.74100000,ok,,flexible
"PEPTIDE1{meA.Pr_Gly.dL.V.L.meA.meF}$PEPTIDE1,PEPTIDE1,1:R1-7:R2$$$",-6.08400000,ok,,flexible
"PEPTIDE1{Mono6.Me_Nle.Et_Gly.L.T.I.Abu}$PEPTIDE1,PEPTIDE1,1:R1-7:R2$$$",-5.44800000,ok,,flexible
"PEPTIDE1{meA.meA.meL.meL.L.V.meS}$PEPTIDE1,PEPTIDE1,1:R1-7:R2$$$",-5.42600000,ok,,flexible
"PEPTIDE1{dA.meA.T.V.A.Me_dL.T}$PEPTIDE1,PEPTIDE1,1:R1-7:R2$$$",-5.42700000,ok,,flexible
"PEPTIDE1{meA.Mono38.L.V.meF.P.dL}$PEPTIDE1,PEPTIDE1,1:R1-7:R2$$$",-6.45100000,ok,,flexible
"PEPTIDE1{Me_Bal.Me_dA.A.meA.Ser(tBu).meL.meL}$PEPTIDE1,PEPTIDE1,1:R1-7:R2$$$",-5.61400000,ok,,flexible
"PEPTIDE1{dA.Pr_Gly.F.L.meL.A.Ser(tBu)}$PEPTIDE1,PEPTIDE1,1:R1-7:R2$$$",-5.68200000,ok,,flexible
"PEPTIDE1{meA.Pr_Gly.V.A.dL.Me_dL.Ser(tBu)}$PEPTIDE1,PEPTIDE1,1:R1-7:R2$$$",-5.35500000,ok,,flexible
"PEPTIDE1{Sar.L.meL.meA.Me_dL.I.F}$PEPTIDE1,PEPTIDE1,1:R1-7:R2$$$",-5.62000000,ok,,flexible
"PEPTIDE1{Pr_Gly.meL.V.A.Mono86.P.Ser(tBu)}$PEPTIDE1,PEPTIDE1,1:R1-7:R2$$$",-5.13100000,ok,,flexible
"PEPTIDE1{dV.meA.Me_dA.Me_dL.dP.T.Ala(5-Tet)}$PEPTIDE1,PEPTIDE1,1:R1-7:R2$$$",-6.34000000,ok,,flexible
"PEPTIDE1{dA.A.meL.Me_dL.meL.T.P}$PEPTIDE1,PEPTIDE1,1:R1-7:R2$$$",-5.85300000,ok,,flexible
"PEPTIDE1{dA.meL.Me_dL.A.dP.V.Me_dA}$PEPTIDE1,PEPTIDE1,1:R1-7:R2$$$",-6.48100000,ok,,flexible
"PEPTIDE1{Me_dA.A.Me_dL.dL.L.dA.F}$PEPTIDE1,PEPTIDE1,1:R1-7:R2$$$",-5.72900000,ok,,flexible
"PEPTIDE1{L.P.T.meL.V.meV.meF}$PEPTIDE1,PEPTIDE1,1:R1-7:R2$$$",-5.74000000,ok,,flexible
"PEPTIDE1{Me_dA.Me_Nle.A.L.meF.meS.Abu}$PEPTIDE1,PEPTIDE1,1:R1-7:R2$$$",-5.97600000,ok,,flexible
"PEPTIDE1{meA.L.meF.L.dL.T.P}$PEPTIDE1,PEPTIDE1,1:R1-7:R2$$$",-5.99300000,ok,,flexible
"PEPTIDE1{meA.A.F.L.dL.meL.T}$PEPTIDE1,PEPTIDE1,1:R1-7:R2$$$",-6.01000000,ok,,flexible
"PEPTIDE1{meA.F.L.dV.Me_dL.meL.A}$PEPTIDE1,PEPTIDE1,1:R1-7:R2$$$",-5.40600000,ok,,flexible
"PEPTIDE1{meA.Me_dL.meF.L.T.A.Sar}$PEPTIDE1,PEPTIDE1,1:R1-7:R2$$$",-6.72700000,ok,,flexible
"PEPTIDE1{Me_Bal.L.meA.Ser(tBu).Me_dL.dP.T}$PEPTIDE1,PEPTIDE1,1:R1-7:R2$$$",-5.41900000,ok,,flexible
"PEPTIDE1{Me_dA.meL.V.Pr_Gly.Me_dL.A.meA}$PEPTIDE1,PEPTIDE1,1:R1-7:R2$$$",-6.47700000,ok,,flexible
"PEPTIDE1{meA.Aoc(2).meS.Me_dL.A.meY.P}$PEPTIDE1,PEPTIDE1,1:R1-7:R2$$$",-6.30600000,ok,,flexible
"PEPTIDE1{dA.Me_dL.meF.Me_dA.dL.T.meL}$PEPTIDE1,PEPTIDE1,1:R1-7:R2$$$",-5.60400000,ok,,flexible
"PEPTIDE1{dF.Ala(5-Tet).Sar.dP.A.L.Me_dA}$PEPTIDE1,PEPTIDE1,1:R1-7:R2$$$",-6.44200000,ok,,flexible
"PEPTIDE1{A.Pr_Gly.meL.Ser(tBu).meF.F.Me_dL}$PEPTIDE1,PEPTIDE1,1:R1-7:R2$$$",-5.62000000,ok,,flexible
"PEPTIDE1{Me_Bal.meL.I.Mono84.Ser(tBu).L.pentyl_Gly}$PEPTIDE1,PEPTIDE1,1:R1-7:R2$$$",-5.17700000,ok,,flexible
"PEPTIDE1{Me_dA.F.Me_dL.L.V.I.meA}$PEPTIDE1,PEPTIDE1,1:R1-7:R2$$$",-5.40700000,ok,,flexible
"PEPTIDE1{meA.Mono38.cHexCH2_Gly.meL.A.I.Mono84}$PEPTIDE1,PEPTIDE1,1:R1-7:R2$$$",-6.05200000,ok,,flexible
"PEPTIDE1{Pr_Gly.meF.Ala(5-Tet).meS.A.Aoc(2).dL}$PEPTIDE1,PEPTIDE1,1:R1-7:R2$$$",-5.24900000,ok,,flexible
"PEPTIDE1{Mono6.dP.meA.Me_dL.meL.Me_dL.meL}$PEPTIDE1,PEPTIDE1,1:R1-7:R2$$$",-5.70200000,ok,,flexible
"PEPTIDE1{Me_Bal.F.T.T.Sar.A.F}$PEPTIDE1,PEPTIDE1,1:R1-7:R2$$$",-6.92000000,ok,,flexible
"PEPTIDE1{dA.P.meA.F.dP.T.L}$PEPTIDE1,PEPTIDE1,1:R1-7:R2$$$",-6.27700000,ok,,flexible
"PEPTIDE1{dP.meA.Me_Phe(3-Cl).Pr_Gly.Me_dA.Pr_Gly.Pr_Gly}$PEPTIDE1,PEPTIDE1,1:R1-7:R2$$$",-5.19100000,ok,,flexible
"PEPTIDE1{Pr_Gly.meA.L.T.meF.meS.meL}$PEPTIDE1,PEPTIDE1,1:R1-7:R2$$$",-5.77100000,ok,,flexible
"PEPTIDE1{Me_dA.pentyl_Gly.Mono38.A.I.meL.dL}$PEPTIDE1,PEPTIDE1,1:R1-7:R2$$$",-5.63200000,ok,,flexible
"PEPTIDE1{Me_Bal.A.Me_Nle.pentyl_Gly.L.T.Me_dA}$PEPTIDE1,PEPTIDE1,1:R1-7:R2$$$",-5.50500000,ok,,flexible
"PEPTIDE1{dV.P.meA.T.A.meL.Me_dL}$PEPTIDE1,PEPTIDE1,1:R1-7:R2$$$",-6.61900000,ok,,flexible
"PEPTIDE1{A.I.pentyl_Gly.meL.L.F.Ser(tBu)}$PEPTIDE1,PEPTIDE1,1:R1-7:R2$$$",-5.51100000,ok,,flexible
"PEPTIDE1{dA.F.meF.meV.T.A.V}$PEPTIDE1,PEPTIDE1,1:R1-7:R2$$$",-6.75600000,ok,,flexible
"PEPTIDE1{dV.meA.Pr_Gly.F.dL.I.meL}$PEPTIDE1,PEPTIDE1,1:R1-7:R2$$$",-5.66100000,ok,,flexible
"PEPTIDE1{A.T.Abu.Me_dL.L.T.P}$PEPTIDE1,PEPTIDE1,1:R1-7:R2$$$",-6.07000000,ok,,flexible
"PEPTIDE1{meA.L.meL.dP.Aoc(2).T.Sar}$PEPTIDE1,PEPTIDE1,1:R1-7:R2$$$",-5.58700000,ok,,flexible
"PEPTIDE1{Mono6.T.Sar.Ser(tBu).meL.meL.Aoc(2)}$PEPTIDE1,PEPTIDE1,1:R1-7:R2$$$",-4.83300000,ok,,flexible
"PEPTIDE1{F.P.dL.I.V.L.dL}$PEPTIDE1,PEPTIDE1,1:R1-7:R2$$$",-5.33700000,ok,,flexible
"PEPTIDE1{F.Abu.dA.dP.T.meF.L}$PEPTIDE1,PEPTIDE1,1:R1-7:R2$$$",-6.41800000,ok,,flexible
"PEPTIDE1{A.Ala(5-Tet).P.V.F.L.dL}$PEPTIDE1,PEPTIDE1,1:R1-7:R2$$$",-6.45800000,ok,,flexible
"PEPTIDE1{A.meF.V.Ser(tBu).dL.meL.T}$PEPTIDE1,PEPTIDE1,1:R1-7:R2$$$",-5.49200000,ok,,flexible
"PEPTIDE1{dA.T.L.A.meL.Me_dL.meA}$PEPTIDE1,PEPTIDE1,1:R1-7:R2$$$",-5.78300000,ok,,flexible
"PEPTIDE1{meA.V.F.I.G.P.T}$PEPTIDE1,PEPTIDE1,1:R1-7:R2$$$",-6.16400000,ok,,flexible
"PEPTIDE1{Pr_Gly.meA.meS.L.meL.A.T}$PEPTIDE1,PEPTIDE1,1:R1-7:R2$$$",-5.37300000,ok,,flexible
"PEPTIDE1{Me_Bal.dL.dP.Me_dL.meA.meF.Ser(tBu)}$PEPTIDE1,PEPTIDE1,1:R1-7:R2$$$",-5.34500000,ok,,flexible
"PEPTIDE1{meA.meL.meS.meF.T.Abu.A}$PEPTIDE1,PEPTIDE1,1:R1-7:R2$$$",-6.02300000,ok,,flexible
"PEPTIDE1{Sar.L.T.meF.V.meL.Me_dL}$PEPTIDE1,PEPTIDE1,1:R1-7:R2$$$",-6.06800000,ok,,flexible
"PEPTIDE1{dV.meS.meA.meL.meF.Abu.L}$PEPTIDE1,PEPTIDE1,1:R1-7:R2$$$",-5.92900000,ok,,flexible
"PEPTIDE1{Me_dA.P.dP.meS.dL.meL.T}$PEPTIDE1,PEPTIDE1,1:R1-7:R2$$$",-5.73900000,ok,,flexible
"PEPTIDE1{Mono6.A.Me_dA.Me_dA.L.Me_dL.Me_dL}$PEPTIDE1,PEPTIDE1,1:R1-7:R2$$$",-5.85500000,ok,,flexible
"PEPTIDE1{Pr_Gly.pentyl_Gly.L.Ser(tBu).T.I.dL}$PEPTIDE1,PEPTIDE1,1:R1-7:R2$$$",-5.08700000,ok,,flexible
"PEPTIDE1{A.meF.Me_dL.L.meL.T.V}$PEPTIDE1,PEPTIDE1,1:R1-7:R2$$$",-6.10100000,ok,,flexible
"PEPTIDE1{A.meF.meL.F.meL.meA.Me_dL}$PEPTIDE1,PEPTIDE1,1:R1-7:R2$$$",-5.71700000,ok,,flexible
"PEPTIDE1{F.L.meA.L.dL.P.T}$PEPTIDE1,PEPTIDE1,1:R1-7:R2$$$",-5.88400000,ok,,flexible
"PEPTIDE1{Me_dA.meF.meS.Abu.meL.A.T}$PEPTIDE1,PEPTIDE1,1:R1-7:R2$$$",-6.20300000,ok,,flexible
"PEPTIDE1{P.A.Ser(tBu).G.L.V.meL}$PEPTIDE1,PEPTIDE1,1:R1-7:R2$$$",-5.53700000,ok,,flexible
"PEPTIDE1{Me_Bal.Me_dL.V.meA.L.Ser(tBu).A}$PEPTIDE1,PEPTIDE1,1:R1-7:R2$$$",-5.46800000,ok,,flexible
"PEPTIDE1{Me_Bal.meA.meL.F.meL.Me_dL.meF}$PEPTIDE1,PEPTIDE1,1:R1-7:R2$$$",-5.68100000,ok,,flexible
"PEPTIDE1{dV.T.meA.P.Ser(tBu).L.L}$PEPTIDE1,PEPTIDE1,1:R1-7:R2$$$",-5.75700000,ok,,flexible
"PEPTIDE1{Mono6.L.Abu.Ala(5-Tet).Me_dL.meS.T}$PEPTIDE1,PEPTIDE1,1:R1-7:R2$$$",-5.47700000,ok,,flexible
"PEPTIDE1{meL.Me_dL.meS.F.T.dL.meA}$PEPTIDE1,PEPTIDE1,1:R1-7:R2$$$",-5.87600000,ok,,flexible
"PEPTIDE1{P.Me_dL.Ser(tBu).T.L.L.T}$PEPTIDE1,PEPTIDE1,1:R1-7:R2$$$",-5.38500000,ok,,flexible
"PEPTIDE1{dA.G.meA.V.Me_dL.A.meF}$PEPTIDE1,PEPTIDE1,1:R1-7:R2$$$",-6.99700000,ok,,flexible
"PEPTIDE1{F.I.Mono78.dL.A.L.meL}$PEPTIDE1,PEPTIDE1,1:R1-7:R2$$$",-5.29500000,ok,,flexible
"PEPTIDE1{dA.meF.meL.V.L.T.meA}$PEPTIDE1,PEPTIDE1,1:R1-7:R2$$$",-6.22700000,ok,,flexible
"PEPTIDE1{Pr_Gly.T.meL.meL.dL.Ala(5-Tet).meS}$PEPTIDE1,PEPTIDE1,1:R1-7:R2$$$",-5.17500000,ok,,flexible
"PEPTIDE1{meL.meF.A.T.I.Me_dL.meL}$PEPTIDE1,PEPTIDE1,1:R1-7:R2$$$",-5.27100000,ok,,flexible
"PEPTIDE1{Me_Bal.A.meL.F.T.Mono78.dL}$PEPTIDE1,PEPTIDE1,1:R1-7:R2$$$",-5.89200000,ok,,flexible
"PEPTIDE1{L.meL.Ala(5-Tet).meF.T.dL.I}$PEPTIDE1,PEPTIDE1,1:R1-7:R2$$$",-5.64400000,ok,,flexible
"PEPTIDE1{dA.L.Me_dL.V.A.meL.F}$PEPTIDE1,PEPTIDE1,1:R1-7:R2$$$",-6.30500000,ok,,flexible
"PEPTIDE1{dA.A.Me_dA.F.L.meA.meA}$PEPTIDE1,PEPTIDE1,1:R1-7:R2$$$",-6.87200000,ok,,flexible
"PEPTIDE1{dF.L.T.dP.dL.meL.T}$PEPTIDE1,PEPTIDE1,1:R1-7:R2$$$",-5.53300000,ok,,flexible
"PEPTIDE1{dA.meL.Abu.dP.T.A.meA}$PEPTIDE1,PEPTIDE1,1:R1-7:R2$$$",-6.17900000,ok,,flexible
"PEPTIDE1{Me_dA.Sar.Me_dL.F.L.T.meL}$PEPTIDE1,PEPTIDE1,1:R1-7:R2$$$",-6.03600000,ok,,flexible
"PEPTIDE1{Me_dA.Mono38.A.dL.I.L.L}$PEPTIDE1,PEPTIDE1,1:R1-7:R2$$$",-5.17100000,ok,,flexible
"PEPTIDE1{Me_dA.meL.3Pal.I.pentyl_Gly.L.T}$PEPTIDE1,PEPTIDE1,1:R1-7:R2$$$",-4.89800000,ok,,flexible
"PEPTIDE1{meA.F.P.Mono84.I.Mono78.V}$PEPTIDE1,PEPTIDE1,1:R1-7:R2$$$",-6.32200000,ok,,flexible
"PEPTIDE1{dF.Sar.meF.pentyl_Gly.I.L.meL}$PEPTIDE1,PEPTIDE1,1:R1-7:R2$$$",-5.19900000,ok,,flexible
"PEPTIDE1{Me_dA.P.meA.meL.dP.meS.Abu}$PEPTIDE1,PEPTIDE1,1:R1-7:R2$$$",-6.84800000,ok,,flexible
"PEPTIDE1{Mono6.Me_dL.meL.L.meF.Ser(tBu).I}$PEPTIDE1,PEPTIDE1,1:R1-7:R2$$$",-4.98300000,ok,,flexible
"PEPTIDE1{meA.A.meF.I.T.V.dL}$PEPTIDE1,PEPTIDE1,1:R1-7:R2$$$",-5.56600000,ok,,flexible
"PEPTIDE1{meL.L.meA.A.meL.meS.Me_dA}$PEPTIDE1,PEPTIDE1,1:R1-7:R2$$$",-5.36900000,ok,,flexible
"PEPTIDE1{Mono6.meA.meL.I.L.T.meF}$PEPTIDE1,PEPTIDE1,1:R1-7:R2$$$",-6.45500000,ok,,flexible
"PEPTIDE1{Me_dA.Mono38.L.meA.meF.Ser(tBu).T}$PEPTIDE1,PEPTIDE1,1:R1-7:R2$$$",-6.04200000,ok,,flexible
"PEPTIDE1{dV.L.meS.A.V.T.meA}$PEPTIDE1,PEPTIDE1,1:R1-7:R2$$$",-5.38600000,ok,,flexible
"PEPTIDE1{A.L.F.meA.P.V.Me_dL}$PEPTIDE1,PEPTIDE1,1:R1-7:R2$$$",-5.87600000,ok,,flexible
"PEPTIDE1{Me_dA.Pr_Gly.L.meA.meL.V.Ser(tBu)}$PEPTIDE1,PEPTIDE1,1:R1-7:R2$$$",-5.70100000,ok,,flexible
"PEPTIDE1{meA.G.I.T.dL.F.V}$PEPTIDE1,PEPTIDE1,1:R1-7:R2$$$",-5.67700000,ok,,flexible
"PEPTIDE1{Pr_Gly.A.meL.L.meL.Abu.Me_dA}$PEPTIDE1,PEPTIDE1,1:R1-7:R2$$$",-5.65700000,ok,,flexible
"PEPTIDE1{dA.Me_dA.F.dL.meA.Me_dL.meV}$PEPTIDE1,PEPTIDE1,1:R1-7:R2$$$",-6.26400000,ok,,flexible
"PEPTIDE1{meL.T.Me_dA.A.meS.Sar.meF}$PEPTIDE1,PEPTIDE1,1:R1-7:R2$$$",-6.45800000,ok,,flexible
"PEPTIDE1{meA.Ser(tBu).P.T.Me_dL.A.meL}$PEPTIDE1,PEPTIDE1,1:R1-7:R2$$$",-5.36200000,ok,,flexible
"PEPTIDE1{meA.meS.meL.T.L.A.meF}$PEPTIDE1,PEPTIDE1,1:R1-7:R2$$$",-6.31600000,ok,,flexible
"PEPTIDE1{dA.Pr_Gly.A.A.Ser(tBu).L.dV}$PEPTIDE1,PEPTIDE1,1:R1-7:R2$$$",-5.62000000,ok,,flexible
"PEPTIDE1{meA.meL.meL.V.F.meI.dL}$PEPTIDE1,PEPTIDE1,1:R1-7:R2$$$",-5.94000000,ok,,flexible
"PEPTIDE1{Sar.P.dL.T.L.meL.meF}$PEPTIDE1,PEPTIDE1,1:R1-7:R2$$$",-5.40100000,ok,,flexible
"PEPTIDE1{dF.meS.L.Ala(5-Tet).T.L.Aoc(2)}$PEPTIDE1,PEPTIDE1,1:R1-7:R2$$$",-5.30700000,ok,,flexible
"PEPTIDE1{dV.A.meS.Me_dL.Me_dA.meL.meF}$PEPTIDE1,PEPTIDE1,1:R1-7:R2$$$",-6.32600000,ok,,flexible
"PEPTIDE1{meA.F.A.L.T.meL.meL}$PEPTIDE1,PEPTIDE1,1:R1-7:R2$$$",-5.80600000,ok,,flexible
"PEPTIDE1{Me_dA.A.I.meF.3Pal.T.L}$PEPTIDE1,PEPTIDE1,1:R1-7:R2$$$",-6.51700000,ok,,flexible
"PEPTIDE1{meA.A.meL.L.Ser(tBu).T.meI}$PEPTIDE1,PEPTIDE1,1:R1-7:R2$$$",-4.98600000,ok,,flexible
"PEPTIDE1{F.T.meL.meS.meA.Sar.L}$PEPTIDE1,PEPTIDE1,1:R1-7:R2$$$",-6.15000000,ok,,flexible
"PEPTIDE1{Me_dA.V.F.meA.L.P.T}$PEPTIDE1,PEPTIDE1,1:R1-7:R2$$$",-5.89800000,ok,,flexible
"PEPTIDE1{A.A.Me_dA.meL.dA.Sar.meA}$PEPTIDE1,PEPTIDE1,1:R1-7:R2$$$",-6.13100000,ok,,flexible
"PEPTIDE1{meL.Abu.meF.Sar.Me_dL.meL.V}$PEPTIDE1,PEPTIDE1,1:R1-7:R2$$$",-6.01100000,ok,,flexible
"PEPTIDE1{meA.V.T.meL.T.Me_dL.A}$PEPTIDE1,PEPTIDE1,1:R1-7:R2$$$",-5.56400000,ok,,flexible
"PEPTIDE1{A.meA.meS.Me_dL.dL.Me_dA.Me_dL}$PEPTIDE1,PEPTIDE1,1:R1-7:R2$$$",-5.50600000,ok,,flexible
"PEPTIDE1{P.Me_dA.F.meA.meL.Ser(tBu).L}$PEPTIDE1,PEPTIDE1,1:R1-7:R2$$$",-5.55400000,ok,,flexible
"PEPTIDE1{dV.L.A.meS.meA.meL.Abu}$PEPTIDE1,PEPTIDE1,1:R1-7:R2$$$",-5.85000000,ok,,flexible
"PEPTIDE1{F.A.I.meA.meL.Me_Phe(3-Cl).P}$PEPTIDE1,PEPTIDE1,1:R1-7:R2$$$",-5.92800000,ok,,flexible
"PEPTIDE1{Pr_Gly.L.meS.meL.Ala(5-Tet).Abu.T}$PEPTIDE1,PEPTIDE1,1:R1-7:R2$$$",-5.77500000,ok,,flexible
"PEPTIDE1{meA.P.meL.V.G.meF.Me_dL}$PEPTIDE1,PEPTIDE1,1:R1-7:R2$$$",-6.36600000,ok,,flexible
"PEPTIDE1{Me_Bal.Me_Nle.dL.cHexCH2_Gly.A.L.Me_Phe(3-Cl)}$PEPTIDE1,PEPTIDE1,1:R1-7:R2$$$",-5.69300000,ok,,flexible
"PEPTIDE1{A.Abu.meA.T.dL.meL.Sar}$PEPTIDE1,PEPTIDE1,1:R1-7:R2$$$",-5.69800000,ok,,flexible
"PEPTIDE1{dA.meL.T.Me_dA.meA.Pr_Gly.Me_dL}$PEPTIDE1,PEPTIDE1,1:R1-7:R2$$$",-5.64800000,ok,,flexible
"PEPTIDE1{Me_dA.A.T.meA.meL.L.Me_dL}$PEPTIDE1,PEPTIDE1,1:R1-7:R2$$$",-6.31100000,ok,,flexible
"PEPTIDE1{dA.T.P.meL.A.F.meA}$PEPTIDE1,PEPTIDE1,1:R1-7:R2$$$",-6.45100000,ok,,flexible
"PEPTIDE1{Me_Bal.L.A.meF.Ser(tBu).meA.V}$PEPTIDE1,PEPTIDE1,1:R1-7:R2$$$",-6.15800000,ok,,flexible
"PEPTIDE1{L.meL.T.T.A.V.P}$PEPTIDE1,PEPTIDE1,1:R1-7:R2$$$",-5.92400000,ok,,flexible
"PEPTIDE1{Me_Bal.meA.P.meF.I.dL.dA}$PEPTIDE1,PEPTIDE1,1:R1-7:R2$$$",-6.38100000,ok,,flexible
"PEPTIDE1{Me_Bal.A.Me_dL.T.meL.meA.meL}$PEPTIDE1,PEPTIDE1,1:R1-7:R2$$$",-5.88900000,ok,,flexible
"PEPTIDE1{Me_Bal.meL.P.T.meL.dL.Me_dA}$PEPTIDE1,PEPTIDE1,1:R1-7:R2$$$",-6.15000000,ok,,flexible
"PEPTIDE1{meA.meF.Me_dL.dL.L.meL.F}$PEPTIDE1,PEPTIDE1,1:R1-7:R2$$$",-5.05300000,ok,,flexible
"PEPTIDE1{dF.cHexCH2_Gly.Ser(tBu).meF.meL.meS.I}$PEPTIDE1,PEPTIDE1,1:R1-7:R2$$$",-5.18900000,ok,,flexible
"PEPTIDE1{A.V.Me_dL.Sar.meL.L.dL}$PEPTIDE1,PEPTIDE1,1:R1-7:R2$$$",-5.31700000,ok,,flexible
"PEPTIDE1{meL.L.meS.dL.F.Ser(tBu).meA}$PEPTIDE1,PEPTIDE1,1:R1-7:R2$$$",-5.11700000,ok,,flexible
"PEPTIDE1{dA.meL.I.Ala(5-Tet).dL.Abu.A}$PEPTIDE1,PEPTIDE1,1:R1-7:R2$$$",-5.96600000,ok,,flexible
"PEPTIDE1{Me_Bal.T.P.F.I.Aoc(2).P}$PEPTIDE1,PEPTIDE1,1:R1-7:R2$$$",-6.11300000,ok,,flexible
"PEPTIDE1{Me_dA.dPye.meA.dL.L.A.Ser(tBu)}$PEPTIDE1,PEPTIDE1,1:R1-7:R2$$$",-5.59200000,ok,,flexible
"PEPTIDE1{Me_dA.P.I.L.meF.A.G}$PEPTIDE1,PEPTIDE1,1:R1-7:R2$$$",-6.25000000,ok,,flexible
"PEPTIDE1{Mono6.meA.Ala(5-Tet).Sar.Aoc(2).meS.Abu}$PEPTIDE1,PEPTIDE1,1:R1-7:R2$$$",-5.53500000,ok,,flexible
"PEPTIDE1{Me_dA.Me_Phe(3-Cl).Me_dL.dL.meA.V.meL}$PEPTIDE1,PEPTIDE1,1:R1-7:R2$$$",-6.30400000,ok,,flexible
"PEPTIDE1{Me_dA.dP.L.T.meA.meV.A}$PEPTIDE1,PEPTIDE1,1:R1-7:R2$$$",-6.06000000,ok,,flexible
"PEPTIDE1{A.T.meL.A.meA.meL.Sar}$PEPTIDE1,PEPTIDE1,1:R1-7:R2$$$",-6.29000000,ok,,flexible
"PEPTIDE1{A.meV.L.meF.meA.dL.Me_dL}$PEPTIDE1,PEPTIDE1,1:R1-7:R2$$$",-6.50300000,ok,,flexible
"PEPTIDE1{Me_dA.L.T.meS.meL.meF.meA}$PEPTIDE1,PEPTIDE1,1:R1-7:R2$$$",-5.52300000,ok,,flexible
"PEPTIDE1{dA.Ser(tBu).L.pentyl_Gly.I.V.P}$PEPTIDE1,PEPTIDE1,1:R1-7:R2$$$",-5.18900000,ok,,flexible
"PEPTIDE1{A.Abu.L.Me_dL.meL.T.dA}$PEPTIDE1,PEPTIDE1,1:R1-7:R2$$$",-6.08200000,ok,,flexible
"PEPTIDE1{F.T.3Pal.cHexCH2_Gly.Ser(tBu).Aoc(2).I}$PEPTIDE1,PEPTIDE1,1:R1-7:R2$$$",-4.80400000,ok,,flexible
"PEPTIDE1{dV.A.F.pentyl_Gly.Me_Nle.Mono38.I}$PEPTIDE1,PEPTIDE1,1:R1-7:R2$$$",-5.11200000,ok,,flexible
"PEPTIDE1{F.A.L.P.I.P.G}$PEPTIDE1,PEPTIDE1,1:R1-7:R2$$$",-6.53800000,ok,,flexible
"PEPTIDE1{Me_Bal.F.meI.V.P.meL.meF}$PEPTIDE1,PEPTIDE1,1:R1-7:R2$$$",-5.71700000,ok,,flexible
"PEPTIDE1{L.A.Abu.meA.meS.Me_dA.meS}$PEPTIDE1,PEPTIDE1,1:R1-7:R2$$$",-6.12400000,ok,,flexible
"PEPTIDE1{dV.A.I.Ser(tBu).T.dP.meF}$PEPTIDE1,PEPTIDE1,1:R1-7:R2$$$",-6.08100000,ok,,flexible
"PEPTIDE1{A.Sar.T.dL.meA.L.meL}$PEPTIDE1,PEPTIDE1,1:R1-7:R2$$$",-5.67200000,ok,,flexible
"PEPTIDE1{Me_Bal.Sar.meA.L.F.G.Me_dL}$PEPTIDE1,PEPTIDE1,1:R1-7:R2$$$",-6.72000000,ok,,flexible
"PEPTIDE1{A.P.meL.meL.meF.meS.Abu}$PEPTIDE1,PEPTIDE1,1:R1-7:R2$$$",-6.29600000,ok,,flexible
"PEPTIDE1{A.L.meF.T.I.L.T}$PEPTIDE1,PEPTIDE1,1:R1-7:R2$$$",-5.90800000,ok,,flexible
"PEPTIDE1{A.P.T.meL.dP.L.meL}$PEPTIDE1,PEPTIDE1,1:R1-7:R2$$$",-6.55400000,ok,,flexible
"PEPTIDE1{A.Ser(tBu).P.Me_dL.dL.meA.L}$PEPTIDE1,PEPTIDE1,1:R1-7:R2$$$",-6.13200000,ok,,flexible
"PEPTIDE1{dF.cHexCH2_Gly.L.meL.T.Mono84.dL}$PEPTIDE1,PEPTIDE1,1:R1-7:R2$$$",-5.52300000,ok,,flexible
"PEPTIDE1{Mono6.T.meS.Me_dL.L.meL.T}$PEPTIDE1,PEPTIDE1,1:R1-7:R2$$$",-5.46400000,ok,,flexible
"PEPTIDE1{meA.L.meL.meL.Me_dL.dL.Me_dA}$PEPTIDE1,PEPTIDE1,1:R1-7:R2$$$",-6.06700000,ok,,flexible
"PEPTIDE1{Me_dA.L.T.Ala(5-Tet).meS.meA.meF}$PEPTIDE1,PEPTIDE1,1:R1-7:R2$$$",-6.29300000,ok,,flexible
"PEPTIDE1{dP.A.Me_dL.meL.Ser(tBu).P.F}$PEPTIDE1,PEPTIDE1,1:R1-7:R2$$$",-5.60700000,ok,,flexible
"PEPTIDE1{A.Pr_Gly.Me_dA.meL.Me_dL.Ser(tBu).dL}$PEPTIDE1,PEPTIDE1,1:R1-7:R2$$$",-6.01900000,ok,,flexible
"PEPTIDE1{Me_dA.meS.meL.Sar.P.Me_dL.V}$PEPTIDE1,PEPTIDE1,1:R1-7:R2$$$",-5.88100000,ok,,flexible
"PEPTIDE1{dP.dA.dL.A.Me_dL.meL.L}$PEPTIDE1,PEPTIDE1,1:R1-7:R2$$$",-5.84200000,ok,,flexible
"PEPTIDE1{dA.Me_dA.meA.V.Ser(tBu).F.dF}$PEPTIDE1,PEPTIDE1,1:R1-7:R2$$$",-6.80400000,ok,,flexible
"PEPTIDE1{meL.A.meS.Abu.meS.Aoc(2).L}$PEPTIDE1,PEPTIDE1,1:R1-7:R2$$$",-5.27600000,ok,,flexible
"PEPTIDE1{meA.A.meL.Abu.meS.Me_dL.dL}$PEPTIDE1,PEPTIDE1,1:R1-7:R2$$$",-5.41300000,ok,,flexible
"PEPTIDE1{dA.meA.T.P.P.Me_dL.Me_dA}$PEPTIDE1,PEPTIDE1,1:R1-7:R2$$$",-6.82300000,ok,,flexible
"PEPTIDE1{dV.L.meF.meA.Me_dA.meL.A}$PEPTIDE1,PEPTIDE1,1:R1-7:R2$$$",-5.60800000,ok,,flexible
"PEPTIDE1{L.P.T.meL.A.Sar.meF}$PEPTIDE1,PEPTIDE1,1:R1-7:R2$$$",-5.95600000,ok,,flexible
"PEPTIDE1{dV.T.meS.A.meA.L.V}$PEPTIDE1,PEPTIDE1,1:R1-7:R2$$$",-5.70900000,ok,,flexible
"PEPTIDE1{F.cHexCH2_Gly.dP.Mono84.dL.I.P}$PEPTIDE1,PEPTIDE1,1:R1-7:R2$$$",-6.90000000,ok,,flexible
"PEPTIDE1{Me_dA.meL.L.meA.T.dP.meV}$PEPTIDE1,PEPTIDE1,1:R1-7:R2$$$",-5.76100000,ok,,flexible
"PEPTIDE1{Me_Bal.F.meF.A.V.Me_Phe(3-Cl).L}$PEPTIDE1,PEPTIDE1,1:R1-7:R2$$$",-5.98200000,ok,,flexible
"PEPTIDE1{meA.Me_dA.meV.L.V.meF.F}$PEPTIDE1,PEPTIDE1,1:R1-7:R2$$$",-6.42400000,ok,,flexible
"PEPTIDE1{meA.A.T.Me_dA.meL.meS.P}$PEPTIDE1,PEPTIDE1,1:R1-7:R2$$$",-6.83300000,ok,,flexible
"PEPTIDE1{dA.G.A.Me_dL.meL.meF.meA}$PEPTIDE1,PEPTIDE1,1:R1-7:R2$$$",-6.39100000,ok,,flexible
"PEPTIDE1{dV.L.meL.Ala(5-Tet).Abu.dP.meA}$PEPTIDE1,PEPTIDE1,1:R1-7:R2$$$",-5.51100000,ok,,flexible
"PEPTIDE1{dA.dP.L.T.V.Me_dA.Me_dL}$PEPTIDE1,PEPTIDE1,1:R1-7:R2$$$",-6.63200000,ok,,flexible
"PEPTIDE1{meL.meS.Me_dL.L.dL.meA.V}$PEPTIDE1,PEPTIDE1,1:R1-7:R2$$$",-5.40600000,ok,,flexible
"PEPTIDE1{meA.Mono38.pentyl_Gly.L.Mono84.G.V}$PEPTIDE1,PEPTIDE1,1:R1-7:R2$$$",-5.72400000,ok,,flexible
"PEPTIDE1{meA.T.Me_dL.meL.P.dP.T}$PEPTIDE1,PEPTIDE1,1:R1-7:R2$$$",-5.89300000,ok,,flexible
"PEPTIDE1{meA.P.P.V.L.T.T}$PEPTIDE1,PEPTIDE1,1:R1-7:R2$$$",-6.23500000,ok,,flexible
"PEPTIDE1{Me_dA.L.meL.T.Ser(tBu).meS.Met(O2)}$PEPTIDE1,PEPTIDE1,1:R1-7:R2$$$",-5.71800000,ok,,flexible
"PEPTIDE1{Me_dA.meL.Ser(tBu).I.A.F.meA}$PEPTIDE1,PEPTIDE1,1:R1-7:R2$$$",-6.45300000,ok,,flexible
"PEPTIDE1{Me_dA.Me_Nle.pentyl_Gly.dL.G.L.Mono86}$PEPTIDE1,PEPTIDE1,1:R1-7:R2$$$",-5.51800000,ok,,flexible
"PEPTIDE1{Sar.T.meL.P.dL.meL.V}$PEPTIDE1,PEPTIDE1,1:R1-7:R2$$$",-5.69900000,ok,,flexible
"PEPTIDE1{meA.Abu.Me_dL.meL.meY.A.meA}$PEPTIDE1,PEPTIDE1,1:R1-7:R2$$$",-6.12300000,ok,,flexible
"PEPTIDE1{Me_Bal.T.meA.meL.V.Me_dL.Me_dL}$PEPTIDE1,PEPTIDE1,1:R1-7:R2$$$",-5.90000000,ok,,flexible
"PEPTIDE1{Me_Bal.meL.A.Me_Phe(3-Cl).dL.Me_dL.L}$PEPTIDE1,PEPTIDE1,1:R1-7:R2$$$",-5.51100000,ok,,flexible
"PEPTIDE1{L.Ala(5-Tet).meL.meS.A.Abu.Sar}$PEPTIDE1,PEPTIDE1,1:R1-7:R2$$$",-6.06400000,ok,,flexible
"PEPTIDE1{dV.Abu.meA.V.meL.Sar.T}$PEPTIDE1,PEPTIDE1,1:R1-7:R2$$$",-5.91500000,ok,,flexible
"PEPTIDE1{meL.meA.Me_dL.Me_dA.L.A.T}$PEPTIDE1,PEPTIDE1,1:R1-7:R2$$$",-5.62600000,ok,,flexible
"PEPTIDE1{meA.A.P.L.Me_Nle.meL.I}$PEPTIDE1,PEPTIDE1,1:R1-7:R2$$$",-5.36700000,ok,,flexible
"PEPTIDE1{Pr_Gly.L.meA.dP.Abu.T.meS}$PEPTIDE1,PEPTIDE1,1:R1-7:R2$$$",-5.43400000,ok,,flexible
"PEPTIDE1{F.Me_dL.Pr_Gly.I.pentyl_Gly.dL.G}$PEPTIDE1,PEPTIDE1,1:R1-7:R2$$$",-4.74700000,ok,,flexible
"PEPTIDE1{A.T.meA.meL.V.meV.L}$PEPTIDE1,PEPTIDE1,1:R1-7:R2$$$",-6.29800000,ok,,flexible
"PEPTIDE1{meA.meV.A.T.meI.Ser(tBu).meF}$PEPTIDE1,PEPTIDE1,1:R1-7:R2$$$",-5.77200000,ok,,flexible
"PEPTIDE1{meA.Mono38.A.cHexCH2_Gly.dL.pentyl_Gly.Ser(tBu)}$PEPTIDE1,PEPTIDE1,1:R1-7:R2$$$",-5.07300000,ok,,flexible
"PEPTIDE1{meA.meF.T.P.Me_dL.meL.meA}$PEPTIDE1,PEPTIDE1,1:R1-7:R2$$$",-5.63100000,ok,,flexible
"PEPTIDE1{dA.L.T.meA.Abu.meF.F}$PEPTIDE1,PEPTIDE1,1:R1-7:R2$$$",-6.35700000,ok,,flexible
"PEPTIDE1{meA.meF.L.Ser(tBu).F.A.T}$PEPTIDE1,PEPTIDE1,1:R1-7:R2$$$",-6.08100000,ok,,flexible
"PEPTIDE1{meA.Me_Nle.A.T.I.V.Me_dA}$PEPTIDE1,PEPTIDE1,1:R1-7:R2$$$",-5.84000000,ok,,flexible
"PEPTIDE1{meA.Me_dL.V.T.F.A.dL}$PEPTIDE1,PEPTIDE1,1:R1-7:R2$$$",-6.45200000,ok,,flexible
"PEPTIDE1{Me_Bal.T.dL.Ser(tBu).P.meL.dP}$PEPTIDE1,PEPTIDE1,1:R1-7:R2$$$",-5.77900000,ok,,flexible
"PEPTIDE1{Pr_Gly.meA.L.A.meL.Me_dL.T}$PEPTIDE1,PEPTIDE1,1:R1-7:R2$$$",-5.85600000,ok,,flexible
"PEPTIDE1{Me_dA.L.dL.Me_dL.Ser(tBu).A.L}$PEPTIDE1,PEPTIDE1,1:R1-7:R2$$$",-5.10900000,ok,,flexible
"PEPTIDE1{Me_Bal.dL.T.Ser(tBu).Me_dL.Me_dA.meS}$PEPTIDE1,PEPTIDE1,1:R1-7:R2$$$",-5.62100000,ok,,flexible
"PEPTIDE1{A.meL.V.I.Me_dL.L.meF}$PEPTIDE1,PEPTIDE1,1:R1-7:R2$$$",-5.74600000,ok,,flexible
"PEPTIDE1{dV.T.T.meA.P.meL.Me_dL}$PEPTIDE1,PEPTIDE1,1:R1-7:R2$$$",-5.85500000,ok,,flexible
"PEPTIDE1{Me_dA.F.Ser(tBu).A.V.Ser(tBu).meL}$PEPTIDE1,PEPTIDE1,1:R1-7:R2$$$",-5.28100000,ok,,flexible
"PEPTIDE1{Me_dA.T.L.Me_dL.L.meL.Abu}$PEPTIDE1,PEPTIDE1,1:R1-7:R2$$$",-5.36700000,ok,,flexible
"PEPTIDE1{Mono6.Ala(5-Tet).meS.meA.Abu.meL.T}$PEPTIDE1,PEPTIDE1,1:R1-7:R2$$$",-5.73600000,ok,,flexible
"PEPTIDE1{dV.cHexCH2_Gly.T.L.P.A.F}$PEPTIDE1,PEPTIDE1,1:R1-7:R2$$$",-5.66300000,ok,,flexible
"PEPTIDE1{Me_dA.meL.meA.Me_dL.F.dP.Ser(tBu)}$PEPTIDE1,PEPTIDE1,1:R1-7:R2$$$",-5.88000000,ok,,flexible
"PEPTIDE1{Mono6.Ser(tBu).meS.A.meL.F.T}$PEPTIDE1,PEPTIDE1,1:R1-7:R2$$$",-5.98000000,ok,,flexible
"PEPTIDE1{A.cHexCH2_Gly.Sar.V.F.Ser(tBu).I}$PEPTIDE1,PEPTIDE1,1:R1-7:R2$$$",-5.90900000,ok,,flexible
"PEPTIDE1{meL.meF.Ala(5-Tet).Aoc(2).V.L.P}$PEPTIDE1,PEPTIDE1,1:R1-7:R2$$$",-5.53400000,ok,,flexible
"PEPTIDE1{Mono6.Me_dA.V.Me_dL.meV.meF.T}$PEPTIDE1,PEPTIDE1,1:R1-7:R2$$$",-6.18100000,ok,,flexible
"PEPTIDE1{Me_dA.P.T.dP.dL.meL.L}$PEPTIDE1,PEPTIDE1,1:R1-7:R2$$$",-6.41300000,ok,,flexible
"PEPTIDE1{F.I.pentyl_Gly.A.L.dP.3Pal}$PEPTIDE1,PEPTIDE1,1:R1-7:R2$$$",-5.48800000,ok,,flexible
"PEPTIDE1{dA.meF.T.dL.T.Me_dL.Mono7}$PEPTIDE1,PEPTIDE1,1:R1-7:R2$$$",-6.06400000,ok,,flexible
"PEPTIDE1{dV.Sar.meA.meL.L.Me_dL.I}$PEPTIDE1,PEPTIDE1,1:R1-7:R2$$$",-6.32300000,ok,,flexible
"PEPTIDE1{A.Abu.meA.meS.F.L.dV}$PEPTIDE1,PEPTIDE1,1:R1-7:R2$$$",-6.07400000,ok,,flexible
"PEPTIDE1{Me_dA.L.meF.F.meL.meA.Ser(tBu)}$PEPTIDE1,PEPTIDE1,1:R1-7:R2$$$",-5.21900000,ok,,flexible
"PEPTIDE1{Me_Bal.P.meA.L.meL.Me_dL.meA}$PEPTIDE1,PEPTIDE1,1:R1-7:R2$$$",-6.16900000,ok,,flexible
"PEPTIDE1{dA.T.P.meA.Me_dL.meF.I}$PEPTIDE1,PEPTIDE1,1:R1-7:R2$$$",-5.75300000,ok,,flexible
"PEPTIDE1{Mono6.meA.meL.Me_dA.A.Me_dL.meL}$PEPTIDE1,PEPTIDE1,1:R1-7:R2$$$",-5.72800000,ok,,flexible
"PEPTIDE1{dA.dP.meA.T.I.L.meS}$PEPTIDE1,PEPTIDE1,1:R1-7:R2$$$",-6.09100000,ok,,flexible
"PEPTIDE1{F.T.T.dL.Me_dL.Ser(tBu).I}$PEPTIDE1,PEPTIDE1,1:R1-7:R2$$$",-5.44900000,ok,,flexible
"PEPTIDE1{F.L.Abu.meL.Ala(5-Tet).A.Me_dL}$PEPTIDE1,PEPTIDE1,1:R1-7:R2$$$",-5.16300000,ok,,flexible
"PEPTIDE1{meL.P.meS.Ala(5-Tet).T.meL.A}$PEPTIDE1,PEPTIDE1,1:R1-7:R2$$$",-5.43800000,ok,,flexible
"PEPTIDE1{Me_dA.meA.T.G.meL.meL.dL}$PEPTIDE1,PEPTIDE1,1:R1-7:R2$$$",-6.05000000,ok,,flexible
"PEPTIDE1{A.meV.meA.Pr_Gly.F.L.V}$PEPTIDE1,PEPTIDE1,1:R1-7:R2$$$",-5.55400000,ok,,flexible
"PEPTIDE1{Me_Bal.meL.Me_dL.I.Ser(tBu).meA.L}$PEPTIDE1,PEPTIDE1,1:R1-7:R2$$$",-5.22500000,ok,,flexible
"PEPTIDE1{Me_dA.pentyl_Gly.T.meL.meF.meI.I}$PEPTIDE1,PEPTIDE1,1:R1-7:R2$$$",-4.51100000,ok,,flexible
"PEPTIDE1{F.A.Mono38.Ser(tBu).Me_dL.dL.T}$PEPTIDE1,PEPTIDE1,1:R1-7:R2$$$",-5.76700000,ok,,flexible
"PEPTIDE1{Me_Bal.L.I.dL.T.meL.meL}$PEPTIDE1,PEPTIDE1,1:R1-7:R2$$$",-5.17400000,ok,,flexible
"PEPTIDE1{Pr_Gly.A.meS.Me_dL.Me_dA.meF.P}$PEPTIDE1,PEPTIDE1,1:R1-7:R2$$$",-6.40400000,ok,,flexible
"PEPTIDE1{Me_Bal.meL.V.meV.T.meA.L}$PEPTIDE1,PEPTIDE1,1:R1-7:R2$$$",-5.66700000,ok,,flexible
"PEPTIDE1{L.D.T.meL.I.Sar.Ala(5-Tet)}$PEPTIDE1,PEPTIDE1,1:R1-7:R2$$$",-5.53400000,ok,,flexible
"PEPTIDE1{dA.meL.meA.Me_dA.meL.dP.L}$PEPTIDE1,PEPTIDE1,1:R1-7:R2$$$",-5.96100000,ok,,flexible
"PEPTIDE1{Me_dA.dP.meA.meL.dL.F.Me_dL}$PEPTIDE1,PEPTIDE1,1:R1-7:R2$$$",-6.01300000,ok,,flexible
"PEPTIDE1{dV.meS.meA.L.T.meL.F}$PEPTIDE1,PEPTIDE1,1:R1-7:R2$$$",-5.95300000,ok,,flexible
"PEPTIDE1{dV.meL.A.meA.meS.V.Ser(tBu)}$PEPTIDE1,PEPTIDE1,1:R1-7:R2$$$",-5.52900000,ok,,flexible
"PEPTIDE1{dP.dPye.F.dL.T.L.A}$PEPTIDE1,PEPTIDE1,1:R1-7:R2$$$",-5.42800000,ok,,flexible
"PEPTIDE1{meA.Me_dA.A.G.V.T.meL}$PEPTIDE1,PEPTIDE1,1:R1-7:R2$$$",-6.24200000,ok,,flexible
"PEPTIDE1{Me_dA.meA.meL.L.Me_Phe(3-Cl).T.I}$PEPTIDE1,PEPTIDE1,1:R1-7:R2$$$",-6.05500000,ok,,flexible
"PEPTIDE1{L.T.Abu.meA.A.Me_dA.dA}$PEPTIDE1,PEPTIDE1,1:R1-7:R2$$$",-6.44000000,ok,,flexible
"PEPTIDE1{dA.V.Ser(tBu).meL.T.Me_dL.I}$PEPTIDE1,PEPTIDE1,1:R1-7:R2$$$",-5.09200000,ok,,flexible
"PEPTIDE1{F.cHexCH2_Gly.meL.Ser(tBu).L.I.P}$PEPTIDE1,PEPTIDE1,1:R1-7:R2$$$",-5.85700000,ok,,flexible
"PEPTIDE1{dF.I.L.P.dL.Me_dL.L}$PEPTIDE1,PEPTIDE1,1:R1-7:R2$$$",-6.32500000,ok,,flexible
"PEPTIDE1{L.meL.A.F.P.meA.Sar}$PEPTIDE1,PEPTIDE1,1:R1-7:R2$$$",-6.71200000,ok,,flexible
"PEPTIDE1{dV.Pr_Gly.Pr_Gly.Me_dL.Me_dA.meL.Ser(tBu)}$PEPTIDE1,PEPTIDE1,1:R1-7:R2$$$",-5.35800000,ok,,flexible
"PEPTIDE1{A.Sar.meF.meA.V.meL.L}$PEPTIDE1,PEPTIDE1,1:R1-7:R2$$$",-6.53000000,ok,,flexible
"PEPTIDE1{F.P.Me_dA.T.Me_dL.dL.meL}$PEPTIDE1,PEPTIDE1,1:R1-7:R2$$$",-6.61700000,ok,,flexible
"PEPTIDE1{meA.Mono38.cHexCH2_Gly.T.I.L.D}$PEPTIDE1,PEPTIDE1,1:R1-7:R2$$$",-5.85600000,ok,,flexible
"PEPTIDE1{meA.Ala(5-Tet).A.T.L.F.meL}$PEPTIDE1,PEPTIDE1,1:R1-7:R2$$$",-6.02600000,ok,,flexible
"PEPTIDE1{Me_Bal.F.cHexCH2_Gly.meF.L.V.A}$PEPTIDE1,PEPTIDE1,1:R1-7:R2$$$",-5.94900000,ok,,flexible
"PEPTIDE1{P.Pr_Gly.dA.L.meL.G.I}$PEPTIDE1,PEPTIDE1,1:R1-7:R2$$$",-5.45300000,ok,,flexible
"PEPTIDE1{A.T.Abu.Sar.meA.L.meL}$PEPTIDE1,PEPTIDE1,1:R1-7:R2$$$",-5.58700000,ok,,flexible
"PEPTIDE1{Me_Bal.L.Ser(tBu).cHexCH2_Gly.dP.Et_Gly.meL}$PEPTIDE1,PEPTIDE1,1:R1-7:R2$$$",-5.95500000,ok,,flexible
"PEPTIDE1{dF.L.Ala(5-Tet).A.meA.meL.T}$PEPTIDE1,PEPTIDE1,1:R1-7:R2$$$",-6.46100000,ok,,flexible
"PEPTIDE1{L.A.meF.Me_dA.meL.meS.meL}$PEPTIDE1,PEPTIDE1,1:R1-7:R2$$$",-6.24400000,ok,,flexible
"PEPTIDE1{meL.T.meS.A.dA.L.meA}$PEPTIDE1,PEPTIDE1,1:R1-7:R2$$$",-6.01300000,ok,,flexible
"PEPTIDE1{Me_Bal.Me_Phe(3-Cl).A.dL.meL.meI.meA}$PEPTIDE1,PEPTIDE1,1:R1-7:R2$$$",-6.04500000,ok,,flexible
"PEPTIDE1{dV.meL.meA.G.Sar.dL.D}$PEPTIDE1,PEPTIDE1,1:R1-7:R2$$$",-6.17400000,ok,,flexible
"PEPTIDE1{Mono6.Abu.L.A.meL.Me_dL.meF}$PEPTIDE1,PEPTIDE1,1:R1-7:R2$$$",-5.31400000,ok,,flexible
"PEPTIDE1{meA.L.Me_Nle.A.V.Me_Phe(3-Cl).Ser(tBu)}$PEPTIDE1,PEPTIDE1,1:R1-7:R2$$$",-5.34200000,ok,,flexible
"PEPTIDE1{meA.Ala(5-Tet).meS.dP.Sar.meL.dV}$PEPTIDE1,PEPTIDE1,1:R1-7:R2$$$",-5.84400000,ok,,flexible
"PEPTIDE1{Sar.V.L.meA.Me_dL.meL.I}$PEPTIDE1,PEPTIDE1,1:R1-7:R2$$$",-5.58400000,ok,,flexible
"PEPTIDE1{A.T.meA.meV.L.F.meS}$PEPTIDE1,PEPTIDE1,1:R1-7:R2$$$",-6.07600000,ok,,flexible
"PEPTIDE1{Me_dA.meL.P.Abu.meA.L.meS}$PEPTIDE1,PEPTIDE1,1:R1-7:R2$$$",-6.27200000,ok,,flexible
"PEPTIDE1{A.dL.Me_dL.Ser(tBu).meF.T.S}$PEPTIDE1,PEPTIDE1,1:R1-7:R2$$$",-5.54200000,ok,,flexible
"PEPTIDE1{meA.A.meL.meS.meS.Abu.Me_dL}$PEPTIDE1,PEPTIDE1,1:R1-7:R2$$$",-6.00500000,ok,,flexible
"PEPTIDE1{Me_dA.I.meL.V.P.T.Me_dL}$PEPTIDE1,PEPTIDE1,1:R1-7:R2$$$",-6.12600000,ok,,flexible
"PEPTIDE1{Me_dA.L.T.meA.I.meV.meF}$PEPTIDE1,PEPTIDE1,1:R1-7:R2$$$",-6.18400000,ok,,flexible
"PEPTIDE1{F.P.I.L.A.Et_Gly.meL}$PEPTIDE1,PEPTIDE1,1:R1-7:R2$$$",-5.66700000,ok,,flexible
"PEPTIDE1{F.Me_Nle.Mono38.pentyl_Gly.L.A.P}$PEPTIDE1,PEPTIDE1,1:R1-7:R2$$$",-5.43200000,ok,,flexible
"PEPTIDE1{dV.A.dP.P.P.L.F}$PEPTIDE1,PEPTIDE1,1:R1-7:R2$$$",-6.61300000,ok,,flexible
"PEPTIDE1{meA.P.L.A.meL.V.meF}$PEPTIDE1,PEPTIDE1,1:R1-7:R2$$$",-6.34200000,ok,,flexible
"PEPTIDE1{Mono6.A.Ser(tBu).L.Me_dL.meA.meL}$PEPTIDE1,PEPTIDE1,1:R1-7:R2$$$",-5.54200000,ok,,flexible
"PEPTIDE1{dA.T.meF.A.meA.meL.A}$PEPTIDE1,PEPTIDE1,1:R1-7:R2$$$",-6.58600000,ok,,flexible
"PEPTIDE1{dV.meL.dL.L.meA.Abu.T}$PEPTIDE1,PEPTIDE1,1:R1-7:R2$$$",-5.46100000,ok,,flexible
"PEPTIDE1{dF.Mono38.Nle.Me_dL.Me_Nle.dP.meL}$PEPTIDE1,PEPTIDE1,1:R1-7:R2$$$",-5.49000000,ok,,flexible
"PEPTIDE1{meL.L.meL.Abu.Sar.meS.dL}$PEPTIDE1,PEPTIDE1,1:R1-7:R2$$$",-5.13800000,ok,,flexible
"PEPTIDE1{meF.pentyl_Gly.dP.cHexCH2_Gly.Ser(tBu).L.T}$PEPTIDE1,PEPTIDE1,1:R1-7:R2$$$",-5.64800000,ok,,flexible
"PEPTIDE1{dA.meA.T.V.A.Sar.meL}$PEPTIDE1,PEPTIDE1,1:R1-7:R2$$$",-6.28900000,ok,,flexible
"PEPTIDE1{Me_Bal.meL.F.T.P.P.meL}$PEPTIDE1,PEPTIDE1,1:R1-7:R2$$$",-6.31400000,ok,,flexible
"PEPTIDE1{meA.meL.A.T.F.Me_dL.P}$PEPTIDE1,PEPTIDE1,1:R1-7:R2$$$",-6.07800000,ok,,flexible
"PEPTIDE1{Me_dA.meL.L.cHexCH2_Gly.L.T.P}$PEPTIDE1,PEPTIDE1,1:R1-7:R2$$$",-5.79200000,ok,,flexible
"PEPTIDE1{meA.dL.T.A.L.meF.meA}$PEPTIDE1,PEPTIDE1,1:R1-7:R2$$$",-5.80500000,ok,,flexible
"PEPTIDE1{dA.dPye.Me_dL.L.meL.meV.meA}$PEPTIDE1,PEPTIDE1,1:R1-7:R2$$$",-5.46700000,ok,,flexible
"PEPTIDE1{meA.Pr_Gly.A.dL.meL.Me_dL.Me_dL}$PEPTIDE1,PEPTIDE1,1:R1-7:R2$$$",-5.28800000,ok,,flexible
"PEPTIDE1{Me_Bal.dPye.I.Me_dA.dL.meL.A}$PEPTIDE1,PEPTIDE1,1:R1-7:R2$$$",-5.82500000,ok,,flexible
"PEPTIDE1{dV.meV.meA.meF.meL.T.T}$PEPTIDE1,PEPTIDE1,1:R1-7:R2$$$",-6.36700000,ok,,flexible
"PEPTIDE1{Pr_Gly.meA.dV.dL.V.F.I}$PEPTIDE1,PEPTIDE1,1:R1-7:R2$$$",-5.62500000,ok,,flexible
"PEPTIDE1{Me_Bal.Me_dA.Me_dL.T.meY.dL.meA}$PEPTIDE1,PEPTIDE1,1:R1-7:R2$$$",-6.80700000,ok,,flexible
"PEPTIDE1{Me_dA.T.meF.T.Me_dL.meA.L}$PEPTIDE1,PEPTIDE1,1:R1-7:R2$$$",-6.14400000,ok,,flexible
"PEPTIDE1{meA.F.meL.Me_dA.meF.L.meS}$PEPTIDE1,PEPTIDE1,1:R1-7:R2$$$",-6.43200000,ok,,flexible
"PEPTIDE1{A.Pr_Gly.meA.T.meV.T.V}$PEPTIDE1,PEPTIDE1,1:R1-7:R2$$$",-5.99900000,ok,,flexible
"PEPTIDE1{dA.pentyl_Gly.meL.L.Ser(tBu).Me_dL.meI}$PEPTIDE1,PEPTIDE1,1:R1-7:R2$$$",-4.88300000,ok,,flexible
"PEPTIDE1{meA.F.dA.L.dP.meI.Ser(tBu)}$PEPTIDE1,PEPTIDE1,1:R1-7:R2$$$",-6.40900000,ok,,flexible
"PEPTIDE1{meL.meL.Abu.meF.dL.P.meI}$PEPTIDE1,PEPTIDE1,1:R1-7:R2$$$",-5.60800000,ok,,flexible
"PEPTIDE1{Mono6.A.cHexCH2_Gly.L.dP.meL.L}$PEPTIDE1,PEPTIDE1,1:R1-7:R2$$$",-5.95700000,ok,,flexible
"PEPTIDE1{Me_dA.P.T.dL.L.A.meL}$PEPTIDE1,PEPTIDE1,1:R1-7:R2$$$",-5.67600000,ok,,flexible
"PEPTIDE1{dA.Me_Phe(3-Cl).F.meA.Ser(tBu).meL.Me_dL}$PEPTIDE1,PEPTIDE1,1:R1-7:R2$$$",-6.12500000,ok,,flexible
"PEPTIDE1{Me_dA.L.I.meL.Ser(tBu).F.meA}$PEPTIDE1,PEPTIDE1,1:R1-7:R2$$$",-5.97100000,ok,,flexible
"PEPTIDE1{meL.meF.meS.Sar.meA.dL.Abu}$PEPTIDE1,PEPTIDE1,1:R1-7:R2$$$",-6.61800000,ok,,flexible
"PEPTIDE1{Me_dA.L.Abu.meS.Ala(5-Tet).meL.I}$PEPTIDE1,PEPTIDE1,1:R1-7:R2$$$",-5.45000000,ok,,flexible
"PEPTIDE1{Me_Bal.meL.meL.L.meA.I.Mono78}$PEPTIDE1,PEPTIDE1,1:R1-7:R2$$$",-5.97000000,ok,,flexible
"PEPTIDE1{meA.meL.T.P.meV.Me_dL.F}$PEPTIDE1,PEPTIDE1,1:R1-7:R2$$$",-6.12700000,ok,,flexible
"PEPTIDE1{dV.Mono38.L.Mono84.L.meA.T}$PEPTIDE1,PEPTIDE1,1:R1-7:R2$$$",-5.67600000,ok,,flexible
"PEPTIDE1{A.meF.dA.L.Ser(tBu).T.Aib}$PEPTIDE1,PEPTIDE1,1:R1-7:R2$$$",-6.34500000,ok,,flexible
"PEPTIDE1{dA.T.Sar.dP.Me_dL.meA.meF}$PEPTIDE1,PEPTIDE1,1:R1-7:R2$$$",-6.18900000,ok,,flexible
"PEPTIDE1{Me_Bal.meL.A.meF.Ser(tBu).P.T}$PEPTIDE1,PEPTIDE1,1:R1-7:R2$$$",-6.22700000,ok,,flexible
"PEPTIDE1{dF.Mono38.dL.meL.I.L.3Pal}$PEPTIDE1,PEPTIDE1,1:R1-7:R2$$$",-5.18300000,ok,,flexible
"PEPTIDE1{F.pentyl_Gly.Ser(tBu).3Pal.T.L.I}$PEPTIDE1,PEPTIDE1,1:R1-7:R2$$$",-5.61700000,ok,,flexible
"PEPTIDE1{meA.P.A.Me_dA.L.dP.Me_dL}$PEPTIDE1,PEPTIDE1,1:R1-7:R2$$$",-7.23400000,ok,,flexible
"PEPTIDE1{dV.Aoc(2).A.L.L.meF.T}$PEPTIDE1,PEPTIDE1,1:R1-7:R2$$$",-5.16800000,ok,,flexible
"PEPTIDE1{dA.Me_dA.meS.Me_dL.meL.L.P}$PEPTIDE1,PEPTIDE1,1:R1-7:R2$$$",-6.17500000,ok,,flexible
"PEPTIDE1{Sar.V.L.I.Ser(tBu).T.meF}$PEPTIDE1,PEPTIDE1,1:R1-7:R2$$$",-5.62200000,ok,,flexible
"PEPTIDE1{Me_dA.dP.meL.P.dP.dL.Me_dL}$PEPTIDE1,PEPTIDE1,1:R1-7:R2$$$",-5.65200000,ok,,flexible
"PEPTIDE1{meA.meV.Me_dL.V.Bn_Gly.meL.L}$PEPTIDE1,PEPTIDE1,1:R1-7:R2$$$",-5.89700000,ok,,flexible
"PEPTIDE1{meA.L.meL.L.Me_dA.meV.dL}$PEPTIDE1,PEPTIDE1,1:R1-7:R2$$$",-5.44800000,ok,,flexible
"PEPTIDE1{Me_Bal.pentyl_Gly.Mono84.I.L.T.A}$PEPTIDE1,PEPTIDE1,1:R1-7:R2$$$",-5.70800000,ok,,flexible
"PEPTIDE1{dV.Me_Phe(3-Cl).Ser(tBu).Aib.L.Me_dL.F}$PEPTIDE1,PEPTIDE1,1:R1-7:R2$$$",-6.16700000,ok,,flexible
"PEPTIDE1{meA.F.meV.T.meL.T.Sar}$PEPTIDE1,PEPTIDE1,1:R1-7:R2$$$",-5.72300000,ok,,flexible
"PEPTIDE1{dA.meA.P.A.T.dL.L}$PEPTIDE1,PEPTIDE1,1:R1-7:R2$$$",-6.32300000,ok,,flexible
"PEPTIDE1{Me_dA.Me_dL.meA.dL.meL.T.T}$PEPTIDE1,PEPTIDE1,1:R1-7:R2$$$",-5.56500000,ok,,flexible
"PEPTIDE1{dV.meA.meL.meF.T.V.L}$PEPTIDE1,PEPTIDE1,1:R1-7:R2$$$",-5.76200000,ok,,flexible
"PEPTIDE1{Me_dA.A.meL.I.Ser(tBu).L.Mono84}$PEPTIDE1,PEPTIDE1,1:R1-7:R2$$$",-5.29900000,ok,,flexible
"PEPTIDE1{A.L.I.L.meL.meF.Abu}$PEPTIDE1,PEPTIDE1,1:R1-7:R2$$$",-5.18100000,ok,,flexible
"PEPTIDE1{Me_Bal.L.meL.dP.dL.Me_dL.V}$PEPTIDE1,PEPTIDE1,1:R1-7:R2$$$",-6.02800000,ok,,flexible
"PEPTIDE1{Me_dA.meF.meL.L.meA.T.F}$PEPTIDE1,PEPTIDE1,1:R1-7:R2$$$",-6.37400000,ok,,flexible
"PEPTIDE1{Me_dA.A.meV.T.V.G.T}$PEPTIDE1,PEPTIDE1,1:R1-7:R2$$$",-6.35500000,ok,,flexible
"PEPTIDE1{Me_dA.L.Ser(tBu).meF.T.I.Abu}$PEPTIDE1,PEPTIDE1,1:R1-7:R2$$$",-5.38600000,ok,,flexible
"PEPTIDE1{A.dP.meA.meL.Me_dL.meF.Me_dA}$PEPTIDE1,PEPTIDE1,1:R1-7:R2$$$",-6.29000000,ok,,flexible
"PEPTIDE1{dA.Mono38.L.meL.T.Me_dL.dL}$PEPTIDE1,PEPTIDE1,1:R1-7:R2$$$",-5.90900000,ok,,flexible
"PEPTIDE1{L.meF.meL.T.meL.dL.Sar}$PEPTIDE1,PEPTIDE1,1:R1-7:R2$$$",-5.05300000,ok,,flexible
"PEPTIDE1{dV.Ala(5-Tet).L.T.meA.Me_dL.Me_dL}$PEPTIDE1,PEPTIDE1,1:R1-7:R2$$$",-5.39500000,ok,,flexible
"PEPTIDE1{Me_dA.L.dP.meL.Abu.P.dL}$PEPTIDE1,PEPTIDE1,1:R1-7:R2$$$",-6.50000000,ok,,flexible
"PEPTIDE1{meL.Abu.dP.T.meL.P.meA}$PEPTIDE1,PEPTIDE1,1:R1-7:R2$$$",-6.01300000,ok,,flexible
"PEPTIDE1{F.A.P.meL.T.meL.Me_dL}$PEPTIDE1,PEPTIDE1,1:R1-7:R2$$$",-6.94400000,ok,,flexible
"PEPTIDE1{meA.A.I.Me_Nle.Mono84.Ser(tBu).dL}$PEPTIDE1,PEPTIDE1,1:R1-7:R2$$$",-5.36500000,ok,,flexible
"PEPTIDE1{P.A.Pr_Gly.Me_dL.meA.dL.L}$PEPTIDE1,PEPTIDE1,1:R1-7:R2$$$",-5.60000000,ok,,flexible
"PEPTIDE1{F.dL.I.meF.L.Me_dL.T}$PEPTIDE1,PEPTIDE1,1:R1-7:R2$$$",-5.25300000,ok,,flexible
"PEPTIDE1{Pr_Gly.meL.L.T.P.G.F}$PEPTIDE1,PEPTIDE1,1:R1-7:R2$$$",-5.41200000,ok,,flexible
"PEPTIDE1{Me_dA.P.A.F.Sar.G.T}$PEPTIDE1,PEPTIDE1,1:R1-7:R2$$$",-6.87300000,ok,,flexible
"PEPTIDE1{Pr_Gly.L.3Pal.A.dL.Mono78.cHexCH2_Gly}$PEPTIDE1,PEPTIDE1,1:R1-7:R2$$$",-5.13700000,ok,,flexible
"PEPTIDE1{F.Pr_Gly.pentyl_Gly.cHexCH2_Gly.V.L.Ser(tBu)}$PEPTIDE1,PEPTIDE1,1:R1-7:R2$$$",-5.13600000,ok,,flexible
"PEPTIDE1{Sar.A.cHexCH2_Gly.meL.L.V.I}$PEPTIDE1,PEPTIDE1,1:R1-7:R2$$$",-5.87000000,ok,,flexible
"PEPTIDE1{Sar.meL.V.T.meA.L.Ser(tBu)}$PEPTIDE1,PEPTIDE1,1:R1-7:R2$$$",-5.68800000,ok,,flexible
"PEPTIDE1{Pr_Gly.meF.meA.meL.meV.V.meA}$PEPTIDE1,PEPTIDE1,1:R1-7:R2$$$",-5.07600000,ok,,flexible
"PEPTIDE1{dV.A.cHexCH2_Gly.Ser(tBu).meL.meS.dL}$PEPTIDE1,PEPTIDE1,1:R1-7:R2$$$",-5.58100000,ok,,flexible
"PEPTIDE1{dA.meA.meL.meF.Me_dA.dL.T}$PEPTIDE1,PEPTIDE1,1:R1-7:R2$$$",-6.06100000,ok,,flexible
"PEPTIDE1{meA.Me_dA.L.meL.F.V.T}$PEPTIDE1,PEPTIDE1,1:R1-7:R2$$$",-6.45000000,ok,,flexible
"PEPTIDE1{dV.L.Mono86.meL.dP.I.Mono78}$PEPTIDE1,PEPTIDE1,1:R1-7:R2$$$",-5.68600000,ok,,flexible
"PEPTIDE1{dV.L.Me_dL.A.meL.Sar.Me_dA}$PEPTIDE1,PEPTIDE1,1:R1-7:R2$$$",-5.55800000,ok,,flexible
"PEPTIDE1{Sar.L.meF.meL.V.A.L}$PEPTIDE1,PEPTIDE1,1:R1-7:R2$$$",-5.32100000,ok,,flexible
"PEPTIDE1{Sar.F.V.I.A.meA.L}$PEPTIDE1,PEPTIDE1,1:R1-7:R2$$$",-6.17900000,ok,,flexible
"PEPTIDE1{Me_dA.Mono38.L.dL.A.I.Aoc(2)}$PEPTIDE1,PEPTIDE1,1:R1-7:R2$$$",-5.36100000,ok,,flexible
"PEPTIDE1{Me_Bal.Sar.T.meL.V.Me_dL.G}$PEPTIDE1,PEPTIDE1,1:R1-7:R2$$$",-5.43100000,ok,,flexible
"PEPTIDE1{A.meL.dL.Me_dA.L.meL.P}$PEPTIDE1,PEPTIDE1,1:R1-7:R2$$$",-5.75300000,ok,,flexible
"PEPTIDE1{dA.Mono38.Cha.L.meA.P.dL}$PEPTIDE1,PEPTIDE1,1:R1-7:R2$$$",-6.75100000,ok,,flexible
"PEPTIDE1{dF.Et_Gly.Nle.meL.F.Ser(tBu).meL}$PEPTIDE1,PEPTIDE1,1:R1-7:R2$$$",-4.95700000,ok,,flexible
"PEPTIDE1{dF.A.Me_dL.meL.meS.Ala(5-Tet).T}$PEPTIDE1,PEPTIDE1,1:R1-7:R2$$$",-6.22700000,ok,,flexible
"PEPTIDE1{Me_Bal.F.dP.Sar.T.I.L}$PEPTIDE1,PEPTIDE1,1:R1-7:R2$$$",-6.14500000,ok,,flexible
"PEPTIDE1{Me_dA.Sar.meA.meL.Aoc(2).L.T}$PEPTIDE1,PEPTIDE1,1:R1-7:R2$$$",-5.70300000,ok,,flexible
"PEPTIDE1{Me_dA.meL.Abu.T.A.L.meF}$PEPTIDE1,PEPTIDE1,1:R1-7:R2$$$",-5.87700000,ok,,flexible
"PEPTIDE1{dV.meF.L.Sar.T.Ala(5-Tet).I}$PEPTIDE1,PEPTIDE1,1:R1-7:R2$$$",-6.00500000,ok,,flexible
"PEPTIDE1{F.Mono38.cHexCH2_Gly.Mono84.dL.3Pal.Me_Phe(3-Cl)}$PEPTIDE1,PEPTIDE1,1:R1-7:R2$$$",-5.77200000,ok,,flexible
"PEPTIDE1{meA.V.meL.F.T.Me_dL.I}$PEPTIDE1,PEPTIDE1,1:R1-7:R2$$$",-5.41300000,ok,,flexible
"PEPTIDE1{meL.A.meA.T.L.meL.meS}$PEPTIDE1,PEPTIDE1,1:R1-7:R2$$$",-5.76800000,ok,,flexible
"PEPTIDE1{dA.meS.T.meF.meL.Me_dL.dL}$PEPTIDE1,PEPTIDE1,1:R1-7:R2$$$",-5.60200000,ok,,flexible
"PEPTIDE1{A.meF.L.dL.L.meA.Ser(tBu)}$PEPTIDE1,PEPTIDE1,1:R1-7:R2$$$",-5.95500000,ok,,flexible
"PEPTIDE1{Me_dA.P.Me_dL.meL.meF.T.L}$PEPTIDE1,PEPTIDE1,1:R1-7:R2$$$",-5.64500000,ok,,flexible
"PEPTIDE1{dA.cHexCH2_Gly.G.pentyl_Gly.V.dL.Me_dL}$PEPTIDE1,PEPTIDE1,1:R1-7:R2$$$",-5.47100000,ok,,flexible
"PEPTIDE1{Me_dA.P.L.A.T.Ser(tBu).dL}$PEPTIDE1,PEPTIDE1,1:R1-7:R2$$$",-5.89700000,ok,,flexible
"PEPTIDE1{A.Pr_Gly.G.Me_dL.meA.T.dF}$PEPTIDE1,PEPTIDE1,1:R1-7:R2$$$",-6.33300000,ok,,flexible
"PEPTIDE1{dV.pentyl_Gly.dP.Abu.T.Abu.A}$PEPTIDE1,PEPTIDE1,1:R1-7:R2$$$",-5.51800000,ok,,flexible
"PEPTIDE1{meL.T.Me_dL.meF.meA.F.meL}$PEPTIDE1,PEPTIDE1,1:R1-7:R2$$$",-5.61500000,ok,,flexible
"PEPTIDE1{meA.dA.L.T.I.Me_dL.dL}$PEPTIDE1,PEPTIDE1,1:R1-7:R2$$$",-6.14300000,ok,,flexible
"PEPTIDE1{Me_Bal.pentyl_Gly.cHexCH2_Gly.I.L.Me_Nle.Mono86}$PEPTIDE1,PEPTIDE1,1:R1-7:R2$$$",-5.55900000,ok,,flexible
"PEPTIDE1{meA.L.A.F.Abu.Me_dA.T}$PEPTIDE1,PEPTIDE1,1:R1-7:R2$$$",-6.75200000,ok,,flexible
"PEPTIDE1{Me_dA.A.Me_dL.T.dP.meL.V}$PEPTIDE1,PEPTIDE1,1:R1-7:R2$$$",-6.45900000,ok,,flexible
"PEPTIDE1{A.F.Ser(tBu).T.G.L.F}$PEPTIDE1,PEPTIDE1,1:R1-7:R2$$$",-6.17000000,ok,,flexible
"PEPTIDE1{Me_dA.meL.F.Ser(tBu).T.Me_dL.V}$PEPTIDE1,PEPTIDE1,1:R1-7:R2$$$",-4.93600000,ok,,flexible
"PEPTIDE1{dA.meL.A.meA.meF.Me_dA.V}$PEPTIDE1,PEPTIDE1,1:R1-7:R2$$$",-6.03300000,ok,,flexible
"PEPTIDE1{P.dA.V.A.Me_dL.L.meV}$PEPTIDE1,PEPTIDE1,1:R1-7:R2$$$",-5.99900000,ok,,flexible
"PEPTIDE1{Me_dA.dP.meA.Me_dL.meL.meF.T}$PEPTIDE1,PEPTIDE1,1:R1-7:R2$$$",-6.87700000,ok,,flexible
"PEPTIDE1{dV.A.Me_dA.meA.Me_dL.dL.dA}$PEPTIDE1,PEPTIDE1,1:R1-7:R2$$$",-6.35000000,ok,,flexible
"PEPTIDE1{Me_dA.A.meL.dP.dL.L.Me_dL}$PEPTIDE1,PEPTIDE1,1:R1-7:R2$$$",-5.64800000,ok,,flexible
"PEPTIDE1{Pr_Gly.L.dL.T.V.meA.meL}$PEPTIDE1,PEPTIDE1,1:R1-7:R2$$$",-5.78500000,ok,,flexible
"PEPTIDE1{F.T.Aoc(2).A.Me_dL.Ser(tBu).meF}$PEPTIDE1,PEPTIDE1,1:R1-7:R2$$$",-5.13800000,ok,,flexible
"PEPTIDE1{Pr_Gly.meL.dL.Me_dA.Me_dL.A.meF}$PEPTIDE1,PEPTIDE1,1:R1-7:R2$$$",-5.07700000,ok,,flexible
"PEPTIDE1{F.I.A.pentyl_Gly.meL.V.meF}$PEPTIDE1,PEPTIDE1,1:R1-7:R2$$$",-5.15700000,ok,,flexible
"PEPTIDE1{meA.L.Me_dA.meS.A.dL.T}$PEPTIDE1,PEPTIDE1,1:R1-7:R2$$$",-5.69800000,ok,,flexible
"PEPTIDE1{A.dP.meL.F.I.meL.Mono78}$PEPTIDE1,PEPTIDE1,1:R1-7:R2$$$",-5.83000000,ok,,flexible
"PEPTIDE1{dV.Pr_Gly.Pr_Gly.A.V.F.meF}$PEPTIDE1,PEPTIDE1,1:R1-7:R2$$$",-5.68000000,ok,,flexible
"PEPTIDE1{Mono6.L.cHexCH2_Gly.dL.pentyl_Gly.Ser(tBu).Me_Phe(3-Cl)}$PEPTIDE1,PEPTIDE1,1:R1-7:R2$$$",-5.52900000,ok,,flexible
"PEPTIDE1{Me_Bal.meA.Me_dA.V.L.dL.P}$PEPTIDE1,PEPTIDE1,1:R1-7:R2$$$",-6.45700000,ok,,flexible
"PEPTIDE1{A.L.V.meA.T.G.I}$PEPTIDE1,PEPTIDE1,1:R1-7:R2$$$",-5.95400000,ok,,flexible
"PEPTIDE1{A.cHexCH2_Gly.dL.I.meL.T.meA}$PEPTIDE1,PEPTIDE1,1:R1-7:R2$$$",-6.18100000,ok,,flexible
"PEPTIDE1{dV.meL.Me_Phe(3-Cl).L.T.Et_Gly.Mono84}$PEPTIDE1,PEPTIDE1,1:R1-7:R2$$$",-5.48000000,ok,,flexible
"PEPTIDE1{dV.L.meL.I.Mono84.A.L}$PEPTIDE1,PEPTIDE1,1:R1-7:R2$$$",-5.77700000,ok,,flexible
"PEPTIDE1{Me_Bal.Aib.Pr_Gly.meA.G.F.T}$PEPTIDE1,PEPTIDE1,1:R1-7:R2$$$",-6.71400000,ok,,flexible
"PEPTIDE1{Me_dA.G.meA.meV.Me_dL.Pr_Gly.A}$PEPTIDE1,PEPTIDE1,1:R1-7:R2$$$",-5.74500000,ok,,flexible
"PEPTIDE1{A.L.F.I.Me_dL.meF.meL}$PEPTIDE1,PEPTIDE1,1:R1-7:R2$$$",-5.94700000,ok,,flexible
"PEPTIDE1{A.meA.Sar.T.I.meF.dA}$PEPTIDE1,PEPTIDE1,1:R1-7:R2$$$",-6.60200000,ok,,flexible
"PEPTIDE1{meA.V.meL.I.A.T.Mono84}$PEPTIDE1,PEPTIDE1,1:R1-7:R2$$$",-6.36600000,ok,,flexible
"PEPTIDE1{Mono6.meS.Me_dL.dL.Abu.L.Me_dA}$PEPTIDE1,PEPTIDE1,1:R1-7:R2$$$",-5.67400000,ok,,flexible
"PEPTIDE1{dA.L.meL.I.meA.T.G}$PEPTIDE1,PEPTIDE1,1:R1-7:R2$$$",-5.93200000,ok,,flexible
"PEPTIDE1{dA.meL.L.L.T.V.Me_dL}$PEPTIDE1,PEPTIDE1,1:R1-7:R2$$$",-5.95800000,ok,,flexible
"PEPTIDE1{L.meA.meF.A.meI.meL.Me_dL}$PEPTIDE1,PEPTIDE1,1:R1-7:R2$$$",-5.54500000,ok,,flexible
"PEPTIDE1{A.P.meS.meL.meF.Sar.V}$PEPTIDE1,PEPTIDE1,1:R1-7:R2$$$",26.95300000,ok,,flexible
"PEPTIDE1{P.Me_dA.Me_Phe(3-Cl).dL.dF.meL.A}$PEPTIDE1,PEPTIDE1,1:R1-7:R2$$$",-6.11100000,ok,,flexible
"PEPTIDE1{dA.P.F.T.meF.meL.L}$PEPTIDE1,PEPTIDE1,1:R1-7:R2$$$",-6.02600000,ok,,flexible
"PEPTIDE1{dV.A.meA.P.meL.P.I}$PEPTIDE1,PEPTIDE1,1:R1-7:R2$$$",-6.38700000,ok,,flexible
"PEPTIDE1{P.meL.T.meA.P.L.A}$PEPTIDE1,PEPTIDE1,1:R1-7:R2$$$",-5.93200000,ok,,flexible
"PEPTIDE1{dV.Me_dL.L.meS.Ala(5-Tet).A.T}$PEPTIDE1,PEPTIDE1,1:R1-7:R2$$$",-5.45200000,ok,,flexible
"PEPTIDE1{meA.A.Me_dL.dA.meL.L.F}$PEPTIDE1,PEPTIDE1,1:R1-7:R2$$$",-5.69100000,ok,,flexible
"PEPTIDE1{dA.L.T.I.meL.P.meF}$PEPTIDE1,PEPTIDE1,1:R1-7:R2$$$",-6.50400000,ok,,flexible
"PEPTIDE1{Me_Bal.Me_Phe(3-Cl).T.meF.V.meA.F}$PEPTIDE1,PEPTIDE1,1:R1-7:R2$$$",-6.81000000,ok,,flexible
"PEPTIDE1{F.cHexCH2_Gly.P.dL.dP.L.meA}$PEPTIDE1,PEPTIDE1,1:R1-7:R2$$$",-6.49200000,ok,,flexible
"PEPTIDE1{A.P.meA.meL.meL.Me_dL.meS}$PEPTIDE1,PEPTIDE1,1:R1-7:R2$$$",-5.90800000,ok,,flexible
"PEPTIDE1{L.A.cHexCH2_Gly.Ser(tBu).Ser(tBu).dL.dP}$PEPTIDE1,PEPTIDE1,1:R1-7:R2$$$",-4.92900000,ok,,flexible
"PEPTIDE1{meA.A.L.Ala(5-Tet).meL.dA.Abu}$PEPTIDE1,PEPTIDE1,1:R1-7:R2$$$",-6.46700000,ok,,flexible
"PEPTIDE1{meA.L.meL.Abu.meS.Me_dA.T}$PEPTIDE1,PEPTIDE1,1:R1-7:R2$$$",-5.26000000,ok,,flexible
"PEPTIDE1{meA.Me_Phe(3-Cl).F.T.P.meL.dL}$PEPTIDE1,PEPTIDE1,1:R1-7:R2$$$",-6.87200000,ok,,flexible
"PEPTIDE1{Me_dA.pentyl_Gly.cHexCH2_Gly.L.A.L.dL}$PEPTIDE1,PEPTIDE1,1:R1-7:R2$$$",-5.39400000,ok,,flexible
"PEPTIDE1{Pr_Gly.meF.meL.dL.T.meA.meL}$PEPTIDE1,PEPTIDE1,1:R1-7:R2$$$",-5.31500000,ok,,flexible
"PEPTIDE1{Pr_Gly.L.Me_dA.meF.Me_dL.meL.T}$PEPTIDE1,PEPTIDE1,1:R1-7:R2$$$",-5.32800000,ok,,flexible
"PEPTIDE1{meF.T.meL.L.P.Sar.Ser(tBu)}$PEPTIDE1,PEPTIDE1,1:R1-7:R2$$$",-5.76600000,ok,,flexible
"PEPTIDE1{meA.meL.T.A.dL.V.I}$PEPTIDE1,PEPTIDE1,1:R1-7:R2$$$",-5.38400000,ok,,flexible
"PEPTIDE1{meA.T.A.meS.Me_dL.L.I}$PEPTIDE1,PEPTIDE1,1:R1-7:R2$$$",-6.56200000,ok,,flexible
"PEPTIDE1{L.meL.A.Sar.meL.dV.L}$PEPTIDE1,PEPTIDE1,1:R1-7:R2$$$",-6.09200000,ok,,flexible
"PEPTIDE1{Me_dA.meA.P.Me_dA.meA.Me_dL.T}$PEPTIDE1,PEPTIDE1,1:R1-7:R2$$$",-6.35200000,ok,,flexible
"PEPTIDE1{meA.P.meL.meI.dP.T.A}$PEPTIDE1,PEPTIDE1,1:R1-7:R2$$$",-6.45100000,ok,,flexible
"PEPTIDE1{Mono6.Me_dL.meS.meF.L.Ala(5-Tet).Me_dA}$PEPTIDE1,PEPTIDE1,1:R1-7:R2$$$",-6.43700000,ok,,flexible
"PEPTIDE1{meA.T.meL.meL.meV.Sar.I}$PEPTIDE1,PEPTIDE1,1:R1-7:R2$$$",-5.85200000,ok,,flexible
"PEPTIDE1{L.A.P.Me_dL.T.meF.meL}$PEPTIDE1,PEPTIDE1,1:R1-7:R2$$$",-6.54600000,ok,,flexible
"PEPTIDE1{meA.meF.T.dL.meL.L.meS}$PEPTIDE1,PEPTIDE1,1:R1-7:R2$$$",-5.49600000,ok,,flexible
"PEPTIDE1{Me_dA.meL.T.pentyl_Gly.L.meA.I}$PEPTIDE1,PEPTIDE1,1:R1-7:R2$$$",-5.50600000,ok,,flexible
"PEPTIDE1{A.L.meF.Me_dL.meI.I.meA}$PEPTIDE1,PEPTIDE1,1:R1-7:R2$$$",-5.77800000,ok,,flexible
"PEPTIDE1{L.dL.F.A.dL.meA.T}$PEPTIDE1,PEPTIDE1,1:R1-7:R2$$$",-6.12800000,ok,,flexible
"PEPTIDE1{meA.Mono38.meL.Mono78.meI.F.L}$PEPTIDE1,PEPTIDE1,1:R1-7:R2$$$",-5.80300000,ok,,flexible
"PEPTIDE1{Sar.P.T.Me_dL.meV.V.meL}$PEPTIDE1,PEPTIDE1,1:R1-7:R2$$$",-5.22600000,ok,,flexible
"PEPTIDE1{Me_dA.Pr_Gly.meA.A.L.F.G}$PEPTIDE1,PEPTIDE1,1:R1-7:R2$$$",-6.31500000,ok,,flexible
"PEPTIDE1{Me_dA.G.meF.L.meL.meA.T}$PEPTIDE1,PEPTIDE1,1:R1-7:R2$$$",-6.13700000,ok,,flexible
"PEPTIDE1{dV.meV.I.meA.meL.meL.Me_dL}$PEPTIDE1,PEPTIDE1,1:R1-7:R2$$$",-5.07100000,ok,,flexible
"PEPTIDE1{Me_Bal.meL.Me_dL.Pr_Gly.Me_dL.L.A}$PEPTIDE1,PEPTIDE1,1:R1-7:R2$$$",-5.21300000,ok,,flexible
"PEPTIDE1{meA.cHexCH2_Gly.I.P.L.A.Ser(tBu)}$PEPTIDE1,PEPTIDE1,1:R1-7:R2$$$",-6.04400000,ok,,flexible
"PEPTIDE1{meA.Me_Nle.A.dP.cHexCH2_Gly.G.dL}$PEPTIDE1,PEPTIDE1,1:R1-7:R2$$$",-5.72900000,ok,,flexible
"PEPTIDE1{dV.Me_dL.meL.A.meY.dL.meS}$PEPTIDE1,PEPTIDE1,1:R1-7:R2$$$",-6.12800000,ok,,flexible
"PEPTIDE1{meA.cHexCH2_Gly.F.dL.meL.G.T}$PEPTIDE1,PEPTIDE1,1:R1-7:R2$$$",-6.62200000,ok,,flexible
"PEPTIDE1{Mono6.P.meF.meL.meA.Me_dA.T}$PEPTIDE1,PEPTIDE1,1:R1-7:R2$$$",-6.48500000,ok,,flexible
"PEPTIDE1{Me_Bal.meA.meF.meL.dL.V.meV}$PEPTIDE1,PEPTIDE1,1:R1-7:R2$$$",-7.02400000,ok,,flexible
"PEPTIDE1{Me_dA.A.dL.L.P.I.A}$PEPTIDE1,PEPTIDE1,1:R1-7:R2$$$",-6.35000000,ok,,flexible
"PEPTIDE1{Me_dA.I.meL.meF.L.I.P}$PEPTIDE1,PEPTIDE1,1:R1-7:R2$$$",-5.40700000,ok,,flexible
"PEPTIDE1{Pr_Gly.cHexCH2_Gly.Aoc(2).I.Ser(tBu).L.Me_Phe(3-Cl)}$PEPTIDE1,PEPTIDE1,1:R1-7:R2$$$",-4.54800000,ok,,flexible
"PEPTIDE1{F.dP.Ser(tBu).L.I.A.T}$PEPTIDE1,PEPTIDE1,1:R1-7:R2$$$",-6.48100000,ok,,flexible
"PEPTIDE1{A.T.meL.P.L.dL.meF}$PEPTIDE1,PEPTIDE1,1:R1-7:R2$$$",-6.07200000,ok,,flexible
"PEPTIDE1{Me_dA.T.meV.L.V.I.meA}$PEPTIDE1,PEPTIDE1,1:R1-7:R2$$$",-5.84900000,ok,,flexible
"PEPTIDE1{meL.T.meA.Aoc(2).A.Abu.meF}$PEPTIDE1,PEPTIDE1,1:R1-7:R2$$$",-6.54200000,ok,,flexible
"PEPTIDE1{A.P.meL.meL.V.meF.Me_dL}$PEPTIDE1,PEPTIDE1,1:R1-7:R2$$$",-6.08400000,ok,,flexible
"PEPTIDE1{A.dA.F.V.meL.P.Me_dL}$PEPTIDE1,PEPTIDE1,1:R1-7:R2$$$",-6.58600000,ok,,flexible
"PEPTIDE1{dA.A.dP.T.Sar.meL.V}$PEPTIDE1,PEPTIDE1,1:R1-7:R2$$$",-6.47700000,ok,,flexible
"PEPTIDE1{meA.T.Me_dL.meL.A.Me_dA.Abu}$PEPTIDE1,PEPTIDE1,1:R1-7:R2$$$",-5.42900000,ok,,flexible
"PEPTIDE1{Me_Bal.pentyl_Gly.Me_Phe(3-Cl).P.meA.L.A}$PEPTIDE1,PEPTIDE1,1:R1-7:R2$$$",-6.49400000,ok,,flexible
"PEPTIDE1{Me_Bal.meL.A.T.F.dL.meF}$PEPTIDE1,PEPTIDE1,1:R1-7:R2$$$",-6.18300000,ok,,flexible
"PEPTIDE1{dA.Me_dL.Sar.meL.Me_dA.A.T}$PEPTIDE1,PEPTIDE1,1:R1-7:R2$$$",-6.31600000,ok,,flexible
"PEPTIDE1{dA.L.F.meL.V.Me_dL.Aoc(2)}$PEPTIDE1,PEPTIDE1,1:R1-7:R2$$$",-5.07000000,ok,,flexible
"PEPTIDE1{Me_dA.meF.Ser(tBu).I.meL.meV.meA}$PEPTIDE1,PEPTIDE1,1:R1-7:R2$$$",-5.56100000,ok,,flexible
"PEPTIDE1{dA.meA.L.meL.Me_dL.I.meL}$PEPTIDE1,PEPTIDE1,1:R1-7:R2$$$",-5.31900000,ok,,flexible
"PEPTIDE1{dF.A.L.Abu.dP.meA.dA}$PEPTIDE1,PEPTIDE1,1:R1-7:R2$$$",-7.58200000,ok,,flexible
"PEPTIDE1{dF.dP.L.V.P.A.P}$PEPTIDE1,PEPTIDE1,1:R1-7:R2$$$",-6.39300000,ok,,flexible
"PEPTIDE1{Me_dA.meA.T.meV.Me_dL.dP.V}$PEPTIDE1,PEPTIDE1,1:R1-7:R2$$$",-6.03300000,ok,,flexible
"PEPTIDE1{dP.Pr_Gly.L.P.T.meL.T}$PEPTIDE1,PEPTIDE1,1:R1-7:R2$$$",-6.03600000,ok,,flexible
"PEPTIDE1{Me_dA.meA.P.A.Ser(tBu).T.Me_dL}$PEPTIDE1,PEPTIDE1,1:R1-7:R2$$$",-6.17000000,ok,,flexible
"PEPTIDE1{A.F.meL.Mono38.dL.L.meL}$PEPTIDE1,PEPTIDE1,1:R1-7:R2$$$",-5.82300000,ok,,flexible
"PEPTIDE1{A.meA.meL.L.V.Me_dA.meL}$PEPTIDE1,PEPTIDE1,1:R1-7:R2$$$",-5.35600000,ok,,flexible
"PEPTIDE1{dA.I.meL.P.L.V.dP}$PEPTIDE1,PEPTIDE1,1:R1-7:R2$$$",-5.58700000,ok,,flexible
"PEPTIDE1{Pr_Gly.meL.meS.dP.Me_dL.Abu.T}$PEPTIDE1,PEPTIDE1,1:R1-7:R2$$$",-5.84800000,ok,,flexible
"PEPTIDE1{Me_dA.meL.Me_dL.meL.L.Aoc(2).meS}$PEPTIDE1,PEPTIDE1,1:R1-7:R2$$$",-5.01000000,ok,,flexible
"PEPTIDE1{meA.A.meL.meL.dA.T.meF}$PEPTIDE1,PEPTIDE1,1:R1-7:R2$$$",-6.55500000,ok,,flexible
"PEPTIDE1{dA.Abu.A.Me_dA.T.Me_dL.meF}$PEPTIDE1,PEPTIDE1,1:R1-7:R2$$$",-6.32400000,ok,,flexible
"PEPTIDE1{Mono6.A.Me_dL.meA.meF.L.P}$PEPTIDE1,PEPTIDE1,1:R1-7:R2$$$",-6.36400000,ok,,flexible
"PEPTIDE1{Me_Bal.G.meL.Ser(tBu).cHexCH2_Gly.T.I}$PEPTIDE1,PEPTIDE1,1:R1-7:R2$$$",-5.90200000,ok,,flexible
"PEPTIDE1{Me_dA.meA.A.F.meF.meL.L}$PEPTIDE1,PEPTIDE1,1:R1-7:R2$$$",-5.77100000,ok,,flexible
"PEPTIDE1{meA.pentyl_Gly.I.T.T.P.L}$PEPTIDE1,PEPTIDE1,1:R1-7:R2$$$",-5.52000000,ok,,flexible
"PEPTIDE1{Sar.dP.meL.V.Me_dL.Me_dL.P}$PEPTIDE1,PEPTIDE1,1:R1-7:R2$$$",-6.22000000,ok,,flexible
"PEPTIDE1{A.P.meL.Me_dL.dL.Aib.Me_dA}$PEPTIDE1,PEPTIDE1,1:R1-7:R2$$$",-6.13600000,ok,,flexible
"PEPTIDE1{meA.meL.V.A.T.L.F}$PEPTIDE1,PEPTIDE1,1:R1-7:R2$$$",-6.33400000,ok,,flexible
"PEPTIDE1{Mono6.Mono38.Me_Nle.L.T.dL.Ser(tBu)}$PEPTIDE1,PEPTIDE1,1:R1-7:R2$$$",-4.98900000,ok,,flexible
"PEPTIDE1{Me_dA.L.Me_dA.meY.Me_dL.meA.Me_dL}$PEPTIDE1,PEPTIDE1,1:R1-7:R2$$$",-6.18000000,ok,,flexible
"PEPTIDE1{dV.meS.Me_dL.P.V.A.dL}$PEPTIDE1,PEPTIDE1,1:R1-7:R2$$$",-6.08100000,ok,,flexible
"PEPTIDE1{dA.meL.T.T.P.meA.dP}$PEPTIDE1,PEPTIDE1,1:R1-7:R2$$$",-6.30000000,ok,,flexible
"PEPTIDE1{dA.dP.meA.L.T.F.meL}$PEPTIDE1,PEPTIDE1,1:R1-7:R2$$$",-6.22500000,ok,,flexible
"PEPTIDE1{dA.Me_dA.Me_dL.L.Me_dL.Ser(tBu).V}$PEPTIDE1,PEPTIDE1,1:R1-7:R2$$$",-5.42100000,ok,,flexible
"PEPTIDE1{dA.A.V.I.F.T.Ser(tBu)}$PEPTIDE1,PEPTIDE1,1:R1-7:R2$$$",-5.42400000,ok,,flexible
"PEPTIDE1{Sar.F.meA.meF.L.T.G}$PEPTIDE1,PEPTIDE1,1:R1-7:R2$$$",-6.24500000,ok,,flexible
"PEPTIDE1{Me_dA.dPye.T.P.F.A.meL}$PEPTIDE1,PEPTIDE1,1:R1-7:R2$$$",-6.16200000,ok,,flexible
"PEPTIDE1{meA.A.meL.meF.V.L.Sar}$PEPTIDE1,PEPTIDE1,1:R1-7:R2$$$",-6.41600000,ok,,flexible
"PEPTIDE1{dF.Me_dL.P.T.dP.I.L}$PEPTIDE1,PEPTIDE1,1:R1-7:R2$$$",-5.48500000,ok,,flexible
"PEPTIDE1{F.T.meL.L.meS.Abu.Me_dA}$PEPTIDE1,PEPTIDE1,1:R1-7:R2$$$",-5.71000000,ok,,flexible
"PEPTIDE1{dA.Pr_Gly.dL.A.Pr_Gly.V.meL}$PEPTIDE1,PEPTIDE1,1:R1-7:R2$$$",-5.40900000,ok,,flexible
"PEPTIDE1{dF.L.I.Mono86.meL.L.V}$PEPTIDE1,PEPTIDE1,1:R1-7:R2$$$",-5.66600000,ok,,flexible
"PEPTIDE1{Me_Bal.dA.Me_Phe(3-Cl).T.Me_dL.L.G}$PEPTIDE1,PEPTIDE1,1:R1-7:R2$$$",-7.05200000,ok,,flexible
"PEPTIDE1{meA.L.dP.meF.meS.Me_dA.Abu}$PEPTIDE1,PEPTIDE1,1:R1-7:R2$$$",-6.48000000,ok,,flexible
"PEPTIDE1{F.cHexCH2_Gly.Me_dL.meL.P.A.dP}$PEPTIDE1,PEPTIDE1,1:R1-7:R2$$$",-6.30500000,ok,,flexible
"PEPTIDE1{meL.A.meL.L.T.meS.Abu}$PEPTIDE1,PEPTIDE1,1:R1-7:R2$$$",-5.93200000,ok,,flexible
"PEPTIDE1{Mono6.L.Aib.Me_dL.meL.meA.dL}$PEPTIDE1,PEPTIDE1,1:R1-7:R2$$$",-5.51800000,ok,,flexible
"PEPTIDE1{Mono6.P.Abu.dP.meL.T.Me_dL}$PEPTIDE1,PEPTIDE1,1:R1-7:R2$$$",-6.11000000,ok,,flexible
"PEPTIDE1{Me_Bal.P.meA.T.T.V.meL}$PEPTIDE1,PEPTIDE1,1:R1-7:R2$$$",-6.20200000,ok,,flexible
"PEPTIDE1{Me_dA.meA.F.P.Me_dL.meL.meY}$PEPTIDE1,PEPTIDE1,1:R1-7:R2$$$",-6.34700000,ok,,flexible
"PEPTIDE1{meA.pentyl_Gly.dL.L.A.Et_Gly.meL}$PEPTIDE1,PEPTIDE1,1:R1-7:R2$$$",-5.03300000,ok,,flexible
"PEPTIDE1{Me_dA.Pr_Gly.dL.V.L.Me_Phe(3-Cl).I}$PEPTIDE1,PEPTIDE1,1:R1-7:R2$$$",-6.74000000,ok,,flexible
"PEPTIDE1{F.Me_Nle.P.meA.meL.L.dL}$PEPTIDE1,PEPTIDE1,1:R1-7:R2$$$",-5.75800000,ok,,flexible
"PEPTIDE1{dA.meA.Me_dL.Pr_Gly.I.Me_dA.V}$PEPTIDE1,PEPTIDE1,1:R1-7:R2$$$",-5.34000000,ok,,flexible
"PEPTIDE1{Sar.T.L.meF.meA.T.meL}$PEPTIDE1,PEPTIDE1,1:R1-7:R2$$$",-5.49500000,ok,,flexible
"PEPTIDE1{Sar.meL.Ser(tBu).Mono84.T.I.meA}$PEPTIDE1,PEPTIDE1,1:R1-7:R2$$$",-5.67900000,ok,,flexible
"PEPTIDE1{Me_dA.dP.meA.T.meF.Me_dL.meL}$PEPTIDE1,PEPTIDE1,1:R1-7:R2$$$",-6.34000000,ok,,flexible
"PEPTIDE1{meA.L.F.Me_Phe(3-Cl).dL.Ser(tBu).A}$PEPTIDE1,PEPTIDE1,1:R1-7:R2$$$",-6.06000000,ok,,flexible
"PEPTIDE1{Me_Bal.meL.I.Ser(tBu).dL.V.T}$PEPTIDE1,PEPTIDE1,1:R1-7:R2$$$",-5.59900000,ok,,flexible
"PEPTIDE1{meL.F.A.Mono38.Et_Gly.Ser(tBu).I}$PEPTIDE1,PEPTIDE1,1:R1-7:R2$$$",-5.43500000,ok,,flexible
"PEPTIDE1{dF.dP.Me_dA.meL.meA.A.dP}$PEPTIDE1,PEPTIDE1,1:R1-7:R2$$$",-6.68700000,ok,,flexible
"PEPTIDE1{Pr_Gly.Ser(tBu).dL.P.T.F.Me_dL}$PEPTIDE1,PEPTIDE1,1:R1-7:R2$$$",-4.80600000,ok,,flexible
"PEPTIDE1{Me_Bal.G.meL.L.F.meF.T}$PEPTIDE1,PEPTIDE1,1:R1-7:R2$$$",-6.81500000,ok,,flexible
"PEPTIDE1{Me_dA.L.Aib.T.meA.meL.T}$PEPTIDE1,PEPTIDE1,1:R1-7:R2$$$",-5.51000000,ok,,flexible
"PEPTIDE1{meA.T.A.meL.dA.meS.Me_dA}$PEPTIDE1,PEPTIDE1,1:R1-7:R2$$$",-6.28400000,ok,,flexible
"PEPTIDE1{dV.A.meL.V.meF.L.G}$PEPTIDE1,PEPTIDE1,1:R1-7:R2$$$",-5.67700000,ok,,flexible
"PEPTIDE1{F.cHexCH2_Gly.Ser(tBu).dP.P.I.L}$PEPTIDE1,PEPTIDE1,1:R1-7:R2$$$",-5.77300000,ok,,flexible
"PEPTIDE1{dV.P.L.meL.Me_dL.A.meS}$PEPTIDE1,PEPTIDE1,1:R1-7:R2$$$",-6.24600000,ok,,flexible
"PEPTIDE1{dV.A.L.Me_dL.T.Abu.V}$PEPTIDE1,PEPTIDE1,1:R1-7:R2$$$",-5.58200000,ok,,flexible
"PEPTIDE1{Me_dA.V.G.dA.L.L.F}$PEPTIDE1,PEPTIDE1,1:R1-7:R2$$$",-6.24600000,ok,,flexible
"PEPTIDE1{Me_dA.Me_dL.L.T.meI.T.meA}$PEPTIDE1,PEPTIDE1,1:R1-7:R2$$$",-6.06000000,ok,,flexible
"PEPTIDE1{dV.meS.L.T.Aoc(2).T.Sar}$PEPTIDE1,PEPTIDE1,1:R1-7:R2$$$",-5.57800000,ok,,flexible
"PEPTIDE1{Me_dA.pentyl_Gly.A.T.Ser(tBu).meA.meI}$PEPTIDE1,PEPTIDE1,1:R1-7:R2$$$",-5.54100000,ok,,flexible
"PEPTIDE1{F.meL.Me_dL.Ser(tBu).T.meL.Me_Phe(3-Cl)}$PEPTIDE1,PEPTIDE1,1:R1-7:R2$$$",-6.33700000,ok,,flexible
"PEPTIDE1{dA.P.meA.Me_dL.V.dL.meF}$PEPTIDE1,PEPTIDE1,1:R1-7:R2$$$",-5.88200000,ok,,flexible
"PEPTIDE1{meL.Abu.Ala(5-Tet).meA.G.L.V}$PEPTIDE1,PEPTIDE1,1:R1-7:R2$$$",-5.75400000,ok,,flexible
"PEPTIDE1{A.meF.T.Abu.P.meL.Me_dA}$PEPTIDE1,PEPTIDE1,1:R1-7:R2$$$",-6.62700000,ok,,flexible
"PEPTIDE1{meA.Me_Phe(3-Cl).A.Ser(tBu).meL.P.meF}$PEPTIDE1,PEPTIDE1,1:R1-7:R2$$$",-6.08600000,ok,,flexible
"PEPTIDE1{meL.dP.meS.Me_dA.L.Abu.dL}$PEPTIDE1,PEPTIDE1,1:R1-7:R2$$$",-5.64700000,ok,,flexible
"PEPTIDE1{Me_Bal.T.meA.meL.dL.A.I}$PEPTIDE1,PEPTIDE1,1:R1-7:R2$$$",-5.77200000,ok,,flexible
"PEPTIDE1{A.meL.L.I.V.meA.Sar}$PEPTIDE1,PEPTIDE1,1:R1-7:R2$$$",-5.91200000,ok,,flexible
"PEPTIDE1{Me_Bal.dPye.L.A.Me_dA.Me_dL.V}$PEPTIDE1,PEPTIDE1,1:R1-7:R2$$$",-6.10900000,ok,,flexible
"PEPTIDE1{Mono6.L.Me_dA.meL.F.Sar.P}$PEPTIDE1,PEPTIDE1,1:R1-7:R2$$$",-6.43600000,ok,,flexible
"PEPTIDE1{meA.Me_Nle.I.Ser(tBu).meF.meL.Me_dL}$PEPTIDE1,PEPTIDE1,1:R1-7:R2$$$",-4.79900000,ok,,flexible
"PEPTIDE1{dA.meF.T.L.I.Ser(tBu).L}$PEPTIDE1,PEPTIDE1,1:R1-7:R2$$$",-5.24300000,ok,,flexible
"PEPTIDE1{dV.F.T.meF.Ser(tBu).P.Sar}$PEPTIDE1,PEPTIDE1,1:R1-7:R2$$$",-5.88500000,ok,,flexible
"PEPTIDE1{dF.T.meS.L.meF.Abu.meS}$PEPTIDE1,PEPTIDE1,1:R1-7:R2$$$",-5.93600000,ok,,flexible
"PEPTIDE1{Me_Bal.dP.dL.T.meF.meL.A}$PEPTIDE1,PEPTIDE1,1:R1-7:R2$$$",-6.64100000,ok,,flexible
"PEPTIDE1{F.meL.Ser(tBu).P.Aoc(2).Abu.G}$PEPTIDE1,PEPTIDE1,1:R1-7:R2$$$",-5.16100000,ok,,flexible
"PEPTIDE1{dV.meS.Abu.T.meA.dL.A}$PEPTIDE1,PEPTIDE1,1:R1-7:R2$$$",-5.77800000,ok,,flexible
"PEPTIDE1{meL.Ala(5-Tet).meF.meS.A.T.I}$PEPTIDE1,PEPTIDE1,1:R1-7:R2$$$",-5.76600000,ok,,flexible
"PEPTIDE1{Mono6.P.meF.T.F.L.Ser(tBu)}$PEPTIDE1,PEPTIDE1,1:R1-7:R2$$$",-6.07800000,ok,,flexible
"PEPTIDE1{meA.meL.Mono38.V.L.Ser(tBu).dL}$PEPTIDE1,PEPTIDE1,1:R1-7:R2$$$",-5.56600000,ok,,flexible
"PEPTIDE1{Me_dA.Me_dL.meS.P.meV.dL.T}$PEPTIDE1,PEPTIDE1,1:R1-7:R2$$$",-5.78100000,ok,,flexible
"PEPTIDE1{Me_dA.P.L.meA.Ser(tBu).meL.meF}$PEPTIDE1,PEPTIDE1,1:R1-7:R2$$$",-5.49400000,ok,,flexible
"PEPTIDE1{meA.meL.meF.L.3Pal.V.I}$PEPTIDE1,PEPTIDE1,1:R1-7:R2$$$",-5.58900000,ok,,flexible
"PEPTIDE1{dF.Mono38.L.Ser(tBu).dL.meF.meL}$PEPTIDE1,PEPTIDE1,1:R1-7:R2$$$",-4.95500000,ok,,flexible
"PEPTIDE1{dA.Me_dA.L.V.Ser(tBu).meI.dL}$PEPTIDE1,PEPTIDE1,1:R1-7:R2$$$",-5.36700000,ok,,flexible
"PEPTIDE1{dV.meL.L.meA.T.Me_dL.dL}$PEPTIDE1,PEPTIDE1,1:R1-7:R2$$$",-6.17500000,ok,,flexible
"PEPTIDE1{meL.L.meA.meS.meL.A.meF}$PEPTIDE1,PEPTIDE1,1:R1-7:R2$$$",-6.29800000,ok,,flexible
"PEPTIDE1{dF.L.T.meA.P.F.dV}$PEPTIDE1,PEPTIDE1,1:R1-7:R2$$$",-6.40900000,ok,,flexible
"PEPTIDE1{dA.meL.Mono78.A.I.dL.L}$PEPTIDE1,PEPTIDE1,1:R1-7:R2$$$",-5.53300000,ok,,flexible
"PEPTIDE1{meA.Pr_Gly.Phe(4-CF3).dL.F.meL.G}$PEPTIDE1,PEPTIDE1,1:R1-7:R2$$$",-6.44000000,ok,,flexible
"PEPTIDE1{dF.A.pentyl_Gly.dP.dL.Mono78.Et_Gly}$PEPTIDE1,PEPTIDE1,1:R1-7:R2$$$",-5.78500000,ok,,flexible
"PEPTIDE1{meA.meL.Me_dL.Abu.Aoc(2).L.A}$PEPTIDE1,PEPTIDE1,1:R1-7:R2$$$",-5.74600000,ok,,flexible
"PEPTIDE1{dA.meL.dL.I.L.P.meV}$PEPTIDE1,PEPTIDE1,1:R1-7:R2$$$",-5.47500000,ok,,flexible
"PEPTIDE1{Me_Bal.P.A.meA.dL.F.Me_dA}$PEPTIDE1,PEPTIDE1,1:R1-7:R2$$$",-6.78100000,ok,,flexible
"PEPTIDE1{A.Pr_Gly.V.T.I.F.T}$PEPTIDE1,PEPTIDE1,1:R1-7:R2$$$",-5.85500000,ok,,flexible
"PEPTIDE1{Me_Bal.dL.T.meL.cHexCH2_Gly.P.A}$PEPTIDE1,PEPTIDE1,1:R1-7:R2$$$",-5.64200000,ok,,flexible
"PEPTIDE1{meA.T.I.cHexCH2_Gly.Mono86.A.G}$PEPTIDE1,PEPTIDE1,1:R1-7:R2$$$",-5.89600000,ok,,flexible
"PEPTIDE1{Me_Bal.dA.A.L.meA.Me_dL.dL}$PEPTIDE1,PEPTIDE1,1:R1-7:R2$$$",-6.08300000,ok,,flexible
"PEPTIDE1{F.A.dL.I.L.Me_Phe(3-Cl).T}$PEPTIDE1,PEPTIDE1,1:R1-7:R2$$$",-6.05000000,ok,,flexible
"PEPTIDE1{meL.A.Me_dL.dL.L.F.meF}$PEPTIDE1,PEPTIDE1,1:R1-7:R2$$$",-5.78500000,ok,,flexible
"PEPTIDE1{Me_Bal.I.Mono38.pentyl_Gly.Ser(tBu).meL.A}$PEPTIDE1,PEPTIDE1,1:R1-7:R2$$$",-5.03700000,ok,,flexible
"PEPTIDE1{meA.T.L.dL.F.L.P}$PEPTIDE1,PEPTIDE1,1:R1-7:R2$$$",-6.00300000,ok,,flexible
"PEPTIDE1{F.pentyl_Gly.meL.Abu.meF.A.meA}$PEPTIDE1,PEPTIDE1,1:R1-7:R2$$$",-6.05800000,ok,,flexible
"PEPTIDE1{dV.L.I.P.A.meL.meA}$PEPTIDE1,PEPTIDE1,1:R1-7:R2$$$",-5.97100000,ok,,flexible
"PEPTIDE1{dV.T.A.L.Abu.meL.meA}$PEPTIDE1,PEPTIDE1,1:R1-7:R2$$$",-5.55700000,ok,,flexible
"PEPTIDE1{meA.T.meL.V.Ser(tBu).meF.meL}$PEPTIDE1,PEPTIDE1,1:R1-7:R2$$$",-5.19100000,ok,,flexible
"PEPTIDE1{Sar.P.meL.dL.Me_dL.meA.L}$PEPTIDE1,PEPTIDE1,1:R1-7:R2$$$",-6.34600000,ok,,flexible
"PEPTIDE1{Pr_Gly.meA.meL.Ala(5-Tet).L.F.Aoc(2)}$PEPTIDE1,PEPTIDE1,1:R1-7:R2$$$",-5.20500000,ok,,flexible
"PEPTIDE1{Sar.meL.V.meA.meL.P.A}$PEPTIDE1,PEPTIDE1,1:R1-7:R2$$$",-6.34400000,ok,,flexible
"PEPTIDE1{meA.Abu.T.T.meL.V.F}$PEPTIDE1,PEPTIDE1,1:R1-7:R2$$$",-5.95500000,ok,,flexible
"PEPTIDE1{Mono6.Me_dL.dL.T.P.Ser(tBu).T}$PEPTIDE1,PEPTIDE1,1:R1-7:R2$$$",-5.43900000,ok,,flexible
"PEPTIDE1{dF.cHexCH2_Gly.dL.L.T.A.meS}$PEPTIDE1,PEPTIDE1,1:R1-7:R2$$$",-5.55300000,ok,,flexible
"PEPTIDE1{Me_dA.A.Sar.dP.T.meL.meF}$PEPTIDE1,PEPTIDE1,1:R1-7:R2$$$",-6.68700000,ok,,flexible
"PEPTIDE1{meL.L.Ala(5-Tet).meA.T.V.meL}$PEPTIDE1,PEPTIDE1,1:R1-7:R2$$$",-6.11600000,ok,,flexible
"PEPTIDE1{A.T.Me_dL.L.T.Me_dA.meF}$PEPTIDE1,PEPTIDE1,1:R1-7:R2$$$",-6.03200000,ok,,flexible
"PEPTIDE1{meA.A.Mono38.I.Ser(tBu).T.I}$PEPTIDE1,PEPTIDE1,1:R1-7:R2$$$",-5.70000000,ok,,flexible
"PEPTIDE1{Mono6.dL.T.A.T.Me_dL.meL}$PEPTIDE1,PEPTIDE1,1:R1-7:R2$$$",-6.34600000,ok,,flexible
"PEPTIDE1{meA.L.Ser(tBu).3Pal.V.meF.P}$PEPTIDE1,PEPTIDE1,1:R1-7:R2$$$",-5.34800000,ok,,flexible
"PEPTIDE1{Me_dA.A.V.meF.meL.T.P}$PEPTIDE1,PEPTIDE1,1:R1-7:R2$$$",-5.76900000,ok,,flexible
"PEPTIDE1{dA.T.meF.T.meL.F.Sar}$PEPTIDE1,PEPTIDE1,1:R1-7:R2$$$",-6.06700000,ok,,flexible
"PEPTIDE1{Me_dA.T.meA.L.L.meL.meF}$PEPTIDE1,PEPTIDE1,1:R1-7:R2$$$",-6.21800000,ok,,flexible
"PEPTIDE1{Me_dA.meF.T.meL.G.G.dP}$PEPTIDE1,PEPTIDE1,1:R1-7:R2$$$",-6.32500000,ok,,flexible
"PEPTIDE1{dF.T.T.L.Me_dL.dL.F}$PEPTIDE1,PEPTIDE1,1:R1-7:R2$$$",-6.41500000,ok,,flexible
"PEPTIDE1{Me_Bal.Mono38.meL.I.F.T.meA}$PEPTIDE1,PEPTIDE1,1:R1-7:R2$$$",-5.92500000,ok,,flexible
"PEPTIDE1{Me_dA.dL.G.T.Me_dL.L.meA}$PEPTIDE1,PEPTIDE1,1:R1-7:R2$$$",-5.66700000,ok,,flexible
"PEPTIDE1{dV.F.dL.Mono86.L.Cha.pentyl_Gly}$PEPTIDE1,PEPTIDE1,1:R1-7:R2$$$",-5.04900000,ok,,flexible
"PEPTIDE1{Me_Bal.meF.meA.P.meL.T.L}$PEPTIDE1,PEPTIDE1,1:R1-7:R2$$$",-5.85700000,ok,,flexible
"PEPTIDE1{Mono6.Abu.A.Aoc(2).meF.meL.meS}$PEPTIDE1,PEPTIDE1,1:R1-7:R2$$$",-5.20800000,ok,,flexible
"PEPTIDE1{Me_Bal.dA.P.G.Pr_Gly.F.dL}$PEPTIDE1,PEPTIDE1,1:R1-7:R2$$$",-6.11000000,ok,,flexible
"PEPTIDE1{dP.meL.A.meL.I.Ser(tBu).Me_dA}$PEPTIDE1,PEPTIDE1,1:R1-7:R2$$$",-6.02300000,ok,,flexible
"PEPTIDE1{dA.V.I.L.dL.T.F}$PEPTIDE1,PEPTIDE1,1:R1-7:R2$$$",-6.03000000,ok,,flexible
"PEPTIDE1{Me_Bal.Ser(tBu).T.meA.dP.cHexCH2_Gly.meA}$PEPTIDE1,PEPTIDE1,1:R1-7:R2$$$",-6.06900000,ok,,flexible
"PEPTIDE1{dF.Mono38.A.I.L.L.dL}$PEPTIDE1,PEPTIDE1,1:R1-7:R2$$$",-5.64600000,ok,,flexible
"PEPTIDE1{dP.meL.meA.T.Pr_Gly.L.Me_dL}$PEPTIDE1,PEPTIDE1,1:R1-7:R2$$$",-5.88300000,ok,,flexible
"PEPTIDE1{Me_Bal.meA.P.Me_dL.meL.Ser(tBu).L}$PEPTIDE1,PEPTIDE1,1:R1-7:R2$$$",-5.36100000,ok,,flexible
"PEPTIDE1{dV.T.meA.Pr_Gly.Me_dL.dL.meV}$PEPTIDE1,PEPTIDE1,1:R1-7:R2$$$",-5.06700000,ok,,flexible
"PEPTIDE1{dV.cHexCH2_Gly.A.Ser(tBu).meL.T.dL}$PEPTIDE1,PEPTIDE1,1:R1-7:R2$$$",-5.41500000,ok,,flexible
"PEPTIDE1{dA.A.G.F.meV.T.I}$PEPTIDE1,PEPTIDE1,1:R1-7:R2$$$",-6.62800000,ok,,flexible
"PEPTIDE1{F.Me_Nle.L.meA.meL.dP.T}$PEPTIDE1,PEPTIDE1,1:R1-7:R2$$$",-5.60000000,ok,,flexible
"PEPTIDE1{L.meS.meF.meL.T.meA.meL}$PEPTIDE1,PEPTIDE1,1:R1-7:R2$$$",-5.75800000,ok,,flexible
"PEPTIDE1{Me_Bal.Sar.L.T.meL.Abu.meA}$PEPTIDE1,PEPTIDE1,1:R1-7:R2$$$",-6.26800000,ok,,flexible
"PEPTIDE1{meA.meL.meS.L.dL.A.Me_dA}$PEPTIDE1,PEPTIDE1,1:R1-7:R2$$$",-5.99000000,ok,,flexible
"PEPTIDE1{A.dV.dL.V.meA.meL.P}$PEPTIDE1,PEPTIDE1,1:R1-7:R2$$$",-6.40900000,ok,,flexible
"PEPTIDE1{Me_Bal.A.meL.Ser(tBu).Me_dL.L.dL}$PEPTIDE1,PEPTIDE1,1:R1-7:R2$$$",-5.23200000,ok,,flexible
"PEPTIDE1{dF.dL.meL.T.meS.meA.Abu}$PEPTIDE1,PEPTIDE1,1:R1-7:R2$$$",-6.12000000,ok,,flexible
"PEPTIDE1{Me_dA.F.meA.meL.meF.meI.meV}$PEPTIDE1,PEPTIDE1,1:R1-7:R2$$$",-5.79700000,ok,,flexible
"PEPTIDE1{Mono6.Me_dL.meS.Me_dA.meL.dL.meF}$PEPTIDE1,PEPTIDE1,1:R1-7:R2$$$",-5.55700000,ok,,flexible
"PEPTIDE1{A.dA.L.V.I.Me_dL.G}$PEPTIDE1,PEPTIDE1,1:R1-7:R2$$$",-5.98800000,ok,,flexible
"PEPTIDE1{Me_Bal.A.Me_dL.F.meF.dP.meL}$PEPTIDE1,PEPTIDE1,1:R1-7:R2$$$",-6.50700000,ok,,flexible
"PEPTIDE1{meA.meF.Mono78.Sar.F.Sar.P}$PEPTIDE1,PEPTIDE1,1:R1-7:R2$$$",-6.69200000,ok,,flexible
"PEPTIDE1{dA.cHexCH2_Gly.Ser(tBu).Met(O2).A.T.P}$PEPTIDE1,PEPTIDE1,1:R1-7:R2$$$",-5.87900000,ok,,flexible
"PEPTIDE1{dA.G.V.L.meA.I.meF}$PEPTIDE1,PEPTIDE1,1:R1-7:R2$$$",-5.62700000,ok,,flexible
"PEPTIDE1{A.T.meL.L.meA.G.V}$PEPTIDE1,PEPTIDE1,1:R1-7:R2$$$",-5.98700000,ok,,flexible
"PEPTIDE1{A.meA.meF.L.P.dP.dL}$PEPTIDE1,PEPTIDE1,1:R1-7:R2$$$",-6.03700000,ok,,flexible
"PEPTIDE1{meA.A.T.dL.Me_dL.dV.meL}$PEPTIDE1,PEPTIDE1,1:R1-7:R2$$$",-5.78300000,ok,,flexible
"PEPTIDE1{F.pentyl_Gly.meF.Ser(tBu).meL.T.I}$PEPTIDE1,PEPTIDE1,1:R1-7:R2$$$",-5.24400000,ok,,flexible
"PEPTIDE1{dA.meA.dL.A.Me_dL.V.F}$PEPTIDE1,PEPTIDE1,1:R1-7:R2$$$",-6.18300000,ok,,flexible
"PEPTIDE1{dV.A.T.meL.meA.Ala(5-Tet).L}$PEPTIDE1,PEPTIDE1,1:R1-7:R2$$$",-6.24600000,ok,,flexible
"PEPTIDE1{dF.cHexCH2_Gly.meL.dP.meA.T.A}$PEPTIDE1,PEPTIDE1,1:R1-7:R2$$$",-6.69400000,ok,,flexible
"PEPTIDE1{A.Me_dA.Me_dL.meA.meF.meL.V}$PEPTIDE1,PEPTIDE1,1:R1-7:R2$$$",-6.47700000,ok,,flexible
"PEPTIDE1{dV.meF.T.Abu.meL.L.meL}$PEPTIDE1,PEPTIDE1,1:R1-7:R2$$$",-5.82400000,ok,,flexible
"PEPTIDE1{dV.dP.Me_dA.meL.dL.Sar.L}$PEPTIDE1,PEPTIDE1,1:R1-7:R2$$$",-6.00800000,ok,,flexible
"PEPTIDE1{dV.L.P.meL.A.meA.Me_dL}$PEPTIDE1,PEPTIDE1,1:R1-7:R2$$$",-5.65900000,ok,,flexible
"PEPTIDE1{P.A.L.meA.meL.dL.meF}$PEPTIDE1,PEPTIDE1,1:R1-7:R2$$$",-6.18600000,ok,,flexible
"PEPTIDE1{Me_Bal.G.dPye.meL.Ser(tBu).V.T}$PEPTIDE1,PEPTIDE1,1:R1-7:R2$$$",-5.43000000,ok,,flexible
"PEPTIDE1{A.dA.meA.Me_dA.meL.L.Me_dL}$PEPTIDE1,PEPTIDE1,1:R1-7:R2$$$",-6.00800000,ok,,flexible
"PEPTIDE1{Pr_Gly.meL.A.meF.meL.Me_dL.T}$PEPTIDE1,PEPTIDE1,1:R1-7:R2$$$",-5.79400000,ok,,flexible
"PEPTIDE1{Me_dA.T.meS.Me_dL.L.meA.Ala(5-Tet)}$PEPTIDE1,PEPTIDE1,1:R1-7:R2$$$",-5.44900000,ok,,flexible
"PEPTIDE1{Mono6.A.dA.meL.meF.Ser(tBu).P}$PEPTIDE1,PEPTIDE1,1:R1-7:R2$$$",-6.76900000,ok,,flexible
"PEPTIDE1{Me_dA.Me_dL.dP.T.L.Me_dAbu.V}$PEPTIDE1,PEPTIDE1,1:R1-7:R2$$$",-5.38800000,ok,,flexible
"PEPTIDE1{meL.P.I.A.dL.Aoc(2).Ser(tBu)}$PEPTIDE1,PEPTIDE1,1:R1-7:R2$$$",-5.06800000,ok,,flexible
"PEPTIDE1{dA.Me_dL.A.L.L.F.Ser(tBu)}$PEPTIDE1,PEPTIDE1,1:R1-7:R2$$$",-5.93400000,ok,,flexible
"PEPTIDE1{meA.meF.meS.Abu.dP.L.Me_dA}$PEPTIDE1,PEPTIDE1,1:R1-7:R2$$$",-5.63800000,ok,,flexible
"PEPTIDE1{dF.L.Me_dL.meA.A.dL.T}$PEPTIDE1,PEPTIDE1,1:R1-7:R2$$$",-6.27200000,ok,,flexible
"PEPTIDE1{Mono6.meL.L.Me_dL.dA.P.meI}$PEPTIDE1,PEPTIDE1,1:R1-7:R2$$$",-5.45900000,ok,,flexible
"PEPTIDE1{Sar.P.T.meF.meA.A.Me_dL}$PEPTIDE1,PEPTIDE1,1:R1-7:R2$$$",-6.00900000,ok,,flexible
"PEPTIDE1{dF.Abu.T.meA.meS.Sar.Aoc(2)}$PEPTIDE1,PEPTIDE1,1:R1-7:R2$$$",-6.73600000,ok,,flexible
"PEPTIDE1{dF.meS.T.A.meA.dL.Me_dL}$PEPTIDE1,PEPTIDE1,1:R1-7:R2$$$",-5.82700000,ok,,flexible
"PEPTIDE1{A.Aoc(2).P.meL.dV.L.T}$PEPTIDE1,PEPTIDE1,1:R1-7:R2$$$",-5.09400000,ok,,flexible
"PEPTIDE1{meA.A.Me_dA.V.T.dV.Me_dL}$PEPTIDE1,PEPTIDE1,1:R1-7:R2$$$",-6.26800000,ok,,flexible
"PEPTIDE1{Me_Bal.Me_dA.A.Me_dL.V.meL.meL}$PEPTIDE1,PEPTIDE1,1:R1-7:R2$$$",-5.75100000,ok,,flexible
"PEPTIDE1{Sar.P.meF.dP.A.T.dP}$PEPTIDE1,PEPTIDE1,1:R1-7:R2$$$",-6.82400000,ok,,flexible
"PEPTIDE1{meA.A.L.Pr_Gly.Me_dA.dL.T}$PEPTIDE1,PEPTIDE1,1:R1-7:R2$$$",-6.16800000,ok,,flexible
"PEPTIDE1{A.T.Me_dL.meA.L.meI.T}$PEPTIDE1,PEPTIDE1,1:R1-7:R2$$$",-6.34800000,ok,,flexible
"PEPTIDE1{dF.P.meS.T.dA.A.meL}$PEPTIDE1,PEPTIDE1,1:R1-7:R2$$$",-7.22800000,ok,,flexible
"PEPTIDE1{Me_Bal.L.Me_dL.dL.meL.V.T}$PEPTIDE1,PEPTIDE1,1:R1-7:R2$$$",-5.01500000,ok,,flexible
"PEPTIDE1{meA.Me_dL.meL.A.I.meI.F}$PEPTIDE1,PEPTIDE1,1:R1-7:R2$$$",-5.62700000,ok,,flexible
"PEPTIDE1{dA.meL.V.Me_Phe(3-Cl).I.dL.F}$PEPTIDE1,PEPTIDE1,1:R1-7:R2$$$",-6.49800000,ok,,flexible
"PEPTIDE1{A.Me_dA.T.P.Me_dL.T.meL}$PEPTIDE1,PEPTIDE1,1:R1-7:R2$$$",-6.23800000,ok,,flexible
"PEPTIDE1{Sar.T.meL.meF.L.F.T}$PEPTIDE1,PEPTIDE1,1:R1-7:R2$$$",-5.87400000,ok,,flexible
"PEPTIDE1{Me_dA.A.meA.dP.T.P.L}$PEPTIDE1,PEPTIDE1,1:R1-7:R2$$$",-6.72000000,ok,,flexible
"PEPTIDE1{meA.meL.F.T.A.dA.dL}$PEPTIDE1,PEPTIDE1,1:R1-7:R2$$$",-6.85200000,ok,,flexible
"PEPTIDE1{Me_dA.T.V.meL.meL.L.P}$PEPTIDE1,PEPTIDE1,1:R1-7:R2$$$",-5.24500000,ok,,flexible
"PEPTIDE1{dA.I.Ser(tBu).T.Me_dL.cHexCH2_Gly.G}$PEPTIDE1,PEPTIDE1,1:R1-7:R2$$$",-5.69700000,ok,,flexible
"PEPTIDE1{Me_dA.dP.I.meA.meL.G.T}$PEPTIDE1,PEPTIDE1,1:R1-7:R2$$$",-5.66900000,ok,,flexible
"PEPTIDE1{dV.A.T.Sar.L.dP.meF}$PEPTIDE1,PEPTIDE1,1:R1-7:R2$$$",-6.57600000,ok,,flexible
"PEPTIDE1{Me_dA.dP.T.L.Me_dL.F.dL}$PEPTIDE1,PEPTIDE1,1:R1-7:R2$$$",-5.67000000,ok,,flexible
"PEPTIDE1{Me_Bal.dP.A.P.dL.Me_dA.meF}$PEPTIDE1,PEPTIDE1,1:R1-7:R2$$$",-6.51300000,ok,,flexible
"PEPTIDE1{meL.A.T.meA.Me_dL.dL.meS}$PEPTIDE1,PEPTIDE1,1:R1-7:R2$$$",-5.61800000,ok,,flexible
"PEPTIDE1{A.dP.meF.L.T.meA.meA}$PEPTIDE1,PEPTIDE1,1:R1-7:R2$$$",-6.69900000,ok,,flexible
"PEPTIDE1{dV.Me_dL.G.dP.Me_dL.T.Me_dA}$PEPTIDE1,PEPTIDE1,1:R1-7:R2$$$",-6.35300000,ok,,flexible
"PEPTIDE1{dA.A.F.V.L.I.meL}$PEPTIDE1,PEPTIDE1,1:R1-7:R2$$$",-6.08800000,ok,,flexible
"PEPTIDE1{Mono6.meL.Abu.L.meS.A.meS}$PEPTIDE1,PEPTIDE1,1:R1-7:R2$$$",-6.41100000,ok,,flexible
"PEPTIDE1{dA.meF.L.A.meA.Me_dL.G}$PEPTIDE1,PEPTIDE1,1:R1-7:R2$$$",-6.39700000,ok,,flexible
"PEPTIDE1{dF.meS.meL.A.dA.meA.Me_dL}$PEPTIDE1,PEPTIDE1,1:R1-7:R2$$$",-5.79100000,ok,,flexible
"PEPTIDE1{A.T.Me_dL.meL.dP.Me_dA.L}$PEPTIDE1,PEPTIDE1,1:R1-7:R2$$$",-6.37700000,ok,,flexible
"PEPTIDE1{dF.meL.F.Abu.L.Me_Phe(3-Cl).meF}$PEPTIDE1,PEPTIDE1,1:R1-7:R2$$$",-6.14500000,ok,,flexible
"PEPTIDE1{Me_dA.cHexCH2_Gly.meL.A.Ser(tBu).P.P}$PEPTIDE1,PEPTIDE1,1:R1-7:R2$$$",-5.98400000,ok,,flexible
"PEPTIDE1{dA.Sar.T.meA.L.Me_dL.V}$PEPTIDE1,PEPTIDE1,1:R1-7:R2$$$",-6.06100000,ok,,flexible
"PEPTIDE1{Mono6.meL.I.dL.meF.dP.Aoc(2)}$PEPTIDE1,PEPTIDE1,1:R1-7:R2$$$",-5.19900000,ok,,flexible
"PEPTIDE1{dP.Me_dA.A.dPye.P.Me_dL.meA}$PEPTIDE1,PEPTIDE1,1:R1-7:R2$$$",-6.35700000,ok,,flexible
"PEPTIDE1{dA.meA.Me_dL.F.dL.meL.meF}$PEPTIDE1,PEPTIDE1,1:R1-7:R2$$$",-6.26100000,ok,,flexible
"PEPTIDE1{A.dP.dL.Me_dL.T.Ser(tBu).L}$PEPTIDE1,PEPTIDE1,1:R1-7:R2$$$",-5.21500000,ok,,flexible
"PEPTIDE1{meA.L.meF.T.F.dL.dP}$PEPTIDE1,PEPTIDE1,1:R1-7:R2$$$",-7.12700000,ok,,flexible
"PEPTIDE1{Me_Bal.dL.meL.V.G.A.L}$PEPTIDE1,PEPTIDE1,1:R1-7:R2$$$",-5.55500000,ok,,flexible
"PEPTIDE1{Me_Bal.meA.meA.L.meL.Me_dL.dP}$PEPTIDE1,PEPTIDE1,1:R1-7:R2$$$",-5.96500000,ok,,flexible
"PEPTIDE1{Sar.V.Me_dL.meV.T.P.L}$PEPTIDE1,PEPTIDE1,1:R1-7:R2$$$",-5.85600000,ok,,flexible
"PEPTIDE1{Me_Bal.pentyl_Gly.V.dV.meL.T.Ser(tBu)}$PEPTIDE1,PEPTIDE1,1:R1-7:R2$$$",-5.44300000,ok,,flexible
"PEPTIDE1{Me_Bal.A.T.P.meL.meA.V}$PEPTIDE1,PEPTIDE1,1:R1-7:R2$$$",-6.57300000,ok,,flexible
"PEPTIDE1{Me_Bal.Pr_Gly.meL.T.F.T.Me_dL}$PEPTIDE1,PEPTIDE1,1:R1-7:R2$$$",-5.25900000,ok,,flexible
"PEPTIDE1{Me_Bal.meL.meL.meV.Ser(tBu).V.G}$PEPTIDE1,PEPTIDE1,1:R1-7:R2$$$",-5.52000000,ok,,flexible
"PEPTIDE1{Pr_Gly.Me_dL.meL.A.meL.T.meS}$PEPTIDE1,PEPTIDE1,1:R1-7:R2$$$",-5.01200000,ok,,flexible
"PEPTIDE1{dV.L.meL.T.meF.Me_Phe(3-Cl).L}$PEPTIDE1,PEPTIDE1,1:R1-7:R2$$$",-5.19500000,ok,,flexible
"PEPTIDE1{meL.A.L.meS.Ala(5-Tet).meA.dL}$PEPTIDE1,PEPTIDE1,1:R1-7:R2$$$",-5.41000000,ok,,flexible
"PEPTIDE1{P.A.Me_dL.meL.Me_dL.L.meL}$PEPTIDE1,PEPTIDE1,1:R1-7:R2$$$",-5.87200000,ok,,flexible
"PEPTIDE1{L.F.L.dP.T.meS.meL}$PEPTIDE1,PEPTIDE1,1:R1-7:R2$$$",-5.68400000,ok,,flexible
"PEPTIDE1{dV.meS.L.meS.Abu.T.meL}$PEPTIDE1,PEPTIDE1,1:R1-7:R2$$$",-5.25300000,ok,,flexible
"PEPTIDE1{Me_dA.Ala(5-Tet).dP.meL.Ser(tBu).T.meA}$PEPTIDE1,PEPTIDE1,1:R1-7:R2$$$",-6.37200000,ok,,flexible
"PEPTIDE1{dA.meL.L.Me_dL.T.Abu.Sar}$PEPTIDE1,PEPTIDE1,1:R1-7:R2$$$",-5.59300000,ok,,flexible
"PEPTIDE1{A.T.Sar.meL.V.Abu.dP}$PEPTIDE1,PEPTIDE1,1:R1-7:R2$$$",-5.68000000,ok,,flexible
"PEPTIDE1{A.meS.Sar.G.F.meA.Bn_Gly}$PEPTIDE1,PEPTIDE1,1:R1-7:R2$$$",-6.88000000,ok,,flexible
"PEPTIDE1{Me_Bal.meF.L.L.Ser(tBu).T.P}$PEPTIDE1,PEPTIDE1,1:R1-7:R2$$$",-5.60100000,ok,,flexible
"PEPTIDE1{Me_Bal.cHexCH2_Gly.Pr_Gly.meL.Ser(tBu).A.P}$PEPTIDE1,PEPTIDE1,1:R1-7:R2$$$",-5.78100000,ok,,flexible
"PEPTIDE1{Me_Bal.meA.Me_dL.Ser(tBu).V.F.T}$PEPTIDE1,PEPTIDE1,1:R1-7:R2$$$",-6.13600000,ok,,flexible
"PEPTIDE1{Sar.meA.Me_dL.meL.L.T.A}$PEPTIDE1,PEPTIDE1,1:R1-7:R2$$$",-5.80400000,ok,,flexible
"PEPTIDE1{Pr_Gly.cHexCH2_Gly.Ser(tBu).L.pentyl_Gly.meL.T}$PEPTIDE1,PEPTIDE1,1:R1-7:R2$$$",-5.11200000,ok,,flexible
"PEPTIDE1{meL.meF.Abu.meS.F.meA.T}$PEPTIDE1,PEPTIDE1,1:R1-7:R2$$$",-6.36400000,ok,,flexible
"PEPTIDE1{F.L.A.T.meL.meS.meF}$PEPTIDE1,PEPTIDE1,1:R1-7:R2$$$",-5.45100000,ok,,flexible
"PEPTIDE1{Pr_Gly.A.T.meL.meS.Me_dL.dL}$PEPTIDE1,PEPTIDE1,1:R1-7:R2$$$",-4.82500000,ok,,flexible
"PEPTIDE1{meA.L.Mono104.L.T.I.Mono86}$PEPTIDE1,PEPTIDE1,1:R1-7:R2$$$",-5.80500000,ok,,flexible
"PEPTIDE1{dV.meL.Abu.Sar.meS.A.Aoc(2)}$PEPTIDE1,PEPTIDE1,1:R1-7:R2$$$",-5.61900000,ok,,flexible
"PEPTIDE1{dA.meA.Sar.T.L.Me_dA.P}$PEPTIDE1,PEPTIDE1,1:R1-7:R2$$$",-6.61300000,ok,,flexible
"PEPTIDE1{F.meL.T.Abu.meS.Me_dA.A}$PEPTIDE1,PEPTIDE1,1:R1-7:R2$$$",-6.42100000,ok,,flexible
"PEPTIDE1{L.meF.Ala(5-Tet).I.L.dV.dL}$PEPTIDE1,PEPTIDE1,1:R1-7:R2$$$",-6.07500000,ok,,flexible
"PEPTIDE1{meA.Abu.Ala(5-Tet).meF.dL.Me_dL.L}$PEPTIDE1,PEPTIDE1,1:R1-7:R2$$$",-5.20100000,ok,,flexible
"PEPTIDE1{A.meL.L.meF.P.Me_dL.meA}$PEPTIDE1,PEPTIDE1,1:R1-7:R2$$$",-5.76200000,ok,,flexible
"PEPTIDE1{F.A.Me_dL.I.Ser(tBu).L.dL}$PEPTIDE1,PEPTIDE1,1:R1-7:R2$$$",-5.65100000,ok,,flexible
"PEPTIDE1{dV.dP.A.L.F.G.meL}$PEPTIDE1,PEPTIDE1,1:R1-7:R2$$$",-6.20100000,ok,,flexible
"PEPTIDE1{dA.I.meL.L.meA.meA.T}$PEPTIDE1,PEPTIDE1,1:R1-7:R2$$$",-5.36800000,ok,,flexible
"PEPTIDE1{Mono6.Ser(tBu).A.T.dP.P.L}$PEPTIDE1,PEPTIDE1,1:R1-7:R2$$$",-6.40400000,ok,,flexible
"PEPTIDE1{A.F.meL.dP.P.meL.Me_dL}$PEPTIDE1,PEPTIDE1,1:R1-7:R2$$$",-6.04100000,ok,,flexible
"PEPTIDE1{A.L.L.I.meL.T.T}$PEPTIDE1,PEPTIDE1,1:R1-7:R2$$$",-5.42700000,ok,,flexible
"PEPTIDE1{dA.meA.T.T.A.meF.Sar}$PEPTIDE1,PEPTIDE1,1:R1-7:R2$$$",-6.34100000,ok,,flexible
"PEPTIDE1{meA.T.T.Me_dL.meF.L.V}$PEPTIDE1,PEPTIDE1,1:R1-7:R2$$$",-5.55200000,ok,,flexible
"PEPTIDE1{dV.pentyl_Gly.Me_Phe(3-Cl).A.meA.I.L}$PEPTIDE1,PEPTIDE1,1:R1-7:R2$$$",-5.15700000,ok,,flexible
"PEPTIDE1{dF.L.meL.meA.T.dP.Me_dL}$PEPTIDE1,PEPTIDE1,1:R1-7:R2$$$",-6.60200000,ok,,flexible
"PEPTIDE1{Me_Bal.cHexCH2_Gly.L.meF.meA.P.dP}$PEPTIDE1,PEPTIDE1,1:R1-7:R2$$$",-6.77900000,ok,,flexible
"PEPTIDE1{dF.L.Abu.T.Me_dL.meL.meF}$PEPTIDE1,PEPTIDE1,1:R1-7:R2$$$",-5.84200000,ok,,flexible
"PEPTIDE1{Mono6.P.meL.A.Ser(tBu).Me_dL.T}$PEPTIDE1,PEPTIDE1,1:R1-7:R2$$$",-6.40700000,ok,,flexible
"PEPTIDE1{dA.Me_dL.meL.A.L.T.dP}$PEPTIDE1,PEPTIDE1,1:R1-7:R2$$$",-5.72400000,ok,,flexible
"PEPTIDE1{A.meF.meL.Ser(tBu).L.T.dL}$PEPTIDE1,PEPTIDE1,1:R1-7:R2$$$",-5.32700000,ok,,flexible
"PEPTIDE1{L.meL.Ala(5-Tet).Aoc(2).meS.dP.meF}$PEPTIDE1,PEPTIDE1,1:R1-7:R2$$$",-5.73500000,ok,,flexible
"PEPTIDE1{Me_dA.meA.dP.Me_dL.meL.meV.meF}$PEPTIDE1,PEPTIDE1,1:R1-7:R2$$$",-6.64800000,ok,,flexible
"PEPTIDE1{Me_Bal.Mono38.T.meL.Ser(tBu).dP.L}$PEPTIDE1,PEPTIDE1,1:R1-7:R2$$$",-5.48000000,ok,,flexible
"PEPTIDE1{dF.meL.T.meF.meS.meL.A}$PEPTIDE1,PEPTIDE1,1:R1-7:R2$$$",-5.77800000,ok,,flexible
"PEPTIDE1{meL.meA.meS.Sar.A.Aoc(2).Me_dL}$PEPTIDE1,PEPTIDE1,1:R1-7:R2$$$",-5.59000000,ok,,flexible
"PEPTIDE1{meA.L.I.meF.L.T.F}$PEPTIDE1,PEPTIDE1,1:R1-7:R2$$$",-6.16400000,ok,,flexible
"PEPTIDE1{A.meL.T.P.meA.meV.L}$PEPTIDE1,PEPTIDE1,1:R1-7:R2$$$",-7.15500000,ok,,flexible
"PEPTIDE1{dA.Ser(tBu).dP.T.dL.meA.F}$PEPTIDE1,PEPTIDE1,1:R1-7:R2$$$",-6.70200000,ok,,flexible
"PEPTIDE1{Me_Bal.Me_dL.meL.L.Ser(tBu).A.L}$PEPTIDE1,PEPTIDE1,1:R1-7:R2$$$",-5.43500000,ok,,flexible
"PEPTIDE1{Me_dA.Mono84.L.Mono100.dL.P.L}$PEPTIDE1,PEPTIDE1,1:R1-7:R2$$$",-5.75700000,ok,,flexible
"PEPTIDE1{A.Me_Phe(3-Cl).Pr_Gly.L.meL.F.P}$PEPTIDE1,PEPTIDE1,1:R1-7:R2$$$",-6.34700000,ok,,flexible
"PEPTIDE1{Me_Bal.P.cHexCH2_Gly.L.P.dL.meF}$PEPTIDE1,PEPTIDE1,1:R1-7:R2$$$",-6.40100000,ok,,flexible
"PEPTIDE1{meA.Ala(5-Tet).Abu.F.T.L.T}$PEPTIDE1,PEPTIDE1,1:R1-7:R2$$$",-5.59400000,ok,,flexible
"PEPTIDE1{Me_dA.Bn_Gly.L.Mono38.I.T.Ser(tBu)}$PEPTIDE1,PEPTIDE1,1:R1-7:R2$$$",-5.73900000,ok,,flexible
"PEPTIDE1{Me_dA.meA.Me_dL.meL.L.meV.G}$PEPTIDE1,PEPTIDE1,1:R1-7:R2$$$",-6.23600000,ok,,flexible
"PEPTIDE1{meL.F.Abu.A.dL.P.T}$PEPTIDE1,PEPTIDE1,1:R1-7:R2$$$",-6.22800000,ok,,flexible
"PEPTIDE1{F.Me_dL.P.dL.meL.Ser(tBu).L}$PEPTIDE1,PEPTIDE1,1:R1-7:R2$$$",-5.80300000,ok,,flexible
"PEPTIDE1{P.Pr_Gly.meL.Me_dA.G.A.dA}$PEPTIDE1,PEPTIDE1,1:R1-7:R2$$$",-6.81700000,ok,,flexible
"PEPTIDE1{Me_Bal.meL.meV.T.A.V.L}$PEPTIDE1,PEPTIDE1,1:R1-7:R2$$$",-6.20900000,ok,,flexible
"PEPTIDE1{meA.Mono38.cHexCH2_Gly.L.Ser(tBu).I.A}$PEPTIDE1,PEPTIDE1,1:R1-7:R2$$$",-5.19900000,ok,,flexible
"PEPTIDE1{dA.Me_dL.meL.meS.meA.A.Abu}$PEPTIDE1,PEPTIDE1,1:R1-7:R2$$$",-5.76200000,ok,,flexible
"PEPTIDE1{A.T.Me_dA.meA.Bn_Gly.meF.Me_dL}$PEPTIDE1,PEPTIDE1,1:R1-7:R2$$$",-6.88800000,ok,,flexible
"PEPTIDE1{Pr_Gly.pentyl_Gly.cHexCH2_Gly.L.G.L.Ser(tBu)}$PEPTIDE1,PEPTIDE1,1:R1-7:R2$$$",-4.86800000,ok,,flexible
"PEPTIDE1{dV.A.T.Ala(5-Tet).dL.meS.dP}$PEPTIDE1,PEPTIDE1,1:R1-7:R2$$$",-6.13500000,ok,,flexible
"PEPTIDE1{meA.T.meS.V.A.dL.Me_dL}$PEPTIDE1,PEPTIDE1,1:R1-7:R2$$$",-5.73100000,ok,,flexible
"PEPTIDE1{Me_dA.T.meF.V.Me_dL.meA.meL}$PEPTIDE1,PEPTIDE1,1:R1-7:R2$$$",-6.05600000,ok,,flexible
"PEPTIDE1{dA.meA.Aib.dPye.F.Me_dA.G}$PEPTIDE1,PEPTIDE1,1:R1-7:R2$$$",-6.65300000,ok,,flexible
"PEPTIDE1{Me_dA.dA.F.L.meV.P.meL}$PEPTIDE1,PEPTIDE1,1:R1-7:R2$$$",-6.35400000,ok,,flexible
"PEPTIDE1{Me_dA.G.cHexCH2_Gly.V.L.pentyl_Gly.Mono84}$PEPTIDE1,PEPTIDE1,1:R1-7:R2$$$",-5.95400000,ok,,flexible
"PEPTIDE1{Mono6.cHexCH2_Gly.A.P.pentyl_Gly.I.L}$PEPTIDE1,PEPTIDE1,1:R1-7:R2$$$",-5.57700000,ok,,flexible
"PEPTIDE1{meA.meL.T.meF.T.I.V}$PEPTIDE1,PEPTIDE1,1:R1-7:R2$$$",-5.51600000,ok,,flexible
"PEPTIDE1{Me_dA.A.T.I.Ser(tBu).meL.dP}$PEPTIDE1,PEPTIDE1,1:R1-7:R2$$$",-6.08600000,ok,,flexible
"PEPTIDE1{L.Ala(5-Tet).meF.I.meL.Ser(tBu).P}$PEPTIDE1,PEPTIDE1,1:R1-7:R2$$$",-5.36200000,ok,,flexible
"PEPTIDE1{Me_dA.V.Me_dL.L.Me_Phe(3-Cl).meA.meF}$PEPTIDE1,PEPTIDE1,1:R1-7:R2$$$",-5.94000000,ok,,flexible
"PEPTIDE1{Pr_Gly.Mono38.Mono84.P.A.meL.T}$PEPTIDE1,PEPTIDE1,1:R1-7:R2$$$",-6.02600000,ok,,flexible
"PEPTIDE1{dA.L.dL.meA.meF.meL.T}$PEPTIDE1,PEPTIDE1,1:R1-7:R2$$$",-6.16300000,ok,,flexible
"PEPTIDE1{P.Pr_Gly.V.F.meL.Mono34.I}$PEPTIDE1,PEPTIDE1,1:R1-7:R2$$$",-4.98700000,ok,,flexible
"PEPTIDE1{Me_Bal.A.Mono38.G.cHexCH2_Gly.Ser(tBu).meL}$PEPTIDE1,PEPTIDE1,1:R1-7:R2$$$",-5.72600000,ok,,flexible
"PEPTIDE1{meA.dP.T.A.L.Aoc(2).Abu}$PEPTIDE1,PEPTIDE1,1:R1-7:R2$$$",-5.33400000,ok,,flexible
"PEPTIDE1{Pr_Gly.meA.Ser(tBu).P.Me_dA.dL.Me_dL}$PEPTIDE1,PEPTIDE1,1:R1-7:R2$$$",-6.04200000,ok,,flexible
"PEPTIDE1{Me_dA.pentyl_Gly.Mono102.L.Ser(tBu).dL.Mono86}$PEPTIDE1,PEPTIDE1,1:R1-7:R2$$$",-5.81100000,ok,,flexible
"PEPTIDE1{Me_dA.meL.meA.V.T.meL.dL}$PEPTIDE1,PEPTIDE1,1:R1-7:R2$$$",-5.68000000,ok,,flexible
"PEPTIDE1{P.Me_Phe(3-Cl).L.A.F.Ser(tBu).T}$PEPTIDE1,PEPTIDE1,1:R1-7:R2$$$",-6.44100000,ok,,flexible
"PEPTIDE1{Me_Bal.Pr_Gly.meA.V.Me_dL.L.dP}$PEPTIDE1,PEPTIDE1,1:R1-7:R2$$$",-5.20000000,ok,,flexible
"PEPTIDE1{Pr_Gly.A.L.meL.meA.dP.V}$PEPTIDE1,PEPTIDE1,1:R1-7:R2$$$",-5.49700000,ok,,flexible
"PEPTIDE1{A.Mono38.L.dL.T.meF.meA}$PEPTIDE1,PEPTIDE1,1:R1-7:R2$$$",-6.40400000,ok,,flexible
"PEPTIDE1{L.dF.meL.Abu.Ala(5-Tet).meF.Sar}$PEPTIDE1,PEPTIDE1,1:R1-7:R2$$$",-5.62100000,ok,,flexible
"PEPTIDE1{dA.Me_dL.meF.T.T.meL.Sar}$PEPTIDE1,PEPTIDE1,1:R1-7:R2$$$",-6.18300000,ok,,flexible
"PEPTIDE1{Pr_Gly.A.Mono84.meL.L.meF.I}$PEPTIDE1,PEPTIDE1,1:R1-7:R2$$$",-5.65500000,ok,,flexible
"PEPTIDE1{Me_Bal.meF.F.L.G.V.Me_dL}$PEPTIDE1,PEPTIDE1,1:R1-7:R2$$$",-5.79200000,ok,,flexible
"PEPTIDE1{Me_Bal.dA.meL.L.meL.F.meA}$PEPTIDE1,PEPTIDE1,1:R1-7:R2$$$",-6.52100000,ok,,flexible
"PEPTIDE1{F.Me_dA.meA.dL.T.meL.dP}$PEPTIDE1,PEPTIDE1,1:R1-7:R2$$$",-6.56100000,ok,,flexible
"PEPTIDE1{meL.L.Abu.T.dV.Me_dL.F}$PEPTIDE1,PEPTIDE1,1:R1-7:R2$$$",-5.75900000,ok,,flexible
"PEPTIDE1{Me_Bal.Mono38.Me_Phe(3-Cl).T.Ser(tBu).Ser(tBu).V}$PEPTIDE1,PEPTIDE1,1:R1-7:R2$$$",-5.39400000,ok,,flexible
"PEPTIDE1{dV.meS.meA.Me_dL.I.meI.A}$PEPTIDE1,PEPTIDE1,1:R1-7:R2$$$",-5.68600000,ok,,flexible
"PEPTIDE1{A.F.Me_dL.meL.3Pal.pentyl_Gly.dL}$PEPTIDE1,PEPTIDE1,1:R1-7:R2$$$",-4.93800000,ok,,flexible
"PEPTIDE1{Me_dA.meS.T.Sar.A.F.L}$PEPTIDE1,PEPTIDE1,1:R1-7:R2$$$",-5.67100000,ok,,flexible
"PEPTIDE1{Me_dA.I.G.Mono86.L.V.I}$PEPTIDE1,PEPTIDE1,1:R1-7:R2$$$",-6.39100000,ok,,flexible
"PEPTIDE1{Me_Bal.F.T.L.T.meA.meL}$PEPTIDE1,PEPTIDE1,1:R1-7:R2$$$",-6.66200000,ok,,flexible
"PEPTIDE1{Mono6.meA.dP.meL.T.meF.Me_dL}$PEPTIDE1,PEPTIDE1,1:R1-7:R2$$$",-6.41700000,ok,,flexible
"PEPTIDE1{dA.meA.Me_dA.meL.I.meF.Mono7}$PEPTIDE1,PEPTIDE1,1:R1-7:R2$$$",-6.58900000,ok,,flexible
"PEPTIDE1{meA.A.meS.Sar.meF.meL.L}$PEPTIDE1,PEPTIDE1,1:R1-7:R2$$$",-5.45300000,ok,,flexible
"PEPTIDE1{L.Me_dL.A.dL.V.T.meA}$PEPTIDE1,PEPTIDE1,1:R1-7:R2$$$",-5.81900000,ok,,flexible
"PEPTIDE1{dA.pentyl_Gly.A.T.Ser(tBu).meL.meL}$PEPTIDE1,PEPTIDE1,1:R1-7:R2$$$",-5.11900000,ok,,flexible
"PEPTIDE1{Pr_Gly.A.meL.Ser(tBu).T.P.Sar}$PEPTIDE1,PEPTIDE1,1:R1-7:R2$$$",-5.76900000,ok,,flexible
"PEPTIDE1{dA.A.L.Me_dL.Me_dL.P.meA}$PEPTIDE1,PEPTIDE1,1:R1-7:R2$$$",-5.78300000,ok,,flexible
"PEPTIDE1{dA.Me_dL.meA.T.Me_Abu.Abu.dP}$PEPTIDE1,PEPTIDE1,1:R1-7:R2$$$",-6.28300000,ok,,flexible
"PEPTIDE1{Me_Bal.I.P.meL.meA.L.F}$PEPTIDE1,PEPTIDE1,1:R1-7:R2$$$",-5.80100000,ok,,flexible
"PEPTIDE1{A.Me_dA.L.T.Ser(tBu).I.V}$PEPTIDE1,PEPTIDE1,1:R1-7:R2$$$",-5.43300000,ok,,flexible
"PEPTIDE1{meA.L.Me_dA.dP.A.meA.T}$PEPTIDE1,PEPTIDE1,1:R1-7:R2$$$",-6.48700000,ok,,flexible
"PEPTIDE1{Me_dA.meA.Me_dL.meL.I.L.Ser(tBu)}$PEPTIDE1,PEPTIDE1,1:R1-7:R2$$$",-5.50100000,ok,,flexible
"PEPTIDE1{Me_Bal.meV.I.A.P.V.T}$PEPTIDE1,PEPTIDE1,1:R1-7:R2$$$",-6.09300000,ok,,flexible
"PEPTIDE1{Pr_Gly.cHexCH2_Gly.dP.P.Me_dL.Ser(tBu).V}$PEPTIDE1,PEPTIDE1,1:R1-7:R2$$$",-5.80400000,ok,,flexible
"PEPTIDE1{Me_dA.dL.meL.Phe(4-CF3).T.P.Ser(tBu)}$PEPTIDE1,PEPTIDE1,1:R1-7:R2$$$",-6.66100000,ok,,flexible
"PEPTIDE1{meA.F.A.A.dP.V.Ser(tBu)}$PEPTIDE1,PEPTIDE1,1:R1-7:R2$$$",-6.09700000,ok,,flexible
"PEPTIDE1{Me_Bal.meA.meL.meF.T.V.F}$PEPTIDE1,PEPTIDE1,1:R1-7:R2$$$",-7.00700000,ok,,flexible
"PEPTIDE1{dV.meL.L.meS.T.Abu.Me_dL}$PEPTIDE1,PEPTIDE1,1:R1-7:R2$$$",-5.25800000,ok,,flexible
"PEPTIDE1{Sar.V.P.Me_dL.dL.T.meL}$PEPTIDE1,PEPTIDE1,1:R1-7:R2$$$",-5.25000000,ok,,flexible
"PEPTIDE1{meA.meA.P.Me_dL.dP.L.Me_dA}$PEPTIDE1,PEPTIDE1,1:R1-7:R2$$$",-6.04900000,ok,,flexible
"PEPTIDE1{dA.A.L.meL.Abu.meA.Me_dL}$PEPTIDE1,PEPTIDE1,1:R1-7:R2$$$",-6.04200000,ok,,flexible
"PEPTIDE1{P.Pr_Gly.meL.meL.Me_dL.meA.meA}$PEPTIDE1,PEPTIDE1,1:R1-7:R2$$$",-6.11100000,ok,,flexible
"PEPTIDE1{dF.3Pal.P.L.dP.P.meA}$PEPTIDE1,PEPTIDE1,1:R1-7:R2$$$",-6.69500000,ok,,flexible
"PEPTIDE1{Sar.meL.L.I.meA.V.A}$PEPTIDE1,PEPTIDE1,1:R1-7:R2$$$",-6.07200000,ok,,flexible
"PEPTIDE1{Me_dA.Me_dL.meA.Abu.meL.T.A}$PEPTIDE1,PEPTIDE1,1:R1-7:R2$$$",-5.96100000,ok,,flexible
"PEPTIDE1{Me_dA.L.meL.T.G.meI.V}$PEPTIDE1,PEPTIDE1,1:R1-7:R2$$$",-5.85700000,ok,,flexible
"PEPTIDE1{dA.Abu.L.meL.Me_dL.meS.T}$PEPTIDE1,PEPTIDE1,1:R1-7:R2$$$",-5.25600000,ok,,flexible
"PEPTIDE1{dF.meA.meF.A.meS.Me_dA.meL}$PEPTIDE1,PEPTIDE1,1:R1-7:R2$$$",-6.07300000,ok,,flexible
"PEPTIDE1{F.Pr_Gly.meA.L.A.meF.dL}$PEPTIDE1,PEPTIDE1,1:R1-7:R2$$$",-6.04900000,ok,,flexible
"PEPTIDE1{meA.I.P.V.T.pentyl_Gly.Ser(tBu)}$PEPTIDE1,PEPTIDE1,1:R1-7:R2$$$",-5.53900000,ok,,flexible
"PEPTIDE1{meA.meL.meS.Aoc(2).A.L.P}$PEPTIDE1,PEPTIDE1,1:R1-7:R2$$$",-5.16000000,ok,,flexible
"PEPTIDE1{dF.L.Abu.T.meA.Ala(5-Tet).meS}$PEPTIDE1,PEPTIDE1,1:R1-7:R2$$$",-6.03700000,ok,,flexible
"PEPTIDE1{Sar.meL.L.meA.dL.dP.Me_dL}$PEPTIDE1,PEPTIDE1,1:R1-7:R2$$$",-5.55900000,ok,,flexible
"PEPTIDE1{dP.Me_dA.meL.meF.T.L.Ser(tBu)}$PEPTIDE1,PEPTIDE1,1:R1-7:R2$$$",-5.94900000,ok,,flexible
"PEPTIDE1{dV.A.meL.meL.L.T.Sar}$PEPTIDE1,PEPTIDE1,1:R1-7:R2$$$",-5.83800000,ok,,flexible
"PEPTIDE1{dV.T.meA.G.L.A.V}$PEPTIDE1,PEPTIDE1,1:R1-7:R2$$$",-5.91300000,ok,,flexible
"PEPTIDE1{dV.A.pentyl_Gly.Ser(tBu).dL.T.meL}$PEPTIDE1,PEPTIDE1,1:R1-7:R2$$$",-5.09900000,ok,,flexible
"PEPTIDE1{dV.A.meF.P.L.meL.dL}$PEPTIDE1,PEPTIDE1,1:R1-7:R2$$$",-5.67700000,ok,,flexible
"PEPTIDE1{dF.cHexCH2_Gly.A.meL.L.P.dP}$PEPTIDE1,PEPTIDE1,1:R1-7:R2$$$",-6.38800000,ok,,flexible
"PEPTIDE1{A.V.meL.T.T.meL.dP}$PEPTIDE1,PEPTIDE1,1:R1-7:R2$$$",-5.99700000,ok,,flexible
"PEPTIDE1{meL.L.A.meF.L.T.Sar}$PEPTIDE1,PEPTIDE1,1:R1-7:R2$$$",-5.89800000,ok,,flexible
"PEPTIDE1{Me_dA.Me_dL.meI.meL.A.V.Ser(tBu)}$PEPTIDE1,PEPTIDE1,1:R1-7:R2$$$",-5.50200000,ok,,flexible
"PEPTIDE1{dV.meS.meA.T.A.meS.meL}$PEPTIDE1,PEPTIDE1,1:R1-7:R2$$$",-6.09000000,ok,,flexible
"PEPTIDE1{Me_dA.T.meL.T.L.meV.meF}$PEPTIDE1,PEPTIDE1,1:R1-7:R2$$$",-5.95400000,ok,,flexible
"PEPTIDE1{Me_dA.Me_dL.meF.Bn_Gly.Ser(tBu).L.I}$PEPTIDE1,PEPTIDE1,1:R1-7:R2$$$",-5.53700000,ok,,flexible
"PEPTIDE1{A.meS.Abu.L.T.Me_dA.meL}$PEPTIDE1,PEPTIDE1,1:R1-7:R2$$$",-6.31600000,ok,,flexible
"PEPTIDE1{meL.Abu.Me_dL.T.V.meS.A}$PEPTIDE1,PEPTIDE1,1:R1-7:R2$$$",-5.43000000,ok,,flexible
"PEPTIDE1{Me_dA.A.T.Mono78.meL.L.dV}$PEPTIDE1,PEPTIDE1,1:R1-7:R2$$$",-5.94400000,ok,,flexible
"PEPTIDE1{F.P.cHexCH2_Gly.dL.Ser(tBu).meL.T}$PEPTIDE1,PEPTIDE1,1:R1-7:R2$$$",-6.00300000,ok,,flexible
"PEPTIDE1{meA.A.Me_dA.meL.T.meF.Ser(tBu)}$PEPTIDE1,PEPTIDE1,1:R1-7:R2$$$",-5.61300000,ok,,flexible
"PEPTIDE1{meL.meS.A.Abu.Phe(4-CF3).Ala(5-Tet).T}$PEPTIDE1,PEPTIDE1,1:R1-7:R2$$$",-6.11300000,ok,,flexible
"PEPTIDE1{meA.Me_dA.Me_dL.A.dP.L.dL}$PEPTIDE1,PEPTIDE1,1:R1-7:R2$$$",-5.73800000,ok,,flexible
"PEPTIDE1{dV.P.Abu.meS.Sar.A.Me_dA}$PEPTIDE1,PEPTIDE1,1:R1-7:R2$$$",-5.99900000,ok,,flexible
"PEPTIDE1{meA.L.G.dL.Mono84.L.A}$PEPTIDE1,PEPTIDE1,1:R1-7:R2$$$",-6.61200000,ok,,flexible
"PEPTIDE1{A.meV.meA.P.dL.F.meL}$PEPTIDE1,PEPTIDE1,1:R1-7:R2$$$",-5.85200000,ok,,flexible
"PEPTIDE1{dF.cHexCH2_Gly.pentyl_Gly.L.Ser(tBu).P.T}$PEPTIDE1,PEPTIDE1,1:R1-7:R2$$$",-5.41300000,ok,,flexible
"PEPTIDE1{meA.L.meS.meL.meL.A.dP}$PEPTIDE1,PEPTIDE1,1:R1-7:R2$$$",-5.85800000,ok,,flexible
"PEPTIDE1{meA.dPye.dL.Me_dL.T.V.A}$PEPTIDE1,PEPTIDE1,1:R1-7:R2$$$",-6.20100000,ok,,flexible
"PEPTIDE1{meA.P.pentyl_Gly.A.meF.dV.T}$PEPTIDE1,PEPTIDE1,1:R1-7:R2$$$",-6.30300000,ok,,flexible
"PEPTIDE1{dA.P.T.meA.dP.Me_dL.L}$PEPTIDE1,PEPTIDE1,1:R1-7:R2$$$",-6.71900000,ok,,flexible
"PEPTIDE1{dP.meA.Me_Phe(3-Cl).L.G.dL.meL}$PEPTIDE1,PEPTIDE1,1:R1-7:R2$$$",-6.56200000,ok,,flexible
"PEPTIDE1{dA.cHexCH2_Gly.T.L.Me_dL.Me_dA.A}$PEPTIDE1,PEPTIDE1,1:R1-7:R2$$$",-6.40000000,ok,,flexible
"PEPTIDE1{A.Me_dL.P.L.T.Me_dL.Me_dA}$PEPTIDE1,PEPTIDE1,1:R1-7:R2$$$",-5.80500000,ok,,flexible
"PEPTIDE1{meL.T.meA.T.A.A.meL}$PEPTIDE1,PEPTIDE1,1:R1-7:R2$$$",-6.00000000,ok,,flexible
"PEPTIDE1{A.T.meA.P.Abu.meS.meL}$PEPTIDE1,PEPTIDE1,1:R1-7:R2$$$",-5.93800000,ok,,flexible
"PEPTIDE1{dV.meL.A.I.L.Me_dL.T}$PEPTIDE1,PEPTIDE1,1:R1-7:R2$$$",-5.67500000,ok,,flexible
"PEPTIDE1{dF.Mono38.L.A.Abu.L.dL}$PEPTIDE1,PEPTIDE1,1:R1-7:R2$$$",-5.17400000,ok,,flexible
"PEPTIDE1{meA.Me_dL.L.Me_dA.meS.dP.meA}$PEPTIDE1,PEPTIDE1,1:R1-7:R2$$$",-6.10000000,ok,,flexible
"PEPTIDE1{dF.Ala(5-Tet).L.T.Sar.T.dA}$PEPTIDE1,PEPTIDE1,1:R1-7:R2$$$",-6.08400000,ok,,flexible
"PEPTIDE1{L.T.A.T.meS.Abu.meS}$PEPTIDE1,PEPTIDE1,1:R1-7:R2$$$",-5.34400000,ok,,flexible
"PEPTIDE1{Me_Bal.pentyl_Gly.dL.L.meL.meA.dP}$PEPTIDE1,PEPTIDE1,1:R1-7:R2$$$",-5.36900000,ok,,flexible
"PEPTIDE1{meL.Me_dA.dA.meS.T.meF.dL}$PEPTIDE1,PEPTIDE1,1:R1-7:R2$$$",-5.67900000,ok,,flexible
"PEPTIDE1{dA.Me_dL.V.meL.meL.I.T}$PEPTIDE1,PEPTIDE1,1:R1-7:R2$$$",-5.67300000,ok,,flexible
"PEPTIDE1{Me_Bal.L.cHexCH2_Gly.meL.Mono84.F.Ser(tBu)}$PEPTIDE1,PEPTIDE1,1:R1-7:R2$$$",-5.24800000,ok,,flexible
"PEPTIDE1{meA.meS.meL.Abu.L.T.Aoc(2)}$PEPTIDE1,PEPTIDE1,1:R1-7:R2$$$",-5.45500000,ok,,flexible
"PEPTIDE1{meA.meS.meL.L.dL.A.Ala(5-Tet)}$PEPTIDE1,PEPTIDE1,1:R1-7:R2$$$",-5.98400000,ok,,flexible
"PEPTIDE1{Me_dA.L.Ser(tBu).T.Me_dL.meA.T}$PEPTIDE1,PEPTIDE1,1:R1-7:R2$$$",-5.45400000,ok,,flexible
"PEPTIDE1{A.meL.Abu.meA.meS.Ala(5-Tet).dL}$PEPTIDE1,PEPTIDE1,1:R1-7:R2$$$",-6.09400000,ok,,flexible
"PEPTIDE1{Me_dA.meL.Me_dL.dP.Me_dL.dL.meA}$PEPTIDE1,PEPTIDE1,1:R1-7:R2$$$",-5.82100000,ok,,flexible
"PEPTIDE1{dV.A.F.Me_dL.dP.L.T}$PEPTIDE1,PEPTIDE1,1:R1-7:R2$$$",-5.47900000,ok,,flexible
"PEPTIDE1{F.Mono38.Mono84.Me_Nle.dP.L.P}$PEPTIDE1,PEPTIDE1,1:R1-7:R2$$$",-6.88800000,ok,,flexible
"PEPTIDE1{F.pentyl_Gly.L.cHexCH2_Gly.cHexCH2_Gly.Ser(tBu).Mono84}$PEPTIDE1,PEPTIDE1,1:R1-7:R2$$$",-5.47400000,ok,,flexible
"PEPTIDE1{Sar.P.meA.meL.Me_dL.T.P}$PEPTIDE1,PEPTIDE1,1:R1-7:R2$$$",-5.88400000,ok,,flexible
"PEPTIDE1{Me_Bal.dPye.Pr_Gly.Pr_Gly.Ser(tBu).T.P}$PEPTIDE1,PEPTIDE1,1:R1-7:R2$$$",-5.91900000,ok,,flexible
"PEPTIDE1{A.I.I.meA.P.L.P}$PEPTIDE1,PEPTIDE1,1:R1-7:R2$$$",-6.17700000,ok,,flexible
"PEPTIDE1{Pr_Gly.dA.Me_dL.meF.meS.P.meV}$PEPTIDE1,PEPTIDE1,1:R1-7:R2$$$",-5.46000000,ok,,flexible
"PEPTIDE1{Me_Bal.Pr_Gly.Me_dL.meA.F.G.P}$PEPTIDE1,PEPTIDE1,1:R1-7:R2$$$",-6.24000000,ok,,flexible
"PEPTIDE1{dV.meL.meL.T.meA.dP.V}$PEPTIDE1,PEPTIDE1,1:R1-7:R2$$$",-5.86000000,ok,,flexible
"PEPTIDE1{A.meS.dA.meA.L.F.Ser(tBu)}$PEPTIDE1,PEPTIDE1,1:R1-7:R2$$$",-5.55500000,ok,,flexible
"PEPTIDE1{meA.meL.T.dL.Abu.dL.I}$PEPTIDE1,PEPTIDE1,1:R1-7:R2$$$",-5.55700000,ok,,flexible
"PEPTIDE1{dA.Me_dL.F.meL.L.meV.Ser(tBu)}$PEPTIDE1,PEPTIDE1,1:R1-7:R2$$$",-6.31300000,ok,,flexible
"PEPTIDE1{Mono6.Ser(tBu).meL.L.F.A.T}$PEPTIDE1,PEPTIDE1,1:R1-7:R2$$$",-6.00300000,ok,,flexible
"PEPTIDE1{Sar.L.meL.V.T.Me_dL.meF}$PEPTIDE1,PEPTIDE1,1:R1-7:R2$$$",-5.54200000,ok,,flexible
"PEPTIDE1{A.T.meA.dL.T.F.L}$PEPTIDE1,PEPTIDE1,1:R1-7:R2$$$",-6.41400000,ok,,flexible
"PEPTIDE1{dV.F.meL.T.T.G.meL}$PEPTIDE1,PEPTIDE1,1:R1-7:R2$$$",-6.42700000,ok,,flexible
"PEPTIDE1{Mono6.T.dL.A.L.Et_Gly.L}$PEPTIDE1,PEPTIDE1,1:R1-7:R2$$$",-6.05000000,ok,,flexible
"PEPTIDE1{dV.meL.Aoc(2).L.A.meA.T}$PEPTIDE1,PEPTIDE1,1:R1-7:R2$$$",-5.88300000,ok,,flexible
"PEPTIDE1{Me_Bal.V.P.A.T.meL.meL}$PEPTIDE1,PEPTIDE1,1:R1-7:R2$$$",-6.22200000,ok,,flexible
"PEPTIDE1{dA.T.meL.L.T.F.Me_dL}$PEPTIDE1,PEPTIDE1,1:R1-7:R2$$$",-5.70800000,ok,,flexible
"PEPTIDE1{Mono6.meA.meF.T.L.P.I}$PEPTIDE1,PEPTIDE1,1:R1-7:R2$$$",-6.52900000,ok,,flexible
"PEPTIDE1{meA.meF.L.I.meL.meL.F}$PEPTIDE1,PEPTIDE1,1:R1-7:R2$$$",-5.75300000,ok,,flexible
"PEPTIDE1{meF.pentyl_Gly.T.dL.V.dV.A}$PEPTIDE1,PEPTIDE1,1:R1-7:R2$$$",-5.50300000,ok,,flexible
"PEPTIDE1{Me_Bal.meA.Me_dL.meS.T.A.Sar}$PEPTIDE1,PEPTIDE1,1:R1-7:R2$$$",-6.26300000,ok,,flexible
"PEPTIDE1{A.F.meL.meA.V.Ser(tBu).P}$PEPTIDE1,PEPTIDE1,1:R1-7:R2$$$",-5.55900000,ok,,flexible
"PEPTIDE1{Me_dA.L.meL.F.A.dL.T}$PEPTIDE1,PEPTIDE1,1:R1-7:R2$$$",-6.61800000,ok,,flexible
"PEPTIDE1{meA.L.T.T.A.meL.dL}$PEPTIDE1,PEPTIDE1,1:R1-7:R2$$$",-5.62700000,ok,,flexible
"PEPTIDE1{Mono6.cHexCH2_Gly.L.dP.dL.I.A}$PEPTIDE1,PEPTIDE1,1:R1-7:R2$$$",-5.98500000,ok,,flexible
"PEPTIDE1{meL.T.meF.Me_dL.meA.dA.L}$PEPTIDE1,PEPTIDE1,1:R1-7:R2$$$",-5.64100000,ok,,flexible
"PEPTIDE1{F.L.A.meL.Ala(5-Tet).L.meF}$PEPTIDE1,PEPTIDE1,1:R1-7:R2$$$",-5.80400000,ok,,flexible
"PEPTIDE1{A.meL.meF.L.meL.meA.meS}$PEPTIDE1,PEPTIDE1,1:R1-7:R2$$$",-5.68700000,ok,,flexible
"PEPTIDE1{meA.T.P.meL.Me_dA.L.meL}$PEPTIDE1,PEPTIDE1,1:R1-7:R2$$$",-5.67600000,ok,,flexible
"PEPTIDE1{dA.T.A.Abu.Ala(5-Tet).L.L}$PEPTIDE1,PEPTIDE1,1:R1-7:R2$$$",-6.38200000,ok,,flexible
"PEPTIDE1{Sar.Sar.meA.T.L.meV.meL}$PEPTIDE1,PEPTIDE1,1:R1-7:R2$$$",-5.63200000,ok,,flexible
"PEPTIDE1{F.L.meL.Abu.A.Me_dA.T}$PEPTIDE1,PEPTIDE1,1:R1-7:R2$$$",-5.80600000,ok,,flexible
"PEPTIDE1{dV.Abu.L.T.A.T.meS}$PEPTIDE1,PEPTIDE1,1:R1-7:R2$$$",-5.57400000,ok,,flexible
"PEPTIDE1{Me_dA.meA.Me_dL.T.V.dL.L}$PEPTIDE1,PEPTIDE1,1:R1-7:R2$$$",-6.35400000,ok,,flexible
"PEPTIDE1{A.Sar.F.meA.meL.meL.L}$PEPTIDE1,PEPTIDE1,1:R1-7:R2$$$",-5.63400000,ok,,flexible
"PEPTIDE1{dA.L.pentyl_Gly.F.meL.meL.dL}$PEPTIDE1,PEPTIDE1,1:R1-7:R2$$$",-5.35700000,ok,,flexible
"PEPTIDE1{meA.P.F.meV.Sar.I.L}$PEPTIDE1,PEPTIDE1,1:R1-7:R2$$$",-6.40200000,ok,,flexible
"PEPTIDE1{meA.pentyl_Gly.dL.A.Mono84.L.meL}$PEPTIDE1,PEPTIDE1,1:R1-7:R2$$$",-5.42400000,ok,,flexible
"PEPTIDE1{A.meF.meL.L.Ala(5-Tet).T.meS}$PEPTIDE1,PEPTIDE1,1:R1-7:R2$$$",-5.74000000,ok,,flexible
"PEPTIDE1{Me_Bal.Me_dA.T.L.Abu.meS.Aoc(2)}$PEPTIDE1,PEPTIDE1,1:R1-7:R2$$$",-5.58700000,ok,,flexible
"PEPTIDE1{dA.T.meS.L.meL.meS.Me_dA}$PEPTIDE1,PEPTIDE1,1:R1-7:R2$$$",-5.69500000,ok,,flexible
"PEPTIDE1{meL.A.L.meS.Abu.F.meL}$PEPTIDE1,PEPTIDE1,1:R1-7:R2$$$",-5.40600000,ok,,flexible
"PEPTIDE1{Me_dA.Mono78.T.F.I.meA.V}$PEPTIDE1,PEPTIDE1,1:R1-7:R2$$$",-6.05400000,ok,,flexible
"PEPTIDE1{meL.meS.L.meA.Me_dA.dL.meF}$PEPTIDE1,PEPTIDE1,1:R1-7:R2$$$",-6.13300000,ok,,flexible
"PEPTIDE1{meA.G.L.dL.I.V.Me_dL}$PEPTIDE1,PEPTIDE1,1:R1-7:R2$$$",-5.61800000,ok,,flexible
"PEPTIDE1{dV.L.Ala(5-Tet).T.Abu.A.meF}$PEPTIDE1,PEPTIDE1,1:R1-7:R2$$$",-5.71000000,ok,,flexible
"PEPTIDE1{L.meL.V.meA.Me_dL.meA.meY}$PEPTIDE1,PEPTIDE1,1:R1-7:R2$$$",-5.58100000,ok,,flexible
"PEPTIDE1{dP.Pr_Gly.meF.meL.L.T.meL}$PEPTIDE1,PEPTIDE1,1:R1-7:R2$$$",-5.98400000,ok,,flexible
"PEPTIDE1{Me_dA.F.A.Mono38.L.Mono84.P}$PEPTIDE1,PEPTIDE1,1:R1-7:R2$$$",-6.97800000,ok,,flexible
"PEPTIDE1{Me_dA.L.meL.V.T.A.Me_dL}$PEPTIDE1,PEPTIDE1,1:R1-7:R2$$$",-5.84100000,ok,,flexible
"PEPTIDE1{meA.A.meS.meS.dL.Abu.L}$PEPTIDE1,PEPTIDE1,1:R1-7:R2$$$",-5.56000000,ok,,flexible
"PEPTIDE1{Sar.T.meA.meF.V.meL.I}$PEPTIDE1,PEPTIDE1,1:R1-7:R2$$$",-5.63800000,ok,,flexible
"PEPTIDE1{F.meL.dP.meA.Sar.L.T}$PEPTIDE1,PEPTIDE1,1:R1-7:R2$$$",-6.11800000,ok,,flexible
"PEPTIDE1{meA.Pr_Gly.Ser(tBu).F.Me_Phe(3-Cl).meL.L}$PEPTIDE1,PEPTIDE1,1:R1-7:R2$$$",-5.28300000,ok,,flexible
"PEPTIDE1{meA.P.T.T.meL.F.dL}$PEPTIDE1,PEPTIDE1,1:R1-7:R2$$$",-5.60200000,ok,,flexible
"PEPTIDE1{F.L.L.dL.T.meA.I}$PEPTIDE1,PEPTIDE1,1:R1-7:R2$$$",-5.50900000,ok,,flexible
"PEPTIDE1{Me_dA.F.meA.L.meL.T.Me_dL}$PEPTIDE1,PEPTIDE1,1:R1-7:R2$$$",-5.98800000,ok,,flexible
"PEPTIDE1{Pr_Gly.cHexCH2_Gly.L.dP.Mono84.T.meL}$PEPTIDE1,PEPTIDE1,1:R1-7:R2$$$",-5.48000000,ok,,flexible
"PEPTIDE1{Sar.L.meA.Me_dL.dV.dF.I}$PEPTIDE1,PEPTIDE1,1:R1-7:R2$$$",-6.18000000,ok,,flexible
"PEPTIDE1{dF.meS.T.dL.A.meA.Abu}$PEPTIDE1,PEPTIDE1,1:R1-7:R2$$$",-6.19600000,ok,,flexible
"PEPTIDE1{dV.Me_Nle.F.T.A.A.meS}$PEPTIDE1,PEPTIDE1,1:R1-7:R2$$$",-6.32800000,ok,,flexible
"PEPTIDE1{meA.T.meF.meL.A.T.L}$PEPTIDE1,PEPTIDE1,1:R1-7:R2$$$",-5.53200000,ok,,flexible
"PEPTIDE1{Me_Bal.A.G.L.V.Me_dL.Ser(tBu)}$PEPTIDE1,PEPTIDE1,1:R1-7:R2$$$",-6.04000000,ok,,flexible
"PEPTIDE1{dV.meL.L.meF.A.meA.Aoc(2)}$PEPTIDE1,PEPTIDE1,1:R1-7:R2$$$",-5.89500000,ok,,flexible
"PEPTIDE1{meA.F.L.P.I.V.T}$PEPTIDE1,PEPTIDE1,1:R1-7:R2$$$",-6.08000000,ok,,flexible
"PEPTIDE1{F.P.Me_dL.dP.meS.meF.meA}$PEPTIDE1,PEPTIDE1,1:R1-7:R2$$$",-6.04500000,ok,,flexible
"PEPTIDE1{dV.A.T.meL.L.V.L}$PEPTIDE1,PEPTIDE1,1:R1-7:R2$$$",-5.95600000,ok,,flexible
"PEPTIDE1{A.Aoc(2).meS.T.L.Me_dL.meA}$PEPTIDE1,PEPTIDE1,1:R1-7:R2$$$",-5.12100000,ok,,flexible
"PEPTIDE1{dA.Abu.meA.meS.L.meF.A}$PEPTIDE1,PEPTIDE1,1:R1-7:R2$$$",-6.35500000,ok,,flexible
"PEPTIDE1{Pr_Gly.meA.A.meL.meS.T.T}$PEPTIDE1,PEPTIDE1,1:R1-7:R2$$$",-5.17200000,ok,,flexible
"PEPTIDE1{dA.L.meL.A.meA.dP.Abu}$PEPTIDE1,PEPTIDE1,1:R1-7:R2$$$",-6.05700000,ok,,flexible
"PEPTIDE1{Me_Bal.meL.Sar.Abu.meF.Ala(5-Tet).T}$PEPTIDE1,PEPTIDE1,1:R1-7:R2$$$",-6.17500000,ok,,flexible
"PEPTIDE1{meA.A.Me_dL.meF.meL.dA.dL}$PEPTIDE1,PEPTIDE1,1:R1-7:R2$$$",-6.48100000,ok,,flexible
"PEPTIDE1{meA.cHexCH2_Gly.pentyl_Gly.P.I.L.Ser(tBu)}$PEPTIDE1,PEPTIDE1,1:R1-7:R2$$$",-5.18500000,ok,,flexible
"PEPTIDE1{F.pentyl_Gly.pentyl_Gly.L.A.I.Me_Phe(3-Cl)}$PEPTIDE1,PEPTIDE1,1:R1-7:R2$$$",-4.58300000,ok,,flexible
"PEPTIDE1{Mono6.meL.Ser(tBu).V.T.meA.I}$PEPTIDE1,PEPTIDE1,1:R1-7:R2$$$",-5.33000000,ok,,flexible
"PEPTIDE1{dA.dP.meF.T.L.meL.Ser(tBu)}$PEPTIDE1,PEPTIDE1,1:R1-7:R2$$$",-6.21200000,ok,,flexible
"PEPTIDE1{dV.Pr_Gly.Abu.Me_dL.meL.T.F}$PEPTIDE1,PEPTIDE1,1:R1-7:R2$$$",-5.57200000,ok,,flexible
"PEPTIDE1{dV.T.meS.L.Abu.Me_dA.dL}$PEPTIDE1,PEPTIDE1,1:R1-7:R2$$$",-5.32000000,ok,,flexible
"PEPTIDE1{dV.meS.L.meL.Me_dA.A.meA}$PEPTIDE1,PEPTIDE1,1:R1-7:R2$$$",-6.11900000,ok,,flexible
"PEPTIDE1{meA.P.meL.L.T.Mono86.L}$PEPTIDE1,PEPTIDE1,1:R1-7:R2$$$",-6.22500000,ok,,flexible
"PEPTIDE1{Me_Bal.meL.meA.L.meL.Ser(tBu).F}$PEPTIDE1,PEPTIDE1,1:R1-7:R2$$$",-5.39200000,ok,,flexible
"PEPTIDE1{Me_dA.Abu.meA.dP.L.Sar.T}$PEPTIDE1,PEPTIDE1,1:R1-7:R2$$$",-6.80500000,ok,,flexible
"PEPTIDE1{Me_Bal.meF.L.Ser(tBu).L.dL.P}$PEPTIDE1,PEPTIDE1,1:R1-7:R2$$$",-5.55000000,ok,,flexible
"PEPTIDE1{Mono6.L.P.Me_dL.meL.meA.T}$PEPTIDE1,PEPTIDE1,1:R1-7:R2$$$",-6.42200000,ok,,flexible
"PEPTIDE1{Pr_Gly.L.P.Mono84.T.meA.meL}$PEPTIDE1,PEPTIDE1,1:R1-7:R2$$$",-5.76000000,ok,,flexible
"PEPTIDE1{Me_Bal.P.F.Me_dL.L.T.meF}$PEPTIDE1,PEPTIDE1,1:R1-7:R2$$$",-5.61300000,ok,,flexible
"PEPTIDE1{Me_Bal.Pr_Gly.dA.meL.P.V.Ser(tBu)}$PEPTIDE1,PEPTIDE1,1:R1-7:R2$$$",-5.78900000,ok,,flexible
"PEPTIDE1{L.pentyl_Gly.meF.L.P.Sar.Mono84}$PEPTIDE1,PEPTIDE1,1:R1-7:R2$$$",-5.49300000,ok,,flexible
"PEPTIDE1{Me_dA.P.L.T.P.meF.F}$PEPTIDE1,PEPTIDE1,1:R1-7:R2$$$",-6.43300000,ok,,flexible
"PEPTIDE1{dV.Me_dA.T.L.I.meL.T}$PEPTIDE1,PEPTIDE1,1:R1-7:R2$$$",-5.58900000,ok,,flexible
"PEPTIDE1{Me_dA.meL.P.Mono84.dP.G.dP}$PEPTIDE1,PEPTIDE1,1:R1-7:R2$$$",-7.57300000,ok,,flexible
"PEPTIDE1{dF.Aoc(2).A.T.L.meL.I}$PEPTIDE1,PEPTIDE1,1:R1-7:R2$$$",-4.91900000,ok,,flexible
"PEPTIDE1{Mono6.A.meS.L.T.dL.Abu}$PEPTIDE1,PEPTIDE1,1:R1-7:R2$$$",-5.78900000,ok,,flexible
"PEPTIDE1{Me_dA.G.L.meL.A.meA.dL}$PEPTIDE1,PEPTIDE1,1:R1-7:R2$$$",-6.19300000,ok,,flexible
"PEPTIDE1{meL.Me_dL.P.Me_dL.L.meY.Me_dA}$PEPTIDE1,PEPTIDE1,1:R1-7:R2$$$",-6.10500000,ok,,flexible
"PEPTIDE1{Me_dA.meA.A.Pr_Gly.meF.Ser(tBu).G}$PEPTIDE1,PEPTIDE1,1:R1-7:R2$$$",-6.09200000,ok,,flexible
"PEPTIDE1{L.3Pal.Mono84.meF.L.A.I}$PEPTIDE1,PEPTIDE1,1:R1-7:R2$$$",-6.90700000,ok,,flexible
"PEPTIDE1{Me_dA.A.dP.Me_dL.meL.3Pal.L}$PEPTIDE1,PEPTIDE1,1:R1-7:R2$$$",-5.98500000,ok,,flexible
"PEPTIDE1{dV.A.meA.L.meA.T.F}$PEPTIDE1,PEPTIDE1,1:R1-7:R2$$$",-6.38700000,ok,,flexible
"PEPTIDE1{F.A.I.dL.Mono86.Mono84.cHexCH2_Gly}$PEPTIDE1,PEPTIDE1,1:R1-7:R2$$$",-5.55100000,ok,,flexible
"PEPTIDE1{dF.T.A.meA.dP.I.meL}$PEPTIDE1,PEPTIDE1,1:R1-7:R2$$$",-6.19600000,ok,,flexible
"PEPTIDE1{meA.L.dL.pentyl_Gly.meL.Ser(tBu).T}$PEPTIDE1,PEPTIDE1,1:R1-7:R2$$$",-5.24200000,ok,,flexible
"PEPTIDE1{A.meA.dL.meL.P.T.Me_dL}$PEPTIDE1,PEPTIDE1,1:R1-7:R2$$$",-6.04600000,ok,,flexible
"PEPTIDE1{Me_Bal.T.meL.V.A.L.meA}$PEPTIDE1,PEPTIDE1,1:R1-7:R2$$$",-6.31500000,ok,,flexible
"PEPTIDE1{dF.Mono38.meL.T.dL.Mono84.dP}$PEPTIDE1,PEPTIDE1,1:R1-7:R2$$$",-6.25500000,ok,,flexible
"PEPTIDE1{Me_Bal.Me_dL.meA.meV.I.L.P}$PEPTIDE1,PEPTIDE1,1:R1-7:R2$$$",-5.12300000,ok,,flexible
"PEPTIDE1{dA.T.I.Me_dL.meL.V.L}$PEPTIDE1,PEPTIDE1,1:R1-7:R2$$$",-5.01400000,ok,,flexible
"PEPTIDE1{Me_dA.T.L.meS.dA.F.dP}$PEPTIDE1,PEPTIDE1,1:R1-7:R2$$$",-6.80900000,ok,,flexible
"PEPTIDE1{Me_dA.dA.F.V.dL.Ser(tBu).meL}$PEPTIDE1,PEPTIDE1,1:R1-7:R2$$$",-5.63400000,ok,,flexible
"PEPTIDE1{Mono6.pentyl_Gly.meA.meL.Me_Phe(3-Cl).dL.L}$PEPTIDE1,PEPTIDE1,1:R1-7:R2$$$",-5.72100000,ok,,flexible
"PEPTIDE1{L.Me_dA.meL.L.meI.dP.P}$PEPTIDE1,PEPTIDE1,1:R1-7:R2$$$",-6.25000000,ok,,flexible
"PEPTIDE1{A.dL.meL.Abu.T.Sar.meF}$PEPTIDE1,PEPTIDE1,1:R1-7:R2$$$",-5.86700000,ok,,flexible
"PEPTIDE1{meA.Mono38.Ser(tBu).P.T.dL.L}$PEPTIDE1,PEPTIDE1,1:R1-7:R2$$$",-6.19500000,ok,,flexible
"PEPTIDE1{Me_dA.meF.T.Me_dL.G.L.meL}$PEPTIDE1,PEPTIDE1,1:R1-7:R2$$$",-6.46400000,ok,,flexible
"PEPTIDE1{dA.Abu.meF.T.meS.A.L}$PEPTIDE1,PEPTIDE1,1:R1-7:R2$$$",-6.08100000,ok,,flexible
"PEPTIDE1{dF.meL.L.meF.Abu.Sar.meL}$PEPTIDE1,PEPTIDE1,1:R1-7:R2$$$",-5.57900000,ok,,flexible
"PEPTIDE1{P.Pr_Gly.dL.meA.L.A.Me_dL}$PEPTIDE1,PEPTIDE1,1:R1-7:R2$$$",-5.56100000,ok,,flexible
"PEPTIDE1{dV.dP.dL.meL.T.L.A}$PEPTIDE1,PEPTIDE1,1:R1-7:R2$$$",-6.13500000,ok,,flexible
"PEPTIDE1{meL.T.dP.A.Abu.dL.Me_dA}$PEPTIDE1,PEPTIDE1,1:R1-7:R2$$$",-5.85500000,ok,,flexible
"PEPTIDE1{A.A.P.L.dF.meF.Me_dL}$PEPTIDE1,PEPTIDE1,1:R1-7:R2$$$",-6.68300000,ok,,flexible
"PEPTIDE1{Me_dA.Pr_Gly.L.L.meL.A.meL}$PEPTIDE1,PEPTIDE1,1:R1-7:R2$$$",-5.00100000,ok,,flexible
"PEPTIDE1{Me_dA.meL.L.A.meA.meF.T}$PEPTIDE1,PEPTIDE1,1:R1-7:R2$$$",-6.50700000,ok,,flexible
"PEPTIDE1{Me_dA.F.V.meL.I.T.meF}$PEPTIDE1,PEPTIDE1,1:R1-7:R2$$$",-5.76800000,ok,,flexible
"PEPTIDE1{meA.Me_dL.meL.A.Sar.meV.G}$PEPTIDE1,PEPTIDE1,1:R1-7:R2$$$",-6.30600000,ok,,flexible
"PEPTIDE1{meA.Abu.meS.dL.meF.A.T}$PEPTIDE1,PEPTIDE1,1:R1-7:R2$$$",-5.61400000,ok,,flexible
"PEPTIDE1{Me_Bal.meA.meS.Bn_Gly.meV.meL.meL}$PEPTIDE1,PEPTIDE1,1:R1-7:R2$$$",-6.01100000,ok,,flexible
"PEPTIDE1{F.dP.meA.meL.L.A.dL}$PEPTIDE1,PEPTIDE1,1:R1-7:R2$$$",-6.18700000,ok,,flexible
"PEPTIDE1{Me_dA.meA.meL.meL.meY.Me_dL.A}$PEPTIDE1,PEPTIDE1,1:R1-7:R2$$$",-6.18300000,ok,,flexible
"PEPTIDE1{dA.dP.meA.meF.F.T.T}$PEPTIDE1,PEPTIDE1,1:R1-7:R2$$$",-6.65700000,ok,,flexible
"PEPTIDE1{meA.A.meL.F.meF.T.Me_dL}$PEPTIDE1,PEPTIDE1,1:R1-7:R2$$$",-6.69200000,ok,,flexible
"PEPTIDE1{meA.meS.L.T.meL.meF.P}$PEPTIDE1,PEPTIDE1,1:R1-7:R2$$$",-5.70200000,ok,,flexible
"PEPTIDE1{meA.I.Me_Phe(3-Cl).meF.dP.dL.Me_dL}$PEPTIDE1,PEPTIDE1,1:R1-7:R2$$$",-5.46300000,ok,,flexible
"PEPTIDE1{Sar.F.L.T.V.meL.dV}$PEPTIDE1,PEPTIDE1,1:R1-7:R2$$$",-5.68800000,ok,,flexible
"PEPTIDE1{F.Ala(5-Tet).meS.T.L.A.meL}$PEPTIDE1,PEPTIDE1,1:R1-7:R2$$$",-4.99300000,ok,,flexible
"PEPTIDE1{dV.I.I.G.A.L.Ser(tBu)}$PEPTIDE1,PEPTIDE1,1:R1-7:R2$$$",-5.32000000,ok,,flexible
"PEPTIDE1{meA.Me_dA.meL.V.Ser(tBu).Me_dL.F}$PEPTIDE1,PEPTIDE1,1:R1-7:R2$$$",-5.66500000,ok,,flexible
"PEPTIDE1{A.dP.P.meL.Me_dL.L.meA}$PEPTIDE1,PEPTIDE1,1:R1-7:R2$$$",-6.37300000,ok,,flexible
"PEPTIDE1{dA.A.meL.T.L.dP.V}$PEPTIDE1,PEPTIDE1,1:R1-7:R2$$$",-6.22000000,ok,,flexible
"PEPTIDE1{Me_dA.P.L.F.Me_dL.Me_dL.meA}$PEPTIDE1,PEPTIDE1,1:R1-7:R2$$$",-5.98700000,ok,,flexible
"PEPTIDE1{F.P.dL.A.Et_Gly.T.meL}$PEPTIDE1,PEPTIDE1,1:R1-7:R2$$$",-5.70800000,ok,,flexible
"PEPTIDE1{Me_Bal.Ser(tBu).meA.T.meL.meA.Me_dL}$PEPTIDE1,PEPTIDE1,1:R1-7:R2$$$",-5.75500000,ok,,flexible
"PEPTIDE1{dA.meF.T.Me_dA.T.Me_dL.F}$PEPTIDE1,PEPTIDE1,1:R1-7:R2$$$",-6.15700000,ok,,flexible
"PEPTIDE1{dA.meS.A.meA.Ala(5-Tet).meL.meF}$PEPTIDE1,PEPTIDE1,1:R1-7:R2$$$",-6.83500000,ok,,flexible
"PEPTIDE1{dV.Aoc(2).A.T.meL.L.meS}$PEPTIDE1,PEPTIDE1,1:R1-7:R2$$$",-5.11000000,ok,,flexible
"PEPTIDE1{meA.Pr_Gly.A.Me_dL.meF.meL.L}$PEPTIDE1,PEPTIDE1,1:R1-7:R2$$$",-5.82500000,ok,,flexible
"PEPTIDE1{Me_Bal.Me_dL.L.Ser(tBu).T.meL.meF}$PEPTIDE1,PEPTIDE1,1:R1-7:R2$$$",-5.33700000,ok,,flexible
"PEPTIDE1{Me_dA.F.meA.V.T.meL.L}$PEPTIDE1,PEPTIDE1,1:R1-7:R2$$$",-5.92600000,ok,,flexible
"PEPTIDE1{Me_dA.meL.Aoc(2).cHexCH2_Gly.A.dP.Mono84}$PEPTIDE1,PEPTIDE1,1:R1-7:R2$$$",-5.80700000,ok,,flexible
"PEPTIDE1{meA.Pr_Gly.dP.T.dL.F.meL}$PEPTIDE1,PEPTIDE1,1:R1-7:R2$$$",-6.63300000,ok,,flexible
"PEPTIDE1{meA.meL.Abu.L.Ala(5-Tet).T.meL}$PEPTIDE1,PEPTIDE1,1:R1-7:R2$$$",-5.73000000,ok,,flexible
"PEPTIDE1{A.P.Pr_Gly.P.T.T.F}$PEPTIDE1,PEPTIDE1,1:R1-7:R2$$$",-6.77600000,ok,,flexible
"PEPTIDE1{meL.meF.T.L.meA.Sar.Me_dA}$PEPTIDE1,PEPTIDE1,1:R1-7:R2$$$",-6.48000000,ok,,flexible
"PEPTIDE1{dA.bHph.Me_Phe(3-Cl).Ser(tBu).Me_dA.meF.L}$PEPTIDE1,PEPTIDE1,1:R1-7:R2$$$",-6.30500000,ok,,flexible
"PEPTIDE1{Me_dA.meA.T.meS.Me_dL.meF.meL}$PEPTIDE1,PEPTIDE1,1:R1-7:R2$$$",-5.83900000,ok,,flexible
"PEPTIDE1{A.meL.Me_dA.dL.Me_dL.V.meF}$PEPTIDE1,PEPTIDE1,1:R1-7:R2$$$",-6.18800000,ok,,flexible
"PEPTIDE1{Me_dA.Me_dL.T.meL.L.V.A}$PEPTIDE1,PEPTIDE1,1:R1-7:R2$$$",-5.16600000,ok,,flexible
"PEPTIDE1{L.A.dA.meL.T.meL.V}$PEPTIDE1,PEPTIDE1,1:R1-7:R2$$$",-5.65200000,ok,,flexible
"PEPTIDE1{dA.meL.T.meA.meF.A.meS}$PEPTIDE1,PEPTIDE1,1:R1-7:R2$$$",-6.32800000,ok,,flexible
"PEPTIDE1{A.A.meL.meF.meS.meS.meA}$PEPTIDE1,PEPTIDE1,1:R1-7:R2$$$",-6.46500000,ok,,flexible
"PEPTIDE1{Me_dA.A.L.meL.Me_Phe(3-Cl).dL.Mono34}$PEPTIDE1,PEPTIDE1,1:R1-7:R2$$$",-5.31700000,ok,,flexible
"PEPTIDE1{A.meS.meA.Abu.Sar.meL.L}$PEPTIDE1,PEPTIDE1,1:R1-7:R2$$$",-5.87900000,ok,,flexible
"PEPTIDE1{dF.L.Abu.meL.I.meL.dL}$PEPTIDE1,PEPTIDE1,1:R1-7:R2$$$",-5.24000000,ok,,flexible
"PEPTIDE1{Sar.meF.T.P.V.I.meL}$PEPTIDE1,PEPTIDE1,1:R1-7:R2$$$",-5.89400000,ok,,flexible
"PEPTIDE1{meA.dL.P.meL.T.Bn_Gly.T}$PEPTIDE1,PEPTIDE1,1:R1-7:R2$$$",-5.65400000,ok,,flexible
"PEPTIDE1{dP.Pr_Gly.dL.Me_dL.L.T.meA}$PEPTIDE1,PEPTIDE1,1:R1-7:R2$$$",-5.38700000,ok,,flexible
"PEPTIDE1{A.meF.T.Aoc(2).Ala(5-Tet).Abu.meS}$PEPTIDE1,PEPTIDE1,1:R1-7:R2$$$",-5.87000000,ok,,flexible
"PEPTIDE1{meA.meF.A.L.3Pal.meL.L}$PEPTIDE1,PEPTIDE1,1:R1-7:R2$$$",-5.79100000,ok,,flexible
"PEPTIDE1{meA.T.Ser(tBu).P.Me_dL.L.T}$PEPTIDE1,PEPTIDE1,1:R1-7:R2$$$",-5.38400000,ok,,flexible
"PEPTIDE1{A.T.Me_dL.dL.meF.meA.L}$PEPTIDE1,PEPTIDE1,1:R1-7:R2$$$",-5.72700000,ok,,flexible
"PEPTIDE1{meA.meS.A.meL.L.V.L}$PEPTIDE1,PEPTIDE1,1:R1-7:R2$$$",-5.21900000,ok,,flexible
"PEPTIDE1{dV.meL.T.L.T.L.A}$PEPTIDE1,PEPTIDE1,1:R1-7:R2$$$",-6.19000000,ok,,flexible
"PEPTIDE1{dA.meF.Ser(tBu).meL.A.dV.meA}$PEPTIDE1,PEPTIDE1,1:R1-7:R2$$$",-5.95600000,ok,,flexible
"PEPTIDE1{F.Aoc(2).T.P.dL.I.3Pal}$PEPTIDE1,PEPTIDE1,1:R1-7:R2$$$",-5.43200000,ok,,flexible
"PEPTIDE1{dA.A.I.F.Me_dA.meL.meL}$PEPTIDE1,PEPTIDE1,1:R1-7:R2$$$",-5.75900000,ok,,flexible
"PEPTIDE1{dA.Abu.meS.A.meF.L.T}$PEPTIDE1,PEPTIDE1,1:R1-7:R2$$$",-6.60700000,ok,,flexible
"PEPTIDE1{Me_Bal.meL.meA.dP.T.T.dL}$PEPTIDE1,PEPTIDE1,1:R1-7:R2$$$",-5.82600000,ok,,flexible
"PEPTIDE1{dF.A.T.meL.meS.Aoc(2).Abu}$PEPTIDE1,PEPTIDE1,1:R1-7:R2$$$",-5.62400000,ok,,flexible
"PEPTIDE1{dF.meL.A.T.meA.Abu.L}$PEPTIDE1,PEPTIDE1,1:R1-7:R2$$$",-5.87200000,ok,,flexible
"PEPTIDE1{Me_Bal.A.P.T.P.L.dL}$PEPTIDE1,PEPTIDE1,1:R1-7:R2$$$",-6.89700000,ok,,flexible
"PEPTIDE1{meA.dP.A.meA.Me_dL.L.Sar}$PEPTIDE1,PEPTIDE1,1:R1-7:R2$$$",-6.47000000,ok,,flexible
"PEPTIDE1{Me_dA.dPye.Pr_Gly.V.L.meL.I}$PEPTIDE1,PEPTIDE1,1:R1-7:R2$$$",-4.95600000,ok,,flexible
"PEPTIDE1{Me_Bal.L.Me_dL.dL.Sar.meL.meA}$PEPTIDE1,PEPTIDE1,1:R1-7:R2$$$",-5.99400000,ok,,flexible
"PEPTIDE1{Sar.V.F.meF.meA.T.A}$PEPTIDE1,PEPTIDE1,1:R1-7:R2$$$",-6.49100000,ok,,flexible
"PEPTIDE1{dA.meF.meL.Me_dL.V.meL.F}$PEPTIDE1,PEPTIDE1,1:R1-7:R2$$$",-5.67200000,ok,,flexible
"PEPTIDE1{Mono6.T.meL.Me_dL.Abu.meS.Me_dA}$PEPTIDE1,PEPTIDE1,1:R1-7:R2$$$",-5.85600000,ok,,flexible
"PEPTIDE1{dV.F.meS.Mono7.meL.A.Aoc(2)}$PEPTIDE1,PEPTIDE1,1:R1-7:R2$$$",-5.58900000,ok,,flexible
"PEPTIDE1{dA.L.A.I.L.P.meL}$PEPTIDE1,PEPTIDE1,1:R1-7:R2$$$",-6.21900000,ok,,flexible
"PEPTIDE1{dF.G.L.pentyl_Gly.P.dL.dP}$PEPTIDE1,PEPTIDE1,1:R1-7:R2$$$",-5.87100000,ok,,flexible
"PEPTIDE1{Pr_Gly.meL.T.dP.meI.pentyl_Gly.L}$PEPTIDE1,PEPTIDE1,1:R1-7:R2$$$",-4.90900000,ok,,flexible
"PEPTIDE1{A.meA.meS.Ala(5-Tet).Me_dL.F.P}$PEPTIDE1,PEPTIDE1,1:R1-7:R2$$$",-6.21500000,ok,,flexible
"PEPTIDE1{meA.meL.pentyl_Gly.I.V.A.L}$PEPTIDE1,PEPTIDE1,1:R1-7:R2$$$",-5.33900000,ok,,flexible
"PEPTIDE1{meL.Ala(5-Tet).A.Me_dL.meS.T.Me_dA}$PEPTIDE1,PEPTIDE1,1:R1-7:R2$$$",-6.65700000,ok,,flexible
"PEPTIDE1{F.cHexCH2_Gly.Ser(tBu).L.dL.T.A}$PEPTIDE1,PEPTIDE1,1:R1-7:R2$$$",-5.86300000,ok,,flexible
"PEPTIDE1{dV.Pr_Gly.meL.meA.dL.Ser(tBu).L}$PEPTIDE1,PEPTIDE1,1:R1-7:R2$$$",-5.17500000,ok,,flexible
"PEPTIDE1{Me_Bal.pentyl_Gly.dP.Ser(tBu).Me_dL.I.Aib}$PEPTIDE1,PEPTIDE1,1:R1-7:R2$$$",-5.75200000,ok,,flexible
"PEPTIDE1{L.meS.A.I.meL.meF.Aoc(2)}$PEPTIDE1,PEPTIDE1,1:R1-7:R2$$$",-5.02600000,ok,,flexible
"PEPTIDE1{A.F.pentyl_Gly.T.meL.meV.V}$PEPTIDE1,PEPTIDE1,1:R1-7:R2$$$",-5.40200000,ok,,flexible
"PEPTIDE1{A.dF.meL.T.Me_dA.L.dP}$PEPTIDE1,PEPTIDE1,1:R1-7:R2$$$",-6.29300000,ok,,flexible
"PEPTIDE1{dV.Me_dL.meA.meF.V.meL.T}$PEPTIDE1,PEPTIDE1,1:R1-7:R2$$$",-5.46100000,ok,,flexible
"PEPTIDE1{meA.meL.3Pal.dL.T.A.L}$PEPTIDE1,PEPTIDE1,1:R1-7:R2$$$",-5.95300000,ok,,flexible
"PEPTIDE1{F.P.Me_dL.T.meS.A.meA}$PEPTIDE1,PEPTIDE1,1:R1-7:R2$$$",-6.60600000,ok,,flexible
"PEPTIDE1{dA.meA.A.V.T.meL.meV}$PEPTIDE1,PEPTIDE1,1:R1-7:R2$$$",-6.27600000,ok,,flexible
"PEPTIDE1{dA.meV.Me_dL.meI.Me_dL.meL.A}$PEPTIDE1,PEPTIDE1,1:R1-7:R2$$$",-6.01000000,ok,,flexible
"PEPTIDE1{A.cHexCH2_Gly.A.I.meL.L.T}$PEPTIDE1,PEPTIDE1,1:R1-7:R2$$$",-5.57700000,ok,,flexible
"PEPTIDE1{A.Me_dL.meY.L.meF.I.L}$PEPTIDE1,PEPTIDE1,1:R1-7:R2$$$",-5.51800000,ok,,flexible
"PEPTIDE1{P.A.meF.L.F.dP.D}$PEPTIDE1,PEPTIDE1,1:R1-7:R2$$$",-7.58700000,ok,,flexible
"PEPTIDE1{dA.A.meA.L.meS.T.meL}$PEPTIDE1,PEPTIDE1,1:R1-7:R2$$$",-6.01100000,ok,,flexible
"PEPTIDE1{meA.Pr_Gly.Pr_Gly.dF.L.F.meV}$PEPTIDE1,PEPTIDE1,1:R1-7:R2$$$",-5.63800000,ok,,flexible
"PEPTIDE1{Pr_Gly.A.meF.meL.L.T.Abu}$PEPTIDE1,PEPTIDE1,1:R1-7:R2$$$",-5.33500000,ok,,flexible
"PEPTIDE1{A.meL.meF.L.V.dP.T}$PEPTIDE1,PEPTIDE1,1:R1-7:R2$$$",-5.62000000,ok,,flexible
"PEPTIDE1{Me_dA.meF.P.dP.meA.L.meL}$PEPTIDE1,PEPTIDE1,1:R1-7:R2$$$",-6.49500000,ok,,flexible
"PEPTIDE1{dA.Aoc(2).meS.Sar.meA.dL.meL}$PEPTIDE1,PEPTIDE1,1:R1-7:R2$$$",-5.86300000,ok,,flexible
"PEPTIDE1{Me_Bal.pentyl_Gly.I.L.3Pal.P.P}$PEPTIDE1,PEPTIDE1,1:R1-7:R2$$$",-5.47900000,ok,,flexible
"PEPTIDE1{meL.L.T.meS.dL.Aoc(2).T}$PEPTIDE1,PEPTIDE1,1:R1-7:R2$$$",-5.22000000,ok,,flexible
"PEPTIDE1{A.Me_dA.Me_dL.L.meL.Abu.V}$PEPTIDE1,PEPTIDE1,1:R1-7:R2$$$",-5.51300000,ok,,flexible
"PEPTIDE1{Me_Bal.meF.meA.Sar.dL.T.meL}$PEPTIDE1,PEPTIDE1,1:R1-7:R2$$$",-6.88000000,ok,,flexible
"PEPTIDE1{meA.T.P.meL.L.L.Me_Phe(3-Cl)}$PEPTIDE1,PEPTIDE1,1:R1-7:R2$$$",-6.08300000,ok,,flexible
"PEPTIDE1{dV.meL.Abu.L.A.T.Abu}$PEPTIDE1,PEPTIDE1,1:R1-7:R2$$$",-5.86600000,ok,,flexible
"PEPTIDE1{F.cHexCH2_Gly.I.meL.dL.dP.dL}$PEPTIDE1,PEPTIDE1,1:R1-7:R2$$$",-6.11100000,ok,,flexible
"PEPTIDE1{Me_Bal.A.I.meL.meA.Me_dL.L}$PEPTIDE1,PEPTIDE1,1:R1-7:R2$$$",-6.03900000,ok,,flexible
"PEPTIDE1{F.pentyl_Gly.L.dL.I.Ser(tBu).P}$PEPTIDE1,PEPTIDE1,1:R1-7:R2$$$",-5.23000000,ok,,flexible
"PEPTIDE1{Me_dA.A.L.T.L.Mono84.Ser(tBu)}$PEPTIDE1,PEPTIDE1,1:R1-7:R2$$$",-6.08000000,ok,,flexible
"PEPTIDE1{meA.meL.A.Me_dL.dL.V.meL}$PEPTIDE1,PEPTIDE1,1:R1-7:R2$$$",-5.73600000,ok,,flexible
"PEPTIDE1{A.L.A.meL.Abu.Aoc(2).meA}$PEPTIDE1,PEPTIDE1,1:R1-7:R2$$$",-5.28100000,ok,,flexible
"PEPTIDE1{meL.A.meL.Aoc(2).meA.L.T}$PEPTIDE1,PEPTIDE1,1:R1-7:R2$$$",-5.63500000,ok,,flexible
"PEPTIDE1{dV.Me_dL.Me_dA.meL.meA.Abu.P}$PEPTIDE1,PEPTIDE1,1:R1-7:R2$$$",-5.91400000,ok,,flexible
"PEPTIDE1{dA.T.Mono78.meA.meL.Met(O2).I}$PEPTIDE1,PEPTIDE1,1:R1-7:R2$$$",-5.99300000,ok,,flexible
"PEPTIDE1{F.A.T.L.meF.meS.meS}$PEPTIDE1,PEPTIDE1,1:R1-7:R2$$$",-6.14000000,ok,,flexible
"PEPTIDE1{dA.dL.L.Mono38.Ser(tBu).F.pentyl_Gly}$PEPTIDE1,PEPTIDE1,1:R1-7:R2$$$",-5.65700000,ok,,flexible
"PEPTIDE1{A.F.meF.meL.T.Me_Phe(3-Cl).dL}$PEPTIDE1,PEPTIDE1,1:R1-7:R2$$$",-5.94100000,ok,,flexible
"PEPTIDE1{dV.A.T.L.V.meF.F}$PEPTIDE1,PEPTIDE1,1:R1-7:R2$$$",-6.30500000,ok,,flexible
"PEPTIDE1{L.A.Ala(5-Tet).Aoc(2).T.Abu.meS}$PEPTIDE1,PEPTIDE1,1:R1-7:R2$$$",-5.12800000,ok,,flexible
"PEPTIDE1{F.Mono38.meL.T.dP.Me_dA.dL}$PEPTIDE1,PEPTIDE1,1:R1-7:R2$$$",-5.56000000,ok,,flexible
"PEPTIDE1{Me_dA.dP.L.meF.meA.meS.T}$PEPTIDE1,PEPTIDE1,1:R1-7:R2$$$",-6.79200000,ok,,flexible
"PEPTIDE1{meA.T.Abu.meL.meL.dL.Me_dA}$PEPTIDE1,PEPTIDE1,1:R1-7:R2$$$",-5.71700000,ok,,flexible
"PEPTIDE1{Me_Bal.A.F.V.meF.P.meA}$PEPTIDE1,PEPTIDE1,1:R1-7:R2$$$",-6.96900000,ok,,flexible
"PEPTIDE1{meA.A.T.V.L.meF.Me_dA}$PEPTIDE1,PEPTIDE1,1:R1-7:R2$$$",-6.49500000,ok,,flexible
"PEPTIDE1{meA.T.Ser(tBu).meS.A.Aoc(2).I}$PEPTIDE1,PEPTIDE1,1:R1-7:R2$$$",-5.28500000,ok,,flexible
"PEPTIDE1{meA.L.meL.Sar.meL.P.A}$PEPTIDE1,PEPTIDE1,1:R1-7:R2$$$",-6.16000000,ok,,flexible
"PEPTIDE1{dP.Pr_Gly.F.Pr_Gly.meA.L.I}$PEPTIDE1,PEPTIDE1,1:R1-7:R2$$$",-5.71300000,ok,,flexible
"PEPTIDE1{dV.meL.meA.T.Abu.meF.L}$PEPTIDE1,PEPTIDE1,1:R1-7:R2$$$",-6.32500000,ok,,flexible
"PEPTIDE1{Me_dA.Me_Nle.dP.meL.T.L.A}$PEPTIDE1,PEPTIDE1,1:R1-7:R2$$$",-5.64800000,ok,,flexible
"PEPTIDE1{meA.T.meF.Ser(tBu).I.V.dL}$PEPTIDE1,PEPTIDE1,1:R1-7:R2$$$",-6.06800000,ok,,flexible
"PEPTIDE1{meA.Me_dA.Me_dL.meL.Ser(tBu).T.L}$PEPTIDE1,PEPTIDE1,1:R1-7:R2$$$",-5.73300000,ok,,flexible
"PEPTIDE1{Me_Bal.Me_dL.meA.meL.V.S.Ser(tBu)}$PEPTIDE1,PEPTIDE1,1:R1-7:R2$$$",-5.37800000,ok,,flexible
"PEPTIDE1{meA.meL.meL.A.meY.dL.T}$PEPTIDE1,PEPTIDE1,1:R1-7:R2$$$",-6.27400000,ok,,flexible
"PEPTIDE1{meA.meS.Me_dA.meF.Me_dL.meL.I}$PEPTIDE1,PEPTIDE1,1:R1-7:R2$$$",-5.84200000,ok,,flexible
"PEPTIDE1{dA.Me_dL.L.meS.meL.A.Ala(5-Tet)}$PEPTIDE1,PEPTIDE1,1:R1-7:R2$$$",-5.85000000,ok,,flexible
"PEPTIDE1{F.dA.G.V.meA.Ser(tBu).A}$PEPTIDE1,PEPTIDE1,1:R1-7:R2$$$",-7.35800000,ok,,flexible
"PEPTIDE1{A.Me_dA.meF.F.meL.L.meA}$PEPTIDE1,PEPTIDE1,1:R1-7:R2$$$",-6.19600000,ok,,flexible
"PEPTIDE1{Mono6.Mono38.Mono38.Mono86.L.dL.L}$PEPTIDE1,PEPTIDE1,1:R1-7:R2$$$",-5.66200000,ok,,flexible
"PEPTIDE1{A.T.Sar.Abu.meL.meL.meF}$PEPTIDE1,PEPTIDE1,1:R1-7:R2$$$",-5.40300000,ok,,flexible
"PEPTIDE1{dV.L.meA.V.meL.meL.meF}$PEPTIDE1,PEPTIDE1,1:R1-7:R2$$$",-5.95800000,ok,,flexible
"PEPTIDE1{meA.P.Me_dL.Me_Abu.meY.dP.T}$PEPTIDE1,PEPTIDE1,1:R1-7:R2$$$",-6.73800000,ok,,flexible
"PEPTIDE1{dA.dL.L.Me_Phe(3-Cl).Ser(tBu).I.meL}$PEPTIDE1,PEPTIDE1,1:R1-7:R2$$$",-5.57700000,ok,,flexible
"PEPTIDE1{meL.A.Ala(5-Tet).T.L.Me_dA.Abu}$PEPTIDE1,PEPTIDE1,1:R1-7:R2$$$",-5.71200000,ok,,flexible
"PEPTIDE1{F.meL.Abu.meS.A.Me_dA.Ala(5-Tet)}$PEPTIDE1,PEPTIDE1,1:R1-7:R2$$$",-6.09600000,ok,,flexible
"PEPTIDE1{F.pentyl_Gly.L.P.dL.Aoc(2).meS}$PEPTIDE1,PEPTIDE1,1:R1-7:R2$$$",-5.10100000,ok,,flexible
"PEPTIDE1{meL.L.Me_dA.meA.meF.dA.A}$PEPTIDE1,PEPTIDE1,1:R1-7:R2$$$",-6.27100000,ok,,flexible
"PEPTIDE1{meA.meL.meS.Ala(5-Tet).A.Ser(tBu).L}$PEPTIDE1,PEPTIDE1,1:R1-7:R2$$$",-5.74100000,ok,,flexible
"PEPTIDE1{A.meL.meA.meL.L.Me_dL.dL}$PEPTIDE1,PEPTIDE1,1:R1-7:R2$$$",-5.71300000,ok,,flexible
"PEPTIDE1{Me_dA.meL.L.A.Abu.dV.I}$PEPTIDE1,PEPTIDE1,1:R1-7:R2$$$",-5.23500000,ok,,flexible
"PEPTIDE1{dA.L.meA.P.T.meL.Me_dL}$PEPTIDE1,PEPTIDE1,1:R1-7:R2$$$",-6.40400000,ok,,flexible
"PEPTIDE1{dV.meL.L.Aoc(2).A.T.dL}$PEPTIDE1,PEPTIDE1,1:R1-7:R2$$$",-4.67200000,ok,,flexible
"PEPTIDE1{F.Ser(tBu).dL.A.Me_dL.Me_Phe(3-Cl).P}$PEPTIDE1,PEPTIDE1,1:R1-7:R2$$$",-6.27000000,ok,,flexible
"PEPTIDE1{Me_dA.T.L.Sar.meA.dL.meL}$PEPTIDE1,PEPTIDE1,1:R1-7:R2$$$",-5.92600000,ok,,flexible
"PEPTIDE1{dA.A.meL.meF.Me_dL.T.dL}$PEPTIDE1,PEPTIDE1,1:R1-7:R2$$$",-6.43500000,ok,,flexible
"PEPTIDE1{Me_Bal.Me_dL.G.L.meA.Ser(tBu).I}$PEPTIDE1,PEPTIDE1,1:R1-7:R2$$$",-6.12900000,ok,,flexible
"PEPTIDE1{A.L.meF.L.F.meL.Abu}$PEPTIDE1,PEPTIDE1,1:R1-7:R2$$$",-6.56000000,ok,,flexible
"PEPTIDE1{A.meL.T.L.meF.V.meA}$PEPTIDE1,PEPTIDE1,1:R1-7:R2$$$",-5.72000000,ok,,flexible
"PEPTIDE1{dA.meS.meF.F.meL.P.Me_dL}$PEPTIDE1,PEPTIDE1,1:R1-7:R2$$$",-6.01000000,ok,,flexible
"PEPTIDE1{dA.Ala(5-Tet).meS.L.Abu.A.meL}$PEPTIDE1,PEPTIDE1,1:R1-7:R2$$$",-5.96400000,ok,,flexible
"PEPTIDE1{Me_Bal.L.T.T.L.meL.F}$PEPTIDE1,PEPTIDE1,1:R1-7:R2$$$",-6.07900000,ok,,flexible
"PEPTIDE1{meA.G.A.dL.Mono78.L.T}$PEPTIDE1,PEPTIDE1,1:R1-7:R2$$$",-6.01400000,ok,,flexible
"PEPTIDE1{meL.A.Me_dA.dL.L.meA.P}$PEPTIDE1,PEPTIDE1,1:R1-7:R2$$$",-6.19600000,ok,,flexible
"PEPTIDE1{dV.T.P.T.Ser(tBu).A.dP}$PEPTIDE1,PEPTIDE1,1:R1-7:R2$$$",-5.97400000,ok,,flexible
"PEPTIDE1{Mono6.Pr_Gly.meL.Me_dL.T.meI.meF}$PEPTIDE1,PEPTIDE1,1:R1-7:R2$$$",-5.23700000,ok,,flexible
"PEPTIDE1{meA.meS.Abu.A.meL.T.dL}$PEPTIDE1,PEPTIDE1,1:R1-7:R2$$$",-5.39900000,ok,,flexible
"PEPTIDE1{L.meF.Sar.T.A.Me_dL.meA}$PEPTIDE1,PEPTIDE1,1:R1-7:R2$$$",-6.31700000,ok,,flexible
"PEPTIDE1{Me_dA.Mono38.L.L.dL.pentyl_Gly.meA}$PEPTIDE1,PEPTIDE1,1:R1-7:R2$$$",-5.79400000,ok,,flexible
"PEPTIDE1{dF.A.meS.Sar.Ala(5-Tet).Aoc(2).meL}$PEPTIDE1,PEPTIDE1,1:R1-7:R2$$$",-5.44200000,ok,,flexible
"PEPTIDE1{Me_dA.meA.meF.L.P.V.Aoc(2)}$PEPTIDE1,PEPTIDE1,1:R1-7:R2$$$",-6.26100000,ok,,flexible
"PEPTIDE1{dV.meA.Ser(tBu).dL.V.I.P}$PEPTIDE1,PEPTIDE1,1:R1-7:R2$$$",-5.83400000,ok,,flexible
"PEPTIDE1{Me_Bal.dL.L.Mono38.Ser(tBu).P.Mono84}$PEPTIDE1,PEPTIDE1,1:R1-7:R2$$$",-6.16600000,ok,,flexible
"PEPTIDE1{dF.cHexCH2_Gly.G.L.meA.dL.F}$PEPTIDE1,PEPTIDE1,1:R1-7:R2$$$",-5.89000000,ok,,flexible
"PEPTIDE1{dA.dPye.meA.Me_Phe(3-Cl).F.dP.V}$PEPTIDE1,PEPTIDE1,1:R1-7:R2$$$",-6.52000000,ok,,flexible
"PEPTIDE1{L.pentyl_Gly.P.meA.meL.meS.meF}$PEPTIDE1,PEPTIDE1,1:R1-7:R2$$$",-5.39100000,ok,,flexible
"PEPTIDE1{Me_Bal.cHexCH2_Gly.Mono38.L.dL.pentyl_Gly.F}$PEPTIDE1,PEPTIDE1,1:R1-7:R2$$$",-5.74600000,ok,,flexible
"PEPTIDE1{A.dL.V.L.T.Ser(tBu).L}$PEPTIDE1,PEPTIDE1,1:R1-7:R2$$$",-5.01800000,ok,,flexible
"PEPTIDE1{meA.Me_dL.I.T.dL.meL.T}$PEPTIDE1,PEPTIDE1,1:R1-7:R2$$$",-5.28000000,ok,,flexible
"PEPTIDE1{A.meA.I.T.Me_dL.F.V}$PEPTIDE1,PEPTIDE1,1:R1-7:R2$$$",-6.88600000,ok,,flexible
"PEPTIDE1{Me_dA.T.Me_dAbu.P.Me_dL.I.L}$PEPTIDE1,PEPTIDE1,1:R1-7:R2$$$",-5.10400000,ok,,flexible
"PEPTIDE1{A.P.meL.T.meF.meL.dL}$PEPTIDE1,PEPTIDE1,1:R1-7:R2$$$",-5.69500000,ok,,flexible
"PEPTIDE1{F.3Pal.L.T.meA.Ser(tBu).Abu}$PEPTIDE1,PEPTIDE1,1:R1-7:R2$$$",-5.88700000,ok,,flexible
"PEPTIDE1{A.Ser(tBu).meL.F.T.meF.dL}$PEPTIDE1,PEPTIDE1,1:R1-7:R2$$$",-5.86100000,ok,,flexible
"PEPTIDE1{dV.A.meY.meA.L.Ser(tBu).dL}$PEPTIDE1,PEPTIDE1,1:R1-7:R2$$$",-6.05900000,ok,,flexible
"PEPTIDE1{meA.T.meS.V.meL.meL.meF}$PEPTIDE1,PEPTIDE1,1:R1-7:R2$$$",-5.32100000,ok,,flexible
"PEPTIDE1{meA.meL.T.Sar.meS.L.meS}$PEPTIDE1,PEPTIDE1,1:R1-7:R2$$$",-5.75400000,ok,,flexible
"PEPTIDE1{Me_dA.T.I.L.meL.meL.Ser(tBu)}$PEPTIDE1,PEPTIDE1,1:R1-7:R2$$$",-4.68200000,ok,,flexible
"PEPTIDE1{meA.Abu.dP.meS.A.Me_dL.L}$PEPTIDE1,PEPTIDE1,1:R1-7:R2$$$",-5.88500000,ok,,flexible
"PEPTIDE1{Me_dA.Me_Phe(3-Cl).T.L.Me_dL.meA.P}$PEPTIDE1,PEPTIDE1,1:R1-7:R2$$$",-7.07800000,ok,,flexible
"PEPTIDE1{Me_dA.L.cHexCH2_Gly.dP.Mono84.I.L}$PEPTIDE1,PEPTIDE1,1:R1-7:R2$$$",-6.44100000,ok,,flexible
"PEPTIDE1{meA.meS.V.L.Pr_Gly.dL.Me_dL}$PEPTIDE1,PEPTIDE1,1:R1-7:R2$$$",-5.30200000,ok,,flexible
"PEPTIDE1{Me_Bal.G.V.F.meF.I.meA}$PEPTIDE1,PEPTIDE1,1:R1-7:R2$$$",-6.12500000,ok,,flexible
"PEPTIDE1{dA.dP.F.meL.Ser(tBu).L.T}$PEPTIDE1,PEPTIDE1,1:R1-7:R2$$$",-5.48900000,ok,,flexible
"PEPTIDE1{A.Sar.P.T.L.meV.V}$PEPTIDE1,PEPTIDE1,1:R1-7:R2$$$",-6.48900000,ok,,flexible
"PEPTIDE1{A.meF.P.F.F.T.meL}$PEPTIDE1,PEPTIDE1,1:R1-7:R2$$$",-6.29600000,ok,,flexible
"PEPTIDE1{dV.F.meL.meL.L.meS.T}$PEPTIDE1,PEPTIDE1,1:R1-7:R2$$$",-5.16700000,ok,,flexible
"PEPTIDE1{Me_Bal.Me_dA.L.A.meL.T.meV}$PEPTIDE1,PEPTIDE1,1:R1-7:R2$$$",-5.82400000,ok,,flexible
"PEPTIDE1{dP.Me_dL.meF.L.I.Ser(tBu).meL}$PEPTIDE1,PEPTIDE1,1:R1-7:R2$$$",-5.96100000,ok,,flexible
"PEPTIDE1{dF.L.dL.P.T.meL.Cha}$PEPTIDE1,PEPTIDE1,1:R1-7:R2$$$",-6.43800000,ok,,flexible
"PEPTIDE1{Me_dA.A.T.dV.P.L.dP}$PEPTIDE1,PEPTIDE1,1:R1-7:R2$$$",-6.27300000,ok,,flexible
"PEPTIDE1{meA.dF.F.meL.dP.I.T}$PEPTIDE1,PEPTIDE1,1:R1-7:R2$$$",-5.64200000,ok,,flexible
"PEPTIDE1{Pr_Gly.pentyl_Gly.I.dP.P.Ser(tBu).meL}$PEPTIDE1,PEPTIDE1,1:R1-7:R2$$$",-5.60900000,ok,,flexible
"PEPTIDE1{meA.Me_dA.V.L.dP.T.F}$PEPTIDE1,PEPTIDE1,1:R1-7:R2$$$",-5.94400000,ok,,flexible
"PEPTIDE1{dV.Me_dL.L.Me_dA.F.Me_Phe(3-Cl).I}$PEPTIDE1,PEPTIDE1,1:R1-7:R2$$$",-5.10600000,ok,,flexible
"PEPTIDE1{Mono6.F.meS.meA.L.meL.T}$PEPTIDE1,PEPTIDE1,1:R1-7:R2$$$",-6.25400000,ok,,flexible
"PEPTIDE1{Me_Bal.L.P.meF.meL.meA.T}$PEPTIDE1,PEPTIDE1,1:R1-7:R2$$$",-6.31600000,ok,,flexible
"PEPTIDE1{Mono6.meL.meL.P.V.meA.dP}$PEPTIDE1,PEPTIDE1,1:R1-7:R2$$$",-6.42400000,ok,,flexible
"PEPTIDE1{meA.P.dPye.dP.T.meL.dL}$PEPTIDE1,PEPTIDE1,1:R1-7:R2$$$",-5.78900000,ok,,flexible
"PEPTIDE1{F.Abu.I.L.Ala(5-Tet).dL.A}$PEPTIDE1,PEPTIDE1,1:R1-7:R2$$$",-5.36400000,ok,,flexible
"PEPTIDE1{F.G.dL.L.Me_dL.L.A}$PEPTIDE1,PEPTIDE1,1:R1-7:R2$$$",-6.16500000,ok,,flexible
"PEPTIDE1{dA.A.Me_dL.meL.meA.L.dL}$PEPTIDE1,PEPTIDE1,1:R1-7:R2$$$",-5.63100000,ok,,flexible
"PEPTIDE1{dV.Me_dA.T.P.L.meV.dP}$PEPTIDE1,PEPTIDE1,1:R1-7:R2$$$",-6.22300000,ok,,flexible
"PEPTIDE1{meL.meS.I.L.Abu.T.dL}$PEPTIDE1,PEPTIDE1,1:R1-7:R2$$$",-5.25000000,ok,,flexible
"PEPTIDE1{Me_dA.cHexCH2_Gly.meL.A.L.Mono86.I}$PEPTIDE1,PEPTIDE1,1:R1-7:R2$$$",-5.47500000,ok,,flexible
"PEPTIDE1{Me_dA.A.meL.meS.F.Abu.L}$PEPTIDE1,PEPTIDE1,1:R1-7:R2$$$",-5.77500000,ok,,flexible
"PEPTIDE1{dA.meV.meL.L.meL.Ser(tBu).T}$PEPTIDE1,PEPTIDE1,1:R1-7:R2$$$",-4.92900000,ok,,flexible
"PEPTIDE1{Me_dA.A.T.V.Me_dL.meA.meL}$PEPTIDE1,PEPTIDE1,1:R1-7:R2$$$",-5.37700000,ok,,flexible
"PEPTIDE1{Me_dA.Pr_Gly.F.meA.A.meF.T}$PEPTIDE1,PEPTIDE1,1:R1-7:R2$$$",-6.67500000,ok,,flexible
"PEPTIDE1{L.Mono38.A.G.L.dL.Mono78}$PEPTIDE1,PEPTIDE1,1:R1-7:R2$$$",-5.95100000,ok,,flexible
"PEPTIDE1{dA.A.Abu.Me_dL.T.meS.dL}$PEPTIDE1,PEPTIDE1,1:R1-7:R2$$$",-5.56200000,ok,,flexible
"PEPTIDE1{dA.meF.I.L.V.dL.meL}$PEPTIDE1,PEPTIDE1,1:R1-7:R2$$$",-5.73800000,ok,,flexible
"PEPTIDE1{A.L.meS.meF.T.Sar.dA}$PEPTIDE1,PEPTIDE1,1:R1-7:R2$$$",-5.96300000,ok,,flexible
"PEPTIDE1{Me_dA.dP.dP.L.P.Aoc(2).A}$PEPTIDE1,PEPTIDE1,1:R1-7:R2$$$",-6.89400000,ok,,flexible
"PEPTIDE1{dF.F.A.meA.T.Abu.Me_dA}$PEPTIDE1,PEPTIDE1,1:R1-7:R2$$$",-7.33400000,ok,,flexible
"PEPTIDE1{Me_dA.L.dA.dPye.Me_dL.Pr_Gly.A}$PEPTIDE1,PEPTIDE1,1:R1-7:R2$$$",-6.32900000,ok,,flexible
"PEPTIDE1{meA.F.A.meL.Me_dL.dL.T}$PEPTIDE1,PEPTIDE1,1:R1-7:R2$$$",-5.92700000,ok,,flexible
"PEPTIDE1{Me_dA.dF.meF.meL.T.A.L}$PEPTIDE1,PEPTIDE1,1:R1-7:R2$$$",-6.42600000,ok,,flexible
"PEPTIDE1{Mono6.meF.meA.Me_dL.meL.V.dL}$PEPTIDE1,PEPTIDE1,1:R1-7:R2$$$",-5.67500000,ok,,flexible
"PEPTIDE1{A.meL.P.dL.dP.L.meA}$PEPTIDE1,PEPTIDE1,1:R1-7:R2$$$",-5.79600000,ok,,flexible
"PEPTIDE1{dV.meL.T.meA.Ala(5-Tet).meS.meF}$PEPTIDE1,PEPTIDE1,1:R1-7:R2$$$",-5.87600000,ok,,flexible
"PEPTIDE1{Me_Bal.dL.meL.L.F.T.Ser(tBu)}$PEPTIDE1,PEPTIDE1,1:R1-7:R2$$$",-5.43300000,ok,,flexible
"PEPTIDE1{F.T.Aoc(2).meA.A.Me_dL.meL}$PEPTIDE1,PEPTIDE1,1:R1-7:R2$$$",-6.62500000,ok,,flexible
"PEPTIDE1{Me_Bal.T.A.Me_dL.P.meL.meA}$PEPTIDE1,PEPTIDE1,1:R1-7:R2$$$",-5.96600000,ok,,flexible
"PEPTIDE1{meL.Ala(5-Tet).L.T.meF.meA.Me_dA}$PEPTIDE1,PEPTIDE1,1:R1-7:R2$$$",-5.68100000,ok,,flexible
"PEPTIDE1{dA.L.meL.T.Me_dA.Abu.meS}$PEPTIDE1,PEPTIDE1,1:R1-7:R2$$$",-5.70600000,ok,,flexible
"PEPTIDE1{meA.cHexCH2_Gly.T.I.Ser(tBu).dP.Bn_Gly}$PEPTIDE1,PEPTIDE1,1:R1-7:R2$$$",-6.21800000,ok,,flexible
"PEPTIDE1{A.dP.meA.T.meL.L.Me_dL}$PEPTIDE1,PEPTIDE1,1:R1-7:R2$$$",-5.61200000,ok,,flexible
"PEPTIDE1{F.Ser(tBu).T.meL.meS.meA.Ala(5-Tet)}$PEPTIDE1,PEPTIDE1,1:R1-7:R2$$$",-5.79800000,ok,,flexible
"PEPTIDE1{A.I.meF.Abu.pentyl_Gly.T.meL}$PEPTIDE1,PEPTIDE1,1:R1-7:R2$$$",-6.13100000,ok,,flexible
"PEPTIDE1{A.P.dP.T.L.Me_dA.meL}$PEPTIDE1,PEPTIDE1,1:R1-7:R2$$$",-6.24700000,ok,,flexible
"PEPTIDE1{Pr_Gly.dF.meA.I.Me_dL.T.meI}$PEPTIDE1,PEPTIDE1,1:R1-7:R2$$$",-5.35400000,ok,,flexible
"PEPTIDE1{Mono6.L.meL.meA.Me_dL.A.Ser(tBu)}$PEPTIDE1,PEPTIDE1,1:R1-7:R2$$$",-5.70000000,ok,,flexible
"PEPTIDE1{L.meA.Sar.F.P.meL.V}$PEPTIDE1,PEPTIDE1,1:R1-7:R2$$$",-6.50900000,ok,,flexible
"PEPTIDE1{meA.dP.meL.dL.V.Me_dL.Me_dA}$PEPTIDE1,PEPTIDE1,1:R1-7:R2$$$",-5.69400000,ok,,flexible
"PEPTIDE1{dV.Me_dL.V.meL.Me_dA.Abu.meA}$PEPTIDE1,PEPTIDE1,1:R1-7:R2$$$",-5.73300000,ok,,flexible
"PEPTIDE1{meA.P.A.meL.V.T.I}$PEPTIDE1,PEPTIDE1,1:R1-7:R2$$$",-6.16200000,ok,,flexible
"PEPTIDE1{Me_Bal.cHexCH2_Gly.L.T.I.V.Me_dL}$PEPTIDE1,PEPTIDE1,1:R1-7:R2$$$",-5.40300000,ok,,flexible
"PEPTIDE1{Me_Bal.meF.G.L.meL.meA.T}$PEPTIDE1,PEPTIDE1,1:R1-7:R2$$$",-6.21300000,ok,,flexible
"PEPTIDE1{Me_Bal.pentyl_Gly.T.dL.meL.Me_Nle.L}$PEPTIDE1,PEPTIDE1,1:R1-7:R2$$$",-4.63500000,ok,,flexible
"PEPTIDE1{dF.F.L.meS.A.Aoc(2).L}$PEPTIDE1,PEPTIDE1,1:R1-7:R2$$$",-5.77400000,ok,,flexible
"PEPTIDE1{Me_Bal.L.P.meF.meA.dL.T}$PEPTIDE1,PEPTIDE1,1:R1-7:R2$$$",-6.19400000,ok,,flexible
"PEPTIDE1{Me_Bal.meA.dPye.G.meL.meL.V}$PEPTIDE1,PEPTIDE1,1:R1-7:R2$$$",-6.05800000,ok,,flexible
"PEPTIDE1{Me_dA.meL.T.T.meS.L.A}$PEPTIDE1,PEPTIDE1,1:R1-7:R2$$$",-5.78600000,ok,,flexible
"PEPTIDE1{A.meS.meL.Sar.V.T.Me_dA}$PEPTIDE1,PEPTIDE1,1:R1-7:R2$$$",-5.79800000,ok,,flexible
"PEPTIDE1{Me_dA.A.Me_dL.P.meL.L.dL}$PEPTIDE1,PEPTIDE1,1:R1-7:R2$$$",-5.75000000,ok,,flexible
"PEPTIDE1{meA.T.Sar.cHexCH2_Gly.meA.meF.V}$PEPTIDE1,PEPTIDE1,1:R1-7:R2$$$",-6.76500000,ok,,flexible
"PEPTIDE1{F.cHexCH2_Gly.Pr_Gly.L.V.Me_dL.meA}$PEPTIDE1,PEPTIDE1,1:R1-7:R2$$$",-5.84600000,ok,,flexible
"PEPTIDE1{Me_Bal.meL.meF.T.dP.T.P}$PEPTIDE1,PEPTIDE1,1:R1-7:R2$$$",-7.10400000,ok,,flexible
"PEPTIDE1{meA.Pr_Gly.A.P.L.dL.Aib}$PEPTIDE1,PEPTIDE1,1:R1-7:R2$$$",-6.69300000,ok,,flexible
"PEPTIDE1{Me_Bal.V.meA.meL.L.Me_dL.Me_dA}$PEPTIDE1,PEPTIDE1,1:R1-7:R2$$$",-5.83200000,ok,,flexible
"PEPTIDE1{Me_Bal.Me_dL.V.L.T.meL.dV}$PEPTIDE1,PEPTIDE1,1:R1-7:R2$$$",-6.17800000,ok,,flexible
"PEPTIDE1{L.P.dP.T.Abu.A.Abu}$PEPTIDE1,PEPTIDE1,1:R1-7:R2$$$",-6.16700000,ok,,flexible
"PEPTIDE1{Pr_Gly.dL.dA.A.T.dL.meF}$PEPTIDE1,PEPTIDE1,1:R1-7:R2$$$",-5.55900000,ok,,flexible
"PEPTIDE1{Me_dA.A.meA.Me_dL.F.T.I}$PEPTIDE1,PEPTIDE1,1:R1-7:R2$$$",-6.30100000,ok,,flexible
"PEPTIDE1{Me_dA.T.meS.meL.dL.A.meA}$PEPTIDE1,PEPTIDE1,1:R1-7:R2$$$",-5.86700000,ok,,flexible
"PEPTIDE1{meA.meF.Me_dL.T.L.Sar.meI}$PEPTIDE1,PEPTIDE1,1:R1-7:R2$$$",-6.04100000,ok,,flexible
"PEPTIDE1{Me_Bal.meL.T.meA.V.F.meV}$PEPTIDE1,PEPTIDE1,1:R1-7:R2$$$",-5.51200000,ok,,flexible
"PEPTIDE1{Me_dA.meA.L.Aoc(2).meL.Abu.meF}$PEPTIDE1,PEPTIDE1,1:R1-7:R2$$$",-4.80900000,ok,,flexible
"PEPTIDE1{Mono6.meF.meL.L.A.T.dL}$PEPTIDE1,PEPTIDE1,1:R1-7:R2$$$",-6.37900000,ok,,flexible
"PEPTIDE1{meA.meF.meL.A.meS.L.meL}$PEPTIDE1,PEPTIDE1,1:R1-7:R2$$$",-5.64600000,ok,,flexible
"PEPTIDE1{Me_Bal.L.meA.F.dV.A.meL}$PEPTIDE1,PEPTIDE1,1:R1-7:R2$$$",-5.83100000,ok,,flexible
"PEPTIDE1{meL.Ala(5-Tet).A.Me_dA.meA.L.T}$PEPTIDE1,PEPTIDE1,1:R1-7:R2$$$",-5.97100000,ok,,flexible
"PEPTIDE1{dA.L.I.meA.dP.meL.T}$PEPTIDE1,PEPTIDE1,1:R1-7:R2$$$",-5.64900000,ok,,flexible
"PEPTIDE1{A.meS.L.Abu.meF.Sar.V}$PEPTIDE1,PEPTIDE1,1:R1-7:R2$$$",-6.06200000,ok,,flexible
"PEPTIDE1{Me_dA.meS.dA.Me_dL.dL.A.meL}$PEPTIDE1,PEPTIDE1,1:R1-7:R2$$$",-5.56400000,ok,,flexible
"PEPTIDE1{Mono6.L.Ala(5-Tet).meL.meL.A.meA}$PEPTIDE1,PEPTIDE1,1:R1-7:R2$$$",-5.42400000,ok,,flexible
"PEPTIDE1{F.I.P.P.dL.T.Mono84}$PEPTIDE1,PEPTIDE1,1:R1-7:R2$$$",-7.03100000,ok,,flexible
"PEPTIDE1{dF.meL.meS.Ser(tBu).Ala(5-Tet).meF.T}$PEPTIDE1,PEPTIDE1,1:R1-7:R2$$$",-5.49600000,ok,,flexible
"PEPTIDE1{Me_Bal.F.dL.meL.meF.T.T}$PEPTIDE1,PEPTIDE1,1:R1-7:R2$$$",-6.26900000,ok,,flexible
"PEPTIDE1{Me_dA.3Pal.L.meS.Ala(5-Tet).Abu.A}$PEPTIDE1,PEPTIDE1,1:R1-7:R2$$$",-6.29900000,ok,,flexible
"PEPTIDE1{dV.meS.T.Abu.L.Ala(5-Tet).meS}$PEPTIDE1,PEPTIDE1,1:R1-7:R2$$$",-5.89300000,ok,,flexible
"PEPTIDE1{meL.A.meS.Abu.T.L.dL}$PEPTIDE1,PEPTIDE1,1:R1-7:R2$$$",-5.29600000,ok,,flexible
"PEPTIDE1{dA.dP.meL.L.meS.Ala(5-Tet).meA}$PEPTIDE1,PEPTIDE1,1:R1-7:R2$$$",-6.21300000,ok,,flexible
"PEPTIDE1{A.L.dL.meL.V.P.Aoc(2)}$PEPTIDE1,PEPTIDE1,1:R1-7:R2$$$",-5.13100000,ok,,flexible
"PEPTIDE1{dV.Me_dA.T.L.Me_dL.P.meL}$PEPTIDE1,PEPTIDE1,1:R1-7:R2$$$",-6.05500000,ok,,flexible
"PEPTIDE1{Me_dA.meL.A.L.meS.P.meL}$PEPTIDE1,PEPTIDE1,1:R1-7:R2$$$",-6.29200000,ok,,flexible
"PEPTIDE1{Me_Bal.meA.F.A.Me_dL.L.meF}$PEPTIDE1,PEPTIDE1,1:R1-7:R2$$$",-6.80300000,ok,,flexible
"PEPTIDE1{dA.L.T.meL.Abu.T.Sar}$PEPTIDE1,PEPTIDE1,1:R1-7:R2$$$",-5.59800000,ok,,flexible
"PEPTIDE1{meL.T.L.meL.D.F.Ser(tBu)}$PEPTIDE1,PEPTIDE1,1:R1-7:R2$$$",-5.37400000,ok,,flexible
"PEPTIDE1{meL.L.Abu.meS.Me_dA.Sar.T}$PEPTIDE1,PEPTIDE1,1:R1-7:R2$$$",-5.70100000,ok,,flexible
"PEPTIDE1{meA.L.P.I.T.meL.Me_dL}$PEPTIDE1,PEPTIDE1,1:R1-7:R2$$$",-5.92200000,ok,,flexible
"PEPTIDE1{dV.meS.Abu.meL.Ala(5-Tet).I.L}$PEPTIDE1,PEPTIDE1,1:R1-7:R2$$$",-5.67800000,ok,,flexible
"PEPTIDE1{Mono6.A.Me_dA.meS.meS.T.meA}$PEPTIDE1,PEPTIDE1,1:R1-7:R2$$$",-6.08300000,ok,,flexible
"PEPTIDE1{dF.meL.Me_dL.meY.L.meF.T}$PEPTIDE1,PEPTIDE1,1:R1-7:R2$$$",-5.53000000,ok,,flexible
"PEPTIDE1{dV.P.Me_dL.L.P.meF.meL}$PEPTIDE1,PEPTIDE1,1:R1-7:R2$$$",-5.63000000,ok,,flexible
"PEPTIDE1{dA.meL.T.T.F.P.Me_dA}$PEPTIDE1,PEPTIDE1,1:R1-7:R2$$$",-6.55300000,ok,,flexible
"PEPTIDE1{F.meL.dP.A.T.meS.Me_dL}$PEPTIDE1,PEPTIDE1,1:R1-7:R2$$$",-6.28100000,ok,,flexible
"PEPTIDE1{dF.Mono38.L.dL.A.Et_Gly.dP}$PEPTIDE1,PEPTIDE1,1:R1-7:R2$$$",-6.12000000,ok,,flexible
"PEPTIDE1{Mono6.T.meA.dL.A.Me_dA.meL}$PEPTIDE1,PEPTIDE1,1:R1-7:R2$$$",-6.25800000,ok,,flexible
"PEPTIDE1{A.T.meL.T.P.P.dP}$PEPTIDE1,PEPTIDE1,1:R1-7:R2$$$",-6.75500000,ok,,flexible
"PEPTIDE1{A.T.meS.V.Me_dL.meA.meF}$PEPTIDE1,PEPTIDE1,1:R1-7:R2$$$",-5.93800000,ok,,flexible
"PEPTIDE1{dA.T.Me_dL.Pr_Gly.meA.meL.meL}$PEPTIDE1,PEPTIDE1,1:R1-7:R2$$$",-5.65900000,ok,,flexible
"PEPTIDE1{L.A.T.meL.L.dA.P}$PEPTIDE1,PEPTIDE1,1:R1-7:R2$$$",-5.65600000,ok,,flexible
"PEPTIDE1{dV.T.meL.P.F.V.meF}$PEPTIDE1,PEPTIDE1,1:R1-7:R2$$$",-5.84500000,ok,,flexible
"PEPTIDE1{Me_dA.Me_dL.F.V.Ser(tBu).I.Me_Phe(3-Cl)}$PEPTIDE1,PEPTIDE1,1:R1-7:R2$$$",-5.54200000,ok,,flexible
"PEPTIDE1{A.Sar.L.meL.meA.dA.meF}$PEPTIDE1,PEPTIDE1,1:R1-7:R2$$$",-6.43400000,ok,,flexible
"PEPTIDE1{L.meS.A.Me_dA.meA.Me_dL.meF}$PEPTIDE1,PEPTIDE1,1:R1-7:R2$$$",-5.44800000,ok,,flexible
"PEPTIDE1{Me_dA.L.A.I.L.G.P}$PEPTIDE1,PEPTIDE1,1:R1-7:R2$$$",-5.70700000,ok,,flexible
"PEPTIDE1{meL.meS.dP.L.Me_dL.meA.A}$PEPTIDE1,PEPTIDE1,1:R1-7:R2$$$",-5.53400000,ok,,flexible
"PEPTIDE1{dA.Me_dL.dL.meA.meA.F.L}$PEPTIDE1,PEPTIDE1,1:R1-7:R2$$$",-6.49400000,ok,,flexible
"PEPTIDE1{meA.Aoc(2).T.L.meL.T.F}$PEPTIDE1,PEPTIDE1,1:R1-7:R2$$$",-5.59800000,ok,,flexible
"PEPTIDE1{meA.A.dL.meL.T.L.V}$PEPTIDE1,PEPTIDE1,1:R1-7:R2$$$",-5.88200000,ok,,flexible
"PEPTIDE1{dA.meA.T.Aib.T.L.meL}$PEPTIDE1,PEPTIDE1,1:R1-7:R2$$$",-6.02500000,ok,,flexible
"PEPTIDE1{meA.meL.Me_dL.T.L.F.dL}$PEPTIDE1,PEPTIDE1,1:R1-7:R2$$$",-5.63500000,ok,,flexible
"PEPTIDE1{meL.Ala(5-Tet).T.meS.meL.V.L}$PEPTIDE1,PEPTIDE1,1:R1-7:R2$$$",-6.06100000,ok,,flexible
"PEPTIDE1{Pr_Gly.meF.meA.L.Ser(tBu).V.meL}$PEPTIDE1,PEPTIDE1,1:R1-7:R2$$$",-5.69800000,ok,,flexible
"PEPTIDE1{dA.L.A.meA.dL.T.F}$PEPTIDE1,PEPTIDE1,1:R1-7:R2$$$",-6.29900000,ok,,flexible
"PEPTIDE1{Me_dA.A.F.T.dA.meF.I}$PEPTIDE1,PEPTIDE1,1:R1-7:R2$$$",-6.23500000,ok,,flexible
"PEPTIDE1{Pr_Gly.L.meL.dL.Ser(tBu).T.Aib}$PEPTIDE1,PEPTIDE1,1:R1-7:R2$$$",-5.56000000,ok,,flexible
"PEPTIDE1{dP.Pr_Gly.meF.A.meL.I.dL}$PEPTIDE1,PEPTIDE1,1:R1-7:R2$$$",-5.26800000,ok,,flexible
"PEPTIDE1{F.dL.Mono84.meL.L.I.dP}$PEPTIDE1,PEPTIDE1,1:R1-7:R2$$$",-5.56300000,ok,,flexible
"PEPTIDE1{dF.L.meL.Mono78.dP.pentyl_Gly.G}$PEPTIDE1,PEPTIDE1,1:R1-7:R2$$$",-5.44900000,ok,,flexible
"PEPTIDE1{Me_Bal.F.A.Pr_Gly.meL.Me_dL.meF}$PEPTIDE1,PEPTIDE1,1:R1-7:R2$$$",-5.65100000,ok,,flexible
"PEPTIDE1{Me_Bal.Me_Nle.cHexCH2_Gly.P.L.A.Ser(tBu)}$PEPTIDE1,PEPTIDE1,1:R1-7:R2$$$",-5.39600000,ok,,flexible
"PEPTIDE1{dA.T.A.Abu.Sar.meS.T}$PEPTIDE1,PEPTIDE1,1:R1-7:R2$$$",-6.03700000,ok,,flexible
"PEPTIDE1{meL.meF.L.F.A.dL.I}$PEPTIDE1,PEPTIDE1,1:R1-7:R2$$$",-5.34600000,ok,,flexible
"PEPTIDE1{meF.I.P.meL.L.T.A}$PEPTIDE1,PEPTIDE1,1:R1-7:R2$$$",-5.83200000,ok,,flexible
"PEPTIDE1{Me_dA.P.V.L.meA.dL.Me_dL}$PEPTIDE1,PEPTIDE1,1:R1-7:R2$$$",-5.96200000,ok,,flexible
"PEPTIDE1{A.L.meL.I.G.T.Me_dL}$PEPTIDE1,PEPTIDE1,1:R1-7:R2$$$",-5.58100000,ok,,flexible
"PEPTIDE1{meA.dV.dL.Me_dL.L.meL.Sar}$PEPTIDE1,PEPTIDE1,1:R1-7:R2$$$",-5.26300000,ok,,flexible
"PEPTIDE1{Me_Bal.Me_Phe(3-Cl).meA.Me_dL.T.P.meS}$PEPTIDE1,PEPTIDE1,1:R1-7:R2$$$",-6.51000000,ok,,flexible
"PEPTIDE1{Mono6.dL.Me_dL.meL.T.meL.P}$PEPTIDE1,PEPTIDE1,1:R1-7:R2$$$",-5.50900000,ok,,flexible
"PEPTIDE1{A.F.dP.L.T.Sar.meA}$PEPTIDE1,PEPTIDE1,1:R1-7:R2$$$",-6.67100000,ok,,flexible
"PEPTIDE1{dA.meA.T.Me_dL.V.G.dL}$PEPTIDE1,PEPTIDE1,1:R1-7:R2$$$",-5.86800000,ok,,flexible
"PEPTIDE1{meL.P.Me_dL.dP.L.meS.T}$PEPTIDE1,PEPTIDE1,1:R1-7:R2$$$",-5.97300000,ok,,flexible
"PEPTIDE1{meA.meF.L.V.meV.Me_dL.T}$PEPTIDE1,PEPTIDE1,1:R1-7:R2$$$",-5.88400000,ok,,flexible
"PEPTIDE1{meA.meA.meL.A.Me_dA.I.dL}$PEPTIDE1,PEPTIDE1,1:R1-7:R2$$$",-5.66100000,ok,,flexible
"PEPTIDE1{A.T.meL.P.dL.L.G}$PEPTIDE1,PEPTIDE1,1:R1-7:R2$$$",-5.64200000,ok,,flexible
"PEPTIDE1{meA.A.meV.Pr_Gly.L.meL.Ser(tBu)}$PEPTIDE1,PEPTIDE1,1:R1-7:R2$$$",-4.95100000,ok,,flexible
"PEPTIDE1{Me_dA.A.dL.meY.meF.V.I}$PEPTIDE1,PEPTIDE1,1:R1-7:R2$$$",-6.86100000,ok,,flexible
"PEPTIDE1{Pr_Gly.dL.meA.L.meL.meF.Me_dL}$PEPTIDE1,PEPTIDE1,1:R1-7:R2$$$",-5.68400000,ok,,flexible
"PEPTIDE1{A.dL.V.L.meA.Me_Phe(3-Cl).F}$PEPTIDE1,PEPTIDE1,1:R1-7:R2$$$",-6.41000000,ok,,flexible
"PEPTIDE1{A.dPye.A.G.L.Ser(tBu).dL}$PEPTIDE1,PEPTIDE1,1:R1-7:R2$$$",-6.95900000,ok,,flexible
"PEPTIDE1{meA.meL.Pr_Gly.A.F.V.P}$PEPTIDE1,PEPTIDE1,1:R1-7:R2$$$",-6.07500000,ok,,flexible
"PEPTIDE1{meA.meL.meL.dP.T.L.Ala(5-Tet)}$PEPTIDE1,PEPTIDE1,1:R1-7:R2$$$",-5.81000000,ok,,flexible
"PEPTIDE1{Me_Bal.L.Ser(tBu).Mono84.cHexCH2_Gly.L.dP}$PEPTIDE1,PEPTIDE1,1:R1-7:R2$$$",-6.05300000,ok,,flexible
"PEPTIDE1{dV.A.dF.meL.Ser(tBu).meF.meA}$PEPTIDE1,PEPTIDE1,1:R1-7:R2$$$",-6.33200000,ok,,flexible
"PEPTIDE1{L.Me_dL.T.dL.meL.meF.F}$PEPTIDE1,PEPTIDE1,1:R1-7:R2$$$",-5.26200000,ok,,flexible
"PEPTIDE1{P.dL.meF.A.I.L.G}$PEPTIDE1,PEPTIDE1,1:R1-7:R2$$$",-5.64100000,ok,,flexible
"PEPTIDE1{F.pentyl_Gly.L.P.Ser(tBu).meA.V}$PEPTIDE1,PEPTIDE1,1:R1-7:R2$$$",-5.53700000,ok,,flexible
"PEPTIDE1{meA.meL.T.L.L.F.V}$PEPTIDE1,PEPTIDE1,1:R1-7:R2$$$",-5.75800000,ok,,flexible
"PEPTIDE1{Me_dA.meS.T.dL.A.meA.Sar}$PEPTIDE1,PEPTIDE1,1:R1-7:R2$$$",-6.10600000,ok,,flexible
"PEPTIDE1{dA.Abu.L.meA.meL.Ala(5-Tet).meF}$PEPTIDE1,PEPTIDE1,1:R1-7:R2$$$",-5.97200000,ok,,flexible
"PEPTIDE1{Me_dA.T.F.A.meF.meL.meA}$PEPTIDE1,PEPTIDE1,1:R1-7:R2$$$",-5.90800000,ok,,flexible
"PEPTIDE1{dA.Me_dA.L.meF.Ser(tBu).dV.V}$PEPTIDE1,PEPTIDE1,1:R1-7:R2$$$",-6.20400000,ok,,flexible
"PEPTIDE1{A.dF.T.meA.L.meL.Abu}$PEPTIDE1,PEPTIDE1,1:R1-7:R2$$$",-6.33400000,ok,,flexible
"PEPTIDE1{Me_Bal.Mono38.dL.Ser(tBu).Me_dL.L.A}$PEPTIDE1,PEPTIDE1,1:R1-7:R2$$$",-6.27600000,ok,,flexible
"PEPTIDE1{meA.Me_dL.meL.dL.A.meA.V}$PEPTIDE1,PEPTIDE1,1:R1-7:R2$$$",-5.54100000,ok,,flexible
"PEPTIDE1{dF.meL.P.Me_dL.T.meA.Me_dA}$PEPTIDE1,PEPTIDE1,1:R1-7:R2$$$",-6.94700000,ok,,flexible
"PEPTIDE1{Me_dA.V.dV.dL.T.meL.meA}$PEPTIDE1,PEPTIDE1,1:R1-7:R2$$$",-5.80800000,ok,,flexible
"PEPTIDE1{dV.A.meL.meS.meF.Sar.L}$PEPTIDE1,PEPTIDE1,1:R1-7:R2$$$",-6.10600000,ok,,flexible
"PEPTIDE1{meA.Pr_Gly.meL.F.L.Me_dA.I}$PEPTIDE1,PEPTIDE1,1:R1-7:R2$$$",-5.50300000,ok,,flexible
"PEPTIDE1{Sar.meL.F.T.meV.I.G}$PEPTIDE1,PEPTIDE1,1:R1-7:R2$$$",-5.88100000,ok,,flexible
"PEPTIDE1{meA.A.Mono78.dP.L.L.Me_dL}$PEPTIDE1,PEPTIDE1,1:R1-7:R2$$$",-6.58900000,ok,,flexible
"PEPTIDE1{meA.F.L.A.T.V.meL}$PEPTIDE1,PEPTIDE1,1:R1-7:R2$$$",-5.75200000,ok,,flexible
"PEPTIDE1{Me_Bal.meL.P.T.F.meA.I}$PEPTIDE1,PEPTIDE1,1:R1-7:R2$$$",-6.61000000,ok,,flexible
"PEPTIDE1{meA.meL.A.meS.Me_dA.Sar.L}$PEPTIDE1,PEPTIDE1,1:R1-7:R2$$$",-6.12200000,ok,,flexible
"PEPTIDE1{meA.Me_Phe(3-Cl).A.L.meL.meL.dL}$PEPTIDE1,PEPTIDE1,1:R1-7:R2$$$",-4.88200000,ok,,flexible
"PEPTIDE1{L.A.Mono84.Mono78.P.I.T}$PEPTIDE1,PEPTIDE1,1:R1-7:R2$$$",-5.92600000,ok,,flexible
"PEPTIDE1{dV.P.Me_dL.L.dL.meI.A}$PEPTIDE1,PEPTIDE1,1:R1-7:R2$$$",-5.19100000,ok,,flexible
"PEPTIDE1{F.Me_Nle.Me_dA.T.dP.P.meF}$PEPTIDE1,PEPTIDE1,1:R1-7:R2$$$",-6.09500000,ok,,flexible
"PEPTIDE1{Me_Bal.meL.F.V.T.I.meA}$PEPTIDE1,PEPTIDE1,1:R1-7:R2$$$",-6.11900000,ok,,flexible
"PEPTIDE1{Me_dA.meL.dL.A.T.A.L}$PEPTIDE1,PEPTIDE1,1:R1-7:R2$$$",-6.03700000,ok,,flexible
"PEPTIDE1{L.pentyl_Gly.T.I.meA.T.meF}$PEPTIDE1,PEPTIDE1,1:R1-7:R2$$$",-5.64200000,ok,,flexible
"PEPTIDE1{Mono6.cHexCH2_Gly.T.Ser(tBu).meA.Me_dL.dL}$PEPTIDE1,PEPTIDE1,1:R1-7:R2$$$",-5.65600000,ok,,flexible
"PEPTIDE1{F.I.L.P.A.meA.V}$PEPTIDE1,PEPTIDE1,1:R1-7:R2$$$",-6.40700000,ok,,flexible
"PEPTIDE1{A.Pr_Gly.meL.dL.Me_dL.Ser(tBu).T}$PEPTIDE1,PEPTIDE1,1:R1-7:R2$$$",-5.32700000,ok,,flexible
"PEPTIDE1{Me_dA.T.dP.P.meA.meL.T}$PEPTIDE1,PEPTIDE1,1:R1-7:R2$$$",-5.94900000,ok,,flexible
"PEPTIDE1{dA.L.I.meL.Sar.G.V}$PEPTIDE1,PEPTIDE1,1:R1-7:R2$$$",-5.75500000,ok,,flexible
"PEPTIDE1{A.P.dA.meA.meA.Me_dA.V}$PEPTIDE1,PEPTIDE1,1:R1-7:R2$$$",-6.64200000,ok,,flexible
"PEPTIDE1{Me_dA.meL.Me_dL.meL.meA.P.V}$PEPTIDE1,PEPTIDE1,1:R1-7:R2$$$",-5.79700000,ok,,flexible
"PEPTIDE1{Me_dA.Bn_Gly.Me_Nle.pentyl_Gly.Ser(tBu).dP.T}$PEPTIDE1,PEPTIDE1,1:R1-7:R2$$$",-5.46300000,ok,,flexible
"PEPTIDE1{Me_dA.T.dP.meS.A.Me_dL.T}$PEPTIDE1,PEPTIDE1,1:R1-7:R2$$$",-6.04000000,ok,,flexible
"PEPTIDE1{F.P.Me_dA.meA.meS.T.T}$PEPTIDE1,PEPTIDE1,1:R1-7:R2$$$",-6.30000000,ok,,flexible
"PEPTIDE1{Me_Bal.L.meA.Me_dL.V.Me_dA.meL}$PEPTIDE1,PEPTIDE1,1:R1-7:R2$$$",-5.64100000,ok,,flexible
"PEPTIDE1{dF.cHexCH2_Gly.Mono38.L.meL.I.Mono84}$PEPTIDE1,PEPTIDE1,1:R1-7:R2$$$",-6.32600000,ok,,flexible
"PEPTIDE1{Me_dA.A.L.meL.dL.Me_dL.Me_Phe(3-Cl)}$PEPTIDE1,PEPTIDE1,1:R1-7:R2$$$",-5.12000000,ok,,flexible
"PEPTIDE1{meL.L.meA.meL.dP.I.Aoc(2)}$PEPTIDE1,PEPTIDE1,1:R1-7:R2$$$",-4.93300000,ok,,flexible
"PEPTIDE1{F.Me_dL.T.meA.A.meF.meS}$PEPTIDE1,PEPTIDE1,1:R1-7:R2$$$",-6.59100000,ok,,flexible
"PEPTIDE1{P.Me_Nle.A.Me_Phe(3-Cl).meL.dL.Ser(tBu)}$PEPTIDE1,PEPTIDE1,1:R1-7:R2$$$",-5.83000000,ok,,flexible
"PEPTIDE1{Pr_Gly.A.T.meL.L.meF.Ala(5-Tet)}$PEPTIDE1,PEPTIDE1,1:R1-7:R2$$$",-5.71100000,ok,,flexible
"PEPTIDE1{meA.L.meA.A.meF.I.V}$PEPTIDE1,PEPTIDE1,1:R1-7:R2$$$",-5.84500000,ok,,flexible
"PEPTIDE1{dA.A.meL.dL.Me_dL.Me_dA.V}$PEPTIDE1,PEPTIDE1,1:R1-7:R2$$$",-5.51100000,ok,,flexible
"PEPTIDE1{A.dP.meL.Me_dL.dL.T.meA}$PEPTIDE1,PEPTIDE1,1:R1-7:R2$$$",-5.96900000,ok,,flexible
"PEPTIDE1{L.meA.meF.Abu.F.T.Sar}$PEPTIDE1,PEPTIDE1,1:R1-7:R2$$$",-6.00300000,ok,,flexible
"PEPTIDE1{meL.A.Abu.T.L.meA.meS}$PEPTIDE1,PEPTIDE1,1:R1-7:R2$$$",-5.71100000,ok,,flexible
"PEPTIDE1{A.A.F.I.meL.P.Sar}$PEPTIDE1,PEPTIDE1,1:R1-7:R2$$$",-6.64900000,ok,,flexible
"PEPTIDE1{Me_Bal.pentyl_Gly.T.A.dP.L.I}$PEPTIDE1,PEPTIDE1,1:R1-7:R2$$$",-5.49100000,ok,,flexible
"PEPTIDE1{L.A.Ser(tBu).Me_dL.I.F.meL}$PEPTIDE1,PEPTIDE1,1:R1-7:R2$$$",-5.30000000,ok,,flexible
"PEPTIDE1{A.F.T.meL.I.L.Ser(tBu)}$PEPTIDE1,PEPTIDE1,1:R1-7:R2$$$",-5.46100000,ok,,flexible
"PEPTIDE1{Me_dA.cHexCH2_Gly.A.L.T.Me_dL.meL}$PEPTIDE1,PEPTIDE1,1:R1-7:R2$$$",-5.67500000,ok,,flexible
"PEPTIDE1{Pr_Gly.L.P.T.dL.dP.meA}$PEPTIDE1,PEPTIDE1,1:R1-7:R2$$$",-5.51200000,ok,,flexible
"PEPTIDE1{meA.V.G.L.F.dL.Me_dL}$PEPTIDE1,PEPTIDE1,1:R1-7:R2$$$",-5.75900000,ok,,flexible
"PEPTIDE1{dV.meL.meS.Abu.L.T.Aoc(2)}$PEPTIDE1,PEPTIDE1,1:R1-7:R2$$$",-5.65100000,ok,,flexible
"PEPTIDE1{Me_Bal.A.Ser(tBu).meF.P.L.dL}$PEPTIDE1,PEPTIDE1,1:R1-7:R2$$$",-5.86200000,ok,,flexible
"PEPTIDE1{dV.Pr_Gly.meL.Me_dL.Ser(tBu).L.I}$PEPTIDE1,PEPTIDE1,1:R1-7:R2$$$",-4.79200000,ok,,flexible
"PEPTIDE1{meL.L.F.T.Me_dL.L.I}$PEPTIDE1,PEPTIDE1,1:R1-7:R2$$$",-4.71300000,ok,,flexible
"PEPTIDE1{meA.Me_dA.Pr_Gly.dA.meL.I.Me_Phe(3-Cl)}$PEPTIDE1,PEPTIDE1,1:R1-7:R2$$$",-5.98100000,ok,,flexible
"PEPTIDE1{Me_Bal.G.Me_dL.meA.I.F.Me_dA}$PEPTIDE1,PEPTIDE1,1:R1-7:R2$$$",-6.56000000,ok,,flexible
"PEPTIDE1{dF.meS.A.L.dL.Me_dL.meA}$PEPTIDE1,PEPTIDE1,1:R1-7:R2$$$",-5.87300000,ok,,flexible
"PEPTIDE1{meA.dL.meL.meF.meV.T.meY}$PEPTIDE1,PEPTIDE1,1:R1-7:R2$$$",-5.82300000,ok,,flexible
"PEPTIDE1{Pr_Gly.L.pentyl_Gly.A.Me_dL.G.meL}$PEPTIDE1,PEPTIDE1,1:R1-7:R2$$$",-4.97600000,ok,,flexible
"PEPTIDE1{meA.meL.I.V.F.L.Me_dL}$PEPTIDE1,PEPTIDE1,1:R1-7:R2$$$",-5.66500000,ok,,flexible
"PEPTIDE1{dV.T.T.meF.A.L.L}$PEPTIDE1,PEPTIDE1,1:R1-7:R2$$$",-5.90700000,ok,,flexible
"PEPTIDE1{Me_Bal.dL.meA.T.Ser(tBu).Me_dL.Aoc(2)}$PEPTIDE1,PEPTIDE1,1:R1-7:R2$$$",-5.27900000,ok,,flexible
"PEPTIDE1{L.Et_Gly.Mono84.Mono78.V.Ser(tBu).meA}$PEPTIDE1,PEPTIDE1,1:R1-7:R2$$$",-5.85300000,ok,,flexible
"PEPTIDE1{dA.meL.meS.V.T.A.meA}$PEPTIDE1,PEPTIDE1,1:R1-7:R2$$$",-6.54000000,ok,,flexible
"PEPTIDE1{A.G.dV.dL.L.V.meL}$PEPTIDE1,PEPTIDE1,1:R1-7:R2$$$",-5.79600000,ok,,flexible
"PEPTIDE1{Me_dA.meA.Me_dL.L.meL.I.T}$PEPTIDE1,PEPTIDE1,1:R1-7:R2$$$",-5.98900000,ok,,flexible
"PEPTIDE1{Mono6.dP.L.P.dL.meL.T}$PEPTIDE1,PEPTIDE1,1:R1-7:R2$$$",-5.88400000,ok,,flexible
"PEPTIDE1{dV.dP.L.meL.Sar.meS.Abu}$PEPTIDE1,PEPTIDE1,1:R1-7:R2$$$",-5.62300000,ok,,flexible
"PEPTIDE1{meL.3Pal.I.dL.A.Abu.T}$PEPTIDE1,PEPTIDE1,1:R1-7:R2$$$",-5.42800000,ok,,flexible
"PEPTIDE1{meL.Ala(5-Tet).Aoc(2).Abu.meL.dL.meS}$PEPTIDE1,PEPTIDE1,1:R1-7:R2$$$",-5.66400000,ok,,flexible
"PEPTIDE1{meA.dV.T.meF.meL.meA.dL}$PEPTIDE1,PEPTIDE1,1:R1-7:R2$$$",-6.83600000,ok,,flexible
"PEPTIDE1{A.meA.V.Me_dL.Ser(tBu).L.meA}$PEPTIDE1,PEPTIDE1,1:R1-7:R2$$$",-6.14300000,ok,,flexible
"PEPTIDE1{dP.Pr_Gly.L.Me_dL.F.A.meF}$PEPTIDE1,PEPTIDE1,1:R1-7:R2$$$",-5.82400000,ok,,flexible
"PEPTIDE1{dV.meF.L.T.I.dL.A}$PEPTIDE1,PEPTIDE1,1:R1-7:R2$$$",-6.03800000,ok,,flexible
"PEPTIDE1{meL.meS.dV.Me_dL.meL.meA.Me_dA}$PEPTIDE1,PEPTIDE1,1:R1-7:R2$$$",-5.96600000,ok,,flexible
"PEPTIDE1{dA.A.meS.T.Me_dA.Abu.meL}$PEPTIDE1,PEPTIDE1,1:R1-7:R2$$$",-5.89500000,ok,,flexible
"PEPTIDE1{Me_dA.V.Mono78.meA.A.meF.meV}$PEPTIDE1,PEPTIDE1,1:R1-7:R2$$$",-7.85100000,ok,,flexible
"PEPTIDE1{meA.cHexCH2_Gly.dL.Me_dL.L.meI.L}$PEPTIDE1,PEPTIDE1,1:R1-7:R2$$$",-5.48000000,ok,,flexible
"PEPTIDE1{Me_Bal.dP.L.I.A.F.T}$PEPTIDE1,PEPTIDE1,1:R1-7:R2$$$",-6.62600000,ok,,flexible
"PEPTIDE1{A.Me_dA.V.G.meA.T.Ser(tBu)}$PEPTIDE1,PEPTIDE1,1:R1-7:R2$$$",-6.13200000,ok,,flexible
"PEPTIDE1{Me_dA.meA.Me_dL.meF.meL.L.meL}$PEPTIDE1,PEPTIDE1,1:R1-7:R2$$$",-5.86800000,ok,,flexible
"PEPTIDE1{L.Aoc(2).T.meS.Ala(5-Tet).L.I}$PEPTIDE1,PEPTIDE1,1:R1-7:R2$$$",-5.01800000,ok,,flexible
"PEPTIDE1{Me_dA.A.meL.meL.L.dA.P}$PEPTIDE1,PEPTIDE1,1:R1-7:R2$$$",-6.17600000,ok,,flexible
"PEPTIDE1{dA.meF.meL.P.Ser(tBu).I.meA}$PEPTIDE1,PEPTIDE1,1:R1-7:R2$$$",-5.98200000,ok,,flexible
"PEPTIDE1{dV.dA.Me_dL.meL.T.F.L}$PEPTIDE1,PEPTIDE1,1:R1-7:R2$$$",-5.32900000,ok,,flexible
"PEPTIDE1{Me_Bal.meL.meA.Sar.meS.dL.Abu}$PEPTIDE1,PEPTIDE1,1:R1-7:R2$$$",-6.31500000,ok,,flexible
"PEPTIDE1{Me_Bal.Mono38.Mono84.L.L.meL.P}$PEPTIDE1,PEPTIDE1,1:R1-7:R2$$$",-6.09000000,ok,,flexible
"PEPTIDE1{dA.meL.F.L.Aib.dL.meL}$PEPTIDE1,PEPTIDE1,1:R1-7:R2$$$",-5.46600000,ok,,flexible
"PEPTIDE1{meL.Ala(5-Tet).meS.meS.A.T.Abu}$PEPTIDE1,PEPTIDE1,1:R1-7:R2$$$",-5.50700000,ok,,flexible
"PEPTIDE1{meA.dV.T.dP.Me_dA.meS.L}$PEPTIDE1,PEPTIDE1,1:R1-7:R2$$$",-6.38700000,ok,,flexible
"PEPTIDE1{Me_dA.A.Ser(tBu).Me_Phe(3-Cl).meF.meA.meL}$PEPTIDE1,PEPTIDE1,1:R1-7:R2$$$",-6.10500000,ok,,flexible
"PEPTIDE1{A.meA.dL.Sar.I.F.L}$PEPTIDE1,PEPTIDE1,1:R1-7:R2$$$",-5.56000000,ok,,flexible
"PEPTIDE1{Me_dA.Mono38.meL.P.L.T.Ser(tBu)}$PEPTIDE1,PEPTIDE1,1:R1-7:R2$$$",-5.65800000,ok,,flexible
"PEPTIDE1{A.meF.Ser(tBu).L.V.P.dL}$PEPTIDE1,PEPTIDE1,1:R1-7:R2$$$",-5.92300000,ok,,flexible
"PEPTIDE1{dV.meA.meV.G.meL.L.Me_dL}$PEPTIDE1,PEPTIDE1,1:R1-7:R2$$$",-5.40800000,ok,,flexible
"PEPTIDE1{A.Me_dA.F.L.I.meL.T}$PEPTIDE1,PEPTIDE1,1:R1-7:R2$$$",-6.05300000,ok,,flexible
"PEPTIDE1{F.P.Ser(tBu).T.pentyl_Gly.Mono84.dP}$PEPTIDE1,PEPTIDE1,1:R1-7:R2$$$",-5.26100000,ok,,flexible
"PEPTIDE1{dV.Mono38.pentyl_Gly.Aoc(2).Et_Gly.T.L}$PEPTIDE1,PEPTIDE1,1:R1-7:R2$$$",-5.07400000,ok,,flexible
"PEPTIDE1{Me_Bal.Pr_Gly.Me_dL.meL.A.dL.meL}$PEPTIDE1,PEPTIDE1,1:R1-7:R2$$$",-5.32500000,ok,,flexible
"PEPTIDE1{meA.meL.T.Me_dL.L.meL.Me_Abu}$PEPTIDE1,PEPTIDE1,1:R1-7:R2$$$",-4.89900000,ok,,flexible
"PEPTIDE1{A.T.meL.D.D.meF.Mono7}$PEPTIDE1,PEPTIDE1,1:R1-7:R2$$$",-6.70500000,ok,,flexible
"PEPTIDE1{meA.A.P.L.meL.T.Ser(tBu)}$PEPTIDE1,PEPTIDE1,1:R1-7:R2$$$",-5.76500000,ok,,flexible
"PEPTIDE1{meA.dL.L.meF.meL.Me_dL.V}$PEPTIDE1,PEPTIDE1,1:R1-7:R2$$$",-6.13200000,ok,,flexible
"PEPTIDE1{Mono6.meA.A.meL.Me_dA.Me_dL.T}$PEPTIDE1,PEPTIDE1,1:R1-7:R2$$$",-5.71100000,ok,,flexible
"PEPTIDE1{Me_Bal.Pr_Gly.dP.Aib.T.P.meA}$PEPTIDE1,PEPTIDE1,1:R1-7:R2$$$",-6.76400000,ok,,flexible
"PEPTIDE1{dA.meA.L.Me_dL.Me_dA.meF.dF}$PEPTIDE1,PEPTIDE1,1:R1-7:R2$$$",-6.49700000,ok,,flexible
"PEPTIDE1{Pr_Gly.dL.T.dP.I.Ser(tBu).L}$PEPTIDE1,PEPTIDE1,1:R1-7:R2$$$",-5.51900000,ok,,flexible
"PEPTIDE1{Mono6.meA.F.V.P.Ser(tBu).T}$PEPTIDE1,PEPTIDE1,1:R1-7:R2$$$",-6.36100000,ok,,flexible
"PEPTIDE1{F.T.A.meL.meA.pentyl_Gly.meF}$PEPTIDE1,PEPTIDE1,1:R1-7:R2$$$",-6.35800000,ok,,flexible
"PEPTIDE1{dF.meL.Me_Nle.Mono78.T.P.Ser(tBu)}$PEPTIDE1,PEPTIDE1,1:R1-7:R2$$$",-5.56300000,ok,,flexible
"PEPTIDE1{Me_Bal.meL.T.Ser(tBu).L.A.3Pal}$PEPTIDE1,PEPTIDE1,1:R1-7:R2$$$",-5.86700000,ok,,flexible
"PEPTIDE1{F.T.dP.meL.meS.L.P}$PEPTIDE1,PEPTIDE1,1:R1-7:R2$$$",-5.93500000,ok,,flexible
"PEPTIDE1{Sar.P.T.Me_dL.A.dL.L}$PEPTIDE1,PEPTIDE1,1:R1-7:R2$$$",-5.16500000,ok,,flexible
"PEPTIDE1{dV.dP.Me_dA.meA.T.L.P}$PEPTIDE1,PEPTIDE1,1:R1-7:R2$$$",-6.00300000,ok,,flexible
"PEPTIDE1{Me_Bal.Me_dA.meA.Me_dL.V.L.T}$PEPTIDE1,PEPTIDE1,1:R1-7:R2$$$",-5.83300000,ok,,flexible
"PEPTIDE1{Sar.T.cHexCH2_Gly.L.P.T.dP}$PEPTIDE1,PEPTIDE1,1:R1-7:R2$$$",-6.62400000,ok,,flexible
"PEPTIDE1{Me_dA.dP.meL.meF.meS.dL.T}$PEPTIDE1,PEPTIDE1,1:R1-7:R2$$$",-6.60900000,ok,,flexible
"PEPTIDE1{A.meL.L.I.meA.L.V}$PEPTIDE1,PEPTIDE1,1:R1-7:R2$$$",-5.71300000,ok,,flexible
"PEPTIDE1{Me_dA.meA.Me_Abu.F.meL.L.T}$PEPTIDE1,PEPTIDE1,1:R1-7:R2$$$",-6.20900000,ok,,flexible
"PEPTIDE1{Me_dA.A.L.dP.meL.I.Me_dL}$PEPTIDE1,PEPTIDE1,1:R1-7:R2$$$",-5.73700000,ok,,flexible
"PEPTIDE1{L.A.meF.meS.dL.meL.Me_dL}$PEPTIDE1,PEPTIDE1,1:R1-7:R2$$$",-5.36100000,ok,,flexible
"PEPTIDE1{Me_Bal.meL.L.meA.meF.F.L}$PEPTIDE1,PEPTIDE1,1:R1-7:R2$$$",-5.47900000,ok,,flexible
"PEPTIDE1{meA.Pr_Gly.I.meF.cHexCH2_Gly.dL.Ser(tBu)}$PEPTIDE1,PEPTIDE1,1:R1-7:R2$$$",-5.29800000,ok,,flexible
"PEPTIDE1{Mono6.meA.meL.T.Me_dL.Me_dA.dL}$PEPTIDE1,PEPTIDE1,1:R1-7:R2$$$",-5.66200000,ok,,flexible
"PEPTIDE1{dV.T.Ala(5-Tet).Abu.dL.meS.Me_dA}$PEPTIDE1,PEPTIDE1,1:R1-7:R2$$$",-5.47000000,ok,,flexible
"PEPTIDE1{dV.Abu.F.meA.Me_dL.T.A}$PEPTIDE1,PEPTIDE1,1:R1-7:R2$$$",-6.11600000,ok,,flexible
"PEPTIDE1{A.Pr_Gly.meL.L.meA.P.Aib}$PEPTIDE1,PEPTIDE1,1:R1-7:R2$$$",-5.85800000,ok,,flexible
"PEPTIDE1{dP.Pr_Gly.meL.L.A.F.pentyl_Gly}$PEPTIDE1,PEPTIDE1,1:R1-7:R2$$$",-5.33500000,ok,,flexible
"PEPTIDE1{dV.dP.meL.meS.T.L.A}$PEPTIDE1,PEPTIDE1,1:R1-7:R2$$$",-6.11700000,ok,,flexible
"PEPTIDE1{Me_dA.P.T.meL.Me_dL.Ser(tBu).meF}$PEPTIDE1,PEPTIDE1,1:R1-7:R2$$$",-5.73500000,ok,,flexible
"PEPTIDE1{Me_dA.meL.L.A.Me_dL.T.Me_Phe(3-Cl)}$PEPTIDE1,PEPTIDE1,1:R1-7:R2$$$",-5.89600000,ok,,flexible
"PEPTIDE1{F.meF.T.A.L.I.meS}$PEPTIDE1,PEPTIDE1,1:R1-7:R2$$$",-5.63800000,ok,,flexible
"PEPTIDE1{Me_dA.T.dP.dL.L.dF.F}$PEPTIDE1,PEPTIDE1,1:R1-7:R2$$$",-6.32500000,ok,,flexible
"PEPTIDE1{meA.cHexCH2_Gly.T.A.Ser(tBu).L.meL}$PEPTIDE1,PEPTIDE1,1:R1-7:R2$$$",-5.46100000,ok,,flexible
"PEPTIDE1{dA.meL.L.T.V.F.dV}$PEPTIDE1,PEPTIDE1,1:R1-7:R2$$$",-5.84100000,ok,,flexible
"PEPTIDE1{dA.meV.dL.A.Me_dL.dP.meA}$PEPTIDE1,PEPTIDE1,1:R1-7:R2$$$",-5.99800000,ok,,flexible
"PEPTIDE1{dV.dA.meL.Me_dL.Me_dL.F.dL}$PEPTIDE1,PEPTIDE1,1:R1-7:R2$$$",-5.19000000,ok,,flexible
"PEPTIDE1{dV.meL.P.Abu.meF.L.T}$PEPTIDE1,PEPTIDE1,1:R1-7:R2$$$",-5.88600000,ok,,flexible
"PEPTIDE1{Me_Bal.T.dL.dV.Me_dL.meA.F}$PEPTIDE1,PEPTIDE1,1:R1-7:R2$$$",-6.02700000,ok,,flexible
"PEPTIDE1{Me_Bal.T.F.Me_dL.dL.Ser(tBu).I}$PEPTIDE1,PEPTIDE1,1:R1-7:R2$$$",-5.16600000,ok,,flexible
"PEPTIDE1{meA.Abu.meF.L.T.dP.Aoc(2)}$PEPTIDE1,PEPTIDE1,1:R1-7:R2$$$",-5.82500000,ok,,flexible
"PEPTIDE1{meA.meF.A.L.P.F.T}$PEPTIDE1,PEPTIDE1,1:R1-7:R2$$$",-7.50300000,ok,,flexible
"PEPTIDE1{dV.A.T.meV.dL.Me_dA.Me_dL}$PEPTIDE1,PEPTIDE1,1:R1-7:R2$$$",-5.53900000,ok,,flexible
"PEPTIDE1{Pr_Gly.P.I.A.G.T.L}$PEPTIDE1,PEPTIDE1,1:R1-7:R2$$$",-6.32600000,ok,,flexible
"PEPTIDE1{Me_Bal.T.A.I.3Pal.P.Ser(tBu)}$PEPTIDE1,PEPTIDE1,1:R1-7:R2$$$",-5.54100000,ok,,flexible
"PEPTIDE1{Me_dA.meL.T.L.V.Me_dL.I}$PEPTIDE1,PEPTIDE1,1:R1-7:R2$$$",-6.01100000,ok,,flexible
"PEPTIDE1{meA.T.meS.A.meL.Me_dA.T}$PEPTIDE1,PEPTIDE1,1:R1-7:R2$$$",-6.28500000,ok,,flexible
"PEPTIDE1{L.Sar.meF.meL.A.dP.V}$PEPTIDE1,PEPTIDE1,1:R1-7:R2$$$",-6.52100000,ok,,flexible
"PEPTIDE1{F.dP.Mono84.P.T.Ser(tBu).L}$PEPTIDE1,PEPTIDE1,1:R1-7:R2$$$",-6.23000000,ok,,flexible
"PEPTIDE1{Me_dA.A.L.meL.dL.meF.F}$PEPTIDE1,PEPTIDE1,1:R1-7:R2$$$",-6.18200000,ok,,flexible
"PEPTIDE1{Me_dA.meL.T.dP.meA.Ser(tBu).L}$PEPTIDE1,PEPTIDE1,1:R1-7:R2$$$",-6.02200000,ok,,flexible
"PEPTIDE1{A.T.meL.Ala(5-Tet).meL.meS.Sar}$PEPTIDE1,PEPTIDE1,1:R1-7:R2$$$",-5.34400000,ok,,flexible
"PEPTIDE1{dA.dPye.meL.dL.meA.Me_Phe(3-Cl).V}$PEPTIDE1,PEPTIDE1,1:R1-7:R2$$$",-5.21000000,ok,,flexible
"PEPTIDE1{meL.Me_dL.Aib.Pr_Gly.dL.Me_dA.meA}$PEPTIDE1,PEPTIDE1,1:R1-7:R2$$$",-5.59700000,ok,,flexible
"PEPTIDE1{A.Me_Phe(3-Cl).F.G.L.Me_dL.dL}$PEPTIDE1,PEPTIDE1,1:R1-7:R2$$$",-5.90600000,ok,,flexible
"PEPTIDE1{Me_Bal.meL.I.L.meI.meF.meL}$PEPTIDE1,PEPTIDE1,1:R1-7:R2$$$",-5.81700000,ok,,flexible
"PEPTIDE1{dF.meL.meS.Me_dL.T.Abu.Ala(5-Tet)}$PEPTIDE1,PEPTIDE1,1:R1-7:R2$$$",-5.49900000,ok,,flexible
"PEPTIDE1{Me_dA.pentyl_Gly.T.meL.meV.L.I}$PEPTIDE1,PEPTIDE1,1:R1-7:R2$$$",-4.64700000,ok,,flexible
"PEPTIDE1{meA.T.F.T.Me_dL.L.dL}$PEPTIDE1,PEPTIDE1,1:R1-7:R2$$$",-5.90200000,ok,,flexible
"PEPTIDE1{meA.Pr_Gly.Me_dL.meL.T.meV.meF}$PEPTIDE1,PEPTIDE1,1:R1-7:R2$$$",-5.71000000,ok,,flexible
"PEPTIDE1{L.A.F.L.meF.dL.P}$PEPTIDE1,PEPTIDE1,1:R1-7:R2$$$",-5.67400000,ok,,flexible
"PEPTIDE1{dV.meL.L.T.Me_dL.Me_dA.meA}$PEPTIDE1,PEPTIDE1,1:R1-7:R2$$$",-5.93900000,ok,,flexible
"PEPTIDE1{Me_dA.T.L.V.meL.meF.meF}$PEPTIDE1,PEPTIDE1,1:R1-7:R2$$$",-6.03800000,ok,,flexible
"PEPTIDE1{dA.meA.Abu.T.Me_dL.L.V}$PEPTIDE1,PEPTIDE1,1:R1-7:R2$$$",-5.67900000,ok,,flexible
"PEPTIDE1{Me_dA.Me_dL.meL.dP.L.Me_dA.A}$PEPTIDE1,PEPTIDE1,1:R1-7:R2$$$",-5.74700000,ok,,flexible
"PEPTIDE1{meL.meL.Me_dL.A.T.L.Ala(5-Tet)}$PEPTIDE1,PEPTIDE1,1:R1-7:R2$$$",-6.18700000,ok,,flexible
"PEPTIDE1{meA.cHexCH2_Gly.T.I.meL.dL.L}$PEPTIDE1,PEPTIDE1,1:R1-7:R2$$$",-5.64000000,ok,,flexible
"PEPTIDE1{meA.P.T.Me_dL.Me_dA.L.meS}$PEPTIDE1,PEPTIDE1,1:R1-7:R2$$$",-6.01000000,ok,,flexible
"PEPTIDE1{dA.G.bHph.Pr_Gly.I.F.meL}$PEPTIDE1,PEPTIDE1,1:R1-7:R2$$$",-6.40200000,ok,,flexible
"PEPTIDE1{Me_Bal.Pr_Gly.Ser(tBu).P.meL.Me_dL.meI}$PEPTIDE1,PEPTIDE1,1:R1-7:R2$$$",-5.36100000,ok,,flexible
"PEPTIDE1{dA.meL.Ser(tBu).meF.L.A.T}$PEPTIDE1,PEPTIDE1,1:R1-7:R2$$$",-5.51400000,ok,,flexible
"PEPTIDE1{Mono6.T.meL.A.L.Ala(5-Tet).Sar}$PEPTIDE1,PEPTIDE1,1:R1-7:R2$$$",-6.47200000,ok,,flexible
"PEPTIDE1{dV.F.meL.L.Me_dL.meI.dL}$PEPTIDE1,PEPTIDE1,1:R1-7:R2$$$",-5.55600000,ok,,flexible
"PEPTIDE1{Mono6.I.T.dL.meS.Ser(tBu).A}$PEPTIDE1,PEPTIDE1,1:R1-7:R2$$$",-6.19000000,ok,,flexible
"PEPTIDE1{dV.L.meA.F.I.meF.V}$PEPTIDE1,PEPTIDE1,1:R1-7:R2$$$",-6.39600000,ok,,flexible
"PEPTIDE1{dA.Abu.T.meA.meF.V.Ser(tBu)}$PEPTIDE1,PEPTIDE1,1:R1-7:R2$$$",-5.74600000,ok,,flexible
"PEPTIDE1{Me_dA.meL.Me_dL.dL.meL.P.meF}$PEPTIDE1,PEPTIDE1,1:R1-7:R2$$$",-5.88500000,ok,,flexible
"PEPTIDE1{L.dF.meF.Ala(5-Tet).A.T.L}$PEPTIDE1,PEPTIDE1,1:R1-7:R2$$$",-5.91900000,ok,,flexible
"PEPTIDE1{dA.pentyl_Gly.I.A.Ser(tBu).Abu.T}$PEPTIDE1,PEPTIDE1,1:R1-7:R2$$$",-5.67500000,ok,,flexible
"PEPTIDE1{dA.Sar.F.T.meA.P.Me_dL}$PEPTIDE1,PEPTIDE1,1:R1-7:R2$$$",-7.20600000,ok,,flexible
"PEPTIDE1{A.G.dF.V.L.meA.P}$PEPTIDE1,PEPTIDE1,1:R1-7:R2$$$",-6.52500000,ok,,flexible
"PEPTIDE1{meA.meL.Me_dA.meF.meL.T.V}$PEPTIDE1,PEPTIDE1,1:R1-7:R2$$$",-5.97800000,ok,,flexible
