helm,vina_score,status,detail,docking_mode
"PEPTIDE1{dA.dP.P.dP.dP.D.T}$PEPTIDE1,PEPTIDE1,1:R1-7:R2$$$",-6.72000000,ok,,flexible
"PEPTIDE1{Me_dA.P.G.P.dP.Mono84.P}$PEPTIDE1,PEPTIDE1,1:R1-7:R2$$$",-7.28000000,ok,,flexible
"PEPTIDE1{dP.dP.dP.P.T.D.P}$PEPTIDE1,PEPTIDE1,1:R1-7:R2$$$",-7.36200000,ok,,flexible
"PEPTIDE1{A.Phe(4-CF3).P.dP.P.P.dP}$PEPTIDE1,PEPTIDE1,1:R1-7:R2$$$",-7.54700000,ok,,flexible
"PEPTIDE1{Me_dA.dP.dP.P.P.P.D}$PEPTIDE1,PEPTIDE1,1:R1-7:R2$$$",-7.69200000,ok,,flexible
"PEPTIDE1{dF.P.dP.P.P.P.dP}$PEPTIDE1,PEPTIDE1,1:R1-7:R2$$$",-8.26000000,ok,,flexible
"PEPTIDE1{P.A.dP.P.dP.P.P}$PEPTIDE1,PEPTIDE1,1:R1-7:R2$$$",-7.66700000,ok,,flexible
"PEPTIDE1{A.P.dP.P.dP.P.dP}$PEPTIDE1,PEPTIDE1,1:R1-7:R2$$$",-8.05500000,ok,,flexible
"PEPTIDE1{F.P.dP.P.P.P.dP}$PEPTIDE1,PEPTIDE1,1:R1-7:R2$$$",-7.75400000,ok,,flexible
"PEPTIDE1{F.G.Mono84.dP.dP.P.P}$PEPTIDE1,PEPTIDE1,1:R1-7:R2$$$",-7.53900000,ok,,flexible
"PEPTIDE1{dF.dP.P.P.P.P.dP}$PEPTIDE1,PEPTIDE1,1:R1-7:R2$$$",-8.20800000,ok,,flexible
"PEPTIDE1{A.dP.P.P.dP.P.D}$PEPTIDE1,PEPTIDE1,1:R1-7:R2$$$",-7.48100000,ok,,flexible
"PEPTIDE1{Me_dA.A.dP.P.dP.P.dP}$PEPTIDE1,PEPTIDE1,1:R1-7:R2$$$",-7.44700000,ok,,flexible
"PEPTIDE1{dV.P.dP.dP.T.D.Phe(4-CF3)}$PEPTIDE1,PEPTIDE1,1:R1-7:R2$$$",-7.71100000,ok,,flexible
"PEPTIDE1{dV.P.dP.P.dP.P.P}$PEPTIDE1,PEPTIDE1,1:R1-7:R2$$$",-7.58800000,ok,,flexible
"PEPTIDE1{dV.P.dP.dP.D.P.P}$PEPTIDE1,PEPTIDE1,1:R1-7:R2$$$",-6.78700000,ok,,flexible
"PEPTIDE1{P.Y.dP.dP.P.dP.P}$PEPTIDE1,PEPTIDE1,1:R1-7:R2$$$",-7.66500000,ok,,flexible
"PEPTIDE1{F.G.dP.P.dP.P.dP}$PEPTIDE1,PEPTIDE1,1:R1-7:R2$$$",-7.06600000,ok,,flexible
"PEPTIDE1{dA.P.dP.dP.P.P.D}$PEPTIDE1,PEPTIDE1,1:R1-7:R2$$$",-7.12000000,ok,,flexible
"PEPTIDE1{A.dP.P.P.P.D.T}$PEPTIDE1,PEPTIDE1,1:R1-7:R2$$$",-6.76700000,ok,,flexible
"PEPTIDE1{dA.F.P.3Pal.dP.dP.dP}$PEPTIDE1,PEPTIDE1,1:R1-7:R2$$$",-7.13500000,ok,,flexible
"PEPTIDE1{A.dP.P.dP.dP.P.P}$PEPTIDE1,PEPTIDE1,1:R1-7:R2$$$",-7.95000000,ok,,flexible
"PEPTIDE1{dA.P.dP.P.dP.T.D}$PEPTIDE1,PEPTIDE1,1:R1-7:R2$$$",-6.70600000,ok,,flexible
"PEPTIDE1{P.dP.P.P.dP.P.D}$PEPTIDE1,PEPTIDE1,1:R1-7:R2$$$",-6.92400000,ok,,flexible
"PEPTIDE1{P.dP.dP.dP.P.P.dP}$PEPTIDE1,PEPTIDE1,1:R1-7:R2$$$",-7.98000000,ok,,flexible
"PEPTIDE1{P.dP.P.dP.P.dP.P}$PEPTIDE1,PEPTIDE1,1:R1-7:R2$$$",-7.93200000,ok,,flexible
"PEPTIDE1{F.dP.P.dP.P.P.P}$PEPTIDE1,PEPTIDE1,1:R1-7:R2$$$",-7.60400000,ok,,flexible
"PEPTIDE1{dA.P.P.P.dP.dP.P}$PEPTIDE1,PEPTIDE1,1:R1-7:R2$$$",-7.90500000,ok,,flexible
"PEPTIDE1{Mono6.P.P.dP.dP.P.P}$PEPTIDE1,PEPTIDE1,1:R1-7:R2$$$",-7.81000000,ok,,flexible
"PEPTIDE1{Me_Bal.Phe(4-CF3).dP.P.dP.P.dP}$PEPTIDE1,PEPTIDE1,1:R1-7:R2$$$",-7.16900000,ok,,flexible
"PEPTIDE1{A.dP.dP.dP.T.P.Phe(4-CF3)}$PEPTIDE1,PEPTIDE1,1:R1-7:R2$$$",-7.46400000,ok,,flexible
"PEPTIDE1{meA.meL.P.P.P.dP.dP}$PEPTIDE1,PEPTIDE1,1:R1-7:R2$$$",-7.28200000,ok,,flexible
"PEPTIDE1{A.Phe(4-CF3).P.P.dP.P.dP}$PEPTIDE1,PEPTIDE1,1:R1-7:R2$$$",-7.53100000,ok,,flexible
"PEPTIDE1{dA.dP.dP.P.P.dP.D}$PEPTIDE1,PEPTIDE1,1:R1-7:R2$$$",-7.49000000,ok,,flexible
"PEPTIDE1{dP.P.G.Phe(4-CF3).P.dP.dP}$PEPTIDE1,PEPTIDE1,1:R1-7:R2$$$",-8.26700000,ok,,flexible
"PEPTIDE1{P.P.P.dP.P.P.T}$PEPTIDE1,PEPTIDE1,1:R1-7:R2$$$",-7.30100000,ok,,flexible
"PEPTIDE1{P.dP.dP.P.dP.P.D}$PEPTIDE1,PEPTIDE1,1:R1-7:R2$$$",-7.20100000,ok,,flexible
"PEPTIDE1{F.dP.dP.dP.P.P.P}$PEPTIDE1,PEPTIDE1,1:R1-7:R2$$$",-7.39900000,ok,,flexible
"PEPTIDE1{F.dP.P.P.P.dP.P}$PEPTIDE1,PEPTIDE1,1:R1-7:R2$$$",-7.25200000,ok,,flexible
"PEPTIDE1{dF.P.dP.P.P.P.D}$PEPTIDE1,PEPTIDE1,1:R1-7:R2$$$",-7.59800000,ok,,flexible
"PEPTIDE1{P.dP.P.P.dP.P.P}$PEPTIDE1,PEPTIDE1,1:R1-7:R2$$$",-8.06400000,ok,,flexible
"PEPTIDE1{A.P.F.Mono84.dP.T.P}$PEPTIDE1,PEPTIDE1,1:R1-7:R2$$$",-7.13300000,ok,,flexible
"PEPTIDE1{F.dP.P.dP.dP.P.dP}$PEPTIDE1,PEPTIDE1,1:R1-7:R2$$$",-7.94200000,ok,,flexible
"PEPTIDE1{F.P.dP.P.P.dP.P}$PEPTIDE1,PEPTIDE1,1:R1-7:R2$$$",-7.21400000,ok,,flexible
"PEPTIDE1{Mono6.P.dP.P.P.P.dP}$PEPTIDE1,PEPTIDE1,1:R1-7:R2$$$",-7.78200000,ok,,flexible
"PEPTIDE1{meA.P.Y.dP.Mono84.dP.P}$PEPTIDE1,PEPTIDE1,1:R1-7:R2$$$",-7.14600000,ok,,flexible
"PEPTIDE1{P.Y.P.P.P.dP.dP}$PEPTIDE1,PEPTIDE1,1:R1-7:R2$$$",-8.60600000,ok,,flexible
"PEPTIDE1{A.dP.P.dP.P.P.P}$PEPTIDE1,PEPTIDE1,1:R1-7:R2$$$",-7.69000000,ok,,flexible
"PEPTIDE1{dA.dP.P.dP.P.P.P}$PEPTIDE1,PEPTIDE1,1:R1-7:R2$$$",-8.12500000,ok,,flexible
"PEPTIDE1{Mono6.P.dP.P.P.dP.P}$PEPTIDE1,PEPTIDE1,1:R1-7:R2$$$",-8.11800000,ok,,flexible
"PEPTIDE1{F.dP.P.dP.dP.dP.P}$PEPTIDE1,PEPTIDE1,1:R1-7:R2$$$",-7.58900000,ok,,flexible
"PEPTIDE1{Me_dA.Mono84.P.P.P.P.Phe(4-CF3)}$PEPTIDE1,PEPTIDE1,1:R1-7:R2$$$",-8.26700000,ok,,flexible
"PEPTIDE1{dA.P.dP.P.P.P.T}$PEPTIDE1,PEPTIDE1,1:R1-7:R2$$$",-7.36400000,ok,,flexible
"PEPTIDE1{P.dP.P.P.dP.dP.P}$PEPTIDE1,PEPTIDE1,1:R1-7:R2$$$",-8.29700000,ok,,flexible
"PEPTIDE1{F.P.dP.P.dP.dP.P}$PEPTIDE1,PEPTIDE1,1:R1-7:R2$$$",-7.44300000,ok,,flexible
"PEPTIDE1{dA.P.P.P.P.dP.T}$PEPTIDE1,PEPTIDE1,1:R1-7:R2$$$",-7.49100000,ok,,flexible
"PEPTIDE1{dA.P.P.P.dP.P.T}$PEPTIDE1,PEPTIDE1,1:R1-7:R2$$$",-7.91400000,ok,,flexible
"PEPTIDE1{P.Pr_Gly.D.dP.P.dP.dP}$PEPTIDE1,PEPTIDE1,1:R1-7:R2$$$",-7.04000000,ok,,flexible
"PEPTIDE1{F.Mono84.P.dP.P.dP.dP}$PEPTIDE1,PEPTIDE1,1:R1-7:R2$$$",-7.82700000,ok,,flexible
"PEPTIDE1{dA.dP.P.P.P.dP.P}$PEPTIDE1,PEPTIDE1,1:R1-7:R2$$$",-8.15900000,ok,,flexible
"PEPTIDE1{F.cHexCH2_Gly.P.dP.P.dP.dP}$PEPTIDE1,PEPTIDE1,1:R1-7:R2$$$",-7.44700000,ok,,flexible
"PEPTIDE1{A.dP.P.dP.P.P.D}$PEPTIDE1,PEPTIDE1,1:R1-7:R2$$$",-7.15500000,ok,,flexible
"PEPTIDE1{dF.dP.dP.P.dP.T.P}$PEPTIDE1,PEPTIDE1,1:R1-7:R2$$$",-7.04700000,ok,,flexible
"PEPTIDE1{F.G.Y.P.Phe(4-CF3).dP.dP}$PEPTIDE1,PEPTIDE1,1:R1-7:R2$$$",-8.39400000,ok,,flexible
"PEPTIDE1{dF.dP.G.Phe(4-CF3).P.dP.dP}$PEPTIDE1,PEPTIDE1,1:R1-7:R2$$$",-8.29300000,ok,,flexible
"PEPTIDE1{dA.P.P.dP.dP.P.dP}$PEPTIDE1,PEPTIDE1,1:R1-7:R2$$$",-7.92300000,ok,,flexible
"PEPTIDE1{dA.P.dP.dP.P.P.dP}$PEPTIDE1,PEPTIDE1,1:R1-7:R2$$$",-7.53100000,ok,,flexible
"PEPTIDE1{dF.P.P.P.dP.P.dP}$PEPTIDE1,PEPTIDE1,1:R1-7:R2$$$",-8.16900000,ok,,flexible
"PEPTIDE1{F.P.P.dP.dP.P.dP}$PEPTIDE1,PEPTIDE1,1:R1-7:R2$$$",-7.68000000,ok,,flexible
"PEPTIDE1{Me_dA.P.dP.P.dP.P.dP}$PEPTIDE1,PEPTIDE1,1:R1-7:R2$$$",-8.12900000,ok,,flexible
"PEPTIDE1{dV.P.dP.dP.P.dP.P}$PEPTIDE1,PEPTIDE1,1:R1-7:R2$$$",-7.51400000,ok,,flexible
"PEPTIDE1{P.3Pal.dP.P.dP.dP.P}$PEPTIDE1,PEPTIDE1,1:R1-7:R2$$$",-7.15300000,ok,,flexible
"PEPTIDE1{dA.dP.P.P.dP.dP.P}$PEPTIDE1,PEPTIDE1,1:R1-7:R2$$$",-7.79700000,ok,,flexible
"PEPTIDE1{Me_dA.A.dP.Mono84.dP.P.P}$PEPTIDE1,PEPTIDE1,1:R1-7:R2$$$",-7.39800000,ok,,flexible
"PEPTIDE1{dA.dP.P.P.P.dP.T}$PEPTIDE1,PEPTIDE1,1:R1-7:R2$$$",-7.44800000,ok,,flexible
"PEPTIDE1{Mono6.dP.P.P.P.D.dP}$PEPTIDE1,PEPTIDE1,1:R1-7:R2$$$",-7.14200000,ok,,flexible
"PEPTIDE1{dP.P.P.P.P.T.dP}$PEPTIDE1,PEPTIDE1,1:R1-7:R2$$$",-7.82200000,ok,,flexible
"PEPTIDE1{Me_dA.dP.dP.dP.P.P.dP}$PEPTIDE1,PEPTIDE1,1:R1-7:R2$$$",-8.20100000,ok,,flexible
"PEPTIDE1{dA.dP.P.dP.P.P.dP}$PEPTIDE1,PEPTIDE1,1:R1-7:R2$$$",-7.51300000,ok,,flexible
"PEPTIDE1{A.P.P.dP.dP.P.dP}$PEPTIDE1,PEPTIDE1,1:R1-7:R2$$$",-7.95800000,ok,,flexible
"PEPTIDE1{dA.dP.P.P.P.P.T}$PEPTIDE1,PEPTIDE1,1:R1-7:R2$$$",-7.63200000,ok,,flexible
"PEPTIDE1{dP.Me_dA.P.P.P.P.D}$PEPTIDE1,PEPTIDE1,1:R1-7:R2$$$",-7.54000000,ok,,flexible
"PEPTIDE1{A.dP.dP.dP.P.T.P}$PEPTIDE1,PEPTIDE1,1:R1-7:R2$$$",-7.73200000,ok,,flexible
"PEPTIDE1{Mono6.dP.dP.P.T.P.dP}$PEPTIDE1,PEPTIDE1,1:R1-7:R2$$$",-7.24700000,ok,,flexible
"PEPTIDE1{dF.P.dP.dP.P.dP.P}$PEPTIDE1,PEPTIDE1,1:R1-7:R2$$$",-7.40600000,ok,,flexible
"PEPTIDE1{P.dP.dP.dP.T.dP.Phe(4-CF3)}$PEPTIDE1,PEPTIDE1,1:R1-7:R2$$$",-7.87400000,ok,,flexible
"PEPTIDE1{A.dP.dP.P.dP.P.P}$PEPTIDE1,PEPTIDE1,1:R1-7:R2$$$",-7.89700000,ok,,flexible
"PEPTIDE1{dF.P.dP.P.dP.P.T}$PEPTIDE1,PEPTIDE1,1:R1-7:R2$$$",-6.93700000,ok,,flexible
"PEPTIDE1{dF.P.dP.P.P.dP.P}$PEPTIDE1,PEPTIDE1,1:R1-7:R2$$$",-7.43100000,ok,,flexible
"PEPTIDE1{Mono6.P.P.dP.P.P.dP}$PEPTIDE1,PEPTIDE1,1:R1-7:R2$$$",-7.96400000,ok,,flexible
"PEPTIDE1{F.dP.Mono84.Mono84.P.P.P}$PEPTIDE1,PEPTIDE1,1:R1-7:R2$$$",-8.43500000,ok,,flexible
"PEPTIDE1{dA.P.G.dP.P.D.dP}$PEPTIDE1,PEPTIDE1,1:R1-7:R2$$$",-7.27000000,ok,,flexible
"PEPTIDE1{dA.P.P.dP.dP.dP.T}$PEPTIDE1,PEPTIDE1,1:R1-7:R2$$$",-7.15700000,ok,,flexible
"PEPTIDE1{Mono6.dP.dP.P.P.P.dP}$PEPTIDE1,PEPTIDE1,1:R1-7:R2$$$",-7.84600000,ok,,flexible
"PEPTIDE1{F.P.dP.P.P.dP.dP}$PEPTIDE1,PEPTIDE1,1:R1-7:R2$$$",-8.06600000,ok,,flexible
"PEPTIDE1{Me_dA.G.F.dP.dP.P.dP}$PEPTIDE1,PEPTIDE1,1:R1-7:R2$$$",-8.06300000,ok,,flexible
"PEPTIDE1{dA.Mono84.P.dP.P.P.P}$PEPTIDE1,PEPTIDE1,1:R1-7:R2$$$",-7.61300000,ok,,flexible
"PEPTIDE1{A.dP.dP.P.P.dP.P}$PEPTIDE1,PEPTIDE1,1:R1-7:R2$$$",-8.27100000,ok,,flexible
"PEPTIDE1{A.P.dP.dP.P.P.T}$PEPTIDE1,PEPTIDE1,1:R1-7:R2$$$",-7.30400000,ok,,flexible
"PEPTIDE1{dP.dP.dP.P.P.P.T}$PEPTIDE1,PEPTIDE1,1:R1-7:R2$$$",-7.38100000,ok,,flexible
"PEPTIDE1{dF.P.dP.P.P.P.P}$PEPTIDE1,PEPTIDE1,1:R1-7:R2$$$",-7.51300000,ok,,flexible
"PEPTIDE1{dP.P.dP.P.P.dP.P}$PEPTIDE1,PEPTIDE1,1:R1-7:R2$$$",-7.80100000,ok,,flexible
"PEPTIDE1{P.Y.dP.P.P.dP.P}$PEPTIDE1,PEPTIDE1,1:R1-7:R2$$$",-8.06500000,ok,,flexible
"PEPTIDE1{dP.P.dP.P.dP.T.P}$PEPTIDE1,PEPTIDE1,1:R1-7:R2$$$",-7.93500000,ok,,flexible
"PEPTIDE1{dF.P.P.dP.P.dP.P}$PEPTIDE1,PEPTIDE1,1:R1-7:R2$$$",-8.16400000,ok,,flexible
"PEPTIDE1{Me_dA.dP.dP.P.dP.P.P}$PEPTIDE1,PEPTIDE1,1:R1-7:R2$$$",-7.94900000,ok,,flexible
"PEPTIDE1{F.T.P.P.P.dP.dP}$PEPTIDE1,PEPTIDE1,1:R1-7:R2$$$",-6.87800000,ok,,flexible
"PEPTIDE1{F.P.P.P.P.dP.P}$PEPTIDE1,PEPTIDE1,1:R1-7:R2$$$",-7.56000000,ok,,flexible
"PEPTIDE1{P.Y.F.Mono84.dP.dP.P}$PEPTIDE1,PEPTIDE1,1:R1-7:R2$$$",-8.57500000,ok,,flexible
"PEPTIDE1{P.dP.P.dP.dP.P.T}$PEPTIDE1,PEPTIDE1,1:R1-7:R2$$$",-7.19900000,ok,,flexible
"PEPTIDE1{F.P.dP.dP.P.dP.dP}$PEPTIDE1,PEPTIDE1,1:R1-7:R2$$$",-8.13400000,ok,,flexible
"PEPTIDE1{Me_dA.dP.P.P.P.dP.P}$PEPTIDE1,PEPTIDE1,1:R1-7:R2$$$",-8.71100000,ok,,flexible
"PEPTIDE1{Me_dA.Phe(4-CF3).dP.P.P.P.dP}$PEPTIDE1,PEPTIDE1,1:R1-7:R2$$$",-8.14500000,ok,,flexible
"PEPTIDE1{F.P.dP.dP.P.dP.P}$PEPTIDE1,PEPTIDE1,1:R1-7:R2$$$",-7.53400000,ok,,flexible
"PEPTIDE1{dV.dP.P.P.P.dP.T}$PEPTIDE1,PEPTIDE1,1:R1-7:R2$$$",-7.58900000,ok,,flexible
"PEPTIDE1{Mono6.dP.P.dP.P.P.dP}$PEPTIDE1,PEPTIDE1,1:R1-7:R2$$$",-7.55100000,ok,,flexible
"PEPTIDE1{A.P.dP.P.P.dP.P}$PEPTIDE1,PEPTIDE1,1:R1-7:R2$$$",-7.88300000,ok,,flexible
"PEPTIDE1{dF.dP.dP.dP.dP.T.P}$PEPTIDE1,PEPTIDE1,1:R1-7:R2$$$",-7.44300000,ok,,flexible
"PEPTIDE1{Me_dA.P.P.P.dP.D.dP}$PEPTIDE1,PEPTIDE1,1:R1-7:R2$$$",-7.29600000,ok,,flexible
"PEPTIDE1{P.dP.dP.P.P.P.P}$PEPTIDE1,PEPTIDE1,1:R1-7:R2$$$",-8.48400000,ok,,flexible
"PEPTIDE1{A.P.P.dP.P.Phe(4-CF3).P}$PEPTIDE1,PEPTIDE1,1:R1-7:R2$$$",-7.71500000,ok,,flexible
"PEPTIDE1{F.dP.Mono84.P.dP.dP.P}$PEPTIDE1,PEPTIDE1,1:R1-7:R2$$$",-7.90900000,ok,,flexible
"PEPTIDE1{Mono6.dP.P.dP.P.dP.P}$PEPTIDE1,PEPTIDE1,1:R1-7:R2$$$",-7.87400000,ok,,flexible
"PEPTIDE1{dA.P.dP.dP.D.T.P}$PEPTIDE1,PEPTIDE1,1:R1-7:R2$$$",-7.04100000,ok,,flexible
"PEPTIDE1{P.P.dP.dP.P.dP.dP}$PEPTIDE1,PEPTIDE1,1:R1-7:R2$$$",-8.92100000,ok,,flexible
"PEPTIDE1{dP.meY.Y.P.dP.T.P}$PEPTIDE1,PEPTIDE1,1:R1-7:R2$$$",-7.79300000,ok,,flexible
"PEPTIDE1{Me_dA.P.P.dP.P.dP.D}$PEPTIDE1,PEPTIDE1,1:R1-7:R2$$$",-7.19800000,ok,,flexible
"PEPTIDE1{dF.G.P.P.P.P.P}$PEPTIDE1,PEPTIDE1,1:R1-7:R2$$$",-8.08600000,ok,,flexible
"PEPTIDE1{Me_dA.dP.P.P.P.D.dP}$PEPTIDE1,PEPTIDE1,1:R1-7:R2$$$",-7.36800000,ok,,flexible
"PEPTIDE1{A.P.P.dP.P.P.dP}$PEPTIDE1,PEPTIDE1,1:R1-7:R2$$$",-8.55100000,ok,,flexible
"PEPTIDE1{F.A.dP.P.P.dP.dP}$PEPTIDE1,PEPTIDE1,1:R1-7:R2$$$",-7.90900000,ok,,flexible
"PEPTIDE1{dF.dP.P.P.P.P.P}$PEPTIDE1,PEPTIDE1,1:R1-7:R2$$$",-8.30000000,ok,,flexible
"PEPTIDE1{Me_dA.P.P.dP.P.dP.T}$PEPTIDE1,PEPTIDE1,1:R1-7:R2$$$",-7.49400000,ok,,flexible
"PEPTIDE1{P.meY.P.dP.P.dP.P}$PEPTIDE1,PEPTIDE1,1:R1-7:R2$$$",-7.70600000,ok,,flexible
"PEPTIDE1{dP.P.dP.P.P.D.P}$PEPTIDE1,PEPTIDE1,1:R1-7:R2$$$",-6.91800000,ok,,flexible
"PEPTIDE1{dA.P.P.dP.P.dP.T}$PEPTIDE1,PEPTIDE1,1:R1-7:R2$$$",-7.68800000,ok,,flexible
"PEPTIDE1{A.P.P.dP.P.dP.dP}$PEPTIDE1,PEPTIDE1,1:R1-7:R2$$$",-7.97400000,ok,,flexible
"PEPTIDE1{F.A.Mono84.P.dP.P.dP}$PEPTIDE1,PEPTIDE1,1:R1-7:R2$$$",-7.00500000,ok,,flexible
"PEPTIDE1{P.P.dP.dP.dP.P.P}$PEPTIDE1,PEPTIDE1,1:R1-7:R2$$$",-7.92500000,ok,,flexible
"PEPTIDE1{F.dP.dP.P.P.dP.P}$PEPTIDE1,PEPTIDE1,1:R1-7:R2$$$",-7.77100000,ok,,flexible
"PEPTIDE1{A.P.P.dP.dP.P.P}$PEPTIDE1,PEPTIDE1,1:R1-7:R2$$$",-7.58300000,ok,,flexible
"PEPTIDE1{Me_dA.dP.P.dP.P.P.dP}$PEPTIDE1,PEPTIDE1,1:R1-7:R2$$$",-7.87300000,ok,,flexible
"PEPTIDE1{dA.P.Y.dP.dP.P.P}$PEPTIDE1,PEPTIDE1,1:R1-7:R2$$$",-7.76100000,ok,,flexible
"PEPTIDE1{P.P.dP.dP.dP.P.dP}$PEPTIDE1,PEPTIDE1,1:R1-7:R2$$$",-8.29100000,ok,,flexible
"PEPTIDE1{dA.dP.P.P.dP.P.D}$PEPTIDE1,PEPTIDE1,1:R1-7:R2$$$",-7.09600000,ok,,flexible
"PEPTIDE1{A.dP.dP.dP.P.P.T}$PEPTIDE1,PEPTIDE1,1:R1-7:R2$$$",-7.37000000,ok,,flexible
"PEPTIDE1{Mono6.P.dP.dP.dP.P.P}$PEPTIDE1,PEPTIDE1,1:R1-7:R2$$$",-7.63800000,ok,,flexible
"PEPTIDE1{dP.F.P.T.P.P.dP}$PEPTIDE1,PEPTIDE1,1:R1-7:R2$$$",-7.76300000,ok,,flexible
"PEPTIDE1{F.dP.P.dP.P.dP.T}$PEPTIDE1,PEPTIDE1,1:R1-7:R2$$$",-7.34200000,ok,,flexible
"PEPTIDE1{dV.dP.P.P.dP.P.D}$PEPTIDE1,PEPTIDE1,1:R1-7:R2$$$",-7.51500000,ok,,flexible
"PEPTIDE1{meA.dP.dP.P.P.P.D}$PEPTIDE1,PEPTIDE1,1:R1-7:R2$$$",-6.89000000,ok,,flexible
"PEPTIDE1{Me_dA.Phe(4-CF3).P.P.dP.P.P}$PEPTIDE1,PEPTIDE1,1:R1-7:R2$$$",-7.87200000,ok,,flexible
"PEPTIDE1{Mono6.P.dP.P.P.dP.dP}$PEPTIDE1,PEPTIDE1,1:R1-7:R2$$$",-8.09300000,ok,,flexible
"PEPTIDE1{Mono6.P.P.dP.dP.dP.D}$PEPTIDE1,PEPTIDE1,1:R1-7:R2$$$",-7.13300000,ok,,flexible
"PEPTIDE1{F.P.dP.P.dP.P.P}$PEPTIDE1,PEPTIDE1,1:R1-7:R2$$$",-7.95300000,ok,,flexible
"PEPTIDE1{Mono6.dP.dP.P.dP.P.T}$PEPTIDE1,PEPTIDE1,1:R1-7:R2$$$",-7.06900000,ok,,flexible
"PEPTIDE1{A.P.P.dP.P.dP.D}$PEPTIDE1,PEPTIDE1,1:R1-7:R2$$$",-7.46600000,ok,,flexible
"PEPTIDE1{Me_Bal.P.Y.dP.dP.dP.P}$PEPTIDE1,PEPTIDE1,1:R1-7:R2$$$",-7.90200000,ok,,flexible
"PEPTIDE1{A.P.dP.P.dP.dP.T}$PEPTIDE1,PEPTIDE1,1:R1-7:R2$$$",-7.36000000,ok,,flexible
"PEPTIDE1{P.Phe(4-CF3).dP.P.P.dP.P}$PEPTIDE1,PEPTIDE1,1:R1-7:R2$$$",-7.65000000,ok,,flexible
"PEPTIDE1{F.G.P.dP.dP.dP.dP}$PEPTIDE1,PEPTIDE1,1:R1-7:R2$$$",-7.49100000,ok,,flexible
"PEPTIDE1{Me_dA.dP.P.P.P.P.P}$PEPTIDE1,PEPTIDE1,1:R1-7:R2$$$",-7.83000000,ok,,flexible
"PEPTIDE1{dF.P.P.dP.dP.dP.P}$PEPTIDE1,PEPTIDE1,1:R1-7:R2$$$",-7.92500000,ok,,flexible
"PEPTIDE1{dA.dP.F.P.P.Phe(4-CF3).T}$PEPTIDE1,PEPTIDE1,1:R1-7:R2$$$",-8.37700000,ok,,flexible
"PEPTIDE1{F.dP.P.dP.P.dP.dP}$PEPTIDE1,PEPTIDE1,1:R1-7:R2$$$",-7.63600000,ok,,flexible
"PEPTIDE1{dP.P.P.dP.P.P.dP}$PEPTIDE1,PEPTIDE1,1:R1-7:R2$$$",-8.27900000,ok,,flexible
"PEPTIDE1{P.Y.dP.dP.dP.P.P}$PEPTIDE1,PEPTIDE1,1:R1-7:R2$$$",-7.60000000,ok,,flexible
"PEPTIDE1{F.Mono84.T.D.P.dP.P}$PEPTIDE1,PEPTIDE1,1:R1-7:R2$$$",-6.91900000,ok,,flexible
"PEPTIDE1{dF.Mono84.P.P.dP.dP.P}$PEPTIDE1,PEPTIDE1,1:R1-7:R2$$$",-8.03500000,ok,,flexible
"PEPTIDE1{dF.dP.dP.dP.T.P.D}$PEPTIDE1,PEPTIDE1,1:R1-7:R2$$$",-7.02900000,ok,,flexible
"PEPTIDE1{Me_dA.G.dP.dP.dP.P.Phe(4-CF3)}$PEPTIDE1,PEPTIDE1,1:R1-7:R2$$$",-7.27600000,ok,,flexible
"PEPTIDE1{A.dP.P.dP.P.dP.P}$PEPTIDE1,PEPTIDE1,1:R1-7:R2$$$",-8.15700000,ok,,flexible
"PEPTIDE1{F.Mono84.P.dP.dP.dP.P}$PEPTIDE1,PEPTIDE1,1:R1-7:R2$$$",-8.52100000,ok,,flexible
"PEPTIDE1{F.dP.Mono84.Mono84.G.dP.Phe(4-CF3)}$PEPTIDE1,PEPTIDE1,1:R1-7:R2$$$",-7.84800000,ok,,flexible
"PEPTIDE1{A.P.F.Mono84.P.T.dP}$PEPTIDE1,PEPTIDE1,1:R1-7:R2$$$",-7.85500000,ok,,flexible
"PEPTIDE1{P.dP.P.dP.dP.P.P}$PEPTIDE1,PEPTIDE1,1:R1-7:R2$$$",-7.94700000,ok,,flexible
"PEPTIDE1{dF.P.P.dP.dP.P.dP}$PEPTIDE1,PEPTIDE1,1:R1-7:R2$$$",-7.53900000,ok,,flexible
"PEPTIDE1{A.P.dP.dP.dP.T.P}$PEPTIDE1,PEPTIDE1,1:R1-7:R2$$$",-7.32800000,ok,,flexible
"PEPTIDE1{dF.P.dP.P.P.dP.dP}$PEPTIDE1,PEPTIDE1,1:R1-7:R2$$$",-7.73000000,ok,,flexible
"PEPTIDE1{F.Mono84.dP.P.P.P.dP}$PEPTIDE1,PEPTIDE1,1:R1-7:R2$$$",-7.33600000,ok,,flexible
"PEPTIDE1{F.3Pal.Mono84.P.dP.dP.dP}$PEPTIDE1,PEPTIDE1,1:R1-7:R2$$$",-7.42700000,ok,,flexible
"PEPTIDE1{dF.P.dP.P.P.D.dP}$PEPTIDE1,PEPTIDE1,1:R1-7:R2$$$",-7.12800000,ok,,flexible
"PEPTIDE1{A.dP.P.dP.dP.P.T}$PEPTIDE1,PEPTIDE1,1:R1-7:R2$$$",-7.64800000,ok,,flexible
"PEPTIDE1{dA.P.P.P.dP.D.T}$PEPTIDE1,PEPTIDE1,1:R1-7:R2$$$",-6.89300000,ok,,flexible
"PEPTIDE1{Mono6.P.dP.dP.dP.dP.D}$PEPTIDE1,PEPTIDE1,1:R1-7:R2$$$",-8.38600000,ok,,flexible
"PEPTIDE1{Mono6.P.P.dP.dP.P.D}$PEPTIDE1,PEPTIDE1,1:R1-7:R2$$$",-6.96000000,ok,,flexible
"PEPTIDE1{dV.dP.P.P.P.dP.dP}$PEPTIDE1,PEPTIDE1,1:R1-7:R2$$$",-7.27900000,ok,,flexible
"PEPTIDE1{Me_Bal.dP.P.P.dP.dP.P}$PEPTIDE1,PEPTIDE1,1:R1-7:R2$$$",-7.69700000,ok,,flexible
"PEPTIDE1{dA.dP.P.dP.P.D.P}$PEPTIDE1,PEPTIDE1,1:R1-7:R2$$$",-7.93200000,ok,,flexible
"PEPTIDE1{A.P.P.P.dP.P.T}$PEPTIDE1,PEPTIDE1,1:R1-7:R2$$$",-7.37200000,ok,,flexible
"PEPTIDE1{dP.P.P.dP.dP.T.P}$PEPTIDE1,PEPTIDE1,1:R1-7:R2$$$",-7.78800000,ok,,flexible
"PEPTIDE1{dF.P.dP.P.dP.P.dP}$PEPTIDE1,PEPTIDE1,1:R1-7:R2$$$",-7.56800000,ok,,flexible
"PEPTIDE1{Me_dA.F.T.Mono84.P.dP.dP}$PEPTIDE1,PEPTIDE1,1:R1-7:R2$$$",-7.04500000,ok,,flexible
"PEPTIDE1{Me_Bal.Y.dP.dP.P.P.dP}$PEPTIDE1,PEPTIDE1,1:R1-7:R2$$$",-7.16800000,ok,,flexible
"PEPTIDE1{dP.P.dP.P.dP.D.P}$PEPTIDE1,PEPTIDE1,1:R1-7:R2$$$",-7.70500000,ok,,flexible
"PEPTIDE1{dF.P.P.dP.dP.P.P}$PEPTIDE1,PEPTIDE1,1:R1-7:R2$$$",-7.47200000,ok,,flexible
"PEPTIDE1{A.dP.P.P.P.dP.dP}$PEPTIDE1,PEPTIDE1,1:R1-7:R2$$$",-7.98200000,ok,,flexible
"PEPTIDE1{F.dP.P.dP.P.P.dP}$PEPTIDE1,PEPTIDE1,1:R1-7:R2$$$",-7.41500000,ok,,flexible
"PEPTIDE1{Me_dA.G.P.dP.dP.P.dP}$PEPTIDE1,PEPTIDE1,1:R1-7:R2$$$",-7.62800000,ok,,flexible
"PEPTIDE1{dA.P.dP.P.dP.P.P}$PEPTIDE1,PEPTIDE1,1:R1-7:R2$$$",-8.77000000,ok,,flexible
"PEPTIDE1{Me_dA.dP.dP.dP.P.P.P}$PEPTIDE1,PEPTIDE1,1:R1-7:R2$$$",-7.73100000,ok,,flexible
"PEPTIDE1{F.dP.P.P.P.P.dP}$PEPTIDE1,PEPTIDE1,1:R1-7:R2$$$",-7.50000000,ok,,flexible
"PEPTIDE1{P.P.dP.dP.P.P.dP}$PEPTIDE1,PEPTIDE1,1:R1-7:R2$$$",-8.27800000,ok,,flexible
"PEPTIDE1{Mono6.P.dP.dP.P.P.P}$PEPTIDE1,PEPTIDE1,1:R1-7:R2$$$",-8.53800000,ok,,flexible
"PEPTIDE1{F.G.dP.P.dP.dP.P}$PEPTIDE1,PEPTIDE1,1:R1-7:R2$$$",-7.80400000,ok,,flexible
"PEPTIDE1{dF.dP.dP.P.P.P.P}$PEPTIDE1,PEPTIDE1,1:R1-7:R2$$$",-7.92400000,ok,,flexible
"PEPTIDE1{A.P.P.dP.P.T.dP}$PEPTIDE1,PEPTIDE1,1:R1-7:R2$$$",-7.50800000,ok,,flexible
"PEPTIDE1{Me_dA.dP.dP.P.dP.dP.T}$PEPTIDE1,PEPTIDE1,1:R1-7:R2$$$",-7.20900000,ok,,flexible
"PEPTIDE1{dA.P.P.dP.dP.P.P}$PEPTIDE1,PEPTIDE1,1:R1-7:R2$$$",-7.75200000,ok,,flexible
"PEPTIDE1{dP.A.P.dP.P.P.P}$PEPTIDE1,PEPTIDE1,1:R1-7:R2$$$",-8.16600000,ok,,flexible
"PEPTIDE1{Me_dA.F.Y.dP.Y.dP.dP}$PEPTIDE1,PEPTIDE1,1:R1-7:R2$$$",-7.68800000,ok,,flexible
"PEPTIDE1{F.Mono84.P.dP.dP.P.dP}$PEPTIDE1,PEPTIDE1,1:R1-7:R2$$$",-8.05700000,ok,,flexible
"PEPTIDE1{F.dP.P.dP.dP.P.T}$PEPTIDE1,PEPTIDE1,1:R1-7:R2$$$",-7.52500000,ok,,flexible
"PEPTIDE1{dV.P.dP.P.dP.P.dP}$PEPTIDE1,PEPTIDE1,1:R1-7:R2$$$",-7.64900000,ok,,flexible
"PEPTIDE1{P.T.dP.dP.dP.P.P}$PEPTIDE1,PEPTIDE1,1:R1-7:R2$$$",-7.34900000,ok,,flexible
"PEPTIDE1{A.P.dP.dP.P.D.T}$PEPTIDE1,PEPTIDE1,1:R1-7:R2$$$",-7.20500000,ok,,flexible
"PEPTIDE1{dP.dP.D.T.dP.D.Phe(4-CF3)}$PEPTIDE1,PEPTIDE1,1:R1-7:R2$$$",-6.78500000,ok,,flexible
"PEPTIDE1{F.dP.P.dP.P.dP.P}$PEPTIDE1,PEPTIDE1,1:R1-7:R2$$$",-7.45300000,ok,,flexible
"PEPTIDE1{Mono6.dP.P.P.dP.P.T}$PEPTIDE1,PEPTIDE1,1:R1-7:R2$$$",-7.69800000,ok,,flexible
"PEPTIDE1{F.P.dP.dP.dP.dP.P}$PEPTIDE1,PEPTIDE1,1:R1-7:R2$$$",-7.70800000,ok,,flexible
"PEPTIDE1{dF.dP.P.dP.P.P.P}$PEPTIDE1,PEPTIDE1,1:R1-7:R2$$$",-8.11600000,ok,,flexible
"PEPTIDE1{dF.dP.P.P.dP.P.dP}$PEPTIDE1,PEPTIDE1,1:R1-7:R2$$$",-7.92800000,ok,,flexible
"PEPTIDE1{A.P.dP.P.dP.dP.Phe(4-CF3)}$PEPTIDE1,PEPTIDE1,1:R1-7:R2$$$",-7.67900000,ok,,flexible
"PEPTIDE1{Mono6.dP.dP.P.P.P.P}$PEPTIDE1,PEPTIDE1,1:R1-7:R2$$$",-7.62300000,ok,,flexible
"PEPTIDE1{Mono6.dP.dP.dP.T.P.P}$PEPTIDE1,PEPTIDE1,1:R1-7:R2$$$",-8.28900000,ok,,flexible
"PEPTIDE1{dV.dP.dP.P.dP.dP.D}$PEPTIDE1,PEPTIDE1,1:R1-7:R2$$$",-7.61700000,ok,,flexible
"PEPTIDE1{Mono6.P.P.P.dP.P.dP}$PEPTIDE1,PEPTIDE1,1:R1-7:R2$$$",-7.44900000,ok,,flexible
"PEPTIDE1{Me_dA.dP.P.dP.P.P.T}$PEPTIDE1,PEPTIDE1,1:R1-7:R2$$$",-7.83200000,ok,,flexible
"PEPTIDE1{dP.P.dP.P.dP.Phe(4-CF3).P}$PEPTIDE1,PEPTIDE1,1:R1-7:R2$$$",-8.05800000,ok,,flexible
"PEPTIDE1{Mono6.P.P.dP.dP.P.dP}$PEPTIDE1,PEPTIDE1,1:R1-7:R2$$$",-7.96000000,ok,,flexible
"PEPTIDE1{F.D.dP.P.P.dP.P}$PEPTIDE1,PEPTIDE1,1:R1-7:R2$$$",-7.18300000,ok,,flexible
"PEPTIDE1{dF.F.G.dP.Mono84.P.T}$PEPTIDE1,PEPTIDE1,1:R1-7:R2$$$",-6.68800000,ok,,flexible
"PEPTIDE1{F.A.dP.P.P.P.P}$PEPTIDE1,PEPTIDE1,1:R1-7:R2$$$",-8.34100000,ok,,flexible
"PEPTIDE1{Me_dA.Y.dP.dP.P.P.P}$PEPTIDE1,PEPTIDE1,1:R1-7:R2$$$",-7.65400000,ok,,flexible
"PEPTIDE1{Mono6.P.P.P.P.dP.D}$PEPTIDE1,PEPTIDE1,1:R1-7:R2$$$",-7.72400000,ok,,flexible
"PEPTIDE1{F.Mono84.P.P.dP.dP.P}$PEPTIDE1,PEPTIDE1,1:R1-7:R2$$$",-6.84700000,ok,,flexible
"PEPTIDE1{Me_dA.dP.P.dP.P.P.D}$PEPTIDE1,PEPTIDE1,1:R1-7:R2$$$",-7.28400000,ok,,flexible
"PEPTIDE1{F.P.P.dP.P.P.dP}$PEPTIDE1,PEPTIDE1,1:R1-7:R2$$$",-7.70600000,ok,,flexible
"PEPTIDE1{P.dP.P.dP.P.dP.dP}$PEPTIDE1,PEPTIDE1,1:R1-7:R2$$$",-8.07400000,ok,,flexible
"PEPTIDE1{dP.G.P.P.dP.dP.P}$PEPTIDE1,PEPTIDE1,1:R1-7:R2$$$",-7.91900000,ok,,flexible
"PEPTIDE1{Me_dA.P.dP.dP.P.dP.dP}$PEPTIDE1,PEPTIDE1,1:R1-7:R2$$$",-8.00900000,ok,,flexible
"PEPTIDE1{dA.P.P.P.dP.dP.T}$PEPTIDE1,PEPTIDE1,1:R1-7:R2$$$",-7.53000000,ok,,flexible
"PEPTIDE1{dP.A.dP.Y.Mono84.P.P}$PEPTIDE1,PEPTIDE1,1:R1-7:R2$$$",-7.29400000,ok,,flexible
"PEPTIDE1{A.D.dP.P.dP.P.dP}$PEPTIDE1,PEPTIDE1,1:R1-7:R2$$$",-7.37300000,ok,,flexible
"PEPTIDE1{Me_dA.P.dP.P.dP.P.P}$PEPTIDE1,PEPTIDE1,1:R1-7:R2$$$",-7.36700000,ok,,flexible
"PEPTIDE1{P.P.P.dP.P.dP.T}$PEPTIDE1,PEPTIDE1,1:R1-7:R2$$$",-7.54300000,ok,,flexible
"PEPTIDE1{F.Mono84.P.P.P.dP.dP}$PEPTIDE1,PEPTIDE1,1:R1-7:R2$$$",-7.91000000,ok,,flexible
"PEPTIDE1{F.dP.dP.P.dP.P.P}$PEPTIDE1,PEPTIDE1,1:R1-7:R2$$$",-7.72400000,ok,,flexible
"PEPTIDE1{dA.dP.P.P.dP.P.dP}$PEPTIDE1,PEPTIDE1,1:R1-7:R2$$$",-7.99500000,ok,,flexible
"PEPTIDE1{dA.dP.dP.P.P.P.Y}$PEPTIDE1,PEPTIDE1,1:R1-7:R2$$$",-8.10000000,ok,,flexible
"PEPTIDE1{dA.P.dP.P.P.dP.dP}$PEPTIDE1,PEPTIDE1,1:R1-7:R2$$$",-8.03600000,ok,,flexible
"PEPTIDE1{F.Y.dP.dP.P.dP.P}$PEPTIDE1,PEPTIDE1,1:R1-7:R2$$$",-7.86400000,ok,,flexible
"PEPTIDE1{Me_dA.P.D.dP.dP.P.P}$PEPTIDE1,PEPTIDE1,1:R1-7:R2$$$",-7.74800000,ok,,flexible
"PEPTIDE1{Me_Bal.P.dP.P.P.P.dP}$PEPTIDE1,PEPTIDE1,1:R1-7:R2$$$",-7.50500000,ok,,flexible
"PEPTIDE1{A.P.T.P.P.P.dP}$PEPTIDE1,PEPTIDE1,1:R1-7:R2$$$",-7.26800000,ok,,flexible
"PEPTIDE1{Me_dA.P.dP.dP.P.P.P}$PEPTIDE1,PEPTIDE1,1:R1-7:R2$$$",-7.61900000,ok,,flexible
"PEPTIDE1{dF.dP.P.dP.P.dP.dP}$PEPTIDE1,PEPTIDE1,1:R1-7:R2$$$",-8.16700000,ok,,flexible
"PEPTIDE1{dA.P.dP.P.P.T.D}$PEPTIDE1,PEPTIDE1,1:R1-7:R2$$$",-7.35500000,ok,,flexible
"PEPTIDE1{F.D.dP.dP.dP.P.T}$PEPTIDE1,PEPTIDE1,1:R1-7:R2$$$",-6.85700000,ok,,flexible
"PEPTIDE1{P.dP.dP.P.dP.T.P}$PEPTIDE1,PEPTIDE1,1:R1-7:R2$$$",-7.48300000,ok,,flexible
"PEPTIDE1{F.dP.D.P.dP.P.dP}$PEPTIDE1,PEPTIDE1,1:R1-7:R2$$$",-7.19100000,ok,,flexible
"PEPTIDE1{Me_dA.dP.P.dP.dP.T.D}$PEPTIDE1,PEPTIDE1,1:R1-7:R2$$$",-7.15800000,ok,,flexible
"PEPTIDE1{L.P.P.P.P.dP.D}$PEPTIDE1,PEPTIDE1,1:R1-7:R2$$$",-6.50400000,ok,,flexible
"PEPTIDE1{dP.Y.G.dP.P.dP.P}$PEPTIDE1,PEPTIDE1,1:R1-7:R2$$$",-7.60600000,ok,,flexible
"PEPTIDE1{F.Mono84.D.P.P.dP.P}$PEPTIDE1,PEPTIDE1,1:R1-7:R2$$$",-7.43700000,ok,,flexible
"PEPTIDE1{dA.dP.dP.P.P.dP.P}$PEPTIDE1,PEPTIDE1,1:R1-7:R2$$$",-8.02500000,ok,,flexible
"PEPTIDE1{dP.P.dP.P.P.dP.dP}$PEPTIDE1,PEPTIDE1,1:R1-7:R2$$$",-8.27800000,ok,,flexible
"PEPTIDE1{dP.P.dP.dP.P.P.P}$PEPTIDE1,PEPTIDE1,1:R1-7:R2$$$",-7.92600000,ok,,flexible
"PEPTIDE1{dP.Y.dP.dP.P.P.D}$PEPTIDE1,PEPTIDE1,1:R1-7:R2$$$",-6.91800000,ok,,flexible
"PEPTIDE1{dP.meY.P.P.dP.P.P}$PEPTIDE1,PEPTIDE1,1:R1-7:R2$$$",-7.45100000,ok,,flexible
"PEPTIDE1{Me_dA.Y.P.P.P.dP.dP}$PEPTIDE1,PEPTIDE1,1:R1-7:R2$$$",-7.73100000,ok,,flexible
"PEPTIDE1{F.Mono84.dP.P.P.P.P}$PEPTIDE1,PEPTIDE1,1:R1-7:R2$$$",-8.09600000,ok,,flexible
"PEPTIDE1{A.G.P.dP.dP.P.dP}$PEPTIDE1,PEPTIDE1,1:R1-7:R2$$$",-8.08200000,ok,,flexible
"PEPTIDE1{F.3Pal.Mono84.dP.dP.P.P}$PEPTIDE1,PEPTIDE1,1:R1-7:R2$$$",-6.69600000,ok,,flexible
"PEPTIDE1{dP.P.P.dP.dP.P.D}$PEPTIDE1,PEPTIDE1,1:R1-7:R2$$$",-8.19200000,ok,,flexible
"PEPTIDE1{dP.dP.P.P.P.dP.D}$PEPTIDE1,PEPTIDE1,1:R1-7:R2$$$",-7.19800000,ok,,flexible
"PEPTIDE1{F.dP.P.P.P.dP.dP}$PEPTIDE1,PEPTIDE1,1:R1-7:R2$$$",-7.94200000,ok,,flexible
"PEPTIDE1{Me_dA.F.Mono84.P.dP.dP.P}$PEPTIDE1,PEPTIDE1,1:R1-7:R2$$$",-7.31500000,ok,,flexible
"PEPTIDE1{Mono6.dP.dP.P.D.P.P}$PEPTIDE1,PEPTIDE1,1:R1-7:R2$$$",-7.70100000,ok,,flexible
"PEPTIDE1{meA.G.dP.Mono84.dP.P.dP}$PEPTIDE1,PEPTIDE1,1:R1-7:R2$$$",-8.06800000,ok,,flexible
"PEPTIDE1{dP.P.dP.P.P.D.T}$PEPTIDE1,PEPTIDE1,1:R1-7:R2$$$",-7.39200000,ok,,flexible
"PEPTIDE1{A.dP.P.P.dP.D.dP}$PEPTIDE1,PEPTIDE1,1:R1-7:R2$$$",-7.15100000,ok,,flexible
"PEPTIDE1{dA.dP.P.dP.dP.P.Phe(4-CF3)}$PEPTIDE1,PEPTIDE1,1:R1-7:R2$$$",-8.18900000,ok,,flexible
"PEPTIDE1{Me_Bal.dP.Me_dL.P.dP.dP.P}$PEPTIDE1,PEPTIDE1,1:R1-7:R2$$$",-7.11500000,ok,,flexible
"PEPTIDE1{Mono6.P.dP.dP.P.dP.P}$PEPTIDE1,PEPTIDE1,1:R1-7:R2$$$",-7.91900000,ok,,flexible
"PEPTIDE1{P.G.Phe(4-CF3).P.P.dP.P}$PEPTIDE1,PEPTIDE1,1:R1-7:R2$$$",-7.80500000,ok,,flexible
"PEPTIDE1{Me_dA.P.P.P.dP.dP.dP}$PEPTIDE1,PEPTIDE1,1:R1-7:R2$$$",-8.47300000,ok,,flexible
"PEPTIDE1{Me_dA.Mono84.P.P.P.dP.dP}$PEPTIDE1,PEPTIDE1,1:R1-7:R2$$$",-7.88500000,ok,,flexible
"PEPTIDE1{F.Mono84.dP.P.dP.dP.T}$PEPTIDE1,PEPTIDE1,1:R1-7:R2$$$",-7.94400000,ok,,flexible
"PEPTIDE1{A.dP.P.dP.dP.T.P}$PEPTIDE1,PEPTIDE1,1:R1-7:R2$$$",-7.38100000,ok,,flexible
"PEPTIDE1{dA.dP.dP.dP.P.P.P}$PEPTIDE1,PEPTIDE1,1:R1-7:R2$$$",-7.84200000,ok,,flexible
"PEPTIDE1{A.P.Y.dP.P.P.dP}$PEPTIDE1,PEPTIDE1,1:R1-7:R2$$$",-8.37900000,ok,,flexible
"PEPTIDE1{Me_dA.P.dP.dP.P.P.dP}$PEPTIDE1,PEPTIDE1,1:R1-7:R2$$$",-8.07400000,ok,,flexible
"PEPTIDE1{F.P.Mono84.P.dP.Y.P}$PEPTIDE1,PEPTIDE1,1:R1-7:R2$$$",-8.36300000,ok,,flexible
"PEPTIDE1{dF.dP.dP.dP.dP.P.T}$PEPTIDE1,PEPTIDE1,1:R1-7:R2$$$",-7.10800000,ok,,flexible
"PEPTIDE1{F.dP.P.dP.dP.P.P}$PEPTIDE1,PEPTIDE1,1:R1-7:R2$$$",-8.08200000,ok,,flexible
"PEPTIDE1{A.dP.P.P.P.dP.T}$PEPTIDE1,PEPTIDE1,1:R1-7:R2$$$",-7.59800000,ok,,flexible
"PEPTIDE1{F.Mono84.P.dP.P.dP.P}$PEPTIDE1,PEPTIDE1,1:R1-7:R2$$$",-8.80300000,ok,,flexible
"PEPTIDE1{Me_dA.P.P.P.P.T.dP}$PEPTIDE1,PEPTIDE1,1:R1-7:R2$$$",-7.62900000,ok,,flexible
"PEPTIDE1{dP.P.P.dP.P.dP.P}$PEPTIDE1,PEPTIDE1,1:R1-7:R2$$$",-8.04400000,ok,,flexible
"PEPTIDE1{dA.dP.P.P.P.P.dP}$PEPTIDE1,PEPTIDE1,1:R1-7:R2$$$",-7.64000000,ok,,flexible
"PEPTIDE1{dF.dP.P.dP.dP.P.P}$PEPTIDE1,PEPTIDE1,1:R1-7:R2$$$",-7.82500000,ok,,flexible
"PEPTIDE1{A.P.P.dP.dP.P.D}$PEPTIDE1,PEPTIDE1,1:R1-7:R2$$$",-7.12200000,ok,,flexible
"PEPTIDE1{dA.P.dP.P.P.P.dP}$PEPTIDE1,PEPTIDE1,1:R1-7:R2$$$",-8.46900000,ok,,flexible
"PEPTIDE1{dA.P.P.P.D.dP.T}$PEPTIDE1,PEPTIDE1,1:R1-7:R2$$$",-7.34400000,ok,,flexible
"PEPTIDE1{F.P.P.P.P.T.dP}$PEPTIDE1,PEPTIDE1,1:R1-7:R2$$$",-7.43300000,ok,,flexible
"PEPTIDE1{dF.dP.dP.P.dP.P.D}$PEPTIDE1,PEPTIDE1,1:R1-7:R2$$$",-7.02300000,ok,,flexible
"PEPTIDE1{dF.dP.dP.dP.P.P.T}$PEPTIDE1,PEPTIDE1,1:R1-7:R2$$$",-7.61400000,ok,,flexible
"PEPTIDE1{dA.F.dP.P.dP.P.P}$PEPTIDE1,PEPTIDE1,1:R1-7:R2$$$",-7.99300000,ok,,flexible
"PEPTIDE1{P.dP.P.P.P.P.T}$PEPTIDE1,PEPTIDE1,1:R1-7:R2$$$",-8.38900000,ok,,flexible
"PEPTIDE1{dP.dP.P.P.P.dP.T}$PEPTIDE1,PEPTIDE1,1:R1-7:R2$$$",-7.43400000,ok,,flexible
"PEPTIDE1{A.P.dP.P.dP.dP.P}$PEPTIDE1,PEPTIDE1,1:R1-7:R2$$$",-8.50000000,ok,,flexible
"PEPTIDE1{dP.P.dP.P.P.D.dP}$PEPTIDE1,PEPTIDE1,1:R1-7:R2$$$",-7.11500000,ok,,flexible
"PEPTIDE1{P.Y.dP.P.dP.dP.P}$PEPTIDE1,PEPTIDE1,1:R1-7:R2$$$",-7.71500000,ok,,flexible
"PEPTIDE1{dF.P.dP.dP.dP.dP.P}$PEPTIDE1,PEPTIDE1,1:R1-7:R2$$$",-7.50400000,ok,,flexible
"PEPTIDE1{Mono6.dP.dP.dP.P.P.P}$PEPTIDE1,PEPTIDE1,1:R1-7:R2$$$",-7.84300000,ok,,flexible
"PEPTIDE1{dP.dP.dP.P.P.D.T}$PEPTIDE1,PEPTIDE1,1:R1-7:R2$$$",-6.91600000,ok,,flexible
"PEPTIDE1{dF.T.P.Mono84.dP.dP.P}$PEPTIDE1,PEPTIDE1,1:R1-7:R2$$$",-7.81900000,ok,,flexible
"PEPTIDE1{P.dP.P.dP.P.P.P}$PEPTIDE1,PEPTIDE1,1:R1-7:R2$$$",-8.52600000,ok,,flexible
"PEPTIDE1{A.P.dP.dP.P.D.P}$PEPTIDE1,PEPTIDE1,1:R1-7:R2$$$",-7.00600000,ok,,flexible
"PEPTIDE1{Me_dA.G.dP.D.P.dP.P}$PEPTIDE1,PEPTIDE1,1:R1-7:R2$$$",-7.12900000,ok,,flexible
"PEPTIDE1{dF.dP.dP.dP.P.P.P}$PEPTIDE1,PEPTIDE1,1:R1-7:R2$$$",-8.02700000,ok,,flexible
"PEPTIDE1{Me_dA.dP.dP.dP.P.D.P}$PEPTIDE1,PEPTIDE1,1:R1-7:R2$$$",-7.89200000,ok,,flexible
"PEPTIDE1{Mono6.P.P.dP.P.dP.D}$PEPTIDE1,PEPTIDE1,1:R1-7:R2$$$",-7.43700000,ok,,flexible
"PEPTIDE1{dF.dP.P.dP.P.P.dP}$PEPTIDE1,PEPTIDE1,1:R1-7:R2$$$",-8.46800000,ok,,flexible
"PEPTIDE1{Me_dA.P.dP.P.P.dP.dP}$PEPTIDE1,PEPTIDE1,1:R1-7:R2$$$",-7.89800000,ok,,flexible
"PEPTIDE1{P.dP.dP.dP.D.P.P}$PEPTIDE1,PEPTIDE1,1:R1-7:R2$$$",-7.04400000,ok,,flexible
"PEPTIDE1{Me_dA.P.dP.P.dP.dP.P}$PEPTIDE1,PEPTIDE1,1:R1-7:R2$$$",-7.96500000,ok,,flexible
"PEPTIDE1{dV.dP.P.dP.P.P.dP}$PEPTIDE1,PEPTIDE1,1:R1-7:R2$$$",-8.20800000,ok,,flexible
"PEPTIDE1{Me_dA.G.dP.dP.P.P.P}$PEPTIDE1,PEPTIDE1,1:R1-7:R2$$$",-8.13900000,ok,,flexible
"PEPTIDE1{F.dP.dP.P.dP.dP.T}$PEPTIDE1,PEPTIDE1,1:R1-7:R2$$$",-7.56300000,ok,,flexible
"PEPTIDE1{Me_dA.F.Mono84.Y.G.Phe(4-CF3).dP}$PEPTIDE1,PEPTIDE1,1:R1-7:R2$$$",-7.26500000,ok,,flexible
"PEPTIDE1{dF.P.P.P.dP.dP.P}$PEPTIDE1,PEPTIDE1,1:R1-7:R2$$$",-7.59400000,ok,,flexible
"PEPTIDE1{P.Y.dP.dP.dP.dP.D}$PEPTIDE1,PEPTIDE1,1:R1-7:R2$$$",-7.38600000,ok,,flexible
"PEPTIDE1{A.P.P.P.dP.D.T}$PEPTIDE1,PEPTIDE1,1:R1-7:R2$$$",-6.94800000,ok,,flexible
"PEPTIDE1{dP.P.dP.P.dP.P.D}$PEPTIDE1,PEPTIDE1,1:R1-7:R2$$$",-7.37200000,ok,,flexible
"PEPTIDE1{dA.dP.dP.P.P.dP.T}$PEPTIDE1,PEPTIDE1,1:R1-7:R2$$$",-7.31300000,ok,,flexible
"PEPTIDE1{Me_dA.dP.P.P.dP.P.dP}$PEPTIDE1,PEPTIDE1,1:R1-7:R2$$$",-7.99700000,ok,,flexible
"PEPTIDE1{F.P.dP.dP.dP.P.P}$PEPTIDE1,PEPTIDE1,1:R1-7:R2$$$",-7.99700000,ok,,flexible
"PEPTIDE1{Mono6.P.P.dP.P.D.dP}$PEPTIDE1,PEPTIDE1,1:R1-7:R2$$$",-7.16000000,ok,,flexible
"PEPTIDE1{F.dP.P.P.dP.P.dP}$PEPTIDE1,PEPTIDE1,1:R1-7:R2$$$",-8.00500000,ok,,flexible
"PEPTIDE1{Me_dA.G.P.P.P.dP.dP}$PEPTIDE1,PEPTIDE1,1:R1-7:R2$$$",-7.84900000,ok,,flexible
"PEPTIDE1{dP.P.dP.P.P.dP.D}$PEPTIDE1,PEPTIDE1,1:R1-7:R2$$$",-7.99200000,ok,,flexible
"PEPTIDE1{F.dP.P.Phe(4-CF3).dP.P.dP}$PEPTIDE1,PEPTIDE1,1:R1-7:R2$$$",-8.45600000,ok,,flexible
"PEPTIDE1{Me_dA.dP.P.P.P.dP.dP}$PEPTIDE1,PEPTIDE1,1:R1-7:R2$$$",-7.50000000,ok,,flexible
"PEPTIDE1{dF.P.dP.P.dP.dP.P}$PEPTIDE1,PEPTIDE1,1:R1-7:R2$$$",-7.51500000,ok,,flexible
"PEPTIDE1{F.P.dP.P.dP.dP.dP}$PEPTIDE1,PEPTIDE1,1:R1-7:R2$$$",-8.61300000,ok,,flexible
"PEPTIDE1{A.P.P.P.dP.dP.P}$PEPTIDE1,PEPTIDE1,1:R1-7:R2$$$",-8.07500000,ok,,flexible
"PEPTIDE1{F.F.dP.dP.P.P.dP}$PEPTIDE1,PEPTIDE1,1:R1-7:R2$$$",-7.34900000,ok,,flexible
"PEPTIDE1{F.dP.Mono84.dP.dP.P.Phe(4-CF3)}$PEPTIDE1,PEPTIDE1,1:R1-7:R2$$$",-7.57100000,ok,,flexible
"PEPTIDE1{dA.F.dP.P.P.P.dP}$PEPTIDE1,PEPTIDE1,1:R1-7:R2$$$",-7.91200000,ok,,flexible
"PEPTIDE1{A.dP.Me_dL.P.P.P.P}$PEPTIDE1,PEPTIDE1,1:R1-7:R2$$$",-7.43000000,ok,,flexible
"PEPTIDE1{dV.dP.P.dP.D.P.T}$PEPTIDE1,PEPTIDE1,1:R1-7:R2$$$",-6.98700000,ok,,flexible
"PEPTIDE1{F.dP.dP.P.dP.T.dP}$PEPTIDE1,PEPTIDE1,1:R1-7:R2$$$",-7.98000000,ok,,flexible
"PEPTIDE1{A.dP.dP.P.dP.dP.P}$PEPTIDE1,PEPTIDE1,1:R1-7:R2$$$",-7.96900000,ok,,flexible
"PEPTIDE1{F.dP.P.P.dP.dP.P}$PEPTIDE1,PEPTIDE1,1:R1-7:R2$$$",-7.59500000,ok,,flexible
"PEPTIDE1{Me_dA.meY.P.dP.dP.P.P}$PEPTIDE1,PEPTIDE1,1:R1-7:R2$$$",-7.44000000,ok,,flexible
"PEPTIDE1{dF.dP.dP.P.dP.P.dP}$PEPTIDE1,PEPTIDE1,1:R1-7:R2$$$",-7.67500000,ok,,flexible
"PEPTIDE1{F.dP.P.dP.dP.dP.T}$PEPTIDE1,PEPTIDE1,1:R1-7:R2$$$",-6.97900000,ok,,flexible
"PEPTIDE1{dP.Y.P.P.P.dP.dP}$PEPTIDE1,PEPTIDE1,1:R1-7:R2$$$",-8.51300000,ok,,flexible
"PEPTIDE1{Me_dA.F.P.G.dP.dP.dP}$PEPTIDE1,PEPTIDE1,1:R1-7:R2$$$",-7.70500000,ok,,flexible
"PEPTIDE1{A.dP.P.P.F.Y.T}$PEPTIDE1,PEPTIDE1,1:R1-7:R2$$$",-7.84800000,ok,,flexible
"PEPTIDE1{dV.P.P.dP.dP.P.D}$PEPTIDE1,PEPTIDE1,1:R1-7:R2$$$",-6.86000000,ok,,flexible
"PEPTIDE1{Me_Bal.T.P.dP.dP.dP.Y}$PEPTIDE1,PEPTIDE1,1:R1-7:R2$$$",-7.84600000,ok,,flexible
"PEPTIDE1{F.D.P.dP.dP.dP.P}$PEPTIDE1,PEPTIDE1,1:R1-7:R2$$$",-7.22600000,ok,,flexible
"PEPTIDE1{F.P.dP.dP.dP.P.T}$PEPTIDE1,PEPTIDE1,1:R1-7:R2$$$",-7.74300000,ok,,flexible
"PEPTIDE1{dF.dP.P.dP.dP.P.T}$PEPTIDE1,PEPTIDE1,1:R1-7:R2$$$",-7.45000000,ok,,flexible
"PEPTIDE1{dP.P.P.dP.P.dP.D}$PEPTIDE1,PEPTIDE1,1:R1-7:R2$$$",-7.11000000,ok,,flexible
"PEPTIDE1{dF.Mono84.T.P.P.dP.P}$PEPTIDE1,PEPTIDE1,1:R1-7:R2$$$",-7.39200000,ok,,flexible
"PEPTIDE1{F.P.P.dP.P.dP.P}$PEPTIDE1,PEPTIDE1,1:R1-7:R2$$$",-7.54200000,ok,,flexible
"PEPTIDE1{dV.dP.P.dP.dP.T.P}$PEPTIDE1,PEPTIDE1,1:R1-7:R2$$$",-7.55600000,ok,,flexible
"PEPTIDE1{Mono6.dP.dP.P.dP.P.P}$PEPTIDE1,PEPTIDE1,1:R1-7:R2$$$",-7.97500000,ok,,flexible
"PEPTIDE1{dP.P.P.dP.P.T.D}$PEPTIDE1,PEPTIDE1,1:R1-7:R2$$$",-6.44200000,ok,,flexible
"PEPTIDE1{Me_dA.G.dP.P.P.P.P}$PEPTIDE1,PEPTIDE1,1:R1-7:R2$$$",-8.43100000,ok,,flexible
"PEPTIDE1{P.A.Phe(4-CF3).dP.dP.dP.dP}$PEPTIDE1,PEPTIDE1,1:R1-7:R2$$$",-8.24500000,ok,,flexible
"PEPTIDE1{dP.Y.Phe(4-CF3).dP.dP.P.P}$PEPTIDE1,PEPTIDE1,1:R1-7:R2$$$",-7.58300000,ok,,flexible
"PEPTIDE1{dF.Mono84.Mono84.dP.P.P.P}$PEPTIDE1,PEPTIDE1,1:R1-7:R2$$$",-7.73700000,ok,,flexible
"PEPTIDE1{Mono6.P.P.P.D.dP.dP}$PEPTIDE1,PEPTIDE1,1:R1-7:R2$$$",-7.25600000,ok,,flexible
"PEPTIDE1{dP.P.P.P.dP.dP.P}$PEPTIDE1,PEPTIDE1,1:R1-7:R2$$$",-8.24900000,ok,,flexible
"PEPTIDE1{P.dP.dP.P.P.P.dP}$PEPTIDE1,PEPTIDE1,1:R1-7:R2$$$",-7.95800000,ok,,flexible
"PEPTIDE1{dP.Phe(4-CF3).P.P.dP.dP.D}$PEPTIDE1,PEPTIDE1,1:R1-7:R2$$$",-7.71100000,ok,,flexible
"PEPTIDE1{dA.dP.P.dP.P.P.D}$PEPTIDE1,PEPTIDE1,1:R1-7:R2$$$",-7.48100000,ok,,flexible
"PEPTIDE1{F.dP.dP.dP.dP.P.Phe(4-CF3)}$PEPTIDE1,PEPTIDE1,1:R1-7:R2$$$",-7.46200000,ok,,flexible
"PEPTIDE1{dV.dP.P.dP.P.T.D}$PEPTIDE1,PEPTIDE1,1:R1-7:R2$$$",-6.54700000,ok,,flexible
"PEPTIDE1{P.dP.P.P.P.dP.dP}$PEPTIDE1,PEPTIDE1,1:R1-7:R2$$$",-8.29400000,ok,,flexible
"PEPTIDE1{F.T.P.P.dP.dP.P}$PEPTIDE1,PEPTIDE1,1:R1-7:R2$$$",-7.74400000,ok,,flexible
"PEPTIDE1{F.G.dP.dP.P.P.dP}$PEPTIDE1,PEPTIDE1,1:R1-7:R2$$$",-7.09100000,ok,,flexible
"PEPTIDE1{dF.P.dP.dP.P.dP.dP}$PEPTIDE1,PEPTIDE1,1:R1-7:R2$$$",-7.68300000,ok,,flexible
"PEPTIDE1{dV.dP.P.dP.dP.dP.T}$PEPTIDE1,PEPTIDE1,1:R1-7:R2$$$",-6.86800000,ok,,flexible
"PEPTIDE1{P.dP.dP.P.P.dP.P}$PEPTIDE1,PEPTIDE1,1:R1-7:R2$$$",-8.29700000,ok,,flexible
"PEPTIDE1{Me_Bal.F.Mono84.dP.P.P.P}$PEPTIDE1,PEPTIDE1,1:R1-7:R2$$$",-7.92000000,ok,,flexible
"PEPTIDE1{dA.P.dP.dP.P.P.P}$PEPTIDE1,PEPTIDE1,1:R1-7:R2$$$",-7.59400000,ok,,flexible
"PEPTIDE1{dA.dP.dP.dP.T.D.P}$PEPTIDE1,PEPTIDE1,1:R1-7:R2$$$",-6.80900000,ok,,flexible
"PEPTIDE1{dF.dP.dP.P.T.P.D}$PEPTIDE1,PEPTIDE1,1:R1-7:R2$$$",-7.02900000,ok,,flexible
"PEPTIDE1{P.Y.dP.dP.dP.dP.P}$PEPTIDE1,PEPTIDE1,1:R1-7:R2$$$",-7.65600000,ok,,flexible
"PEPTIDE1{F.P.P.dP.dP.P.P}$PEPTIDE1,PEPTIDE1,1:R1-7:R2$$$",-7.98700000,ok,,flexible
"PEPTIDE1{dP.P.dP.dP.P.T.D}$PEPTIDE1,PEPTIDE1,1:R1-7:R2$$$",-6.95200000,ok,,flexible
"PEPTIDE1{Me_dA.P.P.dP.P.dP.dP}$PEPTIDE1,PEPTIDE1,1:R1-7:R2$$$",-8.29300000,ok,,flexible
"PEPTIDE1{Me_dA.P.P.dP.dP.P.D}$PEPTIDE1,PEPTIDE1,1:R1-7:R2$$$",-7.36700000,ok,,flexible
"PEPTIDE1{A.P.dP.dP.T.D.P}$PEPTIDE1,PEPTIDE1,1:R1-7:R2$$$",-7.10800000,ok,,flexible
"PEPTIDE1{Me_dA.G.P.dP.P.dP.P}$PEPTIDE1,PEPTIDE1,1:R1-7:R2$$$",-8.01500000,ok,,flexible
"PEPTIDE1{dF.P.dP.dP.dP.P.P}$PEPTIDE1,PEPTIDE1,1:R1-7:R2$$$",-7.26000000,ok,,flexible
"PEPTIDE1{Me_dA.dP.dP.P.P.P.P}$PEPTIDE1,PEPTIDE1,1:R1-7:R2$$$",-8.05600000,ok,,flexible
"PEPTIDE1{L.dP.P.P.dP.P.D}$PEPTIDE1,PEPTIDE1,1:R1-7:R2$$$",-6.86300000,ok,,flexible
"PEPTIDE1{dA.P.P.P.dP.dP.dP}$PEPTIDE1,PEPTIDE1,1:R1-7:R2$$$",-8.22300000,ok,,flexible
"PEPTIDE1{Me_Bal.A.P.dP.T.dP.dP}$PEPTIDE1,PEPTIDE1,1:R1-7:R2$$$",-6.90500000,ok,,flexible
"PEPTIDE1{A.dP.P.P.P.P.D}$PEPTIDE1,PEPTIDE1,1:R1-7:R2$$$",-7.59300000,ok,,flexible
"PEPTIDE1{F.dP.dP.dP.P.P.dP}$PEPTIDE1,PEPTIDE1,1:R1-7:R2$$$",-7.44300000,ok,,flexible
"PEPTIDE1{dP.dP.D.P.P.dP.P}$PEPTIDE1,PEPTIDE1,1:R1-7:R2$$$",-7.20300000,ok,,flexible
"PEPTIDE1{dV.dP.dP.P.D.T.dP}$PEPTIDE1,PEPTIDE1,1:R1-7:R2$$$",-6.88700000,ok,,flexible
"PEPTIDE1{Mono6.P.P.P.dP.dP.D}$PEPTIDE1,PEPTIDE1,1:R1-7:R2$$$",-7.73900000,ok,,flexible
"PEPTIDE1{dP.P.dP.D.P.P.dP}$PEPTIDE1,PEPTIDE1,1:R1-7:R2$$$",-7.11500000,ok,,flexible
"PEPTIDE1{Me_dA.Y.dP.dP.dP.dP.P}$PEPTIDE1,PEPTIDE1,1:R1-7:R2$$$",-7.73200000,ok,,flexible
"PEPTIDE1{dF.Asp_piperidide.dP.dP.P.P.P}$PEPTIDE1,PEPTIDE1,1:R1-7:R2$$$",-7.25800000,ok,,flexible
"PEPTIDE1{dP.P.P.dP.D.dP.T}$PEPTIDE1,PEPTIDE1,1:R1-7:R2$$$",-7.04100000,ok,,flexible
"PEPTIDE1{F.dP.P.P.dP.P.P}$PEPTIDE1,PEPTIDE1,1:R1-7:R2$$$",-7.19100000,ok,,flexible
"PEPTIDE1{Mono6.P.P.P.P.T.D}$PEPTIDE1,PEPTIDE1,1:R1-7:R2$$$",-6.80700000,ok,,flexible
"PEPTIDE1{dP.dP.P.dP.T.D.Phe(4-CF3)}$PEPTIDE1,PEPTIDE1,1:R1-7:R2$$$",-7.00900000,ok,,flexible
"PEPTIDE1{F.P.P.P.dP.dP.P}$PEPTIDE1,PEPTIDE1,1:R1-7:R2$$$",-7.82700000,ok,,flexible
"PEPTIDE1{dF.dP.dP.P.P.P.dP}$PEPTIDE1,PEPTIDE1,1:R1-7:R2$$$",-7.45600000,ok,,flexible
"PEPTIDE1{dA.T.P.P.dP.dP.dP}$PEPTIDE1,PEPTIDE1,1:R1-7:R2$$$",-7.66300000,ok,,flexible
"PEPTIDE1{Mono6.P.P.P.P.dP.dP}$PEPTIDE1,PEPTIDE1,1:R1-7:R2$$$",-7.48400000,ok,,flexible
"PEPTIDE1{Me_dA.P.dP.P.P.dP.P}$PEPTIDE1,PEPTIDE1,1:R1-7:R2$$$",-7.97900000,ok,,flexible
"PEPTIDE1{A.dP.P.P.P.P.P}$PEPTIDE1,PEPTIDE1,1:R1-7:R2$$$",-7.48500000,ok,,flexible
"PEPTIDE1{Me_dA.dP.P.P.dP.dP.D}$PEPTIDE1,PEPTIDE1,1:R1-7:R2$$$",-7.60400000,ok,,flexible
"PEPTIDE1{P.Phe(4-CF3).dP.dP.dP.P.dP}$PEPTIDE1,PEPTIDE1,1:R1-7:R2$$$",-9.75600000,ok,,flexible
"PEPTIDE1{A.P.P.dP.P.P.T}$PEPTIDE1,PEPTIDE1,1:R1-7:R2$$$",-7.74800000,ok,,flexible
"PEPTIDE1{P.T.dP.P.dP.P.dP}$PEPTIDE1,PEPTIDE1,1:R1-7:R2$$$",-7.28500000,ok,,flexible
"PEPTIDE1{Me_dA.F.Y.3Pal.dP.dP.P}$PEPTIDE1,PEPTIDE1,1:R1-7:R2$$$",-6.99300000,ok,,flexible
"PEPTIDE1{dP.dP.P.P.dP.P.dP}$PEPTIDE1,PEPTIDE1,1:R1-7:R2$$$",-7.98800000,ok,,flexible
"PEPTIDE1{dA.dP.dP.dP.D.T.dP}$PEPTIDE1,PEPTIDE1,1:R1-7:R2$$$",-7.81400000,ok,,flexible
"PEPTIDE1{A.P.dP.dP.P.dP.P}$PEPTIDE1,PEPTIDE1,1:R1-7:R2$$$",-8.06100000,ok,,flexible
"PEPTIDE1{A.dP.P.dP.P.P.dP}$PEPTIDE1,PEPTIDE1,1:R1-7:R2$$$",-7.76700000,ok,,flexible
"PEPTIDE1{dA.P.dP.P.dP.P.dP}$PEPTIDE1,PEPTIDE1,1:R1-7:R2$$$",-7.55600000,ok,,flexible
"PEPTIDE1{F.dP.3Pal.P.dP.dP.P}$PEPTIDE1,PEPTIDE1,1:R1-7:R2$$$",-7.62900000,ok,,flexible
"PEPTIDE1{P.dP.dP.P.P.dP.T}$PEPTIDE1,PEPTIDE1,1:R1-7:R2$$$",-7.48700000,ok,,flexible
"PEPTIDE1{dF.dP.P.dP.P.dP.T}$PEPTIDE1,PEPTIDE1,1:R1-7:R2$$$",-6.86600000,ok,,flexible
"PEPTIDE1{P.A.dP.P.dP.P.dP}$PEPTIDE1,PEPTIDE1,1:R1-7:R2$$$",-8.15800000,ok,,flexible
"PEPTIDE1{P.D.P.P.dP.P.dP}$PEPTIDE1,PEPTIDE1,1:R1-7:R2$$$",-7.97100000,ok,,flexible
"PEPTIDE1{dF.dP.dP.P.P.dP.P}$PEPTIDE1,PEPTIDE1,1:R1-7:R2$$$",-7.18100000,ok,,flexible
"PEPTIDE1{dA.T.P.F.dP.dP.P}$PEPTIDE1,PEPTIDE1,1:R1-7:R2$$$",-7.59100000,ok,,flexible
"PEPTIDE1{Me_Bal.A.dP.dP.P.dP.T}$PEPTIDE1,PEPTIDE1,1:R1-7:R2$$$",-8.22500000,ok,,flexible
"PEPTIDE1{dA.G.P.P.dP.dP.dP}$PEPTIDE1,PEPTIDE1,1:R1-7:R2$$$",-7.37400000,ok,,flexible
"PEPTIDE1{F.P.dP.dP.P.P.dP}$PEPTIDE1,PEPTIDE1,1:R1-7:R2$$$",-7.77300000,ok,,flexible
"PEPTIDE1{dP.P.P.P.P.D.dP}$PEPTIDE1,PEPTIDE1,1:R1-7:R2$$$",-7.56600000,ok,,flexible
"PEPTIDE1{A.P.dP.dP.dP.P.T}$PEPTIDE1,PEPTIDE1,1:R1-7:R2$$$",-7.69200000,ok,,flexible
"PEPTIDE1{dP.P.P.P.P.dP.dP}$PEPTIDE1,PEPTIDE1,1:R1-7:R2$$$",-7.93700000,ok,,flexible
"PEPTIDE1{dV.dP.dP.P.P.P.dP}$PEPTIDE1,PEPTIDE1,1:R1-7:R2$$$",-8.00200000,ok,,flexible
"PEPTIDE1{F.Mono84.Mono84.P.P.dP.P}$PEPTIDE1,PEPTIDE1,1:R1-7:R2$$$",-7.59000000,ok,,flexible
"PEPTIDE1{dF.dP.dP.dP.P.T.P}$PEPTIDE1,PEPTIDE1,1:R1-7:R2$$$",-7.49700000,ok,,flexible
"PEPTIDE1{Me_dA.P.Phe(4-CF3).dP.dP.dP.P}$PEPTIDE1,PEPTIDE1,1:R1-7:R2$$$",-8.21700000,ok,,flexible
"PEPTIDE1{Me_dA.Y.P.dP.P.dP.P}$PEPTIDE1,PEPTIDE1,1:R1-7:R2$$$",-7.92100000,ok,,flexible
"PEPTIDE1{A.dP.P.dP.T.P.P}$PEPTIDE1,PEPTIDE1,1:R1-7:R2$$$",-7.26500000,ok,,flexible
"PEPTIDE1{Me_dA.P.P.dP.dP.P.P}$PEPTIDE1,PEPTIDE1,1:R1-7:R2$$$",-7.84700000,ok,,flexible
"PEPTIDE1{Me_dA.G.dP.P.P.P.dP}$PEPTIDE1,PEPTIDE1,1:R1-7:R2$$$",-7.88100000,ok,,flexible
"PEPTIDE1{Me_dA.Y.Phe(4-CF3).dP.P.dP.P}$PEPTIDE1,PEPTIDE1,1:R1-7:R2$$$",-7.33900000,ok,,flexible
"PEPTIDE1{dF.Mono84.P.dP.P.P.P}$PEPTIDE1,PEPTIDE1,1:R1-7:R2$$$",-7.92800000,ok,,flexible
"PEPTIDE1{A.P.dP.dP.P.dP.T}$PEPTIDE1,PEPTIDE1,1:R1-7:R2$$$",-7.59500000,ok,,flexible
"PEPTIDE1{dA.dP.P.P.dP.dP.D}$PEPTIDE1,PEPTIDE1,1:R1-7:R2$$$",-7.01100000,ok,,flexible
"PEPTIDE1{F.Mono84.dP.P.dP.dP.P}$PEPTIDE1,PEPTIDE1,1:R1-7:R2$$$",-7.74500000,ok,,flexible
"PEPTIDE1{Mono6.dP.dP.dP.dP.P.P}$PEPTIDE1,PEPTIDE1,1:R1-7:R2$$$",-7.56800000,ok,,flexible
"PEPTIDE1{P.dP.P.dP.P.P.dP}$PEPTIDE1,PEPTIDE1,1:R1-7:R2$$$",-7.81600000,ok,,flexible
"PEPTIDE1{P.P.P.P.T.P.D}$PEPTIDE1,PEPTIDE1,1:R1-7:R2$$$",-7.25000000,ok,,flexible
"PEPTIDE1{Me_dA.dP.dP.D.P.T.dP}$PEPTIDE1,PEPTIDE1,1:R1-7:R2$$$",-6.77700000,ok,,flexible
"PEPTIDE1{F.meL.dP.P.dP.dP.dP}$PEPTIDE1,PEPTIDE1,1:R1-7:R2$$$",-7.62900000,ok,,flexible
"PEPTIDE1{dA.dP.dP.P.dP.P.P}$PEPTIDE1,PEPTIDE1,1:R1-7:R2$$$",-8.17500000,ok,,flexible
"PEPTIDE1{dP.P.dP.P.dP.D.T}$PEPTIDE1,PEPTIDE1,1:R1-7:R2$$$",-7.09000000,ok,,flexible
"PEPTIDE1{dF.P.dP.dP.P.P.P}$PEPTIDE1,PEPTIDE1,1:R1-7:R2$$$",-7.44900000,ok,,flexible
"PEPTIDE1{dA.dP.dP.P.P.P.dP}$PEPTIDE1,PEPTIDE1,1:R1-7:R2$$$",-8.04000000,ok,,flexible
"PEPTIDE1{dA.dP.P.dP.P.dP.T}$PEPTIDE1,PEPTIDE1,1:R1-7:R2$$$",-6.93900000,ok,,flexible
"PEPTIDE1{Me_dA.dP.dP.dP.P.P.T}$PEPTIDE1,PEPTIDE1,1:R1-7:R2$$$",-7.37000000,ok,,flexible
"PEPTIDE1{P.dP.Phe(4-CF3).dP.dP.P.P}$PEPTIDE1,PEPTIDE1,1:R1-7:R2$$$",-8.42300000,ok,,flexible
"PEPTIDE1{P.F.Mono84.dP.dP.P.P}$PEPTIDE1,PEPTIDE1,1:R1-7:R2$$$",-7.37800000,ok,,flexible
"PEPTIDE1{A.P.P.dP.dP.dP.P}$PEPTIDE1,PEPTIDE1,1:R1-7:R2$$$",-7.47600000,ok,,flexible
"PEPTIDE1{Me_dA.T.dP.P.dP.dP.P}$PEPTIDE1,PEPTIDE1,1:R1-7:R2$$$",-7.36200000,ok,,flexible
"PEPTIDE1{A.P.dP.P.P.dP.T}$PEPTIDE1,PEPTIDE1,1:R1-7:R2$$$",-7.76300000,ok,,flexible
"PEPTIDE1{A.dP.dP.dP.T.P.P}$PEPTIDE1,PEPTIDE1,1:R1-7:R2$$$",-7.23500000,ok,,flexible
"PEPTIDE1{F.P.dP.dP.T.P.P}$PEPTIDE1,PEPTIDE1,1:R1-7:R2$$$",-8.16500000,ok,,flexible
"PEPTIDE1{F.Mono84.dP.P.dP.P.dP}$PEPTIDE1,PEPTIDE1,1:R1-7:R2$$$",-7.83000000,ok,,flexible
"PEPTIDE1{Me_dA.P.P.P.dP.dP.D}$PEPTIDE1,PEPTIDE1,1:R1-7:R2$$$",-7.22100000,ok,,flexible
"PEPTIDE1{dV.dP.P.P.dP.P.dP}$PEPTIDE1,PEPTIDE1,1:R1-7:R2$$$",-7.49500000,ok,,flexible
"PEPTIDE1{Me_dA.Mono84.Y.P.dP.P.P}$PEPTIDE1,PEPTIDE1,1:R1-7:R2$$$",-7.88900000,ok,,flexible
"PEPTIDE1{F.cHexCH2_Gly.P.dP.P.P.P}$PEPTIDE1,PEPTIDE1,1:R1-7:R2$$$",-6.88100000,ok,,flexible
"PEPTIDE1{Me_dA.P.dP.dP.dP.P.P}$PEPTIDE1,PEPTIDE1,1:R1-7:R2$$$",-7.47100000,ok,,flexible
"PEPTIDE1{Me_dA.dP.P.dP.dP.P.D}$PEPTIDE1,PEPTIDE1,1:R1-7:R2$$$",-7.39300000,ok,,flexible
"PEPTIDE1{A.P.dP.dP.P.T.P}$PEPTIDE1,PEPTIDE1,1:R1-7:R2$$$",-8.03000000,ok,,flexible
"PEPTIDE1{Mono6.P.dP.dP.dP.P.dP}$PEPTIDE1,PEPTIDE1,1:R1-7:R2$$$",-7.84600000,ok,,flexible
"PEPTIDE1{dF.F.P.dP.dP.dP.P}$PEPTIDE1,PEPTIDE1,1:R1-7:R2$$$",-7.42300000,ok,,flexible
"PEPTIDE1{F.P.3Pal.G.Y.Phe(4-CF3).dP}$PEPTIDE1,PEPTIDE1,1:R1-7:R2$$$",-7.02500000,ok,,flexible
"PEPTIDE1{F.P.P.P.dP.P.dP}$PEPTIDE1,PEPTIDE1,1:R1-7:R2$$$",-7.24200000,ok,,flexible
"PEPTIDE1{A.P.P.dP.P.P.D}$PEPTIDE1,PEPTIDE1,1:R1-7:R2$$$",-7.21800000,ok,,flexible
"PEPTIDE1{Me_dA.dP.F.Y.P.dP.P}$PEPTIDE1,PEPTIDE1,1:R1-7:R2$$$",-7.13100000,ok,,flexible
"PEPTIDE1{P.dP.dP.dP.P.dP.D}$PEPTIDE1,PEPTIDE1,1:R1-7:R2$$$",-7.53900000,ok,,flexible
"PEPTIDE1{dV.dP.dP.P.P.T.dP}$PEPTIDE1,PEPTIDE1,1:R1-7:R2$$$",-7.49200000,ok,,flexible
"PEPTIDE1{dA.P.dP.P.P.D.dP}$PEPTIDE1,PEPTIDE1,1:R1-7:R2$$$",-7.43800000,ok,,flexible
"PEPTIDE1{Me_dA.dP.P.dP.P.dP.D}$PEPTIDE1,PEPTIDE1,1:R1-7:R2$$$",-7.75900000,ok,,flexible
"PEPTIDE1{Mono6.P.dP.dP.dP.D.T}$PEPTIDE1,PEPTIDE1,1:R1-7:R2$$$",-7.68000000,ok,,flexible
"PEPTIDE1{P.dP.P.P.dP.dP.D}$PEPTIDE1,PEPTIDE1,1:R1-7:R2$$$",-7.22400000,ok,,flexible
"PEPTIDE1{P.Y.P.dP.dP.dP.P}$PEPTIDE1,PEPTIDE1,1:R1-7:R2$$$",-8.33100000,ok,,flexible
"PEPTIDE1{dF.P.dP.P.P.P.T}$PEPTIDE1,PEPTIDE1,1:R1-7:R2$$$",-7.60100000,ok,,flexible
"PEPTIDE1{dV.dP.dP.P.P.dP.D}$PEPTIDE1,PEPTIDE1,1:R1-7:R2$$$",-7.84200000,ok,,flexible
"PEPTIDE1{dA.dP.dP.dP.T.dP.P}$PEPTIDE1,PEPTIDE1,1:R1-7:R2$$$",-7.30300000,ok,,flexible
"PEPTIDE1{dP.P.dP.D.P.dP.T}$PEPTIDE1,PEPTIDE1,1:R1-7:R2$$$",-7.17000000,ok,,flexible
"PEPTIDE1{dF.P.P.P.P.dP.dP}$PEPTIDE1,PEPTIDE1,1:R1-7:R2$$$",-8.32300000,ok,,flexible
"PEPTIDE1{dA.dP.dP.P.P.T.P}$PEPTIDE1,PEPTIDE1,1:R1-7:R2$$$",-7.52100000,ok,,flexible
"PEPTIDE1{dP.meY.P.dP.P.P.P}$PEPTIDE1,PEPTIDE1,1:R1-7:R2$$$",-7.99500000,ok,,flexible
"PEPTIDE1{dP.P.P.P.P.dP.T}$PEPTIDE1,PEPTIDE1,1:R1-7:R2$$$",-7.66200000,ok,,flexible
"PEPTIDE1{A.dP.P.P.dP.dP.Phe(4-CF3)}$PEPTIDE1,PEPTIDE1,1:R1-7:R2$$$",-8.14700000,ok,,flexible
"PEPTIDE1{F.P.Mono84.dP.dP.dP.P}$PEPTIDE1,PEPTIDE1,1:R1-7:R2$$$",-7.74000000,ok,,flexible
"PEPTIDE1{P.dP.P.dP.dP.Phe(4-CF3).P}$PEPTIDE1,PEPTIDE1,1:R1-7:R2$$$",-8.16600000,ok,,flexible
"PEPTIDE1{dA.dP.P.P.dP.P.T}$PEPTIDE1,PEPTIDE1,1:R1-7:R2$$$",-7.72100000,ok,,flexible
"PEPTIDE1{Me_Bal.dP.dP.P.P.dP.P}$PEPTIDE1,PEPTIDE1,1:R1-7:R2$$$",-7.55300000,ok,,flexible
"PEPTIDE1{Me_dA.P.P.dP.dP.D.P}$PEPTIDE1,PEPTIDE1,1:R1-7:R2$$$",-7.16300000,ok,,flexible
"PEPTIDE1{A.dP.P.P.P.dP.D}$PEPTIDE1,PEPTIDE1,1:R1-7:R2$$$",-7.41200000,ok,,flexible
"PEPTIDE1{Me_dA.Mono84.P.dP.dP.P.dP}$PEPTIDE1,PEPTIDE1,1:R1-7:R2$$$",-8.07700000,ok,,flexible
"PEPTIDE1{F.Mono84.P.P.dP.P.dP}$PEPTIDE1,PEPTIDE1,1:R1-7:R2$$$",-7.44800000,ok,,flexible
"PEPTIDE1{dF.Mono84.dP.dP.P.dP.P}$PEPTIDE1,PEPTIDE1,1:R1-7:R2$$$",-7.93800000,ok,,flexible
"PEPTIDE1{Me_dA.A.P.P.dP.dP.dP}$PEPTIDE1,PEPTIDE1,1:R1-7:R2$$$",-7.98000000,ok,,flexible
"PEPTIDE1{dP.P.dP.P.D.P.dP}$PEPTIDE1,PEPTIDE1,1:R1-7:R2$$$",-7.52200000,ok,,flexible
"PEPTIDE1{P.Y.Phe(4-CF3).dP.dP.dP.P}$PEPTIDE1,PEPTIDE1,1:R1-7:R2$$$",-7.98200000,ok,,flexible
"PEPTIDE1{A.dP.P.P.dP.dP.P}$PEPTIDE1,PEPTIDE1,1:R1-7:R2$$$",-7.63800000,ok,,flexible
"PEPTIDE1{A.dP.P.P.dP.P.P}$PEPTIDE1,PEPTIDE1,1:R1-7:R2$$$",-8.19100000,ok,,flexible
"PEPTIDE1{A.P.dP.G.T.P.P}$PEPTIDE1,PEPTIDE1,1:R1-7:R2$$$",-7.26800000,ok,,flexible
"PEPTIDE1{Me_dA.dP.P.dP.D.P.P}$PEPTIDE1,PEPTIDE1,1:R1-7:R2$$$",-7.98800000,ok,,flexible
"PEPTIDE1{P.dP.Phe(4-CF3).P.P.dP.dP}$PEPTIDE1,PEPTIDE1,1:R1-7:R2$$$",-8.16700000,ok,,flexible
"PEPTIDE1{Mono6.P.dP.P.P.P.P}$PEPTIDE1,PEPTIDE1,1:R1-7:R2$$$",-8.10400000,ok,,flexible
"PEPTIDE1{L.dP.P.P.P.dP.dP}$PEPTIDE1,PEPTIDE1,1:R1-7:R2$$$",-7.22900000,ok,,flexible
"PEPTIDE1{Mono6.P.P.dP.dP.dP.P}$PEPTIDE1,PEPTIDE1,1:R1-7:R2$$$",-7.79300000,ok,,flexible
"PEPTIDE1{Me_dA.P.P.dP.P.P.dP}$PEPTIDE1,PEPTIDE1,1:R1-7:R2$$$",-7.65800000,ok,,flexible
"PEPTIDE1{A.G.P.P.P.dP.dP}$PEPTIDE1,PEPTIDE1,1:R1-7:R2$$$",-7.65900000,ok,,flexible
"PEPTIDE1{dF.P.dP.dP.P.dP.T}$PEPTIDE1,PEPTIDE1,1:R1-7:R2$$$",-6.82200000,ok,,flexible
"PEPTIDE1{F.dP.dP.T.P.P.P}$PEPTIDE1,PEPTIDE1,1:R1-7:R2$$$",-7.46700000,ok,,flexible
"PEPTIDE1{F.dP.P.P.P.P.P}$PEPTIDE1,PEPTIDE1,1:R1-7:R2$$$",-7.17500000,ok,,flexible
"PEPTIDE1{Mono6.P.P.dP.P.dP.dP}$PEPTIDE1,PEPTIDE1,1:R1-7:R2$$$",-8.22900000,ok,,flexible
"PEPTIDE1{A.P.dP.P.P.P.P}$PEPTIDE1,PEPTIDE1,1:R1-7:R2$$$",-7.84000000,ok,,flexible
"PEPTIDE1{P.F.Mono84.P.dP.dP.dP}$PEPTIDE1,PEPTIDE1,1:R1-7:R2$$$",-8.52000000,ok,,flexible
"PEPTIDE1{Mono6.P.dP.dP.P.D.P}$PEPTIDE1,PEPTIDE1,1:R1-7:R2$$$",-7.31200000,ok,,flexible
"PEPTIDE1{Me_dA.dP.dP.P.dP.P.T}$PEPTIDE1,PEPTIDE1,1:R1-7:R2$$$",-7.25100000,ok,,flexible
"PEPTIDE1{F.Mono84.3Pal.P.P.dP.P}$PEPTIDE1,PEPTIDE1,1:R1-7:R2$$$",-7.61800000,ok,,flexible
"PEPTIDE1{P.G.P.F.G.dP.Mono84}$PEPTIDE1,PEPTIDE1,1:R1-7:R2$$$",-7.24100000,ok,,flexible
"PEPTIDE1{A.P.P.dP.dP.dP.T}$PEPTIDE1,PEPTIDE1,1:R1-7:R2$$$",-7.28400000,ok,,flexible
"PEPTIDE1{dP.dP.P.P.dP.P.D}$PEPTIDE1,PEPTIDE1,1:R1-7:R2$$$",-8.07300000,ok,,flexible
"PEPTIDE1{P.Y.P.dP.dP.dP.dP}$PEPTIDE1,PEPTIDE1,1:R1-7:R2$$$",-7.41900000,ok,,flexible
"PEPTIDE1{Me_dA.P.P.P.dP.P.dP}$PEPTIDE1,PEPTIDE1,1:R1-7:R2$$$",-7.64600000,ok,,flexible
"PEPTIDE1{dA.P.P.dP.P.P.T}$PEPTIDE1,PEPTIDE1,1:R1-7:R2$$$",-7.57700000,ok,,flexible
"PEPTIDE1{Mono6.dP.P.P.dP.P.P}$PEPTIDE1,PEPTIDE1,1:R1-7:R2$$$",-7.23600000,ok,,flexible
"PEPTIDE1{A.P.dP.Y.G.P.dP}$PEPTIDE1,PEPTIDE1,1:R1-7:R2$$$",-7.76700000,ok,,flexible
"PEPTIDE1{Me_dA.P.Y.G.dP.Phe(4-CF3).dP}$PEPTIDE1,PEPTIDE1,1:R1-7:R2$$$",-7.97500000,ok,,flexible
"PEPTIDE1{dF.P.P.dP.P.dP.dP}$PEPTIDE1,PEPTIDE1,1:R1-7:R2$$$",-7.84900000,ok,,flexible
"PEPTIDE1{Mono6.P.dP.dP.P.dP.T}$PEPTIDE1,PEPTIDE1,1:R1-7:R2$$$",-7.57100000,ok,,flexible
"PEPTIDE1{F.dP.dP.P.P.T.P}$PEPTIDE1,PEPTIDE1,1:R1-7:R2$$$",-7.43100000,ok,,flexible
"PEPTIDE1{A.dP.dP.dP.P.D.P}$PEPTIDE1,PEPTIDE1,1:R1-7:R2$$$",-7.23700000,ok,,flexible
"PEPTIDE1{A.dP.P.P.P.dP.P}$PEPTIDE1,PEPTIDE1,1:R1-7:R2$$$",-7.92200000,ok,,flexible
"PEPTIDE1{dV.P.dP.dP.D.dP.T}$PEPTIDE1,PEPTIDE1,1:R1-7:R2$$$",-7.34200000,ok,,flexible
"PEPTIDE1{dF.dP.P.dP.dP.dP.P}$PEPTIDE1,PEPTIDE1,1:R1-7:R2$$$",-7.73400000,ok,,flexible
"PEPTIDE1{A.G.dP.dP.dP.Phe(4-CF3).P}$PEPTIDE1,PEPTIDE1,1:R1-7:R2$$$",-7.08800000,ok,,flexible
"PEPTIDE1{P.Phe(4-CF3).dP.P.P.dP.dP}$PEPTIDE1,PEPTIDE1,1:R1-7:R2$$$",-7.78400000,ok,,flexible
"PEPTIDE1{dP.P.P.P.D.dP.T}$PEPTIDE1,PEPTIDE1,1:R1-7:R2$$$",-7.23800000,ok,,flexible
"PEPTIDE1{Mono6.dP.dP.P.D.dP.T}$PEPTIDE1,PEPTIDE1,1:R1-7:R2$$$",-7.42300000,ok,,flexible
"PEPTIDE1{dA.P.dP.P.P.dP.P}$PEPTIDE1,PEPTIDE1,1:R1-7:R2$$$",-7.58700000,ok,,flexible
"PEPTIDE1{Me_dA.A.P.dP.P.P.dP}$PEPTIDE1,PEPTIDE1,1:R1-7:R2$$$",-8.09200000,ok,,flexible
"PEPTIDE1{Mono6.D.P.dP.dP.P.T}$PEPTIDE1,PEPTIDE1,1:R1-7:R2$$$",-6.83500000,ok,,flexible
"PEPTIDE1{Mono6.dP.P.P.P.P.T}$PEPTIDE1,PEPTIDE1,1:R1-7:R2$$$",-7.23700000,ok,,flexible
"PEPTIDE1{dA.P.dP.dP.P.dP.T}$PEPTIDE1,PEPTIDE1,1:R1-7:R2$$$",-7.41800000,ok,,flexible
"PEPTIDE1{Me_dA.dP.dP.dP.dP.P.D}$PEPTIDE1,PEPTIDE1,1:R1-7:R2$$$",-8.33400000,ok,,flexible
"PEPTIDE1{F.P.P.P.dP.dP.dP}$PEPTIDE1,PEPTIDE1,1:R1-7:R2$$$",-8.26900000,ok,,flexible
"PEPTIDE1{P.Mono84.dP.dP.dP.dP.P}$PEPTIDE1,PEPTIDE1,1:R1-7:R2$$$",-8.55100000,ok,,flexible
"PEPTIDE1{A.dP.P.P.P.Phe(4-CF3).dP}$PEPTIDE1,PEPTIDE1,1:R1-7:R2$$$",-7.53200000,ok,,flexible
"PEPTIDE1{F.dP.dP.P.dP.P.dP}$PEPTIDE1,PEPTIDE1,1:R1-7:R2$$$",-7.93300000,ok,,flexible
"PEPTIDE1{Me_dA.Y.P.P.dP.dP.dP}$PEPTIDE1,PEPTIDE1,1:R1-7:R2$$$",-8.28400000,ok,,flexible
"PEPTIDE1{dF.P.dP.P.dP.dP.T}$PEPTIDE1,PEPTIDE1,1:R1-7:R2$$$",-8.12900000,ok,,flexible
"PEPTIDE1{A.dP.dP.P.P.dP.D}$PEPTIDE1,PEPTIDE1,1:R1-7:R2$$$",-7.85900000,ok,,flexible
"PEPTIDE1{Mono6.P.dP.P.dP.P.P}$PEPTIDE1,PEPTIDE1,1:R1-7:R2$$$",-8.68300000,ok,,flexible
"PEPTIDE1{P.G.dP.P.P.P.dP}$PEPTIDE1,PEPTIDE1,1:R1-7:R2$$$",-8.18300000,ok,,flexible
"PEPTIDE1{dV.P.dP.P.dP.dP.D}$PEPTIDE1,PEPTIDE1,1:R1-7:R2$$$",-7.34800000,ok,,flexible
"PEPTIDE1{F.P.dP.Mono84.dP.dP.P}$PEPTIDE1,PEPTIDE1,1:R1-7:R2$$$",-8.23300000,ok,,flexible
"PEPTIDE1{Me_dA.dP.P.dP.dP.T.P}$PEPTIDE1,PEPTIDE1,1:R1-7:R2$$$",-7.76700000,ok,,flexible
"PEPTIDE1{dP.P.D.P.dP.dP.dP}$PEPTIDE1,PEPTIDE1,1:R1-7:R2$$$",-7.55000000,ok,,flexible
"PEPTIDE1{A.dP.dP.P.P.P.T}$PEPTIDE1,PEPTIDE1,1:R1-7:R2$$$",-7.87300000,ok,,flexible
"PEPTIDE1{Me_dA.dP.P.P.P.P.T}$PEPTIDE1,PEPTIDE1,1:R1-7:R2$$$",-7.61500000,ok,,flexible
"PEPTIDE1{A.P.Phe(4-CF3).T.P.dP.dP}$PEPTIDE1,PEPTIDE1,1:R1-7:R2$$$",-7.87600000,ok,,flexible
"PEPTIDE1{Me_Bal.P.Y.P.P.dP.dP}$PEPTIDE1,PEPTIDE1,1:R1-7:R2$$$",-7.78200000,ok,,flexible
"PEPTIDE1{dF.P.P.P.D.dP.T}$PEPTIDE1,PEPTIDE1,1:R1-7:R2$$$",-6.98300000,ok,,flexible
"PEPTIDE1{Me_dA.P.dP.P.P.dP.D}$PEPTIDE1,PEPTIDE1,1:R1-7:R2$$$",-7.63900000,ok,,flexible
"PEPTIDE1{P.Y.P.P.P.dP.T}$PEPTIDE1,PEPTIDE1,1:R1-7:R2$$$",-7.25200000,ok,,flexible
"PEPTIDE1{dF.T.P.dP.P.P.P}$PEPTIDE1,PEPTIDE1,1:R1-7:R2$$$",-7.68800000,ok,,flexible
"PEPTIDE1{Mono6.P.dP.P.dP.dP.T}$PEPTIDE1,PEPTIDE1,1:R1-7:R2$$$",-7.50200000,ok,,flexible
"PEPTIDE1{dP.P.P.dP.dP.T.D}$PEPTIDE1,PEPTIDE1,1:R1-7:R2$$$",-6.95200000,ok,,flexible
"PEPTIDE1{A.P.P.P.dP.dP.D}$PEPTIDE1,PEPTIDE1,1:R1-7:R2$$$",-7.56900000,ok,,flexible
"PEPTIDE1{F.dP.dP.P.dP.dP.P}$PEPTIDE1,PEPTIDE1,1:R1-7:R2$$$",-7.57200000,ok,,flexible
"PEPTIDE1{Mono6.dP.Y.P.dP.dP.P}$PEPTIDE1,PEPTIDE1,1:R1-7:R2$$$",-7.88200000,ok,,flexible
"PEPTIDE1{dF.P.dP.dP.P.P.dP}$PEPTIDE1,PEPTIDE1,1:R1-7:R2$$$",-7.37000000,ok,,flexible
"PEPTIDE1{F.Y.P.dP.P.dP.dP}$PEPTIDE1,PEPTIDE1,1:R1-7:R2$$$",-8.33500000,ok,,flexible
"PEPTIDE1{meL.dP.dP.P.P.P.T}$PEPTIDE1,PEPTIDE1,1:R1-7:R2$$$",-7.10100000,ok,,flexible
"PEPTIDE1{dF.P.P.dP.P.P.P}$PEPTIDE1,PEPTIDE1,1:R1-7:R2$$$",-8.04800000,ok,,flexible
"PEPTIDE1{Mono6.P.P.dP.dP.D.P}$PEPTIDE1,PEPTIDE1,1:R1-7:R2$$$",-7.53200000,ok,,flexible
"PEPTIDE1{Me_Bal.Phe(4-CF3).P.dP.P.dP.P}$PEPTIDE1,PEPTIDE1,1:R1-7:R2$$$",-7.38200000,ok,,flexible
"PEPTIDE1{P.D.P.dP.P.dP.P}$PEPTIDE1,PEPTIDE1,1:R1-7:R2$$$",-6.95600000,ok,,flexible
"PEPTIDE1{dP.Me_dL.Y.P.P.dP.dP}$PEPTIDE1,PEPTIDE1,1:R1-7:R2$$$",-7.58400000,ok,,flexible
"PEPTIDE1{dA.F.T.P.P.dP.dP}$PEPTIDE1,PEPTIDE1,1:R1-7:R2$$$",-8.56800000,ok,,flexible
"PEPTIDE1{A.dP.P.dP.dP.D.P}$PEPTIDE1,PEPTIDE1,1:R1-7:R2$$$",-7.64800000,ok,,flexible
"PEPTIDE1{A.meF.P.dP.F.Y.G}$PEPTIDE1,PEPTIDE1,1:R1-7:R2$$$",-8.03300000,ok,,flexible
"PEPTIDE1{dF.Mono84.P.Phe(4-CF3).dP.P.P}$PEPTIDE1,PEPTIDE1,1:R1-7:R2$$$",-7.41600000,ok,,flexible
"PEPTIDE1{dP.Mono84.T.P.dP.P.P}$PEPTIDE1,PEPTIDE1,1:R1-7:R2$$$",-7.57400000,ok,,flexible
"PEPTIDE1{P.F.Mono84.dP.Y.G.P}$PEPTIDE1,PEPTIDE1,1:R1-7:R2$$$",-8.14100000,ok,,flexible
"PEPTIDE1{Me_dA.dP.P.P.P.P.dP}$PEPTIDE1,PEPTIDE1,1:R1-7:R2$$$",-7.89900000,ok,,flexible
"PEPTIDE1{dF.P.P.P.dP.P.P}$PEPTIDE1,PEPTIDE1,1:R1-7:R2$$$",-7.36600000,ok,,flexible
"PEPTIDE1{Mono6.dP.Mono84.dP.P.dP.P}$PEPTIDE1,PEPTIDE1,1:R1-7:R2$$$",-7.87000000,ok,,flexible
"PEPTIDE1{dF.dP.dP.dP.T.dP.P}$PEPTIDE1,PEPTIDE1,1:R1-7:R2$$$",-7.44000000,ok,,flexible
"PEPTIDE1{Mono6.dP.P.dP.dP.P.P}$PEPTIDE1,PEPTIDE1,1:R1-7:R2$$$",-7.52400000,ok,,flexible
"PEPTIDE1{Mono6.dP.P.dP.P.P.P}$PEPTIDE1,PEPTIDE1,1:R1-7:R2$$$",-7.86500000,ok,,flexible
"PEPTIDE1{Me_Bal.F.Mono84.P.dP.P.P}$PEPTIDE1,PEPTIDE1,1:R1-7:R2$$$",-7.09900000,ok,,flexible
"PEPTIDE1{F.P.P.dP.dP.dP.P}$PEPTIDE1,PEPTIDE1,1:R1-7:R2$$$",-7.41300000,ok,,flexible
"PEPTIDE1{A.dP.dP.P.dP.P.Phe(4-CF3)}$PEPTIDE1,PEPTIDE1,1:R1-7:R2$$$",-8.03900000,ok,,flexible
"PEPTIDE1{P.P.P.dP.dP.dP.dP}$PEPTIDE1,PEPTIDE1,1:R1-7:R2$$$",-8.30900000,ok,,flexible
"PEPTIDE1{dA.dP.P.P.dP.D.T}$PEPTIDE1,PEPTIDE1,1:R1-7:R2$$$",-7.70300000,ok,,flexible
"PEPTIDE1{F.Mono84.P.dP.P.P.dP}$PEPTIDE1,PEPTIDE1,1:R1-7:R2$$$",-7.40800000,ok,,flexible
"PEPTIDE1{dV.P.P.dP.dP.P.dP}$PEPTIDE1,PEPTIDE1,1:R1-7:R2$$$",-7.40700000,ok,,flexible
"PEPTIDE1{F.P.P.P.P.P.P}$PEPTIDE1,PEPTIDE1,1:R1-7:R2$$$",-7.30700000,ok,,flexible
"PEPTIDE1{Mono6.Mono84.P.P.dP.dP.dP}$PEPTIDE1,PEPTIDE1,1:R1-7:R2$$$",-7.71800000,ok,,flexible
"PEPTIDE1{dA.P.P.dP.P.dP.dP}$PEPTIDE1,PEPTIDE1,1:R1-7:R2$$$",-7.76700000,ok,,flexible
"PEPTIDE1{Me_dA.Phe(4-CF3).P.P.dP.P.dP}$PEPTIDE1,PEPTIDE1,1:R1-7:R2$$$",-7.67600000,ok,,flexible
"PEPTIDE1{F.cHexCH2_Gly.dP.dP.dP.P.P}$PEPTIDE1,PEPTIDE1,1:R1-7:R2$$$",-7.90800000,ok,,flexible
"PEPTIDE1{A.dP.dP.P.P.P.P}$PEPTIDE1,PEPTIDE1,1:R1-7:R2$$$",-8.25900000,ok,,flexible
"PEPTIDE1{F.dP.dP.P.P.dP.T}$PEPTIDE1,PEPTIDE1,1:R1-7:R2$$$",-7.90700000,ok,,flexible
"PEPTIDE1{P.Y.P.dP.P.dP.P}$PEPTIDE1,PEPTIDE1,1:R1-7:R2$$$",-7.58800000,ok,,flexible
"PEPTIDE1{dP.P.dP.D.dP.P.P}$PEPTIDE1,PEPTIDE1,1:R1-7:R2$$$",-7.10200000,ok,,flexible
"PEPTIDE1{P.dP.P.Phe(4-CF3).dP.P.dP}$PEPTIDE1,PEPTIDE1,1:R1-7:R2$$$",-8.50700000,ok,,flexible
"PEPTIDE1{P.F.dP.P.P.dP.dP}$PEPTIDE1,PEPTIDE1,1:R1-7:R2$$$",-7.63200000,ok,,flexible
"PEPTIDE1{dA.P.P.dP.P.dP.P}$PEPTIDE1,PEPTIDE1,1:R1-7:R2$$$",-8.38200000,ok,,flexible
"PEPTIDE1{Me_dA.P.P.dP.dP.dP.P}$PEPTIDE1,PEPTIDE1,1:R1-7:R2$$$",-7.70400000,ok,,flexible
"PEPTIDE1{Me_dA.P.dP.dP.P.dP.D}$PEPTIDE1,PEPTIDE1,1:R1-7:R2$$$",-6.89500000,ok,,flexible
"PEPTIDE1{dP.dP.dP.P.dP.P.T}$PEPTIDE1,PEPTIDE1,1:R1-7:R2$$$",-7.22400000,ok,,flexible
"PEPTIDE1{Me_dA.Phe(4-CF3).P.P.dP.dP.dP}$PEPTIDE1,PEPTIDE1,1:R1-7:R2$$$",-7.81000000,ok,,flexible
"PEPTIDE1{dA.Y.P.dP.P.P.P}$PEPTIDE1,PEPTIDE1,1:R1-7:R2$$$",-7.91800000,ok,,flexible
"PEPTIDE1{A.dP.dP.dP.P.P.D}$PEPTIDE1,PEPTIDE1,1:R1-7:R2$$$",-7.01400000,ok,,flexible
"PEPTIDE1{F.Y.Mono84.P.dP.dP.P}$PEPTIDE1,PEPTIDE1,1:R1-7:R2$$$",-7.62100000,ok,,flexible
"PEPTIDE1{Me_dA.dP.P.P.dP.dP.P}$PEPTIDE1,PEPTIDE1,1:R1-7:R2$$$",-7.81400000,ok,,flexible
"PEPTIDE1{A.P.dP.dP.P.P.P}$PEPTIDE1,PEPTIDE1,1:R1-7:R2$$$",-7.86500000,ok,,flexible
"PEPTIDE1{dP.dP.P.P.P.D.T}$PEPTIDE1,PEPTIDE1,1:R1-7:R2$$$",-7.23000000,ok,,flexible
"PEPTIDE1{A.dP.dP.P.P.D.P}$PEPTIDE1,PEPTIDE1,1:R1-7:R2$$$",-7.34100000,ok,,flexible
"PEPTIDE1{F.P.P.P.dP.P.T}$PEPTIDE1,PEPTIDE1,1:R1-7:R2$$$",-8.03800000,ok,,flexible
"PEPTIDE1{dP.meY.dP.P.dP.P.P}$PEPTIDE1,PEPTIDE1,1:R1-7:R2$$$",-7.71100000,ok,,flexible
"PEPTIDE1{F.T.P.P.dP.dP.dP}$PEPTIDE1,PEPTIDE1,1:R1-7:R2$$$",-7.98900000,ok,,flexible
"PEPTIDE1{dP.P.dP.dP.T.D.P}$PEPTIDE1,PEPTIDE1,1:R1-7:R2$$$",-6.61900000,ok,,flexible
"PEPTIDE1{dA.P.P.dP.dP.P.T}$PEPTIDE1,PEPTIDE1,1:R1-7:R2$$$",-7.18200000,ok,,flexible
"PEPTIDE1{dA.P.P.P.T.dP.dP}$PEPTIDE1,PEPTIDE1,1:R1-7:R2$$$",-7.26900000,ok,,flexible
"PEPTIDE1{A.P.P.P.dP.P.Phe(4-CF3)}$PEPTIDE1,PEPTIDE1,1:R1-7:R2$$$",-7.93900000,ok,,flexible
"PEPTIDE1{dA.P.dP.P.dP.P.D}$PEPTIDE1,PEPTIDE1,1:R1-7:R2$$$",-7.17800000,ok,,flexible
"PEPTIDE1{dA.dP.P.P.dP.P.P}$PEPTIDE1,PEPTIDE1,1:R1-7:R2$$$",-7.59900000,ok,,flexible
"PEPTIDE1{A.dP.P.P.dP.dP.T}$PEPTIDE1,PEPTIDE1,1:R1-7:R2$$$",-7.20300000,ok,,flexible
"PEPTIDE1{Me_dA.P.dP.D.P.P.dP}$PEPTIDE1,PEPTIDE1,1:R1-7:R2$$$",-7.83600000,ok,,flexible
"PEPTIDE1{Mono6.P.dP.dP.dP.P.D}$PEPTIDE1,PEPTIDE1,1:R1-7:R2$$$",-7.63800000,ok,,flexible
"PEPTIDE1{dV.dP.dP.dP.P.D.T}$PEPTIDE1,PEPTIDE1,1:R1-7:R2$$$",-7.20500000,ok,,flexible
"PEPTIDE1{Mono6.P.P.P.dP.dP.dP}$PEPTIDE1,PEPTIDE1,1:R1-7:R2$$$",-7.81300000,ok,,flexible
"PEPTIDE1{dF.P.P.dP.P.P.T}$PEPTIDE1,PEPTIDE1,1:R1-7:R2$$$",-7.37100000,ok,,flexible
"PEPTIDE1{P.Y.dP.dP.P.P.dP}$PEPTIDE1,PEPTIDE1,1:R1-7:R2$$$",-7.57600000,ok,,flexible
"PEPTIDE1{P.dP.dP.dP.P.dP.P}$PEPTIDE1,PEPTIDE1,1:R1-7:R2$$$",-8.24200000,ok,,flexible
"PEPTIDE1{P.dP.dP.P.dP.P.P}$PEPTIDE1,PEPTIDE1,1:R1-7:R2$$$",-8.25000000,ok,,flexible
"PEPTIDE1{P.Y.dP.dP.P.dP.T}$PEPTIDE1,PEPTIDE1,1:R1-7:R2$$$",-7.21000000,ok,,flexible
"PEPTIDE1{Mono6.dP.dP.P.P.dP.D}$PEPTIDE1,PEPTIDE1,1:R1-7:R2$$$",-7.42900000,ok,,flexible
"PEPTIDE1{Me_dA.dP.dP.dP.P.Phe(4-CF3).T}$PEPTIDE1,PEPTIDE1,1:R1-7:R2$$$",-7.00500000,ok,,flexible
"PEPTIDE1{F.P.dP.P.P.T.dP}$PEPTIDE1,PEPTIDE1,1:R1-7:R2$$$",-7.06100000,ok,,flexible
"PEPTIDE1{F.T.dP.P.P.P.P}$PEPTIDE1,PEPTIDE1,1:R1-7:R2$$$",-7.02600000,ok,,flexible
"PEPTIDE1{Mono6.P.dP.dP.dP.D.P}$PEPTIDE1,PEPTIDE1,1:R1-7:R2$$$",-7.19500000,ok,,flexible
"PEPTIDE1{F.T.P.dP.dP.dP.P}$PEPTIDE1,PEPTIDE1,1:R1-7:R2$$$",-7.77700000,ok,,flexible
"PEPTIDE1{A.T.P.dP.G.Mono84.Y}$PEPTIDE1,PEPTIDE1,1:R1-7:R2$$$",-6.99100000,ok,,flexible
"PEPTIDE1{A.P.dP.P.dP.P.P}$PEPTIDE1,PEPTIDE1,1:R1-7:R2$$$",-8.34500000,ok,,flexible
"PEPTIDE1{A.dP.dP.P.P.P.dP}$PEPTIDE1,PEPTIDE1,1:R1-7:R2$$$",-7.70300000,ok,,flexible
"PEPTIDE1{A.P.P.T.D.P.P}$PEPTIDE1,PEPTIDE1,1:R1-7:R2$$$",-6.89700000,ok,,flexible
"PEPTIDE1{dV.dP.P.dP.P.D.P}$PEPTIDE1,PEPTIDE1,1:R1-7:R2$$$",-7.13500000,ok,,flexible
"PEPTIDE1{dA.P.dP.dP.P.P.T}$PEPTIDE1,PEPTIDE1,1:R1-7:R2$$$",-7.38300000,ok,,flexible
"PEPTIDE1{F.P.P.dP.dP.dP.D}$PEPTIDE1,PEPTIDE1,1:R1-7:R2$$$",-7.33900000,ok,,flexible
"PEPTIDE1{dA.dP.dP.dP.P.Phe(4-CF3).P}$PEPTIDE1,PEPTIDE1,1:R1-7:R2$$$",-7.35200000,ok,,flexible
"PEPTIDE1{dA.P.dP.dP.dP.T.P}$PEPTIDE1,PEPTIDE1,1:R1-7:R2$$$",-7.49700000,ok,,flexible
"PEPTIDE1{Me_dA.dP.P.dP.dP.P.P}$PEPTIDE1,PEPTIDE1,1:R1-7:R2$$$",-8.77200000,ok,,flexible
"PEPTIDE1{dA.dP.dP.dP.dP.P.T}$PEPTIDE1,PEPTIDE1,1:R1-7:R2$$$",-7.29400000,ok,,flexible
"PEPTIDE1{Me_dA.A.Mono84.dP.dP.dP.dP}$PEPTIDE1,PEPTIDE1,1:R1-7:R2$$$",-7.59400000,ok,,flexible
"PEPTIDE1{Mono6.dP.P.P.P.P.P}$PEPTIDE1,PEPTIDE1,1:R1-7:R2$$$",-7.89700000,ok,,flexible
"PEPTIDE1{dP.meY.P.P.P.dP.dP}$PEPTIDE1,PEPTIDE1,1:R1-7:R2$$$",-7.75200000,ok,,flexible
"PEPTIDE1{Mono6.dP.P.dP.P.dP.D}$PEPTIDE1,PEPTIDE1,1:R1-7:R2$$$",-7.45200000,ok,,flexible
"PEPTIDE1{dF.Mono84.P.P.P.dP.dP}$PEPTIDE1,PEPTIDE1,1:R1-7:R2$$$",-8.40400000,ok,,flexible
"PEPTIDE1{Me_dA.cHexCH2_Gly.P.P.P.dP.P}$PEPTIDE1,PEPTIDE1,1:R1-7:R2$$$",-7.79700000,ok,,flexible
"PEPTIDE1{P.P.dP.P.dP.dP.T}$PEPTIDE1,PEPTIDE1,1:R1-7:R2$$$",-7.47600000,ok,,flexible
"PEPTIDE1{Me_dA.P.Phe(4-CF3).dP.P.dP.P}$PEPTIDE1,PEPTIDE1,1:R1-7:R2$$$",-7.66200000,ok,,flexible
"PEPTIDE1{P.P.dP.P.dP.P.P}$PEPTIDE1,PEPTIDE1,1:R1-7:R2$$$",-8.52700000,ok,,flexible
"PEPTIDE1{P.Phe(4-CF3).P.dP.P.dP.dP}$PEPTIDE1,PEPTIDE1,1:R1-7:R2$$$",-9.37300000,ok,,flexible
"PEPTIDE1{F.A.P.Mono84.dP.dP.dP}$PEPTIDE1,PEPTIDE1,1:R1-7:R2$$$",-8.81700000,ok,,flexible
"PEPTIDE1{F.Mono84.dP.G.P.P.P}$PEPTIDE1,PEPTIDE1,1:R1-7:R2$$$",-8.45000000,ok,,flexible
"PEPTIDE1{Me_dA.Phe(4-CF3).P.dP.P.P.P}$PEPTIDE1,PEPTIDE1,1:R1-7:R2$$$",-7.85500000,ok,,flexible
"PEPTIDE1{Me_dA.dP.Y.P.dP.dP.T}$PEPTIDE1,PEPTIDE1,1:R1-7:R2$$$",-7.05600000,ok,,flexible
"PEPTIDE1{dP.F.Phe(4-CF3).dP.P.P.P}$PEPTIDE1,PEPTIDE1,1:R1-7:R2$$$",-8.10700000,ok,,flexible
"PEPTIDE1{A.P.P.P.dP.dP.dP}$PEPTIDE1,PEPTIDE1,1:R1-7:R2$$$",-8.26600000,ok,,flexible
"PEPTIDE1{Me_dA.F.P.dP.dP.P.P}$PEPTIDE1,PEPTIDE1,1:R1-7:R2$$$",-7.87200000,ok,,flexible
"PEPTIDE1{F.dP.Mono84.P.dP.P.P}$PEPTIDE1,PEPTIDE1,1:R1-7:R2$$$",-8.45300000,ok,,flexible
"PEPTIDE1{Me_dA.P.dP.dP.dP.P.T}$PEPTIDE1,PEPTIDE1,1:R1-7:R2$$$",-7.59000000,ok,,flexible
"PEPTIDE1{dP.dP.P.dP.P.P.P}$PEPTIDE1,PEPTIDE1,1:R1-7:R2$$$",-8.27700000,ok,,flexible
"PEPTIDE1{F.dP.P.P.dP.dP.dP}$PEPTIDE1,PEPTIDE1,1:R1-7:R2$$$",-7.90900000,ok,,flexible
"PEPTIDE1{A.dP.dP.P.dP.T.P}$PEPTIDE1,PEPTIDE1,1:R1-7:R2$$$",-7.28800000,ok,,flexible
"PEPTIDE1{Me_dA.dP.dP.dP.D.P.P}$PEPTIDE1,PEPTIDE1,1:R1-7:R2$$$",-7.21500000,ok,,flexible
"PEPTIDE1{dV.dP.P.dP.dP.P.P}$PEPTIDE1,PEPTIDE1,1:R1-7:R2$$$",-7.36000000,ok,,flexible
"PEPTIDE1{P.dP.P.P.P.P.dP}$PEPTIDE1,PEPTIDE1,1:R1-7:R2$$$",-8.54300000,ok,,flexible
"PEPTIDE1{dF.dP.P.P.dP.P.P}$PEPTIDE1,PEPTIDE1,1:R1-7:R2$$$",-7.96100000,ok,,flexible
"PEPTIDE1{A.D.dP.P.P.P.dP}$PEPTIDE1,PEPTIDE1,1:R1-7:R2$$$",-7.33100000,ok,,flexible
"PEPTIDE1{P.G.Mono84.P.dP.P.dP}$PEPTIDE1,PEPTIDE1,1:R1-7:R2$$$",-7.87500000,ok,,flexible
"PEPTIDE1{P.Y.Mono84.dP.P.dP.dP}$PEPTIDE1,PEPTIDE1,1:R1-7:R2$$$",-8.09500000,ok,,flexible
"PEPTIDE1{dP.P.P.P.dP.D.dP}$PEPTIDE1,PEPTIDE1,1:R1-7:R2$$$",-7.24900000,ok,,flexible
"PEPTIDE1{F.P.P.dP.P.T.dP}$PEPTIDE1,PEPTIDE1,1:R1-7:R2$$$",-6.90400000,ok,,flexible
"PEPTIDE1{F.dP.dP.dP.T.P.D}$PEPTIDE1,PEPTIDE1,1:R1-7:R2$$$",-7.12800000,ok,,flexible
"PEPTIDE1{Me_dA.P.P.dP.P.T.D}$PEPTIDE1,PEPTIDE1,1:R1-7:R2$$$",-7.25300000,ok,,flexible
"PEPTIDE1{Mono6.P.dP.dP.D.P.T}$PEPTIDE1,PEPTIDE1,1:R1-7:R2$$$",-7.05900000,ok,,flexible
"PEPTIDE1{Me_dA.P.P.dP.dP.P.dP}$PEPTIDE1,PEPTIDE1,1:R1-7:R2$$$",-8.22400000,ok,,flexible
"PEPTIDE1{F.L.P.dP.dP.P.P}$PEPTIDE1,PEPTIDE1,1:R1-7:R2$$$",-7.47000000,ok,,flexible
"PEPTIDE1{Me_Bal.dP.dP.G.Y.Mono84.T}$PEPTIDE1,PEPTIDE1,1:R1-7:R2$$$",-7.13900000,ok,,flexible
"PEPTIDE1{Mono6.dP.dP.dP.P.P.dP}$PEPTIDE1,PEPTIDE1,1:R1-7:R2$$$",-7.78200000,ok,,flexible
"PEPTIDE1{dP.F.G.P.dP.P.P}$PEPTIDE1,PEPTIDE1,1:R1-7:R2$$$",-7.51100000,ok,,flexible
"PEPTIDE1{dP.P.dP.P.dP.P.T}$PEPTIDE1,PEPTIDE1,1:R1-7:R2$$$",-7.29900000,ok,,flexible
"PEPTIDE1{A.dP.dP.P.P.dP.T}$PEPTIDE1,PEPTIDE1,1:R1-7:R2$$$",-8.06700000,ok,,flexible
"PEPTIDE1{F.Y.dP.dP.dP.P.P}$PEPTIDE1,PEPTIDE1,1:R1-7:R2$$$",-7.90500000,ok,,flexible
"PEPTIDE1{Me_dA.F.dP.dP.P.dP.P}$PEPTIDE1,PEPTIDE1,1:R1-7:R2$$$",-7.67200000,ok,,flexible
"PEPTIDE1{A.P.P.P.dP.D.P}$PEPTIDE1,PEPTIDE1,1:R1-7:R2$$$",-7.63700000,ok,,flexible
"PEPTIDE1{P.P.P.dP.dP.dP.P}$PEPTIDE1,PEPTIDE1,1:R1-7:R2$$$",-7.92500000,ok,,flexible
"PEPTIDE1{dF.Mono84.P.dP.dP.dP.dP}$PEPTIDE1,PEPTIDE1,1:R1-7:R2$$$",-8.15700000,ok,,flexible
"PEPTIDE1{Me_dA.G.Y.dP.Mono84.dP.dP}$PEPTIDE1,PEPTIDE1,1:R1-7:R2$$$",-7.21600000,ok,,flexible
"PEPTIDE1{dA.dP.dP.P.D.P.P}$PEPTIDE1,PEPTIDE1,1:R1-7:R2$$$",-7.49000000,ok,,flexible
"PEPTIDE1{dP.P.P.P.dP.P.D}$PEPTIDE1,PEPTIDE1,1:R1-7:R2$$$",-8.02900000,ok,,flexible
"PEPTIDE1{P.G.P.dP.P.dP.dP}$PEPTIDE1,PEPTIDE1,1:R1-7:R2$$$",-7.73500000,ok,,flexible
"PEPTIDE1{dA.Y.P.D.P.dP.P}$PEPTIDE1,PEPTIDE1,1:R1-7:R2$$$",-6.76900000,ok,,flexible
"PEPTIDE1{Me_Bal.Phe(4-CF3).F.T.P.dP.P}$PEPTIDE1,PEPTIDE1,1:R1-7:R2$$$",-7.35200000,ok,,flexible
"PEPTIDE1{dA.P.dP.dP.dP.P.P}$PEPTIDE1,PEPTIDE1,1:R1-7:R2$$$",-8.09200000,ok,,flexible
"PEPTIDE1{A.P.dP.dP.P.dP.D}$PEPTIDE1,PEPTIDE1,1:R1-7:R2$$$",-7.08000000,ok,,flexible
"PEPTIDE1{P.G.dP.P.P.dP.dP}$PEPTIDE1,PEPTIDE1,1:R1-7:R2$$$",-7.63800000,ok,,flexible
"PEPTIDE1{P.dP.P.dP.P.dP.D}$PEPTIDE1,PEPTIDE1,1:R1-7:R2$$$",-7.09400000,ok,,flexible
"PEPTIDE1{P.P.dP.dP.P.P.T}$PEPTIDE1,PEPTIDE1,1:R1-7:R2$$$",-7.17000000,ok,,flexible
"PEPTIDE1{F.P.Mono84.dP.Mono84.P.dP}$PEPTIDE1,PEPTIDE1,1:R1-7:R2$$$",-8.09000000,ok,,flexible
"PEPTIDE1{A.P.dP.P.dP.P.D}$PEPTIDE1,PEPTIDE1,1:R1-7:R2$$$",-7.12300000,ok,,flexible
"PEPTIDE1{Me_Bal.G.F.dP.P.Y.Mono84}$PEPTIDE1,PEPTIDE1,1:R1-7:R2$$$",-7.43300000,ok,,flexible
"PEPTIDE1{dA.P.Phe(4-CF3).dP.P.P.T}$PEPTIDE1,PEPTIDE1,1:R1-7:R2$$$",-8.11200000,ok,,flexible
"PEPTIDE1{dV.dP.P.P.P.P.dP}$PEPTIDE1,PEPTIDE1,1:R1-7:R2$$$",-7.47100000,ok,,flexible
"PEPTIDE1{dA.dP.dP.P.dP.T.P}$PEPTIDE1,PEPTIDE1,1:R1-7:R2$$$",-7.43500000,ok,,flexible
"PEPTIDE1{dF.P.dP.dP.P.P.D}$PEPTIDE1,PEPTIDE1,1:R1-7:R2$$$",-7.28500000,ok,,flexible
"PEPTIDE1{Me_dA.Pr_Gly.P.dP.dP.P.P}$PEPTIDE1,PEPTIDE1,1:R1-7:R2$$$",-6.88900000,ok,,flexible
"PEPTIDE1{F.3Pal.dP.P.P.dP.P}$PEPTIDE1,PEPTIDE1,1:R1-7:R2$$$",-6.61900000,ok,,flexible
"PEPTIDE1{A.dP.dP.dP.P.Phe(4-CF3).P}$PEPTIDE1,PEPTIDE1,1:R1-7:R2$$$",-7.34500000,ok,,flexible
"PEPTIDE1{dA.F.P.P.T.Phe(4-CF3).dP}$PEPTIDE1,PEPTIDE1,1:R1-7:R2$$$",-6.89400000,ok,,flexible
"PEPTIDE1{P.dP.dP.dP.Phe(4-CF3).P.T}$PEPTIDE1,PEPTIDE1,1:R1-7:R2$$$",-6.99500000,ok,,flexible
"PEPTIDE1{Me_dA.Phe(4-CF3).P.dP.P.dP.dP}$PEPTIDE1,PEPTIDE1,1:R1-7:R2$$$",-8.19100000,ok,,flexible
"PEPTIDE1{meA.P.P.T.P.dP.dP}$PEPTIDE1,PEPTIDE1,1:R1-7:R2$$$",-7.11800000,ok,,flexible
"PEPTIDE1{dA.P.D.dP.dP.P.P}$PEPTIDE1,PEPTIDE1,1:R1-7:R2$$$",-7.17600000,ok,,flexible
"PEPTIDE1{Mono6.dP.P.P.P.dP.P}$PEPTIDE1,PEPTIDE1,1:R1-7:R2$$$",7.56800000,ok,,flexible
"PEPTIDE1{dF.Mono84.Y.Mono84.P.dP.P}$PEPTIDE1,PEPTIDE1,1:R1-7:R2$$$",-7.10100000,ok,,flexible
"PEPTIDE1{F.dP.P.T.P.Phe(4-CF3).Mono84}$PEPTIDE1,PEPTIDE1,1:R1-7:R2$$$",-6.68300000,ok,,flexible
"PEPTIDE1{F.Y.Mono84.P.P.P.P}$PEPTIDE1,PEPTIDE1,1:R1-7:R2$$$",-7.73800000,ok,,flexible
"PEPTIDE1{dF.3Pal.Asp_piperidide.dP.P.P.dP}$PEPTIDE1,PEPTIDE1,1:R1-7:R2$$$",-7.19900000,ok,,flexible
"PEPTIDE1{P.G.dP.dP.P.dP.P}$PEPTIDE1,PEPTIDE1,1:R1-7:R2$$$",-8.14600000,ok,,flexible
"PEPTIDE1{Mono6.P.dP.dP.P.P.dP}$PEPTIDE1,PEPTIDE1,1:R1-7:R2$$$",-7.67100000,ok,,flexible
"PEPTIDE1{F.G.dP.G.Phe(4-CF3).P.Mono84}$PEPTIDE1,PEPTIDE1,1:R1-7:R2$$$",-7.15000000,ok,,flexible
"PEPTIDE1{Me_dA.Pr_Gly.P.P.dP.dP.P}$PEPTIDE1,PEPTIDE1,1:R1-7:R2$$$",-7.31000000,ok,,flexible
"PEPTIDE1{dA.dP.dP.P.P.P.P}$PEPTIDE1,PEPTIDE1,1:R1-7:R2$$$",-8.45700000,ok,,flexible
"PEPTIDE1{Me_dA.Pr_Gly.P.P.P.dP.dP}$PEPTIDE1,PEPTIDE1,1:R1-7:R2$$$",-7.16900000,ok,,flexible
"PEPTIDE1{P.dP.dP.dP.P.P.P}$PEPTIDE1,PEPTIDE1,1:R1-7:R2$$$",-7.86100000,ok,,flexible
"PEPTIDE1{dV.P.P.P.P.T.dP}$PEPTIDE1,PEPTIDE1,1:R1-7:R2$$$",-7.08800000,ok,,flexible
"PEPTIDE1{dF.D.dP.P.dP.P.dP}$PEPTIDE1,PEPTIDE1,1:R1-7:R2$$$",-7.54100000,ok,,flexible
"PEPTIDE1{P.dP.P.P.dP.dP.dP}$PEPTIDE1,PEPTIDE1,1:R1-7:R2$$$",-8.26600000,ok,,flexible
"PEPTIDE1{dF.P.P.dP.P.P.dP}$PEPTIDE1,PEPTIDE1,1:R1-7:R2$$$",-7.62500000,ok,,flexible
"PEPTIDE1{P.G.dP.P.P.Phe(4-CF3).T}$PEPTIDE1,PEPTIDE1,1:R1-7:R2$$$",-7.62500000,ok,,flexible
"PEPTIDE1{Mono6.F.dP.P.P.P.P}$PEPTIDE1,PEPTIDE1,1:R1-7:R2$$$",-7.98300000,ok,,flexible
"PEPTIDE1{dV.dP.dP.D.dP.T.P}$PEPTIDE1,PEPTIDE1,1:R1-7:R2$$$",-6.86600000,ok,,flexible
"PEPTIDE1{P.G.P.dP.dP.dP.P}$PEPTIDE1,PEPTIDE1,1:R1-7:R2$$$",-7.79900000,ok,,flexible
"PEPTIDE1{Me_dA.Mono84.dP.Mono84.P.dP.P}$PEPTIDE1,PEPTIDE1,1:R1-7:R2$$$",-7.72700000,ok,,flexible
"PEPTIDE1{Mono6.P.P.dP.P.dP.P}$PEPTIDE1,PEPTIDE1,1:R1-7:R2$$$",-8.33300000,ok,,flexible
"PEPTIDE1{Mono6.P.dP.P.dP.P.dP}$PEPTIDE1,PEPTIDE1,1:R1-7:R2$$$",-8.13100000,ok,,flexible
"PEPTIDE1{F.A.dP.P.P.P.dP}$PEPTIDE1,PEPTIDE1,1:R1-7:R2$$$",-7.87400000,ok,,flexible
"PEPTIDE1{dF.P.dP.dP.dP.dP.Phe(4-CF3)}$PEPTIDE1,PEPTIDE1,1:R1-7:R2$$$",-7.56500000,ok,,flexible
"PEPTIDE1{dA.Phe(4-CF3).P.dP.dP.dP.P}$PEPTIDE1,PEPTIDE1,1:R1-7:R2$$$",-8.03300000,ok,,flexible
"PEPTIDE1{Me_dA.dP.P.dP.P.dP.P}$PEPTIDE1,PEPTIDE1,1:R1-7:R2$$$",6.95100000,ok,,flexible
"PEPTIDE1{Mono6.dP.dP.dP.P.T.D}$PEPTIDE1,PEPTIDE1,1:R1-7:R2$$$",-7.26100000,ok,,flexible
"PEPTIDE1{Me_dA.dP.P.P.dP.P.P}$PEPTIDE1,PEPTIDE1,1:R1-7:R2$$$",-7.62100000,ok,,flexible
"PEPTIDE1{Me_dA.F.P.G.Mono84.G.Phe(4-CF3)}$PEPTIDE1,PEPTIDE1,1:R1-7:R2$$$",-7.76800000,ok,,flexible
"PEPTIDE1{F.dP.Mono84.dP.P.P.dP}$PEPTIDE1,PEPTIDE1,1:R1-7:R2$$$",-7.92300000,ok,,flexible
"PEPTIDE1{Me_dA.P.dP.dP.dP.P.dP}$PEPTIDE1,PEPTIDE1,1:R1-7:R2$$$",-7.68200000,ok,,flexible
"PEPTIDE1{meA.P.dP.P.dP.Y.P}$PEPTIDE1,PEPTIDE1,1:R1-7:R2$$$",-7.75200000,ok,,flexible
"PEPTIDE1{Me_dA.F.dP.P.dP.P.dP}$PEPTIDE1,PEPTIDE1,1:R1-7:R2$$$",-6.98500000,ok,,flexible
"PEPTIDE1{P.G.P.P.P.dP.T}$PEPTIDE1,PEPTIDE1,1:R1-7:R2$$$",-7.66900000,ok,,flexible
"PEPTIDE1{P.P.P.dP.P.dP.dP}$PEPTIDE1,PEPTIDE1,1:R1-7:R2$$$",-7.93300000,ok,,flexible
"PEPTIDE1{A.T.P.dP.P.dP.P}$PEPTIDE1,PEPTIDE1,1:R1-7:R2$$$",-7.78400000,ok,,flexible
"PEPTIDE1{P.Y.dP.P.P.dP.dP}$PEPTIDE1,PEPTIDE1,1:R1-7:R2$$$",-8.40100000,ok,,flexible
"PEPTIDE1{dP.P.dP.P.P.P.dP}$PEPTIDE1,PEPTIDE1,1:R1-7:R2$$$",-8.28800000,ok,,flexible
"PEPTIDE1{dA.F.P.dP.P.Mono84.G}$PEPTIDE1,PEPTIDE1,1:R1-7:R2$$$",-8.03100000,ok,,flexible
"PEPTIDE1{Me_dA.dP.P.P.dP.P.T}$PEPTIDE1,PEPTIDE1,1:R1-7:R2$$$",-8.01500000,ok,,flexible
"PEPTIDE1{A.Mono84.P.D.dP.dP.P}$PEPTIDE1,PEPTIDE1,1:R1-7:R2$$$",-6.70700000,ok,,flexible
"PEPTIDE1{P.dP.P.dP.dP.dP.P}$PEPTIDE1,PEPTIDE1,1:R1-7:R2$$$",-7.98000000,ok,,flexible
"PEPTIDE1{dF.dP.P.P.P.dP.P}$PEPTIDE1,PEPTIDE1,1:R1-7:R2$$$",-8.19300000,ok,,flexible
"PEPTIDE1{dP.dP.P.P.P.dP.P}$PEPTIDE1,PEPTIDE1,1:R1-7:R2$$$",-7.93200000,ok,,flexible
"PEPTIDE1{A.dP.P.P.G.T.dP}$PEPTIDE1,PEPTIDE1,1:R1-7:R2$$$",-6.86600000,ok,,flexible
"PEPTIDE1{F.G.dP.P.P.dP.dP}$PEPTIDE1,PEPTIDE1,1:R1-7:R2$$$",-7.52300000,ok,,flexible
"PEPTIDE1{dF.dP.P.P.P.dP.dP}$PEPTIDE1,PEPTIDE1,1:R1-7:R2$$$",-7.84100000,ok,,flexible
"PEPTIDE1{dV.P.P.P.dP.T.dP}$PEPTIDE1,PEPTIDE1,1:R1-7:R2$$$",-6.81900000,ok,,flexible
"PEPTIDE1{Me_dA.P.dP.dP.dP.D.T}$PEPTIDE1,PEPTIDE1,1:R1-7:R2$$$",-7.17300000,ok,,flexible
"PEPTIDE1{Me_dA.dP.Phe(4-CF3).P.P.dP.P}$PEPTIDE1,PEPTIDE1,1:R1-7:R2$$$",-7.52200000,ok,,flexible
"PEPTIDE1{Mono6.P.P.dP.P.P.T}$PEPTIDE1,PEPTIDE1,1:R1-7:R2$$$",-7.58600000,ok,,flexible
"PEPTIDE1{Me_dA.A.P.P.P.dP.P}$PEPTIDE1,PEPTIDE1,1:R1-7:R2$$$",-7.80200000,ok,,flexible
"PEPTIDE1{dA.dP.P.P.dP.dP.T}$PEPTIDE1,PEPTIDE1,1:R1-7:R2$$$",-6.80600000,ok,,flexible
"PEPTIDE1{A.dP.G.T.P.P.dP}$PEPTIDE1,PEPTIDE1,1:R1-7:R2$$$",-8.05600000,ok,,flexible
"PEPTIDE1{dV.P.P.dP.dP.dP.P}$PEPTIDE1,PEPTIDE1,1:R1-7:R2$$$",-7.33100000,ok,,flexible
"PEPTIDE1{P.A.dP.D.P.dP.dP}$PEPTIDE1,PEPTIDE1,1:R1-7:R2$$$",-7.14000000,ok,,flexible
"PEPTIDE1{dF.dP.P.dP.dP.T.dP}$PEPTIDE1,PEPTIDE1,1:R1-7:R2$$$",-6.97000000,ok,,flexible
"PEPTIDE1{Me_dA.meY.dP.dP.P.P.dP}$PEPTIDE1,PEPTIDE1,1:R1-7:R2$$$",-8.25700000,ok,,flexible
"PEPTIDE1{dP.P.dP.dP.D.T.D}$PEPTIDE1,PEPTIDE1,1:R1-7:R2$$$",-6.80000000,ok,,flexible
"PEPTIDE1{F.P.dP.Phe(4-CF3).P.dP.dP}$PEPTIDE1,PEPTIDE1,1:R1-7:R2$$$",-7.48300000,ok,,flexible
"PEPTIDE1{P.dP.dP.P.dP.P.dP}$PEPTIDE1,PEPTIDE1,1:R1-7:R2$$$",-8.11500000,ok,,flexible
"PEPTIDE1{dP.dP.dP.D.P.P.P}$PEPTIDE1,PEPTIDE1,1:R1-7:R2$$$",-7.09500000,ok,,flexible
"PEPTIDE1{P.A.Phe(4-CF3).P.dP.dP.P}$PEPTIDE1,PEPTIDE1,1:R1-7:R2$$$",-7.53600000,ok,,flexible
"PEPTIDE1{Me_Bal.dP.dP.P.dP.P.P}$PEPTIDE1,PEPTIDE1,1:R1-7:R2$$$",-7.81600000,ok,,flexible
"PEPTIDE1{dP.G.T.dP.P.F.Y}$PEPTIDE1,PEPTIDE1,1:R1-7:R2$$$",-6.79200000,ok,,flexible
"PEPTIDE1{P.dP.P.P.dP.P.T}$PEPTIDE1,PEPTIDE1,1:R1-7:R2$$$",-7.41600000,ok,,flexible
"PEPTIDE1{P.Y.P.dP.P.dP.dP}$PEPTIDE1,PEPTIDE1,1:R1-7:R2$$$",-7.60100000,ok,,flexible
"PEPTIDE1{F.P.P.dP.P.P.P}$PEPTIDE1,PEPTIDE1,1:R1-7:R2$$$",-7.36500000,ok,,flexible
"PEPTIDE1{P.dP.P.P.P.dP.T}$PEPTIDE1,PEPTIDE1,1:R1-7:R2$$$",-8.17200000,ok,,flexible
"PEPTIDE1{A.P.dP.P.P.dP.dP}$PEPTIDE1,PEPTIDE1,1:R1-7:R2$$$",-7.88800000,ok,,flexible
"PEPTIDE1{Me_dA.G.Y.dP.P.P.dP}$PEPTIDE1,PEPTIDE1,1:R1-7:R2$$$",-7.34400000,ok,,flexible
"PEPTIDE1{P.F.P.G.Mono84.dP.Mono84}$PEPTIDE1,PEPTIDE1,1:R1-7:R2$$$",-7.32000000,ok,,flexible
"PEPTIDE1{A.P.dP.D.P.P.P}$PEPTIDE1,PEPTIDE1,1:R1-7:R2$$$",-7.20300000,ok,,flexible
"PEPTIDE1{dA.dP.P.dP.P.Phe(4-CF3).P}$PEPTIDE1,PEPTIDE1,1:R1-7:R2$$$",-7.69100000,ok,,flexible
"PEPTIDE1{Me_dA.Phe(4-CF3).dP.P.dP.dP.P}$PEPTIDE1,PEPTIDE1,1:R1-7:R2$$$",-7.41800000,ok,,flexible
"PEPTIDE1{Me_dA.Mono84.P.Mono84.P.dP.P}$PEPTIDE1,PEPTIDE1,1:R1-7:R2$$$",-7.60600000,ok,,flexible
"PEPTIDE1{Me_dA.G.T.dP.dP.P.P}$PEPTIDE1,PEPTIDE1,1:R1-7:R2$$$",-7.41600000,ok,,flexible
"PEPTIDE1{Me_dA.F.dP.P.T.P.P}$PEPTIDE1,PEPTIDE1,1:R1-7:R2$$$",-6.91800000,ok,,flexible
"PEPTIDE1{Mono6.P.P.P.P.T.dP}$PEPTIDE1,PEPTIDE1,1:R1-7:R2$$$",-8.05000000,ok,,flexible
"PEPTIDE1{F.P.dP.P.P.P.P}$PEPTIDE1,PEPTIDE1,1:R1-7:R2$$$",-7.54800000,ok,,flexible
"PEPTIDE1{Me_dA.dP.dP.dP.P.P.D}$PEPTIDE1,PEPTIDE1,1:R1-7:R2$$$",-7.53000000,ok,,flexible
"PEPTIDE1{dV.P.P.dP.P.dP.P}$PEPTIDE1,PEPTIDE1,1:R1-7:R2$$$",-7.38800000,ok,,flexible
"PEPTIDE1{Me_Bal.P.dP.Mono84.P.P.P}$PEPTIDE1,PEPTIDE1,1:R1-7:R2$$$",-7.78800000,ok,,flexible
"PEPTIDE1{dF.P.dP.dP.P.T.D}$PEPTIDE1,PEPTIDE1,1:R1-7:R2$$$",-6.50600000,ok,,flexible
"PEPTIDE1{A.P.dP.P.P.D.dP}$PEPTIDE1,PEPTIDE1,1:R1-7:R2$$$",-7.43500000,ok,,flexible
"PEPTIDE1{dA.P.P.dP.P.T.dP}$PEPTIDE1,PEPTIDE1,1:R1-7:R2$$$",-7.18700000,ok,,flexible
"PEPTIDE1{F.Mono84.Y.dP.dP.dP.T}$PEPTIDE1,PEPTIDE1,1:R1-7:R2$$$",-6.95800000,ok,,flexible
"PEPTIDE1{A.Mono84.T.dP.Y.P.dP}$PEPTIDE1,PEPTIDE1,1:R1-7:R2$$$",-7.82100000,ok,,flexible
"PEPTIDE1{P.Phe(4-CF3).P.P.P.dP.P}$PEPTIDE1,PEPTIDE1,1:R1-7:R2$$$",-7.38200000,ok,,flexible
"PEPTIDE1{dA.dP.dP.dP.P.P.D}$PEPTIDE1,PEPTIDE1,1:R1-7:R2$$$",-7.24800000,ok,,flexible
"PEPTIDE1{dF.dP.Mono84.P.P.dP.P}$PEPTIDE1,PEPTIDE1,1:R1-7:R2$$$",-6.71700000,ok,,flexible
"PEPTIDE1{A.P.dP.P.dP.P.Phe(4-CF3)}$PEPTIDE1,PEPTIDE1,1:R1-7:R2$$$",-7.82800000,ok,,flexible
"PEPTIDE1{F.P.dP.dP.dP.P.dP}$PEPTIDE1,PEPTIDE1,1:R1-7:R2$$$",-7.54900000,ok,,flexible
"PEPTIDE1{dA.P.dP.dP.P.dP.P}$PEPTIDE1,PEPTIDE1,1:R1-7:R2$$$",-7.86300000,ok,,flexible
"PEPTIDE1{P.P.dP.P.dP.P.dP}$PEPTIDE1,PEPTIDE1,1:R1-7:R2$$$",-8.02900000,ok,,flexible
"PEPTIDE1{F.Y.Mono84.P.dP.P.dP}$PEPTIDE1,PEPTIDE1,1:R1-7:R2$$$",-7.40400000,ok,,flexible
"PEPTIDE1{meL.P.P.P.P.dP.dP}$PEPTIDE1,PEPTIDE1,1:R1-7:R2$$$",-7.89600000,ok,,flexible
"PEPTIDE1{dP.P.Y.dP.P.P.Phe(4-CF3)}$PEPTIDE1,PEPTIDE1,1:R1-7:R2$$$",-7.06300000,ok,,flexible
"PEPTIDE1{A.G.dP.P.P.P.P}$PEPTIDE1,PEPTIDE1,1:R1-7:R2$$$",-7.57200000,ok,,flexible
"PEPTIDE1{F.Mono84.G.P.P.T.dP}$PEPTIDE1,PEPTIDE1,1:R1-7:R2$$$",-7.41200000,ok,,flexible
"PEPTIDE1{L.dP.P.P.dP.P.P}$PEPTIDE1,PEPTIDE1,1:R1-7:R2$$$",-7.47500000,ok,,flexible
"PEPTIDE1{A.cHexCH2_Gly.Y.P.dP.dP.P}$PEPTIDE1,PEPTIDE1,1:R1-7:R2$$$",-7.39600000,ok,,flexible
"PEPTIDE1{A.dP.P.P.dP.D.P}$PEPTIDE1,PEPTIDE1,1:R1-7:R2$$$",-7.18700000,ok,,flexible
"PEPTIDE1{dA.G.P.dP.dP.dP.P}$PEPTIDE1,PEPTIDE1,1:R1-7:R2$$$",-7.93900000,ok,,flexible
"PEPTIDE1{A.Phe(4-CF3).P.dP.P.dP.dP}$PEPTIDE1,PEPTIDE1,1:R1-7:R2$$$",-7.56900000,ok,,flexible
"PEPTIDE1{Me_dA.P.T.dP.P.P.P}$PEPTIDE1,PEPTIDE1,1:R1-7:R2$$$",-7.32100000,ok,,flexible
"PEPTIDE1{A.dP.dP.P.P.dP.dP}$PEPTIDE1,PEPTIDE1,1:R1-7:R2$$$",-7.55800000,ok,,flexible
"PEPTIDE1{dP.dP.P.P.P.D.dP}$PEPTIDE1,PEPTIDE1,1:R1-7:R2$$$",-7.35900000,ok,,flexible
"PEPTIDE1{Me_dA.P.P.dP.dP.dP.T}$PEPTIDE1,PEPTIDE1,1:R1-7:R2$$$",-7.66900000,ok,,flexible
"PEPTIDE1{F.Y.G.P.dP.dP.dP}$PEPTIDE1,PEPTIDE1,1:R1-7:R2$$$",-7.38700000,ok,,flexible
"PEPTIDE1{dA.P.dP.dP.dP.D.T}$PEPTIDE1,PEPTIDE1,1:R1-7:R2$$$",-8.54300000,ok,,flexible
"PEPTIDE1{dF.P.P.P.P.T.dP}$PEPTIDE1,PEPTIDE1,1:R1-7:R2$$$",-7.70000000,ok,,flexible
"PEPTIDE1{dP.P.dP.P.dP.dP.P}$PEPTIDE1,PEPTIDE1,1:R1-7:R2$$$",-8.10900000,ok,,flexible
"PEPTIDE1{P.dP.P.P.P.D.dP}$PEPTIDE1,PEPTIDE1,1:R1-7:R2$$$",-7.75400000,ok,,flexible
"PEPTIDE1{A.P.dP.P.P.P.T}$PEPTIDE1,PEPTIDE1,1:R1-7:R2$$$",-7.69600000,ok,,flexible
"PEPTIDE1{dA.P.F.A.Mono84.P.dP}$PEPTIDE1,PEPTIDE1,1:R1-7:R2$$$",-7.13900000,ok,,flexible
"PEPTIDE1{P.G.dP.dP.dP.P.Phe(4-CF3)}$PEPTIDE1,PEPTIDE1,1:R1-7:R2$$$",-7.47000000,ok,,flexible
"PEPTIDE1{dA.P.dP.dP.dP.dP.P}$PEPTIDE1,PEPTIDE1,1:R1-7:R2$$$",-7.87300000,ok,,flexible
"PEPTIDE1{Me_Bal.P.dP.dP.P.P.P}$PEPTIDE1,PEPTIDE1,1:R1-7:R2$$$",-8.29900000,ok,,flexible
"PEPTIDE1{P.dP.Mono84.P.P.dP.dP}$PEPTIDE1,PEPTIDE1,1:R1-7:R2$$$",-8.59200000,ok,,flexible
"PEPTIDE1{Me_dA.P.dP.P.P.P.dP}$PEPTIDE1,PEPTIDE1,1:R1-7:R2$$$",-7.57100000,ok,,flexible
"PEPTIDE1{dF.P.dP.Y.P.dP.dP}$PEPTIDE1,PEPTIDE1,1:R1-7:R2$$$",-7.97300000,ok,,flexible
"PEPTIDE1{P.P.P.dP.dP.D.P}$PEPTIDE1,PEPTIDE1,1:R1-7:R2$$$",-7.03800000,ok,,flexible
"PEPTIDE1{P.P.P.dP.P.P.D}$PEPTIDE1,PEPTIDE1,1:R1-7:R2$$$",-6.99600000,ok,,flexible
"PEPTIDE1{P.dP.dP.P.dP.D.P}$PEPTIDE1,PEPTIDE1,1:R1-7:R2$$$",-7.02300000,ok,,flexible
"PEPTIDE1{dF.dP.dP.dP.P.dP.T}$PEPTIDE1,PEPTIDE1,1:R1-7:R2$$$",-8.00700000,ok,,flexible
"PEPTIDE1{P.G.dP.dP.dP.P.P}$PEPTIDE1,PEPTIDE1,1:R1-7:R2$$$",-7.83000000,ok,,flexible
"PEPTIDE1{Me_dA.dP.P.dP.dP.dP.P}$PEPTIDE1,PEPTIDE1,1:R1-7:R2$$$",-7.75700000,ok,,flexible
"PEPTIDE1{dV.dP.P.dP.P.P.P}$PEPTIDE1,PEPTIDE1,1:R1-7:R2$$$",-7.80600000,ok,,flexible
"PEPTIDE1{Me_dA.Y.dP.P.dP.dP.P}$PEPTIDE1,PEPTIDE1,1:R1-7:R2$$$",-7.31500000,ok,,flexible
"PEPTIDE1{P.F.P.dP.dP.dP.P}$PEPTIDE1,PEPTIDE1,1:R1-7:R2$$$",-7.94600000,ok,,flexible
"PEPTIDE1{A.P.Y.P.dP.P.dP}$PEPTIDE1,PEPTIDE1,1:R1-7:R2$$$",-7.55200000,ok,,flexible
"PEPTIDE1{F.dP.P.P.dP.dP.T}$PEPTIDE1,PEPTIDE1,1:R1-7:R2$$$",-7.55900000,ok,,flexible
"PEPTIDE1{A.P.dP.dP.dP.P.P}$PEPTIDE1,PEPTIDE1,1:R1-7:R2$$$",-7.92800000,ok,,flexible
"PEPTIDE1{A.dP.P.dP.P.P.T}$PEPTIDE1,PEPTIDE1,1:R1-7:R2$$$",-7.49800000,ok,,flexible
"PEPTIDE1{F.dP.Mono84.dP.T.dP.dP}$PEPTIDE1,PEPTIDE1,1:R1-7:R2$$$",-7.47000000,ok,,flexible
"PEPTIDE1{A.Y.dP.P.P.dP.dP}$PEPTIDE1,PEPTIDE1,1:R1-7:R2$$$",-7.81300000,ok,,flexible
"PEPTIDE1{Me_dA.P.dP.dP.dP.P.Phe(4-CF3)}$PEPTIDE1,PEPTIDE1,1:R1-7:R2$$$",-8.63000000,ok,,flexible
"PEPTIDE1{Me_dA.dP.dP.P.dP.D.T}$PEPTIDE1,PEPTIDE1,1:R1-7:R2$$$",-7.36300000,ok,,flexible
"PEPTIDE1{Me_Bal.P.P.dP.dP.dP.P}$PEPTIDE1,PEPTIDE1,1:R1-7:R2$$$",-8.34400000,ok,,flexible
"PEPTIDE1{P.F.Mono84.Mono84.G.Phe(4-CF3).T}$PEPTIDE1,PEPTIDE1,1:R1-7:R2$$$",-7.66000000,ok,,flexible
"PEPTIDE1{F.G.P.P.dP.P.dP}$PEPTIDE1,PEPTIDE1,1:R1-7:R2$$$",-7.17500000,ok,,flexible
"PEPTIDE1{F.pentyl_Gly.dP.dP.P.P.dP}$PEPTIDE1,PEPTIDE1,1:R1-7:R2$$$",-7.34200000,ok,,flexible
"PEPTIDE1{F.dP.T.P.Mono84.G.dP}$PEPTIDE1,PEPTIDE1,1:R1-7:R2$$$",-7.05200000,ok,,flexible
"PEPTIDE1{dP.P.dP.dP.P.D.T}$PEPTIDE1,PEPTIDE1,1:R1-7:R2$$$",-6.78000000,ok,,flexible
"PEPTIDE1{Mono6.P.dP.P.G.T.dP}$PEPTIDE1,PEPTIDE1,1:R1-7:R2$$$",-7.57900000,ok,,flexible
"PEPTIDE1{dV.dP.dP.D.T.dP.P}$PEPTIDE1,PEPTIDE1,1:R1-7:R2$$$",-6.83300000,ok,,flexible
"PEPTIDE1{P.G.dP.dP.dP.Phe(4-CF3).P}$PEPTIDE1,PEPTIDE1,1:R1-7:R2$$$",-7.35800000,ok,,flexible
"PEPTIDE1{P.Phe(4-CF3).P.dP.P.P.dP}$PEPTIDE1,PEPTIDE1,1:R1-7:R2$$$",-8.34900000,ok,,flexible
"PEPTIDE1{dP.Y.P.P.P.D.dP}$PEPTIDE1,PEPTIDE1,1:R1-7:R2$$$",-6.72300000,ok,,flexible
"PEPTIDE1{A.dP.dP.P.T.P.P}$PEPTIDE1,PEPTIDE1,1:R1-7:R2$$$",-7.46200000,ok,,flexible
"PEPTIDE1{A.dP.dP.Y.P.P.dP}$PEPTIDE1,PEPTIDE1,1:R1-7:R2$$$",-7.96200000,ok,,flexible
"PEPTIDE1{dA.P.dP.P.dP.dP.P}$PEPTIDE1,PEPTIDE1,1:R1-7:R2$$$",-7.86100000,ok,,flexible
"PEPTIDE1{A.F.P.dP.P.dP.dP}$PEPTIDE1,PEPTIDE1,1:R1-7:R2$$$",-7.76900000,ok,,flexible
"PEPTIDE1{P.P.P.dP.dP.P.dP}$PEPTIDE1,PEPTIDE1,1:R1-7:R2$$$",-8.30800000,ok,,flexible
"PEPTIDE1{meA.P.P.P.Y.dP.P}$PEPTIDE1,PEPTIDE1,1:R1-7:R2$$$",-8.32500000,ok,,flexible
"PEPTIDE1{A.Phe(4-CF3).P.P.dP.dP.dP}$PEPTIDE1,PEPTIDE1,1:R1-7:R2$$$",-7.47100000,ok,,flexible
"PEPTIDE1{A.dP.F.P.T.G.Mono84}$PEPTIDE1,PEPTIDE1,1:R1-7:R2$$$",-7.14000000,ok,,flexible
"PEPTIDE1{F.Y.dP.P.dP.dP.dP}$PEPTIDE1,PEPTIDE1,1:R1-7:R2$$$",-6.51300000,ok,,flexible
"PEPTIDE1{dP.dP.P.D.T.P.P}$PEPTIDE1,PEPTIDE1,1:R1-7:R2$$$",-7.40400000,ok,,flexible
"PEPTIDE1{Mono6.G.P.dP.dP.P.dP}$PEPTIDE1,PEPTIDE1,1:R1-7:R2$$$",-7.74200000,ok,,flexible
"PEPTIDE1{dF.dP.P.dP.P.dP.P}$PEPTIDE1,PEPTIDE1,1:R1-7:R2$$$",-8.05800000,ok,,flexible
"PEPTIDE1{F.G.P.dP.P.dP.P}$PEPTIDE1,PEPTIDE1,1:R1-7:R2$$$",-7.64300000,ok,,flexible
"PEPTIDE1{dV.P.dP.dP.P.dP.D}$PEPTIDE1,PEPTIDE1,1:R1-7:R2$$$",-7.03300000,ok,,flexible
"PEPTIDE1{dA.dP.P.dP.D.T.P}$PEPTIDE1,PEPTIDE1,1:R1-7:R2$$$",-6.36800000,ok,,flexible
"PEPTIDE1{dF.G.P.dP.P.P.dP}$PEPTIDE1,PEPTIDE1,1:R1-7:R2$$$",-7.67100000,ok,,flexible
"PEPTIDE1{A.P.dP.dP.dP.D.T}$PEPTIDE1,PEPTIDE1,1:R1-7:R2$$$",-6.75900000,ok,,flexible
"PEPTIDE1{dF.dP.P.P.dP.T.D}$PEPTIDE1,PEPTIDE1,1:R1-7:R2$$$",-7.28200000,ok,,flexible
"PEPTIDE1{dA.D.P.P.P.P.dP}$PEPTIDE1,PEPTIDE1,1:R1-7:R2$$$",-7.09700000,ok,,flexible
"PEPTIDE1{dP.P.Phe(4-CF3).P.P.P.D}$PEPTIDE1,PEPTIDE1,1:R1-7:R2$$$",-7.35100000,ok,,flexible
"PEPTIDE1{P.P.dP.Y.dP.P.dP}$PEPTIDE1,PEPTIDE1,1:R1-7:R2$$$",-8.15000000,ok,,flexible
"PEPTIDE1{F.G.P.dP.dP.P.P}$PEPTIDE1,PEPTIDE1,1:R1-7:R2$$$",-7.68300000,ok,,flexible
"PEPTIDE1{dA.T.P.P.P.dP.P}$PEPTIDE1,PEPTIDE1,1:R1-7:R2$$$",-7.12200000,ok,,flexible
"PEPTIDE1{dP.P.P.P.D.dP.dP}$PEPTIDE1,PEPTIDE1,1:R1-7:R2$$$",-7.33700000,ok,,flexible
"PEPTIDE1{A.P.P.dP.P.dP.P}$PEPTIDE1,PEPTIDE1,1:R1-7:R2$$$",-8.29000000,ok,,flexible
"PEPTIDE1{F.Mono84.T.P.dP.P.P}$PEPTIDE1,PEPTIDE1,1:R1-7:R2$$$",-7.85400000,ok,,flexible
"PEPTIDE1{Me_dA.A.P.P.P.dP.dP}$PEPTIDE1,PEPTIDE1,1:R1-7:R2$$$",-8.20600000,ok,,flexible
"PEPTIDE1{A.P.P.P.dP.P.dP}$PEPTIDE1,PEPTIDE1,1:R1-7:R2$$$",-7.57000000,ok,,flexible
"PEPTIDE1{A.dP.Y.P.dP.P.P}$PEPTIDE1,PEPTIDE1,1:R1-7:R2$$$",-7.62000000,ok,,flexible
"PEPTIDE1{dA.dP.P.dP.dP.T.P}$PEPTIDE1,PEPTIDE1,1:R1-7:R2$$$",-7.47200000,ok,,flexible
"PEPTIDE1{dP.meY.Y.dP.P.dP.dP}$PEPTIDE1,PEPTIDE1,1:R1-7:R2$$$",-7.33700000,ok,,flexible
"PEPTIDE1{P.dP.G.P.F.Y.Mono84}$PEPTIDE1,PEPTIDE1,1:R1-7:R2$$$",-6.88200000,ok,,flexible
"PEPTIDE1{dP.dP.Y.P.P.P.dP}$PEPTIDE1,PEPTIDE1,1:R1-7:R2$$$",-8.49900000,ok,,flexible
"PEPTIDE1{dF.G.dP.dP.dP.T.P}$PEPTIDE1,PEPTIDE1,1:R1-7:R2$$$",-8.05000000,ok,,flexible
"PEPTIDE1{dA.dP.P.P.P.dP.dP}$PEPTIDE1,PEPTIDE1,1:R1-7:R2$$$",-8.02700000,ok,,flexible
"PEPTIDE1{Mono6.P.P.dP.P.P.P}$PEPTIDE1,PEPTIDE1,1:R1-7:R2$$$",-7.79900000,ok,,flexible
"PEPTIDE1{dF.G.dP.dP.P.P.P}$PEPTIDE1,PEPTIDE1,1:R1-7:R2$$$",-7.58600000,ok,,flexible
"PEPTIDE1{F.Mono84.P.P.P.dP.T}$PEPTIDE1,PEPTIDE1,1:R1-7:R2$$$",-7.78100000,ok,,flexible
"PEPTIDE1{dF.P.P.P.P.dP.P}$PEPTIDE1,PEPTIDE1,1:R1-7:R2$$$",-7.35800000,ok,,flexible
"PEPTIDE1{A.P.P.P.P.dP.dP}$PEPTIDE1,PEPTIDE1,1:R1-7:R2$$$",-7.50900000,ok,,flexible
"PEPTIDE1{dF.Y.dP.dP.P.dP.dP}$PEPTIDE1,PEPTIDE1,1:R1-7:R2$$$",-7.24800000,ok,,flexible
"PEPTIDE1{P.P.dP.dP.dP.P.T}$PEPTIDE1,PEPTIDE1,1:R1-7:R2$$$",-7.31000000,ok,,flexible
"PEPTIDE1{F.P.dP.P.dP.P.dP}$PEPTIDE1,PEPTIDE1,1:R1-7:R2$$$",-7.59000000,ok,,flexible
"PEPTIDE1{P.dP.dP.P.P.dP.dP}$PEPTIDE1,PEPTIDE1,1:R1-7:R2$$$",-8.88500000,ok,,flexible
"PEPTIDE1{Mono6.Mono84.P.P.dP.dP.T}$PEPTIDE1,PEPTIDE1,1:R1-7:R2$$$",-7.56800000,ok,,flexible
"PEPTIDE1{F.cHexCH2_Gly.dP.P.P.P.dP}$PEPTIDE1,PEPTIDE1,1:R1-7:R2$$$",-7.20000000,ok,,flexible
"PEPTIDE1{F.G.Y.dP.P.dP.P}$PEPTIDE1,PEPTIDE1,1:R1-7:R2$$$",-8.19100000,ok,,flexible
"PEPTIDE1{Me_dA.Y.P.dP.P.dP.dP}$PEPTIDE1,PEPTIDE1,1:R1-7:R2$$$",-7.23700000,ok,,flexible
"PEPTIDE1{dP.dP.P.P.D.P.T}$PEPTIDE1,PEPTIDE1,1:R1-7:R2$$$",-6.91300000,ok,,flexible
"PEPTIDE1{A.dP.dP.P.dP.T.D}$PEPTIDE1,PEPTIDE1,1:R1-7:R2$$$",-7.12300000,ok,,flexible
"PEPTIDE1{Me_dA.P.dP.dP.dP.P.D}$PEPTIDE1,PEPTIDE1,1:R1-7:R2$$$",-6.89500000,ok,,flexible
"PEPTIDE1{A.F.P.P.dP.P.dP}$PEPTIDE1,PEPTIDE1,1:R1-7:R2$$$",-7.45000000,ok,,flexible
"PEPTIDE1{P.G.meL.D.P.P.dP}$PEPTIDE1,PEPTIDE1,1:R1-7:R2$$$",-6.71600000,ok,,flexible
"PEPTIDE1{A.P.P.P.T.dP.D}$PEPTIDE1,PEPTIDE1,1:R1-7:R2$$$",-7.23700000,ok,,flexible
"PEPTIDE1{P.Phe(4-CF3).dP.P.dP.dP.P}$PEPTIDE1,PEPTIDE1,1:R1-7:R2$$$",-7.97900000,ok,,flexible
"PEPTIDE1{A.dP.F.dP.Mono84.P.P}$PEPTIDE1,PEPTIDE1,1:R1-7:R2$$$",-7.58400000,ok,,flexible
"PEPTIDE1{dF.T.P.P.dP.dP.dP}$PEPTIDE1,PEPTIDE1,1:R1-7:R2$$$",-7.16400000,ok,,flexible
"PEPTIDE1{A.G.dP.dP.P.dP.P}$PEPTIDE1,PEPTIDE1,1:R1-7:R2$$$",-8.02000000,ok,,flexible
"PEPTIDE1{Mono6.dP.dP.dP.P.P.D}$PEPTIDE1,PEPTIDE1,1:R1-7:R2$$$",-7.52300000,ok,,flexible
"PEPTIDE1{dF.3Pal.P.dP.P.P.dP}$PEPTIDE1,PEPTIDE1,1:R1-7:R2$$$",-7.84800000,ok,,flexible
"PEPTIDE1{dF.dP.dP.P.dP.P.T}$PEPTIDE1,PEPTIDE1,1:R1-7:R2$$$",-7.94800000,ok,,flexible
"PEPTIDE1{Me_dA.P.dP.dP.P.dP.T}$PEPTIDE1,PEPTIDE1,1:R1-7:R2$$$",-7.64700000,ok,,flexible
"PEPTIDE1{P.F.P.dP.dP.P.Phe(4-CF3)}$PEPTIDE1,PEPTIDE1,1:R1-7:R2$$$",-8.02900000,ok,,flexible
"PEPTIDE1{dA.F.dP.D.P.dP.dP}$PEPTIDE1,PEPTIDE1,1:R1-7:R2$$$",-7.34100000,ok,,flexible
"PEPTIDE1{F.F.Mono84.dP.T.dP.dP}$PEPTIDE1,PEPTIDE1,1:R1-7:R2$$$",-7.48200000,ok,,flexible
"PEPTIDE1{dP.P.dP.dP.D.P.P}$PEPTIDE1,PEPTIDE1,1:R1-7:R2$$$",-7.18300000,ok,,flexible
"PEPTIDE1{Me_dA.P.dP.P.dP.P.D}$PEPTIDE1,PEPTIDE1,1:R1-7:R2$$$",-7.37800000,ok,,flexible
"PEPTIDE1{A.F.dP.P.P.dP.P}$PEPTIDE1,PEPTIDE1,1:R1-7:R2$$$",-7.59000000,ok,,flexible
"PEPTIDE1{A.P.P.P.dP.dP.T}$PEPTIDE1,PEPTIDE1,1:R1-7:R2$$$",-7.16600000,ok,,flexible
"PEPTIDE1{dP.dP.dP.P.P.P.P}$PEPTIDE1,PEPTIDE1,1:R1-7:R2$$$",-7.94300000,ok,,flexible
"PEPTIDE1{dP.dP.P.dP.P.P.D}$PEPTIDE1,PEPTIDE1,1:R1-7:R2$$$",-7.11000000,ok,,flexible
"PEPTIDE1{dP.dP.P.dP.P.Y.Phe(4-CF3)}$PEPTIDE1,PEPTIDE1,1:R1-7:R2$$$",-8.04200000,ok,,flexible
"PEPTIDE1{dP.G.dP.dP.P.P.P}$PEPTIDE1,PEPTIDE1,1:R1-7:R2$$$",-7.81100000,ok,,flexible
"PEPTIDE1{F.dP.dP.dP.P.dP.P}$PEPTIDE1,PEPTIDE1,1:R1-7:R2$$$",-7.88200000,ok,,flexible
"PEPTIDE1{A.dP.F.dP.P.P.dP}$PEPTIDE1,PEPTIDE1,1:R1-7:R2$$$",-7.84100000,ok,,flexible
"PEPTIDE1{A.P.dP.P.dP.T.P}$PEPTIDE1,PEPTIDE1,1:R1-7:R2$$$",-7.38300000,ok,,flexible
"PEPTIDE1{F.Y.P.dP.dP.P.P}$PEPTIDE1,PEPTIDE1,1:R1-7:R2$$$",-8.69000000,ok,,flexible
"PEPTIDE1{Me_dA.dP.dP.P.dP.T.P}$PEPTIDE1,PEPTIDE1,1:R1-7:R2$$$",-7.28200000,ok,,flexible
"PEPTIDE1{F.3Pal.dP.Mono84.P.dP.dP}$PEPTIDE1,PEPTIDE1,1:R1-7:R2$$$",-7.51500000,ok,,flexible
"PEPTIDE1{dV.P.P.dP.P.P.T}$PEPTIDE1,PEPTIDE1,1:R1-7:R2$$$",-7.06500000,ok,,flexible
"PEPTIDE1{Me_dA.Phe(4-CF3).P.dP.P.P.dP}$PEPTIDE1,PEPTIDE1,1:R1-7:R2$$$",-7.31100000,ok,,flexible
"PEPTIDE1{dV.P.dP.P.dP.D.P}$PEPTIDE1,PEPTIDE1,1:R1-7:R2$$$",-7.06100000,ok,,flexible
"PEPTIDE1{dV.P.dP.dP.P.D.P}$PEPTIDE1,PEPTIDE1,1:R1-7:R2$$$",-7.03400000,ok,,flexible
"PEPTIDE1{P.dP.P.P.dP.P.dP}$PEPTIDE1,PEPTIDE1,1:R1-7:R2$$$",-7.92900000,ok,,flexible
"PEPTIDE1{dF.Mono84.P.dP.P.dP.dP}$PEPTIDE1,PEPTIDE1,1:R1-7:R2$$$",-7.93100000,ok,,flexible
"PEPTIDE1{dV.dP.P.dP.P.D.T}$PEPTIDE1,PEPTIDE1,1:R1-7:R2$$$",-6.93100000,ok,,flexible
"PEPTIDE1{Mono6.D.P.dP.dP.T.dP}$PEPTIDE1,PEPTIDE1,1:R1-7:R2$$$",-6.49800000,ok,,flexible
"PEPTIDE1{A.P.dP.P.dP.dP.D}$PEPTIDE1,PEPTIDE1,1:R1-7:R2$$$",-7.73100000,ok,,flexible
"PEPTIDE1{dP.dP.P.P.P.P.D}$PEPTIDE1,PEPTIDE1,1:R1-7:R2$$$",-7.55500000,ok,,flexible
"PEPTIDE1{Me_dA.dP.P.Y.dP.Phe(4-CF3).Mono84}$PEPTIDE1,PEPTIDE1,1:R1-7:R2$$$",-7.86200000,ok,,flexible
"PEPTIDE1{Mono6.dP.P.dP.P.dP.dP}$PEPTIDE1,PEPTIDE1,1:R1-7:R2$$$",-7.99500000,ok,,flexible
"PEPTIDE1{Me_Bal.G.Mono84.P.dP.dP.P}$PEPTIDE1,PEPTIDE1,1:R1-7:R2$$$",-7.81600000,ok,,flexible
"PEPTIDE1{P.Phe(4-CF3).dP.dP.dP.dP.P}$PEPTIDE1,PEPTIDE1,1:R1-7:R2$$$",-8.00500000,ok,,flexible
"PEPTIDE1{F.Mono84.3Pal.P.dP.dP.P}$PEPTIDE1,PEPTIDE1,1:R1-7:R2$$$",-8.46700000,ok,,flexible
"PEPTIDE1{Me_dA.P.dP.Mono84.P.dP.meY}$PEPTIDE1,PEPTIDE1,1:R1-7:R2$$$",-7.35300000,ok,,flexible
"PEPTIDE1{F.T.P.dP.Phe(4-CF3).dP.P}$PEPTIDE1,PEPTIDE1,1:R1-7:R2$$$",-7.69700000,ok,,flexible
"PEPTIDE1{Me_dA.dP.dP.P.P.P.dP}$PEPTIDE1,PEPTIDE1,1:R1-7:R2$$$",-8.05300000,ok,,flexible
"PEPTIDE1{A.Me_dAbu.dP.P.dP.P.P}$PEPTIDE1,PEPTIDE1,1:R1-7:R2$$$",-7.79400000,ok,,flexible
"PEPTIDE1{Mono6.P.dP.dP.dP.T.P}$PEPTIDE1,PEPTIDE1,1:R1-7:R2$$$",-7.39500000,ok,,flexible
"PEPTIDE1{A.T.dP.dP.P.P.dP}$PEPTIDE1,PEPTIDE1,1:R1-7:R2$$$",-7.60800000,ok,,flexible
"PEPTIDE1{Me_dA.P.P.dP.dP.dP.D}$PEPTIDE1,PEPTIDE1,1:R1-7:R2$$$",-7.41100000,ok,,flexible
"PEPTIDE1{Me_dA.P.Phe(4-CF3).P.dP.P.dP}$PEPTIDE1,PEPTIDE1,1:R1-7:R2$$$",-7.82600000,ok,,flexible
"PEPTIDE1{Mono6.P.dP.dP.P.P.D}$PEPTIDE1,PEPTIDE1,1:R1-7:R2$$$",-6.65000000,ok,,flexible
"PEPTIDE1{dA.P.Y.dP.Mono84.dP.P}$PEPTIDE1,PEPTIDE1,1:R1-7:R2$$$",-7.67500000,ok,,flexible
"PEPTIDE1{A.T.P.Mono84.P.Y.P}$PEPTIDE1,PEPTIDE1,1:R1-7:R2$$$",-7.37800000,ok,,flexible
"PEPTIDE1{Mono6.dP.dP.T.P.dP.P}$PEPTIDE1,PEPTIDE1,1:R1-7:R2$$$",-7.91100000,ok,,flexible
"PEPTIDE1{A.dP.dP.dP.T.D.Phe(4-CF3)}$PEPTIDE1,PEPTIDE1,1:R1-7:R2$$$",-6.71000000,ok,,flexible
"PEPTIDE1{A.Me_dL.dP.dP.dP.dP.P}$PEPTIDE1,PEPTIDE1,1:R1-7:R2$$$",-7.44600000,ok,,flexible
"PEPTIDE1{Mono6.D.dP.dP.Phe(4-CF3).T.dP}$PEPTIDE1,PEPTIDE1,1:R1-7:R2$$$",-6.83800000,ok,,flexible
"PEPTIDE1{dA.dP.dP.dP.P.T.D}$PEPTIDE1,PEPTIDE1,1:R1-7:R2$$$",-6.86800000,ok,,flexible
"PEPTIDE1{dF.P.P.dP.P.P.D}$PEPTIDE1,PEPTIDE1,1:R1-7:R2$$$",-7.19100000,ok,,flexible
"PEPTIDE1{dF.P.dP.dP.P.T.P}$PEPTIDE1,PEPTIDE1,1:R1-7:R2$$$",-7.68500000,ok,,flexible
"PEPTIDE1{dF.dP.P.dP.dP.Phe(4-CF3).P}$PEPTIDE1,PEPTIDE1,1:R1-7:R2$$$",-8.29100000,ok,,flexible
"PEPTIDE1{dP.G.F.P.dP.Mono84.G}$PEPTIDE1,PEPTIDE1,1:R1-7:R2$$$",-7.93800000,ok,,flexible
"PEPTIDE1{dF.P.dP.P.dP.P.P}$PEPTIDE1,PEPTIDE1,1:R1-7:R2$$$",-7.92600000,ok,,flexible
"PEPTIDE1{A.dP.dP.P.dP.D.T}$PEPTIDE1,PEPTIDE1,1:R1-7:R2$$$",-6.95500000,ok,,flexible
"PEPTIDE1{A.Phe(4-CF3).P.dP.dP.dP.P}$PEPTIDE1,PEPTIDE1,1:R1-7:R2$$$",-7.90100000,ok,,flexible
"PEPTIDE1{Mono6.P.dP.dP.P.D.T}$PEPTIDE1,PEPTIDE1,1:R1-7:R2$$$",-7.19100000,ok,,flexible
"PEPTIDE1{Me_dA.Phe(4-CF3).P.P.dP.dP.P}$PEPTIDE1,PEPTIDE1,1:R1-7:R2$$$",-7.67700000,ok,,flexible
"PEPTIDE1{A.P.P.dP.P.dP.T}$PEPTIDE1,PEPTIDE1,1:R1-7:R2$$$",-7.38500000,ok,,flexible
"PEPTIDE1{A.dP.dP.Y.T.P.dP}$PEPTIDE1,PEPTIDE1,1:R1-7:R2$$$",-7.78800000,ok,,flexible
"PEPTIDE1{Me_dA.P.dP.dP.dP.dP.Phe(4-CF3)}$PEPTIDE1,PEPTIDE1,1:R1-7:R2$$$",-7.93300000,ok,,flexible
"PEPTIDE1{dA.dP.dP.D.dP.P.T}$PEPTIDE1,PEPTIDE1,1:R1-7:R2$$$",-7.76400000,ok,,flexible
"PEPTIDE1{dF.P.P.dP.dP.dP.T}$PEPTIDE1,PEPTIDE1,1:R1-7:R2$$$",-7.22900000,ok,,flexible
"PEPTIDE1{Me_dA.A.P.dP.P.dP.P}$PEPTIDE1,PEPTIDE1,1:R1-7:R2$$$",-7.71300000,ok,,flexible
"PEPTIDE1{Mono6.P.P.P.dP.dP.T}$PEPTIDE1,PEPTIDE1,1:R1-7:R2$$$",-7.88100000,ok,,flexible
"PEPTIDE1{dF.P.dP.dP.D.P.P}$PEPTIDE1,PEPTIDE1,1:R1-7:R2$$$",-7.65500000,ok,,flexible
"PEPTIDE1{Mono6.dP.P.P.dP.dP.P}$PEPTIDE1,PEPTIDE1,1:R1-7:R2$$$",-7.40700000,ok,,flexible
"PEPTIDE1{Me_dA.P.dP.P.P.P.D}$PEPTIDE1,PEPTIDE1,1:R1-7:R2$$$",-6.96200000,ok,,flexible
"PEPTIDE1{Mono6.Mono84.dP.P.dP.P.P}$PEPTIDE1,PEPTIDE1,1:R1-7:R2$$$",-7.81000000,ok,,flexible
"PEPTIDE1{Mono6.dP.dP.P.P.dP.P}$PEPTIDE1,PEPTIDE1,1:R1-7:R2$$$",-7.71700000,ok,,flexible
"PEPTIDE1{F.P.P.dP.dP.dP.dP}$PEPTIDE1,PEPTIDE1,1:R1-7:R2$$$",-8.03700000,ok,,flexible
"PEPTIDE1{F.Mono84.P.Mono84.Mono84.dP.P}$PEPTIDE1,PEPTIDE1,1:R1-7:R2$$$",-8.20100000,ok,,flexible
"PEPTIDE1{F.P.P.P.P.P.dP}$PEPTIDE1,PEPTIDE1,1:R1-7:R2$$$",-7.37000000,ok,,flexible
"PEPTIDE1{P.Phe(4-CF3).dP.P.P.P.T}$PEPTIDE1,PEPTIDE1,1:R1-7:R2$$$",-7.66500000,ok,,flexible
"PEPTIDE1{Me_dA.dP.P.P.dP.dP.Phe(4-CF3)}$PEPTIDE1,PEPTIDE1,1:R1-7:R2$$$",-7.90600000,ok,,flexible
"PEPTIDE1{dP.meY.P.dP.P.dP.T}$PEPTIDE1,PEPTIDE1,1:R1-7:R2$$$",-8.29400000,ok,,flexible
"PEPTIDE1{A.Y.dP.P.dP.dP.P}$PEPTIDE1,PEPTIDE1,1:R1-7:R2$$$",-7.94800000,ok,,flexible
"PEPTIDE1{dF.P.dP.dP.dP.P.T}$PEPTIDE1,PEPTIDE1,1:R1-7:R2$$$",-6.84000000,ok,,flexible
"PEPTIDE1{Mono6.dP.P.P.P.dP.dP}$PEPTIDE1,PEPTIDE1,1:R1-7:R2$$$",-7.72200000,ok,,flexible
"PEPTIDE1{dA.P.Y.3Pal.Mono84.dP.Mono84}$PEPTIDE1,PEPTIDE1,1:R1-7:R2$$$",-7.10200000,ok,,flexible
"PEPTIDE1{Me_dL.P.dP.dP.dP.P.P}$PEPTIDE1,PEPTIDE1,1:R1-7:R2$$$",-7.34600000,ok,,flexible
"PEPTIDE1{dA.P.P.dP.P.D.dP}$PEPTIDE1,PEPTIDE1,1:R1-7:R2$$$",-7.50200000,ok,,flexible
"PEPTIDE1{A.Phe(4-CF3).P.P.dP.dP.P}$PEPTIDE1,PEPTIDE1,1:R1-7:R2$$$",-7.46900000,ok,,flexible
"PEPTIDE1{dV.dP.P.dP.dP.D.P}$PEPTIDE1,PEPTIDE1,1:R1-7:R2$$$",-7.29600000,ok,,flexible
"PEPTIDE1{A.P.P.dP.dP.dP.dP}$PEPTIDE1,PEPTIDE1,1:R1-7:R2$$$",-7.89100000,ok,,flexible
"PEPTIDE1{dA.P.P.dP.dP.dP.P}$PEPTIDE1,PEPTIDE1,1:R1-7:R2$$$",-7.99800000,ok,,flexible
"PEPTIDE1{dP.P.P.P.dP.P.dP}$PEPTIDE1,PEPTIDE1,1:R1-7:R2$$$",-7.94600000,ok,,flexible
"PEPTIDE1{Me_dA.dP.dP.P.dP.dP.D}$PEPTIDE1,PEPTIDE1,1:R1-7:R2$$$",-7.15100000,ok,,flexible
"PEPTIDE1{dV.P.P.P.P.dP.dP}$PEPTIDE1,PEPTIDE1,1:R1-7:R2$$$",-8.26400000,ok,,flexible
"PEPTIDE1{dA.dP.dP.dP.T.P.Phe(4-CF3)}$PEPTIDE1,PEPTIDE1,1:R1-7:R2$$$",-7.69500000,ok,,flexible
"PEPTIDE1{Me_Bal.dP.dP.P.dP.Phe(4-CF3).P}$PEPTIDE1,PEPTIDE1,1:R1-7:R2$$$",-8.60300000,ok,,flexible
"PEPTIDE1{A.dP.dP.dP.D.P.T}$PEPTIDE1,PEPTIDE1,1:R1-7:R2$$$",-8.03900000,ok,,flexible
"PEPTIDE1{P.dP.G.Mono84.Y.dP.P}$PEPTIDE1,PEPTIDE1,1:R1-7:R2$$$",-7.40400000,ok,,flexible
"PEPTIDE1{A.P.P.dP.dP.Phe(4-CF3).P}$PEPTIDE1,PEPTIDE1,1:R1-7:R2$$$",-7.57600000,ok,,flexible
"PEPTIDE1{dF.P.P.dP.dP.dP.D}$PEPTIDE1,PEPTIDE1,1:R1-7:R2$$$",-7.65200000,ok,,flexible
"PEPTIDE1{dF.Y.dP.dP.P.dP.P}$PEPTIDE1,PEPTIDE1,1:R1-7:R2$$$",-7.23500000,ok,,flexible
"PEPTIDE1{Mono6.P.dP.P.dP.P.D}$PEPTIDE1,PEPTIDE1,1:R1-7:R2$$$",-6.98900000,ok,,flexible
"PEPTIDE1{P.dP.P.dP.P.P.T}$PEPTIDE1,PEPTIDE1,1:R1-7:R2$$$",-7.75000000,ok,,flexible
"PEPTIDE1{P.meY.P.dP.dP.P.dP}$PEPTIDE1,PEPTIDE1,1:R1-7:R2$$$",-8.24200000,ok,,flexible
"PEPTIDE1{dP.P.dP.P.P.T.D}$PEPTIDE1,PEPTIDE1,1:R1-7:R2$$$",-7.13200000,ok,,flexible
"PEPTIDE1{Me_dA.dP.dP.P.dP.P.dP}$PEPTIDE1,PEPTIDE1,1:R1-7:R2$$$",-8.18300000,ok,,flexible
"PEPTIDE1{Me_dA.dP.G.D.P.dP.dP}$PEPTIDE1,PEPTIDE1,1:R1-7:R2$$$",-7.31700000,ok,,flexible
"PEPTIDE1{dF.Mono84.dP.dP.dP.P.P}$PEPTIDE1,PEPTIDE1,1:R1-7:R2$$$",-7.52300000,ok,,flexible
"PEPTIDE1{Me_dA.P.dP.P.dP.dP.D}$PEPTIDE1,PEPTIDE1,1:R1-7:R2$$$",-7.21300000,ok,,flexible
"PEPTIDE1{dP.dP.P.dP.P.P.T}$PEPTIDE1,PEPTIDE1,1:R1-7:R2$$$",-8.18300000,ok,,flexible
"PEPTIDE1{Me_dA.Phe(4-CF3).dP.P.dP.dP.Y}$PEPTIDE1,PEPTIDE1,1:R1-7:R2$$$",-7.47500000,ok,,flexible
"PEPTIDE1{dF.dP.G.P.dP.P.dP}$PEPTIDE1,PEPTIDE1,1:R1-7:R2$$$",-7.64500000,ok,,flexible
"PEPTIDE1{dA.dP.dP.dP.P.T.P}$PEPTIDE1,PEPTIDE1,1:R1-7:R2$$$",-7.35400000,ok,,flexible
"PEPTIDE1{Me_dA.Y.P.dP.P.P.P}$PEPTIDE1,PEPTIDE1,1:R1-7:R2$$$",-7.38400000,ok,,flexible
"PEPTIDE1{dV.dP.dP.P.P.dP.T}$PEPTIDE1,PEPTIDE1,1:R1-7:R2$$$",-7.00700000,ok,,flexible
"PEPTIDE1{P.P.dP.P.dP.dP.D}$PEPTIDE1,PEPTIDE1,1:R1-7:R2$$$",-7.18400000,ok,,flexible
"PEPTIDE1{P.P.dP.P.P.T.D}$PEPTIDE1,PEPTIDE1,1:R1-7:R2$$$",-7.63500000,ok,,flexible
"PEPTIDE1{P.G.A.dP.dP.P.dP}$PEPTIDE1,PEPTIDE1,1:R1-7:R2$$$",-7.55800000,ok,,flexible
"PEPTIDE1{P.dP.dP.dP.P.D.T}$PEPTIDE1,PEPTIDE1,1:R1-7:R2$$$",-7.19800000,ok,,flexible
"PEPTIDE1{dP.dP.P.P.D.T.dP}$PEPTIDE1,PEPTIDE1,1:R1-7:R2$$$",-6.93600000,ok,,flexible
"PEPTIDE1{Me_dA.Y.dP.P.dP.P.P}$PEPTIDE1,PEPTIDE1,1:R1-7:R2$$$",-7.41000000,ok,,flexible
"PEPTIDE1{P.P.G.P.P.P.dP}$PEPTIDE1,PEPTIDE1,1:R1-7:R2$$$",-7.93500000,ok,,flexible
"PEPTIDE1{Mono6.P.T.P.dP.dP.P}$PEPTIDE1,PEPTIDE1,1:R1-7:R2$$$",-7.32200000,ok,,flexible
"PEPTIDE1{dP.G.P.dP.P.P.D}$PEPTIDE1,PEPTIDE1,1:R1-7:R2$$$",-7.29800000,ok,,flexible
"PEPTIDE1{Me_dA.Phe(4-CF3).P.dP.dP.P.dP}$PEPTIDE1,PEPTIDE1,1:R1-7:R2$$$",-7.97300000,ok,,flexible
"PEPTIDE1{dP.T.dP.dP.P.D.Y}$PEPTIDE1,PEPTIDE1,1:R1-7:R2$$$",-6.66000000,ok,,flexible
"PEPTIDE1{F.Mono84.Y.P.dP.P.P}$PEPTIDE1,PEPTIDE1,1:R1-7:R2$$$",-7.82400000,ok,,flexible
"PEPTIDE1{dP.meY.dP.Mono84.P.T.dP}$PEPTIDE1,PEPTIDE1,1:R1-7:R2$$$",-7.37700000,ok,,flexible
"PEPTIDE1{P.dP.dP.dP.P.P.D}$PEPTIDE1,PEPTIDE1,1:R1-7:R2$$$",-7.89900000,ok,,flexible
"PEPTIDE1{dF.dP.P.P.P.dP.D}$PEPTIDE1,PEPTIDE1,1:R1-7:R2$$$",-7.07100000,ok,,flexible
"PEPTIDE1{A.T.P.dP.P.P.dP}$PEPTIDE1,PEPTIDE1,1:R1-7:R2$$$",-8.37400000,ok,,flexible
"PEPTIDE1{dA.P.P.dP.dP.P.D}$PEPTIDE1,PEPTIDE1,1:R1-7:R2$$$",-7.28100000,ok,,flexible
"PEPTIDE1{F.dP.Y.dP.P.P.P}$PEPTIDE1,PEPTIDE1,1:R1-7:R2$$$",-7.47700000,ok,,flexible
"PEPTIDE1{dP.P.Me_dA.dP.P.dP.dP}$PEPTIDE1,PEPTIDE1,1:R1-7:R2$$$",-7.75900000,ok,,flexible
"PEPTIDE1{dP.Pr_Gly.P.dP.dP.D.P}$PEPTIDE1,PEPTIDE1,1:R1-7:R2$$$",-6.57800000,ok,,flexible
"PEPTIDE1{F.dP.T.P.P.G.meY}$PEPTIDE1,PEPTIDE1,1:R1-7:R2$$$",-7.01200000,ok,,flexible
"PEPTIDE1{dA.P.P.P.dP.T.P}$PEPTIDE1,PEPTIDE1,1:R1-7:R2$$$",-7.72400000,ok,,flexible
"PEPTIDE1{F.P.G.Mono84.P.Mono84.T}$PEPTIDE1,PEPTIDE1,1:R1-7:R2$$$",-7.71300000,ok,,flexible
"PEPTIDE1{F.P.T.Phe(4-CF3).dP.P.P}$PEPTIDE1,PEPTIDE1,1:R1-7:R2$$$",-7.25600000,ok,,flexible
"PEPTIDE1{P.P.dP.P.P.dP.dP}$PEPTIDE1,PEPTIDE1,1:R1-7:R2$$$",-8.30700000,ok,,flexible
"PEPTIDE1{dF.A.Phe(4-CF3).P.dP.P.P}$PEPTIDE1,PEPTIDE1,1:R1-7:R2$$$",-7.57000000,ok,,flexible
"PEPTIDE1{dP.P.P.dP.dP.P.T}$PEPTIDE1,PEPTIDE1,1:R1-7:R2$$$",-7.71500000,ok,,flexible
"PEPTIDE1{Me_dA.P.P.dP.dP.T.D}$PEPTIDE1,PEPTIDE1,1:R1-7:R2$$$",-7.69400000,ok,,flexible
"PEPTIDE1{F.Mono84.Mono84.Y.dP.P.P}$PEPTIDE1,PEPTIDE1,1:R1-7:R2$$$",-8.07200000,ok,,flexible
"PEPTIDE1{Me_dA.F.Mono84.Y.dP.P.dP}$PEPTIDE1,PEPTIDE1,1:R1-7:R2$$$",-8.04500000,ok,,flexible
"PEPTIDE1{dA.Mono84.F.dP.F.P.G}$PEPTIDE1,PEPTIDE1,1:R1-7:R2$$$",-7.41300000,ok,,flexible
"PEPTIDE1{dF.Mono84.A.dP.dP.P.dP}$PEPTIDE1,PEPTIDE1,1:R1-7:R2$$$",-7.00700000,ok,,flexible
"PEPTIDE1{dF.G.Mono84.dP.P.P.P}$PEPTIDE1,PEPTIDE1,1:R1-7:R2$$$",-7.90100000,ok,,flexible
"PEPTIDE1{Me_dA.dP.dP.P.P.D.P}$PEPTIDE1,PEPTIDE1,1:R1-7:R2$$$",-7.49000000,ok,,flexible
"PEPTIDE1{dF.P.dP.P.dP.P.D}$PEPTIDE1,PEPTIDE1,1:R1-7:R2$$$",-6.71000000,ok,,flexible
"PEPTIDE1{F.P.dP.T.P.P.P}$PEPTIDE1,PEPTIDE1,1:R1-7:R2$$$",-7.17200000,ok,,flexible
"PEPTIDE1{dP.P.P.dP.dP.D.P}$PEPTIDE1,PEPTIDE1,1:R1-7:R2$$$",-7.21900000,ok,,flexible
"PEPTIDE1{Me_dA.cHexCH2_Gly.P.P.dP.P.P}$PEPTIDE1,PEPTIDE1,1:R1-7:R2$$$",-8.16900000,ok,,flexible
"PEPTIDE1{F.P.dP.G.P.Y.P}$PEPTIDE1,PEPTIDE1,1:R1-7:R2$$$",-8.34600000,ok,,flexible
"PEPTIDE1{P.dP.dP.P.dP.dP.Phe(4-CF3)}$PEPTIDE1,PEPTIDE1,1:R1-7:R2$$$",-8.01100000,ok,,flexible
"PEPTIDE1{P.Phe(4-CF3).dP.D.P.dP.P}$PEPTIDE1,PEPTIDE1,1:R1-7:R2$$$",-6.82600000,ok,,flexible
"PEPTIDE1{dF.dP.dP.P.dP.P.P}$PEPTIDE1,PEPTIDE1,1:R1-7:R2$$$",-7.67800000,ok,,flexible
"PEPTIDE1{dA.dP.dP.T.P.D.dP}$PEPTIDE1,PEPTIDE1,1:R1-7:R2$$$",-6.71000000,ok,,flexible
"PEPTIDE1{A.P.P.P.P.D.T}$PEPTIDE1,PEPTIDE1,1:R1-7:R2$$$",-7.18900000,ok,,flexible
"PEPTIDE1{dP.P.P.P.D.T.dP}$PEPTIDE1,PEPTIDE1,1:R1-7:R2$$$",-7.29300000,ok,,flexible
"PEPTIDE1{Me_dA.P.dP.P.dP.dP.T}$PEPTIDE1,PEPTIDE1,1:R1-7:R2$$$",-7.53700000,ok,,flexible
"PEPTIDE1{dA.P.dP.P.dP.D.P}$PEPTIDE1,PEPTIDE1,1:R1-7:R2$$$",-7.80900000,ok,,flexible
"PEPTIDE1{dV.P.dP.P.P.dP.T}$PEPTIDE1,PEPTIDE1,1:R1-7:R2$$$",-7.49100000,ok,,flexible
"PEPTIDE1{dA.P.dP.P.dP.dP.D}$PEPTIDE1,PEPTIDE1,1:R1-7:R2$$$",-6.92100000,ok,,flexible
"PEPTIDE1{F.P.dP.dP.dP.dP.T}$PEPTIDE1,PEPTIDE1,1:R1-7:R2$$$",-7.09800000,ok,,flexible
"PEPTIDE1{P.P.dP.Y.D.Mono84.P}$PEPTIDE1,PEPTIDE1,1:R1-7:R2$$$",-7.16100000,ok,,flexible
"PEPTIDE1{dF.Mono84.3Pal.T.P.P.P}$PEPTIDE1,PEPTIDE1,1:R1-7:R2$$$",-7.76000000,ok,,flexible
"PEPTIDE1{A.dP.P.dP.P.T.P}$PEPTIDE1,PEPTIDE1,1:R1-7:R2$$$",-7.51800000,ok,,flexible
"PEPTIDE1{Me_dA.P.P.P.P.dP.T}$PEPTIDE1,PEPTIDE1,1:R1-7:R2$$$",-7.27000000,ok,,flexible
"PEPTIDE1{F.P.Mono84.dP.dP.dP.dP}$PEPTIDE1,PEPTIDE1,1:R1-7:R2$$$",-7.56000000,ok,,flexible
"PEPTIDE1{Me_dA.P.dP.dP.P.dP.P}$PEPTIDE1,PEPTIDE1,1:R1-7:R2$$$",-7.71400000,ok,,flexible
"PEPTIDE1{dF.P.dP.dP.dP.D.T}$PEPTIDE1,PEPTIDE1,1:R1-7:R2$$$",-6.54600000,ok,,flexible
"PEPTIDE1{dF.T.P.P.dP.P.dP}$PEPTIDE1,PEPTIDE1,1:R1-7:R2$$$",-7.29800000,ok,,flexible
"PEPTIDE1{Me_Bal.Phe(4-CF3).P.P.P.P.T}$PEPTIDE1,PEPTIDE1,1:R1-7:R2$$$",-6.88000000,ok,,flexible
"PEPTIDE1{dA.Mono84.P.P.dP.P.dP}$PEPTIDE1,PEPTIDE1,1:R1-7:R2$$$",-8.26700000,ok,,flexible
"PEPTIDE1{dA.dP.dP.P.P.T.dP}$PEPTIDE1,PEPTIDE1,1:R1-7:R2$$$",-7.61500000,ok,,flexible
"PEPTIDE1{A.Phe(4-CF3).dP.P.P.dP.P}$PEPTIDE1,PEPTIDE1,1:R1-7:R2$$$",-8.17200000,ok,,flexible
"PEPTIDE1{A.dP.P.P.P.T.dP}$PEPTIDE1,PEPTIDE1,1:R1-7:R2$$$",-7.00500000,ok,,flexible
"PEPTIDE1{Me_dA.Mono84.P.dP.dP.P.P}$PEPTIDE1,PEPTIDE1,1:R1-7:R2$$$",-7.70600000,ok,,flexible
"PEPTIDE1{A.P.Y.dP.P.P.P}$PEPTIDE1,PEPTIDE1,1:R1-7:R2$$$",-7.41700000,ok,,flexible
"PEPTIDE1{A.dP.P.P.dP.P.T}$PEPTIDE1,PEPTIDE1,1:R1-7:R2$$$",-7.75600000,ok,,flexible
"PEPTIDE1{dA.P.P.P.dP.dP.D}$PEPTIDE1,PEPTIDE1,1:R1-7:R2$$$",-7.16900000,ok,,flexible
"PEPTIDE1{A.dP.dP.dP.T.P.D}$PEPTIDE1,PEPTIDE1,1:R1-7:R2$$$",-7.14900000,ok,,flexible
"PEPTIDE1{L.dP.dP.P.P.P.dP}$PEPTIDE1,PEPTIDE1,1:R1-7:R2$$$",-7.16700000,ok,,flexible
"PEPTIDE1{A.Y.P.dP.dP.dP.P}$PEPTIDE1,PEPTIDE1,1:R1-7:R2$$$",-7.87500000,ok,,flexible
"PEPTIDE1{Me_dA.meY.P.P.dP.dP.P}$PEPTIDE1,PEPTIDE1,1:R1-7:R2$$$",-7.47700000,ok,,flexible
"PEPTIDE1{F.Mono84.P.dP.dP.P.P}$PEPTIDE1,PEPTIDE1,1:R1-7:R2$$$",-7.74000000,ok,,flexible
"PEPTIDE1{dV.dP.dP.P.dP.D.T}$PEPTIDE1,PEPTIDE1,1:R1-7:R2$$$",-7.00400000,ok,,flexible
"PEPTIDE1{dF.dP.dP.dP.P.D.P}$PEPTIDE1,PEPTIDE1,1:R1-7:R2$$$",-7.11700000,ok,,flexible
"PEPTIDE1{F.P.dP.dP.dP.T.dP}$PEPTIDE1,PEPTIDE1,1:R1-7:R2$$$",-7.32600000,ok,,flexible
"PEPTIDE1{Mono6.dP.Mono84.P.P.dP.P}$PEPTIDE1,PEPTIDE1,1:R1-7:R2$$$",-7.77400000,ok,,flexible
"PEPTIDE1{P.G.T.dP.P.P.P}$PEPTIDE1,PEPTIDE1,1:R1-7:R2$$$",-7.67500000,ok,,flexible
"PEPTIDE1{dF.F.dP.dP.dP.P.dP}$PEPTIDE1,PEPTIDE1,1:R1-7:R2$$$",-7.48300000,ok,,flexible
"PEPTIDE1{Me_dA.Y.dP.P.P.dP.P}$PEPTIDE1,PEPTIDE1,1:R1-7:R2$$$",-7.88500000,ok,,flexible
"PEPTIDE1{dA.dP.P.P.P.T.P}$PEPTIDE1,PEPTIDE1,1:R1-7:R2$$$",-7.48100000,ok,,flexible
"PEPTIDE1{dV.P.dP.P.P.P.T}$PEPTIDE1,PEPTIDE1,1:R1-7:R2$$$",-6.88300000,ok,,flexible
"PEPTIDE1{P.dP.P.dP.dP.T.P}$PEPTIDE1,PEPTIDE1,1:R1-7:R2$$$",-7.44600000,ok,,flexible
"PEPTIDE1{Mono6.P.P.Mono84.dP.dP.dP}$PEPTIDE1,PEPTIDE1,1:R1-7:R2$$$",-7.55600000,ok,,flexible
"PEPTIDE1{A.dP.P.P.P.D.dP}$PEPTIDE1,PEPTIDE1,1:R1-7:R2$$$",-7.49500000,ok,,flexible
"PEPTIDE1{P.dP.P.P.P.T.dP}$PEPTIDE1,PEPTIDE1,1:R1-7:R2$$$",-7.84200000,ok,,flexible
"PEPTIDE1{Mono6.dP.P.P.P.P.dP}$PEPTIDE1,PEPTIDE1,1:R1-7:R2$$$",-7.84900000,ok,,flexible
"PEPTIDE1{dA.P.dP.P.P.P.Phe(4-CF3)}$PEPTIDE1,PEPTIDE1,1:R1-7:R2$$$",-8.63300000,ok,,flexible
"PEPTIDE1{P.meY.P.P.dP.P.dP}$PEPTIDE1,PEPTIDE1,1:R1-7:R2$$$",-8.24600000,ok,,flexible
"PEPTIDE1{F.Mono84.dP.P.P.dP.P}$PEPTIDE1,PEPTIDE1,1:R1-7:R2$$$",-7.46700000,ok,,flexible
"PEPTIDE1{meA.dP.P.dP.D.dP.P}$PEPTIDE1,PEPTIDE1,1:R1-7:R2$$$",-7.52900000,ok,,flexible
"PEPTIDE1{A.T.dP.P.dP.dP.P}$PEPTIDE1,PEPTIDE1,1:R1-7:R2$$$",-7.44700000,ok,,flexible
"PEPTIDE1{F.P.P.P.P.dP.dP}$PEPTIDE1,PEPTIDE1,1:R1-7:R2$$$",-7.17900000,ok,,flexible
"PEPTIDE1{F.P.Y.Mono84.dP.T.Mono84}$PEPTIDE1,PEPTIDE1,1:R1-7:R2$$$",-7.73200000,ok,,flexible
"PEPTIDE1{Me_dA.P.dP.dP.P.D.P}$PEPTIDE1,PEPTIDE1,1:R1-7:R2$$$",-7.68200000,ok,,flexible
"PEPTIDE1{dF.T.P.dP.dP.P.P}$PEPTIDE1,PEPTIDE1,1:R1-7:R2$$$",-7.32700000,ok,,flexible
"PEPTIDE1{F.dP.dP.dP.T.P.dP}$PEPTIDE1,PEPTIDE1,1:R1-7:R2$$$",-7.00700000,ok,,flexible
"PEPTIDE1{Me_dA.dP.P.dP.dP.P.T}$PEPTIDE1,PEPTIDE1,1:R1-7:R2$$$",-7.03500000,ok,,flexible
"PEPTIDE1{Mono6.F.3Pal.P.D.P.P}$PEPTIDE1,PEPTIDE1,1:R1-7:R2$$$",-7.29200000,ok,,flexible
"PEPTIDE1{dP.G.P.dP.dP.Y.Phe(4-CF3)}$PEPTIDE1,PEPTIDE1,1:R1-7:R2$$$",-7.36800000,ok,,flexible
"PEPTIDE1{F.P.P.P.dP.dP.D}$PEPTIDE1,PEPTIDE1,1:R1-7:R2$$$",-6.70300000,ok,,flexible
"PEPTIDE1{P.dP.P.dP.dP.D.P}$PEPTIDE1,PEPTIDE1,1:R1-7:R2$$$",-7.21800000,ok,,flexible
"PEPTIDE1{A.P.Y.G.P.dP.P}$PEPTIDE1,PEPTIDE1,1:R1-7:R2$$$",-7.59200000,ok,,flexible
"PEPTIDE1{Me_Bal.G.P.dP.P.dP.P}$PEPTIDE1,PEPTIDE1,1:R1-7:R2$$$",-8.06500000,ok,,flexible
"PEPTIDE1{dA.dP.P.dP.dP.dP.P}$PEPTIDE1,PEPTIDE1,1:R1-7:R2$$$",-8.39400000,ok,,flexible
"PEPTIDE1{meA.P.Y.P.P.P.Phe(4-CF3)}$PEPTIDE1,PEPTIDE1,1:R1-7:R2$$$",-7.22600000,ok,,flexible
"PEPTIDE1{P.A.P.P.dP.dP.P}$PEPTIDE1,PEPTIDE1,1:R1-7:R2$$$",-7.59100000,ok,,flexible
"PEPTIDE1{dP.dP.T.P.P.P.D}$PEPTIDE1,PEPTIDE1,1:R1-7:R2$$$",-7.08500000,ok,,flexible
"PEPTIDE1{dF.3Pal.dP.dP.Mono84.G.P}$PEPTIDE1,PEPTIDE1,1:R1-7:R2$$$",-6.92200000,ok,,flexible
"PEPTIDE1{dA.Mono6.dP.dP.P.dP.dP}$PEPTIDE1,PEPTIDE1,1:R1-7:R2$$$",-7.94400000,ok,,flexible
"PEPTIDE1{dV.P.P.dP.P.D.T}$PEPTIDE1,PEPTIDE1,1:R1-7:R2$$$",-7.10800000,ok,,flexible
"PEPTIDE1{A.cHexCH2_Gly.P.dP.P.P.dP}$PEPTIDE1,PEPTIDE1,1:R1-7:R2$$$",-7.88300000,ok,,flexible
"PEPTIDE1{L.dP.P.P.P.P.dP}$PEPTIDE1,PEPTIDE1,1:R1-7:R2$$$",-7.92700000,ok,,flexible
"PEPTIDE1{P.A.dP.P.P.dP.P}$PEPTIDE1,PEPTIDE1,1:R1-7:R2$$$",-8.16200000,ok,,flexible
"PEPTIDE1{F.dP.dP.dP.Phe(4-CF3).T.P}$PEPTIDE1,PEPTIDE1,1:R1-7:R2$$$",-7.49100000,ok,,flexible
"PEPTIDE1{Me_dA.A.dP.Mono84.P.dP.dP}$PEPTIDE1,PEPTIDE1,1:R1-7:R2$$$",-7.46800000,ok,,flexible
"PEPTIDE1{dP.P.dP.P.P.dP.T}$PEPTIDE1,PEPTIDE1,1:R1-7:R2$$$",-7.64300000,ok,,flexible
"PEPTIDE1{F.T.P.dP.dP.P.dP}$PEPTIDE1,PEPTIDE1,1:R1-7:R2$$$",-8.14400000,ok,,flexible
"PEPTIDE1{A.P.dP.P.P.T.D}$PEPTIDE1,PEPTIDE1,1:R1-7:R2$$$",-6.84800000,ok,,flexible
"PEPTIDE1{A.F.T.Y.dP.dP.dP}$PEPTIDE1,PEPTIDE1,1:R1-7:R2$$$",-7.43300000,ok,,flexible
"PEPTIDE1{P.dP.dP.dP.D.T.Phe(4-CF3)}$PEPTIDE1,PEPTIDE1,1:R1-7:R2$$$",-6.70800000,ok,,flexible
"PEPTIDE1{Me_dA.P.dP.P.P.dP.Phe(4-CF3)}$PEPTIDE1,PEPTIDE1,1:R1-7:R2$$$",-7.48200000,ok,,flexible
"PEPTIDE1{Me_dA.dP.dP.P.P.dP.P}$PEPTIDE1,PEPTIDE1,1:R1-7:R2$$$",-7.85200000,ok,,flexible
"PEPTIDE1{A.dP.dP.dP.D.P.P}$PEPTIDE1,PEPTIDE1,1:R1-7:R2$$$",-7.34400000,ok,,flexible
"PEPTIDE1{P.G.dP.dP.dP.D.P}$PEPTIDE1,PEPTIDE1,1:R1-7:R2$$$",-7.66500000,ok,,flexible
"PEPTIDE1{dA.dP.P.dP.dP.P.D}$PEPTIDE1,PEPTIDE1,1:R1-7:R2$$$",-7.75200000,ok,,flexible
"PEPTIDE1{dA.Mono84.P.dP.dP.dP.dP}$PEPTIDE1,PEPTIDE1,1:R1-7:R2$$$",-8.16100000,ok,,flexible
"PEPTIDE1{Me_dA.dP.P.dP.P.P.P}$PEPTIDE1,PEPTIDE1,1:R1-7:R2$$$",-8.08200000,ok,,flexible
"PEPTIDE1{F.dP.P.Mono84.P.dP.dP}$PEPTIDE1,PEPTIDE1,1:R1-7:R2$$$",-8.10800000,ok,,flexible
"PEPTIDE1{F.dP.P.dP.dP.T.P}$PEPTIDE1,PEPTIDE1,1:R1-7:R2$$$",-7.02700000,ok,,flexible
"PEPTIDE1{Me_dA.G.dP.dP.P.P.dP}$PEPTIDE1,PEPTIDE1,1:R1-7:R2$$$",-8.07100000,ok,,flexible
"PEPTIDE1{P.Y.dP.dP.P.P.P}$PEPTIDE1,PEPTIDE1,1:R1-7:R2$$$",-7.63500000,ok,,flexible
"PEPTIDE1{F.cHexCH2_Gly.dP.P.P.dP.P}$PEPTIDE1,PEPTIDE1,1:R1-7:R2$$$",-7.20200000,ok,,flexible
"PEPTIDE1{F.T.P.dP.dP.P.P}$PEPTIDE1,PEPTIDE1,1:R1-7:R2$$$",-7.36000000,ok,,flexible
"PEPTIDE1{P.F.dP.F.dP.3Pal.G}$PEPTIDE1,PEPTIDE1,1:R1-7:R2$$$",-7.37700000,ok,,flexible
"PEPTIDE1{dA.dP.P.P.dP.dP.dP}$PEPTIDE1,PEPTIDE1,1:R1-7:R2$$$",-8.04600000,ok,,flexible
"PEPTIDE1{Mono6.dP.P.dP.dP.P.T}$PEPTIDE1,PEPTIDE1,1:R1-7:R2$$$",-7.41500000,ok,,flexible
"PEPTIDE1{F.Mono84.dP.dP.P.dP.P}$PEPTIDE1,PEPTIDE1,1:R1-7:R2$$$",-7.68400000,ok,,flexible
"PEPTIDE1{dF.Y.P.dP.dP.dP.dP}$PEPTIDE1,PEPTIDE1,1:R1-7:R2$$$",-7.92600000,ok,,flexible
"PEPTIDE1{Me_dA.A.dP.Phe(4-CF3).P.P.P}$PEPTIDE1,PEPTIDE1,1:R1-7:R2$$$",-7.67500000,ok,,flexible
"PEPTIDE1{A.G.Me_dL.P.dP.Y.P}$PEPTIDE1,PEPTIDE1,1:R1-7:R2$$$",-6.16000000,ok,,flexible
"PEPTIDE1{F.dP.dP.dP.P.T.P}$PEPTIDE1,PEPTIDE1,1:R1-7:R2$$$",-8.02600000,ok,,flexible
"PEPTIDE1{dP.P.Y.P.dP.P.dP}$PEPTIDE1,PEPTIDE1,1:R1-7:R2$$$",-7.66500000,ok,,flexible
"PEPTIDE1{Mono6.P.dP.dP.dP.dP.P}$PEPTIDE1,PEPTIDE1,1:R1-7:R2$$$",-7.92300000,ok,,flexible
"PEPTIDE1{F.P.dP.dP.D.P.P}$PEPTIDE1,PEPTIDE1,1:R1-7:R2$$$",-6.93700000,ok,,flexible
"PEPTIDE1{A.dP.P.dP.D.P.P}$PEPTIDE1,PEPTIDE1,1:R1-7:R2$$$",-7.32500000,ok,,flexible
"PEPTIDE1{P.Y.Phe(4-CF3).dP.P.dP.dP}$PEPTIDE1,PEPTIDE1,1:R1-7:R2$$$",-8.23500000,ok,,flexible
"PEPTIDE1{dF.G.dP.P.P.dP.dP}$PEPTIDE1,PEPTIDE1,1:R1-7:R2$$$",-8.00000000,ok,,flexible
"PEPTIDE1{A.Y.dP.G.dP.P.P}$PEPTIDE1,PEPTIDE1,1:R1-7:R2$$$",-7.46400000,ok,,flexible
"PEPTIDE1{dF.dP.P.P.dP.dP.dP}$PEPTIDE1,PEPTIDE1,1:R1-7:R2$$$",-7.57500000,ok,,flexible
"PEPTIDE1{dF.P.P.dP.P.D.dP}$PEPTIDE1,PEPTIDE1,1:R1-7:R2$$$",-7.60600000,ok,,flexible
"PEPTIDE1{Me_dA.dP.P.P.P.D.T}$PEPTIDE1,PEPTIDE1,1:R1-7:R2$$$",-7.02900000,ok,,flexible
"PEPTIDE1{Mono6.P.dP.Y.Mono84.dP.dP}$PEPTIDE1,PEPTIDE1,1:R1-7:R2$$$",-7.71400000,ok,,flexible
"PEPTIDE1{Me_dA.Y.dP.P.P.P.dP}$PEPTIDE1,PEPTIDE1,1:R1-7:R2$$$",-7.88300000,ok,,flexible
"PEPTIDE1{dA.P.dP.Y.dP.P.P}$PEPTIDE1,PEPTIDE1,1:R1-7:R2$$$",-7.11600000,ok,,flexible
"PEPTIDE1{F.G.P.P.P.dP.dP}$PEPTIDE1,PEPTIDE1,1:R1-7:R2$$$",-7.56500000,ok,,flexible
"PEPTIDE1{dA.P.dP.P.dP.P.T}$PEPTIDE1,PEPTIDE1,1:R1-7:R2$$$",-7.35800000,ok,,flexible
"PEPTIDE1{dV.P.dP.P.P.T.dP}$PEPTIDE1,PEPTIDE1,1:R1-7:R2$$$",-6.69100000,ok,,flexible
"PEPTIDE1{dF.Mono84.P.P.P.dP.P}$PEPTIDE1,PEPTIDE1,1:R1-7:R2$$$",-7.06700000,ok,,flexible
"PEPTIDE1{Me_dA.G.Mono84.P.dP.dP.P}$PEPTIDE1,PEPTIDE1,1:R1-7:R2$$$",-8.66500000,ok,,flexible
"PEPTIDE1{meL.P.P.dP.dP.dP.P}$PEPTIDE1,PEPTIDE1,1:R1-7:R2$$$",-7.33800000,ok,,flexible
"PEPTIDE1{F.A.dP.P.dP.P.P}$PEPTIDE1,PEPTIDE1,1:R1-7:R2$$$",-7.53900000,ok,,flexible
"PEPTIDE1{Mono6.dP.P.dP.dP.dP.P}$PEPTIDE1,PEPTIDE1,1:R1-7:R2$$$",-7.60300000,ok,,flexible
"PEPTIDE1{Me_dA.dP.P.P.P.dP.Phe(4-CF3)}$PEPTIDE1,PEPTIDE1,1:R1-7:R2$$$",-7.73300000,ok,,flexible
"PEPTIDE1{A.P.P.P.T.P.dP}$PEPTIDE1,PEPTIDE1,1:R1-7:R2$$$",-7.10000000,ok,,flexible
"PEPTIDE1{Mono6.P.P.dP.dP.P.T}$PEPTIDE1,PEPTIDE1,1:R1-7:R2$$$",-7.32600000,ok,,flexible
"PEPTIDE1{dP.dP.dP.P.P.D.P}$PEPTIDE1,PEPTIDE1,1:R1-7:R2$$$",-7.91600000,ok,,flexible
"PEPTIDE1{dP.dP.P.dP.P.T.P}$PEPTIDE1,PEPTIDE1,1:R1-7:R2$$$",-7.37600000,ok,,flexible
"PEPTIDE1{dF.dP.dP.D.P.P.dP}$PEPTIDE1,PEPTIDE1,1:R1-7:R2$$$",-6.98900000,ok,,flexible
"PEPTIDE1{Mono6.P.P.P.dP.P.T}$PEPTIDE1,PEPTIDE1,1:R1-7:R2$$$",-7.10700000,ok,,flexible
"PEPTIDE1{P.Pr_Gly.Y.dP.dP.Mono84.dP}$PEPTIDE1,PEPTIDE1,1:R1-7:R2$$$",-6.55000000,ok,,flexible
"PEPTIDE1{dP.meY.P.P.dP.dP.Phe(4-CF3)}$PEPTIDE1,PEPTIDE1,1:R1-7:R2$$$",-8.14400000,ok,,flexible
"PEPTIDE1{meA.dP.P.P.dP.P.P}$PEPTIDE1,PEPTIDE1,1:R1-7:R2$$$",-7.54600000,ok,,flexible
"PEPTIDE1{dF.P.dP.dP.dP.P.dP}$PEPTIDE1,PEPTIDE1,1:R1-7:R2$$$",-8.37600000,ok,,flexible
"PEPTIDE1{dP.P.dP.P.dP.P.P}$PEPTIDE1,PEPTIDE1,1:R1-7:R2$$$",-8.04600000,ok,,flexible
"PEPTIDE1{P.Y.Phe(4-CF3).dP.P.P.dP}$PEPTIDE1,PEPTIDE1,1:R1-7:R2$$$",-7.70600000,ok,,flexible
"PEPTIDE1{Me_dA.P.P.dP.P.dP.P}$PEPTIDE1,PEPTIDE1,1:R1-7:R2$$$",-8.62800000,ok,,flexible
"PEPTIDE1{dF.P.P.P.P.P.dP}$PEPTIDE1,PEPTIDE1,1:R1-7:R2$$$",-8.08400000,ok,,flexible
"PEPTIDE1{Mono6.P.P.dP.dP.T.dP}$PEPTIDE1,PEPTIDE1,1:R1-7:R2$$$",-7.16300000,ok,,flexible
"PEPTIDE1{dA.dP.dP.P.dP.T.dP}$PEPTIDE1,PEPTIDE1,1:R1-7:R2$$$",-6.70900000,ok,,flexible
"PEPTIDE1{A.dP.dP.P.dP.P.T}$PEPTIDE1,PEPTIDE1,1:R1-7:R2$$$",-7.05800000,ok,,flexible
"PEPTIDE1{dV.P.P.dP.dP.D.P}$PEPTIDE1,PEPTIDE1,1:R1-7:R2$$$",-6.91900000,ok,,flexible
"PEPTIDE1{F.Phe(4-CF3).P.P.dP.P.P}$PEPTIDE1,PEPTIDE1,1:R1-7:R2$$$",-7.06900000,ok,,flexible
"PEPTIDE1{Me_dA.cHexCH2_Gly.P.dP.P.dP.P}$PEPTIDE1,PEPTIDE1,1:R1-7:R2$$$",-7.08900000,ok,,flexible
"PEPTIDE1{F.P.P.dP.P.dP.dP}$PEPTIDE1,PEPTIDE1,1:R1-7:R2$$$",-7.75500000,ok,,flexible
"PEPTIDE1{F.dP.dP.P.P.P.dP}$PEPTIDE1,PEPTIDE1,1:R1-7:R2$$$",-7.77100000,ok,,flexible
"PEPTIDE1{Me_dA.P.dP.P.dP.dP.dP}$PEPTIDE1,PEPTIDE1,1:R1-7:R2$$$",-8.02100000,ok,,flexible
"PEPTIDE1{A.dP.P.P.P.T.D}$PEPTIDE1,PEPTIDE1,1:R1-7:R2$$$",-7.58500000,ok,,flexible
"PEPTIDE1{A.dP.P.dP.dP.T.D}$PEPTIDE1,PEPTIDE1,1:R1-7:R2$$$",-6.50400000,ok,,flexible
"PEPTIDE1{Mono6.P.P.P.P.D.T}$PEPTIDE1,PEPTIDE1,1:R1-7:R2$$$",-6.85200000,ok,,flexible
"PEPTIDE1{dF.G.dP.Mono84.P.dP.P}$PEPTIDE1,PEPTIDE1,1:R1-7:R2$$$",-7.58500000,ok,,flexible
"PEPTIDE1{dV.P.dP.dP.P.D.T}$PEPTIDE1,PEPTIDE1,1:R1-7:R2$$$",-6.56400000,ok,,flexible
"PEPTIDE1{Me_dA.dP.P.P.P.dP.T}$PEPTIDE1,PEPTIDE1,1:R1-7:R2$$$",-7.82400000,ok,,flexible
"PEPTIDE1{Me_dA.P.Phe(4-CF3).P.P.dP.dP}$PEPTIDE1,PEPTIDE1,1:R1-7:R2$$$",-8.06600000,ok,,flexible
"PEPTIDE1{dF.T.dP.dP.P.dP.D}$PEPTIDE1,PEPTIDE1,1:R1-7:R2$$$",-8.08600000,ok,,flexible
"PEPTIDE1{A.dP.P.P.dP.T.dP}$PEPTIDE1,PEPTIDE1,1:R1-7:R2$$$",-7.17400000,ok,,flexible
"PEPTIDE1{F.P.G.dP.P.P.P}$PEPTIDE1,PEPTIDE1,1:R1-7:R2$$$",-7.45000000,ok,,flexible
"PEPTIDE1{dP.dP.dP.T.P.P.D}$PEPTIDE1,PEPTIDE1,1:R1-7:R2$$$",-6.87700000,ok,,flexible
"PEPTIDE1{A.P.P.dP.dP.P.T}$PEPTIDE1,PEPTIDE1,1:R1-7:R2$$$",-7.37400000,ok,,flexible
"PEPTIDE1{Mono6.dP.P.P.dP.P.D}$PEPTIDE1,PEPTIDE1,1:R1-7:R2$$$",-6.95100000,ok,,flexible
"PEPTIDE1{dV.P.P.dP.dP.T.P}$PEPTIDE1,PEPTIDE1,1:R1-7:R2$$$",-7.14700000,ok,,flexible
"PEPTIDE1{Me_dA.P.P.P.T.D.dP}$PEPTIDE1,PEPTIDE1,1:R1-7:R2$$$",-6.62100000,ok,,flexible
"PEPTIDE1{dF.meL.T.dP.P.dP.P}$PEPTIDE1,PEPTIDE1,1:R1-7:R2$$$",-6.74400000,ok,,flexible
"PEPTIDE1{dA.dP.dP.dP.D.P.P}$PEPTIDE1,PEPTIDE1,1:R1-7:R2$$$",-8.01900000,ok,,flexible
"PEPTIDE1{P.P.P.dP.dP.dP.T}$PEPTIDE1,PEPTIDE1,1:R1-7:R2$$$",-8.10300000,ok,,flexible
"PEPTIDE1{dP.P.dP.dP.P.D.P}$PEPTIDE1,PEPTIDE1,1:R1-7:R2$$$",-7.61500000,ok,,flexible
"PEPTIDE1{P.meY.dP.P.P.dP.dP}$PEPTIDE1,PEPTIDE1,1:R1-7:R2$$$",-7.41900000,ok,,flexible
"PEPTIDE1{dA.P.P.P.P.T.dP}$PEPTIDE1,PEPTIDE1,1:R1-7:R2$$$",-7.30700000,ok,,flexible
"PEPTIDE1{dF.dP.dP.T.P.P.dP}$PEPTIDE1,PEPTIDE1,1:R1-7:R2$$$",-7.46900000,ok,,flexible
"PEPTIDE1{Me_dA.T.Mono84.P.dP.dP.P}$PEPTIDE1,PEPTIDE1,1:R1-7:R2$$$",-7.13500000,ok,,flexible
"PEPTIDE1{Me_Bal.Mono84.dP.D.dP.P.P}$PEPTIDE1,PEPTIDE1,1:R1-7:R2$$$",-7.25200000,ok,,flexible
"PEPTIDE1{dP.G.Mono84.T.P.Mono84.Y}$PEPTIDE1,PEPTIDE1,1:R1-7:R2$$$",-7.66800000,ok,,flexible
"PEPTIDE1{F.P.Mono84.P.P.P.dP}$PEPTIDE1,PEPTIDE1,1:R1-7:R2$$$",-8.43300000,ok,,flexible
"PEPTIDE1{Me_dA.F.G.G.T.dP.P}$PEPTIDE1,PEPTIDE1,1:R1-7:R2$$$",-7.31800000,ok,,flexible
"PEPTIDE1{dP.meY.dP.dP.D.P.P}$PEPTIDE1,PEPTIDE1,1:R1-7:R2$$$",-6.89500000,ok,,flexible
"PEPTIDE1{dF.Mono84.Mono84.dP.dP.P.P}$PEPTIDE1,PEPTIDE1,1:R1-7:R2$$$",-7.26500000,ok,,flexible
"PEPTIDE1{Me_dA.Phe(4-CF3).P.dP.dP.dP.P}$PEPTIDE1,PEPTIDE1,1:R1-7:R2$$$",-7.82500000,ok,,flexible
"PEPTIDE1{P.P.dP.dP.P.P.P}$PEPTIDE1,PEPTIDE1,1:R1-7:R2$$$",-8.50300000,ok,,flexible
"PEPTIDE1{F.G.Y.dP.P.Mono84.P}$PEPTIDE1,PEPTIDE1,1:R1-7:R2$$$",-8.43000000,ok,,flexible
"PEPTIDE1{dP.D.dP.dP.P.P.T}$PEPTIDE1,PEPTIDE1,1:R1-7:R2$$$",-6.94500000,ok,,flexible
"PEPTIDE1{F.G.dP.dP.P.dP.P}$PEPTIDE1,PEPTIDE1,1:R1-7:R2$$$",-7.74400000,ok,,flexible
"PEPTIDE1{dP.dP.P.dP.T.P.P}$PEPTIDE1,PEPTIDE1,1:R1-7:R2$$$",-7.45700000,ok,,flexible
"PEPTIDE1{Mono6.Me_dL.P.P.dP.P.dP}$PEPTIDE1,PEPTIDE1,1:R1-7:R2$$$",-7.06400000,ok,,flexible
"PEPTIDE1{P.Phe(4-CF3).Y.P.P.P.dP}$PEPTIDE1,PEPTIDE1,1:R1-7:R2$$$",-7.88300000,ok,,flexible
"PEPTIDE1{dF.dP.P.P.dP.dP.T}$PEPTIDE1,PEPTIDE1,1:R1-7:R2$$$",-7.59500000,ok,,flexible
"PEPTIDE1{F.P.P.P.dP.D.dP}$PEPTIDE1,PEPTIDE1,1:R1-7:R2$$$",-7.31600000,ok,,flexible
"PEPTIDE1{P.Phe(4-CF3).P.F.G.Mono84.Mono84}$PEPTIDE1,PEPTIDE1,1:R1-7:R2$$$",-6.44000000,ok,,flexible
"PEPTIDE1{dV.P.dP.P.P.P.dP}$PEPTIDE1,PEPTIDE1,1:R1-7:R2$$$",-7.90400000,ok,,flexible
"PEPTIDE1{dF.dP.P.dP.dP.dP.T}$PEPTIDE1,PEPTIDE1,1:R1-7:R2$$$",-7.25100000,ok,,flexible
"PEPTIDE1{P.Y.P.P.dP.P.P}$PEPTIDE1,PEPTIDE1,1:R1-7:R2$$$",-7.35000000,ok,,flexible
"PEPTIDE1{P.Phe(4-CF3).P.dP.dP.dP.D}$PEPTIDE1,PEPTIDE1,1:R1-7:R2$$$",-8.08200000,ok,,flexible
"PEPTIDE1{P.dP.Mono84.dP.P.P.P}$PEPTIDE1,PEPTIDE1,1:R1-7:R2$$$",-7.91300000,ok,,flexible
"PEPTIDE1{dP.P.P.P.P.T.D}$PEPTIDE1,PEPTIDE1,1:R1-7:R2$$$",-7.62200000,ok,,flexible
"PEPTIDE1{A.dP.P.dP.dP.T.Phe(4-CF3)}$PEPTIDE1,PEPTIDE1,1:R1-7:R2$$$",-7.39500000,ok,,flexible
"PEPTIDE1{Me_dA.Mono84.P.P.dP.P.P}$PEPTIDE1,PEPTIDE1,1:R1-7:R2$$$",-7.41300000,ok,,flexible
"PEPTIDE1{P.P.P.P.T.D.dP}$PEPTIDE1,PEPTIDE1,1:R1-7:R2$$$",-7.16600000,ok,,flexible
"PEPTIDE1{A.dP.P.P.P.P.Phe(4-CF3)}$PEPTIDE1,PEPTIDE1,1:R1-7:R2$$$",-7.66300000,ok,,flexible
"PEPTIDE1{dV.dP.dP.P.P.D.T}$PEPTIDE1,PEPTIDE1,1:R1-7:R2$$$",-7.41600000,ok,,flexible
"PEPTIDE1{Me_dA.P.dP.dP.dP.dP.P}$PEPTIDE1,PEPTIDE1,1:R1-7:R2$$$",-7.68300000,ok,,flexible
"PEPTIDE1{Me_dA.P.P.P.dP.P.T}$PEPTIDE1,PEPTIDE1,1:R1-7:R2$$$",-7.40300000,ok,,flexible
"PEPTIDE1{meA.G.T.dP.Mono84.P.P}$PEPTIDE1,PEPTIDE1,1:R1-7:R2$$$",-7.08900000,ok,,flexible
"PEPTIDE1{dA.F.A.P.Mono84.3Pal.T}$PEPTIDE1,PEPTIDE1,1:R1-7:R2$$$",-7.04400000,ok,,flexible
"PEPTIDE1{dF.P.P.P.P.P.T}$PEPTIDE1,PEPTIDE1,1:R1-7:R2$$$",-7.86000000,ok,,flexible
"PEPTIDE1{P.dP.P.dP.P.dP.T}$PEPTIDE1,PEPTIDE1,1:R1-7:R2$$$",-7.92400000,ok,,flexible
"PEPTIDE1{dV.dP.dP.D.P.T.dP}$PEPTIDE1,PEPTIDE1,1:R1-7:R2$$$",-6.67000000,ok,,flexible
"PEPTIDE1{P.F.G.dP.dP.dP.P}$PEPTIDE1,PEPTIDE1,1:R1-7:R2$$$",-7.38000000,ok,,flexible
"PEPTIDE1{dA.P.P.dP.dP.dP.dP}$PEPTIDE1,PEPTIDE1,1:R1-7:R2$$$",-7.72600000,ok,,flexible
"PEPTIDE1{P.dP.dP.dP.P.T.P}$PEPTIDE1,PEPTIDE1,1:R1-7:R2$$$",-7.26800000,ok,,flexible
"PEPTIDE1{dV.dP.P.dP.P.dP.P}$PEPTIDE1,PEPTIDE1,1:R1-7:R2$$$",-7.64200000,ok,,flexible
"PEPTIDE1{P.dP.Phe(4-CF3).P.dP.P.dP}$PEPTIDE1,PEPTIDE1,1:R1-7:R2$$$",-8.02900000,ok,,flexible
"PEPTIDE1{dP.dP.dP.P.P.P.D}$PEPTIDE1,PEPTIDE1,1:R1-7:R2$$$",-7.37200000,ok,,flexible
"PEPTIDE1{Mono6.P.dP.P.dP.dP.P}$PEPTIDE1,PEPTIDE1,1:R1-7:R2$$$",-8.48900000,ok,,flexible
"PEPTIDE1{Me_dA.G.Phe(4-CF3).P.dP.P.dP}$PEPTIDE1,PEPTIDE1,1:R1-7:R2$$$",-8.37000000,ok,,flexible
"PEPTIDE1{P.F.P.Y.Mono84.P.dP}$PEPTIDE1,PEPTIDE1,1:R1-7:R2$$$",-7.61200000,ok,,flexible
"PEPTIDE1{F.dP.dP.P.P.dP.dP}$PEPTIDE1,PEPTIDE1,1:R1-7:R2$$$",-8.63800000,ok,,flexible
"PEPTIDE1{P.A.Mono84.G.dP.G.P}$PEPTIDE1,PEPTIDE1,1:R1-7:R2$$$",-8.33900000,ok,,flexible
"PEPTIDE1{dF.P.P.P.P.dP.T}$PEPTIDE1,PEPTIDE1,1:R1-7:R2$$$",-8.02800000,ok,,flexible
"PEPTIDE1{Me_dA.P.dP.Phe(4-CF3).dP.P.dP}$PEPTIDE1,PEPTIDE1,1:R1-7:R2$$$",-7.42600000,ok,,flexible
"PEPTIDE1{F.Y.dP.P.dP.dP.P}$PEPTIDE1,PEPTIDE1,1:R1-7:R2$$$",-7.44600000,ok,,flexible
"PEPTIDE1{dA.dP.dP.P.P.D.T}$PEPTIDE1,PEPTIDE1,1:R1-7:R2$$$",-7.23900000,ok,,flexible
"PEPTIDE1{Me_dA.P.P.P.dP.T.dP}$PEPTIDE1,PEPTIDE1,1:R1-7:R2$$$",-7.33400000,ok,,flexible
"PEPTIDE1{dP.Y.P.P.dP.P.P}$PEPTIDE1,PEPTIDE1,1:R1-7:R2$$$",-8.22700000,ok,,flexible
"PEPTIDE1{F.dP.Y.T.Mono84.G.P}$PEPTIDE1,PEPTIDE1,1:R1-7:R2$$$",-7.02000000,ok,,flexible
"PEPTIDE1{Mono6.P.P.P.dP.dP.P}$PEPTIDE1,PEPTIDE1,1:R1-7:R2$$$",-8.11400000,ok,,flexible
"PEPTIDE1{meA.P.P.P.meY.dP.G}$PEPTIDE1,PEPTIDE1,1:R1-7:R2$$$",-8.18300000,ok,,flexible
"PEPTIDE1{P.P.dP.dP.P.dP.P}$PEPTIDE1,PEPTIDE1,1:R1-7:R2$$$",-8.26300000,ok,,flexible
"PEPTIDE1{Me_dA.F.P.Mono84.Y.F.T}$PEPTIDE1,PEPTIDE1,1:R1-7:R2$$$",-7.69800000,ok,,flexible
"PEPTIDE1{dA.P.dP.P.P.dP.T}$PEPTIDE1,PEPTIDE1,1:R1-7:R2$$$",-7.61400000,ok,,flexible
"PEPTIDE1{P.dP.P.P.P.dP.P}$PEPTIDE1,PEPTIDE1,1:R1-7:R2$$$",-8.05700000,ok,,flexible
"PEPTIDE1{A.P.G.P.dP.P.P}$PEPTIDE1,PEPTIDE1,1:R1-7:R2$$$",-7.88600000,ok,,flexible
"PEPTIDE1{Me_dA.dP.F.P.G.dP.Phe(4-CF3)}$PEPTIDE1,PEPTIDE1,1:R1-7:R2$$$",-7.68300000,ok,,flexible
"PEPTIDE1{P.Y.P.P.dP.P.dP}$PEPTIDE1,PEPTIDE1,1:R1-7:R2$$$",-8.48700000,ok,,flexible
"PEPTIDE1{dA.G.P.P.dP.P.dP}$PEPTIDE1,PEPTIDE1,1:R1-7:R2$$$",-7.66800000,ok,,flexible
"PEPTIDE1{dF.P.dP.P.dP.D.T}$PEPTIDE1,PEPTIDE1,1:R1-7:R2$$$",-6.48200000,ok,,flexible
"PEPTIDE1{dA.P.dP.dP.dP.D.P}$PEPTIDE1,PEPTIDE1,1:R1-7:R2$$$",-7.79400000,ok,,flexible
"PEPTIDE1{F.Mono84.P.P.dP.P.P}$PEPTIDE1,PEPTIDE1,1:R1-7:R2$$$",-7.56200000,ok,,flexible
"PEPTIDE1{dF.P.dP.dP.P.D.T}$PEPTIDE1,PEPTIDE1,1:R1-7:R2$$$",-6.64200000,ok,,flexible
"PEPTIDE1{Mono6.P.dP.dP.D.P.dP}$PEPTIDE1,PEPTIDE1,1:R1-7:R2$$$",-7.62300000,ok,,flexible
"PEPTIDE1{Mono6.dP.P.P.dP.T.P}$PEPTIDE1,PEPTIDE1,1:R1-7:R2$$$",-7.30800000,ok,,flexible
"PEPTIDE1{F.P.dP.P.P.P.T}$PEPTIDE1,PEPTIDE1,1:R1-7:R2$$$",-7.29400000,ok,,flexible
"PEPTIDE1{A.G.dP.Mono84.P.dP.P}$PEPTIDE1,PEPTIDE1,1:R1-7:R2$$$",-7.38500000,ok,,flexible
"PEPTIDE1{F.Mono84.P.Mono84.dP.dP.dP}$PEPTIDE1,PEPTIDE1,1:R1-7:R2$$$",-8.04700000,ok,,flexible
"PEPTIDE1{dP.F.T.P.P.P.dP}$PEPTIDE1,PEPTIDE1,1:R1-7:R2$$$",-6.85500000,ok,,flexible
"PEPTIDE1{P.dP.P.dP.dP.dP.T}$PEPTIDE1,PEPTIDE1,1:R1-7:R2$$$",-7.97600000,ok,,flexible
"PEPTIDE1{dF.dP.dP.P.dP.T.dP}$PEPTIDE1,PEPTIDE1,1:R1-7:R2$$$",-7.32000000,ok,,flexible
"PEPTIDE1{dA.P.T.P.P.dP.P}$PEPTIDE1,PEPTIDE1,1:R1-7:R2$$$",-7.51500000,ok,,flexible
"PEPTIDE1{P.G.dP.F.Y.Mono84.T}$PEPTIDE1,PEPTIDE1,1:R1-7:R2$$$",-7.09500000,ok,,flexible
"PEPTIDE1{dV.P.dP.dP.P.P.P}$PEPTIDE1,PEPTIDE1,1:R1-7:R2$$$",-7.46500000,ok,,flexible
"PEPTIDE1{P.dP.F.Y.P.P.dP}$PEPTIDE1,PEPTIDE1,1:R1-7:R2$$$",-7.64700000,ok,,flexible
"PEPTIDE1{A.P.dP.dP.P.P.dP}$PEPTIDE1,PEPTIDE1,1:R1-7:R2$$$",-8.28500000,ok,,flexible
"PEPTIDE1{P.Phe(4-CF3).dP.P.dP.dP.dP}$PEPTIDE1,PEPTIDE1,1:R1-7:R2$$$",-7.90500000,ok,,flexible
"PEPTIDE1{Me_dA.F.dP.P.P.dP.dP}$PEPTIDE1,PEPTIDE1,1:R1-7:R2$$$",-7.80200000,ok,,flexible
"PEPTIDE1{Me_dA.F.Y.P.dP.P.dP}$PEPTIDE1,PEPTIDE1,1:R1-7:R2$$$",-8.63800000,ok,,flexible
"PEPTIDE1{P.dP.P.dP.Phe(4-CF3).T.dP}$PEPTIDE1,PEPTIDE1,1:R1-7:R2$$$",-7.84500000,ok,,flexible
"PEPTIDE1{F.3Pal.P.P.P.dP.P}$PEPTIDE1,PEPTIDE1,1:R1-7:R2$$$",-7.34200000,ok,,flexible
"PEPTIDE1{P.P.dP.Y.dP.dP.P}$PEPTIDE1,PEPTIDE1,1:R1-7:R2$$$",-7.49600000,ok,,flexible
"PEPTIDE1{P.Phe(4-CF3).dP.dP.dP.P.P}$PEPTIDE1,PEPTIDE1,1:R1-7:R2$$$",-8.00700000,ok,,flexible
"PEPTIDE1{A.meY.dP.P.P.P.dP}$PEPTIDE1,PEPTIDE1,1:R1-7:R2$$$",-7.34800000,ok,,flexible
"PEPTIDE1{dP.dP.P.D.dP.P.T}$PEPTIDE1,PEPTIDE1,1:R1-7:R2$$$",-7.17500000,ok,,flexible
"PEPTIDE1{A.P.dP.Y.Mono84.P.P}$PEPTIDE1,PEPTIDE1,1:R1-7:R2$$$",-7.84300000,ok,,flexible
"PEPTIDE1{dF.P.dP.P.dP.D.P}$PEPTIDE1,PEPTIDE1,1:R1-7:R2$$$",-7.69800000,ok,,flexible
"PEPTIDE1{F.dP.G.P.P.dP.P}$PEPTIDE1,PEPTIDE1,1:R1-7:R2$$$",-7.26000000,ok,,flexible
"PEPTIDE1{F.P.Mono84.P.dP.dP.dP}$PEPTIDE1,PEPTIDE1,1:R1-7:R2$$$",-7.39000000,ok,,flexible
"PEPTIDE1{P.G.dP.P.dP.P.P}$PEPTIDE1,PEPTIDE1,1:R1-7:R2$$$",-7.81900000,ok,,flexible
"PEPTIDE1{A.Mono6.P.P.P.dP.P}$PEPTIDE1,PEPTIDE1,1:R1-7:R2$$$",-7.37400000,ok,,flexible
"PEPTIDE1{Me_dA.F.dP.P.P.P.dP}$PEPTIDE1,PEPTIDE1,1:R1-7:R2$$$",-7.63200000,ok,,flexible
"PEPTIDE1{dA.F.P.Mono84.dP.dP.Y}$PEPTIDE1,PEPTIDE1,1:R1-7:R2$$$",-7.47100000,ok,,flexible
"PEPTIDE1{P.Y.P.dP.P.P.dP}$PEPTIDE1,PEPTIDE1,1:R1-7:R2$$$",-7.47100000,ok,,flexible
"PEPTIDE1{A.dP.dP.dP.P.P.P}$PEPTIDE1,PEPTIDE1,1:R1-7:R2$$$",-7.41400000,ok,,flexible
"PEPTIDE1{F.dP.dP.P.dP.P.T}$PEPTIDE1,PEPTIDE1,1:R1-7:R2$$$",-7.27700000,ok,,flexible
"PEPTIDE1{Mono6.P.dP.dP.P.P.T}$PEPTIDE1,PEPTIDE1,1:R1-7:R2$$$",-7.81200000,ok,,flexible
"PEPTIDE1{dP.D.P.P.P.dP.T}$PEPTIDE1,PEPTIDE1,1:R1-7:R2$$$",-7.46900000,ok,,flexible
"PEPTIDE1{dP.Y.dP.P.P.P.P}$PEPTIDE1,PEPTIDE1,1:R1-7:R2$$$",-8.09700000,ok,,flexible
"PEPTIDE1{F.Y.Mono84.P.dP.P.P}$PEPTIDE1,PEPTIDE1,1:R1-7:R2$$$",-7.28200000,ok,,flexible
"PEPTIDE1{dP.P.dP.P.P.P.T}$PEPTIDE1,PEPTIDE1,1:R1-7:R2$$$",-7.81000000,ok,,flexible
"PEPTIDE1{P.dP.Phe(4-CF3).dP.P.dP.P}$PEPTIDE1,PEPTIDE1,1:R1-7:R2$$$",-7.71800000,ok,,flexible
"PEPTIDE1{P.F.G.P.dP.P.dP}$PEPTIDE1,PEPTIDE1,1:R1-7:R2$$$",-7.64100000,ok,,flexible
"PEPTIDE1{dA.P.dP.dP.P.dP.D}$PEPTIDE1,PEPTIDE1,1:R1-7:R2$$$",-7.33900000,ok,,flexible
"PEPTIDE1{P.dP.dP.dP.dP.P.P}$PEPTIDE1,PEPTIDE1,1:R1-7:R2$$$",-8.31400000,ok,,flexible
"PEPTIDE1{A.P.dP.P.P.P.dP}$PEPTIDE1,PEPTIDE1,1:R1-7:R2$$$",-8.18700000,ok,,flexible
"PEPTIDE1{A.dP.P.P.dP.P.dP}$PEPTIDE1,PEPTIDE1,1:R1-7:R2$$$",-7.87700000,ok,,flexible
"PEPTIDE1{Mono6.P.P.P.dP.P.D}$PEPTIDE1,PEPTIDE1,1:R1-7:R2$$$",-7.85500000,ok,,flexible
"PEPTIDE1{Me_dA.dP.P.dP.dP.P.Phe(4-CF3)}$PEPTIDE1,PEPTIDE1,1:R1-7:R2$$$",-7.80300000,ok,,flexible
"PEPTIDE1{dP.dP.P.dP.T.D.P}$PEPTIDE1,PEPTIDE1,1:R1-7:R2$$$",-6.64500000,ok,,flexible
"PEPTIDE1{A.Phe(4-CF3).P.dP.dP.P.dP}$PEPTIDE1,PEPTIDE1,1:R1-7:R2$$$",-7.74200000,ok,,flexible
"PEPTIDE1{F.T.P.P.dP.P.dP}$PEPTIDE1,PEPTIDE1,1:R1-7:R2$$$",-7.12400000,ok,,flexible
"PEPTIDE1{P.dP.dP.P.P.dP.D}$PEPTIDE1,PEPTIDE1,1:R1-7:R2$$$",-7.60800000,ok,,flexible
"PEPTIDE1{dF.G.P.dP.dP.P.dP}$PEPTIDE1,PEPTIDE1,1:R1-7:R2$$$",-7.53400000,ok,,flexible
"PEPTIDE1{Mono6.P.P.P.P.dP.T}$PEPTIDE1,PEPTIDE1,1:R1-7:R2$$$",-7.38300000,ok,,flexible
"PEPTIDE1{meA.P.dP.P.P.dP.dP}$PEPTIDE1,PEPTIDE1,1:R1-7:R2$$$",-7.67000000,ok,,flexible
"PEPTIDE1{dA.dP.F.P.G.G.Phe(4-CF3)}$PEPTIDE1,PEPTIDE1,1:R1-7:R2$$$",-6.87600000,ok,,flexible
"PEPTIDE1{F.Y.G.P.dP.P.dP}$PEPTIDE1,PEPTIDE1,1:R1-7:R2$$$",-7.87300000,ok,,flexible
"PEPTIDE1{F.Phe(4-CF3).dP.P.P.dP.dP}$PEPTIDE1,PEPTIDE1,1:R1-7:R2$$$",-7.75100000,ok,,flexible
"PEPTIDE1{Mono6.dP.P.dP.dP.T.Phe(4-CF3)}$PEPTIDE1,PEPTIDE1,1:R1-7:R2$$$",-7.87700000,ok,,flexible
"PEPTIDE1{P.A.dP.P.dP.dP.D}$PEPTIDE1,PEPTIDE1,1:R1-7:R2$$$",-7.65700000,ok,,flexible
"PEPTIDE1{Me_dA.dP.dP.dP.P.dP.P}$PEPTIDE1,PEPTIDE1,1:R1-7:R2$$$",-7.93100000,ok,,flexible
"PEPTIDE1{Me_dA.P.P.P.T.dP.D}$PEPTIDE1,PEPTIDE1,1:R1-7:R2$$$",-6.81100000,ok,,flexible
"PEPTIDE1{dP.dP.P.dP.P.dP.T}$PEPTIDE1,PEPTIDE1,1:R1-7:R2$$$",-7.67500000,ok,,flexible
"PEPTIDE1{dF.P.dP.dP.dP.T.dP}$PEPTIDE1,PEPTIDE1,1:R1-7:R2$$$",-7.16900000,ok,,flexible
"PEPTIDE1{dA.dP.P.P.P.Phe(4-CF3).dP}$PEPTIDE1,PEPTIDE1,1:R1-7:R2$$$",-7.57100000,ok,,flexible
"PEPTIDE1{dV.dP.dP.P.D.P.P}$PEPTIDE1,PEPTIDE1,1:R1-7:R2$$$",-6.96300000,ok,,flexible
"PEPTIDE1{dP.F.Y.P.T.P.P}$PEPTIDE1,PEPTIDE1,1:R1-7:R2$$$",-7.32400000,ok,,flexible
"PEPTIDE1{Mono6.dP.P.dP.dP.P.D}$PEPTIDE1,PEPTIDE1,1:R1-7:R2$$$",-7.27000000,ok,,flexible
"PEPTIDE1{A.G.P.P.P.dP.P}$PEPTIDE1,PEPTIDE1,1:R1-7:R2$$$",-7.39300000,ok,,flexible
"PEPTIDE1{dF.dP.Mono84.dP.dP.P.P}$PEPTIDE1,PEPTIDE1,1:R1-7:R2$$$",-7.46200000,ok,,flexible
"PEPTIDE1{P.Y.P.dP.P.P.D}$PEPTIDE1,PEPTIDE1,1:R1-7:R2$$$",-7.09500000,ok,,flexible
"PEPTIDE1{dF.Mono84.dP.dP.P.P.dP}$PEPTIDE1,PEPTIDE1,1:R1-7:R2$$$",-7.37400000,ok,,flexible
"PEPTIDE1{dV.dP.P.dP.dP.P.T}$PEPTIDE1,PEPTIDE1,1:R1-7:R2$$$",-6.86100000,ok,,flexible
"PEPTIDE1{dF.dP.dP.dP.dP.P.P}$PEPTIDE1,PEPTIDE1,1:R1-7:R2$$$",-8.32900000,ok,,flexible
"PEPTIDE1{dA.dP.dP.dP.P.D.P}$PEPTIDE1,PEPTIDE1,1:R1-7:R2$$$",-7.48500000,ok,,flexible
"PEPTIDE1{dP.F.P.dP.P.dP.dP}$PEPTIDE1,PEPTIDE1,1:R1-7:R2$$$",-8.62600000,ok,,flexible
"PEPTIDE1{A.Mono84.P.dP.dP.dP.P}$PEPTIDE1,PEPTIDE1,1:R1-7:R2$$$",-7.86200000,ok,,flexible
"PEPTIDE1{P.dP.Y.dP.dP.P.P}$PEPTIDE1,PEPTIDE1,1:R1-7:R2$$$",-7.46500000,ok,,flexible
"PEPTIDE1{A.meY.P.dP.P.dP.P}$PEPTIDE1,PEPTIDE1,1:R1-7:R2$$$",-7.87500000,ok,,flexible
"PEPTIDE1{P.dP.dP.P.dP.dP.P}$PEPTIDE1,PEPTIDE1,1:R1-7:R2$$$",-8.90100000,ok,,flexible
"PEPTIDE1{Me_dA.dP.P.P.P.dP.D}$PEPTIDE1,PEPTIDE1,1:R1-7:R2$$$",-7.57800000,ok,,flexible
"PEPTIDE1{dP.P.P.dP.D.P.T}$PEPTIDE1,PEPTIDE1,1:R1-7:R2$$$",-6.83600000,ok,,flexible
"PEPTIDE1{P.Phe(4-CF3).P.dP.P.P.P}$PEPTIDE1,PEPTIDE1,1:R1-7:R2$$$",-7.97100000,ok,,flexible
"PEPTIDE1{P.P.dP.P.P.dP.D}$PEPTIDE1,PEPTIDE1,1:R1-7:R2$$$",-7.96000000,ok,,flexible
"PEPTIDE1{meA.dP.dP.P.dP.P.D}$PEPTIDE1,PEPTIDE1,1:R1-7:R2$$$",-6.95400000,ok,,flexible
"PEPTIDE1{Me_dA.F.Mono84.P.dP.P.dP}$PEPTIDE1,PEPTIDE1,1:R1-7:R2$$$",-7.95900000,ok,,flexible
"PEPTIDE1{dA.dP.dP.dP.D.P.T}$PEPTIDE1,PEPTIDE1,1:R1-7:R2$$$",-7.34300000,ok,,flexible
"PEPTIDE1{P.dP.P.dP.dP.P.dP}$PEPTIDE1,PEPTIDE1,1:R1-7:R2$$$",-8.10500000,ok,,flexible
"PEPTIDE1{Me_dA.Me_dL.P.dP.dP.P.dP}$PEPTIDE1,PEPTIDE1,1:R1-7:R2$$$",-7.39300000,ok,,flexible
"PEPTIDE1{dA.dP.P.dP.P.dP.P}$PEPTIDE1,PEPTIDE1,1:R1-7:R2$$$",-7.95800000,ok,,flexible
"PEPTIDE1{dF.Mono84.P.dP.P.P.dP}$PEPTIDE1,PEPTIDE1,1:R1-7:R2$$$",-8.43600000,ok,,flexible
"PEPTIDE1{Me_dA.Y.P.dP.dP.P.dP}$PEPTIDE1,PEPTIDE1,1:R1-7:R2$$$",-7.31500000,ok,,flexible
"PEPTIDE1{F.meL.P.dP.dP.P.P}$PEPTIDE1,PEPTIDE1,1:R1-7:R2$$$",-7.56800000,ok,,flexible
"PEPTIDE1{Me_Bal.P.F.Phe(4-CF3).Mono84.dP.dP}$PEPTIDE1,PEPTIDE1,1:R1-7:R2$$$",-7.43700000,ok,,flexible
"PEPTIDE1{dF.G.P.dP.P.P.P}$PEPTIDE1,PEPTIDE1,1:R1-7:R2$$$",-7.58900000,ok,,flexible
"PEPTIDE1{Me_dA.Mono84.dP.dP.dP.P.Y}$PEPTIDE1,PEPTIDE1,1:R1-7:R2$$$",-7.44000000,ok,,flexible
"PEPTIDE1{A.dP.P.dP.dP.P.D}$PEPTIDE1,PEPTIDE1,1:R1-7:R2$$$",-7.95700000,ok,,flexible
"PEPTIDE1{A.P.P.Mono84.T.P.P}$PEPTIDE1,PEPTIDE1,1:R1-7:R2$$$",-7.34800000,ok,,flexible
"PEPTIDE1{P.dP.P.dP.P.P.Phe(4-CF3)}$PEPTIDE1,PEPTIDE1,1:R1-7:R2$$$",-7.32800000,ok,,flexible
"PEPTIDE1{dA.P.dP.P.dP.dP.T}$PEPTIDE1,PEPTIDE1,1:R1-7:R2$$$",-7.11200000,ok,,flexible
"PEPTIDE1{dA.dP.dP.dP.P.D.T}$PEPTIDE1,PEPTIDE1,1:R1-7:R2$$$",-6.57400000,ok,,flexible
"PEPTIDE1{P.Phe(4-CF3).dP.dP.P.dP.dP}$PEPTIDE1,PEPTIDE1,1:R1-7:R2$$$",-8.25800000,ok,,flexible
"PEPTIDE1{dF.P.dP.dP.T.P.dP}$PEPTIDE1,PEPTIDE1,1:R1-7:R2$$$",-7.61000000,ok,,flexible
"PEPTIDE1{A.dP.P.P.P.P.T}$PEPTIDE1,PEPTIDE1,1:R1-7:R2$$$",-7.68500000,ok,,flexible
"PEPTIDE1{dV.P.P.dP.P.dP.dP}$PEPTIDE1,PEPTIDE1,1:R1-7:R2$$$",-7.58700000,ok,,flexible
"PEPTIDE1{A.dP.P.dP.dP.dP.P}$PEPTIDE1,PEPTIDE1,1:R1-7:R2$$$",-8.12500000,ok,,flexible
"PEPTIDE1{dF.Mono84.dP.P.P.dP.dP}$PEPTIDE1,PEPTIDE1,1:R1-7:R2$$$",-7.58400000,ok,,flexible
"PEPTIDE1{dF.G.dP.P.P.P.dP}$PEPTIDE1,PEPTIDE1,1:R1-7:R2$$$",-7.16800000,ok,,flexible
"PEPTIDE1{P.P.P.dP.dP.P.T}$PEPTIDE1,PEPTIDE1,1:R1-7:R2$$$",-8.15900000,ok,,flexible
"PEPTIDE1{F.T.P.dP.P.P.dP}$PEPTIDE1,PEPTIDE1,1:R1-7:R2$$$",-7.25500000,ok,,flexible
"PEPTIDE1{dA.P.P.P.P.dP.dP}$PEPTIDE1,PEPTIDE1,1:R1-7:R2$$$",-8.32800000,ok,,flexible
"PEPTIDE1{dA.P.P.G.3Pal.T.Mono86}$PEPTIDE1,PEPTIDE1,1:R1-7:R2$$$",-6.45600000,ok,,flexible
"PEPTIDE1{dP.meY.P.P.dP.P.dP}$PEPTIDE1,PEPTIDE1,1:R1-7:R2$$$",-7.64700000,ok,,flexible
"PEPTIDE1{dF.dP.dP.P.P.P.D}$PEPTIDE1,PEPTIDE1,1:R1-7:R2$$$",-7.68400000,ok,,flexible
"PEPTIDE1{P.P.P.dP.P.D.dP}$PEPTIDE1,PEPTIDE1,1:R1-7:R2$$$",-8.16900000,ok,,flexible
"PEPTIDE1{P.T.dP.P.dP.dP.P}$PEPTIDE1,PEPTIDE1,1:R1-7:R2$$$",-7.08800000,ok,,flexible
"PEPTIDE1{dV.P.P.P.dP.T.D}$PEPTIDE1,PEPTIDE1,1:R1-7:R2$$$",-7.18000000,ok,,flexible
"PEPTIDE1{F.P.Mono84.dP.P.dP.P}$PEPTIDE1,PEPTIDE1,1:R1-7:R2$$$",-7.80900000,ok,,flexible
"PEPTIDE1{Mono6.P.P.dP.dP.T.P}$PEPTIDE1,PEPTIDE1,1:R1-7:R2$$$",-7.44400000,ok,,flexible
"PEPTIDE1{dF.Mono84.P.P.P.P.P}$PEPTIDE1,PEPTIDE1,1:R1-7:R2$$$",-7.15800000,ok,,flexible
"PEPTIDE1{F.Mono84.dP.Y.P.dP.P}$PEPTIDE1,PEPTIDE1,1:R1-7:R2$$$",-7.79400000,ok,,flexible
"PEPTIDE1{A.P.P.P.P.T.dP}$PEPTIDE1,PEPTIDE1,1:R1-7:R2$$$",-7.04000000,ok,,flexible
"PEPTIDE1{Me_dA.G.Phe(4-CF3).dP.P.dP.dP}$PEPTIDE1,PEPTIDE1,1:R1-7:R2$$$",-7.31800000,ok,,flexible
"PEPTIDE1{Mono6.P.dP.P.P.D.dP}$PEPTIDE1,PEPTIDE1,1:R1-7:R2$$$",-7.04800000,ok,,flexible
"PEPTIDE1{A.P.dP.F.T.P.Y}$PEPTIDE1,PEPTIDE1,1:R1-7:R2$$$",-6.79700000,ok,,flexible
"PEPTIDE1{P.P.P.P.dP.T.dP}$PEPTIDE1,PEPTIDE1,1:R1-7:R2$$$",-7.69500000,ok,,flexible
"PEPTIDE1{Me_dA.meY.P.dP.P.dP.dP}$PEPTIDE1,PEPTIDE1,1:R1-7:R2$$$",-8.22300000,ok,,flexible
"PEPTIDE1{dV.P.dP.P.dP.dP.P}$PEPTIDE1,PEPTIDE1,1:R1-7:R2$$$",-7.32400000,ok,,flexible
"PEPTIDE1{Me_dA.Y.dP.P.P.dP.dP}$PEPTIDE1,PEPTIDE1,1:R1-7:R2$$$",-7.53400000,ok,,flexible
"PEPTIDE1{dF.P.dP.P.P.D.T}$PEPTIDE1,PEPTIDE1,1:R1-7:R2$$$",-7.00700000,ok,,flexible
"PEPTIDE1{Me_dA.G.P.dP.P.dP.dP}$PEPTIDE1,PEPTIDE1,1:R1-7:R2$$$",-7.83500000,ok,,flexible
"PEPTIDE1{dP.Y.P.P.P.dP.P}$PEPTIDE1,PEPTIDE1,1:R1-7:R2$$$",-7.66300000,ok,,flexible
"PEPTIDE1{P.P.dP.P.dP.dP.dP}$PEPTIDE1,PEPTIDE1,1:R1-7:R2$$$",-7.98400000,ok,,flexible
"PEPTIDE1{P.Y.P.dP.dP.P.dP}$PEPTIDE1,PEPTIDE1,1:R1-7:R2$$$",-7.57300000,ok,,flexible
"PEPTIDE1{dF.P.P.P.P.dP.D}$PEPTIDE1,PEPTIDE1,1:R1-7:R2$$$",-7.54000000,ok,,flexible
"PEPTIDE1{A.P.Y.dP.dP.P.dP}$PEPTIDE1,PEPTIDE1,1:R1-7:R2$$$",-7.78800000,ok,,flexible
"PEPTIDE1{dF.dP.P.P.P.P.D}$PEPTIDE1,PEPTIDE1,1:R1-7:R2$$$",-6.74200000,ok,,flexible
"PEPTIDE1{Me_dA.meY.dP.Y.dP.P.P}$PEPTIDE1,PEPTIDE1,1:R1-7:R2$$$",-7.86900000,ok,,flexible
"PEPTIDE1{dP.dP.dP.P.P.T.P}$PEPTIDE1,PEPTIDE1,1:R1-7:R2$$$",-7.32600000,ok,,flexible
"PEPTIDE1{dA.dP.P.P.dP.D.P}$PEPTIDE1,PEPTIDE1,1:R1-7:R2$$$",-7.45400000,ok,,flexible
"PEPTIDE1{A.Y.T.Mono84.P.dP.P}$PEPTIDE1,PEPTIDE1,1:R1-7:R2$$$",-7.15300000,ok,,flexible
"PEPTIDE1{Me_dA.P.P.P.P.dP.dP}$PEPTIDE1,PEPTIDE1,1:R1-7:R2$$$",-7.96500000,ok,,flexible
"PEPTIDE1{dF.P.F.dP.dP.G.Mono84}$PEPTIDE1,PEPTIDE1,1:R1-7:R2$$$",-8.28200000,ok,,flexible
"PEPTIDE1{F.P.dP.P.dP.dP.T}$PEPTIDE1,PEPTIDE1,1:R1-7:R2$$$",-8.12600000,ok,,flexible
"PEPTIDE1{Me_dA.F.T.dP.P.P.dP}$PEPTIDE1,PEPTIDE1,1:R1-7:R2$$$",-7.12800000,ok,,flexible
"PEPTIDE1{dP.meY.dP.P.D.dP.P}$PEPTIDE1,PEPTIDE1,1:R1-7:R2$$$",-7.41600000,ok,,flexible
"PEPTIDE1{dF.P.F.dP.G.dP.P}$PEPTIDE1,PEPTIDE1,1:R1-7:R2$$$",-6.56400000,ok,,flexible
"PEPTIDE1{A.dP.P.dP.P.dP.dP}$PEPTIDE1,PEPTIDE1,1:R1-7:R2$$$",-7.89000000,ok,,flexible
"PEPTIDE1{Mono6.P.P.dP.P.D.T}$PEPTIDE1,PEPTIDE1,1:R1-7:R2$$$",-7.05100000,ok,,flexible
"PEPTIDE1{A.dP.dP.dP.dP.P.T}$PEPTIDE1,PEPTIDE1,1:R1-7:R2$$$",-7.60300000,ok,,flexible
"PEPTIDE1{Me_dA.F.Y.P.dP.P.P}$PEPTIDE1,PEPTIDE1,1:R1-7:R2$$$",-7.40600000,ok,,flexible
"PEPTIDE1{Me_dA.P.P.P.P.T.P}$PEPTIDE1,PEPTIDE1,1:R1-7:R2$$$",-7.20200000,ok,,flexible
"PEPTIDE1{F.Mono84.dP.P.dP.P.P}$PEPTIDE1,PEPTIDE1,1:R1-7:R2$$$",-7.31700000,ok,,flexible
"PEPTIDE1{F.dP.3Pal.Y.dP.P.P}$PEPTIDE1,PEPTIDE1,1:R1-7:R2$$$",-7.15100000,ok,,flexible
"PEPTIDE1{F.P.Y.dP.P.dP.P}$PEPTIDE1,PEPTIDE1,1:R1-7:R2$$$",-7.97700000,ok,,flexible
"PEPTIDE1{Mono6.P.dP.dP.T.P.P}$PEPTIDE1,PEPTIDE1,1:R1-7:R2$$$",-7.77900000,ok,,flexible
"PEPTIDE1{Me_Bal.dP.P.P.dP.dP.T}$PEPTIDE1,PEPTIDE1,1:R1-7:R2$$$",-7.02800000,ok,,flexible
"PEPTIDE1{Me_dA.A.Mono84.P.P.dP.P}$PEPTIDE1,PEPTIDE1,1:R1-7:R2$$$",-7.44300000,ok,,flexible
"PEPTIDE1{F.Mono84.Y.Mono84.dP.P.P}$PEPTIDE1,PEPTIDE1,1:R1-7:R2$$$",-7.09700000,ok,,flexible
"PEPTIDE1{dF.Mono84.G.P.P.dP.dP}$PEPTIDE1,PEPTIDE1,1:R1-7:R2$$$",-7.65000000,ok,,flexible
"PEPTIDE1{dF.dP.P.dP.dP.T.P}$PEPTIDE1,PEPTIDE1,1:R1-7:R2$$$",-7.19000000,ok,,flexible
"PEPTIDE1{dP.F.T.P.P.dP.dP}$PEPTIDE1,PEPTIDE1,1:R1-7:R2$$$",-8.24600000,ok,,flexible
"PEPTIDE1{Me_dA.P.P.P.dP.D.T}$PEPTIDE1,PEPTIDE1,1:R1-7:R2$$$",-6.59300000,ok,,flexible
"PEPTIDE1{Me_Bal.dP.Y.Mono84.dP.P.dP}$PEPTIDE1,PEPTIDE1,1:R1-7:R2$$$",-7.27000000,ok,,flexible
"PEPTIDE1{dA.Phe(4-CF3).P.dP.dP.P.P}$PEPTIDE1,PEPTIDE1,1:R1-7:R2$$$",-7.38400000,ok,,flexible
"PEPTIDE1{P.Phe(4-CF3).P.dP.P.P.T}$PEPTIDE1,PEPTIDE1,1:R1-7:R2$$$",-7.27900000,ok,,flexible
"PEPTIDE1{P.Phe(4-CF3).dP.Y.dP.P.P}$PEPTIDE1,PEPTIDE1,1:R1-7:R2$$$",-7.54100000,ok,,flexible
"PEPTIDE1{dA.Y.G.P.dP.dP.P}$PEPTIDE1,PEPTIDE1,1:R1-7:R2$$$",-8.43200000,ok,,flexible
"PEPTIDE1{dF.Mono84.P.dP.dP.dP.P}$PEPTIDE1,PEPTIDE1,1:R1-7:R2$$$",-7.97400000,ok,,flexible
"PEPTIDE1{P.Phe(4-CF3).dP.P.dP.P.dP}$PEPTIDE1,PEPTIDE1,1:R1-7:R2$$$",-8.54300000,ok,,flexible
"PEPTIDE1{A.P.dP.dP.P.T.dP}$PEPTIDE1,PEPTIDE1,1:R1-7:R2$$$",-7.27300000,ok,,flexible
"PEPTIDE1{dA.P.dP.dP.dP.P.T}$PEPTIDE1,PEPTIDE1,1:R1-7:R2$$$",-7.27600000,ok,,flexible
"PEPTIDE1{dA.F.dP.dP.P.dP.P}$PEPTIDE1,PEPTIDE1,1:R1-7:R2$$$",-7.94500000,ok,,flexible
"PEPTIDE1{F.cHexCH2_Gly.dP.P.P.P.P}$PEPTIDE1,PEPTIDE1,1:R1-7:R2$$$",-7.49800000,ok,,flexible
"PEPTIDE1{dA.Me_dL.P.dP.P.dP.dP}$PEPTIDE1,PEPTIDE1,1:R1-7:R2$$$",-7.46100000,ok,,flexible
"PEPTIDE1{dP.F.Y.Phe(4-CF3).dP.dP.P}$PEPTIDE1,PEPTIDE1,1:R1-7:R2$$$",-7.68700000,ok,,flexible
"PEPTIDE1{dV.P.dP.P.dP.P.T}$PEPTIDE1,PEPTIDE1,1:R1-7:R2$$$",-7.82200000,ok,,flexible
"PEPTIDE1{dF.dP.dP.dP.T.P.P}$PEPTIDE1,PEPTIDE1,1:R1-7:R2$$$",-8.19200000,ok,,flexible
"PEPTIDE1{dF.G.F.P.dP.Y.dP}$PEPTIDE1,PEPTIDE1,1:R1-7:R2$$$",-7.08400000,ok,,flexible
"PEPTIDE1{A.P.P.P.P.D.dP}$PEPTIDE1,PEPTIDE1,1:R1-7:R2$$$",-7.46200000,ok,,flexible
"PEPTIDE1{Mono6.3Pal.dP.P.dP.dP.T}$PEPTIDE1,PEPTIDE1,1:R1-7:R2$$$",-7.41600000,ok,,flexible
"PEPTIDE1{F.A.P.dP.dP.dP.P}$PEPTIDE1,PEPTIDE1,1:R1-7:R2$$$",-7.62200000,ok,,flexible
"PEPTIDE1{Me_dA.dP.dP.T.dP.P.T}$PEPTIDE1,PEPTIDE1,1:R1-7:R2$$$",-7.04200000,ok,,flexible
"PEPTIDE1{dP.Y.P.P.dP.P.dP}$PEPTIDE1,PEPTIDE1,1:R1-7:R2$$$",-8.68700000,ok,,flexible
"PEPTIDE1{F.dP.T.Phe(4-CF3).P.dP.dP}$PEPTIDE1,PEPTIDE1,1:R1-7:R2$$$",-8.33100000,ok,,flexible
"PEPTIDE1{dV.P.P.P.dP.dP.P}$PEPTIDE1,PEPTIDE1,1:R1-7:R2$$$",-7.74100000,ok,,flexible
"PEPTIDE1{Mono6.dP.dP.dP.P.T.P}$PEPTIDE1,PEPTIDE1,1:R1-7:R2$$$",-7.52900000,ok,,flexible
"PEPTIDE1{F.Y.dP.P.dP.P.P}$PEPTIDE1,PEPTIDE1,1:R1-7:R2$$$",-8.34400000,ok,,flexible
"PEPTIDE1{dP.P.P.P.D.T.P}$PEPTIDE1,PEPTIDE1,1:R1-7:R2$$$",-6.90700000,ok,,flexible
"PEPTIDE1{dP.P.P.dP.P.T.P}$PEPTIDE1,PEPTIDE1,1:R1-7:R2$$$",-7.45400000,ok,,flexible
"PEPTIDE1{A.P.F.P.G.Phe(4-CF3).dP}$PEPTIDE1,PEPTIDE1,1:R1-7:R2$$$",-7.42600000,ok,,flexible
"PEPTIDE1{P.dP.F.Y.G.Phe(4-CF3).3Pal}$PEPTIDE1,PEPTIDE1,1:R1-7:R2$$$",-6.72800000,ok,,flexible
"PEPTIDE1{P.dP.dP.dP.P.P.T}$PEPTIDE1,PEPTIDE1,1:R1-7:R2$$$",-7.32300000,ok,,flexible
"PEPTIDE1{Me_Bal.F.dP.Mono84.P.dP.P}$PEPTIDE1,PEPTIDE1,1:R1-7:R2$$$",-7.27400000,ok,,flexible
"PEPTIDE1{F.P.Mono84.Y.dP.P.dP}$PEPTIDE1,PEPTIDE1,1:R1-7:R2$$$",-7.20600000,ok,,flexible
"PEPTIDE1{dA.P.dP.dP.T.P.dP}$PEPTIDE1,PEPTIDE1,1:R1-7:R2$$$",-7.48500000,ok,,flexible
"PEPTIDE1{dF.P.Mono84.dP.dP.P.P}$PEPTIDE1,PEPTIDE1,1:R1-7:R2$$$",-8.07800000,ok,,flexible
"PEPTIDE1{dA.P.dP.dP.dP.P.dP}$PEPTIDE1,PEPTIDE1,1:R1-7:R2$$$",-8.06200000,ok,,flexible
"PEPTIDE1{dP.P.P.P.T.dP.D}$PEPTIDE1,PEPTIDE1,1:R1-7:R2$$$",-6.90900000,ok,,flexible
"PEPTIDE1{A.P.T.P.P.dP.P}$PEPTIDE1,PEPTIDE1,1:R1-7:R2$$$",-7.50700000,ok,,flexible
"PEPTIDE1{A.G.dP.P.P.dP.dP}$PEPTIDE1,PEPTIDE1,1:R1-7:R2$$$",-7.66000000,ok,,flexible
"PEPTIDE1{Mono6.dP.T.Mono84.P.P.dP}$PEPTIDE1,PEPTIDE1,1:R1-7:R2$$$",-6.93300000,ok,,flexible
"PEPTIDE1{P.Phe(4-CF3).dP.dP.P.P.P}$PEPTIDE1,PEPTIDE1,1:R1-7:R2$$$",-7.71800000,ok,,flexible
"PEPTIDE1{dP.dP.P.D.P.P.dP}$PEPTIDE1,PEPTIDE1,1:R1-7:R2$$$",-7.85800000,ok,,flexible
"PEPTIDE1{P.dP.P.dP.D.P.dP}$PEPTIDE1,PEPTIDE1,1:R1-7:R2$$$",-7.88600000,ok,,flexible
"PEPTIDE1{Mono6.P.P.P.P.dP.P}$PEPTIDE1,PEPTIDE1,1:R1-7:R2$$$",-7.79100000,ok,,flexible
"PEPTIDE1{P.F.dP.G.P.dP.dP}$PEPTIDE1,PEPTIDE1,1:R1-7:R2$$$",-7.97100000,ok,,flexible
"PEPTIDE1{dV.P.P.dP.dP.P.P}$PEPTIDE1,PEPTIDE1,1:R1-7:R2$$$",-7.50800000,ok,,flexible
"PEPTIDE1{dV.dP.dP.P.dP.P.P}$PEPTIDE1,PEPTIDE1,1:R1-7:R2$$$",-7.48400000,ok,,flexible
"PEPTIDE1{F.Mono84.dP.P.P.dP.dP}$PEPTIDE1,PEPTIDE1,1:R1-7:R2$$$",-7.78100000,ok,,flexible
"PEPTIDE1{F.dP.dP.dP.dP.P.P}$PEPTIDE1,PEPTIDE1,1:R1-7:R2$$$",-8.10700000,ok,,flexible
"PEPTIDE1{Mono6.dP.D.P.P.dP.dP}$PEPTIDE1,PEPTIDE1,1:R1-7:R2$$$",-7.44000000,ok,,flexible
"PEPTIDE1{F.G.P.dP.dP.P.dP}$PEPTIDE1,PEPTIDE1,1:R1-7:R2$$$",-7.17500000,ok,,flexible
"PEPTIDE1{A.G.T.F.P.dP.P}$PEPTIDE1,PEPTIDE1,1:R1-7:R2$$$",-7.14700000,ok,,flexible
"PEPTIDE1{dA.T.dP.dP.P.P.P}$PEPTIDE1,PEPTIDE1,1:R1-7:R2$$$",-7.76300000,ok,,flexible
"PEPTIDE1{Mono6.dP.dP.D.P.T.dP}$PEPTIDE1,PEPTIDE1,1:R1-7:R2$$$",-7.51700000,ok,,flexible
"PEPTIDE1{dP.dP.P.dP.D.P.P}$PEPTIDE1,PEPTIDE1,1:R1-7:R2$$$",-7.00500000,ok,,flexible
"PEPTIDE1{dA.dP.dP.dP.T.Phe(4-CF3).P}$PEPTIDE1,PEPTIDE1,1:R1-7:R2$$$",-6.96200000,ok,,flexible
"PEPTIDE1{P.Y.dP.dP.P.dP.dP}$PEPTIDE1,PEPTIDE1,1:R1-7:R2$$$",-8.08000000,ok,,flexible
"PEPTIDE1{A.P.dP.dP.Y.P.P}$PEPTIDE1,PEPTIDE1,1:R1-7:R2$$$",-7.54600000,ok,,flexible
"PEPTIDE1{A.P.Y.dP.P.dP.dP}$PEPTIDE1,PEPTIDE1,1:R1-7:R2$$$",-7.51700000,ok,,flexible
"PEPTIDE1{A.P.dP.P.P.D.T}$PEPTIDE1,PEPTIDE1,1:R1-7:R2$$$",-7.04900000,ok,,flexible
"PEPTIDE1{Mono6.dP.P.P.P.dP.D}$PEPTIDE1,PEPTIDE1,1:R1-7:R2$$$",-7.95600000,ok,,flexible
"PEPTIDE1{Mono6.meY.F.D.P.Y.dP}$PEPTIDE1,PEPTIDE1,1:R1-7:R2$$$",-6.35400000,ok,,flexible
"PEPTIDE1{dP.dP.P.dP.P.D.T}$PEPTIDE1,PEPTIDE1,1:R1-7:R2$$$",-7.46700000,ok,,flexible
"PEPTIDE1{dF.Mono84.dP.dP.dP.P.T}$PEPTIDE1,PEPTIDE1,1:R1-7:R2$$$",-7.76600000,ok,,flexible
"PEPTIDE1{A.dP.dP.P.dP.D.P}$PEPTIDE1,PEPTIDE1,1:R1-7:R2$$$",-7.84600000,ok,,flexible
"PEPTIDE1{dA.P.P.dP.Phe(4-CF3).dP.P}$PEPTIDE1,PEPTIDE1,1:R1-7:R2$$$",-7.83300000,ok,,flexible
"PEPTIDE1{Me_dA.P.P.P.T.dP.dP}$PEPTIDE1,PEPTIDE1,1:R1-7:R2$$$",-7.33600000,ok,,flexible
"PEPTIDE1{F.Mono84.P.P.P.dP.P}$PEPTIDE1,PEPTIDE1,1:R1-7:R2$$$",-7.93500000,ok,,flexible
"PEPTIDE1{F.Mono84.Mono84.dP.P.P.P}$PEPTIDE1,PEPTIDE1,1:R1-7:R2$$$",-7.96100000,ok,,flexible
"PEPTIDE1{P.P.dP.P.dP.dP.P}$PEPTIDE1,PEPTIDE1,1:R1-7:R2$$$",-7.96300000,ok,,flexible
"PEPTIDE1{F.G.dP.Mono84.P.P.dP}$PEPTIDE1,PEPTIDE1,1:R1-7:R2$$$",-7.29400000,ok,,flexible
"PEPTIDE1{F.Mono84.G.dP.P.P.dP}$PEPTIDE1,PEPTIDE1,1:R1-7:R2$$$",-7.43900000,ok,,flexible
"PEPTIDE1{F.T.dP.P.P.dP.dP}$PEPTIDE1,PEPTIDE1,1:R1-7:R2$$$",-7.23900000,ok,,flexible
"PEPTIDE1{F.P.P.dP.dP.dP.T}$PEPTIDE1,PEPTIDE1,1:R1-7:R2$$$",-7.21600000,ok,,flexible
"PEPTIDE1{Me_Bal.cHexCH2_Gly.dP.P.P.P.dP}$PEPTIDE1,PEPTIDE1,1:R1-7:R2$$$",-7.20300000,ok,,flexible
"PEPTIDE1{Me_dA.F.dP.dP.P.P.dP}$PEPTIDE1,PEPTIDE1,1:R1-7:R2$$$",-8.11100000,ok,,flexible
"PEPTIDE1{dA.P.dP.P.D.P.T}$PEPTIDE1,PEPTIDE1,1:R1-7:R2$$$",-7.14700000,ok,,flexible
"PEPTIDE1{Me_dA.P.Phe(4-CF3).dP.dP.P.P}$PEPTIDE1,PEPTIDE1,1:R1-7:R2$$$",-8.11000000,ok,,flexible
"PEPTIDE1{dP.G.P.dP.dP.P.P}$PEPTIDE1,PEPTIDE1,1:R1-7:R2$$$",-7.82700000,ok,,flexible
"PEPTIDE1{dF.Mono84.dP.P.P.P.dP}$PEPTIDE1,PEPTIDE1,1:R1-7:R2$$$",-8.11300000,ok,,flexible
"PEPTIDE1{Me_dA.dP.Y.dP.P.P.P}$PEPTIDE1,PEPTIDE1,1:R1-7:R2$$$",-7.72700000,ok,,flexible
"PEPTIDE1{Me_dA.dP.dP.dP.D.T.dP}$PEPTIDE1,PEPTIDE1,1:R1-7:R2$$$",-7.13300000,ok,,flexible
"PEPTIDE1{dP.Y.P.dP.P.P.dP}$PEPTIDE1,PEPTIDE1,1:R1-7:R2$$$",-7.70800000,ok,,flexible
"PEPTIDE1{dA.G.Mono84.P.T.Mono84.3Pal}$PEPTIDE1,PEPTIDE1,1:R1-7:R2$$$",-6.88100000,ok,,flexible
"PEPTIDE1{dF.3Pal.P.dP.dP.P.P}$PEPTIDE1,PEPTIDE1,1:R1-7:R2$$$",-7.51700000,ok,,flexible
"PEPTIDE1{F.P.P.P.P.D.dP}$PEPTIDE1,PEPTIDE1,1:R1-7:R2$$$",-7.31700000,ok,,flexible
"PEPTIDE1{A.F.G.Mono84.P.P.Mono84}$PEPTIDE1,PEPTIDE1,1:R1-7:R2$$$",-7.92400000,ok,,flexible
"PEPTIDE1{P.Mono84.G.dP.dP.T.dP}$PEPTIDE1,PEPTIDE1,1:R1-7:R2$$$",-7.27300000,ok,,flexible
"PEPTIDE1{dF.P.P.P.dP.dP.dP}$PEPTIDE1,PEPTIDE1,1:R1-7:R2$$$",-7.44300000,ok,,flexible
"PEPTIDE1{dP.dP.T.P.dP.P.P}$PEPTIDE1,PEPTIDE1,1:R1-7:R2$$$",-7.77600000,ok,,flexible
"PEPTIDE1{Me_dA.P.meY.P.dP.dP.dP}$PEPTIDE1,PEPTIDE1,1:R1-7:R2$$$",-8.24900000,ok,,flexible
"PEPTIDE1{Me_dA.P.dP.P.P.dP.T}$PEPTIDE1,PEPTIDE1,1:R1-7:R2$$$",-7.22000000,ok,,flexible
"PEPTIDE1{P.F.Y.P.P.P.P}$PEPTIDE1,PEPTIDE1,1:R1-7:R2$$$",-7.59200000,ok,,flexible
"PEPTIDE1{dF.P.G.dP.P.dP.dP}$PEPTIDE1,PEPTIDE1,1:R1-7:R2$$$",-7.71100000,ok,,flexible
"PEPTIDE1{dF.P.P.dP.dP.D.T}$PEPTIDE1,PEPTIDE1,1:R1-7:R2$$$",-7.32100000,ok,,flexible
"PEPTIDE1{P.dP.dP.P.dP.dP.T}$PEPTIDE1,PEPTIDE1,1:R1-7:R2$$$",-7.39600000,ok,,flexible
"PEPTIDE1{Mono6.P.dP.P.P.P.D}$PEPTIDE1,PEPTIDE1,1:R1-7:R2$$$",-7.28900000,ok,,flexible
"PEPTIDE1{dA.Phe(4-CF3).P.P.P.P.dP}$PEPTIDE1,PEPTIDE1,1:R1-7:R2$$$",-7.27000000,ok,,flexible
"PEPTIDE1{A.Phe(4-CF3).P.P.Y.3Pal.Mono84}$PEPTIDE1,PEPTIDE1,1:R1-7:R2$$$",-7.22700000,ok,,flexible
"PEPTIDE1{Me_dA.P.P.P.P.T.Phe(4-CF3)}$PEPTIDE1,PEPTIDE1,1:R1-7:R2$$$",-8.20500000,ok,,flexible
"PEPTIDE1{Me_dA.G.dP.dP.Mono84.P.dP}$PEPTIDE1,PEPTIDE1,1:R1-7:R2$$$",-7.68600000,ok,,flexible
"PEPTIDE1{A.dP.P.dP.P.dP.D}$PEPTIDE1,PEPTIDE1,1:R1-7:R2$$$",-7.92800000,ok,,flexible
"PEPTIDE1{dA.Mono84.P.D.P.dP.P}$PEPTIDE1,PEPTIDE1,1:R1-7:R2$$$",-7.02900000,ok,,flexible
"PEPTIDE1{A.dP.P.dP.dP.P.dP}$PEPTIDE1,PEPTIDE1,1:R1-7:R2$$$",-8.19600000,ok,,flexible
"PEPTIDE1{Me_dA.F.G.Mono84.dP.P.dP}$PEPTIDE1,PEPTIDE1,1:R1-7:R2$$$",-7.48300000,ok,,flexible
"PEPTIDE1{dA.dP.P.dP.dP.D.P}$PEPTIDE1,PEPTIDE1,1:R1-7:R2$$$",-7.12800000,ok,,flexible
"PEPTIDE1{F.P.dP.dP.P.dP.T}$PEPTIDE1,PEPTIDE1,1:R1-7:R2$$$",-7.00700000,ok,,flexible
"PEPTIDE1{A.dP.F.Y.P.dP.P}$PEPTIDE1,PEPTIDE1,1:R1-7:R2$$$",-7.08600000,ok,,flexible
"PEPTIDE1{dA.P.dP.P.P.P.D}$PEPTIDE1,PEPTIDE1,1:R1-7:R2$$$",-7.03400000,ok,,flexible
"PEPTIDE1{P.G.Y.Phe(4-CF3).dP.dP.dP}$PEPTIDE1,PEPTIDE1,1:R1-7:R2$$$",-7.15100000,ok,,flexible
"PEPTIDE1{F.D.P.P.P.dP.P}$PEPTIDE1,PEPTIDE1,1:R1-7:R2$$$",-7.09400000,ok,,flexible
"PEPTIDE1{dF.T.dP.dP.P.P.P}$PEPTIDE1,PEPTIDE1,1:R1-7:R2$$$",-7.32800000,ok,,flexible
"PEPTIDE1{dV.dP.P.P.P.dP.D}$PEPTIDE1,PEPTIDE1,1:R1-7:R2$$$",-7.24700000,ok,,flexible
"PEPTIDE1{Mono6.dP.D.P.P.P.dP}$PEPTIDE1,PEPTIDE1,1:R1-7:R2$$$",-7.07700000,ok,,flexible
"PEPTIDE1{dP.dP.P.P.dP.D.P}$PEPTIDE1,PEPTIDE1,1:R1-7:R2$$$",-7.83800000,ok,,flexible
"PEPTIDE1{F.P.Mono84.P.P.dP.P}$PEPTIDE1,PEPTIDE1,1:R1-7:R2$$$",-7.41200000,ok,,flexible
"PEPTIDE1{Me_dA.P.P.P.dP.dP.P}$PEPTIDE1,PEPTIDE1,1:R1-7:R2$$$",-8.14000000,ok,,flexible
"PEPTIDE1{F.Y.T.P.dP.dP.dP}$PEPTIDE1,PEPTIDE1,1:R1-7:R2$$$",-7.34600000,ok,,flexible
"PEPTIDE1{Me_dA.Phe(4-CF3).P.dP.dP.dP.dP}$PEPTIDE1,PEPTIDE1,1:R1-7:R2$$$",-7.81500000,ok,,flexible
"PEPTIDE1{P.P.P.P.dP.dP.D}$PEPTIDE1,PEPTIDE1,1:R1-7:R2$$$",-7.05500000,ok,,flexible
"PEPTIDE1{dP.G.P.P.P.P.Phe(4-CF3)}$PEPTIDE1,PEPTIDE1,1:R1-7:R2$$$",-8.41400000,ok,,flexible
"PEPTIDE1{P.P.Y.dP.P.dP.P}$PEPTIDE1,PEPTIDE1,1:R1-7:R2$$$",-7.95500000,ok,,flexible
"PEPTIDE1{Me_dA.dP.G.P.P.dP.dP}$PEPTIDE1,PEPTIDE1,1:R1-7:R2$$$",-7.40600000,ok,,flexible
"PEPTIDE1{P.dP.dP.P.P.P.D}$PEPTIDE1,PEPTIDE1,1:R1-7:R2$$$",-7.43000000,ok,,flexible
"PEPTIDE1{Mono6.dP.dP.dP.T.P.D}$PEPTIDE1,PEPTIDE1,1:R1-7:R2$$$",-6.93500000,ok,,flexible
"PEPTIDE1{Me_dA.dP.G.D.dP.dP.Phe(4-CF3)}$PEPTIDE1,PEPTIDE1,1:R1-7:R2$$$",-7.06500000,ok,,flexible
"PEPTIDE1{dF.P.dP.dP.dP.T.P}$PEPTIDE1,PEPTIDE1,1:R1-7:R2$$$",-7.56500000,ok,,flexible
"PEPTIDE1{meA.dP.P.P.P.P.dP}$PEPTIDE1,PEPTIDE1,1:R1-7:R2$$$",-7.87900000,ok,,flexible
"PEPTIDE1{F.G.P.P.dP.Phe(4-CF3).T}$PEPTIDE1,PEPTIDE1,1:R1-7:R2$$$",-7.39800000,ok,,flexible
"PEPTIDE1{Me_Bal.dP.dP.dP.P.P.P}$PEPTIDE1,PEPTIDE1,1:R1-7:R2$$$",-8.08700000,ok,,flexible
"PEPTIDE1{dF.dP.P.dP.dP.P.dP}$PEPTIDE1,PEPTIDE1,1:R1-7:R2$$$",-7.94200000,ok,,flexible
"PEPTIDE1{dA.T.dP.P.P.P.P}$PEPTIDE1,PEPTIDE1,1:R1-7:R2$$$",-7.36600000,ok,,flexible
"PEPTIDE1{Me_dA.dP.P.P.dP.D.T}$PEPTIDE1,PEPTIDE1,1:R1-7:R2$$$",-7.49800000,ok,,flexible
"PEPTIDE1{Me_dA.dP.P.dP.dP.Y.P}$PEPTIDE1,PEPTIDE1,1:R1-7:R2$$$",-7.80700000,ok,,flexible
"PEPTIDE1{F.Mono84.G.P.dP.P.P}$PEPTIDE1,PEPTIDE1,1:R1-7:R2$$$",-7.77000000,ok,,flexible
"PEPTIDE1{dA.dP.dP.dP.P.P.T}$PEPTIDE1,PEPTIDE1,1:R1-7:R2$$$",-7.24800000,ok,,flexible
"PEPTIDE1{dA.P.dP.P.P.T.dP}$PEPTIDE1,PEPTIDE1,1:R1-7:R2$$$",-7.55000000,ok,,flexible
"PEPTIDE1{dF.G.Mono84.P.P.P.dP}$PEPTIDE1,PEPTIDE1,1:R1-7:R2$$$",-7.46900000,ok,,flexible
"PEPTIDE1{F.dP.dP.dP.P.T.dP}$PEPTIDE1,PEPTIDE1,1:R1-7:R2$$$",-7.66400000,ok,,flexible
"PEPTIDE1{Me_dA.P.G.dP.P.dP.P}$PEPTIDE1,PEPTIDE1,1:R1-7:R2$$$",-8.52400000,ok,,flexible
"PEPTIDE1{dA.dP.Y.P.P.P.Phe(4-CF3)}$PEPTIDE1,PEPTIDE1,1:R1-7:R2$$$",-7.39100000,ok,,flexible
"PEPTIDE1{A.dP.P.dP.T.P.dP}$PEPTIDE1,PEPTIDE1,1:R1-7:R2$$$",-7.90800000,ok,,flexible
"PEPTIDE1{dF.P.P.dP.P.D.P}$PEPTIDE1,PEPTIDE1,1:R1-7:R2$$$",-8.01700000,ok,,flexible
"PEPTIDE1{F.G.G.dP.dP.P.P}$PEPTIDE1,PEPTIDE1,1:R1-7:R2$$$",-7.74400000,ok,,flexible
"PEPTIDE1{Mono6.dP.P.dP.P.D.T}$PEPTIDE1,PEPTIDE1,1:R1-7:R2$$$",-6.65400000,ok,,flexible
"PEPTIDE1{F.G.Mono84.dP.P.P.P}$PEPTIDE1,PEPTIDE1,1:R1-7:R2$$$",-7.46900000,ok,,flexible
"PEPTIDE1{Mono6.P.dP.dP.dP.P.T}$PEPTIDE1,PEPTIDE1,1:R1-7:R2$$$",-7.35600000,ok,,flexible
"PEPTIDE1{dP.P.dP.dP.P.P.D}$PEPTIDE1,PEPTIDE1,1:R1-7:R2$$$",-7.76400000,ok,,flexible
"PEPTIDE1{F.T.dP.dP.dP.P.Phe(4-CF3)}$PEPTIDE1,PEPTIDE1,1:R1-7:R2$$$",-7.07600000,ok,,flexible
"PEPTIDE1{P.G.G.dP.P.dP.dP}$PEPTIDE1,PEPTIDE1,1:R1-7:R2$$$",-7.87200000,ok,,flexible
"PEPTIDE1{P.P.P.P.dP.dP.T}$PEPTIDE1,PEPTIDE1,1:R1-7:R2$$$",-7.48900000,ok,,flexible
"PEPTIDE1{dA.P.P.P.dP.P.dP}$PEPTIDE1,PEPTIDE1,1:R1-7:R2$$$",-8.00200000,ok,,flexible
"PEPTIDE1{Me_Bal.P.Y.Phe(4-CF3).dP.P.dP}$PEPTIDE1,PEPTIDE1,1:R1-7:R2$$$",-8.42400000,ok,,flexible
"PEPTIDE1{F.dP.P.Phe(4-CF3).P.dP.dP}$PEPTIDE1,PEPTIDE1,1:R1-7:R2$$$",-8.28700000,ok,,flexible
"PEPTIDE1{Me_dA.Y.Mono84.P.dP.P.dP}$PEPTIDE1,PEPTIDE1,1:R1-7:R2$$$",-7.86200000,ok,,flexible
"PEPTIDE1{A.T.dP.P.P.dP.P}$PEPTIDE1,PEPTIDE1,1:R1-7:R2$$$",-7.42700000,ok,,flexible
"PEPTIDE1{F.A.P.dP.dP.P.dP}$PEPTIDE1,PEPTIDE1,1:R1-7:R2$$$",-7.69300000,ok,,flexible
"PEPTIDE1{A.P.P.P.dP.P.D}$PEPTIDE1,PEPTIDE1,1:R1-7:R2$$$",-7.43600000,ok,,flexible
"PEPTIDE1{F.3Pal.Mono84.P.dP.P.P}$PEPTIDE1,PEPTIDE1,1:R1-7:R2$$$",-7.36300000,ok,,flexible
"PEPTIDE1{P.Mono84.G.P.T.P.P}$PEPTIDE1,PEPTIDE1,1:R1-7:R2$$$",-7.47700000,ok,,flexible
"PEPTIDE1{A.F.P.dP.D.dP.dP}$PEPTIDE1,PEPTIDE1,1:R1-7:R2$$$",-6.95000000,ok,,flexible
"PEPTIDE1{Me_dA.P.dP.P.P.T.dP}$PEPTIDE1,PEPTIDE1,1:R1-7:R2$$$",-6.94000000,ok,,flexible
"PEPTIDE1{dP.dP.P.dP.P.T.dP}$PEPTIDE1,PEPTIDE1,1:R1-7:R2$$$",-7.26000000,ok,,flexible
"PEPTIDE1{dF.P.dP.P.dP.dP.dP}$PEPTIDE1,PEPTIDE1,1:R1-7:R2$$$",-7.52400000,ok,,flexible
"PEPTIDE1{Me_dA.P.Phe(4-CF3).P.P.P.dP}$PEPTIDE1,PEPTIDE1,1:R1-7:R2$$$",-7.41600000,ok,,flexible
"PEPTIDE1{A.Y.P.P.dP.P.P}$PEPTIDE1,PEPTIDE1,1:R1-7:R2$$$",-7.45500000,ok,,flexible
"PEPTIDE1{dF.P.P.P.dP.dP.D}$PEPTIDE1,PEPTIDE1,1:R1-7:R2$$$",-7.45600000,ok,,flexible
"PEPTIDE1{F.Y.Mono84.dP.P.P.dP}$PEPTIDE1,PEPTIDE1,1:R1-7:R2$$$",-7.74600000,ok,,flexible
"PEPTIDE1{Me_dA.P.dP.P.P.P.P}$PEPTIDE1,PEPTIDE1,1:R1-7:R2$$$",-8.18200000,ok,,flexible
"PEPTIDE1{Me_dA.G.dP.Phe(4-CF3).dP.P.dP}$PEPTIDE1,PEPTIDE1,1:R1-7:R2$$$",-7.71800000,ok,,flexible
"PEPTIDE1{Me_dA.meY.dP.P.dP.dP.P}$PEPTIDE1,PEPTIDE1,1:R1-7:R2$$$",-7.84300000,ok,,flexible
"PEPTIDE1{F.3Pal.dP.P.dP.dP.T}$PEPTIDE1,PEPTIDE1,1:R1-7:R2$$$",-7.04200000,ok,,flexible
"PEPTIDE1{A.F.meL.P.Mono84.dP.dP}$PEPTIDE1,PEPTIDE1,1:R1-7:R2$$$",-7.09400000,ok,,flexible
"PEPTIDE1{P.Mono84.Mono84.dP.dP.P.dP}$PEPTIDE1,PEPTIDE1,1:R1-7:R2$$$",-8.49600000,ok,,flexible
"PEPTIDE1{F.Y.dP.P.dP.P.dP}$PEPTIDE1,PEPTIDE1,1:R1-7:R2$$$",-7.17700000,ok,,flexible
"PEPTIDE1{dV.P.P.P.dP.dP.T}$PEPTIDE1,PEPTIDE1,1:R1-7:R2$$$",-7.74500000,ok,,flexible
"PEPTIDE1{dF.P.Y.Mono84.D.P.P}$PEPTIDE1,PEPTIDE1,1:R1-7:R2$$$",-6.86700000,ok,,flexible
"PEPTIDE1{F.dP.Mono84.P.Y.dP.dP}$PEPTIDE1,PEPTIDE1,1:R1-7:R2$$$",-7.98100000,ok,,flexible
"PEPTIDE1{Me_dA.P.Phe(4-CF3).dP.dP.P.dP}$PEPTIDE1,PEPTIDE1,1:R1-7:R2$$$",-7.84000000,ok,,flexible
"PEPTIDE1{F.P.dP.dP.P.P.P}$PEPTIDE1,PEPTIDE1,1:R1-7:R2$$$",-7.14800000,ok,,flexible
"PEPTIDE1{Mono6.P.P.P.T.D.Y}$PEPTIDE1,PEPTIDE1,1:R1-7:R2$$$",-6.97700000,ok,,flexible
"PEPTIDE1{dF.D.P.P.P.P.T}$PEPTIDE1,PEPTIDE1,1:R1-7:R2$$$",-7.05300000,ok,,flexible
"PEPTIDE1{F.P.Phe(4-CF3).dP.P.dP.dP}$PEPTIDE1,PEPTIDE1,1:R1-7:R2$$$",-7.92400000,ok,,flexible
"PEPTIDE1{dA.Me_dL.dP.dP.P.dP.dP}$PEPTIDE1,PEPTIDE1,1:R1-7:R2$$$",-6.95500000,ok,,flexible
"PEPTIDE1{F.T.dP.dP.P.dP.Phe(4-CF3)}$PEPTIDE1,PEPTIDE1,1:R1-7:R2$$$",-7.25700000,ok,,flexible
"PEPTIDE1{dA.P.P.dP.P.P.dP}$PEPTIDE1,PEPTIDE1,1:R1-7:R2$$$",-7.87000000,ok,,flexible
"PEPTIDE1{Mono6.dP.P.P.dP.dP.T}$PEPTIDE1,PEPTIDE1,1:R1-7:R2$$$",-7.72800000,ok,,flexible
"PEPTIDE1{dF.dP.3Pal.P.dP.P.P}$PEPTIDE1,PEPTIDE1,1:R1-7:R2$$$",-7.17500000,ok,,flexible
"PEPTIDE1{P.F.D.P.dP.P.dP}$PEPTIDE1,PEPTIDE1,1:R1-7:R2$$$",-7.52200000,ok,,flexible
"PEPTIDE1{Mono6.P.dP.P.P.dP.D}$PEPTIDE1,PEPTIDE1,1:R1-7:R2$$$",-7.12300000,ok,,flexible
"PEPTIDE1{A.dP.P.dP.P.Phe(4-CF3).P}$PEPTIDE1,PEPTIDE1,1:R1-7:R2$$$",-7.34800000,ok,,flexible
"PEPTIDE1{dF.P.T.dP.P.P.dP}$PEPTIDE1,PEPTIDE1,1:R1-7:R2$$$",-7.20300000,ok,,flexible
"PEPTIDE1{Me_Bal.P.Y.dP.P.P.dP}$PEPTIDE1,PEPTIDE1,1:R1-7:R2$$$",-7.63800000,ok,,flexible
"PEPTIDE1{Mono6.dP.Mono84.dP.P.P.dP}$PEPTIDE1,PEPTIDE1,1:R1-7:R2$$$",-7.69000000,ok,,flexible
"PEPTIDE1{F.meY.dP.P.dP.P.P}$PEPTIDE1,PEPTIDE1,1:R1-7:R2$$$",-6.73400000,ok,,flexible
"PEPTIDE1{Me_dA.T.dP.P.P.dP.P}$PEPTIDE1,PEPTIDE1,1:R1-7:R2$$$",-7.12100000,ok,,flexible
"PEPTIDE1{A.Y.dP.dP.P.P.P}$PEPTIDE1,PEPTIDE1,1:R1-7:R2$$$",-7.65800000,ok,,flexible
"PEPTIDE1{Mono6.P.P.dP.P.P.D}$PEPTIDE1,PEPTIDE1,1:R1-7:R2$$$",-7.16100000,ok,,flexible
"PEPTIDE1{A.dP.dP.T.P.P.D}$PEPTIDE1,PEPTIDE1,1:R1-7:R2$$$",-6.55600000,ok,,flexible
"PEPTIDE1{P.Me_dA.dP.P.dP.P.dP}$PEPTIDE1,PEPTIDE1,1:R1-7:R2$$$",-8.33400000,ok,,flexible
"PEPTIDE1{dF.dP.F.dP.P.dP.Y}$PEPTIDE1,PEPTIDE1,1:R1-7:R2$$$",-7.70300000,ok,,flexible
"PEPTIDE1{dV.dP.P.P.P.dP.P}$PEPTIDE1,PEPTIDE1,1:R1-7:R2$$$",-7.19900000,ok,,flexible
"PEPTIDE1{Mono6.dP.dP.P.P.dP.T}$PEPTIDE1,PEPTIDE1,1:R1-7:R2$$$",-8.48400000,ok,,flexible
"PEPTIDE1{dA.P.P.dP.P.dP.D}$PEPTIDE1,PEPTIDE1,1:R1-7:R2$$$",-7.55400000,ok,,flexible
"PEPTIDE1{F.Phe(4-CF3).P.dP.P.dP.P}$PEPTIDE1,PEPTIDE1,1:R1-7:R2$$$",-7.24600000,ok,,flexible
"PEPTIDE1{dP.G.P.P.P.P.T}$PEPTIDE1,PEPTIDE1,1:R1-7:R2$$$",-6.71200000,ok,,flexible
"PEPTIDE1{dF.Mono84.P.dP.dP.P.P}$PEPTIDE1,PEPTIDE1,1:R1-7:R2$$$",-8.93900000,ok,,flexible
"PEPTIDE1{dP.dP.dP.dP.D.P.P}$PEPTIDE1,PEPTIDE1,1:R1-7:R2$$$",-7.20600000,ok,,flexible
"PEPTIDE1{P.Y.dP.F.G.G.Mono84}$PEPTIDE1,PEPTIDE1,1:R1-7:R2$$$",-7.79800000,ok,,flexible
"PEPTIDE1{A.P.P.P.P.dP.D}$PEPTIDE1,PEPTIDE1,1:R1-7:R2$$$",-7.43700000,ok,,flexible
"PEPTIDE1{dP.dP.P.D.T.dP.T}$PEPTIDE1,PEPTIDE1,1:R1-7:R2$$$",-6.89100000,ok,,flexible
"PEPTIDE1{dA.dP.Phe(4-CF3).P.P.dP.dP}$PEPTIDE1,PEPTIDE1,1:R1-7:R2$$$",-7.48900000,ok,,flexible
"PEPTIDE1{Me_dA.G.dP.dP.dP.dP.P}$PEPTIDE1,PEPTIDE1,1:R1-7:R2$$$",-8.27700000,ok,,flexible
"PEPTIDE1{F.Y.P.dP.dP.dP.dP}$PEPTIDE1,PEPTIDE1,1:R1-7:R2$$$",-7.64500000,ok,,flexible
"PEPTIDE1{F.D.P.dP.P.P.dP}$PEPTIDE1,PEPTIDE1,1:R1-7:R2$$$",-6.81600000,ok,,flexible
"PEPTIDE1{F.Y.P.dP.P.P.P}$PEPTIDE1,PEPTIDE1,1:R1-7:R2$$$",-7.64700000,ok,,flexible
"PEPTIDE1{A.T.P.P.dP.P.P}$PEPTIDE1,PEPTIDE1,1:R1-7:R2$$$",-7.30400000,ok,,flexible
"PEPTIDE1{dP.G.P.dP.dP.P.Phe(4-CF3)}$PEPTIDE1,PEPTIDE1,1:R1-7:R2$$$",-8.50200000,ok,,flexible
"PEPTIDE1{dP.Me_dA.P.P.dP.dP.P}$PEPTIDE1,PEPTIDE1,1:R1-7:R2$$$",-8.22400000,ok,,flexible
"PEPTIDE1{dV.dP.dP.dP.P.P.T}$PEPTIDE1,PEPTIDE1,1:R1-7:R2$$$",-7.02000000,ok,,flexible
"PEPTIDE1{meA.dP.dP.P.P.dP.P}$PEPTIDE1,PEPTIDE1,1:R1-7:R2$$$",-7.66700000,ok,,flexible
"PEPTIDE1{Me_dA.P.P.P.D.dP.T}$PEPTIDE1,PEPTIDE1,1:R1-7:R2$$$",-6.90900000,ok,,flexible
"PEPTIDE1{dA.P.P.P.dP.T.D}$PEPTIDE1,PEPTIDE1,1:R1-7:R2$$$",-6.46400000,ok,,flexible
"PEPTIDE1{P.Y.dP.P.dP.P.dP}$PEPTIDE1,PEPTIDE1,1:R1-7:R2$$$",-7.86700000,ok,,flexible
"PEPTIDE1{F.Phe(4-CF3).P.P.dP.P.dP}$PEPTIDE1,PEPTIDE1,1:R1-7:R2$$$",-7.50100000,ok,,flexible
"PEPTIDE1{dF.T.P.dP.P.P.dP}$PEPTIDE1,PEPTIDE1,1:R1-7:R2$$$",-7.79300000,ok,,flexible
"PEPTIDE1{dA.F.P.dP.P.P.Phe(4-CF3)}$PEPTIDE1,PEPTIDE1,1:R1-7:R2$$$",-7.26800000,ok,,flexible
"PEPTIDE1{dA.P.Phe(4-CF3).dP.P.dP.dP}$PEPTIDE1,PEPTIDE1,1:R1-7:R2$$$",-7.82200000,ok,,flexible
"PEPTIDE1{Me_dA.G.dP.P.dP.dP.dP}$PEPTIDE1,PEPTIDE1,1:R1-7:R2$$$",-7.95000000,ok,,flexible
"PEPTIDE1{dP.Y.P.P.dP.dP.D}$PEPTIDE1,PEPTIDE1,1:R1-7:R2$$$",-6.86400000,ok,,flexible
"PEPTIDE1{dA.P.P.dP.dP.dP.D}$PEPTIDE1,PEPTIDE1,1:R1-7:R2$$$",-7.55700000,ok,,flexible
"PEPTIDE1{A.P.P.dP.P.D.dP}$PEPTIDE1,PEPTIDE1,1:R1-7:R2$$$",-7.23800000,ok,,flexible
"PEPTIDE1{F.P.dP.G.Phe(4-CF3).P.dP}$PEPTIDE1,PEPTIDE1,1:R1-7:R2$$$",-8.01500000,ok,,flexible
"PEPTIDE1{P.Phe(4-CF3).P.P.dP.dP.P}$PEPTIDE1,PEPTIDE1,1:R1-7:R2$$$",-7.80100000,ok,,flexible
"PEPTIDE1{Me_Bal.dP.Mono84.P.P.dP.dP}$PEPTIDE1,PEPTIDE1,1:R1-7:R2$$$",-7.65600000,ok,,flexible
"PEPTIDE1{Me_Bal.G.Y.P.dP.Phe(4-CF3).P}$PEPTIDE1,PEPTIDE1,1:R1-7:R2$$$",-7.40100000,ok,,flexible
"PEPTIDE1{P.dP.Y.P.dP.P.dP}$PEPTIDE1,PEPTIDE1,1:R1-7:R2$$$",-8.11900000,ok,,flexible
"PEPTIDE1{P.dP.Hyp(Et).P.P.dP.P}$PEPTIDE1,PEPTIDE1,1:R1-7:R2$$$",-7.27500000,ok,,flexible
"PEPTIDE1{Mono6.dP.P.dP.P.dP.T}$PEPTIDE1,PEPTIDE1,1:R1-7:R2$$$",-7.24000000,ok,,flexible
"PEPTIDE1{Mono6.P.dP.dP.P.dP.dP}$PEPTIDE1,PEPTIDE1,1:R1-7:R2$$$",-8.86600000,ok,,flexible
"PEPTIDE1{P.Y.Phe(4-CF3).P.P.P.T}$PEPTIDE1,PEPTIDE1,1:R1-7:R2$$$",-7.69100000,ok,,flexible
"PEPTIDE1{dV.P.dP.dP.dP.P.P}$PEPTIDE1,PEPTIDE1,1:R1-7:R2$$$",-7.26500000,ok,,flexible
"PEPTIDE1{F.dP.P.dP.P.dP.D}$PEPTIDE1,PEPTIDE1,1:R1-7:R2$$$",-7.74900000,ok,,flexible
"PEPTIDE1{F.G.P.Mono84.Y.dP.P}$PEPTIDE1,PEPTIDE1,1:R1-7:R2$$$",-7.87200000,ok,,flexible
"PEPTIDE1{dA.P.P.P.dP.P.D}$PEPTIDE1,PEPTIDE1,1:R1-7:R2$$$",-6.86600000,ok,,flexible
"PEPTIDE1{Me_dA.D.P.dP.dP.P.P}$PEPTIDE1,PEPTIDE1,1:R1-7:R2$$$",-7.17400000,ok,,flexible
"PEPTIDE1{Me_dA.dP.P.dP.dP.D.T}$PEPTIDE1,PEPTIDE1,1:R1-7:R2$$$",-7.49900000,ok,,flexible
"PEPTIDE1{Me_dA.Y.dP.dP.P.Phe(4-CF3).dP}$PEPTIDE1,PEPTIDE1,1:R1-7:R2$$$",-7.49300000,ok,,flexible
"PEPTIDE1{dP.Y.dP.P.dP.P.D}$PEPTIDE1,PEPTIDE1,1:R1-7:R2$$$",-7.14400000,ok,,flexible
"PEPTIDE1{dP.Phe(4-CF3).P.dP.P.dP.T}$PEPTIDE1,PEPTIDE1,1:R1-7:R2$$$",-7.75100000,ok,,flexible
"PEPTIDE1{dF.dP.P.P.dP.dP.P}$PEPTIDE1,PEPTIDE1,1:R1-7:R2$$$",-7.62000000,ok,,flexible
"PEPTIDE1{F.3Pal.T.P.dP.P.dP}$PEPTIDE1,PEPTIDE1,1:R1-7:R2$$$",-7.26100000,ok,,flexible
"PEPTIDE1{P.F.Y.dP.P.P.T}$PEPTIDE1,PEPTIDE1,1:R1-7:R2$$$",-7.19400000,ok,,flexible
"PEPTIDE1{dP.dP.P.P.P.T.D}$PEPTIDE1,PEPTIDE1,1:R1-7:R2$$$",-6.98600000,ok,,flexible
"PEPTIDE1{dP.Y.P.P.P.Phe(4-CF3).P}$PEPTIDE1,PEPTIDE1,1:R1-7:R2$$$",-7.70000000,ok,,flexible
"PEPTIDE1{P.dP.dP.dP.Phe(4-CF3).P.P}$PEPTIDE1,PEPTIDE1,1:R1-7:R2$$$",-8.73800000,ok,,flexible
"PEPTIDE1{P.dP.dP.dP.T.D.dP}$PEPTIDE1,PEPTIDE1,1:R1-7:R2$$$",-7.13200000,ok,,flexible
"PEPTIDE1{Me_Bal.cHexCH2_Gly.P.P.P.dP.dP}$PEPTIDE1,PEPTIDE1,1:R1-7:R2$$$",-7.49100000,ok,,flexible
"PEPTIDE1{Me_Bal.Phe(4-CF3).dP.P.dP.P.P}$PEPTIDE1,PEPTIDE1,1:R1-7:R2$$$",-8.09500000,ok,,flexible
"PEPTIDE1{dV.P.dP.P.P.D.dP}$PEPTIDE1,PEPTIDE1,1:R1-7:R2$$$",-7.21100000,ok,,flexible
"PEPTIDE1{dV.dP.dP.P.D.T.P}$PEPTIDE1,PEPTIDE1,1:R1-7:R2$$$",-6.54800000,ok,,flexible
"PEPTIDE1{F.G.P.dP.P.dP.dP}$PEPTIDE1,PEPTIDE1,1:R1-7:R2$$$",-7.67700000,ok,,flexible
"PEPTIDE1{Me_dA.D.P.P.P.dP.T}$PEPTIDE1,PEPTIDE1,1:R1-7:R2$$$",-6.55100000,ok,,flexible
"PEPTIDE1{dV.dP.P.P.P.P.T}$PEPTIDE1,PEPTIDE1,1:R1-7:R2$$$",-7.68600000,ok,,flexible
"PEPTIDE1{A.P.F.Mono84.G.dP.dP}$PEPTIDE1,PEPTIDE1,1:R1-7:R2$$$",-7.23200000,ok,,flexible
"PEPTIDE1{Mono6.T.dP.dP.T.P.P}$PEPTIDE1,PEPTIDE1,1:R1-7:R2$$$",-7.93100000,ok,,flexible
"PEPTIDE1{Mono6.dP.dP.P.P.T.D}$PEPTIDE1,PEPTIDE1,1:R1-7:R2$$$",-6.68000000,ok,,flexible
"PEPTIDE1{Mono6.Mono84.dP.dP.P.P.dP}$PEPTIDE1,PEPTIDE1,1:R1-7:R2$$$",-8.04700000,ok,,flexible
"PEPTIDE1{dA.P.dP.dP.dP.T.Phe(4-CF3)}$PEPTIDE1,PEPTIDE1,1:R1-7:R2$$$",-7.50000000,ok,,flexible
"PEPTIDE1{F.T.dP.dP.dP.P.dP}$PEPTIDE1,PEPTIDE1,1:R1-7:R2$$$",-7.76700000,ok,,flexible
"PEPTIDE1{dF.G.Mono84.P.dP.dP.P}$PEPTIDE1,PEPTIDE1,1:R1-7:R2$$$",-8.15700000,ok,,flexible
"PEPTIDE1{P.Y.dP.Phe(4-CF3).dP.dP.P}$PEPTIDE1,PEPTIDE1,1:R1-7:R2$$$",-7.53600000,ok,,flexible
"PEPTIDE1{A.P.dP.P.dP.T.D}$PEPTIDE1,PEPTIDE1,1:R1-7:R2$$$",-7.22900000,ok,,flexible
"PEPTIDE1{F.P.Y.dP.dP.P.P}$PEPTIDE1,PEPTIDE1,1:R1-7:R2$$$",-6.99000000,ok,,flexible
"PEPTIDE1{F.P.P.T.D.P.dP}$PEPTIDE1,PEPTIDE1,1:R1-7:R2$$$",-6.75700000,ok,,flexible
"PEPTIDE1{dP.P.Phe(4-CF3).P.P.P.dP}$PEPTIDE1,PEPTIDE1,1:R1-7:R2$$$",-8.33100000,ok,,flexible
"PEPTIDE1{F.P.Mono84.dP.dP.P.P}$PEPTIDE1,PEPTIDE1,1:R1-7:R2$$$",-7.65000000,ok,,flexible
"PEPTIDE1{F.P.Y.Mono84.dP.dP.dP}$PEPTIDE1,PEPTIDE1,1:R1-7:R2$$$",-7.11100000,ok,,flexible
"PEPTIDE1{F.Mono84.dP.G.P.D.dP}$PEPTIDE1,PEPTIDE1,1:R1-7:R2$$$",-6.70500000,ok,,flexible
"PEPTIDE1{P.P.dP.P.T.dP.dP}$PEPTIDE1,PEPTIDE1,1:R1-7:R2$$$",-7.95500000,ok,,flexible
"PEPTIDE1{Me_dA.Phe(4-CF3).dP.dP.P.P.P}$PEPTIDE1,PEPTIDE1,1:R1-7:R2$$$",-8.18800000,ok,,flexible
"PEPTIDE1{A.F.dP.P.dP.P.dP}$PEPTIDE1,PEPTIDE1,1:R1-7:R2$$$",-7.58100000,ok,,flexible
"PEPTIDE1{dP.P.P.P.dP.dP.T}$PEPTIDE1,PEPTIDE1,1:R1-7:R2$$$",-7.33100000,ok,,flexible
"PEPTIDE1{F.3Pal.dP.P.P.dP.dP}$PEPTIDE1,PEPTIDE1,1:R1-7:R2$$$",-8.21900000,ok,,flexible
"PEPTIDE1{Mono6.P.P.dP.dP.dP.T}$PEPTIDE1,PEPTIDE1,1:R1-7:R2$$$",-7.97800000,ok,,flexible
"PEPTIDE1{P.P.P.dP.D.T.P}$PEPTIDE1,PEPTIDE1,1:R1-7:R2$$$",-6.80600000,ok,,flexible
"PEPTIDE1{F.3Pal.dP.dP.P.dP.dP}$PEPTIDE1,PEPTIDE1,1:R1-7:R2$$$",-7.55700000,ok,,flexible
"PEPTIDE1{dP.dP.P.P.T.dP.D}$PEPTIDE1,PEPTIDE1,1:R1-7:R2$$$",-7.12600000,ok,,flexible
"PEPTIDE1{dV.P.dP.P.P.dP.P}$PEPTIDE1,PEPTIDE1,1:R1-7:R2$$$",-7.78400000,ok,,flexible
"PEPTIDE1{dF.dP.dP.P.P.D.P}$PEPTIDE1,PEPTIDE1,1:R1-7:R2$$$",-7.00500000,ok,,flexible
"PEPTIDE1{dA.Phe(4-CF3).dP.P.dP.dP.P}$PEPTIDE1,PEPTIDE1,1:R1-7:R2$$$",-7.94200000,ok,,flexible
"PEPTIDE1{Me_dA.P.P.P.D.P.dP}$PEPTIDE1,PEPTIDE1,1:R1-7:R2$$$",-7.12000000,ok,,flexible
"PEPTIDE1{P.P.P.dP.dP.P.P}$PEPTIDE1,PEPTIDE1,1:R1-7:R2$$$",-8.50200000,ok,,flexible
"PEPTIDE1{P.G.dP.dP.Phe(4-CF3).P.P}$PEPTIDE1,PEPTIDE1,1:R1-7:R2$$$",-7.32100000,ok,,flexible
"PEPTIDE1{dP.dP.P.P.P.T.dP}$PEPTIDE1,PEPTIDE1,1:R1-7:R2$$$",-7.38100000,ok,,flexible
"PEPTIDE1{dA.F.Y.dP.P.P.dP}$PEPTIDE1,PEPTIDE1,1:R1-7:R2$$$",-7.71800000,ok,,flexible
"PEPTIDE1{dF.dP.P.dP.D.P.P}$PEPTIDE1,PEPTIDE1,1:R1-7:R2$$$",-7.74600000,ok,,flexible
"PEPTIDE1{Mono6.T.dP.Mono84.P.dP.Y}$PEPTIDE1,PEPTIDE1,1:R1-7:R2$$$",-7.46500000,ok,,flexible
"PEPTIDE1{dA.T.P.dP.P.P.dP}$PEPTIDE1,PEPTIDE1,1:R1-7:R2$$$",-6.95900000,ok,,flexible
"PEPTIDE1{P.Me_dA.Y.P.dP.dP.P}$PEPTIDE1,PEPTIDE1,1:R1-7:R2$$$",-7.50100000,ok,,flexible
"PEPTIDE1{P.P.Phe(4-CF3).dP.P.P.P}$PEPTIDE1,PEPTIDE1,1:R1-7:R2$$$",-7.88700000,ok,,flexible
"PEPTIDE1{F.dP.dP.dP.P.T.D}$PEPTIDE1,PEPTIDE1,1:R1-7:R2$$$",-7.71000000,ok,,flexible
"PEPTIDE1{dP.P.P.dP.P.P.D}$PEPTIDE1,PEPTIDE1,1:R1-7:R2$$$",-7.26700000,ok,,flexible
"PEPTIDE1{dF.dP.Mono84.P.dP.P.dP}$PEPTIDE1,PEPTIDE1,1:R1-7:R2$$$",-7.55100000,ok,,flexible
"PEPTIDE1{Me_dA.dP.P.Y.P.T.dP}$PEPTIDE1,PEPTIDE1,1:R1-7:R2$$$",-6.94300000,ok,,flexible
"PEPTIDE1{dP.P.dP.P.dP.T.dP}$PEPTIDE1,PEPTIDE1,1:R1-7:R2$$$",-7.67100000,ok,,flexible
"PEPTIDE1{Me_dA.F.P.Y.Mono84.P.dP}$PEPTIDE1,PEPTIDE1,1:R1-7:R2$$$",-7.84000000,ok,,flexible
"PEPTIDE1{F.3Pal.P.P.dP.P.dP}$PEPTIDE1,PEPTIDE1,1:R1-7:R2$$$",-7.24700000,ok,,flexible
"PEPTIDE1{F.dP.Mono84.P.dP.dP.T}$PEPTIDE1,PEPTIDE1,1:R1-7:R2$$$",-7.72800000,ok,,flexible
"PEPTIDE1{A.G.P.dP.P.P.P}$PEPTIDE1,PEPTIDE1,1:R1-7:R2$$$",-7.92800000,ok,,flexible
"PEPTIDE1{Mono6.P.dP.P.dP.dP.dP}$PEPTIDE1,PEPTIDE1,1:R1-7:R2$$$",-7.38000000,ok,,flexible
"PEPTIDE1{F.dP.dP.P.P.P.D}$PEPTIDE1,PEPTIDE1,1:R1-7:R2$$$",-7.72700000,ok,,flexible
"PEPTIDE1{A.Y.T.Mono84.P.dP.dP}$PEPTIDE1,PEPTIDE1,1:R1-7:R2$$$",-7.19800000,ok,,flexible
"PEPTIDE1{A.dP.dP.P.P.P.D}$PEPTIDE1,PEPTIDE1,1:R1-7:R2$$$",-7.10700000,ok,,flexible
"PEPTIDE1{dP.P.P.dP.dP.P.P}$PEPTIDE1,PEPTIDE1,1:R1-7:R2$$$",-8.30000000,ok,,flexible
"PEPTIDE1{Me_dA.G.dP.P.P.dP.P}$PEPTIDE1,PEPTIDE1,1:R1-7:R2$$$",-8.16600000,ok,,flexible
"PEPTIDE1{A.dP.P.P.P.P.dP}$PEPTIDE1,PEPTIDE1,1:R1-7:R2$$$",-8.08200000,ok,,flexible
"PEPTIDE1{dP.Y.dP.P.dP.D.P}$PEPTIDE1,PEPTIDE1,1:R1-7:R2$$$",-7.27000000,ok,,flexible
"PEPTIDE1{dP.G.meY.P.P.dP.P}$PEPTIDE1,PEPTIDE1,1:R1-7:R2$$$",-7.60500000,ok,,flexible
"PEPTIDE1{dP.P.dP.dP.P.P.T}$PEPTIDE1,PEPTIDE1,1:R1-7:R2$$$",-6.88500000,ok,,flexible
"PEPTIDE1{A.F.P.dP.P.P.P}$PEPTIDE1,PEPTIDE1,1:R1-7:R2$$$",-7.76600000,ok,,flexible
"PEPTIDE1{dP.P.P.dP.dP.D.T}$PEPTIDE1,PEPTIDE1,1:R1-7:R2$$$",-6.86200000,ok,,flexible
"PEPTIDE1{P.dP.dP.dP.P.D.P}$PEPTIDE1,PEPTIDE1,1:R1-7:R2$$$",-7.91300000,ok,,flexible
"PEPTIDE1{Me_dA.dP.dP.dP.T.D.P}$PEPTIDE1,PEPTIDE1,1:R1-7:R2$$$",-8.11800000,ok,,flexible
"PEPTIDE1{A.P.dP.dP.T.dP.P}$PEPTIDE1,PEPTIDE1,1:R1-7:R2$$$",-7.27500000,ok,,flexible
"PEPTIDE1{dP.meY.dP.dP.T.dP.Phe(4-CF3)}$PEPTIDE1,PEPTIDE1,1:R1-7:R2$$$",-7.07100000,ok,,flexible
"PEPTIDE1{A.Mono84.P.dP.dP.P.P}$PEPTIDE1,PEPTIDE1,1:R1-7:R2$$$",-8.33900000,ok,,flexible
"PEPTIDE1{dA.F.P.3Pal.P.G.dP}$PEPTIDE1,PEPTIDE1,1:R1-7:R2$$$",-7.02500000,ok,,flexible
"PEPTIDE1{A.P.dP.P.P.T.dP}$PEPTIDE1,PEPTIDE1,1:R1-7:R2$$$",-7.70000000,ok,,flexible
"PEPTIDE1{dP.dP.P.P.D.P.dP}$PEPTIDE1,PEPTIDE1,1:R1-7:R2$$$",-7.88300000,ok,,flexible
"PEPTIDE1{dF.G.Mono84.P.dP.dP.dP}$PEPTIDE1,PEPTIDE1,1:R1-7:R2$$$",-8.40900000,ok,,flexible
"PEPTIDE1{A.G.dP.dP.P.P.P}$PEPTIDE1,PEPTIDE1,1:R1-7:R2$$$",-7.94400000,ok,,flexible
"PEPTIDE1{A.P.P.P.P.dP.T}$PEPTIDE1,PEPTIDE1,1:R1-7:R2$$$",-7.12500000,ok,,flexible
"PEPTIDE1{A.dP.F.T.dP.Y.dP}$PEPTIDE1,PEPTIDE1,1:R1-7:R2$$$",-6.89500000,ok,,flexible
"PEPTIDE1{dV.P.P.dP.dP.P.T}$PEPTIDE1,PEPTIDE1,1:R1-7:R2$$$",-7.12700000,ok,,flexible
"PEPTIDE1{Mono6.dP.P.P.P.T.D}$PEPTIDE1,PEPTIDE1,1:R1-7:R2$$$",-6.64100000,ok,,flexible
"PEPTIDE1{A.P.F.G.Y.dP.dP}$PEPTIDE1,PEPTIDE1,1:R1-7:R2$$$",-7.42900000,ok,,flexible
"PEPTIDE1{Me_dA.A.dP.P.P.dP.dP}$PEPTIDE1,PEPTIDE1,1:R1-7:R2$$$",-7.75900000,ok,,flexible
"PEPTIDE1{dV.dP.dP.P.P.P.T}$PEPTIDE1,PEPTIDE1,1:R1-7:R2$$$",-7.91300000,ok,,flexible
"PEPTIDE1{F.Y.P.P.P.P.dP}$PEPTIDE1,PEPTIDE1,1:R1-7:R2$$$",-6.92200000,ok,,flexible
"PEPTIDE1{Me_dA.dP.Mono84.G.P.P.Y}$PEPTIDE1,PEPTIDE1,1:R1-7:R2$$$",-7.29900000,ok,,flexible
"PEPTIDE1{F.P.A.dP.Mono84.P.D}$PEPTIDE1,PEPTIDE1,1:R1-7:R2$$$",-7.36300000,ok,,flexible
"PEPTIDE1{Me_Bal.G.Phe(4-CF3).Mono84.dP.P.dP}$PEPTIDE1,PEPTIDE1,1:R1-7:R2$$$",-7.96200000,ok,,flexible
"PEPTIDE1{P.F.3Pal.P.dP.dP.P}$PEPTIDE1,PEPTIDE1,1:R1-7:R2$$$",-7.40200000,ok,,flexible
"PEPTIDE1{A.F.dP.P.dP.P.P}$PEPTIDE1,PEPTIDE1,1:R1-7:R2$$$",-7.45000000,ok,,flexible
"PEPTIDE1{Me_dA.dP.F.dP.dP.Phe(4-CF3).P}$PEPTIDE1,PEPTIDE1,1:R1-7:R2$$$",-7.38700000,ok,,flexible
"PEPTIDE1{F.P.Mono84.dP.P.P.dP}$PEPTIDE1,PEPTIDE1,1:R1-7:R2$$$",-7.36000000,ok,,flexible
"PEPTIDE1{dF.Y.dP.P.P.P.P}$PEPTIDE1,PEPTIDE1,1:R1-7:R2$$$",-7.13400000,ok,,flexible
"PEPTIDE1{P.meY.dP.P.dP.dP.P}$PEPTIDE1,PEPTIDE1,1:R1-7:R2$$$",-7.56500000,ok,,flexible
"PEPTIDE1{Me_dA.G.P.dP.P.P.P}$PEPTIDE1,PEPTIDE1,1:R1-7:R2$$$",-7.38000000,ok,,flexible
"PEPTIDE1{dP.P.P.dP.D.dP.P}$PEPTIDE1,PEPTIDE1,1:R1-7:R2$$$",-8.01500000,ok,,flexible
"PEPTIDE1{F.3Pal.T.P.dP.dP.dP}$PEPTIDE1,PEPTIDE1,1:R1-7:R2$$$",-6.91700000,ok,,flexible
"PEPTIDE1{Me_dA.Y.dP.P.P.P.P}$PEPTIDE1,PEPTIDE1,1:R1-7:R2$$$",-7.92600000,ok,,flexible
"PEPTIDE1{dF.3Pal.dP.dP.P.P.dP}$PEPTIDE1,PEPTIDE1,1:R1-7:R2$$$",-7.37500000,ok,,flexible
"PEPTIDE1{dP.dP.P.dP.dP.P.P}$PEPTIDE1,PEPTIDE1,1:R1-7:R2$$$",-8.81600000,ok,,flexible
"PEPTIDE1{dF.P.Mono84.P.P.dP.P}$PEPTIDE1,PEPTIDE1,1:R1-7:R2$$$",-8.61100000,ok,,flexible
"PEPTIDE1{dP.dP.P.P.P.P.dP}$PEPTIDE1,PEPTIDE1,1:R1-7:R2$$$",-7.85600000,ok,,flexible
"PEPTIDE1{dF.P.P.dP.dP.P.D}$PEPTIDE1,PEPTIDE1,1:R1-7:R2$$$",-7.26800000,ok,,flexible
"PEPTIDE1{P.dP.dP.P.dP.D.T}$PEPTIDE1,PEPTIDE1,1:R1-7:R2$$$",-6.98400000,ok,,flexible
"PEPTIDE1{F.3Pal.P.P.dP.dP.P}$PEPTIDE1,PEPTIDE1,1:R1-7:R2$$$",-7.11900000,ok,,flexible
"PEPTIDE1{P.A.dP.dP.dP.P.P}$PEPTIDE1,PEPTIDE1,1:R1-7:R2$$$",-7.44000000,ok,,flexible
"PEPTIDE1{dP.dP.dP.D.P.T.P}$PEPTIDE1,PEPTIDE1,1:R1-7:R2$$$",-7.50900000,ok,,flexible
"PEPTIDE1{A.G.P.P.dP.P.P}$PEPTIDE1,PEPTIDE1,1:R1-7:R2$$$",-8.15100000,ok,,flexible
"PEPTIDE1{Me_dA.Mono84.dP.P.dP.P.P}$PEPTIDE1,PEPTIDE1,1:R1-7:R2$$$",-7.72400000,ok,,flexible
"PEPTIDE1{Me_Bal.P.dP.dP.P.dP.P}$PEPTIDE1,PEPTIDE1,1:R1-7:R2$$$",-7.81100000,ok,,flexible
"PEPTIDE1{dP.dP.P.P.dP.dP.P}$PEPTIDE1,PEPTIDE1,1:R1-7:R2$$$",-8.89700000,ok,,flexible
"PEPTIDE1{Me_Bal.A.dP.Mono84.P.P.dP}$PEPTIDE1,PEPTIDE1,1:R1-7:R2$$$",-7.89100000,ok,,flexible
"PEPTIDE1{dV.P.P.P.dP.P.T}$PEPTIDE1,PEPTIDE1,1:R1-7:R2$$$",-7.28100000,ok,,flexible
"PEPTIDE1{F.D.dP.dP.P.P.dP}$PEPTIDE1,PEPTIDE1,1:R1-7:R2$$$",-7.31100000,ok,,flexible
"PEPTIDE1{meA.dP.dP.P.dP.P.Phe(4-CF3)}$PEPTIDE1,PEPTIDE1,1:R1-7:R2$$$",-7.78000000,ok,,flexible
"PEPTIDE1{P.dP.dP.D.P.dP.P}$PEPTIDE1,PEPTIDE1,1:R1-7:R2$$$",-7.05900000,ok,,flexible
"PEPTIDE1{dF.P.P.P.dP.D.dP}$PEPTIDE1,PEPTIDE1,1:R1-7:R2$$$",-7.28100000,ok,,flexible
"PEPTIDE1{P.dP.P.P.P.dP.D}$PEPTIDE1,PEPTIDE1,1:R1-7:R2$$$",-7.32300000,ok,,flexible
"PEPTIDE1{P.F.Y.dP.Mono84.dP.P}$PEPTIDE1,PEPTIDE1,1:R1-7:R2$$$",-6.88900000,ok,,flexible
"PEPTIDE1{dV.P.P.dP.P.dP.D}$PEPTIDE1,PEPTIDE1,1:R1-7:R2$$$",-6.81800000,ok,,flexible
"PEPTIDE1{Me_dA.P.T.P.dP.P.P}$PEPTIDE1,PEPTIDE1,1:R1-7:R2$$$",-7.73800000,ok,,flexible
"PEPTIDE1{P.G.Y.meY.P.dP.P}$PEPTIDE1,PEPTIDE1,1:R1-7:R2$$$",-7.34800000,ok,,flexible
"PEPTIDE1{P.Y.dP.P.dP.P.D}$PEPTIDE1,PEPTIDE1,1:R1-7:R2$$$",-7.41200000,ok,,flexible
"PEPTIDE1{dA.dP.P.dP.dP.P.P}$PEPTIDE1,PEPTIDE1,1:R1-7:R2$$$",-7.92300000,ok,,flexible
"PEPTIDE1{F.A.Phe(4-CF3).P.P.dP.P}$PEPTIDE1,PEPTIDE1,1:R1-7:R2$$$",-7.22800000,ok,,flexible
"PEPTIDE1{dP.P.P.dP.dP.P.dP}$PEPTIDE1,PEPTIDE1,1:R1-7:R2$$$",-8.89000000,ok,,flexible
"PEPTIDE1{Me_dA.P.P.dP.P.D.T}$PEPTIDE1,PEPTIDE1,1:R1-7:R2$$$",-7.03000000,ok,,flexible
"PEPTIDE1{P.T.P.dP.dP.P.D}$PEPTIDE1,PEPTIDE1,1:R1-7:R2$$$",-6.97600000,ok,,flexible
"PEPTIDE1{dA.G.dP.P.dP.dP.Phe(4-CF3)}$PEPTIDE1,PEPTIDE1,1:R1-7:R2$$$",-7.75600000,ok,,flexible
"PEPTIDE1{A.P.dP.P.dP.T.dP}$PEPTIDE1,PEPTIDE1,1:R1-7:R2$$$",-7.33300000,ok,,flexible
"PEPTIDE1{dF.Mono84.dP.dP.P.dP.dP}$PEPTIDE1,PEPTIDE1,1:R1-7:R2$$$",-7.05700000,ok,,flexible
"PEPTIDE1{dP.P.P.dP.T.P.dP}$PEPTIDE1,PEPTIDE1,1:R1-7:R2$$$",-7.32100000,ok,,flexible
"PEPTIDE1{F.G.P.Y.P.P.P}$PEPTIDE1,PEPTIDE1,1:R1-7:R2$$$",-8.11300000,ok,,flexible
"PEPTIDE1{P.P.P.dP.P.T.dP}$PEPTIDE1,PEPTIDE1,1:R1-7:R2$$$",-7.91900000,ok,,flexible
"PEPTIDE1{Mono6.T.Phe(4-CF3).P.G.Y.Mono84}$PEPTIDE1,PEPTIDE1,1:R1-7:R2$$$",-6.64200000,ok,,flexible
"PEPTIDE1{Mono6.F.T.dP.P.dP.dP}$PEPTIDE1,PEPTIDE1,1:R1-7:R2$$$",-7.59600000,ok,,flexible
"PEPTIDE1{dF.dP.dP.dP.T.D.P}$PEPTIDE1,PEPTIDE1,1:R1-7:R2$$$",-6.13700000,ok,,flexible
"PEPTIDE1{dP.dP.P.P.dP.P.P}$PEPTIDE1,PEPTIDE1,1:R1-7:R2$$$",-8.29800000,ok,,flexible
"PEPTIDE1{dA.P.P.dP.P.T.P}$PEPTIDE1,PEPTIDE1,1:R1-7:R2$$$",-7.43600000,ok,,flexible
"PEPTIDE1{A.F.P.Mono84.dP.P.G}$PEPTIDE1,PEPTIDE1,1:R1-7:R2$$$",-8.04800000,ok,,flexible
"PEPTIDE1{A.dP.dP.dP.P.Phe(4-CF3).T}$PEPTIDE1,PEPTIDE1,1:R1-7:R2$$$",-6.99900000,ok,,flexible
"PEPTIDE1{P.F.P.dP.dP.dP.dP}$PEPTIDE1,PEPTIDE1,1:R1-7:R2$$$",-7.69700000,ok,,flexible
"PEPTIDE1{P.Y.P.G.Y.Phe(4-CF3).P}$PEPTIDE1,PEPTIDE1,1:R1-7:R2$$$",-7.27700000,ok,,flexible
"PEPTIDE1{dP.Y.dP.dP.P.D.dP}$PEPTIDE1,PEPTIDE1,1:R1-7:R2$$$",-7.13900000,ok,,flexible
"PEPTIDE1{F.dP.dP.P.dP.T.P}$PEPTIDE1,PEPTIDE1,1:R1-7:R2$$$",-7.56400000,ok,,flexible
"PEPTIDE1{P.dP.P.dP.dP.P.D}$PEPTIDE1,PEPTIDE1,1:R1-7:R2$$$",-7.49100000,ok,,flexible
"PEPTIDE1{dP.dP.dP.D.T.P.P}$PEPTIDE1,PEPTIDE1,1:R1-7:R2$$$",-7.04200000,ok,,flexible
"PEPTIDE1{F.Mono84.Mono84.P.P.P.dP}$PEPTIDE1,PEPTIDE1,1:R1-7:R2$$$",-7.72800000,ok,,flexible
"PEPTIDE1{F.T.Mono84.dP.P.dP.P}$PEPTIDE1,PEPTIDE1,1:R1-7:R2$$$",-6.72300000,ok,,flexible
"PEPTIDE1{Me_dA.dP.dP.P.P.dP.T}$PEPTIDE1,PEPTIDE1,1:R1-7:R2$$$",-7.75900000,ok,,flexible
"PEPTIDE1{dA.dP.dP.Phe(4-CF3).P.dP.P}$PEPTIDE1,PEPTIDE1,1:R1-7:R2$$$",-8.27400000,ok,,flexible
"PEPTIDE1{Mono6.dP.P.Mono84.Mono84.dP.dP}$PEPTIDE1,PEPTIDE1,1:R1-7:R2$$$",-8.27900000,ok,,flexible
"PEPTIDE1{dA.T.dP.dP.dP.P.P}$PEPTIDE1,PEPTIDE1,1:R1-7:R2$$$",-7.56700000,ok,,flexible
"PEPTIDE1{A.Y.P.dP.P.dP.dP}$PEPTIDE1,PEPTIDE1,1:R1-7:R2$$$",-7.74500000,ok,,flexible
"PEPTIDE1{Me_dA.dP.Mono84.D.dP.P.dP}$PEPTIDE1,PEPTIDE1,1:R1-7:R2$$$",-7.40300000,ok,,flexible
"PEPTIDE1{dV.dP.P.P.dP.D.T}$PEPTIDE1,PEPTIDE1,1:R1-7:R2$$$",-6.59800000,ok,,flexible
"PEPTIDE1{dA.dP.P.dP.P.T.dP}$PEPTIDE1,PEPTIDE1,1:R1-7:R2$$$",-7.71900000,ok,,flexible
"PEPTIDE1{Mono6.dP.dP.P.T.P.D}$PEPTIDE1,PEPTIDE1,1:R1-7:R2$$$",-6.32600000,ok,,flexible
"PEPTIDE1{A.G.P.F.dP.Y.dP}$PEPTIDE1,PEPTIDE1,1:R1-7:R2$$$",-7.30900000,ok,,flexible
"PEPTIDE1{dA.G.P.dP.P.dP.P}$PEPTIDE1,PEPTIDE1,1:R1-7:R2$$$",-7.76800000,ok,,flexible
"PEPTIDE1{P.T.F.dP.P.Mono84.P}$PEPTIDE1,PEPTIDE1,1:R1-7:R2$$$",-7.29200000,ok,,flexible
"PEPTIDE1{Mono6.P.D.dP.dP.P.P}$PEPTIDE1,PEPTIDE1,1:R1-7:R2$$$",-7.41200000,ok,,flexible
"PEPTIDE1{F.Mono84.Mono84.dP.dP.P.P}$PEPTIDE1,PEPTIDE1,1:R1-7:R2$$$",-8.57100000,ok,,flexible
"PEPTIDE1{Mono6.G.P.dP.P.dP.P}$PEPTIDE1,PEPTIDE1,1:R1-7:R2$$$",-7.46600000,ok,,flexible
"PEPTIDE1{A.P.dP.P.P.dP.Phe(4-CF3)}$PEPTIDE1,PEPTIDE1,1:R1-7:R2$$$",-7.68200000,ok,,flexible
"PEPTIDE1{Me_dA.P.P.P.D.dP.dP}$PEPTIDE1,PEPTIDE1,1:R1-7:R2$$$",-6.97400000,ok,,flexible
"PEPTIDE1{dP.F.Y.P.P.P.dP}$PEPTIDE1,PEPTIDE1,1:R1-7:R2$$$",-7.51900000,ok,,flexible
"PEPTIDE1{F.dP.P.P.T.3Pal.Y}$PEPTIDE1,PEPTIDE1,1:R1-7:R2$$$",-5.90400000,ok,,flexible
"PEPTIDE1{dV.P.P.P.dP.dP.D}$PEPTIDE1,PEPTIDE1,1:R1-7:R2$$$",-7.36100000,ok,,flexible
"PEPTIDE1{F.T.dP.P.dP.dP.P}$PEPTIDE1,PEPTIDE1,1:R1-7:R2$$$",-7.34800000,ok,,flexible
"PEPTIDE1{Me_Bal.P.P.P.dP.P.D}$PEPTIDE1,PEPTIDE1,1:R1-7:R2$$$",-6.96500000,ok,,flexible
"PEPTIDE1{Mono6.G.P.dP.P.P.dP}$PEPTIDE1,PEPTIDE1,1:R1-7:R2$$$",-8.19800000,ok,,flexible
"PEPTIDE1{F.Mono84.P.P.P.P.dP}$PEPTIDE1,PEPTIDE1,1:R1-7:R2$$$",-7.35600000,ok,,flexible
"PEPTIDE1{Me_dA.Y.P.dP.P.P.dP}$PEPTIDE1,PEPTIDE1,1:R1-7:R2$$$",-7.45000000,ok,,flexible
"PEPTIDE1{A.dP.dP.P.P.T.dP}$PEPTIDE1,PEPTIDE1,1:R1-7:R2$$$",-6.99200000,ok,,flexible
"PEPTIDE1{F.A.T.P.P.dP.dP}$PEPTIDE1,PEPTIDE1,1:R1-7:R2$$$",-7.39000000,ok,,flexible
"PEPTIDE1{dP.dP.D.P.P.T.P}$PEPTIDE1,PEPTIDE1,1:R1-7:R2$$$",-6.90600000,ok,,flexible
"PEPTIDE1{P.P.P.dP.D.dP.T}$PEPTIDE1,PEPTIDE1,1:R1-7:R2$$$",-6.96500000,ok,,flexible
"PEPTIDE1{P.Y.T.Mono84.dP.P.P}$PEPTIDE1,PEPTIDE1,1:R1-7:R2$$$",-6.99800000,ok,,flexible
"PEPTIDE1{F.Mono84.P.dP.dP.dP.Phe(4-CF3)}$PEPTIDE1,PEPTIDE1,1:R1-7:R2$$$",-7.79200000,ok,,flexible
"PEPTIDE1{A.dP.Phe(4-CF3).dP.P.dP.dP}$PEPTIDE1,PEPTIDE1,1:R1-7:R2$$$",-7.97900000,ok,,flexible
"PEPTIDE1{P.G.Y.Mono84.D.dP.P}$PEPTIDE1,PEPTIDE1,1:R1-7:R2$$$",-7.17800000,ok,,flexible
"PEPTIDE1{F.Mono84.P.dP.T.dP.dP}$PEPTIDE1,PEPTIDE1,1:R1-7:R2$$$",-7.20000000,ok,,flexible
"PEPTIDE1{dP.P.P.dP.P.D.dP}$PEPTIDE1,PEPTIDE1,1:R1-7:R2$$$",-8.07900000,ok,,flexible
"PEPTIDE1{F.Phe(4-CF3).P.dP.dP.dP.P}$PEPTIDE1,PEPTIDE1,1:R1-7:R2$$$",-7.65900000,ok,,flexible
"PEPTIDE1{dA.dP.P.dP.P.dP.dP}$PEPTIDE1,PEPTIDE1,1:R1-7:R2$$$",-7.99200000,ok,,flexible
"PEPTIDE1{Me_dA.Y.P.dP.dP.dP.Phe(4-CF3)}$PEPTIDE1,PEPTIDE1,1:R1-7:R2$$$",-8.10200000,ok,,flexible
"PEPTIDE1{F.D.P.P.P.P.T}$PEPTIDE1,PEPTIDE1,1:R1-7:R2$$$",-7.42400000,ok,,flexible
"PEPTIDE1{meA.dP.P.P.dP.dP.P}$PEPTIDE1,PEPTIDE1,1:R1-7:R2$$$",-7.32000000,ok,,flexible
"PEPTIDE1{P.F.P.dP.dP.P.dP}$PEPTIDE1,PEPTIDE1,1:R1-7:R2$$$",-7.21000000,ok,,flexible
"PEPTIDE1{Me_Bal.Phe(4-CF3).P.P.dP.dP.P}$PEPTIDE1,PEPTIDE1,1:R1-7:R2$$$",-7.72000000,ok,,flexible
"PEPTIDE1{P.dP.dP.P.D.T.P}$PEPTIDE1,PEPTIDE1,1:R1-7:R2$$$",-7.42300000,ok,,flexible
"PEPTIDE1{F.P.dP.dP.dP.Phe(4-CF3).dP}$PEPTIDE1,PEPTIDE1,1:R1-7:R2$$$",-7.57500000,ok,,flexible
"PEPTIDE1{F.D.P.P.P.P.dP}$PEPTIDE1,PEPTIDE1,1:R1-7:R2$$$",-7.84400000,ok,,flexible
"PEPTIDE1{Me_dA.dP.P.dP.dP.T.Phe(4-CF3)}$PEPTIDE1,PEPTIDE1,1:R1-7:R2$$$",-7.72400000,ok,,flexible
"PEPTIDE1{Me_dA.Phe(4-CF3).P.dP.dP.P.P}$PEPTIDE1,PEPTIDE1,1:R1-7:R2$$$",-7.42300000,ok,,flexible
"PEPTIDE1{F.P.G.Mono84.P.P.dP}$PEPTIDE1,PEPTIDE1,1:R1-7:R2$$$",-7.71900000,ok,,flexible
"PEPTIDE1{dV.dP.P.dP.P.dP.T}$PEPTIDE1,PEPTIDE1,1:R1-7:R2$$$",-7.24000000,ok,,flexible
"PEPTIDE1{P.P.dP.P.P.P.dP}$PEPTIDE1,PEPTIDE1,1:R1-7:R2$$$",-8.05000000,ok,,flexible
"PEPTIDE1{P.G.P.D.P.dP.P}$PEPTIDE1,PEPTIDE1,1:R1-7:R2$$$",-8.01900000,ok,,flexible
"PEPTIDE1{A.Me_dL.dP.P.P.dP.P}$PEPTIDE1,PEPTIDE1,1:R1-7:R2$$$",-7.51400000,ok,,flexible
"PEPTIDE1{dA.F.Y.Mono84.dP.P.dP}$PEPTIDE1,PEPTIDE1,1:R1-7:R2$$$",-7.11500000,ok,,flexible
"PEPTIDE1{dF.dP.P.dP.dP.D.P}$PEPTIDE1,PEPTIDE1,1:R1-7:R2$$$",-6.98600000,ok,,flexible
"PEPTIDE1{dA.dP.P.P.P.D.dP}$PEPTIDE1,PEPTIDE1,1:R1-7:R2$$$",-7.52400000,ok,,flexible
"PEPTIDE1{Me_dA.G.T.P.P.dP.P}$PEPTIDE1,PEPTIDE1,1:R1-7:R2$$$",-7.77800000,ok,,flexible
"PEPTIDE1{dF.dP.P.P.P.D.T}$PEPTIDE1,PEPTIDE1,1:R1-7:R2$$$",-6.64100000,ok,,flexible
"PEPTIDE1{A.Mono84.P.dP.dP.P.dP}$PEPTIDE1,PEPTIDE1,1:R1-7:R2$$$",-8.17900000,ok,,flexible
"PEPTIDE1{P.Mono84.dP.P.dP.dP.P}$PEPTIDE1,PEPTIDE1,1:R1-7:R2$$$",-7.72600000,ok,,flexible
"PEPTIDE1{P.Y.P.dP.P.P.P}$PEPTIDE1,PEPTIDE1,1:R1-7:R2$$$",-8.33200000,ok,,flexible
"PEPTIDE1{L.P.dP.dP.P.dP.D}$PEPTIDE1,PEPTIDE1,1:R1-7:R2$$$",5.68700000,ok,,flexible
"PEPTIDE1{dA.dP.dP.P.dP.Phe(4-CF3).T}$PEPTIDE1,PEPTIDE1,1:R1-7:R2$$$",-7.27300000,ok,,flexible
"PEPTIDE1{dF.T.dP.dP.dP.dP.P}$PEPTIDE1,PEPTIDE1,1:R1-7:R2$$$",-7.28400000,ok,,flexible
"PEPTIDE1{dF.P.P.Mono84.T.dP.P}$PEPTIDE1,PEPTIDE1,1:R1-7:R2$$$",-7.37200000,ok,,flexible
"PEPTIDE1{P.Ala(5-Tet).dP.dP.P.P.D}$PEPTIDE1,PEPTIDE1,1:R1-7:R2$$$",-7.03000000,ok,,flexible
"PEPTIDE1{dA.Phe(4-CF3).dP.dP.P.dP.P}$PEPTIDE1,PEPTIDE1,1:R1-7:R2$$$",-7.51700000,ok,,flexible
"PEPTIDE1{Me_dA.dP.G.Y.Y.Phe(4-CF3).P}$PEPTIDE1,PEPTIDE1,1:R1-7:R2$$$",-7.40800000,ok,,flexible
"PEPTIDE1{dV.dP.P.P.dP.dP.D}$PEPTIDE1,PEPTIDE1,1:R1-7:R2$$$",-6.82000000,ok,,flexible
"PEPTIDE1{dF.dP.dP.P.T.P.P}$PEPTIDE1,PEPTIDE1,1:R1-7:R2$$$",-7.27600000,ok,,flexible
"PEPTIDE1{dA.Phe(4-CF3).dP.P.dP.P.dP}$PEPTIDE1,PEPTIDE1,1:R1-7:R2$$$",-8.23300000,ok,,flexible
"PEPTIDE1{dP.P.dP.P.dP.dP.T}$PEPTIDE1,PEPTIDE1,1:R1-7:R2$$$",-7.88900000,ok,,flexible
"PEPTIDE1{A.P.F.P.3Pal.Mono84.G}$PEPTIDE1,PEPTIDE1,1:R1-7:R2$$$",-7.32600000,ok,,flexible
"PEPTIDE1{dP.dP.P.dP.P.T.D}$PEPTIDE1,PEPTIDE1,1:R1-7:R2$$$",-6.85200000,ok,,flexible
"PEPTIDE1{dP.P.P.P.P.P.dP}$PEPTIDE1,PEPTIDE1,1:R1-7:R2$$$",-8.50400000,ok,,flexible
"PEPTIDE1{F.Mono84.P.3Pal.dP.P.dP}$PEPTIDE1,PEPTIDE1,1:R1-7:R2$$$",-8.02200000,ok,,flexible
"PEPTIDE1{dA.dP.dP.D.dP.T.D}$PEPTIDE1,PEPTIDE1,1:R1-7:R2$$$",-6.27900000,ok,,flexible
"PEPTIDE1{Mono6.P.dP.P.dP.dP.D}$PEPTIDE1,PEPTIDE1,1:R1-7:R2$$$",-7.45900000,ok,,flexible
"PEPTIDE1{dP.A.Phe(4-CF3).dP.P.dP.P}$PEPTIDE1,PEPTIDE1,1:R1-7:R2$$$",-7.22800000,ok,,flexible
"PEPTIDE1{dV.dP.P.dP.D.dP.T}$PEPTIDE1,PEPTIDE1,1:R1-7:R2$$$",-6.81000000,ok,,flexible
"PEPTIDE1{A.dP.P.P.dP.dP.D}$PEPTIDE1,PEPTIDE1,1:R1-7:R2$$$",-7.79400000,ok,,flexible
"PEPTIDE1{A.dP.dP.dP.D.T.P}$PEPTIDE1,PEPTIDE1,1:R1-7:R2$$$",-6.97200000,ok,,flexible
"PEPTIDE1{Me_Bal.Mono84.P.dP.dP.dP.P}$PEPTIDE1,PEPTIDE1,1:R1-7:R2$$$",-8.30000000,ok,,flexible
"PEPTIDE1{F.3Pal.Mono84.dP.P.dP.P}$PEPTIDE1,PEPTIDE1,1:R1-7:R2$$$",-7.68200000,ok,,flexible
"PEPTIDE1{dA.dP.P.dP.T.P.Phe(4-CF3)}$PEPTIDE1,PEPTIDE1,1:R1-7:R2$$$",-7.20500000,ok,,flexible
"PEPTIDE1{dF.P.dP.dP.P.dP.D}$PEPTIDE1,PEPTIDE1,1:R1-7:R2$$$",-7.41700000,ok,,flexible
"PEPTIDE1{dP.P.P.dP.P.P.T}$PEPTIDE1,PEPTIDE1,1:R1-7:R2$$$",-7.76300000,ok,,flexible
"PEPTIDE1{Me_dA.P.P.dP.dP.dP.dP}$PEPTIDE1,PEPTIDE1,1:R1-7:R2$$$",-7.64800000,ok,,flexible
"PEPTIDE1{dP.dP.D.P.P.P.T}$PEPTIDE1,PEPTIDE1,1:R1-7:R2$$$",-6.97400000,ok,,flexible
"PEPTIDE1{P.F.dP.Phe(4-CF3).P.P.dP}$PEPTIDE1,PEPTIDE1,1:R1-7:R2$$$",-7.82700000,ok,,flexible
"PEPTIDE1{dF.dP.G.dP.dP.dP.Phe(4-CF3)}$PEPTIDE1,PEPTIDE1,1:R1-7:R2$$$",-7.34100000,ok,,flexible
"PEPTIDE1{meA.P.dP.G.F.T.G}$PEPTIDE1,PEPTIDE1,1:R1-7:R2$$$",-7.45500000,ok,,flexible
"PEPTIDE1{A.dP.P.dP.P.P.Phe(4-CF3)}$PEPTIDE1,PEPTIDE1,1:R1-7:R2$$$",-7.64900000,ok,,flexible
"PEPTIDE1{Mono6.F.dP.P.P.dP.P}$PEPTIDE1,PEPTIDE1,1:R1-7:R2$$$",-8.19800000,ok,,flexible
"PEPTIDE1{Mono6.Mono84.Mono84.P.dP.D.P}$PEPTIDE1,PEPTIDE1,1:R1-7:R2$$$",-7.22800000,ok,,flexible
"PEPTIDE1{dA.A.P.P.dP.dP.dP}$PEPTIDE1,PEPTIDE1,1:R1-7:R2$$$",-7.46000000,ok,,flexible
"PEPTIDE1{Mono6.T.P.dP.P.dP.dP}$PEPTIDE1,PEPTIDE1,1:R1-7:R2$$$",-7.24100000,ok,,flexible
"PEPTIDE1{F.G.Mono84.P.dP.P.dP}$PEPTIDE1,PEPTIDE1,1:R1-7:R2$$$",-7.79300000,ok,,flexible
"PEPTIDE1{A.P.Mono84.dP.dP.dP.P}$PEPTIDE1,PEPTIDE1,1:R1-7:R2$$$",-8.29100000,ok,,flexible
"PEPTIDE1{P.P.P.P.T.dP.dP}$PEPTIDE1,PEPTIDE1,1:R1-7:R2$$$",-7.81500000,ok,,flexible
"PEPTIDE1{F.Mono84.T.P.P.dP.P}$PEPTIDE1,PEPTIDE1,1:R1-7:R2$$$",-7.37600000,ok,,flexible
"PEPTIDE1{dP.meY.dP.dP.P.P.P}$PEPTIDE1,PEPTIDE1,1:R1-7:R2$$$",-8.02600000,ok,,flexible
"PEPTIDE1{Mono6.T.P.dP.dP.dP.P}$PEPTIDE1,PEPTIDE1,1:R1-7:R2$$$",-7.87100000,ok,,flexible
"PEPTIDE1{P.Y.Mono84.dP.P.P.P}$PEPTIDE1,PEPTIDE1,1:R1-7:R2$$$",-7.71300000,ok,,flexible
"PEPTIDE1{dP.dP.P.D.P.T.dP}$PEPTIDE1,PEPTIDE1,1:R1-7:R2$$$",-7.56800000,ok,,flexible
"PEPTIDE1{dF.Mono84.dP.P.dP.P.P}$PEPTIDE1,PEPTIDE1,1:R1-7:R2$$$",-8.33500000,ok,,flexible
"PEPTIDE1{L.dP.P.dP.P.P.P}$PEPTIDE1,PEPTIDE1,1:R1-7:R2$$$",-7.91700000,ok,,flexible
"PEPTIDE1{dA.dP.dP.P.P.D.P}$PEPTIDE1,PEPTIDE1,1:R1-7:R2$$$",-7.11200000,ok,,flexible
"PEPTIDE1{F.P.P.Mono84.Phe(4-CF3).dP.P}$PEPTIDE1,PEPTIDE1,1:R1-7:R2$$$",-6.93400000,ok,,flexible
"PEPTIDE1{meL.P.P.dP.dP.P.P}$PEPTIDE1,PEPTIDE1,1:R1-7:R2$$$",-7.46900000,ok,,flexible
"PEPTIDE1{meA.dP.dP.D.T.dP.D}$PEPTIDE1,PEPTIDE1,1:R1-7:R2$$$",-6.47000000,ok,,flexible
"PEPTIDE1{dP.P.meY.dP.P.P.D}$PEPTIDE1,PEPTIDE1,1:R1-7:R2$$$",-7.60300000,ok,,flexible
"PEPTIDE1{A.dP.dP.P.D.P.T}$PEPTIDE1,PEPTIDE1,1:R1-7:R2$$$",-6.71000000,ok,,flexible
"PEPTIDE1{Me_dA.Mono84.dP.dP.dP.P.P}$PEPTIDE1,PEPTIDE1,1:R1-7:R2$$$",-8.10100000,ok,,flexible
"PEPTIDE1{dP.dP.P.dP.P.D.P}$PEPTIDE1,PEPTIDE1,1:R1-7:R2$$$",-7.54800000,ok,,flexible
"PEPTIDE1{Me_dA.P.dP.dP.T.dP.P}$PEPTIDE1,PEPTIDE1,1:R1-7:R2$$$",-7.34000000,ok,,flexible
"PEPTIDE1{P.dP.D.dP.dP.P.P}$PEPTIDE1,PEPTIDE1,1:R1-7:R2$$$",-7.26000000,ok,,flexible
"PEPTIDE1{dP.dP.dP.P.P.T.D}$PEPTIDE1,PEPTIDE1,1:R1-7:R2$$$",-7.33700000,ok,,flexible
"PEPTIDE1{P.G.P.F.Y.dP.P}$PEPTIDE1,PEPTIDE1,1:R1-7:R2$$$",-8.16700000,ok,,flexible
"PEPTIDE1{A.Y.T.dP.P.P.dP}$PEPTIDE1,PEPTIDE1,1:R1-7:R2$$$",-7.35200000,ok,,flexible
"PEPTIDE1{P.dP.G.dP.dP.P.dP}$PEPTIDE1,PEPTIDE1,1:R1-7:R2$$$",-7.49500000,ok,,flexible
"PEPTIDE1{P.dP.dP.P.dP.T.D}$PEPTIDE1,PEPTIDE1,1:R1-7:R2$$$",-6.65700000,ok,,flexible
"PEPTIDE1{P.P.dP.dP.Phe(4-CF3).P.dP}$PEPTIDE1,PEPTIDE1,1:R1-7:R2$$$",-7.82600000,ok,,flexible
"PEPTIDE1{Mono6.dP.dP.P.dP.P.dP}$PEPTIDE1,PEPTIDE1,1:R1-7:R2$$$",-7.80300000,ok,,flexible
"PEPTIDE1{Me_dA.Mono84.3Pal.dP.dP.P.P}$PEPTIDE1,PEPTIDE1,1:R1-7:R2$$$",-7.13200000,ok,,flexible
"PEPTIDE1{A.T.dP.P.dP.P.dP}$PEPTIDE1,PEPTIDE1,1:R1-7:R2$$$",-7.95600000,ok,,flexible
"PEPTIDE1{Me_Bal.meL.dP.P.dP.dP.Phe(4-CF3)}$PEPTIDE1,PEPTIDE1,1:R1-7:R2$$$",-7.04000000,ok,,flexible
"PEPTIDE1{dP.P.dP.D.P.dP.P}$PEPTIDE1,PEPTIDE1,1:R1-7:R2$$$",-7.91100000,ok,,flexible
"PEPTIDE1{F.Y.Mono84.dP.dP.dP.dP}$PEPTIDE1,PEPTIDE1,1:R1-7:R2$$$",-7.28400000,ok,,flexible
"PEPTIDE1{F.P.P.P.P.dP.T}$PEPTIDE1,PEPTIDE1,1:R1-7:R2$$$",-7.25300000,ok,,flexible
"PEPTIDE1{F.P.dP.dP.dP.T.P}$PEPTIDE1,PEPTIDE1,1:R1-7:R2$$$",-7.40000000,ok,,flexible
"PEPTIDE1{A.F.P.dP.dP.P.P}$PEPTIDE1,PEPTIDE1,1:R1-7:R2$$$",-7.46400000,ok,,flexible
"PEPTIDE1{dP.dP.dP.Phe(4-CF3).D.T.P}$PEPTIDE1,PEPTIDE1,1:R1-7:R2$$$",-7.09200000,ok,,flexible
"PEPTIDE1{F.G.P.3Pal.dP.A.P}$PEPTIDE1,PEPTIDE1,1:R1-7:R2$$$",-7.52800000,ok,,flexible
"PEPTIDE1{dP.meY.P.dP.P.dP.P}$PEPTIDE1,PEPTIDE1,1:R1-7:R2$$$",-7.54500000,ok,,flexible
"PEPTIDE1{F.P.P.dP.P.D.T}$PEPTIDE1,PEPTIDE1,1:R1-7:R2$$$",-6.41200000,ok,,flexible
"PEPTIDE1{dA.P.dP.dP.P.D.dP}$PEPTIDE1,PEPTIDE1,1:R1-7:R2$$$",-7.33700000,ok,,flexible
"PEPTIDE1{P.Y.P.dP.P.P.T}$PEPTIDE1,PEPTIDE1,1:R1-7:R2$$$",-7.68100000,ok,,flexible
"PEPTIDE1{A.G.P.P.dP.dP.dP}$PEPTIDE1,PEPTIDE1,1:R1-7:R2$$$",-7.83000000,ok,,flexible
"PEPTIDE1{Me_Bal.dP.dP.dP.P.Phe(4-CF3).T}$PEPTIDE1,PEPTIDE1,1:R1-7:R2$$$",-7.27600000,ok,,flexible
"PEPTIDE1{Me_dA.T.P.dP.P.P.P}$PEPTIDE1,PEPTIDE1,1:R1-7:R2$$$",-7.11000000,ok,,flexible
"PEPTIDE1{dA.G.P.dP.P.P.dP}$PEPTIDE1,PEPTIDE1,1:R1-7:R2$$$",-7.39200000,ok,,flexible
"PEPTIDE1{F.G.dP.P.Mono84.P.Mono84}$PEPTIDE1,PEPTIDE1,1:R1-7:R2$$$",-8.62900000,ok,,flexible
"PEPTIDE1{dV.P.dP.P.P.dP.D}$PEPTIDE1,PEPTIDE1,1:R1-7:R2$$$",-6.82000000,ok,,flexible
"PEPTIDE1{Me_dA.A.dP.dP.P.P.dP}$PEPTIDE1,PEPTIDE1,1:R1-7:R2$$$",-7.91100000,ok,,flexible
"PEPTIDE1{dV.P.P.dP.P.T.D}$PEPTIDE1,PEPTIDE1,1:R1-7:R2$$$",-6.82900000,ok,,flexible
"PEPTIDE1{A.dP.dP.P.Y.P.P}$PEPTIDE1,PEPTIDE1,1:R1-7:R2$$$",-7.08400000,ok,,flexible
"PEPTIDE1{A.dP.dP.Mono84.dP.P.dP}$PEPTIDE1,PEPTIDE1,1:R1-7:R2$$$",-7.83700000,ok,,flexible
"PEPTIDE1{Mono6.P.dP.dP.T.dP.P}$PEPTIDE1,PEPTIDE1,1:R1-7:R2$$$",-7.42800000,ok,,flexible
"PEPTIDE1{dP.Phe(4-CF3).P.dP.P.dP.P}$PEPTIDE1,PEPTIDE1,1:R1-7:R2$$$",-8.05900000,ok,,flexible
"PEPTIDE1{dF.Mono84.P.P.P.P.dP}$PEPTIDE1,PEPTIDE1,1:R1-7:R2$$$",-7.81300000,ok,,flexible
"PEPTIDE1{F.Mono84.P.dP.dP.dP.dP}$PEPTIDE1,PEPTIDE1,1:R1-7:R2$$$",-7.86100000,ok,,flexible
"PEPTIDE1{Me_dA.F.A.F.G.P.dP}$PEPTIDE1,PEPTIDE1,1:R1-7:R2$$$",-8.31700000,ok,,flexible
"PEPTIDE1{F.3Pal.P.Mono84.dP.P.dP}$PEPTIDE1,PEPTIDE1,1:R1-7:R2$$$",-7.21900000,ok,,flexible
"PEPTIDE1{Mono6.P.P.P.dP.D.dP}$PEPTIDE1,PEPTIDE1,1:R1-7:R2$$$",-7.45900000,ok,,flexible
"PEPTIDE1{A.P.Phe(4-CF3).Asp_piperidide.P.P.dP}$PEPTIDE1,PEPTIDE1,1:R1-7:R2$$$",-7.75300000,ok,,flexible
"PEPTIDE1{F.F.cHexCH2_Gly.Mono84.P.P.dP}$PEPTIDE1,PEPTIDE1,1:R1-7:R2$$$",-6.66700000,ok,,flexible
"PEPTIDE1{P.G.F.F.dP.Phe(4-CF3).P}$PEPTIDE1,PEPTIDE1,1:R1-7:R2$$$",-7.49300000,ok,,flexible
"PEPTIDE1{Me_dA.P.dP.dP.D.P.T}$PEPTIDE1,PEPTIDE1,1:R1-7:R2$$$",-6.62800000,ok,,flexible
"PEPTIDE1{F.dP.P.dP.T.P.P}$PEPTIDE1,PEPTIDE1,1:R1-7:R2$$$",-7.51100000,ok,,flexible
"PEPTIDE1{F.Y.Mono84.dP.P.dP.P}$PEPTIDE1,PEPTIDE1,1:R1-7:R2$$$",-7.03400000,ok,,flexible
"PEPTIDE1{meA.G.P.D.P.P.dP}$PEPTIDE1,PEPTIDE1,1:R1-7:R2$$$",-6.65800000,ok,,flexible
"PEPTIDE1{F.P.T.dP.P.P.P}$PEPTIDE1,PEPTIDE1,1:R1-7:R2$$$",-7.18700000,ok,,flexible
"PEPTIDE1{Me_dA.P.A.dP.dP.dP.Phe(4-CF3)}$PEPTIDE1,PEPTIDE1,1:R1-7:R2$$$",-7.49500000,ok,,flexible
"PEPTIDE1{A.dP.dP.T.dP.P.P}$PEPTIDE1,PEPTIDE1,1:R1-7:R2$$$",-7.39400000,ok,,flexible
"PEPTIDE1{Me_dA.dP.P.dP.dP.P.dP}$PEPTIDE1,PEPTIDE1,1:R1-7:R2$$$",-7.84200000,ok,,flexible
"PEPTIDE1{Mono6.G.P.Y.dP.P.P}$PEPTIDE1,PEPTIDE1,1:R1-7:R2$$$",-7.43400000,ok,,flexible
"PEPTIDE1{Mono6.P.dP.P.P.P.T}$PEPTIDE1,PEPTIDE1,1:R1-7:R2$$$",-7.42500000,ok,,flexible
"PEPTIDE1{F.Y.P.dP.dP.dP.P}$PEPTIDE1,PEPTIDE1,1:R1-7:R2$$$",-6.81900000,ok,,flexible
"PEPTIDE1{A.P.dP.dP.dP.P.D}$PEPTIDE1,PEPTIDE1,1:R1-7:R2$$$",-7.15200000,ok,,flexible
"PEPTIDE1{dV.dP.P.dP.dP.P.D}$PEPTIDE1,PEPTIDE1,1:R1-7:R2$$$",-7.81700000,ok,,flexible
"PEPTIDE1{P.Phe(4-CF3).dP.P.dP.P.P}$PEPTIDE1,PEPTIDE1,1:R1-7:R2$$$",-8.03100000,ok,,flexible
"PEPTIDE1{meL.P.dP.P.P.dP.P}$PEPTIDE1,PEPTIDE1,1:R1-7:R2$$$",-7.15800000,ok,,flexible
"PEPTIDE1{F.dP.P.dP.dP.T.dP}$PEPTIDE1,PEPTIDE1,1:R1-7:R2$$$",-7.39200000,ok,,flexible
"PEPTIDE1{dA.Phe(4-CF3).P.dP.P.P.P}$PEPTIDE1,PEPTIDE1,1:R1-7:R2$$$",-7.97600000,ok,,flexible
"PEPTIDE1{P.G.T.P.P.P.dP}$PEPTIDE1,PEPTIDE1,1:R1-7:R2$$$",-8.19900000,ok,,flexible
"PEPTIDE1{A.dP.G.F.P.T.dP}$PEPTIDE1,PEPTIDE1,1:R1-7:R2$$$",-7.50100000,ok,,flexible
"PEPTIDE1{Mono6.F.P.T.Mono84.Y.P}$PEPTIDE1,PEPTIDE1,1:R1-7:R2$$$",-6.77800000,ok,,flexible
"PEPTIDE1{dP.P.Me_dL.P.dP.dP.P}$PEPTIDE1,PEPTIDE1,1:R1-7:R2$$$",-7.45900000,ok,,flexible
"PEPTIDE1{Mono6.Mono84.P.Y.P.dP.P}$PEPTIDE1,PEPTIDE1,1:R1-7:R2$$$",-7.58800000,ok,,flexible
"PEPTIDE1{A.P.Y.dP.P.dP.P}$PEPTIDE1,PEPTIDE1,1:R1-7:R2$$$",-8.06200000,ok,,flexible
"PEPTIDE1{Mono6.G.P.P.P.dP.dP}$PEPTIDE1,PEPTIDE1,1:R1-7:R2$$$",-8.08300000,ok,,flexible
"PEPTIDE1{dP.dP.P.P.D.T.P}$PEPTIDE1,PEPTIDE1,1:R1-7:R2$$$",-6.98400000,ok,,flexible
"PEPTIDE1{dF.G.Mono84.dP.P.dP.dP}$PEPTIDE1,PEPTIDE1,1:R1-7:R2$$$",-8.45600000,ok,,flexible
"PEPTIDE1{A.dP.T.P.dP.P.P}$PEPTIDE1,PEPTIDE1,1:R1-7:R2$$$",-7.17200000,ok,,flexible
"PEPTIDE1{F.A.dP.Y.Mono84.P.dP}$PEPTIDE1,PEPTIDE1,1:R1-7:R2$$$",-7.20600000,ok,,flexible
"PEPTIDE1{F.G.P.Mono86.Y.dP.dP}$PEPTIDE1,PEPTIDE1,1:R1-7:R2$$$",-6.92100000,ok,,flexible
"PEPTIDE1{A.P.P.dP.P.D.T}$PEPTIDE1,PEPTIDE1,1:R1-7:R2$$$",-6.92900000,ok,,flexible
"PEPTIDE1{Mono6.dP.dP.T.dP.P.D}$PEPTIDE1,PEPTIDE1,1:R1-7:R2$$$",-7.17200000,ok,,flexible
"PEPTIDE1{dF.3Pal.dP.P.dP.P.P}$PEPTIDE1,PEPTIDE1,1:R1-7:R2$$$",-7.28200000,ok,,flexible
"PEPTIDE1{Me_dA.P.Phe(4-CF3).P.dP.dP.dP}$PEPTIDE1,PEPTIDE1,1:R1-7:R2$$$",-7.40900000,ok,,flexible
"PEPTIDE1{A.dP.P.Y.Phe(4-CF3).dP.dP}$PEPTIDE1,PEPTIDE1,1:R1-7:R2$$$",-7.87400000,ok,,flexible
"PEPTIDE1{P.dP.dP.dP.dP.D.P}$PEPTIDE1,PEPTIDE1,1:R1-7:R2$$$",-7.20000000,ok,,flexible
"PEPTIDE1{dF.A.P.dP.dP.dP.P}$PEPTIDE1,PEPTIDE1,1:R1-7:R2$$$",-7.64500000,ok,,flexible
"PEPTIDE1{P.F.P.P.dP.P.dP}$PEPTIDE1,PEPTIDE1,1:R1-7:R2$$$",-7.39300000,ok,,flexible
"PEPTIDE1{dV.P.P.dP.P.P.dP}$PEPTIDE1,PEPTIDE1,1:R1-7:R2$$$",-8.11100000,ok,,flexible
"PEPTIDE1{dP.meY.P.P.dP.dP.P}$PEPTIDE1,PEPTIDE1,1:R1-7:R2$$$",-7.77400000,ok,,flexible
"PEPTIDE1{F.Mono84.D.P.P.P.dP}$PEPTIDE1,PEPTIDE1,1:R1-7:R2$$$",-7.37600000,ok,,flexible
"PEPTIDE1{dA.F.3Pal.T.P.P.dP}$PEPTIDE1,PEPTIDE1,1:R1-7:R2$$$",-7.26100000,ok,,flexible
"PEPTIDE1{Mono6.dP.dP.P.P.P.D}$PEPTIDE1,PEPTIDE1,1:R1-7:R2$$$",-7.47000000,ok,,flexible
"PEPTIDE1{A.Phe(4-CF3).dP.P.P.P.dP}$PEPTIDE1,PEPTIDE1,1:R1-7:R2$$$",-7.22500000,ok,,flexible
"PEPTIDE1{F.T.P.dP.P.dP.dP}$PEPTIDE1,PEPTIDE1,1:R1-7:R2$$$",-7.49900000,ok,,flexible
"PEPTIDE1{A.Phe(4-CF3).P.dP.P.P.P}$PEPTIDE1,PEPTIDE1,1:R1-7:R2$$$",-7.51100000,ok,,flexible
"PEPTIDE1{A.Phe(4-CF3).Mono84.P.dP.dP.dP}$PEPTIDE1,PEPTIDE1,1:R1-7:R2$$$",-8.02600000,ok,,flexible
"PEPTIDE1{P.G.dP.P.P.dP.P}$PEPTIDE1,PEPTIDE1,1:R1-7:R2$$$",-7.81000000,ok,,flexible
"PEPTIDE1{dA.dP.dP.dP.D.T.P}$PEPTIDE1,PEPTIDE1,1:R1-7:R2$$$",-7.19100000,ok,,flexible
"PEPTIDE1{Me_dA.P.Y.dP.Mono84.P.P}$PEPTIDE1,PEPTIDE1,1:R1-7:R2$$$",-7.88200000,ok,,flexible
"PEPTIDE1{dF.G.dP.dP.P.dP.P}$PEPTIDE1,PEPTIDE1,1:R1-7:R2$$$",-7.50200000,ok,,flexible
"PEPTIDE1{P.Pr_Gly.dP.dP.dP.T.P}$PEPTIDE1,PEPTIDE1,1:R1-7:R2$$$",-6.92300000,ok,,flexible
"PEPTIDE1{F.P.P.P.dP.P.P}$PEPTIDE1,PEPTIDE1,1:R1-7:R2$$$",-8.06400000,ok,,flexible
"PEPTIDE1{dP.dP.dP.T.P.P.P}$PEPTIDE1,PEPTIDE1,1:R1-7:R2$$$",-8.06000000,ok,,flexible
"PEPTIDE1{F.dP.G.Mono84.P.dP.dP}$PEPTIDE1,PEPTIDE1,1:R1-7:R2$$$",-7.66400000,ok,,flexible
"PEPTIDE1{meA.dP.P.P.dP.P.dP}$PEPTIDE1,PEPTIDE1,1:R1-7:R2$$$",-8.13600000,ok,,flexible
"PEPTIDE1{Me_Bal.G.G.P.dP.Mono84.Mono84}$PEPTIDE1,PEPTIDE1,1:R1-7:R2$$$",-7.71200000,ok,,flexible
"PEPTIDE1{dA.P.dP.G.dP.T.dP}$PEPTIDE1,PEPTIDE1,1:R1-7:R2$$$",-7.14500000,ok,,flexible
"PEPTIDE1{P.dP.D.P.P.P.Phe(4-CF3)}$PEPTIDE1,PEPTIDE1,1:R1-7:R2$$$",-7.38900000,ok,,flexible
"PEPTIDE1{F.Y.P.P.P.P.P}$PEPTIDE1,PEPTIDE1,1:R1-7:R2$$$",-7.56300000,ok,,flexible
"PEPTIDE1{Me_dA.dP.dP.dP.dP.P.P}$PEPTIDE1,PEPTIDE1,1:R1-7:R2$$$",-8.39400000,ok,,flexible
"PEPTIDE1{F.3Pal.P.G.Phe(4-CF3).Mono84.P}$PEPTIDE1,PEPTIDE1,1:R1-7:R2$$$",-7.04300000,ok,,flexible
"PEPTIDE1{Me_Bal.Y.dP.dP.P.dP.T}$PEPTIDE1,PEPTIDE1,1:R1-7:R2$$$",-7.47500000,ok,,flexible
"PEPTIDE1{dA.P.dP.dP.T.P.P}$PEPTIDE1,PEPTIDE1,1:R1-7:R2$$$",-7.93200000,ok,,flexible
"PEPTIDE1{dA.P.Mono84.dP.P.dP.P}$PEPTIDE1,PEPTIDE1,1:R1-7:R2$$$",-7.93500000,ok,,flexible
"PEPTIDE1{A.dP.dP.D.P.P.P}$PEPTIDE1,PEPTIDE1,1:R1-7:R2$$$",-7.05100000,ok,,flexible
"PEPTIDE1{dP.dP.dP.T.D.P.dP}$PEPTIDE1,PEPTIDE1,1:R1-7:R2$$$",-6.83900000,ok,,flexible
"PEPTIDE1{P.F.Phe(4-CF3).dP.P.dP.dP}$PEPTIDE1,PEPTIDE1,1:R1-7:R2$$$",-8.76000000,ok,,flexible
"PEPTIDE1{A.T.P.P.P.dP.dP}$PEPTIDE1,PEPTIDE1,1:R1-7:R2$$$",-8.29500000,ok,,flexible
"PEPTIDE1{P.F.Y.dP.Mono84.P.P}$PEPTIDE1,PEPTIDE1,1:R1-7:R2$$$",-6.85800000,ok,,flexible
"PEPTIDE1{A.G.dP.P.P.dP.P}$PEPTIDE1,PEPTIDE1,1:R1-7:R2$$$",-7.88200000,ok,,flexible
"PEPTIDE1{meA.P.P.P.P.dP.Y}$PEPTIDE1,PEPTIDE1,1:R1-7:R2$$$",-7.73600000,ok,,flexible
"PEPTIDE1{dP.Y.T.P.P.P.P}$PEPTIDE1,PEPTIDE1,1:R1-7:R2$$$",-7.04700000,ok,,flexible
"PEPTIDE1{P.P.F.G.dP.dP.P}$PEPTIDE1,PEPTIDE1,1:R1-7:R2$$$",-8.16000000,ok,,flexible
"PEPTIDE1{P.Y.F.dP.P.Mono84.Mono84}$PEPTIDE1,PEPTIDE1,1:R1-7:R2$$$",-7.49900000,ok,,flexible
"PEPTIDE1{F.P.P.dP.P.dP.D}$PEPTIDE1,PEPTIDE1,1:R1-7:R2$$$",-7.61500000,ok,,flexible
"PEPTIDE1{dA.Mono84.T.D.dP.dP.dP}$PEPTIDE1,PEPTIDE1,1:R1-7:R2$$$",-6.90700000,ok,,flexible
"PEPTIDE1{Mono6.P.dP.dP.P.D.dP}$PEPTIDE1,PEPTIDE1,1:R1-7:R2$$$",-7.53700000,ok,,flexible
"PEPTIDE1{F.dP.P.P.dP.P.T}$PEPTIDE1,PEPTIDE1,1:R1-7:R2$$$",-7.38800000,ok,,flexible
"PEPTIDE1{Me_dA.P.P.dP.P.D.dP}$PEPTIDE1,PEPTIDE1,1:R1-7:R2$$$",-7.10000000,ok,,flexible
"PEPTIDE1{F.dP.P.T.dP.dP.P}$PEPTIDE1,PEPTIDE1,1:R1-7:R2$$$",-7.69200000,ok,,flexible
"PEPTIDE1{F.Y.dP.3Pal.P.P.Phe(4-CF3)}$PEPTIDE1,PEPTIDE1,1:R1-7:R2$$$",-6.84500000,ok,,flexible
"PEPTIDE1{dF.dP.Mono84.dP.P.D.dP}$PEPTIDE1,PEPTIDE1,1:R1-7:R2$$$",-7.63400000,ok,,flexible
"PEPTIDE1{P.dP.P.dP.P.P.D}$PEPTIDE1,PEPTIDE1,1:R1-7:R2$$$",-6.97700000,ok,,flexible
"PEPTIDE1{F.P.G.T.dP.Y.Mono84}$PEPTIDE1,PEPTIDE1,1:R1-7:R2$$$",-7.26000000,ok,,flexible
"PEPTIDE1{dF.dP.P.dP.P.D.P}$PEPTIDE1,PEPTIDE1,1:R1-7:R2$$$",-7.11100000,ok,,flexible
"PEPTIDE1{P.F.Mono84.Mono84.G.dP.dP}$PEPTIDE1,PEPTIDE1,1:R1-7:R2$$$",-7.51000000,ok,,flexible
"PEPTIDE1{P.F.D.P.dP.dP.P}$PEPTIDE1,PEPTIDE1,1:R1-7:R2$$$",-6.78800000,ok,,flexible
"PEPTIDE1{dA.P.dP.P.P.dP.D}$PEPTIDE1,PEPTIDE1,1:R1-7:R2$$$",-7.34700000,ok,,flexible
"PEPTIDE1{dP.meY.dP.P.dP.D.T}$PEPTIDE1,PEPTIDE1,1:R1-7:R2$$$",-7.93900000,ok,,flexible
"PEPTIDE1{dP.Phe(4-CF3).P.P.dP.dP.P}$PEPTIDE1,PEPTIDE1,1:R1-7:R2$$$",-8.16600000,ok,,flexible
"PEPTIDE1{P.Y.dP.dP.dP.P.T}$PEPTIDE1,PEPTIDE1,1:R1-7:R2$$$",-7.51200000,ok,,flexible
"PEPTIDE1{P.P.dP.dP.dP.P.D}$PEPTIDE1,PEPTIDE1,1:R1-7:R2$$$",-7.92200000,ok,,flexible
"PEPTIDE1{P.A.dP.P.dP.dP.dP}$PEPTIDE1,PEPTIDE1,1:R1-7:R2$$$",-8.12700000,ok,,flexible
"PEPTIDE1{dA.T.dP.dP.P.dP.P}$PEPTIDE1,PEPTIDE1,1:R1-7:R2$$$",-7.37100000,ok,,flexible
"PEPTIDE1{dF.dP.G.P.P.dP.dP}$PEPTIDE1,PEPTIDE1,1:R1-7:R2$$$",-7.60400000,ok,,flexible
"PEPTIDE1{F.P.P.dP.dP.T.P}$PEPTIDE1,PEPTIDE1,1:R1-7:R2$$$",-8.15000000,ok,,flexible
"PEPTIDE1{P.G.P.dP.dP.P.dP}$PEPTIDE1,PEPTIDE1,1:R1-7:R2$$$",-7.97000000,ok,,flexible
"PEPTIDE1{dA.G.dP.F.P.dP.P}$PEPTIDE1,PEPTIDE1,1:R1-7:R2$$$",-7.12600000,ok,,flexible
"PEPTIDE1{Mono6.dP.P.P.dP.D.dP}$PEPTIDE1,PEPTIDE1,1:R1-7:R2$$$",-7.09400000,ok,,flexible
"PEPTIDE1{dA.G.P.Mono84.P.P.Y}$PEPTIDE1,PEPTIDE1,1:R1-7:R2$$$",-7.73600000,ok,,flexible
"PEPTIDE1{dP.Y.P.dP.P.P.D}$PEPTIDE1,PEPTIDE1,1:R1-7:R2$$$",-6.87200000,ok,,flexible
"PEPTIDE1{P.P.dP.P.dP.P.T}$PEPTIDE1,PEPTIDE1,1:R1-7:R2$$$",-7.56400000,ok,,flexible
"PEPTIDE1{A.dP.dP.dP.P.Y.P}$PEPTIDE1,PEPTIDE1,1:R1-7:R2$$$",-7.23600000,ok,,flexible
"PEPTIDE1{P.A.dP.dP.dP.dP.P}$PEPTIDE1,PEPTIDE1,1:R1-7:R2$$$",-8.70000000,ok,,flexible
"PEPTIDE1{dP.Mono84.P.Y.dP.P.dP}$PEPTIDE1,PEPTIDE1,1:R1-7:R2$$$",-7.90900000,ok,,flexible
"PEPTIDE1{Me_Bal.T.dP.P.P.P.dP}$PEPTIDE1,PEPTIDE1,1:R1-7:R2$$$",-8.13600000,ok,,flexible
"PEPTIDE1{Me_dA.P.dP.P.P.Phe(4-CF3).T}$PEPTIDE1,PEPTIDE1,1:R1-7:R2$$$",-7.40400000,ok,,flexible
"PEPTIDE1{dA.dP.P.P.P.P.Phe(4-CF3)}$PEPTIDE1,PEPTIDE1,1:R1-7:R2$$$",-8.12500000,ok,,flexible
"PEPTIDE1{Mono6.P.Phe(4-CF3).dP.P.P.P}$PEPTIDE1,PEPTIDE1,1:R1-7:R2$$$",-7.73300000,ok,,flexible
"PEPTIDE1{P.Y.dP.Mono84.dP.dP.P}$PEPTIDE1,PEPTIDE1,1:R1-7:R2$$$",-7.95400000,ok,,flexible
"PEPTIDE1{P.P.P.dP.dP.D.T}$PEPTIDE1,PEPTIDE1,1:R1-7:R2$$$",-7.61700000,ok,,flexible
"PEPTIDE1{A.T.meY.P.P.dP.dP}$PEPTIDE1,PEPTIDE1,1:R1-7:R2$$$",-7.21800000,ok,,flexible
"PEPTIDE1{dA.dP.Phe(4-CF3).P.dP.dP.P}$PEPTIDE1,PEPTIDE1,1:R1-7:R2$$$",-7.57500000,ok,,flexible
"PEPTIDE1{dF.P.P.dP.Mono84.dP.dP}$PEPTIDE1,PEPTIDE1,1:R1-7:R2$$$",-8.44500000,ok,,flexible
"PEPTIDE1{F.dP.P.P.P.dP.T}$PEPTIDE1,PEPTIDE1,1:R1-7:R2$$$",-7.40500000,ok,,flexible
"PEPTIDE1{Mono6.F.P.dP.P.dP.P}$PEPTIDE1,PEPTIDE1,1:R1-7:R2$$$",-7.95400000,ok,,flexible
"PEPTIDE1{dP.F.Y.G.P.dP.dP}$PEPTIDE1,PEPTIDE1,1:R1-7:R2$$$",-7.43600000,ok,,flexible
"PEPTIDE1{P.G.F.T.Mono84.P.dP}$PEPTIDE1,PEPTIDE1,1:R1-7:R2$$$",-7.15300000,ok,,flexible
"PEPTIDE1{dP.P.dP.T.P.P.D}$PEPTIDE1,PEPTIDE1,1:R1-7:R2$$$",-7.43500000,ok,,flexible
"PEPTIDE1{Me_dA.dP.Phe(4-CF3).dP.P.P.dP}$PEPTIDE1,PEPTIDE1,1:R1-7:R2$$$",-8.60800000,ok,,flexible
"PEPTIDE1{dV.dP.P.P.dP.dP.P}$PEPTIDE1,PEPTIDE1,1:R1-7:R2$$$",-7.86300000,ok,,flexible
"PEPTIDE1{dF.T.Mono84.P.P.P.P}$PEPTIDE1,PEPTIDE1,1:R1-7:R2$$$",-7.80200000,ok,,flexible
"PEPTIDE1{dP.F.P.dP.dP.dP.P}$PEPTIDE1,PEPTIDE1,1:R1-7:R2$$$",-7.56500000,ok,,flexible
"PEPTIDE1{Me_dA.Y.F.dP.P.P.P}$PEPTIDE1,PEPTIDE1,1:R1-7:R2$$$",-7.19900000,ok,,flexible
"PEPTIDE1{meA.P.P.P.P.dP.dP}$PEPTIDE1,PEPTIDE1,1:R1-7:R2$$$",-7.79200000,ok,,flexible
"PEPTIDE1{Me_dA.dP.P.dP.dP.Phe(4-CF3).P}$PEPTIDE1,PEPTIDE1,1:R1-7:R2$$$",-7.73400000,ok,,flexible
"PEPTIDE1{Mono6.dP.D.dP.P.dP.dP}$PEPTIDE1,PEPTIDE1,1:R1-7:R2$$$",-7.05700000,ok,,flexible
"PEPTIDE1{P.P.P.P.P.D.T}$PEPTIDE1,PEPTIDE1,1:R1-7:R2$$$",-7.04800000,ok,,flexible
"PEPTIDE1{Me_Bal.T.P.dP.Phe(4-CF3).G.dP}$PEPTIDE1,PEPTIDE1,1:R1-7:R2$$$",-7.62200000,ok,,flexible
"PEPTIDE1{dA.Y.dP.P.dP.P.dP}$PEPTIDE1,PEPTIDE1,1:R1-7:R2$$$",-7.76400000,ok,,flexible
"PEPTIDE1{dA.dP.P.dP.Phe(4-CF3).dP.P}$PEPTIDE1,PEPTIDE1,1:R1-7:R2$$$",-8.51600000,ok,,flexible
"PEPTIDE1{Me_dA.dP.Y.dP.dP.dP.P}$PEPTIDE1,PEPTIDE1,1:R1-7:R2$$$",-8.23000000,ok,,flexible
"PEPTIDE1{dF.P.P.P.P.D.dP}$PEPTIDE1,PEPTIDE1,1:R1-7:R2$$$",-7.62300000,ok,,flexible
"PEPTIDE1{dF.P.dP.D.dP.dP.P}$PEPTIDE1,PEPTIDE1,1:R1-7:R2$$$",-7.96100000,ok,,flexible
"PEPTIDE1{Me_dA.Mono6.dP.P.P.P.P}$PEPTIDE1,PEPTIDE1,1:R1-7:R2$$$",-7.69900000,ok,,flexible
"PEPTIDE1{P.G.Phe(4-CF3).dP.P.P.dP}$PEPTIDE1,PEPTIDE1,1:R1-7:R2$$$",-7.55400000,ok,,flexible
"PEPTIDE1{P.meY.P.dP.dP.dP.T}$PEPTIDE1,PEPTIDE1,1:R1-7:R2$$$",-7.35600000,ok,,flexible
"PEPTIDE1{A.P.P.P.dP.D.dP}$PEPTIDE1,PEPTIDE1,1:R1-7:R2$$$",-7.36700000,ok,,flexible
"PEPTIDE1{dF.Mono84.P.P.dP.P.dP}$PEPTIDE1,PEPTIDE1,1:R1-7:R2$$$",-7.42800000,ok,,flexible
"PEPTIDE1{Me_dA.P.dP.P.dP.T.dP}$PEPTIDE1,PEPTIDE1,1:R1-7:R2$$$",-7.56800000,ok,,flexible
"PEPTIDE1{F.P.dP.T.P.Y.dP}$PEPTIDE1,PEPTIDE1,1:R1-7:R2$$$",-7.17400000,ok,,flexible
"PEPTIDE1{P.Y.Phe(4-CF3).dP.P.dP.P}$PEPTIDE1,PEPTIDE1,1:R1-7:R2$$$",-7.10900000,ok,,flexible
"PEPTIDE1{dP.T.F.G.P.P.dP}$PEPTIDE1,PEPTIDE1,1:R1-7:R2$$$",-7.46800000,ok,,flexible
"PEPTIDE1{dF.dP.D.P.P.dP.dP}$PEPTIDE1,PEPTIDE1,1:R1-7:R2$$$",-7.20700000,ok,,flexible
"PEPTIDE1{P.Y.Mono84.dP.dP.P.P}$PEPTIDE1,PEPTIDE1,1:R1-7:R2$$$",-7.05600000,ok,,flexible
"PEPTIDE1{F.G.dP.P.P.dP.P}$PEPTIDE1,PEPTIDE1,1:R1-7:R2$$$",-8.26400000,ok,,flexible
"PEPTIDE1{dP.dP.Mono84.Phe(4-CF3).dP.P.P}$PEPTIDE1,PEPTIDE1,1:R1-7:R2$$$",-8.13600000,ok,,flexible
"PEPTIDE1{P.F.F.Y.dP.dP.T}$PEPTIDE1,PEPTIDE1,1:R1-7:R2$$$",-6.29900000,ok,,flexible
"PEPTIDE1{F.Mono84.dP.dP.dP.dP.P}$PEPTIDE1,PEPTIDE1,1:R1-7:R2$$$",-8.48800000,ok,,flexible
"PEPTIDE1{dP.P.Y.P.D.P.Phe(4-CF3)}$PEPTIDE1,PEPTIDE1,1:R1-7:R2$$$",-7.36700000,ok,,flexible
"PEPTIDE1{Me_Bal.A.dP.dP.dP.P.dP}$PEPTIDE1,PEPTIDE1,1:R1-7:R2$$$",-7.76900000,ok,,flexible
"PEPTIDE1{Me_Bal.F.Mono84.G.Mono84.dP.dP}$PEPTIDE1,PEPTIDE1,1:R1-7:R2$$$",-8.24400000,ok,,flexible
"PEPTIDE1{Mono6.P.dP.P.dP.D.T}$PEPTIDE1,PEPTIDE1,1:R1-7:R2$$$",-7.49000000,ok,,flexible
"PEPTIDE1{dP.dP.P.dP.D.T.Y}$PEPTIDE1,PEPTIDE1,1:R1-7:R2$$$",-7.15100000,ok,,flexible
"PEPTIDE1{Me_dA.P.P.P.D.dP.P}$PEPTIDE1,PEPTIDE1,1:R1-7:R2$$$",-7.71100000,ok,,flexible
"PEPTIDE1{dA.dP.dP.P.dP.P.T}$PEPTIDE1,PEPTIDE1,1:R1-7:R2$$$",-7.43900000,ok,,flexible
"PEPTIDE1{A.P.dP.P.dP.P.T}$PEPTIDE1,PEPTIDE1,1:R1-7:R2$$$",-7.37600000,ok,,flexible
"PEPTIDE1{A.dP.dP.dP.dP.P.Phe(4-CF3)}$PEPTIDE1,PEPTIDE1,1:R1-7:R2$$$",-8.49300000,ok,,flexible
"PEPTIDE1{Me_dA.Phe(4-CF3).dP.P.P.dP.dP}$PEPTIDE1,PEPTIDE1,1:R1-7:R2$$$",-7.95900000,ok,,flexible
"PEPTIDE1{dP.Y.D.dP.dP.dP.P}$PEPTIDE1,PEPTIDE1,1:R1-7:R2$$$",-7.61600000,ok,,flexible
"PEPTIDE1{Me_dA.P.Mono84.Phe(4-CF3).dP.P.dP}$PEPTIDE1,PEPTIDE1,1:R1-7:R2$$$",-7.33500000,ok,,flexible
"PEPTIDE1{Mono6.P.dP.dP.dP.T.D}$PEPTIDE1,PEPTIDE1,1:R1-7:R2$$$",-6.93500000,ok,,flexible
"PEPTIDE1{A.F.P.P.dP.P.P}$PEPTIDE1,PEPTIDE1,1:R1-7:R2$$$",-8.43900000,ok,,flexible
"PEPTIDE1{dF.Y.P.dP.P.P.P}$PEPTIDE1,PEPTIDE1,1:R1-7:R2$$$",-8.01000000,ok,,flexible
"PEPTIDE1{Me_dA.P.P.P.P.D.dP}$PEPTIDE1,PEPTIDE1,1:R1-7:R2$$$",-6.82200000,ok,,flexible
"PEPTIDE1{dP.P.dP.D.P.T.dP}$PEPTIDE1,PEPTIDE1,1:R1-7:R2$$$",-7.29600000,ok,,flexible
"PEPTIDE1{dP.F.T.P.Mono84.dP.P}$PEPTIDE1,PEPTIDE1,1:R1-7:R2$$$",-7.01900000,ok,,flexible
"PEPTIDE1{P.P.dP.P.D.P.T}$PEPTIDE1,PEPTIDE1,1:R1-7:R2$$$",-7.24900000,ok,,flexible
"PEPTIDE1{Mono6.P.P.dP.dP.dP.dP}$PEPTIDE1,PEPTIDE1,1:R1-7:R2$$$",-7.70900000,ok,,flexible
"PEPTIDE1{dA.dP.P.dP.P.T.P}$PEPTIDE1,PEPTIDE1,1:R1-7:R2$$$",-7.46800000,ok,,flexible
"PEPTIDE1{dP.P.P.dP.P.dP.T}$PEPTIDE1,PEPTIDE1,1:R1-7:R2$$$",-7.25200000,ok,,flexible
"PEPTIDE1{A.P.Phe(4-CF3).P.dP.dP.dP}$PEPTIDE1,PEPTIDE1,1:R1-7:R2$$$",-7.93300000,ok,,flexible
"PEPTIDE1{dA.dP.dP.P.dP.D.T}$PEPTIDE1,PEPTIDE1,1:R1-7:R2$$$",-6.85400000,ok,,flexible
"PEPTIDE1{F.P.dP.P.G.dP.P}$PEPTIDE1,PEPTIDE1,1:R1-7:R2$$$",-7.29600000,ok,,flexible
"PEPTIDE1{dA.dP.dP.dP.P.dP.Phe(4-CF3)}$PEPTIDE1,PEPTIDE1,1:R1-7:R2$$$",-7.59200000,ok,,flexible
"PEPTIDE1{dA.dP.P.dP.T.P.dP}$PEPTIDE1,PEPTIDE1,1:R1-7:R2$$$",-7.67100000,ok,,flexible
"PEPTIDE1{F.P.D.P.dP.dP.dP}$PEPTIDE1,PEPTIDE1,1:R1-7:R2$$$",-7.13600000,ok,,flexible
"PEPTIDE1{P.P.dP.dP.P.dP.T}$PEPTIDE1,PEPTIDE1,1:R1-7:R2$$$",-7.47500000,ok,,flexible
"PEPTIDE1{F.dP.D.P.P.dP.P}$PEPTIDE1,PEPTIDE1,1:R1-7:R2$$$",-7.88800000,ok,,flexible
"PEPTIDE1{dP.Y.P.dP.P.dP.D}$PEPTIDE1,PEPTIDE1,1:R1-7:R2$$$",-7.16700000,ok,,flexible
"PEPTIDE1{dF.P.P.dP.dP.dP.dP}$PEPTIDE1,PEPTIDE1,1:R1-7:R2$$$",-7.75800000,ok,,flexible
"PEPTIDE1{dA.dP.dP.P.P.dP.dP}$PEPTIDE1,PEPTIDE1,1:R1-7:R2$$$",-7.96300000,ok,,flexible
"PEPTIDE1{Me_dA.F.P.Y.P.dP.dP}$PEPTIDE1,PEPTIDE1,1:R1-7:R2$$$",-7.35000000,ok,,flexible
"PEPTIDE1{F.cHexCH2_Gly.P.dP.P.P.dP}$PEPTIDE1,PEPTIDE1,1:R1-7:R2$$$",-7.09900000,ok,,flexible
"PEPTIDE1{Mono6.P.dP.P.dP.P.T}$PEPTIDE1,PEPTIDE1,1:R1-7:R2$$$",-7.16200000,ok,,flexible
"PEPTIDE1{dA.P.P.P.dP.D.dP}$PEPTIDE1,PEPTIDE1,1:R1-7:R2$$$",-7.67100000,ok,,flexible
"PEPTIDE1{dF.dP.dP.P.P.P.T}$PEPTIDE1,PEPTIDE1,1:R1-7:R2$$$",-7.52100000,ok,,flexible
"PEPTIDE1{Mono6.dP.P.P.P.dP.T}$PEPTIDE1,PEPTIDE1,1:R1-7:R2$$$",-7.15000000,ok,,flexible
"PEPTIDE1{Mono6.dP.P.P.dP.P.dP}$PEPTIDE1,PEPTIDE1,1:R1-7:R2$$$",-7.67000000,ok,,flexible
"PEPTIDE1{P.G.dP.Phe(4-CF3).Y.dP.dP}$PEPTIDE1,PEPTIDE1,1:R1-7:R2$$$",-7.54900000,ok,,flexible
"PEPTIDE1{F.dP.P.dP.T.dP.P}$PEPTIDE1,PEPTIDE1,1:R1-7:R2$$$",-7.34600000,ok,,flexible
"PEPTIDE1{dP.P.dP.dP.P.T.P}$PEPTIDE1,PEPTIDE1,1:R1-7:R2$$$",-7.84000000,ok,,flexible
"PEPTIDE1{Me_dA.Y.F.Mono84.P.dP.P}$PEPTIDE1,PEPTIDE1,1:R1-7:R2$$$",-7.30200000,ok,,flexible
"PEPTIDE1{P.F.Y.Mono84.dP.P.dP}$PEPTIDE1,PEPTIDE1,1:R1-7:R2$$$",-8.72100000,ok,,flexible
"PEPTIDE1{Mono6.T.P.dP.dP.P.dP}$PEPTIDE1,PEPTIDE1,1:R1-7:R2$$$",-7.33100000,ok,,flexible
"PEPTIDE1{P.F.A.Mono84.dP.dP.dP}$PEPTIDE1,PEPTIDE1,1:R1-7:R2$$$",-7.39700000,ok,,flexible
"PEPTIDE1{dP.P.dP.dP.D.P.T}$PEPTIDE1,PEPTIDE1,1:R1-7:R2$$$",-7.16700000,ok,,flexible
"PEPTIDE1{Me_dA.Y.P.dP.dP.dP.P}$PEPTIDE1,PEPTIDE1,1:R1-7:R2$$$",-8.08200000,ok,,flexible
"PEPTIDE1{dF.P.dP.T.dP.P.dP}$PEPTIDE1,PEPTIDE1,1:R1-7:R2$$$",-7.47800000,ok,,flexible
"PEPTIDE1{Me_dA.F.dP.Y.Mono84.P.P}$PEPTIDE1,PEPTIDE1,1:R1-7:R2$$$",-7.68500000,ok,,flexible
"PEPTIDE1{A.P.P.P.P.T.D}$PEPTIDE1,PEPTIDE1,1:R1-7:R2$$$",-6.87200000,ok,,flexible
"PEPTIDE1{dF.dP.dP.dP.Phe(4-CF3).P.T}$PEPTIDE1,PEPTIDE1,1:R1-7:R2$$$",-7.37700000,ok,,flexible
"PEPTIDE1{Me_dA.F.Mono84.dP.P.P.dP}$PEPTIDE1,PEPTIDE1,1:R1-7:R2$$$",-8.02400000,ok,,flexible
"PEPTIDE1{A.dP.dP.dP.P.D.T}$PEPTIDE1,PEPTIDE1,1:R1-7:R2$$$",-6.74400000,ok,,flexible
"PEPTIDE1{F.P.P.dP.P.P.T}$PEPTIDE1,PEPTIDE1,1:R1-7:R2$$$",-7.45700000,ok,,flexible
"PEPTIDE1{dP.P.Y.P.P.P.dP}$PEPTIDE1,PEPTIDE1,1:R1-7:R2$$$",-8.57100000,ok,,flexible
"PEPTIDE1{F.Mono84.G.dP.dP.P.P}$PEPTIDE1,PEPTIDE1,1:R1-7:R2$$$",-7.20600000,ok,,flexible
"PEPTIDE1{dF.dP.dP.dP.P.T.D}$PEPTIDE1,PEPTIDE1,1:R1-7:R2$$$",-7.50000000,ok,,flexible
"PEPTIDE1{dP.F.P.G.Phe(4-CF3).D.dP}$PEPTIDE1,PEPTIDE1,1:R1-7:R2$$$",-7.61400000,ok,,flexible
"PEPTIDE1{A.dP.Y.dP.dP.dP.Phe(4-CF3)}$PEPTIDE1,PEPTIDE1,1:R1-7:R2$$$",-7.72300000,ok,,flexible
"PEPTIDE1{dA.dP.P.dP.P.P.T}$PEPTIDE1,PEPTIDE1,1:R1-7:R2$$$",-7.31300000,ok,,flexible
"PEPTIDE1{F.Y.P.dP.P.dP.P}$PEPTIDE1,PEPTIDE1,1:R1-7:R2$$$",-8.04500000,ok,,flexible
"PEPTIDE1{F.dP.G.Mono84.Phe(4-CF3).dP.dP}$PEPTIDE1,PEPTIDE1,1:R1-7:R2$$$",-7.89000000,ok,,flexible
"PEPTIDE1{dP.P.P.dP.P.P.P}$PEPTIDE1,PEPTIDE1,1:R1-7:R2$$$",-8.03800000,ok,,flexible
"PEPTIDE1{dP.P.dP.dP.Phe(4-CF3).P.D}$PEPTIDE1,PEPTIDE1,1:R1-7:R2$$$",-7.72900000,ok,,flexible
"PEPTIDE1{dA.T.F.Mono84.dP.P.dP}$PEPTIDE1,PEPTIDE1,1:R1-7:R2$$$",-7.49700000,ok,,flexible
"PEPTIDE1{Me_dA.Y.Phe(4-CF3).dP.P.P.dP}$PEPTIDE1,PEPTIDE1,1:R1-7:R2$$$",-7.19500000,ok,,flexible
"PEPTIDE1{P.D.dP.P.dP.P.T}$PEPTIDE1,PEPTIDE1,1:R1-7:R2$$$",-7.13200000,ok,,flexible
"PEPTIDE1{P.P.P.P.T.dP.P}$PEPTIDE1,PEPTIDE1,1:R1-7:R2$$$",-8.38700000,ok,,flexible
"PEPTIDE1{A.dP.dP.P.T.dP.P}$PEPTIDE1,PEPTIDE1,1:R1-7:R2$$$",-7.75700000,ok,,flexible
"PEPTIDE1{Me_dA.P.dP.P.dP.D.dP}$PEPTIDE1,PEPTIDE1,1:R1-7:R2$$$",-7.48600000,ok,,flexible
"PEPTIDE1{P.Phe(4-CF3).dP.P.P.dP.T}$PEPTIDE1,PEPTIDE1,1:R1-7:R2$$$",-7.88500000,ok,,flexible
"PEPTIDE1{A.P.P.P.dP.Y.P}$PEPTIDE1,PEPTIDE1,1:R1-7:R2$$$",-7.25000000,ok,,flexible
"PEPTIDE1{dF.P.P.dP.dP.P.T}$PEPTIDE1,PEPTIDE1,1:R1-7:R2$$$",-7.27900000,ok,,flexible
"PEPTIDE1{A.dP.dP.P.dP.P.D}$PEPTIDE1,PEPTIDE1,1:R1-7:R2$$$",-7.75100000,ok,,flexible
"PEPTIDE1{P.Mono84.dP.dP.P.P.dP}$PEPTIDE1,PEPTIDE1,1:R1-7:R2$$$",-7.66900000,ok,,flexible
"PEPTIDE1{F.dP.Mono84.dP.P.P.P}$PEPTIDE1,PEPTIDE1,1:R1-7:R2$$$",-8.16000000,ok,,flexible
"PEPTIDE1{dA.T.P.dP.dP.dP.P}$PEPTIDE1,PEPTIDE1,1:R1-7:R2$$$",-7.04200000,ok,,flexible
"PEPTIDE1{P.F.Phe(4-CF3).P.Y.dP.P}$PEPTIDE1,PEPTIDE1,1:R1-7:R2$$$",-7.15600000,ok,,flexible
"PEPTIDE1{dA.dP.T.P.dP.dP.Phe(4-CF3)}$PEPTIDE1,PEPTIDE1,1:R1-7:R2$$$",-8.47200000,ok,,flexible
"PEPTIDE1{dA.P.P.P.dP.P.P}$PEPTIDE1,PEPTIDE1,1:R1-7:R2$$$",-7.91100000,ok,,flexible
"PEPTIDE1{dA.dP.dP.F.Mono84.P.Y}$PEPTIDE1,PEPTIDE1,1:R1-7:R2$$$",-7.67100000,ok,,flexible
"PEPTIDE1{A.P.dP.dP.D.P.P}$PEPTIDE1,PEPTIDE1,1:R1-7:R2$$$",-7.06800000,ok,,flexible
"PEPTIDE1{P.F.dP.P.P.dP.P}$PEPTIDE1,PEPTIDE1,1:R1-7:R2$$$",-7.44000000,ok,,flexible
"PEPTIDE1{dF.dP.Mono84.P.P.P.Phe(4-CF3)}$PEPTIDE1,PEPTIDE1,1:R1-7:R2$$$",-8.08000000,ok,,flexible
"PEPTIDE1{Me_dA.dP.dP.P.dP.P.D}$PEPTIDE1,PEPTIDE1,1:R1-7:R2$$$",-6.94000000,ok,,flexible
"PEPTIDE1{F.P.dP.P.G.D.dP}$PEPTIDE1,PEPTIDE1,1:R1-7:R2$$$",-7.12300000,ok,,flexible
"PEPTIDE1{F.F.Y.dP.P.P.P}$PEPTIDE1,PEPTIDE1,1:R1-7:R2$$$",-7.12600000,ok,,flexible
"PEPTIDE1{P.dP.P.dP.dP.dP.dP}$PEPTIDE1,PEPTIDE1,1:R1-7:R2$$$",-7.72300000,ok,,flexible
"PEPTIDE1{F.dP.Mono84.F.P.dP.Mono84}$PEPTIDE1,PEPTIDE1,1:R1-7:R2$$$",-7.01300000,ok,,flexible
"PEPTIDE1{dV.P.P.P.dP.D.dP}$PEPTIDE1,PEPTIDE1,1:R1-7:R2$$$",-6.53700000,ok,,flexible
"PEPTIDE1{L.dP.dP.P.D.P.dP}$PEPTIDE1,PEPTIDE1,1:R1-7:R2$$$",-6.30800000,ok,,flexible
"PEPTIDE1{meA.P.dP.dP.P.dP.T}$PEPTIDE1,PEPTIDE1,1:R1-7:R2$$$",-7.42300000,ok,,flexible
"PEPTIDE1{dP.dP.Y.P.dP.P.P}$PEPTIDE1,PEPTIDE1,1:R1-7:R2$$$",-7.88600000,ok,,flexible
"PEPTIDE1{Me_dA.Phe(4-CF3).P.dP.P.dP.P}$PEPTIDE1,PEPTIDE1,1:R1-7:R2$$$",-7.77000000,ok,,flexible
"PEPTIDE1{A.G.P.dP.dP.dP.P}$PEPTIDE1,PEPTIDE1,1:R1-7:R2$$$",-8.09300000,ok,,flexible
"PEPTIDE1{A.Me_dL.P.P.dP.dP.dP}$PEPTIDE1,PEPTIDE1,1:R1-7:R2$$$",-6.77100000,ok,,flexible
"PEPTIDE1{dF.T.P.dP.dP.dP.dP}$PEPTIDE1,PEPTIDE1,1:R1-7:R2$$$",-7.00100000,ok,,flexible
"PEPTIDE1{meA.P.P.P.dP.D.dP}$PEPTIDE1,PEPTIDE1,1:R1-7:R2$$$",-7.30100000,ok,,flexible
"PEPTIDE1{dF.3Pal.P.P.P.dP.dP}$PEPTIDE1,PEPTIDE1,1:R1-7:R2$$$",-7.32800000,ok,,flexible
"PEPTIDE1{A.P.P.meY.Y.Phe(4-CF3).P}$PEPTIDE1,PEPTIDE1,1:R1-7:R2$$$",-7.06400000,ok,,flexible
"PEPTIDE1{P.dP.G.Y.P.dP.P}$PEPTIDE1,PEPTIDE1,1:R1-7:R2$$$",-7.79200000,ok,,flexible
"PEPTIDE1{F.3Pal.Mono84.P.P.dP.dP}$PEPTIDE1,PEPTIDE1,1:R1-7:R2$$$",-7.38200000,ok,,flexible
"PEPTIDE1{dV.dP.dP.P.P.dP.P}$PEPTIDE1,PEPTIDE1,1:R1-7:R2$$$",-7.43600000,ok,,flexible
"PEPTIDE1{P.G.Phe(4-CF3).P.dP.P.dP}$PEPTIDE1,PEPTIDE1,1:R1-7:R2$$$",-7.52300000,ok,,flexible
"PEPTIDE1{F.cHexCH2_Gly.P.dP.dP.P.P}$PEPTIDE1,PEPTIDE1,1:R1-7:R2$$$",-6.94900000,ok,,flexible
"PEPTIDE1{Me_dA.dP.Y.P.P.P.P}$PEPTIDE1,PEPTIDE1,1:R1-7:R2$$$",-7.72300000,ok,,flexible
"PEPTIDE1{Me_dA.dP.dP.dP.T.P.P}$PEPTIDE1,PEPTIDE1,1:R1-7:R2$$$",-7.75500000,ok,,flexible
"PEPTIDE1{dF.P.P.P.P.P.P}$PEPTIDE1,PEPTIDE1,1:R1-7:R2$$$",-8.09300000,ok,,flexible
"PEPTIDE1{A.dP.G.P.P.dP.P}$PEPTIDE1,PEPTIDE1,1:R1-7:R2$$$",-7.66000000,ok,,flexible
"PEPTIDE1{Me_dA.dP.P.dP.P.dP.Phe(4-CF3)}$PEPTIDE1,PEPTIDE1,1:R1-7:R2$$$",-7.39900000,ok,,flexible
"PEPTIDE1{Mono6.dP.P.dP.T.dP.P}$PEPTIDE1,PEPTIDE1,1:R1-7:R2$$$",-7.11200000,ok,,flexible
"PEPTIDE1{F.Mono84.P.dP.P.P.P}$PEPTIDE1,PEPTIDE1,1:R1-7:R2$$$",-7.60200000,ok,,flexible
"PEPTIDE1{dP.P.dP.dP.D.T.P}$PEPTIDE1,PEPTIDE1,1:R1-7:R2$$$",-6.78300000,ok,,flexible
"PEPTIDE1{Mono6.dP.P.dP.D.dP.T}$PEPTIDE1,PEPTIDE1,1:R1-7:R2$$$",-6.75300000,ok,,flexible
"PEPTIDE1{Me_dA.dP.dP.P.dP.dP.P}$PEPTIDE1,PEPTIDE1,1:R1-7:R2$$$",-7.82200000,ok,,flexible
"PEPTIDE1{F.dP.P.Me_Phe(3-Cl).P.G.T}$PEPTIDE1,PEPTIDE1,1:R1-7:R2$$$",-6.79700000,ok,,flexible
"PEPTIDE1{F.A.P.dP.dP.dP.dP}$PEPTIDE1,PEPTIDE1,1:R1-7:R2$$$",-7.30000000,ok,,flexible
"PEPTIDE1{dF.G.P.dP.dP.dP.P}$PEPTIDE1,PEPTIDE1,1:R1-7:R2$$$",-7.85200000,ok,,flexible
"PEPTIDE1{dA.dP.dP.P.D.P.T}$PEPTIDE1,PEPTIDE1,1:R1-7:R2$$$",-6.77000000,ok,,flexible
"PEPTIDE1{F.3Pal.P.P.P.P.dP}$PEPTIDE1,PEPTIDE1,1:R1-7:R2$$$",-7.13500000,ok,,flexible
"PEPTIDE1{A.Phe(4-CF3).dP.dP.P.P.P}$PEPTIDE1,PEPTIDE1,1:R1-7:R2$$$",-7.32800000,ok,,flexible
"PEPTIDE1{F.dP.T.P.P.P.dP}$PEPTIDE1,PEPTIDE1,1:R1-7:R2$$$",-8.19700000,ok,,flexible
"PEPTIDE1{F.P.Mono84.P.dP.dP.Phe(4-CF3)}$PEPTIDE1,PEPTIDE1,1:R1-7:R2$$$",-7.56900000,ok,,flexible
"PEPTIDE1{F.Mono84.T.dP.P.P.P}$PEPTIDE1,PEPTIDE1,1:R1-7:R2$$$",-7.37300000,ok,,flexible
"PEPTIDE1{dF.P.P.dP.P.D.T}$PEPTIDE1,PEPTIDE1,1:R1-7:R2$$$",-7.25500000,ok,,flexible
"PEPTIDE1{dP.Phe(4-CF3).dP.dP.P.P.P}$PEPTIDE1,PEPTIDE1,1:R1-7:R2$$$",-8.42000000,ok,,flexible
"PEPTIDE1{A.D.P.dP.dP.dP.P}$PEPTIDE1,PEPTIDE1,1:R1-7:R2$$$",-7.17100000,ok,,flexible
"PEPTIDE1{meL.dP.dP.D.P.P.T}$PEPTIDE1,PEPTIDE1,1:R1-7:R2$$$",-6.34700000,ok,,flexible
"PEPTIDE1{P.F.dP.P.dP.dP.Phe(4-CF3)}$PEPTIDE1,PEPTIDE1,1:R1-7:R2$$$",-7.34000000,ok,,flexible
"PEPTIDE1{Mono6.dP.dP.P.dP.dP.D}$PEPTIDE1,PEPTIDE1,1:R1-7:R2$$$",-7.15600000,ok,,flexible
"PEPTIDE1{P.Y.Phe(4-CF3).T.F.Mono84.dP}$PEPTIDE1,PEPTIDE1,1:R1-7:R2$$$",-7.67700000,ok,,flexible
"PEPTIDE1{dP.dP.dP.D.T.dP.P}$PEPTIDE1,PEPTIDE1,1:R1-7:R2$$$",-6.99900000,ok,,flexible
"PEPTIDE1{dV.P.P.dP.P.dP.T}$PEPTIDE1,PEPTIDE1,1:R1-7:R2$$$",-7.73600000,ok,,flexible
"PEPTIDE1{A.F.G.P.Phe(4-CF3).P.T}$PEPTIDE1,PEPTIDE1,1:R1-7:R2$$$",-6.80900000,ok,,flexible
"PEPTIDE1{P.P.dP.dP.P.D.dP}$PEPTIDE1,PEPTIDE1,1:R1-7:R2$$$",-8.38500000,ok,,flexible
"PEPTIDE1{F.A.G.P.dP.P.P}$PEPTIDE1,PEPTIDE1,1:R1-7:R2$$$",-8.07100000,ok,,flexible
"PEPTIDE1{P.dP.Phe(4-CF3).P.P.P.dP}$PEPTIDE1,PEPTIDE1,1:R1-7:R2$$$",-8.47400000,ok,,flexible
"PEPTIDE1{P.P.P.P.dP.dP.dP}$PEPTIDE1,PEPTIDE1,1:R1-7:R2$$$",-7.92500000,ok,,flexible
"PEPTIDE1{A.F.dP.D.P.P.dP}$PEPTIDE1,PEPTIDE1,1:R1-7:R2$$$",-7.19500000,ok,,flexible
"PEPTIDE1{dP.P.G.dP.P.dP.P}$PEPTIDE1,PEPTIDE1,1:R1-7:R2$$$",-7.52700000,ok,,flexible
"PEPTIDE1{dV.dP.P.dP.P.P.D}$PEPTIDE1,PEPTIDE1,1:R1-7:R2$$$",-7.58200000,ok,,flexible
"PEPTIDE1{dA.dP.P.Mono84.P.Y.dP}$PEPTIDE1,PEPTIDE1,1:R1-7:R2$$$",-7.33200000,ok,,flexible
"PEPTIDE1{P.P.G.Y.P.P.dP}$PEPTIDE1,PEPTIDE1,1:R1-7:R2$$$",-8.40500000,ok,,flexible
"PEPTIDE1{P.dP.dP.dP.dP.P.D}$PEPTIDE1,PEPTIDE1,1:R1-7:R2$$$",-8.22700000,ok,,flexible
"PEPTIDE1{dA.dP.dP.P.dP.D.P}$PEPTIDE1,PEPTIDE1,1:R1-7:R2$$$",-7.12000000,ok,,flexible
"PEPTIDE1{P.dP.dP.dP.T.dP.D}$PEPTIDE1,PEPTIDE1,1:R1-7:R2$$$",-7.27200000,ok,,flexible
"PEPTIDE1{dF.3Pal.Mono84.dP.Mono84.P.dP}$PEPTIDE1,PEPTIDE1,1:R1-7:R2$$$",-7.49700000,ok,,flexible
"PEPTIDE1{dA.G.P.P.P.dP.P}$PEPTIDE1,PEPTIDE1,1:R1-7:R2$$$",-7.25700000,ok,,flexible
"PEPTIDE1{P.Y.dP.P.dP.P.P}$PEPTIDE1,PEPTIDE1,1:R1-7:R2$$$",-8.00000000,ok,,flexible
"PEPTIDE1{P.P.P.P.dP.P.dP}$PEPTIDE1,PEPTIDE1,1:R1-7:R2$$$",-8.52000000,ok,,flexible
"PEPTIDE1{Me_dA.Y.dP.P.dP.P.dP}$PEPTIDE1,PEPTIDE1,1:R1-7:R2$$$",-7.33000000,ok,,flexible
"PEPTIDE1{A.P.dP.dP.dP.dP.P}$PEPTIDE1,PEPTIDE1,1:R1-7:R2$$$",-8.49600000,ok,,flexible
"PEPTIDE1{Me_dA.P.P.T.Mono84.Mono84.dP}$PEPTIDE1,PEPTIDE1,1:R1-7:R2$$$",-7.74100000,ok,,flexible
"PEPTIDE1{dA.P.Y.dP.P.P.dP}$PEPTIDE1,PEPTIDE1,1:R1-7:R2$$$",-8.31500000,ok,,flexible
"PEPTIDE1{dF.Mono84.dP.dP.P.P.P}$PEPTIDE1,PEPTIDE1,1:R1-7:R2$$$",-7.27500000,ok,,flexible
"PEPTIDE1{dP.P.D.P.P.dP.P}$PEPTIDE1,PEPTIDE1,1:R1-7:R2$$$",-7.92000000,ok,,flexible
"PEPTIDE1{P.G.dP.P.dP.dP.P}$PEPTIDE1,PEPTIDE1,1:R1-7:R2$$$",-7.90100000,ok,,flexible
"PEPTIDE1{L.P.P.P.dP.D.T}$PEPTIDE1,PEPTIDE1,1:R1-7:R2$$$",-6.31600000,ok,,flexible
"PEPTIDE1{A.P.P.P.D.dP.dP}$PEPTIDE1,PEPTIDE1,1:R1-7:R2$$$",-7.20400000,ok,,flexible
"PEPTIDE1{dV.P.dP.dP.dP.T.P}$PEPTIDE1,PEPTIDE1,1:R1-7:R2$$$",-7.46400000,ok,,flexible
"PEPTIDE1{Me_dA.P.dP.dP.T.P.P}$PEPTIDE1,PEPTIDE1,1:R1-7:R2$$$",-7.62400000,ok,,flexible
"PEPTIDE1{dF.T.P.D.P.P.P}$PEPTIDE1,PEPTIDE1,1:R1-7:R2$$$",-7.48700000,ok,,flexible
"PEPTIDE1{dP.meY.P.P.P.D.T}$PEPTIDE1,PEPTIDE1,1:R1-7:R2$$$",-6.68400000,ok,,flexible
"PEPTIDE1{F.dP.dP.dP.P.P.T}$PEPTIDE1,PEPTIDE1,1:R1-7:R2$$$",-7.17700000,ok,,flexible
"PEPTIDE1{meA.meY.P.dP.dP.dP.Y}$PEPTIDE1,PEPTIDE1,1:R1-7:R2$$$",-7.75200000,ok,,flexible
"PEPTIDE1{F.P.dP.P.P.dP.D}$PEPTIDE1,PEPTIDE1,1:R1-7:R2$$$",-6.97600000,ok,,flexible
"PEPTIDE1{meA.T.dP.dP.dP.P.P}$PEPTIDE1,PEPTIDE1,1:R1-7:R2$$$",-7.29800000,ok,,flexible
"PEPTIDE1{A.Phe(4-CF3).dP.P.dP.P.dP}$PEPTIDE1,PEPTIDE1,1:R1-7:R2$$$",-7.15500000,ok,,flexible
"PEPTIDE1{Mono6.P.dP.P.dP.T.P}$PEPTIDE1,PEPTIDE1,1:R1-7:R2$$$",-7.80200000,ok,,flexible
"PEPTIDE1{P.P.Y.dP.P.P.D}$PEPTIDE1,PEPTIDE1,1:R1-7:R2$$$",-7.19800000,ok,,flexible
"PEPTIDE1{dV.dP.dP.P.P.P.P}$PEPTIDE1,PEPTIDE1,1:R1-7:R2$$$",-7.84200000,ok,,flexible
"PEPTIDE1{P.dP.dP.P.P.D.P}$PEPTIDE1,PEPTIDE1,1:R1-7:R2$$$",-7.42900000,ok,,flexible
"PEPTIDE1{Mono6.T.dP.P.P.P.dP}$PEPTIDE1,PEPTIDE1,1:R1-7:R2$$$",-7.24500000,ok,,flexible
"PEPTIDE1{A.Mono84.Y.dP.P.P.dP}$PEPTIDE1,PEPTIDE1,1:R1-7:R2$$$",-7.55200000,ok,,flexible
"PEPTIDE1{dF.3Pal.Mono84.P.dP.P.dP}$PEPTIDE1,PEPTIDE1,1:R1-7:R2$$$",-7.28900000,ok,,flexible
"PEPTIDE1{F.P.Mono84.dP.dP.P.dP}$PEPTIDE1,PEPTIDE1,1:R1-7:R2$$$",-7.95200000,ok,,flexible
"PEPTIDE1{P.Y.Mono84.dP.dP.dP.dP}$PEPTIDE1,PEPTIDE1,1:R1-7:R2$$$",-7.52700000,ok,,flexible
"PEPTIDE1{Me_dA.P.P.P.P.dP.Phe(4-CF3)}$PEPTIDE1,PEPTIDE1,1:R1-7:R2$$$",-8.36400000,ok,,flexible
"PEPTIDE1{F.P.dP.dP.dP.dP.Phe(4-CF3)}$PEPTIDE1,PEPTIDE1,1:R1-7:R2$$$",-7.63200000,ok,,flexible
"PEPTIDE1{dP.G.Mono84.dP.P.P.P}$PEPTIDE1,PEPTIDE1,1:R1-7:R2$$$",-7.77300000,ok,,flexible
"PEPTIDE1{P.F.Y.Y.P.T.P}$PEPTIDE1,PEPTIDE1,1:R1-7:R2$$$",-6.89400000,ok,,flexible
"PEPTIDE1{Me_dA.P.G.dP.P.P.dP}$PEPTIDE1,PEPTIDE1,1:R1-7:R2$$$",-8.22300000,ok,,flexible
"PEPTIDE1{F.P.Y.Mono84.dP.Mono84.D}$PEPTIDE1,PEPTIDE1,1:R1-7:R2$$$",-6.63100000,ok,,flexible
"PEPTIDE1{P.G.P.dP.Y.dP.P}$PEPTIDE1,PEPTIDE1,1:R1-7:R2$$$",-7.46300000,ok,,flexible
"PEPTIDE1{A.P.dP.P.P.T.P}$PEPTIDE1,PEPTIDE1,1:R1-7:R2$$$",-7.69100000,ok,,flexible
"PEPTIDE1{dA.dP.T.dP.P.dP.dP}$PEPTIDE1,PEPTIDE1,1:R1-7:R2$$$",-7.45000000,ok,,flexible
"PEPTIDE1{dP.dP.P.P.dP.P.T}$PEPTIDE1,PEPTIDE1,1:R1-7:R2$$$",-7.93500000,ok,,flexible
"PEPTIDE1{Me_dA.dP.dP.P.dP.T.D}$PEPTIDE1,PEPTIDE1,1:R1-7:R2$$$",-6.89300000,ok,,flexible
"PEPTIDE1{F.Phe(4-CF3).P.dP.P.P.P}$PEPTIDE1,PEPTIDE1,1:R1-7:R2$$$",-7.45100000,ok,,flexible
"PEPTIDE1{dF.Mono84.F.Mono84.dP.dP.P}$PEPTIDE1,PEPTIDE1,1:R1-7:R2$$$",-7.51400000,ok,,flexible
"PEPTIDE1{A.F.dP.P.P.P.P}$PEPTIDE1,PEPTIDE1,1:R1-7:R2$$$",-8.23000000,ok,,flexible
"PEPTIDE1{meA.T.Mono84.dP.P.P.dP}$PEPTIDE1,PEPTIDE1,1:R1-7:R2$$$",-7.81400000,ok,,flexible
"PEPTIDE1{A.T.dP.P.dP.P.P}$PEPTIDE1,PEPTIDE1,1:R1-7:R2$$$",-7.64500000,ok,,flexible
"PEPTIDE1{P.P.Y.dP.P.P.dP}$PEPTIDE1,PEPTIDE1,1:R1-7:R2$$$",-8.09300000,ok,,flexible
"PEPTIDE1{A.F.P.P.dP.dP.dP}$PEPTIDE1,PEPTIDE1,1:R1-7:R2$$$",-7.73700000,ok,,flexible
"PEPTIDE1{Me_dA.P.P.P.Y.Phe(4-CF3).Mono84}$PEPTIDE1,PEPTIDE1,1:R1-7:R2$$$",-7.44900000,ok,,flexible
"PEPTIDE1{Mono6.G.dP.dP.dP.dP.P}$PEPTIDE1,PEPTIDE1,1:R1-7:R2$$$",-7.99900000,ok,,flexible
"PEPTIDE1{A.dP.dP.P.dP.Phe(4-CF3).T}$PEPTIDE1,PEPTIDE1,1:R1-7:R2$$$",-7.90600000,ok,,flexible
"PEPTIDE1{A.P.dP.P.P.dP.D}$PEPTIDE1,PEPTIDE1,1:R1-7:R2$$$",-7.84800000,ok,,flexible
"PEPTIDE1{dP.Pr_Gly.P.dP.dP.dP.D}$PEPTIDE1,PEPTIDE1,1:R1-7:R2$$$",-7.41400000,ok,,flexible
"PEPTIDE1{dP.D.P.dP.P.dP.dP}$PEPTIDE1,PEPTIDE1,1:R1-7:R2$$$",-7.72400000,ok,,flexible
"PEPTIDE1{dP.P.dP.dP.D.T.dP}$PEPTIDE1,PEPTIDE1,1:R1-7:R2$$$",-7.78900000,ok,,flexible
"PEPTIDE1{Me_dA.A.P.dP.P.P.P}$PEPTIDE1,PEPTIDE1,1:R1-7:R2$$$",-7.61400000,ok,,flexible
"PEPTIDE1{dP.P.Mono84.dP.P.P.P}$PEPTIDE1,PEPTIDE1,1:R1-7:R2$$$",-7.40200000,ok,,flexible
"PEPTIDE1{F.dP.T.P.dP.P.P}$PEPTIDE1,PEPTIDE1,1:R1-7:R2$$$",-7.48800000,ok,,flexible
"PEPTIDE1{dP.Phe(4-CF3).P.dP.P.P.D}$PEPTIDE1,PEPTIDE1,1:R1-7:R2$$$",-7.30600000,ok,,flexible
"PEPTIDE1{Me_dA.F.P.P.dP.dP.P}$PEPTIDE1,PEPTIDE1,1:R1-7:R2$$$",-8.04100000,ok,,flexible
"PEPTIDE1{P.Y.P.P.P.D.T}$PEPTIDE1,PEPTIDE1,1:R1-7:R2$$$",-7.67900000,ok,,flexible
"PEPTIDE1{dF.P.G.dP.P.dP.P}$PEPTIDE1,PEPTIDE1,1:R1-7:R2$$$",-7.98100000,ok,,flexible
"PEPTIDE1{dF.T.P.dP.dP.dP.P}$PEPTIDE1,PEPTIDE1,1:R1-7:R2$$$",-7.05100000,ok,,flexible
"PEPTIDE1{P.G.P.T.dP.dP.P}$PEPTIDE1,PEPTIDE1,1:R1-7:R2$$$",-7.28800000,ok,,flexible
"PEPTIDE1{dP.dP.P.dP.D.T.P}$PEPTIDE1,PEPTIDE1,1:R1-7:R2$$$",-7.02100000,ok,,flexible
"PEPTIDE1{A.dP.P.dP.dP.P.Phe(4-CF3)}$PEPTIDE1,PEPTIDE1,1:R1-7:R2$$$",-8.55900000,ok,,flexible
"PEPTIDE1{A.T.F.dP.dP.Y.P}$PEPTIDE1,PEPTIDE1,1:R1-7:R2$$$",-7.26700000,ok,,flexible
"PEPTIDE1{Me_Bal.Mono84.P.Y.F.Mono84.dP}$PEPTIDE1,PEPTIDE1,1:R1-7:R2$$$",-7.51500000,ok,,flexible
"PEPTIDE1{P.G.Phe(4-CF3).Mono84.dP.P.dP}$PEPTIDE1,PEPTIDE1,1:R1-7:R2$$$",-8.35000000,ok,,flexible
"PEPTIDE1{F.P.T.dP.P.dP.P}$PEPTIDE1,PEPTIDE1,1:R1-7:R2$$$",-7.49400000,ok,,flexible
"PEPTIDE1{A.Mono84.dP.P.Y.G.dP}$PEPTIDE1,PEPTIDE1,1:R1-7:R2$$$",-7.62100000,ok,,flexible
"PEPTIDE1{P.Mono84.dP.P.P.dP.P}$PEPTIDE1,PEPTIDE1,1:R1-7:R2$$$",-7.58900000,ok,,flexible
"PEPTIDE1{dA.dP.dP.dP.T.P.P}$PEPTIDE1,PEPTIDE1,1:R1-7:R2$$$",-7.25000000,ok,,flexible
"PEPTIDE1{Mono6.dP.Phe(4-CF3).dP.dP.dP.P}$PEPTIDE1,PEPTIDE1,1:R1-7:R2$$$",-7.74500000,ok,,flexible
"PEPTIDE1{Me_dA.dP.dP.P.P.dP.dP}$PEPTIDE1,PEPTIDE1,1:R1-7:R2$$$",-7.96000000,ok,,flexible
"PEPTIDE1{Mono6.P.dP.P.P.dP.T}$PEPTIDE1,PEPTIDE1,1:R1-7:R2$$$",-8.13800000,ok,,flexible
"PEPTIDE1{A.P.F.Mono84.dP.D.P}$PEPTIDE1,PEPTIDE1,1:R1-7:R2$$$",-7.38500000,ok,,flexible
"PEPTIDE1{dA.P.T.P.dP.dP.P}$PEPTIDE1,PEPTIDE1,1:R1-7:R2$$$",-7.44500000,ok,,flexible
"PEPTIDE1{A.dP.dP.Phe(4-CF3).P.P.dP}$PEPTIDE1,PEPTIDE1,1:R1-7:R2$$$",-8.45000000,ok,,flexible
"PEPTIDE1{dP.meY.dP.P.P.P.dP}$PEPTIDE1,PEPTIDE1,1:R1-7:R2$$$",-8.33200000,ok,,flexible
"PEPTIDE1{dA.dP.dP.T.dP.P.dP}$PEPTIDE1,PEPTIDE1,1:R1-7:R2$$$",-7.72500000,ok,,flexible
"PEPTIDE1{dA.dP.P.dP.dP.P.T}$PEPTIDE1,PEPTIDE1,1:R1-7:R2$$$",-7.30700000,ok,,flexible
"PEPTIDE1{F.dP.dP.P.P.P.T}$PEPTIDE1,PEPTIDE1,1:R1-7:R2$$$",-7.61300000,ok,,flexible
"PEPTIDE1{dF.dP.dP.P.P.dP.T}$PEPTIDE1,PEPTIDE1,1:R1-7:R2$$$",-8.33400000,ok,,flexible
"PEPTIDE1{F.3Pal.dP.P.P.P.P}$PEPTIDE1,PEPTIDE1,1:R1-7:R2$$$",-7.54300000,ok,,flexible
"PEPTIDE1{dF.P.P.P.dP.P.D}$PEPTIDE1,PEPTIDE1,1:R1-7:R2$$$",-7.32700000,ok,,flexible
"PEPTIDE1{F.Y.dP.T.dP.P.P}$PEPTIDE1,PEPTIDE1,1:R1-7:R2$$$",-7.53000000,ok,,flexible
"PEPTIDE1{P.P.P.P.P.dP.dP}$PEPTIDE1,PEPTIDE1,1:R1-7:R2$$$",-8.50200000,ok,,flexible
"PEPTIDE1{P.T.dP.dP.P.dP.Phe(4-CF3)}$PEPTIDE1,PEPTIDE1,1:R1-7:R2$$$",-8.78500000,ok,,flexible
"PEPTIDE1{dF.T.P.dP.P.dP.dP}$PEPTIDE1,PEPTIDE1,1:R1-7:R2$$$",-7.58200000,ok,,flexible
"PEPTIDE1{F.Mono84.P.T.dP.P.P}$PEPTIDE1,PEPTIDE1,1:R1-7:R2$$$",-7.04300000,ok,,flexible
"PEPTIDE1{Mono6.dP.P.dP.P.P.D}$PEPTIDE1,PEPTIDE1,1:R1-7:R2$$$",-7.24600000,ok,,flexible
"PEPTIDE1{dF.dP.dP.dP.T.Phe(4-CF3).P}$PEPTIDE1,PEPTIDE1,1:R1-7:R2$$$",-7.57200000,ok,,flexible
"PEPTIDE1{Me_dA.dP.dP.P.D.T.dP}$PEPTIDE1,PEPTIDE1,1:R1-7:R2$$$",-6.63700000,ok,,flexible
"PEPTIDE1{Me_dA.P.P.P.dP.P.D}$PEPTIDE1,PEPTIDE1,1:R1-7:R2$$$",-7.30500000,ok,,flexible
"PEPTIDE1{dA.Y.dP.P.P.dP.P}$PEPTIDE1,PEPTIDE1,1:R1-7:R2$$$",-7.83000000,ok,,flexible
"PEPTIDE1{dP.Y.dP.Mono84.dP.P.P}$PEPTIDE1,PEPTIDE1,1:R1-7:R2$$$",-7.38800000,ok,,flexible
"PEPTIDE1{dF.P.Mono84.Y.D.P.dP}$PEPTIDE1,PEPTIDE1,1:R1-7:R2$$$",-7.19900000,ok,,flexible
"PEPTIDE1{dA.P.P.P.P.Phe(4-CF3).dP}$PEPTIDE1,PEPTIDE1,1:R1-7:R2$$$",-7.78800000,ok,,flexible
"PEPTIDE1{meA.Y.dP.dP.P.dP.P}$PEPTIDE1,PEPTIDE1,1:R1-7:R2$$$",-7.81400000,ok,,flexible
"PEPTIDE1{dA.cHexCH2_Gly.dP.dP.dP.P.P}$PEPTIDE1,PEPTIDE1,1:R1-7:R2$$$",-7.13500000,ok,,flexible
"PEPTIDE1{F.Mono84.Y.Mono84.P.dP.P}$PEPTIDE1,PEPTIDE1,1:R1-7:R2$$$",-7.77500000,ok,,flexible
"PEPTIDE1{Me_dA.Mono84.T.P.P.dP.dP}$PEPTIDE1,PEPTIDE1,1:R1-7:R2$$$",-7.50900000,ok,,flexible
"PEPTIDE1{A.Y.T.P.P.dP.dP}$PEPTIDE1,PEPTIDE1,1:R1-7:R2$$$",-7.41000000,ok,,flexible
"PEPTIDE1{P.P.dP.dP.dP.dP.T}$PEPTIDE1,PEPTIDE1,1:R1-7:R2$$$",-7.76500000,ok,,flexible
"PEPTIDE1{dP.P.P.P.dP.T.D}$PEPTIDE1,PEPTIDE1,1:R1-7:R2$$$",-6.90800000,ok,,flexible
"PEPTIDE1{dF.Mono84.dP.P.dP.dP.dP}$PEPTIDE1,PEPTIDE1,1:R1-7:R2$$$",-7.40700000,ok,,flexible
"PEPTIDE1{A.P.P.dP.dP.T.dP}$PEPTIDE1,PEPTIDE1,1:R1-7:R2$$$",-7.21000000,ok,,flexible
"PEPTIDE1{P.cHexCH2_Gly.dP.P.dP.dP.P}$PEPTIDE1,PEPTIDE1,1:R1-7:R2$$$",-7.55800000,ok,,flexible
"PEPTIDE1{dP.P.T.F.Mono84.Y.Y}$PEPTIDE1,PEPTIDE1,1:R1-7:R2$$$",-7.23900000,ok,,flexible
"PEPTIDE1{dP.Phe(4-CF3).dP.P.dP.dP.T}$PEPTIDE1,PEPTIDE1,1:R1-7:R2$$$",-7.47000000,ok,,flexible
"PEPTIDE1{Me_dA.cHexCH2_Gly.P.dP.P.P.P}$PEPTIDE1,PEPTIDE1,1:R1-7:R2$$$",-7.43900000,ok,,flexible
"PEPTIDE1{P.A.Mono84.F.Mono84.P.dP}$PEPTIDE1,PEPTIDE1,1:R1-7:R2$$$",-7.73900000,ok,,flexible
"PEPTIDE1{Me_dA.Y.P.P.P.dP.P}$PEPTIDE1,PEPTIDE1,1:R1-7:R2$$$",-7.19700000,ok,,flexible
"PEPTIDE1{Me_dA.dP.dP.dP.P.Phe(4-CF3).P}$PEPTIDE1,PEPTIDE1,1:R1-7:R2$$$",-8.13200000,ok,,flexible
"PEPTIDE1{dA.dP.dP.P.P.P.T}$PEPTIDE1,PEPTIDE1,1:R1-7:R2$$$",-7.67900000,ok,,flexible
"PEPTIDE1{dF.P.G.D.dP.P.P}$PEPTIDE1,PEPTIDE1,1:R1-7:R2$$$",-6.90000000,ok,,flexible
"PEPTIDE1{P.A.P.P.P.dP.P}$PEPTIDE1,PEPTIDE1,1:R1-7:R2$$$",-8.16400000,ok,,flexible
"PEPTIDE1{Mono6.3Pal.P.P.Mono84.dP.dP}$PEPTIDE1,PEPTIDE1,1:R1-7:R2$$$",-8.84000000,ok,,flexible
"PEPTIDE1{Mono6.dP.dP.dP.P.P.T}$PEPTIDE1,PEPTIDE1,1:R1-7:R2$$$",-7.60200000,ok,,flexible
"PEPTIDE1{dP.D.dP.P.P.dP.P}$PEPTIDE1,PEPTIDE1,1:R1-7:R2$$$",-7.11300000,ok,,flexible
"PEPTIDE1{F.dP.Mono84.P.P.P.Phe(4-CF3)}$PEPTIDE1,PEPTIDE1,1:R1-7:R2$$$",-7.25200000,ok,,flexible
"PEPTIDE1{F.A.dP.P.dP.dP.dP}$PEPTIDE1,PEPTIDE1,1:R1-7:R2$$$",-8.15600000,ok,,flexible
"PEPTIDE1{F.T.P.P.P.P.dP}$PEPTIDE1,PEPTIDE1,1:R1-7:R2$$$",-7.10200000,ok,,flexible
"PEPTIDE1{F.dP.dP.dP.P.Phe(4-CF3).T}$PEPTIDE1,PEPTIDE1,1:R1-7:R2$$$",-7.39500000,ok,,flexible
"PEPTIDE1{F.Mono84.P.P.dP.dP.dP}$PEPTIDE1,PEPTIDE1,1:R1-7:R2$$$",-7.55200000,ok,,flexible
"PEPTIDE1{A.T.dP.P.T.Mono84.dP}$PEPTIDE1,PEPTIDE1,1:R1-7:R2$$$",-6.74000000,ok,,flexible
"PEPTIDE1{Me_dA.dP.P.dP.P.dP.T}$PEPTIDE1,PEPTIDE1,1:R1-7:R2$$$",-7.77400000,ok,,flexible
"PEPTIDE1{Me_dA.Phe(4-CF3).P.P.P.P.dP}$PEPTIDE1,PEPTIDE1,1:R1-7:R2$$$",-8.61900000,ok,,flexible
"PEPTIDE1{dP.Phe(4-CF3).P.P.P.dP.P}$PEPTIDE1,PEPTIDE1,1:R1-7:R2$$$",-8.48400000,ok,,flexible
"PEPTIDE1{meA.dP.P.dP.P.dP.D}$PEPTIDE1,PEPTIDE1,1:R1-7:R2$$$",-7.41800000,ok,,flexible
"PEPTIDE1{Me_dA.P.Y.G.dP.dP.dP}$PEPTIDE1,PEPTIDE1,1:R1-7:R2$$$",-7.83500000,ok,,flexible
"PEPTIDE1{Me_dA.A.P.dP.dP.P.dP}$PEPTIDE1,PEPTIDE1,1:R1-7:R2$$$",-7.79600000,ok,,flexible
"PEPTIDE1{Me_dA.dP.T.P.P.P.P}$PEPTIDE1,PEPTIDE1,1:R1-7:R2$$$",-7.07900000,ok,,flexible
"PEPTIDE1{F.3Pal.P.T.Mono84.dP.P}$PEPTIDE1,PEPTIDE1,1:R1-7:R2$$$",-6.52900000,ok,,flexible
"PEPTIDE1{Me_dA.P.Y.P.dP.P.dP}$PEPTIDE1,PEPTIDE1,1:R1-7:R2$$$",-7.48700000,ok,,flexible
"PEPTIDE1{dV.P.P.dP.P.D.dP}$PEPTIDE1,PEPTIDE1,1:R1-7:R2$$$",-6.65300000,ok,,flexible
"PEPTIDE1{P.dP.Y.dP.P.P.P}$PEPTIDE1,PEPTIDE1,1:R1-7:R2$$$",-8.10000000,ok,,flexible
"PEPTIDE1{dP.P.Y.P.P.dP.P}$PEPTIDE1,PEPTIDE1,1:R1-7:R2$$$",-8.50300000,ok,,flexible
"PEPTIDE1{Me_dA.D.P.dP.P.dP.P}$PEPTIDE1,PEPTIDE1,1:R1-7:R2$$$",-7.35600000,ok,,flexible
"PEPTIDE1{dF.Y.P.dP.dP.P.P}$PEPTIDE1,PEPTIDE1,1:R1-7:R2$$$",-7.10000000,ok,,flexible
"PEPTIDE1{dA.dP.Y.P.dP.dP.P}$PEPTIDE1,PEPTIDE1,1:R1-7:R2$$$",-8.29000000,ok,,flexible
"PEPTIDE1{dP.G.Phe(4-CF3).Mono84.dP.P.dP}$PEPTIDE1,PEPTIDE1,1:R1-7:R2$$$",-7.82600000,ok,,flexible
"PEPTIDE1{dA.Mono84.dP.dP.P.dP.Phe(4-CF3)}$PEPTIDE1,PEPTIDE1,1:R1-7:R2$$$",-7.77900000,ok,,flexible
"PEPTIDE1{Mono6.P.P.P.Y.P.D}$PEPTIDE1,PEPTIDE1,1:R1-7:R2$$$",-6.91100000,ok,,flexible
"PEPTIDE1{dP.F.Mono84.P.G.dP.P}$PEPTIDE1,PEPTIDE1,1:R1-7:R2$$$",-7.66600000,ok,,flexible
"PEPTIDE1{dP.dP.dP.dP.P.P.T}$PEPTIDE1,PEPTIDE1,1:R1-7:R2$$$",-7.74600000,ok,,flexible
"PEPTIDE1{Mono6.Y.Mono84.3Pal.P.Mono84.P}$PEPTIDE1,PEPTIDE1,1:R1-7:R2$$$",-7.26100000,ok,,flexible
"PEPTIDE1{dP.dP.dP.D.P.T.D}$PEPTIDE1,PEPTIDE1,1:R1-7:R2$$$",-6.52200000,ok,,flexible
"PEPTIDE1{Me_dA.dP.D.P.P.dP.dP}$PEPTIDE1,PEPTIDE1,1:R1-7:R2$$$",-7.47900000,ok,,flexible
"PEPTIDE1{Me_dA.meY.P.dP.P.P.dP}$PEPTIDE1,PEPTIDE1,1:R1-7:R2$$$",-7.82200000,ok,,flexible
"PEPTIDE1{Me_dA.G.Phe(4-CF3).P.dP.Mono84.P}$PEPTIDE1,PEPTIDE1,1:R1-7:R2$$$",-7.11300000,ok,,flexible
"PEPTIDE1{Mono6.P.T.dP.P.dP.P}$PEPTIDE1,PEPTIDE1,1:R1-7:R2$$$",-7.24900000,ok,,flexible
"PEPTIDE1{A.P.dP.dP.dP.Phe(4-CF3).dP}$PEPTIDE1,PEPTIDE1,1:R1-7:R2$$$",-8.73700000,ok,,flexible
"PEPTIDE1{dV.dP.P.P.dP.P.T}$PEPTIDE1,PEPTIDE1,1:R1-7:R2$$$",-6.83800000,ok,,flexible
"PEPTIDE1{F.T.dP.Mono84.dP.dP.P}$PEPTIDE1,PEPTIDE1,1:R1-7:R2$$$",-7.41200000,ok,,flexible
"PEPTIDE1{dA.Mono84.dP.dP.P.dP.dP}$PEPTIDE1,PEPTIDE1,1:R1-7:R2$$$",-8.66000000,ok,,flexible
"PEPTIDE1{dP.P.dP.P.P.T.dP}$PEPTIDE1,PEPTIDE1,1:R1-7:R2$$$",-8.17800000,ok,,flexible
"PEPTIDE1{Mono6.P.P.P.P.T.P}$PEPTIDE1,PEPTIDE1,1:R1-7:R2$$$",-7.42000000,ok,,flexible
"PEPTIDE1{Me_dA.G.P.dP.P.P.Y}$PEPTIDE1,PEPTIDE1,1:R1-7:R2$$$",-8.46800000,ok,,flexible
"PEPTIDE1{P.F.P.P.dP.dP.P}$PEPTIDE1,PEPTIDE1,1:R1-7:R2$$$",-8.06900000,ok,,flexible
"PEPTIDE1{P.Pr_Gly.dP.P.dP.P.dP}$PEPTIDE1,PEPTIDE1,1:R1-7:R2$$$",-7.49400000,ok,,flexible
"PEPTIDE1{dF.P.dP.P.dP.dP.D}$PEPTIDE1,PEPTIDE1,1:R1-7:R2$$$",-7.69000000,ok,,flexible
"PEPTIDE1{Me_dA.Y.dP.dP.dP.P.P}$PEPTIDE1,PEPTIDE1,1:R1-7:R2$$$",-7.92100000,ok,,flexible
"PEPTIDE1{F.P.dP.dP.P.P.Phe(4-CF3)}$PEPTIDE1,PEPTIDE1,1:R1-7:R2$$$",-6.94900000,ok,,flexible
"PEPTIDE1{F.3Pal.Mono84.dP.dP.dP.P}$PEPTIDE1,PEPTIDE1,1:R1-7:R2$$$",-8.21200000,ok,,flexible
"PEPTIDE1{dF.T.P.dP.dP.P.dP}$PEPTIDE1,PEPTIDE1,1:R1-7:R2$$$",-7.24000000,ok,,flexible
"PEPTIDE1{Mono6.T.P.dP.P.P.P}$PEPTIDE1,PEPTIDE1,1:R1-7:R2$$$",-7.41600000,ok,,flexible
"PEPTIDE1{dF.dP.Phe(4-CF3).P.dP.P.P}$PEPTIDE1,PEPTIDE1,1:R1-7:R2$$$",-7.59200000,ok,,flexible
"PEPTIDE1{dF.dP.dP.P.Mono84.Mono84.P}$PEPTIDE1,PEPTIDE1,1:R1-7:R2$$$",-8.05500000,ok,,flexible
"PEPTIDE1{Mono6.P.dP.Mono84.G.dP.T}$PEPTIDE1,PEPTIDE1,1:R1-7:R2$$$",-7.89500000,ok,,flexible
"PEPTIDE1{A.dP.P.dP.T.P.D}$PEPTIDE1,PEPTIDE1,1:R1-7:R2$$$",-7.58700000,ok,,flexible
"PEPTIDE1{Me_dA.G.P.T.Y.dP.P}$PEPTIDE1,PEPTIDE1,1:R1-7:R2$$$",-6.86800000,ok,,flexible
"PEPTIDE1{dA.P.dP.dP.D.P.P}$PEPTIDE1,PEPTIDE1,1:R1-7:R2$$$",-8.03800000,ok,,flexible
"PEPTIDE1{dP.dP.P.D.dP.T.D}$PEPTIDE1,PEPTIDE1,1:R1-7:R2$$$",-6.60000000,ok,,flexible
"PEPTIDE1{dF.Mono84.D.P.dP.P.P}$PEPTIDE1,PEPTIDE1,1:R1-7:R2$$$",-6.87900000,ok,,flexible
"PEPTIDE1{Me_dA.dP.Mono84.P.T.Phe(4-CF3).T}$PEPTIDE1,PEPTIDE1,1:R1-7:R2$$$",-6.53100000,ok,,flexible
"PEPTIDE1{Me_dA.dP.dP.dP.P.T.P}$PEPTIDE1,PEPTIDE1,1:R1-7:R2$$$",-7.37700000,ok,,flexible
"PEPTIDE1{P.Y.P.dP.Mono84.dP.Mono84}$PEPTIDE1,PEPTIDE1,1:R1-7:R2$$$",-8.18200000,ok,,flexible
"PEPTIDE1{P.F.G.Mono6.dP.dP.dP}$PEPTIDE1,PEPTIDE1,1:R1-7:R2$$$",-7.38000000,ok,,flexible
"PEPTIDE1{F.P.Mono84.dP.Mono84.dP.P}$PEPTIDE1,PEPTIDE1,1:R1-7:R2$$$",-8.31200000,ok,,flexible
"PEPTIDE1{Me_dA.P.P.P.P.T.D}$PEPTIDE1,PEPTIDE1,1:R1-7:R2$$$",-6.43400000,ok,,flexible
"PEPTIDE1{Me_dA.Mono84.dP.P.dP.dP.P}$PEPTIDE1,PEPTIDE1,1:R1-7:R2$$$",-7.94400000,ok,,flexible
"PEPTIDE1{P.A.F.T.Y.P.dP}$PEPTIDE1,PEPTIDE1,1:R1-7:R2$$$",-7.25800000,ok,,flexible
"PEPTIDE1{dF.P.dP.Mono84.P.P.P}$PEPTIDE1,PEPTIDE1,1:R1-7:R2$$$",-7.89700000,ok,,flexible
"PEPTIDE1{dA.dP.dP.dP.P.Phe(4-CF3).T}$PEPTIDE1,PEPTIDE1,1:R1-7:R2$$$",-7.24500000,ok,,flexible
"PEPTIDE1{Me_dA.P.P.dP.dP.P.T}$PEPTIDE1,PEPTIDE1,1:R1-7:R2$$$",-7.32800000,ok,,flexible
"PEPTIDE1{F.cHexCH2_Gly.P.dP.P.dP.P}$PEPTIDE1,PEPTIDE1,1:R1-7:R2$$$",-7.91100000,ok,,flexible
"PEPTIDE1{P.dP.P.dP.dP.T.dP}$PEPTIDE1,PEPTIDE1,1:R1-7:R2$$$",-7.90400000,ok,,flexible
"PEPTIDE1{dA.A.dP.P.P.dP.P}$PEPTIDE1,PEPTIDE1,1:R1-7:R2$$$",-7.48300000,ok,,flexible
"PEPTIDE1{dP.dP.P.dP.D.T.dP}$PEPTIDE1,PEPTIDE1,1:R1-7:R2$$$",-7.07200000,ok,,flexible
"PEPTIDE1{F.P.Phe(4-CF3).dP.P.P.P}$PEPTIDE1,PEPTIDE1,1:R1-7:R2$$$",-8.24000000,ok,,flexible
"PEPTIDE1{Me_dA.dP.P.P.dP.dP.T}$PEPTIDE1,PEPTIDE1,1:R1-7:R2$$$",-7.14300000,ok,,flexible
"PEPTIDE1{P.Phe(4-CF3).dP.dP.P.P.dP}$PEPTIDE1,PEPTIDE1,1:R1-7:R2$$$",-7.85800000,ok,,flexible
"PEPTIDE1{dA.T.P.P.dP.dP.P}$PEPTIDE1,PEPTIDE1,1:R1-7:R2$$$",-7.49500000,ok,,flexible
"PEPTIDE1{Mono6.P.P.P.dP.P.P}$PEPTIDE1,PEPTIDE1,1:R1-7:R2$$$",-7.34900000,ok,,flexible
"PEPTIDE1{Me_dA.P.dP.dP.dP.dP.D}$PEPTIDE1,PEPTIDE1,1:R1-7:R2$$$",-7.44100000,ok,,flexible
"PEPTIDE1{dF.P.dP.dP.D.P.T}$PEPTIDE1,PEPTIDE1,1:R1-7:R2$$$",-6.81300000,ok,,flexible
"PEPTIDE1{dA.P.dP.dP.dP.T.D}$PEPTIDE1,PEPTIDE1,1:R1-7:R2$$$",-6.68900000,ok,,flexible
"PEPTIDE1{A.T.dP.G.P.Y.D}$PEPTIDE1,PEPTIDE1,1:R1-7:R2$$$",-6.28600000,ok,,flexible
"PEPTIDE1{F.P.D.dP.dP.dP.P}$PEPTIDE1,PEPTIDE1,1:R1-7:R2$$$",-7.18800000,ok,,flexible
"PEPTIDE1{F.Mono84.Mono84.T.P.dP.P}$PEPTIDE1,PEPTIDE1,1:R1-7:R2$$$",-6.81100000,ok,,flexible
"PEPTIDE1{meA.P.dP.Y.P.dP.P}$PEPTIDE1,PEPTIDE1,1:R1-7:R2$$$",-7.80900000,ok,,flexible
"PEPTIDE1{A.F.P.G.T.Y.dP}$PEPTIDE1,PEPTIDE1,1:R1-7:R2$$$",-6.51600000,ok,,flexible
"PEPTIDE1{F.dP.P.dP.dP.Phe(4-CF3).P}$PEPTIDE1,PEPTIDE1,1:R1-7:R2$$$",-7.38200000,ok,,flexible
"PEPTIDE1{A.T.dP.P.dP.dP.dP}$PEPTIDE1,PEPTIDE1,1:R1-7:R2$$$",-7.03300000,ok,,flexible
"PEPTIDE1{meA.dP.G.T.Y.Mono84.P}$PEPTIDE1,PEPTIDE1,1:R1-7:R2$$$",-7.11100000,ok,,flexible
"PEPTIDE1{dF.dP.P.P.P.P.Phe(4-CF3)}$PEPTIDE1,PEPTIDE1,1:R1-7:R2$$$",-8.04800000,ok,,flexible
"PEPTIDE1{dA.P.dP.P.dP.T.P}$PEPTIDE1,PEPTIDE1,1:R1-7:R2$$$",-7.02400000,ok,,flexible
"PEPTIDE1{Mono6.dP.dP.P.P.T.dP}$PEPTIDE1,PEPTIDE1,1:R1-7:R2$$$",-8.57100000,ok,,flexible
"PEPTIDE1{P.D.P.P.P.P.T}$PEPTIDE1,PEPTIDE1,1:R1-7:R2$$$",-7.42200000,ok,,flexible
"PEPTIDE1{Me_dA.dP.dP.P.P.dP.D}$PEPTIDE1,PEPTIDE1,1:R1-7:R2$$$",-7.80700000,ok,,flexible
"PEPTIDE1{Me_dA.F.G.P.dP.P.F}$PEPTIDE1,PEPTIDE1,1:R1-7:R2$$$",-6.95400000,ok,,flexible
"PEPTIDE1{F.dP.Mono84.Phe(4-CF3).P.P.P}$PEPTIDE1,PEPTIDE1,1:R1-7:R2$$$",-8.32700000,ok,,flexible
"PEPTIDE1{F.dP.P.G.P.dP.P}$PEPTIDE1,PEPTIDE1,1:R1-7:R2$$$",-7.19100000,ok,,flexible
"PEPTIDE1{Me_dA.P.P.dP.P.P.Phe(4-CF3)}$PEPTIDE1,PEPTIDE1,1:R1-7:R2$$$",-7.93000000,ok,,flexible
"PEPTIDE1{meL.P.dP.P.P.dP.T}$PEPTIDE1,PEPTIDE1,1:R1-7:R2$$$",-8.02600000,ok,,flexible
"PEPTIDE1{P.F.G.D.dP.P.P}$PEPTIDE1,PEPTIDE1,1:R1-7:R2$$$",-7.78700000,ok,,flexible
"PEPTIDE1{F.P.P.Mono84.Mono84.dP.T}$PEPTIDE1,PEPTIDE1,1:R1-7:R2$$$",-6.53000000,ok,,flexible
"PEPTIDE1{Me_dA.F.G.dP.Phe(4-CF3).P.Y}$PEPTIDE1,PEPTIDE1,1:R1-7:R2$$$",-7.66000000,ok,,flexible
"PEPTIDE1{dF.D.P.dP.P.dP.dP}$PEPTIDE1,PEPTIDE1,1:R1-7:R2$$$",-7.69000000,ok,,flexible
"PEPTIDE1{meL.P.P.dP.P.dP.D}$PEPTIDE1,PEPTIDE1,1:R1-7:R2$$$",-7.07200000,ok,,flexible
"PEPTIDE1{dF.P.dP.dP.P.P.T}$PEPTIDE1,PEPTIDE1,1:R1-7:R2$$$",-7.24500000,ok,,flexible
"PEPTIDE1{Mono6.dP.dP.dP.P.T.dP}$PEPTIDE1,PEPTIDE1,1:R1-7:R2$$$",-7.73200000,ok,,flexible
"PEPTIDE1{dP.dP.P.P.P.P.T}$PEPTIDE1,PEPTIDE1,1:R1-7:R2$$$",-7.83300000,ok,,flexible
"PEPTIDE1{Me_dA.P.P.P.Phe(4-CF3).dP.dP}$PEPTIDE1,PEPTIDE1,1:R1-7:R2$$$",-7.97100000,ok,,flexible
"PEPTIDE1{dV.dP.dP.P.T.P.dP}$PEPTIDE1,PEPTIDE1,1:R1-7:R2$$$",-6.69500000,ok,,flexible
"PEPTIDE1{F.P.P.Mono84.dP.dP.P}$PEPTIDE1,PEPTIDE1,1:R1-7:R2$$$",-7.25500000,ok,,flexible
"PEPTIDE1{P.Phe(4-CF3).P.P.P.T.dP}$PEPTIDE1,PEPTIDE1,1:R1-7:R2$$$",-7.15800000,ok,,flexible
"PEPTIDE1{dF.P.P.P.P.D.T}$PEPTIDE1,PEPTIDE1,1:R1-7:R2$$$",-7.11300000,ok,,flexible
"PEPTIDE1{Mono6.T.Y.dP.dP.dP.P}$PEPTIDE1,PEPTIDE1,1:R1-7:R2$$$",-7.35100000,ok,,flexible
"PEPTIDE1{dP.P.dP.P.D.P.T}$PEPTIDE1,PEPTIDE1,1:R1-7:R2$$$",-7.28200000,ok,,flexible
"PEPTIDE1{Mono6.P.G.P.Mono84.Y.dP}$PEPTIDE1,PEPTIDE1,1:R1-7:R2$$$",-7.19900000,ok,,flexible
"PEPTIDE1{dA.dP.P.P.P.D.T}$PEPTIDE1,PEPTIDE1,1:R1-7:R2$$$",-7.09200000,ok,,flexible
"PEPTIDE1{Me_dA.F.P.Mono84.dP.P.P}$PEPTIDE1,PEPTIDE1,1:R1-7:R2$$$",-7.39600000,ok,,flexible
"PEPTIDE1{dF.dP.dP.dP.P.P.dP}$PEPTIDE1,PEPTIDE1,1:R1-7:R2$$$",-8.01500000,ok,,flexible
"PEPTIDE1{Me_dA.Y.dP.dP.P.dP.D}$PEPTIDE1,PEPTIDE1,1:R1-7:R2$$$",-7.33300000,ok,,flexible
"PEPTIDE1{dP.dP.P.P.dP.T.Phe(4-CF3)}$PEPTIDE1,PEPTIDE1,1:R1-7:R2$$$",-8.18000000,ok,,flexible
"PEPTIDE1{Mono6.dP.P.P.dP.D.T}$PEPTIDE1,PEPTIDE1,1:R1-7:R2$$$",-6.87200000,ok,,flexible
"PEPTIDE1{P.dP.dP.P.P.P.T}$PEPTIDE1,PEPTIDE1,1:R1-7:R2$$$",-7.56200000,ok,,flexible
"PEPTIDE1{F.Phe(4-CF3).P.P.P.P.dP}$PEPTIDE1,PEPTIDE1,1:R1-7:R2$$$",-7.68000000,ok,,flexible
"PEPTIDE1{Me_dA.P.G.P.dP.dP.P}$PEPTIDE1,PEPTIDE1,1:R1-7:R2$$$",-7.85100000,ok,,flexible
"PEPTIDE1{F.3Pal.P.dP.P.P.dP}$PEPTIDE1,PEPTIDE1,1:R1-7:R2$$$",-6.99600000,ok,,flexible
"PEPTIDE1{Me_dA.P.dP.dP.dP.dP.T}$PEPTIDE1,PEPTIDE1,1:R1-7:R2$$$",-7.90800000,ok,,flexible
"PEPTIDE1{Me_dA.dP.P.dP.P.D.dP}$PEPTIDE1,PEPTIDE1,1:R1-7:R2$$$",-6.97900000,ok,,flexible
"PEPTIDE1{Me_dA.dP.P.dP.P.dP.dP}$PEPTIDE1,PEPTIDE1,1:R1-7:R2$$$",-7.63200000,ok,,flexible
"PEPTIDE1{A.dP.dP.dP.P.dP.Phe(4-CF3)}$PEPTIDE1,PEPTIDE1,1:R1-7:R2$$$",-7.90700000,ok,,flexible
"PEPTIDE1{P.dP.P.dP.T.D.P}$PEPTIDE1,PEPTIDE1,1:R1-7:R2$$$",-7.95100000,ok,,flexible
"PEPTIDE1{dA.dP.dP.dP.P.P.dP}$PEPTIDE1,PEPTIDE1,1:R1-7:R2$$$",-8.24900000,ok,,flexible
"PEPTIDE1{P.P.P.T.dP.D.dP}$PEPTIDE1,PEPTIDE1,1:R1-7:R2$$$",-6.89700000,ok,,flexible
"PEPTIDE1{Me_dA.F.P.T.dP.Mono84.dP}$PEPTIDE1,PEPTIDE1,1:R1-7:R2$$$",-7.24700000,ok,,flexible
"PEPTIDE1{A.F.Mono84.dP.P.dP.P}$PEPTIDE1,PEPTIDE1,1:R1-7:R2$$$",-7.82300000,ok,,flexible
"PEPTIDE1{Me_dA.Phe(4-CF3).P.P.P.dP.dP}$PEPTIDE1,PEPTIDE1,1:R1-7:R2$$$",-8.15700000,ok,,flexible
"PEPTIDE1{dA.dP.P.dP.P.D.dP}$PEPTIDE1,PEPTIDE1,1:R1-7:R2$$$",-7.40700000,ok,,flexible
"PEPTIDE1{Me_dA.Y.dP.dP.P.P.D}$PEPTIDE1,PEPTIDE1,1:R1-7:R2$$$",-6.88300000,ok,,flexible
"PEPTIDE1{dP.P.G.Y.P.P.dP}$PEPTIDE1,PEPTIDE1,1:R1-7:R2$$$",-8.18600000,ok,,flexible
"PEPTIDE1{F.P.Mono84.P.dP.dP.P}$PEPTIDE1,PEPTIDE1,1:R1-7:R2$$$",-7.17700000,ok,,flexible
"PEPTIDE1{dP.P.P.P.dP.dP.D}$PEPTIDE1,PEPTIDE1,1:R1-7:R2$$$",-7.04000000,ok,,flexible
"PEPTIDE1{F.P.Y.P.dP.P.dP}$PEPTIDE1,PEPTIDE1,1:R1-7:R2$$$",-8.06500000,ok,,flexible
"PEPTIDE1{F.dP.Y.Mono84.dP.P.dP}$PEPTIDE1,PEPTIDE1,1:R1-7:R2$$$",-7.70500000,ok,,flexible
"PEPTIDE1{dA.dP.dP.dP.T.P.dP}$PEPTIDE1,PEPTIDE1,1:R1-7:R2$$$",-7.61400000,ok,,flexible
"PEPTIDE1{Me_dA.3Pal.Mono84.dP.dP.P.dP}$PEPTIDE1,PEPTIDE1,1:R1-7:R2$$$",-7.17900000,ok,,flexible
"PEPTIDE1{Mono6.meY.P.P.dP.P.dP}$PEPTIDE1,PEPTIDE1,1:R1-7:R2$$$",5.68800000,ok,,flexible
"PEPTIDE1{Me_Bal.F.T.P.Mono84.dP.dP}$PEPTIDE1,PEPTIDE1,1:R1-7:R2$$$",-7.51200000,ok,,flexible
"PEPTIDE1{A.P.dP.Y.dP.T.P}$PEPTIDE1,PEPTIDE1,1:R1-7:R2$$$",-7.55200000,ok,,flexible
"PEPTIDE1{dF.Asp_piperidide.P.dP.P.P.P}$PEPTIDE1,PEPTIDE1,1:R1-7:R2$$$",-7.27800000,ok,,flexible
"PEPTIDE1{dA.F.G.Mono84.P.dP.P}$PEPTIDE1,PEPTIDE1,1:R1-7:R2$$$",-8.18900000,ok,,flexible
"PEPTIDE1{F.P.P.dP.Mono84.T.Phe(4-CF3)}$PEPTIDE1,PEPTIDE1,1:R1-7:R2$$$",-6.49700000,ok,,flexible
"PEPTIDE1{F.Y.dP.P.P.dP.dP}$PEPTIDE1,PEPTIDE1,1:R1-7:R2$$$",-7.42000000,ok,,flexible
"PEPTIDE1{P.P.P.dP.P.D.T}$PEPTIDE1,PEPTIDE1,1:R1-7:R2$$$",-7.00700000,ok,,flexible
"PEPTIDE1{A.Mono84.dP.T.Mono84.dP.dP}$PEPTIDE1,PEPTIDE1,1:R1-7:R2$$$",-7.12000000,ok,,flexible
"PEPTIDE1{P.Y.dP.P.dP.dP.dP}$PEPTIDE1,PEPTIDE1,1:R1-7:R2$$$",-8.34500000,ok,,flexible
"PEPTIDE1{Me_dA.P.P.P.dP.dP.T}$PEPTIDE1,PEPTIDE1,1:R1-7:R2$$$",-7.63200000,ok,,flexible
"PEPTIDE1{dA.dP.P.dP.P.dP.Phe(4-CF3)}$PEPTIDE1,PEPTIDE1,1:R1-7:R2$$$",-8.02700000,ok,,flexible
"PEPTIDE1{Me_dA.dP.P.dP.P.T.D}$PEPTIDE1,PEPTIDE1,1:R1-7:R2$$$",-6.91600000,ok,,flexible
"PEPTIDE1{P.dP.dP.dP.dP.P.T}$PEPTIDE1,PEPTIDE1,1:R1-7:R2$$$",-7.53500000,ok,,flexible
"PEPTIDE1{F.Phe(4-CF3).dP.P.dP.P.P}$PEPTIDE1,PEPTIDE1,1:R1-7:R2$$$",-7.44200000,ok,,flexible
"PEPTIDE1{Me_dA.Y.meL.P.P.dP.P}$PEPTIDE1,PEPTIDE1,1:R1-7:R2$$$",-6.84200000,ok,,flexible
"PEPTIDE1{dP.Me_dL.dP.dP.dP.P.P}$PEPTIDE1,PEPTIDE1,1:R1-7:R2$$$",-7.32400000,ok,,flexible
"PEPTIDE1{dP.dP.dP.P.T.P.D}$PEPTIDE1,PEPTIDE1,1:R1-7:R2$$$",-6.93300000,ok,,flexible
"PEPTIDE1{A.dP.T.P.dP.P.dP}$PEPTIDE1,PEPTIDE1,1:R1-7:R2$$$",-7.63400000,ok,,flexible
"PEPTIDE1{dF.P.P.P.dP.D.T}$PEPTIDE1,PEPTIDE1,1:R1-7:R2$$$",-6.69600000,ok,,flexible
"PEPTIDE1{A.dP.Y.P.P.dP.dP}$PEPTIDE1,PEPTIDE1,1:R1-7:R2$$$",-7.67200000,ok,,flexible
"PEPTIDE1{Me_dA.Y.P.Mono84.dP.P.P}$PEPTIDE1,PEPTIDE1,1:R1-7:R2$$$",-7.05600000,ok,,flexible
"PEPTIDE1{dA.Phe(4-CF3).dP.P.dP.dP.T}$PEPTIDE1,PEPTIDE1,1:R1-7:R2$$$",-7.75900000,ok,,flexible
"PEPTIDE1{dP.P.P.P.T.dP.Phe(4-CF3)}$PEPTIDE1,PEPTIDE1,1:R1-7:R2$$$",-7.28800000,ok,,flexible
"PEPTIDE1{Me_dA.dP.P.P.dP.D.dP}$PEPTIDE1,PEPTIDE1,1:R1-7:R2$$$",-6.74200000,ok,,flexible
"PEPTIDE1{dV.dP.dP.dP.T.P.P}$PEPTIDE1,PEPTIDE1,1:R1-7:R2$$$",-7.58900000,ok,,flexible
"PEPTIDE1{dA.P.dP.dP.P.T.dP}$PEPTIDE1,PEPTIDE1,1:R1-7:R2$$$",-7.82000000,ok,,flexible
"PEPTIDE1{P.Mono84.dP.T.Mono84.dP.Phe(4-CF3)}$PEPTIDE1,PEPTIDE1,1:R1-7:R2$$$",-7.78800000,ok,,flexible
"PEPTIDE1{dA.meY.dP.dP.P.P.dP}$PEPTIDE1,PEPTIDE1,1:R1-7:R2$$$",-7.54900000,ok,,flexible
"PEPTIDE1{dP.dP.P.dP.D.P.dP}$PEPTIDE1,PEPTIDE1,1:R1-7:R2$$$",-7.55200000,ok,,flexible
"PEPTIDE1{meL.P.dP.P.dP.D.dP}$PEPTIDE1,PEPTIDE1,1:R1-7:R2$$$",-6.76100000,ok,,flexible
"PEPTIDE1{Me_dA.P.Y.P.dP.dP.P}$PEPTIDE1,PEPTIDE1,1:R1-7:R2$$$",-8.13700000,ok,,flexible
"PEPTIDE1{dP.dP.P.meY.D.P.P}$PEPTIDE1,PEPTIDE1,1:R1-7:R2$$$",-7.16800000,ok,,flexible
"PEPTIDE1{Me_Bal.cHexCH2_Gly.P.dP.dP.P.P}$PEPTIDE1,PEPTIDE1,1:R1-7:R2$$$",-7.52800000,ok,,flexible
"PEPTIDE1{F.dP.P.P.P.P.T}$PEPTIDE1,PEPTIDE1,1:R1-7:R2$$$",-7.67500000,ok,,flexible
"PEPTIDE1{P.dP.dP.P.dP.P.T}$PEPTIDE1,PEPTIDE1,1:R1-7:R2$$$",-7.56000000,ok,,flexible
"PEPTIDE1{P.P.P.dP.P.T.D}$PEPTIDE1,PEPTIDE1,1:R1-7:R2$$$",-6.71500000,ok,,flexible
"PEPTIDE1{Me_Bal.P.dP.P.dP.dP.D}$PEPTIDE1,PEPTIDE1,1:R1-7:R2$$$",-7.37900000,ok,,flexible
"PEPTIDE1{P.A.dP.P.P.P.dP}$PEPTIDE1,PEPTIDE1,1:R1-7:R2$$$",-7.72400000,ok,,flexible
"PEPTIDE1{A.T.dP.Mono84.Phe(4-CF3).P.dP}$PEPTIDE1,PEPTIDE1,1:R1-7:R2$$$",-6.74600000,ok,,flexible
"PEPTIDE1{Me_dA.G.dP.P.dP.P.dP}$PEPTIDE1,PEPTIDE1,1:R1-7:R2$$$",-7.58300000,ok,,flexible
"PEPTIDE1{A.G.dP.Y.Mono84.Phe(4-CF3).dP}$PEPTIDE1,PEPTIDE1,1:R1-7:R2$$$",-7.41700000,ok,,flexible
"PEPTIDE1{F.dP.dP.G.Mono84.P.dP}$PEPTIDE1,PEPTIDE1,1:R1-7:R2$$$",-7.84800000,ok,,flexible
"PEPTIDE1{Me_dA.G.P.dP.dP.dP.P}$PEPTIDE1,PEPTIDE1,1:R1-7:R2$$$",-7.99200000,ok,,flexible
"PEPTIDE1{dP.Phe(4-CF3).dP.P.P.P.P}$PEPTIDE1,PEPTIDE1,1:R1-7:R2$$$",-8.23300000,ok,,flexible
"PEPTIDE1{F.3Pal.P.dP.Mono84.dP.T}$PEPTIDE1,PEPTIDE1,1:R1-7:R2$$$",-7.33300000,ok,,flexible
"PEPTIDE1{dA.P.P.G.dP.dP.dP}$PEPTIDE1,PEPTIDE1,1:R1-7:R2$$$",-7.34200000,ok,,flexible
"PEPTIDE1{P.T.dP.dP.dP.dP.P}$PEPTIDE1,PEPTIDE1,1:R1-7:R2$$$",-7.74900000,ok,,flexible
"PEPTIDE1{P.P.dP.dP.dP.T.dP}$PEPTIDE1,PEPTIDE1,1:R1-7:R2$$$",-8.10800000,ok,,flexible
"PEPTIDE1{dP.Phe(4-CF3).P.dP.dP.P.dP}$PEPTIDE1,PEPTIDE1,1:R1-7:R2$$$",-7.94100000,ok,,flexible
"PEPTIDE1{P.meY.dP.dP.P.dP.P}$PEPTIDE1,PEPTIDE1,1:R1-7:R2$$$",-7.76900000,ok,,flexible
"PEPTIDE1{Me_Bal.Mono84.Y.dP.P.dP.P}$PEPTIDE1,PEPTIDE1,1:R1-7:R2$$$",-7.62700000,ok,,flexible
"PEPTIDE1{F.P.Y.Y.Phe(4-CF3).dP.dP}$PEPTIDE1,PEPTIDE1,1:R1-7:R2$$$",-6.42600000,ok,,flexible
"PEPTIDE1{dF.P.dP.Y.Mono84.dP.dP}$PEPTIDE1,PEPTIDE1,1:R1-7:R2$$$",-8.93800000,ok,,flexible
"PEPTIDE1{meA.P.P.P.dP.P.dP}$PEPTIDE1,PEPTIDE1,1:R1-7:R2$$$",-7.74000000,ok,,flexible
"PEPTIDE1{Me_dA.F.dP.dP.P.P.P}$PEPTIDE1,PEPTIDE1,1:R1-7:R2$$$",-7.99500000,ok,,flexible
"PEPTIDE1{P.F.Mono84.3Pal.Mono84.Mono84.dP}$PEPTIDE1,PEPTIDE1,1:R1-7:R2$$$",-7.63800000,ok,,flexible
"PEPTIDE1{dP.dP.dP.dP.T.P.P}$PEPTIDE1,PEPTIDE1,1:R1-7:R2$$$",-7.77000000,ok,,flexible
"PEPTIDE1{meA.F.dP.P.dP.P.P}$PEPTIDE1,PEPTIDE1,1:R1-7:R2$$$",-8.01000000,ok,,flexible
"PEPTIDE1{dP.P.dP.dP.P.dP.T}$PEPTIDE1,PEPTIDE1,1:R1-7:R2$$$",-7.79900000,ok,,flexible
"PEPTIDE1{dA.P.P.P.D.T.dP}$PEPTIDE1,PEPTIDE1,1:R1-7:R2$$$",-7.59900000,ok,,flexible
"PEPTIDE1{dA.meY.P.P.P.P.dP}$PEPTIDE1,PEPTIDE1,1:R1-7:R2$$$",-7.37700000,ok,,flexible
"PEPTIDE1{Me_Bal.dP.dP.dP.dP.P.P}$PEPTIDE1,PEPTIDE1,1:R1-7:R2$$$",-8.23100000,ok,,flexible
"PEPTIDE1{F.A.D.P.dP.dP.dP}$PEPTIDE1,PEPTIDE1,1:R1-7:R2$$$",-7.09300000,ok,,flexible
"PEPTIDE1{F.dP.Mono84.dP.P.dP.dP}$PEPTIDE1,PEPTIDE1,1:R1-7:R2$$$",-7.74100000,ok,,flexible
"PEPTIDE1{A.Mono84.P.P.dP.dP.P}$PEPTIDE1,PEPTIDE1,1:R1-7:R2$$$",-7.45900000,ok,,flexible
"PEPTIDE1{Me_dA.G.P.dP.dP.P.P}$PEPTIDE1,PEPTIDE1,1:R1-7:R2$$$",-7.73700000,ok,,flexible
"PEPTIDE1{A.Mono84.Y.3Pal.Mono84.P.P}$PEPTIDE1,PEPTIDE1,1:R1-7:R2$$$",-7.63100000,ok,,flexible
"PEPTIDE1{dP.dP.P.dP.P.dP.P}$PEPTIDE1,PEPTIDE1,1:R1-7:R2$$$",-8.11200000,ok,,flexible
"PEPTIDE1{dA.T.dP.P.P.dP.P}$PEPTIDE1,PEPTIDE1,1:R1-7:R2$$$",-7.96700000,ok,,flexible
"PEPTIDE1{dA.P.P.dP.P.D.T}$PEPTIDE1,PEPTIDE1,1:R1-7:R2$$$",-7.12500000,ok,,flexible
"PEPTIDE1{F.Mono84.P.dP.dP.T.P}$PEPTIDE1,PEPTIDE1,1:R1-7:R2$$$",-6.74800000,ok,,flexible
"PEPTIDE1{dP.F.D.dP.dP.P.P}$PEPTIDE1,PEPTIDE1,1:R1-7:R2$$$",-7.22800000,ok,,flexible
"PEPTIDE1{dA.T.P.dP.P.P.P}$PEPTIDE1,PEPTIDE1,1:R1-7:R2$$$",-7.16600000,ok,,flexible
"PEPTIDE1{F.3Pal.P.dP.dP.dP.P}$PEPTIDE1,PEPTIDE1,1:R1-7:R2$$$",-6.78400000,ok,,flexible
"PEPTIDE1{P.Pr_Gly.dP.P.P.P.dP}$PEPTIDE1,PEPTIDE1,1:R1-7:R2$$$",-7.47000000,ok,,flexible
"PEPTIDE1{A.Phe(4-CF3).P.P.P.dP.dP}$PEPTIDE1,PEPTIDE1,1:R1-7:R2$$$",-7.36600000,ok,,flexible
"PEPTIDE1{F.G.cHexCH2_Gly.P.dP.dP.dP}$PEPTIDE1,PEPTIDE1,1:R1-7:R2$$$",-7.77900000,ok,,flexible
"PEPTIDE1{dA.dP.dP.P.D.dP.P}$PEPTIDE1,PEPTIDE1,1:R1-7:R2$$$",-7.08200000,ok,,flexible
"PEPTIDE1{A.G.P.dP.P.P.dP}$PEPTIDE1,PEPTIDE1,1:R1-7:R2$$$",-7.60600000,ok,,flexible
"PEPTIDE1{P.meY.P.dP.P.T.dP}$PEPTIDE1,PEPTIDE1,1:R1-7:R2$$$",-7.85500000,ok,,flexible
"PEPTIDE1{Me_dA.G.dP.P.dP.P.P}$PEPTIDE1,PEPTIDE1,1:R1-7:R2$$$",-8.00900000,ok,,flexible
"PEPTIDE1{dP.dP.dP.P.D.P.P}$PEPTIDE1,PEPTIDE1,1:R1-7:R2$$$",-7.93100000,ok,,flexible
"PEPTIDE1{Me_dA.P.dP.dP.P.P.D}$PEPTIDE1,PEPTIDE1,1:R1-7:R2$$$",-7.35800000,ok,,flexible
"PEPTIDE1{Me_dA.dP.dP.dP.P.D.T}$PEPTIDE1,PEPTIDE1,1:R1-7:R2$$$",-7.42500000,ok,,flexible
"PEPTIDE1{dV.P.P.P.D.T.dP}$PEPTIDE1,PEPTIDE1,1:R1-7:R2$$$",-7.54400000,ok,,flexible
"PEPTIDE1{Me_dA.Phe(4-CF3).dP.P.dP.dP.T}$PEPTIDE1,PEPTIDE1,1:R1-7:R2$$$",-7.83400000,ok,,flexible
"PEPTIDE1{Me_dA.Y.P.P.dP.P.dP}$PEPTIDE1,PEPTIDE1,1:R1-7:R2$$$",-7.75600000,ok,,flexible
"PEPTIDE1{dF.3Pal.T.dP.Mono84.dP.P}$PEPTIDE1,PEPTIDE1,1:R1-7:R2$$$",-6.75400000,ok,,flexible
"PEPTIDE1{dA.P.dP.dP.dP.P.D}$PEPTIDE1,PEPTIDE1,1:R1-7:R2$$$",-7.43200000,ok,,flexible
"PEPTIDE1{F.Y.dP.P.P.dP.P}$PEPTIDE1,PEPTIDE1,1:R1-7:R2$$$",-8.03700000,ok,,flexible
"PEPTIDE1{F.cHexCH2_Gly.Mono84.dP.P.P.P}$PEPTIDE1,PEPTIDE1,1:R1-7:R2$$$",-7.28400000,ok,,flexible
"PEPTIDE1{Mono6.P.dP.P.P.T.dP}$PEPTIDE1,PEPTIDE1,1:R1-7:R2$$$",-7.53100000,ok,,flexible
"PEPTIDE1{P.F.dP.D.P.dP.P}$PEPTIDE1,PEPTIDE1,1:R1-7:R2$$$",-7.04300000,ok,,flexible
"PEPTIDE1{dA.G.D.dP.P.P.dP}$PEPTIDE1,PEPTIDE1,1:R1-7:R2$$$",-7.14900000,ok,,flexible
"PEPTIDE1{Me_dA.dP.P.G.Phe(4-CF3).P.dP}$PEPTIDE1,PEPTIDE1,1:R1-7:R2$$$",-7.62100000,ok,,flexible
"PEPTIDE1{A.dP.P.dP.P.dP.T}$PEPTIDE1,PEPTIDE1,1:R1-7:R2$$$",-7.05500000,ok,,flexible
"PEPTIDE1{F.Mono84.Y.P.dP.P.dP}$PEPTIDE1,PEPTIDE1,1:R1-7:R2$$$",-8.91700000,ok,,flexible
"PEPTIDE1{F.P.dP.P.P.P.Phe(4-CF3)}$PEPTIDE1,PEPTIDE1,1:R1-7:R2$$$",-7.45200000,ok,,flexible
"PEPTIDE1{F.dP.Mono84.P.P.dP.P}$PEPTIDE1,PEPTIDE1,1:R1-7:R2$$$",-8.19900000,ok,,flexible
"PEPTIDE1{F.3Pal.Mono84.dP.P.P.dP}$PEPTIDE1,PEPTIDE1,1:R1-7:R2$$$",-8.27600000,ok,,flexible
"PEPTIDE1{A.G.P.P.P.P.P}$PEPTIDE1,PEPTIDE1,1:R1-7:R2$$$",-7.85100000,ok,,flexible
"PEPTIDE1{A.P.dP.P.P.P.D}$PEPTIDE1,PEPTIDE1,1:R1-7:R2$$$",-7.21200000,ok,,flexible
"PEPTIDE1{dF.P.P.P.D.T.P}$PEPTIDE1,PEPTIDE1,1:R1-7:R2$$$",-6.71000000,ok,,flexible
"PEPTIDE1{P.dP.P.P.dP.T.dP}$PEPTIDE1,PEPTIDE1,1:R1-7:R2$$$",-7.34400000,ok,,flexible
"PEPTIDE1{P.A.T.dP.G.dP.P}$PEPTIDE1,PEPTIDE1,1:R1-7:R2$$$",-7.33600000,ok,,flexible
"PEPTIDE1{Me_dA.dP.A.P.P.dP.P}$PEPTIDE1,PEPTIDE1,1:R1-7:R2$$$",-7.64300000,ok,,flexible
"PEPTIDE1{dA.dP.P.dP.D.T.dP}$PEPTIDE1,PEPTIDE1,1:R1-7:R2$$$",-6.99400000,ok,,flexible
"PEPTIDE1{F.G.P.P.P.P.dP}$PEPTIDE1,PEPTIDE1,1:R1-7:R2$$$",-7.21200000,ok,,flexible
"PEPTIDE1{P.dP.dP.dP.T.D.P}$PEPTIDE1,PEPTIDE1,1:R1-7:R2$$$",-7.99000000,ok,,flexible
"PEPTIDE1{F.Y.P.dP.P.P.dP}$PEPTIDE1,PEPTIDE1,1:R1-7:R2$$$",-7.12500000,ok,,flexible
"PEPTIDE1{F.3Pal.Mono84.P.dP.P.dP}$PEPTIDE1,PEPTIDE1,1:R1-7:R2$$$",-7.12500000,ok,,flexible
"PEPTIDE1{dF.T.P.P.dP.dP.P}$PEPTIDE1,PEPTIDE1,1:R1-7:R2$$$",-7.58700000,ok,,flexible
"PEPTIDE1{F.3Pal.Mono84.P.T.P.P}$PEPTIDE1,PEPTIDE1,1:R1-7:R2$$$",-6.30700000,ok,,flexible
"PEPTIDE1{dP.P.F.Phe(4-CF3).P.dP.dP}$PEPTIDE1,PEPTIDE1,1:R1-7:R2$$$",-7.66900000,ok,,flexible
"PEPTIDE1{F.T.P.P.dP.P.P}$PEPTIDE1,PEPTIDE1,1:R1-7:R2$$$",-7.45200000,ok,,flexible
"PEPTIDE1{dV.P.P.dP.P.T.dP}$PEPTIDE1,PEPTIDE1,1:R1-7:R2$$$",-7.47600000,ok,,flexible
"PEPTIDE1{P.dP.dP.P.dP.Phe(4-CF3).P}$PEPTIDE1,PEPTIDE1,1:R1-7:R2$$$",-7.55700000,ok,,flexible
"PEPTIDE1{P.D.P.P.dP.dP.dP}$PEPTIDE1,PEPTIDE1,1:R1-7:R2$$$",-7.92100000,ok,,flexible
"PEPTIDE1{P.P.P.P.dP.P.T}$PEPTIDE1,PEPTIDE1,1:R1-7:R2$$$",-7.97000000,ok,,flexible
"PEPTIDE1{P.A.P.dP.dP.dP.P}$PEPTIDE1,PEPTIDE1,1:R1-7:R2$$$",-7.94200000,ok,,flexible
"PEPTIDE1{P.dP.P.dP.dP.D.T}$PEPTIDE1,PEPTIDE1,1:R1-7:R2$$$",-6.85000000,ok,,flexible
"PEPTIDE1{dV.P.dP.P.P.dP.dP}$PEPTIDE1,PEPTIDE1,1:R1-7:R2$$$",-7.41200000,ok,,flexible
"PEPTIDE1{meA.P.dP.dP.P.D.dP}$PEPTIDE1,PEPTIDE1,1:R1-7:R2$$$",-7.56300000,ok,,flexible
"PEPTIDE1{Mono6.cHexCH2_Gly.dP.P.P.P.P}$PEPTIDE1,PEPTIDE1,1:R1-7:R2$$$",-7.70700000,ok,,flexible
"PEPTIDE1{F.P.dP.Phe(4-CF3).dP.P.dP}$PEPTIDE1,PEPTIDE1,1:R1-7:R2$$$",-9.10700000,ok,,flexible
"PEPTIDE1{dP.P.Y.P.dP.dP.Phe(4-CF3)}$PEPTIDE1,PEPTIDE1,1:R1-7:R2$$$",-7.37300000,ok,,flexible
"PEPTIDE1{A.P.dP.dP.T.P.dP}$PEPTIDE1,PEPTIDE1,1:R1-7:R2$$$",-7.60600000,ok,,flexible
"PEPTIDE1{Me_dA.Me_dL.P.dP.P.dP.dP}$PEPTIDE1,PEPTIDE1,1:R1-7:R2$$$",-7.89800000,ok,,flexible
"PEPTIDE1{dA.F.dP.meY.P.dP.T}$PEPTIDE1,PEPTIDE1,1:R1-7:R2$$$",-7.40900000,ok,,flexible
"PEPTIDE1{Me_dA.P.Mono84.T.dP.G.Mono84}$PEPTIDE1,PEPTIDE1,1:R1-7:R2$$$",-7.77200000,ok,,flexible
"PEPTIDE1{F.dP.P.P.dP.dP.D}$PEPTIDE1,PEPTIDE1,1:R1-7:R2$$$",-7.02600000,ok,,flexible
"PEPTIDE1{P.Phe(4-CF3).T.Mono84.P.Mono84.T}$PEPTIDE1,PEPTIDE1,1:R1-7:R2$$$",-6.78900000,ok,,flexible
"PEPTIDE1{F.dP.Mono84.dP.dP.P.P}$PEPTIDE1,PEPTIDE1,1:R1-7:R2$$$",-8.17800000,ok,,flexible
"PEPTIDE1{Me_dA.Y.Phe(4-CF3).P.P.P.P}$PEPTIDE1,PEPTIDE1,1:R1-7:R2$$$",-8.33100000,ok,,flexible
"PEPTIDE1{P.Y.P.P.P.dP.D}$PEPTIDE1,PEPTIDE1,1:R1-7:R2$$$",-7.52900000,ok,,flexible
"PEPTIDE1{dF.Mono84.dP.dP.Mono84.Mono84.dP}$PEPTIDE1,PEPTIDE1,1:R1-7:R2$$$",-8.26400000,ok,,flexible
"PEPTIDE1{P.F.dP.dP.dP.dP.P}$PEPTIDE1,PEPTIDE1,1:R1-7:R2$$$",-8.19400000,ok,,flexible
"PEPTIDE1{A.dP.P.dP.T.D.P}$PEPTIDE1,PEPTIDE1,1:R1-7:R2$$$",-7.32300000,ok,,flexible
"PEPTIDE1{P.P.P.dP.dP.dP.D}$PEPTIDE1,PEPTIDE1,1:R1-7:R2$$$",-7.10800000,ok,,flexible
"PEPTIDE1{A.dP.dP.P.D.P.P}$PEPTIDE1,PEPTIDE1,1:R1-7:R2$$$",-7.46800000,ok,,flexible
"PEPTIDE1{Mono6.dP.P.P.P.P.D}$PEPTIDE1,PEPTIDE1,1:R1-7:R2$$$",-7.52000000,ok,,flexible
"PEPTIDE1{Me_dA.G.dP.dP.P.dP.dP}$PEPTIDE1,PEPTIDE1,1:R1-7:R2$$$",-7.78300000,ok,,flexible
"PEPTIDE1{dF.dP.dP.P.dP.dP.P}$PEPTIDE1,PEPTIDE1,1:R1-7:R2$$$",-7.48100000,ok,,flexible
"PEPTIDE1{A.T.P.P.dP.dP.dP}$PEPTIDE1,PEPTIDE1,1:R1-7:R2$$$",-7.36600000,ok,,flexible
"PEPTIDE1{dF.T.P.dP.P.dP.P}$PEPTIDE1,PEPTIDE1,1:R1-7:R2$$$",-7.03200000,ok,,flexible
"PEPTIDE1{F.P.dP.dP.P.dP.D}$PEPTIDE1,PEPTIDE1,1:R1-7:R2$$$",-7.00200000,ok,,flexible
"PEPTIDE1{A.dP.dP.P.dP.T.Phe(4-CF3)}$PEPTIDE1,PEPTIDE1,1:R1-7:R2$$$",-8.32900000,ok,,flexible
"PEPTIDE1{F.dP.Mono84.Mono84.T.P.dP}$PEPTIDE1,PEPTIDE1,1:R1-7:R2$$$",-6.97900000,ok,,flexible
"PEPTIDE1{P.P.dP.P.P.D.T}$PEPTIDE1,PEPTIDE1,1:R1-7:R2$$$",-7.15700000,ok,,flexible
"PEPTIDE1{A.G.dP.T.P.P.dP}$PEPTIDE1,PEPTIDE1,1:R1-7:R2$$$",-7.93600000,ok,,flexible
"PEPTIDE1{dA.Y.dP.P.P.P.dP}$PEPTIDE1,PEPTIDE1,1:R1-7:R2$$$",-8.02100000,ok,,flexible
"PEPTIDE1{meA.meY.dP.P.P.P.Y}$PEPTIDE1,PEPTIDE1,1:R1-7:R2$$$",-7.63400000,ok,,flexible
"PEPTIDE1{dA.dP.dP.P.dP.P.dP}$PEPTIDE1,PEPTIDE1,1:R1-7:R2$$$",-7.73800000,ok,,flexible
"PEPTIDE1{Me_Bal.F.Mono84.dP.dP.dP.P}$PEPTIDE1,PEPTIDE1,1:R1-7:R2$$$",-8.06800000,ok,,flexible
"PEPTIDE1{dP.P.P.P.dP.D.T}$PEPTIDE1,PEPTIDE1,1:R1-7:R2$$$",-6.88200000,ok,,flexible
"PEPTIDE1{P.F.dP.Phe(4-CF3).dP.dP.P}$PEPTIDE1,PEPTIDE1,1:R1-7:R2$$$",-8.32500000,ok,,flexible
"PEPTIDE1{Me_dA.G.dP.F.P.P.P}$PEPTIDE1,PEPTIDE1,1:R1-7:R2$$$",-7.14800000,ok,,flexible
"PEPTIDE1{A.G.dP.P.P.P.dP}$PEPTIDE1,PEPTIDE1,1:R1-7:R2$$$",-7.73700000,ok,,flexible
"PEPTIDE1{Me_dA.dP.F.dP.Y.Phe(4-CF3).P}$PEPTIDE1,PEPTIDE1,1:R1-7:R2$$$",-7.27600000,ok,,flexible
"PEPTIDE1{dA.P.dP.dP.T.dP.D}$PEPTIDE1,PEPTIDE1,1:R1-7:R2$$$",-7.20200000,ok,,flexible
"PEPTIDE1{A.P.P.dP.P.P.Phe(4-CF3)}$PEPTIDE1,PEPTIDE1,1:R1-7:R2$$$",-7.61700000,ok,,flexible
"PEPTIDE1{dA.P.P.P.D.T.P}$PEPTIDE1,PEPTIDE1,1:R1-7:R2$$$",-7.37400000,ok,,flexible
"PEPTIDE1{meA.dP.dP.dP.D.P.T}$PEPTIDE1,PEPTIDE1,1:R1-7:R2$$$",-7.80400000,ok,,flexible
"PEPTIDE1{dA.dP.dP.T.P.dP.P}$PEPTIDE1,PEPTIDE1,1:R1-7:R2$$$",-7.36500000,ok,,flexible
"PEPTIDE1{dA.P.dP.P.dP.T.dP}$PEPTIDE1,PEPTIDE1,1:R1-7:R2$$$",-7.53200000,ok,,flexible
"PEPTIDE1{P.Y.dP.P.G.P.dP}$PEPTIDE1,PEPTIDE1,1:R1-7:R2$$$",-7.58800000,ok,,flexible
"PEPTIDE1{dP.Y.dP.dP.P.P.P}$PEPTIDE1,PEPTIDE1,1:R1-7:R2$$$",-7.46500000,ok,,flexible
"PEPTIDE1{dA.P.P.P.D.dP.P}$PEPTIDE1,PEPTIDE1,1:R1-7:R2$$$",-7.38200000,ok,,flexible
"PEPTIDE1{P.A.P.P.dP.P.P}$PEPTIDE1,PEPTIDE1,1:R1-7:R2$$$",-8.23200000,ok,,flexible
"PEPTIDE1{Me_dA.P.Mono84.3Pal.P.Phe(4-CF3).D}$PEPTIDE1,PEPTIDE1,1:R1-7:R2$$$",-6.12300000,ok,,flexible
"PEPTIDE1{P.F.T.dP.Y.Mono84.P}$PEPTIDE1,PEPTIDE1,1:R1-7:R2$$$",-7.62600000,ok,,flexible
"PEPTIDE1{Me_dA.Y.Phe(4-CF3).dP.P.dP.dP}$PEPTIDE1,PEPTIDE1,1:R1-7:R2$$$",-7.80200000,ok,,flexible
"PEPTIDE1{P.dP.G.P.P.T.P}$PEPTIDE1,PEPTIDE1,1:R1-7:R2$$$",-7.07000000,ok,,flexible
"PEPTIDE1{meL.dP.P.dP.P.P.T}$PEPTIDE1,PEPTIDE1,1:R1-7:R2$$$",-6.55000000,ok,,flexible
"PEPTIDE1{Mono6.F.T.P.dP.P.P}$PEPTIDE1,PEPTIDE1,1:R1-7:R2$$$",-6.91700000,ok,,flexible
"PEPTIDE1{dA.dP.dP.P.P.P.D}$PEPTIDE1,PEPTIDE1,1:R1-7:R2$$$",-7.32600000,ok,,flexible
"PEPTIDE1{dA.P.dP.dP.P.P.Phe(4-CF3)}$PEPTIDE1,PEPTIDE1,1:R1-7:R2$$$",-8.21100000,ok,,flexible
"PEPTIDE1{A.F.P.dP.dP.P.dP}$PEPTIDE1,PEPTIDE1,1:R1-7:R2$$$",-7.72100000,ok,,flexible
"PEPTIDE1{A.F.P.Phe(4-CF3).P.Y.dP}$PEPTIDE1,PEPTIDE1,1:R1-7:R2$$$",-7.84600000,ok,,flexible
"PEPTIDE1{dF.P.P.dP.dP.D.dP}$PEPTIDE1,PEPTIDE1,1:R1-7:R2$$$",-7.76100000,ok,,flexible
"PEPTIDE1{dV.dP.P.P.dP.P.P}$PEPTIDE1,PEPTIDE1,1:R1-7:R2$$$",-7.35900000,ok,,flexible
"PEPTIDE1{Me_dA.dP.dP.dP.dP.P.T}$PEPTIDE1,PEPTIDE1,1:R1-7:R2$$$",-7.34800000,ok,,flexible
"PEPTIDE1{Mono6.G.P.Mono84.Y.dP.P}$PEPTIDE1,PEPTIDE1,1:R1-7:R2$$$",-7.44900000,ok,,flexible
"PEPTIDE1{Me_Bal.P.dP.Mono84.P.P.dP}$PEPTIDE1,PEPTIDE1,1:R1-7:R2$$$",-8.66000000,ok,,flexible
"PEPTIDE1{P.T.dP.P.P.P.D}$PEPTIDE1,PEPTIDE1,1:R1-7:R2$$$",-6.74500000,ok,,flexible
"PEPTIDE1{meA.T.P.dP.P.dP.P}$PEPTIDE1,PEPTIDE1,1:R1-7:R2$$$",-7.61500000,ok,,flexible
"PEPTIDE1{F.dP.3Pal.P.P.G.Y}$PEPTIDE1,PEPTIDE1,1:R1-7:R2$$$",-7.21900000,ok,,flexible
"PEPTIDE1{Me_dA.P.dP.P.P.D.P}$PEPTIDE1,PEPTIDE1,1:R1-7:R2$$$",-7.46100000,ok,,flexible
"PEPTIDE1{F.P.D.P.P.dP.dP}$PEPTIDE1,PEPTIDE1,1:R1-7:R2$$$",-7.53500000,ok,,flexible
"PEPTIDE1{dF.dP.Y.Mono84.dP.P.P}$PEPTIDE1,PEPTIDE1,1:R1-7:R2$$$",-7.73100000,ok,,flexible
"PEPTIDE1{P.T.dP.P.P.P.dP}$PEPTIDE1,PEPTIDE1,1:R1-7:R2$$$",-7.93200000,ok,,flexible
"PEPTIDE1{dF.dP.dP.P.dP.T.D}$PEPTIDE1,PEPTIDE1,1:R1-7:R2$$$",-7.15900000,ok,,flexible
"PEPTIDE1{dA.dP.P.P.P.dP.D}$PEPTIDE1,PEPTIDE1,1:R1-7:R2$$$",-7.38800000,ok,,flexible
"PEPTIDE1{F.G.dP.P.P.P.dP}$PEPTIDE1,PEPTIDE1,1:R1-7:R2$$$",-7.90900000,ok,,flexible
"PEPTIDE1{dF.3Pal.D.P.dP.dP.P}$PEPTIDE1,PEPTIDE1,1:R1-7:R2$$$",-7.38000000,ok,,flexible
"PEPTIDE1{Me_dA.F.Mono84.P.dP.dP.dP}$PEPTIDE1,PEPTIDE1,1:R1-7:R2$$$",-7.87700000,ok,,flexible
"PEPTIDE1{dA.Mono84.dP.P.dP.dP.P}$PEPTIDE1,PEPTIDE1,1:R1-7:R2$$$",-7.76700000,ok,,flexible
"PEPTIDE1{dF.Mono84.dP.P.P.dP.P}$PEPTIDE1,PEPTIDE1,1:R1-7:R2$$$",-7.83500000,ok,,flexible
"PEPTIDE1{Me_dA.dP.F.P.P.Mono84.dP}$PEPTIDE1,PEPTIDE1,1:R1-7:R2$$$",-7.41100000,ok,,flexible
"PEPTIDE1{dA.P.P.dP.G.dP.P}$PEPTIDE1,PEPTIDE1,1:R1-7:R2$$$",-7.71700000,ok,,flexible
"PEPTIDE1{dA.dP.P.dP.P.D.T}$PEPTIDE1,PEPTIDE1,1:R1-7:R2$$$",-7.20200000,ok,,flexible
"PEPTIDE1{P.A.Y.dP.P.dP.dP}$PEPTIDE1,PEPTIDE1,1:R1-7:R2$$$",-7.93900000,ok,,flexible
"PEPTIDE1{dP.P.P.dP.T.dP.D}$PEPTIDE1,PEPTIDE1,1:R1-7:R2$$$",-6.85000000,ok,,flexible
"PEPTIDE1{F.Phe(4-CF3).P.P.dP.dP.dP}$PEPTIDE1,PEPTIDE1,1:R1-7:R2$$$",-7.98100000,ok,,flexible
"PEPTIDE1{Me_dA.F.Y.dP.Mono84.P.P}$PEPTIDE1,PEPTIDE1,1:R1-7:R2$$$",-7.02000000,ok,,flexible
"PEPTIDE1{F.dP.T.P.dP.A.Mono84}$PEPTIDE1,PEPTIDE1,1:R1-7:R2$$$",-7.10000000,ok,,flexible
"PEPTIDE1{Me_dA.cHexCH2_Gly.dP.dP.P.P.P}$PEPTIDE1,PEPTIDE1,1:R1-7:R2$$$",-8.29000000,ok,,flexible
"PEPTIDE1{dF.3Pal.P.dP.P.dP.dP}$PEPTIDE1,PEPTIDE1,1:R1-7:R2$$$",-7.66200000,ok,,flexible
"PEPTIDE1{Me_dA.P.dP.P.dP.D.T}$PEPTIDE1,PEPTIDE1,1:R1-7:R2$$$",-6.91900000,ok,,flexible
"PEPTIDE1{dP.G.P.P.dP.dP.D}$PEPTIDE1,PEPTIDE1,1:R1-7:R2$$$",-7.36400000,ok,,flexible
"PEPTIDE1{meL.P.dP.P.dP.dP.D}$PEPTIDE1,PEPTIDE1,1:R1-7:R2$$$",-7.48700000,ok,,flexible
"PEPTIDE1{Me_dA.A.P.dP.dP.dP.dP}$PEPTIDE1,PEPTIDE1,1:R1-7:R2$$$",-7.94200000,ok,,flexible
"PEPTIDE1{dA.Mono84.3Pal.P.P.P.Y}$PEPTIDE1,PEPTIDE1,1:R1-7:R2$$$",-7.91100000,ok,,flexible
"PEPTIDE1{Me_dA.A.Phe(4-CF3).dP.dP.P.dP}$PEPTIDE1,PEPTIDE1,1:R1-7:R2$$$",-7.43100000,ok,,flexible
"PEPTIDE1{P.Y.dP.P.P.P.P}$PEPTIDE1,PEPTIDE1,1:R1-7:R2$$$",-7.95500000,ok,,flexible
"PEPTIDE1{meA.dP.dP.P.P.dP.D}$PEPTIDE1,PEPTIDE1,1:R1-7:R2$$$",-7.77000000,ok,,flexible
"PEPTIDE1{F.D.P.dP.P.dP.P}$PEPTIDE1,PEPTIDE1,1:R1-7:R2$$$",-7.46700000,ok,,flexible
"PEPTIDE1{dP.dP.P.P.dP.dP.D}$PEPTIDE1,PEPTIDE1,1:R1-7:R2$$$",-7.95200000,ok,,flexible
"PEPTIDE1{Me_dA.F.meY.P.dP.dP.dP}$PEPTIDE1,PEPTIDE1,1:R1-7:R2$$$",-6.96600000,ok,,flexible
"PEPTIDE1{P.G.P.P.dP.dP.P}$PEPTIDE1,PEPTIDE1,1:R1-7:R2$$$",-7.52200000,ok,,flexible
"PEPTIDE1{Me_dA.G.dP.P.P.dP.dP}$PEPTIDE1,PEPTIDE1,1:R1-7:R2$$$",-8.10000000,ok,,flexible
"PEPTIDE1{F.dP.dP.Mono84.dP.Y.P}$PEPTIDE1,PEPTIDE1,1:R1-7:R2$$$",-6.77600000,ok,,flexible
"PEPTIDE1{A.P.dP.dP.P.T.D}$PEPTIDE1,PEPTIDE1,1:R1-7:R2$$$",-7.32400000,ok,,flexible
"PEPTIDE1{P.F.dP.G.Phe(4-CF3).T.P}$PEPTIDE1,PEPTIDE1,1:R1-7:R2$$$",-6.10700000,ok,,flexible
"PEPTIDE1{dA.Mono84.P.P.dP.dP.P}$PEPTIDE1,PEPTIDE1,1:R1-7:R2$$$",-7.89000000,ok,,flexible
"PEPTIDE1{F.P.dP.T.dP.F.Y}$PEPTIDE1,PEPTIDE1,1:R1-7:R2$$$",-6.64500000,ok,,flexible
"PEPTIDE1{Me_dA.dP.dP.dP.T.P.D}$PEPTIDE1,PEPTIDE1,1:R1-7:R2$$$",-7.13400000,ok,,flexible
"PEPTIDE1{Me_Bal.G.dP.P.F.Phe(4-CF3).Y}$PEPTIDE1,PEPTIDE1,1:R1-7:R2$$$",-6.27500000,ok,,flexible
"PEPTIDE1{dA.G.Y.D.dP.dP.dP}$PEPTIDE1,PEPTIDE1,1:R1-7:R2$$$",-7.05700000,ok,,flexible
"PEPTIDE1{P.F.G.G.Phe(4-CF3).dP.P}$PEPTIDE1,PEPTIDE1,1:R1-7:R2$$$",-7.39300000,ok,,flexible
"PEPTIDE1{A.P.Phe(4-CF3).dP.P.P.P}$PEPTIDE1,PEPTIDE1,1:R1-7:R2$$$",-7.29700000,ok,,flexible
"PEPTIDE1{F.F.G.Mono84.dP.dP.dP}$PEPTIDE1,PEPTIDE1,1:R1-7:R2$$$",-8.51100000,ok,,flexible
"PEPTIDE1{dA.P.P.P.P.dP.D}$PEPTIDE1,PEPTIDE1,1:R1-7:R2$$$",-7.59300000,ok,,flexible
"PEPTIDE1{P.G.P.dP.dP.P.P}$PEPTIDE1,PEPTIDE1,1:R1-7:R2$$$",-7.77800000,ok,,flexible
"PEPTIDE1{dA.dP.P.dP.T.P.P}$PEPTIDE1,PEPTIDE1,1:R1-7:R2$$$",-8.10200000,ok,,flexible
"PEPTIDE1{A.T.dP.Mono84.dP.P.dP}$PEPTIDE1,PEPTIDE1,1:R1-7:R2$$$",-7.23800000,ok,,flexible
"PEPTIDE1{P.A.P.dP.P.dP.P}$PEPTIDE1,PEPTIDE1,1:R1-7:R2$$$",-8.37100000,ok,,flexible
"PEPTIDE1{Mono6.T.dP.P.P.dP.P}$PEPTIDE1,PEPTIDE1,1:R1-7:R2$$$",-7.13200000,ok,,flexible
"PEPTIDE1{dA.T.P.dP.Phe(4-CF3).P.P}$PEPTIDE1,PEPTIDE1,1:R1-7:R2$$$",-7.44500000,ok,,flexible
"PEPTIDE1{P.A.Phe(4-CF3).P.P.dP.dP}$PEPTIDE1,PEPTIDE1,1:R1-7:R2$$$",-7.44700000,ok,,flexible
"PEPTIDE1{P.dP.dP.dP.P.Phe(4-CF3).dP}$PEPTIDE1,PEPTIDE1,1:R1-7:R2$$$",-7.94800000,ok,,flexible
"PEPTIDE1{A.dP.P.dP.dP.T.dP}$PEPTIDE1,PEPTIDE1,1:R1-7:R2$$$",-7.61900000,ok,,flexible
"PEPTIDE1{dP.P.Mono84.G.P.dP.P}$PEPTIDE1,PEPTIDE1,1:R1-7:R2$$$",-7.37300000,ok,,flexible
"PEPTIDE1{A.G.dP.dP.dP.dP.P}$PEPTIDE1,PEPTIDE1,1:R1-7:R2$$$",-7.89300000,ok,,flexible
"PEPTIDE1{P.Y.dP.dP.dP.D.P}$PEPTIDE1,PEPTIDE1,1:R1-7:R2$$$",-7.55200000,ok,,flexible
"PEPTIDE1{F.G.dP.dP.P.dP.dP}$PEPTIDE1,PEPTIDE1,1:R1-7:R2$$$",-8.17600000,ok,,flexible
"PEPTIDE1{Me_Bal.G.P.Mono84.P.Mono84.dP}$PEPTIDE1,PEPTIDE1,1:R1-7:R2$$$",-7.55700000,ok,,flexible
"PEPTIDE1{Mono6.dP.dP.dP.D.T.P}$PEPTIDE1,PEPTIDE1,1:R1-7:R2$$$",-7.11200000,ok,,flexible
"PEPTIDE1{A.F.F.P.dP.P.Mono84}$PEPTIDE1,PEPTIDE1,1:R1-7:R2$$$",-7.92600000,ok,,flexible
"PEPTIDE1{dP.P.dP.dP.T.P.P}$PEPTIDE1,PEPTIDE1,1:R1-7:R2$$$",-7.47700000,ok,,flexible
"PEPTIDE1{dV.dP.P.P.P.D.dP}$PEPTIDE1,PEPTIDE1,1:R1-7:R2$$$",-6.91100000,ok,,flexible
"PEPTIDE1{P.Y.P.P.dP.dP.dP}$PEPTIDE1,PEPTIDE1,1:R1-7:R2$$$",-7.75000000,ok,,flexible
"PEPTIDE1{dF.dP.P.P.dP.P.T}$PEPTIDE1,PEPTIDE1,1:R1-7:R2$$$",-7.72800000,ok,,flexible
"PEPTIDE1{meA.T.dP.Y.Phe(4-CF3).P.dP}$PEPTIDE1,PEPTIDE1,1:R1-7:R2$$$",-8.09600000,ok,,flexible
"PEPTIDE1{F.Mono84.Mono84.P.dP.P.dP}$PEPTIDE1,PEPTIDE1,1:R1-7:R2$$$",-8.10300000,ok,,flexible
"PEPTIDE1{dP.Y.P.dP.P.dP.P}$PEPTIDE1,PEPTIDE1,1:R1-7:R2$$$",-7.87000000,ok,,flexible
"PEPTIDE1{dA.dP.P.P.P.P.D}$PEPTIDE1,PEPTIDE1,1:R1-7:R2$$$",-7.46400000,ok,,flexible
"PEPTIDE1{A.dP.P.dP.Phe(4-CF3).P.T}$PEPTIDE1,PEPTIDE1,1:R1-7:R2$$$",-7.17500000,ok,,flexible
"PEPTIDE1{dP.dP.P.dP.T.P.D}$PEPTIDE1,PEPTIDE1,1:R1-7:R2$$$",-7.18600000,ok,,flexible
"PEPTIDE1{P.Y.Mono84.P.P.dP.Phe(4-CF3)}$PEPTIDE1,PEPTIDE1,1:R1-7:R2$$$",-7.40800000,ok,,flexible
"PEPTIDE1{P.P.P.P.dP.D.dP}$PEPTIDE1,PEPTIDE1,1:R1-7:R2$$$",-7.59000000,ok,,flexible
"PEPTIDE1{P.Y.P.D.P.dP.dP}$PEPTIDE1,PEPTIDE1,1:R1-7:R2$$$",-6.99500000,ok,,flexible
"PEPTIDE1{dA.G.Phe(4-CF3).T.dP.P.dP}$PEPTIDE1,PEPTIDE1,1:R1-7:R2$$$",-7.19000000,ok,,flexible
"PEPTIDE1{F.A.P.dP.P.P.P}$PEPTIDE1,PEPTIDE1,1:R1-7:R2$$$",-8.08700000,ok,,flexible
"PEPTIDE1{F.dP.Me_Phe(3-Cl).Y.dP.dP.P}$PEPTIDE1,PEPTIDE1,1:R1-7:R2$$$",-7.50300000,ok,,flexible
"PEPTIDE1{P.Mono84.dP.P.dP.P.dP}$PEPTIDE1,PEPTIDE1,1:R1-7:R2$$$",-8.67600000,ok,,flexible
"PEPTIDE1{dF.F.G.P.dP.P.P}$PEPTIDE1,PEPTIDE1,1:R1-7:R2$$$",-7.13100000,ok,,flexible
"PEPTIDE1{P.F.P.P.dP.dP.dP}$PEPTIDE1,PEPTIDE1,1:R1-7:R2$$$",-7.44800000,ok,,flexible
"PEPTIDE1{Mono6.P.dP.dP.P.dP.D}$PEPTIDE1,PEPTIDE1,1:R1-7:R2$$$",-7.08800000,ok,,flexible
"PEPTIDE1{F.G.Mono84.dP.P.P.dP}$PEPTIDE1,PEPTIDE1,1:R1-7:R2$$$",-7.97400000,ok,,flexible
"PEPTIDE1{dA.P.P.dP.P.T.D}$PEPTIDE1,PEPTIDE1,1:R1-7:R2$$$",-6.96900000,ok,,flexible
"PEPTIDE1{dF.P.dP.dP.dP.dP.T}$PEPTIDE1,PEPTIDE1,1:R1-7:R2$$$",-7.12800000,ok,,flexible
"PEPTIDE1{A.P.dP.dP.P.dP.dP}$PEPTIDE1,PEPTIDE1,1:R1-7:R2$$$",-7.74100000,ok,,flexible
"PEPTIDE1{dP.Y.dP.dP.D.P.P}$PEPTIDE1,PEPTIDE1,1:R1-7:R2$$$",-6.97500000,ok,,flexible
"PEPTIDE1{dA.T.dP.dP.dP.P.Phe(4-CF3)}$PEPTIDE1,PEPTIDE1,1:R1-7:R2$$$",-8.11100000,ok,,flexible
"PEPTIDE1{A.P.P.dP.dP.dP.D}$PEPTIDE1,PEPTIDE1,1:R1-7:R2$$$",-7.48900000,ok,,flexible
"PEPTIDE1{dF.P.P.P.P.T.D}$PEPTIDE1,PEPTIDE1,1:R1-7:R2$$$",-7.05300000,ok,,flexible
"PEPTIDE1{Me_dA.Mono84.dP.P.dP.dP.dP}$PEPTIDE1,PEPTIDE1,1:R1-7:R2$$$",-8.36600000,ok,,flexible
"PEPTIDE1{P.G.dP.Y.P.P.P}$PEPTIDE1,PEPTIDE1,1:R1-7:R2$$$",-7.38300000,ok,,flexible
"PEPTIDE1{A.F.P.Mono84.dP.P.dP}$PEPTIDE1,PEPTIDE1,1:R1-7:R2$$$",-7.66800000,ok,,flexible
"PEPTIDE1{F.Y.P.P.dP.dP.dP}$PEPTIDE1,PEPTIDE1,1:R1-7:R2$$$",-7.78600000,ok,,flexible
"PEPTIDE1{dA.P.P.P.Phe(4-CF3).dP.dP}$PEPTIDE1,PEPTIDE1,1:R1-7:R2$$$",-7.42700000,ok,,flexible
"PEPTIDE1{Me_dA.P.P.T.dP.P.P}$PEPTIDE1,PEPTIDE1,1:R1-7:R2$$$",-7.14000000,ok,,flexible
"PEPTIDE1{P.dP.Y.P.dP.P.P}$PEPTIDE1,PEPTIDE1,1:R1-7:R2$$$",-8.26900000,ok,,flexible
"PEPTIDE1{F.dP.P.G.dP.P.P}$PEPTIDE1,PEPTIDE1,1:R1-7:R2$$$",-7.45700000,ok,,flexible
"PEPTIDE1{P.P.dP.P.P.dP.P}$PEPTIDE1,PEPTIDE1,1:R1-7:R2$$$",-8.03700000,ok,,flexible
"PEPTIDE1{dF.dP.P.P.P.P.T}$PEPTIDE1,PEPTIDE1,1:R1-7:R2$$$",-7.46900000,ok,,flexible
"PEPTIDE1{Mono6.dP.P.dP.dP.D.T}$PEPTIDE1,PEPTIDE1,1:R1-7:R2$$$",-6.96000000,ok,,flexible
"PEPTIDE1{Me_dA.P.dP.P.P.P.T}$PEPTIDE1,PEPTIDE1,1:R1-7:R2$$$",-7.66400000,ok,,flexible
"PEPTIDE1{dP.G.T.P.P.P.P}$PEPTIDE1,PEPTIDE1,1:R1-7:R2$$$",-7.77200000,ok,,flexible
"PEPTIDE1{dA.F.P.P.P.dP.P}$PEPTIDE1,PEPTIDE1,1:R1-7:R2$$$",-7.39200000,ok,,flexible
"PEPTIDE1{F.dP.P.Mono84.Y.Mono84.dP}$PEPTIDE1,PEPTIDE1,1:R1-7:R2$$$",-7.42900000,ok,,flexible
"PEPTIDE1{A.P.F.P.dP.P.dP}$PEPTIDE1,PEPTIDE1,1:R1-7:R2$$$",-7.42500000,ok,,flexible
"PEPTIDE1{dA.Mono84.dP.P.P.P.dP}$PEPTIDE1,PEPTIDE1,1:R1-7:R2$$$",-7.76400000,ok,,flexible
"PEPTIDE1{A.dP.P.dP.dP.dP.D}$PEPTIDE1,PEPTIDE1,1:R1-7:R2$$$",-7.30900000,ok,,flexible
"PEPTIDE1{A.P.T.P.dP.dP.dP}$PEPTIDE1,PEPTIDE1,1:R1-7:R2$$$",-7.13500000,ok,,flexible
"PEPTIDE1{Me_dA.A.G.P.dP.dP.dP}$PEPTIDE1,PEPTIDE1,1:R1-7:R2$$$",-7.86800000,ok,,flexible
"PEPTIDE1{A.Mono84.P.G.P.P.dP}$PEPTIDE1,PEPTIDE1,1:R1-7:R2$$$",-6.85100000,ok,,flexible
"PEPTIDE1{P.dP.dP.dP.T.dP.P}$PEPTIDE1,PEPTIDE1,1:R1-7:R2$$$",-8.10400000,ok,,flexible
"PEPTIDE1{F.dP.P.D.dP.P.dP}$PEPTIDE1,PEPTIDE1,1:R1-7:R2$$$",-7.24000000,ok,,flexible
"PEPTIDE1{dF.P.P.P.dP.T.dP}$PEPTIDE1,PEPTIDE1,1:R1-7:R2$$$",-6.97800000,ok,,flexible
"PEPTIDE1{dA.P.Phe(4-CF3).dP.P.P.dP}$PEPTIDE1,PEPTIDE1,1:R1-7:R2$$$",-7.62100000,ok,,flexible
"PEPTIDE1{F.dP.dP.P.P.P.P}$PEPTIDE1,PEPTIDE1,1:R1-7:R2$$$",-7.82500000,ok,,flexible
"PEPTIDE1{dP.A.P.dP.P.dP.P}$PEPTIDE1,PEPTIDE1,1:R1-7:R2$$$",-8.07700000,ok,,flexible
"PEPTIDE1{F.dP.P.P.Y.Phe(4-CF3).dP}$PEPTIDE1,PEPTIDE1,1:R1-7:R2$$$",-7.11500000,ok,,flexible
"PEPTIDE1{dP.D.dP.dP.P.T.P}$PEPTIDE1,PEPTIDE1,1:R1-7:R2$$$",-7.86300000,ok,,flexible
"PEPTIDE1{A.P.Mono84.Mono84.dP.dP.dP}$PEPTIDE1,PEPTIDE1,1:R1-7:R2$$$",-7.85000000,ok,,flexible
"PEPTIDE1{Mono6.dP.dP.T.P.P.dP}$PEPTIDE1,PEPTIDE1,1:R1-7:R2$$$",-8.80800000,ok,,flexible
"PEPTIDE1{F.3Pal.G.Mono84.Mono84.dP.P}$PEPTIDE1,PEPTIDE1,1:R1-7:R2$$$",-7.45700000,ok,,flexible
"PEPTIDE1{Mono6.dP.P.dP.P.D.P}$PEPTIDE1,PEPTIDE1,1:R1-7:R2$$$",-7.39300000,ok,,flexible
"PEPTIDE1{Mono6.P.P.dP.P.dP.T}$PEPTIDE1,PEPTIDE1,1:R1-7:R2$$$",-7.80300000,ok,,flexible
"PEPTIDE1{Me_Bal.dP.Mono84.P.D.dP.dP}$PEPTIDE1,PEPTIDE1,1:R1-7:R2$$$",-7.24800000,ok,,flexible
"PEPTIDE1{A.P.dP.P.dP.D.T}$PEPTIDE1,PEPTIDE1,1:R1-7:R2$$$",-6.69600000,ok,,flexible
"PEPTIDE1{dP.dP.D.P.P.P.dP}$PEPTIDE1,PEPTIDE1,1:R1-7:R2$$$",-7.07600000,ok,,flexible
"PEPTIDE1{P.dP.Y.Phe(4-CF3).Y.P.dP}$PEPTIDE1,PEPTIDE1,1:R1-7:R2$$$",-7.68400000,ok,,flexible
"PEPTIDE1{Me_dA.meY.dP.Mono84.dP.T.dP}$PEPTIDE1,PEPTIDE1,1:R1-7:R2$$$",-7.00700000,ok,,flexible
"PEPTIDE1{Me_Bal.Phe(4-CF3).P.dP.P.P.P}$PEPTIDE1,PEPTIDE1,1:R1-7:R2$$$",-7.52900000,ok,,flexible
"PEPTIDE1{Me_dA.P.Y.dP.dP.P.dP}$PEPTIDE1,PEPTIDE1,1:R1-7:R2$$$",-7.64200000,ok,,flexible
"PEPTIDE1{Me_dA.dP.meY.Mono84.P.T.Phe(4-CF3)}$PEPTIDE1,PEPTIDE1,1:R1-7:R2$$$",-8.03000000,ok,,flexible
"PEPTIDE1{A.dP.dP.P.P.T.P}$PEPTIDE1,PEPTIDE1,1:R1-7:R2$$$",-7.24200000,ok,,flexible
"PEPTIDE1{F.G.P.P.dP.dP.P}$PEPTIDE1,PEPTIDE1,1:R1-7:R2$$$",-7.19300000,ok,,flexible
"PEPTIDE1{Me_dA.A.P.dP.P.dP.dP}$PEPTIDE1,PEPTIDE1,1:R1-7:R2$$$",-8.35800000,ok,,flexible
"PEPTIDE1{P.Y.dP.dP.dP.Phe(4-CF3).P}$PEPTIDE1,PEPTIDE1,1:R1-7:R2$$$",-7.20100000,ok,,flexible
"PEPTIDE1{dV.dP.P.dP.D.T.P}$PEPTIDE1,PEPTIDE1,1:R1-7:R2$$$",-6.83600000,ok,,flexible
"PEPTIDE1{meA.P.dP.P.P.dP.P}$PEPTIDE1,PEPTIDE1,1:R1-7:R2$$$",-7.71600000,ok,,flexible
"PEPTIDE1{A.dP.P.G.T.dP.Mono84}$PEPTIDE1,PEPTIDE1,1:R1-7:R2$$$",-7.17800000,ok,,flexible
"PEPTIDE1{Me_dA.Mono84.P.dP.P.P.dP}$PEPTIDE1,PEPTIDE1,1:R1-7:R2$$$",-7.81200000,ok,,flexible
"PEPTIDE1{Mono6.T.dP.dP.P.P.P}$PEPTIDE1,PEPTIDE1,1:R1-7:R2$$$",-7.42400000,ok,,flexible
"PEPTIDE1{dP.G.P.dP.dP.Phe(4-CF3).P}$PEPTIDE1,PEPTIDE1,1:R1-7:R2$$$",-7.84500000,ok,,flexible
"PEPTIDE1{meA.dP.dP.Mono84.P.P.P}$PEPTIDE1,PEPTIDE1,1:R1-7:R2$$$",-7.85400000,ok,,flexible
"PEPTIDE1{Mono6.dP.P.P.dP.dP.Phe(4-CF3)}$PEPTIDE1,PEPTIDE1,1:R1-7:R2$$$",-8.30000000,ok,,flexible
"PEPTIDE1{P.dP.D.dP.P.dP.dP}$PEPTIDE1,PEPTIDE1,1:R1-7:R2$$$",-8.38200000,ok,,flexible
"PEPTIDE1{meA.Phe(4-CF3).dP.P.dP.P.T}$PEPTIDE1,PEPTIDE1,1:R1-7:R2$$$",-7.46300000,ok,,flexible
"PEPTIDE1{P.F.Y.dP.P.P.dP}$PEPTIDE1,PEPTIDE1,1:R1-7:R2$$$",-8.03400000,ok,,flexible
"PEPTIDE1{dV.P.dP.dP.P.dP.T}$PEPTIDE1,PEPTIDE1,1:R1-7:R2$$$",-7.15100000,ok,,flexible
"PEPTIDE1{P.G.dP.Phe(4-CF3).dP.P.dP}$PEPTIDE1,PEPTIDE1,1:R1-7:R2$$$",-8.09600000,ok,,flexible
"PEPTIDE1{Me_dA.dP.Mono84.dP.P.P.P}$PEPTIDE1,PEPTIDE1,1:R1-7:R2$$$",-8.17800000,ok,,flexible
"PEPTIDE1{dP.A.dP.dP.dP.P.D}$PEPTIDE1,PEPTIDE1,1:R1-7:R2$$$",-7.46600000,ok,,flexible
"PEPTIDE1{F.P.G.dP.P.P.dP}$PEPTIDE1,PEPTIDE1,1:R1-7:R2$$$",-8.59400000,ok,,flexible
"PEPTIDE1{Me_Bal.dP.A.P.dP.dP.P}$PEPTIDE1,PEPTIDE1,1:R1-7:R2$$$",-7.29500000,ok,,flexible
"PEPTIDE1{Me_dA.dP.Mono84.D.P.dP.P}$PEPTIDE1,PEPTIDE1,1:R1-7:R2$$$",-7.75500000,ok,,flexible
"PEPTIDE1{Mono6.P.P.P.dP.D.T}$PEPTIDE1,PEPTIDE1,1:R1-7:R2$$$",-7.05800000,ok,,flexible
"PEPTIDE1{Me_dA.dP.Phe(4-CF3).P.G.P.dP}$PEPTIDE1,PEPTIDE1,1:R1-7:R2$$$",-7.46900000,ok,,flexible
"PEPTIDE1{Me_dA.G.Mono84.dP.P.dP.dP}$PEPTIDE1,PEPTIDE1,1:R1-7:R2$$$",-7.26400000,ok,,flexible
"PEPTIDE1{F.P.Mono84.P.dP.P.P}$PEPTIDE1,PEPTIDE1,1:R1-7:R2$$$",-7.73900000,ok,,flexible
"PEPTIDE1{dF.P.P.dP.P.dP.D}$PEPTIDE1,PEPTIDE1,1:R1-7:R2$$$",-7.11600000,ok,,flexible
"PEPTIDE1{dP.F.Phe(4-CF3).P.dP.P.P}$PEPTIDE1,PEPTIDE1,1:R1-7:R2$$$",-7.89400000,ok,,flexible
"PEPTIDE1{Mono6.P.dP.P.dP.D.P}$PEPTIDE1,PEPTIDE1,1:R1-7:R2$$$",-7.17400000,ok,,flexible
"PEPTIDE1{F.Mono84.G.dP.P.P.P}$PEPTIDE1,PEPTIDE1,1:R1-7:R2$$$",-7.41800000,ok,,flexible
"PEPTIDE1{F.cHexCH2_Gly.Mono84.dP.P.P.dP}$PEPTIDE1,PEPTIDE1,1:R1-7:R2$$$",-6.93800000,ok,,flexible
"PEPTIDE1{Me_dA.F.P.Mono84.dP.D.dP}$PEPTIDE1,PEPTIDE1,1:R1-7:R2$$$",-7.44700000,ok,,flexible
"PEPTIDE1{P.dP.F.P.dP.dP.D}$PEPTIDE1,PEPTIDE1,1:R1-7:R2$$$",-6.98000000,ok,,flexible
"PEPTIDE1{dP.dP.P.P.dP.T.P}$PEPTIDE1,PEPTIDE1,1:R1-7:R2$$$",-7.49400000,ok,,flexible
"PEPTIDE1{dF.dP.P.Mono84.P.P.P}$PEPTIDE1,PEPTIDE1,1:R1-7:R2$$$",-8.54400000,ok,,flexible
"PEPTIDE1{dV.P.dP.dP.P.P.dP}$PEPTIDE1,PEPTIDE1,1:R1-7:R2$$$",-7.46300000,ok,,flexible
"PEPTIDE1{dP.dP.P.D.P.P.T}$PEPTIDE1,PEPTIDE1,1:R1-7:R2$$$",-6.72600000,ok,,flexible
"PEPTIDE1{dF.G.dP.Mono84.dP.dP.P}$PEPTIDE1,PEPTIDE1,1:R1-7:R2$$$",-7.65700000,ok,,flexible
"PEPTIDE1{Me_dA.P.dP.dP.P.T.P}$PEPTIDE1,PEPTIDE1,1:R1-7:R2$$$",-7.44400000,ok,,flexible
"PEPTIDE1{dP.P.dP.dP.dP.P.T}$PEPTIDE1,PEPTIDE1,1:R1-7:R2$$$",-7.44600000,ok,,flexible
"PEPTIDE1{dF.Y.Mono84.dP.dP.P.dP}$PEPTIDE1,PEPTIDE1,1:R1-7:R2$$$",-8.00200000,ok,,flexible
"PEPTIDE1{P.Phe(4-CF3).Mono84.P.dP.dP.P}$PEPTIDE1,PEPTIDE1,1:R1-7:R2$$$",-7.62400000,ok,,flexible
"PEPTIDE1{dF.Mono84.Mono84.dP.Mono84.P.P}$PEPTIDE1,PEPTIDE1,1:R1-7:R2$$$",-8.01600000,ok,,flexible
"PEPTIDE1{Me_dA.dP.dP.P.P.P.T}$PEPTIDE1,PEPTIDE1,1:R1-7:R2$$$",-7.24700000,ok,,flexible
"PEPTIDE1{P.G.dP.dP.dP.P.dP}$PEPTIDE1,PEPTIDE1,1:R1-7:R2$$$",-8.14600000,ok,,flexible
"PEPTIDE1{Me_dL.P.dP.dP.P.P.dP}$PEPTIDE1,PEPTIDE1,1:R1-7:R2$$$",-7.17700000,ok,,flexible
"PEPTIDE1{Me_dA.P.A.dP.P.dP.dP}$PEPTIDE1,PEPTIDE1,1:R1-7:R2$$$",-7.78700000,ok,,flexible
"PEPTIDE1{dV.P.dP.P.dP.D.T}$PEPTIDE1,PEPTIDE1,1:R1-7:R2$$$",-6.44400000,ok,,flexible
"PEPTIDE1{A.F.dP.dP.T.Phe(4-CF3).Mono84}$PEPTIDE1,PEPTIDE1,1:R1-7:R2$$$",-6.55100000,ok,,flexible
"PEPTIDE1{dP.F.Phe(4-CF3).dP.dP.dP.P}$PEPTIDE1,PEPTIDE1,1:R1-7:R2$$$",-7.43400000,ok,,flexible
"PEPTIDE1{dF.D.dP.dP.dP.T.Phe(4-CF3)}$PEPTIDE1,PEPTIDE1,1:R1-7:R2$$$",-6.15800000,ok,,flexible
"PEPTIDE1{P.Y.P.dP.dP.dP.T}$PEPTIDE1,PEPTIDE1,1:R1-7:R2$$$",-7.47500000,ok,,flexible
"PEPTIDE1{P.dP.Me_dA.dP.Phe(4-CF3).P.P}$PEPTIDE1,PEPTIDE1,1:R1-7:R2$$$",-8.00400000,ok,,flexible
"PEPTIDE1{P.dP.dP.dP.D.T.P}$PEPTIDE1,PEPTIDE1,1:R1-7:R2$$$",-7.06600000,ok,,flexible
"PEPTIDE1{dV.P.P.P.dP.dP.dP}$PEPTIDE1,PEPTIDE1,1:R1-7:R2$$$",-7.35500000,ok,,flexible
"PEPTIDE1{A.F.P.P.P.P.dP}$PEPTIDE1,PEPTIDE1,1:R1-7:R2$$$",-7.79400000,ok,,flexible
"PEPTIDE1{dA.T.P.dP.P.dP.dP}$PEPTIDE1,PEPTIDE1,1:R1-7:R2$$$",-7.61100000,ok,,flexible
"PEPTIDE1{dA.P.dP.T.Y.dP.P}$PEPTIDE1,PEPTIDE1,1:R1-7:R2$$$",-7.33200000,ok,,flexible
"PEPTIDE1{dF.Mono84.P.P.dP.P.P}$PEPTIDE1,PEPTIDE1,1:R1-7:R2$$$",-7.28700000,ok,,flexible
"PEPTIDE1{F.P.3Pal.Y.dP.P.P}$PEPTIDE1,PEPTIDE1,1:R1-7:R2$$$",-7.18100000,ok,,flexible
"PEPTIDE1{dF.P.Mono84.P.dP.dP.dP}$PEPTIDE1,PEPTIDE1,1:R1-7:R2$$$",-8.13600000,ok,,flexible
"PEPTIDE1{meA.P.P.P.D.T.dP}$PEPTIDE1,PEPTIDE1,1:R1-7:R2$$$",-6.68700000,ok,,flexible
"PEPTIDE1{dA.P.dP.P.P.D.T}$PEPTIDE1,PEPTIDE1,1:R1-7:R2$$$",-7.39800000,ok,,flexible
"PEPTIDE1{dA.P.P.P.dP.P.Phe(4-CF3)}$PEPTIDE1,PEPTIDE1,1:R1-7:R2$$$",-8.28500000,ok,,flexible
"PEPTIDE1{Me_dA.P.dP.dP.P.P.T}$PEPTIDE1,PEPTIDE1,1:R1-7:R2$$$",-7.91600000,ok,,flexible
"PEPTIDE1{Me_dA.P.P.P.dP.D.P}$PEPTIDE1,PEPTIDE1,1:R1-7:R2$$$",-7.10500000,ok,,flexible
"PEPTIDE1{F.Y.dP.P.P.P.P}$PEPTIDE1,PEPTIDE1,1:R1-7:R2$$$",-6.87100000,ok,,flexible
"PEPTIDE1{F.Mono84.dP.dP.dP.P.P}$PEPTIDE1,PEPTIDE1,1:R1-7:R2$$$",-7.32300000,ok,,flexible
"PEPTIDE1{A.F.P.T.dP.dP.P}$PEPTIDE1,PEPTIDE1,1:R1-7:R2$$$",-7.10100000,ok,,flexible
"PEPTIDE1{P.Phe(4-CF3).P.P.dP.P.T}$PEPTIDE1,PEPTIDE1,1:R1-7:R2$$$",-7.43600000,ok,,flexible
"PEPTIDE1{dF.P.Mono84.dP.P.P.P}$PEPTIDE1,PEPTIDE1,1:R1-7:R2$$$",-7.91200000,ok,,flexible
"PEPTIDE1{dV.dP.dP.dP.P.T.P}$PEPTIDE1,PEPTIDE1,1:R1-7:R2$$$",-6.79300000,ok,,flexible
"PEPTIDE1{dF.G.dP.P.dP.P.dP}$PEPTIDE1,PEPTIDE1,1:R1-7:R2$$$",-7.51200000,ok,,flexible
"PEPTIDE1{A.P.dP.dP.T.Phe(4-CF3).dP}$PEPTIDE1,PEPTIDE1,1:R1-7:R2$$$",-7.20700000,ok,,flexible
"PEPTIDE1{Mono6.3Pal.dP.P.dP.P.dP}$PEPTIDE1,PEPTIDE1,1:R1-7:R2$$$",-7.86300000,ok,,flexible
"PEPTIDE1{Me_dA.P.dP.P.dP.P.T}$PEPTIDE1,PEPTIDE1,1:R1-7:R2$$$",-7.58300000,ok,,flexible
"PEPTIDE1{A.F.dP.P.dP.Y.P}$PEPTIDE1,PEPTIDE1,1:R1-7:R2$$$",-7.62300000,ok,,flexible
"PEPTIDE1{P.dP.P.P.D.dP.T}$PEPTIDE1,PEPTIDE1,1:R1-7:R2$$$",-7.11500000,ok,,flexible
"PEPTIDE1{Me_dA.A.dP.Y.Mono84.G.P}$PEPTIDE1,PEPTIDE1,1:R1-7:R2$$$",-7.35600000,ok,,flexible
"PEPTIDE1{dA.P.Mono84.dP.dP.P.P}$PEPTIDE1,PEPTIDE1,1:R1-7:R2$$$",-8.68500000,ok,,flexible
"PEPTIDE1{dA.dP.P.dP.P.T.D}$PEPTIDE1,PEPTIDE1,1:R1-7:R2$$$",-7.28100000,ok,,flexible
"PEPTIDE1{dF.dP.dP.dP.P.T.dP}$PEPTIDE1,PEPTIDE1,1:R1-7:R2$$$",-7.54400000,ok,,flexible
"PEPTIDE1{Me_dA.P.dP.dP.D.dP.P}$PEPTIDE1,PEPTIDE1,1:R1-7:R2$$$",-7.86300000,ok,,flexible
"PEPTIDE1{P.Mono84.G.D.dP.dP.P}$PEPTIDE1,PEPTIDE1,1:R1-7:R2$$$",-7.73100000,ok,,flexible
"PEPTIDE1{dA.P.P.P.Phe(4-CF3).P.T}$PEPTIDE1,PEPTIDE1,1:R1-7:R2$$$",-7.18700000,ok,,flexible
"PEPTIDE1{Mono6.Y.P.P.P.dP.P}$PEPTIDE1,PEPTIDE1,1:R1-7:R2$$$",-7.83000000,ok,,flexible
"PEPTIDE1{meA.Mono84.dP.P.P.P.P}$PEPTIDE1,PEPTIDE1,1:R1-7:R2$$$",-8.15800000,ok,,flexible
"PEPTIDE1{dF.Mono84.P.dP.P.dP.P}$PEPTIDE1,PEPTIDE1,1:R1-7:R2$$$",-7.87300000,ok,,flexible
"PEPTIDE1{F.P.P.dP.D.dP.dP}$PEPTIDE1,PEPTIDE1,1:R1-7:R2$$$",-7.33700000,ok,,flexible
"PEPTIDE1{dP.P.P.dP.P.D.T}$PEPTIDE1,PEPTIDE1,1:R1-7:R2$$$",-7.28600000,ok,,flexible
"PEPTIDE1{F.D.P.P.dP.dP.P}$PEPTIDE1,PEPTIDE1,1:R1-7:R2$$$",-7.60000000,ok,,flexible
"PEPTIDE1{A.Y.dP.Phe(4-CF3).dP.dP.P}$PEPTIDE1,PEPTIDE1,1:R1-7:R2$$$",-7.09100000,ok,,flexible
"PEPTIDE1{Me_dA.Phe(4-CF3).dP.dP.G.P.G}$PEPTIDE1,PEPTIDE1,1:R1-7:R2$$$",-7.66700000,ok,,flexible
"PEPTIDE1{P.T.dP.P.P.dP.P}$PEPTIDE1,PEPTIDE1,1:R1-7:R2$$$",-7.78200000,ok,,flexible
"PEPTIDE1{F.D.dP.P.P.dP.dP}$PEPTIDE1,PEPTIDE1,1:R1-7:R2$$$",-7.40100000,ok,,flexible
"PEPTIDE1{P.P.dP.P.dP.P.D}$PEPTIDE1,PEPTIDE1,1:R1-7:R2$$$",-7.98400000,ok,,flexible
"PEPTIDE1{P.P.P.P.T.P.dP}$PEPTIDE1,PEPTIDE1,1:R1-7:R2$$$",-8.39800000,ok,,flexible
"PEPTIDE1{Me_dA.P.P.P.P.Phe(4-CF3).T}$PEPTIDE1,PEPTIDE1,1:R1-7:R2$$$",-7.21300000,ok,,flexible
"PEPTIDE1{A.P.dP.dP.dP.T.D}$PEPTIDE1,PEPTIDE1,1:R1-7:R2$$$",-7.10700000,ok,,flexible
"PEPTIDE1{A.T.dP.Mono84.P.Phe(4-CF3).P}$PEPTIDE1,PEPTIDE1,1:R1-7:R2$$$",-8.67600000,ok,,flexible
"PEPTIDE1{dV.P.dP.P.dP.P.D}$PEPTIDE1,PEPTIDE1,1:R1-7:R2$$$",-6.88800000,ok,,flexible
"PEPTIDE1{F.dP.Mono84.dP.P.dP.P}$PEPTIDE1,PEPTIDE1,1:R1-7:R2$$$",-7.80500000,ok,,flexible
"PEPTIDE1{dF.cHexCH2_Gly.P.dP.dP.P.dP}$PEPTIDE1,PEPTIDE1,1:R1-7:R2$$$",-7.39800000,ok,,flexible
"PEPTIDE1{F.dP.Phe(4-CF3).P.dP.dP.P}$PEPTIDE1,PEPTIDE1,1:R1-7:R2$$$",-8.50400000,ok,,flexible
"PEPTIDE1{Me_dA.Mono84.dP.Mono84.T.dP.P}$PEPTIDE1,PEPTIDE1,1:R1-7:R2$$$",-7.33300000,ok,,flexible
"PEPTIDE1{Me_dA.P.P.P.P.D.T}$PEPTIDE1,PEPTIDE1,1:R1-7:R2$$$",-7.12800000,ok,,flexible
"PEPTIDE1{P.G.dP.D.P.dP.dP}$PEPTIDE1,PEPTIDE1,1:R1-7:R2$$$",-7.15700000,ok,,flexible
"PEPTIDE1{dA.Mono84.P.dP.dP.P.dP}$PEPTIDE1,PEPTIDE1,1:R1-7:R2$$$",-7.75400000,ok,,flexible
"PEPTIDE1{dA.P.P.P.dP.T.dP}$PEPTIDE1,PEPTIDE1,1:R1-7:R2$$$",-7.62900000,ok,,flexible
"PEPTIDE1{dF.dP.Phe(4-CF3).dP.dP.dP.T}$PEPTIDE1,PEPTIDE1,1:R1-7:R2$$$",-7.71800000,ok,,flexible
"PEPTIDE1{dA.dP.Phe(4-CF3).P.P.dP.P}$PEPTIDE1,PEPTIDE1,1:R1-7:R2$$$",-7.49000000,ok,,flexible
"PEPTIDE1{Mono6.P.P.P.P.D.dP}$PEPTIDE1,PEPTIDE1,1:R1-7:R2$$$",-7.45500000,ok,,flexible
"PEPTIDE1{P.G.Mono84.P.P.dP.P}$PEPTIDE1,PEPTIDE1,1:R1-7:R2$$$",-8.04000000,ok,,flexible
"PEPTIDE1{dA.P.Mono84.T.Y.dP.P}$PEPTIDE1,PEPTIDE1,1:R1-7:R2$$$",-7.14000000,ok,,flexible
"PEPTIDE1{F.T.P.P.P.dP.P}$PEPTIDE1,PEPTIDE1,1:R1-7:R2$$$",-7.17600000,ok,,flexible
"PEPTIDE1{dP.P.P.P.dP.T.P}$PEPTIDE1,PEPTIDE1,1:R1-7:R2$$$",-8.11600000,ok,,flexible
"PEPTIDE1{Me_dA.F.P.dP.P.dP.P}$PEPTIDE1,PEPTIDE1,1:R1-7:R2$$$",-6.95800000,ok,,flexible
"PEPTIDE1{F.dP.Mono84.P.P.T.dP}$PEPTIDE1,PEPTIDE1,1:R1-7:R2$$$",-8.10500000,ok,,flexible
"PEPTIDE1{F.G.Mono84.P.P.P.P}$PEPTIDE1,PEPTIDE1,1:R1-7:R2$$$",-7.63400000,ok,,flexible
"PEPTIDE1{Me_dA.Phe(4-CF3).dP.G.dP.dP.P}$PEPTIDE1,PEPTIDE1,1:R1-7:R2$$$",-7.65900000,ok,,flexible
"PEPTIDE1{Me_Bal.P.dP.P.dP.dP.P}$PEPTIDE1,PEPTIDE1,1:R1-7:R2$$$",-7.50800000,ok,,flexible
"PEPTIDE1{dP.P.dP.dP.P.P.dP}$PEPTIDE1,PEPTIDE1,1:R1-7:R2$$$",-8.90600000,ok,,flexible
"PEPTIDE1{P.G.D.P.P.dP.dP}$PEPTIDE1,PEPTIDE1,1:R1-7:R2$$$",-7.25200000,ok,,flexible
"PEPTIDE1{dF.dP.P.T.dP.P.dP}$PEPTIDE1,PEPTIDE1,1:R1-7:R2$$$",-7.52900000,ok,,flexible
"PEPTIDE1{Me_dA.P.Y.P.dP.P.P}$PEPTIDE1,PEPTIDE1,1:R1-7:R2$$$",-7.52100000,ok,,flexible
"PEPTIDE1{Mono6.D.P.dP.P.P.P}$PEPTIDE1,PEPTIDE1,1:R1-7:R2$$$",-7.09900000,ok,,flexible
"PEPTIDE1{dP.dP.dP.P.dP.T.D}$PEPTIDE1,PEPTIDE1,1:R1-7:R2$$$",-7.44200000,ok,,flexible
"PEPTIDE1{P.G.dP.dP.P.P.dP}$PEPTIDE1,PEPTIDE1,1:R1-7:R2$$$",-7.95400000,ok,,flexible
"PEPTIDE1{dP.G.P.Y.P.P.dP}$PEPTIDE1,PEPTIDE1,1:R1-7:R2$$$",-7.59800000,ok,,flexible
"PEPTIDE1{meA.dP.P.dP.P.P.dP}$PEPTIDE1,PEPTIDE1,1:R1-7:R2$$$",-7.87400000,ok,,flexible
"PEPTIDE1{A.dP.dP.dP.Phe(4-CF3).P.T}$PEPTIDE1,PEPTIDE1,1:R1-7:R2$$$",-7.40100000,ok,,flexible
"PEPTIDE1{Me_dA.P.Mono84.P.dP.dP.dP}$PEPTIDE1,PEPTIDE1,1:R1-7:R2$$$",-7.58700000,ok,,flexible
"PEPTIDE1{dP.P.dP.P.dP.T.D}$PEPTIDE1,PEPTIDE1,1:R1-7:R2$$$",-6.73500000,ok,,flexible
"PEPTIDE1{P.G.dP.P.dP.P.dP}$PEPTIDE1,PEPTIDE1,1:R1-7:R2$$$",-7.53500000,ok,,flexible
"PEPTIDE1{dA.dP.T.dP.D.P.P}$PEPTIDE1,PEPTIDE1,1:R1-7:R2$$$",-6.70400000,ok,,flexible
"PEPTIDE1{dA.G.P.P.dP.P.P}$PEPTIDE1,PEPTIDE1,1:R1-7:R2$$$",22.99900000,ok,,flexible
"PEPTIDE1{F.T.dP.P.dP.P.dP}$PEPTIDE1,PEPTIDE1,1:R1-7:R2$$$",-7.77500000,ok,,flexible
"PEPTIDE1{dF.P.dP.P.P.T.dP}$PEPTIDE1,PEPTIDE1,1:R1-7:R2$$$",-7.15100000,ok,,flexible
"PEPTIDE1{dV.dP.dP.P.P.D.P}$PEPTIDE1,PEPTIDE1,1:R1-7:R2$$$",-7.22400000,ok,,flexible
"PEPTIDE1{P.Y.P.P.dP.dP.D}$PEPTIDE1,PEPTIDE1,1:R1-7:R2$$$",-6.97200000,ok,,flexible
"PEPTIDE1{P.A.P.dP.P.P.P}$PEPTIDE1,PEPTIDE1,1:R1-7:R2$$$",-7.84100000,ok,,flexible
"PEPTIDE1{dP.P.dP.dP.P.dP.P}$PEPTIDE1,PEPTIDE1,1:R1-7:R2$$$",-8.11500000,ok,,flexible
"PEPTIDE1{F.dP.dP.P.dP.P.Mono84}$PEPTIDE1,PEPTIDE1,1:R1-7:R2$$$",-8.88000000,ok,,flexible
"PEPTIDE1{dA.P.T.dP.dP.dP.dP}$PEPTIDE1,PEPTIDE1,1:R1-7:R2$$$",-7.57900000,ok,,flexible
"PEPTIDE1{F.dP.dP.P.dP.T.Phe(4-CF3)}$PEPTIDE1,PEPTIDE1,1:R1-7:R2$$$",-7.71200000,ok,,flexible
"PEPTIDE1{Me_dA.Y.Mono84.Asp_piperidide.P.dP.G}$PEPTIDE1,PEPTIDE1,1:R1-7:R2$$$",-6.85400000,ok,,flexible
"PEPTIDE1{dP.P.meY.dP.P.P.dP}$PEPTIDE1,PEPTIDE1,1:R1-7:R2$$$",-7.41400000,ok,,flexible
"PEPTIDE1{P.dP.Mono84.dP.dP.dP.T}$PEPTIDE1,PEPTIDE1,1:R1-7:R2$$$",-7.32300000,ok,,flexible
"PEPTIDE1{Mono6.dP.P.G.Mono84.P.P}$PEPTIDE1,PEPTIDE1,1:R1-7:R2$$$",-7.77000000,ok,,flexible
"PEPTIDE1{P.G.Phe(4-CF3).dP.dP.dP.T}$PEPTIDE1,PEPTIDE1,1:R1-7:R2$$$",-7.65900000,ok,,flexible
"PEPTIDE1{Me_dA.T.dP.P.P.dP.dP}$PEPTIDE1,PEPTIDE1,1:R1-7:R2$$$",-7.74800000,ok,,flexible
"PEPTIDE1{dA.P.G.dP.dP.dP.dP}$PEPTIDE1,PEPTIDE1,1:R1-7:R2$$$",-7.91000000,ok,,flexible
"PEPTIDE1{dA.Y.P.dP.dP.dP.P}$PEPTIDE1,PEPTIDE1,1:R1-7:R2$$$",-8.12700000,ok,,flexible
"PEPTIDE1{Me_dA.F.Mono84.G.P.dP.dP}$PEPTIDE1,PEPTIDE1,1:R1-7:R2$$$",-7.40100000,ok,,flexible
"PEPTIDE1{Me_Bal.dP.dP.P.P.P.dP}$PEPTIDE1,PEPTIDE1,1:R1-7:R2$$$",-8.21900000,ok,,flexible
"PEPTIDE1{Me_dA.dP.F.Mono84.T.Y.P}$PEPTIDE1,PEPTIDE1,1:R1-7:R2$$$",-7.43700000,ok,,flexible
"PEPTIDE1{dA.G.dP.P.P.dP.P}$PEPTIDE1,PEPTIDE1,1:R1-7:R2$$$",-7.26500000,ok,,flexible
"PEPTIDE1{A.F.Mono84.dP.dP.dP.P}$PEPTIDE1,PEPTIDE1,1:R1-7:R2$$$",-7.46000000,ok,,flexible
"PEPTIDE1{Me_dA.G.P.dP.dP.dP.dP}$PEPTIDE1,PEPTIDE1,1:R1-7:R2$$$",-7.97600000,ok,,flexible
"PEPTIDE1{P.P.dP.P.dP.T.P}$PEPTIDE1,PEPTIDE1,1:R1-7:R2$$$",-7.47800000,ok,,flexible
"PEPTIDE1{Me_dA.P.Mono84.dP.P.P.dP}$PEPTIDE1,PEPTIDE1,1:R1-7:R2$$$",-7.60100000,ok,,flexible
"PEPTIDE1{F.G.T.P.dP.P.dP}$PEPTIDE1,PEPTIDE1,1:R1-7:R2$$$",-7.50900000,ok,,flexible
"PEPTIDE1{F.G.P.dP.P.P.dP}$PEPTIDE1,PEPTIDE1,1:R1-7:R2$$$",-7.55000000,ok,,flexible
"PEPTIDE1{dP.A.dP.dP.dP.T.P}$PEPTIDE1,PEPTIDE1,1:R1-7:R2$$$",-8.28100000,ok,,flexible
"PEPTIDE1{A.dP.P.dP.T.D.Phe(4-CF3)}$PEPTIDE1,PEPTIDE1,1:R1-7:R2$$$",-7.47800000,ok,,flexible
"PEPTIDE1{meA.P.dP.dP.P.P.D}$PEPTIDE1,PEPTIDE1,1:R1-7:R2$$$",-7.11200000,ok,,flexible
"PEPTIDE1{Mono6.3Pal.Mono84.dP.dP.P.dP}$PEPTIDE1,PEPTIDE1,1:R1-7:R2$$$",-7.66400000,ok,,flexible
"PEPTIDE1{dV.P.dP.dP.P.P.D}$PEPTIDE1,PEPTIDE1,1:R1-7:R2$$$",-6.86000000,ok,,flexible
"PEPTIDE1{P.dP.Phe(4-CF3).P.dP.dP.dP}$PEPTIDE1,PEPTIDE1,1:R1-7:R2$$$",-8.30600000,ok,,flexible
"PEPTIDE1{dF.Mono84.P.P.dP.dP.dP}$PEPTIDE1,PEPTIDE1,1:R1-7:R2$$$",-8.09800000,ok,,flexible
"PEPTIDE1{Me_dA.Mono84.dP.dP.P.dP.P}$PEPTIDE1,PEPTIDE1,1:R1-7:R2$$$",-8.38300000,ok,,flexible
"PEPTIDE1{P.dP.F.A.P.P.dP}$PEPTIDE1,PEPTIDE1,1:R1-7:R2$$$",-8.38000000,ok,,flexible
"PEPTIDE1{Me_Bal.dP.Mono84.dP.Mono84.P.T}$PEPTIDE1,PEPTIDE1,1:R1-7:R2$$$",-7.59600000,ok,,flexible
"PEPTIDE1{dF.Mono84.P.dP.dP.P.dP}$PEPTIDE1,PEPTIDE1,1:R1-7:R2$$$",-7.90700000,ok,,flexible
"PEPTIDE1{P.Y.dP.dP.P.dP.D}$PEPTIDE1,PEPTIDE1,1:R1-7:R2$$$",-7.27800000,ok,,flexible
"PEPTIDE1{dA.cHexCH2_Gly.P.P.dP.dP.dP}$PEPTIDE1,PEPTIDE1,1:R1-7:R2$$$",-7.40100000,ok,,flexible
"PEPTIDE1{dF.P.P.dP.P.dP.T}$PEPTIDE1,PEPTIDE1,1:R1-7:R2$$$",-7.40100000,ok,,flexible
"PEPTIDE1{dP.G.dP.dP.Phe(4-CF3).T.D}$PEPTIDE1,PEPTIDE1,1:R1-7:R2$$$",-7.00700000,ok,,flexible
"PEPTIDE1{dP.P.P.P.dP.P.P}$PEPTIDE1,PEPTIDE1,1:R1-7:R2$$$",-8.05000000,ok,,flexible
"PEPTIDE1{dP.P.P.dP.T.D.dP}$PEPTIDE1,PEPTIDE1,1:R1-7:R2$$$",-7.48300000,ok,,flexible
"PEPTIDE1{dV.dP.P.dP.D.P.P}$PEPTIDE1,PEPTIDE1,1:R1-7:R2$$$",-7.07400000,ok,,flexible
"PEPTIDE1{P.A.dP.dP.P.P.dP}$PEPTIDE1,PEPTIDE1,1:R1-7:R2$$$",-8.24700000,ok,,flexible
"PEPTIDE1{dP.P.P.dP.T.P.D}$PEPTIDE1,PEPTIDE1,1:R1-7:R2$$$",-7.38700000,ok,,flexible
"PEPTIDE1{P.Me_dA.dP.dP.P.P.P}$PEPTIDE1,PEPTIDE1,1:R1-7:R2$$$",-8.02800000,ok,,flexible
"PEPTIDE1{P.F.F.Phe(4-CF3).T.dP.P}$PEPTIDE1,PEPTIDE1,1:R1-7:R2$$$",-6.99200000,ok,,flexible
"PEPTIDE1{dA.Me_dL.dP.dP.P.P.P}$PEPTIDE1,PEPTIDE1,1:R1-7:R2$$$",-7.46300000,ok,,flexible
"PEPTIDE1{A.P.dP.dP.dP.P.dP}$PEPTIDE1,PEPTIDE1,1:R1-7:R2$$$",-8.19500000,ok,,flexible
"PEPTIDE1{A.Mono84.P.dP.dP.dP.dP}$PEPTIDE1,PEPTIDE1,1:R1-7:R2$$$",-7.64200000,ok,,flexible
"PEPTIDE1{dA.F.dP.P.Mono84.dP.P}$PEPTIDE1,PEPTIDE1,1:R1-7:R2$$$",-7.26600000,ok,,flexible
"PEPTIDE1{P.F.Y.Mono84.P.dP.P}$PEPTIDE1,PEPTIDE1,1:R1-7:R2$$$",-7.24500000,ok,,flexible
"PEPTIDE1{Me_Bal.Phe(4-CF3).dP.P.P.P.dP}$PEPTIDE1,PEPTIDE1,1:R1-7:R2$$$",-7.53900000,ok,,flexible
"PEPTIDE1{dP.P.dP.dP.dP.T.Phe(4-CF3)}$PEPTIDE1,PEPTIDE1,1:R1-7:R2$$$",-7.52800000,ok,,flexible
"PEPTIDE1{A.P.dP.dP.P.dP.Phe(4-CF3)}$PEPTIDE1,PEPTIDE1,1:R1-7:R2$$$",-7.00800000,ok,,flexible
"PEPTIDE1{Me_dA.Y.dP.P.dP.dP.T}$PEPTIDE1,PEPTIDE1,1:R1-7:R2$$$",-7.53400000,ok,,flexible
"PEPTIDE1{F.P.T.P.dP.P.dP}$PEPTIDE1,PEPTIDE1,1:R1-7:R2$$$",-7.16800000,ok,,flexible
"PEPTIDE1{A.T.dP.dP.P.P.P}$PEPTIDE1,PEPTIDE1,1:R1-7:R2$$$",-7.26700000,ok,,flexible
"PEPTIDE1{A.P.dP.dP.dP.Phe(4-CF3).T}$PEPTIDE1,PEPTIDE1,1:R1-7:R2$$$",-7.15400000,ok,,flexible
"PEPTIDE1{dP.P.P.P.P.dP.D}$PEPTIDE1,PEPTIDE1,1:R1-7:R2$$$",-7.58500000,ok,,flexible
"PEPTIDE1{dF.dP.P.dP.P.P.D}$PEPTIDE1,PEPTIDE1,1:R1-7:R2$$$",-7.36400000,ok,,flexible
"PEPTIDE1{dA.dP.dP.P.P.D.dP}$PEPTIDE1,PEPTIDE1,1:R1-7:R2$$$",-7.67200000,ok,,flexible
"PEPTIDE1{Me_dA.Phe(4-CF3).P.P.P.dP.P}$PEPTIDE1,PEPTIDE1,1:R1-7:R2$$$",-8.02100000,ok,,flexible
"PEPTIDE1{Me_dA.G.dP.T.P.P.dP}$PEPTIDE1,PEPTIDE1,1:R1-7:R2$$$",-7.46400000,ok,,flexible
"PEPTIDE1{dP.P.Y.P.dP.dP.dP}$PEPTIDE1,PEPTIDE1,1:R1-7:R2$$$",-7.52700000,ok,,flexible
"PEPTIDE1{Me_dA.G.Y.P.dP.dP.P}$PEPTIDE1,PEPTIDE1,1:R1-7:R2$$$",-8.18100000,ok,,flexible
"PEPTIDE1{P.dP.Phe(4-CF3).dP.G.P.P}$PEPTIDE1,PEPTIDE1,1:R1-7:R2$$$",-7.98300000,ok,,flexible
"PEPTIDE1{dA.P.P.dP.P.D.P}$PEPTIDE1,PEPTIDE1,1:R1-7:R2$$$",-6.87400000,ok,,flexible
"PEPTIDE1{P.Mono84.P.P.P.P.dP}$PEPTIDE1,PEPTIDE1,1:R1-7:R2$$$",-7.79500000,ok,,flexible
"PEPTIDE1{dP.P.dP.P.P.P.D}$PEPTIDE1,PEPTIDE1,1:R1-7:R2$$$",-7.73600000,ok,,flexible
"PEPTIDE1{A.P.Phe(4-CF3).dP.P.dP.P}$PEPTIDE1,PEPTIDE1,1:R1-7:R2$$$",-7.57300000,ok,,flexible
"PEPTIDE1{Mono6.dP.P.dP.P.P.T}$PEPTIDE1,PEPTIDE1,1:R1-7:R2$$$",-8.00200000,ok,,flexible
"PEPTIDE1{dP.P.P.dP.dP.dP.P}$PEPTIDE1,PEPTIDE1,1:R1-7:R2$$$",-8.26800000,ok,,flexible
"PEPTIDE1{P.Me_dA.dP.meY.dP.dP.P}$PEPTIDE1,PEPTIDE1,1:R1-7:R2$$$",-8.05400000,ok,,flexible
"PEPTIDE1{dF.P.D.dP.P.dP.P}$PEPTIDE1,PEPTIDE1,1:R1-7:R2$$$",-7.27600000,ok,,flexible
"PEPTIDE1{dV.P.dP.dP.D.T.dP}$PEPTIDE1,PEPTIDE1,1:R1-7:R2$$$",-6.79800000,ok,,flexible
"PEPTIDE1{P.P.dP.P.P.P.T}$PEPTIDE1,PEPTIDE1,1:R1-7:R2$$$",-7.46500000,ok,,flexible
"PEPTIDE1{F.G.T.Mono84.P.dP.P}$PEPTIDE1,PEPTIDE1,1:R1-7:R2$$$",-6.25200000,ok,,flexible
"PEPTIDE1{A.dP.F.Y.dP.P.P}$PEPTIDE1,PEPTIDE1,1:R1-7:R2$$$",-6.58600000,ok,,flexible
"PEPTIDE1{F.P.Y.P.P.dP.dP}$PEPTIDE1,PEPTIDE1,1:R1-7:R2$$$",-7.54500000,ok,,flexible
"PEPTIDE1{meA.dP.P.Mono84.dP.Y.P}$PEPTIDE1,PEPTIDE1,1:R1-7:R2$$$",-7.42400000,ok,,flexible
"PEPTIDE1{A.dP.dP.T.dP.D.Phe(4-CF3)}$PEPTIDE1,PEPTIDE1,1:R1-7:R2$$$",-6.61800000,ok,,flexible
"PEPTIDE1{P.Y.dP.P.P.P.dP}$PEPTIDE1,PEPTIDE1,1:R1-7:R2$$$",-7.51300000,ok,,flexible
"PEPTIDE1{P.Y.P.Mono84.P.P.dP}$PEPTIDE1,PEPTIDE1,1:R1-7:R2$$$",-7.49200000,ok,,flexible
"PEPTIDE1{P.Mono6.P.dP.dP.P.dP}$PEPTIDE1,PEPTIDE1,1:R1-7:R2$$$",-7.92200000,ok,,flexible
"PEPTIDE1{P.P.G.T.dP.P.dP}$PEPTIDE1,PEPTIDE1,1:R1-7:R2$$$",-7.05600000,ok,,flexible
"PEPTIDE1{P.G.P.P.dP.P.P}$PEPTIDE1,PEPTIDE1,1:R1-7:R2$$$",-8.10000000,ok,,flexible
"PEPTIDE1{dA.dP.Mono84.Phe(4-CF3).P.P.dP}$PEPTIDE1,PEPTIDE1,1:R1-7:R2$$$",-7.80200000,ok,,flexible
"PEPTIDE1{dP.dP.dP.Phe(4-CF3).D.P.T}$PEPTIDE1,PEPTIDE1,1:R1-7:R2$$$",-6.67800000,ok,,flexible
"PEPTIDE1{Me_Bal.P.Mono84.P.Mono84.dP.dP}$PEPTIDE1,PEPTIDE1,1:R1-7:R2$$$",-9.13800000,ok,,flexible
"PEPTIDE1{A.dP.Mono84.Phe(4-CF3).P.dP.dP}$PEPTIDE1,PEPTIDE1,1:R1-7:R2$$$",-7.69200000,ok,,flexible
"PEPTIDE1{Me_dA.P.Mono84.dP.P.D.dP}$PEPTIDE1,PEPTIDE1,1:R1-7:R2$$$",-7.43700000,ok,,flexible
"PEPTIDE1{Mono6.dP.P.Mono84.P.dP.dP}$PEPTIDE1,PEPTIDE1,1:R1-7:R2$$$",-7.63200000,ok,,flexible
"PEPTIDE1{F.dP.G.P.P.P.dP}$PEPTIDE1,PEPTIDE1,1:R1-7:R2$$$",-7.85500000,ok,,flexible
"PEPTIDE1{L.dP.dP.dP.P.P.T}$PEPTIDE1,PEPTIDE1,1:R1-7:R2$$$",-7.13800000,ok,,flexible
"PEPTIDE1{Me_dA.P.Mono84.dP.dP.dP.dP}$PEPTIDE1,PEPTIDE1,1:R1-7:R2$$$",-8.04200000,ok,,flexible
"PEPTIDE1{A.dP.dP.T.D.P.P}$PEPTIDE1,PEPTIDE1,1:R1-7:R2$$$",-6.75800000,ok,,flexible
"PEPTIDE1{F.P.Mono84.P.Mono84.3Pal.T}$PEPTIDE1,PEPTIDE1,1:R1-7:R2$$$",-7.52400000,ok,,flexible
"PEPTIDE1{F.G.P.P.dP.P.P}$PEPTIDE1,PEPTIDE1,1:R1-7:R2$$$",-7.62200000,ok,,flexible
"PEPTIDE1{P.A.dP.P.dP.dP.P}$PEPTIDE1,PEPTIDE1,1:R1-7:R2$$$",-7.96500000,ok,,flexible
"PEPTIDE1{P.meY.P.P.dP.P.T}$PEPTIDE1,PEPTIDE1,1:R1-7:R2$$$",-7.62300000,ok,,flexible
"PEPTIDE1{F.dP.G.Phe(4-CF3).dP.P.P}$PEPTIDE1,PEPTIDE1,1:R1-7:R2$$$",-8.81600000,ok,,flexible
"PEPTIDE1{A.G.Mono84.dP.P.dP.P}$PEPTIDE1,PEPTIDE1,1:R1-7:R2$$$",-7.59100000,ok,,flexible
"PEPTIDE1{dV.P.dP.dP.dP.P.T}$PEPTIDE1,PEPTIDE1,1:R1-7:R2$$$",-7.02500000,ok,,flexible
"PEPTIDE1{A.Phe(4-CF3).P.dP.P.dP.P}$PEPTIDE1,PEPTIDE1,1:R1-7:R2$$$",-7.54400000,ok,,flexible
"PEPTIDE1{dA.Mono84.dP.P.dP.dP.dP}$PEPTIDE1,PEPTIDE1,1:R1-7:R2$$$",-7.97500000,ok,,flexible
"PEPTIDE1{dF.P.dP.dP.P.D.P}$PEPTIDE1,PEPTIDE1,1:R1-7:R2$$$",-7.05600000,ok,,flexible
"PEPTIDE1{P.Mono6.G.dP.T.Mono84.dP}$PEPTIDE1,PEPTIDE1,1:R1-7:R2$$$",-8.08600000,ok,,flexible
"PEPTIDE1{Me_dA.A.P.dP.dP.Phe(4-CF3).T}$PEPTIDE1,PEPTIDE1,1:R1-7:R2$$$",-8.47200000,ok,,flexible
"PEPTIDE1{Me_dA.dP.dP.P.P.T.P}$PEPTIDE1,PEPTIDE1,1:R1-7:R2$$$",-7.36600000,ok,,flexible
"PEPTIDE1{F.Y.Mono84.P.P.dP.P}$PEPTIDE1,PEPTIDE1,1:R1-7:R2$$$",-7.33500000,ok,,flexible
"PEPTIDE1{A.P.Mono84.dP.P.dP.dP}$PEPTIDE1,PEPTIDE1,1:R1-7:R2$$$",-7.67800000,ok,,flexible
"PEPTIDE1{dP.dP.dP.T.D.P.P}$PEPTIDE1,PEPTIDE1,1:R1-7:R2$$$",-8.00200000,ok,,flexible
"PEPTIDE1{dA.F.P.dP.P.dP.Y}$PEPTIDE1,PEPTIDE1,1:R1-7:R2$$$",-7.29100000,ok,,flexible
"PEPTIDE1{dA.dP.dP.Phe(4-CF3).P.P.dP}$PEPTIDE1,PEPTIDE1,1:R1-7:R2$$$",-8.75400000,ok,,flexible
"PEPTIDE1{dA.P.dP.dP.T.dP.P}$PEPTIDE1,PEPTIDE1,1:R1-7:R2$$$",-7.95000000,ok,,flexible
"PEPTIDE1{Me_Bal.F.Mono84.dP.dP.P.dP}$PEPTIDE1,PEPTIDE1,1:R1-7:R2$$$",-7.19600000,ok,,flexible
"PEPTIDE1{F.dP.G.Mono84.P.T.Y}$PEPTIDE1,PEPTIDE1,1:R1-7:R2$$$",-6.66500000,ok,,flexible
"PEPTIDE1{dA.P.P.3Pal.dP.Mono84.dP}$PEPTIDE1,PEPTIDE1,1:R1-7:R2$$$",-8.20000000,ok,,flexible
"PEPTIDE1{Me_dA.Y.G.dP.P.P.P}$PEPTIDE1,PEPTIDE1,1:R1-7:R2$$$",-7.51500000,ok,,flexible
"PEPTIDE1{Me_dA.P.G.G.Mono84.dP.P}$PEPTIDE1,PEPTIDE1,1:R1-7:R2$$$",-7.66600000,ok,,flexible
"PEPTIDE1{dP.Me_dA.G.dP.Y.P.dP}$PEPTIDE1,PEPTIDE1,1:R1-7:R2$$$",-7.64300000,ok,,flexible
"PEPTIDE1{P.Y.Y.dP.P.P.P}$PEPTIDE1,PEPTIDE1,1:R1-7:R2$$$",-7.21700000,ok,,flexible
"PEPTIDE1{A.P.P.P.P.T.P}$PEPTIDE1,PEPTIDE1,1:R1-7:R2$$$",-7.69900000,ok,,flexible
"PEPTIDE1{P.dP.P.P.dP.dP.T}$PEPTIDE1,PEPTIDE1,1:R1-7:R2$$$",-7.77900000,ok,,flexible
"PEPTIDE1{dP.P.Y.dP.P.P.dP}$PEPTIDE1,PEPTIDE1,1:R1-7:R2$$$",-8.40000000,ok,,flexible
"PEPTIDE1{P.P.P.P.dP.T.D}$PEPTIDE1,PEPTIDE1,1:R1-7:R2$$$",-6.74000000,ok,,flexible
"PEPTIDE1{A.dP.P.P.P.dP.Phe(4-CF3)}$PEPTIDE1,PEPTIDE1,1:R1-7:R2$$$",-8.24100000,ok,,flexible
"PEPTIDE1{Me_dA.P.dP.dP.D.P.P}$PEPTIDE1,PEPTIDE1,1:R1-7:R2$$$",-7.03600000,ok,,flexible
"PEPTIDE1{A.P.Y.Y.dP.dP.P}$PEPTIDE1,PEPTIDE1,1:R1-7:R2$$$",-7.75700000,ok,,flexible
"PEPTIDE1{dA.G.dP.dP.P.dP.P}$PEPTIDE1,PEPTIDE1,1:R1-7:R2$$$",-7.44200000,ok,,flexible
"PEPTIDE1{Mono6.P.P.P.P.Y.dP}$PEPTIDE1,PEPTIDE1,1:R1-7:R2$$$",-7.44400000,ok,,flexible
"PEPTIDE1{A.dP.F.dP.Y.Mono84.T}$PEPTIDE1,PEPTIDE1,1:R1-7:R2$$$",-7.46500000,ok,,flexible
"PEPTIDE1{F.P.G.Mono84.dP.dP.dP}$PEPTIDE1,PEPTIDE1,1:R1-7:R2$$$",-7.71000000,ok,,flexible
"PEPTIDE1{dP.F.dP.Mono84.dP.T.P}$PEPTIDE1,PEPTIDE1,1:R1-7:R2$$$",-7.86000000,ok,,flexible
"PEPTIDE1{A.dP.G.P.P.dP.dP}$PEPTIDE1,PEPTIDE1,1:R1-7:R2$$$",-7.82800000,ok,,flexible
"PEPTIDE1{dF.dP.G.dP.Mono84.P.dP}$PEPTIDE1,PEPTIDE1,1:R1-7:R2$$$",-7.19500000,ok,,flexible
"PEPTIDE1{dF.dP.dP.P.dP.dP.T}$PEPTIDE1,PEPTIDE1,1:R1-7:R2$$$",-6.93600000,ok,,flexible
"PEPTIDE1{P.dP.dP.dP.dP.T.P}$PEPTIDE1,PEPTIDE1,1:R1-7:R2$$$",-7.74200000,ok,,flexible
"PEPTIDE1{F.Y.Phe(4-CF3).P.dP.dP.P}$PEPTIDE1,PEPTIDE1,1:R1-7:R2$$$",-8.30600000,ok,,flexible
"PEPTIDE1{dF.dP.dP.dP.T.P.dP}$PEPTIDE1,PEPTIDE1,1:R1-7:R2$$$",-7.86300000,ok,,flexible
"PEPTIDE1{Me_Bal.F.G.P.dP.Mono84.D}$PEPTIDE1,PEPTIDE1,1:R1-7:R2$$$",-7.10600000,ok,,flexible
"PEPTIDE1{dA.dP.dP.dP.P.dP.T}$PEPTIDE1,PEPTIDE1,1:R1-7:R2$$$",-7.26100000,ok,,flexible
"PEPTIDE1{P.T.F.G.dP.P.Phe(4-CF3)}$PEPTIDE1,PEPTIDE1,1:R1-7:R2$$$",-7.15500000,ok,,flexible
"PEPTIDE1{A.P.dP.dP.D.P.T}$PEPTIDE1,PEPTIDE1,1:R1-7:R2$$$",-6.83600000,ok,,flexible
"PEPTIDE1{dP.dP.dP.P.D.T.Phe(4-CF3)}$PEPTIDE1,PEPTIDE1,1:R1-7:R2$$$",-7.22000000,ok,,flexible
"PEPTIDE1{F.dP.P.Phe(4-CF3).P.P.P}$PEPTIDE1,PEPTIDE1,1:R1-7:R2$$$",-8.31200000,ok,,flexible
"PEPTIDE1{Mono6.P.P.dP.P.T.dP}$PEPTIDE1,PEPTIDE1,1:R1-7:R2$$$",-7.26800000,ok,,flexible
"PEPTIDE1{dA.P.F.G.Y.dP.Mono84}$PEPTIDE1,PEPTIDE1,1:R1-7:R2$$$",-7.48400000,ok,,flexible
"PEPTIDE1{dA.F.dP.P.P.dP.P}$PEPTIDE1,PEPTIDE1,1:R1-7:R2$$$",-7.51000000,ok,,flexible
"PEPTIDE1{Me_dA.dP.Y.P.dP.P.dP}$PEPTIDE1,PEPTIDE1,1:R1-7:R2$$$",-7.65100000,ok,,flexible
"PEPTIDE1{P.A.dP.dP.dP.T.dP}$PEPTIDE1,PEPTIDE1,1:R1-7:R2$$$",-6.90000000,ok,,flexible
"PEPTIDE1{meA.P.P.P.P.D.T}$PEPTIDE1,PEPTIDE1,1:R1-7:R2$$$",-6.76300000,ok,,flexible
"PEPTIDE1{F.dP.3Pal.P.dP.dP.dP}$PEPTIDE1,PEPTIDE1,1:R1-7:R2$$$",-7.07100000,ok,,flexible
"PEPTIDE1{P.Y.P.P.dP.dP.P}$PEPTIDE1,PEPTIDE1,1:R1-7:R2$$$",-7.15800000,ok,,flexible
"PEPTIDE1{A.P.dP.dP.dP.dP.T}$PEPTIDE1,PEPTIDE1,1:R1-7:R2$$$",-7.45300000,ok,,flexible
"PEPTIDE1{Me_dA.3Pal.Mono84.P.dP.dP.dP}$PEPTIDE1,PEPTIDE1,1:R1-7:R2$$$",-7.66800000,ok,,flexible
"PEPTIDE1{dA.Mono84.P.dP.P.dP.dP}$PEPTIDE1,PEPTIDE1,1:R1-7:R2$$$",-7.82100000,ok,,flexible
"PEPTIDE1{dF.G.dP.P.dP.dP.dP}$PEPTIDE1,PEPTIDE1,1:R1-7:R2$$$",-7.71100000,ok,,flexible
"PEPTIDE1{Me_dA.T.dP.dP.dP.P.P}$PEPTIDE1,PEPTIDE1,1:R1-7:R2$$$",-7.88400000,ok,,flexible
"PEPTIDE1{F.T.Phe(4-CF3).P.P.dP.P}$PEPTIDE1,PEPTIDE1,1:R1-7:R2$$$",-6.72200000,ok,,flexible
"PEPTIDE1{P.Y.Phe(4-CF3).P.dP.P.dP}$PEPTIDE1,PEPTIDE1,1:R1-7:R2$$$",-7.64700000,ok,,flexible
"PEPTIDE1{Me_dA.P.dP.P.dP.D.P}$PEPTIDE1,PEPTIDE1,1:R1-7:R2$$$",-7.08800000,ok,,flexible
"PEPTIDE1{Mono6.dP.dP.dP.dP.D.P}$PEPTIDE1,PEPTIDE1,1:R1-7:R2$$$",-7.49600000,ok,,flexible
"PEPTIDE1{Mono6.P.dP.Mono84.P.dP.T}$PEPTIDE1,PEPTIDE1,1:R1-7:R2$$$",-7.27600000,ok,,flexible
"PEPTIDE1{F.P.Mono84.dP.P.dP.dP}$PEPTIDE1,PEPTIDE1,1:R1-7:R2$$$",-6.97800000,ok,,flexible
"PEPTIDE1{F.P.Mono84.Mono84.dP.dP.dP}$PEPTIDE1,PEPTIDE1,1:R1-7:R2$$$",-8.26100000,ok,,flexible
"PEPTIDE1{F.3Pal.dP.Mono84.D.dP.dP}$PEPTIDE1,PEPTIDE1,1:R1-7:R2$$$",-6.87200000,ok,,flexible
"PEPTIDE1{A.dP.dP.P.dP.Phe(4-CF3).P}$PEPTIDE1,PEPTIDE1,1:R1-7:R2$$$",-7.67800000,ok,,flexible
"PEPTIDE1{Mono6.P.dP.dP.T.P.dP}$PEPTIDE1,PEPTIDE1,1:R1-7:R2$$$",-7.04200000,ok,,flexible
"PEPTIDE1{P.F.T.P.P.dP.dP}$PEPTIDE1,PEPTIDE1,1:R1-7:R2$$$",-7.76000000,ok,,flexible
"PEPTIDE1{Mono6.Y.dP.P.P.dP.P}$PEPTIDE1,PEPTIDE1,1:R1-7:R2$$$",-7.48500000,ok,,flexible
"PEPTIDE1{dF.G.P.dP.P.dP.dP}$PEPTIDE1,PEPTIDE1,1:R1-7:R2$$$",-7.88200000,ok,,flexible
"PEPTIDE1{Me_dA.G.dP.P.T.dP.dP}$PEPTIDE1,PEPTIDE1,1:R1-7:R2$$$",-7.90600000,ok,,flexible
"PEPTIDE1{dA.dP.dP.P.dP.P.D}$PEPTIDE1,PEPTIDE1,1:R1-7:R2$$$",-7.39700000,ok,,flexible
"PEPTIDE1{Me_Bal.P.Y.Mono84.T.Mono84.dP}$PEPTIDE1,PEPTIDE1,1:R1-7:R2$$$",-7.46800000,ok,,flexible
"PEPTIDE1{dP.D.dP.dP.P.P.P}$PEPTIDE1,PEPTIDE1,1:R1-7:R2$$$",-7.21600000,ok,,flexible
"PEPTIDE1{A.L.Phe(4-CF3).dP.dP.dP.dP}$PEPTIDE1,PEPTIDE1,1:R1-7:R2$$$",-7.45900000,ok,,flexible
"PEPTIDE1{Me_dA.dP.P.Phe(4-CF3).dP.dP.P}$PEPTIDE1,PEPTIDE1,1:R1-7:R2$$$",-7.12900000,ok,,flexible
"PEPTIDE1{F.Y.dP.P.P.P.dP}$PEPTIDE1,PEPTIDE1,1:R1-7:R2$$$",-7.09600000,ok,,flexible
"PEPTIDE1{F.P.P.P.dP.P.Phe(4-CF3)}$PEPTIDE1,PEPTIDE1,1:R1-7:R2$$$",-7.88100000,ok,,flexible
"PEPTIDE1{F.Mono84.Mono84.dP.P.P.dP}$PEPTIDE1,PEPTIDE1,1:R1-7:R2$$$",-8.15500000,ok,,flexible
"PEPTIDE1{F.P.P.P.P.dP.Phe(4-CF3)}$PEPTIDE1,PEPTIDE1,1:R1-7:R2$$$",-7.29500000,ok,,flexible
"PEPTIDE1{dA.dP.dP.P.D.dP.T}$PEPTIDE1,PEPTIDE1,1:R1-7:R2$$$",-7.26400000,ok,,flexible
"PEPTIDE1{F.P.3Pal.dP.dP.dP.P}$PEPTIDE1,PEPTIDE1,1:R1-7:R2$$$",-7.71900000,ok,,flexible
"PEPTIDE1{L.dP.P.P.dP.P.dP}$PEPTIDE1,PEPTIDE1,1:R1-7:R2$$$",-7.32100000,ok,,flexible
"PEPTIDE1{P.dP.T.dP.P.P.dP}$PEPTIDE1,PEPTIDE1,1:R1-7:R2$$$",-7.31400000,ok,,flexible
"PEPTIDE1{P.A.Me_dA.P.Y.dP.dP}$PEPTIDE1,PEPTIDE1,1:R1-7:R2$$$",-6.99700000,ok,,flexible
"PEPTIDE1{Mono6.F.T.Mono84.P.Y.P}$PEPTIDE1,PEPTIDE1,1:R1-7:R2$$$",-7.59000000,ok,,flexible
"PEPTIDE1{Me_dA.dP.dP.T.dP.P.Phe(4-CF3)}$PEPTIDE1,PEPTIDE1,1:R1-7:R2$$$",-7.16000000,ok,,flexible
"PEPTIDE1{Me_dA.F.dP.dP.P.Mono84.P}$PEPTIDE1,PEPTIDE1,1:R1-7:R2$$$",-7.75100000,ok,,flexible
"PEPTIDE1{dV.P.P.P.P.dP.D}$PEPTIDE1,PEPTIDE1,1:R1-7:R2$$$",-7.01600000,ok,,flexible
"PEPTIDE1{dV.P.P.P.D.dP.dP}$PEPTIDE1,PEPTIDE1,1:R1-7:R2$$$",-6.91900000,ok,,flexible
"PEPTIDE1{dF.Mono84.T.dP.P.P.P}$PEPTIDE1,PEPTIDE1,1:R1-7:R2$$$",-7.13000000,ok,,flexible
"PEPTIDE1{dV.P.P.P.D.dP.T}$PEPTIDE1,PEPTIDE1,1:R1-7:R2$$$",-6.43500000,ok,,flexible
"PEPTIDE1{dF.3Pal.P.P.P.P.dP}$PEPTIDE1,PEPTIDE1,1:R1-7:R2$$$",-6.62900000,ok,,flexible
"PEPTIDE1{A.dP.P.Y.P.dP.dP}$PEPTIDE1,PEPTIDE1,1:R1-7:R2$$$",-7.61100000,ok,,flexible
"PEPTIDE1{meA.P.D.P.P.dP.dP}$PEPTIDE1,PEPTIDE1,1:R1-7:R2$$$",-7.01100000,ok,,flexible
"PEPTIDE1{dF.dP.P.dP.dP.P.D}$PEPTIDE1,PEPTIDE1,1:R1-7:R2$$$",-7.31500000,ok,,flexible
"PEPTIDE1{dF.F.dP.Mono84.P.dP.P}$PEPTIDE1,PEPTIDE1,1:R1-7:R2$$$",-7.59300000,ok,,flexible
"PEPTIDE1{Me_Bal.Y.P.dP.dP.dP.P}$PEPTIDE1,PEPTIDE1,1:R1-7:R2$$$",-7.74600000,ok,,flexible
"PEPTIDE1{dP.meY.Mono84.P.P.P.dP}$PEPTIDE1,PEPTIDE1,1:R1-7:R2$$$",-7.34300000,ok,,flexible
"PEPTIDE1{Me_dA.F.dP.P.dP.dP.dP}$PEPTIDE1,PEPTIDE1,1:R1-7:R2$$$",-8.20500000,ok,,flexible
"PEPTIDE1{Me_dA.F.Mono84.3Pal.Y.dP.P}$PEPTIDE1,PEPTIDE1,1:R1-7:R2$$$",-6.88400000,ok,,flexible
"PEPTIDE1{Me_dA.Mono84.dP.P.P.dP.P}$PEPTIDE1,PEPTIDE1,1:R1-7:R2$$$",-7.60100000,ok,,flexible
"PEPTIDE1{P.F.Phe(4-CF3).P.P.dP.P}$PEPTIDE1,PEPTIDE1,1:R1-7:R2$$$",-8.13900000,ok,,flexible
"PEPTIDE1{dF.P.T.dP.P.dP.dP}$PEPTIDE1,PEPTIDE1,1:R1-7:R2$$$",-6.73900000,ok,,flexible
"PEPTIDE1{Mono6.P.dP.dP.P.T.P}$PEPTIDE1,PEPTIDE1,1:R1-7:R2$$$",-7.41300000,ok,,flexible
"PEPTIDE1{A.T.P.dP.P.dP.dP}$PEPTIDE1,PEPTIDE1,1:R1-7:R2$$$",-7.19700000,ok,,flexible
"PEPTIDE1{Mono6.Phe(4-CF3).P.P.dP.P.P}$PEPTIDE1,PEPTIDE1,1:R1-7:R2$$$",-7.68700000,ok,,flexible
"PEPTIDE1{F.cHexCH2_Gly.Mono84.P.dP.P.dP}$PEPTIDE1,PEPTIDE1,1:R1-7:R2$$$",-7.25000000,ok,,flexible
"PEPTIDE1{P.Y.dP.dP.dP.P.dP}$PEPTIDE1,PEPTIDE1,1:R1-7:R2$$$",-7.69700000,ok,,flexible
"PEPTIDE1{Me_dA.P.P.Y.T.Mono84.P}$PEPTIDE1,PEPTIDE1,1:R1-7:R2$$$",-7.42600000,ok,,flexible
"PEPTIDE1{Mono6.dP.dP.P.dP.T.P}$PEPTIDE1,PEPTIDE1,1:R1-7:R2$$$",-6.97700000,ok,,flexible
"PEPTIDE1{F.P.T.dP.P.dP.dP}$PEPTIDE1,PEPTIDE1,1:R1-7:R2$$$",-7.68300000,ok,,flexible
"PEPTIDE1{A.Mono84.Y.T.dP.P.dP}$PEPTIDE1,PEPTIDE1,1:R1-7:R2$$$",-7.45100000,ok,,flexible
"PEPTIDE1{Me_dA.P.T.dP.dP.P.P}$PEPTIDE1,PEPTIDE1,1:R1-7:R2$$$",-7.34400000,ok,,flexible
"PEPTIDE1{P.P.P.dP.D.dP.P}$PEPTIDE1,PEPTIDE1,1:R1-7:R2$$$",-7.57600000,ok,,flexible
"PEPTIDE1{P.Phe(4-CF3).P.P.P.dP.T}$PEPTIDE1,PEPTIDE1,1:R1-7:R2$$$",-7.18000000,ok,,flexible
"PEPTIDE1{A.Phe(4-CF3).dP.P.dP.dP.dP}$PEPTIDE1,PEPTIDE1,1:R1-7:R2$$$",-8.61600000,ok,,flexible
"PEPTIDE1{Me_dA.P.Y.dP.dP.dP.P}$PEPTIDE1,PEPTIDE1,1:R1-7:R2$$$",-7.01900000,ok,,flexible
"PEPTIDE1{A.Mono84.dP.P.P.dP.P}$PEPTIDE1,PEPTIDE1,1:R1-7:R2$$$",-8.22800000,ok,,flexible
"PEPTIDE1{Me_dA.Y.Mono84.dP.dP.dP.P}$PEPTIDE1,PEPTIDE1,1:R1-7:R2$$$",-7.46500000,ok,,flexible
"PEPTIDE1{Me_dA.dP.P.dP.D.T.dP}$PEPTIDE1,PEPTIDE1,1:R1-7:R2$$$",-7.19300000,ok,,flexible
"PEPTIDE1{meA.P.dP.dP.P.P.dP}$PEPTIDE1,PEPTIDE1,1:R1-7:R2$$$",-7.96000000,ok,,flexible
"PEPTIDE1{dA.dP.P.P.dP.T.P}$PEPTIDE1,PEPTIDE1,1:R1-7:R2$$$",-7.58300000,ok,,flexible
"PEPTIDE1{meA.P.P.P.dP.dP.dP}$PEPTIDE1,PEPTIDE1,1:R1-7:R2$$$",-8.02700000,ok,,flexible
"PEPTIDE1{A.dP.dP.D.P.P.T}$PEPTIDE1,PEPTIDE1,1:R1-7:R2$$$",-7.60500000,ok,,flexible
"PEPTIDE1{Mono6.3Pal.dP.Mono84.P.dP.dP}$PEPTIDE1,PEPTIDE1,1:R1-7:R2$$$",-7.73000000,ok,,flexible
"PEPTIDE1{Me_dA.G.P.Mono84.dP.P.dP}$PEPTIDE1,PEPTIDE1,1:R1-7:R2$$$",-8.24700000,ok,,flexible
"PEPTIDE1{meA.meL.P.P.P.P.dP}$PEPTIDE1,PEPTIDE1,1:R1-7:R2$$$",-6.97300000,ok,,flexible
"PEPTIDE1{F.Y.3Pal.Mono84.P.dP.P}$PEPTIDE1,PEPTIDE1,1:R1-7:R2$$$",-8.58200000,ok,,flexible
"PEPTIDE1{P.F.Y.dP.D.dP.dP}$PEPTIDE1,PEPTIDE1,1:R1-7:R2$$$",-6.96900000,ok,,flexible
"PEPTIDE1{dF.dP.P.Mono84.Mono84.P.Y}$PEPTIDE1,PEPTIDE1,1:R1-7:R2$$$",-7.85500000,ok,,flexible
"PEPTIDE1{A.G.P.P.dP.dP.P}$PEPTIDE1,PEPTIDE1,1:R1-7:R2$$$",-7.76700000,ok,,flexible
"PEPTIDE1{F.T.P.dP.P.P.P}$PEPTIDE1,PEPTIDE1,1:R1-7:R2$$$",-7.48300000,ok,,flexible
"PEPTIDE1{Me_dA.dP.P.P.P.Phe(4-CF3).dP}$PEPTIDE1,PEPTIDE1,1:R1-7:R2$$$",-8.36800000,ok,,flexible
"PEPTIDE1{dF.P.dP.dP.D.dP.P}$PEPTIDE1,PEPTIDE1,1:R1-7:R2$$$",-7.88900000,ok,,flexible
"PEPTIDE1{meA.dP.Mono84.dP.dP.T.P}$PEPTIDE1,PEPTIDE1,1:R1-7:R2$$$",-7.33100000,ok,,flexible
"PEPTIDE1{F.dP.Y.P.P.P.dP}$PEPTIDE1,PEPTIDE1,1:R1-7:R2$$$",-7.74600000,ok,,flexible
"PEPTIDE1{Mono6.P.dP.P.dP.dP.Y}$PEPTIDE1,PEPTIDE1,1:R1-7:R2$$$",-7.52900000,ok,,flexible
"PEPTIDE1{dF.P.dP.P.P.dP.T}$PEPTIDE1,PEPTIDE1,1:R1-7:R2$$$",-7.62900000,ok,,flexible
"PEPTIDE1{A.dP.P.dP.P.T.D}$PEPTIDE1,PEPTIDE1,1:R1-7:R2$$$",-6.59800000,ok,,flexible
"PEPTIDE1{dF.G.Mono84.D.P.P.dP}$PEPTIDE1,PEPTIDE1,1:R1-7:R2$$$",-7.28300000,ok,,flexible
"PEPTIDE1{P.P.dP.P.dP.T.D}$PEPTIDE1,PEPTIDE1,1:R1-7:R2$$$",-8.01000000,ok,,flexible
"PEPTIDE1{dP.Phe(4-CF3).P.P.dP.P.P}$PEPTIDE1,PEPTIDE1,1:R1-7:R2$$$",-7.54500000,ok,,flexible
"PEPTIDE1{dF.dP.dP.dP.D.P.T}$PEPTIDE1,PEPTIDE1,1:R1-7:R2$$$",-7.78100000,ok,,flexible
"PEPTIDE1{dA.F.P.D.dP.dP.dP}$PEPTIDE1,PEPTIDE1,1:R1-7:R2$$$",-7.08800000,ok,,flexible
"PEPTIDE1{P.P.P.dP.dP.D.dP}$PEPTIDE1,PEPTIDE1,1:R1-7:R2$$$",-7.03800000,ok,,flexible
"PEPTIDE1{F.P.P.P.P.P.T}$PEPTIDE1,PEPTIDE1,1:R1-7:R2$$$",-6.98000000,ok,,flexible
"PEPTIDE1{Me_dA.dP.P.dP.Phe(4-CF3).P.T}$PEPTIDE1,PEPTIDE1,1:R1-7:R2$$$",-7.44400000,ok,,flexible
"PEPTIDE1{Mono6.P.P.P.P.P.dP}$PEPTIDE1,PEPTIDE1,1:R1-7:R2$$$",-7.38600000,ok,,flexible
"PEPTIDE1{P.dP.F.Phe(4-CF3).dP.P.dP}$PEPTIDE1,PEPTIDE1,1:R1-7:R2$$$",-7.37100000,ok,,flexible
"PEPTIDE1{Me_Bal.A.dP.P.P.P.dP}$PEPTIDE1,PEPTIDE1,1:R1-7:R2$$$",-7.62400000,ok,,flexible
"PEPTIDE1{F.3Pal.dP.P.dP.P.dP}$PEPTIDE1,PEPTIDE1,1:R1-7:R2$$$",-7.24300000,ok,,flexible
"PEPTIDE1{F.G.P.P.dP.dP.dP}$PEPTIDE1,PEPTIDE1,1:R1-7:R2$$$",-7.61500000,ok,,flexible
"PEPTIDE1{F.P.G.P.Y.dP.dP}$PEPTIDE1,PEPTIDE1,1:R1-7:R2$$$",-7.82900000,ok,,flexible
"PEPTIDE1{Mono6.dP.dP.T.P.P.P}$PEPTIDE1,PEPTIDE1,1:R1-7:R2$$$",-7.22500000,ok,,flexible
"PEPTIDE1{dA.P.dP.dP.P.D.P}$PEPTIDE1,PEPTIDE1,1:R1-7:R2$$$",-7.30700000,ok,,flexible
"PEPTIDE1{Me_dA.dP.P.dP.P.D.P}$PEPTIDE1,PEPTIDE1,1:R1-7:R2$$$",-6.97300000,ok,,flexible
"PEPTIDE1{P.D.dP.P.P.dP.P}$PEPTIDE1,PEPTIDE1,1:R1-7:R2$$$",-7.25600000,ok,,flexible
"PEPTIDE1{F.P.dP.Mono84.P.P.P}$PEPTIDE1,PEPTIDE1,1:R1-7:R2$$$",-7.80700000,ok,,flexible
"PEPTIDE1{A.dP.T.dP.P.dP.P}$PEPTIDE1,PEPTIDE1,1:R1-7:R2$$$",-7.25000000,ok,,flexible
"PEPTIDE1{dP.Y.dP.P.P.P.dP}$PEPTIDE1,PEPTIDE1,1:R1-7:R2$$$",-8.01000000,ok,,flexible
"PEPTIDE1{A.P.P.P.D.dP.T}$PEPTIDE1,PEPTIDE1,1:R1-7:R2$$$",-7.00900000,ok,,flexible
"PEPTIDE1{Me_dA.Mono84.Phe(4-CF3).dP.P.P.P}$PEPTIDE1,PEPTIDE1,1:R1-7:R2$$$",-8.11200000,ok,,flexible
"PEPTIDE1{P.P.A.dP.F.Phe(4-CF3).dP}$PEPTIDE1,PEPTIDE1,1:R1-7:R2$$$",-8.40200000,ok,,flexible
"PEPTIDE1{F.P.dP.Mono84.P.P.dP}$PEPTIDE1,PEPTIDE1,1:R1-7:R2$$$",-8.01000000,ok,,flexible
"PEPTIDE1{dV.dP.dP.P.dP.T.D}$PEPTIDE1,PEPTIDE1,1:R1-7:R2$$$",-6.65800000,ok,,flexible
"PEPTIDE1{A.dP.G.F.Y.Mono84.P}$PEPTIDE1,PEPTIDE1,1:R1-7:R2$$$",-7.10400000,ok,,flexible
"PEPTIDE1{F.dP.Mono84.P.P.P.dP}$PEPTIDE1,PEPTIDE1,1:R1-7:R2$$$",-7.58700000,ok,,flexible
"PEPTIDE1{Mono6.P.T.dP.dP.dP.Y}$PEPTIDE1,PEPTIDE1,1:R1-7:R2$$$",-7.31500000,ok,,flexible
"PEPTIDE1{Me_dA.F.G.Mono84.dP.P.P}$PEPTIDE1,PEPTIDE1,1:R1-7:R2$$$",-7.34400000,ok,,flexible
"PEPTIDE1{dF.T.P.P.P.P.dP}$PEPTIDE1,PEPTIDE1,1:R1-7:R2$$$",-7.38500000,ok,,flexible
"PEPTIDE1{A.dP.Phe(4-CF3).P.P.P.P}$PEPTIDE1,PEPTIDE1,1:R1-7:R2$$$",-7.80000000,ok,,flexible
"PEPTIDE1{L.P.P.dP.dP.D.P}$PEPTIDE1,PEPTIDE1,1:R1-7:R2$$$",-6.94800000,ok,,flexible
"PEPTIDE1{P.G.dP.T.dP.P.P}$PEPTIDE1,PEPTIDE1,1:R1-7:R2$$$",-7.60700000,ok,,flexible
"PEPTIDE1{A.P.dP.T.dP.P.P}$PEPTIDE1,PEPTIDE1,1:R1-7:R2$$$",-7.85400000,ok,,flexible
"PEPTIDE1{dA.G.Y.3Pal.G.P.dP}$PEPTIDE1,PEPTIDE1,1:R1-7:R2$$$",-6.79800000,ok,,flexible
"PEPTIDE1{P.Mono84.P.P.dP.P.dP}$PEPTIDE1,PEPTIDE1,1:R1-7:R2$$$",-8.43900000,ok,,flexible
"PEPTIDE1{P.dP.P.P.D.dP.dP}$PEPTIDE1,PEPTIDE1,1:R1-7:R2$$$",-7.08800000,ok,,flexible
"PEPTIDE1{A.G.dP.dP.P.P.dP}$PEPTIDE1,PEPTIDE1,1:R1-7:R2$$$",-7.90500000,ok,,flexible
"PEPTIDE1{dP.dP.P.dP.D.P.T}$PEPTIDE1,PEPTIDE1,1:R1-7:R2$$$",-7.31100000,ok,,flexible
"PEPTIDE1{A.Mono84.Y.T.Phe(4-CF3).dP.Mono84}$PEPTIDE1,PEPTIDE1,1:R1-7:R2$$$",-7.06500000,ok,,flexible
"PEPTIDE1{P.Y.dP.dP.dP.D.T}$PEPTIDE1,PEPTIDE1,1:R1-7:R2$$$",-6.77100000,ok,,flexible
"PEPTIDE1{dP.P.dP.dP.T.dP.P}$PEPTIDE1,PEPTIDE1,1:R1-7:R2$$$",-7.91500000,ok,,flexible
"PEPTIDE1{Me_dA.A.Mono84.dP.P.dP.dP}$PEPTIDE1,PEPTIDE1,1:R1-7:R2$$$",-7.98400000,ok,,flexible
"PEPTIDE1{P.dP.dP.dP.P.dP.dP}$PEPTIDE1,PEPTIDE1,1:R1-7:R2$$$",-7.95200000,ok,,flexible
"PEPTIDE1{Me_dA.A.dP.dP.dP.P.dP}$PEPTIDE1,PEPTIDE1,1:R1-7:R2$$$",-7.60000000,ok,,flexible
"PEPTIDE1{A.G.P.dP.Y.P.P}$PEPTIDE1,PEPTIDE1,1:R1-7:R2$$$",-7.51500000,ok,,flexible
"PEPTIDE1{A.P.P.P.T.P.D}$PEPTIDE1,PEPTIDE1,1:R1-7:R2$$$",-7.12200000,ok,,flexible
"PEPTIDE1{Me_dA.dP.P.dP.T.dP.P}$PEPTIDE1,PEPTIDE1,1:R1-7:R2$$$",-7.64600000,ok,,flexible
"PEPTIDE1{dP.dP.Y.dP.P.P.P}$PEPTIDE1,PEPTIDE1,1:R1-7:R2$$$",-7.92200000,ok,,flexible
"PEPTIDE1{F.dP.dP.P.dP.P.D}$PEPTIDE1,PEPTIDE1,1:R1-7:R2$$$",-6.90600000,ok,,flexible
"PEPTIDE1{F.Y.3Pal.P.dP.P.dP}$PEPTIDE1,PEPTIDE1,1:R1-7:R2$$$",-6.63300000,ok,,flexible
"PEPTIDE1{A.G.T.P.P.P.dP}$PEPTIDE1,PEPTIDE1,1:R1-7:R2$$$",-7.96000000,ok,,flexible
"PEPTIDE1{Me_Bal.G.T.dP.P.P.dP}$PEPTIDE1,PEPTIDE1,1:R1-7:R2$$$",-7.22200000,ok,,flexible
"PEPTIDE1{A.dP.F.Mono84.P.Y.dP}$PEPTIDE1,PEPTIDE1,1:R1-7:R2$$$",-7.25800000,ok,,flexible
"PEPTIDE1{P.Mono84.P.Mono84.3Pal.dP.dP}$PEPTIDE1,PEPTIDE1,1:R1-7:R2$$$",-6.82600000,ok,,flexible
"PEPTIDE1{dP.meY.dP.P.P.dP.T}$PEPTIDE1,PEPTIDE1,1:R1-7:R2$$$",-7.41100000,ok,,flexible
"PEPTIDE1{dF.P.Mono84.dP.P.dP.P}$PEPTIDE1,PEPTIDE1,1:R1-7:R2$$$",-8.12300000,ok,,flexible
"PEPTIDE1{Me_dA.P.dP.G.F.Mono84.Phe(4-CF3)}$PEPTIDE1,PEPTIDE1,1:R1-7:R2$$$",-7.15500000,ok,,flexible
"PEPTIDE1{F.3Pal.P.P.P.dP.dP}$PEPTIDE1,PEPTIDE1,1:R1-7:R2$$$",-6.93000000,ok,,flexible
"PEPTIDE1{Me_dA.P.dP.dP.P.D.T}$PEPTIDE1,PEPTIDE1,1:R1-7:R2$$$",-6.91100000,ok,,flexible
"PEPTIDE1{A.P.F.Mono84.dP.P.dP}$PEPTIDE1,PEPTIDE1,1:R1-7:R2$$$",-8.01000000,ok,,flexible
"PEPTIDE1{dV.P.dP.dP.P.P.T}$PEPTIDE1,PEPTIDE1,1:R1-7:R2$$$",-6.77300000,ok,,flexible
"PEPTIDE1{F.T.P.dP.Mono84.dP.Mono84}$PEPTIDE1,PEPTIDE1,1:R1-7:R2$$$",-6.96700000,ok,,flexible
"PEPTIDE1{A.D.dP.dP.P.P.P}$PEPTIDE1,PEPTIDE1,1:R1-7:R2$$$",-6.94400000,ok,,flexible
"PEPTIDE1{Me_dA.P.P.dP.Phe(4-CF3).G.dP}$PEPTIDE1,PEPTIDE1,1:R1-7:R2$$$",-7.46300000,ok,,flexible
"PEPTIDE1{dF.dP.dP.P.dP.P.Phe(4-CF3)}$PEPTIDE1,PEPTIDE1,1:R1-7:R2$$$",-7.52600000,ok,,flexible
"PEPTIDE1{Me_dA.A.Mono84.dP.P.P.dP}$PEPTIDE1,PEPTIDE1,1:R1-7:R2$$$",-8.03500000,ok,,flexible
"PEPTIDE1{dP.Y.dP.P.dP.P.P}$PEPTIDE1,PEPTIDE1,1:R1-7:R2$$$",-8.15800000,ok,,flexible
"PEPTIDE1{F.Mono84.Mono84.T.G.dP.dP}$PEPTIDE1,PEPTIDE1,1:R1-7:R2$$$",-8.18200000,ok,,flexible
"PEPTIDE1{F.3Pal.P.dP.P.dP.dP}$PEPTIDE1,PEPTIDE1,1:R1-7:R2$$$",-6.99900000,ok,,flexible
"PEPTIDE1{dA.D.dP.P.dP.dP.P}$PEPTIDE1,PEPTIDE1,1:R1-7:R2$$$",-8.05100000,ok,,flexible
"PEPTIDE1{F.P.dP.dP.Mono84.dP.P}$PEPTIDE1,PEPTIDE1,1:R1-7:R2$$$",-7.43700000,ok,,flexible
"PEPTIDE1{Mono6.Mono84.dP.Mono84.P.P.P}$PEPTIDE1,PEPTIDE1,1:R1-7:R2$$$",-7.35400000,ok,,flexible
"PEPTIDE1{dA.dP.P.Phe(4-CF3).Y.P.P}$PEPTIDE1,PEPTIDE1,1:R1-7:R2$$$",-7.51800000,ok,,flexible
"PEPTIDE1{dA.F.Y.P.dP.dP.P}$PEPTIDE1,PEPTIDE1,1:R1-7:R2$$$",-7.53900000,ok,,flexible
"PEPTIDE1{P.Mono84.dP.Mono84.P.D.P}$PEPTIDE1,PEPTIDE1,1:R1-7:R2$$$",-7.23400000,ok,,flexible
"PEPTIDE1{dV.dP.dP.dP.P.P.P}$PEPTIDE1,PEPTIDE1,1:R1-7:R2$$$",-7.47300000,ok,,flexible
"PEPTIDE1{P.T.A.Mono84.P.dP.dP}$PEPTIDE1,PEPTIDE1,1:R1-7:R2$$$",-8.11300000,ok,,flexible
"PEPTIDE1{Me_dA.F.P.Phe(4-CF3).dP.P.dP}$PEPTIDE1,PEPTIDE1,1:R1-7:R2$$$",-7.34700000,ok,,flexible
"PEPTIDE1{Mono6.dP.dP.P.dP.P.D}$PEPTIDE1,PEPTIDE1,1:R1-7:R2$$$",-6.80100000,ok,,flexible
"PEPTIDE1{dF.P.dP.dP.dP.P.D}$PEPTIDE1,PEPTIDE1,1:R1-7:R2$$$",-7.00000000,ok,,flexible
"PEPTIDE1{Me_dA.F.G.Mono84.P.T.dP}$PEPTIDE1,PEPTIDE1,1:R1-7:R2$$$",-6.83300000,ok,,flexible
"PEPTIDE1{Me_dA.dP.meY.P.dP.P.P}$PEPTIDE1,PEPTIDE1,1:R1-7:R2$$$",-7.97500000,ok,,flexible
"PEPTIDE1{A.F.F.Mono84.G.P.dP}$PEPTIDE1,PEPTIDE1,1:R1-7:R2$$$",-6.97300000,ok,,flexible
"PEPTIDE1{P.Y.Mono84.3Pal.dP.G.P}$PEPTIDE1,PEPTIDE1,1:R1-7:R2$$$",-7.52600000,ok,,flexible
"PEPTIDE1{dA.P.P.dP.dP.T.P}$PEPTIDE1,PEPTIDE1,1:R1-7:R2$$$",-7.50700000,ok,,flexible
"PEPTIDE1{Me_dA.G.Y.dP.P.dP.dP}$PEPTIDE1,PEPTIDE1,1:R1-7:R2$$$",-7.61000000,ok,,flexible
"PEPTIDE1{dA.Mono84.dP.P.P.dP.dP}$PEPTIDE1,PEPTIDE1,1:R1-7:R2$$$",-7.59000000,ok,,flexible
"PEPTIDE1{dF.G.Mono84.P.P.dP.P}$PEPTIDE1,PEPTIDE1,1:R1-7:R2$$$",-7.59900000,ok,,flexible
"PEPTIDE1{A.P.dP.dP.P.P.D}$PEPTIDE1,PEPTIDE1,1:R1-7:R2$$$",-7.09200000,ok,,flexible
"PEPTIDE1{dA.dP.dP.P.P.T.D}$PEPTIDE1,PEPTIDE1,1:R1-7:R2$$$",-6.52900000,ok,,flexible
"PEPTIDE1{dA.P.Phe(4-CF3).dP.P.dP.P}$PEPTIDE1,PEPTIDE1,1:R1-7:R2$$$",-7.78900000,ok,,flexible
"PEPTIDE1{A.P.P.P.D.dP.P}$PEPTIDE1,PEPTIDE1,1:R1-7:R2$$$",-7.35600000,ok,,flexible
"PEPTIDE1{Me_dA.P.P.dP.P.P.D}$PEPTIDE1,PEPTIDE1,1:R1-7:R2$$$",-7.36900000,ok,,flexible
"PEPTIDE1{Me_dA.Y.dP.dP.dP.Phe(4-CF3).P}$PEPTIDE1,PEPTIDE1,1:R1-7:R2$$$",-7.55300000,ok,,flexible
"PEPTIDE1{F.P.P.Phe(4-CF3).P.dP.dP}$PEPTIDE1,PEPTIDE1,1:R1-7:R2$$$",-7.69300000,ok,,flexible
"PEPTIDE1{Me_dA.F.G.dP.dP.G.P}$PEPTIDE1,PEPTIDE1,1:R1-7:R2$$$",-7.04700000,ok,,flexible
"PEPTIDE1{P.dP.P.P.dP.D.P}$PEPTIDE1,PEPTIDE1,1:R1-7:R2$$$",-8.00400000,ok,,flexible
"PEPTIDE1{A.F.dP.P.dP.dP.P}$PEPTIDE1,PEPTIDE1,1:R1-7:R2$$$",-7.34400000,ok,,flexible
"PEPTIDE1{P.G.F.Y.G.dP.Mono84}$PEPTIDE1,PEPTIDE1,1:R1-7:R2$$$",-8.07700000,ok,,flexible
"PEPTIDE1{dF.T.P.P.P.dP.dP}$PEPTIDE1,PEPTIDE1,1:R1-7:R2$$$",-7.68800000,ok,,flexible
"PEPTIDE1{A.dP.G.dP.P.P.Y}$PEPTIDE1,PEPTIDE1,1:R1-7:R2$$$",-7.28700000,ok,,flexible
"PEPTIDE1{F.meL.dP.dP.T.dP.P}$PEPTIDE1,PEPTIDE1,1:R1-7:R2$$$",-6.26700000,ok,,flexible
"PEPTIDE1{P.G.A.dP.dP.dP.P}$PEPTIDE1,PEPTIDE1,1:R1-7:R2$$$",-7.80900000,ok,,flexible
"PEPTIDE1{P.P.P.P.dP.D.T}$PEPTIDE1,PEPTIDE1,1:R1-7:R2$$$",-7.14100000,ok,,flexible
"PEPTIDE1{Me_dA.Mono84.Y.P.Mono84.dP.P}$PEPTIDE1,PEPTIDE1,1:R1-7:R2$$$",-7.64400000,ok,,flexible
"PEPTIDE1{dF.Mono84.G.Mono84.dP.P.dP}$PEPTIDE1,PEPTIDE1,1:R1-7:R2$$$",-8.24500000,ok,,flexible
"PEPTIDE1{Me_dA.F.Y.P.P.P.dP}$PEPTIDE1,PEPTIDE1,1:R1-7:R2$$$",-7.01400000,ok,,flexible
"PEPTIDE1{Mono6.dP.dP.dP.D.P.P}$PEPTIDE1,PEPTIDE1,1:R1-7:R2$$$",-7.49300000,ok,,flexible
"PEPTIDE1{F.P.Mono84.Y.dP.G.P}$PEPTIDE1,PEPTIDE1,1:R1-7:R2$$$",-7.37900000,ok,,flexible
"PEPTIDE1{dP.P.P.P.P.Phe(4-CF3).dP}$PEPTIDE1,PEPTIDE1,1:R1-7:R2$$$",-7.38400000,ok,,flexible
"PEPTIDE1{Me_dA.dP.dP.P.dP.D.P}$PEPTIDE1,PEPTIDE1,1:R1-7:R2$$$",-7.05200000,ok,,flexible
"PEPTIDE1{Me_Bal.F.P.dP.dP.dP.Phe(4-CF3)}$PEPTIDE1,PEPTIDE1,1:R1-7:R2$$$",-7.44700000,ok,,flexible
"PEPTIDE1{P.dP.P.P.dP.P.Phe(4-CF3)}$PEPTIDE1,PEPTIDE1,1:R1-7:R2$$$",-8.33700000,ok,,flexible
"PEPTIDE1{Me_Bal.P.P.dP.dP.P.P}$PEPTIDE1,PEPTIDE1,1:R1-7:R2$$$",-8.09900000,ok,,flexible
"PEPTIDE1{F.P.Mono84.dP.P.P.P}$PEPTIDE1,PEPTIDE1,1:R1-7:R2$$$",-7.31700000,ok,,flexible
"PEPTIDE1{dF.T.dP.P.P.dP.dP}$PEPTIDE1,PEPTIDE1,1:R1-7:R2$$$",-7.62900000,ok,,flexible
"PEPTIDE1{dF.3Pal.T.P.dP.P.P}$PEPTIDE1,PEPTIDE1,1:R1-7:R2$$$",-6.83200000,ok,,flexible
"PEPTIDE1{A.T.dP.P.P.P.dP}$PEPTIDE1,PEPTIDE1,1:R1-7:R2$$$",-7.62800000,ok,,flexible
"PEPTIDE1{P.Mono84.T.dP.dP.P.dP}$PEPTIDE1,PEPTIDE1,1:R1-7:R2$$$",-8.01400000,ok,,flexible
"PEPTIDE1{P.Phe(4-CF3).dP.P.dP.dP.T}$PEPTIDE1,PEPTIDE1,1:R1-7:R2$$$",-7.31500000,ok,,flexible
"PEPTIDE1{F.Mono84.P.Mono84.dP.P.G}$PEPTIDE1,PEPTIDE1,1:R1-7:R2$$$",-8.17100000,ok,,flexible
"PEPTIDE1{F.dP.dP.P.D.T.P}$PEPTIDE1,PEPTIDE1,1:R1-7:R2$$$",-7.44600000,ok,,flexible
"PEPTIDE1{dP.G.Y.T.F.P.T}$PEPTIDE1,PEPTIDE1,1:R1-7:R2$$$",-6.79700000,ok,,flexible
"PEPTIDE1{F.G.Mono84.Mono84.dP.dP.dP}$PEPTIDE1,PEPTIDE1,1:R1-7:R2$$$",-7.42700000,ok,,flexible
"PEPTIDE1{F.Mono84.dP.dP.P.P.P}$PEPTIDE1,PEPTIDE1,1:R1-7:R2$$$",-7.03800000,ok,,flexible
"PEPTIDE1{dF.A.P.P.dP.dP.dP}$PEPTIDE1,PEPTIDE1,1:R1-7:R2$$$",-7.42100000,ok,,flexible
"PEPTIDE1{dA.Y.Mono84.P.3Pal.P.P}$PEPTIDE1,PEPTIDE1,1:R1-7:R2$$$",-7.06100000,ok,,flexible
"PEPTIDE1{P.A.P.dP.dP.P.P}$PEPTIDE1,PEPTIDE1,1:R1-7:R2$$$",-7.85300000,ok,,flexible
"PEPTIDE1{dP.dP.D.T.P.dP.D}$PEPTIDE1,PEPTIDE1,1:R1-7:R2$$$",-6.53900000,ok,,flexible
"PEPTIDE1{dF.P.dP.dP.dP.T.D}$PEPTIDE1,PEPTIDE1,1:R1-7:R2$$$",-7.09300000,ok,,flexible
"PEPTIDE1{P.F.Mono84.dP.P.dP.dP}$PEPTIDE1,PEPTIDE1,1:R1-7:R2$$$",-7.69300000,ok,,flexible
"PEPTIDE1{F.Phe(4-CF3).dP.dP.P.P.P}$PEPTIDE1,PEPTIDE1,1:R1-7:R2$$$",-7.28700000,ok,,flexible
"PEPTIDE1{F.dP.Mono84.Y.P.dP.P}$PEPTIDE1,PEPTIDE1,1:R1-7:R2$$$",-7.47800000,ok,,flexible
"PEPTIDE1{F.dP.dP.dP.dP.P.T}$PEPTIDE1,PEPTIDE1,1:R1-7:R2$$$",-7.74800000,ok,,flexible
"PEPTIDE1{dF.P.dP.dP.Mono84.Mono84.P}$PEPTIDE1,PEPTIDE1,1:R1-7:R2$$$",-7.83500000,ok,,flexible
"PEPTIDE1{A.Y.Mono84.dP.dP.dP.dP}$PEPTIDE1,PEPTIDE1,1:R1-7:R2$$$",-8.25800000,ok,,flexible
"PEPTIDE1{F.G.P.dP.dP.dP.P}$PEPTIDE1,PEPTIDE1,1:R1-7:R2$$$",-7.39900000,ok,,flexible
"PEPTIDE1{F.dP.Phe(4-CF3).P.dP.dP.dP}$PEPTIDE1,PEPTIDE1,1:R1-7:R2$$$",-8.45500000,ok,,flexible
"PEPTIDE1{dF.dP.Mono84.P.P.P.P}$PEPTIDE1,PEPTIDE1,1:R1-7:R2$$$",-7.81400000,ok,,flexible
"PEPTIDE1{dF.P.dP.dP.P.dP.Phe(4-CF3)}$PEPTIDE1,PEPTIDE1,1:R1-7:R2$$$",-7.97800000,ok,,flexible
"PEPTIDE1{A.dP.Phe(4-CF3).P.P.dP.P}$PEPTIDE1,PEPTIDE1,1:R1-7:R2$$$",-7.33200000,ok,,flexible
"PEPTIDE1{Me_Bal.dP.3Pal.G.dP.P.dP}$PEPTIDE1,PEPTIDE1,1:R1-7:R2$$$",-7.95000000,ok,,flexible
"PEPTIDE1{F.P.Mono84.3Pal.Y.Mono84.dP}$PEPTIDE1,PEPTIDE1,1:R1-7:R2$$$",-7.02300000,ok,,flexible
"PEPTIDE1{dA.G.dP.dP.dP.P.P}$PEPTIDE1,PEPTIDE1,1:R1-7:R2$$$",-7.68500000,ok,,flexible
"PEPTIDE1{P.G.F.F.Mono84.Mono84.Y}$PEPTIDE1,PEPTIDE1,1:R1-7:R2$$$",-6.59700000,ok,,flexible
"PEPTIDE1{P.Y.dP.P.P.D.T}$PEPTIDE1,PEPTIDE1,1:R1-7:R2$$$",-6.78600000,ok,,flexible
"PEPTIDE1{dA.P.P.dP.dP.Phe(4-CF3).P}$PEPTIDE1,PEPTIDE1,1:R1-7:R2$$$",-7.08500000,ok,,flexible
"PEPTIDE1{dV.dP.dP.D.P.P.P}$PEPTIDE1,PEPTIDE1,1:R1-7:R2$$$",-7.30300000,ok,,flexible
"PEPTIDE1{F.P.D.P.dP.P.P}$PEPTIDE1,PEPTIDE1,1:R1-7:R2$$$",-6.98600000,ok,,flexible
"PEPTIDE1{Me_dA.G.P.P.P.Y.dP}$PEPTIDE1,PEPTIDE1,1:R1-7:R2$$$",-7.87700000,ok,,flexible
"PEPTIDE1{F.P.Mono84.dP.T.P.P}$PEPTIDE1,PEPTIDE1,1:R1-7:R2$$$",-7.39400000,ok,,flexible
"PEPTIDE1{A.dP.dP.G.Mono84.dP.P}$PEPTIDE1,PEPTIDE1,1:R1-7:R2$$$",-7.35800000,ok,,flexible
"PEPTIDE1{dP.Y.dP.P.P.dP.P}$PEPTIDE1,PEPTIDE1,1:R1-7:R2$$$",-7.92900000,ok,,flexible
"PEPTIDE1{A.dP.P.P.dP.dP.dP}$PEPTIDE1,PEPTIDE1,1:R1-7:R2$$$",-7.37400000,ok,,flexible
"PEPTIDE1{P.A.P.dP.dP.P.dP}$PEPTIDE1,PEPTIDE1,1:R1-7:R2$$$",-8.01000000,ok,,flexible
"PEPTIDE1{P.dP.P.P.D.P.T}$PEPTIDE1,PEPTIDE1,1:R1-7:R2$$$",6.09800000,ok,,flexible
"PEPTIDE1{meA.F.P.dP.P.dP.dP}$PEPTIDE1,PEPTIDE1,1:R1-7:R2$$$",-8.00200000,ok,,flexible
"PEPTIDE1{Mono6.dP.meY.P.dP.dP.D}$PEPTIDE1,PEPTIDE1,1:R1-7:R2$$$",-6.98800000,ok,,flexible
"PEPTIDE1{Me_dA.Phe(4-CF3).dP.P.dP.P.dP}$PEPTIDE1,PEPTIDE1,1:R1-7:R2$$$",-8.42300000,ok,,flexible
"PEPTIDE1{P.T.dP.dP.P.P.P}$PEPTIDE1,PEPTIDE1,1:R1-7:R2$$$",-7.83000000,ok,,flexible
"PEPTIDE1{dP.G.dP.dP.dP.P.D}$PEPTIDE1,PEPTIDE1,1:R1-7:R2$$$",-7.38900000,ok,,flexible
"PEPTIDE1{Me_Bal.Mono84.Mono84.Y.dP.P.dP}$PEPTIDE1,PEPTIDE1,1:R1-7:R2$$$",-9.54000000,ok,,flexible
"PEPTIDE1{F.P.dP.dP.dP.P.Phe(4-CF3)}$PEPTIDE1,PEPTIDE1,1:R1-7:R2$$$",-7.65500000,ok,,flexible
"PEPTIDE1{Me_dA.Phe(4-CF3).dP.dP.dP.P.P}$PEPTIDE1,PEPTIDE1,1:R1-7:R2$$$",-8.54700000,ok,,flexible
"PEPTIDE1{Mono6.dP.P.dP.dP.T.P}$PEPTIDE1,PEPTIDE1,1:R1-7:R2$$$",-6.88100000,ok,,flexible
"PEPTIDE1{A.G.F.Phe(4-CF3).dP.dP.P}$PEPTIDE1,PEPTIDE1,1:R1-7:R2$$$",-7.22900000,ok,,flexible
"PEPTIDE1{P.dP.D.P.P.P.dP}$PEPTIDE1,PEPTIDE1,1:R1-7:R2$$$",-7.60600000,ok,,flexible
"PEPTIDE1{Me_dA.A.P.dP.dP.P.P}$PEPTIDE1,PEPTIDE1,1:R1-7:R2$$$",-7.84300000,ok,,flexible
"PEPTIDE1{dF.dP.dP.dP.P.Phe(4-CF3).P}$PEPTIDE1,PEPTIDE1,1:R1-7:R2$$$",-7.03500000,ok,,flexible
"PEPTIDE1{dF.P.dP.Mono84.dP.dP.P}$PEPTIDE1,PEPTIDE1,1:R1-7:R2$$$",-7.69500000,ok,,flexible
"PEPTIDE1{Mono6.dP.P.dP.dP.T.D}$PEPTIDE1,PEPTIDE1,1:R1-7:R2$$$",-7.61700000,ok,,flexible
"PEPTIDE1{Mono6.dP.P.P.P.P.Y}$PEPTIDE1,PEPTIDE1,1:R1-7:R2$$$",-7.67800000,ok,,flexible
"PEPTIDE1{Me_Bal.P.P.P.P.dP.P}$PEPTIDE1,PEPTIDE1,1:R1-7:R2$$$",-7.57100000,ok,,flexible
"PEPTIDE1{P.dP.P.dP.T.P.P}$PEPTIDE1,PEPTIDE1,1:R1-7:R2$$$",-7.55300000,ok,,flexible
"PEPTIDE1{F.G.G.dP.dP.dP.P}$PEPTIDE1,PEPTIDE1,1:R1-7:R2$$$",-7.91100000,ok,,flexible
"PEPTIDE1{Me_Bal.dP.T.P.dP.dP.P}$PEPTIDE1,PEPTIDE1,1:R1-7:R2$$$",-7.28500000,ok,,flexible
"PEPTIDE1{Me_dA.P.dP.dP.P.D.dP}$PEPTIDE1,PEPTIDE1,1:R1-7:R2$$$",-7.70000000,ok,,flexible
"PEPTIDE1{Me_dA.P.F.dP.Mono84.Y.3Pal}$PEPTIDE1,PEPTIDE1,1:R1-7:R2$$$",-7.05800000,ok,,flexible
"PEPTIDE1{A.P.dP.dP.dP.D.P}$PEPTIDE1,PEPTIDE1,1:R1-7:R2$$$",-7.30800000,ok,,flexible
"PEPTIDE1{F.D.dP.dP.dP.T.Phe(4-CF3)}$PEPTIDE1,PEPTIDE1,1:R1-7:R2$$$",-7.26600000,ok,,flexible
"PEPTIDE1{dP.dP.P.T.P.dP.P}$PEPTIDE1,PEPTIDE1,1:R1-7:R2$$$",-8.10600000,ok,,flexible
"PEPTIDE1{dP.dP.dP.T.P.D.P}$PEPTIDE1,PEPTIDE1,1:R1-7:R2$$$",-6.90000000,ok,,flexible
"PEPTIDE1{F.P.D.P.dP.dP.P}$PEPTIDE1,PEPTIDE1,1:R1-7:R2$$$",-7.46600000,ok,,flexible
"PEPTIDE1{Mono6.Mono84.dP.dP.dP.P.P}$PEPTIDE1,PEPTIDE1,1:R1-7:R2$$$",-7.82700000,ok,,flexible
"PEPTIDE1{dP.Y.P.P.P.P.D}$PEPTIDE1,PEPTIDE1,1:R1-7:R2$$$",-7.07200000,ok,,flexible
"PEPTIDE1{P.Phe(4-CF3).dP.dP.P.dP.P}$PEPTIDE1,PEPTIDE1,1:R1-7:R2$$$",-7.70800000,ok,,flexible
"PEPTIDE1{Me_dA.dP.P.dP.dP.D.P}$PEPTIDE1,PEPTIDE1,1:R1-7:R2$$$",-7.08400000,ok,,flexible
"PEPTIDE1{Me_dA.G.Y.Mono84.P.P.dP}$PEPTIDE1,PEPTIDE1,1:R1-7:R2$$$",-7.53300000,ok,,flexible
"PEPTIDE1{Mono6.T.P.dP.P.P.dP}$PEPTIDE1,PEPTIDE1,1:R1-7:R2$$$",-7.64000000,ok,,flexible
"PEPTIDE1{dF.P.P.P.dP.dP.T}$PEPTIDE1,PEPTIDE1,1:R1-7:R2$$$",-7.21800000,ok,,flexible
"PEPTIDE1{A.dP.Phe(4-CF3).P.dP.P.dP}$PEPTIDE1,PEPTIDE1,1:R1-7:R2$$$",-8.14600000,ok,,flexible
"PEPTIDE1{dP.F.dP.Mono84.G.Y.Mono84}$PEPTIDE1,PEPTIDE1,1:R1-7:R2$$$",-6.98900000,ok,,flexible
"PEPTIDE1{dF.dP.dP.dP.P.dP.P}$PEPTIDE1,PEPTIDE1,1:R1-7:R2$$$",-7.83200000,ok,,flexible
"PEPTIDE1{F.Mono84.T.dP.dP.P.dP}$PEPTIDE1,PEPTIDE1,1:R1-7:R2$$$",-7.13300000,ok,,flexible
"PEPTIDE1{F.Mono84.D.P.P.P.P}$PEPTIDE1,PEPTIDE1,1:R1-7:R2$$$",-6.83200000,ok,,flexible
"PEPTIDE1{Me_Bal.P.P.P.dP.dP.Phe(4-CF3)}$PEPTIDE1,PEPTIDE1,1:R1-7:R2$$$",-7.61000000,ok,,flexible
"PEPTIDE1{dP.G.dP.dP.D.P.P}$PEPTIDE1,PEPTIDE1,1:R1-7:R2$$$",-7.01700000,ok,,flexible
"PEPTIDE1{dA.dP.Mono84.Y.P.P.dP}$PEPTIDE1,PEPTIDE1,1:R1-7:R2$$$",-7.62600000,ok,,flexible
"PEPTIDE1{F.Mono84.Mono84.dP.D.dP.P}$PEPTIDE1,PEPTIDE1,1:R1-7:R2$$$",-6.46800000,ok,,flexible
"PEPTIDE1{P.F.F.Mono84.Mono84.Y.dP}$PEPTIDE1,PEPTIDE1,1:R1-7:R2$$$",-7.13500000,ok,,flexible
"PEPTIDE1{dA.dP.P.dP.T.dP.Phe(4-CF3)}$PEPTIDE1,PEPTIDE1,1:R1-7:R2$$$",-8.14000000,ok,,flexible
"PEPTIDE1{dA.dP.Mono84.P.P.P.dP}$PEPTIDE1,PEPTIDE1,1:R1-7:R2$$$",-7.31700000,ok,,flexible
"PEPTIDE1{Me_dA.F.P.Mono84.3Pal.Mono84.Y}$PEPTIDE1,PEPTIDE1,1:R1-7:R2$$$",-6.99200000,ok,,flexible
"PEPTIDE1{F.Mono84.dP.Y.dP.P.dP}$PEPTIDE1,PEPTIDE1,1:R1-7:R2$$$",-7.99900000,ok,,flexible
"PEPTIDE1{P.P.dP.P.P.dP.T}$PEPTIDE1,PEPTIDE1,1:R1-7:R2$$$",-7.93200000,ok,,flexible
"PEPTIDE1{A.T.P.P.P.dP.P}$PEPTIDE1,PEPTIDE1,1:R1-7:R2$$$",-7.92000000,ok,,flexible
"PEPTIDE1{Me_Bal.A.P.dP.dP.dP.Phe(4-CF3)}$PEPTIDE1,PEPTIDE1,1:R1-7:R2$$$",-7.82500000,ok,,flexible
"PEPTIDE1{L.P.dP.dP.dP.P.D}$PEPTIDE1,PEPTIDE1,1:R1-7:R2$$$",-7.27400000,ok,,flexible
"PEPTIDE1{Me_dA.P.Y.dP.P.P.P}$PEPTIDE1,PEPTIDE1,1:R1-7:R2$$$",-7.44100000,ok,,flexible
"PEPTIDE1{F.P.Y.Phe(4-CF3).P.P.dP}$PEPTIDE1,PEPTIDE1,1:R1-7:R2$$$",-7.18500000,ok,,flexible
"PEPTIDE1{dF.cHexCH2_Gly.P.P.dP.P.P}$PEPTIDE1,PEPTIDE1,1:R1-7:R2$$$",-7.15700000,ok,,flexible
"PEPTIDE1{Me_dA.G.dP.Phe(4-CF3).P.P.P}$PEPTIDE1,PEPTIDE1,1:R1-7:R2$$$",-7.27600000,ok,,flexible
"PEPTIDE1{Me_dA.P.P.P.P.P.dP}$PEPTIDE1,PEPTIDE1,1:R1-7:R2$$$",-7.52300000,ok,,flexible
"PEPTIDE1{A.P.P.dP.dP.D.T}$PEPTIDE1,PEPTIDE1,1:R1-7:R2$$$",-7.08200000,ok,,flexible
"PEPTIDE1{P.T.dP.P.P.dP.dP}$PEPTIDE1,PEPTIDE1,1:R1-7:R2$$$",-7.50700000,ok,,flexible
"PEPTIDE1{P.dP.dP.P.dP.dP.D}$PEPTIDE1,PEPTIDE1,1:R1-7:R2$$$",-7.93500000,ok,,flexible
"PEPTIDE1{A.F.Phe(4-CF3).dP.dP.Y.P}$PEPTIDE1,PEPTIDE1,1:R1-7:R2$$$",-6.84200000,ok,,flexible
"PEPTIDE1{dF.P.dP.dP.dP.D.P}$PEPTIDE1,PEPTIDE1,1:R1-7:R2$$$",-7.75800000,ok,,flexible
"PEPTIDE1{dP.P.P.P.P.D.T}$PEPTIDE1,PEPTIDE1,1:R1-7:R2$$$",-6.80200000,ok,,flexible
"PEPTIDE1{A.P.dP.Mono84.P.dP.D}$PEPTIDE1,PEPTIDE1,1:R1-7:R2$$$",-8.00300000,ok,,flexible
"PEPTIDE1{dP.P.G.Y.Mono84.Y.P}$PEPTIDE1,PEPTIDE1,1:R1-7:R2$$$",-7.75700000,ok,,flexible
"PEPTIDE1{F.P.D.dP.dP.P.dP}$PEPTIDE1,PEPTIDE1,1:R1-7:R2$$$",-6.77500000,ok,,flexible
"PEPTIDE1{A.G.P.P.Y.dP.dP}$PEPTIDE1,PEPTIDE1,1:R1-7:R2$$$",-7.44600000,ok,,flexible
"PEPTIDE1{F.3Pal.dP.dP.P.P.dP}$PEPTIDE1,PEPTIDE1,1:R1-7:R2$$$",-7.20800000,ok,,flexible
"PEPTIDE1{P.Y.P.P.P.D.dP}$PEPTIDE1,PEPTIDE1,1:R1-7:R2$$$",-7.02000000,ok,,flexible
"PEPTIDE1{F.G.dP.Y.3Pal.dP.dP}$PEPTIDE1,PEPTIDE1,1:R1-7:R2$$$",-7.21600000,ok,,flexible
"PEPTIDE1{dA.dP.P.P.dP.T.dP}$PEPTIDE1,PEPTIDE1,1:R1-7:R2$$$",-7.17300000,ok,,flexible
"PEPTIDE1{F.G.3Pal.T.dP.dP.P}$PEPTIDE1,PEPTIDE1,1:R1-7:R2$$$",-7.30900000,ok,,flexible
"PEPTIDE1{dF.P.G.Mono84.dP.dP.dP}$PEPTIDE1,PEPTIDE1,1:R1-7:R2$$$",-7.34300000,ok,,flexible
"PEPTIDE1{dA.F.dP.P.dP.P.dP}$PEPTIDE1,PEPTIDE1,1:R1-7:R2$$$",-8.25100000,ok,,flexible
"PEPTIDE1{L.dP.P.dP.P.dP.P}$PEPTIDE1,PEPTIDE1,1:R1-7:R2$$$",-7.15800000,ok,,flexible
"PEPTIDE1{Me_dA.Mono84.dP.dP.dP.P.dP}$PEPTIDE1,PEPTIDE1,1:R1-7:R2$$$",-8.02600000,ok,,flexible
"PEPTIDE1{F.Mono84.P.cHexCH2_Gly.P.T.D}$PEPTIDE1,PEPTIDE1,1:R1-7:R2$$$",-6.95700000,ok,,flexible
"PEPTIDE1{dA.dP.dP.D.T.P.dP}$PEPTIDE1,PEPTIDE1,1:R1-7:R2$$$",-6.57200000,ok,,flexible
"PEPTIDE1{P.D.P.P.P.dP.dP}$PEPTIDE1,PEPTIDE1,1:R1-7:R2$$$",-7.72000000,ok,,flexible
"PEPTIDE1{P.Phe(4-CF3).dP.P.P.P.dP}$PEPTIDE1,PEPTIDE1,1:R1-7:R2$$$",-7.58600000,ok,,flexible
"PEPTIDE1{A.P.F.Mono84.T.F.dP}$PEPTIDE1,PEPTIDE1,1:R1-7:R2$$$",-7.05000000,ok,,flexible
"PEPTIDE1{F.Mono84.G.T.dP.dP.P}$PEPTIDE1,PEPTIDE1,1:R1-7:R2$$$",-7.55300000,ok,,flexible
"PEPTIDE1{P.Phe(4-CF3).P.P.P.dP.dP}$PEPTIDE1,PEPTIDE1,1:R1-7:R2$$$",-8.32100000,ok,,flexible
"PEPTIDE1{P.Phe(4-CF3).dP.dP.dP.T.P}$PEPTIDE1,PEPTIDE1,1:R1-7:R2$$$",-6.81200000,ok,,flexible
"PEPTIDE1{A.dP.P.P.dP.D.T}$PEPTIDE1,PEPTIDE1,1:R1-7:R2$$$",-6.84700000,ok,,flexible
"PEPTIDE1{P.Y.P.P.P.T.dP}$PEPTIDE1,PEPTIDE1,1:R1-7:R2$$$",-7.32300000,ok,,flexible
"PEPTIDE1{meA.P.dP.dP.P.dP.P}$PEPTIDE1,PEPTIDE1,1:R1-7:R2$$$",-7.96900000,ok,,flexible
"PEPTIDE1{P.P.P.dP.dP.T.P}$PEPTIDE1,PEPTIDE1,1:R1-7:R2$$$",-7.48100000,ok,,flexible
"PEPTIDE1{Me_Bal.Y.Phe(4-CF3).P.P.Mono84.dP}$PEPTIDE1,PEPTIDE1,1:R1-7:R2$$$",-6.95100000,ok,,flexible
"PEPTIDE1{Mono6.dP.dP.dP.P.dP.P}$PEPTIDE1,PEPTIDE1,1:R1-7:R2$$$",-8.19900000,ok,,flexible
"PEPTIDE1{dA.G.Mono84.P.dP.P.dP}$PEPTIDE1,PEPTIDE1,1:R1-7:R2$$$",-7.43600000,ok,,flexible
"PEPTIDE1{Me_Bal.T.Y.G.P.P.P}$PEPTIDE1,PEPTIDE1,1:R1-7:R2$$$",-7.04600000,ok,,flexible
"PEPTIDE1{F.dP.P.dP.P.P.Phe(4-CF3)}$PEPTIDE1,PEPTIDE1,1:R1-7:R2$$$",-7.40000000,ok,,flexible
"PEPTIDE1{F.P.Mono84.dP.Y.dP.P}$PEPTIDE1,PEPTIDE1,1:R1-7:R2$$$",-7.61100000,ok,,flexible
"PEPTIDE1{F.P.P.P.dP.P.D}$PEPTIDE1,PEPTIDE1,1:R1-7:R2$$$",-6.99200000,ok,,flexible
"PEPTIDE1{dA.P.dP.dP.D.P.dP}$PEPTIDE1,PEPTIDE1,1:R1-7:R2$$$",-7.79300000,ok,,flexible
"PEPTIDE1{Me_dA.P.dP.F.P.D.P}$PEPTIDE1,PEPTIDE1,1:R1-7:R2$$$",-6.86800000,ok,,flexible
"PEPTIDE1{dF.dP.dP.P.dP.D.T}$PEPTIDE1,PEPTIDE1,1:R1-7:R2$$$",-7.71300000,ok,,flexible
"PEPTIDE1{P.Y.dP.dP.dP.dP.T}$PEPTIDE1,PEPTIDE1,1:R1-7:R2$$$",-7.72000000,ok,,flexible
"PEPTIDE1{dF.P.Y.dP.P.P.dP}$PEPTIDE1,PEPTIDE1,1:R1-7:R2$$$",-7.35100000,ok,,flexible
"PEPTIDE1{F.dP.Mono84.P.P.P.P}$PEPTIDE1,PEPTIDE1,1:R1-7:R2$$$",-8.22900000,ok,,flexible
"PEPTIDE1{Me_dA.dP.G.T.P.dP.P}$PEPTIDE1,PEPTIDE1,1:R1-7:R2$$$",-7.10300000,ok,,flexible
"PEPTIDE1{F.Mono84.Phe(4-CF3).P.P.dP.dP}$PEPTIDE1,PEPTIDE1,1:R1-7:R2$$$",-7.37600000,ok,,flexible
"PEPTIDE1{dP.dP.P.dP.dP.P.T}$PEPTIDE1,PEPTIDE1,1:R1-7:R2$$$",-7.53300000,ok,,flexible
"PEPTIDE1{dP.Y.dP.dP.D.P.Phe(4-CF3)}$PEPTIDE1,PEPTIDE1,1:R1-7:R2$$$",-7.29600000,ok,,flexible
"PEPTIDE1{P.G.Phe(4-CF3).dP.P.dP.dP}$PEPTIDE1,PEPTIDE1,1:R1-7:R2$$$",-7.49700000,ok,,flexible
"PEPTIDE1{dP.dP.P.P.dP.D.T}$PEPTIDE1,PEPTIDE1,1:R1-7:R2$$$",-6.72200000,ok,,flexible
"PEPTIDE1{A.F.G.P.G.3Pal.T}$PEPTIDE1,PEPTIDE1,1:R1-7:R2$$$",-6.65500000,ok,,flexible
"PEPTIDE1{A.dP.P.Mono84.P.P.dP}$PEPTIDE1,PEPTIDE1,1:R1-7:R2$$$",-7.59400000,ok,,flexible
"PEPTIDE1{P.P.dP.dP.P.dP.D}$PEPTIDE1,PEPTIDE1,1:R1-7:R2$$$",-7.02900000,ok,,flexible
"PEPTIDE1{F.Mono84.cHexCH2_Gly.3Pal.P.dP.dP}$PEPTIDE1,PEPTIDE1,1:R1-7:R2$$$",-7.11800000,ok,,flexible
"PEPTIDE1{dP.Me_dL.P.dP.P.dP.P}$PEPTIDE1,PEPTIDE1,1:R1-7:R2$$$",-7.46700000,ok,,flexible
"PEPTIDE1{A.Mono84.P.dP.P.P.dP}$PEPTIDE1,PEPTIDE1,1:R1-7:R2$$$",-8.35400000,ok,,flexible
"PEPTIDE1{P.P.dP.dP.T.dP.D}$PEPTIDE1,PEPTIDE1,1:R1-7:R2$$$",-6.54300000,ok,,flexible
"PEPTIDE1{Me_dA.Mono84.P.dP.P.dP.P}$PEPTIDE1,PEPTIDE1,1:R1-7:R2$$$",-7.64000000,ok,,flexible
"PEPTIDE1{P.Phe(4-CF3).P.dP.dP.P.dP}$PEPTIDE1,PEPTIDE1,1:R1-7:R2$$$",-8.20600000,ok,,flexible
"PEPTIDE1{dF.G.A.P.dP.P.P}$PEPTIDE1,PEPTIDE1,1:R1-7:R2$$$",-7.29100000,ok,,flexible
"PEPTIDE1{Me_dA.P.F.P.Y.dP.P}$PEPTIDE1,PEPTIDE1,1:R1-7:R2$$$",-8.54100000,ok,,flexible
"PEPTIDE1{F.G.P.dP.P.P.P}$PEPTIDE1,PEPTIDE1,1:R1-7:R2$$$",-7.40000000,ok,,flexible
"PEPTIDE1{F.Mono84.G.Phe(4-CF3).dP.dP.P}$PEPTIDE1,PEPTIDE1,1:R1-7:R2$$$",-8.67700000,ok,,flexible
"PEPTIDE1{F.D.dP.dP.P.dP.P}$PEPTIDE1,PEPTIDE1,1:R1-7:R2$$$",-7.11400000,ok,,flexible
"PEPTIDE1{P.dP.P.Y.dP.P.dP}$PEPTIDE1,PEPTIDE1,1:R1-7:R2$$$",-7.83600000,ok,,flexible
"PEPTIDE1{F.G.Phe(4-CF3).P.dP.dP.P}$PEPTIDE1,PEPTIDE1,1:R1-7:R2$$$",-8.50200000,ok,,flexible
"PEPTIDE1{dP.dP.dP.dP.P.T.P}$PEPTIDE1,PEPTIDE1,1:R1-7:R2$$$",-7.53300000,ok,,flexible
"PEPTIDE1{dA.dP.dP.P.D.T.P}$PEPTIDE1,PEPTIDE1,1:R1-7:R2$$$",-7.26100000,ok,,flexible
"PEPTIDE1{dA.P.T.dP.P.dP.dP}$PEPTIDE1,PEPTIDE1,1:R1-7:R2$$$",-7.25400000,ok,,flexible
"PEPTIDE1{dA.T.P.dP.Mono84.dP.P}$PEPTIDE1,PEPTIDE1,1:R1-7:R2$$$",-7.04200000,ok,,flexible
"PEPTIDE1{meA.G.Mono84.dP.T.Mono84.P}$PEPTIDE1,PEPTIDE1,1:R1-7:R2$$$",-7.21100000,ok,,flexible
"PEPTIDE1{A.dP.dP.P.P.Phe(4-CF3).Y}$PEPTIDE1,PEPTIDE1,1:R1-7:R2$$$",-8.09700000,ok,,flexible
"PEPTIDE1{Me_Bal.T.P.dP.P.dP.P}$PEPTIDE1,PEPTIDE1,1:R1-7:R2$$$",-7.66000000,ok,,flexible
"PEPTIDE1{dA.T.dP.P.dP.dP.P}$PEPTIDE1,PEPTIDE1,1:R1-7:R2$$$",-7.26100000,ok,,flexible
"PEPTIDE1{P.Mono84.Y.P.dP.P.dP}$PEPTIDE1,PEPTIDE1,1:R1-7:R2$$$",-8.89300000,ok,,flexible
"PEPTIDE1{dV.P.P.dP.dP.D.T}$PEPTIDE1,PEPTIDE1,1:R1-7:R2$$$",-6.30100000,ok,,flexible
"PEPTIDE1{dA.dP.dP.D.T.dP.Phe(4-CF3)}$PEPTIDE1,PEPTIDE1,1:R1-7:R2$$$",-7.36900000,ok,,flexible
"PEPTIDE1{Me_Bal.dP.dP.Y.Mono84.P.T}$PEPTIDE1,PEPTIDE1,1:R1-7:R2$$$",-7.32600000,ok,,flexible
"PEPTIDE1{P.Phe(4-CF3).dP.Y.dP.Mono84.dP}$PEPTIDE1,PEPTIDE1,1:R1-7:R2$$$",-7.88800000,ok,,flexible
"PEPTIDE1{P.F.P.Mono84.dP.P.dP}$PEPTIDE1,PEPTIDE1,1:R1-7:R2$$$",-7.81200000,ok,,flexible
"PEPTIDE1{Mono6.dP.T.P.P.P.dP}$PEPTIDE1,PEPTIDE1,1:R1-7:R2$$$",-7.12500000,ok,,flexible
"PEPTIDE1{dA.P.P.P.D.dP.dP}$PEPTIDE1,PEPTIDE1,1:R1-7:R2$$$",-7.41600000,ok,,flexible
"PEPTIDE1{Me_Bal.P.P.P.Phe(4-CF3).dP.P}$PEPTIDE1,PEPTIDE1,1:R1-7:R2$$$",-8.69900000,ok,,flexible
"PEPTIDE1{Me_dA.T.dP.P.P.P.P}$PEPTIDE1,PEPTIDE1,1:R1-7:R2$$$",-7.27700000,ok,,flexible
"PEPTIDE1{A.G.P.dP.P.dP.P}$PEPTIDE1,PEPTIDE1,1:R1-7:R2$$$",-7.04000000,ok,,flexible
"PEPTIDE1{P.T.P.dP.P.P.dP}$PEPTIDE1,PEPTIDE1,1:R1-7:R2$$$",-7.44700000,ok,,flexible
"PEPTIDE1{P.A.P.P.dP.P.dP}$PEPTIDE1,PEPTIDE1,1:R1-7:R2$$$",-8.28600000,ok,,flexible
"PEPTIDE1{A.Y.Phe(4-CF3).T.Mono84.P.dP}$PEPTIDE1,PEPTIDE1,1:R1-7:R2$$$",-6.91800000,ok,,flexible
"PEPTIDE1{dA.T.P.dP.dP.P.P}$PEPTIDE1,PEPTIDE1,1:R1-7:R2$$$",-6.88300000,ok,,flexible
"PEPTIDE1{Me_dA.Y.P.dP.dP.P.P}$PEPTIDE1,PEPTIDE1,1:R1-7:R2$$$",-7.51700000,ok,,flexible
"PEPTIDE1{A.P.F.Mono84.P.G.T}$PEPTIDE1,PEPTIDE1,1:R1-7:R2$$$",-6.58400000,ok,,flexible
"PEPTIDE1{dF.G.dP.dP.P.P.dP}$PEPTIDE1,PEPTIDE1,1:R1-7:R2$$$",-7.36600000,ok,,flexible
"PEPTIDE1{dV.P.dP.dP.T.D.P}$PEPTIDE1,PEPTIDE1,1:R1-7:R2$$$",-6.60000000,ok,,flexible
"PEPTIDE1{dP.P.P.P.dP.dP.Phe(4-CF3)}$PEPTIDE1,PEPTIDE1,1:R1-7:R2$$$",-8.13700000,ok,,flexible
"PEPTIDE1{Me_dA.dP.dP.D.P.dP.T}$PEPTIDE1,PEPTIDE1,1:R1-7:R2$$$",-6.93500000,ok,,flexible
"PEPTIDE1{dP.P.dP.D.P.T.P}$PEPTIDE1,PEPTIDE1,1:R1-7:R2$$$",-7.57500000,ok,,flexible
"PEPTIDE1{P.Phe(4-CF3).P.dP.dP.dP.P}$PEPTIDE1,PEPTIDE1,1:R1-7:R2$$$",-7.28100000,ok,,flexible
"PEPTIDE1{F.Mono84.3Pal.Mono84.P.dP.T}$PEPTIDE1,PEPTIDE1,1:R1-7:R2$$$",-6.73100000,ok,,flexible
"PEPTIDE1{Me_dA.Phe(4-CF3).dP.P.P.dP.P}$PEPTIDE1,PEPTIDE1,1:R1-7:R2$$$",-7.19100000,ok,,flexible
"PEPTIDE1{dP.P.dP.P.D.T.P}$PEPTIDE1,PEPTIDE1,1:R1-7:R2$$$",-7.16900000,ok,,flexible
"PEPTIDE1{Me_dA.Y.dP.P.dP.dP.dP}$PEPTIDE1,PEPTIDE1,1:R1-7:R2$$$",-7.63900000,ok,,flexible
"PEPTIDE1{Me_dA.P.F.T.dP.dP.dP}$PEPTIDE1,PEPTIDE1,1:R1-7:R2$$$",-6.99700000,ok,,flexible
"PEPTIDE1{dA.P.G.dP.P.dP.dP}$PEPTIDE1,PEPTIDE1,1:R1-7:R2$$$",-8.58100000,ok,,flexible
"PEPTIDE1{meA.dP.P.dP.D.T.dP}$PEPTIDE1,PEPTIDE1,1:R1-7:R2$$$",-6.89200000,ok,,flexible
"PEPTIDE1{P.P.F.G.Phe(4-CF3).T.dP}$PEPTIDE1,PEPTIDE1,1:R1-7:R2$$$",-6.74200000,ok,,flexible
"PEPTIDE1{Me_dA.dP.P.dP.D.dP.P}$PEPTIDE1,PEPTIDE1,1:R1-7:R2$$$",-7.42800000,ok,,flexible
"PEPTIDE1{Me_dA.Y.P.P.dP.dP.P}$PEPTIDE1,PEPTIDE1,1:R1-7:R2$$$",-7.32800000,ok,,flexible
"PEPTIDE1{Mono6.P.Mono84.P.P.dP.dP}$PEPTIDE1,PEPTIDE1,1:R1-7:R2$$$",-7.58800000,ok,,flexible
"PEPTIDE1{Me_dA.dP.dP.P.dP.P.Phe(4-CF3)}$PEPTIDE1,PEPTIDE1,1:R1-7:R2$$$",-7.87700000,ok,,flexible
"PEPTIDE1{F.P.P.dP.T.dP.P}$PEPTIDE1,PEPTIDE1,1:R1-7:R2$$$",-7.58600000,ok,,flexible
"PEPTIDE1{dA.dP.dP.P.dP.dP.P}$PEPTIDE1,PEPTIDE1,1:R1-7:R2$$$",-7.54600000,ok,,flexible
"PEPTIDE1{A.P.Phe(4-CF3).P.P.dP.dP}$PEPTIDE1,PEPTIDE1,1:R1-7:R2$$$",-8.41300000,ok,,flexible
"PEPTIDE1{meA.dP.dP.T.P.dP.P}$PEPTIDE1,PEPTIDE1,1:R1-7:R2$$$",-7.66200000,ok,,flexible
"PEPTIDE1{L.dP.dP.P.dP.P.P}$PEPTIDE1,PEPTIDE1,1:R1-7:R2$$$",-7.23600000,ok,,flexible
"PEPTIDE1{meA.P.dP.dP.P.P.P}$PEPTIDE1,PEPTIDE1,1:R1-7:R2$$$",-8.06000000,ok,,flexible
"PEPTIDE1{Me_dA.G.Y.dP.P.P.P}$PEPTIDE1,PEPTIDE1,1:R1-7:R2$$$",-7.69900000,ok,,flexible
"PEPTIDE1{P.G.P.P.P.dP.dP}$PEPTIDE1,PEPTIDE1,1:R1-7:R2$$$",-8.83200000,ok,,flexible
"PEPTIDE1{P.P.dP.Mono84.dP.dP.Phe(4-CF3)}$PEPTIDE1,PEPTIDE1,1:R1-7:R2$$$",-8.75400000,ok,,flexible
"PEPTIDE1{dP.G.dP.dP.P.dP.P}$PEPTIDE1,PEPTIDE1,1:R1-7:R2$$$",-7.49800000,ok,,flexible
"PEPTIDE1{Me_dA.Phe(4-CF3).P.P.P.P.T}$PEPTIDE1,PEPTIDE1,1:R1-7:R2$$$",-7.29700000,ok,,flexible
"PEPTIDE1{A.P.dP.dP.Mono84.dP.dP}$PEPTIDE1,PEPTIDE1,1:R1-7:R2$$$",-7.76800000,ok,,flexible
"PEPTIDE1{Mono6.meY.dP.P.dP.T.dP}$PEPTIDE1,PEPTIDE1,1:R1-7:R2$$$",-7.49000000,ok,,flexible
"PEPTIDE1{A.dP.G.P.dP.dP.Phe(4-CF3)}$PEPTIDE1,PEPTIDE1,1:R1-7:R2$$$",-8.22500000,ok,,flexible
"PEPTIDE1{F.P.dP.P.P.dP.T}$PEPTIDE1,PEPTIDE1,1:R1-7:R2$$$",-7.56900000,ok,,flexible
"PEPTIDE1{Me_dA.cHexCH2_Gly.dP.dP.dP.P.P}$PEPTIDE1,PEPTIDE1,1:R1-7:R2$$$",-8.30200000,ok,,flexible
"PEPTIDE1{meA.meY.dP.P.dP.dP.P}$PEPTIDE1,PEPTIDE1,1:R1-7:R2$$$",-8.15300000,ok,,flexible
"PEPTIDE1{dF.F.Mono84.dP.dP.P.P}$PEPTIDE1,PEPTIDE1,1:R1-7:R2$$$",-7.24100000,ok,,flexible
"PEPTIDE1{Me_dA.F.P.Y.dP.G.3Pal}$PEPTIDE1,PEPTIDE1,1:R1-7:R2$$$",-6.78100000,ok,,flexible
"PEPTIDE1{dF.3Pal.D.dP.dP.dP.T}$PEPTIDE1,PEPTIDE1,1:R1-7:R2$$$",-6.80100000,ok,,flexible
"PEPTIDE1{dP.P.P.P.T.D.P}$PEPTIDE1,PEPTIDE1,1:R1-7:R2$$$",-6.69100000,ok,,flexible
"PEPTIDE1{A.Mono84.P.P.dP.P.P}$PEPTIDE1,PEPTIDE1,1:R1-7:R2$$$",-7.95200000,ok,,flexible
"PEPTIDE1{dF.dP.P.P.dP.P.D}$PEPTIDE1,PEPTIDE1,1:R1-7:R2$$$",-6.81800000,ok,,flexible
"PEPTIDE1{dA.T.Mono84.P.P.dP.dP}$PEPTIDE1,PEPTIDE1,1:R1-7:R2$$$",-7.03300000,ok,,flexible
"PEPTIDE1{Me_dA.Y.Mono84.P.dP.dP.dP}$PEPTIDE1,PEPTIDE1,1:R1-7:R2$$$",-8.04800000,ok,,flexible
"PEPTIDE1{Me_dA.F.Mono84.dP.Y.dP.dP}$PEPTIDE1,PEPTIDE1,1:R1-7:R2$$$",-8.41100000,ok,,flexible
"PEPTIDE1{A.Phe(4-CF3).P.P.P.P.P}$PEPTIDE1,PEPTIDE1,1:R1-7:R2$$$",-7.56700000,ok,,flexible
"PEPTIDE1{A.P.dP.P.dP.D.P}$PEPTIDE1,PEPTIDE1,1:R1-7:R2$$$",-7.85600000,ok,,flexible
"PEPTIDE1{Me_dA.F.G.Phe(4-CF3).P.dP.dP}$PEPTIDE1,PEPTIDE1,1:R1-7:R2$$$",-7.33100000,ok,,flexible
"PEPTIDE1{Me_dA.F.T.dP.dP.dP.Phe(4-CF3)}$PEPTIDE1,PEPTIDE1,1:R1-7:R2$$$",-7.48800000,ok,,flexible
"PEPTIDE1{Me_dA.G.dP.Mono84.P.P.dP}$PEPTIDE1,PEPTIDE1,1:R1-7:R2$$$",-7.58700000,ok,,flexible
"PEPTIDE1{F.dP.dP.P.P.T.D}$PEPTIDE1,PEPTIDE1,1:R1-7:R2$$$",-7.07300000,ok,,flexible
"PEPTIDE1{F.Y.Mono84.P.dP.dP.dP}$PEPTIDE1,PEPTIDE1,1:R1-7:R2$$$",-7.20300000,ok,,flexible
"PEPTIDE1{Me_dA.G.T.dP.dP.P.dP}$PEPTIDE1,PEPTIDE1,1:R1-7:R2$$$",-7.37600000,ok,,flexible
"PEPTIDE1{P.G.T.P.dP.P.dP}$PEPTIDE1,PEPTIDE1,1:R1-7:R2$$$",-7.30600000,ok,,flexible
"PEPTIDE1{Me_dA.F.Y.Mono84.T.Mono84.dP}$PEPTIDE1,PEPTIDE1,1:R1-7:R2$$$",-7.31100000,ok,,flexible
"PEPTIDE1{Me_Bal.F.dP.P.P.dP.dP}$PEPTIDE1,PEPTIDE1,1:R1-7:R2$$$",-7.47200000,ok,,flexible
"PEPTIDE1{meA.G.P.P.dP.dP.dP}$PEPTIDE1,PEPTIDE1,1:R1-7:R2$$$",-8.30900000,ok,,flexible
"PEPTIDE1{dA.P.P.P.dP.Phe(4-CF3).dP}$PEPTIDE1,PEPTIDE1,1:R1-7:R2$$$",-7.99900000,ok,,flexible
"PEPTIDE1{F.G.P.T.P.P.dP}$PEPTIDE1,PEPTIDE1,1:R1-7:R2$$$",-7.08100000,ok,,flexible
"PEPTIDE1{Me_dA.Pr_Gly.T.dP.P.dP.dP}$PEPTIDE1,PEPTIDE1,1:R1-7:R2$$$",-7.01400000,ok,,flexible
"PEPTIDE1{A.dP.P.dP.P.D.P}$PEPTIDE1,PEPTIDE1,1:R1-7:R2$$$",-7.35800000,ok,,flexible
"PEPTIDE1{Me_dA.T.P.dP.dP.P.P}$PEPTIDE1,PEPTIDE1,1:R1-7:R2$$$",-7.14900000,ok,,flexible
"PEPTIDE1{Mono6.dP.dP.P.T.P.P}$PEPTIDE1,PEPTIDE1,1:R1-7:R2$$$",-6.83900000,ok,,flexible
"PEPTIDE1{Me_dA.P.dP.P.P.D.dP}$PEPTIDE1,PEPTIDE1,1:R1-7:R2$$$",-6.99700000,ok,,flexible
"PEPTIDE1{dF.G.Phe(4-CF3).P.dP.dP.P}$PEPTIDE1,PEPTIDE1,1:R1-7:R2$$$",-8.33300000,ok,,flexible
"PEPTIDE1{Mono6.dP.dP.P.D.P.T}$PEPTIDE1,PEPTIDE1,1:R1-7:R2$$$",-8.58000000,ok,,flexible
"PEPTIDE1{Me_dA.P.dP.G.P.D.dP}$PEPTIDE1,PEPTIDE1,1:R1-7:R2$$$",-7.04500000,ok,,flexible
"PEPTIDE1{Mono6.3Pal.Mono84.dP.P.dP.P}$PEPTIDE1,PEPTIDE1,1:R1-7:R2$$$",-7.55900000,ok,,flexible
"PEPTIDE1{P.A.P.dP.T.P.dP}$PEPTIDE1,PEPTIDE1,1:R1-7:R2$$$",-6.99800000,ok,,flexible
"PEPTIDE1{F.G.P.P.P.dP.P}$PEPTIDE1,PEPTIDE1,1:R1-7:R2$$$",-8.18800000,ok,,flexible
"PEPTIDE1{dP.F.P.Phe(4-CF3).T.dP.P}$PEPTIDE1,PEPTIDE1,1:R1-7:R2$$$",-7.78700000,ok,,flexible
"PEPTIDE1{A.dP.P.dP.P.Phe(4-CF3).dP}$PEPTIDE1,PEPTIDE1,1:R1-7:R2$$$",-7.79600000,ok,,flexible
"PEPTIDE1{F.P.P.G.Y.dP.3Pal}$PEPTIDE1,PEPTIDE1,1:R1-7:R2$$$",-6.96800000,ok,,flexible
"PEPTIDE1{Mono6.P.P.P.dP.T.P}$PEPTIDE1,PEPTIDE1,1:R1-7:R2$$$",-7.22800000,ok,,flexible
"PEPTIDE1{F.G.P.Phe(4-CF3).dP.Mono84.dP}$PEPTIDE1,PEPTIDE1,1:R1-7:R2$$$",-8.47700000,ok,,flexible
"PEPTIDE1{A.G.dP.dP.Phe(4-CF3).P.dP}$PEPTIDE1,PEPTIDE1,1:R1-7:R2$$$",-8.30700000,ok,,flexible
"PEPTIDE1{F.3Pal.P.dP.Mono84.P.dP}$PEPTIDE1,PEPTIDE1,1:R1-7:R2$$$",-8.22200000,ok,,flexible
"PEPTIDE1{A.dP.P.dP.P.D.dP}$PEPTIDE1,PEPTIDE1,1:R1-7:R2$$$",-7.87300000,ok,,flexible
"PEPTIDE1{F.P.Phe(4-CF3).3Pal.G.dP.T}$PEPTIDE1,PEPTIDE1,1:R1-7:R2$$$",-6.47900000,ok,,flexible
"PEPTIDE1{Me_dA.dP.T.P.P.P.Phe(4-CF3)}$PEPTIDE1,PEPTIDE1,1:R1-7:R2$$$",-7.77000000,ok,,flexible
"PEPTIDE1{Me_dA.P.dP.P.P.T.P}$PEPTIDE1,PEPTIDE1,1:R1-7:R2$$$",-7.20800000,ok,,flexible
"PEPTIDE1{dP.F.Y.P.dP.dP.Phe(4-CF3)}$PEPTIDE1,PEPTIDE1,1:R1-7:R2$$$",-6.89400000,ok,,flexible
"PEPTIDE1{Me_dA.A.dP.Mono84.dP.dP.P}$PEPTIDE1,PEPTIDE1,1:R1-7:R2$$$",-7.91900000,ok,,flexible
"PEPTIDE1{dA.dP.dP.dP.dP.P.P}$PEPTIDE1,PEPTIDE1,1:R1-7:R2$$$",-8.28400000,ok,,flexible
"PEPTIDE1{Mono6.dP.dP.P.dP.D.dP}$PEPTIDE1,PEPTIDE1,1:R1-7:R2$$$",-7.56200000,ok,,flexible
"PEPTIDE1{Me_dA.P.P.dP.P.P.T}$PEPTIDE1,PEPTIDE1,1:R1-7:R2$$$",-7.19000000,ok,,flexible
"PEPTIDE1{dA.G.dP.F.P.Y.dP}$PEPTIDE1,PEPTIDE1,1:R1-7:R2$$$",-7.10200000,ok,,flexible
"PEPTIDE1{dF.Mono84.G.dP.P.P.dP}$PEPTIDE1,PEPTIDE1,1:R1-7:R2$$$",-8.24100000,ok,,flexible
"PEPTIDE1{Me_dA.meY.dP.P.P.dP.dP}$PEPTIDE1,PEPTIDE1,1:R1-7:R2$$$",-7.78700000,ok,,flexible
"PEPTIDE1{Me_dA.dP.dP.P.P.Phe(4-CF3).P}$PEPTIDE1,PEPTIDE1,1:R1-7:R2$$$",-7.23000000,ok,,flexible
"PEPTIDE1{P.Mono84.T.P.dP.dP.P}$PEPTIDE1,PEPTIDE1,1:R1-7:R2$$$",-8.23300000,ok,,flexible
"PEPTIDE1{meA.P.dP.P.P.D.dP}$PEPTIDE1,PEPTIDE1,1:R1-7:R2$$$",-7.02300000,ok,,flexible
"PEPTIDE1{A.Y.Mono84.P.dP.dP.dP}$PEPTIDE1,PEPTIDE1,1:R1-7:R2$$$",-8.03700000,ok,,flexible
"PEPTIDE1{A.Y.P.P.P.P.Phe(4-CF3)}$PEPTIDE1,PEPTIDE1,1:R1-7:R2$$$",-7.83500000,ok,,flexible
"PEPTIDE1{P.dP.P.P.Phe(4-CF3).P.dP}$PEPTIDE1,PEPTIDE1,1:R1-7:R2$$$",-7.27500000,ok,,flexible
"PEPTIDE1{Me_Bal.Me_dA.P.dP.dP.P.dP}$PEPTIDE1,PEPTIDE1,1:R1-7:R2$$$",-7.79100000,ok,,flexible
"PEPTIDE1{P.F.3Pal.P.Mono84.dP.G}$PEPTIDE1,PEPTIDE1,1:R1-7:R2$$$",-7.20400000,ok,,flexible
"PEPTIDE1{Me_dA.dP.dP.dP.D.T.P}$PEPTIDE1,PEPTIDE1,1:R1-7:R2$$$",-6.83500000,ok,,flexible
"PEPTIDE1{F.P.P.dP.P.T.P}$PEPTIDE1,PEPTIDE1,1:R1-7:R2$$$",-7.40500000,ok,,flexible
"PEPTIDE1{dA.P.dP.dP.P.D.T}$PEPTIDE1,PEPTIDE1,1:R1-7:R2$$$",-6.71600000,ok,,flexible
"PEPTIDE1{dF.dP.dP.P.T.dP.P}$PEPTIDE1,PEPTIDE1,1:R1-7:R2$$$",-7.19600000,ok,,flexible
"PEPTIDE1{meA.dP.P.dP.P.P.D}$PEPTIDE1,PEPTIDE1,1:R1-7:R2$$$",-7.13300000,ok,,flexible
"PEPTIDE1{P.Mono84.dP.dP.dP.P.dP}$PEPTIDE1,PEPTIDE1,1:R1-7:R2$$$",-7.56200000,ok,,flexible
"PEPTIDE1{A.F.P.dP.Y.P.P}$PEPTIDE1,PEPTIDE1,1:R1-7:R2$$$",-6.93300000,ok,,flexible
"PEPTIDE1{Mono6.P.Y.P.dP.dP.P}$PEPTIDE1,PEPTIDE1,1:R1-7:R2$$$",-7.68200000,ok,,flexible
"PEPTIDE1{L.dP.dP.P.P.dP.D}$PEPTIDE1,PEPTIDE1,1:R1-7:R2$$$",-7.32400000,ok,,flexible
"PEPTIDE1{P.Phe(4-CF3).P.P.dP.P.dP}$PEPTIDE1,PEPTIDE1,1:R1-7:R2$$$",-8.37200000,ok,,flexible
"PEPTIDE1{Me_dA.Y.dP.dP.P.P.dP}$PEPTIDE1,PEPTIDE1,1:R1-7:R2$$$",-7.37800000,ok,,flexible
"PEPTIDE1{Me_dA.Mono84.P.Y.P.dP.dP}$PEPTIDE1,PEPTIDE1,1:R1-7:R2$$$",-8.01800000,ok,,flexible
"PEPTIDE1{dP.P.P.dP.D.P.dP}$PEPTIDE1,PEPTIDE1,1:R1-7:R2$$$",-7.74400000,ok,,flexible
"PEPTIDE1{A.Y.P.P.P.dP.P}$PEPTIDE1,PEPTIDE1,1:R1-7:R2$$$",-7.89500000,ok,,flexible
"PEPTIDE1{P.dP.Y.P.P.P.T}$PEPTIDE1,PEPTIDE1,1:R1-7:R2$$$",-7.41100000,ok,,flexible
"PEPTIDE1{dA.dP.P.dP.T.D.Phe(4-CF3)}$PEPTIDE1,PEPTIDE1,1:R1-7:R2$$$",-6.94200000,ok,,flexible
"PEPTIDE1{F.P.G.dP.Mono84.P.dP}$PEPTIDE1,PEPTIDE1,1:R1-7:R2$$$",-7.45000000,ok,,flexible
"PEPTIDE1{Me_dA.G.T.dP.P.dP.Phe(4-CF3)}$PEPTIDE1,PEPTIDE1,1:R1-7:R2$$$",-7.18000000,ok,,flexible
"PEPTIDE1{P.F.Phe(4-CF3).P.dP.dP.P}$PEPTIDE1,PEPTIDE1,1:R1-7:R2$$$",-7.82400000,ok,,flexible
"PEPTIDE1{dP.T.P.dP.P.dP.Y}$PEPTIDE1,PEPTIDE1,1:R1-7:R2$$$",-7.49600000,ok,,flexible
"PEPTIDE1{dP.G.Mono6.P.Phe(4-CF3).dP.P}$PEPTIDE1,PEPTIDE1,1:R1-7:R2$$$",-7.69100000,ok,,flexible
"PEPTIDE1{dP.Mono84.meY.P.dP.dP.P}$PEPTIDE1,PEPTIDE1,1:R1-7:R2$$$",-7.47400000,ok,,flexible
"PEPTIDE1{P.A.Phe(4-CF3).dP.P.dP.dP}$PEPTIDE1,PEPTIDE1,1:R1-7:R2$$$",-8.01200000,ok,,flexible
"PEPTIDE1{meA.dP.dP.dP.T.Y.P}$PEPTIDE1,PEPTIDE1,1:R1-7:R2$$$",-7.42900000,ok,,flexible
"PEPTIDE1{dV.P.P.P.dP.P.dP}$PEPTIDE1,PEPTIDE1,1:R1-7:R2$$$",-7.68100000,ok,,flexible
"PEPTIDE1{F.dP.dP.dP.T.P.P}$PEPTIDE1,PEPTIDE1,1:R1-7:R2$$$",-7.32400000,ok,,flexible
"PEPTIDE1{dP.P.P.P.T.dP.dP}$PEPTIDE1,PEPTIDE1,1:R1-7:R2$$$",-7.41000000,ok,,flexible
"PEPTIDE1{dF.Mono84.3Pal.P.dP.dP.P}$PEPTIDE1,PEPTIDE1,1:R1-7:R2$$$",-7.60300000,ok,,flexible
"PEPTIDE1{A.P.dP.dP.T.P.P}$PEPTIDE1,PEPTIDE1,1:R1-7:R2$$$",-8.03700000,ok,,flexible
"PEPTIDE1{P.Y.P.dP.P.dP.D}$PEPTIDE1,PEPTIDE1,1:R1-7:R2$$$",-7.60000000,ok,,flexible
"PEPTIDE1{L.P.P.dP.P.P.T}$PEPTIDE1,PEPTIDE1,1:R1-7:R2$$$",-6.80500000,ok,,flexible
"PEPTIDE1{F.dP.P.Phe(4-CF3).dP.dP.dP}$PEPTIDE1,PEPTIDE1,1:R1-7:R2$$$",-7.41600000,ok,,flexible
"PEPTIDE1{P.dP.P.P.P.Phe(4-CF3).T}$PEPTIDE1,PEPTIDE1,1:R1-7:R2$$$",-6.85000000,ok,,flexible
"PEPTIDE1{dP.G.dP.P.dP.dP.P}$PEPTIDE1,PEPTIDE1,1:R1-7:R2$$$",-7.73700000,ok,,flexible
"PEPTIDE1{A.dP.Y.dP.P.dP.P}$PEPTIDE1,PEPTIDE1,1:R1-7:R2$$$",-7.79000000,ok,,flexible
"PEPTIDE1{dA.P.dP.P.dP.D.T}$PEPTIDE1,PEPTIDE1,1:R1-7:R2$$$",-6.28800000,ok,,flexible
"PEPTIDE1{F.dP.dP.dP.dP.T.P}$PEPTIDE1,PEPTIDE1,1:R1-7:R2$$$",-7.69200000,ok,,flexible
"PEPTIDE1{dA.dP.Y.P.P.P.dP}$PEPTIDE1,PEPTIDE1,1:R1-7:R2$$$",-7.67200000,ok,,flexible
"PEPTIDE1{dF.P.Y.dP.dP.P.P}$PEPTIDE1,PEPTIDE1,1:R1-7:R2$$$",-7.17900000,ok,,flexible
"PEPTIDE1{dA.P.Phe(4-CF3).dP.dP.dP.P}$PEPTIDE1,PEPTIDE1,1:R1-7:R2$$$",-8.11400000,ok,,flexible
"PEPTIDE1{dP.P.P.dP.P.T.dP}$PEPTIDE1,PEPTIDE1,1:R1-7:R2$$$",-7.94800000,ok,,flexible
"PEPTIDE1{dA.T.P.dP.P.dP.P}$PEPTIDE1,PEPTIDE1,1:R1-7:R2$$$",-7.79900000,ok,,flexible
"PEPTIDE1{F.dP.dP.dP.P.dP.T}$PEPTIDE1,PEPTIDE1,1:R1-7:R2$$$",-7.01400000,ok,,flexible
"PEPTIDE1{P.dP.dP.D.P.T.P}$PEPTIDE1,PEPTIDE1,1:R1-7:R2$$$",-6.92800000,ok,,flexible
"PEPTIDE1{Me_dA.P.P.P.P.P.T}$PEPTIDE1,PEPTIDE1,1:R1-7:R2$$$",-6.94800000,ok,,flexible
"PEPTIDE1{Me_dA.F.G.dP.dP.P.P}$PEPTIDE1,PEPTIDE1,1:R1-7:R2$$$",-7.45900000,ok,,flexible
"PEPTIDE1{dP.Phe(4-CF3).dP.P.P.P.dP}$PEPTIDE1,PEPTIDE1,1:R1-7:R2$$$",-8.17200000,ok,,flexible
"PEPTIDE1{Mono6.dP.dP.dP.T.dP.P}$PEPTIDE1,PEPTIDE1,1:R1-7:R2$$$",-7.62300000,ok,,flexible
"PEPTIDE1{A.meL.P.P.P.dP.dP}$PEPTIDE1,PEPTIDE1,1:R1-7:R2$$$",-7.39300000,ok,,flexible
"PEPTIDE1{dA.dP.dP.D.P.T.dP}$PEPTIDE1,PEPTIDE1,1:R1-7:R2$$$",-7.31700000,ok,,flexible
"PEPTIDE1{Mono6.dP.dP.dP.P.D.T}$PEPTIDE1,PEPTIDE1,1:R1-7:R2$$$",-6.79000000,ok,,flexible
"PEPTIDE1{Me_dA.A.dP.Phe(4-CF3).P.dP.P}$PEPTIDE1,PEPTIDE1,1:R1-7:R2$$$",-8.11800000,ok,,flexible
"PEPTIDE1{dA.A.dP.P.P.P.dP}$PEPTIDE1,PEPTIDE1,1:R1-7:R2$$$",-7.23500000,ok,,flexible
"PEPTIDE1{Mono6.3Pal.Mono84.P.dP.P.dP}$PEPTIDE1,PEPTIDE1,1:R1-7:R2$$$",-7.43200000,ok,,flexible
"PEPTIDE1{dF.F.Mono84.dP.P.P.P}$PEPTIDE1,PEPTIDE1,1:R1-7:R2$$$",-7.08300000,ok,,flexible
"PEPTIDE1{P.Phe(4-CF3).G.Mono84.Y.dP.dP}$PEPTIDE1,PEPTIDE1,1:R1-7:R2$$$",-6.72300000,ok,,flexible
"PEPTIDE1{A.dP.P.dP.dP.dP.T}$PEPTIDE1,PEPTIDE1,1:R1-7:R2$$$",-8.24900000,ok,,flexible
"PEPTIDE1{Me_Bal.G.P.dP.P.P.P}$PEPTIDE1,PEPTIDE1,1:R1-7:R2$$$",-7.84000000,ok,,flexible
"PEPTIDE1{F.dP.dP.Mono84.P.P.P}$PEPTIDE1,PEPTIDE1,1:R1-7:R2$$$",-8.45500000,ok,,flexible
"PEPTIDE1{A.F.P.dP.P.P.dP}$PEPTIDE1,PEPTIDE1,1:R1-7:R2$$$",-7.57700000,ok,,flexible
"PEPTIDE1{dF.P.G.Mono84.dP.dP.P}$PEPTIDE1,PEPTIDE1,1:R1-7:R2$$$",-7.25400000,ok,,flexible
"PEPTIDE1{Me_dA.Mono84.P.T.Mono84.Mono84.dP}$PEPTIDE1,PEPTIDE1,1:R1-7:R2$$$",-8.59900000,ok,,flexible
"PEPTIDE1{P.F.dP.Y.dP.dP.P}$PEPTIDE1,PEPTIDE1,1:R1-7:R2$$$",-7.01800000,ok,,flexible
"PEPTIDE1{Mono6.dP.P.P.dP.dP.D}$PEPTIDE1,PEPTIDE1,1:R1-7:R2$$$",-7.63700000,ok,,flexible
"PEPTIDE1{F.Y.dP.3Pal.Mono84.P.dP}$PEPTIDE1,PEPTIDE1,1:R1-7:R2$$$",-7.16200000,ok,,flexible
"PEPTIDE1{P.A.P.P.dP.P.T}$PEPTIDE1,PEPTIDE1,1:R1-7:R2$$$",-7.18400000,ok,,flexible
"PEPTIDE1{Me_dA.P.dP.G.Phe(4-CF3).dP.dP}$PEPTIDE1,PEPTIDE1,1:R1-7:R2$$$",-7.63200000,ok,,flexible
"PEPTIDE1{Me_dA.Mono84.P.dP.P.dP.dP}$PEPTIDE1,PEPTIDE1,1:R1-7:R2$$$",-8.27800000,ok,,flexible
"PEPTIDE1{A.Phe(4-CF3).G.dP.P.P.P}$PEPTIDE1,PEPTIDE1,1:R1-7:R2$$$",-7.48700000,ok,,flexible
"PEPTIDE1{dP.P.dP.dP.dP.P.D}$PEPTIDE1,PEPTIDE1,1:R1-7:R2$$$",-7.38600000,ok,,flexible
"PEPTIDE1{Mono6.P.dP.P.P.D.P}$PEPTIDE1,PEPTIDE1,1:R1-7:R2$$$",-7.06300000,ok,,flexible
"PEPTIDE1{Me_dA.P.P.dP.dP.D.dP}$PEPTIDE1,PEPTIDE1,1:R1-7:R2$$$",-7.62200000,ok,,flexible
"PEPTIDE1{dA.dP.P.P.P.T.dP}$PEPTIDE1,PEPTIDE1,1:R1-7:R2$$$",-7.58300000,ok,,flexible
"PEPTIDE1{P.P.dP.dP.dP.D.T}$PEPTIDE1,PEPTIDE1,1:R1-7:R2$$$",-7.06100000,ok,,flexible
"PEPTIDE1{Mono6.Y.dP.dP.P.P.P}$PEPTIDE1,PEPTIDE1,1:R1-7:R2$$$",-8.47900000,ok,,flexible
"PEPTIDE1{P.G.D.P.dP.dP.P}$PEPTIDE1,PEPTIDE1,1:R1-7:R2$$$",-7.43000000,ok,,flexible
"PEPTIDE1{dP.Phe(4-CF3).P.P.P.P.dP}$PEPTIDE1,PEPTIDE1,1:R1-7:R2$$$",-8.66800000,ok,,flexible
"PEPTIDE1{Me_dA.P.dP.Y.P.dP.F}$PEPTIDE1,PEPTIDE1,1:R1-7:R2$$$",-7.47200000,ok,,flexible
"PEPTIDE1{dA.P.Y.F.dP.Mono84.P}$PEPTIDE1,PEPTIDE1,1:R1-7:R2$$$",-6.63400000,ok,,flexible
"PEPTIDE1{A.dP.Me_dL.P.dP.P.dP}$PEPTIDE1,PEPTIDE1,1:R1-7:R2$$$",-6.97300000,ok,,flexible
"PEPTIDE1{F.Mono84.dP.dP.dP.P.dP}$PEPTIDE1,PEPTIDE1,1:R1-7:R2$$$",-8.12300000,ok,,flexible
"PEPTIDE1{Me_dA.T.F.G.dP.Y.P}$PEPTIDE1,PEPTIDE1,1:R1-7:R2$$$",-7.10300000,ok,,flexible
"PEPTIDE1{dF.P.P.P.dP.P.T}$PEPTIDE1,PEPTIDE1,1:R1-7:R2$$$",-7.55200000,ok,,flexible
"PEPTIDE1{Me_dA.P.Y.dP.P.P.dP}$PEPTIDE1,PEPTIDE1,1:R1-7:R2$$$",-7.85500000,ok,,flexible
"PEPTIDE1{dP.dP.dP.D.T.dP.Phe(4-CF3)}$PEPTIDE1,PEPTIDE1,1:R1-7:R2$$$",-7.07500000,ok,,flexible
"PEPTIDE1{F.dP.dP.T.dP.P.P}$PEPTIDE1,PEPTIDE1,1:R1-7:R2$$$",-7.21200000,ok,,flexible
"PEPTIDE1{A.P.P.G.Y.dP.dP}$PEPTIDE1,PEPTIDE1,1:R1-7:R2$$$",-7.47900000,ok,,flexible
"PEPTIDE1{Mono6.P.Mono84.P.dP.dP.dP}$PEPTIDE1,PEPTIDE1,1:R1-7:R2$$$",-7.72800000,ok,,flexible
"PEPTIDE1{P.P.dP.dP.dP.dP.P}$PEPTIDE1,PEPTIDE1,1:R1-7:R2$$$",-8.30500000,ok,,flexible
"PEPTIDE1{dP.P.dP.T.P.P.Phe(4-CF3)}$PEPTIDE1,PEPTIDE1,1:R1-7:R2$$$",-8.08600000,ok,,flexible
"PEPTIDE1{P.G.Phe(4-CF3).dP.P.dP.P}$PEPTIDE1,PEPTIDE1,1:R1-7:R2$$$",-8.64700000,ok,,flexible
"PEPTIDE1{Me_dA.dP.P.P.dP.dP.dP}$PEPTIDE1,PEPTIDE1,1:R1-7:R2$$$",-7.87200000,ok,,flexible
"PEPTIDE1{A.D.dP.dP.dP.P.P}$PEPTIDE1,PEPTIDE1,1:R1-7:R2$$$",-7.38200000,ok,,flexible
"PEPTIDE1{dA.P.P.P.P.P.dP}$PEPTIDE1,PEPTIDE1,1:R1-7:R2$$$",-7.79600000,ok,,flexible
"PEPTIDE1{P.G.Mono84.P.P.dP.dP}$PEPTIDE1,PEPTIDE1,1:R1-7:R2$$$",-7.46600000,ok,,flexible
"PEPTIDE1{P.G.Mono84.P.dP.dP.dP}$PEPTIDE1,PEPTIDE1,1:R1-7:R2$$$",-8.64900000,ok,,flexible
"PEPTIDE1{A.T.P.P.P.P.dP}$PEPTIDE1,PEPTIDE1,1:R1-7:R2$$$",-7.92100000,ok,,flexible
"PEPTIDE1{A.dP.P.dP.dP.Phe(4-CF3).P}$PEPTIDE1,PEPTIDE1,1:R1-7:R2$$$",-8.04100000,ok,,flexible
"PEPTIDE1{F.F.A.dP.P.P.P}$PEPTIDE1,PEPTIDE1,1:R1-7:R2$$$",-7.49900000,ok,,flexible
"PEPTIDE1{dP.dP.P.dP.P.P.dP}$PEPTIDE1,PEPTIDE1,1:R1-7:R2$$$",-8.26600000,ok,,flexible
"PEPTIDE1{Mono6.Y.dP.dP.P.dP.T}$PEPTIDE1,PEPTIDE1,1:R1-7:R2$$$",-7.58200000,ok,,flexible
"PEPTIDE1{dF.T.dP.dP.dP.P.dP}$PEPTIDE1,PEPTIDE1,1:R1-7:R2$$$",-7.92600000,ok,,flexible
"PEPTIDE1{Mono6.P.dP.dP.dP.dP.Phe(4-CF3)}$PEPTIDE1,PEPTIDE1,1:R1-7:R2$$$",-8.03100000,ok,,flexible
"PEPTIDE1{Me_dA.Y.dP.Mono84.G.T.P}$PEPTIDE1,PEPTIDE1,1:R1-7:R2$$$",-7.54300000,ok,,flexible
"PEPTIDE1{P.A.P.P.dP.dP.dP}$PEPTIDE1,PEPTIDE1,1:R1-7:R2$$$",-7.60300000,ok,,flexible
"PEPTIDE1{P.P.Phe(4-CF3).T.dP.P.dP}$PEPTIDE1,PEPTIDE1,1:R1-7:R2$$$",-7.29300000,ok,,flexible
"PEPTIDE1{Me_dA.P.dP.dP.P.dP.Phe(4-CF3)}$PEPTIDE1,PEPTIDE1,1:R1-7:R2$$$",-8.00300000,ok,,flexible
"PEPTIDE1{P.dP.Y.P.P.dP.P}$PEPTIDE1,PEPTIDE1,1:R1-7:R2$$$",-8.22200000,ok,,flexible
"PEPTIDE1{F.dP.dP.dP.Phe(4-CF3).P.P}$PEPTIDE1,PEPTIDE1,1:R1-7:R2$$$",-6.92800000,ok,,flexible
"PEPTIDE1{meL.dP.dP.P.D.dP.P}$PEPTIDE1,PEPTIDE1,1:R1-7:R2$$$",-7.70700000,ok,,flexible
"PEPTIDE1{F.dP.G.D.dP.dP.Phe(4-CF3)}$PEPTIDE1,PEPTIDE1,1:R1-7:R2$$$",-6.64600000,ok,,flexible
"PEPTIDE1{P.Phe(4-CF3).P.dP.dP.D.P}$PEPTIDE1,PEPTIDE1,1:R1-7:R2$$$",-7.64000000,ok,,flexible
"PEPTIDE1{dP.T.Y.P.dP.P.dP}$PEPTIDE1,PEPTIDE1,1:R1-7:R2$$$",-6.96200000,ok,,flexible
"PEPTIDE1{P.F.dP.P.dP.dP.P}$PEPTIDE1,PEPTIDE1,1:R1-7:R2$$$",-7.96400000,ok,,flexible
"PEPTIDE1{Me_dA.Y.P.dP.dP.dP.dP}$PEPTIDE1,PEPTIDE1,1:R1-7:R2$$$",-7.60700000,ok,,flexible
"PEPTIDE1{F.L.dP.dP.P.dP.T}$PEPTIDE1,PEPTIDE1,1:R1-7:R2$$$",-6.86200000,ok,,flexible
"PEPTIDE1{Me_Bal.meY.P.dP.P.dP.dP}$PEPTIDE1,PEPTIDE1,1:R1-7:R2$$$",-7.50300000,ok,,flexible
"PEPTIDE1{dV.P.dP.dP.dP.P.D}$PEPTIDE1,PEPTIDE1,1:R1-7:R2$$$",-7.32300000,ok,,flexible
"PEPTIDE1{A.F.Y.P.P.P.P}$PEPTIDE1,PEPTIDE1,1:R1-7:R2$$$",-7.79200000,ok,,flexible
"PEPTIDE1{A.dP.Mono84.P.P.P.P}$PEPTIDE1,PEPTIDE1,1:R1-7:R2$$$",-7.90400000,ok,,flexible
"PEPTIDE1{F.T.dP.P.dP.P.P}$PEPTIDE1,PEPTIDE1,1:R1-7:R2$$$",-7.91600000,ok,,flexible
"PEPTIDE1{P.Phe(4-CF3).dP.dP.dP.dP.T}$PEPTIDE1,PEPTIDE1,1:R1-7:R2$$$",-7.20600000,ok,,flexible
"PEPTIDE1{Me_dA.meY.P.P.P.dP.P}$PEPTIDE1,PEPTIDE1,1:R1-7:R2$$$",-7.70300000,ok,,flexible
"PEPTIDE1{dP.P.dP.T.P.P.dP}$PEPTIDE1,PEPTIDE1,1:R1-7:R2$$$",-7.40900000,ok,,flexible
"PEPTIDE1{F.cHexCH2_Gly.P.P.dP.P.P}$PEPTIDE1,PEPTIDE1,1:R1-7:R2$$$",-6.86800000,ok,,flexible
"PEPTIDE1{Me_dA.dP.F.Mono84.Y.dP.P}$PEPTIDE1,PEPTIDE1,1:R1-7:R2$$$",-7.49700000,ok,,flexible
"PEPTIDE1{dA.G.G.Y.P.P.dP}$PEPTIDE1,PEPTIDE1,1:R1-7:R2$$$",-7.56900000,ok,,flexible
"PEPTIDE1{dP.F.Phe(4-CF3).P.dP.dP.P}$PEPTIDE1,PEPTIDE1,1:R1-7:R2$$$",-7.72000000,ok,,flexible
"PEPTIDE1{F.G.P.A.dP.P.dP}$PEPTIDE1,PEPTIDE1,1:R1-7:R2$$$",-7.98300000,ok,,flexible
"PEPTIDE1{dP.P.dP.dP.dP.P.P}$PEPTIDE1,PEPTIDE1,1:R1-7:R2$$$",-7.98900000,ok,,flexible
"PEPTIDE1{dP.A.P.P.dP.P.dP}$PEPTIDE1,PEPTIDE1,1:R1-7:R2$$$",-8.00000000,ok,,flexible
"PEPTIDE1{Me_dA.P.P.dP.dP.T.dP}$PEPTIDE1,PEPTIDE1,1:R1-7:R2$$$",-7.10400000,ok,,flexible
"PEPTIDE1{dA.F.P.P.dP.Y.P}$PEPTIDE1,PEPTIDE1,1:R1-7:R2$$$",-8.50700000,ok,,flexible
"PEPTIDE1{F.G.Y.dP.P.P.P}$PEPTIDE1,PEPTIDE1,1:R1-7:R2$$$",-7.91200000,ok,,flexible
"PEPTIDE1{F.P.P.dP.dP.T.dP}$PEPTIDE1,PEPTIDE1,1:R1-7:R2$$$",-7.76700000,ok,,flexible
"PEPTIDE1{Me_dA.F.G.P.dP.Y.Mono84}$PEPTIDE1,PEPTIDE1,1:R1-7:R2$$$",-7.66600000,ok,,flexible
"PEPTIDE1{Me_Bal.Phe(4-CF3).P.dP.P.P.dP}$PEPTIDE1,PEPTIDE1,1:R1-7:R2$$$",-7.61900000,ok,,flexible
"PEPTIDE1{P.dP.Phe(4-CF3).T.P.P.P}$PEPTIDE1,PEPTIDE1,1:R1-7:R2$$$",-7.74500000,ok,,flexible
"PEPTIDE1{dV.P.P.P.T.D.P}$PEPTIDE1,PEPTIDE1,1:R1-7:R2$$$",-6.87800000,ok,,flexible
"PEPTIDE1{Me_Bal.dP.dP.P.P.dP.T}$PEPTIDE1,PEPTIDE1,1:R1-7:R2$$$",-8.15600000,ok,,flexible
"PEPTIDE1{dP.dP.P.P.D.dP.T}$PEPTIDE1,PEPTIDE1,1:R1-7:R2$$$",-7.46400000,ok,,flexible
"PEPTIDE1{P.dP.P.dP.P.D.dP}$PEPTIDE1,PEPTIDE1,1:R1-7:R2$$$",-7.39300000,ok,,flexible
"PEPTIDE1{F.3Pal.P.P.dP.dP.dP}$PEPTIDE1,PEPTIDE1,1:R1-7:R2$$$",-7.22000000,ok,,flexible
"PEPTIDE1{P.dP.Y.Y.Mono84.P.dP}$PEPTIDE1,PEPTIDE1,1:R1-7:R2$$$",-7.41400000,ok,,flexible
"PEPTIDE1{Me_dA.G.dP.dP.dP.P.P}$PEPTIDE1,PEPTIDE1,1:R1-7:R2$$$",-7.96200000,ok,,flexible
"PEPTIDE1{Me_Bal.dP.dP.dP.Y.Phe(4-CF3).P}$PEPTIDE1,PEPTIDE1,1:R1-7:R2$$$",-7.41400000,ok,,flexible
"PEPTIDE1{F.dP.G.P.dP.dP.Phe(4-CF3)}$PEPTIDE1,PEPTIDE1,1:R1-7:R2$$$",-6.90600000,ok,,flexible
"PEPTIDE1{A.dP.dP.dP.P.dP.P}$PEPTIDE1,PEPTIDE1,1:R1-7:R2$$$",-7.86400000,ok,,flexible
"PEPTIDE1{A.T.dP.P.P.dP.dP}$PEPTIDE1,PEPTIDE1,1:R1-7:R2$$$",-7.25600000,ok,,flexible
"PEPTIDE1{dA.G.P.P.dP.dP.P}$PEPTIDE1,PEPTIDE1,1:R1-7:R2$$$",-7.71600000,ok,,flexible
"PEPTIDE1{meA.P.dP.P.dP.P.P}$PEPTIDE1,PEPTIDE1,1:R1-7:R2$$$",-7.87800000,ok,,flexible
"PEPTIDE1{P.A.G.P.P.dP.P}$PEPTIDE1,PEPTIDE1,1:R1-7:R2$$$",-8.12200000,ok,,flexible
"PEPTIDE1{A.F.P.Mono84.T.P.P}$PEPTIDE1,PEPTIDE1,1:R1-7:R2$$$",-6.80200000,ok,,flexible
"PEPTIDE1{dF.dP.Mono84.P.P.P.dP}$PEPTIDE1,PEPTIDE1,1:R1-7:R2$$$",-7.04400000,ok,,flexible
"PEPTIDE1{dP.F.Y.G.P.dP.P}$PEPTIDE1,PEPTIDE1,1:R1-7:R2$$$",-7.69300000,ok,,flexible
"PEPTIDE1{dP.Phe(4-CF3).T.P.P.P.dP}$PEPTIDE1,PEPTIDE1,1:R1-7:R2$$$",-8.00400000,ok,,flexible
"PEPTIDE1{Mono6.P.Y.P.dP.dP.dP}$PEPTIDE1,PEPTIDE1,1:R1-7:R2$$$",-8.44000000,ok,,flexible
"PEPTIDE1{A.F.Y.Mono84.P.dP.P}$PEPTIDE1,PEPTIDE1,1:R1-7:R2$$$",-7.09100000,ok,,flexible
"PEPTIDE1{Me_dA.F.P.Y.P.Mono84.Mono84}$PEPTIDE1,PEPTIDE1,1:R1-7:R2$$$",-7.94600000,ok,,flexible
"PEPTIDE1{Me_dA.Y.A.dP.dP.Phe(4-CF3).P}$PEPTIDE1,PEPTIDE1,1:R1-7:R2$$$",-7.71600000,ok,,flexible
"PEPTIDE1{Me_Bal.dP.P.dP.P.P.dP}$PEPTIDE1,PEPTIDE1,1:R1-7:R2$$$",-7.53300000,ok,,flexible
"PEPTIDE1{Mono6.P.Y.dP.dP.P.P}$PEPTIDE1,PEPTIDE1,1:R1-7:R2$$$",-7.65000000,ok,,flexible
"PEPTIDE1{dP.dP.D.dP.P.P.P}$PEPTIDE1,PEPTIDE1,1:R1-7:R2$$$",-7.01800000,ok,,flexible
"PEPTIDE1{dP.Y.P.dP.dP.Phe(4-CF3).P}$PEPTIDE1,PEPTIDE1,1:R1-7:R2$$$",-7.21800000,ok,,flexible
"PEPTIDE1{P.dP.Y.dP.P.P.dP}$PEPTIDE1,PEPTIDE1,1:R1-7:R2$$$",-7.87200000,ok,,flexible
"PEPTIDE1{P.Y.Hyp(Et).P.dP.dP.P}$PEPTIDE1,PEPTIDE1,1:R1-7:R2$$$",-6.94100000,ok,,flexible
"PEPTIDE1{F.3Pal.P.dP.dP.P.P}$PEPTIDE1,PEPTIDE1,1:R1-7:R2$$$",-7.24500000,ok,,flexible
"PEPTIDE1{Me_dA.P.cHexCH2_Gly.P.dP.dP.dP}$PEPTIDE1,PEPTIDE1,1:R1-7:R2$$$",-7.39500000,ok,,flexible
"PEPTIDE1{Mono6.dP.dP.Y.3Pal.dP.Mono84}$PEPTIDE1,PEPTIDE1,1:R1-7:R2$$$",-7.01200000,ok,,flexible
"PEPTIDE1{dF.P.Mono84.Y.P.dP.dP}$PEPTIDE1,PEPTIDE1,1:R1-7:R2$$$",-8.06100000,ok,,flexible
"PEPTIDE1{Me_dA.A.T.P.dP.T.Phe(4-CF3)}$PEPTIDE1,PEPTIDE1,1:R1-7:R2$$$",-6.82600000,ok,,flexible
"PEPTIDE1{dF.G.P.Mono84.P.dP.dP}$PEPTIDE1,PEPTIDE1,1:R1-7:R2$$$",-8.48000000,ok,,flexible
"PEPTIDE1{P.G.P.dP.P.dP.P}$PEPTIDE1,PEPTIDE1,1:R1-7:R2$$$",-7.82600000,ok,,flexible
"PEPTIDE1{Me_dA.Mono84.dP.dP.P.P.P}$PEPTIDE1,PEPTIDE1,1:R1-7:R2$$$",-8.07500000,ok,,flexible
"PEPTIDE1{Me_dA.P.Mono84.dP.dP.P.dP}$PEPTIDE1,PEPTIDE1,1:R1-7:R2$$$",-7.68000000,ok,,flexible
"PEPTIDE1{dP.P.dP.D.P.P.T}$PEPTIDE1,PEPTIDE1,1:R1-7:R2$$$",-7.28600000,ok,,flexible
"PEPTIDE1{F.Mono84.G.Phe(4-CF3).Mono84.3Pal.Y}$PEPTIDE1,PEPTIDE1,1:R1-7:R2$$$",-7.04900000,ok,,flexible
"PEPTIDE1{P.dP.Phe(4-CF3).dP.dP.dP.T}$PEPTIDE1,PEPTIDE1,1:R1-7:R2$$$",-8.39700000,ok,,flexible
"PEPTIDE1{F.A.P.Y.dP.P.P}$PEPTIDE1,PEPTIDE1,1:R1-7:R2$$$",-7.42700000,ok,,flexible
"PEPTIDE1{meA.dP.P.dP.P.dP.P}$PEPTIDE1,PEPTIDE1,1:R1-7:R2$$$",-8.08900000,ok,,flexible
"PEPTIDE1{F.dP.3Pal.D.P.P.dP}$PEPTIDE1,PEPTIDE1,1:R1-7:R2$$$",-6.57200000,ok,,flexible
"PEPTIDE1{P.dP.dP.dP.dP.T.D}$PEPTIDE1,PEPTIDE1,1:R1-7:R2$$$",-6.84500000,ok,,flexible
"PEPTIDE1{F.G.G.dP.P.dP.P}$PEPTIDE1,PEPTIDE1,1:R1-7:R2$$$",-7.52700000,ok,,flexible
"PEPTIDE1{Me_dA.dP.F.Y.Mono2.Y.Mono84}$PEPTIDE1,PEPTIDE1,1:R1-7:R2$$$",-7.40900000,ok,,flexible
"PEPTIDE1{dA.P.P.P.dP.D.P}$PEPTIDE1,PEPTIDE1,1:R1-7:R2$$$",-7.56100000,ok,,flexible
"PEPTIDE1{L.dP.P.dP.dP.D.P}$PEPTIDE1,PEPTIDE1,1:R1-7:R2$$$",-7.04700000,ok,,flexible
"PEPTIDE1{A.T.P.P.P.P.P}$PEPTIDE1,PEPTIDE1,1:R1-7:R2$$$",-6.99100000,ok,,flexible
"PEPTIDE1{A.P.F.G.dP.Phe(4-CF3).dP}$PEPTIDE1,PEPTIDE1,1:R1-7:R2$$$",-7.65200000,ok,,flexible
"PEPTIDE1{P.F.Y.P.P.dP.dP}$PEPTIDE1,PEPTIDE1,1:R1-7:R2$$$",-7.98500000,ok,,flexible
"PEPTIDE1{dV.dP.P.P.P.D.P}$PEPTIDE1,PEPTIDE1,1:R1-7:R2$$$",-6.79900000,ok,,flexible
"PEPTIDE1{P.dP.Me_dA.P.Phe(4-CF3).P.P}$PEPTIDE1,PEPTIDE1,1:R1-7:R2$$$",-7.47300000,ok,,flexible
"PEPTIDE1{A.meL.P.dP.dP.P.P}$PEPTIDE1,PEPTIDE1,1:R1-7:R2$$$",-7.07400000,ok,,flexible
"PEPTIDE1{A.dP.D.dP.P.dP.Phe(4-CF3)}$PEPTIDE1,PEPTIDE1,1:R1-7:R2$$$",-6.73200000,ok,,flexible
"PEPTIDE1{dA.A.P.P.P.dP.dP}$PEPTIDE1,PEPTIDE1,1:R1-7:R2$$$",-7.62500000,ok,,flexible
"PEPTIDE1{dP.dP.dP.P.D.T.P}$PEPTIDE1,PEPTIDE1,1:R1-7:R2$$$",-7.02600000,ok,,flexible
"PEPTIDE1{F.D.P.dP.P.dP.dP}$PEPTIDE1,PEPTIDE1,1:R1-7:R2$$$",-7.29100000,ok,,flexible
"PEPTIDE1{A.dP.P.dP.P.dP.Phe(4-CF3)}$PEPTIDE1,PEPTIDE1,1:R1-7:R2$$$",-8.09900000,ok,,flexible
"PEPTIDE1{dA.G.P.dP.P.dP.dP}$PEPTIDE1,PEPTIDE1,1:R1-7:R2$$$",-7.60100000,ok,,flexible
"PEPTIDE1{P.Y.D.dP.P.P.P}$PEPTIDE1,PEPTIDE1,1:R1-7:R2$$$",-6.97500000,ok,,flexible
"PEPTIDE1{A.T.F.dP.dP.dP.dP}$PEPTIDE1,PEPTIDE1,1:R1-7:R2$$$",-7.77000000,ok,,flexible
"PEPTIDE1{F.G.dP.P.dP.P.P}$PEPTIDE1,PEPTIDE1,1:R1-7:R2$$$",-7.24400000,ok,,flexible
"PEPTIDE1{dP.Mono84.G.Y.dP.P.dP}$PEPTIDE1,PEPTIDE1,1:R1-7:R2$$$",-7.67700000,ok,,flexible
"PEPTIDE1{P.Y.Phe(4-CF3).P.P.P.dP}$PEPTIDE1,PEPTIDE1,1:R1-7:R2$$$",-7.61100000,ok,,flexible
"PEPTIDE1{dP.dP.P.P.P.P.P}$PEPTIDE1,PEPTIDE1,1:R1-7:R2$$$",-8.47700000,ok,,flexible
"PEPTIDE1{A.P.P.P.dP.T.dP}$PEPTIDE1,PEPTIDE1,1:R1-7:R2$$$",-7.65300000,ok,,flexible
"PEPTIDE1{dF.F.A.Mono84.P.dP.P}$PEPTIDE1,PEPTIDE1,1:R1-7:R2$$$",-7.94400000,ok,,flexible
"PEPTIDE1{dF.D.dP.dP.P.P.P}$PEPTIDE1,PEPTIDE1,1:R1-7:R2$$$",-7.00900000,ok,,flexible
"PEPTIDE1{dA.D.dP.P.P.P.dP}$PEPTIDE1,PEPTIDE1,1:R1-7:R2$$$",-6.97300000,ok,,flexible
"PEPTIDE1{A.dP.G.Y.Mono84.T.P}$PEPTIDE1,PEPTIDE1,1:R1-7:R2$$$",-6.90000000,ok,,flexible
"PEPTIDE1{Me_Bal.dP.dP.dP.T.P.D}$PEPTIDE1,PEPTIDE1,1:R1-7:R2$$$",-6.58100000,ok,,flexible
"PEPTIDE1{dP.dP.P.D.P.T.P}$PEPTIDE1,PEPTIDE1,1:R1-7:R2$$$",-6.80600000,ok,,flexible
"PEPTIDE1{P.P.Phe(4-CF3).T.Y.dP.P}$PEPTIDE1,PEPTIDE1,1:R1-7:R2$$$",-7.47600000,ok,,flexible
"PEPTIDE1{dF.T.D.P.dP.dP.dP}$PEPTIDE1,PEPTIDE1,1:R1-7:R2$$$",-7.05800000,ok,,flexible
"PEPTIDE1{Me_dA.F.dP.dP.dP.dP.Phe(4-CF3)}$PEPTIDE1,PEPTIDE1,1:R1-7:R2$$$",-8.13400000,ok,,flexible
"PEPTIDE1{P.3Pal.Phe(4-CF3).dP.P.P.dP}$PEPTIDE1,PEPTIDE1,1:R1-7:R2$$$",-8.05900000,ok,,flexible
"PEPTIDE1{Me_dA.F.dP.D.P.P.dP}$PEPTIDE1,PEPTIDE1,1:R1-7:R2$$$",-7.55300000,ok,,flexible
"PEPTIDE1{dA.F.P.dP.Mono84.dP.P}$PEPTIDE1,PEPTIDE1,1:R1-7:R2$$$",-8.13900000,ok,,flexible
"PEPTIDE1{Mono6.dP.P.dP.T.D.dP}$PEPTIDE1,PEPTIDE1,1:R1-7:R2$$$",-7.17100000,ok,,flexible
"PEPTIDE1{F.Mono84.dP.G.T.P.Y}$PEPTIDE1,PEPTIDE1,1:R1-7:R2$$$",-6.64800000,ok,,flexible
"PEPTIDE1{dF.P.A.P.P.P.dP}$PEPTIDE1,PEPTIDE1,1:R1-7:R2$$$",-7.27900000,ok,,flexible
"PEPTIDE1{P.G.P.Mono84.Y.dP.dP}$PEPTIDE1,PEPTIDE1,1:R1-7:R2$$$",-6.81900000,ok,,flexible
"PEPTIDE1{A.dP.dP.dP.D.Y.P}$PEPTIDE1,PEPTIDE1,1:R1-7:R2$$$",-6.64600000,ok,,flexible
"PEPTIDE1{dF.G.P.P.dP.dP.P}$PEPTIDE1,PEPTIDE1,1:R1-7:R2$$$",-7.86700000,ok,,flexible
"PEPTIDE1{dF.D.dP.P.P.dP.dP}$PEPTIDE1,PEPTIDE1,1:R1-7:R2$$$",-7.52800000,ok,,flexible
"PEPTIDE1{F.cHexCH2_Gly.dP.P.dP.dP.P}$PEPTIDE1,PEPTIDE1,1:R1-7:R2$$$",-7.07600000,ok,,flexible
"PEPTIDE1{Me_Bal.P.P.dP.P.P.dP}$PEPTIDE1,PEPTIDE1,1:R1-7:R2$$$",-7.99900000,ok,,flexible
"PEPTIDE1{F.G.dP.Phe(4-CF3).P.P.P}$PEPTIDE1,PEPTIDE1,1:R1-7:R2$$$",-7.24800000,ok,,flexible
"PEPTIDE1{Me_dA.P.dP.P.Phe(4-CF3).dP.dP}$PEPTIDE1,PEPTIDE1,1:R1-7:R2$$$",-7.80300000,ok,,flexible
"PEPTIDE1{A.dP.dP.T.P.P.P}$PEPTIDE1,PEPTIDE1,1:R1-7:R2$$$",-7.72800000,ok,,flexible
"PEPTIDE1{meA.P.P.dP.dP.dP.D}$PEPTIDE1,PEPTIDE1,1:R1-7:R2$$$",-7.15200000,ok,,flexible
"PEPTIDE1{dF.3Pal.dP.dP.P.dP.dP}$PEPTIDE1,PEPTIDE1,1:R1-7:R2$$$",-7.56400000,ok,,flexible
"PEPTIDE1{Mono6.T.P.P.P.dP.dP}$PEPTIDE1,PEPTIDE1,1:R1-7:R2$$$",-7.76300000,ok,,flexible
"PEPTIDE1{A.dP.G.P.F.dP.P}$PEPTIDE1,PEPTIDE1,1:R1-7:R2$$$",-7.51400000,ok,,flexible
"PEPTIDE1{P.dP.dP.D.P.dP.T}$PEPTIDE1,PEPTIDE1,1:R1-7:R2$$$",-7.20400000,ok,,flexible
"PEPTIDE1{A.dP.dP.dP.P.P.dP}$PEPTIDE1,PEPTIDE1,1:R1-7:R2$$$",-7.84100000,ok,,flexible
"PEPTIDE1{Me_dA.F.dP.Mono84.Phe(4-CF3).P.dP}$PEPTIDE1,PEPTIDE1,1:R1-7:R2$$$",-7.57100000,ok,,flexible
"PEPTIDE1{A.P.Y.P.P.dP.dP}$PEPTIDE1,PEPTIDE1,1:R1-7:R2$$$",-7.99700000,ok,,flexible
"PEPTIDE1{A.dP.P.dP.D.P.T}$PEPTIDE1,PEPTIDE1,1:R1-7:R2$$$",-7.24500000,ok,,flexible
"PEPTIDE1{F.3Pal.G.dP.P.dP.dP}$PEPTIDE1,PEPTIDE1,1:R1-7:R2$$$",-7.43500000,ok,,flexible
"PEPTIDE1{F.meL.P.P.dP.dP.P}$PEPTIDE1,PEPTIDE1,1:R1-7:R2$$$",-7.18800000,ok,,flexible
"PEPTIDE1{Me_dA.meY.dP.dP.dP.P.D}$PEPTIDE1,PEPTIDE1,1:R1-7:R2$$$",-6.99100000,ok,,flexible
"PEPTIDE1{P.dP.dP.P.P.D.dP}$PEPTIDE1,PEPTIDE1,1:R1-7:R2$$$",-7.78700000,ok,,flexible
"PEPTIDE1{dA.F.dP.T.dP.P.P}$PEPTIDE1,PEPTIDE1,1:R1-7:R2$$$",-7.58000000,ok,,flexible
"PEPTIDE1{Mono6.P.P.P.P.P.T}$PEPTIDE1,PEPTIDE1,1:R1-7:R2$$$",-8.22000000,ok,,flexible
"PEPTIDE1{A.meL.P.P.P.P.P}$PEPTIDE1,PEPTIDE1,1:R1-7:R2$$$",-7.37200000,ok,,flexible
"PEPTIDE1{F.Mono84.P.A.P.dP.Y}$PEPTIDE1,PEPTIDE1,1:R1-7:R2$$$",-8.26200000,ok,,flexible
"PEPTIDE1{dA.F.Mono84.dP.dP.P.dP}$PEPTIDE1,PEPTIDE1,1:R1-7:R2$$$",-7.75600000,ok,,flexible
"PEPTIDE1{P.P.P.P.D.dP.dP}$PEPTIDE1,PEPTIDE1,1:R1-7:R2$$$",-7.54700000,ok,,flexible
"PEPTIDE1{A.G.T.Mono84.P.P.dP}$PEPTIDE1,PEPTIDE1,1:R1-7:R2$$$",-7.31000000,ok,,flexible
"PEPTIDE1{dA.dP.Mono84.P.P.P.P}$PEPTIDE1,PEPTIDE1,1:R1-7:R2$$$",-8.72400000,ok,,flexible
"PEPTIDE1{Me_dA.G.dP.P.dP.dP.P}$PEPTIDE1,PEPTIDE1,1:R1-7:R2$$$",-8.15600000,ok,,flexible
"PEPTIDE1{Me_Bal.Y.P.P.dP.dP.dP}$PEPTIDE1,PEPTIDE1,1:R1-7:R2$$$",-7.92500000,ok,,flexible
"PEPTIDE1{Me_dA.dP.Phe(4-CF3).P.dP.dP.P}$PEPTIDE1,PEPTIDE1,1:R1-7:R2$$$",-7.94800000,ok,,flexible
"PEPTIDE1{Me_dA.F.F.dP.Mono84.Mono84.D}$PEPTIDE1,PEPTIDE1,1:R1-7:R2$$$",-6.78500000,ok,,flexible
"PEPTIDE1{dA.dP.dP.P.dP.P.Y}$PEPTIDE1,PEPTIDE1,1:R1-7:R2$$$",-7.68500000,ok,,flexible
"PEPTIDE1{dF.P.Mono84.dP.dP.P.dP}$PEPTIDE1,PEPTIDE1,1:R1-7:R2$$$",-7.65700000,ok,,flexible
"PEPTIDE1{F.dP.T.dP.P.dP.P}$PEPTIDE1,PEPTIDE1,1:R1-7:R2$$$",-7.12800000,ok,,flexible
"PEPTIDE1{Me_dA.P.Mono84.P.dP.dP.P}$PEPTIDE1,PEPTIDE1,1:R1-7:R2$$$",-8.51700000,ok,,flexible
"PEPTIDE1{Me_Bal.Phe(4-CF3).P.P.dP.P.dP}$PEPTIDE1,PEPTIDE1,1:R1-7:R2$$$",-7.64200000,ok,,flexible
"PEPTIDE1{dF.Mono84.dP.P.dP.P.dP}$PEPTIDE1,PEPTIDE1,1:R1-7:R2$$$",-8.80600000,ok,,flexible
"PEPTIDE1{dV.dP.P.P.dP.D.P}$PEPTIDE1,PEPTIDE1,1:R1-7:R2$$$",-6.77000000,ok,,flexible
"PEPTIDE1{F.F.P.P.T.Mono84.P}$PEPTIDE1,PEPTIDE1,1:R1-7:R2$$$",-7.32900000,ok,,flexible
"PEPTIDE1{meA.P.P.dP.dP.P.dP}$PEPTIDE1,PEPTIDE1,1:R1-7:R2$$$",-7.82700000,ok,,flexible
"PEPTIDE1{dA.P.dP.dP.P.dP.Phe(4-CF3)}$PEPTIDE1,PEPTIDE1,1:R1-7:R2$$$",-7.58000000,ok,,flexible
"PEPTIDE1{dP.P.dP.T.dP.P.D}$PEPTIDE1,PEPTIDE1,1:R1-7:R2$$$",-7.67400000,ok,,flexible
"PEPTIDE1{A.P.Mono84.P.P.P.Phe(4-CF3)}$PEPTIDE1,PEPTIDE1,1:R1-7:R2$$$",-7.11500000,ok,,flexible
"PEPTIDE1{dF.F.Mono84.P.dP.dP.P}$PEPTIDE1,PEPTIDE1,1:R1-7:R2$$$",-8.14100000,ok,,flexible
"PEPTIDE1{P.F.G.A.Mono84.Y.Phe(4-CF3)}$PEPTIDE1,PEPTIDE1,1:R1-7:R2$$$",-6.98600000,ok,,flexible
"PEPTIDE1{dV.dP.dP.P.D.P.T}$PEPTIDE1,PEPTIDE1,1:R1-7:R2$$$",-6.75200000,ok,,flexible
"PEPTIDE1{A.dP.P.dP.P.T.dP}$PEPTIDE1,PEPTIDE1,1:R1-7:R2$$$",-7.98600000,ok,,flexible
"PEPTIDE1{Me_dA.Y.Phe(4-CF3).dP.dP.P.P}$PEPTIDE1,PEPTIDE1,1:R1-7:R2$$$",-8.04300000,ok,,flexible
"PEPTIDE1{Me_Bal.P.T.P.dP.dP.P}$PEPTIDE1,PEPTIDE1,1:R1-7:R2$$$",-7.06200000,ok,,flexible
"PEPTIDE1{P.G.dP.Mono84.P.dP.P}$PEPTIDE1,PEPTIDE1,1:R1-7:R2$$$",-7.69700000,ok,,flexible
"PEPTIDE1{F.P.P.G.G.dP.Phe(4-CF3)}$PEPTIDE1,PEPTIDE1,1:R1-7:R2$$$",-7.40900000,ok,,flexible
"PEPTIDE1{P.G.P.F.Y.Mono84.dP}$PEPTIDE1,PEPTIDE1,1:R1-7:R2$$$",-7.25900000,ok,,flexible
"PEPTIDE1{P.A.D.P.P.dP.dP}$PEPTIDE1,PEPTIDE1,1:R1-7:R2$$$",-6.79300000,ok,,flexible
"PEPTIDE1{F.3Pal.P.3Pal.dP.P.dP}$PEPTIDE1,PEPTIDE1,1:R1-7:R2$$$",-7.51300000,ok,,flexible
"PEPTIDE1{Mono6.dP.T.P.P.dP.dP}$PEPTIDE1,PEPTIDE1,1:R1-7:R2$$$",-7.73500000,ok,,flexible
"PEPTIDE1{P.Me_dA.F.dP.dP.P.P}$PEPTIDE1,PEPTIDE1,1:R1-7:R2$$$",-8.01200000,ok,,flexible
"PEPTIDE1{A.dP.dP.dP.P.P.Phe(4-CF3)}$PEPTIDE1,PEPTIDE1,1:R1-7:R2$$$",-7.98900000,ok,,flexible
"PEPTIDE1{dP.dP.P.D.T.P.dP}$PEPTIDE1,PEPTIDE1,1:R1-7:R2$$$",-6.89900000,ok,,flexible
"PEPTIDE1{F.P.P.dP.Mono84.dP.P}$PEPTIDE1,PEPTIDE1,1:R1-7:R2$$$",-8.80100000,ok,,flexible
"PEPTIDE1{dP.F.dP.P.dP.dP.Phe(4-CF3)}$PEPTIDE1,PEPTIDE1,1:R1-7:R2$$$",-7.59200000,ok,,flexible
"PEPTIDE1{A.T.dP.dP.dP.P.P}$PEPTIDE1,PEPTIDE1,1:R1-7:R2$$$",-7.32600000,ok,,flexible
"PEPTIDE1{Me_dA.P.dP.dP.dP.P.Y}$PEPTIDE1,PEPTIDE1,1:R1-7:R2$$$",-8.01800000,ok,,flexible
"PEPTIDE1{dF.3Pal.dP.Mono84.P.P.P}$PEPTIDE1,PEPTIDE1,1:R1-7:R2$$$",-7.50900000,ok,,flexible
"PEPTIDE1{dA.dP.dP.T.P.D.P}$PEPTIDE1,PEPTIDE1,1:R1-7:R2$$$",-7.16700000,ok,,flexible
"PEPTIDE1{dP.Phe(4-CF3).dP.dP.P.P.D}$PEPTIDE1,PEPTIDE1,1:R1-7:R2$$$",-7.06800000,ok,,flexible
"PEPTIDE1{Me_dA.dP.dP.P.T.dP.P}$PEPTIDE1,PEPTIDE1,1:R1-7:R2$$$",-7.60500000,ok,,flexible
"PEPTIDE1{P.P.P.P.P.T.dP}$PEPTIDE1,PEPTIDE1,1:R1-7:R2$$$",-8.38600000,ok,,flexible
"PEPTIDE1{Me_dA.dP.G.F.dP.Mono84.P}$PEPTIDE1,PEPTIDE1,1:R1-7:R2$$$",-7.65400000,ok,,flexible
"PEPTIDE1{dA.Mono84.G.P.P.dP.dP}$PEPTIDE1,PEPTIDE1,1:R1-7:R2$$$",-7.63500000,ok,,flexible
"PEPTIDE1{F.Phe(4-CF3).P.dP.dP.P.P}$PEPTIDE1,PEPTIDE1,1:R1-7:R2$$$",-7.80200000,ok,,flexible
"PEPTIDE1{F.cHexCH2_Gly.P.P.dP.dP.dP}$PEPTIDE1,PEPTIDE1,1:R1-7:R2$$$",-6.67900000,ok,,flexible
"PEPTIDE1{P.Me_dA.P.dP.dP.dP.D}$PEPTIDE1,PEPTIDE1,1:R1-7:R2$$$",-7.96600000,ok,,flexible
"PEPTIDE1{F.D.P.dP.P.P.P}$PEPTIDE1,PEPTIDE1,1:R1-7:R2$$$",-7.66300000,ok,,flexible
"PEPTIDE1{Mono6.dP.P.Y.dP.P.dP}$PEPTIDE1,PEPTIDE1,1:R1-7:R2$$$",-7.60400000,ok,,flexible
"PEPTIDE1{Me_dA.dP.F.Y.Phe(4-CF3).dP.P}$PEPTIDE1,PEPTIDE1,1:R1-7:R2$$$",-7.26000000,ok,,flexible
"PEPTIDE1{dF.P.T.Mono84.dP.P.dP}$PEPTIDE1,PEPTIDE1,1:R1-7:R2$$$",-6.52500000,ok,,flexible
"PEPTIDE1{dF.Y.P.dP.dP.dP.T}$PEPTIDE1,PEPTIDE1,1:R1-7:R2$$$",-7.09300000,ok,,flexible
"PEPTIDE1{dF.F.dP.P.A.Mono84.P}$PEPTIDE1,PEPTIDE1,1:R1-7:R2$$$",-6.82500000,ok,,flexible
"PEPTIDE1{dA.Phe(4-CF3).dP.P.P.P.dP}$PEPTIDE1,PEPTIDE1,1:R1-7:R2$$$",-7.51600000,ok,,flexible
"PEPTIDE1{P.Pr_Gly.Phe(4-CF3).Mono84.dP.dP.dP}$PEPTIDE1,PEPTIDE1,1:R1-7:R2$$$",-7.06900000,ok,,flexible
"PEPTIDE1{P.dP.Mono84.3Pal.Mono84.dP.Y}$PEPTIDE1,PEPTIDE1,1:R1-7:R2$$$",-7.03000000,ok,,flexible
"PEPTIDE1{P.dP.dP.T.dP.dP.P}$PEPTIDE1,PEPTIDE1,1:R1-7:R2$$$",-7.69300000,ok,,flexible
"PEPTIDE1{dP.dP.P.dP.Phe(4-CF3).T.dP}$PEPTIDE1,PEPTIDE1,1:R1-7:R2$$$",-6.82500000,ok,,flexible
"PEPTIDE1{dP.Phe(4-CF3).dP.dP.D.T.dP}$PEPTIDE1,PEPTIDE1,1:R1-7:R2$$$",-7.75200000,ok,,flexible
"PEPTIDE1{dV.dP.P.P.P.T.P}$PEPTIDE1,PEPTIDE1,1:R1-7:R2$$$",-7.32000000,ok,,flexible
"PEPTIDE1{Me_dA.G.P.dP.P.P.dP}$PEPTIDE1,PEPTIDE1,1:R1-7:R2$$$",-7.53200000,ok,,flexible
"PEPTIDE1{dF.dP.dP.P.D.P.P}$PEPTIDE1,PEPTIDE1,1:R1-7:R2$$$",-6.97000000,ok,,flexible
"PEPTIDE1{dA.T.dP.P.P.dP.Phe(4-CF3)}$PEPTIDE1,PEPTIDE1,1:R1-7:R2$$$",-8.11900000,ok,,flexible
"PEPTIDE1{A.dP.F.P.Mono84.dP.T}$PEPTIDE1,PEPTIDE1,1:R1-7:R2$$$",-8.00000000,ok,,flexible
"PEPTIDE1{dP.P.dP.P.T.D.P}$PEPTIDE1,PEPTIDE1,1:R1-7:R2$$$",-7.31500000,ok,,flexible
"PEPTIDE1{F.P.Y.P.Mono84.dP.P}$PEPTIDE1,PEPTIDE1,1:R1-7:R2$$$",-7.70900000,ok,,flexible
"PEPTIDE1{Me_dA.Mono6.meY.dP.P.P.dP}$PEPTIDE1,PEPTIDE1,1:R1-7:R2$$$",-7.97600000,ok,,flexible
"PEPTIDE1{dA.P.Mono84.P.P.P.dP}$PEPTIDE1,PEPTIDE1,1:R1-7:R2$$$",-7.70300000,ok,,flexible
"PEPTIDE1{dA.F.P.D.dP.dP.Mono84}$PEPTIDE1,PEPTIDE1,1:R1-7:R2$$$",-6.83700000,ok,,flexible
"PEPTIDE1{Me_dA.T.P.P.dP.dP.P}$PEPTIDE1,PEPTIDE1,1:R1-7:R2$$$",-7.42800000,ok,,flexible
"PEPTIDE1{dP.dP.dP.D.P.P.T}$PEPTIDE1,PEPTIDE1,1:R1-7:R2$$$",-6.70900000,ok,,flexible
"PEPTIDE1{F.P.dP.dP.dP.dP.dP}$PEPTIDE1,PEPTIDE1,1:R1-7:R2$$$",-8.73800000,ok,,flexible
"PEPTIDE1{Me_dA.dP.P.Phe(4-CF3).dP.P.dP}$PEPTIDE1,PEPTIDE1,1:R1-7:R2$$$",-7.99500000,ok,,flexible
"PEPTIDE1{Me_dA.P.Y.P.dP.dP.dP}$PEPTIDE1,PEPTIDE1,1:R1-7:R2$$$",-8.06000000,ok,,flexible
"PEPTIDE1{A.dP.P.dP.Phe(4-CF3).T.dP}$PEPTIDE1,PEPTIDE1,1:R1-7:R2$$$",-6.75000000,ok,,flexible
"PEPTIDE1{P.Y.P.P.dP.P.D}$PEPTIDE1,PEPTIDE1,1:R1-7:R2$$$",-7.30100000,ok,,flexible
"PEPTIDE1{P.Y.dP.P.P.dP.D}$PEPTIDE1,PEPTIDE1,1:R1-7:R2$$$",-7.18900000,ok,,flexible
"PEPTIDE1{dP.dP.dP.P.D.T.dP}$PEPTIDE1,PEPTIDE1,1:R1-7:R2$$$",-7.41600000,ok,,flexible
"PEPTIDE1{F.dP.P.dP.dP.T.D}$PEPTIDE1,PEPTIDE1,1:R1-7:R2$$$",-7.55100000,ok,,flexible
"PEPTIDE1{A.Y.dP.P.P.dP.P}$PEPTIDE1,PEPTIDE1,1:R1-7:R2$$$",-7.69000000,ok,,flexible
"PEPTIDE1{P.G.dP.dP.dP.Y.T}$PEPTIDE1,PEPTIDE1,1:R1-7:R2$$$",-7.00800000,ok,,flexible
"PEPTIDE1{Mono6.T.P.P.P.P.P}$PEPTIDE1,PEPTIDE1,1:R1-7:R2$$$",-7.77000000,ok,,flexible
"PEPTIDE1{dP.P.dP.D.T.P.dP}$PEPTIDE1,PEPTIDE1,1:R1-7:R2$$$",-7.02900000,ok,,flexible
"PEPTIDE1{Mono6.dP.P.P.P.D.P}$PEPTIDE1,PEPTIDE1,1:R1-7:R2$$$",-7.26200000,ok,,flexible
"PEPTIDE1{F.P.G.dP.P.Phe(4-CF3).Y}$PEPTIDE1,PEPTIDE1,1:R1-7:R2$$$",-6.55600000,ok,,flexible
"PEPTIDE1{Me_dA.F.dP.dP.dP.P.T}$PEPTIDE1,PEPTIDE1,1:R1-7:R2$$$",-7.57400000,ok,,flexible
"PEPTIDE1{A.cHexCH2_Gly.P.dP.dP.dP.P}$PEPTIDE1,PEPTIDE1,1:R1-7:R2$$$",-7.39900000,ok,,flexible
"PEPTIDE1{P.dP.D.dP.P.P.P}$PEPTIDE1,PEPTIDE1,1:R1-7:R2$$$",-7.59700000,ok,,flexible
"PEPTIDE1{F.P.P.dP.P.dP.T}$PEPTIDE1,PEPTIDE1,1:R1-7:R2$$$",-7.35200000,ok,,flexible
"PEPTIDE1{P.G.T.dP.P.dP.P}$PEPTIDE1,PEPTIDE1,1:R1-7:R2$$$",-7.37900000,ok,,flexible
"PEPTIDE1{dP.Y.dP.dP.T.P.P}$PEPTIDE1,PEPTIDE1,1:R1-7:R2$$$",-7.36300000,ok,,flexible
"PEPTIDE1{Me_dA.dP.Y.P.dP.dP.dP}$PEPTIDE1,PEPTIDE1,1:R1-7:R2$$$",-8.11800000,ok,,flexible
"PEPTIDE1{P.F.G.P.P.P.Phe(4-CF3)}$PEPTIDE1,PEPTIDE1,1:R1-7:R2$$$",-7.37300000,ok,,flexible
"PEPTIDE1{Me_dA.F.dP.T.P.P.dP}$PEPTIDE1,PEPTIDE1,1:R1-7:R2$$$",-8.04300000,ok,,flexible
"PEPTIDE1{A.P.dP.dP.dP.P.Phe(4-CF3)}$PEPTIDE1,PEPTIDE1,1:R1-7:R2$$$",-8.02500000,ok,,flexible
"PEPTIDE1{dP.P.G.P.P.dP.P}$PEPTIDE1,PEPTIDE1,1:R1-7:R2$$$",-7.56400000,ok,,flexible
"PEPTIDE1{dP.dP.dP.P.T.P.P}$PEPTIDE1,PEPTIDE1,1:R1-7:R2$$$",-7.26700000,ok,,flexible
"PEPTIDE1{Me_Bal.3Pal.dP.P.dP.dP.P}$PEPTIDE1,PEPTIDE1,1:R1-7:R2$$$",-7.41900000,ok,,flexible
"PEPTIDE1{Me_dA.P.dP.Y.P.dP.dP}$PEPTIDE1,PEPTIDE1,1:R1-7:R2$$$",-7.87400000,ok,,flexible
"PEPTIDE1{A.Phe(4-CF3).P.P.P.P.dP}$PEPTIDE1,PEPTIDE1,1:R1-7:R2$$$",-7.28500000,ok,,flexible
"PEPTIDE1{Mono6.dP.P.dP.dP.P.Y}$PEPTIDE1,PEPTIDE1,1:R1-7:R2$$$",-7.35200000,ok,,flexible
"PEPTIDE1{dF.dP.dP.D.T.P.dP}$PEPTIDE1,PEPTIDE1,1:R1-7:R2$$$",-6.93400000,ok,,flexible
"PEPTIDE1{A.T.G.P.dP.dP.P}$PEPTIDE1,PEPTIDE1,1:R1-7:R2$$$",-7.62300000,ok,,flexible
"PEPTIDE1{Me_dA.G.P.Mono84.dP.dP.P}$PEPTIDE1,PEPTIDE1,1:R1-7:R2$$$",-8.29100000,ok,,flexible
"PEPTIDE1{Me_dA.P.F.G.Y.dP.dP}$PEPTIDE1,PEPTIDE1,1:R1-7:R2$$$",-6.71300000,ok,,flexible
"PEPTIDE1{A.dP.Phe(4-CF3).dP.dP.P.dP}$PEPTIDE1,PEPTIDE1,1:R1-7:R2$$$",-8.06600000,ok,,flexible
"PEPTIDE1{dA.F.P.dP.P.P.dP}$PEPTIDE1,PEPTIDE1,1:R1-7:R2$$$",-7.60700000,ok,,flexible
"PEPTIDE1{P.G.G.P.dP.P.dP}$PEPTIDE1,PEPTIDE1,1:R1-7:R2$$$",-7.59700000,ok,,flexible
"PEPTIDE1{Me_Bal.P.dP.F.T.P.Y}$PEPTIDE1,PEPTIDE1,1:R1-7:R2$$$",-8.00500000,ok,,flexible
"PEPTIDE1{A.P.P.P.T.dP.dP}$PEPTIDE1,PEPTIDE1,1:R1-7:R2$$$",-7.76400000,ok,,flexible
"PEPTIDE1{dP.Y.P.P.P.P.dP}$PEPTIDE1,PEPTIDE1,1:R1-7:R2$$$",-8.09600000,ok,,flexible
"PEPTIDE1{P.dP.dP.P.Mono84.Y.Phe(4-CF3)}$PEPTIDE1,PEPTIDE1,1:R1-7:R2$$$",-7.30100000,ok,,flexible
"PEPTIDE1{dV.dP.P.P.P.D.T}$PEPTIDE1,PEPTIDE1,1:R1-7:R2$$$",-6.98800000,ok,,flexible
"PEPTIDE1{A.T.Mono84.dP.Phe(4-CF3).D.dP}$PEPTIDE1,PEPTIDE1,1:R1-7:R2$$$",-6.72400000,ok,,flexible
"PEPTIDE1{dP.Y.P.P.dP.dP.P}$PEPTIDE1,PEPTIDE1,1:R1-7:R2$$$",-8.18300000,ok,,flexible
"PEPTIDE1{Mono6.dP.dP.P.P.T.P}$PEPTIDE1,PEPTIDE1,1:R1-7:R2$$$",-8.16800000,ok,,flexible
"PEPTIDE1{Me_dA.Phe(4-CF3).Asp_piperidide.dP.dP.dP.P}$PEPTIDE1,PEPTIDE1,1:R1-7:R2$$$",-7.26900000,ok,,flexible
"PEPTIDE1{dA.T.dP.P.P.P.dP}$PEPTIDE1,PEPTIDE1,1:R1-7:R2$$$",-7.64000000,ok,,flexible
"PEPTIDE1{dA.G.P.dP.dP.dP.dP}$PEPTIDE1,PEPTIDE1,1:R1-7:R2$$$",-8.02700000,ok,,flexible
"PEPTIDE1{P.dP.Y.dP.P.dP.P}$PEPTIDE1,PEPTIDE1,1:R1-7:R2$$$",-8.15000000,ok,,flexible
"PEPTIDE1{Me_dA.F.G.dP.P.P.P}$PEPTIDE1,PEPTIDE1,1:R1-7:R2$$$",-7.18000000,ok,,flexible
"PEPTIDE1{Me_dA.Mono84.Mono84.P.dP.P.dP}$PEPTIDE1,PEPTIDE1,1:R1-7:R2$$$",-7.87800000,ok,,flexible
"PEPTIDE1{dA.Mono84.dP.dP.dP.P.P}$PEPTIDE1,PEPTIDE1,1:R1-7:R2$$$",-7.81400000,ok,,flexible
"PEPTIDE1{Mono6.dP.dP.dP.P.Y.P}$PEPTIDE1,PEPTIDE1,1:R1-7:R2$$$",-7.03000000,ok,,flexible
"PEPTIDE1{dF.D.dP.dP.dP.P.P}$PEPTIDE1,PEPTIDE1,1:R1-7:R2$$$",-8.03500000,ok,,flexible
"PEPTIDE1{F.P.Mono84.Mono84.P.dP.P}$PEPTIDE1,PEPTIDE1,1:R1-7:R2$$$",-7.33100000,ok,,flexible
"PEPTIDE1{P.G.Y.dP.dP.dP.P}$PEPTIDE1,PEPTIDE1,1:R1-7:R2$$$",-7.52400000,ok,,flexible
"PEPTIDE1{A.P.P.dP.dP.D.dP}$PEPTIDE1,PEPTIDE1,1:R1-7:R2$$$",-6.86100000,ok,,flexible
"PEPTIDE1{F.3Pal.dP.dP.P.P.P}$PEPTIDE1,PEPTIDE1,1:R1-7:R2$$$",-7.80100000,ok,,flexible
"PEPTIDE1{Me_Bal.dP.Mono84.Mono84.P.P.P}$PEPTIDE1,PEPTIDE1,1:R1-7:R2$$$",-7.54300000,ok,,flexible
"PEPTIDE1{A.T.dP.P.dP.dP.Phe(4-CF3)}$PEPTIDE1,PEPTIDE1,1:R1-7:R2$$$",-7.75900000,ok,,flexible
"PEPTIDE1{F.P.dP.Mono84.dP.P.P}$PEPTIDE1,PEPTIDE1,1:R1-7:R2$$$",-8.39300000,ok,,flexible
"PEPTIDE1{A.F.T.P.P.dP.dP}$PEPTIDE1,PEPTIDE1,1:R1-7:R2$$$",-7.18300000,ok,,flexible
"PEPTIDE1{Me_dA.P.P.P.P.dP.D}$PEPTIDE1,PEPTIDE1,1:R1-7:R2$$$",-7.71700000,ok,,flexible
"PEPTIDE1{Me_dA.P.dP.dP.dP.D.P}$PEPTIDE1,PEPTIDE1,1:R1-7:R2$$$",-8.20300000,ok,,flexible
"PEPTIDE1{meA.P.dP.P.P.P.T}$PEPTIDE1,PEPTIDE1,1:R1-7:R2$$$",-7.42600000,ok,,flexible
"PEPTIDE1{meA.F.dP.P.G.Mono84.Y}$PEPTIDE1,PEPTIDE1,1:R1-7:R2$$$",-6.92500000,ok,,flexible
"PEPTIDE1{F.dP.dP.Phe(4-CF3).P.P.dP}$PEPTIDE1,PEPTIDE1,1:R1-7:R2$$$",-7.59400000,ok,,flexible
"PEPTIDE1{meA.T.P.dP.dP.P.P}$PEPTIDE1,PEPTIDE1,1:R1-7:R2$$$",-7.39800000,ok,,flexible
"PEPTIDE1{dA.dP.dP.P.dP.T.D}$PEPTIDE1,PEPTIDE1,1:R1-7:R2$$$",-6.95400000,ok,,flexible
"PEPTIDE1{P.Y.T.P.dP.P.P}$PEPTIDE1,PEPTIDE1,1:R1-7:R2$$$",-7.44500000,ok,,flexible
"PEPTIDE1{dF.dP.P.F.Mono84.3Pal.Y}$PEPTIDE1,PEPTIDE1,1:R1-7:R2$$$",-6.79400000,ok,,flexible
"PEPTIDE1{Me_dA.Y.P.P.P.P.dP}$PEPTIDE1,PEPTIDE1,1:R1-7:R2$$$",-7.14800000,ok,,flexible
"PEPTIDE1{dP.dP.Mono84.dP.Phe(4-CF3).dP.T}$PEPTIDE1,PEPTIDE1,1:R1-7:R2$$$",-8.33300000,ok,,flexible
"PEPTIDE1{F.Asp_piperidide.dP.dP.dP.P.T}$PEPTIDE1,PEPTIDE1,1:R1-7:R2$$$",-7.16800000,ok,,flexible
"PEPTIDE1{Mono6.dP.P.Mono84.T.dP.dP}$PEPTIDE1,PEPTIDE1,1:R1-7:R2$$$",-7.96200000,ok,,flexible
"PEPTIDE1{dA.F.dP.dP.dP.Phe(4-CF3).P}$PEPTIDE1,PEPTIDE1,1:R1-7:R2$$$",-6.89200000,ok,,flexible
"PEPTIDE1{dA.dP.dP.P.T.P.P}$PEPTIDE1,PEPTIDE1,1:R1-7:R2$$$",-7.35300000,ok,,flexible
"PEPTIDE1{Me_Bal.P.dP.dP.dP.P.dP}$PEPTIDE1,PEPTIDE1,1:R1-7:R2$$$",-7.90700000,ok,,flexible
"PEPTIDE1{Me_Bal.Mono84.dP.P.dP.dP.P}$PEPTIDE1,PEPTIDE1,1:R1-7:R2$$$",-8.08500000,ok,,flexible
"PEPTIDE1{dP.dP.dP.T.P.D.dP}$PEPTIDE1,PEPTIDE1,1:R1-7:R2$$$",-7.06800000,ok,,flexible
"PEPTIDE1{P.Mono84.dP.P.P.P.P}$PEPTIDE1,PEPTIDE1,1:R1-7:R2$$$",-7.49600000,ok,,flexible
"PEPTIDE1{P.P.dP.P.D.dP.dP}$PEPTIDE1,PEPTIDE1,1:R1-7:R2$$$",-8.05300000,ok,,flexible
"PEPTIDE1{dP.F.P.P.P.dP.dP}$PEPTIDE1,PEPTIDE1,1:R1-7:R2$$$",-8.35200000,ok,,flexible
"PEPTIDE1{Mono6.F.T.Mono84.P.dP.dP}$PEPTIDE1,PEPTIDE1,1:R1-7:R2$$$",-7.81100000,ok,,flexible
"PEPTIDE1{Me_dA.dP.Phe(4-CF3).dP.P.dP.dP}$PEPTIDE1,PEPTIDE1,1:R1-7:R2$$$",-7.64900000,ok,,flexible
"PEPTIDE1{A.F.dP.P.dP.dP.Phe(4-CF3)}$PEPTIDE1,PEPTIDE1,1:R1-7:R2$$$",-7.78000000,ok,,flexible
"PEPTIDE1{F.Ala(5-Tet).P.P.dP.P.P}$PEPTIDE1,PEPTIDE1,1:R1-7:R2$$$",-7.42400000,ok,,flexible
"PEPTIDE1{P.dP.P.P.P.T.D}$PEPTIDE1,PEPTIDE1,1:R1-7:R2$$$",-6.74300000,ok,,flexible
"PEPTIDE1{meA.dP.P.P.P.Y.D}$PEPTIDE1,PEPTIDE1,1:R1-7:R2$$$",-6.95700000,ok,,flexible
"PEPTIDE1{dP.meY.P.dP.P.dP.D}$PEPTIDE1,PEPTIDE1,1:R1-7:R2$$$",-7.75500000,ok,,flexible
"PEPTIDE1{Me_dA.Y.dP.dP.P.dP.P}$PEPTIDE1,PEPTIDE1,1:R1-7:R2$$$",-7.85100000,ok,,flexible
"PEPTIDE1{dA.dP.Mono84.P.dP.P.P}$PEPTIDE1,PEPTIDE1,1:R1-7:R2$$$",-7.80500000,ok,,flexible
"PEPTIDE1{P.P.dP.dP.dP.T.D}$PEPTIDE1,PEPTIDE1,1:R1-7:R2$$$",-8.00100000,ok,,flexible
"PEPTIDE1{A.P.dP.dP.Phe(4-CF3).P.P}$PEPTIDE1,PEPTIDE1,1:R1-7:R2$$$",-7.69000000,ok,,flexible
"PEPTIDE1{A.T.dP.Y.P.Phe(4-CF3).dP}$PEPTIDE1,PEPTIDE1,1:R1-7:R2$$$",-7.72800000,ok,,flexible
"PEPTIDE1{F.Mono84.Mono84.dP.P.dP.P}$PEPTIDE1,PEPTIDE1,1:R1-7:R2$$$",-7.97000000,ok,,flexible
"PEPTIDE1{dP.P.P.P.P.P.T}$PEPTIDE1,PEPTIDE1,1:R1-7:R2$$$",-8.38500000,ok,,flexible
"PEPTIDE1{meA.P.P.dP.dP.P.P}$PEPTIDE1,PEPTIDE1,1:R1-7:R2$$$",-7.84400000,ok,,flexible
"PEPTIDE1{Mono6.Mono84.G.Mono84.dP.P.P}$PEPTIDE1,PEPTIDE1,1:R1-7:R2$$$",-7.71900000,ok,,flexible
"PEPTIDE1{dF.3Pal.Mono84.P.dP.dP.dP}$PEPTIDE1,PEPTIDE1,1:R1-7:R2$$$",-7.95600000,ok,,flexible
"PEPTIDE1{A.dP.dP.T.D.P.dP}$PEPTIDE1,PEPTIDE1,1:R1-7:R2$$$",-7.59700000,ok,,flexible
"PEPTIDE1{dV.dP.P.dP.D.P.dP}$PEPTIDE1,PEPTIDE1,1:R1-7:R2$$$",-7.28400000,ok,,flexible
"PEPTIDE1{dF.3Pal.Mono84.dP.P.dP.dP}$PEPTIDE1,PEPTIDE1,1:R1-7:R2$$$",-8.61300000,ok,,flexible
"PEPTIDE1{A.P.Phe(4-CF3).dP.P.dP.dP}$PEPTIDE1,PEPTIDE1,1:R1-7:R2$$$",-8.43400000,ok,,flexible
"PEPTIDE1{P.P.G.P.P.dP.Phe(4-CF3)}$PEPTIDE1,PEPTIDE1,1:R1-7:R2$$$",-7.17500000,ok,,flexible
"PEPTIDE1{Me_dA.P.dP.P.dP.P.Phe(4-CF3)}$PEPTIDE1,PEPTIDE1,1:R1-7:R2$$$",-7.04500000,ok,,flexible
"PEPTIDE1{dP.F.P.P.P.dP.P}$PEPTIDE1,PEPTIDE1,1:R1-7:R2$$$",-7.68800000,ok,,flexible
"PEPTIDE1{dF.F.P.Mono84.Mono84.P.dP}$PEPTIDE1,PEPTIDE1,1:R1-7:R2$$$",-7.51100000,ok,,flexible
"PEPTIDE1{A.F.P.P.dP.dP.P}$PEPTIDE1,PEPTIDE1,1:R1-7:R2$$$",-7.99100000,ok,,flexible
"PEPTIDE1{A.dP.G.P.dP.dP.T}$PEPTIDE1,PEPTIDE1,1:R1-7:R2$$$",-7.76600000,ok,,flexible
"PEPTIDE1{F.P.dP.dP.P.T.P}$PEPTIDE1,PEPTIDE1,1:R1-7:R2$$$",-8.31400000,ok,,flexible
"PEPTIDE1{dA.dP.dP.dP.P.T.Phe(4-CF3)}$PEPTIDE1,PEPTIDE1,1:R1-7:R2$$$",-7.54400000,ok,,flexible
"PEPTIDE1{dA.Mono84.T.dP.P.dP.P}$PEPTIDE1,PEPTIDE1,1:R1-7:R2$$$",-7.44000000,ok,,flexible
"PEPTIDE1{Me_dA.G.Mono84.P.dP.dP.dP}$PEPTIDE1,PEPTIDE1,1:R1-7:R2$$$",-8.01200000,ok,,flexible
"PEPTIDE1{Mono6.dP.dP.P.T.D.dP}$PEPTIDE1,PEPTIDE1,1:R1-7:R2$$$",-7.70900000,ok,,flexible
"PEPTIDE1{Me_Bal.Mono84.P.dP.P.P.P}$PEPTIDE1,PEPTIDE1,1:R1-7:R2$$$",-7.97200000,ok,,flexible
"PEPTIDE1{F.G.Mono84.P.P.dP.dP}$PEPTIDE1,PEPTIDE1,1:R1-7:R2$$$",-7.66300000,ok,,flexible
"PEPTIDE1{dA.T.Mono84.dP.dP.P.P}$PEPTIDE1,PEPTIDE1,1:R1-7:R2$$$",-7.36500000,ok,,flexible
"PEPTIDE1{A.P.dP.dP.D.P.dP}$PEPTIDE1,PEPTIDE1,1:R1-7:R2$$$",-6.94900000,ok,,flexible
"PEPTIDE1{F.G.P.dP.T.P.P}$PEPTIDE1,PEPTIDE1,1:R1-7:R2$$$",-7.07700000,ok,,flexible
"PEPTIDE1{Me_dA.dP.T.Y.P.P.dP}$PEPTIDE1,PEPTIDE1,1:R1-7:R2$$$",-7.31900000,ok,,flexible
"PEPTIDE1{F.dP.dP.T.P.dP.P}$PEPTIDE1,PEPTIDE1,1:R1-7:R2$$$",-7.24000000,ok,,flexible
"PEPTIDE1{dV.dP.P.dP.P.P.T}$PEPTIDE1,PEPTIDE1,1:R1-7:R2$$$",-6.84600000,ok,,flexible
"PEPTIDE1{Me_dA.meY.T.P.P.Y.dP}$PEPTIDE1,PEPTIDE1,1:R1-7:R2$$$",-6.72600000,ok,,flexible
"PEPTIDE1{dF.P.P.P.dP.D.P}$PEPTIDE1,PEPTIDE1,1:R1-7:R2$$$",-7.20200000,ok,,flexible
"PEPTIDE1{F.G.Phe(4-CF3).dP.P.dP.dP}$PEPTIDE1,PEPTIDE1,1:R1-7:R2$$$",-7.73100000,ok,,flexible
"PEPTIDE1{F.dP.P.Mono84.dP.Mono84.P}$PEPTIDE1,PEPTIDE1,1:R1-7:R2$$$",-7.53700000,ok,,flexible
"PEPTIDE1{dV.dP.P.P.dP.D.dP}$PEPTIDE1,PEPTIDE1,1:R1-7:R2$$$",-6.73700000,ok,,flexible
"PEPTIDE1{Me_dA.P.meY.P.P.dP.P}$PEPTIDE1,PEPTIDE1,1:R1-7:R2$$$",-7.95700000,ok,,flexible
"PEPTIDE1{Me_dA.G.A.P.P.Phe(4-CF3).P}$PEPTIDE1,PEPTIDE1,1:R1-7:R2$$$",-7.26900000,ok,,flexible
"PEPTIDE1{dF.3Pal.dP.dP.P.P.P}$PEPTIDE1,PEPTIDE1,1:R1-7:R2$$$",-7.94100000,ok,,flexible
"PEPTIDE1{dF.Y.Mono84.P.P.P.P}$PEPTIDE1,PEPTIDE1,1:R1-7:R2$$$",-7.15600000,ok,,flexible
"PEPTIDE1{P.D.dP.dP.dP.P.P}$PEPTIDE1,PEPTIDE1,1:R1-7:R2$$$",-7.37400000,ok,,flexible
"PEPTIDE1{F.cHexCH2_Gly.dP.P.P.dP.dP}$PEPTIDE1,PEPTIDE1,1:R1-7:R2$$$",-7.72500000,ok,,flexible
"PEPTIDE1{P.A.P.dP.dP.dP.dP}$PEPTIDE1,PEPTIDE1,1:R1-7:R2$$$",-8.46800000,ok,,flexible
"PEPTIDE1{Mono6.Mono84.dP.P.P.P.P}$PEPTIDE1,PEPTIDE1,1:R1-7:R2$$$",-7.39700000,ok,,flexible
"PEPTIDE1{F.P.dP.D.P.P.P}$PEPTIDE1,PEPTIDE1,1:R1-7:R2$$$",-7.27600000,ok,,flexible
"PEPTIDE1{dA.dP.G.P.P.dP.dP}$PEPTIDE1,PEPTIDE1,1:R1-7:R2$$$",-8.15400000,ok,,flexible
"PEPTIDE1{Me_dA.G.P.P.P.P.dP}$PEPTIDE1,PEPTIDE1,1:R1-7:R2$$$",-8.18200000,ok,,flexible
"PEPTIDE1{A.dP.Y.Mono84.P.dP.G}$PEPTIDE1,PEPTIDE1,1:R1-7:R2$$$",-7.90500000,ok,,flexible
"PEPTIDE1{Me_dA.G.dP.dP.Y.Mono84.P}$PEPTIDE1,PEPTIDE1,1:R1-7:R2$$$",-7.71500000,ok,,flexible
"PEPTIDE1{dA.P.Mono84.dP.dP.dP.T}$PEPTIDE1,PEPTIDE1,1:R1-7:R2$$$",-7.68200000,ok,,flexible
"PEPTIDE1{meA.T.dP.P.dP.P.dP}$PEPTIDE1,PEPTIDE1,1:R1-7:R2$$$",-7.30900000,ok,,flexible
"PEPTIDE1{dP.P.P.P.P.T.P}$PEPTIDE1,PEPTIDE1,1:R1-7:R2$$$",-8.45700000,ok,,flexible
"PEPTIDE1{Me_dA.Pr_Gly.dP.P.dP.P.P}$PEPTIDE1,PEPTIDE1,1:R1-7:R2$$$",-6.94900000,ok,,flexible
"PEPTIDE1{dP.P.P.T.Phe(4-CF3).Y.P}$PEPTIDE1,PEPTIDE1,1:R1-7:R2$$$",-7.14300000,ok,,flexible
"PEPTIDE1{P.P.P.T.Hyp(Et).dP.P}$PEPTIDE1,PEPTIDE1,1:R1-7:R2$$$",-6.75800000,ok,,flexible
"PEPTIDE1{dA.dP.P.dP.P.dP.D}$PEPTIDE1,PEPTIDE1,1:R1-7:R2$$$",-7.34200000,ok,,flexible
"PEPTIDE1{F.dP.dP.dP.P.dP.Phe(4-CF3)}$PEPTIDE1,PEPTIDE1,1:R1-7:R2$$$",-7.05300000,ok,,flexible
"PEPTIDE1{P.Mono6.P.P.dP.P.P}$PEPTIDE1,PEPTIDE1,1:R1-7:R2$$$",-7.79700000,ok,,flexible
"PEPTIDE1{F.dP.dP.P.P.dP.Phe(4-CF3)}$PEPTIDE1,PEPTIDE1,1:R1-7:R2$$$",-7.05300000,ok,,flexible
"PEPTIDE1{F.Y.P.P.dP.dP.P}$PEPTIDE1,PEPTIDE1,1:R1-7:R2$$$",-7.92900000,ok,,flexible
"PEPTIDE1{meA.dP.P.P.P.dP.P}$PEPTIDE1,PEPTIDE1,1:R1-7:R2$$$",-7.90900000,ok,,flexible
"PEPTIDE1{dF.dP.D.P.dP.P.dP}$PEPTIDE1,PEPTIDE1,1:R1-7:R2$$$",-7.63900000,ok,,flexible
"PEPTIDE1{Me_Bal.G.Phe(4-CF3).dP.dP.P.dP}$PEPTIDE1,PEPTIDE1,1:R1-7:R2$$$",-8.39000000,ok,,flexible
"PEPTIDE1{dP.Y.P.P.dP.D.dP}$PEPTIDE1,PEPTIDE1,1:R1-7:R2$$$",-7.26300000,ok,,flexible
"PEPTIDE1{dV.dP.dP.P.P.P.D}$PEPTIDE1,PEPTIDE1,1:R1-7:R2$$$",-7.64900000,ok,,flexible
"PEPTIDE1{dA.P.Y.P.dP.P.dP}$PEPTIDE1,PEPTIDE1,1:R1-7:R2$$$",-7.66700000,ok,,flexible
"PEPTIDE1{Mono6.dP.P.dP.dP.P.dP}$PEPTIDE1,PEPTIDE1,1:R1-7:R2$$$",-8.41300000,ok,,flexible
"PEPTIDE1{Me_Bal.Phe(4-CF3).P.P.dP.P.P}$PEPTIDE1,PEPTIDE1,1:R1-7:R2$$$",-8.13400000,ok,,flexible
"PEPTIDE1{dA.P.dP.P.P.D.P}$PEPTIDE1,PEPTIDE1,1:R1-7:R2$$$",-7.39300000,ok,,flexible
"PEPTIDE1{F.G.Y.Mono84.P.P.P}$PEPTIDE1,PEPTIDE1,1:R1-7:R2$$$",-7.63800000,ok,,flexible
"PEPTIDE1{A.F.G.P.dP.P.P}$PEPTIDE1,PEPTIDE1,1:R1-7:R2$$$",-7.59100000,ok,,flexible
"PEPTIDE1{Mono6.P.dP.P.P.D.T}$PEPTIDE1,PEPTIDE1,1:R1-7:R2$$$",-6.68800000,ok,,flexible
"PEPTIDE1{Me_dA.Phe(4-CF3).dP.dP.P.P.dP}$PEPTIDE1,PEPTIDE1,1:R1-7:R2$$$",-8.28500000,ok,,flexible
"PEPTIDE1{dF.P.dP.Mono84.P.P.dP}$PEPTIDE1,PEPTIDE1,1:R1-7:R2$$$",-8.61700000,ok,,flexible
"PEPTIDE1{dA.dP.P.dP.dP.T.D}$PEPTIDE1,PEPTIDE1,1:R1-7:R2$$$",-7.32400000,ok,,flexible
"PEPTIDE1{dP.Mono84.Phe(4-CF3).P.F.T.Y}$PEPTIDE1,PEPTIDE1,1:R1-7:R2$$$",-6.28200000,ok,,flexible
"PEPTIDE1{F.dP.G.Mono84.Mono84.T.Mono84}$PEPTIDE1,PEPTIDE1,1:R1-7:R2$$$",-7.49400000,ok,,flexible
"PEPTIDE1{Me_dA.Phe(4-CF3).P.dP.dP.dP.T}$PEPTIDE1,PEPTIDE1,1:R1-7:R2$$$",-7.25600000,ok,,flexible
"PEPTIDE1{Me_dA.dP.Mono84.P.dP.P.dP}$PEPTIDE1,PEPTIDE1,1:R1-7:R2$$$",-7.43000000,ok,,flexible
"PEPTIDE1{dP.D.P.dP.P.dP.P}$PEPTIDE1,PEPTIDE1,1:R1-7:R2$$$",-7.09400000,ok,,flexible
"PEPTIDE1{dA.dP.D.P.dP.dP.P}$PEPTIDE1,PEPTIDE1,1:R1-7:R2$$$",-7.97100000,ok,,flexible
"PEPTIDE1{Me_dA.G.P.P.dP.P.P}$PEPTIDE1,PEPTIDE1,1:R1-7:R2$$$",-8.13900000,ok,,flexible
"PEPTIDE1{dA.T.dP.dP.P.dP.Phe(4-CF3)}$PEPTIDE1,PEPTIDE1,1:R1-7:R2$$$",-8.59100000,ok,,flexible
"PEPTIDE1{F.dP.T.Mono84.dP.P.P}$PEPTIDE1,PEPTIDE1,1:R1-7:R2$$$",-7.12200000,ok,,flexible
"PEPTIDE1{meA.dP.dP.P.P.T.Phe(4-CF3)}$PEPTIDE1,PEPTIDE1,1:R1-7:R2$$$",-7.26900000,ok,,flexible
"PEPTIDE1{dP.Phe(4-CF3).P.dP.P.P.P}$PEPTIDE1,PEPTIDE1,1:R1-7:R2$$$",-7.87200000,ok,,flexible
"PEPTIDE1{dP.P.P.P.dP.P.T}$PEPTIDE1,PEPTIDE1,1:R1-7:R2$$$",-7.90000000,ok,,flexible
"PEPTIDE1{P.Mono84.F.Mono84.P.P.P}$PEPTIDE1,PEPTIDE1,1:R1-7:R2$$$",-7.81800000,ok,,flexible
"PEPTIDE1{F.dP.P.dP.D.T.dP}$PEPTIDE1,PEPTIDE1,1:R1-7:R2$$$",-6.82400000,ok,,flexible
"PEPTIDE1{dP.F.G.P.P.P.dP}$PEPTIDE1,PEPTIDE1,1:R1-7:R2$$$",-7.59400000,ok,,flexible
"PEPTIDE1{meA.dP.F.dP.Mono84.P.T}$PEPTIDE1,PEPTIDE1,1:R1-7:R2$$$",-6.73000000,ok,,flexible
"PEPTIDE1{Me_Bal.Mono84.P.Y.P.Y.dP}$PEPTIDE1,PEPTIDE1,1:R1-7:R2$$$",-6.90300000,ok,,flexible
"PEPTIDE1{A.Y.dP.P.dP.P.P}$PEPTIDE1,PEPTIDE1,1:R1-7:R2$$$",-7.54700000,ok,,flexible
"PEPTIDE1{Me_dA.T.P.P.P.dP.dP}$PEPTIDE1,PEPTIDE1,1:R1-7:R2$$$",-7.45100000,ok,,flexible
"PEPTIDE1{Me_dA.T.P.P.P.P.P}$PEPTIDE1,PEPTIDE1,1:R1-7:R2$$$",-7.13100000,ok,,flexible
"PEPTIDE1{Mono6.dP.P.dP.dP.dP.T}$PEPTIDE1,PEPTIDE1,1:R1-7:R2$$$",-7.47200000,ok,,flexible
"PEPTIDE1{dV.P.P.P.dP.D.T}$PEPTIDE1,PEPTIDE1,1:R1-7:R2$$$",-6.87700000,ok,,flexible
"PEPTIDE1{P.P.T.dP.P.Phe(4-CF3).L}$PEPTIDE1,PEPTIDE1,1:R1-7:R2$$$",-7.05800000,ok,,flexible
"PEPTIDE1{Mono6.dP.P.dP.P.D.dP}$PEPTIDE1,PEPTIDE1,1:R1-7:R2$$$",-7.19700000,ok,,flexible
"PEPTIDE1{dP.A.dP.P.dP.Phe(4-CF3).D}$PEPTIDE1,PEPTIDE1,1:R1-7:R2$$$",-7.81700000,ok,,flexible
"PEPTIDE1{Me_dA.dP.P.Y.dP.P.P}$PEPTIDE1,PEPTIDE1,1:R1-7:R2$$$",-7.89400000,ok,,flexible
"PEPTIDE1{dA.G.F.dP.T.dP.P}$PEPTIDE1,PEPTIDE1,1:R1-7:R2$$$",-7.34600000,ok,,flexible
"PEPTIDE1{F.meL.dP.P.P.dP.P}$PEPTIDE1,PEPTIDE1,1:R1-7:R2$$$",-6.91700000,ok,,flexible
"PEPTIDE1{dP.Y.dP.P.P.dP.Phe(4-CF3)}$PEPTIDE1,PEPTIDE1,1:R1-7:R2$$$",-8.05100000,ok,,flexible
"PEPTIDE1{P.D.dP.P.dP.dP.P}$PEPTIDE1,PEPTIDE1,1:R1-7:R2$$$",-7.75900000,ok,,flexible
"PEPTIDE1{F.3Pal.P.dP.dP.P.dP}$PEPTIDE1,PEPTIDE1,1:R1-7:R2$$$",-8.06500000,ok,,flexible
"PEPTIDE1{P.dP.dP.P.dP.T.dP}$PEPTIDE1,PEPTIDE1,1:R1-7:R2$$$",-7.80600000,ok,,flexible
"PEPTIDE1{P.dP.T.P.P.P.P}$PEPTIDE1,PEPTIDE1,1:R1-7:R2$$$",-7.56800000,ok,,flexible
"PEPTIDE1{F.Mono84.dP.Y.P.P.T}$PEPTIDE1,PEPTIDE1,1:R1-7:R2$$$",-7.04700000,ok,,flexible
"PEPTIDE1{P.F.dP.Mono84.dP.P.P}$PEPTIDE1,PEPTIDE1,1:R1-7:R2$$$",-8.08800000,ok,,flexible
"PEPTIDE1{A.dP.Mono84.Y.Phe(4-CF3).dP.P}$PEPTIDE1,PEPTIDE1,1:R1-7:R2$$$",-8.04300000,ok,,flexible
"PEPTIDE1{A.G.dP.P.P.Y.dP}$PEPTIDE1,PEPTIDE1,1:R1-7:R2$$$",-7.55300000,ok,,flexible
"PEPTIDE1{Me_dA.F.Y.T.P.dP.dP}$PEPTIDE1,PEPTIDE1,1:R1-7:R2$$$",-7.39400000,ok,,flexible
"PEPTIDE1{Mono6.dP.dP.dP.dP.P.D}$PEPTIDE1,PEPTIDE1,1:R1-7:R2$$$",-7.16200000,ok,,flexible
"PEPTIDE1{Me_dA.dP.T.D.P.P.dP}$PEPTIDE1,PEPTIDE1,1:R1-7:R2$$$",-7.38900000,ok,,flexible
"PEPTIDE1{Me_dA.dP.G.dP.P.P.P}$PEPTIDE1,PEPTIDE1,1:R1-7:R2$$$",-7.69800000,ok,,flexible
"PEPTIDE1{Mono6.dP.dP.P.dP.T.D}$PEPTIDE1,PEPTIDE1,1:R1-7:R2$$$",-6.80700000,ok,,flexible
"PEPTIDE1{A.dP.dP.dP.T.dP.T}$PEPTIDE1,PEPTIDE1,1:R1-7:R2$$$",-7.55900000,ok,,flexible
"PEPTIDE1{F.dP.P.G.P.dP.dP}$PEPTIDE1,PEPTIDE1,1:R1-7:R2$$$",-7.64400000,ok,,flexible
"PEPTIDE1{P.F.P.dP.P.dP.dP}$PEPTIDE1,PEPTIDE1,1:R1-7:R2$$$",-7.43000000,ok,,flexible
"PEPTIDE1{dP.F.dP.Y.P.dP.P}$PEPTIDE1,PEPTIDE1,1:R1-7:R2$$$",-7.81300000,ok,,flexible
"PEPTIDE1{Me_dA.Y.Y.dP.P.dP.P}$PEPTIDE1,PEPTIDE1,1:R1-7:R2$$$",-7.84500000,ok,,flexible
"PEPTIDE1{Me_dA.dP.P.P.dP.P.D}$PEPTIDE1,PEPTIDE1,1:R1-7:R2$$$",-8.36200000,ok,,flexible
"PEPTIDE1{Me_Bal.G.dP.dP.P.dP.T}$PEPTIDE1,PEPTIDE1,1:R1-7:R2$$$",-7.23400000,ok,,flexible
"PEPTIDE1{dV.dP.P.dP.P.T.P}$PEPTIDE1,PEPTIDE1,1:R1-7:R2$$$",-7.16200000,ok,,flexible
"PEPTIDE1{F.3Pal.meL.P.P.P.dP}$PEPTIDE1,PEPTIDE1,1:R1-7:R2$$$",-6.98900000,ok,,flexible
"PEPTIDE1{dP.Y.dP.P.dP.P.Phe(4-CF3)}$PEPTIDE1,PEPTIDE1,1:R1-7:R2$$$",-7.73300000,ok,,flexible
"PEPTIDE1{dP.P.dP.P.dP.P.dP}$PEPTIDE1,PEPTIDE1,1:R1-7:R2$$$",-8.12000000,ok,,flexible
"PEPTIDE1{dF.dP.P.dP.P.D.T}$PEPTIDE1,PEPTIDE1,1:R1-7:R2$$$",-7.49200000,ok,,flexible
"PEPTIDE1{dP.F.Phe(4-CF3).P.P.dP.P}$PEPTIDE1,PEPTIDE1,1:R1-7:R2$$$",-7.26800000,ok,,flexible
"PEPTIDE1{Mono6.P.F.Mono84.Y.3Pal.dP}$PEPTIDE1,PEPTIDE1,1:R1-7:R2$$$",-6.76800000,ok,,flexible
"PEPTIDE1{dF.P.dP.P.P.T.Phe(4-CF3)}$PEPTIDE1,PEPTIDE1,1:R1-7:R2$$$",-6.79600000,ok,,flexible
"PEPTIDE1{dF.Y.P.P.P.P.dP}$PEPTIDE1,PEPTIDE1,1:R1-7:R2$$$",-8.29800000,ok,,flexible
"PEPTIDE1{A.Mono84.F.Y.P.dP.P}$PEPTIDE1,PEPTIDE1,1:R1-7:R2$$$",-7.72900000,ok,,flexible
"PEPTIDE1{F.G.Mono84.P.Mono84.dP.Phe(4-CF3)}$PEPTIDE1,PEPTIDE1,1:R1-7:R2$$$",-7.76000000,ok,,flexible
"PEPTIDE1{A.T.P.dP.dP.P.dP}$PEPTIDE1,PEPTIDE1,1:R1-7:R2$$$",-7.90500000,ok,,flexible
"PEPTIDE1{dP.P.P.dP.P.D.P}$PEPTIDE1,PEPTIDE1,1:R1-7:R2$$$",-6.95500000,ok,,flexible
"PEPTIDE1{dV.dP.dP.dP.P.P.D}$PEPTIDE1,PEPTIDE1,1:R1-7:R2$$$",-7.08800000,ok,,flexible
"PEPTIDE1{A.T.dP.dP.P.dP.Phe(4-CF3)}$PEPTIDE1,PEPTIDE1,1:R1-7:R2$$$",-7.91300000,ok,,flexible
"PEPTIDE1{dP.P.P.dP.P.dP.Phe(4-CF3)}$PEPTIDE1,PEPTIDE1,1:R1-7:R2$$$",-7.80700000,ok,,flexible
"PEPTIDE1{F.dP.P.Phe(4-CF3).P.P.dP}$PEPTIDE1,PEPTIDE1,1:R1-7:R2$$$",-7.27300000,ok,,flexible
"PEPTIDE1{dA.F.G.dP.dP.P.P}$PEPTIDE1,PEPTIDE1,1:R1-7:R2$$$",-7.45200000,ok,,flexible
"PEPTIDE1{Me_dA.G.P.Y.dP.P.P}$PEPTIDE1,PEPTIDE1,1:R1-7:R2$$$",-7.33300000,ok,,flexible
"PEPTIDE1{Me_dA.P.Y.3Pal.D.P.P}$PEPTIDE1,PEPTIDE1,1:R1-7:R2$$$",-7.43500000,ok,,flexible
"PEPTIDE1{dF.dP.P.dP.dP.T.D}$PEPTIDE1,PEPTIDE1,1:R1-7:R2$$$",-7.38600000,ok,,flexible
"PEPTIDE1{A.dP.T.P.Y.P.dP}$PEPTIDE1,PEPTIDE1,1:R1-7:R2$$$",-7.08800000,ok,,flexible
"PEPTIDE1{F.cHexCH2_Gly.P.Mono84.P.dP.dP}$PEPTIDE1,PEPTIDE1,1:R1-7:R2$$$",-7.80200000,ok,,flexible
"PEPTIDE1{Me_dA.P.dP.P.P.D.T}$PEPTIDE1,PEPTIDE1,1:R1-7:R2$$$",-7.35100000,ok,,flexible
"PEPTIDE1{Me_dA.dP.P.dP.D.P.dP}$PEPTIDE1,PEPTIDE1,1:R1-7:R2$$$",-7.21700000,ok,,flexible
"PEPTIDE1{F.F.dP.Mono84.P.Mono84.dP}$PEPTIDE1,PEPTIDE1,1:R1-7:R2$$$",-7.58800000,ok,,flexible
"PEPTIDE1{A.dP.dP.D.dP.P.P}$PEPTIDE1,PEPTIDE1,1:R1-7:R2$$$",-7.52900000,ok,,flexible
"PEPTIDE1{dF.Y.P.D.dP.P.P}$PEPTIDE1,PEPTIDE1,1:R1-7:R2$$$",-7.04000000,ok,,flexible
"PEPTIDE1{F.dP.dP.dP.T.dP.P}$PEPTIDE1,PEPTIDE1,1:R1-7:R2$$$",-7.47700000,ok,,flexible
"PEPTIDE1{A.P.dP.P.P.P.Phe(4-CF3)}$PEPTIDE1,PEPTIDE1,1:R1-7:R2$$$",-8.37100000,ok,,flexible
"PEPTIDE1{P.dP.Y.T.dP.P.P}$PEPTIDE1,PEPTIDE1,1:R1-7:R2$$$",-7.52200000,ok,,flexible
"PEPTIDE1{dA.P.P.dP.P.P.D}$PEPTIDE1,PEPTIDE1,1:R1-7:R2$$$",-6.97800000,ok,,flexible
"PEPTIDE1{dP.D.dP.P.P.P.P}$PEPTIDE1,PEPTIDE1,1:R1-7:R2$$$",-7.59900000,ok,,flexible
"PEPTIDE1{A.P.T.dP.dP.dP.Phe(4-CF3)}$PEPTIDE1,PEPTIDE1,1:R1-7:R2$$$",-7.54700000,ok,,flexible
"PEPTIDE1{Me_dA.dP.G.P.dP.dP.dP}$PEPTIDE1,PEPTIDE1,1:R1-7:R2$$$",-8.31800000,ok,,flexible
"PEPTIDE1{dP.G.P.dP.P.P.P}$PEPTIDE1,PEPTIDE1,1:R1-7:R2$$$",-7.78100000,ok,,flexible
"PEPTIDE1{A.Mono84.P.P.P.dP.P}$PEPTIDE1,PEPTIDE1,1:R1-7:R2$$$",-7.35300000,ok,,flexible
"PEPTIDE1{dA.Mono6.dP.P.P.dP.P}$PEPTIDE1,PEPTIDE1,1:R1-7:R2$$$",-8.38000000,ok,,flexible
"PEPTIDE1{Me_dA.P.T.P.dP.dP.dP}$PEPTIDE1,PEPTIDE1,1:R1-7:R2$$$",-7.74900000,ok,,flexible
"PEPTIDE1{Me_dA.cHexCH2_Gly.Phe(4-CF3).dP.dP.dP.dP}$PEPTIDE1,PEPTIDE1,1:R1-7:R2$$$",-6.79600000,ok,,flexible
"PEPTIDE1{P.dP.P.P.D.P.dP}$PEPTIDE1,PEPTIDE1,1:R1-7:R2$$$",-6.97900000,ok,,flexible
"PEPTIDE1{F.Mono84.dP.dP.P.P.dP}$PEPTIDE1,PEPTIDE1,1:R1-7:R2$$$",-7.43900000,ok,,flexible
"PEPTIDE1{Me_Bal.dP.P.P.P.dP.P}$PEPTIDE1,PEPTIDE1,1:R1-7:R2$$$",-7.68900000,ok,,flexible
"PEPTIDE1{F.dP.G.P.Mono84.Phe(4-CF3).Y}$PEPTIDE1,PEPTIDE1,1:R1-7:R2$$$",-7.93700000,ok,,flexible
"PEPTIDE1{dA.dP.dP.dP.T.D.dP}$PEPTIDE1,PEPTIDE1,1:R1-7:R2$$$",-7.27300000,ok,,flexible
"PEPTIDE1{Me_dA.Mono84.P.P.dP.dP.P}$PEPTIDE1,PEPTIDE1,1:R1-7:R2$$$",-7.56400000,ok,,flexible
"PEPTIDE1{F.dP.Mono84.P.P.dP.dP}$PEPTIDE1,PEPTIDE1,1:R1-7:R2$$$",-8.40900000,ok,,flexible
"PEPTIDE1{dA.F.G.P.P.dP.dP}$PEPTIDE1,PEPTIDE1,1:R1-7:R2$$$",-7.31900000,ok,,flexible
"PEPTIDE1{A.P.P.dP.P.T.D}$PEPTIDE1,PEPTIDE1,1:R1-7:R2$$$",-6.93300000,ok,,flexible
"PEPTIDE1{Me_dA.Y.dP.dP.dP.D.T}$PEPTIDE1,PEPTIDE1,1:R1-7:R2$$$",-6.80200000,ok,,flexible
"PEPTIDE1{A.meL.P.P.P.P.dP}$PEPTIDE1,PEPTIDE1,1:R1-7:R2$$$",-7.52600000,ok,,flexible
"PEPTIDE1{F.G.dP.dP.dP.dP.T}$PEPTIDE1,PEPTIDE1,1:R1-7:R2$$$",-8.07100000,ok,,flexible
"PEPTIDE1{Me_dL.P.P.dP.P.P.D}$PEPTIDE1,PEPTIDE1,1:R1-7:R2$$$",-6.90800000,ok,,flexible
"PEPTIDE1{A.P.P.dP.dP.D.P}$PEPTIDE1,PEPTIDE1,1:R1-7:R2$$$",-6.77800000,ok,,flexible
"PEPTIDE1{Mono6.meL.P.Asp_piperidide.T.P.dP}$PEPTIDE1,PEPTIDE1,1:R1-7:R2$$$",-7.00100000,ok,,flexible
"PEPTIDE1{F.P.dP.Mono84.P.dP.dP}$PEPTIDE1,PEPTIDE1,1:R1-7:R2$$$",-7.93200000,ok,,flexible
"PEPTIDE1{dV.P.P.P.P.dP.T}$PEPTIDE1,PEPTIDE1,1:R1-7:R2$$$",-7.53100000,ok,,flexible
"PEPTIDE1{P.F.Y.Mono84.P.P.dP}$PEPTIDE1,PEPTIDE1,1:R1-7:R2$$$",-7.30700000,ok,,flexible
"PEPTIDE1{P.F.dP.Mono84.Mono84.T.dP}$PEPTIDE1,PEPTIDE1,1:R1-7:R2$$$",-8.55700000,ok,,flexible
"PEPTIDE1{dA.dP.P.dP.dP.P.dP}$PEPTIDE1,PEPTIDE1,1:R1-7:R2$$$",-8.04400000,ok,,flexible
"PEPTIDE1{Me_dA.dP.dP.T.D.P.P}$PEPTIDE1,PEPTIDE1,1:R1-7:R2$$$",-6.52600000,ok,,flexible
"PEPTIDE1{meA.meY.dP.dP.P.dP.P}$PEPTIDE1,PEPTIDE1,1:R1-7:R2$$$",-7.62900000,ok,,flexible
"PEPTIDE1{Me_dA.F.P.dP.P.P.dP}$PEPTIDE1,PEPTIDE1,1:R1-7:R2$$$",-7.79000000,ok,,flexible
"PEPTIDE1{Me_Bal.P.Mono84.dP.dP.P.P}$PEPTIDE1,PEPTIDE1,1:R1-7:R2$$$",-8.33900000,ok,,flexible
"PEPTIDE1{dP.P.F.Y.P.dP.P}$PEPTIDE1,PEPTIDE1,1:R1-7:R2$$$",-7.52900000,ok,,flexible
"PEPTIDE1{F.Phe(4-CF3).P.dP.P.dP.dP}$PEPTIDE1,PEPTIDE1,1:R1-7:R2$$$",-7.68400000,ok,,flexible
"PEPTIDE1{Me_dA.Y.G.P.P.dP.dP}$PEPTIDE1,PEPTIDE1,1:R1-7:R2$$$",-7.71100000,ok,,flexible
"PEPTIDE1{F.Mono84.dP.Y.dP.3Pal.dP}$PEPTIDE1,PEPTIDE1,1:R1-7:R2$$$",-6.98400000,ok,,flexible
"PEPTIDE1{P.F.Y.dP.dP.P.dP}$PEPTIDE1,PEPTIDE1,1:R1-7:R2$$$",-7.85500000,ok,,flexible
"PEPTIDE1{dF.P.P.Mono84.T.D.dP}$PEPTIDE1,PEPTIDE1,1:R1-7:R2$$$",-7.58900000,ok,,flexible
"PEPTIDE1{A.Y.Mono84.P.dP.dP.P}$PEPTIDE1,PEPTIDE1,1:R1-7:R2$$$",-7.45700000,ok,,flexible
"PEPTIDE1{dA.G.dP.P.dP.P.P}$PEPTIDE1,PEPTIDE1,1:R1-7:R2$$$",-7.75400000,ok,,flexible
"PEPTIDE1{A.P.G.Y.dP.P.P}$PEPTIDE1,PEPTIDE1,1:R1-7:R2$$$",-7.47600000,ok,,flexible
"PEPTIDE1{dA.P.Mono84.P.dP.P.P}$PEPTIDE1,PEPTIDE1,1:R1-7:R2$$$",-7.76800000,ok,,flexible
"PEPTIDE1{Me_dA.F.Y.dP.Phe(4-CF3).dP.P}$PEPTIDE1,PEPTIDE1,1:R1-7:R2$$$",-6.64600000,ok,,flexible
"PEPTIDE1{dA.Me_dL.P.P.P.dP.P}$PEPTIDE1,PEPTIDE1,1:R1-7:R2$$$",-8.23800000,ok,,flexible
"PEPTIDE1{F.P.Mono84.3Pal.dP.dP.P}$PEPTIDE1,PEPTIDE1,1:R1-7:R2$$$",-7.91400000,ok,,flexible
"PEPTIDE1{L.P.dP.P.P.dP.dP}$PEPTIDE1,PEPTIDE1,1:R1-7:R2$$$",-7.57600000,ok,,flexible
"PEPTIDE1{dV.P.dP.P.P.T.D}$PEPTIDE1,PEPTIDE1,1:R1-7:R2$$$",-6.92500000,ok,,flexible
"PEPTIDE1{Me_dA.F.3Pal.Mono84.dP.Y.D}$PEPTIDE1,PEPTIDE1,1:R1-7:R2$$$",-6.26700000,ok,,flexible
"PEPTIDE1{Mono6.Mono84.P.P.dP.dP.P}$PEPTIDE1,PEPTIDE1,1:R1-7:R2$$$",-7.45400000,ok,,flexible
"PEPTIDE1{A.P.dP.Mono84.P.P.P}$PEPTIDE1,PEPTIDE1,1:R1-7:R2$$$",-8.20400000,ok,,flexible
"PEPTIDE1{Me_dA.dP.G.Mono84.P.P.dP}$PEPTIDE1,PEPTIDE1,1:R1-7:R2$$$",-8.71500000,ok,,flexible
"PEPTIDE1{F.P.dP.Mono84.P.dP.P}$PEPTIDE1,PEPTIDE1,1:R1-7:R2$$$",-7.95800000,ok,,flexible
"PEPTIDE1{F.cHexCH2_Gly.dP.P.dP.P.dP}$PEPTIDE1,PEPTIDE1,1:R1-7:R2$$$",-6.89400000,ok,,flexible
"PEPTIDE1{dP.Y.G.P.P.P.dP}$PEPTIDE1,PEPTIDE1,1:R1-7:R2$$$",-7.74000000,ok,,flexible
"PEPTIDE1{dV.dP.dP.D.dP.P.P}$PEPTIDE1,PEPTIDE1,1:R1-7:R2$$$",-7.15900000,ok,,flexible
"PEPTIDE1{F.P.cHexCH2_Gly.dP.dP.P.P}$PEPTIDE1,PEPTIDE1,1:R1-7:R2$$$",-7.36400000,ok,,flexible
"PEPTIDE1{Mono6.P.dP.dP.P.T.dP}$PEPTIDE1,PEPTIDE1,1:R1-7:R2$$$",-7.97200000,ok,,flexible
"PEPTIDE1{F.3Pal.P.Mono84.Phe(4-CF3).dP.dP}$PEPTIDE1,PEPTIDE1,1:R1-7:R2$$$",-7.53500000,ok,,flexible
"PEPTIDE1{Me_dA.dP.dP.dP.T.dP.P}$PEPTIDE1,PEPTIDE1,1:R1-7:R2$$$",-7.35800000,ok,,flexible
"PEPTIDE1{dP.A.dP.dP.P.P.P}$PEPTIDE1,PEPTIDE1,1:R1-7:R2$$$",-7.69000000,ok,,flexible
"PEPTIDE1{Mono6.P.P.dP.P.D.P}$PEPTIDE1,PEPTIDE1,1:R1-7:R2$$$",-6.82900000,ok,,flexible
"PEPTIDE1{dV.dP.dP.P.dP.P.T}$PEPTIDE1,PEPTIDE1,1:R1-7:R2$$$",-7.45000000,ok,,flexible
"PEPTIDE1{A.dP.P.dP.dP.D.T}$PEPTIDE1,PEPTIDE1,1:R1-7:R2$$$",-6.77200000,ok,,flexible
"PEPTIDE1{A.Y.dP.dP.dP.P.P}$PEPTIDE1,PEPTIDE1,1:R1-7:R2$$$",-7.24800000,ok,,flexible
"PEPTIDE1{F.G.dP.dP.dP.P.T}$PEPTIDE1,PEPTIDE1,1:R1-7:R2$$$",-7.33100000,ok,,flexible
"PEPTIDE1{F.Phe(4-CF3).P.P.dP.dP.P}$PEPTIDE1,PEPTIDE1,1:R1-7:R2$$$",-7.74200000,ok,,flexible
"PEPTIDE1{F.dP.P.dP.P.dP.Phe(4-CF3)}$PEPTIDE1,PEPTIDE1,1:R1-7:R2$$$",-8.00100000,ok,,flexible
"PEPTIDE1{F.P.dP.P.Mono84.Mono84.P}$PEPTIDE1,PEPTIDE1,1:R1-7:R2$$$",-8.51900000,ok,,flexible
"PEPTIDE1{A.P.P.P.T.D.P}$PEPTIDE1,PEPTIDE1,1:R1-7:R2$$$",-7.40600000,ok,,flexible
"PEPTIDE1{F.G.dP.Mono84.dP.P.dP}$PEPTIDE1,PEPTIDE1,1:R1-7:R2$$$",-7.13200000,ok,,flexible
"PEPTIDE1{F.Mono84.dP.dP.T.dP.dP}$PEPTIDE1,PEPTIDE1,1:R1-7:R2$$$",-7.58200000,ok,,flexible
"PEPTIDE1{F.P.Mono84.T.dP.P.P}$PEPTIDE1,PEPTIDE1,1:R1-7:R2$$$",-7.10800000,ok,,flexible
"PEPTIDE1{dV.dP.dP.dP.P.T.D}$PEPTIDE1,PEPTIDE1,1:R1-7:R2$$$",-6.60100000,ok,,flexible
"PEPTIDE1{F.3Pal.G.Mono86.P.T.dP}$PEPTIDE1,PEPTIDE1,1:R1-7:R2$$$",-6.95700000,ok,,flexible
"PEPTIDE1{Mono6.F.Y.dP.P.dP.P}$PEPTIDE1,PEPTIDE1,1:R1-7:R2$$$",-8.11700000,ok,,flexible
"PEPTIDE1{dP.F.P.dP.P.P.dP}$PEPTIDE1,PEPTIDE1,1:R1-7:R2$$$",-8.08300000,ok,,flexible
"PEPTIDE1{P.G.P.dP.P.P.Phe(4-CF3)}$PEPTIDE1,PEPTIDE1,1:R1-7:R2$$$",-8.25800000,ok,,flexible
"PEPTIDE1{Me_dA.F.G.dP.Mono84.P.dP}$PEPTIDE1,PEPTIDE1,1:R1-7:R2$$$",-7.00000000,ok,,flexible
"PEPTIDE1{dA.P.dP.T.dP.P.P}$PEPTIDE1,PEPTIDE1,1:R1-7:R2$$$",-7.18100000,ok,,flexible
"PEPTIDE1{F.G.Phe(4-CF3).P.dP.dP.dP}$PEPTIDE1,PEPTIDE1,1:R1-7:R2$$$",-7.61100000,ok,,flexible
"PEPTIDE1{Mono6.P.dP.Phe(4-CF3).dP.dP.P}$PEPTIDE1,PEPTIDE1,1:R1-7:R2$$$",-9.22800000,ok,,flexible
"PEPTIDE1{dP.dP.P.P.T.dP.P}$PEPTIDE1,PEPTIDE1,1:R1-7:R2$$$",-7.10900000,ok,,flexible
"PEPTIDE1{dA.dP.dP.dP.P.dP.P}$PEPTIDE1,PEPTIDE1,1:R1-7:R2$$$",-8.07900000,ok,,flexible
"PEPTIDE1{L.dP.P.dP.dP.P.P}$PEPTIDE1,PEPTIDE1,1:R1-7:R2$$$",-7.38100000,ok,,flexible
"PEPTIDE1{F.A.P.Mono84.Y.D.dP}$PEPTIDE1,PEPTIDE1,1:R1-7:R2$$$",-7.03700000,ok,,flexible
"PEPTIDE1{Me_dA.dP.dP.dP.D.P.T}$PEPTIDE1,PEPTIDE1,1:R1-7:R2$$$",-6.44000000,ok,,flexible
"PEPTIDE1{Mono6.Y.P.P.dP.P.dP}$PEPTIDE1,PEPTIDE1,1:R1-7:R2$$$",-8.27700000,ok,,flexible
"PEPTIDE1{F.dP.Mono84.G.Phe(4-CF3).P.dP}$PEPTIDE1,PEPTIDE1,1:R1-7:R2$$$",-8.19300000,ok,,flexible
"PEPTIDE1{Me_dA.P.Y.dP.dP.P.P}$PEPTIDE1,PEPTIDE1,1:R1-7:R2$$$",-7.92800000,ok,,flexible
"PEPTIDE1{dF.dP.dP.P.dP.Phe(4-CF3).dP}$PEPTIDE1,PEPTIDE1,1:R1-7:R2$$$",-7.71300000,ok,,flexible
"PEPTIDE1{Me_Bal.G.P.P.P.P.dP}$PEPTIDE1,PEPTIDE1,1:R1-7:R2$$$",-8.92400000,ok,,flexible
"PEPTIDE1{dA.dP.dP.T.P.dP.D}$PEPTIDE1,PEPTIDE1,1:R1-7:R2$$$",-7.42000000,ok,,flexible
"PEPTIDE1{Me_Bal.Me_dL.dP.dP.P.P.dP}$PEPTIDE1,PEPTIDE1,1:R1-7:R2$$$",-7.09900000,ok,,flexible
"PEPTIDE1{Me_dA.P.Mono84.Mono84.P.dP.dP}$PEPTIDE1,PEPTIDE1,1:R1-7:R2$$$",-7.67400000,ok,,flexible
"PEPTIDE1{F.P.dP.P.dP.dP.D}$PEPTIDE1,PEPTIDE1,1:R1-7:R2$$$",-7.15300000,ok,,flexible
"PEPTIDE1{P.D.P.dP.dP.T.P}$PEPTIDE1,PEPTIDE1,1:R1-7:R2$$$",-6.91300000,ok,,flexible
"PEPTIDE1{dF.dP.P.Mono84.P.Y.Phe(4-CF3)}$PEPTIDE1,PEPTIDE1,1:R1-7:R2$$$",-8.29500000,ok,,flexible
"PEPTIDE1{dP.dP.P.D.T.dP.D}$PEPTIDE1,PEPTIDE1,1:R1-7:R2$$$",-6.40300000,ok,,flexible
"PEPTIDE1{dA.dP.dP.dP.Phe(4-CF3).T.D}$PEPTIDE1,PEPTIDE1,1:R1-7:R2$$$",-6.92000000,ok,,flexible
"PEPTIDE1{A.F.Mono84.P.dP.dP.P}$PEPTIDE1,PEPTIDE1,1:R1-7:R2$$$",-7.35100000,ok,,flexible
"PEPTIDE1{Me_dA.dP.dP.P.D.P.P}$PEPTIDE1,PEPTIDE1,1:R1-7:R2$$$",-7.00400000,ok,,flexible
"PEPTIDE1{F.A.P.P.P.P.dP}$PEPTIDE1,PEPTIDE1,1:R1-7:R2$$$",-8.49900000,ok,,flexible
"PEPTIDE1{A.P.T.P.dP.P.dP}$PEPTIDE1,PEPTIDE1,1:R1-7:R2$$$",-7.42700000,ok,,flexible
"PEPTIDE1{F.P.G.dP.Mono84.Mono84.P}$PEPTIDE1,PEPTIDE1,1:R1-7:R2$$$",-7.79600000,ok,,flexible
"PEPTIDE1{dP.P.P.G.Y.dP.Phe(4-CF3)}$PEPTIDE1,PEPTIDE1,1:R1-7:R2$$$",-8.37300000,ok,,flexible
"PEPTIDE1{F.Y.Mono84.dP.3Pal.Mono84.Mono2}$PEPTIDE1,PEPTIDE1,1:R1-7:R2$$$",-7.31900000,ok,,flexible
"PEPTIDE1{Me_dA.G.P.P.dP.dP.P}$PEPTIDE1,PEPTIDE1,1:R1-7:R2$$$",-8.16900000,ok,,flexible
"PEPTIDE1{P.G.dP.T.Mono84.dP.Phe(4-CF3)}$PEPTIDE1,PEPTIDE1,1:R1-7:R2$$$",-7.12100000,ok,,flexible
"PEPTIDE1{Me_dA.P.Phe(4-CF3).T.P.P.P}$PEPTIDE1,PEPTIDE1,1:R1-7:R2$$$",-7.46000000,ok,,flexible
"PEPTIDE1{Me_dA.dP.dP.P.P.dP.Phe(4-CF3)}$PEPTIDE1,PEPTIDE1,1:R1-7:R2$$$",-8.39600000,ok,,flexible
"PEPTIDE1{F.Mono84.T.P.dP.dP.P}$PEPTIDE1,PEPTIDE1,1:R1-7:R2$$$",-7.09800000,ok,,flexible
"PEPTIDE1{Me_dA.G.dP.dP.P.dP.T}$PEPTIDE1,PEPTIDE1,1:R1-7:R2$$$",-7.65100000,ok,,flexible
"PEPTIDE1{F.T.Mono84.dP.3Pal.3Pal.P}$PEPTIDE1,PEPTIDE1,1:R1-7:R2$$$",-6.43700000,ok,,flexible
"PEPTIDE1{Mono6.Y.3Pal.P.dP.dP.P}$PEPTIDE1,PEPTIDE1,1:R1-7:R2$$$",-7.22300000,ok,,flexible
"PEPTIDE1{P.G.D.dP.dP.P.P}$PEPTIDE1,PEPTIDE1,1:R1-7:R2$$$",-7.47000000,ok,,flexible
"PEPTIDE1{dP.dP.T.D.P.P.P}$PEPTIDE1,PEPTIDE1,1:R1-7:R2$$$",-7.54700000,ok,,flexible
"PEPTIDE1{P.dP.P.P.P.dP.Phe(4-CF3)}$PEPTIDE1,PEPTIDE1,1:R1-7:R2$$$",-7.87000000,ok,,flexible
"PEPTIDE1{A.Y.G.P.dP.P.dP}$PEPTIDE1,PEPTIDE1,1:R1-7:R2$$$",-8.33400000,ok,,flexible
"PEPTIDE1{F.P.L.dP.Mono84.P.dP}$PEPTIDE1,PEPTIDE1,1:R1-7:R2$$$",-7.39200000,ok,,flexible
"PEPTIDE1{P.F.A.F.P.T.dP}$PEPTIDE1,PEPTIDE1,1:R1-7:R2$$$",-6.97800000,ok,,flexible
"PEPTIDE1{dF.F.G.dP.P.P.P}$PEPTIDE1,PEPTIDE1,1:R1-7:R2$$$",-6.87400000,ok,,flexible
"PEPTIDE1{F.T.Mono84.P.dP.dP.P}$PEPTIDE1,PEPTIDE1,1:R1-7:R2$$$",-6.96800000,ok,,flexible
"PEPTIDE1{dA.P.dP.Phe(4-CF3).T.P.Y}$PEPTIDE1,PEPTIDE1,1:R1-7:R2$$$",-7.82400000,ok,,flexible
"PEPTIDE1{A.T.F.P.dP.P.dP}$PEPTIDE1,PEPTIDE1,1:R1-7:R2$$$",-7.31400000,ok,,flexible
"PEPTIDE1{A.Y.dP.dP.P.dP.T}$PEPTIDE1,PEPTIDE1,1:R1-7:R2$$$",-8.01800000,ok,,flexible
"PEPTIDE1{dA.meL.dP.T.P.P.dP}$PEPTIDE1,PEPTIDE1,1:R1-7:R2$$$",-7.14100000,ok,,flexible
"PEPTIDE1{F.dP.dP.Mono84.P.dP.dP}$PEPTIDE1,PEPTIDE1,1:R1-7:R2$$$",-8.18000000,ok,,flexible
"PEPTIDE1{A.dP.P.dP.dP.Phe(4-CF3).T}$PEPTIDE1,PEPTIDE1,1:R1-7:R2$$$",-7.20200000,ok,,flexible
"PEPTIDE1{dV.dP.dP.dP.dP.P.P}$PEPTIDE1,PEPTIDE1,1:R1-7:R2$$$",-8.55400000,ok,,flexible
"PEPTIDE1{P.F.Y.P.dP.dP.dP}$PEPTIDE1,PEPTIDE1,1:R1-7:R2$$$",-6.75400000,ok,,flexible
"PEPTIDE1{P.Y.dP.dP.dP.D.dP}$PEPTIDE1,PEPTIDE1,1:R1-7:R2$$$",-7.30900000,ok,,flexible
"PEPTIDE1{P.F.dP.P.dP.dP.dP}$PEPTIDE1,PEPTIDE1,1:R1-7:R2$$$",-7.59200000,ok,,flexible
"PEPTIDE1{Me_dA.dP.P.P.P.P.Phe(4-CF3)}$PEPTIDE1,PEPTIDE1,1:R1-7:R2$$$",-7.72600000,ok,,flexible
"PEPTIDE1{Me_dA.F.Y.Mono84.G.D.dP}$PEPTIDE1,PEPTIDE1,1:R1-7:R2$$$",-7.29300000,ok,,flexible
"PEPTIDE1{F.P.P.dP.dP.P.T}$PEPTIDE1,PEPTIDE1,1:R1-7:R2$$$",-7.27600000,ok,,flexible
"PEPTIDE1{F.P.dP.Y.P.Mono84.P}$PEPTIDE1,PEPTIDE1,1:R1-7:R2$$$",-7.64800000,ok,,flexible
"PEPTIDE1{P.A.dP.dP.P.dP.Phe(4-CF3)}$PEPTIDE1,PEPTIDE1,1:R1-7:R2$$$",-7.63100000,ok,,flexible
"PEPTIDE1{dF.T.dP.P.P.P.dP}$PEPTIDE1,PEPTIDE1,1:R1-7:R2$$$",-7.23600000,ok,,flexible
"PEPTIDE1{dA.A.Mono84.P.dP.dP.dP}$PEPTIDE1,PEPTIDE1,1:R1-7:R2$$$",-7.24400000,ok,,flexible
"PEPTIDE1{Me_dA.P.T.P.P.P.Phe(4-CF3)}$PEPTIDE1,PEPTIDE1,1:R1-7:R2$$$",-7.32400000,ok,,flexible
"PEPTIDE1{dP.P.P.P.D.P.T}$PEPTIDE1,PEPTIDE1,1:R1-7:R2$$$",-6.71100000,ok,,flexible
"PEPTIDE1{dF.Mono84.dP.Mono84.dP.P.P}$PEPTIDE1,PEPTIDE1,1:R1-7:R2$$$",-7.92100000,ok,,flexible
"PEPTIDE1{P.F.dP.dP.dP.Phe(4-CF3).P}$PEPTIDE1,PEPTIDE1,1:R1-7:R2$$$",-7.53000000,ok,,flexible
"PEPTIDE1{dF.dP.Mono84.P.dP.dP.P}$PEPTIDE1,PEPTIDE1,1:R1-7:R2$$$",-7.38700000,ok,,flexible
"PEPTIDE1{A.T.P.dP.P.P.P}$PEPTIDE1,PEPTIDE1,1:R1-7:R2$$$",-7.52200000,ok,,flexible
"PEPTIDE1{Me_dA.P.Mono84.P.P.dP.P}$PEPTIDE1,PEPTIDE1,1:R1-7:R2$$$",-7.53800000,ok,,flexible
"PEPTIDE1{A.P.F.P.dP.dP.dP}$PEPTIDE1,PEPTIDE1,1:R1-7:R2$$$",-7.85900000,ok,,flexible
"PEPTIDE1{dF.P.dP.D.P.P.dP}$PEPTIDE1,PEPTIDE1,1:R1-7:R2$$$",-7.27000000,ok,,flexible
"PEPTIDE1{dP.dP.P.P.dP.T.D}$PEPTIDE1,PEPTIDE1,1:R1-7:R2$$$",-7.09100000,ok,,flexible
"PEPTIDE1{dP.meY.dP.P.P.P.P}$PEPTIDE1,PEPTIDE1,1:R1-7:R2$$$",-7.90700000,ok,,flexible
"PEPTIDE1{A.P.T.P.P.dP.dP}$PEPTIDE1,PEPTIDE1,1:R1-7:R2$$$",-7.45400000,ok,,flexible
"PEPTIDE1{F.A.P.dP.P.P.dP}$PEPTIDE1,PEPTIDE1,1:R1-7:R2$$$",-8.05400000,ok,,flexible
"PEPTIDE1{dA.F.dP.dP.P.P.dP}$PEPTIDE1,PEPTIDE1,1:R1-7:R2$$$",-7.97700000,ok,,flexible
"PEPTIDE1{dA.dP.Phe(4-CF3).P.dP.P.P}$PEPTIDE1,PEPTIDE1,1:R1-7:R2$$$",-7.77000000,ok,,flexible
"PEPTIDE1{P.G.T.P.P.dP.dP}$PEPTIDE1,PEPTIDE1,1:R1-7:R2$$$",-7.49700000,ok,,flexible
"PEPTIDE1{Mono6.dP.meY.dP.P.P.P}$PEPTIDE1,PEPTIDE1,1:R1-7:R2$$$",-8.55300000,ok,,flexible
"PEPTIDE1{F.dP.Phe(4-CF3).P.P.P.dP}$PEPTIDE1,PEPTIDE1,1:R1-7:R2$$$",-7.71000000,ok,,flexible
"PEPTIDE1{F.Y.P.P.P.dP.dP}$PEPTIDE1,PEPTIDE1,1:R1-7:R2$$$",-7.56500000,ok,,flexible
"PEPTIDE1{P.dP.P.P.P.T.P}$PEPTIDE1,PEPTIDE1,1:R1-7:R2$$$",-8.25200000,ok,,flexible
"PEPTIDE1{dP.P.dP.P.D.T.dP}$PEPTIDE1,PEPTIDE1,1:R1-7:R2$$$",-7.36000000,ok,,flexible
"PEPTIDE1{dA.P.Mono84.dP.P.P.dP}$PEPTIDE1,PEPTIDE1,1:R1-7:R2$$$",-8.08200000,ok,,flexible
"PEPTIDE1{F.A.P.Mono84.dP.P.dP}$PEPTIDE1,PEPTIDE1,1:R1-7:R2$$$",-7.30000000,ok,,flexible
"PEPTIDE1{meA.dP.G.F.Y.Y.P}$PEPTIDE1,PEPTIDE1,1:R1-7:R2$$$",-7.41900000,ok,,flexible
"PEPTIDE1{Me_Bal.meL.dP.dP.P.dP.P}$PEPTIDE1,PEPTIDE1,1:R1-7:R2$$$",-7.54300000,ok,,flexible
"PEPTIDE1{A.G.P.P.dP.P.dP}$PEPTIDE1,PEPTIDE1,1:R1-7:R2$$$",-7.64800000,ok,,flexible
"PEPTIDE1{Mono6.3Pal.T.P.P.dP.dP}$PEPTIDE1,PEPTIDE1,1:R1-7:R2$$$",-6.98500000,ok,,flexible
"PEPTIDE1{Me_dA.dP.P.P.T.dP.Y}$PEPTIDE1,PEPTIDE1,1:R1-7:R2$$$",-8.13400000,ok,,flexible
"PEPTIDE1{Mono6.F.dP.T.D.P.dP}$PEPTIDE1,PEPTIDE1,1:R1-7:R2$$$",-6.37500000,ok,,flexible
"PEPTIDE1{A.L.T.P.dP.P.dP}$PEPTIDE1,PEPTIDE1,1:R1-7:R2$$$",-6.89700000,ok,,flexible
"PEPTIDE1{P.P.P.P.D.T.P}$PEPTIDE1,PEPTIDE1,1:R1-7:R2$$$",-7.16700000,ok,,flexible
"PEPTIDE1{dF.3Pal.Y.dP.Mono84.P.P}$PEPTIDE1,PEPTIDE1,1:R1-7:R2$$$",-6.95000000,ok,,flexible
"PEPTIDE1{Me_dA.P.P.P.dP.P.P}$PEPTIDE1,PEPTIDE1,1:R1-7:R2$$$",-7.91000000,ok,,flexible
"PEPTIDE1{F.Mono84.3Pal.dP.dP.P.P}$PEPTIDE1,PEPTIDE1,1:R1-7:R2$$$",-7.27300000,ok,,flexible
"PEPTIDE1{dF.G.dP.P.P.dP.P}$PEPTIDE1,PEPTIDE1,1:R1-7:R2$$$",-7.69000000,ok,,flexible
"PEPTIDE1{P.Phe(4-CF3).P.P.P.P.T}$PEPTIDE1,PEPTIDE1,1:R1-7:R2$$$",-6.82200000,ok,,flexible
"PEPTIDE1{dP.D.P.dP.dP.dP.P}$PEPTIDE1,PEPTIDE1,1:R1-7:R2$$$",-7.54600000,ok,,flexible
"PEPTIDE1{dA.dF.dP.Mono84.Mono84.Mono84.P}$PEPTIDE1,PEPTIDE1,1:R1-7:R2$$$",-9.78100000,ok,,flexible
"PEPTIDE1{P.dP.A.P.P.P.Phe(4-CF3)}$PEPTIDE1,PEPTIDE1,1:R1-7:R2$$$",-7.79300000,ok,,flexible
"PEPTIDE1{dA.F.3Pal.A.dP.Mono84.dP}$PEPTIDE1,PEPTIDE1,1:R1-7:R2$$$",-7.15700000,ok,,flexible
"PEPTIDE1{P.Y.dP.P.dP.P.Phe(4-CF3)}$PEPTIDE1,PEPTIDE1,1:R1-7:R2$$$",-7.38600000,ok,,flexible
"PEPTIDE1{Me_dA.F.G.dP.dP.P.dP}$PEPTIDE1,PEPTIDE1,1:R1-7:R2$$$",-8.44500000,ok,,flexible
"PEPTIDE1{meA.P.P.P.T.dP.Phe(4-CF3)}$PEPTIDE1,PEPTIDE1,1:R1-7:R2$$$",-7.60900000,ok,,flexible
"PEPTIDE1{P.dP.Y.P.P.P.P}$PEPTIDE1,PEPTIDE1,1:R1-7:R2$$$",-7.84400000,ok,,flexible
"PEPTIDE1{F.3Pal.Mono84.dP.P.P.P}$PEPTIDE1,PEPTIDE1,1:R1-7:R2$$$",-6.76200000,ok,,flexible
"PEPTIDE1{Mono6.dP.P.P.dP.D.P}$PEPTIDE1,PEPTIDE1,1:R1-7:R2$$$",-7.10000000,ok,,flexible
"PEPTIDE1{F.Mono84.Mono84.dP.dP.dP.T}$PEPTIDE1,PEPTIDE1,1:R1-7:R2$$$",-6.79500000,ok,,flexible
"PEPTIDE1{P.A.Y.P.P.P.dP}$PEPTIDE1,PEPTIDE1,1:R1-7:R2$$$",-7.90500000,ok,,flexible
"PEPTIDE1{F.dP.P.T.dP.dP.Phe(4-CF3)}$PEPTIDE1,PEPTIDE1,1:R1-7:R2$$$",-6.88500000,ok,,flexible
"PEPTIDE1{dP.Y.P.Phe(4-CF3).T.P.dP}$PEPTIDE1,PEPTIDE1,1:R1-7:R2$$$",-7.15400000,ok,,flexible
"PEPTIDE1{P.F.Mono84.G.P.dP.P}$PEPTIDE1,PEPTIDE1,1:R1-7:R2$$$",-7.43300000,ok,,flexible
"PEPTIDE1{dP.Y.Phe(4-CF3).P.dP.dP.T}$PEPTIDE1,PEPTIDE1,1:R1-7:R2$$$",-7.37100000,ok,,flexible
"PEPTIDE1{Me_dA.cHexCH2_Gly.Mono84.P.dP.dP.P}$PEPTIDE1,PEPTIDE1,1:R1-7:R2$$$",-7.09000000,ok,,flexible
"PEPTIDE1{Me_Bal.F.Y.P.Mono84.P.P}$PEPTIDE1,PEPTIDE1,1:R1-7:R2$$$",-7.50200000,ok,,flexible
"PEPTIDE1{dA.Mono84.P.dP.P.dP.P}$PEPTIDE1,PEPTIDE1,1:R1-7:R2$$$",-7.86900000,ok,,flexible
"PEPTIDE1{Mono6.dP.dP.dP.P.D.P}$PEPTIDE1,PEPTIDE1,1:R1-7:R2$$$",-7.54700000,ok,,flexible
"PEPTIDE1{dA.F.P.Mono84.P.P.dP}$PEPTIDE1,PEPTIDE1,1:R1-7:R2$$$",-7.58000000,ok,,flexible
"PEPTIDE1{dP.dP.D.P.P.T.dP}$PEPTIDE1,PEPTIDE1,1:R1-7:R2$$$",-6.75800000,ok,,flexible
"PEPTIDE1{Mono6.P.P.P.D.T.dP}$PEPTIDE1,PEPTIDE1,1:R1-7:R2$$$",-7.16600000,ok,,flexible
"PEPTIDE1{dF.dP.P.P.dP.T.dP}$PEPTIDE1,PEPTIDE1,1:R1-7:R2$$$",-7.39300000,ok,,flexible
"PEPTIDE1{F.P.G.dP.Mono84.dP.P}$PEPTIDE1,PEPTIDE1,1:R1-7:R2$$$",-7.18200000,ok,,flexible
"PEPTIDE1{A.P.dP.P.P.D.P}$PEPTIDE1,PEPTIDE1,1:R1-7:R2$$$",-7.16100000,ok,,flexible
"PEPTIDE1{F.3Pal.P.dP.P.dP.P}$PEPTIDE1,PEPTIDE1,1:R1-7:R2$$$",-7.29300000,ok,,flexible
"PEPTIDE1{dP.dP.dP.dP.T.D.Phe(4-CF3)}$PEPTIDE1,PEPTIDE1,1:R1-7:R2$$$",-7.95800000,ok,,flexible
"PEPTIDE1{Me_dA.Y.P.dP.P.P.D}$PEPTIDE1,PEPTIDE1,1:R1-7:R2$$$",-7.42500000,ok,,flexible
"PEPTIDE1{Me_Bal.P.dP.dP.dP.dP.P}$PEPTIDE1,PEPTIDE1,1:R1-7:R2$$$",-7.99000000,ok,,flexible
"PEPTIDE1{A.Y.dP.P.dP.P.Phe(4-CF3)}$PEPTIDE1,PEPTIDE1,1:R1-7:R2$$$",-7.69300000,ok,,flexible
"PEPTIDE1{Me_dA.Y.Mono84.Phe(4-CF3).P.P.dP}$PEPTIDE1,PEPTIDE1,1:R1-7:R2$$$",-7.56900000,ok,,flexible
"PEPTIDE1{F.P.G.P.dP.P.dP}$PEPTIDE1,PEPTIDE1,1:R1-7:R2$$$",-7.39300000,ok,,flexible
"PEPTIDE1{dA.Mono84.P.P.P.P.P}$PEPTIDE1,PEPTIDE1,1:R1-7:R2$$$",-8.39100000,ok,,flexible
"PEPTIDE1{F.P.G.dP.P.dP.dP}$PEPTIDE1,PEPTIDE1,1:R1-7:R2$$$",-8.09100000,ok,,flexible
"PEPTIDE1{F.Mono84.dP.Y.P.P.P}$PEPTIDE1,PEPTIDE1,1:R1-7:R2$$$",-7.47800000,ok,,flexible
"PEPTIDE1{Me_dA.dP.dP.D.P.P.P}$PEPTIDE1,PEPTIDE1,1:R1-7:R2$$$",-7.16500000,ok,,flexible
"PEPTIDE1{dA.dP.dP.P.dP.Phe(4-CF3).P}$PEPTIDE1,PEPTIDE1,1:R1-7:R2$$$",-7.68900000,ok,,flexible
"PEPTIDE1{Me_dA.dP.F.P.Mono84.G.P}$PEPTIDE1,PEPTIDE1,1:R1-7:R2$$$",-7.01000000,ok,,flexible
"PEPTIDE1{dF.dP.P.P.P.D.dP}$PEPTIDE1,PEPTIDE1,1:R1-7:R2$$$",-7.25800000,ok,,flexible
"PEPTIDE1{F.A.P.P.P.P.P}$PEPTIDE1,PEPTIDE1,1:R1-7:R2$$$",-7.15000000,ok,,flexible
"PEPTIDE1{Me_dA.T.P.P.P.dP.P}$PEPTIDE1,PEPTIDE1,1:R1-7:R2$$$",-7.79100000,ok,,flexible
"PEPTIDE1{P.F.dP.P.dP.P.dP}$PEPTIDE1,PEPTIDE1,1:R1-7:R2$$$",-7.41500000,ok,,flexible
"PEPTIDE1{F.P.G.dP.Phe(4-CF3).Mono84.dP}$PEPTIDE1,PEPTIDE1,1:R1-7:R2$$$",-7.70800000,ok,,flexible
"PEPTIDE1{A.dP.dP.dP.T.D.P}$PEPTIDE1,PEPTIDE1,1:R1-7:R2$$$",-7.15600000,ok,,flexible
"PEPTIDE1{dF.T.P.P.P.P.Phe(4-CF3)}$PEPTIDE1,PEPTIDE1,1:R1-7:R2$$$",-7.65600000,ok,,flexible
"PEPTIDE1{Me_dA.A.dP.P.dP.P.P}$PEPTIDE1,PEPTIDE1,1:R1-7:R2$$$",-7.83800000,ok,,flexible
"PEPTIDE1{dP.Mono84.P.dP.G.Y.Phe(4-CF3)}$PEPTIDE1,PEPTIDE1,1:R1-7:R2$$$",-8.07900000,ok,,flexible
"PEPTIDE1{meA.P.P.P.dP.dP.P}$PEPTIDE1,PEPTIDE1,1:R1-7:R2$$$",-8.40400000,ok,,flexible
"PEPTIDE1{P.P.F.Y.dP.dP.dP}$PEPTIDE1,PEPTIDE1,1:R1-7:R2$$$",-7.89500000,ok,,flexible
"PEPTIDE1{F.G.Y.P.P.dP.P}$PEPTIDE1,PEPTIDE1,1:R1-7:R2$$$",-7.47700000,ok,,flexible
"PEPTIDE1{F.P.D.P.P.P.dP}$PEPTIDE1,PEPTIDE1,1:R1-7:R2$$$",-6.99200000,ok,,flexible
"PEPTIDE1{dF.dP.Mono84.dP.P.dP.dP}$PEPTIDE1,PEPTIDE1,1:R1-7:R2$$$",-7.58900000,ok,,flexible
"PEPTIDE1{F.P.dP.P.dP.D.P}$PEPTIDE1,PEPTIDE1,1:R1-7:R2$$$",-7.63700000,ok,,flexible
"PEPTIDE1{Me_dA.F.Phe(4-CF3).P.dP.dP.dP}$PEPTIDE1,PEPTIDE1,1:R1-7:R2$$$",-7.88800000,ok,,flexible
"PEPTIDE1{A.Phe(4-CF3).P.P.P.dP.P}$PEPTIDE1,PEPTIDE1,1:R1-7:R2$$$",-7.32800000,ok,,flexible
"PEPTIDE1{dA.P.P.P.D.P.dP}$PEPTIDE1,PEPTIDE1,1:R1-7:R2$$$",-6.89600000,ok,,flexible
"PEPTIDE1{F.dP.Y.P.dP.P.P}$PEPTIDE1,PEPTIDE1,1:R1-7:R2$$$",-6.87500000,ok,,flexible
"PEPTIDE1{dA.P.P.dP.dP.D.P}$PEPTIDE1,PEPTIDE1,1:R1-7:R2$$$",-6.79200000,ok,,flexible
"PEPTIDE1{Me_dA.Phe(4-CF3).G.Mono84.P.dP.dP}$PEPTIDE1,PEPTIDE1,1:R1-7:R2$$$",-7.22700000,ok,,flexible
"PEPTIDE1{P.dP.dP.P.P.T.D}$PEPTIDE1,PEPTIDE1,1:R1-7:R2$$$",-6.76800000,ok,,flexible
"PEPTIDE1{Me_dA.P.dP.P.P.T.D}$PEPTIDE1,PEPTIDE1,1:R1-7:R2$$$",-7.08300000,ok,,flexible
"PEPTIDE1{A.G.G.dP.P.P.dP}$PEPTIDE1,PEPTIDE1,1:R1-7:R2$$$",-7.94700000,ok,,flexible
"PEPTIDE1{A.dP.P.P.dP.Phe(4-CF3).P}$PEPTIDE1,PEPTIDE1,1:R1-7:R2$$$",-7.15000000,ok,,flexible
"PEPTIDE1{F.Y.dP.Mono84.Mono84.P.P}$PEPTIDE1,PEPTIDE1,1:R1-7:R2$$$",-7.14800000,ok,,flexible
"PEPTIDE1{Me_Bal.Y.P.Mono84.dP.P.dP}$PEPTIDE1,PEPTIDE1,1:R1-7:R2$$$",-7.76900000,ok,,flexible
"PEPTIDE1{Me_dA.F.P.P.dP.dP.dP}$PEPTIDE1,PEPTIDE1,1:R1-7:R2$$$",-8.03600000,ok,,flexible
"PEPTIDE1{Mono6.dP.P.dP.dP.D.P}$PEPTIDE1,PEPTIDE1,1:R1-7:R2$$$",-7.35000000,ok,,flexible
"PEPTIDE1{dA.P.P.P.P.T.D}$PEPTIDE1,PEPTIDE1,1:R1-7:R2$$$",-6.89500000,ok,,flexible
"PEPTIDE1{Mono6.dP.P.dP.dP.Phe(4-CF3).D}$PEPTIDE1,PEPTIDE1,1:R1-7:R2$$$",-7.35200000,ok,,flexible
"PEPTIDE1{Me_dA.P.G.P.T.dP.P}$PEPTIDE1,PEPTIDE1,1:R1-7:R2$$$",-7.00600000,ok,,flexible
"PEPTIDE1{A.dP.P.T.dP.P.P}$PEPTIDE1,PEPTIDE1,1:R1-7:R2$$$",-7.26100000,ok,,flexible
"PEPTIDE1{dA.P.P.P.P.D.T}$PEPTIDE1,PEPTIDE1,1:R1-7:R2$$$",-6.76200000,ok,,flexible
"PEPTIDE1{Me_Bal.dF.T.dP.P.dP.P}$PEPTIDE1,PEPTIDE1,1:R1-7:R2$$$",-7.13100000,ok,,flexible
"PEPTIDE1{dV.P.dP.dP.T.P.P}$PEPTIDE1,PEPTIDE1,1:R1-7:R2$$$",-7.13200000,ok,,flexible
"PEPTIDE1{A.P.P.P.T.D.dP}$PEPTIDE1,PEPTIDE1,1:R1-7:R2$$$",-6.96900000,ok,,flexible
"PEPTIDE1{P.G.dP.dP.P.P.P}$PEPTIDE1,PEPTIDE1,1:R1-7:R2$$$",-7.42800000,ok,,flexible
"PEPTIDE1{A.P.G.Y.Mono84.P.dP}$PEPTIDE1,PEPTIDE1,1:R1-7:R2$$$",-7.71000000,ok,,flexible
"PEPTIDE1{dP.Mono84.F.Y.F.P.G}$PEPTIDE1,PEPTIDE1,1:R1-7:R2$$$",-7.73200000,ok,,flexible
"PEPTIDE1{dF.P.P.P.P.Phe(4-CF3).D}$PEPTIDE1,PEPTIDE1,1:R1-7:R2$$$",-7.30100000,ok,,flexible
"PEPTIDE1{dF.G.P.dP.dP.P.P}$PEPTIDE1,PEPTIDE1,1:R1-7:R2$$$",-7.71900000,ok,,flexible
"PEPTIDE1{Mono6.dP.P.dP.P.T.dP}$PEPTIDE1,PEPTIDE1,1:R1-7:R2$$$",-7.25300000,ok,,flexible
"PEPTIDE1{Me_dA.A.dP.dP.dP.P.P}$PEPTIDE1,PEPTIDE1,1:R1-7:R2$$$",-7.69300000,ok,,flexible
"PEPTIDE1{Me_dA.P.dP.Y.P.dP.P}$PEPTIDE1,PEPTIDE1,1:R1-7:R2$$$",-7.48600000,ok,,flexible
"PEPTIDE1{P.dP.Mono84.dP.P.P.dP}$PEPTIDE1,PEPTIDE1,1:R1-7:R2$$$",-7.80000000,ok,,flexible
"PEPTIDE1{F.3Pal.F.Y.P.Phe(4-CF3).dP}$PEPTIDE1,PEPTIDE1,1:R1-7:R2$$$",-6.84500000,ok,,flexible
"PEPTIDE1{dA.dP.P.P.dP.D.dP}$PEPTIDE1,PEPTIDE1,1:R1-7:R2$$$",-7.30500000,ok,,flexible
"PEPTIDE1{Me_Bal.dP.P.dP.dP.Phe(4-CF3).P}$PEPTIDE1,PEPTIDE1,1:R1-7:R2$$$",-7.96400000,ok,,flexible
"PEPTIDE1{F.G.P.3Pal.T.dP.Mono84}$PEPTIDE1,PEPTIDE1,1:R1-7:R2$$$",-7.61900000,ok,,flexible
"PEPTIDE1{P.dP.Y.dP.P.dP.dP}$PEPTIDE1,PEPTIDE1,1:R1-7:R2$$$",-7.30100000,ok,,flexible
"PEPTIDE1{F.A.dP.P.P.dP.P}$PEPTIDE1,PEPTIDE1,1:R1-7:R2$$$",-7.62600000,ok,,flexible
"PEPTIDE1{Me_dA.dP.T.Phe(4-CF3).dP.dP.P}$PEPTIDE1,PEPTIDE1,1:R1-7:R2$$$",-7.41500000,ok,,flexible
"PEPTIDE1{dF.Mono84.Mono84.dP.P.P.dP}$PEPTIDE1,PEPTIDE1,1:R1-7:R2$$$",-8.25000000,ok,,flexible
"PEPTIDE1{Me_Bal.dP.Y.dP.P.dP.P}$PEPTIDE1,PEPTIDE1,1:R1-7:R2$$$",-7.57400000,ok,,flexible
"PEPTIDE1{Me_dA.Pr_Gly.P.P.P.dP.P}$PEPTIDE1,PEPTIDE1,1:R1-7:R2$$$",-6.81700000,ok,,flexible
"PEPTIDE1{F.3Pal.dP.P.P.P.dP}$PEPTIDE1,PEPTIDE1,1:R1-7:R2$$$",-7.74000000,ok,,flexible
"PEPTIDE1{P.P.dP.P.dP.D.dP}$PEPTIDE1,PEPTIDE1,1:R1-7:R2$$$",-7.30300000,ok,,flexible
"PEPTIDE1{Me_dA.dP.dP.D.T.dP.P}$PEPTIDE1,PEPTIDE1,1:R1-7:R2$$$",-6.95100000,ok,,flexible
"PEPTIDE1{P.dP.P.P.dP.D.T}$PEPTIDE1,PEPTIDE1,1:R1-7:R2$$$",-7.01800000,ok,,flexible
"PEPTIDE1{Me_dA.G.Y.F.Phe(4-CF3).dP.dP}$PEPTIDE1,PEPTIDE1,1:R1-7:R2$$$",-7.58400000,ok,,flexible
"PEPTIDE1{dA.dP.D.P.dP.P.P}$PEPTIDE1,PEPTIDE1,1:R1-7:R2$$$",-7.53500000,ok,,flexible
"PEPTIDE1{dP.Phe(4-CF3).P.dP.dP.T.dP}$PEPTIDE1,PEPTIDE1,1:R1-7:R2$$$",-7.90000000,ok,,flexible
"PEPTIDE1{Me_dA.dP.dP.dP.P.T.D}$PEPTIDE1,PEPTIDE1,1:R1-7:R2$$$",-7.08000000,ok,,flexible
"PEPTIDE1{Me_dA.F.Y.P.Mono84.Mono84.Mono2}$PEPTIDE1,PEPTIDE1,1:R1-7:R2$$$",-7.60300000,ok,,flexible
"PEPTIDE1{F.P.dP.dP.P.P.T}$PEPTIDE1,PEPTIDE1,1:R1-7:R2$$$",-7.60000000,ok,,flexible
"PEPTIDE1{Me_dA.Mono84.P.P.P.P.dP}$PEPTIDE1,PEPTIDE1,1:R1-7:R2$$$",-7.39900000,ok,,flexible
"PEPTIDE1{P.P.G.dP.dP.P.P}$PEPTIDE1,PEPTIDE1,1:R1-7:R2$$$",-7.44400000,ok,,flexible
"PEPTIDE1{Mono6.P.dP.meY.Mono84.Y.dP}$PEPTIDE1,PEPTIDE1,1:R1-7:R2$$$",-8.35500000,ok,,flexible
"PEPTIDE1{F.G.P.dP.Mono84.Mono84.T}$PEPTIDE1,PEPTIDE1,1:R1-7:R2$$$",-7.93100000,ok,,flexible
"PEPTIDE1{P.A.Mono84.dP.dP.dP.dP}$PEPTIDE1,PEPTIDE1,1:R1-7:R2$$$",-7.46600000,ok,,flexible
"PEPTIDE1{dA.P.dP.dP.D.dP.P}$PEPTIDE1,PEPTIDE1,1:R1-7:R2$$$",-7.58700000,ok,,flexible
"PEPTIDE1{P.F.G.Y.dP.dP.P}$PEPTIDE1,PEPTIDE1,1:R1-7:R2$$$",-8.06700000,ok,,flexible
"PEPTIDE1{P.dP.dP.P.P.T.dP}$PEPTIDE1,PEPTIDE1,1:R1-7:R2$$$",-7.07000000,ok,,flexible
"PEPTIDE1{dF.D.P.P.dP.P.P}$PEPTIDE1,PEPTIDE1,1:R1-7:R2$$$",-7.75300000,ok,,flexible
"PEPTIDE1{Me_dA.F.dP.P.G.P.dP}$PEPTIDE1,PEPTIDE1,1:R1-7:R2$$$",-7.47600000,ok,,flexible
"PEPTIDE1{dP.F.T.dP.P.G.Y}$PEPTIDE1,PEPTIDE1,1:R1-7:R2$$$",-6.91900000,ok,,flexible
"PEPTIDE1{Me_dA.F.Y.Mono84.dP.dP.dP}$PEPTIDE1,PEPTIDE1,1:R1-7:R2$$$",-7.10700000,ok,,flexible
"PEPTIDE1{F.Mono84.P.D.P.P.dP}$PEPTIDE1,PEPTIDE1,1:R1-7:R2$$$",-7.11500000,ok,,flexible
"PEPTIDE1{P.G.Mono84.dP.P.P.P}$PEPTIDE1,PEPTIDE1,1:R1-7:R2$$$",-8.71600000,ok,,flexible
"PEPTIDE1{Mono6.dP.Mono84.dP.dP.P.dP}$PEPTIDE1,PEPTIDE1,1:R1-7:R2$$$",-8.01200000,ok,,flexible
"PEPTIDE1{dP.Y.Mono84.G.F.dP.P}$PEPTIDE1,PEPTIDE1,1:R1-7:R2$$$",-7.64000000,ok,,flexible
"PEPTIDE1{dP.P.dP.P.T.dP.D}$PEPTIDE1,PEPTIDE1,1:R1-7:R2$$$",-7.66800000,ok,,flexible
"PEPTIDE1{F.dP.3Pal.P.P.dP.P}$PEPTIDE1,PEPTIDE1,1:R1-7:R2$$$",-7.68300000,ok,,flexible
"PEPTIDE1{Me_dA.F.dP.P.dP.P.T}$PEPTIDE1,PEPTIDE1,1:R1-7:R2$$$",-7.72400000,ok,,flexible
"PEPTIDE1{P.dP.F.Mono84.P.P.dP}$PEPTIDE1,PEPTIDE1,1:R1-7:R2$$$",-7.50500000,ok,,flexible
"PEPTIDE1{dF.Mono84.T.dP.P.P.dP}$PEPTIDE1,PEPTIDE1,1:R1-7:R2$$$",-7.31800000,ok,,flexible
"PEPTIDE1{P.dP.P.dP.dP.dP.D}$PEPTIDE1,PEPTIDE1,1:R1-7:R2$$$",-7.71700000,ok,,flexible
"PEPTIDE1{F.P.P.P.P.dP.D}$PEPTIDE1,PEPTIDE1,1:R1-7:R2$$$",-7.06000000,ok,,flexible
"PEPTIDE1{F.L.Mono84.P.dP.dP.P}$PEPTIDE1,PEPTIDE1,1:R1-7:R2$$$",-6.87600000,ok,,flexible
"PEPTIDE1{A.P.P.P.Phe(4-CF3).T.dP}$PEPTIDE1,PEPTIDE1,1:R1-7:R2$$$",-7.41200000,ok,,flexible
"PEPTIDE1{F.dP.T.dP.Mono84.dP.P}$PEPTIDE1,PEPTIDE1,1:R1-7:R2$$$",-7.32200000,ok,,flexible
"PEPTIDE1{P.dP.D.dP.dP.dP.P}$PEPTIDE1,PEPTIDE1,1:R1-7:R2$$$",-7.19700000,ok,,flexible
"PEPTIDE1{dA.F.Mono84.T.dP.dP.P}$PEPTIDE1,PEPTIDE1,1:R1-7:R2$$$",-7.65500000,ok,,flexible
"PEPTIDE1{A.dP.dP.P.dP.P.dP}$PEPTIDE1,PEPTIDE1,1:R1-7:R2$$$",-7.72800000,ok,,flexible
"PEPTIDE1{Mono6.T.P.P.P.P.dP}$PEPTIDE1,PEPTIDE1,1:R1-7:R2$$$",-6.80000000,ok,,flexible
"PEPTIDE1{F.3Pal.P.dP.dP.dP.dP}$PEPTIDE1,PEPTIDE1,1:R1-7:R2$$$",-7.15200000,ok,,flexible
"PEPTIDE1{dF.P.P.P.D.dP.dP}$PEPTIDE1,PEPTIDE1,1:R1-7:R2$$$",-7.02000000,ok,,flexible
"PEPTIDE1{dF.P.T.P.Y.dP.P}$PEPTIDE1,PEPTIDE1,1:R1-7:R2$$$",-7.10400000,ok,,flexible
"PEPTIDE1{P.dP.dP.P.D.P.T}$PEPTIDE1,PEPTIDE1,1:R1-7:R2$$$",-6.85200000,ok,,flexible
"PEPTIDE1{A.P.Y.dP.dP.dP.P}$PEPTIDE1,PEPTIDE1,1:R1-7:R2$$$",-7.14200000,ok,,flexible
"PEPTIDE1{Me_Bal.P.Phe(4-CF3).dP.P.P.P}$PEPTIDE1,PEPTIDE1,1:R1-7:R2$$$",-8.11400000,ok,,flexible
"PEPTIDE1{Me_Bal.Y.P.3Pal.dP.dP.P}$PEPTIDE1,PEPTIDE1,1:R1-7:R2$$$",-8.12800000,ok,,flexible
"PEPTIDE1{F.G.dP.dP.dP.dP.P}$PEPTIDE1,PEPTIDE1,1:R1-7:R2$$$",-7.81300000,ok,,flexible
"PEPTIDE1{Me_dA.F.Y.P.P.dP.dP}$PEPTIDE1,PEPTIDE1,1:R1-7:R2$$$",-6.99500000,ok,,flexible
"PEPTIDE1{Me_Bal.F.dP.T.dP.dP.P}$PEPTIDE1,PEPTIDE1,1:R1-7:R2$$$",-7.65600000,ok,,flexible
"PEPTIDE1{P.Pr_Gly.P.dP.dP.dP.D}$PEPTIDE1,PEPTIDE1,1:R1-7:R2$$$",-6.92900000,ok,,flexible
"PEPTIDE1{Mono6.dP.dP.dP.dP.P.Y}$PEPTIDE1,PEPTIDE1,1:R1-7:R2$$$",-7.87500000,ok,,flexible
"PEPTIDE1{P.Pr_Gly.P.P.dP.dP.P}$PEPTIDE1,PEPTIDE1,1:R1-7:R2$$$",-7.38200000,ok,,flexible
"PEPTIDE1{meA.dP.meY.dP.P.dP.dP}$PEPTIDE1,PEPTIDE1,1:R1-7:R2$$$",-7.67000000,ok,,flexible
"PEPTIDE1{dV.P.dP.P.P.D.T}$PEPTIDE1,PEPTIDE1,1:R1-7:R2$$$",-7.33200000,ok,,flexible
"PEPTIDE1{Mono6.T.P.P.P.dP.P}$PEPTIDE1,PEPTIDE1,1:R1-7:R2$$$",-7.22300000,ok,,flexible
"PEPTIDE1{dF.Y.dP.dP.dP.P.dP}$PEPTIDE1,PEPTIDE1,1:R1-7:R2$$$",-6.71400000,ok,,flexible
"PEPTIDE1{dF.Y.Mono84.P.dP.P.dP}$PEPTIDE1,PEPTIDE1,1:R1-7:R2$$$",-6.97700000,ok,,flexible
"PEPTIDE1{A.F.dP.dP.P.P.dP}$PEPTIDE1,PEPTIDE1,1:R1-7:R2$$$",-7.65300000,ok,,flexible
"PEPTIDE1{dA.P.G.T.T.Y.F}$PEPTIDE1,PEPTIDE1,1:R1-7:R2$$$",-6.75400000,ok,,flexible
"PEPTIDE1{dF.F.3Pal.P.P.Mono84.dP}$PEPTIDE1,PEPTIDE1,1:R1-7:R2$$$",-7.71000000,ok,,flexible
"PEPTIDE1{F.dP.P.dP.T.Mono84.D}$PEPTIDE1,PEPTIDE1,1:R1-7:R2$$$",-7.26000000,ok,,flexible
"PEPTIDE1{F.A.P.P.dP.dP.P}$PEPTIDE1,PEPTIDE1,1:R1-7:R2$$$",-7.00000000,ok,,flexible
"PEPTIDE1{Me_dA.dP.F.P.G.dP.T}$PEPTIDE1,PEPTIDE1,1:R1-7:R2$$$",-7.19700000,ok,,flexible
"PEPTIDE1{A.T.F.G.dP.P.Y}$PEPTIDE1,PEPTIDE1,1:R1-7:R2$$$",-6.42900000,ok,,flexible
"PEPTIDE1{dF.dP.dP.P.P.dP.D}$PEPTIDE1,PEPTIDE1,1:R1-7:R2$$$",-7.22600000,ok,,flexible
"PEPTIDE1{P.dP.Phe(4-CF3).P.dP.dP.P}$PEPTIDE1,PEPTIDE1,1:R1-7:R2$$$",-8.72400000,ok,,flexible
"PEPTIDE1{dF.Mono84.D.P.dP.P.dP}$PEPTIDE1,PEPTIDE1,1:R1-7:R2$$$",-7.35300000,ok,,flexible
"PEPTIDE1{F.P.P.dP.P.P.Phe(4-CF3)}$PEPTIDE1,PEPTIDE1,1:R1-7:R2$$$",-7.04300000,ok,,flexible
"PEPTIDE1{Me_dA.P.Mono84.T.D.P.dP}$PEPTIDE1,PEPTIDE1,1:R1-7:R2$$$",-6.87200000,ok,,flexible
"PEPTIDE1{dA.G.P.F.P.dP.Mono84}$PEPTIDE1,PEPTIDE1,1:R1-7:R2$$$",-7.33600000,ok,,flexible
"PEPTIDE1{meA.P.P.P.P.dP.D}$PEPTIDE1,PEPTIDE1,1:R1-7:R2$$$",-7.29300000,ok,,flexible
"PEPTIDE1{P.Phe(4-CF3).P.dP.dP.dP.dP}$PEPTIDE1,PEPTIDE1,1:R1-7:R2$$$",-8.15700000,ok,,flexible
"PEPTIDE1{A.F.P.dP.dP.dP.Phe(4-CF3)}$PEPTIDE1,PEPTIDE1,1:R1-7:R2$$$",-7.65400000,ok,,flexible
"PEPTIDE1{dA.dF.dP.P.P.P.dP}$PEPTIDE1,PEPTIDE1,1:R1-7:R2$$$",-7.18000000,ok,,flexible
"PEPTIDE1{dV.P.dP.dP.dP.D.T}$PEPTIDE1,PEPTIDE1,1:R1-7:R2$$$",-6.64500000,ok,,flexible
"PEPTIDE1{Me_Bal.T.P.dP.dP.P.P}$PEPTIDE1,PEPTIDE1,1:R1-7:R2$$$",-7.65100000,ok,,flexible
"PEPTIDE1{dP.P.dP.P.P.P.P}$PEPTIDE1,PEPTIDE1,1:R1-7:R2$$$",-8.51200000,ok,,flexible
"PEPTIDE1{A.Me_dL.dP.dP.dP.P.dP}$PEPTIDE1,PEPTIDE1,1:R1-7:R2$$$",-7.29100000,ok,,flexible
"PEPTIDE1{Mono6.dP.P.P.P.T.Y}$PEPTIDE1,PEPTIDE1,1:R1-7:R2$$$",-7.43800000,ok,,flexible
"PEPTIDE1{Me_Bal.meL.T.P.dP.P.dP}$PEPTIDE1,PEPTIDE1,1:R1-7:R2$$$",-7.30200000,ok,,flexible
"PEPTIDE1{P.P.F.dP.T.Y.P}$PEPTIDE1,PEPTIDE1,1:R1-7:R2$$$",-6.83400000,ok,,flexible
"PEPTIDE1{Me_dA.P.Y.Y.dP.Phe(4-CF3).P}$PEPTIDE1,PEPTIDE1,1:R1-7:R2$$$",-7.26900000,ok,,flexible
"PEPTIDE1{F.Mono84.3Pal.G.P.dP.dP}$PEPTIDE1,PEPTIDE1,1:R1-7:R2$$$",-7.36600000,ok,,flexible
"PEPTIDE1{dF.P.dP.dP.D.T.P}$PEPTIDE1,PEPTIDE1,1:R1-7:R2$$$",-6.83400000,ok,,flexible
"PEPTIDE1{P.Y.P.P.T.dP.dP}$PEPTIDE1,PEPTIDE1,1:R1-7:R2$$$",-7.05900000,ok,,flexible
"PEPTIDE1{dF.dP.dP.P.dP.D.P}$PEPTIDE1,PEPTIDE1,1:R1-7:R2$$$",-7.06700000,ok,,flexible
"PEPTIDE1{Me_dA.G.T.dP.P.dP.dP}$PEPTIDE1,PEPTIDE1,1:R1-7:R2$$$",-7.40300000,ok,,flexible
"PEPTIDE1{Mono6.P.P.dP.P.Y.dP}$PEPTIDE1,PEPTIDE1,1:R1-7:R2$$$",-7.80600000,ok,,flexible
"PEPTIDE1{Me_dA.F.dP.P.P.dP.P}$PEPTIDE1,PEPTIDE1,1:R1-7:R2$$$",-7.82100000,ok,,flexible
"PEPTIDE1{F.A.Phe(4-CF3).P.dP.dP.P}$PEPTIDE1,PEPTIDE1,1:R1-7:R2$$$",-7.96000000,ok,,flexible
"PEPTIDE1{Me_Bal.P.dP.Y.P.dP.dP}$PEPTIDE1,PEPTIDE1,1:R1-7:R2$$$",-7.80900000,ok,,flexible
"PEPTIDE1{Me_dA.F.P.Mono84.3Pal.dP.dP}$PEPTIDE1,PEPTIDE1,1:R1-7:R2$$$",-7.15500000,ok,,flexible
"PEPTIDE1{F.P.T.P.dP.dP.dP}$PEPTIDE1,PEPTIDE1,1:R1-7:R2$$$",-6.81500000,ok,,flexible
"PEPTIDE1{Me_dA.P.Me_dL.Y.dP.P.P}$PEPTIDE1,PEPTIDE1,1:R1-7:R2$$$",-6.80900000,ok,,flexible
"PEPTIDE1{F.G.P.Mono84.P.dP.P}$PEPTIDE1,PEPTIDE1,1:R1-7:R2$$$",-7.06200000,ok,,flexible
"PEPTIDE1{A.F.G.P.P.dP.dP}$PEPTIDE1,PEPTIDE1,1:R1-7:R2$$$",-7.58200000,ok,,flexible
"PEPTIDE1{A.G.T.dP.F.P.Mono84}$PEPTIDE1,PEPTIDE1,1:R1-7:R2$$$",-7.15100000,ok,,flexible
"PEPTIDE1{dF.P.P.T.dP.P.dP}$PEPTIDE1,PEPTIDE1,1:R1-7:R2$$$",-7.79900000,ok,,flexible
"PEPTIDE1{F.G.P.Y.3Pal.dP.dP}$PEPTIDE1,PEPTIDE1,1:R1-7:R2$$$",-7.10200000,ok,,flexible
"PEPTIDE1{A.P.P.P.dP.T.P}$PEPTIDE1,PEPTIDE1,1:R1-7:R2$$$",-8.16500000,ok,,flexible
"PEPTIDE1{P.T.dP.P.dP.P.P}$PEPTIDE1,PEPTIDE1,1:R1-7:R2$$$",-7.82000000,ok,,flexible
"PEPTIDE1{A.dP.P.dP.D.T.dP}$PEPTIDE1,PEPTIDE1,1:R1-7:R2$$$",-6.86200000,ok,,flexible
"PEPTIDE1{P.G.D.P.dP.dP.dP}$PEPTIDE1,PEPTIDE1,1:R1-7:R2$$$",-7.45000000,ok,,flexible
"PEPTIDE1{Mono6.F.Mono84.P.dP.P.dP}$PEPTIDE1,PEPTIDE1,1:R1-7:R2$$$",-7.76800000,ok,,flexible
"PEPTIDE1{P.P.dP.dP.P.P.D}$PEPTIDE1,PEPTIDE1,1:R1-7:R2$$$",-7.43600000,ok,,flexible
"PEPTIDE1{P.G.A.T.P.dP.Phe(4-CF3)}$PEPTIDE1,PEPTIDE1,1:R1-7:R2$$$",-7.56800000,ok,,flexible
"PEPTIDE1{Me_dA.P.Mono84.dP.dP.dP.P}$PEPTIDE1,PEPTIDE1,1:R1-7:R2$$$",-8.23600000,ok,,flexible
"PEPTIDE1{dF.P.P.dP.P.T.dP}$PEPTIDE1,PEPTIDE1,1:R1-7:R2$$$",-8.00800000,ok,,flexible
"PEPTIDE1{Me_dA.dP.dP.dP.P.T.dP}$PEPTIDE1,PEPTIDE1,1:R1-7:R2$$$",-7.04000000,ok,,flexible
"PEPTIDE1{A.meF.Y.F.Mono84.P.dP}$PEPTIDE1,PEPTIDE1,1:R1-7:R2$$$",-8.54100000,ok,,flexible
"PEPTIDE1{dF.dP.Mono84.dP.P.dP.P}$PEPTIDE1,PEPTIDE1,1:R1-7:R2$$$",-7.81900000,ok,,flexible
"PEPTIDE1{dA.meL.dP.dP.P.dP.P}$PEPTIDE1,PEPTIDE1,1:R1-7:R2$$$",-7.06700000,ok,,flexible
"PEPTIDE1{Mono6.P.dP.dP.dP.Y.P}$PEPTIDE1,PEPTIDE1,1:R1-7:R2$$$",-7.80800000,ok,,flexible
"PEPTIDE1{Me_dA.Y.P.P.P.P.D}$PEPTIDE1,PEPTIDE1,1:R1-7:R2$$$",-7.02700000,ok,,flexible
"PEPTIDE1{dA.G.Me_dL.P.dP.Phe(4-CF3).T}$PEPTIDE1,PEPTIDE1,1:R1-7:R2$$$",-6.51800000,ok,,flexible
"PEPTIDE1{dF.G.dP.dP.Mono84.Mono84.P}$PEPTIDE1,PEPTIDE1,1:R1-7:R2$$$",-8.15600000,ok,,flexible
"PEPTIDE1{dV.dP.P.P.P.T.D}$PEPTIDE1,PEPTIDE1,1:R1-7:R2$$$",-6.47500000,ok,,flexible
"PEPTIDE1{dA.P.P.P.T.D.dP}$PEPTIDE1,PEPTIDE1,1:R1-7:R2$$$",-6.50000000,ok,,flexible
"PEPTIDE1{A.Mono84.dP.P.P.P.dP}$PEPTIDE1,PEPTIDE1,1:R1-7:R2$$$",-7.59000000,ok,,flexible
"PEPTIDE1{A.T.G.P.F.Mono84.P}$PEPTIDE1,PEPTIDE1,1:R1-7:R2$$$",-7.07400000,ok,,flexible
"PEPTIDE1{dP.Mono84.dP.P.dP.P.P}$PEPTIDE1,PEPTIDE1,1:R1-7:R2$$$",-8.24000000,ok,,flexible
"PEPTIDE1{P.G.T.dP.P.dP.dP}$PEPTIDE1,PEPTIDE1,1:R1-7:R2$$$",-8.05500000,ok,,flexible
"PEPTIDE1{F.Mono84.G.dP.Mono84.dP.dP}$PEPTIDE1,PEPTIDE1,1:R1-7:R2$$$",-7.35000000,ok,,flexible
"PEPTIDE1{dV.dP.P.P.dP.T.D}$PEPTIDE1,PEPTIDE1,1:R1-7:R2$$$",-7.03200000,ok,,flexible
"PEPTIDE1{A.Y.P.dP.P.P.P}$PEPTIDE1,PEPTIDE1,1:R1-7:R2$$$",-8.09300000,ok,,flexible
"PEPTIDE1{dV.P.dP.dP.dP.T.D}$PEPTIDE1,PEPTIDE1,1:R1-7:R2$$$",-6.58000000,ok,,flexible
"PEPTIDE1{F.G.Phe(4-CF3).Mono84.P.P.dP}$PEPTIDE1,PEPTIDE1,1:R1-7:R2$$$",-7.09300000,ok,,flexible
"PEPTIDE1{F.Mono84.dP.P.Y.P.P}$PEPTIDE1,PEPTIDE1,1:R1-7:R2$$$",-9.32100000,ok,,flexible
"PEPTIDE1{dA.G.Phe(4-CF3).P.P.dP.P}$PEPTIDE1,PEPTIDE1,1:R1-7:R2$$$",-7.16600000,ok,,flexible
"PEPTIDE1{F.T.P.dP.P.dP.P}$PEPTIDE1,PEPTIDE1,1:R1-7:R2$$$",-7.73500000,ok,,flexible
"PEPTIDE1{P.F.P.Y.Mono84.Phe(4-CF3).Mono84}$PEPTIDE1,PEPTIDE1,1:R1-7:R2$$$",-6.92900000,ok,,flexible
"PEPTIDE1{Me_dA.dP.P.P.P.P.D}$PEPTIDE1,PEPTIDE1,1:R1-7:R2$$$",-7.11500000,ok,,flexible
"PEPTIDE1{P.F.dP.P.dP.P.P}$PEPTIDE1,PEPTIDE1,1:R1-7:R2$$$",-7.62300000,ok,,flexible
"PEPTIDE1{dP.Me_dL.P.P.P.dP.dP}$PEPTIDE1,PEPTIDE1,1:R1-7:R2$$$",-7.36600000,ok,,flexible
"PEPTIDE1{Me_dA.Phe(4-CF3).dP.P.dP.P.P}$PEPTIDE1,PEPTIDE1,1:R1-7:R2$$$",-7.37400000,ok,,flexible
"PEPTIDE1{Me_dA.F.Y.P.dP.dP.dP}$PEPTIDE1,PEPTIDE1,1:R1-7:R2$$$",-7.73600000,ok,,flexible
"PEPTIDE1{P.dP.P.dP.P.P.Y}$PEPTIDE1,PEPTIDE1,1:R1-7:R2$$$",-8.03600000,ok,,flexible
"PEPTIDE1{A.Y.P.dP.P.dP.P}$PEPTIDE1,PEPTIDE1,1:R1-7:R2$$$",-7.94200000,ok,,flexible
"PEPTIDE1{F.Y.dP.dP.P.P.dP}$PEPTIDE1,PEPTIDE1,1:R1-7:R2$$$",-7.74800000,ok,,flexible
"PEPTIDE1{dP.F.Mono84.Y.P.P.dP}$PEPTIDE1,PEPTIDE1,1:R1-7:R2$$$",-7.39900000,ok,,flexible
"PEPTIDE1{P.dP.P.P.P.T.Phe(4-CF3)}$PEPTIDE1,PEPTIDE1,1:R1-7:R2$$$",-7.41200000,ok,,flexible
"PEPTIDE1{dF.P.F.Mono84.P.dP.dP}$PEPTIDE1,PEPTIDE1,1:R1-7:R2$$$",-7.21500000,ok,,flexible
"PEPTIDE1{F.dP.G.A.P.Mono84.dP}$PEPTIDE1,PEPTIDE1,1:R1-7:R2$$$",-7.57000000,ok,,flexible
"PEPTIDE1{dP.dP.P.P.T.P.P}$PEPTIDE1,PEPTIDE1,1:R1-7:R2$$$",-7.13800000,ok,,flexible
"PEPTIDE1{F.Mono84.T.P.dP.P.dP}$PEPTIDE1,PEPTIDE1,1:R1-7:R2$$$",-6.95300000,ok,,flexible
"PEPTIDE1{Me_Bal.meY.P.P.P.dP.Y}$PEPTIDE1,PEPTIDE1,1:R1-7:R2$$$",-7.36900000,ok,,flexible
"PEPTIDE1{P.G.P.dP.P.P.T}$PEPTIDE1,PEPTIDE1,1:R1-7:R2$$$",-7.68100000,ok,,flexible
"PEPTIDE1{P.Phe(4-CF3).dP.dP.P.dP.T}$PEPTIDE1,PEPTIDE1,1:R1-7:R2$$$",-7.67800000,ok,,flexible
"PEPTIDE1{meA.dP.P.dP.D.T.P}$PEPTIDE1,PEPTIDE1,1:R1-7:R2$$$",-7.00600000,ok,,flexible
"PEPTIDE1{dA.P.dP.T.dP.dP.P}$PEPTIDE1,PEPTIDE1,1:R1-7:R2$$$",-7.88500000,ok,,flexible
"PEPTIDE1{meA.P.Y.P.T.P.P}$PEPTIDE1,PEPTIDE1,1:R1-7:R2$$$",-7.60000000,ok,,flexible
"PEPTIDE1{A.T.P.dP.G.dP.F}$PEPTIDE1,PEPTIDE1,1:R1-7:R2$$$",-6.88800000,ok,,flexible
"PEPTIDE1{Me_dA.Phe(4-CF3).dP.P.P.P.P}$PEPTIDE1,PEPTIDE1,1:R1-7:R2$$$",-7.56600000,ok,,flexible
"PEPTIDE1{P.dP.G.G.dP.T.P}$PEPTIDE1,PEPTIDE1,1:R1-7:R2$$$",-7.23700000,ok,,flexible
"PEPTIDE1{Mono6.dP.P.P.P.T.dP}$PEPTIDE1,PEPTIDE1,1:R1-7:R2$$$",-7.53400000,ok,,flexible
"PEPTIDE1{F.P.Mono84.P.P.dP.dP}$PEPTIDE1,PEPTIDE1,1:R1-7:R2$$$",-7.73200000,ok,,flexible
"PEPTIDE1{P.A.dP.dP.P.dP.T}$PEPTIDE1,PEPTIDE1,1:R1-7:R2$$$",-7.07100000,ok,,flexible
"PEPTIDE1{Me_Bal.dP.F.P.3Pal.Y.dP}$PEPTIDE1,PEPTIDE1,1:R1-7:R2$$$",-6.99100000,ok,,flexible
"PEPTIDE1{Me_dA.dP.Y.Mono84.T.dP.P}$PEPTIDE1,PEPTIDE1,1:R1-7:R2$$$",-7.32900000,ok,,flexible
"PEPTIDE1{Me_dA.Mono84.T.P.dP.P.dP}$PEPTIDE1,PEPTIDE1,1:R1-7:R2$$$",-7.89900000,ok,,flexible
"PEPTIDE1{Mono6.dP.dP.P.P.dP.dP}$PEPTIDE1,PEPTIDE1,1:R1-7:R2$$$",-8.18800000,ok,,flexible
"PEPTIDE1{P.F.Y.T.P.P.dP}$PEPTIDE1,PEPTIDE1,1:R1-7:R2$$$",-6.93000000,ok,,flexible
"PEPTIDE1{Mono6.F.T.P.P.dP.P}$PEPTIDE1,PEPTIDE1,1:R1-7:R2$$$",-7.08400000,ok,,flexible
"PEPTIDE1{P.F.dP.dP.dP.P.P}$PEPTIDE1,PEPTIDE1,1:R1-7:R2$$$",-7.48000000,ok,,flexible
"PEPTIDE1{dF.P.Y.Phe(4-CF3).dP.P.P}$PEPTIDE1,PEPTIDE1,1:R1-7:R2$$$",-7.24500000,ok,,flexible
"PEPTIDE1{dP.meY.P.dP.dP.P.P}$PEPTIDE1,PEPTIDE1,1:R1-7:R2$$$",-7.46000000,ok,,flexible
"PEPTIDE1{dA.G.dP.P.dP.dP.P}$PEPTIDE1,PEPTIDE1,1:R1-7:R2$$$",-7.51400000,ok,,flexible
"PEPTIDE1{F.meL.P.P.P.dP.P}$PEPTIDE1,PEPTIDE1,1:R1-7:R2$$$",-6.89200000,ok,,flexible
"PEPTIDE1{Me_dA.P.meY.dP.P.dP.P}$PEPTIDE1,PEPTIDE1,1:R1-7:R2$$$",-7.86100000,ok,,flexible
"PEPTIDE1{dF.P.P.dP.dP.T.P}$PEPTIDE1,PEPTIDE1,1:R1-7:R2$$$",-7.62500000,ok,,flexible
"PEPTIDE1{dF.Mono84.G.dP.dP.P.P}$PEPTIDE1,PEPTIDE1,1:R1-7:R2$$$",-8.14200000,ok,,flexible
"PEPTIDE1{Me_dA.G.dP.dP.P.Y.P}$PEPTIDE1,PEPTIDE1,1:R1-7:R2$$$",-7.75800000,ok,,flexible
"PEPTIDE1{A.F.dP.dP.dP.P.P}$PEPTIDE1,PEPTIDE1,1:R1-7:R2$$$",-7.26300000,ok,,flexible
"PEPTIDE1{Me_Bal.dP.T.P.dP.P.dP}$PEPTIDE1,PEPTIDE1,1:R1-7:R2$$$",-7.81300000,ok,,flexible
"PEPTIDE1{A.dP.dP.Y.dP.P.P}$PEPTIDE1,PEPTIDE1,1:R1-7:R2$$$",-7.32000000,ok,,flexible
"PEPTIDE1{Me_dA.meY.dP.Y.P.dP.T}$PEPTIDE1,PEPTIDE1,1:R1-7:R2$$$",-7.69900000,ok,,flexible
"PEPTIDE1{Me_dA.F.P.dP.dP.dP.P}$PEPTIDE1,PEPTIDE1,1:R1-7:R2$$$",-7.70900000,ok,,flexible
"PEPTIDE1{A.dP.P.G.P.P.dP}$PEPTIDE1,PEPTIDE1,1:R1-7:R2$$$",-7.57200000,ok,,flexible
"PEPTIDE1{Mono6.dP.P.dP.T.P.P}$PEPTIDE1,PEPTIDE1,1:R1-7:R2$$$",-7.09300000,ok,,flexible
"PEPTIDE1{Mono6.dP.dP.Y.P.P.P}$PEPTIDE1,PEPTIDE1,1:R1-7:R2$$$",-8.39300000,ok,,flexible
"PEPTIDE1{A.P.dP.P.dP.D.dP}$PEPTIDE1,PEPTIDE1,1:R1-7:R2$$$",-7.17500000,ok,,flexible
"PEPTIDE1{F.dP.dP.P.G.Mono84.Mono84}$PEPTIDE1,PEPTIDE1,1:R1-7:R2$$$",-7.61800000,ok,,flexible
"PEPTIDE1{F.P.dP.Y.Phe(4-CF3).P.dP}$PEPTIDE1,PEPTIDE1,1:R1-7:R2$$$",-7.51100000,ok,,flexible
"PEPTIDE1{A.P.dP.dP.D.dP.P}$PEPTIDE1,PEPTIDE1,1:R1-7:R2$$$",-7.37800000,ok,,flexible
"PEPTIDE1{Me_dA.meY.P.P.P.P.dP}$PEPTIDE1,PEPTIDE1,1:R1-7:R2$$$",-7.64000000,ok,,flexible
"PEPTIDE1{P.A.dP.dP.P.dP.P}$PEPTIDE1,PEPTIDE1,1:R1-7:R2$$$",-7.89800000,ok,,flexible
"PEPTIDE1{Mono6.P.T.Y.dP.dP.G}$PEPTIDE1,PEPTIDE1,1:R1-7:R2$$$",-7.23600000,ok,,flexible
"PEPTIDE1{F.T.meY.P.Mono84.P.D}$PEPTIDE1,PEPTIDE1,1:R1-7:R2$$$",-6.78100000,ok,,flexible
"PEPTIDE1{dA.P.Phe(4-CF3).P.dP.P.dP}$PEPTIDE1,PEPTIDE1,1:R1-7:R2$$$",-7.98800000,ok,,flexible
"PEPTIDE1{A.G.P.dP.dP.P.P}$PEPTIDE1,PEPTIDE1,1:R1-7:R2$$$",-7.59500000,ok,,flexible
"PEPTIDE1{dA.dP.P.dP.D.P.T}$PEPTIDE1,PEPTIDE1,1:R1-7:R2$$$",-6.86400000,ok,,flexible
"PEPTIDE1{A.Y.Phe(4-CF3).P.P.P.dP}$PEPTIDE1,PEPTIDE1,1:R1-7:R2$$$",-7.51500000,ok,,flexible
"PEPTIDE1{Mono6.Mono84.G.dP.P.dP.dP}$PEPTIDE1,PEPTIDE1,1:R1-7:R2$$$",-7.54800000,ok,,flexible
"PEPTIDE1{Mono6.D.P.dP.P.P.dP}$PEPTIDE1,PEPTIDE1,1:R1-7:R2$$$",-7.94400000,ok,,flexible
"PEPTIDE1{Me_dA.Y.Phe(4-CF3).P.dP.P.P}$PEPTIDE1,PEPTIDE1,1:R1-7:R2$$$",-7.55200000,ok,,flexible
"PEPTIDE1{Me_Bal.Mono84.dP.cHexCH2_Gly.T.dP.P}$PEPTIDE1,PEPTIDE1,1:R1-7:R2$$$",-7.46200000,ok,,flexible
"PEPTIDE1{P.Y.dP.dP.dP.T.Phe(4-CF3)}$PEPTIDE1,PEPTIDE1,1:R1-7:R2$$$",-6.99500000,ok,,flexible
"PEPTIDE1{P.P.F.dP.Mono84.dP.P}$PEPTIDE1,PEPTIDE1,1:R1-7:R2$$$",-8.09300000,ok,,flexible
"PEPTIDE1{Me_dA.Y.T.dP.P.dP.P}$PEPTIDE1,PEPTIDE1,1:R1-7:R2$$$",-7.09600000,ok,,flexible
"PEPTIDE1{dA.F.dP.P.P.dP.dP}$PEPTIDE1,PEPTIDE1,1:R1-7:R2$$$",-8.02300000,ok,,flexible
"PEPTIDE1{dA.G.dP.dP.dP.dP.P}$PEPTIDE1,PEPTIDE1,1:R1-7:R2$$$",-8.03500000,ok,,flexible
"PEPTIDE1{Mono6.P.G.T.Phe(4-CF3).dP.dP}$PEPTIDE1,PEPTIDE1,1:R1-7:R2$$$",-7.46200000,ok,,flexible
"PEPTIDE1{F.P.Y.T.P.P.dP}$PEPTIDE1,PEPTIDE1,1:R1-7:R2$$$",-7.07200000,ok,,flexible
"PEPTIDE1{dF.Mono84.T.dP.G.dP.Mono84}$PEPTIDE1,PEPTIDE1,1:R1-7:R2$$$",-7.00100000,ok,,flexible
"PEPTIDE1{P.F.dP.Y.dP.Mono84.P}$PEPTIDE1,PEPTIDE1,1:R1-7:R2$$$",-7.31500000,ok,,flexible
"PEPTIDE1{Me_dA.G.dP.Mono84.P.Phe(4-CF3).dP}$PEPTIDE1,PEPTIDE1,1:R1-7:R2$$$",-7.55100000,ok,,flexible
"PEPTIDE1{Me_dA.F.P.F.Y.P.Mono84}$PEPTIDE1,PEPTIDE1,1:R1-7:R2$$$",-7.47300000,ok,,flexible
"PEPTIDE1{dP.Me_dL.P.dP.P.P.P}$PEPTIDE1,PEPTIDE1,1:R1-7:R2$$$",-7.81000000,ok,,flexible
"PEPTIDE1{F.P.dP.P.P.P.D}$PEPTIDE1,PEPTIDE1,1:R1-7:R2$$$",-7.10000000,ok,,flexible
"PEPTIDE1{dP.D.dP.P.P.P.dP}$PEPTIDE1,PEPTIDE1,1:R1-7:R2$$$",-7.01400000,ok,,flexible
"PEPTIDE1{F.Mono84.G.P.dP.dP.P}$PEPTIDE1,PEPTIDE1,1:R1-7:R2$$$",-8.32000000,ok,,flexible
"PEPTIDE1{dP.Phe(4-CF3).Y.dP.dP.dP.P}$PEPTIDE1,PEPTIDE1,1:R1-7:R2$$$",-8.37000000,ok,,flexible
"PEPTIDE1{dF.dP.Mono84.Phe(4-CF3).P.dP.P}$PEPTIDE1,PEPTIDE1,1:R1-7:R2$$$",-7.61700000,ok,,flexible
"PEPTIDE1{dP.P.P.dP.T.dP.P}$PEPTIDE1,PEPTIDE1,1:R1-7:R2$$$",-7.33000000,ok,,flexible
"PEPTIDE1{dP.Y.dP.P.dP.D.T}$PEPTIDE1,PEPTIDE1,1:R1-7:R2$$$",-7.02200000,ok,,flexible
"PEPTIDE1{dP.G.P.P.dP.dP.Phe(4-CF3)}$PEPTIDE1,PEPTIDE1,1:R1-7:R2$$$",-7.48500000,ok,,flexible
"PEPTIDE1{F.Y.dP.dP.P.dP.dP}$PEPTIDE1,PEPTIDE1,1:R1-7:R2$$$",-7.23300000,ok,,flexible
"PEPTIDE1{dP.G.dP.P.P.P.dP}$PEPTIDE1,PEPTIDE1,1:R1-7:R2$$$",-8.39700000,ok,,flexible
"PEPTIDE1{P.G.Y.dP.P.dP.dP}$PEPTIDE1,PEPTIDE1,1:R1-7:R2$$$",-7.33200000,ok,,flexible
"PEPTIDE1{Me_dA.G.Phe(4-CF3).P.P.P.dP}$PEPTIDE1,PEPTIDE1,1:R1-7:R2$$$",-7.76400000,ok,,flexible
"PEPTIDE1{Mono6.Y.dP.dP.P.P.dP}$PEPTIDE1,PEPTIDE1,1:R1-7:R2$$$",-7.48400000,ok,,flexible
"PEPTIDE1{Me_Bal.dP.dP.dP.dP.P.T}$PEPTIDE1,PEPTIDE1,1:R1-7:R2$$$",-7.39500000,ok,,flexible
"PEPTIDE1{A.G.F.dP.Y.Phe(4-CF3).T}$PEPTIDE1,PEPTIDE1,1:R1-7:R2$$$",-7.84800000,ok,,flexible
"PEPTIDE1{dF.Y.dP.P.dP.dP.T}$PEPTIDE1,PEPTIDE1,1:R1-7:R2$$$",-7.49800000,ok,,flexible
"PEPTIDE1{dP.Me_dA.meY.Y.dP.P.dP}$PEPTIDE1,PEPTIDE1,1:R1-7:R2$$$",-8.13600000,ok,,flexible
"PEPTIDE1{P.Y.P.dP.dP.P.D}$PEPTIDE1,PEPTIDE1,1:R1-7:R2$$$",-7.15900000,ok,,flexible
"PEPTIDE1{meA.dP.dP.P.dP.P.T}$PEPTIDE1,PEPTIDE1,1:R1-7:R2$$$",-7.37900000,ok,,flexible
"PEPTIDE1{dA.Mono84.P.Mono84.Y.dP.P}$PEPTIDE1,PEPTIDE1,1:R1-7:R2$$$",-8.80200000,ok,,flexible
"PEPTIDE1{A.Y.Phe(4-CF3).P.dP.P.dP}$PEPTIDE1,PEPTIDE1,1:R1-7:R2$$$",-8.23800000,ok,,flexible
"PEPTIDE1{F.P.Mono84.Mono84.dP.Y.P}$PEPTIDE1,PEPTIDE1,1:R1-7:R2$$$",-8.13100000,ok,,flexible
"PEPTIDE1{meA.meY.Mono84.P.P.T.P}$PEPTIDE1,PEPTIDE1,1:R1-7:R2$$$",-7.96800000,ok,,flexible
"PEPTIDE1{dA.F.Y.P.dP.Mono84.dP}$PEPTIDE1,PEPTIDE1,1:R1-7:R2$$$",-7.00400000,ok,,flexible
"PEPTIDE1{Me_dA.P.G.dP.dP.dP.dP}$PEPTIDE1,PEPTIDE1,1:R1-7:R2$$$",-8.60200000,ok,,flexible
"PEPTIDE1{dF.P.G.P.dP.dP.P}$PEPTIDE1,PEPTIDE1,1:R1-7:R2$$$",-8.02200000,ok,,flexible
"PEPTIDE1{Me_dA.Y.P.Phe(4-CF3).P.dP.dP}$PEPTIDE1,PEPTIDE1,1:R1-7:R2$$$",-6.79200000,ok,,flexible
"PEPTIDE1{dF.G.P.dP.Mono84.P.dP}$PEPTIDE1,PEPTIDE1,1:R1-7:R2$$$",-7.39500000,ok,,flexible
"PEPTIDE1{dP.dP.dP.D.T.P.dP}$PEPTIDE1,PEPTIDE1,1:R1-7:R2$$$",-7.07800000,ok,,flexible
"PEPTIDE1{dP.Y.P.dP.dP.P.P}$PEPTIDE1,PEPTIDE1,1:R1-7:R2$$$",-8.36800000,ok,,flexible
"PEPTIDE1{dF.G.dP.Mono84.P.P.dP}$PEPTIDE1,PEPTIDE1,1:R1-7:R2$$$",-8.17800000,ok,,flexible
"PEPTIDE1{P.Mono6.dP.dP.P.P.dP}$PEPTIDE1,PEPTIDE1,1:R1-7:R2$$$",-7.72400000,ok,,flexible
"PEPTIDE1{Me_dA.F.P.P.dP.Mono84.Y}$PEPTIDE1,PEPTIDE1,1:R1-7:R2$$$",-7.24500000,ok,,flexible
"PEPTIDE1{dP.dP.dP.P.P.dP.P}$PEPTIDE1,PEPTIDE1,1:R1-7:R2$$$",-7.98400000,ok,,flexible
"PEPTIDE1{dF.F.dP.P.P.dP.P}$PEPTIDE1,PEPTIDE1,1:R1-7:R2$$$",-7.00100000,ok,,flexible
"PEPTIDE1{A.dP.G.P.dP.P.P}$PEPTIDE1,PEPTIDE1,1:R1-7:R2$$$",-7.29800000,ok,,flexible
"PEPTIDE1{A.P.dP.dP.D.T.P}$PEPTIDE1,PEPTIDE1,1:R1-7:R2$$$",-6.79800000,ok,,flexible
"PEPTIDE1{P.dP.F.Phe(4-CF3).dP.dP.dP}$PEPTIDE1,PEPTIDE1,1:R1-7:R2$$$",-7.33800000,ok,,flexible
"PEPTIDE1{dA.Y.dP.dP.P.P.P}$PEPTIDE1,PEPTIDE1,1:R1-7:R2$$$",-8.09200000,ok,,flexible
"PEPTIDE1{P.dP.dP.dP.T.P.P}$PEPTIDE1,PEPTIDE1,1:R1-7:R2$$$",-7.81000000,ok,,flexible
"PEPTIDE1{dF.A.dP.P.dP.P.dP}$PEPTIDE1,PEPTIDE1,1:R1-7:R2$$$",-8.20200000,ok,,flexible
"PEPTIDE1{dF.T.P.P.dP.P.P}$PEPTIDE1,PEPTIDE1,1:R1-7:R2$$$",-6.97300000,ok,,flexible
"PEPTIDE1{dF.P.Phe(4-CF3).P.dP.dP.dP}$PEPTIDE1,PEPTIDE1,1:R1-7:R2$$$",-6.99900000,ok,,flexible
"PEPTIDE1{P.G.dP.F.dP.Y.Mono84}$PEPTIDE1,PEPTIDE1,1:R1-7:R2$$$",-7.36900000,ok,,flexible
"PEPTIDE1{dA.Y.Phe(4-CF3).P.dP.P.dP}$PEPTIDE1,PEPTIDE1,1:R1-7:R2$$$",-7.34500000,ok,,flexible
"PEPTIDE1{Me_dA.dP.Mono84.G.P.dP.dP}$PEPTIDE1,PEPTIDE1,1:R1-7:R2$$$",-7.34100000,ok,,flexible
"PEPTIDE1{dA.dP.dP.P.P.dP.Phe(4-CF3)}$PEPTIDE1,PEPTIDE1,1:R1-7:R2$$$",-7.46400000,ok,,flexible
"PEPTIDE1{P.P.Y.dP.dP.dP.P}$PEPTIDE1,PEPTIDE1,1:R1-7:R2$$$",-7.81000000,ok,,flexible
"PEPTIDE1{F.P.dP.G.P.dP.P}$PEPTIDE1,PEPTIDE1,1:R1-7:R2$$$",-7.49100000,ok,,flexible
"PEPTIDE1{dA.dP.F.P.Mono84.Y.G}$PEPTIDE1,PEPTIDE1,1:R1-7:R2$$$",-8.38600000,ok,,flexible
"PEPTIDE1{dF.cHexCH2_Gly.P.dP.P.dP.P}$PEPTIDE1,PEPTIDE1,1:R1-7:R2$$$",-7.26300000,ok,,flexible
"PEPTIDE1{A.P.P.P.dP.T.D}$PEPTIDE1,PEPTIDE1,1:R1-7:R2$$$",-6.73900000,ok,,flexible
"PEPTIDE1{dA.dP.Phe(4-CF3).dP.P.P.P}$PEPTIDE1,PEPTIDE1,1:R1-7:R2$$$",-7.53300000,ok,,flexible
"PEPTIDE1{dP.Phe(4-CF3).dP.dP.dP.P.P}$PEPTIDE1,PEPTIDE1,1:R1-7:R2$$$",-8.11300000,ok,,flexible
"PEPTIDE1{Me_dA.F.G.Mono84.P.dP.P}$PEPTIDE1,PEPTIDE1,1:R1-7:R2$$$",-7.78500000,ok,,flexible
"PEPTIDE1{Me_dA.G.Phe(4-CF3).Y.F.T.dP}$PEPTIDE1,PEPTIDE1,1:R1-7:R2$$$",-6.98300000,ok,,flexible
"PEPTIDE1{dA.dP.dP.P.dP.T.Phe(4-CF3)}$PEPTIDE1,PEPTIDE1,1:R1-7:R2$$$",-8.06700000,ok,,flexible
"PEPTIDE1{P.P.dP.Y.Phe(4-CF3).dP.Mono84}$PEPTIDE1,PEPTIDE1,1:R1-7:R2$$$",-7.37100000,ok,,flexible
"PEPTIDE1{A.T.dP.P.P.P.P}$PEPTIDE1,PEPTIDE1,1:R1-7:R2$$$",-7.31900000,ok,,flexible
"PEPTIDE1{dP.F.G.Mono84.T.P.dP}$PEPTIDE1,PEPTIDE1,1:R1-7:R2$$$",-7.51400000,ok,,flexible
"PEPTIDE1{A.dP.F.P.P.dP.Y}$PEPTIDE1,PEPTIDE1,1:R1-7:R2$$$",-8.22000000,ok,,flexible
"PEPTIDE1{P.P.P.dP.dP.T.dP}$PEPTIDE1,PEPTIDE1,1:R1-7:R2$$$",-7.07400000,ok,,flexible
"PEPTIDE1{Mono6.dP.P.dP.D.P.P}$PEPTIDE1,PEPTIDE1,1:R1-7:R2$$$",-7.27200000,ok,,flexible
"PEPTIDE1{Me_dA.A.dP.P.P.P.P}$PEPTIDE1,PEPTIDE1,1:R1-7:R2$$$",-7.96200000,ok,,flexible
"PEPTIDE1{dA.P.meL.P.P.dP.dP}$PEPTIDE1,PEPTIDE1,1:R1-7:R2$$$",-6.97600000,ok,,flexible
"PEPTIDE1{P.P.dP.A.Y.P.P}$PEPTIDE1,PEPTIDE1,1:R1-7:R2$$$",-7.51000000,ok,,flexible
"PEPTIDE1{dA.Phe(4-CF3).dP.dP.P.dP.T}$PEPTIDE1,PEPTIDE1,1:R1-7:R2$$$",-8.10400000,ok,,flexible
"PEPTIDE1{Me_dA.F.Phe(4-CF3).Mono84.dP.dP.dP}$PEPTIDE1,PEPTIDE1,1:R1-7:R2$$$",-8.00000000,ok,,flexible
"PEPTIDE1{dF.T.dP.P.dP.P.dP}$PEPTIDE1,PEPTIDE1,1:R1-7:R2$$$",-7.26100000,ok,,flexible
"PEPTIDE1{dA.dP.P.dP.T.dP.P}$PEPTIDE1,PEPTIDE1,1:R1-7:R2$$$",-7.37700000,ok,,flexible
"PEPTIDE1{F.Y.dP.dP.dP.dP.P}$PEPTIDE1,PEPTIDE1,1:R1-7:R2$$$",-7.46700000,ok,,flexible
"PEPTIDE1{dF.Mono84.G.dP.dP.P.dP}$PEPTIDE1,PEPTIDE1,1:R1-7:R2$$$",-7.85300000,ok,,flexible
"PEPTIDE1{Me_dA.dP.Mono84.Y.Mono84.T.dP}$PEPTIDE1,PEPTIDE1,1:R1-7:R2$$$",-8.08000000,ok,,flexible
"PEPTIDE1{dP.A.P.P.P.Phe(4-CF3).dP}$PEPTIDE1,PEPTIDE1,1:R1-7:R2$$$",-7.46600000,ok,,flexible
"PEPTIDE1{A.Phe(4-CF3).dP.P.dP.P.P}$PEPTIDE1,PEPTIDE1,1:R1-7:R2$$$",-7.78300000,ok,,flexible
"PEPTIDE1{P.F.Y.Mono84.3Pal.Mono84.T}$PEPTIDE1,PEPTIDE1,1:R1-7:R2$$$",-6.57600000,ok,,flexible
"PEPTIDE1{Mono6.Mono84.P.Y.T.Mono84.dP}$PEPTIDE1,PEPTIDE1,1:R1-7:R2$$$",-7.06200000,ok,,flexible
"PEPTIDE1{Me_dA.dP.G.Y.F.F.P}$PEPTIDE1,PEPTIDE1,1:R1-7:R2$$$",-6.47700000,ok,,flexible
"PEPTIDE1{P.dP.dP.dP.P.dP.T}$PEPTIDE1,PEPTIDE1,1:R1-7:R2$$$",-7.57500000,ok,,flexible
"PEPTIDE1{Me_dA.Y.Mono84.dP.P.P.P}$PEPTIDE1,PEPTIDE1,1:R1-7:R2$$$",-7.40000000,ok,,flexible
"PEPTIDE1{A.dP.Mono84.G.dP.dP.dP}$PEPTIDE1,PEPTIDE1,1:R1-7:R2$$$",-7.52400000,ok,,flexible
"PEPTIDE1{F.P.P.P.P.T.D}$PEPTIDE1,PEPTIDE1,1:R1-7:R2$$$",-7.03300000,ok,,flexible
"PEPTIDE1{dA.dP.dP.T.dP.P.P}$PEPTIDE1,PEPTIDE1,1:R1-7:R2$$$",-7.31300000,ok,,flexible
"PEPTIDE1{F.F.Y.dP.Mono84.P.Phe(4-CF3)}$PEPTIDE1,PEPTIDE1,1:R1-7:R2$$$",-6.87600000,ok,,flexible
"PEPTIDE1{dA.Y.P.P.P.P.dP}$PEPTIDE1,PEPTIDE1,1:R1-7:R2$$$",-7.73700000,ok,,flexible
"PEPTIDE1{dP.D.dP.P.P.P.T}$PEPTIDE1,PEPTIDE1,1:R1-7:R2$$$",-6.92100000,ok,,flexible
"PEPTIDE1{Me_Bal.G.dP.P.T.P.Mono84}$PEPTIDE1,PEPTIDE1,1:R1-7:R2$$$",-7.15900000,ok,,flexible
"PEPTIDE1{A.F.dP.dP.P.dP.dP}$PEPTIDE1,PEPTIDE1,1:R1-7:R2$$$",-7.73700000,ok,,flexible
"PEPTIDE1{P.dP.Y.G.D.dP.P}$PEPTIDE1,PEPTIDE1,1:R1-7:R2$$$",-7.14900000,ok,,flexible
"PEPTIDE1{F.A.Y.dP.dP.dP.dP}$PEPTIDE1,PEPTIDE1,1:R1-7:R2$$$",-8.04900000,ok,,flexible
"PEPTIDE1{F.G.dP.P.dP.T.dP}$PEPTIDE1,PEPTIDE1,1:R1-7:R2$$$",-7.69600000,ok,,flexible
"PEPTIDE1{dP.meY.dP.dP.P.P.D}$PEPTIDE1,PEPTIDE1,1:R1-7:R2$$$",-6.83600000,ok,,flexible
"PEPTIDE1{Me_dA.P.P.dP.P.D.P}$PEPTIDE1,PEPTIDE1,1:R1-7:R2$$$",-7.84400000,ok,,flexible
"PEPTIDE1{Me_dA.Y.dP.dP.dP.dP.Phe(4-CF3)}$PEPTIDE1,PEPTIDE1,1:R1-7:R2$$$",-8.76500000,ok,,flexible
"PEPTIDE1{Mono6.P.P.dP.dP.D.dP}$PEPTIDE1,PEPTIDE1,1:R1-7:R2$$$",-7.10200000,ok,,flexible
"PEPTIDE1{F.P.A.Mono84.dP.P.dP}$PEPTIDE1,PEPTIDE1,1:R1-7:R2$$$",-7.77100000,ok,,flexible
"PEPTIDE1{Me_dL.P.P.P.dP.P.dP}$PEPTIDE1,PEPTIDE1,1:R1-7:R2$$$",-7.54100000,ok,,flexible
"PEPTIDE1{Me_dA.dP.G.P.dP.dP.P}$PEPTIDE1,PEPTIDE1,1:R1-7:R2$$$",-8.20100000,ok,,flexible
"PEPTIDE1{P.Y.P.dP.dP.dP.D}$PEPTIDE1,PEPTIDE1,1:R1-7:R2$$$",-7.83700000,ok,,flexible
"PEPTIDE1{meL.P.P.P.dP.P.dP}$PEPTIDE1,PEPTIDE1,1:R1-7:R2$$$",-8.33100000,ok,,flexible
"PEPTIDE1{P.Y.Y.3Pal.Mono84.dP.P}$PEPTIDE1,PEPTIDE1,1:R1-7:R2$$$",-7.30800000,ok,,flexible
"PEPTIDE1{Me_dA.F.dP.Mono84.P.dP.dP}$PEPTIDE1,PEPTIDE1,1:R1-7:R2$$$",-7.46500000,ok,,flexible
"PEPTIDE1{F.dP.Y.dP.P.P.dP}$PEPTIDE1,PEPTIDE1,1:R1-7:R2$$$",-7.47100000,ok,,flexible
"PEPTIDE1{dA.dP.P.P.P.T.D}$PEPTIDE1,PEPTIDE1,1:R1-7:R2$$$",-6.80900000,ok,,flexible
"PEPTIDE1{dF.P.G.dP.P.P.P}$PEPTIDE1,PEPTIDE1,1:R1-7:R2$$$",-8.10000000,ok,,flexible
"PEPTIDE1{dP.P.dP.dP.P.dP.D}$PEPTIDE1,PEPTIDE1,1:R1-7:R2$$$",-8.34000000,ok,,flexible
"PEPTIDE1{dP.dP.D.P.T.P.P}$PEPTIDE1,PEPTIDE1,1:R1-7:R2$$$",-6.91100000,ok,,flexible
"PEPTIDE1{dF.G.P.dP.P.dP.P}$PEPTIDE1,PEPTIDE1,1:R1-7:R2$$$",-8.17500000,ok,,flexible
"PEPTIDE1{dA.Y.dP.P.P.P.P}$PEPTIDE1,PEPTIDE1,1:R1-7:R2$$$",-7.43200000,ok,,flexible
"PEPTIDE1{F.P.Mono84.P.Mono84.T.P}$PEPTIDE1,PEPTIDE1,1:R1-7:R2$$$",-7.10100000,ok,,flexible
"PEPTIDE1{dA.dP.dP.dP.T.P.D}$PEPTIDE1,PEPTIDE1,1:R1-7:R2$$$",-7.15300000,ok,,flexible
"PEPTIDE1{P.A.dP.dP.dP.Phe(4-CF3).P}$PEPTIDE1,PEPTIDE1,1:R1-7:R2$$$",-7.78000000,ok,,flexible
"PEPTIDE1{Me_dA.dP.dP.P.dP.Y.P}$PEPTIDE1,PEPTIDE1,1:R1-7:R2$$$",-7.53400000,ok,,flexible
"PEPTIDE1{dP.F.P.Mono84.T.G.Phe(4-CF3)}$PEPTIDE1,PEPTIDE1,1:R1-7:R2$$$",-6.78500000,ok,,flexible
"PEPTIDE1{dV.P.dP.P.D.dP.P}$PEPTIDE1,PEPTIDE1,1:R1-7:R2$$$",-6.71400000,ok,,flexible
"PEPTIDE1{P.dP.Y.P.P.dP.dP}$PEPTIDE1,PEPTIDE1,1:R1-7:R2$$$",-7.96500000,ok,,flexible
"PEPTIDE1{dF.dP.P.dP.P.P.T}$PEPTIDE1,PEPTIDE1,1:R1-7:R2$$$",-7.70400000,ok,,flexible
"PEPTIDE1{P.F.Mono84.D.dP.P.P}$PEPTIDE1,PEPTIDE1,1:R1-7:R2$$$",-7.42400000,ok,,flexible
"PEPTIDE1{meA.dP.dP.P.D.T.P}$PEPTIDE1,PEPTIDE1,1:R1-7:R2$$$",-7.05400000,ok,,flexible
"PEPTIDE1{P.F.Mono84.dP.P.P.P}$PEPTIDE1,PEPTIDE1,1:R1-7:R2$$$",-8.10500000,ok,,flexible
"PEPTIDE1{A.F.Mono84.Mono84.dP.dP.Mono84}$PEPTIDE1,PEPTIDE1,1:R1-7:R2$$$",-7.58900000,ok,,flexible
"PEPTIDE1{dV.dP.P.dP.dP.T.D}$PEPTIDE1,PEPTIDE1,1:R1-7:R2$$$",-6.98600000,ok,,flexible
"PEPTIDE1{P.dP.F.T.dP.P.dP}$PEPTIDE1,PEPTIDE1,1:R1-7:R2$$$",-7.77200000,ok,,flexible
"PEPTIDE1{dV.P.dP.P.dP.dP.T}$PEPTIDE1,PEPTIDE1,1:R1-7:R2$$$",-7.30900000,ok,,flexible
"PEPTIDE1{P.Phe(4-CF3).dP.P.P.P.D}$PEPTIDE1,PEPTIDE1,1:R1-7:R2$$$",-7.89800000,ok,,flexible
"PEPTIDE1{dP.P.Phe(4-CF3).P.dP.P.dP}$PEPTIDE1,PEPTIDE1,1:R1-7:R2$$$",-9.43400000,ok,,flexible
"PEPTIDE1{Mono6.F.dP.G.P.D.P}$PEPTIDE1,PEPTIDE1,1:R1-7:R2$$$",-7.07900000,ok,,flexible
"PEPTIDE1{F.cHexCH2_Gly.dP.dP.P.dP.P}$PEPTIDE1,PEPTIDE1,1:R1-7:R2$$$",-7.90400000,ok,,flexible
"PEPTIDE1{P.P.P.D.dP.T.dP}$PEPTIDE1,PEPTIDE1,1:R1-7:R2$$$",-7.20800000,ok,,flexible
"PEPTIDE1{P.A.dP.dP.P.dP.dP}$PEPTIDE1,PEPTIDE1,1:R1-7:R2$$$",-8.01700000,ok,,flexible
"PEPTIDE1{Mono6.P.P.P.D.dP.P}$PEPTIDE1,PEPTIDE1,1:R1-7:R2$$$",-7.76300000,ok,,flexible
"PEPTIDE1{F.G.P.dP.dP.dP.Phe(4-CF3)}$PEPTIDE1,PEPTIDE1,1:R1-7:R2$$$",-7.71000000,ok,,flexible
"PEPTIDE1{dP.P.P.dP.P.dP.dP}$PEPTIDE1,PEPTIDE1,1:R1-7:R2$$$",-7.98700000,ok,,flexible
"PEPTIDE1{dF.dP.P.Mono84.dP.P.dP}$PEPTIDE1,PEPTIDE1,1:R1-7:R2$$$",-7.37000000,ok,,flexible
"PEPTIDE1{dF.dP.P.P.P.dP.T}$PEPTIDE1,PEPTIDE1,1:R1-7:R2$$$",-7.30600000,ok,,flexible
"PEPTIDE1{dA.T.F.dP.P.P.P}$PEPTIDE1,PEPTIDE1,1:R1-7:R2$$$",-7.63900000,ok,,flexible
"PEPTIDE1{Me_dA.F.P.dP.P.P.P}$PEPTIDE1,PEPTIDE1,1:R1-7:R2$$$",-7.86700000,ok,,flexible
"PEPTIDE1{Me_dA.P.dP.Phe(4-CF3).dP.dP.P}$PEPTIDE1,PEPTIDE1,1:R1-7:R2$$$",-8.22700000,ok,,flexible
"PEPTIDE1{Me_Bal.dF.3Pal.dP.Mono84.P.P}$PEPTIDE1,PEPTIDE1,1:R1-7:R2$$$",-7.25300000,ok,,flexible
"PEPTIDE1{dA.G.dP.P.P.dP.dP}$PEPTIDE1,PEPTIDE1,1:R1-7:R2$$$",-7.34900000,ok,,flexible
"PEPTIDE1{Me_dA.P.G.Phe(4-CF3).P.dP.P}$PEPTIDE1,PEPTIDE1,1:R1-7:R2$$$",-7.12800000,ok,,flexible
"PEPTIDE1{Me_dA.Me_dAbu.dP.P.dP.P.P}$PEPTIDE1,PEPTIDE1,1:R1-7:R2$$$",-7.15100000,ok,,flexible
"PEPTIDE1{P.F.Y.Y.dP.dP.P}$PEPTIDE1,PEPTIDE1,1:R1-7:R2$$$",-7.14400000,ok,,flexible
"PEPTIDE1{F.Y.P.Mono84.Mono84.dP.dP}$PEPTIDE1,PEPTIDE1,1:R1-7:R2$$$",-8.70400000,ok,,flexible
"PEPTIDE1{Me_dA.P.Mono84.dP.dP.P.P}$PEPTIDE1,PEPTIDE1,1:R1-7:R2$$$",-7.44300000,ok,,flexible
"PEPTIDE1{dV.dP.P.P.dP.T.dP}$PEPTIDE1,PEPTIDE1,1:R1-7:R2$$$",-7.14800000,ok,,flexible
"PEPTIDE1{meA.Mono84.P.dP.P.dP.dP}$PEPTIDE1,PEPTIDE1,1:R1-7:R2$$$",-7.76000000,ok,,flexible
"PEPTIDE1{Me_dA.dP.F.P.Mono84.Mono84.Y}$PEPTIDE1,PEPTIDE1,1:R1-7:R2$$$",-7.64400000,ok,,flexible
"PEPTIDE1{Me_dA.dP.P.G.Y.Y.dP}$PEPTIDE1,PEPTIDE1,1:R1-7:R2$$$",-7.24300000,ok,,flexible
"PEPTIDE1{F.G.Phe(4-CF3).P.dP.P.P}$PEPTIDE1,PEPTIDE1,1:R1-7:R2$$$",-7.85300000,ok,,flexible
"PEPTIDE1{dA.dP.dP.D.P.P.P}$PEPTIDE1,PEPTIDE1,1:R1-7:R2$$$",-7.32700000,ok,,flexible
"PEPTIDE1{P.G.Y.P.dP.dP.dP}$PEPTIDE1,PEPTIDE1,1:R1-7:R2$$$",-7.52200000,ok,,flexible
"PEPTIDE1{Me_Bal.dP.Phe(4-CF3).P.dP.P.dP}$PEPTIDE1,PEPTIDE1,1:R1-7:R2$$$",-8.24600000,ok,,flexible
"PEPTIDE1{dA.dP.P.dP.P.T.Phe(4-CF3)}$PEPTIDE1,PEPTIDE1,1:R1-7:R2$$$",-7.36800000,ok,,flexible
"PEPTIDE1{F.Y.Phe(4-CF3).dP.P.P.dP}$PEPTIDE1,PEPTIDE1,1:R1-7:R2$$$",-7.70700000,ok,,flexible
"PEPTIDE1{dA.F.dP.P.dP.dP.T}$PEPTIDE1,PEPTIDE1,1:R1-7:R2$$$",-7.14300000,ok,,flexible
"PEPTIDE1{dP.Ala(5-Tet).P.P.dP.P.D}$PEPTIDE1,PEPTIDE1,1:R1-7:R2$$$",-7.66700000,ok,,flexible
"PEPTIDE1{F.Mono84.P.dP.3Pal.P.Mono84}$PEPTIDE1,PEPTIDE1,1:R1-7:R2$$$",-8.25700000,ok,,flexible
"PEPTIDE1{Mono6.dP.dP.P.dP.T.dP}$PEPTIDE1,PEPTIDE1,1:R1-7:R2$$$",-7.05300000,ok,,flexible
"PEPTIDE1{dP.dP.P.D.T.dP.P}$PEPTIDE1,PEPTIDE1,1:R1-7:R2$$$",-6.75100000,ok,,flexible
"PEPTIDE1{dP.Y.dP.P.P.dP.D}$PEPTIDE1,PEPTIDE1,1:R1-7:R2$$$",-7.13300000,ok,,flexible
"PEPTIDE1{Me_dA.dP.P.dP.T.Mono84.P}$PEPTIDE1,PEPTIDE1,1:R1-7:R2$$$",-7.62900000,ok,,flexible
"PEPTIDE1{Mono6.dP.dP.D.P.P.P}$PEPTIDE1,PEPTIDE1,1:R1-7:R2$$$",-6.82600000,ok,,flexible
"PEPTIDE1{dA.dP.dP.dP.T.dP.Phe(4-CF3)}$PEPTIDE1,PEPTIDE1,1:R1-7:R2$$$",-7.51000000,ok,,flexible
"PEPTIDE1{P.P.P.P.dP.dP.P}$PEPTIDE1,PEPTIDE1,1:R1-7:R2$$$",-8.45700000,ok,,flexible
"PEPTIDE1{A.dP.P.dP.T.D.dP}$PEPTIDE1,PEPTIDE1,1:R1-7:R2$$$",-7.15800000,ok,,flexible
"PEPTIDE1{P.dP.dP.dP.P.T.Phe(4-CF3)}$PEPTIDE1,PEPTIDE1,1:R1-7:R2$$$",-7.40800000,ok,,flexible
"PEPTIDE1{Me_dA.P.G.Phe(4-CF3).P.P.dP}$PEPTIDE1,PEPTIDE1,1:R1-7:R2$$$",-7.38200000,ok,,flexible
"PEPTIDE1{F.P.P.P.dP.D.T}$PEPTIDE1,PEPTIDE1,1:R1-7:R2$$$",-6.68200000,ok,,flexible
"PEPTIDE1{F.P.P.Mono84.dP.dP.dP}$PEPTIDE1,PEPTIDE1,1:R1-7:R2$$$",-7.76900000,ok,,flexible
"PEPTIDE1{A.F.Phe(4-CF3).dP.P.dP.P}$PEPTIDE1,PEPTIDE1,1:R1-7:R2$$$",-8.22800000,ok,,flexible
"PEPTIDE1{dA.P.Y.dP.P.dP.dP}$PEPTIDE1,PEPTIDE1,1:R1-7:R2$$$",-7.77300000,ok,,flexible
"PEPTIDE1{Me_dA.G.dP.Mono84.Mono84.dP.P}$PEPTIDE1,PEPTIDE1,1:R1-7:R2$$$",-7.30700000,ok,,flexible
"PEPTIDE1{F.P.dP.T.P.dP.dP}$PEPTIDE1,PEPTIDE1,1:R1-7:R2$$$",-7.55300000,ok,,flexible
"PEPTIDE1{dP.dP.P.dP.P.dP.D}$PEPTIDE1,PEPTIDE1,1:R1-7:R2$$$",-7.37900000,ok,,flexible
"PEPTIDE1{P.F.P.Y.Mono84.T.dP}$PEPTIDE1,PEPTIDE1,1:R1-7:R2$$$",-6.70400000,ok,,flexible
"PEPTIDE1{dF.G.Mono84.dP.dP.dP.dP}$PEPTIDE1,PEPTIDE1,1:R1-7:R2$$$",-7.53400000,ok,,flexible
"PEPTIDE1{P.D.dP.dP.P.dP.P}$PEPTIDE1,PEPTIDE1,1:R1-7:R2$$$",-7.13000000,ok,,flexible
"PEPTIDE1{P.Y.dP.G.A.T.Mono84}$PEPTIDE1,PEPTIDE1,1:R1-7:R2$$$",-8.26000000,ok,,flexible
"PEPTIDE1{dA.P.P.P.P.T.Phe(4-CF3)}$PEPTIDE1,PEPTIDE1,1:R1-7:R2$$$",-7.66000000,ok,,flexible
"PEPTIDE1{Me_dA.P.G.T.P.dP.P}$PEPTIDE1,PEPTIDE1,1:R1-7:R2$$$",-7.49800000,ok,,flexible
"PEPTIDE1{P.G.P.dP.dP.dP.dP}$PEPTIDE1,PEPTIDE1,1:R1-7:R2$$$",-7.89900000,ok,,flexible
"PEPTIDE1{Me_Bal.P.P.Phe(4-CF3).dP.dP.P}$PEPTIDE1,PEPTIDE1,1:R1-7:R2$$$",-7.97700000,ok,,flexible
"PEPTIDE1{Mono6.Mono84.P.dP.P.dP.dP}$PEPTIDE1,PEPTIDE1,1:R1-7:R2$$$",-8.56800000,ok,,flexible
"PEPTIDE1{Mono6.meL.dP.dP.dP.P.P}$PEPTIDE1,PEPTIDE1,1:R1-7:R2$$$",-7.52700000,ok,,flexible
"PEPTIDE1{dA.dP.dP.Y.dP.P.Phe(4-CF3)}$PEPTIDE1,PEPTIDE1,1:R1-7:R2$$$",-6.89800000,ok,,flexible
"PEPTIDE1{dA.meL.P.Y.P.dP.P}$PEPTIDE1,PEPTIDE1,1:R1-7:R2$$$",-7.15700000,ok,,flexible
"PEPTIDE1{dP.P.dP.dP.T.P.dP}$PEPTIDE1,PEPTIDE1,1:R1-7:R2$$$",-7.38200000,ok,,flexible
"PEPTIDE1{dA.dP.F.Y.G.Mono84.dP}$PEPTIDE1,PEPTIDE1,1:R1-7:R2$$$",-6.90400000,ok,,flexible
"PEPTIDE1{dP.dP.P.Phe(4-CF3).P.dP.P}$PEPTIDE1,PEPTIDE1,1:R1-7:R2$$$",-9.35000000,ok,,flexible
"PEPTIDE1{F.G.dP.P.P.P.P}$PEPTIDE1,PEPTIDE1,1:R1-7:R2$$$",-7.66300000,ok,,flexible
"PEPTIDE1{F.Mono84.T.P.P.dP.dP}$PEPTIDE1,PEPTIDE1,1:R1-7:R2$$$",-7.13900000,ok,,flexible
"PEPTIDE1{dV.dP.dP.D.P.P.T}$PEPTIDE1,PEPTIDE1,1:R1-7:R2$$$",-6.87700000,ok,,flexible
"PEPTIDE1{dV.dP.dP.D.T.P.dP}$PEPTIDE1,PEPTIDE1,1:R1-7:R2$$$",-7.11400000,ok,,flexible
"PEPTIDE1{dA.P.P.dP.P.P.P}$PEPTIDE1,PEPTIDE1,1:R1-7:R2$$$",-7.97000000,ok,,flexible
"PEPTIDE1{P.A.F.T.P.P.dP}$PEPTIDE1,PEPTIDE1,1:R1-7:R2$$$",-7.38400000,ok,,flexible
"PEPTIDE1{dA.G.dP.P.P.P.dP}$PEPTIDE1,PEPTIDE1,1:R1-7:R2$$$",-7.24900000,ok,,flexible
"PEPTIDE1{Mono6.dP.dP.dP.T.P.Phe(4-CF3)}$PEPTIDE1,PEPTIDE1,1:R1-7:R2$$$",-7.81700000,ok,,flexible
"PEPTIDE1{F.P.P.P.T.dP.D}$PEPTIDE1,PEPTIDE1,1:R1-7:R2$$$",-6.79000000,ok,,flexible
"PEPTIDE1{F.G.Mono84.Y.dP.Mono84.dP}$PEPTIDE1,PEPTIDE1,1:R1-7:R2$$$",-7.59300000,ok,,flexible
"PEPTIDE1{Me_Bal.dP.dP.P.dP.dP.D}$PEPTIDE1,PEPTIDE1,1:R1-7:R2$$$",-8.01700000,ok,,flexible
"PEPTIDE1{Me_Bal.dP.dP.G.T.P.P}$PEPTIDE1,PEPTIDE1,1:R1-7:R2$$$",-7.93700000,ok,,flexible
"PEPTIDE1{Me_dA.F.Phe(4-CF3).dP.P.P.dP}$PEPTIDE1,PEPTIDE1,1:R1-7:R2$$$",-8.21700000,ok,,flexible
"PEPTIDE1{P.F.P.Mono84.dP.Phe(4-CF3).P}$PEPTIDE1,PEPTIDE1,1:R1-7:R2$$$",-6.98400000,ok,,flexible
"PEPTIDE1{dF.dP.Mono84.Mono84.P.dP.P}$PEPTIDE1,PEPTIDE1,1:R1-7:R2$$$",-7.63800000,ok,,flexible
"PEPTIDE1{Me_dA.dP.P.dP.dP.dP.Phe(4-CF3)}$PEPTIDE1,PEPTIDE1,1:R1-7:R2$$$",-7.77900000,ok,,flexible
"PEPTIDE1{dP.P.P.dP.T.D.P}$PEPTIDE1,PEPTIDE1,1:R1-7:R2$$$",-6.53900000,ok,,flexible
"PEPTIDE1{P.Y.dP.dP.P.P.D}$PEPTIDE1,PEPTIDE1,1:R1-7:R2$$$",-7.04000000,ok,,flexible
"PEPTIDE1{A.dP.F.G.G.Mono84.D}$PEPTIDE1,PEPTIDE1,1:R1-7:R2$$$",-6.53700000,ok,,flexible
"PEPTIDE1{P.Pr_Gly.P.P.P.dP.D}$PEPTIDE1,PEPTIDE1,1:R1-7:R2$$$",-6.48400000,ok,,flexible
"PEPTIDE1{dA.Phe(4-CF3).Phe(4-CF3).dP.P.P.P}$PEPTIDE1,PEPTIDE1,1:R1-7:R2$$$",-7.79800000,ok,,flexible
"PEPTIDE1{Mono6.P.dP.Me_dL.dP.P.dP}$PEPTIDE1,PEPTIDE1,1:R1-7:R2$$$",-6.93600000,ok,,flexible
"PEPTIDE1{F.Mono84.G.T.P.P.Y}$PEPTIDE1,PEPTIDE1,1:R1-7:R2$$$",-7.53400000,ok,,flexible
"PEPTIDE1{F.Mono84.dP.P.dP.dP.dP}$PEPTIDE1,PEPTIDE1,1:R1-7:R2$$$",-8.12400000,ok,,flexible
"PEPTIDE1{P.G.dP.P.P.P.T}$PEPTIDE1,PEPTIDE1,1:R1-7:R2$$$",-7.45900000,ok,,flexible
"PEPTIDE1{Me_dA.G.T.P.dP.P.P}$PEPTIDE1,PEPTIDE1,1:R1-7:R2$$$",-7.32600000,ok,,flexible
"PEPTIDE1{dA.dP.dP.P.D.P.dP}$PEPTIDE1,PEPTIDE1,1:R1-7:R2$$$",-7.49600000,ok,,flexible
"PEPTIDE1{meL.P.dP.P.P.P.dP}$PEPTIDE1,PEPTIDE1,1:R1-7:R2$$$",-7.53700000,ok,,flexible
"PEPTIDE1{Me_dA.dP.dP.P.dP.T.dP}$PEPTIDE1,PEPTIDE1,1:R1-7:R2$$$",-7.15800000,ok,,flexible
"PEPTIDE1{dA.G.F.dP.dP.Mono84.P}$PEPTIDE1,PEPTIDE1,1:R1-7:R2$$$",-7.30600000,ok,,flexible
"PEPTIDE1{meA.dP.P.dP.dP.P.T}$PEPTIDE1,PEPTIDE1,1:R1-7:R2$$$",-7.21000000,ok,,flexible
"PEPTIDE1{dP.Phe(4-CF3).dP.P.dP.P.P}$PEPTIDE1,PEPTIDE1,1:R1-7:R2$$$",-7.74300000,ok,,flexible
"PEPTIDE1{dP.dP.P.P.P.dP.dP}$PEPTIDE1,PEPTIDE1,1:R1-7:R2$$$",-8.28400000,ok,,flexible
"PEPTIDE1{P.P.dP.P.dP.D.T}$PEPTIDE1,PEPTIDE1,1:R1-7:R2$$$",-7.37200000,ok,,flexible
"PEPTIDE1{A.dP.Mono84.P.dP.dP.Phe(4-CF3)}$PEPTIDE1,PEPTIDE1,1:R1-7:R2$$$",-8.43100000,ok,,flexible
"PEPTIDE1{Mono6.P.T.Mono84.P.P.dP}$PEPTIDE1,PEPTIDE1,1:R1-7:R2$$$",-7.79800000,ok,,flexible
"PEPTIDE1{P.A.dP.P.P.P.P}$PEPTIDE1,PEPTIDE1,1:R1-7:R2$$$",-7.38600000,ok,,flexible
"PEPTIDE1{meA.P.dP.P.P.dP.D}$PEPTIDE1,PEPTIDE1,1:R1-7:R2$$$",-7.64400000,ok,,flexible
"PEPTIDE1{A.F.P.P.P.dP.dP}$PEPTIDE1,PEPTIDE1,1:R1-7:R2$$$",-7.51800000,ok,,flexible
"PEPTIDE1{Me_Bal.Me_dL.P.Y.dP.P.dP}$PEPTIDE1,PEPTIDE1,1:R1-7:R2$$$",-6.88300000,ok,,flexible
"PEPTIDE1{Me_dA.P.dP.G.F.Y.Phe(4-CF3)}$PEPTIDE1,PEPTIDE1,1:R1-7:R2$$$",-7.00100000,ok,,flexible
"PEPTIDE1{Mono6.T.P.dP.dP.dP.Phe(4-CF3)}$PEPTIDE1,PEPTIDE1,1:R1-7:R2$$$",-8.18900000,ok,,flexible
"PEPTIDE1{dF.dP.T.P.P.dP.dP}$PEPTIDE1,PEPTIDE1,1:R1-7:R2$$$",-7.50100000,ok,,flexible
"PEPTIDE1{P.dP.Y.dP.G.P.dP}$PEPTIDE1,PEPTIDE1,1:R1-7:R2$$$",-8.26800000,ok,,flexible
"PEPTIDE1{Me_dA.dP.P.D.P.P.P}$PEPTIDE1,PEPTIDE1,1:R1-7:R2$$$",-6.78900000,ok,,flexible
"PEPTIDE1{Me_dA.dP.dP.dP.P.P.Phe(4-CF3)}$PEPTIDE1,PEPTIDE1,1:R1-7:R2$$$",-7.65700000,ok,,flexible
"PEPTIDE1{Me_dA.F.P.P.dP.P.P}$PEPTIDE1,PEPTIDE1,1:R1-7:R2$$$",-8.31700000,ok,,flexible
"PEPTIDE1{Mono6.P.P.Asp_piperidide.T.D.dP}$PEPTIDE1,PEPTIDE1,1:R1-7:R2$$$",-6.27700000,ok,,flexible
"PEPTIDE1{Mono6.Y.P.dP.dP.P.P}$PEPTIDE1,PEPTIDE1,1:R1-7:R2$$$",-8.16400000,ok,,flexible
"PEPTIDE1{dV.dP.P.dP.dP.D.T}$PEPTIDE1,PEPTIDE1,1:R1-7:R2$$$",-6.62700000,ok,,flexible
"PEPTIDE1{Me_dA.G.dP.F.Phe(4-CF3).3Pal.Y}$PEPTIDE1,PEPTIDE1,1:R1-7:R2$$$",-7.06700000,ok,,flexible
"PEPTIDE1{A.F.P.dP.dP.dP.P}$PEPTIDE1,PEPTIDE1,1:R1-7:R2$$$",-7.41100000,ok,,flexible
"PEPTIDE1{Mono6.dP.P.dP.dP.P.Phe(4-CF3)}$PEPTIDE1,PEPTIDE1,1:R1-7:R2$$$",-7.26100000,ok,,flexible
"PEPTIDE1{A.F.Y.dP.dP.P.dP}$PEPTIDE1,PEPTIDE1,1:R1-7:R2$$$",-6.94600000,ok,,flexible
"PEPTIDE1{Me_dA.dP.P.dP.T.P.dP}$PEPTIDE1,PEPTIDE1,1:R1-7:R2$$$",-7.64700000,ok,,flexible
"PEPTIDE1{P.T.dP.P.P.P.P}$PEPTIDE1,PEPTIDE1,1:R1-7:R2$$$",-8.38800000,ok,,flexible
"PEPTIDE1{F.P.Y.P.G.dP.T}$PEPTIDE1,PEPTIDE1,1:R1-7:R2$$$",-6.59300000,ok,,flexible
"PEPTIDE1{P.cHexCH2_Gly.dP.dP.P.P.P}$PEPTIDE1,PEPTIDE1,1:R1-7:R2$$$",-7.64700000,ok,,flexible
"PEPTIDE1{dA.dP.T.P.dP.dP.P}$PEPTIDE1,PEPTIDE1,1:R1-7:R2$$$",-7.22300000,ok,,flexible
"PEPTIDE1{F.cHexCH2_Gly.P.P.P.dP.dP}$PEPTIDE1,PEPTIDE1,1:R1-7:R2$$$",-7.12900000,ok,,flexible
"PEPTIDE1{F.Mono84.P.Mono84.Phe(4-CF3).P.P}$PEPTIDE1,PEPTIDE1,1:R1-7:R2$$$",-7.19500000,ok,,flexible
"PEPTIDE1{Mono6.Mono84.P.dP.P.P.dP}$PEPTIDE1,PEPTIDE1,1:R1-7:R2$$$",-7.34400000,ok,,flexible
"PEPTIDE1{P.G.G.P.T.dP.P}$PEPTIDE1,PEPTIDE1,1:R1-7:R2$$$",-7.13600000,ok,,flexible
"PEPTIDE1{meA.P.dP.Mono84.P.dP.dP}$PEPTIDE1,PEPTIDE1,1:R1-7:R2$$$",-8.19000000,ok,,flexible
"PEPTIDE1{Mono6.P.dP.dP.D.T.dP}$PEPTIDE1,PEPTIDE1,1:R1-7:R2$$$",-6.59700000,ok,,flexible
"PEPTIDE1{dP.dP.P.dP.T.D.dP}$PEPTIDE1,PEPTIDE1,1:R1-7:R2$$$",-7.43600000,ok,,flexible
"PEPTIDE1{Me_dA.P.P.P.T.D.P}$PEPTIDE1,PEPTIDE1,1:R1-7:R2$$$",-7.03000000,ok,,flexible
"PEPTIDE1{P.Y.P.dP.dP.P.P}$PEPTIDE1,PEPTIDE1,1:R1-7:R2$$$",-7.74600000,ok,,flexible
"PEPTIDE1{F.3Pal.dP.P.dP.dP.dP}$PEPTIDE1,PEPTIDE1,1:R1-7:R2$$$",-7.34500000,ok,,flexible
"PEPTIDE1{A.T.Y.P.T.dP.dP}$PEPTIDE1,PEPTIDE1,1:R1-7:R2$$$",-7.41700000,ok,,flexible
"PEPTIDE1{Me_dL.P.dP.P.dP.P.dP}$PEPTIDE1,PEPTIDE1,1:R1-7:R2$$$",-7.46700000,ok,,flexible
"PEPTIDE1{Mono6.dP.T.dP.dP.P.P}$PEPTIDE1,PEPTIDE1,1:R1-7:R2$$$",-7.53500000,ok,,flexible
"PEPTIDE1{dP.P.dP.D.dP.T.Phe(4-CF3)}$PEPTIDE1,PEPTIDE1,1:R1-7:R2$$$",-6.78900000,ok,,flexible
"PEPTIDE1{P.Pr_Gly.P.dP.dP.P.dP}$PEPTIDE1,PEPTIDE1,1:R1-7:R2$$$",-7.22000000,ok,,flexible
"PEPTIDE1{P.dP.P.Y.dP.P.P}$PEPTIDE1,PEPTIDE1,1:R1-7:R2$$$",-7.53000000,ok,,flexible
"PEPTIDE1{F.D.dP.P.dP.dP.P}$PEPTIDE1,PEPTIDE1,1:R1-7:R2$$$",-7.19800000,ok,,flexible
"PEPTIDE1{dF.G.dP.dP.dP.P.P}$PEPTIDE1,PEPTIDE1,1:R1-7:R2$$$",-7.25500000,ok,,flexible
"PEPTIDE1{A.dP.P.dP.Mono84.dP.dP}$PEPTIDE1,PEPTIDE1,1:R1-7:R2$$$",-7.50200000,ok,,flexible
"PEPTIDE1{A.F.Y.P.P.dP.dP}$PEPTIDE1,PEPTIDE1,1:R1-7:R2$$$",-8.08300000,ok,,flexible
"PEPTIDE1{Me_Bal.Y.Mono84.P.dP.P.P}$PEPTIDE1,PEPTIDE1,1:R1-7:R2$$$",-7.48900000,ok,,flexible
"PEPTIDE1{F.dP.dP.G.P.dP.dP}$PEPTIDE1,PEPTIDE1,1:R1-7:R2$$$",-7.84800000,ok,,flexible
"PEPTIDE1{L.P.P.dP.P.dP.dP}$PEPTIDE1,PEPTIDE1,1:R1-7:R2$$$",-7.30900000,ok,,flexible
"PEPTIDE1{meA.G.3Pal.T.Mono84.P.dP}$PEPTIDE1,PEPTIDE1,1:R1-7:R2$$$",-6.51900000,ok,,flexible
"PEPTIDE1{F.dP.T.P.dP.P.dP}$PEPTIDE1,PEPTIDE1,1:R1-7:R2$$$",-7.49200000,ok,,flexible
"PEPTIDE1{F.P.Y.Phe(4-CF3).Mono84.P.P}$PEPTIDE1,PEPTIDE1,1:R1-7:R2$$$",-7.95200000,ok,,flexible
"PEPTIDE1{Me_Bal.dP.P.Phe(4-CF3).dP.Mono84.P}$PEPTIDE1,PEPTIDE1,1:R1-7:R2$$$",-8.61900000,ok,,flexible
"PEPTIDE1{dA.F.dP.F.Y.Phe(4-CF3).Mono84}$PEPTIDE1,PEPTIDE1,1:R1-7:R2$$$",-6.82500000,ok,,flexible
"PEPTIDE1{P.dP.G.T.Mono84.dP.Phe(4-CF3)}$PEPTIDE1,PEPTIDE1,1:R1-7:R2$$$",-7.16000000,ok,,flexible
"PEPTIDE1{Mono6.P.dP.G.P.dP.P}$PEPTIDE1,PEPTIDE1,1:R1-7:R2$$$",-7.46700000,ok,,flexible
"PEPTIDE1{P.dP.G.T.F.dP.Phe(4-CF3)}$PEPTIDE1,PEPTIDE1,1:R1-7:R2$$$",37.48500000,ok,,flexible
"PEPTIDE1{dA.P.dP.dP.dP.dP.T}$PEPTIDE1,PEPTIDE1,1:R1-7:R2$$$",-8.07200000,ok,,flexible
"PEPTIDE1{A.G.P.dP.P.dP.dP}$PEPTIDE1,PEPTIDE1,1:R1-7:R2$$$",-7.77800000,ok,,flexible
"PEPTIDE1{dV.dP.P.dP.dP.dP.P}$PEPTIDE1,PEPTIDE1,1:R1-7:R2$$$",-7.42700000,ok,,flexible
"PEPTIDE1{F.Mono84.3Pal.P.Mono84.dP.dP}$PEPTIDE1,PEPTIDE1,1:R1-7:R2$$$",-8.01700000,ok,,flexible
"PEPTIDE1{P.Pr_Gly.dP.P.dP.dP.P}$PEPTIDE1,PEPTIDE1,1:R1-7:R2$$$",-7.14600000,ok,,flexible
"PEPTIDE1{F.G.dP.P.Mono84.P.dP}$PEPTIDE1,PEPTIDE1,1:R1-7:R2$$$",-7.54100000,ok,,flexible
"PEPTIDE1{A.dP.dP.P.P.dP.Phe(4-CF3)}$PEPTIDE1,PEPTIDE1,1:R1-7:R2$$$",-7.69600000,ok,,flexible
"PEPTIDE1{dA.dP.P.dP.D.P.dP}$PEPTIDE1,PEPTIDE1,1:R1-7:R2$$$",-7.34500000,ok,,flexible
"PEPTIDE1{F.cHexCH2_Gly.dP.P.D.dP.P}$PEPTIDE1,PEPTIDE1,1:R1-7:R2$$$",-6.56900000,ok,,flexible
"PEPTIDE1{P.P.T.dP.P.Phe(4-CF3).P}$PEPTIDE1,PEPTIDE1,1:R1-7:R2$$$",-7.20400000,ok,,flexible
"PEPTIDE1{dF.P.G.P.dP.P.P}$PEPTIDE1,PEPTIDE1,1:R1-7:R2$$$",-6.91500000,ok,,flexible
"PEPTIDE1{A.P.Mono84.dP.3Pal.P.T}$PEPTIDE1,PEPTIDE1,1:R1-7:R2$$$",-7.11200000,ok,,flexible
"PEPTIDE1{F.Mono84.Y.dP.P.P.P}$PEPTIDE1,PEPTIDE1,1:R1-7:R2$$$",-7.40700000,ok,,flexible
"PEPTIDE1{A.P.P.Phe(4-CF3).Mono84.dP.P}$PEPTIDE1,PEPTIDE1,1:R1-7:R2$$$",-7.41500000,ok,,flexible
"PEPTIDE1{Mono6.dP.P.P.dP.dP.Y}$PEPTIDE1,PEPTIDE1,1:R1-7:R2$$$",-7.72700000,ok,,flexible
"PEPTIDE1{Me_dA.Y.P.P.dP.P.P}$PEPTIDE1,PEPTIDE1,1:R1-7:R2$$$",-7.82900000,ok,,flexible
"PEPTIDE1{F.G.Mono84.dP.P.dP.P}$PEPTIDE1,PEPTIDE1,1:R1-7:R2$$$",-8.50400000,ok,,flexible
"PEPTIDE1{dF.G.P.P.dP.dP.dP}$PEPTIDE1,PEPTIDE1,1:R1-7:R2$$$",-8.09200000,ok,,flexible
"PEPTIDE1{P.Phe(4-CF3).P.P.dP.dP.dP}$PEPTIDE1,PEPTIDE1,1:R1-7:R2$$$",-7.70200000,ok,,flexible
"PEPTIDE1{dP.P.dP.T.dP.D.P}$PEPTIDE1,PEPTIDE1,1:R1-7:R2$$$",-7.06200000,ok,,flexible
"PEPTIDE1{dF.Mono84.dP.meY.dP.P.dP}$PEPTIDE1,PEPTIDE1,1:R1-7:R2$$$",-8.05800000,ok,,flexible
"PEPTIDE1{Mono6.P.Mono84.dP.P.dP.dP}$PEPTIDE1,PEPTIDE1,1:R1-7:R2$$$",-8.77000000,ok,,flexible
"PEPTIDE1{A.F.Mono84.Y.Mono84.P.dP}$PEPTIDE1,PEPTIDE1,1:R1-7:R2$$$",-7.00800000,ok,,flexible
"PEPTIDE1{F.P.dP.dP.G.Mono84.Phe(4-CF3)}$PEPTIDE1,PEPTIDE1,1:R1-7:R2$$$",-7.57300000,ok,,flexible
"PEPTIDE1{A.P.T.Y.T.dP.P}$PEPTIDE1,PEPTIDE1,1:R1-7:R2$$$",-6.88600000,ok,,flexible
"PEPTIDE1{A.G.dP.P.dP.dP.P}$PEPTIDE1,PEPTIDE1,1:R1-7:R2$$$",-7.62800000,ok,,flexible
"PEPTIDE1{A.P.Y.T.dP.dP.dP}$PEPTIDE1,PEPTIDE1,1:R1-7:R2$$$",-7.65800000,ok,,flexible
"PEPTIDE1{Mono6.T.dP.dP.dP.P.dP}$PEPTIDE1,PEPTIDE1,1:R1-7:R2$$$",-7.06000000,ok,,flexible
"PEPTIDE1{P.Y.dP.dP.dP.P.D}$PEPTIDE1,PEPTIDE1,1:R1-7:R2$$$",-7.18300000,ok,,flexible
"PEPTIDE1{meA.F.T.P.dP.dP.dP}$PEPTIDE1,PEPTIDE1,1:R1-7:R2$$$",-7.99800000,ok,,flexible
"PEPTIDE1{F.dP.G.P.Mono84.dP.P}$PEPTIDE1,PEPTIDE1,1:R1-7:R2$$$",-7.19900000,ok,,flexible
"PEPTIDE1{P.Mono84.dP.dP.P.P.P}$PEPTIDE1,PEPTIDE1,1:R1-7:R2$$$",-7.96000000,ok,,flexible
"PEPTIDE1{dP.P.P.P.dP.T.dP}$PEPTIDE1,PEPTIDE1,1:R1-7:R2$$$",-7.35800000,ok,,flexible
"PEPTIDE1{F.F.Mono84.Mono84.dP.P.dP}$PEPTIDE1,PEPTIDE1,1:R1-7:R2$$$",-7.98100000,ok,,flexible
"PEPTIDE1{dA.P.dP.dP.P.dP.dP}$PEPTIDE1,PEPTIDE1,1:R1-7:R2$$$",-7.82300000,ok,,flexible
"PEPTIDE1{F.G.P.F.Y.Phe(4-CF3).dP}$PEPTIDE1,PEPTIDE1,1:R1-7:R2$$$",-7.55300000,ok,,flexible
"PEPTIDE1{A.P.dP.P.P.Phe(4-CF3).P}$PEPTIDE1,PEPTIDE1,1:R1-7:R2$$$",-7.60900000,ok,,flexible
"PEPTIDE1{dP.dP.P.P.T.P.dP}$PEPTIDE1,PEPTIDE1,1:R1-7:R2$$$",-7.31800000,ok,,flexible
"PEPTIDE1{Mono6.P.dP.P.dP.D.dP}$PEPTIDE1,PEPTIDE1,1:R1-7:R2$$$",-8.27900000,ok,,flexible
"PEPTIDE1{A.dP.dP.D.P.T.P}$PEPTIDE1,PEPTIDE1,1:R1-7:R2$$$",-7.23900000,ok,,flexible
"PEPTIDE1{P.dP.Y.P.P.P.dP}$PEPTIDE1,PEPTIDE1,1:R1-7:R2$$$",-7.56100000,ok,,flexible
"PEPTIDE1{dP.Y.P.P.dP.dP.Phe(4-CF3)}$PEPTIDE1,PEPTIDE1,1:R1-7:R2$$$",-7.65300000,ok,,flexible
"PEPTIDE1{Me_dA.F.dP.P.dP.dP.P}$PEPTIDE1,PEPTIDE1,1:R1-7:R2$$$",-8.26600000,ok,,flexible
"PEPTIDE1{F.G.P.dP.Mono84.T.P}$PEPTIDE1,PEPTIDE1,1:R1-7:R2$$$",-7.66200000,ok,,flexible
"PEPTIDE1{A.Y.P.P.P.P.dP}$PEPTIDE1,PEPTIDE1,1:R1-7:R2$$$",-7.50900000,ok,,flexible
"PEPTIDE1{Mono6.Y.Phe(4-CF3).P.P.dP.P}$PEPTIDE1,PEPTIDE1,1:R1-7:R2$$$",-7.36900000,ok,,flexible
"PEPTIDE1{dF.P.dP.G.dP.T.dP}$PEPTIDE1,PEPTIDE1,1:R1-7:R2$$$",-7.45500000,ok,,flexible
"PEPTIDE1{Me_dA.P.dP.G.Mono84.G.Phe(4-CF3)}$PEPTIDE1,PEPTIDE1,1:R1-7:R2$$$",-8.37700000,ok,,flexible
"PEPTIDE1{Me_dA.G.dP.Mono84.P.dP.P}$PEPTIDE1,PEPTIDE1,1:R1-7:R2$$$",-7.75400000,ok,,flexible
"PEPTIDE1{dP.D.P.P.dP.P.T}$PEPTIDE1,PEPTIDE1,1:R1-7:R2$$$",-6.80400000,ok,,flexible
"PEPTIDE1{Me_dA.A.F.G.P.P.P}$PEPTIDE1,PEPTIDE1,1:R1-7:R2$$$",-7.56500000,ok,,flexible
"PEPTIDE1{F.P.T.dP.dP.P.dP}$PEPTIDE1,PEPTIDE1,1:R1-7:R2$$$",-7.23400000,ok,,flexible
"PEPTIDE1{dP.Y.P.dP.dP.P.D}$PEPTIDE1,PEPTIDE1,1:R1-7:R2$$$",-7.40100000,ok,,flexible
"PEPTIDE1{A.P.P.dP.P.D.P}$PEPTIDE1,PEPTIDE1,1:R1-7:R2$$$",-7.47600000,ok,,flexible
"PEPTIDE1{P.G.dP.dP.P.dP.T}$PEPTIDE1,PEPTIDE1,1:R1-7:R2$$$",-7.09600000,ok,,flexible
"PEPTIDE1{meA.dP.P.dP.dP.P.P}$PEPTIDE1,PEPTIDE1,1:R1-7:R2$$$",-7.96700000,ok,,flexible
"PEPTIDE1{dP.G.dP.P.P.dP.P}$PEPTIDE1,PEPTIDE1,1:R1-7:R2$$$",-7.79100000,ok,,flexible
"PEPTIDE1{A.dP.G.Phe(4-CF3).P.Y.T}$PEPTIDE1,PEPTIDE1,1:R1-7:R2$$$",-6.39500000,ok,,flexible
"PEPTIDE1{A.F.dP.Mono84.Phe(4-CF3).dP.dP}$PEPTIDE1,PEPTIDE1,1:R1-7:R2$$$",-7.54300000,ok,,flexible
"PEPTIDE1{F.dP.Mono84.P.Y.P.dP}$PEPTIDE1,PEPTIDE1,1:R1-7:R2$$$",-7.80200000,ok,,flexible
"PEPTIDE1{dP.dP.dP.D.T.D.T}$PEPTIDE1,PEPTIDE1,1:R1-7:R2$$$",-6.94700000,ok,,flexible
"PEPTIDE1{Mono6.Mono84.Y.dP.P.P.dP}$PEPTIDE1,PEPTIDE1,1:R1-7:R2$$$",-7.40100000,ok,,flexible
"PEPTIDE1{Me_dA.dP.dP.dP.Phe(4-CF3).P.T}$PEPTIDE1,PEPTIDE1,1:R1-7:R2$$$",-6.99800000,ok,,flexible
"PEPTIDE1{dF.Mono84.dP.dP.dP.P.dP}$PEPTIDE1,PEPTIDE1,1:R1-7:R2$$$",-7.90400000,ok,,flexible
"PEPTIDE1{F.dP.D.P.P.dP.dP}$PEPTIDE1,PEPTIDE1,1:R1-7:R2$$$",-7.76300000,ok,,flexible
"PEPTIDE1{A.F.T.Mono84.P.dP.P}$PEPTIDE1,PEPTIDE1,1:R1-7:R2$$$",-7.17900000,ok,,flexible
"PEPTIDE1{A.Y.P.dP.P.P.dP}$PEPTIDE1,PEPTIDE1,1:R1-7:R2$$$",-7.68400000,ok,,flexible
"PEPTIDE1{Me_dA.dP.P.P.dP.Phe(4-CF3).T}$PEPTIDE1,PEPTIDE1,1:R1-7:R2$$$",-7.87500000,ok,,flexible
"PEPTIDE1{Me_dA.dP.P.Phe(4-CF3).P.P.dP}$PEPTIDE1,PEPTIDE1,1:R1-7:R2$$$",-8.42700000,ok,,flexible
"PEPTIDE1{Me_dA.P.dP.G.dP.dP.dP}$PEPTIDE1,PEPTIDE1,1:R1-7:R2$$$",-7.56000000,ok,,flexible
"PEPTIDE1{A.dP.dP.dP.P.T.dP}$PEPTIDE1,PEPTIDE1,1:R1-7:R2$$$",-7.45900000,ok,,flexible
"PEPTIDE1{P.A.P.P.dP.Phe(4-CF3).P}$PEPTIDE1,PEPTIDE1,1:R1-7:R2$$$",-7.59500000,ok,,flexible
"PEPTIDE1{Me_dA.P.F.dP.dP.P.P}$PEPTIDE1,PEPTIDE1,1:R1-7:R2$$$",-7.71300000,ok,,flexible
"PEPTIDE1{meA.P.P.P.dP.D.P}$PEPTIDE1,PEPTIDE1,1:R1-7:R2$$$",-7.16600000,ok,,flexible
"PEPTIDE1{Me_dA.meY.P.P.dP.P.dP}$PEPTIDE1,PEPTIDE1,1:R1-7:R2$$$",-7.49200000,ok,,flexible
"PEPTIDE1{P.D.P.P.dP.P.P}$PEPTIDE1,PEPTIDE1,1:R1-7:R2$$$",-7.82900000,ok,,flexible
"PEPTIDE1{Me_Bal.G.P.P.dP.P.P}$PEPTIDE1,PEPTIDE1,1:R1-7:R2$$$",-8.19100000,ok,,flexible
"PEPTIDE1{dP.dP.P.T.P.D.P}$PEPTIDE1,PEPTIDE1,1:R1-7:R2$$$",-7.43000000,ok,,flexible
"PEPTIDE1{dV.P.dP.dP.dP.dP.P}$PEPTIDE1,PEPTIDE1,1:R1-7:R2$$$",-7.85500000,ok,,flexible
"PEPTIDE1{dF.dP.P.P.P.T.D}$PEPTIDE1,PEPTIDE1,1:R1-7:R2$$$",-6.89900000,ok,,flexible
"PEPTIDE1{dP.Y.Mono84.dP.P.P.dP}$PEPTIDE1,PEPTIDE1,1:R1-7:R2$$$",-8.20300000,ok,,flexible
"PEPTIDE1{T.P.P.P.P.dP.dP}$PEPTIDE1,PEPTIDE1,1:R1-7:R2$$$",-7.54600000,ok,,flexible
"PEPTIDE1{F.Phe(4-CF3).dP.dP.P.dP.dP}$PEPTIDE1,PEPTIDE1,1:R1-7:R2$$$",-8.28900000,ok,,flexible
"PEPTIDE1{A.D.P.dP.P.dP.P}$PEPTIDE1,PEPTIDE1,1:R1-7:R2$$$",-7.70800000,ok,,flexible
"PEPTIDE1{dP.P.dP.P.D.dP.P}$PEPTIDE1,PEPTIDE1,1:R1-7:R2$$$",-7.35600000,ok,,flexible
"PEPTIDE1{P.F.dP.Me_dA.G.P.dP}$PEPTIDE1,PEPTIDE1,1:R1-7:R2$$$",-6.94900000,ok,,flexible
"PEPTIDE1{dF.dP.P.dP.dP.D.T}$PEPTIDE1,PEPTIDE1,1:R1-7:R2$$$",-7.14200000,ok,,flexible
"PEPTIDE1{Me_dA.Mono84.dP.P.dP.dP.T}$PEPTIDE1,PEPTIDE1,1:R1-7:R2$$$",-7.63200000,ok,,flexible
"PEPTIDE1{dF.P.G.P.dP.P.dP}$PEPTIDE1,PEPTIDE1,1:R1-7:R2$$$",-7.24600000,ok,,flexible
"PEPTIDE1{F.G.dP.T.P.P.P}$PEPTIDE1,PEPTIDE1,1:R1-7:R2$$$",-7.12800000,ok,,flexible
"PEPTIDE1{Mono6.Mono84.dP.dP.dP.P.T}$PEPTIDE1,PEPTIDE1,1:R1-7:R2$$$",-8.64800000,ok,,flexible
"PEPTIDE1{Me_dA.P.G.T.dP.P.D}$PEPTIDE1,PEPTIDE1,1:R1-7:R2$$$",-6.86400000,ok,,flexible
"PEPTIDE1{Mono6.dP.dP.D.P.dP.T}$PEPTIDE1,PEPTIDE1,1:R1-7:R2$$$",-7.64800000,ok,,flexible
"PEPTIDE1{Mono6.dP.dP.D.P.T.P}$PEPTIDE1,PEPTIDE1,1:R1-7:R2$$$",-7.21700000,ok,,flexible
"PEPTIDE1{Me_dA.Y.F.Phe(4-CF3).P.dP.P}$PEPTIDE1,PEPTIDE1,1:R1-7:R2$$$",-7.63200000,ok,,flexible
"PEPTIDE1{Me_dA.dP.dP.dP.T.P.dP}$PEPTIDE1,PEPTIDE1,1:R1-7:R2$$$",-8.34200000,ok,,flexible
"PEPTIDE1{F.Phe(4-CF3).P.dP.P.P.dP}$PEPTIDE1,PEPTIDE1,1:R1-7:R2$$$",-7.75100000,ok,,flexible
"PEPTIDE1{dA.F.3Pal.dP.Mono84.P.dP}$PEPTIDE1,PEPTIDE1,1:R1-7:R2$$$",-8.31500000,ok,,flexible
"PEPTIDE1{A.P.dP.G.dP.P.P}$PEPTIDE1,PEPTIDE1,1:R1-7:R2$$$",-8.40600000,ok,,flexible
"PEPTIDE1{Me_Bal.Phe(4-CF3).dP.dP.P.P.P}$PEPTIDE1,PEPTIDE1,1:R1-7:R2$$$",-7.61600000,ok,,flexible
"PEPTIDE1{P.Y.G.P.Phe(4-CF3).dP.dP}$PEPTIDE1,PEPTIDE1,1:R1-7:R2$$$",-7.88800000,ok,,flexible
"PEPTIDE1{A.dP.Y.dP.P.P.P}$PEPTIDE1,PEPTIDE1,1:R1-7:R2$$$",-7.82800000,ok,,flexible
"PEPTIDE1{Mono6.dP.P.P.F.Mono84.T}$PEPTIDE1,PEPTIDE1,1:R1-7:R2$$$",-7.75300000,ok,,flexible
"PEPTIDE1{F.G.3Pal.P.Mono84.dP.P}$PEPTIDE1,PEPTIDE1,1:R1-7:R2$$$",-7.42500000,ok,,flexible
"PEPTIDE1{P.Me_dA.dP.P.dP.dP.T}$PEPTIDE1,PEPTIDE1,1:R1-7:R2$$$",-7.76600000,ok,,flexible
"PEPTIDE1{Me_dA.meY.P.dP.dP.dP.T}$PEPTIDE1,PEPTIDE1,1:R1-7:R2$$$",-7.29700000,ok,,flexible
"PEPTIDE1{dV.dP.P.dP.P.dP.D}$PEPTIDE1,PEPTIDE1,1:R1-7:R2$$$",-7.49500000,ok,,flexible
"PEPTIDE1{dA.Mono84.Y.P.Mono84.dP.P}$PEPTIDE1,PEPTIDE1,1:R1-7:R2$$$",-7.83100000,ok,,flexible
"PEPTIDE1{P.G.Mono84.dP.P.P.dP}$PEPTIDE1,PEPTIDE1,1:R1-7:R2$$$",-8.23400000,ok,,flexible
"PEPTIDE1{Me_dA.P.G.P.P.P.dP}$PEPTIDE1,PEPTIDE1,1:R1-7:R2$$$",-7.34700000,ok,,flexible
"PEPTIDE1{A.G.Phe(4-CF3).dP.T.P.P}$PEPTIDE1,PEPTIDE1,1:R1-7:R2$$$",-7.12100000,ok,,flexible
"PEPTIDE1{dV.P.dP.dP.P.T.dP}$PEPTIDE1,PEPTIDE1,1:R1-7:R2$$$",-6.97800000,ok,,flexible
"PEPTIDE1{Mono6.dP.dP.P.T.dP.P}$PEPTIDE1,PEPTIDE1,1:R1-7:R2$$$",-7.59400000,ok,,flexible
"PEPTIDE1{L.dP.dP.P.dP.D.T}$PEPTIDE1,PEPTIDE1,1:R1-7:R2$$$",-6.69400000,ok,,flexible
"PEPTIDE1{A.dP.Y.P.dP.dP.P}$PEPTIDE1,PEPTIDE1,1:R1-7:R2$$$",-7.06100000,ok,,flexible
"PEPTIDE1{Me_dA.dP.Y.P.P.dP.dP}$PEPTIDE1,PEPTIDE1,1:R1-7:R2$$$",-8.10900000,ok,,flexible
"PEPTIDE1{F.Mono84.P.Mono84.dP.P.P}$PEPTIDE1,PEPTIDE1,1:R1-7:R2$$$",-7.17400000,ok,,flexible
"PEPTIDE1{Mono6.dP.dP.dP.Y.P.P}$PEPTIDE1,PEPTIDE1,1:R1-7:R2$$$",-7.67400000,ok,,flexible
"PEPTIDE1{meA.P.dP.P.dP.dP.P}$PEPTIDE1,PEPTIDE1,1:R1-7:R2$$$",-7.49900000,ok,,flexible
"PEPTIDE1{A.cHexCH2_Gly.P.dP.dP.P.P}$PEPTIDE1,PEPTIDE1,1:R1-7:R2$$$",-8.01200000,ok,,flexible
"PEPTIDE1{dP.P.dP.T.D.P.P}$PEPTIDE1,PEPTIDE1,1:R1-7:R2$$$",-7.99400000,ok,,flexible
"PEPTIDE1{P.P.dP.dP.P.dP.Phe(4-CF3)}$PEPTIDE1,PEPTIDE1,1:R1-7:R2$$$",-7.54500000,ok,,flexible
"PEPTIDE1{P.P.P.dP.P.dP.P}$PEPTIDE1,PEPTIDE1,1:R1-7:R2$$$",-8.52200000,ok,,flexible
"PEPTIDE1{P.A.P.dP.D.P.dP}$PEPTIDE1,PEPTIDE1,1:R1-7:R2$$$",-7.01400000,ok,,flexible
"PEPTIDE1{Me_dA.P.F.Phe(4-CF3).dP.P.P}$PEPTIDE1,PEPTIDE1,1:R1-7:R2$$$",-6.77800000,ok,,flexible
"PEPTIDE1{A.cHexCH2_Gly.P.dP.F.dP.Mono84}$PEPTIDE1,PEPTIDE1,1:R1-7:R2$$$",-7.15300000,ok,,flexible
"PEPTIDE1{F.G.3Pal.dP.Mono84.P.P}$PEPTIDE1,PEPTIDE1,1:R1-7:R2$$$",-7.07700000,ok,,flexible
"PEPTIDE1{A.F.G.dP.Phe(4-CF3).P.P}$PEPTIDE1,PEPTIDE1,1:R1-7:R2$$$",-7.22700000,ok,,flexible
"PEPTIDE1{Me_dA.meL.P.dP.P.dP.P}$PEPTIDE1,PEPTIDE1,1:R1-7:R2$$$",-7.62800000,ok,,flexible
"PEPTIDE1{Me_dA.dP.Y.P.dP.P.P}$PEPTIDE1,PEPTIDE1,1:R1-7:R2$$$",-8.08100000,ok,,flexible
"PEPTIDE1{P.P.Y.P.P.dP.dP}$PEPTIDE1,PEPTIDE1,1:R1-7:R2$$$",-7.16000000,ok,,flexible
"PEPTIDE1{A.F.Y.dP.P.P.P}$PEPTIDE1,PEPTIDE1,1:R1-7:R2$$$",-7.00900000,ok,,flexible
"PEPTIDE1{F.dP.Mono84.dP.P.dP.Y}$PEPTIDE1,PEPTIDE1,1:R1-7:R2$$$",-7.01100000,ok,,flexible
"PEPTIDE1{F.Y.dP.Mono84.P.P.P}$PEPTIDE1,PEPTIDE1,1:R1-7:R2$$$",-6.81900000,ok,,flexible
"PEPTIDE1{Me_Bal.Me_dL.Y.P.P.P.dP}$PEPTIDE1,PEPTIDE1,1:R1-7:R2$$$",-7.11300000,ok,,flexible
"PEPTIDE1{Me_dA.F.Y.dP.P.dP.dP}$PEPTIDE1,PEPTIDE1,1:R1-7:R2$$$",-7.53600000,ok,,flexible
"PEPTIDE1{dP.dP.Y.dP.dP.P.D}$PEPTIDE1,PEPTIDE1,1:R1-7:R2$$$",-7.12600000,ok,,flexible
"PEPTIDE1{Me_dA.P.Y.F.D.P.P}$PEPTIDE1,PEPTIDE1,1:R1-7:R2$$$",-6.90200000,ok,,flexible
"PEPTIDE1{dA.Y.Y.P.dP.P.dP}$PEPTIDE1,PEPTIDE1,1:R1-7:R2$$$",-8.77300000,ok,,flexible
"PEPTIDE1{Me_dA.Phe(4-CF3).dP.T.P.P.dP}$PEPTIDE1,PEPTIDE1,1:R1-7:R2$$$",-7.39800000,ok,,flexible
"PEPTIDE1{dA.A.P.dP.dP.dP.T}$PEPTIDE1,PEPTIDE1,1:R1-7:R2$$$",-7.48500000,ok,,flexible
"PEPTIDE1{dF.G.P.P.Y.Mono84.dP}$PEPTIDE1,PEPTIDE1,1:R1-7:R2$$$",-8.10400000,ok,,flexible
"PEPTIDE1{Me_dA.F.dP.P.P.P.P}$PEPTIDE1,PEPTIDE1,1:R1-7:R2$$$",-8.53500000,ok,,flexible
"PEPTIDE1{Me_dA.dP.dP.Phe(4-CF3).dP.dP.P}$PEPTIDE1,PEPTIDE1,1:R1-7:R2$$$",-7.62000000,ok,,flexible
"PEPTIDE1{Me_dA.P.dP.P.dP.T.P}$PEPTIDE1,PEPTIDE1,1:R1-7:R2$$$",-7.65100000,ok,,flexible
"PEPTIDE1{dV.P.P.dP.dP.dP.T}$PEPTIDE1,PEPTIDE1,1:R1-7:R2$$$",-7.01100000,ok,,flexible
"PEPTIDE1{dP.Me_dA.A.dP.P.P.P}$PEPTIDE1,PEPTIDE1,1:R1-7:R2$$$",-8.19500000,ok,,flexible
"PEPTIDE1{P.P.P.P.P.dP.T}$PEPTIDE1,PEPTIDE1,1:R1-7:R2$$$",-7.55200000,ok,,flexible
"PEPTIDE1{Mono6.Y.dP.Mono84.P.dP.P}$PEPTIDE1,PEPTIDE1,1:R1-7:R2$$$",-7.78700000,ok,,flexible
"PEPTIDE1{F.P.Mono84.P.dP.P.dP}$PEPTIDE1,PEPTIDE1,1:R1-7:R2$$$",-7.79000000,ok,,flexible
"PEPTIDE1{dA.dP.P.dP.dP.Phe(4-CF3).P}$PEPTIDE1,PEPTIDE1,1:R1-7:R2$$$",-7.99200000,ok,,flexible
"PEPTIDE1{P.F.dP.dP.P.dP.P}$PEPTIDE1,PEPTIDE1,1:R1-7:R2$$$",-7.69500000,ok,,flexible
"PEPTIDE1{A.P.G.dP.T.P.P}$PEPTIDE1,PEPTIDE1,1:R1-7:R2$$$",-6.93400000,ok,,flexible
"PEPTIDE1{dP.dP.meY.P.P.P.dP}$PEPTIDE1,PEPTIDE1,1:R1-7:R2$$$",-7.88200000,ok,,flexible
"PEPTIDE1{dP.G.dP.P.dP.P.P}$PEPTIDE1,PEPTIDE1,1:R1-7:R2$$$",-8.27600000,ok,,flexible
"PEPTIDE1{Me_dA.dP.meY.dP.P.P.dP}$PEPTIDE1,PEPTIDE1,1:R1-7:R2$$$",-7.91300000,ok,,flexible
"PEPTIDE1{F.G.Mono84.P.dP.dP.P}$PEPTIDE1,PEPTIDE1,1:R1-7:R2$$$",-7.96800000,ok,,flexible
"PEPTIDE1{dA.dP.P.G.Mono84.dP.T}$PEPTIDE1,PEPTIDE1,1:R1-7:R2$$$",-7.53200000,ok,,flexible
"PEPTIDE1{P.Y.Mono84.P.T.dP.P}$PEPTIDE1,PEPTIDE1,1:R1-7:R2$$$",-7.04800000,ok,,flexible
"PEPTIDE1{dP.Y.Y.Mono84.Mono84.G.D}$PEPTIDE1,PEPTIDE1,1:R1-7:R2$$$",-7.83900000,ok,,flexible
"PEPTIDE1{Mono6.P.P.P.P.T.Phe(4-CF3)}$PEPTIDE1,PEPTIDE1,1:R1-7:R2$$$",-7.42300000,ok,,flexible
"PEPTIDE1{Me_dA.Pr_Gly.P.dP.P.P.P}$PEPTIDE1,PEPTIDE1,1:R1-7:R2$$$",-7.60700000,ok,,flexible
"PEPTIDE1{F.F.cHexCH2_Gly.dP.dP.dP.P}$PEPTIDE1,PEPTIDE1,1:R1-7:R2$$$",-7.25400000,ok,,flexible
"PEPTIDE1{dF.P.P.dP.dP.T.dP}$PEPTIDE1,PEPTIDE1,1:R1-7:R2$$$",-7.90800000,ok,,flexible
"PEPTIDE1{Me_dA.dP.Mono84.P.dP.dP.Phe(4-CF3)}$PEPTIDE1,PEPTIDE1,1:R1-7:R2$$$",-7.78700000,ok,,flexible
"PEPTIDE1{dP.F.P.Mono84.P.dP.P}$PEPTIDE1,PEPTIDE1,1:R1-7:R2$$$",-7.73200000,ok,,flexible
"PEPTIDE1{dP.dP.dP.P.D.P.T}$PEPTIDE1,PEPTIDE1,1:R1-7:R2$$$",-6.99800000,ok,,flexible
"PEPTIDE1{dF.P.G.Mono84.dP.P.dP}$PEPTIDE1,PEPTIDE1,1:R1-7:R2$$$",-7.65100000,ok,,flexible
"PEPTIDE1{dA.P.Mono84.P.dP.dP.dP}$PEPTIDE1,PEPTIDE1,1:R1-7:R2$$$",-7.72700000,ok,,flexible
"PEPTIDE1{Me_dA.F.P.dP.P.dP.dP}$PEPTIDE1,PEPTIDE1,1:R1-7:R2$$$",-7.42700000,ok,,flexible
"PEPTIDE1{F.dP.dP.dP.P.Phe(4-CF3).P}$PEPTIDE1,PEPTIDE1,1:R1-7:R2$$$",-8.43100000,ok,,flexible
"PEPTIDE1{dA.F.dP.P.P.P.P}$PEPTIDE1,PEPTIDE1,1:R1-7:R2$$$",-7.81200000,ok,,flexible
"PEPTIDE1{P.F.Asp_piperidide.Y.Y.P.Mono84}$PEPTIDE1,PEPTIDE1,1:R1-7:R2$$$",-6.85900000,ok,,flexible
"PEPTIDE1{Me_Bal.F.dP.dP.Mono84.Mono84.T}$PEPTIDE1,PEPTIDE1,1:R1-7:R2$$$",-7.59900000,ok,,flexible
"PEPTIDE1{Me_dA.A.dP.P.dP.dP.P}$PEPTIDE1,PEPTIDE1,1:R1-7:R2$$$",-8.20900000,ok,,flexible
"PEPTIDE1{F.A.Mono84.G.dP.dP.P}$PEPTIDE1,PEPTIDE1,1:R1-7:R2$$$",-7.28000000,ok,,flexible
"PEPTIDE1{A.F.dP.dP.P.P.P}$PEPTIDE1,PEPTIDE1,1:R1-7:R2$$$",-7.54800000,ok,,flexible
"PEPTIDE1{A.F.P.P.dP.D.dP}$PEPTIDE1,PEPTIDE1,1:R1-7:R2$$$",-7.08600000,ok,,flexible
"PEPTIDE1{dP.T.dP.P.P.P.D}$PEPTIDE1,PEPTIDE1,1:R1-7:R2$$$",-7.20600000,ok,,flexible
"PEPTIDE1{P.G.P.dP.P.P.dP}$PEPTIDE1,PEPTIDE1,1:R1-7:R2$$$",-8.08600000,ok,,flexible
"PEPTIDE1{P.dP.P.P.D.T.dP}$PEPTIDE1,PEPTIDE1,1:R1-7:R2$$$",-7.40100000,ok,,flexible
"PEPTIDE1{Me_dA.F.P.dP.dP.P.dP}$PEPTIDE1,PEPTIDE1,1:R1-7:R2$$$",-7.65000000,ok,,flexible
"PEPTIDE1{F.A.G.dP.Mono84.Mono84.P}$PEPTIDE1,PEPTIDE1,1:R1-7:R2$$$",-8.51700000,ok,,flexible
"PEPTIDE1{dF.dP.P.dP.P.T.P}$PEPTIDE1,PEPTIDE1,1:R1-7:R2$$$",-6.96300000,ok,,flexible
"PEPTIDE1{dP.Y.Phe(4-CF3).P.P.dP.dP}$PEPTIDE1,PEPTIDE1,1:R1-7:R2$$$",-7.91800000,ok,,flexible
"PEPTIDE1{meA.dP.dP.P.P.P.P}$PEPTIDE1,PEPTIDE1,1:R1-7:R2$$$",-7.42500000,ok,,flexible
"PEPTIDE1{Me_dA.dP.Y.P.dP.dP.P}$PEPTIDE1,PEPTIDE1,1:R1-7:R2$$$",-7.76300000,ok,,flexible
"PEPTIDE1{F.Y.Mono84.G.dP.dP.dP}$PEPTIDE1,PEPTIDE1,1:R1-7:R2$$$",-7.68800000,ok,,flexible
"PEPTIDE1{dV.P.P.P.T.dP.dP}$PEPTIDE1,PEPTIDE1,1:R1-7:R2$$$",-6.93800000,ok,,flexible
"PEPTIDE1{F.G.Mono84.dP.P.Mono84.Y}$PEPTIDE1,PEPTIDE1,1:R1-7:R2$$$",-7.56400000,ok,,flexible
"PEPTIDE1{dA.dP.dP.P.T.P.D}$PEPTIDE1,PEPTIDE1,1:R1-7:R2$$$",-6.75300000,ok,,flexible
"PEPTIDE1{A.Y.P.P.P.P.P}$PEPTIDE1,PEPTIDE1,1:R1-7:R2$$$",-7.99900000,ok,,flexible
"PEPTIDE1{dF.dP.dP.P.P.T.P}$PEPTIDE1,PEPTIDE1,1:R1-7:R2$$$",-8.12800000,ok,,flexible
"PEPTIDE1{F.P.dP.P.dP.D.T}$PEPTIDE1,PEPTIDE1,1:R1-7:R2$$$",-6.75800000,ok,,flexible
"PEPTIDE1{meL.dP.P.dP.T.dP.P}$PEPTIDE1,PEPTIDE1,1:R1-7:R2$$$",-7.11100000,ok,,flexible
"PEPTIDE1{dP.Phe(4-CF3).P.P.P.P.T}$PEPTIDE1,PEPTIDE1,1:R1-7:R2$$$",-7.79100000,ok,,flexible
"PEPTIDE1{Mono6.G.dP.dP.P.P.dP}$PEPTIDE1,PEPTIDE1,1:R1-7:R2$$$",-7.83500000,ok,,flexible
"PEPTIDE1{Mono6.P.Mono84.dP.dP.dP.dP}$PEPTIDE1,PEPTIDE1,1:R1-7:R2$$$",-8.55300000,ok,,flexible
"PEPTIDE1{Me_dA.dP.Y.P.dP.dP.Phe(4-CF3)}$PEPTIDE1,PEPTIDE1,1:R1-7:R2$$$",-7.23000000,ok,,flexible
"PEPTIDE1{P.P.P.D.T.dP.P}$PEPTIDE1,PEPTIDE1,1:R1-7:R2$$$",-6.86000000,ok,,flexible
"PEPTIDE1{Me_dA.dP.dP.P.dP.Phe(4-CF3).T}$PEPTIDE1,PEPTIDE1,1:R1-7:R2$$$",-7.09400000,ok,,flexible
"PEPTIDE1{F.dP.D.dP.dP.dP.P}$PEPTIDE1,PEPTIDE1,1:R1-7:R2$$$",-7.47400000,ok,,flexible
"PEPTIDE1{Mono6.P.P.dP.P.T.P}$PEPTIDE1,PEPTIDE1,1:R1-7:R2$$$",-8.19900000,ok,,flexible
"PEPTIDE1{Me_dA.P.dP.Y.Mono84.P.P}$PEPTIDE1,PEPTIDE1,1:R1-7:R2$$$",-7.80000000,ok,,flexible
"PEPTIDE1{P.Mono84.F.Y.P.D.P}$PEPTIDE1,PEPTIDE1,1:R1-7:R2$$$",-6.84700000,ok,,flexible
"PEPTIDE1{Mono6.P.Y.P.P.dP.P}$PEPTIDE1,PEPTIDE1,1:R1-7:R2$$$",-7.28200000,ok,,flexible
"PEPTIDE1{A.P.dP.T.G.Mono84.Y}$PEPTIDE1,PEPTIDE1,1:R1-7:R2$$$",-7.24100000,ok,,flexible
"PEPTIDE1{P.D.dP.P.dP.P.dP}$PEPTIDE1,PEPTIDE1,1:R1-7:R2$$$",-7.37000000,ok,,flexible
"PEPTIDE1{F.G.P.dP.dP.dP.T}$PEPTIDE1,PEPTIDE1,1:R1-7:R2$$$",-8.22000000,ok,,flexible
"PEPTIDE1{dP.Me_dL.P.dP.P.dP.D}$PEPTIDE1,PEPTIDE1,1:R1-7:R2$$$",-7.44800000,ok,,flexible
"PEPTIDE1{dF.P.Mono84.P.P.dP.dP}$PEPTIDE1,PEPTIDE1,1:R1-7:R2$$$",-7.72600000,ok,,flexible
"PEPTIDE1{F.cHexCH2_Gly.Mono84.P.P.dP.dP}$PEPTIDE1,PEPTIDE1,1:R1-7:R2$$$",-7.18600000,ok,,flexible
"PEPTIDE1{dP.F.Phe(4-CF3).P.P.P.dP}$PEPTIDE1,PEPTIDE1,1:R1-7:R2$$$",-7.05000000,ok,,flexible
"PEPTIDE1{F.G.P.F.Mono84.Y.P}$PEPTIDE1,PEPTIDE1,1:R1-7:R2$$$",-6.76000000,ok,,flexible
"PEPTIDE1{L.dP.dP.P.P.P.P}$PEPTIDE1,PEPTIDE1,1:R1-7:R2$$$",-7.59300000,ok,,flexible
"PEPTIDE1{A.dP.dP.dP.dP.P.P}$PEPTIDE1,PEPTIDE1,1:R1-7:R2$$$",-8.73100000,ok,,flexible
"PEPTIDE1{dF.P.dP.P.P.dP.D}$PEPTIDE1,PEPTIDE1,1:R1-7:R2$$$",-7.24200000,ok,,flexible
"PEPTIDE1{A.P.dP.P.dP.dP.dP}$PEPTIDE1,PEPTIDE1,1:R1-7:R2$$$",-7.96700000,ok,,flexible
"PEPTIDE1{Me_dA.F.Y.G.P.dP.P}$PEPTIDE1,PEPTIDE1,1:R1-7:R2$$$",-7.77500000,ok,,flexible
"PEPTIDE1{P.Me_dA.dP.dP.P.dP.dP}$PEPTIDE1,PEPTIDE1,1:R1-7:R2$$$",-7.87000000,ok,,flexible
"PEPTIDE1{F.P.Phe(4-CF3).P.dP.dP.P}$PEPTIDE1,PEPTIDE1,1:R1-7:R2$$$",-8.05900000,ok,,flexible
"PEPTIDE1{P.dP.dP.Phe(4-CF3).T.P.P}$PEPTIDE1,PEPTIDE1,1:R1-7:R2$$$",-7.97400000,ok,,flexible
"PEPTIDE1{dP.dP.T.P.D.dP.P}$PEPTIDE1,PEPTIDE1,1:R1-7:R2$$$",-7.22500000,ok,,flexible
"PEPTIDE1{Me_dA.dP.P.dP.D.T.P}$PEPTIDE1,PEPTIDE1,1:R1-7:R2$$$",-6.82800000,ok,,flexible
"PEPTIDE1{Mono6.T.P.P.dP.P.dP}$PEPTIDE1,PEPTIDE1,1:R1-7:R2$$$",-8.00200000,ok,,flexible
"PEPTIDE1{Mono6.P.P.dP.dP.P.Y}$PEPTIDE1,PEPTIDE1,1:R1-7:R2$$$",-7.46200000,ok,,flexible
"PEPTIDE1{Me_dA.P.Mono84.P.P.P.dP}$PEPTIDE1,PEPTIDE1,1:R1-7:R2$$$",-7.36200000,ok,,flexible
"PEPTIDE1{P.dP.dP.G.dP.dP.P}$PEPTIDE1,PEPTIDE1,1:R1-7:R2$$$",-7.59700000,ok,,flexible
"PEPTIDE1{dP.dP.dP.dP.P.D.P}$PEPTIDE1,PEPTIDE1,1:R1-7:R2$$$",-8.39400000,ok,,flexible
"PEPTIDE1{dF.dP.T.dP.T.P.P}$PEPTIDE1,PEPTIDE1,1:R1-7:R2$$$",-7.02400000,ok,,flexible
"PEPTIDE1{Mono6.T.dP.P.dP.dP.P}$PEPTIDE1,PEPTIDE1,1:R1-7:R2$$$",-8.08600000,ok,,flexible
"PEPTIDE1{P.dP.dP.Mono84.P.dP.dP}$PEPTIDE1,PEPTIDE1,1:R1-7:R2$$$",-8.27300000,ok,,flexible
"PEPTIDE1{dP.Mono84.dP.D.P.dP.T}$PEPTIDE1,PEPTIDE1,1:R1-7:R2$$$",-6.86100000,ok,,flexible
"PEPTIDE1{dP.dP.T.D.dP.P.Phe(4-CF3)}$PEPTIDE1,PEPTIDE1,1:R1-7:R2$$$",-6.75200000,ok,,flexible
"PEPTIDE1{Me_dL.P.P.P.dP.dP.P}$PEPTIDE1,PEPTIDE1,1:R1-7:R2$$$",-7.34900000,ok,,flexible
"PEPTIDE1{dA.P.F.P.Y.G.dP}$PEPTIDE1,PEPTIDE1,1:R1-7:R2$$$",-7.98300000,ok,,flexible
"PEPTIDE1{Me_dA.meY.P.Y.T.Mono84.dP}$PEPTIDE1,PEPTIDE1,1:R1-7:R2$$$",-6.69700000,ok,,flexible
"PEPTIDE1{dA.dP.dP.D.P.dP.P}$PEPTIDE1,PEPTIDE1,1:R1-7:R2$$$",-7.35800000,ok,,flexible
"PEPTIDE1{dF.dP.P.dP.T.P.P}$PEPTIDE1,PEPTIDE1,1:R1-7:R2$$$",-7.00000000,ok,,flexible
"PEPTIDE1{P.G.Y.P.dP.P.P}$PEPTIDE1,PEPTIDE1,1:R1-7:R2$$$",-7.74900000,ok,,flexible
"PEPTIDE1{Me_dA.P.dP.dP.D.dP.T}$PEPTIDE1,PEPTIDE1,1:R1-7:R2$$$",-7.48900000,ok,,flexible
"PEPTIDE1{dF.P.P.P.T.dP.D}$PEPTIDE1,PEPTIDE1,1:R1-7:R2$$$",-6.93700000,ok,,flexible
"PEPTIDE1{F.P.P.dP.P.D.P}$PEPTIDE1,PEPTIDE1,1:R1-7:R2$$$",-7.99000000,ok,,flexible
"PEPTIDE1{A.Y.P.dP.dP.P.dP}$PEPTIDE1,PEPTIDE1,1:R1-7:R2$$$",-7.52400000,ok,,flexible
"PEPTIDE1{Me_dA.P.dP.dP.D.T.dP}$PEPTIDE1,PEPTIDE1,1:R1-7:R2$$$",-6.91200000,ok,,flexible
"PEPTIDE1{F.G.P.P.P.P.Phe(4-CF3)}$PEPTIDE1,PEPTIDE1,1:R1-7:R2$$$",-7.36900000,ok,,flexible
"PEPTIDE1{P.G.G.P.dP.dP.P}$PEPTIDE1,PEPTIDE1,1:R1-7:R2$$$",-7.92900000,ok,,flexible
"PEPTIDE1{Me_dA.P.dP.F.3Pal.Mono84.G}$PEPTIDE1,PEPTIDE1,1:R1-7:R2$$$",-7.58100000,ok,,flexible
"PEPTIDE1{dP.dP.P.T.D.P.P}$PEPTIDE1,PEPTIDE1,1:R1-7:R2$$$",-7.99800000,ok,,flexible
"PEPTIDE1{F.dP.P.P.dP.Mono84.P}$PEPTIDE1,PEPTIDE1,1:R1-7:R2$$$",-7.76600000,ok,,flexible
"PEPTIDE1{F.F.G.P.dP.dP.P}$PEPTIDE1,PEPTIDE1,1:R1-7:R2$$$",-6.93200000,ok,,flexible
"PEPTIDE1{dA.Phe(4-CF3).dP.P.P.dP.P}$PEPTIDE1,PEPTIDE1,1:R1-7:R2$$$",-8.26500000,ok,,flexible
"PEPTIDE1{Me_Bal.P.dP.F.Y.P.P}$PEPTIDE1,PEPTIDE1,1:R1-7:R2$$$",-7.33200000,ok,,flexible
"PEPTIDE1{P.Phe(4-CF3).G.3Pal.Mono84.T.P}$PEPTIDE1,PEPTIDE1,1:R1-7:R2$$$",-7.65300000,ok,,flexible
"PEPTIDE1{P.D.P.P.P.T.dP}$PEPTIDE1,PEPTIDE1,1:R1-7:R2$$$",-7.75600000,ok,,flexible
"PEPTIDE1{dP.Mono84.T.dP.P.P.dP}$PEPTIDE1,PEPTIDE1,1:R1-7:R2$$$",-8.01600000,ok,,flexible
"PEPTIDE1{dF.cHexCH2_Gly.dP.P.P.P.dP}$PEPTIDE1,PEPTIDE1,1:R1-7:R2$$$",-6.86200000,ok,,flexible
"PEPTIDE1{F.P.P.dP.cHexCH2_Gly.Mono84.G}$PEPTIDE1,PEPTIDE1,1:R1-7:R2$$$",-7.22000000,ok,,flexible
"PEPTIDE1{Me_dA.F.dP.D.dP.P.P}$PEPTIDE1,PEPTIDE1,1:R1-7:R2$$$",-7.02800000,ok,,flexible
"PEPTIDE1{dF.G.dP.P.P.D.Mono84}$PEPTIDE1,PEPTIDE1,1:R1-7:R2$$$",-6.68800000,ok,,flexible
"PEPTIDE1{P.Y.Phe(4-CF3).dP.dP.dP.dP}$PEPTIDE1,PEPTIDE1,1:R1-7:R2$$$",-8.08700000,ok,,flexible
"PEPTIDE1{P.Me_dA.P.dP.dP.P.dP}$PEPTIDE1,PEPTIDE1,1:R1-7:R2$$$",-7.68000000,ok,,flexible
"PEPTIDE1{P.Phe(4-CF3).dP.P.P.P.P}$PEPTIDE1,PEPTIDE1,1:R1-7:R2$$$",-7.90900000,ok,,flexible
"PEPTIDE1{F.F.G.dP.P.P.P}$PEPTIDE1,PEPTIDE1,1:R1-7:R2$$$",-7.51900000,ok,,flexible
"PEPTIDE1{Me_dA.dP.F.meL.dP.P.T}$PEPTIDE1,PEPTIDE1,1:R1-7:R2$$$",-7.30800000,ok,,flexible
"PEPTIDE1{meA.T.dP.P.P.dP.P}$PEPTIDE1,PEPTIDE1,1:R1-7:R2$$$",-7.30800000,ok,,flexible
"PEPTIDE1{A.dP.dP.dP.P.Phe(4-CF3).dP}$PEPTIDE1,PEPTIDE1,1:R1-7:R2$$$",-8.15500000,ok,,flexible
"PEPTIDE1{Me_Bal.T.Mono84.dP.P.dP.dP}$PEPTIDE1,PEPTIDE1,1:R1-7:R2$$$",-7.95100000,ok,,flexible
"PEPTIDE1{dF.D.P.P.P.dP.dP}$PEPTIDE1,PEPTIDE1,1:R1-7:R2$$$",-7.08200000,ok,,flexible
"PEPTIDE1{dF.dP.Mono84.Mono84.P.P.dP}$PEPTIDE1,PEPTIDE1,1:R1-7:R2$$$",-8.02700000,ok,,flexible
"PEPTIDE1{F.P.Mono84.G.dP.P.dP}$PEPTIDE1,PEPTIDE1,1:R1-7:R2$$$",-8.52300000,ok,,flexible
"PEPTIDE1{meA.P.Y.dP.dP.P.P}$PEPTIDE1,PEPTIDE1,1:R1-7:R2$$$",-7.30700000,ok,,flexible
"PEPTIDE1{Me_dA.Pr_Gly.Y.P.dP.dP.dP}$PEPTIDE1,PEPTIDE1,1:R1-7:R2$$$",-6.95700000,ok,,flexible
"PEPTIDE1{P.F.D.dP.dP.P.P}$PEPTIDE1,PEPTIDE1,1:R1-7:R2$$$",-7.52100000,ok,,flexible
"PEPTIDE1{dP.dP.dP.dP.P.P.P}$PEPTIDE1,PEPTIDE1,1:R1-7:R2$$$",-8.28200000,ok,,flexible
"PEPTIDE1{F.D.P.P.dP.P.P}$PEPTIDE1,PEPTIDE1,1:R1-7:R2$$$",-7.71900000,ok,,flexible
"PEPTIDE1{P.A.F.Phe(4-CF3).dP.P.P}$PEPTIDE1,PEPTIDE1,1:R1-7:R2$$$",-7.96500000,ok,,flexible
"PEPTIDE1{F.Mono84.3Pal.Mono84.D.P.dP}$PEPTIDE1,PEPTIDE1,1:R1-7:R2$$$",-6.40200000,ok,,flexible
"PEPTIDE1{Me_Bal.dP.P.dP.P.P.P}$PEPTIDE1,PEPTIDE1,1:R1-7:R2$$$",-7.82300000,ok,,flexible
"PEPTIDE1{F.P.Phe(4-CF3).P.dP.P.dP}$PEPTIDE1,PEPTIDE1,1:R1-7:R2$$$",-8.00900000,ok,,flexible
"PEPTIDE1{Me_dA.D.dP.P.dP.P.P}$PEPTIDE1,PEPTIDE1,1:R1-7:R2$$$",-6.84600000,ok,,flexible
"PEPTIDE1{F.Y.G.P.dP.dP.P}$PEPTIDE1,PEPTIDE1,1:R1-7:R2$$$",-7.16500000,ok,,flexible
"PEPTIDE1{P.Phe(4-CF3).P.P.P.P.dP}$PEPTIDE1,PEPTIDE1,1:R1-7:R2$$$",-8.12100000,ok,,flexible
"PEPTIDE1{P.Phe(4-CF3).dP.dP.dP.D.P}$PEPTIDE1,PEPTIDE1,1:R1-7:R2$$$",-7.86000000,ok,,flexible
"PEPTIDE1{dA.P.T.Mono84.dP.dP.P}$PEPTIDE1,PEPTIDE1,1:R1-7:R2$$$",-7.29000000,ok,,flexible
"PEPTIDE1{dA.dP.dP.P.T.dP.P}$PEPTIDE1,PEPTIDE1,1:R1-7:R2$$$",-7.46800000,ok,,flexible
"PEPTIDE1{F.P.D.dP.dP.P.P}$PEPTIDE1,PEPTIDE1,1:R1-7:R2$$$",-6.78800000,ok,,flexible
"PEPTIDE1{A.dP.Phe(4-CF3).P.dP.P.P}$PEPTIDE1,PEPTIDE1,1:R1-7:R2$$$",-8.18700000,ok,,flexible
"PEPTIDE1{A.G.T.dP.P.dP.P}$PEPTIDE1,PEPTIDE1,1:R1-7:R2$$$",-7.41000000,ok,,flexible
"PEPTIDE1{Mono6.dP.T.P.dP.P.P}$PEPTIDE1,PEPTIDE1,1:R1-7:R2$$$",-7.06900000,ok,,flexible
"PEPTIDE1{F.dP.T.Y.G.dP.dP}$PEPTIDE1,PEPTIDE1,1:R1-7:R2$$$",-6.88000000,ok,,flexible
"PEPTIDE1{dF.dP.3Pal.P.Mono84.dP.dP}$PEPTIDE1,PEPTIDE1,1:R1-7:R2$$$",-7.81700000,ok,,flexible
"PEPTIDE1{dF.P.P.P.P.T.P}$PEPTIDE1,PEPTIDE1,1:R1-7:R2$$$",-7.20300000,ok,,flexible
"PEPTIDE1{dA.F.G.F.Y.T.P}$PEPTIDE1,PEPTIDE1,1:R1-7:R2$$$",-6.30800000,ok,,flexible
"PEPTIDE1{Me_dA.Y.dP.P.dP.Phe(4-CF3).P}$PEPTIDE1,PEPTIDE1,1:R1-7:R2$$$",-7.13300000,ok,,flexible
"PEPTIDE1{dF.F.Mono84.P.dP.dP.dP}$PEPTIDE1,PEPTIDE1,1:R1-7:R2$$$",-8.04500000,ok,,flexible
"PEPTIDE1{dV.dP.dP.T.P.D.P}$PEPTIDE1,PEPTIDE1,1:R1-7:R2$$$",-6.90600000,ok,,flexible
"PEPTIDE1{P.dP.dP.D.T.D.dP}$PEPTIDE1,PEPTIDE1,1:R1-7:R2$$$",-6.82800000,ok,,flexible
"PEPTIDE1{A.T.dP.P.P.Y.dP}$PEPTIDE1,PEPTIDE1,1:R1-7:R2$$$",-7.38500000,ok,,flexible
"PEPTIDE1{Mono6.P.Y.P.P.dP.dP}$PEPTIDE1,PEPTIDE1,1:R1-7:R2$$$",-7.45200000,ok,,flexible
"PEPTIDE1{P.F.cHexCH2_Gly.dP.P.dP.P}$PEPTIDE1,PEPTIDE1,1:R1-7:R2$$$",-6.86600000,ok,,flexible
"PEPTIDE1{P.dP.Mono84.Y.dP.P.dP}$PEPTIDE1,PEPTIDE1,1:R1-7:R2$$$",-7.23600000,ok,,flexible
"PEPTIDE1{dA.dP.dP.P.P.Phe(4-CF3).dP}$PEPTIDE1,PEPTIDE1,1:R1-7:R2$$$",-7.48500000,ok,,flexible
"PEPTIDE1{Me_dA.meL.meY.dP.P.dP.P}$PEPTIDE1,PEPTIDE1,1:R1-7:R2$$$",-6.82900000,ok,,flexible
"PEPTIDE1{P.Me_dA.dP.dP.Phe(4-CF3).P.P}$PEPTIDE1,PEPTIDE1,1:R1-7:R2$$$",-7.75000000,ok,,flexible
"PEPTIDE1{A.F.P.dP.T.P.P}$PEPTIDE1,PEPTIDE1,1:R1-7:R2$$$",-7.05400000,ok,,flexible
"PEPTIDE1{meL.P.P.P.T.D.dP}$PEPTIDE1,PEPTIDE1,1:R1-7:R2$$$",-6.94100000,ok,,flexible
"PEPTIDE1{Me_dA.dP.G.P.P.dP.P}$PEPTIDE1,PEPTIDE1,1:R1-7:R2$$$",-8.70700000,ok,,flexible
"PEPTIDE1{dF.dP.dP.P.P.dP.dP}$PEPTIDE1,PEPTIDE1,1:R1-7:R2$$$",-7.80200000,ok,,flexible
"PEPTIDE1{meL.dP.P.dP.P.P.D}$PEPTIDE1,PEPTIDE1,1:R1-7:R2$$$",-6.75900000,ok,,flexible
"PEPTIDE1{dP.meY.P.dP.dP.D.P}$PEPTIDE1,PEPTIDE1,1:R1-7:R2$$$",-7.13700000,ok,,flexible
"PEPTIDE1{Me_Bal.dP.P.P.dP.P.P}$PEPTIDE1,PEPTIDE1,1:R1-7:R2$$$",-8.12700000,ok,,flexible
"PEPTIDE1{Me_Bal.dP.dP.P.P.P.P}$PEPTIDE1,PEPTIDE1,1:R1-7:R2$$$",-8.13400000,ok,,flexible
"PEPTIDE1{P.Phe(4-CF3).P.P.P.D.T}$PEPTIDE1,PEPTIDE1,1:R1-7:R2$$$",-7.00300000,ok,,flexible
"PEPTIDE1{dP.F.P.G.P.dP.P}$PEPTIDE1,PEPTIDE1,1:R1-7:R2$$$",-8.39400000,ok,,flexible
"PEPTIDE1{dP.Y.Phe(4-CF3).P.P.dP.P}$PEPTIDE1,PEPTIDE1,1:R1-7:R2$$$",-7.98800000,ok,,flexible
"PEPTIDE1{dF.G.T.P.dP.dP.P}$PEPTIDE1,PEPTIDE1,1:R1-7:R2$$$",-7.69700000,ok,,flexible
"PEPTIDE1{meA.meY.P.P.dP.P.P}$PEPTIDE1,PEPTIDE1,1:R1-7:R2$$$",-7.45500000,ok,,flexible
"PEPTIDE1{dF.dP.P.Mono84.P.dP.dP}$PEPTIDE1,PEPTIDE1,1:R1-7:R2$$$",-7.20800000,ok,,flexible
"PEPTIDE1{A.P.P.P.D.P.dP}$PEPTIDE1,PEPTIDE1,1:R1-7:R2$$$",-7.44400000,ok,,flexible
"PEPTIDE1{Mono6.dP.T.P.P.P.P}$PEPTIDE1,PEPTIDE1,1:R1-7:R2$$$",-7.37900000,ok,,flexible
"PEPTIDE1{A.dP.P.P.P.D.P}$PEPTIDE1,PEPTIDE1,1:R1-7:R2$$$",-7.03400000,ok,,flexible
"PEPTIDE1{P.F.A.dP.Mono84.T.Phe(4-CF3)}$PEPTIDE1,PEPTIDE1,1:R1-7:R2$$$",-7.34700000,ok,,flexible
"PEPTIDE1{L.dP.P.P.dP.dP.P}$PEPTIDE1,PEPTIDE1,1:R1-7:R2$$$",-6.99800000,ok,,flexible
"PEPTIDE1{meA.P.dP.P.P.Y.D}$PEPTIDE1,PEPTIDE1,1:R1-7:R2$$$",-6.80300000,ok,,flexible
"PEPTIDE1{Me_dA.dP.Y.dP.dP.T.P}$PEPTIDE1,PEPTIDE1,1:R1-7:R2$$$",-7.68100000,ok,,flexible
"PEPTIDE1{Me_dA.Me_Phe(3-Cl).P.dP.P.dP.P}$PEPTIDE1,PEPTIDE1,1:R1-7:R2$$$",-8.07400000,ok,,flexible
"PEPTIDE1{Me_Bal.meL.P.P.P.dP.dP}$PEPTIDE1,PEPTIDE1,1:R1-7:R2$$$",-7.47700000,ok,,flexible
"PEPTIDE1{dP.Phe(4-CF3).P.dP.P.P.dP}$PEPTIDE1,PEPTIDE1,1:R1-7:R2$$$",-7.77900000,ok,,flexible
"PEPTIDE1{P.T.P.dP.P.dP.P}$PEPTIDE1,PEPTIDE1,1:R1-7:R2$$$",-7.76900000,ok,,flexible
"PEPTIDE1{dP.meY.dP.P.P.dP.D}$PEPTIDE1,PEPTIDE1,1:R1-7:R2$$$",-7.11000000,ok,,flexible
"PEPTIDE1{dP.G.P.P.T.dP.P}$PEPTIDE1,PEPTIDE1,1:R1-7:R2$$$",-7.05900000,ok,,flexible
"PEPTIDE1{dP.Phe(4-CF3).P.dP.dP.P.P}$PEPTIDE1,PEPTIDE1,1:R1-7:R2$$$",-8.67100000,ok,,flexible
"PEPTIDE1{P.Pr_Gly.Y.dP.dP.dP.P}$PEPTIDE1,PEPTIDE1,1:R1-7:R2$$$",-7.08900000,ok,,flexible
"PEPTIDE1{F.dP.P.dP.T.P.Mono84}$PEPTIDE1,PEPTIDE1,1:R1-7:R2$$$",-7.07900000,ok,,flexible
"PEPTIDE1{A.P.P.P.P.T.Phe(4-CF3)}$PEPTIDE1,PEPTIDE1,1:R1-7:R2$$$",-7.47200000,ok,,flexible
"PEPTIDE1{F.G.Y.Mono84.dP.P.P}$PEPTIDE1,PEPTIDE1,1:R1-7:R2$$$",-8.25900000,ok,,flexible
"PEPTIDE1{F.P.G.dP.dP.dP.dP}$PEPTIDE1,PEPTIDE1,1:R1-7:R2$$$",-7.88000000,ok,,flexible
"PEPTIDE1{Mono6.P.Y.dP.dP.P.dP}$PEPTIDE1,PEPTIDE1,1:R1-7:R2$$$",-8.47900000,ok,,flexible
"PEPTIDE1{Me_dA.meY.P.dP.P.P.P}$PEPTIDE1,PEPTIDE1,1:R1-7:R2$$$",-7.63300000,ok,,flexible
"PEPTIDE1{F.G.Y.dP.P.dP.dP}$PEPTIDE1,PEPTIDE1,1:R1-7:R2$$$",-7.79000000,ok,,flexible
"PEPTIDE1{dP.Phe(4-CF3).dP.P.P.dP.D}$PEPTIDE1,PEPTIDE1,1:R1-7:R2$$$",-8.14000000,ok,,flexible
"PEPTIDE1{dF.G.P.dP.Mono84.dP.dP}$PEPTIDE1,PEPTIDE1,1:R1-7:R2$$$",-7.53100000,ok,,flexible
"PEPTIDE1{Me_Bal.dP.P.P.P.P.dP}$PEPTIDE1,PEPTIDE1,1:R1-7:R2$$$",-7.85800000,ok,,flexible
"PEPTIDE1{A.dP.Mono84.dP.dP.P.dP}$PEPTIDE1,PEPTIDE1,1:R1-7:R2$$$",-7.53000000,ok,,flexible
"PEPTIDE1{P.G.dP.dP.dP.T.dP}$PEPTIDE1,PEPTIDE1,1:R1-7:R2$$$",-7.71500000,ok,,flexible
"PEPTIDE1{Mono6.Mono84.3Pal.P.dP.dP.P}$PEPTIDE1,PEPTIDE1,1:R1-7:R2$$$",-7.93700000,ok,,flexible
"PEPTIDE1{P.Phe(4-CF3).F.dP.dP.Y.dP}$PEPTIDE1,PEPTIDE1,1:R1-7:R2$$$",-6.99700000,ok,,flexible
"PEPTIDE1{F.dP.Mono84.T.dP.Mono84.G}$PEPTIDE1,PEPTIDE1,1:R1-7:R2$$$",-7.97400000,ok,,flexible
"PEPTIDE1{Me_dA.dP.Y.Mono84.Phe(4-CF3).F.G}$PEPTIDE1,PEPTIDE1,1:R1-7:R2$$$",-7.09900000,ok,,flexible
"PEPTIDE1{Mono6.T.P.P.dP.dP.dP}$PEPTIDE1,PEPTIDE1,1:R1-7:R2$$$",-7.13500000,ok,,flexible
"PEPTIDE1{dP.dP.P.dP.dP.D.T}$PEPTIDE1,PEPTIDE1,1:R1-7:R2$$$",-7.75800000,ok,,flexible
"PEPTIDE1{dF.3Pal.P.P.dP.P.dP}$PEPTIDE1,PEPTIDE1,1:R1-7:R2$$$",-7.54700000,ok,,flexible
"PEPTIDE1{Me_dA.F.Y.dP.dP.P.P}$PEPTIDE1,PEPTIDE1,1:R1-7:R2$$$",-7.55900000,ok,,flexible
"PEPTIDE1{Me_dA.Phe(4-CF3).dP.dP.P.dP.T}$PEPTIDE1,PEPTIDE1,1:R1-7:R2$$$",-7.67500000,ok,,flexible
"PEPTIDE1{dA.G.dP.P.dP.P.dP}$PEPTIDE1,PEPTIDE1,1:R1-7:R2$$$",-7.82900000,ok,,flexible
"PEPTIDE1{dF.Mono84.dP.D.dP.P.P}$PEPTIDE1,PEPTIDE1,1:R1-7:R2$$$",-7.62700000,ok,,flexible
"PEPTIDE1{dA.Mono84.P.dP.P.P.dP}$PEPTIDE1,PEPTIDE1,1:R1-7:R2$$$",-8.12700000,ok,,flexible
"PEPTIDE1{F.Phe(4-CF3).P.P.P.P.T}$PEPTIDE1,PEPTIDE1,1:R1-7:R2$$$",-7.59000000,ok,,flexible
"PEPTIDE1{F.L.P.P.P.dP.dP}$PEPTIDE1,PEPTIDE1,1:R1-7:R2$$$",-7.31500000,ok,,flexible
"PEPTIDE1{Me_dA.dP.P.P.Mono84.Mono84.dP}$PEPTIDE1,PEPTIDE1,1:R1-7:R2$$$",-7.77400000,ok,,flexible
"PEPTIDE1{Me_Bal.dP.meY.P.P.dP.dP}$PEPTIDE1,PEPTIDE1,1:R1-7:R2$$$",-7.17900000,ok,,flexible
"PEPTIDE1{Me_dA.A.Y.P.Phe(4-CF3).P.dP}$PEPTIDE1,PEPTIDE1,1:R1-7:R2$$$",-6.94500000,ok,,flexible
"PEPTIDE1{Mono6.dP.Mono84.dP.Mono84.dP.P}$PEPTIDE1,PEPTIDE1,1:R1-7:R2$$$",-7.54500000,ok,,flexible
"PEPTIDE1{dP.Y.dP.dP.P.D.T}$PEPTIDE1,PEPTIDE1,1:R1-7:R2$$$",-6.72100000,ok,,flexible
"PEPTIDE1{F.Mono84.Mono84.3Pal.P.dP.P}$PEPTIDE1,PEPTIDE1,1:R1-7:R2$$$",-7.46900000,ok,,flexible
"PEPTIDE1{dF.P.T.Y.dP.P.dP}$PEPTIDE1,PEPTIDE1,1:R1-7:R2$$$",-7.16500000,ok,,flexible
"PEPTIDE1{dA.dP.Mono84.T.P.dP.P}$PEPTIDE1,PEPTIDE1,1:R1-7:R2$$$",-7.23500000,ok,,flexible
"PEPTIDE1{F.P.P.G.dP.dP.P}$PEPTIDE1,PEPTIDE1,1:R1-7:R2$$$",-7.54100000,ok,,flexible
"PEPTIDE1{P.dP.P.P.P.D.T}$PEPTIDE1,PEPTIDE1,1:R1-7:R2$$$",-6.92300000,ok,,flexible
"PEPTIDE1{P.dP.dP.dP.P.T.D}$PEPTIDE1,PEPTIDE1,1:R1-7:R2$$$",-7.10900000,ok,,flexible
"PEPTIDE1{meA.dP.Mono84.G.dP.P.P}$PEPTIDE1,PEPTIDE1,1:R1-7:R2$$$",-7.63100000,ok,,flexible
"PEPTIDE1{Mono6.dP.P.dP.T.P.dP}$PEPTIDE1,PEPTIDE1,1:R1-7:R2$$$",-8.29000000,ok,,flexible
"PEPTIDE1{dP.P.dP.P.dP.dP.Phe(4-CF3)}$PEPTIDE1,PEPTIDE1,1:R1-7:R2$$$",-8.19400000,ok,,flexible
"PEPTIDE1{F.P.A.Mono84.T.P.Mono84}$PEPTIDE1,PEPTIDE1,1:R1-7:R2$$$",-7.55400000,ok,,flexible
"PEPTIDE1{Me_dA.Mono84.G.dP.P.Y.dP}$PEPTIDE1,PEPTIDE1,1:R1-7:R2$$$",-8.18600000,ok,,flexible
"PEPTIDE1{Mono6.dP.dP.dP.dP.P.T}$PEPTIDE1,PEPTIDE1,1:R1-7:R2$$$",-7.52800000,ok,,flexible
"PEPTIDE1{F.3Pal.P.Mono84.Mono84.A.Mono84}$PEPTIDE1,PEPTIDE1,1:R1-7:R2$$$",-7.05100000,ok,,flexible
"PEPTIDE1{dF.T.dP.P.P.P.P}$PEPTIDE1,PEPTIDE1,1:R1-7:R2$$$",-7.61900000,ok,,flexible
"PEPTIDE1{F.P.dP.D.P.dP.P}$PEPTIDE1,PEPTIDE1,1:R1-7:R2$$$",-7.94900000,ok,,flexible
"PEPTIDE1{F.G.dP.Mono84.dP.dP.T}$PEPTIDE1,PEPTIDE1,1:R1-7:R2$$$",-6.89100000,ok,,flexible
"PEPTIDE1{Mono6.G.P.dP.Mono84.dP.P}$PEPTIDE1,PEPTIDE1,1:R1-7:R2$$$",-7.80400000,ok,,flexible
"PEPTIDE1{Me_dA.P.Mono84.dP.Y.dP.Mono84}$PEPTIDE1,PEPTIDE1,1:R1-7:R2$$$",-7.61500000,ok,,flexible
"PEPTIDE1{dP.dP.dP.P.P.dP.T}$PEPTIDE1,PEPTIDE1,1:R1-7:R2$$$",-7.23000000,ok,,flexible
"PEPTIDE1{P.F.Phe(4-CF3).dP.P.P.P}$PEPTIDE1,PEPTIDE1,1:R1-7:R2$$$",-7.42800000,ok,,flexible
"PEPTIDE1{Mono6.dP.dP.P.dP.Y.D}$PEPTIDE1,PEPTIDE1,1:R1-7:R2$$$",-7.64600000,ok,,flexible
"PEPTIDE1{Me_dA.P.dP.P.Y.dP.dP}$PEPTIDE1,PEPTIDE1,1:R1-7:R2$$$",-7.76000000,ok,,flexible
"PEPTIDE1{Me_dA.F.A.dP.dP.P.dP}$PEPTIDE1,PEPTIDE1,1:R1-7:R2$$$",-7.58500000,ok,,flexible
"PEPTIDE1{Me_dA.meY.dP.dP.dP.P.P}$PEPTIDE1,PEPTIDE1,1:R1-7:R2$$$",-7.62000000,ok,,flexible
"PEPTIDE1{P.dP.dP.D.P.P.dP}$PEPTIDE1,PEPTIDE1,1:R1-7:R2$$$",-7.18200000,ok,,flexible
"PEPTIDE1{A.Mono84.T.dP.dP.P.dP}$PEPTIDE1,PEPTIDE1,1:R1-7:R2$$$",-7.51300000,ok,,flexible
"PEPTIDE1{Mono6.dP.Mono84.Y.P.P.P}$PEPTIDE1,PEPTIDE1,1:R1-7:R2$$$",-7.48100000,ok,,flexible
"PEPTIDE1{F.Y.P.dP.Mono84.dP.P}$PEPTIDE1,PEPTIDE1,1:R1-7:R2$$$",-7.32900000,ok,,flexible
"PEPTIDE1{A.P.dP.dP.dP.Phe(4-CF3).P}$PEPTIDE1,PEPTIDE1,1:R1-7:R2$$$",-7.68100000,ok,,flexible
"PEPTIDE1{dA.dP.P.Y.P.dP.dP}$PEPTIDE1,PEPTIDE1,1:R1-7:R2$$$",-7.40200000,ok,,flexible
"PEPTIDE1{Me_dA.Me_dL.P.dP.dP.P.P}$PEPTIDE1,PEPTIDE1,1:R1-7:R2$$$",-6.81500000,ok,,flexible
"PEPTIDE1{F.G.Mono6.dP.P.dP.P}$PEPTIDE1,PEPTIDE1,1:R1-7:R2$$$",-7.32300000,ok,,flexible
"PEPTIDE1{Me_dA.F.G.Mono2.Mono84.dP.P}$PEPTIDE1,PEPTIDE1,1:R1-7:R2$$$",-7.71600000,ok,,flexible
"PEPTIDE1{Me_dA.Y.G.dP.P.P.dP}$PEPTIDE1,PEPTIDE1,1:R1-7:R2$$$",-7.95400000,ok,,flexible
"PEPTIDE1{F.P.dP.P.P.Phe(4-CF3).dP}$PEPTIDE1,PEPTIDE1,1:R1-7:R2$$$",-7.95100000,ok,,flexible
"PEPTIDE1{Me_dA.G.dP.Mono84.T.P.G}$PEPTIDE1,PEPTIDE1,1:R1-7:R2$$$",-7.52600000,ok,,flexible
"PEPTIDE1{P.G.Mono84.Phe(4-CF3).P.dP.D}$PEPTIDE1,PEPTIDE1,1:R1-7:R2$$$",-8.48300000,ok,,flexible
"PEPTIDE1{Me_dA.dP.Y.F.Phe(4-CF3).dP.T}$PEPTIDE1,PEPTIDE1,1:R1-7:R2$$$",-6.35100000,ok,,flexible
"PEPTIDE1{Me_dA.F.P.P.dP.Phe(4-CF3).dP}$PEPTIDE1,PEPTIDE1,1:R1-7:R2$$$",-7.52000000,ok,,flexible
"PEPTIDE1{F.dP.P.P.P.P.Phe(4-CF3)}$PEPTIDE1,PEPTIDE1,1:R1-7:R2$$$",-7.68900000,ok,,flexible
"PEPTIDE1{Me_dA.A.dP.dP.P.dP.dP}$PEPTIDE1,PEPTIDE1,1:R1-7:R2$$$",-7.95700000,ok,,flexible
"PEPTIDE1{dF.A.Mono84.P.dP.P.dP}$PEPTIDE1,PEPTIDE1,1:R1-7:R2$$$",-7.19800000,ok,,flexible
"PEPTIDE1{F.dP.P.Mono84.Phe(4-CF3).P.P}$PEPTIDE1,PEPTIDE1,1:R1-7:R2$$$",-8.95900000,ok,,flexible
"PEPTIDE1{F.T.dP.P.P.dP.P}$PEPTIDE1,PEPTIDE1,1:R1-7:R2$$$",-7.24800000,ok,,flexible
"PEPTIDE1{A.dP.dP.dP.P.dP.T}$PEPTIDE1,PEPTIDE1,1:R1-7:R2$$$",-6.80700000,ok,,flexible
"PEPTIDE1{F.P.dP.P.Mono84.dP.dP}$PEPTIDE1,PEPTIDE1,1:R1-7:R2$$$",-8.51900000,ok,,flexible
"PEPTIDE1{F.dP.Mono84.P.T.P.D}$PEPTIDE1,PEPTIDE1,1:R1-7:R2$$$",-6.80700000,ok,,flexible
"PEPTIDE1{meA.Mono84.P.dP.dP.P.dP}$PEPTIDE1,PEPTIDE1,1:R1-7:R2$$$",-7.85600000,ok,,flexible
"PEPTIDE1{Me_dA.A.Mono84.P.P.dP.dP}$PEPTIDE1,PEPTIDE1,1:R1-7:R2$$$",-7.83600000,ok,,flexible
"PEPTIDE1{A.T.P.dP.dP.P.P}$PEPTIDE1,PEPTIDE1,1:R1-7:R2$$$",-7.15600000,ok,,flexible
"PEPTIDE1{Me_dA.P.G.Y.dP.dP.P}$PEPTIDE1,PEPTIDE1,1:R1-7:R2$$$",-6.89200000,ok,,flexible
"PEPTIDE1{Me_Bal.P.Y.P.P.dP.P}$PEPTIDE1,PEPTIDE1,1:R1-7:R2$$$",-7.80800000,ok,,flexible
"PEPTIDE1{dP.Y.dP.P.P.D.P}$PEPTIDE1,PEPTIDE1,1:R1-7:R2$$$",-7.18100000,ok,,flexible
"PEPTIDE1{Mono6.T.dP.dP.P.dP.P}$PEPTIDE1,PEPTIDE1,1:R1-7:R2$$$",-7.30100000,ok,,flexible
"PEPTIDE1{F.P.T.Mono84.Mono84.P.dP}$PEPTIDE1,PEPTIDE1,1:R1-7:R2$$$",-7.29800000,ok,,flexible
"PEPTIDE1{Me_dA.T.Y.dP.P.P.dP}$PEPTIDE1,PEPTIDE1,1:R1-7:R2$$$",-6.69900000,ok,,flexible
"PEPTIDE1{L.dP.P.P.P.P.D}$PEPTIDE1,PEPTIDE1,1:R1-7:R2$$$",-6.89700000,ok,,flexible
"PEPTIDE1{dF.A.Mono84.P.P.dP.P}$PEPTIDE1,PEPTIDE1,1:R1-7:R2$$$",-7.50800000,ok,,flexible
"PEPTIDE1{A.dP.meY.P.dP.P.dP}$PEPTIDE1,PEPTIDE1,1:R1-7:R2$$$",-7.58500000,ok,,flexible
"PEPTIDE1{Me_dA.dP.G.A.P.dP.P}$PEPTIDE1,PEPTIDE1,1:R1-7:R2$$$",-7.69700000,ok,,flexible
"PEPTIDE1{dA.F.Y.dP.dP.P.P}$PEPTIDE1,PEPTIDE1,1:R1-7:R2$$$",-6.93400000,ok,,flexible
"PEPTIDE1{Me_dA.T.Mono6.P.meY.dP.P}$PEPTIDE1,PEPTIDE1,1:R1-7:R2$$$",-6.83700000,ok,,flexible
"PEPTIDE1{Me_dA.dP.dP.D.T.P.P}$PEPTIDE1,PEPTIDE1,1:R1-7:R2$$$",-7.13700000,ok,,flexible
"PEPTIDE1{P.Phe(4-CF3).P.dP.dP.P.P}$PEPTIDE1,PEPTIDE1,1:R1-7:R2$$$",-7.83400000,ok,,flexible
"PEPTIDE1{meA.dP.dP.dP.D.T.Y}$PEPTIDE1,PEPTIDE1,1:R1-7:R2$$$",-6.89800000,ok,,flexible
"PEPTIDE1{meA.dP.P.dP.P.D.dP}$PEPTIDE1,PEPTIDE1,1:R1-7:R2$$$",-6.94000000,ok,,flexible
"PEPTIDE1{meL.P.P.P.dP.dP.dP}$PEPTIDE1,PEPTIDE1,1:R1-7:R2$$$",-7.56100000,ok,,flexible
"PEPTIDE1{F.P.P.dP.dP.dP.Phe(4-CF3)}$PEPTIDE1,PEPTIDE1,1:R1-7:R2$$$",-7.95100000,ok,,flexible
"PEPTIDE1{F.P.T.P.dP.dP.P}$PEPTIDE1,PEPTIDE1,1:R1-7:R2$$$",-7.24200000,ok,,flexible
"PEPTIDE1{dF.P.P.dP.G.Phe(4-CF3).dP}$PEPTIDE1,PEPTIDE1,1:R1-7:R2$$$",-8.46700000,ok,,flexible
"PEPTIDE1{Me_dA.D.dP.dP.P.P.dP}$PEPTIDE1,PEPTIDE1,1:R1-7:R2$$$",-7.49600000,ok,,flexible
"PEPTIDE1{F.Y.P.P.dP.P.dP}$PEPTIDE1,PEPTIDE1,1:R1-7:R2$$$",-3.40600000,ok,,flexible
"PEPTIDE1{P.F.dP.dP.P.P.P}$PEPTIDE1,PEPTIDE1,1:R1-7:R2$$$",-7.85700000,ok,,flexible
"PEPTIDE1{F.Mono84.3Pal.G.Mono84.dP.P}$PEPTIDE1,PEPTIDE1,1:R1-7:R2$$$",-7.87400000,ok,,flexible
"PEPTIDE1{dA.P.dP.P.dP.dP.dP}$PEPTIDE1,PEPTIDE1,1:R1-7:R2$$$",-8.52600000,ok,,flexible
"PEPTIDE1{dA.G.F.meL.dP.P.P}$PEPTIDE1,PEPTIDE1,1:R1-7:R2$$$",-6.65900000,ok,,flexible
"PEPTIDE1{dF.Mono84.G.P.P.P.P}$PEPTIDE1,PEPTIDE1,1:R1-7:R2$$$",-7.41300000,ok,,flexible
"PEPTIDE1{dF.Y.P.P.dP.dP.P}$PEPTIDE1,PEPTIDE1,1:R1-7:R2$$$",-7.27200000,ok,,flexible
"PEPTIDE1{dP.A.Y.dP.dP.P.D}$PEPTIDE1,PEPTIDE1,1:R1-7:R2$$$",-7.16100000,ok,,flexible
"PEPTIDE1{P.P.F.dP.Phe(4-CF3).T.dP}$PEPTIDE1,PEPTIDE1,1:R1-7:R2$$$",-7.65000000,ok,,flexible
"PEPTIDE1{Me_dA.Mono6.P.dP.dP.P.dP}$PEPTIDE1,PEPTIDE1,1:R1-7:R2$$$",-7.59200000,ok,,flexible
"PEPTIDE1{dP.Y.dP.dP.P.dP.P}$PEPTIDE1,PEPTIDE1,1:R1-7:R2$$$",-7.64100000,ok,,flexible
"PEPTIDE1{F.P.P.T.dP.P.P}$PEPTIDE1,PEPTIDE1,1:R1-7:R2$$$",-7.37600000,ok,,flexible
"PEPTIDE1{F.T.dP.P.P.P.dP}$PEPTIDE1,PEPTIDE1,1:R1-7:R2$$$",-6.76700000,ok,,flexible
"PEPTIDE1{A.F.P.dP.3Pal.T.P}$PEPTIDE1,PEPTIDE1,1:R1-7:R2$$$",-6.98500000,ok,,flexible
"PEPTIDE1{A.G.T.Mono84.P.dP.dP}$PEPTIDE1,PEPTIDE1,1:R1-7:R2$$$",-7.29600000,ok,,flexible
"PEPTIDE1{A.Me_dL.P.dP.dP.P.P}$PEPTIDE1,PEPTIDE1,1:R1-7:R2$$$",-6.95900000,ok,,flexible
"PEPTIDE1{Mono6.dP.dP.P.dP.dP.P}$PEPTIDE1,PEPTIDE1,1:R1-7:R2$$$",-7.75600000,ok,,flexible
"PEPTIDE1{dF.Mono84.dP.G.dP.P.P}$PEPTIDE1,PEPTIDE1,1:R1-7:R2$$$",-7.43300000,ok,,flexible
"PEPTIDE1{dA.F.P.dP.dP.P.dP}$PEPTIDE1,PEPTIDE1,1:R1-7:R2$$$",-8.09700000,ok,,flexible
"PEPTIDE1{Me_dA.P.dP.T.Phe(4-CF3).P.dP}$PEPTIDE1,PEPTIDE1,1:R1-7:R2$$$",-7.34200000,ok,,flexible
"PEPTIDE1{A.dP.Mono84.dP.dP.dP.Phe(4-CF3)}$PEPTIDE1,PEPTIDE1,1:R1-7:R2$$$",-7.81600000,ok,,flexible
"PEPTIDE1{Me_Bal.Mono84.P.dP.P.dP.P}$PEPTIDE1,PEPTIDE1,1:R1-7:R2$$$",-7.66100000,ok,,flexible
"PEPTIDE1{L.dP.dP.dP.P.P.D}$PEPTIDE1,PEPTIDE1,1:R1-7:R2$$$",-6.78900000,ok,,flexible
"PEPTIDE1{dA.dF.Phe(4-CF3).P.dP.dP.dP}$PEPTIDE1,PEPTIDE1,1:R1-7:R2$$$",-7.78500000,ok,,flexible
"PEPTIDE1{dP.G.Phe(4-CF3).D.P.dP.dP}$PEPTIDE1,PEPTIDE1,1:R1-7:R2$$$",-7.77100000,ok,,flexible
"PEPTIDE1{dF.dP.P.P.dP.D.T}$PEPTIDE1,PEPTIDE1,1:R1-7:R2$$$",-7.51800000,ok,,flexible
"PEPTIDE1{dF.G.Mono84.P.dP.P.dP}$PEPTIDE1,PEPTIDE1,1:R1-7:R2$$$",-7.56700000,ok,,flexible
"PEPTIDE1{Me_dA.F.Mono84.Y.P.dP.P}$PEPTIDE1,PEPTIDE1,1:R1-7:R2$$$",-7.03000000,ok,,flexible
"PEPTIDE1{Me_dA.T.P.dP.dP.dP.dP}$PEPTIDE1,PEPTIDE1,1:R1-7:R2$$$",-7.62000000,ok,,flexible
"PEPTIDE1{dP.dP.D.P.T.dP.P}$PEPTIDE1,PEPTIDE1,1:R1-7:R2$$$",-7.13900000,ok,,flexible
"PEPTIDE1{dA.P.dP.dP.D.P.T}$PEPTIDE1,PEPTIDE1,1:R1-7:R2$$$",-7.49800000,ok,,flexible
"PEPTIDE1{F.A.G.Phe(4-CF3).dP.P.P}$PEPTIDE1,PEPTIDE1,1:R1-7:R2$$$",-7.05400000,ok,,flexible
"PEPTIDE1{Me_dA.dP.P.Y.P.P.dP}$PEPTIDE1,PEPTIDE1,1:R1-7:R2$$$",-7.27600000,ok,,flexible
"PEPTIDE1{Me_dA.G.dP.meY.Y.dP.dP}$PEPTIDE1,PEPTIDE1,1:R1-7:R2$$$",-7.87300000,ok,,flexible
"PEPTIDE1{dA.dP.P.dP.T.dP.D}$PEPTIDE1,PEPTIDE1,1:R1-7:R2$$$",-6.97100000,ok,,flexible
"PEPTIDE1{Me_dA.dP.dP.dP.Phe(4-CF3).T.P}$PEPTIDE1,PEPTIDE1,1:R1-7:R2$$$",-7.55500000,ok,,flexible
"PEPTIDE1{F.Mono84.P.P.P.P.P}$PEPTIDE1,PEPTIDE1,1:R1-7:R2$$$",-7.58500000,ok,,flexible
"PEPTIDE1{dF.dP.dP.T.P.D.dP}$PEPTIDE1,PEPTIDE1,1:R1-7:R2$$$",-6.70400000,ok,,flexible
"PEPTIDE1{P.A.T.dP.P.Mono84.dP}$PEPTIDE1,PEPTIDE1,1:R1-7:R2$$$",-7.16300000,ok,,flexible
"PEPTIDE1{F.Phe(4-CF3).dP.P.P.P.P}$PEPTIDE1,PEPTIDE1,1:R1-7:R2$$$",-7.35500000,ok,,flexible
"PEPTIDE1{dV.dP.dP.dP.D.P.T}$PEPTIDE1,PEPTIDE1,1:R1-7:R2$$$",-6.39500000,ok,,flexible
"PEPTIDE1{P.dP.Phe(4-CF3).dP.P.P.dP}$PEPTIDE1,PEPTIDE1,1:R1-7:R2$$$",-7.83000000,ok,,flexible
"PEPTIDE1{meA.P.P.dP.dP.P.D}$PEPTIDE1,PEPTIDE1,1:R1-7:R2$$$",-7.20200000,ok,,flexible
"PEPTIDE1{Mono6.P.Mono84.Y.dP.dP.dP}$PEPTIDE1,PEPTIDE1,1:R1-7:R2$$$",-7.65300000,ok,,flexible
"PEPTIDE1{P.G.F.Y.T.dP.T}$PEPTIDE1,PEPTIDE1,1:R1-7:R2$$$",-6.88600000,ok,,flexible
"PEPTIDE1{Me_dA.F.dP.dP.P.Y.Mono84}$PEPTIDE1,PEPTIDE1,1:R1-7:R2$$$",-7.50600000,ok,,flexible
"PEPTIDE1{Mono6.dP.dP.dP.dP.T.P}$PEPTIDE1,PEPTIDE1,1:R1-7:R2$$$",-7.73300000,ok,,flexible
"PEPTIDE1{F.P.P.P.P.Phe(4-CF3).dP}$PEPTIDE1,PEPTIDE1,1:R1-7:R2$$$",-8.57400000,ok,,flexible
"PEPTIDE1{Me_dA.P.P.P.T.P.D}$PEPTIDE1,PEPTIDE1,1:R1-7:R2$$$",-6.48300000,ok,,flexible
"PEPTIDE1{Me_dA.D.dP.P.P.dP.P}$PEPTIDE1,PEPTIDE1,1:R1-7:R2$$$",-6.96400000,ok,,flexible
"PEPTIDE1{Me_dA.dP.dP.T.P.dP.D}$PEPTIDE1,PEPTIDE1,1:R1-7:R2$$$",-7.13500000,ok,,flexible
"PEPTIDE1{meA.P.P.dP.dP.dP.P}$PEPTIDE1,PEPTIDE1,1:R1-7:R2$$$",-8.01400000,ok,,flexible
"PEPTIDE1{P.meY.P.dP.P.dP.dP}$PEPTIDE1,PEPTIDE1,1:R1-7:R2$$$",-7.62600000,ok,,flexible
"PEPTIDE1{P.Mono84.P.dP.dP.P.P}$PEPTIDE1,PEPTIDE1,1:R1-7:R2$$$",-7.40500000,ok,,flexible
"PEPTIDE1{P.dP.dP.dP.T.P.D}$PEPTIDE1,PEPTIDE1,1:R1-7:R2$$$",-6.93200000,ok,,flexible
"PEPTIDE1{Me_dA.G.P.P.P.P.P}$PEPTIDE1,PEPTIDE1,1:R1-7:R2$$$",-7.40700000,ok,,flexible
"PEPTIDE1{A.meY.P.D.dP.P.P}$PEPTIDE1,PEPTIDE1,1:R1-7:R2$$$",-7.58000000,ok,,flexible
"PEPTIDE1{dF.A.P.dP.P.P.Phe(4-CF3)}$PEPTIDE1,PEPTIDE1,1:R1-7:R2$$$",-7.52100000,ok,,flexible
"PEPTIDE1{F.D.P.P.P.dP.dP}$PEPTIDE1,PEPTIDE1,1:R1-7:R2$$$",-6.82200000,ok,,flexible
"PEPTIDE1{dF.dP.P.Mono84.T.P.P}$PEPTIDE1,PEPTIDE1,1:R1-7:R2$$$",-8.05300000,ok,,flexible
"PEPTIDE1{A.dP.P.P.dP.P.Y}$PEPTIDE1,PEPTIDE1,1:R1-7:R2$$$",-7.19200000,ok,,flexible
"PEPTIDE1{Me_dA.A.dP.P.dP.dP.D}$PEPTIDE1,PEPTIDE1,1:R1-7:R2$$$",-6.94800000,ok,,flexible
"PEPTIDE1{dF.Mono84.dP.P.P.P.P}$PEPTIDE1,PEPTIDE1,1:R1-7:R2$$$",-7.71500000,ok,,flexible
"PEPTIDE1{meA.dP.dP.dP.T.Phe(4-CF3).P}$PEPTIDE1,PEPTIDE1,1:R1-7:R2$$$",-7.26700000,ok,,flexible
"PEPTIDE1{Me_dA.A.Phe(4-CF3).dP.dP.dP.dP}$PEPTIDE1,PEPTIDE1,1:R1-7:R2$$$",-7.98700000,ok,,flexible
"PEPTIDE1{P.dP.dP.dP.D.T.dP}$PEPTIDE1,PEPTIDE1,1:R1-7:R2$$$",-6.92400000,ok,,flexible
"PEPTIDE1{Me_dA.F.P.P.F.Phe(4-CF3).P}$PEPTIDE1,PEPTIDE1,1:R1-7:R2$$$",-7.02600000,ok,,flexible
"PEPTIDE1{F.T.Mono84.P.dP.dP.dP}$PEPTIDE1,PEPTIDE1,1:R1-7:R2$$$",-7.98200000,ok,,flexible
"PEPTIDE1{P.Mono84.dP.P.dP.dP.dP}$PEPTIDE1,PEPTIDE1,1:R1-7:R2$$$",-8.66200000,ok,,flexible
"PEPTIDE1{F.Me_dAbu.dP.P.P.dP.dP}$PEPTIDE1,PEPTIDE1,1:R1-7:R2$$$",5.38700000,ok,,flexible
"PEPTIDE1{dF.P.Mono84.dP.dP.dP.P}$PEPTIDE1,PEPTIDE1,1:R1-7:R2$$$",-7.76900000,ok,,flexible
"PEPTIDE1{P.dP.P.P.dP.D.dP}$PEPTIDE1,PEPTIDE1,1:R1-7:R2$$$",-7.97400000,ok,,flexible
"PEPTIDE1{P.P.dP.P.P.T.dP}$PEPTIDE1,PEPTIDE1,1:R1-7:R2$$$",-7.78500000,ok,,flexible
"PEPTIDE1{A.Mono84.T.dP.P.P.P}$PEPTIDE1,PEPTIDE1,1:R1-7:R2$$$",-7.16600000,ok,,flexible
"PEPTIDE1{F.F.Phe(4-CF3).P.P.P.dP}$PEPTIDE1,PEPTIDE1,1:R1-7:R2$$$",-7.49900000,ok,,flexible
"PEPTIDE1{P.G.Phe(4-CF3).dP.dP.P.P}$PEPTIDE1,PEPTIDE1,1:R1-7:R2$$$",-9.00800000,ok,,flexible
"PEPTIDE1{meL.dP.P.P.dP.P.D}$PEPTIDE1,PEPTIDE1,1:R1-7:R2$$$",-7.06600000,ok,,flexible
"PEPTIDE1{dF.G.P.P.Mono84.dP.dP}$PEPTIDE1,PEPTIDE1,1:R1-7:R2$$$",-8.11900000,ok,,flexible
"PEPTIDE1{dA.P.dP.dP.P.T.P}$PEPTIDE1,PEPTIDE1,1:R1-7:R2$$$",-7.40200000,ok,,flexible
"PEPTIDE1{A.P.Y.Mono84.dP.P.dP}$PEPTIDE1,PEPTIDE1,1:R1-7:R2$$$",-7.26200000,ok,,flexible
"PEPTIDE1{dP.Y.dP.dP.P.P.Phe(4-CF3)}$PEPTIDE1,PEPTIDE1,1:R1-7:R2$$$",-7.99400000,ok,,flexible
"PEPTIDE1{F.3Pal.G.dP.dP.dP.P}$PEPTIDE1,PEPTIDE1,1:R1-7:R2$$$",-7.97900000,ok,,flexible
"PEPTIDE1{P.Mono84.dP.dP.dP.P.P}$PEPTIDE1,PEPTIDE1,1:R1-7:R2$$$",-8.53300000,ok,,flexible
"PEPTIDE1{P.Phe(4-CF3).dP.dP.dP.P.T}$PEPTIDE1,PEPTIDE1,1:R1-7:R2$$$",-8.30300000,ok,,flexible
"PEPTIDE1{F.dP.Y.P.P.dP.dP}$PEPTIDE1,PEPTIDE1,1:R1-7:R2$$$",-8.03700000,ok,,flexible
"PEPTIDE1{Me_dA.F.Mono84.P.P.dP.P}$PEPTIDE1,PEPTIDE1,1:R1-7:R2$$$",-7.29100000,ok,,flexible
"PEPTIDE1{Me_dA.P.Y.dP.P.dP.P}$PEPTIDE1,PEPTIDE1,1:R1-7:R2$$$",-7.62200000,ok,,flexible
"PEPTIDE1{Me_dA.A.P.P.dP.dP.P}$PEPTIDE1,PEPTIDE1,1:R1-7:R2$$$",-7.92400000,ok,,flexible
"PEPTIDE1{dP.meY.Mono84.P.dP.P.P}$PEPTIDE1,PEPTIDE1,1:R1-7:R2$$$",-8.06000000,ok,,flexible
"PEPTIDE1{dV.P.dP.dP.D.dP.P}$PEPTIDE1,PEPTIDE1,1:R1-7:R2$$$",-6.89700000,ok,,flexible
"PEPTIDE1{dV.dP.dP.dP.T.P.D}$PEPTIDE1,PEPTIDE1,1:R1-7:R2$$$",-6.96700000,ok,,flexible
"PEPTIDE1{Me_dA.T.Mono84.P.P.P.dP}$PEPTIDE1,PEPTIDE1,1:R1-7:R2$$$",-7.29700000,ok,,flexible
"PEPTIDE1{dP.Y.dP.P.dP.T.P}$PEPTIDE1,PEPTIDE1,1:R1-7:R2$$$",-7.22300000,ok,,flexible
"PEPTIDE1{P.G.F.G.Y.T.dP}$PEPTIDE1,PEPTIDE1,1:R1-7:R2$$$",-7.26200000,ok,,flexible
"PEPTIDE1{Mono6.Mono84.dP.P.P.P.dP}$PEPTIDE1,PEPTIDE1,1:R1-7:R2$$$",-7.65100000,ok,,flexible
"PEPTIDE1{dF.dP.P.Mono84.dP.G.P}$PEPTIDE1,PEPTIDE1,1:R1-7:R2$$$",-7.81700000,ok,,flexible
"PEPTIDE1{dF.G.P.P.P.dP.dP}$PEPTIDE1,PEPTIDE1,1:R1-7:R2$$$",-8.00400000,ok,,flexible
"PEPTIDE1{F.dP.Mono84.dP.dP.dP.P}$PEPTIDE1,PEPTIDE1,1:R1-7:R2$$$",-8.28100000,ok,,flexible
"PEPTIDE1{F.G.dP.A.Mono84.Phe(4-CF3).Mono84}$PEPTIDE1,PEPTIDE1,1:R1-7:R2$$$",-7.92900000,ok,,flexible
"PEPTIDE1{P.dP.Y.dP.dP.dP.P}$PEPTIDE1,PEPTIDE1,1:R1-7:R2$$$",-7.28300000,ok,,flexible
"PEPTIDE1{dV.dP.P.P.dP.T.P}$PEPTIDE1,PEPTIDE1,1:R1-7:R2$$$",-7.50900000,ok,,flexible
"PEPTIDE1{dA.Me_dL.P.dP.dP.dP.P}$PEPTIDE1,PEPTIDE1,1:R1-7:R2$$$",-7.39700000,ok,,flexible
"PEPTIDE1{Me_dA.D.P.P.P.P.T}$PEPTIDE1,PEPTIDE1,1:R1-7:R2$$$",-7.48700000,ok,,flexible
"PEPTIDE1{dA.dP.P.dP.dP.dP.T}$PEPTIDE1,PEPTIDE1,1:R1-7:R2$$$",-8.14900000,ok,,flexible
"PEPTIDE1{dP.Y.P.dP.dP.D.P}$PEPTIDE1,PEPTIDE1,1:R1-7:R2$$$",-7.22200000,ok,,flexible
"PEPTIDE1{A.dP.F.dP.Y.P.P}$PEPTIDE1,PEPTIDE1,1:R1-7:R2$$$",-7.37000000,ok,,flexible
"PEPTIDE1{Me_dA.F.3Pal.Mono84.Mono84.dP.P}$PEPTIDE1,PEPTIDE1,1:R1-7:R2$$$",-7.56700000,ok,,flexible
"PEPTIDE1{P.P.P.D.P.dP.T}$PEPTIDE1,PEPTIDE1,1:R1-7:R2$$$",-7.06800000,ok,,flexible
"PEPTIDE1{dF.3Pal.P.dP.dP.dP.dP}$PEPTIDE1,PEPTIDE1,1:R1-7:R2$$$",-7.59100000,ok,,flexible
"PEPTIDE1{A.Phe(4-CF3).P.dP.dP.P.P}$PEPTIDE1,PEPTIDE1,1:R1-7:R2$$$",-7.53900000,ok,,flexible
"PEPTIDE1{Mono6.P.Mono84.dP.Y.T.Y}$PEPTIDE1,PEPTIDE1,1:R1-7:R2$$$",-6.92100000,ok,,flexible
"PEPTIDE1{A.dP.dP.dP.dP.D.T}$PEPTIDE1,PEPTIDE1,1:R1-7:R2$$$",-7.14400000,ok,,flexible
"PEPTIDE1{P.dP.dP.T.dP.P.P}$PEPTIDE1,PEPTIDE1,1:R1-7:R2$$$",-7.07400000,ok,,flexible
"PEPTIDE1{dP.F.Phe(4-CF3).D.P.dP.P}$PEPTIDE1,PEPTIDE1,1:R1-7:R2$$$",-7.21500000,ok,,flexible
"PEPTIDE1{dP.dP.P.P.P.D.P}$PEPTIDE1,PEPTIDE1,1:R1-7:R2$$$",-7.45600000,ok,,flexible
"PEPTIDE1{A.P.dP.Mono84.P.dP.P}$PEPTIDE1,PEPTIDE1,1:R1-7:R2$$$",-8.42900000,ok,,flexible
"PEPTIDE1{dA.dP.Phe(4-CF3).dP.P.P.dP}$PEPTIDE1,PEPTIDE1,1:R1-7:R2$$$",-8.23900000,ok,,flexible
"PEPTIDE1{Me_dA.Y.dP.G.P.dP.dP}$PEPTIDE1,PEPTIDE1,1:R1-7:R2$$$",-7.88800000,ok,,flexible
"PEPTIDE1{F.3Pal.dP.P.dP.P.P}$PEPTIDE1,PEPTIDE1,1:R1-7:R2$$$",-6.98300000,ok,,flexible
"PEPTIDE1{F.P.dP.Mono84.dP.P.dP}$PEPTIDE1,PEPTIDE1,1:R1-7:R2$$$",-7.64600000,ok,,flexible
"PEPTIDE1{dF.P.P.dP.dP.D.P}$PEPTIDE1,PEPTIDE1,1:R1-7:R2$$$",-7.43500000,ok,,flexible
"PEPTIDE1{F.meL.P.dP.dP.dP.P}$PEPTIDE1,PEPTIDE1,1:R1-7:R2$$$",-7.08300000,ok,,flexible
"PEPTIDE1{dP.dP.dP.P.T.D.Phe(4-CF3)}$PEPTIDE1,PEPTIDE1,1:R1-7:R2$$$",-7.58500000,ok,,flexible
"PEPTIDE1{P.F.Me_dA.P.P.P.dP}$PEPTIDE1,PEPTIDE1,1:R1-7:R2$$$",-8.01500000,ok,,flexible
"PEPTIDE1{Me_dA.G.P.P.dP.P.dP}$PEPTIDE1,PEPTIDE1,1:R1-7:R2$$$",-7.99400000,ok,,flexible
"PEPTIDE1{dF.P.dP.dP.P.T.dP}$PEPTIDE1,PEPTIDE1,1:R1-7:R2$$$",-7.44400000,ok,,flexible
"PEPTIDE1{Me_dA.dP.P.F.T.G.Mono84}$PEPTIDE1,PEPTIDE1,1:R1-7:R2$$$",-6.78400000,ok,,flexible
"PEPTIDE1{A.dP.dP.dP.Y.P.P}$PEPTIDE1,PEPTIDE1,1:R1-7:R2$$$",-8.31000000,ok,,flexible
"PEPTIDE1{Me_Bal.Mono84.P.P.dP.dP.dP}$PEPTIDE1,PEPTIDE1,1:R1-7:R2$$$",-8.76000000,ok,,flexible
"PEPTIDE1{Me_dA.cHexCH2_Gly.P.P.P.dP.dP}$PEPTIDE1,PEPTIDE1,1:R1-7:R2$$$",-7.81300000,ok,,flexible
"PEPTIDE1{dP.P.Mono84.P.P.dP.P}$PEPTIDE1,PEPTIDE1,1:R1-7:R2$$$",-8.42900000,ok,,flexible
"PEPTIDE1{Me_dA.meY.P.dP.dP.dP.D}$PEPTIDE1,PEPTIDE1,1:R1-7:R2$$$",-6.84800000,ok,,flexible
"PEPTIDE1{F.dP.T.P.P.dP.P}$PEPTIDE1,PEPTIDE1,1:R1-7:R2$$$",-7.58400000,ok,,flexible
"PEPTIDE1{dA.F.P.P.dP.dP.dP}$PEPTIDE1,PEPTIDE1,1:R1-7:R2$$$",-7.65200000,ok,,flexible
"PEPTIDE1{P.G.F.Mono84.Y.dP.dP}$PEPTIDE1,PEPTIDE1,1:R1-7:R2$$$",-7.68000000,ok,,flexible
"PEPTIDE1{dP.T.P.dP.P.P.P}$PEPTIDE1,PEPTIDE1,1:R1-7:R2$$$",-8.17500000,ok,,flexible
"PEPTIDE1{A.F.P.G.dP.P.dP}$PEPTIDE1,PEPTIDE1,1:R1-7:R2$$$",-7.53300000,ok,,flexible
"PEPTIDE1{Me_dA.T.P.dP.P.P.dP}$PEPTIDE1,PEPTIDE1,1:R1-7:R2$$$",-7.03400000,ok,,flexible
"PEPTIDE1{Mono6.dP.P.P.dP.dP.dP}$PEPTIDE1,PEPTIDE1,1:R1-7:R2$$$",-7.48000000,ok,,flexible
"PEPTIDE1{dF.dP.P.dP.T.D.dP}$PEPTIDE1,PEPTIDE1,1:R1-7:R2$$$",-6.61300000,ok,,flexible
"PEPTIDE1{Me_dA.G.P.Y.dP.P.dP}$PEPTIDE1,PEPTIDE1,1:R1-7:R2$$$",-7.29600000,ok,,flexible
"PEPTIDE1{meA.Mono84.P.P.P.dP.P}$PEPTIDE1,PEPTIDE1,1:R1-7:R2$$$",-8.00500000,ok,,flexible
"PEPTIDE1{P.F.Mono84.dP.dP.dP.P}$PEPTIDE1,PEPTIDE1,1:R1-7:R2$$$",-7.32400000,ok,,flexible
"PEPTIDE1{dF.T.P.P.P.P.P}$PEPTIDE1,PEPTIDE1,1:R1-7:R2$$$",-7.15200000,ok,,flexible
"PEPTIDE1{Me_dA.dP.P.P.P.T.Phe(4-CF3)}$PEPTIDE1,PEPTIDE1,1:R1-7:R2$$$",-7.48700000,ok,,flexible
"PEPTIDE1{P.P.F.G.Y.P.Phe(4-CF3)}$PEPTIDE1,PEPTIDE1,1:R1-7:R2$$$",-7.09100000,ok,,flexible
"PEPTIDE1{Me_dA.Mono84.G.dP.P.dP.P}$PEPTIDE1,PEPTIDE1,1:R1-7:R2$$$",-7.20800000,ok,,flexible
"PEPTIDE1{F.dP.Mono84.D.P.P.dP}$PEPTIDE1,PEPTIDE1,1:R1-7:R2$$$",-7.05900000,ok,,flexible
"PEPTIDE1{Me_dA.P.dP.dP.dP.T.P}$PEPTIDE1,PEPTIDE1,1:R1-7:R2$$$",-6.99500000,ok,,flexible
"PEPTIDE1{A.dP.Y.dP.P.dP.dP}$PEPTIDE1,PEPTIDE1,1:R1-7:R2$$$",-7.27300000,ok,,flexible
"PEPTIDE1{A.P.Y.P.P.P.dP}$PEPTIDE1,PEPTIDE1,1:R1-7:R2$$$",-7.74000000,ok,,flexible
"PEPTIDE1{Mono6.G.T.Mono84.3Pal.Mono84.P}$PEPTIDE1,PEPTIDE1,1:R1-7:R2$$$",-7.96000000,ok,,flexible
"PEPTIDE1{Me_dA.G.Mono84.P.dP.P.T}$PEPTIDE1,PEPTIDE1,1:R1-7:R2$$$",-7.13800000,ok,,flexible
"PEPTIDE1{P.A.Phe(4-CF3).P.P.P.dP}$PEPTIDE1,PEPTIDE1,1:R1-7:R2$$$",-7.37300000,ok,,flexible
"PEPTIDE1{Mono6.Mono84.dP.P.dP.dP.P}$PEPTIDE1,PEPTIDE1,1:R1-7:R2$$$",-7.61000000,ok,,flexible
"PEPTIDE1{P.F.D.P.P.P.T}$PEPTIDE1,PEPTIDE1,1:R1-7:R2$$$",-6.29700000,ok,,flexible
"PEPTIDE1{Mono6.Mono84.Mono84.Y.P.P.P}$PEPTIDE1,PEPTIDE1,1:R1-7:R2$$$",-7.58500000,ok,,flexible
"PEPTIDE1{Me_dA.P.P.P.D.T.P}$PEPTIDE1,PEPTIDE1,1:R1-7:R2$$$",-6.88300000,ok,,flexible
"PEPTIDE1{A.P.T.Phe(4-CF3).dP.dP.P}$PEPTIDE1,PEPTIDE1,1:R1-7:R2$$$",-7.38800000,ok,,flexible
"PEPTIDE1{Me_dA.Phe(4-CF3).dP.Y.P.dP.dP}$PEPTIDE1,PEPTIDE1,1:R1-7:R2$$$",-6.95800000,ok,,flexible
"PEPTIDE1{P.dP.T.dP.Y.P.P}$PEPTIDE1,PEPTIDE1,1:R1-7:R2$$$",-7.25700000,ok,,flexible
"PEPTIDE1{P.Y.dP.dP.P.dP.Phe(4-CF3)}$PEPTIDE1,PEPTIDE1,1:R1-7:R2$$$",-6.71800000,ok,,flexible
"PEPTIDE1{Me_dA.F.Mono84.Mono84.dP.dP.dP}$PEPTIDE1,PEPTIDE1,1:R1-7:R2$$$",-8.03600000,ok,,flexible
"PEPTIDE1{dP.meY.P.dP.dP.P.T}$PEPTIDE1,PEPTIDE1,1:R1-7:R2$$$",-8.27800000,ok,,flexible
"PEPTIDE1{P.F.P.dP.P.P.dP}$PEPTIDE1,PEPTIDE1,1:R1-7:R2$$$",-7.24900000,ok,,flexible
"PEPTIDE1{meA.P.P.P.Y.D.dP}$PEPTIDE1,PEPTIDE1,1:R1-7:R2$$$",-7.26600000,ok,,flexible
"PEPTIDE1{A.T.P.P.dP.dP.P}$PEPTIDE1,PEPTIDE1,1:R1-7:R2$$$",-7.04500000,ok,,flexible
"PEPTIDE1{A.G.Phe(4-CF3).P.P.P.dP}$PEPTIDE1,PEPTIDE1,1:R1-7:R2$$$",-7.39900000,ok,,flexible
"PEPTIDE1{P.P.P.dP.dP.P.D}$PEPTIDE1,PEPTIDE1,1:R1-7:R2$$$",-7.63800000,ok,,flexible
"PEPTIDE1{Me_dA.dP.P.dP.dP.Phe(4-CF3).T}$PEPTIDE1,PEPTIDE1,1:R1-7:R2$$$",-8.39700000,ok,,flexible
"PEPTIDE1{A.Y.dP.Mono84.dP.P.dP}$PEPTIDE1,PEPTIDE1,1:R1-7:R2$$$",-8.11600000,ok,,flexible
"PEPTIDE1{A.P.Y.P.P.dP.P}$PEPTIDE1,PEPTIDE1,1:R1-7:R2$$$",-7.44700000,ok,,flexible
"PEPTIDE1{F.Mono84.3Pal.P.dP.P.dP}$PEPTIDE1,PEPTIDE1,1:R1-7:R2$$$",-6.84800000,ok,,flexible
"PEPTIDE1{P.F.Y.P.dP.P.P}$PEPTIDE1,PEPTIDE1,1:R1-7:R2$$$",-7.62900000,ok,,flexible
"PEPTIDE1{Me_dA.dP.dP.P.P.D.T}$PEPTIDE1,PEPTIDE1,1:R1-7:R2$$$",-6.55500000,ok,,flexible
"PEPTIDE1{dP.F.Phe(4-CF3).P.dP.P.dP}$PEPTIDE1,PEPTIDE1,1:R1-7:R2$$$",-7.64500000,ok,,flexible
"PEPTIDE1{dF.dP.dP.P.D.P.T}$PEPTIDE1,PEPTIDE1,1:R1-7:R2$$$",-6.79100000,ok,,flexible
"PEPTIDE1{A.dP.P.dP.P.D.T}$PEPTIDE1,PEPTIDE1,1:R1-7:R2$$$",-7.81600000,ok,,flexible
"PEPTIDE1{A.dP.dP.T.P.P.dP}$PEPTIDE1,PEPTIDE1,1:R1-7:R2$$$",-7.71600000,ok,,flexible
"PEPTIDE1{Me_Bal.Y.dP.dP.P.dP.P}$PEPTIDE1,PEPTIDE1,1:R1-7:R2$$$",-7.53600000,ok,,flexible
"PEPTIDE1{Me_dA.meY.P.dP.dP.P.dP}$PEPTIDE1,PEPTIDE1,1:R1-7:R2$$$",-7.67800000,ok,,flexible
"PEPTIDE1{A.Y.P.P.dP.dP.P}$PEPTIDE1,PEPTIDE1,1:R1-7:R2$$$",-7.74700000,ok,,flexible
"PEPTIDE1{dA.G.P.P.P.P.dP}$PEPTIDE1,PEPTIDE1,1:R1-7:R2$$$",-7.50800000,ok,,flexible
"PEPTIDE1{dF.Mono84.dP.P.dP.dP.P}$PEPTIDE1,PEPTIDE1,1:R1-7:R2$$$",-7.71600000,ok,,flexible
"PEPTIDE1{F.P.G.Mono84.T.dP.P}$PEPTIDE1,PEPTIDE1,1:R1-7:R2$$$",-8.29900000,ok,,flexible
"PEPTIDE1{P.A.G.P.dP.dP.dP}$PEPTIDE1,PEPTIDE1,1:R1-7:R2$$$",-8.13900000,ok,,flexible
"PEPTIDE1{A.Phe(4-CF3).P.dP.dP.dP.T}$PEPTIDE1,PEPTIDE1,1:R1-7:R2$$$",-7.63100000,ok,,flexible
"PEPTIDE1{A.dP.dP.T.dP.P.Phe(4-CF3)}$PEPTIDE1,PEPTIDE1,1:R1-7:R2$$$",-7.63800000,ok,,flexible
"PEPTIDE1{F.P.dP.Phe(4-CF3).P.P.dP}$PEPTIDE1,PEPTIDE1,1:R1-7:R2$$$",-7.52800000,ok,,flexible
"PEPTIDE1{P.T.dP.dP.P.dP.P}$PEPTIDE1,PEPTIDE1,1:R1-7:R2$$$",-8.16000000,ok,,flexible
"PEPTIDE1{Mono6.dP.dP.P.dP.D.T}$PEPTIDE1,PEPTIDE1,1:R1-7:R2$$$",-7.52600000,ok,,flexible
"PEPTIDE1{Me_dA.Y.dP.dP.dP.P.D}$PEPTIDE1,PEPTIDE1,1:R1-7:R2$$$",-7.29300000,ok,,flexible
"PEPTIDE1{P.Me_dA.dP.dP.dP.P.T}$PEPTIDE1,PEPTIDE1,1:R1-7:R2$$$",-7.44900000,ok,,flexible
"PEPTIDE1{P.Mono84.dP.P.P.P.dP}$PEPTIDE1,PEPTIDE1,1:R1-7:R2$$$",-7.43600000,ok,,flexible
"PEPTIDE1{F.Y.P.Mono84.dP.P.P}$PEPTIDE1,PEPTIDE1,1:R1-7:R2$$$",-7.21000000,ok,,flexible
"PEPTIDE1{P.G.G.meL.dP.dP.P}$PEPTIDE1,PEPTIDE1,1:R1-7:R2$$$",-6.85800000,ok,,flexible
"PEPTIDE1{Mono6.Mono84.P.dP.dP.dP.T}$PEPTIDE1,PEPTIDE1,1:R1-7:R2$$$",-8.00400000,ok,,flexible
"PEPTIDE1{P.Y.P.dP.P.Phe(4-CF3).P}$PEPTIDE1,PEPTIDE1,1:R1-7:R2$$$",-7.21800000,ok,,flexible
"PEPTIDE1{Me_dA.P.dP.dP.dP.T.D}$PEPTIDE1,PEPTIDE1,1:R1-7:R2$$$",-6.76500000,ok,,flexible
"PEPTIDE1{Me_dA.P.G.P.Phe(4-CF3).P.P}$PEPTIDE1,PEPTIDE1,1:R1-7:R2$$$",-7.94800000,ok,,flexible
